[0.310s] DEBUG:colcon:Command line arguments: ['/usr/bin/colcon', 'build']
[0.311s] DEBUG:colcon:Parsed command line arguments: Namespace(log_base=None, log_level=None, verb_name='build', build_base='build', install_base='install', merge_install=False, symlink_install=False, test_result_base=None, continue_on_error=False, executor='parallel', parallel_workers=2, event_handlers=None, ignore_user_meta=False, metas=['./colcon.meta'], base_paths=['.'], packages_ignore=None, packages_ignore_regex=None, paths=None, packages_up_to=None, packages_up_to_regex=None, packages_above=None, packages_above_and_dependencies=None, packages_above_depth=None, packages_select_by_dep=None, packages_skip_by_dep=None, packages_skip_up_to=None, packages_select_build_failed=False, packages_skip_build_finished=False, packages_select_test_failures=False, packages_skip_test_passed=False, packages_select=None, packages_skip=None, packages_select_regex=None, packages_skip_regex=None, packages_start=None, packages_end=None, allow_overriding=[], cmake_args=None, cmake_target=None, cmake_target_skip_unavailable=False, cmake_clean_cache=False, cmake_clean_first=False, cmake_force_configure=False, ament_cmake_args=None, catkin_cmake_args=None, catkin_skip_building_tests=False, verb_parser=<colcon_defaults.argument_parser.defaults.DefaultArgumentsDecorator object at 0x77d71c442680>, verb_extension=<colcon_core.verb.build.BuildVerb object at 0x77d71c441570>, main=<bound method BuildVerb.main of <colcon_core.verb.build.BuildVerb object at 0x77d71c441570>>)
[0.788s] Level 1:colcon.colcon_core.package_discovery:discover_packages(colcon_meta) check parameters
[0.789s] Level 1:colcon.colcon_core.package_discovery:discover_packages(recursive) check parameters
[0.789s] Level 1:colcon.colcon_core.package_discovery:discover_packages(ignore) check parameters
[0.789s] Level 1:colcon.colcon_core.package_discovery:discover_packages(path) check parameters
[0.789s] Level 1:colcon.colcon_core.package_discovery:discover_packages(colcon_meta) discover
[0.789s] Level 1:colcon.colcon_core.package_discovery:discover_packages(recursive) discover
[0.789s] INFO:colcon.colcon_core.package_discovery:Crawling recursively for packages in '/home/adela/TFM_AdelaJimenez'
[0.789s] Level 1:colcon.colcon_core.package_identification:_identify(.) by extensions ['ignore', 'ignore_ament_install']
[0.789s] Level 1:colcon.colcon_core.package_identification:_identify(.) by extension 'ignore'
[0.789s] Level 1:colcon.colcon_core.package_identification:_identify(.) by extension 'ignore_ament_install'
[0.789s] Level 1:colcon.colcon_core.package_identification:_identify(.) by extensions ['colcon_pkg']
[0.790s] Level 1:colcon.colcon_core.package_identification:_identify(.) by extension 'colcon_pkg'
[0.790s] Level 1:colcon.colcon_core.package_identification:_identify(.) by extensions ['colcon_meta']
[0.790s] Level 1:colcon.colcon_core.package_identification:_identify(.) by extension 'colcon_meta'
[0.790s] Level 1:colcon.colcon_core.package_identification:_identify(.) by extensions ['ros']
[0.790s] Level 1:colcon.colcon_core.package_identification:_identify(.) by extension 'ros'
[0.831s] Level 1:colcon.colcon_core.package_identification:_identify(.) by extensions ['cmake', 'python']
[0.832s] Level 1:colcon.colcon_core.package_identification:_identify(.) by extension 'cmake'
[0.832s] Level 1:colcon.colcon_core.package_identification:_identify(.) by extension 'python'
[0.832s] Level 1:colcon.colcon_core.package_identification:_identify(.) by extensions ['python_setup_py']
[0.832s] Level 1:colcon.colcon_core.package_identification:_identify(.) by extension 'python_setup_py'
[0.832s] Level 1:colcon.colcon_core.package_identification:_identify(Memoria_TFM) by extensions ['ignore', 'ignore_ament_install']
[0.832s] Level 1:colcon.colcon_core.package_identification:_identify(Memoria_TFM) by extension 'ignore'
[0.832s] Level 1:colcon.colcon_core.package_identification:_identify(Memoria_TFM) by extension 'ignore_ament_install'
[0.832s] Level 1:colcon.colcon_core.package_identification:_identify(Memoria_TFM) by extensions ['colcon_pkg']
[0.832s] Level 1:colcon.colcon_core.package_identification:_identify(Memoria_TFM) by extension 'colcon_pkg'
[0.832s] Level 1:colcon.colcon_core.package_identification:_identify(Memoria_TFM) by extensions ['colcon_meta']
[0.832s] Level 1:colcon.colcon_core.package_identification:_identify(Memoria_TFM) by extension 'colcon_meta'
[0.833s] Level 1:colcon.colcon_core.package_identification:_identify(Memoria_TFM) by extensions ['ros']
[0.833s] Level 1:colcon.colcon_core.package_identification:_identify(Memoria_TFM) by extension 'ros'
[0.833s] Level 1:colcon.colcon_core.package_identification:_identify(Memoria_TFM) by extensions ['cmake', 'python']
[0.833s] Level 1:colcon.colcon_core.package_identification:_identify(Memoria_TFM) by extension 'cmake'
[0.833s] Level 1:colcon.colcon_core.package_identification:_identify(Memoria_TFM) by extension 'python'
[0.833s] Level 1:colcon.colcon_core.package_identification:_identify(Memoria_TFM) by extensions ['python_setup_py']
[0.833s] Level 1:colcon.colcon_core.package_identification:_identify(Memoria_TFM) by extension 'python_setup_py'
[0.833s] Level 1:colcon.colcon_core.package_identification:_identify(build) by extensions ['ignore', 'ignore_ament_install']
[0.834s] Level 1:colcon.colcon_core.package_identification:_identify(build) by extension 'ignore'
[0.834s] Level 1:colcon.colcon_core.package_identification:_identify(build) ignored
[0.834s] Level 1:colcon.colcon_core.package_identification:_identify(control_unit) by extensions ['ignore', 'ignore_ament_install']
[0.834s] Level 1:colcon.colcon_core.package_identification:_identify(control_unit) by extension 'ignore'
[0.834s] Level 1:colcon.colcon_core.package_identification:_identify(control_unit) by extension 'ignore_ament_install'
[0.835s] Level 1:colcon.colcon_core.package_identification:_identify(control_unit) by extensions ['colcon_pkg']
[0.835s] Level 1:colcon.colcon_core.package_identification:_identify(control_unit) by extension 'colcon_pkg'
[0.835s] Level 1:colcon.colcon_core.package_identification:_identify(control_unit) by extensions ['colcon_meta']
[0.835s] Level 1:colcon.colcon_core.package_identification:_identify(control_unit) by extension 'colcon_meta'
[0.835s] Level 1:colcon.colcon_core.package_identification:_identify(control_unit) by extensions ['ros']
[0.835s] Level 1:colcon.colcon_core.package_identification:_identify(control_unit) by extension 'ros'
[0.835s] Level 1:colcon.colcon_core.package_identification:_identify(control_unit) by extensions ['cmake', 'python']
[0.835s] Level 1:colcon.colcon_core.package_identification:_identify(control_unit) by extension 'cmake'
[0.835s] Level 1:colcon.colcon_core.package_identification:_identify(control_unit) by extension 'python'
[0.835s] Level 1:colcon.colcon_core.package_identification:_identify(control_unit) by extensions ['python_setup_py']
[0.835s] Level 1:colcon.colcon_core.package_identification:_identify(control_unit) by extension 'python_setup_py'
[0.835s] Level 1:colcon.colcon_core.package_identification:_identify(control_unit/main_thermoregulator_s_program) by extensions ['ignore', 'ignore_ament_install']
[0.835s] Level 1:colcon.colcon_core.package_identification:_identify(control_unit/main_thermoregulator_s_program) by extension 'ignore'
[0.835s] Level 1:colcon.colcon_core.package_identification:_identify(control_unit/main_thermoregulator_s_program) by extension 'ignore_ament_install'
[0.836s] Level 1:colcon.colcon_core.package_identification:_identify(control_unit/main_thermoregulator_s_program) by extensions ['colcon_pkg']
[0.836s] Level 1:colcon.colcon_core.package_identification:_identify(control_unit/main_thermoregulator_s_program) by extension 'colcon_pkg'
[0.836s] Level 1:colcon.colcon_core.package_identification:_identify(control_unit/main_thermoregulator_s_program) by extensions ['colcon_meta']
[0.836s] Level 1:colcon.colcon_core.package_identification:_identify(control_unit/main_thermoregulator_s_program) by extension 'colcon_meta'
[0.836s] Level 1:colcon.colcon_core.package_identification:_identify(control_unit/main_thermoregulator_s_program) by extensions ['ros']
[0.836s] Level 1:colcon.colcon_core.package_identification:_identify(control_unit/main_thermoregulator_s_program) by extension 'ros'
[0.836s] Level 1:colcon.colcon_core.package_identification:_identify(control_unit/main_thermoregulator_s_program) by extensions ['cmake', 'python']
[0.836s] Level 1:colcon.colcon_core.package_identification:_identify(control_unit/main_thermoregulator_s_program) by extension 'cmake'
[0.836s] Level 1:colcon.colcon_core.package_identification:_identify(control_unit/main_thermoregulator_s_program) by extension 'python'
[0.836s] Level 1:colcon.colcon_core.package_identification:_identify(control_unit/main_thermoregulator_s_program) by extensions ['python_setup_py']
[0.836s] Level 1:colcon.colcon_core.package_identification:_identify(control_unit/main_thermoregulator_s_program) by extension 'python_setup_py'
[0.836s] Level 1:colcon.colcon_core.package_identification:_identify(install) by extensions ['ignore', 'ignore_ament_install']
[0.836s] Level 1:colcon.colcon_core.package_identification:_identify(install) by extension 'ignore'
[0.836s] Level 1:colcon.colcon_core.package_identification:_identify(install) ignored
[0.837s] Level 1:colcon.colcon_core.package_identification:_identify(log) by extensions ['ignore', 'ignore_ament_install']
[0.837s] Level 1:colcon.colcon_core.package_identification:_identify(log) by extension 'ignore'
[0.837s] Level 1:colcon.colcon_core.package_identification:_identify(log) ignored
[0.838s] Level 1:colcon.colcon_core.package_identification:_identify(workspace) by extensions ['ignore', 'ignore_ament_install']
[0.838s] Level 1:colcon.colcon_core.package_identification:_identify(workspace) by extension 'ignore'
[0.838s] Level 1:colcon.colcon_core.package_identification:_identify(workspace) by extension 'ignore_ament_install'
[0.838s] Level 1:colcon.colcon_core.package_identification:_identify(workspace) by extensions ['colcon_pkg']
[0.838s] Level 1:colcon.colcon_core.package_identification:_identify(workspace) by extension 'colcon_pkg'
[0.838s] Level 1:colcon.colcon_core.package_identification:_identify(workspace) by extensions ['colcon_meta']
[0.838s] Level 1:colcon.colcon_core.package_identification:_identify(workspace) by extension 'colcon_meta'
[0.838s] Level 1:colcon.colcon_core.package_identification:_identify(workspace) by extensions ['ros']
[0.840s] Level 1:colcon.colcon_core.package_identification:_identify(workspace) by extension 'ros'
[0.841s] Level 1:colcon.colcon_core.package_identification:_identify(workspace) by extensions ['cmake', 'python']
[0.841s] Level 1:colcon.colcon_core.package_identification:_identify(workspace) by extension 'cmake'
[0.841s] Level 1:colcon.colcon_core.package_identification:_identify(workspace) by extension 'python'
[0.841s] Level 1:colcon.colcon_core.package_identification:_identify(workspace) by extensions ['python_setup_py']
[0.841s] Level 1:colcon.colcon_core.package_identification:_identify(workspace) by extension 'python_setup_py'
[0.843s] Level 1:colcon.colcon_core.package_identification:_identify(workspace/ros_ur_driver) by extensions ['ignore', 'ignore_ament_install']
[0.844s] Level 1:colcon.colcon_core.package_identification:_identify(workspace/ros_ur_driver) by extension 'ignore'
[0.844s] Level 1:colcon.colcon_core.package_identification:_identify(workspace/ros_ur_driver) by extension 'ignore_ament_install'
[0.844s] Level 1:colcon.colcon_core.package_identification:_identify(workspace/ros_ur_driver) by extensions ['colcon_pkg']
[0.844s] Level 1:colcon.colcon_core.package_identification:_identify(workspace/ros_ur_driver) by extension 'colcon_pkg'
[0.844s] Level 1:colcon.colcon_core.package_identification:_identify(workspace/ros_ur_driver) by extensions ['colcon_meta']
[0.844s] Level 1:colcon.colcon_core.package_identification:_identify(workspace/ros_ur_driver) by extension 'colcon_meta'
[0.844s] Level 1:colcon.colcon_core.package_identification:_identify(workspace/ros_ur_driver) by extensions ['ros']
[0.844s] Level 1:colcon.colcon_core.package_identification:_identify(workspace/ros_ur_driver) by extension 'ros'
[0.844s] Level 1:colcon.colcon_core.package_identification:_identify(workspace/ros_ur_driver) by extensions ['cmake', 'python']
[0.844s] Level 1:colcon.colcon_core.package_identification:_identify(workspace/ros_ur_driver) by extension 'cmake'
[0.844s] Level 1:colcon.colcon_core.package_identification:_identify(workspace/ros_ur_driver) by extension 'python'
[0.844s] Level 1:colcon.colcon_core.package_identification:_identify(workspace/ros_ur_driver) by extensions ['python_setup_py']
[0.844s] Level 1:colcon.colcon_core.package_identification:_identify(workspace/ros_ur_driver) by extension 'python_setup_py'
[0.844s] Level 1:colcon.colcon_core.package_identification:_identify(workspace/ros_ur_driver/build) by extensions ['ignore', 'ignore_ament_install']
[0.845s] Level 1:colcon.colcon_core.package_identification:_identify(workspace/ros_ur_driver/build) by extension 'ignore'
[0.845s] Level 1:colcon.colcon_core.package_identification:_identify(workspace/ros_ur_driver/build) ignored
[0.845s] Level 1:colcon.colcon_core.package_identification:_identify(workspace/ros_ur_driver/install) by extensions ['ignore', 'ignore_ament_install']
[0.845s] Level 1:colcon.colcon_core.package_identification:_identify(workspace/ros_ur_driver/install) by extension 'ignore'
[0.845s] Level 1:colcon.colcon_core.package_identification:_identify(workspace/ros_ur_driver/install) ignored
[0.845s] Level 1:colcon.colcon_core.package_identification:_identify(workspace/ros_ur_driver/log) by extensions ['ignore', 'ignore_ament_install']
[0.845s] Level 1:colcon.colcon_core.package_identification:_identify(workspace/ros_ur_driver/log) by extension 'ignore'
[0.845s] Level 1:colcon.colcon_core.package_identification:_identify(workspace/ros_ur_driver/log) ignored
[0.846s] Level 1:colcon.colcon_core.package_identification:_identify(workspace/ros_ur_driver/src) by extensions ['ignore', 'ignore_ament_install']
[0.846s] Level 1:colcon.colcon_core.package_identification:_identify(workspace/ros_ur_driver/src) by extension 'ignore'
[0.846s] Level 1:colcon.colcon_core.package_identification:_identify(workspace/ros_ur_driver/src) by extension 'ignore_ament_install'
[0.846s] Level 1:colcon.colcon_core.package_identification:_identify(workspace/ros_ur_driver/src) by extensions ['colcon_pkg']
[0.846s] Level 1:colcon.colcon_core.package_identification:_identify(workspace/ros_ur_driver/src) by extension 'colcon_pkg'
[0.846s] Level 1:colcon.colcon_core.package_identification:_identify(workspace/ros_ur_driver/src) by extensions ['colcon_meta']
[0.846s] Level 1:colcon.colcon_core.package_identification:_identify(workspace/ros_ur_driver/src) by extension 'colcon_meta'
[0.846s] Level 1:colcon.colcon_core.package_identification:_identify(workspace/ros_ur_driver/src) by extensions ['ros']
[0.846s] Level 1:colcon.colcon_core.package_identification:_identify(workspace/ros_ur_driver/src) by extension 'ros'
[0.846s] Level 1:colcon.colcon_core.package_identification:_identify(workspace/ros_ur_driver/src) by extensions ['cmake', 'python']
[0.846s] Level 1:colcon.colcon_core.package_identification:_identify(workspace/ros_ur_driver/src) by extension 'cmake'
[0.846s] Level 1:colcon.colcon_core.package_identification:_identify(workspace/ros_ur_driver/src) by extension 'python'
[0.846s] Level 1:colcon.colcon_core.package_identification:_identify(workspace/ros_ur_driver/src) by extensions ['python_setup_py']
[0.846s] Level 1:colcon.colcon_core.package_identification:_identify(workspace/ros_ur_driver/src) by extension 'python_setup_py'
[0.846s] Level 1:colcon.colcon_core.package_identification:_identify(workspace/ros_ur_driver/src/Universal_Robots_ROS2_Description) by extensions ['ignore', 'ignore_ament_install']
[0.847s] Level 1:colcon.colcon_core.package_identification:_identify(workspace/ros_ur_driver/src/Universal_Robots_ROS2_Description) by extension 'ignore'
[0.847s] Level 1:colcon.colcon_core.package_identification:_identify(workspace/ros_ur_driver/src/Universal_Robots_ROS2_Description) by extension 'ignore_ament_install'
[0.847s] Level 1:colcon.colcon_core.package_identification:_identify(workspace/ros_ur_driver/src/Universal_Robots_ROS2_Description) by extensions ['colcon_pkg']
[0.847s] Level 1:colcon.colcon_core.package_identification:_identify(workspace/ros_ur_driver/src/Universal_Robots_ROS2_Description) by extension 'colcon_pkg'
[0.847s] Level 1:colcon.colcon_core.package_identification:_identify(workspace/ros_ur_driver/src/Universal_Robots_ROS2_Description) by extensions ['colcon_meta']
[0.847s] Level 1:colcon.colcon_core.package_identification:_identify(workspace/ros_ur_driver/src/Universal_Robots_ROS2_Description) by extension 'colcon_meta'
[0.847s] Level 1:colcon.colcon_core.package_identification:_identify(workspace/ros_ur_driver/src/Universal_Robots_ROS2_Description) by extensions ['ros']
[0.847s] Level 1:colcon.colcon_core.package_identification:_identify(workspace/ros_ur_driver/src/Universal_Robots_ROS2_Description) by extension 'ros'
[0.860s] DEBUG:colcon.colcon_core.package_identification:Package 'workspace/ros_ur_driver/src/Universal_Robots_ROS2_Description' with type 'ros.ament_cmake' and name 'ur_description'
[0.861s] Level 1:colcon.colcon_core.package_identification:_identify(workspace/ros_ur_driver/src/Universal_Robots_ROS2_Driver) by extensions ['ignore', 'ignore_ament_install']
[0.861s] Level 1:colcon.colcon_core.package_identification:_identify(workspace/ros_ur_driver/src/Universal_Robots_ROS2_Driver) by extension 'ignore'
[0.861s] Level 1:colcon.colcon_core.package_identification:_identify(workspace/ros_ur_driver/src/Universal_Robots_ROS2_Driver) by extension 'ignore_ament_install'
[0.861s] Level 1:colcon.colcon_core.package_identification:_identify(workspace/ros_ur_driver/src/Universal_Robots_ROS2_Driver) by extensions ['colcon_pkg']
[0.861s] Level 1:colcon.colcon_core.package_identification:_identify(workspace/ros_ur_driver/src/Universal_Robots_ROS2_Driver) by extension 'colcon_pkg'
[0.861s] Level 1:colcon.colcon_core.package_identification:_identify(workspace/ros_ur_driver/src/Universal_Robots_ROS2_Driver) by extensions ['colcon_meta']
[0.861s] Level 1:colcon.colcon_core.package_identification:_identify(workspace/ros_ur_driver/src/Universal_Robots_ROS2_Driver) by extension 'colcon_meta'
[0.862s] Level 1:colcon.colcon_core.package_identification:_identify(workspace/ros_ur_driver/src/Universal_Robots_ROS2_Driver) by extensions ['ros']
[0.862s] Level 1:colcon.colcon_core.package_identification:_identify(workspace/ros_ur_driver/src/Universal_Robots_ROS2_Driver) by extension 'ros'
[0.862s] Level 1:colcon.colcon_core.package_identification:_identify(workspace/ros_ur_driver/src/Universal_Robots_ROS2_Driver) by extensions ['cmake', 'python']
[0.862s] Level 1:colcon.colcon_core.package_identification:_identify(workspace/ros_ur_driver/src/Universal_Robots_ROS2_Driver) by extension 'cmake'
[0.862s] Level 1:colcon.colcon_core.package_identification:_identify(workspace/ros_ur_driver/src/Universal_Robots_ROS2_Driver) by extension 'python'
[0.862s] Level 1:colcon.colcon_core.package_identification:_identify(workspace/ros_ur_driver/src/Universal_Robots_ROS2_Driver) by extensions ['python_setup_py']
[0.862s] Level 1:colcon.colcon_core.package_identification:_identify(workspace/ros_ur_driver/src/Universal_Robots_ROS2_Driver) by extension 'python_setup_py'
[0.862s] Level 1:colcon.colcon_core.package_identification:_identify(workspace/ros_ur_driver/src/Universal_Robots_ROS2_Driver/ur) by extensions ['ignore', 'ignore_ament_install']
[0.862s] Level 1:colcon.colcon_core.package_identification:_identify(workspace/ros_ur_driver/src/Universal_Robots_ROS2_Driver/ur) by extension 'ignore'
[0.862s] Level 1:colcon.colcon_core.package_identification:_identify(workspace/ros_ur_driver/src/Universal_Robots_ROS2_Driver/ur) by extension 'ignore_ament_install'
[0.862s] Level 1:colcon.colcon_core.package_identification:_identify(workspace/ros_ur_driver/src/Universal_Robots_ROS2_Driver/ur) by extensions ['colcon_pkg']
[0.862s] Level 1:colcon.colcon_core.package_identification:_identify(workspace/ros_ur_driver/src/Universal_Robots_ROS2_Driver/ur) by extension 'colcon_pkg'
[0.862s] Level 1:colcon.colcon_core.package_identification:_identify(workspace/ros_ur_driver/src/Universal_Robots_ROS2_Driver/ur) by extensions ['colcon_meta']
[0.863s] Level 1:colcon.colcon_core.package_identification:_identify(workspace/ros_ur_driver/src/Universal_Robots_ROS2_Driver/ur) by extension 'colcon_meta'
[0.863s] Level 1:colcon.colcon_core.package_identification:_identify(workspace/ros_ur_driver/src/Universal_Robots_ROS2_Driver/ur) by extensions ['ros']
[0.863s] Level 1:colcon.colcon_core.package_identification:_identify(workspace/ros_ur_driver/src/Universal_Robots_ROS2_Driver/ur) by extension 'ros'
[0.865s] DEBUG:colcon.colcon_core.package_identification:Package 'workspace/ros_ur_driver/src/Universal_Robots_ROS2_Driver/ur' with type 'ros.ament_cmake' and name 'ur'
[0.865s] Level 1:colcon.colcon_core.package_identification:_identify(workspace/ros_ur_driver/src/Universal_Robots_ROS2_Driver/ur_bringup) by extensions ['ignore', 'ignore_ament_install']
[0.865s] Level 1:colcon.colcon_core.package_identification:_identify(workspace/ros_ur_driver/src/Universal_Robots_ROS2_Driver/ur_bringup) by extension 'ignore'
[0.866s] Level 1:colcon.colcon_core.package_identification:_identify(workspace/ros_ur_driver/src/Universal_Robots_ROS2_Driver/ur_bringup) by extension 'ignore_ament_install'
[0.866s] Level 1:colcon.colcon_core.package_identification:_identify(workspace/ros_ur_driver/src/Universal_Robots_ROS2_Driver/ur_bringup) by extensions ['colcon_pkg']
[0.866s] Level 1:colcon.colcon_core.package_identification:_identify(workspace/ros_ur_driver/src/Universal_Robots_ROS2_Driver/ur_bringup) by extension 'colcon_pkg'
[0.866s] Level 1:colcon.colcon_core.package_identification:_identify(workspace/ros_ur_driver/src/Universal_Robots_ROS2_Driver/ur_bringup) by extensions ['colcon_meta']
[0.867s] Level 1:colcon.colcon_core.package_identification:_identify(workspace/ros_ur_driver/src/Universal_Robots_ROS2_Driver/ur_bringup) by extension 'colcon_meta'
[0.867s] Level 1:colcon.colcon_core.package_identification:_identify(workspace/ros_ur_driver/src/Universal_Robots_ROS2_Driver/ur_bringup) by extensions ['ros']
[0.867s] Level 1:colcon.colcon_core.package_identification:_identify(workspace/ros_ur_driver/src/Universal_Robots_ROS2_Driver/ur_bringup) by extension 'ros'
[0.868s] DEBUG:colcon.colcon_core.package_identification:Package 'workspace/ros_ur_driver/src/Universal_Robots_ROS2_Driver/ur_bringup' with type 'ros.ament_cmake' and name 'ur_bringup'
[0.868s] Level 1:colcon.colcon_core.package_identification:_identify(workspace/ros_ur_driver/src/Universal_Robots_ROS2_Driver/ur_calibration) by extensions ['ignore', 'ignore_ament_install']
[0.869s] Level 1:colcon.colcon_core.package_identification:_identify(workspace/ros_ur_driver/src/Universal_Robots_ROS2_Driver/ur_calibration) by extension 'ignore'
[0.869s] Level 1:colcon.colcon_core.package_identification:_identify(workspace/ros_ur_driver/src/Universal_Robots_ROS2_Driver/ur_calibration) by extension 'ignore_ament_install'
[0.869s] Level 1:colcon.colcon_core.package_identification:_identify(workspace/ros_ur_driver/src/Universal_Robots_ROS2_Driver/ur_calibration) by extensions ['colcon_pkg']
[0.869s] Level 1:colcon.colcon_core.package_identification:_identify(workspace/ros_ur_driver/src/Universal_Robots_ROS2_Driver/ur_calibration) by extension 'colcon_pkg'
[0.869s] Level 1:colcon.colcon_core.package_identification:_identify(workspace/ros_ur_driver/src/Universal_Robots_ROS2_Driver/ur_calibration) by extensions ['colcon_meta']
[0.869s] Level 1:colcon.colcon_core.package_identification:_identify(workspace/ros_ur_driver/src/Universal_Robots_ROS2_Driver/ur_calibration) by extension 'colcon_meta'
[0.869s] Level 1:colcon.colcon_core.package_identification:_identify(workspace/ros_ur_driver/src/Universal_Robots_ROS2_Driver/ur_calibration) by extensions ['ros']
[0.869s] Level 1:colcon.colcon_core.package_identification:_identify(workspace/ros_ur_driver/src/Universal_Robots_ROS2_Driver/ur_calibration) by extension 'ros'
[0.870s] DEBUG:colcon.colcon_core.package_identification:Package 'workspace/ros_ur_driver/src/Universal_Robots_ROS2_Driver/ur_calibration' with type 'ros.ament_cmake' and name 'ur_calibration'
[0.871s] Level 1:colcon.colcon_core.package_identification:_identify(workspace/ros_ur_driver/src/Universal_Robots_ROS2_Driver/ur_controllers) by extensions ['ignore', 'ignore_ament_install']
[0.871s] Level 1:colcon.colcon_core.package_identification:_identify(workspace/ros_ur_driver/src/Universal_Robots_ROS2_Driver/ur_controllers) by extension 'ignore'
[0.871s] Level 1:colcon.colcon_core.package_identification:_identify(workspace/ros_ur_driver/src/Universal_Robots_ROS2_Driver/ur_controllers) by extension 'ignore_ament_install'
[0.871s] Level 1:colcon.colcon_core.package_identification:_identify(workspace/ros_ur_driver/src/Universal_Robots_ROS2_Driver/ur_controllers) by extensions ['colcon_pkg']
[0.871s] Level 1:colcon.colcon_core.package_identification:_identify(workspace/ros_ur_driver/src/Universal_Robots_ROS2_Driver/ur_controllers) by extension 'colcon_pkg'
[0.871s] Level 1:colcon.colcon_core.package_identification:_identify(workspace/ros_ur_driver/src/Universal_Robots_ROS2_Driver/ur_controllers) by extensions ['colcon_meta']
[0.871s] Level 1:colcon.colcon_core.package_identification:_identify(workspace/ros_ur_driver/src/Universal_Robots_ROS2_Driver/ur_controllers) by extension 'colcon_meta'
[0.871s] Level 1:colcon.colcon_core.package_identification:_identify(workspace/ros_ur_driver/src/Universal_Robots_ROS2_Driver/ur_controllers) by extensions ['ros']
[0.871s] Level 1:colcon.colcon_core.package_identification:_identify(workspace/ros_ur_driver/src/Universal_Robots_ROS2_Driver/ur_controllers) by extension 'ros'
[0.873s] DEBUG:colcon.colcon_core.package_identification:Package 'workspace/ros_ur_driver/src/Universal_Robots_ROS2_Driver/ur_controllers' with type 'ros.ament_cmake' and name 'ur_controllers'
[0.873s] Level 1:colcon.colcon_core.package_identification:_identify(workspace/ros_ur_driver/src/Universal_Robots_ROS2_Driver/ur_dashboard_msgs) by extensions ['ignore', 'ignore_ament_install']
[0.873s] Level 1:colcon.colcon_core.package_identification:_identify(workspace/ros_ur_driver/src/Universal_Robots_ROS2_Driver/ur_dashboard_msgs) by extension 'ignore'
[0.873s] Level 1:colcon.colcon_core.package_identification:_identify(workspace/ros_ur_driver/src/Universal_Robots_ROS2_Driver/ur_dashboard_msgs) by extension 'ignore_ament_install'
[0.874s] Level 1:colcon.colcon_core.package_identification:_identify(workspace/ros_ur_driver/src/Universal_Robots_ROS2_Driver/ur_dashboard_msgs) by extensions ['colcon_pkg']
[0.874s] Level 1:colcon.colcon_core.package_identification:_identify(workspace/ros_ur_driver/src/Universal_Robots_ROS2_Driver/ur_dashboard_msgs) by extension 'colcon_pkg'
[0.874s] Level 1:colcon.colcon_core.package_identification:_identify(workspace/ros_ur_driver/src/Universal_Robots_ROS2_Driver/ur_dashboard_msgs) by extensions ['colcon_meta']
[0.874s] Level 1:colcon.colcon_core.package_identification:_identify(workspace/ros_ur_driver/src/Universal_Robots_ROS2_Driver/ur_dashboard_msgs) by extension 'colcon_meta'
[0.874s] Level 1:colcon.colcon_core.package_identification:_identify(workspace/ros_ur_driver/src/Universal_Robots_ROS2_Driver/ur_dashboard_msgs) by extensions ['ros']
[0.874s] Level 1:colcon.colcon_core.package_identification:_identify(workspace/ros_ur_driver/src/Universal_Robots_ROS2_Driver/ur_dashboard_msgs) by extension 'ros'
[0.875s] DEBUG:colcon.colcon_core.package_identification:Package 'workspace/ros_ur_driver/src/Universal_Robots_ROS2_Driver/ur_dashboard_msgs' with type 'ros.ament_cmake' and name 'ur_dashboard_msgs'
[0.875s] Level 1:colcon.colcon_core.package_identification:_identify(workspace/ros_ur_driver/src/Universal_Robots_ROS2_Driver/ur_moveit_config) by extensions ['ignore', 'ignore_ament_install']
[0.875s] Level 1:colcon.colcon_core.package_identification:_identify(workspace/ros_ur_driver/src/Universal_Robots_ROS2_Driver/ur_moveit_config) by extension 'ignore'
[0.875s] Level 1:colcon.colcon_core.package_identification:_identify(workspace/ros_ur_driver/src/Universal_Robots_ROS2_Driver/ur_moveit_config) by extension 'ignore_ament_install'
[0.875s] Level 1:colcon.colcon_core.package_identification:_identify(workspace/ros_ur_driver/src/Universal_Robots_ROS2_Driver/ur_moveit_config) by extensions ['colcon_pkg']
[0.875s] Level 1:colcon.colcon_core.package_identification:_identify(workspace/ros_ur_driver/src/Universal_Robots_ROS2_Driver/ur_moveit_config) by extension 'colcon_pkg'
[0.875s] Level 1:colcon.colcon_core.package_identification:_identify(workspace/ros_ur_driver/src/Universal_Robots_ROS2_Driver/ur_moveit_config) by extensions ['colcon_meta']
[0.875s] Level 1:colcon.colcon_core.package_identification:_identify(workspace/ros_ur_driver/src/Universal_Robots_ROS2_Driver/ur_moveit_config) by extension 'colcon_meta'
[0.875s] Level 1:colcon.colcon_core.package_identification:_identify(workspace/ros_ur_driver/src/Universal_Robots_ROS2_Driver/ur_moveit_config) by extensions ['ros']
[0.875s] Level 1:colcon.colcon_core.package_identification:_identify(workspace/ros_ur_driver/src/Universal_Robots_ROS2_Driver/ur_moveit_config) by extension 'ros'
[0.876s] DEBUG:colcon.colcon_core.package_identification:Package 'workspace/ros_ur_driver/src/Universal_Robots_ROS2_Driver/ur_moveit_config' with type 'ros.ament_cmake' and name 'ur_moveit_config'
[0.876s] Level 1:colcon.colcon_core.package_identification:_identify(workspace/ros_ur_driver/src/Universal_Robots_ROS2_Driver/ur_robot_driver) by extensions ['ignore', 'ignore_ament_install']
[0.876s] Level 1:colcon.colcon_core.package_identification:_identify(workspace/ros_ur_driver/src/Universal_Robots_ROS2_Driver/ur_robot_driver) by extension 'ignore'
[0.877s] Level 1:colcon.colcon_core.package_identification:_identify(workspace/ros_ur_driver/src/Universal_Robots_ROS2_Driver/ur_robot_driver) by extension 'ignore_ament_install'
[0.877s] Level 1:colcon.colcon_core.package_identification:_identify(workspace/ros_ur_driver/src/Universal_Robots_ROS2_Driver/ur_robot_driver) by extensions ['colcon_pkg']
[0.877s] Level 1:colcon.colcon_core.package_identification:_identify(workspace/ros_ur_driver/src/Universal_Robots_ROS2_Driver/ur_robot_driver) by extension 'colcon_pkg'
[0.877s] Level 1:colcon.colcon_core.package_identification:_identify(workspace/ros_ur_driver/src/Universal_Robots_ROS2_Driver/ur_robot_driver) by extensions ['colcon_meta']
[0.877s] Level 1:colcon.colcon_core.package_identification:_identify(workspace/ros_ur_driver/src/Universal_Robots_ROS2_Driver/ur_robot_driver) by extension 'colcon_meta'
[0.877s] Level 1:colcon.colcon_core.package_identification:_identify(workspace/ros_ur_driver/src/Universal_Robots_ROS2_Driver/ur_robot_driver) by extensions ['ros']
[0.877s] Level 1:colcon.colcon_core.package_identification:_identify(workspace/ros_ur_driver/src/Universal_Robots_ROS2_Driver/ur_robot_driver) by extension 'ros'
[0.882s] DEBUG:colcon.colcon_core.package_identification:Package 'workspace/ros_ur_driver/src/Universal_Robots_ROS2_Driver/ur_robot_driver' with type 'ros.ament_cmake' and name 'ur_robot_driver'
[0.882s] Level 1:colcon.colcon_core.package_identification:_identify(workspace/ros_ur_driver/src/build) by extensions ['ignore', 'ignore_ament_install']
[0.882s] Level 1:colcon.colcon_core.package_identification:_identify(workspace/ros_ur_driver/src/build) by extension 'ignore'
[0.882s] Level 1:colcon.colcon_core.package_identification:_identify(workspace/ros_ur_driver/src/build) by extension 'ignore_ament_install'
[0.883s] Level 1:colcon.colcon_core.package_identification:_identify(workspace/ros_ur_driver/src/build) by extensions ['colcon_pkg']
[0.883s] Level 1:colcon.colcon_core.package_identification:_identify(workspace/ros_ur_driver/src/build) by extension 'colcon_pkg'
[0.883s] Level 1:colcon.colcon_core.package_identification:_identify(workspace/ros_ur_driver/src/build) by extensions ['colcon_meta']
[0.883s] Level 1:colcon.colcon_core.package_identification:_identify(workspace/ros_ur_driver/src/build) by extension 'colcon_meta'
[0.883s] Level 1:colcon.colcon_core.package_identification:_identify(workspace/ros_ur_driver/src/build) by extensions ['ros']
[0.884s] Level 1:colcon.colcon_core.package_identification:_identify(workspace/ros_ur_driver/src/build) by extension 'ros'
[0.884s] Level 1:colcon.colcon_core.package_identification:_identify(workspace/ros_ur_driver/src/build) by extensions ['cmake', 'python']
[0.884s] Level 1:colcon.colcon_core.package_identification:_identify(workspace/ros_ur_driver/src/build) by extension 'cmake'
[0.884s] Level 1:colcon.colcon_core.package_identification:_identify(workspace/ros_ur_driver/src/build) by extension 'python'
[0.884s] Level 1:colcon.colcon_core.package_identification:_identify(workspace/ros_ur_driver/src/build) by extensions ['python_setup_py']
[0.884s] Level 1:colcon.colcon_core.package_identification:_identify(workspace/ros_ur_driver/src/build) by extension 'python_setup_py'
[0.885s] Level 1:colcon.colcon_core.package_identification:_identify(workspace/ros_ur_driver/src/build/ur) by extensions ['ignore', 'ignore_ament_install']
[0.885s] Level 1:colcon.colcon_core.package_identification:_identify(workspace/ros_ur_driver/src/build/ur) by extension 'ignore'
[0.885s] Level 1:colcon.colcon_core.package_identification:_identify(workspace/ros_ur_driver/src/build/ur) by extension 'ignore_ament_install'
[0.886s] Level 1:colcon.colcon_core.package_identification:_identify(workspace/ros_ur_driver/src/build/ur) by extensions ['colcon_pkg']
[0.886s] Level 1:colcon.colcon_core.package_identification:_identify(workspace/ros_ur_driver/src/build/ur) by extension 'colcon_pkg'
[0.886s] Level 1:colcon.colcon_core.package_identification:_identify(workspace/ros_ur_driver/src/build/ur) by extensions ['colcon_meta']
[0.886s] Level 1:colcon.colcon_core.package_identification:_identify(workspace/ros_ur_driver/src/build/ur) by extension 'colcon_meta'
[0.886s] Level 1:colcon.colcon_core.package_identification:_identify(workspace/ros_ur_driver/src/build/ur) by extensions ['ros']
[0.886s] Level 1:colcon.colcon_core.package_identification:_identify(workspace/ros_ur_driver/src/build/ur) by extension 'ros'
[0.886s] Level 1:colcon.colcon_core.package_identification:_identify(workspace/ros_ur_driver/src/build/ur) by extensions ['cmake', 'python']
[0.886s] Level 1:colcon.colcon_core.package_identification:_identify(workspace/ros_ur_driver/src/build/ur) by extension 'cmake'
[0.887s] Level 1:colcon.colcon_core.package_identification:_identify(workspace/ros_ur_driver/src/build/ur) by extension 'python'
[0.887s] Level 1:colcon.colcon_core.package_identification:_identify(workspace/ros_ur_driver/src/build/ur) by extensions ['python_setup_py']
[0.887s] Level 1:colcon.colcon_core.package_identification:_identify(workspace/ros_ur_driver/src/build/ur) by extension 'python_setup_py'
[0.887s] Level 1:colcon.colcon_core.package_identification:_identify(workspace/ros_ur_driver/src/build/ur/CMakeFiles) by extensions ['ignore', 'ignore_ament_install']
[0.887s] Level 1:colcon.colcon_core.package_identification:_identify(workspace/ros_ur_driver/src/build/ur/CMakeFiles) by extension 'ignore'
[0.887s] Level 1:colcon.colcon_core.package_identification:_identify(workspace/ros_ur_driver/src/build/ur/CMakeFiles) by extension 'ignore_ament_install'
[0.887s] Level 1:colcon.colcon_core.package_identification:_identify(workspace/ros_ur_driver/src/build/ur/CMakeFiles) by extensions ['colcon_pkg']
[0.887s] Level 1:colcon.colcon_core.package_identification:_identify(workspace/ros_ur_driver/src/build/ur/CMakeFiles) by extension 'colcon_pkg'
[0.887s] Level 1:colcon.colcon_core.package_identification:_identify(workspace/ros_ur_driver/src/build/ur/CMakeFiles) by extensions ['colcon_meta']
[0.887s] Level 1:colcon.colcon_core.package_identification:_identify(workspace/ros_ur_driver/src/build/ur/CMakeFiles) by extension 'colcon_meta'
[0.887s] Level 1:colcon.colcon_core.package_identification:_identify(workspace/ros_ur_driver/src/build/ur/CMakeFiles) by extensions ['ros']
[0.887s] Level 1:colcon.colcon_core.package_identification:_identify(workspace/ros_ur_driver/src/build/ur/CMakeFiles) by extension 'ros'
[0.887s] Level 1:colcon.colcon_core.package_identification:_identify(workspace/ros_ur_driver/src/build/ur/CMakeFiles) by extensions ['cmake', 'python']
[0.887s] Level 1:colcon.colcon_core.package_identification:_identify(workspace/ros_ur_driver/src/build/ur/CMakeFiles) by extension 'cmake'
[0.887s] Level 1:colcon.colcon_core.package_identification:_identify(workspace/ros_ur_driver/src/build/ur/CMakeFiles) by extension 'python'
[0.888s] Level 1:colcon.colcon_core.package_identification:_identify(workspace/ros_ur_driver/src/build/ur/CMakeFiles) by extensions ['python_setup_py']
[0.888s] Level 1:colcon.colcon_core.package_identification:_identify(workspace/ros_ur_driver/src/build/ur/CMakeFiles) by extension 'python_setup_py'
[0.888s] Level 1:colcon.colcon_core.package_identification:_identify(workspace/ros_ur_driver/src/build/ur/CMakeFiles/3.22.1) by extensions ['ignore', 'ignore_ament_install']
[0.888s] Level 1:colcon.colcon_core.package_identification:_identify(workspace/ros_ur_driver/src/build/ur/CMakeFiles/3.22.1) by extension 'ignore'
[0.888s] Level 1:colcon.colcon_core.package_identification:_identify(workspace/ros_ur_driver/src/build/ur/CMakeFiles/3.22.1) by extension 'ignore_ament_install'
[0.888s] Level 1:colcon.colcon_core.package_identification:_identify(workspace/ros_ur_driver/src/build/ur/CMakeFiles/3.22.1) by extensions ['colcon_pkg']
[0.888s] Level 1:colcon.colcon_core.package_identification:_identify(workspace/ros_ur_driver/src/build/ur/CMakeFiles/3.22.1) by extension 'colcon_pkg'
[0.888s] Level 1:colcon.colcon_core.package_identification:_identify(workspace/ros_ur_driver/src/build/ur/CMakeFiles/3.22.1) by extensions ['colcon_meta']
[0.888s] Level 1:colcon.colcon_core.package_identification:_identify(workspace/ros_ur_driver/src/build/ur/CMakeFiles/3.22.1) by extension 'colcon_meta'
[0.888s] Level 1:colcon.colcon_core.package_identification:_identify(workspace/ros_ur_driver/src/build/ur/CMakeFiles/3.22.1) by extensions ['ros']
[0.888s] Level 1:colcon.colcon_core.package_identification:_identify(workspace/ros_ur_driver/src/build/ur/CMakeFiles/3.22.1) by extension 'ros'
[0.888s] Level 1:colcon.colcon_core.package_identification:_identify(workspace/ros_ur_driver/src/build/ur/CMakeFiles/3.22.1) by extensions ['cmake', 'python']
[0.888s] Level 1:colcon.colcon_core.package_identification:_identify(workspace/ros_ur_driver/src/build/ur/CMakeFiles/3.22.1) by extension 'cmake'
[0.888s] Level 1:colcon.colcon_core.package_identification:_identify(workspace/ros_ur_driver/src/build/ur/CMakeFiles/3.22.1) by extension 'python'
[0.889s] Level 1:colcon.colcon_core.package_identification:_identify(workspace/ros_ur_driver/src/build/ur/CMakeFiles/3.22.1) by extensions ['python_setup_py']
[0.889s] Level 1:colcon.colcon_core.package_identification:_identify(workspace/ros_ur_driver/src/build/ur/CMakeFiles/3.22.1) by extension 'python_setup_py'
[0.889s] Level 1:colcon.colcon_core.package_identification:_identify(workspace/ros_ur_driver/src/build/ur/CMakeFiles/3.22.1/CompilerIdC) by extensions ['ignore', 'ignore_ament_install']
[0.889s] Level 1:colcon.colcon_core.package_identification:_identify(workspace/ros_ur_driver/src/build/ur/CMakeFiles/3.22.1/CompilerIdC) by extension 'ignore'
[0.889s] Level 1:colcon.colcon_core.package_identification:_identify(workspace/ros_ur_driver/src/build/ur/CMakeFiles/3.22.1/CompilerIdC) by extension 'ignore_ament_install'
[0.889s] Level 1:colcon.colcon_core.package_identification:_identify(workspace/ros_ur_driver/src/build/ur/CMakeFiles/3.22.1/CompilerIdC) by extensions ['colcon_pkg']
[0.889s] Level 1:colcon.colcon_core.package_identification:_identify(workspace/ros_ur_driver/src/build/ur/CMakeFiles/3.22.1/CompilerIdC) by extension 'colcon_pkg'
[0.889s] Level 1:colcon.colcon_core.package_identification:_identify(workspace/ros_ur_driver/src/build/ur/CMakeFiles/3.22.1/CompilerIdC) by extensions ['colcon_meta']
[0.889s] Level 1:colcon.colcon_core.package_identification:_identify(workspace/ros_ur_driver/src/build/ur/CMakeFiles/3.22.1/CompilerIdC) by extension 'colcon_meta'
[0.889s] Level 1:colcon.colcon_core.package_identification:_identify(workspace/ros_ur_driver/src/build/ur/CMakeFiles/3.22.1/CompilerIdC) by extensions ['ros']
[0.889s] Level 1:colcon.colcon_core.package_identification:_identify(workspace/ros_ur_driver/src/build/ur/CMakeFiles/3.22.1/CompilerIdC) by extension 'ros'
[0.889s] Level 1:colcon.colcon_core.package_identification:_identify(workspace/ros_ur_driver/src/build/ur/CMakeFiles/3.22.1/CompilerIdC) by extensions ['cmake', 'python']
[0.889s] Level 1:colcon.colcon_core.package_identification:_identify(workspace/ros_ur_driver/src/build/ur/CMakeFiles/3.22.1/CompilerIdC) by extension 'cmake'
[0.889s] Level 1:colcon.colcon_core.package_identification:_identify(workspace/ros_ur_driver/src/build/ur/CMakeFiles/3.22.1/CompilerIdC) by extension 'python'
[0.889s] Level 1:colcon.colcon_core.package_identification:_identify(workspace/ros_ur_driver/src/build/ur/CMakeFiles/3.22.1/CompilerIdC) by extensions ['python_setup_py']
[0.889s] Level 1:colcon.colcon_core.package_identification:_identify(workspace/ros_ur_driver/src/build/ur/CMakeFiles/3.22.1/CompilerIdC) by extension 'python_setup_py'
[0.890s] Level 1:colcon.colcon_core.package_identification:_identify(workspace/ros_ur_driver/src/build/ur/CMakeFiles/3.22.1/CompilerIdC/tmp) by extensions ['ignore', 'ignore_ament_install']
[0.890s] Level 1:colcon.colcon_core.package_identification:_identify(workspace/ros_ur_driver/src/build/ur/CMakeFiles/3.22.1/CompilerIdC/tmp) by extension 'ignore'
[0.890s] Level 1:colcon.colcon_core.package_identification:_identify(workspace/ros_ur_driver/src/build/ur/CMakeFiles/3.22.1/CompilerIdC/tmp) by extension 'ignore_ament_install'
[0.890s] Level 1:colcon.colcon_core.package_identification:_identify(workspace/ros_ur_driver/src/build/ur/CMakeFiles/3.22.1/CompilerIdC/tmp) by extensions ['colcon_pkg']
[0.890s] Level 1:colcon.colcon_core.package_identification:_identify(workspace/ros_ur_driver/src/build/ur/CMakeFiles/3.22.1/CompilerIdC/tmp) by extension 'colcon_pkg'
[0.890s] Level 1:colcon.colcon_core.package_identification:_identify(workspace/ros_ur_driver/src/build/ur/CMakeFiles/3.22.1/CompilerIdC/tmp) by extensions ['colcon_meta']
[0.890s] Level 1:colcon.colcon_core.package_identification:_identify(workspace/ros_ur_driver/src/build/ur/CMakeFiles/3.22.1/CompilerIdC/tmp) by extension 'colcon_meta'
[0.890s] Level 1:colcon.colcon_core.package_identification:_identify(workspace/ros_ur_driver/src/build/ur/CMakeFiles/3.22.1/CompilerIdC/tmp) by extensions ['ros']
[0.890s] Level 1:colcon.colcon_core.package_identification:_identify(workspace/ros_ur_driver/src/build/ur/CMakeFiles/3.22.1/CompilerIdC/tmp) by extension 'ros'
[0.890s] Level 1:colcon.colcon_core.package_identification:_identify(workspace/ros_ur_driver/src/build/ur/CMakeFiles/3.22.1/CompilerIdC/tmp) by extensions ['cmake', 'python']
[0.890s] Level 1:colcon.colcon_core.package_identification:_identify(workspace/ros_ur_driver/src/build/ur/CMakeFiles/3.22.1/CompilerIdC/tmp) by extension 'cmake'
[0.890s] Level 1:colcon.colcon_core.package_identification:_identify(workspace/ros_ur_driver/src/build/ur/CMakeFiles/3.22.1/CompilerIdC/tmp) by extension 'python'
[0.890s] Level 1:colcon.colcon_core.package_identification:_identify(workspace/ros_ur_driver/src/build/ur/CMakeFiles/3.22.1/CompilerIdC/tmp) by extensions ['python_setup_py']
[0.890s] Level 1:colcon.colcon_core.package_identification:_identify(workspace/ros_ur_driver/src/build/ur/CMakeFiles/3.22.1/CompilerIdC/tmp) by extension 'python_setup_py'
[0.891s] Level 1:colcon.colcon_core.package_identification:_identify(workspace/ros_ur_driver/src/build/ur/CMakeFiles/3.22.1/CompilerIdCXX) by extensions ['ignore', 'ignore_ament_install']
[0.891s] Level 1:colcon.colcon_core.package_identification:_identify(workspace/ros_ur_driver/src/build/ur/CMakeFiles/3.22.1/CompilerIdCXX) by extension 'ignore'
[0.891s] Level 1:colcon.colcon_core.package_identification:_identify(workspace/ros_ur_driver/src/build/ur/CMakeFiles/3.22.1/CompilerIdCXX) by extension 'ignore_ament_install'
[0.891s] Level 1:colcon.colcon_core.package_identification:_identify(workspace/ros_ur_driver/src/build/ur/CMakeFiles/3.22.1/CompilerIdCXX) by extensions ['colcon_pkg']
[0.891s] Level 1:colcon.colcon_core.package_identification:_identify(workspace/ros_ur_driver/src/build/ur/CMakeFiles/3.22.1/CompilerIdCXX) by extension 'colcon_pkg'
[0.891s] Level 1:colcon.colcon_core.package_identification:_identify(workspace/ros_ur_driver/src/build/ur/CMakeFiles/3.22.1/CompilerIdCXX) by extensions ['colcon_meta']
[0.891s] Level 1:colcon.colcon_core.package_identification:_identify(workspace/ros_ur_driver/src/build/ur/CMakeFiles/3.22.1/CompilerIdCXX) by extension 'colcon_meta'
[0.891s] Level 1:colcon.colcon_core.package_identification:_identify(workspace/ros_ur_driver/src/build/ur/CMakeFiles/3.22.1/CompilerIdCXX) by extensions ['ros']
[0.891s] Level 1:colcon.colcon_core.package_identification:_identify(workspace/ros_ur_driver/src/build/ur/CMakeFiles/3.22.1/CompilerIdCXX) by extension 'ros'
[0.891s] Level 1:colcon.colcon_core.package_identification:_identify(workspace/ros_ur_driver/src/build/ur/CMakeFiles/3.22.1/CompilerIdCXX) by extensions ['cmake', 'python']
[0.891s] Level 1:colcon.colcon_core.package_identification:_identify(workspace/ros_ur_driver/src/build/ur/CMakeFiles/3.22.1/CompilerIdCXX) by extension 'cmake'
[0.891s] Level 1:colcon.colcon_core.package_identification:_identify(workspace/ros_ur_driver/src/build/ur/CMakeFiles/3.22.1/CompilerIdCXX) by extension 'python'
[0.891s] Level 1:colcon.colcon_core.package_identification:_identify(workspace/ros_ur_driver/src/build/ur/CMakeFiles/3.22.1/CompilerIdCXX) by extensions ['python_setup_py']
[0.891s] Level 1:colcon.colcon_core.package_identification:_identify(workspace/ros_ur_driver/src/build/ur/CMakeFiles/3.22.1/CompilerIdCXX) by extension 'python_setup_py'
[0.892s] Level 1:colcon.colcon_core.package_identification:_identify(workspace/ros_ur_driver/src/build/ur/CMakeFiles/3.22.1/CompilerIdCXX/tmp) by extensions ['ignore', 'ignore_ament_install']
[0.892s] Level 1:colcon.colcon_core.package_identification:_identify(workspace/ros_ur_driver/src/build/ur/CMakeFiles/3.22.1/CompilerIdCXX/tmp) by extension 'ignore'
[0.892s] Level 1:colcon.colcon_core.package_identification:_identify(workspace/ros_ur_driver/src/build/ur/CMakeFiles/3.22.1/CompilerIdCXX/tmp) by extension 'ignore_ament_install'
[0.892s] Level 1:colcon.colcon_core.package_identification:_identify(workspace/ros_ur_driver/src/build/ur/CMakeFiles/3.22.1/CompilerIdCXX/tmp) by extensions ['colcon_pkg']
[0.892s] Level 1:colcon.colcon_core.package_identification:_identify(workspace/ros_ur_driver/src/build/ur/CMakeFiles/3.22.1/CompilerIdCXX/tmp) by extension 'colcon_pkg'
[0.892s] Level 1:colcon.colcon_core.package_identification:_identify(workspace/ros_ur_driver/src/build/ur/CMakeFiles/3.22.1/CompilerIdCXX/tmp) by extensions ['colcon_meta']
[0.892s] Level 1:colcon.colcon_core.package_identification:_identify(workspace/ros_ur_driver/src/build/ur/CMakeFiles/3.22.1/CompilerIdCXX/tmp) by extension 'colcon_meta'
[0.892s] Level 1:colcon.colcon_core.package_identification:_identify(workspace/ros_ur_driver/src/build/ur/CMakeFiles/3.22.1/CompilerIdCXX/tmp) by extensions ['ros']
[0.892s] Level 1:colcon.colcon_core.package_identification:_identify(workspace/ros_ur_driver/src/build/ur/CMakeFiles/3.22.1/CompilerIdCXX/tmp) by extension 'ros'
[0.892s] Level 1:colcon.colcon_core.package_identification:_identify(workspace/ros_ur_driver/src/build/ur/CMakeFiles/3.22.1/CompilerIdCXX/tmp) by extensions ['cmake', 'python']
[0.892s] Level 1:colcon.colcon_core.package_identification:_identify(workspace/ros_ur_driver/src/build/ur/CMakeFiles/3.22.1/CompilerIdCXX/tmp) by extension 'cmake'
[0.892s] Level 1:colcon.colcon_core.package_identification:_identify(workspace/ros_ur_driver/src/build/ur/CMakeFiles/3.22.1/CompilerIdCXX/tmp) by extension 'python'
[0.892s] Level 1:colcon.colcon_core.package_identification:_identify(workspace/ros_ur_driver/src/build/ur/CMakeFiles/3.22.1/CompilerIdCXX/tmp) by extensions ['python_setup_py']
[0.892s] Level 1:colcon.colcon_core.package_identification:_identify(workspace/ros_ur_driver/src/build/ur/CMakeFiles/3.22.1/CompilerIdCXX/tmp) by extension 'python_setup_py'
[0.892s] Level 1:colcon.colcon_core.package_identification:_identify(workspace/ros_ur_driver/src/build/ur/CMakeFiles/CMakeTmp) by extensions ['ignore', 'ignore_ament_install']
[0.893s] Level 1:colcon.colcon_core.package_identification:_identify(workspace/ros_ur_driver/src/build/ur/CMakeFiles/CMakeTmp) by extension 'ignore'
[0.893s] Level 1:colcon.colcon_core.package_identification:_identify(workspace/ros_ur_driver/src/build/ur/CMakeFiles/CMakeTmp) by extension 'ignore_ament_install'
[0.893s] Level 1:colcon.colcon_core.package_identification:_identify(workspace/ros_ur_driver/src/build/ur/CMakeFiles/CMakeTmp) by extensions ['colcon_pkg']
[0.893s] Level 1:colcon.colcon_core.package_identification:_identify(workspace/ros_ur_driver/src/build/ur/CMakeFiles/CMakeTmp) by extension 'colcon_pkg'
[0.893s] Level 1:colcon.colcon_core.package_identification:_identify(workspace/ros_ur_driver/src/build/ur/CMakeFiles/CMakeTmp) by extensions ['colcon_meta']
[0.893s] Level 1:colcon.colcon_core.package_identification:_identify(workspace/ros_ur_driver/src/build/ur/CMakeFiles/CMakeTmp) by extension 'colcon_meta'
[0.893s] Level 1:colcon.colcon_core.package_identification:_identify(workspace/ros_ur_driver/src/build/ur/CMakeFiles/CMakeTmp) by extensions ['ros']
[0.893s] Level 1:colcon.colcon_core.package_identification:_identify(workspace/ros_ur_driver/src/build/ur/CMakeFiles/CMakeTmp) by extension 'ros'
[0.893s] Level 1:colcon.colcon_core.package_identification:_identify(workspace/ros_ur_driver/src/build/ur/CMakeFiles/CMakeTmp) by extensions ['cmake', 'python']
[0.893s] Level 1:colcon.colcon_core.package_identification:_identify(workspace/ros_ur_driver/src/build/ur/CMakeFiles/CMakeTmp) by extension 'cmake'
[0.893s] Level 1:colcon.colcon_core.package_identification:_identify(workspace/ros_ur_driver/src/build/ur/CMakeFiles/CMakeTmp) by extension 'python'
[0.893s] Level 1:colcon.colcon_core.package_identification:_identify(workspace/ros_ur_driver/src/build/ur/CMakeFiles/CMakeTmp) by extensions ['python_setup_py']
[0.893s] Level 1:colcon.colcon_core.package_identification:_identify(workspace/ros_ur_driver/src/build/ur/CMakeFiles/CMakeTmp) by extension 'python_setup_py'
[0.893s] Level 1:colcon.colcon_core.package_identification:_identify(workspace/ros_ur_driver/src/build/ur/ament_lint_cmake) by extensions ['ignore', 'ignore_ament_install']
[0.893s] Level 1:colcon.colcon_core.package_identification:_identify(workspace/ros_ur_driver/src/build/ur/ament_lint_cmake) by extension 'ignore'
[0.894s] Level 1:colcon.colcon_core.package_identification:_identify(workspace/ros_ur_driver/src/build/ur/ament_lint_cmake) by extension 'ignore_ament_install'
[0.894s] Level 1:colcon.colcon_core.package_identification:_identify(workspace/ros_ur_driver/src/build/ur/ament_lint_cmake) by extensions ['colcon_pkg']
[0.894s] Level 1:colcon.colcon_core.package_identification:_identify(workspace/ros_ur_driver/src/build/ur/ament_lint_cmake) by extension 'colcon_pkg'
[0.894s] Level 1:colcon.colcon_core.package_identification:_identify(workspace/ros_ur_driver/src/build/ur/ament_lint_cmake) by extensions ['colcon_meta']
[0.894s] Level 1:colcon.colcon_core.package_identification:_identify(workspace/ros_ur_driver/src/build/ur/ament_lint_cmake) by extension 'colcon_meta'
[0.894s] Level 1:colcon.colcon_core.package_identification:_identify(workspace/ros_ur_driver/src/build/ur/ament_lint_cmake) by extensions ['ros']
[0.894s] Level 1:colcon.colcon_core.package_identification:_identify(workspace/ros_ur_driver/src/build/ur/ament_lint_cmake) by extension 'ros'
[0.894s] Level 1:colcon.colcon_core.package_identification:_identify(workspace/ros_ur_driver/src/build/ur/ament_lint_cmake) by extensions ['cmake', 'python']
[0.894s] Level 1:colcon.colcon_core.package_identification:_identify(workspace/ros_ur_driver/src/build/ur/ament_lint_cmake) by extension 'cmake'
[0.894s] Level 1:colcon.colcon_core.package_identification:_identify(workspace/ros_ur_driver/src/build/ur/ament_lint_cmake) by extension 'python'
[0.894s] Level 1:colcon.colcon_core.package_identification:_identify(workspace/ros_ur_driver/src/build/ur/ament_lint_cmake) by extensions ['python_setup_py']
[0.894s] Level 1:colcon.colcon_core.package_identification:_identify(workspace/ros_ur_driver/src/build/ur/ament_lint_cmake) by extension 'python_setup_py'
[0.894s] Level 1:colcon.colcon_core.package_identification:_identify(workspace/ros_ur_driver/src/build/ur/ament_xmllint) by extensions ['ignore', 'ignore_ament_install']
[0.894s] Level 1:colcon.colcon_core.package_identification:_identify(workspace/ros_ur_driver/src/build/ur/ament_xmllint) by extension 'ignore'
[0.894s] Level 1:colcon.colcon_core.package_identification:_identify(workspace/ros_ur_driver/src/build/ur/ament_xmllint) by extension 'ignore_ament_install'
[0.895s] Level 1:colcon.colcon_core.package_identification:_identify(workspace/ros_ur_driver/src/build/ur/ament_xmllint) by extensions ['colcon_pkg']
[0.895s] Level 1:colcon.colcon_core.package_identification:_identify(workspace/ros_ur_driver/src/build/ur/ament_xmllint) by extension 'colcon_pkg'
[0.895s] Level 1:colcon.colcon_core.package_identification:_identify(workspace/ros_ur_driver/src/build/ur/ament_xmllint) by extensions ['colcon_meta']
[0.895s] Level 1:colcon.colcon_core.package_identification:_identify(workspace/ros_ur_driver/src/build/ur/ament_xmllint) by extension 'colcon_meta'
[0.895s] Level 1:colcon.colcon_core.package_identification:_identify(workspace/ros_ur_driver/src/build/ur/ament_xmllint) by extensions ['ros']
[0.895s] Level 1:colcon.colcon_core.package_identification:_identify(workspace/ros_ur_driver/src/build/ur/ament_xmllint) by extension 'ros'
[0.895s] Level 1:colcon.colcon_core.package_identification:_identify(workspace/ros_ur_driver/src/build/ur/ament_xmllint) by extensions ['cmake', 'python']
[0.895s] Level 1:colcon.colcon_core.package_identification:_identify(workspace/ros_ur_driver/src/build/ur/ament_xmllint) by extension 'cmake'
[0.895s] Level 1:colcon.colcon_core.package_identification:_identify(workspace/ros_ur_driver/src/build/ur/ament_xmllint) by extension 'python'
[0.895s] Level 1:colcon.colcon_core.package_identification:_identify(workspace/ros_ur_driver/src/build/ur/ament_xmllint) by extensions ['python_setup_py']
[0.896s] Level 1:colcon.colcon_core.package_identification:_identify(workspace/ros_ur_driver/src/build/ur/ament_xmllint) by extension 'python_setup_py'
[0.897s] Level 1:colcon.colcon_core.package_identification:_identify(workspace/ros_ur_driver/src/build/ur_bringup) by extensions ['ignore', 'ignore_ament_install']
[0.897s] Level 1:colcon.colcon_core.package_identification:_identify(workspace/ros_ur_driver/src/build/ur_bringup) by extension 'ignore'
[0.897s] Level 1:colcon.colcon_core.package_identification:_identify(workspace/ros_ur_driver/src/build/ur_bringup) by extension 'ignore_ament_install'
[0.897s] Level 1:colcon.colcon_core.package_identification:_identify(workspace/ros_ur_driver/src/build/ur_bringup) by extensions ['colcon_pkg']
[0.897s] Level 1:colcon.colcon_core.package_identification:_identify(workspace/ros_ur_driver/src/build/ur_bringup) by extension 'colcon_pkg'
[0.898s] Level 1:colcon.colcon_core.package_identification:_identify(workspace/ros_ur_driver/src/build/ur_bringup) by extensions ['colcon_meta']
[0.898s] Level 1:colcon.colcon_core.package_identification:_identify(workspace/ros_ur_driver/src/build/ur_bringup) by extension 'colcon_meta'
[0.898s] Level 1:colcon.colcon_core.package_identification:_identify(workspace/ros_ur_driver/src/build/ur_bringup) by extensions ['ros']
[0.898s] Level 1:colcon.colcon_core.package_identification:_identify(workspace/ros_ur_driver/src/build/ur_bringup) by extension 'ros'
[0.898s] Level 1:colcon.colcon_core.package_identification:_identify(workspace/ros_ur_driver/src/build/ur_bringup) by extensions ['cmake', 'python']
[0.898s] Level 1:colcon.colcon_core.package_identification:_identify(workspace/ros_ur_driver/src/build/ur_bringup) by extension 'cmake'
[0.898s] Level 1:colcon.colcon_core.package_identification:_identify(workspace/ros_ur_driver/src/build/ur_bringup) by extension 'python'
[0.899s] Level 1:colcon.colcon_core.package_identification:_identify(workspace/ros_ur_driver/src/build/ur_bringup) by extensions ['python_setup_py']
[0.899s] Level 1:colcon.colcon_core.package_identification:_identify(workspace/ros_ur_driver/src/build/ur_bringup) by extension 'python_setup_py'
[0.899s] Level 1:colcon.colcon_core.package_identification:_identify(workspace/ros_ur_driver/src/build/ur_bringup/CMakeFiles) by extensions ['ignore', 'ignore_ament_install']
[0.899s] Level 1:colcon.colcon_core.package_identification:_identify(workspace/ros_ur_driver/src/build/ur_bringup/CMakeFiles) by extension 'ignore'
[0.900s] Level 1:colcon.colcon_core.package_identification:_identify(workspace/ros_ur_driver/src/build/ur_bringup/CMakeFiles) by extension 'ignore_ament_install'
[0.900s] Level 1:colcon.colcon_core.package_identification:_identify(workspace/ros_ur_driver/src/build/ur_bringup/CMakeFiles) by extensions ['colcon_pkg']
[0.900s] Level 1:colcon.colcon_core.package_identification:_identify(workspace/ros_ur_driver/src/build/ur_bringup/CMakeFiles) by extension 'colcon_pkg'
[0.900s] Level 1:colcon.colcon_core.package_identification:_identify(workspace/ros_ur_driver/src/build/ur_bringup/CMakeFiles) by extensions ['colcon_meta']
[0.900s] Level 1:colcon.colcon_core.package_identification:_identify(workspace/ros_ur_driver/src/build/ur_bringup/CMakeFiles) by extension 'colcon_meta'
[0.900s] Level 1:colcon.colcon_core.package_identification:_identify(workspace/ros_ur_driver/src/build/ur_bringup/CMakeFiles) by extensions ['ros']
[0.900s] Level 1:colcon.colcon_core.package_identification:_identify(workspace/ros_ur_driver/src/build/ur_bringup/CMakeFiles) by extension 'ros'
[0.901s] Level 1:colcon.colcon_core.package_identification:_identify(workspace/ros_ur_driver/src/build/ur_bringup/CMakeFiles) by extensions ['cmake', 'python']
[0.901s] Level 1:colcon.colcon_core.package_identification:_identify(workspace/ros_ur_driver/src/build/ur_bringup/CMakeFiles) by extension 'cmake'
[0.901s] Level 1:colcon.colcon_core.package_identification:_identify(workspace/ros_ur_driver/src/build/ur_bringup/CMakeFiles) by extension 'python'
[0.901s] Level 1:colcon.colcon_core.package_identification:_identify(workspace/ros_ur_driver/src/build/ur_bringup/CMakeFiles) by extensions ['python_setup_py']
[0.901s] Level 1:colcon.colcon_core.package_identification:_identify(workspace/ros_ur_driver/src/build/ur_bringup/CMakeFiles) by extension 'python_setup_py'
[0.901s] Level 1:colcon.colcon_core.package_identification:_identify(workspace/ros_ur_driver/src/build/ur_bringup/CMakeFiles/3.22.1) by extensions ['ignore', 'ignore_ament_install']
[0.901s] Level 1:colcon.colcon_core.package_identification:_identify(workspace/ros_ur_driver/src/build/ur_bringup/CMakeFiles/3.22.1) by extension 'ignore'
[0.901s] Level 1:colcon.colcon_core.package_identification:_identify(workspace/ros_ur_driver/src/build/ur_bringup/CMakeFiles/3.22.1) by extension 'ignore_ament_install'
[0.901s] Level 1:colcon.colcon_core.package_identification:_identify(workspace/ros_ur_driver/src/build/ur_bringup/CMakeFiles/3.22.1) by extensions ['colcon_pkg']
[0.901s] Level 1:colcon.colcon_core.package_identification:_identify(workspace/ros_ur_driver/src/build/ur_bringup/CMakeFiles/3.22.1) by extension 'colcon_pkg'
[0.901s] Level 1:colcon.colcon_core.package_identification:_identify(workspace/ros_ur_driver/src/build/ur_bringup/CMakeFiles/3.22.1) by extensions ['colcon_meta']
[0.902s] Level 1:colcon.colcon_core.package_identification:_identify(workspace/ros_ur_driver/src/build/ur_bringup/CMakeFiles/3.22.1) by extension 'colcon_meta'
[0.902s] Level 1:colcon.colcon_core.package_identification:_identify(workspace/ros_ur_driver/src/build/ur_bringup/CMakeFiles/3.22.1) by extensions ['ros']
[0.902s] Level 1:colcon.colcon_core.package_identification:_identify(workspace/ros_ur_driver/src/build/ur_bringup/CMakeFiles/3.22.1) by extension 'ros'
[0.902s] Level 1:colcon.colcon_core.package_identification:_identify(workspace/ros_ur_driver/src/build/ur_bringup/CMakeFiles/3.22.1) by extensions ['cmake', 'python']
[0.902s] Level 1:colcon.colcon_core.package_identification:_identify(workspace/ros_ur_driver/src/build/ur_bringup/CMakeFiles/3.22.1) by extension 'cmake'
[0.902s] Level 1:colcon.colcon_core.package_identification:_identify(workspace/ros_ur_driver/src/build/ur_bringup/CMakeFiles/3.22.1) by extension 'python'
[0.902s] Level 1:colcon.colcon_core.package_identification:_identify(workspace/ros_ur_driver/src/build/ur_bringup/CMakeFiles/3.22.1) by extensions ['python_setup_py']
[0.902s] Level 1:colcon.colcon_core.package_identification:_identify(workspace/ros_ur_driver/src/build/ur_bringup/CMakeFiles/3.22.1) by extension 'python_setup_py'
[0.902s] Level 1:colcon.colcon_core.package_identification:_identify(workspace/ros_ur_driver/src/build/ur_bringup/CMakeFiles/3.22.1/CompilerIdC) by extensions ['ignore', 'ignore_ament_install']
[0.902s] Level 1:colcon.colcon_core.package_identification:_identify(workspace/ros_ur_driver/src/build/ur_bringup/CMakeFiles/3.22.1/CompilerIdC) by extension 'ignore'
[0.902s] Level 1:colcon.colcon_core.package_identification:_identify(workspace/ros_ur_driver/src/build/ur_bringup/CMakeFiles/3.22.1/CompilerIdC) by extension 'ignore_ament_install'
[0.902s] Level 1:colcon.colcon_core.package_identification:_identify(workspace/ros_ur_driver/src/build/ur_bringup/CMakeFiles/3.22.1/CompilerIdC) by extensions ['colcon_pkg']
[0.902s] Level 1:colcon.colcon_core.package_identification:_identify(workspace/ros_ur_driver/src/build/ur_bringup/CMakeFiles/3.22.1/CompilerIdC) by extension 'colcon_pkg'
[0.902s] Level 1:colcon.colcon_core.package_identification:_identify(workspace/ros_ur_driver/src/build/ur_bringup/CMakeFiles/3.22.1/CompilerIdC) by extensions ['colcon_meta']
[0.902s] Level 1:colcon.colcon_core.package_identification:_identify(workspace/ros_ur_driver/src/build/ur_bringup/CMakeFiles/3.22.1/CompilerIdC) by extension 'colcon_meta'
[0.903s] Level 1:colcon.colcon_core.package_identification:_identify(workspace/ros_ur_driver/src/build/ur_bringup/CMakeFiles/3.22.1/CompilerIdC) by extensions ['ros']
[0.903s] Level 1:colcon.colcon_core.package_identification:_identify(workspace/ros_ur_driver/src/build/ur_bringup/CMakeFiles/3.22.1/CompilerIdC) by extension 'ros'
[0.903s] Level 1:colcon.colcon_core.package_identification:_identify(workspace/ros_ur_driver/src/build/ur_bringup/CMakeFiles/3.22.1/CompilerIdC) by extensions ['cmake', 'python']
[0.903s] Level 1:colcon.colcon_core.package_identification:_identify(workspace/ros_ur_driver/src/build/ur_bringup/CMakeFiles/3.22.1/CompilerIdC) by extension 'cmake'
[0.903s] Level 1:colcon.colcon_core.package_identification:_identify(workspace/ros_ur_driver/src/build/ur_bringup/CMakeFiles/3.22.1/CompilerIdC) by extension 'python'
[0.903s] Level 1:colcon.colcon_core.package_identification:_identify(workspace/ros_ur_driver/src/build/ur_bringup/CMakeFiles/3.22.1/CompilerIdC) by extensions ['python_setup_py']
[0.903s] Level 1:colcon.colcon_core.package_identification:_identify(workspace/ros_ur_driver/src/build/ur_bringup/CMakeFiles/3.22.1/CompilerIdC) by extension 'python_setup_py'
[0.903s] Level 1:colcon.colcon_core.package_identification:_identify(workspace/ros_ur_driver/src/build/ur_bringup/CMakeFiles/3.22.1/CompilerIdC/tmp) by extensions ['ignore', 'ignore_ament_install']
[0.903s] Level 1:colcon.colcon_core.package_identification:_identify(workspace/ros_ur_driver/src/build/ur_bringup/CMakeFiles/3.22.1/CompilerIdC/tmp) by extension 'ignore'
[0.903s] Level 1:colcon.colcon_core.package_identification:_identify(workspace/ros_ur_driver/src/build/ur_bringup/CMakeFiles/3.22.1/CompilerIdC/tmp) by extension 'ignore_ament_install'
[0.903s] Level 1:colcon.colcon_core.package_identification:_identify(workspace/ros_ur_driver/src/build/ur_bringup/CMakeFiles/3.22.1/CompilerIdC/tmp) by extensions ['colcon_pkg']
[0.903s] Level 1:colcon.colcon_core.package_identification:_identify(workspace/ros_ur_driver/src/build/ur_bringup/CMakeFiles/3.22.1/CompilerIdC/tmp) by extension 'colcon_pkg'
[0.903s] Level 1:colcon.colcon_core.package_identification:_identify(workspace/ros_ur_driver/src/build/ur_bringup/CMakeFiles/3.22.1/CompilerIdC/tmp) by extensions ['colcon_meta']
[0.903s] Level 1:colcon.colcon_core.package_identification:_identify(workspace/ros_ur_driver/src/build/ur_bringup/CMakeFiles/3.22.1/CompilerIdC/tmp) by extension 'colcon_meta'
[0.903s] Level 1:colcon.colcon_core.package_identification:_identify(workspace/ros_ur_driver/src/build/ur_bringup/CMakeFiles/3.22.1/CompilerIdC/tmp) by extensions ['ros']
[0.903s] Level 1:colcon.colcon_core.package_identification:_identify(workspace/ros_ur_driver/src/build/ur_bringup/CMakeFiles/3.22.1/CompilerIdC/tmp) by extension 'ros'
[0.904s] Level 1:colcon.colcon_core.package_identification:_identify(workspace/ros_ur_driver/src/build/ur_bringup/CMakeFiles/3.22.1/CompilerIdC/tmp) by extensions ['cmake', 'python']
[0.904s] Level 1:colcon.colcon_core.package_identification:_identify(workspace/ros_ur_driver/src/build/ur_bringup/CMakeFiles/3.22.1/CompilerIdC/tmp) by extension 'cmake'
[0.904s] Level 1:colcon.colcon_core.package_identification:_identify(workspace/ros_ur_driver/src/build/ur_bringup/CMakeFiles/3.22.1/CompilerIdC/tmp) by extension 'python'
[0.904s] Level 1:colcon.colcon_core.package_identification:_identify(workspace/ros_ur_driver/src/build/ur_bringup/CMakeFiles/3.22.1/CompilerIdC/tmp) by extensions ['python_setup_py']
[0.904s] Level 1:colcon.colcon_core.package_identification:_identify(workspace/ros_ur_driver/src/build/ur_bringup/CMakeFiles/3.22.1/CompilerIdC/tmp) by extension 'python_setup_py'
[0.904s] Level 1:colcon.colcon_core.package_identification:_identify(workspace/ros_ur_driver/src/build/ur_bringup/CMakeFiles/3.22.1/CompilerIdCXX) by extensions ['ignore', 'ignore_ament_install']
[0.904s] Level 1:colcon.colcon_core.package_identification:_identify(workspace/ros_ur_driver/src/build/ur_bringup/CMakeFiles/3.22.1/CompilerIdCXX) by extension 'ignore'
[0.904s] Level 1:colcon.colcon_core.package_identification:_identify(workspace/ros_ur_driver/src/build/ur_bringup/CMakeFiles/3.22.1/CompilerIdCXX) by extension 'ignore_ament_install'
[0.904s] Level 1:colcon.colcon_core.package_identification:_identify(workspace/ros_ur_driver/src/build/ur_bringup/CMakeFiles/3.22.1/CompilerIdCXX) by extensions ['colcon_pkg']
[0.904s] Level 1:colcon.colcon_core.package_identification:_identify(workspace/ros_ur_driver/src/build/ur_bringup/CMakeFiles/3.22.1/CompilerIdCXX) by extension 'colcon_pkg'
[0.904s] Level 1:colcon.colcon_core.package_identification:_identify(workspace/ros_ur_driver/src/build/ur_bringup/CMakeFiles/3.22.1/CompilerIdCXX) by extensions ['colcon_meta']
[0.904s] Level 1:colcon.colcon_core.package_identification:_identify(workspace/ros_ur_driver/src/build/ur_bringup/CMakeFiles/3.22.1/CompilerIdCXX) by extension 'colcon_meta'
[0.904s] Level 1:colcon.colcon_core.package_identification:_identify(workspace/ros_ur_driver/src/build/ur_bringup/CMakeFiles/3.22.1/CompilerIdCXX) by extensions ['ros']
[0.904s] Level 1:colcon.colcon_core.package_identification:_identify(workspace/ros_ur_driver/src/build/ur_bringup/CMakeFiles/3.22.1/CompilerIdCXX) by extension 'ros'
[0.904s] Level 1:colcon.colcon_core.package_identification:_identify(workspace/ros_ur_driver/src/build/ur_bringup/CMakeFiles/3.22.1/CompilerIdCXX) by extensions ['cmake', 'python']
[0.905s] Level 1:colcon.colcon_core.package_identification:_identify(workspace/ros_ur_driver/src/build/ur_bringup/CMakeFiles/3.22.1/CompilerIdCXX) by extension 'cmake'
[0.905s] Level 1:colcon.colcon_core.package_identification:_identify(workspace/ros_ur_driver/src/build/ur_bringup/CMakeFiles/3.22.1/CompilerIdCXX) by extension 'python'
[0.905s] Level 1:colcon.colcon_core.package_identification:_identify(workspace/ros_ur_driver/src/build/ur_bringup/CMakeFiles/3.22.1/CompilerIdCXX) by extensions ['python_setup_py']
[0.905s] Level 1:colcon.colcon_core.package_identification:_identify(workspace/ros_ur_driver/src/build/ur_bringup/CMakeFiles/3.22.1/CompilerIdCXX) by extension 'python_setup_py'
[0.905s] Level 1:colcon.colcon_core.package_identification:_identify(workspace/ros_ur_driver/src/build/ur_bringup/CMakeFiles/3.22.1/CompilerIdCXX/tmp) by extensions ['ignore', 'ignore_ament_install']
[0.905s] Level 1:colcon.colcon_core.package_identification:_identify(workspace/ros_ur_driver/src/build/ur_bringup/CMakeFiles/3.22.1/CompilerIdCXX/tmp) by extension 'ignore'
[0.905s] Level 1:colcon.colcon_core.package_identification:_identify(workspace/ros_ur_driver/src/build/ur_bringup/CMakeFiles/3.22.1/CompilerIdCXX/tmp) by extension 'ignore_ament_install'
[0.905s] Level 1:colcon.colcon_core.package_identification:_identify(workspace/ros_ur_driver/src/build/ur_bringup/CMakeFiles/3.22.1/CompilerIdCXX/tmp) by extensions ['colcon_pkg']
[0.905s] Level 1:colcon.colcon_core.package_identification:_identify(workspace/ros_ur_driver/src/build/ur_bringup/CMakeFiles/3.22.1/CompilerIdCXX/tmp) by extension 'colcon_pkg'
[0.905s] Level 1:colcon.colcon_core.package_identification:_identify(workspace/ros_ur_driver/src/build/ur_bringup/CMakeFiles/3.22.1/CompilerIdCXX/tmp) by extensions ['colcon_meta']
[0.905s] Level 1:colcon.colcon_core.package_identification:_identify(workspace/ros_ur_driver/src/build/ur_bringup/CMakeFiles/3.22.1/CompilerIdCXX/tmp) by extension 'colcon_meta'
[0.905s] Level 1:colcon.colcon_core.package_identification:_identify(workspace/ros_ur_driver/src/build/ur_bringup/CMakeFiles/3.22.1/CompilerIdCXX/tmp) by extensions ['ros']
[0.905s] Level 1:colcon.colcon_core.package_identification:_identify(workspace/ros_ur_driver/src/build/ur_bringup/CMakeFiles/3.22.1/CompilerIdCXX/tmp) by extension 'ros'
[0.905s] Level 1:colcon.colcon_core.package_identification:_identify(workspace/ros_ur_driver/src/build/ur_bringup/CMakeFiles/3.22.1/CompilerIdCXX/tmp) by extensions ['cmake', 'python']
[0.905s] Level 1:colcon.colcon_core.package_identification:_identify(workspace/ros_ur_driver/src/build/ur_bringup/CMakeFiles/3.22.1/CompilerIdCXX/tmp) by extension 'cmake'
[0.905s] Level 1:colcon.colcon_core.package_identification:_identify(workspace/ros_ur_driver/src/build/ur_bringup/CMakeFiles/3.22.1/CompilerIdCXX/tmp) by extension 'python'
[0.906s] Level 1:colcon.colcon_core.package_identification:_identify(workspace/ros_ur_driver/src/build/ur_bringup/CMakeFiles/3.22.1/CompilerIdCXX/tmp) by extensions ['python_setup_py']
[0.906s] Level 1:colcon.colcon_core.package_identification:_identify(workspace/ros_ur_driver/src/build/ur_bringup/CMakeFiles/3.22.1/CompilerIdCXX/tmp) by extension 'python_setup_py'
[0.906s] Level 1:colcon.colcon_core.package_identification:_identify(workspace/ros_ur_driver/src/build/ur_bringup/CMakeFiles/CMakeTmp) by extensions ['ignore', 'ignore_ament_install']
[0.906s] Level 1:colcon.colcon_core.package_identification:_identify(workspace/ros_ur_driver/src/build/ur_bringup/CMakeFiles/CMakeTmp) by extension 'ignore'
[0.906s] Level 1:colcon.colcon_core.package_identification:_identify(workspace/ros_ur_driver/src/build/ur_bringup/CMakeFiles/CMakeTmp) by extension 'ignore_ament_install'
[0.906s] Level 1:colcon.colcon_core.package_identification:_identify(workspace/ros_ur_driver/src/build/ur_bringup/CMakeFiles/CMakeTmp) by extensions ['colcon_pkg']
[0.906s] Level 1:colcon.colcon_core.package_identification:_identify(workspace/ros_ur_driver/src/build/ur_bringup/CMakeFiles/CMakeTmp) by extension 'colcon_pkg'
[0.906s] Level 1:colcon.colcon_core.package_identification:_identify(workspace/ros_ur_driver/src/build/ur_bringup/CMakeFiles/CMakeTmp) by extensions ['colcon_meta']
[0.906s] Level 1:colcon.colcon_core.package_identification:_identify(workspace/ros_ur_driver/src/build/ur_bringup/CMakeFiles/CMakeTmp) by extension 'colcon_meta'
[0.906s] Level 1:colcon.colcon_core.package_identification:_identify(workspace/ros_ur_driver/src/build/ur_bringup/CMakeFiles/CMakeTmp) by extensions ['ros']
[0.906s] Level 1:colcon.colcon_core.package_identification:_identify(workspace/ros_ur_driver/src/build/ur_bringup/CMakeFiles/CMakeTmp) by extension 'ros'
[0.906s] Level 1:colcon.colcon_core.package_identification:_identify(workspace/ros_ur_driver/src/build/ur_bringup/CMakeFiles/CMakeTmp) by extensions ['cmake', 'python']
[0.906s] Level 1:colcon.colcon_core.package_identification:_identify(workspace/ros_ur_driver/src/build/ur_bringup/CMakeFiles/CMakeTmp) by extension 'cmake'
[0.906s] Level 1:colcon.colcon_core.package_identification:_identify(workspace/ros_ur_driver/src/build/ur_bringup/CMakeFiles/CMakeTmp) by extension 'python'
[0.906s] Level 1:colcon.colcon_core.package_identification:_identify(workspace/ros_ur_driver/src/build/ur_bringup/CMakeFiles/CMakeTmp) by extensions ['python_setup_py']
[0.906s] Level 1:colcon.colcon_core.package_identification:_identify(workspace/ros_ur_driver/src/build/ur_bringup/CMakeFiles/CMakeTmp) by extension 'python_setup_py'
[0.907s] Level 1:colcon.colcon_core.package_identification:_identify(workspace/ros_ur_driver/src/build/ur_calibration) by extensions ['ignore', 'ignore_ament_install']
[0.907s] Level 1:colcon.colcon_core.package_identification:_identify(workspace/ros_ur_driver/src/build/ur_calibration) by extension 'ignore'
[0.907s] Level 1:colcon.colcon_core.package_identification:_identify(workspace/ros_ur_driver/src/build/ur_calibration) by extension 'ignore_ament_install'
[0.907s] Level 1:colcon.colcon_core.package_identification:_identify(workspace/ros_ur_driver/src/build/ur_calibration) by extensions ['colcon_pkg']
[0.907s] Level 1:colcon.colcon_core.package_identification:_identify(workspace/ros_ur_driver/src/build/ur_calibration) by extension 'colcon_pkg'
[0.907s] Level 1:colcon.colcon_core.package_identification:_identify(workspace/ros_ur_driver/src/build/ur_calibration) by extensions ['colcon_meta']
[0.907s] Level 1:colcon.colcon_core.package_identification:_identify(workspace/ros_ur_driver/src/build/ur_calibration) by extension 'colcon_meta'
[0.907s] Level 1:colcon.colcon_core.package_identification:_identify(workspace/ros_ur_driver/src/build/ur_calibration) by extensions ['ros']
[0.907s] Level 1:colcon.colcon_core.package_identification:_identify(workspace/ros_ur_driver/src/build/ur_calibration) by extension 'ros'
[0.907s] Level 1:colcon.colcon_core.package_identification:_identify(workspace/ros_ur_driver/src/build/ur_calibration) by extensions ['cmake', 'python']
[0.907s] Level 1:colcon.colcon_core.package_identification:_identify(workspace/ros_ur_driver/src/build/ur_calibration) by extension 'cmake'
[0.907s] Level 1:colcon.colcon_core.package_identification:_identify(workspace/ros_ur_driver/src/build/ur_calibration) by extension 'python'
[0.907s] Level 1:colcon.colcon_core.package_identification:_identify(workspace/ros_ur_driver/src/build/ur_calibration) by extensions ['python_setup_py']
[0.907s] Level 1:colcon.colcon_core.package_identification:_identify(workspace/ros_ur_driver/src/build/ur_calibration) by extension 'python_setup_py'
[0.907s] Level 1:colcon.colcon_core.package_identification:_identify(workspace/ros_ur_driver/src/build/ur_calibration/CMakeFiles) by extensions ['ignore', 'ignore_ament_install']
[0.908s] Level 1:colcon.colcon_core.package_identification:_identify(workspace/ros_ur_driver/src/build/ur_calibration/CMakeFiles) by extension 'ignore'
[0.908s] Level 1:colcon.colcon_core.package_identification:_identify(workspace/ros_ur_driver/src/build/ur_calibration/CMakeFiles) by extension 'ignore_ament_install'
[0.908s] Level 1:colcon.colcon_core.package_identification:_identify(workspace/ros_ur_driver/src/build/ur_calibration/CMakeFiles) by extensions ['colcon_pkg']
[0.908s] Level 1:colcon.colcon_core.package_identification:_identify(workspace/ros_ur_driver/src/build/ur_calibration/CMakeFiles) by extension 'colcon_pkg'
[0.908s] Level 1:colcon.colcon_core.package_identification:_identify(workspace/ros_ur_driver/src/build/ur_calibration/CMakeFiles) by extensions ['colcon_meta']
[0.908s] Level 1:colcon.colcon_core.package_identification:_identify(workspace/ros_ur_driver/src/build/ur_calibration/CMakeFiles) by extension 'colcon_meta'
[0.908s] Level 1:colcon.colcon_core.package_identification:_identify(workspace/ros_ur_driver/src/build/ur_calibration/CMakeFiles) by extensions ['ros']
[0.908s] Level 1:colcon.colcon_core.package_identification:_identify(workspace/ros_ur_driver/src/build/ur_calibration/CMakeFiles) by extension 'ros'
[0.908s] Level 1:colcon.colcon_core.package_identification:_identify(workspace/ros_ur_driver/src/build/ur_calibration/CMakeFiles) by extensions ['cmake', 'python']
[0.908s] Level 1:colcon.colcon_core.package_identification:_identify(workspace/ros_ur_driver/src/build/ur_calibration/CMakeFiles) by extension 'cmake'
[0.908s] Level 1:colcon.colcon_core.package_identification:_identify(workspace/ros_ur_driver/src/build/ur_calibration/CMakeFiles) by extension 'python'
[0.908s] Level 1:colcon.colcon_core.package_identification:_identify(workspace/ros_ur_driver/src/build/ur_calibration/CMakeFiles) by extensions ['python_setup_py']
[0.908s] Level 1:colcon.colcon_core.package_identification:_identify(workspace/ros_ur_driver/src/build/ur_calibration/CMakeFiles) by extension 'python_setup_py'
[0.908s] Level 1:colcon.colcon_core.package_identification:_identify(workspace/ros_ur_driver/src/build/ur_calibration/CMakeFiles/3.22.1) by extensions ['ignore', 'ignore_ament_install']
[0.908s] Level 1:colcon.colcon_core.package_identification:_identify(workspace/ros_ur_driver/src/build/ur_calibration/CMakeFiles/3.22.1) by extension 'ignore'
[0.909s] Level 1:colcon.colcon_core.package_identification:_identify(workspace/ros_ur_driver/src/build/ur_calibration/CMakeFiles/3.22.1) by extension 'ignore_ament_install'
[0.909s] Level 1:colcon.colcon_core.package_identification:_identify(workspace/ros_ur_driver/src/build/ur_calibration/CMakeFiles/3.22.1) by extensions ['colcon_pkg']
[0.909s] Level 1:colcon.colcon_core.package_identification:_identify(workspace/ros_ur_driver/src/build/ur_calibration/CMakeFiles/3.22.1) by extension 'colcon_pkg'
[0.909s] Level 1:colcon.colcon_core.package_identification:_identify(workspace/ros_ur_driver/src/build/ur_calibration/CMakeFiles/3.22.1) by extensions ['colcon_meta']
[0.909s] Level 1:colcon.colcon_core.package_identification:_identify(workspace/ros_ur_driver/src/build/ur_calibration/CMakeFiles/3.22.1) by extension 'colcon_meta'
[0.909s] Level 1:colcon.colcon_core.package_identification:_identify(workspace/ros_ur_driver/src/build/ur_calibration/CMakeFiles/3.22.1) by extensions ['ros']
[0.909s] Level 1:colcon.colcon_core.package_identification:_identify(workspace/ros_ur_driver/src/build/ur_calibration/CMakeFiles/3.22.1) by extension 'ros'
[0.909s] Level 1:colcon.colcon_core.package_identification:_identify(workspace/ros_ur_driver/src/build/ur_calibration/CMakeFiles/3.22.1) by extensions ['cmake', 'python']
[0.909s] Level 1:colcon.colcon_core.package_identification:_identify(workspace/ros_ur_driver/src/build/ur_calibration/CMakeFiles/3.22.1) by extension 'cmake'
[0.909s] Level 1:colcon.colcon_core.package_identification:_identify(workspace/ros_ur_driver/src/build/ur_calibration/CMakeFiles/3.22.1) by extension 'python'
[0.909s] Level 1:colcon.colcon_core.package_identification:_identify(workspace/ros_ur_driver/src/build/ur_calibration/CMakeFiles/3.22.1) by extensions ['python_setup_py']
[0.909s] Level 1:colcon.colcon_core.package_identification:_identify(workspace/ros_ur_driver/src/build/ur_calibration/CMakeFiles/3.22.1) by extension 'python_setup_py'
[0.909s] Level 1:colcon.colcon_core.package_identification:_identify(workspace/ros_ur_driver/src/build/ur_calibration/CMakeFiles/3.22.1/CompilerIdC) by extensions ['ignore', 'ignore_ament_install']
[0.909s] Level 1:colcon.colcon_core.package_identification:_identify(workspace/ros_ur_driver/src/build/ur_calibration/CMakeFiles/3.22.1/CompilerIdC) by extension 'ignore'
[0.909s] Level 1:colcon.colcon_core.package_identification:_identify(workspace/ros_ur_driver/src/build/ur_calibration/CMakeFiles/3.22.1/CompilerIdC) by extension 'ignore_ament_install'
[0.909s] Level 1:colcon.colcon_core.package_identification:_identify(workspace/ros_ur_driver/src/build/ur_calibration/CMakeFiles/3.22.1/CompilerIdC) by extensions ['colcon_pkg']
[0.910s] Level 1:colcon.colcon_core.package_identification:_identify(workspace/ros_ur_driver/src/build/ur_calibration/CMakeFiles/3.22.1/CompilerIdC) by extension 'colcon_pkg'
[0.910s] Level 1:colcon.colcon_core.package_identification:_identify(workspace/ros_ur_driver/src/build/ur_calibration/CMakeFiles/3.22.1/CompilerIdC) by extensions ['colcon_meta']
[0.910s] Level 1:colcon.colcon_core.package_identification:_identify(workspace/ros_ur_driver/src/build/ur_calibration/CMakeFiles/3.22.1/CompilerIdC) by extension 'colcon_meta'
[0.910s] Level 1:colcon.colcon_core.package_identification:_identify(workspace/ros_ur_driver/src/build/ur_calibration/CMakeFiles/3.22.1/CompilerIdC) by extensions ['ros']
[0.910s] Level 1:colcon.colcon_core.package_identification:_identify(workspace/ros_ur_driver/src/build/ur_calibration/CMakeFiles/3.22.1/CompilerIdC) by extension 'ros'
[0.910s] Level 1:colcon.colcon_core.package_identification:_identify(workspace/ros_ur_driver/src/build/ur_calibration/CMakeFiles/3.22.1/CompilerIdC) by extensions ['cmake', 'python']
[0.910s] Level 1:colcon.colcon_core.package_identification:_identify(workspace/ros_ur_driver/src/build/ur_calibration/CMakeFiles/3.22.1/CompilerIdC) by extension 'cmake'
[0.910s] Level 1:colcon.colcon_core.package_identification:_identify(workspace/ros_ur_driver/src/build/ur_calibration/CMakeFiles/3.22.1/CompilerIdC) by extension 'python'
[0.910s] Level 1:colcon.colcon_core.package_identification:_identify(workspace/ros_ur_driver/src/build/ur_calibration/CMakeFiles/3.22.1/CompilerIdC) by extensions ['python_setup_py']
[0.910s] Level 1:colcon.colcon_core.package_identification:_identify(workspace/ros_ur_driver/src/build/ur_calibration/CMakeFiles/3.22.1/CompilerIdC) by extension 'python_setup_py'
[0.910s] Level 1:colcon.colcon_core.package_identification:_identify(workspace/ros_ur_driver/src/build/ur_calibration/CMakeFiles/3.22.1/CompilerIdC/tmp) by extensions ['ignore', 'ignore_ament_install']
[0.910s] Level 1:colcon.colcon_core.package_identification:_identify(workspace/ros_ur_driver/src/build/ur_calibration/CMakeFiles/3.22.1/CompilerIdC/tmp) by extension 'ignore'
[0.910s] Level 1:colcon.colcon_core.package_identification:_identify(workspace/ros_ur_driver/src/build/ur_calibration/CMakeFiles/3.22.1/CompilerIdC/tmp) by extension 'ignore_ament_install'
[0.910s] Level 1:colcon.colcon_core.package_identification:_identify(workspace/ros_ur_driver/src/build/ur_calibration/CMakeFiles/3.22.1/CompilerIdC/tmp) by extensions ['colcon_pkg']
[0.910s] Level 1:colcon.colcon_core.package_identification:_identify(workspace/ros_ur_driver/src/build/ur_calibration/CMakeFiles/3.22.1/CompilerIdC/tmp) by extension 'colcon_pkg'
[0.910s] Level 1:colcon.colcon_core.package_identification:_identify(workspace/ros_ur_driver/src/build/ur_calibration/CMakeFiles/3.22.1/CompilerIdC/tmp) by extensions ['colcon_meta']
[0.910s] Level 1:colcon.colcon_core.package_identification:_identify(workspace/ros_ur_driver/src/build/ur_calibration/CMakeFiles/3.22.1/CompilerIdC/tmp) by extension 'colcon_meta'
[0.911s] Level 1:colcon.colcon_core.package_identification:_identify(workspace/ros_ur_driver/src/build/ur_calibration/CMakeFiles/3.22.1/CompilerIdC/tmp) by extensions ['ros']
[0.911s] Level 1:colcon.colcon_core.package_identification:_identify(workspace/ros_ur_driver/src/build/ur_calibration/CMakeFiles/3.22.1/CompilerIdC/tmp) by extension 'ros'
[0.911s] Level 1:colcon.colcon_core.package_identification:_identify(workspace/ros_ur_driver/src/build/ur_calibration/CMakeFiles/3.22.1/CompilerIdC/tmp) by extensions ['cmake', 'python']
[0.911s] Level 1:colcon.colcon_core.package_identification:_identify(workspace/ros_ur_driver/src/build/ur_calibration/CMakeFiles/3.22.1/CompilerIdC/tmp) by extension 'cmake'
[0.911s] Level 1:colcon.colcon_core.package_identification:_identify(workspace/ros_ur_driver/src/build/ur_calibration/CMakeFiles/3.22.1/CompilerIdC/tmp) by extension 'python'
[0.911s] Level 1:colcon.colcon_core.package_identification:_identify(workspace/ros_ur_driver/src/build/ur_calibration/CMakeFiles/3.22.1/CompilerIdC/tmp) by extensions ['python_setup_py']
[0.911s] Level 1:colcon.colcon_core.package_identification:_identify(workspace/ros_ur_driver/src/build/ur_calibration/CMakeFiles/3.22.1/CompilerIdC/tmp) by extension 'python_setup_py'
[0.911s] Level 1:colcon.colcon_core.package_identification:_identify(workspace/ros_ur_driver/src/build/ur_calibration/CMakeFiles/3.22.1/CompilerIdCXX) by extensions ['ignore', 'ignore_ament_install']
[0.912s] Level 1:colcon.colcon_core.package_identification:_identify(workspace/ros_ur_driver/src/build/ur_calibration/CMakeFiles/3.22.1/CompilerIdCXX) by extension 'ignore'
[0.912s] Level 1:colcon.colcon_core.package_identification:_identify(workspace/ros_ur_driver/src/build/ur_calibration/CMakeFiles/3.22.1/CompilerIdCXX) by extension 'ignore_ament_install'
[0.912s] Level 1:colcon.colcon_core.package_identification:_identify(workspace/ros_ur_driver/src/build/ur_calibration/CMakeFiles/3.22.1/CompilerIdCXX) by extensions ['colcon_pkg']
[0.912s] Level 1:colcon.colcon_core.package_identification:_identify(workspace/ros_ur_driver/src/build/ur_calibration/CMakeFiles/3.22.1/CompilerIdCXX) by extension 'colcon_pkg'
[0.912s] Level 1:colcon.colcon_core.package_identification:_identify(workspace/ros_ur_driver/src/build/ur_calibration/CMakeFiles/3.22.1/CompilerIdCXX) by extensions ['colcon_meta']
[0.912s] Level 1:colcon.colcon_core.package_identification:_identify(workspace/ros_ur_driver/src/build/ur_calibration/CMakeFiles/3.22.1/CompilerIdCXX) by extension 'colcon_meta'
[0.913s] Level 1:colcon.colcon_core.package_identification:_identify(workspace/ros_ur_driver/src/build/ur_calibration/CMakeFiles/3.22.1/CompilerIdCXX) by extensions ['ros']
[0.913s] Level 1:colcon.colcon_core.package_identification:_identify(workspace/ros_ur_driver/src/build/ur_calibration/CMakeFiles/3.22.1/CompilerIdCXX) by extension 'ros'
[0.913s] Level 1:colcon.colcon_core.package_identification:_identify(workspace/ros_ur_driver/src/build/ur_calibration/CMakeFiles/3.22.1/CompilerIdCXX) by extensions ['cmake', 'python']
[0.913s] Level 1:colcon.colcon_core.package_identification:_identify(workspace/ros_ur_driver/src/build/ur_calibration/CMakeFiles/3.22.1/CompilerIdCXX) by extension 'cmake'
[0.913s] Level 1:colcon.colcon_core.package_identification:_identify(workspace/ros_ur_driver/src/build/ur_calibration/CMakeFiles/3.22.1/CompilerIdCXX) by extension 'python'
[0.913s] Level 1:colcon.colcon_core.package_identification:_identify(workspace/ros_ur_driver/src/build/ur_calibration/CMakeFiles/3.22.1/CompilerIdCXX) by extensions ['python_setup_py']
[0.914s] Level 1:colcon.colcon_core.package_identification:_identify(workspace/ros_ur_driver/src/build/ur_calibration/CMakeFiles/3.22.1/CompilerIdCXX) by extension 'python_setup_py'
[0.914s] Level 1:colcon.colcon_core.package_identification:_identify(workspace/ros_ur_driver/src/build/ur_calibration/CMakeFiles/3.22.1/CompilerIdCXX/tmp) by extensions ['ignore', 'ignore_ament_install']
[0.914s] Level 1:colcon.colcon_core.package_identification:_identify(workspace/ros_ur_driver/src/build/ur_calibration/CMakeFiles/3.22.1/CompilerIdCXX/tmp) by extension 'ignore'
[0.914s] Level 1:colcon.colcon_core.package_identification:_identify(workspace/ros_ur_driver/src/build/ur_calibration/CMakeFiles/3.22.1/CompilerIdCXX/tmp) by extension 'ignore_ament_install'
[0.914s] Level 1:colcon.colcon_core.package_identification:_identify(workspace/ros_ur_driver/src/build/ur_calibration/CMakeFiles/3.22.1/CompilerIdCXX/tmp) by extensions ['colcon_pkg']
[0.915s] Level 1:colcon.colcon_core.package_identification:_identify(workspace/ros_ur_driver/src/build/ur_calibration/CMakeFiles/3.22.1/CompilerIdCXX/tmp) by extension 'colcon_pkg'
[0.915s] Level 1:colcon.colcon_core.package_identification:_identify(workspace/ros_ur_driver/src/build/ur_calibration/CMakeFiles/3.22.1/CompilerIdCXX/tmp) by extensions ['colcon_meta']
[0.915s] Level 1:colcon.colcon_core.package_identification:_identify(workspace/ros_ur_driver/src/build/ur_calibration/CMakeFiles/3.22.1/CompilerIdCXX/tmp) by extension 'colcon_meta'
[0.915s] Level 1:colcon.colcon_core.package_identification:_identify(workspace/ros_ur_driver/src/build/ur_calibration/CMakeFiles/3.22.1/CompilerIdCXX/tmp) by extensions ['ros']
[0.915s] Level 1:colcon.colcon_core.package_identification:_identify(workspace/ros_ur_driver/src/build/ur_calibration/CMakeFiles/3.22.1/CompilerIdCXX/tmp) by extension 'ros'
[0.915s] Level 1:colcon.colcon_core.package_identification:_identify(workspace/ros_ur_driver/src/build/ur_calibration/CMakeFiles/3.22.1/CompilerIdCXX/tmp) by extensions ['cmake', 'python']
[0.915s] Level 1:colcon.colcon_core.package_identification:_identify(workspace/ros_ur_driver/src/build/ur_calibration/CMakeFiles/3.22.1/CompilerIdCXX/tmp) by extension 'cmake'
[0.916s] Level 1:colcon.colcon_core.package_identification:_identify(workspace/ros_ur_driver/src/build/ur_calibration/CMakeFiles/3.22.1/CompilerIdCXX/tmp) by extension 'python'
[0.916s] Level 1:colcon.colcon_core.package_identification:_identify(workspace/ros_ur_driver/src/build/ur_calibration/CMakeFiles/3.22.1/CompilerIdCXX/tmp) by extensions ['python_setup_py']
[0.916s] Level 1:colcon.colcon_core.package_identification:_identify(workspace/ros_ur_driver/src/build/ur_calibration/CMakeFiles/3.22.1/CompilerIdCXX/tmp) by extension 'python_setup_py'
[0.916s] Level 1:colcon.colcon_core.package_identification:_identify(workspace/ros_ur_driver/src/build/ur_calibration/CMakeFiles/CMakeTmp) by extensions ['ignore', 'ignore_ament_install']
[0.916s] Level 1:colcon.colcon_core.package_identification:_identify(workspace/ros_ur_driver/src/build/ur_calibration/CMakeFiles/CMakeTmp) by extension 'ignore'
[0.916s] Level 1:colcon.colcon_core.package_identification:_identify(workspace/ros_ur_driver/src/build/ur_calibration/CMakeFiles/CMakeTmp) by extension 'ignore_ament_install'
[0.916s] Level 1:colcon.colcon_core.package_identification:_identify(workspace/ros_ur_driver/src/build/ur_calibration/CMakeFiles/CMakeTmp) by extensions ['colcon_pkg']
[0.917s] Level 1:colcon.colcon_core.package_identification:_identify(workspace/ros_ur_driver/src/build/ur_calibration/CMakeFiles/CMakeTmp) by extension 'colcon_pkg'
[0.917s] Level 1:colcon.colcon_core.package_identification:_identify(workspace/ros_ur_driver/src/build/ur_calibration/CMakeFiles/CMakeTmp) by extensions ['colcon_meta']
[0.918s] Level 1:colcon.colcon_core.package_identification:_identify(workspace/ros_ur_driver/src/build/ur_calibration/CMakeFiles/CMakeTmp) by extension 'colcon_meta'
[0.918s] Level 1:colcon.colcon_core.package_identification:_identify(workspace/ros_ur_driver/src/build/ur_calibration/CMakeFiles/CMakeTmp) by extensions ['ros']
[0.918s] Level 1:colcon.colcon_core.package_identification:_identify(workspace/ros_ur_driver/src/build/ur_calibration/CMakeFiles/CMakeTmp) by extension 'ros'
[0.919s] Level 1:colcon.colcon_core.package_identification:_identify(workspace/ros_ur_driver/src/build/ur_calibration/CMakeFiles/CMakeTmp) by extensions ['cmake', 'python']
[0.919s] Level 1:colcon.colcon_core.package_identification:_identify(workspace/ros_ur_driver/src/build/ur_calibration/CMakeFiles/CMakeTmp) by extension 'cmake'
[0.919s] Level 1:colcon.colcon_core.package_identification:_identify(workspace/ros_ur_driver/src/build/ur_calibration/CMakeFiles/CMakeTmp) by extension 'python'
[0.919s] Level 1:colcon.colcon_core.package_identification:_identify(workspace/ros_ur_driver/src/build/ur_calibration/CMakeFiles/CMakeTmp) by extensions ['python_setup_py']
[0.919s] Level 1:colcon.colcon_core.package_identification:_identify(workspace/ros_ur_driver/src/build/ur_calibration/CMakeFiles/CMakeTmp) by extension 'python_setup_py'
[0.919s] Level 1:colcon.colcon_core.package_identification:_identify(workspace/ros_ur_driver/src/build/ur_calibration/gtest) by extensions ['ignore', 'ignore_ament_install']
[0.919s] Level 1:colcon.colcon_core.package_identification:_identify(workspace/ros_ur_driver/src/build/ur_calibration/gtest) by extension 'ignore'
[0.919s] Level 1:colcon.colcon_core.package_identification:_identify(workspace/ros_ur_driver/src/build/ur_calibration/gtest) by extension 'ignore_ament_install'
[0.919s] Level 1:colcon.colcon_core.package_identification:_identify(workspace/ros_ur_driver/src/build/ur_calibration/gtest) by extensions ['colcon_pkg']
[0.919s] Level 1:colcon.colcon_core.package_identification:_identify(workspace/ros_ur_driver/src/build/ur_calibration/gtest) by extension 'colcon_pkg'
[0.919s] Level 1:colcon.colcon_core.package_identification:_identify(workspace/ros_ur_driver/src/build/ur_calibration/gtest) by extensions ['colcon_meta']
[0.919s] Level 1:colcon.colcon_core.package_identification:_identify(workspace/ros_ur_driver/src/build/ur_calibration/gtest) by extension 'colcon_meta'
[0.919s] Level 1:colcon.colcon_core.package_identification:_identify(workspace/ros_ur_driver/src/build/ur_calibration/gtest) by extensions ['ros']
[0.920s] Level 1:colcon.colcon_core.package_identification:_identify(workspace/ros_ur_driver/src/build/ur_calibration/gtest) by extension 'ros'
[0.920s] Level 1:colcon.colcon_core.package_identification:_identify(workspace/ros_ur_driver/src/build/ur_calibration/gtest) by extensions ['cmake', 'python']
[0.920s] Level 1:colcon.colcon_core.package_identification:_identify(workspace/ros_ur_driver/src/build/ur_calibration/gtest) by extension 'cmake'
[0.920s] Level 1:colcon.colcon_core.package_identification:_identify(workspace/ros_ur_driver/src/build/ur_calibration/gtest) by extension 'python'
[0.920s] Level 1:colcon.colcon_core.package_identification:_identify(workspace/ros_ur_driver/src/build/ur_calibration/gtest) by extensions ['python_setup_py']
[0.920s] Level 1:colcon.colcon_core.package_identification:_identify(workspace/ros_ur_driver/src/build/ur_calibration/gtest) by extension 'python_setup_py'
[0.920s] Level 1:colcon.colcon_core.package_identification:_identify(workspace/ros_ur_driver/src/build/ur_calibration/gtest/CMakeFiles) by extensions ['ignore', 'ignore_ament_install']
[0.920s] Level 1:colcon.colcon_core.package_identification:_identify(workspace/ros_ur_driver/src/build/ur_calibration/gtest/CMakeFiles) by extension 'ignore'
[0.920s] Level 1:colcon.colcon_core.package_identification:_identify(workspace/ros_ur_driver/src/build/ur_calibration/gtest/CMakeFiles) by extension 'ignore_ament_install'
[0.920s] Level 1:colcon.colcon_core.package_identification:_identify(workspace/ros_ur_driver/src/build/ur_calibration/gtest/CMakeFiles) by extensions ['colcon_pkg']
[0.920s] Level 1:colcon.colcon_core.package_identification:_identify(workspace/ros_ur_driver/src/build/ur_calibration/gtest/CMakeFiles) by extension 'colcon_pkg'
[0.920s] Level 1:colcon.colcon_core.package_identification:_identify(workspace/ros_ur_driver/src/build/ur_calibration/gtest/CMakeFiles) by extensions ['colcon_meta']
[0.920s] Level 1:colcon.colcon_core.package_identification:_identify(workspace/ros_ur_driver/src/build/ur_calibration/gtest/CMakeFiles) by extension 'colcon_meta'
[0.921s] Level 1:colcon.colcon_core.package_identification:_identify(workspace/ros_ur_driver/src/build/ur_calibration/gtest/CMakeFiles) by extensions ['ros']
[0.921s] Level 1:colcon.colcon_core.package_identification:_identify(workspace/ros_ur_driver/src/build/ur_calibration/gtest/CMakeFiles) by extension 'ros'
[0.921s] Level 1:colcon.colcon_core.package_identification:_identify(workspace/ros_ur_driver/src/build/ur_calibration/gtest/CMakeFiles) by extensions ['cmake', 'python']
[0.921s] Level 1:colcon.colcon_core.package_identification:_identify(workspace/ros_ur_driver/src/build/ur_calibration/gtest/CMakeFiles) by extension 'cmake'
[0.921s] Level 1:colcon.colcon_core.package_identification:_identify(workspace/ros_ur_driver/src/build/ur_calibration/gtest/CMakeFiles) by extension 'python'
[0.921s] Level 1:colcon.colcon_core.package_identification:_identify(workspace/ros_ur_driver/src/build/ur_calibration/gtest/CMakeFiles) by extensions ['python_setup_py']
[0.921s] Level 1:colcon.colcon_core.package_identification:_identify(workspace/ros_ur_driver/src/build/ur_calibration/gtest/CMakeFiles) by extension 'python_setup_py'
[0.921s] Level 1:colcon.colcon_core.package_identification:_identify(workspace/ros_ur_driver/src/build/ur_calibration/gtest/CMakeFiles/gtest.dir) by extensions ['ignore', 'ignore_ament_install']
[0.921s] Level 1:colcon.colcon_core.package_identification:_identify(workspace/ros_ur_driver/src/build/ur_calibration/gtest/CMakeFiles/gtest.dir) by extension 'ignore'
[0.921s] Level 1:colcon.colcon_core.package_identification:_identify(workspace/ros_ur_driver/src/build/ur_calibration/gtest/CMakeFiles/gtest.dir) by extension 'ignore_ament_install'
[0.921s] Level 1:colcon.colcon_core.package_identification:_identify(workspace/ros_ur_driver/src/build/ur_calibration/gtest/CMakeFiles/gtest.dir) by extensions ['colcon_pkg']
[0.921s] Level 1:colcon.colcon_core.package_identification:_identify(workspace/ros_ur_driver/src/build/ur_calibration/gtest/CMakeFiles/gtest.dir) by extension 'colcon_pkg'
[0.921s] Level 1:colcon.colcon_core.package_identification:_identify(workspace/ros_ur_driver/src/build/ur_calibration/gtest/CMakeFiles/gtest.dir) by extensions ['colcon_meta']
[0.921s] Level 1:colcon.colcon_core.package_identification:_identify(workspace/ros_ur_driver/src/build/ur_calibration/gtest/CMakeFiles/gtest.dir) by extension 'colcon_meta'
[0.922s] Level 1:colcon.colcon_core.package_identification:_identify(workspace/ros_ur_driver/src/build/ur_calibration/gtest/CMakeFiles/gtest.dir) by extensions ['ros']
[0.922s] Level 1:colcon.colcon_core.package_identification:_identify(workspace/ros_ur_driver/src/build/ur_calibration/gtest/CMakeFiles/gtest.dir) by extension 'ros'
[0.922s] Level 1:colcon.colcon_core.package_identification:_identify(workspace/ros_ur_driver/src/build/ur_calibration/gtest/CMakeFiles/gtest.dir) by extensions ['cmake', 'python']
[0.922s] Level 1:colcon.colcon_core.package_identification:_identify(workspace/ros_ur_driver/src/build/ur_calibration/gtest/CMakeFiles/gtest.dir) by extension 'cmake'
[0.922s] Level 1:colcon.colcon_core.package_identification:_identify(workspace/ros_ur_driver/src/build/ur_calibration/gtest/CMakeFiles/gtest.dir) by extension 'python'
[0.922s] Level 1:colcon.colcon_core.package_identification:_identify(workspace/ros_ur_driver/src/build/ur_calibration/gtest/CMakeFiles/gtest.dir) by extensions ['python_setup_py']
[0.922s] Level 1:colcon.colcon_core.package_identification:_identify(workspace/ros_ur_driver/src/build/ur_calibration/gtest/CMakeFiles/gtest.dir) by extension 'python_setup_py'
[0.922s] Level 1:colcon.colcon_core.package_identification:_identify(workspace/ros_ur_driver/src/build/ur_calibration/gtest/CMakeFiles/gtest.dir/src) by extensions ['ignore', 'ignore_ament_install']
[0.922s] Level 1:colcon.colcon_core.package_identification:_identify(workspace/ros_ur_driver/src/build/ur_calibration/gtest/CMakeFiles/gtest.dir/src) by extension 'ignore'
[0.922s] Level 1:colcon.colcon_core.package_identification:_identify(workspace/ros_ur_driver/src/build/ur_calibration/gtest/CMakeFiles/gtest.dir/src) by extension 'ignore_ament_install'
[0.922s] Level 1:colcon.colcon_core.package_identification:_identify(workspace/ros_ur_driver/src/build/ur_calibration/gtest/CMakeFiles/gtest.dir/src) by extensions ['colcon_pkg']
[0.922s] Level 1:colcon.colcon_core.package_identification:_identify(workspace/ros_ur_driver/src/build/ur_calibration/gtest/CMakeFiles/gtest.dir/src) by extension 'colcon_pkg'
[0.922s] Level 1:colcon.colcon_core.package_identification:_identify(workspace/ros_ur_driver/src/build/ur_calibration/gtest/CMakeFiles/gtest.dir/src) by extensions ['colcon_meta']
[0.922s] Level 1:colcon.colcon_core.package_identification:_identify(workspace/ros_ur_driver/src/build/ur_calibration/gtest/CMakeFiles/gtest.dir/src) by extension 'colcon_meta'
[0.922s] Level 1:colcon.colcon_core.package_identification:_identify(workspace/ros_ur_driver/src/build/ur_calibration/gtest/CMakeFiles/gtest.dir/src) by extensions ['ros']
[0.923s] Level 1:colcon.colcon_core.package_identification:_identify(workspace/ros_ur_driver/src/build/ur_calibration/gtest/CMakeFiles/gtest.dir/src) by extension 'ros'
[0.923s] Level 1:colcon.colcon_core.package_identification:_identify(workspace/ros_ur_driver/src/build/ur_calibration/gtest/CMakeFiles/gtest.dir/src) by extensions ['cmake', 'python']
[0.923s] Level 1:colcon.colcon_core.package_identification:_identify(workspace/ros_ur_driver/src/build/ur_calibration/gtest/CMakeFiles/gtest.dir/src) by extension 'cmake'
[0.923s] Level 1:colcon.colcon_core.package_identification:_identify(workspace/ros_ur_driver/src/build/ur_calibration/gtest/CMakeFiles/gtest.dir/src) by extension 'python'
[0.923s] Level 1:colcon.colcon_core.package_identification:_identify(workspace/ros_ur_driver/src/build/ur_calibration/gtest/CMakeFiles/gtest.dir/src) by extensions ['python_setup_py']
[0.923s] Level 1:colcon.colcon_core.package_identification:_identify(workspace/ros_ur_driver/src/build/ur_calibration/gtest/CMakeFiles/gtest.dir/src) by extension 'python_setup_py'
[0.923s] Level 1:colcon.colcon_core.package_identification:_identify(workspace/ros_ur_driver/src/build/ur_calibration/gtest/CMakeFiles/gtest_main.dir) by extensions ['ignore', 'ignore_ament_install']
[0.923s] Level 1:colcon.colcon_core.package_identification:_identify(workspace/ros_ur_driver/src/build/ur_calibration/gtest/CMakeFiles/gtest_main.dir) by extension 'ignore'
[0.923s] Level 1:colcon.colcon_core.package_identification:_identify(workspace/ros_ur_driver/src/build/ur_calibration/gtest/CMakeFiles/gtest_main.dir) by extension 'ignore_ament_install'
[0.923s] Level 1:colcon.colcon_core.package_identification:_identify(workspace/ros_ur_driver/src/build/ur_calibration/gtest/CMakeFiles/gtest_main.dir) by extensions ['colcon_pkg']
[0.923s] Level 1:colcon.colcon_core.package_identification:_identify(workspace/ros_ur_driver/src/build/ur_calibration/gtest/CMakeFiles/gtest_main.dir) by extension 'colcon_pkg'
[0.923s] Level 1:colcon.colcon_core.package_identification:_identify(workspace/ros_ur_driver/src/build/ur_calibration/gtest/CMakeFiles/gtest_main.dir) by extensions ['colcon_meta']
[0.923s] Level 1:colcon.colcon_core.package_identification:_identify(workspace/ros_ur_driver/src/build/ur_calibration/gtest/CMakeFiles/gtest_main.dir) by extension 'colcon_meta'
[0.923s] Level 1:colcon.colcon_core.package_identification:_identify(workspace/ros_ur_driver/src/build/ur_calibration/gtest/CMakeFiles/gtest_main.dir) by extensions ['ros']
[0.923s] Level 1:colcon.colcon_core.package_identification:_identify(workspace/ros_ur_driver/src/build/ur_calibration/gtest/CMakeFiles/gtest_main.dir) by extension 'ros'
[0.924s] Level 1:colcon.colcon_core.package_identification:_identify(workspace/ros_ur_driver/src/build/ur_calibration/gtest/CMakeFiles/gtest_main.dir) by extensions ['cmake', 'python']
[0.924s] Level 1:colcon.colcon_core.package_identification:_identify(workspace/ros_ur_driver/src/build/ur_calibration/gtest/CMakeFiles/gtest_main.dir) by extension 'cmake'
[0.924s] Level 1:colcon.colcon_core.package_identification:_identify(workspace/ros_ur_driver/src/build/ur_calibration/gtest/CMakeFiles/gtest_main.dir) by extension 'python'
[0.924s] Level 1:colcon.colcon_core.package_identification:_identify(workspace/ros_ur_driver/src/build/ur_calibration/gtest/CMakeFiles/gtest_main.dir) by extensions ['python_setup_py']
[0.924s] Level 1:colcon.colcon_core.package_identification:_identify(workspace/ros_ur_driver/src/build/ur_calibration/gtest/CMakeFiles/gtest_main.dir) by extension 'python_setup_py'
[0.924s] Level 1:colcon.colcon_core.package_identification:_identify(workspace/ros_ur_driver/src/build/ur_calibration/gtest/CMakeFiles/gtest_main.dir/src) by extensions ['ignore', 'ignore_ament_install']
[0.924s] Level 1:colcon.colcon_core.package_identification:_identify(workspace/ros_ur_driver/src/build/ur_calibration/gtest/CMakeFiles/gtest_main.dir/src) by extension 'ignore'
[0.924s] Level 1:colcon.colcon_core.package_identification:_identify(workspace/ros_ur_driver/src/build/ur_calibration/gtest/CMakeFiles/gtest_main.dir/src) by extension 'ignore_ament_install'
[0.924s] Level 1:colcon.colcon_core.package_identification:_identify(workspace/ros_ur_driver/src/build/ur_calibration/gtest/CMakeFiles/gtest_main.dir/src) by extensions ['colcon_pkg']
[0.924s] Level 1:colcon.colcon_core.package_identification:_identify(workspace/ros_ur_driver/src/build/ur_calibration/gtest/CMakeFiles/gtest_main.dir/src) by extension 'colcon_pkg'
[0.924s] Level 1:colcon.colcon_core.package_identification:_identify(workspace/ros_ur_driver/src/build/ur_calibration/gtest/CMakeFiles/gtest_main.dir/src) by extensions ['colcon_meta']
[0.924s] Level 1:colcon.colcon_core.package_identification:_identify(workspace/ros_ur_driver/src/build/ur_calibration/gtest/CMakeFiles/gtest_main.dir/src) by extension 'colcon_meta'
[0.924s] Level 1:colcon.colcon_core.package_identification:_identify(workspace/ros_ur_driver/src/build/ur_calibration/gtest/CMakeFiles/gtest_main.dir/src) by extensions ['ros']
[0.924s] Level 1:colcon.colcon_core.package_identification:_identify(workspace/ros_ur_driver/src/build/ur_calibration/gtest/CMakeFiles/gtest_main.dir/src) by extension 'ros'
[0.925s] Level 1:colcon.colcon_core.package_identification:_identify(workspace/ros_ur_driver/src/build/ur_calibration/gtest/CMakeFiles/gtest_main.dir/src) by extensions ['cmake', 'python']
[0.925s] Level 1:colcon.colcon_core.package_identification:_identify(workspace/ros_ur_driver/src/build/ur_calibration/gtest/CMakeFiles/gtest_main.dir/src) by extension 'cmake'
[0.925s] Level 1:colcon.colcon_core.package_identification:_identify(workspace/ros_ur_driver/src/build/ur_calibration/gtest/CMakeFiles/gtest_main.dir/src) by extension 'python'
[0.925s] Level 1:colcon.colcon_core.package_identification:_identify(workspace/ros_ur_driver/src/build/ur_calibration/gtest/CMakeFiles/gtest_main.dir/src) by extensions ['python_setup_py']
[0.925s] Level 1:colcon.colcon_core.package_identification:_identify(workspace/ros_ur_driver/src/build/ur_calibration/gtest/CMakeFiles/gtest_main.dir/src) by extension 'python_setup_py'
[0.925s] Level 1:colcon.colcon_core.package_identification:_identify(workspace/ros_ur_driver/src/build/ur_controllers) by extensions ['ignore', 'ignore_ament_install']
[0.925s] Level 1:colcon.colcon_core.package_identification:_identify(workspace/ros_ur_driver/src/build/ur_controllers) by extension 'ignore'
[0.925s] Level 1:colcon.colcon_core.package_identification:_identify(workspace/ros_ur_driver/src/build/ur_controllers) by extension 'ignore_ament_install'
[0.925s] Level 1:colcon.colcon_core.package_identification:_identify(workspace/ros_ur_driver/src/build/ur_controllers) by extensions ['colcon_pkg']
[0.925s] Level 1:colcon.colcon_core.package_identification:_identify(workspace/ros_ur_driver/src/build/ur_controllers) by extension 'colcon_pkg'
[0.925s] Level 1:colcon.colcon_core.package_identification:_identify(workspace/ros_ur_driver/src/build/ur_controllers) by extensions ['colcon_meta']
[0.925s] Level 1:colcon.colcon_core.package_identification:_identify(workspace/ros_ur_driver/src/build/ur_controllers) by extension 'colcon_meta'
[0.925s] Level 1:colcon.colcon_core.package_identification:_identify(workspace/ros_ur_driver/src/build/ur_controllers) by extensions ['ros']
[0.925s] Level 1:colcon.colcon_core.package_identification:_identify(workspace/ros_ur_driver/src/build/ur_controllers) by extension 'ros'
[0.926s] Level 1:colcon.colcon_core.package_identification:_identify(workspace/ros_ur_driver/src/build/ur_controllers) by extensions ['cmake', 'python']
[0.926s] Level 1:colcon.colcon_core.package_identification:_identify(workspace/ros_ur_driver/src/build/ur_controllers) by extension 'cmake'
[0.926s] Level 1:colcon.colcon_core.package_identification:_identify(workspace/ros_ur_driver/src/build/ur_controllers) by extension 'python'
[0.926s] Level 1:colcon.colcon_core.package_identification:_identify(workspace/ros_ur_driver/src/build/ur_controllers) by extensions ['python_setup_py']
[0.926s] Level 1:colcon.colcon_core.package_identification:_identify(workspace/ros_ur_driver/src/build/ur_controllers) by extension 'python_setup_py'
[0.926s] Level 1:colcon.colcon_core.package_identification:_identify(workspace/ros_ur_driver/src/build/ur_controllers/CMakeFiles) by extensions ['ignore', 'ignore_ament_install']
[0.926s] Level 1:colcon.colcon_core.package_identification:_identify(workspace/ros_ur_driver/src/build/ur_controllers/CMakeFiles) by extension 'ignore'
[0.926s] Level 1:colcon.colcon_core.package_identification:_identify(workspace/ros_ur_driver/src/build/ur_controllers/CMakeFiles) by extension 'ignore_ament_install'
[0.926s] Level 1:colcon.colcon_core.package_identification:_identify(workspace/ros_ur_driver/src/build/ur_controllers/CMakeFiles) by extensions ['colcon_pkg']
[0.926s] Level 1:colcon.colcon_core.package_identification:_identify(workspace/ros_ur_driver/src/build/ur_controllers/CMakeFiles) by extension 'colcon_pkg'
[0.926s] Level 1:colcon.colcon_core.package_identification:_identify(workspace/ros_ur_driver/src/build/ur_controllers/CMakeFiles) by extensions ['colcon_meta']
[0.926s] Level 1:colcon.colcon_core.package_identification:_identify(workspace/ros_ur_driver/src/build/ur_controllers/CMakeFiles) by extension 'colcon_meta'
[0.926s] Level 1:colcon.colcon_core.package_identification:_identify(workspace/ros_ur_driver/src/build/ur_controllers/CMakeFiles) by extensions ['ros']
[0.926s] Level 1:colcon.colcon_core.package_identification:_identify(workspace/ros_ur_driver/src/build/ur_controllers/CMakeFiles) by extension 'ros'
[0.926s] Level 1:colcon.colcon_core.package_identification:_identify(workspace/ros_ur_driver/src/build/ur_controllers/CMakeFiles) by extensions ['cmake', 'python']
[0.927s] Level 1:colcon.colcon_core.package_identification:_identify(workspace/ros_ur_driver/src/build/ur_controllers/CMakeFiles) by extension 'cmake'
[0.927s] Level 1:colcon.colcon_core.package_identification:_identify(workspace/ros_ur_driver/src/build/ur_controllers/CMakeFiles) by extension 'python'
[0.927s] Level 1:colcon.colcon_core.package_identification:_identify(workspace/ros_ur_driver/src/build/ur_controllers/CMakeFiles) by extensions ['python_setup_py']
[0.927s] Level 1:colcon.colcon_core.package_identification:_identify(workspace/ros_ur_driver/src/build/ur_controllers/CMakeFiles) by extension 'python_setup_py'
[0.927s] Level 1:colcon.colcon_core.package_identification:_identify(workspace/ros_ur_driver/src/build/ur_controllers/CMakeFiles/3.22.1) by extensions ['ignore', 'ignore_ament_install']
[0.927s] Level 1:colcon.colcon_core.package_identification:_identify(workspace/ros_ur_driver/src/build/ur_controllers/CMakeFiles/3.22.1) by extension 'ignore'
[0.927s] Level 1:colcon.colcon_core.package_identification:_identify(workspace/ros_ur_driver/src/build/ur_controllers/CMakeFiles/3.22.1) by extension 'ignore_ament_install'
[0.928s] Level 1:colcon.colcon_core.package_identification:_identify(workspace/ros_ur_driver/src/build/ur_controllers/CMakeFiles/3.22.1) by extensions ['colcon_pkg']
[0.928s] Level 1:colcon.colcon_core.package_identification:_identify(workspace/ros_ur_driver/src/build/ur_controllers/CMakeFiles/3.22.1) by extension 'colcon_pkg'
[0.928s] Level 1:colcon.colcon_core.package_identification:_identify(workspace/ros_ur_driver/src/build/ur_controllers/CMakeFiles/3.22.1) by extensions ['colcon_meta']
[0.929s] Level 1:colcon.colcon_core.package_identification:_identify(workspace/ros_ur_driver/src/build/ur_controllers/CMakeFiles/3.22.1) by extension 'colcon_meta'
[0.929s] Level 1:colcon.colcon_core.package_identification:_identify(workspace/ros_ur_driver/src/build/ur_controllers/CMakeFiles/3.22.1) by extensions ['ros']
[0.929s] Level 1:colcon.colcon_core.package_identification:_identify(workspace/ros_ur_driver/src/build/ur_controllers/CMakeFiles/3.22.1) by extension 'ros'
[0.929s] Level 1:colcon.colcon_core.package_identification:_identify(workspace/ros_ur_driver/src/build/ur_controllers/CMakeFiles/3.22.1) by extensions ['cmake', 'python']
[0.929s] Level 1:colcon.colcon_core.package_identification:_identify(workspace/ros_ur_driver/src/build/ur_controllers/CMakeFiles/3.22.1) by extension 'cmake'
[0.929s] Level 1:colcon.colcon_core.package_identification:_identify(workspace/ros_ur_driver/src/build/ur_controllers/CMakeFiles/3.22.1) by extension 'python'
[0.930s] Level 1:colcon.colcon_core.package_identification:_identify(workspace/ros_ur_driver/src/build/ur_controllers/CMakeFiles/3.22.1) by extensions ['python_setup_py']
[0.930s] Level 1:colcon.colcon_core.package_identification:_identify(workspace/ros_ur_driver/src/build/ur_controllers/CMakeFiles/3.22.1) by extension 'python_setup_py'
[0.930s] Level 1:colcon.colcon_core.package_identification:_identify(workspace/ros_ur_driver/src/build/ur_controllers/CMakeFiles/3.22.1/CompilerIdC) by extensions ['ignore', 'ignore_ament_install']
[0.930s] Level 1:colcon.colcon_core.package_identification:_identify(workspace/ros_ur_driver/src/build/ur_controllers/CMakeFiles/3.22.1/CompilerIdC) by extension 'ignore'
[0.930s] Level 1:colcon.colcon_core.package_identification:_identify(workspace/ros_ur_driver/src/build/ur_controllers/CMakeFiles/3.22.1/CompilerIdC) by extension 'ignore_ament_install'
[0.930s] Level 1:colcon.colcon_core.package_identification:_identify(workspace/ros_ur_driver/src/build/ur_controllers/CMakeFiles/3.22.1/CompilerIdC) by extensions ['colcon_pkg']
[0.931s] Level 1:colcon.colcon_core.package_identification:_identify(workspace/ros_ur_driver/src/build/ur_controllers/CMakeFiles/3.22.1/CompilerIdC) by extension 'colcon_pkg'
[0.931s] Level 1:colcon.colcon_core.package_identification:_identify(workspace/ros_ur_driver/src/build/ur_controllers/CMakeFiles/3.22.1/CompilerIdC) by extensions ['colcon_meta']
[0.931s] Level 1:colcon.colcon_core.package_identification:_identify(workspace/ros_ur_driver/src/build/ur_controllers/CMakeFiles/3.22.1/CompilerIdC) by extension 'colcon_meta'
[0.931s] Level 1:colcon.colcon_core.package_identification:_identify(workspace/ros_ur_driver/src/build/ur_controllers/CMakeFiles/3.22.1/CompilerIdC) by extensions ['ros']
[0.931s] Level 1:colcon.colcon_core.package_identification:_identify(workspace/ros_ur_driver/src/build/ur_controllers/CMakeFiles/3.22.1/CompilerIdC) by extension 'ros'
[0.931s] Level 1:colcon.colcon_core.package_identification:_identify(workspace/ros_ur_driver/src/build/ur_controllers/CMakeFiles/3.22.1/CompilerIdC) by extensions ['cmake', 'python']
[0.932s] Level 1:colcon.colcon_core.package_identification:_identify(workspace/ros_ur_driver/src/build/ur_controllers/CMakeFiles/3.22.1/CompilerIdC) by extension 'cmake'
[0.932s] Level 1:colcon.colcon_core.package_identification:_identify(workspace/ros_ur_driver/src/build/ur_controllers/CMakeFiles/3.22.1/CompilerIdC) by extension 'python'
[0.932s] Level 1:colcon.colcon_core.package_identification:_identify(workspace/ros_ur_driver/src/build/ur_controllers/CMakeFiles/3.22.1/CompilerIdC) by extensions ['python_setup_py']
[0.932s] Level 1:colcon.colcon_core.package_identification:_identify(workspace/ros_ur_driver/src/build/ur_controllers/CMakeFiles/3.22.1/CompilerIdC) by extension 'python_setup_py'
[0.932s] Level 1:colcon.colcon_core.package_identification:_identify(workspace/ros_ur_driver/src/build/ur_controllers/CMakeFiles/3.22.1/CompilerIdC/tmp) by extensions ['ignore', 'ignore_ament_install']
[0.932s] Level 1:colcon.colcon_core.package_identification:_identify(workspace/ros_ur_driver/src/build/ur_controllers/CMakeFiles/3.22.1/CompilerIdC/tmp) by extension 'ignore'
[0.933s] Level 1:colcon.colcon_core.package_identification:_identify(workspace/ros_ur_driver/src/build/ur_controllers/CMakeFiles/3.22.1/CompilerIdC/tmp) by extension 'ignore_ament_install'
[0.933s] Level 1:colcon.colcon_core.package_identification:_identify(workspace/ros_ur_driver/src/build/ur_controllers/CMakeFiles/3.22.1/CompilerIdC/tmp) by extensions ['colcon_pkg']
[0.933s] Level 1:colcon.colcon_core.package_identification:_identify(workspace/ros_ur_driver/src/build/ur_controllers/CMakeFiles/3.22.1/CompilerIdC/tmp) by extension 'colcon_pkg'
[0.933s] Level 1:colcon.colcon_core.package_identification:_identify(workspace/ros_ur_driver/src/build/ur_controllers/CMakeFiles/3.22.1/CompilerIdC/tmp) by extensions ['colcon_meta']
[0.933s] Level 1:colcon.colcon_core.package_identification:_identify(workspace/ros_ur_driver/src/build/ur_controllers/CMakeFiles/3.22.1/CompilerIdC/tmp) by extension 'colcon_meta'
[0.934s] Level 1:colcon.colcon_core.package_identification:_identify(workspace/ros_ur_driver/src/build/ur_controllers/CMakeFiles/3.22.1/CompilerIdC/tmp) by extensions ['ros']
[0.934s] Level 1:colcon.colcon_core.package_identification:_identify(workspace/ros_ur_driver/src/build/ur_controllers/CMakeFiles/3.22.1/CompilerIdC/tmp) by extension 'ros'
[0.934s] Level 1:colcon.colcon_core.package_identification:_identify(workspace/ros_ur_driver/src/build/ur_controllers/CMakeFiles/3.22.1/CompilerIdC/tmp) by extensions ['cmake', 'python']
[0.934s] Level 1:colcon.colcon_core.package_identification:_identify(workspace/ros_ur_driver/src/build/ur_controllers/CMakeFiles/3.22.1/CompilerIdC/tmp) by extension 'cmake'
[0.934s] Level 1:colcon.colcon_core.package_identification:_identify(workspace/ros_ur_driver/src/build/ur_controllers/CMakeFiles/3.22.1/CompilerIdC/tmp) by extension 'python'
[0.934s] Level 1:colcon.colcon_core.package_identification:_identify(workspace/ros_ur_driver/src/build/ur_controllers/CMakeFiles/3.22.1/CompilerIdC/tmp) by extensions ['python_setup_py']
[0.934s] Level 1:colcon.colcon_core.package_identification:_identify(workspace/ros_ur_driver/src/build/ur_controllers/CMakeFiles/3.22.1/CompilerIdC/tmp) by extension 'python_setup_py'
[0.934s] Level 1:colcon.colcon_core.package_identification:_identify(workspace/ros_ur_driver/src/build/ur_controllers/CMakeFiles/3.22.1/CompilerIdCXX) by extensions ['ignore', 'ignore_ament_install']
[0.934s] Level 1:colcon.colcon_core.package_identification:_identify(workspace/ros_ur_driver/src/build/ur_controllers/CMakeFiles/3.22.1/CompilerIdCXX) by extension 'ignore'
[0.934s] Level 1:colcon.colcon_core.package_identification:_identify(workspace/ros_ur_driver/src/build/ur_controllers/CMakeFiles/3.22.1/CompilerIdCXX) by extension 'ignore_ament_install'
[0.934s] Level 1:colcon.colcon_core.package_identification:_identify(workspace/ros_ur_driver/src/build/ur_controllers/CMakeFiles/3.22.1/CompilerIdCXX) by extensions ['colcon_pkg']
[0.934s] Level 1:colcon.colcon_core.package_identification:_identify(workspace/ros_ur_driver/src/build/ur_controllers/CMakeFiles/3.22.1/CompilerIdCXX) by extension 'colcon_pkg'
[0.934s] Level 1:colcon.colcon_core.package_identification:_identify(workspace/ros_ur_driver/src/build/ur_controllers/CMakeFiles/3.22.1/CompilerIdCXX) by extensions ['colcon_meta']
[0.934s] Level 1:colcon.colcon_core.package_identification:_identify(workspace/ros_ur_driver/src/build/ur_controllers/CMakeFiles/3.22.1/CompilerIdCXX) by extension 'colcon_meta'
[0.935s] Level 1:colcon.colcon_core.package_identification:_identify(workspace/ros_ur_driver/src/build/ur_controllers/CMakeFiles/3.22.1/CompilerIdCXX) by extensions ['ros']
[0.935s] Level 1:colcon.colcon_core.package_identification:_identify(workspace/ros_ur_driver/src/build/ur_controllers/CMakeFiles/3.22.1/CompilerIdCXX) by extension 'ros'
[0.935s] Level 1:colcon.colcon_core.package_identification:_identify(workspace/ros_ur_driver/src/build/ur_controllers/CMakeFiles/3.22.1/CompilerIdCXX) by extensions ['cmake', 'python']
[0.935s] Level 1:colcon.colcon_core.package_identification:_identify(workspace/ros_ur_driver/src/build/ur_controllers/CMakeFiles/3.22.1/CompilerIdCXX) by extension 'cmake'
[0.935s] Level 1:colcon.colcon_core.package_identification:_identify(workspace/ros_ur_driver/src/build/ur_controllers/CMakeFiles/3.22.1/CompilerIdCXX) by extension 'python'
[0.935s] Level 1:colcon.colcon_core.package_identification:_identify(workspace/ros_ur_driver/src/build/ur_controllers/CMakeFiles/3.22.1/CompilerIdCXX) by extensions ['python_setup_py']
[0.935s] Level 1:colcon.colcon_core.package_identification:_identify(workspace/ros_ur_driver/src/build/ur_controllers/CMakeFiles/3.22.1/CompilerIdCXX) by extension 'python_setup_py'
[0.935s] Level 1:colcon.colcon_core.package_identification:_identify(workspace/ros_ur_driver/src/build/ur_controllers/CMakeFiles/3.22.1/CompilerIdCXX/tmp) by extensions ['ignore', 'ignore_ament_install']
[0.935s] Level 1:colcon.colcon_core.package_identification:_identify(workspace/ros_ur_driver/src/build/ur_controllers/CMakeFiles/3.22.1/CompilerIdCXX/tmp) by extension 'ignore'
[0.935s] Level 1:colcon.colcon_core.package_identification:_identify(workspace/ros_ur_driver/src/build/ur_controllers/CMakeFiles/3.22.1/CompilerIdCXX/tmp) by extension 'ignore_ament_install'
[0.935s] Level 1:colcon.colcon_core.package_identification:_identify(workspace/ros_ur_driver/src/build/ur_controllers/CMakeFiles/3.22.1/CompilerIdCXX/tmp) by extensions ['colcon_pkg']
[0.935s] Level 1:colcon.colcon_core.package_identification:_identify(workspace/ros_ur_driver/src/build/ur_controllers/CMakeFiles/3.22.1/CompilerIdCXX/tmp) by extension 'colcon_pkg'
[0.935s] Level 1:colcon.colcon_core.package_identification:_identify(workspace/ros_ur_driver/src/build/ur_controllers/CMakeFiles/3.22.1/CompilerIdCXX/tmp) by extensions ['colcon_meta']
[0.935s] Level 1:colcon.colcon_core.package_identification:_identify(workspace/ros_ur_driver/src/build/ur_controllers/CMakeFiles/3.22.1/CompilerIdCXX/tmp) by extension 'colcon_meta'
[0.935s] Level 1:colcon.colcon_core.package_identification:_identify(workspace/ros_ur_driver/src/build/ur_controllers/CMakeFiles/3.22.1/CompilerIdCXX/tmp) by extensions ['ros']
[0.935s] Level 1:colcon.colcon_core.package_identification:_identify(workspace/ros_ur_driver/src/build/ur_controllers/CMakeFiles/3.22.1/CompilerIdCXX/tmp) by extension 'ros'
[0.936s] Level 1:colcon.colcon_core.package_identification:_identify(workspace/ros_ur_driver/src/build/ur_controllers/CMakeFiles/3.22.1/CompilerIdCXX/tmp) by extensions ['cmake', 'python']
[0.936s] Level 1:colcon.colcon_core.package_identification:_identify(workspace/ros_ur_driver/src/build/ur_controllers/CMakeFiles/3.22.1/CompilerIdCXX/tmp) by extension 'cmake'
[0.936s] Level 1:colcon.colcon_core.package_identification:_identify(workspace/ros_ur_driver/src/build/ur_controllers/CMakeFiles/3.22.1/CompilerIdCXX/tmp) by extension 'python'
[0.936s] Level 1:colcon.colcon_core.package_identification:_identify(workspace/ros_ur_driver/src/build/ur_controllers/CMakeFiles/3.22.1/CompilerIdCXX/tmp) by extensions ['python_setup_py']
[0.936s] Level 1:colcon.colcon_core.package_identification:_identify(workspace/ros_ur_driver/src/build/ur_controllers/CMakeFiles/3.22.1/CompilerIdCXX/tmp) by extension 'python_setup_py'
[0.936s] Level 1:colcon.colcon_core.package_identification:_identify(workspace/ros_ur_driver/src/build/ur_controllers/CMakeFiles/CMakeTmp) by extensions ['ignore', 'ignore_ament_install']
[0.936s] Level 1:colcon.colcon_core.package_identification:_identify(workspace/ros_ur_driver/src/build/ur_controllers/CMakeFiles/CMakeTmp) by extension 'ignore'
[0.936s] Level 1:colcon.colcon_core.package_identification:_identify(workspace/ros_ur_driver/src/build/ur_controllers/CMakeFiles/CMakeTmp) by extension 'ignore_ament_install'
[0.936s] Level 1:colcon.colcon_core.package_identification:_identify(workspace/ros_ur_driver/src/build/ur_controllers/CMakeFiles/CMakeTmp) by extensions ['colcon_pkg']
[0.936s] Level 1:colcon.colcon_core.package_identification:_identify(workspace/ros_ur_driver/src/build/ur_controllers/CMakeFiles/CMakeTmp) by extension 'colcon_pkg'
[0.936s] Level 1:colcon.colcon_core.package_identification:_identify(workspace/ros_ur_driver/src/build/ur_controllers/CMakeFiles/CMakeTmp) by extensions ['colcon_meta']
[0.936s] Level 1:colcon.colcon_core.package_identification:_identify(workspace/ros_ur_driver/src/build/ur_controllers/CMakeFiles/CMakeTmp) by extension 'colcon_meta'
[0.936s] Level 1:colcon.colcon_core.package_identification:_identify(workspace/ros_ur_driver/src/build/ur_controllers/CMakeFiles/CMakeTmp) by extensions ['ros']
[0.936s] Level 1:colcon.colcon_core.package_identification:_identify(workspace/ros_ur_driver/src/build/ur_controllers/CMakeFiles/CMakeTmp) by extension 'ros'
[0.936s] Level 1:colcon.colcon_core.package_identification:_identify(workspace/ros_ur_driver/src/build/ur_controllers/CMakeFiles/CMakeTmp) by extensions ['cmake', 'python']
[0.936s] Level 1:colcon.colcon_core.package_identification:_identify(workspace/ros_ur_driver/src/build/ur_controllers/CMakeFiles/CMakeTmp) by extension 'cmake'
[0.936s] Level 1:colcon.colcon_core.package_identification:_identify(workspace/ros_ur_driver/src/build/ur_controllers/CMakeFiles/CMakeTmp) by extension 'python'
[0.937s] Level 1:colcon.colcon_core.package_identification:_identify(workspace/ros_ur_driver/src/build/ur_controllers/CMakeFiles/CMakeTmp) by extensions ['python_setup_py']
[0.937s] Level 1:colcon.colcon_core.package_identification:_identify(workspace/ros_ur_driver/src/build/ur_controllers/CMakeFiles/CMakeTmp) by extension 'python_setup_py'
[0.937s] Level 1:colcon.colcon_core.package_identification:_identify(workspace/ros_ur_driver/src/build/ur_dashboard_msgs) by extensions ['ignore', 'ignore_ament_install']
[0.937s] Level 1:colcon.colcon_core.package_identification:_identify(workspace/ros_ur_driver/src/build/ur_dashboard_msgs) by extension 'ignore'
[0.937s] Level 1:colcon.colcon_core.package_identification:_identify(workspace/ros_ur_driver/src/build/ur_dashboard_msgs) by extension 'ignore_ament_install'
[0.937s] Level 1:colcon.colcon_core.package_identification:_identify(workspace/ros_ur_driver/src/build/ur_dashboard_msgs) by extensions ['colcon_pkg']
[0.937s] Level 1:colcon.colcon_core.package_identification:_identify(workspace/ros_ur_driver/src/build/ur_dashboard_msgs) by extension 'colcon_pkg'
[0.937s] Level 1:colcon.colcon_core.package_identification:_identify(workspace/ros_ur_driver/src/build/ur_dashboard_msgs) by extensions ['colcon_meta']
[0.937s] Level 1:colcon.colcon_core.package_identification:_identify(workspace/ros_ur_driver/src/build/ur_dashboard_msgs) by extension 'colcon_meta'
[0.937s] Level 1:colcon.colcon_core.package_identification:_identify(workspace/ros_ur_driver/src/build/ur_dashboard_msgs) by extensions ['ros']
[0.937s] Level 1:colcon.colcon_core.package_identification:_identify(workspace/ros_ur_driver/src/build/ur_dashboard_msgs) by extension 'ros'
[0.937s] Level 1:colcon.colcon_core.package_identification:_identify(workspace/ros_ur_driver/src/build/ur_dashboard_msgs) by extensions ['cmake', 'python']
[0.937s] Level 1:colcon.colcon_core.package_identification:_identify(workspace/ros_ur_driver/src/build/ur_dashboard_msgs) by extension 'cmake'
[0.937s] Level 1:colcon.colcon_core.package_identification:_identify(workspace/ros_ur_driver/src/build/ur_dashboard_msgs) by extension 'python'
[0.937s] Level 1:colcon.colcon_core.package_identification:_identify(workspace/ros_ur_driver/src/build/ur_dashboard_msgs) by extensions ['python_setup_py']
[0.937s] Level 1:colcon.colcon_core.package_identification:_identify(workspace/ros_ur_driver/src/build/ur_dashboard_msgs) by extension 'python_setup_py'
[0.949s] Level 1:colcon.colcon_core.package_identification:_identify(workspace/ros_ur_driver/src/build/ur_dashboard_msgs/CMakeFiles) by extensions ['ignore', 'ignore_ament_install']
[0.949s] Level 1:colcon.colcon_core.package_identification:_identify(workspace/ros_ur_driver/src/build/ur_dashboard_msgs/CMakeFiles) by extension 'ignore'
[0.949s] Level 1:colcon.colcon_core.package_identification:_identify(workspace/ros_ur_driver/src/build/ur_dashboard_msgs/CMakeFiles) by extension 'ignore_ament_install'
[0.951s] Level 1:colcon.colcon_core.package_identification:_identify(workspace/ros_ur_driver/src/build/ur_dashboard_msgs/CMakeFiles) by extensions ['colcon_pkg']
[0.951s] Level 1:colcon.colcon_core.package_identification:_identify(workspace/ros_ur_driver/src/build/ur_dashboard_msgs/CMakeFiles) by extension 'colcon_pkg'
[0.952s] Level 1:colcon.colcon_core.package_identification:_identify(workspace/ros_ur_driver/src/build/ur_dashboard_msgs/CMakeFiles) by extensions ['colcon_meta']
[0.952s] Level 1:colcon.colcon_core.package_identification:_identify(workspace/ros_ur_driver/src/build/ur_dashboard_msgs/CMakeFiles) by extension 'colcon_meta'
[0.952s] Level 1:colcon.colcon_core.package_identification:_identify(workspace/ros_ur_driver/src/build/ur_dashboard_msgs/CMakeFiles) by extensions ['ros']
[0.953s] Level 1:colcon.colcon_core.package_identification:_identify(workspace/ros_ur_driver/src/build/ur_dashboard_msgs/CMakeFiles) by extension 'ros'
[0.953s] Level 1:colcon.colcon_core.package_identification:_identify(workspace/ros_ur_driver/src/build/ur_dashboard_msgs/CMakeFiles) by extensions ['cmake', 'python']
[0.953s] Level 1:colcon.colcon_core.package_identification:_identify(workspace/ros_ur_driver/src/build/ur_dashboard_msgs/CMakeFiles) by extension 'cmake'
[0.953s] Level 1:colcon.colcon_core.package_identification:_identify(workspace/ros_ur_driver/src/build/ur_dashboard_msgs/CMakeFiles) by extension 'python'
[0.953s] Level 1:colcon.colcon_core.package_identification:_identify(workspace/ros_ur_driver/src/build/ur_dashboard_msgs/CMakeFiles) by extensions ['python_setup_py']
[0.953s] Level 1:colcon.colcon_core.package_identification:_identify(workspace/ros_ur_driver/src/build/ur_dashboard_msgs/CMakeFiles) by extension 'python_setup_py'
[0.954s] Level 1:colcon.colcon_core.package_identification:_identify(workspace/ros_ur_driver/src/build/ur_dashboard_msgs/CMakeFiles/3.22.1) by extensions ['ignore', 'ignore_ament_install']
[0.954s] Level 1:colcon.colcon_core.package_identification:_identify(workspace/ros_ur_driver/src/build/ur_dashboard_msgs/CMakeFiles/3.22.1) by extension 'ignore'
[0.954s] Level 1:colcon.colcon_core.package_identification:_identify(workspace/ros_ur_driver/src/build/ur_dashboard_msgs/CMakeFiles/3.22.1) by extension 'ignore_ament_install'
[0.954s] Level 1:colcon.colcon_core.package_identification:_identify(workspace/ros_ur_driver/src/build/ur_dashboard_msgs/CMakeFiles/3.22.1) by extensions ['colcon_pkg']
[0.954s] Level 1:colcon.colcon_core.package_identification:_identify(workspace/ros_ur_driver/src/build/ur_dashboard_msgs/CMakeFiles/3.22.1) by extension 'colcon_pkg'
[0.954s] Level 1:colcon.colcon_core.package_identification:_identify(workspace/ros_ur_driver/src/build/ur_dashboard_msgs/CMakeFiles/3.22.1) by extensions ['colcon_meta']
[0.955s] Level 1:colcon.colcon_core.package_identification:_identify(workspace/ros_ur_driver/src/build/ur_dashboard_msgs/CMakeFiles/3.22.1) by extension 'colcon_meta'
[0.955s] Level 1:colcon.colcon_core.package_identification:_identify(workspace/ros_ur_driver/src/build/ur_dashboard_msgs/CMakeFiles/3.22.1) by extensions ['ros']
[0.955s] Level 1:colcon.colcon_core.package_identification:_identify(workspace/ros_ur_driver/src/build/ur_dashboard_msgs/CMakeFiles/3.22.1) by extension 'ros'
[0.955s] Level 1:colcon.colcon_core.package_identification:_identify(workspace/ros_ur_driver/src/build/ur_dashboard_msgs/CMakeFiles/3.22.1) by extensions ['cmake', 'python']
[0.955s] Level 1:colcon.colcon_core.package_identification:_identify(workspace/ros_ur_driver/src/build/ur_dashboard_msgs/CMakeFiles/3.22.1) by extension 'cmake'
[0.956s] Level 1:colcon.colcon_core.package_identification:_identify(workspace/ros_ur_driver/src/build/ur_dashboard_msgs/CMakeFiles/3.22.1) by extension 'python'
[0.956s] Level 1:colcon.colcon_core.package_identification:_identify(workspace/ros_ur_driver/src/build/ur_dashboard_msgs/CMakeFiles/3.22.1) by extensions ['python_setup_py']
[0.956s] Level 1:colcon.colcon_core.package_identification:_identify(workspace/ros_ur_driver/src/build/ur_dashboard_msgs/CMakeFiles/3.22.1) by extension 'python_setup_py'
[0.956s] Level 1:colcon.colcon_core.package_identification:_identify(workspace/ros_ur_driver/src/build/ur_dashboard_msgs/CMakeFiles/3.22.1/CompilerIdC) by extensions ['ignore', 'ignore_ament_install']
[0.956s] Level 1:colcon.colcon_core.package_identification:_identify(workspace/ros_ur_driver/src/build/ur_dashboard_msgs/CMakeFiles/3.22.1/CompilerIdC) by extension 'ignore'
[0.956s] Level 1:colcon.colcon_core.package_identification:_identify(workspace/ros_ur_driver/src/build/ur_dashboard_msgs/CMakeFiles/3.22.1/CompilerIdC) by extension 'ignore_ament_install'
[0.956s] Level 1:colcon.colcon_core.package_identification:_identify(workspace/ros_ur_driver/src/build/ur_dashboard_msgs/CMakeFiles/3.22.1/CompilerIdC) by extensions ['colcon_pkg']
[0.956s] Level 1:colcon.colcon_core.package_identification:_identify(workspace/ros_ur_driver/src/build/ur_dashboard_msgs/CMakeFiles/3.22.1/CompilerIdC) by extension 'colcon_pkg'
[0.956s] Level 1:colcon.colcon_core.package_identification:_identify(workspace/ros_ur_driver/src/build/ur_dashboard_msgs/CMakeFiles/3.22.1/CompilerIdC) by extensions ['colcon_meta']
[0.960s] Level 1:colcon.colcon_core.package_identification:_identify(workspace/ros_ur_driver/src/build/ur_dashboard_msgs/CMakeFiles/3.22.1/CompilerIdC) by extension 'colcon_meta'
[0.960s] Level 1:colcon.colcon_core.package_identification:_identify(workspace/ros_ur_driver/src/build/ur_dashboard_msgs/CMakeFiles/3.22.1/CompilerIdC) by extensions ['ros']
[0.960s] Level 1:colcon.colcon_core.package_identification:_identify(workspace/ros_ur_driver/src/build/ur_dashboard_msgs/CMakeFiles/3.22.1/CompilerIdC) by extension 'ros'
[0.961s] Level 1:colcon.colcon_core.package_identification:_identify(workspace/ros_ur_driver/src/build/ur_dashboard_msgs/CMakeFiles/3.22.1/CompilerIdC) by extensions ['cmake', 'python']
[0.961s] Level 1:colcon.colcon_core.package_identification:_identify(workspace/ros_ur_driver/src/build/ur_dashboard_msgs/CMakeFiles/3.22.1/CompilerIdC) by extension 'cmake'
[0.961s] Level 1:colcon.colcon_core.package_identification:_identify(workspace/ros_ur_driver/src/build/ur_dashboard_msgs/CMakeFiles/3.22.1/CompilerIdC) by extension 'python'
[0.965s] Level 1:colcon.colcon_core.package_identification:_identify(workspace/ros_ur_driver/src/build/ur_dashboard_msgs/CMakeFiles/3.22.1/CompilerIdC) by extensions ['python_setup_py']
[0.966s] Level 1:colcon.colcon_core.package_identification:_identify(workspace/ros_ur_driver/src/build/ur_dashboard_msgs/CMakeFiles/3.22.1/CompilerIdC) by extension 'python_setup_py'
[0.966s] Level 1:colcon.colcon_core.package_identification:_identify(workspace/ros_ur_driver/src/build/ur_dashboard_msgs/CMakeFiles/3.22.1/CompilerIdC/tmp) by extensions ['ignore', 'ignore_ament_install']
[0.966s] Level 1:colcon.colcon_core.package_identification:_identify(workspace/ros_ur_driver/src/build/ur_dashboard_msgs/CMakeFiles/3.22.1/CompilerIdC/tmp) by extension 'ignore'
[0.966s] Level 1:colcon.colcon_core.package_identification:_identify(workspace/ros_ur_driver/src/build/ur_dashboard_msgs/CMakeFiles/3.22.1/CompilerIdC/tmp) by extension 'ignore_ament_install'
[0.966s] Level 1:colcon.colcon_core.package_identification:_identify(workspace/ros_ur_driver/src/build/ur_dashboard_msgs/CMakeFiles/3.22.1/CompilerIdC/tmp) by extensions ['colcon_pkg']
[0.966s] Level 1:colcon.colcon_core.package_identification:_identify(workspace/ros_ur_driver/src/build/ur_dashboard_msgs/CMakeFiles/3.22.1/CompilerIdC/tmp) by extension 'colcon_pkg'
[0.966s] Level 1:colcon.colcon_core.package_identification:_identify(workspace/ros_ur_driver/src/build/ur_dashboard_msgs/CMakeFiles/3.22.1/CompilerIdC/tmp) by extensions ['colcon_meta']
[0.966s] Level 1:colcon.colcon_core.package_identification:_identify(workspace/ros_ur_driver/src/build/ur_dashboard_msgs/CMakeFiles/3.22.1/CompilerIdC/tmp) by extension 'colcon_meta'
[0.966s] Level 1:colcon.colcon_core.package_identification:_identify(workspace/ros_ur_driver/src/build/ur_dashboard_msgs/CMakeFiles/3.22.1/CompilerIdC/tmp) by extensions ['ros']
[0.966s] Level 1:colcon.colcon_core.package_identification:_identify(workspace/ros_ur_driver/src/build/ur_dashboard_msgs/CMakeFiles/3.22.1/CompilerIdC/tmp) by extension 'ros'
[0.966s] Level 1:colcon.colcon_core.package_identification:_identify(workspace/ros_ur_driver/src/build/ur_dashboard_msgs/CMakeFiles/3.22.1/CompilerIdC/tmp) by extensions ['cmake', 'python']
[0.966s] Level 1:colcon.colcon_core.package_identification:_identify(workspace/ros_ur_driver/src/build/ur_dashboard_msgs/CMakeFiles/3.22.1/CompilerIdC/tmp) by extension 'cmake'
[0.967s] Level 1:colcon.colcon_core.package_identification:_identify(workspace/ros_ur_driver/src/build/ur_dashboard_msgs/CMakeFiles/3.22.1/CompilerIdC/tmp) by extension 'python'
[0.967s] Level 1:colcon.colcon_core.package_identification:_identify(workspace/ros_ur_driver/src/build/ur_dashboard_msgs/CMakeFiles/3.22.1/CompilerIdC/tmp) by extensions ['python_setup_py']
[0.967s] Level 1:colcon.colcon_core.package_identification:_identify(workspace/ros_ur_driver/src/build/ur_dashboard_msgs/CMakeFiles/3.22.1/CompilerIdC/tmp) by extension 'python_setup_py'
[0.967s] Level 1:colcon.colcon_core.package_identification:_identify(workspace/ros_ur_driver/src/build/ur_dashboard_msgs/CMakeFiles/3.22.1/CompilerIdCXX) by extensions ['ignore', 'ignore_ament_install']
[0.967s] Level 1:colcon.colcon_core.package_identification:_identify(workspace/ros_ur_driver/src/build/ur_dashboard_msgs/CMakeFiles/3.22.1/CompilerIdCXX) by extension 'ignore'
[0.967s] Level 1:colcon.colcon_core.package_identification:_identify(workspace/ros_ur_driver/src/build/ur_dashboard_msgs/CMakeFiles/3.22.1/CompilerIdCXX) by extension 'ignore_ament_install'
[0.967s] Level 1:colcon.colcon_core.package_identification:_identify(workspace/ros_ur_driver/src/build/ur_dashboard_msgs/CMakeFiles/3.22.1/CompilerIdCXX) by extensions ['colcon_pkg']
[0.967s] Level 1:colcon.colcon_core.package_identification:_identify(workspace/ros_ur_driver/src/build/ur_dashboard_msgs/CMakeFiles/3.22.1/CompilerIdCXX) by extension 'colcon_pkg'
[0.967s] Level 1:colcon.colcon_core.package_identification:_identify(workspace/ros_ur_driver/src/build/ur_dashboard_msgs/CMakeFiles/3.22.1/CompilerIdCXX) by extensions ['colcon_meta']
[0.967s] Level 1:colcon.colcon_core.package_identification:_identify(workspace/ros_ur_driver/src/build/ur_dashboard_msgs/CMakeFiles/3.22.1/CompilerIdCXX) by extension 'colcon_meta'
[0.967s] Level 1:colcon.colcon_core.package_identification:_identify(workspace/ros_ur_driver/src/build/ur_dashboard_msgs/CMakeFiles/3.22.1/CompilerIdCXX) by extensions ['ros']
[0.967s] Level 1:colcon.colcon_core.package_identification:_identify(workspace/ros_ur_driver/src/build/ur_dashboard_msgs/CMakeFiles/3.22.1/CompilerIdCXX) by extension 'ros'
[0.967s] Level 1:colcon.colcon_core.package_identification:_identify(workspace/ros_ur_driver/src/build/ur_dashboard_msgs/CMakeFiles/3.22.1/CompilerIdCXX) by extensions ['cmake', 'python']
[0.967s] Level 1:colcon.colcon_core.package_identification:_identify(workspace/ros_ur_driver/src/build/ur_dashboard_msgs/CMakeFiles/3.22.1/CompilerIdCXX) by extension 'cmake'
[0.967s] Level 1:colcon.colcon_core.package_identification:_identify(workspace/ros_ur_driver/src/build/ur_dashboard_msgs/CMakeFiles/3.22.1/CompilerIdCXX) by extension 'python'
[0.968s] Level 1:colcon.colcon_core.package_identification:_identify(workspace/ros_ur_driver/src/build/ur_dashboard_msgs/CMakeFiles/3.22.1/CompilerIdCXX) by extensions ['python_setup_py']
[0.968s] Level 1:colcon.colcon_core.package_identification:_identify(workspace/ros_ur_driver/src/build/ur_dashboard_msgs/CMakeFiles/3.22.1/CompilerIdCXX) by extension 'python_setup_py'
[0.968s] Level 1:colcon.colcon_core.package_identification:_identify(workspace/ros_ur_driver/src/build/ur_dashboard_msgs/CMakeFiles/3.22.1/CompilerIdCXX/tmp) by extensions ['ignore', 'ignore_ament_install']
[0.968s] Level 1:colcon.colcon_core.package_identification:_identify(workspace/ros_ur_driver/src/build/ur_dashboard_msgs/CMakeFiles/3.22.1/CompilerIdCXX/tmp) by extension 'ignore'
[0.968s] Level 1:colcon.colcon_core.package_identification:_identify(workspace/ros_ur_driver/src/build/ur_dashboard_msgs/CMakeFiles/3.22.1/CompilerIdCXX/tmp) by extension 'ignore_ament_install'
[0.968s] Level 1:colcon.colcon_core.package_identification:_identify(workspace/ros_ur_driver/src/build/ur_dashboard_msgs/CMakeFiles/3.22.1/CompilerIdCXX/tmp) by extensions ['colcon_pkg']
[0.968s] Level 1:colcon.colcon_core.package_identification:_identify(workspace/ros_ur_driver/src/build/ur_dashboard_msgs/CMakeFiles/3.22.1/CompilerIdCXX/tmp) by extension 'colcon_pkg'
[0.968s] Level 1:colcon.colcon_core.package_identification:_identify(workspace/ros_ur_driver/src/build/ur_dashboard_msgs/CMakeFiles/3.22.1/CompilerIdCXX/tmp) by extensions ['colcon_meta']
[0.968s] Level 1:colcon.colcon_core.package_identification:_identify(workspace/ros_ur_driver/src/build/ur_dashboard_msgs/CMakeFiles/3.22.1/CompilerIdCXX/tmp) by extension 'colcon_meta'
[0.968s] Level 1:colcon.colcon_core.package_identification:_identify(workspace/ros_ur_driver/src/build/ur_dashboard_msgs/CMakeFiles/3.22.1/CompilerIdCXX/tmp) by extensions ['ros']
[0.968s] Level 1:colcon.colcon_core.package_identification:_identify(workspace/ros_ur_driver/src/build/ur_dashboard_msgs/CMakeFiles/3.22.1/CompilerIdCXX/tmp) by extension 'ros'
[0.968s] Level 1:colcon.colcon_core.package_identification:_identify(workspace/ros_ur_driver/src/build/ur_dashboard_msgs/CMakeFiles/3.22.1/CompilerIdCXX/tmp) by extensions ['cmake', 'python']
[0.968s] Level 1:colcon.colcon_core.package_identification:_identify(workspace/ros_ur_driver/src/build/ur_dashboard_msgs/CMakeFiles/3.22.1/CompilerIdCXX/tmp) by extension 'cmake'
[0.968s] Level 1:colcon.colcon_core.package_identification:_identify(workspace/ros_ur_driver/src/build/ur_dashboard_msgs/CMakeFiles/3.22.1/CompilerIdCXX/tmp) by extension 'python'
[0.968s] Level 1:colcon.colcon_core.package_identification:_identify(workspace/ros_ur_driver/src/build/ur_dashboard_msgs/CMakeFiles/3.22.1/CompilerIdCXX/tmp) by extensions ['python_setup_py']
[0.969s] Level 1:colcon.colcon_core.package_identification:_identify(workspace/ros_ur_driver/src/build/ur_dashboard_msgs/CMakeFiles/3.22.1/CompilerIdCXX/tmp) by extension 'python_setup_py'
[0.969s] Level 1:colcon.colcon_core.package_identification:_identify(workspace/ros_ur_driver/src/build/ur_dashboard_msgs/CMakeFiles/CMakeTmp) by extensions ['ignore', 'ignore_ament_install']
[0.969s] Level 1:colcon.colcon_core.package_identification:_identify(workspace/ros_ur_driver/src/build/ur_dashboard_msgs/CMakeFiles/CMakeTmp) by extension 'ignore'
[0.969s] Level 1:colcon.colcon_core.package_identification:_identify(workspace/ros_ur_driver/src/build/ur_dashboard_msgs/CMakeFiles/CMakeTmp) by extension 'ignore_ament_install'
[0.969s] Level 1:colcon.colcon_core.package_identification:_identify(workspace/ros_ur_driver/src/build/ur_dashboard_msgs/CMakeFiles/CMakeTmp) by extensions ['colcon_pkg']
[0.969s] Level 1:colcon.colcon_core.package_identification:_identify(workspace/ros_ur_driver/src/build/ur_dashboard_msgs/CMakeFiles/CMakeTmp) by extension 'colcon_pkg'
[0.969s] Level 1:colcon.colcon_core.package_identification:_identify(workspace/ros_ur_driver/src/build/ur_dashboard_msgs/CMakeFiles/CMakeTmp) by extensions ['colcon_meta']
[0.969s] Level 1:colcon.colcon_core.package_identification:_identify(workspace/ros_ur_driver/src/build/ur_dashboard_msgs/CMakeFiles/CMakeTmp) by extension 'colcon_meta'
[0.969s] Level 1:colcon.colcon_core.package_identification:_identify(workspace/ros_ur_driver/src/build/ur_dashboard_msgs/CMakeFiles/CMakeTmp) by extensions ['ros']
[0.969s] Level 1:colcon.colcon_core.package_identification:_identify(workspace/ros_ur_driver/src/build/ur_dashboard_msgs/CMakeFiles/CMakeTmp) by extension 'ros'
[0.969s] Level 1:colcon.colcon_core.package_identification:_identify(workspace/ros_ur_driver/src/build/ur_dashboard_msgs/CMakeFiles/CMakeTmp) by extensions ['cmake', 'python']
[0.969s] Level 1:colcon.colcon_core.package_identification:_identify(workspace/ros_ur_driver/src/build/ur_dashboard_msgs/CMakeFiles/CMakeTmp) by extension 'cmake'
[0.969s] Level 1:colcon.colcon_core.package_identification:_identify(workspace/ros_ur_driver/src/build/ur_dashboard_msgs/CMakeFiles/CMakeTmp) by extension 'python'
[0.969s] Level 1:colcon.colcon_core.package_identification:_identify(workspace/ros_ur_driver/src/build/ur_dashboard_msgs/CMakeFiles/CMakeTmp) by extensions ['python_setup_py']
[0.969s] Level 1:colcon.colcon_core.package_identification:_identify(workspace/ros_ur_driver/src/build/ur_dashboard_msgs/CMakeFiles/CMakeTmp) by extension 'python_setup_py'
[0.970s] Level 1:colcon.colcon_core.package_identification:_identify(workspace/ros_ur_driver/src/build/ur_description) by extensions ['ignore', 'ignore_ament_install']
[0.970s] Level 1:colcon.colcon_core.package_identification:_identify(workspace/ros_ur_driver/src/build/ur_description) by extension 'ignore'
[0.970s] Level 1:colcon.colcon_core.package_identification:_identify(workspace/ros_ur_driver/src/build/ur_description) by extension 'ignore_ament_install'
[0.970s] Level 1:colcon.colcon_core.package_identification:_identify(workspace/ros_ur_driver/src/build/ur_description) by extensions ['colcon_pkg']
[0.970s] Level 1:colcon.colcon_core.package_identification:_identify(workspace/ros_ur_driver/src/build/ur_description) by extension 'colcon_pkg'
[0.970s] Level 1:colcon.colcon_core.package_identification:_identify(workspace/ros_ur_driver/src/build/ur_description) by extensions ['colcon_meta']
[0.970s] Level 1:colcon.colcon_core.package_identification:_identify(workspace/ros_ur_driver/src/build/ur_description) by extension 'colcon_meta'
[0.970s] Level 1:colcon.colcon_core.package_identification:_identify(workspace/ros_ur_driver/src/build/ur_description) by extensions ['ros']
[0.970s] Level 1:colcon.colcon_core.package_identification:_identify(workspace/ros_ur_driver/src/build/ur_description) by extension 'ros'
[0.970s] Level 1:colcon.colcon_core.package_identification:_identify(workspace/ros_ur_driver/src/build/ur_description) by extensions ['cmake', 'python']
[0.970s] Level 1:colcon.colcon_core.package_identification:_identify(workspace/ros_ur_driver/src/build/ur_description) by extension 'cmake'
[0.970s] Level 1:colcon.colcon_core.package_identification:_identify(workspace/ros_ur_driver/src/build/ur_description) by extension 'python'
[0.970s] Level 1:colcon.colcon_core.package_identification:_identify(workspace/ros_ur_driver/src/build/ur_description) by extensions ['python_setup_py']
[0.970s] Level 1:colcon.colcon_core.package_identification:_identify(workspace/ros_ur_driver/src/build/ur_description) by extension 'python_setup_py'
[0.970s] Level 1:colcon.colcon_core.package_identification:_identify(workspace/ros_ur_driver/src/build/ur_description/CMakeFiles) by extensions ['ignore', 'ignore_ament_install']
[0.971s] Level 1:colcon.colcon_core.package_identification:_identify(workspace/ros_ur_driver/src/build/ur_description/CMakeFiles) by extension 'ignore'
[0.971s] Level 1:colcon.colcon_core.package_identification:_identify(workspace/ros_ur_driver/src/build/ur_description/CMakeFiles) by extension 'ignore_ament_install'
[0.971s] Level 1:colcon.colcon_core.package_identification:_identify(workspace/ros_ur_driver/src/build/ur_description/CMakeFiles) by extensions ['colcon_pkg']
[0.971s] Level 1:colcon.colcon_core.package_identification:_identify(workspace/ros_ur_driver/src/build/ur_description/CMakeFiles) by extension 'colcon_pkg'
[0.971s] Level 1:colcon.colcon_core.package_identification:_identify(workspace/ros_ur_driver/src/build/ur_description/CMakeFiles) by extensions ['colcon_meta']
[0.971s] Level 1:colcon.colcon_core.package_identification:_identify(workspace/ros_ur_driver/src/build/ur_description/CMakeFiles) by extension 'colcon_meta'
[0.971s] Level 1:colcon.colcon_core.package_identification:_identify(workspace/ros_ur_driver/src/build/ur_description/CMakeFiles) by extensions ['ros']
[0.971s] Level 1:colcon.colcon_core.package_identification:_identify(workspace/ros_ur_driver/src/build/ur_description/CMakeFiles) by extension 'ros'
[0.971s] Level 1:colcon.colcon_core.package_identification:_identify(workspace/ros_ur_driver/src/build/ur_description/CMakeFiles) by extensions ['cmake', 'python']
[0.971s] Level 1:colcon.colcon_core.package_identification:_identify(workspace/ros_ur_driver/src/build/ur_description/CMakeFiles) by extension 'cmake'
[0.971s] Level 1:colcon.colcon_core.package_identification:_identify(workspace/ros_ur_driver/src/build/ur_description/CMakeFiles) by extension 'python'
[0.971s] Level 1:colcon.colcon_core.package_identification:_identify(workspace/ros_ur_driver/src/build/ur_description/CMakeFiles) by extensions ['python_setup_py']
[0.971s] Level 1:colcon.colcon_core.package_identification:_identify(workspace/ros_ur_driver/src/build/ur_description/CMakeFiles) by extension 'python_setup_py'
[0.971s] Level 1:colcon.colcon_core.package_identification:_identify(workspace/ros_ur_driver/src/build/ur_description/CMakeFiles/3.22.1) by extensions ['ignore', 'ignore_ament_install']
[0.971s] Level 1:colcon.colcon_core.package_identification:_identify(workspace/ros_ur_driver/src/build/ur_description/CMakeFiles/3.22.1) by extension 'ignore'
[0.972s] Level 1:colcon.colcon_core.package_identification:_identify(workspace/ros_ur_driver/src/build/ur_description/CMakeFiles/3.22.1) by extension 'ignore_ament_install'
[0.972s] Level 1:colcon.colcon_core.package_identification:_identify(workspace/ros_ur_driver/src/build/ur_description/CMakeFiles/3.22.1) by extensions ['colcon_pkg']
[0.972s] Level 1:colcon.colcon_core.package_identification:_identify(workspace/ros_ur_driver/src/build/ur_description/CMakeFiles/3.22.1) by extension 'colcon_pkg'
[0.972s] Level 1:colcon.colcon_core.package_identification:_identify(workspace/ros_ur_driver/src/build/ur_description/CMakeFiles/3.22.1) by extensions ['colcon_meta']
[0.972s] Level 1:colcon.colcon_core.package_identification:_identify(workspace/ros_ur_driver/src/build/ur_description/CMakeFiles/3.22.1) by extension 'colcon_meta'
[0.972s] Level 1:colcon.colcon_core.package_identification:_identify(workspace/ros_ur_driver/src/build/ur_description/CMakeFiles/3.22.1) by extensions ['ros']
[0.972s] Level 1:colcon.colcon_core.package_identification:_identify(workspace/ros_ur_driver/src/build/ur_description/CMakeFiles/3.22.1) by extension 'ros'
[0.972s] Level 1:colcon.colcon_core.package_identification:_identify(workspace/ros_ur_driver/src/build/ur_description/CMakeFiles/3.22.1) by extensions ['cmake', 'python']
[0.972s] Level 1:colcon.colcon_core.package_identification:_identify(workspace/ros_ur_driver/src/build/ur_description/CMakeFiles/3.22.1) by extension 'cmake'
[0.972s] Level 1:colcon.colcon_core.package_identification:_identify(workspace/ros_ur_driver/src/build/ur_description/CMakeFiles/3.22.1) by extension 'python'
[0.972s] Level 1:colcon.colcon_core.package_identification:_identify(workspace/ros_ur_driver/src/build/ur_description/CMakeFiles/3.22.1) by extensions ['python_setup_py']
[0.972s] Level 1:colcon.colcon_core.package_identification:_identify(workspace/ros_ur_driver/src/build/ur_description/CMakeFiles/3.22.1) by extension 'python_setup_py'
[0.972s] Level 1:colcon.colcon_core.package_identification:_identify(workspace/ros_ur_driver/src/build/ur_description/CMakeFiles/3.22.1/CompilerIdC) by extensions ['ignore', 'ignore_ament_install']
[0.972s] Level 1:colcon.colcon_core.package_identification:_identify(workspace/ros_ur_driver/src/build/ur_description/CMakeFiles/3.22.1/CompilerIdC) by extension 'ignore'
[0.972s] Level 1:colcon.colcon_core.package_identification:_identify(workspace/ros_ur_driver/src/build/ur_description/CMakeFiles/3.22.1/CompilerIdC) by extension 'ignore_ament_install'
[0.972s] Level 1:colcon.colcon_core.package_identification:_identify(workspace/ros_ur_driver/src/build/ur_description/CMakeFiles/3.22.1/CompilerIdC) by extensions ['colcon_pkg']
[0.972s] Level 1:colcon.colcon_core.package_identification:_identify(workspace/ros_ur_driver/src/build/ur_description/CMakeFiles/3.22.1/CompilerIdC) by extension 'colcon_pkg'
[0.973s] Level 1:colcon.colcon_core.package_identification:_identify(workspace/ros_ur_driver/src/build/ur_description/CMakeFiles/3.22.1/CompilerIdC) by extensions ['colcon_meta']
[0.973s] Level 1:colcon.colcon_core.package_identification:_identify(workspace/ros_ur_driver/src/build/ur_description/CMakeFiles/3.22.1/CompilerIdC) by extension 'colcon_meta'
[0.973s] Level 1:colcon.colcon_core.package_identification:_identify(workspace/ros_ur_driver/src/build/ur_description/CMakeFiles/3.22.1/CompilerIdC) by extensions ['ros']
[0.973s] Level 1:colcon.colcon_core.package_identification:_identify(workspace/ros_ur_driver/src/build/ur_description/CMakeFiles/3.22.1/CompilerIdC) by extension 'ros'
[0.973s] Level 1:colcon.colcon_core.package_identification:_identify(workspace/ros_ur_driver/src/build/ur_description/CMakeFiles/3.22.1/CompilerIdC) by extensions ['cmake', 'python']
[0.973s] Level 1:colcon.colcon_core.package_identification:_identify(workspace/ros_ur_driver/src/build/ur_description/CMakeFiles/3.22.1/CompilerIdC) by extension 'cmake'
[0.973s] Level 1:colcon.colcon_core.package_identification:_identify(workspace/ros_ur_driver/src/build/ur_description/CMakeFiles/3.22.1/CompilerIdC) by extension 'python'
[0.973s] Level 1:colcon.colcon_core.package_identification:_identify(workspace/ros_ur_driver/src/build/ur_description/CMakeFiles/3.22.1/CompilerIdC) by extensions ['python_setup_py']
[0.973s] Level 1:colcon.colcon_core.package_identification:_identify(workspace/ros_ur_driver/src/build/ur_description/CMakeFiles/3.22.1/CompilerIdC) by extension 'python_setup_py'
[0.973s] Level 1:colcon.colcon_core.package_identification:_identify(workspace/ros_ur_driver/src/build/ur_description/CMakeFiles/3.22.1/CompilerIdC/tmp) by extensions ['ignore', 'ignore_ament_install']
[0.973s] Level 1:colcon.colcon_core.package_identification:_identify(workspace/ros_ur_driver/src/build/ur_description/CMakeFiles/3.22.1/CompilerIdC/tmp) by extension 'ignore'
[0.973s] Level 1:colcon.colcon_core.package_identification:_identify(workspace/ros_ur_driver/src/build/ur_description/CMakeFiles/3.22.1/CompilerIdC/tmp) by extension 'ignore_ament_install'
[0.973s] Level 1:colcon.colcon_core.package_identification:_identify(workspace/ros_ur_driver/src/build/ur_description/CMakeFiles/3.22.1/CompilerIdC/tmp) by extensions ['colcon_pkg']
[0.973s] Level 1:colcon.colcon_core.package_identification:_identify(workspace/ros_ur_driver/src/build/ur_description/CMakeFiles/3.22.1/CompilerIdC/tmp) by extension 'colcon_pkg'
[0.973s] Level 1:colcon.colcon_core.package_identification:_identify(workspace/ros_ur_driver/src/build/ur_description/CMakeFiles/3.22.1/CompilerIdC/tmp) by extensions ['colcon_meta']
[0.973s] Level 1:colcon.colcon_core.package_identification:_identify(workspace/ros_ur_driver/src/build/ur_description/CMakeFiles/3.22.1/CompilerIdC/tmp) by extension 'colcon_meta'
[0.974s] Level 1:colcon.colcon_core.package_identification:_identify(workspace/ros_ur_driver/src/build/ur_description/CMakeFiles/3.22.1/CompilerIdC/tmp) by extensions ['ros']
[0.974s] Level 1:colcon.colcon_core.package_identification:_identify(workspace/ros_ur_driver/src/build/ur_description/CMakeFiles/3.22.1/CompilerIdC/tmp) by extension 'ros'
[0.974s] Level 1:colcon.colcon_core.package_identification:_identify(workspace/ros_ur_driver/src/build/ur_description/CMakeFiles/3.22.1/CompilerIdC/tmp) by extensions ['cmake', 'python']
[0.974s] Level 1:colcon.colcon_core.package_identification:_identify(workspace/ros_ur_driver/src/build/ur_description/CMakeFiles/3.22.1/CompilerIdC/tmp) by extension 'cmake'
[0.974s] Level 1:colcon.colcon_core.package_identification:_identify(workspace/ros_ur_driver/src/build/ur_description/CMakeFiles/3.22.1/CompilerIdC/tmp) by extension 'python'
[0.974s] Level 1:colcon.colcon_core.package_identification:_identify(workspace/ros_ur_driver/src/build/ur_description/CMakeFiles/3.22.1/CompilerIdC/tmp) by extensions ['python_setup_py']
[0.974s] Level 1:colcon.colcon_core.package_identification:_identify(workspace/ros_ur_driver/src/build/ur_description/CMakeFiles/3.22.1/CompilerIdC/tmp) by extension 'python_setup_py'
[0.974s] Level 1:colcon.colcon_core.package_identification:_identify(workspace/ros_ur_driver/src/build/ur_description/CMakeFiles/3.22.1/CompilerIdCXX) by extensions ['ignore', 'ignore_ament_install']
[0.974s] Level 1:colcon.colcon_core.package_identification:_identify(workspace/ros_ur_driver/src/build/ur_description/CMakeFiles/3.22.1/CompilerIdCXX) by extension 'ignore'
[0.974s] Level 1:colcon.colcon_core.package_identification:_identify(workspace/ros_ur_driver/src/build/ur_description/CMakeFiles/3.22.1/CompilerIdCXX) by extension 'ignore_ament_install'
[0.974s] Level 1:colcon.colcon_core.package_identification:_identify(workspace/ros_ur_driver/src/build/ur_description/CMakeFiles/3.22.1/CompilerIdCXX) by extensions ['colcon_pkg']
[0.974s] Level 1:colcon.colcon_core.package_identification:_identify(workspace/ros_ur_driver/src/build/ur_description/CMakeFiles/3.22.1/CompilerIdCXX) by extension 'colcon_pkg'
[0.974s] Level 1:colcon.colcon_core.package_identification:_identify(workspace/ros_ur_driver/src/build/ur_description/CMakeFiles/3.22.1/CompilerIdCXX) by extensions ['colcon_meta']
[0.974s] Level 1:colcon.colcon_core.package_identification:_identify(workspace/ros_ur_driver/src/build/ur_description/CMakeFiles/3.22.1/CompilerIdCXX) by extension 'colcon_meta'
[0.974s] Level 1:colcon.colcon_core.package_identification:_identify(workspace/ros_ur_driver/src/build/ur_description/CMakeFiles/3.22.1/CompilerIdCXX) by extensions ['ros']
[0.974s] Level 1:colcon.colcon_core.package_identification:_identify(workspace/ros_ur_driver/src/build/ur_description/CMakeFiles/3.22.1/CompilerIdCXX) by extension 'ros'
[0.975s] Level 1:colcon.colcon_core.package_identification:_identify(workspace/ros_ur_driver/src/build/ur_description/CMakeFiles/3.22.1/CompilerIdCXX) by extensions ['cmake', 'python']
[0.975s] Level 1:colcon.colcon_core.package_identification:_identify(workspace/ros_ur_driver/src/build/ur_description/CMakeFiles/3.22.1/CompilerIdCXX) by extension 'cmake'
[0.975s] Level 1:colcon.colcon_core.package_identification:_identify(workspace/ros_ur_driver/src/build/ur_description/CMakeFiles/3.22.1/CompilerIdCXX) by extension 'python'
[0.975s] Level 1:colcon.colcon_core.package_identification:_identify(workspace/ros_ur_driver/src/build/ur_description/CMakeFiles/3.22.1/CompilerIdCXX) by extensions ['python_setup_py']
[0.992s] Level 1:colcon.colcon_core.package_identification:_identify(workspace/ros_ur_driver/src/build/ur_description/CMakeFiles/3.22.1/CompilerIdCXX) by extension 'python_setup_py'
[0.992s] Level 1:colcon.colcon_core.package_identification:_identify(workspace/ros_ur_driver/src/build/ur_description/CMakeFiles/3.22.1/CompilerIdCXX/tmp) by extensions ['ignore', 'ignore_ament_install']
[0.992s] Level 1:colcon.colcon_core.package_identification:_identify(workspace/ros_ur_driver/src/build/ur_description/CMakeFiles/3.22.1/CompilerIdCXX/tmp) by extension 'ignore'
[0.992s] Level 1:colcon.colcon_core.package_identification:_identify(workspace/ros_ur_driver/src/build/ur_description/CMakeFiles/3.22.1/CompilerIdCXX/tmp) by extension 'ignore_ament_install'
[0.992s] Level 1:colcon.colcon_core.package_identification:_identify(workspace/ros_ur_driver/src/build/ur_description/CMakeFiles/3.22.1/CompilerIdCXX/tmp) by extensions ['colcon_pkg']
[0.993s] Level 1:colcon.colcon_core.package_identification:_identify(workspace/ros_ur_driver/src/build/ur_description/CMakeFiles/3.22.1/CompilerIdCXX/tmp) by extension 'colcon_pkg'
[0.993s] Level 1:colcon.colcon_core.package_identification:_identify(workspace/ros_ur_driver/src/build/ur_description/CMakeFiles/3.22.1/CompilerIdCXX/tmp) by extensions ['colcon_meta']
[0.993s] Level 1:colcon.colcon_core.package_identification:_identify(workspace/ros_ur_driver/src/build/ur_description/CMakeFiles/3.22.1/CompilerIdCXX/tmp) by extension 'colcon_meta'
[0.993s] Level 1:colcon.colcon_core.package_identification:_identify(workspace/ros_ur_driver/src/build/ur_description/CMakeFiles/3.22.1/CompilerIdCXX/tmp) by extensions ['ros']
[0.993s] Level 1:colcon.colcon_core.package_identification:_identify(workspace/ros_ur_driver/src/build/ur_description/CMakeFiles/3.22.1/CompilerIdCXX/tmp) by extension 'ros'
[0.993s] Level 1:colcon.colcon_core.package_identification:_identify(workspace/ros_ur_driver/src/build/ur_description/CMakeFiles/3.22.1/CompilerIdCXX/tmp) by extensions ['cmake', 'python']
[0.993s] Level 1:colcon.colcon_core.package_identification:_identify(workspace/ros_ur_driver/src/build/ur_description/CMakeFiles/3.22.1/CompilerIdCXX/tmp) by extension 'cmake'
[0.993s] Level 1:colcon.colcon_core.package_identification:_identify(workspace/ros_ur_driver/src/build/ur_description/CMakeFiles/3.22.1/CompilerIdCXX/tmp) by extension 'python'
[0.993s] Level 1:colcon.colcon_core.package_identification:_identify(workspace/ros_ur_driver/src/build/ur_description/CMakeFiles/3.22.1/CompilerIdCXX/tmp) by extensions ['python_setup_py']
[0.993s] Level 1:colcon.colcon_core.package_identification:_identify(workspace/ros_ur_driver/src/build/ur_description/CMakeFiles/3.22.1/CompilerIdCXX/tmp) by extension 'python_setup_py'
[0.993s] Level 1:colcon.colcon_core.package_identification:_identify(workspace/ros_ur_driver/src/build/ur_description/CMakeFiles/CMakeTmp) by extensions ['ignore', 'ignore_ament_install']
[0.993s] Level 1:colcon.colcon_core.package_identification:_identify(workspace/ros_ur_driver/src/build/ur_description/CMakeFiles/CMakeTmp) by extension 'ignore'
[0.993s] Level 1:colcon.colcon_core.package_identification:_identify(workspace/ros_ur_driver/src/build/ur_description/CMakeFiles/CMakeTmp) by extension 'ignore_ament_install'
[0.993s] Level 1:colcon.colcon_core.package_identification:_identify(workspace/ros_ur_driver/src/build/ur_description/CMakeFiles/CMakeTmp) by extensions ['colcon_pkg']
[0.993s] Level 1:colcon.colcon_core.package_identification:_identify(workspace/ros_ur_driver/src/build/ur_description/CMakeFiles/CMakeTmp) by extension 'colcon_pkg'
[0.994s] Level 1:colcon.colcon_core.package_identification:_identify(workspace/ros_ur_driver/src/build/ur_description/CMakeFiles/CMakeTmp) by extensions ['colcon_meta']
[0.994s] Level 1:colcon.colcon_core.package_identification:_identify(workspace/ros_ur_driver/src/build/ur_description/CMakeFiles/CMakeTmp) by extension 'colcon_meta'
[0.994s] Level 1:colcon.colcon_core.package_identification:_identify(workspace/ros_ur_driver/src/build/ur_description/CMakeFiles/CMakeTmp) by extensions ['ros']
[0.994s] Level 1:colcon.colcon_core.package_identification:_identify(workspace/ros_ur_driver/src/build/ur_description/CMakeFiles/CMakeTmp) by extension 'ros'
[0.994s] Level 1:colcon.colcon_core.package_identification:_identify(workspace/ros_ur_driver/src/build/ur_description/CMakeFiles/CMakeTmp) by extensions ['cmake', 'python']
[0.994s] Level 1:colcon.colcon_core.package_identification:_identify(workspace/ros_ur_driver/src/build/ur_description/CMakeFiles/CMakeTmp) by extension 'cmake'
[0.994s] Level 1:colcon.colcon_core.package_identification:_identify(workspace/ros_ur_driver/src/build/ur_description/CMakeFiles/CMakeTmp) by extension 'python'
[0.994s] Level 1:colcon.colcon_core.package_identification:_identify(workspace/ros_ur_driver/src/build/ur_description/CMakeFiles/CMakeTmp) by extensions ['python_setup_py']
[0.994s] Level 1:colcon.colcon_core.package_identification:_identify(workspace/ros_ur_driver/src/build/ur_description/CMakeFiles/CMakeTmp) by extension 'python_setup_py'
[0.994s] Level 1:colcon.colcon_core.package_identification:_identify(workspace/ros_ur_driver/src/build/ur_moveit_config) by extensions ['ignore', 'ignore_ament_install']
[0.994s] Level 1:colcon.colcon_core.package_identification:_identify(workspace/ros_ur_driver/src/build/ur_moveit_config) by extension 'ignore'
[0.994s] Level 1:colcon.colcon_core.package_identification:_identify(workspace/ros_ur_driver/src/build/ur_moveit_config) by extension 'ignore_ament_install'
[0.994s] Level 1:colcon.colcon_core.package_identification:_identify(workspace/ros_ur_driver/src/build/ur_moveit_config) by extensions ['colcon_pkg']
[0.994s] Level 1:colcon.colcon_core.package_identification:_identify(workspace/ros_ur_driver/src/build/ur_moveit_config) by extension 'colcon_pkg'
[0.994s] Level 1:colcon.colcon_core.package_identification:_identify(workspace/ros_ur_driver/src/build/ur_moveit_config) by extensions ['colcon_meta']
[0.994s] Level 1:colcon.colcon_core.package_identification:_identify(workspace/ros_ur_driver/src/build/ur_moveit_config) by extension 'colcon_meta'
[0.995s] Level 1:colcon.colcon_core.package_identification:_identify(workspace/ros_ur_driver/src/build/ur_moveit_config) by extensions ['ros']
[0.995s] Level 1:colcon.colcon_core.package_identification:_identify(workspace/ros_ur_driver/src/build/ur_moveit_config) by extension 'ros'
[0.995s] Level 1:colcon.colcon_core.package_identification:_identify(workspace/ros_ur_driver/src/build/ur_moveit_config) by extensions ['cmake', 'python']
[0.995s] Level 1:colcon.colcon_core.package_identification:_identify(workspace/ros_ur_driver/src/build/ur_moveit_config) by extension 'cmake'
[0.995s] Level 1:colcon.colcon_core.package_identification:_identify(workspace/ros_ur_driver/src/build/ur_moveit_config) by extension 'python'
[0.995s] Level 1:colcon.colcon_core.package_identification:_identify(workspace/ros_ur_driver/src/build/ur_moveit_config) by extensions ['python_setup_py']
[0.995s] Level 1:colcon.colcon_core.package_identification:_identify(workspace/ros_ur_driver/src/build/ur_moveit_config) by extension 'python_setup_py'
[0.995s] Level 1:colcon.colcon_core.package_identification:_identify(workspace/ros_ur_driver/src/build/ur_moveit_config/CMakeFiles) by extensions ['ignore', 'ignore_ament_install']
[0.995s] Level 1:colcon.colcon_core.package_identification:_identify(workspace/ros_ur_driver/src/build/ur_moveit_config/CMakeFiles) by extension 'ignore'
[0.995s] Level 1:colcon.colcon_core.package_identification:_identify(workspace/ros_ur_driver/src/build/ur_moveit_config/CMakeFiles) by extension 'ignore_ament_install'
[0.995s] Level 1:colcon.colcon_core.package_identification:_identify(workspace/ros_ur_driver/src/build/ur_moveit_config/CMakeFiles) by extensions ['colcon_pkg']
[0.995s] Level 1:colcon.colcon_core.package_identification:_identify(workspace/ros_ur_driver/src/build/ur_moveit_config/CMakeFiles) by extension 'colcon_pkg'
[0.995s] Level 1:colcon.colcon_core.package_identification:_identify(workspace/ros_ur_driver/src/build/ur_moveit_config/CMakeFiles) by extensions ['colcon_meta']
[0.995s] Level 1:colcon.colcon_core.package_identification:_identify(workspace/ros_ur_driver/src/build/ur_moveit_config/CMakeFiles) by extension 'colcon_meta'
[0.995s] Level 1:colcon.colcon_core.package_identification:_identify(workspace/ros_ur_driver/src/build/ur_moveit_config/CMakeFiles) by extensions ['ros']
[0.995s] Level 1:colcon.colcon_core.package_identification:_identify(workspace/ros_ur_driver/src/build/ur_moveit_config/CMakeFiles) by extension 'ros'
[0.996s] Level 1:colcon.colcon_core.package_identification:_identify(workspace/ros_ur_driver/src/build/ur_moveit_config/CMakeFiles) by extensions ['cmake', 'python']
[0.996s] Level 1:colcon.colcon_core.package_identification:_identify(workspace/ros_ur_driver/src/build/ur_moveit_config/CMakeFiles) by extension 'cmake'
[0.996s] Level 1:colcon.colcon_core.package_identification:_identify(workspace/ros_ur_driver/src/build/ur_moveit_config/CMakeFiles) by extension 'python'
[0.996s] Level 1:colcon.colcon_core.package_identification:_identify(workspace/ros_ur_driver/src/build/ur_moveit_config/CMakeFiles) by extensions ['python_setup_py']
[0.996s] Level 1:colcon.colcon_core.package_identification:_identify(workspace/ros_ur_driver/src/build/ur_moveit_config/CMakeFiles) by extension 'python_setup_py'
[0.996s] Level 1:colcon.colcon_core.package_identification:_identify(workspace/ros_ur_driver/src/build/ur_moveit_config/CMakeFiles/3.22.1) by extensions ['ignore', 'ignore_ament_install']
[0.996s] Level 1:colcon.colcon_core.package_identification:_identify(workspace/ros_ur_driver/src/build/ur_moveit_config/CMakeFiles/3.22.1) by extension 'ignore'
[0.996s] Level 1:colcon.colcon_core.package_identification:_identify(workspace/ros_ur_driver/src/build/ur_moveit_config/CMakeFiles/3.22.1) by extension 'ignore_ament_install'
[0.996s] Level 1:colcon.colcon_core.package_identification:_identify(workspace/ros_ur_driver/src/build/ur_moveit_config/CMakeFiles/3.22.1) by extensions ['colcon_pkg']
[0.996s] Level 1:colcon.colcon_core.package_identification:_identify(workspace/ros_ur_driver/src/build/ur_moveit_config/CMakeFiles/3.22.1) by extension 'colcon_pkg'
[0.996s] Level 1:colcon.colcon_core.package_identification:_identify(workspace/ros_ur_driver/src/build/ur_moveit_config/CMakeFiles/3.22.1) by extensions ['colcon_meta']
[0.996s] Level 1:colcon.colcon_core.package_identification:_identify(workspace/ros_ur_driver/src/build/ur_moveit_config/CMakeFiles/3.22.1) by extension 'colcon_meta'
[0.996s] Level 1:colcon.colcon_core.package_identification:_identify(workspace/ros_ur_driver/src/build/ur_moveit_config/CMakeFiles/3.22.1) by extensions ['ros']
[0.996s] Level 1:colcon.colcon_core.package_identification:_identify(workspace/ros_ur_driver/src/build/ur_moveit_config/CMakeFiles/3.22.1) by extension 'ros'
[0.996s] Level 1:colcon.colcon_core.package_identification:_identify(workspace/ros_ur_driver/src/build/ur_moveit_config/CMakeFiles/3.22.1) by extensions ['cmake', 'python']
[0.996s] Level 1:colcon.colcon_core.package_identification:_identify(workspace/ros_ur_driver/src/build/ur_moveit_config/CMakeFiles/3.22.1) by extension 'cmake'
[0.997s] Level 1:colcon.colcon_core.package_identification:_identify(workspace/ros_ur_driver/src/build/ur_moveit_config/CMakeFiles/3.22.1) by extension 'python'
[0.997s] Level 1:colcon.colcon_core.package_identification:_identify(workspace/ros_ur_driver/src/build/ur_moveit_config/CMakeFiles/3.22.1) by extensions ['python_setup_py']
[0.997s] Level 1:colcon.colcon_core.package_identification:_identify(workspace/ros_ur_driver/src/build/ur_moveit_config/CMakeFiles/3.22.1) by extension 'python_setup_py'
[0.998s] Level 1:colcon.colcon_core.package_identification:_identify(workspace/ros_ur_driver/src/build/ur_moveit_config/CMakeFiles/3.22.1/CompilerIdC) by extensions ['ignore', 'ignore_ament_install']
[0.998s] Level 1:colcon.colcon_core.package_identification:_identify(workspace/ros_ur_driver/src/build/ur_moveit_config/CMakeFiles/3.22.1/CompilerIdC) by extension 'ignore'
[0.998s] Level 1:colcon.colcon_core.package_identification:_identify(workspace/ros_ur_driver/src/build/ur_moveit_config/CMakeFiles/3.22.1/CompilerIdC) by extension 'ignore_ament_install'
[0.998s] Level 1:colcon.colcon_core.package_identification:_identify(workspace/ros_ur_driver/src/build/ur_moveit_config/CMakeFiles/3.22.1/CompilerIdC) by extensions ['colcon_pkg']
[0.998s] Level 1:colcon.colcon_core.package_identification:_identify(workspace/ros_ur_driver/src/build/ur_moveit_config/CMakeFiles/3.22.1/CompilerIdC) by extension 'colcon_pkg'
[0.998s] Level 1:colcon.colcon_core.package_identification:_identify(workspace/ros_ur_driver/src/build/ur_moveit_config/CMakeFiles/3.22.1/CompilerIdC) by extensions ['colcon_meta']
[0.998s] Level 1:colcon.colcon_core.package_identification:_identify(workspace/ros_ur_driver/src/build/ur_moveit_config/CMakeFiles/3.22.1/CompilerIdC) by extension 'colcon_meta'
[0.998s] Level 1:colcon.colcon_core.package_identification:_identify(workspace/ros_ur_driver/src/build/ur_moveit_config/CMakeFiles/3.22.1/CompilerIdC) by extensions ['ros']
[0.999s] Level 1:colcon.colcon_core.package_identification:_identify(workspace/ros_ur_driver/src/build/ur_moveit_config/CMakeFiles/3.22.1/CompilerIdC) by extension 'ros'
[0.999s] Level 1:colcon.colcon_core.package_identification:_identify(workspace/ros_ur_driver/src/build/ur_moveit_config/CMakeFiles/3.22.1/CompilerIdC) by extensions ['cmake', 'python']
[0.999s] Level 1:colcon.colcon_core.package_identification:_identify(workspace/ros_ur_driver/src/build/ur_moveit_config/CMakeFiles/3.22.1/CompilerIdC) by extension 'cmake'
[0.999s] Level 1:colcon.colcon_core.package_identification:_identify(workspace/ros_ur_driver/src/build/ur_moveit_config/CMakeFiles/3.22.1/CompilerIdC) by extension 'python'
[0.999s] Level 1:colcon.colcon_core.package_identification:_identify(workspace/ros_ur_driver/src/build/ur_moveit_config/CMakeFiles/3.22.1/CompilerIdC) by extensions ['python_setup_py']
[0.999s] Level 1:colcon.colcon_core.package_identification:_identify(workspace/ros_ur_driver/src/build/ur_moveit_config/CMakeFiles/3.22.1/CompilerIdC) by extension 'python_setup_py'
[0.999s] Level 1:colcon.colcon_core.package_identification:_identify(workspace/ros_ur_driver/src/build/ur_moveit_config/CMakeFiles/3.22.1/CompilerIdC/tmp) by extensions ['ignore', 'ignore_ament_install']
[0.999s] Level 1:colcon.colcon_core.package_identification:_identify(workspace/ros_ur_driver/src/build/ur_moveit_config/CMakeFiles/3.22.1/CompilerIdC/tmp) by extension 'ignore'
[0.999s] Level 1:colcon.colcon_core.package_identification:_identify(workspace/ros_ur_driver/src/build/ur_moveit_config/CMakeFiles/3.22.1/CompilerIdC/tmp) by extension 'ignore_ament_install'
[0.999s] Level 1:colcon.colcon_core.package_identification:_identify(workspace/ros_ur_driver/src/build/ur_moveit_config/CMakeFiles/3.22.1/CompilerIdC/tmp) by extensions ['colcon_pkg']
[0.999s] Level 1:colcon.colcon_core.package_identification:_identify(workspace/ros_ur_driver/src/build/ur_moveit_config/CMakeFiles/3.22.1/CompilerIdC/tmp) by extension 'colcon_pkg'
[0.999s] Level 1:colcon.colcon_core.package_identification:_identify(workspace/ros_ur_driver/src/build/ur_moveit_config/CMakeFiles/3.22.1/CompilerIdC/tmp) by extensions ['colcon_meta']
[0.999s] Level 1:colcon.colcon_core.package_identification:_identify(workspace/ros_ur_driver/src/build/ur_moveit_config/CMakeFiles/3.22.1/CompilerIdC/tmp) by extension 'colcon_meta'
[0.999s] Level 1:colcon.colcon_core.package_identification:_identify(workspace/ros_ur_driver/src/build/ur_moveit_config/CMakeFiles/3.22.1/CompilerIdC/tmp) by extensions ['ros']
[0.999s] Level 1:colcon.colcon_core.package_identification:_identify(workspace/ros_ur_driver/src/build/ur_moveit_config/CMakeFiles/3.22.1/CompilerIdC/tmp) by extension 'ros'
[0.999s] Level 1:colcon.colcon_core.package_identification:_identify(workspace/ros_ur_driver/src/build/ur_moveit_config/CMakeFiles/3.22.1/CompilerIdC/tmp) by extensions ['cmake', 'python']
[1.000s] Level 1:colcon.colcon_core.package_identification:_identify(workspace/ros_ur_driver/src/build/ur_moveit_config/CMakeFiles/3.22.1/CompilerIdC/tmp) by extension 'cmake'
[1.000s] Level 1:colcon.colcon_core.package_identification:_identify(workspace/ros_ur_driver/src/build/ur_moveit_config/CMakeFiles/3.22.1/CompilerIdC/tmp) by extension 'python'
[1.000s] Level 1:colcon.colcon_core.package_identification:_identify(workspace/ros_ur_driver/src/build/ur_moveit_config/CMakeFiles/3.22.1/CompilerIdC/tmp) by extensions ['python_setup_py']
[1.000s] Level 1:colcon.colcon_core.package_identification:_identify(workspace/ros_ur_driver/src/build/ur_moveit_config/CMakeFiles/3.22.1/CompilerIdC/tmp) by extension 'python_setup_py'
[1.000s] Level 1:colcon.colcon_core.package_identification:_identify(workspace/ros_ur_driver/src/build/ur_moveit_config/CMakeFiles/3.22.1/CompilerIdCXX) by extensions ['ignore', 'ignore_ament_install']
[1.000s] Level 1:colcon.colcon_core.package_identification:_identify(workspace/ros_ur_driver/src/build/ur_moveit_config/CMakeFiles/3.22.1/CompilerIdCXX) by extension 'ignore'
[1.000s] Level 1:colcon.colcon_core.package_identification:_identify(workspace/ros_ur_driver/src/build/ur_moveit_config/CMakeFiles/3.22.1/CompilerIdCXX) by extension 'ignore_ament_install'
[1.000s] Level 1:colcon.colcon_core.package_identification:_identify(workspace/ros_ur_driver/src/build/ur_moveit_config/CMakeFiles/3.22.1/CompilerIdCXX) by extensions ['colcon_pkg']
[1.000s] Level 1:colcon.colcon_core.package_identification:_identify(workspace/ros_ur_driver/src/build/ur_moveit_config/CMakeFiles/3.22.1/CompilerIdCXX) by extension 'colcon_pkg'
[1.000s] Level 1:colcon.colcon_core.package_identification:_identify(workspace/ros_ur_driver/src/build/ur_moveit_config/CMakeFiles/3.22.1/CompilerIdCXX) by extensions ['colcon_meta']
[1.000s] Level 1:colcon.colcon_core.package_identification:_identify(workspace/ros_ur_driver/src/build/ur_moveit_config/CMakeFiles/3.22.1/CompilerIdCXX) by extension 'colcon_meta'
[1.000s] Level 1:colcon.colcon_core.package_identification:_identify(workspace/ros_ur_driver/src/build/ur_moveit_config/CMakeFiles/3.22.1/CompilerIdCXX) by extensions ['ros']
[1.000s] Level 1:colcon.colcon_core.package_identification:_identify(workspace/ros_ur_driver/src/build/ur_moveit_config/CMakeFiles/3.22.1/CompilerIdCXX) by extension 'ros'
[1.000s] Level 1:colcon.colcon_core.package_identification:_identify(workspace/ros_ur_driver/src/build/ur_moveit_config/CMakeFiles/3.22.1/CompilerIdCXX) by extensions ['cmake', 'python']
[1.000s] Level 1:colcon.colcon_core.package_identification:_identify(workspace/ros_ur_driver/src/build/ur_moveit_config/CMakeFiles/3.22.1/CompilerIdCXX) by extension 'cmake'
[1.000s] Level 1:colcon.colcon_core.package_identification:_identify(workspace/ros_ur_driver/src/build/ur_moveit_config/CMakeFiles/3.22.1/CompilerIdCXX) by extension 'python'
[1.001s] Level 1:colcon.colcon_core.package_identification:_identify(workspace/ros_ur_driver/src/build/ur_moveit_config/CMakeFiles/3.22.1/CompilerIdCXX) by extensions ['python_setup_py']
[1.001s] Level 1:colcon.colcon_core.package_identification:_identify(workspace/ros_ur_driver/src/build/ur_moveit_config/CMakeFiles/3.22.1/CompilerIdCXX) by extension 'python_setup_py'
[1.001s] Level 1:colcon.colcon_core.package_identification:_identify(workspace/ros_ur_driver/src/build/ur_moveit_config/CMakeFiles/3.22.1/CompilerIdCXX/tmp) by extensions ['ignore', 'ignore_ament_install']
[1.001s] Level 1:colcon.colcon_core.package_identification:_identify(workspace/ros_ur_driver/src/build/ur_moveit_config/CMakeFiles/3.22.1/CompilerIdCXX/tmp) by extension 'ignore'
[1.001s] Level 1:colcon.colcon_core.package_identification:_identify(workspace/ros_ur_driver/src/build/ur_moveit_config/CMakeFiles/3.22.1/CompilerIdCXX/tmp) by extension 'ignore_ament_install'
[1.001s] Level 1:colcon.colcon_core.package_identification:_identify(workspace/ros_ur_driver/src/build/ur_moveit_config/CMakeFiles/3.22.1/CompilerIdCXX/tmp) by extensions ['colcon_pkg']
[1.001s] Level 1:colcon.colcon_core.package_identification:_identify(workspace/ros_ur_driver/src/build/ur_moveit_config/CMakeFiles/3.22.1/CompilerIdCXX/tmp) by extension 'colcon_pkg'
[1.001s] Level 1:colcon.colcon_core.package_identification:_identify(workspace/ros_ur_driver/src/build/ur_moveit_config/CMakeFiles/3.22.1/CompilerIdCXX/tmp) by extensions ['colcon_meta']
[1.001s] Level 1:colcon.colcon_core.package_identification:_identify(workspace/ros_ur_driver/src/build/ur_moveit_config/CMakeFiles/3.22.1/CompilerIdCXX/tmp) by extension 'colcon_meta'
[1.001s] Level 1:colcon.colcon_core.package_identification:_identify(workspace/ros_ur_driver/src/build/ur_moveit_config/CMakeFiles/3.22.1/CompilerIdCXX/tmp) by extensions ['ros']
[1.001s] Level 1:colcon.colcon_core.package_identification:_identify(workspace/ros_ur_driver/src/build/ur_moveit_config/CMakeFiles/3.22.1/CompilerIdCXX/tmp) by extension 'ros'
[1.001s] Level 1:colcon.colcon_core.package_identification:_identify(workspace/ros_ur_driver/src/build/ur_moveit_config/CMakeFiles/3.22.1/CompilerIdCXX/tmp) by extensions ['cmake', 'python']
[1.001s] Level 1:colcon.colcon_core.package_identification:_identify(workspace/ros_ur_driver/src/build/ur_moveit_config/CMakeFiles/3.22.1/CompilerIdCXX/tmp) by extension 'cmake'
[1.001s] Level 1:colcon.colcon_core.package_identification:_identify(workspace/ros_ur_driver/src/build/ur_moveit_config/CMakeFiles/3.22.1/CompilerIdCXX/tmp) by extension 'python'
[1.001s] Level 1:colcon.colcon_core.package_identification:_identify(workspace/ros_ur_driver/src/build/ur_moveit_config/CMakeFiles/3.22.1/CompilerIdCXX/tmp) by extensions ['python_setup_py']
[1.001s] Level 1:colcon.colcon_core.package_identification:_identify(workspace/ros_ur_driver/src/build/ur_moveit_config/CMakeFiles/3.22.1/CompilerIdCXX/tmp) by extension 'python_setup_py'
[1.002s] Level 1:colcon.colcon_core.package_identification:_identify(workspace/ros_ur_driver/src/build/ur_moveit_config/CMakeFiles/CMakeTmp) by extensions ['ignore', 'ignore_ament_install']
[1.002s] Level 1:colcon.colcon_core.package_identification:_identify(workspace/ros_ur_driver/src/build/ur_moveit_config/CMakeFiles/CMakeTmp) by extension 'ignore'
[1.002s] Level 1:colcon.colcon_core.package_identification:_identify(workspace/ros_ur_driver/src/build/ur_moveit_config/CMakeFiles/CMakeTmp) by extension 'ignore_ament_install'
[1.002s] Level 1:colcon.colcon_core.package_identification:_identify(workspace/ros_ur_driver/src/build/ur_moveit_config/CMakeFiles/CMakeTmp) by extensions ['colcon_pkg']
[1.002s] Level 1:colcon.colcon_core.package_identification:_identify(workspace/ros_ur_driver/src/build/ur_moveit_config/CMakeFiles/CMakeTmp) by extension 'colcon_pkg'
[1.002s] Level 1:colcon.colcon_core.package_identification:_identify(workspace/ros_ur_driver/src/build/ur_moveit_config/CMakeFiles/CMakeTmp) by extensions ['colcon_meta']
[1.002s] Level 1:colcon.colcon_core.package_identification:_identify(workspace/ros_ur_driver/src/build/ur_moveit_config/CMakeFiles/CMakeTmp) by extension 'colcon_meta'
[1.002s] Level 1:colcon.colcon_core.package_identification:_identify(workspace/ros_ur_driver/src/build/ur_moveit_config/CMakeFiles/CMakeTmp) by extensions ['ros']
[1.002s] Level 1:colcon.colcon_core.package_identification:_identify(workspace/ros_ur_driver/src/build/ur_moveit_config/CMakeFiles/CMakeTmp) by extension 'ros'
[1.002s] Level 1:colcon.colcon_core.package_identification:_identify(workspace/ros_ur_driver/src/build/ur_moveit_config/CMakeFiles/CMakeTmp) by extensions ['cmake', 'python']
[1.002s] Level 1:colcon.colcon_core.package_identification:_identify(workspace/ros_ur_driver/src/build/ur_moveit_config/CMakeFiles/CMakeTmp) by extension 'cmake'
[1.002s] Level 1:colcon.colcon_core.package_identification:_identify(workspace/ros_ur_driver/src/build/ur_moveit_config/CMakeFiles/CMakeTmp) by extension 'python'
[1.002s] Level 1:colcon.colcon_core.package_identification:_identify(workspace/ros_ur_driver/src/build/ur_moveit_config/CMakeFiles/CMakeTmp) by extensions ['python_setup_py']
[1.002s] Level 1:colcon.colcon_core.package_identification:_identify(workspace/ros_ur_driver/src/build/ur_moveit_config/CMakeFiles/CMakeTmp) by extension 'python_setup_py'
[1.002s] Level 1:colcon.colcon_core.package_identification:_identify(workspace/ros_ur_driver/src/build/ur_robot_driver) by extensions ['ignore', 'ignore_ament_install']
[1.003s] Level 1:colcon.colcon_core.package_identification:_identify(workspace/ros_ur_driver/src/build/ur_robot_driver) by extension 'ignore'
[1.003s] Level 1:colcon.colcon_core.package_identification:_identify(workspace/ros_ur_driver/src/build/ur_robot_driver) by extension 'ignore_ament_install'
[1.003s] Level 1:colcon.colcon_core.package_identification:_identify(workspace/ros_ur_driver/src/build/ur_robot_driver) by extensions ['colcon_pkg']
[1.003s] Level 1:colcon.colcon_core.package_identification:_identify(workspace/ros_ur_driver/src/build/ur_robot_driver) by extension 'colcon_pkg'
[1.003s] Level 1:colcon.colcon_core.package_identification:_identify(workspace/ros_ur_driver/src/build/ur_robot_driver) by extensions ['colcon_meta']
[1.003s] Level 1:colcon.colcon_core.package_identification:_identify(workspace/ros_ur_driver/src/build/ur_robot_driver) by extension 'colcon_meta'
[1.003s] Level 1:colcon.colcon_core.package_identification:_identify(workspace/ros_ur_driver/src/build/ur_robot_driver) by extensions ['ros']
[1.003s] Level 1:colcon.colcon_core.package_identification:_identify(workspace/ros_ur_driver/src/build/ur_robot_driver) by extension 'ros'
[1.003s] Level 1:colcon.colcon_core.package_identification:_identify(workspace/ros_ur_driver/src/build/ur_robot_driver) by extensions ['cmake', 'python']
[1.003s] Level 1:colcon.colcon_core.package_identification:_identify(workspace/ros_ur_driver/src/build/ur_robot_driver) by extension 'cmake'
[1.003s] Level 1:colcon.colcon_core.package_identification:_identify(workspace/ros_ur_driver/src/build/ur_robot_driver) by extension 'python'
[1.003s] Level 1:colcon.colcon_core.package_identification:_identify(workspace/ros_ur_driver/src/build/ur_robot_driver) by extensions ['python_setup_py']
[1.003s] Level 1:colcon.colcon_core.package_identification:_identify(workspace/ros_ur_driver/src/build/ur_robot_driver) by extension 'python_setup_py'
[1.003s] Level 1:colcon.colcon_core.package_identification:_identify(workspace/ros_ur_driver/src/build/ur_robot_driver/CMakeFiles) by extensions ['ignore', 'ignore_ament_install']
[1.003s] Level 1:colcon.colcon_core.package_identification:_identify(workspace/ros_ur_driver/src/build/ur_robot_driver/CMakeFiles) by extension 'ignore'
[1.003s] Level 1:colcon.colcon_core.package_identification:_identify(workspace/ros_ur_driver/src/build/ur_robot_driver/CMakeFiles) by extension 'ignore_ament_install'
[1.004s] Level 1:colcon.colcon_core.package_identification:_identify(workspace/ros_ur_driver/src/build/ur_robot_driver/CMakeFiles) by extensions ['colcon_pkg']
[1.004s] Level 1:colcon.colcon_core.package_identification:_identify(workspace/ros_ur_driver/src/build/ur_robot_driver/CMakeFiles) by extension 'colcon_pkg'
[1.004s] Level 1:colcon.colcon_core.package_identification:_identify(workspace/ros_ur_driver/src/build/ur_robot_driver/CMakeFiles) by extensions ['colcon_meta']
[1.004s] Level 1:colcon.colcon_core.package_identification:_identify(workspace/ros_ur_driver/src/build/ur_robot_driver/CMakeFiles) by extension 'colcon_meta'
[1.004s] Level 1:colcon.colcon_core.package_identification:_identify(workspace/ros_ur_driver/src/build/ur_robot_driver/CMakeFiles) by extensions ['ros']
[1.004s] Level 1:colcon.colcon_core.package_identification:_identify(workspace/ros_ur_driver/src/build/ur_robot_driver/CMakeFiles) by extension 'ros'
[1.004s] Level 1:colcon.colcon_core.package_identification:_identify(workspace/ros_ur_driver/src/build/ur_robot_driver/CMakeFiles) by extensions ['cmake', 'python']
[1.004s] Level 1:colcon.colcon_core.package_identification:_identify(workspace/ros_ur_driver/src/build/ur_robot_driver/CMakeFiles) by extension 'cmake'
[1.004s] Level 1:colcon.colcon_core.package_identification:_identify(workspace/ros_ur_driver/src/build/ur_robot_driver/CMakeFiles) by extension 'python'
[1.004s] Level 1:colcon.colcon_core.package_identification:_identify(workspace/ros_ur_driver/src/build/ur_robot_driver/CMakeFiles) by extensions ['python_setup_py']
[1.004s] Level 1:colcon.colcon_core.package_identification:_identify(workspace/ros_ur_driver/src/build/ur_robot_driver/CMakeFiles) by extension 'python_setup_py'
[1.004s] Level 1:colcon.colcon_core.package_identification:_identify(workspace/ros_ur_driver/src/build/ur_robot_driver/CMakeFiles/3.22.1) by extensions ['ignore', 'ignore_ament_install']
[1.004s] Level 1:colcon.colcon_core.package_identification:_identify(workspace/ros_ur_driver/src/build/ur_robot_driver/CMakeFiles/3.22.1) by extension 'ignore'
[1.004s] Level 1:colcon.colcon_core.package_identification:_identify(workspace/ros_ur_driver/src/build/ur_robot_driver/CMakeFiles/3.22.1) by extension 'ignore_ament_install'
[1.004s] Level 1:colcon.colcon_core.package_identification:_identify(workspace/ros_ur_driver/src/build/ur_robot_driver/CMakeFiles/3.22.1) by extensions ['colcon_pkg']
[1.004s] Level 1:colcon.colcon_core.package_identification:_identify(workspace/ros_ur_driver/src/build/ur_robot_driver/CMakeFiles/3.22.1) by extension 'colcon_pkg'
[1.004s] Level 1:colcon.colcon_core.package_identification:_identify(workspace/ros_ur_driver/src/build/ur_robot_driver/CMakeFiles/3.22.1) by extensions ['colcon_meta']
[1.004s] Level 1:colcon.colcon_core.package_identification:_identify(workspace/ros_ur_driver/src/build/ur_robot_driver/CMakeFiles/3.22.1) by extension 'colcon_meta'
[1.005s] Level 1:colcon.colcon_core.package_identification:_identify(workspace/ros_ur_driver/src/build/ur_robot_driver/CMakeFiles/3.22.1) by extensions ['ros']
[1.005s] Level 1:colcon.colcon_core.package_identification:_identify(workspace/ros_ur_driver/src/build/ur_robot_driver/CMakeFiles/3.22.1) by extension 'ros'
[1.005s] Level 1:colcon.colcon_core.package_identification:_identify(workspace/ros_ur_driver/src/build/ur_robot_driver/CMakeFiles/3.22.1) by extensions ['cmake', 'python']
[1.005s] Level 1:colcon.colcon_core.package_identification:_identify(workspace/ros_ur_driver/src/build/ur_robot_driver/CMakeFiles/3.22.1) by extension 'cmake'
[1.005s] Level 1:colcon.colcon_core.package_identification:_identify(workspace/ros_ur_driver/src/build/ur_robot_driver/CMakeFiles/3.22.1) by extension 'python'
[1.005s] Level 1:colcon.colcon_core.package_identification:_identify(workspace/ros_ur_driver/src/build/ur_robot_driver/CMakeFiles/3.22.1) by extensions ['python_setup_py']
[1.005s] Level 1:colcon.colcon_core.package_identification:_identify(workspace/ros_ur_driver/src/build/ur_robot_driver/CMakeFiles/3.22.1) by extension 'python_setup_py'
[1.005s] Level 1:colcon.colcon_core.package_identification:_identify(workspace/ros_ur_driver/src/build/ur_robot_driver/CMakeFiles/3.22.1/CompilerIdC) by extensions ['ignore', 'ignore_ament_install']
[1.005s] Level 1:colcon.colcon_core.package_identification:_identify(workspace/ros_ur_driver/src/build/ur_robot_driver/CMakeFiles/3.22.1/CompilerIdC) by extension 'ignore'
[1.005s] Level 1:colcon.colcon_core.package_identification:_identify(workspace/ros_ur_driver/src/build/ur_robot_driver/CMakeFiles/3.22.1/CompilerIdC) by extension 'ignore_ament_install'
[1.005s] Level 1:colcon.colcon_core.package_identification:_identify(workspace/ros_ur_driver/src/build/ur_robot_driver/CMakeFiles/3.22.1/CompilerIdC) by extensions ['colcon_pkg']
[1.005s] Level 1:colcon.colcon_core.package_identification:_identify(workspace/ros_ur_driver/src/build/ur_robot_driver/CMakeFiles/3.22.1/CompilerIdC) by extension 'colcon_pkg'
[1.005s] Level 1:colcon.colcon_core.package_identification:_identify(workspace/ros_ur_driver/src/build/ur_robot_driver/CMakeFiles/3.22.1/CompilerIdC) by extensions ['colcon_meta']
[1.005s] Level 1:colcon.colcon_core.package_identification:_identify(workspace/ros_ur_driver/src/build/ur_robot_driver/CMakeFiles/3.22.1/CompilerIdC) by extension 'colcon_meta'
[1.005s] Level 1:colcon.colcon_core.package_identification:_identify(workspace/ros_ur_driver/src/build/ur_robot_driver/CMakeFiles/3.22.1/CompilerIdC) by extensions ['ros']
[1.005s] Level 1:colcon.colcon_core.package_identification:_identify(workspace/ros_ur_driver/src/build/ur_robot_driver/CMakeFiles/3.22.1/CompilerIdC) by extension 'ros'
[1.006s] Level 1:colcon.colcon_core.package_identification:_identify(workspace/ros_ur_driver/src/build/ur_robot_driver/CMakeFiles/3.22.1/CompilerIdC) by extensions ['cmake', 'python']
[1.006s] Level 1:colcon.colcon_core.package_identification:_identify(workspace/ros_ur_driver/src/build/ur_robot_driver/CMakeFiles/3.22.1/CompilerIdC) by extension 'cmake'
[1.006s] Level 1:colcon.colcon_core.package_identification:_identify(workspace/ros_ur_driver/src/build/ur_robot_driver/CMakeFiles/3.22.1/CompilerIdC) by extension 'python'
[1.006s] Level 1:colcon.colcon_core.package_identification:_identify(workspace/ros_ur_driver/src/build/ur_robot_driver/CMakeFiles/3.22.1/CompilerIdC) by extensions ['python_setup_py']
[1.006s] Level 1:colcon.colcon_core.package_identification:_identify(workspace/ros_ur_driver/src/build/ur_robot_driver/CMakeFiles/3.22.1/CompilerIdC) by extension 'python_setup_py'
[1.006s] Level 1:colcon.colcon_core.package_identification:_identify(workspace/ros_ur_driver/src/build/ur_robot_driver/CMakeFiles/3.22.1/CompilerIdC/tmp) by extensions ['ignore', 'ignore_ament_install']
[1.006s] Level 1:colcon.colcon_core.package_identification:_identify(workspace/ros_ur_driver/src/build/ur_robot_driver/CMakeFiles/3.22.1/CompilerIdC/tmp) by extension 'ignore'
[1.006s] Level 1:colcon.colcon_core.package_identification:_identify(workspace/ros_ur_driver/src/build/ur_robot_driver/CMakeFiles/3.22.1/CompilerIdC/tmp) by extension 'ignore_ament_install'
[1.006s] Level 1:colcon.colcon_core.package_identification:_identify(workspace/ros_ur_driver/src/build/ur_robot_driver/CMakeFiles/3.22.1/CompilerIdC/tmp) by extensions ['colcon_pkg']
[1.006s] Level 1:colcon.colcon_core.package_identification:_identify(workspace/ros_ur_driver/src/build/ur_robot_driver/CMakeFiles/3.22.1/CompilerIdC/tmp) by extension 'colcon_pkg'
[1.006s] Level 1:colcon.colcon_core.package_identification:_identify(workspace/ros_ur_driver/src/build/ur_robot_driver/CMakeFiles/3.22.1/CompilerIdC/tmp) by extensions ['colcon_meta']
[1.006s] Level 1:colcon.colcon_core.package_identification:_identify(workspace/ros_ur_driver/src/build/ur_robot_driver/CMakeFiles/3.22.1/CompilerIdC/tmp) by extension 'colcon_meta'
[1.006s] Level 1:colcon.colcon_core.package_identification:_identify(workspace/ros_ur_driver/src/build/ur_robot_driver/CMakeFiles/3.22.1/CompilerIdC/tmp) by extensions ['ros']
[1.006s] Level 1:colcon.colcon_core.package_identification:_identify(workspace/ros_ur_driver/src/build/ur_robot_driver/CMakeFiles/3.22.1/CompilerIdC/tmp) by extension 'ros'
[1.006s] Level 1:colcon.colcon_core.package_identification:_identify(workspace/ros_ur_driver/src/build/ur_robot_driver/CMakeFiles/3.22.1/CompilerIdC/tmp) by extensions ['cmake', 'python']
[1.006s] Level 1:colcon.colcon_core.package_identification:_identify(workspace/ros_ur_driver/src/build/ur_robot_driver/CMakeFiles/3.22.1/CompilerIdC/tmp) by extension 'cmake'
[1.006s] Level 1:colcon.colcon_core.package_identification:_identify(workspace/ros_ur_driver/src/build/ur_robot_driver/CMakeFiles/3.22.1/CompilerIdC/tmp) by extension 'python'
[1.006s] Level 1:colcon.colcon_core.package_identification:_identify(workspace/ros_ur_driver/src/build/ur_robot_driver/CMakeFiles/3.22.1/CompilerIdC/tmp) by extensions ['python_setup_py']
[1.007s] Level 1:colcon.colcon_core.package_identification:_identify(workspace/ros_ur_driver/src/build/ur_robot_driver/CMakeFiles/3.22.1/CompilerIdC/tmp) by extension 'python_setup_py'
[1.007s] Level 1:colcon.colcon_core.package_identification:_identify(workspace/ros_ur_driver/src/build/ur_robot_driver/CMakeFiles/3.22.1/CompilerIdCXX) by extensions ['ignore', 'ignore_ament_install']
[1.007s] Level 1:colcon.colcon_core.package_identification:_identify(workspace/ros_ur_driver/src/build/ur_robot_driver/CMakeFiles/3.22.1/CompilerIdCXX) by extension 'ignore'
[1.007s] Level 1:colcon.colcon_core.package_identification:_identify(workspace/ros_ur_driver/src/build/ur_robot_driver/CMakeFiles/3.22.1/CompilerIdCXX) by extension 'ignore_ament_install'
[1.007s] Level 1:colcon.colcon_core.package_identification:_identify(workspace/ros_ur_driver/src/build/ur_robot_driver/CMakeFiles/3.22.1/CompilerIdCXX) by extensions ['colcon_pkg']
[1.007s] Level 1:colcon.colcon_core.package_identification:_identify(workspace/ros_ur_driver/src/build/ur_robot_driver/CMakeFiles/3.22.1/CompilerIdCXX) by extension 'colcon_pkg'
[1.007s] Level 1:colcon.colcon_core.package_identification:_identify(workspace/ros_ur_driver/src/build/ur_robot_driver/CMakeFiles/3.22.1/CompilerIdCXX) by extensions ['colcon_meta']
[1.007s] Level 1:colcon.colcon_core.package_identification:_identify(workspace/ros_ur_driver/src/build/ur_robot_driver/CMakeFiles/3.22.1/CompilerIdCXX) by extension 'colcon_meta'
[1.007s] Level 1:colcon.colcon_core.package_identification:_identify(workspace/ros_ur_driver/src/build/ur_robot_driver/CMakeFiles/3.22.1/CompilerIdCXX) by extensions ['ros']
[1.007s] Level 1:colcon.colcon_core.package_identification:_identify(workspace/ros_ur_driver/src/build/ur_robot_driver/CMakeFiles/3.22.1/CompilerIdCXX) by extension 'ros'
[1.026s] Level 1:colcon.colcon_core.package_identification:_identify(workspace/ros_ur_driver/src/build/ur_robot_driver/CMakeFiles/3.22.1/CompilerIdCXX) by extensions ['cmake', 'python']
[1.026s] Level 1:colcon.colcon_core.package_identification:_identify(workspace/ros_ur_driver/src/build/ur_robot_driver/CMakeFiles/3.22.1/CompilerIdCXX) by extension 'cmake'
[1.026s] Level 1:colcon.colcon_core.package_identification:_identify(workspace/ros_ur_driver/src/build/ur_robot_driver/CMakeFiles/3.22.1/CompilerIdCXX) by extension 'python'
[1.026s] Level 1:colcon.colcon_core.package_identification:_identify(workspace/ros_ur_driver/src/build/ur_robot_driver/CMakeFiles/3.22.1/CompilerIdCXX) by extensions ['python_setup_py']
[1.026s] Level 1:colcon.colcon_core.package_identification:_identify(workspace/ros_ur_driver/src/build/ur_robot_driver/CMakeFiles/3.22.1/CompilerIdCXX) by extension 'python_setup_py'
[1.026s] Level 1:colcon.colcon_core.package_identification:_identify(workspace/ros_ur_driver/src/build/ur_robot_driver/CMakeFiles/3.22.1/CompilerIdCXX/tmp) by extensions ['ignore', 'ignore_ament_install']
[1.027s] Level 1:colcon.colcon_core.package_identification:_identify(workspace/ros_ur_driver/src/build/ur_robot_driver/CMakeFiles/3.22.1/CompilerIdCXX/tmp) by extension 'ignore'
[1.027s] Level 1:colcon.colcon_core.package_identification:_identify(workspace/ros_ur_driver/src/build/ur_robot_driver/CMakeFiles/3.22.1/CompilerIdCXX/tmp) by extension 'ignore_ament_install'
[1.027s] Level 1:colcon.colcon_core.package_identification:_identify(workspace/ros_ur_driver/src/build/ur_robot_driver/CMakeFiles/3.22.1/CompilerIdCXX/tmp) by extensions ['colcon_pkg']
[1.027s] Level 1:colcon.colcon_core.package_identification:_identify(workspace/ros_ur_driver/src/build/ur_robot_driver/CMakeFiles/3.22.1/CompilerIdCXX/tmp) by extension 'colcon_pkg'
[1.027s] Level 1:colcon.colcon_core.package_identification:_identify(workspace/ros_ur_driver/src/build/ur_robot_driver/CMakeFiles/3.22.1/CompilerIdCXX/tmp) by extensions ['colcon_meta']
[1.027s] Level 1:colcon.colcon_core.package_identification:_identify(workspace/ros_ur_driver/src/build/ur_robot_driver/CMakeFiles/3.22.1/CompilerIdCXX/tmp) by extension 'colcon_meta'
[1.027s] Level 1:colcon.colcon_core.package_identification:_identify(workspace/ros_ur_driver/src/build/ur_robot_driver/CMakeFiles/3.22.1/CompilerIdCXX/tmp) by extensions ['ros']
[1.027s] Level 1:colcon.colcon_core.package_identification:_identify(workspace/ros_ur_driver/src/build/ur_robot_driver/CMakeFiles/3.22.1/CompilerIdCXX/tmp) by extension 'ros'
[1.027s] Level 1:colcon.colcon_core.package_identification:_identify(workspace/ros_ur_driver/src/build/ur_robot_driver/CMakeFiles/3.22.1/CompilerIdCXX/tmp) by extensions ['cmake', 'python']
[1.027s] Level 1:colcon.colcon_core.package_identification:_identify(workspace/ros_ur_driver/src/build/ur_robot_driver/CMakeFiles/3.22.1/CompilerIdCXX/tmp) by extension 'cmake'
[1.027s] Level 1:colcon.colcon_core.package_identification:_identify(workspace/ros_ur_driver/src/build/ur_robot_driver/CMakeFiles/3.22.1/CompilerIdCXX/tmp) by extension 'python'
[1.027s] Level 1:colcon.colcon_core.package_identification:_identify(workspace/ros_ur_driver/src/build/ur_robot_driver/CMakeFiles/3.22.1/CompilerIdCXX/tmp) by extensions ['python_setup_py']
[1.027s] Level 1:colcon.colcon_core.package_identification:_identify(workspace/ros_ur_driver/src/build/ur_robot_driver/CMakeFiles/3.22.1/CompilerIdCXX/tmp) by extension 'python_setup_py'
[1.028s] Level 1:colcon.colcon_core.package_identification:_identify(workspace/ros_ur_driver/src/build/ur_robot_driver/CMakeFiles/CMakeTmp) by extensions ['ignore', 'ignore_ament_install']
[1.028s] Level 1:colcon.colcon_core.package_identification:_identify(workspace/ros_ur_driver/src/build/ur_robot_driver/CMakeFiles/CMakeTmp) by extension 'ignore'
[1.028s] Level 1:colcon.colcon_core.package_identification:_identify(workspace/ros_ur_driver/src/build/ur_robot_driver/CMakeFiles/CMakeTmp) by extension 'ignore_ament_install'
[1.028s] Level 1:colcon.colcon_core.package_identification:_identify(workspace/ros_ur_driver/src/build/ur_robot_driver/CMakeFiles/CMakeTmp) by extensions ['colcon_pkg']
[1.028s] Level 1:colcon.colcon_core.package_identification:_identify(workspace/ros_ur_driver/src/build/ur_robot_driver/CMakeFiles/CMakeTmp) by extension 'colcon_pkg'
[1.028s] Level 1:colcon.colcon_core.package_identification:_identify(workspace/ros_ur_driver/src/build/ur_robot_driver/CMakeFiles/CMakeTmp) by extensions ['colcon_meta']
[1.028s] Level 1:colcon.colcon_core.package_identification:_identify(workspace/ros_ur_driver/src/build/ur_robot_driver/CMakeFiles/CMakeTmp) by extension 'colcon_meta'
[1.028s] Level 1:colcon.colcon_core.package_identification:_identify(workspace/ros_ur_driver/src/build/ur_robot_driver/CMakeFiles/CMakeTmp) by extensions ['ros']
[1.028s] Level 1:colcon.colcon_core.package_identification:_identify(workspace/ros_ur_driver/src/build/ur_robot_driver/CMakeFiles/CMakeTmp) by extension 'ros'
[1.028s] Level 1:colcon.colcon_core.package_identification:_identify(workspace/ros_ur_driver/src/build/ur_robot_driver/CMakeFiles/CMakeTmp) by extensions ['cmake', 'python']
[1.028s] Level 1:colcon.colcon_core.package_identification:_identify(workspace/ros_ur_driver/src/build/ur_robot_driver/CMakeFiles/CMakeTmp) by extension 'cmake'
[1.028s] Level 1:colcon.colcon_core.package_identification:_identify(workspace/ros_ur_driver/src/build/ur_robot_driver/CMakeFiles/CMakeTmp) by extension 'python'
[1.028s] Level 1:colcon.colcon_core.package_identification:_identify(workspace/ros_ur_driver/src/build/ur_robot_driver/CMakeFiles/CMakeTmp) by extensions ['python_setup_py']
[1.028s] Level 1:colcon.colcon_core.package_identification:_identify(workspace/ros_ur_driver/src/build/ur_robot_driver/CMakeFiles/CMakeTmp) by extension 'python_setup_py'
[1.028s] Level 1:colcon.colcon_core.package_identification:_identify(workspace/ros_ur_driver/src/build_platform) by extensions ['ignore', 'ignore_ament_install']
[1.029s] Level 1:colcon.colcon_core.package_identification:_identify(workspace/ros_ur_driver/src/build_platform) by extension 'ignore'
[1.029s] Level 1:colcon.colcon_core.package_identification:_identify(workspace/ros_ur_driver/src/build_platform) by extension 'ignore_ament_install'
[1.029s] Level 1:colcon.colcon_core.package_identification:_identify(workspace/ros_ur_driver/src/build_platform) by extensions ['colcon_pkg']
[1.029s] Level 1:colcon.colcon_core.package_identification:_identify(workspace/ros_ur_driver/src/build_platform) by extension 'colcon_pkg'
[1.029s] Level 1:colcon.colcon_core.package_identification:_identify(workspace/ros_ur_driver/src/build_platform) by extensions ['colcon_meta']
[1.029s] Level 1:colcon.colcon_core.package_identification:_identify(workspace/ros_ur_driver/src/build_platform) by extension 'colcon_meta'
[1.029s] Level 1:colcon.colcon_core.package_identification:_identify(workspace/ros_ur_driver/src/build_platform) by extensions ['ros']
[1.029s] Level 1:colcon.colcon_core.package_identification:_identify(workspace/ros_ur_driver/src/build_platform) by extension 'ros'
[1.030s] DEBUG:colcon.colcon_core.package_identification:Package 'workspace/ros_ur_driver/src/build_platform' with type 'ros.ament_python' and name 'build_platform'
[1.030s] Level 1:colcon.colcon_core.package_identification:_identify(workspace/ros_ur_driver/src/data_logger) by extensions ['ignore', 'ignore_ament_install']
[1.030s] Level 1:colcon.colcon_core.package_identification:_identify(workspace/ros_ur_driver/src/data_logger) by extension 'ignore'
[1.030s] Level 1:colcon.colcon_core.package_identification:_identify(workspace/ros_ur_driver/src/data_logger) by extension 'ignore_ament_install'
[1.030s] Level 1:colcon.colcon_core.package_identification:_identify(workspace/ros_ur_driver/src/data_logger) by extensions ['colcon_pkg']
[1.030s] Level 1:colcon.colcon_core.package_identification:_identify(workspace/ros_ur_driver/src/data_logger) by extension 'colcon_pkg'
[1.030s] Level 1:colcon.colcon_core.package_identification:_identify(workspace/ros_ur_driver/src/data_logger) by extensions ['colcon_meta']
[1.030s] Level 1:colcon.colcon_core.package_identification:_identify(workspace/ros_ur_driver/src/data_logger) by extension 'colcon_meta'
[1.030s] Level 1:colcon.colcon_core.package_identification:_identify(workspace/ros_ur_driver/src/data_logger) by extensions ['ros']
[1.030s] Level 1:colcon.colcon_core.package_identification:_identify(workspace/ros_ur_driver/src/data_logger) by extension 'ros'
[1.031s] DEBUG:colcon.colcon_core.package_identification:Package 'workspace/ros_ur_driver/src/data_logger' with type 'ros.ament_python' and name 'data_logger'
[1.031s] Level 1:colcon.colcon_core.package_identification:_identify(workspace/ros_ur_driver/src/install) by extensions ['ignore', 'ignore_ament_install']
[1.032s] Level 1:colcon.colcon_core.package_identification:_identify(workspace/ros_ur_driver/src/install) by extension 'ignore'
[1.032s] Level 1:colcon.colcon_core.package_identification:_identify(workspace/ros_ur_driver/src/install) by extension 'ignore_ament_install'
[1.032s] Level 1:colcon.colcon_core.package_identification:_identify(workspace/ros_ur_driver/src/install) by extensions ['colcon_pkg']
[1.032s] Level 1:colcon.colcon_core.package_identification:_identify(workspace/ros_ur_driver/src/install) by extension 'colcon_pkg'
[1.032s] Level 1:colcon.colcon_core.package_identification:_identify(workspace/ros_ur_driver/src/install) by extensions ['colcon_meta']
[1.032s] Level 1:colcon.colcon_core.package_identification:_identify(workspace/ros_ur_driver/src/install) by extension 'colcon_meta'
[1.032s] Level 1:colcon.colcon_core.package_identification:_identify(workspace/ros_ur_driver/src/install) by extensions ['ros']
[1.032s] Level 1:colcon.colcon_core.package_identification:_identify(workspace/ros_ur_driver/src/install) by extension 'ros'
[1.032s] Level 1:colcon.colcon_core.package_identification:_identify(workspace/ros_ur_driver/src/install) by extensions ['cmake', 'python']
[1.032s] Level 1:colcon.colcon_core.package_identification:_identify(workspace/ros_ur_driver/src/install) by extension 'cmake'
[1.032s] Level 1:colcon.colcon_core.package_identification:_identify(workspace/ros_ur_driver/src/install) by extension 'python'
[1.032s] Level 1:colcon.colcon_core.package_identification:_identify(workspace/ros_ur_driver/src/install) by extensions ['python_setup_py']
[1.032s] Level 1:colcon.colcon_core.package_identification:_identify(workspace/ros_ur_driver/src/install) by extension 'python_setup_py'
[1.032s] Level 1:colcon.colcon_core.package_identification:_identify(workspace/ros_ur_driver/src/install/ur_dashboard_msgs) by extensions ['ignore', 'ignore_ament_install']
[1.032s] Level 1:colcon.colcon_core.package_identification:_identify(workspace/ros_ur_driver/src/install/ur_dashboard_msgs) by extension 'ignore'
[1.033s] Level 1:colcon.colcon_core.package_identification:_identify(workspace/ros_ur_driver/src/install/ur_dashboard_msgs) by extension 'ignore_ament_install'
[1.033s] Level 1:colcon.colcon_core.package_identification:_identify(workspace/ros_ur_driver/src/install/ur_dashboard_msgs) by extensions ['colcon_pkg']
[1.033s] Level 1:colcon.colcon_core.package_identification:_identify(workspace/ros_ur_driver/src/install/ur_dashboard_msgs) by extension 'colcon_pkg'
[1.033s] Level 1:colcon.colcon_core.package_identification:_identify(workspace/ros_ur_driver/src/install/ur_dashboard_msgs) by extensions ['colcon_meta']
[1.033s] Level 1:colcon.colcon_core.package_identification:_identify(workspace/ros_ur_driver/src/install/ur_dashboard_msgs) by extension 'colcon_meta'
[1.033s] Level 1:colcon.colcon_core.package_identification:_identify(workspace/ros_ur_driver/src/install/ur_dashboard_msgs) by extensions ['ros']
[1.033s] Level 1:colcon.colcon_core.package_identification:_identify(workspace/ros_ur_driver/src/install/ur_dashboard_msgs) by extension 'ros'
[1.033s] Level 1:colcon.colcon_core.package_identification:_identify(workspace/ros_ur_driver/src/install/ur_dashboard_msgs) by extensions ['cmake', 'python']
[1.033s] Level 1:colcon.colcon_core.package_identification:_identify(workspace/ros_ur_driver/src/install/ur_dashboard_msgs) by extension 'cmake'
[1.033s] Level 1:colcon.colcon_core.package_identification:_identify(workspace/ros_ur_driver/src/install/ur_dashboard_msgs) by extension 'python'
[1.033s] Level 1:colcon.colcon_core.package_identification:_identify(workspace/ros_ur_driver/src/install/ur_dashboard_msgs) by extensions ['python_setup_py']
[1.033s] Level 1:colcon.colcon_core.package_identification:_identify(workspace/ros_ur_driver/src/install/ur_dashboard_msgs) by extension 'python_setup_py'
[1.033s] Level 1:colcon.colcon_core.package_identification:_identify(workspace/ros_ur_driver/src/install/ur_dashboard_msgs/include) by extensions ['ignore', 'ignore_ament_install']
[1.033s] Level 1:colcon.colcon_core.package_identification:_identify(workspace/ros_ur_driver/src/install/ur_dashboard_msgs/include) by extension 'ignore'
[1.034s] Level 1:colcon.colcon_core.package_identification:_identify(workspace/ros_ur_driver/src/install/ur_dashboard_msgs/include) by extension 'ignore_ament_install'
[1.034s] Level 1:colcon.colcon_core.package_identification:_identify(workspace/ros_ur_driver/src/install/ur_dashboard_msgs/include) by extensions ['colcon_pkg']
[1.034s] Level 1:colcon.colcon_core.package_identification:_identify(workspace/ros_ur_driver/src/install/ur_dashboard_msgs/include) by extension 'colcon_pkg'
[1.034s] Level 1:colcon.colcon_core.package_identification:_identify(workspace/ros_ur_driver/src/install/ur_dashboard_msgs/include) by extensions ['colcon_meta']
[1.034s] Level 1:colcon.colcon_core.package_identification:_identify(workspace/ros_ur_driver/src/install/ur_dashboard_msgs/include) by extension 'colcon_meta'
[1.034s] Level 1:colcon.colcon_core.package_identification:_identify(workspace/ros_ur_driver/src/install/ur_dashboard_msgs/include) by extensions ['ros']
[1.034s] Level 1:colcon.colcon_core.package_identification:_identify(workspace/ros_ur_driver/src/install/ur_dashboard_msgs/include) by extension 'ros'
[1.034s] Level 1:colcon.colcon_core.package_identification:_identify(workspace/ros_ur_driver/src/install/ur_dashboard_msgs/include) by extensions ['cmake', 'python']
[1.034s] Level 1:colcon.colcon_core.package_identification:_identify(workspace/ros_ur_driver/src/install/ur_dashboard_msgs/include) by extension 'cmake'
[1.034s] Level 1:colcon.colcon_core.package_identification:_identify(workspace/ros_ur_driver/src/install/ur_dashboard_msgs/include) by extension 'python'
[1.034s] Level 1:colcon.colcon_core.package_identification:_identify(workspace/ros_ur_driver/src/install/ur_dashboard_msgs/include) by extensions ['python_setup_py']
[1.034s] Level 1:colcon.colcon_core.package_identification:_identify(workspace/ros_ur_driver/src/install/ur_dashboard_msgs/include) by extension 'python_setup_py'
[1.034s] Level 1:colcon.colcon_core.package_identification:_identify(workspace/ros_ur_driver/src/install/ur_dashboard_msgs/include/ur_dashboard_msgs) by extensions ['ignore', 'ignore_ament_install']
[1.034s] Level 1:colcon.colcon_core.package_identification:_identify(workspace/ros_ur_driver/src/install/ur_dashboard_msgs/include/ur_dashboard_msgs) by extension 'ignore'
[1.034s] Level 1:colcon.colcon_core.package_identification:_identify(workspace/ros_ur_driver/src/install/ur_dashboard_msgs/include/ur_dashboard_msgs) by extension 'ignore_ament_install'
[1.034s] Level 1:colcon.colcon_core.package_identification:_identify(workspace/ros_ur_driver/src/install/ur_dashboard_msgs/include/ur_dashboard_msgs) by extensions ['colcon_pkg']
[1.034s] Level 1:colcon.colcon_core.package_identification:_identify(workspace/ros_ur_driver/src/install/ur_dashboard_msgs/include/ur_dashboard_msgs) by extension 'colcon_pkg'
[1.035s] Level 1:colcon.colcon_core.package_identification:_identify(workspace/ros_ur_driver/src/install/ur_dashboard_msgs/include/ur_dashboard_msgs) by extensions ['colcon_meta']
[1.035s] Level 1:colcon.colcon_core.package_identification:_identify(workspace/ros_ur_driver/src/install/ur_dashboard_msgs/include/ur_dashboard_msgs) by extension 'colcon_meta'
[1.035s] Level 1:colcon.colcon_core.package_identification:_identify(workspace/ros_ur_driver/src/install/ur_dashboard_msgs/include/ur_dashboard_msgs) by extensions ['ros']
[1.035s] Level 1:colcon.colcon_core.package_identification:_identify(workspace/ros_ur_driver/src/install/ur_dashboard_msgs/include/ur_dashboard_msgs) by extension 'ros'
[1.035s] Level 1:colcon.colcon_core.package_identification:_identify(workspace/ros_ur_driver/src/install/ur_dashboard_msgs/include/ur_dashboard_msgs) by extensions ['cmake', 'python']
[1.035s] Level 1:colcon.colcon_core.package_identification:_identify(workspace/ros_ur_driver/src/install/ur_dashboard_msgs/include/ur_dashboard_msgs) by extension 'cmake'
[1.035s] Level 1:colcon.colcon_core.package_identification:_identify(workspace/ros_ur_driver/src/install/ur_dashboard_msgs/include/ur_dashboard_msgs) by extension 'python'
[1.035s] Level 1:colcon.colcon_core.package_identification:_identify(workspace/ros_ur_driver/src/install/ur_dashboard_msgs/include/ur_dashboard_msgs) by extensions ['python_setup_py']
[1.035s] Level 1:colcon.colcon_core.package_identification:_identify(workspace/ros_ur_driver/src/install/ur_dashboard_msgs/include/ur_dashboard_msgs) by extension 'python_setup_py'
[1.035s] Level 1:colcon.colcon_core.package_identification:_identify(workspace/ros_ur_driver/src/install/ur_dashboard_msgs/include/ur_dashboard_msgs/ur_dashboard_msgs) by extensions ['ignore', 'ignore_ament_install']
[1.035s] Level 1:colcon.colcon_core.package_identification:_identify(workspace/ros_ur_driver/src/install/ur_dashboard_msgs/include/ur_dashboard_msgs/ur_dashboard_msgs) by extension 'ignore'
[1.035s] Level 1:colcon.colcon_core.package_identification:_identify(workspace/ros_ur_driver/src/install/ur_dashboard_msgs/include/ur_dashboard_msgs/ur_dashboard_msgs) by extension 'ignore_ament_install'
[1.035s] Level 1:colcon.colcon_core.package_identification:_identify(workspace/ros_ur_driver/src/install/ur_dashboard_msgs/include/ur_dashboard_msgs/ur_dashboard_msgs) by extensions ['colcon_pkg']
[1.035s] Level 1:colcon.colcon_core.package_identification:_identify(workspace/ros_ur_driver/src/install/ur_dashboard_msgs/include/ur_dashboard_msgs/ur_dashboard_msgs) by extension 'colcon_pkg'
[1.035s] Level 1:colcon.colcon_core.package_identification:_identify(workspace/ros_ur_driver/src/install/ur_dashboard_msgs/include/ur_dashboard_msgs/ur_dashboard_msgs) by extensions ['colcon_meta']
[1.035s] Level 1:colcon.colcon_core.package_identification:_identify(workspace/ros_ur_driver/src/install/ur_dashboard_msgs/include/ur_dashboard_msgs/ur_dashboard_msgs) by extension 'colcon_meta'
[1.036s] Level 1:colcon.colcon_core.package_identification:_identify(workspace/ros_ur_driver/src/install/ur_dashboard_msgs/include/ur_dashboard_msgs/ur_dashboard_msgs) by extensions ['ros']
[1.036s] Level 1:colcon.colcon_core.package_identification:_identify(workspace/ros_ur_driver/src/install/ur_dashboard_msgs/include/ur_dashboard_msgs/ur_dashboard_msgs) by extension 'ros'
[1.036s] Level 1:colcon.colcon_core.package_identification:_identify(workspace/ros_ur_driver/src/install/ur_dashboard_msgs/include/ur_dashboard_msgs/ur_dashboard_msgs) by extensions ['cmake', 'python']
[1.036s] Level 1:colcon.colcon_core.package_identification:_identify(workspace/ros_ur_driver/src/install/ur_dashboard_msgs/include/ur_dashboard_msgs/ur_dashboard_msgs) by extension 'cmake'
[1.036s] Level 1:colcon.colcon_core.package_identification:_identify(workspace/ros_ur_driver/src/install/ur_dashboard_msgs/include/ur_dashboard_msgs/ur_dashboard_msgs) by extension 'python'
[1.036s] Level 1:colcon.colcon_core.package_identification:_identify(workspace/ros_ur_driver/src/install/ur_dashboard_msgs/include/ur_dashboard_msgs/ur_dashboard_msgs) by extensions ['python_setup_py']
[1.036s] Level 1:colcon.colcon_core.package_identification:_identify(workspace/ros_ur_driver/src/install/ur_dashboard_msgs/include/ur_dashboard_msgs/ur_dashboard_msgs) by extension 'python_setup_py'
[1.036s] Level 1:colcon.colcon_core.package_identification:_identify(workspace/ros_ur_driver/src/install/ur_dashboard_msgs/include/ur_dashboard_msgs/ur_dashboard_msgs/action) by extensions ['ignore', 'ignore_ament_install']
[1.036s] Level 1:colcon.colcon_core.package_identification:_identify(workspace/ros_ur_driver/src/install/ur_dashboard_msgs/include/ur_dashboard_msgs/ur_dashboard_msgs/action) by extension 'ignore'
[1.036s] Level 1:colcon.colcon_core.package_identification:_identify(workspace/ros_ur_driver/src/install/ur_dashboard_msgs/include/ur_dashboard_msgs/ur_dashboard_msgs/action) by extension 'ignore_ament_install'
[1.036s] Level 1:colcon.colcon_core.package_identification:_identify(workspace/ros_ur_driver/src/install/ur_dashboard_msgs/include/ur_dashboard_msgs/ur_dashboard_msgs/action) by extensions ['colcon_pkg']
[1.036s] Level 1:colcon.colcon_core.package_identification:_identify(workspace/ros_ur_driver/src/install/ur_dashboard_msgs/include/ur_dashboard_msgs/ur_dashboard_msgs/action) by extension 'colcon_pkg'
[1.036s] Level 1:colcon.colcon_core.package_identification:_identify(workspace/ros_ur_driver/src/install/ur_dashboard_msgs/include/ur_dashboard_msgs/ur_dashboard_msgs/action) by extensions ['colcon_meta']
[1.036s] Level 1:colcon.colcon_core.package_identification:_identify(workspace/ros_ur_driver/src/install/ur_dashboard_msgs/include/ur_dashboard_msgs/ur_dashboard_msgs/action) by extension 'colcon_meta'
[1.036s] Level 1:colcon.colcon_core.package_identification:_identify(workspace/ros_ur_driver/src/install/ur_dashboard_msgs/include/ur_dashboard_msgs/ur_dashboard_msgs/action) by extensions ['ros']
[1.037s] Level 1:colcon.colcon_core.package_identification:_identify(workspace/ros_ur_driver/src/install/ur_dashboard_msgs/include/ur_dashboard_msgs/ur_dashboard_msgs/action) by extension 'ros'
[1.037s] Level 1:colcon.colcon_core.package_identification:_identify(workspace/ros_ur_driver/src/install/ur_dashboard_msgs/include/ur_dashboard_msgs/ur_dashboard_msgs/action) by extensions ['cmake', 'python']
[1.037s] Level 1:colcon.colcon_core.package_identification:_identify(workspace/ros_ur_driver/src/install/ur_dashboard_msgs/include/ur_dashboard_msgs/ur_dashboard_msgs/action) by extension 'cmake'
[1.037s] Level 1:colcon.colcon_core.package_identification:_identify(workspace/ros_ur_driver/src/install/ur_dashboard_msgs/include/ur_dashboard_msgs/ur_dashboard_msgs/action) by extension 'python'
[1.037s] Level 1:colcon.colcon_core.package_identification:_identify(workspace/ros_ur_driver/src/install/ur_dashboard_msgs/include/ur_dashboard_msgs/ur_dashboard_msgs/action) by extensions ['python_setup_py']
[1.037s] Level 1:colcon.colcon_core.package_identification:_identify(workspace/ros_ur_driver/src/install/ur_dashboard_msgs/include/ur_dashboard_msgs/ur_dashboard_msgs/action) by extension 'python_setup_py'
[1.037s] Level 1:colcon.colcon_core.package_identification:_identify(workspace/ros_ur_driver/src/install/ur_dashboard_msgs/include/ur_dashboard_msgs/ur_dashboard_msgs/action/detail) by extensions ['ignore', 'ignore_ament_install']
[1.037s] Level 1:colcon.colcon_core.package_identification:_identify(workspace/ros_ur_driver/src/install/ur_dashboard_msgs/include/ur_dashboard_msgs/ur_dashboard_msgs/action/detail) by extension 'ignore'
[1.037s] Level 1:colcon.colcon_core.package_identification:_identify(workspace/ros_ur_driver/src/install/ur_dashboard_msgs/include/ur_dashboard_msgs/ur_dashboard_msgs/action/detail) by extension 'ignore_ament_install'
[1.037s] Level 1:colcon.colcon_core.package_identification:_identify(workspace/ros_ur_driver/src/install/ur_dashboard_msgs/include/ur_dashboard_msgs/ur_dashboard_msgs/action/detail) by extensions ['colcon_pkg']
[1.037s] Level 1:colcon.colcon_core.package_identification:_identify(workspace/ros_ur_driver/src/install/ur_dashboard_msgs/include/ur_dashboard_msgs/ur_dashboard_msgs/action/detail) by extension 'colcon_pkg'
[1.037s] Level 1:colcon.colcon_core.package_identification:_identify(workspace/ros_ur_driver/src/install/ur_dashboard_msgs/include/ur_dashboard_msgs/ur_dashboard_msgs/action/detail) by extensions ['colcon_meta']
[1.037s] Level 1:colcon.colcon_core.package_identification:_identify(workspace/ros_ur_driver/src/install/ur_dashboard_msgs/include/ur_dashboard_msgs/ur_dashboard_msgs/action/detail) by extension 'colcon_meta'
[1.037s] Level 1:colcon.colcon_core.package_identification:_identify(workspace/ros_ur_driver/src/install/ur_dashboard_msgs/include/ur_dashboard_msgs/ur_dashboard_msgs/action/detail) by extensions ['ros']
[1.037s] Level 1:colcon.colcon_core.package_identification:_identify(workspace/ros_ur_driver/src/install/ur_dashboard_msgs/include/ur_dashboard_msgs/ur_dashboard_msgs/action/detail) by extension 'ros'
[1.038s] Level 1:colcon.colcon_core.package_identification:_identify(workspace/ros_ur_driver/src/install/ur_dashboard_msgs/include/ur_dashboard_msgs/ur_dashboard_msgs/action/detail) by extensions ['cmake', 'python']
[1.038s] Level 1:colcon.colcon_core.package_identification:_identify(workspace/ros_ur_driver/src/install/ur_dashboard_msgs/include/ur_dashboard_msgs/ur_dashboard_msgs/action/detail) by extension 'cmake'
[1.038s] Level 1:colcon.colcon_core.package_identification:_identify(workspace/ros_ur_driver/src/install/ur_dashboard_msgs/include/ur_dashboard_msgs/ur_dashboard_msgs/action/detail) by extension 'python'
[1.038s] Level 1:colcon.colcon_core.package_identification:_identify(workspace/ros_ur_driver/src/install/ur_dashboard_msgs/include/ur_dashboard_msgs/ur_dashboard_msgs/action/detail) by extensions ['python_setup_py']
[1.038s] Level 1:colcon.colcon_core.package_identification:_identify(workspace/ros_ur_driver/src/install/ur_dashboard_msgs/include/ur_dashboard_msgs/ur_dashboard_msgs/action/detail) by extension 'python_setup_py'
[1.038s] Level 1:colcon.colcon_core.package_identification:_identify(workspace/ros_ur_driver/src/install/ur_dashboard_msgs/include/ur_dashboard_msgs/ur_dashboard_msgs/action/detail/dds_fastrtps) by extensions ['ignore', 'ignore_ament_install']
[1.038s] Level 1:colcon.colcon_core.package_identification:_identify(workspace/ros_ur_driver/src/install/ur_dashboard_msgs/include/ur_dashboard_msgs/ur_dashboard_msgs/action/detail/dds_fastrtps) by extension 'ignore'
[1.038s] Level 1:colcon.colcon_core.package_identification:_identify(workspace/ros_ur_driver/src/install/ur_dashboard_msgs/include/ur_dashboard_msgs/ur_dashboard_msgs/action/detail/dds_fastrtps) by extension 'ignore_ament_install'
[1.038s] Level 1:colcon.colcon_core.package_identification:_identify(workspace/ros_ur_driver/src/install/ur_dashboard_msgs/include/ur_dashboard_msgs/ur_dashboard_msgs/action/detail/dds_fastrtps) by extensions ['colcon_pkg']
[1.038s] Level 1:colcon.colcon_core.package_identification:_identify(workspace/ros_ur_driver/src/install/ur_dashboard_msgs/include/ur_dashboard_msgs/ur_dashboard_msgs/action/detail/dds_fastrtps) by extension 'colcon_pkg'
[1.038s] Level 1:colcon.colcon_core.package_identification:_identify(workspace/ros_ur_driver/src/install/ur_dashboard_msgs/include/ur_dashboard_msgs/ur_dashboard_msgs/action/detail/dds_fastrtps) by extensions ['colcon_meta']
[1.038s] Level 1:colcon.colcon_core.package_identification:_identify(workspace/ros_ur_driver/src/install/ur_dashboard_msgs/include/ur_dashboard_msgs/ur_dashboard_msgs/action/detail/dds_fastrtps) by extension 'colcon_meta'
[1.038s] Level 1:colcon.colcon_core.package_identification:_identify(workspace/ros_ur_driver/src/install/ur_dashboard_msgs/include/ur_dashboard_msgs/ur_dashboard_msgs/action/detail/dds_fastrtps) by extensions ['ros']
[1.038s] Level 1:colcon.colcon_core.package_identification:_identify(workspace/ros_ur_driver/src/install/ur_dashboard_msgs/include/ur_dashboard_msgs/ur_dashboard_msgs/action/detail/dds_fastrtps) by extension 'ros'
[1.038s] Level 1:colcon.colcon_core.package_identification:_identify(workspace/ros_ur_driver/src/install/ur_dashboard_msgs/include/ur_dashboard_msgs/ur_dashboard_msgs/action/detail/dds_fastrtps) by extensions ['cmake', 'python']
[1.039s] Level 1:colcon.colcon_core.package_identification:_identify(workspace/ros_ur_driver/src/install/ur_dashboard_msgs/include/ur_dashboard_msgs/ur_dashboard_msgs/action/detail/dds_fastrtps) by extension 'cmake'
[1.039s] Level 1:colcon.colcon_core.package_identification:_identify(workspace/ros_ur_driver/src/install/ur_dashboard_msgs/include/ur_dashboard_msgs/ur_dashboard_msgs/action/detail/dds_fastrtps) by extension 'python'
[1.039s] Level 1:colcon.colcon_core.package_identification:_identify(workspace/ros_ur_driver/src/install/ur_dashboard_msgs/include/ur_dashboard_msgs/ur_dashboard_msgs/action/detail/dds_fastrtps) by extensions ['python_setup_py']
[1.039s] Level 1:colcon.colcon_core.package_identification:_identify(workspace/ros_ur_driver/src/install/ur_dashboard_msgs/include/ur_dashboard_msgs/ur_dashboard_msgs/action/detail/dds_fastrtps) by extension 'python_setup_py'
[1.039s] Level 1:colcon.colcon_core.package_identification:_identify(workspace/ros_ur_driver/src/install/ur_dashboard_msgs/include/ur_dashboard_msgs/ur_dashboard_msgs/msg) by extensions ['ignore', 'ignore_ament_install']
[1.039s] Level 1:colcon.colcon_core.package_identification:_identify(workspace/ros_ur_driver/src/install/ur_dashboard_msgs/include/ur_dashboard_msgs/ur_dashboard_msgs/msg) by extension 'ignore'
[1.039s] Level 1:colcon.colcon_core.package_identification:_identify(workspace/ros_ur_driver/src/install/ur_dashboard_msgs/include/ur_dashboard_msgs/ur_dashboard_msgs/msg) by extension 'ignore_ament_install'
[1.039s] Level 1:colcon.colcon_core.package_identification:_identify(workspace/ros_ur_driver/src/install/ur_dashboard_msgs/include/ur_dashboard_msgs/ur_dashboard_msgs/msg) by extensions ['colcon_pkg']
[1.039s] Level 1:colcon.colcon_core.package_identification:_identify(workspace/ros_ur_driver/src/install/ur_dashboard_msgs/include/ur_dashboard_msgs/ur_dashboard_msgs/msg) by extension 'colcon_pkg'
[1.039s] Level 1:colcon.colcon_core.package_identification:_identify(workspace/ros_ur_driver/src/install/ur_dashboard_msgs/include/ur_dashboard_msgs/ur_dashboard_msgs/msg) by extensions ['colcon_meta']
[1.039s] Level 1:colcon.colcon_core.package_identification:_identify(workspace/ros_ur_driver/src/install/ur_dashboard_msgs/include/ur_dashboard_msgs/ur_dashboard_msgs/msg) by extension 'colcon_meta'
[1.057s] Level 1:colcon.colcon_core.package_identification:_identify(workspace/ros_ur_driver/src/install/ur_dashboard_msgs/include/ur_dashboard_msgs/ur_dashboard_msgs/msg) by extensions ['ros']
[1.057s] Level 1:colcon.colcon_core.package_identification:_identify(workspace/ros_ur_driver/src/install/ur_dashboard_msgs/include/ur_dashboard_msgs/ur_dashboard_msgs/msg) by extension 'ros'
[1.057s] Level 1:colcon.colcon_core.package_identification:_identify(workspace/ros_ur_driver/src/install/ur_dashboard_msgs/include/ur_dashboard_msgs/ur_dashboard_msgs/msg) by extensions ['cmake', 'python']
[1.057s] Level 1:colcon.colcon_core.package_identification:_identify(workspace/ros_ur_driver/src/install/ur_dashboard_msgs/include/ur_dashboard_msgs/ur_dashboard_msgs/msg) by extension 'cmake'
[1.057s] Level 1:colcon.colcon_core.package_identification:_identify(workspace/ros_ur_driver/src/install/ur_dashboard_msgs/include/ur_dashboard_msgs/ur_dashboard_msgs/msg) by extension 'python'
[1.057s] Level 1:colcon.colcon_core.package_identification:_identify(workspace/ros_ur_driver/src/install/ur_dashboard_msgs/include/ur_dashboard_msgs/ur_dashboard_msgs/msg) by extensions ['python_setup_py']
[1.057s] Level 1:colcon.colcon_core.package_identification:_identify(workspace/ros_ur_driver/src/install/ur_dashboard_msgs/include/ur_dashboard_msgs/ur_dashboard_msgs/msg) by extension 'python_setup_py'
[1.057s] Level 1:colcon.colcon_core.package_identification:_identify(workspace/ros_ur_driver/src/install/ur_dashboard_msgs/include/ur_dashboard_msgs/ur_dashboard_msgs/msg/detail) by extensions ['ignore', 'ignore_ament_install']
[1.057s] Level 1:colcon.colcon_core.package_identification:_identify(workspace/ros_ur_driver/src/install/ur_dashboard_msgs/include/ur_dashboard_msgs/ur_dashboard_msgs/msg/detail) by extension 'ignore'
[1.058s] Level 1:colcon.colcon_core.package_identification:_identify(workspace/ros_ur_driver/src/install/ur_dashboard_msgs/include/ur_dashboard_msgs/ur_dashboard_msgs/msg/detail) by extension 'ignore_ament_install'
[1.058s] Level 1:colcon.colcon_core.package_identification:_identify(workspace/ros_ur_driver/src/install/ur_dashboard_msgs/include/ur_dashboard_msgs/ur_dashboard_msgs/msg/detail) by extensions ['colcon_pkg']
[1.058s] Level 1:colcon.colcon_core.package_identification:_identify(workspace/ros_ur_driver/src/install/ur_dashboard_msgs/include/ur_dashboard_msgs/ur_dashboard_msgs/msg/detail) by extension 'colcon_pkg'
[1.058s] Level 1:colcon.colcon_core.package_identification:_identify(workspace/ros_ur_driver/src/install/ur_dashboard_msgs/include/ur_dashboard_msgs/ur_dashboard_msgs/msg/detail) by extensions ['colcon_meta']
[1.058s] Level 1:colcon.colcon_core.package_identification:_identify(workspace/ros_ur_driver/src/install/ur_dashboard_msgs/include/ur_dashboard_msgs/ur_dashboard_msgs/msg/detail) by extension 'colcon_meta'
[1.058s] Level 1:colcon.colcon_core.package_identification:_identify(workspace/ros_ur_driver/src/install/ur_dashboard_msgs/include/ur_dashboard_msgs/ur_dashboard_msgs/msg/detail) by extensions ['ros']
[1.058s] Level 1:colcon.colcon_core.package_identification:_identify(workspace/ros_ur_driver/src/install/ur_dashboard_msgs/include/ur_dashboard_msgs/ur_dashboard_msgs/msg/detail) by extension 'ros'
[1.059s] Level 1:colcon.colcon_core.package_identification:_identify(workspace/ros_ur_driver/src/install/ur_dashboard_msgs/include/ur_dashboard_msgs/ur_dashboard_msgs/msg/detail) by extensions ['cmake', 'python']
[1.059s] Level 1:colcon.colcon_core.package_identification:_identify(workspace/ros_ur_driver/src/install/ur_dashboard_msgs/include/ur_dashboard_msgs/ur_dashboard_msgs/msg/detail) by extension 'cmake'
[1.059s] Level 1:colcon.colcon_core.package_identification:_identify(workspace/ros_ur_driver/src/install/ur_dashboard_msgs/include/ur_dashboard_msgs/ur_dashboard_msgs/msg/detail) by extension 'python'
[1.059s] Level 1:colcon.colcon_core.package_identification:_identify(workspace/ros_ur_driver/src/install/ur_dashboard_msgs/include/ur_dashboard_msgs/ur_dashboard_msgs/msg/detail) by extensions ['python_setup_py']
[1.059s] Level 1:colcon.colcon_core.package_identification:_identify(workspace/ros_ur_driver/src/install/ur_dashboard_msgs/include/ur_dashboard_msgs/ur_dashboard_msgs/msg/detail) by extension 'python_setup_py'
[1.059s] Level 1:colcon.colcon_core.package_identification:_identify(workspace/ros_ur_driver/src/install/ur_dashboard_msgs/include/ur_dashboard_msgs/ur_dashboard_msgs/msg/detail/dds_fastrtps) by extensions ['ignore', 'ignore_ament_install']
[1.059s] Level 1:colcon.colcon_core.package_identification:_identify(workspace/ros_ur_driver/src/install/ur_dashboard_msgs/include/ur_dashboard_msgs/ur_dashboard_msgs/msg/detail/dds_fastrtps) by extension 'ignore'
[1.059s] Level 1:colcon.colcon_core.package_identification:_identify(workspace/ros_ur_driver/src/install/ur_dashboard_msgs/include/ur_dashboard_msgs/ur_dashboard_msgs/msg/detail/dds_fastrtps) by extension 'ignore_ament_install'
[1.059s] Level 1:colcon.colcon_core.package_identification:_identify(workspace/ros_ur_driver/src/install/ur_dashboard_msgs/include/ur_dashboard_msgs/ur_dashboard_msgs/msg/detail/dds_fastrtps) by extensions ['colcon_pkg']
[1.059s] Level 1:colcon.colcon_core.package_identification:_identify(workspace/ros_ur_driver/src/install/ur_dashboard_msgs/include/ur_dashboard_msgs/ur_dashboard_msgs/msg/detail/dds_fastrtps) by extension 'colcon_pkg'
[1.059s] Level 1:colcon.colcon_core.package_identification:_identify(workspace/ros_ur_driver/src/install/ur_dashboard_msgs/include/ur_dashboard_msgs/ur_dashboard_msgs/msg/detail/dds_fastrtps) by extensions ['colcon_meta']
[1.059s] Level 1:colcon.colcon_core.package_identification:_identify(workspace/ros_ur_driver/src/install/ur_dashboard_msgs/include/ur_dashboard_msgs/ur_dashboard_msgs/msg/detail/dds_fastrtps) by extension 'colcon_meta'
[1.060s] Level 1:colcon.colcon_core.package_identification:_identify(workspace/ros_ur_driver/src/install/ur_dashboard_msgs/include/ur_dashboard_msgs/ur_dashboard_msgs/msg/detail/dds_fastrtps) by extensions ['ros']
[1.060s] Level 1:colcon.colcon_core.package_identification:_identify(workspace/ros_ur_driver/src/install/ur_dashboard_msgs/include/ur_dashboard_msgs/ur_dashboard_msgs/msg/detail/dds_fastrtps) by extension 'ros'
[1.060s] Level 1:colcon.colcon_core.package_identification:_identify(workspace/ros_ur_driver/src/install/ur_dashboard_msgs/include/ur_dashboard_msgs/ur_dashboard_msgs/msg/detail/dds_fastrtps) by extensions ['cmake', 'python']
[1.060s] Level 1:colcon.colcon_core.package_identification:_identify(workspace/ros_ur_driver/src/install/ur_dashboard_msgs/include/ur_dashboard_msgs/ur_dashboard_msgs/msg/detail/dds_fastrtps) by extension 'cmake'
[1.060s] Level 1:colcon.colcon_core.package_identification:_identify(workspace/ros_ur_driver/src/install/ur_dashboard_msgs/include/ur_dashboard_msgs/ur_dashboard_msgs/msg/detail/dds_fastrtps) by extension 'python'
[1.060s] Level 1:colcon.colcon_core.package_identification:_identify(workspace/ros_ur_driver/src/install/ur_dashboard_msgs/include/ur_dashboard_msgs/ur_dashboard_msgs/msg/detail/dds_fastrtps) by extensions ['python_setup_py']
[1.060s] Level 1:colcon.colcon_core.package_identification:_identify(workspace/ros_ur_driver/src/install/ur_dashboard_msgs/include/ur_dashboard_msgs/ur_dashboard_msgs/msg/detail/dds_fastrtps) by extension 'python_setup_py'
[1.061s] Level 1:colcon.colcon_core.package_identification:_identify(workspace/ros_ur_driver/src/install/ur_dashboard_msgs/include/ur_dashboard_msgs/ur_dashboard_msgs/srv) by extensions ['ignore', 'ignore_ament_install']
[1.061s] Level 1:colcon.colcon_core.package_identification:_identify(workspace/ros_ur_driver/src/install/ur_dashboard_msgs/include/ur_dashboard_msgs/ur_dashboard_msgs/srv) by extension 'ignore'
[1.061s] Level 1:colcon.colcon_core.package_identification:_identify(workspace/ros_ur_driver/src/install/ur_dashboard_msgs/include/ur_dashboard_msgs/ur_dashboard_msgs/srv) by extension 'ignore_ament_install'
[1.061s] Level 1:colcon.colcon_core.package_identification:_identify(workspace/ros_ur_driver/src/install/ur_dashboard_msgs/include/ur_dashboard_msgs/ur_dashboard_msgs/srv) by extensions ['colcon_pkg']
[1.061s] Level 1:colcon.colcon_core.package_identification:_identify(workspace/ros_ur_driver/src/install/ur_dashboard_msgs/include/ur_dashboard_msgs/ur_dashboard_msgs/srv) by extension 'colcon_pkg'
[1.061s] Level 1:colcon.colcon_core.package_identification:_identify(workspace/ros_ur_driver/src/install/ur_dashboard_msgs/include/ur_dashboard_msgs/ur_dashboard_msgs/srv) by extensions ['colcon_meta']
[1.062s] Level 1:colcon.colcon_core.package_identification:_identify(workspace/ros_ur_driver/src/install/ur_dashboard_msgs/include/ur_dashboard_msgs/ur_dashboard_msgs/srv) by extension 'colcon_meta'
[1.062s] Level 1:colcon.colcon_core.package_identification:_identify(workspace/ros_ur_driver/src/install/ur_dashboard_msgs/include/ur_dashboard_msgs/ur_dashboard_msgs/srv) by extensions ['ros']
[1.062s] Level 1:colcon.colcon_core.package_identification:_identify(workspace/ros_ur_driver/src/install/ur_dashboard_msgs/include/ur_dashboard_msgs/ur_dashboard_msgs/srv) by extension 'ros'
[1.062s] Level 1:colcon.colcon_core.package_identification:_identify(workspace/ros_ur_driver/src/install/ur_dashboard_msgs/include/ur_dashboard_msgs/ur_dashboard_msgs/srv) by extensions ['cmake', 'python']
[1.062s] Level 1:colcon.colcon_core.package_identification:_identify(workspace/ros_ur_driver/src/install/ur_dashboard_msgs/include/ur_dashboard_msgs/ur_dashboard_msgs/srv) by extension 'cmake'
[1.062s] Level 1:colcon.colcon_core.package_identification:_identify(workspace/ros_ur_driver/src/install/ur_dashboard_msgs/include/ur_dashboard_msgs/ur_dashboard_msgs/srv) by extension 'python'
[1.062s] Level 1:colcon.colcon_core.package_identification:_identify(workspace/ros_ur_driver/src/install/ur_dashboard_msgs/include/ur_dashboard_msgs/ur_dashboard_msgs/srv) by extensions ['python_setup_py']
[1.062s] Level 1:colcon.colcon_core.package_identification:_identify(workspace/ros_ur_driver/src/install/ur_dashboard_msgs/include/ur_dashboard_msgs/ur_dashboard_msgs/srv) by extension 'python_setup_py'
[1.062s] Level 1:colcon.colcon_core.package_identification:_identify(workspace/ros_ur_driver/src/install/ur_dashboard_msgs/include/ur_dashboard_msgs/ur_dashboard_msgs/srv/detail) by extensions ['ignore', 'ignore_ament_install']
[1.073s] Level 1:colcon.colcon_core.package_identification:_identify(workspace/ros_ur_driver/src/install/ur_dashboard_msgs/include/ur_dashboard_msgs/ur_dashboard_msgs/srv/detail) by extension 'ignore'
[1.073s] Level 1:colcon.colcon_core.package_identification:_identify(workspace/ros_ur_driver/src/install/ur_dashboard_msgs/include/ur_dashboard_msgs/ur_dashboard_msgs/srv/detail) by extension 'ignore_ament_install'
[1.073s] Level 1:colcon.colcon_core.package_identification:_identify(workspace/ros_ur_driver/src/install/ur_dashboard_msgs/include/ur_dashboard_msgs/ur_dashboard_msgs/srv/detail) by extensions ['colcon_pkg']
[1.073s] Level 1:colcon.colcon_core.package_identification:_identify(workspace/ros_ur_driver/src/install/ur_dashboard_msgs/include/ur_dashboard_msgs/ur_dashboard_msgs/srv/detail) by extension 'colcon_pkg'
[1.073s] Level 1:colcon.colcon_core.package_identification:_identify(workspace/ros_ur_driver/src/install/ur_dashboard_msgs/include/ur_dashboard_msgs/ur_dashboard_msgs/srv/detail) by extensions ['colcon_meta']
[1.073s] Level 1:colcon.colcon_core.package_identification:_identify(workspace/ros_ur_driver/src/install/ur_dashboard_msgs/include/ur_dashboard_msgs/ur_dashboard_msgs/srv/detail) by extension 'colcon_meta'
[1.073s] Level 1:colcon.colcon_core.package_identification:_identify(workspace/ros_ur_driver/src/install/ur_dashboard_msgs/include/ur_dashboard_msgs/ur_dashboard_msgs/srv/detail) by extensions ['ros']
[1.073s] Level 1:colcon.colcon_core.package_identification:_identify(workspace/ros_ur_driver/src/install/ur_dashboard_msgs/include/ur_dashboard_msgs/ur_dashboard_msgs/srv/detail) by extension 'ros'
[1.074s] Level 1:colcon.colcon_core.package_identification:_identify(workspace/ros_ur_driver/src/install/ur_dashboard_msgs/include/ur_dashboard_msgs/ur_dashboard_msgs/srv/detail) by extensions ['cmake', 'python']
[1.074s] Level 1:colcon.colcon_core.package_identification:_identify(workspace/ros_ur_driver/src/install/ur_dashboard_msgs/include/ur_dashboard_msgs/ur_dashboard_msgs/srv/detail) by extension 'cmake'
[1.074s] Level 1:colcon.colcon_core.package_identification:_identify(workspace/ros_ur_driver/src/install/ur_dashboard_msgs/include/ur_dashboard_msgs/ur_dashboard_msgs/srv/detail) by extension 'python'
[1.074s] Level 1:colcon.colcon_core.package_identification:_identify(workspace/ros_ur_driver/src/install/ur_dashboard_msgs/include/ur_dashboard_msgs/ur_dashboard_msgs/srv/detail) by extensions ['python_setup_py']
[1.074s] Level 1:colcon.colcon_core.package_identification:_identify(workspace/ros_ur_driver/src/install/ur_dashboard_msgs/include/ur_dashboard_msgs/ur_dashboard_msgs/srv/detail) by extension 'python_setup_py'
[1.075s] Level 1:colcon.colcon_core.package_identification:_identify(workspace/ros_ur_driver/src/install/ur_dashboard_msgs/include/ur_dashboard_msgs/ur_dashboard_msgs/srv/detail/dds_fastrtps) by extensions ['ignore', 'ignore_ament_install']
[1.075s] Level 1:colcon.colcon_core.package_identification:_identify(workspace/ros_ur_driver/src/install/ur_dashboard_msgs/include/ur_dashboard_msgs/ur_dashboard_msgs/srv/detail/dds_fastrtps) by extension 'ignore'
[1.075s] Level 1:colcon.colcon_core.package_identification:_identify(workspace/ros_ur_driver/src/install/ur_dashboard_msgs/include/ur_dashboard_msgs/ur_dashboard_msgs/srv/detail/dds_fastrtps) by extension 'ignore_ament_install'
[1.075s] Level 1:colcon.colcon_core.package_identification:_identify(workspace/ros_ur_driver/src/install/ur_dashboard_msgs/include/ur_dashboard_msgs/ur_dashboard_msgs/srv/detail/dds_fastrtps) by extensions ['colcon_pkg']
[1.075s] Level 1:colcon.colcon_core.package_identification:_identify(workspace/ros_ur_driver/src/install/ur_dashboard_msgs/include/ur_dashboard_msgs/ur_dashboard_msgs/srv/detail/dds_fastrtps) by extension 'colcon_pkg'
[1.075s] Level 1:colcon.colcon_core.package_identification:_identify(workspace/ros_ur_driver/src/install/ur_dashboard_msgs/include/ur_dashboard_msgs/ur_dashboard_msgs/srv/detail/dds_fastrtps) by extensions ['colcon_meta']
[1.075s] Level 1:colcon.colcon_core.package_identification:_identify(workspace/ros_ur_driver/src/install/ur_dashboard_msgs/include/ur_dashboard_msgs/ur_dashboard_msgs/srv/detail/dds_fastrtps) by extension 'colcon_meta'
[1.075s] Level 1:colcon.colcon_core.package_identification:_identify(workspace/ros_ur_driver/src/install/ur_dashboard_msgs/include/ur_dashboard_msgs/ur_dashboard_msgs/srv/detail/dds_fastrtps) by extensions ['ros']
[1.075s] Level 1:colcon.colcon_core.package_identification:_identify(workspace/ros_ur_driver/src/install/ur_dashboard_msgs/include/ur_dashboard_msgs/ur_dashboard_msgs/srv/detail/dds_fastrtps) by extension 'ros'
[1.075s] Level 1:colcon.colcon_core.package_identification:_identify(workspace/ros_ur_driver/src/install/ur_dashboard_msgs/include/ur_dashboard_msgs/ur_dashboard_msgs/srv/detail/dds_fastrtps) by extensions ['cmake', 'python']
[1.075s] Level 1:colcon.colcon_core.package_identification:_identify(workspace/ros_ur_driver/src/install/ur_dashboard_msgs/include/ur_dashboard_msgs/ur_dashboard_msgs/srv/detail/dds_fastrtps) by extension 'cmake'
[1.075s] Level 1:colcon.colcon_core.package_identification:_identify(workspace/ros_ur_driver/src/install/ur_dashboard_msgs/include/ur_dashboard_msgs/ur_dashboard_msgs/srv/detail/dds_fastrtps) by extension 'python'
[1.075s] Level 1:colcon.colcon_core.package_identification:_identify(workspace/ros_ur_driver/src/install/ur_dashboard_msgs/include/ur_dashboard_msgs/ur_dashboard_msgs/srv/detail/dds_fastrtps) by extensions ['python_setup_py']
[1.076s] Level 1:colcon.colcon_core.package_identification:_identify(workspace/ros_ur_driver/src/install/ur_dashboard_msgs/include/ur_dashboard_msgs/ur_dashboard_msgs/srv/detail/dds_fastrtps) by extension 'python_setup_py'
[1.076s] Level 1:colcon.colcon_core.package_identification:_identify(workspace/ros_ur_driver/src/rutine_launcher) by extensions ['ignore', 'ignore_ament_install']
[1.076s] Level 1:colcon.colcon_core.package_identification:_identify(workspace/ros_ur_driver/src/rutine_launcher) by extension 'ignore'
[1.076s] Level 1:colcon.colcon_core.package_identification:_identify(workspace/ros_ur_driver/src/rutine_launcher) by extension 'ignore_ament_install'
[1.076s] Level 1:colcon.colcon_core.package_identification:_identify(workspace/ros_ur_driver/src/rutine_launcher) by extensions ['colcon_pkg']
[1.076s] Level 1:colcon.colcon_core.package_identification:_identify(workspace/ros_ur_driver/src/rutine_launcher) by extension 'colcon_pkg'
[1.076s] Level 1:colcon.colcon_core.package_identification:_identify(workspace/ros_ur_driver/src/rutine_launcher) by extensions ['colcon_meta']
[1.076s] Level 1:colcon.colcon_core.package_identification:_identify(workspace/ros_ur_driver/src/rutine_launcher) by extension 'colcon_meta'
[1.076s] Level 1:colcon.colcon_core.package_identification:_identify(workspace/ros_ur_driver/src/rutine_launcher) by extensions ['ros']
[1.076s] Level 1:colcon.colcon_core.package_identification:_identify(workspace/ros_ur_driver/src/rutine_launcher) by extension 'ros'
[1.077s] DEBUG:colcon.colcon_core.package_identification:Package 'workspace/ros_ur_driver/src/rutine_launcher' with type 'ros.ament_python' and name 'rutine_launcher'
[1.077s] Level 1:colcon.colcon_core.package_identification:_identify(workspace/ros_ur_driver/src/trayectories) by extensions ['ignore', 'ignore_ament_install']
[1.078s] Level 1:colcon.colcon_core.package_identification:_identify(workspace/ros_ur_driver/src/trayectories) by extension 'ignore'
[1.078s] Level 1:colcon.colcon_core.package_identification:_identify(workspace/ros_ur_driver/src/trayectories) by extension 'ignore_ament_install'
[1.078s] Level 1:colcon.colcon_core.package_identification:_identify(workspace/ros_ur_driver/src/trayectories) by extensions ['colcon_pkg']
[1.078s] Level 1:colcon.colcon_core.package_identification:_identify(workspace/ros_ur_driver/src/trayectories) by extension 'colcon_pkg'
[1.078s] Level 1:colcon.colcon_core.package_identification:_identify(workspace/ros_ur_driver/src/trayectories) by extensions ['colcon_meta']
[1.078s] Level 1:colcon.colcon_core.package_identification:_identify(workspace/ros_ur_driver/src/trayectories) by extension 'colcon_meta'
[1.078s] Level 1:colcon.colcon_core.package_identification:_identify(workspace/ros_ur_driver/src/trayectories) by extensions ['ros']
[1.078s] Level 1:colcon.colcon_core.package_identification:_identify(workspace/ros_ur_driver/src/trayectories) by extension 'ros'
[1.079s] DEBUG:colcon.colcon_core.package_identification:Package 'workspace/ros_ur_driver/src/trayectories' with type 'ros.ament_python' and name 'trayectories'
[1.079s] Level 1:colcon.colcon_core.package_discovery:discover_packages(recursive) using defaults
[1.079s] Level 1:colcon.colcon_core.package_discovery:discover_packages(ignore) discover
[1.079s] Level 1:colcon.colcon_core.package_discovery:discover_packages(ignore) using defaults
[1.079s] Level 1:colcon.colcon_core.package_discovery:discover_packages(path) discover
[1.079s] Level 1:colcon.colcon_core.package_discovery:discover_packages(path) using defaults
[1.174s] Level 1:colcon.colcon_core.package_discovery:discover_packages(prefix_path) check parameters
[1.184s] Level 1:colcon.colcon_core.package_discovery:discover_packages(prefix_path) discover
[1.188s] DEBUG:colcon.colcon_installed_package_information.package_discovery:Found 12 installed packages in /home/adela/TFM_AdelaJimenez/workspace/ros_ur_driver/install
[1.189s] DEBUG:colcon.colcon_installed_package_information.package_discovery:Found 12 installed packages in /home/adela/TFM_MiguelLerinAlonso/workspace/ros_ur_driver/install
[1.191s] DEBUG:colcon.colcon_installed_package_information.package_discovery:Found 8 installed packages in /home/adela/workspace/ros_ur_driver/install
[1.193s] DEBUG:colcon.colcon_installed_package_information.package_discovery:Found 349 installed packages in /opt/ros/humble
[1.195s] Level 1:colcon.colcon_core.package_discovery:discover_packages(prefix_path) using defaults
[1.332s] Level 5:colcon.colcon_core.verb:set package 'build_platform' build argument 'cmake_args' from command line to 'None'
[1.333s] Level 5:colcon.colcon_core.verb:set package 'build_platform' build argument 'cmake_target' from command line to 'None'
[1.334s] Level 5:colcon.colcon_core.verb:set package 'build_platform' build argument 'cmake_target_skip_unavailable' from command line to 'False'
[1.337s] Level 5:colcon.colcon_core.verb:set package 'build_platform' build argument 'cmake_clean_cache' from command line to 'False'
[1.337s] Level 5:colcon.colcon_core.verb:set package 'build_platform' build argument 'cmake_clean_first' from command line to 'False'
[1.337s] Level 5:colcon.colcon_core.verb:set package 'build_platform' build argument 'cmake_force_configure' from command line to 'False'
[1.337s] Level 5:colcon.colcon_core.verb:set package 'build_platform' build argument 'ament_cmake_args' from command line to 'None'
[1.337s] Level 5:colcon.colcon_core.verb:set package 'build_platform' build argument 'catkin_cmake_args' from command line to 'None'
[1.337s] Level 5:colcon.colcon_core.verb:set package 'build_platform' build argument 'catkin_skip_building_tests' from command line to 'False'
[1.337s] DEBUG:colcon.colcon_core.verb:Building package 'build_platform' with the following arguments: {'ament_cmake_args': None, 'build_base': '/home/adela/TFM_AdelaJimenez/build/build_platform', 'catkin_cmake_args': None, 'catkin_skip_building_tests': False, 'cmake_args': None, 'cmake_clean_cache': False, 'cmake_clean_first': False, 'cmake_force_configure': False, 'cmake_target': None, 'cmake_target_skip_unavailable': False, 'install_base': '/home/adela/TFM_AdelaJimenez/install/build_platform', 'merge_install': False, 'path': '/home/adela/TFM_AdelaJimenez/workspace/ros_ur_driver/src/build_platform', 'symlink_install': False, 'test_result_base': None}
[1.337s] Level 5:colcon.colcon_core.verb:set package 'data_logger' build argument 'cmake_args' from command line to 'None'
[1.338s] Level 5:colcon.colcon_core.verb:set package 'data_logger' build argument 'cmake_target' from command line to 'None'
[1.338s] Level 5:colcon.colcon_core.verb:set package 'data_logger' build argument 'cmake_target_skip_unavailable' from command line to 'False'
[1.338s] Level 5:colcon.colcon_core.verb:set package 'data_logger' build argument 'cmake_clean_cache' from command line to 'False'
[1.338s] Level 5:colcon.colcon_core.verb:set package 'data_logger' build argument 'cmake_clean_first' from command line to 'False'
[1.338s] Level 5:colcon.colcon_core.verb:set package 'data_logger' build argument 'cmake_force_configure' from command line to 'False'
[1.338s] Level 5:colcon.colcon_core.verb:set package 'data_logger' build argument 'ament_cmake_args' from command line to 'None'
[1.338s] Level 5:colcon.colcon_core.verb:set package 'data_logger' build argument 'catkin_cmake_args' from command line to 'None'
[1.338s] Level 5:colcon.colcon_core.verb:set package 'data_logger' build argument 'catkin_skip_building_tests' from command line to 'False'
[1.338s] DEBUG:colcon.colcon_core.verb:Building package 'data_logger' with the following arguments: {'ament_cmake_args': None, 'build_base': '/home/adela/TFM_AdelaJimenez/build/data_logger', 'catkin_cmake_args': None, 'catkin_skip_building_tests': False, 'cmake_args': None, 'cmake_clean_cache': False, 'cmake_clean_first': False, 'cmake_force_configure': False, 'cmake_target': None, 'cmake_target_skip_unavailable': False, 'install_base': '/home/adela/TFM_AdelaJimenez/install/data_logger', 'merge_install': False, 'path': '/home/adela/TFM_AdelaJimenez/workspace/ros_ur_driver/src/data_logger', 'symlink_install': False, 'test_result_base': None}
[1.338s] Level 5:colcon.colcon_core.verb:set package 'rutine_launcher' build argument 'cmake_args' from command line to 'None'
[1.338s] Level 5:colcon.colcon_core.verb:set package 'rutine_launcher' build argument 'cmake_target' from command line to 'None'
[1.338s] Level 5:colcon.colcon_core.verb:set package 'rutine_launcher' build argument 'cmake_target_skip_unavailable' from command line to 'False'
[1.338s] Level 5:colcon.colcon_core.verb:set package 'rutine_launcher' build argument 'cmake_clean_cache' from command line to 'False'
[1.338s] Level 5:colcon.colcon_core.verb:set package 'rutine_launcher' build argument 'cmake_clean_first' from command line to 'False'
[1.338s] Level 5:colcon.colcon_core.verb:set package 'rutine_launcher' build argument 'cmake_force_configure' from command line to 'False'
[1.338s] Level 5:colcon.colcon_core.verb:set package 'rutine_launcher' build argument 'ament_cmake_args' from command line to 'None'
[1.338s] Level 5:colcon.colcon_core.verb:set package 'rutine_launcher' build argument 'catkin_cmake_args' from command line to 'None'
[1.338s] Level 5:colcon.colcon_core.verb:set package 'rutine_launcher' build argument 'catkin_skip_building_tests' from command line to 'False'
[1.338s] DEBUG:colcon.colcon_core.verb:Building package 'rutine_launcher' with the following arguments: {'ament_cmake_args': None, 'build_base': '/home/adela/TFM_AdelaJimenez/build/rutine_launcher', 'catkin_cmake_args': None, 'catkin_skip_building_tests': False, 'cmake_args': None, 'cmake_clean_cache': False, 'cmake_clean_first': False, 'cmake_force_configure': False, 'cmake_target': None, 'cmake_target_skip_unavailable': False, 'install_base': '/home/adela/TFM_AdelaJimenez/install/rutine_launcher', 'merge_install': False, 'path': '/home/adela/TFM_AdelaJimenez/workspace/ros_ur_driver/src/rutine_launcher', 'symlink_install': False, 'test_result_base': None}
[1.339s] Level 5:colcon.colcon_core.verb:set package 'trayectories' build argument 'cmake_args' from command line to 'None'
[1.339s] Level 5:colcon.colcon_core.verb:set package 'trayectories' build argument 'cmake_target' from command line to 'None'
[1.339s] Level 5:colcon.colcon_core.verb:set package 'trayectories' build argument 'cmake_target_skip_unavailable' from command line to 'False'
[1.339s] Level 5:colcon.colcon_core.verb:set package 'trayectories' build argument 'cmake_clean_cache' from command line to 'False'
[1.339s] Level 5:colcon.colcon_core.verb:set package 'trayectories' build argument 'cmake_clean_first' from command line to 'False'
[1.339s] Level 5:colcon.colcon_core.verb:set package 'trayectories' build argument 'cmake_force_configure' from command line to 'False'
[1.339s] Level 5:colcon.colcon_core.verb:set package 'trayectories' build argument 'ament_cmake_args' from command line to 'None'
[1.339s] Level 5:colcon.colcon_core.verb:set package 'trayectories' build argument 'catkin_cmake_args' from command line to 'None'
[1.339s] Level 5:colcon.colcon_core.verb:set package 'trayectories' build argument 'catkin_skip_building_tests' from command line to 'False'
[1.339s] DEBUG:colcon.colcon_core.verb:Building package 'trayectories' with the following arguments: {'ament_cmake_args': None, 'build_base': '/home/adela/TFM_AdelaJimenez/build/trayectories', 'catkin_cmake_args': None, 'catkin_skip_building_tests': False, 'cmake_args': None, 'cmake_clean_cache': False, 'cmake_clean_first': False, 'cmake_force_configure': False, 'cmake_target': None, 'cmake_target_skip_unavailable': False, 'install_base': '/home/adela/TFM_AdelaJimenez/install/trayectories', 'merge_install': False, 'path': '/home/adela/TFM_AdelaJimenez/workspace/ros_ur_driver/src/trayectories', 'symlink_install': False, 'test_result_base': None}
[1.340s] Level 5:colcon.colcon_core.verb:set package 'ur_dashboard_msgs' build argument 'cmake_args' from command line to 'None'
[1.340s] Level 5:colcon.colcon_core.verb:set package 'ur_dashboard_msgs' build argument 'cmake_target' from command line to 'None'
[1.340s] Level 5:colcon.colcon_core.verb:set package 'ur_dashboard_msgs' build argument 'cmake_target_skip_unavailable' from command line to 'False'
[1.340s] Level 5:colcon.colcon_core.verb:set package 'ur_dashboard_msgs' build argument 'cmake_clean_cache' from command line to 'False'
[1.340s] Level 5:colcon.colcon_core.verb:set package 'ur_dashboard_msgs' build argument 'cmake_clean_first' from command line to 'False'
[1.340s] Level 5:colcon.colcon_core.verb:set package 'ur_dashboard_msgs' build argument 'cmake_force_configure' from command line to 'False'
[1.340s] Level 5:colcon.colcon_core.verb:set package 'ur_dashboard_msgs' build argument 'ament_cmake_args' from command line to 'None'
[1.340s] Level 5:colcon.colcon_core.verb:set package 'ur_dashboard_msgs' build argument 'catkin_cmake_args' from command line to 'None'
[1.340s] Level 5:colcon.colcon_core.verb:set package 'ur_dashboard_msgs' build argument 'catkin_skip_building_tests' from command line to 'False'
[1.340s] DEBUG:colcon.colcon_core.verb:Building package 'ur_dashboard_msgs' with the following arguments: {'ament_cmake_args': None, 'build_base': '/home/adela/TFM_AdelaJimenez/build/ur_dashboard_msgs', 'catkin_cmake_args': None, 'catkin_skip_building_tests': False, 'cmake_args': None, 'cmake_clean_cache': False, 'cmake_clean_first': False, 'cmake_force_configure': False, 'cmake_target': None, 'cmake_target_skip_unavailable': False, 'install_base': '/home/adela/TFM_AdelaJimenez/install/ur_dashboard_msgs', 'merge_install': False, 'path': '/home/adela/TFM_AdelaJimenez/workspace/ros_ur_driver/src/Universal_Robots_ROS2_Driver/ur_dashboard_msgs', 'symlink_install': False, 'test_result_base': None}
[1.340s] Level 5:colcon.colcon_core.verb:set package 'ur_description' build argument 'cmake_args' from command line to 'None'
[1.340s] Level 5:colcon.colcon_core.verb:set package 'ur_description' build argument 'cmake_target' from command line to 'None'
[1.340s] Level 5:colcon.colcon_core.verb:set package 'ur_description' build argument 'cmake_target_skip_unavailable' from command line to 'False'
[1.340s] Level 5:colcon.colcon_core.verb:set package 'ur_description' build argument 'cmake_clean_cache' from command line to 'False'
[1.340s] Level 5:colcon.colcon_core.verb:set package 'ur_description' build argument 'cmake_clean_first' from command line to 'False'
[1.340s] Level 5:colcon.colcon_core.verb:set package 'ur_description' build argument 'cmake_force_configure' from command line to 'False'
[1.340s] Level 5:colcon.colcon_core.verb:set package 'ur_description' build argument 'ament_cmake_args' from command line to 'None'
[1.340s] Level 5:colcon.colcon_core.verb:set package 'ur_description' build argument 'catkin_cmake_args' from command line to 'None'
[1.341s] Level 5:colcon.colcon_core.verb:set package 'ur_description' build argument 'catkin_skip_building_tests' from command line to 'False'
[1.341s] DEBUG:colcon.colcon_core.verb:Building package 'ur_description' with the following arguments: {'ament_cmake_args': None, 'build_base': '/home/adela/TFM_AdelaJimenez/build/ur_description', 'catkin_cmake_args': None, 'catkin_skip_building_tests': False, 'cmake_args': None, 'cmake_clean_cache': False, 'cmake_clean_first': False, 'cmake_force_configure': False, 'cmake_target': None, 'cmake_target_skip_unavailable': False, 'install_base': '/home/adela/TFM_AdelaJimenez/install/ur_description', 'merge_install': False, 'path': '/home/adela/TFM_AdelaJimenez/workspace/ros_ur_driver/src/Universal_Robots_ROS2_Description', 'symlink_install': False, 'test_result_base': None}
[1.341s] Level 5:colcon.colcon_core.verb:set package 'ur_controllers' build argument 'cmake_args' from command line to 'None'
[1.341s] Level 5:colcon.colcon_core.verb:set package 'ur_controllers' build argument 'cmake_target' from command line to 'None'
[1.341s] Level 5:colcon.colcon_core.verb:set package 'ur_controllers' build argument 'cmake_target_skip_unavailable' from command line to 'False'
[1.341s] Level 5:colcon.colcon_core.verb:set package 'ur_controllers' build argument 'cmake_clean_cache' from command line to 'False'
[1.341s] Level 5:colcon.colcon_core.verb:set package 'ur_controllers' build argument 'cmake_clean_first' from command line to 'False'
[1.341s] Level 5:colcon.colcon_core.verb:set package 'ur_controllers' build argument 'cmake_force_configure' from command line to 'False'
[1.341s] Level 5:colcon.colcon_core.verb:set package 'ur_controllers' build argument 'ament_cmake_args' from command line to 'None'
[1.341s] Level 5:colcon.colcon_core.verb:set package 'ur_controllers' build argument 'catkin_cmake_args' from command line to 'None'
[1.341s] Level 5:colcon.colcon_core.verb:set package 'ur_controllers' build argument 'catkin_skip_building_tests' from command line to 'False'
[1.341s] DEBUG:colcon.colcon_core.verb:Building package 'ur_controllers' with the following arguments: {'ament_cmake_args': None, 'build_base': '/home/adela/TFM_AdelaJimenez/build/ur_controllers', 'catkin_cmake_args': None, 'catkin_skip_building_tests': False, 'cmake_args': None, 'cmake_clean_cache': False, 'cmake_clean_first': False, 'cmake_force_configure': False, 'cmake_target': None, 'cmake_target_skip_unavailable': False, 'install_base': '/home/adela/TFM_AdelaJimenez/install/ur_controllers', 'merge_install': False, 'path': '/home/adela/TFM_AdelaJimenez/workspace/ros_ur_driver/src/Universal_Robots_ROS2_Driver/ur_controllers', 'symlink_install': False, 'test_result_base': None}
[1.342s] Level 5:colcon.colcon_core.verb:set package 'ur_moveit_config' build argument 'cmake_args' from command line to 'None'
[1.342s] Level 5:colcon.colcon_core.verb:set package 'ur_moveit_config' build argument 'cmake_target' from command line to 'None'
[1.342s] Level 5:colcon.colcon_core.verb:set package 'ur_moveit_config' build argument 'cmake_target_skip_unavailable' from command line to 'False'
[1.342s] Level 5:colcon.colcon_core.verb:set package 'ur_moveit_config' build argument 'cmake_clean_cache' from command line to 'False'
[1.342s] Level 5:colcon.colcon_core.verb:set package 'ur_moveit_config' build argument 'cmake_clean_first' from command line to 'False'
[1.342s] Level 5:colcon.colcon_core.verb:set package 'ur_moveit_config' build argument 'cmake_force_configure' from command line to 'False'
[1.342s] Level 5:colcon.colcon_core.verb:set package 'ur_moveit_config' build argument 'ament_cmake_args' from command line to 'None'
[1.342s] Level 5:colcon.colcon_core.verb:set package 'ur_moveit_config' build argument 'catkin_cmake_args' from command line to 'None'
[1.342s] Level 5:colcon.colcon_core.verb:set package 'ur_moveit_config' build argument 'catkin_skip_building_tests' from command line to 'False'
[1.342s] DEBUG:colcon.colcon_core.verb:Building package 'ur_moveit_config' with the following arguments: {'ament_cmake_args': None, 'build_base': '/home/adela/TFM_AdelaJimenez/build/ur_moveit_config', 'catkin_cmake_args': None, 'catkin_skip_building_tests': False, 'cmake_args': None, 'cmake_clean_cache': False, 'cmake_clean_first': False, 'cmake_force_configure': False, 'cmake_target': None, 'cmake_target_skip_unavailable': False, 'install_base': '/home/adela/TFM_AdelaJimenez/install/ur_moveit_config', 'merge_install': False, 'path': '/home/adela/TFM_AdelaJimenez/workspace/ros_ur_driver/src/Universal_Robots_ROS2_Driver/ur_moveit_config', 'symlink_install': False, 'test_result_base': None}
[1.342s] Level 5:colcon.colcon_core.verb:set package 'ur_bringup' build argument 'cmake_args' from command line to 'None'
[1.342s] Level 5:colcon.colcon_core.verb:set package 'ur_bringup' build argument 'cmake_target' from command line to 'None'
[1.342s] Level 5:colcon.colcon_core.verb:set package 'ur_bringup' build argument 'cmake_target_skip_unavailable' from command line to 'False'
[1.342s] Level 5:colcon.colcon_core.verb:set package 'ur_bringup' build argument 'cmake_clean_cache' from command line to 'False'
[1.349s] Level 5:colcon.colcon_core.verb:set package 'ur_bringup' build argument 'cmake_clean_first' from command line to 'False'
[1.349s] Level 5:colcon.colcon_core.verb:set package 'ur_bringup' build argument 'cmake_force_configure' from command line to 'False'
[1.349s] Level 5:colcon.colcon_core.verb:set package 'ur_bringup' build argument 'ament_cmake_args' from command line to 'None'
[1.350s] Level 5:colcon.colcon_core.verb:set package 'ur_bringup' build argument 'catkin_cmake_args' from command line to 'None'
[1.350s] Level 5:colcon.colcon_core.verb:set package 'ur_bringup' build argument 'catkin_skip_building_tests' from command line to 'False'
[1.350s] DEBUG:colcon.colcon_core.verb:Building package 'ur_bringup' with the following arguments: {'ament_cmake_args': None, 'build_base': '/home/adela/TFM_AdelaJimenez/build/ur_bringup', 'catkin_cmake_args': None, 'catkin_skip_building_tests': False, 'cmake_args': None, 'cmake_clean_cache': False, 'cmake_clean_first': False, 'cmake_force_configure': False, 'cmake_target': None, 'cmake_target_skip_unavailable': False, 'install_base': '/home/adela/TFM_AdelaJimenez/install/ur_bringup', 'merge_install': False, 'path': '/home/adela/TFM_AdelaJimenez/workspace/ros_ur_driver/src/Universal_Robots_ROS2_Driver/ur_bringup', 'symlink_install': False, 'test_result_base': None}
[1.351s] Level 5:colcon.colcon_core.verb:set package 'ur_robot_driver' build argument 'cmake_args' from command line to 'None'
[1.352s] Level 5:colcon.colcon_core.verb:set package 'ur_robot_driver' build argument 'cmake_target' from command line to 'None'
[1.352s] Level 5:colcon.colcon_core.verb:set package 'ur_robot_driver' build argument 'cmake_target_skip_unavailable' from command line to 'False'
[1.352s] Level 5:colcon.colcon_core.verb:set package 'ur_robot_driver' build argument 'cmake_clean_cache' from command line to 'False'
[1.352s] Level 5:colcon.colcon_core.verb:set package 'ur_robot_driver' build argument 'cmake_clean_first' from command line to 'False'
[1.352s] Level 5:colcon.colcon_core.verb:set package 'ur_robot_driver' build argument 'cmake_force_configure' from command line to 'False'
[1.353s] Level 5:colcon.colcon_core.verb:set package 'ur_robot_driver' build argument 'ament_cmake_args' from command line to 'None'
[1.353s] Level 5:colcon.colcon_core.verb:set package 'ur_robot_driver' build argument 'catkin_cmake_args' from command line to 'None'
[1.353s] Level 5:colcon.colcon_core.verb:set package 'ur_robot_driver' build argument 'catkin_skip_building_tests' from command line to 'False'
[1.353s] DEBUG:colcon.colcon_core.verb:Building package 'ur_robot_driver' with the following arguments: {'ament_cmake_args': None, 'build_base': '/home/adela/TFM_AdelaJimenez/build/ur_robot_driver', 'catkin_cmake_args': None, 'catkin_skip_building_tests': False, 'cmake_args': None, 'cmake_clean_cache': False, 'cmake_clean_first': False, 'cmake_force_configure': False, 'cmake_target': None, 'cmake_target_skip_unavailable': False, 'install_base': '/home/adela/TFM_AdelaJimenez/install/ur_robot_driver', 'merge_install': False, 'path': '/home/adela/TFM_AdelaJimenez/workspace/ros_ur_driver/src/Universal_Robots_ROS2_Driver/ur_robot_driver', 'symlink_install': False, 'test_result_base': None}
[1.354s] Level 5:colcon.colcon_core.verb:set package 'ur_calibration' build argument 'cmake_args' from command line to 'None'
[1.354s] Level 5:colcon.colcon_core.verb:set package 'ur_calibration' build argument 'cmake_target' from command line to 'None'
[1.354s] Level 5:colcon.colcon_core.verb:set package 'ur_calibration' build argument 'cmake_target_skip_unavailable' from command line to 'False'
[1.354s] Level 5:colcon.colcon_core.verb:set package 'ur_calibration' build argument 'cmake_clean_cache' from command line to 'False'
[1.355s] Level 5:colcon.colcon_core.verb:set package 'ur_calibration' build argument 'cmake_clean_first' from command line to 'False'
[1.355s] Level 5:colcon.colcon_core.verb:set package 'ur_calibration' build argument 'cmake_force_configure' from command line to 'False'
[1.355s] Level 5:colcon.colcon_core.verb:set package 'ur_calibration' build argument 'ament_cmake_args' from command line to 'None'
[1.356s] Level 5:colcon.colcon_core.verb:set package 'ur_calibration' build argument 'catkin_cmake_args' from command line to 'None'
[1.356s] Level 5:colcon.colcon_core.verb:set package 'ur_calibration' build argument 'catkin_skip_building_tests' from command line to 'False'
[1.356s] DEBUG:colcon.colcon_core.verb:Building package 'ur_calibration' with the following arguments: {'ament_cmake_args': None, 'build_base': '/home/adela/TFM_AdelaJimenez/build/ur_calibration', 'catkin_cmake_args': None, 'catkin_skip_building_tests': False, 'cmake_args': None, 'cmake_clean_cache': False, 'cmake_clean_first': False, 'cmake_force_configure': False, 'cmake_target': None, 'cmake_target_skip_unavailable': False, 'install_base': '/home/adela/TFM_AdelaJimenez/install/ur_calibration', 'merge_install': False, 'path': '/home/adela/TFM_AdelaJimenez/workspace/ros_ur_driver/src/Universal_Robots_ROS2_Driver/ur_calibration', 'symlink_install': False, 'test_result_base': None}
[1.356s] Level 5:colcon.colcon_core.verb:set package 'ur' build argument 'cmake_args' from command line to 'None'
[1.357s] Level 5:colcon.colcon_core.verb:set package 'ur' build argument 'cmake_target' from command line to 'None'
[1.357s] Level 5:colcon.colcon_core.verb:set package 'ur' build argument 'cmake_target_skip_unavailable' from command line to 'False'
[1.357s] Level 5:colcon.colcon_core.verb:set package 'ur' build argument 'cmake_clean_cache' from command line to 'False'
[1.357s] Level 5:colcon.colcon_core.verb:set package 'ur' build argument 'cmake_clean_first' from command line to 'False'
[1.357s] Level 5:colcon.colcon_core.verb:set package 'ur' build argument 'cmake_force_configure' from command line to 'False'
[1.357s] Level 5:colcon.colcon_core.verb:set package 'ur' build argument 'ament_cmake_args' from command line to 'None'
[1.357s] Level 5:colcon.colcon_core.verb:set package 'ur' build argument 'catkin_cmake_args' from command line to 'None'
[1.357s] Level 5:colcon.colcon_core.verb:set package 'ur' build argument 'catkin_skip_building_tests' from command line to 'False'
[1.357s] DEBUG:colcon.colcon_core.verb:Building package 'ur' with the following arguments: {'ament_cmake_args': None, 'build_base': '/home/adela/TFM_AdelaJimenez/build/ur', 'catkin_cmake_args': None, 'catkin_skip_building_tests': False, 'cmake_args': None, 'cmake_clean_cache': False, 'cmake_clean_first': False, 'cmake_force_configure': False, 'cmake_target': None, 'cmake_target_skip_unavailable': False, 'install_base': '/home/adela/TFM_AdelaJimenez/install/ur', 'merge_install': False, 'path': '/home/adela/TFM_AdelaJimenez/workspace/ros_ur_driver/src/Universal_Robots_ROS2_Driver/ur', 'symlink_install': False, 'test_result_base': None}
[1.357s] INFO:colcon.colcon_core.executor:Executing jobs using 'parallel' executor
[1.363s] DEBUG:colcon.colcon_parallel_executor.executor.parallel:run_until_complete
[1.364s] INFO:colcon.colcon_ros.task.ament_cmake.build:Building ROS package in '/home/adela/TFM_AdelaJimenez/workspace/ros_ur_driver/src/Universal_Robots_ROS2_Driver/ur_dashboard_msgs' with build type 'ament_cmake'
[1.365s] INFO:colcon.colcon_cmake.task.cmake.build:Building CMake package in '/home/adela/TFM_AdelaJimenez/workspace/ros_ur_driver/src/Universal_Robots_ROS2_Driver/ur_dashboard_msgs'
[1.373s] INFO:colcon.colcon_core.plugin_system:Skipping extension 'colcon_core.shell.bat': Not used on non-Windows systems
[1.374s] INFO:colcon.colcon_core.shell:Skip shell extension 'powershell' for command environment: Not usable outside of PowerShell
[1.374s] DEBUG:colcon.colcon_core.shell:Skip shell extension 'dsv' for command environment
[1.391s] INFO:colcon.colcon_ros.task.ament_cmake.build:Building ROS package in '/home/adela/TFM_AdelaJimenez/workspace/ros_ur_driver/src/Universal_Robots_ROS2_Description' with build type 'ament_cmake'
[1.396s] INFO:colcon.colcon_cmake.task.cmake.build:Building CMake package in '/home/adela/TFM_AdelaJimenez/workspace/ros_ur_driver/src/Universal_Robots_ROS2_Description'
[1.400s] INFO:colcon.colcon_core.shell:Skip shell extension 'powershell' for command environment: Not usable outside of PowerShell
[1.401s] DEBUG:colcon.colcon_core.shell:Skip shell extension 'dsv' for command environment
[1.431s] DEBUG:colcon.colcon_core.event_handler.log_command:Invoking command in '/home/adela/TFM_AdelaJimenez/build/ur_dashboard_msgs': CMAKE_PREFIX_PATH=${CMAKE_PREFIX_PATH}:/home/adela/TFM_AdelaJimenez/workspace/ros_ur_driver/install/trayectories:/home/adela/TFM_AdelaJimenez/workspace/ros_ur_driver/install/rutine_launcher:/home/adela/TFM_AdelaJimenez/workspace/ros_ur_driver/install/data_logger:/home/adela/TFM_AdelaJimenez/workspace/ros_ur_driver/install/build_platform:/home/adela/TFM_MiguelLerinAlonso/workspace/ros_ur_driver/install/trayectories:/home/adela/TFM_MiguelLerinAlonso/workspace/ros_ur_driver/install/rutine_launcher:/home/adela/TFM_MiguelLerinAlonso/workspace/ros_ur_driver/install/data_logger:/home/adela/TFM_MiguelLerinAlonso/workspace/ros_ur_driver/install/build_platform:/opt/ros/humble /usr/bin/cmake --build /home/adela/TFM_AdelaJimenez/build/ur_dashboard_msgs -- -j2 -l2
[1.459s] DEBUG:colcon.colcon_core.event_handler.log_command:Invoking command in '/home/adela/TFM_AdelaJimenez/build/ur_description': CMAKE_PREFIX_PATH=${CMAKE_PREFIX_PATH}:/home/adela/TFM_AdelaJimenez/workspace/ros_ur_driver/install/trayectories:/home/adela/TFM_AdelaJimenez/workspace/ros_ur_driver/install/rutine_launcher:/home/adela/TFM_AdelaJimenez/workspace/ros_ur_driver/install/data_logger:/home/adela/TFM_AdelaJimenez/workspace/ros_ur_driver/install/build_platform:/home/adela/TFM_MiguelLerinAlonso/workspace/ros_ur_driver/install/trayectories:/home/adela/TFM_MiguelLerinAlonso/workspace/ros_ur_driver/install/rutine_launcher:/home/adela/TFM_MiguelLerinAlonso/workspace/ros_ur_driver/install/data_logger:/home/adela/TFM_MiguelLerinAlonso/workspace/ros_ur_driver/install/build_platform:/opt/ros/humble /usr/bin/cmake --build /home/adela/TFM_AdelaJimenez/build/ur_description -- -j2 -l2
[1.776s] DEBUG:colcon.colcon_core.event_handler.log_command:Invoked command in '/home/adela/TFM_AdelaJimenez/build/ur_description' returned '0': CMAKE_PREFIX_PATH=${CMAKE_PREFIX_PATH}:/home/adela/TFM_AdelaJimenez/workspace/ros_ur_driver/install/trayectories:/home/adela/TFM_AdelaJimenez/workspace/ros_ur_driver/install/rutine_launcher:/home/adela/TFM_AdelaJimenez/workspace/ros_ur_driver/install/data_logger:/home/adela/TFM_AdelaJimenez/workspace/ros_ur_driver/install/build_platform:/home/adela/TFM_MiguelLerinAlonso/workspace/ros_ur_driver/install/trayectories:/home/adela/TFM_MiguelLerinAlonso/workspace/ros_ur_driver/install/rutine_launcher:/home/adela/TFM_MiguelLerinAlonso/workspace/ros_ur_driver/install/data_logger:/home/adela/TFM_MiguelLerinAlonso/workspace/ros_ur_driver/install/build_platform:/opt/ros/humble /usr/bin/cmake --build /home/adela/TFM_AdelaJimenez/build/ur_description -- -j2 -l2
[1.945s] DEBUG:colcon.colcon_core.event_handler.log_command:Invoking command in '/home/adela/TFM_AdelaJimenez/build/ur_description': CMAKE_PREFIX_PATH=${CMAKE_PREFIX_PATH}:/home/adela/TFM_AdelaJimenez/workspace/ros_ur_driver/install/trayectories:/home/adela/TFM_AdelaJimenez/workspace/ros_ur_driver/install/rutine_launcher:/home/adela/TFM_AdelaJimenez/workspace/ros_ur_driver/install/data_logger:/home/adela/TFM_AdelaJimenez/workspace/ros_ur_driver/install/build_platform:/home/adela/TFM_MiguelLerinAlonso/workspace/ros_ur_driver/install/trayectories:/home/adela/TFM_MiguelLerinAlonso/workspace/ros_ur_driver/install/rutine_launcher:/home/adela/TFM_MiguelLerinAlonso/workspace/ros_ur_driver/install/data_logger:/home/adela/TFM_MiguelLerinAlonso/workspace/ros_ur_driver/install/build_platform:/opt/ros/humble /usr/bin/cmake --install /home/adela/TFM_AdelaJimenez/build/ur_description
[2.013s] Level 1:colcon.colcon_core.environment:create_environment_scripts_only(ur_description)
[2.019s] Level 1:colcon.colcon_core.environment:checking '/home/adela/TFM_AdelaJimenez/install/ur_description' for CMake module files
[2.020s] DEBUG:colcon.colcon_core.event_handler.log_command:Invoked command in '/home/adela/TFM_AdelaJimenez/build/ur_description' returned '0': CMAKE_PREFIX_PATH=${CMAKE_PREFIX_PATH}:/home/adela/TFM_AdelaJimenez/workspace/ros_ur_driver/install/trayectories:/home/adela/TFM_AdelaJimenez/workspace/ros_ur_driver/install/rutine_launcher:/home/adela/TFM_AdelaJimenez/workspace/ros_ur_driver/install/data_logger:/home/adela/TFM_AdelaJimenez/workspace/ros_ur_driver/install/build_platform:/home/adela/TFM_MiguelLerinAlonso/workspace/ros_ur_driver/install/trayectories:/home/adela/TFM_MiguelLerinAlonso/workspace/ros_ur_driver/install/rutine_launcher:/home/adela/TFM_MiguelLerinAlonso/workspace/ros_ur_driver/install/data_logger:/home/adela/TFM_MiguelLerinAlonso/workspace/ros_ur_driver/install/build_platform:/opt/ros/humble /usr/bin/cmake --install /home/adela/TFM_AdelaJimenez/build/ur_description
[2.021s] Level 1:colcon.colcon_core.environment:checking '/home/adela/TFM_AdelaJimenez/install/ur_description' for CMake config files
[2.022s] Level 1:colcon.colcon_core.shell:create_environment_hook('ur_description', 'cmake_prefix_path')
[2.023s] INFO:colcon.colcon_core.shell:Creating environment hook '/home/adela/TFM_AdelaJimenez/install/ur_description/share/ur_description/hook/cmake_prefix_path.ps1'
[2.028s] INFO:colcon.colcon_core.shell:Creating environment descriptor '/home/adela/TFM_AdelaJimenez/install/ur_description/share/ur_description/hook/cmake_prefix_path.dsv'
[2.029s] INFO:colcon.colcon_core.shell:Creating environment hook '/home/adela/TFM_AdelaJimenez/install/ur_description/share/ur_description/hook/cmake_prefix_path.sh'
[2.043s] Level 1:colcon.colcon_core.environment:checking '/home/adela/TFM_AdelaJimenez/install/ur_description/bin'
[2.043s] Level 1:colcon.colcon_core.environment:checking '/home/adela/TFM_AdelaJimenez/install/ur_description/lib/pkgconfig/ur_description.pc'
[2.052s] Level 1:colcon.colcon_core.environment:checking '/home/adela/TFM_AdelaJimenez/install/ur_description/lib/python3.10/site-packages'
[2.052s] Level 1:colcon.colcon_core.environment:checking '/home/adela/TFM_AdelaJimenez/install/ur_description/bin'
[2.053s] INFO:colcon.colcon_core.shell:Creating package script '/home/adela/TFM_AdelaJimenez/install/ur_description/share/ur_description/package.ps1'
[2.054s] INFO:colcon.colcon_core.shell:Creating package descriptor '/home/adela/TFM_AdelaJimenez/install/ur_description/share/ur_description/package.dsv'
[2.062s] INFO:colcon.colcon_core.shell:Creating package script '/home/adela/TFM_AdelaJimenez/install/ur_description/share/ur_description/package.sh'
[2.067s] INFO:colcon.colcon_core.shell:Creating package script '/home/adela/TFM_AdelaJimenez/install/ur_description/share/ur_description/package.bash'
[2.068s] INFO:colcon.colcon_core.shell:Creating package script '/home/adela/TFM_AdelaJimenez/install/ur_description/share/ur_description/package.zsh'
[2.076s] Level 1:colcon.colcon_core.environment:create_file_with_runtime_dependencies(/home/adela/TFM_AdelaJimenez/install/ur_description/share/colcon-core/packages/ur_description)
[2.233s] Level 1:colcon.colcon_core.environment:create_environment_scripts_only(ur_description)
[2.234s] Level 1:colcon.colcon_core.environment:checking '/home/adela/TFM_AdelaJimenez/install/ur_description' for CMake module files
[2.235s] Level 1:colcon.colcon_core.environment:checking '/home/adela/TFM_AdelaJimenez/install/ur_description' for CMake config files
[2.236s] Level 1:colcon.colcon_core.shell:create_environment_hook('ur_description', 'cmake_prefix_path')
[2.236s] INFO:colcon.colcon_core.shell:Creating environment hook '/home/adela/TFM_AdelaJimenez/install/ur_description/share/ur_description/hook/cmake_prefix_path.ps1'
[2.237s] INFO:colcon.colcon_core.shell:Creating environment descriptor '/home/adela/TFM_AdelaJimenez/install/ur_description/share/ur_description/hook/cmake_prefix_path.dsv'
[2.238s] INFO:colcon.colcon_core.shell:Creating environment hook '/home/adela/TFM_AdelaJimenez/install/ur_description/share/ur_description/hook/cmake_prefix_path.sh'
[2.257s] Level 1:colcon.colcon_core.environment:checking '/home/adela/TFM_AdelaJimenez/install/ur_description/bin'
[2.257s] Level 1:colcon.colcon_core.environment:checking '/home/adela/TFM_AdelaJimenez/install/ur_description/lib/pkgconfig/ur_description.pc'
[2.257s] Level 1:colcon.colcon_core.environment:checking '/home/adela/TFM_AdelaJimenez/install/ur_description/lib/python3.10/site-packages'
[2.258s] Level 1:colcon.colcon_core.environment:checking '/home/adela/TFM_AdelaJimenez/install/ur_description/bin'
[2.258s] INFO:colcon.colcon_core.shell:Creating package script '/home/adela/TFM_AdelaJimenez/install/ur_description/share/ur_description/package.ps1'
[2.259s] INFO:colcon.colcon_core.shell:Creating package descriptor '/home/adela/TFM_AdelaJimenez/install/ur_description/share/ur_description/package.dsv'
[2.275s] INFO:colcon.colcon_core.shell:Creating package script '/home/adela/TFM_AdelaJimenez/install/ur_description/share/ur_description/package.sh'
[2.276s] INFO:colcon.colcon_core.shell:Creating package script '/home/adela/TFM_AdelaJimenez/install/ur_description/share/ur_description/package.bash'
[2.277s] INFO:colcon.colcon_core.shell:Creating package script '/home/adela/TFM_AdelaJimenez/install/ur_description/share/ur_description/package.zsh'
[2.277s] Level 1:colcon.colcon_core.environment:create_file_with_runtime_dependencies(/home/adela/TFM_AdelaJimenez/install/ur_description/share/colcon-core/packages/ur_description)
[2.279s] INFO:colcon.colcon_ros.task.ament_cmake.build:Building ROS package in '/home/adela/TFM_AdelaJimenez/workspace/ros_ur_driver/src/Universal_Robots_ROS2_Driver/ur_moveit_config' with build type 'ament_cmake'
[2.279s] INFO:colcon.colcon_cmake.task.cmake.build:Building CMake package in '/home/adela/TFM_AdelaJimenez/workspace/ros_ur_driver/src/Universal_Robots_ROS2_Driver/ur_moveit_config'
[2.280s] INFO:colcon.colcon_core.shell:Skip shell extension 'powershell' for command environment: Not usable outside of PowerShell
[2.280s] DEBUG:colcon.colcon_core.shell:Skip shell extension 'dsv' for command environment
[2.367s] DEBUG:colcon.colcon_core.event_handler.log_command:Invoking command in '/home/adela/TFM_AdelaJimenez/build/ur_moveit_config': AMENT_PREFIX_PATH=/home/adela/TFM_AdelaJimenez/install/ur_description:${AMENT_PREFIX_PATH} CMAKE_PREFIX_PATH=/home/adela/TFM_AdelaJimenez/install/ur_description:/home/adela/TFM_AdelaJimenez/workspace/ros_ur_driver/install/ur:/home/adela/TFM_AdelaJimenez/workspace/ros_ur_driver/install/ur_calibration:/home/adela/TFM_AdelaJimenez/workspace/ros_ur_driver/install/ur_robot_driver:/home/adela/TFM_AdelaJimenez/workspace/ros_ur_driver/install/ur_moveit_config:/home/adela/TFM_AdelaJimenez/workspace/ros_ur_driver/install/ur_bringup:/home/adela/TFM_AdelaJimenez/workspace/ros_ur_driver/install/ur_description:/home/adela/TFM_AdelaJimenez/workspace/ros_ur_driver/install/ur_controllers:/home/adela/TFM_AdelaJimenez/workspace/ros_ur_driver/install/ur_dashboard_msgs:/home/adela/TFM_MiguelLerinAlonso/workspace/ros_ur_driver/install/ur:/home/adela/TFM_MiguelLerinAlonso/workspace/ros_ur_driver/install/ur_calibration:/home/adela/TFM_MiguelLerinAlonso/workspace/ros_ur_driver/install/ur_robot_driver:/home/adela/TFM_MiguelLerinAlonso/workspace/ros_ur_driver/install/ur_moveit_config:/home/adela/TFM_MiguelLerinAlonso/workspace/ros_ur_driver/install/ur_bringup:/home/adela/TFM_MiguelLerinAlonso/workspace/ros_ur_driver/install/ur_description:/home/adela/TFM_MiguelLerinAlonso/workspace/ros_ur_driver/install/ur_controllers:/home/adela/TFM_MiguelLerinAlonso/workspace/ros_ur_driver/install/ur_dashboard_msgs:/home/adela/workspace/ros_ur_driver/install/ur:/home/adela/workspace/ros_ur_driver/install/ur_calibration:/home/adela/workspace/ros_ur_driver/install/ur_robot_driver:/home/adela/workspace/ros_ur_driver/install/ur_moveit_config:/home/adela/workspace/ros_ur_driver/install/ur_bringup:/home/adela/workspace/ros_ur_driver/install/ur_description:/home/adela/workspace/ros_ur_driver/install/ur_controllers:/home/adela/workspace/ros_ur_driver/install/ur_dashboard_msgs:/home/adela/TFM_AdelaJimenez/workspace/ros_ur_driver/install/trayectories:/home/adela/TFM_AdelaJimenez/workspace/ros_ur_driver/install/rutine_launcher:/home/adela/TFM_AdelaJimenez/workspace/ros_ur_driver/install/data_logger:/home/adela/TFM_AdelaJimenez/workspace/ros_ur_driver/install/build_platform:/home/adela/TFM_MiguelLerinAlonso/workspace/ros_ur_driver/install/trayectories:/home/adela/TFM_MiguelLerinAlonso/workspace/ros_ur_driver/install/rutine_launcher:/home/adela/TFM_MiguelLerinAlonso/workspace/ros_ur_driver/install/data_logger:/home/adela/TFM_MiguelLerinAlonso/workspace/ros_ur_driver/install/build_platform:/opt/ros/humble /usr/bin/cmake --build /home/adela/TFM_AdelaJimenez/build/ur_moveit_config -- -j2 -l2
[5.016s] DEBUG:colcon.colcon_core.event_handler.log_command:Invoked command in '/home/adela/TFM_AdelaJimenez/build/ur_moveit_config' returned '0': AMENT_PREFIX_PATH=/home/adela/TFM_AdelaJimenez/install/ur_description:${AMENT_PREFIX_PATH} CMAKE_PREFIX_PATH=/home/adela/TFM_AdelaJimenez/install/ur_description:/home/adela/TFM_AdelaJimenez/workspace/ros_ur_driver/install/ur:/home/adela/TFM_AdelaJimenez/workspace/ros_ur_driver/install/ur_calibration:/home/adela/TFM_AdelaJimenez/workspace/ros_ur_driver/install/ur_robot_driver:/home/adela/TFM_AdelaJimenez/workspace/ros_ur_driver/install/ur_moveit_config:/home/adela/TFM_AdelaJimenez/workspace/ros_ur_driver/install/ur_bringup:/home/adela/TFM_AdelaJimenez/workspace/ros_ur_driver/install/ur_description:/home/adela/TFM_AdelaJimenez/workspace/ros_ur_driver/install/ur_controllers:/home/adela/TFM_AdelaJimenez/workspace/ros_ur_driver/install/ur_dashboard_msgs:/home/adela/TFM_MiguelLerinAlonso/workspace/ros_ur_driver/install/ur:/home/adela/TFM_MiguelLerinAlonso/workspace/ros_ur_driver/install/ur_calibration:/home/adela/TFM_MiguelLerinAlonso/workspace/ros_ur_driver/install/ur_robot_driver:/home/adela/TFM_MiguelLerinAlonso/workspace/ros_ur_driver/install/ur_moveit_config:/home/adela/TFM_MiguelLerinAlonso/workspace/ros_ur_driver/install/ur_bringup:/home/adela/TFM_MiguelLerinAlonso/workspace/ros_ur_driver/install/ur_description:/home/adela/TFM_MiguelLerinAlonso/workspace/ros_ur_driver/install/ur_controllers:/home/adela/TFM_MiguelLerinAlonso/workspace/ros_ur_driver/install/ur_dashboard_msgs:/home/adela/workspace/ros_ur_driver/install/ur:/home/adela/workspace/ros_ur_driver/install/ur_calibration:/home/adela/workspace/ros_ur_driver/install/ur_robot_driver:/home/adela/workspace/ros_ur_driver/install/ur_moveit_config:/home/adela/workspace/ros_ur_driver/install/ur_bringup:/home/adela/workspace/ros_ur_driver/install/ur_description:/home/adela/workspace/ros_ur_driver/install/ur_controllers:/home/adela/workspace/ros_ur_driver/install/ur_dashboard_msgs:/home/adela/TFM_AdelaJimenez/workspace/ros_ur_driver/install/trayectories:/home/adela/TFM_AdelaJimenez/workspace/ros_ur_driver/install/rutine_launcher:/home/adela/TFM_AdelaJimenez/workspace/ros_ur_driver/install/data_logger:/home/adela/TFM_AdelaJimenez/workspace/ros_ur_driver/install/build_platform:/home/adela/TFM_MiguelLerinAlonso/workspace/ros_ur_driver/install/trayectories:/home/adela/TFM_MiguelLerinAlonso/workspace/ros_ur_driver/install/rutine_launcher:/home/adela/TFM_MiguelLerinAlonso/workspace/ros_ur_driver/install/data_logger:/home/adela/TFM_MiguelLerinAlonso/workspace/ros_ur_driver/install/build_platform:/opt/ros/humble /usr/bin/cmake --build /home/adela/TFM_AdelaJimenez/build/ur_moveit_config -- -j2 -l2
[5.210s] DEBUG:colcon.colcon_core.event_handler.log_command:Invoking command in '/home/adela/TFM_AdelaJimenez/build/ur_moveit_config': AMENT_PREFIX_PATH=/home/adela/TFM_AdelaJimenez/install/ur_description:${AMENT_PREFIX_PATH} CMAKE_PREFIX_PATH=/home/adela/TFM_AdelaJimenez/install/ur_description:/home/adela/TFM_AdelaJimenez/workspace/ros_ur_driver/install/ur:/home/adela/TFM_AdelaJimenez/workspace/ros_ur_driver/install/ur_calibration:/home/adela/TFM_AdelaJimenez/workspace/ros_ur_driver/install/ur_robot_driver:/home/adela/TFM_AdelaJimenez/workspace/ros_ur_driver/install/ur_moveit_config:/home/adela/TFM_AdelaJimenez/workspace/ros_ur_driver/install/ur_bringup:/home/adela/TFM_AdelaJimenez/workspace/ros_ur_driver/install/ur_description:/home/adela/TFM_AdelaJimenez/workspace/ros_ur_driver/install/ur_controllers:/home/adela/TFM_AdelaJimenez/workspace/ros_ur_driver/install/ur_dashboard_msgs:/home/adela/TFM_MiguelLerinAlonso/workspace/ros_ur_driver/install/ur:/home/adela/TFM_MiguelLerinAlonso/workspace/ros_ur_driver/install/ur_calibration:/home/adela/TFM_MiguelLerinAlonso/workspace/ros_ur_driver/install/ur_robot_driver:/home/adela/TFM_MiguelLerinAlonso/workspace/ros_ur_driver/install/ur_moveit_config:/home/adela/TFM_MiguelLerinAlonso/workspace/ros_ur_driver/install/ur_bringup:/home/adela/TFM_MiguelLerinAlonso/workspace/ros_ur_driver/install/ur_description:/home/adela/TFM_MiguelLerinAlonso/workspace/ros_ur_driver/install/ur_controllers:/home/adela/TFM_MiguelLerinAlonso/workspace/ros_ur_driver/install/ur_dashboard_msgs:/home/adela/workspace/ros_ur_driver/install/ur:/home/adela/workspace/ros_ur_driver/install/ur_calibration:/home/adela/workspace/ros_ur_driver/install/ur_robot_driver:/home/adela/workspace/ros_ur_driver/install/ur_moveit_config:/home/adela/workspace/ros_ur_driver/install/ur_bringup:/home/adela/workspace/ros_ur_driver/install/ur_description:/home/adela/workspace/ros_ur_driver/install/ur_controllers:/home/adela/workspace/ros_ur_driver/install/ur_dashboard_msgs:/home/adela/TFM_AdelaJimenez/workspace/ros_ur_driver/install/trayectories:/home/adela/TFM_AdelaJimenez/workspace/ros_ur_driver/install/rutine_launcher:/home/adela/TFM_AdelaJimenez/workspace/ros_ur_driver/install/data_logger:/home/adela/TFM_AdelaJimenez/workspace/ros_ur_driver/install/build_platform:/home/adela/TFM_MiguelLerinAlonso/workspace/ros_ur_driver/install/trayectories:/home/adela/TFM_MiguelLerinAlonso/workspace/ros_ur_driver/install/rutine_launcher:/home/adela/TFM_MiguelLerinAlonso/workspace/ros_ur_driver/install/data_logger:/home/adela/TFM_MiguelLerinAlonso/workspace/ros_ur_driver/install/build_platform:/opt/ros/humble /usr/bin/cmake --install /home/adela/TFM_AdelaJimenez/build/ur_moveit_config
[6.012s] Level 1:colcon.colcon_core.environment:create_environment_scripts_only(ur_moveit_config)
[6.013s] Level 1:colcon.colcon_core.environment:checking '/home/adela/TFM_AdelaJimenez/install/ur_moveit_config' for CMake module files
[6.014s] Level 1:colcon.colcon_core.environment:checking '/home/adela/TFM_AdelaJimenez/install/ur_moveit_config' for CMake config files
[6.017s] DEBUG:colcon.colcon_core.event_handler.log_command:Invoked command in '/home/adela/TFM_AdelaJimenez/build/ur_moveit_config' returned '0': AMENT_PREFIX_PATH=/home/adela/TFM_AdelaJimenez/install/ur_description:${AMENT_PREFIX_PATH} CMAKE_PREFIX_PATH=/home/adela/TFM_AdelaJimenez/install/ur_description:/home/adela/TFM_AdelaJimenez/workspace/ros_ur_driver/install/ur:/home/adela/TFM_AdelaJimenez/workspace/ros_ur_driver/install/ur_calibration:/home/adela/TFM_AdelaJimenez/workspace/ros_ur_driver/install/ur_robot_driver:/home/adela/TFM_AdelaJimenez/workspace/ros_ur_driver/install/ur_moveit_config:/home/adela/TFM_AdelaJimenez/workspace/ros_ur_driver/install/ur_bringup:/home/adela/TFM_AdelaJimenez/workspace/ros_ur_driver/install/ur_description:/home/adela/TFM_AdelaJimenez/workspace/ros_ur_driver/install/ur_controllers:/home/adela/TFM_AdelaJimenez/workspace/ros_ur_driver/install/ur_dashboard_msgs:/home/adela/TFM_MiguelLerinAlonso/workspace/ros_ur_driver/install/ur:/home/adela/TFM_MiguelLerinAlonso/workspace/ros_ur_driver/install/ur_calibration:/home/adela/TFM_MiguelLerinAlonso/workspace/ros_ur_driver/install/ur_robot_driver:/home/adela/TFM_MiguelLerinAlonso/workspace/ros_ur_driver/install/ur_moveit_config:/home/adela/TFM_MiguelLerinAlonso/workspace/ros_ur_driver/install/ur_bringup:/home/adela/TFM_MiguelLerinAlonso/workspace/ros_ur_driver/install/ur_description:/home/adela/TFM_MiguelLerinAlonso/workspace/ros_ur_driver/install/ur_controllers:/home/adela/TFM_MiguelLerinAlonso/workspace/ros_ur_driver/install/ur_dashboard_msgs:/home/adela/workspace/ros_ur_driver/install/ur:/home/adela/workspace/ros_ur_driver/install/ur_calibration:/home/adela/workspace/ros_ur_driver/install/ur_robot_driver:/home/adela/workspace/ros_ur_driver/install/ur_moveit_config:/home/adela/workspace/ros_ur_driver/install/ur_bringup:/home/adela/workspace/ros_ur_driver/install/ur_description:/home/adela/workspace/ros_ur_driver/install/ur_controllers:/home/adela/workspace/ros_ur_driver/install/ur_dashboard_msgs:/home/adela/TFM_AdelaJimenez/workspace/ros_ur_driver/install/trayectories:/home/adela/TFM_AdelaJimenez/workspace/ros_ur_driver/install/rutine_launcher:/home/adela/TFM_AdelaJimenez/workspace/ros_ur_driver/install/data_logger:/home/adela/TFM_AdelaJimenez/workspace/ros_ur_driver/install/build_platform:/home/adela/TFM_MiguelLerinAlonso/workspace/ros_ur_driver/install/trayectories:/home/adela/TFM_MiguelLerinAlonso/workspace/ros_ur_driver/install/rutine_launcher:/home/adela/TFM_MiguelLerinAlonso/workspace/ros_ur_driver/install/data_logger:/home/adela/TFM_MiguelLerinAlonso/workspace/ros_ur_driver/install/build_platform:/opt/ros/humble /usr/bin/cmake --install /home/adela/TFM_AdelaJimenez/build/ur_moveit_config
[6.022s] Level 1:colcon.colcon_core.shell:create_environment_hook('ur_moveit_config', 'cmake_prefix_path')
[6.023s] INFO:colcon.colcon_core.shell:Creating environment hook '/home/adela/TFM_AdelaJimenez/install/ur_moveit_config/share/ur_moveit_config/hook/cmake_prefix_path.ps1'
[6.054s] INFO:colcon.colcon_core.shell:Creating environment descriptor '/home/adela/TFM_AdelaJimenez/install/ur_moveit_config/share/ur_moveit_config/hook/cmake_prefix_path.dsv'
[6.055s] INFO:colcon.colcon_core.shell:Creating environment hook '/home/adela/TFM_AdelaJimenez/install/ur_moveit_config/share/ur_moveit_config/hook/cmake_prefix_path.sh'
[6.062s] Level 1:colcon.colcon_core.environment:checking '/home/adela/TFM_AdelaJimenez/install/ur_moveit_config/bin'
[6.062s] Level 1:colcon.colcon_core.environment:checking '/home/adela/TFM_AdelaJimenez/install/ur_moveit_config/lib/pkgconfig/ur_moveit_config.pc'
[6.062s] Level 1:colcon.colcon_core.environment:checking '/home/adela/TFM_AdelaJimenez/install/ur_moveit_config/lib/python3.10/site-packages'
[6.063s] Level 1:colcon.colcon_core.environment:checking '/home/adela/TFM_AdelaJimenez/install/ur_moveit_config/bin'
[6.063s] INFO:colcon.colcon_core.shell:Creating package script '/home/adela/TFM_AdelaJimenez/install/ur_moveit_config/share/ur_moveit_config/package.ps1'
[6.075s] INFO:colcon.colcon_core.shell:Creating package descriptor '/home/adela/TFM_AdelaJimenez/install/ur_moveit_config/share/ur_moveit_config/package.dsv'
[6.075s] INFO:colcon.colcon_core.shell:Creating package script '/home/adela/TFM_AdelaJimenez/install/ur_moveit_config/share/ur_moveit_config/package.sh'
[6.077s] INFO:colcon.colcon_core.shell:Creating package script '/home/adela/TFM_AdelaJimenez/install/ur_moveit_config/share/ur_moveit_config/package.bash'
[6.084s] INFO:colcon.colcon_core.shell:Creating package script '/home/adela/TFM_AdelaJimenez/install/ur_moveit_config/share/ur_moveit_config/package.zsh'
[6.085s] Level 1:colcon.colcon_core.environment:create_file_with_runtime_dependencies(/home/adela/TFM_AdelaJimenez/install/ur_moveit_config/share/colcon-core/packages/ur_moveit_config)
[6.300s] Level 1:colcon.colcon_core.environment:create_environment_scripts_only(ur_moveit_config)
[6.300s] Level 1:colcon.colcon_core.environment:checking '/home/adela/TFM_AdelaJimenez/install/ur_moveit_config' for CMake module files
[6.303s] Level 1:colcon.colcon_core.environment:checking '/home/adela/TFM_AdelaJimenez/install/ur_moveit_config' for CMake config files
[6.306s] Level 1:colcon.colcon_core.shell:create_environment_hook('ur_moveit_config', 'cmake_prefix_path')
[6.311s] INFO:colcon.colcon_core.shell:Creating environment hook '/home/adela/TFM_AdelaJimenez/install/ur_moveit_config/share/ur_moveit_config/hook/cmake_prefix_path.ps1'
[6.319s] INFO:colcon.colcon_core.shell:Creating environment descriptor '/home/adela/TFM_AdelaJimenez/install/ur_moveit_config/share/ur_moveit_config/hook/cmake_prefix_path.dsv'
[6.326s] INFO:colcon.colcon_core.shell:Creating environment hook '/home/adela/TFM_AdelaJimenez/install/ur_moveit_config/share/ur_moveit_config/hook/cmake_prefix_path.sh'
[6.337s] Level 1:colcon.colcon_core.environment:checking '/home/adela/TFM_AdelaJimenez/install/ur_moveit_config/bin'
[6.337s] Level 1:colcon.colcon_core.environment:checking '/home/adela/TFM_AdelaJimenez/install/ur_moveit_config/lib/pkgconfig/ur_moveit_config.pc'
[6.342s] Level 1:colcon.colcon_core.environment:checking '/home/adela/TFM_AdelaJimenez/install/ur_moveit_config/lib/python3.10/site-packages'
[6.343s] Level 1:colcon.colcon_core.environment:checking '/home/adela/TFM_AdelaJimenez/install/ur_moveit_config/bin'
[6.352s] INFO:colcon.colcon_core.shell:Creating package script '/home/adela/TFM_AdelaJimenez/install/ur_moveit_config/share/ur_moveit_config/package.ps1'
[6.356s] INFO:colcon.colcon_core.shell:Creating package descriptor '/home/adela/TFM_AdelaJimenez/install/ur_moveit_config/share/ur_moveit_config/package.dsv'
[6.358s] INFO:colcon.colcon_core.shell:Creating package script '/home/adela/TFM_AdelaJimenez/install/ur_moveit_config/share/ur_moveit_config/package.sh'
[6.367s] INFO:colcon.colcon_core.shell:Creating package script '/home/adela/TFM_AdelaJimenez/install/ur_moveit_config/share/ur_moveit_config/package.bash'
[6.371s] INFO:colcon.colcon_core.shell:Creating package script '/home/adela/TFM_AdelaJimenez/install/ur_moveit_config/share/ur_moveit_config/package.zsh'
[6.373s] Level 1:colcon.colcon_core.environment:create_file_with_runtime_dependencies(/home/adela/TFM_AdelaJimenez/install/ur_moveit_config/share/colcon-core/packages/ur_moveit_config)
[6.379s] INFO:colcon.colcon_ros.task.ament_python.build:Building ROS package in '/home/adela/TFM_AdelaJimenez/workspace/ros_ur_driver/src/build_platform' with build type 'ament_python'
[6.386s] Level 1:colcon.colcon_core.shell:create_environment_hook('build_platform', 'ament_prefix_path')
[6.390s] INFO:colcon.colcon_core.shell:Creating environment hook '/home/adela/TFM_AdelaJimenez/install/build_platform/share/build_platform/hook/ament_prefix_path.ps1'
[6.396s] INFO:colcon.colcon_core.shell:Creating environment descriptor '/home/adela/TFM_AdelaJimenez/install/build_platform/share/build_platform/hook/ament_prefix_path.dsv'
[6.404s] INFO:colcon.colcon_core.shell:Creating environment hook '/home/adela/TFM_AdelaJimenez/install/build_platform/share/build_platform/hook/ament_prefix_path.sh'
[6.411s] INFO:colcon.colcon_core.shell:Skip shell extension 'powershell' for command environment: Not usable outside of PowerShell
[6.411s] DEBUG:colcon.colcon_core.shell:Skip shell extension 'dsv' for command environment
[6.472s] DEBUG:colcon.colcon_core.event_handler.log_command:Invoked command in '/home/adela/TFM_AdelaJimenez/build/ur_dashboard_msgs' returned '0': CMAKE_PREFIX_PATH=${CMAKE_PREFIX_PATH}:/home/adela/TFM_AdelaJimenez/workspace/ros_ur_driver/install/trayectories:/home/adela/TFM_AdelaJimenez/workspace/ros_ur_driver/install/rutine_launcher:/home/adela/TFM_AdelaJimenez/workspace/ros_ur_driver/install/data_logger:/home/adela/TFM_AdelaJimenez/workspace/ros_ur_driver/install/build_platform:/home/adela/TFM_MiguelLerinAlonso/workspace/ros_ur_driver/install/trayectories:/home/adela/TFM_MiguelLerinAlonso/workspace/ros_ur_driver/install/rutine_launcher:/home/adela/TFM_MiguelLerinAlonso/workspace/ros_ur_driver/install/data_logger:/home/adela/TFM_MiguelLerinAlonso/workspace/ros_ur_driver/install/build_platform:/opt/ros/humble /usr/bin/cmake --build /home/adela/TFM_AdelaJimenez/build/ur_dashboard_msgs -- -j2 -l2
[9.356s] INFO:colcon.colcon_core.task.python.build:Building Python package in '/home/adela/TFM_AdelaJimenez/workspace/ros_ur_driver/src/build_platform'
[9.356s] INFO:colcon.colcon_core.shell:Skip shell extension 'powershell' for command environment: Not usable outside of PowerShell
[9.356s] DEBUG:colcon.colcon_core.shell:Skip shell extension 'dsv' for command environment
[9.469s] DEBUG:colcon.colcon_core.event_handler.log_command:Invoking command in '/home/adela/TFM_AdelaJimenez/build/ur_dashboard_msgs': CMAKE_PREFIX_PATH=${CMAKE_PREFIX_PATH}:/home/adela/TFM_AdelaJimenez/workspace/ros_ur_driver/install/trayectories:/home/adela/TFM_AdelaJimenez/workspace/ros_ur_driver/install/rutine_launcher:/home/adela/TFM_AdelaJimenez/workspace/ros_ur_driver/install/data_logger:/home/adela/TFM_AdelaJimenez/workspace/ros_ur_driver/install/build_platform:/home/adela/TFM_MiguelLerinAlonso/workspace/ros_ur_driver/install/trayectories:/home/adela/TFM_MiguelLerinAlonso/workspace/ros_ur_driver/install/rutine_launcher:/home/adela/TFM_MiguelLerinAlonso/workspace/ros_ur_driver/install/data_logger:/home/adela/TFM_MiguelLerinAlonso/workspace/ros_ur_driver/install/build_platform:/opt/ros/humble /usr/bin/cmake --install /home/adela/TFM_AdelaJimenez/build/ur_dashboard_msgs
[10.576s] Level 1:colcon.colcon_core.environment:create_environment_scripts_only(ur_dashboard_msgs)
[10.580s] Level 1:colcon.colcon_core.environment:checking '/home/adela/TFM_AdelaJimenez/install/ur_dashboard_msgs' for CMake module files
[10.596s] Level 1:colcon.colcon_core.environment:checking '/home/adela/TFM_AdelaJimenez/install/ur_dashboard_msgs' for CMake config files
[10.608s] DEBUG:colcon.colcon_core.event_handler.log_command:Invoked command in '/home/adela/TFM_AdelaJimenez/build/ur_dashboard_msgs' returned '0': CMAKE_PREFIX_PATH=${CMAKE_PREFIX_PATH}:/home/adela/TFM_AdelaJimenez/workspace/ros_ur_driver/install/trayectories:/home/adela/TFM_AdelaJimenez/workspace/ros_ur_driver/install/rutine_launcher:/home/adela/TFM_AdelaJimenez/workspace/ros_ur_driver/install/data_logger:/home/adela/TFM_AdelaJimenez/workspace/ros_ur_driver/install/build_platform:/home/adela/TFM_MiguelLerinAlonso/workspace/ros_ur_driver/install/trayectories:/home/adela/TFM_MiguelLerinAlonso/workspace/ros_ur_driver/install/rutine_launcher:/home/adela/TFM_MiguelLerinAlonso/workspace/ros_ur_driver/install/data_logger:/home/adela/TFM_MiguelLerinAlonso/workspace/ros_ur_driver/install/build_platform:/opt/ros/humble /usr/bin/cmake --install /home/adela/TFM_AdelaJimenez/build/ur_dashboard_msgs
[10.610s] Level 1:colcon.colcon_core.shell:create_environment_hook('ur_dashboard_msgs', 'cmake_prefix_path')
[10.614s] INFO:colcon.colcon_core.shell:Creating environment hook '/home/adela/TFM_AdelaJimenez/install/ur_dashboard_msgs/share/ur_dashboard_msgs/hook/cmake_prefix_path.ps1'
[10.619s] INFO:colcon.colcon_core.shell:Creating environment descriptor '/home/adela/TFM_AdelaJimenez/install/ur_dashboard_msgs/share/ur_dashboard_msgs/hook/cmake_prefix_path.dsv'
[10.623s] INFO:colcon.colcon_core.shell:Creating environment hook '/home/adela/TFM_AdelaJimenez/install/ur_dashboard_msgs/share/ur_dashboard_msgs/hook/cmake_prefix_path.sh'
[10.628s] Level 1:colcon.colcon_core.environment:checking '/home/adela/TFM_AdelaJimenez/install/ur_dashboard_msgs/lib'
[10.637s] Level 1:colcon.colcon_core.shell:create_environment_hook('ur_dashboard_msgs', 'ld_library_path_lib')
[10.639s] INFO:colcon.colcon_core.shell:Creating environment hook '/home/adela/TFM_AdelaJimenez/install/ur_dashboard_msgs/share/ur_dashboard_msgs/hook/ld_library_path_lib.ps1'
[10.659s] INFO:colcon.colcon_core.shell:Creating environment descriptor '/home/adela/TFM_AdelaJimenez/install/ur_dashboard_msgs/share/ur_dashboard_msgs/hook/ld_library_path_lib.dsv'
[10.660s] INFO:colcon.colcon_core.shell:Creating environment hook '/home/adela/TFM_AdelaJimenez/install/ur_dashboard_msgs/share/ur_dashboard_msgs/hook/ld_library_path_lib.sh'
[10.678s] Level 1:colcon.colcon_core.environment:checking '/home/adela/TFM_AdelaJimenez/install/ur_dashboard_msgs/bin'
[10.678s] Level 1:colcon.colcon_core.environment:checking '/home/adela/TFM_AdelaJimenez/install/ur_dashboard_msgs/lib/pkgconfig/ur_dashboard_msgs.pc'
[10.678s] Level 1:colcon.colcon_core.environment:checking '/home/adela/TFM_AdelaJimenez/install/ur_dashboard_msgs/lib/python3.10/site-packages'
[10.688s] Level 1:colcon.colcon_core.environment:checking '/home/adela/TFM_AdelaJimenez/install/ur_dashboard_msgs/bin'
[10.693s] INFO:colcon.colcon_core.shell:Creating package script '/home/adela/TFM_AdelaJimenez/install/ur_dashboard_msgs/share/ur_dashboard_msgs/package.ps1'
[10.701s] INFO:colcon.colcon_core.shell:Creating package descriptor '/home/adela/TFM_AdelaJimenez/install/ur_dashboard_msgs/share/ur_dashboard_msgs/package.dsv'
[10.714s] INFO:colcon.colcon_core.shell:Creating package script '/home/adela/TFM_AdelaJimenez/install/ur_dashboard_msgs/share/ur_dashboard_msgs/package.sh'
[10.726s] INFO:colcon.colcon_core.shell:Creating package script '/home/adela/TFM_AdelaJimenez/install/ur_dashboard_msgs/share/ur_dashboard_msgs/package.bash'
[10.743s] INFO:colcon.colcon_core.shell:Creating package script '/home/adela/TFM_AdelaJimenez/install/ur_dashboard_msgs/share/ur_dashboard_msgs/package.zsh'
[10.746s] Level 1:colcon.colcon_core.environment:create_file_with_runtime_dependencies(/home/adela/TFM_AdelaJimenez/install/ur_dashboard_msgs/share/colcon-core/packages/ur_dashboard_msgs)
[14.742s] Level 1:colcon.colcon_core.environment:create_environment_scripts_only(ur_dashboard_msgs)
[14.743s] Level 1:colcon.colcon_core.environment:checking '/home/adela/TFM_AdelaJimenez/install/ur_dashboard_msgs' for CMake module files
[14.744s] Level 1:colcon.colcon_core.environment:checking '/home/adela/TFM_AdelaJimenez/install/ur_dashboard_msgs' for CMake config files
[14.744s] Level 1:colcon.colcon_core.shell:create_environment_hook('ur_dashboard_msgs', 'cmake_prefix_path')
[14.744s] INFO:colcon.colcon_core.shell:Creating environment hook '/home/adela/TFM_AdelaJimenez/install/ur_dashboard_msgs/share/ur_dashboard_msgs/hook/cmake_prefix_path.ps1'
[14.745s] INFO:colcon.colcon_core.shell:Creating environment descriptor '/home/adela/TFM_AdelaJimenez/install/ur_dashboard_msgs/share/ur_dashboard_msgs/hook/cmake_prefix_path.dsv'
[14.764s] INFO:colcon.colcon_core.shell:Creating environment hook '/home/adela/TFM_AdelaJimenez/install/ur_dashboard_msgs/share/ur_dashboard_msgs/hook/cmake_prefix_path.sh'
[14.777s] Level 1:colcon.colcon_core.environment:checking '/home/adela/TFM_AdelaJimenez/install/ur_dashboard_msgs/lib'
[14.777s] Level 1:colcon.colcon_core.shell:create_environment_hook('ur_dashboard_msgs', 'ld_library_path_lib')
[14.778s] INFO:colcon.colcon_core.shell:Creating environment hook '/home/adela/TFM_AdelaJimenez/install/ur_dashboard_msgs/share/ur_dashboard_msgs/hook/ld_library_path_lib.ps1'
[14.778s] INFO:colcon.colcon_core.shell:Creating environment descriptor '/home/adela/TFM_AdelaJimenez/install/ur_dashboard_msgs/share/ur_dashboard_msgs/hook/ld_library_path_lib.dsv'
[14.821s] INFO:colcon.colcon_core.shell:Creating environment hook '/home/adela/TFM_AdelaJimenez/install/ur_dashboard_msgs/share/ur_dashboard_msgs/hook/ld_library_path_lib.sh'
[14.832s] Level 1:colcon.colcon_core.environment:checking '/home/adela/TFM_AdelaJimenez/install/ur_dashboard_msgs/bin'
[14.834s] Level 1:colcon.colcon_core.environment:checking '/home/adela/TFM_AdelaJimenez/install/ur_dashboard_msgs/lib/pkgconfig/ur_dashboard_msgs.pc'
[14.835s] Level 1:colcon.colcon_core.environment:checking '/home/adela/TFM_AdelaJimenez/install/ur_dashboard_msgs/lib/python3.10/site-packages'
[14.835s] Level 1:colcon.colcon_core.environment:checking '/home/adela/TFM_AdelaJimenez/install/ur_dashboard_msgs/bin'
[14.835s] INFO:colcon.colcon_core.shell:Creating package script '/home/adela/TFM_AdelaJimenez/install/ur_dashboard_msgs/share/ur_dashboard_msgs/package.ps1'
[14.836s] INFO:colcon.colcon_core.shell:Creating package descriptor '/home/adela/TFM_AdelaJimenez/install/ur_dashboard_msgs/share/ur_dashboard_msgs/package.dsv'
[14.842s] INFO:colcon.colcon_core.shell:Creating package script '/home/adela/TFM_AdelaJimenez/install/ur_dashboard_msgs/share/ur_dashboard_msgs/package.sh'
[14.851s] INFO:colcon.colcon_core.shell:Creating package script '/home/adela/TFM_AdelaJimenez/install/ur_dashboard_msgs/share/ur_dashboard_msgs/package.bash'
[14.852s] INFO:colcon.colcon_core.shell:Creating package script '/home/adela/TFM_AdelaJimenez/install/ur_dashboard_msgs/share/ur_dashboard_msgs/package.zsh'
[14.864s] Level 1:colcon.colcon_core.environment:create_file_with_runtime_dependencies(/home/adela/TFM_AdelaJimenez/install/ur_dashboard_msgs/share/colcon-core/packages/ur_dashboard_msgs)
[14.865s] INFO:colcon.colcon_ros.task.ament_cmake.build:Building ROS package in '/home/adela/TFM_AdelaJimenez/workspace/ros_ur_driver/src/Universal_Robots_ROS2_Driver/ur_controllers' with build type 'ament_cmake'
[14.865s] INFO:colcon.colcon_cmake.task.cmake.build:Building CMake package in '/home/adela/TFM_AdelaJimenez/workspace/ros_ur_driver/src/Universal_Robots_ROS2_Driver/ur_controllers'
[14.865s] INFO:colcon.colcon_core.shell:Skip shell extension 'powershell' for command environment: Not usable outside of PowerShell
[14.865s] DEBUG:colcon.colcon_core.shell:Skip shell extension 'dsv' for command environment
[14.981s] DEBUG:colcon.colcon_core.event_handler.log_command:Invoking command in '/home/adela/TFM_AdelaJimenez/build/ur_controllers': AMENT_PREFIX_PATH=/home/adela/TFM_AdelaJimenez/install/ur_dashboard_msgs:${AMENT_PREFIX_PATH} CMAKE_PREFIX_PATH=/home/adela/TFM_AdelaJimenez/install/ur_dashboard_msgs:/home/adela/TFM_AdelaJimenez/workspace/ros_ur_driver/install/ur:/home/adela/TFM_AdelaJimenez/workspace/ros_ur_driver/install/ur_calibration:/home/adela/TFM_AdelaJimenez/workspace/ros_ur_driver/install/ur_robot_driver:/home/adela/TFM_AdelaJimenez/workspace/ros_ur_driver/install/ur_moveit_config:/home/adela/TFM_AdelaJimenez/workspace/ros_ur_driver/install/ur_bringup:/home/adela/TFM_AdelaJimenez/workspace/ros_ur_driver/install/ur_description:/home/adela/TFM_AdelaJimenez/workspace/ros_ur_driver/install/ur_controllers:/home/adela/TFM_AdelaJimenez/workspace/ros_ur_driver/install/ur_dashboard_msgs:/home/adela/TFM_MiguelLerinAlonso/workspace/ros_ur_driver/install/ur:/home/adela/TFM_MiguelLerinAlonso/workspace/ros_ur_driver/install/ur_calibration:/home/adela/TFM_MiguelLerinAlonso/workspace/ros_ur_driver/install/ur_robot_driver:/home/adela/TFM_MiguelLerinAlonso/workspace/ros_ur_driver/install/ur_moveit_config:/home/adela/TFM_MiguelLerinAlonso/workspace/ros_ur_driver/install/ur_bringup:/home/adela/TFM_MiguelLerinAlonso/workspace/ros_ur_driver/install/ur_description:/home/adela/TFM_MiguelLerinAlonso/workspace/ros_ur_driver/install/ur_controllers:/home/adela/TFM_MiguelLerinAlonso/workspace/ros_ur_driver/install/ur_dashboard_msgs:/home/adela/workspace/ros_ur_driver/install/ur:/home/adela/workspace/ros_ur_driver/install/ur_calibration:/home/adela/workspace/ros_ur_driver/install/ur_robot_driver:/home/adela/workspace/ros_ur_driver/install/ur_moveit_config:/home/adela/workspace/ros_ur_driver/install/ur_bringup:/home/adela/workspace/ros_ur_driver/install/ur_description:/home/adela/workspace/ros_ur_driver/install/ur_controllers:/home/adela/workspace/ros_ur_driver/install/ur_dashboard_msgs:/home/adela/TFM_AdelaJimenez/workspace/ros_ur_driver/install/trayectories:/home/adela/TFM_AdelaJimenez/workspace/ros_ur_driver/install/rutine_launcher:/home/adela/TFM_AdelaJimenez/workspace/ros_ur_driver/install/data_logger:/home/adela/TFM_AdelaJimenez/workspace/ros_ur_driver/install/build_platform:/home/adela/TFM_MiguelLerinAlonso/workspace/ros_ur_driver/install/trayectories:/home/adela/TFM_MiguelLerinAlonso/workspace/ros_ur_driver/install/rutine_launcher:/home/adela/TFM_MiguelLerinAlonso/workspace/ros_ur_driver/install/data_logger:/home/adela/TFM_MiguelLerinAlonso/workspace/ros_ur_driver/install/build_platform:/opt/ros/humble LD_LIBRARY_PATH=/home/adela/TFM_AdelaJimenez/install/ur_dashboard_msgs/lib:${LD_LIBRARY_PATH} PYTHONPATH=/home/adela/TFM_AdelaJimenez/install/ur_dashboard_msgs/local/lib/python3.10/dist-packages:${PYTHONPATH} /usr/bin/cmake --build /home/adela/TFM_AdelaJimenez/build/ur_controllers -- -j2 -l2
[15.349s] DEBUG:colcon.colcon_core.event_handler.log_command:Invoking command in '/home/adela/TFM_AdelaJimenez/workspace/ros_ur_driver/src/build_platform': PYTHONPATH=/home/adela/TFM_AdelaJimenez/build/build_platform/prefix_override:/home/adela/TFM_AdelaJimenez/install/build_platform/lib/python3.10/site-packages:${PYTHONPATH} /usr/bin/python3 -W ignore:setup.py install is deprecated setup.py egg_info --egg-base ../../../../build/build_platform build --build-base /home/adela/TFM_AdelaJimenez/build/build_platform/build install --record /home/adela/TFM_AdelaJimenez/build/build_platform/install.log --single-version-externally-managed install_data
[16.315s] DEBUG:colcon.colcon_core.event_handler.log_command:Invoked command in '/home/adela/TFM_AdelaJimenez/build/ur_controllers' returned '0': AMENT_PREFIX_PATH=/home/adela/TFM_AdelaJimenez/install/ur_dashboard_msgs:${AMENT_PREFIX_PATH} CMAKE_PREFIX_PATH=/home/adela/TFM_AdelaJimenez/install/ur_dashboard_msgs:/home/adela/TFM_AdelaJimenez/workspace/ros_ur_driver/install/ur:/home/adela/TFM_AdelaJimenez/workspace/ros_ur_driver/install/ur_calibration:/home/adela/TFM_AdelaJimenez/workspace/ros_ur_driver/install/ur_robot_driver:/home/adela/TFM_AdelaJimenez/workspace/ros_ur_driver/install/ur_moveit_config:/home/adela/TFM_AdelaJimenez/workspace/ros_ur_driver/install/ur_bringup:/home/adela/TFM_AdelaJimenez/workspace/ros_ur_driver/install/ur_description:/home/adela/TFM_AdelaJimenez/workspace/ros_ur_driver/install/ur_controllers:/home/adela/TFM_AdelaJimenez/workspace/ros_ur_driver/install/ur_dashboard_msgs:/home/adela/TFM_MiguelLerinAlonso/workspace/ros_ur_driver/install/ur:/home/adela/TFM_MiguelLerinAlonso/workspace/ros_ur_driver/install/ur_calibration:/home/adela/TFM_MiguelLerinAlonso/workspace/ros_ur_driver/install/ur_robot_driver:/home/adela/TFM_MiguelLerinAlonso/workspace/ros_ur_driver/install/ur_moveit_config:/home/adela/TFM_MiguelLerinAlonso/workspace/ros_ur_driver/install/ur_bringup:/home/adela/TFM_MiguelLerinAlonso/workspace/ros_ur_driver/install/ur_description:/home/adela/TFM_MiguelLerinAlonso/workspace/ros_ur_driver/install/ur_controllers:/home/adela/TFM_MiguelLerinAlonso/workspace/ros_ur_driver/install/ur_dashboard_msgs:/home/adela/workspace/ros_ur_driver/install/ur:/home/adela/workspace/ros_ur_driver/install/ur_calibration:/home/adela/workspace/ros_ur_driver/install/ur_robot_driver:/home/adela/workspace/ros_ur_driver/install/ur_moveit_config:/home/adela/workspace/ros_ur_driver/install/ur_bringup:/home/adela/workspace/ros_ur_driver/install/ur_description:/home/adela/workspace/ros_ur_driver/install/ur_controllers:/home/adela/workspace/ros_ur_driver/install/ur_dashboard_msgs:/home/adela/TFM_AdelaJimenez/workspace/ros_ur_driver/install/trayectories:/home/adela/TFM_AdelaJimenez/workspace/ros_ur_driver/install/rutine_launcher:/home/adela/TFM_AdelaJimenez/workspace/ros_ur_driver/install/data_logger:/home/adela/TFM_AdelaJimenez/workspace/ros_ur_driver/install/build_platform:/home/adela/TFM_MiguelLerinAlonso/workspace/ros_ur_driver/install/trayectories:/home/adela/TFM_MiguelLerinAlonso/workspace/ros_ur_driver/install/rutine_launcher:/home/adela/TFM_MiguelLerinAlonso/workspace/ros_ur_driver/install/data_logger:/home/adela/TFM_MiguelLerinAlonso/workspace/ros_ur_driver/install/build_platform:/opt/ros/humble LD_LIBRARY_PATH=/home/adela/TFM_AdelaJimenez/install/ur_dashboard_msgs/lib:${LD_LIBRARY_PATH} PYTHONPATH=/home/adela/TFM_AdelaJimenez/install/ur_dashboard_msgs/local/lib/python3.10/dist-packages:${PYTHONPATH} /usr/bin/cmake --build /home/adela/TFM_AdelaJimenez/build/ur_controllers -- -j2 -l2
[16.776s] DEBUG:colcon.colcon_core.event_handler.log_command:Invoking command in '/home/adela/TFM_AdelaJimenez/build/ur_controllers': AMENT_PREFIX_PATH=/home/adela/TFM_AdelaJimenez/install/ur_dashboard_msgs:${AMENT_PREFIX_PATH} CMAKE_PREFIX_PATH=/home/adela/TFM_AdelaJimenez/install/ur_dashboard_msgs:/home/adela/TFM_AdelaJimenez/workspace/ros_ur_driver/install/ur:/home/adela/TFM_AdelaJimenez/workspace/ros_ur_driver/install/ur_calibration:/home/adela/TFM_AdelaJimenez/workspace/ros_ur_driver/install/ur_robot_driver:/home/adela/TFM_AdelaJimenez/workspace/ros_ur_driver/install/ur_moveit_config:/home/adela/TFM_AdelaJimenez/workspace/ros_ur_driver/install/ur_bringup:/home/adela/TFM_AdelaJimenez/workspace/ros_ur_driver/install/ur_description:/home/adela/TFM_AdelaJimenez/workspace/ros_ur_driver/install/ur_controllers:/home/adela/TFM_AdelaJimenez/workspace/ros_ur_driver/install/ur_dashboard_msgs:/home/adela/TFM_MiguelLerinAlonso/workspace/ros_ur_driver/install/ur:/home/adela/TFM_MiguelLerinAlonso/workspace/ros_ur_driver/install/ur_calibration:/home/adela/TFM_MiguelLerinAlonso/workspace/ros_ur_driver/install/ur_robot_driver:/home/adela/TFM_MiguelLerinAlonso/workspace/ros_ur_driver/install/ur_moveit_config:/home/adela/TFM_MiguelLerinAlonso/workspace/ros_ur_driver/install/ur_bringup:/home/adela/TFM_MiguelLerinAlonso/workspace/ros_ur_driver/install/ur_description:/home/adela/TFM_MiguelLerinAlonso/workspace/ros_ur_driver/install/ur_controllers:/home/adela/TFM_MiguelLerinAlonso/workspace/ros_ur_driver/install/ur_dashboard_msgs:/home/adela/workspace/ros_ur_driver/install/ur:/home/adela/workspace/ros_ur_driver/install/ur_calibration:/home/adela/workspace/ros_ur_driver/install/ur_robot_driver:/home/adela/workspace/ros_ur_driver/install/ur_moveit_config:/home/adela/workspace/ros_ur_driver/install/ur_bringup:/home/adela/workspace/ros_ur_driver/install/ur_description:/home/adela/workspace/ros_ur_driver/install/ur_controllers:/home/adela/workspace/ros_ur_driver/install/ur_dashboard_msgs:/home/adela/TFM_AdelaJimenez/workspace/ros_ur_driver/install/trayectories:/home/adela/TFM_AdelaJimenez/workspace/ros_ur_driver/install/rutine_launcher:/home/adela/TFM_AdelaJimenez/workspace/ros_ur_driver/install/data_logger:/home/adela/TFM_AdelaJimenez/workspace/ros_ur_driver/install/build_platform:/home/adela/TFM_MiguelLerinAlonso/workspace/ros_ur_driver/install/trayectories:/home/adela/TFM_MiguelLerinAlonso/workspace/ros_ur_driver/install/rutine_launcher:/home/adela/TFM_MiguelLerinAlonso/workspace/ros_ur_driver/install/data_logger:/home/adela/TFM_MiguelLerinAlonso/workspace/ros_ur_driver/install/build_platform:/opt/ros/humble LD_LIBRARY_PATH=/home/adela/TFM_AdelaJimenez/install/ur_dashboard_msgs/lib:${LD_LIBRARY_PATH} PYTHONPATH=/home/adela/TFM_AdelaJimenez/install/ur_dashboard_msgs/local/lib/python3.10/dist-packages:${PYTHONPATH} /usr/bin/cmake --install /home/adela/TFM_AdelaJimenez/build/ur_controllers
[16.930s] Level 1:colcon.colcon_core.environment:create_environment_scripts_only(ur_controllers)
[16.931s] Level 1:colcon.colcon_core.environment:checking '/home/adela/TFM_AdelaJimenez/install/ur_controllers' for CMake module files
[16.932s] Level 1:colcon.colcon_core.environment:checking '/home/adela/TFM_AdelaJimenez/install/ur_controllers' for CMake config files
[16.943s] Level 1:colcon.colcon_core.shell:create_environment_hook('ur_controllers', 'cmake_prefix_path')
[16.943s] INFO:colcon.colcon_core.shell:Creating environment hook '/home/adela/TFM_AdelaJimenez/install/ur_controllers/share/ur_controllers/hook/cmake_prefix_path.ps1'
[16.964s] DEBUG:colcon.colcon_core.event_handler.log_command:Invoked command in '/home/adela/TFM_AdelaJimenez/build/ur_controllers' returned '0': AMENT_PREFIX_PATH=/home/adela/TFM_AdelaJimenez/install/ur_dashboard_msgs:${AMENT_PREFIX_PATH} CMAKE_PREFIX_PATH=/home/adela/TFM_AdelaJimenez/install/ur_dashboard_msgs:/home/adela/TFM_AdelaJimenez/workspace/ros_ur_driver/install/ur:/home/adela/TFM_AdelaJimenez/workspace/ros_ur_driver/install/ur_calibration:/home/adela/TFM_AdelaJimenez/workspace/ros_ur_driver/install/ur_robot_driver:/home/adela/TFM_AdelaJimenez/workspace/ros_ur_driver/install/ur_moveit_config:/home/adela/TFM_AdelaJimenez/workspace/ros_ur_driver/install/ur_bringup:/home/adela/TFM_AdelaJimenez/workspace/ros_ur_driver/install/ur_description:/home/adela/TFM_AdelaJimenez/workspace/ros_ur_driver/install/ur_controllers:/home/adela/TFM_AdelaJimenez/workspace/ros_ur_driver/install/ur_dashboard_msgs:/home/adela/TFM_MiguelLerinAlonso/workspace/ros_ur_driver/install/ur:/home/adela/TFM_MiguelLerinAlonso/workspace/ros_ur_driver/install/ur_calibration:/home/adela/TFM_MiguelLerinAlonso/workspace/ros_ur_driver/install/ur_robot_driver:/home/adela/TFM_MiguelLerinAlonso/workspace/ros_ur_driver/install/ur_moveit_config:/home/adela/TFM_MiguelLerinAlonso/workspace/ros_ur_driver/install/ur_bringup:/home/adela/TFM_MiguelLerinAlonso/workspace/ros_ur_driver/install/ur_description:/home/adela/TFM_MiguelLerinAlonso/workspace/ros_ur_driver/install/ur_controllers:/home/adela/TFM_MiguelLerinAlonso/workspace/ros_ur_driver/install/ur_dashboard_msgs:/home/adela/workspace/ros_ur_driver/install/ur:/home/adela/workspace/ros_ur_driver/install/ur_calibration:/home/adela/workspace/ros_ur_driver/install/ur_robot_driver:/home/adela/workspace/ros_ur_driver/install/ur_moveit_config:/home/adela/workspace/ros_ur_driver/install/ur_bringup:/home/adela/workspace/ros_ur_driver/install/ur_description:/home/adela/workspace/ros_ur_driver/install/ur_controllers:/home/adela/workspace/ros_ur_driver/install/ur_dashboard_msgs:/home/adela/TFM_AdelaJimenez/workspace/ros_ur_driver/install/trayectories:/home/adela/TFM_AdelaJimenez/workspace/ros_ur_driver/install/rutine_launcher:/home/adela/TFM_AdelaJimenez/workspace/ros_ur_driver/install/data_logger:/home/adela/TFM_AdelaJimenez/workspace/ros_ur_driver/install/build_platform:/home/adela/TFM_MiguelLerinAlonso/workspace/ros_ur_driver/install/trayectories:/home/adela/TFM_MiguelLerinAlonso/workspace/ros_ur_driver/install/rutine_launcher:/home/adela/TFM_MiguelLerinAlonso/workspace/ros_ur_driver/install/data_logger:/home/adela/TFM_MiguelLerinAlonso/workspace/ros_ur_driver/install/build_platform:/opt/ros/humble LD_LIBRARY_PATH=/home/adela/TFM_AdelaJimenez/install/ur_dashboard_msgs/lib:${LD_LIBRARY_PATH} PYTHONPATH=/home/adela/TFM_AdelaJimenez/install/ur_dashboard_msgs/local/lib/python3.10/dist-packages:${PYTHONPATH} /usr/bin/cmake --install /home/adela/TFM_AdelaJimenez/build/ur_controllers
[16.944s] INFO:colcon.colcon_core.shell:Creating environment descriptor '/home/adela/TFM_AdelaJimenez/install/ur_controllers/share/ur_controllers/hook/cmake_prefix_path.dsv'
[16.966s] INFO:colcon.colcon_core.shell:Creating environment hook '/home/adela/TFM_AdelaJimenez/install/ur_controllers/share/ur_controllers/hook/cmake_prefix_path.sh'
[16.971s] Level 1:colcon.colcon_core.environment:checking '/home/adela/TFM_AdelaJimenez/install/ur_controllers/lib'
[16.971s] Level 1:colcon.colcon_core.shell:create_environment_hook('ur_controllers', 'ld_library_path_lib')
[16.972s] INFO:colcon.colcon_core.shell:Creating environment hook '/home/adela/TFM_AdelaJimenez/install/ur_controllers/share/ur_controllers/hook/ld_library_path_lib.ps1'
[16.980s] INFO:colcon.colcon_core.shell:Creating environment descriptor '/home/adela/TFM_AdelaJimenez/install/ur_controllers/share/ur_controllers/hook/ld_library_path_lib.dsv'
[16.982s] INFO:colcon.colcon_core.shell:Creating environment hook '/home/adela/TFM_AdelaJimenez/install/ur_controllers/share/ur_controllers/hook/ld_library_path_lib.sh'
[16.999s] Level 1:colcon.colcon_core.environment:checking '/home/adela/TFM_AdelaJimenez/install/ur_controllers/bin'
[16.999s] Level 1:colcon.colcon_core.environment:checking '/home/adela/TFM_AdelaJimenez/install/ur_controllers/lib/pkgconfig/ur_controllers.pc'
[17.004s] Level 1:colcon.colcon_core.environment:checking '/home/adela/TFM_AdelaJimenez/install/ur_controllers/lib/python3.10/site-packages'
[17.016s] Level 1:colcon.colcon_core.environment:checking '/home/adela/TFM_AdelaJimenez/install/ur_controllers/bin'
[17.018s] INFO:colcon.colcon_core.shell:Creating package script '/home/adela/TFM_AdelaJimenez/install/ur_controllers/share/ur_controllers/package.ps1'
[17.032s] INFO:colcon.colcon_core.shell:Creating package descriptor '/home/adela/TFM_AdelaJimenez/install/ur_controllers/share/ur_controllers/package.dsv'
[17.033s] INFO:colcon.colcon_core.shell:Creating package script '/home/adela/TFM_AdelaJimenez/install/ur_controllers/share/ur_controllers/package.sh'
[17.048s] INFO:colcon.colcon_core.shell:Creating package script '/home/adela/TFM_AdelaJimenez/install/ur_controllers/share/ur_controllers/package.bash'
[17.051s] INFO:colcon.colcon_core.shell:Creating package script '/home/adela/TFM_AdelaJimenez/install/ur_controllers/share/ur_controllers/package.zsh'
[17.052s] Level 1:colcon.colcon_core.environment:create_file_with_runtime_dependencies(/home/adela/TFM_AdelaJimenez/install/ur_controllers/share/colcon-core/packages/ur_controllers)
[17.256s] Level 1:colcon.colcon_core.environment:create_environment_scripts_only(ur_controllers)
[17.256s] Level 1:colcon.colcon_core.environment:checking '/home/adela/TFM_AdelaJimenez/install/ur_controllers' for CMake module files
[17.257s] Level 1:colcon.colcon_core.environment:checking '/home/adela/TFM_AdelaJimenez/install/ur_controllers' for CMake config files
[17.258s] Level 1:colcon.colcon_core.shell:create_environment_hook('ur_controllers', 'cmake_prefix_path')
[17.258s] INFO:colcon.colcon_core.shell:Creating environment hook '/home/adela/TFM_AdelaJimenez/install/ur_controllers/share/ur_controllers/hook/cmake_prefix_path.ps1'
[17.259s] INFO:colcon.colcon_core.shell:Creating environment descriptor '/home/adela/TFM_AdelaJimenez/install/ur_controllers/share/ur_controllers/hook/cmake_prefix_path.dsv'
[17.275s] INFO:colcon.colcon_core.shell:Creating environment hook '/home/adela/TFM_AdelaJimenez/install/ur_controllers/share/ur_controllers/hook/cmake_prefix_path.sh'
[17.280s] Level 1:colcon.colcon_core.environment:checking '/home/adela/TFM_AdelaJimenez/install/ur_controllers/lib'
[17.281s] Level 1:colcon.colcon_core.shell:create_environment_hook('ur_controllers', 'ld_library_path_lib')
[17.288s] INFO:colcon.colcon_core.shell:Creating environment hook '/home/adela/TFM_AdelaJimenez/install/ur_controllers/share/ur_controllers/hook/ld_library_path_lib.ps1'
[17.295s] INFO:colcon.colcon_core.shell:Creating environment descriptor '/home/adela/TFM_AdelaJimenez/install/ur_controllers/share/ur_controllers/hook/ld_library_path_lib.dsv'
[17.296s] INFO:colcon.colcon_core.shell:Creating environment hook '/home/adela/TFM_AdelaJimenez/install/ur_controllers/share/ur_controllers/hook/ld_library_path_lib.sh'
[17.304s] Level 1:colcon.colcon_core.environment:checking '/home/adela/TFM_AdelaJimenez/install/ur_controllers/bin'
[17.304s] Level 1:colcon.colcon_core.environment:checking '/home/adela/TFM_AdelaJimenez/install/ur_controllers/lib/pkgconfig/ur_controllers.pc'
[17.304s] Level 1:colcon.colcon_core.environment:checking '/home/adela/TFM_AdelaJimenez/install/ur_controllers/lib/python3.10/site-packages'
[17.305s] Level 1:colcon.colcon_core.environment:checking '/home/adela/TFM_AdelaJimenez/install/ur_controllers/bin'
[17.310s] INFO:colcon.colcon_core.shell:Creating package script '/home/adela/TFM_AdelaJimenez/install/ur_controllers/share/ur_controllers/package.ps1'
[17.311s] INFO:colcon.colcon_core.shell:Creating package descriptor '/home/adela/TFM_AdelaJimenez/install/ur_controllers/share/ur_controllers/package.dsv'
[17.327s] INFO:colcon.colcon_core.shell:Creating package script '/home/adela/TFM_AdelaJimenez/install/ur_controllers/share/ur_controllers/package.sh'
[17.327s] INFO:colcon.colcon_core.shell:Creating package script '/home/adela/TFM_AdelaJimenez/install/ur_controllers/share/ur_controllers/package.bash'
[17.343s] INFO:colcon.colcon_core.shell:Creating package script '/home/adela/TFM_AdelaJimenez/install/ur_controllers/share/ur_controllers/package.zsh'
[17.343s] Level 1:colcon.colcon_core.environment:create_file_with_runtime_dependencies(/home/adela/TFM_AdelaJimenez/install/ur_controllers/share/colcon-core/packages/ur_controllers)
[17.365s] INFO:colcon.colcon_ros.task.ament_cmake.build:Building ROS package in '/home/adela/TFM_AdelaJimenez/workspace/ros_ur_driver/src/Universal_Robots_ROS2_Driver/ur_robot_driver' with build type 'ament_cmake'
[17.365s] INFO:colcon.colcon_cmake.task.cmake.build:Building CMake package in '/home/adela/TFM_AdelaJimenez/workspace/ros_ur_driver/src/Universal_Robots_ROS2_Driver/ur_robot_driver'
[17.365s] INFO:colcon.colcon_core.shell:Skip shell extension 'powershell' for command environment: Not usable outside of PowerShell
[17.365s] DEBUG:colcon.colcon_core.shell:Skip shell extension 'dsv' for command environment
[17.577s] DEBUG:colcon.colcon_core.event_handler.log_command:Invoking command in '/home/adela/TFM_AdelaJimenez/build/ur_robot_driver': AMENT_PREFIX_PATH=/home/adela/TFM_AdelaJimenez/install/ur_controllers:/home/adela/TFM_AdelaJimenez/install/ur_description:/home/adela/TFM_AdelaJimenez/install/ur_dashboard_msgs:${AMENT_PREFIX_PATH} CMAKE_PREFIX_PATH=/home/adela/TFM_AdelaJimenez/install/ur_controllers:/home/adela/TFM_AdelaJimenez/install/ur_description:/home/adela/TFM_AdelaJimenez/install/ur_dashboard_msgs:/home/adela/TFM_AdelaJimenez/workspace/ros_ur_driver/install/ur:/home/adela/TFM_AdelaJimenez/workspace/ros_ur_driver/install/ur_calibration:/home/adela/TFM_AdelaJimenez/workspace/ros_ur_driver/install/ur_robot_driver:/home/adela/TFM_AdelaJimenez/workspace/ros_ur_driver/install/ur_moveit_config:/home/adela/TFM_AdelaJimenez/workspace/ros_ur_driver/install/ur_bringup:/home/adela/TFM_AdelaJimenez/workspace/ros_ur_driver/install/ur_description:/home/adela/TFM_AdelaJimenez/workspace/ros_ur_driver/install/ur_controllers:/home/adela/TFM_AdelaJimenez/workspace/ros_ur_driver/install/ur_dashboard_msgs:/home/adela/TFM_MiguelLerinAlonso/workspace/ros_ur_driver/install/ur:/home/adela/TFM_MiguelLerinAlonso/workspace/ros_ur_driver/install/ur_calibration:/home/adela/TFM_MiguelLerinAlonso/workspace/ros_ur_driver/install/ur_robot_driver:/home/adela/TFM_MiguelLerinAlonso/workspace/ros_ur_driver/install/ur_moveit_config:/home/adela/TFM_MiguelLerinAlonso/workspace/ros_ur_driver/install/ur_bringup:/home/adela/TFM_MiguelLerinAlonso/workspace/ros_ur_driver/install/ur_description:/home/adela/TFM_MiguelLerinAlonso/workspace/ros_ur_driver/install/ur_controllers:/home/adela/TFM_MiguelLerinAlonso/workspace/ros_ur_driver/install/ur_dashboard_msgs:/home/adela/workspace/ros_ur_driver/install/ur:/home/adela/workspace/ros_ur_driver/install/ur_calibration:/home/adela/workspace/ros_ur_driver/install/ur_robot_driver:/home/adela/workspace/ros_ur_driver/install/ur_moveit_config:/home/adela/workspace/ros_ur_driver/install/ur_bringup:/home/adela/workspace/ros_ur_driver/install/ur_description:/home/adela/workspace/ros_ur_driver/install/ur_controllers:/home/adela/workspace/ros_ur_driver/install/ur_dashboard_msgs:/home/adela/TFM_AdelaJimenez/workspace/ros_ur_driver/install/trayectories:/home/adela/TFM_AdelaJimenez/workspace/ros_ur_driver/install/rutine_launcher:/home/adela/TFM_AdelaJimenez/workspace/ros_ur_driver/install/data_logger:/home/adela/TFM_AdelaJimenez/workspace/ros_ur_driver/install/build_platform:/home/adela/TFM_MiguelLerinAlonso/workspace/ros_ur_driver/install/trayectories:/home/adela/TFM_MiguelLerinAlonso/workspace/ros_ur_driver/install/rutine_launcher:/home/adela/TFM_MiguelLerinAlonso/workspace/ros_ur_driver/install/data_logger:/home/adela/TFM_MiguelLerinAlonso/workspace/ros_ur_driver/install/build_platform:/opt/ros/humble LD_LIBRARY_PATH=/home/adela/TFM_AdelaJimenez/install/ur_controllers/lib:/home/adela/TFM_AdelaJimenez/install/ur_dashboard_msgs/lib:${LD_LIBRARY_PATH} PYTHONPATH=/home/adela/TFM_AdelaJimenez/install/ur_dashboard_msgs/local/lib/python3.10/dist-packages:${PYTHONPATH} /usr/bin/cmake --build /home/adela/TFM_AdelaJimenez/build/ur_robot_driver -- -j2 -l2
[19.065s] Level 1:colcon.colcon_core.environment:checking '/home/adela/TFM_AdelaJimenez/install/build_platform' for CMake module files
[19.083s] DEBUG:colcon.colcon_core.event_handler.log_command:Invoked command in '/home/adela/TFM_AdelaJimenez/workspace/ros_ur_driver/src/build_platform' returned '0': PYTHONPATH=/home/adela/TFM_AdelaJimenez/build/build_platform/prefix_override:/home/adela/TFM_AdelaJimenez/install/build_platform/lib/python3.10/site-packages:${PYTHONPATH} /usr/bin/python3 -W ignore:setup.py install is deprecated setup.py egg_info --egg-base ../../../../build/build_platform build --build-base /home/adela/TFM_AdelaJimenez/build/build_platform/build install --record /home/adela/TFM_AdelaJimenez/build/build_platform/install.log --single-version-externally-managed install_data
[19.084s] Level 1:colcon.colcon_core.environment:checking '/home/adela/TFM_AdelaJimenez/install/build_platform' for CMake config files
[19.085s] Level 1:colcon.colcon_core.environment:checking '/home/adela/TFM_AdelaJimenez/install/build_platform/lib'
[19.085s] Level 1:colcon.colcon_core.environment:checking '/home/adela/TFM_AdelaJimenez/install/build_platform/bin'
[19.085s] Level 1:colcon.colcon_core.environment:checking '/home/adela/TFM_AdelaJimenez/install/build_platform/lib/pkgconfig/build_platform.pc'
[19.086s] Level 1:colcon.colcon_core.environment:checking '/home/adela/TFM_AdelaJimenez/install/build_platform/lib/python3.10/site-packages'
[19.086s] Level 1:colcon.colcon_core.shell:create_environment_hook('build_platform', 'pythonpath')
[19.086s] INFO:colcon.colcon_core.shell:Creating environment hook '/home/adela/TFM_AdelaJimenez/install/build_platform/share/build_platform/hook/pythonpath.ps1'
[19.087s] INFO:colcon.colcon_core.shell:Creating environment descriptor '/home/adela/TFM_AdelaJimenez/install/build_platform/share/build_platform/hook/pythonpath.dsv'
[19.099s] INFO:colcon.colcon_core.shell:Creating environment hook '/home/adela/TFM_AdelaJimenez/install/build_platform/share/build_platform/hook/pythonpath.sh'
[19.109s] Level 1:colcon.colcon_core.environment:checking '/home/adela/TFM_AdelaJimenez/install/build_platform/bin'
[19.109s] Level 1:colcon.colcon_core.environment:create_environment_scripts_only(build_platform)
[19.110s] INFO:colcon.colcon_core.shell:Creating package script '/home/adela/TFM_AdelaJimenez/install/build_platform/share/build_platform/package.ps1'
[19.111s] INFO:colcon.colcon_core.shell:Creating package descriptor '/home/adela/TFM_AdelaJimenez/install/build_platform/share/build_platform/package.dsv'
[19.115s] INFO:colcon.colcon_core.shell:Creating package script '/home/adela/TFM_AdelaJimenez/install/build_platform/share/build_platform/package.sh'
[19.125s] INFO:colcon.colcon_core.shell:Creating package script '/home/adela/TFM_AdelaJimenez/install/build_platform/share/build_platform/package.bash'
[19.126s] INFO:colcon.colcon_core.shell:Creating package script '/home/adela/TFM_AdelaJimenez/install/build_platform/share/build_platform/package.zsh'
[19.130s] Level 1:colcon.colcon_core.environment:create_file_with_runtime_dependencies(/home/adela/TFM_AdelaJimenez/install/build_platform/share/colcon-core/packages/build_platform)
[19.136s] INFO:colcon.colcon_ros.task.ament_python.build:Building ROS package in '/home/adela/TFM_AdelaJimenez/workspace/ros_ur_driver/src/data_logger' with build type 'ament_python'
[19.136s] Level 1:colcon.colcon_core.shell:create_environment_hook('data_logger', 'ament_prefix_path')
[19.137s] INFO:colcon.colcon_core.shell:Creating environment hook '/home/adela/TFM_AdelaJimenez/install/data_logger/share/data_logger/hook/ament_prefix_path.ps1'
[19.142s] INFO:colcon.colcon_core.shell:Creating environment descriptor '/home/adela/TFM_AdelaJimenez/install/data_logger/share/data_logger/hook/ament_prefix_path.dsv'
[19.142s] INFO:colcon.colcon_core.shell:Creating environment hook '/home/adela/TFM_AdelaJimenez/install/data_logger/share/data_logger/hook/ament_prefix_path.sh'
[19.176s] INFO:colcon.colcon_core.shell:Skip shell extension 'powershell' for command environment: Not usable outside of PowerShell
[19.176s] DEBUG:colcon.colcon_core.shell:Skip shell extension 'dsv' for command environment
[23.142s] INFO:colcon.colcon_core.task.python.build:Building Python package in '/home/adela/TFM_AdelaJimenez/workspace/ros_ur_driver/src/data_logger'
[23.154s] INFO:colcon.colcon_core.shell:Skip shell extension 'powershell' for command environment: Not usable outside of PowerShell
[23.154s] DEBUG:colcon.colcon_core.shell:Skip shell extension 'dsv' for command environment
[24.669s] DEBUG:colcon.colcon_core.event_handler.log_command:Invoked command in '/home/adela/TFM_AdelaJimenez/build/ur_robot_driver' returned '0': AMENT_PREFIX_PATH=/home/adela/TFM_AdelaJimenez/install/ur_controllers:/home/adela/TFM_AdelaJimenez/install/ur_description:/home/adela/TFM_AdelaJimenez/install/ur_dashboard_msgs:${AMENT_PREFIX_PATH} CMAKE_PREFIX_PATH=/home/adela/TFM_AdelaJimenez/install/ur_controllers:/home/adela/TFM_AdelaJimenez/install/ur_description:/home/adela/TFM_AdelaJimenez/install/ur_dashboard_msgs:/home/adela/TFM_AdelaJimenez/workspace/ros_ur_driver/install/ur:/home/adela/TFM_AdelaJimenez/workspace/ros_ur_driver/install/ur_calibration:/home/adela/TFM_AdelaJimenez/workspace/ros_ur_driver/install/ur_robot_driver:/home/adela/TFM_AdelaJimenez/workspace/ros_ur_driver/install/ur_moveit_config:/home/adela/TFM_AdelaJimenez/workspace/ros_ur_driver/install/ur_bringup:/home/adela/TFM_AdelaJimenez/workspace/ros_ur_driver/install/ur_description:/home/adela/TFM_AdelaJimenez/workspace/ros_ur_driver/install/ur_controllers:/home/adela/TFM_AdelaJimenez/workspace/ros_ur_driver/install/ur_dashboard_msgs:/home/adela/TFM_MiguelLerinAlonso/workspace/ros_ur_driver/install/ur:/home/adela/TFM_MiguelLerinAlonso/workspace/ros_ur_driver/install/ur_calibration:/home/adela/TFM_MiguelLerinAlonso/workspace/ros_ur_driver/install/ur_robot_driver:/home/adela/TFM_MiguelLerinAlonso/workspace/ros_ur_driver/install/ur_moveit_config:/home/adela/TFM_MiguelLerinAlonso/workspace/ros_ur_driver/install/ur_bringup:/home/adela/TFM_MiguelLerinAlonso/workspace/ros_ur_driver/install/ur_description:/home/adela/TFM_MiguelLerinAlonso/workspace/ros_ur_driver/install/ur_controllers:/home/adela/TFM_MiguelLerinAlonso/workspace/ros_ur_driver/install/ur_dashboard_msgs:/home/adela/workspace/ros_ur_driver/install/ur:/home/adela/workspace/ros_ur_driver/install/ur_calibration:/home/adela/workspace/ros_ur_driver/install/ur_robot_driver:/home/adela/workspace/ros_ur_driver/install/ur_moveit_config:/home/adela/workspace/ros_ur_driver/install/ur_bringup:/home/adela/workspace/ros_ur_driver/install/ur_description:/home/adela/workspace/ros_ur_driver/install/ur_controllers:/home/adela/workspace/ros_ur_driver/install/ur_dashboard_msgs:/home/adela/TFM_AdelaJimenez/workspace/ros_ur_driver/install/trayectories:/home/adela/TFM_AdelaJimenez/workspace/ros_ur_driver/install/rutine_launcher:/home/adela/TFM_AdelaJimenez/workspace/ros_ur_driver/install/data_logger:/home/adela/TFM_AdelaJimenez/workspace/ros_ur_driver/install/build_platform:/home/adela/TFM_MiguelLerinAlonso/workspace/ros_ur_driver/install/trayectories:/home/adela/TFM_MiguelLerinAlonso/workspace/ros_ur_driver/install/rutine_launcher:/home/adela/TFM_MiguelLerinAlonso/workspace/ros_ur_driver/install/data_logger:/home/adela/TFM_MiguelLerinAlonso/workspace/ros_ur_driver/install/build_platform:/opt/ros/humble LD_LIBRARY_PATH=/home/adela/TFM_AdelaJimenez/install/ur_controllers/lib:/home/adela/TFM_AdelaJimenez/install/ur_dashboard_msgs/lib:${LD_LIBRARY_PATH} PYTHONPATH=/home/adela/TFM_AdelaJimenez/install/ur_dashboard_msgs/local/lib/python3.10/dist-packages:${PYTHONPATH} /usr/bin/cmake --build /home/adela/TFM_AdelaJimenez/build/ur_robot_driver -- -j2 -l2
[25.124s] DEBUG:colcon.colcon_core.event_handler.log_command:Invoking command in '/home/adela/TFM_AdelaJimenez/build/ur_robot_driver': AMENT_PREFIX_PATH=/home/adela/TFM_AdelaJimenez/install/ur_controllers:/home/adela/TFM_AdelaJimenez/install/ur_description:/home/adela/TFM_AdelaJimenez/install/ur_dashboard_msgs:${AMENT_PREFIX_PATH} CMAKE_PREFIX_PATH=/home/adela/TFM_AdelaJimenez/install/ur_controllers:/home/adela/TFM_AdelaJimenez/install/ur_description:/home/adela/TFM_AdelaJimenez/install/ur_dashboard_msgs:/home/adela/TFM_AdelaJimenez/workspace/ros_ur_driver/install/ur:/home/adela/TFM_AdelaJimenez/workspace/ros_ur_driver/install/ur_calibration:/home/adela/TFM_AdelaJimenez/workspace/ros_ur_driver/install/ur_robot_driver:/home/adela/TFM_AdelaJimenez/workspace/ros_ur_driver/install/ur_moveit_config:/home/adela/TFM_AdelaJimenez/workspace/ros_ur_driver/install/ur_bringup:/home/adela/TFM_AdelaJimenez/workspace/ros_ur_driver/install/ur_description:/home/adela/TFM_AdelaJimenez/workspace/ros_ur_driver/install/ur_controllers:/home/adela/TFM_AdelaJimenez/workspace/ros_ur_driver/install/ur_dashboard_msgs:/home/adela/TFM_MiguelLerinAlonso/workspace/ros_ur_driver/install/ur:/home/adela/TFM_MiguelLerinAlonso/workspace/ros_ur_driver/install/ur_calibration:/home/adela/TFM_MiguelLerinAlonso/workspace/ros_ur_driver/install/ur_robot_driver:/home/adela/TFM_MiguelLerinAlonso/workspace/ros_ur_driver/install/ur_moveit_config:/home/adela/TFM_MiguelLerinAlonso/workspace/ros_ur_driver/install/ur_bringup:/home/adela/TFM_MiguelLerinAlonso/workspace/ros_ur_driver/install/ur_description:/home/adela/TFM_MiguelLerinAlonso/workspace/ros_ur_driver/install/ur_controllers:/home/adela/TFM_MiguelLerinAlonso/workspace/ros_ur_driver/install/ur_dashboard_msgs:/home/adela/workspace/ros_ur_driver/install/ur:/home/adela/workspace/ros_ur_driver/install/ur_calibration:/home/adela/workspace/ros_ur_driver/install/ur_robot_driver:/home/adela/workspace/ros_ur_driver/install/ur_moveit_config:/home/adela/workspace/ros_ur_driver/install/ur_bringup:/home/adela/workspace/ros_ur_driver/install/ur_description:/home/adela/workspace/ros_ur_driver/install/ur_controllers:/home/adela/workspace/ros_ur_driver/install/ur_dashboard_msgs:/home/adela/TFM_AdelaJimenez/workspace/ros_ur_driver/install/trayectories:/home/adela/TFM_AdelaJimenez/workspace/ros_ur_driver/install/rutine_launcher:/home/adela/TFM_AdelaJimenez/workspace/ros_ur_driver/install/data_logger:/home/adela/TFM_AdelaJimenez/workspace/ros_ur_driver/install/build_platform:/home/adela/TFM_MiguelLerinAlonso/workspace/ros_ur_driver/install/trayectories:/home/adela/TFM_MiguelLerinAlonso/workspace/ros_ur_driver/install/rutine_launcher:/home/adela/TFM_MiguelLerinAlonso/workspace/ros_ur_driver/install/data_logger:/home/adela/TFM_MiguelLerinAlonso/workspace/ros_ur_driver/install/build_platform:/opt/ros/humble LD_LIBRARY_PATH=/home/adela/TFM_AdelaJimenez/install/ur_controllers/lib:/home/adela/TFM_AdelaJimenez/install/ur_dashboard_msgs/lib:${LD_LIBRARY_PATH} PYTHONPATH=/home/adela/TFM_AdelaJimenez/install/ur_dashboard_msgs/local/lib/python3.10/dist-packages:${PYTHONPATH} /usr/bin/cmake --install /home/adela/TFM_AdelaJimenez/build/ur_robot_driver
[25.757s] Level 1:colcon.colcon_core.environment:create_environment_scripts_only(ur_robot_driver)
[25.757s] Level 1:colcon.colcon_core.environment:checking '/home/adela/TFM_AdelaJimenez/install/ur_robot_driver' for CMake module files
[25.760s] DEBUG:colcon.colcon_core.event_handler.log_command:Invoked command in '/home/adela/TFM_AdelaJimenez/build/ur_robot_driver' returned '0': AMENT_PREFIX_PATH=/home/adela/TFM_AdelaJimenez/install/ur_controllers:/home/adela/TFM_AdelaJimenez/install/ur_description:/home/adela/TFM_AdelaJimenez/install/ur_dashboard_msgs:${AMENT_PREFIX_PATH} CMAKE_PREFIX_PATH=/home/adela/TFM_AdelaJimenez/install/ur_controllers:/home/adela/TFM_AdelaJimenez/install/ur_description:/home/adela/TFM_AdelaJimenez/install/ur_dashboard_msgs:/home/adela/TFM_AdelaJimenez/workspace/ros_ur_driver/install/ur:/home/adela/TFM_AdelaJimenez/workspace/ros_ur_driver/install/ur_calibration:/home/adela/TFM_AdelaJimenez/workspace/ros_ur_driver/install/ur_robot_driver:/home/adela/TFM_AdelaJimenez/workspace/ros_ur_driver/install/ur_moveit_config:/home/adela/TFM_AdelaJimenez/workspace/ros_ur_driver/install/ur_bringup:/home/adela/TFM_AdelaJimenez/workspace/ros_ur_driver/install/ur_description:/home/adela/TFM_AdelaJimenez/workspace/ros_ur_driver/install/ur_controllers:/home/adela/TFM_AdelaJimenez/workspace/ros_ur_driver/install/ur_dashboard_msgs:/home/adela/TFM_MiguelLerinAlonso/workspace/ros_ur_driver/install/ur:/home/adela/TFM_MiguelLerinAlonso/workspace/ros_ur_driver/install/ur_calibration:/home/adela/TFM_MiguelLerinAlonso/workspace/ros_ur_driver/install/ur_robot_driver:/home/adela/TFM_MiguelLerinAlonso/workspace/ros_ur_driver/install/ur_moveit_config:/home/adela/TFM_MiguelLerinAlonso/workspace/ros_ur_driver/install/ur_bringup:/home/adela/TFM_MiguelLerinAlonso/workspace/ros_ur_driver/install/ur_description:/home/adela/TFM_MiguelLerinAlonso/workspace/ros_ur_driver/install/ur_controllers:/home/adela/TFM_MiguelLerinAlonso/workspace/ros_ur_driver/install/ur_dashboard_msgs:/home/adela/workspace/ros_ur_driver/install/ur:/home/adela/workspace/ros_ur_driver/install/ur_calibration:/home/adela/workspace/ros_ur_driver/install/ur_robot_driver:/home/adela/workspace/ros_ur_driver/install/ur_moveit_config:/home/adela/workspace/ros_ur_driver/install/ur_bringup:/home/adela/workspace/ros_ur_driver/install/ur_description:/home/adela/workspace/ros_ur_driver/install/ur_controllers:/home/adela/workspace/ros_ur_driver/install/ur_dashboard_msgs:/home/adela/TFM_AdelaJimenez/workspace/ros_ur_driver/install/trayectories:/home/adela/TFM_AdelaJimenez/workspace/ros_ur_driver/install/rutine_launcher:/home/adela/TFM_AdelaJimenez/workspace/ros_ur_driver/install/data_logger:/home/adela/TFM_AdelaJimenez/workspace/ros_ur_driver/install/build_platform:/home/adela/TFM_MiguelLerinAlonso/workspace/ros_ur_driver/install/trayectories:/home/adela/TFM_MiguelLerinAlonso/workspace/ros_ur_driver/install/rutine_launcher:/home/adela/TFM_MiguelLerinAlonso/workspace/ros_ur_driver/install/data_logger:/home/adela/TFM_MiguelLerinAlonso/workspace/ros_ur_driver/install/build_platform:/opt/ros/humble LD_LIBRARY_PATH=/home/adela/TFM_AdelaJimenez/install/ur_controllers/lib:/home/adela/TFM_AdelaJimenez/install/ur_dashboard_msgs/lib:${LD_LIBRARY_PATH} PYTHONPATH=/home/adela/TFM_AdelaJimenez/install/ur_dashboard_msgs/local/lib/python3.10/dist-packages:${PYTHONPATH} /usr/bin/cmake --install /home/adela/TFM_AdelaJimenez/build/ur_robot_driver
[25.768s] Level 1:colcon.colcon_core.environment:checking '/home/adela/TFM_AdelaJimenez/install/ur_robot_driver' for CMake config files
[25.768s] Level 1:colcon.colcon_core.shell:create_environment_hook('ur_robot_driver', 'cmake_prefix_path')
[25.768s] INFO:colcon.colcon_core.shell:Creating environment hook '/home/adela/TFM_AdelaJimenez/install/ur_robot_driver/share/ur_robot_driver/hook/cmake_prefix_path.ps1'
[25.769s] INFO:colcon.colcon_core.shell:Creating environment descriptor '/home/adela/TFM_AdelaJimenez/install/ur_robot_driver/share/ur_robot_driver/hook/cmake_prefix_path.dsv'
[25.789s] INFO:colcon.colcon_core.shell:Creating environment hook '/home/adela/TFM_AdelaJimenez/install/ur_robot_driver/share/ur_robot_driver/hook/cmake_prefix_path.sh'
[25.790s] Level 1:colcon.colcon_core.environment:checking '/home/adela/TFM_AdelaJimenez/install/ur_robot_driver/lib'
[25.800s] Level 1:colcon.colcon_core.shell:create_environment_hook('ur_robot_driver', 'ld_library_path_lib')
[25.800s] INFO:colcon.colcon_core.shell:Creating environment hook '/home/adela/TFM_AdelaJimenez/install/ur_robot_driver/share/ur_robot_driver/hook/ld_library_path_lib.ps1'
[25.801s] INFO:colcon.colcon_core.shell:Creating environment descriptor '/home/adela/TFM_AdelaJimenez/install/ur_robot_driver/share/ur_robot_driver/hook/ld_library_path_lib.dsv'
[25.802s] INFO:colcon.colcon_core.shell:Creating environment hook '/home/adela/TFM_AdelaJimenez/install/ur_robot_driver/share/ur_robot_driver/hook/ld_library_path_lib.sh'
[25.811s] Level 1:colcon.colcon_core.environment:checking '/home/adela/TFM_AdelaJimenez/install/ur_robot_driver/bin'
[25.811s] Level 1:colcon.colcon_core.shell:create_environment_hook('ur_robot_driver', 'path')
[25.811s] INFO:colcon.colcon_core.shell:Creating environment hook '/home/adela/TFM_AdelaJimenez/install/ur_robot_driver/share/ur_robot_driver/hook/path.ps1'
[25.826s] INFO:colcon.colcon_core.shell:Creating environment descriptor '/home/adela/TFM_AdelaJimenez/install/ur_robot_driver/share/ur_robot_driver/hook/path.dsv'
[25.831s] INFO:colcon.colcon_core.shell:Creating environment hook '/home/adela/TFM_AdelaJimenez/install/ur_robot_driver/share/ur_robot_driver/hook/path.sh'
[25.842s] Level 1:colcon.colcon_core.environment:checking '/home/adela/TFM_AdelaJimenez/install/ur_robot_driver/lib/pkgconfig/ur_robot_driver.pc'
[25.842s] Level 1:colcon.colcon_core.environment:checking '/home/adela/TFM_AdelaJimenez/install/ur_robot_driver/lib/python3.10/site-packages'
[25.843s] Level 1:colcon.colcon_core.environment:checking '/home/adela/TFM_AdelaJimenez/install/ur_robot_driver/bin'
[25.843s] Level 1:colcon.colcon_core.shell:create_environment_hook('ur_robot_driver', 'pythonscriptspath')
[25.843s] INFO:colcon.colcon_core.shell:Creating environment hook '/home/adela/TFM_AdelaJimenez/install/ur_robot_driver/share/ur_robot_driver/hook/pythonscriptspath.ps1'
[25.870s] INFO:colcon.colcon_core.shell:Creating environment descriptor '/home/adela/TFM_AdelaJimenez/install/ur_robot_driver/share/ur_robot_driver/hook/pythonscriptspath.dsv'
[25.871s] INFO:colcon.colcon_core.shell:Creating environment hook '/home/adela/TFM_AdelaJimenez/install/ur_robot_driver/share/ur_robot_driver/hook/pythonscriptspath.sh'
[25.881s] INFO:colcon.colcon_core.shell:Creating package script '/home/adela/TFM_AdelaJimenez/install/ur_robot_driver/share/ur_robot_driver/package.ps1'
[25.882s] INFO:colcon.colcon_core.shell:Creating package descriptor '/home/adela/TFM_AdelaJimenez/install/ur_robot_driver/share/ur_robot_driver/package.dsv'
[25.899s] INFO:colcon.colcon_core.shell:Creating package script '/home/adela/TFM_AdelaJimenez/install/ur_robot_driver/share/ur_robot_driver/package.sh'
[25.900s] INFO:colcon.colcon_core.shell:Creating package script '/home/adela/TFM_AdelaJimenez/install/ur_robot_driver/share/ur_robot_driver/package.bash'
[25.911s] INFO:colcon.colcon_core.shell:Creating package script '/home/adela/TFM_AdelaJimenez/install/ur_robot_driver/share/ur_robot_driver/package.zsh'
[25.923s] Level 1:colcon.colcon_core.environment:create_file_with_runtime_dependencies(/home/adela/TFM_AdelaJimenez/install/ur_robot_driver/share/colcon-core/packages/ur_robot_driver)
[26.765s] Level 1:colcon.colcon_core.environment:create_environment_scripts_only(ur_robot_driver)
[26.766s] Level 1:colcon.colcon_core.environment:checking '/home/adela/TFM_AdelaJimenez/install/ur_robot_driver' for CMake module files
[26.767s] Level 1:colcon.colcon_core.environment:checking '/home/adela/TFM_AdelaJimenez/install/ur_robot_driver' for CMake config files
[26.767s] Level 1:colcon.colcon_core.shell:create_environment_hook('ur_robot_driver', 'cmake_prefix_path')
[26.767s] INFO:colcon.colcon_core.shell:Creating environment hook '/home/adela/TFM_AdelaJimenez/install/ur_robot_driver/share/ur_robot_driver/hook/cmake_prefix_path.ps1'
[26.779s] INFO:colcon.colcon_core.shell:Creating environment descriptor '/home/adela/TFM_AdelaJimenez/install/ur_robot_driver/share/ur_robot_driver/hook/cmake_prefix_path.dsv'
[26.779s] INFO:colcon.colcon_core.shell:Creating environment hook '/home/adela/TFM_AdelaJimenez/install/ur_robot_driver/share/ur_robot_driver/hook/cmake_prefix_path.sh'
[26.792s] Level 1:colcon.colcon_core.environment:checking '/home/adela/TFM_AdelaJimenez/install/ur_robot_driver/lib'
[26.792s] Level 1:colcon.colcon_core.shell:create_environment_hook('ur_robot_driver', 'ld_library_path_lib')
[26.792s] INFO:colcon.colcon_core.shell:Creating environment hook '/home/adela/TFM_AdelaJimenez/install/ur_robot_driver/share/ur_robot_driver/hook/ld_library_path_lib.ps1'
[26.793s] INFO:colcon.colcon_core.shell:Creating environment descriptor '/home/adela/TFM_AdelaJimenez/install/ur_robot_driver/share/ur_robot_driver/hook/ld_library_path_lib.dsv'
[26.818s] INFO:colcon.colcon_core.shell:Creating environment hook '/home/adela/TFM_AdelaJimenez/install/ur_robot_driver/share/ur_robot_driver/hook/ld_library_path_lib.sh'
[26.828s] Level 1:colcon.colcon_core.environment:checking '/home/adela/TFM_AdelaJimenez/install/ur_robot_driver/bin'
[26.828s] Level 1:colcon.colcon_core.shell:create_environment_hook('ur_robot_driver', 'path')
[26.828s] INFO:colcon.colcon_core.shell:Creating environment hook '/home/adela/TFM_AdelaJimenez/install/ur_robot_driver/share/ur_robot_driver/hook/path.ps1'
[26.829s] INFO:colcon.colcon_core.shell:Creating environment descriptor '/home/adela/TFM_AdelaJimenez/install/ur_robot_driver/share/ur_robot_driver/hook/path.dsv'
[26.830s] INFO:colcon.colcon_core.shell:Creating environment hook '/home/adela/TFM_AdelaJimenez/install/ur_robot_driver/share/ur_robot_driver/hook/path.sh'
[26.834s] Level 1:colcon.colcon_core.environment:checking '/home/adela/TFM_AdelaJimenez/install/ur_robot_driver/lib/pkgconfig/ur_robot_driver.pc'
[26.835s] Level 1:colcon.colcon_core.environment:checking '/home/adela/TFM_AdelaJimenez/install/ur_robot_driver/lib/python3.10/site-packages'
[26.850s] Level 1:colcon.colcon_core.environment:checking '/home/adela/TFM_AdelaJimenez/install/ur_robot_driver/bin'
[26.850s] Level 1:colcon.colcon_core.shell:create_environment_hook('ur_robot_driver', 'pythonscriptspath')
[26.851s] INFO:colcon.colcon_core.shell:Creating environment hook '/home/adela/TFM_AdelaJimenez/install/ur_robot_driver/share/ur_robot_driver/hook/pythonscriptspath.ps1'
[26.852s] INFO:colcon.colcon_core.shell:Creating environment descriptor '/home/adela/TFM_AdelaJimenez/install/ur_robot_driver/share/ur_robot_driver/hook/pythonscriptspath.dsv'
[26.871s] INFO:colcon.colcon_core.shell:Creating environment hook '/home/adela/TFM_AdelaJimenez/install/ur_robot_driver/share/ur_robot_driver/hook/pythonscriptspath.sh'
[26.882s] INFO:colcon.colcon_core.shell:Creating package script '/home/adela/TFM_AdelaJimenez/install/ur_robot_driver/share/ur_robot_driver/package.ps1'
[26.883s] INFO:colcon.colcon_core.shell:Creating package descriptor '/home/adela/TFM_AdelaJimenez/install/ur_robot_driver/share/ur_robot_driver/package.dsv'
[26.893s] INFO:colcon.colcon_core.shell:Creating package script '/home/adela/TFM_AdelaJimenez/install/ur_robot_driver/share/ur_robot_driver/package.sh'
[26.894s] INFO:colcon.colcon_core.shell:Creating package script '/home/adela/TFM_AdelaJimenez/install/ur_robot_driver/share/ur_robot_driver/package.bash'
[26.895s] INFO:colcon.colcon_core.shell:Creating package script '/home/adela/TFM_AdelaJimenez/install/ur_robot_driver/share/ur_robot_driver/package.zsh'
[26.910s] Level 1:colcon.colcon_core.environment:create_file_with_runtime_dependencies(/home/adela/TFM_AdelaJimenez/install/ur_robot_driver/share/colcon-core/packages/ur_robot_driver)
[26.913s] INFO:colcon.colcon_ros.task.ament_cmake.build:Building ROS package in '/home/adela/TFM_AdelaJimenez/workspace/ros_ur_driver/src/Universal_Robots_ROS2_Driver/ur_calibration' with build type 'ament_cmake'
[26.914s] INFO:colcon.colcon_cmake.task.cmake.build:Building CMake package in '/home/adela/TFM_AdelaJimenez/workspace/ros_ur_driver/src/Universal_Robots_ROS2_Driver/ur_calibration'
[26.914s] INFO:colcon.colcon_core.shell:Skip shell extension 'powershell' for command environment: Not usable outside of PowerShell
[26.915s] DEBUG:colcon.colcon_core.shell:Skip shell extension 'dsv' for command environment
[27.205s] DEBUG:colcon.colcon_core.event_handler.log_command:Invoking command in '/home/adela/TFM_AdelaJimenez/build/ur_calibration': AMENT_PREFIX_PATH=/home/adela/TFM_AdelaJimenez/install/ur_robot_driver:/home/adela/TFM_AdelaJimenez/install/ur_controllers:/home/adela/TFM_AdelaJimenez/install/ur_description:/home/adela/TFM_AdelaJimenez/install/ur_dashboard_msgs:${AMENT_PREFIX_PATH} CMAKE_PREFIX_PATH=/home/adela/TFM_AdelaJimenez/install/ur_robot_driver:/home/adela/TFM_AdelaJimenez/install/ur_controllers:/home/adela/TFM_AdelaJimenez/install/ur_description:/home/adela/TFM_AdelaJimenez/install/ur_dashboard_msgs:/home/adela/TFM_AdelaJimenez/workspace/ros_ur_driver/install/ur:/home/adela/TFM_AdelaJimenez/workspace/ros_ur_driver/install/ur_calibration:/home/adela/TFM_AdelaJimenez/workspace/ros_ur_driver/install/ur_robot_driver:/home/adela/TFM_AdelaJimenez/workspace/ros_ur_driver/install/ur_moveit_config:/home/adela/TFM_AdelaJimenez/workspace/ros_ur_driver/install/ur_bringup:/home/adela/TFM_AdelaJimenez/workspace/ros_ur_driver/install/ur_description:/home/adela/TFM_AdelaJimenez/workspace/ros_ur_driver/install/ur_controllers:/home/adela/TFM_AdelaJimenez/workspace/ros_ur_driver/install/ur_dashboard_msgs:/home/adela/TFM_MiguelLerinAlonso/workspace/ros_ur_driver/install/ur:/home/adela/TFM_MiguelLerinAlonso/workspace/ros_ur_driver/install/ur_calibration:/home/adela/TFM_MiguelLerinAlonso/workspace/ros_ur_driver/install/ur_robot_driver:/home/adela/TFM_MiguelLerinAlonso/workspace/ros_ur_driver/install/ur_moveit_config:/home/adela/TFM_MiguelLerinAlonso/workspace/ros_ur_driver/install/ur_bringup:/home/adela/TFM_MiguelLerinAlonso/workspace/ros_ur_driver/install/ur_description:/home/adela/TFM_MiguelLerinAlonso/workspace/ros_ur_driver/install/ur_controllers:/home/adela/TFM_MiguelLerinAlonso/workspace/ros_ur_driver/install/ur_dashboard_msgs:/home/adela/workspace/ros_ur_driver/install/ur:/home/adela/workspace/ros_ur_driver/install/ur_calibration:/home/adela/workspace/ros_ur_driver/install/ur_robot_driver:/home/adela/workspace/ros_ur_driver/install/ur_moveit_config:/home/adela/workspace/ros_ur_driver/install/ur_bringup:/home/adela/workspace/ros_ur_driver/install/ur_description:/home/adela/workspace/ros_ur_driver/install/ur_controllers:/home/adela/workspace/ros_ur_driver/install/ur_dashboard_msgs:/home/adela/TFM_AdelaJimenez/workspace/ros_ur_driver/install/trayectories:/home/adela/TFM_AdelaJimenez/workspace/ros_ur_driver/install/rutine_launcher:/home/adela/TFM_AdelaJimenez/workspace/ros_ur_driver/install/data_logger:/home/adela/TFM_AdelaJimenez/workspace/ros_ur_driver/install/build_platform:/home/adela/TFM_MiguelLerinAlonso/workspace/ros_ur_driver/install/trayectories:/home/adela/TFM_MiguelLerinAlonso/workspace/ros_ur_driver/install/rutine_launcher:/home/adela/TFM_MiguelLerinAlonso/workspace/ros_ur_driver/install/data_logger:/home/adela/TFM_MiguelLerinAlonso/workspace/ros_ur_driver/install/build_platform:/opt/ros/humble LD_LIBRARY_PATH=/home/adela/TFM_AdelaJimenez/install/ur_robot_driver/lib:/home/adela/TFM_AdelaJimenez/install/ur_controllers/lib:/home/adela/TFM_AdelaJimenez/install/ur_dashboard_msgs/lib:${LD_LIBRARY_PATH} PATH=/home/adela/TFM_AdelaJimenez/install/ur_robot_driver/bin:${PATH} PYTHONPATH=/home/adela/TFM_AdelaJimenez/install/ur_robot_driver/local/lib/python3.10/dist-packages:/home/adela/TFM_AdelaJimenez/install/ur_dashboard_msgs/local/lib/python3.10/dist-packages:${PYTHONPATH} /usr/bin/cmake --build /home/adela/TFM_AdelaJimenez/build/ur_calibration -- -j2 -l2
[28.179s] DEBUG:colcon.colcon_core.event_handler.log_command:Invoking command in '/home/adela/TFM_AdelaJimenez/workspace/ros_ur_driver/src/data_logger': PYTHONPATH=/home/adela/TFM_AdelaJimenez/build/data_logger/prefix_override:/home/adela/TFM_AdelaJimenez/install/data_logger/lib/python3.10/site-packages:${PYTHONPATH} /usr/bin/python3 -W ignore:setup.py install is deprecated setup.py egg_info --egg-base ../../../../build/data_logger build --build-base /home/adela/TFM_AdelaJimenez/build/data_logger/build install --record /home/adela/TFM_AdelaJimenez/build/data_logger/install.log --single-version-externally-managed install_data
[29.003s] DEBUG:colcon.colcon_core.event_handler.log_command:Invoked command in '/home/adela/TFM_AdelaJimenez/build/ur_calibration' returned '0': AMENT_PREFIX_PATH=/home/adela/TFM_AdelaJimenez/install/ur_robot_driver:/home/adela/TFM_AdelaJimenez/install/ur_controllers:/home/adela/TFM_AdelaJimenez/install/ur_description:/home/adela/TFM_AdelaJimenez/install/ur_dashboard_msgs:${AMENT_PREFIX_PATH} CMAKE_PREFIX_PATH=/home/adela/TFM_AdelaJimenez/install/ur_robot_driver:/home/adela/TFM_AdelaJimenez/install/ur_controllers:/home/adela/TFM_AdelaJimenez/install/ur_description:/home/adela/TFM_AdelaJimenez/install/ur_dashboard_msgs:/home/adela/TFM_AdelaJimenez/workspace/ros_ur_driver/install/ur:/home/adela/TFM_AdelaJimenez/workspace/ros_ur_driver/install/ur_calibration:/home/adela/TFM_AdelaJimenez/workspace/ros_ur_driver/install/ur_robot_driver:/home/adela/TFM_AdelaJimenez/workspace/ros_ur_driver/install/ur_moveit_config:/home/adela/TFM_AdelaJimenez/workspace/ros_ur_driver/install/ur_bringup:/home/adela/TFM_AdelaJimenez/workspace/ros_ur_driver/install/ur_description:/home/adela/TFM_AdelaJimenez/workspace/ros_ur_driver/install/ur_controllers:/home/adela/TFM_AdelaJimenez/workspace/ros_ur_driver/install/ur_dashboard_msgs:/home/adela/TFM_MiguelLerinAlonso/workspace/ros_ur_driver/install/ur:/home/adela/TFM_MiguelLerinAlonso/workspace/ros_ur_driver/install/ur_calibration:/home/adela/TFM_MiguelLerinAlonso/workspace/ros_ur_driver/install/ur_robot_driver:/home/adela/TFM_MiguelLerinAlonso/workspace/ros_ur_driver/install/ur_moveit_config:/home/adela/TFM_MiguelLerinAlonso/workspace/ros_ur_driver/install/ur_bringup:/home/adela/TFM_MiguelLerinAlonso/workspace/ros_ur_driver/install/ur_description:/home/adela/TFM_MiguelLerinAlonso/workspace/ros_ur_driver/install/ur_controllers:/home/adela/TFM_MiguelLerinAlonso/workspace/ros_ur_driver/install/ur_dashboard_msgs:/home/adela/workspace/ros_ur_driver/install/ur:/home/adela/workspace/ros_ur_driver/install/ur_calibration:/home/adela/workspace/ros_ur_driver/install/ur_robot_driver:/home/adela/workspace/ros_ur_driver/install/ur_moveit_config:/home/adela/workspace/ros_ur_driver/install/ur_bringup:/home/adela/workspace/ros_ur_driver/install/ur_description:/home/adela/workspace/ros_ur_driver/install/ur_controllers:/home/adela/workspace/ros_ur_driver/install/ur_dashboard_msgs:/home/adela/TFM_AdelaJimenez/workspace/ros_ur_driver/install/trayectories:/home/adela/TFM_AdelaJimenez/workspace/ros_ur_driver/install/rutine_launcher:/home/adela/TFM_AdelaJimenez/workspace/ros_ur_driver/install/data_logger:/home/adela/TFM_AdelaJimenez/workspace/ros_ur_driver/install/build_platform:/home/adela/TFM_MiguelLerinAlonso/workspace/ros_ur_driver/install/trayectories:/home/adela/TFM_MiguelLerinAlonso/workspace/ros_ur_driver/install/rutine_launcher:/home/adela/TFM_MiguelLerinAlonso/workspace/ros_ur_driver/install/data_logger:/home/adela/TFM_MiguelLerinAlonso/workspace/ros_ur_driver/install/build_platform:/opt/ros/humble LD_LIBRARY_PATH=/home/adela/TFM_AdelaJimenez/install/ur_robot_driver/lib:/home/adela/TFM_AdelaJimenez/install/ur_controllers/lib:/home/adela/TFM_AdelaJimenez/install/ur_dashboard_msgs/lib:${LD_LIBRARY_PATH} PATH=/home/adela/TFM_AdelaJimenez/install/ur_robot_driver/bin:${PATH} PYTHONPATH=/home/adela/TFM_AdelaJimenez/install/ur_robot_driver/local/lib/python3.10/dist-packages:/home/adela/TFM_AdelaJimenez/install/ur_dashboard_msgs/local/lib/python3.10/dist-packages:${PYTHONPATH} /usr/bin/cmake --build /home/adela/TFM_AdelaJimenez/build/ur_calibration -- -j2 -l2
[29.482s] DEBUG:colcon.colcon_core.event_handler.log_command:Invoking command in '/home/adela/TFM_AdelaJimenez/build/ur_calibration': AMENT_PREFIX_PATH=/home/adela/TFM_AdelaJimenez/install/ur_robot_driver:/home/adela/TFM_AdelaJimenez/install/ur_controllers:/home/adela/TFM_AdelaJimenez/install/ur_description:/home/adela/TFM_AdelaJimenez/install/ur_dashboard_msgs:${AMENT_PREFIX_PATH} CMAKE_PREFIX_PATH=/home/adela/TFM_AdelaJimenez/install/ur_robot_driver:/home/adela/TFM_AdelaJimenez/install/ur_controllers:/home/adela/TFM_AdelaJimenez/install/ur_description:/home/adela/TFM_AdelaJimenez/install/ur_dashboard_msgs:/home/adela/TFM_AdelaJimenez/workspace/ros_ur_driver/install/ur:/home/adela/TFM_AdelaJimenez/workspace/ros_ur_driver/install/ur_calibration:/home/adela/TFM_AdelaJimenez/workspace/ros_ur_driver/install/ur_robot_driver:/home/adela/TFM_AdelaJimenez/workspace/ros_ur_driver/install/ur_moveit_config:/home/adela/TFM_AdelaJimenez/workspace/ros_ur_driver/install/ur_bringup:/home/adela/TFM_AdelaJimenez/workspace/ros_ur_driver/install/ur_description:/home/adela/TFM_AdelaJimenez/workspace/ros_ur_driver/install/ur_controllers:/home/adela/TFM_AdelaJimenez/workspace/ros_ur_driver/install/ur_dashboard_msgs:/home/adela/TFM_MiguelLerinAlonso/workspace/ros_ur_driver/install/ur:/home/adela/TFM_MiguelLerinAlonso/workspace/ros_ur_driver/install/ur_calibration:/home/adela/TFM_MiguelLerinAlonso/workspace/ros_ur_driver/install/ur_robot_driver:/home/adela/TFM_MiguelLerinAlonso/workspace/ros_ur_driver/install/ur_moveit_config:/home/adela/TFM_MiguelLerinAlonso/workspace/ros_ur_driver/install/ur_bringup:/home/adela/TFM_MiguelLerinAlonso/workspace/ros_ur_driver/install/ur_description:/home/adela/TFM_MiguelLerinAlonso/workspace/ros_ur_driver/install/ur_controllers:/home/adela/TFM_MiguelLerinAlonso/workspace/ros_ur_driver/install/ur_dashboard_msgs:/home/adela/workspace/ros_ur_driver/install/ur:/home/adela/workspace/ros_ur_driver/install/ur_calibration:/home/adela/workspace/ros_ur_driver/install/ur_robot_driver:/home/adela/workspace/ros_ur_driver/install/ur_moveit_config:/home/adela/workspace/ros_ur_driver/install/ur_bringup:/home/adela/workspace/ros_ur_driver/install/ur_description:/home/adela/workspace/ros_ur_driver/install/ur_controllers:/home/adela/workspace/ros_ur_driver/install/ur_dashboard_msgs:/home/adela/TFM_AdelaJimenez/workspace/ros_ur_driver/install/trayectories:/home/adela/TFM_AdelaJimenez/workspace/ros_ur_driver/install/rutine_launcher:/home/adela/TFM_AdelaJimenez/workspace/ros_ur_driver/install/data_logger:/home/adela/TFM_AdelaJimenez/workspace/ros_ur_driver/install/build_platform:/home/adela/TFM_MiguelLerinAlonso/workspace/ros_ur_driver/install/trayectories:/home/adela/TFM_MiguelLerinAlonso/workspace/ros_ur_driver/install/rutine_launcher:/home/adela/TFM_MiguelLerinAlonso/workspace/ros_ur_driver/install/data_logger:/home/adela/TFM_MiguelLerinAlonso/workspace/ros_ur_driver/install/build_platform:/opt/ros/humble LD_LIBRARY_PATH=/home/adela/TFM_AdelaJimenez/install/ur_robot_driver/lib:/home/adela/TFM_AdelaJimenez/install/ur_controllers/lib:/home/adela/TFM_AdelaJimenez/install/ur_dashboard_msgs/lib:${LD_LIBRARY_PATH} PATH=/home/adela/TFM_AdelaJimenez/install/ur_robot_driver/bin:${PATH} PYTHONPATH=/home/adela/TFM_AdelaJimenez/install/ur_robot_driver/local/lib/python3.10/dist-packages:/home/adela/TFM_AdelaJimenez/install/ur_dashboard_msgs/local/lib/python3.10/dist-packages:${PYTHONPATH} /usr/bin/cmake --install /home/adela/TFM_AdelaJimenez/build/ur_calibration
[29.657s] Level 1:colcon.colcon_core.environment:create_environment_scripts_only(ur_calibration)
[29.658s] Level 1:colcon.colcon_core.environment:checking '/home/adela/TFM_AdelaJimenez/install/ur_calibration' for CMake module files
[29.658s] Level 1:colcon.colcon_core.environment:checking '/home/adela/TFM_AdelaJimenez/install/ur_calibration' for CMake config files
[29.659s] Level 1:colcon.colcon_core.shell:create_environment_hook('ur_calibration', 'cmake_prefix_path')
[29.667s] INFO:colcon.colcon_core.shell:Creating environment hook '/home/adela/TFM_AdelaJimenez/install/ur_calibration/share/ur_calibration/hook/cmake_prefix_path.ps1'
[29.667s] INFO:colcon.colcon_core.shell:Creating environment descriptor '/home/adela/TFM_AdelaJimenez/install/ur_calibration/share/ur_calibration/hook/cmake_prefix_path.dsv'
[29.682s] DEBUG:colcon.colcon_core.event_handler.log_command:Invoked command in '/home/adela/TFM_AdelaJimenez/build/ur_calibration' returned '0': AMENT_PREFIX_PATH=/home/adela/TFM_AdelaJimenez/install/ur_robot_driver:/home/adela/TFM_AdelaJimenez/install/ur_controllers:/home/adela/TFM_AdelaJimenez/install/ur_description:/home/adela/TFM_AdelaJimenez/install/ur_dashboard_msgs:${AMENT_PREFIX_PATH} CMAKE_PREFIX_PATH=/home/adela/TFM_AdelaJimenez/install/ur_robot_driver:/home/adela/TFM_AdelaJimenez/install/ur_controllers:/home/adela/TFM_AdelaJimenez/install/ur_description:/home/adela/TFM_AdelaJimenez/install/ur_dashboard_msgs:/home/adela/TFM_AdelaJimenez/workspace/ros_ur_driver/install/ur:/home/adela/TFM_AdelaJimenez/workspace/ros_ur_driver/install/ur_calibration:/home/adela/TFM_AdelaJimenez/workspace/ros_ur_driver/install/ur_robot_driver:/home/adela/TFM_AdelaJimenez/workspace/ros_ur_driver/install/ur_moveit_config:/home/adela/TFM_AdelaJimenez/workspace/ros_ur_driver/install/ur_bringup:/home/adela/TFM_AdelaJimenez/workspace/ros_ur_driver/install/ur_description:/home/adela/TFM_AdelaJimenez/workspace/ros_ur_driver/install/ur_controllers:/home/adela/TFM_AdelaJimenez/workspace/ros_ur_driver/install/ur_dashboard_msgs:/home/adela/TFM_MiguelLerinAlonso/workspace/ros_ur_driver/install/ur:/home/adela/TFM_MiguelLerinAlonso/workspace/ros_ur_driver/install/ur_calibration:/home/adela/TFM_MiguelLerinAlonso/workspace/ros_ur_driver/install/ur_robot_driver:/home/adela/TFM_MiguelLerinAlonso/workspace/ros_ur_driver/install/ur_moveit_config:/home/adela/TFM_MiguelLerinAlonso/workspace/ros_ur_driver/install/ur_bringup:/home/adela/TFM_MiguelLerinAlonso/workspace/ros_ur_driver/install/ur_description:/home/adela/TFM_MiguelLerinAlonso/workspace/ros_ur_driver/install/ur_controllers:/home/adela/TFM_MiguelLerinAlonso/workspace/ros_ur_driver/install/ur_dashboard_msgs:/home/adela/workspace/ros_ur_driver/install/ur:/home/adela/workspace/ros_ur_driver/install/ur_calibration:/home/adela/workspace/ros_ur_driver/install/ur_robot_driver:/home/adela/workspace/ros_ur_driver/install/ur_moveit_config:/home/adela/workspace/ros_ur_driver/install/ur_bringup:/home/adela/workspace/ros_ur_driver/install/ur_description:/home/adela/workspace/ros_ur_driver/install/ur_controllers:/home/adela/workspace/ros_ur_driver/install/ur_dashboard_msgs:/home/adela/TFM_AdelaJimenez/workspace/ros_ur_driver/install/trayectories:/home/adela/TFM_AdelaJimenez/workspace/ros_ur_driver/install/rutine_launcher:/home/adela/TFM_AdelaJimenez/workspace/ros_ur_driver/install/data_logger:/home/adela/TFM_AdelaJimenez/workspace/ros_ur_driver/install/build_platform:/home/adela/TFM_MiguelLerinAlonso/workspace/ros_ur_driver/install/trayectories:/home/adela/TFM_MiguelLerinAlonso/workspace/ros_ur_driver/install/rutine_launcher:/home/adela/TFM_MiguelLerinAlonso/workspace/ros_ur_driver/install/data_logger:/home/adela/TFM_MiguelLerinAlonso/workspace/ros_ur_driver/install/build_platform:/opt/ros/humble LD_LIBRARY_PATH=/home/adela/TFM_AdelaJimenez/install/ur_robot_driver/lib:/home/adela/TFM_AdelaJimenez/install/ur_controllers/lib:/home/adela/TFM_AdelaJimenez/install/ur_dashboard_msgs/lib:${LD_LIBRARY_PATH} PATH=/home/adela/TFM_AdelaJimenez/install/ur_robot_driver/bin:${PATH} PYTHONPATH=/home/adela/TFM_AdelaJimenez/install/ur_robot_driver/local/lib/python3.10/dist-packages:/home/adela/TFM_AdelaJimenez/install/ur_dashboard_msgs/local/lib/python3.10/dist-packages:${PYTHONPATH} /usr/bin/cmake --install /home/adela/TFM_AdelaJimenez/build/ur_calibration
[29.685s] INFO:colcon.colcon_core.shell:Creating environment hook '/home/adela/TFM_AdelaJimenez/install/ur_calibration/share/ur_calibration/hook/cmake_prefix_path.sh'
[29.693s] Level 1:colcon.colcon_core.environment:checking '/home/adela/TFM_AdelaJimenez/install/ur_calibration/lib'
[29.693s] Level 1:colcon.colcon_core.environment:checking '/home/adela/TFM_AdelaJimenez/install/ur_calibration/bin'
[29.694s] Level 1:colcon.colcon_core.environment:checking '/home/adela/TFM_AdelaJimenez/install/ur_calibration/lib/pkgconfig/ur_calibration.pc'
[29.701s] Level 1:colcon.colcon_core.environment:checking '/home/adela/TFM_AdelaJimenez/install/ur_calibration/lib/python3.10/site-packages'
[29.702s] Level 1:colcon.colcon_core.environment:checking '/home/adela/TFM_AdelaJimenez/install/ur_calibration/bin'
[29.702s] INFO:colcon.colcon_core.shell:Creating package script '/home/adela/TFM_AdelaJimenez/install/ur_calibration/share/ur_calibration/package.ps1'
[29.716s] INFO:colcon.colcon_core.shell:Creating package descriptor '/home/adela/TFM_AdelaJimenez/install/ur_calibration/share/ur_calibration/package.dsv'
[29.717s] INFO:colcon.colcon_core.shell:Creating package script '/home/adela/TFM_AdelaJimenez/install/ur_calibration/share/ur_calibration/package.sh'
[29.718s] INFO:colcon.colcon_core.shell:Creating package script '/home/adela/TFM_AdelaJimenez/install/ur_calibration/share/ur_calibration/package.bash'
[29.733s] INFO:colcon.colcon_core.shell:Creating package script '/home/adela/TFM_AdelaJimenez/install/ur_calibration/share/ur_calibration/package.zsh'
[29.733s] Level 1:colcon.colcon_core.environment:create_file_with_runtime_dependencies(/home/adela/TFM_AdelaJimenez/install/ur_calibration/share/colcon-core/packages/ur_calibration)
[30.261s] Level 1:colcon.colcon_core.environment:create_environment_scripts_only(ur_calibration)
[30.262s] Level 1:colcon.colcon_core.environment:checking '/home/adela/TFM_AdelaJimenez/install/ur_calibration' for CMake module files
[30.270s] Level 1:colcon.colcon_core.environment:checking '/home/adela/TFM_AdelaJimenez/install/ur_calibration' for CMake config files
[30.282s] Level 1:colcon.colcon_core.shell:create_environment_hook('ur_calibration', 'cmake_prefix_path')
[30.284s] INFO:colcon.colcon_core.shell:Creating environment hook '/home/adela/TFM_AdelaJimenez/install/ur_calibration/share/ur_calibration/hook/cmake_prefix_path.ps1'
[30.285s] INFO:colcon.colcon_core.shell:Creating environment descriptor '/home/adela/TFM_AdelaJimenez/install/ur_calibration/share/ur_calibration/hook/cmake_prefix_path.dsv'
[30.298s] INFO:colcon.colcon_core.shell:Creating environment hook '/home/adela/TFM_AdelaJimenez/install/ur_calibration/share/ur_calibration/hook/cmake_prefix_path.sh'
[30.299s] Level 1:colcon.colcon_core.environment:checking '/home/adela/TFM_AdelaJimenez/install/ur_calibration/lib'
[30.300s] Level 1:colcon.colcon_core.environment:checking '/home/adela/TFM_AdelaJimenez/install/ur_calibration/bin'
[30.300s] Level 1:colcon.colcon_core.environment:checking '/home/adela/TFM_AdelaJimenez/install/ur_calibration/lib/pkgconfig/ur_calibration.pc'
[30.301s] Level 1:colcon.colcon_core.environment:checking '/home/adela/TFM_AdelaJimenez/install/ur_calibration/lib/python3.10/site-packages'
[30.301s] Level 1:colcon.colcon_core.environment:checking '/home/adela/TFM_AdelaJimenez/install/ur_calibration/bin'
[30.302s] INFO:colcon.colcon_core.shell:Creating package script '/home/adela/TFM_AdelaJimenez/install/ur_calibration/share/ur_calibration/package.ps1'
[30.306s] INFO:colcon.colcon_core.shell:Creating package descriptor '/home/adela/TFM_AdelaJimenez/install/ur_calibration/share/ur_calibration/package.dsv'
[30.313s] INFO:colcon.colcon_core.shell:Creating package script '/home/adela/TFM_AdelaJimenez/install/ur_calibration/share/ur_calibration/package.sh'
[30.315s] INFO:colcon.colcon_core.shell:Creating package script '/home/adela/TFM_AdelaJimenez/install/ur_calibration/share/ur_calibration/package.bash'
[30.330s] INFO:colcon.colcon_core.shell:Creating package script '/home/adela/TFM_AdelaJimenez/install/ur_calibration/share/ur_calibration/package.zsh'
[30.331s] Level 1:colcon.colcon_core.environment:create_file_with_runtime_dependencies(/home/adela/TFM_AdelaJimenez/install/ur_calibration/share/colcon-core/packages/ur_calibration)
[30.347s] INFO:colcon.colcon_ros.task.ament_python.build:Building ROS package in '/home/adela/TFM_AdelaJimenez/workspace/ros_ur_driver/src/rutine_launcher' with build type 'ament_python'
[30.348s] Level 1:colcon.colcon_core.shell:create_environment_hook('rutine_launcher', 'ament_prefix_path')
[30.348s] INFO:colcon.colcon_core.shell:Creating environment hook '/home/adela/TFM_AdelaJimenez/install/rutine_launcher/share/rutine_launcher/hook/ament_prefix_path.ps1'
[30.359s] INFO:colcon.colcon_core.shell:Creating environment descriptor '/home/adela/TFM_AdelaJimenez/install/rutine_launcher/share/rutine_launcher/hook/ament_prefix_path.dsv'
[30.363s] INFO:colcon.colcon_core.shell:Creating environment hook '/home/adela/TFM_AdelaJimenez/install/rutine_launcher/share/rutine_launcher/hook/ament_prefix_path.sh'
[30.364s] INFO:colcon.colcon_core.shell:Skip shell extension 'powershell' for command environment: Not usable outside of PowerShell
[30.364s] DEBUG:colcon.colcon_core.shell:Skip shell extension 'dsv' for command environment
[33.601s] INFO:colcon.colcon_core.task.python.build:Building Python package in '/home/adela/TFM_AdelaJimenez/workspace/ros_ur_driver/src/rutine_launcher'
[33.602s] INFO:colcon.colcon_core.shell:Skip shell extension 'powershell' for command environment: Not usable outside of PowerShell
[33.602s] DEBUG:colcon.colcon_core.shell:Skip shell extension 'dsv' for command environment
[33.696s] Level 1:colcon.colcon_core.environment:checking '/home/adela/TFM_AdelaJimenez/install/data_logger' for CMake module files
[33.699s] Level 1:colcon.colcon_core.environment:checking '/home/adela/TFM_AdelaJimenez/install/data_logger' for CMake config files
[33.700s] Level 1:colcon.colcon_core.environment:checking '/home/adela/TFM_AdelaJimenez/install/data_logger/lib'
[33.697s] DEBUG:colcon.colcon_core.event_handler.log_command:Invoked command in '/home/adela/TFM_AdelaJimenez/workspace/ros_ur_driver/src/data_logger' returned '0': PYTHONPATH=/home/adela/TFM_AdelaJimenez/build/data_logger/prefix_override:/home/adela/TFM_AdelaJimenez/install/data_logger/lib/python3.10/site-packages:${PYTHONPATH} /usr/bin/python3 -W ignore:setup.py install is deprecated setup.py egg_info --egg-base ../../../../build/data_logger build --build-base /home/adela/TFM_AdelaJimenez/build/data_logger/build install --record /home/adela/TFM_AdelaJimenez/build/data_logger/install.log --single-version-externally-managed install_data
[33.717s] Level 1:colcon.colcon_core.environment:checking '/home/adela/TFM_AdelaJimenez/install/data_logger/bin'
[33.717s] Level 1:colcon.colcon_core.environment:checking '/home/adela/TFM_AdelaJimenez/install/data_logger/lib/pkgconfig/data_logger.pc'
[33.718s] Level 1:colcon.colcon_core.environment:checking '/home/adela/TFM_AdelaJimenez/install/data_logger/lib/python3.10/site-packages'
[33.718s] Level 1:colcon.colcon_core.shell:create_environment_hook('data_logger', 'pythonpath')
[33.718s] INFO:colcon.colcon_core.shell:Creating environment hook '/home/adela/TFM_AdelaJimenez/install/data_logger/share/data_logger/hook/pythonpath.ps1'
[33.719s] INFO:colcon.colcon_core.shell:Creating environment descriptor '/home/adela/TFM_AdelaJimenez/install/data_logger/share/data_logger/hook/pythonpath.dsv'
[33.721s] INFO:colcon.colcon_core.shell:Creating environment hook '/home/adela/TFM_AdelaJimenez/install/data_logger/share/data_logger/hook/pythonpath.sh'
[33.730s] Level 1:colcon.colcon_core.environment:checking '/home/adela/TFM_AdelaJimenez/install/data_logger/bin'
[33.730s] Level 1:colcon.colcon_core.environment:create_environment_scripts_only(data_logger)
[33.746s] INFO:colcon.colcon_core.shell:Creating package script '/home/adela/TFM_AdelaJimenez/install/data_logger/share/data_logger/package.ps1'
[33.747s] INFO:colcon.colcon_core.shell:Creating package descriptor '/home/adela/TFM_AdelaJimenez/install/data_logger/share/data_logger/package.dsv'
[33.758s] INFO:colcon.colcon_core.shell:Creating package script '/home/adela/TFM_AdelaJimenez/install/data_logger/share/data_logger/package.sh'
[33.764s] INFO:colcon.colcon_core.shell:Creating package script '/home/adela/TFM_AdelaJimenez/install/data_logger/share/data_logger/package.bash'
[33.780s] INFO:colcon.colcon_core.shell:Creating package script '/home/adela/TFM_AdelaJimenez/install/data_logger/share/data_logger/package.zsh'
[33.781s] Level 1:colcon.colcon_core.environment:create_file_with_runtime_dependencies(/home/adela/TFM_AdelaJimenez/install/data_logger/share/colcon-core/packages/data_logger)
[33.790s] INFO:colcon.colcon_ros.task.ament_python.build:Building ROS package in '/home/adela/TFM_AdelaJimenez/workspace/ros_ur_driver/src/trayectories' with build type 'ament_python'
[33.790s] Level 1:colcon.colcon_core.shell:create_environment_hook('trayectories', 'ament_prefix_path')
[33.791s] INFO:colcon.colcon_core.shell:Creating environment hook '/home/adela/TFM_AdelaJimenez/install/trayectories/share/trayectories/hook/ament_prefix_path.ps1'
[33.802s] INFO:colcon.colcon_core.shell:Creating environment descriptor '/home/adela/TFM_AdelaJimenez/install/trayectories/share/trayectories/hook/ament_prefix_path.dsv'
[33.809s] INFO:colcon.colcon_core.shell:Creating environment hook '/home/adela/TFM_AdelaJimenez/install/trayectories/share/trayectories/hook/ament_prefix_path.sh'
[33.817s] INFO:colcon.colcon_core.shell:Skip shell extension 'powershell' for command environment: Not usable outside of PowerShell
[33.820s] DEBUG:colcon.colcon_core.shell:Skip shell extension 'dsv' for command environment
[37.699s] INFO:colcon.colcon_core.task.python.build:Building Python package in '/home/adela/TFM_AdelaJimenez/workspace/ros_ur_driver/src/trayectories'
[37.708s] INFO:colcon.colcon_core.shell:Skip shell extension 'powershell' for command environment: Not usable outside of PowerShell
[37.711s] DEBUG:colcon.colcon_core.shell:Skip shell extension 'dsv' for command environment
[38.806s] DEBUG:colcon.colcon_core.event_handler.log_command:Invoking command in '/home/adela/TFM_AdelaJimenez/workspace/ros_ur_driver/src/rutine_launcher': PYTHONPATH=/home/adela/TFM_AdelaJimenez/build/rutine_launcher/prefix_override:/home/adela/TFM_AdelaJimenez/install/rutine_launcher/lib/python3.10/site-packages:${PYTHONPATH} /usr/bin/python3 -W ignore:setup.py install is deprecated setup.py egg_info --egg-base ../../../../build/rutine_launcher build --build-base /home/adela/TFM_AdelaJimenez/build/rutine_launcher/build install --record /home/adela/TFM_AdelaJimenez/build/rutine_launcher/install.log --single-version-externally-managed install_data
[42.630s] Level 1:colcon.colcon_core.environment:checking '/home/adela/TFM_AdelaJimenez/install/rutine_launcher' for CMake module files
[42.631s] DEBUG:colcon.colcon_core.event_handler.log_command:Invoked command in '/home/adela/TFM_AdelaJimenez/workspace/ros_ur_driver/src/rutine_launcher' returned '0': PYTHONPATH=/home/adela/TFM_AdelaJimenez/build/rutine_launcher/prefix_override:/home/adela/TFM_AdelaJimenez/install/rutine_launcher/lib/python3.10/site-packages:${PYTHONPATH} /usr/bin/python3 -W ignore:setup.py install is deprecated setup.py egg_info --egg-base ../../../../build/rutine_launcher build --build-base /home/adela/TFM_AdelaJimenez/build/rutine_launcher/build install --record /home/adela/TFM_AdelaJimenez/build/rutine_launcher/install.log --single-version-externally-managed install_data
[42.665s] Level 1:colcon.colcon_core.environment:checking '/home/adela/TFM_AdelaJimenez/install/rutine_launcher' for CMake config files
[42.666s] Level 1:colcon.colcon_core.environment:checking '/home/adela/TFM_AdelaJimenez/install/rutine_launcher/lib'
[42.666s] Level 1:colcon.colcon_core.environment:checking '/home/adela/TFM_AdelaJimenez/install/rutine_launcher/bin'
[42.666s] Level 1:colcon.colcon_core.environment:checking '/home/adela/TFM_AdelaJimenez/install/rutine_launcher/lib/pkgconfig/rutine_launcher.pc'
[42.666s] Level 1:colcon.colcon_core.environment:checking '/home/adela/TFM_AdelaJimenez/install/rutine_launcher/lib/python3.10/site-packages'
[42.667s] Level 1:colcon.colcon_core.shell:create_environment_hook('rutine_launcher', 'pythonpath')
[42.667s] INFO:colcon.colcon_core.shell:Creating environment hook '/home/adela/TFM_AdelaJimenez/install/rutine_launcher/share/rutine_launcher/hook/pythonpath.ps1'
[42.677s] INFO:colcon.colcon_core.shell:Creating environment descriptor '/home/adela/TFM_AdelaJimenez/install/rutine_launcher/share/rutine_launcher/hook/pythonpath.dsv'
[42.683s] INFO:colcon.colcon_core.shell:Creating environment hook '/home/adela/TFM_AdelaJimenez/install/rutine_launcher/share/rutine_launcher/hook/pythonpath.sh'
[42.703s] Level 1:colcon.colcon_core.environment:checking '/home/adela/TFM_AdelaJimenez/install/rutine_launcher/bin'
[42.703s] Level 1:colcon.colcon_core.environment:create_environment_scripts_only(rutine_launcher)
[42.704s] INFO:colcon.colcon_core.shell:Creating package script '/home/adela/TFM_AdelaJimenez/install/rutine_launcher/share/rutine_launcher/package.ps1'
[42.704s] INFO:colcon.colcon_core.shell:Creating package descriptor '/home/adela/TFM_AdelaJimenez/install/rutine_launcher/share/rutine_launcher/package.dsv'
[42.733s] INFO:colcon.colcon_core.shell:Creating package script '/home/adela/TFM_AdelaJimenez/install/rutine_launcher/share/rutine_launcher/package.sh'
[42.734s] INFO:colcon.colcon_core.shell:Creating package script '/home/adela/TFM_AdelaJimenez/install/rutine_launcher/share/rutine_launcher/package.bash'
[42.745s] INFO:colcon.colcon_core.shell:Creating package script '/home/adela/TFM_AdelaJimenez/install/rutine_launcher/share/rutine_launcher/package.zsh'
[42.745s] Level 1:colcon.colcon_core.environment:create_file_with_runtime_dependencies(/home/adela/TFM_AdelaJimenez/install/rutine_launcher/share/colcon-core/packages/rutine_launcher)
[42.749s] INFO:colcon.colcon_ros.task.ament_cmake.build:Building ROS package in '/home/adela/TFM_AdelaJimenez/workspace/ros_ur_driver/src/Universal_Robots_ROS2_Driver/ur_bringup' with build type 'ament_cmake'
[42.750s] INFO:colcon.colcon_cmake.task.cmake.build:Building CMake package in '/home/adela/TFM_AdelaJimenez/workspace/ros_ur_driver/src/Universal_Robots_ROS2_Driver/ur_bringup'
[42.752s] INFO:colcon.colcon_core.shell:Skip shell extension 'powershell' for command environment: Not usable outside of PowerShell
[42.752s] DEBUG:colcon.colcon_core.shell:Skip shell extension 'dsv' for command environment
[42.852s] DEBUG:colcon.colcon_core.event_handler.log_command:Invoking command in '/home/adela/TFM_AdelaJimenez/workspace/ros_ur_driver/src/trayectories': PYTHONPATH=/home/adela/TFM_AdelaJimenez/build/trayectories/prefix_override:/home/adela/TFM_AdelaJimenez/install/trayectories/lib/python3.10/site-packages:${PYTHONPATH} /usr/bin/python3 -W ignore:setup.py install is deprecated setup.py egg_info --egg-base ../../../../build/trayectories build --build-base /home/adela/TFM_AdelaJimenez/build/trayectories/build install --record /home/adela/TFM_AdelaJimenez/build/trayectories/install.log --single-version-externally-managed install_data
[42.982s] DEBUG:colcon.colcon_core.event_handler.log_command:Invoking command in '/home/adela/TFM_AdelaJimenez/build/ur_bringup': AMENT_PREFIX_PATH=/home/adela/TFM_AdelaJimenez/install/ur_controllers:/home/adela/TFM_AdelaJimenez/install/ur_description:/home/adela/TFM_AdelaJimenez/install/ur_dashboard_msgs:${AMENT_PREFIX_PATH} CMAKE_PREFIX_PATH=/home/adela/TFM_AdelaJimenez/install/ur_controllers:/home/adela/TFM_AdelaJimenez/install/ur_description:/home/adela/TFM_AdelaJimenez/install/ur_dashboard_msgs:/home/adela/TFM_AdelaJimenez/workspace/ros_ur_driver/install/ur:/home/adela/TFM_AdelaJimenez/workspace/ros_ur_driver/install/ur_calibration:/home/adela/TFM_AdelaJimenez/workspace/ros_ur_driver/install/ur_robot_driver:/home/adela/TFM_AdelaJimenez/workspace/ros_ur_driver/install/ur_moveit_config:/home/adela/TFM_AdelaJimenez/workspace/ros_ur_driver/install/ur_bringup:/home/adela/TFM_AdelaJimenez/workspace/ros_ur_driver/install/ur_description:/home/adela/TFM_AdelaJimenez/workspace/ros_ur_driver/install/ur_controllers:/home/adela/TFM_AdelaJimenez/workspace/ros_ur_driver/install/ur_dashboard_msgs:/home/adela/TFM_MiguelLerinAlonso/workspace/ros_ur_driver/install/ur:/home/adela/TFM_MiguelLerinAlonso/workspace/ros_ur_driver/install/ur_calibration:/home/adela/TFM_MiguelLerinAlonso/workspace/ros_ur_driver/install/ur_robot_driver:/home/adela/TFM_MiguelLerinAlonso/workspace/ros_ur_driver/install/ur_moveit_config:/home/adela/TFM_MiguelLerinAlonso/workspace/ros_ur_driver/install/ur_bringup:/home/adela/TFM_MiguelLerinAlonso/workspace/ros_ur_driver/install/ur_description:/home/adela/TFM_MiguelLerinAlonso/workspace/ros_ur_driver/install/ur_controllers:/home/adela/TFM_MiguelLerinAlonso/workspace/ros_ur_driver/install/ur_dashboard_msgs:/home/adela/workspace/ros_ur_driver/install/ur:/home/adela/workspace/ros_ur_driver/install/ur_calibration:/home/adela/workspace/ros_ur_driver/install/ur_robot_driver:/home/adela/workspace/ros_ur_driver/install/ur_moveit_config:/home/adela/workspace/ros_ur_driver/install/ur_bringup:/home/adela/workspace/ros_ur_driver/install/ur_description:/home/adela/workspace/ros_ur_driver/install/ur_controllers:/home/adela/workspace/ros_ur_driver/install/ur_dashboard_msgs:/home/adela/TFM_AdelaJimenez/workspace/ros_ur_driver/install/trayectories:/home/adela/TFM_AdelaJimenez/workspace/ros_ur_driver/install/rutine_launcher:/home/adela/TFM_AdelaJimenez/workspace/ros_ur_driver/install/data_logger:/home/adela/TFM_AdelaJimenez/workspace/ros_ur_driver/install/build_platform:/home/adela/TFM_MiguelLerinAlonso/workspace/ros_ur_driver/install/trayectories:/home/adela/TFM_MiguelLerinAlonso/workspace/ros_ur_driver/install/rutine_launcher:/home/adela/TFM_MiguelLerinAlonso/workspace/ros_ur_driver/install/data_logger:/home/adela/TFM_MiguelLerinAlonso/workspace/ros_ur_driver/install/build_platform:/opt/ros/humble LD_LIBRARY_PATH=/home/adela/TFM_AdelaJimenez/install/ur_controllers/lib:/home/adela/TFM_AdelaJimenez/install/ur_dashboard_msgs/lib:${LD_LIBRARY_PATH} PYTHONPATH=/home/adela/TFM_AdelaJimenez/install/ur_dashboard_msgs/local/lib/python3.10/dist-packages:${PYTHONPATH} /usr/bin/cmake --build /home/adela/TFM_AdelaJimenez/build/ur_bringup -- -j2 -l2
[43.375s] DEBUG:colcon.colcon_core.event_handler.log_command:Invoked command in '/home/adela/TFM_AdelaJimenez/build/ur_bringup' returned '0': AMENT_PREFIX_PATH=/home/adela/TFM_AdelaJimenez/install/ur_controllers:/home/adela/TFM_AdelaJimenez/install/ur_description:/home/adela/TFM_AdelaJimenez/install/ur_dashboard_msgs:${AMENT_PREFIX_PATH} CMAKE_PREFIX_PATH=/home/adela/TFM_AdelaJimenez/install/ur_controllers:/home/adela/TFM_AdelaJimenez/install/ur_description:/home/adela/TFM_AdelaJimenez/install/ur_dashboard_msgs:/home/adela/TFM_AdelaJimenez/workspace/ros_ur_driver/install/ur:/home/adela/TFM_AdelaJimenez/workspace/ros_ur_driver/install/ur_calibration:/home/adela/TFM_AdelaJimenez/workspace/ros_ur_driver/install/ur_robot_driver:/home/adela/TFM_AdelaJimenez/workspace/ros_ur_driver/install/ur_moveit_config:/home/adela/TFM_AdelaJimenez/workspace/ros_ur_driver/install/ur_bringup:/home/adela/TFM_AdelaJimenez/workspace/ros_ur_driver/install/ur_description:/home/adela/TFM_AdelaJimenez/workspace/ros_ur_driver/install/ur_controllers:/home/adela/TFM_AdelaJimenez/workspace/ros_ur_driver/install/ur_dashboard_msgs:/home/adela/TFM_MiguelLerinAlonso/workspace/ros_ur_driver/install/ur:/home/adela/TFM_MiguelLerinAlonso/workspace/ros_ur_driver/install/ur_calibration:/home/adela/TFM_MiguelLerinAlonso/workspace/ros_ur_driver/install/ur_robot_driver:/home/adela/TFM_MiguelLerinAlonso/workspace/ros_ur_driver/install/ur_moveit_config:/home/adela/TFM_MiguelLerinAlonso/workspace/ros_ur_driver/install/ur_bringup:/home/adela/TFM_MiguelLerinAlonso/workspace/ros_ur_driver/install/ur_description:/home/adela/TFM_MiguelLerinAlonso/workspace/ros_ur_driver/install/ur_controllers:/home/adela/TFM_MiguelLerinAlonso/workspace/ros_ur_driver/install/ur_dashboard_msgs:/home/adela/workspace/ros_ur_driver/install/ur:/home/adela/workspace/ros_ur_driver/install/ur_calibration:/home/adela/workspace/ros_ur_driver/install/ur_robot_driver:/home/adela/workspace/ros_ur_driver/install/ur_moveit_config:/home/adela/workspace/ros_ur_driver/install/ur_bringup:/home/adela/workspace/ros_ur_driver/install/ur_description:/home/adela/workspace/ros_ur_driver/install/ur_controllers:/home/adela/workspace/ros_ur_driver/install/ur_dashboard_msgs:/home/adela/TFM_AdelaJimenez/workspace/ros_ur_driver/install/trayectories:/home/adela/TFM_AdelaJimenez/workspace/ros_ur_driver/install/rutine_launcher:/home/adela/TFM_AdelaJimenez/workspace/ros_ur_driver/install/data_logger:/home/adela/TFM_AdelaJimenez/workspace/ros_ur_driver/install/build_platform:/home/adela/TFM_MiguelLerinAlonso/workspace/ros_ur_driver/install/trayectories:/home/adela/TFM_MiguelLerinAlonso/workspace/ros_ur_driver/install/rutine_launcher:/home/adela/TFM_MiguelLerinAlonso/workspace/ros_ur_driver/install/data_logger:/home/adela/TFM_MiguelLerinAlonso/workspace/ros_ur_driver/install/build_platform:/opt/ros/humble LD_LIBRARY_PATH=/home/adela/TFM_AdelaJimenez/install/ur_controllers/lib:/home/adela/TFM_AdelaJimenez/install/ur_dashboard_msgs/lib:${LD_LIBRARY_PATH} PYTHONPATH=/home/adela/TFM_AdelaJimenez/install/ur_dashboard_msgs/local/lib/python3.10/dist-packages:${PYTHONPATH} /usr/bin/cmake --build /home/adela/TFM_AdelaJimenez/build/ur_bringup -- -j2 -l2
[43.591s] DEBUG:colcon.colcon_core.event_handler.log_command:Invoking command in '/home/adela/TFM_AdelaJimenez/build/ur_bringup': AMENT_PREFIX_PATH=/home/adela/TFM_AdelaJimenez/install/ur_controllers:/home/adela/TFM_AdelaJimenez/install/ur_description:/home/adela/TFM_AdelaJimenez/install/ur_dashboard_msgs:${AMENT_PREFIX_PATH} CMAKE_PREFIX_PATH=/home/adela/TFM_AdelaJimenez/install/ur_controllers:/home/adela/TFM_AdelaJimenez/install/ur_description:/home/adela/TFM_AdelaJimenez/install/ur_dashboard_msgs:/home/adela/TFM_AdelaJimenez/workspace/ros_ur_driver/install/ur:/home/adela/TFM_AdelaJimenez/workspace/ros_ur_driver/install/ur_calibration:/home/adela/TFM_AdelaJimenez/workspace/ros_ur_driver/install/ur_robot_driver:/home/adela/TFM_AdelaJimenez/workspace/ros_ur_driver/install/ur_moveit_config:/home/adela/TFM_AdelaJimenez/workspace/ros_ur_driver/install/ur_bringup:/home/adela/TFM_AdelaJimenez/workspace/ros_ur_driver/install/ur_description:/home/adela/TFM_AdelaJimenez/workspace/ros_ur_driver/install/ur_controllers:/home/adela/TFM_AdelaJimenez/workspace/ros_ur_driver/install/ur_dashboard_msgs:/home/adela/TFM_MiguelLerinAlonso/workspace/ros_ur_driver/install/ur:/home/adela/TFM_MiguelLerinAlonso/workspace/ros_ur_driver/install/ur_calibration:/home/adela/TFM_MiguelLerinAlonso/workspace/ros_ur_driver/install/ur_robot_driver:/home/adela/TFM_MiguelLerinAlonso/workspace/ros_ur_driver/install/ur_moveit_config:/home/adela/TFM_MiguelLerinAlonso/workspace/ros_ur_driver/install/ur_bringup:/home/adela/TFM_MiguelLerinAlonso/workspace/ros_ur_driver/install/ur_description:/home/adela/TFM_MiguelLerinAlonso/workspace/ros_ur_driver/install/ur_controllers:/home/adela/TFM_MiguelLerinAlonso/workspace/ros_ur_driver/install/ur_dashboard_msgs:/home/adela/workspace/ros_ur_driver/install/ur:/home/adela/workspace/ros_ur_driver/install/ur_calibration:/home/adela/workspace/ros_ur_driver/install/ur_robot_driver:/home/adela/workspace/ros_ur_driver/install/ur_moveit_config:/home/adela/workspace/ros_ur_driver/install/ur_bringup:/home/adela/workspace/ros_ur_driver/install/ur_description:/home/adela/workspace/ros_ur_driver/install/ur_controllers:/home/adela/workspace/ros_ur_driver/install/ur_dashboard_msgs:/home/adela/TFM_AdelaJimenez/workspace/ros_ur_driver/install/trayectories:/home/adela/TFM_AdelaJimenez/workspace/ros_ur_driver/install/rutine_launcher:/home/adela/TFM_AdelaJimenez/workspace/ros_ur_driver/install/data_logger:/home/adela/TFM_AdelaJimenez/workspace/ros_ur_driver/install/build_platform:/home/adela/TFM_MiguelLerinAlonso/workspace/ros_ur_driver/install/trayectories:/home/adela/TFM_MiguelLerinAlonso/workspace/ros_ur_driver/install/rutine_launcher:/home/adela/TFM_MiguelLerinAlonso/workspace/ros_ur_driver/install/data_logger:/home/adela/TFM_MiguelLerinAlonso/workspace/ros_ur_driver/install/build_platform:/opt/ros/humble LD_LIBRARY_PATH=/home/adela/TFM_AdelaJimenez/install/ur_controllers/lib:/home/adela/TFM_AdelaJimenez/install/ur_dashboard_msgs/lib:${LD_LIBRARY_PATH} PYTHONPATH=/home/adela/TFM_AdelaJimenez/install/ur_dashboard_msgs/local/lib/python3.10/dist-packages:${PYTHONPATH} /usr/bin/cmake --install /home/adela/TFM_AdelaJimenez/build/ur_bringup
[43.707s] Level 1:colcon.colcon_core.environment:create_environment_scripts_only(ur_bringup)
[43.707s] Level 1:colcon.colcon_core.environment:checking '/home/adela/TFM_AdelaJimenez/install/ur_bringup' for CMake module files
[43.708s] Level 1:colcon.colcon_core.environment:checking '/home/adela/TFM_AdelaJimenez/install/ur_bringup' for CMake config files
[43.708s] Level 1:colcon.colcon_core.shell:create_environment_hook('ur_bringup', 'cmake_prefix_path')
[43.709s] INFO:colcon.colcon_core.shell:Creating environment hook '/home/adela/TFM_AdelaJimenez/install/ur_bringup/share/ur_bringup/hook/cmake_prefix_path.ps1'
[43.717s] INFO:colcon.colcon_core.shell:Creating environment descriptor '/home/adela/TFM_AdelaJimenez/install/ur_bringup/share/ur_bringup/hook/cmake_prefix_path.dsv'
[43.727s] DEBUG:colcon.colcon_core.event_handler.log_command:Invoked command in '/home/adela/TFM_AdelaJimenez/build/ur_bringup' returned '0': AMENT_PREFIX_PATH=/home/adela/TFM_AdelaJimenez/install/ur_controllers:/home/adela/TFM_AdelaJimenez/install/ur_description:/home/adela/TFM_AdelaJimenez/install/ur_dashboard_msgs:${AMENT_PREFIX_PATH} CMAKE_PREFIX_PATH=/home/adela/TFM_AdelaJimenez/install/ur_controllers:/home/adela/TFM_AdelaJimenez/install/ur_description:/home/adela/TFM_AdelaJimenez/install/ur_dashboard_msgs:/home/adela/TFM_AdelaJimenez/workspace/ros_ur_driver/install/ur:/home/adela/TFM_AdelaJimenez/workspace/ros_ur_driver/install/ur_calibration:/home/adela/TFM_AdelaJimenez/workspace/ros_ur_driver/install/ur_robot_driver:/home/adela/TFM_AdelaJimenez/workspace/ros_ur_driver/install/ur_moveit_config:/home/adela/TFM_AdelaJimenez/workspace/ros_ur_driver/install/ur_bringup:/home/adela/TFM_AdelaJimenez/workspace/ros_ur_driver/install/ur_description:/home/adela/TFM_AdelaJimenez/workspace/ros_ur_driver/install/ur_controllers:/home/adela/TFM_AdelaJimenez/workspace/ros_ur_driver/install/ur_dashboard_msgs:/home/adela/TFM_MiguelLerinAlonso/workspace/ros_ur_driver/install/ur:/home/adela/TFM_MiguelLerinAlonso/workspace/ros_ur_driver/install/ur_calibration:/home/adela/TFM_MiguelLerinAlonso/workspace/ros_ur_driver/install/ur_robot_driver:/home/adela/TFM_MiguelLerinAlonso/workspace/ros_ur_driver/install/ur_moveit_config:/home/adela/TFM_MiguelLerinAlonso/workspace/ros_ur_driver/install/ur_bringup:/home/adela/TFM_MiguelLerinAlonso/workspace/ros_ur_driver/install/ur_description:/home/adela/TFM_MiguelLerinAlonso/workspace/ros_ur_driver/install/ur_controllers:/home/adela/TFM_MiguelLerinAlonso/workspace/ros_ur_driver/install/ur_dashboard_msgs:/home/adela/workspace/ros_ur_driver/install/ur:/home/adela/workspace/ros_ur_driver/install/ur_calibration:/home/adela/workspace/ros_ur_driver/install/ur_robot_driver:/home/adela/workspace/ros_ur_driver/install/ur_moveit_config:/home/adela/workspace/ros_ur_driver/install/ur_bringup:/home/adela/workspace/ros_ur_driver/install/ur_description:/home/adela/workspace/ros_ur_driver/install/ur_controllers:/home/adela/workspace/ros_ur_driver/install/ur_dashboard_msgs:/home/adela/TFM_AdelaJimenez/workspace/ros_ur_driver/install/trayectories:/home/adela/TFM_AdelaJimenez/workspace/ros_ur_driver/install/rutine_launcher:/home/adela/TFM_AdelaJimenez/workspace/ros_ur_driver/install/data_logger:/home/adela/TFM_AdelaJimenez/workspace/ros_ur_driver/install/build_platform:/home/adela/TFM_MiguelLerinAlonso/workspace/ros_ur_driver/install/trayectories:/home/adela/TFM_MiguelLerinAlonso/workspace/ros_ur_driver/install/rutine_launcher:/home/adela/TFM_MiguelLerinAlonso/workspace/ros_ur_driver/install/data_logger:/home/adela/TFM_MiguelLerinAlonso/workspace/ros_ur_driver/install/build_platform:/opt/ros/humble LD_LIBRARY_PATH=/home/adela/TFM_AdelaJimenez/install/ur_controllers/lib:/home/adela/TFM_AdelaJimenez/install/ur_dashboard_msgs/lib:${LD_LIBRARY_PATH} PYTHONPATH=/home/adela/TFM_AdelaJimenez/install/ur_dashboard_msgs/local/lib/python3.10/dist-packages:${PYTHONPATH} /usr/bin/cmake --install /home/adela/TFM_AdelaJimenez/build/ur_bringup
[43.727s] INFO:colcon.colcon_core.shell:Creating environment hook '/home/adela/TFM_AdelaJimenez/install/ur_bringup/share/ur_bringup/hook/cmake_prefix_path.sh'
[43.738s] Level 1:colcon.colcon_core.environment:checking '/home/adela/TFM_AdelaJimenez/install/ur_bringup/lib'
[43.738s] Level 1:colcon.colcon_core.environment:checking '/home/adela/TFM_AdelaJimenez/install/ur_bringup/bin'
[43.738s] Level 1:colcon.colcon_core.environment:checking '/home/adela/TFM_AdelaJimenez/install/ur_bringup/lib/pkgconfig/ur_bringup.pc'
[43.738s] Level 1:colcon.colcon_core.environment:checking '/home/adela/TFM_AdelaJimenez/install/ur_bringup/lib/python3.10/site-packages'
[43.739s] Level 1:colcon.colcon_core.environment:checking '/home/adela/TFM_AdelaJimenez/install/ur_bringup/bin'
[43.739s] INFO:colcon.colcon_core.shell:Creating package script '/home/adela/TFM_AdelaJimenez/install/ur_bringup/share/ur_bringup/package.ps1'
[43.780s] INFO:colcon.colcon_core.shell:Creating package descriptor '/home/adela/TFM_AdelaJimenez/install/ur_bringup/share/ur_bringup/package.dsv'
[43.781s] INFO:colcon.colcon_core.shell:Creating package script '/home/adela/TFM_AdelaJimenez/install/ur_bringup/share/ur_bringup/package.sh'
[43.791s] INFO:colcon.colcon_core.shell:Creating package script '/home/adela/TFM_AdelaJimenez/install/ur_bringup/share/ur_bringup/package.bash'
[43.792s] INFO:colcon.colcon_core.shell:Creating package script '/home/adela/TFM_AdelaJimenez/install/ur_bringup/share/ur_bringup/package.zsh'
[43.802s] Level 1:colcon.colcon_core.environment:create_file_with_runtime_dependencies(/home/adela/TFM_AdelaJimenez/install/ur_bringup/share/colcon-core/packages/ur_bringup)
[44.037s] Level 1:colcon.colcon_core.environment:create_environment_scripts_only(ur_bringup)
[44.039s] Level 1:colcon.colcon_core.environment:checking '/home/adela/TFM_AdelaJimenez/install/ur_bringup' for CMake module files
[44.048s] Level 1:colcon.colcon_core.environment:checking '/home/adela/TFM_AdelaJimenez/install/ur_bringup' for CMake config files
[44.049s] Level 1:colcon.colcon_core.shell:create_environment_hook('ur_bringup', 'cmake_prefix_path')
[44.061s] INFO:colcon.colcon_core.shell:Creating environment hook '/home/adela/TFM_AdelaJimenez/install/ur_bringup/share/ur_bringup/hook/cmake_prefix_path.ps1'
[44.065s] INFO:colcon.colcon_core.shell:Creating environment descriptor '/home/adela/TFM_AdelaJimenez/install/ur_bringup/share/ur_bringup/hook/cmake_prefix_path.dsv'
[44.075s] INFO:colcon.colcon_core.shell:Creating environment hook '/home/adela/TFM_AdelaJimenez/install/ur_bringup/share/ur_bringup/hook/cmake_prefix_path.sh'
[44.085s] Level 1:colcon.colcon_core.environment:checking '/home/adela/TFM_AdelaJimenez/install/ur_bringup/lib'
[44.086s] Level 1:colcon.colcon_core.environment:checking '/home/adela/TFM_AdelaJimenez/install/ur_bringup/bin'
[44.089s] Level 1:colcon.colcon_core.environment:checking '/home/adela/TFM_AdelaJimenez/install/ur_bringup/lib/pkgconfig/ur_bringup.pc'
[44.094s] Level 1:colcon.colcon_core.environment:checking '/home/adela/TFM_AdelaJimenez/install/ur_bringup/lib/python3.10/site-packages'
[44.094s] Level 1:colcon.colcon_core.environment:checking '/home/adela/TFM_AdelaJimenez/install/ur_bringup/bin'
[44.098s] INFO:colcon.colcon_core.shell:Creating package script '/home/adela/TFM_AdelaJimenez/install/ur_bringup/share/ur_bringup/package.ps1'
[44.110s] INFO:colcon.colcon_core.shell:Creating package descriptor '/home/adela/TFM_AdelaJimenez/install/ur_bringup/share/ur_bringup/package.dsv'
[44.120s] INFO:colcon.colcon_core.shell:Creating package script '/home/adela/TFM_AdelaJimenez/install/ur_bringup/share/ur_bringup/package.sh'
[44.128s] INFO:colcon.colcon_core.shell:Creating package script '/home/adela/TFM_AdelaJimenez/install/ur_bringup/share/ur_bringup/package.bash'
[44.134s] INFO:colcon.colcon_core.shell:Creating package script '/home/adela/TFM_AdelaJimenez/install/ur_bringup/share/ur_bringup/package.zsh'
[44.145s] Level 1:colcon.colcon_core.environment:create_file_with_runtime_dependencies(/home/adela/TFM_AdelaJimenez/install/ur_bringup/share/colcon-core/packages/ur_bringup)
[44.153s] INFO:colcon.colcon_ros.task.ament_cmake.build:Building ROS package in '/home/adela/TFM_AdelaJimenez/workspace/ros_ur_driver/src/Universal_Robots_ROS2_Driver/ur' with build type 'ament_cmake'
[44.155s] INFO:colcon.colcon_cmake.task.cmake.build:Building CMake package in '/home/adela/TFM_AdelaJimenez/workspace/ros_ur_driver/src/Universal_Robots_ROS2_Driver/ur'
[44.158s] INFO:colcon.colcon_core.shell:Skip shell extension 'powershell' for command environment: Not usable outside of PowerShell
[44.158s] DEBUG:colcon.colcon_core.shell:Skip shell extension 'dsv' for command environment
[44.392s] DEBUG:colcon.colcon_core.event_handler.log_command:Invoking command in '/home/adela/TFM_AdelaJimenez/build/ur': AMENT_PREFIX_PATH=/home/adela/TFM_AdelaJimenez/install/ur_calibration:/home/adela/TFM_AdelaJimenez/install/ur_robot_driver:/home/adela/TFM_AdelaJimenez/install/ur_moveit_config:/home/adela/TFM_AdelaJimenez/install/ur_controllers:/home/adela/TFM_AdelaJimenez/install/ur_description:/home/adela/TFM_AdelaJimenez/install/ur_dashboard_msgs:${AMENT_PREFIX_PATH} CMAKE_PREFIX_PATH=/home/adela/TFM_AdelaJimenez/install/ur_calibration:/home/adela/TFM_AdelaJimenez/install/ur_robot_driver:/home/adela/TFM_AdelaJimenez/install/ur_moveit_config:/home/adela/TFM_AdelaJimenez/install/ur_controllers:/home/adela/TFM_AdelaJimenez/install/ur_description:/home/adela/TFM_AdelaJimenez/install/ur_dashboard_msgs:/home/adela/TFM_AdelaJimenez/workspace/ros_ur_driver/install/ur:/home/adela/TFM_AdelaJimenez/workspace/ros_ur_driver/install/ur_calibration:/home/adela/TFM_AdelaJimenez/workspace/ros_ur_driver/install/ur_robot_driver:/home/adela/TFM_AdelaJimenez/workspace/ros_ur_driver/install/ur_moveit_config:/home/adela/TFM_AdelaJimenez/workspace/ros_ur_driver/install/ur_bringup:/home/adela/TFM_AdelaJimenez/workspace/ros_ur_driver/install/ur_description:/home/adela/TFM_AdelaJimenez/workspace/ros_ur_driver/install/ur_controllers:/home/adela/TFM_AdelaJimenez/workspace/ros_ur_driver/install/ur_dashboard_msgs:/home/adela/TFM_MiguelLerinAlonso/workspace/ros_ur_driver/install/ur:/home/adela/TFM_MiguelLerinAlonso/workspace/ros_ur_driver/install/ur_calibration:/home/adela/TFM_MiguelLerinAlonso/workspace/ros_ur_driver/install/ur_robot_driver:/home/adela/TFM_MiguelLerinAlonso/workspace/ros_ur_driver/install/ur_moveit_config:/home/adela/TFM_MiguelLerinAlonso/workspace/ros_ur_driver/install/ur_bringup:/home/adela/TFM_MiguelLerinAlonso/workspace/ros_ur_driver/install/ur_description:/home/adela/TFM_MiguelLerinAlonso/workspace/ros_ur_driver/install/ur_controllers:/home/adela/TFM_MiguelLerinAlonso/workspace/ros_ur_driver/install/ur_dashboard_msgs:/home/adela/workspace/ros_ur_driver/install/ur:/home/adela/workspace/ros_ur_driver/install/ur_calibration:/home/adela/workspace/ros_ur_driver/install/ur_robot_driver:/home/adela/workspace/ros_ur_driver/install/ur_moveit_config:/home/adela/workspace/ros_ur_driver/install/ur_bringup:/home/adela/workspace/ros_ur_driver/install/ur_description:/home/adela/workspace/ros_ur_driver/install/ur_controllers:/home/adela/workspace/ros_ur_driver/install/ur_dashboard_msgs:/home/adela/TFM_AdelaJimenez/workspace/ros_ur_driver/install/trayectories:/home/adela/TFM_AdelaJimenez/workspace/ros_ur_driver/install/rutine_launcher:/home/adela/TFM_AdelaJimenez/workspace/ros_ur_driver/install/data_logger:/home/adela/TFM_AdelaJimenez/workspace/ros_ur_driver/install/build_platform:/home/adela/TFM_MiguelLerinAlonso/workspace/ros_ur_driver/install/trayectories:/home/adela/TFM_MiguelLerinAlonso/workspace/ros_ur_driver/install/rutine_launcher:/home/adela/TFM_MiguelLerinAlonso/workspace/ros_ur_driver/install/data_logger:/home/adela/TFM_MiguelLerinAlonso/workspace/ros_ur_driver/install/build_platform:/opt/ros/humble LD_LIBRARY_PATH=/home/adela/TFM_AdelaJimenez/install/ur_robot_driver/lib:/home/adela/TFM_AdelaJimenez/install/ur_controllers/lib:/home/adela/TFM_AdelaJimenez/install/ur_dashboard_msgs/lib:${LD_LIBRARY_PATH} PATH=/home/adela/TFM_AdelaJimenez/install/ur_robot_driver/bin:${PATH} PYTHONPATH=/home/adela/TFM_AdelaJimenez/install/ur_robot_driver/local/lib/python3.10/dist-packages:/home/adela/TFM_AdelaJimenez/install/ur_moveit_config/local/lib/python3.10/dist-packages:/home/adela/TFM_AdelaJimenez/install/ur_dashboard_msgs/local/lib/python3.10/dist-packages:${PYTHONPATH} /usr/bin/cmake --build /home/adela/TFM_AdelaJimenez/build/ur -- -j2 -l2
[44.791s] DEBUG:colcon.colcon_core.event_handler.log_command:Invoked command in '/home/adela/TFM_AdelaJimenez/build/ur' returned '0': AMENT_PREFIX_PATH=/home/adela/TFM_AdelaJimenez/install/ur_calibration:/home/adela/TFM_AdelaJimenez/install/ur_robot_driver:/home/adela/TFM_AdelaJimenez/install/ur_moveit_config:/home/adela/TFM_AdelaJimenez/install/ur_controllers:/home/adela/TFM_AdelaJimenez/install/ur_description:/home/adela/TFM_AdelaJimenez/install/ur_dashboard_msgs:${AMENT_PREFIX_PATH} CMAKE_PREFIX_PATH=/home/adela/TFM_AdelaJimenez/install/ur_calibration:/home/adela/TFM_AdelaJimenez/install/ur_robot_driver:/home/adela/TFM_AdelaJimenez/install/ur_moveit_config:/home/adela/TFM_AdelaJimenez/install/ur_controllers:/home/adela/TFM_AdelaJimenez/install/ur_description:/home/adela/TFM_AdelaJimenez/install/ur_dashboard_msgs:/home/adela/TFM_AdelaJimenez/workspace/ros_ur_driver/install/ur:/home/adela/TFM_AdelaJimenez/workspace/ros_ur_driver/install/ur_calibration:/home/adela/TFM_AdelaJimenez/workspace/ros_ur_driver/install/ur_robot_driver:/home/adela/TFM_AdelaJimenez/workspace/ros_ur_driver/install/ur_moveit_config:/home/adela/TFM_AdelaJimenez/workspace/ros_ur_driver/install/ur_bringup:/home/adela/TFM_AdelaJimenez/workspace/ros_ur_driver/install/ur_description:/home/adela/TFM_AdelaJimenez/workspace/ros_ur_driver/install/ur_controllers:/home/adela/TFM_AdelaJimenez/workspace/ros_ur_driver/install/ur_dashboard_msgs:/home/adela/TFM_MiguelLerinAlonso/workspace/ros_ur_driver/install/ur:/home/adela/TFM_MiguelLerinAlonso/workspace/ros_ur_driver/install/ur_calibration:/home/adela/TFM_MiguelLerinAlonso/workspace/ros_ur_driver/install/ur_robot_driver:/home/adela/TFM_MiguelLerinAlonso/workspace/ros_ur_driver/install/ur_moveit_config:/home/adela/TFM_MiguelLerinAlonso/workspace/ros_ur_driver/install/ur_bringup:/home/adela/TFM_MiguelLerinAlonso/workspace/ros_ur_driver/install/ur_description:/home/adela/TFM_MiguelLerinAlonso/workspace/ros_ur_driver/install/ur_controllers:/home/adela/TFM_MiguelLerinAlonso/workspace/ros_ur_driver/install/ur_dashboard_msgs:/home/adela/workspace/ros_ur_driver/install/ur:/home/adela/workspace/ros_ur_driver/install/ur_calibration:/home/adela/workspace/ros_ur_driver/install/ur_robot_driver:/home/adela/workspace/ros_ur_driver/install/ur_moveit_config:/home/adela/workspace/ros_ur_driver/install/ur_bringup:/home/adela/workspace/ros_ur_driver/install/ur_description:/home/adela/workspace/ros_ur_driver/install/ur_controllers:/home/adela/workspace/ros_ur_driver/install/ur_dashboard_msgs:/home/adela/TFM_AdelaJimenez/workspace/ros_ur_driver/install/trayectories:/home/adela/TFM_AdelaJimenez/workspace/ros_ur_driver/install/rutine_launcher:/home/adela/TFM_AdelaJimenez/workspace/ros_ur_driver/install/data_logger:/home/adela/TFM_AdelaJimenez/workspace/ros_ur_driver/install/build_platform:/home/adela/TFM_MiguelLerinAlonso/workspace/ros_ur_driver/install/trayectories:/home/adela/TFM_MiguelLerinAlonso/workspace/ros_ur_driver/install/rutine_launcher:/home/adela/TFM_MiguelLerinAlonso/workspace/ros_ur_driver/install/data_logger:/home/adela/TFM_MiguelLerinAlonso/workspace/ros_ur_driver/install/build_platform:/opt/ros/humble LD_LIBRARY_PATH=/home/adela/TFM_AdelaJimenez/install/ur_robot_driver/lib:/home/adela/TFM_AdelaJimenez/install/ur_controllers/lib:/home/adela/TFM_AdelaJimenez/install/ur_dashboard_msgs/lib:${LD_LIBRARY_PATH} PATH=/home/adela/TFM_AdelaJimenez/install/ur_robot_driver/bin:${PATH} PYTHONPATH=/home/adela/TFM_AdelaJimenez/install/ur_robot_driver/local/lib/python3.10/dist-packages:/home/adela/TFM_AdelaJimenez/install/ur_moveit_config/local/lib/python3.10/dist-packages:/home/adela/TFM_AdelaJimenez/install/ur_dashboard_msgs/local/lib/python3.10/dist-packages:${PYTHONPATH} /usr/bin/cmake --build /home/adela/TFM_AdelaJimenez/build/ur -- -j2 -l2
[45.031s] DEBUG:colcon.colcon_core.event_handler.log_command:Invoking command in '/home/adela/TFM_AdelaJimenez/build/ur': AMENT_PREFIX_PATH=/home/adela/TFM_AdelaJimenez/install/ur_calibration:/home/adela/TFM_AdelaJimenez/install/ur_robot_driver:/home/adela/TFM_AdelaJimenez/install/ur_moveit_config:/home/adela/TFM_AdelaJimenez/install/ur_controllers:/home/adela/TFM_AdelaJimenez/install/ur_description:/home/adela/TFM_AdelaJimenez/install/ur_dashboard_msgs:${AMENT_PREFIX_PATH} CMAKE_PREFIX_PATH=/home/adela/TFM_AdelaJimenez/install/ur_calibration:/home/adela/TFM_AdelaJimenez/install/ur_robot_driver:/home/adela/TFM_AdelaJimenez/install/ur_moveit_config:/home/adela/TFM_AdelaJimenez/install/ur_controllers:/home/adela/TFM_AdelaJimenez/install/ur_description:/home/adela/TFM_AdelaJimenez/install/ur_dashboard_msgs:/home/adela/TFM_AdelaJimenez/workspace/ros_ur_driver/install/ur:/home/adela/TFM_AdelaJimenez/workspace/ros_ur_driver/install/ur_calibration:/home/adela/TFM_AdelaJimenez/workspace/ros_ur_driver/install/ur_robot_driver:/home/adela/TFM_AdelaJimenez/workspace/ros_ur_driver/install/ur_moveit_config:/home/adela/TFM_AdelaJimenez/workspace/ros_ur_driver/install/ur_bringup:/home/adela/TFM_AdelaJimenez/workspace/ros_ur_driver/install/ur_description:/home/adela/TFM_AdelaJimenez/workspace/ros_ur_driver/install/ur_controllers:/home/adela/TFM_AdelaJimenez/workspace/ros_ur_driver/install/ur_dashboard_msgs:/home/adela/TFM_MiguelLerinAlonso/workspace/ros_ur_driver/install/ur:/home/adela/TFM_MiguelLerinAlonso/workspace/ros_ur_driver/install/ur_calibration:/home/adela/TFM_MiguelLerinAlonso/workspace/ros_ur_driver/install/ur_robot_driver:/home/adela/TFM_MiguelLerinAlonso/workspace/ros_ur_driver/install/ur_moveit_config:/home/adela/TFM_MiguelLerinAlonso/workspace/ros_ur_driver/install/ur_bringup:/home/adela/TFM_MiguelLerinAlonso/workspace/ros_ur_driver/install/ur_description:/home/adela/TFM_MiguelLerinAlonso/workspace/ros_ur_driver/install/ur_controllers:/home/adela/TFM_MiguelLerinAlonso/workspace/ros_ur_driver/install/ur_dashboard_msgs:/home/adela/workspace/ros_ur_driver/install/ur:/home/adela/workspace/ros_ur_driver/install/ur_calibration:/home/adela/workspace/ros_ur_driver/install/ur_robot_driver:/home/adela/workspace/ros_ur_driver/install/ur_moveit_config:/home/adela/workspace/ros_ur_driver/install/ur_bringup:/home/adela/workspace/ros_ur_driver/install/ur_description:/home/adela/workspace/ros_ur_driver/install/ur_controllers:/home/adela/workspace/ros_ur_driver/install/ur_dashboard_msgs:/home/adela/TFM_AdelaJimenez/workspace/ros_ur_driver/install/trayectories:/home/adela/TFM_AdelaJimenez/workspace/ros_ur_driver/install/rutine_launcher:/home/adela/TFM_AdelaJimenez/workspace/ros_ur_driver/install/data_logger:/home/adela/TFM_AdelaJimenez/workspace/ros_ur_driver/install/build_platform:/home/adela/TFM_MiguelLerinAlonso/workspace/ros_ur_driver/install/trayectories:/home/adela/TFM_MiguelLerinAlonso/workspace/ros_ur_driver/install/rutine_launcher:/home/adela/TFM_MiguelLerinAlonso/workspace/ros_ur_driver/install/data_logger:/home/adela/TFM_MiguelLerinAlonso/workspace/ros_ur_driver/install/build_platform:/opt/ros/humble LD_LIBRARY_PATH=/home/adela/TFM_AdelaJimenez/install/ur_robot_driver/lib:/home/adela/TFM_AdelaJimenez/install/ur_controllers/lib:/home/adela/TFM_AdelaJimenez/install/ur_dashboard_msgs/lib:${LD_LIBRARY_PATH} PATH=/home/adela/TFM_AdelaJimenez/install/ur_robot_driver/bin:${PATH} PYTHONPATH=/home/adela/TFM_AdelaJimenez/install/ur_robot_driver/local/lib/python3.10/dist-packages:/home/adela/TFM_AdelaJimenez/install/ur_moveit_config/local/lib/python3.10/dist-packages:/home/adela/TFM_AdelaJimenez/install/ur_dashboard_msgs/local/lib/python3.10/dist-packages:${PYTHONPATH} /usr/bin/cmake --install /home/adela/TFM_AdelaJimenez/build/ur
[45.180s] Level 1:colcon.colcon_core.environment:create_environment_scripts_only(ur)
[45.182s] Level 1:colcon.colcon_core.environment:checking '/home/adela/TFM_AdelaJimenez/install/ur' for CMake module files
[45.185s] DEBUG:colcon.colcon_core.event_handler.log_command:Invoked command in '/home/adela/TFM_AdelaJimenez/build/ur' returned '0': AMENT_PREFIX_PATH=/home/adela/TFM_AdelaJimenez/install/ur_calibration:/home/adela/TFM_AdelaJimenez/install/ur_robot_driver:/home/adela/TFM_AdelaJimenez/install/ur_moveit_config:/home/adela/TFM_AdelaJimenez/install/ur_controllers:/home/adela/TFM_AdelaJimenez/install/ur_description:/home/adela/TFM_AdelaJimenez/install/ur_dashboard_msgs:${AMENT_PREFIX_PATH} CMAKE_PREFIX_PATH=/home/adela/TFM_AdelaJimenez/install/ur_calibration:/home/adela/TFM_AdelaJimenez/install/ur_robot_driver:/home/adela/TFM_AdelaJimenez/install/ur_moveit_config:/home/adela/TFM_AdelaJimenez/install/ur_controllers:/home/adela/TFM_AdelaJimenez/install/ur_description:/home/adela/TFM_AdelaJimenez/install/ur_dashboard_msgs:/home/adela/TFM_AdelaJimenez/workspace/ros_ur_driver/install/ur:/home/adela/TFM_AdelaJimenez/workspace/ros_ur_driver/install/ur_calibration:/home/adela/TFM_AdelaJimenez/workspace/ros_ur_driver/install/ur_robot_driver:/home/adela/TFM_AdelaJimenez/workspace/ros_ur_driver/install/ur_moveit_config:/home/adela/TFM_AdelaJimenez/workspace/ros_ur_driver/install/ur_bringup:/home/adela/TFM_AdelaJimenez/workspace/ros_ur_driver/install/ur_description:/home/adela/TFM_AdelaJimenez/workspace/ros_ur_driver/install/ur_controllers:/home/adela/TFM_AdelaJimenez/workspace/ros_ur_driver/install/ur_dashboard_msgs:/home/adela/TFM_MiguelLerinAlonso/workspace/ros_ur_driver/install/ur:/home/adela/TFM_MiguelLerinAlonso/workspace/ros_ur_driver/install/ur_calibration:/home/adela/TFM_MiguelLerinAlonso/workspace/ros_ur_driver/install/ur_robot_driver:/home/adela/TFM_MiguelLerinAlonso/workspace/ros_ur_driver/install/ur_moveit_config:/home/adela/TFM_MiguelLerinAlonso/workspace/ros_ur_driver/install/ur_bringup:/home/adela/TFM_MiguelLerinAlonso/workspace/ros_ur_driver/install/ur_description:/home/adela/TFM_MiguelLerinAlonso/workspace/ros_ur_driver/install/ur_controllers:/home/adela/TFM_MiguelLerinAlonso/workspace/ros_ur_driver/install/ur_dashboard_msgs:/home/adela/workspace/ros_ur_driver/install/ur:/home/adela/workspace/ros_ur_driver/install/ur_calibration:/home/adela/workspace/ros_ur_driver/install/ur_robot_driver:/home/adela/workspace/ros_ur_driver/install/ur_moveit_config:/home/adela/workspace/ros_ur_driver/install/ur_bringup:/home/adela/workspace/ros_ur_driver/install/ur_description:/home/adela/workspace/ros_ur_driver/install/ur_controllers:/home/adela/workspace/ros_ur_driver/install/ur_dashboard_msgs:/home/adela/TFM_AdelaJimenez/workspace/ros_ur_driver/install/trayectories:/home/adela/TFM_AdelaJimenez/workspace/ros_ur_driver/install/rutine_launcher:/home/adela/TFM_AdelaJimenez/workspace/ros_ur_driver/install/data_logger:/home/adela/TFM_AdelaJimenez/workspace/ros_ur_driver/install/build_platform:/home/adela/TFM_MiguelLerinAlonso/workspace/ros_ur_driver/install/trayectories:/home/adela/TFM_MiguelLerinAlonso/workspace/ros_ur_driver/install/rutine_launcher:/home/adela/TFM_MiguelLerinAlonso/workspace/ros_ur_driver/install/data_logger:/home/adela/TFM_MiguelLerinAlonso/workspace/ros_ur_driver/install/build_platform:/opt/ros/humble LD_LIBRARY_PATH=/home/adela/TFM_AdelaJimenez/install/ur_robot_driver/lib:/home/adela/TFM_AdelaJimenez/install/ur_controllers/lib:/home/adela/TFM_AdelaJimenez/install/ur_dashboard_msgs/lib:${LD_LIBRARY_PATH} PATH=/home/adela/TFM_AdelaJimenez/install/ur_robot_driver/bin:${PATH} PYTHONPATH=/home/adela/TFM_AdelaJimenez/install/ur_robot_driver/local/lib/python3.10/dist-packages:/home/adela/TFM_AdelaJimenez/install/ur_moveit_config/local/lib/python3.10/dist-packages:/home/adela/TFM_AdelaJimenez/install/ur_dashboard_msgs/local/lib/python3.10/dist-packages:${PYTHONPATH} /usr/bin/cmake --install /home/adela/TFM_AdelaJimenez/build/ur
[45.187s] Level 1:colcon.colcon_core.environment:checking '/home/adela/TFM_AdelaJimenez/install/ur' for CMake config files
[45.188s] Level 1:colcon.colcon_core.shell:create_environment_hook('ur', 'cmake_prefix_path')
[45.192s] INFO:colcon.colcon_core.shell:Creating environment hook '/home/adela/TFM_AdelaJimenez/install/ur/share/ur/hook/cmake_prefix_path.ps1'
[45.197s] INFO:colcon.colcon_core.shell:Creating environment descriptor '/home/adela/TFM_AdelaJimenez/install/ur/share/ur/hook/cmake_prefix_path.dsv'
[45.202s] INFO:colcon.colcon_core.shell:Creating environment hook '/home/adela/TFM_AdelaJimenez/install/ur/share/ur/hook/cmake_prefix_path.sh'
[45.221s] Level 1:colcon.colcon_core.environment:checking '/home/adela/TFM_AdelaJimenez/install/ur/bin'
[45.221s] Level 1:colcon.colcon_core.environment:checking '/home/adela/TFM_AdelaJimenez/install/ur/lib/pkgconfig/ur.pc'
[45.224s] Level 1:colcon.colcon_core.environment:checking '/home/adela/TFM_AdelaJimenez/install/ur/lib/python3.10/site-packages'
[45.231s] Level 1:colcon.colcon_core.environment:checking '/home/adela/TFM_AdelaJimenez/install/ur/bin'
[45.234s] INFO:colcon.colcon_core.shell:Creating package script '/home/adela/TFM_AdelaJimenez/install/ur/share/ur/package.ps1'
[45.242s] INFO:colcon.colcon_core.shell:Creating package descriptor '/home/adela/TFM_AdelaJimenez/install/ur/share/ur/package.dsv'
[45.252s] INFO:colcon.colcon_core.shell:Creating package script '/home/adela/TFM_AdelaJimenez/install/ur/share/ur/package.sh'
[45.256s] INFO:colcon.colcon_core.shell:Creating package script '/home/adela/TFM_AdelaJimenez/install/ur/share/ur/package.bash'
[45.263s] INFO:colcon.colcon_core.shell:Creating package script '/home/adela/TFM_AdelaJimenez/install/ur/share/ur/package.zsh'
[45.266s] Level 1:colcon.colcon_core.environment:create_file_with_runtime_dependencies(/home/adela/TFM_AdelaJimenez/install/ur/share/colcon-core/packages/ur)
[45.522s] Level 1:colcon.colcon_core.environment:create_environment_scripts_only(ur)
[45.531s] Level 1:colcon.colcon_core.environment:checking '/home/adela/TFM_AdelaJimenez/install/ur' for CMake module files
[45.542s] Level 1:colcon.colcon_core.environment:checking '/home/adela/TFM_AdelaJimenez/install/ur' for CMake config files
[45.543s] Level 1:colcon.colcon_core.shell:create_environment_hook('ur', 'cmake_prefix_path')
[45.543s] INFO:colcon.colcon_core.shell:Creating environment hook '/home/adela/TFM_AdelaJimenez/install/ur/share/ur/hook/cmake_prefix_path.ps1'
[45.555s] INFO:colcon.colcon_core.shell:Creating environment descriptor '/home/adela/TFM_AdelaJimenez/install/ur/share/ur/hook/cmake_prefix_path.dsv'
[45.558s] INFO:colcon.colcon_core.shell:Creating environment hook '/home/adela/TFM_AdelaJimenez/install/ur/share/ur/hook/cmake_prefix_path.sh'
[45.566s] Level 1:colcon.colcon_core.environment:checking '/home/adela/TFM_AdelaJimenez/install/ur/bin'
[45.566s] Level 1:colcon.colcon_core.environment:checking '/home/adela/TFM_AdelaJimenez/install/ur/lib/pkgconfig/ur.pc'
[45.571s] Level 1:colcon.colcon_core.environment:checking '/home/adela/TFM_AdelaJimenez/install/ur/lib/python3.10/site-packages'
[45.574s] Level 1:colcon.colcon_core.environment:checking '/home/adela/TFM_AdelaJimenez/install/ur/bin'
[45.576s] INFO:colcon.colcon_core.shell:Creating package script '/home/adela/TFM_AdelaJimenez/install/ur/share/ur/package.ps1'
[45.587s] INFO:colcon.colcon_core.shell:Creating package descriptor '/home/adela/TFM_AdelaJimenez/install/ur/share/ur/package.dsv'
[45.600s] INFO:colcon.colcon_core.shell:Creating package script '/home/adela/TFM_AdelaJimenez/install/ur/share/ur/package.sh'
[45.612s] INFO:colcon.colcon_core.shell:Creating package script '/home/adela/TFM_AdelaJimenez/install/ur/share/ur/package.bash'
[45.621s] INFO:colcon.colcon_core.shell:Creating package script '/home/adela/TFM_AdelaJimenez/install/ur/share/ur/package.zsh'
[45.627s] Level 1:colcon.colcon_core.environment:create_file_with_runtime_dependencies(/home/adela/TFM_AdelaJimenez/install/ur/share/colcon-core/packages/ur)
[46.828s] Level 1:colcon.colcon_core.environment:checking '/home/adela/TFM_AdelaJimenez/install/trayectories' for CMake module files
[46.828s] DEBUG:colcon.colcon_core.event_handler.log_command:Invoked command in '/home/adela/TFM_AdelaJimenez/workspace/ros_ur_driver/src/trayectories' returned '0': PYTHONPATH=/home/adela/TFM_AdelaJimenez/build/trayectories/prefix_override:/home/adela/TFM_AdelaJimenez/install/trayectories/lib/python3.10/site-packages:${PYTHONPATH} /usr/bin/python3 -W ignore:setup.py install is deprecated setup.py egg_info --egg-base ../../../../build/trayectories build --build-base /home/adela/TFM_AdelaJimenez/build/trayectories/build install --record /home/adela/TFM_AdelaJimenez/build/trayectories/install.log --single-version-externally-managed install_data
[46.829s] Level 1:colcon.colcon_core.environment:checking '/home/adela/TFM_AdelaJimenez/install/trayectories' for CMake config files
[46.834s] Level 1:colcon.colcon_core.environment:checking '/home/adela/TFM_AdelaJimenez/install/trayectories/lib'
[46.834s] Level 1:colcon.colcon_core.environment:checking '/home/adela/TFM_AdelaJimenez/install/trayectories/bin'
[46.835s] Level 1:colcon.colcon_core.environment:checking '/home/adela/TFM_AdelaJimenez/install/trayectories/lib/pkgconfig/trayectories.pc'
[46.840s] Level 1:colcon.colcon_core.environment:checking '/home/adela/TFM_AdelaJimenez/install/trayectories/lib/python3.10/site-packages'
[46.840s] Level 1:colcon.colcon_core.shell:create_environment_hook('trayectories', 'pythonpath')
[46.840s] INFO:colcon.colcon_core.shell:Creating environment hook '/home/adela/TFM_AdelaJimenez/install/trayectories/share/trayectories/hook/pythonpath.ps1'
[46.841s] INFO:colcon.colcon_core.shell:Creating environment descriptor '/home/adela/TFM_AdelaJimenez/install/trayectories/share/trayectories/hook/pythonpath.dsv'
[46.844s] INFO:colcon.colcon_core.shell:Creating environment hook '/home/adela/TFM_AdelaJimenez/install/trayectories/share/trayectories/hook/pythonpath.sh'
[46.850s] Level 1:colcon.colcon_core.environment:checking '/home/adela/TFM_AdelaJimenez/install/trayectories/bin'
[46.851s] Level 1:colcon.colcon_core.environment:create_environment_scripts_only(trayectories)
[46.851s] INFO:colcon.colcon_core.shell:Creating package script '/home/adela/TFM_AdelaJimenez/install/trayectories/share/trayectories/package.ps1'
[46.852s] INFO:colcon.colcon_core.shell:Creating package descriptor '/home/adela/TFM_AdelaJimenez/install/trayectories/share/trayectories/package.dsv'
[46.867s] INFO:colcon.colcon_core.shell:Creating package script '/home/adela/TFM_AdelaJimenez/install/trayectories/share/trayectories/package.sh'
[46.883s] INFO:colcon.colcon_core.shell:Creating package script '/home/adela/TFM_AdelaJimenez/install/trayectories/share/trayectories/package.bash'
[46.884s] INFO:colcon.colcon_core.shell:Creating package script '/home/adela/TFM_AdelaJimenez/install/trayectories/share/trayectories/package.zsh'
[46.885s] Level 1:colcon.colcon_core.environment:create_file_with_runtime_dependencies(/home/adela/TFM_AdelaJimenez/install/trayectories/share/colcon-core/packages/trayectories)
[46.886s] DEBUG:colcon.colcon_parallel_executor.executor.parallel:closing loop
[46.886s] DEBUG:colcon.colcon_parallel_executor.executor.parallel:loop closed
[46.886s] DEBUG:colcon.colcon_parallel_executor.executor.parallel:run_until_complete finished with '0'
[46.886s] DEBUG:colcon.colcon_core.event_reactor:joining thread
[46.922s] INFO:colcon.colcon_core.plugin_system:Skipping extension 'colcon_notification.desktop_notification.terminal_notifier': Not used on non-Darwin systems
[46.935s] INFO:colcon.colcon_core.plugin_system:Skipping extension 'colcon_notification.desktop_notification.win32': Not used on non-Windows systems
[46.935s] INFO:colcon.colcon_notification.desktop_notification:Sending desktop notification using 'notify2'
[47.062s] DEBUG:colcon.colcon_core.event_reactor:joined thread
[47.062s] INFO:colcon.colcon_core.shell:Creating prefix script '/home/adela/TFM_AdelaJimenez/install/local_setup.ps1'
[47.065s] INFO:colcon.colcon_core.shell:Creating prefix util module '/home/adela/TFM_AdelaJimenez/install/_local_setup_util_ps1.py'
[47.089s] INFO:colcon.colcon_core.shell:Creating prefix chain script '/home/adela/TFM_AdelaJimenez/install/setup.ps1'
[47.115s] INFO:colcon.colcon_core.shell:Creating prefix script '/home/adela/TFM_AdelaJimenez/install/local_setup.sh'
[47.116s] INFO:colcon.colcon_core.shell:Creating prefix util module '/home/adela/TFM_AdelaJimenez/install/_local_setup_util_sh.py'
[47.122s] INFO:colcon.colcon_core.shell:Creating prefix chain script '/home/adela/TFM_AdelaJimenez/install/setup.sh'
[47.138s] INFO:colcon.colcon_core.shell:Creating prefix script '/home/adela/TFM_AdelaJimenez/install/local_setup.bash'
[47.150s] INFO:colcon.colcon_core.shell:Creating prefix chain script '/home/adela/TFM_AdelaJimenez/install/setup.bash'
[47.189s] INFO:colcon.colcon_core.shell:Creating prefix script '/home/adela/TFM_AdelaJimenez/install/local_setup.zsh'
[47.189s] INFO:colcon.colcon_core.shell:Creating prefix chain script '/home/adela/TFM_AdelaJimenez/install/setup.zsh'
