,shoulder_pan_joint,shoulder_lift_joint,elbow_joint,wrist_1_joint,wrist_2_joint,wrist_3_joint,time_from_start
0,1.4587528705596924,-1.3319457213031214,1.956838607788086,-0.5590270201312464,1.4482853412628174,-4.684039894734518,0.0
1,1.4587275561982136,-1.3319568323972553,1.9566858937113831,-0.5589524458745886,1.4480970395177135,-4.679039894734518,1.25
2,1.4586516131137777,-1.3319901656796562,1.9562277514812743,-0.558728723104615,1.447532134282402,-4.664039894734518,2.5
3,1.4585250413063844,-1.3320457211503252,1.95546418109776,-0.5583558518213256,1.4465906255568828,-4.639039894734518,3.75
4,1.4583478407760337,-1.3321234988092612,1.95439518256084,-0.5578338320247207,1.4452725133411555,-4.604039894734519,5.0
5,1.4581231437471383,-1.3322244913495735,1.9530281684637099,-0.5571982125699755,1.4435998095318237,-4.559039896928637,6.25
6,1.4578578372051558,-1.3323508815245215,1.951379436937032,-0.5565271573277606,1.441620912799495,-4.504039888617449,7.5
7,1.4575575238696346,-1.332504445017124,1.9494622470582934,-0.5558842539817839,1.439375196585008,-4.439039869002301,8.75
8,1.4572306511679582,-1.3326863810538376,1.9472891166998672,-0.555331935416465,1.4369239970909558,-4.364039859827277,10.0
9,1.4568878641262315,-1.3328976568745707,1.9448730676826802,-0.5549365667062176,1.4343453328509401,-4.279039840252569,11.25
10,1.4565417715135145,-1.3331385668466944,1.9422261853289289,-0.5547624377314975,1.4317325756104182,-4.18403982566946,12.5
11,1.4562080477823955,-1.3334082696428555,1.9393580502898127,-0.5548655617683789,1.4292032853447019,-4.079039808510464,13.75
12,1.4559052597309923,-1.3337036418294694,1.9362719138809301,-0.5552780225551412,1.42689898586994,-3.9640397958495868,15.0
13,1.455653750306431,-1.3340202155728154,1.9329678020924954,-0.5560206304765103,1.4249756868084802,-3.839039794885841,16.25
14,1.4554766033643856,-1.3343499256897604,1.929434885607876,-0.5570720192032654,1.4236133211898476,-3.704039812322923,17.5
15,1.4553980711366048,-1.3346809674489548,1.9256519134977264,-0.558366472103063,1.4230035970515509,-3.559074719956135,18.75
16,1.4554348571858222,-1.3349763500518912,1.9218770512134482,-0.5596874451045597,1.4232831040989105,-3.4152556558638847,20.0
17,1.4555700868528838,-1.335213143817765,1.9183153878045869,-0.5608291688196099,1.4243290980058916,-3.2814365730269044,21.25
18,1.4557790967472481,-1.3353929559924118,1.9149539577966164,-0.5617152230137545,1.425955196265086,-3.157617478731201,22.5
19,1.4560393752707959,-1.335520222676936,1.9117910501769457,-0.5623164439295465,1.4279888034622061,-3.043798381049922,23.75
20,1.4563303536541827,-1.3356006529599405,1.9088307797378024,-0.5626289714364123,1.4302708176810164,-2.9399792853671762,25.0
21,1.4566340516535696,-1.3356414415597424,1.9060840214165138,-0.5626779522031526,1.4326605228226406,-2.8461601962273297,26.25
22,1.4569363841381366,-1.3356509477297227,1.9035675581559541,-0.5625142171485074,1.4350461486997812,-2.762341115299402,27.5
23,1.4572242175446626,-1.3356367511757832,1.901296704787133,-0.5621843785447105,1.4373234142175644,-2.6885220437273536,28.75
24,1.4574887368636462,-1.3356070824565394,1.8992908921780138,-0.5617536054653769,1.4394207793600788,-2.6247029833355273,30.0
25,1.4577219246702164,-1.3355690487384966,1.8975668454382602,-0.5612778553802293,1.441273285914649,-2.570883930845951,31.25
26,1.457917867944579,-1.3355289694701697,1.8961399438195423,-0.5608095512176874,1.4428325420145445,-2.527064888546756,32.5
27,1.4580728290022653,-1.3354924432469661,1.8950244388966508,-0.5603984288236248,1.4440672385897635,-2.4932458552581527,33.75
28,1.458183922262237,-1.3354637923224517,1.8942313332094258,-0.5600828854938982,1.44495320429421,-2.469426829177854,35.0
29,1.458249018427896,-1.335446206132998,1.8937687456164027,-0.559891254994388,1.445472602868921,-2.455607807938982,36.25
30,1.4584416859849403,-1.33539397970291,1.892400049052172,-0.559322744838317,1.4470099403248453,-2.451300341766164,37.5
31,1.4585970917971665,-1.3353518504737825,1.8912960593071704,-0.5588641898962615,1.448249958423066,-2.4560913452596,38.75
32,1.4585970918024846,-1.3353518447228832,1.8912960627829227,-0.5588641998849379,1.4482499591936642,-2.4702893914230355,40.0
33,1.4585970918115487,-1.3353518349214972,1.8912960687067248,-0.5588642169088612,1.4482499605070114,-2.4944874375864705,41.25
34,1.458597091817311,-1.3353518210749056,1.8912960770951373,-0.5588642410304766,1.4482499623069431,-2.5286854812897435,42.5
35,1.4585970917582363,-1.3353518032292138,1.8912960880927556,-0.5588642727950179,1.4482499641030613,-2.5728835045983653,43.75
36,1.4585970916857953,-1.3353517813458549,1.8912961015786345,-0.5588643117464285,1.4482499663055588,-2.6270815279069852,45.0
37,1.4585970878514518,-1.3353517586230903,1.8912961189507367,-0.5588643545258031,1.4482499639874362,-2.691279547115443,46.25
38,1.4585970761210394,-1.3353517385882012,1.8912961417508412,-0.5588643974286915,1.4482499517148302,-2.765477558893399,47.5
39,1.4585970628073623,-1.3353517158517678,1.8912961676184756,-0.5588644460906421,1.4482499377703588,-2.8496755702881806,48.75
40,1.458597047909535,-1.3353516904132698,1.8912961965515875,-0.5588645005027586,1.4482499221471703,-2.9438735812232246,50.0
41,1.4585970185789119,-1.335351667498248,1.8912962272075948,-0.5588645538804172,1.448249892313759,-3.0480715810349506,51.25
42,1.4585969850869014,-1.335351642931371,1.891296260664089,-0.5588646116660865,1.4482498583033674,-3.162269574576947,52.5
43,1.4585969433105634,-1.335351619688023,1.8912962952603856,-0.558864669213146,1.448249816014307,-3.2864675605308724,53.75
44,1.458596888959933,-1.3353516005536776,1.8912963295621146,-0.5588647222755682,1.4482497611958474,-3.420665539399897,55.0
45,1.4585968273474812,-1.3353515834155543,1.8912963640555371,-0.5588647734825368,1.448249699132821,-3.564863515876816,56.25
46,1.4585967527901018,-1.3353515744031432,1.8912963944852823,-0.5588648124081257,1.4482496242355403,-3.7189319787784805,57.5
47,1.4585966768454144,-1.3353515709423887,1.8912964199645743,-0.5588648408205524,1.4482495480449984,-3.870853891638964,58.75
48,1.4585966025296013,-1.3353515752468095,1.8912964374789967,-0.5588648535123133,1.44824947362358,-4.0127758044994515,60.0
49,1.458596533583727,-1.3353515835085663,1.8912964496107554,-0.5588648569004527,1.4482494046546421,-4.144697717359945,61.25
50,1.4585964700707614,-1.3353515977366155,1.8912964544037418,-0.5588648470198403,1.4482493412365665,-4.266619630220453,62.5
51,1.4585964117671109,-1.3353516107976793,1.8912964588036014,-0.558864837949631,1.4482492830200233,-4.3785415430809715,63.75
52,1.4585963631411882,-1.33535163034448,1.8912964541261115,-0.5588648133820594,1.448249234618625,-4.480463455941492,65.0
53,1.4585963193844007,-1.335351648141697,1.891296449716629,-0.5588647908664011,1.448249191067525,-4.572385368802015,66.25
54,1.4585962803878263,-1.3353516640027885,1.8912964457868422,-0.5588647708001749,1.4482491522542618,-4.654307281662536,67.5
55,1.458596251131765,-1.3353516815808195,1.8912964373611891,-0.5588647445884966,1.4482491232353865,-4.726229194523061,68.75
56,1.4585962268245356,-1.3353516973610802,1.8912964292267953,-0.5588647205007369,1.4482490991458545,-4.788151107383587,70.0
57,1.458596206442771,-1.3353517105929256,1.8912964224060524,-0.5588647003029984,1.448249078946631,-4.840073020244109,71.25
58,1.4585961899864717,-1.3353517212763575,1.8912964168989623,-0.5588646839952816,1.4482490626377151,-4.8819949331046315,72.5
59,1.4585961774556369,-1.3353517294113773,1.8912964127055263,-0.5588646715775868,1.4482490502191077,-4.9139168459651525,73.75
60,1.4585961688502669,-1.3353517349979842,1.8912964098257448,-0.5588646630499141,1.448249041690808,-4.935838758825675,75.0
61,1.458609723093912,-1.335245282688042,1.8911576089041258,-0.5588323289493713,1.448262786994904,-4.947887270358382,76.25
62,1.4590666686799416,-1.3316576599700354,1.8864799695894032,-0.5577428025136302,1.448726170035483,-4.952168738719045,77.5
63,1.4594594027327084,-1.3285742051941147,1.8824596823242121,-0.5568063918106997,1.4491244346815704,-4.946793805521313,78.75
64,1.4594599337063259,-1.3285700676504666,1.882454294024692,-0.5568051428444538,1.4491249676834783,-4.933562338578179,80.0
65,1.459459941407852,-1.328570062095583,1.8824542979098462,-0.5568051544343862,1.4491249659231609,-4.910336172982336,81.25
66,1.4594599524252623,-1.3285700541490506,1.8824543034677492,-0.5568051710143511,1.449124963404941,-4.877110007386493,82.5
67,1.459459966758556,-1.3285700438108692,1.8824543106984009,-0.5568051925843487,1.4491249601288185,-4.833883841790652,83.75
68,1.4594599845056617,-1.3285700312815423,1.8824543203288648,-0.5568052221484402,1.449124956832772,-4.7806576780084455,85.0
69,1.4594600056860494,-1.3285700166009322,1.8824543325036909,-0.5568052603038722,1.449124953663522,-4.717431515920797,86.25
70,1.4594600333155012,-1.3285700005189591,1.8824543434545826,-0.5568052968146805,1.449124961781096,-4.644205358717948,87.5
71,1.4594600727068312,-1.3285699846137293,1.8824543477823086,-0.5568053185161412,1.44912500139375,-4.560979213226586,88.75
72,1.4594601168553272,-1.3285699667886615,1.882454352605893,-0.5568053427434959,1.4491250459578602,-4.467753075049982,90.0
73,1.4594601664741353,-1.3285699482889335,1.8824543564315057,-0.5568053665530894,1.4491250960621294,-4.364526943780407,91.25
74,1.4594602250376765,-1.3285699351754512,1.8824543519841395,-0.5568053756054951,1.4491251545934696,-4.251300822400579,92.5
75,1.4594602887725805,-1.3285699209029294,1.8824543471407087,-0.5568053854435839,1.4491252182872998,-4.128074709633483,93.75
76,1.4594603579438923,-1.3285699141076903,1.882454333481903,-0.5568053790533367,1.4491252875213116,-3.9948486025795704,95.0
77,1.4594604323994749,-1.3285699098177395,1.882454315857247,-0.5568053662391064,1.4491253620816185,-3.8516224971178743,96.25
78,1.4594605076613982,-1.3285699150622456,1.8824542887703117,-0.5568053344330557,1.4491254376195313,-3.698396396522388,97.5
79,1.4594605860793892,-1.3285699245801725,1.882454256624926,-0.5568052933168323,1.4491255163971402,-3.5351703022569976,98.75
80,1.459460653073668,-1.328569946996707,1.8824542153377575,-0.5568052300769436,1.4491255839505335,-3.3706867718712363,100.0
81,1.459460712715351,-1.3285699705336773,1.8824541751166133,-0.5568051667308538,1.4491256441530926,-3.2161610132033482,101.25
82,1.4594607547959002,-1.3285700014471993,1.882454132892714,-0.5568050938806216,1.4491256868815663,-3.07163525453547,102.5
83,1.459460791825777,-1.328570031091922,1.8824540933738296,-0.5568050249691351,1.4491257245246416,-2.937109495867607,103.75
84,1.4594608113334884,-1.3285700645413046,1.8824540552975353,-0.5568049535718966,1.449125744669741,-2.8125837371997604,105.0
85,1.4594608292746396,-1.328570095304537,1.8824540202789368,-0.5568048879081898,1.4491257631970949,-2.6980579785319327,106.25
86,1.4594608347741995,-1.3285701258164453,1.8824539891422707,-0.5568048262906449,1.4491257692479778,-2.5935322198641195,107.5
87,1.4594608356681953,-1.3285701543226152,1.8824539612936368,-0.5568047699350999,1.4491257706466683,-2.499006461196316,108.75
88,1.459460836467614,-1.3285701798130773,1.882453936391141,-0.5568047195414797,1.4491257718973896,-2.414480702528527,110.0
89,1.459460830979045,-1.32857020264466,1.882453915900814,-0.5568046761755117,1.4491257667978634,-2.3399549438607457,111.25
90,1.4594608220417855,-1.3285702226537817,1.882453899150573,-0.5568046393486253,1.449125758191452,-2.275429185192971,112.5
91,1.4594608144895942,-1.3285702395619514,1.8824538849962307,-0.5568046082290545,1.4491257509188353,-2.2209034265252012,113.75
92,1.4594608083224712,-1.3285702533691681,1.8824538734377865,-0.5568045828167991,1.4491257449800132,-2.1763776678574343,115.0
93,1.459460803540417,-1.3285702640754344,1.8824538644752429,-0.5568045631118592,1.4491257403749858,-2.1418519091896693,116.25
94,1.4594608001434315,-1.3285702716807508,1.8824538581085999,-0.5568045491142348,1.4491257371037531,-2.117326150521899,117.5
95,1.4594607981315142,-1.3285702761851164,1.8824538543378573,-0.5568045408239259,1.449125735166315,-2.10280039185413,118.75
96,1.4597756472344077,-1.3260676878811584,1.8791711308303942,-0.5560247417586894,1.4494451629407314,-2.09642711198086,120.0
97,1.4602693545995913,-1.322143447934242,1.8740235911049965,-0.5548019697208406,1.4499460487674989,-2.099463348491586,121.25
98,1.460312378161242,-1.3218014788538404,1.8735750278282477,-0.5546954236528153,1.4499896939733674,-2.1104424794936265,122.5
99,1.4603123799409403,-1.3218014729712408,1.8735750345620463,-0.554695440389422,1.4499896882421206,-2.1310388732120806,123.75
100,1.4603123825847217,-1.3218014642325104,1.8735750445652513,-0.5546954652520177,1.4499896797282277,-2.1616352669305305,125.0
101,1.460312386092585,-1.321801452637649,1.8735750578378627,-0.5546954982406023,1.449989668431689,-2.2022316606489802,126.25
102,1.4603123903851094,-1.3218014381029393,1.8735750740662276,-0.5546955380373738,1.4499896537363002,-2.2528280492541293,127.5
103,1.4603123952716386,-1.3218014204274122,1.8735750924974095,-0.5546955814789001,1.4499896341628382,-2.31342442307238,128.75
104,1.4603124007680097,-1.321801399815265,1.873575113939059,-0.5546956317861037,1.4499896120122016,-2.384020796375785,130.0
105,1.460312399943037,-1.3218013755721176,1.873575137292293,-0.5546956782634028,1.449989610308954,-2.4646171536196215,131.25
106,1.4603123990287883,-1.3218013483164783,1.8735751635307598,-0.5546957304663308,1.449989608499027,-2.5552135068342245,132.5
107,1.4603123980421704,-1.321801318042504,1.8735751926385371,-0.5546957883418471,1.4499896067176528,-2.6558098517530473,133.75
108,1.4603123825442854,-1.3218012881154362,1.873575226174304,-0.5546958515138104,1.4499895906737021,-2.766406186215026,135.0
109,1.4603123637953064,-1.3218012559139303,1.8735752629418645,-0.5546959203496349,1.44998957137334,-2.8870025133626998,136.25
110,1.4603123348681115,-1.3218012245502948,1.8735753018852992,-0.5546959904594507,1.449989541856052,-3.0175988339173596,137.5
111,1.4603122942239972,-1.321801194649897,1.8735753428471391,-0.5546960610450694,1.4499895005827663,-3.158195151281212,138.75
112,1.4603122429660211,-1.3218011676416213,1.8735753841143339,-0.5546961289672159,1.4499894487204452,-3.308791465547556,140.0
113,1.460312178855644,-1.3218011449802116,1.8735754249308738,-0.5546961919985424,1.4499893840511444,-3.469387773168804,141.25
114,1.4603121039059532,-1.3218011307746875,1.8735754607165958,-0.5546962414646933,1.4499893086656976,-3.6354691597650297,142.5
115,1.4603120289450695,-1.3218011216416345,1.873575491579893,-0.5546962809346536,1.449989233358888,-3.7926268362754856,143.75
116,1.4603119536693319,-1.3218011244845662,1.873575510906119,-0.5546962968864544,1.4499891579485067,-3.9397845127859368,145.0
117,1.4603118828803998,-1.3218011285428024,1.8735755277357022,-0.5546963091576547,1.449989087057476,-4.076942189296381,146.25
118,1.4603118175435403,-1.321801141572874,1.87357553425335,-0.5546963021813659,1.4499890217907785,-4.204099865806816,147.5
119,1.4603117573906206,-1.3218011550334854,1.8735755388318691,-0.5546962928718598,1.4499889617283825,-4.321257542317246,148.75
120,1.4603117044687413,-1.3218011709441866,1.8735755389095095,-0.554696276661784,1.4499889089581806,-4.428415218827672,150.0
121,1.4603116588860565,-1.3218011894906303,1.8735755342742613,-0.5546962531541952,1.4499888635918798,-4.525572895338092,151.25
122,1.460311617994991,-1.3218012061281685,1.873575530116092,-0.554696232066134,1.4499888228949267,-4.612730571848511,152.5
123,1.4603115837070044,-1.3218012222629953,1.8735755245086618,-0.554696210078206,1.449988788808377,-4.689888248358928,153.75
124,1.460311557725081,-1.3218012391479337,1.873575515735723,-0.554696184233046,1.449988763061583,-4.757045924869345,155.0
125,1.4603115356119518,-1.321801253518649,1.873575508269103,-0.5546961622363157,1.449988741148572,-4.814203601379766,156.25
126,1.4603115173676167,-1.3218012653751379,1.8735755021087994,-0.5546961440880143,1.4499887230693436,-4.861361277890197,157.5
127,1.460311502992076,-1.3218012747174044,1.8735754972548162,-0.5546961297881428,1.4499887088238976,-4.8985189544006245,158.75
128,1.4603114924853298,-1.3218012815454485,1.8735754937071534,-0.5546961193367012,1.4499886984122348,-4.92567663091105,160.0
129,1.4603114858473778,-1.3218012858592703,1.873575491465811,-0.5546961127336896,1.4499886918343545,-4.942834307421478,161.25
130,1.4604887223068932,-1.3203750829581018,1.87169350542171,-0.5542405179315294,1.4501685875609092,-4.9512163796781214,162.5
131,1.461011529445579,-1.3161681808152346,1.8661421813261414,-0.5528966517302842,1.4506992381170196,-4.950831011311685,163.75
132,1.4611511983331174,-1.3150443205845042,1.86465916736797,-0.5525376472518686,1.4508409989074238,-4.941869367100028,165.0
133,1.4611512042137238,-1.3150443163494685,1.8646591703469435,-0.5525376560998823,1.4508409976028358,-4.923930139734061,166.25
134,1.4611512133724014,-1.315044309753665,1.8646591749865087,-0.5525376698801115,1.4508409955710213,-4.895990912368093,167.5
135,1.4611512258091504,-1.3150443007970936,1.8646591812866657,-0.5525376885925566,1.4508409928119805,-4.858051685002124,168.75
136,1.4611512415239707,-1.3150442894797538,1.864659189247415,-0.5525377122372173,1.4508409893257133,-4.810112457636155,170.0
137,1.461151260706111,-1.3150442761974976,1.8646592003013254,-0.5525377467057038,1.4508409865567489,-4.7521732370742304,171.25
138,1.4611512832013445,-1.3150442606277268,1.8646592132809303,-0.5525377871966707,1.4508409833278735,-4.684234016559502,172.5
139,1.4611513171878405,-1.3150442452273987,1.8646592197530951,-0.5525378132012014,1.450841010833043,-4.606294808763885,173.75
140,1.4611513582157885,-1.3150442286561572,1.8646592242969757,-0.5525378358394042,1.4508410521049877,-4.518355605623697,175.0
141,1.4611514039474827,-1.3150442101864641,1.8646592293185806,-0.5525378609203502,1.4508410983782682,-4.42041641419438,176.25
142,1.461151457292484,-1.3150441949462623,1.864659228654276,-0.5525378763683253,1.4508411519209536,-4.312477230117022,177.5
143,1.4611515174219618,-1.3150441814956386,1.8646592240472124,-0.5525378856095567,1.4508412120142016,-4.194538053922756,178.75
144,1.4611515827243449,-1.3150441693553265,1.864659216639769,-0.5525378907748653,1.450841277304028,-4.066598885278006,180.0
145,1.4611516534086764,-1.3150441653218532,1.8646591997602733,-0.5525378784292789,1.4508413480895348,-3.928659721535225,181.25
146,1.4611517280835415,-1.315044163539136,1.8646591795128795,-0.5525378604933874,1.4508414229153166,-3.7807205591700628,182.5
147,1.4611518028806636,-1.3150441726845326,1.8646591485810058,-0.5525378209449252,1.4508414980596103,-3.6227814037266004,183.75
148,1.4611518763951599,-1.315044187904373,1.8646591121073264,-0.5525377697696546,1.4508415720261987,-3.45649431131772,185.0
149,1.4611519397381283,-1.315044210334938,1.8646590716014146,-0.5525377072774738,1.4508416359244607,-3.2966842656426762,186.25
150,1.46115198907787,-1.3150442378893377,1.8646590302249466,-0.5525376386902964,1.4508416858760695,-3.1468742199676374,187.5
151,1.4611520292082565,-1.315044267450749,1.8646589896038848,-0.552537568785672,1.4508417266312916,-3.007064174292605,188.75
152,1.4611520564119802,-1.3150442989900153,1.8646589508610112,-0.5525374986891625,1.4508417544631318,-2.877254128617584,190.0
153,1.4611520749168874,-1.315044330786682,1.8646589144282015,-0.552537430583514,1.4508417735792676,-2.7574440829425697,191.25
154,1.4611520889943264,-1.3150443605742177,1.8646588812566613,-0.5525373677173159,1.4508417882212727,-2.64763403726756,192.5
155,1.4611520899281671,-1.3150443903020645,1.864658852012716,-0.5525373087451246,1.4508417896861818,-2.547823991592551,193.75
156,1.461152090768446,-1.3150444170514641,1.8646588256987258,-0.5525372556813757,1.450841791004321,-2.4580139459175436,195.0
157,1.461152090975592,-1.315044440853208,1.8646588024435413,-0.5525372086202914,1.450841791635335,-2.37820390024254,196.25
158,1.461152081446683,-1.3150444622267008,1.8646587844208886,-0.5525371691514593,1.4508417824630766,-2.3083938545675364,197.5
159,1.4611520732827508,-1.315044480538529,1.864658768979906,-0.5525371353363742,1.4508417746047062,-2.2485838088925325,198.75
160,1.4611520664837951,-1.3150444957886906,1.8646587561205912,-0.5525371071750356,1.450841768060224,-2.1987737632175186,200.0
161,1.4611520610498165,-1.3150445079771877,1.8646587458429467,-0.5525370846674437,1.4508417628296293,-2.158963717542501,201.25
162,1.4611520569808145,-1.3150445171040213,1.8646587381469732,-0.5525370678135987,1.4508417589129232,-2.129153671867485,202.5
163,1.4611520542767893,-1.315044523169191,1.864658733032671,-0.5525370566135004,1.450841756310105,-2.109343626192478,203.75
164,1.4612169348638304,-1.3145159796066535,1.86395715725946,-0.5523640930453848,1.4509076408345387,-2.098966456313245,205.0
165,1.4617114459098404,-1.3104875539304366,1.8586099747985387,-0.5510458595852324,1.4514098030720042,-2.096698688720089,206.25
166,1.4619801098546965,-1.3082989460714847,1.8557049037788849,-0.5503296820708058,1.4516826214095684,-2.1036586906765486,207.5
167,1.4619801111671746,-1.3082989417666844,1.855704908734521,-0.5503296943339825,1.451682617248669,-2.1189203834566888,208.75
168,1.4619801133396353,-1.3082989346412264,1.855704916937265,-0.5503297146324256,1.4516826103614013,-2.144182076236829,210.0
169,1.4619801163720783,-1.3082989246951113,1.8557049283871168,-0.5503297429661351,1.4516826007477652,-2.1794437690169737,211.25
170,1.461980120264503,-1.3082989119283392,1.8557049430840764,-0.5503297793351111,1.451682588407761,-2.224705461797117,212.5
171,1.4619801247886492,-1.3082988960947068,1.855704960108862,-0.5503298198962043,1.451682571547928,-2.279967137853489,213.75
172,1.4619801300360873,-1.308298877292982,1.8557049798302603,-0.5503298661911634,1.4516825508877427,-2.3452288075108343,215.0
173,1.4619801325989232,-1.3082988552643908,1.8557050020355863,-0.5503299142717277,1.4516825384576393,-2.4204904689023587,216.25
174,1.4619801317368843,-1.3082988299355378,1.8557050266106865,-0.5503299630115442,1.4516825366757409,-2.505752121960124,217.5
175,1.4619801308053948,-1.308298801624891,1.8557050540377493,-0.5503300173669587,1.451682534941234,-2.6010137651653977,218.75
176,1.4619801242234598,-1.3082987716333054,1.855705084931793,-0.5503300772273577,1.4516825276601346,-2.706275401598328,220.0
177,1.4619801065537195,-1.3082987412269538,1.8557051198828185,-0.5503301424503432,1.451682509462695,-2.8215370296063753,221.25
178,1.4619800873514046,-1.3082987081836062,1.8557051578698947,-0.5503302133473255,1.4516824896897897,-2.9467986488694313,222.5
179,1.4619800496362072,-1.308298679410763,1.8557051971518082,-0.5503302811415882,1.4516824513707867,-3.0820602621904674,223.75
180,1.4619800082343553,-1.3082986488761936,1.8557052392459568,-0.5503303534844575,1.4516824093206029,-3.2273218751715866,225.0
181,1.4619799483688725,-1.3082986263949996,1.8557052789173372,-0.550330415214787,1.4516823489049286,-3.3825834818741565,226.25
182,1.4619798816162504,-1.3082986052603984,1.8557053193061837,-0.5503304762662287,1.451682281609121,-3.5476529989353063,227.5
183,1.4619798052080493,-1.3082985958874565,1.855705351044627,-0.5503305168339176,1.451682204844061,-3.7101427149473905,228.75
184,1.4619797314701222,-1.3082985916531753,1.8557053769686775,-0.55033054646644,1.4516821308477104,-3.8626324309595024,230.0
185,1.4619796589706135,-1.308298595771962,1.8557053943576753,-0.5503305592177561,1.4516820582421,-4.005122146971653,231.25
186,1.4619795916706004,-1.3082986031453911,1.855705407027675,-0.5503305640318226,1.4516819909070255,-4.137611862983855,232.5
187,1.4619795296717246,-1.3082986170054982,1.8557054117877652,-0.5503305544856695,1.4516819290021308,-4.260101578996069,233.75
188,1.4619794727344058,-1.3082986297340677,1.8557054161592368,-0.5503305457188574,1.451681872151121,-4.3725912950083154,235.0
189,1.4619794249592895,-1.308298648383572,1.8557054120334946,-0.5503305225979813,1.4516818245908183,-4.475081011020593,236.25
190,1.4619793821827578,-1.3082986657932376,1.855705407643661,-0.5503305004888492,1.4516817820193366,-4.5675707270328845,237.5
191,1.4619793440312303,-1.3082986813205661,1.8557054037284535,-0.5503304807701587,1.4516817440506886,-4.650060443045203,238.75
192,1.4619793150315683,-1.308298698304197,1.855705395685447,-0.550330455532409,1.4516817152826103,-4.722550159057537,240.0
193,1.4619792911994995,-1.3082987138056619,1.8557053875654228,-0.5503304317370693,1.4516816916684503,-4.785039875069875,241.25
194,1.4619792711811894,-1.3082987268264827,1.8557053807448145,-0.5503304117496098,1.4516816718331778,-4.8375295910822285,242.5
195,1.4619792549766375,-1.3082987373666601,1.8557053752236228,-0.5503303955700312,1.4516816557767922,-4.880019307094566,243.75
196,1.4619792425858442,-1.3082987454261956,1.8557053710018494,-0.5503303831983335,1.4516816434992943,-4.912509023106917,245.0
197,1.4619792340088096,-1.308298751005089,1.8557053680794944,-0.5503303746345171,1.4516816350006838,-4.934998739119264,246.25
198,1.461984880664171,-1.3082521475509223,1.8556431423551327,-0.5503147582843346,1.4516873718318453,-4.947546411156785,247.5
199,1.4623907305301767,-1.3049051518451855,1.8511745901085086,-0.5491936293758648,1.4520996944435736,-4.952371570685236,248.75
200,1.4627912587288683,-1.3016020689637149,1.8467646701026996,-0.5480872147249878,1.4525066085169174,-4.9475022620438684,250.0
201,1.4627959356503475,-1.301563529863956,1.8467132228273682,-0.548074312603886,1.4525113549963,-4.9348958557949425,251.25
202,1.4627959429610395,-1.301563524607512,1.8467132265475839,-0.5480743236037522,1.4525113534196477,-4.912338364322222,252.5
203,1.4627959535126474,-1.3015635170208246,1.8467132319170152,-0.548074339479988,1.452511351144047,-4.8797808728495,253.75
204,1.4627959673051707,-1.3015635071038942,1.8467132389356617,-0.5480743602325931,1.4525113481694976,-4.837223381376777,255.0
205,1.4627959844184368,-1.3015634950273598,1.8467132482195299,-0.5480743883827902,1.4525113451130904,-4.784665897262952,256.25
206,1.462796004893118,-1.301563480878159,1.8467132600824652,-0.548074425215102,1.4525113422892226,-4.722108421975876,257.5
207,1.4627960309279195,-1.3015634651631909,1.8467132714583805,-0.5480744621690894,1.4525113477666483,-4.649550950474876,258.75
208,1.4627960688990143,-1.3015634498228228,1.846713275703019,-0.5480744831701573,1.4525113859460133,-4.566993491780055,260.0
209,1.4627961114894985,-1.3015634326168546,1.846713280441012,-0.5480745066450431,1.452511428913331,-4.474436039665425,261.25
210,1.4627961590950078,-1.3015634142306813,1.8467132848340533,-0.5480745309487185,1.4525114770210448,-4.371878594581831,262.5
211,1.4627962156731504,-1.3015634015865243,1.846713280462466,-0.5480745396048363,1.4525115335665604,-4.259321160168983,263.75
212,1.4627962772771126,-1.3015633878182231,1.8467132756995337,-0.5480745490176553,1.452511595129615,-4.136763733769402,265.0
213,1.4627963441427945,-1.3015633805806064,1.8467132629752652,-0.5480745439982705,1.4525116620483045,-4.004206313370094,266.25
214,1.4627964161667377,-1.3015633765053185,1.8467132456226865,-0.5480745312376836,1.4525117341766447,-3.861648895055149,267.5
215,1.462796489379004,-1.3015633808256162,1.8467132196771583,-0.5480745014966257,1.4525118076479795,-3.7090914811763764,268.75
216,1.462796565282571,-1.3015633901646557,1.8467131880075902,-0.5480744610317551,1.4525118839080853,-3.54653407367281,270.0
217,1.4627966314578609,-1.3015634112725303,1.8467131476695915,-0.5480744000569263,1.4525119506270174,-3.3815180921378944,271.25
218,1.4627966907637782,-1.3015634336921433,1.8467131080804347,-0.5480743384694973,1.452512010483031,-3.226328961179312,272.5
219,1.4627967318559512,-1.30156346403199,1.8467130661163047,-0.5480742664540964,1.4525120522221158,-3.0811398302207005,273.75
220,1.4627967691710317,-1.30156349266755,1.8467130269448613,-0.5480741989088976,1.452512090144112,-2.945950699262084,275.0
221,1.4627967882387087,-1.3015635254887772,1.846712989074326,-0.548074128346784,1.4525121098484117,-2.8207615683034613,276.25
222,1.4627968057832759,-1.3015635556882665,1.846712954228849,-0.5480740634211105,1.4525121279787492,-2.7055724373448253,277.5
223,1.4627968121899615,-1.3015635854144665,1.8467129231498878,-0.5480740026552646,1.4525121349349788,-2.6003833063861848,278.75
224,1.4627968130711657,-1.3015636134132738,1.8467128954046377,-0.548073946911185,1.4525121363209628,-2.5051941754275333,280.0
225,1.4627968138597958,-1.3015636384706892,1.846712870574133,-0.5480738970232445,1.452512137561344,-2.4200050444688768,281.25
226,1.4627968092094676,-1.3015636608892076,1.8467128499464371,-0.5480738539385012,1.4525121333018562,-2.3448159135102187,282.5
227,1.4627968004385217,-1.3015636805942399,1.8467128332039344,-0.5480738174234245,1.452512124862784,-2.2796267825515635,283.75
228,1.462796793013037,-1.301563697276523,1.846712819029727,-0.5480737865097534,1.4525121177182636,-2.224437651592919,285.0
229,1.4627967869330138,-1.3015637109360558,1.8467128074238137,-0.5480737611974874,1.4525121118682947,-2.1792485206342795,286.25
230,1.462796782198452,-1.3015637215728415,1.8467127983861986,-0.5480737414866274,1.4525121073128786,-2.1440593896756392,287.5
231,1.4627967788093517,-1.3015637291868796,1.8467127919168804,-0.548073727377173,1.4525121040520141,-2.1188702587169943,288.75
232,1.4627967767657128,-1.3015637337781703,1.8467127880158598,-0.5480737188691245,1.452512102085702,-2.1036811277583523,290.0
233,1.463058796903275,-1.299376189634408,1.843775424649987,-0.5473241746347326,1.4527784278668947,-2.0967742345456304,291.25
234,1.463538970964394,-1.295367341265502,1.8383924830284528,-0.5459505858467442,1.4532664913507254,-2.0990992438218457,292.5
235,1.4636023231713668,-1.2948384345855861,1.8376822926415375,-0.5457693706426927,1.453330880893484,-2.109508893112527,293.75
236,1.4636023248683845,-1.2948384290615107,1.8376822990403647,-0.5457693864057835,1.4533308755918908,-2.129342482519496,295.0
237,1.4636023274210306,-1.2948384207522234,1.8376823086654497,-0.5457694101165489,1.4533308676172598,-2.159176071926474,296.25
238,1.4636023308293047,-1.294838409657724,1.837682321516792,-0.5457694417749885,1.453330856969591,-2.1990096613334416,297.5
239,1.4636023350410978,-1.2948383957204814,1.8376823373804034,-0.5457694804910904,1.453330843234327,-2.2488432466102095,298.75
240,1.463602339835965,-1.2948383786971132,1.8376823553510144,-0.5457695224997039,1.4533308246576997,-2.3086768130864646,300.0
241,1.4636023454321998,-1.294838358828625,1.8376823763250583,-0.5457695715292282,1.4533308029763556,-2.3785103795627287,301.25
242,1.463602344952818,-1.2948383354392103,1.8376823992692404,-0.5457696172516128,1.4533308003030103,-2.4583439301739327,302.5
243,1.4636023440648462,-1.2948383090815188,1.8376824250244692,-0.5457696681332209,1.453330798522789,-2.548177476907148,303.75
244,1.4636023431077823,-1.2948382797792262,1.837682453617642,-0.5457697245824672,1.4533307967883728,-2.648011014281575,305.0
245,1.4636023292812828,-1.2948382505118883,1.837682486454123,-0.5457697862957976,1.4533307823965318,-2.7578445420834314,306.25
246,1.4636023111635406,-1.2948382192855983,1.8376825226099047,-0.5457698535442401,1.4533307637324884,-2.877678062384304,307.5
247,1.4636022844856615,-1.2948381883223923,1.8376825610566359,-0.5457699227667012,1.4533307364696673,-3.007511575777614,308.75
248,1.4636022451836912,-1.2948381592755356,1.8376826013728416,-0.5457699918544783,1.4533306965457606,-3.1473450854330562,310.0
249,1.4636021968270727,-1.2948381322156457,1.8376826424249613,-0.5457700596243428,1.453330647580052,-3.297178592454504,311.25
250,1.463602134796898,-1.2948381101492004,1.8376826826245423,-0.5457701214463815,1.4533305849966784,-3.4570120927751837,312.5
251,1.4636020627917294,-1.2948380951850322,1.837682718793872,-0.5457701720621226,1.453330512541508,-3.623294414370993,313.75
252,1.4636019895695083,-1.294838086151191,1.8376827494818877,-0.5457702112561037,1.453330438973235,-3.781209563306076,315.0
253,1.4636019164560579,-1.29483808786959,1.8376827695428581,-0.5457702290691975,1.4533303657079077,-3.92912471224117,316.25
254,1.4636018472634216,-1.2948380917697881,1.8376827862873886,-0.5457702414119402,1.4533302964125467,-4.067039861176278,317.5
255,1.4636017833482027,-1.2948381036497778,1.837682793598816,-0.5457702363782038,1.453330232551708,-4.194955010111389,318.75
256,1.463601724498791,-1.2948381167944012,1.8376827981568518,-0.5457702273628195,1.4533301737921527,-4.312870159046516,320.0
257,1.4636016723428216,-1.2948381317571425,1.837682798931843,-0.5457702127943064,1.4533301217755685,-4.420785307981651,321.25
258,1.4636016276907606,-1.2948381499340893,1.83768279430702,-0.5457701896653622,1.453330077339626,-4.5187004569167915,322.5
259,1.4636015875989812,-1.294838166254634,1.837682790154521,-0.5457701688985579,1.453330037441893,-4.606615605851933,323.75
260,1.463601553482748,-1.2948381817647583,1.8376827850226047,-0.5457701480061797,1.4533300035200365,-4.684530754787075,325.0
261,1.463601527944705,-1.2948381983879922,1.837682776241539,-0.5457701224133711,1.453329978217898,-4.752445903722222,326.25
262,1.4636015061669487,-1.2948382125635791,1.8376827687534198,-0.545770100588913,1.4533299566413111,-4.810361052657367,327.5
263,1.4636014881494792,-1.2948382242915155,1.8376827625582437,-0.5457700825328045,1.4533299387902758,-4.858276201592497,328.75
264,1.463601473892296,-1.294838233571805,1.8376827576560146,-0.5457700682450466,1.4533299246647917,-4.8961913505276335,330.0
265,1.4636014633953998,-1.2948382404044476,1.837682754046733,-0.5457700577256394,1.4533299142648592,-4.924106499462766,331.25
266,1.4636014566587903,-1.2948382447894433,1.8376827517303989,-0.5457700509745829,1.4533299075904782,-4.942021648397904,332.5
267,1.463735348835891,-1.2937065977468911,1.836154591504742,-0.5453736777611489,1.4534660657823848,-4.9509939677182615,333.75
268,1.4642278152046007,-1.2895444025347982,1.8305340367161083,-0.5439158331730095,1.4539668660114642,-4.951414619668647,335.0
269,1.4643961321624195,-1.2881218534678505,1.8286130556366393,-0.543417577879267,1.4541380282023715,-4.94307691370073,336.25
270,1.4643961376367007,-1.288121849538494,1.8286130584359794,-0.5434175861177404,1.4541380270525446,-4.9259932359281615,337.5
271,1.4643961463153747,-1.2881218433090733,1.8286130628739254,-0.5434175991786373,1.4541380252296618,-4.898909558155594,338.75
272,1.4643961581984413,-1.2881218347795877,1.8286130689504765,-0.543417617061958,1.4541380227337228,-4.86182588038303,340.0
273,1.4643961732859005,-1.2881218239500378,1.8286130766656328,-0.5434176397677024,1.4541380195647284,-4.814742202610463,341.25
274,1.4643961917395045,-1.2881218111738837,1.828613087291652,-0.543417672477094,1.4541380169888314,-4.757658545068132,342.5
275,1.4643962134443145,-1.2881217961999574,1.8286130999244756,-0.5434177115083848,1.4541380141063098,-4.690574889603088,343.75
276,1.4643962453250863,-1.288121781127203,1.8286131071166758,-0.543417738711321,1.4541380374358006,-4.613491245417358,345.0
277,1.4643962848205077,-1.2881217651683474,1.8286131115710151,-0.5434177605982231,1.4541380771454537,-4.5264076065112215,346.25
278,1.4643963288884492,-1.2881217473628788,1.8286131164975732,-0.5434177848665226,1.4541381217219218,-4.429323979952045,347.5
279,1.4643963799621953,-1.288121732016762,1.8286131166534392,-0.5434178013284668,1.454138173033305,-4.322240360043142,348.75
280,1.4643964379985632,-1.2881217190569008,1.8286131121285578,-0.5434178101588982,1.4541382310337063,-4.205156748204463,350.0
281,1.4643965010359898,-1.2881217064460875,1.8286131057624322,-0.5434178168293482,1.4541382940463639,-4.078073144252761,351.25
282,1.464396569334811,-1.2881217026093883,1.828613089158995,-0.5434178045586999,1.4541383624458781,-3.940989545801301,352.5
283,1.4643966420050123,-1.2881216998671172,1.8286130701675534,-0.5434177888375992,1.4541384352472455,-3.7939059482433786,353.75
284,1.464396714337809,-1.2881217088134005,1.828613039715372,-0.5434177499640515,1.4541385079238216,-3.6368223576728385,355.0
285,1.4643967867684875,-1.288121722585132,1.8286130044606397,-0.5434177014621566,1.454138580785989,-3.4707702427607288,356.25
286,1.4643968486890053,-1.288121744640175,1.8286129641510076,-0.5434176395436419,1.4541386432617176,-3.310109961619327,357.5
287,1.4643968983126063,-1.2881217708196864,1.82861292343402,-0.5434175730028445,1.4541386934843528,-3.1594496804779206,358.75
288,1.4643969375748447,-1.2881217998633945,1.8286128829782662,-0.5434175037829984,1.4541387333714786,-3.018789399336509,360.0
289,1.4643969656472935,-1.2881218302614128,1.8286128445247316,-0.5434174351292719,1.4541387620652362,-2.888129118195078,361.25
290,1.4643969837740984,-1.288121861507237,1.8286128082028767,-0.5434173676868012,1.4541387808037194,-2.767468837053639,362.5
291,1.464396998864227,-1.2881218905060685,1.8286127750106473,-0.5434173055993219,1.4541387964571835,-2.6568085559121952,363.75
292,1.4643969997864024,-1.288121919743203,1.8286127458140435,-0.543417247165929,1.4541387979114084,-2.556148274770741,365.0
293,1.4643970006169647,-1.2881219460757982,1.8286127195179445,-0.5434171945375462,1.4541387992211647,-2.465487993629287,366.25
294,1.4643970013559149,-1.2881219695038566,1.8286126961223532,-0.5434171477141735,1.4541388003864526,-2.384827712487828,367.5
295,1.4643969923717441,-1.2881219905683912,1.8286126779686207,-0.5434171084258861,1.4541387917613624,-2.314167431346365,368.75
296,1.4643969843251723,-1.288122008670579,1.8286126624652037,-0.5434170747577346,1.4541387840225544,-2.2535071502048996,370.0
297,1.4643969776050982,-1.288122023788573,1.8286126495175614,-0.5434170466398625,1.4541387775595083,-2.2028468690634493,371.25
298,1.464396972211522,-1.2881220359223757,1.8286126391256963,-0.5434170240722698,1.4541387723722243,-2.1621865879220072,372.5
299,1.464396968144443,-1.288122045071988,1.828612631289609,-0.5434170070549567,1.4541387684607023,-2.131526306780557,373.75
300,1.464396965403862,-1.2881220512374096,1.8286126260092996,-0.543416995587923,1.454138765824942,-2.110866025639106,375.0
301,1.464433898992399,-1.287806034697337,1.828183486538262,-0.5433039111259306,1.4541763429791768,-2.099837888814375,376.25
302,1.4648811238397237,-1.2839795334395039,1.8229873170651043,-0.5419347088744588,1.4546313596760212,-2.0966758343812275,377.5
303,1.4651809561838776,-1.2814141420916345,1.8195036683535717,-0.5410167650815733,1.454936413734824,-2.102958953456396,378.75
304,1.4651809574021029,-1.2814141381553912,1.8195036729440603,-0.5410167763374059,1.454936409980631,-2.117273612097253,380.0
305,1.4651809594713618,-1.2814141314693488,1.8195036807413936,-0.5410167954563898,1.4549364036038168,-2.1415882707381146,381.25
306,1.465180962391654,-1.281414122033507,1.8195036917455711,-0.541016822438525,1.4549363946043812,-2.175902929378973,382.5
307,1.46518096616298,-1.2814141098478662,1.8195037059565935,-0.5410168572838114,1.454936382982324,-2.220217588019825,383.75
308,1.4651809705998615,-1.2814140947027475,1.8195037225978592,-0.5410168967793704,1.454936367243774,-2.2745322357479423,385.0
309,1.465180975734377,-1.281414076634414,1.8195037418036812,-0.5410169414808678,1.454936347647094,-2.338846877005763,386.25
310,1.465180978883596,-1.2814140554851858,1.8195037635874436,-0.5410169890021805,1.4549363338236019,-2.4131615115627816,387.5
311,1.4651809780512555,-1.2814140310603372,1.819503787656346,-0.5410170363810697,1.4549363320986188,-2.49747613623349,388.75
312,1.4651809771463293,-1.281414003729234,1.8195038145539184,-0.5410170892932971,1.4549363303859488,-2.5917907521038543,390.0
313,1.4651809721944757,-1.2814139744169422,1.8195038447226484,-0.541017147658025,1.4549363247172549,-2.6961053610864667,391.25
314,1.4651809551452117,-1.2814139449956954,1.8195038790477307,-0.5410172112698495,1.4549363071461145,-2.8104199614481926,392.5
315,1.4651809366049668,-1.2814139130018578,1.8195039163795104,-0.5410172804626008,1.4549362880414214,-2.9347345521041195,393.75
316,1.4651809017520945,-1.2814138844668634,1.8195039551689105,-0.541017347539221,1.4549362525910954,-3.069049137341843,395.0
317,1.4651808617451358,-1.281413854848998,1.8195039965794413,-0.5410174182834515,1.4549362119438753,-3.2133637215720947,396.25
318,1.4651808053766504,-1.281413832029242,1.8195040361428112,-0.5410174802587975,1.4549361550175155,-3.3676783002165305,397.5
319,1.465180741934543,-1.2814138101987245,1.819504076844215,-0.5410175423303757,1.4549360910176925,-3.531973372474103,398.75
320,1.465180667195597,-1.2814138009342735,1.819504108452453,-0.5410175826572584,1.4549360159213716,-3.6954047642544903,400.0
321,1.4651805955786426,-1.2814137955031892,1.8195041353175618,-0.5410176144297105,1.4549359440247098,-3.8488361560352953,401.25
322,1.465180524608464,-1.2814137994772525,1.8195041526480056,-0.5410176272650874,1.454935872947672,-3.9922675478160468,402.5
323,1.465180458664066,-1.2814138056361044,1.819504166301849,-0.5410176342754442,1.4549358069488774,-4.125698939596722,403.75
324,1.4651803979101985,-1.2814138191958562,1.8195041710493116,-0.5410176250149843,1.4549357462884482,-4.249130331377308,405.0
325,1.4651803420784066,-1.2814138316570367,1.8195041754121426,-0.5410176165047733,1.4549356905425248,-4.362561723157838,406.25
326,1.4651802947643473,-1.2814138492211267,1.8195041721533378,-0.5410175953313572,1.4549356434287382,-4.465993114938323,407.5
327,1.4651802527447948,-1.2814138663289858,1.8195041677603119,-0.5410175735188526,1.454935601614522,-4.559424506718772,408.75
328,1.465180215222612,-1.2814138816057814,1.8195041638374694,-0.5410175540409483,1.4549355642756983,-4.642855898499174,410.0
329,1.4651801860923066,-1.281413897934689,1.8195041563537875,-0.5410175300113733,1.4549355353690938,-4.7162872902795305,411.25
330,1.4651801625699674,-1.2814139132547302,1.8195041481907652,-0.5410175063526412,1.4549355120662506,-4.779718682059871,412.5
331,1.4651801427559403,-1.2814139261595556,1.8195041413146469,-0.541017486423723,1.4549354924371154,-4.833150073840196,413.75
332,1.465180126650225,-1.2814139366491655,1.819504135725433,-0.5410174702246187,1.4549354764816886,-4.876581465620505,415.0
333,1.465180114252822,-1.2814139447235617,1.8195041314231253,-0.5410174577553292,1.45493546419997,-4.910012857400812,416.25
334,1.4651801055637306,-1.2814139503827437,1.8195041284077242,-0.5410174490158542,1.45493545559196,-4.933444249181134,417.5
335,1.4651802699442118,-1.2814124866842638,1.8195021236464939,-0.5410169080917617,1.4549356230555122,-4.946876651526071,418.75
336,1.4655197248853977,-1.278472247129322,1.815487379570524,-0.539942756032777,1.455281164352339,-4.952507554698519,420.0
337,1.4659354245249288,-1.2748716332620742,1.8105709337932618,-0.5386273561197672,1.455704315756526,-4.948514943294004,421.25
338,1.465953683481121,-1.274713510981925,1.8103550317280988,-0.5385695963110589,1.455722897549243,-4.9368002424905475,422.5
339,1.4659536902997576,-1.274713506096358,1.8103550352332032,-0.5385696065768766,1.4557228961514146,-4.915280026693559,423.75
340,1.4659537002868746,-1.274713498940569,1.8103550403670576,-0.5385696216130078,1.4557228941040452,-4.883759810896585,425.0
341,1.4659537134424707,-1.274713489514558,1.8103550471296617,-0.5385696414194524,1.4557228914071336,-4.8422395950996036,426.25
342,1.4659537298241163,-1.274713477946971,1.810355055982518,-0.5385696678659617,1.4557228885169387,-4.790719387393295,427.5
343,1.4659537495025199,-1.2747134643958122,1.8103550674924507,-0.5385697032489877,1.455722885993842,-4.729199194710562,428.75
344,1.4659537735644996,-1.274713449009284,1.810355079607116,-0.5385697413453037,1.4557228876230914,-4.657679004093824,430.0
345,1.4659538100294316,-1.2747134342736168,1.8103550837568916,-0.53856976159248,1.4557229242837497,-4.576158827915333,431.25
346,1.465953850982544,-1.274713417724577,1.8103550883995054,-0.5385697842690707,1.4557229655673827,-4.484638657085953,432.5
347,1.4659538964323884,-1.2747133993588917,1.8103550935257549,-0.5385698093442585,1.455723011545432,-4.3831184936253225,433.75
348,1.4659539508832502,-1.274713387067361,1.8103550893926346,-0.5385698179034696,1.455723065973014,-4.271598341721022,435.0
349,1.4659540102943043,-1.2747133738092857,1.8103550847175276,-0.5385698268914558,1.4557231253437186,-4.1500781970246186,436.25
350,1.4659540747890472,-1.2747133657657805,1.8103550733189626,-0.5385698239950558,1.4557231898764402,-4.018558058736625,437.5
351,1.4659541443350737,-1.2747133618823119,1.8103550562580666,-0.5385698113293265,1.4557232595262577,-3.8770379232499064,438.75
352,1.4659542156435141,-1.2747133648232973,1.810355031861603,-0.5385697845163387,1.4557233310685183,-3.7255177915480653,440.0
353,1.4659542890046768,-1.2747133739349097,1.8103550006941038,-0.5385697447764832,1.4557234047824328,-3.5639976663081745,441.25
354,1.465954354904333,-1.274713393289612,1.8103549615577035,-0.5385696867674098,1.45572347120333,-3.3983290778037967,442.5
355,1.4659544142941316,-1.2747134144877155,1.8103549225423972,-0.5385696269876101,1.4557235311315877,-3.2421080194960696,443.75
356,1.4659544548828,-1.2747134441002372,1.8103548807949656,-0.5385695559208394,1.4557235723649105,-3.0958869611883935,445.0
357,1.4659544923898027,-1.2747134718867894,1.8103548417959903,-0.5385694894061471,1.4557236104753477,-2.9596659028807992,446.25
358,1.465954511896233,-1.2747135038415418,1.810354804058397,-0.5385694198510035,1.4557236306157806,-2.833444844573276,447.5
359,1.4659545291209963,-1.2747135335644078,1.8103547692332647,-0.5385693554238442,1.4557236484279326,-2.717223786265806,448.75
360,1.465954536964244,-1.274713562492312,1.8103547380246616,-0.5385692953391483,1.4557236568202208,-2.6110027279583914,450.0
361,1.4659545378367453,-1.2747135900873774,1.8103547102433528,-0.538569239963451,1.4557236581996937,-2.5147816696510343,451.25
362,1.4659545386185697,-1.2747136148145555,1.8103546853492762,-0.5385691903428027,1.4557236594358018,-2.4285606113437215,452.5
363,1.465954535136321,-1.2747136369068786,1.8103546643662203,-0.5385691472371302,1.4557236563488205,-2.3523395530364475,453.75
364,1.4659545264741982,-1.2747136564154813,1.810354647518842,-0.5385691108131904,1.4557236480215594,-2.2861184947292035,455.0
365,1.4659545191201369,-1.2747136729781015,1.8103546332155747,-0.5385690798896063,1.4557236409517929,-2.229897436421974,456.25
366,1.4659545130741372,-1.2747136865947373,1.8103546214564168,-0.5385690544663781,1.4557236351395209,-2.1836763781147566,457.5
367,1.4659545083361993,-1.2747136972653923,1.8103546122413714,-0.5385690345435059,1.455723630584743,-2.1474553198075417,458.75
368,1.465954504906323,-1.274713704990066,1.8103546055704385,-0.53856902012099,1.4557236272874596,-2.1212342615003266,460.0
369,1.4659545027845087,-1.274713709768759,1.8103546014436187,-0.5385690111988302,1.4557236252476706,-2.1050132031930993,461.25
370,1.46615349844096,-1.2729688035875049,1.8079590216243036,-0.5379185435417976,1.4559262913927398,-2.097302917537975,462.5
371,1.466619958951884,-1.268878630399103,1.8023436400462098,-0.5363938183653643,1.4564013550055501,-2.098549770296674,463.75
372,1.4667178447682596,-1.2680203200804687,1.801165275856174,-0.5360738676166587,1.4565010430138945,-2.1081290344027623,465.0
373,1.46671784635128,-1.268020315002554,1.8011652818216366,-0.5360738821739253,1.4565010381966204,-2.1268362241520222,466.25
374,1.4667178487805104,-1.2680203072102203,1.8011652909759603,-0.5360739045128347,1.4565010308042539,-2.1555434139012686,467.5
375,1.4667178520559503,-1.2680202967034677,1.801165303319145,-0.5360739346333868,1.456501020836795,-2.194250603650516,468.75
376,1.4667178561594951,-1.2680202834613319,1.801165318773902,-0.536073972217582,1.4565010081466359,-2.2429577931118434,470.0
377,1.4667178608267464,-1.2680202671776517,1.8011653362115383,-0.5360740126214826,1.4565009905781672,-2.301664978530395,471.25
378,1.466717866289003,-1.26802024812026,1.8011653566194472,-0.5360740599076583,1.45650097001714,-2.3703721639489688,472.5
379,1.4667178665786613,-1.2680202257105262,1.8011653791415585,-0.5360741053176905,1.4565009651170393,-2.449079335406812,473.75
380,1.4667178657178874,-1.2680202003362115,1.8011654043492613,-0.5360741547314518,1.4565009633612744,-2.5377865025156954,475.0
381,1.4667178647921648,-1.2680201720897526,1.8011654323661486,-0.5360742096084584,1.4565009616771154,-2.6364936587264363,476.25
382,1.4667178531120502,-1.2680201434581435,1.8011654643899118,-0.536074269732776,1.4565009494036159,-2.745200806678733,477.5
383,1.466717835644475,-1.2680201132880708,1.8011654998778588,-0.5360743352567796,1.4565009313963149,-2.8639079468804876,478.75
384,1.4667178117541235,-1.2680200825926042,1.8011655378363978,-0.5360744037377562,1.4565009069269093,-2.9926150797410775,480.0
385,1.4667177738199855,-1.2680200544731948,1.8011655774612594,-0.5360744712087809,1.4565008683794294,-3.1313222080952396,481.25
386,1.4667177288816087,-1.2680200271082638,1.8011656184471236,-0.5360745392336582,1.4565008228233167,-3.2800293344961626,482.5
387,1.4667176689544856,-1.268020005700208,1.8011656579966104,-0.5360745997507965,1.4565007623497628,-3.4387364540996774,483.75
388,1.466717601292255,-1.2680199897316413,1.8011656944364853,-0.5360746516603072,1.456500694221401,-3.602722036572694,485.0
389,1.4667175313852403,-1.2680199810341148,1.8011657242733343,-0.536074689677617,1.4565006239762306,-3.7576864693954963,486.25
390,1.4667174625719248,-1.2680199805982362,1.8011657455061998,-0.5360747108357284,1.4565005549793981,-3.9026509022182534,487.5
391,1.4667173966970686,-1.2680199842673068,1.8011657617402,-0.5360747229109974,1.4565004890039677,-4.037615335041005,488.75
392,1.466717335874577,-1.2680199930791838,1.8011657712971485,-0.5360747232028569,1.4565004281883125,-4.1625797678637255,490.0
393,1.4667172800568045,-1.268020005529198,1.8011657756982649,-0.5360747147371481,1.4565003724570094,-4.277544200686434,491.25
394,1.4667172291397874,-1.2680200169748688,1.8011657796240725,-0.536074706837051,1.4565003216205015,-4.382508633509117,492.5
395,1.4667171870117217,-1.2680200341283028,1.8011657751778247,-0.5360746849212017,1.4565002797002704,-4.477473066331779,493.75
396,1.4667171493198503,-1.268020049475434,1.8011657711997757,-0.5360746653131468,1.4565002421943478,-4.562437499154459,495.0
397,1.4667171160641725,-1.268020063016262,1.8011657676899246,-0.5360746480128865,1.456500209102734,-4.637401931977138,496.25
398,1.4667170899959783,-1.2680200767902334,1.8011657617744437,-0.5360746281271488,1.4565001832212192,-4.702366364799797,497.5
399,1.4667170698912448,-1.2680200898900194,1.801165754731873,-0.536074607832904,1.4565001633059826,-4.757330797622478,498.75
400,1.4667170534442826,-1.2680201006064846,1.801165748970598,-0.5360745912309096,1.4565001470140415,-4.802295230445184,500.0
401,1.4667170406550922,-1.2680201089396284,1.8011657444906173,-0.5360745783211649,1.4565001343453954,-4.837259663267879,501.25
402,1.4667170315236728,-1.2680201148894514,1.8011657412919326,-0.5360745691036707,1.4565001253000445,-4.862224096090572,502.5
403,1.4667170260500253,-1.2680201184559545,1.8011657393745448,-0.536074563578427,1.4565001198779888,-4.877188528913263,503.75
404,1.4666530920905416,-1.2685749947080218,1.8019538878625785,-0.5363077693041715,1.456434808556315,-4.882615479288024,505.0
405,1.4665227826232337,-1.2697059793298113,1.8035603497273378,-0.536783111020989,1.4563016916024007,-4.879314691430791,506.25
406,1.4664892654575097,-1.2699969168618996,1.8039736058143285,-0.5369053947450556,1.4562674521835848,-4.866663551893285,507.5
407,1.4664292548951834,-1.270517823821821,1.8047135171293056,-0.5371243367374974,1.4562061484685334,-4.844012412355787,508.75
408,1.466342750936255,-1.271268700209576,1.8057800836722688,-0.5374399369983142,1.456117780457246,-4.811361272818291,510.0
409,1.4662292621704736,-1.2722497805341433,1.8071713276578705,-0.5378499824076576,1.4560018666293095,-4.768710062808799,511.25
410,1.4660881426958465,-1.2734613723821355,1.8088846482231935,-0.5383515634308935,1.455857774085071,-4.716058719521388,512.5
411,1.4659202205860318,-1.2749030802675052,1.8109233774976472,-0.5389484090745394,1.4556863142344652,-4.653407376234007,513.75
412,1.4657247408659866,-1.2765753089496141,1.8132845824054624,-0.5396371812419224,1.4554867473020134,-4.580755923430068,515.0
413,1.4655014711229826,-1.2784781825434035,1.8159673590546441,-0.5404168518456365,1.4552588455565378,-4.498104349951944,516.25
414,1.4652502696596659,-1.280611804630817,1.8189712204112007,-0.5412868294489686,1.4550024698207178,-4.40545265113668,517.5
415,1.4649707853988347,-1.2829763736027995,1.82229482603253,-0.5422455748017262,1.4547172759602067,-4.302800800116524,518.75
416,1.464662124398708,-1.2855724590094857,1.8259349139333167,-0.5432892553037052,1.4544023871237866,-4.190148689897593,520.0
417,1.464324556873381,-1.2883999297107458,1.82989256707828,-0.544419085374873,1.4540580680461674,-4.067496382082715,521.25
418,1.4639574183918707,-1.29145922611735,1.834165401661822,-0.5456322399994068,1.4536836669312108,-3.934843811452558,522.5
419,1.463559674544006,-1.294751084519601,1.838749826643457,-0.546924390577969,1.4532781686771115,-3.7921908711041814,523.75
420,1.4631309798968684,-1.2982758252578115,1.8436448203397877,-0.5482941946338808,1.4528412337608172,-3.6395375523677505,525.0
421,1.462673158188427,-1.3020149685971387,1.8488226811613409,-0.5497324321065342,1.452374738384044,-3.4777021235193364,526.25
422,1.462225770144706,-1.3056433890996544,1.8538320131692516,-0.5511128738858846,1.451919002770803,-3.320769151337476,527.5
423,1.461803791638099,-1.309042988133629,1.8585118224925476,-0.5523926405075389,1.4514892651193527,-3.173835799532325,528.75
424,1.4614078899558118,-1.3122133144425647,1.8628644831224395,-0.5535745580277699,1.4510861800859858,-3.036902131943653,530.0
425,1.461038750214474,-1.3151538644887386,1.8668923355476448,-0.5546614713195115,1.4507104201147265,-2.9099682109188465,531.25
426,1.4606964761621584,-1.317864595795854,1.870595816271956,-0.555653859477034,1.4503620867828388,-2.793034033004413,532.5
427,1.4603814826704096,-1.3203452151300266,1.8739763718143339,-0.5565534627604714,1.4500415871966514,-2.686099635186425,533.75
428,1.460095130384531,-1.3225945641296697,1.8770382657859006,-0.5573657048894731,1.4497502580132435,-2.5891651458959166,535.0
429,1.459836429581118,-1.3246135307000264,1.8797785079876217,-0.5580867064697725,1.449487126615373,-2.502230449323358,536.25
430,1.4596073147572874,-1.326400413732852,1.8822030271605115,-0.5587240998575551,1.4492540938055631,-2.425295735486288,537.5
431,1.4594064659969628,-1.3279564093649472,1.8843078655146508,-0.5592727294002877,1.4490498623872545,-2.3583608583052147,538.75
432,1.4592356238294315,-1.3292799408919866,1.8860982432403737,-0.5597393942684237,1.448876142927272,-2.3014259811241344,540.0
433,1.4590945439210303,-1.3303712354877597,1.8875734420167176,-0.560123148645161,1.4487326952530646,-2.2544910797849047,541.25
434,1.45898278449638,-1.331230704213279,1.888732163674594,-0.5604222827181169,1.448619085111337,-2.2175560953555356,542.5
435,1.4589012834910515,-1.3318574752028172,1.889577166056348,-0.5606404274316408,1.4485362344632127,-2.19062111092618,543.75
436,1.4588500409050447,-1.332251548456375,1.89010844916198,-0.560777582785733,1.4484841433086908,-2.173686126496823,545.0
437,1.458801501487767,-1.3326243910477165,1.890610837527343,-0.56090707716818,1.448434802376618,-2.1665755945549123,546.25
438,1.4586149416111358,-1.3340559610008544,1.8925389264746844,-0.5614033993939461,1.448245169354174,-2.1683196274596788,547.5
439,1.4586148626083526,-1.3340560332439715,1.8925386948226701,-0.5614030956949517,1.448245091813988,-2.179101414829535,548.75
440,1.4586147103312772,-1.3340561724918572,1.8925382483157278,-0.5614025103181759,1.4482449423560544,-2.1998832021993966,550.0
441,1.4586144847799107,-1.3340563787445117,1.8925375869538583,-0.561401643263619,1.4482447209803735,-2.2306649895692425,551.25
442,1.458614185879432,-1.334056651938056,1.8925367105091029,-0.5614004935748329,1.448244427103519,-2.2714467513760206,552.5
443,1.4586138136624605,-1.334056992100431,1.892535619080852,-0.5613990616692686,1.4482440609802036,-2.3222285058759224,553.75
444,1.4586133772727035,-1.33405739051754,1.8925343398839356,-0.5613973836806258,1.448243631724919,-2.3830102599787613,555.0
445,1.458613376575217,-1.334057368918092,1.8925343606157439,-0.5613974257056493,1.4482436304839512,-2.4537919964858292,556.25
446,1.4586133757805522,-1.3340573442665156,1.892534384274889,-0.5613974736621927,1.4482436290784402,-2.5345737321117743,557.5
447,1.4586133748983396,-1.3340573165587688,1.892534410849776,-0.5613975275096137,1.448243627584588,-2.6253554611664973,558.75
448,1.4586133652182356,-1.33405728777726,1.8925344410962186,-0.5613975862717736,1.4482436173299524,-2.726137183667819,560.0
449,1.458613347741803,-1.33405725769434,1.8925344749288304,-0.5613976500668825,1.448243599304409,-2.836918899395377,561.25
450,1.458613328046076,-1.3340572251579355,1.8925345117525971,-0.5613977192947153,1.4482435790133437,-2.957700608568543,562.5
451,1.4586132896919652,-1.334057196871622,1.892534549933137,-0.561397785502742,1.448243540072432,-3.0884823083740947,563.75
452,1.4586132484051477,-1.3340571664224414,1.892534591033093,-0.5613978567733025,1.4482434981537649,-3.229264004416108,565.0
453,1.4586131883779214,-1.3340571441071984,1.8925346297985948,-0.561397917442212,1.4482434375912143,-3.3800456998293225,566.25
454,1.4586131219465894,-1.3340571224401758,1.8925346698040535,-0.561397978658082,1.4482433706203455,-3.5408273870490574,567.5
455,1.45861304317302,-1.3340571128191245,1.8925347018773913,-0.5613980198069802,1.448243291487727,-3.703610702549047,568.75
456,1.4586129673282522,-1.3340571079515664,1.8925347285557552,-0.5613980508265861,1.4482432153740317,-3.8565056667808646,570.0
457,1.458612892503976,-1.3340571122512366,1.892534746173686,-0.5613980636233198,1.4482431404434064,-3.999400631012655,571.25
458,1.458612823015992,-1.334057119454049,1.8925347594665065,-0.5613980692281864,1.4482430709127165,-4.132295595244408,572.5
459,1.4586127589970337,-1.334057133813734,1.8925347643290158,-0.5613980592821054,1.4482430069893069,-4.255190559476153,573.75
460,1.4586127001873168,-1.334057147004962,1.8925347687958542,-0.561398050145338,1.448242948267364,-4.368085523707856,575.0
461,1.45861265062945,-1.33405716598508,1.8925347650417028,-0.5613980270615853,1.448242898920809,-4.470980487939568,576.25
462,1.4586126064100826,-1.334057184019197,1.8925347606416798,-0.5613980043153322,1.4482428549091768,-4.563875452171257,577.5
463,1.458612566950862,-1.3340572001119662,1.892534756715309,-0.5613979840176777,1.4482428156353293,-4.646770416402954,578.75
464,1.4586125366843734,-1.3340572175324188,1.8925347488501332,-0.5613979585171402,1.448242785599692,-4.7196653806346465,580.0
465,1.458612511995513,-1.3340572336144179,1.8925347406448443,-0.5613979340540751,1.4482427611318318,-4.782560344866332,581.25
466,1.4586124912320635,-1.3340572471394543,1.8925347337441554,-0.5613979134805206,1.448242740554245,-4.835455309098044,582.5
467,1.4586124743940254,-1.3340572581075283,1.892534728148067,-0.5613978967964769,1.4482427238669318,-4.878350273329773,583.75
468,1.458612461481399,-1.3340572665186416,1.8925347238565813,-0.5613978840019442,1.4482427110698917,-4.911245237561494,585.0
469,1.458612452494184,-1.3340572723727941,1.892534720869698,-0.5613978750969225,1.4482427021631248,-4.9341402017932054,586.25
470,1.4586147816969115,-1.3340389662456213,1.892510809034411,-0.5613922718338266,1.4482450644108449,-4.94705732362935,587.5
471,1.4590271490933404,-1.3308044495387608,1.8882868750588246,-0.5604032928616685,1.4486632614886614,-4.952181131126947,588.75
472,1.459467717783374,-1.3273487544736582,1.8837741104595578,-0.5593466920367881,1.449110056611343,-4.947619995901122,590.0
473,1.4594760259953106,-1.3272836161524726,1.883689052721374,-0.5593267825930417,1.4491184772146801,-4.935291935499326,591.25
474,1.459476033377401,-1.3272836108115926,1.8836890564246795,-0.5593267937066626,1.449118475566538,-4.913043481327267,592.5
475,1.4594760440775154,-1.3272836030701503,1.883689061792507,-0.5593268098155163,1.4491184731776061,-4.880795027155211,593.75
476,1.4594760580956538,-1.3272835929281452,1.883689068824857,-0.5593268309196029,1.4491184700478845,-4.838546572983138,595.0
477,1.4594760755107983,-1.3272835805449377,1.883689078103247,-0.559326859424798,1.4491184667727253,-4.786298120787075,596.25
478,1.4594760963777182,-1.3272835660310334,1.8836890900309258,-0.5593268969994392,1.4491184637649699,-4.724049671327661,597.5
479,1.4594761226415194,-1.327283549800377,1.8836891017980926,-0.5593269355308493,1.4491184680376912,-4.651801225131032,598.75
480,1.459476161569674,-1.327283534038371,1.8836891060236387,-0.5593269569649245,1.4491185071855028,-4.569552792269095,600.0
481,1.4594762052507515,-1.3272835163527528,1.8836891107429201,-0.559326980937185,1.4491185512515006,-4.477304365513012,601.25
482,1.459476253947622,-1.3272834971935346,1.8836891154133293,-0.559327006366721,1.4491186004907446,-4.375055945733248,602.5
483,1.4594763120046224,-1.3272834841769336,1.883689110975955,-0.559327015328709,1.4491186585156797,-4.262807536988688,603.75
484,1.4594763752330127,-1.3272834699999445,1.8836891061403724,-0.5593270250769051,1.4491187217038028,-4.140559135913908,605.0
485,1.459476443862263,-1.3272834621757714,1.8836890936464719,-0.5593270208726869,1.4491187903815943,-4.008310740889338,606.25
486,1.4594765178085485,-1.3272834579488917,1.883689076158807,-0.5593270081285403,1.449118864431958,-3.8660623480650544,607.5
487,1.4594765931690348,-1.3272834619327183,1.8836890503840273,-0.559326978895852,1.4491189400449622,-3.7138139594558917,608.75
488,1.4594766711161922,-1.3272834714912558,1.8836890185087938,-0.5593269380055792,1.4491190183494946,-3.551565577288132,610.0
489,1.4594767396977266,-1.327283492787888,1.8836889781026902,-0.5593268767777948,1.4491190874715854,-3.386327140610838,611.25
490,1.4594768013582882,-1.3272835155513787,1.883688938305701,-0.5593268146434274,1.4491191496815983,-3.230823841546544,612.5
491,1.4594768437228258,-1.3272835468425181,1.8836888959501417,-0.5593267412856218,1.449119192698195,-3.0853205424822865,613.75
492,1.4594768827464413,-1.3272835761582322,1.8836888564626306,-0.5593266727483862,1.4491192323310824,-2.9498172434180447,615.0
493,1.4594769024069743,-1.3272836100340388,1.8836888182417537,-0.5593266007809874,1.4491192526337429,-2.82431394435383,616.25
494,1.4594769205009719,-1.327283641210641,1.8836887830662774,-0.5593265345478925,1.4491192713187038,-2.7088106452896366,617.5
495,1.4594769275928774,-1.32728367180327,1.883688751655967,-0.5593264725870459,1.449119278964542,-2.603307346225459,618.75
496,1.4594769284960736,-1.327283700732882,1.883688723643651,-0.5593264156442893,1.4491192803774298,-2.5078040471612875,620.0
497,1.4594769293046972,-1.3272837266333144,1.8836886985644554,-0.5593263646639197,1.4491192816423764,-2.4223007480971104,621.25
498,1.4594769248383221,-1.3272837498006738,1.8836886776434794,-0.5593263205385836,1.4491192775715365,-2.3467974490329504,622.5
499,1.459476915765772,-1.327283770196731,1.8836886607225551,-0.5593262831530348,1.449119268834692,-2.281294149968785,623.75
500,1.4594769080782748,-1.3272837874790422,1.8836886463848472,-0.559326251474916,1.4491192614316502,-2.2257908509046116,625.0
501,1.4594769017758298,-1.327283801647606,1.883688634630354,-0.5593262255042271,1.4491192553624104,-2.1802875518404154,626.25
502,1.4594768968584368,-1.3272838127024258,1.8836886254590783,-0.5593262052409681,1.4491192506269726,-2.1447842527762218,627.5
503,1.4594768933260964,-1.327283820643501,1.8836886188710207,-0.5593261906851389,1.449119247225337,-2.1192809537120305,628.75
504,1.4594768911788083,-1.3272838254708317,1.8836886148661809,-0.5593261818367397,1.4491192451575035,-2.103777654647849,630.0
505,1.4597388417862396,-1.325203700542782,1.880955764333578,-0.5586737333190578,1.4493850180303978,-2.09666398198507,631.25
506,1.4602532849268064,-1.3211185680382003,1.875588762594257,-0.5573924087599215,1.4499069666964293,-2.0987224830959867,632.5
507,1.4603282838217404,-1.320523014637975,1.8748063381264104,-0.5572056190724479,1.4499830561991403,-2.1089573789885856,633.75
508,1.4603282855210167,-1.3205230090081823,1.874806344512608,-0.5572056350123107,1.4499830507764107,-2.128571718517334,635.0
509,1.4603282880866368,-1.3205230005081459,1.874806354154687,-0.557205659078811,1.4499830425890048,-2.158186058046076,636.25
510,1.4603282915186009,-1.320522989137866,1.8748063670526485,-0.5572056912719491,1.4499830316369224,-2.1978003975748255,637.5
511,1.4603282957686765,-1.3205229748471243,1.8748063830171044,-0.5572057307949275,1.4499830175459205,-2.247414734025351,638.75
512,1.4603283005893855,-1.3205229573782538,1.8748064010763268,-0.5572057735594542,1.4499829983957855,-2.30702905417413,640.0
513,1.4603283062187438,-1.3205229369790683,1.8748064221648921,-0.5572058234975135,1.4499829760333125,-2.3766433743229105,641.25
514,1.4603283058785486,-1.3205229129734097,1.8748064452069575,-0.557205870149043,1.4499829727865101,-2.4562576790076847,642.5
515,1.460328304970277,-1.3205228858960742,1.874806471049859,-0.5572059218070343,1.4499829709646062,-2.5458719797595113,643.75
516,1.4603283039930732,-1.3205228557860018,1.8748064997458918,-0.5572059791271688,1.4499829691987456,-2.645486271001065,645.0
517,1.4603282901513381,-1.3205228256286765,1.8748065326862609,-0.557206041794061,1.449982954780916,-2.7551005529358124,646.25
518,1.4603282715552584,-1.3205227935345423,1.8748065690068605,-0.55720611007538,1.4499829356376617,-2.874714827351591,647.5
519,1.4603282445537766,-1.3205227615519193,1.874806607679956,-0.5572061805469887,1.449982908049488,-3.0043290948352146,648.75
520,1.460328204194171,-1.3205227317001236,1.8748066482078507,-0.5572062506522004,1.4499828670654082,-3.1439433585168732,650.0
521,1.4603281548979994,-1.320522703652173,1.8748066896110298,-0.5572063197645782,1.4499828171543354,-3.293557619758756,651.25
522,1.460328091180584,-1.3205226809842816,1.8748067300500244,-0.5572063824278652,1.4499827528816043,-3.4531718742436435,652.5
523,1.4603280173779054,-1.3205226652977928,1.8748067667170938,-0.5572064342650449,1.4499826786220373,-3.619494415221576,653.75
524,1.460327941949754,-1.3205226560133945,1.8748067976973855,-0.5572064740003538,1.4499826028458866,-3.7776339807715185,655.0
525,1.460327866754926,-1.320522657524257,1.8748068182193671,-0.5572064924811212,1.4499825274938516,-3.925773546321423,656.25
526,1.4603277954602256,-1.32052266157904,1.8748068351530502,-0.5572065048565418,1.4499824560963053,-4.063913111871314,657.5
527,1.4603277295852588,-1.3205226736172906,1.8748068428189326,-0.5572065000169564,1.4499823902724174,-4.192052677421182,658.75
528,1.460327668929039,-1.3205226872078026,1.8748068474655912,-0.5572064906422916,1.449982329707387,-4.310192242971047,660.0
529,1.4603276150574693,-1.3205227024946105,1.874806848496759,-0.5572064760032482,1.4499822759734846,-4.418331808520895,661.25
530,1.4603275690147446,-1.3205227212788224,1.8748068438737575,-0.5572064522669621,1.4499822301491938,-4.516471374070711,662.5
531,1.4603275276635754,-1.3205227381489997,1.8748068397218145,-0.5572064309493003,1.4499821889942015,-4.604610939620535,663.75
532,1.4603274923283438,-1.3205227540847182,1.8748068347110696,-0.5572064097499233,1.449982153853387,-4.682750505170343,665.0
533,1.4603274659668974,-1.3205227712737329,1.8748068258714259,-0.5572063835312946,1.44998212773038,-4.750890070720153,666.25
534,1.460327443474194,-1.320522785940129,1.8748068183290671,-0.5572063611604493,1.449982105441123,-4.809029636269961,667.5
535,1.4603274248502336,-1.3205227980839038,1.8748068120839898,-0.5572063426373863,1.4499820869856164,-4.857169201819804,668.75
536,1.460327410095016,-1.3205228077050601,1.8748068071361979,-0.5572063279621068,1.4499820723638597,-4.895308767369642,670.0
537,1.4603273992085413,-1.3205228148035981,1.8748068034856922,-0.557206317134611,1.4499820615758534,-4.92344833291947,671.25
538,1.4603273921908098,-1.320522819379518,1.8748068011324721,-0.5572063101548987,1.4499820546215971,-4.941587898469304,672.5
539,1.4604597340217882,-1.3194588920054457,1.873400680673487,-0.5568642563922223,1.4501163886405422,-4.9507111407493385,673.75
540,1.4609818439383548,-1.3152616272312851,1.867853457659013,-0.555514847972037,1.4506463573435513,-4.951309207981243,675.0
541,1.4611669195761134,-1.3137738164522326,1.8658871291690409,-0.5550365258791572,1.4508342155476464,-4.943092481423026,676.25
542,1.4611669251370185,-1.3137738124352119,1.8658871319702997,-0.5550365342492082,1.4508342143440147,-4.926139542802239,677.5
543,1.4611669339781246,-1.3137738060486779,1.8658871364239324,-0.5550365475564865,1.450834212430399,-4.89918660418145,678.75
544,1.461166946099432,-1.3137737972926313,1.8658871425299388,-0.555036565800992,1.4508342098067994,-4.862233665560658,680.0
545,1.461166961500941,-1.3137737861670717,1.8658871502883188,-0.5550365889827249,1.4508342064732158,-4.8152807269398705,681.25
546,1.461166980352166,-1.3137737730214198,1.865887160971399,-0.5550366223412065,1.4508342037238755,-4.758327793478614,682.5
547,1.461167002535868,-1.3137737576140085,1.8658871736992098,-0.5550366622526677,1.4508342006636623,-4.691374860625421,683.75
548,1.4611670351001378,-1.3137737420577582,1.8658871810599988,-0.5550366904159306,1.450834224060563,-4.61442193885389,685.0
549,1.4611670756652204,-1.3137737256278925,1.8658871855011354,-0.5550367127942671,1.4508342648517467,-4.527469022605172,686.25
550,1.4611671209342507,-1.313773707294286,1.8658871904133634,-0.5550367376121202,1.4508343106463668,-4.430516118381305,687.5
551,1.4611671733422724,-1.3137736913795552,1.865887190654934,-0.555036754763631,1.4508343633110035,-4.323563220814888,688.75
552,1.4611672329681495,-1.3137736780247524,1.865887186057429,-0.5550367639162888,1.450834422901433,-4.206610331332431,690.0
553,1.4611672977327936,-1.3137736648769436,1.8658871797504668,-0.5550367711819768,1.4508344876396706,-4.079657449737896,691.25
554,1.4611673679107524,-1.3137736609042396,1.865887163008072,-0.5550367589088794,1.4508345579181452,-3.9427045736574975,692.5
555,1.4611674426632364,-1.313773657879528,1.8658871440087783,-0.5550367434634892,1.4508346327987727,-3.795751698305717,693.75
556,1.4611675169922198,-1.3137736670605533,1.865887113345528,-0.5550367041444273,1.4508347074726693,-3.6387988299879264,695.0
557,1.4611675916310052,-1.3137736810339407,1.8658870779627192,-0.5550366553144944,1.4508347825419898,-3.4727935875225704,696.25
558,1.4611676553639183,-1.3137737037477475,1.8658870373359415,-0.5550365924206605,1.4508348468334293,-3.3119974153517586,697.5
559,1.4611677066604656,-1.3137737305761248,1.8658869963818745,-0.5550365249957556,1.4508348987307964,-3.1612012431809626,698.75
560,1.4611677470733009,-1.3137737605062103,1.8658869556234996,-0.5550364545868813,1.4508349397726295,-3.0204050710102175,700.0
561,1.4611677761980655,-1.3137737917452275,1.8658869169109442,-0.5550363848345017,1.4508349695218488,-2.8896088988394943,701.25
562,1.4611677948549784,-1.3137738239585017,1.8658868803269384,-0.5550363161619183,1.450834988794763,-2.7688127266687945,702.5
563,1.4611678105913692,-1.3137738538131765,1.8658868468773724,-0.5550362529622157,1.4508350050982362,-2.658016554498104,703.75
564,1.4611678115343831,-1.313773883968101,1.8658868174757468,-0.5550361934051811,1.4508350065773274,-2.557220382327441,705.0
565,1.4611678123838403,-1.313773911131348,1.865886790991056,-0.5550361397568069,1.450835007909678,-2.4664242101567955,706.25
566,1.4611678131397412,-1.31377393530292,1.8658867674233024,-0.5550360920170931,1.4508350090952877,-2.3856280379861454,707.5
567,1.4611678040200382,-1.3137739570365294,1.8658867491061275,-0.5550360518964388,1.450835000337894,-2.314831865815504,708.75
568,1.461167795721593,-1.3137739757266833,1.8658867334876508,-0.5550360175244888,1.450834992349903,-2.254035693644851,710.0
569,1.4611677887881096,-1.3137739913426025,1.8658867204381615,-0.5550359888061758,1.4508349856758094,-2.2032395214741785,711.25
570,1.4611677832195882,-1.3137740038842893,1.865886709957662,-0.5550359657414998,1.4508349803156126,-2.162443349303502,712.5
571,1.4611677790160282,-1.313774013351745,1.8658867020461534,-0.5550359483304611,1.4508349762693127,-2.1316471771328285,713.75
572,1.4611677761774304,-1.3137740197449697,1.8658866967036356,-0.5550359365730598,1.45083497353691,-2.11085100496215,715.0
573,1.461203181102264,-1.3134858687624082,1.8655036191088359,-0.5549410470638222,1.450870928081683,-2.0997242464392456,716.25
574,1.461674772252508,-1.3096478340124722,1.860401303282865,-0.5536772603561182,1.451349839032705,-2.0964747298721296,717.5
575,1.4619956500872204,-1.3070363808618648,1.8569296212182202,-0.5528173690191059,1.451675695169715,-2.102689755116047,718.75
576,1.4619956513177337,-1.3070363768166386,1.8569296258329318,-0.5528173804869175,1.4516756913046307,-2.1169610625006086,720.0
577,1.4619956534104757,-1.3070363699368954,1.8569296336812018,-0.552817399990301,1.4516756847312564,-2.141232369885164,721.25
578,1.4619956563654468,-1.3070363602226354,1.856929644763031,-0.5528174275292563,1.451675675449592,-2.1755036772697194,722.5
579,1.4619956601826467,-1.3070363476738582,1.8569296590784194,-0.5528174631037834,1.4516756634596373,-2.2197749846542902,723.75
580,1.461995664666852,-1.307036332082559,1.8569296758457234,-0.5528175034416472,1.4516756472274064,-2.274046277717384,725.0
581,1.4619956698489947,-1.3070363134816936,1.8569296951887886,-0.5528175490613046,1.4516756269959443,-2.33831756216228,726.25
582,1.4619956730568766,-1.3070362917121696,1.8569297171121633,-0.5528175975479847,1.4516756126219894,-2.4125888399846724,727.5
583,1.461995672204822,-1.3070362665680557,1.8569297412938424,-0.5528176457280687,1.4516756108603879,-2.4968601078291868,728.75
584,1.4619956712790978,-1.3070362384306389,1.8569297683186043,-0.5528176995374077,1.4516756091119978,-2.591131367046895,730.0
585,1.4619956662676348,-1.3070362082355935,1.8569297986280382,-0.552817758888306,1.4516756033724274,-2.6954026194217144,731.25
586,1.4619956487499324,-1.3070361779451658,1.8569298331376582,-0.5528178235539646,1.451675585331291,-2.8096738631315135,732.5
587,1.4619956296997163,-1.3070361450051062,1.8569298706713078,-0.5528178938952498,1.4516755657150093,-2.933945097211692,733.75
588,1.46199559395997,-1.30703611559761,1.8569299096937582,-0.5528179620784308,1.4516755293748544,-3.0682163259288813,735.0
589,1.461995552841017,-1.3070360851085354,1.8569299513478872,-0.5528180339379418,1.451675487612306,-3.212487553690635,736.25
590,1.4619954949761151,-1.307036061574536,1.856929991186773,-0.5528180969036343,1.4516754291861256,-3.3667587758901405,737.5
591,1.4619954298201765,-1.3070360390462386,1.8569300321959283,-0.5528181599810592,1.4516753634688233,-3.5310143391861875,738.75
592,1.4619953529474154,-1.3070360295204375,1.856930064048987,-0.552818200813205,1.4516752862371236,-3.694494285924452,740.0
593,1.4619952793101443,-1.3070360238836565,1.8569300911802598,-0.5528182330567432,1.4516752123180452,-3.847974232662663,741.25
594,1.4619952063078077,-1.3070360279979203,1.8569301086727248,-0.5528182459126909,1.4516751392088545,-3.991454179400858,742.5
595,1.4619951384713101,-1.3070360343122922,1.8569301225125254,-0.5528182529522406,1.4516750713173627,-4.12493412613902,743.75
596,1.4619950759720697,-1.3070360483020176,1.8569301273419163,-0.5528182433423489,1.4516750089127672,-4.248414072877182,745.0
597,1.461995018534318,-1.3070360611587817,1.8569301317801918,-0.55281823451071,1.451674951561996,-4.3618940196153115,746.25
598,1.4619949698350059,-1.3070360792369489,1.8569301285859727,-0.5528182128863555,1.4516749030640574,-4.465373966353433,747.5
599,1.4619949266010663,-1.307036096880133,1.8569301242052378,-0.5528181905495966,1.4516748600372331,-4.558853913091531,748.75
600,1.461994887992069,-1.3070361126359373,1.8569301202931272,-0.5528181706023074,1.4516748216131954,-4.642333859829625,750.0
601,1.4619948579885764,-1.3070361294558908,1.856930112817387,-0.5528181460884412,1.4516747918348032,-4.715813806567703,751.25
602,1.4619948337791704,-1.3070361452553705,1.8569301046259477,-0.5528181219209618,1.4516747678466393,-4.779293753305793,752.5
603,1.4619948133834737,-1.3070361585659556,1.8569300977249044,-0.5528181015605865,1.451674747637332,-4.832773700043897,753.75
604,1.4619947968014864,-1.3070361693876462,1.8569300921142575,-0.5528180850073153,1.4516747312068818,-4.8762536467820174,755.0
605,1.461994784033208,-1.307036177720445,1.8569300877940096,-0.5528180722611489,1.4516747185552885,-4.9097335935201345,756.25
606,1.4619947750786388,-1.3070361835643507,1.85693008476416,-0.5528180633220872,1.4516747096825522,-4.93321354025825,757.5
607,1.4619948399359746,-1.3070356102069367,1.8569293118847756,-0.5528178638356875,1.4516747757066721,-4.946693544244634,758.75
608,1.4623528151343543,-1.3040862509345126,1.8529856303794447,-0.5518239152406552,1.4520384777041677,-4.952322206657385,760.0
609,1.462793009411713,-1.3004595180199172,1.848136216266766,-0.5506016938775762,1.4524857124221267,-4.948333006094293,761.25
610,1.4628112968716724,-1.3003088770210776,1.8479347951589835,-0.5505509339116851,1.4525042877668317,-4.936588038965647,762.5
611,1.462811303864664,-1.3003088719778373,1.8479347986974979,-0.5505509444370658,1.4525042862971254,-4.915024928171567,763.75
612,1.4628113141006902,-1.3003088645957697,1.847934803877016,-0.5505509598436442,1.452504284145835,-4.883461817377492,765.0
613,1.4628113275797514,-1.3003088548748745,1.847934810697538,-0.5505509801314203,1.4525042813129614,-4.841898706583393,766.25
614,1.462811344363727,-1.3003088429455067,1.8479348196324663,-0.5505510072405327,1.4525042782769757,-4.790335601293731,767.5
615,1.4628113645266958,-1.300308828963717,1.8479348312485244,-0.550551043493573,1.45250427561067,-4.7287725059917065,768.75
616,1.4628113892336114,-1.3003088131016072,1.8479348434301686,-0.5505510824286725,1.4525042773575574,-4.65720941282602,770.0
617,1.46281142674697,-1.3003087979042105,1.847934847573062,-0.5505511031632088,1.4525043150775767,-4.575646334114879,771.25
618,1.4628114688757,-1.300308780837572,1.8479348522071573,-0.5505511263834391,1.4525043575532421,-4.484083260736885,772.5
619,1.4628115156285557,-1.300308761898436,1.8479348573233343,-0.5505511520586008,1.452504404855941,-4.3825201945932,773.75
620,1.4628115716498404,-1.3003087492519156,1.8479348530815405,-0.5505511608599793,1.452504460852321,-4.270957140051868,775.0
621,1.462811632753209,-1.3003087355782847,1.8479348483274198,-0.5505511701846648,1.4525045219155783,-4.149394092676054,776.25
622,1.462811699083051,-1.300308727321204,1.8479348367671027,-0.5505511673409211,1.452504588284024,-4.017831051640741,777.5
623,1.4628117706036345,-1.3003087233067523,1.8479348195528806,-0.5505511546539887,1.4525046599083382,-3.876268013306241,778.75
624,1.4628118439105084,-1.3003087263765591,1.8479347949192486,-0.5505511274758359,1.4525047334506769,-3.7247049787577136,780.0
625,1.4628119193487128,-1.3003087357522645,1.8479347635214904,-0.5505510872424942,1.4525048092431416,-3.563141950697633,781.25
626,1.4628119870351717,-1.3003087557310997,1.8479347240967094,-0.5505510283208046,1.4525048774541331,-3.3974922781368466,782.5
627,1.4628120480723468,-1.3003087775527256,1.8479346848424694,-0.5505509676786337,1.4525049390323088,-3.24130891849501,783.75
628,1.4628120897166477,-1.300308808086599,1.8479346428383954,-0.5505508954330065,1.4525049813251998,-3.0951255588532103,785.0
629,1.4628121282593858,-1.3003088366967626,1.847934603621773,-0.5505508278766903,1.4525050204744818,-2.9589421992114415,786.25
630,1.4628121482298868,-1.30030886963087,1.8479345656824664,-0.5505507571392769,1.4525050410827691,-2.8327588395696957,787.5
631,1.4628121659255946,-1.3003089002374322,1.8479345306793813,-0.5505506916498129,1.452505059369051,-2.7165754799279673,788.75
632,1.4628121739157756,-1.3003089300403687,1.8479344993240887,-0.550550630542196,1.4525050679114102,-2.6103921202862623,790.0
633,1.4628121748061271,-1.3003089584566916,1.8479344714143582,-0.5505505742160446,1.4525050693115844,-2.514208760644575,791.25
634,1.4628121756039103,-1.3003089839186182,1.8479344464063427,-0.5505505237460153,1.4525050705661853,-2.428025401002888,792.5
635,1.4628121719736085,-1.3003090066694893,1.8479344253435328,-0.5505504799010411,1.4525050673333038,-2.351842041361226,793.75
636,1.4628121630689839,-1.3003090267568016,1.847934408429603,-0.5505504428312077,1.4525050587654542,-2.2856586817195517,795.0
637,1.462812155509807,-1.3003090438090128,1.8479343940712887,-0.550550411362455,1.4525050514921676,-2.229475322077864,796.25
638,1.462812149296078,-1.3003090578261216,1.8479343822685892,-0.5505503854947826,1.4525050455134432,-2.1832919624361518,797.5
639,1.4628121444277964,-1.3003090688081311,1.8479343730215068,-0.5505503652281909,1.4525050408292812,-2.147108602794442,798.75
640,1.4628121409049624,-1.3003090767550411,1.8479343663300418,-0.55055035056268,1.4525050374396815,-2.1209252431527355,800.0
641,1.4628121387275763,-1.3003090816668514,1.8479343621941944,-0.5505503414982497,1.4525050353446447,-2.104741883511031,801.25
642,1.463024976635995,-1.2985338435908733,1.845547024939291,-0.5499384635745247,1.452721381173567,-2.0970871024415954,802.5
643,1.4635188563492103,-1.2944145073625484,1.8400073610703858,-0.5485186497451249,1.4532234000155166,-2.0984167775695446,803.75
644,1.4636175089417591,-1.2935916730960906,1.8389008239912177,-0.5482350513579637,1.4533236751350778,-2.108076288627577,805.0
645,1.4636175105575677,-1.2935916678243946,1.8389008300424157,-0.5482350663276336,1.4533236701345615,-2.1269116349947375,806.25
646,1.4636175130312363,-1.2935916597538668,1.8389008393062962,-0.5482350892449515,1.4533236624791883,-2.155746981361927,807.5
647,1.4636175163627647,-1.2935916488845076,1.8389008517828591,-0.5482351201099169,1.4533236521689576,-2.1945823277291314,808.75
648,1.463617520529462,-1.293591635191568,1.8389008673794738,-0.5482351585367364,1.4533236390233368,-2.2434176722389005,810.0
649,1.4636175252573818,-1.2935916183762535,1.8389008849778272,-0.5482351998677585,1.453323620862773,-2.3022529954975335,811.25
650,1.4636175307888866,-1.2935915987029087,1.8389009055673005,-0.5482352482236458,1.4533235996155323,-2.3710883187561045,812.5
651,1.4636175309905455,-1.2935915755712284,1.8389009282251627,-0.54823529439249,1.4533235948322274,-2.4499236278070455,813.75
652,1.463617530108709,-1.2935915493942975,1.8389009535839351,-0.5482353447253902,1.453323593040969,-2.5387589325695354,815.0
653,1.4636175291610203,-1.2935915202588535,1.8389009817645263,-0.5482354006152749,1.4533235913220763,-2.6375942267218413,816.25
654,1.4636175169602348,-1.2935914907719654,1.8389010140049602,-0.5482354618164369,1.4533235785265664,-2.74642951247111,817.5
655,1.4636174989936381,-1.2935914596572071,1.8389010497126432,-0.5482355285051214,1.4533235600179444,-2.8652647905162785,818.75
656,1.4636174742084669,-1.2935914280902279,1.8389010878861531,-0.5482355980713727,1.4533235346511055,-2.994100061311498,820.0
657,1.463617435187656,-1.2935913990968386,1.8389011277670166,-0.5482356666724959,1.4533234950131078,-3.1329353277494505,821.25
658,1.4636173887610873,-1.2935913710160412,1.8389011689511898,-0.5482357356099774,1.453323447966901,-3.281770592209772,822.5
659,1.463617327119203,-1.2935913489480302,1.8389012087716465,-0.5482357970575004,1.4533233857754717,-3.440605849855465,823.75
660,1.4636172563123748,-1.2935913325312973,1.8389012457891145,-0.5482358499831887,1.4533233144977684,-3.6069799485421754,825.0
661,1.4636171826283775,-1.2935913233488971,1.8389012765940902,-0.5482358894396293,1.4533232404656289,-3.765893195998472,826.25
662,1.4636171095974468,-1.2935913237372438,1.8389012978585617,-0.5482359097874008,1.4533231672599451,-3.91480644345485,827.5
663,1.4636170399050061,-1.2935913276341455,1.8389013147071003,-0.5482359222340484,1.4533230974640254,-4.053719690911423,828.75
664,1.4636169754576027,-1.2935913385201356,1.8389013231755345,-0.5482359193478771,1.4533230330516251,-4.182632938368114,830.0
665,1.4636169161108463,-1.293591351792681,1.8389013278015642,-0.5482359102691068,1.453322973795395,-4.301546185824938,831.25
666,1.463616863012994,-1.2935913661267382,1.838901329538949,-0.5482358972851427,1.4533229208226692,-4.410459433281878,832.5
667,1.4636168179063582,-1.2935913845380065,1.8389013249261572,-0.5482358739306823,1.4533228759342176,-4.50937268073891,833.75
668,1.463616777359944,-1.293591401087915,1.8389013207797067,-0.5482358529373255,1.4533228355839296,-4.598285928196024,835.0
669,1.463616742202716,-1.2935914163924074,1.8389013162523917,-0.5482358328477815,1.4533228006138863,-4.677199175653229,836.25
670,1.463616716289685,-1.2935914333158451,1.8389013074043468,-0.5482358068850667,1.4533227749400963,-4.746112423110465,837.5
671,1.4636166941368935,-1.2935914477835229,1.8389012998402416,-0.5482357846898008,1.4533227529918296,-4.805025670567769,838.75
672,1.4636166757443416,-1.2935914597954385,1.8389012935600724,-0.5482357662619831,1.4533227347690858,-4.853938918025074,840.0
673,1.463616661112029,-1.2935914693515946,1.8389012885638434,-0.5482357516016146,1.4533227202718653,-4.8928521654824095,841.25
674,1.4636166502399557,-1.2935914764519918,1.8389012848515547,-0.5482357407086955,1.4533227095001684,-4.921765412939734,842.5
675,1.463616643128122,-1.2935914810966298,1.8389012824232065,-0.5482357335832255,1.453322702453994,-4.940678660397042,843.75
676,1.4637109184506287,-1.2927954225612752,1.837824685112889,-0.5479552924157924,1.4534185779692572,-4.950399446796807,845.0
677,1.464196628419957,-1.2886942416252327,1.8322782305211511,-0.5465105218098377,1.4539125314632535,-4.951819447277809,846.25
678,1.4644111444463448,-1.2868829570825335,1.8298286454694168,-0.545872444124085,1.4541306854077423,-4.944233413870583,847.5
679,1.464411149602933,-1.286882953370086,1.8298286480913686,-0.5458724518868245,1.454130684353469,-4.928151744941212,848.75
680,1.4644111579660222,-1.286882947349142,1.8298286523437188,-0.5458724644766374,1.4541306826436209,-4.902070076011847,850.0
681,1.464411169535612,-1.2868829390197014,1.8298286582264667,-0.5458724818935237,1.4541306802781984,-4.865988407082448,851.25
682,1.4644111843117023,-1.2868829283817644,1.8298286657396128,-0.5458725041374832,1.4541306772572011,-4.819906738153062,852.5
683,1.464411202437371,-1.2868829157434556,1.8298286759987061,-0.5458725357575905,1.4541306747008962,-4.763825086991366,853.75
684,1.4644112238326423,-1.2868829009325398,1.8298286883801826,-0.5458725742110271,1.454130671983082,-4.697743440085427,855.0
685,1.4644112543334251,-1.2868828857057624,1.8298286964475383,-0.5458726035268202,1.4541306913344814,-4.621661802798577,856.25
686,1.4644112933740088,-1.2868828698871335,1.8298287007973333,-0.5458726251469374,1.4541307305877669,-4.535580172449259,857.5
687,1.4644113369829288,-1.2868828522184197,1.8298287056173868,-0.5458726491607032,1.454130774673785,-4.439498553184127,858.75
688,1.4644113871343079,-1.2868828362071514,1.8298287066737533,-0.5458726673074227,1.4541308251199223,-4.333416940662254,860.0
689,1.4644114446732939,-1.286882823342177,1.8298287021593684,-0.5458726760510865,1.4541308826237134,-4.217335336409521,861.25
690,1.4644115071795727,-1.2868828097360376,1.829828696889619,-0.545872684805682,1.4541309450911757,-4.091253740385162,862.5
691,1.4644115749782574,-1.2868828059579924,1.8298286804245305,-0.5458726726108646,1.4541310129898666,-3.955172150483946,863.75
692,1.4644116477216373,-1.2868828019869407,1.8298286626778084,-0.5458726593636474,1.4541310858415726,-3.8090905608233836,865.0
693,1.464411719592044,-1.286882810965229,1.8298286324957063,-0.545872620724557,1.454131158053468,-3.653008978267261,866.25
694,1.46441179306006,-1.2868828234791505,1.8298285983719131,-0.5458725746189987,1.4541312319307447,-3.487415684702595,867.5
695,1.4644118553658239,-1.2868828458124022,1.829828557941449,-0.5458725123039587,1.454131294794977,-3.325753536766153,868.75
696,1.4644119069313053,-1.286882871262796,1.8298285176498044,-0.5458724469317235,1.4541313469482775,-3.174091388829578,870.0
697,1.4644119464726029,-1.2868829006690832,1.8298284770565814,-0.5458723772136136,1.4541313871186579,-3.032429240892888,871.25
698,1.46441197645362,-1.2868829307626983,1.829828438633414,-0.5458723089084843,1.454131417717252,-2.9007670929560643,872.5
699,1.4644119947306304,-1.2868829624187188,1.8298284021600653,-0.5458722409052226,1.454131436610752,-2.7791049450190624,873.75
700,1.4644120114715555,-1.2868829914803301,1.8298283686872787,-0.5458721784863184,1.4541314539175472,-2.667442797081979,875.0
701,1.464412012402843,-1.286883021138456,1.8298283393326271,-0.5458721194738139,1.4541314553859341,-2.5657806491447785,876.25
702,1.4644120132425245,-1.2868830478792561,1.8298283128654436,-0.545872066266076,1.4541314567098835,-2.4741185012074927,877.5
703,1.4644120139905996,-1.2868830717027318,1.8298282892857287,-0.5458720188631047,1.4541314578893947,-2.392456353270141,878.75
704,1.4644120059558352,-1.2868830930931625,1.8298282707041116,-0.5458719788278728,1.4541314502202378,-2.32079420533271,880.0
705,1.4644119977764438,-1.2868831115692259,1.829828255022842,-0.5458719446069421,1.454131442353543,-2.259132057395236,881.25
706,1.4644119909235378,-1.286883127048949,1.8298282418846645,-0.545871915935758,1.454131435762622,-2.207469909457738,882.5
707,1.4644119853971165,-1.2868831395323337,1.8298282312895817,-0.5458718928143207,1.4541314304474748,-2.1658077615202123,883.75
708,1.4644119811971803,-1.286883149019381,1.8298282232375946,-0.5458718752426303,1.4541314264081011,-2.1341456135826955,885.0
709,1.4644119783237288,-1.2868831555100912,1.829828217728703,-0.5458718632206866,1.4541314236445013,-2.112483465645203,886.25
710,1.4644279411175154,-1.286746696432854,1.8296426316224854,-0.5458227526524072,1.4541476654244232,-2.100653720009294,887.5
711,1.4648449395015188,-1.2831822104698274,1.8247950864878915,-0.5445401237649246,1.4545719495400589,-2.09653951307467,888.75
712,1.4651953733376772,-1.2801867210782032,1.8207213579523558,-0.5434622472670465,1.4549285041736293,-2.102066247544754,890.0
713,1.4651957991958338,-1.2801830868944213,1.820716424878546,-0.543460951353383,1.4549289328490627,-2.1153801067666413,891.25
714,1.4651958011846742,-1.280183080453701,1.820716432321668,-0.543460969680789,1.4549289267785983,-2.1386891046876375,892.5
715,1.4651958040267643,-1.2801830712497906,1.8207164429580303,-0.5434609958709982,1.4549289181037903,-2.171998102608663,893.75
716,1.4651958077221043,-1.2801830592826895,1.8207164567876322,-0.5434610299240104,1.4549289068246387,-2.215307100529689,895.0
717,1.4651958121163395,-1.2801830443799975,1.8207164731680674,-0.5434610691784535,1.4549288916978511,-2.268616088989006,896.25
718,1.465195817184526,-1.2801830265138545,1.8207164919955245,-0.5434611132042532,1.4549288725225118,-2.3319250689661692,897.5
719,1.4651958209754117,-1.2801830056237693,1.8207165134917145,-0.5434611611006822,1.454928856843967,-2.405234043910712,898.75
720,1.4651958201529864,-1.28018298138561,1.8207165371666891,-0.5434612079171685,1.4549288551392126,-2.488543007302095,900.0
721,1.4651958192539936,-1.2801829542300691,1.8207165636613705,-0.5434612602799498,1.4549288534136977,-2.581851963155528,901.25
722,1.465195815839686,-1.2801829247248901,1.820716593245527,-0.5434613181290989,1.4549288492542594,-2.685160912032938,902.5
723,1.4651957989406617,-1.2801828954232257,1.8207166271287483,-0.5434613811807384,1.4549288318379674,-2.798469851120781,903.75
724,1.4651957805506333,-1.2801828635365538,1.8207166640058836,-0.5434614498114964,1.4549288128877924,-2.92177878145895,905.0
725,1.4651957476360586,-1.280182834382999,1.8207167025323867,-0.5434615172575729,1.454928779379031,-3.055087706044814,906.25
726,1.4651957079084907,-1.2801828048152957,1.8207167435017502,-0.5434615875126433,1.4549287390159864,-3.198396628999983,907.5
727,1.4651956535052018,-1.2801827809626096,1.8207167832272422,-0.5434616506981513,1.4549286840437687,-3.3517055470260413,908.75
728,1.4651955909962193,-1.280182758531836,1.8207168239732678,-0.5434617134218049,1.454928620971267,-3.515014458767311,910.0
729,1.4651955165221497,-1.2801827483571224,1.820716856228079,-0.543461755307904,1.4549285461257668,-3.6794195665726406,911.25
730,1.4651954450078384,-1.2801827415258173,1.8207168843079604,-0.5434617896966321,1.4549284743080393,-3.8338564844140555,912.5
731,1.4651953735410792,-1.2801827454955337,1.8207169017416902,-0.5434618026362189,1.4549284027336629,-3.9782934022556384,913.75
732,1.4651953070663892,-1.280182750593271,1.8207169165743178,-0.543461811883013,1.4549283361843321,-4.112730320097375,915.0
733,1.4651952458183934,-1.2801827642806582,1.8207169213909649,-0.5434618025606225,1.4549282750304424,-4.2371672379392065,916.25
734,1.4651951894924096,-1.2801827768680933,1.8207169258205274,-0.5434617939873949,1.4549282187910022,-4.351604155781197,917.5
735,1.4651951412614916,-1.2801827938544177,1.820716923502724,-0.5434617743262732,1.4549281707466584,-4.456041073623255,918.75
736,1.4651950987902564,-1.2801828111924614,1.820716919118758,-0.5434617522893903,1.4549281284828386,-4.5504779914654385,920.0
737,1.4651950608163335,-1.2801828266945623,1.8207169151990086,-0.5434617325860092,1.4549280906943682,-4.634914909307671,921.25
738,1.4651950306871564,-1.2801828428520892,1.8207169082915113,-0.5434617092967844,1.454928060782224,-4.709351827149991,922.5
739,1.465195006792229,-1.280182858466412,1.820716900057056,-0.5434616852695942,1.4549280371101492,-4.773788744992347,923.75
740,1.4651949866055682,-1.280182871657539,1.8207168931005087,-0.5434616649711963,1.4549280171117567,-4.8282256628347575,925.0
741,1.465194970127174,-1.2801828824254688,1.8207168874218693,-0.5434616484015906,1.4549280007870462,-4.872662580677172,926.25
742,1.4651949573570466,-1.2801828907702042,1.8207168830211398,-0.5434616355607775,1.4549279881360175,-4.907099498519605,927.5
743,1.4651949482951858,-1.2801828966917448,1.8207168798983207,-0.5434616264487573,1.4549279791586711,-4.9315364163620075,928.75
744,1.4651949429415918,-1.2801829001900908,1.8207168780534122,-0.54346162106553,1.4549279738550065,-4.9459733342044,930.0
745,1.4654840997678567,-1.277680699685593,1.8172952367922037,-0.5425424776479837,1.4552223293971316,-4.95235723522166,931.25
746,1.4659281245485343,-1.2738383956298966,1.8120410730220846,-0.5411310748287702,1.4556743358976467,-4.949329221087567,932.5
747,1.465968356726816,-1.2734902790899005,1.8115650456386276,-0.541003206310716,1.4557152871822525,-4.938412618420886,933.75
748,1.465968363229988,-1.2734902744164491,1.8115650489625286,-0.5410032161042917,1.455715285886063,-4.917901608887532,935.0
749,1.4659683729037365,-1.273490267464489,1.8115650539069743,-0.5410032306726571,1.4557152839579253,-4.8873905993541396,936.25
750,1.4659683857480614,-1.27349025823402,1.8115650604719646,-0.5410032500158124,1.4557152813978393,-4.846879589820758,937.5
751,1.4659684018036025,-1.2734902468145444,1.8115650689804024,-0.5410032754437193,1.4557152785279759,-4.796368586083151,938.75
752,1.4659684211725312,-1.2734902334310734,1.8115650802440773,-0.5410033102496778,1.455715276158284,-4.735857599808247,940.0
753,1.4659684439493388,-1.2734902179008047,1.811565093148141,-0.5410033502755944,1.455715274192389,-4.665346613934022,941.25
754,1.4659684799624875,-1.273490203307603,1.8115650971968082,-0.5410033702575788,1.4557153103997025,-4.584835644160224,942.5
755,1.4659685204600303,-1.273490186897499,1.8115651017361132,-0.5410033926804138,1.455715351198793,-4.494324678453507,943.75
756,1.4659685654574472,-1.2734901686645739,1.8115651067493288,-0.5410034174879771,1.4557153967189924,-4.393813721401552,945.0
757,1.4659686189733008,-1.2734901556953298,1.8115651035749436,-0.5410034278097368,1.4557154502705205,-4.283302774723546,946.25
758,1.465968677890244,-1.2734901425309713,1.8115650989096084,-0.5410034367114371,1.4557155091479,-4.162791835451812,947.5
759,1.465968741856077,-1.2734901334815758,1.8115650886681536,-0.5410034359703142,1.4557155731371327,-4.032280902931356,948.75
760,1.4659688109052476,-1.2734901296568661,1.8115650717468026,-0.5410034233814819,1.4557156422894093,-3.8917699738360403,950.0
761,1.4659688823029202,-1.2734901313620863,1.811565048656067,-0.541003399110485,1.455715713897265,-3.7412590478782835,951.25
762,1.4659689552047142,-1.2734901405068597,1.8115650177617073,-0.5410033596069732,1.4557157871495017,-3.580748128497599,952.5
763,1.465969022508177,-1.2734901587176979,1.8115649795849404,-0.5410033037117655,1.4557158549543638,-3.41464669271725,953.75
764,1.4659690822807458,-1.273490180187311,1.8115649404449767,-0.5410032435383503,1.4557159152686665,-3.2574165605146397,955.0
765,1.4659691247516475,-1.2734902091151283,1.8115648991204623,-0.5410031735930535,1.455715958373381,-3.110186428311924,956.25
766,1.4659691625359237,-1.2734902372559054,1.8115648599788745,-0.541003106583337,1.45571599676531,-2.9729562961090528,957.5
767,1.4659691838815485,-1.2734902689330352,1.811564822270301,-0.5410030373483457,1.4557160187414635,-2.845726163906034,958.75
768,1.4659692012555692,-1.2734902990568808,1.811564787287641,-0.5410029723635981,1.4557160367077115,-2.7284960317028975,960.0
769,1.4659692106765811,-1.2734903280566896,1.8115647558002632,-0.5410029119397726,1.4557160466804107,-2.621265899499571,961.25
770,1.4659692115581628,-1.2734903560634687,1.8115647278544948,-0.5410028559878381,1.4557160480740436,-2.5240357672960343,962.5
771,1.4659692123490753,-1.2734903811897795,1.811564702782908,-0.541002805790491,1.4557160493243435,-2.4368056350924694,963.75
772,1.4659692098884742,-1.2734904036106973,1.8115646813600927,-0.5410027619239048,1.455716047265673,-2.359575502888903,965.0
773,1.4659692010944352,-1.2734904234969209,1.811564664341292,-0.5410027249498669,1.4557160388114334,-2.292345370685314,966.25
774,1.465969193608446,-1.2734904404252108,1.8115646498539153,-0.5410026934754519,1.4557160316147015,-2.2351152384817645,967.5
775,1.4659691874305076,-1.2734904543955652,1.8115646378979604,-0.5410026675006594,1.4557160256754775,-2.1878851062782667,968.75
776,1.4659691825606194,-1.273490465407987,1.8115646284734304,-0.5410026470254898,1.4557160209937605,-2.1506549740747434,970.0
777,1.465969178998781,-1.2734904734624763,1.8115646215803258,-0.5410026320499435,1.455716017569551,-2.1234248418712225,971.25
778,1.4659691767449934,-1.273490478559033,1.8115646172186466,-0.5410026225740202,1.455716015402849,-2.10619470966769,972.5
779,1.4661239002575794,-1.2721350596486583,1.8097010575545975,-0.5404946404209754,1.4558736004015704,-2.0977303001363814,973.75
780,1.466595338636974,-1.268005156312656,1.804022888335482,-0.538946858066282,1.4563537570039928,-2.097967018969904,975.0
781,1.4667323526200766,-1.266804888092739,1.8023726557484316,-0.5384970358080794,1.4564933018781538,-2.106790590322615,976.25
782,1.4667323541213018,-1.2668048832663847,1.8023726613668472,-0.538497049576176,1.4564932973541516,-2.1244851378626675,977.5
783,1.4667323564709378,-1.2668048757124364,1.8023726701604867,-0.5384970711252551,1.4564932902734282,-2.152179685402735,978.75
784,1.4667323596689852,-1.266804865430894,1.8023726821293509,-0.5384971004553168,1.456493280635984,-2.189874232942789,980.0
785,1.4667323637154437,-1.2668048524217577,1.802372697273439,-0.5384971375663612,1.4564932684418186,-2.23756878048283,981.25
786,1.4667323683243092,-1.2668048363577977,1.8023727143792656,-0.5384971774586687,1.4564932513590079,-2.2952633229101274,982.5
787,1.4667323737208942,-1.2668048174968032,1.802372734402808,-0.5384972240709887,1.4564932312246273,-2.3629578651536036,983.75
788,1.466732374686197,-1.2668047953445933,1.8023727566332133,-0.5384972698949275,1.4564932243121267,-2.440652395113635,985.0
789,1.466732373831712,-1.2668047701528353,1.8023727814441588,-0.5384973187574135,1.4564932225463856,-2.528346920331287,986.25
790,1.4667323729153159,-1.2668047420754693,1.8023728090482174,-0.5384973730723466,1.4564932208777503,-2.626041433365434,987.5
791,1.4667323628239268,-1.2668047132354716,1.80237284047633,-0.5384974326785734,1.4564932101642596,-2.7337359393276834,988.75
792,1.4667323455055807,-1.2668046831803212,1.8023728755156183,-0.5384974976389169,1.4564931923105222,-2.851430437338779,990.0
793,1.466732323468529,-1.2668046518976948,1.8023729131972082,-0.5384975664433737,1.4564931696975683,-2.979124927664065,991.25
794,1.4667322858119027,-1.2668046238358592,1.8023729523858418,-0.5384976334227649,1.4564931314323921,-3.1168194128565574,992.5
795,1.466732242766154,-1.2668045954711777,1.802372993497157,-0.53849770258753,1.4564930877584223,-3.264513896749364,993.75
796,1.4667321832222395,-1.2668045740658151,1.8023730326663614,-0.5384977627247505,1.4564930276717698,-3.4222083737292315,995.0
797,1.466732116651197,-1.2668045566587307,1.8023730699823692,-0.5384978169575299,1.4564929606133312,-3.5864703631914905,996.25
798,1.4667320462883555,-1.2668045478175352,1.8023730999377898,-0.5384978552339511,1.456492889910227,-3.742447356149504,997.5
799,1.4667319775450869,-1.2668045460849429,1.802373122350133,-0.5384978788692479,1.4564928209608339,-3.888424349107571,998.75
800,1.4667319111768846,-1.2668045497517295,1.8023731386884534,-0.5384978910476549,1.4564927544912973,-4.024401342065701,1000.0
801,1.4667318498296409,-1.2668045575934728,1.8023731493715873,-0.5384978934323097,1.4564926931318265,-4.150378335023871,1001.25
802,1.4667317935209696,-1.2668045701689166,1.802373153839663,-0.5384978849046125,1.4564926369103004,-4.266355327982069,1002.5
803,1.4667317420674573,-1.2668045816600513,1.8023731579224778,-0.5384978771122056,1.4564925855364195,-4.372332320940332,1003.75
804,1.4667316991099708,-1.2668045983820448,1.8023731542560528,-0.5384978564016558,1.4564925427758049,-4.468309313898596,1005.0
805,1.466731660969382,-1.266804613953367,1.8023731502817582,-0.5384978365698799,1.4564925048232624,-4.554286306856878,1006.25
806,1.4667316272649316,-1.2668046277135834,1.8023731467697108,-0.5384978190447409,1.456492471284987,-4.630263299815162,1007.5
807,1.466731600271222,-1.266804641357734,1.8023731413528408,-0.5384977997806537,1.4564924444723566,-4.696240292773438,1008.75
808,1.4667315797963605,-1.26680465474282,1.8023731342308422,-0.5384977791189173,1.456492424190377,-4.752217285731703,1010.0
809,1.4667315629792268,-1.26680466573673,1.8023731283811517,-0.538497762148293,1.4564924075316679,-4.798194278689923,1011.25
810,1.4667315498198215,-1.266804674339462,1.802373123803768,-0.5384977488687805,1.4564923944962294,-4.834171271648161,1012.5
811,1.466731540318144,-1.2668046805510182,1.802373120498692,-0.5384977392803801,1.4564923850840614,-4.860148264606389,1013.75
812,1.4667315344741945,-1.2668046843713983,1.8023731184659249,-0.5384977333830924,1.4564923792951643,-4.876125257564629,1015.0
813,1.4666904724795222,-1.2671606753743165,1.8028795192924156,-0.5386481009086886,1.4564504307038035,-4.88243375676984,1016.25
814,1.4665392511590276,-1.268471778642987,1.8047445890219813,-0.5392019116576023,1.4562959439729986,-4.880036116291874,1017.5
815,1.466508427408388,-1.2687390561888519,1.8051248017051231,-0.5393148150823895,1.4562644545006385,-4.86839907658773,1018.75
816,1.4664511160359615,-1.2692360120314823,1.8058317406801814,-0.5395247392509895,1.4562059053351262,-4.846762036883578,1020.0
817,1.4663673170417484,-1.2699626461708786,1.8068654059471556,-0.539831684163402,1.4561202964764608,-4.8151249971794305,1021.25
818,1.4662566869861926,-1.2709191215081455,1.808224418469699,-0.5402341073093101,1.4560072913788122,-4.773487907854471,1022.5
819,1.466118315760831,-1.2721058691252387,1.8099051226243084,-0.5407279204651254,1.4558659982050286,-4.721850665175081,1023.75
820,1.465953147747303,-1.2735224407134649,1.8119113097186332,-0.5413173648224131,1.4556973423824182,-4.660213422495699,1025.0
821,1.4657605930294548,-1.2751691508389567,1.8142406933062163,-0.5419998391674155,1.45550074584141,-4.588576093747155,1026.25
822,1.4655401108557191,-1.2770462873959327,1.8168911765895523,-0.5427729586240454,1.4552756786920364,-4.506938621156548,1027.5
823,1.465291912985864,-1.2791537586813457,1.819863629035193,-0.5436376838416224,1.455022348184603,-4.415301051485995,1028.75
824,1.4650152502064584,-1.2814919864456655,1.823155197905561,-0.5445907394498002,1.4547400198804472,-4.313663301674013,1030.0
825,1.4647096734241287,-1.2840612786088492,1.8267643026642681,-0.5456302364601647,1.4544282530371047,-4.2020253259831275,1031.25
826,1.4643752437533908,-1.2868616205119534,1.830691222743242,-0.5467564690312945,1.4540871074275246,-4.080387156920312,1032.5
827,1.464011202848059,-1.2898935104752849,1.8349332387594763,-0.5479662185562065,1.4537158391037204,-3.9487487160658894,1033.75
828,1.4636164679233463,-1.2931577217021304,1.83948661408488,-0.5492549738833734,1.4533133853982698,-3.8071098905737406,1035.0
829,1.4631910512299124,-1.2966543271867152,1.844351585359148,-0.5506228986409922,1.452879757745626,-3.65547071749006,1036.25
830,1.4627352120894548,-1.3003760236596766,1.8495149535310549,-0.5520640971643955,1.4524152464392077,-3.4941720934479763,1037.5
831,1.462285405036168,-1.3040229172072575,1.8545593439579067,-0.553461126472429,1.451957010757096,-3.336225077762256,1038.75
832,1.461860959684744,-1.307441299345011,1.8592739837613759,-0.5547569423064616,1.4515247271634135,-3.1882776789179283,1040.0
833,1.4614625423254954,-1.3106307234596017,1.8636612424896857,-0.5559543616285372,1.4511190493555362,-3.0503299605916387,1041.25
834,1.4610908370535691,-1.313590690713741,1.8677234561472211,-0.5570562201185657,1.450740648794736,-2.9223819848781183,1042.5
835,1.4607456706271236,-1.3163213973086685,1.8714602024666152,-0.5580618990666688,1.450389354919408,-2.804433719375052,1043.75
836,1.4604280303510893,-1.3188220707055467,1.8748747264484638,-0.5589754172433122,1.4500661371864116,-2.6964852628426295,1045.0
837,1.4601389788762762,-1.3210918050245917,1.877970339232428,-0.5598009930245847,1.449772039595573,-2.598536710078768,1046.25
838,1.4598773180044549,-1.3231316755532876,1.880743439054981,-0.5605339478068462,1.4495058845724156,-2.510587926334316,1047.5
839,1.459645408638076,-1.324939607623958,1.883201230387242,-0.5611835637695067,1.4492699920511172,-2.432639142589848,1048.75
840,1.4594415724623415,-1.326517117437382,1.8853386934852212,-0.5617433027883423,1.4490627125253956,-2.364690179423498,1050.0
841,1.4592677257077198,-1.3278624744014607,1.8871615607562569,-0.5622206303512216,1.4488859293306404,-2.306741215206401,1051.25
842,1.4591237430559534,-1.3289757949408991,1.8886694653476914,-0.5626150630166055,1.4487395192749088,-2.2587922377175587,1052.5
843,1.459008940507914,-1.3298577134257394,1.88986040210478,-0.5629239603642368,1.4486228099738534,-2.2208431663297614,1053.75
844,1.4589243897009159,-1.330507236636444,1.890737513855477,-0.563151459844586,1.4485368548643465,-2.1928940949419196,1055.0
845,1.4588700906349596,-1.3309243645730118,1.8913008005997805,-0.5632975614576529,1.4484816539463883,-2.17494502355409,1056.25
846,1.458836425799032,-1.3311828255985132,1.891649730221416,-0.5633879946738438,1.4484474307687143,-2.1669252613693955,1057.5
847,1.4586312291182777,-1.332755757565679,1.893771721050158,-0.5639368391669332,1.448238843586552,-2.1677808882890375,1058.75
848,1.45863115757956,-1.3327558227747793,1.8937715118244876,-0.5639365649091757,1.448238773368882,-2.1775464938423177,1060.0
849,1.458631012785049,-1.3327559547581314,1.8937710883513046,-0.5639360098109152,1.4482386312481743,-2.197312099395578,1061.25
850,1.458630794734745,-1.3327561535157355,1.8937704506306086,-0.5639351738721518,1.4482384172244291,-2.2270777049488606,1062.5
851,1.4586305033644542,-1.3327564189934564,1.8937695984679923,-0.5639340562760001,1.4482381307970167,-2.2668432882990732,1063.75
852,1.4586301386879401,-1.332756751202989,1.8937685319051445,-0.5639326571980515,1.448237772073616,-2.316608861014017,1065.0
853,1.4586297007325522,-1.3327571501674116,1.8937672510248897,-0.5639309769864049,1.4482373412675726,-2.3763744337290293,1066.25
854,1.4586296606295788,-1.3327571663891966,1.8937671543650287,-0.5639308637945974,1.4482373013146752,-2.446139989888704,1067.5
855,1.458629659843775,-1.3327571419401945,1.893767177624669,-0.5639309111592976,1.4482372999177917,-2.52590554449373,1068.75
856,1.4586296589714087,-1.332757114421074,1.8937672037858602,-0.5639309644112492,1.4482372984403602,-2.615671091765218,1070.0
857,1.4586296508848937,-1.3327570854563493,1.8937672334733082,-0.563931022764139,1.4482372897670508,-2.71543663364334,1071.25
858,1.4586296335690094,-1.3327570555047998,1.8937672668604264,-0.5639310859832025,1.4482372719070946,-2.825202168409037,1072.5
859,1.4586296146757922,-1.3327570228248493,1.893767303290288,-0.5639311549662323,1.4482372524215505,-2.9449676961969375,1073.75
860,1.458629577703387,-1.3327569941638007,1.8937673411431177,-0.5639312212308533,1.4482372148634455,-3.0747332148171482,1075.0
861,1.4586295367151991,-1.3327569637710912,1.8937673817985292,-0.5639312920026358,1.4482371732482278,-3.214498729481014,1076.25
862,1.4586294787497336,-1.3327569403828725,1.8937674207272392,-0.5639313539226745,1.4482371147364164,-3.364264243157036,1077.5
863,1.4586294140459741,-1.332756917307328,1.893767461308681,-0.563931417135682,1.4482370494754726,-3.524029749612659,1078.75
864,1.4586293349460464,-1.3327569075346337,1.8937674934490145,-0.5639314585012768,1.4482369700148763,-3.6875111504367966,1080.0
865,1.4586292592095775,-1.3327569011800975,1.8937675213775131,-0.5639314922593954,1.4482368939852606,-3.8414221875010885,1081.25
866,1.4586291838543253,-1.3327569054757709,1.8937675391040065,-0.5639315051652513,1.4482368185228829,-3.985333224565447,1082.5
867,1.4586291137999652,-1.332756911554226,1.8937675536078793,-0.5639315131021049,1.4482367484051701,-4.119244261629845,1083.75
868,1.4586290492526168,-1.3327569260507848,1.893767558542146,-0.5639315030873997,1.448236683954061,-4.2431552986942815,1085.0
869,1.4586289899144376,-1.3327569393774215,1.893767563078195,-0.5639314938809104,1.4482366247043539,-4.357066335758747,1086.25
870,1.4586289393788865,-1.3327569577485867,1.8937675602880366,-0.5639314723636032,1.4482365743661854,-4.46097737282325,1087.5
871,1.4586288946764747,-1.3327569760289144,1.8937675558966847,-0.563931449376516,1.4482365298736493,-4.554888409887816,1088.75
872,1.4586288547341437,-1.3327569923626805,1.8937675519729364,-0.5639314288371796,1.4482364901188451,-4.638799446952345,1090.0
873,1.4586288234041378,-1.3327570096063077,1.8937675446958822,-0.5639314040943184,1.4482364590129555,-4.712710484016919,1091.25
874,1.4586287983167696,-1.3327570260026853,1.8937675364159363,-0.5639313792394292,1.4482364341500373,-4.7766215210814735,1092.5
875,1.458628777154759,-1.3327570398335613,1.8937675294315313,-0.5639313582735217,1.4482364131773575,-4.830532558145997,1093.75
876,1.4586287599181063,-1.3327570510989357,1.893767523742667,-0.5639313411965962,1.4482363960949165,-4.874443595210475,1095.0
877,1.458628746606811,-1.3327570597988108,1.8937675193493455,-0.5639313280086531,1.448236382902714,-4.908354632274965,1096.25
878,1.4586287372208737,-1.3327570659331862,1.8937675162515675,-0.5639313187096926,1.44823637360075,-4.932265669339467,1097.5
879,1.458628731760294,-1.332757069502062,1.8937675144493327,-0.5639313132997145,1.4482363681890247,-4.946176706403965,1098.75
880,1.4589852969959114,-1.3299629625000702,1.8901128925328887,-0.5630711738461164,1.4485979917601204,-4.952092661733715,1100.0
881,1.459465786848171,-1.3261977917128873,1.885188148982782,-0.561912107403031,1.4490852963753866,-4.948462590618044,1101.25
882,1.4594921194413482,-1.3259914732494016,1.8849182953207104,-0.5618486010014434,1.4491119978348248,-4.936995822700768,1102.5
883,1.4594921264893377,-1.3259914681346439,1.8849182988366422,-0.5618486116162769,1.4491119962989263,-4.91576810299025,1103.75
884,1.4594921368575093,-1.3259914606104148,1.8849183040088664,-0.5618486272315687,1.4491119940394936,-4.884540383279727,1105.0
885,1.4594921505458631,-1.3259914506767152,1.8849183108373833,-0.5618486478473192,1.4491119910565267,-4.843312663569247,1106.25
886,1.4594921676138002,-1.3259914384516374,1.8849183197558776,-0.5618486752601674,1.449111987797895,-4.792084945724876,1107.5
887,1.4594921881524934,-1.3259914241164363,1.8849183314299929,-0.5618487122276964,1.449111984951014,-4.730857231895227,1108.75
888,1.4594922130073564,-1.3259914077326842,1.8849183440346466,-0.5618487528377324,1.4491119852842202,-4.659629519634677,1110.0
889,1.459492251451983,-1.3259913921232773,1.8849183481570015,-0.5618487739933546,1.449112023946706,-4.578401822403601,1111.25
890,1.4594922946451863,-1.3259913745865264,1.884918352771098,-0.5618487976999436,1.449112067493286,-4.487174130015001,1112.5
891,1.4594923425988984,-1.325991355118111,1.8849183578649014,-0.5618488239166458,1.4491121160188707,-4.385946445190948,1113.75
892,1.4594923999122624,-1.3259913418272093,1.884918353884858,-0.5618488336705014,1.449112173329647,-4.274718771568383,1115.0
893,1.459492462611905,-1.3259913277511133,1.8849183490593149,-0.5618488433255256,1.4491122359898667,-4.153491105145587,1116.25
894,1.459492530675562,-1.3259913188505335,1.884918337763275,-0.5618488413874795,1.4491123040873568,-4.02226344512478,1117.5
895,1.4594926040902014,-1.325991314687588,1.8849183204176745,-0.5618488287174701,1.4491123776053974,-3.881035787938985,1118.75
896,1.459492679549618,-1.325991317349032,1.8849182959912034,-0.5618488021560136,1.4491124532930009,-3.729808134289403,1120.0
897,1.4594927570052885,-1.325991326944466,1.8849182643936864,-0.5618487615028275,1.449112531103708,-3.5685804871976594,1121.25
898,1.45949282715394,-1.3259913470355356,1.8849182249381298,-0.561848702442161,1.4491126017729867,-3.4027578727190777,1122.5
899,1.4594928900874615,-1.3259913695254668,1.8849181852955283,-0.5618486407444716,1.4491126652515591,-3.2462340101886933,1123.75
900,1.4594929335945666,-1.325991400652482,1.8849181430785067,-0.5618485676971715,1.4491127094074359,-3.0997101476582394,1125.0
901,1.4594929733440711,-1.3259914301706095,1.8849181034813818,-0.5618484988527598,1.449112749768523,-2.9631862851276916,1126.25
902,1.4594929945334365,-1.3259914639269403,1.8849180652405209,-0.5618484269954624,1.4491127715985082,-2.836662422597117,1127.5
903,1.4594930127870183,-1.3259914955310574,1.8849180298976436,-0.5618483601683515,1.4491127904480274,-2.720138560066496,1128.75
904,1.4594930215563116,-1.3259915262001503,1.8849179981957342,-0.5618482978510908,1.4491127997739623,-2.613614697535862,1130.0
905,1.4594930224691163,-1.3259915555688444,1.8849179700098238,-0.5618482402955683,1.4491128012016785,-2.5170908350052033,1131.25
906,1.4594930232873535,-1.3259915818948977,1.8849179447440056,-0.5618481887028739,1.4491128024814812,-2.4305669724745007,1132.5
907,1.4594930199032063,-1.325991605411231,1.8849179233688085,-0.5618481437818091,1.4491127994996713,-2.3540431099438037,1133.75
908,1.4594930106894122,-1.325991626210112,1.8849179062686932,-0.5618481058131569,1.4491127906266539,-2.2875192474131056,1135.0
909,1.4594930028606536,-1.3259916438824626,1.8849178917391007,-0.5618480735520285,1.4491127830874464,-2.23099538488241,1136.25
910,1.4594929964169316,-1.3259916584282812,1.884917879780029,-0.5618480469984236,1.4491127768820489,-2.1844715223517883,1137.5
911,1.4594929913582455,-1.325991669847571,1.8849178703914808,-0.5618480261523424,1.4491127720104608,-2.1479476598211544,1138.75
912,1.459492987684595,-1.3259916781403325,1.8849178635734578,-0.561848011013785,1.4491127684726823,-2.1214237972905092,1140.0
913,1.4594929853959806,-1.3259916833065652,1.8849178593259586,-0.5618480015827513,1.4491127662687135,-2.1048999347598665,1141.25
914,1.459702065740084,-1.3243330037709182,1.8827352576949616,-0.5613242985764928,1.44932490771351,-2.097013701003792,1142.5
915,1.4602292062532223,-1.3201510999561266,1.8772324426000682,-0.560003940049429,1.449859765186967,-2.0980502462099797,1143.75
916,1.4603441907710808,-1.3192389101388373,1.876032131696745,-0.5597159413465979,1.4499764297078408,-2.1075101144875172,1145.0
917,1.4603441923857856,-1.3192389047770472,1.8760321377240146,-0.5597159564545652,1.449976424602189,-2.126099360866204,1146.25
918,1.4603441948691134,-1.319238896530907,1.8760321469936265,-0.5597159796897945,1.4499764167499753,-2.154688607244905,1147.5
919,1.460344198221064,-1.3192388854004165,1.8760321595055802,-0.5597160110522856,1.4499764061511995,-2.193277853623565,1148.75
920,1.4603442024253892,-1.3192388713688674,1.8760321751964446,-0.5597160502747984,1.4499763926797764,-2.241867098940107,1150.0
921,1.4603442071764519,-1.319238854121981,1.876032192873085,-0.5597160923306015,1.449976373964066,-2.300456326494036,1151.25
922,1.4603442127384252,-1.3192388339313987,1.8760322135667717,-0.5597161415644822,1.4499763520539615,-2.3690455540479514,1152.5
923,1.4603442131034754,-1.3192388102003985,1.8760322363228785,-0.5597161887047482,1.4499763465723303,-2.4476347678350168,1153.75
924,1.4603442122015222,-1.3192387833171317,1.8760322617604102,-0.5597162397931246,1.44997634473858,-2.5362239772529738,1155.0
925,1.4603442112341543,-1.3192387533867098,1.87603229003478,-0.5597162965327841,1.449976342989018,-2.6348131758919244,1156.25
926,1.4603441991060662,-1.319238723000904,1.876032322362547,-0.5597163586720394,1.449976330253485,-2.7434023664244576,1157.5
927,1.4603441806695676,-1.3192386910283675,1.8760323582254559,-0.5597164263739086,1.4499763112742037,-2.8619915492247263,1158.75
928,1.4603441556643735,-1.3192386584109586,1.876032396619257,-0.5597164972145982,1.4499762856858318,-2.990580724738976,1160.0
929,1.460344115601707,-1.3192386286193358,1.8760324367027192,-0.5597165668174273,1.449976245003582,-3.1291698958134324,1161.25
930,1.4603440683419058,-1.3192385994953149,1.8760324782442683,-0.5597166371593508,1.4499761971179699,-3.2777590651338233,1162.5
931,1.4603440050346186,-1.3192385768289068,1.876032518296317,-0.5597166994373508,1.4499761332591246,-3.4363482275803108,1163.75
932,1.460343932519263,-1.319238559611793,1.8760325558305504,-0.5597167536820337,1.4499760602654246,-3.602716778483752,1165.0
933,1.460343856603327,-1.319238550172309,1.8760325869352412,-0.5597167936936988,1.4499759839993236,-3.7618812720807533,1166.25
934,1.4603437814969313,-1.3192385502738397,1.8760326087025994,-0.5597168148303935,1.4499759087120405,-3.9110457656778084,1167.5
935,1.4603437096742646,-1.319238554325905,1.8760326257454036,-0.5597168273141693,1.449975836785748,-4.050210259274896,1168.75
936,1.4603436432373065,-1.3192385653096197,1.876032634607919,-0.5597168247222559,1.449975770379814,-4.179374752872052,1170.0
937,1.4603435820557038,-1.3192385790351977,1.876032639324939,-0.559716815279337,1.4499757092900976,-4.29853924646924,1171.25
938,1.4603435271882632,-1.3192385936540616,1.8760326413516881,-0.5597168022971252,1.4499756545455653,-4.407703740066481,1172.5
939,1.4603434806653202,-1.3192386126852242,1.876032636740161,-0.5597167783220468,1.4499756082431983,-4.506868233663711,1173.75
940,1.4603434388338687,-1.319238629797232,1.8760326325936663,-0.5597167567646744,1.4499755666100795,-4.596032727260999,1175.0
941,1.460343402397043,-1.3192386455129559,1.8760326282087312,-0.5597167364034905,1.449975530360222,-4.6751972208582835,1176.25
942,1.4603433756394346,-1.3192386630185224,1.876032619298663,-0.5597167097950803,1.449975503844508,-4.7443617144555645,1177.5
943,1.4603433527505176,-1.3192386779930845,1.8760326116768375,-0.55971668703379,1.4499754811625116,-4.803526208052843,1178.75
944,1.4603433337302918,-1.3192386904366389,1.8760326053432521,-0.5597166681196188,1.449975462314233,-4.852690701650088,1180.0
945,1.460343318578758,-1.3192387003491888,1.8760326002979104,-0.5597166530525677,1.449975447299672,-4.89185519524729,1181.25
946,1.460343307295915,-1.3192387077307346,1.8760325965408124,-0.5597166418326367,1.4499754361188284,-4.921019688844519,1182.5
947,1.4603432998817638,-1.3192387125812761,1.8760325940719584,-0.5597166344598258,1.4499754287717028,-4.940184182441758,1183.75
948,1.4604335796648156,-1.3185136240911537,1.875072793113474,-0.5594820161278459,1.4500670720417899,-4.950080837001412,1185.0
949,1.4609466315196584,-1.3143931672881806,1.869618562261173,-0.5581487772289595,1.4505878717325544,-4.95170527320192,1186.25
950,1.4611826422590435,-1.3124977219455687,1.8671095733655747,-0.5575354805133212,1.4508274436789679,-4.944265400924751,1187.5
951,1.4611826474857268,-1.3124977181585316,1.8671095759836591,-0.5575354883831876,1.4508274425760919,-4.928341791295173,1188.75
952,1.4611826559947585,-1.3124977119932417,1.8671095802458963,-0.5575355011953167,1.4508274407806119,-4.9024181816655785,1190.0
953,1.4611826677861384,-1.312497703449699,1.8671095861522864,-0.5575355189497087,1.4508274382925275,-4.866494572035995,1191.25
954,1.4611826828598669,-1.3124976925279033,1.8671095937028286,-0.5575355416463634,1.4508274351118389,-4.820570962406436,1192.5
955,1.461182701365037,-1.3124976795306753,1.867109604007029,-0.5575355738603724,1.4508274323771446,-4.764647356457782,1193.75
956,1.4611827232226102,-1.312497664297482,1.8671096164767098,-0.5575356131663591,1.4508274294848436,-4.69872375147736,1195.0
957,1.46118275431984,-1.3124976485797508,1.8671096247493533,-0.5575356435520752,1.4508274486728916,-4.622800155869712,1196.25
958,1.4611827944043005,-1.312497632299667,1.8671096290843956,-0.5575356656516737,1.450827488981745,-4.536876567493558,1197.5
959,1.4611828391881798,-1.3124976141122962,1.8671096338887443,-0.5575356902039802,1.4508275342580292,-4.440952989861665,1198.75
960,1.4611828906228401,-1.3124975974953115,1.8671096350610448,-0.5575357091145472,1.450827586010217,-4.335029418967041,1200.0
961,1.4611829497231912,-1.3124975842416085,1.8671096304752837,-0.5575357181754251,1.4508276450759388,-4.219105856365682,1201.25
962,1.4611830139269495,-1.312497570041856,1.8671096252997963,-0.5575357276166563,1.450827709238919,-4.093182302005299,1202.5
963,1.4611830835764938,-1.312497566130752,1.8671096086995376,-0.5575357154201088,1.4508277789882726,-3.957258753800663,1203.75
964,1.461183158350141,-1.3124975619319341,1.8671095908780893,-0.5575357023266648,1.450827853868593,-3.811335205682037,1205.0
965,1.4611832322464833,-1.3124975710185465,1.8671095605955845,-0.5575356634794305,1.4508279281053862,-3.65541166463829,1206.25
966,1.4611833079684153,-1.3124975836543482,1.8671095263822157,-0.5575356171642626,1.4508280042347943,-3.4899080092270673,1207.5
967,1.461183372108324,-1.3124976066592577,1.8671094856254176,-0.5575355538518745,1.4508280689366067,-3.328082670296097,1208.75
968,1.461183425458395,-1.3124976327104998,1.867109445103901,-0.5575354876511913,1.450828122875886,-3.1762573313650138,1210.0
969,1.4611834661660272,-1.312497663020634,1.8671094041980079,-0.557535416716569,1.4508281642168637,-3.034431992433916,1211.25
970,1.4611834973093871,-1.3124976939323123,1.8671093655098234,-0.5575353473301463,1.4508281959808063,-2.902606653502734,1212.5
971,1.461183516124951,-1.3124977265761677,1.8671093287641833,-0.557535278066258,1.4508282154173568,-2.7807813145715152,1213.75
972,1.461183533396045,-1.312497756540455,1.867109295034793,-0.557535214487877,1.4508282332584639,-2.6689559756402907,1215.0
973,1.4611835345602948,-1.3124977870904484,1.8671092654492698,-0.5575351543533014,1.450828234963703,-2.567130636709005,1216.25
974,1.4611835354193343,-1.3124978146830022,1.86710923878404,-0.5575351000950026,1.45082823631089,-2.4753052977777177,1217.5
975,1.4611835361848224,-1.312497839270658,1.8671092150227155,-0.5575350517455633,1.4508282375113657,-2.393479958846415,1218.75
976,1.4611835280703926,-1.3124978613467715,1.8671091962593769,-0.557535010843285,1.4508282297659925,-2.321654619915104,1220.0
977,1.4611835196315641,-1.3124978804309517,1.8671091804549647,-0.5575349758902823,1.4508282216427246,-2.2598292809838054,1221.25
978,1.4611835125576824,-1.3124978964283405,1.86710916720685,-0.5575349465907871,1.4508282148333627,-2.2080039420525415,1222.5
979,1.461183506848747,-1.3124979093389388,1.8671091565150348,-0.5575349229447994,1.4508282093379068,-2.1661786031213195,1223.75
980,1.4611835025047581,-1.3124979191627486,1.8671091483795206,-0.5575349049523196,1.4508282051563568,-2.1343532641900578,1225.0
981,1.461183499525716,-1.3124979258997695,1.867109142800307,-0.5575348926133475,1.4508282022887125,-2.1125279252587843,1226.25
982,1.4611974401845282,-1.312384570299834,1.8669582054767901,-0.5574973253534194,1.4508423601003497,-2.1005652586770838,1227.5
983,1.4616345464362632,-1.3088306278086412,1.8622262421216762,-0.5563197583324755,1.4512862724413,-2.096345215401025,1228.75
984,1.462010594348488,-1.3057731323415511,1.8581552886914503,-0.5553066918795736,1.4516681737661246,-2.101776963853391,1230.0
985,1.4620111930317705,-1.3057682702198607,1.8581488242197441,-0.5553050927557515,1.451668777045787,-2.1150211836706894,1231.25
986,1.4620111950406665,-1.3057682636008565,1.8581488317023278,-0.5553051114293591,1.4516687707946325,-2.138259049892555,1232.5
987,1.462011197914055,-1.3057682541334823,1.8581488424049075,-0.5553051381388197,1.4516687618534054,-2.1714969161144073,1233.75
988,1.4620112016519364,-1.3057682418177379,1.8581488563274835,-0.5553051728841333,1.451668750222106,-2.21473478233626,1235.0
989,1.462011206092998,-1.3057682264838641,1.8581488728279925,-0.55530521297368,1.451668734633122,-2.267972636717116,1236.25
990,1.4620112112060295,-1.3057682080990147,1.8581488917822062,-0.5553052578866745,1.4516687148411895,-2.3312104802139557,1237.5
991,1.4620112150803777,-1.3057681866056254,1.858148913417269,-0.5553053067866262,1.451668698492635,-2.4044483188032673,1238.75
992,1.4620112142387411,-1.305768161661803,1.8581489371956934,-0.5553053543820962,1.451668696752236,-2.4876861456989583,1240.0
993,1.4620112133191154,-1.3057681337132103,1.858148963808442,-0.5553054076209489,1.4516686949900528,-2.580923965247971,1241.25
994,1.4620112099312967,-1.305768103317365,1.8581489935166497,-0.5553054664398885,1.4516686908439713,-2.6841617778795186,1242.5
995,1.4620111925722687,-1.3057680731570338,1.8581490275746195,-0.5553055305250989,1.451668672966258,-2.7973995806351653,1243.75
996,1.4620111736806995,-1.305768040334237,1.8581490646438406,-0.5553056002844731,1.4516686535130447,-2.9206373747586785,1245.0
997,1.4620111399884295,-1.3057680102753912,1.858149103398008,-0.5553056688649097,1.451668619223869,-3.053875163163378,1246.25
998,1.4620110991646347,-1.3057679798432664,1.858149144601721,-0.5553057402192932,1.4516685777614087,-3.1971129499703768,1247.5
999,1.4620110433758473,-1.3057679552190018,1.8581491846108817,-0.5553058044611248,1.4516685213998861,-3.3503507319020382,1248.75
1000,1.4620109791326417,-1.3057679321396871,1.8581492256133068,-0.5553058680897324,1.4516684565905558,-3.513588507509985,1250.0
1001,1.462010902618683,-1.3057679215721671,1.8581492581914953,-0.5553059106917992,1.4516683797018852,-3.6780610708600374,1251.25
1002,1.46201082909043,-1.3057679144540322,1.8581492865805997,-0.5553059456759004,1.4516683058672932,-3.8325743041250573,1252.5
1003,1.462010755563372,-1.305767918564486,1.8581493041815196,-0.555305958640603,1.4516682322325978,-3.977087537390149,1253.75
1004,1.4620106871667653,-1.3057679237553306,1.8581493192407608,-0.555305968019601,1.451668163760058,-4.11160077065528,1255.0
1005,1.4620106241453812,-1.3057679378797633,1.8581493241416653,-0.5553059583429416,1.4516681008340142,-4.236114003920438,1256.25
1006,1.4620105661854175,-1.3057679508698183,1.8581493286489565,-0.5553059494434393,1.4516680429617337,-4.3506272371856305,1257.5
1007,1.462010516517166,-1.3057679683348056,1.8581493264267581,-0.5553059293976466,1.4516679934806946,-4.455140470450875,1258.75
1008,1.4620104728059182,-1.305767986220574,1.8581493220543586,-0.5553059068232913,1.451667949978719,-4.5496537037161335,1260.0
1009,1.4620104337195514,-1.30576800221393,1.8581493181445776,-0.555305886637421,1.451667911079483,-4.6341669369814085,1261.25
1010,1.4620104026601188,-1.3057680188509382,1.8581493112638023,-0.5553058628940448,1.4516678802382614,-4.708680170246705,1262.5
1011,1.462010378056966,-1.3057680349607546,1.8581493029972593,-0.5553058383382974,1.451667855859829,-4.773193403511989,1263.75
1012,1.4620103572674734,-1.3057680485734362,1.8581492960120864,-0.5553058175888614,1.4516678352602232,-4.827706636777244,1265.0
1013,1.4620103402916405,-1.3057680596889827,1.858149290308284,-0.5553058006457368,1.4516678184394443,-4.872219870042439,1266.25
1014,1.4620103271294675,-1.3057680683073962,1.8581492858858535,-0.5553057875089239,1.4516678053974919,-4.90673310330766,1267.5
1015,1.4620103177809542,-1.3057680744286766,1.8581492827447956,-0.5553057781784229,1.4516677961343658,-4.931246336572893,1268.75
1016,1.4620103122461006,-1.3057680780528242,1.8581492808851099,-0.5553057726542338,1.4516677906500666,-4.945759569838137,1270.0
1017,1.4623133172883507,-1.3032740226201815,1.8548092810718468,-0.5544601415079334,1.451975658010249,-4.952165854964264,1271.25
1018,1.4627846600724084,-1.2993944036031606,1.8496137623405642,-0.5531447293623699,1.4524545630575614,-4.949168377861811,1272.5
1019,1.4628266598047448,-1.2990487300751405,1.8491508474146041,-0.5530275323699125,1.4524972324237952,-4.9382482581749025,1273.75
1020,1.4628266664656753,-1.2990487252569298,1.8491508507660137,-0.5530275423988555,1.4524972310607138,-4.917722584839423,1275.0
1021,1.4628266763717757,-1.2990487180913126,1.8491508557502132,-0.5530275573138467,1.4524972290335465,-4.887196911503954,1276.25
1022,1.4628266895230462,-1.299048708578288,1.849150862367201,-0.5530275771148859,1.4524972263422928,-4.846671238168496,1277.5
1023,1.4628267059628395,-1.2990486968078458,1.8491508709457678,-0.5530276031512397,1.4524972233222526,-4.796145568549187,1278.75
1024,1.4628267257996432,-1.2990486830051795,1.8491508823086944,-0.5530276387993898,1.452497220812498,-4.735619909980866,1280.0
1025,1.4628267491378004,-1.2990486669918584,1.8491508953159463,-0.5530276797698939,1.4524972187418033,-4.665094251828014,1281.25
1026,1.462826786173629,-1.2990486519465652,1.8491508993561259,-0.5530277002271439,1.4524972559825575,-4.584568609849169,1282.5
1027,1.4628268278207188,-1.299048635028428,1.8491509038854779,-0.5530277231824313,1.452497297945897,-4.494042971901352,1283.75
1028,1.4628268740953567,-1.2990486162313968,1.8491509088869669,-0.5530277485781848,1.452497344764639,-4.39351734249466,1285.0
1029,1.462826929128875,-1.2990486028674646,1.84915090563775,-0.5530277592230952,1.4524973998361648,-4.28299172347474,1286.25
1030,1.462826989710024,-1.299048589293708,1.849150900894616,-0.553027768456506,1.452497460378036,-4.1624661118293975,1287.5
1031,1.4628270554811462,-1.299048579971316,1.849150890530138,-0.5530277678658566,1.4524975261728121,-4.031940506879376,1288.75
1032,1.4628271264766317,-1.2990485760185058,1.8491508734592736,-0.5530277552566188,1.4524975972713308,-3.891414905273248,1290.0
1033,1.4628271998782232,-1.2990485777781113,1.8491508501726,-0.5530277307361544,1.4524976708839392,-3.7408893067755318,1291.25
1034,1.4628272748309752,-1.2990485871868103,1.8491508190540904,-0.5530276907453108,1.4524977461885782,-3.5803637148845624,1292.5
1035,1.4628273440036608,-1.2990486059514745,1.849150780613659,-0.5530276340328562,1.4524978158652908,-3.4142636640935367,1293.75
1036,1.4628274054453343,-1.29904862805714,1.8491507412253734,-0.5530275729752094,1.452497877851361,-3.2570430189835378,1295.0
1037,1.4628274490787658,-1.2990486578618055,1.849150699650832,-0.5530275019025993,1.452497922122169,-3.1098223738734974,1296.25
1038,1.4628274879145007,-1.2990486868432156,1.84915066028128,-0.5530274338239576,1.4524979615688216,-2.972601728763384,1297.5
1039,1.4628275098285004,-1.2990487194791798,1.849150622364797,-0.5530273634214264,1.4524979841170125,-2.8453810836532574,1298.75
1040,1.4628275276819043,-1.2990487505066275,1.8491505871937375,-0.5530272973440346,1.452498002566006,-2.72816043854308,1300.0
1041,1.462827537339185,-1.2990487803820379,1.8491505555443022,-0.5530272358816901,1.4524980127781983,-2.620939793432876,1301.25
1042,1.4628275382390832,-1.2990488092311454,1.8491505274603317,-0.5530271789484376,1.4524980141931834,-2.5237191483226513,1302.5
1043,1.4628275390464194,-1.2990488351128617,1.8491505022650392,-0.5530271278712723,1.4524980154626248,-2.436498503212395,1303.75
1044,1.4628275364954322,-1.299048858209008,1.8491504807436614,-0.5530270832301072,1.4524980133159462,-2.3592778581021454,1305.0
1045,1.4628275274513403,-1.2990488786941066,1.8491504636499363,-0.5530270455815975,1.4524980046137443,-2.29205721299188,1306.25
1046,1.4628275197526823,-1.2990488961317632,1.8491504490991388,-0.5530270135338239,1.4524979972061154,-2.234836567881629,1307.5
1047,1.462827513399458,-1.2990489105219754,1.8491504370912661,-0.5530269870867865,1.4524979910930593,-2.187615922771454,1308.75
1048,1.4628275083916673,-1.2990489218647467,1.8491504276263218,-0.5530269662404852,1.4524979862745757,-2.1503952776612394,1310.0
1049,1.4628275047293102,-1.2990489301600772,1.8491504207043061,-0.5530269509949199,1.452497982750665,-2.1231746325510126,1311.25
1050,1.4628275024123867,-1.299048935407967,1.849150416325219,-0.553026941350091,1.4524979805213272,-2.105953987440803,1312.5
1051,1.462991893250064,-1.2976791034866202,1.8473054665189745,-0.5525519927102152,1.4526650888939687,-2.097519262074473,1313.75
1052,1.4634918264618644,-1.2935132929895814,1.841694787235627,-0.5511076389092613,1.4531732858058037,-2.097810397987008,1315.0
1053,1.4636326965577278,-1.292339463895608,1.8401138336545693,-0.5507006611748737,1.4533164814497368,-2.106688107613782,1316.25
1054,1.463632698088206,-1.2923394588911368,1.8401138393470464,-0.5507006753168524,1.4533164767582654,-2.1244821389499258,1317.5
1055,1.4636327004787923,-1.2923394510742219,1.8401138482386177,-0.5507006974064281,1.4533164694302512,-2.1522761702860422,1318.75
1056,1.463632703729486,-1.2923394404448632,1.8401138603292821,-0.5507007274436005,1.4533164594656949,-2.190070201622173,1320.0
1057,1.4636327078402875,-1.2923394270030606,1.84011387561904,-0.5507007654283699,1.453316446864596,-2.237864232958291,1321.25
1058,1.4636327125048765,-1.292339410418791,1.8401138928648963,-0.5507008061766312,1.4533164291896572,-2.2956582415874047,1322.5
1059,1.4636327179678483,-1.2923393909555756,1.8401139130593784,-0.550700853827872,1.453316408387048,-2.3634522496660426,1323.75
1060,1.463632718873682,-1.2923393680986748,1.8401139354248452,-0.5507009004527676,1.4533164014605275,-2.4412462452660035,1325.0
1061,1.4636327179983213,-1.2923393421179143,1.8401139603775278,-0.5507009502127641,1.4533163996584075,-2.529040236150671,1326.25
1062,1.463632717060421,-1.292339313164713,1.8401139881357955,-0.5507010055186975,1.4533163979558112,-2.6268342151190875,1327.5
1063,1.4636327065403627,-1.2923392834603162,1.8401140197633725,-0.5507010661855442,1.4533163868103784,-2.734628186904567,1328.75
1064,1.4636326887314146,-1.2923392524710091,1.8401140550124233,-0.5507011322900306,1.4533163684638641,-2.8524221507745855,1330.0
1065,1.463632665906755,-1.2923392202852941,1.8401140929037882,-0.5507012022065496,1.4533163450609174,-2.9802161070379496,1331.25
1066,1.4636326271791982,-1.2923391913567064,1.8401141323390078,-0.5507012702994655,1.4533163057211147,-3.11801005829832,1332.5
1067,1.4636325827545127,-1.2923391622200497,1.840114173657302,-0.5507013404421094,1.4533162606659,-3.2658040082654116,1333.75
1068,1.4636325215176205,-1.2923391401582924,1.8401142130893948,-0.5507014014981757,1.4533161988832655,-3.423597951299205,1335.0
1069,1.4636324520512005,-1.292339122242164,1.8401142509380009,-0.5507014567646783,1.4533161289248135,-3.5898554379903698,1336.25
1070,1.4636323778854665,-1.2923391129075392,1.840114281867249,-0.5507014964944171,1.4533160544087553,-3.74980985597805,1337.5
1071,1.4636323049446098,-1.2923391118897742,1.8401143043844859,-0.5507015195022681,1.45331598126915,-3.899764273965828,1338.75
1072,1.463632234730769,-1.2923391157840791,1.8401143213419928,-0.5507015320569298,1.4533159109510438,-4.039718691953636,1340.0
1073,1.4636321697279184,-1.292339125614185,1.840114331015576,-0.550701531428204,1.453315845962844,-4.169673109941513,1341.25
1074,1.463632109862335,-1.292339139019672,1.840114335711799,-0.5507015222830746,1.4533157861884871,-4.2896275279293805,1342.5
1075,1.4636320557773854,-1.2923391526814239,1.8401143384535223,-0.5507015109689183,1.4533157322136518,-4.399581945917302,1343.75
1076,1.4636320101965452,-1.2923391713359582,1.8401143338520125,-0.5507014873791072,1.4533156868531534,-4.4995363639052925,1345.0
1077,1.4636319691758675,-1.2923391881241848,1.8401143297108586,-0.5507014661493519,1.453315646030773,-4.589490781893248,1346.25
1078,1.4636319329242449,-1.2923392032021441,1.8401143258173611,-0.5507014469123878,1.4533156099587072,-4.669445199881242,1347.5
1079,1.4636319066200407,-1.2923392204379471,1.8401143168986853,-0.550701420563836,1.4533155838972251,-4.739399617869225,1348.75
1080,1.4636318840760287,-1.2923392352098881,1.8401143092549364,-0.5507013979818157,1.453315561561238,-4.7993540358572195,1350.0
1081,1.4636318652922082,-1.292339247517965,1.8401143028861107,-0.5507013791663256,1.4533155429507452,-4.849308453845151,1351.25
1082,1.4636318502685801,-1.2923392573621797,1.840114297792212,-0.550701364117367,1.4533155280657475,-4.88926287183307,1352.5
1083,1.463631839005144,-1.2923392647425331,1.8401142939732409,-0.5507013528349403,1.4533155169062444,-4.919217289821028,1353.75
1084,1.4636318315018997,-1.292339269659025,1.8401142914291972,-0.5507013453190452,1.453315509472236,-4.939171707808984,1355.0
1085,1.4636902878034628,-1.2918461276536761,1.839446355264601,-0.5505266110852564,1.453374960906371,-4.949673148546855,1356.25
1086,1.4641607661226232,-1.2878773750797639,1.8340709163864595,-0.5491204073081545,1.4538534474920288,-4.952135345417536,1357.5
1087,1.4644261587315224,-1.2856386582505455,1.8310387117143707,-0.5483271922480719,1.4541233548896348,-4.945332809546562,1358.75
1088,1.4644261635561981,-1.285638654766684,1.8310387141535878,-0.548327199513366,1.4541233539303535,-4.930296222265051,1360.0
1089,1.4644261715894984,-1.2856386489658997,1.8310387182149932,-0.548327211610404,1.4541233523331074,-4.905259634983537,1361.25
1090,1.464426182831423,-1.2856386408481926,1.8310387238985868,-0.548327228539186,1.4541233500978965,-4.870223047702034,1362.5
1091,1.4644261972819717,-1.2856386304135625,1.8310387312043683,-0.5483272502997121,1.4541233472247208,-4.825186460420542,1363.75
1092,1.4644262150649183,-1.2856386179246702,1.8310387410888977,-0.5483272807979197,1.454123344682957,-4.770149888387248,1365.0
1093,1.4644262361363563,-1.2856386032883385,1.8310387532128436,-0.548327318648212,1.4541233421287263,-4.705113322816317,1366.25
1094,1.464426265214851,-1.285638587902396,1.8310387621771633,-0.5483273501365525,1.4541233574094787,-4.630076765133286,1367.5
1095,1.4644263037810716,-1.2856385722330124,1.8310387664214636,-0.5483273714792726,1.4541233961867484,-4.545040216116432,1368.75
1096,1.4644263469113497,-1.2856385547101146,1.831038771134192,-0.5483273952283791,1.4541234397618852,-4.450003676865423,1370.0
1097,1.4644263961052306,-1.2856385380071322,1.83103877311491,-0.5483274151129743,1.4541234893095083,-4.344967144455408,1371.25
1098,1.464426453125501,-1.2856385252421718,1.8310387686131901,-0.5483274237667958,1.4541235462953914,-4.229930620521541,1372.5
1099,1.464426515101617,-1.2856385113666913,1.8310387637168455,-0.5483274331591723,1.4541236082280955,-4.104894105613527,1373.75
1100,1.4644265823552174,-1.2856385068792766,1.8310387481479997,-0.5483274225631141,1.454123675570972,-3.969857596610047,1375.0
1101,1.4644266546143985,-1.2856385028853121,1.8310387306176326,-0.548327409551399,1.4541237479363314,-3.8248210882048923,1376.25
1102,1.4644267265591349,-1.2856385106296233,1.8310387017746634,-0.5483273734857839,1.4541238201987137,-3.669784585850835,1377.5
1103,1.4644268010186359,-1.2856385217950896,1.8310386688621678,-0.5483273299472476,1.4541238950437163,-3.5048837432275115,1378.75
1104,1.4644268637262376,-1.2856385444142302,1.8310386283018343,-0.5483272672190794,1.454123958313188,-3.3421766557009143,1380.0
1105,1.4644269173284292,-1.2856385690851635,1.8310385884456566,-0.5483272030765632,1.4541240124914179,-3.189469568174219,1381.25
1106,1.4644269571608026,-1.2856385988651349,1.8310385477048934,-0.5483271328390948,1.4541240529572548,-3.0467624806474847,1382.5
1107,1.4644269891461907,-1.2856386286276018,1.8310385093062247,-0.5483270649041306,1.4541240855562751,-2.914055393120724,1383.75
1108,1.4644270075798744,-1.285638660707461,1.8310384726710904,-0.5483269963161863,1.4541241046114717,-2.7913483055938864,1385.0
1109,1.4644270245113076,-1.2856386901729693,1.831038439021526,-0.5483269333178076,1.4541241221137673,-2.6786412180670154,1386.25
1110,1.4644270269984099,-1.2856387199210457,1.8310384093773013,-0.5483268739370335,1.454124125140875,-2.575934130540139,1387.5
1111,1.4644270278476057,-1.28563874708514,1.83103838272934,-0.5483268201251564,1.4541241264796332,-2.4832270430132253,1388.75
1112,1.4644270286052015,-1.2856387713191328,1.8310383589558008,-0.5483267721177845,1.4541241276739842,-2.4005199554863053,1390.0
1113,1.464427021575789,-1.2856387930483428,1.8310383399235777,-0.5483267313004011,1.4541241210170106,-2.327812867959354,1391.25
1114,1.4644270132578687,-1.285638811913606,1.8310383240561474,-0.5483266965030146,1.4541241130169316,-2.2651057804324384,1392.5
1115,1.4644270062664204,-1.2856388277703934,1.8310383107191202,-0.5483266672548232,1.454124106292638,-2.2123986929055377,1393.75
1116,1.4644270006014444,-1.285638840618706,1.8310382999124961,-0.5483266435558269,1.4541241008441301,-2.1696916053786985,1395.0
1117,1.4644269962629404,-1.2856388504585454,1.8310382916362775,-0.5483266254060258,1.4541240966714075,-2.136984517851819,1396.25
1118,1.4644269932509086,-1.2856388572899118,1.8310382858904644,-0.5483266128054198,1.4541240937744702,-2.114277430324957,1397.5
1119,1.4644303230880147,-1.285610410716577,1.8309995336968232,-0.5483163105761263,1.4541274820476584,-2.1015341605801368,1398.75
1120,1.4648060635203792,-1.2824016776894616,1.8266292907267303,-0.5471551845607565,1.454509805842523,-2.0965047438597417,1400.0
1121,1.4652026736065418,-1.279014729367837,1.8220163281440147,-0.5459295764408298,1.4549133633054716,-2.101166356729502,1401.25
1122,1.4652106431163319,-1.2789466773496545,1.8219236510513523,-0.5459049618620544,1.4549214681811113,-2.1135132970362025,1402.5
1123,1.4652106450206583,-1.2789466711689237,1.8219236581292821,-0.5459049793640436,1.4549214624247457,-2.1357735749634092,1403.75
1124,1.465210647780467,-1.2789466622116188,1.8219236683868352,-0.5459050047284635,1.4549214540824447,-2.168033852890617,1405.0
1125,1.4652106513957577,-1.2789466504777405,1.8219236818240114,-0.5459050379553141,1.454921443154207,-2.210294130817825,1406.25
1126,1.465210655744079,-1.27894663583218,1.8219236979342768,-0.5459050769432064,1.4549214286536494,-2.2625544009381837,1407.5
1127,1.465210660742133,-1.2789466181830287,1.8219237163730568,-0.5459051202626537,1.4549214099097738,-2.324814660387947,1408.75
1128,1.4652106651952514,-1.278946597568716,1.821923737575214,-0.5459051685398242,1.4549213923500712,-2.3970749165445095,1410.0
1129,1.465210664383165,-1.2789465735324361,1.8219237608466021,-0.5459052147695389,1.4549213906664318,-2.4793351594100486,1411.25
1130,1.4652106634904385,-1.2789465465676884,1.8219237869288512,-0.545905266558952,1.4549213889282104,-2.571595396055235,1412.5
1131,1.465210661664385,-1.2789465168725296,1.8219238159122149,-0.5459053238704866,1.454921386327578,-2.673855625631694,1413.75
1132,1.465210644922015,-1.2789464877042025,1.8219238493431527,-0.5459053863378114,1.4549213690727454,-2.786115844189828,1415.0
1133,1.4652106266886153,-1.2789464559384591,1.8219238857552034,-0.5459054543823865,1.4549213502836842,-2.908376055016305,1416.25
1134,1.4652105957814552,-1.2789464261505419,1.8219239240100136,-0.54590552220538,1.4549213187857037,-3.040636259732257,1417.5
1135,1.465210556345204,-1.2789463966442125,1.821923964527998,-0.5459055919499491,1.4549212787189507,-3.1828964621679994,1418.75
1136,1.4652105039798033,-1.2789463717226655,1.8219240044180405,-0.5459056563845193,1.4549212257732076,-3.33515666035911,1420.0
1137,1.4652104418731122,-1.2789463492959616,1.821924044771113,-0.5459057187143256,1.4549211631068262,-3.497416852145852,1421.25
1138,1.4652103683364142,-1.2789463375634198,1.8219240780905452,-0.5459057632303216,1.4549210891747784,-3.662642289192113,1422.5
1139,1.4652102969331358,-1.278946329254271,1.8219241074354655,-0.5459058003632988,1.4549210174432254,-3.8181277923705914,1423.75
1140,1.4652102249485042,-1.2789463332203213,1.821924124977408,-0.54590581341119,1.4549209453501861,-3.9636132955491297,1425.0
1141,1.4652101579205146,-1.2789463371933327,1.8219241410382272,-0.545905825007293,1.4549208782263032,-4.099098798727722,1426.25
1142,1.465210096157211,-1.2789463510133015,1.821924145926248,-0.5459058156200635,1.4549208165578036,-4.224584301906357,1427.5
1143,1.4652100393158545,-1.2789463637319445,1.8219241504247314,-0.5459058069809039,1.4549207598036964,-4.340069805085047,1428.75
1144,1.4652099901242461,-1.278946380099019,1.821924149088384,-0.545905788913712,1.4549207107842388,-4.445555308263737,1430.0
1145,1.4652099471819755,-1.2789463976760758,1.8219241447127392,-0.5459057666427434,1.4549206680515538,-4.541040811442446,1431.25
1146,1.4652099087369603,-1.2789464134123192,1.8219241407953413,-0.5459057467041659,1.4549206297941748,-4.626526314621199,1432.5
1147,1.4652098775576574,-1.2789464293791206,1.82192413449188,-0.5459057242021239,1.4549205988248237,-4.702011817799947,1433.75
1148,1.4652098532741846,-1.2789464452997334,1.821924126182373,-0.5459056997907321,1.4549205747677048,-4.767497320978693,1435.0
1149,1.4652098326989327,-1.2789464587891795,1.8219241191417728,-0.5459056791070951,1.4549205543842414,-4.822982824157426,1436.25
1150,1.4652098158319022,-1.2789464698474577,1.8219241133700779,-0.5459056621512126,1.454920537674434,-4.868468327336112,1437.5
1151,1.4652098026730926,-1.2789464784745705,1.8219241088672917,-0.5459056489230852,1.454920524638282,-4.9039538305148085,1438.75
1152,1.4652097932225046,-1.278946484670518,1.8219241056334141,-0.5459056394227132,1.4549205152757856,-4.929439333693488,1440.0
1153,1.4652097874801373,-1.2789464884353,1.8219241036684453,-0.5459056336500966,1.454920509586945,-4.944924836872194,1441.25
1154,1.4654477649974325,-1.2768891317438615,1.8191066116795755,-0.5451457406618,1.4551627773805575,-4.952092554363179,1442.5
1155,1.4659115287616937,-1.2728798601446365,1.813616034621141,-0.5436649076551434,1.4556349008321265,-4.950112621700096,1443.75
1156,1.4659830322522842,-1.2722617319727914,1.8127695313104533,-0.5434366062148697,1.4557076894765293,-4.939985471507616,1445.0
1157,1.4659830384259358,-1.2722617275229857,1.8127695344478594,-0.5434366155147587,1.4557076882813136,-4.920526728178168,1446.25
1158,1.4659830477722755,-1.2722617207863904,1.8127695391976033,-0.5434366295939336,1.4557076864718674,-4.891067984848718,1447.5
1159,1.4659830602913029,-1.2722617117630053,1.8127695455596848,-0.5434366484523939,1.4557076840481908,-4.851609241519321,1448.75
1160,1.465983076006203,-1.2722617005031476,1.812769553716677,-0.5434366728318002,1.4557076811941307,-4.802150501557042,1450.0
1161,1.4659830950515114,-1.272261687298787,1.8127695647279896,-0.5434367070357466,1.4557076789764862,-4.742691781603319,1451.25
1162,1.4659831172999342,-1.2722616718736657,1.8127695775912276,-0.5434367469922466,1.4557076763858696,-4.673233061649579,1452.5
1163,1.4659831520467939,-1.272261657179309,1.812769582386544,-0.5434367687479021,1.4557077090706037,-4.593774356858338,1453.75
1164,1.4659831920694328,-1.272261640917075,1.8127695868217315,-0.5434367909069746,1.455707749365089,-4.504315656131611,1455.0
1165,1.4659832365951557,-1.2722616228258277,1.812769591720997,-0.543436815436492,1.4557077944079493,-4.404856965400965,1456.25
1166,1.4659832891406301,-1.272261609151005,1.812769589530197,-0.5434368275762961,1.4557078470499725,-4.295398283811178,1457.5
1167,1.4659833475424278,-1.2722615960854173,1.8127695848767909,-0.5434368363886999,1.4557079054130275,-4.175939609833919,1458.75
1168,1.4659834109571048,-1.2722615859860409,1.8127695758232307,-0.5434368378774554,1.4557079688359862,-4.046480942964991,1460.0
1169,1.4659834794882727,-1.2722615822208465,1.8127695590463573,-0.5434368253695405,1.4557080374695444,-3.9070222801711907,1461.25
1170,1.4659835509749943,-1.272261582632711,1.8127695372953077,-0.5434368037320887,1.4557081091419848,-3.757563619840374,1462.5
1171,1.4659836233978765,-1.2722615918070268,1.8127695066814078,-0.5434367644757185,1.455708181912907,-3.598104966206371,1463.75
1172,1.4659836920745741,-1.272261608789134,1.812769469537538,-0.5434367108522933,1.4557082510697321,-3.4317691050018704,1465.0
1173,1.4659837522462742,-1.2722616305378467,1.81276943026394,-0.5434366502688107,1.455708311786584,-3.2734868389908836,1466.25
1174,1.4659837966910714,-1.2722616587326678,1.8127693893719523,-0.5434365815035648,1.4557083568538056,-3.1252045729798565,1467.5
1175,1.4659838347644714,-1.2722616872386396,1.8127693500777475,-0.5434365139779321,1.4557083955392613,-2.986922306968819,1468.75
1176,1.4659838580415212,-1.272261718612798,1.8127693123922608,-0.543436445083184,1.455708419443166,-2.858640040957683,1470.0
1177,1.4659838755711783,-1.2722617491510966,1.8127692772418522,-0.5434363795171956,1.4557084375700997,-2.7403577749465065,1471.25
1178,1.465983886652329,-1.272261778218479,1.8127692454580018,-0.5434363187414715,1.4557084492056822,-2.632075508935303,1472.5
1179,1.465983887543383,-1.272261806651866,1.8127692173381584,-0.543436262188789,1.4557084506140863,-2.533793242924089,1473.75
1180,1.4659838883437741,-1.2722618321922143,1.81276919207944,-0.5434362113902154,1.4557084518791887,-2.4455109769128667,1475.0
1181,1.46598388696355,-1.2722618549543454,1.812769170193472,-0.5434361667271276,1.455708450907867,-2.36722871090159,1476.25
1182,1.4659838780319663,-1.2722618752333132,1.8127691529950125,-0.5434361291795871,1.455708442321232,-2.2989464448903405,1477.5
1183,1.4659838704084212,-1.272261892542408,1.8127691383152829,-0.5434360971309179,1.4557084349921174,-2.2406641788791073,1478.75
1184,1.4659838640929146,-1.2722619068816265,1.8127691261542802,-0.5434360705811199,1.4557084289205235,-2.192381912867914,1480.0
1185,1.4659838590854464,-1.2722619182509725,1.812769116512008,-0.5434360495301934,1.45570842410645,-2.154099646856729,1481.25
1186,1.465983855386017,-1.2722619266504456,1.8127691093884666,-0.5434360339781386,1.4557084205498971,-2.125817380845504,1482.5
1187,1.4659838529946259,-1.2722619320800457,1.8127691047836558,-0.5434360239249553,1.4557084182508646,-2.1075351148343104,1483.75
1188,1.4660960896566146,-1.2712796463935137,1.8114165885975961,-0.5430659073383373,1.4558227361707337,-2.098284621007132,1485.0
1189,1.4665650258138556,-1.2671755889170273,1.8057657075382436,-0.5415195598901232,1.4563003674643837,-2.0974681492356635,1486.25
1190,1.4667468628871068,-1.2655841828613512,1.803574504636397,-0.5409199491166098,1.4564855735845943,-2.105504455641146,1487.5
1191,1.4667468643024524,-1.265584178301042,1.8035745098968947,-0.5409199620621276,1.4564855693612824,-2.1221433004328105,1488.75
1192,1.466746866568425,-1.265584170999972,1.8035745183189695,-0.5409199827879438,1.4564855625997464,-2.1487821452244478,1490.0
1193,1.4667468696850248,-1.2655841609581413,1.8035745299026202,-0.5409200112940583,1.456485553299986,-2.1854209900161137,1491.25
1194,1.466746873652252,-1.2655841481755499,1.8035745446478477,-0.5409200475804713,1.4564855414620017,-2.2320598348077527,1492.5
1195,1.4667468782176594,-1.2655841323668402,1.803574561490135,-0.5409200872551475,1.4564855250273272,-2.288698674237284,1493.75
1196,1.4667468835447854,-1.2655841137168702,1.8035745811190886,-0.5409201331632991,1.4564855053294612,-2.355337512792551,1495.0
1197,1.4667468852079208,-1.2655840918387835,1.8035746030515987,-0.5409201794090847,1.456485496376172,-2.431976340812419,1496.25
1198,1.4667468843624734,-1.2655840668437492,1.8035746274538593,-0.5409202276884366,1.4564854946209103,-2.5186151628233238,1497.5
1199,1.466746883453399,-1.265584038951385,1.8035746546379805,-0.5409202814253677,1.4564854929483224,-2.615253973025765,1498.75
1200,1.4667468750031598,-1.2655840099053108,1.8035746854540369,-0.5409203404917716,1.4564854838460555,-2.7218927765355714,1500.0
1201,1.4667468578403706,-1.2655839799786839,1.8035747200343197,-0.5409204048645226,1.4564854661523923,-2.8385315718854605,1501.25
1202,1.466746837721565,-1.2655839480948103,1.8035747574300607,-0.540920473998079,1.4564854454609355,-2.965170359190411,1502.5
1203,1.4667468003542161,-1.2655839201016352,1.803574796172345,-0.5409205404647104,1.4564854074900182,-3.101809140709932,1503.75
1204,1.4667467592701346,-1.265583890703765,1.803574837410846,-0.5409206108050549,1.4564853657668984,-3.248447921610722,1505.0
1205,1.4667467001256749,-1.265583869308756,1.8035748761906856,-0.5409206705457321,1.456485306083541,-3.405086695478222,1506.25
1206,1.4667466347826246,-1.2655838504179544,1.8035749143655424,-0.5409207271307183,1.4564852402315565,-3.5694185090369124,1507.5
1207,1.4667465639445423,-1.2655838414295077,1.8035749444467521,-0.5409207656769132,1.4564851690510134,-3.7264511226926054,1508.75
1208,1.4667464952782983,-1.2655838383270261,1.8035749680866069,-0.5409207919106767,1.4564851001549404,-3.87348373634838,1510.0
1209,1.4667464283957463,-1.2655838419921994,1.8035749845341487,-0.5409208041963003,1.4564850331702615,-4.0105163500041865,1511.25
1210,1.4667463665011384,-1.2655838488044278,1.803574996390334,-0.5409208087798507,1.4564849712434087,-4.137548963660031,1512.5
1211,1.4667463096806757,-1.265583861510187,1.8035750009275504,-0.5409208001873085,1.4564849145107976,-4.25458157731593,1513.75
1212,1.4667462577153092,-1.2655838731302818,1.8035750050770714,-0.5409207923289644,1.4564848626257758,-4.361614190971835,1515.0
1213,1.4667462138410898,-1.2655838893043783,1.8035750023207815,-0.5409207730698676,1.45648481893523,-4.4586468046277865,1516.25
1214,1.466746175232693,-1.265583905108612,1.803574998349509,-0.540920753004778,1.456484780517068,-4.545679418283733,1517.5
1215,1.4667461410603797,-1.2655839190969447,1.8035749948345292,-0.5409207352451557,1.4564847465131319,-4.622712031939702,1518.75
1216,1.4667461130933135,-1.2655839325947185,1.8035749899416398,-0.5409207166443,1.4564847187211771,-4.6897446455956855,1520.0
1217,1.4667460922325835,-1.2655839462769691,1.803574982736622,-0.5409206955994993,1.4564846980568564,-4.746777259251649,1521.25
1218,1.4667460750295376,-1.2655839575601975,1.8035749767949198,-0.5409206782446575,1.456484681015782,-4.793809872907553,1522.5
1219,1.4667460614841765,-1.2655839664444024,1.803574972116531,-0.5409206645797745,1.456484667597954,-4.830842486563466,1523.75
1220,1.4667460515964996,-1.265583972929585,1.8035749687014575,-0.5409206546048503,1.4564846578033723,-4.857875100219378,1525.0
1221,1.466746045366507,-1.265583977015746,1.8035749665497,-0.5409206483198854,1.456484651632037,-4.874907713875288,1526.25
1222,1.4667253863202652,-1.2657628816117965,1.803829838340738,-0.5409965944396864,1.456463545556573,-4.882135392690219,1527.5
1223,1.4665555127680332,-1.2672341422857651,1.8059258601930088,-0.5416211824681134,1.456289995516545,-4.8806787969222665,1528.75
1224,1.4665274952864535,-1.2674768296322316,1.8062716079666181,-0.5417242143621108,1.4562613715492545,-4.87009891707126,1530.0
1225,1.4664729959525524,-1.2679489027088615,1.8069441531882875,-0.5419246310047522,1.456205692485221,-4.84951903722026,1531.25
1226,1.4663920147663294,-1.2686503615156544,1.8079434958580165,-0.5422224323960373,1.456122958324444,-4.818939157369279,1532.5
1227,1.466284359082453,-1.269581296850522,1.8092688642287886,-0.5426167556720191,1.4560129802782786,-4.778359249460384,1533.75
1228,1.4661488502553062,-1.2707422636798709,1.8109155354790223,-0.5431023210928373,1.4558746032999683,-4.727779167395772,1535.0
1229,1.4659865504816807,-1.2721327609453057,1.8128877639808514,-0.5436838858479786,1.455708868323675,-4.66719908533111,1536.25
1230,1.4657970395195679,-1.2737530114790219,1.8151839247435042,-0.5443596019734872,1.455515363525219,-4.596618941576004,1537.5
1231,1.4655794599450096,-1.2756034695052838,1.8178007014400852,-0.5451256986305802,1.45529324865779,-4.516038629876018,1538.75
1232,1.465334387173575,-1.2776838445338161,1.820740352642893,-0.5459847246654403,1.4550430874324842,-4.425458250479448,1540.0
1233,1.465060661801746,-1.2799947860048226,1.8239984746813263,-0.5469316256126349,1.4547637432480611,-4.324877661874088,1541.25
1234,1.4647582935570593,-1.2825363346746,1.827575212944121,-0.5479665061134057,1.4544552252168108,-4.214296882034576,1542.5
1235,1.4644271280102383,-1.2853085946602656,1.8314700224212457,-0.5490887168573148,1.4541173818110231,-4.093715913208061,1543.75
1236,1.464066089581248,-1.2883122679053522,1.8356790515294217,-0.5502937030461796,1.4537491578291997,-3.963134634299646,1545.0
1237,1.463674705630364,-1.2915477325936278,1.8402007726628486,-0.551579558302184,1.4533500890894109,-3.8225530130859307,1546.25
1238,1.4632526981192135,-1.2950152409715268,1.845034358248931,-0.5529452024482536,1.4529199023119106,-3.6719710473626965,1547.5
1239,1.462799538159137,-1.298713917313119,1.8501755268017064,-0.5543872290287549,1.452458084599919,-3.5114509849021918,1548.75
1240,1.4623472087575013,-1.3023801791050067,1.8552564247433887,-0.5558013997422344,1.4519972426271974,-3.3524468673418815,1550.0
1241,1.4619201914833582,-1.3058182414401736,1.8600073377938284,-0.557113810439281,1.4515623051624296,-3.203442362926241,1551.25
1242,1.461519151595581,-1.3090276625239483,1.8644306311560928,-0.5583272689098887,1.4511539249096304,-3.064437535165349,1552.5
1243,1.4611447721324868,-1.312007948397363,1.8685286364458824,-0.5594446015585542,1.4507727723120936,-2.9354324458934,1553.75
1244,1.4607965885910479,-1.3147595445690063,1.8723000328484303,-0.5604640414521098,1.450418390620189,-2.8164270325774026,1555.0
1245,1.4604761900002061,-1.3172811780599412,1.8757499467410648,-0.5613919899280424,1.450092340472524,-2.7074214582736373,1556.25
1246,1.4601841253597327,-1.3195723821057601,1.878880083499766,-0.5622306198228593,1.4497951612630835,-2.608415762234447,1557.5
1247,1.4599195781712095,-1.321633901451156,1.8816880300871486,-0.5629767722976942,1.4495260503995704,-2.519409851631577,1558.75
1248,1.4596845753869077,-1.3234639607869958,1.8841799562678165,-0.5636383950183761,1.4492869997589635,-2.440403920481102,1560.0
1249,1.4594778064132257,-1.3250637452866851,1.8863519642828437,-0.5642104033603678,1.4490767211435265,-2.371397829105609,1561.25
1250,1.4593008272309587,-1.326431854228714,1.8882086970499006,-0.5646988429693572,1.4488967438979052,-2.3123917176147533,1562.5
1251,1.4591538213043338,-1.3275681229007366,1.8897507031284964,-0.5651044273535709,1.4487472483421697,-2.263385604183875,1563.75
1252,1.459035846731368,-1.328473422047045,1.8909752281791248,-0.5654235302046056,1.4486273085240282,-2.2243793855975698,1565.0
1253,1.4589481172263017,-1.3291466302142436,1.8918858225040878,-0.565660824856179,1.4485381176024699,-2.1953731670112497,1566.25
1254,1.4588906327891356,-1.3295877474023317,1.8924824861033842,-0.5658163113082907,1.4484796755774951,-2.176366948424943,1567.5
1255,1.458862846377523,-1.329800962644927,1.8927708797549585,-0.5658914607392364,1.4484514263396095,-2.1673577883321546,1568.75
1256,1.4586490925129199,-1.3314377504347132,1.894982690995899,-0.5664662630453892,1.4482341298190307,-2.167313947950858,1570.0
1257,1.458647453128108,-1.3314498726716322,1.8949988071613932,-0.5664702555015082,1.448232465499077,-2.17603569532418,1571.25
1258,1.4586473161277678,-1.3314499971362508,1.894998407515576,-0.5664697317289245,1.4482323310221363,-2.194742059113403,1572.5
1259,1.4586471058901374,-1.3314501881368466,1.8949977942281224,-0.5664689279593357,1.4482321246568572,-2.2234484229026164,1573.75
1260,1.4586468223618347,-1.331450445628961,1.8949969671383518,-0.56646784351657,1.4482318459868773,-2.26215476799203,1575.0
1261,1.458646465537494,-1.3314507696082079,1.8949959262301164,-0.5664664783330731,1.4482314949706638,-2.310861098989224,1576.25
1262,1.4586460354527917,-1.33145116010432,1.8949946716108061,-0.5664648328608605,1.448231071886568,-2.369567429986497,1577.5
1263,1.4586459455925487,-1.3314512237881242,1.8949944275070798,-0.5664645247572735,1.4482309830461664,-2.4382737463389965,1578.75
1264,1.4586459448170253,-1.3314511995573521,1.8949944503560583,-0.5664645715000481,1.4482309816665582,-2.5169800593570497,1580.0
1265,1.4586459439539006,-1.331451172243371,1.894994476094833,-0.5664646241350189,1.4482309801981792,-2.605686365578843,1581.25
1266,1.4586459375121654,-1.3314511430991423,1.8949945052075423,-0.5664646820585427,1.448230973156977,-2.7043926669499068,1582.5
1267,1.458645920363614,-1.3314511132935183,1.8949945381385014,-0.5664647446763763,1.4482309554695991,-2.8130989608555965,1583.75
1268,1.4586459016377744,-1.3314510807463584,1.8949945740999983,-0.5664648130594947,1.448230936156837,-2.9318052469293665,1585.0
1269,1.4586458667597597,-1.3314510514330067,1.8949946116796996,-0.5664648797176766,1.4482309006920286,-3.0605115248697388,1586.25
1270,1.458645826082817,-1.3314510211086137,1.8949946518801033,-0.5664649499684559,1.4482308593930688,-3.199217798240185,1587.5
1271,1.458645770254101,-1.3314509966106363,1.8949946909738953,-0.5664650131788024,1.4482308030066366,-3.3479240702485753,1588.75
1272,1.4586457059802609,-1.3314509735412277,1.8949947311591733,-0.5664650759927586,1.4482307381794948,-3.5066303358372646,1590.0
1273,1.4586456280085658,-1.3314509621591442,1.8949947643147502,-0.5664651199915276,1.448230659823803,-3.6706195923026246,1591.25
1274,1.4586455523892985,-1.331450954235347,1.8949947935445763,-0.5664651566217243,1.448230583886005,-3.825589762192295,1592.5
1275,1.4586454764805374,-1.3314509585277485,1.8949948113846766,-0.5664651696408701,1.44823050786931,-3.970559932081983,1593.75
1276,1.4586454058354772,-1.3314509634144676,1.8949948271499775,-0.5664651800273235,1.448230437139228,-4.105530101971754,1595.0
1277,1.458645340737325,-1.3314509780531572,1.8949948321582697,-0.5664651699408535,1.448230372138036,-4.230500271861539,1596.25
1278,1.4586452808482682,-1.331450991520465,1.894994836765794,-0.5664651606614912,1.448230312338181,-4.345470441751414,1597.5
1279,1.458645229288669,-1.331451009238796,1.8949948349809254,-0.5664651407955079,1.4482302609613,-4.4504406116413,1598.75
1280,1.4586451840827306,-1.3314510277747151,1.8949948305975344,-0.5664651175573541,1.4482302159674696,-4.545410781531197,1600.0
1281,1.4586451436368062,-1.3314510443588685,1.8949948266756922,-0.5664650967660886,1.4482301757113192,-4.630380951420704,1601.25
1282,1.458645111189059,-1.3314510614052737,1.8949948200152251,-0.5664650728294036,1.4482301434805356,-4.705351121310325,1602.5
1283,1.458645085686293,-1.3314510781287852,1.8949948116569753,-0.5664650475661694,1.4482301182058153,-4.770321291200126,1603.75
1284,1.4586450641088307,-1.3314510922782663,1.8949948045851994,-0.5664650261913708,1.4482300968212984,-4.825291461090088,1605.0
1285,1.4586450464566725,-1.3314511038537165,1.894994798799896,-0.5664650087050074,1.4482300793269853,-4.87026163098014,1606.25
1286,1.4586450327298177,-1.331451112855138,1.8949947943010685,-0.5664649951070801,1.4482300657228762,-4.905231800870218,1607.5
1287,1.458645022928267,-1.3314511192825311,1.8949947910887166,-0.566464985397589,1.448230056008971,-4.9302019707602085,1608.75
1288,1.4586450170520207,-1.3314511231358956,1.8949947891628405,-0.5664649795765341,1.4482300501852696,-4.94517214065021,1610.0
1289,1.4589421602880928,-1.3291249336234048,1.8919473139683827,-0.5657440038231336,1.4485314234245827,-4.951890204494125,1611.25
1290,1.4594524017541441,-1.3251305404191587,1.8867143788495633,-0.5645059944025272,1.449048927184723,-4.949300600931236,1612.5
1291,1.4595082139427307,-1.324693642658978,1.8861420171431316,-0.5643705896688754,1.4491055295424287,-4.9386608837602655,1613.75
1292,1.4595082206419083,-1.3246936377825846,1.8861420204662658,-0.5643705997623499,1.4491055281185807,-4.918496959786302,1615.0
1293,1.4595082306634442,-1.3246936304878163,1.8861420254374592,-0.564370614861534,1.4491055259885965,-4.888333035812308,1616.25
1294,1.4595082440073381,-1.3246936207746725,1.8861420320567124,-0.5643706349664276,1.449105523152476,-4.848169111838254,1617.5
1295,1.4595082607128145,-1.324693608719979,1.886142040607979,-0.5643706612549458,1.4491055199060343,-4.798005189344266,1618.75
1296,1.4595082809084738,-1.3246935945756149,1.8861420520222332,-0.5643706975890016,1.4491055172191323,-4.7378412723832675,1620.0
1297,1.4595083044609056,-1.3246935780802793,1.8861420653336798,-0.5643707399622346,1.4491055140856333,-4.667677355422436,1621.25
1298,1.4595083422537725,-1.324693562587362,1.8861420695019029,-0.5643707611975696,1.4491055516828686,-4.587513454865101,1622.5
1299,1.4595083849386357,-1.3246935452089659,1.8861420740100052,-0.5643707846279084,1.4491055946887672,-4.497349558028594,1623.75
1300,1.459508432387715,-1.3246935258922714,1.8861420789876455,-0.5643708105533163,1.4491056427036377,-4.397185670080409,1625.0
1301,1.4595084886611212,-1.3246935118459282,1.886142076028983,-0.5643708222246631,1.449105699041367,-4.287021792087673,1626.25
1302,1.4595085508097623,-1.3246934978761076,1.8861420712157067,-0.5643708317832483,1.449105761151468,-4.166857921514176,1627.5
1303,1.4595086182843091,-1.3246934878522163,1.8861420611489128,-0.5643708321893817,1.4491058286446015,-4.03669405770899,1628.75
1304,1.4595086911449338,-1.3246934837540363,1.8861420439504364,-0.5643708195975823,1.4491059016079193,-3.896530197400043,1630.0
1305,1.4595087667031323,-1.3246934850318726,1.88614202090686,-0.5643707958031798,1.4491059773691344,-3.746366339920602,1631.25
1306,1.459508843646645,-1.3246934946604059,1.8861419895945701,-0.564370755398246,1.4491060546652497,-3.586202489120197,1632.5
1307,1.4595089153307035,-1.3246935134564617,1.8861419511639568,-0.5643706986683378,1.4491061268485614,-3.4199927623377664,1633.75
1308,1.4595089786909587,-1.3246935362436927,1.8861419113783486,-0.5643706365330008,1.4491061907573821,-3.262405275023632,1635.0
1309,1.459509024301067,-1.3246935665926491,1.8861418695978271,-0.5643705647149676,1.4491062370046488,-3.1148177877094136,1636.25
1310,1.459509064359656,-1.324693596499981,1.8861418298380195,-0.5643704953205504,1.4491062776793446,-2.977230300395089,1637.5
1311,1.4595090876046726,-1.3246936299348597,1.8861417916139704,-0.564370423815852,1.4491063015612418,-2.849642813080666,1638.75
1312,1.4595091060245817,-1.3246936619808083,1.8861417560933194,-0.5643703563700779,1.4491063205822752,-2.732055325766132,1640.0
1313,1.459509116558303,-1.3246936927217734,1.8861417240817357,-0.5643702936835181,1.4491063316754462,-2.6244678384515145,1641.25
1314,1.4595091174811252,-1.3246937225453723,1.88614169571248,-0.5643702354896536,1.4491063331186214,-2.526880351136814,1642.5
1315,1.459509118309384,-1.3246937493128774,1.8861416702502773,-0.5643701832590398,1.4491063344139117,-2.439292863822022,1643.75
1316,1.4595091160694873,-1.3246937731915376,1.8861416483970193,-0.564370137505477,1.4491063325834652,-2.361705376507131,1645.0
1317,1.4595091067084898,-1.3246937944093022,1.886141631109362,-0.5643700989292644,1.44910632356853,-2.294117889192026,1646.25
1318,1.4595090987325114,-1.324693812487763,1.8861416163795235,-0.5643700660606485,1.449106315887412,-2.236530401876782,1647.5
1319,1.4595090921415528,-1.324693827426917,1.8861416042075012,-0.5643700388996296,1.4491063095401113,-2.1889429145614265,1648.75
1320,1.459509086935613,-1.3246938392267682,1.8861415945932989,-0.5643700174462073,1.449106304526628,-2.1513554272460444,1650.0
1321,1.4595090831146929,-1.3246938478873163,1.8861415875369165,-0.5643700017003819,1.4491063008469616,-2.1237679399307074,1651.25
1322,1.4595090806787918,-1.3246938534085613,1.8861415830383539,-0.5643699916621533,1.4491062985011125,-2.1061804526153876,1652.5
1323,1.4596665859924802,-1.3234455501826732,1.8844963717807734,-0.5639732471014952,1.4492661175932837,-2.097489435807062,1653.75
1324,1.4601977190587696,-1.3192360948705373,1.8789485060059439,-0.5626353881587592,1.4498050524482617,-2.0974608557849024,1655.0
1325,1.4603600989055008,-1.3179491691824496,1.8772524040622214,-0.5622263821700486,1.4499698144946387,-2.1061138922362104,1656.25
1326,1.4603601004314477,-1.3179491641040473,1.8772524097194085,-0.5622263964109485,1.449969809714355,-2.12363498303575,1657.5
1327,1.4603601028283149,-1.3179491561271934,1.877252418605383,-0.5622264187797098,1.4499698022057683,-2.151156073835333,1658.75
1328,1.4603601060961022,-1.3179491452518886,1.8772524307201444,-0.5622264492763327,1.449969791968879,-2.1886771646349583,1660.0
1329,1.4603601102348094,-1.3179491314781326,1.8772524460636928,-0.562226487900817,1.449969779003687,-2.2361982554345423,1661.25
1330,1.4603601149288188,-1.3179491144854454,1.8772524634111423,-0.5622265294855058,1.4499697608609252,-2.293719328916448,1662.5
1331,1.4603601204195633,-1.3179490945189782,1.8772524836994733,-0.5622265779834141,1.4499697394141657,-2.3612404014809814,1663.75
1332,1.4603601215127568,-1.3179490710801534,1.877252506163675,-0.5622266256220216,1.4499697316647902,-2.438761462047527,1665.0
1333,1.4603601206174708,-1.317949044406895,1.8772525311861885,-0.5622266761160656,1.4499697298193854,-2.526282517791175,1666.25
1334,1.4603601196603624,-1.317949014672048,1.8772525590291345,-0.5622267322501311,1.4499697280869104,-2.623803561432771,1667.5
1335,1.4603601093015233,-1.3179489840601306,1.877252590727402,-0.5622267938391496,1.4499697170879773,-2.7313245982188707,1668.75
1336,1.4603600910312904,-1.317948952223592,1.877252626122048,-0.5622268609366088,1.4499696982795376,-2.848845627050701,1670.0
1337,1.4603600680912328,-1.317948918956281,1.877252664227333,-0.5622269321527049,1.4499696747599273,-2.9763666482280464,1671.25
1338,1.4603600283379419,-1.3179488892365554,1.8772527038560074,-0.5622270012311534,1.4499696343921373,-3.1138876643012035,1672.5
1339,1.460359983187662,-1.3179488590007622,1.877252745537528,-0.5622270728404481,1.449969588604798,-3.2614086793342048,1673.75
1340,1.4603599203076785,-1.317948836343925,1.8772527851933303,-0.5622271347158906,1.4499695251771638,-3.4189296873713726,1675.0
1341,1.4603598492315792,-1.3179488175489862,1.8772528235743315,-0.5622271913959599,1.4499694536010148,-3.5851226281535,1676.25
1342,1.4603597728073323,-1.317948807950597,1.8772528548107672,-0.5622272316950082,1.4499693768243453,-3.745355112284611,1677.5
1343,1.460359697797411,-1.3179488065634901,1.8772528778732624,-0.5622272556167782,1.449969301608721,-3.8955875964157767,1678.75
1344,1.4603596254245672,-1.3179488106135433,1.877252895030197,-0.562227268213062,1.4499692291314399,-4.035820080547019,1680.0
1345,1.4603595584016866,-1.3179488204780965,1.877252905138131,-0.5622272679820877,1.4499691621185373,-4.166052564678402,1681.25
1346,1.460359496672607,-1.3179488343439232,1.8772529099277668,-0.5622272584678342,1.4499691004820714,-4.286285048809834,1682.5
1347,1.4603594407625091,-1.317948848249178,1.8772529129927595,-0.5622272472304738,1.4499690446793556,-4.396517532941418,1683.75
1348,1.460359393739159,-1.3179488675365416,1.8772529083920115,-0.5622272230065167,1.4499689978788157,-4.496750017073058,1685.0
1349,1.460359351407237,-1.3179488848996392,1.8772529042502664,-0.5622272011993357,1.4499689557474744,-4.586982501204789,1686.25
1350,1.460359313813355,-1.3179489003733202,1.8772529005210632,-0.5622271817279392,1.4499689183326652,-4.667214985336617,1687.5
1351,1.460359286642937,-1.3179489182080235,1.8772528915369664,-0.5622271547134412,1.449968891407742,-4.737447469468605,1688.75
1352,1.4603592633411586,-1.3179489335033459,1.8772528838320635,-0.5622271315453824,1.449968868316504,-4.797679953600803,1690.0
1353,1.4603592439080202,-1.3179489462592846,1.8772528774063515,-0.5622271122237619,1.4499688490589513,-4.847912437733105,1691.25
1354,1.4603592283435212,-1.3179489564758426,1.8772528722598332,-0.5622270967485805,1.4499688336350836,-4.888144921865469,1692.5
1355,1.4603592166476622,-1.3179489641530202,1.8772528683925098,-0.5622270851198387,1.449968822044901,-4.918377405997774,1693.75
1356,1.460359208820443,-1.3179489692908175,1.877252865804381,-0.5622270773375362,1.4499688142884037,-4.938609890130033,1695.0
1357,1.4604121810480868,-1.3175239207925604,1.8766893409548413,-0.562088655679724,1.450022589205959,-4.94931232496912,1696.25
1358,1.4609064340674986,-1.3135583174875163,1.871431830747517,-0.5607972593467239,1.4505243306418671,-4.952005918009738,1697.5
1359,1.4611983662824732,-1.3112160409958995,1.868326495677425,-0.5600345029392384,1.4508206832985797,-4.945374857809634,1698.75
1360,1.461198371160374,-1.3112160374509323,1.8683264981069776,-0.5600345102866138,1.4508206822959944,-4.930523640616498,1700.0
1361,1.4611983793227874,-1.311216031518977,1.8683265021724582,-0.5600345225813109,1.4508206806183228,-4.905672423423386,1701.25
1362,1.4611983907697135,-1.3112160232000338,1.8683265078738671,-0.5600345398233302,1.4508206782655648,-4.870821206230159,1702.5
1363,1.4611984055011518,-1.311216012494103,1.8683265152112045,-0.5600345620126713,1.4508206752377206,-4.825969989036956,1703.75
1364,1.4611984236451228,-1.3112159996573594,1.8683265251289758,-0.5600345930492419,1.4508206725127077,-4.771118774237393,1705.0
1365,1.46119844516193,-1.3112159846103681,1.8683265373343083,-0.5600346317237561,1.450820669787293,-4.706267560540755,1706.25
1366,1.4611984747492477,-1.3112159687259444,1.8683265465400893,-0.5600346643914083,1.4508206846740623,-4.631416354436651,1707.5
1367,1.4611985143330068,-1.3112159526049694,1.8683265507681264,-0.56003468620137,1.4508207244803757,-4.5465651573442125,1708.75
1368,1.461198558611558,-1.311215934573202,1.8683265554638147,-0.5600347104777272,1.4508207692173252,-4.451713969660646,1710.0
1369,1.4611986090370246,-1.311215917226873,1.8683265575901802,-0.56003473120048,1.4508208200231387,-4.346862788798524,1711.25
1370,1.4611986675899127,-1.3112159040795663,1.8683265530183795,-0.5600347401663821,1.4508208785422523,-4.232011616447503,1712.5
1371,1.461198731240018,-1.311215889786641,1.8683265480451017,-0.5600347498985615,1.4508209421492877,-4.107160453260421,1713.75
1372,1.4611988003087357,-1.311215884935339,1.8683265325507024,-0.560034739740241,1.4508210113044493,-3.972309295793515,1715.0
1373,1.4611988745318498,-1.3112158808012595,1.8683265148776111,-0.5600347267262425,1.4508210856335215,-3.827458138960856,1716.25
1374,1.4611989485457662,-1.3112158884929181,1.8683264860455888,-0.5600346907251184,1.4508211599618128,-3.672606988070777,1717.5
1375,1.461199025298165,-1.31121589969614,1.868326453085056,-0.5600346471027497,1.4508212370970508,-3.5078512547509297,1718.75
1376,1.4611990898621279,-1.3112159230001321,1.8683264121891836,-0.5600345833548875,1.4508213022264393,-3.344953685585505,1720.0
1377,1.461199145363937,-1.3112159482217587,1.8683263721103902,-0.5600345184417758,1.4508213583052683,-3.192056116419969,1721.25
1378,1.4611991863787206,-1.3112159789234614,1.8683263310469047,-0.5600344469598922,1.4508213999579314,-3.049158547254358,1722.5
1379,1.4611992196400332,-1.311216009479851,1.868326292377117,-0.5600343779621009,1.4508214338357366,-2.9162609780886637,1723.75
1380,1.4611992386208974,-1.3112160425684278,1.8683262554595605,-0.5600343080825269,1.4508214534427848,-2.7933634089228807,1725.0
1381,1.4611992560573155,-1.3112160729646276,1.8683262215459262,-0.5600342438889541,1.450821471454435,-2.680465839757001,1726.25
1382,1.4611992589019587,-1.311216103597692,1.868326191652959,-0.5600341833757039,1.4508214748430048,-2.57756827059098,1727.5
1383,1.4611992597709844,-1.3112161316351851,1.8683261647975185,-0.5600341284821738,1.4508214762056548,-2.4846707014249034,1728.75
1384,1.4611992605464637,-1.3112161566545666,1.8683261408329401,-0.5600340794976822,1.450821477421622,-2.4017731322587332,1730.0
1385,1.4611992534957619,-1.311216179086502,1.8683261216003804,-0.5600340377778086,1.450821470747031,-2.3288755630924483,1731.25
1386,1.4611992449106768,-1.311216198580576,1.8683261056017526,-0.5600340022195612,1.4508214624828262,-2.265977993925941,1732.5
1387,1.4611992376905227,-1.311216214975311,1.8683260921467233,-0.5600339723146717,1.4508214555325358,-2.213080424759279,1733.75
1388,1.4611992318353,-1.311216228270709,1.868326081235293,-0.5600339480631401,1.4508214498961607,-2.1701828555925644,1735.0
1389,1.4611992273450083,-1.3112162384667705,1.868326072867464,-0.5600339294649666,1.4508214455737,-2.1372852864258656,1736.25
1390,1.4611992242196477,-1.3112162455634964,1.868326067043236,-0.5600339165201509,1.4508214425651544,-2.114387717259227,1737.5
1391,1.461201256147313,-1.3111997305541905,1.868304034947554,-0.560028401511474,1.450823506324981,-2.1014697736009618,1738.75
1392,1.461591544076624,-1.3080295438660887,1.864076452069153,-0.5589714066335986,1.4512198905903826,-2.096323478666319,1740.0
1393,1.4620172355341554,-1.3045717917834425,1.8594653950660625,-0.5578185403226762,1.451652229745193,-2.100856957377428,1741.25
1394,1.4620267362077057,-1.3044946260076036,1.8593624998144516,-0.5577928230264193,1.4516618744657175,-2.113114080968706,1742.5
1395,1.462026738128593,-1.3044946196645424,1.8593625069203121,-0.5577928408355312,1.4516618685448344,-2.1352754417343607,1743.75
1396,1.4620267409162535,-1.3044946104592645,1.859362517232591,-0.5577928666807523,1.4516618599522366,-2.167436802500073,1745.0
1397,1.4620267445706876,-1.30449459839177,1.8593625307512889,-0.557792900562083,1.4516618486879243,-2.2095981632658144,1746.25
1398,1.4620267489652945,-1.3044945833304853,1.8593625469755006,-0.5577929403767409,1.451661833756982,-2.261759514736478,1747.5
1399,1.462026754005365,-1.304494565176979,1.859362565530502,-0.5577929845516459,1.4516618144151163,-2.3239208530228974,1748.75
1400,1.462026758566558,-1.304494543976824,1.859362586870901,-0.5577930338704222,1.4516617960664382,-2.396082188188222,1750.0
1401,1.462026757735773,-1.304494519249014,1.8593626102364023,-0.5577930808563856,1.4516617943481485,-2.478243509872469,1751.25
1402,1.4620267568225866,-1.304494491505006,1.8593626364275853,-0.5577931335003135,1.4516617925723239,-2.5704048255446956,1752.5
1403,1.4620267551096775,-1.3044944609116114,1.8593626655182702,-0.5577931917648101,1.4516617900698072,-2.672566134220736,1753.75
1404,1.4620267379159175,-1.3044944308956141,1.859362699114135,-0.5577932552449287,1.4516617723623089,-2.784727431759525,1755.0
1405,1.4620267191895864,-1.3044943982043236,1.8593627357084528,-0.5577933243976855,1.4516617530789389,-2.9068887217055623,1756.25
1406,1.4620266876150723,-1.3044943674781075,1.8593627741852417,-0.5577933933827499,1.4516617209111264,-3.0390500055624017,1757.5
1407,1.4620266470986976,-1.3044943371145366,1.8593628149282786,-0.5577934642102239,1.451661679761208,-3.181211287152795,1758.75
1408,1.462026593460123,-1.3044943113632383,1.8593628551096826,-0.5577935297674678,1.4516616255380865,-3.333372564582713,1760.0
1409,1.4620265296414952,-1.3044942882914259,1.8593628957111554,-0.5577935929908993,1.4516615611572705,-3.49553383556603,1761.25
1410,1.4620264541254422,-1.3044942760800033,1.8593629293859635,-0.5577936383412643,1.4516614852418355,-3.6608295860937474,1762.5
1411,1.462026380715084,-1.3044942673996294,1.8593629590836025,-0.5577936761976034,1.4516614114994413,-3.8164191702230656,1763.75
1412,1.4620263066414079,-1.3044942715069594,1.8593629767979536,-0.5577936892752005,1.451661337317312,-3.9620087543524884,1765.0
1413,1.4620262376610267,-1.3044942755079032,1.8593629931266253,-0.5577937011098665,1.451661268239035,-4.097598338481979,1766.25
1414,1.4620261740957174,-1.3044942897721474,1.8593629981012862,-0.5577936913634265,1.4516612047697914,-4.223187922611573,1767.5
1415,1.4620261155917604,-1.3044943029006038,1.8593630026798345,-0.5577936823930392,1.4516611463542515,-4.338777506741278,1768.75
1416,1.4620260649092354,-1.3044943197089984,1.8593630014707716,-0.5577936640100326,1.4516610958440395,-4.444367090871051,1770.0
1417,1.462026020700777,-1.3044943378464813,1.8593629971060244,-0.5577936411881268,1.4516610518471018,-4.539956675000958,1771.25
1418,1.4620259811171379,-1.3044943540865268,1.8593629931978843,-0.5577936207537081,1.451661012452856,-4.625546259130941,1772.5
1419,1.4620259489485654,-1.3044943705201903,1.85936298694058,-0.5577935978293612,1.451660980495183,-4.7011358432610555,1773.75
1420,1.4620259239352544,-1.3044943869527703,1.8593629785953636,-0.557793572869232,1.4516609557102158,-4.766725427391332,1775.0
1421,1.4620259027355538,-1.304494400879985,1.8593629715224844,-0.5577935517146044,1.4516609347040446,-4.822315011521745,1776.25
1422,1.4620258853494632,-1.3044944123018336,1.8593629657219415,-0.5577935343654784,1.4516609174766697,-4.867904595652286,1777.5
1423,1.4620258717769832,-1.3044944212183185,1.8593629611937383,-0.5577935208218545,1.451660904028091,-4.9034941797828395,1778.75
1424,1.462025862018113,-1.30449442762944,1.8593629579378745,-0.5577935110837328,1.4516608943583087,-4.92908376391332,1780.0
1425,1.4620258560728532,-1.3044944315351974,1.8593629559543503,-0.5577935051511131,1.4516608884673223,-4.944673348043797,1781.25
1426,1.4622731945410248,-1.302460548050266,1.8566350063684522,-0.5570996922472129,1.451912208176594,-4.951889171397106,1782.5
1427,1.4627659262368093,-1.2984088228779016,1.8512006308700497,-0.5557175465760438,1.4524128699575691,-4.949968004238392,1783.75
1428,1.4628420243522369,-1.2977830931546501,1.850361375707703,-0.5555040999598048,1.4524901889627915,-4.939863124873108,1785.0
1429,1.4628420306667103,-1.2977830885734052,1.8503613788667108,-0.5555041094702842,1.4524901877057486,-4.920417954045275,1786.25
1430,1.4628420402285052,-1.2977830816361795,1.8503613836502906,-0.5555041238716846,1.452490185802251,-4.890972783217384,1787.5
1431,1.4628420530376223,-1.2977830723429726,1.8503613900584421,-0.555504143164006,1.452490183252298,-4.851527612389474,1788.75
1432,1.462842069118344,-1.297783060743446,1.8503613982737201,-0.555504168097407,1.4524901802437462,-4.80208244357489,1790.0
1433,1.4628420886144933,-1.2977830471317362,1.850361409377384,-0.5555042031150303,1.452490177889253,-4.742637286758399,1791.25
1434,1.4628421113903298,-1.2977830312302334,1.8503614223489313,-0.5555042440233984,1.4524901751386814,-4.673192129942088,1792.5
1435,1.4628421470834403,-1.2977830160795276,1.8503614271647633,-0.5555042663401777,1.4524902086634932,-4.59374698833736,1793.75
1436,1.4628421882290081,-1.2977829993191283,1.8503614315886037,-0.555504289020243,1.4524902500938874,-4.504301850783063,1795.0
1437,1.4628422340056164,-1.2977829806734225,1.8503614364745258,-0.5555043141258862,1.4524902964086284,-4.404856723131797,1796.25
1438,1.4628422880152643,-1.2977829665635685,1.8503614342422492,-0.555504326670006,1.4524903505211644,-4.295411604601295,1797.5
1439,1.4628423480525652,-1.2977829530949079,1.8503614295123096,-0.5555043358090136,1.4524904105200582,-4.175966493662757,1798.75
1440,1.462842413242118,-1.2977829426619756,1.850361420373952,-0.5555043375466939,1.4524904757177814,-4.046521389788969,1800.0
1441,1.4628424836907639,-1.29778293877158,1.8503614034514302,-0.5555043250192072,1.4524905462687325,-3.9070762899285354,1801.25
1442,1.462842557186669,-1.297782939161812,1.8503613815451767,-0.5555043032490724,1.4524906199503835,-3.757631192471554,1802.5
1443,1.4628426316338765,-1.2977829485997572,1.8503613507132959,-0.555504263511712,1.4524906947470102,-3.5981861017444823,1803.75
1444,1.4628427022563668,-1.297782966061385,1.8503613133332433,-0.5555042091731399,1.4524907658515502,-3.4318457838160987,1805.0
1445,1.4628427641193589,-1.2977829884589762,1.850361273801922,-0.5555041476832546,1.4524908282624798,-3.273544788173882,1806.25
1446,1.462842809836803,-1.2977830174841243,1.8503612326665602,-0.5555040778442992,1.4524908746055298,-3.1252437925315526,1807.5
1447,1.4628428489777163,-1.297783046848165,1.8503611931340742,-0.5555040092220251,1.4524909143619202,-2.986942796889074,1808.75
1448,1.4628428729308114,-1.297783079159523,1.8503611552343857,-0.5555039391754915,1.4524909389454048,-2.858641801246553,1810.0
1449,1.462842890948468,-1.2977831106218272,1.8503611198851448,-0.5555038724860359,1.4524909575638785,-2.7403408056039416,1811.25
1450,1.462842902358379,-1.2977831405651168,1.8503610879236498,-0.555503810656245,1.452490969531532,-2.632039809961219,1812.5
1451,1.4628429032682244,-1.297783169862444,1.8503610596558513,-0.5555037530908667,1.4524909709619482,-2.5337388143184136,1813.75
1452,1.4628429040855124,-1.2977831961793964,1.8503610342636838,-0.5555037013815198,1.4524909722468506,-2.4454378186754755,1815.0
1453,1.4628429026750611,-1.2977832196338819,1.850361012260033,-0.5555036559078225,1.4524909712479082,-2.3671368230324825,1816.25
1454,1.462842893485713,-1.2977832405324312,1.85036099497831,-0.5555036176567243,1.4524909624057765,-2.298835827389301,1817.5
1455,1.462842885641784,-1.2977832583712083,1.8503609802268168,-0.5555035850059982,1.4524909548582279,-2.240534831745923,1818.75
1456,1.4628428791432744,-1.2977832731502101,1.8503609680055508,-0.5555035579556437,1.4524909486052624,-2.1922338361024654,1820.0
1457,1.4628428739901842,-1.29778328486944,1.850360958314515,-0.5555035365056613,1.4524909436468803,-2.1539328404589364,1821.25
1458,1.4628428701825134,-1.2977832935288982,1.8503609511537102,-0.5555035206560508,1.452490939983081,-2.125631844815481,1822.5
1459,1.4628428677202618,-1.2977832991285851,1.850360946523136,-0.5555035104068125,1.4524909376138648,-2.107330849172071,1823.75
1460,1.4629609147973481,-1.2968005927340953,1.8490353691030248,-0.5551607597215155,1.4526109419577964,-2.0980840726618255,1825.0
1461,1.4634584160483446,-1.2926590752742677,1.8434488815692538,-0.5537162970161215,1.4531166913966205,-2.0972935982289385,1826.25
1462,1.4636478859197892,-1.2910818112047706,1.8413213179419095,-0.5531661921806822,1.4533092998297323,-2.1053578128734793,1827.5
1463,1.4636478873607826,-1.2910818064825422,1.8413213232647554,-0.5531662054607125,1.4533092954549924,-2.1220674634985324,1828.75
1464,1.4636478896641476,-1.2910817989342653,1.841321331773093,-0.5531662266882641,1.4533092884621608,-2.1487771141236136,1830.0
1465,1.4636478928298846,-1.2910817885599402,1.8413213434669224,-0.5531662558633368,1.4533092788512372,-2.1854867647487675,1831.25
1466,1.4636478968579933,-1.2910817753595663,1.841321358346244,-0.5531662929859309,1.4533092666222214,-2.232196415373893,1832.5
1467,1.463647901478726,-1.2910817590461092,1.841321375323075,-0.5531663335121397,1.4533092496286553,-2.288906045707517,1833.75
1468,1.4636479068693289,-1.2910817398081726,1.841321395112308,-0.5531663804276743,1.4533092292809313,-2.355615672954599,1835.0
1469,1.4636479085014276,-1.2910817172431228,1.8413214171793229,-0.55316642751664,1.4533092201832594,-2.432325289523215,1836.25
1470,1.4636479076351947,-1.2910816914732854,1.8413214417141683,-0.5531664766719196,1.4533092183894047,-2.5190349001674712,1837.5
1471,1.463647906705193,-1.2910816627186987,1.8413214690428186,-0.5531665313769126,1.4533092166849886,-2.6157444990652907,1838.75
1472,1.463647897918955,-1.2910816327994163,1.8413215000410519,-0.5531665914872876,1.453309207241483,-2.722454091285279,1840.0
1473,1.4636478802741562,-1.2910816019496394,1.8413215348211,-0.5531666569831422,1.453309189063761,-2.8391636753698357,1841.25
1474,1.4636478594760496,-1.2910815691309172,1.8413215724211367,-0.5531667272554424,1.4533091676908514,-2.965873251476316,1842.5
1475,1.4636478210538393,-1.291081540278607,1.841321611400549,-0.553166794818593,1.4533091286615278,-3.1025828219073737,1843.75
1476,1.4636477787014155,-1.2910815100518598,1.8413216528542447,-0.5531668662024274,1.4533090856673543,-3.2492923917570034,1845.0
1477,1.463647717886214,-1.2910814880042887,1.8413216918888433,-0.5531669268500918,1.4533090243103615,-3.406001954549635,1846.25
1478,1.4636476499137152,-1.2910814685444596,1.8413217305453455,-0.5531669844795875,1.4533089558244674,-3.571907533852541,1847.5
1479,1.4636475752462887,-1.2910814590538706,1.8413217616061073,-0.5531670244934674,1.453308880804443,-3.7329461880792643,1848.75
1480,1.4636475024035702,-1.2910814565519604,1.841321785425472,-0.5531670502888747,1.4533088077378447,-3.883984842306085,1850.0
1481,1.4636474316467376,-1.2910814604443397,1.8413218024968936,-0.5531670629556742,1.453308736875928,-4.025023496533013,1851.25
1482,1.4636473660651461,-1.291081469154829,1.8413218134241243,-0.5531670646964802,1.4533086712876406,-4.156062150760066,1852.5
1483,1.4636473056592572,-1.2910814826982924,1.841321818192771,-0.5531670554820358,1.4533086109737094,-4.277100804987189,1853.75
1484,1.4636472505414233,-1.2910814956425452,1.8413218219813565,-0.5531670459250935,1.4533085559502072,-4.388139459214393,1855.0
1485,1.463647204466754,-1.2910815145493493,1.8413218173904589,-0.5531670220901184,1.4533085100981276,-4.4891781134416915,1856.25
1486,1.463647162952188,-1.291081531584906,1.8413218132539275,-0.553167000614138,1.4533084687841207,-4.580216767669088,1857.5
1487,1.4636471259977253,-1.2910815467492165,1.8413218095717647,-0.5531669814971529,1.453308432008187,-4.661255421896623,1858.75
1488,1.4636470988401435,-1.2910815639747173,1.8413218010314034,-0.5531669555311123,1.4533084050899006,-4.732294076124283,1860.0
1489,1.463647075888728,-1.291081579063193,1.841321793304473,-0.5531669325464103,1.4533083823501545,-4.793332730352097,1861.25
1490,1.463647056697457,-1.2910815916797127,1.8413217868434473,-0.5531669133273053,1.4533083633358745,-4.844371384580045,1862.5
1491,1.4636470412663303,-1.2910816018242777,1.841321781648329,-0.5531668978737978,1.4533083480470612,-4.885410038808095,1863.75
1492,1.4636470295953483,-1.291081609496889,1.841321777719119,-0.5531668861858885,1.4533083364837147,-4.9164486930361,1865.0
1493,1.4636470216845106,-1.291081614697547,1.841321775055818,-0.553166878263577,1.4533083286458344,-4.937487347264032,1866.25
1494,1.463675997893363,-1.2908373883101447,1.8409904790708165,-0.5530798380630976,1.4533377996194174,-4.948815609799534,1867.5
1495,1.4641207966108507,-1.2870888936903226,1.8359056804367826,-0.5517439857257727,1.4537901914873013,-4.952348806319972,1868.75
1496,1.4644411749226443,-1.2843889612826829,1.8322432508733721,-0.5507818144385058,1.4541160366423218,-4.946361590603014,1870.0
1497,1.464441179401158,-1.284388958039191,1.8322432531246167,-0.5507818211845787,1.4541160357772034,-4.9324131512193485,1871.25
1498,1.4644411870904355,-1.2843889524703558,1.8322432569898368,-0.5507818327670874,1.4541160342918589,-4.908464711835723,1872.5
1499,1.4644411979904763,-1.284388944576177,1.832243262469033,-0.5507818491860317,1.4541160321862887,-4.874516272452009,1873.75
1500,1.4644412121012804,-1.2843889343566541,1.832243269562205,-0.5507818704414116,1.4541160294604925,-4.830567833068293,1875.0
1501,1.4644412295267244,-1.2843889220289797,1.8322432790650385,-0.5507818997866174,1.454116026928231,-4.776619406369706,1876.25
1502,1.464441250260003,-1.2843889075789214,1.8322432909253967,-0.550781937008471,1.4541160245361826,-4.712670988355588,1877.5
1503,1.4644412778758402,-1.2843888920290378,1.8322433008065184,-0.5507819707247584,1.4541160356618343,-4.638722576427623,1878.75
1504,1.4644413159481753,-1.284388876517981,1.832243304944455,-0.5507819917794976,1.4541160739434411,-4.554774174965365,1880.0
1505,1.4644413585802023,-1.2843888591500185,1.832243309549113,-0.5507820152538311,1.4541161169873282,-4.460825781895467,1881.25
1506,1.4644414067820264,-1.284388841729422,1.832243312476486,-0.5507820369269549,1.454116165603664,-4.356877395769267,1882.5
1507,1.464441463262218,-1.2843888290695846,1.8322433079895049,-0.5507820454873492,1.4541162220500792,-4.24292901868072,1883.75
1508,1.4644415246981646,-1.2843888152978395,1.8322433031053698,-0.5507820547849025,1.4541162834430539,-4.118980650986922,1885.0
1509,1.4644415913728057,-1.2843888096866063,1.8322432888273914,-0.5507820465950213,1.4541163501909,-3.9850322888549568,1886.25
1510,1.4644416630888986,-1.2843888057550736,1.832243271446534,-0.5507820336661857,1.4541164220124365,-3.8410839279947635,1887.5
1511,1.4644417351456827,-1.2843888121204636,1.8322432440485836,-0.5507820004251661,1.4541164943607356,-3.6871355724805532,1888.75
1512,1.464441810539391,-1.2843888218430348,1.832243212432545,-0.5507819596328508,1.4541165701145788,-3.5231878103785927,1890.0
1513,1.4644418736654197,-1.2843888447558545,1.832243171733413,-0.5507818964749499,1.4541166338060227,-3.359392717013146,1891.25
1514,1.4644419294005697,-1.2843888685956641,1.8322431323228419,-0.5507818336246553,1.454116690104852,-3.2055976236474737,1892.5
1515,1.4644419695360344,-1.2843888987605645,1.8322430914246128,-0.5507817628467397,1.4541167308783447,-3.0618025302816956,1893.75
1516,1.4644420036233183,-1.284388928164302,1.8322430530445528,-0.5507816953043352,1.4541167655750968,-2.9280074369158062,1895.0
1517,1.4644420222201429,-1.2843889606817949,1.8322430162375052,-0.5507816261078264,1.4541167847986676,-2.804212343549826,1896.25
1518,1.4644420393147417,-1.2843889905725612,1.8322429824036734,-0.5507815625009178,1.4541168024693845,-2.690417250183777,1897.5
1519,1.4644420434733054,-1.2843890203991282,1.8322429524496862,-0.5507815027439777,1.4541168071709079,-2.58662215681763,1898.75
1520,1.4644420443324109,-1.2843890480017663,1.8322429256114288,-0.5507814483031926,1.4541168085250904,-2.4928270634513785,1900.0
1521,1.464442045099922,-1.2843890726615348,1.832242901634538,-0.5507813996666328,1.4541168097348964,-2.4090319700850236,1901.25
1522,1.4644420391337138,-1.284389094742538,1.8322428821287402,-0.5507813580315272,1.4541168041482653,-2.3352368767185347,1902.5
1523,1.4644420306715555,-1.284389114012475,1.8322428660670107,-0.5507813226340268,1.4541167960093055,-2.271441783351872,1903.75
1524,1.4644420235358568,-1.2843891302618122,1.832242852522986,-0.5507812927851505,1.4541167891461428,-2.2176466899850684,1905.0
1525,1.4644420177266166,-1.2843891434905492,1.8322428414966652,-0.5507812684848983,1.454116783558777,-2.1738515966181833,1906.25
1526,1.4644420132438358,-1.2843891536986882,1.8322428329880518,-0.5507812497332705,1.4541167792472087,-2.1400565032512873,1907.5
1527,1.4644420100875142,-1.2843891608862292,1.8322428269971447,-0.550781236530267,1.4541167762114373,-2.11626140988445,1908.75
1528,1.4644420082576517,-1.2843891650531722,1.8322428235239445,-0.5507812288758879,1.4541167744514634,-2.10246631651763,1910.0
1529,1.4647653374829974,-1.2816306824370576,1.8284801818816938,-0.5497773969496474,1.4544457846654293,-2.0965850571740297,1911.25
1530,1.46519966247422,-1.2779252478649157,1.823425881079771,-0.548428970828026,1.4548877395313504,-2.1002528375486347,1912.5
1531,1.4652254890660497,-1.2777049139175025,1.8231253481590546,-0.5483488001610446,1.454914015967477,-2.1116866949601985,1913.75
1532,1.465225490881732,-1.2777049080116043,1.8231253548609823,-0.5483488168037725,1.4549140105326872,-2.132855171946337,1915.0
1533,1.4652254935551443,-1.2777048993157565,1.8231253647289043,-0.548348841308534,1.4549140025304999,-2.1640236489325044,1916.25
1534,1.465225497086286,-1.2777048878299597,1.8231253777628207,-0.5483488736753291,1.454913991960915,-2.20519212591873,1917.5
1535,1.4652255013853208,-1.2777048734563057,1.8231253935933889,-0.5483489123697856,1.4549139781002192,-2.2563605969551164,1918.75
1536,1.465225506309404,-1.277704856039115,1.8231254116333326,-0.5483489549521585,1.4549139597976628,-2.3175290549569665,1920.0
1537,1.4652255114442703,-1.2777048357172374,1.823125432535005,-0.5483490036141162,1.4549139403357538,-2.3886975114758533,1921.25
1538,1.4652255106429461,-1.277704811898195,1.8231254553933116,-0.5483490492326774,1.454913938674117,-2.4698659528946583,1922.5
1539,1.465225509756827,-1.2777047851396375,1.8231254810537434,-0.5483491004247719,1.4549139369233879,-2.5610343894656364,1923.75
1540,1.4652255087970756,-1.2777047554375598,1.8231255095050538,-0.5483491571529696,1.4549139351762383,-2.6622028182920383,1925.0
1541,1.4652254929885729,-1.277704726236911,1.8231255423887969,-0.5483492190355067,1.4549139188425122,-2.7733712359775704,1926.25
1542,1.4652254749182174,-1.277704694606022,1.8231255783254787,-0.5483492864697028,1.4549139002211628,-2.894539646413077,1927.5
1543,1.4652254460858922,-1.277704664168604,1.8231256162995275,-0.5483493546761232,1.4549138708014808,-3.0257080503651874,1928.75
1544,1.465225406952889,-1.2777046347350072,1.8231256563560552,-0.5483494238888369,1.4549138310431418,-3.1668764513609484,1930.0
1545,1.4652253566966766,-1.2777046087093533,1.8231256964122846,-0.5483494896098796,1.4549137801948284,-3.3180448488237433,1931.25
1546,1.4652252950087525,-1.2777045862945764,1.8231257363633442,-0.5483495515290406,1.454913717951191,-3.4792132397577418,1932.5
1547,1.465225222546017,-1.2777045729556298,1.8231257707307347,-0.5483495987078576,1.4549136450688835,-3.6450590364680195,1933.75
1548,1.4652251509445249,-1.2777045638139006,1.8231258007843831,-0.5483496373811105,1.454913573125307,-3.8016362059414623,1935.0
1549,1.4652250787388645,-1.2777045670520402,1.8231258190461455,-0.548349651875493,1.4549135007982013,-3.948213375415031,1936.25
1550,1.4652250111628817,-1.2777045707446995,1.8231258354967168,-0.5483496641379557,1.454913433120441,-4.084790544888792,1937.5
1551,1.4652249488347213,-1.277704583792345,1.823125841346543,-0.5483496564810624,1.4549133708714161,-4.211367714362849,1938.75
1552,1.465224891456802,-1.2777045966471658,1.8231258459161686,-0.5483496477730699,1.4549133135814825,-4.327944883837024,1940.0
1553,1.4652248412600788,-1.2777046123519482,1.823125845602356,-0.5483496313836229,1.4549132635417412,-4.434522053311322,1941.25
1554,1.4652247978274113,-1.277704630176909,1.8231258412343707,-0.548349608868875,1.4549132203209203,-4.5310992227856675,1942.5
1555,1.465224758891942,-1.277704646156196,1.823125837318659,-0.5483495886853956,1.4549131815753622,-4.61767639226007,1943.75
1556,1.4652247266101701,-1.2777046619118058,1.823125831647897,-0.5483495670192955,1.4549131494960328,-4.694253561734581,1945.0
1557,1.4652247019221871,-1.2777046781508203,1.8231258232598346,-0.5483495422079696,1.4549131250380485,-4.760830731208978,1946.25
1558,1.4652246809423795,-1.2777046919507078,1.8231258161316723,-0.5483495211233451,1.4549131042536936,-4.817407900683307,1947.5
1559,1.4652246636707476,-1.2777047033114666,1.823125810263408,-0.5483495037654217,1.4549130871429683,-4.863985070157586,1948.75
1560,1.465224650107291,-1.2777047122330993,1.823125805655045,-0.5483494901342003,1.454913073705872,-4.900562239631847,1950.0
1561,1.4652246402520102,-1.2777047187156059,1.8231258023065835,-0.5483494802296809,1.454913063942405,-4.9271394091061484,1951.25
1562,1.4652246341049047,-1.2777047227589866,1.8231258002180233,-0.5483494740518636,1.4549130578525675,-4.943716578580433,1952.5
1563,1.4654117589156812,-1.2760885519961134,1.8209092140200043,-0.547749247243488,1.455103565391483,-4.951699975882189,1953.75
1564,1.465887078286018,-1.2719833470607629,1.8152789149116402,-0.5462246324056174,1.4555874764285675,-4.950812695864639,1955.0
1565,1.4659977099640686,-1.2710278741108925,1.81396848562961,-0.5458697884253468,1.455700104424752,-4.941505237364784,1956.25
1566,1.4659977157941055,-1.2710278698963737,1.813968488575334,-0.5458697972100303,1.4557001033295804,-4.923141841620458,1957.5
1567,1.4659977247989562,-1.27102786338679,1.813968493125186,-0.5458698107785148,1.4557001016380204,-4.894778445876113,1958.75
1568,1.465997736978621,-1.2710278545821412,1.8139684992791665,-0.5458698291308005,1.455700099350072,-4.856415050131781,1960.0
1569,1.4659977523383405,-1.2710278434936335,1.8139685070781728,-0.545869852433249,1.4557000965073026,-4.808051655199154,1961.25
1570,1.465997771045843,-1.2710278304799276,1.8139685178311395,-0.5458698860102215,1.4557000944400693,-4.749688282921118,1962.5
1571,1.465997792958695,-1.2710278152364485,1.8139685304265232,-0.5458699253402836,1.4557000920186354,-4.68132491064295,1963.75
1572,1.4659978261905735,-1.2710278003701716,1.8139685362112101,-0.5458699494622526,1.4557001202958286,-4.602961551717719,1965.0
1573,1.465997865718972,-1.2710277842648043,1.8139685405415458,-0.5458699713475613,1.455700160065693,-4.5145981972698435,1966.25
1574,1.4659979097537257,-1.2710277663242167,1.8139685453260208,-0.5458699955886337,1.4557002046117165,-4.416234854215139,1967.5
1575,1.4659979612939915,-1.2710277519165802,1.8139685441421154,-0.5458700095995724,1.4557002563112524,-4.307871519017935,1968.75
1576,1.465998019159598,-1.2710277389548374,1.813968539502831,-0.5458700183196808,1.4557003141389737,-4.1895081916476915,1970.0
1577,1.4659980820008975,-1.2710277277620103,1.8139685316663658,-0.5458700221107151,1.455700376972909,-4.061144871757599,1971.25
1578,1.4659981499929073,-1.2710277240570569,1.8139685150388862,-0.5458700096877531,1.4557004450665625,-3.922781556619257,1972.5
1579,1.4659982215679894,-1.271027723118513,1.8139684946598982,-0.5458699907732799,1.4557005168020933,-3.7744182432425237,1973.75
1580,1.465998293492408,-1.2710277323186805,1.813968464333723,-0.5458699517748649,1.455700589072055,-3.616054936687516,1975.0
1581,1.4659983635004548,-1.2710277479834617,1.813968428300921,-0.5458699005896923,1.4557006595374533,-3.449710258669605,1976.25
1582,1.4659984240876542,-1.271027770018971,1.8139683888848097,-0.5458698395796806,1.4557007206733665,-3.2903327774883264,1977.5
1583,1.4659984705994709,-1.2710277974311845,1.8139683484349995,-0.5458697720544339,1.4557007677956593,-3.1409552963068936,1978.75
1584,1.4659985089738505,-1.2710278263134605,1.8139683089783087,-0.5458697039919878,1.455700806786682,-3.001577815125254,1980.0
1585,1.46599853427632,-1.2710278573584635,1.8139682713099625,-0.5458696354584072,1.4557008327121237,-2.872200333943459,1981.25
1586,1.4659985519679957,-1.2710278883248478,1.8139682359817408,-0.5458695692875227,1.4557008510063358,-2.7528228527614513,1982.5
1587,1.4659985647935814,-1.2710279174551429,1.8139682038836074,-0.545869508147362,1.455700864389193,-2.643445371579318,1983.75
1588,1.4659985656944985,-1.2710279463301961,1.8139681755802401,-0.545869450969424,1.455700865812979,-2.544067890397098,1985.0
1589,1.46599856650476,-1.2710279722996511,1.8139681501249343,-0.5458693995450975,1.4557008670934948,-2.4546904092148063,1986.25
1590,1.465998566265563,-1.2710279954157542,1.8139681277521633,-0.5458693540495348,1.4557008672704839,-2.375312928032417,1987.5
1591,1.4659985571908034,-1.2710280161027467,1.8139681103659702,-0.5458693159050926,1.4557008585460327,-2.3059354468500475,1988.75
1592,1.4659985494240706,-1.2710280338079374,1.813968095485805,-0.5458692832587516,1.455700851079115,-2.2465579656678667,1990.0
1593,1.4659985429653641,-1.2710280485313228,1.8139680831116656,-0.5458692561105116,1.455700844869731,-2.197180484485693,1991.25
1594,1.4659985378146847,-1.2710280602729065,1.8139680732435546,-0.545869234460373,1.4557008399178806,-2.1578030033035738,1992.5
1595,1.4659985339720318,-1.2710280690326883,1.8139680658814725,-0.5458692183083359,1.4557008362235635,-2.128425522121386,1993.75
1596,1.4659985314374055,-1.2710280748106688,1.8139680610254196,-0.5458692076544001,1.4557008337867803,-2.109048040939215,1995.0
1597,1.4660716282811552,-1.2703889505481083,1.813086750538553,-0.5456270948718485,1.4557752897232605,-2.0989794046982317,1996.25
1598,1.466529537726866,-1.2663852582586017,1.8075659616565394,-0.5441104584914691,1.4562417124864977,-2.097066816326355,1997.5
1599,1.4667613754736613,-1.2643582089462337,1.8047708195988081,-0.5433426000584346,1.456477858122599,-2.1042842606181713,1998.75
1600,1.4667613767990089,-1.264358204666623,1.8047708244906953,-0.5433426121479751,1.4564778542071197,-2.1198243350577064,2000.0
1601,1.466761378977215,-1.2643581976330935,1.8047708325304992,-0.5433426320171055,1.4564778477720393,-2.1453644094972857,2001.25
1602,1.466761382008279,-1.2643581878456454,1.8047708437182208,-0.5433426596658258,1.4564778388173578,-2.1809044839367946,2002.5
1603,1.466761385892201,-1.2643581753042779,1.80477085805386,-0.5433426950941359,1.4564778273430747,-2.2264445583763184,2003.75
1604,1.4667613904108707,-1.2643581597654454,1.8047708746234008,-0.5433427345256865,1.4564778115705714,-2.281984627453154,2005.0
1605,1.4667613956647167,-1.264358141341289,1.804770893847704,-0.543342779699304,1.4564777923188157,-2.347524694742577,2006.25
1606,1.4667613980468222,-1.264358119753951,1.8047709154761478,-0.5433428263733264,1.4564777813014933,-2.423064753315563,2007.5
1607,1.4667613972120885,-1.264358094970358,1.8047709394590286,-0.5433428740411858,1.4564777795681567,-2.508604804063111,2008.75
1608,1.466761396309411,-1.2643580672786703,1.8047709662151936,-0.5433429271806642,1.456477777881212,-2.604144844390773,2010.0
1609,1.466761389550875,-1.2643580380294024,1.8047709964031098,-0.5433429856855057,1.456477770439535,-2.709684877920944,2011.25
1610,1.4667613725499704,-1.2643580082450576,1.804771030514201,-0.5433430494467374,1.4564777529124573,-2.8252249030740852,2012.5
1611,1.4667613540780289,-1.264357975883825,1.8047710675810635,-0.5433431187405195,1.456477733871524,-2.9507649196865433,2013.75
1612,1.466761317346334,-1.2643579478332403,1.8047711059008893,-0.5433431848468137,1.456477696541084,-3.0863049300652894,2015.0
1613,1.4667612775452388,-1.2643579178605437,1.8047711470115584,-0.5433432556440918,1.456477656096878,-3.2318449401454012,2016.25
1614,1.4667612195627986,-1.2643578959925696,1.8047711856490267,-0.5433433157244233,1.4564775975725022,-3.3873849436381827,2017.5
1615,1.466761155595849,-1.264357875575349,1.8047712246592078,-0.543343374681897,1.4564775330748847,-3.5515527221418264,2018.75
1616,1.4667610842631094,-1.2643578664359962,1.8047712548733628,-0.5433434135085379,1.4564774613973943,-3.709684024127247,2020.0
1617,1.4667610156813726,-1.264357861888515,1.8047712797888975,-0.5433434424641231,1.45647739256101,-3.8578153261127373,2021.25
1618,1.4667609482634634,-1.2643578655527183,1.8047712963505447,-0.5433434548610536,1.4564773250401495,-3.9959466280984666,2022.5
1619,1.4667608857988426,-1.2643578712742358,1.8047713094270328,-0.5433434617517987,1.4564772625222926,-4.124077930084407,2023.75
1620,1.466760828445692,-1.2643578841152103,1.804771314035599,-0.54334345309157,1.4564772052577297,-4.24220923207041,2025.0
1621,1.4667607759475758,-1.2643578958691706,1.804771318254035,-0.5433434451644408,1.456477152840702,-4.350340534056631,2026.25
1622,1.4667607311142699,-1.2643579114560222,1.804771316446367,-0.5433434274343344,1.4564771081771792,-4.448471836042913,2027.5
1623,1.4667606920189729,-1.2643579275019479,1.804771312477464,-0.5433434071263582,1.4564770692743951,-4.536603138029298,2028.75
1624,1.4667606573597043,-1.264357941727186,1.8047713089588961,-0.5433433891226667,1.4564770347857956,-4.614734440015725,2030.0
1625,1.4667606283703734,-1.2643579550609503,1.8047713046161946,-0.5433433712285306,1.456477005965224,-4.682865742002103,2031.25
1626,1.4667606071080321,-1.2643579690523281,1.8047712973246828,-0.5433433497851108,1.4564769849029635,-4.740997043988383,2032.5
1627,1.4667605895033318,-1.2643579806368481,1.8047712912874887,-0.5433433320304816,1.4564769674639253,-4.789128345974588,2033.75
1628,1.4667605755562718,-1.2643579898145094,1.8047712865046108,-0.5433433179646425,1.4564769536481086,-4.827259647960764,2035.0
1629,1.4667605652668523,-1.2643579965853122,1.8047712829760498,-0.5433433075875937,1.4564769434555138,-4.855390949947021,2036.25
1630,1.4667605586350738,-1.2643580009492577,1.804771280701807,-0.5433433008993358,1.456476936886141,-4.873522251933261,2037.5
1631,1.4667549210855602,-1.2644067512379635,1.8048408329062073,-0.5433640971081914,1.4564711771431476,-4.881714565785281,2038.75
1632,1.4665715313419379,-1.2659933809578132,1.807104608211819,-0.5440410576889833,1.4562838094028951,-4.881229080098722,2040.0
1633,1.4665464329289466,-1.266210551964639,1.8074144683880247,-0.5441337215614147,1.4562581664608683,-4.8717494270754385,2041.25
1634,1.4664948584277169,-1.2666568146969663,1.8080511972538815,-0.5443241357124736,1.4562054730118617,-4.8522697740521155,2042.5
1635,1.4664168078382493,-1.2673321691547947,1.8090147948093884,-0.5446123001421594,1.4561257290558758,-4.8227901210288096,2043.75
1636,1.466312241709841,-1.2682366338093314,1.8103051033792363,-0.5449980386391067,1.4560188959299003,-4.78331046221675,2045.0
1637,1.4661797093745594,-1.2693708873795448,1.8119163239856209,-0.54547487112188,1.4558835519332884,-4.733830607728376,2046.25
1638,1.466020391929125,-1.2707343763793988,1.813853176229982,-0.546048072619418,1.4557208545828693,-4.6743507532399775,2047.5
1639,1.465834043131058,-1.2723272306152142,1.8161147101732946,-0.546716563305146,1.455530562556052,-4.604870862368486,2048.75
1640,1.4656194811296879,-1.274150072709745,1.8186963657715536,-0.5474751601224828,1.455311517617357,-4.525390778516925,2050.0
1641,1.4653776546116413,-1.2762024104086955,1.8216018208310498,-0.5483280332220932,1.4550646494017259,-4.435910657475895,2051.25
1642,1.4651069825170677,-1.2784851246036015,1.8248250846277718,-0.5492683091559787,1.4547884078610733,-4.336430297030578,2052.5
1643,1.4648079467745387,-1.2809979839670371,1.8283680703935792,-0.550298133040021,1.4544832651300026,-4.226949781318247,2053.75
1644,1.4644801712607474,-1.2837412133955368,1.8322293890380994,-0.5514158904500505,1.4541488523283608,-4.107469081164487,2055.0
1645,1.4641222530090243,-1.2867157229510302,1.8364040258282859,-0.5526156549461966,1.4537837930080877,-3.9779880311444566,2056.25
1646,1.4637343488584957,-1.2899214870946243,1.840892721130102,-0.5538981925883083,1.4533882405019778,-3.8385066827673464,2057.5
1647,1.463315881387371,-1.2933589410913455,1.8456935549388795,-0.55526114740278,1.4529616278661786,-3.6890249930656567,2058.75
1648,1.4628661464440325,-1.2970286400714195,1.8508042438725072,-0.5567016800091746,1.4525032635500938,-3.529542904304565,2060.0
1649,1.4624112190821692,-1.30071493863116,1.855922790975881,-0.5581334652635856,1.4520397372937839,-3.3694482843206757,2061.25
1650,1.4619815251741177,-1.3041735740071287,1.8607114219714735,-0.5594630226601927,1.4516020383763633,-3.2193436088408736,2062.5
1651,1.4615777562780972,-1.3074038869321538,1.8651721884822092,-0.5606930639008232,1.4511908463602703,-3.079238605987402,2063.75
1652,1.4612002875177605,-1.3104056407617786,1.869306448383993,-0.561825183944286,1.4508065292245667,-2.949133303716885,2065.0
1653,1.4608492690036887,-1.3131787842211542,1.8731148502014094,-0.5628600827471416,1.450449233897451,-2.829027709017085,2066.25
1654,1.4605260009505763,-1.3157222794471934,1.8766015775826101,-0.5638029834297713,1.4501202374294726,-2.7189219509259317,2067.5
1655,1.460230755626799,-1.3180359038781106,1.879767493744376,-0.5646549721100836,1.4498198072783208,-2.618816040112564,2068.75
1656,1.459963249864646,-1.3201199418688687,1.8826118295964995,-0.565414994967415,1.4495476648827141,-2.528709940744618,2070.0
1657,1.45972502693079,-1.3219730464469315,1.885139270850517,-0.5660890866451405,1.4493053268786569,-2.4486037949957042,2071.25
1658,1.4595152080902223,-1.3235960175398294,1.8873472301614234,-0.5666738587407557,1.4490919294448381,-2.378497508964112,2072.5
1659,1.4593349687024235,-1.324987800646617,1.8892392058879832,-0.5671738656188349,1.4489086278767471,-2.3183911830036528,2073.75
1660,1.4591847160730766,-1.3261480302381032,1.8908164101331157,-0.5675906854329746,1.448755822527675,-2.2682848570432625,2075.0
1661,1.4590635439351072,-1.3270775414207887,1.8920761995654567,-0.5679208385753526,1.4486326224332915,-2.2281784338973596,2076.25
1662,1.4589725068989863,-1.3277753629179416,1.8930216512290703,-0.5681683747282487,1.4485400643938597,-2.198072000914547,2077.5
1663,1.4589117082628023,-1.3282413995677989,1.8936530664659328,-0.5683336905287578,1.448478249963106,-2.1779655679317402,2078.75
1664,1.4588811480265553,-1.3284756513703604,1.8939704452760435,-0.5684167859768797,1.4484471791410307,-2.167859134948968,2080.0
1665,1.4586773035354619,-1.3300348907570825,1.8960809925708528,-0.5689678850688727,1.4482399459306636,-2.1668617668184473,2081.25
1666,1.4586637490470635,-1.3301381867258568,1.896220575638666,-0.5690041584813763,1.448226168107163,-2.174582693987104,2082.5
1667,1.45866362015231,-1.330138303422995,1.8962202006066093,-0.5690036670689749,1.4482260415803923,-2.1921867492696627,2083.75
1668,1.458663418038772,-1.3301384864100514,1.8962196125372435,-0.5690028965093012,1.448225843179971,-2.219790804552179,2085.0
1669,1.4586631426640346,-1.3301387356521441,1.896218811303683,-0.5690018462675973,1.448225572575029,-2.257394844776076,2086.25
1670,1.4586627940033912,-1.3301390511290325,1.8962177968320195,-0.5690005160327568,1.4482252295731373,-2.30499886732756,2087.5
1671,1.4586623721009027,-1.3301394328769778,1.896216569254066,-0.5689989063604298,1.4482248145181136,-2.362602889879132,2088.75
1672,1.4586622313569348,-1.3301395448112956,1.8962161751343536,-0.5689983999848797,1.4482246756788602,-2.4302068997724966,2090.0
1673,1.4586622305922963,-1.3301395208149287,1.8962161975626626,-0.5689984460790636,1.4482246743187202,-2.50781090435179,2091.25
1674,1.458662229738627,-1.3301394937224322,1.8962162228694845,-0.5689984980720931,1.4482246728585007,-2.595414902953247,2092.5
1675,1.458662224990845,-1.3301394644030147,1.896216251391985,-0.568998555545899,1.4482246674981876,-2.6930188971383364,2093.75
1676,1.4586622080164298,-1.3301394347580677,1.8962162838563754,-0.5689986175377166,1.448224649990521,-2.8006228828406616,2095.0
1677,1.4586621894647356,-1.3301394023584048,1.896216319338894,-0.5689986852953082,1.448224630857398,-2.9182268611221547,2096.25
1678,1.458662156750035,-1.330139372377686,1.8962163566359957,-0.5689987523530914,1.448224597554801,-3.0458308316965432,2097.5
1679,1.4586621163969546,-1.3301393421336085,1.8962163963710672,-0.5689988220606245,1.448224556584909,-3.1834347970624437,2098.75
1680,1.458662062778458,-1.3301393164898485,1.896216435631014,-0.5689988865988881,1.4482245023969922,-3.33103876067681,2100.0
1681,1.4586619989519631,-1.330139293434861,1.8962164754108395,-0.5689989489963362,1.448224438021228,-3.4886427187045475,2101.25
1682,1.4586619222601778,-1.3301392803947532,1.8962165095607033,-0.5689989956570229,1.4482243609218697,-3.652922236828453,2102.5
1683,1.4586618467374004,-1.3301392708858462,1.8962165400879827,-0.5689990351711374,1.4482242850551013,-3.808994606337891,2103.75
1684,1.458661770282755,-1.3301392751070975,1.8962165581018948,-0.5689990484317338,1.4482242084905732,-3.955066975847578,2105.0
1685,1.4586616990340397,-1.3301392791032354,1.8962165748311817,-0.5689990606690317,1.4482241371405304,-4.0911393453574,2106.25
1686,1.4586616333512572,-1.3301392935187932,1.8962165802639874,-0.5689990512264109,1.4482240715490553,-4.217211714867471,2107.5
1687,1.4586615728889045,-1.3301393071320544,1.8962165849452879,-0.5689990418710437,1.448224011176665,-4.333284084377715,2108.75
1688,1.458661520258274,-1.3301393241520145,1.8962165842076513,-0.5689990237435588,1.4482239587133345,-4.439356453888055,2110.0
1689,1.4586614745283237,-1.3301393429529724,1.896216579831591,-0.5689990002441215,1.448223913197817,-4.535428823398496,2111.25
1690,1.4586614335583221,-1.3301393597969688,1.8962165759110223,-0.5689989791906971,1.4482238724199277,-4.621501192908976,2112.5
1691,1.458661399937463,-1.3301393766245608,1.8962165698964462,-0.568998956110714,1.448223839008445,-4.697573562419497,2113.75
1692,1.4586613740024068,-1.3301393936880692,1.8962165614563635,-0.568998930422626,1.4482238133051766,-4.7636459319299735,2115.0
1693,1.4586613519926004,-1.3301394081690285,1.89621655429368,-0.5689989086224087,1.4482237914920768,-4.819718301440332,2116.25
1694,1.4586613339080439,-1.3301394200674375,1.8962165484083926,-0.5689988907100608,1.4482237735691452,-4.865790670950661,2117.5
1695,1.4586613197487373,-1.3301394293832984,1.8962165438005056,-0.568998876685585,1.4482237595363827,-4.901863040461001,2118.75
1696,1.4586613095146805,-1.3301394361166121,1.8962165404700195,-0.5689988665489814,1.4482237493937897,-4.927935409971354,2120.0
1697,1.4586613032058737,-1.330139440267378,1.8962165384169338,-0.5689988603002497,1.4482237431413658,-4.944007779481689,2121.25
1698,1.45889887621623,-1.3282814305162394,1.8937784876536283,-0.5684190646957085,1.4484647098760375,-4.9515600825375925,2122.5
1699,1.4594284490623393,-1.3241398005310419,1.888343915421516,-0.5671266697238504,1.4490018466477779,-4.950073962906634,2123.75
1700,1.4595243093981611,-1.3233901281887885,1.8873602134806209,-0.5668927400762376,1.4490990723365709,-4.94027338542897,2125.0
1701,1.4595243157337805,-1.323390123563117,1.8873602166056402,-0.5668927496257031,1.4490990710243117,-4.921216324973067,2126.25
1702,1.4595243253939518,-1.3233901165101707,1.8873602213704819,-0.5668927641861542,1.4490990690234575,-4.892159264517176,2127.5
1703,1.4595243383786756,-1.3233901070299503,1.8873602277751458,-0.5668927837575908,1.4490990663340084,-4.8531022040613525,2128.75
1704,1.4595243547064436,-1.3233900951581328,1.8873602359523607,-0.5668928088913416,1.4490990630954597,-4.804045144420001,2130.0
1705,1.4595243745442243,-1.323390081216862,1.887360247100578,-0.5668928445655397,1.4490990605673604,-4.7449880920723775,2131.25
1706,1.4595243977410928,-1.3233900649149464,1.8873602601364983,-0.5668928862803706,1.4490990576111833,-4.675931039724681,2132.5
1707,1.459524433875648,-1.3233900492393995,1.887360265349349,-0.566892910055268,1.4490990904004124,-4.596874001944094,2133.75
1708,1.4595244760317114,-1.3233900320289114,1.8873602697507263,-0.5668929331987848,1.4490991328444232,-4.507816968348611,2135.0
1709,1.4595245229557694,-1.3233900128734783,1.8873602746113625,-0.5668929588218974,1.4490991803279467,-4.408759945019856,2136.25
1710,1.4595245781523998,-1.3233899980426744,1.8873602726979057,-0.5668929724664039,1.449099235657828,-4.299702930350058,2137.5
1711,1.4595246397277846,-1.3233899841845305,1.8873602678991568,-0.5668929819252961,1.4490992971955912,-4.1806459233273605,2138.75
1712,1.4595247065897363,-1.3233899729910965,1.8873602590913618,-0.5668929847513158,1.4490993640603582,-4.051588923453843,2140.0
1713,1.459524778873975,-1.3233899689584803,1.8873602420450557,-0.5668929722418196,1.4490994364465508,-3.9125319277643964,2141.25
1714,1.4595248545302661,-1.3233899687920725,1.8873602204173303,-0.5668929513080707,1.4490995122798698,-3.7634749341700253,2142.5
1715,1.4595249309409475,-1.3233899784498298,1.887360189397716,-0.5668929111625708,1.449099589040625,-3.6044179473810165,2143.75
1716,1.4595250041165868,-1.3233899958574766,1.8873601520715115,-0.5668928569359899,1.4490996626926234,-3.4380456563987654,2145.0
1717,1.4595250679208815,-1.323390018950197,1.8873601121338757,-0.5668927943459089,1.449099727049143,-3.2793514764669243,2146.25
1718,1.4595251157324307,-1.3233900484685504,1.8873600707995926,-0.5668927238201136,1.4490997754856685,-3.1306572965349844,2147.5
1719,1.4595251561126363,-1.3233900787768964,1.8873600308670846,-0.5668926538539454,1.449099816486692,-2.991963116602798,2148.75
1720,1.4595251815126438,-1.3233901118625888,1.8873599926537157,-0.5668925827241368,1.4490998425196275,-2.863268936670398,2150.0
1721,1.4595252001056243,-1.323390144364853,1.887359956945081,-0.5668925146350461,1.449099861719132,-2.744574756737851,2151.25
1722,1.4595252124928442,-1.323390175172746,1.8873599246056318,-0.5668924515665517,1.449099874668704,-2.635880576805207,2152.5
1723,1.4595252134260928,-1.3233902054672426,1.8873598960434506,-0.5668923927087702,1.4490998761279699,-2.5371863968724555,2153.75
1724,1.4595252142647819,-1.3233902326922018,1.8873598703752728,-0.5668923398146415,1.4490998774393784,-2.4484922169396253,2155.0
1725,1.4595252132331953,-1.3233902569466853,1.8873598480198466,-0.5668922931914119,1.4490998768246692,-2.369798037006697,2156.25
1726,1.4595252037190347,-1.323390278599557,1.8873598305364627,-0.566892253983186,1.44909986766207,-2.3011038570738247,2157.5
1727,1.4595251955898765,-1.3233902971003608,1.8873598155981828,-0.5668922204826088,1.4490998598332958,-2.242409677141082,2158.75
1728,1.4595251888457208,-1.3233903124490936,1.8873598032050034,-0.5668921926896806,1.4490998533383461,-2.1937154972083577,2160.0
1729,1.4595251834865675,-1.323390324645759,1.887359793356929,-0.5668921706044012,1.449099848177221,-2.1550213172756774,2161.25
1730,1.4595251795124167,-1.3233903336903572,1.8873597860539595,-0.5668921542267708,1.4490998443499208,-2.126327137342957,2162.5
1731,1.4595251769232682,-1.3233903395828883,1.8873597812960947,-0.5668921435567892,1.4490998418564447,-2.1076329574102246,2163.75
1732,1.4596340422249419,-1.3225283805677377,1.8862219389744324,-0.5666163721413185,1.4492103118032562,-2.098104875284719,2165.0
1733,1.4601594709192944,-1.3183682468219509,1.8807303202201535,-0.5652854273517872,1.4497434845946993,-2.0969681410383503,2166.25
1734,1.4603760081215018,-1.3166537956821645,1.8784671507173933,-0.5647369331218659,1.4499632105551437,-2.1047825042921935,2167.5
1735,1.4603760095544691,-1.3166537909027156,1.878467155993521,-0.5647369464605209,1.449963206108238,-2.121192370857782,2168.75
1736,1.4603760118606717,-1.3166537832107212,1.8784671644848654,-0.5647369679276116,1.4499631989514346,-2.1476022374233845,2170.0
1737,1.4603760150401093,-1.316653772606181,1.878467176191426,-0.5647369975231383,1.449963189084734,-2.1840121039889167,2171.25
1738,1.4603760190927821,-1.3166537590890952,1.8784671911132038,-0.564737035247101,1.4499631765081356,-2.2304219705544632,2172.5
1739,1.46037602374273,-1.3166537423827989,1.8784672081855576,-0.5647370766016416,1.4499631590799738,-2.286831822351184,2173.75
1740,1.4603760291583658,-1.3166537226561346,1.8784672280582166,-0.5647371243317151,1.4499631381072633,-2.353241671307014,2175.0
1741,1.4603760310015246,-1.3166536995270297,1.8784672502245663,-0.5647371724765862,1.4499631280627518,-2.4296515101060097,2176.25
1742,1.4603760301168773,-1.3166536730786422,1.8784672748191114,-0.5647372223399256,1.4499631262348687,-2.51606134247918,2177.5
1743,1.460376029166837,-1.3166536435567113,1.8784673022245024,-0.5647372778548907,1.4499631244913511,-2.612471163636778,2178.75
1744,1.4603760206308452,-1.3166536127216655,1.8784673332767006,-0.5647373388710435,1.4499631152813415,-2.718880978108406,2180.0
1745,1.4603760025335637,-1.316653581035693,1.8784673681926702,-0.5647374053391258,1.4499630966506134,-2.835290784395296,2181.25
1746,1.4603759817256554,-1.3166535471040934,1.8784674059999553,-0.5647374769359474,1.4499630752668877,-2.961700582644556,2182.5
1747,1.4603759422941784,-1.316653517468138,1.8784674451636203,-0.5647375454680025,1.449963035226188,-3.098110375098572,2183.75
1748,1.46037589932506,-1.3166534860856347,1.8784674869859215,-0.5647376183809254,1.449962991608438,-3.244520167254281,2185.0
1749,1.4603758368895574,-1.3166534634465739,1.8784675262362784,-0.5647376798365231,1.4499629286293412,-3.4009299522873806,2186.25
1750,1.46037576741674,-1.316653443029292,1.8784675654372407,-0.5647377389708517,1.4499628586345994,-3.5666980635414127,2187.5
1751,1.4603756904636522,-1.3166534332681021,1.8784675968127043,-0.5647377795683239,1.4499627813267395,-3.7280416069292945,2188.75
1752,1.4603756155587875,-1.316653430310959,1.87846762122023,-0.5647378064065478,1.449962706190203,-3.8793851503173022,2190.0
1753,1.4603755426135545,-1.316653434359674,1.8784676384962884,-0.564737819119508,1.4499626331396889,-4.020728693705488,2191.25
1754,1.4603754749807818,-1.316653443038481,1.8784676498988229,-0.5647378213650966,1.4499625654948365,-4.1520722370938845,2192.5
1755,1.4603754126821284,-1.3166534570497561,1.8784676547633625,-0.5647378117764456,1.4499625032895558,-4.273415780482435,2193.75
1756,1.4603753556819703,-1.316653470194069,1.8784676589098805,-0.5647378023742392,1.449962446380468,-4.38475932387111,2195.0
1757,1.460375308138023,-1.3166534897469468,1.8784676543192969,-0.5647377778913357,1.4499623990616561,-4.486102867259876,2196.25
1758,1.46037526528544,-1.3166535073704562,1.878467650181682,-0.5647377558242638,1.4499623564119934,-4.577446410648782,2197.5
1759,1.460375227124221,-1.316653523064598,1.8784676464970371,-0.5647377361730239,1.4499623184314798,-4.658789954037686,2198.75
1760,1.4603751988780238,-1.3166535407553674,1.8784676380773369,-0.5647377098593875,1.4499622904245317,-4.730133497426642,2200.0
1761,1.4603751751467344,-1.3166535563841504,1.8784676302858632,-0.564737686268249,1.4499622669075478,-4.791477040815484,2201.25
1762,1.4603751552840332,-1.3166535694651844,1.8784676237645246,-0.564737666522851,1.4499622472242168,-4.8428205842042225,2202.5
1763,1.4603751392899198,-1.316653579998471,1.878467618513323,-0.5647376506231939,1.4499622313745384,-4.884164127592946,2203.75
1764,1.460375127164394,-1.316653587984011,1.8784676145322594,-0.5647376385692782,1.4499622193585124,-4.91550767098171,2205.0
1765,1.4603751189074567,-1.3166535934218047,1.8784676118213341,-0.5647376303611036,1.4499622111761392,-4.936851214370486,2206.25
1766,1.4603988011012976,-1.3164637358540239,1.878215499295924,-0.5646753996002752,1.4499862534593155,-4.948418557331264,2207.5
1767,1.4608619377668994,-1.3127514527056559,1.8732860490634036,-0.563458706254941,1.4504564300346001,-4.952197287503027,2208.75
1768,1.4612140915473761,-1.3099287776195523,1.8695378917958823,-0.5625335848282784,1.4508139344042255,-4.946407003120219,2210.0
1769,1.4612140960618984,-1.3099287743288532,1.8695378940316518,-0.5625335916307804,1.450813933501196,-4.932671247753724,2211.25
1770,1.4612141038631146,-1.3099287686424366,1.8695378978951223,-0.5625336033856875,1.450813931940737,-4.908935492387242,2212.5
1771,1.4612141149510247,-1.309928760560302,1.8695379033862936,-0.5625336200929993,1.4508139297228486,-4.875199737020713,2213.75
1772,1.4612141293256289,-1.3099287500824501,1.8695379105051655,-0.562533641752716,1.4508139268475304,-4.831463981654226,2215.0
1773,1.4612141470932618,-1.30992873741849,1.8695379200294728,-0.5625336715804448,1.4508139241272642,-4.777728227610982,2216.25
1774,1.461214168254628,-1.309928722569809,1.869537931964364,-0.5625337095974702,1.4508139215674287,-4.713992474553187,2217.5
1775,1.4612141962911944,-1.309928706513876,1.8695379421225398,-0.5625337446020617,1.4508139320689313,-4.640256727235769,2218.75
1776,1.4612142353541706,-1.3099286905614023,1.8695379462427426,-0.5625337661115126,1.4508139713524912,-4.556520990781392,2220.0
1777,1.4612142791072213,-1.3099286726946688,1.869537950829064,-0.5625337901015235,1.4508140155291656,-4.4627852623454425,2221.25
1778,1.4612143284882524,-1.309928654592613,1.8695379539312627,-0.5625338126870703,1.4508140653551882,-4.359049540819546,2222.5
1779,1.461214386471683,-1.3099286415569658,1.8695379493754718,-0.5625338215539644,1.4508141233053558,-4.245313828585076,2223.75
1780,1.4612144495522723,-1.3099286273743111,1.869537944415764,-0.5625338311863077,1.4508141863434734,-4.121578125488551,2225.0
1781,1.4612145180109386,-1.3099286213370673,1.8695379302488908,-0.562533823532607,1.4508142548721759,-3.9878424279684093,2226.25
1782,1.4612145916614665,-1.309928617268496,1.8695379127291627,-0.5625338106021351,1.4508143286279165,-3.844106731774857,2227.5
1783,1.4612146657929848,-1.3099286235032785,1.8695378853812021,-0.5625337775426364,1.4508144030468924,-3.690371040788446,2228.75
1784,1.4612147433308675,-1.3099286333713798,1.8695378536293594,-0.5625337364696954,1.4508144809443175,-3.5266353560539683,2230.0
1785,1.461214808516204,-1.309928656786066,1.869537812717997,-0.5625336725997719,1.4508145466957527,-3.3626244080337013,2231.25
1786,1.4612148662694875,-1.3099286811241937,1.869537773092125,-0.5625336090390192,1.4508146050132782,-3.2086115392050694,2232.5
1787,1.4612149076037777,-1.3099287122291292,1.869537731861112,-0.5625335369883563,1.4508146469901673,-3.0645986703763035,2233.75
1788,1.4612149430842463,-1.3099287424013912,1.8695376932037233,-0.5625334684027472,1.4508146830828115,-2.930585801547355,2235.0
1789,1.4612149622370596,-1.309928775948993,1.8695376561041293,-0.5625333978831042,1.450814702867218,-2.8065729327181925,2236.25
1790,1.4612149798454515,-1.3099288067914163,1.8695376219961202,-0.562533333049939,1.4508147210562734,-2.692560063888903,2237.5
1791,1.4612149844556337,-1.309928837503355,1.8695375917779204,-0.5625332721450148,1.4508147262134188,-2.588547195059432,2238.75
1792,1.46121498533505,-1.309928866001588,1.8695375647227668,-0.5625332165909493,1.450814727592157,-2.4945343262298953,2240.0
1793,1.461214986120924,-1.3099288914685046,1.8695375405454229,-0.5625331669460822,1.450814728824241,-2.410521457400286,2241.25
1794,1.4612149801944292,-1.3099289142697184,1.8695375208203162,-0.5625331243722482,1.450814723281221,-2.3365085885707244,2242.5
1795,1.4612149714572138,-1.3099289341897116,1.8695375046193603,-0.562533088184572,1.450814714870418,-2.2724957197412046,2243.75
1796,1.4612149640849137,-1.3099289509978302,1.869537490949293,-0.5625330576500834,1.4508147077735387,-2.218482850911752,2245.0
1797,1.4612149580775289,-1.3099289646940737,1.8695374798101145,-0.5625330327687824,1.450814701990583,-2.174469982082351,2246.25
1798,1.4612149534350598,-1.309928975278445,1.8695374712018271,-0.5625330135406692,1.4508146975215512,-2.140457113252938,2247.5
1799,1.4612149501575062,-1.3099289827509437,1.8695374651244312,-0.5625329999657437,1.4508146943664433,-2.1164442444234854,2248.75
1800,1.461214948244868,-1.30992898711157,1.8695374615779266,-0.5625329920440059,1.4508146925252592,-2.102431375594078,2250.0
1801,1.4615466945163247,-1.3072369668079669,1.8659419082124804,-0.5616297967462867,1.4511516370893247,-2.096423405922155,2251.25
1802,1.4620122255088646,-1.3034593322418797,1.860896379826017,-0.5603623776154034,1.4516244613816534,-2.0999263695519716,2252.5
1803,1.4620422807442324,-1.3032154482936102,1.8605706485079447,-0.5602805630737946,1.4516549835584411,-2.1112536529254755,2253.75
1804,1.4620422825729134,-1.3032154422418751,1.8605706552262236,-0.5602805799836896,1.4516549779756012,-2.1322954382639625,2255.0
1805,1.4620422852706652,-1.303215433314084,1.8605706651373293,-0.5602806049299252,1.451654969739545,-2.1633372236025212,2256.25
1806,1.4620422888374882,-1.3032154215102367,1.8605706782412628,-0.5602806379125014,1.4516549588502734,-2.2043790089410096,2257.5
1807,1.4620422931822161,-1.3032154067367763,1.8605706941794837,-0.5602806774241825,1.4516549445912852,-2.255420787582862,2258.75
1808,1.4620422981454415,-1.3032153888301121,1.8605707123250719,-0.560280720829508,1.4516549257097489,-2.3164625507196805,2260.0
1809,1.4620423034127519,-1.30321536794032,1.8605707333644548,-0.5602807705709635,1.4516549053407342,-2.3875043125940008,2261.25
1810,1.4620423025932532,-1.3032153434444116,1.8605707563075322,-0.5602808169225166,1.451654903645462,-2.4685460591284905,2262.5
1811,1.462042301686855,-1.3032153159209146,1.8605707820677577,-0.5602808689470559,1.4516549018562108,-2.559587801040363,2263.75
1812,1.4620423007063452,-1.3032152853653678,1.8605708106326595,-0.5602809266027851,1.4516549000765786,-2.6606295351413265,2265.0
1813,1.4620422846762298,-1.3032152552765666,1.8605708436484187,-0.5602809894849801,1.4516548835148777,-2.771671258257181,2266.25
1814,1.4620422661217292,-1.303215222731191,1.8605708797575198,-0.5602810580064109,1.4516548644081264,-2.892712974129721,2267.5
1815,1.4620422367334265,-1.3032151913223018,1.860570917947563,-0.5602811274024716,1.4516548344302367,-3.023754683527999,2268.75
1816,1.4620421965367356,-1.3032151610390337,1.8605709582197987,-0.5602811976812432,1.451654793605316,-3.1647963899645672,2270.0
1817,1.4620421451209709,-1.3032151341246836,1.8605709985746037,-0.5602812645915993,1.4516547415928516,-3.315838092983176,2271.25
1818,1.4620420817438555,-1.303215111068503,1.8605710387660108,-0.5602813273927285,1.4516546776576333,-3.4768797894274375,2272.5
1819,1.4620420073717342,-1.3032150971640981,1.8605710735174275,-0.5602813755215134,1.4516546028611914,-3.642785834096102,2273.75
1820,1.4620419336859503,-1.3032150877574455,1.8605711038242394,-0.5602814147117716,1.4516545288316185,-3.799494839114078,2275.0
1821,1.4620418594464915,-1.3032150909433662,1.8605711224071564,-0.5602814295786224,1.451654454467731,-3.9462038441322655,2276.25
1822,1.4620417898920701,-1.3032150947684222,1.8605711390243698,-0.5602814418738905,1.4516543848114591,-4.082912849150618,2277.5
1823,1.4620417257276144,-1.3032151080952477,1.8605711451063136,-0.5602814341682948,1.4516543207247743,-4.20962185416918,2278.75
1824,1.46204166665788,-1.303215121367233,1.860571149758394,-0.5602814251240189,1.4516542617442205,-4.326330859187873,2280.0
1825,1.462041614915137,-1.3032151374739906,1.8605711496042228,-0.560281408490292,1.4516542101581345,-4.4330398642067195,2281.25
1826,1.4620415701895628,-1.3032151558723792,1.860571145246522,-0.5602813854108978,1.451654165646421,-4.529748869225649,2282.5
1827,1.4620415300887468,-1.3032151723683159,1.8605711413394146,-0.5602813647179807,1.4516541257373516,-4.61645787424463,2283.75
1828,1.4620414967567044,-1.3032151885770544,1.8605711357349224,-0.5602813426632118,1.4516540926084578,-4.693166879263639,2285.0
1829,1.4620414713168217,-1.3032152053449282,1.8605711273075802,-0.5602813172826012,1.4516540674006866,-4.759875884282644,2286.25
1830,1.4620414496904994,-1.3032152195992166,1.8605711201435362,-0.5602812957066657,1.4516540459716814,-4.8165848893014775,2287.5
1831,1.4620414318777377,-1.3032152313399181,1.8605711142427883,-0.5602812779354045,1.4516540283214416,-4.863293894320335,2288.75
1832,1.4620414178785366,-1.3032152405670356,1.8605711096053406,-0.5602812639688188,1.4516540144499677,-4.900002899339147,2290.0
1833,1.4620414076928958,-1.303215247280569,1.8605711062311925,-0.5602812538069087,1.4516540043572599,-4.926711904357998,2291.25
1834,1.4620414013208156,-1.303215251480518,1.860571104120344,-0.5602812474496743,1.4516539980433179,-4.9434209093768615,2292.5
1835,1.4622336491968684,-1.3016359281152676,1.8584495454253926,-0.5597392069689192,1.451849349914209,-4.951478267225823,2293.75
1836,1.4627384814642117,-1.2974887750021935,1.8528785440661286,-0.5583158705885286,1.4523623322373092,-4.950677721571092,2295.0
1837,1.462857390417233,-1.2965119704683057,1.8515663761229644,-0.5579806285536051,1.4524831573799588,-4.94141868682857,2296.25
1838,1.4628573963708185,-1.2965119661360731,1.851566379084379,-0.5579806375235221,1.4524831562280986,-4.923097088973525,2297.5
1839,1.462857405573894,-1.296511959439291,1.8515663836621448,-0.5579806513892551,1.452483154447549,-4.894775491118434,2298.75
1840,1.46285741802646,-1.2965119503779596,1.851566389856262,-0.5579806701508039,1.4524831520383092,-4.856453893263354,2300.0
1841,1.4628574337332256,-1.296511938961567,1.851566397701826,-0.5579806939525777,1.452483149036824,-4.808132295823847,2301.25
1842,1.462857452874195,-1.296511925552768,1.8515664085402204,-0.5579807283140255,1.452483146836021,-4.749810711192931,2302.5
1843,1.462857475297135,-1.2965119098448548,1.851566421237,-0.557980768567194,1.452483144257862,-4.681489126561971,2303.75
1844,1.462857509381338,-1.2965118945129732,1.8515664270826835,-0.5579807933713757,1.4524831731236725,-4.603167555277677,2305.0
1845,1.4628575500055079,-1.2965118779196096,1.8515664314003193,-0.5579808157659475,1.4524832140005595,-4.514845988494441,2306.25
1846,1.462857595264273,-1.2965118594345153,1.8515664361698774,-0.5579808405708044,1.4524832597912525,-4.416524433031237,2307.5
1847,1.462857648214533,-1.2965118445509187,1.8515664349773138,-0.5579808550672831,1.452483312911172,-4.3082028853722125,2308.75
1848,1.4628577076863554,-1.2965118311925936,1.8515664302628099,-0.5579808641087736,1.452483372345494,-4.189881345530882,2310.0
1849,1.4628577722715224,-1.2965118196045837,1.8515664223792234,-0.557980868247701,1.4524834369228277,-4.0615598131381585,2311.25
1850,1.4628578421515848,-1.296511815777344,1.8515664056100118,-0.5579808558060364,1.452483506904436,-3.923238285454892,2312.5
1851,1.4628579157408672,-1.2965118147396413,1.8515663851160138,-0.557980836876632,1.452483580653391,-3.7749167594427657,2313.75
1852,1.4628579896624356,-1.296511824203008,1.8515663545780794,-0.5579807974037552,1.4524836549218163,-3.6165952402885977,2315.0
1853,1.4628580616863434,-1.2965118402688152,1.8515663183395081,-0.5579807456126196,1.4524837274042492,-3.450252684067277,2316.25
1854,1.4628581239874763,-1.2965118629663301,1.8515662786562643,-0.557980683673725,1.4524837902570045,-3.290828267403317,2317.5
1855,1.4628581718853253,-1.2965118911602753,1.8515662379697753,-0.557980615130495,1.4524838387681194,-3.1414038507392026,2318.75
1856,1.4628582113436004,-1.2965119209184732,1.851566198264494,-0.5579805459432815,1.452483878846616,-3.0019794340749026,2320.0
1857,1.4628582374332182,-1.2965119528778875,1.851566160375555,-0.5579804762747314,1.4524839055626075,-2.8725550174103915,2321.25
1858,1.4628582556216843,-1.296511984789179,1.851566124838086,-0.5579804089490752,1.4524839243573298,-2.7531306007457776,2322.5
1859,1.4628582688717593,-1.2965120147954035,1.851566092546496,-0.5579803467393656,1.452483938168071,-2.643706184081009,2323.75
1860,1.4628582697919512,-1.296512044556549,1.8515660640854512,-0.5579802885168423,1.4524839396145386,-2.544281767416104,2325.0
1861,1.462858270619591,-1.2965120713243459,1.8515660384869823,-0.557980236150277,1.4524839409155224,-2.4548573507511366,2326.25
1862,1.4628582704129078,-1.296512095150374,1.8515660159770853,-0.5579801898073146,1.452483941127862,-2.375432934086102,2327.5
1863,1.4628582610725127,-1.296512116478195,1.8515659984993285,-0.5579801509297263,1.4524839321402223,-2.3060085174211045,2328.75
1864,1.4628582530775225,-1.2965121347339237,1.8515659835390945,-0.5579801176521257,1.4524839244471761,-2.2465841007562375,2330.0
1865,1.4628582464279372,-1.2965121499175571,1.8515659710963803,-0.5579800899745125,1.4524839180487232,-2.197159684091422,2331.25
1866,1.4628582411237567,-1.2965121620290987,1.8515659611711897,-0.5579800678968873,1.452483912944864,-2.157735267426588,2332.5
1867,1.4628582371649812,-1.2965121710685488,1.8515659537635225,-0.5579800514192497,1.452483909135598,-2.128310850761743,2333.75
1868,1.4628582345516106,-1.2965121770359074,1.8515659488733793,-0.5579800405416,1.4524839066209256,-2.108886434096915,2335.0
1869,1.4629338223659143,-1.2958835447305568,1.8507166776097252,-0.5577594778686055,1.4525607514704109,-2.0987954082153615,2336.25
1870,1.463419257357616,-1.2918464353711177,1.8452626553348004,-0.5563430550140048,1.4530542586901225,-2.0968804097965528,2337.5
1871,1.4636630769287418,-1.2898187193220405,1.8425232731346517,-0.5556316363559448,1.4533021302677707,-2.1040994087827016,2338.75
1872,1.4636630782760602,-1.2898187148972482,1.8425232780771332,-0.5556316487397736,1.4533021262171695,-2.1196816078560445,2340.0
1873,1.463663080488031,-1.28981870763281,1.8425232861914922,-0.5556316690710227,1.4533021195670632,-2.1452638069294028,2341.25
1874,1.4636630835646542,-1.2898186975287265,1.8425232974777277,-0.5556316973496923,1.4533021103174515,-2.1808460060027755,2342.5
1875,1.46366308750593,-1.289818684584997,1.8425233119358402,-0.5556317335757824,1.4533020984683345,-2.2264282050761066,2343.75
1876,1.4636630920794804,-1.289818668557436,1.8425233286342892,-0.5556317738533265,1.4533020821704818,-2.2820103864227503,2345.0
1877,1.4636630973938436,-1.2898186495600956,1.8425233480081753,-0.5556318200020358,1.453302062287622,-2.3475925620269456,2346.25
1878,1.4636630997732005,-1.2898186273039929,1.842523369770687,-0.5556318675614297,1.4533020509962347,-2.4231747288248098,2347.5
1879,1.4636630989182027,-1.2898186017601916,1.8425233938766263,-0.5556319160818405,1.4533020492253126,-2.5087568878270745,2348.75
1880,1.4636630979947616,-1.2898185732205578,1.8425234207680132,-0.555631970167213,1.4533020475054852,-2.6043390364895718,2350.0
1881,1.4636630909934567,-1.2898185430896159,1.8425234511207473,-0.5556320296989417,1.453302039813801,-2.7099211783841346,2351.25
1882,1.4636630735193092,-1.2898185123936103,1.8425234854215846,-0.5556320945617312,1.4533020218115573,-2.825503311914888,2352.5
1883,1.463663054533741,-1.2898184790427765,1.8425235226935692,-0.5556321650506816,1.4533020022550047,-2.951085436985023,2353.75
1884,1.4636630167072082,-1.2898184501639194,1.842523561234431,-0.5556322322061573,1.453301963826414,-3.086667555867049,2355.0
1885,1.4636629757918997,-1.289818419277963,1.8425236025886451,-0.5556323041605976,1.4533019222643495,-3.2322496745565856,2356.25
1886,1.463662916119127,-1.2898183967882775,1.8425236414520934,-0.5556323650879382,1.4533018620473932,-3.3878317865887375,2357.5
1887,1.4636628498059951,-1.2898183757431478,1.8425236808868448,-0.5556324250935811,1.4533017951993763,-3.5531221418261216,2358.75
1888,1.4636627746169184,-1.2898183660927836,1.842523712086303,-0.5556324654024588,1.4533017196553362,-3.715288103169696,2360.0
1889,1.463662701880935,-1.289818362026643,1.8425237372572907,-0.5556324941150884,1.4533016466691868,-3.867454064513396,2361.25
1890,1.4636626305595173,-1.2898183659177354,1.8425237544475523,-0.5556325068981618,1.4533015752418348,-4.009620025857295,2362.5
1891,1.4636625643758525,-1.2898183734429483,1.8425237666773213,-0.5556325111229053,1.453301509029114,-4.141785987201432,2363.75
1892,1.4636625034081783,-1.2898183871294409,1.842523771520658,-0.5556325018362078,1.453301448154159,-4.26395194854573,2365.0
1893,1.4636624474310655,-1.2898183996956094,1.8425237759675326,-0.5556324933096786,1.453301392262176,-4.376117909890132,2366.25
1894,1.4636624006229424,-1.2898184184775001,1.842523771818371,-0.5556324700362056,1.4533013456716093,-4.478283871234652,2367.5
1895,1.4636623585948612,-1.2898184357694609,1.8425237676858668,-0.555632448304191,1.45330130384644,-4.570449832579298,2368.75
1896,1.4636623211268232,-1.2898184511852424,1.8425237640017358,-0.5556324289300975,1.4533012665592984,-4.65261579392402,2370.0
1897,1.463662292854824,-1.289818468224444,1.8425237560803844,-0.5556324037614212,1.453301238519448,-4.724781755268687,2371.25
1898,1.4636622694798218,-1.2898184836418272,1.8425237482668517,-0.5556323803581272,1.4533012153599032,-4.78694771661329,2372.5
1899,1.463662249864916,-1.2898184965791726,1.8425237417101994,-0.5556323607194802,1.4533011959257967,-4.83911367795781,2373.75
1900,1.4636622340101066,-1.2898185070364812,1.842523736410429,-0.5556323448454805,1.4533011802171283,-4.881279639302294,2375.0
1901,1.463662221915394,-1.289818515013754,1.842523732367542,-0.5556323327361288,1.453301168233898,-4.9134456006467895,2376.25
1902,1.4636622135807782,-1.2898185205109913,1.842523729581539,-0.555632324391425,1.4533011599761063,-4.935611561991353,2377.5
1903,1.4636713436561968,-1.2897416174623362,1.8424192468849703,-0.5556047538925163,1.4533104464826962,-4.947873890024843,2378.75
1904,1.4640774387277076,-1.2863226378385229,1.8377743727930418,-0.5543792676572162,1.4537234940712669,-4.952445769122412,2380.0
1905,1.4644536614652792,-1.283155183177713,1.833471213762608,-0.5532439419616396,1.454106155872546,-4.94733359235821,2381.25
1906,1.4644561970428858,-1.2831338675741295,1.8334422614772827,-0.5532363089829037,1.4541087298885558,-4.934488481937912,2382.5
1907,1.464456204373872,-1.28313386224914,1.8334422651411826,-0.5532363200290578,1.4541087285141427,-4.911671261612509,2383.75
1908,1.4644562149177767,-1.2831338545903916,1.833442270410843,-0.5532363359163597,1.4541087265373722,-4.878854041287147,2385.0
1909,1.4644562286745992,-1.2831338445978842,1.8334422772862642,-0.5532363566448096,1.4541087239582438,-4.836036820961822,2386.25
1910,1.4644562457277646,-1.283133832443459,1.8334422864007782,-0.5532363848074472,1.4541087214304733,-4.783219610728251,2387.5
1911,1.464456266108522,-1.283133818191482,1.8334422979916152,-0.5532364213755583,1.4541087191989246,-4.720402411402447,2388.75
1912,1.4644562922233069,-1.2831338024732897,1.8334423088073586,-0.5532364573707284,1.4541087260932701,-4.647585216289867,2390.0
1913,1.4644563297822328,-1.283133787129704,1.8334423128381445,-0.5532364781269288,1.454108763859564,-4.564768033512939,2391.25
1914,1.4644563718964059,-1.2831337699258578,1.833442317334062,-0.5532365013163849,1.4541088063518917,-4.471950857699346,2392.5
1915,1.4644564190721967,-1.283133751762466,1.83344232122883,-0.5532365248261664,1.4541088540046705,-4.369133688937012,2393.75
1916,1.4644564749909117,-1.2831337392128463,1.8334423167585696,-0.5532365332890423,1.4541089098897886,-4.256316530537902,2395.0
1917,1.464456535865422,-1.2831337255500666,1.8334423118891172,-0.5532365424897354,1.4541089707222494,-4.1334993804328795,2396.25
1918,1.4644566019385543,-1.283133718769136,1.833442298931464,-0.5532365367810934,1.454109036851974,-4.000682236275154,2397.5
1919,1.4644566730901163,-1.2831337149007558,1.833442281705052,-0.5532365239391976,1.4541091081082145,-3.8578650940890933,2398.75
1920,1.464456745258688,-1.2831337198274724,1.8334422557845627,-0.553236493614977,1.4541091805413462,-3.705047956516899,2400.0
1921,1.4644568202274997,-1.2831337294719463,1.8334422245375812,-0.5532364532664854,1.4541092558660826,-3.5422308252706167,2401.25
1922,1.4644568850784874,-1.2831337512231087,1.833442184708372,-0.5532363921527377,1.4541093212633354,-3.37741585621906,2402.5
1923,1.4644569430443435,-1.2831337741787507,1.833442145753573,-0.5532363306585846,1.4541093797799207,-3.2224896858458614,2403.75
1924,1.4644569834949146,-1.283133804739961,1.8334421046880895,-0.5532362593191341,1.454109420873269,-3.077563515472492,2405.0
1925,1.4644570197834381,-1.2831338337565101,1.8334420663207236,-0.5532361921925495,1.4541094577668685,-2.9426373450989387,2406.25
1926,1.4644570385498712,-1.283133866725588,1.833442029331796,-0.5532361223635998,1.4541094771654914,-2.8177111747251598,2407.5
1927,1.4644570558141026,-1.2831338970555737,1.8334419953037235,-0.5532360581242678,1.4541094950113076,-2.7027850043512345,2408.75
1928,1.4644570617279524,-1.2831339269563817,1.8334419650223177,-0.5532359979783561,1.454109501471168,-2.5978588339771838,2410.0
1929,1.464457062597363,-1.2831339550129737,1.833441937984416,-0.5532359428839031,1.4541095028413906,-2.5029326636030302,2411.25
1930,1.4644570633751848,-1.2831339801139385,1.8334419137948181,-0.5532358935933768,1.4541095040672667,-2.4180064932288343,2412.5
1931,1.4644570585320282,-1.283134002559882,1.833441893792208,-0.5532358511045884,1.4541094996111352,-2.3430803228546284,2413.75
1932,1.4644570499199239,-1.2831340222501202,1.8334418775282053,-0.5532358150833283,1.4541094913277965,-2.2781541524804947,2415.0
1933,1.464457042634265,-1.283134038907645,1.8334418637692007,-0.5532357846101021,1.4541094843202669,-2.223227982106447,2416.25
1934,1.4644570366750522,-1.2831340525324566,1.8334418525151936,-0.5532357596849098,1.4541094785885464,-2.1783018117324318,2417.5
1935,1.4644570320422852,-1.2831340631245562,1.8334418437661868,-0.5532357403077514,1.4541094741326348,-2.1433756413584337,2418.75
1936,1.464457028735964,-1.2831340706839447,1.8334418375221804,-0.5532357264786271,1.454109470952532,-2.118449470984367,2420.0
1937,1.4644570267560881,-1.2831340752106215,1.8334418337831744,-0.5532357181975369,1.4541094690482377,-2.1035233006103455,2421.25
1938,1.4647235597588488,-1.2808623674687365,1.8303384944476904,-0.5524043535267679,1.4543806982653942,-2.096794518681371,2422.5
1939,1.4651852254229354,-1.2769275203695774,1.8249631797099763,-0.5509643487793527,1.4548504972555332,-2.099350843476813,2423.75
1940,1.4652403369477374,-1.2764578010676755,1.8243215128689112,-0.5507924584454083,1.454906576199267,-2.1099144256336184,2425.0
1941,1.4652403386706125,-1.2764577954516216,1.8243215191842108,-0.5507924741950503,1.454906571093246,-2.1299480302908527,2426.25
1942,1.4652403412534802,-1.276457787032251,1.8243215286518635,-0.5507924978063039,1.4549065634384974,-2.1599816349481022,2427.5
1943,1.4652403446963402,-1.2764577758095634,1.824321541271869,-0.5507925292791691,1.4549065532350207,-2.2000152396053094,2428.75
1944,1.465240348942608,-1.2764577617226542,1.8243215568130309,-0.5507925676518335,1.45490654002694,-2.250048840369715,2430.0
1945,1.4652403537888492,-1.276457744552555,1.8243215744441446,-0.5507926094663662,1.4549065221752784,-2.3100824255630306,2431.25
1946,1.465240359442345,-1.2764577245223732,1.824321595012133,-0.5507926582460888,1.4549065013500044,-2.3801160107564754,2432.5
1947,1.465240358833709,-1.2764577009535043,1.8243216174747878,-0.5507927034985054,1.4549064991565528,-2.4601495797677444,2433.75
1948,1.4652403579545448,-1.2764576744166858,1.82432164270418,-0.5507927540693187,1.454906497393576,-2.5501831449601027,2435.0
1949,1.465240357005363,-1.2764576449225253,1.824321670707833,-0.5507928101637699,1.454906495664165,-2.6502167009760518,2436.25
1950,1.4652403430397316,-1.2764576154928744,1.8243217029343204,-0.5507928714657342,1.4549064811396506,-2.7602502471808945,2437.5
1951,1.4652403251388337,-1.276457584010923,1.8243217383855153,-0.5507929382653669,1.4549064626926096,-2.8802837859082517,2438.75
1952,1.4652402984469357,-1.2764575529095867,1.8243217760694712,-0.5507930068607263,1.4549064354169143,-3.0103173177646907,2440.0
1953,1.465240259629108,-1.2764575235602165,1.8243218156546028,-0.5507930755202327,1.4549063959791075,-3.1503508459620235,2441.25
1954,1.465240211551874,-1.2764574963959732,1.8243218558778478,-0.550793142563575,1.4549063472976846,-3.3003843713655403,2442.5
1955,1.465240150299188,-1.2764574740010899,1.8243218954179434,-0.5507932040552899,1.4549062854934098,-3.460417890110758,2443.75
1956,1.4652400790588425,-1.276457459009801,1.8243219308101295,-0.5507932539207983,1.4549062138090476,-3.626655854942292,2445.0
1957,1.4652400069394291,-1.2764574497125827,1.8243219610046215,-0.5507932928868691,1.4549061413451745,-3.78436776211754,2446.25
1958,1.465239934820579,-1.2764574514646707,1.824321980609448,-0.5507933102115525,1.4549060690791884,-3.9320796692929414,2447.5
1959,1.4652398666840576,-1.2764574551571808,1.824321997179306,-0.5507933225895586,1.4549060008400367,-4.069791576468564,2448.75
1960,1.4652398037593173,-1.2764574670898674,1.8243220043137784,-0.5507933173283286,1.454905937972716,-4.197503483644368,2450.0
1961,1.4652397458236508,-1.2764574800858497,1.8243220089567993,-0.5507933085486213,1.4549058801258015,-4.315215390820363,2451.25
1962,1.4652396945767991,-1.2764574950837004,1.8243220097072268,-0.5507932939229535,1.4549058290200008,-4.422927297996425,2452.5
1963,1.465239650634378,-1.2764575131655147,1.824322005346318,-0.5507932711547542,1.4549057852917775,-4.520639205172606,2453.75
1964,1.4652396111890982,-1.2764575293968021,1.8243220014317059,-0.550793250716689,1.4549057460387738,-4.60835111234888,2455.0
1965,1.4652395777514131,-1.2764575449195883,1.8243219964231292,-0.5507932299372706,1.4549057127955751,-4.686063019525193,2456.25
1966,1.4652395526429596,-1.2764575614892135,1.8243219879531278,-0.5507932047103006,1.4549056879209086,-4.753774926701465,2457.5
1967,1.4652395312426354,-1.276457575611761,1.824321980734014,-0.5507931832089632,1.454905666719845,-4.811486833877638,2458.75
1968,1.4652395135504412,-1.2764575872872297,1.8243219747657853,-0.5507931654332577,1.4549056491923844,-4.859198741053734,2460.0
1969,1.465239499566377,-1.2764575965156217,1.8243219700484454,-0.5507931513831853,1.4549056353385272,-4.896910648229842,2461.25
1970,1.4652394892904421,-1.2764576032969372,1.8243219665819939,-0.5507931410587459,1.4549056251582728,-4.9246225554059615,2462.5
1971,1.4652394827226372,-1.2764576076311764,1.8243219643664312,-0.5507931344599393,1.4549056186516214,-4.942334462582093,2463.75
1972,1.4653774136124362,-1.2752674693003618,1.8226872467701596,-0.5503486928165343,1.4550460497965638,-4.951165435848469,2465.0
1973,1.4658555123823063,-1.2711422775565306,1.817021092952665,-0.548808207942334,1.4555328142674349,-4.951413984747563,2466.25
1974,1.4660123897691508,-1.2697887100556686,1.8151619054524981,-0.5483027452431801,1.4556925320201217,-4.942957747406295,2467.5
1975,1.4660123952414488,-1.2697887060881803,1.8151619082014605,-0.5483027534910784,1.4556925310237927,-4.925732770829997,2468.75
1976,1.466012403890702,-1.2697886998173573,1.8151619125463392,-0.5483027665273131,1.4556925294490428,-4.898507794253739,2470.0
1977,1.4660124157169108,-1.2697886912431997,1.8151619184871342,-0.5483027843518842,1.4556925272958718,-4.861282817677492,2471.25
1978,1.4660124307200748,-1.2697886803657077,1.8151619260238454,-0.5483028069647917,1.4556925245642798,-4.814057841101228,2472.5
1979,1.4660124490623998,-1.269788667526599,1.8151619364108789,-0.5483028394754617,1.4556925225411719,-4.756832886192139,2473.75
1980,1.46601247062548,-1.269788652476425,1.8151619487325432,-0.548302878154113,1.4556925202871318,-4.68960793314595,2475.0
1981,1.466012502302654,-1.2697886374327976,1.815161955526233,-0.54830290469852,1.455692544075583,-4.612382991572715,2476.25
1982,1.4660125413178584,-1.2697886214932084,1.8151619597506505,-0.5483029262987054,1.455692583303978,-4.525158055017221,2477.5
1983,1.466012584842002,-1.2697886037124668,1.8151619644199877,-0.5483029502423369,1.4556926273305688,-4.427933131081701,2478.75
1984,1.4660126353428233,-1.2697885885454907,1.8151619642646861,-0.5483029661749459,1.4556926780551485,-4.320708213782773,2480.0
1985,1.4660126926511987,-1.2697885756926808,1.8151619596417463,-0.5483029747997746,1.4556927353265317,-4.203483304533389,2481.25
1986,1.46601275489694,-1.2697885633636503,1.8151619530499292,-0.5483029809631299,1.4556927975487481,-4.076258403150031,2482.5
1987,1.4660128223286408,-1.2697885597196332,1.8151619365767429,-0.5483029686291703,1.4556928650813155,-3.9390335072214504,2483.75
1988,1.466012893990868,-1.2697885573742727,1.815161917600554,-0.5483029525248215,1.4556929368779372,-3.7918086123259167,2485.0
1989,1.4660129653972764,-1.2697885665965283,1.8151618875693019,-0.5483029137951817,1.4556930086272983,-3.6345837243818533,2486.25
1990,1.466013036682967,-1.2697885808515164,1.815161852730791,-0.5483028652235706,1.4556930803459829,-3.468484146659338,2487.5
1991,1.4660130977020298,-1.2697886031816275,1.8151618131633989,-0.5483028037705716,1.455693141917465,-3.307968378733997,2488.75
1992,1.466013146375451,-1.26978862976028,1.8151617731654563,-0.5483027375466638,1.455693191188842,-3.1574526108085577,2490.0
1993,1.4660131850626628,-1.2697886590301048,1.8151617335365555,-0.5483026689265169,1.4556932304974677,-3.0169368428829415,2491.25
1994,1.4660132124863243,-1.269788689718912,1.8151616958793917,-0.5483026007758856,1.4556932585400026,-2.886421074957142,2492.5
1995,1.4660132303463986,-1.2697887211271635,1.8151616603634566,-0.5483025339764658,1.4556932770080828,-2.765905307031157,2493.75
1996,1.4660132450026668,-1.2697887503153622,1.815161627933119,-0.5483024724595823,1.455693292224554,-2.6553895391050175,2495.0
1997,1.4660132459138389,-1.2697887796472922,1.8151615994369534,-0.5483024146319018,1.4556932936643325,-2.55487377117876,2496.25
1998,1.466013246734361,-1.2697888060610758,1.8151615737757776,-0.5483023625573162,1.4556932949608714,-2.4643580032524506,2497.5
1999,1.4660132474642336,-1.2697888295567161,1.815161550949595,-0.548302316235826,1.4556932961141718,-2.383842235326085,2498.75
2000,1.4660132384752438,-1.2697888506544845,1.8151615333104596,-0.5483022774282074,1.4556932874814166,-2.3133264673997225,2500.0
2001,1.4660132305596933,-1.2697888687712087,1.8151615182219474,-0.5483022441607996,1.4556932798712767,-2.252810699473476,2501.25
2002,1.4660132239521575,-1.2697888838942109,1.815161505626751,-0.5483022163907038,1.4556932735186834,-2.2022949315472893,2502.5
2003,1.466013218652636,-1.2697888960234933,1.8151614955248743,-0.5483021941179202,1.4556932684236363,-2.1617791636211328,2503.75
2004,1.466013214661129,-1.2697889051590567,1.815161487916317,-0.5483021773424492,1.4556932645861362,-2.1312633956949365,2505.0
2005,1.466013211977637,-1.269788911300901,1.8151614828010798,-0.5483021660642906,1.4556932620061829,-2.1107476277687574,2506.25
2006,1.4660526344018558,-1.2694445505014476,1.8146859267026667,-0.54817100996535,1.4557334193948526,-2.0998270981352336,2507.5
2007,1.4664895077910138,-1.2656284951992764,1.809416100843959,-0.5467176739576718,1.456178436606226,-2.0967772269839666,2508.75
2008,1.466775890284353,-1.2631269709762758,1.805961597684517,-0.545764981050923,1.4564701554819746,-2.1031441844665646,2510.0
2009,1.4667758915155502,-1.2631269669921905,1.8059616021972744,-0.5457649922510904,1.4564701518811936,-2.1175424026738634,2511.25
2010,1.4667758936018511,-1.263126960241037,1.8059616098442788,-0.5457650112301143,1.4564701457795604,-2.1419406208811482,2512.5
2011,1.4667758965432558,-1.2631269507228153,1.80596162062553,-0.5457650379879948,1.4564701371770759,-2.1763388390884204,2513.75
2012,1.4667759003397642,-1.2631269384375254,1.8059616345410285,-0.5457650725247319,1.4564701260737392,-2.2207370572956786,2515.0
2013,1.4667759048083084,-1.2631269231832614,1.8059616508284204,-0.5457651116861738,1.456470110976582,-2.2751352703916092,2516.25
2014,1.4667759099850197,-1.263126904999872,1.8059616696381657,-0.5457651560948323,1.4564700921802605,-2.339533480560987,2517.5
2015,1.4667759131061284,-1.2631268837199365,1.8059616909563816,-0.5457652032018471,1.4564700790808527,-2.4139316839034852,2518.75
2016,1.4667759122825268,-1.2631268591631237,1.80596171451063,-0.545765250234075,1.4564700773703199,-2.4983298775335445,2520.0
2017,1.466775911386588,-1.2631268316874884,1.8059617408296982,-0.545765302752397,1.4564700756692446,-2.5927280621875877,2521.25
2018,1.4667759063683752,-1.2631268022384985,1.8059617703737154,-0.5457653606739203,1.4564700699356163,-2.6971262399346916,2522.5
2019,1.4667758895356846,-1.2631267726103543,1.8059618040055856,-0.5457654237997052,1.4564700525816374,-2.8115244090793743,2523.75
2020,1.4667758712320265,-1.263126740393352,1.805961840581215,-0.5457654924592659,1.4564700337142,-2.935922568569484,2525.0
2021,1.4667758366878052,-1.263126711662436,1.8059618786216745,-0.5457655589822275,1.4564699985747667,-3.070320722549946,2526.25
2022,1.4667757971995663,-1.2631266817702846,1.805961919255466,-0.5457656292245116,1.4564699584488046,-3.214718875525876,2527.5
2023,1.4667757414317162,-1.2631266587498844,1.8059619580909054,-0.5457656906724185,1.4564699021263876,-3.369117022865279,2528.75
2024,1.4667756790007587,-1.2631266367662126,1.8059619979064765,-0.5457657520136706,1.4564698391429127,-3.5328585068747005,2530.0
2025,1.466775607153938,-1.2631266274722286,1.8059620282606716,-0.5457657911314397,1.4564697669489604,-3.692131583104505,2531.25
2026,1.466775538664717,-1.2631266214026189,1.8059620545002162,-0.5457658229343861,1.4564696981791392,-3.8414046593344917,2532.5
2027,1.4667754706904357,-1.263126625066467,1.8059620711808402,-0.5457658354467285,1.4564696301010507,-3.9806777355646568,2533.75
2028,1.4667754076331077,-1.2631266296341903,1.8059620855253058,-0.5457658447552803,1.456469566968501,-4.109950811794976,2535.0
2029,1.4667753497263654,-1.2631266426152963,1.8059620902074647,-0.5457658360245395,1.456469509151113,-4.229223888025516,2536.25
2030,1.4667752966745946,-1.263126654508046,1.8059620944970582,-0.5457658280257919,1.456469456181205,-4.338496964256205,2537.5
2031,1.4667752508392402,-1.2631266694667422,1.8059620936771847,-0.5457658119044578,1.4564694105010307,-4.437770040487019,2538.75
2032,1.4667752112379433,-1.263126685763201,1.8059620897100748,-0.545765791344036,1.456469371094615,-4.527043116717855,2540.0
2033,1.4667751760726193,-1.263126700234194,1.8059620861873382,-0.5457657730867064,1.456469336102343,-4.606316192948755,2541.25
2034,1.466775146010996,-1.2631267133851871,1.8059620824219027,-0.5457657559447706,1.4564693062027243,-4.675589269179585,2542.5
2035,1.466775124331295,-1.2631267276977574,1.8059620750405376,-0.5457657340871911,1.4564692847269187,-4.7348623454103365,2543.75
2036,1.4667751063091907,-1.263126739595644,1.8059620689044877,-0.5457657159172185,1.4564692668743107,-4.784135421641073,2545.0
2037,1.4667750919446831,-1.263126749078847,1.8059620640137517,-0.545765701434852,1.4564692526449,-4.8234084978717675,2546.25
2038,1.4667750812377722,-1.2631267561473658,1.8059620603683295,-0.545765690640092,1.4564692420386862,-4.8526815741024985,2547.5
2039,1.4667750741884582,-1.263126760801202,1.805962057968223,-0.545765683532939,1.4564692350556703,-4.871954650333211,2548.75
2040,1.4667750645607285,-1.263126816934447,1.8059621338246563,-0.545765703224301,1.4564692253242648,-4.881227726258232,2550.0
2041,1.4665917732251579,-1.2647108919237815,1.8082256758784285,-0.5464449873163424,1.4562819491340553,-4.88171228249669,2551.25
2042,1.4665652027634297,-1.2649405488441865,1.8085538449255663,-0.5465434729390823,1.4562548009196312,-4.8733364158533545,2552.5
2043,1.4665166658643511,-1.2653600775070244,1.809153333278245,-0.5467233842207182,1.456205208591276,-4.855000074797781,2553.75
2044,1.4664416586357065,-1.2660084024501925,1.8100797616408542,-0.5470014128318096,1.456128570339088,-4.826663733742198,2555.0
2045,1.4663401810774954,-1.2668855236736891,1.8113331300133908,-0.5473775587723557,1.456024886163068,-4.788327392686688,2556.25
2046,1.466210855008407,-1.2679920815789534,1.8129079420018712,-0.5478456829984282,1.4558928053281468,-4.739990868083126,2557.5
2047,1.4660546339542793,-1.269327632237053,1.8148079987069146,-0.5484100320951912,1.4557332623752037,-4.6816543262980055,2558.75
2048,1.4658715654037267,-1.270892157586262,1.8170334989560848,-0.5490708231185945,1.4555463038482634,-4.613317774364427,2560.0
2049,1.4656601359240495,-1.2726864502253248,1.8195786172906239,-0.549821437520605,1.4553304464770787,-4.534981003484828,2561.25
2050,1.4654216764853563,-1.274709813694523,1.822448478350634,-0.5506676967993536,1.4550869946942386,-4.446644227044691,2562.5
2051,1.4651541735118707,-1.2769633635184623,1.825635470805016,-0.551600871784558,1.454813974313328,-4.348307179878194,2563.75
2052,1.464858593902271,-1.279446591991969,1.829143315041922,-0.5526251916795827,1.4545123330619478,-4.239970014731871,2565.0
2053,1.464534134037541,-1.2821599701655892,1.8329690338792204,-0.5537372073267175,1.4541812828046485,-4.121632642866122,2566.25
2054,1.4641796535923262,-1.2851042493032325,1.8371085968507832,-0.5549321356667711,1.4538197046047543,-3.993294933826267,2567.5
2055,1.4637953577255032,-1.2882793632270593,1.841562891529032,-0.5562109306637443,1.4534277992833813,-3.8549569450070615,2568.75
2056,1.4633805608042796,-1.2916858099439672,1.8463296042729433,-0.5575707798470171,1.4530048937346138,-3.706618618149812,2570.0
2057,1.4629345599072512,-1.295324139212844,1.851406456088211,-0.5590088536043697,1.4525502975972155,-3.5482798960880757,2571.25
2058,1.462477475848467,-1.2990269452539185,1.8565579541503967,-0.5604570850191123,1.4520845357814143,-3.3872438275368983,2572.5
2059,1.4620450009464256,-1.3025070424804963,1.8613857501232696,-0.5618043473236474,1.451643968160623,-3.2359958973300667,2573.75
2060,1.461638396918386,-1.305759138042545,1.8658854306760002,-0.5630515214154643,1.4512298553981666,-3.09474763555711,2575.0
2061,1.4612576946730467,-1.3087832805681965,1.8700572706044851,-0.5641988334701203,1.4508422273161694,-2.9634990326803035,2576.25
2062,1.4609037527989561,-1.3115788493975087,1.8739041749075227,-0.565249810174917,1.4504819267915945,-2.8422501748545943,2577.5
2063,1.4605775045023375,-1.3141451038211494,1.877429141855732,-0.5662081916554385,1.450149870442236,-2.7310011487909986,2578.75
2064,1.4602789528242082,-1.3164820584235337,1.8806322222392464,-0.5670740141140487,1.4498460611290596,-2.6297519378473626,2580.0
2065,1.4600083747847186,-1.3185895174031683,1.883514364830229,-0.5678484224539899,1.4495707707661996,-2.5385025653280184,2581.25
2066,1.459766804998191,-1.320466581069201,1.8860787032072592,-0.5685354512485278,1.4493250161646036,-2.4572531196202623,2582.5
2067,1.4595538195991042,-1.3221136463642853,1.888324022848011,-0.5691334884861547,1.4491083805380958,-2.38600355431731,2583.75
2068,1.4593701922568105,-1.3235300216791783,1.890252620860196,-0.5696455238671623,1.4489216243860863,-2.324753928523071,2585.0
2069,1.4592165450719323,-1.3247151506319028,1.8918663438038075,-0.5700739611242018,1.4487653592206895,-2.2735043027289517,2586.25
2070,1.4590920746661895,-1.325669771057432,1.8931628544877466,-0.5704157242015551,1.4486387951902242,-2.232254592042307,2587.5
2071,1.458997601295415,-1.3263931301060443,1.8941445401623471,-0.5706739542505734,1.448542738737332,-2.2010048592966918,2588.75
2072,1.4589333596618346,-1.3268850122794764,1.894812083734486,-0.5708495499772052,1.4484774206122437,-2.1797551265511395,2590.0
2073,1.4588993497654477,-1.3271454175777313,1.895165485204167,-0.570942511381451,1.4484428408149594,-2.1685053938055363,2591.25
2074,1.4587161031666342,-1.3285456010190855,1.897063937848055,-0.5714405947425513,1.448256538578584,-2.1664845768124135,2592.5
2075,1.4586800451257826,-1.3288207688240545,1.8974368120252807,-0.5715382647265452,1.4482198810923972,-2.173201710976791,2593.75
2076,1.4586799246479238,-1.3288208775105566,1.8974364623864495,-0.5715378066963186,1.448219762822143,-2.1896603729329276,2595.0
2077,1.458679730969789,-1.328821052233108,1.8974359003130763,-0.571537070374802,1.4482195726929152,-2.216119034889031,2596.25
2078,1.4586794640600524,-1.3288212929662728,1.8974351257120283,-0.5715360553688935,1.4482193104603036,-2.2525776855601327,2597.5
2079,1.4586791238745207,-1.3288215996742405,1.8974341384519264,-0.5715347611244224,1.4482189757798105,-2.2990363148607993,2598.75
2080,1.458678710465664,-1.3288219723996468,1.8974329386887616,-0.5715331882999565,1.448218569060926,-2.355494944161565,2600.0
2081,1.4586785178157307,-1.3288221332481558,1.8974323923114125,-0.5715324807476012,1.4482183792136967,-2.4219535628665705,2601.25
2082,1.4586785170623982,-1.3288221095026242,1.8974324143094279,-0.5715325261672861,1.448218377873775,-2.4984121742019187,2602.5
2083,1.4586785162185836,-1.3288220826480597,1.8974324391747055,-0.571532577492617,1.4482183764222856,-2.584870780411277,2603.75
2084,1.458678513211845,-1.3288220531583943,1.8974324670918103,-0.5715326344960853,1.4482183727895799,-2.681329382654105,2605.0
2085,1.4586784964183601,-1.328822023689033,1.8974324990793145,-0.571532695836811,1.448218355468669,-2.787787975108335,2606.25
2086,1.458678478047593,-1.3288219914517678,1.8974325340724638,-0.5715327629435133,1.4482183365221362,-2.904246561066971,2607.5
2087,1.4586784475632324,-1.3288219607893828,1.8974325710772293,-0.5715328304058931,1.4482183054487732,-3.0307051395125684,2608.75
2088,1.4586784075466372,-1.3288219306377753,1.8974326103367758,-0.5715328995479158,1.4482182648207642,-3.16716371208643,2610.0
2089,1.4586783562102708,-1.328821903813013,1.897432649763147,-0.571532965450085,1.448218212902955,-3.3136222825043173,2611.25
2090,1.4586782928485542,-1.3288218807808518,1.8974326891283297,-0.5715330274135464,1.4482181489961512,-3.4700808482010896,2612.5
2091,1.4586782176010311,-1.328821866036888,1.8974327242449063,-0.571533076755558,1.4482180733173111,-3.6344045503263094,2613.75
2092,1.4586781415251435,-1.328821856362635,1.897432754920917,-0.5715331165802358,1.4482179968949969,-3.7916222043351087,2615.0
2093,1.4586780651616833,-1.3288218590069951,1.897432774313827,-0.5715331327980263,1.448217920395446,-3.9388398583440334,2616.25
2094,1.4586779933143068,-1.3288218630036277,1.8974327911679292,-0.5715331451557358,1.4482178484458705,-4.0760575123531915,2617.5
2095,1.4586779269950634,-1.3288218762388082,1.8974327979179102,-0.5715331382067663,1.4482177821958162,-4.203275166362446,2618.75
2096,1.4586778659369894,-1.3288218900033226,1.8974328026753216,-0.5715331287722765,1.4482177212284957,-4.3204928203719115,2620.0
2097,1.458677812187688,-1.3288219062776472,1.8974328030275394,-0.57153311247287,1.4482176676303027,-4.427710474381474,2621.25
2098,1.4586777659132344,-1.3288219253531575,1.8974327986582602,-0.5715330887019447,1.4482176215726978,-4.524928128391171,2622.5
2099,1.4586777243986624,-1.3288219424665177,1.8974327947384069,-0.5715330673761427,1.448217580252669,-4.612145782400923,2623.75
2100,1.4586776895481146,-1.3288219590524533,1.897432789399895,-0.5715330452055007,1.448217545603458,-4.689363436410728,2625.0
2101,1.4586776631638694,-1.3288219764689317,1.897432780874567,-0.5715330190760537,1.4482175194548867,-4.756581090420477,2626.25
2102,1.45867764070482,-1.3288219912943526,1.8974327736175556,-0.5715329968338959,1.44821749719645,-4.813798744430126,2627.5
2103,1.4586776221709665,-1.328822003528714,1.897432767628858,-0.5715329784790268,1.4482174788281479,-4.861016398439698,2628.75
2104,1.4586776075623087,-1.3288220131720185,1.897432762908478,-0.5715329640114473,1.4482174643499799,-4.898234052449284,2630.0
2105,1.4586775968788463,-1.3288220202242667,1.8974327594564153,-0.5715329534311571,1.4482174537619465,-4.92545170645888,2631.25
2106,1.4586775901205802,-1.328822024685458,1.89743275727267,-0.5715329467381566,1.4482174470640476,-4.942669360468489,2632.5
2107,1.458856897574717,-1.327421090515647,1.8955914925895816,-0.5710927996272128,1.4483993248045586,-4.951088073017719,2633.75
2108,1.4593954199533814,-1.3232136713525708,1.8900616428154207,-0.5697709200307501,1.448945565839882,-4.950748738679563,2635.0
2109,1.4595404057067307,-1.322080933736933,1.888572879597246,-0.5694150435859862,1.4490926262168973,-4.941819049743859,2636.25
2110,1.4595404116640047,-1.3220809293744584,1.888572882518938,-0.569415052568707,1.4490926250154925,-4.923911938374808,2637.5
2111,1.4595404209480431,-1.3220809225758152,1.8885728870722118,-0.5694150665677148,1.4490926231431787,-4.896004827005626,2638.75
2112,1.4595404335588458,-1.3220809133410032,1.8885728932570678,-0.5694150855830096,1.4490926205999553,-4.8580977156365694,2640.0
2113,1.459540449496413,-1.3220809016700226,1.8885729010735055,-0.5694151096145912,1.4490926173858227,-4.810190604267466,2641.25
2114,1.4595404689586773,-1.3220808879390018,1.8885729119300498,-0.5694151445210571,1.4490926149942982,-4.752283501933006,2642.5
2115,1.4595404917851151,-1.3220808718428987,1.8885729246843825,-0.569415185551066,1.4490926122141343,-4.684376399730812,2643.75
2116,1.4595405262186292,-1.3220808559787467,1.8885729309623889,-0.5694152119255247,1.449092640106482,-4.606469310187872,2645.0
2117,1.4595405678254334,-1.3220808389457857,1.8885729352563834,-0.5694152347716486,1.4490926819674521,-4.518562225311261,2646.25
2118,1.4595406142040734,-1.3220808199612204,1.8885729399992512,-0.5694152600814845,1.4490927288989899,-4.42065515213449,2647.5
2119,1.4595406682877174,-1.3220808043176713,1.8885729391532158,-0.5694152757522188,1.4490927831867442,-4.312748086269631,2648.75
2120,1.459540729267581,-1.3220807905766234,1.8885729343712874,-0.5694152851081764,1.449092844129942,-4.194841028288307,2650.0
2121,1.4595407954934814,-1.3220807781681494,1.8885729268505935,-0.5694152904274119,1.4490929103423735,-4.06693397785153,2651.25
2122,1.4595408671789554,-1.3220807742018637,1.8885729099614907,-0.5694152780043296,1.4490929821290313,-3.9290269323131857,2652.5
2123,1.4595409429320867,-1.3220807725312225,1.888572889780936,-0.569415260022546,1.4490930580324055,-3.781119888107561,2653.75
2124,1.4595410187892557,-1.3220807822142473,1.8885728590613868,-0.5694152201476845,1.449093134237025,-3.6232128508382297,2655.0
2125,1.4595410934000537,-1.3220807981359304,1.888572822924313,-0.5694151686063313,1.4490932092996873,-3.4569311471068946,2656.25
2126,1.4595411576657007,-1.322080821542448,1.8885727828257315,-0.5694151055443937,1.4490932741213631,-3.297087188925245,2657.5
2127,1.459541207778745,-1.3220808501761914,1.8885727419474752,-0.5694150363753303,1.4490933248466207,-3.147243230743497,2658.75
2128,1.459541248493105,-1.3220808808975122,1.8885727018323866,-0.5694149658156503,1.4490933661866954,-3.0073992725615737,2660.0
2129,1.459541276149396,-1.3220809136053542,1.888572663623549,-0.5694148950839474,1.4490933944717417,-2.8775553143794665,2661.25
2130,1.4595412949221944,-1.322080946578586,1.8885726277168775,-0.5694148263268761,1.449093413856676,-2.7577113561971616,2662.5
2131,1.459541309254115,-1.3220809774480888,1.8885725950312389,-0.5694147628640672,1.4490934287539425,-2.647867398014673,2663.75
2132,1.4595413101981987,-1.3220810082296501,1.8885725662667199,-0.5694147033167871,1.449093430229929,-2.5480234398321104,2665.0
2133,1.4595413110477267,-1.3220810359282398,1.8885725403831435,-0.5694146497335413,1.4490934315580863,-2.4581794816494824,2666.25
2134,1.459541311290643,-1.3220810605721913,1.8885725175011503,-0.5694146022030521,1.4490934322256248,-2.3783355234668138,2667.5
2135,1.459541301617358,-1.3220810826765579,1.888572499814018,-0.569414562338358,1.4490934229096135,-2.3084915652841875,2668.75
2136,1.4595412933290577,-1.3220811016161031,1.8885724846592644,-0.5694145281813434,1.449093414927434,-2.248647607101606,2670.0
2137,1.459541286425743,-1.322081117390824,1.888572472036886,-0.5694144997320084,1.4490934082790867,-2.1988036489191396,2671.25
2138,1.4595412809074135,-1.3220811300007231,1.8885724619468856,-0.569414476990353,1.4490934029645715,-2.158959690736648,2672.5
2139,1.4595412767740692,-1.3220811394458016,1.8885724543892641,-0.5694144599563774,1.4490933989838886,-2.1291157325541454,2673.75
2140,1.45954127402571,-1.322081145726059,1.888572449364022,-0.5694144486300816,1.4490933963370378,-2.1092717743716594,2675.0
2141,1.4596065837323218,-1.3215645571551793,1.887889420372659,-0.569248074668709,1.4491596719523312,-2.0988742213045333,2676.25
2142,1.4601152200749934,-1.3175413921392016,1.8825700788543887,-0.5679524158972737,1.4496758301664159,-2.0965864753337713,2677.5
2143,1.4603919183158474,-1.3153527936392841,1.8796763671289165,-0.5672475856652905,1.4499566178854233,-2.103530290329175,2678.75
2144,1.4603919196515753,-1.3153527891745416,1.8796763720131826,-0.567247598066509,1.4499566137796251,-2.118785846497339,2680.0
2145,1.4603919218628716,-1.3153527817831652,1.8796763800990797,-0.5672476185967124,1.4499566069824814,-2.144041402665489,2681.25
2146,1.4603919249497364,-1.3153527714651552,1.8796763913866075,-0.5672476472559006,1.4499565974939914,-2.1792969588336537,2682.5
2147,1.4603919289121692,-1.3153527582205113,1.8796764058757665,-0.5672476840440737,1.4499565853141554,-2.224552515001776,2683.75
2148,1.4603919335146802,-1.3153527418161624,1.8796764226634752,-0.5672477251405895,1.4499565686152514,-2.279808058909416,2685.0
2149,1.4603919388512925,-1.3153527223451642,1.8796764421103014,-0.5672477720708895,1.4499565481270191,-2.3450635981275756,2686.25
2150,1.4603919414651059,-1.3153526995433504,1.8796764639728387,-0.5672478207281723,1.4499565357655642,-2.420319129101878,2687.5
2151,1.4603919405922285,-1.315352673335853,1.8796764881293193,-0.567247869933399,1.4499565339616496,-2.5055746517356154,2688.75
2152,1.4603919396489144,-1.3153526440433698,1.8796765150884929,-0.5672479248067375,1.4499565322017554,-2.600830164574427,2690.0
2153,1.460391932987299,-1.3153526129888127,1.8796765454783837,-0.5672479852273564,1.4499565248309525,-2.706085670653012,2691.25
2154,1.4603919150696576,-1.315352581468147,1.8796765799054225,-0.5672480510410827,1.4499565063848086,-2.8213411683077756,2692.5
2155,1.4603918955978754,-1.3153525472136158,1.8796766173231634,-0.5672481225803423,1.4499564863416794,-2.9465966572266087,2693.75
2156,1.4603918573617949,-1.315352517318476,1.879676656093533,-0.5672481909865497,1.4499564475011617,-3.0818521402322228,2695.0
2157,1.4603918153738678,-1.315352485594296,1.879676697642536,-0.5672482639751095,1.4499564048642446,-3.2271076229224,2696.25
2158,1.4603917546700997,-1.3153524621421748,1.8796767368924334,-0.5672483262561715,1.4499563436096212,-3.382363099336289,2697.5
2159,1.460391686977187,-1.315352440060897,1.8796767768799667,-0.5672483878542707,1.4499562753728228,-3.5474284357446204,2698.75
2160,1.4603916094747225,-1.3153524301329333,1.8796768084016806,-0.5672484287612245,1.4499561975131448,-3.709926124631445,2700.0
2161,1.4603915346840592,-1.315352425522181,1.8796768342043002,-0.5672484586496287,1.449956122463668,-3.8624238135184243,2701.25
2162,1.4603914611442166,-1.315352429570201,1.879676851604463,-0.5672484714834525,1.4499560488176684,-4.0049215024055975,2702.5
2163,1.4603913928775336,-1.3153524369946372,1.8796768643512123,-0.5672484763237008,1.449955980515817,-4.137419191292926,2703.75
2164,1.460391329987203,-1.3153524511565775,1.8796768692929768,-0.5672484666576045,1.4499559177196482,-4.259916880180496,2705.0
2165,1.4603912722308734,-1.315352464162414,1.879676873831317,-0.5672484577805903,1.449955860049794,-4.372414569068122,2706.25
2166,1.4603912237641883,-1.3153524833186507,1.8796768699840056,-0.5672484344313434,1.449955811798139,-4.474912257955943,2707.5
2167,1.460391180370746,-1.3153525012119598,1.879676865849981,-0.5672484120943123,1.4499557686100482,-4.567409946843808,2708.75
2168,1.4603911416686035,-1.3153525171708067,1.879676862162886,-0.5672483921721548,1.4499557300910566,-4.6499076357317275,2710.0
2169,1.460391112245759,-1.3153525346616748,1.8796768543828133,-0.5672483666898913,1.4499557009000652,-4.722405324619645,2711.25
2170,1.4603910880683033,-1.3153525506367267,1.8796768465013924,-0.5672483426593707,1.4499556769408248,-4.784903013507503,2712.5
2171,1.4603910677593834,-1.3153525640556745,1.8796768398810433,-0.5672483224738756,1.449955656815205,-4.837400702395261,2713.75
2172,1.4603910513189997,-1.315352574918518,1.8796768345217676,-0.5672483061334057,1.4499556405232055,-4.879898391282999,2715.0
2173,1.4603910387471517,-1.3153525832252595,1.8796768304235663,-0.5672482936379614,1.449955628064826,-4.912396080170778,2716.25
2174,1.4603910300438399,-1.315352588975899,1.8796768275864395,-0.5672482849875427,1.449955619440067,-4.934893769058539,2717.5
2175,1.4603966026179303,-1.3153079307703894,1.8796174268816845,-0.5672335481018479,1.44996127711333,-4.947446798818898,2718.75
2176,1.4608140005033705,-1.3119655929369438,1.8751721571629807,-0.5661310389222963,1.450385040326603,-4.952264967719151,2720.0
2177,1.46122533856778,-1.3086718046174102,1.8707914622829425,-0.5650445493972309,1.4508026493147501,-4.947392868070492,2721.25
2178,1.4612298220916333,-1.3086359328942847,1.8707437594210594,-0.5650327239734017,1.450807196189725,-4.9347702304505585,2722.5
2179,1.461229829517034,-1.3086359274657258,1.8707437630773698,-0.5650327351660771,1.4508071947456107,-4.91219302353809,2723.75
2180,1.4612298402313275,-1.3086359196327244,1.8707437683531496,-0.5650327513162638,1.4508071926618629,-4.879615816625549,2725.0
2181,1.4612298542345135,-1.3086359093952806,1.870743775248399,-0.5650327724239617,1.4508071899384816,-4.837038609713046,2726.25
2182,1.4612298716106722,-1.308635896916642,1.8707437843727255,-0.5650328010130323,1.4508071872180723,-4.784461403297621,2727.5
2183,1.4612298924018818,-1.3086358822785051,1.8707437960312046,-0.56503283834653,1.4508071848222248,-4.721884197471793,2728.75
2184,1.4612299188489395,-1.3086358660466852,1.8707438071589604,-0.5650328757384041,1.450807190863064,-4.649306995463025,2730.0
2185,1.4612299573710439,-1.3086358502721747,1.8707438111705812,-0.5650328969364924,1.4508072296036485,-4.566729806240216,2731.25
2186,1.4612300005784236,-1.3086358325799723,1.870743815646906,-0.5650329206297648,1.4508072731991613,-4.474152623590248,2732.5
2187,1.461230048880379,-1.3086358136965723,1.8707438197451212,-0.5650329451261142,1.4508073220124982,-4.371575447943445,2733.75
2188,1.4612301062723523,-1.3086358007778696,1.870743815207434,-0.5650329538900336,1.4508073793713967,-4.258998282945603,2735.0
2189,1.4612301687615292,-1.3086357867108729,1.8707438102637606,-0.5650329634201342,1.4508074418190753,-4.136421125964355,2736.25
2190,1.4612302365869707,-1.3086357794407288,1.8707437974533248,-0.5650329583466488,1.45080750969761,-4.003843974956759,2737.5
2191,1.4612303096428518,-1.3086357754384061,1.870743780091955,-0.5650329455038027,1.450807582857927,-3.861266825994515,2738.75
2192,1.461230383891441,-1.3086357801550232,1.8707437542599759,-0.5650329154791459,1.4508076573662376,-3.70868968147626,2740.0
2193,1.4612304608796067,-1.3086357900494132,1.8707437228112196,-0.5650328746788214,1.4508077347113018,-3.546112543342087,2741.25
2194,1.461230527961339,-1.3086358121183292,1.8707436828746873,-0.5650328131430081,1.4508078023375648,-3.3811095244611553,2742.5
2195,1.4612305880674394,-1.3086358355176095,1.8707436437119687,-0.5650327510009127,1.4508078629945271,-3.225938269293,2743.75
2196,1.4612306297335964,-1.308635867037591,1.8707436023036328,-0.5650326783599418,1.4508079053081882,-3.0807670141246075,2745.0
2197,1.461230667536363,-1.3086358967959546,1.8707435636526166,-0.5650326102109834,1.450807943718579,-2.945595758956061,2746.25
2198,1.4612306868677776,-1.3086359308170492,1.870743526361022,-0.5650325390268809,1.4508079636872073,-2.8204245037873,2747.5
2199,1.4612307046547948,-1.3086359621201724,1.870743492048666,-0.5650324735297154,1.450807982060531,-2.7052532486183614,2748.75
2200,1.4612307111177776,-1.3086359929064197,1.8707434614873195,-0.5650324122203765,1.450807989073609,-2.6000819934493533,2750.0
2201,1.4612307120079886,-1.3086360218813626,1.8707434342231188,-0.5650323559804692,1.4508079904690607,-2.5049107382801545,2751.25
2202,1.461230712804662,-1.308636047811795,1.8707434098236653,-0.5650323056498998,1.450807991717887,-2.4197394831110337,2752.5
2203,1.4612307080649696,-1.3086360709958833,1.8707433895823913,-0.5650322621853214,1.450807987369346,-2.3445682279417825,2753.75
2204,1.4612306991697477,-1.3086360913579842,1.8707433731711562,-0.5650322253440325,1.4508079788062813,-2.279396972772666,2755.0
2205,1.461230691639425,-1.3086361085956848,1.8707433592780909,-0.5650321941557402,1.4508079715571494,-2.2242257176036087,2756.25
2206,1.4612306854740025,-1.3086361227089847,1.8707433479031939,-0.5650321686204445,1.4508079656219504,-2.179054462434583,2757.5
2207,1.4612306806734794,-1.3086361336978856,1.8707433390464685,-0.5650321487381453,1.450807961000684,-2.1438832072655734,2758.75
2208,1.4612306772378558,-1.3086361415623884,1.8707433327079146,-0.565032134508843,1.4508079576933504,-2.118711952096524,2760.0
2209,1.4612306751671318,-1.308636146302493,1.8707433288875324,-0.5650321259325375,1.4508079556999494,-2.10354069692752,2761.25
2210,1.461500972465547,-1.3064449424000406,1.8678120701569871,-0.5642923435524834,1.451082501792196,-2.0966594145253152,2762.5
2211,1.4619944999121974,-1.3024441020497097,1.8624600004155558,-0.5629416121550999,1.451583785945609,-2.0990161057026064,2763.75
2212,1.4620578265403164,-1.3019307412746992,1.8617732661630448,-0.5627683045616269,1.4516481043184217,-2.109454340269903,2765.0
2213,1.4620578282725558,-1.3019307355298548,1.8617732724830582,-0.5627683205375755,1.451648099081116,-2.1293334632398904,2766.25
2214,1.4620578308761814,-1.3019307268951223,1.861773281982293,-0.5627683445500704,1.4516480912092344,-2.1592125862098923,2767.5
2215,1.462057834351193,-1.3019307153705018,1.861773294660749,-0.5627683765991114,1.4516480807027774,-2.1990917091798243,2768.75
2216,1.4620578386425018,-1.3019307009001764,1.861773310303086,-0.5627684157781774,1.451648067128751,-2.2489708280897758,2770.0
2217,1.4620578435249616,-1.3019306832560273,1.8617733280292175,-0.562768458382362,1.4516480487175307,-2.3088499291667253,2771.25
2218,1.4620578492228076,-1.3019306626652491,1.861773348715669,-0.5627685081015806,1.4516480272315782,-2.3787290302438047,2772.5
2219,1.4620578487087244,-1.3019306384458065,1.8617733712725342,-0.5627685542407854,1.4516480246419863,-2.458608115385244,2773.75
2220,1.4620578478094712,-1.3019306111589146,1.8617733965925685,-0.5627686056214378,1.451648022839588,-2.548487196680831,2775.0
2221,1.4620578468400203,-1.3019305808256614,1.8617734247004785,-0.5627686626205324,1.451648021078513,-2.6483662687164684,2776.25
2222,1.4620578327487026,-1.301930550498669,1.8617734570415747,-0.5627687249054655,1.4516480064198136,-2.758245331128849,2777.5
2223,1.4620578143726273,-1.3019305181137852,1.8617734926553036,-0.5627687927708543,1.4516479874964594,-2.8781243860593344,2778.75
2224,1.462057787237116,-1.3019304860076701,1.8617735305489638,-0.562768862583244,1.451647959775174,-3.008003434116013,2780.0
2225,1.4620577473723761,-1.3019304558166045,1.861773570340408,-0.5627689322915048,1.4516479192877103,-3.1478824784890005,2781.25
2226,1.4620576982504785,-1.3019304277039774,1.8617736108689593,-0.5627690005910551,1.451647869556635,-3.2977615202147126,2782.5
2227,1.462057635331817,-1.3019304046716764,1.8617736506412874,-0.5627690629527382,1.4516478060841045,-3.457640555233412,2783.75
2228,1.462057562262161,-1.30193038902799,1.8617736864426457,-0.5627691138807153,1.4516477325650026,-3.6239150743631514,2785.0
2229,1.4620574880307926,-1.301930379459067,1.86177371689795,-0.5627691533781484,1.4516476579873925,-3.781786587275273,2786.25
2230,1.4620574138837763,-1.301930381075037,1.861773736866015,-0.5627691712013778,1.451647583689437,-3.9296581001875492,2787.5
2231,1.4620573437388624,-1.301930384900571,1.8617737536077783,-0.5627691836167383,1.4516475134417934,-4.067529613100057,2788.75
2232,1.4620572789461703,-1.3019303970483649,1.861773761014072,-0.5627691784105257,1.451647448704468,-4.1954011260126345,2790.0
2233,1.4620572192888668,-1.3019304104690237,1.8617737657419933,-0.5627691692893729,1.4516473891371402,-4.313272638925424,2791.25
2234,1.4620571664393163,-1.3019304258274011,1.86177376668515,-0.5627691544937957,1.451647336427812,-4.42114415183831,2792.5
2235,1.4620571211767148,-1.3019304444959539,1.8617737623339707,-0.5627691311469911,1.4516472913815022,-4.519015664751315,2793.75
2236,1.4620570805388098,-1.3019304612570468,1.8617737584273661,-0.5627691101856395,1.4516472509377885,-4.6068871776644045,2795.0
2237,1.462057045987777,-1.301930477218044,1.8617737535058958,-0.5627690890530933,1.4516472165816956,-4.684758690577561,2796.25
2238,1.4620570201049035,-1.3019304943338474,1.8617737449930927,-0.5627690632359122,1.451647190934846,-4.75263020349063,2797.5
2239,1.4620569980355407,-1.301930508927856,1.8617737377345418,-0.5627690412225628,1.4516471690667319,-4.810501716403636,2798.75
2240,1.4620569797796885,-1.3019305210000667,1.8617737317302403,-0.5627690230130439,1.4516471509773528,-4.858373229316529,2800.0
2241,1.462056965337347,-1.3019305305504834,1.8617737269801922,-0.562769008607357,1.4516471366667099,-4.896244742229463,2801.25
2242,1.462056954708516,-1.3019305375791057,1.8617737234843978,-0.562768998005502,1.451647126134802,-4.924116255142408,2802.5
2243,1.4620569478931955,-1.3019305420859335,1.8617737212428571,-0.5627689912074789,1.4516471193816298,-4.941987768055364,2803.75
2244,1.4621962216444055,-1.3007875280938872,1.860235874184798,-0.5623742978716859,1.4517886487315033,-4.950918713447388,2805.0
2245,1.4627032100496205,-1.2966267869621169,1.8546378968558255,-0.5609375704986165,1.4523038473075927,-4.951281976602839,2806.25
2246,1.4628727579032237,-1.295235366305561,1.8527658447168127,-0.5604571099145408,1.4524761376719864,-4.942900446633929,2807.5
2247,1.462872763481452,-1.295235362234501,1.8527658474755468,-0.5604571183217177,1.45247613662418,-4.925745508929116,2808.75
2248,1.4628727723113548,-1.2952353557903287,1.8527658518424093,-0.5604571316296275,1.452476134965584,-4.898590571224286,2810.0
2249,1.462872784392933,-1.2952353469730433,1.8527658578173996,-0.5604571498382704,1.4524761326961975,-4.861435633519467,2811.25
2250,1.462872799726186,-1.2952353357826456,1.8527658654005184,-0.5604571729476463,1.4524761298160216,-4.814280695814688,2812.5
2251,1.4628728184820856,-1.295235322558424,1.852765875854574,-0.5604572061608895,1.4524761276484375,-4.757125769459507,2813.75
2252,1.46287284053758,-1.295235307056184,1.8527658882706928,-0.5604572457331783,1.4524761252409748,-4.689970844160774,2815.0
2253,1.4628728729726865,-1.2952352915375942,1.852765895165288,-0.5604572730806018,1.4524761493670733,-4.612815930272862,2816.25
2254,1.462872913056248,-1.295235275120381,1.8527658993753946,-0.5604572951770186,1.4524761896753695,-4.525661021558901,2817.5
2255,1.4628729577766846,-1.2952352568054966,1.852765904028576,-0.5604573196728303,1.4524762349165374,-4.428506125224541,2818.75
2256,1.46287300963264,-1.2952352411210835,1.852765903896889,-0.5604573361722115,1.4524762870107304,-4.3213512355335855,2820.0
2257,1.462873068517345,-1.2952352278783503,1.8527658992000944,-0.5604573451130828,1.4524763458588779,-4.204196353894292,2821.25
2258,1.462873132475339,-1.295235215091473,1.8527658925982826,-0.5604573517237864,1.452476409792527,-4.077041480101929,2822.5
2259,1.462873201765067,-1.2952352113281016,1.8527658759873373,-0.5604573393720333,1.4524764791830107,-3.939886611741473,2823.75
2260,1.462873275446234,-1.2952352088045676,1.852765856935795,-0.5604573233714558,1.4524765529969983,-3.7927317442924156,2825.0
2261,1.462873348822062,-1.2952352182894553,1.8527658266990648,-0.5604572841740799,1.4524766267170268,-3.6355768838342546,2826.25
2262,1.4628734221865702,-1.2952352328625278,1.8527657916883338,-0.5604572351132328,1.4524767005149075,-3.469499157614688,2827.5
2263,1.4628734849426719,-1.295235255868078,1.852765751844382,-0.5604571727085468,1.4524767638264602,-3.308908232716978,2828.75
2264,1.4628735351189117,-1.2952352831776963,1.8527657116165095,-0.5604571055246119,1.4524768146030433,-3.1583173078190843,2830.0
2265,1.462873574906736,-1.2952353133417223,1.8527656717287078,-0.5604570357511445,1.452476855016018,-3.017726382921043,2831.25
2266,1.4628736032322287,-1.2952353449209377,1.8527656338444598,-0.5604569664834791,1.4524768839636466,-2.8871354580227333,2832.5
2267,1.462873621598064,-1.2952353772955099,1.852765598108876,-0.5604568984974843,1.4524769029413873,-2.7665445331243212,2833.75
2268,1.4628736367779367,-1.2952354073593528,1.8527655654690265,-0.5604568358956392,1.4524769186849407,-2.655953608225812,2835.0
2269,1.4628736377088751,-1.2952354376000836,1.8527655368054847,-0.5604567769909521,1.4524769201480803,-2.5553626833271554,2836.25
2270,1.4628736385472667,-1.2952354648345028,1.8527655109914547,-0.5604567239421295,1.4524769214657656,-2.4647717584284377,2837.5
2271,1.4628736392931114,-1.2952354890626119,1.8527654880269386,-0.5604566767491717,1.4524769226379963,-2.3841808335296157,2838.75
2272,1.4628736301124525,-1.29523551081849,1.8527654702693819,-0.5604566371647717,1.4524769138163105,-2.313589908630845,2840.0
2273,1.4628736219606089,-1.2952355295071607,1.8527654550925234,-0.5604566032363779,1.452476905972186,-2.252998983732142,2841.25
2274,1.4628736151541553,-1.2952355451114281,1.85276544242047,-0.5604565749075674,1.4524768994226656,-2.202408058833548,2842.5
2275,1.4628736096930917,-1.295235557631294,1.8527654322532232,-0.5604565521783405,1.4524768941677486,-2.161817133934963,2843.75
2276,1.4628736055774185,-1.2952355670667597,1.8527654245907843,-0.5604565350486969,1.4524768902074359,-2.1312262090363387,2845.0
2277,1.4628736028071356,-1.2952355734178254,1.8527654194331533,-0.5604565235186366,1.4524768875417269,-2.110635284137702,2846.25
2278,1.4629130529674357,-1.2949078027359362,1.8523219188220112,-0.5603408329951994,1.4525169957543402,-2.0996655182559403,2847.5
2279,1.4633751070996894,-1.2910689388237555,1.8471277048955044,-0.5589859446630914,1.4529867562479333,-2.0965854132237824,2848.75
2280,1.4636782694856663,-1.2885501926242513,1.84371969548584,-0.5580969855745019,1.453294972756997,-2.102927447894319,2850.0
2281,1.463678270735084,-1.288550188512266,1.8437197000374004,-0.5580969970278723,1.4532949690376613,-2.117339108114077,2851.25
2282,1.463678272851451,-1.2885501815470457,1.8437197077472094,-0.5580970164285367,1.4532949627375429,-2.1417507683338215,2852.5
2283,1.4636782758347677,-1.2885501717285903,1.8437197186152665,-0.5580970437764954,1.453294953856642,-2.1761624285535803,2853.75
2284,1.4636782796850332,-1.2885501590569002,1.8437197326415724,-0.5580970790717482,1.4532949423949588,-2.2205740887732976,2855.0
2285,1.4636782842079605,-1.288550143330387,1.8437197490520756,-0.5580971190724551,1.4532949268062623,-2.2749857339714126,2856.25
2286,1.4636782894421778,-1.2885501245891289,1.8437197680006716,-0.5580971644231523,1.453294907397969,-2.3393973706592104,2857.5
2287,1.4636782925886351,-1.2885501026590922,1.8437197894526223,-0.5580972124575835,1.4532948938957249,-2.4138090004838313,2858.75
2288,1.463678291745302,-1.2885500773571996,1.843719813120403,-0.558097260318468,1.4532948921486342,-2.4982206205703514,2860.0
2289,1.4636782908287702,-1.2885500490484287,1.8437198395653835,-0.5580973137600027,1.4532948904136378,-2.5926322317787633,2861.25
2290,1.463678285661469,-1.2885500187096728,1.8437198692567975,-0.558097372690881,1.453294884521656,-2.6970438361245197,2862.5
2291,1.463678268364478,-1.2885499881818452,1.8437199030683717,-0.5580974368961674,1.453294866701579,-2.811455431869954,2863.75
2292,1.4636782495561382,-1.2885499549868276,1.8437199398391217,-0.5580975067293447,1.4532948473276128,-2.9358670180183193,2865.0
2293,1.46367821403505,-1.2885499253924726,1.8437199780950317,-0.5580975743314873,1.4532948112082478,-3.0702785987123833,2866.25
2294,1.4636781734493205,-1.2885498945951206,1.8437200189628693,-0.5580976457134448,1.4532947699813026,-3.2146901784881377,2867.5
2295,1.4636781161105776,-1.2885498708910161,1.8437200580328357,-0.5580977080794168,1.4532947120853132,-3.36910175261213,2868.75
2296,1.4636780516346848,-1.2885498482218698,1.8437200982096147,-0.5580977704649928,1.4532946470530024,-3.5334844185176664,2870.0
2297,1.463677975903993,-1.2885498384078433,1.8437201295548882,-0.5580978110797359,1.4532945709648903,-3.696820774327376,2871.25
2298,1.4636779032838971,-1.288549832695252,1.8437201561271581,-0.5580978428415582,1.4532944980671687,-3.8501571301371817,2872.5
2299,1.4636778313762933,-1.2885498365856662,1.843720173441171,-0.5580978557450573,1.453294426052748,-3.9934934859471625,2873.75
2300,1.4636777645671772,-1.2885498428579383,1.8437201870227957,-0.5580978625705756,1.4532943591911809,-4.1268298417573535,2875.0
2301,1.46367770301623,-1.2885498566925293,1.8437201919431212,-0.5580978532087031,1.4532942977337449,-4.250166197567698,2876.25
2302,1.463677646455778,-1.2885498694054187,1.8437201964645031,-0.5580978446058802,1.4532942412592225,-4.363502553378171,2877.5
2303,1.4636775985715944,-1.2885498874981738,1.8437201933841432,-0.5580978230828597,1.453294193576841,-4.4668389091887954,2878.75
2304,1.463677556010364,-1.2885499050556752,1.8437201892551496,-0.5580978010850169,1.4532941512209665,-4.560175264999502,2880.0
2305,1.463677518009118,-1.288549920732074,1.8437201855685301,-0.5580977814440083,1.4532941134030744,-4.643511620810267,2881.25
2306,1.4636774885693735,-1.2885499375638108,1.8437201782950678,-0.5580977571223711,1.4532940841878972,-4.716847976621082,2882.5
2307,1.4636774647545945,-1.2885499533225788,1.8437201703916304,-0.5580977332845879,1.4532940605925087,-4.780184332431758,2883.75
2308,1.4636774446998646,-1.2885499665932378,1.8437201637360425,-0.558097713210485,1.45329404072253,-4.833520688242358,2885.0
2309,1.4636774284051832,-1.2885499773757876,1.8437201583283045,-0.5580976969000624,1.453294024577961,-4.876857044052944,2886.25
2310,1.4636774158705508,-1.2885499856702305,1.8437201541684192,-0.5580976843533209,1.4532940121588023,-4.910193399863511,2887.5
2311,1.463677407095967,-1.2885499914765661,1.8437201512563863,-0.5580976755702606,1.453294003465053,-4.933529755674146,2888.75
2312,1.4636777296446164,-1.2885472397115,1.8437164009307112,-0.5580966772986153,1.4532943316840874,-4.9468688486147725,2890.0
2313,1.464031430247867,-1.2855723110875068,1.8396686090878502,-0.5570241660153554,1.4536541052762306,-4.9524116122096,2891.25
2314,1.4644548760781595,-1.2820107940705399,1.834822689612399,-0.5557401852801453,1.4540848199462204,-4.948320159421949,2892.5
2315,1.4644712163868652,-1.2818733878341495,1.8346357356557823,-0.555690654886022,1.4541014362594824,-4.936507624652858,2893.75
2316,1.464471223345254,-1.2818733827650144,1.834635739113331,-0.5556906653739209,1.4541014349947587,-4.914864710761506,2895.0
2317,1.4644712335187315,-1.2818733753537104,1.8346357441684231,-0.5556906807077011,1.4541014331456759,-4.883221796870167,2896.25
2318,1.464471246907298,-1.2818733656002381,1.8346357508210582,-0.5556907008873626,1.4541014307122337,-4.841578882978839,2897.5
2319,1.4644712635734105,-1.281873353631325,1.8346357595411416,-0.5556907278394245,1.4541014281839821,-4.789935976570525,2898.75
2320,1.4644712835872458,-1.281873339589357,1.8346357708566448,-0.5556907637284689,1.454101426110964,-4.72829308328067,2900.0
2321,1.4644713081646055,-1.2818733236989432,1.8346357826227633,-0.5556908020488144,1.454101428706186,-4.656650192260604,2901.25
2322,1.4644713451905917,-1.2818733085320393,1.8346357865456921,-0.5556908224959438,1.454101465937509,-4.575007315516953,2902.5
2323,1.4644713867673076,-1.281873291501554,1.8346357909322752,-0.5556908453904241,1.4541015078580202,-4.483364444252082,2903.75
2324,1.4644714329025135,-1.2818732726045698,1.8346357957741406,-0.5556908707038735,1.4541015545317921,-4.381721580171974,2905.0
2325,1.464471488219584,-1.2818732601367364,1.8346357913623135,-0.5556908791446834,1.4541016098179835,-4.270078727789425,2906.25
2326,1.4644715485113189,-1.281873246588105,1.8346357865098075,-0.555690888245479,1.4541016700686284,-4.148435882578795,2907.5
2327,1.4644716139604226,-1.2818732385923277,1.834635774900267,-0.5556908850907454,1.4541017355571826,-4.016793043715289,2908.75
2328,1.4644716845260037,-1.2818732347877886,1.8346357578332197,-0.5556908723398651,1.454101806226646,-3.875150207549758,2910.0
2329,1.4644717568055534,-1.2818732382167317,1.8346357334209806,-0.5556908450223379,1.4541018787429987,-3.7235073752385808,2911.25
2330,1.4644718312326375,-1.2818732478838848,1.834635702478097,-0.5556908049510636,1.4541019535233333,-3.5618645493873844,2912.5
2331,1.4644718978604983,-1.2818732682779779,1.8346356636703622,-0.5556907462288464,1.454102020675154,-3.396260949722769,2913.75
2332,1.464471958019301,-1.2818732903857089,1.8346356251358336,-0.5556906860187814,1.4541020813724008,-3.2401606149483095,2915.0
2333,1.4644719989340875,-1.2818733212640105,1.8346355839391448,-0.5556906142341602,1.4541021229336288,-3.0940602801737027,2916.25
2334,1.4644720369207107,-1.2818733501133326,1.8346355455196248,-0.5556905472348669,1.4541021615236294,-2.9579599453988865,2917.5
2335,1.4644720564676168,-1.2818733832987648,1.8346355083979131,-0.5556904770622936,1.454102181705449,-2.8318596106238654,2918.75
2336,1.4644720739079509,-1.28187341408209,1.834635474165786,-0.5556904121666448,1.4541021997330443,-2.715759275848655,2920.0
2337,1.4644720816629953,-1.281873444052522,1.8346354435391818,-0.5556903516192127,1.454102208037245,-2.6096589410733753,2921.25
2338,1.4644720825431057,-1.2818734725786418,1.8346354162924559,-0.5556902958463358,1.454102209424122,-2.513558606298038,2922.5
2339,1.4644720833316338,-1.2818734981363886,1.834635391880962,-0.5556902458770676,1.4541022106666834,-2.4274582715225943,2923.75
2340,1.4644720796734636,-1.2818735209605554,1.83463537135801,-0.5556902024982234,1.4541022074032979,-2.3513579367471196,2925.0
2341,1.464472070905702,-1.2818735410868796,1.8346353548839238,-0.5556901658295644,1.4541021989700813,-2.28525760197168,2926.25
2342,1.4644720634643724,-1.2818735581683889,1.8346353409021219,-0.5556901347083295,1.454102191812685,-2.2291572671963675,2927.5
2343,1.4644720573494752,-1.2818735722050816,1.834635329412602,-0.5556901091345182,1.4541021859311094,-2.183056932421075,2928.75
2344,1.46447205256101,-1.2818735831969608,1.834635320415368,-0.5556900891081312,1.4541021813253545,-2.1469565976458,2930.0
2345,1.4644720490989775,-1.2818735911440264,1.8346353139104195,-0.5556900746291684,1.4541021779954202,-2.120856262870485,2931.25
2346,1.4644720469633772,-1.2818735960462782,1.8346353098977566,-0.5556900656976297,1.4541021759413062,-2.1047559280951864,2932.5
2347,1.4646819277515162,-1.2800865039983946,1.8321902946231416,-0.5550323505025367,1.454315765130338,-2.097147729224112,2933.75
2348,1.4651604878939648,-1.2760116768188805,1.826615320294535,-0.5535326780967401,1.454802780179865,-2.098529086958572,2935.0
2349,1.4652551866644354,-1.2752053433437178,1.8255121418193694,-0.5532359288075755,1.4548991488680276,-2.1082111310442158,2936.25
2350,1.4652551882903033,-1.2752053380326942,1.8255121477375895,-0.5532359436303077,1.4548991440976877,-2.127066776009677,2937.5
2351,1.4652551907784428,-1.2752053299049955,1.8255121567945092,-0.5532359663142041,1.4548991367974216,-2.1559224209751253,2938.75
2352,1.465255194128853,-1.275205318960621,1.8255121689901286,-0.5532359968592648,1.4548991269672282,-2.1947780659405316,2940.0
2353,1.4652551983187614,-1.2752053051753653,1.8255121842319804,-0.553236034880275,1.4548991144236219,-2.2436337092670517,2941.25
2354,1.465255203083254,-1.2752052882676526,1.8255122014444265,-0.5532360758961401,1.4548990970321536,-2.3024893343157227,2942.5
2355,1.4652552086572685,-1.275205268487196,1.8255122215813928,-0.5532361238808999,1.4548990766857477,-2.3713449593644094,2943.75
2356,1.4652552088570612,-1.2752052452428582,1.8255122437301239,-0.5532361696561146,1.4548990721084742,-2.45020057018533,2945.0
2357,1.4652552079852086,-1.275205218943492,1.8255122685194136,-0.5532362195816573,1.4548990703335734,-2.5390561767176374,2946.25
2358,1.4652552070470048,-1.2752051896729542,1.8255122960662487,-0.5532362750180069,1.4548990686226748,-2.6379117725864973,2947.5
2359,1.46525519497508,-1.2752051600175296,1.8255123276194722,-0.553236335717527,1.4548990559569615,-2.746767360024573,2948.75
2360,1.4652551772500564,-1.2752051286987598,1.825512362575218,-0.553236401858409,1.4548990376908284,-2.8656229397493247,2950.0
2361,1.4652551527623254,-1.2752050969198292,1.825512399959483,-0.5532364708471945,1.454899012622956,-2.994478512201396,2951.25
2362,1.4652551142716055,-1.2752050676663238,1.8255124390634134,-0.5532365389321328,1.4548989735178037,-3.1333340802651586,2952.5
2363,1.4652550684416195,-1.2752050393298022,1.8255124794536965,-0.5532366073319903,1.454898927071225,-3.282189646301752,2953.75
2364,1.4652550076406488,-1.2752050169628952,1.8255125185739791,-0.5532366683794447,1.4548988657229376,-3.4410452055455565,2955.0
2365,1.4652549377834512,-1.275205000276125,1.8255125549611515,-0.5532367209461575,1.45489879539714,-3.607417820325759,2956.25
2366,1.4652548651264259,-1.2752049908195744,1.8255125853035605,-0.5532367602158248,1.4548987223931882,-3.7663075525945984,2957.5
2367,1.465254793102751,-1.275204991006238,1.8255126062998648,-0.5532367804986797,1.4548986501955419,-3.9151972848634786,2958.75
2368,1.4652547243843876,-1.2752049946991972,1.825512622993894,-0.5532367929963644,1.4548985813736628,-4.054087017132608,2960.0
2369,1.4652546608400505,-1.2752050054518982,1.8255126314609367,-0.5532367902436028,1.4548985178640237,-4.182976749401863,2961.25
2370,1.4652546023254454,-1.2752050185940433,1.8255126361796363,-0.5532367813893122,1.4548984594389671,-4.3018664816712935,2962.5
2371,1.4652545499828158,-1.2752050328386486,1.825512638036682,-0.553236768615802,1.454898407220674,-4.410756213940907,2963.75
2372,1.4652545055112787,-1.2752050511863284,1.8255126336823464,-0.5532367455844968,1.4548983629657761,-4.5096459462106075,2965.0
2373,1.4652544655368251,-1.275205067678637,1.8255126297683275,-0.5532367248821786,1.4548983231860542,-4.598535678480385,2966.25
2374,1.4652544308886115,-1.2752050829457475,1.825512625452288,-0.553236705042261,1.4548982887239066,-4.677425410750203,2967.5
2375,1.4652544053437215,-1.2752050998582931,1.8255126168970794,-0.5532366793839519,1.4548982634167353,-4.746315143019967,2968.75
2376,1.4652543835069152,-1.2752051143158218,1.8255126095837406,-0.5532366574501906,1.4548982417831409,-4.805204875289658,2970.0
2377,1.4652543653781926,-1.2752051263183313,1.8255126035122686,-0.553236639240976,1.454898223823123,-4.854094607559277,2971.25
2378,1.465254350957554,-1.275205135865824,1.8255125986826668,-0.5532366247563091,1.4548982095366818,-4.892984339828876,2972.5
2379,1.4652543402449991,-1.2752051429583007,1.8255125950949358,-0.5532366139961901,1.4548981989238172,-4.921874072098516,2973.75
2380,1.4652543332405281,-1.2752051475957609,1.8255125927490754,-0.5532366069606188,1.4548981919845292,-4.940763804368168,2975.0
2381,1.465346449893148,-1.2744110871565881,1.8244202709481379,-0.5529384365528064,1.4549919830068794,-4.950474339740874,2976.25
2382,1.4658175937716214,-1.2703498928053494,1.81883365158136,-0.551413476906268,1.455471689959272,-4.951901735244472,2977.5
2383,1.4660270715749288,-1.2685442444302535,1.8163497876063919,-0.5507354688686077,1.4556849722563687,-4.944328309078316,2978.75
2384,1.466027076675327,-1.2685442407216483,1.8163497901536174,-0.5507354765580683,1.455684971357408,-4.928284838992714,2980.0
2385,1.4660270849548365,-1.2685442347014448,1.8163497942885454,-0.5507354890404201,1.4556849698981194,-4.902241368907123,2981.25
2386,1.4660270964134576,-1.2685442263696434,1.8163498000111757,-0.5507355063156629,1.4556849678785027,-4.866197898821543,2982.5
2387,1.4660271110511904,-1.2685442157262437,1.8163498073215085,-0.5507355283837971,1.4556849652985577,-4.820154428735974,2983.75
2388,1.4660271290084315,-1.2685442030626066,1.8163498172954204,-0.5507355596329868,1.4556849632724664,-4.764110977569288,2985.0
2389,1.4660271502074995,-1.2685441882175197,1.8163498293376241,-0.5507355976352418,1.4556849611837466,-4.69806753105097,2986.25
2390,1.4660271802922518,-1.2685441729915448,1.8163498371578672,-0.5507356266536007,1.4556849804106777,-4.622024094055622,2987.5
2391,1.4660272187785968,-1.2685441572254537,1.8163498412717576,-0.5507356479450742,1.455685019108268,-4.535980664024475,2988.75
2392,1.466027261769197,-1.2685441396150585,1.816349845829301,-0.5507356715945284,1.455685062565364,-4.439937245112317,2990.0
2393,1.4660273111969309,-1.26854412366297,1.8163498467227075,-0.550735689496738,1.455685112283031,-4.333893832957035,2991.25
2394,1.4660273679270284,-1.2685441109242,1.8163498421183681,-0.5507356980233167,1.4556851689770647,-4.2178504290820555,2992.5
2395,1.4660274295550595,-1.2685440974169748,1.8163498367971123,-0.5507357066266381,1.4556852305649102,-4.091807033473443,2993.75
2396,1.466027496405294,-1.2685440938345607,1.8163498204831061,-0.5507356943857523,1.455685297515193,-3.9557636440535386,2995.0
2397,1.4660275681529047,-1.2685440900266545,1.8163498029388205,-0.5507356811763527,1.455685369370392,-3.8097202549021496,2996.25
2398,1.4660276390217506,-1.2685440992671608,1.8163497732096294,-0.5507356427263216,1.4556854405795059,-3.6536768728415603,2997.5
2399,1.466027711519125,-1.2685441120157936,1.8163497396538788,-0.5507355969528345,1.455685513483855,-3.4881057398073105,2998.75
2400,1.4660277729864208,-1.2685441346484214,1.8163496999265423,-0.5507355350403838,1.4556855755074185,-3.3264085978160924,3000.0
2401,1.4660278239176,-1.268544160341142,1.8163496603902045,-0.5507354701806301,1.4556856270234482,-3.1747114558247485,3001.25
2402,1.4660278629294998,-1.268544190009898,1.8163496205795062,-0.5507354009818939,1.4556856666617168,-3.033014313833199,3002.5
2403,1.4660278925720214,-1.2685442203145634,1.816349582927549,-0.5507353332368936,1.4556856969187875,-2.9013171718414954,3003.75
2404,1.466027910606877,-1.2685442521786214,1.8163495472141615,-0.5507352657853013,1.4556857155673284,-2.779620029849576,3005.0
2405,1.466027927159787,-1.2685442814243655,1.8163495144353794,-0.5507352038762869,1.4556857326834962,-2.667922887857537,3006.25
2406,1.466027928103961,-1.268544311223527,1.8163494857354978,-0.5507351453777556,1.455685734162198,-2.5662257458653372,3007.5
2407,1.4660279289351352,-1.2685443380970245,1.8163494598593388,-0.5507350926284117,1.455685735475371,-2.474528603873109,3008.75
2408,1.4660279296756664,-1.2685443620398396,1.8163494368050928,-0.5507350456316293,1.4556857366453362,-2.3928314618808075,3010.0
2409,1.4660279217899155,-1.2685443835093522,1.8163494186557236,-0.5507350059500704,1.4556857291235072,-2.321134319888556,3011.25
2410,1.4660279137199153,-1.2685444020532013,1.8163494033511136,-0.5507349720382099,1.4556857213647236,-2.2594371778963445,3012.5
2411,1.4660279069579178,-1.2685444175914231,1.8163493905271038,-0.5507349436228534,1.4556857148634998,-2.2077400359042167,3013.75
2412,1.4660279015039224,-1.2685444301240185,1.8163493801836963,-0.5507349207040011,1.4556857096198352,-2.166042893912125,3015.0
2413,1.466027897357929,-1.26854443965099,1.816349372320892,-0.5507349032816532,1.4556857056337307,-2.134345751919992,3016.25
2414,1.466027894519938,-1.2685444461723363,1.8163493669386912,-0.5507348913558097,1.4556857029051857,-2.1126486099278763,3017.5
2415,1.4660428733082878,-1.268413725875092,1.8161685713194622,-0.5506848307668404,1.4557009617438394,-2.1007878589694053,3018.75
2416,1.4664457136779112,-1.264898391604632,1.8113068188812513,-0.549338809117614,1.456111331435564,-2.0966141517981964,3020.0
2417,1.466789676781954,-1.2618968477480472,1.8071556513617242,-0.548189525042563,1.4564617215613282,-2.102090348382673,3021.25
2418,1.4667904083569592,-1.2618904699762281,1.8071468400363122,-0.5481870946901196,1.4564624623734388,-2.115312260153154,3022.5
2419,1.466790410347183,-1.2618904635224537,1.8071468472801662,-0.5481871127456324,1.4564624566119613,-2.1385255348969685,3023.75
2420,1.4667904131947709,-1.2618904542884706,1.8071468576445857,-0.5481871385792432,1.4564624483685087,-2.1717388096407975,3025.0
2421,1.4667904168997232,-1.2618904422742787,1.8071468711295704,-0.5481871721909521,1.4564624376430804,-2.2149520843846138,3026.25
2422,1.4667904213146465,-1.2618904273193352,1.8071468871252128,-0.5481872110537896,1.4564624232335504,-2.2681653545229357,3027.5
2423,1.4667904264103333,-1.2618904093918266,1.8071469055106553,-0.5481872546670148,1.4564624049017056,-2.3313786203669538,3028.75
2424,1.466790430289302,-1.261890388435963,1.807146926512483,-0.5481873022100453,1.4564623897074453,-2.4045918813443805,3030.0
2425,1.4667904294772514,-1.2618903641214263,1.8071469496290136,-0.548187348582504,1.4564623880205954,-2.4878051306516378,3031.25
2426,1.466790428588399,-1.261890336877375,1.807146975502005,-0.5481874004559497,1.4564623863056785,-2.5810183724824194,3032.5
2427,1.4667904253570936,-1.261890307232745,1.8071470043867115,-0.5481874577723872,1.4564623823255505,-2.6842316072915593,3033.75
2428,1.4667904086989958,-1.2618902777749856,1.807147037529902,-0.5481875202404732,1.456462365151562,-2.79744483220241,3035.0
2429,1.466790390569905,-1.2618902457161867,1.8071470736040205,-0.5481875882402386,1.4564623464637705,-2.920658048427382,3036.25
2430,1.466790358278202,-1.261890216290419,1.8071471113556112,-0.5481876551853107,1.4564623135804773,-3.0538712588321877,3037.5
2431,1.46679031911459,-1.261890186490323,1.8071471515028028,-0.54818772485145,1.4564622737847195,-3.1970844674999883,3038.75
2432,1.4667902656304606,-1.2618901622828256,1.8071471905365484,-0.5481877877024545,1.4564622197330614,-3.3502976712967145,3040.0
2433,1.466790204077837,-1.2618901396010251,1.8071472304996563,-0.5481878498962528,1.4564621576202332,-3.5133210825310175,3041.25
2434,1.4667901325272859,-1.2618901292431428,1.8071472616222457,-0.5481878908489688,1.4564620857058848,-3.6737790202763136,3042.5
2435,1.4667900641391347,-1.261890121572216,1.807147289234293,-0.5481879256270432,1.4564620170100278,-3.8242369580217925,3043.75
2436,1.4667899955874661,-1.2618901252362942,1.8071473060387473,-0.5481879382589152,1.4564619483536643,-3.964694895767474,3045.0
2437,1.466789931916381,-1.2618901286394995,1.8071473216467877,-0.5481879499914497,1.4564618845853377,-4.09515283351333,3046.25
2438,1.466789873433461,-1.2618901417113708,1.807147326457316,-0.5481879412941875,1.4564618261915896,-4.215610771259319,3047.5
2439,1.4667898198071325,-1.2618901537478475,1.8071473308203407,-0.5481879332210061,1.4564617726479279,-4.326068709005448,3048.75
2440,1.466789772926149,-1.2618901680358654,1.8071473310281363,-0.5481879187905379,1.4564617259067898,-4.426526646751674,3050.0
2441,1.466789732799752,-1.261890184591759,1.8071473270623224,-0.5481878979681329,1.4564616859777328,-4.516984584498032,3051.25
2442,1.466789697109273,-1.2618901993174174,1.807147323534918,-0.5481878794476152,1.4564616504627779,-4.597442522244438,3052.5
2443,1.4667896659241808,-1.261890212265705,1.8071473203747173,-0.5481878631054169,1.4564616194325155,-4.667900459990828,3053.75
2444,1.4667896438113714,-1.2618902269116277,1.8071473129002569,-0.548187840818158,1.4564615975275585,-4.7283583977371055,3055.0
2445,1.4667896253561148,-1.2618902391350526,1.8071473066621047,-0.5481878222173064,1.4564615792457747,-4.77881633548331,3056.25
2446,1.466789610558411,-1.2618902489359791,1.8071473016602588,-0.548187807302862,1.456461564587164,-4.81927427322949,3057.5
2447,1.4667895994182598,-1.2618902563144068,1.807147297894719,-0.5481877960748244,1.4564615535517262,-4.849732210975717,3058.75
2448,1.4667895919356615,-1.2618902612703367,1.8071472953654872,-0.5481877885331945,1.4564615461394617,-4.870190148721928,3060.0
2449,1.4667895881106157,-1.2618902638037695,1.8071472940725637,-0.5481877846779722,1.4564615423503697,-4.880648086468122,3061.25
2450,1.4666228326441335,-1.2633298691269865,1.8092075202198787,-0.5488082408063854,1.4562911533389025,-4.882155419874662,3062.5
2451,1.466583765700423,-1.2636671576542273,1.8096902190683075,-0.548953612561573,1.4562512350523333,-4.874845107045497,3063.75
2452,1.4665383791036284,-1.2640590328028503,1.8102510417494682,-0.5491225153102607,1.4562048592966863,-4.857695164338266,3065.0
2453,1.4664665279304967,-1.264679407343753,1.8111388758327864,-0.5493899039557069,1.4561314421937657,-4.830545221631009,3066.25
2454,1.4663682121810284,-1.2655282812769344,1.8123537213182608,-0.549755778497911,1.456030983743571,-4.793395278923781,3067.5
2455,1.4662422473311323,-1.2666062010737253,1.8138908650724146,-0.550214877414301,1.4559023229483012,-4.746245177057765,3068.75
2456,1.466089236661051,-1.267912887609313,1.8157527058916059,-0.5507698796027063,1.4557460511103257,-4.689095034343627,3070.0
2457,1.4659094525372536,-1.2694482151374764,1.817940327317947,-0.551421994792419,1.4555624351870067,-4.6219448916293855,3071.25
2458,1.465701383976703,-1.2712129700028343,1.8204479270033453,-0.552164633809809,1.4553499942311228,-4.5447945370965455,3072.5
2459,1.4654662179586353,-1.2732065338683578,1.8232800618660496,-0.5530029722879996,1.4551098916298824,-4.457644165553036,3073.75
2460,1.4652021939733726,-1.2754298796297865,1.8264301006284835,-0.5539294039537174,1.4548404011783127,-4.36049354521282,3075.0
2461,1.4649101937318312,-1.2778825403007557,1.829901411776679,-0.5549477652834875,1.4545423872149723,-4.253342818309815,3076.25
2462,1.4645890567845088,-1.2805651987729143,1.8336897215216779,-0.55605309827196,1.454214711530341,-4.136191846421714,3077.5
2463,1.4642382496484703,-1.2834782375751885,1.837793225698412,-0.5572432156018033,1.4538568503895513,-4.009040580858808,3078.75
2464,1.4638576901413587,-1.286621756382771,1.8422117423068112,-0.5585178354841759,1.4534687228222012,-3.8718890395567955,3080.0
2465,1.4634466938669075,-1.289996247747212,1.8469429619958733,-0.5598741552028735,1.4530496569188038,-3.7247371636066324,3081.25
2466,1.4630045591726137,-1.293602255873558,1.851984610069116,-0.5613093550065753,1.4525989635460268,-3.5675848964301515,3082.5
2467,1.4625460197134041,-1.2973159442246487,1.8571614157074778,-0.5627720151518869,1.4521316799574175,-3.4058482944395907,3083.75
2468,1.4621106598635858,-1.300818387654475,1.862029825495979,-0.5641375468404797,1.4516881367694252,-3.2534140245964585,3085.0
2469,1.4617009577969409,-1.304093276226801,1.8665693586331953,-0.565401781749197,1.451270840262594,-3.1109794010155376,3086.25
2470,1.4613170556957313,-1.307140582627626,1.870780674466392,-0.5665654066773358,1.4508799294752768,-2.9785444287588434,3087.5
2471,1.460960081947078,-1.3099594672991786,1.874667515177808,-0.5676330047173752,1.4505165124067765,-2.856109222557049,3088.75
2472,1.4606307430502479,-1.312549373773042,1.878232149751529,-0.5686074021815803,1.4501812830186498,-2.7436738430908805,3090.0
2473,1.4603287594246102,-1.3149105637758427,1.8814737804242787,-0.5694875392223001,1.4498739663837354,-2.641238245416801,3091.25
2474,1.4600549958354452,-1.3170423414149237,1.8843951492882511,-0.5702768548827126,1.4495954120283117,-2.548802514114888,3092.5
2475,1.4598099525718387,-1.3189442734437185,1.8869977681255663,-0.5709772948172214,1.4493461116561939,-2.4663666818436054,3093.75
2476,1.4595936843609476,-1.320616335813503,1.8892818592707892,-0.5715891054672902,1.4491261188788405,-2.393930751409411,3095.0
2477,1.4594065413947424,-1.322058216795455,1.8912484602213189,-0.5721136365009216,1.4489357779430863,-2.331494739173377,3096.25
2478,1.4592493719901891,-1.323269160385617,1.8929000825433127,-0.5725541565583794,1.4487759227685038,-2.279058726937376,3097.5
2479,1.4591214829511092,-1.3242498010279624,1.8942347147886376,-0.5729080188656828,1.4486458717967203,-2.2366226425446656,3098.75
2480,1.459023444522518,-1.3249996172552667,1.8952540125195598,-0.5731774011777979,1.4485461856968984,-2.2041865234260256,3100.0
2481,1.4589556311736387,-1.3255182664232306,1.8959590625048752,-0.5733637333842174,1.4484772326510087,-2.1817504043074254,3101.25
2482,1.4589180429044717,-1.3258057485318553,1.8963498647445856,-0.5734670154849415,1.448439012659051,-2.1693142851888085,3102.5
2483,1.458762083781068,-1.3269961624742754,1.8979666515683358,-0.573893231795838,1.4482804448529567,-2.1662311632891194,3103.75
2484,1.4586963411496523,-1.3274976229488231,1.8986475110538512,-0.5740725649823357,1.4482136043504399,-2.1719075499356792,3105.0
2485,1.4586962293997623,-1.3274977233874514,1.898647187580461,-0.574072141343116,1.4482134946428709,-2.1871777326877924,3106.25
2486,1.458696044468109,-1.3274978896004255,1.8986466522737242,-0.5740714402748526,1.4482133130909949,-2.212447915439941,3107.5
2487,1.4586957863345402,-1.3274981215715917,1.8986459050741065,-0.5740704615258723,1.44821305953756,-2.2477180908070244,3108.75
2488,1.458695454935302,-1.3274984192499164,1.8986449457932646,-0.5740692043003421,1.4482127334853636,-2.2929882409939686,3110.0
2489,1.458695050331262,-1.3274987826842246,1.8986437746110179,-0.5740676693585849,1.448212335409506,-2.348258391180993,3111.25
2490,1.4586948048621098,-1.3274989929817727,1.8986430740755385,-0.5740667581946277,1.4482120936521115,-2.413528532910524,3112.5
2491,1.4586948041205057,-1.3274989695036796,1.898643095633809,-0.5740668029138997,1.448212092333159,-2.488798665139029,3113.75
2492,1.4586948032869476,-1.3274989429036665,1.8986431200481173,-0.574066853545759,1.4482120908909901,-2.5740687931267265,3115.0
2493,1.4586948020661488,-1.3274989132493407,1.8986431473449397,-0.5740669100579988,1.4482120890304409,-2.6693389176134485,3116.25
2494,1.4586947854603833,-1.3274988839706363,1.8986431788453726,-0.5740669707224205,1.4482120719032858,-2.774609030956629,3117.5
2495,1.4586947672773307,-1.3274988519108466,1.8986432133389541,-0.5740670371529927,1.4482120531503373,-2.8898791387638427,3118.75
2496,1.4586947390883291,-1.3274988205533105,1.8986432500413861,-0.5740671050238758,1.4482120243712298,-3.015149239259843,3120.0
2497,1.4586946994208405,-1.3274987905064815,1.8986432888153582,-0.5740671735781115,1.4482119840979175,-3.1504193331962766,3121.25
2498,1.4586946504368608,-1.327498762466372,1.8986433284076103,-0.574067240878474,1.448211934520169,-3.295689424556833,3122.5
2499,1.4586945875573547,-1.3274987394655668,1.898643367349067,-0.5740673023904528,1.448211871099908,-3.450959512094302,3123.75
2500,1.4586945139315994,-1.3274987229749469,1.8986434033979651,-0.5740673544234385,1.4482117970190087,-3.6150517121870345,3125.0
2501,1.4586944372817678,-1.327498713131255,1.8986434342299219,-0.5740673945698492,1.4482117200202227,-3.773457736638953,3126.25
2502,1.4586943610183851,-1.3274987141145393,1.898643455051201,-0.5740674138784793,1.448211643593379,-3.9218637610909974,3127.5
2503,1.4586942885498038,-1.3274987181122997,1.8986434720351213,-0.5740674263608198,1.4482115710216956,-4.060269785543267,3128.75
2504,1.458694221569766,-1.3274987300981786,1.8986434801512122,-0.5740674220232189,1.4482115040877086,-4.188675809995662,3130.0
2505,1.4586941598935448,-1.3274987440192607,1.898643484987101,-0.574067412506508,1.4482114425030632,-4.307081834448249,3131.25
2506,1.4586941049772704,-1.3274987594989047,1.8986434864724888,-0.5740673981272296,1.448211387720911,-4.415487858901019,3132.5
2507,1.4586940581378212,-1.327498778858543,1.8986434821095182,-0.5740673740746284,1.4482113411008182,-4.513893883353848,3133.75
2508,1.4586940160581872,-1.3274987962508544,1.898643478189906,-0.5740673524662467,1.4482112992182492,-4.602299907806769,3135.0
2509,1.458693979920139,-1.3274988125709903,1.898643473558523,-0.5740673312597696,1.4482112632730286,-4.680705932259729,3136.25
2510,1.4586939530698069,-1.3274988303535187,1.8986434649446597,-0.5740673046724772,1.4482112366624027,-4.7491119567126505,3137.5
2511,1.458693930144616,-1.327498845536491,1.8986434575900224,-0.5740672819718736,1.4482112139418761,-4.807517981165442,3138.75
2512,1.4586939111445667,-1.3274988581199048,1.8986434514946073,-0.5740672631579579,1.4482111951114498,-4.855924005618179,3140.0
2513,1.4586938960696587,-1.327498868103763,1.8986434466584186,-0.574067248230731,1.448211180171123,-4.894330030070937,3141.25
2514,1.4586938849198923,-1.327498875488066,1.8986434430814565,-0.574067237190193,1.4482111691208963,-4.922736054523736,3142.5
2515,1.4586938776952671,-1.3274988802728138,1.898643440763721,-0.574067230036344,1.4482111619607692,-4.9411420789764895,3143.75
2516,1.4588180953281935,-1.3265293328935146,1.8973670739887183,-0.573760536422075,1.4483371663736553,-4.950459430506696,3145.0
2517,1.4593542909499393,-1.3223443119276428,1.8918576951325121,-0.572436721652641,1.4488810740741054,-4.9513099959217906,3146.25
2518,1.459556502767931,-1.320766063292658,1.8897800107297185,-0.5719374914420681,1.4490861911836208,-4.943283013866378,3147.5
2519,1.4595565083320383,-1.3207660592059696,1.8897800134429776,-0.5719374998352305,1.4490861900920597,-4.926568937919247,3148.75
2520,1.45955651722514,-1.3207660526742226,1.8897800177795745,-0.571937513250006,1.4490861883474195,-4.899854861972127,3150.0
2521,1.4595565294472364,-1.320766043697418,1.889780023739509,-0.5719375316863945,1.4490861859497004,-4.8631407860249904,3151.25
2522,1.4595565449983274,-1.3207660322755552,1.8897800313227815,-0.5719375551443963,1.4490861828989021,-4.816426710077893,3152.5
2523,1.4595565640511956,-1.320766018731977,1.8897800417483266,-0.5719375887008726,1.4490861804991115,-4.759712642958002,3153.75
2524,1.4595565864922997,-1.3207660028542019,1.8897800542151346,-0.5719376290196212,1.4490861778933626,-4.692998577199773,3155.0
2525,1.459556619184263,-1.3207659867959238,1.8897800615766518,-0.5719376580487477,1.4490862008090581,-4.616284522121044,3156.25
2526,1.4595566602237795,-1.3207659699492995,1.8897800657602002,-0.5719376805784193,1.4490862420851802,-4.529570472964812,3157.5
2527,1.4595567060341834,-1.3207659511461518,1.8897800703871068,-0.5719377055725199,1.4490862884248124,-4.432856435480199,3158.75
2528,1.459556758969276,-1.3207659346623835,1.8897800706290493,-0.57193772331982,1.4490863416367197,-4.326142404668017,3160.0
2529,1.4595568193313553,-1.3207659210438658,1.8897800658662667,-0.571937732569616,1.4490864019631247,-4.209428381984096,3161.25
2530,1.459556884897787,-1.3207659073756743,1.889780059659081,-0.5719377404528866,1.4490864674993045,-4.082714367254896,3162.5
2531,1.4595569559621169,-1.3207659034764558,1.8897800429322027,-0.5719377281203479,1.4490865386640173,-3.946000358164894,3163.75
2532,1.4595570318102506,-1.3207659002423349,1.8897800242284586,-0.5719377131794161,1.4490866146348356,-3.7992863496175158,3165.0
2533,1.4595571070932265,-1.3207659099465916,1.8897799938163011,-0.5719376735864131,1.4490866902625432,-3.642572348142592,3166.25
2534,1.459557183069648,-1.320765924280419,1.8897799589584947,-0.571937624921849,1.4490867666646539,-3.4766641089820194,3167.5
2535,1.4595572478139598,-1.3207659480091574,1.8897799186901572,-0.5719375613709343,1.4490868319689423,-3.31562728614208,3168.75
2536,1.4595573003302003,-1.3207659757027828,1.8897798782777642,-0.5719374936246583,1.4490868850840377,-3.1645904633019857,3170.0
2537,1.459557341391252,-1.3207660068491818,1.8897798379703525,-0.5719374224497007,1.4490869267758866,-3.0235536404617576,3171.25
2538,1.459557371407116,-1.3207660391495493,1.8897797997598764,-0.5719373521402722,1.4490869574161027,-2.8925168176213463,3172.5
2539,1.4595573903664787,-1.3207660726085644,1.8897797636452802,-0.571937282690557,1.4490869769934258,-2.771479994780743,3173.75
2540,1.4595574067364865,-1.3207661035339657,1.8897797305949946,-0.571937218821327,1.4490869939318622,-2.6604431719400123,3175.0
2541,1.4595574076918147,-1.320766134818927,1.889779701618899,-0.5719371585589714,1.4490869954252004,-2.559406349099129,3176.25
2542,1.4595574085525904,-1.3207661630074923,1.8897796755106735,-0.5719371042610112,1.4490869967707367,-2.468369526258163,3177.5
2543,1.4595574093188137,-1.3207661880996635,1.8897796522703203,-0.5719370559274461,1.449086997968472,-2.3873327034171705,3178.75
2544,1.4595574003000271,-1.3207662106271085,1.8897796341786828,-0.5719370152396333,1.4490869893140592,-2.3162958805762086,3180.0
2545,1.459557391846623,-1.320766230021955,1.8897796187995923,-0.5719369804017128,1.4490869811727256,-2.2552590577353344,3181.25
2546,1.4595573847781869,-1.320766246239234,1.8897796059401408,-0.5719369512714814,1.4490869743652321,-2.2042222348945018,3182.5
2547,1.4595573790947185,-1.3207662592789478,1.88977959560033,-0.571936927848939,1.449086968891578,-2.1631854120536893,3183.75
2548,1.459557374796218,-1.3207662691410973,1.8897795877801613,-0.5719369101340858,1.4490869647517635,-2.1321485892128935,3185.0
2549,1.4595573718826858,-1.3207662758256828,1.8897795824796348,-0.5719368981269215,1.449086961945789,-2.111111766372058,3186.25
2550,1.4595874808868476,-1.3205283533225907,1.8894644909770584,-0.5718597594531575,1.4491175177892874,-2.099799354400772,3187.5
2551,1.460065869515757,-1.3167482449210979,1.8844584415042256,-0.5706343003958867,1.449603004748492,-2.096330791991399,3188.75
2552,1.460407829385564,-1.3140461671436665,1.8808800487361095,-0.5697583311476963,1.4499500364819924,-2.102372170310258,3190.0
2553,1.4604078306197574,-1.3140461630095623,1.8808800532178922,-0.5697583425762877,1.4499500327247423,-2.1164303294439484,3191.25
2554,1.4604078327318701,-1.3140461559347427,1.880880060887704,-0.5697583621343868,1.4499500262948448,-2.140488488577596,3192.5
2555,1.4604078357219024,-1.3140461459192083,1.8808800717455458,-0.5697583898219938,1.4499500171923003,-2.174546647711259,3193.75
2556,1.460407839589854,-1.3140461329629585,1.8808800857914172,-0.5697584256391085,1.4499500054171084,-2.2186048068449367,3195.0
2557,1.4604078441414317,-1.3140461168761821,1.8808801022847184,-0.5697584664480919,1.4499499894611714,-2.2726629561654006,3196.25
2558,1.460407849395068,-1.3140460976768864,1.8808801212957116,-0.569758512546616,1.4499499694675633,-2.3367210990437983,3197.5
2559,1.4604078527990205,-1.3140460752199505,1.880880142848456,-0.5697585617205793,1.4499499547730512,-2.4107792356630204,3198.75
2560,1.4604078519383532,-1.314046049269769,1.8808801665576034,-0.5697586102424834,1.4499499529940256,-2.494837361955176,3200.0
2561,1.4604078510021234,-1.3140460202231938,1.8808801930613992,-0.5697586644494336,1.449949951218017,-2.588895479927958,3201.25
2562,1.460407846264237,-1.314045988953397,1.880880222773099,-0.5697587242518173,1.4499499457345573,-2.6929535910625066,3202.5
2563,1.4604078285329372,-1.3140459576129728,1.8808802567012188,-0.5697587893866418,1.4499499274799699,-2.8070116932821767,3203.75
2564,1.4604078092475465,-1.31404592352583,1.8808802936078854,-0.5697588602483936,1.4499499076286415,-2.9310697860973107,3205.0
2565,1.4604077734321537,-1.3140458928805232,1.8808803320864382,-0.5697589291294212,1.4499498712128611,-3.0651278734978398,3206.25
2566,1.4604077317909678,-1.314045861252862,1.8808803731397687,-0.5697590015283547,1.4499498289283723,-3.209185959839126,3207.5
2567,1.4604076735390144,-1.3140458365246792,1.8808804126017886,-0.5697590653157547,1.4499497701121238,-3.3632440407591484,3208.75
2568,1.4604076078156938,-1.3140458127408474,1.8808804533357382,-0.5697591293773677,1.4499497038229539,-3.527298818404646,3210.0
2569,1.4604075297433166,-1.3140458026420618,1.8808804850108591,-0.5697591706048714,1.4499496253908293,-3.6909937395180434,3211.25
2570,1.4604074550765833,-1.3140457962919048,1.880880512258797,-0.5697592036795722,1.4499495504369486,-3.844688660631026,3212.5
2571,1.4604073809199112,-1.3140458003398394,1.8808805297880262,-0.5697592166384614,1.4499494761732123,-3.9883835817438213,3213.75
2572,1.4604073119952612,-1.314045806439187,1.880880543929037,-0.5697592241939924,1.4499494071892527,-4.122078502856258,3215.0
2573,1.460407248491149,-1.3140458207570263,1.8808805489503835,-0.5697592144474226,1.4499493437801223,-4.245773423968374,3216.25
2574,1.460407190120967,-1.3140458339173482,1.880880553565776,-0.5697592054888033,1.4499492854972436,-4.3594683450802565,3217.5
2575,1.4604071405203158,-1.3140458523425644,1.8808805508206603,-0.5697591839651235,1.449949236095359,-4.463163266191798,3218.75
2576,1.4604070965658171,-1.3140458705151234,1.8808805466897651,-0.5697591613480824,1.4499491923487338,-4.55685818730327,3220.0
2577,1.4604070573025538,-1.314045886748134,1.880880542999754,-0.5697591411449431,1.4499491532711584,-4.640553108414507,3221.25
2578,1.4604070266475793,-1.3140459040167078,1.8808805358889844,-0.5697591165457467,1.4499491228401957,-4.7142480295256615,3222.5
2579,1.460407002007302,-1.3140459203509414,1.8808805279143612,-0.5697590920595598,1.4499490984221892,-4.7779429506367235,3223.75
2580,1.4604069812355085,-1.3140459341207253,1.8808805211917394,-0.5697590714176641,1.4499490778377702,-4.831637871747719,3225.0
2581,1.4604069643321989,-1.3140459453260593,1.8808805157211186,-0.5697590546200599,1.4499490610869388,-4.875332792858691,3226.25
2582,1.460406951297373,-1.3140459539669458,1.880880511502502,-0.5697590416667476,1.449949048169695,-4.909027713969618,3227.5
2583,1.460406942131031,-1.3140459600433845,1.8808805085358888,-0.5697590325577276,1.4499490390860394,-4.932722635080641,3228.75
2584,1.460406936833173,-1.3140459635553754,1.8808805068212795,-0.5697590272929999,1.449949033835971,-4.946417556191619,3230.0
2585,1.460763449441399,-1.311194029931081,1.8770814006477838,-0.5688122121396858,1.450311000936101,-4.952193985821177,3231.25
2586,1.4612233154991041,-1.3075153473912777,1.8721809743989832,-0.5675909298174662,1.4507779011385984,-4.948392992267325,3232.5
2587,1.4612455491513268,-1.3073375173353443,1.8719440899111033,-0.5675318987585863,1.4508004703601622,-4.936805613770927,3233.75
2588,1.4612455561862592,-1.3073375121770736,1.8719440933552112,-0.5675319093665149,1.4508004690312477,-4.915430042137134,3235.0
2589,1.4612455665123005,-1.307337504605641,1.8719440984105544,-0.5675319249370845,1.4508004670806356,-4.884054470503381,3236.25
2590,1.4612455801294502,-1.307337494621047,1.8719441050771333,-0.567531945470295,1.4508004645083257,-4.84267889886964,3237.5
2591,1.4612455970990088,-1.307337482340504,1.8719441137954933,-0.5675319727925339,1.4508004617829446,-4.791303327291931,3238.75
2592,1.46124561750531,-1.3073374679252667,1.8719441251717148,-0.5675320094164495,1.4508004595492041,-4.729927755826756,3240.0
2593,1.4612456423262703,-1.3073374515136753,1.8719441372840875,-0.5675320492410467,1.4508004610628367,-4.658552186183889,3241.25
2594,1.4612456802874139,-1.3073374359266516,1.87194414118646,-0.5675320701169477,1.4508004992402221,-4.577176631321024,3242.5
2595,1.4612457229289606,-1.3073374184185367,1.8719441455522325,-0.5675320935030967,1.4508005422337522,-4.485801081530397,3243.75
2596,1.4612457702611512,-1.3073373989855916,1.8719441503707146,-0.5675321193630026,1.4508005901259287,-4.38442553917848,3245.0
2597,1.4612458268964115,-1.307337385932607,1.871944146147743,-0.5675321286132924,1.450800646747758,-4.273050008206678,3246.25
2598,1.4612458887722297,-1.307337371986625,1.8719441412224203,-0.5675321380379926,1.4508007085830879,-4.151674484425738,3247.5
2599,1.4612459559413116,-1.3073373634374277,1.8719441297956168,-0.5675321356178025,1.4508007757878003,-4.020298967029876,3248.75
2600,1.4612460283804858,-1.307337359502061,1.8719441125975835,-0.5675321228666981,1.4508008483306025,-3.878923452424388,3250.0
2601,1.461246102745033,-1.307337362639952,1.8719440883118055,-0.5675320959676683,1.4508009229263392,-3.727547941471686,3251.25
2602,1.4612461791630955,-1.307337372556623,1.8719440571733954,-0.5675320554510865,1.4508009996985618,-3.566172437039361,3252.5
2603,1.461246248088408,-1.3073373931844157,1.8719440182945826,-0.5675319964272645,1.450801069145261,-3.4004240152009055,3253.75
2604,1.4612463100636166,-1.307337415977077,1.871943979414568,-0.5675319351876291,1.4508011316626543,-3.2440512865761626,3255.0
2605,1.461246352660685,-1.3073374475349804,1.8719439380099676,-0.5675318625188621,1.4508011749069971,-3.0976785579516912,3256.25
2606,1.4612463918009722,-1.3073374772993762,1.8719438992563824,-0.5675317942705936,1.4508012146552935,-2.961305829327478,3257.5
2607,1.4612464124075422,-1.3073375113579284,1.8719438618658755,-0.5675317229590207,1.4508012358997298,-2.834933100703621,3258.75
2608,1.4612464303798363,-1.3073375431363887,1.8719438273393645,-0.5675316567734511,1.4508012544641844,-2.7185603720799847,3260.0
2609,1.4612464387850501,-1.3073375739919888,1.8719437964168266,-0.5675315950472302,1.4508012634227176,-2.61218764345662,3261.25
2610,1.4612464396864604,-1.3073376034597786,1.8719437689344183,-0.5675315380961817,1.450801264835508,-2.5158149148334514,3262.5
2611,1.4612464404943368,-1.3073376298698727,1.8719437443036828,-0.567531487054589,1.4508012661017018,-2.429442186210456,3263.75
2612,1.4612464370062244,-1.307337653450566,1.8719437235223197,-0.5675314426620592,1.4508012630127323,-2.3530694575876034,3265.0
2613,1.4612464279471205,-1.3073376742711198,1.8719437068930236,-0.5675314051429851,1.450801254291743,-2.286696728964868,3266.25
2614,1.4612464202529,-1.3073376919547588,1.871943692769168,-0.5675313732766954,1.450801246884695,-2.2303240003421547,3267.5
2615,1.461246413923563,-1.3073377065014813,1.8719436811507502,-0.5675313470631902,1.4508012407915891,-2.183951271719538,3268.75
2616,1.4612464089591095,-1.3073377179112908,1.8719436720377747,-0.5675313265024695,1.4508012360124245,-2.14757854309691,3270.0
2617,1.4612464053595395,-1.307337726184187,1.8719436654302408,-0.5675313115945337,1.450801232547202,-2.1212058144742407,3271.25
2618,1.4612464031248529,-1.3073377313201697,1.8719436613281488,-0.5675313023393826,1.450801230395921,-2.104833085851561,3272.5
2619,1.461455782287163,-1.3056420678655496,1.8696717107813057,-0.5669552241439638,1.4510139111655171,-2.097046455086057,3273.75
2620,1.4619657822864405,-1.3015118327311248,1.8641377901507838,-0.5655520478584445,1.4515319523394565,-2.0982006096912817,3275.0
2621,1.4620733734951987,-1.3006405092313258,1.8629703486150588,-0.5652560390425484,1.451641236740557,-2.107731171366245,3276.25
2622,1.462073375126726,-1.3006405038091138,1.8629703545263034,-0.5652560540498263,1.4516412318559877,-2.1264045448354065,3277.5
2623,1.462073377631972,-1.3006404954831883,1.8629703636031492,-0.5652560770938297,1.451641224355625,-2.155077918304526,3278.75
2624,1.4620733810109365,-1.3006404842535502,1.8629703758455955,-0.5652561081745587,1.4516412142394683,-2.1937512917736317,3280.0
2625,1.4620733852451666,-1.3006404701017416,1.8629703911819526,-0.5652561469897945,1.4516412013624684,-2.242424663842582,3281.25
2626,1.4620733900429044,-1.300640452735947,1.8629704084787433,-0.5652561887612171,1.4516411834312666,-2.3010980157587717,3282.5
2627,1.4620733956583454,-1.3006404324104106,1.8629704287235151,-0.5652562376519572,1.4516411624439585,-2.3697713676749768,3283.75
2628,1.462073395979933,-1.3006404085346013,1.8629704509673606,-0.5652562843603046,1.4516411573359922,-2.448444705656948,3285.0
2629,1.4620733950881901,-1.3006403815005712,1.8629704758381318,-0.56525633507255,1.451641155520792,-2.5371180392904322,3286.25
2630,1.462073394130217,-1.3006403514058615,1.8629705034798811,-0.5652563913901191,1.4516411537790637,-2.635791362160222,3287.5
2631,1.4620733820289287,-1.3006403208442996,1.8629705351302381,-0.5652564530554446,1.4516411410733232,-2.7444646768196455,3288.75
2632,1.4620733638378733,-1.3006402886346484,1.862970570238601,-0.5652565202400748,1.4516411223401446,-2.8631379837503586,3290.0
2633,1.4620733390197518,-1.3006402558175545,1.8629706078259758,-0.5652565904730452,1.4516410969401619,-2.991811283393793,3291.25
2634,1.4620732994992294,-1.3006402257307368,1.8629706471267784,-0.5652566595889813,1.4516410568026137,-3.130484578605436,3292.5
2635,1.4620732527406217,-1.3006401963854721,1.8629706878286003,-0.5652567293121091,1.4516410094220404,-3.2791578719686805,3293.75
2636,1.4620731902973545,-1.3006401733854152,1.862970727172942,-0.5652567912171914,1.4516409464292872,-3.4378311584878714,3295.0
2637,1.4620731187016704,-1.3006401559591538,1.8629707639907258,-0.5652568449553677,1.4516408743589317,-3.6042022770488042,3296.25
2638,1.462073043904472,-1.300640146223956,1.8629707946016278,-0.5652568847709487,1.451640799212947,-3.763279385062232,3297.5
2639,1.4620729698587906,-1.3006401461871924,1.8629708160037564,-0.5652569056823439,1.4516407249886527,-3.9123564930753028,3298.75
2640,1.4620728991014782,-1.3006401500137985,1.8629708328749985,-0.5652569182219808,1.4516406541277003,-4.051433601088019,3300.0
2641,1.4620728336568751,-1.3006401609146367,1.8629708416542328,-0.5652569156315226,1.4516405887150372,-4.1805107091005755,3301.25
2642,1.462072773390212,-1.3006401744891312,1.8629708464603378,-0.5652569064305235,1.4516405285391745,-4.2995878171128314,3302.5
2643,1.4620727193866094,-1.3006401890506312,1.8629708485439482,-0.5652568935644046,1.4516404746585618,-4.408664925124814,3303.75
2644,1.4620726735670702,-1.3006402079986643,1.8629708441988422,-0.5652568699402845,1.451640429057835,-4.507742033136657,3305.0
2645,1.462072632372165,-1.3006402250342401,1.8629708402922884,-0.5652568487005807,1.4516403880596576,-4.596819141148238,3306.25
2646,1.4620725965454053,-1.3006402407233935,1.862970836084936,-0.5652568285450676,1.4516403524191537,-4.675896249159802,3307.5
2647,1.4620725702031225,-1.3006402581998646,1.8629708274834562,-0.5652568022752457,1.4516403263169508,-4.744973357171112,3308.75
2648,1.4620725476743006,-1.300640273146341,1.8629708201271757,-0.5652567798083944,1.4516403039934531,-4.804050465182377,3310.0
2649,1.462072528958939,-1.3006402855628205,1.862970814016092,-0.565256761144513,1.451640285448661,-4.853127573193598,3311.25
2650,1.4620725140570379,-1.3006402954493057,1.8629708091502089,-0.5652567462836025,1.4516402706825737,-4.892204681204773,3312.5
2651,1.4620725029685975,-1.3006403028057967,1.8629708055295255,-0.5652567352256628,1.4516402596951918,-4.921281789215987,3313.75
2652,1.4620724956936175,-1.3006403076322939,1.8629708031540433,-0.565256727970694,1.451640252486515,-4.9403588972272425,3315.0
2653,1.4621629100327627,-1.299899011113063,1.8619718725843994,-0.5649991836925325,1.4517321356395183,-4.950195571221444,3316.25
2654,1.4626610257937545,-1.2958151695935896,1.856468736030042,-0.5635803834158363,1.4522383427362011,-4.951765637110713,3317.5
2655,1.4628881267141174,-1.2939532850371722,1.8539597775179573,-0.5629335356968233,1.452469129836102,-4.944293323924026,3318.75
2656,1.4628881319024851,-1.2939532812395536,1.8539597800690315,-0.5629335435190107,1.4524691288909433,-4.9283481334923085,3320.0
2657,1.4628881403447291,-1.293953275060265,1.8539597842200073,-0.5629335562468701,1.45246912735303,-4.9024029430606575,3321.25
2658,1.4628881520408492,-1.2939532664993059,1.8539597899708848,-0.5629335738804015,1.4524691252223616,-4.866457752629046,3322.5
2659,1.4628881669908456,-1.2939532555566766,1.8539597973216644,-0.5629335964196049,1.4524691224989386,-4.82051256219739,3323.75
2660,1.462888185341948,-1.2939532425201308,1.8539598073501145,-0.5629336283112019,1.452469120322677,-4.764567380941653,3325.0
2661,1.4628882070154132,-1.2939532272357661,1.853959819479804,-0.5629336671769187,1.4524691180839062,-4.698622202067085,3326.25
2662,1.4628882377633892,-1.2939532115254062,1.8539598274402067,-0.5629336971185539,1.4524691373984688,-4.6226770325963935,3327.5
2663,1.4628882772901664,-1.2939531952923997,1.8539598315383103,-0.5629337188931595,1.4524691771478397,-4.536731870304694,3328.75
2664,1.4628883214487634,-1.2939531771585067,1.8539598360784126,-0.5629337430827005,1.4524692217893196,-4.440786718874003,3330.0
2665,1.462888372176136,-1.2939531606470223,1.853959837027113,-0.562933761632797,1.4524692728252298,-4.334841574191992,3331.25
2666,1.4628884304520864,-1.2939531475251538,1.8539598323503312,-0.5629337704699612,1.4524693310656007,-4.218896437803304,3332.5
2667,1.462888493760159,-1.293953133496455,1.8539598270556075,-0.562933779620449,1.4524693943323232,-4.0929513096740235,3333.75
2668,1.4628885624378003,-1.2939531297976345,1.8539598106078732,-0.562933767362724,1.4524694631098851,-3.9570061877294442,3335.0
2669,1.4628886361672417,-1.29395312582676,1.8539597929503593,-0.5629337542037377,1.4524695369461342,-3.8110610659238677,3336.25
2670,1.4628887090187723,-1.2939531352335618,1.8539597630989788,-0.5629337154657788,1.452469610137533,-3.655115951203428,3337.5
2671,1.4628887836501319,-1.2939531482126816,1.8539597294078545,-0.5629336693276946,1.4524696851754029,-3.4896002821251413,3338.75
2672,1.4628888468780294,-1.2939531715344914,1.8539596893945214,-0.5629336064404321,1.4524697489627236,-3.3277997618254584,3340.0
2673,1.462888899432267,-1.2939531979051822,1.853959649635055,-0.5629335406808972,1.4524698021037854,-3.175999241525962,3341.25
2674,1.4628889395618274,-1.2939532284868451,1.8539596095551476,-0.5629334702998612,1.45246984286361,-3.0341987212267227,3342.5
2675,1.462888970224515,-1.2939532596566605,1.853959571669511,-0.5629334014569228,1.4524698741439628,-2.902398200927953,3343.75
2676,1.4628889887742786,-1.2939532925089638,1.8539595357260892,-0.5629333327864564,1.4524698933114926,-2.7805976806293398,3345.0
2677,1.4628890058010797,-1.2939533226640398,1.8539595027336688,-0.5629332697539354,1.45246991090534,-2.66879716033108,3346.25
2678,1.4628890069178206,-1.293953353360963,1.8539594738445642,-0.5629332101686704,1.4524699125601628,-2.5669966400329827,3347.5
2679,1.4628890077673637,-1.2939533810779429,1.8539594478058858,-0.5629331564125626,1.4524699138951696,-2.4751961197351027,3348.75
2680,1.4628890085243644,-1.2939534057756585,1.853959424603646,-0.5629331085122063,1.4524699150847513,-2.3933955994373193,3350.0
2681,1.4628890005065225,-1.293953427921685,1.8539594063171267,-0.5629330680169411,1.4524699074337994,-2.321595079139699,3351.25
2682,1.4628889921920332,-1.293953447059442,1.8539593909159298,-0.5629330334138499,1.4524698994330163,-2.2597945588421484,3352.5
2683,1.462888985222919,-1.2939534631004987,1.8539593780068122,-0.562933004409917,1.4524698927268473,-2.2079940385446792,3353.75
2684,1.4628889795991802,-1.2939534760448566,1.853959367589776,-0.5629329810051427,1.452469887315293,-2.16619351824719,3355.0
2685,1.4628889753208167,-1.2939534858925164,1.8539593596648227,-0.562932963199527,1.4524698831983525,-2.134392997949775,3356.25
2686,1.4628889723878284,-1.2939534926434784,1.8539593542319524,-0.5629329509930698,1.4524698803760263,-2.1125924776523193,3357.5
2687,1.4629028572714462,-1.2938382389858378,1.8538031588502388,-0.5628920229880403,1.4524839976141315,-2.1006499173296875,3358.75
2688,1.4633268803183166,-1.2903188599708308,1.849033826812521,-0.5616424892543854,1.452915113761868,-2.0964237511148505,3360.0
2689,1.4636927354823044,-1.2872822780165627,1.844918769713781,-0.5605643769257368,1.453287087105933,-2.1018490345175302,3361.25
2690,1.4636934646391857,-1.287276231783487,1.8449105853709433,-0.5605622420921696,1.453287823909752,-2.115055095356032,3362.5
2691,1.4636934666557042,-1.2872762251330363,1.844910592665812,-0.5605622605279768,1.4532878179665956,-2.138253129702841,3363.75
2692,1.4636934695414854,-1.2872762156157693,1.844910603105287,-0.5605622869109257,1.4532878094615167,-2.17145116404958,3365.0
2693,1.4636934732965292,-1.287276203231686,1.8449106166893683,-0.5605623212410166,1.4532877983945154,-2.2146491983963905,3366.25
2694,1.4636934777652761,-1.2872761878214365,1.8449106328021543,-0.5605623609351296,1.4532877835274818,-2.2678472205577895,3367.5
2695,1.4636934829154065,-1.2872761693519128,1.8449106513156803,-0.560562405456574,1.4532877646031732,-2.331045231338461,3368.75
2696,1.4636934868475813,-1.2872761477650747,1.844910672450998,-0.5605624539688016,1.4532877488784501,-2.4042432372707285,3370.0
2697,1.463693486016341,-1.287276122721128,1.8449106956715369,-0.560562501145498,1.45328774715609,-2.487441231451004,3371.25
2698,1.4636934851070766,-1.2872760946592914,1.8449107216611345,-0.5605625539189583,1.453287745406234,-2.5806392182702167,3372.5
2699,1.4636934818207028,-1.2872760641172123,1.844910750675766,-0.5605626122267596,1.4532877413597183,-2.6838371981277884,3373.75
2700,1.4636934647074233,-1.287276033772242,1.844910783988611,-0.5605626757518508,1.4532877237288953,-2.7970351680645367,3375.0
2701,1.4636934460827662,-1.2872760007475028,1.844910820247811,-0.5605627449030905,1.4532877045438184,-2.9202331293776647,3376.25
2702,1.4636934129331094,-1.2872759704229955,1.8449108582089595,-0.5605628129571626,1.4532876707997593,-3.0534310849225403,3377.5
2703,1.4636933726890562,-1.2872759397261617,1.8449108985806597,-0.5605628837450443,1.4532876299202215,-3.1966290387972807,3378.75
2704,1.463693317754684,-1.2872759147722217,1.844910937856977,-0.5605629475854088,1.4532875744152147,-3.349826987818994,3380.0
2705,1.4636932544241792,-1.2872758913827458,1.8449109781119473,-0.5605630107781868,1.4532875105211276,-3.513024930531642,3381.25
2706,1.46369317901451,-1.2872758804618,1.8449110102309523,-0.560563053276417,1.4532874347371638,-3.677529077292338,3382.5
2707,1.4636931065200285,-1.2872758730183584,1.844911038254326,-0.5605630882217483,1.453287361936403,-3.832078914645182,3383.75
2708,1.4636930340046386,-1.2872758769086743,1.8449110556969872,-0.5605631012498397,1.453287289313282,-3.976628751997921,3385.0
2709,1.4636929665466545,-1.2872758818582866,1.8449110706802179,-0.5605631107954592,1.4532872217783963,-4.111178589350132,3386.25
2710,1.4636929043909481,-1.2872758958460597,1.8449110756798603,-0.5605631013555055,1.4532871597170234,-4.235728426702121,3387.5
2711,1.46369284722567,-1.2872759087107604,1.8449110802780773,-0.5605630926734749,1.4532871026385052,-4.350278264053891,3388.75
2712,1.4636927982195966,-1.2872759260681716,1.8449110783082154,-0.560563072988502,1.453287053817709,-4.4548281014054165,3390.0
2713,1.463692755105585,-1.2872759439004096,1.8449110741822943,-0.5605630507150574,1.4532870109115867,-4.549377938756814,3391.25
2714,1.4636927165514977,-1.2872759598466297,1.844911070492744,-0.5605630307973477,1.4532869725434021,-4.633927776108026,3392.5
2715,1.4636926858894728,-1.2872759764484776,1.8449110638969555,-0.5605630073745778,1.4532869420979113,-4.708477613458991,3393.75
2716,1.4636926616187291,-1.287275992561208,1.8449110559004285,-0.5605629830864263,1.4532869180506336,-4.773027450809941,3395.0
2717,1.4636926411079858,-1.2872760061777682,1.8449110491427148,-0.5605629625609722,1.4532868977287376,-4.827577288160771,3396.25
2718,1.4636926243572437,-1.2872760172981579,1.8449110436238132,-0.560562945798215,1.453286881132223,-4.872127125511602,3397.5
2719,1.463692611366502,-1.2872760259223792,1.8449110393437271,-0.5605629327981556,1.45328686826109,-4.906676962862445,3398.75
2720,1.4636926021357615,-1.2872760320504322,1.8449110363024561,-0.5605629235607938,1.4532868591153387,-4.931226800213327,3400.0
2721,1.4636925966650214,-1.2872760356823165,1.8449110345000002,-0.5605629180861298,1.4532868536949692,-4.945776637564194,3401.25
2722,1.4639839812108069,-1.2848276723256384,1.8415745790958316,-0.5596751129594657,1.4535832557033272,-4.952231197457236,3402.5
2723,1.464442924132393,-1.2809714337158589,1.8363195775790755,-0.5582768022758421,1.4540501000264061,-4.9493015470579165,3403.75
2724,1.4644862373390117,-1.2806075233585401,1.835823672076218,-0.5581448507668855,1.454094154885589,-4.938455399345203,3405.0
2725,1.4644862439104636,-1.2806075185573735,1.8358236753224921,-0.5581448606745603,1.4540941537290346,-4.918029878741698,3406.25
2726,1.4644862536991905,-1.2806075114056346,1.835823680158089,-0.5581448754328702,1.4540941520062503,-4.88760435813826,3407.5
2727,1.4644862667051926,-1.2806075019033232,1.8358236865830087,-0.5581448950418151,1.4540941497172355,-4.847178837534834,3408.75
2728,1.4644862829694882,-1.2806074901324118,1.8358236949030728,-0.5581449207569047,1.4540941471835884,-4.796753321805096,3410.0
2729,1.4644863026019652,-1.2806074763124973,1.8358237059375564,-0.5581449559415534,1.454094145266843,-4.736327821376674,3411.25
2730,1.4644863256076304,-1.280607460246453,1.8358237186676656,-0.5581449966284939,1.4540941435037564,-4.665902321204018,3412.5
2731,1.4644863620811475,-1.2806074452655052,1.8358237224821146,-0.5581450167560472,1.454094180180449,-4.585476837318987,3413.75
2732,1.4644864031008122,-1.2806074284176847,1.8358237267588435,-0.5581450393454623,1.45409422150895,-4.4950513573724855,3415.0
2733,1.4644864486828109,-1.2806074096969131,1.8358237314803179,-0.5581450643371724,1.454094267622907,-4.394625886153869,3416.25
2734,1.4644865028567744,-1.2806073963826963,1.8358237282142364,-0.5581450749210833,1.454094321838451,-4.284200425207554,3417.5
2735,1.4644865625443975,-1.280607382953411,1.835823723380972,-0.5581450839189592,1.454094381485979,-4.163774971673174,3418.75
2736,1.4644866273469916,-1.2806073736984551,1.8358237131456199,-0.558145083388279,1.4540944463103673,-4.033349524899843,3420.0
2737,1.464486697305143,-1.2806073699584166,1.8358236962428411,-0.558145070732504,1.4540945163715735,-3.8929240815765764,3421.25
2738,1.4644867696942867,-1.280607371831229,1.8358236733679467,-0.5581450465091224,1.454094588968986,-3.742498641320667,3422.5
2739,1.4644868435598215,-1.2806073815171168,1.8358236427362964,-0.5581450067260039,1.454094663185003,-3.5820732076630986,3423.75
2740,1.464486911906625,-1.2806074004591839,1.835823605034921,-0.5581449505747514,1.4540947320318536,-3.4159431666528315,3425.0
2741,1.4644869725336889,-1.280607422875942,1.8358235663273397,-0.5581448898857093,1.45409479320135,-3.2586255805950377,3426.25
2742,1.4644870157503331,-1.2806074528700933,1.835823525593488,-0.5581448194648186,1.454094837051392,-3.1113079945376,3427.5
2743,1.4644870540761419,-1.280607482127947,1.8358234869768812,-0.5581447518621125,1.454094875985714,-2.973990408480512,3428.75
2744,1.4644870758721105,-1.2806075149379121,1.8358234498517016,-0.558144682077849,1.4540948984124489,-2.8466728224235536,3430.0
2745,1.4644870934950163,-1.2806075461888495,1.8358234154058661,-0.5581446165019986,1.4540949166285033,-2.7293552363669447,3431.25
2746,1.4644871031792999,-1.2806075762239018,1.8358233844161527,-0.5581445555407673,1.45409492686518,-2.6220376503104657,3432.5
2747,1.4644871040705065,-1.2806076052352837,1.8358233569515954,-0.5581444990647237,1.454094928269326,-2.524720064254315,3433.75
2748,1.4644871048701362,-1.2806076312655557,1.8358233323091886,-0.558144448391952,1.4540949295291872,-2.437402478198278,3435.0
2749,1.4644871024610358,-1.2806076544813587,1.8358233112420645,-0.5581444040862628,1.4540949275229464,-2.360084892142388,3436.25
2750,1.4644870935319063,-1.2806076750597049,1.835823294550254,-0.5581443667465824,1.4540949189343517,-2.2927673060866685,3437.5
2751,1.4644870859291952,-1.2806076925811456,1.8358232803380046,-0.5581443349536963,1.454094911621589,-2.235449720030972,3438.75
2752,1.4644870796529028,-1.2806077070456783,1.8358232686053135,-0.5581443087076042,1.4540949055846586,-2.188132133975343,3440.0
2753,1.4644870747030287,-1.280607718453307,1.8358232593521848,-0.5581442880083065,1.4540949008235606,-2.1508145479197305,3441.25
2754,1.4644870710795734,-1.280607726804031,1.835823252578619,-0.5581442728558033,1.4540948973382948,-2.12349696186405,3442.5
2755,1.4644870687825366,-1.2806077320978513,1.8358232482846153,-0.5581442632500944,1.454094895128861,-2.1061793758084146,3443.75
2756,1.4646419663163674,-1.2792901179676115,1.8340178023365397,-0.5576565833618479,1.4542525372389115,-2.097659823434033,3445.0
2757,1.46512704439905,-1.2751638909357397,1.8283639040806625,-0.5561293881955348,1.4547462096176527,-2.097822915179867,3446.25
2758,1.4652700381194785,-1.273947545363488,1.8266972316206114,-0.5556792032374372,1.454891733965724,-2.106592038674086,3447.5
2759,1.4652700396441052,-1.273947540372851,1.826697237131482,-0.5556792170994505,1.4548917295376882,-2.124226637347873,3448.75
2760,1.4652700420332976,-1.2739475325521883,1.8266972457673862,-0.5556792388221549,1.4548917225986597,-2.151861236021589,3450.0
2761,1.4652700452870553,-1.2739475219014995,1.8266972575283233,-0.5556792684055504,1.4548917131486379,-2.1894958346952635,3451.25
2762,1.465270049405379,-1.273947508420785,1.826697272414294,-0.555679305849637,1.4548917011876232,-2.2371304333689532,3452.5
2763,1.4652700540957004,-1.2739474918030036,1.8266972892448683,-0.5556793462298321,1.4548916843581727,-2.2947650125083623,3453.75
2764,1.4652700595863086,-1.2739474722877366,1.8266973089411287,-0.5556793933887558,1.4548916644997818,-2.3623995908394178,3455.0
2765,1.4652700606148354,-1.2739474493850222,1.8266973307701602,-0.5556794396919927,1.4548916575250554,-2.4400341569678843,3456.25
2766,1.4652700597506578,-1.2739474233389776,1.8266973551104466,-0.5556794889482582,1.4548916557386173,-2.527668718322797,3457.5
2767,1.4652700588238428,-1.2739473943079271,1.8266973821914723,-0.5556795437021506,1.4548916540470087,-2.625303267471951,3458.75
2768,1.465270048694327,-1.2739473644305923,1.826697413055778,-0.5556796037773397,1.4548916432875836,-2.732937809621681,3460.0
2769,1.4652700311515927,-1.2739473332894045,1.826697447506275,-0.5556796692352921,1.4548916252089574,-2.850572343814185,3461.25
2770,1.4652700089298156,-1.2739473008199964,1.8266974845809925,-0.5556797386209257,1.454891602410788,-2.978206870318007,3462.5
2771,1.465269970778135,-1.273947271674137,1.8266975231940605,-0.5556798061099347,1.4548915636504112,-3.1158413916784538,3463.75
2772,1.4652699272620548,-1.2739472421325113,1.8266975637505891,-0.5556798758988309,1.4548915195050365,-3.2634759118060317,3465.0
2773,1.4652698669292752,-1.2739472198017705,1.8266976024423114,-0.5556799364852039,1.4548914586293595,-3.421110425002239,3466.25
2774,1.465269798628766,-1.273947201379398,1.8266976397878287,-0.555679991757877,1.4548913898356144,-3.5873297203810974,3467.5
2775,1.4652697254144393,-1.2739471917596017,1.8266976702851656,-0.555680031341927,1.4548913162718038,-3.747440364382255,3468.75
2776,1.4652696534948761,-1.273947190299328,1.8266976927215421,-0.555680054713149,1.454891244150267,-3.8975510083832265,3470.0
2777,1.4652695841733676,-1.2739471939933025,1.826697709544605,-0.5556800673346591,1.4548911747243263,-4.037661652383765,3471.25
2778,1.4652695199863786,-1.2739472034989785,1.8266977193925977,-0.555680067205641,1.4548911105482873,-4.167772296384145,3472.5
2779,1.4652694608716441,-1.2739472167923043,1.8266977241892979,-0.5556800582739185,1.4548910515239282,-4.28788294038426,3473.75
2780,1.4652694073869432,-1.2739472302356263,1.8266977271960254,-0.5556800474433511,1.454890998146045,-4.397993584384074,3475.0
2781,1.4652693623669282,-1.2739472488582408,1.826697722847836,-0.5556800241393035,1.4548909533452004,-4.498104228383719,3476.25
2782,1.4652693218439392,-1.273947265620649,1.8266977189339806,-0.555680003163084,1.454890913019489,-4.588214872383196,3477.5
2783,1.4652692859293832,-1.2739472806079621,1.8266977153417105,-0.5556799843176281,1.4548908772820959,-4.668325516382569,3478.75
2784,1.465269259932092,-1.2739472978758375,1.8266977066981467,-0.5556799582123063,1.454890851526598,-4.738436160381767,3480.0
2785,1.4652692376428385,-1.2739473126807663,1.8266976992874286,-0.5556799358304308,1.4548908294446505,-4.798546804380862,3481.25
2786,1.4652692190616223,-1.2739473250227464,1.826697693109554,-0.5556799171720006,1.454890811036253,-4.848657448379882,3482.5
2787,1.465269204188444,-1.2739473349017805,1.8266976881645256,-0.5556799022370167,1.4548907963014062,-4.888768092378858,3483.75
2788,1.4652691930233037,-1.2739473423178689,1.8266976844523442,-0.5556798910254794,1.4548907852401096,-4.9188787363778745,3485.0
2789,1.4652691855662012,-1.2739473472710112,1.8266976819730094,-0.5556798835373886,1.4548907778523632,-4.938989380376959,3486.25
2790,1.4653211356340994,-1.2734999574657684,1.8260813150141462,-0.5555109571279145,1.4549436748160844,-4.949611610233234,3487.5
2791,1.4657741878393273,-1.2695985733728026,1.8207064370082369,-0.554037905991304,1.4554049837982195,-4.952260641466579,3488.75
2792,1.4660417552892357,-1.2672944819299274,1.8175321288899784,-0.5531679514011424,1.4556774251277513,-4.945601649130264,3490.0
2793,1.4660417600035398,-1.267294478492162,1.8175321312305992,-0.5531679585104473,1.4556774243244068,-4.930782771855135,3491.25
2794,1.4660417678991267,-1.267294472734541,1.817532135150706,-0.5531679704172175,1.4556774229789533,-4.905963894580074,3492.5
2795,1.4660417789759963,-1.2672944646570643,1.8175321406502982,-0.553167987121453,1.4556774210913908,-4.87114501730508,3493.75
2796,1.4660417932341487,-1.2672944542597324,1.8175321477293767,-0.5531680086231537,1.4556774186617192,-4.826326140029984,3495.0
2797,1.4660418107916486,-1.267294441783875,1.817532157284404,-0.5531680385836714,1.4556774166271522,-4.771507278796939,3496.25
2798,1.4660418316124308,-1.26729442715577,1.81753216904153,-0.5531680758845398,1.45567741470139,-4.706688425099837,3497.5
2799,1.4660418600691345,-1.2672944117429328,1.8175321779037221,-0.5531681074235212,1.4556774293026873,-4.631869578905244,3498.75
2800,1.466041898007358,-1.267294396159496,1.8175321819064791,-0.5531681283959241,1.4556774674500845,-4.547050741691562,3500.0
2801,1.4660419404450864,-1.2672943787286353,1.817532186351733,-0.5531681517412769,1.4556775103177395,-4.452231914039874,3501.25
2802,1.4660419887667213,-1.2672943619664898,1.817532188312303,-0.5531681716582902,1.4556775589970838,-4.347413093270317,3502.5
2803,1.4660420448974958,-1.2672943493468798,1.8175321837288492,-0.5531681800836612,1.4556776150927573,-4.232594281019264,3503.75
2804,1.4660421059160509,-1.2672943356273332,1.8175321787429501,-0.5531681892292811,1.4556776760670755,-4.107775478031876,3505.0
2805,1.4660421721333101,-1.2672943311001421,1.8175321635524364,-0.5531681790483771,1.455677742370393,-3.9729566808518895,3506.25
2806,1.4660422432946878,-1.2672943273188917,1.817532146204677,-0.5531681660042884,1.4556778136378856,-3.828137884453049,3507.5
2807,1.4660423142757106,-1.2672943350295773,1.8175321180474315,-0.5531681306567012,1.455677884930373,-3.673319093956519,3508.75
2808,1.4660423879060707,-1.2672943461710258,1.8175320858683042,-0.5531680878754675,1.4556779589399438,-3.508590292053541,3510.0
2809,1.4660424498379685,-1.267294369114192,1.8175320459724664,-0.5531680254871,1.4556780214321,-3.3456686896667485,3511.25
2810,1.4660425031246538,-1.2672943938671586,1.8175320069075187,-0.5531679620558257,1.4556780752899308,-3.192747087280284,3512.5
2811,1.4660425424730974,-1.2672944239463626,1.8175319669055754,-0.553167892257617,1.4556781152698814,-3.0498254848940425,3513.75
2812,1.4660425744340828,-1.2672944538380073,1.817531929252829,-0.5531678249418575,1.4556781478408576,-2.9169038825081297,3515.0
2813,1.4660425926501015,-1.2672944861719613,1.8175318933324114,-0.5531677568144672,1.45567816667645,-2.79398228012251,3516.25
2814,1.4660426093841987,-1.2672945158754554,1.8175318603342088,-0.5531676942294216,1.455678183979717,-2.6810606777371686,3517.5
2815,1.4660426121676555,-1.2672945457514098,1.8175318312744695,-0.5531676353077091,1.455678187301071,-2.57813907535215,3518.75
2816,1.4660426130098736,-1.2672945731001612,1.8175318051743856,-0.5531675818591232,1.4556781886314867,-2.4852174729671477,3520.0
2817,1.466042613761454,-1.2672945975057024,1.8175317818831271,-0.5531675341625462,1.4556781898187263,-2.4022958705823676,3521.25
2818,1.466042607039741,-1.267294619360295,1.8175317632004009,-0.5531674935710247,1.4556781834689345,-2.329374268197683,3522.5
2819,1.4660425988096604,-1.2672946383470083,1.8175317476721102,-0.5531674589913447,1.4556781755560857,-2.2664526658131066,3523.75
2820,1.4660425918875695,-1.267294654316201,1.8175317346116968,-0.5531674299073415,1.4556781689008096,-2.2135310634286074,3525.0
2821,1.4660425862734683,-1.2672946672678735,1.8175317240191613,-0.5531674063190151,1.455678163503106,-2.17060946104415,3526.25
2822,1.4660425819673568,-1.2672946772020275,1.8175317158945055,-0.5531673882263657,1.455678159362975,-2.13768785865971,3527.5
2823,1.466042578969235,-1.2672946841186634,1.8175317102377295,-0.5531673756293933,1.4556781564804173,-2.1147662562751735,3528.75
2824,1.4660444687094392,-1.2672781989913007,1.8175088684623695,-0.5531610208102198,1.4556800817311222,-2.101823492184469,3530.0
2825,1.4663992129427943,-1.264185624580344,1.8132254110978678,-0.5519704833487377,1.4560414738714025,-2.0965929072629055,3531.25
2826,1.4667937009072824,-1.2607465809072858,1.8084620736829087,-0.5506465746433454,1.4564433530161065,-2.1010389827521543,3532.5
2827,1.4668049272284236,-1.2606487183871233,1.8083265349986548,-0.550608911685004,1.4564547856742132,-2.1131492263447966,3533.75
2828,1.466804929118363,-1.2606487122458971,1.8083265418291892,-0.5506089287836201,1.4564547802593106,-2.1351344716304785,3535.0
2829,1.4668049318679426,-1.2606487033113312,1.8083265517665956,-0.5506089536595504,1.4564547723814365,-2.167119716916119,3536.25
2830,1.4668049354771617,-1.2606486915834252,1.8083265648108742,-0.5506089863127948,1.456454762040591,-2.209104962201717,3537.5
2831,1.4668049398348553,-1.2606486769426137,1.8083265805049662,-0.5506090248469943,1.4564547483300445,-2.26109020364403,3538.75
2832,1.4668049448455949,-1.2606486592862576,1.80832659845652,-0.5506090676342645,1.4564547304714348,-2.323075439193891,3540.0
2833,1.46680494950004,-1.2606486386711444,1.8083266191357905,-0.5506091156145091,1.4564547131748977,-2.395060671908151,3541.25
2834,1.4668049486999588,-1.2606486146145364,1.8083266418056867,-0.5506091613030643,1.4564547115126112,-2.4770458909239803,3542.5
2835,1.46680494781855,-1.2606485876177547,1.8083266672237843,-0.5506092125079,1.456454709784206,-2.5690311040184044,3543.75
2836,1.466804946418621,-1.2606485577821962,1.8083266954341266,-0.5506092691974707,1.4564547076009453,-2.6710163099718787,3545.0
2837,1.466804929941451,-1.260648528509058,1.808326728078967,-0.5506093309840958,1.4564546906135019,-2.783001504588486,3546.25
2838,1.4668049119932536,-1.2606484966226907,1.808326763641833,-0.5506093983000204,1.4564546721118419,-2.9049866917156733,3547.5
2839,1.4668048820171729,-1.260648466488329,1.8083268010947844,-0.550609465671584,1.4564546415478805,-3.036971872605755,3548.75
2840,1.466804843189958,-1.2606484367919388,1.8083268407457975,-0.5506095347404312,1.4564546020942861,-3.1789570510000393,3550.0
2841,1.4668047920570793,-1.2606484113635203,1.8083268799773564,-0.5506095990283678,1.4564545503806032,-3.3309422253165275,3551.25
2842,1.4668047308981593,-1.2606483886892625,1.8083269195536462,-0.5506096608309468,1.4564544886652766,-3.492925153968411,3552.5
2843,1.4668046602938856,-1.2606483765238758,1.8083269519426586,-0.5506097048652171,1.4564544176690188,-3.654611039270976,3553.75
2844,1.4668045918714314,-1.2606483675038118,1.8083269807019677,-0.5506097421399483,1.4564543489161803,-3.8062969245733074,3555.0
2845,1.4668045228658548,-1.2606483708351857,1.8083269979089944,-0.5506097555040167,1.4564542797993896,-3.9479828098750813,3556.25
2846,1.466804458596305,-1.2606483742413805,1.808327013646986,-0.550609767359276,1.4564542154316784,-4.079668695176712,3557.5
2847,1.4668043994782427,-1.260648386174434,1.8083270197703603,-0.5506097611093826,1.456454156380501,-4.201354580477842,3558.75
2848,1.4668043452564536,-1.2606483983595913,1.8083270242091234,-0.5506097529589691,1.4564541022422124,-4.313040465778922,3560.0
2849,1.4668042972856221,-1.2606484119327348,1.8083270254851842,-0.5506097403038505,1.4564540543951376,-4.41472635107973,3561.25
2850,1.466804256615027,-1.2606484287570205,1.8083270215202456,-0.5506097192099452,1.4564540139244306,-4.506412236380385,3562.5
2851,1.4668042203802942,-1.260648443746311,1.8083270179877506,-0.5506097004167096,1.4564539778677843,-4.588098121680868,3563.75
2852,1.4668041885814234,-1.2606484569006091,1.8083270148877026,-0.5506096839241448,1.4564539462251986,-4.659784006981205,3565.0
2853,1.4668041654577033,-1.2606484714622648,1.8083270078909899,-0.5506096621914827,1.456453923304362,-4.72146989228151,3566.25
2854,1.4668041465535469,-1.2606484840234968,1.8083270015476076,-0.5506096431442393,1.4564539045777982,-4.773155777581728,3567.5
2855,1.4668041313068991,-1.2606484941544265,1.8083269964315198,-0.5506096277821882,1.4564538894743826,-4.8148416628818795,3568.75
2856,1.4668041197177597,-1.2606485018550524,1.8083269925427246,-0.5506096161053289,1.4564538779941156,-4.846527548182035,3570.0
2857,1.4668041117861288,-1.2606485071253766,1.808326989881225,-0.5506096081136623,1.4564538701369973,-4.868213433482259,3571.25
2858,1.4668041075120062,-1.2606485099653992,1.8083269884470214,-0.5506096038071884,1.4564538659030273,-4.879899318782467,3572.5
2859,1.4666618708159305,-1.2618751034094209,1.810085050561252,-0.5511409335156716,1.4563085229286263,-4.8824749205517355,3573.75
2860,1.4666020812018854,-1.262390726818987,1.810824091033442,-0.551364292182855,1.4562474274979773,-4.876260163955864,3575.0
2861,1.466559957531458,-1.2627540333869107,1.81134482196975,-0.5515216754375345,1.4562043837066814,-4.860339704628107,3576.25
2862,1.4664913750324506,-1.2633455410138903,1.81219263576566,-0.5517779146683137,1.456134303138111,-4.834419245300328,3577.5
2863,1.466396333704863,-1.2641652496999238,1.8133675324211687,-0.5521330098751916,1.456037185792266,-4.798498785972612,3578.75
2864,1.4662738450244543,-1.2652136120958053,1.814865587763112,-0.5525825826462643,1.4559120627253828,-4.752578192553776,3580.0
2865,1.4661241586540015,-1.2664905131225712,1.816687791371241,-0.5531277380412407,1.4557591786588313,-4.696657533928898,3581.25
2866,1.465947704649881,-1.2679957557064945,1.8188358501557818,-0.5537703807348977,1.455578955131281,-4.630736875304017,3582.5
2867,1.4657431834114742,-1.2697300117319645,1.821304785161606,-0.5545048594818044,1.455370118309058,-4.554816033203853,3583.75
2868,1.4655113854620971,-1.2716928719293679,1.8240976238485456,-0.5553346112583637,1.455133443044869,-4.468895146011085,3585.0
2869,1.4652510015382152,-1.2738850617637278,1.827209460898383,-0.5562540035575914,1.4548676454390133,-4.372974044184675,3586.25
2870,1.4649627034849957,-1.2763062224993988,1.8306428449234138,-0.5572659444862416,1.4545733841817143,-4.2670528418497025,3587.5
2871,1.4646450060538008,-1.2789572292371942,1.8343923332148417,-0.5583641145536353,1.454249202356547,-4.151131354943345,3588.75
2872,1.4642979978984743,-1.28183809064783,1.8384583930502827,-0.559548972454701,1.453895186496546,-4.025209619336217,3590.0
2873,1.4639213023999136,-1.284949074334821,1.8428397515420576,-0.5608189772550397,1.453510966850955,-3.889287612156942,3591.25
2874,1.4635142364359945,-1.2882906672157182,1.8475341035380746,-0.5621713360805564,1.4530958727442136,-3.7433652738214165,3592.5
2875,1.4630760996616914,-1.2918634077596773,1.852539178549252,-0.5636032391326121,1.4526492163093359,-3.5874425483601806,3593.75
2876,1.462616892773137,-1.295581671652735,1.857732660065643,-0.5650780039235545,1.4521812131642131,-3.4252769988806584,3595.0
2877,1.4621785444470161,-1.2991073410860274,1.8626431342588898,-0.566462375779941,1.4517345879510537,-3.2716133058346393,3596.25
2878,1.4617653963481907,-1.3024060940707547,1.8672231904613885,-0.5677432702865067,1.45131376108372,-3.127949209522295,3597.5
2879,1.4613784136221715,-1.3054772692667096,1.8714761490296963,-0.5689246702654637,1.4509196799287056,-2.994284809836592,3598.75
2880,1.4610182999225818,-1.3083203555890706,1.8754043619483234,-0.5700094396184829,1.450553035387546,-2.8706201713544974,3600.0
2881,1.460685760513229,-1.3109348022543565,1.8790100941297716,-0.5710003948920103,1.450214520226805,-2.7569553544010112,3601.25
2882,1.4603802194323026,-1.313321128223125,1.8822916623223973,-0.5718953331500511,1.4499035681786536,-2.653290284743488,3602.5
2883,1.4601031574727128,-1.315478117414963,1.8852536789968741,-0.5727000847542804,1.4496216342354222,-2.5596251103745735,3603.75
2884,1.4598545141938808,-1.3174058224034335,1.8878959628337038,-0.5734144157366423,1.4493686589885817,-2.4759598062827513,3605.0
2885,1.459634847376832,-1.3191037798768301,1.8902202387417955,-0.5740405150019317,1.4491451905389476,-2.4022944262051444,3606.25
2886,1.4594440612044575,-1.3205720752925432,1.8922262245243746,-0.574578014776048,1.448951134688981,-2.338628942266685,3607.5
2887,1.459283242003286,-1.32180974410732,1.893917128152769,-0.5750310889335057,1.4487875593816835,-2.284963458328604,3608.75
2888,1.4591518144326048,-1.3228173110125583,1.8952912844663112,-0.5753975468958263,1.4486538989074762,-2.241297915412318,3610.0
2889,1.4590500823111492,-1.3235944993425877,1.8963495735862876,-0.5756785458335776,1.4485504519971744,-2.2076323246582312,3611.25
2890,1.4589785686172265,-1.3241408322761667,1.8970935093572607,-0.5758760770728701,1.4484777328739047,-2.1839667339041045,3612.5
2891,1.4589372733508368,-1.3244563098132947,1.8975230917792287,-0.5759901406137032,1.448435741537668,-2.1703011431499943,3613.75
2892,1.4588126393353964,-1.3254066342105737,1.8988160277288832,-0.5763326283138305,1.4483090161906147,-2.1661171741776966,3615.0
2893,1.4587126369002628,-1.326168753179062,1.8998526674218066,-0.5766070498624898,1.4482073377735232,-2.1707155741458504,3616.25
2894,1.4587125341891656,-1.3261688451387297,1.8998523708788155,-0.5766066616097109,1.448207236934612,-2.1847541932233847,3617.5
2895,1.45871235831482,-1.3261690026031785,1.8998518631020915,-0.5766059967964121,1.4482070642660496,-2.2087928123008225,3618.75
2896,1.4587121092682998,-1.3261692255653459,1.8998511440654298,-0.5766050553116462,1.448206819698165,-2.242831428013204,3620.0
2897,1.4587117869662845,-1.3261695139593759,1.8998502135242497,-0.5766038361202477,1.448206502580966,-2.2868700146303356,3621.25
2898,1.458711391477993,-1.326169867840074,1.8998490716817416,-0.5766023400826802,1.4482061134548263,-2.3409086012475013,3622.5
2899,1.4587110923894282,-1.3261701279895206,1.899848215437253,-0.5766012233539816,1.4482058189960325,-2.404947181621242,3623.75
2900,1.4587110916599746,-1.3261701047956436,1.8998482365464986,-0.5766012673469221,1.4482058176988,-2.478985750286765,3625.0
2901,1.458711090837077,-1.3261700784669743,1.8998482605005842,-0.5766013172595253,1.4482058162665636,-2.5630243156303703,3626.25
2902,1.4587110899229896,-1.3261700490025727,1.8998482872967255,-0.5766013730819246,1.4482058147171675,-2.657062876813116,3627.5
2903,1.4587110750335792,-1.3261700195814374,1.899848318165894,-0.5766014332222702,1.4482057992940647,-2.7611014277308623,3628.75
2904,1.4587110570450281,-1.326169987714371,1.8998483521498724,-0.5766014989514651,1.4482057807416937,-2.8751399729662435,3630.0
2905,1.458711031214317,-1.326169955649052,1.8998483885397144,-0.5766015672336297,1.4482057543197824,-2.9991785110998537,3631.25
2906,1.4587109919085566,-1.3261699257194601,1.899848426818199,-0.5766016351777891,1.44820571441398,-3.133217041961764,3632.5
2907,1.4587109453454974,-1.326169896430593,1.8998484665749653,-0.5766017039088623,1.448205667244539,-3.277255569813342,3633.75
2908,1.4587108829656328,-1.326169873469792,1.8998485050837184,-0.5766017649518483,1.4482056043284008,-3.431294094772859,3635.0
2909,1.4587108111527947,-1.3261698551929615,1.8998485420235622,-0.576601819675317,1.448205532036598,-3.5948483849781683,3636.25
2910,1.4587107339081862,-1.3261698451756627,1.8998485730186156,-0.5766018601546433,1.4482054544404157,-3.754485864418929,3637.5
2911,1.4587106577543831,-1.3261698444113965,1.8998485953178363,-0.576601882690254,1.448205378094598,-3.9041233438593888,3638.75
2912,1.4587105846420556,-1.3261698484108841,1.8998486124365592,-0.5766018953014611,1.448205304878233,-4.043760823299499,3640.0
2913,1.4587105169768497,-1.3261698590763835,1.8998486219681747,-0.5766018936955817,1.448205237234898,-4.173398302739166,3641.25
2914,1.458710454660057,-1.3261698731593632,1.8998486268849426,-0.5766018840935694,1.4482051750105343,-4.293035782178609,3642.5
2915,1.4587103985278203,-1.3261698877934374,1.8998486295475323,-0.5766018717290267,1.4482051189946183,-4.402673261617891,3643.75
2916,1.4587103511028852,-1.3261699074468425,1.8998486251904791,-0.5766018473845801,1.4482050717916386,-4.502310741056974,3645.0
2917,1.4587103084376984,-1.326169925127752,1.8998486212707117,-0.5766018254834347,1.448205029326131,-4.591948220495842,3646.25
2918,1.458710270953062,-1.3261699411565895,1.899848617378436,-0.5766018052982083,1.4482049920253228,-4.67158569993458,3647.5
2919,1.4587102436197452,-1.326169959318352,1.899848608672868,-0.5766017782365996,1.44820496493589,-4.741223179373273,3648.75
2920,1.4587102202115159,-1.32616997487207,1.899848601217427,-0.5766017550610605,1.448204941736522,-4.800860658811806,3650.0
2921,1.458710200728373,-1.3261699878177415,1.8998485950121098,-0.5766017357715901,1.4482049224272193,-4.8504981382503285,3651.25
2922,1.4587101851703173,-1.3261699981553692,1.8998485900569193,-0.5766017203681894,1.4482049070079817,-4.890135617688744,3652.5
2923,1.4587101735373489,-1.326170005884953,1.8998485863518562,-0.5766017088508584,1.448204895478809,-4.919773097127226,3653.75
2924,1.4587101658294674,-1.3261700110064931,1.899848583896921,-0.576601701219597,1.4482048878397016,-4.93941057656575,3655.0
2925,1.458784917201427,-1.3255871398835786,1.8990799994325887,-0.576416062792723,1.4482807182039552,-4.949658912163896,3656.25
2926,1.4593061212317004,-1.3215232643071706,1.8937213317163255,-0.5751217932011973,1.4488094447032716,-4.951742269400514,3657.5
2927,1.4595726004816503,-1.3194455209369849,1.8909816020879258,-0.5744600747698215,1.4490797672375266,-4.9446498550837505,3658.75
2928,1.459572605637734,-1.3194455171387838,1.8909816045877548,-0.5744600825505349,1.4490797662545165,-4.929171899192314,3660.0
2929,1.459572614125061,-1.3194455108866399,1.8909816087026732,-0.5744600953582126,1.4490797646364033,-4.903693943300887,3661.25
2930,1.4595726259436312,-1.3194455021805538,1.8909816144326814,-0.5744601131928547,1.449079762383187,-4.8682159874095285,3662.5
2931,1.459572641093445,-1.319445491020525,1.8909816217777795,-0.5744601360544612,1.4490797594948672,-4.822738031518154,3663.75
2932,1.4595726597215426,-1.3194454776775018,1.8909816317662775,-0.5744601682317453,1.449079757081537,-4.76726008392713,3665.0
2933,1.459572681762373,-1.319445462030693,1.89098164393975,-0.5744602078127778,1.4490797546483114,-4.701782139209578,3666.25
2934,1.4595727126745626,-1.3194454457732732,1.8909816524008978,-0.5744602395465711,1.4490797725168911,-4.626304203119994,3667.5
2935,1.459572753128618,-1.3194454291219169,1.8909816564711428,-0.5744602617411309,1.4490798132051903,-4.5408262750050055,3668.75
2936,1.4595727983481241,-1.319445410510741,1.8909816609838481,-0.5744602864166715,1.4490798589142313,-4.445348357029526,3670.0
2937,1.4595728500997738,-1.3194453931601604,1.8909816623326408,-0.5744603062880405,1.4490799110171544,-4.339870445815413,3671.25
2938,1.459572909821807,-1.3194453796696253,1.8909816575913643,-0.5744603154284635,1.4490799707045394,-4.2243925429824625,3672.5
2939,1.4595729747146637,-1.319445365010054,1.890981652436347,-0.5744603253469629,1.4490800355536948,-4.098914648690579,3673.75
2940,1.4595730451261977,-1.3194453608664898,1.8909816361627307,-0.5744603137061595,1.449080106060926,-3.9634367604852887,3675.0
2941,1.459573120744892,-1.3194453567522582,1.8909816183808703,-0.5744603005654326,1.4490801817860266,-3.817958872496087,3676.25
2942,1.459573195754997,-1.319445365731832,1.8909815888662254,-0.5744602625925039,1.4490802571260581,-3.66248099104688,3677.5
2943,1.4595732730139022,-1.319445378371371,1.8909815553834028,-0.5744602170063183,1.4490803347827088,-3.497259932549349,3678.75
2944,1.4595733382541893,-1.3194454024308695,1.8909815149366058,-0.5744601529492965,1.4490804005870652,-3.3349871603319388,3680.0
2945,1.459573393277028,-1.3194454291273172,1.8909814749999647,-0.5744600866934769,1.449080456194792,-3.182714388115027,3681.25
2946,1.4595734346973077,-1.3194454607110429,1.89098143449063,-0.5744600148814737,1.4490804982511367,-3.0404416158985077,3682.5
2947,1.4595734671781002,-1.3194454925733134,1.8909813962723248,-0.574459945019479,1.449080531351639,-2.9081688436823163,3683.75
2948,1.4595734863307732,-1.3194455265330907,1.8909813599400798,-0.5744598748524581,1.4490805511283085,-2.785896071466278,3685.0
2949,1.4595735039170574,-1.319445557715483,1.8909813265792381,-0.574459810424002,1.4490805692875555,-2.673623299250577,3686.25
2950,1.459573505801499,-1.3194455893131298,1.8909812973098057,-0.5744597495619815,1.4490805717149686,-2.571350527035111,3687.5
2951,1.4595735066739315,-1.3194456180081835,1.8909812709678548,-0.5744596945237149,1.4490805730785148,-2.4790777548197798,3688.75
2952,1.4595735074518146,-1.319445643593427,1.890981247480693,-0.5744596454501839,1.4490805742942872,-2.396804982604582,3690.0
2953,1.459573499663879,-1.3194456665297332,1.8909812288403063,-0.5744596038132472,1.4490805668788727,-2.324532210389455,3691.25
2954,1.4595734910394094,-1.319445686396599,1.8909812132291852,-0.5744595682699635,1.4490805585726365,-2.2622594381744605,3692.5
2955,1.4595734837998897,-1.3194457030731657,1.8909812001249557,-0.574459538434356,1.4490805516002474,-2.2099866659596024,3693.75
2956,1.4595734779453213,-1.3194457165594342,1.890981189527619,-0.5744595143064252,1.449080545961706,-2.167713893744727,3695.0
2957,1.4595734734757024,-1.319445726855406,1.8909811814371762,-0.5744594958861707,1.4490805416570114,-2.135441121529897,3696.25
2958,1.4595734703910344,-1.319445733961081,1.8909811758536277,-0.5744594831735929,1.449080538686164,-2.11316834931497,3697.5
2959,1.4595812066036877,-1.3193846568810343,1.8909001510030305,-0.5744395431068074,1.449088390161109,-2.1008204934766974,3698.75
2960,1.4600125192867588,-1.3159799904446687,1.8863839814536112,-0.5733284701205917,1.4495261240919057,-2.096216583572984,3700.0
2961,1.4604209612144046,-1.3127558650200533,1.882107299707618,-0.5722763221329559,1.4499406449504118,-2.1012956007743173,3701.25
2962,1.4604237423562696,-1.3127339165869767,1.882078195020335,-0.5722691712212808,1.4499434629402688,-2.1141413006715695,3702.5
2963,1.4604237443648849,-1.3127339098448325,1.8820782022636064,-0.5722691897720623,1.4499434568849114,-2.1369589780864366,3703.75
2964,1.4604237472537889,-1.3127339001478986,1.8820782126812903,-0.5722692164528481,1.4499434481757534,-2.169776655501205,3705.0
2965,1.4604237510229818,-1.312733887496175,1.8820782262733864,-0.5722692512636383,1.4499434368127941,-2.2125943329159594,3706.25
2966,1.460423755520004,-1.3127338717426662,1.8820782424622986,-0.5722692917539214,1.4499434216125544,-2.2654120028825213,3707.5
2967,1.4604237606866772,-1.312733852831279,1.8820782610276217,-0.5722693369886043,1.4499434021234272,-2.3282296647716376,3708.75
2968,1.460423764898982,-1.312733830736818,1.8820782822645599,-0.5722693866815384,1.4499433850855121,-2.4010473224583353,3710.0
2969,1.4604237640509647,-1.3127338050605455,1.882078305517275,-0.5722694344949024,1.4499433833322963,-2.4838649677596756,3711.25
2970,1.4604237631221864,-1.3127337762765041,1.8820783315566971,-0.5722694880106771,1.4499433815405043,-2.5766826062713,3712.5
2971,1.4604237603551198,-1.3127337447964174,1.8820783605746905,-0.57226954717209,1.4499433779902964,-2.6795002378624773,3713.75
2972,1.4604237428168962,-1.3127337136514052,1.8820783939943313,-0.5722696116045655,1.4499433599344935,-2.7923178590854487,3715.0
2973,1.4604237237245399,-1.3127336797466338,1.8820784303796214,-0.5722696817623066,1.4499433402814965,-2.9151354720992995,3716.25
2974,1.4604236903966403,-1.312733648336444,1.88207846855623,-0.5722697511231505,1.449943306357359,-3.0479530792710334,3717.5
2975,1.4604236491146367,-1.3127336168176305,1.882078509104074,-0.5722698229103955,1.4499432644379318,-3.1907706846117776,3718.75
2976,1.4604235933859742,-1.3127335907773072,1.8820785487775322,-0.572269888240035,1.4499432081312138,-3.3435882853612298,3720.0
2977,1.4604235283953955,-1.3127335667673514,1.8820785892426788,-0.5722699522644441,1.4499431425753895,-3.5064058797282356,3721.25
2978,1.4604234511726562,-1.312733554981935,1.8820786220464196,-0.5722699963138801,1.449943064967798,-3.671229007304637,3722.5
2979,1.4604233766401862,-1.3127335468042907,1.8820786507900782,-0.5722700327134636,1.4499429901186338,-3.8261642454259577,3723.75
2980,1.4604233018444663,-1.3127335508527196,1.8820786684533217,-0.5722700458016362,1.4499429152149106,-3.971099483546793,3725.0
2981,1.4604232322377522,-1.312733555554103,1.8820786840390982,-0.5722700561956886,1.4499428455236725,-4.106034721667584,3726.25
2982,1.4604231680977569,-1.3127335700330889,1.882078689142413,-0.5722700463656344,1.4499427814795092,-4.2309699597879495,3727.5
2983,1.4604231090916213,-1.3127335833531495,1.8820786938372427,-0.5722700373223896,1.4499427225615351,-4.345905197908148,3728.75
2984,1.4604230583095168,-1.3127336009988808,1.8820786922368602,-0.5722700177149684,1.4499426719611463,-4.4508404360280736,3730.0
2985,1.4604230137737655,-1.3127336194602008,1.8820786881087137,-0.5722699948078857,1.4499426276358822,-4.545775674147869,3731.25
2986,1.4604229739291863,-1.3127336359768949,1.8820786844154005,-0.5722699743137185,1.4499425879796184,-4.630710912267545,3732.5
2987,1.46042294198533,-1.3127336529994558,1.8820786780045422,-0.5722699506515334,1.4499425562514672,-4.7056461503870235,3733.75
2988,1.4604229168655776,-1.3127336697058858,1.8820786699335812,-0.5722699256934118,1.449942531358185,-4.770581388506382,3735.0
2989,1.4604228956142569,-1.3127336838395314,1.8820786631055435,-0.5722699045788304,1.4499425102984578,-4.825516626625704,3736.25
2990,1.4604228782313675,-1.312733695400392,1.8820786575204282,-0.5722698873077886,1.4499424930722862,-4.870451864744943,3737.5
2991,1.4604228647169097,-1.3127337043884697,1.8820786531782385,-0.5722698738802876,1.4499424796796694,-4.905387102864165,3738.75
2992,1.4604228550708835,-1.3127337108037647,1.8820786500789743,-0.5722698642963273,1.449942470120608,-4.930322340983457,3740.0
2993,1.4604228492932887,-1.312733714646277,1.8820786482226357,-0.5722698585559077,1.449942464395102,-4.945257579102732,3741.25
2994,1.4607118360853066,-1.31042429250408,1.8789972808161512,-0.5714982000122509,1.4502358869115133,-4.95196887026639,3742.5
2995,1.4612064879978524,-1.3064713474100809,1.87372303465652,-0.570177390018925,1.4507381300992768,-4.949378387965154,3743.75
2996,1.4612612771431293,-1.306033531926869,1.8731388811107499,-0.570031107316782,1.450793756011647,-4.938761862119926,3745.0
2997,1.4612612837729073,-1.3060335270514276,1.8731388843377208,-0.5700311173173749,1.4507937547965064,-4.9186310103917625,3746.25
2998,1.461261293696027,-1.30603351975411,1.8731388891676897,-0.5700311322857621,1.4507937529777446,-4.888500158663609,3747.5
2999,1.4612613069124891,-1.3060335100349172,1.8731388956006558,-0.5700311522219434,1.4507937505553619,-4.848369306935467,3748.75
3000,1.4612613234603349,-1.3060334979654757,1.8731389039076007,-0.5700311782508565,1.4507937478202573,-4.7982384555010595,3750.0
3001,1.4612613434669397,-1.3060334837856145,1.873138914995846,-0.5700312141391226,1.450793745746449,-4.738107605185617,3751.25
3002,1.4612613668007228,-1.3060334672475855,1.8731389279281105,-0.5700312559957503,1.450793743327758,-4.667976754870128,3752.5
3003,1.4612614040075416,-1.3060334518009609,1.8731389318982061,-0.5700312769796845,1.450793780269335,-4.58784592091253,3753.75
3004,1.4612614460631015,-1.3060334344865538,1.873138936152948,-0.570031300048332,1.450793822640126,-4.497715090715251,3755.0
3005,1.4612614928134564,-1.306033415240635,1.873138940849625,-0.5700313255734071,1.4507938699434844,-4.397584269517612,3756.25
3006,1.4612615482487987,-1.3060334012982935,1.873138937802676,-0.5700313370477423,1.450793925442207,-4.287453458241423,3757.5
3007,1.4612616094893136,-1.306033387478697,1.87313893289805,-0.5700313463638982,1.4507939866432795,-4.167322654409084,3758.75
3008,1.4612616759789423,-1.3060333776051731,1.8731389228803323,-0.5700313466674674,1.4507940531505699,-4.037191857388283,3760.0
3009,1.4612617477793504,-1.3060333737374408,1.8731389058505998,-0.5700313340122359,1.450794125053767,-3.8970610639294536,3761.25
3010,1.4612618222581384,-1.3060333752368467,1.8731388831395208,-0.5700313103270911,1.4507941997344411,-3.7469302733054324,3762.5
3011,1.4612618980857122,-1.306033385171713,1.8731388523186565,-0.5700312701053958,1.4507942759133419,-3.586799489343769,3763.75
3012,1.4612619687882806,-1.3060334042586037,1.8731388145861172,-0.5700312137814445,1.4507943471124918,-3.420583395798992,3765.0
3013,1.461262031255859,-1.3060334273744136,1.8731387755237994,-0.5700311520395122,1.4507944101263663,-3.26296610751626,3766.25
3014,1.4612620762776032,-1.3060334579941606,1.8731387345887272,-0.5700310807956207,1.4507944557819221,-3.115348819234055,3767.5
3015,1.4612621157745183,-1.3060334881863074,1.8731386956279987,-0.5700310119146967,1.4507944958921388,-2.97773153095209,3768.75
3016,1.4612621387509657,-1.3060335218436516,1.8731386582274285,-0.5700309410110117,1.4507945195021543,-2.8501142426703674,3770.0
3017,1.4612621569151871,-1.3060335541122448,1.873138623477118,-0.5700308741126379,1.4507945382646026,-2.732496954388897,3771.25
3018,1.461262167354311,-1.3060335850318334,1.873138592175204,-0.5700308119573506,1.4507945492603591,-2.6248796661076996,3772.5
3019,1.4612621682673246,-1.30603361500877,1.8731385644655991,-0.5700307542698692,1.4507945506911124,-2.527262377826596,3773.75
3020,1.4612621690868084,-1.306033641914837,1.8731385395945845,-0.5700307024919439,1.450794551975298,-2.4396450895457695,3775.0
3021,1.4612621669173147,-1.3060336659060012,1.8731385182488949,-0.5700306571338213,1.4507945502132573,-2.3620278012649587,3776.25
3022,1.4612621576884535,-1.3060336872015097,1.8731385013939248,-0.5700306189128015,1.4507945413286798,-2.294410512984361,3777.5
3023,1.4612621498244596,-1.3060337053476003,1.8731384870316556,-0.570030586344333,1.4507945337580526,-2.2367932247038316,3778.75
3024,1.4612621433253328,-1.3060337203442702,1.8731384751620848,-0.5700305594284157,1.4507945275013758,-2.189175936423352,3780.0
3025,1.4612621381910729,-1.306033732191523,1.8731384657852155,-0.5700305381650499,1.4507945225586496,-2.1515586481429176,3781.25
3026,1.4612621344216803,-1.306033740889359,1.8731384589010482,-0.5700305225542356,1.450794518929874,-2.123941359862415,3782.5
3027,1.4612621320171546,-1.3060337464377778,1.8731384545095833,-0.5700305125959727,1.4507945166150495,-2.1063240715819287,3783.75
3028,1.4614129134836953,-1.304813870233807,1.871501385985395,-0.5696134691503734,1.4509476831865145,-2.0976000078183716,3785.0
3029,1.4619277024264727,-1.3006490658398597,1.8659122567183337,-0.5681896528158712,1.4514706145883371,-2.0975083570423116,3786.25
3030,1.4620889215083945,-1.2993447565281384,1.8641618916722886,-0.5677437579580163,1.4516343808201901,-2.1060997333468063,3787.5
3031,1.4620889230349032,-1.299344751444476,1.864161897164443,-0.5677437719619062,1.451634376295266,-2.1235242713813594,3788.75
3032,1.4620889254374805,-1.2993447434432832,1.864161905808563,-0.5677437940026747,1.451634369173473,-2.1509488094158704,3790.0
3033,1.4620889287161258,-1.2993447325245597,1.8641619176046484,-0.5677438240803219,1.4516343594548111,-2.1883733474503395,3791.25
3034,1.4620889328708397,-1.2993447186883058,1.8641619325526992,-0.5677438621948477,1.4516343471392805,-2.23579788548488,3792.5
3035,1.462088937598519,-1.29934470163529,1.8641619494824542,-0.5677439034058898,1.4516343298441594,-2.2932224036049904,3793.75
3036,1.4620889431275805,-1.2993446815910097,1.864161969275816,-0.5677439514364792,1.4516343093650514,-2.360646920457973,3795.0
3037,1.46208894430483,-1.2993446580763903,1.8641619912009526,-0.5677439987188965,1.45163430172621,-2.438071425449554,3796.25
3038,1.4620889434209712,-1.299344631311641,1.8641620156135528,-0.5677440487381915,1.45163429989862,-2.525495925573037,3797.5
3039,1.462088942474896,-1.2993446014718897,1.8641620427801395,-0.567744104349337,1.4516342981770318,-2.62292041337429,3798.75
3040,1.4620889324126234,-1.2993445706800477,1.8641620737240463,-0.5677441653726816,1.4516342874719945,-2.730344894428196,3800.0
3041,1.4620889144131826,-1.2993445386605331,1.864162108317213,-0.5677442318518402,1.45163426893577,-2.847769367497745,3801.25
3042,1.46208889197499,-1.2993445051195458,1.864162145588138,-0.5677443025085274,1.4516342459197293,-2.9751938328512826,3802.5
3043,1.462088852810952,-1.2993444751491685,1.86416218438859,-0.5677443710103187,1.4516342061445537,-3.11261829299801,3803.75
3044,1.4620888084833599,-1.299344444537826,1.8641622252623804,-0.5677444421896469,1.4516341611819152,-3.26004275212202,3805.0
3045,1.4620887465324266,-1.2993444215784922,1.864162264169934,-0.5677445036209637,1.4516340986860268,-3.4174672042596184,3806.25
3046,1.4620886765956733,-1.2993444023295748,1.8641623019636095,-0.5677445601702106,1.4516340282493654,-3.5836318781797907,3807.5
3047,1.4620886012124004,-1.2993443924240222,1.8641623327371522,-0.5677446003149245,1.45163395251467,-3.7439576673104464,3808.75
3048,1.462088527277546,-1.2993443906494981,1.864162355622463,-0.567744624448725,1.4516338783723461,-3.8942834564407436,3810.0
3049,1.4620884558859313,-1.2993443944777423,1.8641623726280963,-0.5677446371168352,1.4516338068761487,-4.034609245570754,3811.25
3050,1.4620883897657027,-1.2993444040615827,1.8641623828293366,-0.5677446372610975,1.4516337407633895,-4.164935034700376,3812.5
3051,1.4620883288678903,-1.2993444177950866,1.8641623877159987,-0.5677446279772997,1.4516336799572334,-4.285260823829809,3813.75
3052,1.462088273662315,-1.2993444315093954,1.8641623909839007,-0.5677446171344738,1.4516336248565955,-4.395586612958969,3815.0
3053,1.4620882272659277,-1.2993444507462866,1.8641623866445012,-0.5677445932231544,1.451633578681633,-4.495912402087958,3816.25
3054,1.4620881854941128,-1.299344468065732,1.8641623827376277,-0.567744571695201,1.4516335371091718,-4.586238191216793,3817.5
3055,1.4620881483468704,-1.2993444834677346,1.8641623792632842,-0.5677445525506145,1.4516335001392127,-4.666563980345466,3818.75
3056,1.4620881215155195,-1.2993445013075795,1.86416237058315,-0.5677445258352595,1.4516334735519352,-4.73688976947404,3820.0
3057,1.4620880985108207,-1.2993445166193736,1.8641623631260376,-0.5677445028988373,1.451633450756781,-4.797215558602481,3821.25
3058,1.4620880793195319,-1.2993445293929817,1.8641623569050627,-0.5677444837645065,1.4516334317403015,-4.847541347730868,3822.5
3059,1.4620880639416538,-1.299344539628406,1.8641623519202277,-0.5677444684322681,1.4516334165024967,-4.887867136859217,3823.75
3060,1.4620880523771858,-1.299344547325647,1.8641623481715333,-0.5677444569021223,1.4516334050433668,-4.918192925987551,3825.0
3061,1.4620880446261284,-1.2993445524847047,1.8641623456589798,-0.567744449174069,1.4516333973629119,-4.938518715116009,3826.25
3062,1.4621363625675692,-1.2989487830992548,1.8636281845186635,-0.5676061048809057,1.4516825026956652,-4.949293426800449,3827.5
3063,1.4626129515471813,-1.2950453678669214,1.8583598799954646,-0.566241684003908,1.4521668570958937,-4.952113030997281,3828.75
3064,1.4629034967542374,-1.2926657311157401,1.855148170527908,-0.5654098974456169,1.4524621338700872,-4.945581680039017,3830.0
3065,1.4629035015382073,-1.29266572760394,1.85514817286645,-0.5654099046604943,1.452462133025888,-4.9308893225339085,3831.25
3066,1.462903509578271,-1.2926657217019177,1.8551481767966642,-0.5654099167860049,1.4524621316071051,-4.906196965028782,3832.5
3067,1.4629035208744294,-1.2926657134096735,1.8551481823185512,-0.5654099338221484,1.4524621296137386,-4.871504607523725,3833.75
3068,1.462903535426682,-1.2926657027272066,1.8551481894321102,-0.5654099557689249,1.4524621270457883,-4.826812250018621,3835.0
3069,1.4629035533579813,-1.2926656898911566,1.8551481990293266,-0.5654099863115366,1.452462124855465,-4.772119899654185,3836.25
3070,1.4629035746347974,-1.292665674836988,1.8551482108669446,-0.5654100244449819,1.4524621227830887,-4.707427552826406,3837.5
3071,1.4629036036598246,-1.292665658930315,1.8551482199078284,-0.5654100570267235,1.4524621372233604,-4.6327352133243505,3838.75
3072,1.4629036426100137,-1.2926656428909808,1.8551482238933654,-0.5654100784688747,1.4524621763938685,-4.54804288307762,3840.0
3073,1.4629036861869,-1.292665624947576,1.8551482283199339,-0.5654101023419416,1.4524622204151665,-4.453350562117946,3841.25
3074,1.462903735752076,-1.292665607583655,1.8551482303668518,-0.5654101229877355,1.452462270360812,-4.348658248017234,3842.5
3075,1.4629037933976357,-1.2926655945879395,1.8551482257124219,-0.5654101317181212,1.4524623279718047,-4.233965942460618,3843.75
3076,1.4629038560683785,-1.292665580458273,1.8551482206488243,-0.5654101411955995,1.4524623905986132,-4.10927364624896,3845.0
3077,1.46290392407688,-1.2926655756417555,1.8551482054687933,-0.5654101313142457,1.4524624586912265,-3.9745813556990712,3846.25
3078,1.4629039971724205,-1.2926655717383897,1.8551481879806393,-0.5654101182522944,1.4524625318927293,-3.829889065930923,3847.5
3079,1.4629040701590674,-1.2926655794918944,1.8551481597732318,-0.5654100828124455,1.4524626051889629,-3.6751967819940004,3848.75
3080,1.4629041459701213,-1.2926655907713405,1.8551481274990538,-0.5654100397995789,1.4524626813778683,-3.5105716684661985,3850.0
3081,1.4629042096866405,-1.2926656144177446,1.8551480873077697,-0.5654099764129497,1.4524627456579262,-3.347518467060464,3851.25
3082,1.4629042647201609,-1.2926656397933807,1.8551480480265545,-0.5654099121445113,1.4524628012641414,-3.1944652656544332,3852.5
3083,1.4629043052036435,-1.2926656708046291,1.8551480077450961,-0.5654098411345947,1.4524628423831858,-3.051412064249006,3853.75
3084,1.4629043383068816,-1.2926657015348568,1.8551479698519695,-0.5654097727412013,1.452462876099379,-2.9183588628432267,3855.0
3085,1.4629043570471323,-1.2926657348794983,1.8551479336911503,-0.5654097033621385,1.452462895463466,-2.7953056614378022,3856.25
3086,1.462904374264444,-1.2926657655143583,1.8551479004689573,-0.5654096396212113,1.452462913253918,-2.682252460032411,3857.5
3087,1.462904377317823,-1.292665796288897,1.855147871204144,-0.5654095795964367,1.4524629168488348,-2.5791992586270194,3858.75
3088,1.462904378178917,-1.2926658245045388,1.8551478449319045,-0.5654095251080278,1.4524629182017814,-2.4861460572217755,3860.0
3089,1.4629043789474732,-1.292665849687972,1.8551478214830186,-0.5654094764752376,1.4524629194093335,-2.4030928558164053,3861.25
3090,1.4629043721560016,-1.2926658722379416,1.8551478026440469,-0.5654094350322658,1.4524629129929827,-2.3300396544112525,3862.5
3091,1.4629043636730752,-1.2926658918410838,1.8551477870109652,-0.5654093997305877,1.4524629048299607,-2.2669864530059156,3863.75
3092,1.4629043565355089,-1.2926659083352399,1.855147773857229,-0.5654093700276225,1.4524628979615632,-2.213933251600546,3865.0
3093,1.4629043507433024,-1.29266592172041,1.8551477631828392,-0.5654093459233702,1.45246289238779,-2.170880050195186,3866.25
3094,1.4629043462964566,-1.2926659319965965,1.8551477549877986,-0.565409327417831,1.4524628881086419,-2.137826848789814,3867.5
3095,1.4629043431949706,-1.2926659391637993,1.8551477492721062,-0.565409314511005,1.452462885124118,-2.114773647384431,3868.75
3096,1.4629055124710515,-1.2926562334672682,1.8551345671778285,-0.5654058392455168,1.4524640741136257,-2.1017085440493193,3870.0
3097,1.4632758174409233,-1.2895858039217238,1.8509671329022486,-0.5643091968427835,1.4528405919521594,-2.09641110887488,3871.25
3098,1.4636964188273605,-1.2860983421472456,1.8462336760016935,-0.5630636141056792,1.4532682485269481,-2.1007771340764174,3872.5
3099,1.4637086598899804,-1.2859968492462244,1.8460959302758366,-0.56302737559312,1.4532806908271632,-2.1128452599432386,3873.75
3100,1.4637086618023698,-1.2859968429262687,1.8460959371455565,-0.5630273930298091,1.4532806852476496,-2.1347865831353814,3875.0
3101,1.4637086645863517,-1.2859968337259229,1.846095947146227,-0.5630274184134615,1.4532806771252114,-2.16672790632751,3876.25
3102,1.4637086682419265,-1.2859968216451878,1.8460959602778484,-0.5630274517440772,1.4532806664598485,-2.2086692295196255,3877.5
3103,1.4637086726528155,-1.2859968065664844,1.8460959760829347,-0.5630274911002283,1.4532806523260184,-2.260610543483731,3878.75
3104,1.4637086777148822,-1.2859967883845105,1.846095994151773,-0.5630275347611245,1.4532806338948243,-2.3225518431040513,3880.0
3105,1.4637086824501035,-1.2859967671580108,1.846096014964362,-0.5630275837519613,1.4532806159415785,-2.3944931399618543,3881.25
3106,1.463708681631386,-1.285996742388208,1.8460960377287439,-0.5630276302198058,1.4532806142448491,-2.4764344229823467,3882.5
3107,1.4637086807297546,-1.2859967145895337,1.8460960632541394,-0.563027682300934,1.4532806124805093,-2.568375700213301,3883.75
3108,1.4637086793690042,-1.285996683849282,1.8460960915768931,-0.5630277399634057,1.4532806103230298,-2.6703169703787983,3885.0
3109,1.463708662445946,-1.2859966537019047,1.8460961243813228,-0.5630278027840404,1.4532805928881936,-2.782258229150818,3886.25
3110,1.4637086440114706,-1.2859966208621694,1.8460961601192043,-0.563027871228758,1.4532805738986625,-2.904199480516445,3887.5
3111,1.4637086132971877,-1.285996589793681,1.8460961977755121,-0.5630279397389091,1.4532805425939448,-3.0361407256838637,3888.75
3112,1.4637085734069062,-1.2859965592094236,1.8460962376414567,-0.5630280099111196,1.4532805020741004,-3.1780819684020067,3890.0
3113,1.463708520945561,-1.2859965329711363,1.8460962771231193,-0.5630280752598815,1.4532804490284232,-3.330023207091864,3891.25
3114,1.4637084581036162,-1.2859965096199684,1.8460963169370084,-0.5630281379770332,1.4532803856274525,-3.491964439329642,3892.5
3115,1.4637083838559348,-1.2859964967971331,1.8460963503061056,-0.5630281836363346,1.4532803109769223,-3.657397354321055,3893.75
3116,1.4637083114973903,-1.2859964875361962,1.8460963798305794,-0.563028221901917,1.453280238282231,-3.81320375856323,3895.0
3117,1.4637082383526159,-1.2859964914269624,1.8460963974067686,-0.5630282350587822,1.4532801650287794,-3.9590101628052605,3896.25
3118,1.4637081702244097,-1.2859964950508773,1.8460964137775013,-0.5630282473132927,1.453280096799349,-4.0948165670472,3897.5
3119,1.463708107440357,-1.2859965091281274,1.8460964189231297,-0.5630282379254808,1.4532800341092773,-4.2206229712890275,3898.75
3120,1.4637080496487684,-1.2859965221497447,1.8460964236005442,-0.5630282291613489,1.4532799764053088,-4.33642937553082,3900.0
3121,1.463707999474305,-1.285996538723825,1.8460964227836114,-0.5630282114045282,1.453279926398805,-4.442235779772394,3901.25
3122,1.4637079557878807,-1.2859965568400564,1.846096418660404,-0.5630281888457271,1.4532798829228946,-4.538042184014226,3902.5
3123,1.4637079166613214,-1.2859965730653633,1.8460964149675603,-0.5630281686415481,1.453279843984876,-4.62384858825577,3903.75
3124,1.46370788472123,-1.2859965894135883,1.846096409080158,-0.5630281461717053,1.4532798122528132,-4.699654992497398,3905.0
3125,1.4637078599783337,-1.2859966058929562,1.8460964009874767,-0.5630281214173285,1.4532797877376025,-4.765461396738965,3906.25
3126,1.4637078389953904,-1.285996619868104,1.8460963941245658,-0.5630281004246488,1.4532797669477453,-4.82126780098056,3907.5
3127,1.4637078217723996,-1.2859966313390305,1.8460963884914234,-0.5630280831936656,1.4532797498832413,-4.867074205222378,3908.75
3128,1.463707808309361,-1.2859966403057381,1.8460963840880524,-0.5630280697243797,1.4532797365440904,-4.902880609464152,3910.0
3129,1.4637077986062754,-1.2859966467682264,1.8460963809144537,-0.5630280600167912,1.453279726930293,-4.928687013705823,3911.25
3130,1.4637077926631425,-1.2859966507264962,1.8460963789706264,-0.5630280540709001,1.453279721041849,-4.9444934179475055,3912.5
3131,1.4639365728712193,-1.2840762436813145,1.8434753352837456,-0.5623276403233668,1.4535124520596632,-4.951888864906294,3913.75
3132,1.4644179458050084,-1.2800355937037613,1.837960512426856,-0.5608539366729614,1.4540021368247016,-4.9502160019853205,3915.0
3133,1.4645012598056604,-1.279336278763741,1.8370060671271211,-0.560598888393728,1.4540868857630194,-4.940316067229578,3916.25
3134,1.464501265975802,-1.2793362742427645,1.837006070157305,-0.560598897699141,1.454086884712833,-4.921151024782112,3917.5
3135,1.4645012753654214,-1.2793362673628175,1.8370060747685883,-0.5605989118599636,1.4540868831146767,-4.891985982334716,3918.75
3136,1.4645012879745176,-1.2793362581239003,1.8370060809609712,-0.5605989308761957,1.4540868809685508,-4.852820939887103,3920.0
3137,1.464501303822245,-1.279336246563708,1.8370060888759596,-0.5605989553295592,1.4540868784246663,-4.80365589971938,3921.25
3138,1.4645013230588924,-1.2793362329780085,1.8370060996238644,-0.5605989897844781,1.4540868766616422,-4.744490876992536,3922.5
3139,1.4645013455468947,-1.279336217096071,1.8370061121883678,-0.5605990300629257,1.4540868746006343,-4.6753258542655916,3923.75
3140,1.4645013803622788,-1.2793362019478187,1.8370061170348126,-0.5605990526718598,1.4540869065922706,-4.596160846250866,3925.0
3141,1.4645014208053082,-1.2793361852920244,1.8370061212012434,-0.5605990749461309,1.4540869473086335,-4.506995842407605,3926.25
3142,1.464501465814558,-1.2793361667568206,1.83700612580179,-0.5605990996056547,1.4540869928430062,-4.407830848892357,3927.5
3143,1.464501518811534,-1.2793361525694285,1.8370061237001898,-0.5605991123800652,1.454087045955716,-4.298665864172321,3928.75
3144,1.4645015778737094,-1.279336139264705,1.8370061188884954,-0.5605991212720134,1.4540871049788267,-4.179500887114033,3930.0
3145,1.4645016420073544,-1.2793361287071292,1.8370061100516728,-0.5605991234329123,1.4540871691161101,-4.05033591724533,3931.25
3146,1.4645017113366292,-1.2793361250322197,1.8370060933180494,-0.560599110876347,1.4540872385475812,-3.9111709516063193,3932.5
3147,1.4645017838333891,-1.2793361252913602,1.8370060720078798,-0.560599089832029,1.4540873112233221,-3.7620059882215777,3933.75
3148,1.4645018571175537,-1.2793361349919623,1.8370060416945335,-0.5605990503480165,1.4540873848551068,-3.602841031578709,3935.0
3149,1.4645019271120612,-1.2793361523826543,1.8370060051900512,-0.5605989969571079,1.4540874553240535,-3.436478208953449,3936.25
3150,1.4645019882239794,-1.279336175116673,1.8370059663009064,-0.5605989357724593,1.4540875169825362,-3.277900286710302,3937.5
3151,1.4645020338405077,-1.279336204172745,1.8370059260392977,-0.5605988667793453,1.4540875632188268,-3.129322364466574,3938.75
3152,1.4645020725175204,-1.2793362338509344,1.8370058872162287,-0.5605987985521275,1.4540876025096727,-2.990744442223227,3940.0
3153,1.4645020966622284,-1.2793362662567356,1.8370058500814723,-0.5605987291794778,1.4540876272807712,-2.862166519979868,3941.25
3154,1.4645021144741748,-1.2793362979897143,1.8370058154124425,-0.5605986628995521,1.454087645691962,-2.743588597736659,3942.5
3155,1.4645021261779554,-1.279336328083977,1.837005784041569,-0.5605986015125248,1.4540876579514603,-2.635010675493608,3943.75
3156,1.4645021270806533,-1.2793363575965113,1.8370057563503441,-0.5605985443085867,1.4540876593734895,-2.536432753250396,3945.0
3157,1.4645021278917798,-1.2793363841152128,1.8370057314681838,-0.560598492907564,1.4540876606512643,-2.447854831007479,3946.25
3158,1.4645021267980591,-1.2793364077361944,1.8370057098327415,-0.5605984476378103,1.4540876599687969,-2.3692769087644368,3947.5
3159,1.4645021177018518,-1.2793364287826465,1.837005692915731,-0.5605984096035042,1.4540876512193237,-2.300698986521473,3948.75
3160,1.4645021099320494,-1.2793364467601152,1.8370056784655509,-0.5605983771153425,1.4540876437456949,-2.2421210642784417,3950.0
3161,1.4645021034886514,-1.2793364616685974,1.8370056664821979,-0.5605983501733247,1.45408763754791,-2.1935431420353577,3951.25
3162,1.464502098371658,-1.2793364735080963,1.8370056569656759,-0.5605983287774514,1.4540876326259689,-2.154965219792189,3952.5
3163,1.4645020945810692,-1.2793364822786122,1.837005649915985,-0.5605983129277227,1.454087628979872,-2.126387297549066,3953.75
3164,1.464502092116885,-1.279336487980145,1.8370056453331252,-0.5605983026241385,1.454087626609619,-2.1078093753059317,3955.0
3165,1.4646056388176794,-1.2784565609878338,1.8357980859917178,-0.5602707707570572,1.4541930131727419,-2.0983464514295207,3956.25
3166,1.4650859813533428,-1.2743747046577847,1.8301964183403603,-0.5587514257422613,1.454681890076699,-2.0972481979976387,3957.5
3167,1.4652848912164977,-1.2726844118196505,1.8278767788550578,-0.5581222736223445,1.4548843314847504,-2.105072934216551,3958.75
3168,1.4652848926356137,-1.2726844071649248,1.8278767839484906,-0.5581222864898463,1.4548843274053498,-2.121443402203859,3960.0
3169,1.4652848949216057,-1.2726843996668318,1.8278767921532775,-0.55812230721754,1.4548843208340223,-2.1478138701910967,3961.25
3170,1.465284898074473,-1.2726843893253712,1.8278768034694188,-0.5581223358054254,1.4548843117707682,-2.1841843381782637,3962.5
3171,1.4652849020942165,-1.2726843761405433,1.8278768178969145,-0.5581223722535026,1.4548843002155871,-2.230554806165645,3963.75
3172,1.465284906729561,-1.2726843598520092,1.8278768344283995,-0.5581224123532383,1.4548842841436056,-2.286925256855527,3965.0
3173,1.4652849121328033,-1.2726843406175576,1.8278768536744328,-0.5581224586554027,1.454884264782087,-2.353295704100608,3966.25
3174,1.4652849140090902,-1.2726843180735647,1.8278768751779717,-0.5581225054899799,1.4548842554019066,-2.4296661412396707,3967.5
3175,1.465284913156319,-1.2726842922956634,1.8278768990570688,-0.5581225540413778,1.4548842536322824,-2.5160365719087423,3968.75
3176,1.4652849122379428,-1.2726842635213258,1.8278769256669087,-0.5581226081000261,1.454884251932845,-2.612406991164458,3970.0
3177,1.4652849040973273,-1.2726842334265986,1.82787695582701,-0.558122667528979,1.454884243125015,-2.7187774037068047,3971.25
3178,1.4652848867432977,-1.272684202477551,1.827876989762623,-0.5581227322798318,1.4548842252404945,-2.8351478080393058,3972.5
3179,1.4652848668472322,-1.27268416930561,1.82787702651768,-0.5581228020646345,1.4548842047718793,-2.9615182042520036,3973.75
3180,1.4652848290465204,-1.2726841402793154,1.8278770646303617,-0.5581228689363527,1.454884166368398,-3.0978885945390857,3975.0
3181,1.465284787909333,-1.2726841095006773,1.8278771053515257,-0.558122940145063,1.4548841245889301,-3.244258984414545,3976.25
3182,1.465284728061218,-1.272684087214408,1.8278771436060515,-0.5581230002535293,1.4548840642024854,-3.400629367213655,3977.5
3183,1.465284661504184,-1.2726840670195325,1.8278771818662771,-0.5581230582267953,1.4548839971276166,-3.566375810229361,3978.75
3184,1.465284587712869,-1.272684057232504,1.8278772125254843,-0.5581230981360203,1.4548839229841686,-3.727750450402973,3980.0
3185,1.4652845159069434,-1.2726840540415794,1.8278772364507248,-0.5581231247282095,1.4548838509470827,-3.87912509057603,3981.25
3186,1.4652844459609895,-1.2726840577371066,1.82787725340767,-0.5581231374777051,1.4548837808957473,-4.020499730749336,3982.5
3187,1.4652843811082552,-1.2726840659266359,1.8278772646854629,-0.5581231400902584,1.454883716029166,-4.1518743709221395,3983.75
3188,1.4652843213722029,-1.272684079376172,1.8278772695625118,-0.5581231310782725,1.4548836563843457,-4.273249011095178,3985.0
3189,1.4652842666984711,-1.272684091968385,1.82787727376269,-0.558123122283921,1.454883601799088,-4.384623651268,3986.25
3190,1.4652842211106183,-1.2726841108750626,1.8278772694203007,-0.5581230986975173,1.4548835564330265,-4.485998291440796,3987.5
3191,1.4652841800197338,-1.2726841279167074,1.8278772655062578,-0.5581230774377697,1.4548835155420548,-4.577372931613688,3988.75
3192,1.4652841434258173,-1.27268414309332,1.8278772620205637,-0.5581230585046785,1.4548834791261727,-4.658747571786451,3990.0
3193,1.4652841163161252,-1.2726841602344914,1.8278772539349473,-0.5581230330759681,1.454883452252215,-4.7301222119592525,3991.25
3194,1.4652840935584606,-1.272684175399337,1.8278772464238149,-0.5581230102303097,1.4548834297060935,-4.7914968521319246,3992.5
3195,1.4652840745087876,-1.2726841880933155,1.827877240136497,-0.5581229911069792,1.4548834108334963,-4.842871492304801,3993.75
3196,1.4652840591671064,-1.272684198316429,1.8278772350729953,-0.5581229757059771,1.4548833956344227,-4.884246132477667,3995.0
3197,1.4652840475334163,-1.2726842060686774,1.8278772312333114,-0.5581229640273039,1.4548833841088733,-4.915620772650487,3996.25
3198,1.4652840396077178,-1.2726842113500614,1.8278772286174454,-0.5581229560709596,1.454883376256848,-4.936995412823433,3997.5
3199,1.4653053047648867,-1.2725012389842576,1.8276247627890256,-0.5580534831407838,1.4549050301409596,-4.948594765182314,3998.75
3200,1.4657263002388126,-1.2688795205951733,1.8226276092851135,-0.5566784550641379,1.4553337190789946,-4.952474849695311,4000.0
3201,1.4660564349301968,-1.2660394779936126,1.818708995988372,-0.5556002040773882,1.4556698846313134,-4.946762006387835,4001.25
3202,1.466056445134315,-1.2660394241677275,1.8187089282031204,-0.555600191346969,1.455669889919299,-4.933210736053588,4002.5
3203,1.466056452631767,-1.266039418684756,1.8187089319036422,-0.5556002026563939,1.4556698886857737,-4.909659535469881,4003.75
3204,1.4660564633126887,-1.266039410873677,1.8187089371754313,-0.5556002187678775,1.4556698869284854,-4.876108334886187,4005.0
3205,1.4660564771770792,-1.266039400734491,1.8187089440184867,-0.5556002396814199,1.4556698846474339,-4.832557134302504,4006.25
3206,1.4660564943201928,-1.2660393884589496,1.8187089531494034,-0.55560026832773,1.4556698825989627,-4.779005946765173,4007.5
3207,1.4660565147483813,-1.2660393740598368,1.8187089646159613,-0.5556003049022191,1.455669880833502,-4.715454769743793,4008.75
3208,1.4660565415435585,-1.2660393584561538,1.8187089745332894,-0.5556003390034514,1.4556698907538852,-4.641903598134669,4010.0
3209,1.4660565789144,-1.2660393430645862,1.8187089784243864,-0.5556003596464545,1.4556699283317003,-4.55835243759347,4011.25
3210,1.4660566207799386,-1.266039325822505,1.8187089827569287,-0.555600382677792,1.4556699705900331,-4.464801285001575,4012.5
3211,1.4660566679631177,-1.2660393082262524,1.8187089858014456,-0.5556004046519896,1.4556700182002127,-4.361250139423004,4013.75
3212,1.466056723473459,-1.2660392957308741,1.8187089812409456,-0.5556004129721692,1.45567007367598,-4.247699003343211,4015.0
3213,1.466056783871547,-1.2660392821342685,1.8187089762756936,-0.5556004220120392,1.455670134030572,-4.124147876300661,4016.25
3214,1.4660568494236643,-1.2660392762874795,1.8187089625510047,-0.5556004146068025,1.4556701996499322,-3.990596754990241,4017.5
3215,1.4660569199612024,-1.2660392725713032,1.8187089453734213,-0.5556004016629799,1.4556702702927211,-3.8470456352435165,4018.75
3216,1.4660569910695385,-1.2660392786556514,1.8187089188472347,-0.555600369573592,1.4556703416823051,-3.693494520587208,4020.0
3217,1.4660570653460938,-1.2660392885242373,1.8187088878479294,-0.5556003292498265,1.4556704163152867,-3.5299434121544278,4021.25
3218,1.4660571281538486,-1.2660393113464583,1.818708848071359,-0.5556002671079115,1.45567047968062,-3.365764442865459,4022.5
3219,1.4660571838954386,-1.2660393351043457,1.8187088094876374,-0.5556002051710079,1.455670535979038,-3.2115752961871036,4023.75
3220,1.4660572235922809,-1.2660393656056488,1.8187087692851431,-0.5556001347524508,1.4556705763127085,-3.0673861495091144,4025.0
3221,1.4660572579733366,-1.2660393950544224,1.8187087316255877,-0.5556000678905024,1.4556706112989537,-2.9331970028311694,4026.25
3222,1.4660572763769,-1.2660394278725133,1.818708695488728,-0.5555999990637022,1.4556706303281879,-2.8090078561532024,4027.5
3223,1.4660572932985656,-1.2660394580480074,1.8187086622616842,-0.5555999357789964,1.4556706478251442,-2.694818709475543,4028.75
3224,1.4660572980079452,-1.2660394879960188,1.8187086328244175,-0.5555998764217954,1.455670653075881,-2.5906295627976657,4030.0
3225,1.4660572988615976,-1.2660395158357212,1.818708606491641,-0.5555998222495017,1.4556706544241491,-2.49644041612019,4031.25
3226,1.4660572996246186,-1.2660395407196967,1.818708582954594,-0.5555997738286444,1.4556706556292722,-2.4122512694424385,4032.5
3227,1.4660572941299514,-1.2660395629728285,1.8187085637150702,-0.5555997322907127,1.455670650514839,-2.3380621227648253,4033.75
3228,1.4660572857341594,-1.266039582418294,1.8187085479556862,-0.5555996970198676,1.4556706424425037,-2.2738729760872776,4035.0
3229,1.4660572786463442,-1.2660395988343573,1.8187085346514484,-0.5555996672438526,1.4556706356277538,-2.219683829409628,4036.25
3230,1.466057272866506,-1.2660396122210185,1.818708523802357,-0.5555996429626675,1.45567063007059,-2.175494682731773,4037.5
3231,1.4660572683946445,-1.2660396225782793,1.8187085154084142,-0.5555996241763126,1.4556706257710115,-2.14130553605402,4038.75
3232,1.46605726523076,-1.2660396299061398,1.8187085094696196,-0.5555996108847875,1.455670622729019,-2.117116389376256,4040.0
3233,1.4660572633748523,-1.2660396342046,1.8187085059859733,-0.5555996030880925,1.4556706209446122,-2.10292724269848,4041.25
3234,1.4663512210701621,-1.2634795312275393,1.8151572391741477,-0.5546087224736002,1.4559701019500713,-2.0967293490769245,4042.5
3235,1.4667842556962893,-1.2597082043578902,1.809925822052553,-0.5531490500826085,1.4564112718754259,-2.0999886826832905,4043.75
3236,1.4668194480354333,-1.2594017170636211,1.8095006840468235,-0.5530304353570379,1.4564471217742962,-2.1110691786715314,4045.0
3237,1.4668194498208476,-1.2594017112502789,1.809500690454051,-0.5530304514653921,1.4564471167120954,-2.131783311171882,4046.25
3238,1.4668194524681923,-1.2594017026304751,1.8095006999544452,-0.5530304753502506,1.4564471092060551,-2.1624974436721622,4047.5
3239,1.4668194559774677,-1.2594016912042094,1.8095007125480065,-0.5530305070116135,1.4564470992561755,-2.2032115761726563,4048.75
3240,1.4668194602742068,-1.2594016768924026,1.809500727930542,-0.5530305451855795,1.456447086255017,-2.253925705849592,4050.0
3241,1.4668194651960418,-1.259401659522629,1.8095007454387857,-0.5530305871163277,1.4564470688781115,-2.3146398278037896,4051.25
3242,1.4668194706422764,-1.2594016392649507,1.8095007657893114,-0.5530306355330672,1.4564470494772643,-2.3853539490237745,4052.5
3243,1.4668194698545836,-1.259401615482079,1.8095007880038252,-0.5530306805135878,1.4564470478404217,-2.466068054446242,4053.75
3244,1.4668194689809817,-1.2594015887484042,1.8095008129583747,-0.5530307310260656,1.456447046098947,-2.556782155557765,4055.0
3245,1.4668194680351272,-1.259401559058961,1.8095008406386834,-0.5530307870227271,1.4564470443676032,-2.657496248295999,4056.25
3246,1.4668194531647922,-1.25940152965314,1.8095008726166242,-0.5530308481482704,1.456447028959389,-2.768210330423153,4057.5
3247,1.466819435403818,-1.2594014979535948,1.8095009076586877,-0.5530309147564366,1.4564470106503729,-2.8889244051913243,4058.75
3248,1.4668194078044503,-1.2594014670977134,1.809500944802965,-0.553030982557776,1.4564469824669204,-3.019638473290046,4060.0
3249,1.466819369325402,-1.2594014375168168,1.8095009839483613,-0.5530310510081863,1.4564469433674476,-3.1603525381077455,4061.25
3250,1.4668193206096434,-1.2594014108345555,1.809501023376408,-0.5530311167651424,1.4564468940573119,-3.311066599666706,4062.5
3251,1.4668192599306449,-1.2594013882018347,1.8095010625118855,-0.5530311780891419,1.4564468328264881,-3.471780654664,4063.75
3252,1.4668191903649506,-1.2594013741602264,1.8095010961779994,-0.5530312252850609,1.4564467628398938,-3.634611809939679,4065.0
3253,1.466819121370088,-1.2594013649794913,1.8095011251031536,-0.5530312628823351,1.456446693511986,-3.787568726174974,4066.25
3254,1.4668190524374036,-1.259401366706724,1.8095011437478423,-0.553031279289302,1.456446624440325,-3.930525642410395,4067.5
3255,1.4668189875483775,-1.25940137011644,1.8095011596206063,-0.5530312912714255,1.4564465594521863,-4.063482558645439,4068.75
3256,1.4668189277724764,-1.259401380846017,1.8095011671033543,-0.5530312875799415,1.456446499719887,-4.186439474880777,4070.0
3257,1.4668188729343261,-1.259401393184822,1.8095011716201932,-0.5530312793495158,1.4564464449661012,-4.299396391115536,4071.25
3258,1.4668188238287663,-1.2594014059971614,1.8095011740058604,-0.5530312685567054,1.4564463959674356,-4.402353307350534,4072.5
3259,1.4668187825948764,-1.259401423098855,1.8095011700414572,-0.5530312471818039,1.4564463549360716,-4.49531022358538,4073.75
3260,1.4668187457967932,-1.259401438360802,1.8095011665035274,-0.5530312281063433,1.4564463183187266,-4.578267139820312,4075.0
3261,1.4668187134345163,-1.259401451783004,1.8095011633920741,-0.5530312113303243,1.4564462861154013,-4.651224056055125,4076.25
3262,1.466818689180171,-1.259401466188415,1.8095011569714867,-0.5530311903217513,1.4564462620574439,-4.714180972290022,4077.5
3263,1.4668186698113688,-1.2594014790998183,1.8095011505198657,-0.5530311708126265,1.4564462428704954,-4.767137888524914,4078.75
3264,1.4668186541000308,-1.2594014895731258,1.8095011452865222,-0.5530311549874632,1.4564462273066716,-4.8100948047599505,4080.0
3265,1.4668186420461569,-1.2594014976083359,1.8095011412714532,-0.553031142846261,1.4564462153659719,-4.843051720994866,4081.25
3266,1.466818633649747,-1.2594015032054506,1.8095011384746624,-0.5530311343890205,1.456446207048396,-4.866008637229849,4082.5
3267,1.4668186289108014,-1.2594015063644701,1.8095011368961498,-0.553031129615742,1.4564462023539444,-4.8789655534649015,4083.75
3268,1.4667060514953514,-1.2603712601806059,1.8108932055805678,-0.5534533357062411,1.4563311608523923,-4.882647060054535,4085.0
3269,1.4666201072899279,-1.261111615636493,1.8119559796983489,-0.5537756713436413,1.4562433354163082,-4.877565692270246,4086.25
3270,1.4665813590902923,-1.2614454430063842,1.812435191949736,-0.5539210188230224,1.4562037389168978,-4.862917798578161,4087.5
3271,1.4665161578043295,-1.2620071716547154,1.8132415585766637,-0.5541655938653793,1.456137110203681,-4.838269904886177,4088.75
3272,1.466424503432039,-1.2627968015814894,1.814375079579136,-0.5545093964707134,1.4560434492766574,-4.80362201119418,4090.0
3273,1.466305605298855,-1.2638146920379751,1.8158326234438396,-0.5549489346144321,1.4559219810802728,-4.7589740091528805,4091.25
3274,1.466159357062799,-1.2650608906361989,1.8176137675854382,-0.555483737929652,1.4557726013768317,-4.70432591686086,4092.5
3275,1.4659863470076342,-1.266535129875175,1.8197208415201707,-0.5561164043710647,1.4555958868301828,-4.639677824568885,4093.75
3276,1.4657854908583479,-1.2682379664845103,1.822149700934618,-0.5568422325635499,1.4553907746070225,-4.565029578062162,4095.0
3277,1.4655571756901258,-1.2701692011799928,1.824901824232835,-0.557662900313973,1.4551576441308276,-4.480381257460654,4096.25
3278,1.4653005523300087,-1.2723293102808593,1.827974057397697,-0.5585747759385913,1.4548956625258027,-4.385732757499355,4097.5
3279,1.4650160661302087,-1.2747180511445277,1.831368071015278,-0.5595797731649076,1.4546052665051301,-4.281084161506566,4098.75
3280,1.4647019374552863,-1.2773364712861879,1.8350773712397173,-0.5606703486352936,1.454284710241434,-4.166435243589939,4100.0
3281,1.464358853514927,-1.280184223175801,1.839104598652156,-0.561849491221567,1.453934667471897,-4.0417861216433035,4101.25
3282,1.4639861492304318,-1.2832617367155343,1.8434474163983123,-0.5631144334071276,1.4535544854981859,-3.9071367324207404,4102.5
3283,1.4635831427913182,-1.2865694930108313,1.8481035234335284,-0.5644623922467731,1.4531434949160564,-3.7624870156369528,4103.75
3284,1.4631491351985018,-1.290108024613422,1.853070653385282,-0.5658905679853966,1.4527010091632047,-3.6078369159511468,4105.0
3285,1.462690019499636,-1.2938239408570653,1.8582707582676545,-0.5673743088690851,1.452233063305399,-3.4455457738363355,4106.25
3286,1.4622482736259654,-1.2973739459067133,1.8632237606501079,-0.5687768746996844,1.4517829494792494,-3.290609541611482,4107.5
3287,1.461831982190287,-1.300697130209623,1.8678471208592646,-0.5700766433278833,1.4513588847170078,-3.1456729396678096,4108.75
3288,1.4614418130113536,-1.3037930531693829,1.8721431656827021,-0.5712763829037516,1.4509615244630352,-3.0107360315880163,4110.0
3289,1.4610784517390927,-1.3066612222152365,1.8761141884646153,-0.5723788801452805,1.450591541954627,-2.885798879690073,4111.25
3290,1.4607425392096438,-1.309301145156114,1.8797622565175849,-0.5733866953200667,1.450249566660452,-2.770861537234944,4112.5
3291,1.4604333784114178,-1.3117134501858245,1.8830853441975925,-0.5742971737200517,1.4499349132470427,-2.6659239198098836,4113.75
3292,1.460152905729211,-1.3138965389698456,1.8860894322036659,-0.5751178967337938,1.4496494845677297,-2.570986220857996,4115.0
3293,1.4599005359873265,-1.3158509167573789,1.888772766732111,-0.575846604587237,1.4493927054148772,-2.486048362456846,4116.25
3294,1.4596773552459361,-1.3175756624403838,1.891138642724996,-0.5764875146619918,1.4491656432254199,-2.411110450990919,4117.5
3295,1.459482798376388,-1.3190712762837236,1.8931853964251484,-0.5770384622340972,1.4489677424042964,-2.346172412857933,4118.75
3296,1.4593182018929467,-1.3203365761406356,1.8949169644869641,-0.577504567764783,1.448800316914244,-2.291234374724822,4120.0
3297,1.459183116377253,-1.3213719703439892,1.896332049551806,-0.5778841249994974,1.4486629248381162,-2.246296291234559,4121.25
3298,1.459077562020129,-1.3221774409159899,1.897430710631775,-0.5781772109534453,1.448555586027896,-2.2113581463500536,4122.5
3299,1.459002219443703,-1.3227523696047094,1.8982149128062686,-0.5783864098106637,1.448478969744752,-2.1864200014655637,4123.75
3300,1.4589570886479746,-1.3230967564101495,1.8986846560752895,-0.5785117215711526,1.4484330759886839,-2.1714818565810323,4125.0
3301,1.458865038547929,-1.3237979413969772,1.899640320176026,-0.5787661101339077,1.4483394761695991,-2.16615867636379,4126.25
3302,1.4587289321554286,-1.3248341636904197,1.90105227579214,-0.5791417098494753,1.4482010812504607,-2.1696417043677676,4127.5
3303,1.458728838793685,-1.3248342469464165,1.9010520069372625,-0.5791413579649587,1.448200989585973,-2.182405678351692,4128.75
3304,1.458728672287211,-1.3248343954297455,1.9010515274466708,-0.5791407303947369,1.4482008261064787,-2.2051696523356146,4130.0
3305,1.4587284326360062,-1.324834609140406,1.9010508373203652,-0.5791398271388102,1.448200590811978,-2.2379336263195366,4131.25
3306,1.4587281197441917,-1.3248348880035936,1.9010499362787066,-0.5791386470117287,1.4482002829543141,-2.280697568730833,4132.5
3307,1.4587277336823175,-1.3248352320744436,1.9010488245274613,-0.5791371908862484,1.4481999030843746,-2.3334615103738034,4133.75
3308,1.458727380291224,-1.3248355423437332,1.9010478113808629,-0.5791358671324175,1.4481995552478757,-2.3962254480628586,4135.0
3309,1.4587273795743434,-1.3248355194510202,1.9010478320319768,-0.579135910373106,1.448199553973113,-2.4689893717608444,4136.25
3310,1.458727378762514,-1.3248354934106565,1.901047855516755,-0.5791359595406563,1.448199552551443,-2.5517532930890807,4137.5
3311,1.45872737786077,-1.3248354642205458,1.9010478818289496,-0.5791360146128961,1.4481995510227141,-2.644517209298946,4138.75
3312,1.4587273650291257,-1.3248354345949662,1.9010479120260135,-0.5791360742428073,1.4481995376411028,-2.747281116698229,4140.0
3313,1.4587273472418625,-1.3248354029360399,1.9010479454905174,-0.5791361392453738,1.4481995192963022,-2.8600450179901626,4141.25
3314,1.4587273238302079,-1.3248353701512028,1.901047981557259,-0.5791362079404326,1.4481994952923687,-2.982808912396874,4142.5
3315,1.4587272848987953,-1.324835340351456,1.901048019330486,-0.5791362752522189,1.4481994557668874,-3.1155727987944575,4143.75
3316,1.4587272408234038,-1.3248353097814107,1.901048059249577,-0.5791363454446931,1.4481994110722307,-3.2583366817309973,4145.0
3317,1.4587271789606098,-1.324835286869384,1.9010480973167538,-0.5791364060011606,1.4481993486777942,-3.4111005627385027,4146.25
3318,1.4587271091659724,-1.3248352667702528,1.901048135099008,-0.579136463404093,1.4481992783804687,-3.5737787023047005,4147.5
3319,1.4587270313057565,-1.324835256575101,1.9010481662642458,-0.5791365042275313,1.4481992001659671,-3.734690718231599,4148.75
3320,1.4587269552716657,-1.324835253974455,1.901048190091198,-0.5791365301288423,1.448199123910105,-3.885602734158339,4150.0
3321,1.4587268814930527,-1.3248352579762372,1.9010482073496928,-0.579136542873168,1.4481990500264874,-4.02651475008475,4151.25
3322,1.4587268131182651,-1.3248352672480537,1.9010482183467472,-0.5791365441220881,1.4481989816483263,-4.157426766011399,4152.5
3323,1.4587267501384793,-1.324835281498276,1.9010482233468275,-0.5791365344317126,1.4481989187618534,-4.278338781937576,4153.75
3324,1.4587266927405818,-1.3248352952339797,1.9010482272313878,-0.5791365241791565,1.4481988614616372,-4.389250797864106,4155.0
3325,1.4587266447096723,-1.3248353151908527,1.9010482228799437,-0.5791364995327151,1.4481988136553736,-4.49016281379012,4156.25
3326,1.4587266014384448,-1.3248353331700717,1.9010482189597069,-0.579136477328642,1.4481987705865302,-4.58107482971644,4157.5
3327,1.4587265629268993,-1.3248353491716385,1.90104821547068,-0.5791364575669378,1.4481987322551069,-4.661986845642649,4158.75
3328,1.4587265347136111,-1.3248353674349858,1.9010482070391364,-0.579136430671716,1.4481987042842228,-4.7328988615687635,4160.0
3329,1.4587265108054477,-1.3248353833727478,1.901048199479834,-0.5791364070047685,1.4481986805892633,-4.7938108774949395,4161.25
3330,1.4587264908223165,-1.3248353966939859,1.901048193161549,-0.5791363872232519,1.4481986607843338,-4.84472289342123,4162.5
3331,1.4587264747642177,-1.3248354073987016,1.9010481880842833,-0.5791363713271667,1.4481986448694348,-4.8856349093475995,4163.75
3332,1.4587264626311514,-1.3248354154868964,1.9010481842480382,-0.5791363593165134,1.4481986328445662,-4.916546925273867,4165.0
3333,1.4587264544231173,-1.3248354209585698,1.901048181652814,-0.579136351191292,1.4481986247097283,-4.9374589412002035,4166.25
3334,1.4587609035226585,-1.3245670630535669,1.9006937336298162,-0.579050295225991,1.448233572832146,-4.948678483867902,4167.5
3335,1.4592521045593254,-1.320741053052021,1.8956404003176688,-0.5778234592788974,1.4487318878174333,-4.952029552614014,4168.75
3336,1.4595886987481694,-1.3181193108433331,1.89217764885548,-0.5769827845759021,1.4490733543799708,-4.94590359313084,4170.0
3337,1.459588703481339,-1.3181193073464332,1.8921776511369899,-0.5769827917211988,1.449073353503934,-4.931704838602933,4171.25
3338,1.4595887115480188,-1.3181193013867123,1.8921776550253377,-0.5769828038988362,1.449073352010916,-4.90750608407515,4172.5
3339,1.4595887229482085,-1.3181192929641694,1.8921776605205238,-0.5769828211088139,1.4490733499009167,-4.873307329547322,4173.75
3340,1.459588737681909,-1.3181192820788052,1.892177667622548,-0.5769828433511323,1.449073347173936,-4.8291085750195055,4175.0
3341,1.4595887558698764,-1.3181192689496897,1.89217767716851,-0.5769828741217848,1.4490733447418818,-4.774909827946855,4176.25
3342,1.459588777495458,-1.3181192535466097,1.8921776890429642,-0.5769829129386334,1.4490733424789906,-4.710711085540811,4177.5
3343,1.459588806592004,-1.3181192370855879,1.8921776986175702,-0.5769829474217716,1.4490733552394899,-4.636512349639682,4178.75
3344,1.459588846440222,-1.3181192206392902,1.8921777025739872,-0.5769829692702725,1.4490733953194486,-4.552313623836942,4180.0
3345,1.4595888910483845,-1.3181192022299064,1.8921777069720755,-0.5769829936167515,1.4490734403768275,-4.45811490658752,4181.25
3346,1.4595889415823993,-1.3181191839868684,1.892177709444874,-0.5769830156567569,1.4490734913382328,-4.353916196192809,4182.5
3347,1.459589000642115,-1.3181191706297721,1.892177704727451,-0.5769830246844238,1.449073550364278,-4.239717494548101,4183.75
3348,1.4595890648724885,-1.3181191561021623,1.8921776995934505,-0.5769830344877438,1.4490736145513108,-4.115518802470108,4185.0
3349,1.4595891345744385,-1.318119150548788,1.8921776848322274,-0.5769830257589489,1.4490736843300214,-3.9813201157878138,4186.25
3350,1.4595892095271654,-1.3181191465053954,1.8921776672237594,-0.5769830127158307,1.4490737593882987,-3.837121430116772,4187.5
3351,1.4595892846771772,-1.3181191537476062,1.8921776393885288,-0.5769829781605492,1.4490738348372156,-3.6829227499590003,4188.75
3352,1.4595893631213281,-1.3181191645816788,1.8921776073821506,-0.5769829358647236,1.4490739136493132,-3.5187345370738443,4190.0
3353,1.459589428874899,-1.3181191889805908,1.8921775667482976,-0.5769828712844576,1.4490739799711905,-3.355182734079778,4191.25
3354,1.4595894865094998,-1.3181192146211966,1.892177527297353,-0.5769828065884357,1.4490740381760885,-3.2016309310855293,4192.5
3355,1.459589528301542,-1.3181192466546436,1.8921774865766405,-0.5769827341176174,1.4490740806096487,-3.0580791280918564,4193.75
3356,1.459589563354756,-1.3181192780471596,1.8921774483442895,-0.5769826647292386,1.4490741162776821,-2.9245273250978303,4195.0
3357,1.4595895827074847,-1.3181193125228394,1.892177411784838,-0.5769825938202537,1.4490741362606536,-2.8009755221042454,4196.25
3358,1.459589600493848,-1.3181193442081285,1.8921773781844171,-0.5769825286504802,1.4490741546262491,-2.6874237191105217,4197.5
3359,1.4595896044219998,-1.3181193758826657,1.892177348523023,-0.5769824673337948,1.4490741591009015,-2.5838719161169124,4198.75
3360,1.4595896053064976,-1.318119405100887,1.8921773219384452,-0.5769824115296379,1.4490741604830863,-2.490320113123341,4200.0
3361,1.4595896060964493,-1.318119431195892,1.8921772981955598,-0.5769823616905354,1.4490741617175256,-2.406768310129809,4201.25
3362,1.4595895996060182,-1.318119454555303,1.89217727898248,-0.5769823190667398,1.4490741556080802,-2.33321650713627,4202.5
3363,1.4595895908045227,-1.318119474911065,1.8921772631318048,-0.5769822827936468,1.449074147131193,-2.2696647041427145,4203.75
3364,1.4595895833879595,-1.3181194920638066,1.892177249775263,-0.5769822522281957,1.4490741399881608,-2.2161129011490193,4205.0
3365,1.4595895773563288,-1.3181195060135282,1.8921772389128537,-0.5769822273703864,1.449074134178983,-2.1725610981553265,4206.25
3366,1.4595895727096306,-1.3181195167602313,1.89217723054458,-0.576982208220219,1.4490741297036602,-2.1390092951617925,4207.5
3367,1.4595895694478649,-1.3181195243039165,1.8921772246704416,-0.5769821947776933,1.4490741265621916,-2.1154574921681895,4208.75
3368,1.4595895675710315,-1.3181195286445837,1.8921772212904384,-0.5769821870428096,1.4490741247545782,-2.101905689174632,4210.0
3369,1.459956686893512,-1.3152245557065905,1.8883308702208774,-0.5760311712172191,1.4494467278791363,-2.096259853598277,4211.25
3370,1.4604197000757455,-1.311573404820362,1.8834798452302428,-0.5748317548580393,1.4499166558103282,-2.1002123828707786,4212.5
3371,1.4604396547586311,-1.3114160541757491,1.8832707928069319,-0.5747800751169053,1.4499369044233372,-2.111934799829696,4213.75
3372,1.4604396566593978,-1.3114160477825778,1.8832707996133902,-0.5747800926251609,1.4499368987495154,-2.1334689144511745,4215.0
3373,1.4604396594428408,-1.3114160384205495,1.8832708095806276,-0.5747801182638905,1.4499368904408878,-2.165003029072582,4216.25
3374,1.4604396631089611,-1.311416026089664,1.8832708227086448,-0.574780152033094,1.4499368794974536,-2.2065371436941468,4217.5
3375,1.4604396675476758,-1.311416010685188,1.883270838582965,-0.5747801921718206,1.4499368650646305,-2.258071253127313,4218.75
3376,1.460439672623362,-1.3114159920780883,1.8832708566929444,-0.5747802365105343,1.4499368460895479,-2.3196053529871294,4220.0
3377,1.4604396776608979,-1.3114159703637036,1.8832708776080214,-0.57478028672265,1.449936826703714,-2.391139450773137,4221.25
3378,1.4604396768259709,-1.3114159449781009,1.8832709003953756,-0.5747803338022512,1.44993682497723,-2.4726735340434716,4222.5
3379,1.4604396759050196,-1.3114159164733823,1.8832709259615923,-0.5747803866020388,1.4499368231700558,-2.564207612108511,4223.75
3380,1.4604396749073065,-1.3114158848463693,1.883270954297643,-0.5747804450914497,1.4499368213563184,-2.66574168300924,4225.0
3381,1.4604396578150602,-1.31141585385429,1.8832709871721474,-0.5747805088048866,1.4499368037465672,-2.7772757423520567,4226.25
3382,1.4604396389224241,-1.3114158201471373,1.883271023026286,-0.5747805782336151,1.4499367842987718,-2.898809794565817,4227.5
3383,1.4604396081466726,-1.3114157879582218,1.883271060890548,-0.5747806480781062,1.44993675293103,-3.030343840494631,4228.75
3384,1.4604395672362906,-1.3114157565607298,1.883271100923229,-0.5747807192315931,1.4499367113892956,-3.1718778837952133,4230.0
3385,1.4604395141006188,-1.3114157291731523,1.8832711408065879,-0.5747807861375401,1.4499366576615063,-3.323411923361787,4231.25
3386,1.4604394496233053,-1.3114157052059223,1.8832711808224745,-0.5747808496738255,1.4499365926236125,-3.484945956398758,4232.5
3387,1.4604393736664136,-1.3114156914290898,1.8832712148881148,-0.5747808969862604,1.449936516252789,-3.650615954514504,4233.75
3388,1.4604392991618598,-1.3114156816050608,1.8832712449658868,-0.5747809363672288,1.449936441405111,-3.8068345908276253,4235.0
3389,1.460439223822184,-1.3114156853829904,1.8832712629802766,-0.5747809500735538,1.4499363659521096,-3.9530532271407393,4236.25
3390,1.4604391535257606,-1.3114156891555082,1.88327127956495,-0.5747809623909992,1.4499362955541635,-4.089271863453819,4237.5
3391,1.4604390887112915,-1.3114157032566998,1.883271285249497,-0.5747809535155355,1.4499362308270958,-4.21549049976655,4238.75
3392,1.4604390290471025,-1.3114157167417697,1.8832712900261854,-0.574780944384666,1.4499361712519572,-4.331709136079647,4240.0
3393,1.4604389770353534,-1.3114157335576782,1.8832712896138313,-0.574780926786823,1.4499361194040636,-4.437927772392241,4241.25
3394,1.4604389318981572,-1.3114157523173304,1.8832712854881326,-0.574780903579687,1.4499360744800587,-4.534146408705078,4242.5
3395,1.4604388914520685,-1.3114157691272879,1.883271281791211,-0.5747808827844659,1.449936034225004,-4.620365045017592,4243.75
3396,1.4604388581612662,-1.311415785878736,1.88327127611183,-0.5747808601155674,1.4499360011411153,-4.696583681330336,4245.0
3397,1.4604388325453874,-1.3114158029704797,1.8832712679415171,-0.5747808346692624,1.44993597575605,-4.762802317642988,4246.25
3398,1.4604388107978876,-1.311415817481115,1.8832712610050417,-0.5747808130657281,1.4499359542045074,-4.819020953955632,4247.5
3399,1.4604387929187668,-1.3114158294106404,1.883271255302403,-0.5747807953049642,1.4499359364864874,-4.865239590268478,4248.75
3400,1.460438778908025,-1.3114158387590586,1.883271250833604,-0.5747807813869713,1.4499359226019906,-4.901458226581336,4250.0
3401,1.4604387687656626,-1.3114158455263696,1.8832712475986446,-0.5747807713117494,1.4499359125510163,-4.927676862894148,4251.25
3402,1.460438762491679,-1.3114158497125736,1.883271245597525,-0.5747807650792988,1.4499359063335648,-4.943895499206915,4252.5
3403,1.4606608398818175,-1.3096429377863787,1.8809018945772533,-0.5741845440105114,1.4501614034929489,-4.951573619450721,4253.75
3404,1.4611762167435174,-1.305528579449264,1.8754034019314305,-0.5728009159054204,1.450684715691783,-4.950267552829479,4255.0
3405,1.461277005969596,-1.304723981030996,1.8743281286025588,-0.5725303408647249,1.4507870531438753,-4.940622881718907,4256.25
3406,1.4612770121794987,-1.3047239764510339,1.8743281316075664,-0.5725303502353191,1.450787052040797,-4.921779830610023,4257.5
3407,1.4612770216849942,-1.3047239694404875,1.8743281362073303,-0.5725303645788837,1.4507870503523148,-4.892936779501094,4258.75
3408,1.4612770344860828,-1.304723959999357,1.8743281424018505,-0.5725303838954192,1.45078704807843,-4.854093728392176,4260.0
3409,1.4612770505971195,-1.304723948154254,1.874328150292474,-0.5725304086062255,1.4507870453289444,-4.805250677491047,4261.25
3410,1.4612770701892062,-1.304723934222364,1.8743281610871514,-0.5725304437327665,1.4507870434125962,-4.746407629005308,4262.5
3411,1.4612770931108425,-1.3047239179228383,1.8743281737163147,-0.5725304848288388,1.4507870411705772,-4.677564580519639,4263.75
3412,1.4612771284361648,-1.3047239022585724,1.8743281788871915,-0.5725305087376296,1.4507870726988572,-4.598721546253641,4265.0
3413,1.4612771698855966,-1.3047238851475524,1.8743281830305012,-0.5725305314784074,1.4507871144262228,-4.50987851627498,4266.25
3414,1.461277216034017,-1.3047238660983367,1.8743281876048814,-0.5725305566579122,1.4507871611204266,-4.411035496911933,4267.5
3415,1.4612772702349637,-1.3047238512394532,1.8743281857520286,-0.5725305704034087,1.4507872154632901,-4.302192485961741,4268.75
3416,1.4612773308182339,-1.30472383755163,1.8743281808704801,-0.5725305796078924,1.4507872760081995,-4.18334948271634,4270.0
3417,1.4612773966053616,-1.3047238263094614,1.8743281722855327,-0.5725305827029663,1.4507873417945294,-4.054506486723659,4271.25
3418,1.4612774677449485,-1.304723822510006,1.874328155429047,-0.5725305701477573,1.4507874130360348,-3.91566349509149,4272.5
3419,1.4612775423356357,-1.3047238223120505,1.874328134319422,-0.5725305497621247,1.4507874877985585,-3.7668205054485258,4273.75
3420,1.461277617552339,-1.3047238322609496,1.8743281038232364,-0.5725305098464704,1.4507875633636615,-3.607977522615498,4275.0
3421,1.4612776899518396,-1.3047238497025293,1.8743280673313465,-0.572530456420623,1.4507876362331884,-3.441603664546129,4276.25
3422,1.46127775292885,-1.3047238731500395,1.8743280280781962,-0.5725303941594267,1.45078769976075,-3.2826987358131685,4277.5
3423,1.4612778004769758,-1.3047239027753053,1.8743279876221453,-0.5725303244069473,1.4507877479286204,-3.1337938070804796,4278.75
3424,1.4612778403428748,-1.3047239334074465,1.8743279484448934,-0.5725302548718232,1.4507877884132987,-2.994888878347785,4280.0
3425,1.4612778657927878,-1.3047239666335149,1.874327911028043,-0.5725301844006014,1.4507878144922457,-2.8659839496154182,4281.25
3426,1.4612778841555873,-1.3047239994071957,1.8743278760444548,-0.5725301167650314,1.4507878334595476,-2.7470790208826528,4282.5
3427,1.4612778967226208,-1.304724030384977,1.8743278443448308,-0.5725300541687917,1.4507878465866133,-2.63817409215033,4283.75
3428,1.4612778976476422,-1.3047240608875244,1.8743278163992174,-0.5725299957195992,1.4507878480359537,-2.5392691634179037,4285.0
3429,1.4612778984791372,-1.3047240883060391,1.8743277912791012,-0.5725299431800408,1.4507878493387556,-2.4503642346856553,4286.25
3430,1.4612778976976388,-1.304724112721673,1.8743277693445144,-0.5725298968182334,1.4507878489733406,-2.3714593059533953,4287.5
3431,1.461277888293146,-1.3047241345087925,1.874327752256428,-0.572529857871124,1.4507878399195113,-2.302554377221105,4288.75
3432,1.4612778802535038,-1.3047241531340017,1.8743277376482923,-0.5725298245763112,1.4507878321796417,-2.243649448488802,4290.0
3433,1.4612778735787124,-1.304724168597298,1.874327725520105,-0.5725297969337948,1.4507878257537317,-2.194744519756386,4291.25
3434,1.4612778682687715,-1.3047241808986842,1.8743277158718694,-0.572529774943575,1.4507878206417812,-2.155839591024003,4292.5
3435,1.4612778643236808,-1.304724190038161,1.8743277087035857,-0.5725297586056519,1.4507878168437904,-2.1269346622916085,4293.75
3436,1.4612778617434408,-1.3047241960157283,1.8743277040152542,-0.5725297479200254,1.4507878143597592,-2.1080297335590887,4295.0
3437,1.4613746810751886,-1.3039416885958321,1.8732758975614006,-0.5722605434705424,1.4508861700451177,-2.098336057731306,4296.25
3438,1.4618815231892637,-1.2998453581425404,1.8677698529106366,-0.5708513245868303,1.451401054280981,-2.096955576198415,4297.5
3439,1.4621044704796968,-1.2980434876145492,1.865347891116576,-0.5702314526382903,1.4516275365531142,-2.1045761746817035,4298.75
3440,1.462104471896844,-1.298043482885529,1.8653478961795016,-0.570231465604087,1.4516275323944452,-2.120708797043491,4300.0
3441,1.4621044741924263,-1.2980434752251684,1.8653479043807433,-0.5702314866068887,1.4516275256579756,-2.1468414194053214,4301.25
3442,1.4621044773664442,-1.298043464633467,1.8653479157203003,-0.5702315156466954,1.4516275163437047,-2.182974041767139,4302.5
3443,1.462104481418898,-1.2980434511104262,1.8653479301981728,-0.570231552723507,1.4516275044516331,-2.2291066641290556,4303.75
3444,1.4621044860913255,-1.2980434344042306,1.8653479468226986,-0.5702315936449913,1.451627487949807,-2.2852392696376285,4305.0
3445,1.4621044915299979,-1.2980434146573883,1.865347966155087,-0.5702316407837024,1.451627467988162,-2.35137187122024,4306.25
3446,1.462104493581572,-1.2980433915215168,1.86534798775579,-0.5702316886430817,1.4516274578118247,-2.4275044630857954,4307.5
3447,1.4621044927104225,-1.2980433650410828,1.8653480116970618,-0.5702317379299532,1.451627456008334,-2.5136370480643735,4308.75
3448,1.4621044917722217,-1.2980433354744139,1.8653480383840693,-0.570231792824685,1.4516274542716734,-2.6097696220722577,4310.0
3449,1.46210448379562,-1.2980433044572701,1.8653480686061936,-0.5702318531836468,1.4516274456127871,-2.7159021893637694,4311.25
3450,1.4621044659943871,-1.298043272642957,1.865348102674499,-0.5702319189326264,1.451627427280294,-2.8320347484064743,4312.5
3451,1.4621044459965238,-1.298043238366042,1.8653481396185516,-0.5702319900150111,1.4516274067086943,-2.9581672992897676,4313.75
3452,1.4621044072012328,-1.2980432085244389,1.865348177909084,-0.5702320578808359,1.4516273673083386,-3.094299844163832,4315.0
3453,1.462104365370619,-1.2980431766145561,1.8653482189527055,-0.57023213054716,1.4516273248293265,-3.240432388870424,4316.25
3454,1.4621043039289559,-1.2980431537045412,1.8653482574147762,-0.5702321914875373,1.4516272628473874,-3.396564926442019,4317.5
3455,1.4621042358500165,-1.2980431325963167,1.8653482961366252,-0.5702322508382063,1.4516271942433843,-3.562187832411746,4318.75
3456,1.462104159860428,-1.2980431225162534,1.8653483270797824,-0.5702322913230471,1.4516271178996463,-3.723805382990327,4320.0
3457,1.4621040860465149,-1.2980431189166322,1.8653483514976046,-0.5702323188160189,1.4516270438482022,-3.875422933569147,4321.25
3458,1.4621040139986974,-1.2980431227470481,1.8653483686425265,-0.5702323316168151,1.4516269716948274,-4.017040484147404,4322.5
3459,1.4621039471790898,-1.298043130941665,1.865348380315333,-0.5702323346174422,1.4516269048571515,-4.148658034725729,4323.75
3460,1.4621038856283426,-1.2980431448393686,1.8653483852849595,-0.5702323252479122,1.4516268433989465,-4.270275585304116,4325.0
3461,1.4621038291721755,-1.2980431576542952,1.8653483897817236,-0.5702323165248198,1.4516267870288235,-4.381893135882173,4326.25
3462,1.4621037821790346,-1.2980431771894803,1.8653483854477422,-0.5702322923164372,1.451626740259809,-4.483510686460486,4327.5
3463,1.462103739810404,-1.2980431948022404,1.8653483815402567,-0.5702322704903573,1.4516266980932493,-4.57512823703841,4328.75
3464,1.462103702066283,-1.2980432104925768,1.865348378059268,-0.57023225104658,1.4516266605291437,-4.656745787616632,4330.0
3465,1.4621036739465467,-1.2980432281064171,1.8653483700701008,-0.5702322252391492,1.4516266326453988,-4.72836333819458,4331.25
3466,1.4621036504495564,-1.2980432437964784,1.8653483625091754,-0.570232201817108,1.4516266093623167,-4.789980888772655,4332.5
3467,1.462103630765926,-1.2980432569401752,1.8653483561753204,-0.5702321821962624,1.4516265898578788,-4.841598439350751,4333.75
3468,1.4621036148956557,-1.2980432675375093,1.8653483510685382,-0.570232166376613,1.4516265741320855,-4.8832159899289636,4335.0
3469,1.4621036028387455,-1.2980432755884814,1.8653483471888301,-0.5702321543581603,1.451626562184937,-4.914833540507131,4336.25
3470,1.4621035945951952,-1.2980432810930917,1.865348344536196,-0.5702321461409041,1.4516265540164328,-4.936451091085311,4337.5
3471,1.4621212339162928,-1.2978989229454079,1.865153194801685,-0.5701813716781357,1.451644481740703,-4.948244409605237,4338.75
3472,1.4625601657354046,-1.2943075853382442,1.860298400738896,-0.5689183420325474,1.452090587277782,-4.95230793939942,4340.0
3473,1.4629187474434369,-1.2913736948764456,1.8563323523316129,-0.5678865332896633,1.4524550273187564,-4.946750637053168,4341.25
3474,1.4629188722933193,-1.2913727058627578,1.8563310218427629,-0.5678861931822182,1.4524551490270587,-4.933352871477268,4342.5
3475,1.46291887991665,-1.291372700250492,1.8563310255474486,-0.5678862046830118,1.4524551477255698,-4.909956426592888,4343.75
3476,1.46291889079831,-1.2913726922394575,1.856331030835574,-0.5678862210994211,1.4524551458678048,-4.876559981708579,4345.0
3477,1.4629189049382985,-1.2913726818296545,1.856331037707139,-0.5678862424314463,1.4524551434537631,-4.833163536824166,4346.25
3478,1.4629189224348047,-1.2913726692071519,1.856331046868043,-0.5678862715994613,1.4524551412440787,-4.779767097206896,4347.5
3479,1.462918943300319,-1.2913726543956168,1.8563310584080746,-0.5678863089749278,1.452455139335501,-4.716370662089403,4348.75
3480,1.462918970568862,-1.2913726382886574,1.8563310685418308,-0.5678863442373824,1.4524551488479847,-4.642974232148876,4350.0
3481,1.4629190089226625,-1.2913726224525237,1.8563310724143192,-0.5678863653364663,1.4524551874196945,-4.559577813611039,4351.25
3482,1.4629190518979778,-1.2913726047091623,1.8563310767269758,-0.5678863888828666,1.452455230800386,-4.466181402731151,4352.5
3483,1.4629191002680348,-1.2913725864683965,1.8563310798882315,-0.5678864116664066,1.4524552796243837,-4.3627849988257035,4353.75
3484,1.4629191572614872,-1.2913725736040598,1.8563310752582167,-0.5678864202856647,1.4524553365837318,-4.249388604606483,4355.0
3485,1.4629192192801121,-1.291372559604473,1.8563310702167795,-0.5678864296518632,1.4524553985592894,-4.125992219226654,4356.25
3486,1.4629192865899392,-1.291372553398847,1.8563310565404922,-0.5678864226532512,1.4524554659340574,-3.9925958395752366,4357.5
3487,1.4629193590298337,-1.2913725495636101,1.8563310392266055,-0.5678864096924685,1.4524555384790376,-3.849199461507732,4358.75
3488,1.4629194321499575,-1.2913725556036717,1.8563310126904433,-0.5678863776381503,1.4524556118776997,-3.6958030884270148,4360.0
3489,1.4629195084367912,-1.2913725657498971,1.8563309814907838,-0.5678863368364323,1.4524556885220974,-3.5324067216174395,4361.25
3490,1.4629195732616234,-1.2913725890524637,1.8563309415585838,-0.5678862740605004,1.45245575390447,-3.3680804453652953,4362.5
3491,1.4629196308774408,-1.2913726133753411,1.856330902765517,-0.5678862113514973,1.4524558120782276,-3.2137314830942167,4363.75
3492,1.4629196717270296,-1.2913726448282632,1.8563308622732095,-0.5678861396913927,1.4524558535688596,-3.069382520823437,4365.0
3493,1.4629197073762743,-1.2913726750876982,1.8563308243664656,-0.567886071773371,1.4524558898260989,-2.935033558552587,4366.25
3494,1.4629197263135698,-1.2913727089394393,1.8563307879788562,-0.5678860016615976,1.4524559093935108,-2.810684596281989,4367.5
3495,1.4629197437279498,-1.291372740068855,1.856330754517488,-0.5678859371881315,1.452455927387334,-2.6963356340113416,4368.75
3496,1.4629197488081283,-1.2913727709159395,1.8563307248590406,-0.5678858767116253,1.4524559330125966,-2.591986671741023,4370.0
3497,1.4629197496811734,-1.2913727996465028,1.8563306983445007,-0.5678858214659142,1.4524559343841026,-2.4976377094704154,4371.25
3498,1.4629197504616847,-1.2913728253319237,1.8563306746402195,-0.5678857720756683,1.4524559356102436,-2.4132887471999975,4372.5
3499,1.4629197449624565,-1.2913728482997566,1.8563306552249712,-0.5678857296477051,1.4524559304946836,-2.3389397849295923,4373.75
3500,1.4629197363053024,-1.2913728683847334,1.8563306393526284,-0.5678856936235696,1.4524559221638424,-2.2745908226592078,4375.0
3501,1.4629197289934928,-1.2913728853484499,1.8563306259468886,-0.5678856631976805,1.4524559151276362,-2.22024186038876,4376.25
3502,1.4629197230270283,-1.2913728991909061,1.8563306150077514,-0.5678856383700379,1.4524559093860652,-2.1758928981181813,4377.5
3503,1.4629197184059088,-1.2913729099121043,1.8563306065352192,-0.567885619140642,1.4524559049391286,-2.1415439358476482,4378.75
3504,1.4629197151301339,-1.291372917512044,1.856330600529292,-0.5678856055094924,1.452455901786827,-2.117194973577103,4380.0
3505,1.4629197131997036,-1.2913729219907257,1.8563305969899697,-0.5678855974765896,1.4524558999291606,-2.1028460113064895,4381.25
3506,1.4632232938670926,-1.2888582980704284,1.852912184188989,-0.5669821024661776,1.4527645890639156,-2.096563707993552,4382.5
3507,1.4636850069285194,-1.2850338385177063,1.8477131722511466,-0.565607997671776,1.4532340703531097,-2.099709066188281,4383.75
3508,1.4637238563893704,-1.2847120455157282,1.8472757309233674,-0.565492389084484,1.4532735697840529,-2.1107258552944552,4385.0
3509,1.463723858193315,-1.2847120395421627,1.8472757373579138,-0.565492405487811,1.4532735645745656,-2.131367388270859,4386.25
3510,1.4637238608711982,-1.2847120306746427,1.8472757469097414,-0.565492429837896,1.4532735568412893,-2.162008921247249,4387.5
3511,1.463723864423021,-1.2847120189131687,1.8472757595788505,-0.5654924621347392,1.453273546584224,-2.2026504542237393,4388.75
3512,1.4637238687722498,-1.2847120041813582,1.8472757750660413,-0.5654925011199251,1.4532735331941429,-2.253291981040144,4390.0
3513,1.463723873742242,-1.2847119863029142,1.8472757926807377,-0.5654925438889253,1.4532735152648983,-2.313933490467747,4391.25
3514,1.4637238792964828,-1.2847119654538959,1.847275813164467,-0.5654925933571386,1.4532734950827195,-2.3845749992903187,4392.5
3515,1.4637238784907174,-1.2847119409745944,1.847275835463948,-0.5654926390914692,1.4532734934125218,-2.4652164921188895,4393.75
3516,1.4637238775970922,-1.2847119134554683,1.8472758605164898,-0.5654926904559904,1.4532734916341423,-2.5558579807851753,4395.0
3517,1.4637238766305876,-1.284711882891234,1.8472758883069387,-0.5654927473996222,1.453273489870463,-2.656499461079465,4396.25
3518,1.4637238614780161,-1.2847118525879773,1.847275920419112,-0.5654928095426408,1.4532734741748443,-2.767140930852964,4397.5
3519,1.4637238432402246,-1.2847118199481387,1.8472759556261056,-0.5654928772563959,1.4532734553875442,-2.8877823932822944,4398.75
3520,1.4637238150231338,-1.284711788122708,1.8472759929672287,-0.5654929462256272,1.453273426584078,-3.0184238490682276,4400.0
3521,1.463723775498718,-1.284711757663227,1.8472760323179416,-0.5654930157605715,1.4532733864362108,-3.159065301599767,4401.25
3522,1.463723725577302,-1.2847117301070445,1.8472760720030983,-0.5654930826499114,1.453273335916474,-3.3097067509563542,4402.5
3523,1.4637236632406174,-1.2847117068026919,1.847276111367293,-0.5654931448744334,1.4532732730254674,-3.4703481937121925,4403.75
3524,1.4637235903361776,-1.284711692036581,1.8472761459450355,-0.5654931936960621,1.45327319968961,-3.636409464374368,4405.0
3525,1.4637235174971628,-1.2847116823256173,1.8472761758653422,-0.5654932328044006,1.4532731265071201,-3.79351551464263,4406.25
3526,1.4637234443287561,-1.284711684760927,1.8472761947353649,-0.5654932487109651,1.4532730532052835,-3.9406215649110745,4407.5
3527,1.4637233755495036,-1.2847116883881,1.8472762112457268,-0.5654932610973756,1.4532729843238295,-4.077727615179195,4408.75
3528,1.4637233120729531,-1.284711701156956,1.8472762178382727,-0.5654932544603801,1.4532729209164934,-4.204833665447441,4410.0
3529,1.4637232536335736,-1.2847117143406095,1.8472762225972787,-0.56549324561127,1.453272862565624,-4.321939715715216,4411.25
3530,1.4637232022435274,-1.284711730081531,1.847276222976458,-0.5654932298752952,1.4532728113254054,-4.429045765983231,4412.5
3531,1.4637231579650631,-1.2847117484910695,1.8472762188556862,-0.5654932070214057,1.4532727672601693,-4.526151816251061,4413.75
3532,1.463723118246404,-1.284711765004786,1.8472762151592659,-0.5654931865210125,1.45327272773278,-4.6132578665188735,4415.0
3533,1.4637230849711693,-1.284711781074293,1.8472762100119153,-0.5654931650604618,1.4532726946565768,-4.69036391678667,4416.25
3534,1.4637230597399369,-1.284711797933073,1.8472762018201354,-0.5654931398240238,1.4532726696573914,-4.757469967054505,4417.5
3535,1.4637230382686086,-1.2847118122795933,1.8472761948490766,-0.5654931183482658,1.4532726483835314,-4.814576017322315,4418.75
3536,1.4637230205571847,-1.2847118241138524,1.8472761890987364,-0.5654931006331869,1.4532726308349968,-4.861682067590344,4420.0
3537,1.463723006605665,-1.2847118334358525,1.8472761845691181,-0.5654930866787884,1.453272617011787,-4.898788117858272,4421.25
3538,1.4637229964140497,-1.284711840245594,1.8472761812602223,-0.56549307648507,1.4532726069139024,-4.925894168126212,4422.5
3539,1.4637229899823383,-1.2847118445430763,1.847276179172049,-0.5654930700520315,1.4532726005413426,-4.943000218394162,4423.75
3540,1.4638909772673854,-1.2833031587459218,1.8453505601102491,-0.5649762986892098,1.4534434971635886,-4.95136842319098,4425.0
3541,1.464382546965719,-1.2791810893786097,1.8397158621304688,-0.5634641440289615,1.453943579468046,-4.950996215834798,4426.25
3542,1.4645162836935686,-1.2780596587438549,1.8381829171699837,-0.5630527594300859,1.454079628888457,-4.9420733278279245,4427.5
3543,1.4645162894479953,-1.2780596545153937,1.8381829199793693,-0.5630527681111334,1.4540796279425525,-4.924211841920283,4428.75
3544,1.4645162984241171,-1.2780596479195705,1.8381829243616283,-0.5630527816523854,1.4540796264670701,-4.896350356012597,4430.0
3545,1.464516310621934,-1.278059638956385,1.8381829303167605,-0.5630528000538417,1.4540796244620098,-4.858488870104922,4431.25
3546,1.4645163260414469,-1.278059627625837,1.8381829378447663,-0.5630528233155027,1.454079621927372,-4.810627384197257,4432.5
3547,1.464516344864671,-1.2780596142806404,1.8381829482780438,-0.563052856922254,1.4540796202909847,-4.752765917245272,4433.75
3548,1.4645163669446726,-1.2780595986360608,1.838182960540994,-0.563052896446336,1.4540796184002107,-4.684904450575493,4435.0
3549,1.4645163999428603,-1.2780595832743948,1.8381829665640912,-0.5630529219031366,1.4540796451775786,-4.607042996459705,4436.25
3550,1.4645164397896813,-1.2780595668200472,1.8381829706198558,-0.5630529438521947,1.4540796852617424,-4.519181547019603,4437.5
3551,1.464516484206645,-1.2780595484798292,1.8381829750990237,-0.5630529681691183,1.454079730196768,-4.421320109562544,4438.75
3552,1.4645165359934391,-1.278059533393404,1.8381829741789075,-0.5630529831784923,1.4540797821750513,-4.3134586793735945,4440.0
3553,1.4645165944088359,-1.27805952021847,1.8381829693911407,-0.5630529919615188,1.4540798405524484,-4.195597257103959,4441.25
3554,1.464516657851138,-1.2780595083157995,1.8381829619754262,-0.5630529968788007,1.454079903979749,-4.0677358424671075,4442.5
3555,1.4645167265300927,-1.2780595047066168,1.8381829454158305,-0.5630529844255646,1.4540799727600102,-3.9298744328653834,4443.75
3556,1.464516799131875,-1.2780595032954385,1.8381829256960285,-0.5630529666425947,1.4540800455107576,-3.7820130246772132,4445.0
3557,1.4645168718148531,-1.2780595130066599,1.8381828957079913,-0.5630529274686472,1.4540801185383996,-3.6241516233801345,4446.25
3558,1.4645169433720409,-1.2780595287420422,1.838182860496739,-0.5630528770377534,1.4540801905426366,-3.4578822602365538,4447.5
3559,1.4645170049854035,-1.2780595518016646,1.8381828214176332,-0.5630528153408701,1.4540802527068382,-3.2980009233774314,4448.75
3560,1.4645170531015577,-1.2780595798641794,1.838182781637743,-0.5630527478412083,1.454080301428513,-3.148119586518013,4450.0
3561,1.4645170921417896,-1.2780596099746422,1.8381827425989798,-0.5630526789683898,1.4540803410880812,-3.008238249659121,4451.25
3562,1.4645171187369974,-1.2780596419465766,1.83818270544852,-0.5630526100316612,1.454080368305065,-2.8783569128001023,4452.5
3563,1.464517136744452,-1.278059674176176,1.8381826705469733,-0.5630525430237994,1.4540803869180696,-2.7584755759412616,4453.75
3564,1.464517150560271,-1.278059704323814,1.8381826387767413,-0.5630524811992721,1.4540804012930146,-2.648594239082522,4455.0
3565,1.4645171514748563,-1.27805973435355,1.8381826108501906,-0.5630524232427295,1.454080402733541,-2.548712902223747,4456.25
3566,1.4645171522978746,-1.2780597613767406,1.8381825857196081,-0.5630523710887263,1.4540804040298436,-2.4588315653651005,4457.5
3567,1.464517152588144,-1.2780597854165716,1.8381825634913702,-0.563052324817246,1.4540804047400804,-2.3789502285063286,4458.75
3568,1.4645171433191502,-1.2780598069473648,1.8381825463418564,-0.5630522860647308,1.45408039582423,-2.3090688916477458,4460.0
3569,1.4645171353765467,-1.2780598253971074,1.838182531646433,-0.5630522528576898,1.4540803881842357,-2.2491875547890943,4461.25
3570,1.464517128760334,-1.2780598407657968,1.8381825194050978,-0.5630522251961231,1.454080381820097,-2.1993062179303413,4462.5
3571,1.4645171234705117,-1.2780598530534357,1.8381825096178535,-0.5630522030800305,1.454080376731814,-2.159424881071496,4463.75
3572,1.4645171195070796,-1.278059862260025,1.8381825022847,-0.5630521865094121,1.4540803729193867,-2.129543544212696,4465.0
3573,1.4645171168700384,-1.278059868385564,1.8381824974056382,-0.563052175484268,1.454080370382815,-2.109662207353942,4466.25
3574,1.4645755287306381,-1.277563988435377,1.8375009299820841,-0.5628665440775181,1.454139823063782,-2.0992237408712238,4467.5
3575,1.4650384553076752,-1.2736340985957313,1.8320995052132658,-0.5613954536235163,1.4546109976626163,-2.096821332920653,4468.75
3576,1.4652997458594177,-1.2714159474801667,1.8290507800778995,-0.560565131747153,1.4548769414179372,-2.103670163725877,4470.0
3577,1.4652997471687188,-1.2714159431770453,1.8290507847439892,-0.560565143586372,1.4548769376932043,-2.118733423385867,4471.25
3578,1.4652997493472215,-1.271415936017224,1.829050792507742,-0.5605651632852571,1.454876931495744,-2.143796683045786,4472.5
3579,1.4652997523949263,-1.2714159260007025,1.8290508033691575,-0.5605651908438084,1.4548769228255565,-2.1788599427056923,4473.75
3580,1.4652997563118322,-1.271415913127481,1.8290508173282356,-0.5605652262620258,1.4548769116826417,-2.2239232023656417,4475.0
3581,1.4652997608884997,-1.2714158971833627,1.829050833550727,-0.5605652660496558,1.4548768963791052,-2.2789864471759316,4476.25
3582,1.4652997662003813,-1.271415878245513,1.829050852337177,-0.56056531146409,1.454876877523022,-2.3440496857212563,4477.5
3583,1.4652997689421083,-1.2714158560773374,1.8290508735094018,-0.5605653588313227,1.4548768657350675,-2.41911291632768,4478.75
3584,1.465299768102216,-1.2714158305833687,1.829050896917578,-0.5605654066498715,1.4548768639918501,-2.5041761382988708,4480.0
3585,1.4652997671915968,-1.2714158020823136,1.829050923048737,-0.5605654599928687,1.454876862276293,-2.599239350501381,4481.25
3586,1.4652997610840763,-1.2714157717753864,1.8290509524897283,-0.560565518753661,1.4548768554631053,-2.704302555873519,4482.5
3587,1.4652997439251652,-1.2714157410331914,1.8290509859009871,-0.5605655827732569,1.454876837779288,-2.819365752775265,4483.75
3588,1.4652997252754303,-1.2714157076201784,1.8290510222195464,-0.5605656523713788,1.4548768185620042,-2.944428940687594,4485.0
3589,1.4652996889746386,-1.27141567825286,1.8290510599289331,-0.5605657191914895,1.4548767816634285,-3.0794921226959016,4486.25
3590,1.4652996487648726,-1.2714156472188483,1.8290511003159702,-0.5605657903285117,1.4548767408122691,-3.2245553041420654,4487.5
3591,1.4652995909326196,-1.271415623972893,1.8290511386210913,-0.5605658514626933,1.4548766824323256,-3.3796184795167066,4488.75
3592,1.4652995263195536,-1.271415601972046,1.8290511777452307,-0.5605659121206932,1.4548766172769567,-3.54453986555357,4490.0
3593,1.465299451931566,-1.2714155920137276,1.8290512085731856,-0.560565952365891,1.4548765425340966,-3.7072215795962125,4491.25
3594,1.4652993802494167,-1.2714155870061716,1.829051234036287,-0.5605659823141236,1.454876470590393,-3.8599032936392073,4492.5
3595,1.4652993096577207,-1.2714155907037596,1.8290512511319448,-0.5605659951957774,1.4548763998923342,-4.002585007681597,4493.75
3596,1.4652992441161088,-1.2714155975058765,1.829051263888875,-0.5605660006703612,1.4548763343110076,-4.1352667217243955,4495.0
3597,1.4652991837375542,-1.2714156111166677,1.8290512688486553,-0.560565991575299,1.4548762740245718,-4.257948435766647,4496.25
3598,1.4652991282805605,-1.271415623618015,1.8290512734041482,-0.5605659832215887,1.454876218652188,-4.370630149809098,4497.5
3599,1.4652990816520999,-1.2714156420060243,1.8290512699499204,-0.5605659610346533,1.4548761722329018,-4.473311863851372,4498.75
3600,1.4652990399739634,-1.2714156593360988,1.8290512660354183,-0.5605659394817728,1.4548761307574034,-4.565993577893599,4500.0
3601,1.4652990027927373,-1.2714156747963228,1.8290512625432727,-0.5605659202543642,1.4548760937569516,-4.648675291935859,4501.25
3602,1.4652989744042995,-1.271415691702266,1.829051255158789,-0.5605658957527921,1.454876065595941,-4.721357005978053,4502.5
3603,1.4652989511622638,-1.2714157072396406,1.8290512475443275,-0.5605658724277072,1.4548760425698275,-4.7840387200203365,4503.75
3604,1.465298931628173,-1.2714157202982408,1.8290512411446462,-0.5605658528238162,1.4548760232172118,-4.836720434062646,4505.0
3605,1.4652989158020278,-1.2714157308780671,1.8290512359597457,-0.5605658369411193,1.454876007538094,-4.87940214810501,4506.25
3606,1.4652989036838275,-1.2714157389791207,1.829051231989628,-0.560565824779617,1.454875995532474,-4.912083862147328,4507.5
3607,1.4652988952735722,-1.2714157446014016,1.8290512292342929,-0.5605658163393096,1.4548759872003516,-4.934765576189713,4508.75
3608,1.4653026012667112,-1.271383857666535,1.8290071595053323,-0.5605536370588439,1.4548797612321926,-4.947488467336008,4510.0
3609,1.4656750913347458,-1.268182639052068,1.8245834664437244,-0.5593315188359522,1.4552590768409461,-4.952527955821324,4511.25
3610,1.4660634927383784,-1.2648447038314734,1.8199708524007456,-0.5580572118896961,1.4556545935395235,-4.947877647520835,4512.5
3611,1.4660711319763104,-1.2647790825894463,1.8198801778143454,-0.5580321669657495,1.4556623681371252,-4.935552334755745,4513.75
3612,1.4660711390613848,-1.2647790773932939,1.8198801812906278,-0.5580321776560018,1.4556623670133373,-4.913311887770699,4515.0
3613,1.46607114933213,-1.264779069860789,1.8198801863299554,-0.5580321931529255,1.455662365384259,-4.881071440785719,4516.25
3614,1.4660711627885457,-1.2647790599919315,1.819880192932328,-0.5580322134565208,1.4556623632498904,-4.838830993800695,4517.5
3615,1.4660711795026418,-1.2647790479294652,1.8198802016344482,-0.5580322407647782,1.4556623611821677,-4.786590556757766,4518.75
3616,1.466071199523895,-1.264779033771466,1.8198802128050735,-0.5580322765878951,1.4556623595740557,-4.724350133293038,4520.0
3617,1.4660712246262793,-1.2647790179735323,1.8198802237884548,-0.5580323132877567,1.4556623647672484,-4.6521097130798115,4521.25
3618,1.4660712614104827,-1.2647790027831103,1.8198802275674497,-0.5580323335910639,1.4556624017560955,-4.569869306091513,4522.5
3619,1.4660713026845242,-1.264778985739111,1.8198802317869363,-0.558032356298484,1.4556624433852932,-4.477628905384353,4523.75
3620,1.4660713486975734,-1.264778967285662,1.8198802359304795,-0.5580323803693235,1.4556624898960568,-4.375388511826632,4525.0
3621,1.4660714035663966,-1.2647789549196247,1.8198802313951146,-0.5580323885806782,1.4556625447305422,-4.263148129303435,4526.25
3622,1.4660714633230214,-1.2647789414511592,1.8198802264530214,-0.5580323975125498,1.4556626044447545,-4.140907754537653,4527.5
3623,1.4660715281878636,-1.264778934240953,1.8198802142174344,-0.5580323929498229,1.4556626693575192,-4.008667385948566,4528.75
3624,1.466071598080413,-1.2647789305904296,1.8198801972148635,-0.5580323801103695,1.4556627393544237,-3.8664270197320727,4530.0
3625,1.4660716693141347,-1.2647789349906093,1.8198801723458904,-0.5580323513631641,1.4556628108384266,-3.714186657767554,4531.25
3626,1.4660717429944181,-1.2647789448711013,1.8198801416745791,-0.5580323113508454,1.4556628848721644,-3.5519463021750366,4532.5
3627,1.4660718078312884,-1.2647789661858975,1.8198801029658849,-0.558032251799256,1.455662950242344,-3.3867121287876163,4533.75
3628,1.466071866128882,-1.2647789888918348,1.8198800648732776,-0.558032191424224,1.4556630090818201,-3.2312123608843137,4535.0
3629,1.4660719061859748,-1.264779019827021,1.8198800244610718,-0.558032120364454,1.4556630497812446,-3.085712592980471,4536.25
3630,1.466071943090773,-1.2647790488020707,1.8198799867886635,-0.5580320539818802,1.455663087286178,-2.950212825077297,4537.5
3631,1.4660719616882611,-1.2647790821186875,1.8198799504261136,-0.5580319844320749,1.4556631065156433,-2.824713057173681,4538.75
3632,1.4660719788038752,-1.264779112780582,1.8198799169609763,-0.558031920424096,1.4556631242128772,-2.7092132892705565,4540.0
3633,1.4660719855280822,-1.2647791427954926,1.8198798871283681,-0.5580318606193924,1.4556631314819892,-2.6037135213673053,4541.25
3634,1.4660719863935605,-1.2647791711419956,1.8198798605543056,-0.5580318056989458,1.4556631328487182,-2.5082137534641307,4542.5
3635,1.4660719871684127,-1.2647791965202662,1.819879836762869,-0.5580317565293449,1.4556631340723338,-2.4227139855610926,4543.75
3636,1.466071982966082,-1.264779219185518,1.8198798169427741,-0.5580317140081171,1.4556631302588654,-2.3472142176579514,4545.0
3637,1.4660719743989485,-1.2647792391057686,1.8198798009450519,-0.558031678022785,1.455663122021623,-2.2817144497548334,4546.25
3638,1.466071967139779,-1.264779255984748,1.8198797873897377,-0.558031647531416,1.455663115041979,-2.2262146818517166,4547.5
3639,1.466071961188574,-1.264779269822455,1.8198797762768304,-0.5580316225340103,1.4556631093199341,-2.180714913948462,4548.75
3640,1.4660719565453322,-1.2647792806188918,1.8198797676063327,-0.5580316030305679,1.4556631048554876,-2.1452151460452527,4550.0
3641,1.4660719532100546,-1.2647792883740592,1.8198797613782447,-0.5580315890210888,1.4556631016486399,-2.1197153781420313,4551.25
3642,1.466071951182741,-1.2647792930879567,1.8198797575925663,-0.5580315805055731,1.4556630996993911,-2.104215610238856,4552.5
3643,1.4663030630209308,-1.2627685376737299,1.8170863118547322,-0.5572491104211973,1.4558985654617576,-2.097039841005045,4553.75
3644,1.4667608333087463,-1.25878578552176,1.8115532768011753,-0.555699264216511,1.4563649588044534,-2.0989932001624236,4555.0
3645,1.4668339706837836,-1.2581494709152854,1.8106692841155418,-0.555451657728931,1.4564394706648915,-2.109088556611475,4556.25
3646,1.4668339723603967,-1.2581494654453271,1.8106692900896584,-0.5554516728136839,1.4564394659612223,-2.1284885002055334,4557.5
3647,1.466833974901246,-1.258149457155795,1.8106692991432252,-0.5554516956741051,1.4564394588329748,-2.1578884437996355,4558.75
3648,1.4668339783063316,-1.2581494460466882,1.8106693112762426,-0.5554517263101948,1.456439449280148,-2.1972883873937246,4560.0
3649,1.4668339825382726,-1.2581494320788196,1.8106693263370097,-0.5554517640907501,1.4564394369978004,-2.2466883294426525,4561.25
3650,1.4668339873672114,-1.2581494150112147,1.8106693433926857,-0.5554518051343664,1.4564394201107742,-2.3060882617061194,4562.5
3651,1.4668339930091032,-1.2581493950702727,1.8106693633196906,-0.5554518530876905,1.4564394003808108,-2.375488193969744,4563.75
3652,1.4668339928452925,-1.2581493716344807,1.810669385158805,-0.5554518982332302,1.4564393969985026,-2.4548881111421954,4565.0
3653,1.46683399197987,-1.2581493451799017,1.8106694096413145,-0.5554519480295889,1.4564393952444439,-2.54428802423162,4566.25
3654,1.4668339910461587,-1.2581493157558319,1.8106694368324128,-0.5554520032955842,1.4564393935338131,-2.643687927278043,4567.5
3655,1.4668339782709179,-1.2581492861186327,1.8106694680789617,-0.5554520637521312,1.4564393801815232,-2.7530878212532475,4568.75
3656,1.466833960703494,-1.2581492546204531,1.8106695025908386,-0.5554521296286365,1.4564393620716616,-2.8724877076102806,4570.0
3657,1.466833935539839,-1.2581492230309816,1.8106695394161467,-0.5554521978619034,1.456439336327804,-3.0018875868520505,4571.25
3658,1.4668338974207236,-1.2581491935774978,1.810669578046625,-0.5554522656727378,1.4564392975944076,-3.141287462000116,4572.5
3659,1.4668338511862293,-1.2581491656094297,1.8106696176689963,-0.5554523329289888,1.4564392507516826,-3.2906873347366945,4573.75
3660,1.4668337910042455,-1.2581491430268859,1.8106696563546594,-0.55545239375689,1.4564391900226088,-3.450087200761452,4575.0
3661,1.4668337214185987,-1.2581491269034517,1.8106696917722311,-0.5554524447866329,1.456439119981186,-3.616499762339651,4576.25
3662,1.4668336499385102,-1.2581491173037542,1.8106697216617933,-0.5554524837492162,1.4564390481561642,-3.7749683833704792,4577.5
3663,1.4668335787825502,-1.2581491180485251,1.8106697418109086,-0.5554525026270536,1.456438976839102,-3.923437004401091,4578.75
3664,1.4668335112044484,-1.2581491215689806,1.8106697583238247,-0.5554525151188755,1.456438909157775,-4.06190562543149,4580.0
3665,1.4668334487495005,-1.2581491327740468,1.8106697661706583,-0.5554525112962432,1.456438846748123,-4.190374246461957,4581.25
3666,1.4668333912362757,-1.258149145730558,1.810669770936816,-0.5554525026776663,1.4564387893232884,-4.308842867492137,4582.5
3667,1.4668333400823925,-1.2581491602897683,1.810669772345737,-0.5554524891458491,1.45643873830173,-4.4173114885225555,4583.75
3668,1.4668332964041657,-1.2581491784521817,1.8106697682050956,-0.5554524665157875,1.456438694837895,-4.515780109552597,4585.0
3669,1.4668332571616898,-1.258149194770104,1.810669764484952,-0.5554524461839246,1.4564386557880378,-4.604248730582839,4586.25
3670,1.4668332235783523,-1.258149210188811,1.8106697599455481,-0.5554524259740705,1.4564386223952686,-4.682717351612924,4587.5
3671,1.4668331985365044,-1.2581492269354042,1.810669751665948,-0.5554524007590294,1.4564385975884044,-4.751185972643057,4588.75
3672,1.466833177152076,-1.2581492412361186,1.8106697445956028,-0.5554523792267031,1.45643857640464,-4.8096545936731445,4590.0
3673,1.4668331594250672,-1.258149253090952,1.8106697387345085,-0.555452361377091,1.456438558843975,-4.858123214703358,4591.25
3674,1.4668331453554782,-1.2581492624999073,1.81066973408267,-0.5554523472101941,1.4564385449064101,-4.896591835733583,4592.5
3675,1.4668331349433086,-1.2581492694629848,1.8106697306400867,-0.5554523367260121,1.4564385345919448,-4.925060456763818,4593.75
3676,1.466833128188559,-1.258149273980184,1.8106697284067588,-0.5554523299245453,1.4564385279005794,-4.943529077794122,4595.0
3677,1.4668331250912288,-1.2581492760515054,1.8106697273826862,-0.5554523268057934,1.4564385248323135,-4.951997698824438,4596.25
3678,1.4668331248712105,-1.2581492761986413,1.8106697273099415,-0.5554523265842536,1.4564385246143599,-4.952599265416974,4596.683577625
