,shoulder_pan_joint,shoulder_lift_joint,elbow_joint,wrist_1_joint,wrist_2_joint,wrist_3_joint,time_from_start
0,1.5956531763076782,-1.0117619673358362,1.614212989807129,-0.5147689024554651,1.4154897928237915,-4.956560794507162,0.0
1,1.5953896111389876,-1.012413801514808,1.6149566466385104,-0.5153537086468019,1.4151645615135056,-4.951560794507162,1.25
2,1.5945989156329157,-1.0143693040517237,1.617187617132655,-0.5171081272208119,1.4141888675826475,-4.9365607945071615,2.5
3,1.593281089789463,-1.0176284749465834,1.6209059012895628,-0.5200321581774954,1.4125627110312178,-4.911560794507162,3.75
4,1.591436133608629,-1.0221913141993868,1.6261114991092336,-0.5241258015168521,1.4102860918592162,-4.876560794507162,5.0
5,1.589067429067395,-1.0280549456304153,1.6327882652552976,-0.5293791684042966,1.4074365382906269,-4.8315607934590785,6.25
6,1.586184624301758,-1.035211169766875,1.6408901332769108,-0.5357640453931314,1.4042353000344576,-4.776560721500792,7.5
7,1.5827952108994177,-1.0436536162212664,1.6503813378832641,-0.5432585268870243,1.400854124236437,-4.711560567154437,8.75
8,1.5789075510575636,-1.0533744893102355,1.6612131127021872,-0.5517988227264841,1.3974914113536983,-4.636560337554444,10.0
9,1.5745307576294159,-1.0643641761047014,1.6733178004070224,-0.5612508948320203,1.3943744310075594,-4.551560003228119,11.25
10,1.5696743966122355,-1.0766124086562099,1.6866225855343737,-0.5714804498069328,1.3917519160228293,-4.456559573493066,12.5
11,1.5643462738932674,-1.0901074388686867,1.7010255978263906,-0.582227539298223,1.3898826656802798,-4.351559035546234,13.75
12,1.5585519703833055,-1.10483719813152,1.716411771531774,-0.5931868924310182,1.3890247265100903,-4.2365584134762955,15.0
13,1.5522936493666795,-1.1207888863030016,1.73264220598964,-0.6039560068588372,1.389430840146936,-4.111557717674408,16.25
14,1.5455646788100668,-1.137949929946945,1.7495488931018137,-0.614003821403589,1.3913014826376369,-3.9765569879240172,17.5
15,1.5383484136953796,-1.15630755988998,1.7669404200543302,-0.6227041924574825,1.3947744154523787,-3.8315562875727673,18.75
16,1.5306267968722074,-1.1758176643344327,1.7845740385820037,-0.6293240455641254,1.399887112676656,-3.6767994594958724,20.0
17,1.5229897320925534,-1.1948830629406504,1.8009009122599844,-0.6328961969253797,1.4059988371198233,-3.5249215387813524,21.25
18,1.51576367854068,-1.2126192932764193,1.8152440999044512,-0.633445029871246,1.4123755757851966,-3.383043463671324,22.5
19,1.5089323349768002,-1.2290391224727426,1.8277702634008528,-0.631442782819919,1.4186055822308803,-3.251165220846998,23.75
20,1.5024898414140822,-1.2441537050482883,1.8386480765897033,-0.627398673293567,1.424385045555813,-3.12928682626778,25.0
21,1.4964412001810843,-1.2579736795846015,1.8480434335227838,-0.6218319895571458,1.4295190707179817,-3.017408298674503,26.25
22,1.490804449361741,-1.270510482840952,1.8561100970094686,-0.6152285421443668,1.433932039431319,-2.915529694255789,27.5
23,1.4855970109855663,-1.2817745041591881,1.8629923341110635,-0.6080493082768887,1.4375662977613874,-2.8236510630623166,28.75
24,1.4808496127806672,-1.2917776053329137,1.8688161341893412,-0.6006923864834075,1.4404777380852731,-2.7417724682024014,30.0
25,1.476588104750141,-1.3005301552227557,1.873695589800227,-0.5935201390088158,1.44270683190585,-2.6698939159362696,31.25
26,1.4728476228270693,-1.3080431993528387,1.8777226732303307,-0.5868157325949133,1.4443719044554948,-2.608015431521551,32.5
27,1.4696541119901612,-1.314325786229991,1.8809813134347508,-0.5808424777408554,1.4455482286298644,-2.5561370182156686,33.75
28,1.467036916908397,-1.3193863824013847,1.883534347547938,-0.5757896714146415,1.4463456893754176,-2.5142586640932443,35.0
29,1.46502113380738,-1.3232319951271037,1.8854312940362672,-0.5718049325743584,1.4468615152741648,-2.482380364678362,36.25
30,1.463626247165903,-1.3258680640061589,1.8867105975512772,-0.5690028698407942,1.447171192242781,-2.460502122087794,37.5
31,1.4625627367526721,-1.3278736429200328,1.8876803224855967,-0.5668588956156503,1.4473992843440038,-2.448608207136764,38.75
32,1.460039836772527,-1.3326313197060524,1.8899807256624508,-0.5617728725692508,1.4479403865910208,-2.4466754486974605,40.0
33,1.458597043118402,-1.3353521239607589,1.8912962729062488,-0.5588642806418542,1.448249836158973,-2.454408155823229,41.25
34,1.4585970465485658,-1.335352096181189,1.8912962601912713,-0.5588642840587024,1.4482498438521632,-2.470864562860422,42.5
35,1.4585970520631237,-1.3353520515209176,1.8912962397498334,-0.5588642895518533,1.4482498562202437,-2.4973209698976158,43.75
36,1.4585970598618023,-1.3353519900048614,1.8912962117228027,-0.5588642978237779,1.4482498748246104,-2.5337773696561015,45.0
37,1.4585970705524964,-1.3353519117088508,1.8912961765389222,-0.5588643110125322,1.4482499044175612,-2.5802337452221646,46.25
38,1.458597083544423,-1.3353518165591767,1.8912961337815102,-0.558864327040241,1.4482499403805633,-2.6366901207882254,47.5
39,1.45859708508559,-1.3353517552119434,1.8912961216345288,-0.5588643568999143,1.4482499550855774,-2.7031464923778996,48.75
40,1.4585970732937672,-1.3353517346004318,1.8912961453242025,-0.5588644020961616,1.4482499447511643,-2.7796028603561016,50.0
41,1.4585970599364937,-1.3353517113204734,1.8912961722019115,-0.5588644535514491,1.4482499328787817,-2.8660592199023496,51.25
42,1.4585970436956304,-1.3353516858807342,1.8912962020693924,-0.5588645103089095,1.448249917992656,-2.9625155739987084,52.5
43,1.458597012466368,-1.3353516629886653,1.8912962332885417,-0.5588645642965431,1.4482498862257056,-3.068971922340361,53.75
44,1.458596978301332,-1.3353516379455272,1.891296267437233,-0.5588646233417647,1.4482498514572155,-3.1854282645216005,55.0
45,1.4585969330173874,-1.335351616064383,1.891296301758723,-0.5588646792701777,1.4482498056379969,-3.311884601113812,56.25
46,1.4585968777515517,-1.3353515966078127,1.8912963366367745,-0.5588647332214514,1.4482497498926339,-3.448340932594757,57.5
47,1.4585968128618,-1.3353515816645656,1.891296369967749,-0.5588647810455514,1.4482496845808668,-3.594797258898562,58.75
48,1.4585967376661702,-1.335351572574984,1.89129640065795,-0.5588648203042036,1.4482496090425845,-3.7501846766169407,60.0
49,1.4585966615298769,-1.3353515718294742,1.8912964235740701,-0.5588648434361514,1.4482495327076923,-3.900102179756594,61.25
50,1.4585965882636511,-1.335351576073101,1.8912964408411306,-0.5588648559486691,1.4482494593373563,-4.040019682896272,62.5
51,1.4585965204356928,-1.335351586453963,1.891296450602968,-0.5588648548550333,1.4482493915262518,-4.169937186035953,63.75
52,1.4585964579668875,-1.3353516004481003,1.8912964553171547,-0.558864845136859,1.4482493291507763,-4.2898546891756375,65.0
53,1.4585964015519477,-1.3353516147216529,1.8912964579968576,-0.5588648331468442,1.4482492728488272,-4.399772192315321,66.25
54,1.458596353989089,-1.3353516340669176,1.8912964532038314,-0.5588648086727206,1.4482492255095472,-4.499689695455005,67.5
55,1.4585963111864433,-1.335351651476055,1.891296448890499,-0.5588647866480287,1.4482491829081037,-4.589607198594692,68.75
56,1.4585962733909141,-1.335351667130173,1.8912964448101945,-0.5588647666466686,1.448249145295181,-4.669524701734379,70.0
57,1.4585962459450441,-1.33535168494804,1.8912964356254571,-0.5588647394486064,1.4482491180951178,-4.739442204874068,71.25
58,1.4585962224246387,-1.3353517002174944,1.8912964277543733,-0.5588647161405662,1.4482490947853632,-4.799359708013757,72.5
59,1.4585962028296984,-1.335351712938533,1.8912964211969399,-0.5588646967225473,1.4482490753659167,-4.849277211153444,73.75
60,1.4585961871602227,-1.3353517231111587,1.89129641595316,-0.5588646811945505,1.4482490598367783,-4.889194714293129,75.0
61,1.458596175416212,-1.3353517307353724,1.8912964120230344,-0.5588646695565758,1.448249048197948,-4.919112217432817,76.25
62,1.4585961675976662,-1.3353517358111735,1.891296409406563,-0.5588646618086229,1.4482490404494257,-4.939029720572503,77.5
63,1.4586616599067272,-1.3348375073675833,1.890625939918962,-0.5587084909938799,1.4483154555052813,-4.949491499284736,78.75
64,1.4591787671254708,-1.3307775437630893,1.8853324509734395,-0.5574755203844919,1.448839847579372,-4.9518382318466845,80.0
65,1.4594599299340367,-1.328570070371307,1.8824542921217025,-0.5568051371675821,1.4491249685457006,-4.94493876062902,81.25
66,1.4594599349843183,-1.3285700667286884,1.8824542946693952,-0.5568051447676888,1.4491249673913715,-4.929708185312341,82.5
67,1.4594599433504836,-1.3285700606944202,1.8824542988898367,-0.5568051573578282,1.4491249654791394,-4.904477609995663,83.75
68,1.4594599550325327,-1.3285700522685033,1.882454304783027,-0.5568051749380002,1.4491249628090046,-4.869247034678986,85.0
69,1.4594599700304653,-1.3285700414509376,1.8824543123489665,-0.5568051975082048,1.4491249593809672,-4.824016459362308,86.25
70,1.4594599884826414,-1.3285700285250068,1.8824543226148964,-0.556805229312774,1.4491249562376916,-4.768785886562453,87.5
71,1.4594600103344941,-1.328570013378989,1.882454335175691,-0.556805268677818,1.4491249529679688,-4.703555314753968,88.75
72,1.4594600408318683,-1.3285699974840388,1.8824543442803676,-0.5568053009555953,1.4491249693396941,-4.628324751156859,90.0
73,1.459460081171895,-1.3285699811957492,1.8824543487123222,-0.5568053231797118,1.4491250099063753,-4.543094195944662,91.25
74,1.4594601262776448,-1.3285699629845162,1.8824543536315717,-0.5568053479007589,1.4491250554925679,-4.447863650531805,92.5
75,1.4594601777982037,-1.3285699457532607,1.882454355571546,-0.5568053683034971,1.4491251073799714,-4.342633111889752,93.75
76,1.4594602373983898,-1.3285699324075486,1.8824543510451275,-0.5568053775147993,1.4491251669467944,-4.227402581678266,95.0
77,1.459460302169904,-1.328569917902763,1.882454346122517,-0.5568053875112466,1.449125231675839,-4.102172060237371,96.25
78,1.459460372451287,-1.3285699132718058,1.882454330047792,-0.5568053765564743,1.44912530204918,-3.9669415447117,97.5
79,1.4594604479488404,-1.3285699089218241,1.8824543121765047,-0.5568053635629974,1.4491253776528243,-3.8217110295368415,98.75
80,1.4594605229946012,-1.3285699169233034,1.882454282484871,-0.5568053263935276,1.449125453023048,-3.666480520604032,100.0
81,1.459460600502823,-1.3285699284503174,1.8824542486612375,-0.5568052815830947,1.4491255309240914,-3.501433505594801,101.25
82,1.4594606658496534,-1.3285699515039255,1.8824542072393442,-0.556805217559704,1.44912559683724,-3.3389121566477495,102.5
83,1.4594607213833326,-1.3285699769014139,1.8824541664191043,-0.5568051517247649,1.449125652954537,-3.186390807700712,103.75
84,1.4594607628802718,-1.3285700073861981,1.8824541247808009,-0.5568050798848836,1.449125695090415,-3.0438694587536843,105.0
85,1.4594607958614536,-1.3285700380117953,1.8824540854967595,-0.5568050101987627,1.4491257286921784,-2.9113481098066707,106.25
86,1.459460815055162,-1.3285700709227632,1.882454048033353,-0.556804939950759,1.4491257485130151,-2.7888267608596746,107.5
87,1.4594608326823106,-1.3285701011475828,1.8824540136276435,-0.5568048754362868,1.4491257667161066,-2.676305411912696,108.75
88,1.4594608349609717,-1.3285701317719052,1.8824539833241831,-0.5568048145169426,1.4491257695401898,-2.5737840629657325,110.0
89,1.4594608358360102,-1.3285701596736033,1.8824539560660754,-0.5568047593564116,1.4491257709092211,-2.4812627140187784,111.25
90,1.459460836616472,-1.3285701845595947,1.8824539317541074,-0.5568047101578054,1.4491257721302833,-2.3987413650718374,112.5
91,1.4594608290766637,-1.3285702069037937,1.882453912335364,-0.5568046683365551,1.4491257649659062,-2.326220016124905,113.75
92,1.4594608204170283,-1.328570226291358,1.882453896105448,-0.5568046326536487,1.4491257566268418,-2.263698667177976,115.0
93,1.4594608131424613,-1.328570242577969,1.8824538824714296,-0.5568046026780576,1.449125749621572,-2.2111773182310546,116.25
94,1.4594608072529631,-1.3285702557636285,1.8824538714333103,-0.5568045784097821,1.449125743950097,-2.168655969284135,117.5
95,1.4594608027485332,-1.3285702658483374,1.8824538629910916,-0.556804559848822,1.4491257396124169,-2.136134620337216,118.75
96,1.4594607996291722,-1.328570272832096,1.8824538571447733,-0.5568045469951776,1.449125736608531,-2.1136132713902915,120.0
97,1.459465944230285,-1.328529370943887,1.882400196548649,-0.5567917937685232,1.4491309561136891,-2.1010419115291628,121.25
98,1.459887393578125,-1.3251794700815733,1.8780060290860003,-0.5557479771180442,1.4495585343332145,-2.09623515025018,122.5
99,1.4603076658359948,-1.3218389311089116,1.8736241485222496,-0.5547070851970893,1.449984916530691,-2.1011219741527567,123.75
100,1.4603123784487257,-1.3218014779035945,1.8735750289159923,-0.5546954263563638,1.4499896930475702,-2.11376951872802,125.0
101,1.4603123804016216,-1.3218014714485091,1.8735750363051136,-0.5546954447217516,1.4499896867585669,-2.1363703221673207,126.25
102,1.4603123832186002,-1.321801462137293,1.8735750469636416,-0.5546954712131283,1.4499896776869179,-2.1689711256066193,127.5
103,1.4603123868996617,-1.3218014499699462,1.873575060891576,-0.554695505830494,1.449989665832623,-2.2115719290459217,128.75
104,1.460312391299951,-1.3218014347937792,1.8735750775168587,-0.5546955461703681,1.4499896500718141,-2.264172723383103,130.0
105,1.460312396348117,-1.3218014165335803,1.8735750965577083,-0.5546955910488552,1.4499896298509003,-2.3267735069221906,131.25
106,1.4603124006108537,-1.32180139519698,1.8735751183878164,-0.5546956406399624,1.4499896116877355,-2.399374286624232,132.5
107,1.460312399765364,-1.3218013703509122,1.8735751423218394,-0.5546956882731395,1.4499896099421286,-2.4819750535888905,133.75
108,1.460312398838889,-1.3218013424894872,1.873575169133287,-0.5546957416059356,1.4499896081561565,-2.574575814053896,135.0
109,1.4603123964169422,-1.3218013119419587,1.8735751989717602,-0.5546958005897706,1.449989604955804,-2.6771765676023955,136.25
110,1.460312378910743,-1.321801281874766,1.873575233299225,-0.5546958648518934,1.4499895869329174,-2.7897773105285064,137.5
111,1.4603123598502368,-1.321801249138267,1.873575270678697,-0.5546959348351406,1.4499895673124896,-2.912378045465045,138.75
112,1.4603123269530223,-1.3218012187274455,1.8735753098622683,-0.554696004205394,1.4499895338184876,-3.044978774497442,140.0
113,1.4603122857294484,-1.3218011884007743,1.8735753514080848,-0.554696075797333,1.4499894919566536,-3.187579501581702,141.25
114,1.460312230435564,-1.32180116321242,1.8735753920919822,-0.5546961412867746,1.4499894360807457,-3.340180224222789,142.5
115,1.4603121655250226,-1.3218011402681702,1.873575433417951,-0.5546962051047911,1.4499893706043048,-3.5027809404492727,143.75
116,1.4603120884985075,-1.3218011288974831,1.8735754670602343,-0.5546962495773419,1.44998929318715,-3.667771319159244,145.0
117,1.4603120139823202,-1.3218011210268963,1.8735754965671119,-0.5546962864312484,1.4499892183484842,-3.822924585948861,146.25
118,1.4603119390667565,-1.3218011253217132,1.8735755143777821,-0.5546962994177984,1.44998914332487,-3.968077852738468,147.5
119,1.4603118693331438,-1.3218011299837444,1.8735755303113955,-0.5546963101965298,1.4499890735024437,-4.103231119528068,148.75
120,1.4603118050750035,-1.3218011443629993,1.87357553520239,-0.5546963002516858,1.4499890093410053,-4.228384386317662,150.0
121,1.460311745951219,-1.3218011575933164,1.8735755397025748,-0.5546962911014521,1.4499889503061958,-4.34353765310725,151.25
122,1.4603116949561539,-1.3218011748146183,1.8735755379421861,-0.5546962717560179,1.4499888994907497,-4.44869091989683,152.5
123,1.460311650313862,-1.321801192978439,1.8735755334025637,-0.5546962487334015,1.4499888550603777,-4.543844186686409,153.75
124,1.4603116103631895,-1.3218012092333553,1.873575529340022,-0.5546962281303133,1.4499888152993536,-4.628997453475986,155.0
125,1.4603115781891476,-1.321801225848899,1.8735755226455273,-0.554696204589394,1.4499887833404552,-4.704150720265561,156.25
126,1.4603115529826889,-1.3218012422298842,1.8735755141344281,-0.5546961795156169,1.4499887583621083,-4.769303987055137,157.5
127,1.4603115316450246,-1.3218012560966452,1.8735755069296476,-0.5546961582902693,1.4499887372175444,-4.824457253844719,158.75
128,1.4603115141761545,-1.3218012674491812,1.8735755010311839,-0.554696140913351,1.4499887199067634,-4.869610520634305,160.0
129,1.4603115005760787,-1.3218012762874944,1.8735754964390408,-0.5546961273848625,1.4499887064297647,-4.904763787423891,161.25
130,1.4603114908447972,-1.3218012826115852,1.8735754931532183,-0.5546961177048039,1.4499886967865487,-4.929917054213475,162.5
131,1.46031148498231,-1.3218012864214537,1.873575491173716,-0.5546961118731754,1.4499886909771154,-4.945070321003061,163.75
132,1.460590115520006,-1.3195591942293514,1.8706168784461505,-0.5539798874401552,1.4502715020463108,-4.951940083444011,165.0
133,1.4610897633844686,-1.315538654304691,1.8653114742822938,-0.5526955544577044,1.4507786453281646,-4.949551939819052,166.25
134,1.4611511992491526,-1.315044319924803,1.8646591678320115,-0.5525376486301438,1.4508409987042052,-4.939074932872327,167.5
135,1.4611512057868188,-1.315044315216573,1.8646591711438356,-0.5525376584667756,1.4508409972538514,-4.919131295785518,168.75
136,1.4611512156025563,-1.315044308147575,1.8646591761162514,-0.5525376732356231,1.450840995076271,-4.889187658698708,170.0
137,1.4611512286963653,-1.3150442987178086,1.8646591827492593,-0.5525376929366861,1.450840992171464,-4.849244021611897,171.25
138,1.4611512451019255,-1.3150442869977232,1.8646591912978108,-0.552537718618484,1.450840988796511,-4.799300385851164,172.5
139,1.4611512649497533,-1.3150442732603183,1.8646592027498796,-0.5525377543441743,1.4508409859476337,-4.739356755615588,173.75
140,1.4611512881086632,-1.3150442572311924,1.8646592161124216,-0.5525377960297455,1.4508409826234967,-4.66941312538002,175.0
141,1.461151325037224,-1.3150442420570065,1.8646592206229209,-0.5525378175340621,1.4508410187259886,-4.58946951119181,176.25
142,1.4611513670081249,-1.31504422510519,1.864659225262425,-0.5525378406614453,1.4508410610014488,-4.499525900832438,177.5
143,1.4611514136757573,-1.3150442062574985,1.8646592303868017,-0.5525378662556946,1.4508411082217518,-4.3995822996822795,178.75
144,1.4611514689364205,-1.3150441923416614,1.8646592277623828,-0.552537878158904,1.4508411635583305,-4.289638708232849,180.0
145,1.4611515300876246,-1.3150441786622513,1.864659223076312,-0.5525378875542195,1.4508412246713918,-4.169695124259169,181.25
146,1.461151596481761,-1.3150441685702836,1.86465921335448,-0.5525378883720087,1.4508412910811521,-4.039751547150075,182.5
147,1.4611516681932004,-1.3150441644782054,1.8646591962297272,-0.5525378758471103,1.4508413628951398,-3.899807973703133,183.75
148,1.461151742696458,-1.3150441653258484,1.8646591734698013,-0.5525378527669076,1.450841437596058,-3.7498644029578942,185.0
149,1.4611518184428316,-1.3150441745873076,1.8646591421453693,-0.552537812716539,1.4508415136940132,-3.589920838904062,186.25
150,1.4611518894093014,-1.31504419251285,1.864659103785178,-0.5525377569303122,1.450841585154428,-3.423660508469829,187.5
151,1.4611519519577938,-1.3150442146620789,1.864659063787307,-0.5525376952219359,1.4508416482512492,-3.2658548725156242,188.75
152,1.4611519973516511,-1.3150442439840884,1.8646590218500032,-0.5525376242778868,1.4508416942786746,-3.11804923656143,190.0
153,1.461152036906702,-1.3150442731216856,1.8646589818113095,-0.5525375553754616,1.450841734449603,-2.9802436006072455,191.25
154,1.4611520602448875,-1.3150443055760357,1.8646589433147116,-0.5525374845824911,1.4508417584226425,-2.852437964653065,192.5
155,1.4611520784402097,-1.3150443368407458,1.8646589074914175,-0.5525374176162432,1.4508417772189675,-2.7346323286988925,193.75
156,1.4611520891890035,-1.3150443667715652,1.8646588751601922,-0.5525373554234161,1.4508417885266613,-2.626826692744722,195.0
157,1.4611520901040909,-1.3150443959024103,1.8646588465035312,-0.5525372976355187,1.450841789962152,-2.5290210567905578,196.25
158,1.4611520909256162,-1.315044422054807,1.8646588207768238,-0.5525372457560638,1.4508417912508724,-2.4412154208363948,197.5
159,1.4611520889562295,-1.3150444453826697,1.8646587986241885,-0.5525372002560732,1.4508417896915542,-2.363409784882234,198.75
160,1.4611520797009179,-1.3150444661424792,1.864658781119008,-0.5525371619204836,1.4508417807826524,-2.2956041489280734,200.0
161,1.4611520718105828,-1.3150444838406248,1.864658766195498,-0.552537129238641,1.450841773187639,-2.237798512973909,201.25
162,1.4611520652852246,-1.3150444984771026,1.864658753853655,-0.5525371022105448,1.4508417669065135,-2.1899928770197374,202.5
163,1.461152060124843,-1.315044510051917,1.8646587440934832,-0.5525370808361955,1.4508417619392762,-2.1521872410655627,203.75
164,1.4611520563294387,-1.3150445185650677,1.8646587369149825,-0.552537065115593,1.450841758285927,-2.1243816051113873,205.0
165,1.4611520538990106,-1.3150445240165545,1.864658732318153,-0.5525370550487373,1.4508417559464657,-2.106575969157222,206.25
166,1.4612953702463247,-1.3138770222830933,1.863109028468396,-0.5521550045713065,1.450987289814623,-2.097711477816402,207.5
167,1.4618106594298905,-1.3096793334797265,1.8575371738453168,-0.5507813842091626,1.4515105514022806,-2.097446493074515,208.75
168,1.4619801100488585,-1.3082989454346516,1.8557049045119995,-0.5503296838849653,1.4516826207940237,-2.105916437269078,210.0
169,1.4619801115337125,-1.308298940564476,1.8557049101184893,-0.5503296977587386,1.4516826160866483,-2.1231825397700566,211.25
170,1.4619801138785489,-1.308298932873643,1.8557049189720867,-0.5503297196677783,1.4516826086529044,-2.150448642271041,212.5
171,1.4619801170833675,-1.3082989223621526,1.8557049310727918,-0.5503297496120845,1.4516825984927928,-2.1877147447720247,213.75
172,1.4619801211481682,-1.3082989090300052,1.8557049464206048,-0.5503297875916571,1.4516825856063127,-2.234980847273007,215.0
173,1.4619801257760194,-1.3082988925569297,1.855704963819687,-0.5503298286071736,1.4516825676604586,-2.2922469284154676,216.25
174,1.4619801311846246,-1.3082988731777392,1.8557049841467972,-0.5503298763240098,1.4516825463657281,-2.359513007793654,217.5
175,1.461980132434237,-1.3082988504255013,1.855705006730477,-0.5503299235831084,1.4516825381172207,-2.4367790755787806,218.75
176,1.4619801315519325,-1.3082988245011942,1.8557050318833117,-0.5503299734687455,1.451682536293432,-2.524045138357385,220.0
177,1.4619801306086022,-1.3082987955921461,1.85570505988003,-0.5503300289431264,1.4516825345852689,-2.6213111887954046,221.25
178,1.461980120804555,-1.308298765749998,1.855705091694353,-0.5503300898469801,1.4516825241390707,-2.7285772326007134,222.5
179,1.4619801028276296,-1.3082987348150976,1.8557051272539746,-0.5503301562074621,1.4516825056258857,-2.845843268392321,223.75
180,1.4619800806888945,-1.308298702312694,1.8557051655798358,-0.5503302268821268,1.4516824829093398,-2.9731092964228014,225.0
181,1.4619800415659756,-1.3082986734588247,1.85570520535699,-0.5503302952429839,1.4516824431742252,-3.110375319162669,226.25
182,1.4619799975420136,-1.3082986438368251,1.8557052473331281,-0.5503303665360038,1.4516823985116887,-3.2576413410010416,227.5
183,1.4619799356472525,-1.3082986218826096,1.8557052870885071,-0.5503304278085047,1.4516823360711268,-3.4149073558274603,228.75
184,1.4619798659241074,-1.3082986033354544,1.8557053258243876,-0.5503304845977163,1.4516822658436892,-3.5810239175103975,230.0
185,1.4619797904584484,-1.3082985940781318,1.855705357171316,-0.5503305246649779,1.451682190025573,-3.7415092238016388,231.25
186,1.4619797165305333,-1.3082985925019126,1.8557053805519366,-0.5503305490940361,1.4516821158862578,-3.89199453009292,232.5
187,1.4619796450508789,-1.3082985965627585,1.8557053976963207,-0.5503305616659784,1.451682044301994,-4.0324798363842405,233.75
188,1.4619795788378918,-1.3082986060141968,1.8557054080129327,-0.550330562055932,1.4516819780937695,-4.162965142675608,235.0
189,1.4619795178535593,-1.308298619647497,1.8557054126951273,-0.5503305526659906,1.4516819172018802,-4.283450448966991,236.25
190,1.4619794624890037,-1.3082986331093114,1.855705415884884,-0.550330541995285,1.4516818619406333,-4.393935755258401,237.5
191,1.4619794160145083,-1.3082986520240183,1.8557054111155598,-0.5503305179748541,1.451681815688914,-4.494421061549873,238.75
192,1.4619793741650167,-1.308298669056386,1.8557054068208598,-0.5503304963448643,1.4516817740400287,-4.584906367841375,240.0
193,1.4619793369405296,-1.3082986842064173,1.8557054030007878,-0.5503304771053164,1.4516817369939774,-4.665391674132875,241.25
194,1.4619793099490404,-1.3082987016101049,1.855705393953736,-0.5503304504577141,1.4516817102465547,-4.73587698042438,242.5
195,1.4619792868814052,-1.3082987166143474,1.8557053860941686,-0.5503304274256297,1.4516816873898384,-4.796362286715876,243.75
196,1.461979267627528,-1.3082987291379453,1.8557053795340162,-0.5503304082014255,1.4516816683120095,-4.846847593007364,245.0
197,1.46197925218741,-1.3082987391809007,1.8557053742732812,-0.5503303927851022,1.451681653013068,-4.887332899298851,246.25
198,1.46197924056105,-1.3082987467432137,1.8557053703119646,-0.5503303811766599,1.451681641493014,-4.9178182055903426,247.5
199,1.461979232748449,-1.3082987518248848,1.8557053676500663,-0.5503303733760988,1.4516816337518474,-4.9383035118818315,248.75
200,1.462023422030579,-1.3079342980077235,1.8552187829409943,-0.5502082890204836,1.4517265278913563,-4.9492009923163565,250.0
201,1.4624973784185837,-1.3040256435340583,1.850000364952958,-0.5488990249252691,1.4522080431218363,-4.9521649573554685,251.25
202,1.462795932136619,-1.301563532390354,1.8467132210393258,-0.5480743073170345,1.4525113557540843,-4.9457376334138905,252.5
203,1.4627959368560077,-1.3015635289970766,1.8467132234408963,-0.5480743144179556,1.4525113547362825,-4.931175732220309,253.75
204,1.4627959448163126,-1.3015635232735565,1.8467132274916829,-0.5480743263952461,1.4525113530195324,-4.906613831026725,255.0
205,1.4627959560175325,-1.3015635152197929,1.8467132331916845,-0.5480743432489061,1.4525113506038336,-4.872051929833145,256.25
206,1.462795970459668,-1.3015635048357863,1.846713240540901,-0.5480743649789356,1.4525113474891866,-4.8274900286395654,257.5
207,1.4627959882601342,-1.3015634923725228,1.8467132504453914,-0.548074395293696,1.4525113445832436,-4.7729281380491475,258.75
208,1.462796009390846,-1.301563477769966,1.8467132626884282,-0.5480744333061551,1.4525113416688957,-4.708366253041214,260.0
209,1.4627960381703264,-1.3015634622372498,1.8467132722679807,-0.5480744661747226,1.4525113550487796,-4.6338043751451234,261.25
210,1.4627960770633202,-1.3015634465244335,1.8467132766156742,-0.5480744876856747,1.4525113941551,-4.549242506729445,262.5
211,1.46279612058369,-1.3015634289430449,1.846713281448436,-0.548074511642543,1.4525114381144983,-4.454680647412071,263.75
212,1.4627961700327932,-1.3015634117862909,1.8467132839889304,-0.5480745326221343,1.4525114879525225,-4.350118794956604,265.0
213,1.4627962276184507,-1.3015633989169457,1.846713279539412,-0.5480745414320548,1.4525115455048219,-4.2355569510713185,266.25
214,1.4627962902297738,-1.3015633849233001,1.8467132746979635,-0.5480745509962368,1.4525116080734417,-4.110995116649028,267.5
215,1.4627963581745023,-1.3015633797866555,1.846713259594624,-0.5480745415122029,1.4525116761004102,-3.9764332877927586,268.75
216,1.4627964312111152,-1.3015633756540737,1.846713241998083,-0.5480745285722792,1.4525117492427921,-3.8318714597826533,270.0
217,1.4627965042190245,-1.3015633826515072,1.8467132134853943,-0.548074493585275,1.4525118225577052,-3.6773096375207914,271.25
218,1.4627965801534166,-1.3015633930469348,1.8467131807697197,-0.5480744510178901,1.452511898867683,-3.5127952311651374,272.5
219,1.4627966439276694,-1.3015634157023528,1.8467131396244332,-0.5480743876706023,1.4525119632073895,-3.349610509927424,273.75
220,1.4627966992271277,-1.3015634399409424,1.8467130994374972,-0.5480743236371958,1.4525120190796184,-3.196425788689691,275.0
221,1.4627967397520025,-1.3015634698619303,1.8467130580527014,-0.5480742526160043,1.452512060242474,-3.0532410674519372,276.25
222,1.4627967731150253,-1.3015634994563539,1.8467130191116494,-0.5480741843136987,1.452512094219786,-2.9200563462141735,277.5
223,1.4627967918774087,-1.3015635317520777,1.84671298184746,-0.5480741148813586,1.4525121136085994,-2.7968716249764105,278.75
224,1.4627968091166828,-1.301563561426064,1.8467129476083297,-0.5480740510854587,1.4525121314234501,-2.6836869037386326,280.0
225,1.4627968123740092,-1.3015635912622747,1.8467129173550378,-0.5480739910126018,1.4525121352244543,-2.5805021825008456,281.25
226,1.4627968132366576,-1.301563618671506,1.8467128901940217,-0.5480739364423325,1.4525121365812537,-2.487317461263051,282.5
227,1.462796814006732,-1.3015636431393474,1.8467128659477525,-0.5480738877282021,1.4525121377924497,-2.4041327400252515,283.75
228,1.462796807343596,-1.3015636650811229,1.8467128463847504,-0.5480738461705308,1.4525121315065852,-2.3309480187874576,285.0
229,1.4627967988423356,-1.3015636841802727,1.8467128301570395,-0.5480738107782053,1.452512123326994,-2.267763297549663,286.25
230,1.4627967916865365,-1.3015637002566725,1.8467128164976232,-0.5480737809872852,1.4525121164419548,-2.214578576311879,287.5
231,1.462796785876199,-1.301563713310323,1.8467128054065023,-0.5480737567977705,1.4525121108514676,-2.1713938550741005,288.75
232,1.4627967814113227,-1.301563723341226,1.8467127968836787,-0.5480737382096617,1.4525121065555324,-2.138209133836317,290.0
233,1.462796778291908,-1.3015637303493817,1.8467127909291527,-0.5480737252229586,1.4525121035541495,-2.1150244125985296,291.25
234,1.4627974630600538,-1.3015580025666609,1.8467050911181022,-0.5480717539014981,1.4525127996709306,-2.1018330973759896,292.5
235,1.463162631874499,-1.298509297995656,1.8426113922502203,-0.5470271428497127,1.452883969087839,-2.096439392814577,293.75
236,1.4635882956272728,-1.2949555430903321,1.8378395357649888,-0.5458094888348809,1.4533166259646466,-2.100701188784361,295.0
237,1.4636023234429552,-1.2948384337015202,1.8376822936655977,-0.5457693731653974,1.4533308800450238,-2.1126830351092343,296.25
238,1.463602325311476,-1.2948384276191742,1.837682300711099,-0.545769390521528,1.4533308742076443,-2.1345210342370646,297.5
239,1.4636023280356252,-1.2948384187516164,1.8376823109828582,-0.5457694158253328,1.453330865697227,-2.1663590333648988,298.75
240,1.463602331615402,-1.2948384070988461,1.8376823244808749,-0.5457694490768119,1.453330854513772,-2.208197032492726,300.0
241,1.4636023359379704,-1.2948383925362865,1.8376823407417784,-0.5457694883487367,1.4533308397595974,-2.2600350228940917,301.25
242,1.4636023408934646,-1.2948383749426398,1.8376823593144005,-0.5457695317646285,1.4533308205606577,-2.321872999091215,302.5
243,1.4636023455984517,-1.2948383544005044,1.837682380732407,-0.5457695806216958,1.453330801639269,-2.393710972699025,303.75
244,1.4636023447809532,-1.2948383303917992,1.8376824042036621,-0.5457696270023317,1.4533307999473042,-2.475548932292309,305.0
245,1.4636023438806933,-1.2948383034433362,1.8376824305262072,-0.5457696789948683,1.4533307981890626,-2.567386886241271,306.25
246,1.4636023426799654,-1.294838273604914,1.8376824597176944,-0.545769736570618,1.4533307962004685,-2.669224833133502,307.5
247,1.4636023257708486,-1.2948382444615514,1.8376824934590257,-0.5457697993237177,1.4533307787799217,-2.781062768510441,308.75
248,1.4636023073501483,-1.2948382127131697,1.8376825302203579,-0.5457698677002096,1.453330759804389,-2.9029006965896715,310.0
249,1.4636022768331638,-1.2948381826666662,1.83768256890662,-0.5457699362188061,1.4533307286961121,-3.0347386184458083,311.25
250,1.4636022369678128,-1.2948381532034454,1.837682609800733,-0.545770006296922,1.4533306881997952,-3.176576537803559,312.5
251,1.463602184704671,-1.2948381279032568,1.8376826502810668,-0.5457700717060718,1.45333063534954,-3.3284144532057196,313.75
252,1.4636021218966004,-1.2948381055600822,1.8376826909847708,-0.5457701343033899,1.453330571981333,-3.490252362137367,315.0
253,1.4636020477434386,-1.2948380933284407,1.8376827251007322,-0.5457701801170879,1.453330497422098,-3.6557484022746,316.25
254,1.463601975389051,-1.2948380845476943,1.8376827552811419,-0.545770218556592,1.4533304247283938,-3.8116591414888283,317.5
255,1.463601902184992,-1.2948380886740116,1.8376827729964393,-0.5457702316149035,1.4533303514156548,-3.9575698807030673,318.75
256,1.4636018339979764,-1.2948380925175247,1.8376827894976089,-0.5457702437782609,1.4533302831274078,-4.093480619917317,320.0
257,1.4636017711524434,-1.2948381063738275,1.8376827945434098,-0.5457702345098855,1.4533302203745702,-4.219391359131575,321.25
258,1.463601713303398,-1.2948381192950071,1.8376827990239626,-0.545770225647751,1.4533301626138537,-4.335302098345841,322.5
259,1.4636016630272937,-1.2948381355493046,1.8376827979669899,-0.5457702079690347,1.4533301125051286,-4.441212837560123,323.75
260,1.4636016192893,-1.2948381533541526,1.8376827934368405,-0.5457701853135603,1.453330068978829,-4.537123576774399,325.0
261,1.4636015801115876,-1.2948381693025988,1.8376827893790153,-0.5457701650202258,1.453330029990739,-4.623034315988684,326.25
262,1.4636015480625582,-1.2948381852928708,1.8376827831589126,-0.5457701425743661,1.4533299981499148,-4.698945055202973,327.5
263,1.4636015232782302,-1.2948382014254962,1.8376827746370066,-0.5457701177368893,1.4533299735945295,-4.764855794417259,328.75
264,1.4636015022541895,-1.2948382151104734,1.8376827674080463,-0.5457700966677629,1.4533299527646957,-4.820766533631542,330.0
265,1.4636014849904355,-1.294838226347801,1.8376827614720295,-0.5457700793669862,1.4533299356604135,-4.866677272845813,331.25
266,1.4636014714869678,-1.2948382351374819,1.83768275682896,-0.5457700658345601,1.4533299222816827,-4.902588012060088,332.5
267,1.4636014617437871,-1.2948382414795157,1.837682753478838,-0.5457700560704848,1.4533299126285033,-4.928498751274364,333.75
268,1.463601455760893,-1.294838245373903,1.8376827514216634,-0.5457700500747603,1.4533299067008754,-4.944409490488644,335.0
269,1.4638261973419775,-1.292938767974484,1.8351177273881432,-0.545104738401559,1.4535584517734208,-4.9518791570759495,336.25
270,1.464309434842033,-1.2888545780464802,1.8296025104894131,-0.5436742168709078,1.454049866498939,-4.950296804097929,337.5
271,1.4643961330029147,-1.2881218528645557,1.8286130560664366,-0.5434175791441633,1.4541380280258325,-4.940453966665168,338.75
272,1.4643961391194875,-1.288121848474172,1.8286130591942207,-0.5434175883492478,1.4541380267410975,-4.921365879171743,340.0
273,1.464396148440453,-1.2881218417837241,1.82861306396061,-0.5434176023767561,1.454138024783307,-4.892277791678318,341.25
274,1.4643961609658112,-1.2881218327932116,1.8286130703656047,-0.5434176212266881,1.45413802215246,-4.853189704184894,342.5
275,1.464396176712922,-1.2881218215405692,1.828613078545749,-0.5434176454551152,1.4541380189844468,-4.80410161908552,343.75
276,1.4643961958307714,-1.2881218083513606,1.828613089672887,-0.5434176798343306,1.454138016445488,-4.745013553899621,345.0
277,1.4643962181841048,-1.2881217929300244,1.8286131026831698,-0.5434177200318474,1.4541380134768387,-4.675925488713716,346.25
278,1.4643962528781598,-1.2881217780752436,1.8286131079685202,-0.5434177428969551,1.4541380450298438,-4.5968374381262125,347.5
279,1.4643962932890588,-1.2881217617466447,1.8286131125186134,-0.5434177652648874,1.454138085706398,-4.507749391738258,348.75
280,1.4643963382677665,-1.2881217435732095,1.8286131175459033,-0.5434177900309356,1.4541381312108772,-4.40866135575313,350.0
281,1.4643963911979079,-1.2881217295078224,1.828613115777622,-0.5434178030387827,1.4541381842623906,-4.299573328472382,351.25
282,1.4643964502276479,-1.2881217163259082,1.8286131111745827,-0.5434178120175057,1.4541382432542922,-4.1804853088644665,352.5
283,1.4643965143266326,-1.2881217056994827,1.828613102531477,-0.5434178144415289,1.4541383073566085,-4.051397296463184,353.75
284,1.4643965836240929,-1.28812170180669,1.8286130856852878,-0.5434178019915424,1.4541383767561396,-3.912309288325567,355.0
285,1.464396656134481,-1.288121701614682,1.8286130642190326,-0.5434177812440502,1.4541384494438674,-3.763221282381549,356.25
286,1.4643967293902547,-1.2881217106751195,1.828613033378276,-0.5434177418744743,1.4541385230478103,-3.6041332831948822,357.5
287,1.464396799488736,-1.2881217271158705,1.8286129961798876,-0.5434176887423199,1.4541385936202935,-3.43776601788918,358.75
288,1.4643968606367288,-1.288121748895751,1.828612956373159,-0.5434176275963045,1.4541386553165703,-3.279110146468635,360.0
289,1.4643969064060391,-1.2881217768066944,1.8286129150945596,-0.5434175587340154,1.4541387017065983,-3.1304542750480926,361.25
290,1.4643969451087901,-1.2881218054365275,1.8286128752152986,-0.5434174905005524,1.4541387410253326,-2.9917984036275347,362.5
291,1.4643969694010306,-1.2881218367318645,1.8286128370031256,-0.5434174211631426,1.4541387659456408,-2.8631425322069566,363.75
292,1.4643969872267126,-1.2881218674586314,1.8286128012846485,-0.5434173548410267,1.4541387843728404,-2.744486660786375,365.0
293,1.4643969990564096,-1.2881218965991348,1.8286127689260274,-0.5434172934217076,1.4541387967602464,-2.6358307893657913,366.25
294,1.464396999960222,-1.2881219252540816,1.8286127403108048,-0.5434172361518766,1.4541387981855138,-2.537174917945198,367.5
295,1.4643970007724216,-1.288121951004488,1.8286127145960855,-0.5434171846870557,1.4541387994663126,-2.448519046524601,368.75
296,1.464396999759771,-1.288121973947716,1.8286126922032124,-0.5434171393385805,1.4541387988668135,-2.3698631751039967,370.0
297,1.464396990652586,-1.288121994435941,1.8286126746563007,-0.543417101232653,1.4541387901079585,-2.301207303683393,371.25
298,1.4643969828718992,-1.2881220119399748,1.8286126596651662,-0.543417068677005,1.4541387826248655,-2.242551432262792,372.5
299,1.4643969764177096,-1.2881220264598139,1.8286126472298059,-0.5434170416716362,1.4541387764175344,-2.1938955608422024,373.75
300,1.4643969712900176,-1.2881220379954628,1.8286126373502232,-0.5434170202165469,1.4541387714859653,-2.1552396894216175,375.0
301,1.464396967488823,-1.2881220465469208,1.8286126300264185,-0.5434170043117372,1.454138767830158,-2.1265838180010244,376.25
302,1.4643969650141262,-1.2881220521141883,1.8286126252583919,-0.5434169939572071,1.454138765450113,-2.1079279465804337,377.5
303,1.4644982323959743,-1.2872555907484657,1.8274360145467463,-0.543106950106999,1.4542417972573942,-2.0984066188467914,378.75
304,1.4649787402405903,-1.2831443184406364,1.8218531437981773,-0.5416358524140189,1.4547306766257666,-2.0972436826761847,380.0
305,1.4651809563598648,-1.2814141415229978,1.8195036690167223,-0.5410167667076118,1.4549364131924862,-2.1050268756054686,381.25
306,1.465180957748672,-1.2814141370355816,1.819503674249994,-0.5410167795395421,1.4549364089126124,-2.121345943967186,382.5
307,1.4651809599885128,-1.2814141297983668,1.81950368269011,-0.5410168002346236,1.4549364020101174,-2.1476650123289076,383.75
308,1.4651809630793873,-1.2814141198113527,1.8195036943370708,-0.5410168287928565,1.454936392485001,-2.1839840806906197,385.0
309,1.4651809670212952,-1.2814141070745395,1.8195037091908763,-0.5410168652142407,1.454936380337263,-2.2303031490523355,386.25
310,1.4651809715650557,-1.2814140913062337,1.8195037262082,-0.5410169051824281,1.4549363635599593,-2.2866222030170325,387.5
311,1.465180976859592,-1.2814140726747882,1.8195037460125842,-0.5410169512770782,1.4549363433525353,-2.352941253995717,388.75
312,1.4651809787246715,-1.2814140508215779,1.819503768183088,-0.5410169980485645,1.454936333494239,-2.429260294948862,390.0
313,1.4651809778725435,-1.2814140258160778,1.81950379282418,-0.5410170465537909,1.4549363317282478,-2.5155793293404205,391.25
314,1.4651809769556894,-1.2814139979015011,1.8195038202861276,-0.5410171005665044,1.4549363300398017,-2.6118983524101247,392.5
315,1.4651809688966164,-1.2814139687259556,1.8195038513621893,-0.5410171599625351,1.4549363213184485,-2.718217368764582,393.75
316,1.4651809515484955,-1.2814139387890484,1.8195038862899084,-0.541017224692889,1.454936303439896,-2.8345363769006715,395.0
317,1.4651809317455733,-1.2814139066716101,1.8195039241231297,-0.541017294501775,1.4549362830642336,-2.9608553769071766,396.25
318,1.4651808939552153,-1.281413878694685,1.8195039632393375,-0.541017361326436,1.4549362446695233,-3.097174370968406,397.5
319,1.4651808529110066,-1.28141384897909,1.819504005057885,-0.5410174325687949,1.4549362029805477,-3.243493364667553,398.75
320,1.4651807930766765,-1.2814138276433038,1.819504044186334,-0.5410174925990425,1.4549361426066179,-3.399812351278611,400.0
321,1.4651807265873427,-1.2814138082963247,1.8195040833347802,-0.5410175506112624,1.4549360755971075,-3.5655330414563435,401.25
322,1.465180652765035,-1.2814137991454961,1.8195041145553552,-0.5410175904435542,1.454936001421808,-3.7269600235162756,402.5
323,1.4651805809568152,-1.281413796321957,1.8195041388881146,-0.5410176170741547,1.4549359293808664,-3.8783870055761662,403.75
324,1.4651805109784228,-1.2814138002404827,1.819504155976369,-0.5410176297301605,1.4549358592971082,-4.019813987635986,405.0
325,1.465180446092085,-1.2814138084420648,1.8195041672842558,-0.5410176323591495,1.4549357943962318,-4.151240969695722,406.25
326,1.465180386324803,-1.2814138217816178,1.8195041719546226,-0.5410176232490701,1.4549357347208711,-4.272667951755405,407.5
327,1.4651803315969885,-1.281413834225067,1.8195041760040844,-0.5410176144513161,1.4549356800813895,-4.384094933815022,408.75
328,1.4651802859815235,-1.2814138527969698,1.819504171235119,-0.5410175907721609,1.4549356346888331,-4.485521915874593,410.0
329,1.465180244863428,-1.2814138695378086,1.8195041669363365,-0.5410175694276058,1.4549355937716688,-4.57694889793411,411.25
330,1.4651802082427026,-1.2814138844475844,1.8195041631077389,-0.5410175504176513,1.4549355573298972,-4.658375879993598,412.5
331,1.4651801810803107,-1.2814139011989893,1.8195041546144606,-0.5410175249703157,1.454935530403867,-4.729802862053055,413.75
332,1.4651801583012694,-1.2814139160349225,1.819504146709387,-0.5410175020591914,1.4549355078373853,-4.791229844112478,415.0
333,1.46518013923054,-1.2814139284556396,1.8195041400912169,-0.5410174828778805,1.4549354889446118,-4.842656826171885,416.25
334,1.4651801238681224,-1.2814139384611418,1.8195041347599514,-0.541017467426384,1.4549354737255467,-4.8840838082312885,417.5
335,1.465180112214017,-1.28141394605143,1.8195041307155928,-0.541017455704702,1.4549354621801898,-4.915510790290692,418.75
336,1.4651801042682233,-1.2814139512265044,1.8195041279581405,-0.5410174477128349,1.4549354543085413,-4.936937772350108,420.0
337,1.4652006427560578,-1.2812360204787272,1.8192611676010753,-0.54095243940207,1.4549563611614031,-4.948581383969364,421.25
338,1.4656210481860013,-1.277594625254254,1.8142890333546078,-0.5396221369065864,1.455384304319581,-4.952499255238364,422.5
339,1.4659536572942102,-1.2747137125966503,1.8103553022877192,-0.5385696643596095,1.4557228747725572,-4.9468129279080175,423.75
340,1.465953684593958,-1.274713510184575,1.81035503230015,-0.5385695979864937,1.45572289732111,-4.933288031460588,425.0
341,1.465953692047688,-1.2747135048439626,1.8103550361317229,-0.5385696092084776,1.4557228957930872,-4.909763405942689,426.25
342,1.4659537026698977,-1.2747134972331282,1.8103550415920453,-0.538569625200775,1.4557228936155227,-4.876238780424807,427.5
343,1.4659537164605871,-1.2747134873520716,1.8103550486811173,-0.5385696459633861,1.4557228907884165,-4.8327141549069195,428.75
344,1.4659537335121569,-1.2747134754072724,1.8103550581396592,-0.5385696744972935,1.4557228880440711,-4.77918954211275,430.0
345,1.4659537538317087,-1.2747134614145987,1.8103550700246007,-0.5385697110331455,1.4557228854387683,-4.7156649397091055,431.25
346,1.4659537805151253,-1.2747134462005003,1.8103550803981099,-0.5385697452046431,1.4557228946110248,-4.642140342679591,432.5
347,1.4659538178766534,-1.2747134311025143,1.8103550846499197,-0.5385697659496549,1.4557229321730913,-4.558615756780186,433.75
348,1.465953859733809,-1.2747134141883056,1.8103550893865532,-0.5385697890972415,1.4557229744203526,-4.465091178779086,435.0
349,1.4659539068973995,-1.2747133968825617,1.8103550928520127,-0.538569811241438,1.4557230220136708,-4.361566607784484,436.25
350,1.465953962400019,-1.2747133844974576,1.810355088486869,-0.5385698196477823,1.4557230774828422,-4.2480420463211255,437.5
351,1.4659540227908514,-1.2747133710205116,1.8103550837339613,-0.5385698287811825,1.455723137831422,-4.124517493860443,438.75
352,1.46595408833514,-1.2747133650093605,1.8103550699958526,-0.5385698215279998,1.4557232034427978,-3.9909929471301684,440.0
353,1.465954158866164,-1.2747133610708943,1.810355052693336,-0.5385698086829601,1.4557232740789894,-3.847468401966248,441.25
354,1.4659542299841428,-1.274713366604435,1.8103550257689855,-0.5385697767479954,1.4557233454781011,-3.693943861875228,442.5
355,1.4659543042556926,-1.2747133758291176,1.8103549942147072,-0.5385697365149859,1.455723420106783,-3.5304193280162375,443.75
356,1.4659543671131166,-1.274713397647315,1.810354953537313,-0.5385696744784537,1.4557234835228048,-3.3662146550715457,445.0
357,1.4659544229128736,-1.2747134204157455,1.8103549140366009,-0.5385696126161149,1.455723539880633,-3.2119980064847358,446.25
358,1.4659544626213754,-1.2747134498332557,1.810354872748561,-0.5385695421972964,1.4557235802279886,-3.0677813578979873,447.5
359,1.4659544970577774,-1.274713478236458,1.8103548340588713,-0.5385694753524635,1.455723615271313,-2.933564709311323,448.75
360,1.4659545154675429,-1.2747135100041564,1.8103547968379023,-0.5385694064929483,1.455723634308877,-2.8093480607247114,450.0
361,1.4659545323952388,-1.2747135392144047,1.8103547626133811,-0.5385693431769336,1.4557236518138312,-2.695131412138163,451.25
362,1.4659545371463951,-1.2747135682533037,1.8103547322247884,-0.5385692837784248,1.4557236571082117,-2.5909147635516656,452.5
363,1.4659545380007208,-1.2747135952735267,1.8103547050221989,-0.5385692295562752,1.4557236584589486,-2.496698114965226,453.75
364,1.4659545387643702,-1.274713619425864,1.8103546807068434,-0.5385691810891747,1.4557236596663203,-2.4124814663788343,455.0
365,1.465954533295259,-1.2747136410532698,1.8103546607854502,-0.5385691394955248,1.4557236545789303,-2.338264817792478,456.25
366,1.4659545248953252,-1.2747136599713769,1.8103546444480159,-0.5385691041740815,1.4557236465037229,-2.274048169206141,457.5
367,1.465954517803453,-1.274713675943501,1.8103546306546923,-0.5385690743529942,1.4557236396860096,-2.2198315206198176,458.75
368,1.4659545120196424,-1.2747136889696415,1.8103546194054787,-0.5385690500322626,1.4557236341257909,-2.1756148720335107,460.0
369,1.4659545075438938,-1.2747136990498014,1.8103546107003776,-0.5385690312118873,1.4557236298230667,-2.14139822344721,461.25
370,1.4659545043762068,-1.27471370618398,1.8103546045393895,-0.5385690178918681,1.4557236267778366,-2.1171815748608944,462.5
371,1.4659545025165814,-1.2747137103721775,1.810354600922514,-0.5385690100722049,1.455723624990101,-2.102964926274571,463.75
372,1.4662481839987223,-1.2721385498566227,1.8068191692243505,-0.5376090428848218,1.4560227234088627,-2.0967518864562185,465.0
373,1.4666822378233293,-1.268332536858195,1.801593911401787,-0.5361902480000481,1.4564647821009526,-2.099996859606503,466.25
374,1.466717845017753,-1.268020319280159,1.8011652767963666,-0.5360738699109712,1.456501042254663,-2.111077399757199,467.5
375,1.4667178467703887,-1.2680203136581634,1.801165283401008,-0.5360738860279979,1.4565010369212348,-2.1317889992273655,468.75
376,1.466717849369234,-1.2680203053217491,1.80116529319451,-0.5360739099266673,1.4565010290127143,-2.162500598697522,470.0
377,1.4667178528142892,-1.2680202942709158,1.8011653061768729,-0.5360739416069795,1.4565010185291016,-2.2032121981676758,471.25
378,1.466717857031298,-1.2680202804196787,1.8011653220311041,-0.5360739797646873,1.4565010048649951,-2.2539237964818617,472.5
379,1.466717861857901,-1.2680202635800333,1.8011653400641048,-0.5360740215480777,1.4565009866966951,-2.3146353916213163,473.75
380,1.466717867200573,-1.2680202439396298,1.8011653610273641,-0.5360740698043597,1.456500966407733,-2.3853469860320313,475.0
381,1.4667178664129747,-1.2680202208540265,1.8011653839674446,-0.5360741147789607,1.4565009647731793,-2.4660585646224513,476.25
382,1.4667178655398498,-1.2680201949037735,1.8011654097375474,-0.5360741652855512,1.4565009630373722,-2.5567701389148927,477.5
383,1.466717864595329,-1.2680201660837243,1.8011654383233633,-0.536074221276925,1.4565009613190136,-2.657481704846558,478.75
384,1.4667178497287092,-1.2680201376143931,1.801165471263262,-0.5360742824228226,1.4565009459154827,-2.7681932601707855,480.0
385,1.4667178319662733,-1.2680201069351038,1.8011655073512054,-0.5360743490563367,1.456500927604797,-2.888904808140712,481.25
386,1.4667178043697202,-1.2680200771187704,1.8011655455499267,-0.5360744168719246,1.4565008994231372,-3.0196163494493424,482.5
387,1.4667177658873936,-1.268020048593018,1.8011655857473987,-0.5360744853179669,1.456500860318494,-3.1603278874877585,483.75
388,1.4667177171723336,-1.2680200229253038,1.801165626174775,-0.5360745510582199,1.4565008110072735,-3.3110394222753916,485.0
389,1.4667176564883544,-1.2680200012468703,1.8011656662237523,-0.5360746123396597,1.4565007497699622,-3.471750950495466,486.25
390,1.4667175869185354,-1.268019987943327,1.8011657005713002,-0.5360746594771217,1.4565006797781523,-3.634584580070637,487.5
391,1.4667175179157432,-1.2680199793582978,1.801165730022218,-0.5360746970026906,1.4565006104415787,-3.7875446031725644,488.75
392,1.466717448976787,-1.2680199813554536,1.8011657488565458,-0.5360747133278018,1.456500541363504,-3.9305046262744536,490.0
393,1.4667173840802639,-1.2680199849700318,1.8011657648494461,-0.5360747252237357,1.4565004763679004,-4.063464649376324,491.25
394,1.466717324297349,-1.2680199956614557,1.8011657722099899,-0.5360747214469747,1.456500416629019,-4.186424672478176,492.5
395,1.4667172694527613,-1.268020007894402,1.8011657765343707,-0.5360747131288653,1.4565003618693932,-4.299384695579988,493.75
396,1.4667172203401146,-1.2680200205578624,1.801165778695344,-0.5360747022592881,1.4565003128642413,-4.402344718681796,495.0
397,1.4667171791012443,-1.2680200373492398,1.8011657743429432,-0.5360746808060155,1.4565002718288187,-4.495304741783605,496.25
398,1.4667171422985676,-1.2680200523343133,1.8011657704587396,-0.536074661660537,1.4565002352077043,-4.578264764885403,497.5
399,1.4667171099320853,-1.2680200655130849,1.8011657670427357,-0.5360746448228536,1.4565002030008987,-4.651224787987193,498.75
400,1.4667170856730607,-1.268020079606948,1.801165760260151,-0.5360746237634825,1.456500178939047,-4.714184811088986,500.0
401,1.4667170663014943,-1.2680200922290188,1.8011657534744043,-0.536074604209316,1.4565001597500673,-4.767144834190798,501.25
402,1.4667170505876996,-1.2680201024677689,1.8011657479699537,-0.5360745883473997,1.456500144184383,-4.810104857292628,502.5
403,1.4667170385316761,-1.2680201103231972,1.8011657437467965,-0.5360745761777332,1.456500132241994,-4.843064880394449,503.75
404,1.4667170301334245,-1.2680201157953053,1.8011657408049362,-0.5360745677003173,1.4565001239228998,-4.8660249034962675,505.0
405,1.466717025392944,-1.2680201188840936,1.8011657391443727,-0.536074562915152,1.456500119227101,-4.878984926598083,506.25
406,1.4666042232561238,-1.2689991343191385,1.8025563394051207,-0.5364860304073212,1.4563848868690434,-4.88266717611105,507.5
407,1.466518187383961,-1.269745867176663,1.8036170075789049,-0.5367998762503596,1.4562969973414568,-4.87758020666786,508.75
408,1.4664793598560684,-1.2700829000044167,1.804095738757331,-0.5369415342516998,1.4562573331287945,-4.862924657409478,510.0
409,1.4664140389315732,-1.2706499022600035,1.804901125163743,-0.5371798505214149,1.4561906046198967,-4.838269108151106,511.25
410,1.4663222246104755,-1.2714468739434237,1.8060331667981413,-0.5375148250595051,1.4560968118147632,-4.803613558892735,512.5
411,1.466203123799772,-1.2724741934788864,1.807488671583542,-0.5379428860324534,1.455975177581986,-4.758957898322549,513.75
412,1.4660566319788937,-1.2737319100091038,1.8092672173868487,-0.5384635619888101,1.4558255995082554,-4.704302145314269,515.0
413,1.4658833375228275,-1.2752197425766985,1.8113711718992873,-0.5390795025655767,1.4556486541281581,-4.639646392306005,516.25
414,1.465682153102175,-1.2769382740790802,1.8137963107603974,-0.5397859001282119,1.4554432760032252,-4.564990483641536,517.5
415,1.4654534687732845,-1.2788872948684822,1.816544148283417,-0.5405844787728912,1.4552098473396908,-4.480334500442539,518.75
416,1.4651964312756771,-1.281067302811298,1.8196114623881066,-0.5414715171315442,1.4549475315693554,-4.385678336275616,520.0
417,1.4649114897243758,-1.283478043040575,1.822999965693583,-0.542448983223213,1.4546567689310803,-4.28102207553793,521.25
418,1.4645968581392546,-1.2861206070527933,1.8267030319419213,-0.5435091571691029,1.454335808016739,-4.166365490229319,522.5
419,1.4642532264537875,-1.2889946302105508,1.8307233556207572,-0.5446550989048132,1.4539853249818202,-4.041708699395288,523.75
420,1.463879928468138,-1.2921005581150617,1.8350585562488544,-0.5458839815419128,1.4536046662654494,-3.9070516393620056,525.0
421,1.4634762812163284,-1.2954388879447554,1.8397062891923261,-0.5471929624261481,1.4531931615701492,-3.762394249470353,526.25
422,1.4630415845084832,-1.2990101686808317,1.8446642445008783,-0.5485791817472953,1.4527501234088267,-3.607736474057382,527.5
423,1.462581764287599,-1.3027603561294858,1.8498542462994865,-0.5500185138635212,1.4522816182678644,-3.445445072678145,528.75
424,1.4621393595689645,-1.3063429808928209,1.8547971263954377,-0.5513783045621505,1.4518309860371776,-3.2905164208777937,530.0
425,1.4617224481651816,-1.3096967398015766,1.859410811360887,-0.5526377921398116,1.4514064338703307,-3.1455873971428483,531.25
426,1.4613316990208882,-1.3128211764441975,1.8636976715490206,-0.5537998041733556,1.4510086180783932,-3.0106580655029274,532.5
427,1.4609677989485181,-1.3157157821000924,1.8676600438914548,-0.5548671871651016,1.45063821279809,-2.8857284886834393,533.75
428,1.4606313919356768,-1.3183800478119503,1.871300041954859,-0.5558425644494532,1.4502958503699108,-2.77079872048991,535.0
429,1.4603217755074815,-1.3208146213579666,1.8746155859523261,-0.556723207538482,1.4499808403300722,-2.665868675631614,536.25
430,1.4600408915652583,-1.3230178576080163,1.8776127808225085,-0.5575168689906025,1.4496950902822359,-2.5709385488628125,537.5
431,1.4597881554965897,-1.3249902738782133,1.8802898426333936,-0.5582212467988835,1.4494380257731057,-2.4860082620111283,538.75
432,1.4595646519423986,-1.3267309268687701,1.8826501214265088,-0.5588406357056548,1.4492107124713707,-2.4110779216935816,540.0
433,1.4593698177327026,-1.3282403271696723,1.8846919289866053,-0.5593728361693345,1.4490125968996492,-2.346147454233384,541.25
434,1.4592049901157995,-1.329517263365519,1.886419275918285,-0.5598230719584175,1.4488449932862535,-2.2912169867731653,542.5
435,1.459069718079774,-1.330562154814797,1.8878308363262215,-0.5601895972246228,1.4487074583000967,-2.246286473657871,543.75
436,1.4589640236821066,-1.3313749813799136,1.8889266757874295,-0.5604724977116455,1.448600013621168,-2.211355898949382,545.0
437,1.4588885877037607,-1.3319551102090497,1.8897087959725154,-0.5606744088392362,1.448523328435842,-2.186425324240891,546.25
438,1.4588434101447365,-1.332302541302205,1.8901771968814787,-0.5607953306073952,1.448477402744119,-2.1714947495324055,547.5
439,1.4587508335556536,-1.3330132352278812,1.8911345731210463,-0.5610419151187009,1.4483832995837262,-2.1661799069938343,548.75
440,1.4586149316473709,-1.334055970112096,1.892538897258926,-0.5614033610916832,1.4482451595748704,-2.1696794174569494,550.0
441,1.4586148379574173,-1.3340560557857137,1.892538622541181,-0.5614030009329205,1.4482450676194214,-2.182465614547679,551.25
442,1.458614670993172,-1.3340562084641006,1.8925381329685087,-0.5614023590963765,1.4482449037462246,-2.2052518116384143,552.5
443,1.458614430754635,-1.3340564281472562,1.8925374285409085,-0.5614014355820511,1.4482446679552807,-2.2380380087291343,553.75
444,1.4586141171453804,-1.3340567147528655,1.8925365089645974,-0.5614002291573607,1.4482443594947298,-2.2808241736683037,555.0
445,1.4586137302366102,-1.3340570683418105,1.8925353744565152,-0.5613987407329648,1.4482439789201387,-2.3336103378890694,556.25
446,1.4586133771407948,-1.3340573864326535,1.8925343438047342,-0.5613973916283959,1.4482436314902274,-2.3963964981062813,557.5
447,1.4586133764235567,-1.3340573642215485,1.8925343651236293,-0.5613974348434914,1.4482436302141175,-2.4691826443342384,558.75
448,1.4586133756115078,-1.3340573389573216,1.8925343893670108,-0.5613974839801159,1.448243628792197,-2.5519687881872843,560.0
449,1.4586133747098167,-1.3340573106378033,1.8925344165286568,-0.5613975390164578,1.4482436272653614,-2.644754926962896,561.25
450,1.4586133618416457,-1.3340572819649958,1.8925344476328836,-0.5613975985972494,1.4482436138472043,-2.7475410568976786,562.5
451,1.4586133440490507,-1.3340572513378395,1.8925344820778782,-0.5613976635476268,1.4482435954958535,-2.8603271807278423,563.75
452,1.4586133205933431,-1.3340572196615144,1.8925345191716032,-0.5613977321598486,1.448243571446587,-2.9831132976648282,565.0
453,1.458613281651399,-1.3340571909416739,1.8925345579373132,-0.561397799382612,1.4482435319088216,-3.1158994066049694,566.25
454,1.4586132375285494,-1.3340571615233947,1.8925345988752258,-0.5613978694401252,1.4482434871652292,-3.258685512096461,567.5
455,1.4586131756504899,-1.3340571395973164,1.8925346378061214,-0.5613979298722299,1.4482434247541478,-3.4114716156453677,568.75
456,1.4586131058125646,-1.3340571204696388,1.8925346763731612,-0.5613979870860022,1.448243354412782,-3.574167885239958,570.0
457,1.4586130279549339,-1.3340571109604542,1.8925347080735642,-0.5613980277564419,1.448243276200277,-3.735058439750918,571.25
458,1.4586129519108044,-1.3340571088375088,1.8925347321859087,-0.5613980534633372,1.4482431999346708,-3.8859489942618537,572.5
459,1.4586128781361,-1.3340571130768648,1.8925347495567078,-0.5613980660805686,1.4482431260551092,-4.026839548772769,573.75
460,1.4586128097665418,-1.334057122425949,1.8925347604728584,-0.5613980671697321,1.4482430576830412,-4.15773010328364,575.0
461,1.458612746791729,-1.334057136551427,1.8925347652560587,-0.5613980573858706,1.4482429948022186,-4.278620657794496,576.25
462,1.4586126894100215,-1.334057150169081,1.8925347689005392,-0.5613980470101448,1.4482429375191956,-4.389511212305349,577.5
463,1.458612641384636,-1.3340571697554207,1.8925347641218035,-0.5613980223060926,1.4482428897194257,-4.490401766816162,578.75
464,1.4586125981193971,-1.3340571874004115,1.8925347598167188,-0.5613980000506389,1.4482428466574397,-4.58129232132699,580.0
465,1.458612559614305,-1.3340572031040558,1.8925347559852883,-0.5613979802437842,1.4482428083332384,-4.6621828758378125,581.25
466,1.4586125314211627,-1.3340572209608053,1.8925347471009166,-0.5613979533020647,1.4482427803835944,-4.7330734303486235,582.5
467,1.4586125075191152,-1.3340572365302847,1.8925347391571234,-0.5613979296186168,1.448242756695504,-4.793963984859449,583.75
468,1.4586124875424789,-1.3340572495428005,1.8925347325179294,-0.5613979098246795,1.4482427368976876,-4.844854539370284,585.0
469,1.4586124714912545,-1.334057259998355,1.8925347271833366,-0.5613978939202533,1.4482427209901443,-4.885745093881147,586.25
470,1.4586124593654408,-1.3340572678969485,1.892534723153347,-0.5613978819053379,1.4482427089728744,-4.916635648391986,587.5
471,1.458612451165039,-1.3340572732385814,1.8925347204279594,-0.5613978737799337,1.4482427008458778,-4.9375262029028235,588.75
472,1.4586479160415857,-1.3337790643673153,1.8921714043043114,-0.5613128041968252,1.4482786671906847,-4.948731201856152,590.0
473,1.4591410226241563,-1.3299112555951962,1.8871204597172024,-0.5601301925141954,1.4487787447891287,-4.952046082319115,591.25
474,1.4594760224799692,-1.3272836186957928,1.8836890509578654,-0.5593267773007503,1.4491184779995234,-4.9458866195545514,592.5
475,1.4594760272091036,-1.327283615274304,1.8836890533302866,-0.5593267844203877,1.449118476943686,-4.93163375566162,593.75
476,1.459476035256262,-1.3272836094522527,1.88368905736723,-0.559326796535258,1.4491184751470592,-4.907380891768685,595.0
477,1.459476046621444,-1.327283601229639,1.8836890630686962,-0.559326813645361,1.4491184726096429,-4.8731280278757545,596.25
478,1.4594760613046502,-1.3272835906064633,1.8836890704346847,-0.5593268357506969,1.4491184693314367,-4.828875163982807,597.5
479,1.459476079424765,-1.3272835778225933,1.883689080340498,-0.5593268664725987,1.4491184662085665,-4.774622303010472,598.75
480,1.459476100963603,-1.3272835628413393,1.8836890926522498,-0.559326905257149,1.449118463103961,-4.71036944383019,600.0
481,1.4594761300650512,-1.3272835467945896,1.883689102603897,-0.5593269396182904,1.4491184755031112,-4.636116591239512,601.25
482,1.4594761699418923,-1.3272835306484607,1.8836891069324204,-0.559326961574718,1.4491185156049622,-4.551863748656693,602.5
483,1.4594762145800941,-1.327283512575661,1.883689111746202,-0.5593269860406066,1.4491185606921126,-4.457610914665456,603.75
484,1.459476265170165,-1.3272834946773975,1.8836891145555752,-0.5593270080990925,1.4491186117070889,-4.353358087513209,605.0
485,1.4594763242638837,-1.3272834814283605,1.8836891100389632,-0.559327017221114,1.4491186707681702,-4.239105269047782,606.25
486,1.4594763885287825,-1.3272834670187341,1.883689105123382,-0.5593270271261321,1.449118734990822,-4.114852460188677,607.5
487,1.459476458267578,-1.3272834613523392,1.8836890902397272,-0.5593270183899788,1.449118804807243,-3.9805996566927853,608.75
488,1.4594765332558204,-1.327283457065905,1.8836890725056665,-0.5593270054663401,1.4491188799009311,-3.836346854155897,610.0
489,1.4594766084078687,-1.3272834638014337,1.8836890441523524,-0.559326970901714,1.4491189553536614,-3.68209405716939,611.25
490,1.4594766868133846,-1.3272834740100037,1.8836890115200828,-0.5593269286074231,1.449119034129077,-3.5178554755830604,612.5
491,1.4594767525523087,-1.3272834973522212,1.8836889699799322,-0.5593268641795817,1.449119100437534,-3.354356586239615,613.75
492,1.4594768100831887,-1.327283521995733,1.8836889295826489,-0.5593267995355182,1.4491191585407894,-3.2008576968962075,615.0
493,1.4594768518641255,-1.3272835528558136,1.8836888878105653,-0.5593267271882679,1.4491192009648024,-3.0573588075528173,616.25
494,1.4594768868127475,-1.3272835831646244,1.8836888485575656,-0.5593266578636685,1.4491192365301973,-2.9238599182094647,617.5
495,1.4594769061592825,-1.3272836164994006,1.8836888109471124,-0.5593265870456591,1.4491192565086042,-2.8003610288661296,618.75
496,1.4594769239392824,-1.3272836471349725,1.88368877638206,-0.5593265219619536,1.4491192748693122,-2.6868621395228134,620.0
497,1.4594769277814934,-1.327283677844684,1.8836887458061138,-0.5593264606956053,1.4491192792595973,-2.583363250179503,621.25
498,1.4594769286657332,-1.3272837061671239,1.8836887183817148,-0.5593264049479554,1.4491192806428317,-2.4898643608362065,622.5
499,1.4594769294554009,-1.3272837314603863,1.883688693890438,-0.5593263551626921,1.4491192818781249,-2.406365471492904,623.75
500,1.459476922908824,-1.3272837541383904,1.883688674044834,-0.559326312587639,1.4491192757134344,-2.332866582149619,625.0
501,1.4594769141138955,-1.3272837739103256,1.8836886576416925,-0.559326276346093,1.4491192672439386,-2.2693676928063353,626.25
502,1.4594769067040194,-1.3272837905685142,1.8836886438217664,-0.559326245811977,1.4491192601082452,-2.2158688034630227,627.5
503,1.4594769006791952,-1.327283804112956,1.8836886325850557,-0.5593262209852908,1.4491192543063538,-2.1723699141196944,628.75
504,1.459476896039424,-1.3272838145436536,1.8836886239315627,-0.5593262018660345,1.4491192498382648,-2.1388710247763822,630.0
505,1.4594768927847046,-1.327283821860607,1.8836886178612877,-0.5593261884542083,1.449119246703978,-2.1153721354330663,631.25
506,1.4594769068924713,-1.3272836991888746,1.883688447687296,-0.5593261409547197,1.449119261114059,-2.1018732466723553,632.5
507,1.4598484217902417,-1.3243335381646872,1.879812554089732,-0.5584008013674892,1.4494961969580489,-2.096275693700343,633.75
508,1.4603096549676444,-1.320670940728423,1.8750006757468398,-0.5572520091643958,1.44996415868139,-2.100293159656107,635.0
509,1.460328284092923,-1.3205230137395327,1.874806339145565,-0.5572056216162441,1.4499830553337425,-2.1120875743266003,636.25
510,1.46032828596585,-1.3205230075344254,1.8748063461843747,-0.5572056391850182,1.4499830493568586,-2.1337063235762237,637.5
511,1.4603282887051212,-1.320522998459075,1.8748063564790662,-0.5572056648804298,1.4499830406152983,-2.165325072825833,638.75
512,1.460328292310736,-1.3205229865134807,1.8748063700296396,-0.5572056987024788,1.4499830291090618,-2.2069438220754707,640.0
513,1.460328296670145,-1.3205229715804594,1.8748063863941646,-0.55720573879186,1.4499830139648606,-2.25856256436232,641.25
514,1.4603283016529405,-1.3205229535242338,1.8748064050605913,-0.5572057829942565,1.4499829941708415,-2.3201812942319737,642.5
515,1.4603283065383565,-1.3205229324473127,1.8748064266125555,-0.5572058329720098,1.4499829741490249,-2.391800021891607,643.75
516,1.4603283057028826,-1.3205229077887233,1.8748064501574877,-0.5572058800469695,1.4499829724237574,-2.47341873518464,645.0
517,1.4603283047822664,-1.320522880102995,1.8748064765708818,-0.5572059328352404,1.4499829706248604,-2.5650374431857896,646.25
518,1.4603283037853996,-1.3205228493870564,1.8748065058443277,-0.557205991308754,1.4499829688234678,-2.6666561441482255,647.5
519,1.460328286548451,-1.3205228194105887,1.874806539722663,-0.557206055021292,1.4499829510716924,-2.7782748334559226,648.75
520,1.4603282676408482,-1.320522786778864,1.8748065766526971,-0.557206124450123,1.4499829316083745,-2.8998935156602546,650.0
521,1.4603282366957093,-1.3205227557397312,1.8748066155707934,-0.5572061941965678,1.4499829000698734,-3.0315121916211822,651.25
522,1.4603281957566532,-1.320522725459362,1.8748066566805428,-0.5572062653082817,1.4499828584972594,-3.173130865022728,652.5
523,1.4603281424463033,-1.3205226992224008,1.8748066975136444,-0.5572063320102785,1.4499828045941192,-3.324749534639583,653.75
524,1.4603280779287355,-1.3205226762698474,1.874806738460461,-0.5572063954604743,1.449982739514262,-3.486368197729921,655.0
525,1.4603280018768052,-1.3205226633897746,1.8748067730837983,-0.5572064424309752,1.4499826630494206,-3.651993385409845,656.25
526,1.460327927404701,-1.3205226542230535,1.8748068036714138,-0.557206481662641,1.449982588233728,-3.80812854123892,657.5
527,1.4603278520509795,-1.3205226583605238,1.8748068217118017,-0.5572064950334503,1.4499825127686943,-3.9542636970679594,658.75
528,1.4603277817907678,-1.3205226623564705,1.8748068383997747,-0.5572065072293026,1.4499824424071286,-4.090398852896967,660.0
529,1.4603277170158457,-1.3205226764335691,1.874806843781832,-0.557206498074303,1.4499823777219008,-4.216534008725967,661.25
530,1.460327657388747,-1.3205226897934972,1.8748068483496514,-0.5572064888586924,1.4499823181844447,-4.332669164554942,662.5
531,1.4603276054526764,-1.3205227064131118,1.8748068475323727,-0.5572064710517142,1.449982266414258,-4.438804320383909,663.75
532,1.4603275603503314,-1.320522724813673,1.874806843003791,-0.5572064478002196,1.449982221525886,-4.53493947621286,665.0
533,1.4603275199395422,-1.3205227413001999,1.874806838946268,-0.5572064269673493,1.4499821813068121,-4.6210746320418075,666.25
534,1.4603274867344187,-1.320522757732244,1.8748068328352883,-0.5572064041863045,1.4499821483100592,-4.69720978787074,667.5
535,1.4603274611484272,-1.3205227744156227,1.874806824255674,-0.5572063787389293,1.4499821229554928,-4.763344943699668,668.75
536,1.4603274394311785,-1.320522788576382,1.8748068169733432,-0.5572063571393372,1.4499821014346763,-4.819480099528611,670.0
537,1.4603274215826727,-1.3205228002145206,1.8748068109882952,-0.5572063393875277,1.4499820837476105,-4.865615255357577,671.25
538,1.4603274076029096,-1.3205228093300407,1.8748068063005328,-0.5572063254835017,1.4499820698942945,-4.901750411186546,672.5
539,1.4603273974918896,-1.320522815922943,1.874806802910056,-0.5572063154272593,1.4499820598747288,-4.9278855670155,673.75
540,1.4603273912496124,-1.3205228199932266,1.8748068008168652,-0.5572063092188005,1.449982053688913,-4.944020722844465,675.0
541,1.4605548094824383,-1.318694573922571,1.872390536048992,-0.5566185299542542,1.4502128952529048,-4.951631860068661,676.25
542,1.46106987028889,-1.3145539824546908,1.866918215008595,-0.5552873428811006,1.450735708289938,-4.950226919102259,677.5
543,1.4611669204278968,-1.3137738158369312,1.8658871295981196,-0.5550365271612274,1.4508342153632816,-4.940495739870118,678.75
544,1.4611669266462886,-1.313773811344963,1.865887132730582,-0.5550365365209011,1.4508342140173403,-4.921538391528458,680.0
545,1.4611669361448816,-1.313773804483482,1.865887137515418,-0.5550365508178021,1.4508342119614148,-4.892581043186801,681.25
546,1.4611669489236758,-1.3137737952524877,1.8658871439526277,-0.5550365700519302,1.4508342091955053,-4.853623694845134,682.5
547,1.4611669649986845,-1.3137737836849879,1.8658871521623994,-0.5550365947182287,1.4508342058418688,-4.804666347051483,683.75
548,1.4611669845331847,-1.313773770117546,1.8658871633702416,-0.5550366298634208,1.4508342031471093,-4.745709004477395,685.0
549,1.461167007381013,-1.3137737542488737,1.8658871764790925,-0.5550366709697351,1.4508341999952807,-4.676751661903326,686.25
550,1.4611670428572117,-1.3137737389159507,1.865887181909257,-0.5550366946952368,1.4508342318608727,-4.597794333739152,687.5
551,1.4611670843636406,-1.313773722105054,1.8658871864463715,-0.5550367175678005,1.4508342736427295,-4.508837009811187,688.75
552,1.4611671305700773,-1.3137737033918628,1.8658871914586084,-0.5550367428935086,1.4508343203962901,-4.409879696327491,690.0
553,1.4611671848852534,-1.3137736887942557,1.8658871897650857,-0.5550367565362413,1.4508343748474524,-4.300922391388992,691.25
554,1.461167245532844,-1.3137736752103835,1.8658871850880807,-0.5550367658428018,1.45083443545769,-4.181965094127403,692.5
555,1.461167311388716,-1.3137736641038953,1.8658871764925646,-0.5550367687937504,1.4508345013151593,-4.053007804068949,693.75
556,1.461167382593769,-1.3137736600730536,1.8658871595051527,-0.55503675634111,1.4508345726221017,-3.9140505182849,695.0
557,1.4611674571823239,-1.3137736596729082,1.865887138019158,-0.5550367357830807,1.4508346473852334,-3.7650932345528254,696.25
558,1.461167532460546,-1.3137736689711803,1.8658871069643128,-0.5550366959618883,1.4508347230127767,-3.606135957624447,697.5
559,1.4611676047233026,-1.3137736856999125,1.8658870696169871,-0.5550366423945643,1.4508347957490226,-3.4397621245207244,698.75
560,1.4611676676617515,-1.3137737081305776,1.8658870294966419,-0.555036580284735,1.450834859239035,-3.2809703620707875,700.0
561,1.4611677149908575,-1.3137737367456843,1.8658869879802567,-0.55503651048221,1.4508349071908453,-3.1321785996209024,701.25
562,1.4611677548283657,-1.3137737662496758,1.865886947802126,-0.5550364410756943,1.4508349476483962,-2.99338683717101,702.5
563,1.461167780061439,-1.3137737984157802,1.865886909335325,-0.555036370614151,1.4508349735127806,-2.864595074721162,703.75
564,1.461167798408772,-1.3137738300945276,1.865886873358368,-0.5550363030810739,1.4508349924658934,-2.745803312271344,705.0
565,1.4611678107878847,-1.3137738600971882,1.865886840750341,-0.5550362405510718,1.4508350054064654,-2.637011549821549,706.25
566,1.461167811712146,-1.313773889652459,1.8658868119333896,-0.5550361821783749,1.4508350068561437,-2.538219787371761,707.5
567,1.4611678125428509,-1.3137739162160509,1.8658867860333717,-0.5550361297143384,1.4508350081590815,-2.4494280249219833,708.75
568,1.461167811637125,-1.3137739398809631,1.865886763442222,-0.5550360834462201,1.450835007670017,-2.3706362624722153,710.0
569,1.4611678022473125,-1.313773961029147,1.865886745769686,-0.5550360445538534,1.450834998631488,-2.301844500022434,711.25
570,1.4611677942224615,-1.3137739791030987,1.86588673066614,-0.5550360113151238,1.4508349909068559,-2.2430527375726705,712.5
571,1.4611677875625724,-1.3137739941028153,1.865886718131581,-0.5550359837300312,1.4508349844961208,-2.1942609751228654,713.75
572,1.461167782267645,-1.3137740060283003,1.8658867081660124,-0.5550359617985758,1.450834979399283,-2.15546921267305,715.0
573,1.4611677783376797,-1.313774014879554,1.865886700769435,-0.5550359455207577,1.450834975616342,-2.1266774502232506,716.25
574,1.461167775772676,-1.3137740206565767,1.8658866959418483,-0.5550359348965769,1.4508349731472978,-2.107885687773454,717.5
575,1.4612697499889284,-1.3129440984791816,1.86478338445804,-0.554762652475384,1.4509385302315503,-2.098277133268252,718.75
576,1.4617787432281641,-1.3088016692137459,1.8592764055103275,-0.553398636476271,1.451455423604688,-2.0970246186936006,720.0
577,1.4619956502647735,-1.307036380278172,1.8569296218840854,-0.5528173706738173,1.451675694612015,-2.1047489878971812,721.25
578,1.4619956516681127,-1.3070363756647922,1.8569296271469344,-0.5528173837522867,1.4516756902040786,-2.1210247050026174,722.5
579,1.461995653933681,-1.3070363682168957,1.8569296356433425,-0.5528174048663279,1.4516756830878519,-2.1473004221080476,723.75
580,1.4619956570614778,-1.3070363579344824,1.8569296473733092,-0.5528174340159411,1.4516756732633351,-2.1835761392134776,725.0
581,1.4619956610515037,-1.307036344817552,1.856929662336835,-0.552817471201126,1.451675660730528,-2.229851856318923,726.25
582,1.4619956656409558,-1.3070363285860955,1.8569296794817007,-0.5528175120169185,1.4516756434244344,-2.2861275545048416,727.5
583,1.4619956709847124,-1.30703630940513,1.8569296994280122,-0.5528175590593029,1.4516756225620195,-2.352403248670619,728.75
584,1.461995672894192,-1.3070362869113503,1.856929721729223,-0.5528176067471109,1.4516756122856431,-2.428678932886481,730.0
585,1.461995672021871,-1.3070362611691786,1.8569297464860683,-0.5528176560731681,1.4516756104821413,-2.5149546104518627,731.25
586,1.4619956710841882,-1.3070362324307996,1.856929774077997,-0.552817711001836,1.45167560875914,-2.6112302769013294,732.5
587,1.4619956628792115,-1.307036202376561,1.8569298053031829,-0.5528177713964884,1.451675599882757,-2.7175059366485588,733.75
588,1.4619956450543252,-1.3070361715550263,1.8569298404188983,-0.5528178371995947,1.4516755815258573,-2.8337815881786375,735.0
589,1.4619956247865014,-1.3070361384550528,1.856929878465975,-0.5528179082059286,1.451675560683527,-2.9600572316070335,736.25
590,1.461995585946446,-1.3070361096556937,1.85692991781159,-0.5528179760828802,1.4516755212359933,-3.0963328691296206,737.5
591,1.4619955438368986,-1.3070360790166584,1.856929959902545,-0.5528180485221162,1.451675478477628,-3.242608506407043,738.75
592,1.4619954823328056,-1.3070360570611779,1.8569299992819375,-0.5528181094229246,1.4516754164313623,-3.398884136559697,740.0
593,1.4619954140349218,-1.307036037090186,1.8569300387367194,-0.5528181683656391,1.4516753476098634,-3.56458374057118,741.25
594,1.461995338104689,-1.3070360276811779,1.8569300701992286,-0.5528182086971462,1.4516752713250929,-3.726059277588555,742.5
595,1.461995264269774,-1.307036024731302,1.8569300947841607,-0.5528182357054012,1.45167519725566,-3.877534814605885,743.75
596,1.461995192287277,-1.3070360287880876,1.8569301120322546,-0.5528182483817514,1.451675125167802,-4.019010351623197,745.0
597,1.4619951255383135,-1.3070360372071927,1.8569301235118738,-0.5528182509636614,1.4516750584039508,-4.1504858886405,746.25
598,1.4619950640536024,-1.3070360509698258,1.856930128262869,-0.5528182415097633,1.4516749970123488,-4.271961425657779,747.5
599,1.461995007730401,-1.3070360637723508,1.8569301324257708,-0.5528182324649613,1.4516749407779117,-4.383436962675035,748.75
600,1.4619949607985463,-1.307036082924606,1.8569301276703425,-0.5528182082176805,1.4516748940708877,-4.484912499692268,750.0
601,1.4619949184916345,-1.3070361001894812,1.8569301233835382,-0.5528181863598691,1.4516748519666502,-4.576388036709497,751.25
602,1.4619948808096654,-1.3070361155669783,1.8569301195653598,-0.5528181668915277,1.4516748144651994,-4.65786357372671,752.5
603,1.4619948528304185,-1.3070361328221942,1.8569301110720842,-0.5528181409392164,1.451674786723784,-4.729339110743926,753.75
604,1.4619948293854363,-1.3070361481227977,1.8569301031392937,-0.5528181175348369,1.451674763493058,-4.790814647761142,755.0
605,1.461994809754163,-1.307036160934506,1.8569300964968984,-0.5528180979375611,1.4516747440411883,-4.842290184778371,756.25
606,1.4619947939365991,-1.3070361712573209,1.8569300911449003,-0.5528180821473897,1.4516747283681761,-4.883765721795623,757.5
607,1.4619947819327446,-1.3070361790912435,1.856930087083301,-0.552818070164323,1.4516747164740205,-4.915241258812858,758.75
608,1.4619947737425993,-1.3070361844362735,1.8569300843121004,-0.552818061988361,1.451674708358722,-4.936716795830106,760.0
609,1.462015323576122,-1.3068668414135651,1.8567036451598853,-0.5527609872807536,1.4516955870522732,-4.948394677838519,761.25
610,1.4624603893644323,-1.3031999512582242,1.8518005318540787,-0.5515252286816196,1.4521477728417684,-4.952314468195414,762.5
611,1.462811293575955,-1.3003088796800695,1.8479347939238078,-0.5505509291119011,1.452504288413465,-4.946634750949206,763.75
612,1.462811298013483,-1.300308876197621,1.8479347957367496,-0.5505509356302615,1.452504287526859,-4.933067230020835,765.0
613,1.4628113056565115,-1.3003088706855839,1.8479347996041886,-0.5505509471340342,1.4525042859205353,-4.909499709505873,766.25
614,1.462811316542575,-1.3003088628347195,1.847934805112631,-0.5505509635190047,1.4525042836326278,-4.875932188990923,767.5
615,1.462811330671673,-1.3003088526450273,1.8479348122620771,-0.5505509847851728,1.4525042806631367,-4.832364668475963,768.75
616,1.4628113481427651,-1.3003088403249738,1.8479348218096023,-0.550551014035248,1.4525042777772443,-4.778797156570668,770.0
617,1.4628113689622126,-1.3003088258879565,1.8479348338038637,-0.5505510514686374,1.4525042750241275,-4.715229651547769,771.25
618,1.462811396384273,-1.3003088102047342,1.8479348442198718,-0.5505510863810152,1.4525042845476117,-4.641662151986697,772.5
619,1.462811434819521,-1.300308794633862,1.8479348484645768,-0.550551107625102,1.4525043231945993,-4.558094663554681,773.75
620,1.4628114778780126,-1.3003087771908208,1.8479348531922826,-0.5505511313272191,1.452504366661428,-4.464527182974857,775.0
621,1.4628115264097648,-1.3003087593750595,1.8479348565994793,-0.5505511539482254,1.4525044156384532,-4.360959709342491,776.25
622,1.4628115834948092,-1.3003087466014267,1.8479348521604573,-0.5505511626696471,1.452504472690428,-4.24739224519708,777.5
623,1.462811645605504,-1.3003087327021507,1.8479348473272503,-0.5505511721451706,1.4525045347590737,-4.1238247900472516,778.75
624,1.4628117130138691,-1.300308726539264,1.8479348334140981,-0.5505511648697121,1.4525046022350963,-3.990257340555374,780.0
625,1.4628117855471086,-1.3003087224679772,1.8479348159561584,-0.5505511520032255,1.45250467487344,-3.8466898925262187,781.25
626,1.4628118586572565,-1.300308728209334,1.8479347887815791,-0.5505511196109728,1.452504748266674,-3.693122449594406,782.5
627,1.4628119350313744,-1.300308737701356,1.8479347569942874,-0.550551078878486,1.4525048249994506,-3.529555012920874,783.75
628,1.4628119995826827,-1.3003087602170076,1.8479347160271524,-0.5505510158544953,1.4525048901128583,-3.365385411762379,785.0
629,1.462812056863325,-1.3003087836996643,1.8479346762661202,-0.5505509530171218,1.4525049479548675,-3.21120646184143,786.25
630,1.4628120976689825,-1.3003088139895942,1.8479346347470214,-0.550550881494442,1.45250498940268,-3.067027511920513,787.5
631,1.462812132985376,-1.3003088432639012,1.8479345958369429,-0.5505508135571864,1.4525050253294904,-2.9328485619996116,788.75
632,1.4628121518988797,-1.3003088759767751,1.8479345584249973,-0.5505507435608212,1.4525050448742105,-2.808669612078748,790.0
633,1.462812169289299,-1.3003089060553075,1.847934524025788,-0.5505506792011895,1.4525050628450153,-2.694490662157901,791.25
634,1.4628121741016562,-1.300308935972906,1.8479344934973139,-0.5505506187828635,1.4525050682037275,-2.590311712237071,792.5
635,1.462812174973453,-1.3003089637970466,1.8479344661692059,-0.550550563630519,1.4525050695747228,-2.496132762316265,793.75
636,1.462812175752682,-1.3003089886667925,1.8479344417428147,-0.5505505143342966,1.4525050708001448,-2.4119538123954607,795.0
637,1.462812170080943,-1.300309010939019,1.847934421748501,-0.5505504720219008,1.4525050655122196,-2.3377748624746593,796.25
638,1.4628121614460015,-1.3003090304179725,1.8479344053468214,-0.5505504360747534,1.4525050572038536,-2.27359591255386,797.5
639,1.4628121541565076,-1.3003090468618248,1.847934391500757,-0.5505504057286866,1.45250505019005,-2.2194169626330322,798.75
640,1.4628121482124612,-1.3003090602705754,1.8479343802103076,-0.5505503809837005,1.452505044470809,-2.175238012712195,800.0
641,1.4628121436138626,-1.3003090706442266,1.8479343714754761,-0.5505503618397948,1.4525050400461303,-2.1410590627913395,801.25
642,1.4628121403607115,-1.3003090779827782,1.8479343652962614,-0.5505503482969698,1.4525050369160144,-2.116880112870515,802.5
643,1.4628121384530082,-1.3003090822862304,1.8479343616726642,-0.5505503403552257,1.4525050350804607,-2.1027011629496926,803.75
644,1.463125728616749,-1.2976934941648257,1.8444169264588273,-0.549648819259388,1.4528237936909145,-2.0965526771198553,805.0
645,1.4635833062975059,-1.2938769458756958,1.8392844518218294,-0.548333369266416,1.4532889116744006,-2.099878153330445,806.25
646,1.4636175091968913,-1.2935916722637033,1.8389008249466865,-0.5482350537216365,1.453323674345509,-2.1110503418190483,807.5
647,1.4636175109846503,-1.2935916664310068,1.8389008316418378,-0.5482350702843407,1.4533236688128508,-2.1318900979070974,808.75
648,1.4636175136302692,-1.2935916577994786,1.8389008415496715,-0.5482350947946926,1.4533236606253352,-2.1627298539951756,810.0
649,1.4636175171337478,-1.2935916463691186,1.8389008546701875,-0.5482351272526924,1.4533236497829622,-2.203569610083269,811.25
650,1.4636175214127378,-1.2935916320501102,1.8389008706672199,-0.5482351662582488,1.4533236356305579,-2.254409359682027,812.5
651,1.4636175263017288,-1.2935916146619295,1.8389008888651162,-0.5482352089973417,1.4533236168512977,-2.315249092661549,813.75
652,1.4636175316282218,-1.2935915943798881,1.8389009099990579,-0.5482352582114726,1.4533235961522692,-2.386088824708844,815.0
653,1.4636175308206754,-1.2935915705608014,1.8389009330804034,-0.5482353040307285,1.4533235944805822,-2.466928541084779,816.25
654,1.463617529926437,-1.2935915437905807,1.838900959004002,-0.5482353554748773,1.4533235927103685,-2.5577682530621164,817.5
655,1.4636175289595286,-1.2935915140642609,1.838900987756104,-0.5482354124982258,1.4533235909566165,-2.6586079569353047,818.75
656,1.463617513480104,-1.2935914847450087,1.8389010209211167,-0.5482354747324816,1.4533235749411775,-2.7694476500565783,820.0
657,1.4636174952105532,-1.2935914531056496,1.8389010572318676,-0.5482355425492107,1.4533235561210684,-2.890287335879827,821.25
658,1.46361746661232,-1.2935914224461071,1.838901095649729,-0.5482356114258959,1.4533235269348403,-3.0211270151374436,822.5
659,1.463617427028137,-1.293591393034132,1.8389011361063705,-0.548235681017453,1.4533234867244453,-3.161966691277214,823.75
660,1.4636173767165106,-1.2935913667040413,1.8389011767319485,-0.5482357476165789,1.4533234358149452,-3.312806364118419,825.0
661,1.4636173142967415,-1.2935913443575424,1.8389012170549126,-0.5482358098395278,1.4533233728386963,-3.4736460303752605,826.25
662,1.46361724117153,-1.293591330644467,1.83890125211903,-0.548235858090836,1.4533232992853862,-3.639633996284053,827.5
663,1.4636171684169261,-1.2935913215778847,1.8389012825354527,-0.5482358970496027,1.4533232261870315,-3.7965428340194602,828.75
664,1.4636170952262049,-1.293591324540823,1.8389013013328914,-0.5482359123540178,1.453323152867365,-3.943451671755006,830.0
665,1.4636170265393718,-1.293591328381494,1.8389013179383167,-0.5482359246210695,1.4533230840785458,-4.080360509490712,831.25
666,1.4636169631621605,-1.293591341269938,1.8389013241339547,-0.5482359174669407,1.4533230207749384,-4.207269347226556,832.5
667,1.463616904815757,-1.293591354318759,1.8389013286820062,-0.5482359085412021,1.453322962517535,-4.324178184962505,833.75
668,1.4636168536063556,-1.2935913699662653,1.8389013285769873,-0.5482358924147513,1.4533229114615311,-4.431087022698586,835.0
669,1.463616809413775,-1.2935913880044414,1.83890132405767,-0.5482358695335532,1.4533228674827137,-4.527995860434743,836.25
670,1.463616769781416,-1.2935914041812573,1.8389013200046935,-0.5482358490134582,1.4533228280420596,-4.614904698171002,837.5
671,1.4636167367073667,-1.293591419981343,1.838901314375996,-0.5482358273418958,1.4533227951692727,-4.691813535907325,838.75
672,1.4636167115480418,-1.293591436412546,1.8389013057853054,-0.548235802134332,1.45332277024223,-4.758722373643693,840.0
673,1.4636166901489565,-1.2935914503879886,1.8389012984785538,-0.5482357806942173,1.4533227490407108,-4.815631211380098,841.25
674,1.4636166725101103,-1.2935914619076692,1.8389012924557386,-0.5482357630215506,1.4533227315647146,-4.862540049116539,842.5
675,1.4636166586315036,-1.2935914709715908,1.8389012877168638,-0.5482357491163334,1.4533227178142416,-4.899448886852985,843.75
676,1.4636166485131366,-1.293591477579753,1.8389012842619294,-0.5482357389785654,1.4533227077892918,-4.926357724589414,845.0
677,1.463616642155009,-1.2935914817321563,1.8389012820909352,-0.5482357326082465,1.4533227014898653,-4.9432665623258325,846.25
678,1.463794400968187,-1.292090520246088,1.8368713718259724,-0.5477069678952565,1.4535034774125615,-4.95148476579635,847.5
679,1.464285907927441,-1.2879403968686949,1.8312587282114865,-0.5462449567954524,1.4540033259143796,-4.950901737312461,848.75
680,1.4644111452229924,-1.286882956523392,1.8298286458643158,-0.5458724452932521,1.4541306852489553,-4.941811310461559,850.0
681,1.4644111510222948,-1.286882952348227,1.8298286488130664,-0.5458724540235348,1.4541306840632777,-4.923725231811307,851.25
682,1.464411160028098,-1.2868829458645656,1.829828653392215,-0.545872467580891,1.454130682222026,-4.895639153161037,852.5
683,1.4644111722404018,-1.286882937072408,1.8298286596017617,-0.5458724859653206,1.4541306797251994,-4.857553074510764,853.75
684,1.4644111876598787,-1.2868829259732018,1.8298286674469484,-0.5458725091982003,1.4541306765780624,-4.809466996019147,855.0
685,1.4644112064664156,-1.2868829129543418,1.8298286783303204,-0.5458725429989391,1.4541306741890918,-4.751380939392292,856.25
686,1.4644112285106552,-1.2868828976941766,1.829828691087356,-0.5458725826187576,1.4541306713888398,-4.683294882765479,857.5
687,1.4644112617953342,-1.2868828826823147,1.829828697278924,-0.5458726076591188,1.4541306988370448,-4.605208839076366,858.75
688,1.4644113017476956,-1.2868828664943244,1.8298287017271195,-0.5458726297729565,1.4541307390267826,-4.5171227999790196,860.0
689,1.4644113462709494,-1.2868828484552857,1.8298287066428625,-0.5458726542713206,1.4541307840703483,-4.419036772554943,861.25
690,1.4644113982703117,-1.2868828337173228,1.8298287058001663,-0.5458726690001399,1.4541308362493282,-4.310950752661226,862.5
691,1.4644114568026574,-1.286882820630021,1.8298287012071397,-0.5458726778919138,1.4541308947446145,-4.192864740639522,863.75
692,1.4644115203699717,-1.2868828090010098,1.829828693686296,-0.5458726824331506,1.4541309583010313,-4.064778736165976,865.0
693,1.464411589167283,-1.2868828051673213,1.8298286769787042,-0.5458726700587841,1.4541310271997356,-3.926692736576264,866.25
694,1.4644116617584293,-1.2868828037404634,1.829828656783033,-0.545872651817163,1.4541310999450592,-3.7786067385322597,867.5
695,1.4644117345518004,-1.2868828128340497,1.8298286262133296,-0.5458726126818711,1.4541311730843074,-3.6205207473598437,868.75
696,1.464411805857523,-1.286882828066351,1.829828590067588,-0.5458725618196305,1.454131244842916,-3.4542106446762935,870.0
697,1.4644118673907731,-1.2868828501226957,1.8298285501384086,-0.5458725002772191,1.4541313069277098,-3.2945529064607126,871.25
698,1.4644119150806696,-1.2868828773233605,1.8298285092836417,-0.5458724325629924,1.454131355227294,-3.144895168245027,872.5
699,1.4644119540624883,-1.2868829063135694,1.829828469264779,-0.5458723638313396,1.4541313948292949,-3.0052374300291538,873.75
700,1.4644119802374624,-1.286882937316363,1.829828431082431,-0.5458722948299441,1.4541314216287247,-2.875579691813198,875.0
701,1.4644119982133552,-1.2868829684508423,1.829828395209987,-0.5458722279470506,1.4541314402109504,-2.7559219535970576,876.25
702,1.4644120116655641,-1.2868829976588052,1.8298283625720244,-0.545872166192646,1.454131454223446,-2.646264215380841,877.5
703,1.46441201257849,-1.28688302673218,1.8298283337961405,-0.5458721083436545,1.4541314556628822,-2.5466064771645227,878.75
704,1.46441201339981,-1.2868830528882282,1.829828307907723,-0.5458720562994297,1.45413145695788,-2.456948738948104,880.0
705,1.4644120134500502,-1.2868830761648133,1.8298282850717829,-0.5458720101821634,1.4541314574279505,-2.37729100073161,881.25
706,1.464412004210056,-1.2868830970366258,1.8298282673571586,-0.5458719715238827,1.4541314485411994,-2.307633262515065,882.5
707,1.4644119962965465,-1.2868831149121,1.8298282521856295,-0.5458719384153488,1.454131440930222,-2.247975524298465,883.75
708,1.4644119897095225,-1.2868831297912338,1.8298282395571923,-0.5458719108565613,1.4541314345950185,-2.1983177860818564,885.0
709,1.464411984448983,-1.2868831416740298,1.82982822947185,-0.5458718888475206,1.4541314295355883,-2.158660047865212,886.25
710,1.4644119805149287,-1.2868831505604883,1.8298282219296031,-0.5458718723882268,1.454131425751932,-2.129002309648585,887.5
711,1.4644119779073594,-1.2868831564506096,1.8298282169304523,-0.5458718614786797,1.4541314232440494,-2.1093445714319743,888.75
712,1.4644779802871006,-1.2863189626519038,1.8290609316531048,-0.5456688380957123,1.4541985788800207,-2.099072109114659,890.0
713,1.464945727009414,-1.2823206837743948,1.823623448745108,-0.5442301167844078,1.4546744978616943,-2.0969062784136847,891.25
714,1.4651957982194894,-1.2801830900562439,1.8207164212246327,-0.5434609423562515,1.4549289358291222,-2.103937455382474,892.5
715,1.465195799526106,-1.2801830858248575,1.8207164261145712,-0.5434609543968825,1.4549289318409846,-2.119250863024351,893.75
716,1.4651958016859725,-1.2801830788302808,1.8207164341977493,-0.5434609743003164,1.4549289252485031,-2.14456427066625,895.0
717,1.4651958046990892,-1.2801830690725136,1.8207164454741678,-0.5434610020665533,1.4549289160516778,-2.1798776783081575,896.25
718,1.4651958085654557,-1.2801830565515562,1.8207164599438257,-0.5434610376955935,1.4549289042505091,-2.225191085950065,897.5
719,1.4651958130680622,-1.2801830410250281,1.8207164767035562,-0.543461077445779,1.454928888097036,-2.2805044805335895,898.75
720,1.4651958182967113,-1.2801830225932291,1.8207164961271045,-0.5434611228654685,1.454928868314591,-2.345817870231627,900.0
721,1.4651958208184743,-1.280183000998588,1.8207165180094276,-0.5434611700343116,1.4549288565186616,-2.421131251572609,901.25
722,1.465195819976262,-1.2801829761772598,1.8207165422540208,-0.5434612179772003,1.454928854772891,-2.50644462468486,902.5
723,1.4651958190652281,-1.2801829484357694,1.8207165693105858,-0.5434612714407423,1.4549288530706588,-2.6017579877367694,903.75
724,1.4651958125719393,-1.2801829190588578,1.8207165997974906,-0.543461330321329,1.4549288458864893,-2.7070713439860565,905.0
725,1.4651957953740185,-1.2801828892389588,1.8207166342804793,-0.5434613944898875,1.4549288281624457,-2.822384691815394,906.25
726,1.4651957766851014,-1.280182856834072,1.8207166717574528,-0.5434614642378529,1.4549288089045826,-2.9476980309058867,907.5
727,1.4651957398951767,-1.280182828621749,1.8207167105152395,-0.5434615309467196,1.4549287715144057,-3.0830113639467793,908.75
728,1.4651956996119382,-1.280182798640494,1.820716752057631,-0.5434616021844388,1.4549287305866894,-3.2283246965947066,910.0
729,1.4651956412825584,-1.2801827765766283,1.8207167911944862,-0.5434616629627746,1.4549286717109382,-3.3836380229175926,911.25
730,1.4651955762807427,-1.2801827558386996,1.8207168310185673,-0.5434617230530102,1.454928606170025,-3.5487438663346342,912.5
731,1.4651955019996168,-1.280182746538948,1.8207168623544923,-0.5434617631464878,1.4549285315338119,-3.7111763744551056,913.75
732,1.465195430286481,-1.280182742343535,1.8207168878991147,-0.5434617923620431,1.4549284595645142,-3.863608882575681,915.0
733,1.4651953598114953,-1.2801827462581605,1.820716905090908,-0.5434618051220615,1.4549283889834042,-4.006041390696375,916.25
734,1.4651952943953697,-1.2801827534249253,1.8207169175707882,-0.5434618099543918,1.4549283235327815,-4.138473898817259,917.5
735,1.465195234133947,-1.2801827668918373,1.820716922309848,-0.5434618007821641,1.4549282633639489,-4.260906406938257,918.75
736,1.4651951787945359,-1.280182779258798,1.8207169266618248,-0.5434617923591002,1.4549282081095656,-4.3733389150593664,920.0
737,1.4651951323881365,-1.28018279747679,1.8207169225867987,-0.5434617697221904,1.4549281619166377,-4.475771423180564,921.25
738,1.4651950908183469,-1.2801828144468352,1.8207169182958802,-0.5434617481530367,1.4549281205498614,-4.568203931301858,922.5
739,1.46519505374587,-1.280182829580939,1.8207169144691804,-0.5434617289173852,1.4549280836584342,-4.650636439423238,923.75
740,1.4651950256004822,-1.280182846176015,1.8207169065385873,-0.5434617041819546,1.45492805574299,-4.723068947544675,925.0
741,1.4651950024488436,-1.2801828613046307,1.8207168985602775,-0.5434616809021673,1.4549280328072718,-4.785501455666163,926.25
742,1.4651949830054714,-1.2801828740100492,1.820716891859875,-0.5434616613511721,1.4549280135452356,-4.837933963787685,927.5
743,1.465194967270366,-1.2801828842922716,1.8207168864373808,-0.5434616455289691,1.4549279979568814,-4.880366471909225,928.75
744,1.4651949552435268,-1.2801828921512994,1.820716882292797,-0.5434616334355591,1.4549279860422093,-4.912798980030769,930.0
745,1.4651949469249546,-1.2801828975871326,1.8207168794261237,-0.5434616250709416,1.4549279778012192,-4.935231488152282,931.25
746,1.4652010026773001,-1.2801304578297523,1.8206451648517878,-0.5434423564515773,1.4549341425544153,-4.947730712686161,932.5
747,1.4655849878448202,-1.2768076770570822,1.816101420427072,-0.5422217876591671,1.4553250313080421,-4.952550831331422,933.75
748,1.4659634112170488,-1.2735330511270655,1.8116235299472336,-0.5410189126884216,1.4557102563332653,-4.947673573895997,935.0
749,1.4659683577762528,-1.2734902783357314,1.811565046175016,-0.5410032078911354,1.4557152869730825,-4.935102693675485,936.25
750,1.4659683649149382,-1.2734902732055735,1.8115650498237403,-0.5410032186417746,1.4557152855502247,-4.9125872744212415,937.5
751,1.4659683752242003,-1.2734902657969067,1.8115650550930096,-0.5410032341672035,1.4557152834954188,-4.880071855166953,938.75
752,1.4659683887040387,-1.2734902561097312,1.8115650619828234,-0.5410032544674223,1.4557152808086644,-4.837556435912697,940.0
753,1.4659684054294349,-1.2734902443091802,1.811565071088944,-0.5410032819593384,1.4557152780843732,-4.78504102711615,941.25
754,1.465968425439954,-1.2734902304823852,1.811565082725725,-0.5410033179182349,1.4557152756361864,-4.722525631120377,942.5
755,1.4659684508094122,-1.2734902151209748,1.8115650939193637,-0.541003354081923,1.4557152810894487,-4.650010238832756,943.75
756,1.465968487719148,-1.273490200164459,1.8115650980688267,-0.5410033745613811,1.455715318198183,-4.567494859338082,945.0
757,1.4659685291206153,-1.2734901833882355,1.8115651027009991,-0.541003397455088,1.455715359959997,-4.474979486460443,946.25
758,1.4659685753825464,-1.273490165434698,1.8115651070250534,-0.5410034212171437,1.4557154067061586,-4.3724641206920865,947.5
759,1.4659686303910162,-1.2734901531442995,1.8115651026712576,-0.5410034295365329,1.4557154616813233,-4.25994876563756,948.75
760,1.4659686902877265,-1.2734901397608,1.811565097927642,-0.541003438583467,1.4557155215365734,-4.137433418601864,950.0
761,1.4659687553025833,-1.273490132736757,1.8115650853729142,-0.5410034335187562,1.4557155866037566,-4.004918077639539,951.25
762,1.4659688253367382,-1.2734901288574927,1.8115650682101974,-0.5410034207504217,1.4557156567423957,-3.8624027388675364,952.5
763,1.4659688965514774,-1.2734901331494208,1.811565042617807,-0.5410033913895749,1.455715728214314,-3.7098874045205195,953.75
764,1.4659689703636458,-1.2734901424083895,1.8115650113376467,-0.5410033513927597,1.4557158023813048,-3.547372076520614,955.0
765,1.4659690347936791,-1.2734901631305093,1.8115649715402136,-0.5410032913438748,1.4557158673512125,-3.3823300102329656,956.25
766,1.465969092560054,-1.2734901851396332,1.8115649324684568,-0.5410032306842515,1.4557159256640766,-3.22710428775122,957.5
767,1.4659691325457966,-1.273490214920015,1.8115648910463273,-0.5410031597702738,1.455715966292877,-3.0818785652693697,958.75
768,1.465969168923771,-1.2734902429985746,1.81156485238784,-0.5410030932955205,1.4557160032738212,-2.9466528427871883,960.0
769,1.4659691874827734,-1.2734902751769996,1.8115648150192212,-0.5410030238785389,1.455716022465443,-2.8214271203047088,961.25
770,1.465969204559732,-1.273490304785784,1.811564780634696,-0.5410029600049057,1.455716040124503,-2.706201397822184,962.5
771,1.4659692108605515,-1.2734903339012134,1.811564749968471,-0.5410029002635847,1.4557160469712374,-2.600975675339618,963.75
772,1.4659692117239598,-1.2734903613306288,1.8115647225988065,-0.5410028454651054,1.4557160483361407,-2.5057499528570277,965.0
773,1.4659692124966983,-1.2734903858795767,1.811564698103325,-0.5410027964212134,1.4557160495577104,-2.42052423037443,966.25
774,1.4659692080209716,-1.2734904078337368,1.8115646777459793,-0.5410027540720959,1.45571604547033,-2.3452985078918163,967.5
775,1.4659691994891193,-1.2734904271270695,1.8115646612345795,-0.5410027182004078,1.4557160372681468,-2.2800727854092093,968.75
776,1.4659691922653173,-1.2734904434624679,1.8115646472546034,-0.5410026878283425,1.455716030323471,-2.224847062926627,970.0
777,1.4659691863495654,-1.2734904568399315,1.8115646358060498,-0.5410026629558997,1.4557160246363028,-2.1796213404440965,971.25
778,1.465969181741864,-1.2734904672594622,1.8115646268889212,-0.5410026435830799,1.455716020206642,-2.14439561796154,972.5
779,1.4659691784422129,-1.2734904747210605,1.8115646205032179,-0.5410026297098833,1.4557160170344885,-2.1191698954789864,973.75
780,1.465969176450612,-1.2734904792247266,1.8115646166489399,-0.5410026213363099,1.4557160151198423,-2.103944172996421,975.0
781,1.4662141356615672,-1.271344577189192,1.808614229361253,-0.5401983871873849,1.4559655046050595,-2.09697682468414,976.25
782,1.4666683185777385,-1.2673658367043428,1.803143894039189,-0.53870725842429,1.4564280861939312,-2.099216381952465,977.5
783,1.4667323528529987,-1.266804887343908,1.8023726566201548,-0.5384970379442628,1.4564933011762342,-2.1095359806883454,978.75
784,1.46673235452428,-1.2668048819708322,1.8023726628750154,-0.5384970532719872,1.4564932961397603,-2.1292349379493647,980.0
785,1.4667323570439725,-1.266804873870162,1.8023726723050997,-0.538497076380694,1.4564932885465653,-2.1589338952103994,981.25
786,1.466732360412076,-1.2668048630418982,1.802372684910409,-0.5384971072703835,1.4564932783966493,-2.1986328524714205,982.5
787,1.4667323645829455,-1.2668048494338153,1.802372700497273,-0.5384971451431128,1.456493265317843,-2.248331808854572,983.75
788,1.4667323693421248,-1.266804832800545,1.802372718155779,-0.5384971862499224,1.45649324756159,-2.3080307608190282,985.0
789,1.4667323748985006,-1.2668048133810839,1.8023727387722108,-0.5384972342424156,1.456493226831038,-2.377729712783472,986.25
790,1.4667323745224907,-1.266804790525414,1.8023727613798743,-0.5384972792432925,1.4564932239723132,-2.4574286491478015,987.5
791,1.4667323736555453,-1.2668047647552805,1.8023727867507258,-0.5384973291988429,1.4564932222256093,-2.5471275815483327,988.75
792,1.4667323727203474,-1.2668047361018477,1.8023728149211402,-0.5384973846281618,1.4564932205227386,-2.646826504303448,990.0
793,1.4667323594705044,-1.2668047074157482,1.802372847260823,-0.5384974452559882,1.4564932067069738,-2.7565254176377088,991.25
794,1.466732341857302,-1.2668046768489534,1.8023728828976187,-0.53849751132575,1.4564931885498544,-2.8762243234167455,992.5
795,1.4667323161397454,-1.2668046464362606,1.8023729208241546,-0.5384975794789948,1.4564931622503636,-3.00592322218972,993.75
796,1.4667322779349394,-1.2668046179659322,1.8023729605832597,-0.5384976474334172,1.4564931234280374,-3.1456221170660896,995.0
797,1.466732231133685,-1.266804591289438,1.8023730011492338,-0.5384977143359082,1.4564930760199246,-3.2953210093458902,996.25
798,1.4667321708329255,-1.2668045696119954,1.8023730408163028,-0.5384977752375093,1.456493015169528,-3.4550198949427973,997.5
799,1.466732102186116,-1.2668045548411726,1.802373076140558,-0.5384978248263359,1.4564929460782994,-3.618535865228681,998.75
800,1.4667320327274846,-1.2668045461135908,1.802373105711029,-0.5384978626108788,1.456492876283778,-3.7725084484657274,1000.0
801,1.4667319638510672,-1.2668045468415268,1.802373125721286,-0.5384978813820681,1.4564928072459056,-3.9164810317028556,1001.25
802,1.4667318984611855,-1.2668045504542604,1.802373141818764,-0.5384978933809551,1.4564927417561833,-4.050453614940018,1002.5
803,1.4667318381540215,-1.266804560200995,1.8023731502980445,-0.5384978916640893,1.4564926814742765,-4.1744261981772635,1003.75
804,1.4667317828185231,-1.2668045725590984,1.8023731546888977,-0.5384978832837743,1.456492626224417,-4.288398781414508,1005.0
805,1.4667317327971006,-1.2668045846288958,1.8023731577662898,-0.5384978739177877,1.456492576296845,-4.392371364651778,1006.25
806,1.4667316911095565,-1.2668046016483039,1.8023731534224008,-0.5384978522417195,1.4564925348148354,-4.486343947889087,1007.5
807,1.4667316538581516,-1.2668046168566058,1.8023731495407591,-0.5384978328722881,1.456492497747093,-4.5703165311264025,1008.75
808,1.4667316210428853,-1.2668046302538027,1.8023731461213657,-0.5384978158094937,1.4564924650936175,-4.644289114363733,1010.0
809,1.4667315958741192,-1.2668046442322638,1.8023731398233476,-0.5384977953434182,1.4564924401166763,-4.708261697601042,1011.25
810,1.4667315761324162,-1.2668046571380602,1.8023731329563717,-0.5384977754215319,1.4564924205609486,-4.762234280838326,1012.5
811,1.4667315600484412,-1.2668046676526803,1.802373127361704,-0.5384977591907579,1.4564924046284913,-4.806206864075579,1013.75
812,1.466731547622194,-1.2668046757761227,1.8023731230393423,-0.5384977466510953,1.4564923923193045,-4.840179447312863,1015.0
813,1.4667315388536752,-1.2668046815083889,1.8023731199892892,-0.5384977378025451,1.4564923836333885,-4.864152030550124,1016.25
814,1.4667315337428843,-1.2668046848494794,1.8023731182115452,-0.5384977326451075,1.4564923785707435,-4.8781246137873975,1017.5
815,1.4666436242167518,-1.2675668513551812,1.8034573120061363,-0.5388196693996984,1.4564025708304436,-4.88268841310195,1018.75
816,1.466535195327744,-1.2685069473881738,1.804794617927054,-0.5392167676447156,1.4562918005451402,-4.878504898685254,1020.0
817,1.4664990623724448,-1.2688202618751119,1.8052403199457572,-0.5393491180017063,1.4562548872015801,-4.864863449260139,1021.25
818,1.4664364417953588,-1.2693632546588152,1.8060127482563764,-0.5395784891025095,1.4561909141648672,-4.84122199983503,1022.5
819,1.4663473335964865,-1.270135925739285,1.807111902858912,-0.5399048809471254,1.456099881435002,-4.807580550409912,1023.75
820,1.4662310990087097,-1.2711385780550162,1.808535218782056,-0.5403254245602686,1.4559811630668036,-4.763939010679437,1025.0
821,1.466087356609079,-1.2723713918122943,1.8102811630535027,-0.5408384061270698,1.45583438529709,-4.710297358279084,1026.25
822,1.4659168174212813,-1.273834029540706,1.8123525902646658,-0.5414470188953436,1.4556602448785496,-4.646655705878711,1027.5
823,1.4657185635362002,-1.2755269806667486,1.8147459426304153,-0.542147215340449,1.4554578423355342,-4.573013921325601,1028.75
824,1.4654926679585667,-1.2774502057495327,1.8174615020888194,-0.5429393168662827,1.4552272492093294,-4.489372039014018,1030.0
825,1.4652386396657846,-1.2796040005113969,1.8204974432489105,-0.5438212012507109,1.4549679839287857,-4.395730004055986,1031.25
826,1.4649565207879758,-1.2819883407336303,1.823853925526484,-0.5447930521778445,1.4546800877957633,-4.292087844523037,1032.5
827,1.46464497911896,-1.2846040485393442,1.8275260457317382,-0.5458491427617657,1.4543622542158263,-4.178445393817922,1033.75
828,1.464304491064608,-1.2874508794766937,1.8315156741568386,-0.5469915883005511,1.4540149500633814,-4.054802741814199,1035.0
829,1.4639343914790837,-1.2905292744956594,1.8358204349321112,-0.5482175711781414,1.4536375227928637,-3.921159824123391,1036.25
830,1.463533974129909,-1.2938397428263886,1.8404379025952022,-0.5495241558390122,1.453229279257682,-3.7775165764262773,1037.5
831,1.46310226180873,-1.2973830305319585,1.845364820027008,-0.5509073378903285,1.4527892600547196,-3.623872908832715,1038.75
832,1.4626432624391048,-1.3011251450523929,1.850553307676496,-0.5523532344311051,1.4523215555600741,-3.4617117776236466,1040.0
833,1.4621984329614575,-1.3047263037017174,1.8555312189271238,-0.5537295244942968,1.4518684178145342,-3.30576908240379,1041.25
834,1.4617790488832334,-1.3080989069912814,1.8601797063821348,-0.5550049719568368,1.4514413141841747,-3.1598260117043058,1042.5
835,1.461385778150667,-1.3112425031584758,1.8645011359505164,-0.5561823952943354,1.451040900019699,-3.023882629391973,1043.75
836,1.461019306553165,-1.314156588188774,1.8684978400780736,-0.5572646318089621,1.4506678484735986,-2.8979389979395966,1045.0
837,1.4606800058758898,-1.3168408892276673,1.8721710842288226,-0.5582532202754787,1.4503225244771463,-2.7819951421574936,1046.25
838,1.460367736572265,-1.3192955796006745,1.8755205660670504,-0.5591476848315329,1.4500047905252742,-2.676051038631355,1047.5
839,1.4600841472633508,-1.321519264393922,1.8785514484178214,-0.5599545853161373,1.4497162662233207,-2.5801068484263174,1048.75
840,1.459828449812202,-1.3235126449526242,1.8812613475000697,-0.5606708355843846,1.4494561770454544,-2.4941624744028448,1050.0
841,1.45960215599234,-1.3252744012827444,1.8836548975366656,-0.5613023917964775,1.4492260084668127,-2.418218065255973,1051.25
842,1.459404322485926,-1.326805385776308,1.8857292774969996,-0.5618455793047974,1.4490248333607854,-2.3522735107598223,1052.5
843,1.4592364889556928,-1.3281042078865988,1.8874890932031367,-0.5623063964775422,1.448854164959605,-2.2963289562636997,1053.75
844,1.4590983077832314,-1.3291711898825946,1.8889333253554073,-0.5626835012909674,1.4487136615482967,-2.2503843670144437,1055.0
845,1.4589895689235737,-1.330006526832777,1.8900613587231467,-0.5629760831709543,1.4486031166472912,-2.2144397053475906,1056.25
846,1.4589110818049575,-1.3306094685088232,1.8908755670844943,-0.5631872671836589,1.4485233259378345,-2.188495043680707,1057.5
847,1.4588628464273832,-1.3309800149107323,1.8913759504394485,-0.5633170533290811,1.4484742894199263,-2.172550382013836,1058.75
848,1.4587943426303749,-1.3315054517547662,1.8920849981135606,-0.5635005924256032,1.4484046520540272,-2.1663270457538175,1060.0
849,1.458631220649135,-1.3327557652854871,1.8937716962808844,-0.5639368066988074,1.4482388352738023,-2.168936993815245,1061.25
850,1.4586311344269547,-1.3327558438788836,1.8937714441112343,-0.5639364761491065,1.4482387506438172,-2.1807070090894713,1062.5
851,1.4586309749489814,-1.3327559892465315,1.8937709776940717,-0.5639358647589026,1.4482385941107951,-2.2024770243637057,1063.75
852,1.4586307422152152,-1.3327562013884313,1.8937702970293957,-0.5639349725281957,1.448238365674735,-2.2342470396379484,1065.0
853,1.4586304361403362,-1.3327564802326424,1.8937694018588225,-0.5639337983713162,1.44823806467029,-2.276017026126969,1066.25
854,1.4586300567757335,-1.33275682582259,1.893768292337985,-0.5639323429426559,1.4482376914985742,-2.327787008562884,1067.5
855,1.458629661187131,-1.3327571837324421,1.8937671378652665,-0.5639308301951239,1.4482373023065997,-2.3895569888244084,1068.75
856,1.4586296604799311,-1.332757161734243,1.8937671587935903,-0.563930872812747,1.448237301048441,-2.4613269532743876,1070.0
857,1.4586296596767043,-1.3327571366698936,1.8937671826349067,-0.5639309213577993,1.4482372996348427,-2.5430969161055548,1071.25
858,1.4586296587848586,-1.3327571085362881,1.8937672093802613,-0.5639309757988344,1.448237298124421,-2.6348668730980243,1072.5
859,1.4586296475404867,-1.3327570796714792,1.8937672399216887,-0.5639310349741845,1.4482372863175246,-2.736636822409877,1073.75
860,1.4586296299084445,-1.3327570491730523,1.89376727391872,-0.5639310993486795,1.4482372681317663,-2.84840676527845,1075.0
861,1.458629608366027,-1.3327570169001348,1.8937673107294108,-0.5639311682875648,1.448237245995038,-2.97017670142626,1076.25
862,1.458629569722677,-1.3327569882461083,1.8937673490590365,-0.5639312350106538,1.4482372067606706,-3.1019466289889364,1077.5
863,1.4586295275705894,-1.33275695779403,1.89376739010736,-0.5639313062266271,1.4482371639776832,-3.2437165527439094,1078.75
864,1.458629466104978,-1.3327569358733267,1.8937674286578834,-0.5639313662761003,1.4482371019827727,-3.3954864753239224,1080.0
865,1.4586293979775977,-1.3327569153122583,1.8937674678470022,-0.56393142555787,1.4482370333336587,-3.557256390233061,1081.25
866,1.4586293196296247,-1.3327569056446993,1.8937674996702016,-0.563931466506396,1.4482369546286584,-3.719162550266315,1082.5
867,1.4586292436857065,-1.332756902065046,1.8937675250293338,-0.56393149491812,1.4482368784393205,-3.8710691776096544,1083.75
868,1.4586291693800106,-1.332756906300887,1.893767542508928,-0.563931507644221,1.4482368040279918,-4.012975804953074,1085.0
869,1.4586291004446097,-1.3327569145536782,1.8937675546288177,-0.5639315110299834,1.4482367350697272,-4.14488243229649,1086.25
870,1.4586290369413926,-1.3327569288157366,1.8937675594832657,-0.5639315011772779,1.4482366716611923,-4.266789059639989,1087.5
871,1.4586289786473439,-1.332756941907874,1.8937675639394966,-0.5639314921327883,1.4482366134540592,-4.378695686983502,1088.75
872,1.4586289300372561,-1.3327569615686956,1.8937675593703598,-0.5639314675599054,1.4482365650684135,-4.480602314327066,1090.0
873,1.4586288862889591,-1.332756979458852,1.8937675550727342,-0.5639314450634476,1.4482365215255126,-4.57250894167065,1091.25
874,1.4586288473007434,-1.3327569954024485,1.893767551242714,-0.5639314250147411,1.4482364827203444,-4.654415569014227,1092.5
875,1.4586288180610538,-1.3327570130983928,1.893767542932427,-0.5639313988007475,1.4482364537176746,-4.726322196357819,1093.75
876,1.458628793760488,-1.3327570289805388,1.893767534912161,-0.5639313747253697,1.4482364296345198,-4.78822882370142,1095.0
877,1.4586287733852803,-1.332757042297183,1.893767528187435,-0.5639313545389735,1.4482364094416034,-4.840135451044963,1096.25
878,1.45862875693543,-1.3327570530483261,1.8937675227582504,-0.5639313382415594,1.448236393138925,-4.882042078388488,1097.5
879,1.4586287444109374,-1.33275706123397,1.8937675186246092,-0.5639313258331278,1.4482363807264858,-4.913948705732024,1098.75
880,1.4586287358118024,-1.3327570668541142,1.893767515786511,-0.5639313173136786,1.448236372204285,-4.935855333075559,1100.0
881,1.4586424683356285,-1.3326494231274804,1.8936267149988169,-0.5638981746847673,1.4482502996488005,-4.9478903281556965,1101.25
882,1.4590996349664496,-1.329066995483776,1.8889409909860972,-0.5627953597192495,1.4487139517354524,-4.952161724682604,1102.5
883,1.4594916197441559,-1.3259953658429566,1.8849233820279139,-0.5618497936778484,1.4491114950511446,-4.946779375892052,1103.75
884,1.4594921205880005,-1.3259914724172706,1.8849182958927249,-0.5618486027283932,1.449111997584946,-4.933542239870608,1105.0
885,1.4594921283014906,-1.3259914668195563,1.8849182997406455,-0.5618486143455235,1.449111995904022,-4.910310110439123,1106.25
886,1.4594921393351628,-1.325991458812371,1.8849183052448586,-0.5618486309631121,1.4491119934995633,-4.8770779810076474,1107.5
887,1.459492153689017,-1.325991448395714,1.8849183124053643,-0.5618486525811595,1.4491119903715706,-4.833845851576212,1108.75
888,1.459492171461794,-1.3259914357658884,1.8849183219430627,-0.5618486821861597,1.449111987264522,-4.780613725189637,1110.0
889,1.459492192672862,-1.325991420961397,1.8849183339993534,-0.5618487203638936,1.4491119843244427,-4.717381601639022,1111.25
890,1.4594922203339735,-1.3259914047579084,1.8849183448202678,-0.5618487568694829,1.449111992652356,-4.644149482984551,1112.5
891,1.4594922597272764,-1.3259913887633172,1.8849183490443477,-0.5618487785471504,1.4491120322688935,-4.560917376032506,1113.75
892,1.4594923038774716,-1.3259913708383708,1.884918353751782,-0.5618488027473125,1.4491120768356711,-4.467685276409824,1115.0
893,1.4594923535006004,-1.3259913522460478,1.8849183574549462,-0.5618488265159164,1.4491121269437333,-4.364453183698386,1116.25
894,1.459492412065526,-1.3259913390989537,1.8849183529500018,-0.5618488355439865,1.4491121854761682,-4.251221100869702,1117.5
895,1.4594924758016634,-1.3259913247899335,1.8849183480439624,-0.5618488453556508,1.4491122491709114,-4.127989026662892,1118.75
896,1.459492544974318,-1.3259913180397263,1.884918334384914,-0.5618488389197386,1.4491123184063,-3.9947569581711617,1120.0
897,1.4594926194308995,-1.3259913138177029,1.884918316793153,-0.5618488260699911,1.4491123929676515,-3.8515248912732525,1121.25
898,1.4594926946899434,-1.3259913192246606,1.8849182898148107,-0.5618487942094985,1.4491124685027237,-3.698292829246098,1122.5
899,1.459492773108556,-1.3259913289393852,1.8849182578244668,-0.5618487530509092,1.44911254728079,-3.53506077354631,1123.75
900,1.4594928400905838,-1.3259913516585773,1.8849182167891794,-0.5618486897595557,1.449112614821671,-3.37058275561327,1125.0
901,1.45949289971785,-1.3259913754955,1.8849181768253493,-0.561848626370172,1.4491126750094943,-3.2160633028037817,1126.25
902,1.4594929417953044,-1.3259914067423801,1.8849181349092068,-0.5618485534938509,1.4491127177343492,-3.0715438499942844,1127.5
903,1.4594929788116309,-1.3259914367063166,1.8849180956813276,-0.5618484845536369,1.4491127553634218,-2.9370243971846888,1128.75
904,1.45949299831773,-1.3259914704790396,1.8849180579133125,-0.5618484131410086,1.4491127755063502,-2.8125049443750725,1130.0
905,1.4594930162573192,-1.3259915015395103,1.8849180231783913,-0.5618483474634384,1.4491127940316253,-2.697985491565418,1131.25
906,1.459493021746853,-1.325991532330653,1.884917992312129,-0.5618482858367915,1.4491128000719877,-2.5934660387557233,1132.5
907,1.4594930226407024,-1.3259915610894772,1.8849179647115246,-0.561848229476464,1.4491128014700558,-2.498946585946032,1133.75
908,1.4594930234399843,-1.3259915868056615,1.884917940031014,-0.5618481790789647,1.449112802720211,-2.4144271331362965,1135.0
909,1.4594930179453984,-1.3259916098307145,1.8849179197352628,-0.5618481357139791,1.4491127976142737,-2.3399076803265517,1136.25
910,1.4594930090092222,-1.3259916300029109,1.8849179031503858,-0.5618480988893486,1.4491127890086068,-2.275388227516807,1137.5
911,1.4594930014580818,-1.325991647048576,1.8849178891360308,-0.5618480677722417,1.4491127817367493,-2.220868774707093,1138.75
912,1.4594929952919777,-1.3259916609677103,1.8849178776921973,-0.5618480423626584,1.449112775798702,-2.176349321897438,1140.0
913,1.4594929905109095,-1.325991671760316,1.8849178688188881,-0.5618480226605989,1.4491127711944638,-2.1418298690877577,1141.25
914,1.4594929871148772,-1.3259916794263926,1.8849178625161032,-0.561848008666063,1.4491127679240356,-2.1173104162780794,1142.5
915,1.4594929851038807,-1.3259916839659414,1.8849178587838427,-0.5618480003790509,1.449112765987417,-2.102790963468404,1143.75
916,1.4598077918777943,-1.3234942581499551,1.8816315822970962,-0.5610594795899363,1.4494321817407636,-2.0964205211912943,1145.0
917,1.4603012340727988,-1.3195796904053019,1.8764805464472163,-0.5598235292064997,1.4499328470215274,-2.099458485032272,1146.25
918,1.460344191025129,-1.3192389092952441,1.8760321326450407,-0.5597159437235982,1.4499764289045471,-2.1104348391581786,1147.5
919,1.4603441928139413,-1.3192389033553122,1.8760321393222086,-0.5597159604606018,1.4499764232483716,-2.1310284952578327,1148.75
920,1.460344195471377,-1.31923889453103,1.8760321492417185,-0.5597159853248673,1.4499764148456344,-2.1616221513574865,1150.0
921,1.4603441989974355,-1.3192388828223975,1.8760321624035705,-0.5597160183163947,1.449976403696335,-2.202215807457113,1151.25
922,1.460344203312717,-1.3192388681477696,1.8760321784978051,-0.5597160581293094,1.4499763891843551,-2.2528094587213565,1152.5
923,1.4603442082263194,-1.319238850310846,1.8760321967791853,-0.5597161016238933,1.4499763698283572,-2.313403095996252,1153.75
924,1.4603442137549234,-1.3192388295107678,1.8760322180464823,-0.5597161519942151,1.4499763479178456,-2.383996732759932,1155.0
925,1.460344212929905,-1.3192388050553838,1.8760322411924035,-0.5597161984858262,1.4499763462138338,-2.464590353456103,1156.25
926,1.4603442120154846,-1.3192387775611198,1.8760322671979415,-0.5597162507049035,1.4499763444021163,-2.55518397012231,1157.5
927,1.4603442110284495,-1.319238747022185,1.8760322960471552,-0.5597163085981328,1.449976342616984,-2.655777578482228,1158.75
928,1.460344195535174,-1.3192387168082498,1.8760323293082821,-0.5597163717834294,1.4499763265772017,-2.7663711763877825,1160.0
929,1.4603441767871561,-1.3192386842955268,1.8760323657781468,-0.5597164406328953,1.4499763072778589,-2.8869647669763276,1161.25
930,1.4603441478658197,-1.3192386526117514,1.8760324044218617,-0.5597165107634096,1.4499762777666971,-3.017558350967469,1162.5
931,1.4603441072237113,-1.3192386223892552,1.8760324450850547,-0.5597165813729197,1.4499762364959268,-3.158151931761358,1163.75
932,1.4603440559724117,-1.319238595066568,1.8760324860699655,-0.5597166493277366,1.4499761846407075,-3.308745509456962,1165.0
933,1.4603439918649834,-1.3192385721136763,1.876032526628228,-0.559716712392862,1.4499761199747505,-3.469339080509121,1166.25
934,1.4603439169203962,-1.3192385576722112,1.8760325622218046,-0.5597167619034517,1.4499760445946075,-3.6354211862475303,1167.5
935,1.4603438419604942,-1.3192385483515998,1.8760325929347816,-0.5597168014112368,1.4499759692889502,-3.7925812701235646,1168.75
936,1.4603437666871648,-1.319238551109373,1.8760326122168112,-0.5597168174045366,1.4499758938809064,-3.939741353999653,1170.0
937,1.460343695898972,-1.319238555103074,1.8760326290141427,-0.5597168297085062,1.4499758229905801,-4.07690143787583,1171.25
938,1.4603436305625908,-1.319238568153086,1.8760326355851236,-0.5597168227660094,1.449975757724134,-4.204061521752033,1172.5
939,1.4603435704100947,-1.3192385816477912,1.876032640222799,-0.5597168134819248,1.4499756976619786,-4.321221605628253,1173.75
940,1.46034351748722,-1.319238597622472,1.8760326403900849,-0.559716797297801,1.4499756448905168,-4.428381689504514,1175.0
941,1.460343471904644,-1.3192386162689582,1.8760326358717703,-0.5597167738073302,1.4499755995240584,-4.525541773380837,1176.25
942,1.46034343101356,-1.3192386329962889,1.876032631818487,-0.5597167527345652,1.4499755588268486,-4.612701857257141,1177.5
943,1.4603433967237152,-1.3192386492246035,1.8760326263195588,-0.5597167307617967,1.449975524738182,-4.689861941133472,1178.75
944,1.460343370741551,-1.3192386662228532,1.876032617667707,-0.5597167049245069,1.4499754989909024,-4.7570220250098,1180.0
945,1.4603433486280784,-1.3192386806900978,1.876032610304098,-0.559716682934337,1.44997547707734,-4.814182108886095,1181.25
946,1.4603433303832971,-1.3192386926263349,1.8760326042287292,-0.5597166647912863,1.4499754589974956,-4.861342192762361,1182.5
947,1.460343316007207,-1.319238702031568,1.8760325994416043,-0.5597166504953556,1.4499754447513686,-4.89850227663861,1183.75
948,1.4603433054998087,-1.3192387089057969,1.8760325959427233,-0.5597166400465451,1.4499754343389593,-4.925662360514885,1185.0
949,1.4603432988611016,-1.3192387132490213,1.876032593732086,-0.5597166334448547,1.4499754277602677,-4.942822444391158,1186.25
950,1.4605201359612772,-1.3178184649134395,1.8741526135191733,-0.5592570859850265,1.4501549355117187,-4.9512070739370575,1187.5
951,1.4610427352750563,-1.3136213353173931,1.8685968921787324,-0.5578990394323777,1.4506854264805944,-4.950828526455496,1188.75
952,1.4611826430436632,-1.3124977213770659,1.8671095737585968,-0.5575354816947306,1.4508274435134063,-4.941874979075325,1190.0
953,1.4611826489282635,-1.3124977171133294,1.8671095767062365,-0.5575354905552288,1.450827442271704,-4.92394695972478,1191.25
954,1.4611826580952125,-1.3124977104713402,1.8671095812980292,-0.5575355043579899,1.4508274403373975,-4.896018940374232,1192.5
955,1.4611826705445097,-1.3124977014510983,1.8671095875339747,-0.5575355231030139,1.4508274377104868,-4.858090921023695,1193.75
956,1.4611826862761548,-1.3124976900526033,1.8671095954140726,-0.5575355467903006,1.4508274343909722,-4.810162901673156,1195.0
957,1.4611827054805047,-1.3124976766624834,1.8671096063548913,-0.5575355812611261,1.450827431832566,-4.752234886935425,1196.25
958,1.4611827280026584,-1.312497660966124,1.8671096192037129,-0.5575356217622128,1.4508274288523244,-4.684306872234064,1197.5
959,1.4611827619805813,-1.3124976454683828,1.8671096255778448,-0.5575356477756397,1.4508274563765178,-4.606378870233616,1198.75
960,1.4611828030023761,-1.3124976288076948,1.8671096300117016,-0.5575356703829403,1.4508274976438236,-4.518450872893455,1200.0
961,1.461182848727533,-1.3124976102382742,1.8671096349108156,-0.557535695429231,1.4508275439103187,-4.420522887287376,1201.25
962,1.4611829020604703,-1.3124975949303712,1.8671096341736777,-0.5575357108685395,1.4508275974413452,-4.312594909020597,1202.5
963,1.4611829621825216,-1.3124975814473165,1.8671096295079241,-0.5575357200831378,1.4508276575268708,-4.194666938640341,1203.75
964,1.4611830274769608,-1.3124975692809677,1.8671096220702892,-0.5575357252438718,1.4508277228083477,-4.066738975816409,1205.0
965,1.4611830981535874,-1.3124975653121933,1.8671096052252507,-0.5575357128675364,1.4508277935861744,-3.928811017905792,1206.25
966,1.4611831728271818,-1.312497563604896,1.8671095850480541,-0.5575356949259186,1.4508278684104274,-3.7808830613697904,1207.5
967,1.461183247616885,-1.3124975729362853,1.8671095542702942,-0.5575356553449539,1.4508279435470972,-3.622955111754882,1208.75
968,1.461183321142287,-1.3124975883793903,1.867109518011066,-0.5575356041603579,1.4508280175240769,-3.456670259037989,1210.0
969,1.4611833844877427,-1.3124976110993531,1.8671094777590898,-0.5575355416321723,1.4508280814244765,-3.296849329827929,1211.25
970,1.461183433847873,-1.3124976389571477,1.867109436673564,-0.5575354730322015,1.4508281313958906,-3.1470284006178275,1212.5
971,1.4611834739801863,-1.3124976688389085,1.8671093963457899,-0.5575354031000945,1.4508281721525988,-3.0072074714076535,1213.75
972,1.4611835012045589,-1.3124977006901979,1.8671093579027929,-0.557535332991233,1.4508282000045338,-2.8773865421974385,1215.0
973,1.4611835197105476,-1.3124977327969578,1.8671093217617323,-0.5575352648669534,1.4508282191212922,-2.757565612987159,1216.25
974,1.4611835338061383,-1.3124977628667676,1.867109288858841,-0.5575352019870059,1.4508282337809986,-2.6477446837768808,1217.5
975,1.461183534739978,-1.3124977928619164,1.8671092598717696,-0.5575351430042254,1.4508282352454906,-2.547923754566569,1218.75
976,1.461183535580266,-1.3124978198521648,1.8671092337886006,-0.5575350899303042,1.450828236563271,-2.4581028253562485,1220.0
977,1.4611835357997132,-1.3124978438671238,1.8671092107350085,-0.5575350428575591,1.4508282372062837,-2.378281896145902,1221.25
978,1.4611835262695294,-1.3124978654193744,1.8671091928866832,-0.5575350033842432,1.4508282280324707,-2.30846096693554,1222.5
979,1.461183518104292,-1.3124978838848356,1.8671091775946582,-0.557534969564435,1.4508282201725633,-2.248640037725209,1223.75
980,1.4611835113040015,-1.3124978992635046,1.8671091648589302,-0.5575349413981344,1.450828213626562,-2.1988191085149267,1225.0
981,1.4611835058686573,-1.312497911555384,1.8671091546795024,-0.5575349188853413,1.4508282083944666,-2.158998179304644,1226.25
982,1.46118350179826,-1.3124979207604748,1.8671091470563754,-0.557534902026056,1.450828204476277,-2.129177250094349,1227.5
983,1.461183499092809,-1.3124979268787769,1.8671091419895496,-0.5575348908202785,1.4508282018719936,-2.1093563208840425,1228.75
984,1.4612478446307924,-1.3119747502849397,1.8664125421969184,-0.5573615344213465,1.4508935493925497,-2.0989713876917624,1230.0
985,1.4617418562071822,-1.3079581343917153,1.8610645453361754,-0.5560306664487156,1.4513952529841012,-2.09668849948802,1231.25
986,1.4620111920474785,-1.3057682734629517,1.8581488205535284,-0.5553050836063083,1.4516687801086436,-2.103635406278801,1232.5
987,1.4620111933651616,-1.3057682691213872,1.858148825461535,-0.5553050958547769,1.4516687760083609,-2.118877682221633,1233.75
988,1.4620111955473376,-1.305768261931453,1.8581488335895378,-0.5553051161390988,1.4516687692180055,-2.1441199581644512,1235.0
989,1.462011198594006,-1.3057682518931486,1.858148844937537,-0.5553051444592736,1.451668759737578,-2.179362234107256,1236.25
990,1.462011202505167,-1.3057682390064742,1.858148859505532,-0.5553051808153013,1.4516687475670775,-2.224604510050061,1237.5
991,1.4620112070530689,-1.3057682230317518,1.858148876387014,-0.5553052214069666,1.4516687309168026,-2.2798467695968654,1238.75
992,1.4620112123281648,-1.3057682040641694,1.8581488959420072,-0.5553052677435397,1.4516687104975377,-2.3450890228146575,1240.0
993,1.4620112149197815,-1.305768181845993,1.858148917954527,-0.5553053158685117,1.4516686981605424,-2.4203312677973816,1241.25
994,1.462011214057878,-1.3057681563015107,1.8581489423055482,-0.5553053646101052,1.4516686963782335,-2.5055735044140257,1242.5
995,1.4620112131261722,-1.3057681277493978,1.8581489694829765,-0.5553054189686588,1.4516686946404582,-2.600815731193852,1243.75
996,1.4620112065746766,-1.3057680974854269,1.858149000102253,-0.5553054788316945,1.451668687387056,-2.7060579511978515,1245.0
997,1.462011188908421,-1.305768066791329,1.8581490347634366,-0.5553055440527419,1.4516686691932168,-2.8213001627725944,1246.25
998,1.46201116970964,-1.3057680334348014,1.858149072436002,-0.5553056149484893,1.4516686494239959,-2.946542365581012,1247.5
999,1.462011132034062,-1.3057680043457935,1.858149111426409,-0.5553056827680584,1.4516686111451402,-3.081784562455199,1248.75
1000,1.4620110906389798,-1.3057679734878156,1.8581491532067145,-0.5553057551209629,1.4516685691023388,-3.22702675897255,1250.0
1001,1.4620110308142416,-1.3057679507062578,1.8581491926281728,-0.5553058169025618,1.4516685087275847,-3.382268949235921,1251.25
1002,1.4620109640938173,-1.3057679292666275,1.858149232781319,-0.5553058780241371,1.4516684414639893,-3.547324351937341,1252.5
1003,1.4620108876787763,-1.3057679197022303,1.8581492643667654,-0.555305918630811,1.4516683646922384,-3.709833175481368,1253.75
1004,1.4620108139448895,-1.305767915300728,1.8581492902061423,-0.555305948346447,1.4516682906995808,-3.8623419990254346,1255.0
1005,1.4620107414376575,-1.3057679193541682,1.8581493075629343,-0.5553059611313276,1.4516682180862044,-4.004850822569574,1256.25
1006,1.4620106741291152,-1.3057679266773452,1.8581493202546433,-0.5553059660177265,1.4516681507421314,-4.137359646113753,1257.5
1007,1.4620106121222471,-1.3057679405744023,1.8581493250766516,-0.5553059564968412,1.4516680888290687,-4.259868469657951,1258.75
1008,1.4620105551767995,-1.3057679533370827,1.8581493295050482,-0.5553059477531134,1.4516680319697697,-4.37237729320221,1260.0
1009,1.4620105073850391,-1.3057679720714894,1.8581493255132795,-0.5553059246814264,1.4516679843922886,-4.474886116746502,1261.25
1010,1.462010464600807,-1.3057679895779404,1.8581493212336073,-0.5553059025858211,1.4516679418128908,-4.567394940290793,1262.5
1011,1.462010426441456,-1.3057680051919804,1.858149317416555,-0.5553058828787013,1.4516679038362321,-4.64990376383513,1263.75
1012,1.4620103974230418,-1.3057680222801062,1.8581493095041695,-0.5553058576670589,1.451667875049019,-4.722412587379445,1265.0
1013,1.462010373584303,-1.3057680378893946,1.8581493014944657,-0.5553058338742523,1.4516678514280184,-4.784921410923791,1266.25
1014,1.4620103535592242,-1.305768051001548,1.8581492947661318,-0.555305813887757,1.4516678315858444,-4.83743023446805,1267.5
1015,1.4620103373478048,-1.3057680616165666,1.8581492893191685,-0.555305797707573,1.451667815522497,-4.879939058012306,1268.75
1016,1.4620103249500453,-1.3057680697344525,1.8581492851535775,-0.5553057853337011,1.4516678032379762,-4.912447881556588,1270.0
1017,1.4620103163659457,-1.3057680753552052,1.858149282269359,-0.5553057767661409,1.451667794732282,-4.934956705100854,1271.25
1018,1.462015735033494,-1.3057234379564626,1.8580894988082624,-0.5552906362756751,1.4516733004726743,-4.947521239544405,1272.5
1019,1.4624203865181296,-1.3023927343574855,1.8536290746444706,-0.5541613340320101,1.452084445358707,-4.952365622372173,1273.75
1020,1.4628217625058602,-1.299089017200205,1.849204794824076,-0.5530411867549447,1.4524922602106596,-4.9475167082328175,1275.0
1021,1.4628266608798255,-1.2990487292974768,1.849150847955525,-0.553027533988594,1.4524972322037928,-4.93493539420262,1276.25
1022,1.462826668191221,-1.2990487240087496,1.8491508516342126,-0.5530275449969011,1.4524972307076012,-4.912405311146188,1277.5
1023,1.4628266787477866,-1.2990487163726154,1.8491508569456894,-0.5530275608912565,1.4524972285473234,-4.879875228089752,1278.75
1024,1.4628266925495221,-1.2990487063890743,1.8491508638899554,-0.55302758167166,1.4524972257229598,-4.837345145033326,1280.0
1025,1.4628267096763208,-1.2990486942239645,1.8491508730729258,-0.5530276098246303,1.4524972228524224,-4.78481506865303,1281.25
1026,1.462826730170054,-1.2990486799641996,1.849150884812155,-0.5530276466533293,1.452497220259553,-4.722285000363727,1282.5
1027,1.462826756192749,-1.2990486641258832,1.8491508960855594,-0.553027683666792,1.4524972258357882,-4.6497549358151335,1283.75
1028,1.4628267941504576,-1.2990486487060888,1.8491509002263056,-0.553027704633255,1.4524972640035234,-4.567224884115322,1285.0
1029,1.462826836727182,-1.29904863141057,1.8491509048481123,-0.5530277280703431,1.452497306957084,-4.474694838966533,1286.25
1030,1.4628268843063739,-1.2990486129098289,1.8491509091454288,-0.5530277523848273,1.4524973550397486,-4.372164800855451,1287.5
1031,1.4628269408691552,-1.2990486002370851,1.8491509047189898,-0.553027761014231,1.4524974115696125,-4.259634773446999,1288.75
1032,1.4628270024576178,-1.2990485864374062,1.8491508998962818,-0.5530277703982983,1.4524974731168678,-4.137104754027833,1290.0
1033,1.4628270693067171,-1.2990485792015487,1.8491508872057723,-0.5530277654103163,1.4524975400184872,-4.0045747406216385,1291.25
1034,1.462827141314845,-1.2990485751923626,1.8491508698914356,-0.5530277526213065,1.452497612131023,-3.862044729321303,1292.5
1035,1.4628272145276717,-1.299048579617034,1.8491508440905156,-0.5530277229199773,1.4524976856021619,-3.7095147224400873,1293.75
1036,1.4628272904163244,-1.2990485891432133,1.8491508125834424,-0.5530276824297908,1.452497761847099,-3.5469847219354187,1295.0
1037,1.4628273566322454,-1.2990486104950254,1.8491507725178804,-0.553027621483204,1.4524978286057693,-3.3819488832101205,1296.25
1038,1.4628274159912054,-1.2990486331699989,1.8491507331931907,-0.5530275599047514,1.4524978885141144,-3.226732647821076,1297.5
1039,1.4628274570898259,-1.29904866384011,1.849150691529657,-0.553027487859294,1.4524979302592498,-3.0815164124320127,1298.75
1040,1.4628274944579203,-1.2990486927666287,1.8491506526447097,-0.553027420309618,1.4524979682336696,-2.9463001770428656,1300.0
1041,1.4628275135291002,-1.2990487259104566,1.849150615074647,-0.5530273497251038,1.4524979879410644,-2.821083941653653,1301.25
1042,1.4628275310772205,-1.2990487564073503,1.849150580504992,-0.5530272847775997,1.45249800607459,-2.705867706264443,1302.5
1043,1.4628275375269786,-1.299048786402364,1.8491505496836471,-0.5530272240006724,1.4524980130734821,-2.6006514708751913,1303.75
1044,1.4628275384083236,-1.2990488146566848,1.8491505221786861,-0.5530271682412198,1.452498014459294,-2.5054352354859195,1305.0
1045,1.4628275391971062,-1.2990488399436158,1.8491504975624042,-0.5530271183378542,1.4524980156995626,-2.4202190000966306,1306.25
1046,1.4628275345748132,-1.2990488625592593,1.8491504771136085,-0.553027075235004,1.4524980114679318,-2.3450027647073197,1307.5
1047,1.4628275258004013,-1.2990488824335258,1.8491504605295903,-0.5530270387091114,1.4524980030252153,-2.2797865293180215,1308.75
1048,1.4628275183714234,-1.2990488992603495,1.849150446488499,-0.5530270077839549,1.4524979958770716,-2.2245702939287524,1310.0
1049,1.462827512287879,-1.2990489130397296,1.849150434990333,-0.5530269824595343,1.4524979900235007,-2.179354058539516,1311.25
1050,1.4628275075497683,-1.299048923771669,1.8491504260350957,-0.55302696273585,1.4524979854645026,-2.144137823150268,1312.5
1051,1.462827504157091,-1.2990489314561675,1.849150419622787,-0.5530269486129018,1.4524979822000774,-2.118921587761009,1313.75
1052,1.4628275021098476,-1.2990489360932251,1.849150415753407,-0.5530269400906899,1.452497980230225,-2.103705352371752,1315.0
1053,1.463087838513227,-1.296879616574637,1.8462286852044705,-0.5522747970898136,1.4527626201918977,-2.096776693824228,1316.25
1054,1.4635683578175906,-1.2928755781505499,1.8408358883672076,-0.5508865339176386,1.4532510818270643,-2.099070629095304,1317.5
1055,1.4636326967955762,-1.2923394631178744,1.840113834539225,-0.5507006633726474,1.4533164807206458,-2.109453438608302,1318.75
1056,1.4636326984984551,-1.2923394575496743,1.8401138408729314,-0.5507006791076502,1.4533164755007029,-2.129251879665384,1320.0
1057,1.463632701061442,-1.29233944916903,1.8401138504057317,-0.5507007027902497,1.4533164676442176,-2.159050320722467,1321.25
1058,1.4636327044845368,-1.2923394379759425,1.8401138631376257,-0.5507007344204462,1.4533164571511903,-2.1988487617795647,1322.5
1059,1.463632708716636,-1.2923394239153536,1.840113878861245,-0.5507007731333787,1.453316443615008,-2.2486471987253553,1323.75
1060,1.4636327135353078,-1.2923394067476195,1.8401138966740003,-0.5507008151646569,1.453316425265848,-2.3084456165249447,1325.0
1061,1.4636327191597989,-1.2923393867089508,1.8401139174655559,-0.5507008642247627,1.4533164038481852,-2.37824403432455,1326.25
1062,1.4636327187058922,-1.2923393631283138,1.8401139401989508,-0.5507009099735887,1.4533164011131232,-2.458042436317568,1327.5
1063,1.4636327178180126,-1.2923393365517484,1.8401139657139716,-0.5507009608451635,1.4533163993310885,-2.547840834416195,1328.75
1064,1.4636327168608894,-1.2923393070051152,1.8401139940411795,-0.5507010172846609,1.4533163975935954,-2.6476392231055645,1330.0
1065,1.4636327030918388,-1.2923392774595295,1.8401140265886737,-0.550701078984825,1.4533163832575546,-2.757437602263127,1331.25
1066,1.4636326849799404,-1.2923392459431144,1.8401140624383086,-0.550701146217347,1.453316364599555,-2.877235973911062,1332.5
1067,1.463632658369383,-1.2923392146550499,1.8401141005788908,-0.5507012154591723,1.4533163374044038,-3.007034338636511,1333.75
1068,1.4636326190784628,-1.2923391853056563,1.8401141405877572,-0.5507012845426138,1.4533162974922176,-3.1468326995983222,1335.0
1069,1.4636325707911084,-1.292339157910006,1.8401141813608626,-0.5507013523701885,1.4533162485958777,-3.296631057946525,1336.25
1070,1.4636325087763424,-1.2923391355680023,1.8401142212938457,-0.5507014142018254,1.4533161860284372,-3.456429409591674,1337.5
1071,1.4636324368138012,-1.29233912032436,1.8401142572924365,-0.5507014649271796,1.4533161136154398,-3.622718178966858,1338.75
1072,1.463632363577448,-1.292339111106707,1.840114287834104,-0.5507015041590595,1.4533160400331522,-3.7806681872336148,1340.0
1073,1.4636322904688637,-1.2923391126926507,1.840114307880558,-0.55070152209062,1.4533159667719076,-3.9286181955004116,1341.25
1074,1.463632221260617,-1.2923391165311804,1.8401143245951999,-0.5507015344654748,1.4533158974608886,-4.066568203767266,1342.5
1075,1.4636321573284872,-1.2923391283907462,1.840114331988264,-0.550701529534054,1.453315833582308,-4.1945182120341755,1343.75
1076,1.4636320984632438,-1.292339141572229,1.8401143366060124,-0.5507015205417372,1.4533157748067667,-4.312468220301133,1345.0
1077,1.4636320462757015,-1.292339156570108,1.8401143374943016,-0.550701506051437,1.4533157227579,-4.420418228568102,1346.25
1078,1.4636320016089048,-1.2923391748505586,1.8401143329850669,-0.5507014829346781,1.4533156783070265,-4.518368236835111,1347.5
1079,1.4636319615022706,-1.2923391912647006,1.8401143289361868,-0.5507014621779746,1.4533156383942707,-4.606318245102113,1348.75
1080,1.4636319273504923,-1.29233920685434,1.8401143239275304,-0.550701441329238,1.4533156044363864,-4.68426825336914,1350.0
1081,1.4636319017999846,-1.2923392235962838,1.8401143152644022,-0.5507014157356535,1.453315579121646,-4.752218261636199,1351.25
1082,1.463631880009669,-1.292339237874366,1.8401143078762006,-0.5507013939086004,1.4533155575324008,-4.810168269903208,1352.5
1083,1.4636318619795454,-1.2923392496885835,1.840114301762922,-0.5507013758480773,1.45331553966865,-4.858118278170176,1353.75
1084,1.4636318477096135,-1.2923392590389395,1.840114296924571,-0.550701361554086,1.4533155255303938,-4.896068286437142,1355.0
1085,1.4636318371998738,-1.292339265925434,1.8401142933611476,-0.5507013510266265,1.4533155151176325,-4.9240182947041475,1356.25
1086,1.4636318304503262,-1.2923392703480672,1.8401142910726516,-0.5507013442656988,1.4533155084303662,-4.941968302971136,1357.5
1087,1.4637640467575308,-1.2912239262352592,1.8386036200985296,-0.5503061529788681,1.4534499753801526,-4.950967062079905,1358.75
1088,1.4642561835644126,-1.2870724778580303,1.8329807316273001,-0.5488352176907181,1.45395048882763,-4.951426475262097,1360.0
1089,1.464426159441471,-1.285638657737897,1.8310387120733003,-0.5483271933171564,1.4541233547484773,-4.94312018331886,1361.25
1090,1.4644261649092865,-1.2856386537896292,1.8310387148376703,-0.5483272015509297,1.4541233536613214,-4.926079186316396,1362.5
1091,1.4644261735857267,-1.2856386475244388,1.831038719224229,-0.5483272146164473,1.4541233519362011,-4.899038189313915,1363.75
1092,1.4644261854707907,-1.2856386389423253,1.8310387252329752,-0.5483272325137087,1.4541233495731158,-4.861997192311458,1365.0
1093,1.4644262005644793,-1.2856386280432888,1.83103873286391,-0.5483272552427143,1.454123346572066,-4.814956195309013,1366.25
1094,1.4644262190288746,-1.2856386151712853,1.8310387433696529,-0.548327287918312,1.4541233442024555,-4.757915217906445,1367.5
1095,1.4644262407497286,-1.2856386000838655,1.8310387558672558,-0.5483273269351403,1.454123341569504,-4.690874242614573,1368.75
1096,1.4644262725816821,-1.2856385849092664,1.8310387629879,-0.54832735421339,1.454123364816624,-4.613833278528697,1370.0
1097,1.4644263120569532,-1.2856385688705372,1.8310387673322428,-0.5483273760591826,1.4541234045079183,-4.526792319790874,1371.25
1098,1.4644263561041568,-1.2856385509753276,1.8310387721366252,-0.5483274002830806,1.4541234490620938,-4.4297513733545415,1372.5
1099,1.4644264071372493,-1.285638535537442,1.8310387722439863,-0.5483274167874699,1.4541235003349602,-4.322710433572571,1373.75
1100,1.4644264651508672,-1.285638522549881,1.8310387676631414,-0.5483274255892199,1.4541235583123346,-4.205669501869938,1375.0
1101,1.464426528163977,-1.285638509874593,1.83103876129507,-0.5483274323215979,1.4541236212997883,-4.07862857807121,1376.25
1102,1.4644265964396945,-1.2856385061007862,1.8310387447310408,-0.5483274200268838,1.4541236896761898,-3.941587659802783,1377.5
1103,1.4644266691110797,-1.285638503381725,1.831038725839755,-0.5483274043822933,1.454123762477773,-3.7945467424046297,1378.75
1104,1.464426741422229,-1.2856385125048146,1.831038695548486,-0.548327365492171,1.4541238351324124,-3.63750583199705,1380.0
1105,1.4644268138966394,-1.2856385264402903,1.8310386605324585,-0.5483273170650205,1.4541239080371087,-3.4714692544928565,1381.25
1106,1.4644268758317378,-1.2856385487807809,1.8310386204717908,-0.5483272551096083,1.4541239705271556,-3.3107665766871834,1382.5
1107,1.4644269255361335,-1.2856385752215096,1.8310385800507736,-0.5483271886037027,1.4541240208296515,-3.1600638988814556,1383.75
1108,1.4644269648090367,-1.2856386045832013,1.8310385398822375,-0.5483271193527632,1.4541240607271204,-3.01936122107566,1385.0
1109,1.4644269929614349,-1.2856386352672136,1.8310385017238024,-0.5483270507083922,1.4541240895001546,-2.8886585432698095,1386.25
1110,1.464427011094006,-1.2856386668230493,1.8310384656870982,-0.5483269832408257,1.4541241082440863,-2.7679558654639673,1387.5
1111,1.4644270262535286,-1.2856386960937547,1.831038432751856,-0.5483269211387225,1.454124123966568,-2.657253187658042,1388.75
1112,1.4644270271759638,-1.285638725600639,1.8310384038056249,-0.5483268626858009,1.4541241254207886,-2.5565505098521117,1390.0
1113,1.4644270280067992,-1.2856387521774204,1.8310383777338146,-0.5483268100373845,1.4541241267306018,-2.4658478320461374,1391.25
1114,1.4644270287460346,-1.285638775824101,1.8310383545364282,-0.5483267631934731,1.4541241278960073,-2.38514515424017,1392.5
1115,1.464427019802244,-1.28563879707079,1.8310383365403275,-0.54832672388091,1.4541241193112355,-2.3144424764342,1393.75
1116,1.4644270117502027,-1.285638815333032,1.8310383211800945,-0.5483266901958095,1.4541241115668762,-2.2537397986282235,1395.0
1117,1.464427005024634,-1.2856388305867974,1.831038308350263,-0.5483266620599041,1.4541241050983025,-2.2030371208222896,1396.25
1118,1.464426999625537,-1.2856388428320886,1.831038298050836,-0.5483266394731939,1.454124099905514,-2.1623344430163893,1397.5
1119,1.4644269955529126,-1.2856388520689066,1.8310382902818143,-0.5483266224356789,1.4541240959885111,-2.1316317652104773,1398.75
1120,1.4644269928067601,-1.2856388582972516,1.8310382850431977,-0.548326610947359,1.4541240933472934,-2.110929087404554,1400.0
1121,1.464462756361296,-1.2853334373300729,1.830622299566297,-0.5482160829709772,1.4541604835946642,-2.0998688793863294,1401.25
1122,1.4649086116120358,-1.2815259428362962,1.8254365549074028,-0.5468382884077501,1.4546141506197798,-2.0966617516815917,1402.5
1123,1.4652106422091666,-1.2789466802939717,1.821923647679636,-0.5459049535246245,1.4549214709232736,-2.102909159190873,1403.75
1124,1.4652106434294851,-1.278946676333276,1.8219236522152693,-0.5459049647401363,1.4549214672345165,-2.117173846839032,1405.0
1125,1.4652106455052853,-1.2789466695960057,1.8219236599305257,-0.5459049838180787,1.4549214609598236,-2.1414385344871913,1406.25
1126,1.4652106484365677,-1.2789466600821617,1.8219236708254056,-0.545905010758452,1.4549214520991947,-2.1757032221353656,1407.5
1127,1.465210652223332,-1.278946647791744,1.8219236848999087,-0.5459050455612559,1.4549214406526298,-2.219967909783512,1408.75
1128,1.4652106566815664,-1.2789466325217207,1.821923701392847,-0.5459050850686548,1.4549214251378522,-2.2742325859212196,1410.0
1129,1.4652106618405276,-1.278946614304372,1.8219237204252463,-0.5459051297827303,1.4549214057905353,-2.3384972550919354,1411.25
1130,1.4652106650403867,-1.2789465929850052,1.8219237420130598,-0.5459051773558155,1.4549213920290016,-2.412761917645278,1412.5
1131,1.4652106642085125,-1.2789465683630408,1.8219237658514948,-0.5459052247119953,1.4549213903043374,-2.4970265702317844,1413.75
1132,1.4652106633036288,-1.2789465408098706,1.821923792493137,-0.5459052776024528,1.454921388588433,-2.5912912140747304,1415.0
1133,1.4652106584280364,-1.2789465112342073,1.821923822374512,-0.5459053359456014,1.454921382992169,-2.695555851023144,1416.25
1134,1.465210641386731,-1.278946481545079,1.8219238564023599,-0.5459053995282822,1.4549213654292505,-2.809820479302217,1417.5
1135,1.46521062285449,-1.2789464492587606,1.8219238934121431,-0.5459054686915604,1.4549213463328423,-2.934085097901452,1418.75
1136,1.4652105880989599,-1.278946420402467,1.8219239319032456,-0.5459055357921826,1.454921310980448,-3.068349711072142,1420.0
1137,1.465210548107047,-1.278946390480402,1.8219239729921228,-0.5459056065194519,1.454921270349037,-3.212614323200316,1421.25
1138,1.4652104918377915,-1.2789463673381911,1.821924012307169,-0.5459056685701551,1.4549212135217748,-3.366878929775508,1422.5
1139,1.4652104284775898,-1.27894634516742,1.8219240527833902,-0.5459057307579387,1.4549211496033676,-3.5311281830824846,1423.75
1140,1.4652103537179655,-1.2789463357151223,1.8219240842419249,-0.545905771123347,1.4549210744864685,-3.694609276539938,1425.0
1141,1.465210282107981,-1.278946330071075,1.8219241110482094,-0.5459058030504975,1.4549210025957442,-3.8480903699974878,1426.25
1142,1.465210211115109,-1.2789463339824818,1.8219241283484677,-0.5459058159186226,1.4549209314959584,-3.9915714634550734,1427.5
1143,1.4652101451462114,-1.278946340051672,1.8219241420492007,-0.545905823065763,1.4549208654716081,-4.125052556912741,1428.75
1144,1.4652100843694678,-1.2789463536508903,1.8219241468591427,-0.5459058138284775,1.454920804788154,-4.248533650370424,1430.0
1145,1.465210028514671,-1.278946366148783,1.8219241512795479,-0.5459058053392619,1.4549207490190927,-4.362014743828146,1431.25
1146,1.4652099811564807,-1.2789463837696897,1.8219241481746051,-0.5459057842627977,1.454920701860242,-4.465495837285896,1432.5
1147,1.4652099391156443,-1.2789464009777716,1.8219241438908114,-0.5459057624593358,1.4549206600245916,-4.5589769307436665,1433.75
1148,1.4652099015720637,-1.2789464163450417,1.821924140065266,-0.5459057429882654,1.4549206226642473,-4.642458024201452,1435.0
1149,1.4652098723931064,-1.2789464327650784,1.821924132724634,-0.5459057190103676,1.4549205937084133,-4.7159391176592464,1436.25
1150,1.465209848852913,-1.2789464481983859,1.8219241246694682,-0.5459056953461707,1.4549205703876453,-4.779420211117041,1437.5
1151,1.4652098290209408,-1.2789464612005261,1.8219241178832082,-0.5459056754097283,1.4549205507405334,-4.832901304574822,1438.75
1152,1.4652098128971898,-1.2789464717714991,1.8219241123658545,-0.5459056592010406,1.4549205347670768,-4.876382398032554,1440.0
1153,1.4652098004816596,-1.278946479911307,1.8219241081174098,-0.5459056467201082,1.454920522467276,-4.909863491490297,1441.25
1154,1.465209791774351,-1.2789464856199493,1.8219241051378736,-0.5459056379669311,1.454920513841131,-4.933344584948024,1442.5
1155,1.4652098790771027,-1.278945690939653,1.8219230106477438,-0.5459053382137682,1.4549206028544794,-4.946825909168806,1443.75
1156,1.4655465727254235,-1.2760349295094982,1.8179368069835409,-0.5448302388124827,1.4552633663955072,-4.952496631375715,1445.0
1157,1.465963828676445,-1.2724277269437227,1.8129968524126976,-0.5434979120402057,1.4556881429972626,-4.948553817362842,1446.25
1158,1.4659830332355024,-1.2722617312641133,1.8127695318101178,-0.5434366076959738,1.4557076892861787,-4.936886464022895,1447.5
1159,1.4659830400450908,-1.2722617263559415,1.8127695352707027,-0.5434366179538276,1.455707687967846,-4.915423310972509,1448.75
1160,1.4659830500273672,-1.27226171916098,1.812769540343625,-0.543436632990967,1.455707686035283,-4.883960157922106,1450.0
1161,1.4659830631823312,-1.2722617096792284,1.812769547028885,-0.5434366528073922,1.4557076834884897,-4.842497004871741,1451.25
1162,1.4659830795669904,-1.272261698034407,1.8127695557753962,-0.5434366792267077,1.4557076807795108,-4.7910338598739575,1452.5
1163,1.4659830992543343,-1.2722616843849153,1.8127695671579107,-0.5434367145837016,1.4557076784871077,-4.729570730199267,1453.75
1164,1.4659831232703429,-1.2722616688720563,1.8127695791911775,-0.5434367527927839,1.4557076801383102,-4.6581076024962345,1455.0
1165,1.4659831597090345,-1.272261654065908,1.812769583237367,-0.5434367729962353,1.4557077167743397,-4.576644489319204,1456.25
1166,1.4659832006354758,-1.272261637436606,1.8127695877642727,-0.5434367956260647,1.4557077580306208,-4.4851813814222,1457.5
1167,1.465983246058534,-1.272261618980762,1.8127695927622738,-0.5434368206499302,1.4557078039812383,-4.383718280970615,1458.75
1168,1.4659833004550753,-1.2722616066198607,1.8127695886290205,-0.5434368292849655,1.4557078583575351,-4.272255192008659,1460.0
1169,1.465983359836628,-1.2722615933348622,1.8127695838968552,-0.543436838242422,1.4557079176984573,-4.150792110267595,1461.25
1170,1.4659834242997865,-1.2722615852529748,1.812769572556851,-0.5434368354422018,1.4557079821986314,-4.01932903495709,1462.5
1171,1.4659834938159255,-1.2722615814336695,1.8127695555388668,-0.5434368227545925,1.4557080518185406,-3.877865962486986,1463.75
1172,1.465983565127563,-1.2722615844255172,1.8127695313128713,-0.5434367960607756,1.455708123362565,-3.7264028937666036,1465.0
1173,1.4659836384608071,-1.2722615937151531,1.8127695003141509,-0.5434367563109535,1.4557081970482268,-3.564939831513188,1466.25
1174,1.4659837044400743,-1.272261613258574,1.8127694614666745,-0.5434366984021707,1.4557082635472627,-3.399241531793111,1467.5
1175,1.465983763849789,-1.2722616347318694,1.8127694226904159,-0.5434366385858874,1.4557083234952264,-3.242963675503106,1468.75
1176,1.4659838045431695,-1.2722616646116214,1.8127693812680823,-0.5434365675773618,1.4557083648321314,-3.0966858192130178,1470.0
1177,1.4659838420646933,-1.2722616927043955,1.8127693425434475,-0.5434365010305173,1.4557084029568395,-2.9604079629228903,1471.25
1178,1.4659838616739402,-1.272261724940812,1.8127693051085478,-0.5434364314968865,1.45570842319935,-2.834130106632707,1472.5
1179,1.46598387890654,-1.2722617549616073,1.812769270553796,-0.5434363670419784,1.4557084410191052,-2.717852250342498,1473.75
1180,1.4659838868381978,-1.2722617841495198,1.8127692395923645,-0.5434363069449075,1.4557084494994672,-2.611574394052262,1475.0
1181,1.4659838877110791,-1.2722618120030238,1.8127692120460082,-0.5434362515455842,1.4557084508791478,-2.515296537761976,1476.25
1182,1.4659838884932976,-1.2722618369634893,1.812769187360777,-0.5434362019003696,1.4557084521155266,-2.429018681471703,1477.5
1183,1.4659838850684788,-1.272261859257064,1.812769166544365,-0.5434361587604254,1.4557084490859857,-2.3527408251813933,1478.75
1184,1.4659838763990796,-1.2722618789407476,1.8127691498507619,-0.543436122315084,1.4557084407514094,-2.2864629688911107,1480.0
1185,1.465983869037719,-1.2722618956545575,1.8127691356758884,-0.543436091368614,1.4557084336743535,-2.2301851126008247,1481.25
1186,1.4659838629843966,-1.272261909398492,1.8127691240197423,-0.5434360659210151,1.455708427854818,-2.1839072563106043,1482.5
1187,1.4659838582391131,-1.2722619201725534,1.8127691148823268,-0.5434360459722878,1.4557084232928033,-2.1476294000203584,1483.75
1188,1.4659838548018682,-1.2722619279767422,1.8127691082636423,-0.543436031522432,1.4557084199883088,-2.1213515437301007,1485.0
1189,1.4659838526726618,-1.2722619328110583,1.8127691041636886,-0.543436022571448,1.4557084179413349,-2.1050736874398606,1486.25
1190,1.466180036671725,-1.270544954330077,1.810404989776327,-0.5427890857865867,1.4559082398108054,-2.097320167996438,1487.5
1191,1.4666468086175881,-1.266459839003656,1.8047801915384047,-0.5412498770079411,1.4563836664032348,-2.098506716432833,1488.75
1192,1.4667468631026375,-1.2655841821669016,1.8035745054374723,-0.5409199510879696,1.456485572941463,-2.1080382399217314,1490.0
1193,1.4667468646884836,-1.2655841770572316,1.8035745113316797,-0.540919965592978,1.4564855682093871,-2.126681494434335,1491.25
1194,1.4667468671249566,-1.2655841692068008,1.8035745203874636,-0.5409199878782847,1.4564855609390868,-2.1553247489469527,1492.5
1195,1.466746870412057,-1.2655841586156094,1.803574532604824,-0.5409200179438899,1.4564855511305623,-2.1939680034595574,1493.75
1196,1.4667468745334191,-1.2655841452651584,1.8035745479147516,-0.5409200555050727,1.4564855386503703,-2.242611257596413,1495.0
1197,1.4667468792213758,-1.2655841288528853,1.8035745651885464,-0.5409200959049836,1.4564855213159318,-2.301254505872618,1496.25
1198,1.4667468847087348,-1.2655841096419482,1.8035745854079137,-0.5409201431939927,1.4564855010255793,-2.3698977541488384,1497.5
1199,1.4667468850462781,-1.2655840870599335,1.803574607717115,-0.5409201886397095,1.45648549604058,-2.448540988573501,1498.75
1200,1.4667468841858495,-1.2655840614849665,1.8035746326792503,-0.5409202380205215,1.4564854942831762,-2.5371842186243008,1500.0
1201,1.4667468832603785,-1.2655840330131847,1.803574660424692,-0.5409202928637035,1.4564854925965527,-2.6358274376899273,1501.25
1202,1.4667468716809249,-1.2655840041123407,1.803574692147601,-0.540920352951767,1.4564854804209253,-2.744470648571718,1502.5
1203,1.4667468542232833,-1.2655839736716428,1.8035747273229008,-0.5409204184338401,1.4564854624238819,-2.863113851689306,1503.75
1204,1.4667468304507598,-1.2655839426479978,1.8035747649683964,-0.5409204869309191,1.4564854380726941,-2.9917570474416464,1505.0
1205,1.4667467925352389,-1.2655839142441807,1.8035748042790116,-0.5409205543725933,1.4564853995446403,-3.1304002386445475,1506.25
1206,1.4667467477177287,-1.2655838865247802,1.803574844985528,-0.540920622473918,1.4564853541092324,-3.2790434279324874,1507.5
1207,1.4667466878164341,-1.2655838648559898,1.8035748842616046,-0.5409206829790533,1.456485293662144,-3.4376866104171406,1508.75
1208,1.4667466202222907,-1.265583848570435,1.8035749205485518,-0.5409207350536526,1.456485225600832,-3.6016956007128127,1510.0
1209,1.466746550288406,-1.2655838396967174,1.8035749502457938,-0.5409207731078323,1.4564851553288578,-3.756723804647538,1511.25
1210,1.4667464814811872,-1.2655838390831105,1.803574971479549,-0.5409207944450616,1.4564850863367618,-3.9017520085823456,1512.5
1211,1.4667464155769427,-1.2655838426946708,1.8035749876865064,-0.5409208065509798,1.4564850203318844,-4.036780212517227,1513.75
1212,1.4667463547229402,-1.265583851438179,1.8035749973308448,-0.5409208069987202,1.4564849594834213,-4.161808416452134,1515.0
1213,1.4667462988756372,-1.2655838639263264,1.8035750017903505,-0.5409207985533412,1.4564849037224652,-4.2768366203870505,1516.25
1214,1.4667462479022197,-1.2655838753615538,1.8035750058243192,-0.5409207907717063,1.456484852828531,-4.381864824322022,1517.5
1215,1.466746205746912,-1.2655838926177063,1.8035750014882121,-0.5409207688632595,1.4564848108809347,-4.476893028257001,1518.75
1216,1.466746168027688,-1.2655839080579587,1.8035749976083992,-0.5409207492602799,1.4564847733475643,-4.561921232192024,1520.0
1217,1.4667461347445478,-1.2655839216823113,1.80357499418488,-0.5409207319627677,1.45648474022842,-4.636949436127026,1521.25
1218,1.46674610861887,-1.265583935529441,1.8035749883962269,-0.5409207121303752,1.4564847142888617,-4.701977640062042,1522.5
1219,1.46674608849129,-1.2655839487308294,1.8035749814444295,-0.5409206918251934,1.456484694350788,-4.757005843997038,1523.75
1220,1.466746072021394,-1.2655839595331952,1.8035749757559472,-0.5409206752099707,1.4564846780359608,-4.802034047931975,1525.0
1221,1.4667460592091826,-1.2655839679365375,1.8035749713307783,-0.5409206622847065,1.45648466534438,-4.837062251866934,1526.25
1222,1.4667460500546554,-1.265583973940858,1.8035749681689248,-0.5409206530494013,1.4564846562760452,-4.862090455801908,1527.5
1223,1.4667460445578129,-1.2655839775461566,1.8035749662703875,-0.5409206475040553,1.456484650830957,-4.87711865973685,1528.75
1224,1.4666836788912854,-1.2661241037656876,1.8043444507233455,-0.5411499421546015,1.4564209354840545,-4.882601361922305,1530.0
1225,1.466552018965728,-1.267264405591484,1.8059689752162134,-0.541634030627493,1.4562864260849875,-4.879359477464279,1531.25
1226,1.4665186934359262,-1.2675530712366894,1.80638022658799,-0.541756582415176,1.4562523791678061,-4.866775187892321,1532.5
1227,1.4664588860538026,-1.2680711226120578,1.807118275407827,-0.5419765189515027,1.4561912771538812,-4.844190898320368,1533.75
1228,1.4663725968193575,-1.2688185597175896,1.8081831216757234,-0.5422938402364734,1.4561031200432129,-4.811606608748434,1535.0
1229,1.4662593443787435,-1.2697956093928422,1.8095728369979338,-0.5427063902396635,1.4559874361186433,-4.7690222505866915,1536.25
1230,1.466118465548241,-1.271002583525926,1.8112847632601508,-0.5432111978603742,1.4558435754766226,-4.716437758801095,1537.5
1231,1.46595079577126,-1.272439088095095,1.8133222467739623,-0.5438120048154076,1.4556723568366188,-4.653853267015476,1538.75
1232,1.4657555913540057,-1.2741055174106757,1.8156824117636186,-0.5445055407691868,1.4554730514018603,-4.581268667511082,1540.0
1233,1.4655325995564725,-1.2760020049940075,1.8183642799513788,-0.5452906938378808,1.4552454114974829,-4.498683946090125,1541.25
1234,1.4652817021541835,-1.2781286407008619,1.8213674564499966,-0.5461669784858716,1.4549893209377127,-4.406099101469341,1542.5
1235,1.465002521874964,-1.2804856355268246,1.824690507632075,-0.5471327496493725,1.4547044098719812,-4.30351410314315,1543.75
1236,1.4646941946248981,-1.2830735364357913,1.828330299046408,-0.5481843249002293,1.454389830624983,-4.190928848360516,1545.0
1237,1.464356976656331,-1.2858922215761799,1.8322878552802018,-0.5493228509710294,1.454045834272612,-4.068343396670137,1546.25
1238,1.4639902039144252,-1.2889421270697063,1.8365608049832673,-0.5505455196032263,1.4536717693214853,-3.9357576829328447,1547.5
1239,1.4635928204379476,-1.2922239977920986,1.8411454987323403,-0.5518479352224649,1.4532665994191631,-3.793171597588071,1548.75
1240,1.4631645234372326,-1.2957381234030407,1.8460410707243573,-0.5532289419702434,1.4528300268510144,-3.6405851374395475,1550.0
1241,1.4627070085510658,-1.2994669541047639,1.8512209498528978,-0.5546795201582126,1.4523637982285345,-3.4787787730686257,1551.25
1242,1.4622596507806205,-1.3030875422108044,1.8562353407453993,-0.5560728624821138,1.4519080485547249,-3.3217789760567853,1552.5
1243,1.4618376887525155,-1.3064798873624648,1.860920072855719,-0.5573648144910094,1.4514782853378008,-3.174778799859253,1553.75
1244,1.4614417893799923,-1.309643542621786,1.865277507746344,-0.5585581854811149,1.4510751629336125,-3.0377783081758887,1555.0
1245,1.461072637394042,-1.3125780088583703,1.869309973472745,-0.5596558034717124,1.45069935347515,-2.9107775632196953,1556.25
1246,1.4607303183125102,-1.3152832598599837,1.873017848196738,-0.5606580729259102,1.4503509406386819,-2.793776559624668,1557.5
1247,1.4604152843975255,-1.3177589735337405,1.8764026887691743,-0.561566873334288,1.4500303683049047,-2.686775338372528,1558.75
1248,1.4601288760875526,-1.3200040160567637,1.8794686735852943,-0.562387518611806,1.4497389534131586,-2.589774025475944,1560.0
1249,1.4598700904561865,-1.3220192817995478,1.882212788689706,-0.5631160991433362,1.4494757102726923,-2.5027725040464457,1561.25
1250,1.4596408897475648,-1.3238030559493978,1.8846410163241605,-0.5637603144909472,1.4492425671427294,-2.4257709665847065,1562.5
1251,1.4594399290997588,-1.3253565497317632,1.8867493446308665,-0.5643149398371575,1.4490382021806634,-2.358769264814769,1563.75
1252,1.4592689618166732,-1.3266781846596012,1.88854300506332,-0.5647867873834668,1.4488643386770184,-2.301767563044895,1565.0
1253,1.4591277507625855,-1.3277681799011167,1.8900213040779374,-0.5651749441097736,1.44872074351187,-2.2547658378686544,1566.25
1254,1.4590158385404306,-1.328626958505958,1.8911829045487427,-0.5654776492457829,1.4486069670324504,-2.2177640290033045,1567.5
1255,1.4589341713861752,-1.3292536461316888,1.8920305742938823,-0.5656985461823307,1.448523939449614,-2.1907622201379393,1568.75
1256,1.45888274929982,-1.3296482427783094,1.8925643133133558,-0.5658376349194171,1.4484716607633612,-2.1737604112725877,1570.0
1257,1.458835454043026,-1.3300107529636893,1.8930543951001442,-0.5659651574066176,1.4484235798221166,-2.1665899700670503,1571.25
1258,1.4586475099790945,-1.3314498210225894,1.8949989730022885,-0.5664704728512473,1.4482325213029297,-2.168273121612289,1572.5
1259,1.4586474315362914,-1.3314498922877673,1.8949987441755707,-0.5664701729527968,1.448232444304959,-2.1789838951224603,1573.75
1260,1.4586472798561978,-1.331450030088922,1.8949983017072158,-0.5664695930573413,1.4482322954186495,-2.1996946686326364,1575.0
1261,1.4586470549388133,-1.3314502344260537,1.8949976455972248,-0.5664687331648806,1.4482320746440018,-2.2304054421428168,1576.25
1262,1.4586467567101307,-1.3314505052375336,1.8949967756228308,-0.5664675923380127,1.4482317814038037,-2.2711161903803125,1577.5
1263,1.4586463852014115,-1.3314508425494855,1.8949956918781397,-0.5664661709731731,1.448231415942234,-2.321826931098486,1578.75
1264,1.4586459461417374,-1.3314512409472066,1.8949944113265174,-0.5664644916562595,1.4482309840231395,-2.382537671547372,1580.0
1265,1.4586459454449976,-1.3314512191779821,1.8949944318543217,-0.5664645336505448,1.4482309827836826,-2.453248394286376,1581.25
1266,1.458645944650991,-1.3314511943295957,1.8949944552836562,-0.5664645815783046,1.4482309813789658,-2.533959116195945,1582.5
1267,1.458645943769407,-1.3314511663979902,1.8949944816027573,-0.5664646353981572,1.4482309798856698,-2.6246698314723083,1583.75
1268,1.4586459342013014,-1.3314511373445828,1.8949945115655014,-0.5664646941481138,1.4482309697420748,-2.725380540277315,1585.0
1269,1.4586459167365966,-1.3314511069894421,1.894994545103902,-0.5664647579215376,1.4482309517289003,-2.8360912422860944,1586.25
1270,1.4586458971735745,-1.3314510741063146,1.8949945816221785,-0.5664648271917536,1.448230931570817,-2.9568019377539096,1587.5
1271,1.458645858841433,-1.3314510455299438,1.8949946195052645,-0.5664648933929566,1.4482308926526444,-3.087512623785137,1588.75
1272,1.4586458175766728,-1.33145101476734,1.8949946602865955,-0.5664649646589228,1.4482308507568415,-3.228223306079734,1590.0
1273,1.4586457576955136,-1.3314509921030628,1.8949946988257749,-0.5664650254521416,1.4482307903399387,-3.37893398771925,1591.25
1274,1.4586456913877046,-1.3314509700593498,1.8949947386337846,-0.5664650868487379,1.44823072349169,-3.5396446612330257,1592.5
1275,1.4586456125896345,-1.3314509602371736,1.8949947705624355,-0.5664651280545336,1.4482306443346251,-3.702483285745119,1593.75
1276,1.4586455367544875,-1.3314509551194464,1.8949947972190748,-0.5664651593032578,1.4482305682289627,-3.85544904591385,1595.0
1277,1.4586454618952682,-1.3314509593524986,1.8949948148125095,-0.5664651721423961,1.448230493263302,-3.998414806082585,1596.25
1278,1.458645392369724,-1.3314509664425256,1.8949948281859583,-0.5664651779409061,1.4482304236935315,-4.131380566251417,1597.5
1279,1.458645328315688,-1.3314509808464225,1.8949948331139206,-0.5664651680162138,1.4482303597349007,-4.25434632642027,1598.75
1280,1.4586452694707472,-1.331450994078939,1.8949948376411156,-0.5664651588986293,1.448230300977606,-4.3673120865891715,1600.0
1281,1.4586452198461162,-1.331451013110553,1.8949948340653293,-0.5664651359415551,1.4482302515630523,-4.47027784675765,1601.25
1282,1.4586451755942798,-1.3314510312552579,1.8949948297744512,-0.5664651131938581,1.4482302075188471,-4.563243606926225,1602.5
1283,1.4586451361024575,-1.3314510474481982,1.8949948259451235,-0.5664650928930495,1.448230168212322,-4.646209367094864,1603.75
1284,1.4586451057627166,-1.331451064963613,1.8949948182368013,-0.5664650674540275,1.4482301381027154,-4.7191751272636315,1605.0
1285,1.4586450810467422,-1.3314510811711835,1.8949948101364138,-0.5664650429701952,1.4482301136077513,-4.782140887432622,1606.25
1286,1.4586450602560719,-1.3314510948047233,1.8949948033224995,-0.5664650223747982,1.4482300930029908,-4.835106647601716,1607.5
1287,1.458645043390705,-1.3314511058642327,1.8949947977950585,-0.5664650056678368,1.448230076288434,-4.8780724077709285,1608.75
1288,1.4586450304506422,-1.3314511143497134,1.8949947935540934,-0.5664649928493114,1.4482300634640808,-4.91103816794011,1610.0
1289,1.4586450214358835,-1.3314511202611656,1.8949947905996039,-0.5664649839192222,1.4482300545299318,-4.934003928109233,1611.25
1290,1.4586468747433605,-1.3314365751840562,1.8949757294759255,-0.566460469774855,1.4482319343380352,-4.9469872256512195,1612.5
1291,1.4590552191190125,-1.3282398575653904,1.890787801876668,-0.5654696857183248,1.4486460916916761,-4.952171990491884,1613.75
1292,1.4594989125275915,-1.3247664370397108,1.886237378565049,-0.5643931461640742,1.4490960993935451,-4.94767776182677,1615.0
1293,1.4595082150192924,-1.3246936418753388,1.8861420176771613,-0.5643705912909028,1.4491055293136155,-4.9354205291818145,1616.25
1294,1.459508222384407,-1.324693636514204,1.8861420213306341,-0.5643706023877266,1.449105527748229,-4.913252195486997,1617.5
1295,1.4595082330718796,-1.324693628734694,1.8861420266321665,-0.5643706184902599,1.449105525476706,-4.881083861792121,1618.75
1296,1.4595082470817102,-1.324693618536809,1.8861420335817578,-0.5643706395985028,1.4491055224990468,-4.838915528097186,1620.0
1297,1.4595082644918664,-1.3246936060732575,1.8861420427438371,-0.5643706680538468,1.449105519403256,-4.786747197288026,1621.25
1298,1.4595082853603607,-1.3246935914576623,1.8861420545383663,-0.5643707055984011,1.4491055166268376,-4.724578870606173,1622.5
1299,1.4595083115386631,-1.32469357509285,1.8861420662489228,-0.5643707443052988,1.4491055207929542,-4.652410547055531,1623.75
1300,1.4595083504280575,-1.3246935592592468,1.886142070367626,-0.5643707656931498,1.4491055599036753,-4.570242236973614,1625.0
1301,1.4595083940697777,-1.3246935414916448,1.8861420749679065,-0.5643707896170163,1.4491056039287904,-4.478073932904249,1626.25
1302,1.4595084426900506,-1.3246935221788414,1.8861420795877628,-0.5643708151477486,1.4491056530959152,-4.375905635822596,1627.5
1303,1.4595085007039255,-1.3246935091390681,1.886142075096708,-0.5643708240785659,1.4491057110774603,-4.263737349870093,1628.75
1304,1.4595085638890484,-1.3246934949360383,1.8861420702024372,-0.5643708337936086,1.44910577422208,-4.141569071513023,1630.0
1305,1.459508632472022,-1.3246934870542,1.8861420577999497,-0.5643708297374246,1.4491058428523487,-4.009400799237524,1631.25
1306,1.4595087063745742,-1.3246934828974204,1.886142040355548,-0.564370816965641,1.4491059168589646,-3.867232529217188,1632.5
1307,1.459508781740806,-1.324693486913653,1.8861420147872545,-0.564370787906525,1.4491059924757181,-3.7150642633599897,1633.75
1308,1.4595088596472467,-1.3246934966626833,1.886141983083098,-0.5643707469959381,1.4491060707391776,-3.5528960039515125,1635.0
1309,1.4595089283528775,-1.3246935181398296,1.8861419429869857,-0.5643706858979165,1.4491061399834797,-3.3876044512478867,1636.25
1310,1.4595089901772502,-1.32469354111615,1.8861419034671212,-0.5643706238284433,1.4491062023560022,-3.232021373654572,1637.5
1311,1.4595090325637545,-1.324693572761488,1.886141861396769,-0.5643705504013238,1.4491062453944175,-3.086438296061198,1638.75
1312,1.4595090717498962,-1.3246936023515836,1.8861418221880566,-0.5643704818692147,1.4491062851890528,-2.9508552184676975,1640.0
1313,1.4595090914223032,-1.3246936365765651,1.8861417842521153,-0.5643704098373337,1.4491063055034585,-2.8252721408741284,1641.25
1314,1.4595091095282242,-1.3246936680762533,1.886141749336952,-0.5643703435412479,1.4491063242002573,-2.709689063280477,1642.5
1315,1.4595091167508518,-1.3246936989445355,1.8861417181624254,-0.5643702815412349,1.4491063319765678,-2.604105985686698,1643.75
1316,1.45950911765472,-1.3246937281555684,1.8861416903758625,-0.5643702245426503,1.4491063333901013,-2.508522908092856,1645.0
1317,1.459509118464024,-1.3246937543105077,1.8861416654963534,-0.5643701735073162,1.4491063346557493,-2.422939830498884,1646.25
1318,1.4595091140821752,-1.3246937776960062,1.8861416447269008,-0.5643701293158612,1.449106330669621,-2.347356752904819,1647.5
1319,1.4595091049987925,-1.3246937982845257,1.8861416279519352,-0.5643700918836849,1.4491063219220375,-2.281773675310567,1648.75
1320,1.4595090973004288,-1.3246938157337407,1.8861416137347877,-0.5643700601591054,1.4491063145082712,-2.2261905977161622,1650.0
1321,1.4595090909870845,-1.3246938300436497,1.8861416020754576,-0.5643700341421225,1.4491063084283222,-2.180607520121674,1651.25
1322,1.4595090860587594,-1.3246938412142562,1.8861415929739471,-0.5643700138327366,1.4491063036821903,-2.1450244425271316,1652.5
1323,1.459509082515454,-1.324693849245559,1.8861415864302564,-0.5643699992309473,1.4491063002698756,-2.119441364932691,1653.75
1324,1.4595090803571675,-1.3246938541375595,1.886141582444386,-0.564369990336755,1.449106298191378,-2.1038582873382525,1655.0
1325,1.4597664615478236,-1.3226539934138195,1.883453136332601,-0.5637216720849006,1.4493674603029982,-2.096682814951288,1656.25
1326,1.4602820702242028,-1.3185675765890377,1.878067430929471,-0.5624229191523844,1.4498906422821443,-2.0986571054989684,1657.5
1327,1.4603600991415742,-1.317949168396789,1.8772524049374235,-0.5622263843732049,1.449969813755099,-2.108824514764123,1658.75
1328,1.4603601008420892,-1.317949162737418,1.877252411241792,-0.5622264002432614,1.4499698084279513,-2.1283500152845303,1660.0
1329,1.4603601034135245,-1.3179491541795958,1.8772524207749475,-0.5622264242411792,1.449969800372501,-2.15787551580498,1661.25
1330,1.4603601068558798,-1.3179491427233228,1.8772524335368903,-0.5622264563669586,1.4499697895887482,-2.1974010163254873,1662.5
1331,1.460360111123675,-1.3179491283224174,1.8772524493511147,-0.5622264958759443,1.4499697757237553,-2.24692651410814,1663.75
1332,1.4603601159642263,-1.3179491107203039,1.8772524672369784,-0.5622265386309135,1.44996975681664,-2.306451996393681,1665.0
1333,1.4603601216179674,-1.3179490901611182,1.8772524881275827,-0.5622265885685157,1.4499697347332188,-2.3759774786790384,1666.25
1334,1.4603601213413697,-1.317949065977999,1.8772525109502378,-0.5622266352812079,1.449969731310734,-2.455502945642947,1667.5
1335,1.4603601204334915,-1.3179490386911419,1.8772525365382726,-0.5622266869063834,1.449969729486362,-2.5450284086336374,1668.75
1336,1.4603601194567108,-1.3179490083451364,1.8772525649534915,-0.5622267441942068,1.4499697277182784,-2.6445538619961013,1670.0
1337,1.4603601057639661,-1.317948977895796,1.8772525975803538,-0.562226806829706,1.4499697134460143,-2.7540793061550657,1671.25
1338,1.460360087182218,-1.3179489455164761,1.8772526335794741,-0.562226875074842,1.4499696943175149,-2.873604742774789,1672.5
1339,1.4603600603546854,-1.3179489131724043,1.8772526719396296,-0.5622269455963406,1.449969666903804,-3.003130172428415,1673.75
1340,1.4603600200219617,-1.3179488830195059,1.8772527121459088,-0.5622270156816459,1.449969625947507,-3.142655598220294,1675.0
1341,1.4603599709038124,-1.3179488545746616,1.8772527532844445,-0.5622270849280583,1.4499695762139626,-3.29218102162858,1676.25
1342,1.4603599072236995,-1.3179488316295198,1.8772527934448509,-0.5622271475908411,1.4499695119792304,-3.4517064382715885,1677.5
1343,1.4603598335308314,-1.317948815577075,1.8772528299916076,-0.562227199675076,1.4499694378278647,-3.618041104976675,1678.75
1344,1.4603597580626047,-1.317948806098754,1.8772528608372923,-0.5622272394700075,1.449969362011624,-3.77626917938689,1680.0
1345,1.460359682877372,-1.3179488073984307,1.8772528814102554,-0.562227258213568,1.4499692866671519,-3.924497253797202,1681.25
1346,1.4603596115389876,-1.317948811390593,1.8772528983219554,-0.5622272706298066,1.449969215225823,-4.0627253282076055,1682.5
1347,1.4603595456172398,-1.3179488233497896,1.877252906130093,-0.5622272660116313,1.4499691493532711,-4.190953402618149,1683.75
1348,1.460359484917253,-1.3179488369844563,1.8772529108398786,-0.5622272566559907,1.4499690887443544,-4.309181477028728,1685.0
1349,1.4603594309611687,-1.3179488522693514,1.8772529120338,-0.5622272421813387,1.449969034924457,-4.4174095514394445,1686.25
1350,1.460359384878173,-1.3179488711710141,1.8772529075250557,-0.5622272184418028,1.4499689890598155,-4.515637625850216,1687.5
1351,1.4603593434866053,-1.3179488881484094,1.8772529034753136,-0.5622271971190426,1.449968947864373,-4.603865700261094,1688.75
1352,1.4603593080572876,-1.3179489041516117,1.8772528986177777,-0.5622271760049034,1.4499689126286057,-4.682093774672097,1690.0
1353,1.4603592816623032,-1.3179489214773188,1.8772528898900835,-0.5622271497613893,1.44996888647211,-4.7503218490832735,1691.25
1354,1.4603592591359589,-1.317948936263645,1.8772528824415835,-0.5622271273643146,1.4499688641492998,-4.8085499234946045,1692.5
1355,1.4603592404782542,-1.3179489485105875,1.8772528762722738,-0.5622271088136779,1.4499688456601745,-4.856777997906052,1693.75
1356,1.460359225689189,-1.3179489582181496,1.8772528713821586,-0.5622270941094806,1.4499688310047345,-4.895006072317535,1695.0
1357,1.460359214768764,-1.3179489653863314,1.8772528677712381,-0.5622270832517228,1.4499688201829797,-4.923234146728985,1696.25
1358,1.4603592077169787,-1.317948970015133,1.8772528654395124,-0.5622270762404044,1.44996881319491,-4.941462221140378,1697.5
1359,1.460487474813896,-1.3169198040844312,1.875888415791442,-0.5618919249978732,1.4500990237708837,-4.950652515827396,1698.75
1360,1.4610088987497662,-1.3127362027325822,1.8703418895465567,-0.560529538805722,1.4506283475133457,-4.951343447036234,1700.0
1361,1.4611983669970092,-1.3112160404766176,1.8683264960333164,-0.5600345040155138,1.4508206831517168,-4.94319938734274,1701.25
1362,1.461198372533261,-1.3112160364532,1.868326498790776,-0.5600345123545349,1.4508206820138163,-4.926343760428721,1702.5
1363,1.4611983813540252,-1.3112160300427944,1.8683265031841638,-0.5600345256408783,1.4508206802008299,-4.899488133514714,1703.75
1364,1.461198393459302,-1.3112160212454014,1.8683265092134798,-0.5600345438745435,1.450820677712757,-4.862632506600632,1705.0
1365,1.461198408849091,-1.3112160100610202,1.8683265168787242,-0.5600345670555308,1.450820674549598,-4.815776879686576,1706.25
1366,1.461198427692104,-1.3112159968272512,1.8683265274246117,-0.5600346003233247,1.450820672000099,-4.7589212558669685,1707.5
1367,1.4611984498739492,-1.3112159813151902,1.8683265400071847,-0.5600346401931839,1.4508206691904475,-4.692065632449449,1708.75
1368,1.4611984823096318,-1.3112159656468845,1.8683265473476323,-0.5600346685570481,1.4508206922769538,-4.615210019952617,1710.0
1369,1.4611985228284643,-1.3112159491450897,1.868326551675547,-0.5600346908822189,1.4508207330235974,-4.528354413139338,1711.25
1370,1.4611985680504094,-1.3112159307294546,1.868326556462532,-0.5600347156446633,1.450820778767905,-4.4314988182396675,1712.5
1371,1.4611986203649059,-1.3112159146833524,1.8683265567057368,-0.5600347329352067,1.4508208313445512,-4.324643230005518,1713.75
1372,1.4611986799394816,-1.3112159013064137,1.8683265520534504,-0.5600347420546463,1.4508208908834643,-4.207787649875984,1715.0
1373,1.4611987446493417,-1.3112158880354734,1.8683265458036877,-0.5600347494996131,1.4508209555652813,-4.08093207767053,1716.25
1374,1.4611988147754913,-1.3112158841295667,1.8683265291060476,-0.5600347372036504,1.4508210257919105,-3.9440765110437774,1717.5
1375,1.4611988895333528,-1.3112158810562788,1.8683265102709472,-0.5600347219705865,1.4508211006756995,-3.7972209450866243,1718.75
1376,1.4611989638141587,-1.3112158904170121,1.8683264797777155,-0.5600346826409235,1.4508211753010227,-3.640365386172822,1720.0
1377,1.4611990385570297,-1.3112159044818517,1.8683264446866739,-0.5600346340114792,1.4508212504720315,-3.4743985856927178,1721.25
1378,1.4611991023265511,-1.3112159274990924,1.8683264042940118,-0.5600345710480167,1.4508213148000213,-3.3135054262481605,1722.5
1379,1.4611991538149773,-1.3112159545478033,1.8683263636493155,-0.5600345037130309,1.4508213668877428,-3.1626122668035066,1723.75
1380,1.4611991942544504,-1.3112159848188545,1.8683263231618212,-0.5600344332338167,1.4508214079561481,-3.021719107358778,1725.0
1381,1.461199223568336,-1.3112160163279032,1.8683262847366149,-0.5600343634997393,1.450821437893635,-2.8908259479139513,1726.25
1382,1.4611992422396298,-1.3112160488768172,1.8683262484211673,-0.5600342947598729,1.4508214571809002,-2.769932788468964,1727.5
1383,1.461199258139821,-1.3112160790087506,1.868326215205233,-0.5600342315174421,1.4508214736479579,-2.659039629023937,1728.75
1384,1.4611992590836431,-1.3112161094594024,1.8683261860383777,-0.5600341718992871,1.4508214751278898,-2.558146469578814,1730.0
1385,1.4611992599339185,-1.3112161368919417,1.8683261597623835,-0.5600341181901705,1.4508214764611385,-2.4672533101335907,1731.25
1386,1.461199260690647,-1.3112161613063709,1.8683261363772534,-0.5600340703900922,1.4508214776477042,-2.3863601506882732,1732.5
1387,1.461199251665584,-1.3112161832422697,1.8683261181897757,-0.560034030197463,1.450821468985259,-2.3154669912427996,1733.75
1388,1.461199243354087,-1.3112162021151095,1.8683261027009896,-0.5600339957723801,1.4508214609844163,-2.2545738317971318,1735.0
1389,1.4611992364075213,-1.3112162178886102,1.8683260897558012,-0.5600339670006552,1.4508214542974884,-2.203680672351352,1736.25
1390,1.4611992308258865,-1.3112162305627741,1.8683260793542127,-0.5600339438822881,1.4508214489244755,-2.162787512905504,1737.5
1391,1.4611992266091829,-1.3112162401376017,1.8683260714962258,-0.5600339264172791,1.4508214448653773,-2.131894353459688,1738.75
1392,1.4611992237574105,-1.3112162466130937,1.8683260661818393,-0.5600339146056281,1.4508214421201941,-2.111001194013931,1740.0
1393,1.4612320761350315,-1.3109493884309396,1.8679701919111675,-0.5599449322877609,1.4508548077331034,-2.099799175246863,1741.25
1394,1.4617005608853655,-1.307144035652409,1.8628955891095478,-0.5586761640106946,1.4513306101960022,-2.0964514823357763,1742.5
1395,1.4620267352954226,-1.3044946290201003,1.8593624964396804,-0.5577928145683758,1.45166187727771,-2.1025890332328427,1743.75
1396,1.4620267365232735,-1.30449462496555,1.8593625009818195,-0.5577928259521439,1.4516618734930202,-2.1167548037193926,1745.0
1397,1.4620267386178978,-1.304494618048783,1.8593625087303778,-0.5577928453720213,1.451661867036616,-2.140920574205929,1746.25
1398,1.4620267415792956,-1.3044946082698,1.8593625196853547,-0.557792872828008,1.4516618579084972,-2.175086344692537,1747.5
1399,1.4620267454074662,-1.3044945956286,1.8593625338467503,-0.5577929083201042,1.451661846108664,-2.2192521151791316,1748.75
1400,1.4620267499105595,-1.3044945799257956,1.8593625504554907,-0.557792948661743,1.4516618301294155,-2.273417871864913,1750.0
1401,1.4620267551131487,-1.3044945611869245,1.8593625696088032,-0.5577929942610802,1.4516618101638663,-2.337583619872143,1751.25
1402,1.4620267584081372,-1.3044945392615288,1.8593625913264205,-0.5577930428300788,1.4516617957387812,-2.411749361430666,1752.5
1403,1.4620267575570847,-1.3044945139304585,1.8593626152619471,-0.5577930909623129,1.4516617939785719,-2.495915092835782,1753.75
1404,1.462026756631694,-1.3044944855803755,1.859362642015324,-0.557793144726323,1.4516617922261492,-2.590080815737698,1755.0
1405,1.462026751786182,-1.3044944551096211,1.8593626720122367,-0.5577932040353013,1.451661786647008,-2.6942465317860633,1756.25
1406,1.4620267342851563,-1.3044944245572145,1.8593627062084856,-0.557793268649859,1.4516617686230628,-2.8084122390457202,1757.5
1407,1.46202671525166,-1.3044943913297415,1.8593627434040223,-0.557793338940493,1.4516617490240125,-2.9325779367744356,1758.75
1408,1.4620266797223191,-1.3044943615631537,1.8593627821221559,-0.5577934071802334,1.451661712895024,-3.066743629100237,1760.0
1409,1.4620266386346659,-1.3044943307714714,1.8593628234396564,-0.5577934790063606,1.4516616711647783,-3.210909320400357,1761.25
1410,1.4620265809836157,-1.304494306852713,1.8593628630472514,-0.557793542127619,1.4516616129516713,-3.3650750062085013,1762.5
1411,1.4620265160043853,-1.304494283902198,1.8593629038720478,-0.5577936054447633,1.4516615474095584,-3.5292322611189784,1763.75
1412,1.4620264390842983,-1.304494274178632,1.8593629355877237,-0.5577936463375383,1.4516614701304968,-3.692817435527367,1765.0
1413,1.4620263654599843,-1.3044942682455134,1.859362962731784,-0.5577936788908686,1.4516613962220064,-3.8464026099358093,1766.25
1414,1.4620262924061203,-1.3044942722962938,1.8593629802022495,-0.5577936917884188,1.4516613230611821,-3.9899877843443354,1767.5
1415,1.462026224514357,-1.3044942784580549,1.8593629941554919,-0.5577936990940936,1.4516612551122337,-4.123572958752986,1768.75
1416,1.4620261619635502,-1.3044942924946412,1.8593629990507563,-0.5577936895032065,1.4516611926559597,-4.247158133161712,1770.0
1417,1.4620261044740956,-1.3044943053954396,1.859363003549908,-0.5577936806883721,1.4516611352533886,-4.360743307570578,1771.25
1418,1.4620260556774518,-1.304494323496539,1.8593630005593083,-0.5577936592442729,1.4516610866564268,-4.464328481979498,1772.5
1419,1.4620260123959965,-1.304494341253697,1.8593629962860834,-0.5577936369009173,1.4516610435820572,-4.557913656388523,1773.75
1420,1.462025973739361,-1.3044943571134195,1.8593629924694677,-0.5577936169450493,1.451661005110379,-4.641498830797652,1775.0
1421,1.4620259436292802,-1.304494374014713,1.8593629851659017,-0.5577935925213855,1.451660975224457,-4.7150840052069,1776.25
1422,1.4620259193803729,-1.3044943899451151,1.8593629770757136,-0.5577935683240347,1.451660951196915,-4.778669179616366,1777.5
1423,1.4620258989450758,-1.3044944033701518,1.8593629702578627,-0.5577935479321856,1.4516609309481696,-4.832254354025952,1778.75
1424,1.4620258823233891,-1.3044944142898227,1.8593629647123489,-0.557793531345838,1.4516609144782202,-4.875839528435598,1780.0
1425,1.4620258695153128,-1.3044944227041302,1.8593629604391746,-0.5577935185649927,1.4516609017870672,-4.909424702845255,1781.25
1426,1.4620258605208463,-1.304494428613074,1.8593629574383397,-0.5577935095896495,1.4516608928747106,-4.933009877254853,1782.5
1427,1.4620258566146715,-1.304494421534959,1.8593629416512705,-0.5577935008442347,1.4516608890363483,-4.946595051652601,1783.75
1428,1.462377892538838,-1.3015996158744012,1.8554802808869264,-0.55680600612579,1.452018591402334,-4.952305027089059,1785.0
1429,1.4628216933599998,-1.2979502539486591,1.8505855760312586,-0.5555611178993359,1.4524695340980385,-4.948417660570512,1786.25
1430,1.462842025357701,-1.297783092425171,1.8503613762107172,-0.5555041014741742,1.4524901887626305,-4.936766837873941,1787.5
1431,1.4628420323230706,-1.297783087371691,1.850361379695356,-0.5555041119649946,1.4524901873760117,-4.915317257325228,1788.75
1432,1.4628420425357622,-1.29778307996223,1.8503613848045664,-0.555504127346736,1.452490185342938,-4.883867676776468,1790.0
1433,1.4628420559957755,-1.2977830701967883,1.8503613915383486,-0.5555041476193984,1.452490182663409,-4.842418096227677,1791.25
1434,1.4628420727633626,-1.2977830581985879,1.8503614003496718,-0.5555041746443352,1.4524901798035479,-4.79096852050066,1792.5
1435,1.4628420929168957,-1.2977830441279097,1.8503614118277358,-0.5555042108427052,1.4524901773696643,-4.729518953963328,1793.75
1436,1.4628421175002067,-1.297783028130284,1.8503614239775286,-0.5555042500102476,1.4524901789158506,-4.658069389374503,1795.0
1437,1.4628421549605786,-1.2977830128707684,1.8503614280134295,-0.5555042706883541,1.452490216584409,-4.576619839425481,1796.25
1438,1.4628421970356513,-1.2977829957320108,1.8503614325285722,-0.555504293850143,1.452490259004058,-4.48517029467121,1797.5
1439,1.46284224373493,-1.2977829767104834,1.8503614375129747,-0.555504319461814,1.452490306252316,-4.383720757299118,1798.75
1440,1.4628422996465198,-1.2977829639543452,1.8503614333262532,-0.5555043284419757,1.4524903621456198,-4.27227123139676,1800.0
1441,1.462842360691122,-1.2977829502594855,1.8503614285162509,-0.5555043377314575,1.4524904231498939,-4.1508217126848095,1801.25
1442,1.4628424269580838,-1.2977829419045355,1.8503614170792244,-0.5555043351076361,1.452490489453695,-4.019372200355305,1802.5
1443,1.462842498419358,-1.2977829379582242,1.8503613999134754,-0.5555043224001587,1.4524905610186507,-3.877922690801245,1803.75
1444,1.462842571734791,-1.2977829410061315,1.8503613755201567,-0.5555042954837832,1.4524906345667858,-3.7264731849606805,1805.0
1445,1.4628426471178861,-1.2977829505627207,1.850361344300682,-0.5555042552468825,1.452490710303696,-3.565023685619895,1806.25
1446,1.4628427149693963,-1.2977829706641584,1.8503613052094403,-0.5555041965367852,1.4524907786771826,-3.3993144564231623,1807.5
1447,1.4628427760490783,-1.2977829927781486,1.8503612661786628,-0.5555041358254853,1.4524908402978642,-3.2430178705017276,1808.75
1448,1.46284281790903,-1.297783023540019,1.8503612245135785,-0.5555040636919834,1.4524908828046896,-3.096721284580266,1810.0
1449,1.4628428564826703,-1.2977830524784821,1.8503611855540392,-0.5555039960642587,1.4524909219848867,-2.9604246986586977,1811.25
1450,1.4628428766643322,-1.2977830856789716,1.8503611479095095,-0.5555039253564654,1.4524909428034236,-2.83412811273703,1812.5
1451,1.46284289437671,-1.2977831166081986,1.8503611131592,-0.5555038597969495,1.452490961106439,-2.7178315268152726,1813.75
1452,1.4628429025481662,-1.2977831466763252,1.8503610820271938,-0.555503798648528,1.4524909698299064,-2.6115349408933746,1815.0
1453,1.4628429034394592,-1.2977831753762636,1.85036105433579,-0.5555037422569384,1.4524909712311558,-2.515238354971444,1816.25
1454,1.4628429042381952,-1.2977832010958272,1.8503610295200175,-0.5555036917213801,1.452490972486891,-2.4289417690493953,1817.5
1455,1.4628429007253279,-1.2977832240679938,1.8503610085933146,-0.555503647791965,1.4524909693718449,-2.3526451831272412,1818.75
1456,1.4628428918056569,-1.2977832443532393,1.8503609918187536,-0.5555036106634109,1.4524909607892007,-2.286348597204885,1820.0
1457,1.462842884231405,-1.2977832615787122,1.8503609775744216,-0.5555035791352286,1.4524909535011397,-2.2300520112823774,1821.25
1458,1.4628428780025726,-1.2977832757444099,1.850360965860317,-0.5555035532074182,1.4524909475076617,-2.18375542535977,1822.5
1459,1.4628428731191596,-1.2977832868503365,1.8503609566764436,-0.5555035328799798,1.452490942808767,-2.1474588394371374,1823.75
1460,1.462842869581166,-1.2977832948964911,1.8503609500228007,-0.5555035181529134,1.4524909394044552,-2.121162253514578,1825.0
1461,1.4628428673885916,-1.2977832998828742,1.8503609458993884,-0.5555035090262189,1.4524909372947268,-2.1048656675920214,1826.25
1462,1.4630499898780855,-1.2960590743900378,1.848035135420091,-0.5549021351935571,1.4527014938942961,-2.0971248324247815,1827.5
1463,1.4635447663359369,-1.2919402410765117,1.8424792478679757,-0.5534655857474956,1.453204472993288,-2.0983373597929087,1828.75
1464,1.4636478861395195,-1.2910818104847,1.8413213187535653,-0.553166194205692,1.4533092991626486,-2.1079057895440196,1830.0
1465,1.4636478877533674,-1.291081805196016,1.8413213247149143,-0.5531662090787313,1.453309294263136,-2.126619849889954,1831.25
1466,1.4636478902295873,-1.2910817970812831,1.841321333861755,-0.5531662318992917,1.4533092867455313,-2.1553339102359317,1832.5
1467,1.463647893568179,-1.2910817861405017,1.8413213461940878,-0.5531662626673733,1.4533092766098346,-2.1940479705819667,1833.75
1468,1.463647897749968,-1.291081772353269,1.841321361634576,-0.5531663010599843,1.453309263703471,-2.2427620293284893,1835.0
1469,1.4636479024944715,-1.2910817554211262,1.8413213790519383,-0.5531663423523816,1.4533092457945564,-2.3014760662965648,1836.25
1470,1.4636479080470444,-1.2910817356051516,1.8413213994357738,-0.553166390677577,1.4533092248354489,-2.370190103264471,1837.5
1471,1.4636479083358043,-1.2910817123159424,1.841321421870374,-0.5531664369151064,1.4533092198402753,-2.4489041262261164,1838.75
1472,1.4636479074546291,-1.2910816859486027,1.841321446967349,-0.553166487189905,1.4533092180466314,-2.537618144848788,1840.0
1473,1.4636479065077035,-1.2910816565972147,1.841321474860089,-0.5531665430209579,1.453309216326172,-2.636332152702067,1841.25
1474,1.4636478945033415,-1.2910816268276215,1.8413215067734219,-0.5531666041649167,1.4533092037225668,-2.7450461522940106,1842.5
1475,1.4636478765555967,-1.2910815954482313,1.8413215421515687,-0.5531666707887936,1.4533091852333615,-2.8637601441561005,1843.75
1476,1.4636478519998768,-1.2910815635168498,1.8413215800057303,-0.5531667404018443,1.4533091600965518,-2.9924741287241394,1845.0
1477,1.4636478130143111,-1.2910815342415136,1.8413216195566564,-0.5531668089556108,1.453309120494858,-3.13118810885607,1846.25
1478,1.463647766822531,-1.2910815057453622,1.8413216604787779,-0.5531668780485882,1.453309073682643,-3.279902087086924,1847.5
1479,1.4636477052294667,-1.2910814834157869,1.8413217000126487,-0.553166939471966,1.453309011540858,-3.438616058490954,1848.75
1480,1.4636476345757614,-1.2910814665949326,1.841321736925753,-0.5531669926991161,1.453308940414084,-3.604987600193361,1850.0
1481,1.4636475608377029,-1.2910814572224691,1.8413217675999065,-0.5531670322149526,1.4533088663278164,-3.764021844699232,1851.25
1482,1.4636474878189916,-1.2910814573542684,1.8413217889442781,-0.553167052899788,1.4533087931316058,-3.913056089205256,1852.5
1483,1.4636474180677392,-1.2910814611913288,1.8413218057730822,-0.553167065386569,1.4533087232767627,-4.052090333711316,1853.75
1484,1.4636473535574208,-1.2910814719591572,1.8413218144115273,-0.5531670627885251,1.4533086587989565,-4.1811245782174735,1855.0
1485,1.4636472941518583,-1.2910814852783385,1.841321819101203,-0.5531670537266721,1.453308599483829,-4.300158822723728,1856.25
1486,1.4636472409407606,-1.2910814995821902,1.8413218210247428,-0.5531670409585564,1.453308546395926,-4.409193067230094,1857.5
1487,1.463647195780123,-1.2910815181139204,1.8413218165249197,-0.5531670175964206,1.4533085014534621,-4.508227311736581,1858.75
1488,1.4636471551795884,-1.291081534774402,1.8413218124794615,-0.5531669965932794,1.4533084610490712,-4.597261556243124,1860.0
1489,1.4636471198963037,-1.2910815501321997,1.8413218081202685,-0.5531669766178104,1.4533084259518705,-4.676295800749763,1861.25
1490,1.4636470939384307,-1.291081567197149,1.84132179938117,-0.5531669506222907,1.4533084002333938,-4.74533004525657,1862.5
1491,1.4636470717407024,-1.291081581790144,1.8413217919079792,-0.5531669283923687,1.4533083782403837,-4.8043642897635594,1863.75
1492,1.4636470533031183,-1.2910815939111822,1.8413217857006927,-0.5531669099280435,1.4533083599728402,-4.853398534270681,1865.0
1493,1.4636470386256788,-1.2910816035602664,1.8413217807593143,-0.5531668952293163,1.453308345430763,-4.89243277877785,1866.25
1494,1.4636470277083837,-1.2910816107373972,1.8413217770838446,-0.553166884296187,1.4533083346141524,-4.921467023284916,1867.5
1495,1.4636470205512329,-1.291081615442574,1.8413217746742834,-0.5531668771286558,1.4533083275230085,-4.940501267791979,1868.75
1496,1.4637366495902437,-1.290326249525552,1.840297123519846,-0.552897682882581,1.4533994867159443,-4.950312661366711,1870.0
1497,1.4642207877720272,-1.2862462321930568,1.8347626184312418,-0.5514436867990545,1.4538918894040458,-4.951857488638957,1871.25
1498,1.4644411755630367,-1.284388960818889,1.8322432511952824,-0.550781815403141,1.4541160365186168,-4.944367073797817,1872.5
1499,1.464441180685119,-1.2843889571093032,1.832243253770034,-0.5507818231186339,1.4541160355291798,-4.928414224693299,1873.75
1500,1.4644411890179647,-1.2843889510743738,1.832243257958761,-0.5507818356705624,1.4541160339195165,-4.902461375588777,1875.0
1501,1.4644412005615741,-1.2843889427141009,1.8322432637614638,-0.5507818530589265,1.4541160316896273,-4.86650852648418,1876.25
1502,1.4644412153159467,-1.2843889320284838,1.8322432711781427,-0.5507818752837264,1.4541160288395125,-4.820555677379595,1877.5
1503,1.4644412334227195,-1.2843889193136664,1.8322432812937208,-0.550781906780984,1.4541160264787407,-4.764602845243465,1878.75
1504,1.4644412548058654,-1.2843889044106829,1.8322432935258322,-0.5507819451695255,1.4541160240117155,-4.698650017508506,1880.0
1505,1.4644412851436799,-1.2843888890680457,1.832243301596432,-0.5507819747440146,1.4541160429696232,-4.622697199177326,1881.25
1506,1.4644413241250565,-1.2843888731866364,1.8322433058331693,-0.5507819963014712,1.4541160821652677,-4.536744387994214,1882.5
1507,1.4644413676738803,-1.2843888554454024,1.832243310528331,-0.5507820202505023,1.454116126187221,-4.440791587739874,1883.75
1508,1.4644414177057838,-1.2843888392808998,1.8322433116086647,-0.5507820385826092,1.4541161765208888,-4.3348387942418025,1885.0
1509,1.4644414751793444,-1.2843888263982233,1.8322433070422013,-0.5507820472912748,1.4541162339590572,-4.218886009038737,1886.25
1510,1.464441537615754,-1.2843888126336254,1.8322433018558104,-0.5507820562864661,1.4541162963545364,-4.092933232110003,1887.5
1511,1.4644416053484346,-1.2843888089204474,1.8322432854402946,-0.5507820440754627,1.4541163641871482,-3.956980461389858,1888.75
1512,1.4644416780631258,-1.2843888049341758,1.8322432678174374,-0.5507820309666801,1.4541164370086586,-3.8110276908453193,1890.0
1513,1.4644417499081428,-1.2843888140012814,1.8322432378800733,-0.5507819924828087,1.4541165091933013,-3.6550749273840246,1891.25
1514,1.4644418235012602,-1.2843888265477976,1.8322432040756627,-0.5507819466644375,1.4541165831925467,-3.4895552406974137,1892.5
1515,1.4644418858547965,-1.2843888491802242,1.8322431638745758,-0.5507818842794181,1.4541166461045791,-3.327764557052692,1893.75
1516,1.4644419376690228,-1.2843888748100456,1.8322431238972499,-0.5507818190434395,1.4541166985047476,-3.175973873407859,1895.0
1517,1.4644419772450252,-1.2843889045544647,1.832243083569113,-0.5507817492521219,1.4541167387098841,-3.034183189762906,1896.25
1518,1.4644420074712605,-1.2843889348926245,1.8322430454286613,-0.5507816809866127,1.4541167695527215,-2.9023925061178844,1897.5
1519,1.4644420257669775,-1.284388966883614,1.832243009217568,-0.550781612910489,1.4541167884650368,-2.7806018224727858,1898.75
1520,1.4644420425604685,-1.2843889962478783,1.8322429759796925,-0.5507815504239651,1.454116805824498,-2.6688111388275617,1900.0
1521,1.464442043652845,-1.2843890261676467,1.8322429468409123,-0.5507814913667086,1.4541168074539106,-2.5670204551822833,1901.25
1522,1.464442044493591,-1.2843890531804125,1.832242920576189,-0.550781438089328,1.4541168087791543,-2.4752297715368705,1902.5
1523,1.4644420452427434,-1.2843890772503102,1.8322428971728348,-0.5507813906161727,1.4541168099600212,-2.393439087891383,1903.75
1524,1.4644420373312586,-1.28438909884707,1.8322428787075622,-0.5507813504917943,1.4541168024146518,-2.321648404245762,1905.0
1525,1.4644420291349771,-1.2843891175115556,1.8322428631504843,-0.5507813162064656,1.454116794531414,-2.2598577205999386,1906.25
1526,1.4644420222651549,-1.2843891331554402,1.83224285011111,-0.550781287469761,1.4541167879239734,-2.208067036953989,1907.5
1527,1.4644420167217918,-1.2843891457787255,1.832242839589441,-0.5507812642816803,1.4541167825923296,-2.1662763533079286,1908.75
1528,1.4644420125048878,-1.284389155381413,1.832242831585479,-0.5507812466422242,1.4541167785364832,-2.1344856696619283,1910.0
1529,1.4644420096144426,-1.2843891619635026,1.8322428260992236,-0.5507812345513924,1.4541167757564342,-2.112694986015988,1911.25
1530,1.4644558546686202,-1.2842710332182952,1.8320816876785906,-0.5507382388719914,1.4541308641586779,-2.100757876496435,1912.5
1531,1.4648679929614958,-1.2807548789247512,1.8272855644358814,-0.5494586868746129,1.4545502438097544,-2.0965236484536143,1913.75
1532,1.4652246276763252,-1.2777122584386587,1.8231353594745268,-0.5483514642280487,1.4549131427940714,-2.1019457193625444,1915.0
1533,1.465225489361255,-1.2777049129572833,1.8231253492486976,-0.5483488028669272,1.4549140150838535,-2.115128403120947,1916.25
1534,1.4652254913488618,-1.277704906492165,1.8231253565852201,-0.5483488210855287,1.4549140091344521,-2.138301289827953,1917.5
1535,1.465225494194198,-1.2777048972370972,1.8231253670877372,-0.5483488471661639,1.4549140006176533,-2.171474176535002,1918.75
1536,1.4652254978972636,-1.27770488519208,1.8231253807562486,-0.5483488811088327,1.4549139895334569,-2.2146470632421233,1920.0
1537,1.465225502307802,-1.2777048701933564,1.823125396973005,-0.5483489203471981,1.454913974671405,-2.267819940194137,1921.25
1538,1.4652255073932408,-1.2777048522054277,1.823125415604094,-0.5483489643249394,1.454913955769098,-2.330992807916798,1922.5
1539,1.4652255112915629,-1.2777048311780748,1.8231254368910812,-0.5483490123075833,1.454913940019098,-2.4041656708326777,1923.75
1540,1.4652255104704508,-1.2777048067708345,1.8231254603138611,-0.5483490590526696,1.454913938316428,-2.487338521972351,1925.0
1541,1.4652255095720552,-1.2777047794213845,1.823125486531198,-0.5483491113461015,1.454913936587026,-2.5805113657402208,1926.25
1542,1.4652255063642068,-1.2777047496501588,1.823125515790984,-0.5483491691297967,1.4549139326275486,-2.683684202516916,1927.5
1543,1.4652254894859775,-1.2777047201058274,1.823125549353803,-0.5483492321040089,1.4549139152327093,-2.796857029344836,1928.75
1544,1.465225471116785,-1.277704687951899,1.823125585885728,-0.5483493006568501,1.4549138963040147,-2.920029847553129,1930.0
1545,1.4652254384641752,-1.2777046584359804,1.8231256241011193,-0.5483493681563025,1.4549138630580245,-3.0532026599597493,1931.25
1546,1.4652253987755184,-1.2777046285844653,1.8231256647264034,-0.548349438351765,1.4549138227350409,-3.196375470647488,1932.5
1547,1.4652253446385983,-1.2777046043279603,1.8231257042214815,-0.5483495017131611,1.4549137680281254,-3.349548276494506,1933.75
1548,1.4652252821834777,-1.2777045816344141,1.823125744669398,-0.5483495644023881,1.4549137050103804,-3.512721076042844,1935.0
1549,1.4652252078277062,-1.2777045710764687,1.8231257769085254,-0.548349606657482,1.454913630280254,-3.677244838468684,1936.25
1550,1.465225136329449,-1.2777045639050224,1.8231258050263923,-0.5483496414249975,1.4549135584755237,-3.831817598221245,1937.5
1551,1.465225064797389,-1.2777045678138663,1.8231258224400326,-0.5483496544053391,1.454913486835728,-3.9763903579739424,1938.75
1552,1.465224998252689,-1.2777045727208505,1.8231258374108488,-0.548349663981006,1.454913420213605,-4.1109631177269055,1940.0
1553,1.4652249369394341,-1.2777045864573395,1.8231258422938952,-0.5483496546757679,1.45491335899437,-4.235535877480011,1941.25
1554,1.4652248805480617,-1.2777045990911353,1.8231258467849494,-0.5483496461174987,1.4549133026894698,-4.350108637233245,1942.5
1555,1.4652248321940222,-1.2777046160726984,1.8231258446905907,-0.5483496266839352,1.4549132545199055,-4.454681396986635,1943.75
1556,1.4652247896627775,-1.2777046335277105,1.8231258404132593,-0.548349604636469,1.4549132121961104,-4.549254156740098,1945.0
1557,1.4652247516287311,-1.2777046491370494,1.8231258365882033,-0.5483495849202717,1.454913174347578,-4.633826916493619,1946.25
1558,1.4652247213645424,-1.2777046653622222,1.823125829865627,-0.5483495617474604,1.4549131442992744,-4.708399676247161,1947.5
1559,1.46522469741983,-1.2777046811123358,1.8231258217301003,-0.5483495376831182,1.4549131205776362,-4.772972436000621,1948.75
1560,1.4652246771832926,-1.2777046944233217,1.8231258148544731,-0.5483495173454773,1.4549131005296272,-4.8275451957540385,1950.0
1561,1.4652246606549308,-1.2777047052951798,1.8231258092387446,-0.5483495007345376,1.4549130841552476,-4.8721179555073775,1951.25
1562,1.4652246478347446,-1.2777047137279118,1.8231258048829173,-0.5483494878502999,1.454913071454497,-4.9066907152607575,1952.5
1563,1.465224638722734,-1.2777047197215174,1.8231258017869918,-0.5483494786927644,1.454913062427376,-4.9312634750140925,1953.75
1564,1.465224633318899,-1.2777047232759975,1.8231257999509676,-0.548349473261931,1.4549130570738844,-4.945836234767467,1955.0
1565,1.4655067768302905,-1.2752679057359977,1.8197836951935935,-0.5474444704659818,1.455200300947121,-4.9523231028200945,1956.25
1566,1.4659537811807546,-1.2714072553917541,1.8144888043030922,-0.546010680833086,1.4556553845790796,-4.9494334066973495,1957.5
1567,1.4659977108782418,-1.2710278734500389,1.8139684860915113,-0.5458697898028209,1.4557001042530247,-4.938625782414865,1958.75
1568,1.4659977173446417,-1.271027868775495,1.8139684893587684,-0.545869799546374,1.4557001030383123,-4.9182579769496275,1960.0
1569,1.4659977269858553,-1.271027861805886,1.8139684942301535,-0.5458698140737284,1.4557001012272117,-4.8878901714843455,1961.25
1570,1.465997739801883,-1.2710278525412122,1.8139685007056667,-0.5458698333848838,1.4557000988197228,-4.847522366019102,1962.5
1571,1.465997755831239,-1.2710278410638303,1.8139685090858713,-0.5458698587024423,1.4557000961213273,-4.797154566069132,1963.75
1572,1.4659977751812243,-1.2710278276031861,1.8139685202081337,-0.5458698934325696,1.4557000939830975,-4.736786784070127,1965.0
1573,1.4659977978061474,-1.2710278119351286,1.8139685330985988,-0.5458699337360111,1.4557000917569947,-4.666419002235904,1966.25
1574,1.4659978337545332,-1.2710277972883104,1.813968537040667,-0.5458699536530245,1.4557001279009354,-4.586051236731034,1967.5
1575,1.4659978741866093,-1.2710277808149293,1.8139685414615734,-0.5458699760089842,1.4557001686316446,-4.495683475113665,1968.75
1576,1.465997919118686,-1.2710277625087556,1.8139685463435449,-0.5458700007440318,1.4557002140854098,-4.395315722337994,1970.0
1577,1.4659979725009475,-1.271027749406338,1.813968543243887,-0.5458700112895076,1.4557002675113595,-4.28494797976865,1971.25
1578,1.4659980313462975,-1.2710277362249167,1.8139685385253639,-0.545870020154487,1.4557003263169448,-4.164580244635012,1972.5
1579,1.4659980952355136,-1.2710277270408419,1.8139685284298306,-0.545870019692575,1.4557003902273289,-4.034212516303697,1973.75
1580,1.4659981642124817,-1.271027723282222,1.8139685115614954,-0.5458700070897261,1.4557004593073217,-3.8938447914896073,1975.0
1581,1.4659982356206507,-1.2710277249160509,1.8139684887347416,-0.5458699831537313,1.455700530922266,-3.743477069723208,1976.25
1582,1.4659983084554191,-1.2710277342326637,1.8139684580247262,-0.545869943661716,1.4557006041069545,-3.58310935454866,1977.5
1583,1.4659983759492337,-1.2710277525110725,1.8139684202021416,-0.5458698880540391,1.4557006720989756,-3.416963159468013,1978.75
1584,1.4659984357744587,-1.2710277742694502,1.813968381281744,-0.5458698278113185,1.4557007324660138,-3.2595900880076165,1980.0
1585,1.465998478511894,-1.27102780338643,1.8139683402994158,-0.54586975802062,1.4557007758352285,-3.112217016547066,1981.25
1586,1.465998516334406,-1.2710278318533434,1.813968301410156,-0.5458696909369909,1.455700814265515,-2.9748439450862794,1982.5
1587,1.465998537941212,-1.2710278637732584,1.8139682639915995,-0.5458696217508783,1.4557008365018334,-2.847470873625366,1983.75
1588,1.4659985553358352,-1.2710278942196995,1.813968229256555,-0.5458695566910373,1.455700854488876,-2.730097802164269,1985.0
1589,1.4659985649814267,-1.2710279234757182,1.813968197982231,-0.5458694962255111,1.4557008646860587,-2.6227247307030463,1986.25
1590,1.4659985658641725,-1.2710279517683716,1.813968170249733,-0.5458694402008325,1.4557008660811275,-2.525351659241736,1987.5
1591,1.4659985666562627,-1.2710279771554251,1.8139681453652954,-0.5458693899297654,1.4557008673329257,-2.4379785877803264,1988.75
1592,1.4659985643417943,-1.2710279998012135,1.8139681240664443,-0.5458693459632509,1.4557008654209775,-2.360605516318847,1990.0
1593,1.4659985555292168,-1.2710280198905308,1.813968107182562,-0.5458693089208533,1.4557008569485874,-2.293232444857474,1991.25
1594,1.465998548024666,-1.2710280369980458,1.8139680928047075,-0.5458692773765572,1.4557008497337312,-2.2358593733962224,1992.5
1595,1.465998541828142,-1.2710280511237557,1.8139680809328784,-0.5458692513303619,1.4557008437764085,-2.1884863019349967,1993.75
1596,1.4659985369396447,-1.271028062267664,1.813968071567078,-0.5458692307822681,1.455700839076619,-2.1511132304737597,1995.0
1597,1.4659985333591738,-1.2710280704297707,1.813968064707307,-0.5458692157322756,1.4557008356343635,-2.1237401590125105,1996.25
1598,1.4659985310867296,-1.271028075610076,1.8139680603535648,-0.5458692061803847,1.4557008334496415,-2.1063670875512503,1997.5
1599,1.466147038935485,-1.2697296032004706,1.8121775598327288,-0.5453773272883876,1.455852102422247,-2.0977954877580225,1998.75
1600,1.4666184145692978,-1.265608171881565,1.8064944191222705,-0.5438160917941366,1.4563322414525226,-2.0978858204966317,2000.0
1601,1.4667613756709736,-1.264358208309102,1.8047708203270934,-0.5433426018582782,1.4564778575396777,-2.1065978063012216,2001.25
1602,1.4667613771672694,-1.2643582034774934,1.804770825849952,-0.5433426155071673,1.4564778531191673,-2.1241422904616956,2002.5
1603,1.466761379516423,-1.2643581958919656,1.8047708345207276,-0.5433426369356463,1.4564778461790557,-2.1516867746222132,2003.75
1604,1.4667613827184347,-1.264358185552519,1.8047708463394208,-0.5433426661437151,1.4564778367193425,-2.189231258782632,2005.0
1605,1.4667613867733045,-1.2643581724591535,1.8047708613060314,-0.5433427031313738,1.4564778247400283,-2.2367757429430664,2006.25
1606,1.4667613913997206,-1.2643581562977515,1.804770878241694,-0.5433427430280175,1.4564778079471115,-2.294320220307676,2007.5
1607,1.4667613968142452,-1.2643581373101296,1.8047708980539334,-0.5433427895831784,1.4564777881065796,-2.3618646973180093,2008.75
1608,1.466761397887327,-1.2643581150184713,1.8047709200586328,-0.5433428354813756,1.4564777809702991,-2.439409162296231,2010.0
1609,1.46676139703376,-1.2643580896538744,1.8047709446027445,-0.5433428842637327,1.4564777792024515,-2.526953622475222,2011.25
1610,1.46676139611842,-1.2643580613789374,1.8047709719138088,-0.5433429384966918,1.456477777532837,-2.624498070273725,2012.5
1611,1.466761386261096,-1.2643580322659427,1.8047710030037054,-0.543342998023295,1.4564777670478684,-2.7320425111758944,2013.75
1612,1.4667613689653427,-1.2643580019651026,1.8047710377073214,-0.5433430628937482,1.4564777492174121,-2.8495869440964645,2015.0
1613,1.4667613472021759,-1.2643579703165875,1.8047710750626633,-0.5433431317398905,1.4564777268789477,-2.9771313692779904,2016.25
1614,1.4667613095877072,-1.2643579419905089,1.8047711139148013,-0.5433431986476848,1.4564776886571231,-3.1146757892307404,2017.5
1615,1.4667612668224699,-1.264357913194782,1.8047711547630192,-0.5433432679829362,1.4564776452626216,-3.262220207977111,2018.75
1616,1.4667612073368883,-1.2643578915424158,1.8047711936391244,-0.5433433280749718,1.4564775852352365,-3.4197646197948397,2020.0
1617,1.4667611409363706,-1.2643578736971357,1.8047712308684716,-0.5433433826610987,1.456477518344557,-3.584050035974056,2021.25
1618,1.4667610705078165,-1.264357864673628,1.804771260699642,-0.5433434209955881,1.4564774475756224,-3.740176928238567,2022.5
1619,1.4667610017769592,-1.2643578626442284,1.8047712832046074,-0.5433434450208927,1.4564773786353635,-3.8863038205031746,2023.75
1620,1.4667609353373448,-1.2643578662552595,1.8047712995259286,-0.543343457237932,1.4564773120942922,-4.022430712767994,2025.0
1621,1.4667608739138769,-1.264357873935198,1.8047713103820398,-0.5433434599571889,1.4564772506556842,-4.148557605033023,2026.25
1622,1.4667608175338742,-1.26435788655829,1.8047713149124076,-0.5433434514439034,1.4564771943627663,-4.264684497298173,2027.5
1623,1.4667607660089055,-1.264357898094369,1.8047713190526475,-0.5433434436637179,1.4564771429173828,-4.370811389563455,2028.75
1624,1.466760722922502,-1.264357914818179,1.8047713156147496,-0.5433434231791365,1.456477100025749,-4.466938281828828,2030.0
1625,1.4667606847163666,-1.264357930499164,1.8047713117361122,-0.5433434033330332,1.4564770620077485,-4.553065174094329,2031.25
1626,1.4667606509462598,-1.2643579443594621,1.8047713083078107,-0.5433433857912151,1.4564770284039326,-4.6291920663597885,2032.5
1627,1.4667606238154343,-1.2643579580582625,1.8047713030541657,-0.5433433666347999,1.4564770014531474,-4.695318958625229,2033.75
1628,1.4667606032862341,-1.2643579715672075,1.8047712960140707,-0.5433433459307648,1.4564769811171292,-4.751445850890569,2035.0
1629,1.4667605864146747,-1.2643579826692946,1.804771290228293,-0.5433433289155203,1.4564769644043327,-4.797572743155836,2036.25
1630,1.4667605732007556,-1.2643579913645224,1.8047712856968312,-0.5433433155890659,1.4564769513147582,-4.833699635421102,2037.5
1631,1.4667605636444774,-1.2643579976528923,1.8047712824196869,-0.5433433059514019,1.4564769418484056,-4.859826527686421,2038.75
1632,1.4667605577458398,-1.2643580015344051,1.8047712803968614,-0.5433433000025288,1.4564769360052747,-4.87595341995175,2040.0
1633,1.466722696847045,-1.2646855428665318,1.8052386075277969,-0.5434830475913293,1.4564382539215954,-4.882392493345523,2041.25
1634,1.4665686221786898,-1.2660185533028483,1.8071405241813676,-0.5440517983813217,1.456280837123152,-4.880130291175642,2042.5
1635,1.4665382168728345,-1.2662816436778324,1.8075159022354748,-0.5441640554146238,1.4562497721512102,-4.8686462284314,2043.75
1636,1.4664813354787414,-1.2667738257783172,1.808218148979231,-0.5443740627265528,1.4561916566722892,-4.847162165687174,2045.0
1637,1.4663979779964098,-1.2674950996043028,1.8092472644126372,-0.5446818203171087,1.456106490686389,-4.815678102942965,2046.25
1638,1.4662878231493772,-1.268445615559533,1.8106019644261182,-0.5450858931448537,1.4559939593319173,-4.774193994028109,2047.5
1639,1.4661499219805791,-1.2696258173021011,1.812278454954562,-0.5455820419266258,1.4558531326024784,-4.722709729818838,2048.75
1640,1.4659852357016279,-1.2710352544743104,1.814280577120984,-0.5461745597231631,1.4556849525192326,-4.661225465609485,2050.0
1641,1.4657931993391196,-1.2726742248768728,1.8166061513578395,-0.5468609689798438,1.4554888653969837,-4.589741119043279,2051.25
1642,1.4655732262946248,-1.2745430372602737,1.8192529137769093,-0.5476386968645031,1.4552642963598832,-4.50825662547075,2052.5
1643,1.4653255811183974,-1.2766415724227673,1.8222219313223293,-0.5485089290494508,1.455011504425612,-4.416772039268126,2053.75
1644,1.4650494553063755,-1.2789702805656427,1.8255101400112712,-0.5494681504135073,1.4547296969498649,-4.3152872691019155,2055.0
1645,1.4647444666226705,-1.2815294283270484,1.8291162172332016,-0.5505147712621783,1.4544184987033573,-4.203802278516559,2056.25
1646,1.46441064483423,-1.2843190185760198,1.8330403216369038,-0.5516489474055921,1.4540779387331941,-4.082317095574873,2057.5
1647,1.4640471858889235,-1.2873395745287808,1.837279583193124,-0.552867284655191,1.453707228173221,-3.9508316358339757,2058.75
1648,1.4636530960461516,-1.2905918058908918,1.8418306036458663,-0.5541656738539652,1.453305391602361,-3.809345798298066,2060.0
1649,1.4632283454136545,-1.2940758116389408,1.8466934646848845,-0.555544097648438,1.4528723991221046,-3.657859614254154,2061.25
1650,1.4627730400469394,-1.297785550480394,1.8518567066492402,-0.5569971376246474,1.452408384851694,-3.4966598288217146,2062.5
1651,1.4623230508116998,-1.3014264594014233,1.856909027561084,-0.5584080912123437,1.451949917178895,-3.3385598646855223,2063.75
1652,1.4618984059251061,-1.3048394396432292,1.8616314484300966,-0.559717098624237,1.4515173865997126,-3.1904595174952637,2065.0
1653,1.4614997712329185,-1.308024049267734,1.8660263265701764,-0.5609269598996828,1.4511114464407537,-3.052358850781934,2066.25
1654,1.4611278303724207,-1.3109797942063177,1.870095985742234,-0.5620404936930464,1.45073276778033,-2.92425792649178,2067.5
1655,1.4607823682074506,-1.3137069054878707,1.873839876923436,-0.5630569196615957,1.4503811388754764,-2.80615670790153,2068.75
1656,1.460464458328361,-1.3162045445428037,1.877261499236291,-0.5639805768182569,1.450057614052215,-2.698055302906308,2070.0
1657,1.4601751177716005,-1.318471849546405,1.8803640036639888,-0.5648154792510072,1.4497631926023344,-2.5999538011040424,2071.25
1658,1.459913117224225,-1.320509917023529,1.8831437150095511,-0.5655568536673439,1.4494966662495385,-2.5118520650761265,2072.5
1659,1.4596808550860099,-1.3223166533636068,1.885607914825958,-0.5662140782757704,1.4492603920080873,-2.4337503290481397,2073.75
1660,1.459476677827365,-1.3238935427899983,1.8877516829447725,-0.5667807465674302,1.449052744571393,-2.36564841661567,2075.0
1661,1.45930244901458,-1.3252389130850875,1.889580565569608,-0.5672640793495478,1.4488755556950874,-2.3075465003761435,2076.25
1662,1.4591580877355281,-1.3263528397041293,1.8910943289202635,-0.5676637672818041,1.448728745826366,-2.2594445725218475,2077.5
1663,1.4590428733137486,-1.3272359868684678,1.8922908712439752,-0.5679770434597283,1.4486116064570655,-2.221342549260036,2078.75
1664,1.4589578972919055,-1.3278873491855125,1.8931733771409385,-0.5682080992852663,1.448525210696443,-2.193240525998145,2080.0
1665,1.4589031596699995,-1.3283069266552612,1.89374184661115,-0.5683569347584169,1.4484695585444984,-2.175138502736289,2081.25
1666,1.4588710723002576,-1.3285527631820042,1.894074847001763,-0.5684440655483423,1.4484369357029072,-2.1669803504944296,2082.5
1667,1.458663799430469,-1.3301381411103523,1.896220722234176,-0.5690043505685601,1.448226217564953,-2.1677014809932382,2083.75
1668,1.4586637290784559,-1.330138204804788,1.8962205175380231,-0.5690040823508804,1.4482261485054078,-2.1773099459967007,2085.0
1669,1.458663585507658,-1.330138334789142,1.896220099804561,-0.5690035349859284,1.4482260075722122,-2.196918411000178,2086.25
1670,1.4586633687180754,-1.3301385310634137,1.8962194690337897,-0.569002708473704,1.4482257947653667,-2.2265268760036405,2087.5
1671,1.4586630786471861,-1.330138793576193,1.8962186250386712,-0.5690016020259717,1.4482255095971721,-2.266135319387806,2088.75
1672,1.458662715305876,-1.3301391223365167,1.8962175678517759,-0.5690002157804098,1.4482251521528804,-2.3157437516602632,2090.0
1673,1.458662278722721,-1.330139517367897,1.8962162975585903,-0.5689985500973614,1.4482247226554568,-2.3753521839326948,2091.25
1674,1.4586622312115658,-1.3301395402492218,1.8962161793983163,-0.5689984087480843,1.448224675420277,-2.4449605999446433,2092.5
1675,1.458662230427179,-1.3301395156330595,1.8962162024059164,-0.5689984560328117,1.448224674025022,-2.524569014237969,2093.75
1676,1.4586622295562737,-1.3301394879197168,1.8962162282889674,-0.5689985092055942,1.4482246725495642,-2.6141774210704134,2095.0
1677,1.4586622217148846,-1.3301394586817172,1.896216257657418,-0.5689985675099489,1.4482246641193126,-2.713785822689545,2096.25
1678,1.4586622044243014,-1.3301394284845895,1.896216290726679,-0.5689986306571003,1.448224646285714,-2.823394217145024,2097.5
1679,1.4586621855564361,-1.330139395532742,1.8962163268140508,-0.5689986995699521,1.448224626826634,-2.9430026044975057,2098.75
1680,1.4586621488966194,-1.3301393664916572,1.8962163643691383,-0.5689987659193961,1.4482245895813657,-3.0726109828358275,2100.0
1681,1.4586621079557305,-1.3301393358070284,1.8962164046830123,-0.5689988366423355,1.4482245480146436,-3.212219357125722,2101.25
1682,1.4586620503095322,-1.3301393119859066,1.8962164434022664,-0.5689988987886413,1.4482244898207635,-3.361827730371015,2102.5
1683,1.4586619856712921,-1.3301392886377035,1.896216483688009,-0.5689989619796584,1.4482244246262677,-3.5214360965142912,2103.75
1684,1.4586619067345623,-1.3301392784399577,1.8962165158363578,-0.5689990037801478,1.4482243453255381,-3.6850068562336498,2105.0
1685,1.4586618310172916,-1.3301392717006635,1.896216543841342,-0.5689990380002935,1.4482242693114846,-3.839074816022234,2106.25
1686,1.458661755582014,-1.3301392759316202,1.8962165615536473,-0.5689990509566544,1.448224193768925,-3.98314277581103,2107.5
1687,1.458661685441987,-1.3301392817904212,1.8962165762308543,-0.5689990592864315,1.4482241235622793,-4.117210735600036,2108.75
1688,1.458661620814714,-1.3301392963414305,1.896216581234631,-0.5689990492866263,1.4482240590311655,-4.2412786953891874,2110.0
1689,1.4586615613964629,-1.3301393097196086,1.8962165858350906,-0.5689990400928129,1.448223999701323,-4.355346655178522,2111.25
1690,1.458661510710693,-1.3301393280773122,1.8962165832940099,-0.5689990188373042,1.4482239492105236,-4.4594146149679235,2112.5
1691,1.4586614659348316,-1.3301393464860145,1.8962165790092487,-0.5689989958281482,1.4482239046446206,-4.553482574757453,2113.75
1692,1.4586614259189188,-1.3301393629377565,1.89621657517998,-0.5689989752650052,1.4482238648163461,-4.637550534547024,2115.0
1693,1.4586613944244762,-1.3301393802517323,1.8962165681023473,-0.5689989506502251,1.4482238335447293,-4.711618494336606,2116.25
1694,1.458661369276201,-1.330139396797592,1.8962165599183076,-0.5689989257414256,1.44822380862121,-4.775686454126143,2117.5
1695,1.4586613480531754,-1.3301394107609024,1.8962165530116661,-0.5689989047204964,1.448223787587859,-4.829754413915563,2118.75
1696,1.4586613307553997,-1.330139422141663,1.8962165473824222,-0.5689988875874374,1.4482237704446768,-4.873822373704982,2120.0
1697,1.458661317382874,-1.3301394309398757,1.8962165430305788,-0.5689988743422506,1.4482237571916636,-4.907890333494412,2121.25
1698,1.4586613079355983,-1.330139437155541,1.8962165399561361,-0.5689988649849358,1.4482237478288198,-4.931958293283796,2122.5
1699,1.4586613024135724,-1.3301394407886584,1.896216538159094,-0.568998859515493,1.4482237423561453,-4.946026253073222,2123.75
1700,1.4590085839382576,-1.327423437331252,1.8926526440724256,-0.5681513276322492,1.448575984742836,-4.952063162042677,2125.0
1701,1.459494195095833,-1.323625623676125,1.8876692224451606,-0.5669662216616885,1.449068531237688,-4.948587640904046,2126.25
1702,1.459524310401675,-1.323390127456117,1.8873602139756003,-0.5668927415888005,1.449099072128719,-4.9372548916499746,2127.5
1703,1.459524317403671,-1.3233901223439202,1.8873602174293072,-0.5668927521426728,1.449099070678437,-4.916193421473162,2128.75
1704,1.459524327730219,-1.323390114804449,1.8873602225228363,-0.5668927677075306,1.4490990685395602,-4.885131951296332,2130.0
1705,1.459524341381319,-1.3233901048377033,1.887360229256188,-0.5668927882833742,1.4490990657120886,-4.844070481119569,2131.25
1706,1.4595243584135764,-1.3233900925528945,1.8873602380356544,-0.5668928155578634,1.4490990626230278,-4.793009013382489,2132.5
1707,1.4595243789246561,-1.3233900781384538,1.8873602495622448,-0.5668928524428517,1.449099060009124,-4.731947551313928,2133.75
1708,1.4595244035797283,-1.323390061608135,1.8873602621808019,-0.566892893403418,1.4490990599313298,-4.6608860905394245,2135.0
1709,1.4595244419448417,-1.3233900459450374,1.8873602661932787,-0.56689291449042,1.4490990985157275,-4.579824645071268,2136.25
1710,1.459524485057623,-1.3233900283443356,1.887360270685677,-0.5668929381274281,1.4490991419779489,-4.488763204243991,2137.5
1711,1.4595245329311848,-1.323390008801294,1.8873602756446675,-0.5668929642690221,1.4490991904222972,-4.387701771194354,2138.75
1712,1.4595245900802833,-1.3233899953582917,1.8873602717686626,-0.566892974300065,1.4490992475790345,-4.276640349152075,2140.0
1713,1.4595246526921364,-1.3233899812666543,1.8873602668884215,-0.5668929839152317,1.4490993101513125,-4.155578934346116,2141.25
1714,1.4595247206619222,-1.3233899722060314,1.887360255772808,-0.5668929823159636,1.4490993781524188,-4.024517526002727,2142.5
1715,1.459524793988074,-1.323389968115294,1.8873602384808124,-0.5668929696262361,1.4490994515818971,-3.8834561206024887,2143.75
1716,1.4595248694611438,-1.3233899706792283,1.8873602143560044,-0.5668929434635174,1.4490995272791518,-3.732394718630104,2145.0
1717,1.45952494683474,-1.323389980458689,1.8873601829454854,-0.5668929028121146,1.4490996050072367,-3.5713333232327527,2146.25
1718,1.4595250172277598,-1.3233900006028116,1.887360143864711,-0.5668928440743265,1.4490996759172732,-3.4054355187638277,2147.5
1719,1.459525080226165,-1.3233900234038536,1.8873601044315103,-0.5668927822747982,1.4490997394609286,-3.248745748552868,2148.75
1720,1.45952512405958,-1.323390054718696,1.8873600625647686,-0.5668927093917889,1.4490997839408415,-3.1020559783418107,2150.0
1721,1.4595251638562101,-1.323390084589024,1.887360023209364,-0.5668926404367726,1.449099824349318,-2.9653662081304484,2151.25
1722,1.4595251853649627,-1.323390118596803,1.887359985255169,-0.5668925686166136,1.4490998464976137,-2.838676437919016,2152.5
1723,1.45952520364396,-1.323390150550194,1.8873599501495506,-0.5668925016773556,1.4490998653728926,-2.7219866677073794,2153.75
1724,1.459525212687483,-1.3233901814909728,1.8873599186486971,-0.5668924392911602,1.449099874973049,-2.6152968974956456,2155.0
1725,1.4595252136017776,-1.323390211170209,1.8873598906665934,-0.566892381628739,1.449099876402678,-2.5186071272837656,2156.25
1726,1.4595252144215132,-1.3233902377799072,1.887359865578493,-0.5668923299299706,1.44909987768445,-2.431917357071799,2157.5
1727,1.4595252112151846,-1.3233902615393902,1.8873598443115156,-0.5668922848751106,1.449099874881227,-2.3552275868598382,2158.75
1728,1.4595252019786351,-1.3233902825604582,1.8873598273382743,-0.5668922468109312,1.4490998659859808,-2.2885378166479042,2160.0
1729,1.4595251941270881,-1.3233903004294578,1.8873598129101372,-0.5668922144544007,1.4490998584245596,-2.231848046436102,2161.25
1730,1.4595251876605437,-1.323390315146387,1.887359801027101,-0.5668921878055192,1.4490998521969627,-2.185158276224315,2162.5
1731,1.4595251825790017,-1.3233903267112492,1.8873597916891698,-0.5668921668642866,1.449099847303191,-2.1484685060125734,2163.75
1732,1.459525178882462,-1.323390335124044,1.8873597848963435,-0.5668921516307028,1.4490998437432436,-2.1217787358007634,2165.0
1733,1.4595251765709247,-1.3233903403847715,1.887359780648622,-0.566892142104768,1.449099841517121,-2.105088965588941,2166.25
1734,1.4597256601730058,-1.321802985786639,1.8852643750683278,-0.566384297186965,1.4493032801250825,-2.097076302130734,2167.5
1735,1.460253850876145,-1.3176209847643119,1.8797438916172506,-0.5650463580109519,1.4498392552788681,-2.097942553296157,2168.75
1736,1.460376008338753,-1.3166537949575556,1.878467151517303,-0.5647369351441295,1.4499632098809514,-2.107270391954533,2170.0
1737,1.4603760099467522,-1.3166537895943136,1.878467157437892,-0.5647369501120559,1.4499632048908713,-2.125684668241031,2171.25
1738,1.460376012427987,-1.3166537813185255,1.8784671665736974,-0.5647369732084184,1.4499631971908935,-2.1540989445275436,2172.5
1739,1.4603760157824568,-1.316653770130192,1.8784671789247194,-0.5647370044332167,1.4499631867810183,-2.192513220814014,2173.75
1740,1.4603760199992921,-1.3166537560184155,1.8784671944490252,-0.5647370436092936,1.4499631735768916,-2.2409274964117416,2175.0
1741,1.4603760247628985,-1.3166537386667951,1.8784672119290629,-0.564737085592778,1.4499631551292462,-2.299341755088438,2176.25
1742,1.4603760303419915,-1.3166537183447322,1.878467232401527,-0.5647371347634604,1.4499631335235288,-2.367756013765207,2177.5
1743,1.4603760308324087,-1.3166536944709581,1.8784672549262431,-0.5647371820088345,1.44996312771332,-2.4461702589612244,2178.75
1744,1.4603760299314266,-1.3166536674076184,1.8784672800872884,-0.5647372330153713,1.4499631258765233,-2.5345844997122815,2180.0
1745,1.4603760289653245,-1.3166536372706408,1.8784673080589176,-0.5647372896726544,1.4499631241262794,-2.6329987294588797,2181.25
1746,1.4603760171279636,-1.3166536065885701,1.878467340034784,-0.5647373517357717,1.4499631116750793,-2.7414129513034435,2182.5
1747,1.460375998719171,-1.3166535743572232,1.8784673755527452,-0.5647374193516066,1.4499630927242926,-2.8598271653779426,2183.75
1748,1.4603759740536075,-1.3166535413379263,1.8784674136198962,-0.564737490269996,1.4499630674763069,-2.9882413721030434,2185.0
1749,1.4603759340427058,-1.3166535112665,1.8784674533590386,-0.5647375598090816,1.4499630268471138,-3.1266555742752122,2186.25
1750,1.460375887130298,-1.3166534816638245,1.8784674946522135,-0.5647376303842954,1.4499629793075024,-3.2750697748064614,2187.5
1751,1.4603758238946778,-1.3166534587346392,1.8784675344055644,-0.5647376926274469,1.4499629155213216,-3.4334839684456293,2188.75
1752,1.4603757516099962,-1.316653441024271,1.8784675718819979,-0.5647377473098782,1.4499628427549829,-3.59983924216298,2190.0
1753,1.4603756756129154,-1.3166534313843445,1.8784676028676741,-0.564737787402998,1.4499627664075372,-3.759178375829923,2191.25
1754,1.4603756005240243,-1.3166534311454414,1.8784676247810044,-0.5647378090268199,1.4499626911337398,-3.908517509497049,2192.5
1755,1.4603755286132363,-1.3166534351367396,1.8784676418120672,-0.5647378215594959,1.449962619119164,-4.047856643164325,2193.75
1756,1.4603754620821745,-1.3166534459394421,1.8784676509060008,-0.5647378193798173,1.4499625526155615,-4.17719577683184,2195.0
1757,1.4603754008126,-1.3166534597192712,1.8784676556901838,-0.5647378099495555,1.4499624914378173,-4.296534910499451,2196.25
1758,1.4603753457762862,-1.3166534742678713,1.878467657953442,-0.5647377972732763,1.44996243652169,-4.405874044167216,2197.5
1759,1.4603752991726804,-1.316653493434025,1.8784676534536524,-0.5647377732746046,1.449962390138767,-4.505213177835101,2198.75
1760,1.4603752572604387,-1.3166535106708093,1.8784676494068302,-0.5647377516917642,1.449962348424993,-4.594552311503067,2200.0
1761,1.4603752206357565,-1.316653526426315,1.878467645220851,-0.5647377314886247,1.449962311985781,-4.6738914451711295,2201.25
1762,1.4603751938113028,-1.3166535440921723,1.8784676364138275,-0.5647377048225892,1.4499622854035654,-4.743230578839135,2202.5
1763,1.4603751708554369,-1.3166535592102826,1.8784676288769413,-0.5647376820022947,1.449962262655003,-4.8025697125069815,2203.75
1764,1.460375151768159,-1.3166535717806431,1.8784676226101897,-0.5647376630277405,1.4499622437400927,-4.851908846174782,2205.0
1765,1.460375136549469,-1.3166535818032568,1.8784676176135755,-0.5647376478989277,1.4499622286588354,-4.8912479798425945,2206.25
1766,1.460375125199367,-1.3166535892781241,1.8784676138871,-0.564737636615856,1.4499622174112305,-4.9205871135104475,2207.5
1767,1.4603751177178532,-1.316653594205245,1.8784676114307626,-0.5647376291785254,1.4499622099972784,-4.939926247178256,2208.75
1768,1.460458620723266,-1.31598424724895,1.8775787975865175,-0.5645182476815866,1.450046982383128,-4.94995446221165,2210.0
1769,1.4609690013906333,-1.3118932851830936,1.8721465099626078,-0.5631774442329776,1.4505651208998558,-4.951757806418207,2211.25
1770,1.4612140921889014,-1.3099287771519355,1.8695378921135906,-0.5625335857949314,1.4508139342759026,-4.944455116906117,2212.5
1771,1.4612140973622116,-1.3099287733810365,1.8695378946756185,-0.5625335935900984,1.4508139332410974,-4.928714951818713,2213.75
1772,1.4612141058222161,-1.3099287672144198,1.8695378988653468,-0.5625336063376702,1.4508139315488626,-4.902974786731264,2215.0
1773,1.4612141175689142,-1.3099287586520856,1.869537904682776,-0.562533624037647,1.4508139291991982,-4.867234621643853,2216.25
1774,1.4612141326023065,-1.3099287476940336,1.8695379121279059,-0.5625336466900286,1.450813926192104,-4.821494456556454,2217.5
1775,1.461214151068814,-1.3099287346288921,1.869537922271662,-0.5625336787226427,1.4508139236463522,-4.765754293255036,2218.75
1776,1.4612141728956787,-1.309928719313239,1.8695379345818903,-0.5625337179352561,1.450813921006013,-4.700014130476273,2220.0
1777,1.4612142037471962,-1.3099287034690061,1.8695379429089685,-0.562533748707599,1.450813939567036,-4.624273976765956,2221.25
1778,1.4612142437452358,-1.309928687134673,1.8695379471277975,-0.5625337707319287,1.4508139797909396,-4.538533830590697,2222.5
1779,1.4612142884415436,-1.3099286688830825,1.8695379518042627,-0.5625337952079723,1.4508140249739596,-4.442793694939637,2223.75
1780,1.4612143397019868,-1.3099286520715774,1.8695379530501932,-0.5625338144018878,1.45081407656249,-4.337053566041629,2225.0
1781,1.4612143987071478,-1.309928638806071,1.8695379484136254,-0.5625338234229874,1.4508141355328874,-4.221313445474662,2226.25
1782,1.4612144628095307,-1.3099286243936163,1.8695379433733694,-0.5625338332105008,1.4508141995917263,-4.095573333214677,2227.5
1783,1.4612145323629326,-1.309928620544237,1.869537926834876,-0.5625338210128358,1.4508142692447434,-3.9598332272288417,2228.75
1784,1.4612146070405116,-1.3099286164189345,1.8695379090708544,-0.5625338079021303,1.4508143440289063,-3.8140931213333364,2230.0
1785,1.4612146809552833,-1.3099286254329567,1.8695378791722261,-0.5625337695109448,1.4508144182794962,-3.658353022288823,2231.25
1786,1.461214756858404,-1.309928638022902,1.8695378453344849,-0.5625337236180067,1.4508144945857104,-3.49296105605451,2232.5
1787,1.4612148210690519,-1.3099286613455137,1.8695378047921871,-0.5625336602023383,1.4508145593584953,-3.3309525969469718,2233.75
1788,1.4612148747845666,-1.309928687531973,1.8695377645983218,-0.5625335941962071,1.4508146136607358,-3.178944137839278,2235.0
1789,1.4612149155435552,-1.3099287182039798,1.8695377239411717,-0.5625335231483649,1.4508146550533798,-3.0369356787313944,2236.25
1790,1.4612149470470126,-1.3099287493424767,1.869537685527722,-0.5625334538120514,1.4508146871762562,-2.9049272196233273,2237.5
1791,1.4612149658902607,-1.3099287823478494,1.8695376490277638,-0.5625333844322115,1.450814706640889,-2.7829187605150185,2238.75
1792,1.4612149831890873,-1.3099288126480457,1.8695376155193926,-0.5625333207388495,1.4508147245101708,-2.6709103014065825,2240.0
1793,1.4612149846394005,-1.3099288434584748,1.8695375861243542,-0.5625332605361869,1.450814726501526,-2.5689018422980503,2241.25
1794,1.461214985500067,-1.309928871349107,1.8695375596460309,-0.562533206166567,1.4508147278508687,-2.476893383189452,2242.5
1795,1.4612149862671917,-1.3099288962084246,1.8695375360455189,-0.5625331577061452,1.4508147290535574,-2.3948849240807815,2243.75
1796,1.4612149783337594,-1.3099289185118623,1.869537517370175,-0.562533116665753,1.450814721490064,-2.322876464972102,2245.0
1797,1.4612149698701289,-1.3099289378081087,1.869537501676513,-0.5625330816112071,1.450814713342625,-2.260868005863521,2246.25
1798,1.4612149627714137,-1.3099289539924794,1.8695374885137395,-0.562533052209849,1.4508147065091097,-2.208859546755007,2247.5
1799,1.4612149570376143,-1.3099289670649767,1.8695374778818552,-0.5625330284616784,1.4508147009895183,-2.166851087646545,2248.75
1800,1.4612149526687301,-1.309928977025601,1.869537469780862,-0.5625330103666957,1.4508146967838507,-2.1348426285380144,2250.0
1801,1.4612149496647615,-1.309928983874353,1.8695374642107605,-0.5625329979249005,1.450814693892107,-2.112834169429529,2251.25
1802,1.461226048839454,-1.309838907949131,1.869417147788853,-0.5625027687179612,1.45082596707139,-2.1007153358738333,2252.5
1803,1.4616555753690292,-1.3063534332243787,1.8647618321307624,-0.5613333651081762,1.4512622240309236,-2.0963274746497067,2253.75
1804,1.4620408931366529,-1.3032267042601995,1.8605856755566967,-0.5602843308465087,1.4516535776181294,-2.1016091450077976,2255.0
1805,1.4620422810411342,-1.303215447311059,1.8605706495987147,-0.5602805658192607,1.451654982652019,-2.114669966889313,2256.25
1806,1.4620422830440125,-1.3032154406828447,1.8605706569569667,-0.5602805843399676,1.451654976537366,-2.137716161948739,2257.5
1807,1.4620422859159619,-1.303215431178574,1.8605706675080462,-0.5602806108970153,1.451654967769497,-2.1707623570082077,2258.75
1808,1.4620422896569827,-1.3032154187982474,1.8605706812519531,-0.5602806454904032,1.4516549563484122,-2.213808552067606,2260.0
1809,1.4620422941118956,-1.3032154033826158,1.860570697578398,-0.5602806855545874,1.4516549410545179,-2.266854735980268,2261.25
1810,1.4620422992380968,-1.303215384887956,1.860570716319827,-0.5602807303852002,1.4516549215529744,-2.3299009088379967,2262.5
1811,1.4620423032565937,-1.3032153632725463,1.8605707377363319,-0.5602807794034005,1.4516549050176948,-2.4029470771054737,2263.75
1812,1.4620423024168265,-1.3032153381707792,1.8605707612468612,-0.560280826901369,1.451654903280493,-2.4859932333608734,2265.0
1813,1.4620423014980966,-1.303215310038655,1.8605707875667974,-0.5602808800463814,1.451654901513613,-2.579039382501442,2266.25
1814,1.4620422984090777,-1.303215279364672,1.8605708169252213,-0.560280938778838,1.451654897658047,-2.6820855247067548,2267.5
1815,1.4620422810799196,-1.3032152489684576,1.860570850646596,-0.560281002763727,1.4516548798111137,-2.795131656811537,2268.75
1816,1.4620422622182576,-1.3032152158843524,1.8605708873544304,-0.5602810724230627,1.451654860388684,-2.9181777804664852,2270.0
1817,1.462042228904746,-1.3032151854243463,1.8605709257909615,-0.5602811410899228,1.4516548264792566,-3.051223898333356,2271.25
1818,1.4620421881367847,-1.30321515471071,1.8605709666355303,-0.560281212367477,1.4516547850740225,-3.1942700144790677,2272.5
1819,1.462042132732956,-1.3032151296180061,1.8605710064306238,-0.5602812768670326,1.4516547290957473,-3.347316125876173,2273.75
1820,1.4620420685670161,-1.3032151062748538,1.8605710471222703,-0.560281340449811,1.4516546643647579,-3.510362230929289,2275.0
1821,1.4620419922252963,-1.3032150952305204,1.8605710797471278,-0.5602813835772441,1.451654587644086,-3.674998061341563,2276.25
1822,1.4620419187196365,-1.3032150876837099,1.86057110824623,-0.5602814191007931,1.4516545138276713,-3.829702656638629,2277.5
1823,1.4620418450972412,-1.303215091732485,1.8605711258353292,-0.5602814321151668,1.451654440097469,-3.974407251935917,2278.75
1824,1.4620417765985767,-1.3032150966653855,1.8605711410999273,-0.5602814419572402,1.4516543715189338,-4.109111847233386,2280.0
1825,1.4620417134820478,-1.3032151108466237,1.8605711460707237,-0.5602814322933538,1.4516543084976954,-4.233816442531068,2281.25
1826,1.4620416554268019,-1.3032151238906686,1.8605711506429055,-0.5602814234044078,1.4516542505300984,-4.348521037828907,2282.5
1827,1.4620416055797074,-1.303215141314229,1.8605711486946537,-0.560281403673002,1.4516542008673432,-4.453225633126815,2283.75
1828,1.4620415617811242,-1.3032151593312882,1.86057114442727,-0.5602813810719557,1.4516541572781885,-4.547930228424806,2285.0
1829,1.4620415226072991,-1.303215175445896,1.8605711406104812,-0.5602813608573867,1.4516541182916776,-4.632634823722876,2286.25
1830,1.4620414913519204,-1.3032151921394424,1.8605711339445068,-0.5602813372710205,1.4516540872529866,-4.707339419021004,2287.5
1831,1.4620414666764316,-1.3032152084034907,1.8605711257703814,-0.5602813126530228,1.4516540628026353,-4.772044014319013,2288.75
1832,1.4620414458145035,-1.3032152221539535,1.8605711188595537,-0.5602812918396999,1.4516540421310493,-4.826748609616938,2290.0
1833,1.4620414287661352,-1.3032152333908296,1.860571113212023,-0.5602812748310515,1.451654025238229,-4.871453204914855,2291.25
1834,1.462041415531328,-1.3032152421141219,1.8605711088277919,-0.5602812616270787,1.4516540121241748,-4.9061578002127275,2292.5
1835,1.462041406110081,-1.3032152483238297,1.8605711057068608,-0.5602812522277815,1.4516540027888862,-4.930862395510669,2293.75
1836,1.4620414005023945,-1.3032152520199536,1.8605711038492296,-0.5602812466331599,1.4516539972323639,-4.945566990808594,2295.0
1837,1.462334046921091,-1.3008111674009901,1.8573416180122333,-0.5594561420346552,1.4519513686051513,-4.952118772924226,2296.25
1838,1.4628098450361269,-1.2969025325673118,1.8520910267408894,-0.5581146681589592,1.4524348474650934,-4.949315619998922,2297.5
1839,1.4628573913501868,-1.2965119697894252,1.8515663765870316,-0.5579806299592315,1.452483157199457,-4.938547609888219,2298.75
1840,1.462857397955103,-1.2965119649832402,1.8515663798724287,-0.5579806399104706,1.4524831559215818,-4.918221602312235,2300.0
1841,1.4628574078095098,-1.2965119578125057,1.851566384774178,-0.5579806547575257,1.4524831540150167,-4.8878955947362055,2301.25
1842,1.4628574209134064,-1.2965119482772214,1.8515663912922782,-0.5579806745003967,1.452483151479762,-4.847569587160215,2302.5
1843,1.4628574373068688,-1.2965119364581272,1.851566399725368,-0.5579807003679031,1.4524831486259313,-4.797243582650435,2303.75
1844,1.4628574571056796,-1.2965119225884916,1.8515664109362588,-0.5579807359102933,1.452483146349491,-4.73691758829861,2305.0
1845,1.4628574802115808,-1.2965119064277613,1.8515664239794252,-0.5579807772804278,1.4524831437910894,-4.666591594031569,2306.25
1846,1.4628575171548173,-1.2965118913377887,1.8515664279096742,-0.5579807976594695,1.4524831809405436,-4.586265616266022,2307.5
1847,1.4628575587083592,-1.296511874365093,1.851566432317462,-0.5579808205356972,1.4524832228056959,-4.495939642283677,2308.75
1848,1.4628576048897814,-1.2965118555031565,1.8515664371842537,-0.5579808458462326,1.4524832695298904,-4.395613677099591,2310.0
1849,1.4628576597324277,-1.296511841963901,1.8515664340645297,-0.5579808568194562,1.4524833244223014,-4.285287722068681,2311.25
1850,1.4628577202115385,-1.296511828379102,1.8515664292694751,-0.5579808660112378,1.4524833848620005,-4.16496177445418,2312.5
1851,1.4628577858735246,-1.296511818859619,1.8515664191151293,-0.5579808658259419,1.4524834505446145,-4.034635833606194,2313.75
1852,1.462857856766202,-1.2965118149769246,1.8515664021029365,-0.5579808532040678,1.4524835215402152,-3.8943098962297285,2315.0
1853,1.4628579301836346,-1.2965118165885907,1.8515663791495243,-0.5579808291644353,1.4524835951639261,-3.7439839618338757,2316.25
1854,1.4628580050410775,-1.2965118261717656,1.8515663482249671,-0.5579807891918211,1.452483670372621,-3.5836580340657664,2317.5
1855,1.46285807448719,-1.2965118449324138,1.8515663101859,-0.5579807328862014,1.4524837403184359,-3.417496177071903,2318.75
1856,1.462858136005024,-1.2965118673445557,1.8515662710015828,-0.557980671726051,1.452483802380957,-3.260076170128796,2320.0
1857,1.4628581800211609,-1.2965118972960696,1.851566229783011,-0.557980600864899,1.4524838470318375,-3.112656163185563,2321.25
1858,1.4628582189121717,-1.2965119266264526,1.8515661906485434,-0.5579805326723429,1.452483886534153,-2.975236156242174,2322.5
1859,1.462858241200974,-1.296511959488339,1.8515661530139393,-0.5579804623281652,1.45248390945595,-2.847816149298602,2323.75
1860,1.4628582590841663,-1.2965119908640326,1.8515661180729266,-0.5579803961324974,1.452483927935223,-2.730396142354869,2325.0
1861,1.4628582690636198,-1.2965120210006196,1.8515660866123518,-0.5579803345999357,1.4524839384696604,-2.622976135410954,2326.25
1862,1.4628582699652606,-1.2965120501617764,1.8515660587250855,-0.5579802775511864,1.4524839398869671,-2.525556128466987,2327.5
1863,1.4628582707743492,-1.2965120763295834,1.8515660337003939,-0.557980226358395,1.45248394115879,-2.4381361215229025,2328.75
1864,1.4628582684328997,-1.2965120996715167,1.8515660122720923,-0.5579801815659137,1.452483939222632,-2.360716114578807,2330.0
1865,1.4628582593621788,-1.2965121203835643,1.85156599529895,-0.5579801438107923,1.4524839304944819,-2.293296107634776,2331.25
1866,1.4628582516368627,-1.2965121380235196,1.8515659808433307,-0.5579801116556588,1.4524839230609254,-2.2358761006908257,2332.5
1867,1.4628582452569519,-1.2965121525913799,1.8515659689052306,-0.5579800851005126,1.452483916921962,-2.1884560937469426,2333.75
1868,1.4628582402224457,-1.2965121640871482,1.8515659594846547,-0.5579800641453543,1.4524839120775923,-2.151036086803048,2335.0
1869,1.4628582365333445,-1.2965121725108253,1.8515659525816026,-0.5579800487901837,1.452483908527816,-2.1236160798591133,2336.25
1870,1.462858234189648,-1.296512177862411,1.8515659481960747,-0.557980039035001,1.4524839062726334,-2.106196072915224,2337.5
1871,1.4630135001704916,-1.295220905355697,1.849821469691986,-0.5575269897472874,1.4526417542580612,-2.097611021306678,2338.75
1872,1.4635134589760164,-1.2910630103914849,1.8442042708308755,-0.5560681907292767,1.4531500265187516,-2.097698920931415,2340.0
1873,1.463663077129513,-1.289818718662678,1.8425232738711579,-0.5556316382013272,1.4533021296641684,-2.106421397968289,2341.25
1874,1.4636630786501434,-1.2898187136687043,1.842523279449414,-0.5556316521781447,1.45330212509252,-2.124008006762571,2342.5
1875,1.4636630810354259,-1.2898187058350847,1.8425232881995466,-0.5556316741023825,1.453302117921366,-2.1515946155568955,2343.75
1876,1.463663084285361,-1.2898186951618198,1.8425233001215564,-0.5556317039740408,1.453302108150707,-2.18918122435115,2345.0
1877,1.4636630883999484,-1.289818681648909,1.842523315215443,-0.5556317417931195,1.4533020957805425,-2.2367678331454197,2346.25
1878,1.4636630930797625,-1.2898186649817116,1.842523332280888,-0.5556317825395464,1.4533020784280828,-2.2943544195088115,2347.5
1879,1.4636630985565502,-1.289818645403749,1.8425233522469047,-0.555631830098714,1.4533020579375364,-2.361941004833945,2348.75
1880,1.4636630996098294,-1.28981862242314,1.8425233743767966,-0.5556318768326023,1.4533020506578511,-2.439527578024995,2350.0
1881,1.4636630987357113,-1.2898185962807602,1.8425233990464194,-0.5556319264863994,1.4533020488528712,-2.5271141464160674,2351.25
1882,1.4636630977993974,-1.28981856714034,1.842523426495284,-0.5556319816844083,1.4533020471502236,-2.624700702622935,2352.5
1883,1.463663087612057,-1.2898185371496662,1.8425234577581424,-0.5556320422500309,1.453302036330136,-2.7322872518893817,2353.75
1884,1.463663069834968,-1.2898185059215437,1.84252349265459,-0.5556321082408249,1.4533020180164105,-2.8498737931974274,2355.0
1885,1.4636630473994339,-1.2898184733327696,1.8425235302129255,-0.5556321782301894,1.4533019950033925,-2.9774603268253346,2356.25
1886,1.4636630087313167,-1.2898184441431122,1.8425235692958843,-0.5556322462327146,1.453301955724476,-3.11504685531796,2357.5
1887,1.4636629647049206,-1.2898184145122764,1.842523610367714,-0.5556323166264789,1.4533019110658725,-3.262633382649681,2358.75
1888,1.463662903550258,-1.289818392203177,1.8425236494934423,-0.5556323776246369,1.4533018493665908,-3.4202199030259326,2360.0
1889,1.4636628343634863,-1.289818373761134,1.842523687294663,-0.5556324333723129,1.4533017796839642,-3.5864281667021665,2361.25
1890,1.4636627601037646,-1.2898183642300485,1.8425237181084868,-0.5556324731829629,1.4533017050736667,-3.7465897183248598,2362.5
1891,1.4636626871831957,-1.2898183628285103,1.8425237407998178,-0.5556324967493924,1.453301631949617,-3.896751269947707,2363.75
1892,1.4636626168673446,-1.28981836666474,1.8425237577477105,-0.5556325093522357,1.453301561529325,-4.036912821570752,2365.0
1893,1.4636625517555277,-1.289818376276056,1.8425237676798938,-0.5556325092005566,1.4533014964279822,-4.1670743731939215,2366.25
1894,1.4636624917881669,-1.2898183897379893,1.8425237724437626,-0.5556325000662278,1.4533014365518193,-4.28723592481731,2367.5
1895,1.4636624375074923,-1.289818403301783,1.842523775445123,-0.5556324891085859,1.4533013823780796,-4.397397476440793,2368.75
1896,1.4636623918333866,-1.2898184220938602,1.8425237709541193,-0.5556324654912742,1.4533013369244894,-4.497559028064468,2370.0
1897,1.463662350719325,-1.2898184390097571,1.8425237669114867,-0.5556324442318834,1.4533012960089269,-4.587720579688175,2371.25
1898,1.4636623142496326,-1.289818454113132,1.8425237632320004,-0.5556324251821247,1.4533012597170512,-4.667882131311978,2372.5
1899,1.4636622878682108,-1.28981847151345,1.8425237544135156,-0.5556323987687728,1.4533012335787985,-4.738043682935687,2373.75
1900,1.4636622652468863,-1.2898184864337323,1.8425237468519136,-0.5556323761200683,1.4533012111659844,-4.798205234559351,2375.0
1901,1.4636622463856575,-1.2898184988739763,1.8425237405471915,-0.5556323572360108,1.4533011924786081,-4.848366786182932,2376.25
1902,1.463662231284526,-1.289818508834184,1.842523735499352,-0.5556323421166008,1.4533011775166704,-4.888528337806477,2377.5
1903,1.4636622199434908,-1.2898185163143565,1.842523731708396,-0.5556323307618387,1.4533011662801707,-4.91868988943009,2378.75
1904,1.4636622123625525,-1.2898185213144928,1.842523729174324,-0.5556323231717245,1.4533011587691091,-4.9388514410536875,2380.0
1905,1.46371419964827,-1.2893808026237819,1.8419290593141162,-0.555475424238995,1.4533540361988808,-4.949507674359874,2381.25
1906,1.4641803600972771,-1.285456130333381,1.8365971747871497,-0.5540686806465994,1.453828177381914,-4.952180704871029,2382.5
1907,1.4644561934927889,-1.283133870152804,1.833442259703006,-0.5532363036337034,1.4541087305541276,-4.945537928105726,2383.75
1908,1.4644561982548576,-1.2831338666937926,1.8334422620830053,-0.5532363108090738,1.4541087296613355,-4.930716298059431,2385.0
1909,1.4644562062298443,-1.2831338609010223,1.833442266068765,-0.5532363228255922,1.4541087281661853,-4.905894668013118,2386.25
1910,1.4644562174177493,-1.283133852774493,1.8334422716602858,-0.5532363396832585,1.4541087260686774,-4.871073037966844,2387.5
1911,1.4644562318185725,-1.2831338423142047,1.8334422788575675,-0.5532363613820729,1.4541087233688121,-4.826251407920553,2388.75
1912,1.4644562495529183,-1.2831338297685828,1.8334422885761996,-0.5532363916707171,1.4541087210116461,-4.771429792175242,2390.0
1913,1.4644562705839974,-1.283133815061845,1.8334423005368838,-0.5532364294056659,1.4541087187088917,-4.706608183128499,2391.25
1914,1.4644562993882422,-1.2831337995462677,1.8334423095762924,-0.5532364613302887,1.454108733297764,-4.6317865816120785,2392.5
1915,1.4644563378562,-1.283133783831324,1.8334423137046343,-0.5532364825888478,1.454108771978109,-4.54696498911424,2393.75
1916,1.4644563808870381,-1.2831337662532487,1.833442318289909,-0.5532365062529171,1.4541088154475066,-4.452143406116942,2395.0
1917,1.4644564298834166,-1.2831337493361459,1.833442320364558,-0.553236526462363,1.454108864809395,-4.347321829982723,2396.25
1918,1.4644564867955887,-1.2831337365635145,1.8334423158147073,-0.5532365350748967,1.4541089216870617,-4.23250026236727,2397.5
1919,1.4644565486634522,-1.2831337226776207,1.8334423108652738,-0.5532365444236187,1.4541089835112437,-4.107678703989541,2398.75
1920,1.464456615801032,-1.2831337180154554,1.8334422955752265,-0.5532365342790527,1.4541090507349062,-3.9728571513837716,2400.0
1921,1.464456687951179,-1.2831337140927885,1.8334422781070656,-0.5532365212570038,1.4541091229911083,-3.828035599513436,2401.25
1922,1.4644567599165426,-1.2831337217131549,1.8334422496751737,-0.5532364857260625,1.4541091952687886,-3.67321405355439,2402.5
1923,1.4644568345665023,-1.2831337327746164,1.8334422171693003,-0.5532364426990524,1.4541092702990825,-3.5084827427350307,2403.75
1924,1.464456897355066,-1.2831337557068814,1.833442176818972,-0.553236379867815,1.4541093336498347,-3.34556098208284,2405.0
1925,1.4644569513759536,-1.283133780473448,1.8334421372953098,-0.5532363159647876,1.4541093882439238,-3.1926392214305794,2406.25
1926,1.4644569912670709,-1.2831338106119778,1.833442096797783,-0.5532362456120014,1.4541094287689282,-3.0497174607780635,2407.5
1927,1.464457023665375,-1.2831338405763395,1.8334420586693667,-0.5532361777480586,1.4541094617795771,-2.916795700125392,2408.75
1928,1.4644570421307053,-1.2831338730164357,1.8334420222739158,-0.5532361090394973,1.454109480866954,-2.793873939472531,2410.0
1929,1.4644570590938337,-1.2831339028174404,1.8334419888393214,-0.5532360459205536,1.454109498401524,-2.6809521788195085,2411.25
1930,1.4644570619095572,-1.2831339328169131,1.8334419593745737,-0.553235986470089,1.4541095017573835,-2.578030418166368,2412.5
1931,1.4644570627606095,-1.2831339602810758,1.8334419329075882,-0.5532359325389806,1.4541095030986733,-2.4851086575130963,2413.75
1932,1.4644570635200733,-1.2831339847896128,1.8334419092889083,-0.553235884411799,1.4541095042956165,-2.402186896859839,2415.0
1933,1.4644570566995188,-1.2831340067496304,1.8334418903315046,-0.553235843439876,1.4541094978485813,-2.329265136206572,2416.25
1934,1.4644570483532882,-1.2831340258319888,1.8334418745696062,-0.5532358085306691,1.4541094898209674,-2.2663433755533773,2417.5
1935,1.4644570413335036,-1.2831340418816337,1.8334418613127055,-0.5532357791694962,1.454109483069162,-2.2134216149002683,2418.75
1936,1.464457035640165,-1.2831340548985652,1.833441850560803,-0.553235755356357,1.4541094775931658,-2.17049985424722,2420.0
1937,1.4644570312732719,-1.2831340648827854,1.833441842313901,-0.5532357370912521,1.4541094733929785,-2.137578093594075,2421.25
1938,1.4644570282328246,-1.283134071834294,1.8334418365719993,-0.5532357243741812,1.4541094704686,-2.114656332940976,2422.5
1939,1.4644589130694632,-1.2831179963721888,1.8334198675984443,-0.5532298327387276,1.4541113886108032,-2.1017142477665365,2423.75
1940,1.4648247352473447,-1.2800000328290304,1.829160476018385,-0.5520887710626726,1.4544836564123644,-2.0965060694142106,2425.0
1941,1.4652296036088208,-1.2765492789355022,1.8244464727273526,-0.5508259279838452,1.45489565680534,-2.1009750896625587,2426.25
1942,1.4652403372241591,-1.2764578001666242,1.8243215138821511,-0.5507924609723137,1.4549065753800463,-2.1131286588816476,2427.5
1943,1.4652403391194118,-1.2764577939886705,1.8243215208293113,-0.5507924782977447,1.4549065697631558,-2.135166673259792,2428.75
1944,1.4652403418746571,-1.2764577850074006,1.8243215309288248,-0.5507925034847874,1.4549065615975376,-2.1672046876379794,2430.0
1945,1.465240345489895,-1.2764577732228135,1.824321544180691,-0.5507925365334416,1.4549065508831913,-2.209242702016069,2431.25
1946,1.4652403498493063,-1.2764577585102475,1.8243215601116904,-0.5507925754750431,1.4549065366870177,-2.2612807086000792,2432.5
1947,1.4652403548573543,-1.2764577407668705,1.824321578331474,-0.5507926186856853,1.4549065182393224,-2.3233187035143334,2433.75
1948,1.4652403594733823,-1.2764577200482903,1.8243215993113286,-0.5507926670815341,1.4549065004832347,-2.3953566955040784,2435.0
1949,1.4652403586634553,-1.2764576958712892,1.8243216223091236,-0.5507927131911453,1.454906498803447,-2.477394673837348,2436.25
1950,1.4652403577718933,-1.2764576687411113,1.8243216480929352,-0.5507927648635986,1.4549064970607846,-2.569432646225803,2437.5
1951,1.4652403562798486,-1.276457638778111,1.8243216767154133,-0.5507928220658171,1.4549064947850128,-2.6714706115219795,2438.75
1952,1.4652403395711113,-1.2764576093926527,1.8243217098030995,-0.5507928844074296,1.4549064775648648,-2.7835085655394463,2440.0
1953,1.4652403213713803,-1.2764575773851998,1.8243217458470466,-0.5507929523256447,1.4549064588104803,-2.905546512038951,2441.25
1954,1.4652402908883877,-1.2764575471947175,1.8243217837774315,-0.5507930202300038,1.4549064277376864,-3.0375844523492606,2442.5
1955,1.4652402515149148,-1.2764575174252482,1.824321823929181,-0.550793089872305,1.4549063877352486,-3.1796223902380585,2443.75
1956,1.4652401995810311,-1.2764574920192582,1.8243218636053193,-0.5507931545811351,1.4549063352190426,-3.3316603240260116,2445.0
1957,1.4652401375611597,-1.2764574693438782,1.824321903640648,-0.5507932168430233,1.4549062726406736,-3.4936982513857116,2446.25
1958,1.4652400642367238,-1.2764574570990206,1.8243219370157604,-0.5507932619291794,1.4549061989161347,-3.6590691048710777,2447.5
1959,1.4652399928592994,-1.2764574483193833,1.8243219664952275,-0.5507932996679594,1.4549061272053296,-3.8147766023253773,2448.75
1960,1.465239920766754,-1.276457452226288,1.824321984027145,-0.5507933127646379,1.4549060550041948,-3.960484099779964,2450.0
1961,1.4652398536231908,-1.2764574559045254,1.8243220003176337,-0.5507933248848157,1.4549059877602029,-4.0961915972347045,2451.25
1962,1.4652397917522397,-1.2764574697832656,1.8243220052760387,-0.5507933155087482,1.4549059259840325,-4.221899094689598,2452.5
1963,1.4652397348031074,-1.2764574825579498,1.8243220098399957,-0.550793306878542,1.4549058691221406,-4.337606592144654,2453.75
1964,1.4652396854085716,-1.2764574988563233,1.8243220087973586,-0.5507932891725545,1.4549058198964637,-4.443314089599834,2455.0
1965,1.4652396423675622,-1.2764575165672165,1.8243220045259063,-0.5507932668714096,1.454905777065258,-4.539021587055101,2456.25
1966,1.4652396038236934,-1.2764575324275829,1.8243220007007515,-0.5507932469003991,1.4549057387092719,-4.624729084510497,2457.5
1967,1.4652395724215097,-1.2764575484369098,1.8243219946251577,-0.5507932245822091,1.454905707515299,-4.700436581965899,2458.75
1968,1.4652395480563172,-1.2764575645160403,1.8243219864058853,-0.5507932001020085,1.454905683376973,-4.766144079421204,2460.0
1969,1.4652395273992544,-1.2764575781480931,1.8243219794375003,-0.5507931793474403,1.4549056629122499,-4.821851576876409,2461.25
1970,1.4652395104503213,-1.2764575893330674,1.8243219737200007,-0.5507931623185045,1.45490564612113,-4.867559074331568,2462.5
1971,1.465239497209518,-1.276457598070965,1.8243219692533899,-0.5507931490152015,1.4549056330036132,-4.903266571786766,2463.75
1972,1.4652394876768442,-1.276457604361786,1.824321966037668,-0.5507931394375315,1.4549056235596995,-4.928974069241974,2465.0
1973,1.4652394818523005,-1.2764576082055306,1.8243219640728348,-0.5507931335854945,1.4549056177893884,-4.944681566697167,2466.25
1974,1.4654666432533028,-1.2744975646446022,1.8216297444724472,-0.5500611842160841,1.4551368968419554,-4.952016153350789,2467.5
1975,1.4659333430204433,-1.270470732580393,1.8160986934526941,-0.5485574311892918,1.4556120552395742,-4.950261715732051,2468.75
1976,1.4660123906114473,-1.2697887094449927,1.8151619058756188,-0.548302746512697,1.4556925318667668,-4.940306478301066,2470.0
1977,1.466012396720537,-1.2697887050158216,1.815161908944468,-0.548302755720374,1.4556925307544983,-4.921077092003858,2471.25
1978,1.4660124060065827,-1.2697886982833162,1.8151619136092336,-0.5483027697163876,1.4556925290638092,-4.891847705706661,2472.5
1979,1.466012418469583,-1.269788689247476,1.8151619198699156,-0.5483027885007374,1.455692526794699,-4.852618319409504,2473.75
1980,1.4660124341290783,-1.2697886779494643,1.815161927877619,-0.5483028126889019,1.4556925241021874,-4.80338893596577,2475.0
1981,1.4660124531274925,-1.2697886646893255,1.815161938733771,-0.5483028467671983,1.4556925221162382,-4.744159573198658,2476.25
1982,1.4660124753335073,-1.2697886491904087,1.8151619514228239,-0.54830288659911,1.4556925197949904,-4.67493021043153,2477.5
1983,1.466012509764473,-1.2697886343842852,1.8151619563341703,-0.5483029088296446,1.4556925515781753,-4.5957008624428,2478.75
1984,1.4660125496828567,-1.2697886180758817,1.815161960648421,-0.5483029309017562,1.4556925917633388,-4.5064715186056725,2480.0
1985,1.4660125941046822,-1.2697885999284237,1.815161965413607,-0.5483029553376149,1.4556926367007592,-4.4072421850622066,2481.25
1986,1.4660126464380725,-1.2697885860571696,1.8151619633698501,-0.5483029678455427,1.4556926891435844,-4.298012860391053,2482.5
1987,1.4660127047261797,-1.2697885729844147,1.8151619586671919,-0.5483029766150603,1.455692747392829,-4.1787835433784455,2483.75
1988,1.4660127680192507,-1.2697885626545187,1.8151619498442206,-0.5483029785629154,1.4556928106906963,-4.049554233554348,2485.0
1989,1.4660128364358975,-1.26978855895728,1.8151619331304345,-0.5483029660488761,1.4556928792095918,-3.910324927950361,2486.25
1990,1.4660129079397037,-1.269788559175788,1.8151619117341196,-0.5483029449592058,1.455692950893766,-3.7610956246650473,2487.5
1991,1.4660129802564499,-1.2697885685156138,1.8151618813200083,-0.5483029057358183,1.4556930235578398,-3.6018663281013015,2488.75
1992,1.4660130492183048,-1.269788585438862,1.815161844602338,-0.5483028525990882,1.4556930929948058,-3.435508888156147,2490.0
1993,1.4660131094754039,-1.2697886074901286,1.8151618055290344,-0.5483027919134712,1.455693153797426,-3.2769975299517444,2491.25
1994,1.4660131543505757,-1.2697886357940709,1.8151617649962097,-0.5483027234010535,1.4556931992920672,-3.128486171747244,2492.5
1995,1.4660131924859272,-1.2697886646463696,1.8151617259325996,-0.5483026557597497,1.4556932380399685,-2.9899748135425384,2493.75
1996,1.4660132161849686,-1.2697886962232494,1.8151616885243946,-0.5483025869423886,1.4556932623645589,-2.861463455337592,2495.0
1997,1.4660132337479954,-1.2697887271091197,1.8151616535991566,-0.548302521253972,1.4556932805254794,-2.742952097132518,2496.25
1998,1.4660132451925674,-1.26978875642852,1.8151616219941458,-0.5483024604075377,1.4556932925246229,-2.63444073892726,2497.5
1999,1.466013246085569,-1.2697887851755345,1.815161594066229,-0.5483024037330131,1.45569329393569,-2.535929380721913,2498.75
2000,1.4660132468879215,-1.269788811004402,1.815161568973301,-0.5483023528115836,1.4556932952035182,-2.447418022516514,2500.0
2001,1.4660132457452146,-1.2697888340153318,1.8151615471683766,-0.5483023079823777,1.4556932944708856,-2.3689066643110452,2501.25
2002,1.4660132367838292,-1.2697888545257117,1.8151615300863084,-0.5483022703195441,1.4556932858552627,-2.300395306105692,2502.5
2003,1.4660132291304584,-1.269788872042372,1.8151615154975593,-0.548302238154023,1.4556932784971868,-2.241883947900355,2503.75
2004,1.4660132227851022,-1.2697888865653095,1.8151615034021262,-0.5483022114858137,1.4556932723966574,-2.193372589695108,2505.0
2005,1.4660132177477605,-1.2697888980945278,1.8151614938000125,-0.5483021903149169,1.4556932675536742,-2.15486123148989,2506.25
2006,1.4660132140184334,-1.2697889066300272,1.8151614866912187,-0.5483021746413325,1.455693263968238,-2.126349873284604,2507.5
2007,1.4660132115971207,-1.2697889121718076,1.815161482075745,-0.5483021644650605,1.4556932616403484,-2.1078385150793633,2508.75
2008,1.4661166287248806,-1.2688855642315817,1.8139139874862695,-0.5479581206667523,1.4557986066617044,-2.0984168720271095,2510.0
2009,1.4665837766150345,-1.2648050651540432,1.808278976411793,-0.5464040734409674,1.4562744625203194,-2.0973679294210026,2511.25
2010,1.466775890462614,-1.263126970399433,1.8059615983379045,-0.5457649826725586,1.4564701549606291,-2.1052288553764162,2512.5
2011,1.466775891865209,-1.2631269658607138,1.8059616034788935,-0.5457649954319276,1.456470150858575,-2.121631483304653,2513.75
2012,1.4667758941229077,-1.2631269585549265,1.805961611754129,-0.545765015970153,1.4564701442556687,-2.1480341112328762,2515.0
2013,1.4667758972357101,-1.263126948482071,1.8059616231636122,-0.5457650442872352,1.456470135151911,-2.1844367391610584,2516.25
2014,1.4667759012036166,-1.2631269356421473,1.8059616377073422,-0.5457650803831737,1.4564701235473012,-2.230839367089255,2517.5
2015,1.4667759057815186,-1.2631269197648254,1.80596165436461,-0.5457651200349012,1.4564701074429163,-2.287241988294984,2518.75
2016,1.4667759111193561,-1.2631269010154733,1.8059616737598132,-0.5457651658257898,1.4564700880615544,-2.353644608185328,2520.0
2017,1.4667759129488647,-1.2631268790309007,1.8059616954539814,-0.5457652121824832,1.4564700787542324,-2.430047217933545,2521.25
2018,1.4667759121057031,-1.2631268538908773,1.8059617195676299,-0.5457652603317001,1.4564700770030754,-2.5164498212845148,2522.5
2019,1.4667759111977072,-1.2631268258293018,1.805961746438363,-0.545765313941286,1.4564700753244177,-2.612852413119221,2523.75
2020,1.466775903112321,-1.2631267965073385,1.8059617768793343,-0.5457653728847159,1.4564700665787216,-2.7192549982382097,2525.0
2021,1.4667758859847864,-1.2631267663602759,1.805961811101235,-0.5457654371196176,1.4564700489213664,-2.835657575150151,2526.25
2022,1.4667758662935366,-1.2631267340736794,1.8059618481570494,-0.5457655063190715,1.4564700286582808,-2.9620601439348433,2527.5
2023,1.466775828991891,-1.2631267058367066,1.8059618865408547,-0.5457655726718446,1.456469990754646,-3.0984627067850874,2528.75
2024,1.4667757883460086,-1.2631266759319815,1.8059619275311483,-0.5457656432745709,1.4564699494678208,-3.2448652691649897,2530.0
2025,1.4667757292923937,-1.2631266543039237,1.8059619659984025,-0.5457657029368599,1.4564698898765402,-3.4012678244858794,2531.25
2026,1.4667756642382421,-1.2631266348565586,1.8059620041434168,-0.5457657600512806,1.4564698243090701,-3.565584679046356,2532.5
2027,1.4667755932955946,-1.263126625679535,1.8059620341156104,-0.5457657986767623,1.4564697530236599,-3.7228533455552784,2533.75
2028,1.4667755246487888,-1.2631266221580848,1.805962057939671,-0.5457658255143634,1.4564696841418066,-3.8701220120643547,2535.0
2029,1.4667754576527892,-1.2631266257692013,1.8059620743802265,-0.5457658378466285,1.4564696170434939,-4.00739067857361,2536.25
2030,1.4667753956371843,-1.2631266323233479,1.805962086495259,-0.5457658429466258,1.4564695549910884,-4.134659345083076,2537.5
2031,1.4667753387035771,-1.263126645086303,1.805962091098732,-0.5457658343626065,1.4564694981453339,-4.2519280115927565,2538.75
2032,1.466775286624942,-1.2631266567609019,1.8059620953096405,-0.5457658265105806,1.4564694461470598,-4.359196678102541,2540.0
2033,1.4667752425460536,-1.2631266728794985,1.8059620928464044,-0.545765807598755,1.4564694022486555,-4.456465344612415,2541.25
2034,1.4667752038339072,-1.2631266888100592,1.8059620889683647,-0.5457657874999672,1.4564693637270152,-4.5437340111223135,2542.5
2035,1.4667751695577342,-1.2631267029151547,1.8059620855347003,-0.5457657697042718,1.4564693296195181,-4.621002677632275,2543.75
2036,1.4667751413724044,-1.2631267164475064,1.8059620808425847,-0.5457657512681201,1.4564693016077583,-4.688271344142193,2545.0
2037,1.4667751204258357,-1.263126730276075,1.805962073710832,-0.5457657301496881,1.4564692808581898,-4.745540010652036,2546.25
2038,1.4667751031368637,-1.2631267416899605,1.8059620678243944,-0.5457657127188629,1.456469263731819,-4.792808677161804,2547.5
2039,1.4667750895054883,-1.2631267506891617,1.8059620631832698,-0.5457656989756439,1.4564692502286452,-4.830077343671561,2548.75
2040,1.4667750795317096,-1.263126757273679,1.80596205978746,-0.5457656889200313,1.456469240348669,-4.85734601018138,2550.0
2041,1.4667750732155278,-1.2631267614435138,1.8059620576369655,-0.5457656825520257,1.45646923409189,-4.874614676691183,2551.25
2042,1.466758324761323,-1.2632714865244599,1.8061688570706986,-0.5458277401678002,1.4564521216012343,-4.882047853719704,2552.5
2043,1.4665849674138924,-1.2647697130978242,1.8083097280171467,-0.5464702114892702,1.4562749953501408,-4.880803134548076,2553.75
2044,1.4665575951057905,-1.265006305629173,1.8086478085333024,-0.5465716721743459,1.4562470278343538,-4.870462383771559,2555.0
2045,1.4665037524681224,-1.26547169444085,1.8093128290593854,-0.5467712501888763,1.4561920143947342,-4.850121632995117,2556.25
2046,1.4664234395008877,-1.26616587953286,1.8103047895954028,-0.5470689455328634,1.4561099550312822,-4.819780882218551,2557.5
2047,1.46631649723053,-1.2670889348163905,1.8116230562122995,-0.5474640501067025,1.4560006939361647,-4.779440108389218,2558.75
2048,1.4661816877908649,-1.2682414352707523,1.8132626916709735,-0.5479510496723824,1.455863017896217,-4.729099156883188,2560.0
2049,1.4660200990719783,-1.269622874674394,1.8152280332217277,-0.5485347894765972,1.4556979931399998,-4.668758205377224,2561.25
2050,1.465831349026233,-1.2712334531814504,1.8175176104426396,-0.549213598819455,1.4555052452336483,-4.598417197802713,2562.5
2051,1.4656145096822026,-1.2730736565412064,1.8201278509397765,-0.5499834192569857,1.4552838647012676,-4.518076017202215,2563.75
2052,1.46537023773854,-1.2751431538451812,1.8230613122785364,-0.5508471391104945,1.455034494992772,-4.427734775661924,2565.0
2053,1.4650972822364714,-1.2774426379055428,1.8263132653844738,-0.5517993350554036,1.4547559096216442,-4.327393318774543,2566.25
2054,1.4647957559327338,-1.2799720905005731,1.8298842399756023,-0.5528405551588775,1.4544482187345846,-4.217051678824205,2567.5
2055,1.4644654560804422,-1.282731641039684,1.8337735098282024,-0.55396994355221,1.4541112234160618,-4.096709851229659,2568.75
2056,1.4641052361963511,-1.2857220302393122,1.8379769884914814,-0.5551826717347578,1.453743798789664,-3.9663677054845254,2570.0
2057,1.463714761066897,-1.2889435459311323,1.8424936490187944,-0.5564774245088319,1.4533456154530224,-3.8260252275853173,2571.25
2058,1.463293687502437,-1.292396478426538,1.84732243038702,-0.5578528501118698,1.4529163361924895,-3.67568240646732,2572.5
2059,1.4628413964239368,-1.2960806868278865,1.8524600875972976,-0.5593058436660828,1.452455356129521,-3.5153694582499875,2573.75
2060,1.462388672898335,-1.2997428039277958,1.8575517912011792,-0.5607349738144916,1.4519940647135097,-3.3561262434854795,2575.0
2061,1.4619612405958207,-1.3031773084510898,1.862313347272229,-0.5620615938669928,1.4515586593272487,-3.206882641638366,2576.25
2062,1.461559764260266,-1.3063837636344262,1.8667471089740497,-0.5632884945293745,1.4511497922337842,-3.0676387160666776,2577.5
2063,1.4611848760446733,-1.3093617218918798,1.8708552371652405,-0.5644182849999155,1.4507680839519115,-2.9383945229107766,2578.75
2064,1.460836196500178,-1.312111558420996,1.8746366911424275,-0.56544954888089,1.4504131612298998,-2.8191500095062865,2580.0
2065,1.4605152996705386,-1.3146320207558473,1.8780965207086804,-0.5663885903748269,1.45008657015418,-2.7099053365818326,2581.25
2066,1.4602226583583293,-1.3169227111505535,1.8812361903712844,-0.567237272325018,1.4497887752912395,-2.610660535359093,2582.5
2067,1.4599575718219828,-1.3189842703929724,1.884053654071995,-0.567992906988869,1.4495190877223618,-2.52141552550436,2583.75
2068,1.459721961520153,-1.3208150272242165,1.8865547306664256,-0.5686629869023118,1.4492793958441248,-2.4421704895175447,2585.0
2069,1.4595146107803099,-1.322416076287698,1.8887358245385557,-0.569242820256791,1.449068503643776,-2.3729252978387976,2586.25
2070,1.459336992689912,-1.3237861003569644,1.8906013086859075,-0.569738099148565,1.4488878591347634,-2.313680081765532,2587.5
2071,1.4591893547569295,-1.3249248780640643,1.8921519177646882,-0.570149779916372,1.448737705612363,-2.2644348656922997,2588.75
2072,1.4590707157964729,-1.3258333105982694,1.8933847974146776,-0.5704741057531897,1.4486170784117716,-2.2251895432891176,2590.0
2073,1.4589823021044894,-1.326510272197003,1.8943035161408843,-0.5707157724983004,1.4485271831791848,-2.195944220264464,2591.25
2074,1.4589241201496999,-1.326955756920558,1.8949080927646318,-0.570874804921025,1.448468026274402,-2.1766988972398162,2592.5
2075,1.4588961279832156,-1.327170085276491,1.89519896183518,-0.5709513170205357,1.4484395650491562,-2.16745357851907,2593.75
2076,1.458683275849005,-1.3287963804327605,1.8974039268986995,-0.5715297711148223,1.4482231641428627,-2.167205915468523,2595.0
2077,1.4586800268427822,-1.328820785317669,1.8974367589661791,-0.571538195218613,1.4482198631444096,-2.1756993792346395,2596.25
2078,1.4586798916925887,-1.328820907240501,1.8974363667467622,-0.5715376814074098,1.4482197304706728,-2.1941624509116733,2597.5
2079,1.4586796833421198,-1.3288210951993824,1.897435762092803,-0.5715368893049164,1.4482195259379629,-2.2226255225887317,2598.75
2080,1.4586794017404794,-1.3288213491529939,1.8974349448529906,-0.5715358182724999,1.4482192491492147,-2.261088576435258,2600.0
2081,1.4586790468779933,-1.3288216690935613,1.897433914998568,-0.5715344681891839,1.4482189000292762,-2.3095516154569053,2601.25
2082,1.4586786187921823,-1.3288220550515668,1.897432672641083,-0.571532839525873,1.4482184788709465,-2.3680146544785954,2602.5
2083,1.4586785176726274,-1.3288221287374427,1.8974323964901665,-0.5715324893755476,1.4482183789591645,-2.4364776793034837,2603.75
2084,1.458678516899546,-1.3288221043694073,1.8974324190648737,-0.5715325359859376,1.448218377584116,-2.5149407003597988,2605.0
2085,1.458678516038454,-1.3288220768913062,1.8974324445038158,-0.5715325884912871,1.4482183761170648,-2.603403714792158,2606.25
2086,1.4586785099721484,-1.328822047473345,1.8974324732626442,-0.5715326463295636,1.4482183694481354,-2.701866724469313,2607.5
2087,1.4586784928624752,-1.328822017449133,1.8974325058524133,-0.5715327088252244,1.4482183518011078,-2.8103297266011102,2608.75
2088,1.4586784741755667,-1.328821984657081,1.897432541448073,-0.5715327770879014,1.448218332528815,-2.928792720706435,2610.0
2089,1.458678439777258,-1.3288219549228237,1.8974325787159074,-0.5715328438587612,1.4482182975438553,-3.057255706916022,2611.25
2090,1.4586783991728631,-1.328821924328326,1.8974326185521302,-0.5715329140164063,1.4482182563190291,-3.195718688413765,2612.5
2091,1.4586783438345012,-1.3288218993143874,1.897432657451931,-0.5715329775527496,1.4482182004207196,-3.3441816684624652,2613.75
2092,1.4586782796610505,-1.3288218759871566,1.8974326973214224,-0.5715330403100294,1.4482181356951984,-3.5026446422748894,2615.0
2093,1.4586782019645554,-1.3288218640484644,1.8974327305499898,-0.5715330849410375,1.4482180576096315,-3.666718731670036,2616.25
2094,1.4586781263748319,-1.3288218556019034,1.8974327599543153,-0.571533122269396,1.4482179816956668,-3.8219319759579373,2617.5
2095,1.4586780503409518,-1.328821859831424,1.8974327777905047,-0.5715331353471842,1.448217905553633,-3.9671452202459454,2618.75
2096,1.458677979562055,-1.3288218643884615,1.8974327938220863,-0.571533146329241,1.448217834684675,-4.102358464534192,2620.0
2097,1.4586779143391193,-1.3288218790918787,1.8974327989040143,-0.5715331362512125,1.448217769558683,-4.22757170882256,2621.25
2098,1.4586778543251318,-1.32882189262102,1.8974328035800723,-0.5715331269780508,1.4482177096338975,-4.342784953111087,2622.5
2099,1.4586778025309717,-1.328821910258392,1.897432802115743,-0.5715331075122694,1.4482176580188393,-4.447998197399768,2623.75
2100,1.4586777572105933,-1.328821928940607,1.897432797836547,-0.5715330842314472,1.4482176129108386,-4.543211441688554,2625.0
2101,1.4586777166500968,-1.3288219456606731,1.8974327940067788,-0.5715330633957482,1.4482175725404143,-4.628424685977453,2626.25
2102,1.4586776839450961,-1.328821962751056,1.897432787589437,-0.5715330396565919,1.448217540050488,-4.70363793026629,2627.5
2103,1.4586776583476213,-1.3288219796481806,1.8974327793183319,-0.571533014306317,1.4482175146816592,-4.768851174555044,2628.75
2104,1.458677636675342,-1.328821993954247,1.897432772315542,-0.5715329928433311,1.4482174932029646,-4.824064418843753,2630.0
2105,1.4586776189282584,-1.3288220056692543,1.8974327665810673,-0.5715329752676341,1.4482174756144048,-4.869277663132388,2631.25
2106,1.4586776051063706,-1.328822014793205,1.89743276211491,-0.5715329615792265,1.448217461915979,-4.904490907421063,2632.5
2107,1.4586775952096784,-1.3288220213260993,1.89743275891707,-0.5715329517781085,1.4482174521076883,-4.929704151709721,2633.75
2108,1.458677589238182,-1.328822025267937,1.8974327569875478,-0.57153294586428,1.4482174461895316,-4.94491739599839,2635.0
2109,1.4589610250583414,-1.3266075512330926,1.894522250036717,-0.5708372028722986,1.4485049448677754,-4.9518209989237025,2636.25
2110,1.4594763465869312,-1.3225814029512575,1.889230647216267,-0.5695722757371751,1.4490276519678205,-4.949478883140945,2637.5
2111,1.4595404066342315,-1.32208093305773,1.8885728800521304,-0.5694150449845254,1.449092626029848,-4.939031052877656,2638.75
2112,1.4595404132583254,-1.3220809282069474,1.8885728833008586,-0.5694150549727157,1.4490926246939655,-4.919119531787638,2640.0
2113,1.4595404232091835,-1.322080920919996,1.888572888181168,-0.5694150699771929,1.4490926226871736,-4.889208010697574,2641.25
2114,1.4595404364868063,-1.322080911196876,1.88857289469306,-0.5694150899979571,1.449092620009473,-4.84929648960755,2642.5
2115,1.4595404531258895,-1.32208089910352,1.8885729030834373,-0.569415116061977,1.449092616922665,-4.799384970222576,2643.75
2116,1.4595404732646724,-1.3220808849026215,1.8885729143360361,-0.5694151522609869,1.4490926144698462,-4.739473458299544,2645.0
2117,1.4595404967648768,-1.322080868331411,1.888572927466838,-0.569415194502076,1.4490926116076204,-4.669561946376441,2646.25
2118,1.4595405341786465,-1.3220808527200605,1.88857293178437,-0.569415216298039,1.449092648112193,-4.589650450440176,2647.5
2119,1.4595405767420262,-1.3220808352958804,1.8885729361682304,-0.5694152396376279,1.4490926909903434,-4.499738958332908,2648.75
2120,1.4595406240701567,-1.3220808159226523,1.888572941008197,-0.5694152654656213,1.4490927388826904,-4.399827475435282,2650.0
2121,1.459540680096217,-1.322080801656852,1.8885729382274634,-0.5694152775649822,1.4490927949886037,-4.289916002198,2651.25
2122,1.4595407421125355,-1.3220807876820277,1.888572933363545,-0.5694152870770302,1.4490928569663128,-4.170004536433699,2652.5
2123,1.4595408094456546,-1.322080777396189,1.8885729235634576,-0.5694152880094892,1.4490929243142556,-4.040093077527591,2653.75
2124,1.459540882173027,-1.322080773372261,1.8885729064289012,-0.569415275405928,1.4490929971441857,-3.9001816222789945,2655.0
2125,1.4595409577520235,-1.32208077442296,1.8885728837793707,-0.5694152522323397,1.4490930729202214,-3.7502701696951863,2656.25
2126,1.4595410345720934,-1.3220807842288953,1.8885728526698786,-0.5694152118513267,1.4490931500921553,-3.590358723817342,2657.5
2127,1.4595411066036958,-1.3220808029448972,1.8885728146858956,-0.5694151556499963,1.4490932226175677,-3.424090546801782,2658.75
2128,1.4595411700634653,-1.3220808260578996,1.888572775090139,-0.5694150933788418,1.4490932866263935,-3.2662509983411,2660.0
2129,1.459541216172869,-1.3220808565100408,1.888572733676905,-0.5694150218279642,1.4490933333697487,-3.1184114498802344,2661.25
2130,1.4595412563036623,-1.3220808867910252,1.8885726941367917,-0.5694149522796297,1.4490933741172884,-2.9805719014191925,2662.5
2131,1.459541280037756,-1.3220809204350132,1.8885726561862959,-0.5694148808424775,1.4490933984868917,-2.8527323529578816,2663.75
2132,1.459541298496576,-1.3220809528567607,1.8885726208801676,-0.5694148132353793,1.4490934175476098,-2.7348928044964866,2665.0
2133,1.459541309450925,-1.3220809838650198,1.8885725890347942,-0.5694147504504414,1.4490934290616366,-2.6270532560349653,2666.25
2134,1.459541310376056,-1.322081014028628,1.8885725608477348,-0.5694146920985981,1.449093430507992,-2.5292137075733416,2667.5
2135,1.459541311206631,-1.3220810411092638,1.8885725355416172,-0.5694146397107892,1.4490934318065185,-2.4413741591116525,2668.75
2136,1.4595413092407385,-1.322081065256416,1.8885725137529994,-0.5694145937551651,1.4490934302514318,-2.363534610649866,2670.0
2137,1.459541299845061,-1.3220810867264228,1.8885724965734596,-0.5694145550345239,1.4490934212027748,-2.295695062188178,2671.25
2138,1.4595412918343686,-1.3220811050316081,1.888572481926298,-0.5694145220215622,1.4490934134879498,-2.237855513726577,2672.5
2139,1.4595412852086618,-1.3220811201719684,1.8885724698115114,-0.56941449471628,1.4490934071069572,-2.1900159652650077,2673.75
2140,1.45954127996794,-1.3220811321475079,1.8885724602291034,-0.5694144731186774,1.4490934020597965,-2.152176416803484,2675.0
2141,1.4595412761122033,-1.3220811409582265,1.8885724531790749,-0.5694144572287547,1.4490933983464684,-2.1243368683418913,2676.25
2142,1.4595412736414521,-1.322081146604124,1.888572448661425,-0.5694144470465118,1.449093395966972,-2.1064973198803156,2677.5
2143,1.459686964422549,-1.3209287686784337,1.8870487940346936,-0.5690433186132873,1.4492412413633873,-2.097615250891007,2678.75
2144,1.4602174659491982,-1.316732657801655,1.88150078868751,-0.5676919642756875,1.4497795878418995,-2.0973302731534136,2680.0
2145,1.4603919185134207,-1.3153527929788844,1.87967636785137,-0.5672475874996094,1.4499566172781164,-2.1057868068933336,2681.25
2146,1.4603919200246485,-1.3153527879275244,1.8796763733773738,-0.5672476015302096,1.4499566126328625,-2.123046772782436,2682.5
2147,1.4603919224114446,-1.315352779949531,1.879676382105009,-0.5672476236897945,1.4499566052962627,-2.1503067386715244,2683.75
2148,1.460391925673809,-1.3153527690449034,1.8796763940342749,-0.5672476539783644,1.4499565952683167,-2.1875667045605987,2685.0
2149,1.4603919298117414,-1.3153527552136424,1.8796764091651716,-0.5672476923959191,1.4499565825490248,-2.2348266704496886,2686.25
2150,1.4603919345188237,-1.3153527381524757,1.8796764263226136,-0.5672477339710519,1.4499565647601607,-2.2920866206807644,2687.5
2151,1.460391940019357,-1.3153527180834002,1.8796764463667748,-0.5672477823428779,1.4499565436426054,-2.3593465696199187,2688.75
2152,1.4603919412983497,-1.31535269453662,1.8796764685877387,-0.5672478301284327,1.4499565354209407,-2.4366065069909024,2690.0
2153,1.4603919404049506,-1.315352667712968,1.8796764933121533,-0.5672478804905047,1.4499565335746152,-2.52386643934555,2691.25
2154,1.4603919394496252,-1.3153526378014027,1.8796765208310746,-0.5672479364931461,1.449956531840403,-2.62112635942923,2692.5
2155,1.4603919295204344,-1.3153526068899106,1.8796765521395464,-0.567247997961259,1.4499565212617715,-2.728386272880665,2693.75
2156,1.4603919112912853,-1.3153525748212789,1.8796765871660908,-0.567248064922809,1.4499565024955703,-2.845646178322725,2695.0
2157,1.4603918888539695,-1.3153525411125875,1.879676624930525,-0.567248136242956,1.4499564794796957,-2.97290607601749,2696.25
2158,1.460391849177333,-1.315352511134661,1.879676664192443,-0.5672482052137888,1.4499564391902418,-3.1101659684418057,2697.5
2159,1.460391804541708,-1.3153524803392809,1.8796767056404637,-0.5672482771533882,1.4499563939152862,-3.257425859995913,2698.75
2160,1.4603917417677632,-1.31535245743438,1.8796767449776597,-0.567248338959598,1.4499563305949899,-3.414685744526188,2700.0
2161,1.460391671060331,-1.3153524380219692,1.879676783353653,-0.5672483962554241,1.4499562593826052,-3.5808009524119386,2701.25
2162,1.46039159451386,-1.3153524282164653,1.879676814486544,-0.56724843665779,1.4499561824833265,-3.741294231577882,2702.5
2163,1.4603915195301174,-1.315352426356334,1.8796768377898545,-0.5672484612942226,1.4499561072878508,-3.891787510743922,2703.75
2164,1.4603914470247052,-1.3153524303474122,1.8796768549452605,-0.5672484739475224,1.4499560346777753,-4.032280789910214,2705.0
2165,1.4603913798603356,-1.315352439925911,1.8796768653740714,-0.5672484743229882,1.4499559675181093,-4.16277406907666,2706.25
2166,1.460391317999069,-1.3153524538561205,1.8796768702349724,-0.5672484648150561,1.4499559057494635,-4.283267348243319,2707.5
2167,1.4603912618348542,-1.3153524676201889,1.8796768736109346,-0.5672484540284429,1.4499558496886427,-4.393760627410104,2708.75
2168,1.4603912146904405,-1.315352487060216,1.8796768691195647,-0.5672484297605782,1.449955802767331,-4.494253906576975,2710.0
2169,1.4603911722373266,-1.3153525045657792,1.8796768650751225,-0.5672484079075866,1.449955760515119,-4.584747185743931,2711.25
2170,1.4603911344755132,-1.315352520136881,1.8796768614776111,-0.5672483884694688,1.4499557229320061,-4.665240464910938,2712.5
2171,1.4603911070896118,-1.3153525380685558,1.879676852702001,-0.5672483615650801,1.4499556957904551,-4.735733744077917,2713.75
2172,1.460391083687569,-1.3153525535312602,1.879676845073351,-0.5672483383052601,1.4499556725996297,-4.796227023244807,2715.0
2173,1.4603910641540625,-1.3153525664378594,1.8796768387057723,-0.5672483188904655,1.4499556532424243,-4.846720302411627,2716.25
2174,1.4603910484890918,-1.3153525767883556,1.8796768335992673,-0.5672483033206963,1.4499556377188394,-4.887213581578426,2717.5
2175,1.4603910366926571,-1.3153525845827494,1.879676829753837,-0.5672482915959527,1.4499556260288746,-4.9177068607452945,2718.75
2176,1.4603910287647586,-1.315352589821041,1.8796768271694813,-0.5672482837162346,1.4499556181725297,-4.938200139912118,2720.0
2177,1.4604359662933544,-1.31499272044633,1.8791982003269634,-0.5671295717325592,1.4500012410970124,-4.949099116022826,2721.25
2178,1.4609238107989035,-1.3110862847087676,1.8740026883284504,-0.565840989545536,1.4504965251349144,-4.952057181733558,2722.5
2179,1.4612298185207047,-1.3086359355049182,1.8707437576627137,-0.5650327185907634,1.4508071968842098,-4.945627771727334,2723.75
2180,1.4612298233164418,-1.3086359319988525,1.8707437600241623,-0.5650327258196162,1.4508071959515205,-4.931046155093916,2725.0
2181,1.4612298314010714,-1.3086359260883447,1.8707437640050806,-0.56503273800598,1.4508071943791978,-4.906464538460452,2726.25
2182,1.4612298427745936,-1.3086359177733944,1.8707437696054683,-0.5650327551498551,1.450807192167241,-4.871882921827028,2727.5
2183,1.4612298574370084,-1.308635907054002,1.870743776825326,-0.5650327772512411,1.4508071893156504,-4.827301305193587,2728.75
2184,1.461229875511844,-1.3086358941700058,1.8707437865602716,-0.5650328080181269,1.4508071867685257,-4.772719689275047,2730.0
2185,1.4612298969690167,-1.3086358790629948,1.870743798592183,-0.5650328465474533,1.450807184295937,-4.708138073728252,2731.25
2186,1.4612299261965325,-1.3086358630379014,1.870743807924125,-0.565032879781665,1.4508071982523292,-4.633556465326472,2732.5
2187,1.46122996565369,-1.3086358468804935,1.8707438120331208,-0.5650329014942981,1.4508072379332702,-4.548974866382696,2733.75
2188,1.4612300098041862,-1.308635828802447,1.8707438165984382,-0.5650329256735582,1.4508072825340927,-4.454393276518641,2735.0
2189,1.461230059975567,-1.3086358111990901,1.870743818867882,-0.5650329468203814,1.450807333101292,-4.349811693499783,2736.25
2190,1.4612301183893666,-1.3086357980503505,1.870743814249315,-0.5650329557399709,1.4508073914812634,-4.235230119046842,2737.5
2191,1.461230181900214,-1.3086357837531715,1.8707438092241995,-0.5650329654233684,1.4508074549488,-4.1106485540218936,2738.75
2192,1.4612302508197772,-1.30863577866099,1.8707437940709577,-0.5650329558445446,1.4508075239508225,-3.976066994552185,2740.0
2193,1.4612303249026952,-1.3086357746024064,1.8707437764655355,-0.5650329428212315,1.4508075981395494,-3.831485435888556,2741.25
2194,1.461230398943559,-1.3086357820894974,1.8707437481113645,-0.5650329075021857,1.4508076724881311,-3.6769038829892473,2742.5
2195,1.4612304759371908,-1.3086357931037182,1.8707437156172457,-0.565032864536432,1.4508077498581267,-3.512372370737575,2743.75
2196,1.461230540606032,-1.3086358167399101,1.8707436749164652,-0.565032800651615,1.450807815092918,-3.349205525290342,2745.0
2197,1.4612305966490349,-1.3086358420094906,1.8707436351834743,-0.5650327360397193,1.450807871709483,-3.1960386798430966,2746.25
2198,1.4612306377398987,-1.3086358730942673,1.8707435943468695,-0.5650326644017176,1.4508079134389105,-3.0528718343956434,2747.5
2199,1.4612306715349264,-1.3086359038329725,1.8707435559391197,-0.565032595487066,1.4508079478489453,-2.9197049889479496,2748.75
2200,1.4612306905567807,-1.3086359373092744,1.870743519244687,-0.5650325254428586,1.4508079674978096,-2.7965381435001038,2750.0
2201,1.4612307080342373,-1.308635968067606,1.8707434855294933,-0.5650324610855884,1.450807985551369,-2.6833712980520423,2751.25
2202,1.4612307113037077,-1.3086359989581489,1.8707434557928981,-0.5650324004740666,1.450807989365064,-2.5802044526039447,2752.5
2203,1.4612307121751702,-1.3086360273228466,1.87074342910291,-0.5650323454186328,1.450807990731126,-2.4870376071557416,2753.75
2204,1.4612307129530944,-1.3086360526430354,1.8707434052776701,-0.5650322962725368,1.4508079919505628,-2.403870761707474,2755.0
2205,1.4612307061726302,-1.3086360753276476,1.870743386091121,-0.5650322543478307,1.4508079855476685,-2.3307039162591616,2756.25
2206,1.4612306975509899,-1.3086360950634908,1.8707433701846303,-0.5650322186396339,1.45080797724797,-2.2675370708109552,2757.5
2207,1.4612306902942493,-1.3086361116749332,1.8707433567963088,-0.5650321885844337,1.450807970262204,-2.2143702253628654,2758.75
2208,1.4612306844024086,-1.3086361251619754,1.8707433459261567,-0.56503216418223,1.4508079645903709,-2.171203379914778,2760.0
2209,1.4612306798754673,-1.3086361355246192,1.8707433375741762,-0.5650321454330232,1.4508079602324706,-2.1380365344666794,2761.25
2210,1.4612306767134255,-1.3086361427628646,1.8707433317403668,-0.5650321323368129,1.4508079571885029,-2.1148696890185685,2762.5
2211,1.4612313811070998,-1.3086304220484184,1.8707356701067912,-0.5650301921157749,1.4508086727497906,-2.1016962872017424,2763.75
2212,1.4616079496034677,-1.3055777187561435,1.8666519529448122,-0.563999557814722,1.4511911604826817,-2.0963309279167675,2765.0
2213,1.4620443552506999,-1.3020399442602253,1.8619193447928488,-0.5628051648899451,1.4516344243856691,-2.100620047151091,2766.25
2214,1.462057826817702,-1.3019307403547702,1.8617732671750766,-0.5627683071198755,1.4516481034797655,-2.1126376090583636,2767.5
2215,1.4620578287246029,-1.3019307340306738,1.8617732741323363,-0.5627683247066774,1.4516480977143829,-2.134521141749289,2768.75
2216,1.46205783150289,-1.3019307248166894,1.861773284268817,-0.5627683503300253,1.4516480893144246,-2.16640467444023,2770.0
2217,1.4620578351525633,-1.3019307127128166,1.8617732975845196,-0.5627683839899194,1.4516480782798904,-2.2082882071310994,2771.25
2218,1.4620578395558084,-1.301930697599686,1.861773313618912,-0.5627684237476582,1.4516480636847733,-2.2601717313736502,2772.5
2219,1.4620578446017047,-1.3019306793649115,1.861773331938413,-0.5627684677779872,1.4516480446572504,-2.3220552421715666,2773.75
2220,1.4620578493626941,-1.3019306580767194,1.861773353047583,-0.5627685172487862,1.4516480259950926,-2.3939387503090472,2775.0
2221,1.4620578485346463,-1.3019306332203175,1.8617733761237751,-0.5627685640875659,1.4516480242818075,-2.475822244504095,2776.25
2222,1.4620578476229313,-1.301930605322249,1.8617734020010377,-0.5627686165890924,1.4516480225007256,-2.5677057330274113,2777.5
2223,1.4620578463388594,-1.3019305744492229,1.8617734307051843,-0.5627686747225257,1.4516480204160205,-2.6695892145293634,2778.75
2224,1.4620578291881658,-1.301930544223772,1.861773463941546,-0.5627687380530849,1.451648002752894,-2.78147268456865,2780.0
2225,1.4620578105049327,-1.3019305112976127,1.8617735001515203,-0.5627688070564015,1.4516479835138623,-2.9033561472811735,2781.25
2226,1.462057779474967,-1.3019304801290978,1.8617735382968452,-0.5627688761562929,1.4516479518918133,-3.035239603806019,2782.5
2227,1.4620577390389653,-1.301930449505408,1.86177357865849,-0.5627689468634629,1.45164791082405,-3.1771230578877523,2783.75
2228,1.4620576859543521,-1.3019304232028006,1.8617736186416245,-0.5627690127783346,1.4516478571522666,-3.329006507992074,2785.0
2229,1.4620576222468773,-1.3019303998817406,1.8617736589125755,-0.5627690759218418,1.451647792883979,-3.4908899516197414,2786.25
2230,1.4620575470063708,-1.3019303870614176,1.861773692701723,-0.5627691219981,1.451647717238054,-3.656360315821021,2787.5
2231,1.4620574736290048,-1.3019303778166713,1.8617737226063782,-0.5627691606267167,1.451647643522164,-3.8122274190123027,2788.75
2232,1.462057399416173,-1.301930381864066,1.8617737403190562,-0.5627691737620844,1.4516475692006452,-3.958094522203633,2790.0
2233,1.462057330291043,-1.3019303856339823,1.8617737568174224,-0.5627691859969468,1.4516474999742792,-4.093961625395168,2791.25
2234,1.4620572665828362,-1.301930399829653,1.8617737619938843,-0.5627691765202653,1.4516474363597804,-4.219828728586892,2792.5
2235,1.4620572079400076,-1.3019304130220917,1.861773766641405,-0.5627691675542176,1.4516473778053973,-4.335695831778771,2793.75
2236,1.4620571569962495,-1.3019304297221925,1.8617737657773703,-0.5627691496229879,1.4516473270298698,-4.441562934970804,2795.0
2237,1.4620571126606268,-1.3019304480084122,1.861773761515302,-0.5627691267543258,1.4516472829061087,-4.537430038162885,2796.25
2238,1.4620570729497002,-1.3019304643871732,1.8617737576978095,-0.5627691062711169,1.451647243384944,-4.623297141355077,2797.5
2239,1.4620570404942037,-1.3019304808508294,1.8617737516990753,-0.5627690835734631,1.451647211138218,-4.699164244547266,2798.75
2240,1.462057015375714,-1.3019304974611616,1.8617737434376755,-0.5627690585187257,1.4516471862487814,-4.765031347739368,2800.0
2241,1.4620569940707349,-1.3019305115496984,1.8617737364305278,-0.5627690372678197,1.4516471651380807,-4.820898450931464,2801.25
2242,1.4620569765792664,-1.3019305231164384,1.8617737306776299,-0.5627690198207446,1.4516471478061153,-4.866765554123447,2802.5
2243,1.4620569629013087,-1.3019305321613843,1.8617737261789857,-0.5627690061775015,1.4516471342528856,-4.902632657315413,2803.75
2244,1.4620569530368615,-1.3019305386845357,1.861773722934595,-0.5627689963380903,1.4516471244783913,-4.9284997605074485,2805.0
2245,1.4620569469859248,-1.3019305426858927,1.861773720944458,-0.5627689903025109,1.4516471184826327,-4.944366863699466,2806.25
2246,1.4622900511824708,-1.3000174877037136,1.8591998399586132,-0.5621083981850599,1.4518839978298879,-4.95179240445602,2807.5
2247,1.4627865771025939,-1.2959426150871227,1.8537173934734097,-0.5607013227481765,1.4523885640305358,-4.950152681579503,2808.75
2248,1.4628727587607653,-1.2952353656797164,1.8527658451409132,-0.5604571112069769,1.452476137510907,-4.940263216188159,2810.0
2249,1.4628727649907622,-1.2952353611329874,1.852765848221982,-0.5604571205964616,1.4524761363406733,-4.9211038687624065,2811.25
2250,1.4628727744724341,-1.2952353542131463,1.852765852911179,-0.5604571348866791,1.4524761345596497,-4.891944521336666,2812.5
2251,1.4628727872057814,-1.2952353449201919,1.8527658592085046,-0.5604571540776297,1.4524761321678363,-4.852785173910937,2813.75
2252,1.4628728032102083,-1.2952353332926343,1.8527658672572858,-0.560457178759865,1.4524761293154358,-4.803625827915428,2815.0
2253,1.4628728226397345,-1.2952353196361197,1.8527658781951186,-0.5604572136206036,1.4524761271946103,-4.744466492895801,2816.25
2254,1.4628728453535313,-1.2952353036711755,1.8527658909818279,-0.5604572543740283,1.4524761247152904,-4.675307157876128,2817.5
2255,1.4628728806385372,-1.2952352883978555,1.8527658959704572,-0.5604572773064695,1.4524761570759037,-4.5961478375915945,2818.75
2256,1.4628729216506697,-1.295235271600586,1.8527659002702728,-0.5604572998868783,1.452476198366027,-4.506988521473009,2820.0
2257,1.4628729672944156,-1.2952352529075941,1.8527659050187355,-0.5604573248856214,1.452476244546106,-4.4078292156241075,2821.25
2258,1.4628730210328356,-1.295235238557324,1.8527659029877714,-0.56045733790396,1.4524762984041992,-4.298669918561296,2822.5
2259,1.4628730809248172,-1.2952352250878434,1.8527658982099375,-0.5604573469949392,1.4524763582577207,-4.179510629149172,2823.75
2260,1.462873145959018,-1.295235214359126,1.8527658893658159,-0.5604573493201463,1.4524764232958212,-4.050351346901916,2825.0
2261,1.4628732162613474,-1.2952352105407614,1.8527658725121352,-0.5604573367879641,1.4524764937002852,-3.9111920688488007,2826.25
2262,1.462873289779618,-1.2952352106573652,1.8527658510292904,-0.5604573157145596,1.4524765673976183,-3.762032793015733,2827.5
2263,1.4628733640913079,-1.295235220263225,1.8527658204069093,-0.5604572760172506,1.4524766420579018,-3.6028735239434884,2828.75
2264,1.4628734350786068,-1.2952352375885774,1.8527657835031595,-0.5604572222933879,1.4524767135210506,-3.436508834574984,2830.0
2265,1.4628734970514203,-1.2952352603069825,1.8527657441565168,-0.5604571606676036,1.452476776042383,-3.2779223193981277,2831.25
2266,1.4628735433207993,-1.295235289395729,1.8527657033940135,-0.5604570911414645,1.4524768229338,-3.129335804221145,2832.5
2267,1.4628735825413672,-1.2952353191297035,1.8527656640748917,-0.5604570223627598,1.4524768627706055,-2.9907492890439284,2833.75
2268,1.4628736070355348,-1.2952353516252568,1.8527656264441237,-0.560456952404536,1.4524768878936698,-2.862162773866614,2835.0
2269,1.4628736250961014,-1.2952353834617116,1.8527655913025196,-0.5604568855485745,1.452476906555971,-2.7435762586891124,2836.25
2270,1.4628736369719508,-1.2952354136617363,1.8527655594953403,-0.5604568236194831,1.4524769189898692,-2.634989743511457,2837.5
2271,1.4628736378843392,-1.29523544329988,1.8527655314029583,-0.5604567658885513,1.452476920423854,-2.536403228333682,2838.75
2272,1.4628736387041805,-1.2952354699317103,1.8527655061600865,-0.5604567140134838,1.452476921712384,-2.4478167131558743,2840.0
2273,1.4628736375982427,-1.2952354936567945,1.8527654842062016,-0.5604566683210157,1.4524769210195236,-2.36923019797797,2841.25
2274,1.46287362837068,-1.2952355148116255,1.8527654670266018,-0.5604566299154246,1.4524769121402872,-2.300643682800131,2842.5
2275,1.4628736204885076,-1.2952355328820555,1.8527654523518093,-0.5604565971094166,1.4524769045556545,-2.242057167622423,2843.75
2276,1.462873613951725,-1.295235547868082,1.8527654401818212,-0.5604565699029921,1.4524768982656253,-2.19347065244474,2845.0
2277,1.4628736087603333,-1.2952355597697078,1.8527654305166408,-0.5604565482961511,1.4524768932702004,-2.154884137267094,2846.25
2278,1.4628736049143314,-1.2952355685869332,1.852765423356268,-0.5604565322888934,1.4524768895693791,-2.1262976220893797,2847.5
2279,1.4628736024137197,-1.2952355743197588,1.8527654187007032,-0.5604565218812192,1.4524768871631615,-2.1077111069116823,2848.75
2280,1.4629800684729826,-1.2943510200003714,1.8515685576211476,-0.5601443214856271,1.4525851289925904,-2.09824972134972,2850.0
2281,1.4634752188222717,-1.2902371858374724,1.8460022938979894,-0.558692386788194,1.4530885374897553,-2.0971699269196846,2851.25
2282,1.4636782696666302,-1.288550192028677,1.8437196961450817,-0.5580969872333925,1.4532949722182933,-2.1050148131342485,2852.5
2283,1.4636782710898202,-1.2885501873447864,1.8437197013296847,-0.5580970002797262,1.453294967981663,-2.121430883074945,2853.75
2284,1.4636782733799594,-1.288550179807661,1.843719709672536,-0.558097021273354,1.45329496116425,-2.1478469530156272,2855.0
2285,1.4636782765370482,-1.2885501694173005,1.8437197211736356,-0.558097050214276,1.453294951766055,-2.1842630229562965,2856.25
2286,1.463678280561086,-1.2885501561737052,1.843719735832984,-0.5580970871024923,1.453294939787077,-2.2306790928969806,2857.5
2287,1.4636782851919954,-1.2885501398070243,1.843719752614418,-0.5580971275984014,1.4532949231574968,-2.2870951430991964,2858.75
2288,1.4636782905890946,-1.2885501204825616,1.8437197721526708,-0.5580971743603556,1.4532949031452413,-2.3535111895079037,2860.0
2289,1.4636782924276024,-1.288550097827748,1.8437197939719365,-0.558097221596521,1.4532948935621215,-2.4299272257258804,2861.25
2290,1.4636782915642434,-1.288550071925045,1.843719818201724,-0.5580972705938938,1.4532948917735449,-2.5163432555333114,2862.5
2291,1.4636782906356145,-1.288550043012663,1.8437198452008006,-0.5580973251454133,1.4532948900620881,-2.6127592739530536,2863.75
2292,1.463678282315588,-1.288550012804456,1.8437198757972046,-0.5580973851105406,1.4532948810745858,-2.719175285670779,2865.0
2293,1.4636782647156585,-1.2885499817420092,1.8437199102019,-0.5580974504438092,1.4532948629430282,-2.8355912891931636,2866.25
2294,1.4636782444637952,-1.2885499484825211,1.8437199474547459,-0.5580975208135477,1.4532948421173866,-2.962007284634729,2867.5
2295,1.4636782061252236,-1.2885499193903112,1.8437199860598463,-0.5580975882432535,1.4532948031735353,-3.098423274215505,2868.75
2296,1.4636781643324899,-1.2885498885914146,1.8437200272812815,-0.5580976599715752,1.453294760736514,-3.244839263403133,2870.0
2297,1.4636781036329352,-1.2885498663109547,1.8437200659899395,-0.5580977205275393,1.4532946994965903,-3.40125524550177,2871.25
2298,1.4636780360836192,-1.2885498462065899,1.8437201046462708,-0.5580977788051058,1.4532946314285418,-3.5670250383982545,2872.5
2299,1.46367796128227,-1.288549836512996,1.8437201356068829,-0.5580978189214378,1.453294556274158,-3.7283569844870534,2873.75
2300,1.4636778884686676,-1.2885498334968002,1.8437201596943904,-0.5580978455000853,1.4532944832299317,-3.8796889305759494,2875.0
2301,1.4636778175666167,-1.2885498373328093,1.8437201767662827,-0.5580978582231418,1.4532944122225575,-4.021020876665105,2876.25
2302,1.4636777518299464,-1.2885498457208415,1.8437201880409986,-0.5580978606332483,1.4532943464733008,-4.152352822754358,2877.5
2303,1.4636776912792988,-1.288549859330597,1.843720192881359,-0.5580978514235204,1.453294286014645,-4.273684768843792,2878.75
2304,1.4636776358823853,-1.2885498721065998,1.843720197003773,-0.5580978423670033,1.453294230707609,-4.3850167149333785,2880.0
2305,1.4636775896751786,-1.2885498911681537,1.8437201925210756,-0.5580978184847325,1.45329418472335,-4.486348661023068,2881.25
2306,1.4636775480279558,-1.2885499083486045,1.8437201884807513,-0.5580977969592957,1.453294143277073,-4.577680607112922,2882.5
2307,1.4636775109407174,-1.288549923647954,1.8437201848828024,-0.5580977777906936,1.4532941063687783,-4.659012553202805,2883.75
2308,1.4636774834946151,-1.2885499409218912,1.8437201766109022,-0.5580977520427107,1.4532940791598896,-4.730344499292626,2885.0
2309,1.4636774604335039,-1.2885499561819402,1.843720168957585,-0.5580977289593233,1.4532940563112258,-4.791676445382333,2886.25
2310,1.463677441132442,-1.28854996895388,1.8437201625521171,-0.558097709639616,1.453294037187972,-4.843008391472023,2887.5
2311,1.4636774255914284,-1.2885499792377115,1.8437201573945,-0.5580976940835892,1.4532940217901276,-4.88434033756164,2888.75
2312,1.4636774138104638,-1.2885499870334356,1.8437201534847354,-0.5580976822912437,1.4532940101176934,-4.915672283651325,2890.0
2313,1.4636774057895479,-1.2885499923410524,1.8437201508228231,-0.5580976742625793,1.453294002170669,-4.937004229740995,2891.25
2314,1.4637000736572785,-1.2883593032732343,1.8434606874211368,-0.5580289224565894,1.4533170593536262,-4.9485665368806036,2892.5
2315,1.4641356799078404,-1.2846954859111954,1.8384755708847706,-0.5567080567281665,1.4537601448452366,-4.952381498141689,2893.75
2316,1.4644712131362436,-1.2818733902022035,1.8346357340405832,-0.5556906499865846,1.4541014368502998,-4.946618143509803,2895.0
2317,1.4644712175239794,-1.2818733870057701,1.8346357362208021,-0.5556906565999156,1.454101436052806,-4.93297081989753,2896.25
2318,1.4644712251268037,-1.2818733814671686,1.8346357399985642,-0.5556906680591277,1.4541014346709527,-4.909323496285269,2897.5
2319,1.4644712359447167,-1.2818733735863983,1.8346357453738693,-0.5556906843642211,1.4541014327047403,-4.875676172672991,2898.75
2320,1.4644712499777186,-1.2818733633634594,1.8346357523467176,-0.5556907055151957,1.4541014301541688,-4.832028849060752,2900.0
2321,1.4644712673248348,-1.2818733509992766,1.834635761662137,-0.5556907345665227,1.4541014277954125,-4.778381537060861,2901.25
2322,1.4644712879894493,-1.2818733365007133,1.8346357733455803,-0.5556907716225523,1.454101425654987,-4.714734234050068,2902.5
2323,1.4644713152227213,-1.2818733208077369,1.8346357833705755,-0.555690805946569,1.4541014358034445,-4.641086936625649,2903.75
2324,1.4644713531577307,-1.2818733052684714,1.834635787389816,-0.5556908268956948,1.4541014739488316,-4.557439650161088,2905.0
2325,1.4644713956509772,-1.2818732878628025,1.8346357918646117,-0.5556908502647129,1.4541015168453946,-4.463792371713451,2906.25
2326,1.4644714435780917,-1.2818732701678806,1.8346357949533254,-0.5556908723985152,1.4541015652034386,-4.360145100240535,2907.5
2327,1.4644714999074764,-1.2818732575104144,1.8346357904221262,-0.5556908809109437,1.454101621498821,-4.246497838157857,2908.75
2328,1.4644715611925083,-1.2818732437383553,1.8346357854889876,-0.5556908901588844,1.4541016827408286,-4.122850585179399,2910.0
2329,1.4644716277054495,-1.281873237851263,1.8346357715758748,-0.5556908826070399,1.454101749322493,-3.9892033378682186,2911.25
2330,1.4644716992696025,-1.2818732339928907,1.834635754267329,-0.5556908696758003,1.454101820991906,-3.8455560920188674,2912.5
2331,1.4644717713548285,-1.2818732401065027,1.8346357273721547,-0.555690837189058,1.4541018933613268,-3.6919088513207536,2913.75
2332,1.464471846704826,-1.281873249893529,1.8346356960455708,-0.5556907966208943,1.4541019690689583,-3.5282616168525744,2915.0
2333,1.464471910227605,-1.281873272822761,1.8346356557486523,-0.5556907338512015,1.454102033152951,-3.3641707249326167,2916.25
2334,1.4644719665535662,-1.2818732966722908,1.8346356166886673,-0.555690671345635,1.4541020900387773,-3.210074799879038,2917.5
2335,1.4644720067718184,-1.2818733272164535,1.8346355760120954,-0.5556906004102831,1.4541021308958537,-3.0659788748253223,2918.75
2336,1.4644720414423338,-1.281873356778155,1.8346355378897397,-0.5556905329715163,1.4541021661742253,-2.9318829497713086,2920.0
2337,1.464472060083747,-1.2818733896814714,1.834635501300124,-0.5556904636066383,1.4541021854433438,-2.8077870247172196,2921.25
2338,1.4644720772229831,-1.2818734199333377,1.8346354676589947,-0.555690399831378,1.4541022031597024,-2.6936910996629484,2922.5
2339,1.464472081846744,-1.2818734500081872,1.8346354378506282,-0.5556903399749871,1.4541022083267963,-2.5895951746085792,2923.75
2340,1.4644720827084978,-1.281873477939323,1.834635411172198,-0.5556902853653911,1.4541022096847462,-2.4954992495541526,2925.0
2341,1.464472083478669,-1.2818735029020876,1.8346353873290022,-0.5556902365594041,1.4541022108983812,-2.4114033244995614,2926.25
2342,1.4644720778097549,-1.281873525238683,1.8346353678562157,-0.5556901947037944,1.4541022056107016,-2.3373073994450544,2927.5
2343,1.4644720693078646,-1.2818735447547016,1.834635351881686,-0.5556901591470667,1.4541021974332118,-2.2732114743905822,2928.75
2344,1.4644720621324063,-1.2818735612259047,1.8346353383994392,-0.5556901291377626,1.454102190531542,-2.2191155493361796,2930.0
2345,1.4644720562833804,-1.281873574652292,1.8346353274094755,-0.5556901046758824,1.4541021849056932,-2.1750196242818265,2931.25
2346,1.464472051760787,-1.281873585033866,1.8346353189117979,-0.5556900857614265,1.454102180555665,-2.1409236992274616,2932.5
2347,1.4644720485646257,-1.2818735923706261,1.8346353129064052,-0.5556900723943948,1.4541021774814573,-2.1168277741731134,2933.75
2348,1.4644720466948966,-1.2818735966625727,1.8346353093932983,-0.5556900645747873,1.45410217568307,-2.1027318491187255,2935.0
2349,1.4647798322557255,-1.2792528696351442,1.8310497573157705,-0.5547255446030606,1.4544153994948779,-2.0966236620949807,2936.25
2350,1.4652225568141113,-1.2754831751626463,1.8258922517151697,-0.5533381729770431,1.4548659452845072,-2.099999120153542,2937.5
2351,1.4652551869212305,-1.2752053425048775,1.8255121427541123,-0.553235931148726,1.4548991481145848,-2.1111892529065126,2938.75
2352,1.4652551887199325,-1.2752053366292768,1.8255121493014563,-0.5532359475471575,1.4548991428371438,-2.132049307592913,2940.0
2353,1.4652551913809064,-1.2752053279370008,1.8255121589875003,-0.5532359718067534,1.4548991350297764,-2.162909362279271,2941.25
2354,1.4652551949041515,-1.275205316428049,1.8255121718122433,-0.5532360039275135,1.4548991246924825,-2.2037694169656157,2942.5
2355,1.465255199208892,-1.2752053020165661,1.8255121874477116,-0.5532360425431019,1.4548991111744447,-2.2546294660209614,2943.75
2356,1.4652552041356461,-1.2752052845330377,1.8255122052463513,-0.5532360849558191,1.4548990931906858,-2.3154895007905427,2945.0
2357,1.4652552094874518,-1.2752052641400122,1.8255122259127614,-0.5532361337667677,1.454899073416146,-2.3863495345885193,2946.25
2358,1.4652552086891344,-1.2752052402089324,1.8255122484764086,-0.553236179216512,1.4548990717601296,-2.467209552778793,2947.5
2359,1.4652552078047592,-1.2752052133137435,1.825512273817634,-0.5532362302440069,1.4548990700045077,-2.558069566506429,2948.75
2360,1.4652552068475322,-1.275205183449712,1.8255123019230124,-0.5532362868043916,1.4548990682589187,-2.658929572096171,2950.0
2361,1.4652551915417211,-1.2752051539510247,1.8255123343900297,-0.5532363485275762,1.454899052418519,-2.769789566906187,2951.25
2362,1.4652551735178676,-1.2752051221042924,1.8255123699360354,-0.5532364157869738,1.4548990338450434,-2.890649554402831,2952.5
2363,1.4652551452693383,-1.2752050912250472,1.8255124075718467,-0.5532364841012898,1.4548990050103856,-3.0215095353084322,2953.75
2364,1.4652551062229813,-1.2752050615492623,1.825512447240256,-0.5532365531690663,1.4548989653406157,-3.162369513063148,2955.0
2365,1.4652550565613147,-1.2752050349593849,1.8255124870976696,-0.5532366192604594,1.4548989150839762,-3.313229487484291,2956.25
2366,1.465254994993169,-1.2752050123102538,1.8255125267115604,-0.5532366810781927,1.454898852961608,-3.4740894553428046,2957.5
2367,1.4652549228535783,-1.2752049983329543,1.8255125611960397,-0.5532367290154552,1.454898780395979,-3.640067154661338,2958.75
2368,1.4652548511131287,-1.275204988995697,1.8255125911556735,-0.5532367677897313,1.4548987083129796,-3.796952477209182,2960.0
2369,1.465254778932306,-1.275204991767766,1.8255126097423497,-0.5532367830758332,1.4548986360037508,-3.94383779975718,2961.25
2370,1.4652547112056629,-1.2752049954074283,1.8255126261954544,-0.5532367953931552,1.454898568175086,-4.080723122305371,2962.5
2371,1.4652546487169351,-1.275205008174702,1.8255126324385627,-0.5532367884091622,1.4548985057594612,-4.2076084448538005,2963.75
2372,1.465254591188851,-1.2752050210952768,1.8255126370777064,-0.553236779704149,1.4548984483194163,-4.32449376740235,2965.0
2373,1.4652545407085364,-1.2752050366649499,1.8255126371286106,-0.5532367638127578,1.4548983979915737,-4.431379089951024,2966.25
2374,1.4652544971383994,-1.2752050546407379,1.8255126328625335,-0.5532367412482773,1.4548983546336844,-4.528264412499823,2967.5
2375,1.4652544580653453,-1.2752050707611542,1.8255126290367722,-0.5532367210127834,1.454898315750971,-4.615149735048682,2968.75
2376,1.465254425471232,-1.2752050865324405,1.8255126236379602,-0.5532366996008283,1.4548982833569408,-4.69203505759756,2970.0
2377,1.4652544006695938,-1.2752051029529001,1.825512615331673,-0.5532366746890713,1.454898258786105,-4.758920380146386,2971.25
2378,1.4652543795760393,-1.2752051169183425,1.8255126082672553,-0.5532366535018617,1.4548982378888455,-4.815805702695111,2972.5
2379,1.465254362190569,-1.275205128428766,1.8255126024447046,-0.553236636039199,1.454898220665163,-4.862691025243789,2973.75
2380,1.4652543485131821,-1.2752051374841729,1.8255125978640248,-0.5532366223010842,1.4548982071150571,-4.899576347792479,2975.0
2381,1.4652543385438792,-1.2752051440845635,1.8255125945252155,-0.5532366122875171,1.4548981972385278,-4.926461670341208,2976.25
2382,1.46525433228266,-1.275205148229938,1.825512592428277,-0.5532366059984979,1.454898191035575,-4.943346992889922,2977.5
2383,1.4654274754913492,-1.2737126553967306,1.823459500878184,-0.5526761782634897,1.4550744813009233,-4.9515611441692915,2978.75
2384,1.4659043090427861,-1.269602422418154,1.8178054244343433,-0.551132805871163,1.455559980978323,-4.950985501079596,2980.0
2385,1.4660270723425084,-1.2685442438721304,1.8163497879897341,-0.5507354700258258,1.4556849721210805,-4.941913862282606,2981.25
2386,1.4660270780801306,-1.268544239700186,1.8163497908552002,-0.5507354786759782,1.4556849711098072,-4.923865982476064,2982.5
2387,1.4660270869968643,-1.268544233216644,1.816349795308369,-0.5507354921190217,1.455684969538206,-4.895818102669534,2983.75
2388,1.4660270990927098,-1.2685442244215035,1.8163498013492398,-0.5507355103549564,1.4556849674062762,-4.857770222863072,2985.0
2389,1.4660271143677892,-1.2685442133150195,1.816349808978753,-0.550735533387616,1.4556849647149923,-4.809722343131983,2986.25
2390,1.4660271330003796,-1.2685442002671623,1.8163498195630603,-0.5507355667891047,1.4556849628791444,-4.751674486892828,2987.5
2391,1.4660271548428365,-1.2685441849715289,1.8163498319707434,-0.5507356059447231,1.4556849607270321,-4.683626630653542,2988.75
2392,1.4660271876480693,-1.2685441699782039,1.8163498379441467,-0.5507356307229969,1.4556849878068698,-4.605578787241932,2990.0
2393,1.466027227033435,-1.2685441538438944,1.8163498421511581,-0.5507356525012882,1.4556850274265656,-4.5175309484251835,2991.25
2394,1.4660272709257334,-1.2685441358642597,1.8163498467988797,-0.5507356766276108,1.455685071828143,-4.419483121409759,2992.5
2395,1.4660273221762539,-1.2685441211975936,1.8163498458317149,-0.5507356911473958,1.4556851232555803,-4.3114353018823355,2993.75
2396,1.4660273798860715,-1.2685441082386129,1.8163498411471777,-0.5507356998184801,1.4556851809274731,-4.193387490244275,2995.0
2397,1.4660274425608246,-1.2685440967200132,1.8163498336232098,-0.5507357042451642,1.4556852435901397,-4.065339686195293,2996.25
2398,1.4660275103959932,-1.2685440930848224,1.8163498170688572,-0.5507356918239976,1.4556853115267492,-3.927291887095938,2997.5
2399,1.4660275819939959,-1.2685440918313784,1.8163497971325395,-0.5507356736668414,1.4556853832779388,-3.7792440895592105,2998.75
2400,1.4660276537731667,-1.2685441011905791,1.8163497670214697,-0.5507356347229156,1.4556854554017518,-3.62119629887874,3000.0
2401,1.4660277241443027,-1.2685441166644607,1.8163497314940171,-0.5507355842362236,1.4556855262232884,-3.4548936855378924,3001.25
2402,1.4660277848496457,-1.2685441390165306,1.8163496922591411,-0.5507355230912436,1.4556855874780033,-3.2952009532675843,3002.5
2403,1.4660278319578022,-1.268544166455759,1.816349652185374,-0.5507354559190372,1.4556856351927423,-3.145508220997179,3003.75
2404,1.4660278704178502,-1.268544195704827,1.8163496129378252,-0.5507353876991679,1.4556856742702988,-3.0058154887265403,3005.0
2405,1.466027896305697,-1.2685442269112372,1.8163495755339665,-0.5507353192726918,1.4556857007795114,-2.8761227564556897,3006.25
2406,1.46602791404351,-1.2685442582504776,1.8163495404087937,-0.5507352529320593,1.455685719120902,-2.756430024184624,3007.5
2407,1.4660279273741763,-1.268544287628167,1.816349508455173,-0.5507351916925168,1.4556857330092117,-2.646737291913489,3008.75
2408,1.4660279282778257,-1.2685443168449195,1.8163494803227298,-0.5507351343436604,1.4556857344368874,-2.547044559642263,3010.0
2409,1.4660279290908316,-1.2685443431309873,1.816349455012197,-0.5507350827473656,1.4556857357213553,-2.4573518273709736,3011.25
2410,1.4660279291833684,-1.2685443665201228,1.8163494326772753,-0.5507350370189374,1.4556857362318352,-2.3776590950995877,3012.5
2411,1.4660279200675437,-1.2685443874671467,1.816349415389277,-0.5507349987122971,1.455685727467558,-2.307966362828241,3013.75
2412,1.4660279122597208,-1.2685444054085453,1.8163494005818808,-0.5507349659021612,1.455685719960841,-2.2482736305569966,3015.0
2413,1.4660279057599008,-1.2685444203443161,1.816349388255085,-0.5507349385885294,1.4556857137116834,-2.198580898285808,3016.25
2414,1.4660279005680823,-1.2685444322744615,1.8163493784088918,-0.5507349167714019,1.4556857087200856,-2.158888166014654,3017.5
2415,1.4660278966842664,-1.2685444411989821,1.8163493710433023,-0.5507349004507787,1.4556857049860472,-2.129195433743432,3018.75
2416,1.4660278941084526,-1.2685444471178784,1.816349366158316,-0.5507348896266598,1.4556857025095689,-2.1095027014722554,3020.0
2417,1.4660907479455603,-1.2679959531405165,1.815590785537196,-0.5505248648409035,1.4557497311953125,-2.0991989256007146,3021.25
2418,1.4665436296032395,-1.2640439419977494,1.810125105021823,-0.5490116413093441,1.4562110773446006,-2.0969678339109556,3022.5
2419,1.4667904073824691,-1.2618904731362455,1.8071468364894416,-0.5481870858494439,1.4564624651944806,-2.10394614509954,3023.75
2420,1.4667904086871792,-1.2618904689054118,1.8071468412382197,-0.5481870976859081,1.4564624614174888,-2.1191638295642776,3025.0
2421,1.4667904108492538,-1.2618904618943694,1.8071468491075628,-0.5481871173004703,1.4564624551585221,-2.1443815140290305,3026.25
2422,1.4667904138686927,-1.2618904521031185,1.8071468600974714,-0.5481871446931307,1.4564624464175795,-2.17959919849377,3027.5
2423,1.4667904177454958,-1.2618904395316588,1.807146874207945,-0.5481871798638891,1.4564624351946618,-2.2248168829584962,3028.75
2424,1.4667904222714356,-1.2618904239531858,1.807146890577346,-0.5481872192428046,1.4564624197914808,-2.280034561033869,3030.0
2425,1.4667904275287,-1.2618904054572193,1.8071469095457666,-0.5481872642389478,1.4564624008783575,-2.345252236598797,3031.25
2426,1.4667904301343537,-1.2618903837964761,1.8071469309233767,-0.5481873110584312,1.4564623893855753,-2.420469903982624,3032.5
2427,1.4667904293027425,-1.2618903588962602,1.8071469545967296,-0.5481873585478925,1.4564623876580933,-2.505687563010764,3033.75
2428,1.4667904284017097,-1.2618903310638454,1.8071469810189007,-0.5481874115128698,1.4564623859645538,-2.6009052120213845,3035.0
2429,1.4667904221360342,-1.2618903015367047,1.8071470107953778,-0.5481874698514027,1.4564623790047369,-2.706122854202465,3036.25
2430,1.466790405183048,-1.2618902715574947,1.8071470445256936,-0.5481875334268289,1.4564623615269954,-2.821340487942757,3037.5
2431,1.4667903867590848,-1.2618902389772824,1.8071470811870758,-0.5481876025344966,1.456462342535578,-2.9465581128261444,3038.75
2432,1.4667903506473523,-1.2618902104839989,1.807147119178114,-0.5481876687594438,1.4564623058265322,-3.0817757316772605,3040.0
2433,1.466790310935592,-1.2618901802668219,1.8071471598872102,-0.5481877394006468,1.4564622654736694,-3.2269933500270622,3041.25
2434,1.4667902535809838,-1.2618901578426622,1.8071471983596872,-0.5481877998774515,1.4564622075739198,-3.382210962176218,3042.5
2435,1.4667901900381637,-1.2618901367536999,1.8071472373870061,-0.5481878595275429,1.456462143494545,-3.546284749496693,3043.75
2436,1.466790118561999,-1.2618901274193628,1.8071472675072533,-0.5481878984547068,1.4564620716731445,-3.7047382775211646,3045.0
2437,1.4667900500074795,-1.2618901223275514,1.8071472926984646,-0.5481879282310536,1.4564620028567905,-3.853191805545677,3046.25
2438,1.4667899824340802,-1.26189012593934,1.8071473092631087,-0.5481879406826615,1.45646193518019,-3.991645333570477,3047.5
2439,1.4667899198036283,-1.2618901313035427,1.8071473226846453,-0.5481879482749874,1.4564618724902758,-4.120098861595402,3048.75
2440,1.4667898622955131,-1.261890144211294,1.807147327363498,-0.5481879396174243,1.4564618150708113,-4.238552389620473,3050.0
2441,1.4667898096423073,-1.2618901560293514,1.807147331647348,-0.5481879316907413,1.4564617624987721,-4.347005917645748,3051.25
2442,1.4667897645277153,-1.2618901715010051,1.8071473301980934,-0.5481879144324194,1.456461717549659,-4.4454594456710925,3052.5
2443,1.466789725290458,-1.261890187690045,1.8071473263201552,-0.5481878940714071,1.456461678505369,-4.53391297369652,3053.75
2444,1.4667896904891184,-1.2618902020488498,1.8071473228806267,-0.5481878760122819,1.4564616438751807,-4.612366501722007,3055.0
2445,1.46678966119878,-1.261890215395468,1.807147318777461,-0.5481878583427371,1.4564616147515317,-4.680820029747401,3056.25
2446,1.466789639819094,-1.261890229555823,1.8071473115508079,-0.5481878367943853,1.4564615935728074,-4.739273557772769,3057.5
2447,1.4667896220969612,-1.26189024129368,1.8071473055604619,-0.5481878189324408,1.4564615760172557,-4.787727085798034,3058.75
2448,1.4667896080323808,-1.2618902506090386,1.807147300806422,-0.5481878047569033,1.4564615620848773,-4.826180613823276,3060.0
2449,1.466789597625353,-1.2618902575018982,1.8071472972886893,-0.5481877942677729,1.4564615517756718,-4.854634141848564,3061.25
2450,1.466789590875878,-1.2618902619722607,1.8071472950072642,-0.54818778746505,1.4564615450896394,-4.8730876698738355,3062.5
2451,1.4667866227434267,-1.261915861293139,1.8071839263406442,-0.5481988165257877,1.4564585123790939,-4.881574019876386,3063.75
2452,1.4666012172142004,-1.263516478707829,1.809474578558503,-0.5488886682181005,1.456269066904835,-4.881364053249042,3065.0
2453,1.4665767890314174,-1.2637273953322337,1.809776426770442,-0.5489795757016843,1.4562441063332865,-4.8722088778019375,3066.25
2454,1.4665260978492154,-1.264165071121168,1.810402795934937,-0.5491682190592558,1.4561923103837051,-4.853054525373753,3067.5
2455,1.466448942090677,-1.2648312463023812,1.811356176501588,-0.5494553483135854,1.4561134730868504,-4.823900172945598,3068.75
2456,1.4663453217558016,-1.2657259208758744,1.8126365684703971,-0.5498409634646735,1.4560075944427213,-4.784745820517417,3070.0
2457,1.4662137231392784,-1.266849793088675,1.8142379487411526,-0.5503183407145593,1.4558731908107492,-4.735591268840877,3071.25
2458,1.466055345972108,-1.2682023086470737,1.8161650893419288,-0.5508928083273492,1.4557114380977265,-4.676436716405824,3072.5
2459,1.46587000012078,-1.269783566831674,1.8184172609063554,-0.5515635376021804,1.4555221499496092,-4.607282135114579,3073.75
2460,1.4656564093535656,-1.2715942316506237,1.8209895622241627,-0.552324962914448,1.4553040755048807,-4.52812735385012,3075.0
2461,1.4654156312592121,-1.2736337583956614,1.8238860676468907,-0.5531817034935108,1.455058251256591,-4.438972544454705,3076.25
2462,1.4651459618380818,-1.2759030852922302,1.827100350937572,-0.5541263929346721,1.454783006449802,-4.339817487205932,3077.5
2463,1.4648480213321378,-1.278401905375882,1.830634831925286,-0.5551617587368307,1.4544789489098986,-4.23066228556693,3078.75
2464,1.4645213687707868,-1.2811304761069795,1.8344878819243655,-0.5562859142505234,1.454145646136167,-4.111506901156037,3080.0
2465,1.4641645055480816,-1.2840897595239114,1.8386541693220613,-0.5574925640964339,1.4537816276975764,-3.982351155755324,3081.25
2466,1.4637777733953463,-1.2872796141779825,1.8431350930483799,-0.5587832490186101,1.4533872283484577,-3.8431951254507393,3082.5
2467,1.4633605071855982,-1.2907005248598238,1.8479284233192022,-0.5601552536490607,1.4529617950523959,-3.6940387553202556,3083.75
2468,1.4629120034095746,-1.2943530410583515,1.8530318886692667,-0.5616057561799725,1.4525046368239862,-3.5348819878630273,3085.0
2469,1.4624565577125392,-1.2980363201402896,1.8581631333293958,-0.5630532675567247,1.4520405330376445,-3.3744929096567278,3086.25
2470,1.4620262338431127,-1.3014932336759237,1.8629652728583026,-0.5643980637647911,1.4516021457864712,-3.224062968242233,3087.5
2471,1.461621809952646,-1.3047224211064012,1.867439360293749,-0.5656425592851041,1.4511902429710763,-3.083632698738008,3088.75
2472,1.4612435634118863,-1.3077237285849628,1.8715864410931733,-0.5667879537327312,1.4508050965664765,-2.953202118386275,3090.0
2473,1.4608918451763784,-1.310496944950072,1.8754077993081617,-0.5678357427204903,1.4504470508181555,-2.832771256656997,3091.25
2474,1.4605678508344262,-1.313041123850346,1.8789072636271704,-0.5687907027449822,1.4501172801307853,-2.72234023037222,3092.5
2475,1.460271776276813,-1.3153561112409498,1.8820854636549138,-0.5696536176941615,1.4498159769176153,-2.621909042419046,3093.75
2476,1.460003497169252,-1.3174420543522711,1.8849421196344616,-0.570424060408157,1.4495430186816978,-2.531477673815151,3095.0
2477,1.4597644120804598,-1.3192977413084792,1.8874814563485336,-0.5711074692946978,1.4492997799950817,-2.4510462512648212,3096.25
2478,1.459553771395612,-1.3209238533591403,1.8897012866057248,-0.5717009749614385,1.449085523865708,-2.3806146944792395,3097.5
2479,1.4593726363592414,-1.3223194450257894,1.8916047529337625,-0.5722086667533391,1.4489012935255583,-2.3201830919641395,3098.75
2480,1.4592214748845227,-1.323484099300649,1.8931932406332652,-0.5726323475690664,1.44874754894658,-2.2697514894490443,3100.0
2481,1.4590994100312167,-1.3244186188451912,1.894464205178115,-0.572968669105402,1.4486234279109158,-2.229319793353644,3101.25
2482,1.4590074299469844,-1.3251220997224062,1.8954205147854308,-0.5732214047735993,1.4485299019742994,-2.1988880839559104,3102.5
2483,1.4589456749424645,-1.32559441354028,1.8960625766471388,-0.5733910903361007,1.4484671090916152,-2.1784563745582446,3103.75
2484,1.4589141450176566,-1.3258355602988148,1.8963903907632422,-0.5734777257929068,1.448435049262863,-2.1680246651605626,3105.0
2485,1.4587154942136258,-1.3273517038481184,1.8984494949831425,-0.5740204871005357,1.4482330763603635,-2.166735002005797,3106.25
2486,1.458696324614611,-1.3274976378101968,1.8986474631912011,-0.5740725022986768,1.4482135881175902,-2.1741669982665166,3107.5
2487,1.4586961981960973,-1.3274977514326989,1.898647097257729,-0.5740720230513099,1.4482134640094784,-2.191441590739592,3108.75
2488,1.4586959985958203,-1.3274979308295465,1.8986465194909106,-0.5740712663748992,1.4482132680570596,-2.2187161832126736,3110.0
2489,1.4586957257746163,-1.3274981759693532,1.8986457297750465,-0.5740702317803756,1.448212999954755,-2.2559907617732677,3111.25
2490,1.4586953797021363,-1.3274984868278712,1.8986447280204812,-0.5740689188891348,1.4482126594660656,-2.303265321681171,3112.5
2491,1.4586949604248545,-1.3274988634423726,1.8986435143645108,-0.5740673282816671,1.4482122469537153,-2.360539881589156,3113.75
2492,1.458694804721357,-1.3274989885257473,1.898643078167191,-0.574066766682123,1.4482120934017808,-2.4278144294399784,3115.0
2493,1.4586948039600045,-1.3274989644224433,1.8986431002995483,-0.574066812592249,1.4482120920477055,-2.5050889713894215,3116.25
2494,1.4586948031091251,-1.327498937196206,1.8986431252849578,-0.5740668644044029,1.448212090589628,-2.5923635075991536,3117.5
2495,1.4586947988640773,-1.32749890760356,1.8986431534191341,-0.5740669217558536,1.4482120857278302,-2.6896380395202604,3118.75
2496,1.4586947819421272,-1.3274988777673704,1.8986431855193553,-0.5740669835753643,1.4482120682745632,-2.7969125625843794,3120.0
2497,1.458694763442938,-1.327498845150159,1.8986432206129704,-0.5740670511620656,1.448212049195862,-2.914187078495223,3121.25
2498,1.458694731372326,-1.3274988147086884,1.8986432575835865,-0.5740671183588432,1.4482120165373977,-3.0414615867552133,3122.5
2499,1.4586946911170462,-1.3274987842166304,1.898643296932106,-0.574067187928915,1.4482119756672809,-3.1787360896153567,3123.75
2500,1.4586946381577413,-1.3274987579747721,1.8986433360121049,-0.5740672528905435,1.448211922135451,-3.326010590606556,3125.0
2501,1.4586945744665127,-1.3274987346770435,1.8986433754562606,-0.5740673151965886,1.4482118578964867,-3.483285086259734,3126.25
2502,1.4586944981800873,-1.327498720952073,1.8986434097339226,-0.5740673626735111,1.4482117811957866,-3.647604091657584,3127.5
2503,1.4586944225001537,-1.3274987112329377,1.898643440175741,-0.5740674023119243,1.4482117051713141,-3.8040057063885637,3128.75
2504,1.458694346073145,-1.3274987149390012,1.8986434585538075,-0.5740674164527205,1.4482116286268758,-3.950407321119726,3130.0
2505,1.4586942746540605,-1.327498718878864,1.8986434752917625,-0.57406742875429,1.4482115571061827,-4.086808935851086,3131.25
2506,1.4586942087899257,-1.3274987329827466,1.8986434811532509,-0.5740674200512754,1.4482114913268436,-4.213210550582628,3132.5
2507,1.4586941481577762,-1.3274987466681671,1.8986434859072743,-0.5740674106956654,1.44821143078472,-4.329612165314333,3133.75
2508,1.4586940952073113,-1.3274987635370155,1.8986434855624432,-0.574067393110242,1.448211377996706,-4.4360137800461645,3135.0
2509,1.4586940493219238,-1.3274987825023208,1.89864348128834,-0.5740673695475625,1.448211332326207,-4.532415394778076,3136.25
2510,1.4586940081963518,-1.3274987995003,1.898643477457596,-0.5740673484291029,1.448211291393232,-4.618817009510092,3137.5
2511,1.4586939742237024,-1.3274988163436459,1.8986434717310474,-0.574067325619138,1.4482112576274468,-4.695218624242143,3138.75
2512,1.4586939481601293,-1.3274988336051166,1.8986434633695848,-0.5740672998108973,1.4482112317965559,-4.76162023897404,3140.0
2513,1.4586939260216976,-1.3274988482670307,1.898643456267347,-0.5740672778893452,1.4482112098557647,-4.818021853705912,3141.25
2514,1.4586939078084074,-1.3274988603293871,1.8986434504243326,-0.5740672598544811,1.448211191805074,-4.864423468437748,3142.5
2515,1.4586938935202585,-1.327498869792188,1.8986434458405443,-0.574067245706306,1.4482111776444826,-4.900825083169567,3143.75
2516,1.4586938831572511,-1.3274988766554339,1.8986434425159828,-0.5740672354448196,1.4482111673739912,-4.927226697901428,3145.0
2517,1.4586938767193853,-1.3274988809191242,1.8986434404506478,-0.5740672290700223,1.4482111609935995,-4.943628312633242,3146.25
2518,1.4589139784538943,-1.3257809603427113,1.8963818771266205,-0.5735238092158862,1.4484344286511965,-4.951430716270193,3147.5
2519,1.459447099755514,-1.321619939659942,1.8909040944411704,-0.5722075873213094,1.4489752173851704,-4.950278263109426,3148.75
2520,1.4595565036164464,-1.320766062669446,1.8897800111434853,-0.5719374927220089,1.44908619101716,-4.940734150179894,3150.0
2521,1.4595565098478203,-1.3207660580926677,1.8897800141821275,-0.5719375021217081,1.449086189794695,-4.922015664511823,3151.25
2522,1.459556519408189,-1.320766051070831,1.889780018844108,-0.5719375165430206,1.4490861879191508,-4.893297178843765,3152.5
2523,1.4595565322975523,-1.3207660416039366,1.8897800251294259,-0.5719375359859462,1.449086185390528,-4.854578693175718,3153.75
2524,1.4595565485281976,-1.3207660297149781,1.8897800331247647,-0.5719375608115205,1.4490861823015646,-4.805860208188216,3155.0
2525,1.4595565682797658,-1.3207660157401329,1.8897800440974433,-0.5719375962981217,1.449086180008111,-4.747141732709123,3156.25
2526,1.4595565913951078,-1.3207659993853134,1.8897800569388141,-0.5719376378282383,1.449086177324073,-4.678423257229928,3157.5
2527,1.4595566270310187,-1.3207659835748493,1.8897800623765464,-0.571937662356421,1.4490862087010528,-4.599704795757987,3158.75
2528,1.4595566690245425,-1.3207659663368767,1.889780066651292,-0.5719376853880366,1.4490862509740197,-4.510986338614118,3160.0
2529,1.4595567157868463,-1.3207659471431403,1.8897800713715567,-0.5719377108914707,1.4490862982937258,-4.412267892166767,3161.25
2530,1.4595567706539283,-1.320765932026216,1.8897800697072527,-0.5719377251110329,1.4490863533147715,-4.30354945398219,3162.5
2531,1.4595568320524495,-1.3207659181736409,1.8897800648619814,-0.571937734516734,1.4490864146756852,-4.1848310235156045,3163.75
2532,1.4595568987254615,-1.3207659066169652,1.8897800564043696,-0.5719377380532215,1.4490864813465159,-4.056112600317528,3165.0
2533,1.4595569708316753,-1.3207659026605847,1.889780039432274,-0.5719377255399556,1.4490865535544881,-3.917394181517899,3166.25
2534,1.4595570465151009,-1.3207659021378453,1.8897800182881221,-0.5719377054458055,1.4490866294070213,-3.7686757645921958,3167.5
2535,1.459557122760964,-1.32076591196622,1.8897799874869847,-0.5719376653464028,1.4490867060020285,-3.6099573545085883,3168.75
2536,1.4595571963692298,-1.3207659291547058,1.889779950686695,-0.5719376118674117,1.449086780079264,-3.4435844097250836,3170.0
2537,1.4595572603076752,-1.3207659525880926,1.8897799109195712,-0.5719375491075085,1.4490868445707166,-3.284551996606055,3171.25
2538,1.4595573087938118,-1.320765982122761,1.8897798699694959,-0.5719374789538894,1.4490868936776709,-3.1355195834869276,3172.5
2539,1.4595573492713056,-1.3207660128265069,1.8897798302349296,-0.5719374087904675,1.4490869347769968,-2.99648717036761,3173.75
2540,1.4595573753328692,-1.320766046077622,1.8897797922819362,-0.5719373377599133,1.4490869614698116,-2.867454757248109,3175.0
2541,1.4595573939782587,-1.3207660789825433,1.889779756765408,-0.5719372694603082,1.4490869807229279,-2.7484223441283873,3176.25
2542,1.45955740693555,-1.3207661100528743,1.8897797245571888,-0.5719372062643417,1.449086994243032,-2.6393899310085103,3177.5
2543,1.459557407871926,-1.320766140717192,1.8897796961559328,-0.5719371471974954,1.4490869957067445,-2.540357517888565,3178.75
2544,1.4595574087137497,-1.320766168285112,1.889779670622545,-0.5719370940950443,1.4490869970226556,-2.451325104768538,3180.0
2545,1.4595574080554057,-1.3207661928337586,1.889779648287871,-0.5719370472008717,1.4490869967831357,-2.3722926916484415,3181.25
2546,1.459557398494638,-1.3207662147692556,1.8897796308941786,-0.5719370077993169,1.4490869875753187,-2.303260278528433,3182.5
2547,1.4595573903188384,-1.320766233527188,1.8897796160201272,-0.5719369741054512,1.4490869797013417,-2.244227865408526,3183.75
2548,1.4595573835280065,-1.3207662491075522,1.8897796036657146,-0.5719369461192746,1.4490869731612042,-2.1951954522886035,3185.0
2549,1.4595573781221423,-1.3207662615103517,1.8897795938309434,-0.571936923840787,1.449086967954906,-2.1561630391687867,3186.25
2550,1.4595573741012462,-1.3207662707355874,1.8897795865158142,-0.5719369072699885,1.449086964082448,-2.1271306260488734,3187.5
2551,1.459557371465318,-1.3207662767832586,1.8897795817203273,-0.571936896406879,1.449086961543829,-2.1080982129289763,3188.75
2552,1.4596524203766534,-1.3200152167841825,1.8887849365289593,-0.5716934069711955,1.4491834208637133,-2.098314440652218,3190.0
2553,1.4601738352284592,-1.315895127434202,1.88332864718228,-0.5703577324402445,1.4497125722817434,-2.0968352330701534,3191.25
2554,1.4604078295625973,-1.3140461665506689,1.8808800493789786,-0.5697583327870189,1.4499500359430508,-2.1043886794488564,3192.5
2555,1.4604078309727617,-1.3140461618271246,1.880880054499773,-0.5697583458450968,1.4499500316500928,-2.1204512483034565,3193.75
2556,1.4604078332608452,-1.3140461541628654,1.8808800628085969,-0.5697583670326823,1.4499500246844872,-2.1465138171580715,3195.0
2557,1.4604078364268487,-1.314046143557891,1.8808800743054501,-0.5697583963497758,1.4499500150462343,-2.182576386012644,3196.25
2558,1.4604078404707717,-1.3140461300122013,1.880880088990333,-0.5697584337963769,1.4499500027353345,-2.2286389548672316,3197.5
2559,1.4604078451287565,-1.3140461132680261,1.8808801058574862,-0.569758475111465,1.449949985703739,-2.284701510650427,3198.75
2560,1.4604078505467817,-1.3140460934679752,1.8808801254633425,-0.569758522652434,1.4499499650845213,-2.3507640632497626,3200.0
2561,1.4604078526347122,-1.314046070265853,1.8808801473747225,-0.5697585709838,1.449949954433421,-2.426826606265495,3201.25
2562,1.4604078517535217,-1.3140460436968755,1.8808801716492267,-0.5697586206627341,1.4499499526119737,-2.5128891422787603,3202.5
2563,1.4604078508051426,-1.3140460140286263,1.8808801987102899,-0.5697586759994417,1.4499499508605438,-2.6089516674954725,3203.75
2564,1.4604078428347302,-1.3140459828916757,1.8808802293353204,-0.5697587368498963,1.4499499422038387,-2.71501418600307,3205.0
2565,1.4604078247919132,-1.314045951000668,1.8808802638603535,-0.5697588031321766,1.449949923629095,-2.83107669625346,3206.25
2566,1.460407804647127,-1.3140459165892224,1.8808803013120987,-0.5697588748578624,1.4499499029097198,-2.957139198344846,3207.5
2567,1.4604077653171954,-1.3140458867169718,1.8808803400868448,-0.5697589432384008,1.449949862972627,-3.0932016944215124,3208.75
2568,1.460407723027751,-1.314045854694888,1.8808803816891062,-0.5697590165762699,1.449949820031434,-3.239264190427859,3210.0
2569,1.4604076607326655,-1.3140458318227186,1.880880420601155,-0.5697590779282152,1.4499497571943538,-3.395326679273981,3211.25
2570,1.4604075917846093,-1.3140458106672015,1.880880459839787,-0.5697591378428661,1.4499496877180005,-3.5609113094639095,3212.5
2571,1.460407514668212,-1.3140458006920719,1.880880491127051,-0.5697591785655476,1.4499496102462608,-3.7226018208562834,3213.75
2572,1.4604074397990097,-1.3140457971258508,1.880880515870126,-0.5697592063493306,1.4499495351373177,-3.8742923322482703,3215.0
2573,1.4604073666767539,-1.3140458011173188,1.8808805331548368,-0.569759219127455,1.449949461909491,-4.015982843640013,3216.25
2574,1.460407298855042,-1.3140458094018226,1.88088054496805,-0.5697592221772401,1.4499493940686872,-4.147673355031427,3217.5
2575,1.46040723637998,-1.314045823487648,1.8808805499080266,-0.569759212588608,1.4499493316870677,-4.269363866422404,3218.75
2576,1.4604071790395334,-1.314045836417168,1.8808805544407394,-0.5697592037854088,1.4499492744324076,-4.381054377813221,3220.0
2577,1.4604071313341145,-1.3140458561405102,1.8808805499573307,-0.5697591792383105,1.4499492269526018,-4.482744889203809,3221.25
2578,1.4604070883199314,-1.3140458739243037,1.8808805459148061,-0.5697591571051143,1.4499491841418455,-4.574435400594313,3222.5
2579,1.4604070499969843,-1.31404588976855,1.8808805423131674,-0.5697591373858198,1.4499491460001388,-4.65612591198464,3223.75
2580,1.460407021398668,-1.3140459074962523,1.8808805341902173,-0.56975911132966,1.4499491176386328,-4.727816423374799,3225.0
2581,1.4604069975337934,-1.3140459233164654,1.8808805264665471,-0.5697590876140267,1.4499490939890345,-4.789506934764894,3226.25
2582,1.4604069775374027,-1.3140459365722281,1.880880519994877,-0.5697590677426845,1.4499490741730237,-4.841197446154922,3227.5
2583,1.4604069614094954,-1.314045947263542,1.8808805147752092,-0.5697590517156338,1.4499490581906,-4.88288795754487,3228.75
2584,1.4604069491500724,-1.3140459553904078,1.8808805108075453,-0.5697590395328753,1.4499490460417646,-4.914578468934858,3230.0
2585,1.4604069407591331,-1.314045960952826,1.8808805080918851,-0.569759031194409,1.4499490377265165,-4.936268980324914,3231.25
2586,1.4604237932962945,-1.3139111156961818,1.8807008731737,-0.5697142583994107,1.449966148209303,-4.948121771061782,3232.5
2587,1.4608742550787748,-1.310307641797456,1.8759006297303187,-0.5685179404436788,1.450423501821581,-4.952226588097517,3233.75
2588,1.4612454063734495,-1.3073386358141688,1.8719455750767555,-0.5675322643768461,1.4508003293206964,-4.9467038495588795,3235.0
2589,1.4612455502976915,-1.3073375164947876,1.8719440904723317,-0.5675319004871825,1.4508004701436115,-4.933322395357549,3236.25
2590,1.4612455579922972,-1.3073375108528202,1.8719440942393972,-0.5675319120898277,1.4508004686900833,-4.9099424140027885,3237.5
2591,1.4612455689780115,-1.3073375027976915,1.8719440996176981,-0.5675319286551138,1.4508004666148575,-4.876562432648097,3238.75
2592,1.4612455832548343,-1.3073374923294008,1.8719441066072346,-0.5675319501830409,1.4508004639179337,-4.833182451293388,3240.0
2593,1.4612456009228423,-1.3073374796393056,1.8719441159272256,-0.5675319796553039,1.4508004613643755,-4.779802470028506,3241.25
2594,1.4612456219955745,-1.3073374647532943,1.8719441276749733,-0.5675320174752871,1.4508004590576853,-4.716422488842308,3242.5
2595,1.4612456495614279,-1.307337448542886,1.8719441380278554,-0.5675320532198633,1.4508004683392084,-4.643042512806343,3243.75
2596,1.4612456884576148,-1.307337432571929,1.8719441420263496,-0.567532074609971,1.4508005074569637,-4.55966254822251,3245.0
2597,1.461245732042134,-1.307337414676986,1.8719441464799662,-0.5675320984820721,1.4508005514547433,-4.466282591218536,3246.25
2598,1.461245781090087,-1.307337396256158,1.8719441497920695,-0.5675321216286098,1.4508006009679533,-4.362902641156226,3247.5
2599,1.4612458388904892,-1.3073373832294546,1.8719441451935008,-0.5675321304421845,1.450800658734892,-4.249522700801651,3248.75
2600,1.461245901787941,-1.3073373690529912,1.8719441401861556,-0.5675321400196283,1.4508007215898882,-4.126142769243107,3250.0
2601,1.4612459700505087,-1.307337362670922,1.8719441264458951,-0.5675321331341907,1.4508007899172293,-3.992762843385531,3251.25
2602,1.4612460435167058,-1.3073373586797656,1.8719441090040503,-0.5675321202023851,1.4508008634884288,-3.8493829190790563,3252.5
2603,1.4612461176828844,-1.3073373645784183,1.8719440822250129,-0.5675320880476709,1.450800937933418,-3.696002999744845,3253.75
2604,1.4612461950501185,-1.3073373746182604,1.8719440506998384,-0.5675320470278455,1.4508010156592146,-3.5326230867009096,3255.0
2605,1.4612462608283672,-1.3073373978697993,1.8719440103021976,-0.5675319838385141,1.4508010819966746,-3.368279191521955,3256.25
2606,1.4612463193008902,-1.3073374221663776,1.8719439710401633,-0.5675319206877816,1.450801141028988,-3.2139108726182064,3257.5
2607,1.4612463607359893,-1.3073374536758797,1.8719439300144467,-0.5675318484380881,1.450801183107744,-3.0695425537147734,3258.75
2608,1.4612463969265685,-1.307337483984595,1.8719438916063145,-0.567531779969943,1.4508012199086804,-2.935174234811555,3260.0
2609,1.46124641613368,-1.3073375179464561,1.8719438547076057,-0.5675317092369787,1.4508012397486385,-2.8108059159086354,3261.25
2610,1.4612464337964184,-1.3073375491775607,1.8719438207757797,-0.5675316441913927,1.4508012579933383,-2.696437597006194,3262.5
2611,1.461246438973225,-1.3073375801435607,1.871943790679715,-0.5675315831583689,1.4508012637176457,-2.592069278103882,3263.75
2612,1.461246439855887,-1.3073376089984627,1.8719437637688983,-0.5675315273918174,1.4508012651010522,-2.497700959201681,3265.0
2613,1.4612464406450154,-1.3073376347956709,1.8719437397097562,-0.5675314775347221,1.450801266337862,-2.41333264029968,3266.25
2614,1.4612464350810377,-1.307337657875226,1.8719437199883608,-0.5675314346887296,1.4508012611594,-2.3389643213977953,3267.5
2615,1.4612464262955123,-1.3073376780670134,1.8719437038612579,-0.567531398302705,1.4508012527017782,-2.274596002496027,3268.75
2616,1.4612464188748706,-1.3073376951218858,1.8719436902395945,-0.567531367569465,1.4508012455580979,-2.2202276835942807,3270.0
2617,1.4612464128191118,-1.3073377090398424,1.87194367912337,-0.5675313424890093,1.4508012397283596,-2.1758593646926023,3271.25
2618,1.461246408128237,-1.307337719820886,1.8719436705125876,-0.5675313230613384,1.450801235212563,-2.1414910457909415,3272.5
2619,1.4612464048022455,-1.3073377274650162,1.871943664407247,-0.5675313092864522,1.450801232010708,-2.1171227268892117,3273.75
2620,1.4612464028411376,-1.3073377319722332,1.871943660807348,-0.5675313011643509,1.4508012301227946,-2.1027544079874985,3275.0
2621,1.4615587739384988,-1.3048079894552975,1.8685541652057667,-0.5666718597360175,1.4511185268229654,-2.0964768471541007,3276.25
2622,1.462034265949291,-1.3009572183383262,1.8633946875841578,-0.5653636282932745,1.4516015153727657,-2.0996305192786857,3277.5
2623,1.4620733737522107,-1.300640508377173,1.862970349546248,-0.5652560414066213,1.4516412359710984,-2.1106727585526994,3278.75
2624,1.462073375558867,-1.300640502372938,1.8629703560920088,-0.5652560580247883,1.4516412305622168,-2.131350541742828,3280.0
2625,1.4620733782392419,-1.3006404934649898,1.8629703658033705,-0.5652560826796809,1.451641222537542,-2.1620283249328573,3281.25
2626,1.4620733817933353,-1.3006404816533281,1.862970378680333,-0.5652561153712989,1.4516412118970732,-2.2027061081229298,3282.5
2627,1.4620733861413056,-1.3006404668580955,1.8629703944127098,-0.5652561547920125,1.4516411980132133,-2.2533838855927475,3283.75
2628,1.4620733911029444,-1.3006404488990473,1.862970412300397,-0.565256197990438,1.4516411794694428,-2.3140616472299325,3285.0
2629,1.4620733966241843,-1.3006404279553183,1.8629704330959906,-0.5652562479153527,1.4516411586692444,-2.384739408208144,3286.25
2630,1.4620733958082908,-1.3006404033605086,1.862970455728674,-0.5652562940700157,1.4516411569807852,-2.4654171532420333,3287.5
2631,1.4620733949039528,-1.300640375712756,1.8629704811541934,-0.5652563459035457,1.4516411551858228,-2.556094894102338,3288.75
2632,1.4620733939265196,-1.300640345006715,1.8629705093574458,-0.5652564033651268,1.451641153408714,-2.656772626693095,3290.0
2633,1.4620733785054874,-1.3006403146055687,1.862970541930002,-0.565256466066991,1.4516411374446099,-2.7674503487250277,3291.25
2634,1.462073360007278,-1.3006402818520977,1.862970577632121,-0.5652565343895672,1.4516411183957545,-2.8881280634376365,3292.5
2635,1.4620733313265926,-1.3006402499607794,1.8629706154763666,-0.5652566039273207,1.4516410891269178,-3.0188057715488403,3293.75
2636,1.462073291234817,-1.300640219439083,1.8629706553452356,-0.56525667404229,1.4516410484090838,-3.1594834764689734,3295.0
2637,1.4620732405397794,-1.3006401918914725,1.8629706955161254,-0.565256741407797,1.4516409971138335,-3.3101611782109694,3296.25
2638,1.46207317730771,-1.3006401686008695,1.862970735357473,-0.5652568040948769,1.4516409333253368,-3.4708388733393836,3297.5
2639,1.4620731033324703,-1.3006401539587833,1.862970770280603,-0.5652568531366055,1.4516408589180632,-3.636889169161247,3298.75
2640,1.4620730294777342,-1.3006401443462492,1.862970800505798,-0.5652568924505001,1.451640784718936,-3.7939618674535085,3300.0
2641,1.462072955268443,-1.3006401469762499,1.862970819482653,-0.565256908268051,1.4516407103769342,-3.9410345657455834,3301.25
2642,1.4620728855309006,-1.3006401507477048,1.862970836110741,-0.5652569206269635,1.4516406405372457,-4.078107264037333,3302.5
2643,1.4620728211714058,-1.3006401637268712,1.8629708426499163,-0.5652569137253483,1.451640576248379,-4.205179962328836,3303.75
2644,1.4620727619192038,-1.3006401770728664,1.8629708473751192,-0.5652569046792276,1.4516405170854492,-4.322252660620239,3305.0
2645,1.4620727098319144,-1.3006401930018423,1.8629708476378681,-0.5652568886380943,1.4516404651494954,-4.429325358911198,3306.25
2646,1.4620726649393414,-1.3006402115665414,1.8629708433806669,-0.5652568654919091,1.451640420471308,-4.526398057202056,3307.5
2647,1.4620726246714022,-1.3006402282187826,1.862970839562017,-0.56525684473014,1.45164038039567,-4.613470755492631,3308.75
2648,1.4620725909597514,-1.3006402444291283,1.8629708342610662,-0.5652568229747785,1.4516403468844068,-4.690543453783142,3310.0
2649,1.4620725653818427,-1.3006402613984849,1.8629708259091755,-0.5652567974672277,1.4516403215396114,-4.757616152073513,3311.25
2650,1.4620725436173942,-1.3006402758378464,1.862970818802484,-0.5652567757626475,1.4516402999735212,-4.814688850363785,3312.5
2651,1.4620725256664064,-1.3006402877472112,1.8629708129409894,-0.5652567578610372,1.451640282186136,-4.861761548654037,3313.75
2652,1.462072511528879,-1.300640297126582,1.8629708083246947,-0.5652567437623979,1.4516402681774565,-4.898834246944273,3315.0
2653,1.4620725012048126,-1.3006403039759584,1.862970804953601,-0.5652567334667293,1.4516402579474816,-4.925906945234521,3316.25
2654,1.462072494694206,-1.300640308295341,1.8629708028277079,-0.5652567269740318,1.4516402514962123,-4.942979643524809,3317.5
2655,1.4622474183369474,-1.2992061606932392,1.8610382290837821,-0.5647584745392781,1.4518180167337496,-4.951310928784344,3318.75
2656,1.4627538799424333,-1.2950539005459187,1.855442896704253,-0.5633159054388948,1.4523327048885235,-4.950877993247281,3320.0
2657,1.4628881274933385,-1.2939532844668225,1.8539597779010935,-0.5629335368716079,1.4524691296941523,-4.941898576397646,3321.25
2658,1.4628881333339165,-1.2939532801918194,1.8539597807728536,-0.562933545677093,1.4524691286301812,-4.923948976244961,3322.5
2659,1.4628881424283704,-1.2939532735351464,1.8539597852445149,-0.5629335593882501,1.4524691269734553,-4.895999376092371,3323.75
2660,1.4628881547767008,-1.293953264496803,1.8539597913160786,-0.562933578005079,1.4524691247239747,-4.858049775939792,3325.0
2661,1.4628881703789074,-1.2939532530767894,1.853959798987544,-0.5629336015275802,1.4524691218817394,-4.810100175787197,3326.25
2662,1.462888189422837,-1.293953239642243,1.8539598096340089,-0.5629336356292136,1.4524691199011395,-4.752150587127033,3327.5
2663,1.462888211755069,-1.2939532238933091,1.8539598221323816,-0.5629336756762575,1.4524691175943216,-4.68420099853147,3328.75
2664,1.4628882453176413,-1.2939532084229974,1.8539598282234253,-0.5629337012800584,1.4524691449952623,-4.606251422663616,3330.0
2665,1.4628882857684942,-1.2939531918105787,1.8539598324147293,-0.5629337235544001,1.4524691856898881,-4.51830185144546,3331.25
2666,1.4628883308547442,-1.2939531732959488,1.8539598370442276,-0.5629337482307227,1.4524692313057994,-4.420352292023026,3332.5
2667,1.4628883834542954,-1.2939531581075776,1.8539598361221223,-0.5629337633434968,1.4524692840967033,-4.312402739969044,3333.75
2668,1.46288844273751,-1.2939531447586892,1.8539598313638135,-0.5629337723305847,1.4524693433424458,-4.194453195807584,3335.0
2669,1.4628885071211553,-1.2939531327768625,1.853959823855758,-0.5629337772357512,1.4524694077127587,-4.066503659223723,3336.25
2670,1.462888576811386,-1.2939531290235102,1.8539598071655312,-0.5629337647973645,1.452469477504304,-3.9285541275826845,3337.5
2671,1.4628886504287562,-1.2939531275869807,1.8539597871822333,-0.5629337467772374,1.4524695512727526,-3.780604597373248,3338.75
2672,1.4628887241745925,-1.2939531372115458,1.8539597568692225,-0.5629337073662654,1.4524696253644307,-3.622655074062289,3340.0
2673,1.4628887966367312,-1.2939531530028305,1.8539597211893768,-0.5629336564110596,1.452469698276904,-3.456367506606637,3341.25
2674,1.4628888590813518,-1.293953176035724,1.8539596816717325,-0.5629335943028538,1.4524697612740178,-3.2965713960277503,3342.5
2675,1.4628889077026495,-1.29395320420782,1.8539596413749067,-0.562933526175927,1.45246981050406,-3.146775285449392,3343.75
2676,1.4628889472649618,-1.2939532343571964,1.8539596018615436,-0.5629334567897566,1.4524698506877276,-3.00697917487129,3345.0
2677,1.4628889740646858,-1.293953266457743,1.8539595642285063,-0.5629333872407669,1.4524698781120238,-2.8771830642935448,3346.25
2678,1.4628889923091855,-1.293953298769411,1.8539595288765853,-0.5629333197003757,1.4524698969641228,-2.7573869537159266,3347.5
2679,1.462889006171984,-1.2939533290274612,1.8539594967046336,-0.5629332573626367,1.452469911388124,-2.6475908431386657,3348.75
2680,1.4628890070955194,-1.2939533591585222,1.8539594683980565,-0.5629331989245097,1.4524699128394063,-2.5477947325616173,3350.0
2681,1.4628890079265133,-1.2939533862703172,1.853959442927916,-0.5629331463421343,1.4524699141452637,-2.457998621984705,3351.25
2682,1.4628890081223467,-1.293953410392071,1.8539594204241643,-0.56293309971234,1.452469914762278,-2.3782025114078937,3352.5
2683,1.4628889987321503,-1.293953432005821,1.8539594030304,-0.562933060632391,1.4524699057263744,-2.308406400831179,3353.75
2684,1.4628889906873292,-1.293953450522873,1.8539593881287182,-0.5629330271516007,1.452469897985085,-2.2486102902545952,3355.0
2685,1.4628889839878836,-1.2939534659432235,1.853959375719115,-0.5629329992699684,1.45246989153841,-2.1988141796781218,3356.25
2686,1.462888978633813,-1.293953478266876,1.8539593658015945,-0.5629329769874949,1.452469886386349,-2.159018069101628,3357.5
2687,1.462888974625118,-1.293953487493831,1.8539593583761569,-0.5629329603041799,1.4524698825289022,-2.129221958525152,3358.75
2688,1.4628889719617981,-1.293953493624088,1.853959353442802,-0.5629329492200237,1.4524698799660698,-2.109425847948635,3360.0
2689,1.4629519241311177,-1.2934309845801433,1.85325126203045,-0.5627474290914956,1.452533885278227,-2.099055885305798,3361.25
2690,1.4634309250924689,-1.2894552923468388,1.8478635528997067,-0.5613358859135913,1.4530208988861402,-2.096765543453464,3362.5
2691,1.463693463652231,-1.2872762350384501,1.8449105818005795,-0.5605622330690407,1.4532878268185407,-2.1037011658994476,3363.75
2692,1.4636934649737228,-1.2872762306801884,1.8449105865811497,-0.5605622451506388,1.4532878229237922,-2.1189036099672087,3365.0
2693,1.4636934671644772,-1.2872762234551105,1.8449105945063264,-0.5605622651793788,1.453287816467122,-2.1441060540349843,3366.25
2694,1.4636934702244941,-1.2872762133632158,1.844910605576109,-0.5605622931552605,1.4532878074485287,-2.1793084981027184,3367.5
2695,1.4636934741537737,-1.2872762004045049,1.8449106197904985,-0.5605623290782843,1.4532877958680133,-2.224510942170382,3368.75
2696,1.463693478732272,-1.2872761843535725,1.8449106362782806,-0.5605623692945396,1.4532877799742265,-2.2797133693291745,3370.0
2697,1.4636934840457454,-1.287276165298263,1.8449106553789878,-0.5605624152280414,1.453287760449708,-2.3449157898308126,3371.25
2698,1.4636934866889726,-1.2872761429864525,1.8449106768816967,-0.5605624629705619,1.4532877485498077,-2.4201182021566066,3372.5
2699,1.4636934858377062,-1.287276117339146,1.8449107006616658,-0.5605625112838413,1.4532877467859524,-2.5053206060578774,3373.75
2700,1.4636934849162122,-1.2872760886711967,1.844910727202878,-0.5605625651676487,1.4532877450585526,-2.6005230000874535,3375.0
2701,1.4636934785116444,-1.2872760582496472,1.8449107571172054,-0.5605626245101001,1.4532877379505866,-2.705725387317109,3376.25
2702,1.4636934610953787,-1.2872760273674442,1.8449107910202567,-0.5605626891614047,1.4532877200078849,-2.820927766106477,3377.5
2703,1.4636934421677539,-1.2872759938055132,1.844910827869818,-0.5605627594394939,1.4532877005110751,-2.9461301360649026,3378.75
2704,1.4636934050917647,-1.2872759644418679,1.8449108660751827,-0.5605628267498197,1.4532876628346711,-3.0813325000703,3380.0
2705,1.4636933642843808,-1.2872759333153572,1.84491090701199,-0.5605628985285713,1.4532876213827948,-3.2265348636444635,3381.25
2706,1.4636933053716161,-1.2872759101988596,1.8449109457280688,-0.5605629599415515,1.4532875619219492,-3.3817372210227097,3382.5
2707,1.463693239643157,-1.2872758883941098,1.8449109851997167,-0.5605630207486052,1.4532874956518738,-3.546763091240407,3383.75
2708,1.4636931642802158,-1.2872758785340463,1.8449110163141733,-0.5605630611814975,1.453287419933349,-3.7093085188727555,3385.0
2709,1.4636930915829791,-1.2872758738197037,1.844911041847245,-0.5605630909053338,1.453287346977163,-3.861853946504632,3386.25
2710,1.4636930200731286,-1.2872758776560727,1.844911059048034,-0.5605631037527699,1.453287275361075,-4.004399374136206,3387.5
2711,1.4636929536882104,-1.2872758847520034,1.8449110717145174,-0.5605631088425714,1.4532872089394675,-4.13694480176742,3388.75
2712,1.4636928925327901,-1.2872758985146664,1.844911076633698,-0.5605630995545365,1.4532871478768625,-4.259490229398439,3390.0
2713,1.4636928363677983,-1.2872759111542587,1.8449110811514544,-0.5605630910244255,1.4532870917971126,-4.372035657029188,3391.25
2714,1.4636927892123857,-1.2872759297936136,1.8449110774462443,-0.560563068335221,1.4532870448539292,-4.474581084659775,3392.5
2715,1.4636927470123693,-1.287275947247816,1.8449110734077894,-0.560563046533962,1.4532870028573959,-4.567126512290092,3393.75
2716,1.4636927093722778,-1.2872759628160013,1.8449110698057067,-0.5605630270884383,1.4532869653987996,-4.649671939920222,3395.0
2717,1.4636926807233241,-1.2872759798781523,1.8449110621948548,-0.5605630022047239,1.4532869369793284,-4.722217367550249,3396.25
2718,1.4636926572062385,-1.2872759954905482,1.844911054446637,-0.5605629786707711,1.4532869136787698,-4.784762795180204,3397.5
2719,1.463692637449154,-1.2872760086067736,1.844911047937232,-0.5605629588995156,1.453286894103593,-4.837308222810151,3398.75
2720,1.4636926214520698,-1.2872760192268289,1.8449110426666397,-0.5605629428909572,1.4532868782537975,-4.879853650439987,3400.0
2721,1.4636926092149865,-1.2872760273507156,1.844911038634863,-0.5605629306450965,1.4532868661293836,-4.912399078069834,3401.25
2722,1.4636926007379039,-1.287276032978434,1.8449110358419012,-0.5605629221619337,1.4532868577303517,-4.934944505699749,3402.5
2723,1.4636975327022064,-1.2872345557295917,1.8448545078025735,-0.5605478761978723,1.4532918747441383,-4.947542666795723,3403.75
2724,1.4640877003767538,-1.2839561764209095,1.8403869674427777,-0.5593590993464371,1.4536887608287798,-4.9524446797034285,3405.0
2725,1.4644805063483777,-1.2806556550250914,1.8358892580196957,-0.558162298565394,1.4540883287436623,-4.947654520953019,3406.25
2726,1.4644862383983925,-1.2806075225845461,1.8358236725995485,-0.5581448523640974,1.4540941546991413,-4.935162610083866,3407.5
2727,1.4644862456147183,-1.2806075173122287,1.835823676164388,-0.5581448632440382,1.4540941534290912,-4.912732679759394,3408.75
2728,1.464486256048319,-1.2806075096893386,1.8358236813185502,-0.5581448789746141,1.4540941515928112,-4.8803027494350175,3410.0
2729,1.4644862696991945,-1.280607499715876,1.835823688062035,-0.5581448995558251,1.454094149190301,-4.837872819110595,3411.25
2730,1.4644862866442883,-1.2806074875456048,1.8358236969685036,-0.5581449273427549,1.4540941468248125,-4.785442897703845,3412.5
2731,1.4644863069280056,-1.280607473267262,1.8358237083690185,-0.5581449636945344,1.4540941448444857,-4.7230129875544575,3413.75
2732,1.4644863325550128,-1.2806074573929203,1.8358237193942324,-0.5581450004623388,1.4540941504898388,-4.650583080976851,3415.0
2733,1.4644863699375432,-1.2806074420386087,1.8358237233037467,-0.5581450210915223,1.4540941880806089,-4.568153187370825,3416.25
2734,1.4644864118736014,-1.280607424814653,1.8358237276675469,-0.5581450441554094,1.4540942303841207,-4.475723300242182,3417.5
2735,1.4644864586983477,-1.2806074063175337,1.8358237317884398,-0.5581450682578604,1.4540942777068055,-4.373293420205102,3418.75
2736,1.4644865144235608,-1.2806073937803808,1.8358237272780153,-0.5581450766664371,1.4540943333982226,-4.2608635509842845,3420.0
2737,1.4644865751044687,-1.2806073801274,1.8358237223636347,-0.5581450858112746,1.454094394037111,-4.1384336896821905,3421.25
2738,1.4644866409702684,-1.2806073729701382,1.835823709854056,-0.5581450809237289,1.45409445995375,-4.006003834461441,3422.5
2739,1.4644867119269782,-1.2806073691767206,1.83582369271003,-0.5581450680873878,1.454094531014894,-3.863573981454639,3423.75
2740,1.4644867841310094,-1.2806073737242976,1.835823667381114,-0.5581450387336694,1.4540946034742075,-3.7111441328117354,3425.0
2741,1.464486858919445,-1.2806073835312028,1.8358236363667402,-0.5581449984534909,1.4540946786175075,-3.5487142905368425,3426.25
2742,1.464486924367586,-1.2806074050666054,1.8358235970791743,-0.5581449381010519,1.4540947446043033,-3.38360895483176,3427.5
2743,1.464486983098642,-1.2806074279438433,1.8358235584929172,-0.5581448770589776,1.454094803881277,-3.2282957784949393,3428.75
2744,1.4644870236560472,-1.280607458905302,1.83582351762779,-0.5581448055199683,1.454094845082628,-3.082982602158319,3430.0
2745,1.4644870607008675,-1.2806074880345362,1.8358234795054982,-0.5581447385309212,1.454094882730575,-2.9476694258222826,3431.25
2746,1.4644870795248337,-1.280607521415337,1.8358234427120685,-0.5581446684858549,1.4540949021881149,-2.8223562494863503,3432.5
2747,1.4644870968466464,-1.2806075521323401,1.8358234088547498,-0.5581446040303896,1.4540949200929418,-2.7070430731508224,3433.75
2748,1.4644871033652724,-1.2806075822778538,1.8358233786849842,-0.5581445437556253,1.4540949271581902,-2.601729896815339,3435.0
2749,1.4644871042381233,-1.2806076106916993,1.8358233517861016,-0.5581444884427952,1.4540949285334155,-2.5064167204801553,3436.25
2750,1.4644871050193973,-1.280607636124436,1.8358233277093712,-0.5581444389332368,1.4540949297643562,-2.4211035441451423,3437.5
2751,1.4644871005649835,-1.2806076588510589,1.8358233076976487,-0.5581443961573841,1.454094925699205,-2.3457903678102197,3438.75
2752,1.4644870919017225,-1.2806076788166758,1.835823291502844,-0.5581443599295086,1.4540949173663391,-2.2804771914754673,3440.0
2753,1.46448708456488,-1.280607695725387,1.8358232777875998,-0.5581443292484273,1.4540949103093055,-2.2251640151407663,3441.25
2754,1.4644870785544564,-1.280607709577191,1.8358232665519147,-0.5581443041141401,1.4540949045281044,-2.179850838806076,3442.5
2755,1.4644870738704512,-1.2806077203720905,1.8358232577957918,-0.5581442845266472,1.4540949000227352,-2.144537662471431,3443.75
2756,1.4644870705128645,-1.2806077281100858,1.8358232515192319,-0.5581442704859487,1.4540948967931984,-2.119224486136689,3445.0
2757,1.4644870684816962,-1.2806077327911773,1.8358232477222338,-0.5581442619920447,1.454094894839494,-2.103911309802021,3446.25
2758,1.4647343685608454,-1.2785041147931784,1.8329407932004447,-0.5573656680358335,1.4543465766950725,-2.0968915966807042,3447.5
2759,1.4652026737334596,-1.2745205645998545,1.8274823970400216,-0.5558912819090873,1.4548231785542762,-2.0990575398859534,3448.75
2760,1.4652700383557968,-1.2739475445899362,1.8266972324747999,-0.5556792053860582,1.4548917332793754,-2.1093254128307755,3450.0
2761,1.4652700400537175,-1.2739475390320458,1.8266972386120552,-0.5556792208236759,1.454891728348034,-2.128964421225529,3451.25
2762,1.4652700426162046,-1.2739475306441301,1.8266972478743442,-0.555679244121985,1.4548917209056995,-2.1586034296201557,3452.5
2763,1.4652700460432566,-1.273947519426188,1.826697260261666,-0.555679275280985,1.454891710952372,-2.198242438014825,3453.75
2764,1.4652700502896694,-1.273947505330779,1.8266972755916304,-0.5556793135397684,1.4548916981237978,-2.247881443140388,3455.0
2765,1.4652700551311915,-1.2739474881225576,1.8266972929594483,-0.5556793551236824,1.454891680613016,-2.307520431192309,3456.25
2766,1.4652700607845188,-1.2739474680289389,1.8266973132394244,-0.555679403680202,1.4548916601661044,-2.377159419244361,3457.5
2767,1.4652700604493205,-1.273947444402562,1.8266973354265903,-0.5556794491152576,1.4548916571816504,-2.456798391771042,3458.75
2768,1.4652700595724928,-1.2739474177582342,1.8266973603163301,-0.5556794994737967,1.4548916554134335,-2.5464373603204034,3460.0
2769,1.4652700586266505,-1.2739473881311842,1.8266973879533213,-0.555679555351771,1.4548916536870964,-2.646076319190638,3461.25
2770,1.4652700452975158,-1.2739473584006897,1.826697419726151,-0.5556796164509046,1.4548916397868101,-2.755715268712252,3462.5
2771,1.4652700274559556,-1.2739473267290806,1.826697454764414,-0.5556796830273014,1.4548916214008423,-2.875354210676619,3463.75
2772,1.4652700015047806,-1.273947295147662,1.8266974920958234,-0.5556797517555582,1.4548915948673042,-3.0049931456336867,3465.0
2773,1.4652699627974708,-1.2739472655773443,1.826697531271229,-0.555679820227446,1.4548915555423236,-3.1446320766847737,3466.25
2774,1.4652699154755906,-1.2739472377700327,1.8266975713093103,-0.555679887734838,1.454891507612513,-3.294271005197243,3467.5
2775,1.4652698543756464,-1.2739472151553421,1.8266976104930155,-0.5556799490915938,1.4548914459627686,-3.45390992700833,3468.75
2776,1.465269783587192,-1.2739471994030525,1.826697646053379,-0.555679999890253,1.4548913747222403,-3.620223775451532,3470.0
2777,1.4652697112894286,-1.2739471899036836,1.8266976761689204,-0.5556800389787536,1.4548913020793681,-3.7783300097316945,3471.25
2778,1.4652696392035414,-1.2739471910608793,1.826697696189789,-0.5556800573152021,1.4548912298374026,-3.9264362440116134,3472.5
2779,1.46526957087374,-1.2739471947020067,1.8266977127721806,-0.5556800697561496,1.454891161404663,-4.064542478291241,3473.75
2780,1.465269507742978,-1.273947206252193,1.826697720386055,-0.5556800653557699,1.4548910983236045,-4.192648712570568,3475.0
2781,1.4652694496147518,-1.273947219323678,1.826697725102706,-0.5556800565730997,1.4548910402842452,-4.310754946849659,3476.25
2782,1.465269398002731,-1.2739472341174234,1.8266977262896655,-0.5556800425857311,1.4548909888075179,-4.418861181128478,3477.5
2783,1.4652693538841044,-1.2739472523671769,1.8266977220285354,-0.5556800197482759,1.4548909449036733,-4.516967415407184,3478.75
2784,1.4652693142625035,-1.2739472687567233,1.8266977182017379,-0.5556799992386483,1.4548909054749617,-4.6050736496856945,3480.0
2785,1.4652692804213276,-1.2739472842665132,1.8266977135103954,-0.5556799787866841,1.454890871825269,-4.683179883964043,3481.25
2786,1.465269255167279,-1.273947301040713,1.8266977051139444,-0.5556799534276935,1.4548908468061015,-4.751286118242217,3482.5
2787,1.4652692336212683,-1.2739473153519665,1.8266976979503395,-0.5556799317921493,1.4548908254604838,-4.809392352520317,3483.75
2788,1.465269215783295,-1.2739473272002708,1.826697692019577,-0.55567991388005,1.4548908077884164,-4.857498586798398,3485.0
2789,1.4652692016533595,-1.2739473365856298,1.8266976873216616,-0.5556798996913974,1.4548907937898994,-4.895604821076464,3486.25
2790,1.4652691912314617,-1.2739473435080428,1.8266976838565931,-0.5556798892261913,1.4548907834649327,-4.923711055354513,3487.5
2791,1.4652691845176016,-1.2739473479675099,1.8266976816243716,-0.5556798824844318,1.4548907768135166,-4.94181728963263,3488.75
2792,1.465390944325602,-1.2728988087698991,1.8252531210975018,-0.5552839801264559,1.4550147557811086,-4.950942912033447,3490.0
2793,1.4658676546614176,-1.2687937026187759,1.8195975792859116,-0.5537340104266739,1.4555001537925676,-4.951589221287066,3491.25
2794,1.4660417559792522,-1.2672944814267537,1.8175321292325672,-0.5531679524417069,1.4556774250101687,-4.943432660907843,3492.5
2795,1.4660417613312158,-1.267294477523994,1.8175321318897817,-0.5531679605126205,1.4556774240981634,-4.926609373911831,3493.75
2796,1.4660417698644617,-1.2672944713013787,1.8175321361264818,-0.5531679733809993,1.4556774226440488,-4.899786086915801,3495.0
2797,1.466041781578991,-1.2672944627589082,1.817532141942668,-0.5531679910468434,1.4556774206478256,-4.862962799919841,3496.25
2798,1.4660417964748027,-1.2672944518965819,1.81753214933834,-0.5531680135101528,1.4556774181094934,-4.816139512923835,3497.5
2799,1.46604181470759,-1.267294439032643,1.8175321594956668,-0.5531680455991623,1.4556774162649577,-4.759316246695814,3498.75
2800,1.4660418361722187,-1.2672944239521897,1.817532171616361,-0.5531680840534949,1.4556774142796445,-4.692492983277744,3500.0
2801,1.4660418673150895,-1.2672944087665976,1.817532178668223,-0.5531681114291143,1.455677436588593,-4.61566973066618,3501.25
2802,1.466041906149856,-1.2672943928148979,1.8175321827655713,-0.5531681328971298,1.4556774756374766,-4.5288464837315585,3502.5
2803,1.4660419494916157,-1.2672943750129197,1.817532187297151,-0.5531681567100943,1.4556775194691993,-4.432023248912481,3503.75
2804,1.466041999625899,-1.2672943595250836,1.817532187425611,-0.5531681732884111,1.4556775698495303,-4.3252000207706125,3505.0
2805,1.4660420567363825,-1.2672943466849982,1.8175321827614794,-0.5531681818581043,1.4556776269230611,-4.208376800756763,3506.25
2806,1.4660421187706834,-1.2672943339356488,1.8175321765612615,-0.5531681888301552,1.4556776889278973,-4.081553588746626,3507.5
2807,1.4660421860032176,-1.267294330363144,1.8175321601712133,-0.5531681765059392,1.455677756261034,-3.944730382441923,3508.75
2808,1.4660422576934067,-1.2672943275818807,1.817532141722777,-0.5531681613650435,1.4556778280764788,-3.797907176916034,3510.0
2809,1.4660423289154507,-1.267294336956545,1.8175321119218246,-0.553168122711426,1.4556778996403854,-3.641083978385468,3511.25
2810,1.4660424006243695,-1.2672943508826213,1.8175320776753183,-0.5531680750634285,1.4556779717732966,-3.475132805751878,3512.5
2811,1.4660424617943248,-1.2672943735435183,1.8175320382703133,-0.5531680134426187,1.4556780334966177,-3.314215613085996,3513.75
2812,1.4660425112323099,-1.2672944000649098,1.8175319986652112,-0.5531679476740656,1.4556780835277077,-3.163298420420499,3515.0
2813,1.4660425500289098,-1.267294429722265,1.8175319592242747,-0.5531678788547447,1.4556781229469578,-3.02238122775531,3516.25
2814,1.466042578204069,-1.2672944605298406,1.8175319218187416,-0.5531678108422169,1.4556781517390704,-2.891464035090364,3517.5
2815,1.4660425961230499,-1.2672944923365423,1.8175318864840553,-0.5531677438257394,1.455678170267522,-2.7705468424258823,3518.75
2816,1.4660426114290455,-1.2672945217670442,1.8175318541637713,-0.5531676821811577,1.4556781861343202,-2.65962964976153,3520.0
2817,1.4660426123437336,-1.2672945514690663,1.8175318258178663,-0.5531676241335014,1.4556781875792137,-2.5587124570974566,3521.25
2818,1.466042613167784,-1.2672945782278773,1.8175318002807854,-0.5531675718378538,1.4556781888809311,-2.46779526443345,3522.5
2819,1.4660426139011968,-1.2672946020434792,1.8175317775525315,-0.5531675252942149,1.4556781900394726,-2.386878071769609,3523.75
2820,1.4660426052852835,-1.2672946234078106,1.8175317598901386,-0.5531674861994593,1.4556781817821034,-2.315960879105919,3525.0
2821,1.4660425973173776,-1.2672946417896895,1.8175317448565118,-0.5531674527213382,1.4556781741213236,-2.2550436864423107,3526.25
2822,1.4660425906574615,-1.267294657154047,1.817531732290762,-0.5531674247388937,1.4556781677181165,-2.2041264937787783,3527.5
2823,1.4660425853055352,-1.2672946695008853,1.8175317221928906,-0.5531674022521262,1.455678162572482,-2.16320930111526,3528.75
2824,1.4660425812615985,-1.267294678830205,1.817531714562899,-0.5531673852610357,1.4556781586844203,-2.1322921084517876,3530.0
2825,1.4660425785256512,-1.2672946851420064,1.8175317094007875,-0.5531673737656222,1.4556781560539314,-2.111374915788218,3531.25
2826,1.4660723172809231,-1.2670354208189332,1.817172600868395,-0.5530675585097172,1.4557084521943335,-2.1001452126065185,3532.5
2827,1.4664988345773848,-1.2633171485494141,1.8120225049416925,-0.5516361502696037,1.4561429623663544,-2.0967008737043464,3533.75
2828,1.4668049263357534,-1.2606487212877926,1.8083265317724064,-0.5506089036088598,1.4564547882318202,-2.10276499333102,3535.0
2829,1.4668049275383601,-1.2606487173800065,1.8083265361188132,-0.550608914489054,1.4564547847862082,-2.1167546483375967,3536.25
2830,1.4668049296006065,-1.2606487106788804,1.8083265435720919,-0.5506089331465625,1.456454778877625,-2.140744303344217,3537.5
2831,1.4668049325224932,-1.2606487011844147,1.808326554132243,-0.5506089595813851,1.4564547705060706,-2.174733958350796,3538.75
2832,1.4668049363040196,-1.260648688896609,1.8083265677992661,-0.550608993793522,1.4564547596715451,-2.218723613357361,3540.0
2833,1.4668049407744357,-1.2606486736318112,1.8083265838711218,-0.5506090328701785,1.4564547449813168,-2.272713262569207,3541.25
2834,1.4668049459472072,-1.2606486554045035,1.8083266024031737,-0.5506090770410559,1.4564547265452155,-2.336702907840092,3542.5
2835,1.4668049493474908,-1.2606486340843435,1.8083266234581914,-0.5506091243258084,1.4564547128579544,-2.4106925469610934,3543.75
2836,1.466804948527849,-1.260648609439589,1.8083266466823311,-0.550609171131377,1.456454711155028,-2.494682175697947,3545.0
2837,1.4668049476341336,-1.2606485818520234,1.8083266726471248,-0.550609223428021,1.456454709446938,-2.588671795971557,3546.25
2838,1.466804943233825,-1.260648552124127,1.8083267017438964,-0.5506092811399211,1.4564547043175209,-2.692661409297142,3547.5
2839,1.466804926461732,-1.2606485223270323,1.8083267349730432,-0.5506093440324579,1.4564546870260213,-2.8066510136348315,3548.75
2840,1.4668049082187051,-1.2606484899169232,1.8083267711210096,-0.5506094124575303,1.4564546682210446,-2.9306406085287087,3550.0
2841,1.4668048744537459,-1.2606484607035526,1.8083268088186908,-0.5506094791259969,1.456454633862498,-3.0646301978647594,3551.25
2842,1.466804835078391,-1.2606484305879389,1.8083268490294637,-0.5506095491699091,1.456454593851812,-3.208619785940817,3552.5
2843,1.4668047801007065,-1.2606484069307773,1.8083268877143968,-0.5506096111105779,1.4564545383154546,-3.362609368645238,3553.75
2844,1.4668047182468664,-1.2606483841637528,1.8083269275838667,-0.5506096732939743,1.4564544759018319,-3.5261349519368306,3555.0
2845,1.466804646217762,-1.2606483746682349,1.8083269578591321,-0.5506097125335145,1.4564544035249274,-3.685816427518211,3556.25
2846,1.4668045777643302,-1.2606483679256384,1.8083269844657337,-0.5506097453773575,1.456454334781713,-3.8354979030993754,3557.5
2847,1.466804509592517,-1.2606483715386538,1.8083270011593,-0.5506097579524368,1.4564542665057787,-3.975179378680112,3558.75
2848,1.4668044463244712,-1.2606483756467683,1.8083270159353784,-0.5506097681511282,1.4564542031545868,-4.104860854260746,3560.0
2849,1.4668043882209452,-1.2606483887042654,1.8083270206919186,-0.5506097594172288,1.4564541451405395,-4.224542329840939,3561.25
2850,1.4668043349722661,-1.2606484006707366,1.8083270250510182,-0.550609751413089,1.4564540919738624,-4.334223805420939,3562.5
2851,1.4668042887781132,-1.260648415452053,1.808327024655795,-0.5506097358914098,1.4564540459294415,-4.433905281000751,3563.75
2852,1.4668042489966466,-1.2606484319085312,1.8083270207775368,-0.5506097152586533,1.456454006343493,-4.523586756580411,3565.0
2853,1.4668042136510422,-1.2606484465300132,1.8083270173317207,-0.550609696926566,1.4564539711716051,-4.603268232159982,3566.25
2854,1.466804183204002,-1.2606484596703935,1.8083270138458476,-0.5506096800721044,1.4564539408839459,-4.672949707739395,3567.5
2855,1.4668041613754514,-1.2606484741747959,1.8083270065211705,-0.5506096580783322,1.4564539192604604,-4.732631183318662,3568.75
2856,1.4668041432044097,-1.260648486248896,1.8083270004237884,-0.5506096397697523,1.456453901260124,-4.782312658897913,3570.0
2857,1.4668041286908764,-1.260648495892693,1.8083269955537,-0.5506096251463646,1.4564538868829358,-4.821994134477096,3571.25
2858,1.4668041178348517,-1.2606485031061867,1.808326991910905,-0.550609614208169,1.4564538761288963,-4.8516756100563425,3572.5
2859,1.4668041106363352,-1.260648507889379,1.808326989495406,-0.5506096069551659,1.4564538689980053,-4.871357085635628,3573.75
2860,1.4668041070953273,-1.2606485102422695,1.8083269883072026,-0.5506096033873557,1.4564538654902628,-4.881038561214896,3575.0
2861,1.4666254825435134,-1.2621889052632498,1.8105348197023152,-0.5512768652554975,1.4562713399657004,-4.881871887196735,3576.25
2862,1.4665957580964324,-1.2624452620890032,1.8109022569812245,-0.5513879166891199,1.4562409662748999,-4.873870373556028,3577.5
2863,1.4665483309926834,-1.262854309499038,1.811488548723868,-0.5515651147317466,1.4561925032056846,-4.855945504507277,3578.75
2864,1.466474445060355,-1.263491557968127,1.8124019233261106,-0.5518411687504721,1.456117003359195,-4.828020635458591,3580.0
2865,1.4663741002994464,-1.264357007496271,1.8136423807879536,-0.5522160787452969,1.456014466735431,-4.790095766409911,3581.25
2866,1.466245986692076,-1.2654512578688317,1.8152047205353379,-0.5526840422524067,1.4558836092654688,-4.7421707233228165,3582.5
2867,1.4660909349911102,-1.2667739278992822,1.8170922388717865,-0.553248738096297,1.4557252452507785,-4.6842456549770555,3583.75
2868,1.4659091108088775,-1.2683249419938714,1.8193055938144147,-0.5539109001601396,1.4555395370235984,-4.6163205859093335,3585.0
2869,1.4656988834169205,-1.2701051431612487,1.8218385376773367,-0.5546634372400694,1.455324886187968,-4.53839528899567,3586.25
2870,1.4654616779574698,-1.2721137940410927,1.824696529241486,-0.5555125459225129,1.455082689633023,-4.450469992081993,3587.5
2871,1.4651954517320775,-1.2743520124373782,1.827871883258497,-0.5564494208467633,1.45481094440491,-4.352544425275663,3588.75
2872,1.4649012200267415,-1.2768192674474845,1.8313684771892236,-0.5574784715225491,1.4545106458094228,-4.244618748271593,3590.0
2873,1.46457802925832,-1.2795161130009955,1.8351827982479048,-0.5585956301555418,1.4541808585247404,-4.126692851644202,3591.25
2874,1.464224950649058,-1.2824431661545095,1.8393116061376775,-0.5597970383254317,1.453820671018415,-3.9987666334695726,3592.5
2875,1.4638420893091246,-1.2856004192985029,1.843755413580578,-0.5610832164611679,1.4534301860084713,-3.860840137363962,3593.75
2876,1.4634287603074938,-1.288988364550466,1.848511918672814,-0.5624513697332505,1.4530087310144675,-3.7129133049267953,3595.0
2877,1.4629842614440856,-1.2926075456578625,1.8535788541601657,-0.5638986862957698,1.4525556163189761,-3.55498607926467,3596.25
2878,1.4625267473669217,-1.296306743226744,1.8587425385702778,-0.5653627218291973,1.4520893655069413,-3.3936751773205067,3597.5
2879,1.4620934282050095,-1.2997869459496754,1.8635867115698947,-0.5667262640251391,1.4516478897389966,-3.2420158127706005,3598.75
2880,1.461685951279495,-1.3030397477130689,1.868102568714692,-0.5679889162852616,1.4512328428258146,-3.10035611560323,3600.0
2881,1.4613042229326492,-1.30606529938427,1.872289994891395,-0.5691504124838922,1.4508441322007573,-2.968696062813376,3601.25
2882,1.4609493577275208,-1.308862781806555,1.8761526925829557,-0.5702152755830371,1.4504828522983488,-2.847035768853385,3602.5
2883,1.460622155756055,-1.311431565842811,1.8796932210841197,-0.571186694981071,1.450149789063796,-2.7353753051225684,3603.75
2884,1.4603225224463265,-1.3137717511493028,1.8829113387122818,-0.5720643292142373,1.4498448494102738,-2.633714645185908,3605.0
2885,1.4600509377392055,-1.3158829714743676,1.8858086079636183,-0.5728501076051301,1.4495685047077067,-2.54205383354774,3606.25
2886,1.4598082513263717,-1.31776449351209,1.888387589342329,-0.5735473250183654,1.4493215901098946,-2.460392939176952,3607.5
2887,1.4595942046918164,-1.3194165670529003,1.890647568706498,-0.5741550171890835,1.4491038513229688,-2.388731932771499,3608.75
2888,1.4594094251282814,-1.3208386354485253,1.8925903991157955,-0.5746755946105251,1.4489159050226053,-2.3270708585543,3610.0
2889,1.4592546125359482,-1.322030077243224,1.8942181473709216,-0.5751117464153118,1.4487584392649098,-2.2754097843370533,3611.25
2890,1.4591290016783773,-1.3229915903464364,1.8955285987899488,-0.5754605590459057,1.4486307016232112,-2.233748629731447,3612.5
2891,1.4590333265679116,-1.3237225057963884,1.8965238786190706,-0.5757248276370396,1.448533413820412,-2.2020874486982738,3613.75
2892,1.458967869884979,-1.3242225658498898,1.8972048050991879,-0.5759056285297144,1.448466853804646,-2.180426267665089,3615.0
2893,1.458932631629579,-1.32449177050694,1.8975713782303003,-0.57600296172393,1.4484310215759124,-2.1687650866319217,3616.25
2894,1.4587584395074182,-1.3258198013123863,1.8993780877193225,-0.5764814673946616,1.4482539074332463,-2.166374943170906,3617.5
2895,1.458712622175482,-1.3261687663625052,1.8998526249090635,-0.5766069942021266,1.448207323317141,-2.1727281666566416,3618.75
2896,1.4587125047994722,-1.3261688714520148,1.8998522860261775,-0.5766065505152883,1.448207208080625,-2.188771195455146,3620.0
2897,1.4587123142602145,-1.326169042046306,1.899851735909559,-0.5766058302679302,1.4482070210144578,-2.2148142242535247,3621.25
2898,1.4587120505303472,-1.326169278123735,1.8998509744788903,-0.5766048331200281,1.4482067619051198,-2.2508572431803997,3622.5
2899,1.4587117135588037,-1.3261695796439765,1.8998500015842663,-0.5766035584373144,1.448206430354379,-2.2969002395185276,3623.75
2900,1.458711303400984,-1.326169946650886,1.8998488173883152,-0.5766020069084317,1.4482060267946966,-2.3529432358566895,3625.0
2901,1.4587110922511106,-1.3261701235915453,1.8998482194399444,-0.5766012316958322,1.448205818750054,-2.4189862223531255,3626.25
2902,1.458711091501909,-1.326170099769752,1.8998482411206703,-0.576601276879772,1.4482058174177022,-2.495029200739588,3627.5
2903,1.4587110906616456,-1.3261700728121735,1.8998482656432936,-0.5766013279729472,1.448205815969204,-2.5810721743042326,3628.75
2904,1.458711088281751,-1.3261700430507866,1.8998482931381009,-0.576601384816548,1.4482058129580895,-2.677115144062718,3630.0
2905,1.458711071554313,-1.3261700134178616,1.8998483247387523,-0.5766014459346951,1.448205795705586,-2.7831581035604733,3631.25
2906,1.4587110532496295,-1.3261699809907397,1.8998483593202833,-0.5766015128201615,1.4482057768274672,-2.89920105689974,3632.5
2907,1.4587110235708147,-1.3261699498288635,1.8998483959834505,-0.5766015804462299,1.448205746559604,-3.025244002797454,3633.75
2908,1.4587109836772718,-1.326169919451705,1.8998484348343525,-0.5766016494064358,1.44820570605701,-3.1612869425830743,3635.0
2909,1.458710933166522,-1.3261698919477523,1.899848474093372,-0.5766017158268276,1.4482056549608622,-3.3073298800653808,3636.25
2910,1.4587108699749467,-1.3261698686881744,1.8998485131032132,-0.5766017776641262,1.4482055912260352,-3.463372813140664,3637.5
2911,1.4587107952820704,-1.3261698531348023,1.8998485483918262,-0.5766018279922243,1.4482055160936391,-3.62764759848424,3638.75
2912,1.458710719007346,-1.3261698432432787,1.8998485789977029,-0.5766018679632913,1.4482054394717552,-3.7852806682038915,3640.0
2913,1.4587106426801155,-1.3261698452360102,1.8998485988473686,-0.5766018852904274,1.4482053629988803,-3.932913737923327,3641.25
2914,1.4587105706172703,-1.3261698491780858,1.8998486157203602,-0.576601897720608,1.448205290833491,-4.070546807642357,3642.5
2915,1.4587105040686186,-1.326169861993517,1.8998486229866296,-0.5766018917066318,1.4482052243458121,-4.198179877361028,3643.75
2916,1.458710442795883,-1.3261698758405487,1.8998486278210198,-0.5766018822654915,1.4482051631639574,-4.315812947079503,3645.0
2917,1.458710388640511,-1.3261698918908449,1.8998486286391592,-0.5766018666536149,1.448205109153583,-4.423446016797762,3646.25
2918,1.4587103421696246,-1.3261699111488818,1.8998486243697574,-0.5766018427989063,1.4482050629001868,-4.52107908651585,3647.5
2919,1.4587103004584865,-1.3261699284344224,1.899848620537639,-0.5766018213874985,1.4482050213842628,-4.608712156233807,3648.75
2920,1.4587102651598196,-1.3261699450059392,1.8998486155333079,-0.5766017995625539,1.4482049862837711,-4.68634522595155,3650.0
2921,1.4587102386132513,-1.3261699626449426,1.8998486070783167,-0.5766017732798727,1.4482049599740665,-4.753978295669247,3651.25
2922,1.4587102159917698,-1.3261699776759015,1.899848599873452,-0.576601750883261,1.448204937554427,-4.811611365386818,3652.5
2923,1.4587101972953755,-1.326169990098814,1.8998485939187109,-0.5766017323727183,1.4482049190248527,-4.85924443510434,3653.75
2924,1.458710182524068,-1.3261699999136827,1.8998485892140973,-0.5766017177482451,1.4482049043853435,-4.896877504821845,3655.0
2925,1.4587101716778477,-1.3261700071205076,1.8998485857596112,-0.5766017070098416,1.4482048936358993,-4.924510574539389,3656.25
2926,1.4587101647567144,-1.3261700117192892,1.8998485835552528,-0.5766017001575079,1.4482048867765205,-4.942143644256945,3657.5
2927,1.4588692749856271,-1.3249293920766105,1.8982126860624793,-0.5762065817963025,1.4483662935485297,-4.950876999037008,3658.75
2928,1.4594081249741948,-1.320727934804288,1.8926726027058207,-0.5748684960289088,1.448912920364701,-4.950957481198916,3660.0
2929,1.4595726012482007,-1.3194455203723094,1.8909816024595731,-0.5744600759265737,1.4490797670913833,-4.9423487605028225,3661.25
2930,1.4595726070720023,-1.3194455160822376,1.890981605283132,-0.5744600847148965,1.4490797659810726,-4.924866394890446,3662.5
2931,1.4595726162270468,-1.3194455093382234,1.890981609721781,-0.574460098530184,1.4490797642356585,-4.897384029278081,3663.75
2932,1.4595726287133348,-1.3194455001402665,1.8909816157755195,-0.5744601173724357,1.4490797618551414,-4.8599016636657835,3665.0
2933,1.4595726445308663,-1.3194454884883673,1.8909816234443475,-0.5744601412416518,1.4490797588395212,-4.812419298053469,3666.25
2934,1.4595726638696915,-1.3194454747327264,1.8909816340573609,-0.5744601756810115,1.449079756623597,-4.754936942981139,3667.5
2935,1.4595726865852354,-1.319445458606938,1.8909816466034872,-0.574460216473698,1.4490797541158853,-4.687454588542676,3668.75
2936,1.4595727204039721,-1.3194454425917592,1.890981653178585,-0.5744602437872051,1.4490797802910564,-4.609972246059966,3670.0
2937,1.4595727618071952,-1.3194454255497423,1.8909816573437161,-0.5744602665002999,1.449079821937793,-4.522489908421024,3671.25
2938,1.4595728079832786,-1.3194454065452395,1.8909816619436821,-0.5744602916682435,1.4490798686642214,-4.425007583020062,3672.5
2939,1.4595728616561163,-1.3194453905497372,1.890981661415272,-0.5744603080570538,1.4490799225669386,-4.31752526443344,3673.75
2940,1.4595729224145781,-1.319445376824865,1.8909816565910083,-0.574460317353196,1.4490799832888301,-4.200042953818196,3675.0
2941,1.4595729884040847,-1.319445363952622,1.8909816495010916,-0.5744603235634008,1.449080049258657,-4.07256065089576,3676.25
2942,1.4595730598667633,-1.3194453600644895,1.890981632696457,-0.5744603111445754,1.449080120822263,-3.935078353138853,3677.5
2943,1.459573135652512,-1.3194453579089178,1.890981613086076,-0.5744602942176474,1.4490801967484266,-3.7875960564369024,3678.75
2944,1.4595732113034896,-1.3194453677556155,1.8909815826005572,-0.5744602544110943,1.449080272745734,-3.630113766717157,3680.0
2945,1.4595732864128927,-1.3194453833126896,1.890981547076477,-0.5744602038503457,1.4490803482975476,-3.4639324983974444,3681.25
2946,1.4595733508473252,-1.3194454070750006,1.8909815071292808,-0.5744601405845622,1.449080413289082,-3.3036641359012,3682.5
2947,1.4595734018126403,-1.3194454356358793,1.8909814666520746,-0.5744600718949429,1.4490804648614803,-3.1533957734054257,3683.75
2948,1.4595734426493703,-1.319445466774636,1.8909814267134535,-0.5744600010946632,1.449080506325314,-3.0131274109098736,3685.0
2949,1.459573471142599,-1.319445499602802,1.890981388751749,-0.5744599304952893,1.4490805354453016,-2.882859048414678,3686.25
2950,1.4595734899813035,-1.3194455330058772,1.8909813530150945,-0.5744598614785119,1.449080554897773,-2.7625906859197205,3687.5
2951,1.4595735050359164,-1.3194455641324592,1.8909813204255612,-0.5744597978595153,1.449080570518421,-2.652322323424893,3688.75
2952,1.4595735059839465,-1.3194455953139905,1.8909812918010391,-0.5744597380520905,1.4490805720001205,-2.552053960930345,3690.0
2953,1.4595735068374276,-1.3194456233857101,1.8909812660313046,-0.5744596842094014,1.4490805733340466,-2.4617855984359527,3691.25
2954,1.4595735075560219,-1.3194456483498154,1.890981243125845,-0.5744596363384561,1.449080574479804,-2.3815172359417183,3692.5
2955,1.4595734978242028,-1.3194456707675126,1.890981225510315,-0.5744595962315482,1.4490805651070784,-2.311248873447647,3693.75
2956,1.459573489477334,-1.3194456899949123,1.8909812104016783,-0.5744595618323167,1.4490805570682,-2.2509805109536205,3695.0
2957,1.4595734825154154,-1.319445706032012,1.8909811977999325,-0.5744595331407615,1.4490805503631687,-2.200712148459729,3696.25
2958,1.4595734769384474,-1.3194457188788142,1.8909811877050797,-0.5744595101568828,1.4490805449919848,-2.160443785965793,3697.5
2959,1.4595734727464296,-1.3194457285353198,1.8909811801171212,-0.5744594928806807,1.4490805409546477,-2.130175423471873,3698.75
2960,1.4595734699393619,-1.3194457350015287,1.8909811750360572,-0.574459481312155,1.449080538251158,-2.1099070609779136,3700.0
2961,1.4596247391834967,-1.3190410214890749,1.8904443300293594,-0.5743274009368642,1.4491325708487646,-2.099189127674122,3701.25
2962,1.4601239913372355,-1.315100061054329,1.8852167872381727,-0.573041316512064,1.4496392556061424,-2.0964729420084516,3702.5
2963,1.460423741383567,-1.3127339198519636,1.8820781915126692,-0.5722691622377792,1.4499434658726689,-2.1030914890337704,3703.75
2964,1.4604237426883389,-1.3127339154723485,1.8820781962178106,-0.5722691742881424,1.4499434619391818,-2.117913576169533,3705.0
2965,1.4604237448734,-1.3127339081379437,1.8820782040973647,-0.5722691944685099,1.4499434553518944,-2.1427356633053107,3706.25
2966,1.46042374793875,-1.3127338978487488,1.8820782151513304,-0.5722692227788817,1.4499434461108056,-2.1775577504410455,3707.5
2967,1.4604237518843892,-1.312733884604764,1.882078229379709,-0.5722692592192578,1.449943434215916,-2.2223798375767387,3708.75
2968,1.4604237564897091,-1.312733868193289,1.8820782459467247,-0.5722693002437772,1.4499434179547444,-2.2772019141522604,3710.0
2969,1.4604237618212426,-1.3127338486784703,1.8820782651044372,-0.5722693469218256,1.4499433978437506,-2.3420239857623724,3711.25
2970,1.46042376473721,-1.3127338258386778,1.8820782867003696,-0.5722693958026659,1.4499433847510597,-2.416846049845069,3712.5
2971,1.4604237638686683,-1.3127337995409707,1.8820783105158627,-0.572269444773242,1.4499433829554114,-2.5016681048674334,3713.75
2972,1.4604237629275991,-1.3127337701326667,1.8820783371100738,-0.5722694994192388,1.449943381187071,-2.596490150621709,3715.0
2973,1.460423756964312,-1.3127337387748983,1.8820783670359826,-0.5722695596293466,1.4499433744994206,-2.7013121895858223,3716.25
2974,1.4604237391145143,-1.312733707076588,1.882078401049574,-0.5722696252073723,1.4499433561230062,-2.8161342200363784,3717.5
2975,1.460423719710641,-1.3127336726186387,1.8820784380292659,-0.5722696965125434,1.449943336149832,-2.9409562413303103,3718.75
2976,1.4604236823536716,-1.3127336421956273,1.8820784764561695,-0.572269765109459,1.449943298190276,-3.0757782569765206,3720.0
2977,1.4604236404922686,-1.3127336102344562,1.882078517573098,-0.5722698379042392,1.4499432556823872,-3.2206002720337983,3721.25
2978,1.4604235806790562,-1.3127335860828975,1.882078556689256,-0.5722699007580527,1.4499431953137796,-3.375422281159501,3722.5
2979,1.4604235136860515,-1.3127335631464776,1.8820785967466316,-0.5722699632868097,1.4499431277691712,-3.5401548705886268,3723.75
2980,1.4604234359791937,-1.3127335529975959,1.8820786281953616,-0.5722700043408883,1.4499430497043446,-3.703085698989195,3725.0
2981,1.4604233612345268,-1.312733547638145,1.8820786544281733,-0.5722700354092318,1.4499429746907289,-3.85601652738952,3726.25
2982,1.460423287473209,-1.312733551630584,1.8820786718471376,-0.5722700483163987,1.4499429008229012,-3.998947355789417,3727.5
2983,1.4604232189700816,-1.3127335585491515,1.8820786850947435,-0.5722700541622939,1.4499428322758252,-4.131878184189155,3728.75
2984,1.4604231558591223,-1.312733572795842,1.882078690116182,-0.5722700444899488,1.4499427692591604,-4.254809012588658,3730.0
2985,1.4604230978820223,-1.3127335858836073,1.8820786947291355,-0.5722700356044133,1.4499427113686847,-4.36773984098787,3731.25
2986,1.4604230490068137,-1.3127336048551128,1.8820786913745662,-0.5722700129300982,1.4499426627024101,-4.470670669386913,3732.5
2987,1.4604230054113654,-1.31273362292665,1.8820786873335777,-0.5722699905066625,1.449942619313005,-4.563601497785686,3733.75
2988,1.4604229665070894,-1.312733639053562,1.8820786837274242,-0.5722699704961429,1.4499425805925998,-4.646532326184337,3735.0
2989,1.4604229366403167,-1.3127336565542715,1.8820786762871928,-0.572269945340912,1.4499425509546424,-4.71946315458285,3736.25
2990,1.4604229122959564,-1.3127336727450105,1.8820786684653645,-0.5722699211531933,1.4499425268297617,-4.782393982981212,3737.5
2991,1.4604228918200275,-1.3127336863629644,1.8820786618864593,-0.5722699008090146,1.4499425065384361,-4.835324811379595,3738.75
2992,1.4604228752125306,-1.3127336974081336,1.8820786565504775,-0.5722698843083759,1.449942490080666,-4.878255639777896,3740.0
2993,1.460422862473465,-1.3127337058805204,1.8820786524574207,-0.572269871651278,1.4499424774564507,-4.911186468176179,3741.25
2994,1.4604228536028308,-1.3127337117801243,1.8820786496072897,-0.5722698628377206,1.4499424686657907,-4.934117296574532,3742.5
2995,1.4604248523423304,-1.3127177023906555,1.8820572829008948,-0.5722645074728984,1.4499444982060257,-4.9470678687435115,3743.75
2996,1.4608213842217705,-1.3095488509754638,1.8778292160867807,-0.571205685506013,1.4503471165060648,-4.952250483242795,3745.0
2997,1.4612518789275764,-1.3061086151396257,1.8732390571168065,-0.5700561899397928,1.4507842170937053,-4.947756683543179,3746.25
2998,1.4612612782081058,-1.306033531143701,1.8731388816291155,-0.5700311089232303,1.4507937558164528,-4.935528136574457,3747.5
2999,1.4612612854980043,-1.3060335257828162,1.8731388851773927,-0.5700311199195727,1.4507937544803213,-4.913392875125325,3748.75
3000,1.4612612960812448,-1.3060335180000557,1.8731388903286679,-0.5700311358837094,1.4507937525405694,-4.8812576136762615,3750.0
3001,1.4612613099578275,-1.3060335077954197,1.8731388970829408,-0.5700311568156403,1.450793749997196,-4.839122352227153,3751.25
3002,1.4612613272038641,-1.3060334953122157,1.873138905982374,-0.5700311849660775,1.4507937474322175,-4.786987091355,3752.5
3003,1.4612613478773717,-1.3060334806596807,1.8731389174402362,-0.5700312220506478,1.4507937452892805,-4.72485183131859,3753.75
3004,1.461261373746142,-1.3060334642600329,1.873138928827919,-0.5700312603489781,1.4507937498347971,-4.652716574365938,3755.0
3005,1.4612614120612706,-1.30603344848512,1.8731389327153283,-0.5700312814057586,1.4507937883691426,-4.5705813309312395,3756.25
3006,1.4612614550596565,-1.3060334307829033,1.8731389370567681,-0.570031304960332,1.4507938317431,-4.478446093521778,3757.5
3007,1.4612615029504834,-1.3060334115198857,1.8731389414290074,-0.5700313301505611,1.450793880170239,-4.376310863155279,3758.75
3008,1.4612615601155166,-1.3060333986205617,1.8731389368526923,-0.5700313388545845,1.4507939373020229,-4.264175643954955,3760.0
3009,1.461261622377652,-1.3060333845702083,1.8731389318655505,-0.5700313483232988,1.4507939995227597,-4.14204043234524,3761.25
3010,1.4612616899601085,-1.3060333768520362,1.873138919564251,-0.5700313442031765,1.4507940671517874,-4.009905226863179,3762.5
3011,1.4612617627875253,-1.306033372928986,1.873138902290948,-0.5700313313670093,1.4507941400833693,-3.8677700237039594,3763.75
3012,1.461261837077637,-1.306033377178486,1.8731388771159905,-0.5700313024662897,1.4507942146226003,-3.7156348246982027,3765.0
3013,1.4612619138543694,-1.3060333872377086,1.87313884590933,-0.5700312617411303,1.4507942917550607,-3.5534996321248715,3766.25
3014,1.4612619816269263,-1.306033409009481,1.8731388065578385,-0.5700312010919375,1.4507943600634146,-3.388189111372655,3767.5
3015,1.461262042632694,-1.306033432275384,1.873138767776886,-0.5700311394708993,1.4507944216145798,-3.232576232811149,3768.75
3016,1.461262084424387,-1.3060334642217089,1.8731387265525403,-0.5700310665879794,1.4507944640552077,-3.0869633542498787,3770.0
3017,1.4612621231165517,-1.3060334940692364,1.873138688137912,-0.570030998592167,1.4507945033528313,-2.9513504756889084,3771.25
3018,1.461262142515572,-1.3060335285314455,1.873138651025291,-0.5700309271460607,1.4507945233907455,-2.825737597128212,3772.5
3019,1.4612621603702427,-1.3060335602501225,1.8731386168671866,-0.5700308613877552,1.450794541833448,-2.7101247185676236,3773.75
3020,1.461262167544811,-1.3060335912865146,1.873138586393601,-0.57003079992087,1.4507945495588856,-2.604511840007393,3775.0
3021,1.4612621684390774,-1.3060336206479233,1.8731385592529661,-0.5700307434179057,1.4507945509602604,-2.5088989614472603,3776.25
3022,1.461262169239814,-1.3060336469384635,1.8731385349509226,-0.5700306928244976,1.4507945522150683,-2.4232860828873974,3777.5
3023,1.4612621649581028,-1.3060336704268631,1.8731385146707227,-0.5700306490198116,1.4507945483271343,-2.347673204327639,3778.75
3024,1.4612621560028174,-1.3060336910910995,1.873138498315392,-0.5700306119317946,1.450794539705926,-2.2820603257679513,3780.0
3025,1.4612621484123984,-1.306033708605917,1.8731384844527617,-0.570030580496329,1.4507945323986684,-2.226447447208389,3781.25
3026,1.461262142186847,-1.3060337229713146,1.8731384730828302,-0.5700305547134147,1.4507945264053612,-2.1808345686488484,3782.5
3027,1.4612621373261625,-1.3060337341872954,1.8731384642056006,-0.5700305345830518,1.4507945217260045,-2.1452216900893815,3783.75
3028,1.4612621338303449,-1.306033742253859,1.8731384578210732,-0.5700305201052402,1.4507945183605986,-2.119608811529817,3785.0
3029,1.4612621316993946,-1.3060337471710055,1.873138453929248,-0.5700305112799803,1.4507945163091436,-2.1039959329702698,3786.25
3030,1.4615093675920734,-1.3040335256223097,1.8704541701330146,-0.5693466931481235,1.4510456629994015,-2.0967807487046253,3787.5
3031,1.4620102140106712,-1.29998152176039,1.8650164195307926,-0.5679614414121124,1.4515544309189188,-2.098691993998788,3788.75
3032,1.4620889217441684,-1.2993447557429523,1.8641618925205674,-0.567743760120957,1.4516343801213027,-2.1087910027447334,3790.0
3033,1.4620889234462768,-1.2993447500744972,1.8641618986445048,-0.5677437757357665,1.4516343750758596,-2.1282199505002533,3791.25
3034,1.462088926024454,-1.2993447414885118,1.8641619079204077,-0.5677437993874548,1.451634367433548,-2.1576488982557027,3792.5
3035,1.4620889294786994,-1.2993447299849958,1.8641619203482764,-0.5677438310760218,1.4516343571943673,-2.1970778460111102,3793.75
3036,1.4620889337676646,-1.2993447155231288,1.8641619357684656,-0.5677438701275138,1.4516343440332717,-2.2465067907881546,3795.0
3037,1.4620889386410583,-1.2993446978558156,1.8641619532146163,-0.5677439124623573,1.4516343259826956,-2.3059357173619466,3796.25
3038,1.4620889443344889,-1.299344677215655,1.8641619735963992,-0.5677439619208099,1.4516343048947808,-2.375364643935925,3797.5
3039,1.4620889441357106,-1.2993446529569808,1.8641619958705333,-0.5677440082865393,1.4516343013761577,-2.4547935553204066,3798.75
3040,1.4620889432391204,-1.2993446255759662,1.864162020835403,-0.5677440594275387,1.4516342995677034,-2.544222462669687,3800.0
3041,1.4620889422735805,-1.2993445951222922,1.8641620485609147,-0.5677441161828269,1.4516342978106953,-2.6436513601918783,3801.25
3042,1.4620889289275998,-1.29934456448047,1.8641620804216348,-0.56774417824321,1.451634283882849,-2.7530802486180947,3802.5
3043,1.4620889106210087,-1.2993445319145924,1.864162115606066,-0.5677442458603286,1.4516342650309484,-2.872509129469171,3803.75
3044,1.4620888843532793,-1.2993444992870113,1.8641621531390924,-0.5677443158396569,1.4516342381790983,-3.0019380032901637,3805.0
3045,1.4620888446179965,-1.299344468879501,1.864162192505475,-0.5677443853406023,1.4516341978236504,-3.1413668731445856,3806.25
3046,1.4620887963811973,-1.2993444400527028,1.8641622328630019,-0.5677444541903035,1.4516341489732951,-3.290795740647859,3807.5
3047,1.462088733641473,-1.2993444168010364,1.8641622722659426,-0.5677445164037893,1.4516340856816767,-3.450224601394795,3808.75
3048,1.462088661109005,-1.2993444002945884,1.8641623082856986,-0.5677445684175031,1.451634012690501,-3.616569057148988,3810.0
3049,1.4620885866681812,-1.299344390512874,1.8641623386745043,-0.567744608060323,1.4516339379026486,-3.774890436558591,3811.25
3050,1.4620885125600638,-1.299344391438697,1.8641623591281993,-0.5677446270602741,1.4516338636333042,-3.923211815967836,3812.5
3051,1.4620884421882052,-1.2993443952122572,1.864162375890923,-0.5677446395474328,1.4516337931583565,-4.061533195376879,3813.75
3052,1.4620883771537307,-1.2993444069057998,1.864162383841368,-0.5677446353384178,1.4516337281703997,-4.189854574785506,3815.0
3053,1.4620883172703658,-1.2993444204105273,1.8641623886466254,-0.5677446262092709,1.451633668377164,-4.308175954193943,3816.25
3054,1.462088263992001,-1.2993444355189054,1.8641623900794475,-0.5677446121506813,1.4516336152324327,-4.416497333602193,3817.5
3055,1.4620882185225674,-1.2993444543714627,1.8641623858267449,-0.5677445887170862,1.4516335699799998,-4.514818713010215,3818.75
3056,1.4620881776777064,-1.2993444713065734,1.8641623820065676,-0.5677445676668569,1.4516335293300686,-4.603140092418112,3820.0
3057,1.462088142652604,-1.2993444872388586,1.864162377434864,-0.5677445469096102,1.4516334944964866,-4.681461471825763,3821.25
3058,1.4620881165988584,-1.2993445045800804,1.8641623689893847,-0.5677445209331906,1.4516334686800587,-4.749782851233339,3822.5
3059,1.462088094358523,-1.2993445193831186,1.8641623617800454,-0.5677444987588636,1.4516334466423058,-4.8081042306408115,3823.75
3060,1.4620880759315982,-1.2993445316479701,1.864162355806843,-0.5677444803866276,1.4516334283832273,-4.856425610048203,3825.0
3061,1.4620880613180836,-1.2993445413746385,1.8641623510697811,-0.5677444658164844,1.451633413902824,-4.894746989455614,3826.25
3062,1.4620880505179794,-1.2993445485631239,1.86416234756886,-0.5677444550484336,1.4516334032010954,-4.923068368863037,3827.5
3063,1.4620880435312853,-1.2993445532134256,1.8641623453040796,-0.5677444480824756,1.4516333962780417,-4.941389748270557,3828.75
3064,1.4622080901688397,-1.298361308561281,1.8628352900157428,-0.5674007554076219,1.4517553990313836,-4.950658832143581,3830.0
3065,1.4627129016048384,-1.2942267483883494,1.8572550181825456,-0.565955539961433,1.4522684354786013,-4.9514758208961736,3831.25
3066,1.4629034974522228,-1.292665730603365,1.8551481708691033,-0.5654098984982742,1.4524621337469177,-4.94343805156233,3832.5
3067,1.4629035028888475,-1.2926657266124668,1.8551481735266817,-0.5654099066974437,1.4524621327875487,-4.926741284336282,3833.75
3068,1.4629035115815663,-1.292665720231346,1.8551481777759324,-0.5654099198072463,1.4524621312535957,-4.900044517110246,3835.0
3069,1.4629035235303791,-1.292665711460003,1.8551481836168557,-0.5654099378276818,1.4524621291450588,-4.86334774988425,3836.25
3070,1.4629035387352862,-1.292665700298438,1.8551481910494512,-0.5654099607587504,1.4524621264619382,-4.816650982658236,3837.5
3071,1.4629035573591782,-1.2926656870601552,1.8551482012554414,-0.5654099934826955,1.4524621244657454,-4.759954224713044,3838.75
3072,1.4629035792952296,-1.2926656715395524,1.8551482134598332,-0.565410032797657,1.4524621223291594,-4.693257468164212,3840.0
3073,1.4629036110985085,-1.2926656558671326,1.8551482206689842,-0.565410061121733,1.4524621447041208,-4.616560722264768,3841.25
3074,1.4629036509705304,-1.2926656394481963,1.8551482247488464,-0.5654100830713544,1.4524621848016757,-4.529863982297069,3842.5
3075,1.4629036954771584,-1.2926656211222638,1.8551482292612929,-0.5654101074230686,1.452462229814539,-4.433167254141101,3843.75
3076,1.4629037469038617,-1.2926656050695846,1.8551482294664563,-0.5654101246767661,1.452462281505956,-4.326470532668475,3845.0
3077,1.4629038055566737,-1.2926655918465784,1.8551482247300104,-0.5654101335568901,1.4524623401223185,-4.209773819339343,3846.25
3078,1.4629038692670338,-1.2926655785686656,1.8551482185821397,-0.5654101411088547,1.4524624038016265,-4.0830771140152375,3847.5
3079,1.462903938323418,-1.2926655748809748,1.8551482020602894,-0.5654101287683837,1.4524624729584739,-3.9463804144092687,3848.75
3080,1.4629040120375494,-1.2926655718340638,1.855148183603813,-0.5654101138860521,1.4524625467949561,-3.7996837154208754,3850.0
3081,1.4629040851974335,-1.292665581473281,1.8551481536073045,-0.5654100747724611,1.4524626202978352,-3.642987023473986,3851.25
3082,1.462904159054656,-1.292665595627259,1.855148119245555,-0.5654100267827892,1.452462694578129,-3.4770878043318256,3852.5
3083,1.4629042219879094,-1.2926656189829762,1.855148079548339,-0.5654099641753698,1.4524627580679934,-3.3160390126469164,3853.75
3084,1.4629042730614805,-1.2926656461830177,1.8551480397268612,-0.5654098975134478,1.4524628097364136,-3.1649902209617666,3855.0
3085,1.4629043129777233,-1.2926656767597455,1.8551480000098102,-0.5654098274984967,1.4524628502793129,-3.023941429276995,3856.25
3086,1.4629043421852321,-1.2926657084356297,1.8551479623683809,-0.5654097583829983,1.4524628801068342,-2.8928926375921535,3857.5
3087,1.4629043606202234,-1.2926657412371194,1.8551479267965822,-0.5654096901340488,1.4524628991555002,-2.7718438459074406,3858.75
3088,1.4629043765627534,-1.2926657715473737,1.8551478942415465,-0.5654096273758252,1.452462915662473,-2.660795054222943,3860.0
3089,1.462904377497837,-1.2926658021874453,1.8551478657118694,-0.5654095682055035,1.4524629171316716,-2.5597462625382508,3861.25
3090,1.4629043783403826,-1.292665829795308,1.8551478400055452,-0.5654095148908005,1.4524629184554754,-2.468697470853832,3862.5
3091,1.4629043790903904,-1.2926658543709628,1.855147817122576,-0.5654094674317164,1.452462919633884,-2.3876486791692875,3863.75
3092,1.462904370347869,-1.2926658764163443,1.8551477993118612,-0.5654094275077259,1.4524629112530376,-2.3165998874848457,3865.0
3093,1.4629043621346078,-1.2926658953963186,1.8551477841757424,-0.5654093933282593,1.4524629033495116,-2.255551095800391,3866.25
3094,1.4629043552667067,-1.292665911267306,1.8551477715189684,-0.5654093647475056,1.4524628967406097,-2.204502304115789,3867.5
3095,1.4629043497441656,-1.2926659240293086,1.855147761341542,-0.5654093417654649,1.4524628914263324,-2.1634535124311975,3868.75
3096,1.462904345566985,-1.2926659336823274,1.8551477536434637,-0.5654093243821371,1.4524628874066798,-2.132404720746651,3870.0
3097,1.4629043427351645,-1.2926659402263625,1.8551477484247345,-0.5654093125975226,1.4524628846816516,-2.111355929062036,3871.25
3098,1.4629324996701647,-1.292432464721232,1.8548308493469052,-0.5653259165652578,1.4524915141055645,-2.100029497845962,3872.5
3099,1.4633815924097666,-1.288708758912819,1.8497767378555119,-0.5639959503221055,1.452948141536817,-2.096501482592599,3873.75
3100,1.463708658987959,-1.2859968522271725,1.84609592703558,-0.5630273673687166,1.4532806934588651,-2.102496145235763,3875.0
3101,1.4637086602034588,-1.2859968482102584,1.8460959314019199,-0.5630273784513393,1.4532806899125699,-2.1164418781486294,3876.25
3102,1.4637086622905513,-1.2859968413129543,1.8460959388992106,-0.5630273974809255,1.4532806838233503,-2.14038761106154,3877.5
3103,1.4637086652492362,-1.2859968315352606,1.8460959495274523,-0.5630274244574749,1.4532806751912057,-2.174333343974437,3878.75
3104,1.4637086690795136,-1.2859968188771773,1.8460959632866443,-0.5630274593809877,1.4532806640161366,-2.2182790768874336,3880.0
3105,1.4637086736019742,-1.2859968031572884,1.8460959794709175,-0.5630274992868287,1.453280648870093,-2.2722247958475403,3881.25
3106,1.4637086788278486,-1.2859967843869489,1.8460959981244602,-0.563027544360584,1.4532806298424683,-2.336170505188685,3882.5
3107,1.4637086822940055,-1.285996762435357,1.8460960193046587,-0.563027592611602,1.453280615618077,-2.410116208440042,3883.75
3108,1.4637086814552611,-1.2859967370596466,1.8460960426258923,-0.5630276402161214,1.4532806138798433,-2.494061901181189,3885.0
3109,1.4637086805412647,-1.2859967086523607,1.8460960687004238,-0.5630276934079688,1.453280612136854,-2.588007585621456,3886.25
3110,1.4637086760980722,-1.28599667802232,1.8460960979174172,-0.5630277521055387,1.4532806069531803,-2.6919532631588945,3887.5
3111,1.4637086588719914,-1.2859966473351263,1.8460961313092399,-0.5630278160510336,1.4532805892061573,-2.805898931651625,3888.75
3112,1.4637086401345925,-1.2859966139557892,1.8460961676353207,-0.5630278856239355,1.4532805699052063,-2.929844590793862,3890.0
3113,1.463708605526748,-1.2859965838360037,1.8460962055412167,-0.563027953408131,1.4532805347009323,-3.063790244420864,3891.25
3114,1.4637085650731443,-1.2859965528198554,1.8460962459701298,-0.5630280245712903,1.4532804936087629,-3.207735896837947,3892.5
3115,1.4637085086604162,-1.2859965284061539,1.8460962849064486,-0.5630280875206342,1.453280436633993,-3.361681543909569,3893.75
3116,1.4637084449495632,-1.2859965048662318,1.8460963251466644,-0.5630281508466379,1.4532803723587244,-3.525626668865896,3895.0
3117,1.4637083690050683,-1.2859964948356657,1.8460963564219548,-0.563028191606976,1.4532802960560056,-3.6894286633875315,3896.25
3118,1.463708296434192,-1.285996488337448,1.8460963834501631,-0.5630282246113993,1.4532802231966522,-3.8432306579088937,3897.5
3119,1.4637082242949433,-1.2859964921747262,1.8460964007847294,-0.5630282375873956,1.4532801509502205,-3.987032652430042,3898.75
3120,1.4637081572383432,-1.2859964979076266,1.8460964148926782,-0.563028245477376,1.4532800838317634,-4.120834646951202,3900.0
3121,1.4637080954566661,-1.2859965118282968,1.8460964198930416,-0.5630282361081467,1.4532800221437554,-4.244636641472157,3901.25
3122,1.463708038665351,-1.2859965246245313,1.8460964244894968,-0.5630282274957064,1.4532799654385433,-4.358438635993296,3902.5
3123,1.4637079903523635,-1.285996542506584,1.8460964219226654,-0.5630282066941392,1.45327991732082,-4.462240630513932,3903.75
3124,1.463707947579923,-1.2859965602437964,1.8460964178857207,-0.5630281846073008,1.453279874754489,-4.556042625034939,3905.0
3125,1.4637079093673473,-1.2859965760900853,1.8460964142791403,-0.5630281648750848,1.45327983672605,-4.639844619555715,3906.25
3126,1.4637078794604463,-1.2859965929173973,1.8460964073595088,-0.5630281409084809,1.4532798070404396,-4.713646614076517,3907.5
3127,1.4637078554711989,-1.2859966088948172,1.846096399513324,-0.5630281169081024,1.4532797832719426,-4.777448608597374,3908.75
3128,1.4637078352419042,-1.2859966223680164,1.846096392896909,-0.5630280966694207,1.4532797632287988,-4.8312506031182,3910.0
3129,1.4637078187725618,-1.2859966333369948,1.8460963875102632,-0.5630280801924357,1.4532797469110084,-4.87505259763925,3911.25
3130,1.463707806063172,-1.285996641801754,1.846096383353389,-0.5630280674771481,1.4532797343185708,-4.908854592160141,3912.5
3131,1.463707797113735,-1.2859966477622944,1.8460963804262867,-0.5630280585235579,1.453279725451487,-4.932656586681044,3913.75
3132,1.4637077919242505,-1.285996651218616,1.8460963787289564,-0.5630280533316652,1.4532797203097563,-4.946458581201959,3915.0
3133,1.4640373330949965,-1.2832304590325296,1.8423209779154686,-0.5620191657784572,1.453614952285866,-4.952354511176145,3916.25
3134,1.4644760319315013,-1.2795480213532873,1.8372950569643358,-0.560676110295613,1.4540612254424978,-4.948701046273356,3917.5
3135,1.4645012607844259,-1.2793362780465816,1.837006067607797,-0.5605988898698393,1.4540868855964293,-4.937275929435447,3918.75
3136,1.464501267599883,-1.2793362730527709,1.837006070954898,-0.5605989001484755,1.4540868844364072,-4.916106477267158,3920.0
3137,1.464501277634817,-1.2793362656999894,1.8370060758830986,-0.560598915282521,1.4540868827284152,-4.884937025098935,3921.25
3138,1.4645012908892285,-1.279336255988238,1.8370060823923988,-0.5605989352719761,1.4540868804724536,-4.843767572930554,3922.5
3139,1.464501307417519,-1.2793362440245797,1.8370060908847121,-0.5605989617690844,1.4540868780951621,-4.792598126994841,3923.75
3140,1.4645013273058711,-1.2793362299786202,1.8370061019967379,-0.5605989973912773,1.45408687627241,-4.73142869454723,3925.0
3141,1.4645013512934932,-1.2793362139194888,1.8370061140345997,-0.5605990366421937,1.454086877360833,-4.660259263586137,3926.25
3142,1.4645013881040174,-1.279336198759466,1.8370061178338442,-0.5605990569409575,1.4540869143773274,-4.5790898476793584,3927.5
3143,1.4645014294633,-1.2793361817265874,1.8370061220862057,-0.5605990796896437,1.4540869560676382,-4.487920436655093,3928.75
3144,1.4645014753823167,-1.2793361628167337,1.8370061267797426,-0.5605991048476074,1.4540870025223915,-4.386751033419133,3930.0
3145,1.464501530252937,-1.2793361499921652,1.8370061227684005,-0.5605991141039044,1.4540870573901472,-4.275581641327269,3931.25
3146,1.4645015903083853,-1.2793361364634785,1.8370061178751058,-0.56059912314263,1.454087117404617,-4.1544122565016375,3932.5
3147,1.4645016555045824,-1.279336127991686,1.8370061067939165,-0.5605991209883409,1.45408718263326,-4.0232428781860845,3933.75
3148,1.4645017258324022,-1.2793361242638515,1.837006089819297,-0.5605991082510021,1.4540872530646571,-3.8820735028645044,3935.0
3149,1.4645017981535866,-1.279336127186921,1.8370060660844574,-0.5605990821165974,1.4540873256114457,-3.730904131092598,3936.25
3150,1.4645018723606396,-1.2793361370096838,1.8370060353893654,-0.5605990421353555,1.4540874001704993,-3.5697347658324623,3937.5
3151,1.4645019396702026,-1.2793361570543635,1.8370059971985613,-0.5605989843840211,1.4540874679945108,-3.4038913741247656,3938.75
3152,1.464502000009672,-1.2793361795010243,1.8370059588009693,-0.5605989239727401,1.4540875288736363,-3.2473178616021596,3940.0
3153,1.4645020418166141,-1.2793362102930845,1.8370059180330727,-0.5605988527092941,1.45408757132152,-3.1007443490794273,3941.25
3154,1.4645020799341972,-1.279336239542003,1.8370058797715438,-0.5605987854689237,1.4540876100440576,-2.964170836556792,3942.5
3155,1.4645021003528413,-1.2793362728317696,1.837005842898094,-0.5605987154463608,1.4540876310955464,-2.8375973240343715,3943.75
3156,1.4645021178636992,-1.2793363040283408,1.8370058088150985,-0.5605986502868133,1.45408764919552,-2.7210238115119303,3945.0
3157,1.4645021263662308,-1.2793363342394,1.837005778266016,-0.5605985895815114,1.4540876582480524,-2.614450298989591,3946.25
3158,1.4645021272505745,-1.2793363631518482,1.8370057511378437,-0.5605985335407154,1.4540876596411674,-2.5178767864672835,3947.5
3159,1.4645021280433457,-1.2793363890704632,1.8370057268187352,-0.5605984833028348,1.454087660890028,-2.4313032739451685,3948.75
3160,1.4645021248685188,-1.2793364122006898,1.837005706244207,-0.5605984395697523,1.4540876581128077,-2.3547297614229517,3950.0
3161,1.4645021160381773,-1.2793364326319923,1.8370056898216505,-0.5605984026471208,1.4540876496190662,-2.2881562489006995,3951.25
3162,1.4645021085342407,-1.2793364499943103,1.8370056758659237,-0.5605983712706335,1.4540876424011686,-2.231582736378509,3952.5
3163,1.4645021023567084,-1.2793364642876424,1.8370056643770243,-0.5605983454402903,1.454087636459115,-2.1850092238561203,3953.75
3164,1.464502097505581,-1.2793364755119914,1.8370056553549565,-0.5605983251560916,1.4540876317929055,-2.148435711333777,3955.0
3165,1.4645020939808582,-1.2793364836673575,1.8370056487997197,-0.5605983104180375,1.45408762840254,-2.121862198811422,3956.25
3166,1.4645020917825398,-1.2793364887537402,1.837005644711314,-0.560598301226128,1.4540876262880182,-2.105288686289113,3957.5
3167,1.4646898638294392,-1.2777408327834596,1.8348158677357553,-0.5600043624436989,1.4542787346812567,-2.097325571667514,3958.75
3168,1.465172115301163,-1.2736427559786239,1.8291919415588296,-0.5584789814177429,1.4547695541014842,-2.0982303333573102,3960.0
3169,1.465284891431482,-1.272684411114498,1.827876779626671,-0.5581222755716647,1.454884330866755,-2.1075529247893448,3961.25
3170,1.4652848930243556,-1.272684405889845,1.8278767853437463,-0.558122290014671,1.4548843262878701,-2.1259278024974204,3962.5
3171,1.465284895484105,-1.2726843978218247,1.8278767941721763,-0.5581223123178691,1.4548843192170584,-2.1543026802054825,3963.75
3172,1.4652848988107299,-1.2726843869104367,1.8278768061119606,-0.5581223424812589,1.45488430965432,-2.1926775579134747,3965.0
3173,1.4652849029950379,-1.2726843731461575,1.8278768211262462,-0.5581223803508785,1.4548842975255782,-2.2410524349087715,3966.25
3174,1.4652849077473564,-1.2726843562288637,1.8278768380537267,-0.5581224210750612,1.454884280496525,-2.2994272918746335,3967.5
3175,1.4652849133137784,-1.2726843364135254,1.8278768578809967,-0.5581224687755664,1.4548842605502816,-2.367802148840596,3968.75
3176,1.4652849138460717,-1.2726843131457777,1.827876879742777,-0.5581225147712223,1.4548842550636194,-2.446176992377988,3970.0
3177,1.4652849129771608,-1.2726842867683383,1.8278769041722944,-0.5581225644367915,1.4548842532832382,-2.53455183143555,3971.25
3178,1.465284912043113,-1.2726842573942947,1.8278769313320742,-0.5581226196079991,1.4548842515769327,-2.6329266592169964,3972.5
3179,1.4652849007383502,-1.272684227436216,1.82787696239527,-0.5581226800612228,1.4548842396632364,-2.7413014791311707,3973.75
3180,1.465284883085498,-1.2726841959542898,1.827876996916153,-0.5581227459304446,1.4548842214713749,-2.8596762912349947,3975.0
3181,1.4652848594925405,-1.2726841636581119,1.8278770339330703,-0.5581228150755236,1.4548841972999114,-2.988051095900511,3976.25
3182,1.4652848211362084,-1.272684134205182,1.827877072605948,-0.5581228829301591,1.45488415833184,-3.126425895877439,3977.5
3183,1.465284776220011,-1.2726841051478024,1.8278771128232647,-0.5581229518852366,1.4548841127944634,-3.274800694137561,3978.75
3184,1.4652847156047426,-1.2726840825758579,1.8278771515681462,-0.5581230127641877,1.4548840516339645,-3.4331754855514944,3980.0
3185,1.465284646346963,-1.2726840650092135,1.827877188163881,-0.5581230664244128,1.4548839818980652,-3.5995232219185374,3981.25
3186,1.4652845734721986,-1.272684055343746,1.8278772184422722,-0.5581231058379308,1.4548839086755416,-3.7588934523714386,3982.5
3187,1.4652845014904496,-1.2726840548032619,1.8278772399457057,-0.5581231273559961,1.454883836508869,-3.9082636828236703,3983.75
3188,1.4652844325361896,-1.2726840584463923,1.8278772566622332,-0.558123139924729,1.4548837674507213,-4.047633913276037,3985.0
3189,1.465284368740322,-1.2726840687112688,1.8278772656952222,-0.5581231382243897,1.4548837036801219,-4.177004143728187,3986.25
3190,1.465284309990765,-1.2726840819386949,1.827877270491729,-0.5581231293612294,1.4548836450202904,-4.296374374180344,3987.5
3191,1.4652842572004454,-1.2726840959075068,1.8278772728579726,-0.5581231173697991,1.4548835923472718,-4.405744604632455,3988.75
3192,1.4652842125139696,-1.272684114440356,1.8278772686014422,-0.5581230942497528,1.4548835478782016,-4.5051148350844255,3990.0
3193,1.4652841723244614,-1.2726841311081714,1.8278772647732573,-0.5581230734563623,1.4548835078842213,-4.594485065536492,3991.25
3194,1.4652841371798497,-1.2726841463316958,1.8278772608209877,-0.5581230540203636,1.4548834729220015,-4.673855295988456,3992.5
3195,1.4652841114574273,-1.2726841634721437,1.8278772523313416,-0.5581230281984837,1.454883447438681,-4.7432255264404635,3993.75
3196,1.4652840894429962,-1.2726841781417266,1.8278772450655123,-0.5581230060989326,1.4548834256288843,-4.802595756892367,3995.0
3197,1.4652840711365567,-1.2726841903404422,1.8278772390234965,-0.558122987721709,1.4548834074926116,-4.8519659873444745,3996.25
3198,1.4652840565381084,-1.272684200068293,1.8278772342052982,-0.5581229730668141,1.454883393029863,-4.891336217796516,3997.5
3199,1.465284045647652,-1.272684207325279,1.8278772306109174,-0.5581229621342482,1.4548833822406384,-4.920706448248568,3998.75
3200,1.465284038465187,-1.2726842121114006,1.8278772282403546,-0.5581229549240112,1.4548833751249375,-4.940076678700688,4000.0
3201,1.4653592245140101,-1.272037377818346,1.826984738642841,-0.557877372289424,1.4549599352579554,-4.950145793350356,4001.25
3202,1.4658244049581193,-1.2680355540316819,1.8214631266345527,-0.556358033868329,1.4554336164454398,-4.952056986206813,4002.5
3203,1.4660564414299324,-1.2660394268767843,1.818708926374746,-0.5556001857591463,1.455669890528766,-4.944847042763347,4003.75
3204,1.4660564463820132,-1.2660394232552716,1.8187089288189475,-0.5556001932290417,1.4556698897140203,-4.9292914324589185,4005.0
3205,1.466056454517563,-1.266039417305652,1.818708932834416,-0.5556002055009959,1.4556698883755117,-4.9037358221543865,4006.25
3206,1.4660564658365822,-1.266039409027925,1.8187089384211508,-0.5556002225750087,1.4556698865132396,-4.868180211849923,4007.5
3207,1.4660564803390703,-1.266039398422091,1.8187089455791527,-0.5556002444510805,1.4556698841272044,-4.822624601545415,4008.75
3208,1.466056498157258,-1.2660393857543368,1.8187089553031885,-0.5556002751975855,1.455669882267353,-4.767069009010209,4010.0
3209,1.4660565192297534,-1.2660393709010749,1.818708967131403,-0.5556003129256373,1.4556698804462096,-4.701513422268061,4011.25
3210,1.4660565486757902,-1.2660393555186702,1.8187089752759058,-0.5556003429431723,1.4556698979256177,-4.625957844241396,4012.5
3211,1.466056586943166,-1.266039339757856,1.818708979260351,-0.5556003640814052,1.4556699364049328,-4.540402273979373,4013.75
3212,1.4660566297125972,-1.2660393221437236,1.818708983678083,-0.5556003875802815,1.4556699796262664,-4.444846714221081,4015.0
3213,1.466056678697932,-1.2660393058098456,1.8187089849195175,-0.5556004062609795,1.455670028928341,-4.33929116127034,4016.25
3214,1.466056735188037,-1.2660392930937938,1.8187089802781105,-0.5556004147263388,1.4556700853825002,-4.22373561669502,4017.5
3215,1.466056796565915,-1.2660392792765405,1.8187089752320518,-0.555600423911807,1.4556701467156996,-4.098180080664946,4018.75
3216,1.4660568631685356,-1.2660392755633458,1.8187089592037866,-0.555600412084527,1.4556702134153776,-3.9626245509147804,4020.0
3217,1.46605693469098,-1.2660392717952857,1.8187089417863718,-0.5556003989600483,1.4556702850444527,-3.8170690214940697,4021.25
3218,1.4660570055936841,-1.26603928058537,1.8187089127855867,-0.555600361688622,1.4556703562761448,-3.661513498669122,4022.5
3219,1.4660570785556821,-1.2660392928607782,1.8187088799163447,-0.5556003170778939,1.455670429633944,-3.4962420354345785,4023.75
3220,1.4660571402066167,-1.266039315838631,1.8187088403327594,-0.5556002549647884,1.4556704918423802,-3.3340572984771173,4025.0
3221,1.4660571920729248,-1.266039341387566,1.818708801205988,-0.5556001906648973,1.45567054428771,-3.181872561519758,4026.25
3222,1.4660572312179312,-1.2660393714648608,1.8187087615623565,-0.5556001212252463,1.4556705840606918,-3.0396878245623666,4027.5
3223,1.4660572617809124,-1.266039401844269,1.81870872414911,-0.5556000536506914,1.4556706152359769,-2.907503087605417,4028.75
3224,1.4660572798874427,-1.2660394341326753,1.8187086885954964,-0.555599985934754,1.4556706339580798,-2.785318350648162,4030.0
3225,1.4660572965120755,-1.2660394637784862,1.8187086559517005,-0.555599923760911,1.4556706511479047,-2.6731336136913844,4031.25
3226,1.4660572981863145,-1.2660394938130848,1.8187086273222222,-0.555599865102573,1.4556706533575996,-2.5709488767343887,4032.5
3227,1.4660572990218006,-1.266039521060338,1.8187086015498242,-0.5555998120831027,1.4556706546771756,-2.4787641397775677,4033.75
3228,1.4660572997666554,-1.2660395453518656,1.8187085785731567,-0.555599764815069,1.455670655853607,-2.396579402820698,4035.0
3229,1.4660572923422797,-1.2660395671132492,1.8187085603595075,-0.5555997247806774,1.4556706487960391,-2.3243946658638532,4036.25
3230,1.4660572842086599,-1.2660395859514986,1.8187085450922358,-0.5555996906112215,1.4556706409757754,-2.2622099289071307,4037.5
3231,1.4660572773830167,-1.2660396017603452,1.8187085322801098,-0.5555996619365955,1.4556706344130974,-2.210025191950192,4038.75
3232,1.4660572718653506,-1.2660396145397903,1.8187085219231305,-0.5555996387567994,1.455670629108005,-2.1678404549931622,4040.0
3233,1.4660572676556611,-1.266039624289835,1.8187085140213,-0.5555996210718335,1.4556706250604985,-2.135655718036178,4041.25
3234,1.466057264753949,-1.26603963101048,1.8187085085746175,-0.5555996088816977,1.4556706222705778,-2.113470981079182,4042.5
3235,1.4660655063687487,-1.2659678439544626,1.8186089205425418,-0.5555718158352932,1.4556790188317081,-2.1011942228134837,4043.75
3236,1.4664504291117393,-1.2626155214438566,1.8139587225591558,-0.5542743112288508,1.4560711740429242,-2.0965829463947245,4045.0
3237,1.466816005500627,-1.2594316939142873,1.8095422600483526,-0.5530420294261611,1.4564436176817517,-2.101661495291021,4046.25
3238,1.4668194483242352,-1.2594017161232771,1.8095006850832323,-0.5530304379626637,1.456447120955454,-2.1144198175817364,4047.5
3239,1.4668194502824157,-1.259401709747405,1.8095006921104568,-0.553030455629748,1.4564471154034075,-2.1371383598028544,4048.75
3240,1.4668194531025267,-1.2594017005650713,1.8095007022308487,-0.5530304810733366,1.4564471074075218,-2.1698569020239593,4050.0
3241,1.466819456784568,-1.2594016885762755,1.8095007154444074,-0.5530305142934295,1.4564470969677967,-2.2125754442452212,4051.25
3242,1.4668194611957845,-1.2594016736400395,1.8095007312088325,-0.5530305530368057,1.4564470830013185,-2.2652939815290325,4052.5
3243,1.4668194662801084,-1.2594016556968217,1.8095007492950919,-0.5530305963518513,1.4564470650507335,-2.328012513203998,4053.75
3244,1.4668194704922104,-1.2594016347340027,1.8095007700214665,-0.5530306441024442,1.4564470491654244,-2.4007310408311793,4055.0
3245,1.4668194696849566,-1.2594016103605208,1.8095007927876434,-0.5530306901999864,1.4564470474879334,-2.4834495559745293,4056.25
3246,1.4668194687989193,-1.2594015830336445,1.809500818286407,-0.5530307418045588,1.4564470457656902,-2.5761680642643845,4057.5
3247,1.4668194663074403,-1.2594015531100597,1.8095008466886326,-0.5530307988680763,1.456447042509033,-2.678886565482048,4058.75
3248,1.4668194497226104,-1.2594015235095544,1.8095008794074068,-0.5530308610552122,1.4564470254106112,-2.7916050562223687,4060.0
3249,1.46681943166681,-1.2594014912838496,1.8095009150320716,-0.5530309287724079,1.4564470067982787,-2.9143235387570314,4061.25
3250,1.4668194003108048,-1.2594014613369429,1.8095009524263834,-0.5530309958882316,1.456446974852497,-3.047042015301182,4062.5
3251,1.4668193612836244,-1.2594014313346806,1.8095009921293936,-0.5530310653137056,1.4564469351959466,-3.1897604897997462,4063.75
3252,1.4668193087496317,-1.2594014064108792,1.8095010310256334,-0.553031128751226,1.4564468820894434,-3.34247895974661,4065.0
3253,1.4668192473432877,-1.2594013835068627,1.8095010706302157,-0.5530311908102965,1.4564468201246592,-3.5051194583453094,4066.25
3254,1.466819176174098,-1.2594013722719355,1.8095011021273222,-0.5530312330180626,1.4564467485805404,-3.6660719648601376,4067.5
3255,1.4668191078311408,-1.2594013637959518,1.8095011301977526,-0.5530312690605353,1.4564466799186715,-3.817024471374616,4068.75
3256,1.466819039039903,-1.259401367410722,1.80950114702506,-0.5530312817632261,1.4564466110223604,-3.957976977889278,4070.0
3257,1.4668189751291196,-1.2594013707690328,1.8095011626585302,-0.5530312935647111,1.456446547013959,-4.088929484403479,4071.25
3258,1.4668189163916396,-1.2594013834067517,1.8095011680407576,-0.5530312858718403,1.4564464883565589,-4.209881990917879,4072.5
3259,1.466818862526587,-1.2594013955266048,1.809501172477444,-0.5530312777874622,1.4564464345743737,-4.320834497431926,4073.75
3260,1.4668188152083546,-1.2594014095724644,1.8095011731770572,-0.55303126408804,1.456446387389364,-4.421787003946043,4075.0
3261,1.466818774863582,-1.2594014263053979,1.8095011692981373,-0.5530312431740408,1.4564463472427505,-4.512739510460235,4076.25
3262,1.4668187389546161,-1.2594014411985839,1.80950116584569,-0.5530312245594824,1.456446311510156,-4.593692016974284,4077.5
3263,1.4668187074814567,-1.2594014542520258,1.8095011628197204,-0.5530312082443658,1.4564462801915807,-4.664644523488328,4078.75
3264,1.4668186850047888,-1.2594014689717592,1.8095011555806946,-0.5530311861161195,1.4564462579212645,-4.7255970300024,4080.0
3265,1.4668186663690923,-1.2594014813944683,1.8095011493732662,-0.5530311673454115,1.4564462394605386,-4.7765495365165815,4081.25
3266,1.4668186513908599,-1.259401491379081,1.8095011443841145,-0.553031152258665,1.456446224622937,-4.817502043030736,4082.5
3267,1.4668186400700916,-1.2594014989255968,1.8095011406132384,-0.5530311408558796,1.45644621340846,-4.84845454954494,4083.75
3268,1.4668186324067876,-1.2594015040340176,1.8095011380606407,-0.553031133137056,1.4564462058171066,-4.869407056059098,4085.0
3269,1.4668186284009477,-1.2594015067043427,1.8095011367263205,-0.5530311291021943,1.4564462018488775,-4.880359562573381,4086.25
3270,1.466661145727849,-1.2607580885162366,1.8114484933608594,-0.5536217517651348,1.456285272169994,-4.882297803865687,4087.5
3271,1.4666144603069824,-1.2611602660894747,1.8120258178698323,-0.5537968536113322,1.456237564806087,-4.875430976163599,4088.75
3272,1.4665704098250087,-1.2615397742131549,1.8125706052622732,-0.5539620903598934,1.4561925499434638,-4.858778672750725,4090.0
3273,1.4664999062567081,-1.2621471836152751,1.8134425470302549,-0.5542265546714306,1.456120502867034,-4.832126369337951,4091.25
3274,1.4664029496020796,-1.262982494295838,1.814641643173781,-0.5545902465459448,1.4560214235767976,-4.7954740659251645,4092.5
3275,1.466278435643546,-1.2640462078994523,1.8161635202374529,-0.5550482891237539,1.4558942296682758,-4.7488216143555215,4093.75
3276,1.4661268232424534,-1.265338115185382,1.8180099940636167,-0.5556027082191186,1.4557393709422906,-4.692169112342723,4095.0
3277,1.4659484490222519,-1.2668580631120656,1.8201823976829161,-0.5562549904406767,1.4555571773730975,-4.625516610329913,4096.25
3278,1.4657418884858986,-1.2686067830424945,1.8226752862735571,-0.5569989591673479,1.4553462526335965,-4.548863908339873,4097.5
3279,1.4655081669830992,-1.2705837479493889,1.8254925778190894,-0.5578390597240547,1.4551076017998879,-4.462211178017576,4098.75
3280,1.4652457080255599,-1.2727898206018105,1.8286283679276156,-0.558768523030327,1.454839678904173,-4.3655582131355395,4100.0
3281,1.4649553076929172,-1.2752245828403113,1.832085678884228,-0.5597907904218224,1.4545432644442855,-4.258905144314994,4101.25
3282,1.4646356741520348,-1.2778887883453312,1.8358597812798272,-0.5609003773599445,1.4542170911883412,-4.142251814902001,4102.5
3283,1.4642865266550475,-1.28078266569176,1.8399497984674449,-0.562096178294287,1.453860883284967,-4.015598210459506,4103.75
3284,1.4639076635205157,-1.2839063818341847,1.84435510755594,-0.563377403134222,1.4534744425481252,-3.8789443323855988,4105.0
3285,1.4634984011307626,-1.2872604230721314,1.8490734107524593,-0.5647412669885226,1.4530570977703277,-3.732290121577708,4106.25
3286,1.463058038633396,-1.2908453272298503,1.8541024449231118,-0.5661849680643858,1.4526081605405003,-3.575635521770345,4107.5
3287,1.462599285461312,-1.2945537989319351,1.8592894739522723,-0.5676630778675957,1.452140607001437,-3.4136888943939128,4108.75
3288,1.4621628677227743,-1.2980581663930573,1.8641771321744405,-0.5690459422512365,1.4516959364867996,-3.260757025913364,4110.0
3289,1.461751914197607,-1.30133570915854,1.8687351881765129,-0.5703260533448153,1.4512773246124195,-3.1178247841264484,4111.25
3290,1.4613668991835271,-1.30438614603028,1.8729653701582891,-0.571505421077149,1.4508852366555907,-2.984892212423552,4112.5
3291,1.4610087791849815,-1.3072087759913624,1.8768708444287112,-0.5725879139000339,1.4505206119055836,-2.861959405096065,4113.75
3292,1.4606782599280765,-1.30980304894504,1.8804538684520982,-0.5735763402191476,1.4501841436286296,-2.7490264226033285,4115.0
3293,1.4603749424489336,-1.312169328345841,1.883713292031469,-0.5744691858832849,1.4498754395169424,-2.6460932081994275,4116.25
3294,1.4600999395826388,-1.3143067143719303,1.8866525975374886,-0.5752708344302283,1.4495955929952098,-2.553159872009722,4117.5
3295,1.4598535253990108,-1.3162149716908134,1.8892726092801422,-0.5759823458399114,1.449344873456289,-2.4702264233294358,4118.75
3296,1.4596359572863953,-1.3178939002981322,1.891574152543106,-0.5766047457078659,1.4491235337373045,-2.3972928855585955,4120.0
3297,1.4594474057057623,-1.3193433497821494,1.8935577301275253,-0.5771386874587161,1.4489317414211653,-2.334359257146356,4121.25
3298,1.459288814511236,-1.3205624852797377,1.8952261220736062,-0.5775877871681464,1.4487704244360973,-2.2814256287340484,4122.5
3299,1.45915953802302,-1.32155189347543,1.896577464528804,-0.577949593490152,1.4486389478791417,-2.238491933567296,4123.75
3300,1.4590600393445872,-1.3223111540082413,1.897613095160081,-0.5782258650328868,1.4485377671221134,-2.2055581984035633,4125.0
3301,1.4589907524468526,-1.3228398726577704,1.8983342668858816,-0.5784182494788914,1.4484673088921614,-2.182624463239902,4126.25
3302,1.4589516773298155,-1.3231380494240208,1.898740979706211,-0.5785267468281671,1.448427573189285,-2.169690728076143,4127.5
3303,1.4588082850221247,-1.3242300957586888,1.9002292167698656,-0.578922796618537,1.448281768004809,-2.1661613521638383,4128.75
3304,1.4587289193031578,-1.3248341751515234,1.901052238781309,-0.5791416614087013,1.4482010686318356,-2.171398805776772,4130.0
3305,1.4587288112802133,-1.32483427148175,1.9010519277064042,-0.5791412542654739,1.4482009625726784,-2.186167189481475,4131.25
3306,1.4587286301125384,-1.3248344330393085,1.9010514059957853,-0.5791405714365414,1.4482007846985145,-2.2109355731862337,4132.5
3307,1.458728375784608,-1.3248346598120793,1.901050673604173,-0.5791396127299178,1.4482005348881724,-2.2457039511766457,4133.75
3308,1.4587280482246665,-1.3248349517441116,1.9010497303222873,-0.5791383772585882,1.4482002125818698,-2.290472302540575,4135.0
3309,1.4587276474969777,-1.3248353088856106,1.9010485763375597,-0.5791368658174514,1.4481998182813367,-2.3452406539043222,4136.25
3310,1.4587273801554264,-1.3248355380072045,1.901047815292769,-0.5791358753234295,1.4481995550063993,-2.4100089977172745,4137.5
3311,1.458727379418798,-1.3248355144838715,1.9010478365127543,-0.5791359197552586,1.448199553696521,-2.4847773311360855,4138.75
3312,1.458727378589557,-1.324835487811915,1.9010478605635042,-0.5791359701036594,1.4481995522582287,-2.569545660684197,4140.0
3313,1.4587273776683283,-1.324835457991075,1.9010478874442438,-0.5791360263658806,1.4481995506964676,-2.664313986614774,4141.25
3314,1.45872736159021,-1.3248354284741704,1.9010479184957698,-0.5791360868096552,1.4481995340942713,-2.7690823014489228,4142.5
3315,1.4587273434868182,-1.3248353962525554,1.9010479525553432,-0.579136152968632,1.4481995154237273,-2.883850610844657,4143.75
3316,1.4587273162617365,-1.3248353643579747,1.9010479889005736,-0.5791362210261978,1.448199487608412,-3.0086189130154155,4145.0
3317,1.4587272767425497,-1.3248353341083239,1.901048027244085,-0.5791362893542381,1.4481994474861517,-3.143387208336481,4146.25
3318,1.458727228748066,-1.324835305309087,1.9010480666801184,-0.5791363572650422,1.4481993988931188,-3.2881555009033514,4147.5
3319,1.4587271660735728,-1.3248352820964304,1.9010481052467703,-0.5791364186160664,1.4481993356800071,-3.4429237900264233,4148.75
3320,1.458727093171861,-1.324835264675957,1.9010481415009988,-0.5791364717900784,1.4481992623135793,-3.606833385140402,4150.0
3321,1.4587270162815151,-1.3248352546077995,1.9010481722780224,-0.579136512104997,1.448199185073361,-3.7657409913463624,4151.25
3322,1.4587269400638532,-1.3248352547993338,1.901048193648652,-0.5791365327558005,1.4481991086806483,-3.9146485975525045,4152.5
3323,1.4587268673347078,-1.324835258744191,1.9010482106616504,-0.5791365453188434,1.4481990358479915,-4.053556203757919,4153.75
3324,1.4587268000771487,-1.3248352701988233,1.9010482193821059,-0.5791365421155189,1.448198968626532,-4.1824638099637435,4155.0
3325,1.4587267381414057,-1.3248352842128122,1.9010482242992959,-0.5791365325857842,1.4481989067825547,-4.301371416169153,4156.25
3326,1.458726682731816,-1.3248352993926285,1.901048226324626,-0.5791365190432874,1.4481988514996833,-4.410279022374802,4157.5
3327,1.4587266356549418,-1.324835318953099,1.9010482220596148,-0.579136494886397,1.448198804642993,-4.509186628580161,4158.75
3328,1.4587265933377496,-1.3248353365359147,1.9010482182258088,-0.5791364731718744,1.4481987625237225,-4.598094234785542,4160.0
3329,1.4587265566533731,-1.3248353528094083,1.9010482139760678,-0.5791364523901215,1.4481987260283342,-4.67700184099099,4161.25
3330,1.4587265296069143,-1.3248353708392338,1.9010482054244968,-0.5791364256165419,1.4481986992230653,-4.745909447196329,4162.5
3331,1.458726506485488,-1.3248353862525377,1.9010481981139458,-0.5791364027283941,1.4481986763078272,-4.804817053401679,4163.75
3332,1.4587264872890942,-1.324835399049317,1.9010481920444111,-0.5791363837256769,1.448198657282619,-4.853724659607202,4165.0
3333,1.4587264720177326,-1.3248354092295749,1.9010481872158969,-0.5791363686083915,1.4481986421474415,-4.892632265812747,4166.25
3334,1.4587264606714037,-1.3248354167933116,1.9010481836284032,-0.579136357376538,1.448198630902295,-4.921539872018302,4167.5
3335,1.4587264532501067,-1.3248354217405267,1.9010481812819302,-0.5791363500301163,1.4481986235471784,-4.940447478223814,4168.75
3336,1.4588292824315272,-1.324034450666086,1.8999902671685285,-0.5788795089926709,1.4483029420733484,-4.950144024232947,4170.0
3337,1.4593607147693664,-1.3198950814739128,1.8945230550829808,-0.577552193434204,1.4488420707948926,-4.95150047699973,4171.25
3338,1.459588699429769,-1.3181193103397624,1.8921776491840285,-0.5769827856048598,1.449073354253817,-4.943858902914901,4172.5
3339,1.4595887048311105,-1.3181193063492123,1.8921776517876148,-0.5769827937588438,1.449073353254112,-4.9276557386662825,4173.75
3340,1.4595887135659624,-1.3181192998958409,1.8921776559980388,-0.5769828069451682,1.4490733516374257,-4.901452574417674,4175.0
3341,1.4595887256343243,-1.3181192909796478,1.892177661815301,-0.5769828251638334,1.4490733494037582,-4.865249410169135,4176.25
3342,1.4595887410361967,-1.3181192796006334,1.8921776692394014,-0.5769828484148388,1.4490733465531094,-4.819046245920494,4177.5
3343,1.4595887599346007,-1.3181192660545409,1.8921776794004215,-0.5769828814177639,1.4490733443165509,-4.762843091556677,4178.75
3344,1.4595887822353748,-1.318119250170547,1.8921776916456192,-0.57698292144655,1.4490733419830077,-4.696639939429922,4180.0
3345,1.4595888141999827,-1.318119233945596,1.8921776993729449,-0.5769829515931734,1.4490733628917136,-4.62043679713598,4181.25
3346,1.4595888549968155,-1.318119217107783,1.8921777034235472,-0.5769829739617933,1.4490734039258037,-4.534233661612413,4182.5
3347,1.4595889005619436,-1.3181191983038816,1.8921777079071904,-0.5769829987987578,1.449073450003758,-4.438030537135887,4183.75
3348,1.4595889530059694,-1.3181191814032847,1.892177708532411,-0.5769830174029249,1.4490735027552901,-4.3318274193690645,4185.0
3349,1.4595890131021132,-1.318119167811584,1.8921777037315461,-0.57698302658631,1.4490735628159364,-4.21562430983589,4186.25
3350,1.4595890783847607,-1.3181191535800056,1.8921776980327896,-0.576983035537209,1.4490736280609264,-4.0894212084348585,4187.5
3351,1.4595891491815292,-1.3181191497607914,1.892177681400604,-0.5769830232169886,1.4490736989577577,-3.95321811299375,4188.75
3352,1.459589225066865,-1.318119145913878,1.8921776633506506,-0.5769830095424426,1.4490737749540819,-3.80701501776112,4190.0
3353,1.4595893001022806,-1.3181191557747054,1.8921776331879534,-0.5769829700399942,1.4490738503329177,-3.6508119296579062,4191.25
3354,1.4595893766231973,-1.3181191695917631,1.8921775990383765,-0.5769829226037813,1.4490739272678788,-3.485150732752529,4192.5
3355,1.4595894415709254,-1.3181191936916523,1.8921775589025098,-0.5769828588149788,1.4490739927769483,-3.323603339479516,4193.75
3356,1.4595894951196253,-1.3181192212208268,1.8921775189079468,-0.5769827916577743,1.4490740469183812,-3.172055946206092,4195.0
3357,1.4595895363281266,-1.3181192528069898,1.8921774787558148,-0.5769827201988642,1.4490740887594429,-3.0305085529330738,4196.25
3358,1.459589567359352,-1.3181192851810979,1.8921774407791632,-0.5769826500562772,1.449074120412692,-2.898961159659872,4197.5
3359,1.459589586398117,-1.3181193190974692,1.8921774048128226,-0.5769825802976654,1.4490741400714753,-2.7774137663870553,4198.75
3360,1.4595896036467721,-1.3181193502740478,1.8921773718233525,-0.5769825162439324,1.4490741578894712,-2.6658663731141696,4200.0
3361,1.4595896046068657,-1.318119381989465,1.8921773429666735,-0.5769824556703624,1.4490741593897871,-2.5643189798413157,4201.25
3362,1.4595896054724127,-1.3181194105816652,1.892177316951687,-0.576982401061847,1.4490741607423576,-2.4727715865685127,4202.5
3363,1.4595896062434133,-1.31811943605065,1.8921772937783936,-0.5769823524183857,1.4490741619471827,-2.3912241932957485,4203.75
3364,1.4595895977308602,-1.3181194588920966,1.8921772756054946,-0.5769823113387598,1.44907415380208,-2.319676800022978,4205.0
3365,1.459589589206962,-1.3181194786058426,1.8921772602547464,-0.5769822762097121,1.449074145592552,-2.258129406750247,4206.25
3366,1.4595895820679958,-1.3181194951165671,1.8921772473981302,-0.5769822467883062,1.4490741387168788,-2.20658201347732,4207.5
3367,1.4595895763139624,-1.3181195084242725,1.8921772370356482,-0.5769822230745423,1.4490741331750603,-2.1650346202043957,4208.75
3368,1.4595895719448615,-1.3181195185289598,1.8921772291673014,-0.5769822050684201,1.4490741289670965,-2.133487226931573,4210.0
3369,1.4595895689606928,-1.3181195254306288,1.8921772237930898,-0.5769821927699399,1.4490741260929871,-2.1119398336587385,4211.25
3370,1.459608591442468,-1.3179695120526447,1.891977903636574,-0.5769329047540542,1.4490934328029212,-2.100213382640433,4212.5
3371,1.460069126762662,-1.3143378960430978,1.8871528277883192,-0.5757398994247495,1.4495608472770503,-2.0962594554072935,4213.75
3372,1.4604396460227964,-1.3114161190623126,1.8832708718950857,-0.5747800873051864,1.449936899096016,-2.101911190368077,4215.0
3373,1.4604396550688918,-1.3114160531321968,1.8832707939179447,-0.5747800779747644,1.4499369034972036,-2.115449796753322,4216.25
3374,1.460439657146583,-1.311416046143945,1.8832708013579529,-0.5747800971127002,1.4499368972952589,-2.1389883210955682,4217.5
3375,1.4604396601069507,-1.311416036186836,1.88327081195874,-0.5747801243811097,1.4499368884585082,-2.1725268454378,4218.75
3376,1.4604396639499955,-1.3114160232608696,1.8832708257203066,-0.5747801597799933,1.449936876986951,-2.216065369780076,4220.0
3377,1.4604396684989538,-1.3114160071978722,1.8832708419771116,-0.5747802004817189,1.4499368615083479,-2.2696038859751972,4221.25
3378,1.460439673739975,-1.3114159879846652,1.8832708606770043,-0.5747802462647204,1.4499368419151712,-2.3331423955558384,4222.5
3379,1.46043967750175,-1.31141596552488,1.8832708819515853,-0.5747802956966299,1.449936826374624,-2.406680899737333,4223.75
3380,1.4604396766462977,-1.311415939515205,1.8832709052991372,-0.5747803439336221,1.4499368246056965,-2.4902193927284357,4225.0
3381,1.460439675712911,-1.311415910383638,1.8832709314176657,-0.574780397864106,1.449936822820823,-2.5837578780348474,4226.25
3382,1.4604396718027501,-1.311415878810388,1.883270960629151,-0.5747804574111429,1.449936818147046,-2.6872963564651604,4227.5
3383,1.4604396541526978,-1.3114158473200954,1.883270994121835,-0.5747805222611851,1.449936799976125,-2.8008348253718407,4228.75
3384,1.4604396349485729,-1.3114158130572278,1.883271030568073,-0.57478059283819,1.4499367802083352,-2.9243732853717606,4230.0
3385,1.4604396001781863,-1.3114157818426404,1.883271068688082,-0.5747806619373214,1.4499367448396296,-3.0579117397744824,4231.25
3386,1.4604395586884138,-1.311415750000497,1.8832711092877126,-0.5747807340985054,1.4499367027094474,-3.2014501927908876,4232.5
3387,1.4604395014965759,-1.3114157244880333,1.8832711486289069,-0.5747807985576345,1.4499366449478808,-3.3549886407337124,4233.75
3388,1.4604394362191901,-1.3114157002234013,1.88327118914133,-0.5747808628823091,1.4499365791029588,-3.5185270823772066,4235.0
3389,1.460439358350478,-1.3114156894095605,1.883271221071217,-0.5747809050818243,1.4499365008663174,-3.682729891777652,4236.25
3390,1.460439283740968,-1.3114156821673912,1.883271248843937,-0.5747809395744913,1.4499364259574288,-3.836944118370117,4237.5
3391,1.4604392093183738,-1.3114156861613497,1.8832712664020856,-0.5747809526149332,1.4499363514273527,-3.981158344962341,4238.75
3392,1.4604391401097174,-1.3114156916398212,1.8832712811345556,-0.5747809613814299,1.449936282148808,-4.115372571554747,4240.0
3393,1.4604390763407618,-1.3114157060526401,1.8832712862398775,-0.5747809516223786,1.4499362184750293,-4.239586798146608,4241.25
3394,1.4604390177055944,-1.3114157193051335,1.883271290934181,-0.5747809426489877,1.4499361599273763,-4.35380102473883,4242.5
3395,1.460438967612101,-1.3114157374741142,1.883271288752513,-0.57478092194189,1.4499361100253192,-4.458015251330772,4243.75
3396,1.4604389234151949,-1.3114157558429673,1.8832712847127584,-0.5747808992182005,1.449936066037163,-4.552229477922668,4245.0
3397,1.4604388839093965,-1.3114157722621274,1.8832712811017829,-0.5747808789064264,1.4499360267179573,-4.636443704514585,4246.25
3398,1.460438852716813,-1.3114157895114515,1.8832712743752942,-0.5747808547071556,1.4499359957457196,-4.710657931106447,4247.5
3399,1.4604388278763158,-1.3114158060858354,1.883271266452293,-0.5747808300310994,1.4499359711290492,-4.774872157698388,4248.75
3400,1.4604388069041974,-1.3114158200791104,1.8832712597631291,-0.5747808091978137,1.4499359503459015,-4.829086384290264,4250.0
3401,1.4604387898004583,-1.3114158314912763,1.8832712543078025,-0.5747807922072985,1.4499359333962767,-4.873300610882342,4251.25
3402,1.4604387765650986,-1.3114158403223348,1.8832712500863154,-0.5747807790595543,1.4499359202801747,-4.907514837474431,4252.5
3403,1.4604387671981176,-1.3114158465722865,1.8832712470986679,-0.5747807697545813,1.4499359109975956,-4.931729064066418,4253.75
3404,1.4604387616995158,-1.3114158502411306,1.8832712453448603,-0.5747807642923795,1.4499359055485395,-4.945943290658475,4255.0
3405,1.4607664552661102,-1.3087997865851013,1.8797750937783586,-0.5739009981086617,1.450268645218925,-4.952112796819465,4256.25
3406,1.4612428028930442,-1.3049970117830414,1.8746930072344083,-0.57262215438918,1.4507523266057107,-4.94881162400275,4257.5
3407,1.4612770069502319,-1.304723980307752,1.8743281290770941,-0.5725303423444809,1.450787052969683,-4.9376472841816925,4258.75
3408,1.4612770138207063,-1.3047239752406012,1.8743281324017564,-0.572530352711862,1.4507870517492656,-4.916799823351926,4260.0
3409,1.4612770239867738,-1.3047239677428664,1.8743281373211746,-0.5725303680522138,1.450787049943445,-4.885952362522286,4261.25
3410,1.461277037448434,-1.3047239578145469,1.8743281438353494,-0.5725303883655364,1.4507870475522209,-4.845104901692542,4262.5
3411,1.4612770542573725,-1.3047239455514563,1.8743281523091682,-0.5725304151686719,1.4507870449709264,-4.794257441596505,4263.75
3412,1.461277074516837,-1.3047239311449952,1.8743281634715516,-0.5725304514917516,1.4507870429893006,-4.733409983389941,4265.0
3413,1.4612770986554102,-1.3047239145527632,1.8743281759056212,-0.5725304923819119,1.4507870427469647,-4.662562526129714,4266.25
3414,1.4612771363693962,-1.304723898983549,1.8743281796814455,-0.5725305130945941,1.4507870806776775,-4.581715084524351,4267.5
3415,1.4612771787615049,-1.3047238814837412,1.8743281839103099,-0.5725305363212811,1.4507871234071037,-4.490867647334728,4268.75
3416,1.461277225845756,-1.3047238620482322,1.8743281885774528,-0.5725305620113941,1.4507871710482063,-4.3900202182507995,4270.0
3417,1.4612772819699233,-1.3047238485882209,1.8743281848067799,-0.5725305721875689,1.4507872271913924,-4.27917279992878,4271.25
3418,1.4612773435748014,-1.3047238346693675,1.874328179842222,-0.572530581544425,1.4507872887559647,-4.158325388906485,4272.5
3419,1.461277410454076,-1.304723825569822,1.8743281690040832,-0.5725305802588285,1.450787355663108,-4.027477984453085,4273.75
3420,1.461277482620658,-1.304723821715521,1.874328151904269,-0.5725305675224488,1.450787427932986,-3.8866305831214065,4275.0
3421,1.461277557032696,-1.3047238242560284,1.8743281283605828,-0.5725305419627549,1.4507875025636934,-3.7357831850968477,4276.25
3422,1.4612776331985446,-1.3047238343304692,1.8743280974795704,-0.5725305015434166,1.4507875790823415,-3.5749357936520676,4277.5
3423,1.4612777028925916,-1.304723854520613,1.8743280592654634,-0.5725304436269593,1.45078764928707,-3.408951284219059,4278.75
3424,1.461277765075217,-1.3047238776723566,1.8743280205074457,-0.5725303821511187,1.4507877120133017,-3.2520507652068096,4280.0
3425,1.4612778086977158,-1.3047239090919551,1.8743279795434127,-0.5725303100681217,1.4507877562769587,-3.105150246195003,4281.25
3426,1.4612778479883466,-1.3047239392820702,1.8743279409314892,-0.5725302415363951,1.4507877961774398,-2.96824972718302,4282.5
3427,1.4612778695971955,-1.304723973423572,1.8743279037801388,-0.5725301703878536,1.4507878184218943,-2.841349208171478,4283.75
3428,1.4612778876504486,-1.3047240056447773,1.8743278693862762,-0.5725301038924332,1.45078783706946,-2.724448689159594,4285.0
3429,1.4612778969155276,-1.3047240367460673,1.874327838516971,-0.5725300419796268,1.4507878468888633,-2.6175481701480394,4286.25
3430,1.4612778978218024,-1.3047240666304487,1.874327811137704,-0.572529984714967,1.4507878483088312,-2.5206476511364007,4287.5
3431,1.4612778986345512,-1.3047240934307973,1.8743277865839334,-0.5725299333599414,1.4507878495822606,-2.4337471321249016,4288.75
3432,1.4612778957032246,-1.3047241173420756,1.8743277657206379,-0.572529888558706,1.450787847053292,-2.356846613113353,4290.0
3433,1.461277886572304,-1.3047241384954185,1.874327749129635,-0.5725298507445484,1.4507878382628339,-2.2899460941018868,4291.25
3434,1.461277878806234,-1.304724156486851,1.874327735018583,-0.5725298185826875,1.4507878307863358,-2.233045575090365,4292.5
3435,1.4612778724050144,-1.3047241713163706,1.8743277233874793,-0.5725297920731229,1.4507878246237969,-2.186145056078705,4293.75
3436,1.4612778673686453,-1.3047241829839806,1.8743277142363275,-0.5725297712158549,1.4507878197752178,-2.1492445370670903,4295.0
3437,1.4612778636971266,-1.3047241914896812,1.874327707565128,-0.5725297560108836,1.4507878162405983,-2.1223440180554642,4296.25
3438,1.4612778613904585,-1.3047241968334724,1.8743277033738803,-0.572529746458209,1.4507878140199384,-2.1054434990437696,4297.5
3439,1.4614615140536311,-1.3032398982774236,1.8723325920330534,-0.5720191130961699,1.4509743808559386,-2.0972586764829977,4298.75
3440,1.461974883648392,-1.2990908135594035,1.8667556396175602,-0.570591747271844,1.4514958958202047,-2.0978811729803017,4300.0
3441,1.4621044706933601,-1.2980434869015547,1.8653478918799136,-0.5702314545931443,1.4516275359261113,-2.107008491246168,4301.25
3442,1.4621044722865815,-1.2980434815849735,1.8653478975718865,-0.5702314691698861,1.4516275312507454,-2.12514552332878,4302.5
3443,1.4621044747582386,-1.298043473337052,1.865347906402175,-0.5702314917836329,1.4516275239975789,-2.1532825554112653,4303.75
3444,1.462104478108331,-1.2980434621577905,1.8653479183707788,-0.5702315224343847,1.4516275141666113,-2.191419587493964,4305.0
3445,1.4621044823344347,-1.2980434480448269,1.865347933468397,-0.5702315610828176,1.451627501738783,-2.2395566193375096,4306.25
3446,1.4621044871155586,-1.298043430685425,1.865347950463453,-0.5702316025223455,1.4516274841905488,-2.2976936306409024,4307.5
3447,1.4621044927190712,-1.2980434103400762,1.8653479703817852,-0.5702316510897814,1.451627463623887,-2.3658306419443385,4308.75
3448,1.4621044934150627,-1.2980433864601097,1.8653479923318677,-0.570231698063657,1.4516274574671097,-2.443967640202482,4310.0
3449,1.462104492526599,-1.298043359362415,1.8653480168273446,-0.57023174848757,1.4516274556456208,-2.5321046338884647,4311.25
3450,1.4621044915733725,-1.2980433291776896,1.8653480440662842,-0.5702318045116648,1.4516274539095098,-2.630241616134373,4312.5
3451,1.4621044803503365,-1.298043298299864,1.8653480751996714,-0.5702318659082126,1.4516274420645714,-2.738378590798053,4313.75
3452,1.4621044622419568,-1.2980432659366474,1.8653481098567475,-0.5702319327951615,1.4516274234164022,-2.856515557621858,4315.0
3453,1.46210443844872,-1.2980432325602198,1.8653481470681523,-0.5702320032186219,1.4516273990431725,-2.98465251697184,4316.25
3454,1.462104399082194,-1.2980432022792312,1.8653481859224774,-0.570232072083718,1.4516273590625657,-3.1227894715534603,4317.5
3455,1.4621043533705305,-1.2980431721400323,1.865348226464681,-0.5702321424493437,1.4516273127237174,-3.270926424638431,4318.75
3456,1.4621042911400874,-1.298043148935899,1.8653482654205191,-0.5702322041720593,1.4516272499460625,-3.4290633708194482,4320.0
3457,1.4621042202418226,-1.2980431305258815,1.865348302492323,-0.5702322591537566,1.4516271785624484,-3.595383933298492,4321.25
3458,1.4621041451946706,-1.298043120570831,1.8653483330517153,-0.5702322991364968,1.4516271031655392,-3.7549970741564183,4322.5
3459,1.4621040711975082,-1.298043119706079,1.8653483550311623,-0.5702323214542546,1.4516270289774404,-3.904610215014186,4323.75
3460,1.4621040001694325,-1.298043123482279,1.8653483719334185,-0.5702323340738719,1.4516269578453014,-4.0442233558718454,4325.0
3461,1.4621039344362483,-1.2980431338189047,1.8653483813441942,-0.5702323326776699,1.4516268921334692,-4.173836496729232,4326.25
3462,1.462103873899935,-1.2980431474875553,1.8653483862319136,-0.5702323234625614,1.4516268316881726,-4.293449637587022,4327.5
3463,1.4621038193822526,-1.2980431617239945,1.8653483888788398,-0.5702323114815689,1.4516267772855922,-4.403062778444139,4328.75
3464,1.462103773316053,-1.2980431808738475,1.8653483846303465,-0.5702322877506975,1.4516267314390983,-4.502675919301627,4330.0
3465,1.4621037318743633,-1.2980431981012746,1.8653483808083475,-0.5702322664021284,1.4516266901950585,-4.59228906015884,4331.25
3466,1.4621036954772109,-1.2980432137293654,1.865348376998297,-0.5702322467011363,1.4516266539800555,-4.671902201016176,4332.5
3467,1.4621036689312144,-1.2980432314553938,1.8653483684562535,-0.5702322202398142,1.451626627675724,-4.741515341873473,4333.75
3468,1.4621036461985775,-1.2980432466350598,1.8653483611412838,-0.5702321975796886,1.4516266051500368,-4.801128482730724,4335.0
3469,1.4621036272793009,-1.2980432592683606,1.8653483550533836,-0.5702321787207583,1.4516265864029942,-4.850741623588108,4336.25
3470,1.462103612173384,-1.2980432693552997,1.8653483501925574,-0.5702321636630244,1.4516265714345964,-4.890354764445496,4337.5
3471,1.4621036008808275,-1.2980432768958765,1.8653483465588054,-0.5702321524064872,1.451626560244843,-4.919967905302895,4338.75
3472,1.4621035934016309,-1.2980432818900918,1.8653483441521275,-0.5702321449511467,1.451626552833734,-4.939581046160362,4340.0
3473,1.462174607006677,-1.2974622215313627,1.8645628584206468,-0.5700277886071902,1.451698727150953,-4.949820112335731,4341.25
3474,1.4626648453787334,-1.2934511007973515,1.8591405998750472,-0.5686171275354718,1.4521969776073105,-4.951929907247755,4342.5
3475,1.4629188685421453,-1.291372708624357,1.8563310200198169,-0.567886187523081,1.4524551496674758,-4.944865441870544,4343.75
3476,1.4629188735602503,-1.2913727049300483,1.8563310224584493,-0.5678861950935494,1.4524551488107629,-4.929464587265443,4345.0
3477,1.4629188818366834,-1.291372698836971,1.8563310264805208,-0.5678862075796336,1.4524551473977731,-4.904063732660296,4346.25
3478,1.4629188933714459,-1.291372690345125,1.8563310320860325,-0.5678862249813338,1.4524551454285075,-4.8686628780552175,4347.5
3479,1.462918908164537,-1.2913726794545106,1.8563310392749837,-0.5678862472986498,1.4524551429029655,-4.823262023450093,4348.75
3480,1.4629189263533715,-1.2913726664255292,1.8563310490352738,-0.5678862786186155,1.4524551408856456,-4.76786117606963,4350.0
3481,1.462918947878592,-1.2913726511456967,1.8563310609401675,-0.5678863171757849,1.4524551389167242,-4.702460331231425,4351.25
3482,1.4629189778880092,-1.2913726352666102,1.8563310692808273,-0.5678863482637708,1.452455156208716,-4.6270594948933095,4352.5
3483,1.4629190171636326,-1.2913726190498596,1.8563310732463894,-0.5678863698699654,1.4524551957074858,-4.541658666634761,4353.75
3484,1.462919061068542,-1.2913726009230095,1.8563310776437847,-0.5678863938949783,1.452455240078633,-4.4462578485595445,4355.0
3485,1.4629191112891105,-1.2913725839807628,1.856331078992905,-0.5678864133331506,1.4524552906388644,-4.340857037282213,4356.25
3486,1.462919169289887,-1.2913725708889432,1.8563310742806913,-0.5678864221032516,1.4524553486042497,-4.2254562344075275,4357.5
3487,1.4629192323158358,-1.291372556661873,1.856331069157052,-0.5678864316202804,1.4524554115858377,-4.100055440190446,4358.75
3488,1.4629193007050654,-1.2913725526515363,1.8563310531668185,-0.5678864201277484,1.4524554800697251,-3.9646546520855845,4360.0
3489,1.4629193741575197,-1.2913725487626957,1.8563310356109366,-0.5678864069858802,1.4524555536286419,-3.8192538643272678,4361.25
3490,1.4629194470668418,-1.2913725575876336,1.8563310065897622,-0.5678863696599094,1.4524556268644986,-3.663853082997546,4362.5
3491,1.4629195222255016,-1.2913725699964016,1.856330973646063,-0.5678863248429774,1.4524557024171292,-3.498685819934919,4363.75
3492,1.4629195856642108,-1.2913725936833873,1.8563309337608154,-0.5678862617195525,1.4524557664167108,-3.336341267384565,4365.0
3493,1.4629196392921398,-1.2913726198544,1.8563308944244157,-0.5678861965900708,1.4524558206249765,-3.183996714834254,4366.25
3494,1.462919679574497,-1.2913726508705692,1.8563308544943766,-0.5678861259250287,1.4524558615394754,-3.041652162284356,4367.5
3495,1.462919711294119,-1.2913726820911193,1.856330816838411,-0.567886057268289,1.452455893874305,-2.9093076097342174,4368.75
3496,1.4629197299261598,-1.291372715397195,1.8563307810373404,-0.5678859882866635,1.4524559131263053,-2.786963057184521,4370.0
3497,1.462919747035285,-1.2913727459809468,1.8563307481625124,-0.5678859249433452,1.4524559308047171,-2.6746185046346223,4371.25
3498,1.4629197489905372,-1.2913727769187355,1.8563307193192484,-0.5678858651689099,1.452455933299151,-2.5722739520850717,4372.5
3499,1.4629197498450346,-1.291372805038927,1.856330693367999,-0.5678858110968739,1.45245593464152,-2.479929399535346,4373.75
3500,1.4629197506069986,-1.2913728301139777,1.85633067022701,-0.5678857628803033,1.4524559358385238,-2.397584846985696,4375.0
3501,1.4629197431194028,-1.2913728525757224,1.8563306518458491,-0.5678857219783926,1.4524559287210999,-2.3252402944360595,4376.25
3502,1.4629197347319107,-1.2913728720350708,1.8563306364679146,-0.5678856870763751,1.4524559206497567,-2.2628957418863864,4377.5
3503,1.4629197276897636,-1.2913728883731586,1.8563306235565828,-0.5678856577726039,1.4524559138730484,-2.2105511893366496,4378.75
3504,1.4629197219929613,-1.2913729015899869,1.8563306131118544,-0.5678856340670793,1.452455908390975,-2.1682066367868966,4380.0
3505,1.4629197176415036,-1.2913729116855568,1.856330605133731,-0.5678856159598012,1.4524559042035363,-2.1358620842371314,4381.25
3506,1.462919714635391,-1.2913729186598686,1.8563305996222124,-0.5678856034507698,1.4524559013107328,-2.113517531687355,4382.5
3507,1.4629263274769897,-1.2913181332223806,1.8562561153411825,-0.5678659109974009,1.4524626255191813,-2.101103778741056,4383.75
3508,1.46332845093215,-1.287987261107228,1.8517280864415193,-0.5666691434773712,1.4528715156319254,-2.096394015487478,4385.0
3509,1.4637198158565652,-1.284745509986229,1.8473212163129062,-0.5655044042826457,1.4532694644519395,-2.1013725957627223,4386.25
3510,1.4637238566809245,-1.28471204455028,1.8472757319633197,-0.5654923917355917,1.4532735689420953,-2.1140619422854523,4387.5
3511,1.4637238586600418,-1.2847120379966475,1.847275739022697,-0.5654924097317746,1.453273563226737,-2.136707884982624,4388.75
3512,1.4637238615130985,-1.2847120285490605,1.8472757491993557,-0.5654924356747155,1.45327355498759,-2.1693538276798385,4390.0
3513,1.4637238652400941,-1.2847120162075194,1.8472757624932952,-0.5654924695644147,1.4532735442246536,-2.21199977037704,4391.25
3514,1.4637238697027661,-1.2847120008340327,1.8472757783639862,-0.565492509127432,1.4532735298373063,-2.2646457021940494,4392.5
3515,1.4637238748370334,-1.284711982364645,1.8472757965609086,-0.5654925533100943,1.4532735113154387,-2.3272916213425336,4393.75
3516,1.4637238791429814,-1.284711960790488,1.8472758174126103,-0.5654926020697174,1.45327349476454,-2.399937536558717,4395.0
3517,1.4637238783171878,-1.2847119357027335,1.847275840266363,-0.565492648940812,1.4532734930528282,-2.4825834391081694,4396.25
3518,1.4637238774110606,-1.2847119075725002,1.8472758658655628,-0.5654927014164338,1.4532734912946714,-2.5752293349827444,4397.5
3519,1.4637238749728465,-1.284711876739502,1.8472758943703476,-0.5654927594468915,1.4532734880777676,-2.677875223846867,4398.75
3520,1.4637238579434957,-1.284711846262292,1.847275927241716,-0.5654928226635497,1.4532734705334376,-2.790521102143129,4400.0
3521,1.4637238394027843,-1.2847118130803548,1.8472759630344133,-0.5654928915054522,1.453273451434718,-2.9131669723485576,4401.25
3522,1.4637238073260233,-1.2847117821909262,1.847276000630516,-0.5654929597670869,1.453273418765603,-3.0458128365940738,4402.5
3523,1.4637237672382934,-1.2847117512973407,1.8472760405420572,-0.5654930302930562,1.4532733780454248,-3.188458698823701,4403.75
3524,1.4637237133934278,-1.284711725552147,1.847276079696939,-0.5654930948118662,1.453273323624256,-3.3411045565622803,4405.0
3525,1.4637236502789355,-1.2847117019570111,1.847276119552298,-0.5654931578127906,1.4532732599485254,-3.503750407930326,4406.25
3526,1.4637235753647382,-1.2847116900405764,1.8472761520949017,-0.5654932017344484,1.4532731846475722,-3.668701275753463,4407.5
3527,1.463723502930833,-1.2847116816704562,1.8472761806680114,-0.5654932381573541,1.4532731118944393,-3.823802916300843,4408.75
3528,1.4637234301405928,-1.2847116855091607,1.847276198141214,-0.5654932512661022,1.4532730389960375,-3.968904556848524,4410.0
3529,1.4637233623888393,-1.2847116898059214,1.8472762137407974,-0.5654932620793984,1.4532729711561727,-4.104006197395819,4411.25
3530,1.463723299959424,-1.284711703889713,1.8472762188247382,-0.5654932526261045,1.4532729088213108,-4.2291078379431575,4412.5
3531,1.463723242520304,-1.2847117168477111,1.8472762235022864,-0.5654932439284569,1.453272851469186,-4.344209478490278,4413.75
3532,1.4637231930029215,-1.2847117339234728,1.8472762221164816,-0.5654932251058484,1.453272802129299,-4.449311119037524,4415.0
3533,1.4637231496384295,-1.2847117519530111,1.8472762180807674,-0.5654932027236961,1.4532727589736334,-4.544412759584529,4416.25
3534,1.463723110833742,-1.2847117680867277,1.8472762144694057,-0.5654931826950403,1.4532727203558145,-4.629514400131517,4417.5
3535,1.4637230796125071,-1.2847117846547962,1.847276208272128,-0.5654931597006941,1.4532726893471972,-4.7046160406785456,4418.75
3536,1.4637230551349134,-1.2847118010100165,1.8472762003250307,-0.5654931352180504,1.4532726650947199,-4.769717681225613,4420.0
3537,1.463723034417224,-1.2847118148529766,1.8472761935986535,-0.5654931144960866,1.4532726445675677,-4.824819321772767,4421.25
3538,1.4637230174594391,-1.2847118261836759,1.8472761880929962,-0.5654930975348023,1.4532726277657406,-4.869920962319915,4422.5
3539,1.463723004261558,-1.2847118350021165,1.8472761838080607,-0.565493084334198,1.4532726146892387,-4.905022602867074,4423.75
3540,1.4637229948235817,-1.284711841308298,1.8472761807438478,-0.5654930748942739,1.4532726053380618,-4.930124243414245,4425.0
3541,1.4637229891455095,-1.284711845102221,1.847276178900357,-0.56549306921503,1.4532725997122098,-4.9452258839613705,4426.25
3542,1.4639862764757494,-1.282504022779785,1.8442581739898778,-0.564683140391581,1.4535404467992328,-4.952094768959578,4427.5
3543,1.4644565547688428,-1.2785604982674041,1.8388675403872219,-0.5632364848500289,1.4540188684727746,-4.949719757113109,4428.75
3544,1.4645162845888298,-1.278059658086,1.8381829176070619,-0.5630527607806648,1.4540796287412951,-4.939294476173812,4430.0
3545,1.4645162909890161,-1.2780596533830224,1.8381829207317157,-0.5630527704358963,1.4540796276892414,-4.919428580545346,4431.25
3546,1.464516300610898,-1.2780596463126828,1.8381829254292432,-0.5630527849513323,1.45407962610761,-4.889562684916891,4432.5
3547,1.464516313454475,-1.2780596368749808,1.8381829316996434,-0.5630528043269729,1.454079623996401,-4.849696789288447,4433.75
3548,1.464516329551197,-1.2780596251308602,1.8381829397731364,-0.5630528295105253,1.4540796216023215,-4.799830897233964,4435.0
3549,1.4645163490296829,-1.2780596113295601,1.838182950591238,-0.5630528643777912,1.4540796199343227,-4.7399650208432345,4436.25
3550,1.4645163717618566,-1.27805959522289,1.8381829632163964,-0.5630529050692875,1.4540796179877014,-4.670099144452688,4437.5
3551,1.464516407566028,-1.2780595801264703,1.8381829673404289,-0.5630529261037613,1.4540796528435922,-4.590233283931125,4438.75
3552,1.4645164483289597,-1.2780595632940919,1.8381829714809874,-0.5630529485271875,1.4540796939006195,-4.5003674273107,4440.0
3553,1.464516493655677,-1.2780595445782272,1.8381829760518986,-0.5630529733421731,1.45407973975601,-4.400501580132987,4441.25
3554,1.4645165473051827,-1.27805953084224,1.8381829732520218,-0.5630529848802124,1.4540797934798695,-4.290635742572211,4442.5
3555,1.4645166067138402,-1.2780595174430773,1.8381829683821704,-0.5630529938098313,1.4540798528486243,-4.170769912535571,4443.75
3556,1.4645166712180187,-1.278059507613349,1.8381829587524543,-0.563052994455034,1.454079917366361,-4.040904089452267,4445.0
3557,1.4645167408955053,-1.2780595039516969,1.8381829419521138,-0.5630529818208168,1.4540799871465366,-3.901038270168315,4446.25
3558,1.464516813331575,-1.2780595051926702,1.8381829198374202,-0.5630529589893809,1.454080059777792,-3.75117245359281,4447.5
3559,1.4645168869374285,-1.278059515027196,1.838182889468615,-0.5630529193180347,1.454080133732689,-3.591306643678464,4448.75
3560,1.464516956030688,-1.278059533479711,1.8381828524678228,-0.5630528643619468,1.454080203314455,-3.425034167715541,4450.0
3561,1.4645170168716126,-1.2780595562502357,1.8381828138786438,-0.5630528034385484,1.4540802646993132,-3.267157240577073,4451.25
3562,1.4645170611504648,-1.2780595860720412,1.8381827735891398,-0.5630527336417299,1.4540803096051085,-3.1192803134385363,4452.5
3563,1.4645170996312755,-1.2780596157510389,1.838182735109775,-0.5630526657558147,1.4540803486963805,-2.9814033863004124,4453.75
3564,1.4645171224667963,-1.2780596486221416,1.8381826982195286,-0.56305259615264,1.4540803721602884,-2.853526459162276,4455.0
3565,1.4645171401731671,-1.278059680312862,1.8381826639015322,-0.5630525302651461,1.4540803904620847,-2.735649532024147,4456.25
3566,1.464517150750929,-1.2780597105839242,1.8381826329550688,-0.5630524691174361,1.4540804015933122,-2.627772604886289,4457.5
3567,1.4645171516471605,-1.2780597400110263,1.8381826055889459,-0.5630524123239602,1.45408040300493,-2.529895677748111,4458.75
3568,1.4645171524518248,-1.2780597664315816,1.8381825810187893,-0.5630523613330236,1.4540804042723243,-2.4420187506103472,4460.0
3569,1.4645171506239711,-1.278059789979116,1.8381825598572532,-0.5630523166052831,1.4540804028507417,-2.3641418234724,4461.25
3570,1.4645171416208405,-1.2780598108923407,1.8381825431996397,-0.5630522789643082,1.454080394190625,-2.2962648963345855,4462.5
3571,1.4645171339441,-1.2780598287245142,1.8381825289961167,-0.5630522468688075,1.4540803868063643,-2.2383879691967254,4463.75
3572,1.4645171275937505,-1.2780598434756345,1.8381825172466812,-0.563052220318781,1.4540803806979594,-2.1905110420586604,4465.0
3573,1.464517122569791,-1.2780598551457047,1.8381825079513372,-0.5630521993142286,1.4540803758654102,-2.152634114920584,4466.25
3574,1.4645171188722221,-1.2780598637347254,1.8381825011100843,-0.5630521838551504,1.4540803723087166,-2.1247571877826092,4467.5
3575,1.4645171165010435,-1.2780598692426957,1.8381824967229232,-0.5630521739415466,1.4540803700278788,-2.1068802606445662,4468.75
3576,1.4646482538763852,-1.276946607279794,1.8366523717817014,-0.5626354368485534,1.4542138439864003,-2.0979418058596515,4470.0
3577,1.4651325024485296,-1.2728357116080835,1.8310021655516022,-0.5610965913720964,1.4547067202314932,-2.0975421610864493,4471.25
3578,1.4652997460522041,-1.2714159468465587,1.8290507807649523,-0.5605651334904052,1.4548769408694933,-2.1058881361908384,4472.5
3579,1.465299747535729,-1.2714159419708373,1.829050786051941,-0.5605651469050233,1.4548769366491243,-2.122955805571596,4473.75
3580,1.4652997498884552,-1.2714159342384161,1.8290507944365921,-0.5605651681793076,1.4548769299560282,-2.150023474952283,4475.0
3581,1.4652997531103835,-1.271415923649295,1.829050805918906,-0.560565197313258,1.4548769207902048,-2.187091144332957,4476.25
3582,1.4652997572015134,-1.2714159102034739,1.829050820498883,-0.5605652343068744,1.4548769091516542,-2.2341588137136745,4477.5
3583,1.4652997618877972,-1.2714158936206812,1.8290508370849263,-0.5605652745932429,1.4548768928318059,-2.2912264640124556,4478.75
3584,1.4652997673633223,-1.271415874099411,1.8290508564501324,-0.5605653214067642,1.4548768733948216,-2.3582941122785486,4480.0
3585,1.4652997687816716,-1.2714158512074627,1.829050877980847,-0.5605653679656536,1.454876865402077,-2.4353617492836994,4481.25
3586,1.4652997679219881,-1.2714158251127603,1.829050901940608,-0.5605654169109874,1.4548768636177831,-2.5224293809756015,4482.5
3587,1.4652997669992116,-1.2714157960082386,1.8290509286154832,-0.5605654713543118,1.4548768619245371,-2.619497000370826,4483.75
3588,1.4652997577642188,-1.2714157658274714,1.829050958953978,-0.5605655311397487,1.4548768520416466,-2.72656461311462,4485.0
3589,1.4652997403064894,-1.2714157345499428,1.8290509929480092,-0.5605655962776335,1.4548768340504887,-2.843632217787577,4486.25
3590,1.4652997191305048,-1.2714157015272864,1.829051029640086,-0.5605656658412751,1.4548768122999465,-2.970699814576582,4487.5
3591,1.4652996811370778,-1.2714156722038026,1.8290510678010516,-0.5605657330572973,1.454876773700901,-3.1077674058685245,4488.75
3592,1.4652996386907207,-1.2714156418646916,1.8290511081953398,-0.5605658034899293,1.4548767306198418,-3.254834996292277,4490.0
3593,1.4652995785765988,-1.2714156193439077,1.8290511464928667,-0.5605658638742463,1.454876669965206,-3.411902579721338,4491.25
3594,1.46529951104274,-1.2714155999269396,1.829051184076266,-0.5605659203857157,1.454876601927264,-3.5779492683995233,4492.5
3595,1.4652994375712907,-1.2714155900913164,1.8290512145243856,-0.56056596013505,1.4548765281053146,-3.7386265727212833,4493.75
3596,1.465299365703495,-1.2714155877680864,1.82905123755897,-0.5605659849684803,1.4548764560225542,-3.88930387704351,4495.0
3597,1.4652992961034799,-1.2714155914137288,1.8290512544144637,-0.5605659976691706,1.4548763863176704,-4.029981181365132,4496.25
3598,1.4652992316193973,-1.2714156003229387,1.8290512649154145,-0.5605659987879319,1.4548763218333622,-4.160658485687049,4497.5
3599,1.465299172227325,-1.2714156137113517,1.8290512697941588,-0.5605659898414668,1.4548762625319036,-4.281335790008588,4498.75
3600,1.4652991182114277,-1.2714156268043861,1.8290512733836504,-0.5605659799404603,1.4548762086144793,-4.392013094330138,4500.0
3601,1.4652990729377464,-1.2714156456295167,1.8290512691314498,-0.5605659565282278,1.454876163560917,-4.492690398651777,4501.25
3602,1.4652990321609751,-1.271415662584796,1.8290512653016044,-0.560565935441467,1.4548761229824017,-4.583367702973179,4502.5
3603,1.4652989958811142,-1.271415677670226,1.8290512618941173,-0.5605659166801785,1.4548760868789326,-4.664045007294671,4503.75
3604,1.4652989694485175,-1.271415695015222,1.8290512535351957,-0.560565890779302,1.4548760606861988,-4.734722311616096,4505.0
3605,1.4652989469497057,-1.2714157100557488,1.8290512461642265,-0.5605658682000969,1.4548760383964048,-4.795399615937612,4506.25
3606,1.4652989281588393,-1.271415722617501,1.8290512400080368,-0.5605658493420854,1.4548760197801087,-4.846076920259153,4507.5
3607,1.465298913075918,-1.2714157327004796,1.8290512350666281,-0.5605658342052684,1.4548760048373106,-4.8867542245807485,4508.75
3608,1.465298901700942,-1.2714157403046857,1.8290512313400027,-0.5605658227896462,1.4548759935680098,-4.9174315289022985,4510.0
3609,1.465298894033911,-1.2714157454301191,1.8290512288281595,-0.5605658150952185,1.454875985972207,-4.938108833223916,4511.25
3610,1.465335351857149,-1.271102392062508,1.8286182078556807,-0.5604461823307096,1.4549131119598808,-4.949157738592975,4512.5
3611,1.4657756940661428,-1.2673180530394628,1.8233887148990908,-0.5590014495315994,1.4553615229504764,-4.9523723681692795,4513.75
3612,1.4660711286032324,-1.264779085063242,1.819880176159349,-0.5580321618763103,1.455662368672141,-4.94614061659239,4515.0
3613,1.4660711331411749,-1.2647790817351414,1.8198801783858845,-0.5580321687233449,1.4556623679523621,-4.9318957598865065,4516.25
3614,1.466071140864788,-1.2647790760706883,1.8198801821754653,-0.5580321803770512,1.4556623667272934,-4.907650903180748,4517.5
3615,1.466071151774072,-1.2647790680698825,1.8198801875280912,-0.5580321968374287,1.4556623649969342,-4.873406046475001,4518.75
3616,1.466071165869027,-1.2647790577327243,1.8198801944437621,-0.5580322181044779,1.455662362761285,-4.829161189769264,4520.0
3617,1.4660711832579554,-1.264779045273901,1.819880203729682,-0.5580322474839896,1.45566236088054,-4.774916347719934,4521.25
3618,1.4660712039239794,-1.264779030659953,1.8198802152600493,-0.5580322844607651,1.4556623592206397,-4.710671514534495,4522.5
3619,1.4660712316409283,-1.2647790150767595,1.8198802245090993,-0.5580323171595429,1.4556623718209225,-4.636426687903046,4523.75
3620,1.466071269321657,-1.264778999516108,1.819880228380198,-0.5580323379576938,1.4556624097112825,-4.5521818711939215,4525.0
3621,1.4660713114994501,-1.2647789820991269,1.8198802326837398,-0.558032361132589,1.455662452302393,-4.457937063321163,4526.25
3622,1.4660713593038066,-1.2647789648952867,1.819880235053786,-0.5580323819565917,1.4556625004956525,-4.353692262391216,4527.5
3623,1.4660714151524874,-1.2647789523084143,1.8198802304374277,-0.5580323903145864,1.4556625563093826,-4.239447470147307,4528.75
3624,1.4660714758887838,-1.2647789386189343,1.819880225413643,-0.5580323993901839,1.4556626170013323,-4.115202687619525,4530.0
3625,1.466071541803456,-1.2647789335298008,1.8198802109051961,-0.5580323904485556,1.4556626829934936,-3.9809579105911475,4531.25
3626,1.4660716126808988,-1.2647789298278407,1.81988019366305,-0.5580323774282514,1.455662753976673,-3.8367131347012355,4532.5
3627,1.4660716837187677,-1.264778936922265,1.8198801663495923,-0.5580323435406784,1.4556628253121588,-3.6824683643463123,4533.75
3628,1.4660717578354712,-1.2647789474395235,1.8198801349596718,-0.5580323021760529,1.455662899794597,-3.51823764039064,4535.0
3629,1.4660718199837492,-1.2647789707425683,1.8198800951891672,-0.5580322395541901,1.455662962504655,-3.3547422822072974,4536.25
3630,1.4660718743785741,-1.2647789952628854,1.8198800565504507,-0.5580321767895817,1.4556630174637997,-3.2012469240248516,4537.5
3631,1.4660719138838392,-1.2647790257719056,1.8198800166949627,-0.5580321067087335,1.455663057602547,-3.057751565841833,4538.75
3632,1.4660719469372174,-1.2647790556928138,1.819879979267942,-0.5580320395971707,1.455663091263332,-2.9242562076592007,4540.0
3633,1.4660719652376772,-1.2647790884773162,1.8198799434861532,-0.5580319711581747,1.455663110185675,-2.800760849476628,4541.25
3634,1.4660719820562633,-1.2647791186070965,1.8198799106017762,-0.5580319082610049,1.4556631275757872,-2.687265491294167,4542.5
3635,1.4660719857088216,-1.264779148715144,1.819879881578859,-0.5580318491502568,1.4556631317674058,-2.5837701331117406,4543.75
3636,1.4660719865561347,-1.2647791764666914,1.8198798555625486,-0.5580317953825153,1.4556631331054488,-2.4902747749292775,4545.0
3637,1.4660719873128216,-1.2647792012500076,1.8198798323288654,-0.5580317473656196,1.4556631343003787,-2.406779416747008,4546.25
3638,1.4660719811440674,-1.264779223422056,1.8198798135404597,-0.5580317063549388,1.4556631285070105,-2.333284058564635,4547.5
3639,1.4660719728391036,-1.2647792427327116,1.819879798032296,-0.558031671470822,1.4556631205218424,-2.2697887003822848,4548.75
3640,1.4660719658421038,-1.264779259002095,1.81987978496654,-0.5580316420806684,1.4556631137942726,-2.2162933421999935,4550.0
3641,1.4660719601530678,-1.2647792722302067,1.8198797743431918,-0.558031618184478,1.455663108324302,-2.17279798401745,4551.25
3642,1.466071955771996,-1.2647792824170487,1.819879766162253,-0.5580315997822509,1.4556631041119297,-2.139302625835009,4552.5
3643,1.4660719526988877,-1.2647792895626209,1.819879760423724,-0.5580315868739872,1.4556631011571566,-2.1158072676525563,4553.75
3644,1.466071992239109,-1.2647789342965843,1.8198792578725427,-0.5580314396143274,1.455663141543491,-2.102311912450069,4555.0
3645,1.4663998245657217,-1.2619266798895363,1.8159167610761988,-0.5569215096386211,1.455997149881284,-2.0966304568597813,4556.25
3646,1.4668134985964543,-1.258327580832834,1.8109167172553982,-0.5555209598402311,1.4564186157296248,-2.1005499900076736,4557.5
3647,1.4668339709505926,-1.2581494700448204,1.8106692850662365,-0.5554516601294522,1.4564394699163703,-2.112175778219742,4558.75
3648,1.466833972800434,-1.258149464009704,1.8106692916576008,-0.5554516767727675,1.4564394647267163,-2.1335801315346252,4560.0
3649,1.4668339755145117,-1.2581494551550134,1.8106693013284159,-0.5554517011917514,1.4564394571124837,-2.1649844848494957,4561.25
3650,1.4668339790928253,-1.2581494434807485,1.8106693140786814,-0.5554517333864036,1.456439447073672,-2.206388838164352,4562.5
3651,1.4668339834410462,-1.258149428888019,1.81066932952558,-0.5554517717638824,1.4564394338407594,-2.25779318766287,4563.75
3652,1.4668339884329338,-1.2581494112444798,1.810669347156788,-0.5554518141924873,1.4564394163838918,-2.3191975296472185,4565.0
3653,1.4668339934726793,-1.258149390655758,1.810669367548442,-0.5554518624074883,1.4564393983024595,-2.3906018697562526,4566.25
3654,1.4668339926782323,-1.2581493665695116,1.8106693898480768,-0.5554519077728772,1.4564393966512859,-2.472006195211657,4567.5
3655,1.466833991800243,-1.2581493395193175,1.8106694148723208,-0.5554519586616264,1.4564393949153533,-2.563410515478676,4568.75
3656,1.4668339908477035,-1.258149309501908,1.8106694426117305,-0.5554520150420665,1.4564393931702282,-2.664814828245867,4570.0
3657,1.4668339748675419,-1.258149280016401,1.8106694747645713,-0.555452076512869,1.456439376672756,-2.7762191295930125,4571.25
3658,1.4668339570052953,-1.258149247989647,1.8106695098565493,-0.5554521434982813,1.4564393582595785,-2.897623423716139,4572.5
3659,1.4668339281183336,-1.258149217296606,1.8106695469372136,-0.5554522110641656,1.456439328786736,-3.0290277114029402,4573.75
3660,1.4668338894510946,-1.2581491874196162,1.8106695861231588,-0.5554522798500597,1.4564392894962754,-3.1704319962316996,4575.0
3661,1.466833839425836,-1.2581491611964888,1.8106696252287122,-0.5554523448156059,1.4564392388843799,-3.3218362773559544,4576.25
3662,1.4668337784870802,-1.2581491383299734,1.8106696644008329,-0.5554524064083952,1.456439177391655,-3.4832405519987177,4577.5
3663,1.4668337067296098,-1.2581491249307377,1.810669697914467,-0.5554524527933518,1.456439105221314,-3.6490646887267673,4578.75
3664,1.4668336361536458,-1.2581491154524616,1.810669727425965,-0.5554524912631116,1.45643903430478,-3.8055289000366557,4580.0
3665,1.466833564846053,-1.258149118774543,1.810669745216336,-0.5554525052032173,1.4564389628813172,-3.951993111346613,4581.25
3666,1.4668334982461817,-1.2581491222440362,1.8106697614902163,-0.5554525175142129,1.4564388961797148,-4.088457322656073,4582.5
3667,1.4668334368324745,-1.2581491354587013,1.810669767158231,-0.5554525095104315,1.4564388348494117,-4.214921533965886,4583.75
3668,1.4668333802923348,-1.2581491481959959,1.8106697718437468,-0.5554525010376747,1.4564387783961668,-4.3313857452752975,4585.0
3669,1.4668333309720398,-1.2581491640780629,1.810669771482087,-0.5554524844256977,1.456438729236095,-4.4378499565847775,4586.25
3670,1.4668332881829194,-1.258149181870765,1.8106697674257308,-0.5554524622562893,1.4564386866570018,-4.534314167894183,4587.5
3671,1.4668332498295495,-1.258149197818976,1.8106697637898734,-0.55545244238508,1.4564386484918868,-4.620778379203582,4588.75
3672,1.466833218265863,-1.258149213741508,1.810669758189077,-0.5554524206248391,1.4564386171326298,-4.697242590513012,4590.0
3673,1.4668331939571115,-1.258149229997847,1.810669750151861,-0.5554523961479649,1.456438593051983,-4.763706801822263,4591.25
3674,1.46683317330578,-1.2581492438083066,1.8106697433238992,-0.5554523753538055,1.4564385725944364,-4.820171013131641,4592.5
3675,1.4668331563118677,-1.2581492551728855,1.8106697377051892,-0.5554523582423604,1.456438555759989,-4.866635224441084,4593.75
3676,1.4668331429753756,-1.2581492640915868,1.810669733295735,-0.5554523448136304,1.456438542548642,-4.903099435750541,4595.0
3677,1.466833133296303,-1.2581492705644102,1.8106697300955361,-0.5554523350676155,1.4564385329603942,-4.929563647060007,4596.25
3678,1.4668331272746498,-1.2581492745913552,1.8106697281045925,-0.5554523290043156,1.4564385269952462,-4.946027858369543,4597.5
3679,1.4668331249104165,-1.2581492761724224,1.8106697273229042,-0.5554523266237308,1.4564385246531981,-4.952492069679091,4598.75
3680,1.4668331248712105,-1.2581492761986413,1.8106697273099415,-0.5554523265842536,1.4564385246143599,-4.952599265416974,4598.933026412
