,shoulder_pan_joint,shoulder_lift_joint,elbow_joint,wrist_1_joint,wrist_2_joint,wrist_3_joint,time_from_start
0,-1.2337835470782679,-1.9459508101092737,-1.7232492605792444,-2.6000621954547327,-1.2359417120562952,1.2799879312515259,0.0
1,-1.233679955740056,-1.9456870263370332,-1.7235709275985815,-2.600035879957843,-1.2358333519642788,1.2849879312515258,1.25
2,-1.2333691817254198,-1.9448956750203115,-1.724535928656594,-2.5999569334671753,-1.2355082716882295,1.299987931251526,2.5
3,-1.2328512250343597,-1.943576756159109,-1.726144263753281,-2.5998253559827282,-1.2349664712281472,1.3249879312515258,3.75
4,-1.2321260856668756,-1.9417302697534256,-1.7283959328886427,-2.599641147504503,-1.2342079505840324,1.359987931251526,5.0
5,-1.2311937636229675,-1.9393562158032611,-1.7312909360626794,-2.5994043080324984,-1.2332327097558844,1.4049879312515254,6.25
6,-1.2300531705244293,-1.9364542471496329,-1.7348267436138118,-2.599118175156491,-1.2320455356057012,1.4599881680202749,7.5
7,-1.2286934278447663,-1.933020904864859,-1.738978044363321,-2.5988161250351,-1.230694300489764,1.5249907711208956,8.75
8,-1.2271245023609074,-1.9290593772273443,-1.7437679811906934,-2.5984676075251754,-1.2291351913731736,1.5999933742215164,10.0
9,-1.2253347729470048,-1.9245644379428826,-1.7491744834862235,-2.598093452208507,-1.2274168718618714,1.6849978646694916,11.25
10,-1.2233277126584587,-1.9195376609811448,-1.7552041184410734,-2.5976874457196577,-1.2255248285908849,1.7800034016717994,12.5
11,-1.221091541061247,-1.9139718262740169,-1.7618418869989152,-2.5972496858403833,-1.2235004562286607,1.8850109781370197,13.75
12,-1.2186315908541494,-1.907869509832874,-1.7690975907444553,-2.596771797534828,-1.2213206825181016,2.000019543061372,15.0
13,-1.2159338420554155,-1.9012213699762992,-1.7769575416392867,-2.5962431968893775,-1.2190261784027272,2.1250297377893683,16.25
14,-1.212992896784926,-1.8940225907141888,-1.7854242530100735,-2.5956405624709653,-1.2166143969563858,2.2600407396300866,17.5
15,-1.2098047621628398,-1.8862699057581085,-1.794499823413875,-2.5949474189848294,-1.2140789310802222,2.405051876704226,18.75
16,-1.2063591652390342,-1.877956444408099,-1.8041821687768544,-2.5941358458858907,-1.2114198170237471,2.5600450950476947,20.0
17,-1.2028893093727502,-1.8696566013512956,-1.8137991420595672,-2.593240246012454,-1.2088066825437265,2.7142223550089892,21.25
18,-1.1996049700803082,-1.8618675032277565,-1.8227823581270581,-2.5923161080329047,-1.2063727329688725,2.858397410958929,22.5
19,-1.19650142202693,-1.8545870034652636,-1.8311337445838314,-2.591352820940992,-1.204093002956281,2.992569143983937,23.75
20,-1.193592043466167,-1.8478253879674988,-1.8388569767690846,-2.5903837479434895,-1.2019522787542747,3.116737862863847,25.0
21,-1.1908909474023164,-1.8415922323726888,-1.8459542276148828,-2.5894410387614673,-1.1999561084943244,3.2309043472137966,26.25
22,-1.188393312876821,-1.8358851645381895,-1.8524247629488688,-2.588518058775829,-1.198092521107643,3.335067817245498,27.5
23,-1.1861088315027344,-1.8307111116432373,-1.8582694550997743,-2.587639927825683,-1.196364050505037,3.4292288273009444,28.75
24,-1.1840506720609554,-1.8260774476011759,-1.8634905816960199,-2.5868282770605866,-1.1947923475024913,3.5133882397526586,30.0
25,-1.1822165175786854,-1.8219837464160746,-1.868086910232455,-2.5860853844871343,-1.1933674354830377,3.5875457143697824,31.25
26,-1.1806141627066822,-1.818434069308907,-1.8720600674942407,-2.585421895351871,-1.1921043517718317,3.6517016565124485,32.5
27,-1.1792544024730418,-1.8154342471452871,-1.8754120559902514,-2.5848545132983602,-1.1910225386946962,3.7058576044292173,33.75
28,-1.1781388910731252,-1.812985073038579,-1.8781433074656402,-2.584384926215371,-1.190125599248816,3.7500135503116288,35.0
29,-1.1772717988799286,-1.8110885456276051,-1.8802549117620995,-2.5840173897239183,-1.1894226176059703,3.784169494543717,36.25
30,-1.1766563519770301,-1.8097462109986928,-1.8817477119578498,-2.583755195854664,-1.1889206210302774,3.8083254375286724,37.5
31,-1.1762951456812167,-1.8089593129595585,-1.882622386270281,-2.583600992972708,-1.1886252627980505,3.822481379277832,38.75
32,-1.175322178083018,-1.8068396851617228,-1.884978473835586,-2.583185601880876,-1.1878296679386489,3.827139065601479,40.0
33,-1.174436297590366,-1.8049097807518069,-1.8871236787252876,-2.5828073854930604,-1.1871052842292216,3.8223524287855293,41.25
34,-1.1744362977848875,-1.8049097850539875,-1.8871236827268478,-2.5828073770201305,-1.1871052845271577,3.808500758500755,42.5
35,-1.1744362981198404,-1.8049097924620607,-1.8871236896172727,-2.582807362430299,-1.1871052850401842,3.784649088215981,43.75
36,-1.174436298595841,-1.8049098029760595,-1.8871236993963076,-2.5828073417250463,-1.1871052857734408,3.7507974193862337,45.0
37,-1.1744362992272455,-1.8049098165967425,-1.8871237120580227,-2.5828073149388606,-1.187105286846661,3.7069457793857374,46.25
38,-1.174436300002636,-1.8049098333235083,-1.8871237276071362,-2.5828072820443086,-1.1871052881646198,3.6530941393852414,47.5
39,-1.1744363036659076,-1.8049098523226281,-1.8871237464054356,-2.582807243813212,-1.1871052923677918,3.589242500650845,48.75
40,-1.1744363146197292,-1.8049098722563572,-1.8871237690334226,-2.582807201483983,-1.1871053036929056,3.5153908648070726,50.0
41,-1.1744363270566087,-1.804909894889583,-1.887123794724325,-2.582807153427301,-1.1871053165501066,3.431539234388618,51.25
42,-1.1744363409764407,-1.8049099202225256,-1.8871238234774494,-2.582807099645906,-1.1871053309384778,3.3376876117454963,52.5
43,-1.1744363677512375,-1.8049099433003621,-1.8871238540472364,-2.5828070464690445,-1.187105358141198,3.233835999359858,53.75
44,-1.174436398975904,-1.8049099677849354,-1.8871238873553968,-2.582806989214287,-1.1871053898198984,3.1199843942146908,55.0
45,-1.174436437343134,-1.8049099913556124,-1.8871239219963134,-2.5828069316440216,-1.187105428642204,2.996132797375479,56.25
46,-1.1744364879438005,-1.8049100104667914,-1.8871239561270379,-2.582806879211913,-1.1871054796544267,2.8622812073774875,57.5
47,-1.1744365448486274,-1.8049100281130397,-1.887123990798596,-2.5828068277937337,-1.187105536961187,2.718429618711418,58.75
48,-1.174436614238543,-1.8049100371769582,-1.8871240210589,-2.5828067895307525,-1.1871056066439976,2.5646352319314842,60.0
49,-1.1744366849859693,-1.8049100412780192,-1.8871240469508386,-2.5828067606049716,-1.1871056776086233,2.412296241637292,61.25
50,-1.1744367544166903,-1.8049100370529816,-1.887124064399737,-2.5828067484047352,-1.1871057471218158,2.2699572513430732,62.5
51,-1.1744368188407803,-1.8049100293216584,-1.8871240769127642,-2.5828067445618816,-1.1871058115620614,2.13761826104885,63.75
52,-1.1744368781586405,-1.804910015143007,-1.8871240816209012,-2.5828067548765246,-1.1871058707829585,2.0152792707546263,65.0
53,-1.1744369326278556,-1.8049100021233249,-1.8871240859441873,-2.5828067643480486,-1.1871059251631366,1.9029402804604008,66.25
54,-1.1744369782170085,-1.8049099829236035,-1.8871240815504968,-2.5828067885663373,-1.1871059705462461,1.8006012901661754,67.5
55,-1.1744370190921676,-1.8049099651279772,-1.88712407705026,-2.582806811420792,-1.1871060112274603,1.7082622998719503,68.75
56,-1.174437055540686,-1.804909949259559,-1.8871240730373802,-2.5828068318001876,-1.1871060475030375,1.6259233095777221,70.0
57,-1.174437083117141,-1.8049099318325739,-1.8871240647697953,-2.582806857856018,-1.1871060748627724,1.5535843192834937,71.25
58,-1.1744371058460197,-1.8049099160027284,-1.8871240565405474,-2.5828068822086485,-1.1871060973898,1.4912453289892649,72.5
59,-1.1744371249288859,-1.8049099027122015,-1.8871240496313777,-2.582806902654796,-1.1871061163031948,1.4389063386950385,73.75
60,-1.1744371403657388,-1.8049098919609923,-1.8871240440422876,-2.582806919194459,-1.1871061316029563,1.3965673484008128,75.0
61,-1.1744371521565784,-1.8049098837490996,-1.8871240397732785,-2.582806931827637,-1.1871061432890837,1.3642283581065866,76.25
62,-1.1744371603014043,-1.8049098780765234,-1.8871240368243505,-2.58280694055433,-1.1871061513615773,1.3418893678123602,77.5
63,-1.1744794603108932,-1.8050157247714593,-1.886985848142991,-2.582839591682218,-1.1871483925382544,1.329424888864981,78.75
64,-1.1758731514621334,-1.8085036115171684,-1.8824324084739061,-2.5839153293032626,-1.1885401463919776,1.324929260619492,80.0
65,-1.1771349176538586,-1.8116613500671408,-1.878309981537787,-2.5848892406081783,-1.1898001602549027,1.3302396331634072,81.25
66,-1.1771428348241806,-1.811681178320446,-1.8782841008587965,-2.584895356643038,-1.1898080703619325,1.3435285803198798,82.5
67,-1.1771428273510798,-1.8116811850244317,-1.878284101059252,-2.5848953597550093,-1.1898080697999973,1.3667926132733343,83.75
68,-1.177142816665681,-1.8116811946101126,-1.878284101345873,-2.5848953642046557,-1.1898080689965158,1.4000566462267896,85.0
69,-1.1771428027679842,-1.811681207077489,-1.8782841017186596,-2.584895369991977,-1.189808067951488,1.4433206791802426,86.25
70,-1.1771427859796737,-1.8116812221977314,-1.8782841028487853,-2.5848953746203485,-1.189808069406917,1.496584708977204,87.5
71,-1.177142766362097,-1.811681239927201,-1.8782841048642487,-2.5848953776136443,-1.1898080738857253,1.559848735899858,88.75
72,-1.17714274074893,-1.8116812584174553,-1.8782841076730827,-2.584895374086741,-1.18980806791579,1.6331127579819134,90.0
73,-1.1771427042678124,-1.8116812742319348,-1.8782841120744584,-2.5848953522683846,-1.1898080327180591,1.716376768582148,91.25
74,-1.1771426633841233,-1.8116812919333998,-1.8782841170497564,-2.584895327630118,-1.1898079931173218,1.8096407720754526,92.5
75,-1.1771426173723902,-1.8116813102682583,-1.8782841210474088,-2.5848953032548363,-1.1898079482059443,1.9129047688296439,93.75
76,-1.1771425627891396,-1.8116813232896112,-1.8782841167152058,-2.5848952937361465,-1.1898078936554919,2.026168755744225,95.0
77,-1.1771425033855074,-1.811681337461975,-1.8782841119963662,-2.584895283392982,-1.1898078342779115,2.1494327341225246,96.25
78,-1.1771424388771736,-1.8116813441333108,-1.8782840984156295,-2.5848952893498938,-1.1898077697161427,2.2826967069315036,97.5
79,-1.1771423694302365,-1.811681348333229,-1.8782840809029002,-2.5848953016416747,-1.1898077001845817,2.425960678123859,98.75
80,-1.1771422992062326,-1.811681342970666,-1.8782840538912395,-2.5848953329536566,-1.1898076297232116,2.5792246443487894,100.0
81,-1.1771422260021618,-1.8116813333797073,-1.878284021860092,-2.584895373455966,-1.189807556208436,2.7424886041804863,101.25
82,-1.1771421634592307,-1.811681310886686,-1.8782839806497262,-2.5848954361617578,-1.189807493172284,2.9069496107356114,102.5
83,-1.1771421077821553,-1.8116812872938293,-1.8782839405077683,-2.584895498998296,-1.1898074369992986,3.0614487596808373,103.75
84,-1.1771420683979739,-1.8116812563946256,-1.8782838983541743,-2.5848955713750996,-1.18980739703808,3.20594790862605,105.0
85,-1.1771420337853773,-1.8116812267437499,-1.8782838588917707,-2.584895639887157,-1.1898073618786282,3.340447057571251,106.25
86,-1.1771420154408752,-1.8116811933400532,-1.8782838208505501,-2.584895710962909,-1.189807342962661,3.4649462065164327,107.5
87,-1.1771419985698377,-1.8116811626194107,-1.8782837858648629,-2.5848957763297244,-1.1898073255660597,3.5794453554615986,108.75
88,-1.1771419933538214,-1.8116811321518849,-1.8782837547455735,-2.584895837751681,-1.1898073198536876,3.683944504406746,110.0
89,-1.177141992390012,-1.811681103704232,-1.8782837269031223,-2.584895893946153,-1.1898073184348674,3.7784436533518844,111.25
90,-1.1771419915281935,-1.8116810782669441,-1.878283702006984,-2.5848959441940664,-1.1898073171661883,3.8629428022970087,112.5
91,-1.177141996581962,-1.8116810554884673,-1.8782836815231376,-2.5848959874667514,-1.1898073218682075,3.9374419512421226,113.75
92,-1.1771420048233026,-1.811681035533765,-1.8782836647636785,-2.5848960242469086,-1.1898073298096432,4.001941100187235,115.0
93,-1.177142011786899,-1.8116810186728574,-1.8782836506026184,-2.5848960553246405,-1.189807336519832,4.056440249132339,116.25
94,-1.1771420174727516,-1.8116810049057444,-1.8782836390399562,-2.5848960806999473,-1.189807341998775,4.100939398077441,117.5
95,-1.1771420218808597,-1.811680994232424,-1.8782836300756944,-2.584896100372829,-1.1898073462464709,4.13543854702254,118.75
96,-1.1771420250112241,-1.8116809866528958,-1.8782836237098337,-2.5848961143432856,-1.1898073492629204,4.159937695967645,120.0
97,-1.1771420268638442,-1.81168098216716,-1.8782836199423738,-2.5848961226113167,-1.1898073510481233,4.17443684491275,121.25
98,-1.1781795048127681,-1.8143093052305284,-1.8748316220494954,-2.585727326298022,-1.1908432972475704,4.18074667059317,122.5
99,-1.1796809664772212,-1.8181130815613642,-1.8698358105103616,-2.5869302585665364,-1.192342543522528,4.177465766265208,123.75
100,-1.1798098313519396,-1.8184395513215663,-1.8694070377405196,-2.5870335005054113,-1.192471222667416,4.166038500658402,125.0
101,-1.179809829808271,-1.8184395583195405,-1.869407041307464,-2.5870334968824675,-1.192471229467366,4.144975301041525,126.25
102,-1.179809827531728,-1.8184395686398849,-1.8694070465678565,-2.587033491539489,-1.1924712394956718,4.113912101424654,127.5
103,-1.1798098245223099,-1.8184395822825992,-1.8694070535216976,-2.5870334844764753,-1.1924712527523333,4.072848901807774,128.75
104,-1.1798098206327612,-1.8184395993960007,-1.8694070617186174,-2.5870334774139585,-1.1924712679676157,4.021785705893701,130.0
105,-1.1798098156057886,-1.8184396202392394,-1.8694070703717083,-2.587033473358142,-1.1924712829229738,3.960722518503358,131.25
106,-1.1798098102660004,-1.8184396442671287,-1.8694070812721342,-2.587033465777364,-1.1924712989537245,3.889659332359951,132.5
107,-1.1798098109525188,-1.818439668638904,-1.8694071047311769,-2.5870334191430135,-1.1924712989986517,3.808596161281337,133.75
108,-1.179809811711178,-1.8184396960091616,-1.8694071311133804,-2.5870333666281686,-1.1924712989446145,3.717532994667061,135.0
109,-1.1798098125307879,-1.8184397263707366,-1.869407160444821,-2.5870333081189845,-1.1924712986984143,3.6164698355693887,136.25
110,-1.1798098278500115,-1.8184397562157633,-1.8694071942035082,-2.587033244844001,-1.1924713143816474,3.505406687448205,137.5
111,-1.1798098455730113,-1.818439788497325,-1.8694072311124228,-2.5870331759355176,-1.1924713326197232,3.384343546479534,138.75
112,-1.179809873573642,-1.8184398196192175,-1.869407270082056,-2.5870331063107113,-1.1924713611628466,3.253280411841991,140.0
113,-1.1798099117843295,-1.8184398496109517,-1.8694073111187062,-2.5870330359362734,-1.1924713999394088,3.1122172801229415,141.25
114,-1.1798099606287207,-1.818439876214617,-1.8694073521750483,-2.587032969080356,-1.192471449317198,2.9611541519190228,142.5
115,-1.1798100207636228,-1.8184398989731547,-1.869407393011703,-2.587032906447632,-1.1924715099467922,2.800091030363318,143.75
116,-1.179810091281309,-1.8184399125927864,-1.8694074282034903,-2.5870328587276745,-1.192471580835401,2.634185204000901,145.0
117,-1.1798101611074479,-1.8184399217664546,-1.8694074588607366,-2.5870328199652444,-1.1924716509598015,2.477484943609143,146.25
118,-1.1798102314106234,-1.818439918410977,-1.8694074774946827,-2.5870328057268495,-1.1924717213617715,2.330784683217394,147.5
119,-1.1798102972651339,-1.8184399144522507,-1.869407494157167,-2.587032793995038,-1.1924717872957733,2.194084422825652,148.75
120,-1.1798103579721635,-1.8184399010500483,-1.869407500042453,-2.587032802380272,-1.1924718479200034,2.067384162433916,150.0
121,-1.1798104138548173,-1.8184398877327945,-1.8694075045078518,-2.587032812028659,-1.1924719037107525,1.9506839020421862,151.25
122,-1.1798104627773858,-1.818439871601918,-1.8694075040723612,-2.5870328292796687,-1.1924719524812921,1.8439836416504627,152.5
123,-1.179810505052268,-1.8184398532263593,-1.8694074993859875,-2.5870328529206312,-1.1924719945538034,1.7472833812587443,153.75
124,-1.179810542955408,-1.8184398367510641,-1.8694074951842365,-2.5870328741168276,-1.1924720322755,1.6605831208670279,155.0
125,-1.1798105744360898,-1.8184398205664003,-1.8694074892647594,-2.58703289664506,-1.192472063565459,1.583882860475313,156.25
126,-1.1798105984531968,-1.8184398038551837,-1.869407480509453,-2.5870329224227553,-1.1924720873672285,1.517182600083597,157.5
127,-1.179810618869552,-1.8184397896493874,-1.8694074730667805,-2.587032944335744,-1.1924721076005307,1.4604823396918776,158.75
128,-1.1798106356851565,-1.8184397779490133,-1.8694074669367393,-2.5870329623840265,-1.1924721242653664,1.413782079300151,160.0
129,-1.179810648900009,-1.8184397687540588,-1.8694074621193337,-2.5870329765676017,-1.1924721373617349,1.377081818908427,161.25
130,-1.17981065851411,-1.8184397620645236,-1.8694074586145635,-2.58703298688647,-1.1924721468896355,1.3503815585167025,162.5
131,-1.179810664527459,-1.818439757880408,-1.8694074564224281,-2.5870329933406317,-1.1924721528490692,1.3336812981249766,163.75
132,-1.1804806353248987,-1.8201579231713874,-1.8671374000609267,-2.587589712801515,-1.1931410753315597,1.325644512492913,165.0
133,-1.1820750881374242,-1.8242469809010982,-1.861734907194024,-2.588914639709625,-1.1947330338548898,1.3267032161826213,166.25
134,-1.182441482425789,-1.8251866286524399,-1.8604934413717138,-2.589219102526016,-1.1950988576344956,1.3363842595886621,167.5
135,-1.182441476430426,-1.8251866340211067,-1.860493441497894,-2.5892191051509847,-1.1950988570580372,1.3552086593960142,168.75
136,-1.1824414672501737,-1.825186642241746,-1.860493441691104,-2.589219109170404,-1.1950988561753493,1.384033059203365,170.0
137,-1.1824414548850324,-1.8251866533143575,-1.8604934419513444,-2.5892191145842736,-1.1950988549864319,1.4228574590107197,171.25
138,-1.1824414393795437,-1.8251866672078434,-1.8604934423699917,-2.5892191210549407,-1.1950988538749396,1.4716818583850617,172.5
139,-1.1824414212953793,-1.8251866835300588,-1.8604934440992986,-2.5892191243246487,-1.1950988576787065,1.5305062524691087,173.75
140,-1.1824414001369519,-1.8251867026270103,-1.860493446122583,-2.5892191281501984,-1.195098862129104,1.599330646553156,175.0
141,-1.1824413674220469,-1.8251867183941246,-1.8604934500043142,-2.5892191112602676,-1.1950988346030964,1.6781550266067626,176.25
142,-1.182441328981123,-1.8251867350280415,-1.8604934546794143,-2.589219088239723,-1.1950987975023726,1.7669794024364638,177.5
143,-1.1824412861821711,-1.8251867535159507,-1.860493459949128,-2.5892190623293225,-1.1950987559709831,1.865803767953222,178.75
144,-1.1824412356825795,-1.8251867680709668,-1.860493458573999,-2.5892190479203663,-1.1950987058826668,1.9746281251016442,180.0
145,-1.1824411791252307,-1.8251867815242777,-1.8604934540528517,-2.5892190381324327,-1.1950986493556597,2.0934524745960656,181.25
146,-1.1824411176937641,-1.8251867926738548,-1.860493445756961,-2.589219034362674,-1.1950985879182894,2.2222768169447575,182.5
147,-1.1824410512279377,-1.8251867966472008,-1.860493428880868,-2.5892190462868507,-1.195098521369871,2.3611011550338863,183.75
148,-1.182440981506994,-1.825186797196631,-1.8604934076509134,-2.5892190659300813,-1.1950984515049397,2.5099254911383473,185.0
149,-1.1824409111702197,-1.825186787932645,-1.8604933766628349,-2.589219105105526,-1.1950983808660545,2.668749820358982,186.25
150,-1.1824408433943072,-1.8251867714632364,-1.8604933394497998,-2.5892191577292705,-1.1950983126776475,2.835129325068034,187.5
151,-1.1824407844189369,-1.8251867491247542,-1.8604932992623986,-2.5892192193113504,-1.19509825321447,2.994064624624623,188.75
152,-1.1824407398026309,-1.8251867207863088,-1.8604932577082152,-2.58921928845776,-1.1950982080451211,3.142999924181196,190.0
153,-1.1824407023998769,-1.8251866914172745,-1.8604932174011615,-2.5892193574924725,-1.19509817008846,3.2819352237377637,191.25
154,-1.1824406784252215,-1.825186659499243,-1.8604931788009738,-2.5892194275627087,-1.195098145548142,3.4108705232943226,192.5
155,-1.1824406611148301,-1.8251866279698878,-1.8604931426600566,-2.589219494885633,-1.195098127692856,3.5298058228508746,193.75
156,-1.1824406491997177,-1.8251865981539672,-1.86049310987375,-2.589219557225925,-1.1950981152721643,3.638741122407424,195.0
157,-1.182440648201645,-1.8251865687374997,-1.8604930808848124,-2.5892196155335827,-1.1950981137987184,3.7376764219639673,196.25
158,-1.1824406473044538,-1.825186542294341,-1.8604930548259602,-2.5892196679477264,-1.1950981124742026,3.8266117215205075,197.5
159,-1.182440647910605,-1.8251865187406553,-1.860493032053277,-2.5892197142168194,-1.195098112702785,3.9055470210770467,198.75
160,-1.1824406566092487,-1.825186497682581,-1.8604930142397236,-2.5892197531590737,-1.1950981210816325,3.9744823206335878,200.0
161,-1.1824406640460359,-1.825186479679266,-1.8604929990102672,-2.589219786452226,-1.1950981282450144,4.033417620190132,201.25
162,-1.1824406702209673,-1.825186464730713,-1.8604929863649051,-2.5892198140962766,-1.1950981341929312,4.082352919746684,202.5
163,-1.1824406751340422,-1.825186452836919,-1.860492976303641,-2.5892198360912246,-1.1950981389253823,4.121288219303238,203.75
164,-1.182440678785261,-1.8251864439978835,-1.8604929688264753,-2.589219852437071,-1.195098142442368,4.150223518859787,205.0
165,-1.1824406811746235,-1.8251864382136067,-1.8604929639334078,-2.5892198631338146,-1.1950981447438882,4.169158818416331,206.25
166,-1.1827861585510389,-1.8260833365475406,-1.8593010030985628,-2.5895173984322137,-1.1954430503265179,4.178927794938718,207.5
167,-1.1843541439051428,-1.8301540310606228,-1.8538911561017986,-2.590867774201641,-1.1970084410012152,4.180117146793096,208.75
168,-1.1850351632083909,-1.831922050490211,-1.8515415094698204,-2.591454278524328,-1.1976883363172834,4.172188761684782,210.0
169,-1.1850351619924397,-1.8319220559348384,-1.851541512219722,-2.5914542758407646,-1.197688341519677,4.15563839890718,211.25
170,-1.185035160041791,-1.831922064669199,-1.8515415166311593,-2.5914542715357483,-1.1976883498654418,4.129088036129576,212.5
171,-1.1850351573564448,-1.8319220766932927,-1.8515415227041325,-2.591454265609279,-1.197688361354578,4.092537673351963,213.75
172,-1.1850351539364008,-1.8319220920071195,-1.851541530438641,-2.5914542580613564,-1.1976883759870853,4.045987310574354,215.0
173,-1.1850351493428584,-1.8319221110447097,-1.8515415385145246,-2.591454253905046,-1.197688389940698,3.9894369512393646,216.25
174,-1.1850351438524536,-1.831922133532435,-1.8515415477640613,-2.5914542499799276,-1.1976884056251134,3.922886592499328,217.5
175,-1.1850351419797376,-1.83192215739557,-1.8515415656844696,-2.5914542204571993,-1.197688412159827,3.8463362440416797,218.75
176,-1.1850351427037553,-1.8319221830945633,-1.8515415906025317,-2.5914541710837953,-1.1976884121890918,3.759785901737128,220.0
177,-1.1850351434806001,-1.8319222117419165,-1.8515416184752893,-2.591454115678079,-1.197688411962316,3.663235570591908,221.25
178,-1.1850351515665114,-1.8319222415945333,-1.8515416500079382,-2.5914540550231795,-1.1976884197018858,3.556685246101114,222.5
179,-1.1850351684207134,-1.8319222722994581,-1.8515416853492874,-2.591453989247884,-1.1976884370463998,3.4401349297463537,223.75
180,-1.185035188006605,-1.8319223050813476,-1.8515417235805203,-2.5914539185447736,-1.197688457172718,3.3135846213210556,225.0
181,-1.185035224543043,-1.831922333777931,-1.851541763091365,-2.5914538509618645,-1.197688494255907,3.1770343185206102,226.25
182,-1.1850352645594857,-1.831922364017063,-1.851541805200218,-2.5914537792953403,-1.1976885348520256,3.0304840161981343,227.5
183,-1.1850353222943433,-1.8319223859015026,-1.8515418446796517,-2.5914537188556253,-1.1976885930671317,2.8739337210233917,228.75
184,-1.1850353866459387,-1.8319224054300016,-1.8515418839248328,-2.5914536610983756,-1.1976886578753247,2.7080964755584755,230.0
185,-1.1850354576017361,-1.8319224147967295,-1.85154191529489,-2.5914536214481907,-1.197688729137822,2.546886765199103,231.25
186,-1.185035526710028,-1.8319224174005884,-1.8515419394701618,-2.5914535957091354,-1.197688798439416,2.3956770548396795,232.5
187,-1.185035593903178,-1.8319224134052912,-1.8515419565896565,-2.5914535835779358,-1.1976888657149694,2.2544673444802203,233.75
188,-1.1850356561712032,-1.8319224047836338,-1.8515419676415132,-2.5914535820541937,-1.1976889279798129,2.123257634120743,235.0
189,-1.1850357135013463,-1.8319223911599871,-1.8515419722542403,-2.5914535918837887,-1.197688985215087,2.00204792376123,236.25
190,-1.1850357658879147,-1.8319223782709895,-1.8515419760386054,-2.5914536017352705,-1.1976890375078504,1.8908382134016866,237.5
191,-1.1850358095911049,-1.8319223593047476,-1.85154197115968,-2.591453626180522,-1.197689080999965,1.7896285030420842,238.75
192,-1.1850358489762138,-1.8319223422124633,-1.8515419667628117,-2.5914536482104675,-1.1976891201948536,1.6984187926824585,240.0
193,-1.1850358840432402,-1.8319223269941354,-1.8515419628480019,-2.5914536678251063,-1.1976891550925148,1.6172090823228296,241.25
194,-1.1850359098853525,-1.8319223097957855,-1.8515419541090306,-2.5914536941005304,-1.1976891807130632,1.5459993719631964,242.5
195,-1.1850359316546324,-1.8319222946640175,-1.851541946117333,-2.591453717507012,-1.1976892022852854,1.4847896616035665,243.75
196,-1.1850359498674048,-1.8319222820043701,-1.851541939431259,-2.5914537370895125,-1.1976892203331941,1.4335799512439462,245.0
197,-1.18503596452367,-1.831922271816842,-1.8515419340508104,-2.591453752848031,-1.1976892348567891,1.3923702408843286,246.25
198,-1.1850359756234277,-1.8319222641014319,-1.8515419299759879,-2.591453764782568,-1.1976892458560706,1.36116053052471,247.5
199,-1.1850359831666775,-1.8319222588581405,-1.8515419272067921,-2.591453772893123,-1.1976892533310382,1.339950820165091,248.75
200,-1.1851443276253295,-1.8322069903041875,-1.8511613260373645,-2.5915504128760074,-1.1977974084523597,1.3284143953214171,250.0
201,-1.1865664804186762,-1.8359446116879017,-1.8461653072583777,-2.592818920605079,-1.199217076379574,1.3249303625148836,251.25
202,-1.1875949689442966,-1.8386476367656728,-1.8425522203449478,-2.5937362967743134,-1.2002437695680706,1.3310733860603092,252.5
203,-1.1875949644478272,-1.8386476407850627,-1.842552220415413,-2.5937362988315025,-1.2002437690439094,1.3453131413080759,253.75
204,-1.1875949567936708,-1.8386476476271065,-1.842552220535363,-2.5937363023333706,-1.2002437681516513,1.3695528965558468,255.0
205,-1.187594945981827,-1.8386476572918045,-1.8425522207047977,-2.593736307279919,-1.2002437668912962,1.4037926518036077,256.25
206,-1.187594932012296,-1.8386476697791563,-1.8425522209237175,-2.5937363136711475,-1.2002437652628444,1.4480324070513655,257.5
207,-1.1875949152655534,-1.8386476848279751,-1.8425522219606059,-2.5937363186864744,-1.2002437665775836,1.5022721545042586,258.75
208,-1.187594895685639,-1.8386477024766763,-1.8425522237024363,-2.593736322740744,-1.2002437703484994,1.566511897143235,260.0
209,-1.1875948693361438,-1.838647720141346,-1.8425522264758822,-2.593736317762925,-1.2002437604257183,1.6407516332500283,261.25
210,-1.1875948333301471,-1.8386477357032431,-1.8425522308708489,-2.5937362962571524,-1.2002437257315226,1.7249913593548958,262.5
211,-1.1875947930268635,-1.8386477530974186,-1.8425522358422703,-2.593736271961391,-1.200243686723547,1.8192310770001727,263.75
212,-1.1875947472717043,-1.8386477703256334,-1.842552238872196,-2.5937362498646834,-1.200243641971962,1.9234707878549355,265.0
213,-1.1875946935607862,-1.8386477830664119,-1.8425522345507515,-2.5937362406240725,-1.2002435882955764,2.0377104900072913,266.25
214,-1.187594635146861,-1.8386477969239245,-1.8425522298465526,-2.5937362305915492,-1.2002435299082033,2.1619501826161533,267.5
215,-1.1875945717140972,-1.8386478023224733,-1.8425522152456437,-2.5937362388557363,-1.2002434664110666,2.296189869912444,268.75
216,-1.1875945034976263,-1.8386478063588072,-1.8425521978029409,-2.593736251256541,-1.2002433981087846,2.44042955625131,270.0
217,-1.187594435073662,-1.83864779973207,-1.842552169825283,-2.5937362848200407,-1.200243329426553,2.594669237029421,271.25
218,-1.187594363662658,-1.838647789734468,-1.842552137600474,-2.5937363259468875,-1.2002432576962114,2.7588958383607727,272.5
219,-1.1875943037258692,-1.8386477670016077,-1.8425520964703677,-2.5937363888504477,-1.2002431972581515,2.922412375455184,273.75
220,-1.1875942512300854,-1.8386477430360724,-1.842552056464632,-2.5937364519701585,-1.2002431442574122,3.075928912549605,275.0
221,-1.1875942130635073,-1.838647713052476,-1.8425520150455355,-2.5937365227188534,-1.200243105519546,3.21944544964405,276.25
222,-1.187594181093832,-1.8386476836241101,-1.8425519761161198,-2.5937365905168424,-1.200243073001227,3.3529619867384968,277.5
223,-1.1875941633341975,-1.8386476512762078,-1.8425519387786329,-2.593736659846821,-1.2002430546767178,3.4764785238329496,278.75
224,-1.1875941470123974,-1.8386476215472243,-1.842551904464013,-2.593736723563787,-1.2002430378357756,3.589995060927418,280.0
225,-1.1875941433557382,-1.838647591772753,-1.842551874078811,-2.5937367835860847,-1.2002430336870709,3.69351159802189,281.25
226,-1.1875941424224576,-1.838647564312118,-1.8425518468202813,-2.5937368382150243,-1.2002430323053437,3.787028135116369,282.5
227,-1.1875941415889757,-1.8386475397879334,-1.8425518224765831,-2.59373688700233,-1.2002430310713685,3.8705446722108476,283.75
228,-1.1875941474322325,-1.8386475178110842,-1.8425518027293448,-2.593736928752756,-1.2002430365702157,3.9440612093053318,285.0
229,-1.1875941553484433,-1.8386474986539438,-1.842551786401448,-2.593736964302961,-1.2002430441924097,4.00757774639982,286.25
230,-1.1875941620183312,-1.838647482512892,-1.8425517726442022,-2.5937369942561666,-1.2002430506145707,4.061094283494292,287.5
231,-1.1875941674418966,-1.838647469387929,-1.8425517614576081,-2.5937370186123716,-1.2002430558366992,4.104610820588761,288.75
232,-1.1875941716191392,-1.8386474592790518,-1.8425517528416675,-2.593737037371577,-1.2002430598587943,4.138127357683233,290.0
233,-1.187594174550059,-1.8386474521862612,-1.8425517467963806,-2.5937370505337825,-1.2002430626808565,4.161643894777707,291.25
234,-1.187596719580941,-1.8386542149005103,-1.8425426464769636,-2.5937394061124626,-1.2002456029651554,4.175168377130769,292.5
235,-1.1887222887520186,-1.841648886916513,-1.8385167978902295,-2.5947785308036306,-1.2013690991952857,4.180756589821251,293.75
236,-1.1900584792583904,-1.8452039411869134,-1.8337376135658967,-2.596012097671116,-1.2027028304802985,4.1765917677271815,295.0
237,-1.1901182709550997,-1.845363028547864,-1.8335237539917646,-2.5960672961646347,-1.2027625166480618,4.164504613149933,296.25
238,-1.1901182693430286,-1.8453630356796191,-1.833523757564489,-2.5960672928143964,-1.202762523348705,4.1426091476261275,297.5
239,-1.1901182669946988,-1.8453630460685573,-1.833523762768932,-2.5960672879340514,-1.2027625331096359,4.110713682102321,298.75
240,-1.1901182639101113,-1.8453630597146793,-1.833523769605094,-2.5960672815236006,-1.202762545930855,4.068818216578522,300.0
241,-1.1901182598995728,-1.8453630768026383,-1.833523777510638,-2.5960672757053613,-1.2027625601432004,4.016922751944128,301.25
242,-1.1901182547847726,-1.8453630975060082,-1.833523785956969,-2.5960672724743055,-1.2027625741776646,3.9550272887422917,302.5
243,-1.1901182499384284,-1.8453631210572372,-1.8335237975750478,-2.596067262536281,-1.2027625877504324,3.883131828193985,303.75
244,-1.1901182506154104,-1.8453631450706753,-1.83352382103871,-2.596067216204934,-1.2027625877622403,3.8012363815163632,305.0
245,-1.190118251360739,-1.8453631720060601,-1.8335238474044213,-2.5960671640573416,-1.2027625876537398,3.709340940420658,306.25
246,-1.1901182524565788,-1.845363201789883,-1.8335238767162916,-2.5960671060559455,-1.2027625876991208,3.6074455062318416,307.5
247,-1.1901182684426619,-1.8453632309101482,-1.8335239104740828,-2.5960670434354345,-1.2027626041534205,3.4955500834903344,308.75
248,-1.1901182858587767,-1.8453632626319838,-1.8335239472513714,-2.5960669752091237,-1.2027626220901972,3.3736546680346677,310.0
249,-1.1901183146894785,-1.8453632926350403,-1.8335239859093693,-2.5960669070295403,-1.202762651463134,3.2417592586946613,311.25
250,-1.190118352197152,-1.845363322104078,-1.8335240267589121,-2.5960668373520965,-1.2027626895382957,3.099863851750997,312.5
251,-1.1901184013884682,-1.8453633473728803,-1.8335240671441517,-2.596066772503417,-1.202762739252611,2.947968448804275,313.75
252,-1.1901184603715895,-1.845363369755,-1.8335241077647493,-2.596066710445164,-1.2027627987317933,2.7860730523702673,315.0
253,-1.1901185299720238,-1.8453633819737703,-1.8335241417081787,-2.5960666653581486,-1.2027628686856027,2.6206049749336953,316.25
254,-1.1901185978279394,-1.8453633907467186,-1.8335241717061856,-2.596066627626737,-1.2027629368347208,2.4647436904016304,317.5
255,-1.1901186663925323,-1.8453633867089028,-1.8335241892997436,-2.596066615085803,-1.2027630054847263,2.3188824058695516,318.75
256,-1.190118730256458,-1.8453633829479195,-1.8335242056871075,-2.5960666034046573,-1.2027630694282083,2.1830211213374606,320.0
257,-1.1901187890681224,-1.8453633691300557,-1.8335242105718392,-2.5960666131796852,-1.2027631281439193,2.0571598368053587,321.25
258,-1.1901188432032925,-1.8453633562995462,-1.8335242149583422,-2.596066622398335,-1.2027631821889455,1.9412985522732469,322.5
259,-1.1901188902033955,-1.8453633400913754,-1.8335242137705032,-2.596066640452907,-1.202763229027949,1.8354372677411304,323.75
260,-1.1901189310941802,-1.8453633223736696,-1.8335242091724606,-2.5960666633316385,-1.2027632697194741,1.739575983209015,325.0
261,-1.190118967719346,-1.8453633065042334,-1.8335242050540679,-2.596066683823721,-1.2027633061661667,1.6537146986768916,326.25
262,-1.1901189976320163,-1.8453632905605846,-1.8335241987504685,-2.596066706474578,-1.2027633358843293,1.5778534141447633,327.5
263,-1.1901190207707428,-1.8453632744944444,-1.8335241901947403,-2.5960667313983583,-1.202763358811589,1.511992129612635,328.75
264,-1.1901190403962179,-1.8453632608676953,-1.8335241829380642,-2.5960667525378547,-1.202763378257705,1.4561308450805133,330.0
265,-1.1901190565084419,-1.8453632496803387,-1.833524176980438,-2.596066769893068,-1.202763394222678,1.4102695605483975,331.25
266,-1.1901190691074142,-1.8453632409323726,-1.8335241723218654,-2.596066783463998,-1.2027634067065074,1.3744082760162848,332.5
267,-1.1901190781931346,-1.8453632346237963,-1.833524168962346,-2.596066793250643,-1.2027634157091927,1.3485469914841715,333.75
268,-1.190119083765603,-1.8453632307546102,-1.8335241669018807,-2.5960667992530038,-1.2027634212307339,1.332685706952057,335.0
269,-1.1908678388946072,-1.8473799816942886,-1.8307976526156928,-2.5967818146840385,-1.2035107251106933,1.3252659941892206,336.25
270,-1.1923484515062857,-1.8513679897120479,-1.8254061361431506,-2.59819570976499,-1.204988468642042,1.3270891068411363,337.5
271,-1.1926090871131956,-1.8520700189619836,-1.8244570439720595,-2.5984446053260513,-1.2052486018462003,1.3373141166567966,338.75
272,-1.192609081003341,-1.852070024414298,-1.8244570440370584,-2.5984446082325414,-1.2052486010122274,1.3568299973086893,340.0
273,-1.192609071762777,-1.8520700326603954,-1.8244570441353631,-2.5984446126283256,-1.2052485997509237,1.3863458779605826,341.25
274,-1.1926090593915042,-1.8520700437002766,-1.8244570442669734,-2.5984446185134042,-1.2052485980622896,1.4258617586124693,342.5
275,-1.1926090439746817,-1.8520700574763698,-1.8244570446014343,-2.5984446252697526,-1.2052485966951414,1.4753776369262053,343.75
276,-1.192609025989329,-1.852070073666189,-1.8244570460884515,-2.5984446294355026,-1.2052485998439737,1.5348935016333871,345.0
277,-1.1926090049820337,-1.852070092576261,-1.8244570478253208,-2.5984446343011927,-1.2052486035218806,1.6044093663405732,346.25
278,-1.1926089721196398,-1.852070107599237,-1.8244570517891392,-2.5984446161711254,-1.2052485739182395,1.6839252157364353,347.5
279,-1.192608934314971,-1.8520701239064197,-1.8244570564481455,-2.5984445935346403,-1.2052485374609327,1.7734410611518183,348.75
280,-1.192608892261168,-1.8520701420174361,-1.8244570616922484,-2.598444568091716,-1.2052484967093093,1.872956896915873,350.0
281,-1.1926088423564978,-1.852070155710544,-1.8244570596473422,-2.598444555344666,-1.2052484471321803,1.9824727234868837,351.25
282,-1.1926087868430642,-1.8520701688458627,-1.8244570551469563,-2.5984445458651644,-1.2052483916499188,2.101988542514421,352.5
283,-1.1926087265472152,-1.8520701789590066,-1.8244570461384784,-2.598444543857675,-1.2052483313414442,2.231504354568207,353.75
284,-1.1926086613611244,-1.852070182781612,-1.824457029350273,-2.5984445558605977,-1.2052482660717692,2.37102016274802,355.0
285,-1.1926085933736326,-1.85207018235316,-1.8244570074718536,-2.5984445771505005,-1.2052481979254779,2.520535968546252,356.25
286,-1.1926085244328481,-1.8520701732034452,-1.824456976663641,-2.5984446160511117,-1.2052481286815122,2.6800517675808697,357.5
287,-1.1926084591045147,-1.8520701561611799,-1.8244569391855454,-2.5984446695465793,-1.205248062928271,2.846387315133225,358.75
288,-1.1926084018016372,-1.8520701344085442,-1.8244568995789066,-2.5984447299882025,-1.2052480051408392,3.0046243729628026,360.0
289,-1.1926083595018842,-1.8520701061323372,-1.8244568582513525,-2.598444798881097,-1.2052479622826395,3.1528614307923903,361.25
290,-1.192608323181437,-1.8520700775945365,-1.8244568185517154,-2.5984448664964868,-1.2052479254127153,3.29109848862199,362.5
291,-1.1926083009996025,-1.852070046137372,-1.824456780424791,-2.598444935662237,-1.2052479026648064,3.4193355464516078,363.75
292,-1.1926082842026366,-1.8520700155507792,-1.8244567448585107,-2.598445001479789,-1.2052478853280173,3.537572604281231,365.0
293,-1.1926082736196086,-1.852069986416446,-1.8244567126900852,-2.5984450625442523,-1.2052478742428154,3.645809662110854,366.25
294,-1.1926082726495977,-1.852069957929771,-1.8244566841959429,-2.598445119432493,-1.2052478728026021,3.7440467199404934,367.5
295,-1.1926082717783286,-1.8520699323428902,-1.8244566586023443,-2.5984451705298195,-1.205247871508995,3.8322837777701304,368.75
296,-1.1926082730501752,-1.8520699095359259,-1.8244566364357873,-2.598445215459895,-1.2052478724089344,3.910520835599775,370.0
297,-1.1926082814510681,-1.852069889216527,-1.8244566189803098,-2.598445253304891,-1.2052478804946098,3.9787578934294245,371.25
298,-1.1926082886208274,-1.852069871874894,-1.824456604082897,-2.598445285603781,-1.2052478873953465,4.036994951259061,372.5
299,-1.1926082945594534,-1.85206985751103,-1.8244565917435445,-2.5984453123565645,-1.205247893111144,4.085232009088688,373.75
300,-1.1926082992669458,-1.8520698461249314,-1.8244565819622571,-2.5984453335632427,-1.2052478976420027,4.123469066918315,375.0
301,-1.1926083027433045,-1.852069837716598,-1.8244565747390342,-2.598445349223814,-1.2052479009879222,4.1517061247479505,376.25
302,-1.1926083049885299,-1.8520698322860303,-1.8244565700738764,-2.59844535933828,-1.2052479031489027,4.169943182577581,377.5
303,-1.1930136922644055,-1.8531752464152018,-1.8229537842067554,-2.598845555861724,-1.2056524646531532,4.179187185621838,378.75
304,-1.194506491081177,-1.8572458464458246,-1.817419916260636,-2.6003192260973895,-1.2071422231515088,4.179750841865552,380.0
305,-1.1950647961141487,-1.8587682507180103,-1.8153502550193108,-2.6008703762366827,-1.2076993940875962,4.171368825373266,381.25
306,-1.195064794852623,-1.858768256233685,-1.8153502577624292,-2.600870373764983,-1.2076993991831229,4.154264779821735,382.5
307,-1.1950647928535372,-1.8587682649741377,-1.8153502621093314,-2.6008703698481863,-1.207699407257785,4.127160734270203,383.75
308,-1.1950647901168912,-1.8587682769393685,-1.8153502680600169,-2.600870364486293,-1.2076994183115821,4.090056688718677,385.0
309,-1.1950647866426853,-1.858768292129377,-1.8153502756144857,-2.6008703576793035,-1.2076994323445147,4.042952643167151,386.25
310,-1.195064781963362,-1.8587683109929258,-1.815350283405031,-2.6008703545569216,-1.207699445200776,3.9858486023412576,387.5
311,-1.1950647764114997,-1.8587683332108056,-1.8153502924045182,-2.6008703514703306,-1.207699459836439,3.9187445620137997,388.75
312,-1.195064774893965,-1.8587683565170843,-1.8153503108256175,-2.60087032037512,-1.2076994649873742,3.8416405329919225,390.0
313,-1.1950647756057688,-1.8587683817369292,-1.8153503356682987,-2.600870271499234,-1.2076994649847144,3.754536509244305,391.25
314,-1.1950647763688957,-1.8587684098291417,-1.815350363445525,-2.6008702166605495,-1.2076994647206165,3.657432497561169,392.5
315,-1.1950647851009366,-1.8587684389047792,-1.8153503949249807,-2.60087015674449,-1.2076994731910544,3.550328492519694,393.75
316,-1.1950648016325232,-1.858768469005331,-1.8153504300875032,-2.6008700917434533,-1.2076994902169043,3.433224495518487,395.0
317,-1.1950648217129178,-1.85876850075272,-1.8153504680100676,-2.60087002239119,-1.2076995108386055,3.306120506314314,396.25
318,-1.1950648575204452,-1.858768528885735,-1.81535050729269,-2.6008699555871115,-1.2076995471935412,3.169016522471731,397.5
319,-1.1950648975606546,-1.8587685579465834,-1.8153505488364379,-2.6008698856606793,-1.207699587806066,3.021912539388615,398.75
320,-1.195064954112151,-1.8587685794195323,-1.815350588067298,-2.600869825862885,-1.207699644838445,2.8648085633496203,400.0
321,-1.1950650176466835,-1.8587685978211599,-1.8153506264570454,-2.600869770073778,-1.2076997088186638,2.6987461195252225,401.25
322,-1.1950650866607604,-1.8587686069926974,-1.8153506574113933,-2.600869731007049,-1.2076997781381467,2.5380966896467143,402.5
323,-1.1950651541538064,-1.858768608883709,-1.8153506806514388,-2.6008697068925395,-1.2076998458129364,2.3874472597682463,403.75
324,-1.195065219474646,-1.85876860506871,-1.8153506975353,-2.6008696947921432,-1.2076999112164168,2.2467978298898625,405.0
325,-1.1950652799684633,-1.8587685961633444,-1.8153507078343536,-2.6008696942807337,-1.2076999716980192,2.1161484000115336,406.25
326,-1.1950653356634828,-1.8587685829955078,-1.8153507123800137,-2.600869703701676,-1.2077000272997078,1.995498970133274,407.5
327,-1.1950653862972531,-1.8587685701089904,-1.8153507156032695,-2.600869714088625,-1.2077000778335087,1.8848495402550818,408.75
328,-1.1950654287141678,-1.8587685517589465,-1.8153507107981346,-2.6008697378294894,-1.2077001200418733,1.7842001103769403,410.0
329,-1.195065466916761,-1.8587685352320693,-1.8153507064704084,-2.600869759211587,-1.207700158056637,1.6935506804988396,411.25
330,-1.1950655009050328,-1.8587685205283575,-1.8153507026200943,-2.600869778234917,-1.2077001918777999,1.6129012506207785,412.5
331,-1.1950655256189981,-1.858768503672282,-1.815350693696209,-2.6008698043393452,-1.2077002163684192,1.5422518207427474,413.75
332,-1.1950655466701428,-1.8587684890726746,-1.815350685854755,-2.600869827056129,-1.2077002372253256,1.4816023908647387,415.0
333,-1.1950655642503327,-1.8587684768802815,-1.8153506793062124,-2.6008698460273254,-1.2077002546433047,1.4309529609867448,416.25
334,-1.1950655783595678,-1.8587684670951012,-1.8153506740505845,-2.6008698612529333,-1.207700268622355,1.3903035311087701,417.5
335,-1.1950655889978479,-1.858768459717133,-1.8153506700878719,-2.600869872732952,-1.2077002791624767,1.359654101230791,418.75
336,-1.1950655961651726,-1.8587684547463772,-1.815350667418075,-2.60086988046738,-1.207700286263669,1.3390046713527934,420.0
337,-1.1952098327923277,-1.8591666267705884,-1.8148063782184913,-2.601016996140682,-1.2078442145075787,1.327902487669802,421.25
338,-1.1965892145247041,-1.8629745989053135,-1.8096010419443092,-2.602423909107923,-1.2092206473774259,1.3249062045868345,422.5
339,-1.1974893326787435,-1.8654595080407153,-1.8062042800090317,-2.6033419957766277,-1.2101188429194574,1.3314142118947083,423.75
340,-1.1974893281289232,-1.865459512094254,-1.8062042800358429,-2.6033419980180263,-1.2101188422098663,1.3460722820253324,425.0
341,-1.1974893204751331,-1.8654595189131902,-1.806204280080945,-2.6033420017885476,-1.210118841016179,1.370730352155957,426.25
342,-1.1974893097173736,-1.865459528497524,-1.8062042801443385,-2.603342007088192,-1.2101188393383957,1.4053884222865682,427.5
343,-1.197489295855644,-1.8654595408472547,-1.806204280226023,-2.603342013916958,-1.2101188371765168,1.4500464924171867,428.75
344,-1.1974892792907952,-1.8654595556951332,-1.8062042811134202,-2.6033420194245767,-1.2101188380914987,1.5047045512947697,430.0
345,-1.1974892599176123,-1.8654595731113064,-1.806204282599851,-2.6033420243591756,-1.2101188411486765,1.569362604413811,431.25
346,-1.1974892335829221,-1.8654595901993498,-1.8062042852798141,-2.603342019087261,-1.2101188295412226,1.6440206502631485,432.5
347,-1.1974891982645968,-1.8654596054183072,-1.8062042896447301,-2.603341998014711,-1.2101187955496193,1.7286786867775812,433.75
348,-1.1974891587516088,-1.8654596224183577,-1.8062042945849468,-2.6033419741985515,-1.2101187573458971,1.823336714148804,435.0
349,-1.1974891137260877,-1.8654596389220226,-1.806204297185034,-2.603341953373868,-1.2101187132876317,1.9279947346919024,436.25
350,-1.1974890611065083,-1.8654596513425725,-1.80620429289014,-2.603341944438754,-1.2101186607037802,2.0426527466854,437.5
351,-1.197489003896295,-1.8654596648477781,-1.8062042882164293,-2.6033419347402145,-1.2101186035214653,2.1673107493365142,438.75
352,-1.1974889417699337,-1.8654596696208512,-1.8062042732545898,-2.6033419440073264,-1.2101185413256768,2.3019687464015326,440.0
353,-1.1974888749886783,-1.8654596735072533,-1.8062042559280242,-2.6033419564596523,-1.2101184744577431,2.4466267427282036,441.25
354,-1.1974888082366848,-1.8654596664333978,-1.8062042276787953,-2.603341990763024,-1.210118407438519,2.601284733238042,442.5
355,-1.197488738861999,-1.8654596560395202,-1.806204195285301,-2.6033420324818923,-1.2101183377358082,2.7658813750362525,443.75
356,-1.19748868050534,-1.8654596338779876,-1.806204154651475,-2.603342094342122,-1.2101182788802347,2.9289729297663034,445.0
357,-1.19748863002541,-1.8654596100959535,-1.8062041149019024,-2.6033421570523525,-1.210118227892129,3.082064484496301,446.25
358,-1.1974885928769723,-1.865459580912705,-1.8062040739970855,-2.6033422265043806,-1.210118190175685,3.2251560392262606,447.5
359,-1.1974885624210647,-1.8654595519981987,-1.8062040354851123,-2.603342293395922,-1.2101181591712347,3.3582475939561283,448.75
360,-1.1974885451416668,-1.8654595205496047,-1.8062039986286993,-2.603342361356753,-1.2101181413307345,3.481339148685923,450.0
361,-1.1974885292660535,-1.8654594916559126,-1.806203964766508,-2.6033424237964216,-1.2101181249396031,3.5944307034156653,451.25
362,-1.197488526291644,-1.865459462601983,-1.8062039348404264,-2.6033424826532707,-1.2101181214759316,3.6975222581453413,452.5
363,-1.1974885253820375,-1.8654594359468493,-1.8062039079627215,-2.6033425361003992,-1.2101181201215363,3.790613812874975,453.75
364,-1.1974885245701419,-1.8654594121550427,-1.806203883972247,-2.603342583806177,-1.2101181189126318,3.8737053676045567,455.0
365,-1.1974885306499516,-1.865459390831222,-1.8062038646316467,-2.6033426245041262,-1.2101181246518742,3.946796922334117,456.25
366,-1.19748853832364,-1.8654593722836643,-1.8062038485664476,-2.6033426591818225,-1.2101181320346828,4.009888477063651,457.5
367,-1.1974885447810504,-1.8654593566758928,-1.8062038350475778,-2.60334268836311,-1.2101181382473176,4.0629800317931695,458.75
368,-1.1974885500221828,-1.865459344007907,-1.8062038240750375,-2.60334271204799,-1.2101181432897787,4.1060715865226705,460.0
369,-1.1974885540470366,-1.8654593342797048,-1.8062038156488291,-2.6033427302364602,-1.210118147162066,4.139163141252168,461.25
370,-1.1974885568556124,-1.8654593274912867,-1.8062038097689528,-2.6033427429285223,-1.2101181498641793,4.162254695981687,462.5
371,-1.1974976720323063,-1.8654847953528477,-1.8061687984423487,-2.603352349085962,-1.210127244556083,4.175378875857241,463.75
372,-1.198612125356311,-1.8685995988545945,-1.8018878514495287,-2.604526157259944,-1.2112392002757508,4.180667183518648,465.0
373,-1.1998393525956013,-1.8720296020382006,-1.7971737044707985,-2.6058187428732222,-1.2124636788308285,4.176173974456578,466.25
374,-1.1998800787323602,-1.8721434347733767,-1.7970172616616935,-2.605861637243993,-1.2125043181788928,4.163849974181442,467.5
375,-1.199880077094042,-1.8721434418548548,-1.797017265160854,-2.6058616342148815,-1.2125043246112805,4.141668814523572,468.75
376,-1.199880074717116,-1.8721434521288975,-1.7970172702375513,-2.6058616298201462,-1.2125043339436015,4.10948765486572,470.0
377,-1.199880071601582,-1.872143465595505,-1.7970172768917856,-2.6058616240597874,-1.2125043461758556,4.067306495207867,471.25
378,-1.1998800675441919,-1.8721434824473466,-1.7970172845361512,-2.6058616191229036,-1.2125043594833318,4.015125337662965,472.5
379,-1.1998800623956143,-1.8721435028259816,-1.797017292739067,-2.605861616617874,-1.2125043725253755,3.952944183123576,473.75
380,-1.1998800577186366,-1.8721435258833747,-1.7970173044359432,-2.6058616063265854,-1.21250438466283,3.880763031739512,475.0
381,-1.1998800583827636,-1.8721435493768253,-1.797017327775481,-2.6058615605839046,-1.2125043846473287,3.798581893803708,476.25
382,-1.199880059113556,-1.8721435757177183,-1.797017353995324,-2.6058615091047197,-1.2125043845071608,3.706400761913584,477.5
383,-1.199880060598503,-1.8721436047368332,-1.7970173831783276,-2.605861451901405,-1.2125043849828094,3.604219637026914,478.75
384,-1.1998800762481419,-1.8721436332135162,-1.7970174167125508,-2.605861390139717,-1.2125044011027066,3.4920385232539686,480.0
385,-1.1998800932942075,-1.8721436642277796,-1.7970174532386345,-2.6058613228632623,-1.2125044186719989,3.3698574170973847,481.25
386,-1.1998801219541337,-1.8721436933724926,-1.7970174915732096,-2.6058612558623704,-1.2125044478736313,3.237676317028855,482.5
387,-1.1998801586479713,-1.8721437221919945,-1.7970175321294575,-2.605861187113576,-1.2125044851345688,3.0954952192223173,483.75
388,-1.1998802071909516,-1.8721437466185593,-1.7970175720590749,-2.6058611235513442,-1.212504534196225,2.943314125591426,485.0
389,-1.1998802648733689,-1.872143768524644,-1.7970176123747876,-2.6058610622543723,-1.212504592374534,2.7811447012714963,486.25
390,-1.1998803314685977,-1.872143779890382,-1.797017644971222,-2.6058610193223832,-1.2125046593096596,2.6196466335092534,487.5
391,-1.1998803957784572,-1.8721437884534071,-1.797017674032275,-2.6058609826866297,-1.2125047239074491,2.468148565747037,488.75
392,-1.1998804606750648,-1.8721437847775575,-1.7970176910206452,-2.6058609703383664,-1.212504788888898,2.326650497984821,490.0
393,-1.1998805210199945,-1.8721437812776247,-1.797017706735441,-2.605860959019911,-1.2125048493113504,2.19515243022264,491.25
394,-1.199880576477558,-1.8721437693132903,-1.7970177124148357,-2.605860966105161,-1.2125049046940504,2.073654362460483,492.5
395,-1.1998806273358786,-1.8721437573163437,-1.797017716596633,-2.6058609746514954,-1.2125049554665988,1.9621562946983602,493.75
396,-1.1998806722344717,-1.8721437438513013,-1.7970177174095991,-2.6058609879413552,-1.2125050002414692,1.8606582269362395,495.0
397,-1.1998807103356852,-1.8721437273942036,-1.7970177130603986,-2.605861009275367,-1.2125050381536688,1.769160159174128,496.25
398,-1.199880744272745,-1.8721437127357374,-1.7970177091865258,-2.6058610282777455,-1.2125050719223727,1.687662091412011,497.5
399,-1.1998807740456503,-1.8721436998758993,-1.797017705787985,-2.6058610449484885,-1.2125051015475796,1.6161640236499124,498.75
400,-1.1998807955704325,-1.8721436856070972,-1.7970176983509676,-2.605861066939081,-1.2125051228825456,1.554665955887801,500.0
401,-1.1998808132321583,-1.8721436733734085,-1.7970176917220724,-2.6058610860339164,-1.212505140379741,1.503167888125673,501.25
402,-1.1998808274642943,-1.8721436635152826,-1.7970176863803897,-2.6058611014208783,-1.2125051544792955,1.461669820363534,502.5
403,-1.1998808382668402,-1.8721436560327207,-1.7970176823259174,-2.6058611130999663,-1.212505165181209,1.4301717526014048,503.75
404,-1.1998808456397965,-1.872143650925721,-1.797017679558658,-2.6058611210711797,-1.2125051724854814,1.4086736848392711,505.0
405,-1.1998808495831623,-1.8721436481942837,-1.7970176780786122,-2.6058611253345187,-1.2125051763921122,1.3971756170771403,506.25
406,-1.1994175515177612,-1.870864769822025,-1.7988361664322248,-2.605318379643857,-1.2120433170894627,1.3947998617604997,507.5
407,-1.1992428336388699,-1.8703824910250362,-1.7995219414318646,-2.6051137008935847,-1.2118691418092524,1.4013455491806,508.75
408,-1.1991072708059007,-1.870008306309778,-1.8000540175828101,-2.6049548918998626,-1.2117340000000942,1.4176380796589372,510.0
409,-1.1988885024615779,-1.8694044551742197,-1.8009126704749512,-2.6046986094081253,-1.2115159110948182,1.443930610137265,511.25
410,-1.198586528605902,-1.868570937618362,-1.8020979001082886,-2.6043448534183744,-1.211214875093425,1.4802231406155981,512.5
411,-1.1981980361250668,-1.8675072633415906,-1.8036055017015635,-2.603898286572638,-1.2108275598113596,1.5265157613987093,513.75
412,-1.19772413929894,-1.8662135977368477,-1.8054368884434933,-2.603357341198986,-1.2103550859407681,1.5828084194357057,515.0
413,-1.1971660579907415,-1.8646901214161329,-1.807593608329352,-2.6027203006341466,-1.2097986803662804,1.6491010774727088,516.25
414,-1.1965194823791776,-1.8629361179130637,-1.8100703691413107,-2.601993129618333,-1.2091540111535404,1.725393864462307,517.5
415,-1.1957872837252734,-1.8609520649423326,-1.8128706958412932,-2.6011718547504907,-1.2084239642943395,1.8116866761903383,518.75
416,-1.1949649001010902,-1.8587371504925838,-1.8159891019498626,-2.6002627286538003,-1.207603953098237,1.9079796358971959,520.0
417,-1.194054652819035,-1.856291771683638,-1.8194284146164115,-2.5992625504299567,-1.2066963114734908,2.014272662483033,521.25
418,-1.1930521583564677,-1.8536150981163095,-1.823183473366458,-2.59817726671546,-1.205696632739211,2.13056586594817,522.5
419,-1.1919571144414196,-1.8507070088857858,-1.8272540636285477,-2.5970072096585968,-1.2046046134659971,2.256859236827559,523.75
420,-1.1907686136827715,-1.8475672836894919,-1.831639224913733,-2.595753550673116,-1.2034193417934445,2.39315277973429,525.0
421,-1.1894845052819532,-1.8441954278655268,-1.8363366193864035,-2.5944191001478,-1.2021386561443697,2.5394465289177677,526.25
422,-1.1881025880302591,-1.8405908951805305,-1.8413439438253936,-2.593006684723459,-1.2007603445491388,2.6957405147095486,527.5
423,-1.1866585334611786,-1.8368506890561132,-1.8465241228014213,-2.5915566188146792,-1.1993199730654465,2.8578082730499506,528.75
424,-1.1852825773762485,-1.83331063029415,-1.8514129606158563,-2.590198189138037,-1.1979474504401884,3.0111004660473832,530.0
425,-1.183986336431081,-1.829999051066164,-1.8559722850157425,-2.588941318886797,-1.19665436962471,3.154392880448886,531.25
426,-1.1827720618153812,-1.8269164263562572,-1.8602046393550693,-2.5877830126420216,-1.195442993382797,3.287685470047977,532.5
427,-1.1816423734810744,-1.8240633742548082,-1.8641128366507531,-2.586719866301042,-1.1943159546910507,3.4109781873734764,533.75
428,-1.1805994868097678,-1.8214404532045707,-1.86769917461366,-2.585749046736292,-1.193275479698696,3.5242709984766094,535.0
429,-1.179641888385735,-1.8190472203032,-1.8709622227903093,-2.5848724112340085,-1.1923200480565324,3.6275639342896064,536.25
430,-1.1787736249304006,-1.8168847417332976,-1.8739060740925373,-2.584084843006356,-1.1914537258389042,3.7208569263244327,537.5
431,-1.1779950515723496,-1.814953116234838,-1.8765310758654616,-2.5833858997122934,-1.1906768698361883,3.8041499781518233,538.75
432,-1.1773074261820868,-1.813252673881879,-1.8788385035253476,-2.5827739890000236,-1.1899907439443027,3.8774430692216657,540.0
433,-1.176710886295595,-1.811783453914586,-1.8808284892773885,-2.582248940881013,-1.1893954863354508,3.9407362062062083,541.25
434,-1.1762085967362181,-1.8105463633751089,-1.8825040672046878,-2.581806847746385,-1.1888942764602413,3.994029343190773,542.5
435,-1.17579863985145,-1.8095408375693174,-1.8838634334524578,-2.581450057742921,-1.1884851879084586,4.03732250866964,543.75
436,-1.1754822339472688,-1.8087672350637458,-1.8849077344042997,-2.5811770788824937,-1.1881694445505406,4.070615693832048,545.0
437,-1.1752608642802749,-1.8082259931754585,-1.8856383672745964,-2.580986092435557,-1.1879485384262418,4.0939088789944575,546.25
438,-1.1751345308504682,-1.8079171119044566,-1.8860553320633486,-2.580877098402112,-1.1878224695355626,4.107202064156874,547.5
439,-1.174703452979209,-1.8068652390870137,-1.8874740161903247,-2.5805071756212565,-1.1873922892037199,4.111011213552635,548.75
440,-1.1744319904602056,-1.8062032238727934,-1.8883666621426312,-2.580274584666102,-1.1871213909629994,4.105882161643084,550.0
441,-1.1744316471960474,-1.8062031270574825,-1.8883663474121781,-2.5802749921148926,-1.1871210466041013,4.0912215665331395,551.25
442,-1.1744310697912175,-1.8062029642043949,-1.8883658180039093,-2.580275677484728,-1.1871204673578093,4.0665609714232085,552.5
443,-1.1744302582277657,-1.806202735334975,-1.888365073856435,-2.580276641005407,-1.1871196530651595,4.031900381231367,553.75
444,-1.1744292124129982,-1.8062024405597796,-1.8883641146530568,-2.5802778838621396,-1.1871186029062577,3.98723981614128,555.0
445,-1.1744279324286082,-1.8062020797811211,-1.8883629406733144,-2.580279405008395,-1.1871173176050331,3.9325792510512176,556.25
446,-1.1744270606759997,-1.8062018423508,-1.8883621488959748,-2.580280425103041,-1.1871164422471894,3.8679186937004912,557.5
447,-1.174427061401175,-1.8062018651082066,-1.8883621707413374,-2.5802803809374617,-1.1871164430185994,3.793258147578002,558.75
448,-1.1744270622178774,-1.806201890910474,-1.8883621955246854,-2.5802803308032463,-1.1871164438471409,3.708597604522175,560.0
449,-1.174427063125243,-1.8062019197570993,-1.8883622232478736,-2.5802802746922056,-1.1871164447256919,3.6139370644738835,561.25
450,-1.1744270780581572,-1.8062019482828031,-1.8883622551440944,-2.5802802145724018,-1.1871164601040307,3.509276535618108,562.5
451,-1.174427095055698,-1.8062019793796584,-1.8883622901455857,-2.5802801487933733,-1.1871164776141194,3.3946160124062543,563.75
452,-1.1744271203637136,-1.806202010209027,-1.888362327454664,-2.5802800811052706,-1.1871165034548894,3.269955496512844,565.0
453,-1.1744271572948535,-1.806202039325456,-1.8883623667091562,-2.5802800133678936,-1.1871165409247122,3.135294987504577,566.25
454,-1.1744272019399498,-1.8062020671300005,-1.8883624070909806,-2.580279945926572,-1.1871165861041142,2.9906344811263152,567.5
455,-1.1744272604059485,-1.8062020893549913,-1.8883624464041517,-2.5802798853238174,-1.1871166450453354,2.835973977995497,568.75
456,-1.1744273282651996,-1.80620210609989,-1.8883624833765826,-2.5802798326661707,-1.1871167133135394,2.6721069604228536,570.0
457,-1.1744274000144888,-1.8062021155683599,-1.8883625145906162,-2.5802797930804258,-1.1871167853654438,2.513080218244387,571.25
458,-1.1744274710320637,-1.8062021152504018,-1.8883625362182053,-2.5802797728285523,-1.1871168565298758,2.364053476065978,572.5
459,-1.174427538845856,-1.806202111156736,-1.8883625532450168,-2.580279760894567,-1.1871169244241844,2.2250267338875895,573.75
460,-1.174427601531605,-1.8062020999324095,-1.8883625618678817,-2.5802797643982753,-1.187116987067133,2.095999991709231,575.0
461,-1.1744276592424354,-1.8062020861199537,-1.888362566478901,-2.580279774420368,-1.1871170446837458,1.9769732495308907,576.25
462,-1.1744277109149346,-1.8062020712914162,-1.8883625682532976,-2.580279788202233,-1.1871170962331052,1.8679465073525732,577.5
463,-1.174427754749764,-1.8062020521551414,-1.8883625634870238,-2.5802798127033024,-1.1871171398601614,1.768919765174266,578.75
464,-1.1744277941580301,-1.806202034951306,-1.888362559202056,-2.5802798347301863,-1.1871171790816357,1.6798930229959763,580.0
465,-1.1744278283845526,-1.8062020190845256,-1.8883625545957194,-2.5802798556679765,-1.1871172131313523,1.6008662808176883,581.25
466,-1.1744278535513863,-1.8062020014974451,-1.8883625455461448,-2.580279882629314,-1.1871172380749022,1.5318395386394035,582.5
467,-1.1744278750722656,-1.8062019864582297,-1.8883625378075946,-2.580279905684725,-1.1871172594048458,1.4728127964611142,583.75
468,-1.1744278929471919,-1.8062019739668818,-1.8883625313800652,-2.58027992483421,-1.187117277121183,1.423786054282791,585.0
469,-1.1744279071761639,-1.8062019640233982,-1.8883625262635606,-2.5802799400777685,-1.1871172912239136,1.3847593121044572,586.25
470,-1.1744279177591812,-1.8062019566277787,-1.8883625224580818,-2.5802799514154007,-1.1871173017130372,1.3557325699261475,587.5
471,-1.1744279246962446,-1.8062019517800234,-1.8883625199636276,-2.580279958847106,-1.1871173085885538,1.336705827747826,588.75
472,-1.1747849127486878,-1.807094268867352,-1.8871957532520438,-2.580557010809131,-1.1874737975115566,1.3268677543824923,590.0
473,-1.1764225290259327,-1.8111876586421782,-1.8818433814792852,-2.581827930769655,-1.1891091244541683,1.325638496638209,591.25
474,-1.1771336891402773,-1.8129652855509335,-1.879519022693034,-2.582379850190551,-1.1898192926360303,1.3335559990295545,592.5
475,-1.1771336838130058,-1.812965290338091,-1.8795190228185856,-2.5823798524241353,-1.1898192922010769,1.3501276692477935,593.75
476,-1.1771336752710484,-1.8129652980140087,-1.8795190230199,-2.5823798560055518,-1.189819291503655,1.3766993394660365,595.0
477,-1.1771336635144052,-1.8129653085786863,-1.8795190232969776,-2.582379860934802,-1.1898192905437652,1.413271009684291,596.25
478,-1.177133648543076,-1.812965322032124,-1.879519023649818,-2.582379867211885,-1.1898192893214072,1.4598426799025426,597.5
479,-1.1771336309005416,-1.8129653379921349,-1.8795190252035474,-2.5823798706501293,-1.1898192924689017,1.516414345958716,598.75
480,-1.177133610242786,-1.8129653567006385,-1.879519027245976,-2.5823798738996424,-1.1898192970540522,1.582986011304806,600.0
481,-1.1771335802135254,-1.8129653737779423,-1.8795190306522458,-2.582379862400883,-1.1898192782209314,1.659557666406181,601.25
482,-1.1771335422842195,-1.8129653902666474,-1.8795190351742248,-2.58237983973047,-1.189819241628465,1.7461293154221686,602.5
483,-1.1771334999401848,-1.812965408640472,-1.8795190402906128,-2.5823798141238803,-1.1898192005316357,1.8427009533583898,603.75
484,-1.177133450901328,-1.8129654249213498,-1.8795190410770948,-2.5823797954850236,-1.1898191521872241,1.949272584652237,605.0
485,-1.1771333947248128,-1.8129654383404712,-1.8795190365878336,-2.5823797857050104,-1.1898190960422446,2.0658442078243118,606.25
486,-1.1771333336978964,-1.8129654519912546,-1.879519030815469,-2.5823797769158614,-1.1898190350325217,2.1924158231009008,607.5
487,-1.1771332674962367,-1.8129654559627921,-1.8795190141368376,-2.5823797886499698,-1.1898189687498177,2.3289874328011617,608.75
488,-1.1771331967470702,-1.8129654594962534,-1.8795189956302278,-2.5823798025814977,-1.1898188979034694,2.475559041961445,610.0
489,-1.1771331265450602,-1.8129654502046106,-1.8795189649868713,-2.5823798414431964,-1.1898188274037194,2.6321306439588184,611.25
490,-1.177133055459541,-1.8129654365945593,-1.8795189299260007,-2.5823798890153005,-1.1898187559501556,2.797978557213703,612.5
491,-1.1771329949035103,-1.8129654135507915,-1.8795188890710361,-2.5823799519453132,-1.1898186948991873,2.9591698796834547,613.75
492,-1.1771329455134993,-1.8129653867613735,-1.8795188480773946,-2.582380018915493,-1.1898186449788946,3.110361202153182,615.0
493,-1.1771329070317296,-1.8129653564063593,-1.879518807038084,-2.5823800896494475,-1.189818605933798,3.251552524622876,616.25
494,-1.177132878616171,-1.8129653249992623,-1.8795187681045493,-2.5823801594768208,-1.189818576959861,3.382743847092539,617.5
495,-1.1771328607595293,-1.812965292325163,-1.8795187312230401,-2.5823802286730198,-1.1898185585474432,3.5039351695621765,618.75
496,-1.1771328451183707,-1.8129652621698156,-1.8795186974442615,-2.582380292287954,-1.1898185423951528,3.615126492031798,620.0
497,-1.1771328440864468,-1.8129652315714815,-1.8795186677617997,-2.582380352466154,-1.1898185408764468,3.7163178145014095,621.25
498,-1.1771328431565005,-1.8129652039969613,-1.8795186410126354,-2.5823804066973817,-1.1898185395078236,3.807509136970987,622.5
499,-1.1771328423285317,-1.8129651794462527,-1.8795186171967706,-2.5823804549816365,-1.1898185382892825,3.8887004594405794,623.75
500,-1.177132850512161,-1.8129651573849066,-1.8795185985587792,-2.582380495740136,-1.18981854614111,3.9598917819101658,625.0
501,-1.1771328583307743,-1.8129651383753822,-1.8795185827364411,-2.582380530634414,-1.189818553675467,4.0210831043797395,626.25
502,-1.1771328648716552,-1.8129651224724324,-1.879518569499817,-2.5823805598262037,-1.1898185599785458,4.072274426849358,627.5
503,-1.1771328701348038,-1.8129651096760546,-1.8795185588489085,-2.582380583315506,-1.1898185650503457,4.113465749318991,628.75
504,-1.17713287412022,-1.8129650999862483,-1.8795185507837164,-2.5823806011023196,-1.189818568890867,4.144657071788607,630.0
505,-1.1771328768279041,-1.812965093403013,-1.8795185453042411,-2.582380613186645,-1.1898185715001093,4.16584839425822,631.25
506,-1.1772489346105908,-1.8132587495667385,-1.8791322505444148,-2.5824740919122426,-1.1899344569643844,4.177369990744699,632.5
507,-1.1787368480862161,-1.8170236464045322,-1.8741797522604302,-2.583672464227339,-1.1914201619309333,4.18077685416336,633.75
508,-1.179800770867683,-1.8197157160039952,-1.870638499920047,-2.5845293506339697,-1.1924825079564592,4.174560983984904,635.0
509,-1.1798007698117958,-1.8197157207947385,-1.8706385023303165,-2.5845293481850375,-1.1924825125683705,4.160194435422449,636.25
510,-1.1798007680209461,-1.8197157289201331,-1.870638506418282,-2.5845293440314974,-1.1924825203904554,4.135827886859991,637.5
511,-1.1798007654951341,-1.8197157403801794,-1.8706385121839428,-2.5845293381733496,-1.1924825314227134,4.101461338297528,638.75
512,-1.1798007622343598,-1.819715755174877,-1.8706385196272997,-2.5845293306105943,-1.192482545665145,4.057094789735055,640.0
513,-1.1798007579179952,-1.8197157736232914,-1.8706385277755575,-2.584529325061724,-1.1924825603533356,4.002728248355803,641.25
514,-1.1798007526036869,-1.8197157956680572,-1.8706385368036196,-2.584529320858177,-1.19248257598431,3.9383617111362113,642.5
515,-1.1798007493124407,-1.8197158198697165,-1.8706385518613762,-2.5845293000383425,-1.1924825864598376,3.8639951805553157,643.75
516,-1.1798007500264343,-1.819715845345981,-1.870638576168451,-2.5845292514946925,-1.1924825865029067,3.77962865965487,645.0
517,-1.179800750801041,-1.8197158738265502,-1.870638603413013,-2.584529196950945,-1.192482586351086,3.6852621471815192,646.25
518,-1.179800755628625,-1.8197159043452489,-1.8706386339923262,-2.584529136801473,-1.1924825905001077,3.5808956414140463,647.5
519,-1.1798007723697108,-1.81971593498962,-1.8706386687167005,-2.584529071705957,-1.1924826077187942,3.466529144242292,648.75
520,-1.1798007905764636,-1.8197159683122517,-1.870638706480915,-2.584529000905274,-1.1924826264589585,3.34216265656693,650.0
521,-1.1798008247228478,-1.81971599801322,-1.8706387456767213,-2.584528932588822,-1.1924826611488168,3.2077961741227914,651.25
522,-1.1798008638274997,-1.819716028872628,-1.8706387875214734,-2.5845288605540087,-1.1924827008322025,3.0634296926440516,652.5
523,-1.1798009189050962,-1.8197160526091758,-1.8706388274619956,-2.584528797765689,-1.1924827564069824,2.9090632168620507,653.75
524,-1.1798009808535468,-1.819716075301371,-1.8706388685281277,-2.5845287349959087,-1.1924828188502223,2.7447202570624447,655.0
525,-1.1798010536622583,-1.8197160849640883,-1.8706389004172348,-2.5845286945576382,-1.192482891969694,2.581323523922524,656.25
526,-1.1798011234376427,-1.8197160905768541,-1.8706389274657593,-2.5845286629531863,-1.192482961984834,2.427926790782619,657.5
527,-1.179801192516866,-1.8197160864576558,-1.8706389449275698,-2.584528650629485,-1.1924830311474033,2.284530057642744,658.75
528,-1.179801256690518,-1.8197160800120065,-1.8706389586275707,-2.584528644314277,-1.1924830953567942,2.1511333245028923,660.0
529,-1.1798013157787755,-1.8197160659125589,-1.8706389633803722,-2.58452865450254,-1.1924831543479955,2.027736591363067,661.25
530,-1.1798013700785575,-1.8197160529557288,-1.8706389677480013,-2.5845286638651537,-1.1924832085585868,1.9143398582232716,662.5
531,-1.1798014160408519,-1.8197160346465955,-1.870638964375726,-2.5845286861804437,-1.1924832543285195,1.8109431250834946,663.75
532,-1.1798014568708295,-1.819716016850827,-1.8706389599057336,-2.584528709004972,-1.192483294963243,1.7175463919437193,665.0
533,-1.1798014933291372,-1.8197160009604565,-1.8706389559143395,-2.5845287293856756,-1.1924833312472027,1.6341496588039461,666.25
534,-1.1798015215811253,-1.8197159839493455,-1.870638948298236,-2.5845287543862314,-1.192483359289313,1.5607529256641897,667.5
535,-1.1798015444083538,-1.819715968012579,-1.8706389400338657,-2.584528778882821,-1.1924833819120713,1.4973561925244225,668.75
536,-1.1798015636348882,-1.8197159545896289,-1.870638933073089,-2.584528799515396,-1.1924834009663876,1.4439594593846368,670.0
537,-1.1798015792607282,-1.819715943680495,-1.8706389274159068,-2.5845288162839575,-1.1924834164522622,1.4005627262448321,671.25
538,-1.1798015912858728,-1.8197159352851757,-1.8706389230623208,-2.5845288291885042,-1.1924834283696943,1.3671659931050375,672.5
539,-1.1798015997103226,-1.819715929403671,-1.870638920012331,-2.5845288382290357,-1.1924834367186838,1.3437692599652455,673.75
540,-1.1798066526165814,-1.8197288564654965,-1.8706218079658146,-2.584533059566309,-1.1924884816436052,1.3303568759294335,675.0
541,-1.1810112373836545,-1.8228143425286567,-1.866538911661064,-2.5855391294480397,-1.1936911721917975,1.3248980287243437,676.25
542,-1.182382609566513,-1.8263270586113063,-1.8618906840478948,-2.586684501516662,-1.1950603891419587,1.3292232892370692,677.5
543,-1.1824325066755672,-1.826454881459212,-1.861721546169924,-2.5867261805834034,-1.1951102112932581,1.3415001518219576,678.75
544,-1.1824324996242064,-1.8264548877840578,-1.861721546295535,-2.586726183690045,-1.1951102105693605,1.363623729012717,680.0
545,-1.1824324893855844,-1.8264548969677743,-1.8617215464779224,-2.5867261882009087,-1.195110209518256,1.3957473062034589,681.25
546,-1.1824324759597014,-1.826454909010362,-1.8617215467170871,-2.5867261941159945,-1.195110208139945,1.4378708833942193,682.5
547,-1.1824324595940205,-1.8264549237410195,-1.8617215475166984,-2.58672619957356,-1.1951102085657808,1.4899944578279614,683.75
548,-1.1824324404820827,-1.8264549410261623,-1.861721549270678,-2.586726203117528,-1.1951102124627024,1.552118028222503,685.0
549,-1.1824324165707305,-1.8264549598480675,-1.8617215516327952,-2.586726202885544,-1.1951102103753137,1.6242415956060252,686.25
550,-1.1824323810352717,-1.826454975272851,-1.861721555893542,-2.5867261816614606,-1.1951101761151364,1.7063651495481953,687.5
551,-1.1824323411564301,-1.8264549925657925,-1.8617215607101476,-2.5867261576911504,-1.1951101375464972,1.7984886976809036,688.75
552,-1.1824322967349423,-1.8264550113866769,-1.8617215656784256,-2.5867261317499746,-1.195110094381895,1.9006122389701352,690.0
553,-1.1824322433685683,-1.826455024096941,-1.8617215613859979,-2.586726122519044,-1.1951100410488404,2.0127357690814063,691.25
554,-1.1824321852414863,-1.8264550379419546,-1.8617215567072103,-2.586726112478301,-1.1951099829495377,2.134859291712095,692.5
555,-1.1824321221158478,-1.826455045670551,-1.8617215445521962,-2.586726115969608,-1.1951099197828219,2.2669828083365706,693.75
556,-1.1824320540717201,-1.826455049705475,-1.8617215272919536,-2.5867261281938623,-1.1951098516543712,2.409106322689357,695.0
557,-1.1824319846148783,-1.8264550458204731,-1.8617215019405409,-2.586726156384084,-1.1951097819845262,2.561229832865011,696.25
558,-1.1824319128184018,-1.8264550362686456,-1.8617214703866163,-2.586726196391425,-1.195109709879914,2.723353336537667,697.5
559,-1.1824318493536268,-1.8264550153188799,-1.8617214304101843,-2.58672625631149,-1.195109645942559,2.888680851570025,698.75
560,-1.1824317921997425,-1.8264549928884302,-1.8617213909653525,-2.586726317270666,-1.1951095883060399,3.0443167983401414,700.0
561,-1.18243175299396,-1.826454961937672,-1.861721348868629,-2.5867263896459947,-1.1951095485201513,3.1899527451102423,701.25
562,-1.1824317166686729,-1.8264549330300648,-1.8617213096417389,-2.586726457157073,-1.1951095116536856,3.325588691880312,702.5
563,-1.1824316983835148,-1.826454899563587,-1.8617212716193001,-2.5867265282790246,-1.1951094927934562,3.4512246386503604,703.75
564,-1.1824316815537654,-1.8264548687608826,-1.861721236623252,-2.5867265937400203,-1.1951094754344087,3.5668605854203914,705.0
565,-1.1824316746902457,-1.826454838594055,-1.8617212053405368,-2.586726655002347,-1.195109468073341,3.6724965321903973,706.25
566,-1.182431673725594,-1.8264548100322426,-1.8617211774428655,-2.5867267113671715,-1.1951094666495932,3.76813247896038,707.5
567,-1.1824316728618094,-1.8264547844569488,-1.861721152462259,-2.58672676183831,-1.195109465374717,3.853768425730369,708.75
568,-1.1824316767511405,-1.826454761592327,-1.8617211315787723,-2.586726805580218,-1.1951094689066195,3.929404372500346,710.0
569,-1.182431685033384,-1.8264547414597336,-1.861721114701039,-2.5867268426575896,-1.1951094768846584,3.9950403192703234,711.25
570,-1.1824316920537818,-1.8264547243944533,-1.8617211003947212,-2.5867268740860174,-1.1951094836471994,4.05067626604031,712.5
571,-1.1824316978123341,-1.8264547103964872,-1.8617210886598168,-2.5867268998655026,-1.1951094891942418,4.096312212810339,713.75
572,-1.182431702309041,-1.8264546994658326,-1.8617210794963295,-2.586726919996045,-1.1951094935257858,4.131948159580359,715.0
573,-1.1824317055439018,-1.8264546916024895,-1.861721072904259,-2.586726934477645,-1.1951094966418312,4.157584106350369,716.25
574,-1.182431707516917,-1.8264546868064577,-1.8617210688836052,-2.586726943310302,-1.195109498542378,4.173220053120383,717.5
575,-1.1832507813279325,-1.8285785423503316,-1.8588941762459066,-2.5874358283648644,-1.195927210493687,4.180433405598921,718.75
576,-1.184785026363344,-1.832556844009056,-1.853598990347238,-2.5887636675298755,-1.197458905594757,4.178328176076282,720.0
577,-1.1850262750322047,-1.83318240777839,-1.8527663606656897,-2.5889724593973575,-1.1976997571982508,4.167847618078212,721.25
578,-1.1850262735700197,-1.833182414330902,-1.852766363932052,-2.5889724562096643,-1.197699763400018,4.1480021245635275,722.5
579,-1.1850262713710507,-1.833182424185177,-1.8527663688443101,-2.5889724514157164,-1.1976997727268102,4.118156631048846,723.75
580,-1.1850262684352972,-1.8331824373412156,-1.8527663754024646,-2.5889724450155125,-1.1976997851786275,4.078311137534154,725.0
581,-1.1850262646760363,-1.8331824538837769,-1.8527663833476835,-2.588972437992484,-1.1976998000001116,4.028465644555393,726.25
582,-1.1850262597245558,-1.833182474173224,-1.8527663915795238,-2.5889724345277565,-1.1976998139797992,3.9686201539813295,727.5
583,-1.1850262539456984,-1.8331824978529765,-1.8527664011868796,-2.588972430484084,-1.19769983029545,3.8987746634072757,728.75
584,-1.1850262542910373,-1.8331825218089541,-1.8527664235452868,-2.5889723867416867,-1.1976998311440483,3.8189291885366803,730.0
585,-1.1850262550340729,-1.833182548597393,-1.8527664493169071,-2.588972335395067,-1.197699831103061,3.7290837174464433,731.25
586,-1.1850262558344058,-1.8331825783501878,-1.8527664780197701,-2.588972278061286,-1.197699830843747,3.62923825542676,732.5
587,-1.185026269041221,-1.8331826080804294,-1.8527665109075333,-2.588972215875052,-1.197699844219701,3.5193928029699464,733.75
588,-1.1850262863721053,-1.8331826398051376,-1.852766547101656,-2.5889721482314014,-1.1976998620590877,3.39954735794913,735.0
589,-1.1850263118303541,-1.8331826712732093,-1.852766585571458,-2.5889720787125268,-1.1976998880588554,3.2697019197188895,736.25
590,-1.185026349247668,-1.8331827008196364,-1.8527666258874071,-2.588972009489831,-1.1976999260357353,3.1298564851329167,737.5
591,-1.1850263952549445,-1.833182728354064,-1.8527666669296652,-2.5889719416763572,-1.1976999725880275,2.9800110532130004,738.75
592,-1.1850264542038513,-1.83318275084144,-1.8527667071116538,-2.5889718799502237,-1.1977000320268605,2.820165628060442,740.0
593,-1.1850265225890488,-1.8331827661206987,-1.8527667432454205,-2.5889718296011575,-1.1977001008065289,2.6538789303640913,741.25
594,-1.1850265920931233,-1.833182775388075,-1.8527667738982085,-2.5889717907448224,-1.1977001706107937,2.4959645172957585,742.5
595,-1.1850266614500398,-1.8331827737289514,-1.8527667939096073,-2.5889717734236863,-1.197700240091836,2.3480501042274695,743.75
596,-1.185026727073973,-1.8331827698584886,-1.8527668106129753,-2.588971761560001,-1.1977003057962101,2.2101356911591825,745.0
597,-1.1850267876556664,-1.8331827578702216,-1.852766817872652,-2.588971767159858,-1.1977003663168093,2.082221278090919,746.25
598,-1.1850268434262263,-1.833182744600022,-1.852766822389471,-2.5889717767090783,-1.197700421995194,1.9643068650226785,747.5
599,-1.1850268928346588,-1.8331827294675307,-1.8527668231171779,-2.588971791809494,-1.1977004712676629,1.856392451954455,748.75
600,-1.1850269351142164,-1.8331827110693886,-1.8527668184559172,-2.588971815448954,-1.1977005133432284,1.7584780388862609,750.0
601,-1.185026973075764,-1.8331826945502532,-1.8527668142707039,-2.5889718366741175,-1.1977005511216179,1.6705636258180594,751.25
602,-1.1850270053645375,-1.8331826788403283,-1.852766809101848,-2.5889718579912557,-1.1977005832279135,1.5926492127498744,752.5
603,-1.1850270295179794,-1.8331826619950493,-1.852766800296053,-2.5889718839560265,-1.197700607162927,1.5247347996816956,753.75
604,-1.1850270501149684,-1.8331826476301394,-1.8527667927868594,-2.588971906097637,-1.19770062757365,1.4668203866135057,755.0
605,-1.185027067155505,-1.8331826357456005,-1.8527667865742643,-2.5889719244160876,-1.1977006444600828,1.4189059735452898,756.25
606,-1.1850270806395886,-1.8331826263414301,-1.8527667816582718,-2.588971938911378,-1.1977006578222251,1.3809915604770695,757.5
607,-1.1850270905672189,-1.833182619417628,-1.8527667780388817,-2.5889719495835077,-1.1977006676600765,1.3530771474088592,758.75
608,-1.185027096938396,-1.8331826149741939,-1.8527667757160942,-2.588971956432476,-1.1977006739736369,1.3351627343406447,760.0
609,-1.1855006293086228,-1.834425618618786,-1.8511027386445633,-2.5893963478324005,-1.1981733753510153,1.3261737727608263,761.25
610,-1.1870626818673513,-1.8385259792063802,-1.8456135067649968,-2.5907962965958147,-1.199732687088459,1.3259793675743636,762.5
611,-1.1875861654553714,-1.8399001242169937,-1.8437739156953483,-2.591265458604596,-1.2002552544547715,1.3346664899616882,763.75
612,-1.1875861599155169,-1.839900129177197,-1.8437739157643744,-2.5912654611537387,-1.2002552537726041,1.3521974429587214,765.0
613,-1.1875861512156205,-1.8399001369667976,-1.8437739158727746,-2.5912654651569627,-1.200255252701315,1.3797283959557445,766.25
614,-1.1875861393556821,-1.8399001475857955,-1.8437739160205482,-2.5912654706142675,-1.2002552512409042,1.4172593489527787,767.5
615,-1.187586124335702,-1.8399001610341905,-1.8437739162076958,-2.5912654775256536,-1.2002552493913716,1.4647903019498096,768.75
616,-1.1875861067570852,-1.8399001769038401,-1.8437739176392567,-2.5912654814669054,-1.2002552523864922,1.522321242243918,770.0
617,-1.1875860861593697,-1.839900195507236,-1.843773919392601,-2.5912654858253914,-1.2002552562190647,1.589852181833017,771.25
618,-1.1875860555382225,-1.8399002117247494,-1.8437739228632242,-2.5912654726184883,-1.2002552339243373,1.667383109445416,772.5
619,-1.1875860181258429,-1.8399002279391836,-1.8437739273767844,-2.591265450282493,-1.2002551978728777,1.7549140322503365,773.75
620,-1.1875859764060461,-1.8399002459842964,-1.843773932485433,-2.591265425050463,-1.2002551574213496,1.8524449430537067,775.0
621,-1.1875859276971106,-1.839900261187836,-1.8437739323319304,-2.5912654086124456,-1.2002551092983629,1.9599758469950928,776.25
622,-1.1875858724393396,-1.8399002743128847,-1.8437739278553569,-2.5912653991238033,-1.2002550540727976,2.077506742994087,777.5
623,-1.187585812414208,-1.8399002865896719,-1.8437739210576496,-2.5912653927451434,-1.2002549940559233,2.205037631366861,778.75
624,-1.1875857473716973,-1.8399002904070159,-1.843773904443061,-2.5912654045839028,-1.200254928931236,2.3425685146688524,780.0
625,-1.187585678411888,-1.8399002925290393,-1.8437738849540732,-2.5912654209292145,-1.2002548598539209,2.4900993969010075,781.25
626,-1.1875856094992185,-1.8399002833223048,-1.8437738544548983,-2.591265459579919,-1.2002547906419698,2.6476302721220666,782.5
627,-1.1875855411224956,-1.8399002686386317,-1.843773818792645,-2.5912655088634313,-1.2002547218785415,2.8138268133806568,783.75
628,-1.1875854823933176,-1.8399002462219487,-1.8437737786193344,-2.5912655705137095,-1.2002546626586035,2.9740519888281476,785.0
629,-1.187585435968353,-1.839900219182705,-1.8437737377926218,-2.5912656376110035,-1.2002546156950125,3.124277164275628,786.25
630,-1.1875853986778815,-1.8399001897303413,-1.843773697472221,-2.591265706744915,-1.2002545778468492,3.2645023397230393,787.5
631,-1.187585372684874,-1.8399001586224268,-1.8437736590714957,-2.591265775778931,-1.2002545512940563,3.3947275151704472,788.75
632,-1.1875853553989353,-1.8399001269852815,-1.8437736228770474,-2.5912658432645417,-1.2002545334587928,3.5149526906178257,790.0
633,-1.1875853416335458,-1.839900097484725,-1.8437735898624266,-2.591265905492265,-1.2002545191863165,3.6251778660651945,791.25
634,-1.1875853406334618,-1.839900067923999,-1.8437735607790124,-2.5912659640395352,-1.2002545177060577,3.725403041512539,792.5
635,-1.1875853397331617,-1.8399000413127093,-1.8437735345974005,-2.591266016745232,-1.2002545163734921,3.8156282169598725,793.75
636,-1.1875853390190017,-1.839900017645784,-1.8437735113396525,-2.5912660635936415,-1.2002545152750832,3.8958533924072025,795.0
637,-1.1875853477712592,-1.8398999963786187,-1.843773493376251,-2.5912661028960517,-1.2002545237025741,3.96607856785454,796.25
638,-1.187585355277204,-1.8398999781398782,-1.8437734779708213,-2.5912661366018357,-1.2002545309299983,4.026303743301883,797.5
639,-1.187585361536835,-1.8398999629295645,-1.8437734651233606,-2.5912661647109925,-1.2002545369573556,4.076528918749248,798.75
640,-1.1875853665501528,-1.8398999507476754,-1.8437734548338716,-2.591266187223523,-1.200254541784646,4.116754094196613,800.0
641,-1.187585370317157,-1.8398999415942106,-1.843773447102355,-2.5912662041394263,-1.2002545454118694,4.146979269643991,801.25
642,-1.1875853728378478,-1.8398999354691696,-1.8437734419288108,-2.5912662154587025,-1.2002545478390259,4.167204445091343,802.5
643,-1.1877763502250094,-1.840407429915852,-1.8430901627265943,-2.591443345389273,-1.2004451720446558,4.177973990911831,803.75
644,-1.1892434976062853,-1.8443062101142143,-1.8378409852480064,-2.5928040768111384,-1.2019096066419124,4.1804906532119634,805.0
645,-1.1901095540718776,-1.8466076629486587,-1.8347423970437409,-2.593607314682016,-1.20277406429201,4.173600642585747,806.25
646,-1.1901095529508634,-1.8466076679118977,-1.8347423994975713,-2.593607312381616,-1.2027740689103146,4.1584177922855075,807.5
647,-1.1901095510915067,-1.8466076761441133,-1.8347424035675877,-2.5936073085660865,-1.2027740765704094,4.13323494198527,808.75
648,-1.1901095484938076,-1.8466076876453061,-1.8347424092537894,-2.5936073032354265,-1.2027740872722945,4.098052091685001,810.0
649,-1.1901095451577661,-1.8466077024154757,-1.8347424165561774,-2.5936072963896364,-1.2027741010159703,4.05286924138475,811.25
650,-1.190109540719161,-1.8466077208049798,-1.83474242440366,-2.5936072920734157,-1.2027741145968047,3.997686393492558,812.5
651,-1.1901095353173037,-1.8466077426798095,-1.834742433205921,-2.593607288739702,-1.2027741292405425,3.9325035465750626,813.75
652,-1.1901095325373918,-1.846607766354475,-1.8347424490452904,-2.59360726540766,-1.2027741376283603,3.8573207077453207,815.0
653,-1.1901095332410718,-1.846607791440416,-1.8347424733417639,-2.5936072172113307,-1.2027741376371528,3.772137877355565,816.25
654,-1.1901095340023988,-1.8466078194533813,-1.8347425005554296,-2.5936071630779023,-1.2027741374347567,3.6769550565717233,817.5
655,-1.1901095399386374,-1.8466078491653053,-1.8347425311903427,-2.5936071035488184,-1.2027741428123218,3.5717722425260026,818.75
656,-1.190109556394131,-1.8466078792846783,-1.8347425657982317,-2.5936070390857604,-1.2027741597507533,3.456589436913773,820.0
657,-1.1901095742799452,-1.846607912017897,-1.834742603413881,-2.5936069690146017,-1.2027741781744419,3.3314066400777196,821.25
658,-1.1901096091110657,-1.8466079406334257,-1.83474264228888,-2.593606902117341,-1.2027742135477937,3.1962238490611936,822.5
659,-1.1901096474868909,-1.846607970945778,-1.8347426839305252,-2.5936068308194193,-1.2027742525038527,3.051041058428494,823.75
660,-1.1901097027577463,-1.8466079934173267,-1.8347427232066174,-2.5936067699601058,-1.2027743082616467,2.8958582740024257,825.0
661,-1.1901097644216607,-1.8466080145991746,-1.8347427632263014,-2.593606709739052,-1.2027743704052538,2.730845671944521,826.25
662,-1.190109835109165,-1.8466080240595257,-1.8347427946227048,-2.59360666996531,-1.2027744414016788,2.5682719259074753,827.5
663,-1.1901099032638565,-1.8466080285282158,-1.834742820348653,-2.5936066408020695,-1.202774509778589,2.4156981798703243,828.75
664,-1.190109970281897,-1.8466080246134982,-1.834742837528133,-2.593606628528634,-1.202774576880074,2.2731244338330012,830.0
665,-1.19011003248341,-1.8466080175501258,-1.834742850121965,-2.593606623908814,-1.2027746391032763,2.1405506877955593,831.25
666,-1.1901100897539456,-1.8466080039589405,-1.8347428547929976,-2.593606633647906,-1.2027746962785617,2.0179769417579823,832.5
667,-1.1901101423521503,-1.8466079914765774,-1.8347428590829447,-2.5936066425924498,-1.2027747487892881,1.905403195720276,833.75
668,-1.1901101864886388,-1.8466079731684366,-1.8347428550293947,-2.5936066655637062,-1.202774792725021,1.802829449682498,835.0
669,-1.1901102259764502,-1.846607956012405,-1.8347428506444694,-2.59360668764789,-1.2027748320206038,1.7102557036445876,836.25
670,-1.1901102611987109,-1.8466079407096039,-1.8347428467332094,-2.5936067073464972,-1.2027748670714005,1.6276819576066264,837.5
671,-1.1901102879966756,-1.8466079239750917,-1.8347428387829925,-2.5936067323858665,-1.2027748936561395,1.5551082115685935,838.75
672,-1.1901103099800798,-1.8466079086601528,-1.8347428307107188,-2.5936067560596356,-1.2027749154388285,1.4925344655305175,840.0
673,-1.190110328450285,-1.846607895792718,-1.8347428239284846,-2.593606775950067,-1.2027749337403952,1.4399607194924102,841.25
674,-1.1901103434072913,-1.8466078853727854,-1.834742818436291,-2.5936067920571597,-1.2027749485608394,1.3973869734542759,842.5
675,-1.1901103548510978,-1.8466078774003551,-1.83474281423414,-2.593606804380913,-1.2027749599001607,1.3648132274161446,843.75
676,-1.190110362781705,-1.8466078718754269,-1.8347428113220312,-2.593606812921327,-1.202774967758359,1.3422394813780514,845.0
677,-1.190136636759508,-1.8466785403855555,-1.834647123724063,-2.5936320158660258,-1.202801190588527,1.3295775532515897,846.25
678,-1.1913758808949875,-1.8500124115621885,-1.8301332200588236,-2.594820718930722,-1.2040380237791126,1.3247715010340848,847.5
679,-1.192582691511231,-1.8532590397843933,-1.8257374432820699,-2.595978313301582,-1.205242487903655,1.3297695064740842,848.75
680,-1.192600451961612,-1.8533068342824008,-1.8256727367334458,-2.595995355202656,-1.2052602172461455,1.3426300881784017,850.0
681,-1.1926004448184044,-1.8533068406671471,-1.8256727367866368,-2.595995358618805,-1.205260216223821,1.3654296480803472,851.25
682,-1.1926004345421504,-1.8533068498522751,-1.825672736863158,-2.5959953635332935,-1.2052602147531002,1.3982292079823182,852.5
683,-1.19260042113285,-1.8533068618377844,-1.825672736963009,-2.5959953699461216,-1.2052602128339829,1.4410287678842932,853.75
684,-1.192600404876701,-1.8533068764323997,-1.8256727376513795,-2.5959953757964827,-1.2052602129829089,1.4938283199085771,855.0
685,-1.1926003858854435,-1.8533068935614416,-1.8256727391489382,-2.5959953802797684,-1.20526021618238,1.5566278632292012,856.25
686,-1.1926003615849599,-1.853306911701182,-1.8256727414072644,-2.5959953793123423,-1.2052602111660842,1.629427402377486,857.5
687,-1.1926003266239231,-1.8533069268310163,-1.825672745649491,-2.5959953584578086,-1.2052601775011174,1.712226929110352,858.75
688,-1.1926002874231518,-1.8533069437761223,-1.8256727504477093,-2.595995334896977,-1.2052601396217537,1.805026449076716,860.0
689,-1.1926002434856573,-1.8533069616767228,-1.8256727547334224,-2.595995310724617,-1.2052600968812939,1.907825962121941,861.25
690,-1.1926001910934554,-1.8533069740890251,-1.825672750460268,-2.595995301782134,-1.2052600445240413,2.020625464777393,862.5
691,-1.1926001340553345,-1.8533069876029287,-1.8256727458045616,-2.5959952920609157,-1.2052599875144976,2.14342495924135,863.75
692,-1.1926000721128416,-1.8533069943720522,-1.8256727329789455,-2.595995297197121,-1.2052599255235472,2.27622444785698,865.0
693,-1.1926000053937154,-1.853306998252778,-1.825672715813311,-2.595995309497428,-1.205259858719097,2.4190239346310047,866.25
694,-1.1925999376701566,-1.8533069934977704,-1.8256726898632845,-2.5959953391772395,-1.205259790768068,2.5718234168255303,867.5
695,-1.1925998673115104,-1.8533069840671663,-1.8256726584998706,-2.595995378892721,-1.2052597201002524,2.7346228926347833,868.75
696,-1.1925998063492798,-1.8533069627223215,-1.825672618405009,-2.5959954393618676,-1.2052596586547357,2.899460152235877,870.0
697,-1.1925997518325406,-1.8533069401755418,-1.8256725791572126,-2.595995500279039,-1.205259603649265,3.0544133779833462,871.25
698,-1.1925997137483044,-1.85330691009227,-1.8256725376829195,-2.5959955711844858,-1.205259564989366,3.1993666037309394,872.5
699,-1.1925996795419505,-1.8533068815415046,-1.825672498930465,-2.595995637897803,-1.2052595302409477,3.334319829478723,873.75
700,-1.1925996617913412,-1.853306849062962,-1.8256724614980548,-2.5959957074543487,-1.2052595119203666,3.459273055226621,875.0
701,-1.1925996454613126,-1.8533068191836826,-1.8256724270613507,-2.5959957714442883,-1.205259495065981,3.5742262809746133,876.25
702,-1.192599639754922,-1.8533067897223787,-1.8256723963736903,-2.595995831427318,-1.2052594888654944,3.679179506722753,877.5
703,-1.1925996388174804,-1.8533067620667119,-1.8256723689558283,-2.5959958864112087,-1.205259487473985,3.7741327324709504,878.75
704,-1.1925996379787653,-1.8533067373236063,-1.8256723444254739,-2.5959959356044706,-1.2052594862290227,3.859085958219265,880.0
705,-1.1925996424095135,-1.8533067151923337,-1.8256723241129125,-2.5959959780540958,-1.205259490307832,3.9340391839676285,881.25
706,-1.1925996504060694,-1.8533066957719766,-1.8256723075798427,-2.595996014074083,-1.2052594980046196,3.998992409716038,882.5
707,-1.1925996571714998,-1.8533066793415192,-1.8256722935921526,-2.5959960445485435,-1.2052595045164336,4.05394563546448,883.75
708,-1.1925996627058053,-1.8533066659009623,-1.8256722821498415,-2.5959960694774766,-1.2052595098432737,4.098898861212955,885.0
709,-1.1925996670089856,-1.8533066554503037,-1.8256722732529118,-2.5959960888608826,-1.2052595139851399,4.1338520869614355,886.25
710,-1.1925996700810402,-1.8533066479895433,-1.8256722669013639,-2.5959961026987615,-1.2052595169420321,4.158805312709891,887.5
711,-1.1925996719219698,-1.8533066435186811,-1.8256722630951974,-2.5959961109911136,-1.2052595187139505,4.173758538458343,888.75
712,-1.1934687441292813,-1.8556736059679266,-1.8224496787864641,-2.5968577732669598,-1.20612681446024,4.180482868197955,890.0
713,-1.194885470778547,-1.8595321415530015,-1.8171963486153626,-2.598262415703111,-1.2075406463369098,4.177767342011606,891.25
714,-1.1950562456891518,-1.8599972622868455,-1.8165631010347327,-2.5984317332113953,-1.2077110762045744,4.1668683178143855,892.5
715,-1.1950562441814585,-1.8599972688838629,-1.8165631042724468,-2.598431730295782,-1.20771108223929,4.14648418178052,893.75
716,-1.1950562419341246,-1.8599972787172283,-1.8165631090985104,-2.5984317259498337,-1.207711091234502,4.116100045746621,895.0
717,-1.19505623894715,-1.8599972917869425,-1.816563115512924,-2.598431720173551,-1.2077111031902101,4.075715909712725,896.25
718,-1.1950562351070857,-1.8599973082006156,-1.8165631231864858,-2.5984317142023254,-1.2077111170981194,4.025331775114242,897.5
719,-1.1950562300970213,-1.8599973282588473,-1.8165631311995996,-2.598431711487118,-1.2077111301416443,3.9649476452494112,898.75
720,-1.1950562243088048,-1.859997351615443,-1.8165631406252687,-2.5984317080302937,-1.2077111452230465,3.894563515549048,900.0
721,-1.1950562249652557,-1.8599973749904009,-1.8165631634484134,-2.598431662921913,-1.2077111452174027,3.8141794022658937,901.25
722,-1.1950562256942812,-1.8599974012663705,-1.8165631891356597,-2.598431612095964,-1.2077111451329796,3.7237952927570537,902.5
723,-1.1950562264820828,-1.8599974304328835,-1.8165632177247182,-2.5984315553915827,-1.2077111448512485,3.623411191818309,903.75
724,-1.1950562402134979,-1.8599974593899553,-1.8165632505348581,-2.598431493987845,-1.207711158838757,3.513027101089082,905.0
725,-1.1950562572083019,-1.8599974904809642,-1.8165632865347794,-2.5984314271630744,-1.207711176345999,3.392643017721767,906.25
726,-1.1950562830152214,-1.8599975209485995,-1.8165633246877706,-2.5984313589672547,-1.20771120269443,3.2622589410263054,907.5
727,-1.1950563196786381,-1.8599975499073937,-1.8165633647607042,-2.5984312905618046,-1.207711239917965,3.121874867661537,908.75
728,-1.195056365556685,-1.8599975763344228,-1.8165634052453106,-2.5984312244084116,-1.207711286333871,2.9714907972564353,910.0
729,-1.1950564232877596,-1.8599975983937194,-1.8165634451656278,-2.598431163353364,-1.207711344555437,2.811106733517547,911.25
730,-1.1950564905983723,-1.8599976126364872,-1.816563480409394,-2.5984311149135353,-1.207711412249294,2.644957339979928,912.5
731,-1.1950565582020378,-1.85999762170947,-1.8165635106551328,-2.5984310766318135,-1.2077114801518882,2.4875881435039324,913.75
732,-1.1950566259299362,-1.85999761947475,-1.8165635298059328,-2.5984310607238843,-1.207711547993178,2.3402189470278376,915.0
733,-1.195056689726246,-1.8599976157791103,-1.8165635462787935,-2.5984310488919715,-1.2077116118701585,2.2028497505516054,916.25
734,-1.1950567485819188,-1.8599976036164725,-1.8165635528571094,-2.598431055324622,-1.2077116706564155,2.0754805540751833,917.5
735,-1.1950568027617943,-1.859997590790302,-1.816563557308026,-2.598431064476382,-1.2077117247456077,1.958111357598683,918.75
736,-1.195056850509252,-1.8599975757345977,-1.8165635575358188,-2.598431079978421,-1.2077117723514876,1.8507421611220294,920.0
737,-1.1950568915431263,-1.859997557935036,-1.8165635529454256,-2.5984311029345153,-1.207711813183814,1.753372964645317,921.25
738,-1.1950569283627464,-1.8599975419635275,-1.816563548826468,-2.5984311235329773,-1.2077118498225856,1.666003768168499,922.5
739,-1.1950569593554417,-1.8599975265462823,-1.8165635434163319,-2.598431144782601,-1.2077118806306257,1.5886345716916117,923.75
740,-1.1950569827386492,-1.859997510275322,-1.8165635347667037,-2.5984311700091642,-1.207711903798284,1.5212653752146812,925.0
741,-1.195057002650952,-1.8599974964195545,-1.81656352740099,-2.5984311914912026,-1.2077119235270326,1.4638961787376956,926.25
742,-1.1950570190923502,-1.8599974849789822,-1.8165635213191873,-2.5984312092287167,-1.2077119398168723,1.4165269822607065,927.5
743,-1.1950570320628437,-1.8599974759536027,-1.8165635165212994,-2.5984312232217066,-1.2077119526678024,1.379157785783692,928.75
744,-1.1950570415624318,-1.8599974693434151,-1.816563513007327,-2.598431233470171,-1.2077119620798225,1.3517885893066872,930.0
745,-1.195057047591115,-1.8599974651484201,-1.8165635107772693,-2.5984312399741105,-1.2077119680529327,1.334419392829714,931.25
746,-1.1955700759053713,-1.8614120459497054,-1.8146270029353002,-2.598956709406193,-1.2082238959671254,1.3258285108394023,932.5
747,-1.1970446086823017,-1.8654778275200736,-1.809061112440219,-2.6004670003390693,-1.2096952664241905,1.3261080396660114,933.75
748,-1.1974808641225798,-1.8666807402828962,-1.8074143769535471,-2.600913839247798,-1.2101305884941966,1.3351256626962327,935.0
749,-1.1974808585515517,-1.866680745254135,-1.8074143769686912,-2.6009138420058378,-1.2101305875881407,1.3530603376958679,936.25
750,-1.1974808498742346,-1.8666807529972331,-1.8074143769922795,-2.600913846301703,-1.2101305861768872,1.3809950126955355,937.5
751,-1.1974808380906286,-1.8666807635121896,-1.8074143770243118,-2.6009138521353936,-1.2101305842604355,1.4189296876952073,938.75
752,-1.1974808232007337,-1.8666807767990055,-1.8074143770647884,-2.6009138595069095,-1.2101305818387862,1.4668643626948763,940.0
753,-1.1974808058226842,-1.8666807924502686,-1.807414378318,-2.6009138640558946,-1.2101305844028736,1.524799020304485,941.25
754,-1.1974807854530893,-1.8666808107977637,-1.8074143798032085,-2.600913869333293,-1.2101305874810449,1.5927336777248173,942.5
755,-1.1974807550017177,-1.8666808264244668,-1.8074143832623502,-2.600913855683558,-1.210130564040449,1.6706683224342522,943.75
756,-1.1974807183155272,-1.8666808422748689,-1.807414387746366,-2.6009138337928226,-1.2101305287208608,1.758602962486672,945.0
757,-1.197480677427739,-1.8666808599061526,-1.8074143928184794,-2.600913809079278,-1.210130489128718,1.8565375908324975,946.25
758,-1.1974806295249003,-1.8666808744303354,-1.807414392271876,-2.6009137938096254,-1.2101304417683147,1.9644722118320797,947.5
759,-1.1974805754020728,-1.8666808872225946,-1.8074143878240339,-2.6009137846372656,-1.2101303876787755,2.0824068249488112,948.75
760,-1.1974805166108813,-1.8666808987404344,-1.8074143806338208,-2.6009137794237702,-1.2101303288924927,2.2103414305175164,950.0
761,-1.197480452934529,-1.8666809024159274,-1.8074143641301148,-2.600913791310332,-1.2101302651331518,2.348276031185989,951.25
762,-1.1974803856496046,-1.8666809039121803,-1.8074143443307413,-2.6009138086117685,-1.210130197721864,2.4962106304844487,952.5
763,-1.197480318208137,-1.86668089485141,-1.8074143140455488,-2.6009138469225936,-1.2101301299805498,2.6541452228583964,953.75
764,-1.1974802518881713,-1.8666808799358905,-1.8074142783266285,-2.6009138965228664,-1.2101300632664598,2.8204315402402593,955.0
765,-1.1974801947050973,-1.8666808580832024,-1.80741423863855,-2.6009139571476574,-1.2101300055949145,2.9802463479436527,956.25
766,-1.1974801501110652,-1.866680831331616,-1.8074141980881513,-2.600914023709129,-1.2101299604595157,3.1300611556471845,957.5
767,-1.197480113814093,-1.866680802665805,-1.8074141582690089,-2.6009140915727564,-1.2101299236080345,3.26987596335083,958.75
768,-1.1974800891498611,-1.866680772133484,-1.8074141202831522,-2.600914159638915,-1.210129898384368,3.3996907710549626,960.0
769,-1.1974800723308938,-1.866680741376268,-1.8074140845558662,-2.6009142257883706,-1.210129881019727,3.5195055787592104,961.25
770,-1.1974800595042312,-1.866680712574038,-1.8074140520238933,-2.6009142868526336,-1.210129867688587,3.6293203864634833,962.5
771,-1.1974800585290877,-1.8666806838684271,-1.8074140233352778,-2.6009143441548037,-1.2101298662369673,3.729135194167778,963.75
772,-1.1974800576516398,-1.866680658038708,-1.8074139975208414,-2.6009143957161247,-1.2101298649307788,3.818950001872074,965.0
773,-1.1974800573533426,-1.8666806350570893,-1.807413974705368,-2.6009144414467453,-1.210129864252091,3.8987648095764227,966.25
774,-1.1974800658447162,-1.8666806144496957,-1.8074139570167884,-2.600914479814387,-1.210129872421886,3.9685796172807533,967.5
775,-1.1974800731198187,-1.8666805967940245,-1.8074139418618518,-2.6009145126863973,-1.2101298794214717,4.028394424985066,968.75
776,-1.1974800791786502,-1.8666805820900787,-1.8074139292405556,-2.600914540062777,-1.210129885250848,4.0782092326893356,970.0
777,-1.1974800840212105,-1.8666805703378548,-1.8074139191529022,-2.6009145619435254,-1.2101298899100148,4.118024040393586,971.25
778,-1.1974800876474996,-1.8666805615373532,-1.8074139115988923,-2.600914578328643,-1.210129893398972,4.147838848097863,972.5
779,-1.1974800900575173,-1.866680555688573,-1.8074139065785262,-2.60091458921813,-1.2101298957177198,4.1676536558021375,973.75
780,-1.1976963070676627,-1.8672841359461634,-1.8065831440682787,-2.601143254706938,-1.210345626634675,4.178112270663709,975.0
781,-1.1990998593103368,-1.8712022616885227,-1.8011903138906777,-2.6026275875510048,-1.211746023874717,4.180288153282927,976.25
782,-1.1998716940561216,-1.8733569032287227,-1.7982247132847906,-2.603443843788405,-1.2125161261443118,4.173152513123471,977.5
783,-1.19987169291144,-1.873356908180194,-1.7982247156990703,-2.6034438417004115,-1.2125161305969712,4.157698121879651,978.75
784,-1.1998716910260743,-1.8733569163355908,-1.798224719675546,-2.6034438382613514,-1.2125161379307923,4.132243730635828,980.0
785,-1.1998716884000244,-1.8733569276949122,-1.798224725214218,-2.6034438334712227,-1.2125161481457742,4.0967893393920285,981.25
786,-1.1998716850332913,-1.8733569422581595,-1.7982247323150868,-2.6034438273300267,-1.2125161612419177,4.0513349481482255,982.5
787,-1.1998716805494467,-1.873356960378001,-1.7982247398990079,-2.6034438238616566,-1.2125161738400083,3.9958805613696926,983.75
788,-1.1998716751145841,-1.8733569818988263,-1.7982247484421388,-2.603443821290625,-1.2125161874310777,3.9304261761583024,985.0
789,-1.199871672502856,-1.8733570050360557,-1.798224764393642,-2.603443797581171,-1.212516194763019,3.8549717995375374,986.25
790,-1.1998716731929797,-1.8733570295706699,-1.7982247885532228,-2.603443750014971,-1.2125161947436163,3.7695174309301422,987.5
791,-1.1998716739398767,-1.8733570569571563,-1.7982248156088092,-2.603443696591254,-1.212516194513798,3.6740630724459624,988.75
792,-1.1998716801420992,-1.8733570859082054,-1.798224846091494,-2.6034436379013144,-1.2125162001988556,3.568608720727693,990.0
793,-1.1998716962481666,-1.8733571153550634,-1.7982248804618313,-2.6034435743395004,-1.2125162167902561,3.453154377396326,991.25
794,-1.1998717137508463,-1.8733571473514503,-1.7982249178120493,-2.6034435052618297,-1.212516234832964,3.327700042632839,992.5
795,-1.1998717482540115,-1.8733571751487217,-1.7982249563569979,-2.603443439507731,-1.2125162698769791,3.19224571394769,993.75
796,-1.1998717857918084,-1.8733572047874092,-1.798224997691687,-2.603443369175827,-1.212516307994523,3.0467913855010145,995.0
797,-1.1998718402530257,-1.8733572264959892,-1.7982250365219676,-2.60344330951215,-1.2125163629386353,2.891337063564239,996.25
798,-1.199871900391134,-1.873357246798974,-1.7982250757577498,-2.603443250930013,-1.212516423548783,2.727189413065791,997.5
799,-1.1998719675552005,-1.8733572558299532,-1.7982251060317629,-2.6034432126567095,-1.2125164910133217,2.568964663006717,998.75
800,-1.1998720320687162,-1.8733572604225963,-1.798225131058493,-2.6034431840173684,-1.2125165557476336,2.4207399129476013,1000.0
801,-1.1998720954994506,-1.8733572567736827,-1.7982251475595006,-2.6034431721069766,-1.212516619259812,2.2825151628884255,1001.25
802,-1.1998721542660262,-1.8733572511779115,-1.798225160647938,-2.6034431654808303,-1.2125166780650392,2.15429041282921,1002.5
803,-1.1998722081917497,-1.8733572384409578,-1.7982251651108445,-2.6034431745296445,-1.2125167318999244,2.036065662769939,1003.75
804,-1.1998722575561869,-1.8733572267813603,-1.79822516919625,-2.60344318281307,-1.212516781181207,1.9278409127106417,1005.0
805,-1.199872299727674,-1.873357211388381,-1.7982251672931762,-2.603443200700455,-1.2125168231913999,1.8296161626513343,1006.25
806,-1.1998723364652644,-1.8733571954776067,-1.7982251631521136,-2.6034432212607244,-1.212516859746922,1.7413914125919814,1007.5
807,-1.1998723690387647,-1.8733571813702725,-1.7982251594804215,-2.6034432394905536,-1.2125168921589915,1.6631666625326353,1008.75
808,-1.1998723963221163,-1.8733571681772678,-1.7982251550381583,-2.6034432574997215,-1.212516919284255,1.5949419124732596,1010.0
809,-1.1998724162905385,-1.8733571542998764,-1.7982251475957522,-2.6034432790818594,-1.2125169390668353,1.53671716241392,1011.25
810,-1.1998724328294186,-1.8733571428059026,-1.7982251414315664,-2.6034432969573027,-1.2125169554517916,1.4884924123546401,1012.5
811,-1.199872445938757,-1.8733571336953476,-1.7982251365456001,-2.6034433111260515,-1.2125169684391244,1.4502676622953428,1013.75
812,-1.199872455618554,-1.8733571269682117,-1.7982251329378534,-2.603443321588106,-1.2125169780288334,1.422042912236055,1015.0
813,-1.1998724618688086,-1.8733571226244927,-1.7982251306083274,-2.6034433283434644,-1.212516984220918,1.4038181621767696,1016.25
814,-1.1998528400011665,-1.8733030193212847,-1.798302172450127,-2.603420257365926,-1.212497423393169,1.395526521517247,1017.5
815,-1.1992788103550456,-1.8717205372335344,-1.800555703577341,-2.6027453333472357,-1.2119251799603565,1.3960202454080355,1018.75
816,-1.199199226987022,-1.8715011534396069,-1.8008681211607,-2.602651762310572,-1.2118458442528035,1.4055845914845189,1020.0
817,-1.1990364352455378,-1.871052392966737,-1.8015071868816954,-2.6024603580964856,-1.211683559113142,1.425148937561009,1021.25
818,-1.1987904351305931,-1.8703742558149257,-1.8024729007403264,-2.6021711207049765,-1.2114383245413725,1.4547132836374905,1022.5
819,-1.1984610711215078,-1.8694667191103715,-1.8037650658777065,-2.601784268349247,-1.2111099841242468,1.4942776341973507,1023.75
820,-1.1980438008818624,-1.8683291150390824,-1.8053779320484686,-2.6013061747083173,-1.2106939694549677,1.5438421078687343,1025.0
821,-1.1975423432780143,-1.8669619909129989,-1.8073162059258587,-2.6007316221310735,-1.2101940207421156,1.6034065815401435,1026.25
822,-1.1969558812838261,-1.8653652116583137,-1.8095788868955585,-2.6000617379944435,-1.2096093167817794,1.672971080716083,1027.5
823,-1.1962807485695388,-1.8635381714030013,-1.8121614842773908,-2.59930158155455,-1.2089361724960046,1.752535707823104,1028.75
824,-1.1955198622350625,-1.86148134355638,-1.8150675897013597,-2.598447117553773,-1.2081775196712554,1.8421003607292146,1030.0
825,-1.1946683219743215,-1.8591938689766354,-1.8182913070211963,-2.597505052018093,-1.2073284316963702,1.941665169020591,1031.25
826,-1.193727545351576,-1.8566759577470555,-1.8218344268831612,-2.596473398419348,-1.2063903340437834,2.051230079240363,1032.5
827,-1.1926963957073091,-1.8539273947251143,-1.8256956167516545,-2.59535369297549,-1.2053620840725383,2.1707951085871278,1033.75
828,-1.1915705291613135,-1.8509472905013817,-1.8298699328835766,-2.5941517247588624,-1.204239315503929,2.3003603584128878,1035.0
829,-1.1903502980037466,-1.8477356400865685,-1.8343579475554481,-2.592866929717866,-1.2030223829624587,2.439925796148904,1036.25
830,-1.1890339586529115,-1.8442920238953637,-1.839157815892903,-2.591501554334009,-1.2017095342943351,2.5894914430302496,1037.5
831,-1.1876193010148204,-1.8406158891759903,-1.8442672462247576,-2.5900584201396164,-1.200298548681416,2.7490573308930983,1038.75
832,-1.1861897682235407,-1.8369269099898,-1.8493792570705008,-2.5886254104002075,-1.1988726438729032,2.9090724043153546,1040.0
833,-1.184839618166386,-1.8334659922450398,-1.8541614232978694,-2.5872947049823787,-1.1975258463067335,3.0590928583285653,1041.25
834,-1.1835709900767895,-1.830233689640988,-1.8586159491250047,-2.5860635675398065,-1.1962603058571788,3.1991134968570503,1042.5
835,-1.182385150263254,-1.827230259583494,-1.8627442806272188,-2.5849303074114713,-1.195077295380219,3.3291342983631833,1043.75
836,-1.1812824071553532,-1.8244557096987666,-1.8665468944150603,-2.5838944431844615,-1.1939771252779567,3.4491552570722117,1045.0
837,-1.180266926772502,-1.821911094925968,-1.8700280798286992,-2.5829506738290466,-1.1929639816913606,3.559176300035981,1046.25
838,-1.179339629887666,-1.8195966557187933,-1.8731887683377295,-2.582097837022853,-1.1920387897898006,3.659197420061546,1047.5
839,-1.1784994961396844,-1.817512071407102,-1.8760280507290394,-2.5813371517000094,-1.191200524713878,3.749218634098907,1048.75
840,-1.1777514812259375,-1.815658717732004,-1.878550755453027,-2.5806624657998203,-1.19045416526283,3.8292398699325063,1050.0
841,-1.1770927239019828,-1.8140357663115783,-1.8807541723578678,-2.580077287554206,-1.1897968370902718,3.8992611727496858,1051.25
842,-1.1765270025035781,-1.8126442963680613,-1.88264191362688,-2.5795769654856975,-1.1892323359343728,3.9592824935876676,1052.5
843,-1.1760555345122141,-1.8114846557018907,-1.8842151431119682,-2.5791600008077835,-1.1887618848840062,4.009303814425603,1053.75
844,-1.1756754595097267,-1.8105560046293079,-1.8854711779198836,-2.5788298857302303,-1.1883826105037316,4.049325179439906,1055.0
845,-1.1753901384233294,-1.8098593295221472,-1.8864131708592617,-2.5785825167537757,-1.1880978890165066,4.0793465483681315,1056.25
846,-1.1751998566694424,-1.8093947141551092,-1.8870413896527538,-2.5784175454111686,-1.187908007137664,4.099367917296347,1057.5
847,-1.1751046142480652,-1.8091621585281943,-1.887355834300359,-2.578334971702409,-1.1878129648672036,4.109389286224541,1058.75
848,-1.1744596897867878,-1.807590813676922,-1.8894784654276746,-2.5777790417460955,-1.1871693874562954,4.1102298220903455,1060.0
849,-1.17442266183228,-1.8075010036223635,-1.8895995393942493,-2.577747510329671,-1.1871324358470356,4.102197894788099,1061.25
850,-1.1744222420026782,-1.807500885619978,-1.8895991555582925,-2.577748007169486,-1.1871320146866438,4.084267538073465,1062.5
851,-1.174421588028487,-1.8075007018060822,-1.8895985576518837,-2.5777487811035185,-1.187131358639462,4.056337181358851,1063.75
852,-1.1744206998526456,-1.8075004522479534,-1.8895977454816653,-2.5777498328558552,-1.1871304672004506,4.018406839236174,1065.0
853,-1.174419577450617,-1.8075001369743289,-1.8895967189648186,-2.5777511627363436,-1.1871293401534717,3.970476512249344,1066.25
854,-1.1744182208749243,-1.8074997559232215,-1.8895954782794249,-2.577752770078007,-1.1871279779637243,3.9125461852625083,1067.5
855,-1.1744178186766838,-1.8074996583435354,-1.8895951247687592,-2.577753217191298,-1.1871275741294647,3.8446158722166004,1068.75
856,-1.174417819433369,-1.8074996822029357,-1.8895951474699506,-2.577753171085308,-1.1871275749329644,3.7666855641966768,1070.0
857,-1.1744178202777915,-1.8074997091185132,-1.889595173104409,-2.5777531189735132,-1.1871275757624091,3.6787552612343895,1071.25
858,-1.17441782522677,-1.8074997381230768,-1.8895952020186155,-2.5777530614685626,-1.1871275808179573,3.580824962649339,1072.5
859,-1.1744178412258632,-1.8074997675367348,-1.8895952348321838,-2.5777529995440607,-1.1871275972965911,3.4728946723537555,1073.75
860,-1.1744178587078749,-1.8074997996752558,-1.8895952706871424,-2.5777529318778423,-1.1871276153067978,3.3549643899678303,1075.0
861,-1.1744178899096087,-1.8074998291845337,-1.889595308263084,-2.577752865334838,-1.1871276470347214,3.227034115387145,1076.25
862,-1.174417927736671,-1.8074998591687554,-1.8895953483248213,-2.5777527959377347,-1.1871276854130959,3.089103845731512,1077.5
863,-1.174417978411208,-1.807499884241518,-1.8895953876823928,-2.5777527323339458,-1.1871277365886637,2.941173577556063,1078.75
864,-1.1744180381120537,-1.80749990708211,-1.889595427700399,-2.577752670430136,-1.187127796774357,2.783243315150216,1080.0
865,-1.1744181099895386,-1.8074999195186257,-1.889595461600989,-2.5777526251993628,-1.187127868999501,2.6190178452429183,1081.25
866,-1.1744181804118143,-1.807499928521278,-1.8895954917985842,-2.5777525870739235,-1.187127939712526,2.463260981942599,1082.5
867,-1.174418251507062,-1.8074999242641518,-1.8895955096328096,-2.577752574543674,-1.1871280108921487,2.317504118642238,1083.75
868,-1.1744183177246454,-1.8074999202988697,-1.889595526243242,-2.5777525628735516,-1.187128077188315,2.181747255341821,1085.0
869,-1.1744183786975146,-1.8074999056868108,-1.8895955311470847,-2.5777525734481705,-1.1871281380617673,2.0559903920413714,1086.25
870,-1.1744184348219147,-1.8074998922366876,-1.8895955356609737,-2.5777525831819137,-1.1871281940946556,1.9402335287408834,1087.5
871,-1.1744184834953257,-1.8074998751643339,-1.8895955344489184,-2.5777526021424633,-1.1871282426039529,1.834476665440356,1088.75
872,-1.1744185258819906,-1.8074998566099558,-1.889595529897991,-2.577752625826016,-1.1871282847899163,1.73871980213981,1090.0
873,-1.1744185638421685,-1.807499839993237,-1.8895955258223167,-2.5777526470362697,-1.1871283225703528,1.6529629388392428,1091.25
874,-1.1744185947730557,-1.8074998232510262,-1.8895955194653593,-2.5777526705482297,-1.1871283533045935,1.5772060755386732,1092.5
875,-1.174418618747316,-1.807499806440922,-1.8895955109040745,-2.57775269622859,-1.1871283770663599,1.5114492122380974,1093.75
876,-1.174418639075682,-1.8074997921872213,-1.8895955036447498,-2.5777527180036004,-1.1871283972145465,1.4556923489375322,1095.0
877,-1.1744186557581533,-1.807499780489926,-1.8895954976873828,-2.57775273587326,-1.1871284137491542,1.4099354856370325,1096.25
878,-1.17441866879473,-1.807499771349033,-1.8895954930319772,-2.577752749837569,-1.187128426670182,1.3741786223365213,1097.5
879,-1.1744186781854116,-1.8074997647645423,-1.8895954896785332,-2.5777527598965273,-1.1871284359776302,1.3484217590359986,1098.75
880,-1.1744186839301984,-1.807499760736454,-1.8895954876270504,-2.577752766050135,-1.1871284416714984,1.3326648957354785,1100.0
881,-1.1752651804625236,-1.8096130805903554,-1.886827788345867,-2.5784133008098222,-1.1879737479038446,1.3253762371270115,1101.25
882,-1.1768691926816246,-1.8136175935739332,-1.8815833041619587,-2.579664936698978,-1.189575505407421,1.327412248024478,1102.5
883,-1.1771245340126635,-1.81425507965313,-1.8807484286144895,-2.5798641874332677,-1.1898304907628485,1.3378785651234082,1103.75
884,-1.177124527630938,-1.8142550853975228,-1.8807484287441185,-2.579864190127209,-1.1898304902003756,1.357715501919389,1105.0
885,-1.17712451803212,-1.8142550940377222,-1.8807484289390952,-2.5798641941791924,-1.1898304893543539,1.387552438715388,1106.25
886,-1.1771245052162096,-1.8142551055737275,-1.8807484291994192,-2.579864199589219,-1.1898304882247837,1.4273893755113627,1107.5
887,-1.1771244892894395,-1.8142551199316945,-1.8807484297432906,-2.5798642055450802,-1.1898304877170804,1.4772263116425575,1108.75
888,-1.177124470708379,-1.81425513679425,-1.8807484315084975,-2.5798642085560406,-1.1898304917225695,1.5370632447634434,1110.0
889,-1.1771244490220358,-1.8142551564748906,-1.880748433568707,-2.579864212070195,-1.1898304963974597,1.6069001778843335,1111.25
890,-1.1771244145068236,-1.8142551720524325,-1.8807484376086996,-2.579864192308137,-1.1898304644296056,1.6867370954206056,1112.5
891,-1.1771243751393092,-1.8142551892056487,-1.8807484422636838,-2.579864168715244,-1.1898304263887651,1.7765740092019027,1113.75
892,-1.1771243313621134,-1.81425520825213,-1.880748447496631,-2.579864142232567,-1.1898303838848718,1.8764109139803775,1115.0
893,-1.1771242792881027,-1.8142552224005515,-1.8807484450371814,-2.5798641294491333,-1.1898303320886037,1.986247809214469,1116.25
894,-1.1771242215386457,-1.814255236213611,-1.8807484403903167,-2.579864119414048,-1.189830274368231,2.106084697028048,1117.5
895,-1.177124158816422,-1.8142552464960073,-1.8807484308436666,-2.579864117747908,-1.1898302116292863,2.235921578077993,1118.75
896,-1.177124091033241,-1.8142552505295173,-1.8807484137825714,-2.5798641297800127,-1.1898301437633543,2.3757584554840085,1120.0
897,-1.1771240205220217,-1.8142552496777826,-1.880748391234268,-2.579864152129141,-1.18983007308748,2.5255953301929166,1121.25
898,-1.1771239488573464,-1.8142552400965652,-1.8807483600282784,-2.579864191821244,-1.1898300011191028,2.6854321981160374,1122.5
899,-1.1771238814809661,-1.8142552218365096,-1.8807483218895487,-2.5798642471641013,-1.1898299333113893,2.8517222660592916,1123.75
900,-1.177123822152896,-1.8142551991151858,-1.8807482819886918,-2.5798643088375774,-1.189829873498826,3.0096481327667686,1125.0
901,-1.1771237788585376,-1.8142551692284776,-1.880748240215487,-2.5798643797673395,-1.1898298296413192,3.1575739994743133,1126.25
902,-1.1771237412675892,-1.814255139416197,-1.8807482002713185,-2.5798644488788383,-1.1898297915005644,3.295499866181903,1127.5
903,-1.1771237188350994,-1.8142551063274086,-1.8807481618838315,-2.579864519926729,-1.1898297684989974,3.423425732889574,1128.75
904,-1.1771237014600473,-1.814255074380125,-1.8807481261411811,-2.579864587266888,-1.1898297505836384,3.5413515995972435,1130.0
905,-1.1771236909826839,-1.8142550438440246,-1.8807480938671923,-2.579864649834002,-1.189829739602915,3.6492774663049667,1131.25
906,-1.1771236899841933,-1.8142550141014833,-1.8807480652701605,-2.579864708074106,-1.1898297381337892,3.747203333012724,1132.5
907,-1.1771236890876666,-1.8142549873961986,-1.8807480395933955,-2.579864760366844,-1.1898297368146877,3.835129199720468,1133.75
908,-1.1771236907392757,-1.814254963582618,-1.8807480174525828,-2.579864806278121,-1.189829738094709,3.913055066428265,1135.0
909,-1.177123699418302,-1.8142549423942236,-1.8807479999751147,-2.579864845013052,-1.1898297464584937,3.9809809331360433,1136.25
910,-1.177123706819608,-1.8142549243251704,-1.8807479850706674,-2.579864878045453,-1.1898297535909679,4.038906799843809,1137.5
911,-1.177123712943194,-1.8142549093754612,-1.880747972739238,-2.5798649053753233,-1.1898297594921317,4.08683266655151,1138.75
912,-1.1771237177890594,-1.814254897545093,-1.8807479629808301,-2.5798649270026637,-1.1898297641619844,4.124758533259197,1140.0
913,-1.1771237213572046,-1.8142548888340646,-1.880747955795444,-2.5798649429274736,-1.1898297676005265,4.152684399966951,1141.25
914,-1.177123723647629,-1.8142548832423768,-1.8807479511830796,-2.5798649531497535,-1.1898297698077578,4.170610266674674,1142.5
915,-1.177619114343359,-1.815506849944268,-1.8790984635403734,-2.5802660512115994,-1.190324421224882,4.179588672894826,1143.75
916,-1.179250203804927,-1.8196290082652538,-1.8736674687058936,-2.581586665894832,-1.1919530771733364,4.1797356452498455,1145.0
917,-1.1797917045380724,-1.8209975164721315,-1.8718644475011017,-2.5820250918732923,-1.1924937732968908,4.170982675055123,1146.25
918,-1.1797917032388066,-1.8209975223719124,-1.871864450430652,-2.582025088895869,-1.1924937789233283,4.153355149574861,1147.5
919,-1.1797917012024746,-1.8209975316186073,-1.8718644550221208,-2.5820250842293713,-1.1924937877416142,4.125727624094596,1148.75
920,-1.1797916984290757,-1.820997544212216,-1.871864461275508,-2.5820250778737965,-1.1924937997517473,4.0881000986143405,1150.0
921,-1.1797916949186107,-1.8209975601527386,-1.871864469190813,-2.5820250698291463,-1.1924938149537285,4.040472573134109,1151.25
922,-1.1797916901684011,-1.8209975799343634,-1.8718644772551363,-2.582025065881781,-1.192493829013918,3.9828450576566494,1152.5
923,-1.179791684568564,-1.8209976031735626,-1.871864486642606,-2.582025061541037,-1.192493845295557,3.9152175426017055,1153.75
924,-1.17979168340735,-1.820997627520795,-1.871864505960455,-2.58202502705093,-1.1924938501177693,3.8375900395128433,1155.0
925,-1.1797916841475202,-1.8209976540967612,-1.8718645310970043,-2.5820249766124617,-1.1924938501511486,3.749962541133309,1156.25
926,-1.179791684938464,-1.8209976836839015,-1.871864559181756,-2.582024920069915,-1.1924938499077966,3.652335054399492,1157.5
927,-1.1797916947972833,-1.8209977141034919,-1.8718645910999325,-2.5820248583805983,-1.1924938595861982,3.544707574625172,1158.75
928,-1.1797917120158985,-1.8209977457730804,-1.8718646266707868,-2.5820247914176404,-1.1924938773003027,3.4270801027452027,1160.0
929,-1.1797917337674906,-1.8209977787951686,-1.871864664932189,-2.582024720485255,-1.192493899592085,3.2994526383934337,1161.25
930,-1.1797917710458963,-1.820997808371557,-1.871864704677969,-2.582024651800612,-1.1924939374214907,3.1618251789924514,1162.5
931,-1.1797918135235304,-1.8209978383524197,-1.8718647464159655,-2.5820245807986355,-1.1924939804676424,3.014197720830888,1163.75
932,-1.1797918723733132,-1.8209978609111306,-1.8718647861288589,-2.582024519468193,-1.1924940398007395,2.856570269711155,1165.0
933,-1.179791938951499,-1.8209978794842054,-1.8718648244259795,-2.5820244636430774,-1.1924941068156585,2.6903460253430396,1166.25
934,-1.179792010305694,-1.8209978890491785,-1.8718648556018578,-2.5820244239929715,-1.1924941784741672,2.530210447380396,1167.5
935,-1.1797920803563375,-1.8209978903216333,-1.871864878460885,-2.5820244009093836,-1.192494248695036,2.380074869417711,1168.75
936,-1.1797921478633102,-1.8209978863288718,-1.8718648955090216,-2.5820243888491126,-1.1924943162834205,2.239939291454921,1170.0
937,-1.1797922103454737,-1.8209978764441224,-1.871864905381472,-2.5820243897649684,-1.1924943787429407,2.1098037134920906,1171.25
938,-1.1797922678711195,-1.8209978626998324,-1.8718649100390268,-2.5820243996704715,-1.1924944361742154,1.9896681355292178,1172.5
939,-1.1797923199178542,-1.8209978488297986,-1.8718649128836649,-2.582024411432601,-1.1924944881128494,1.8795325575663187,1173.75
940,-1.1797923636930934,-1.8209978296986682,-1.871864908151545,-2.5820244358944184,-1.1924945316789655,1.779396979603426,1175.0
941,-1.1797924030967373,-1.8209978124780635,-1.871864903891992,-2.5820244579133673,-1.1924945708943697,1.6892614016404588,1176.25
942,-1.179792438022854,-1.8209977970839377,-1.8718648999920684,-2.582024477684615,-1.1924946056515733,1.6091258236774932,1177.5
943,-1.1797924632761352,-1.8209977793943377,-1.8718648909126714,-2.5820245047801285,-1.1924946306788742,1.5389902457145523,1178.75
944,-1.1797924849287789,-1.8209977642269384,-1.871864883127824,-2.582024528012337,-1.1924946521377575,1.4788546677515855,1180.0
945,-1.179792502980785,-1.820997751581742,-1.8718648766375225,-2.582024547381242,-1.1924946700282246,1.428719089788712,1181.25
946,-1.1797925174321535,-1.8209977414587462,-1.8718648714417707,-2.5820245628868417,-1.1924946843502744,1.388583511825836,1182.5
947,-1.1797925282828843,-1.8209977338579506,-1.871864867540569,-2.5820245745291355,-1.1924946951039068,1.3584479338629343,1183.75
948,-1.179792535532977,-1.8209977287793548,-1.8718648649339173,-2.5820245823081245,-1.1924947022891217,1.3383123559000207,1185.0
949,-1.1800070213726734,-1.8215464448585073,-1.8711376338425587,-2.5822046353926975,-1.1927088491515894,1.3276084691516847,1186.25
950,-1.1815491459649141,-1.8254917278008005,-1.8659088578580174,-2.5834991869673742,-1.1942485368382258,1.3252299703988282,1187.5
951,-1.182423530443306,-1.8277287121283836,-1.8629441334148138,-2.584233200232361,-1.19512154152963,1.3322376940608334,1188.75
952,-1.1824235255375022,-1.827728716536019,-1.862944133486351,-2.5842332024072117,-1.195121540993875,1.3476180753548401,1190.0
953,-1.1824235174420485,-1.8277287238094067,-1.8629441336044008,-2.584233205996104,-1.1951215401097834,1.3729984566488511,1191.25
954,-1.1824235061569444,-1.8277287339485464,-1.8629441337689625,-2.584233210999039,-1.1951215388773557,1.4083788379428517,1192.5
955,-1.1824234916821905,-1.8277287469534378,-1.8629441339800363,-2.584233217416015,-1.1951215372965913,1.453759219236814,1193.75
956,-1.1824234744781301,-1.8277287625099983,-1.8629441351671399,-2.5842332218101323,-1.1951215393321362,1.5091395947989377,1195.0
957,-1.1824234543499168,-1.827728780751167,-1.8629441369368436,-2.584233225636099,-1.1951215433059068,1.5745199682565887,1196.25
958,-1.1824234262213784,-1.827728798208136,-1.862944139930912,-2.5842332175577662,-1.1951215290448869,1.6499003333418938,1197.5
959,-1.1824233892776375,-1.8277288142891306,-1.8629441443072448,-2.5842331955072697,-1.1951214934293417,1.7352806903418223,1198.75
960,-1.1824233479791655,-1.8277288322363738,-1.8629441492596612,-2.584233170596497,-1.19512145340971,1.8306610375773316,1200.0
961,-1.1824233006292102,-1.82772884907851,-1.862944151126106,-2.5842331501820874,-1.1951214069160492,1.9360413781056576,1201.25
962,-1.1824232457135746,-1.8277288621747587,-1.8629441466795584,-2.5842331406975267,-1.1951213520337267,2.051421710247495,1202.5
963,-1.1824231860371193,-1.8277288764073893,-1.86294414184354,-2.5842331304065587,-1.1951212923835284,2.176802033826545,1203.75
964,-1.1824231212361664,-1.827728880635359,-1.862944125821638,-2.58423314124683,-1.1951212275058625,2.312182351503519,1205.0
965,-1.1824230516340815,-1.8277288847290887,-1.8629441081831883,-2.584233153768323,-1.195121157817751,2.4575626688746492,1206.25
966,-1.1824229824763366,-1.8277288763344313,-1.8629440787235614,-2.584233190567871,-1.1951210883776155,2.612942979781346,1207.5
967,-1.182422911149582,-1.827728864417192,-1.8629440452186699,-2.5842332348927775,-1.1951210167078372,2.7780980840708924,1208.75
968,-1.1824228508987984,-1.8277288413030615,-1.8629440044211711,-2.584233297840942,-1.1951209559595357,2.9404770513506127,1210.0
969,-1.182422799897447,-1.8277288157344724,-1.8629439641378522,-2.5842333628604597,-1.1951209044415039,3.0928560186303717,1211.25
970,-1.1824227615692868,-1.8277287853143678,-1.862943923133514,-2.5842334336279342,-1.1951208655467171,3.2352349859101848,1212.5
971,-1.182422731317307,-1.8277287546796745,-1.862943884425073,-2.584233502433954,-1.1951208347420714,3.367613953190065,1213.75
972,-1.1824227135066339,-1.8277287219242397,-1.8629438475390354,-2.584233571717928,-1.1951208163717457,3.4899929204699864,1215.0
973,-1.1824226971513316,-1.8277286918453692,-1.8629438136670742,-2.5842336353404733,-1.1951207995025226,3.602371887749951,1216.25
974,-1.1824226951297225,-1.8277286613705577,-1.8629437838554717,-2.5842336955112795,-1.1951207969915314,3.7047508550299098,1217.5
975,-1.1824226941980525,-1.8277286336594902,-1.8629437570282614,-2.584233749957955,-1.1951207956168117,3.7971298223098975,1218.75
976,-1.1824226933672355,-1.827728608948142,-1.8629437331050869,-2.5842337985107915,-1.1951207943909052,3.8795087895899263,1220.0
977,-1.1824227003519576,-1.8277285867828117,-1.8629437140409046,-2.5842338397823266,-1.1951208010378762,3.9518877568699518,1221.25
978,-1.1824227082231533,-1.827728567570995,-1.8629436980798428,-2.5842338750187315,-1.1951208086202356,4.0142667241499765,1222.5
979,-1.1824227148325144,-1.8277285514390353,-1.8629436846775045,-2.5842339046063723,-1.1951208149870638,4.066645691429941,1223.75
980,-1.1824227201800406,-1.8277285383869315,-1.8629436738338896,-2.58423392854525,-1.1951208201383605,4.109024658709902,1225.0
981,-1.1824227242657317,-1.8277285284146816,-1.8629436655490004,-2.5842339468353632,-1.195120824074126,4.141403625989891,1226.25
982,-1.182422727089588,-1.827728521522286,-1.8629436598228368,-2.5842339594767134,-1.1951208267943598,4.163782593269862,1227.5
983,-1.1824585986217842,-1.8278214156533217,-1.8628198166677563,-2.5842651639705214,-1.1951566383548287,4.176274631568534,1228.75
984,-1.1837777937118397,-1.8312379365154743,-1.8582653355762153,-2.5854125191868285,-1.1964736299644,4.180854335093634,1230.0
985,-1.1850063004120757,-1.8344195932525666,-1.8540239521545767,-2.5864809967447875,-1.1977000866824277,4.17563228545339,1231.25
986,-1.185017381603614,-1.8344482987960369,-1.8539856934601064,-2.586490633224366,-1.1977111544141987,4.162497457944363,1232.5
987,-1.1850173798969137,-1.8344483064502806,-1.8539856972256643,-2.5864906295495262,-1.197711161589769,4.139399191128261,1233.75
988,-1.1850173774513266,-1.8344483174182984,-1.8539857026214563,-2.5864906242837273,-1.1977111718718798,4.106300924312153,1235.0
989,-1.1850173742668526,-1.8344483317000901,-1.8539857096474819,-2.586490617426969,-1.1977111852605313,4.063202657496086,1236.25
990,-1.185017370089529,-1.8344483495408963,-1.8539857175518584,-2.586490611837651,-1.1977111995439025,4.010104391600496,1237.5
991,-1.185017364853813,-1.8344483710040094,-1.853985726140539,-2.586490608253471,-1.1977112141511652,3.9470061265977234,1238.75
992,-1.1850173607373158,-1.8344483950014878,-1.853985739274852,-2.5864905931364004,-1.1977112261386509,3.873907866207321,1240.0
993,-1.1850173614314992,-1.8344484198908768,-1.8539857629863072,-2.5864905457185863,-1.1977112261597045,3.7908096176504342,1241.25
994,-1.1850173621905007,-1.8344484477626986,-1.8539857895977967,-2.5864904923924263,-1.1977112260257976,3.697711376080743,1242.5
995,-1.1850173650700269,-1.8344484781178185,-1.8539858193228684,-2.586490433330506,-1.1977112280315079,3.5946131413103455,1243.75
996,-1.1850173814238607,-1.8344485082004813,-1.853985853338158,-2.5864903694976014,-1.1977112448577973,3.4815149165769834,1245.0
997,-1.185017399225293,-1.8344485409419788,-1.853985890364089,-2.5864903000094492,-1.1977112631858091,3.3584167002562477,1246.25
998,-1.185017430611111,-1.834448571053794,-1.853985929059711,-2.5864902317309775,-1.197711295113726,3.225318489602345,1247.5
999,-1.1850174688979322,-1.8344486014484085,-1.8539859701614976,-2.586490160889219,-1.1977113339727334,3.0822202806343166,1248.75
1000,-1.18501752092663,-1.8344486262233226,-1.8539860101285948,-2.5864900969923736,-1.1977113865112923,2.9291220764936745,1250.0
1001,-1.1850175810739199,-1.8344486493134677,-1.8539860509971313,-2.586490033995729,-1.1977114471580368,2.766023878745092,1251.25
1002,-1.1850176525792566,-1.8344486601536643,-1.853986083618786,-2.586489991631168,-1.1977115189913436,2.6014235013682767,1252.5
1003,-1.1850177213815023,-1.834448667535972,-1.853986112077647,-2.5864899568373074,-1.1977115880603906,2.446762028122274,1253.75
1004,-1.18501779021465,-1.8344486635093482,-1.8539861295807365,-2.5864899443768405,-1.1977116569778727,2.3021005548762155,1255.0
1005,-1.1850178542490044,-1.834448658555485,-1.8539861447025627,-2.5864899351506807,-1.1977117210713555,2.167439081630117,1256.25
1006,-1.1850179132097318,-1.8344486445081296,-1.8539861495090526,-2.586489945232313,-1.1977117799347552,2.042777608383968,1257.5
1007,-1.185017967440795,-1.8344486315876214,-1.8539861539299696,-2.586489954505227,-1.1977118340762982,1.9281161351377967,1258.75
1008,-1.1850180139533384,-1.8344486142971883,-1.8539861517542113,-2.5864899746173866,-1.1977118804127231,1.8234546618915997,1260.0
1009,-1.1850180548276,-1.8344485964625723,-1.853986147304703,-2.5864899974618227,-1.197711921089974,1.7287931886453758,1261.25
1010,-1.1850180913839223,-1.8344485805120017,-1.853986143325235,-2.5864900178929817,-1.197711957470098,1.6441317153991244,1262.5
1011,-1.1850181205016932,-1.8344485639681047,-1.853986136465792,-2.586490041684783,-1.1977119863861023,1.569470242152877,1263.75
1012,-1.1850181434978888,-1.8344485478763928,-1.8539861281401666,-2.586490066400488,-1.1977120091745368,1.5048087689066172,1265.0
1013,-1.1850181629376864,-1.834448534273291,-1.8539861211021114,-2.58649008729387,-1.1977120284387037,1.4501472956604087,1266.25
1014,-1.185018178821086,-1.8344485231587995,-1.853986115351625,-2.5864901043649295,-1.1977120441786036,1.4054858224142115,1267.5
1015,-1.185018191148087,-1.8344485145329164,-1.853986110888711,-2.586490117613666,-1.1977120563942356,1.3708243491680023,1268.75
1016,-1.1850181999186897,-1.8344485083956417,-1.8539861077133688,-2.5864901270400784,-1.1977120650855995,1.3461628759218105,1270.0
1017,-1.185018205132894,-1.8344485047469754,-1.8539861058255986,-2.586490132644168,-1.1977120702526955,1.3315014026756213,1271.25
1018,-1.1859819487830228,-1.8369752410639901,-1.8505983321315307,-2.5873579869528167,-1.1986741154143017,1.3250231925990164,1272.5
1019,-1.1874349415866465,-1.8407847022890176,-1.8454907243010665,-2.5886664125344225,-1.2001245484020662,1.3280770188209305,1273.75
1020,-1.1875773563558174,-1.8411580979203048,-1.8449900911611656,-2.5887946622693545,-1.2002667152601125,1.339275883355648,1275.0
1021,-1.1875773497843878,-1.8411581038137106,-1.8449900912219515,-2.5887946653105316,-1.20026671440753,1.360055675619313,1276.25
1022,-1.1875773400505447,-1.8411581125432392,-1.8449900913119892,-2.588794669815235,-1.2002667131446534,1.3908354678829822,1277.5
1023,-1.1875773271542884,-1.8411581241088917,-1.84499009143128,-2.588794675783465,-1.200266711471483,1.4316152601466414,1278.75
1024,-1.187577311258298,-1.841158138401533,-1.8449900919031625,-2.5887946820277565,-1.2002667108036729,1.4823950485486328,1280.0
1025,-1.1875772927064694,-1.8411581551904592,-1.8449900934111614,-2.5887946860378728,-1.200266714133844,1.5431748266354812,1281.25
1026,-1.1875772706706338,-1.8411581744219685,-1.8449900952595482,-2.588794689573833,-1.2002667163632574,1.6139546039098132,1282.5
1027,-1.187577236145246,-1.841158189427556,-1.8449900993733113,-2.588794668981273,-1.2002666831000157,1.6947343654558917,1283.75
1028,-1.1875771973346811,-1.8411582062834138,-1.8449901040232086,-2.588794645722944,-1.2002666456244988,1.7855141227737612,1285.0
1029,-1.1875771542264284,-1.8411582249813367,-1.8449901092393635,-2.5887946196682208,-1.2002666038307843,1.8862938720657398,1286.25
1030,-1.1875771025564852,-1.841158238084855,-1.8449901058699334,-2.5887946090017424,-1.2002665523185199,1.9970736106907507,1287.5
1031,-1.1875770457718096,-1.8411582515903144,-1.8449901012381518,-2.588794599269482,-1.2002664955635503,2.117853342052669,1288.75
1032,-1.1875769840996755,-1.841158260565766,-1.844990090704632,-2.5887945999099604,-1.200266433865056,2.24863306690606,1290.0
1033,-1.1875769175219086,-1.8411582644412814,-1.844990073714682,-2.5887946120440093,-1.200266367203398,2.3894127886817316,1291.25
1034,-1.1875768488035978,-1.8411582622763236,-1.8449900502317993,-2.5887946366615875,-1.2002662983003725,2.5401925072152247,1292.5
1035,-1.1875767784710276,-1.841158252786742,-1.8449900191812874,-2.588794676125269,-1.2002662276625988,2.7009722191122627,1293.75
1036,-1.1875767139436497,-1.8411582336529042,-1.8449899806346828,-2.5887947327892658,-1.200266162687414,2.86698848757437,1295.0
1037,-1.187576656406506,-1.8411582115522838,-1.8449899414023756,-2.5887947932019064,-1.200266104669877,3.0239646598594163,1296.25
1038,-1.1875766158671532,-1.8411581815352738,-1.8449898998253043,-2.588794864107631,-1.2002660635597064,3.1709408321445163,1297.5
1039,-1.1875765794414832,-1.8411581526126146,-1.8449898605845831,-2.5887949316471066,-1.200266026589752,3.307917004429625,1298.75
1040,-1.1875765592182437,-1.8411581198969504,-1.8449898227291395,-2.5887950018257593,-1.2002660057963932,3.434893176714786,1300.0
1041,-1.1875765423998832,-1.841158088967733,-1.844989787657022,-2.5887950674904223,-1.200265988444039,3.551869349000044,1301.25
1042,-1.1875765336054769,-1.8411580591155432,-1.8449897561219286,-2.588795128663828,-1.200265979150383,3.6588455212852846,1302.5
1043,-1.1875765326379533,-1.841158030387267,-1.8449897281077385,-2.588795185312398,-1.2002659777186802,3.755821693570563,1303.75
1044,-1.1875765317701992,-1.8411580046214024,-1.8449897029823132,-2.5887952361194744,-1.2002659764346115,3.842797865855845,1305.0
1045,-1.1875765343072335,-1.8411579816255772,-1.8449896815890297,-2.5887952804828713,-1.2002659786072787,3.9197740381411474,1306.25
1046,-1.1875765426544997,-1.8411579612597848,-1.8449896645417068,-2.588795317964309,-1.2002659866450944,3.986750210426467,1307.5
1047,-1.187576549755462,-1.8411579439347447,-1.8449896500396654,-2.5887953498495113,-1.2002659934828095,4.043726382711745,1308.75
1048,-1.1875765556101203,-1.8411579296504594,-1.8449896380829025,-2.5887953761384797,-1.2002659991204236,4.090702554996975,1310.0
1049,-1.187576560218475,-1.841157918406925,-1.8449896286714225,-2.588795396831213,-1.2002660035579373,4.127678727282216,1311.25
1050,-1.1875765635805255,-1.8411579102041422,-1.8449896218052244,-2.5887954119277117,-1.20026600679535,4.154654899567497,1312.5
1051,-1.1875765656962722,-1.8411579050421105,-1.8449896174843092,-2.5887954214279763,-1.2002660088326615,4.1716310718527465,1313.75
1052,-1.1881685713707866,-1.842729185241091,-1.8428708888206649,-2.5893470291864307,-1.2008569154145847,4.179895468588069,1315.0
1053,-1.1897029919777402,-1.846801803187586,-1.8373793479630185,-2.590776733127992,-1.2023884879847846,4.179167816306631,1316.25
1054,-1.1901008308354204,-1.8478577412475559,-1.8359555207248741,-2.591147420606989,-1.2027855917873709,4.169777485618731,1317.5
1055,-1.190100829470942,-1.8478577472932889,-1.8359555236745004,-2.5911474178426928,-1.2027855973584145,4.151349593257587,1318.75
1056,-1.1901008273660225,-1.8478577566197734,-1.8359555282247588,-2.5911474135783354,-1.2027856059526167,4.122921700896425,1320.0
1057,-1.1901008245206608,-1.8478577692270086,-1.835955534375648,-2.591147407813917,-1.2027856175699772,4.084493808535274,1321.25
1058,-1.1901008209173796,-1.8478577851316085,-1.835955542076184,-2.591147400742078,-1.2027856320567265,4.036065916335119,1322.5
1059,-1.1901008160614213,-1.847857804803839,-1.8359555498831048,-2.5911473978159867,-1.2027856450600554,3.977638028389996,1323.75
1060,-1.1901008103743598,-1.8478578278429942,-1.8359555590261891,-2.591147394389091,-1.2027856602889184,3.909210140444839,1325.0
1061,-1.190100809741188,-1.8478578516131214,-1.8359555791884228,-2.5911473572393557,-1.2027856634123084,3.830782265953721,1326.25
1062,-1.1901008104678756,-1.847857877764959,-1.835955604305855,-2.591147307164477,-1.2027856633897138,3.742354395883316,1327.5
1063,-1.1901008112480251,-1.847857906853543,-1.8359556323389554,-2.591147251103179,-1.2027856631204503,3.6439265367069154,1328.75
1064,-1.1901008221053342,-1.8478579364676668,-1.8359556642883117,-2.59114719008003,-1.2027856739215035,3.535498685442301,1330.0
1065,-1.1901008390246024,-1.8478579675828568,-1.8359556997262296,-2.5911471237952846,-1.2027856913415946,3.417070841930915,1331.25
1066,-1.1901008616668884,-1.8478579994568582,-1.8359557376816125,-2.5911470543319486,-1.2027857145247465,3.288643005733916,1332.5
1067,-1.1901008982563752,-1.8478580285118313,-1.8359557772387793,-2.5911469863447825,-1.2027857516667675,3.1502151740557376,1333.75
1068,-1.1901009411494754,-1.847858057107261,-1.835955818318544,-2.591146917388233,-1.2027857951183774,3.0017873440518956,1335.0
1069,-1.1901009988669844,-1.8478580792872017,-1.835955857813727,-2.591146856636594,-1.2027858533204947,2.8433595209579368,1336.25
1070,-1.1901010648153951,-1.8478580964203175,-1.835955894991614,-2.5911468033581473,-1.202785919689826,2.6770016190819867,1337.5
1071,-1.1901011340905918,-1.8478581057831733,-1.835955925684138,-2.591146764363609,-1.2027859892675326,2.5176730688058577,1338.75
1072,-1.1901012025028526,-1.847858106057686,-1.8359559473070153,-2.5911467434892033,-1.2027860578334606,2.3683445185297014,1340.0
1073,-1.1901012679942988,-1.847858102263478,-1.8359559640783123,-2.591146731480279,-1.2027861234064103,2.2290159682534583,1341.25
1074,-1.1901013285538493,-1.8478580918786234,-1.8359559729282322,-2.5911467338915832,-1.2027861839301321,2.0996874179772025,1342.5
1075,-1.1901013843071766,-1.8478580786304724,-1.8359559775052001,-2.591146743359456,-1.2027862395908455,1.9803588677009043,1343.75
1076,-1.19010143437281,-1.8478580646253808,-1.8359559795736229,-2.5911467560057484,-1.202786289539218,1.8710303174245517,1345.0
1077,-1.1901014767412355,-1.847858046168304,-1.8359559749282628,-2.591146779690568,-1.2027863317016005,1.7717017671481918,1346.25
1078,-1.1901015148441794,-1.847858029569415,-1.8359559707505733,-2.5911468009908956,-1.2027863696192451,1.6823732168718035,1347.5
1079,-1.1901015481287387,-1.8478580143896595,-1.83595596644282,-2.5911468209340547,-1.2027864027309432,1.6030446665954035,1348.75
1080,-1.1901015724848762,-1.8478579973653122,-1.8359559575616629,-2.5911468471567343,-1.2027864268649169,1.5337161163190098,1350.0
1081,-1.190101593327867,-1.847857982796569,-1.83595594996153,-2.591146869597036,-1.2027864475177885,1.474387566042619,1351.25
1082,-1.1901016106577118,-1.8478579706834322,-1.8359559436424187,-2.59114688825496,-1.2027864646895592,1.425059015766295,1352.5
1083,-1.1901016244744096,-1.8478579610258996,-1.8359559386043323,-2.5911469031305066,-1.202786478380228,1.3857304654899525,1353.75
1084,-1.1901016347779605,-1.8478579538239703,-1.835955934847271,-2.591146914223674,-1.2027864885897952,1.3564019152136124,1355.0
1085,-1.1901016415683643,-1.8478579490776443,-1.8359559323712347,-2.5911469215344627,-1.2027864953182603,1.3370733649372613,1356.25
1086,-1.1903849732880436,-1.8486192491396582,-1.834923615703632,-2.5914199154900315,-1.2030692737333968,1.3269876273637722,1357.5
1087,-1.1918740583281362,-1.8526204172210394,-1.8294980880943097,-2.5928546673655397,-1.2045554510917205,1.3253420007605707,1358.75
1088,-1.1925918160122904,-1.854549039912952,-1.8268829061372507,-2.5935462390397808,-1.2052718091773928,1.3328942559256136,1360.0
1089,-1.1925918109828286,-1.8545490444155712,-1.8268829061586567,-2.593546241457826,-1.205271808424105,1.3489351514465426,1361.25
1090,-1.1925918028179672,-1.854549051725153,-1.8268829061934069,-2.5935462453832967,-1.2052718072012125,1.3749760469674757,1362.5
1091,-1.1925917915177062,-1.854549061841697,-1.826882906241502,-2.5935462508161926,-1.2052718055087155,1.4110169424884127,1363.75
1092,-1.1925917770820458,-1.8545490747652038,-1.8268829063029415,-2.593546257756514,-1.2052718033466137,1.4570578380093258,1365.0
1093,-1.192591760007803,-1.8545490901674473,-1.82688290735085,-2.5935462626550847,-1.2052718050830316,1.5130987197901646,1366.25
1094,-1.192591740021931,-1.8545491082288184,-1.826882908850406,-2.593546267462501,-1.2052718083172858,1.5791395981212248,1367.5
1095,-1.1925917116500702,-1.8545491249803419,-1.8268829118276382,-2.593546258456985,-1.2052717916273576,1.6551804669020984,1368.75
1096,-1.1925916753213113,-1.8545491407458348,-1.826882916182425,-2.593546236802662,-1.2052717566475604,1.7412213286439722,1370.0
1097,-1.1925916347422818,-1.8545491583242328,-1.8268829211142332,-2.5935462123266415,-1.2052717173627308,1.8372621796076563,1371.25
1098,-1.1925915879500748,-1.8545491742826612,-1.8268829223299774,-2.593546193591914,-1.2052716713579523,1.9433030238593858,1372.5
1099,-1.192591534053066,-1.8545491870680941,-1.82688291790468,-2.5935461844080043,-1.2052716174951807,2.0593438598488616,1373.75
1100,-1.192591475499746,-1.8545492006386795,-1.8268829127815456,-2.593546175077606,-1.2052715589665035,2.1853846876690044,1375.0
1101,-1.192591411939487,-1.8545492043053131,-1.8268828964453494,-2.5935461868094594,-1.205271495324623,2.3214255094572724,1376.25
1102,-1.192591343717682,-1.854549208215858,-1.8268828788865588,-2.5935461994515836,-1.205271427015391,2.4674663311847587,1377.5
1103,-1.1925912762812356,-1.8545491990880636,-1.8268828489009699,-2.593546237531759,-1.205271359282841,2.623507145750555,1378.75
1104,-1.1925912072694118,-1.8545491864719592,-1.826882815031337,-2.593546282951181,-1.2052712899147375,2.789079433555831,1380.0
1105,-1.1925911487105356,-1.8545491639610685,-1.8268827748160532,-2.5935463447403073,-1.2052712308615197,2.950791170839312,1381.25
1106,-1.192591100147395,-1.8545491383891974,-1.8268827347547698,-2.5935464095775322,-1.2052711817761836,3.1025029081228612,1382.5
1107,-1.1925910629156098,-1.8545491088233272,-1.8268826943587038,-2.5935464789020832,-1.205271143982109,3.2442146454064407,1383.75
1108,-1.192591034581402,-1.8545490786144443,-1.8268826561232272,-2.593546546840349,-1.2052711150946596,3.3759263826900874,1385.0
1109,-1.1925910172917242,-1.8545490468280101,-1.8268826198120913,-2.593546614592669,-1.2052710972502998,3.4976381199737645,1386.25
1110,-1.1925910014225898,-1.8545490176531978,-1.826882586484321,-2.593546676778368,-1.205271080872057,3.609349857257478,1387.5
1111,-1.1925910003899873,-1.8545489879060966,-1.826882557245261,-2.5935467356679354,-1.2052710793535635,3.711061594541235,1388.75
1112,-1.1925909994846853,-1.8545489610775288,-1.8268825308830194,-2.593546788772016,-1.2052710780100988,3.8027733318249903,1390.0
1113,-1.1925909986780951,-1.8545489371742783,-1.826882507395243,-2.5935468360857716,-1.205271076813122,3.884485069108781,1391.25
1114,-1.192591006086249,-1.8545489157281958,-1.826882488867831,-2.5935468761115326,-1.2052710838888447,3.9561968063925743,1392.5
1115,-1.192591013683685,-1.854548897202204,-1.8268824732381643,-2.593546910330254,-1.205271091201739,4.017908543676359,1393.75
1116,-1.192591020050004,-1.8545488816782343,-1.826882460141185,-2.593546939004047,-1.2052710973296246,4.069620280960095,1395.0
1117,-1.192591025185206,-1.8545488691562864,-1.8268824495768943,-2.5935469621329106,-1.2052711022725018,4.111332018243818,1396.25
1118,-1.1925910290892914,-1.8545488596363588,-1.826882441545294,-2.593546979716845,-1.20527110603037,4.143043755527553,1397.5
1119,-1.1925910317622601,-1.8545488531184513,-1.8268824360463836,-2.59354699175585,-1.2052711086032297,4.1647554928112855,1398.75
1120,-1.1926574158047725,-1.8547294280342166,-1.8266362127217006,-2.5936131003847653,-1.2053373564271919,4.17668541764044,1400.0
1121,-1.1939676935872565,-1.858293734288644,-1.821776248428572,-2.5949178421494032,-1.2066449465741362,4.180706286461037,1401.25
1122,-1.1950462176181693,-1.861227613424591,-1.8177758829196498,-2.5959918075051873,-1.2077212604401382,4.1749981289260365,1402.5
1123,-1.195047689558286,-1.8612316246741334,-1.8177704217253927,-2.5959932723018695,-1.2077227343784889,4.161370875152949,1403.75
1124,-1.1950476878061669,-1.8612316323462843,-1.8177704254408718,-2.595993268958229,-1.2077227413274023,4.137748993115307,1405.0
1125,-1.195047685312312,-1.861231643266335,-1.8177704307292477,-2.5959932641991044,-1.2077227512180428,4.1041271110776325,1406.25
1126,-1.1950476820767217,-1.8612316574342858,-1.8177704375905208,-2.595993258024495,-1.2077227640504107,4.060505229039997,1407.5
1127,-1.1950476778188903,-1.8612316751130618,-1.8177704452173042,-2.595993253465953,-1.2077227773316697,4.006883350947229,1408.75
1128,-1.1950476725251555,-1.8612316963154698,-1.8177704535702737,-2.595993250671132,-1.2077227909404051,3.9432614759978444,1410.0
1129,-1.19504766872908,-1.8612317197995711,-1.8177704670954307,-2.595993234247442,-1.2077228012312136,3.869639606582469,1411.25
1130,-1.1950476694115162,-1.8612317442207882,-1.8177704907306804,-2.595993187318963,-1.2077228012220154,3.786017748216374,1412.5
1131,-1.1950476701565744,-1.8612317715479982,-1.8177705172446426,-2.595993134555391,-1.207722801048642,3.692395897624542,1413.75
1132,-1.195047673737557,-1.8612318011143216,-1.8177705469195282,-2.595993076222669,-1.2077228038320302,3.58877405389576,1415.0
1133,-1.195047689776319,-1.8612318305988231,-1.8177705807550564,-2.595993013159373,-1.2077228203462702,3.4751522195932827,1416.25
1134,-1.1950477072283532,-1.861231862677247,-1.8177706175715782,-2.5959929445346113,-1.2077228383288021,3.351530394271857,1417.5
1135,-1.1950477388142577,-1.8612318918244057,-1.817770655942545,-2.5959928775493446,-1.2077228704559042,3.2179085745119282,1418.75
1136,-1.1950477763224718,-1.861231921607246,-1.8177706967866754,-2.595992807563179,-1.2077229085367513,3.07428675607804,1420.0
1137,-1.1950478280670425,-1.8612319453479644,-1.8177707362042126,-2.5959927452434353,-1.2077229607842441,2.9206649427733113,1421.25
1138,-1.1950478869624095,-1.86123196799334,-1.817770776798103,-2.595992682947025,-1.2077230201795632,2.7570431357616214,1422.5
1139,-1.1950479571671369,-1.8612319778935165,-1.8177708085051063,-2.595992642417263,-1.207723090700783,2.5929183180275985,1423.75
1140,-1.1950480243660533,-1.86123198445972,-1.8177708360145526,-2.5959926093650085,-1.2077231581550707,2.4387870104744813,1425.0
1141,-1.1950480913016175,-1.8612319806140771,-1.8177708532802186,-2.5959925969362256,-1.2077232251752317,2.2946557029212746,1426.25
1142,-1.1950481535343753,-1.8612319752966306,-1.8177708676327702,-2.595992588817996,-1.207723287458167,2.1605243953680557,1427.5
1143,-1.1950482108348157,-1.8612319617142736,-1.8177708723706578,-2.5959925984831362,-1.2077233446628162,2.0363930878147793,1428.75
1144,-1.195048263519144,-1.8612319492261156,-1.8177708767268523,-2.595992607369657,-1.2077233972590702,1.922261780261468,1430.0
1145,-1.1950483084600723,-1.86123193208425,-1.8177708741098946,-2.595992627754549,-1.2077234420187923,1.8181304727081116,1431.25
1146,-1.1950483481287941,-1.8612319148306922,-1.8177708697283879,-2.595992649936483,-1.2077234814928677,1.7239991651547513,1432.5
1147,-1.1950483835833272,-1.8612318994100618,-1.8177708658123448,-2.59599266976193,-1.2077235167734326,1.6398678576013639,1433.75
1148,-1.1950484115082811,-1.8612318831898003,-1.817770858751543,-2.5959926934169246,-1.2077235444947596,1.5657365500479807,1435.0
1149,-1.1950484337673255,-1.861231867649738,-1.8177708505753878,-2.5959927174241275,-1.207723566548814,1.5016052424945994,1436.25
1150,-1.1950484525555154,-1.8612318545328401,-1.81777084367414,-2.595992737687886,-1.2077235851639785,1.44747393494124,1437.5
1151,-1.195048467872851,-1.8612318438391064,-1.8177708380477984,-2.5959927542082006,-1.2077236003402532,1.403342627387921,1438.75
1152,-1.1950484797193321,-1.8612318355685358,-1.817770833696366,-2.595992766985069,-1.207723612077637,1.3692113198345912,1440.0
1153,-1.1950484880949586,-1.8612318297211274,-1.8177708306198432,-2.595992776018493,-1.20772362037613,1.3450800122812638,1441.25
1154,-1.19504849299973,-1.861231826296882,-1.8177708288182297,-2.5959927813084707,-1.2077236252357322,1.3309487047279251,1442.5
1155,-1.196032786075114,-1.8639425756541717,-1.8140544543269708,-2.5970051854025904,-1.2087058002251487,1.3248338924180099,1443.75
1156,-1.1973715715439195,-1.8676296132444625,-1.8089996164643183,-2.5983822076337284,-1.2100417057369697,1.3283447085445421,1445.0
1157,-1.1974723895055903,-1.8679072803367274,-1.8086189459870845,-2.5984859103603752,-1.2101423097129445,1.3398421907264608,1446.25
1158,-1.1974723829249654,-1.8679072862181005,-1.808618945984096,-2.5984859136342893,-1.2101423085985341,1.3610111252893813,1447.5
1159,-1.1974723732357169,-1.8679072948777775,-1.8086189459796964,-2.5984859184547693,-1.210142306957687,1.3921800598523058,1448.75
1160,-1.1974723604378448,-1.867907306315758,-1.808618945973885,-2.5984859248218144,-1.2101423047904036,1.4333489944152202,1450.0
1161,-1.1974723447151117,-1.8679073204123178,-1.8086189463217157,-2.598485931449575,-1.2101423037289738,1.484517923310999,1451.25
1162,-1.1974723263608738,-1.8679073369763297,-1.8086189475899945,-2.5984859362853285,-1.2101423063791779,1.5456868397530932,1452.5
1163,-1.1974723042394277,-1.8679073556589103,-1.8086189492592815,-2.5984859397672846,-1.2101423065510548,1.6168557547184044,1453.75
1164,-1.197472270378337,-1.8679073703312472,-1.8086189533436046,-2.5984859195954684,-1.2101422739658858,1.6980246545557667,1455.0
1165,-1.1974722323339873,-1.867907386802733,-1.808618957961895,-2.5984858968071416,-1.2101422372661792,1.7891935495951057,1456.25
1166,-1.1974721900970744,-1.8679074050665527,-1.8086189631388903,-2.5984858712967425,-1.2101421963715255,1.8903624369582848,1457.5
1167,-1.1974721393103067,-1.867907417538761,-1.8086189594148134,-2.5984858616897664,-1.2101421456918795,2.0015313131852386,1458.75
1168,-1.197472083703707,-1.8679074306989678,-1.808618954814003,-2.5984858522842806,-1.210142090116054,2.122700182186765,1460.0
1169,-1.1974720233112268,-1.8679074389987278,-1.8086189439318265,-2.5984858539642492,-1.2101420296932925,2.253869044744552,1461.25
1170,-1.1974719581429591,-1.867907442729413,-1.808618927058997,-2.598485866143374,-1.210141964440312,2.3950379044009216,1462.5
1171,-1.1974718910967024,-1.8679074400520086,-1.8086189033158901,-2.598485891554188,-1.2101418972009004,2.546206760547466,1463.75
1172,-1.197471822275395,-1.8679074307155865,-1.8086188724891628,-2.5984859306615293,-1.2101418280738583,2.7073756101420194,1465.0
1173,-1.19747175979698,-1.8679074115077456,-1.808618833987476,-2.598485987383623,-1.2101417651414152,2.8732238919037845,1466.25
1174,-1.197471703772291,-1.8679073899637224,-1.8086187952294306,-2.5984860467886115,-1.2101417086385533,3.029804297856284,1467.5
1175,-1.1974716648845205,-1.8679073603354504,-1.8086187539476561,-2.5984861170364804,-1.210141669177686,3.176384703808865,1468.75
1176,-1.197471629427982,-1.8679073321855073,-1.8086187151952708,-2.598486183332,-1.2101416331799468,3.3129651097615485,1470.0
1177,-1.1974716103548486,-1.8679073001047026,-1.8086186777516824,-2.5984862524843764,-1.2101416135372802,3.4395455157142005,1471.25
1178,-1.1974715939903404,-1.867907270036019,-1.8086186431329345,-2.5984863168457744,-1.210141596642309,3.556125921666932,1472.5
1179,-1.1974715859772032,-1.867907240901629,-1.8086186120602954,-2.5984863768543636,-1.2101415881325588,3.6627063276196887,1473.75
1180,-1.1974715850338078,-1.86790721300497,-1.8086185844274023,-2.5984864322946906,-1.2101415867285503,3.759286733572478,1475.0
1181,-1.197471584188092,-1.867907187996755,-1.8086185596556321,-2.598486481994689,-1.2101415854699136,3.8458671395252866,1476.25
1182,-1.197471587032116,-1.8679071656713666,-1.808618538674979,-2.598486525283228,-1.2101415879532837,3.922447545478084,1477.5
1183,-1.19747159513005,-1.8679071459392698,-1.808618521890407,-2.5984865618680613,-1.2101415957448234,3.9890279514309017,1478.75
1184,-1.1974716020117204,-1.867907129170823,-1.808618507626783,-2.59848659295806,-1.210141602366118,4.045608357383685,1480.0
1185,-1.1974716076771268,-1.8679071153660272,-1.8086184958841032,-2.598486618553224,-1.2101416078171674,4.092188763336412,1481.25
1186,-1.1974716121262694,-1.8679071045248805,-1.8086184866623725,-2.5984866386535534,-1.2101416120979718,4.128769169289151,1482.5
1187,-1.197471615359148,-1.8679070966473819,-1.8086184799615896,-2.598486653259047,-1.2101416152085311,4.155349575241901,1483.75
1188,-1.1974716173757631,-1.8679070917335325,-1.8086184757817552,-2.598486662369707,-1.210141617148845,4.171929981194664,1485.0
1189,-1.198079192167988,-1.8696011400981656,-1.8062834167399129,-2.599131830243422,-1.2107478219333323,4.179917320259902,1486.25
1190,-1.1995225810393122,-1.8736256292696685,-1.8007361149014622,-2.600664519601812,-1.2121879568723468,4.178863104145794,1487.5
1191,-1.1998633025391365,-1.87457564154937,-1.7994266363345726,-2.6010263204928408,-1.2125279135644245,4.1692605497999295,1488.75
1192,-1.1998633011512436,-1.8745756475571846,-1.7994266392248826,-2.6010263179956867,-1.2125279189126443,4.150575273055312,1490.0
1193,-1.1998632990205769,-1.8745756567802658,-1.7994266436620305,-2.6010263141621053,-1.2125279271231286,4.121889996310676,1491.25
1194,-1.1998632961471367,-1.8745756692186135,-1.7994266496460165,-2.601026308992094,-1.2125279381958771,4.083204719566051,1492.5
1195,-1.199863292500706,-1.8745756849002053,-1.799426657090917,-2.601026302806222,-1.212527951859649,4.034519443260163,1493.75
1196,-1.1998632876141304,-1.8745757042575693,-1.7994266646683534,-2.601026300560431,-1.2125279639210846,3.975834173437735,1495.0
1197,-1.1998632818948796,-1.874575726913438,-1.799426673536989,-2.601026297931956,-1.2125279780377947,3.9071489036152887,1496.25
1198,-1.1998632814276236,-1.8745757501025404,-1.7994266938436856,-2.6010262603881475,-1.212527980500466,3.8284636477485154,1497.5
1199,-1.199863282139556,-1.8745757756710328,-1.7994267188139623,-2.601026210975323,-1.212527980443836,3.739778396226733,1498.75
1200,-1.199863282905916,-1.8745758041018332,-1.7994267466745497,-2.6010261556744134,-1.2125279801565478,3.641093155463,1500.0
1201,-1.199863293902784,-1.874575832959885,-1.7994267784480347,-2.6010260955312994,-1.2125279911387237,3.532407922924231,1501.25
1202,-1.199863310459728,-1.8745758633736382,-1.7994268136344358,-2.601026030190616,-1.2125280081988574,3.4137226981135376,1502.5
1203,-1.199863333017816,-1.874575894352191,-1.7994268512679614,-2.6010259619422276,-1.2125280312981488,3.2850374805897475,1503.75
1204,-1.1998633688078977,-1.8745759227598737,-1.79942689053115,-2.6010258948824045,-1.2125280676403123,3.1463522674952715,1505.0
1205,-1.1998634111430235,-1.8745759504517474,-1.799426931157973,-2.6010258272716817,-1.2125281105298056,2.997667056261598,1506.25
1206,-1.1998634675839444,-1.8745759721558612,-1.7994269703501358,-2.6010257672796406,-1.2125281674551376,2.838981851868988,1507.5
1207,-1.199863532292251,-1.874575988577615,-1.7994270069571048,-2.601025715264898,-1.2125282325789255,2.672551965865864,1508.75
1208,-1.1998635998636262,-1.8745759977518042,-1.799427037337359,-2.6010256767478923,-1.2125283004523553,2.513364795841995,1510.0
1209,-1.1998636667311415,-1.87457599772516,-1.7994270584417151,-2.6010256566724617,-1.2125283674682925,2.3641776258180407,1511.25
1210,-1.1998637306024296,-1.8745759940811513,-1.799427075039805,-2.601025644666074,-1.2125284314215468,2.2249904557940825,1512.5
1211,-1.1998637896478301,-1.8745759836998692,-1.799427083483517,-2.60102564746098,-1.2125284904268185,2.095803285770041,1513.75
1212,-1.1998638440116554,-1.874575970842939,-1.799427088011819,-2.6010256565701466,-1.2125285446991763,1.9766161157459634,1515.0
1213,-1.1998638926842022,-1.8745759569891227,-1.7994270897607156,-2.6010256693676252,-1.2125285932511087,1.867428945721818,1516.25
1214,-1.1998639339860098,-1.8745759390537289,-1.7994270851642116,-2.601025692470679,-1.2125286343484327,1.7682417756976876,1517.5
1215,-1.1998639711237917,-1.8745759229265762,-1.7994270810311188,-2.601025713244496,-1.2125286713023473,1.6790546056735258,1518.75
1216,-1.1998640033326624,-1.8745759080005442,-1.7994270765223426,-2.6010257331222024,-1.2125287033362293,1.5998674356493237,1520.0
1217,-1.1998640270603587,-1.87457589145607,-1.7994270677409454,-2.601025758759512,-1.2125287268433076,1.530680265625146,1521.25
1218,-1.199864047358561,-1.8745758773028591,-1.7994270602287719,-2.6010257806913204,-1.212528746952779,1.4714930956009709,1522.5
1219,-1.1998640642272704,-1.8745758655409142,-1.7994270539858181,-2.6010257989176297,-1.2125287636646451,1.4223059255768673,1523.75
1220,-1.1998640776664862,-1.8745758561702321,-1.7994270490120878,-2.6010258134384383,-1.2125287769789044,1.3831187555527689,1525.0
1221,-1.1998640876762081,-1.8745758491908129,-1.799427045307582,-2.601025824253746,-1.2125287868955572,1.3539315855286311,1526.25
1222,-1.199864094256436,-1.8745758446026564,-1.7994270428723003,-2.601025831363553,-1.212528793414603,1.3347444155045243,1527.5
1223,-1.1998640974071704,-1.8745758424057626,-1.7994270417062426,-2.60102583476786,-1.212528796536042,1.3255572454803923,1528.75
1224,-1.1998640977078066,-1.8745758421961398,-1.7994270415949798,-2.6010258350926914,-1.212528796833883,1.3246806258398423,1529.27339625
