,shoulder_pan_joint,shoulder_lift_joint,elbow_joint,wrist_1_joint,wrist_2_joint,wrist_3_joint,time_from_start
0,-1.080448696821463,-2.1192892932374305,-2.1759446466609482,1.14725856944097,-5.190401758161499,-0.0030189688633130572,0.0
1,-1.0811128655448266,-2.1189664525621024,-2.174926881654333,1.1460173089774366,-5.189685322446906,0.001981031136686935,1.25
2,-1.0831053717149168,-2.1179979305361165,-2.1718735866344856,1.1422935275868362,-5.1875360153031265,0.016981031136686944,2.5
3,-1.0864262153317343,-2.1163837271594748,-2.1667847616014075,1.136087225269169,-5.183953836730161,0.04198103113668696,3.75
4,-1.0910750770667847,-2.1141244144511493,-2.159660111275139,1.127398734204791,-5.178939233112814,0.07698102852285515,5.0
5,-1.0969990605776407,-2.1113148298564397,-2.150450566187404,1.1162830267719577,-5.172566167863894,0.12198107000948166,6.25
6,-1.104115123042259,-2.1081038638494682,-2.1390790845401617,1.102826402685558,-5.164950758228926,0.17698124989127262,7.5
7,-1.1123496196273406,-2.104623519902254,-2.1254773203216746,1.0871049903695016,-5.1561963024251565,0.24198157990889468,8.75
8,-1.1216240617165214,-2.1010138411905093,-2.109571225107998,1.0691891742402242,-5.1464213628521245,0.31698205436719573,10.0
9,-1.1313877834237194,-2.097590272900889,-2.092112697457955,1.0500686781823418,-5.136238484877645,0.39811535813892274,11.25
10,-1.1398925164692617,-2.0949348472597746,-2.076283033010967,1.0331750248420422,-5.1274697765161825,0.47067857359185017,12.5
11,-1.1470557290451135,-2.0929478077121546,-2.062473776504111,1.0187592248606645,-5.120164093202128,0.5332419341061696,13.75
12,-1.152956497025023,-2.0914878751176644,-2.050758741809745,1.006745350465137,-5.114205138837467,0.5858054028717348,15.0
13,-1.1576582598690246,-2.0904418245409753,-2.0411980870889663,0.9970767376641105,-5.109497863551593,0.6283689468594243,16.25
14,-1.161209268957824,-2.089723689985161,-2.033838762731715,0.9897157018937159,-5.105967744182929,0.6609325460916418,17.5
15,-1.163646422103914,-2.089267733019428,-2.0287166721954897,0.9846334259995446,-5.103557792805577,0.6834961837493263,18.75
16,-1.1655457053384441,-2.0889226953584745,-2.0247051686357027,0.9806643751617282,-5.101683292955799,0.6960663069818922,20.0
17,-1.1687522819837806,-2.0883401774243753,-2.0179325133387094,0.9739634019262304,-5.098518557992801,0.698650435447995,21.25
18,-1.171405099491624,-2.087858263559645,-2.012329461247319,0.9684196572622799,-5.095900356159593,0.6912402165259159,22.5
19,-1.1716736763395141,-2.0878094834855543,-2.011762197688051,0.9678584052239793,-5.095635283611889,0.675352483646492,23.75
20,-1.171673694048362,-2.0878094969090304,-2.011762162418002,0.9678583822994407,-5.095635265690813,0.6499174252858851,25.0
21,-1.171673718718742,-2.0878095156097305,-2.011762113281438,0.9678583503601712,-5.095635240730993,0.6144823671253271,26.25
22,-1.171673750303323,-2.087809539569437,-2.0117620502890285,0.9678583093075397,-5.095635209128289,0.5690473188315773,27.5
23,-1.171673788839494,-2.087809568802541,-2.011761973432342,0.9678582592194536,-5.095635170570007,0.5136122705378248,28.75
24,-1.1716738210642565,-2.087809601641494,-2.0117619185622524,0.9678582352926939,-5.095635138272585,0.4481772287775189,30.0
25,-1.1716738323119955,-2.0878096362423975,-2.0117619253210144,0.9678582764462503,-5.095635126850153,0.37274219880658865,31.25
26,-1.1716738450505781,-2.08780967543347,-2.011761932972804,0.9678583230691431,-5.095635113915221,0.28730717415927576,32.5
27,-1.1716738592799523,-2.087809719215554,-2.011761941516877,0.9678583751648742,-5.095635099468222,0.1918721552227401,33.75
28,-1.171673887659513,-2.08780976016592,-2.0117619526020385,0.9678584268303746,-5.095635070754718,0.08643714019245094,35.0
29,-1.1716739194217225,-2.0878098045953095,-2.0117619648284077,0.9678584830747134,-5.095635038621001,-0.02899786950388798,36.25
30,-1.1716739597041719,-2.087809847022528,-2.0117619785470775,0.9678585387241705,-5.095634997975546,-0.15443287394158664,37.5
31,-1.1716740109962949,-2.0878098849225286,-2.0117619939449636,0.9678585914192837,-5.095634946347148,-0.2898678724280717,38.75
32,-1.1716740697906132,-2.0878099191119253,-2.011762010406067,0.9678586413984634,-5.095634887239402,-0.4353028622608051,40.0
33,-1.1716741397839607,-2.087809942690667,-2.0117620278027086,0.9678586816110308,-5.095634817006207,-0.5902895954749774,41.25
34,-1.1716742106650022,-2.087809955673376,-2.0117620440202035,0.9678587100618588,-5.095634745966949,-0.7414901943773049,42.5
35,-1.1716742795581,-2.0878099573824276,-2.0117620583812217,0.9678587254267148,-5.095634677004856,-0.8826907932796298,43.75
36,-1.1716743433837877,-2.087809950741413,-2.0117620706292687,0.9678587303978498,-5.0956346131791665,-1.0138913921819508,45.0
37,-1.1716744021275893,-2.0878099351177926,-2.0117620806801093,0.9678587242599759,-5.0956345545092825,-1.1350919910842694,46.25
38,-1.171674455805362,-2.087809920109697,-2.011762089770139,0.9678587178271028,-5.09563450090474,-1.246292589986585,47.5
39,-1.1716745005551743,-2.087809893850709,-2.011762095582072,0.967858696980024,-5.095634456322818,-1.3474931888888988,48.75
40,-1.171674540883096,-2.087809870186469,-2.0117621008197024,0.9678586781929192,-5.095634416146197,-1.4386937877912112,50.0
41,-1.1716745767891261,-2.0878098491169763,-2.0117621054830326,0.9678586614657889,-5.095634380374878,-1.51989438669352,51.25
42,-1.1716746032327046,-2.0878098235917144,-2.011762107631577,0.9678586378739167,-5.09563435410829,-1.591094985595831,52.5
43,-1.1716746255019048,-2.0878098010074115,-2.0117621093011104,0.9678586167802653,-5.0956343319966,-1.652295584498144,53.75
44,-1.1716746441323833,-2.087809782113319,-2.0117621106978447,0.9678585991332536,-5.095634313497895,-1.7034961834004596,55.0
45,-1.1716746591241392,-2.0878097669094364,-2.011762111821781,0.9678585849328827,-5.095634298612175,-1.7446967823027753,56.25
46,-1.1716746704771723,-2.087809755395763,-2.0117621126729213,0.9678585741791536,-5.095634287339443,-1.7758973812050913,57.5
47,-1.1716746781914826,-2.0878097475722983,-2.0117621132512657,0.9678585668720665,-5.095634279679696,-1.797097980107405,58.75
48,-1.1717750265425744,-2.0879865547279413,-2.0114184098049575,0.9676915921191865,-5.095534120090785,-1.8085981953733914,60.0
49,-1.1732651467865627,-2.0906122168130037,-2.006314381538496,0.9652120612082231,-5.094046802568501,-1.8122634480331112,61.25
50,-1.1743877690066131,-2.0925903383492095,-2.002469113432199,0.9633440340528772,-5.09292629303325,-1.8063152513255272,62.5
51,-1.1743877636311622,-2.092590341665854,-2.0024691145572144,0.9633440311849263,-5.092926301181512,-1.7924641838257604,63.75
52,-1.174387754374818,-2.0925903473770027,-2.0024691164944532,0.9633440262464124,-5.0929263152125435,-1.7686131163259948,65.0
53,-1.1743877412375812,-2.0925903554826553,-2.0024691192439152,0.9633440192373355,-5.092926335126343,-1.7347620488262265,66.25
54,-1.1743877242194511,-2.0925903659828133,-2.0024691228056004,0.9633440101576956,-5.092926360922911,-1.6909109813264596,67.5
55,-1.1743877037896888,-2.092590378501403,-2.00246912756433,0.9633439976483152,-5.092926388656753,-1.6370599272056088,68.75
56,-1.1743876799314896,-2.0925903930518928,-2.002469133506324,0.9633439817578632,-5.092926418469149,-1.5732088826485082,70.0
57,-1.1743876506024649,-2.0925904106531443,-2.0024691363071474,0.9633439756514474,-5.092926451573176,-1.4993578440004063,71.25
58,-1.1743876139656788,-2.092590432122793,-2.0024691316540237,0.9633439923281825,-5.092926486509879,-1.4155068159330826,72.5
59,-1.1743875729676467,-2.092590456218342,-2.002469126389085,0.9633440112724583,-5.092926525545346,-1.3216557961902695,73.75
60,-1.1743875265578168,-2.092590479907458,-2.002469119916344,0.9633440288295648,-5.092926570229319,-1.2178047834265644,75.0
61,-1.1743874717213585,-2.092590494507168,-2.002469110497711,0.9633440346246204,-5.0929266249839245,-1.1039537798108139,76.25
62,-1.1743874120660172,-2.0925905103899836,-2.002469100250862,0.9633440409307066,-5.092926684567862,-0.9801027855218646,77.5
63,-1.1743873472438144,-2.0925905122349984,-2.0024690871508444,0.9633440303521752,-5.092926749432419,-0.8462517968593333,78.75
64,-1.1743872774943183,-2.092590510522247,-2.0024690725836143,0.9633440147870101,-5.092926819256045,-0.7024008095705959,80.0
65,-1.1743872072769317,-2.0925904918140334,-2.0024690557296942,0.9633439799804377,-5.092926889678279,-0.5485498275645112,81.25
66,-1.1743871337418519,-2.092590467088761,-2.002469037417838,0.9633439377455,-5.092926963467213,-0.38469885176070234,82.5
67,-1.1743870720368716,-2.092590421623432,-2.0024690188662477,0.9633438744538436,-5.092927025578933,-0.2208091008043749,83.75
68,-1.1743870173974593,-2.0925903755718442,-2.0024690016923903,0.9633438118827999,-5.092927080623901,-0.06691931215642596,85.0
69,-1.174386978053645,-2.09259032061388,-2.0024689865167877,0.9633437422662906,-5.092927120430553,0.07697047649152203,86.25
70,-1.17438694444947,-2.092590267713386,-2.002468972786921,0.963343676090094,-5.09292715447675,0.2108602651394697,87.5
71,-1.174386926070154,-2.0925902113093113,-2.0024689617370837,0.9633436089423619,-5.092927173313095,0.33475005378742123,88.75
72,-1.1743869091743597,-2.092590159458004,-2.002468951579146,0.9633435472145838,-5.092927190629028,0.4486398424353725,90.0
73,-1.17438690474313,-2.092590109240125,-2.0024689441955417,0.9633434897639438,-5.092927195457401,0.5525296310833256,91.25
74,-1.1743869036863606,-2.0925900630722984,-2.0024689380279987,0.9633434375364661,-5.0929271968768175,0.6464194197312788,92.5
75,-1.1743869027421454,-2.09259002182171,-2.002468932517343,0.963343390871623,-5.092927198145054,0.7303092083792336,93.75
76,-1.1743869082818454,-2.092589985644828,-2.0024689289942597,0.9633433511912253,-5.092927192884313,0.8041989970271897,95.0
77,-1.1743869163800769,-2.09258995444525,-2.0024689266389193,0.9633433176192991,-5.092927185023946,0.8680887856751464,96.25
78,-1.1743869232107769,-2.0925899281290166,-2.0024689246522343,0.9633432893020346,-5.0929271783938805,0.9219785743231022,97.5
79,-1.1743869287739455,-2.0925899066961278,-2.0024689230342045,0.9633432662394319,-5.092927172994115,0.9658683629710549,98.75
80,-1.1743869330695826,-2.0925898901465816,-2.0024689217848324,0.9633432484314914,-5.09292716882465,0.9997581516190097,100.0
81,-1.1743869360976884,-2.0925898784803785,-2.0024689209041173,0.9633432358782137,-5.092927165885487,1.023647940266965,101.25
82,-1.174386937858263,-2.0925898716975184,-2.00246892039206,0.9633432285795985,-5.092927164176625,1.0375377289149201,102.5
83,-1.1754852748608782,-2.0945562878717974,-1.998643193569742,0.9614830942746007,-5.091830969461072,1.0435215065676333,103.75
84,-1.1769587742612435,-2.097194386803274,-1.9935106969523382,0.9589875894989524,-5.0903603442676735,1.0399059824597774,105.0
85,-1.177061985759101,-2.0973791794134247,-1.993151186996515,0.9588127882595981,-5.0902573346995785,1.0284542217734836,106.25
86,-1.177061982951619,-2.0973791867576477,-1.9931511903194905,0.9588127869402019,-5.090257338645237,1.0073158293634863,107.5
87,-1.1770619788159933,-2.097379197576224,-1.9931511952144758,0.9588127849966352,-5.090257344457481,0.976177436953493,108.75
88,-1.1770619733522243,-2.0973792118691525,-1.9931512016814703,0.958812782428898,-5.090257352136308,0.9350390445435011,110.0
89,-1.1770619663061277,-2.0973792297327623,-1.9931512096063844,0.958812779522308,-5.090257363831094,0.8839006572880237,111.25
90,-1.1770619572664134,-2.0973792513229186,-1.9931512188046114,0.9588127767385304,-5.090257383019688,0.822762281469051,112.5
91,-1.1770619477458968,-2.097379277313301,-1.9931512289557685,0.9588127773395112,-5.090257403385833,0.7516239070857282,113.75
92,-1.1770619484485025,-2.0973793170250388,-1.993151234142732,0.9588128225213222,-5.090257403892083,0.6704855477939045,115.0
93,-1.1770619492428718,-2.0973793616681213,-1.993151239936675,0.9588128734297149,-5.090257404416811,0.5793471933539907,116.25
94,-1.177061950133249,-2.097379411272945,-1.9931512463110828,0.958812930194489,-5.090257404923964,0.47820884675293807,117.5
95,-1.1770619657156278,-2.0973794617356103,-1.9931512560160152,0.9588129902238272,-5.090257389008222,0.3670705112602893,118.75
96,-1.1770619835797,-2.0973795164941267,-1.9931512667579083,0.9588130555083081,-5.090257370656807,0.24593218304442704,120.0
97,-1.1770620118663473,-2.097379570517787,-1.9931512795639164,0.9588131219736131,-5.090257341896262,0.11479386135645256,121.25
98,-1.1770620502180509,-2.0973796240166607,-1.993151294386566,0.9588131897893358,-5.0902573030871245,-0.02634445730862592,122.5
99,-1.177062099335189,-2.097379673160709,-1.9931513108649934,0.9588132548057755,-5.09025725353966,-0.17748277243996824,123.75
100,-1.1770621596039483,-2.097379717559197,-1.9931513290281724,0.9588133166584736,-5.090257192870361,-0.33862108105964517,125.0
101,-1.1770622302819413,-2.0973797481464316,-1.99315134755124,0.9588133649822783,-5.090257121892277,-0.504478244794374,126.25
102,-1.1770623001286498,-2.0973797715872973,-1.9931513649789783,0.9588134050878274,-5.090257051802597,-0.6610822570880184,127.5
103,-1.1770623704521634,-2.0973797745343057,-1.9931513798553244,0.9588134221859964,-5.090256981397633,-0.807686269381654,128.75
104,-1.1770624362768352,-2.0973797761336455,-1.993151393630101,0.95881343688374,-5.090256915505879,-0.9442902816752209,130.0
105,-1.177062496916041,-2.0973797615990413,-1.9931514042500589,0.9588134323793941,-5.090256854931351,-1.0708942939687813,131.25
106,-1.1770625527324303,-2.097379746765238,-1.9931514138372304,0.9588134265929986,-5.090256799185992,-1.1874983062623343,132.5
107,-1.17706260154216,-2.09737972639962,-1.993151421264951,0.9588134131985184,-5.090256750496794,-1.2941023185558773,133.75
108,-1.1770626437312002,-2.097379701685221,-1.9931514267657358,0.9588133936050872,-5.090256708468122,-1.3907063308494205,135.0
109,-1.177062681553028,-2.097379679529145,-1.9931514316970982,0.9588133760398745,-5.090256670790061,-1.4773103431429604,136.25
110,-1.1770627129106435,-2.0973796570061345,-1.9931514352485975,0.9588133567947237,-5.090256639584459,-1.5539143554364978,137.5
111,-1.177062736846715,-2.09737963278074,-1.9931514370502441,0.9588133341767696,-5.090256615819987,-1.620518367730037,138.75
112,-1.1770627571889984,-2.0973796121925736,-1.9931514385813887,0.9588133149546999,-5.09025659562354,-1.677122380023579,140.0
113,-1.1770627739374944,-2.097379595241636,-1.9931514398420291,0.9588132991285133,-5.090256578995117,-1.723726392317126,141.25
114,-1.177062787092202,-2.0973795819279255,-1.9931514408321696,0.9588132866982115,-5.090256565934717,-1.7603304046106736,142.5
115,-1.1770627966531209,-2.0973795722514423,-1.993151441551809,0.9588132776637949,-5.090256556442341,-1.7869344169042187,143.75
116,-1.1770628026202516,-2.097379566212186,-1.9931514420009484,0.9588132720252632,-5.09025655051799,-1.8035384291977647,145.0
117,-1.1777115947105214,-2.0985597578204898,-1.9908534486141023,0.9576950039883915,-5.0896090702283585,-1.8115762662558488,146.25
118,-1.179310899835388,-2.101469010401411,-1.9851887524870606,0.9549384102314329,-5.0880129990778435,-1.8106815341378817,147.5
119,-1.1797007012430947,-2.102178096147483,-1.9838080745778273,0.9542665330595791,-5.087623987709766,-1.8013017203421484,148.75
120,-1.1797006941842971,-2.1021781004996196,-1.98380807606361,0.9542665293171936,-5.087623998488393,-1.7828994188285772,150.0
121,-1.1797006832896764,-2.1021781072167522,-1.9838080783567826,0.9542665235411574,-5.087624015124236,-1.7544971173150072,151.25
122,-1.1797006685592324,-2.1021781162988806,-1.9838080814573449,0.9542665157314705,-5.087624037617296,-1.7160948158014349,152.5
123,-1.179700650020365,-2.1021781277234703,-1.9838080853884918,0.9542665058062313,-5.087624065734689,-1.6676925151893602,153.75
124,-1.1797006284418514,-2.1021781408582547,-1.9838080908010305,0.9542664914674697,-5.087624092942198,-1.6092902369534412,155.0
125,-1.1797006031685304,-2.1021781562420583,-1.9838080971403373,0.9542664746735363,-5.087624124808347,-1.5408879587175264,156.25
126,-1.1797005702044825,-2.102178175647506,-1.9838080949035475,0.9542664838149358,-5.087624157834517,-1.4624856938508783,157.5
127,-1.1797005320533356,-2.1021781979748195,-1.983808090032537,0.9542665011567542,-5.087624194200572,-1.374083433439278,158.75
128,-1.1797004895979064,-2.1021782229179697,-1.9838080845312578,0.9542665208451476,-5.0876242345833695,-1.2756811844224685,160.0
129,-1.179700439553823,-2.1021782410100442,-1.9838080765382882,0.9542665314263383,-5.087624283848498,-1.1672789433097304,161.25
130,-1.1797003832266046,-2.102178255996613,-1.9838080668244011,0.9542665373336461,-5.0876243400975,-1.048876710023618,162.5
131,-1.1797003220296036,-2.1021782673941605,-1.983808055643431,0.9542665382244675,-5.087624401259114,-0.9204744842238279,163.75
132,-1.179700255749172,-2.1021782658012547,-1.9838080417450379,0.9542665234155763,-5.0876244676111755,-0.7820722631812627,165.0
133,-1.1797001859758829,-2.102178259112183,-1.9838080264642246,0.9542665021738908,-5.087624537498943,-0.6336700439522366,166.25
134,-1.1797001157631777,-2.102178235592831,-1.9838080089095156,0.9542664618677467,-5.087624607957703,-0.47526783152651725,167.5
135,-1.1797000474316326,-2.1021782014589245,-1.983807990366588,0.9542664099615843,-5.087624676618274,-0.30892031202960024,168.75
136,-1.1796999882050239,-2.1021781578933947,-1.983807972481117,0.9542663492075654,-5.087624736241443,-0.14958383921299007,170.0
137,-1.1796999427181307,-2.102178106928258,-1.9838079564741204,0.9542662828069403,-5.087624782172344,-0.00024736639638735236,171.25
138,-1.1796999050908652,-2.1021780545088173,-1.983807941902076,0.9542662163094404,-5.087624820248626,0.13908910642020447,172.5
139,-1.1796998802524132,-2.1021779999464654,-1.9838079296939135,0.9542661499063065,-5.087624845542468,0.2684255792367856,173.75
140,-1.179699862768818,-2.102177946421845,-1.983807919139672,0.95426608611732,-5.087624863467035,0.3877620520533642,175.0
141,-1.1796998500994849,-2.1021778964926203,-1.9838079100462804,0.9542660273278118,-5.087624876544676,0.4970985248699366,176.25
142,-1.1796998489970265,-2.1021778483647937,-1.9838079035759635,0.9542659728405328,-5.0876248780314155,0.5964349976865037,177.5
143,-1.1796998480055505,-2.1021778050819,-1.9838078977569948,0.9542659238383746,-5.087624879368489,0.6857714705030675,178.75
144,-1.1796998480987593,-2.102177766667342,-1.9838078927935565,0.9542658805388966,-5.087624879581191,0.7651079433196318,180.0
145,-1.1796998567803365,-2.1021777333014837,-1.9838078902591136,0.9542658446186711,-5.087624871158125,0.8344444161361955,181.25
146,-1.17969986420982,-2.102177704747792,-1.983807888090199,0.954265813879013,-5.08762486394987,0.893780888952764,182.5
147,-1.1796998703872095,-2.1021776810062667,-1.983807886286809,0.9542657883199204,-5.087624857956424,0.9431173617693371,183.75
148,-1.1796998753125052,-2.1021776620769073,-1.9838078848489473,0.9542657679413951,-5.08762485317779,0.9824538345859113,185.0
149,-1.1796998789857072,-2.1021776479597123,-1.9838078837766144,0.9542657527434373,-5.087624849613965,1.011790307402483,186.25
150,-1.1796998814068151,-2.1021776386546827,-1.9838078830698105,0.954265742726047,-5.08762484726495,1.0311267802190558,187.5
151,-1.1799698951188435,-2.102676665344835,-1.982835419984668,0.9537921206169381,-5.087355399310497,1.0412086224931032,188.75
152,-1.1815157169706962,-2.1055336206146915,-1.9772680696624405,0.9510806620911832,-5.085812816243166,1.0430485489521848,190.0
153,-1.182301286449104,-2.1069854985101926,-1.974438801386404,0.949702727303141,-5.08502889308161,1.0357225407639787,191.25
154,-1.1823012843890008,-2.1069855038700362,-1.974438803832912,0.949702726336006,-5.085028896038072,1.0200753992686888,192.5
155,-1.1823012810122977,-2.106985512655326,-1.9744388078429693,0.9497027247507808,-5.085028900883993,0.9944282577734,193.75
156,-1.1823012763189942,-2.1069855248660616,-1.974438813416576,0.949702722547465,-5.085028907619371,0.9587811162781126,195.0
157,-1.18230127030909,-2.1069855405022433,-1.9744388205537318,0.9497027197260588,-5.085028916244209,0.9131339747828192,196.25
158,-1.1823012623461078,-2.106985559815946,-1.9744388289567585,0.9497027170472856,-5.085028932199219,0.8574868462276719,197.5
159,-1.182301252736767,-2.1069855826856942,-1.9744388387691085,0.9497027141445504,-5.085028952862505,0.7918397217160154,198.75
160,-1.1823012481303603,-2.106985614629705,-1.974438846482431,0.9497027355719045,-5.08502896379253,0.7161926060696139,200.0
161,-1.1823012488634865,-2.1069856559389697,-1.9744388519096683,0.949702782618768,-5.08502896431883,0.6305454980356199,201.25
162,-1.1823012496938468,-2.1069857021528873,-1.974438857898733,0.9497028355073226,-5.085028964806584,0.5348984006251862,202.5
163,-1.1823012565120903,-2.1069857515806394,-1.974438865595583,0.9497028930493844,-5.085028958669921,0.42925131001340555,203.75
164,-1.1823012733542089,-2.1069858030869484,-1.9744388757651579,0.9497029545266727,-5.085028941370389,0.3136042277593695,205.0
165,-1.1823012916546336,-2.106985859045241,-1.9744388868158935,0.9497030213133861,-5.085028922558141,0.18795715396176577,206.25
166,-1.1823013279097536,-2.106985909783329,-1.9744389009249712,0.9497030856833114,-5.085028885861433,0.05231008650453557,207.5
167,-1.1823013669993112,-2.106985964166878,-1.9744389160956697,0.9497031547221183,-5.085028846299181,-0.09333698067742277,208.75
168,-1.1823014239398422,-2.1069860069638526,-1.9744389334538734,0.9497032142045753,-5.085028788966777,-0.24898404115533138,210.0
169,-1.182301487139351,-2.106986048121642,-1.9744389518945744,0.9497032730695616,-5.085028725383387,-0.41431535403063785,211.25
170,-1.1823015585469994,-2.1069860719961286,-1.9744389697855476,0.9497033140527961,-5.085028653723615,-0.5764085822640345,212.5
171,-1.1823016276190677,-2.1069860864523187,-1.9744389859673386,0.9497033439518583,-5.085028584477029,-0.7285018104974704,213.75
172,-1.182301695249239,-2.106986088059525,-1.9744390001785388,0.9497033590725148,-5.085028516776736,-0.870595038730944,215.0
173,-1.182301757972331,-2.1069860831171128,-1.974439012521466,0.9497033658391059,-5.085028454040268,-1.0026882669644561,216.25
174,-1.1823018157003151,-2.1069860677842644,-1.9744390224780901,0.9497033599015694,-5.085028396386572,-1.124781495197988,217.5
175,-1.1823018687001128,-2.1069860537072502,-1.974439031619213,0.9497033544503412,-5.085028343454977,-1.2368747234315534,218.75
176,-1.182301912922865,-2.1069860285057875,-1.9744390374955105,0.949703334722791,-5.085028299397186,-1.3389679516651471,220.0
177,-1.1823019526497007,-2.10698600527038,-1.9744390426968226,0.9497033163284428,-5.085028259823325,-1.4310611798987574,221.25
178,-1.1823019880627745,-2.1069859845580052,-1.9744390473333437,0.949703299931455,-5.085028224546615,-1.513154408132387,222.5
179,-1.182302014702603,-2.106985960164301,-1.9744390496744129,0.9497032776553251,-5.085028198080135,-1.585247636366024,223.75
180,-1.1823020367448285,-2.106985937898728,-1.9744390513405403,0.949703256875228,-5.085028176198057,-1.6473408645996725,225.0
181,-1.1823020552371948,-2.106985919218986,-1.9744390527383384,0.9497032394417257,-5.085028157840048,-1.699434092833334,226.25
182,-1.1823020701797011,-2.1069859041250734,-1.974439053867809,0.949703225354819,-5.085028143006106,-1.7415273210670001,227.5
183,-1.182302081572348,-2.10698589261699,-1.9744390547289534,0.9497032146145092,-5.085028131696232,-1.7736205493006676,228.75
184,-1.1823020894151344,-2.1069858846947356,-1.974439055321772,0.9497032072207964,-5.085028123910428,-1.7957137775343304,230.0
185,-1.1823425505662584,-2.1070618460591737,-1.974290904007189,0.9496309906421118,-5.084987750595505,-1.807942208989347,231.25
186,-1.183652005966296,-2.1095206057083944,-1.9694957230722858,0.9472937086122902,-5.083681137156817,-1.8124802464283853,232.5
187,-1.1848562785431118,-2.1117818731484523,-1.9650857057005453,0.945144164410263,-5.082479479319116,-1.8072790578052649,233.75
188,-1.1848678416469025,-2.1118035973950158,-1.9650433450670977,0.9451235137890815,-5.0824679439565115,-1.7943693723672538,235.0
189,-1.1848678329754911,-2.1118036027379756,-1.9650433469026267,0.9451235092220376,-5.082467957295349,-1.771500189986705,236.25
190,-1.1848678205123342,-2.11180361041725,-1.9650433495407769,0.9451235026579637,-5.082467976466857,-1.738631007606151,237.5
191,-1.1848678042574319,-2.1118036204328385,-1.965043352981548,0.94512349409686,-5.082468001471034,-1.6957618252255928,238.75
192,-1.1848677845801834,-2.1118036324729097,-1.9650433575478452,0.9451234823993919,-5.082468029134295,-1.6428926541444302,240.0
193,-1.184867761607948,-2.111803646429952,-1.9650433633509978,0.9451234671727422,-5.082468058362463,-1.5800234950260914,241.25
194,-1.1848677337779334,-2.1118036631395194,-1.965043367177141,0.9451234581106436,-5.0824680910852775,-1.5071543401720335,242.5
195,-1.1848676984468747,-2.111803683770877,-1.965043362658434,0.9451234740670094,-5.082468124767954,-1.4242851974095083,243.75
196,-1.1848676588592475,-2.1118037069453894,-1.9650433575468864,0.9451234921777354,-5.082468162455483,-1.3314160617880886,245.0
197,-1.1848676144571413,-2.111803731065563,-1.9650433515136414,0.9451235105437211,-5.082468204965592,-1.2285469332929113,246.25
198,-1.1848675614176087,-2.1118037451702123,-1.9650433423278288,0.9451235160621659,-5.082468257923186,-1.115677815088775,247.5
199,-1.1848675036768386,-2.111803760525221,-1.9650433323272938,0.9451235220715576,-5.082468315590235,-0.9928087052879757,248.75
200,-1.1848674409380118,-2.1118037640980303,-1.9650433197673003,0.945123513750765,-5.082468378357332,-0.8599396014901338,250.0
201,-1.1848673733530504,-2.111803762510422,-1.965043305534996,0.9451234986292625,-5.082468446016552,-0.7170704997315753,251.25
202,-1.1848673047665668,-2.1118037465146315,-1.9650432892136767,0.9451234670502363,-5.082468514792375,-0.564201402634696,252.5
203,-1.1848672334553803,-2.111803722717381,-1.9650432713083057,0.945123426129769,-5.08246858635718,-0.4013323118163376,253.75
204,-1.1848671717693149,-2.1118036804219367,-1.9650432529851198,0.9451233662320282,-5.082468648438396,-0.23656464919120632,255.0
205,-1.1848671166356888,-2.1118036369758864,-1.9650432358714427,0.9451233063281177,-5.082468703970883,-0.08169714500250819,256.25
206,-1.1848670779939678,-2.1118035832845377,-1.965043220842491,0.945123238114761,-5.082468743080292,0.06317035918620974,257.5
207,-1.184867043403862,-2.1118035324904323,-1.9650432070325867,0.9451231739701034,-5.082468778111167,0.19803786337493498,258.75
208,-1.1848670253351188,-2.11180347730574,-1.965043196077929,0.9451231081290158,-5.08246879664209,0.32290536756366595,260.0
209,-1.1848670087134092,-2.1118034265405123,-1.965043186000566,0.9451230475608017,-5.082468813688964,0.4377728717524116,261.25
210,-1.1848670029480008,-2.1118033776962015,-1.9650431784268891,0.9451229913015569,-5.082468819854698,0.5426403759411613,262.5
211,-1.1848670019096537,-2.1118033324003704,-1.9650431722974635,0.9451229399791741,-5.082468821260602,0.6375078801299198,263.75
212,-1.1848670009807594,-2.111803291879184,-1.9650431668141368,0.9451228940666909,-5.08246882251831,0.7223753843186763,265.0
213,-1.1848670054593111,-2.111803256257107,-1.9650431630925995,0.9451228547494861,-5.082468818324285,0.7972428885074364,266.25
214,-1.184867013483394,-2.1118032254903967,-1.9650431607407577,0.9451228216109733,-5.082468810542394,0.8621103926961989,267.5
215,-1.1848670202704812,-2.111803199466695,-1.9650431587514754,0.9451227935811061,-5.08246880396016,0.9169778968849561,268.75
216,-1.184867025820573,-2.1118031781860025,-1.9650431571247515,0.945122770659884,-5.082468798577587,0.9618454010737028,270.0
217,-1.1848670301336686,-2.111803161648318,-1.9650431558605896,0.9451227528473085,-5.082468794394673,0.9967129052624542,271.25
218,-1.1848670332097684,-2.111803149853641,-1.9650431549589893,0.9451227401433795,-5.082468791411419,1.0215804094512029,272.5
219,-1.1848670350488726,-2.111803142801972,-1.9650431544199505,0.9451227325480971,-5.082468789627824,1.0364479136399525,273.75
220,-1.1857442871374873,-2.1134766110533016,-1.9617769492225319,0.9435294453265851,-5.0815935091233095,1.0431908637383562,275.0
221,-1.1872103734108717,-2.116273363773136,-1.9563183773989987,0.9408667049963996,-5.080130717949449,1.0405868735503998,276.25
222,-1.1873977523730606,-2.116630819884825,-1.955620719599526,0.9405263798703039,-5.07994376075716,1.0299434760322714,277.5
223,-1.187397749752993,-2.1166308266649483,-1.9556207227219207,0.9405263786425128,-5.07994376459601,1.0098705799732715,278.75
224,-1.1873977458276492,-2.1166308368228215,-1.9556207273998427,0.9405263768030554,-5.079943770347315,0.9797976839142603,280.0
225,-1.1873977405970289,-2.1166308503584452,-1.9556207336332925,0.940526374351932,-5.079943778011074,0.939724787855259,281.25
226,-1.1873977339025763,-2.116630867337404,-1.9556207413449924,0.9405263714904928,-5.079943788957288,0.8896518950777998,282.5
227,-1.187397725196106,-2.1166308879864486,-1.9556207502677667,0.9405263689148774,-5.079943807922527,0.8295790150477058,283.75
228,-1.187397715040318,-2.116630912072825,-1.955620760675866,0.9405263659105135,-5.079943830044803,0.7595061350176113,285.0
229,-1.1873977154654045,-2.116630949922987,-1.9556207658483522,0.9405264083466793,-5.079943831039095,0.6794332710891328,286.25
230,-1.187397716231431,-2.1166309927696454,-1.9556207714852054,0.9405264572758131,-5.079943831551467,0.5893604110103738,287.5
231,-1.1873977170929324,-2.1166310404446107,-1.9556207776841843,0.9405265119433158,-5.079943832030054,0.4892875601978769,288.75
232,-1.1873977306238825,-2.116631089393345,-1.9556207868565243,0.9405265700432452,-5.079943818360026,0.3792147192468772,290.0
233,-1.187397747897414,-2.1166311420910997,-1.9556207973332582,0.9405266330119116,-5.079943800603222,0.2591418858022376,291.25
234,-1.187397773593305,-2.116631195088388,-1.9556208096096823,0.9405266979585907,-5.07994377442416,0.12906905928512077,292.5
235,-1.1873978107287495,-2.1166312466188826,-1.955620824085362,0.9405267634757151,-5.079943736833134,-0.011003763496368668,293.75
236,-1.1873978567174381,-2.1166312955747664,-1.9556208400652462,0.9405268278367342,-5.079943690403487,-0.16107658339691722,295.0
237,-1.187397915132809,-2.116631338353219,-1.9556208578204286,0.9405268876813566,-5.079943631588596,-0.3211493966884596,296.25
238,-1.1873979830173664,-2.116631370199723,-1.955620876113211,0.9405269370561071,-5.079943563385481,-0.48737362772416815,297.5
239,-1.1873980516306881,-2.116631393053308,-1.9556208933794887,0.9405269764221182,-5.07994349452631,-0.6450390542478366,298.75
240,-1.1873981201815398,-2.1166313980292553,-1.9556209082907974,0.9405269955922533,-5.07994342587554,-0.7927044807715178,300.0
241,-1.187398184909062,-2.116631399531574,-1.9556209219517473,0.9405270100848501,-5.079943361079752,-0.930369907295217,301.25
242,-1.1873982446182345,-2.116631387123004,-1.955620932746486,0.9405270078801912,-5.079943301420168,-1.0580353338189141,302.5
243,-1.1873982995780457,-2.11663137253151,-1.9556209422673274,0.9405270022721051,-5.079943246531865,-1.1757007603426222,303.75
244,-1.1873983481466683,-2.116631353932135,-1.9556209499336852,0.940526990875669,-5.079943198072986,-1.2833661868663446,305.0
245,-1.187398389766821,-2.1166313296248638,-1.9556209554069397,0.9405269716614272,-5.0799431566151645,-1.381031613390069,306.25
246,-1.187398427125472,-2.1166313078064265,-1.955620960319779,0.940526954414536,-5.079943119402225,-1.4686970399137955,307.5
247,-1.1873984587570365,-2.1166312864430985,-1.9556209641009328,0.940526936549222,-5.079943087917611,-1.5463624664375268,308.75
248,-1.1873984824866826,-2.1166312625169663,-1.9556209659026618,0.940526914228357,-5.079943064362666,-1.6140278929612566,310.0
249,-1.18739850270942,-2.11663124212678,-1.9556209674381206,0.9405268952062023,-5.079943044288811,-1.6716933194849846,311.25
250,-1.1873985194252497,-2.116631225272542,-1.9556209687073056,0.9405268794827557,-5.079943027696046,-1.7193587460087014,312.5
251,-1.1873985326341705,-2.1166312119542496,-1.9556209697102211,0.94052686705802,-5.079943014584371,-1.7570241725324158,313.75
252,-1.187398542336183,-2.1166312021719036,-1.9556209704468672,0.9405268579319953,-5.079943004953785,-1.784689599056135,315.0
253,-1.1873985485312866,-2.1166311959255038,-1.9556209709172436,0.9405268521046817,-5.079942998804291,-1.8023550255798548,316.25
254,-1.1878615894797844,-2.117528555213432,-1.953868205786197,0.9396711695433047,-5.0794810351381825,-1.8112018427893997,317.5
255,-1.1893805513639466,-2.12047228687005,-1.9481183871321546,0.9368641742856006,-5.077965607367335,-1.81141126502835,318.75
256,-1.189895033296232,-2.1214693555447126,-1.9461708759062388,0.9359134199719593,-5.0774523241464715,-1.8028795738846268,320.0
257,-1.1898950268281818,-2.121469359527642,-1.9461708772830952,0.9359134165884557,-5.077452334169885,-1.7856252015331333,321.25
258,-1.189895016611488,-2.1214693658189314,-1.9461708794579273,0.9359134112439979,-5.077452350002501,-1.7583708291816413,322.5
259,-1.1898950026461501,-2.12146937441858,-1.9461708824307344,0.9359134039385857,-5.07745237164432,-1.7211164568301505,323.75
260,-1.1898949849321683,-2.1214693853265882,-1.946170886201517,0.9359133946722191,-5.07745239909534,-1.6738620844786647,325.0
261,-1.1898949641852916,-2.1214693979226795,-1.9461708914164952,0.9359133811674261,-5.0774524261406855,-1.616607733287673,326.25
262,-1.1898949398793945,-2.1214694126628,-1.9461708976006535,0.935913365098302,-5.077452457348714,-1.5493533838258864,327.5
263,-1.1898949086761461,-2.1214694310441264,-1.9461708966904503,0.9359133701512956,-5.077452489767263,-1.4720990457446739,328.75
264,-1.1898948719217128,-2.121469452472359,-1.9461708919715857,0.9359133866866955,-5.077452524802547,-1.3848447125519294,330.0
265,-1.1898948309677142,-2.1214694764529654,-1.9461708866251874,0.9359134055307154,-5.077452563741479,-1.287590392187761,331.25
266,-1.1898947831689357,-2.1214694953818922,-1.9461708791543493,0.9359134174118175,-5.077452610537866,-1.18033607845229,332.5
267,-1.1898947287328439,-2.1214695098530756,-1.946170869683809,0.9359134230317441,-5.077452664893578,-1.0630817727727873,333.75
268,-1.1898946695912047,-2.121469522883256,-1.9461708590440574,0.9359134260873797,-5.077452723982923,-0.9358274750003674,335.0
269,-1.1898946054463329,-2.12146952141289,-1.9461708454751203,0.9359134117143291,-5.077452788199429,-0.7985731827447484,336.25
270,-1.1898945372840903,-2.1214695173255893,-1.946170830724648,0.9359133935889017,-5.077452856458137,-0.6513188916331007,337.5
271,-1.1898944692634084,-2.1214694947123434,-1.9461708135684388,0.9359133545678213,-5.077452924724318,-0.49406460743036895,338.75
272,-1.1898944013671509,-2.121469463950489,-1.9461707953670535,0.935913306368036,-5.077452992932974,-0.3279575268110544,340.0
273,-1.1898943431575517,-2.1214694213851333,-1.9461707776340051,0.9359132467566826,-5.077453051543601,-0.16747731285690431,341.25
274,-1.189894296708827,-2.1214693732784333,-1.946170761624974,0.9359131832175052,-5.077453098428639,-0.01699709890273316,342.5
275,-1.1898942596916067,-2.121469321976959,-1.9461707471626801,0.9359131179391786,-5.077453135900196,0.12348311505144749,343.75
276,-1.1898942334281488,-2.1214692695891024,-1.9461707347999855,0.9359130535650648,-5.077453162617518,0.25396332900563545,345.0
277,-1.1898942162066215,-2.1214692171139236,-1.9461707243112576,0.9359129908842885,-5.0774531802857155,0.374443542959835,346.25
278,-1.189894202092708,-2.121469168548767,-1.946170714984489,0.9359129332355363,-5.077453194811422,0.4849237569140424,347.5
279,-1.1898942010078937,-2.1214691212599597,-1.9461707085423572,0.9359128796105095,-5.077453196286129,0.5854039708682588,348.75
280,-1.1898942000310426,-2.1214690786774355,-1.946170702741355,0.9359128313223553,-5.077453197614069,0.6758841848224697,350.0
281,-1.1898941991621543,-2.121469040801193,-1.9461706975814856,0.9359127883710747,-5.077453198795245,0.7563643987766916,351.25
282,-1.1898942075822914,-2.1214690078417258,-1.9461706950048825,0.9359127528139536,-5.077453190638827,0.826844612730919,352.5
283,-1.1898942149743506,-2.1214689795624926,-1.9461706928291,0.935912722339144,-5.077453183472891,0.887324826685136,353.75
284,-1.1898942211441823,-2.1214689559590436,-1.9461706910130658,0.9359126969031397,-5.077453177491795,0.9378050406393506,355.0
285,-1.1898942260917862,-2.121468937031377,-1.9461706895567827,0.935912676505942,-5.077453172695539,0.9782852545935589,356.25
286,-1.1898942298171624,-2.1214689227794934,-1.9461706884602512,0.935912661147551,-5.077453169084122,1.008765468547768,357.5
287,-1.1898942323203108,-2.1214689132033913,-1.9461706877234717,0.9359126508279669,-5.077453166657545,1.0292456825019782,358.75
288,-1.1900364412954128,-2.1217488827224167,-1.9456234212013241,0.9356452730127803,-5.077311300101788,1.0401866298483669,360.0
289,-1.1914318922785359,-2.1244962075307874,-1.9402532253437788,0.9330216089034455,-5.075919208823185,1.0432114682285918,361.25
290,-1.19235706578741,-2.126317668439355,-1.9366928227790225,0.9312821380030958,-5.0749962631713705,1.0367788804769595,362.5
291,-1.1923570639214498,-2.126317673242267,-1.9366928250109572,0.9312821371305424,-5.074996265962147,1.0223606773852387,363.75
292,-1.1923570607613203,-2.1263176813763236,-1.936692828790889,0.9312821356528144,-5.074996270688516,0.9979424742935176,365.0
293,-1.1923570563070207,-2.126317692841525,-1.936692834118819,0.9312821335699113,-5.0749962773504755,0.9635242712017991,366.25
294,-1.1923570505585512,-2.1263177076378708,-1.9366928409947464,0.9312821308818336,-5.074996285948029,0.9191060681100837,367.5
295,-1.1923570430097554,-2.1263177259839,-1.936692849161577,0.9312821282701578,-5.07499630090139,0.8646878736581027,368.75
296,-1.1923570337647098,-2.1263177478346766,-1.9366928586721754,0.9312821255947362,-5.074996321301661,0.8002696840793551,370.0
297,-1.1923570279351527,-2.126317777212452,-1.9366928669346968,0.931282140913036,-5.0749963349451965,0.7258515012931505,371.25
298,-1.1923570286415934,-2.126317816777332,-1.936692872196448,0.9312821860679207,-5.074996335447974,0.6414333280551869,372.5
299,-1.1923570294416823,-2.126317861095765,-1.936692878021296,0.9312822368585549,-5.074996335922685,0.5470151639562452,373.75
300,-1.1923570342838727,-2.12631790903949,-1.9366928851812675,0.9312822925128726,-5.074996331949822,0.4425970068113611,375.0
301,-1.192357050543363,-2.126317958534243,-1.9366928950887972,0.9312823517263422,-5.074996315237711,0.3281788582597986,376.25
302,-1.192357068226046,-2.1263180123527605,-1.9366929058643094,0.9312824161074966,-5.074996297046345,0.20376071939918572,377.5
303,-1.1923571013753764,-2.1263180622845326,-1.9366929193776856,0.9312824791191477,-5.074996263444704,0.0693425861433775,378.75
304,-1.1923571392010617,-2.126318114638493,-1.9366929341910526,0.9312825457881203,-5.074996225148677,-0.0750755460187949,380.0
305,-1.192357192513945,-2.126318157665888,-1.9366929510113498,0.9312826049973261,-5.074996171431521,-0.22949367254098224,381.25
306,-1.1923572524253228,-2.126318199824101,-1.9366929690962849,0.9312826645357415,-5.074996111117732,-0.3938815392858156,382.5
307,-1.192357322644029,-2.1263182231236164,-1.9366929868484757,0.9312827048134696,-5.074996040643737,-0.5571995931130553,383.75
308,-1.1923573899570437,-2.126318239670108,-1.9366930031025167,0.9312827368835523,-5.0749959731339835,-0.7105176469403179,385.0
309,-1.192357456532839,-2.1263182411768478,-1.936693017218723,0.931282751813561,-5.0749959064867785,-0.8538357007675867,386.25
310,-1.192357518367643,-2.126318238409949,-1.936693029780146,0.9312827609727703,-5.074995844620188,-0.9871537545948669,387.5
311,-1.1923575752763564,-2.126318223304884,-1.9366930396844018,0.9312827552122049,-5.074995787786332,-1.1104718084221625,388.75
312,-1.1923576275702807,-2.1263182094247086,-1.9366930487855019,0.9312827499187656,-5.074995735561193,-1.223789862249465,390.0
313,-1.1923576717839461,-2.1263181862220915,-1.9366930549678356,0.9312827324863757,-5.074995691500746,-1.3271079160767654,391.25
314,-1.1923577110745862,-2.1263181633062347,-1.9366930601588475,0.931282714399873,-5.074995652365305,-1.4204259699040673,392.5
315,-1.1923577461548267,-2.126318142846052,-1.936693064793584,0.9312826982515245,-5.0749956174236335,-1.5037440237313788,393.75
316,-1.192357773293463,-2.1263181196771717,-1.936693067410884,0.9312826774647239,-5.074995590453048,-1.577062077558693,395.0
317,-1.1923577952325748,-2.1263180975949147,-1.9366930690845658,0.9312826568726534,-5.074995568677579,-1.6403801313860056,396.25
318,-1.192357813706781,-2.126318079000172,-1.9366930704939165,0.9312826395327457,-5.074995550341171,-1.6936981852133144,397.5
319,-1.192357828716081,-2.1263180638929438,-1.9366930716389366,0.9312826254450013,-5.074995535443826,-1.737016239040607,398.75
320,-1.1923578402604744,-2.1263180522732283,-1.936693072519628,0.9312826146094213,-5.074995523985542,-1.7703342928679004,400.0
321,-1.1923578483399617,-2.1263180441410263,-1.9366930731359906,0.9312826070260061,-5.07499551596632,-1.7936523466952055,401.25
322,-1.1923610329625323,-2.1263243995053633,-1.9366806324537005,0.9312765199546507,-5.0749923392988086,-1.80698159768954,402.5
323,-1.193438804052447,-2.1284799374382364,-1.9324641087240308,0.9292149529691616,-5.073917252682135,-1.8125913188657798,403.75
324,-1.194724212345409,-2.1310507598777324,-1.927435238856106,0.9267562103335844,-5.072635046890097,-1.8085134381279953,405.0
325,-1.1947877913235636,-2.1311779293506663,-1.9271864845770743,0.926634585348836,-5.07257162873398,-1.7967304511557882,406.25
326,-1.194787783332241,-2.13117793426866,-1.9271864862878887,0.9266345811971063,-5.072571641210663,-1.7751701736544223,407.5
327,-1.1947877716344153,-2.1311779414676972,-1.927186488792206,0.9266345751197382,-5.072571659474229,-1.7436098961530684,408.75
328,-1.194787756230087,-2.131177950947778,-1.9271864920900263,0.9266345671167318,-5.072571683524679,-1.7020496186517156,410.0
329,-1.1947877373739528,-2.131177962482271,-1.9271864964189214,0.9266345563521496,-5.072571711127059,-1.6504893488845918,411.25
330,-1.1947877153665312,-2.1311779758037703,-1.9271865020592045,0.9266345418396585,-5.072571739644324,-1.588929093162481,412.5
331,-1.1947876892156177,-2.1311779915400244,-1.9271865072094598,0.9266345290573134,-5.072571772150048,-1.5173688395487344,413.75
332,-1.19478765526768,-2.131178011302532,-1.927186502833087,0.9266345442720838,-5.0725718045061505,-1.4358085999950845,415.0
333,-1.1947876171627583,-2.1311780335274486,-1.9271864978844004,0.9266345615211569,-5.072571840782239,-1.3442483659508557,416.25
334,-1.194787574903726,-2.131178058235986,-1.92718649234414,0.9266345808955372,-5.072571880952896,-1.2426881393448628,417.5
335,-1.1947875237831505,-2.1311780719878093,-1.9271864834306491,0.9266345863143881,-5.072571931967125,-1.1311279243406633,418.75
336,-1.194787468021046,-2.131178086808993,-1.9271864736827757,0.9266345920266066,-5.072571987652942,-1.009567716592397,420.0
337,-1.1947874074350144,-2.1311780925560946,-1.9271864617353236,0.9266345864840444,-5.072572048248118,-0.8780075153289263,421.25
338,-1.1947873420684831,-2.1311780910961993,-1.9271864478421707,0.9266345718127537,-5.072572113688846,-0.736447316968301,422.5
339,-1.1947872750190816,-2.131178078331481,-1.9271864321000507,0.9266345440272752,-5.072572180906544,-0.5848871224629466,423.75
340,-1.1947872059718145,-2.131178055464369,-1.927186414602006,0.9266345044243273,-5.0725722502066395,-0.4233269343603705,425.0
341,-1.1947871439411666,-2.1311780168148813,-1.9271863964855829,0.9266344483789531,-5.072572312615714,-0.2576865092177724,426.25
342,-1.1947870879725577,-2.1311779760073244,-1.9271863793540234,0.9266343911016885,-5.072572368975363,-0.10151431964467068,427.5
343,-1.19478704967585,-2.131177923644671,-1.927186364396849,0.9266343242828958,-5.072572407743839,0.044657869928377475,428.75
344,-1.1947870142243204,-2.1311778746377996,-1.9271863504801447,0.9266342618241863,-5.0725724436365525,0.1808300595013258,430.0
345,-1.194786995724997,-2.1311778208664047,-1.9271863394857829,0.9266341973565762,-5.072572462601698,0.3070022490742315,431.25
346,-1.1947869793194323,-2.131177770990977,-1.927186329445905,0.9266341377099891,-5.07257247943866,0.42317443864707216,432.5
347,-1.194786971793794,-2.131177723426805,-1.9271863215730642,0.9266340824448903,-5.072572487368437,0.5293466282198565,433.75
348,-1.1947869707694383,-2.1311776788051917,-1.9271863154522855,0.9266340318010754,-5.072572488766529,0.625518817792585,435.0
349,-1.1947869698515956,-2.1311776388233445,-1.92718630996794,0.9266339864232103,-5.072572490019244,0.7116910073652709,436.25
350,-1.1947869729978127,-2.1311776035696615,-1.9271863059611891,0.9266339471995653,-5.072572487164758,0.7878631969379157,437.5
351,-1.1947869809899596,-2.131177573061607,-1.9271863035982135,0.9266339143056301,-5.072572479420356,0.8540353865105327,438.75
352,-1.1947869877743262,-2.131177547163957,-1.9271863015923325,0.9266338863826552,-5.072572472846295,0.9102075760831351,440.0
353,-1.1947869933509125,-2.1311775258767125,-1.9271862999435434,0.9266338634306399,-5.072572467442574,0.9563797656557254,441.25
354,-1.1947869977197185,-2.131177509199872,-1.9271862986518502,0.9266338454495855,-5.072572463209194,0.9925519552283057,442.5
355,-1.1947870008807442,-2.131177497133436,-1.9271862977172525,0.9266338324394922,-5.072572460146155,1.0187241448008977,443.75
356,-1.1947870028339893,-2.131177489677403,-1.9271862971397504,0.9266338244003598,-5.0725724582534575,1.034896334373494,445.0
357,-1.1954250150477468,-2.1324737150416193,-1.924648876667107,0.9253923035224767,-5.071936089598181,1.0426341935621213,446.25
358,-1.196865023807748,-2.1353993395558932,-1.9189218500811158,0.9225901651308646,-5.0704997904632485,1.0413749139825024,447.5
359,-1.1971846026653292,-2.136048624278967,-1.9176508568244217,0.9219682882062145,-5.0701810354995365,1.0317590212745418,448.75
360,-1.1971846002674842,-2.1360486304180615,-1.9176508597038417,0.9219682870872368,-5.070181039159789,1.01307371928584,450.0
361,-1.1971845965863603,-2.1360486398426763,-1.9176508641242695,0.9219682853694046,-5.070181044778936,0.9843884172971478,451.25
362,-1.1971845916219577,-2.136048652552812,-1.9176508700857056,0.9219682830527176,-5.070181052356977,0.9457031153084585,452.5
363,-1.197184585326004,-2.136048668570211,-1.917650877562595,0.9219682802059753,-5.070181062319936,0.8970178139061072,453.75
364,-1.197184576984967,-2.136048688216266,-1.9176508861772052,0.921968277846123,-5.070181080965043,0.8383325207925949,455.0
365,-1.1971845672226133,-2.1360487112100177,-1.9176508962597494,0.9219682750841508,-5.070181102787286,0.7696472276790539,456.25
366,-1.1971845660790965,-2.1360487460532216,-1.917650902140025,0.9219683098499346,-5.070181106969718,0.6909619482610325,457.5
367,-1.1971845668149133,-2.1360487870496763,-1.9176509076140995,0.9219683567283832,-5.070181107473115,0.6022766731790903,458.75
368,-1.19718456764617,-2.1360488327506535,-1.9176509136308557,0.9219684092447067,-5.070181107922364,0.5035914092248133,460.0
369,-1.1971845787515667,-2.136048880251506,-1.9176509221879119,0.9219684654320957,-5.070181096919387,0.3949061535067286,461.25
370,-1.1971845954161087,-2.1360489308616017,-1.9176509323926854,0.9219685260511625,-5.070181079777409,0.2762209055756999,462.5
371,-1.1971846181000352,-2.1360489830402716,-1.9176509440764167,0.9219685896297376,-5.0701810565988055,0.14753566507561916,463.75
372,-1.197184653990624,-2.136049032590743,-1.9176509582007097,0.9219686528319736,-5.070181020255585,0.00885042921915628,465.0
373,-1.1971846964401625,-2.1360490817236837,-1.9176509736478513,0.9219687168720315,-5.070180977351871,-0.13983480459116393,466.25
374,-1.1971847529704611,-2.136049122881043,-1.9176509909941322,0.9219687747063654,-5.070180920423931,-0.29852003165903995,467.5
375,-1.197184816729637,-2.136049156158239,-1.9176510088127823,0.9219688250730917,-5.070180856326896,-0.4625121927265809,468.75
376,-1.1971848825721032,-2.136049177922154,-1.91765102553992,0.921968862835898,-5.070180790241575,-0.6174962302631493,470.0
377,-1.1971849473169454,-2.1360491862674076,-1.9176510402540323,0.9219688852046788,-5.070180725367859,-0.7624802677996702,471.25
378,-1.1971850092757335,-2.1360491876323735,-1.9176510534554976,0.9219688991231862,-5.070180663341494,-0.897464305336098,472.5
379,-1.1971850664439572,-2.136049180167513,-1.9176510644774183,0.9219689020994756,-5.070180606184381,-1.0224483428724662,473.75
380,-1.1971851188762601,-2.136049166251922,-1.9176510736472867,0.9219688968349138,-5.070180553821793,-1.1374323804087807,475.0
381,-1.1971851667113904,-2.136049153433555,-1.91765108199683,0.9219688918929828,-5.070180506051297,-1.2424164179450283,476.25
382,-1.197185206228756,-2.136049130414039,-1.917651087243471,0.9219688737535682,-5.070180466691995,-1.3374004554812289,477.5
383,-1.197185241585701,-2.1360491098180385,-1.917651091937739,0.9219688575238855,-5.070180431476472,-1.4223844930174012,478.75
384,-1.1971852727822245,-2.1360490916455537,-1.9176510960796327,0.9219688432039347,-5.0701804004047295,-1.4973685305535247,480.0
385,-1.1971852972205366,-2.136049072310036,-1.9176510986468616,0.9219688262189412,-5.070180376107109,-1.56235256808962,481.25
386,-1.1971853160461126,-2.136049053392947,-1.9176511000901983,0.9219688085861173,-5.07018035742378,-1.6173366056256984,482.5
387,-1.1971853314478629,-2.136049037916326,-1.917651101271034,0.9219687941601921,-5.070180342138406,-1.662320643161774,483.75
388,-1.197185343425788,-2.136049025880176,-1.917651102189367,0.9219687829411642,-5.070180330250987,-1.6973046806978367,485.0
389,-1.1971853519798872,-2.1360490172844955,-1.9176511028451988,0.9219687749290355,-5.070180321761523,-1.722288718233917,486.25
390,-1.197185357110161,-2.136049012129283,-1.91765110323853,0.9219687701238057,-5.070180316670014,-1.7372727557699912,487.5
391,-1.1969837424430014,-2.135652776222443,-1.9184615930319633,0.9223831047678519,-5.0703812606732654,-1.7427280199609028,488.75
392,-1.196574408572054,-2.1348483217040286,-1.9201070926559893,0.9232243138731843,-5.070789232889058,-1.739427195180507,490.0
393,-1.196468925078877,-2.1346410293981934,-1.920531113943897,0.9234410851497565,-5.070894365472756,-1.7267793679559216,491.25
394,-1.1962800411001426,-2.134269841506061,-1.921290387509036,0.9238292465573947,-5.0710826210955595,-1.7041315407313347,492.5
395,-1.1960077566358513,-2.133734758027632,-1.9223849133514062,0.9243887980960989,-5.071353999757468,-1.6714837135067677,493.75
396,-1.195650516620153,-2.1330364817055107,-1.9238132578641265,0.9251190126454043,-5.07171006317143,-1.6288358497129387,495.0
397,-1.1952062584216685,-2.132175944965378,-1.9255735188815357,0.9260189254313616,-5.072152882786481,-1.576187916293537,496.25
398,-1.1946776173861704,-2.1311519570346222,-1.9276681255993504,0.9270897685326238,-5.072679811992601,-1.5135399828741758,497.5
399,-1.1940622043090838,-2.129965556763625,-1.9300949592213994,0.9283304671304388,-5.073293248484629,-1.4408919868459997,498.75
400,-1.1933592740552532,-2.1286170684028094,-1.9328533584187026,0.9297406857454356,-5.073993940046366,-1.3582439215758102,500.0
401,-1.1925683874909514,-2.1271066568117822,-1.935942987477118,0.9313202551618114,-5.074782328175043,-1.2655957874698271,501.25
402,-1.1916884235578165,-2.125434799569228,-1.9393628725492482,0.9330686817854332,-5.075659538223246,-1.1629475695164018,502.5
403,-1.1907165641180981,-2.1236026372498755,-1.943110688717848,0.9349847879461162,-5.076628398829927,-1.0502992101490751,503.75
404,-1.18965366278652,-2.121609785538614,-1.9471872199756208,0.9370689713536535,-5.077688052944183,-0.9276507436487147,505.0
405,-1.188497619931184,-2.1194570780011475,-1.951590767477356,0.9393203718066728,-5.07884060785479,-0.7950021354323085,506.25
406,-1.1872451668493496,-2.1171457643594476,-1.9563187850020036,0.9417377008317529,-5.08008934385869,-0.6523533307774757,507.5
407,-1.1858952294912524,-2.1146761840362087,-1.9613705821774836,0.9443206102920836,-5.081435338322739,-0.4997043296335031,508.75
408,-1.1844535246622803,-2.1120620260204626,-1.9667181619482155,0.9470547922785629,-5.0828729002904485,-0.33787051378781546,510.0
409,-1.1830446001308272,-2.1095309845229684,-1.9718957514500417,0.9497021044009603,-5.084277844975491,-0.18093211366971543,511.25
410,-1.1817156905062465,-2.107164776845058,-1.9767361829197063,0.9521770680564046,-5.085603061758672,-0.033993525442060524,512.5
411,-1.1804689039535914,-2.1049625741119975,-1.981241145490567,0.9544805383924531,-5.086846434836879,0.10294521563869001,513.75
412,-1.1793064009566954,-2.1029235655672918,-1.98541229077183,0.9566133509195937,-5.0880057961683285,0.22988407699772778,515.0
413,-1.1782285115249953,-2.1010475946556824,-1.9892499382028557,0.9585756678004074,-5.089080814360074,0.34682305773865046,516.25
414,-1.1772365477109874,-2.0993341574592326,-1.992755114494622,0.9603680086237596,-5.090070172687165,0.453762137398837,517.5
415,-1.1763347820811947,-2.097781804148393,-1.9959307706813862,0.9619918635899753,-5.090969584712069,0.5507012577890033,518.75
416,-1.175520112029307,-2.0963915432242617,-1.9987748547822488,0.9634461973465979,-5.091782162801731,0.6376404682116128,520.0
417,-1.1747986065709768,-2.095161368467977,-2.0012914494138236,0.9647330704962482,-5.092501818612484,0.714579685873434,521.25
418,-1.174166130654128,-2.0940926119188514,-2.00347784450653,0.965851115881529,-5.093132700118888,0.7815189718032851,522.5
419,-1.1736281397482953,-2.0931835159538332,-2.005337615993632,0.9668021374675944,-5.093669334801825,0.8384582577331555,523.75
420,-1.17318386533392,-2.0924343223519566,-2.0068702720712572,0.9675858872696432,-5.0941124935413375,0.8853975533883006,525.0
421,-1.172831929789515,-2.0918454644020232,-2.0080749313857584,0.96820192087961,-5.094463558189917,0.9223368823213015,526.25
422,-1.1725752681860753,-2.091416018646882,-2.0089534723463807,0.9686511854583676,-5.094719584661375,0.9492762112542881,527.5
423,-1.1724138805236004,-2.0911459850865315,-2.0095058949531244,0.968933681005916,-5.094880572955716,0.9662155401872744,528.75
424,-1.1722559294379058,-2.090882145560956,-2.0100456567153255,0.9692097078213531,-5.0950381339592115,0.9733416756343878,530.0
425,-1.1716741728912734,-2.0899117025220275,-2.0120310164692095,0.9702250107390756,-5.095618456094276,0.9715721520780417,531.25
426,-1.1716739193104877,-2.089911786399444,-2.012030857050053,0.9702249357601251,-5.095618709942446,0.9607792091996854,532.5
427,-1.1716734307791525,-2.089911947991917,-2.012030549924049,0.9702247913108257,-5.095619198988902,0.9399862663213361,533.75
428,-1.1716727072972684,-2.0899121872994457,-2.012030095091198,0.9702245773911775,-5.095619923233646,0.9091933234429865,535.0
429,-1.1716717486894979,-2.0899125043915734,-2.0120294924662634,0.9702242941914864,-5.095620884182825,0.8684004039669732,536.25
430,-1.1716705550321456,-2.0899128992380254,-2.0120287420863177,0.9702239416287242,-5.095622081179833,0.8176074912251696,537.5
431,-1.171669156068135,-2.089913362629168,-2.0120278627149943,0.970223529130884,-5.095623484061746,0.756814578896975,538.75
432,-1.171669156806591,-2.0899133977990947,-2.0120278672401897,0.9702235688605683,-5.095623483536067,0.6860216849534617,540.0
433,-1.1716691576498854,-2.08991343794084,-2.0120278724012994,0.970223614218618,-5.095623482931712,0.6052287917949875,541.25
434,-1.1716691586017227,-2.0899134830812582,-2.012027878175101,0.9702236653194585,-5.095623482217595,0.5144359044716602,542.5
435,-1.1716691678257534,-2.089913530986687,-2.012027886027515,0.9702237210322482,-5.09562347288196,0.4136430237916586,543.75
436,-1.171669184367568,-2.089913581914897,-2.0120278957900806,0.9702237814751947,-5.095623455921743,0.30285014998251913,545.0
437,-1.1716692030096643,-2.0899136370826565,-2.0120279065142825,0.9702238470883896,-5.09562343682172,0.18205728284491904,546.25
438,-1.171669238997351,-2.0899136875276976,-2.0120279202087836,0.9702239107545376,-5.09562340041335,0.05126442509371648,547.5
439,-1.1716692777365236,-2.089913741829549,-2.0120279349503614,0.9702239792881299,-5.095623361221456,-0.08952842898670284,548.75
440,-1.1716693338920727,-2.089913785096824,-2.0120279518789674,0.9702240388211625,-5.095623304685654,-0.24032128253572496,550.0
441,-1.1716693960108424,-2.089913828054847,-2.0120279699909465,0.9702240991683846,-5.095623242184314,-0.4011141278986986,551.25
442,-1.1716694695190795,-2.0899138528981176,-2.012027988168067,0.9702241413885455,-5.095623168424617,-0.5638862415087785,552.5
443,-1.1716695402609876,-2.0899138696613284,-2.0120280047661123,0.9702241739948132,-5.095623097496051,-0.7167673794828714,553.75
444,-1.171669609972932,-2.089913871428378,-2.012028019274632,0.9702241895576174,-5.0956230277144146,-0.8596485174569513,555.0
445,-1.1716696746864177,-2.089913867844064,-2.0120280320884127,0.9702241981364859,-5.095622962976698,-0.9925296554310007,556.25
446,-1.1716697342437217,-2.089913852005485,-2.0120280423104724,0.9702241919477537,-5.0956229034942115,-1.1154107934050146,557.5
447,-1.171669788954287,-2.089913837455845,-2.0120280517006575,0.9702241862626526,-5.095622848852375,-1.228291931379015,558.75
448,-1.1716698349915644,-2.0899138124148195,-2.0120280579991308,0.9702241671048797,-5.0956228029720485,-1.331173069352988,560.0
449,-1.1716698760618325,-2.089913788292472,-2.012028063394708,0.9702241480114626,-5.095622762055608,-1.4240542073269598,561.25
450,-1.171669912710292,-2.0899137667672463,-2.012028068209369,0.9702241309737262,-5.095622725544413,-1.5069353453009162,562.5
451,-1.1716699407788018,-2.0899137420105536,-2.012028070860832,0.9702241086354295,-5.095622697645086,-1.5798164832748758,563.75
452,-1.171669963659029,-2.0899137187765935,-2.0120280726397186,0.9702240869968339,-5.095622674926418,-1.6426976212488267,565.0
453,-1.1716699829006094,-2.0899136992375347,-2.012028074135707,0.970224068799427,-5.095622655820704,-1.6955787592228062,566.25
454,-1.171669998503543,-2.0899136833933785,-2.012028075348797,0.9702240540432097,-5.095622640327944,-1.738459897196802,567.5
455,-1.171670010467829,-2.0899136712441235,-2.0120280762789906,0.970224042728183,-5.095622628448138,-1.7713410351707881,568.75
456,-1.171670018793468,-2.089913662789769,-2.012028076926289,0.970224034854347,-5.095622620181286,-1.794222173144779,570.0
457,-1.171682969296012,-2.0899363944612426,-2.0119837289648435,0.9702024087450166,-5.095609693994126,-1.8071447264262226,571.25
458,-1.1729673977229633,-2.0921922047658423,-2.0075836792056942,0.9680571987828124,-5.094327674753954,-1.8123326402449866,572.5
459,-1.1743443723438494,-2.0946105615065904,-2.00286658235955,0.9657574158346589,-5.092953283836706,-1.8077723217275332,573.75
460,-1.17438309463926,-2.094678580025891,-2.00273391632012,0.9656927325595699,-5.092914636691928,-1.7954802266619614,575.0
461,-1.1743830860233138,-2.0946785853447847,-2.002733918103399,0.9656927279508366,-5.092914649836542,-1.7733104206990362,576.25
462,-1.1743830735210254,-2.09467859306284,-2.0027339206910515,0.9656927212632699,-5.092914668910218,-1.7411406147361022,577.5
463,-1.1743830571323943,-2.094678603180056,-2.002733924083077,0.9656927124968699,-5.092914693912956,-1.6989708087731659,578.75
464,-1.1743830371863015,-2.094678615428208,-2.002733928553923,0.9656927006790543,-5.092914722079506,-1.6468010123187713,580.0
465,-1.1743830139235378,-2.0946786296109123,-2.0027339343045294,0.9656926850977405,-5.092914751385276,-1.5846312292670928,581.25
466,-1.1743829860222326,-2.094678646476821,-2.0027339388558003,0.9656926734273178,-5.092914784621904,-1.5124614493519153,582.5
467,-1.1743829501210785,-2.0946786675324924,-2.002733934244923,0.9656926897218486,-5.092914818854492,-1.4302916827888301,583.75
468,-1.1743829098568743,-2.09467869119882,-2.0027339290309247,0.9656927082047444,-5.0929148572017215,-1.3381219224100507,585.0
469,-1.1743828649975772,-2.0946787168151966,-2.0027339230691203,0.9656927281312888,-5.092914899992297,-1.2359521691817403,586.25
470,-1.1743828109718988,-2.0946787311980786,-2.002733913760586,0.9656927338101275,-5.092914953936874,-1.123782427071379,587.5
471,-1.1743827521278525,-2.094678746863845,-2.0027339036213965,0.9656927399970101,-5.092915012707058,-1.0016126926461069,588.75
472,-1.1743826881908248,-2.0946787517222227,-2.002733891092624,0.9656927330035466,-5.092915076661984,-0.8694429644159634,590.0
473,-1.1743826192576077,-2.094678749992649,-2.0027338767188665,0.9656927176060159,-5.092915145668358,-0.727273238595747,591.25
474,-1.174382548897967,-2.0946787349358624,-2.002733860377556,0.9656926869562064,-5.092915216204212,-0.5751035169800937,592.5
475,-1.1743824761184616,-2.0946787103853928,-2.0027338423463106,0.9656926451675746,-5.092915289234542,-0.41293380174821026,593.75
476,-1.1743824118443358,-2.094678668008264,-2.002733823821752,0.9656925850098513,-5.092915353891815,-0.2476520153477644,595.0
477,-1.1743823539819052,-2.0946786240090063,-2.0027338064100886,0.9656925242809877,-5.092915412144857,-0.09208100911667681,596.25
478,-1.1743823141787681,-2.094678568291387,-2.0027337912347307,0.9656924539106236,-5.092915452415442,0.053489997114350894,597.5
479,-1.1743822773871788,-2.094678516238583,-2.0027337771383302,0.9656923882456494,-5.0929154896434135,0.1890610033453542,598.75
480,-1.174382258758482,-2.094678458959219,-2.0027337661152327,0.9656923202532905,-5.092915508734551,0.3146320095763323,600.0
481,-1.1743822416133043,-2.094678406241372,-2.0027337559699654,0.9656922576755832,-5.092915526305344,0.4302030158072903,601.25
482,-1.1743822346338102,-2.0946783557770288,-2.002733748195548,0.9656921996138984,-5.092915533684595,0.5357740220382317,602.5
483,-1.1743822335579182,-2.0946783086991916,-2.002733742059058,0.965692146509375,-5.0929155351289985,0.6313450282691572,603.75
484,-1.1743822325946014,-2.094678266547312,-2.00273373656465,0.9656920989614006,-5.092915536422269,0.7169160345000761,605.0
485,-1.1743822364971943,-2.094678229440664,-2.002733732703491,0.9656920580317272,-5.092915532806277,0.7924870407309892,606.25
486,-1.1743822448082462,-2.0946781973677693,-2.0027337303801946,0.9656920236181741,-5.092915524738934,0.8580580469618967,607.5
487,-1.1743822518518094,-2.0946781701861976,-2.002733728411215,0.9656919944529085,-5.092915517901913,0.9136290531928231,608.75
488,-1.1743822576278835,-2.0946781478959497,-2.0027337267965506,0.9656919705359301,-5.092915512295212,0.9592000594237755,610.0
489,-1.174382262136469,-2.094678130497025,-2.0027337255362045,0.96569195186724,-5.092915507918835,0.9947710656547327,611.25
490,-1.1743822653775657,-2.0946781179894214,-2.002733724630177,0.9656919384468384,-5.092915504772779,1.0203420718856733,612.5
491,-1.1743822673511732,-2.094678110373141,-2.0027337240784675,0.9656919302747252,-5.092915502857044,1.0359130781166186,613.75
492,-1.1752003872954406,-2.0961381165442403,-1.9998836925197714,0.9643013124759929,-5.092098974389717,1.0431610393660102,615.0
493,-1.1767888595772282,-2.0989728945863164,-1.9943500280558355,0.9616012744598604,-5.0905135922315825,1.0412165496345884,616.25
494,-1.1770573049059134,-2.0994519662797044,-1.9934148583166225,0.9611449762419797,-5.090245669686103,1.0310382954021033,617.5
495,-1.1770573023120852,-2.0994519730494985,-1.9934148613571407,0.9611449749867095,-5.090245673400494,1.0115817996983127,618.75
496,-1.1770572983851144,-2.099451983298745,-1.9934148659603852,0.9611449730862716,-5.09024567902396,0.9821253039945251,620.0
497,-1.1770572931250012,-2.099451997027443,-1.9934148721263563,0.9611449705406658,-5.090245686556502,0.9426688082907263,621.25
498,-1.1770572864171505,-2.099452014280498,-1.993414879802196,0.9611449674848598,-5.090245696967139,0.8932123149312985,622.5
499,-1.1770572775940011,-2.0994520353194974,-1.9934148886799887,0.9611449647050943,-5.090245715900815,0.8337558356811479,623.75
500,-1.177057267286884,-2.0994520598970507,-1.993414899050939,0.9611449614577992,-5.090245738018952,0.7642993564310079,625.0
501,-1.1770572669869352,-2.0994520979989364,-1.9934149045568876,0.9611450018735556,-5.090245740481885,0.6848428923633798,626.25
502,-1.1770572677642093,-2.0994521418829817,-1.9934149101225789,0.9611450517340334,-5.0902457410195545,0.5953864323573539,627.5
503,-1.1770572686398553,-2.0994521907526753,-1.9934149162404937,0.9611451075100902,-5.090245741519815,0.4959299823253878,628.75
504,-1.1770572815188067,-2.099452241231316,-1.9934149251862394,0.9611451669715434,-5.090245728628829,0.3864735414308809,630.0
505,-1.1770572991345327,-2.0994522953335832,-1.993414935611234,0.9611452312873204,-5.09024571053539,0.26701710814399565,631.25
506,-1.1770573243455356,-2.0994523503665743,-1.9934149477239895,0.9611452981125138,-5.090245684838916,0.13756068195493454,632.5
507,-1.1770573622398641,-2.0994524033395643,-1.9934149622005646,0.9611453650628556,-5.090245646493299,-0.0018957401740659005,633.75
508,-1.1770574082278222,-2.099452454662639,-1.993414978134771,0.9611454317419141,-5.090245600061522,-0.15135215985342443,635.0
509,-1.1770574678667804,-2.0994524987041965,-1.9934149959600915,0.9611454929079333,-5.090245540026871,-0.31080857282837476,636.25
510,-1.1770575367564216,-2.0994525329556977,-1.9934150144551077,0.9611455448795834,-5.090245470810977,-0.47714546104444205,637.5
511,-1.1770576073522512,-2.0994525567244544,-1.99341503197985,0.9611455854026721,-5.090245399969985,-0.6354313353819363,638.75
512,-1.1770576775657835,-2.099452563274411,-1.9934150472554275,0.9611456064975475,-5.090245329647175,-0.7837172097194078,640.0
513,-1.1770577441998453,-2.099452564928757,-1.9934150611772332,0.9611456213897873,-5.090245262945323,-0.9220030840568391,641.25
514,-1.177057805713985,-2.0994525532842334,-1.993415072368992,0.9611456203330837,-5.090245201472312,-1.0502889583942605,642.5
515,-1.1770578623344963,-2.099452538237536,-1.9934150821247825,0.9611456144952956,-5.090245144923738,-1.1685748327316348,643.75
516,-1.1770579126714398,-2.099452519866203,-1.9934150901683334,0.9611456036917213,-5.090245094690075,-1.2768607070690128,645.0
517,-1.1770579555941985,-2.099452494698126,-1.993415095829297,0.9611455837986829,-5.090245051930205,-1.3751465814063597,646.25
518,-1.1770579941498247,-2.099452472090753,-1.993415100914286,0.9611455659296395,-5.090245013520894,-1.4634324557437126,647.5
519,-1.1770580271837128,-2.0994524504300247,-1.9934151049822315,0.9611455480446139,-5.090244980630406,-1.541718330081056,648.75
520,-1.1770580517237135,-2.0994524255610827,-1.9934151068977348,0.9611455248923509,-5.090244956266045,-1.6100042044183946,650.0
521,-1.1770580726699988,-2.099452404334027,-1.9934151085327259,0.9611455051305787,-5.090244935469678,-1.6682900787557517,651.25
522,-1.1770580900225693,-2.0994523867488604,-1.9934151098872006,0.9611454887592954,-5.090244918241305,-1.7165759530931335,652.5
523,-1.177058103781424,-2.0994523728055805,-1.993415110961164,0.9611454757785033,-5.090244904580927,-1.754861827430507,653.75
524,-1.1770581139465632,-2.099452362504186,-1.9934151117546153,0.9611454661882024,-5.090244894488543,-1.7831477017678778,655.0
525,-1.1770581205179866,-2.099452355844679,-1.9934151122675554,0.9611454599883928,-5.090244887964154,-1.8014335761052531,656.25
526,-1.1774666805335523,-2.1001931904692666,-1.991967839719631,0.96043873889625,-5.0898371518857335,-1.8107333648943766,657.5
527,-1.17906901826963,-2.1030987172238067,-1.9862917130989042,0.9576670280914157,-5.088238045682437,-1.8115197522617648,658.75
528,-1.1796960106879943,-2.104235653520968,-1.9840706422314562,0.956582454761484,-5.087612319365348,-1.803403407921265,660.0
529,-1.1796960042658007,-2.1042356574830268,-1.9840706435682152,0.9565824513482908,-5.087612329233931,-1.786683638107111,661.25
530,-1.1796959940025298,-2.1042356638147703,-1.9840706457044819,0.956582445893686,-5.087612345004856,-1.759963868292962,662.5
531,-1.179695979898181,-2.1042356725161984,-1.984070648640256,0.9565824383976694,-5.087612366678124,-1.7232440984788102,663.75
532,-1.1796959619527545,-2.1042356835873113,-1.9840706523755383,0.9565824288602415,-5.0876123942537355,-1.676524328664657,665.0
533,-1.1796959408696004,-2.1042356964397286,-1.9840706575159799,0.956582415136348,-5.087612421753466,-1.619804579093933,666.25
534,-1.179695916183963,-2.1042357114622363,-1.9840706636613836,0.9565823986433792,-5.0876124531275595,-1.5530848325355011,667.5
535,-1.179695884691389,-2.1042357301235888,-1.9840706632739578,0.9565824019964395,-5.087612486237879,-1.4763650965812884,668.75
536,-1.17969584726614,-2.104235752033436,-1.9840706584510945,0.9565824189156518,-5.087612521919043,-1.389645366450726,670.0
537,-1.179695805537441,-2.1042357765639843,-1.9840706529891392,0.9565824381880339,-5.0876125616104915,-1.2929256483542932,671.25
538,-1.1796957570590234,-2.1042357966432297,-1.9840706455390649,0.9565824512332719,-5.087612608956891,-1.1862059369474767,672.5
539,-1.1796957015336285,-2.104235811415954,-1.9840706359335232,0.9565824570252747,-5.087612664401783,-1.069486233692139,673.75
540,-1.1796956412085804,-2.104235825676386,-1.9840706252733598,0.9565824613001928,-5.087612724667634,-0.9427665384905878,675.0
541,-1.17969557573492,-2.104235824068503,-1.984070611566157,0.9565824466586131,-5.087612790211948,-0.8060468490819637,676.25
542,-1.179695505853605,-2.104235820875282,-1.9840705967495806,0.9565824293699383,-5.087612860180156,-0.6593271604163871,677.5
543,-1.179695436387672,-2.1042357975311847,-1.9840705794702966,0.9565823895054967,-5.087612929889129,-0.5026074787467015,678.75
544,-1.1796953662638376,-2.104235766847097,-1.9840705611270901,0.9565823412590739,-5.0876130003148,-0.33670025521801317,680.0
545,-1.179695306412576,-2.104235722715021,-1.9840705432019328,0.9565822799054721,-5.08761306056614,-0.17568129208786007,681.25
546,-1.1796952578176088,-2.1042356736909187,-1.984070526979723,0.9565822152576988,-5.087613109590663,-0.024662328957732335,682.5
547,-1.1796952197363575,-2.104235620526583,-1.9840705124023772,0.956582148015511,-5.087613148125598,0.11635663417237056,683.75
548,-1.1796951918418501,-2.104235566746129,-1.9840704998481176,0.956582082077316,-5.087613176470213,0.24737559730244185,685.0
549,-1.1796951741118002,-2.104235512362613,-1.9840704893140009,0.9565820174534266,-5.08761319464671,0.36839456043249175,686.25
550,-1.1796951587997506,-2.1042354622197403,-1.984070479814858,0.9565819580716531,-5.0876132103695335,0.4794135235625177,687.5
551,-1.1796951576784251,-2.1042354131899175,-1.984070473383295,0.9565819027229877,-5.087613211881001,0.5804324866925282,688.75
552,-1.1796951566681013,-2.104235369013624,-1.984070467588396,0.9565818528533573,-5.087613213242847,0.6714514498225356,690.0
553,-1.179695155768779,-2.1042353296908587,-1.9840704624301637,0.9565818084627632,-5.08761321445507,0.7524704129525555,691.25
554,-1.1796951639103033,-2.104235295440959,-1.9840704597781114,0.9565817715482182,-5.087613206578661,0.8234893760825573,692.5
555,-1.179695171550204,-2.104235266029537,-1.9840704576344728,0.9565817399757074,-5.087613199165885,0.8845083392125584,693.75
556,-1.1796951779380513,-2.104235241438163,-1.9840704558421383,0.9565817135774082,-5.08761319296794,0.935527302342595,695.0
557,-1.1796951830738451,-2.104235221666835,-1.9840704544011103,0.9565816923533216,-5.087613187984826,0.9765462654726338,696.25
558,-1.1796951869575854,-2.104235206715553,-1.98407045331139,0.9565816763034484,-5.087613184216544,1.007565228602663,697.5
559,-1.1796951895892722,-2.104235196584317,-1.9840704525729773,0.9565816654277884,-5.087613181663094,1.028584191732697,698.75
560,-1.1798017855559615,-2.1044315823862147,-1.9836865014958196,0.9563940295414554,-5.087506808508424,1.0399354912918,700.0
561,-1.1812385934553067,-2.1070787747283606,-1.9785111596573124,0.9538649282488166,-5.086073003383616,1.0434496835833529,701.25
562,-1.1822965859997827,-2.1090280384686126,-1.9747002970950909,0.9520026252131554,-5.0850172222867025,1.037383959860746,702.5
563,-1.1822965841545297,-2.10902804325909,-1.9747002992654028,0.9520026243218126,-5.085017224983157,1.023419952198729,703.75
564,-1.182296580987841,-2.1090280514801565,-1.974700302989933,0.9520026227921555,-5.085017229610613,0.9994559445367083,705.0
565,-1.182296576499717,-2.1090280631318117,-1.974700308268682,0.9520026206241841,-5.085017236169072,0.9654919368746975,706.25
566,-1.182296570690158,-2.1090280782140565,-1.9747003151016493,0.9520026178178982,-5.085017244658534,0.9215279292126681,707.5
567,-1.182296563069582,-2.1090280969270525,-1.9747003232537508,0.9520026149853589,-5.085017259264055,0.8675639315532377,708.75
568,-1.1822965536732646,-2.1090281192563785,-1.974700332741925,0.9520026120824661,-5.085017279684097,0.8035999407420573,710.0
569,-1.1822965472081908,-2.1090281488728193,-1.974700341265993,0.9520026255456759,-5.0850172944356,0.7296359560224679,711.25
570,-1.1822965479266425,-2.1090281894449188,-1.9747003464607866,0.9520026716293332,-5.0850172949555645,0.6456719816880172,712.5
571,-1.182296548740113,-2.109028234913561,-1.9747003522173057,0.9520027234774635,-5.085017295456247,0.5517080158321946,713.75
572,-1.182296553013176,-2.1090282843209693,-1.9747003591851156,0.9520027804460504,-5.085017292167212,0.4477440569486036,715.0
573,-1.182296569609922,-2.1090283351753714,-1.974700369047922,0.9520028409688006,-5.085017275121967,0.33378010707980854,716.25
574,-1.182296587665161,-2.1090283904901135,-1.9747003797781804,0.9520029067949035,-5.085017256562439,0.20981616665318925,717.5
575,-1.1822966207867625,-2.1090284422790635,-1.9747003931920442,0.9520029715653479,-5.085017222987285,0.07585223182073773,718.75
576,-1.1822966594242261,-2.109028496147491,-1.974700408013852,0.9520030397466482,-5.085017183883294,-0.0681117016996135,720.0
577,-1.1822967131947693,-2.1090285411660585,-1.9747004248406257,0.952003100947682,-5.085017129706716,-0.22207562986512033,721.25
578,-1.182296773878057,-2.1090285855659507,-1.9747004430177124,0.9520031628112458,-5.085017068617187,-0.3860386720502161,722.5
579,-1.1822968460261531,-2.1090286097654163,-1.974700461001815,0.9520032042053082,-5.085016996214772,-0.5498150016971645,723.75
580,-1.1822969149567188,-2.109028627920139,-1.9747004775538972,0.9520032381679862,-5.085016927080966,-0.7035913313440537,725.0
581,-1.1822969833869195,-2.1090286295819896,-1.9747004919100677,0.9520032534807874,-5.085016858579934,-0.8473676609909352,726.25
582,-1.182297046977661,-2.1090286276332906,-1.9747005048077797,0.9520032637816078,-5.085016794951324,-0.9811439906377786,727.5
583,-1.182297105500476,-2.109028612089647,-1.9747005149330767,0.9520032577948878,-5.0850167365037,-1.1049203202845983,728.75
584,-1.1822971592951839,-2.1090285978017924,-1.974700524240333,0.9520032522918358,-5.085016682778109,-1.2186966499314034,730.0
585,-1.1822972049960603,-2.1090285744584865,-1.9747005307256225,0.9520032350129227,-5.085016637225625,-1.3224729795781818,731.25
586,-1.1822972454482206,-2.1090285507760353,-1.974700536082912,0.9520032163213895,-5.085016596928983,-1.416249309224961,732.5
587,-1.1822972815866968,-2.109028529619006,-1.9747005408689131,0.9520031996230582,-5.085016560929441,-1.5000256388717226,733.75
588,-1.1822973098255158,-2.1090285059877605,-1.9747005437080576,0.95200317858974,-5.085016532855999,-1.5738019685184965,735.0
589,-1.1822973324647728,-2.109028483089139,-1.974700545482659,0.9520031572804296,-5.085016510380963,-1.6375782981652662,736.25
590,-1.18229735155424,-2.109028463780976,-1.9747005469790044,0.9520031393123753,-5.0850164914299665,-1.6913546278120564,737.5
591,-1.1822973670939176,-2.1090284480632713,-1.9747005481970947,0.9520031246855774,-5.08501647600301,-1.7351309574588702,738.75
592,-1.1822973790838054,-2.1090284359360245,-1.9747005491369314,0.9520031134000365,-5.085016464100095,-1.7689072871056604,740.0
593,-1.1822973875239031,-2.1090284273992346,-1.9747005497985153,0.952003105455753,-5.085016455721219,-1.7926836167524547,741.25
594,-1.1822974138282913,-2.10902846253867,-1.974700471755141,0.9520030624982536,-5.085016429498666,-1.8064599462222746,742.5
595,-1.1833698663325114,-2.1110360179033547,-1.9707727407635975,0.9500822089322825,-5.0839462988753805,-1.8123919746944959,743.75
596,-1.1847705610859247,-2.1136580309856896,-1.9656428460750084,0.9475734399660595,-5.082548637430488,-1.8087073091389174,745.0
597,-1.1848631335537385,-2.1138313314823005,-1.9653037945797822,0.9474076245446357,-5.082456267780906,-1.7972247815271356,746.25
598,-1.1848631255100086,-2.113831336441878,-1.9653037962634146,0.9474076202983756,-5.082456280230951,-1.7760393207373044,747.5
599,-1.1848631136694623,-2.113831343742485,-1.9653037987417585,0.947407614047788,-5.0824562985576875,-1.7448538599474852,748.75
600,-1.1848630980320998,-2.1138313533841204,-1.9653038020148137,0.9474076057928728,-5.082456322761117,-1.7036683991576498,750.0
601,-1.1848630788352923,-2.113831365163066,-1.9653038062935577,0.9474075947871474,-5.082456350801901,-1.6524829457432755,751.25
602,-1.184863056448158,-2.113831378762533,-1.965303811906066,0.9474075798698082,-5.082456379508813,-1.5912975081931462,752.5
603,-1.1848630299921932,-2.1138313947670997,-1.965303817439839,0.947407565469869,-5.082456412481879,-1.520112072153384,753.75
604,-1.184862995379921,-2.1138314149958504,-1.965303812963334,0.9474075810565281,-5.0824564454770345,-1.4389266509575191,755.0
605,-1.1848629565091953,-2.11383143775324,-1.9653038079025236,0.9474075987212152,-5.082456482493956,-1.347741234740578,756.25
606,-1.184862913383859,-2.11383146306823,-1.9653038022316227,0.9474076185878276,-5.082456523499425,-1.2465558263899132,757.5
607,-1.18486286136648,-2.1138314776211367,-1.9653037932893678,0.94740762477238,-5.082456575329254,-1.1353704292041171,758.75
608,-1.1848628044183462,-2.113831492765342,-1.9653037833953433,0.9474076306677506,-5.082456632201316,-1.0141850393202252,760.0
609,-1.1848627425436495,-2.1138314992494838,-1.9653037713898465,0.9474076258134502,-5.082456694079637,-0.8829996560055609,761.25
610,-1.1848626757561993,-2.113831497646179,-1.9653037573481333,0.947407610858003,-5.082456760940367,-0.7418142757655146,762.5
611,-1.184862607036267,-2.113831485183826,-1.9653037415238113,0.9474075833026293,-5.082456829821081,-0.5906288991232709,763.75
612,-1.1848625364632737,-2.1138314615575347,-1.9653037238944195,0.9474075428201963,-5.082456900644664,-0.42944352895228444,765.0
613,-1.1848624723997871,-2.113831422339846,-1.9653037056290494,0.9474074860752644,-5.082456965079006,-0.2636121424577108,766.25
614,-1.1848624149205773,-2.113831380082717,-1.965303688340958,0.9474074272067118,-5.082457022948003,-0.10706095563327013,767.5
615,-1.184862375009965,-2.1138313264817103,-1.9653036732489284,0.9474073590327972,-5.082457063324982,0.03949023119113834,768.75
616,-1.18486233858688,-2.1138312757659645,-1.9653036592467368,0.9474072947922736,-5.082457100188191,0.17604141801552897,770.0
617,-1.1848623189731098,-2.113831220491102,-1.9653036481469357,0.9474072287315034,-5.082457120264577,0.3025926048398875,771.25
618,-1.1848623021078164,-2.113831168882834,-1.965303638083311,0.9474071673378057,-5.082457137560567,0.41914379166422844,772.5
619,-1.1848622938306228,-2.11383111980628,-1.9653036301213214,0.947407110484037,-5.082457146240731,0.5256949784885523,773.75
620,-1.1848622927736772,-2.113831073624657,-1.965303624023797,0.947407058309568,-5.0824571476711515,0.6222461653128559,775.0
621,-1.1848622918262013,-2.1138310322261606,-1.9653036185577997,0.9474070115389113,-5.08245714895342,0.7087973521371563,776.25
622,-1.184862294683115,-2.1138309956995003,-1.96530361450018,0.9474069709994668,-5.0824571463887604,0.7853485389614691,777.5
623,-1.1848623029152148,-2.113830964082391,-1.965303612181193,0.9474069370429805,-5.0824571384047355,0.8518997257857648,778.75
624,-1.184862309910357,-2.1138309372160777,-1.965303610210657,0.9474069081888051,-5.082457131620393,0.9084509126100896,780.0
625,-1.1848623156685414,-2.1138309151005616,-1.9653036085885698,0.94740688443694,-5.082457126035731,0.9550020994344228,781.25
626,-1.1848623201897683,-2.1138308977358413,-1.9653036073149348,0.9474068657873862,-5.0824571216507515,0.9915532862587608,782.5
627,-1.1848623234740374,-2.1138308851219154,-1.9653036063897527,0.9474068522401439,-5.082457118465454,1.018104473083089,783.75
628,-1.184862325521349,-2.1138308772587857,-1.9653036058130224,0.9474068437952129,-5.082457116479839,1.0346556599074146,785.0
629,-1.1854845293793703,-2.115014220358965,-1.962986746596148,0.9462729529413012,-5.081836307673023,1.0426573417804283,786.25
630,-1.1870166443738734,-2.1179280992534637,-1.9572817030417633,0.943480864565077,-5.080307627900359,1.0417358230155347,787.5
631,-1.1873930358064306,-2.1186439510901405,-1.9558801540535695,0.9427949355079711,-5.079932080969098,1.0323511342035303,788.75
632,-1.1873930333976004,-2.118643957310886,-1.955880156896735,0.9427949343473245,-5.079932084560582,1.0139625013186393,790.0
633,-1.187393029678814,-2.1186439669145622,-1.9558801612860548,0.9427949325555018,-5.079932090105164,0.9855738684337515,791.25
634,-1.1873930246500712,-2.118643979901168,-1.9558801672215278,0.9427949301325028,-5.079932097602844,0.9471852355488523,792.5
635,-1.187393018284311,-2.118643996282241,-1.9558801746896257,0.9427949271141725,-5.079932107287449,0.8987966032405815,793.75
636,-1.18739300979253,-2.1186440163941795,-1.9558801832958954,0.9427949245455978,-5.0799321259763826,0.8404079862441718,795.0
637,-1.1873929998463941,-2.118644039950614,-1.9558801933761292,0.9427949215371133,-5.079932147866099,0.7720193692477585,796.25
638,-1.1873929983321414,-2.118644075420372,-1.9558801994026203,0.9427949557026665,-5.079932152786352,0.6936307655873766,797.5
639,-1.1873929990813707,-2.1186441175279915,-1.9558802048163615,0.942795003610018,-5.079932153312342,0.6052421663852166,798.75
640,-1.1873929999284538,-2.118644164486925,-1.9558802107645126,0.9427950573123113,-5.0799321537840845,0.5068535786061656,800.0
641,-1.1873930108430444,-2.118644213447526,-1.9558802191924203,0.9427951148566348,-5.079932143041923,0.3984649987156305,801.25
642,-1.1873930278739484,-2.118644265506189,-1.9558802293584516,0.9427951768798484,-5.079932125537328,0.28007642665604604,802.5
643,-1.1873930505862895,-2.1186443194750435,-1.9558802409535185,0.9427952421594576,-5.079932102330234,0.15168786209176757,803.75
644,-1.1873930872748573,-2.118644370493157,-1.9558802550895058,0.9427953068309077,-5.079932065192219,0.01329930229959753,805.0
645,-1.187393130223749,-2.118644421553879,-1.9558802705311178,0.9427953727858966,-5.079932021788966,-0.13508925568163752,806.25
646,-1.1873931880237658,-2.118644463984194,-1.9558802879543284,0.9427954319583232,-5.079931963594265,-0.2934778068608703,807.5
647,-1.1873932540172158,-2.1186444993243754,-1.955880306173614,0.9427954847666261,-5.079931897256718,-0.45982381685716145,808.75
648,-1.1873933233625191,-2.1186445224955106,-1.9558803235347955,0.9427955245378321,-5.079931827663342,-0.6191734762619227,810.0
649,-1.1873933917994266,-2.1186445310024298,-1.9558803388344352,0.9427955476221845,-5.079931759098395,-0.7685231356668106,811.25
650,-1.1873934573178477,-2.1186445325566248,-1.9558803526399626,0.9427955623037764,-5.0799316935109875,-0.9078727950718413,812.5
651,-1.187393517882322,-2.1186445229845843,-1.955880363995623,0.9427955634827219,-5.079931632972269,-1.037222454477019,813.75
652,-1.1873935736279053,-2.118644508184292,-1.9558803736827395,0.9427955578250531,-5.079931577299105,-1.1565721138823148,815.0
653,-1.1873936236960163,-2.1186444915471982,-1.9558803819561483,0.9427955489790678,-5.079931527323233,-1.2659217732877215,816.25
654,-1.187393666033163,-2.118644466796969,-1.9558803875877828,0.9427955294741682,-5.079931485150957,-1.3652714326932243,817.5
655,-1.1873937041088827,-2.1186444445379653,-1.955880392652562,0.9427955119325233,-5.079931447223512,-1.4546210920988205,818.75
656,-1.1873937373918324,-2.118644424031309,-1.9558803969457723,0.9427954954175027,-5.079931414078707,-1.5339707515044776,820.0
657,-1.1873937617116566,-2.118644399477748,-1.955880398860641,0.9427954725777308,-5.079931389937647,-1.6033204109101988,821.25
658,-1.1873937825246397,-2.1186443784647317,-1.9558804004993915,0.9427954530313811,-5.07993136927765,-1.6626700703159603,822.5
659,-1.1873937998307822,-2.1186443609922625,-1.955880401862021,0.9427954367784519,-5.079931352098717,-1.71201972972176,823.75
660,-1.1873938136300832,-2.118644347060339,-1.9558804029485324,0.9427954238189451,-5.079931338400848,-1.7513693891275655,825.0
661,-1.1873938239225432,-2.11864433666896,-1.955880403758927,0.9427954141528613,-5.079931328184043,-1.7807190485333755,826.25
662,-1.1873938307081617,-2.118644329818126,-1.9558804042932043,0.9427954077802003,-5.079931321448302,-1.8000687079391542,827.5
663,-1.187652448125732,-2.119144026667892,-1.9549013526403245,0.9423159048265326,-5.079673304326899,-1.8101722362559676,828.75
664,-1.1891333264937354,-2.12200541621992,-1.9492950944098923,0.9395701877194809,-5.0781958633413415,-1.812065003106638,830.0
665,-1.1898903101715603,-2.123468086647518,-1.9464293206446774,0.9381666471232423,-5.077440638237811,-1.8047909740840105,831.25
666,-1.189890304327459,-2.123468090248905,-1.9464293218747353,0.938166644059416,-5.077440647349403,-1.7892214083452707,832.5
667,-1.1898902947298153,-2.1234680961633874,-1.946429323894833,0.9381666390277594,-5.077440662313177,-1.7636518426065504,833.75
668,-1.1898902813786303,-2.1234681043909633,-1.9464293267049706,0.9381666320282724,-5.077440683129131,-1.7280822768677782,835.0
669,-1.1898902642739033,-2.123468114931634,-1.9464293303051483,0.9381666230609553,-5.077440709797267,-1.6825127111290248,836.25
670,-1.1898902439926737,-2.123468127277225,-1.9464293352248985,0.9381666102548503,-5.077440737307063,-1.626943162669473,837.5
671,-1.1898902202644326,-2.1234681416659624,-1.9464293412159839,0.938166594487035,-5.07744076800738,-1.5613736197877344,838.75
672,-1.1898901904747765,-2.123468159333586,-1.946429342108882,0.9381665939903108,-5.077440800643693,-1.4858040855448196,840.0
673,-1.189890154430981,-2.12346818036566,-1.9464293374292527,0.9381666101593058,-5.077440834999336,-1.400234558930602,841.25
674,-1.1898901141857707,-2.1234682039351664,-1.9464293321311554,0.9381666285587427,-5.077440873275424,-1.3046650429729523,842.5
675,-1.1898900679076827,-2.123468224773725,-1.94642932518784,0.9381666428061788,-5.077440918207074,-1.199095533843976,843.75
676,-1.1898900142550861,-2.123468239037038,-1.946429315824577,0.9381666483157929,-5.077440971777115,-1.083526033089115,845.0
677,-1.189889955957976,-2.1234682545353123,-1.9464293056501747,0.9381666543044573,-5.077441030000412,-0.957956540907994,846.25
678,-1.1898898926081771,-2.1234682533453837,-1.9464292923084054,0.9381666404311981,-5.077441093418435,-0.822387055097736,847.5
679,-1.1898898245782792,-2.1234682517512997,-1.9464292779410846,0.9381666251749758,-5.07744116152422,-0.6768175696999609,848.75
680,-1.1898897570558549,-2.1234682301962033,-1.9464292611212952,0.9381665875402787,-5.077441229282232,-0.5212480908912942,850.0
681,-1.189889687561641,-2.123468202875627,-1.946429243152121,0.9381665430226445,-5.077441299060817,-0.3559683813202883,851.25
682,-1.1898896287416678,-2.123468159759907,-1.9464292253810185,0.9381664828294121,-5.077441358285384,-0.19380339740033953,852.5
683,-1.1898895792365036,-2.1234681135657207,-1.9464292091546533,0.9381664210124135,-5.077441408212277,-0.04163841348030236,853.75
684,-1.1898895417757094,-2.123468061539704,-1.946429194688453,0.9381663550110264,-5.077441446132127,0.10052657043992849,855.0
685,-1.189889512502618,-2.123468009929386,-1.9464291819801218,0.9381662910978263,-5.077441475853747,0.2326915543602625,856.25
686,-1.1898894950403325,-2.1234679566181596,-1.9464291715127153,0.9381662276060754,-5.077441493768233,0.3548565382807685,857.5
687,-1.189889479007449,-2.123467907670808,-1.946429161902128,0.9381661693115354,-5.077441510216301,0.46702152220133997,858.75
688,-1.189889477215367,-2.1234678596864303,-1.9464291553797537,0.9381661149191987,-5.077441512403286,0.5691865061220468,860.0
689,-1.189889476220178,-2.12346781623383,-1.946429149604037,0.9381660657880099,-5.077441513755537,0.6613514900428259,861.25
690,-1.189889475332968,-2.1234677774958857,-1.9464291444549888,0.9381660219876068,-5.077441514961068,0.7435164739636951,862.5
691,-1.1898894822483101,-2.1234677436529132,-1.94642914155766,0.9381659852435377,-5.077441508317133,0.8156814578846111,863.75
692,-1.1898894898460621,-2.123467714538056,-1.9464291394083197,0.9381659539590745,-5.077441500951436,0.877846441805582,865.0
693,-1.1898894962216224,-2.123467690106682,-1.9464291376047247,0.9381659277071,-5.077441494770602,0.9300114257265809,866.25
694,-1.1898895013749915,-2.1234676703587896,-1.946429136146877,0.9381659064876146,-5.07744148977463,0.9721764096476107,867.5
695,-1.1898895053061689,-2.123467655294379,-1.9464291350347778,0.938165890300619,-5.077441485963522,1.0043413935686305,868.75
696,-1.1898895080151546,-2.12346764491345,-1.9464291342684266,0.9381658791461134,-5.077441483337275,1.0265063774896268,870.0
697,-1.1899237778601104,-2.123534908278392,-1.9462972432393506,0.9381012328489968,-5.07740729585612,1.0387922874813702,871.25
698,-1.19116276004669,-2.1259670400885646,-1.9415287010761875,0.935764148956642,-5.076171289915302,1.0434127311315684,872.5
699,-1.192337094400789,-2.1282722738124273,-1.9370089690698873,0.9335490094742696,-5.0749997768435655,1.0382904492965974,873.75
700,-1.1923523342589368,-2.128302197341516,-1.9369503100999372,0.9335202587155459,-5.074984574463297,1.0255018930819924,875.0
701,-1.1923523313066111,-2.128302204926012,-1.9369503135975847,0.9335202572969584,-5.074984578953909,1.002769010661432,876.25
702,-1.1923523270555825,-2.1283022158468627,-1.9369503186338173,0.9335202552543463,-5.074984585419902,0.9700361282408457,877.5
703,-1.1923523215058511,-2.1283022301040675,-1.9369503252086349,0.9335202525877098,-5.074984593861276,0.9273032458202697,878.75
704,-1.1923523142895611,-2.1283022478611064,-1.936950333130539,0.9335202498124047,-5.074984607490502,0.874570369686923,880.0
705,-1.1923523052558291,-2.128302269185033,-1.936950342320984,0.933520247139814,-5.074984627625234,0.8118375006200181,881.25
706,-1.1923522976304748,-2.1283022963313836,-1.9369503513753363,0.9335202548283107,-5.074984645081626,0.7391046355915395,882.5
707,-1.1923522983225734,-2.1283023351779935,-1.9369503564099708,0.9335202990430186,-5.074984645577949,0.6563717828643988,883.75
708,-1.1923522991060476,-2.1283023787705297,-1.936950362007537,0.9335203488189607,-5.074984646066389,0.5636389371103155,885.0
709,-1.1923523014894941,-2.128302426689854,-1.936950368453206,0.9335204039114787,-5.0749846448447,0.46090609850299824,886.25
710,-1.1923523175094781,-2.128302475549301,-1.936950378060269,0.9335204621923022,-5.0749846283790205,0.34817327034553625,887.5
711,-1.1923523349523233,-2.1283025287411137,-1.9369503885213142,0.9335205256364971,-5.074984610436996,0.22544045046164185,888.75
712,-1.1923523650641739,-2.1283025796836084,-1.9369504013510803,0.9335205890189953,-5.074984579860858,0.09270763663145132,890.0
713,-1.1923524024480772,-2.128302631535526,-1.9369504158219333,0.9335206548497439,-5.074984542012767,-0.05002517506898452,891.25
714,-1.1923524526833669,-2.1283026767077082,-1.9369504321157498,0.933520715705241,-5.074984491359163,-0.20275798219267732,892.5
715,-1.1923525113538784,-2.1283027196510216,-1.9369504498832784,0.9335207757235031,-5.074984432282323,-0.3654907830248056,893.75
716,-1.1923525809142936,-2.1283027455550396,-1.9369504677325258,0.9335208187053537,-5.074984362446702,-0.5303652446572515,895.0
717,-1.192352648081658,-2.1283027657306457,-1.9369504843456662,0.9335208547588292,-5.074984295053551,-0.6853685908878651,896.25
718,-1.1923527154393174,-2.12830276728896,-1.9369504986044868,0.9335208698756318,-5.074984227623759,-0.8303719371185737,897.5
719,-1.1923527781225003,-2.128302767464166,-1.9369505117098145,0.9335208825069643,-5.074984164883982,-0.9653752833494711,898.75
720,-1.192352835808018,-2.1283027521522513,-1.9369505217805432,0.9335208766990145,-5.0749841072742266,-1.0903786295804827,900.0
721,-1.1923528888788206,-2.128302738065261,-1.9369505310456268,0.9335208713556838,-5.074984054273127,-1.2053819758116453,901.25
722,-1.1923529345452564,-2.128302716696395,-1.936950537828931,0.9335208563397821,-5.074984008743073,-1.3103853220428825,902.5
723,-1.1923529745447858,-2.1283026933438887,-1.9369505431743963,0.9335208379649949,-5.074983968901299,-1.405388668274212,903.75
724,-1.1923530103339877,-2.1283026724494567,-1.9369505479571956,0.9335208215243251,-5.0749839332532485,-1.4903920145056455,905.0
725,-1.192353039050623,-2.128302650043087,-1.9369505510694371,0.933520801977368,-5.074983904696478,-1.56539536073714,906.25
726,-1.192353061573252,-2.12830262734337,-1.9369505528511897,0.9335207808712707,-5.074983882341587,-1.630398706968681,907.5
727,-1.1923530806310398,-2.1283026081357375,-1.9369505543588388,0.9335207630120972,-5.074983863425731,-1.685402053200255,908.75
728,-1.1923530962239866,-2.1283025924201904,-1.9369505555923843,0.9335207483998471,-5.074983847948914,-1.7304053994318542,910.0
729,-1.1923531083520917,-2.1283025801967272,-1.936950556551829,0.9335207370345222,-5.074983835911134,-1.765408745663465,911.25
730,-1.1923531170153554,-2.1283025714653485,-1.9369505572371728,0.9335207289161226,-5.07498382731239,-1.790412091895045,912.5
731,-1.192353122213777,-2.1283025662260537,-1.936950557648416,0.9335207240446481,-5.074983822152683,-1.805415438126636,913.75
732,-1.1931761208801177,-2.129943814866419,-1.9337304508537905,0.9319414421946743,-5.0741628688770435,-1.8122896480242998,915.0
733,-1.1945880970022857,-2.132759634622146,-1.928205861010464,0.9292319438365351,-5.0727544024960745,-1.8098600250360646,916.25
734,-1.1947830567018904,-2.1331484409624037,-1.927443035028161,0.9288578185772569,-5.072559929557059,-1.7993690395540898,917.5
735,-1.1947830493260083,-2.1331484455052956,-1.9274430365893873,0.9288578147372539,-5.07255994114163,-1.7794945845136514,918.75
736,-1.1947830382388887,-2.1331484523339808,-1.927443038936158,0.9288578089651212,-5.072559958555075,-1.7496201294731963,920.0
737,-1.1947830234405314,-2.133148461448461,-1.927443042068473,0.9288578012608585,-5.072559981797395,-1.7097456744327388,921.25
738,-1.1947830050621813,-2.133148472730111,-1.927443046110716,0.9288577911857934,-5.072560009716916,-1.6598712234451702,922.5
739,-1.194782983629811,-2.1331484857035328,-1.9274430515613674,0.9288577769818994,-5.072560037698176,-1.5999967901322205,923.75
740,-1.194782958617888,-2.1331485008437268,-1.9274430579223665,0.9288577604057254,-5.072560070352762,-1.5301223568193325,925.0
741,-1.194782925552216,-2.1331485201345997,-1.9274430540365772,0.9288577739572086,-5.072560102255257,-1.4502479390560299,926.25
742,-1.1947828881478673,-2.1331485419537968,-1.9274430491386125,0.9288577907751728,-5.0725601378777085,-1.3603735252369693,927.5
743,-1.1947828465917154,-2.1331485662729723,-1.9274430436299526,0.9288578097744559,-5.072560177374927,-1.2604991210395902,928.75
744,-1.1947827970047762,-2.1331485819867533,-1.92744303527437,0.9288578176441666,-5.07256022650201,-1.1506247264704326,930.0
745,-1.1947827420173005,-2.1331485966029238,-1.9274430256320714,0.9288578232472952,-5.072560281410961,-1.0307503394720379,931.25
746,-1.1947826822749499,-2.1331486051577766,-1.9274430142207533,0.9288578210494318,-5.072560341137686,-0.9008759595223469,932.5
747,-1.1947826176878178,-2.1331486036831055,-1.9274430005155334,0.9288578065426194,-5.07256040579803,-0.7610015835100836,933.75
748,-1.1947825505153262,-2.1331485943332553,-1.927442985253193,0.9288577826454529,-5.072560473110406,-0.611127210304077,935.0
749,-1.194782482189481,-2.133148571633292,-1.9274429680267404,0.9288577434725291,-5.072560541686058,-0.4512528436937525,936.25
750,-1.194782418008361,-2.133148536074098,-1.9274429500081833,0.9288576906306458,-5.072560606220384,-0.2849883184005693,937.5
751,-1.1947823614363042,-2.133148494726985,-1.9274429328349294,0.9288576327786398,-5.07256066318709,-0.1271303408142861,938.75
752,-1.1947823201888488,-2.1331484441758732,-1.9274429176806827,0.9288575676007247,-5.072560704892203,0.020727636772099885,940.0
753,-1.1947822842987978,-2.1331483944579093,-1.9274429037549814,0.9288575044272726,-5.072560741228207,0.158585614358654,941.25
754,-1.1947822629103753,-2.133148341404393,-1.9274428924333467,0.9288574403784159,-5.072560763077459,0.2864435919453182,942.5
755,-1.194782246266819,-2.1331482907079087,-1.9274428824087304,0.9288573799297377,-5.072560780157996,0.40430156953212976,943.75
756,-1.194782236257637,-2.133148242926835,-1.9274428741485732,0.9288573240863527,-5.072560790573977,0.5121595471190376,945.0
757,-1.1947822352151825,-2.1331481974421167,-1.9274428680610436,0.9288572726143887,-5.072560791996129,0.6100175247060391,946.25
758,-1.1947822342792556,-2.1331481566054356,-1.9274428625955862,0.9288572264022861,-5.072560793272952,0.697875502293124,947.5
759,-1.1947822358117504,-2.1331481204707248,-1.927442858253398,0.9288571859805607,-5.072560792040003,0.7757334798802842,948.75
760,-1.1947822440072717,-2.1331480891337735,-1.9274428559245695,0.9288571522913766,-5.072560784098144,0.8435914574674985,950.0
761,-1.1947822509950468,-2.1331480624148424,-1.927442853938932,0.9288571235668533,-5.072560777326651,0.901449435054757,951.25
762,-1.1947822567750759,-2.133148040313934,-1.9274428522964826,0.928857099806989,-5.072560771725522,0.949307412642037,952.5
763,-1.1947822613473589,-2.133148022831045,-1.9274428509972257,0.928857081011786,-5.072560767294759,0.9871653902293356,953.75
764,-1.1947822647118957,-2.1331480099661757,-1.927442850041161,0.9288570671812441,-5.072560764034359,1.01502336781661,955.0
765,-1.1947822668686863,-2.1331480017193263,-1.9274428494282887,0.9288570583153631,-5.072560761944324,1.032881345403882,956.25
766,-1.1951969433311758,-2.1339880917960814,-1.9257934930608362,0.928047590349834,-5.0721471514383865,1.0418727322363317,957.5
767,-1.1966506648376831,-2.136933197636742,-1.920011369515214,0.9252098650835401,-5.070697166801486,1.0422982945470773,958.75
768,-1.1971798625000651,-2.1380053084338773,-1.9179065022732906,0.9241768467254537,-5.070169330037665,1.033935035144845,960.0
769,-1.1971798603111474,-2.138005314027839,-1.9179065048767932,0.9241768456764564,-5.070169333433849,1.0169360147000894,961.25
770,-1.1971798568345569,-2.138005322912557,-1.9179065090118554,0.9241768440103665,-5.070169338827904,0.989936994255344,962.5
771,-1.1971798520702934,-2.13800533508803,-1.9179065146784784,0.9241768417271837,-5.0701693462198305,0.9529379738105658,963.75
772,-1.1971798460183574,-2.1380053505542587,-1.917906521876661,0.9241768388269083,-5.070169355609627,0.9059389533658049,965.0
773,-1.1971798379650247,-2.1380053696417076,-1.9179065302194767,0.9241768363654135,-5.070169373296248,0.8489399407170194,966.25
774,-1.1971798284107635,-2.1380053921186533,-1.9179065399782416,0.9241768336023134,-5.070169394862823,0.7819409289593193,967.5
775,-1.1971798253942725,-2.138005424680548,-1.9179065466926852,0.9241768604485807,-5.070169402969245,0.7049419281558311,968.75
776,-1.1971798261140307,-2.1380054649598543,-1.917906551946134,0.9241769063430993,-5.070169403482914,0.6179429326495323,970.0
777,-1.19717982693071,-2.1380055099599673,-1.9179065577204053,0.9241769579042185,-5.070169403929473,0.5209439496535633,971.25
778,-1.197179835510635,-2.1380055574671135,-1.9179065655480079,0.9241770135468771,-5.070169395752967,0.41394497331646396,972.5
779,-1.1971798519380652,-2.1380056074544265,-1.9179065754481819,0.9241770732428136,-5.070169378857628,0.2969460050842759,973.75
780,-1.1971798717335265,-2.138005660565524,-1.917906586461931,0.9241771371254243,-5.070169358555936,0.16994704484828527,975.0
781,-1.1971799071873659,-2.138005709616519,-1.9179066002527292,0.9241771995009229,-5.070169322655585,0.0329480902910589,976.25
782,-1.197179946688485,-2.138005760779302,-1.9179066151662614,0.9241772650641846,-5.07016928268703,-0.11405086327569597,977.5
783,-1.197180002617368,-2.138005801597015,-1.9179066321862124,0.9241773222402749,-5.070169226365332,-0.2710498099069809,978.75
784,-1.197180064636583,-2.138005838281072,-1.9179066499486288,0.9241773759699312,-5.070169163982506,-0.4353817355987783,980.0
785,-1.1971801311945214,-2.1380058603511305,-1.9179066667708027,0.924177414126728,-5.070169097179448,-0.5920520448298705,981.25
786,-1.1971801958432828,-2.138005872077957,-1.917906681853002,0.9241774402403604,-5.070169032374089,-0.7387223540609893,982.5
787,-1.1971802585751579,-2.1380058734909966,-1.9179066951974248,0.9241774543424941,-5.070168969573903,-0.8753926632921922,983.75
788,-1.197180316577885,-2.1380058687329457,-1.9179067067505096,0.9241774605434365,-5.070168911558908,-1.0020629725234347,985.0
789,-1.1971803697782852,-2.1380058546124583,-1.9179067160836385,0.9241774552302113,-5.070168858429137,-1.1187332817547015,986.25
790,-1.197180418418796,-2.138005841702263,-1.9179067246168038,0.9241774503723882,-5.070168809853204,-1.2254035909860115,987.5
791,-1.19718045927914,-2.1380058202044436,-1.9179067304055892,0.9241774342802518,-5.07016876913651,-1.322073900217358,988.75
792,-1.1971804953370395,-2.138005799178929,-1.91790673524796,0.9241774177630426,-5.070168733222619,-1.4087442094486906,990.0
793,-1.1971805272345883,-2.1380057805793355,-1.917906739531615,0.924177403151583,-5.070168701452464,-1.4854145186800625,991.25
794,-1.1971805531295443,-2.138005761856859,-1.9179067425399878,0.9241773872046407,-5.070168675691334,-1.5520848279114323,992.5
795,-1.1971805725321176,-2.138005742333859,-1.9179067440825666,0.9241773690604786,-5.070168656435148,-1.60875513714277,993.75
796,-1.1971805885109275,-2.138005726255873,-1.9179067453529428,0.9241773541180218,-5.0701686405768935,-1.6554254463740619,995.0
797,-1.1971806010659742,-2.138005713622901,-1.917906746351115,0.9241773423772686,-5.070168628116571,-1.6920957556053655,996.25
798,-1.1971806101972575,-2.138005704434943,-1.917906747077085,0.9241773338382204,-5.070168619054179,-1.7187660648366658,997.5
799,-1.1971806159047773,-2.1380056986919986,-1.917906747530853,0.9241773285008779,-5.070168613389721,-1.735436374067978,998.75
800,-1.1970918816243514,-2.137831827594883,-1.9182634766561677,0.9243602199252381,-5.0702570530522895,-1.742360355725904,1000.0
801,-1.196579239641142,-2.136827369590832,-1.9203243388115825,0.9254168171306532,-5.070767992887844,-1.7405639980436527,1001.25
802,-1.1964878194662405,-2.136648253969128,-1.9206918403584494,0.9256052375127954,-5.070859109500939,-1.7296023826720541,1002.5
803,-1.196312999015192,-2.136305735768853,-1.9213946041220686,0.9259655489673337,-5.071033349458547,-1.7086407673004687,1003.75
804,-1.1960547782879956,-2.135799814990005,-1.922432630102441,0.926497751494269,-5.0712907127606695,-1.677679151928868,1005.0
805,-1.1957123776987388,-2.1351308485460554,-1.9238052001564987,0.9272014857133942,-5.071631982328799,-1.6367175179126274,1006.25
806,-1.1952823494181628,-2.1343004152127394,-1.9255091376319,0.9280751619275251,-5.072060620745133,-1.5857557964472682,1007.5
807,-1.1947679385327192,-2.1333070295086154,-1.927547431448967,0.9291202758774733,-5.072573369039237,-1.5247940749818414,1008.75
808,-1.1941676214391046,-2.1321513629588758,-1.9299187314992414,0.9303361521878396,-5.073171756234245,-1.4538323131971778,1010.0
809,-1.193479034600573,-2.130834457518319,-1.932620942913882,0.9317217429210496,-5.073858154275245,-1.3728704600649237,1011.25
810,-1.1927035940588429,-2.129355672970056,-1.935655353672187,0.9332776932952355,-5.074631142581907,-1.2819085639085122,1012.5
811,-1.1918380880474566,-2.1277163961988386,-1.9390191768828706,0.9350026108447793,-5.075493945233928,-1.180946558325817,1013.75
812,-1.190882032590501,-2.1259167898217615,-1.9427120878897048,0.936896334626349,-5.076447047835713,-1.0699844415275062,1015.0
813,-1.1898351832730463,-2.123956941898972,-1.9467339105491115,0.938958777160265,-5.077490695619379,-0.9490222210392486,1016.25
814,-1.188694499370344,-2.121838081474084,-1.9510821790121569,0.9411887088681096,-5.078627940435554,-0.8180598404360719,1017.5
815,-1.1874578011504044,-2.1195610259564828,-1.955755256436962,0.9435853156534169,-5.0798609695559485,-0.6770972699829291,1018.75
816,-1.1861245451367959,-2.1171259241718823,-1.9607528477204592,0.9461484527038908,-5.081190327956095,-0.5261345195055719,1020.0
817,-1.1846937292986814,-2.114535778921008,-1.9660688315507286,0.9488750064150941,-5.082617028622793,-0.36530827821158485,1021.25
818,-1.1832716322518586,-2.111985225712804,-1.9713037603358468,0.9515601138430113,-5.08403510481568,-0.20668362945937385,1022.5
819,-1.1819293265866913,-2.109599133231547,-1.9762013235809834,0.9540722945755297,-5.085373677012268,-0.05805878881211786,1023.75
820,-1.1806689163161739,-2.107376658442697,-1.980763212298283,0.9564123915774505,-5.086630633546037,0.08056620849979022,1025.0
821,-1.1794925576798234,-2.105316976095024,-1.9849910799225325,0.9585812277920525,-5.087803810603853,0.20919132992022052,1026.25
822,-1.1783991299062384,-2.103420423449807,-1.9888842554322705,0.9605784724425022,-5.088894332251515,0.3278165960289024,1027.5
823,-1.1773929457420869,-2.1016854436713794,-1.9924458532083222,0.9624056723375503,-5.089897871248662,0.43644193940465464,1028.75
824,-1.1764763663398645,-2.1001112248875624,-1.9956774951708416,0.9640636315267731,-5.090812058793265,0.5350673326301179,1030.0
825,-1.1756462500892138,-2.0986987961756247,-1.9985771283766636,0.9655513342811106,-5.091640046313465,0.6236928229185574,1031.25
826,-1.174909487966773,-2.0974458425767475,-2.00114937445464,0.9668710695986054,-5.0923749208911895,0.7023183181906141,1032.5
827,-1.1742614979576547,-2.096353865250889,-2.0033912386663713,0.968021355771888,-5.093021278861107,0.7709438833026713,1033.75
828,-1.1737075770492273,-2.0954211254656627,-2.0053061898909776,0.9690039092339892,-5.093573806658881,0.8295694538943255,1035.0
829,-1.1732479413664427,-2.094647550778775,-2.0068943727440214,0.9698188016035811,-5.094032287472508,0.8781950269532199,1036.25
830,-1.1728799418917017,-2.0940339905913636,-2.008154093806281,0.9704651957863026,-5.094399378467086,0.9168206404336954,1037.5
831,-1.1726072158486507,-2.0935792784149285,-2.0090876786732172,0.9709442413823028,-5.094671431231459,0.9454462539141903,1038.75
832,-1.1724297632372893,-2.09328341424947,-2.0096951273448287,0.9712559383915811,-5.094848445765628,0.9640718673946765,1040.0
833,-1.1723366994623863,-2.0931283028177656,-2.010013593504787,0.9714193521613643,-5.094941279886224,0.9727232621252382,1041.25
834,-1.1716708908534264,-2.0920215063436483,-2.0122860989914075,0.9725854858072198,-5.095605450608522,0.9724230767767432,1042.5
835,-1.1716693301333203,-2.092019339824793,-2.012290560942214,0.972587782561351,-5.095607008241472,0.9633119222840958,1043.75
836,-1.1716688812328508,-2.092019491037883,-2.012290278976007,0.972587652779894,-5.095607457615186,0.9442052274190009,1045.0
837,-1.1716681973883096,-2.092019721392391,-2.012289849435241,0.9725874550738393,-5.095608142180658,0.9150985325539116,1046.25
838,-1.1716672784648565,-2.0920200309434036,-2.0122892722528025,0.9725871895965915,-5.09560906309615,0.8759918559682072,1047.5
839,-1.1716661244660804,-2.0920204196894443,-2.012288547430461,0.9725868563438675,-5.095610220329768,0.8268851911724624,1048.75
840,-1.1716647354689025,-2.0920208875990864,-2.0122876750064957,0.9725864552281098,-5.095611613220527,0.7677785263766642,1050.0
841,-1.171664508397043,-2.092020993872554,-2.0122875357031695,0.9725864227875265,-5.095611841110699,0.6986718776234906,1051.25
842,-1.1716645092222007,-2.0920210332428106,-2.0122875406411422,0.972586467138579,-5.0956118405252635,0.6195652316267249,1052.5
843,-1.1716645101562357,-2.0920210776221926,-2.012287546175367,0.9725865172336872,-5.095611839827493,0.530458591917643,1053.75
844,-1.1716645169059552,-2.0920211254405077,-2.012287553341424,0.9725865722488017,-5.095611833075709,0.43135195723418046,1055.0
845,-1.1716645331958817,-2.092021175689443,-2.0122875628010486,0.9725866317139714,-5.095611816375203,0.32224532998409305,1056.25
846,-1.1716645509796013,-2.0920212305432004,-2.0122875731283467,0.9725866966268788,-5.095611798137631,0.20313871038902562,1057.5
847,-1.171664584458206,-2.0920212816457116,-2.0122875862155665,0.9725867603719254,-5.095611764234739,0.07403209933664424,1058.75
848,-1.1716646227330543,-2.0920213354099495,-2.0122876006101382,0.972586828027509,-5.0956117255133435,-0.06507450745078236,1060.0
849,-1.1716646757179772,-2.0920213808802335,-2.0122876170023347,0.9725868892554432,-5.09561167213497,-0.2141811131129825,1061.25
850,-1.1716647359734995,-2.0920214256206697,-2.0122876347931564,0.9725869510800496,-5.095611611486088,-0.3732877120809799,1062.5
851,-1.1716648091513602,-2.092021452116325,-2.0122876530013536,0.9725869949845838,-5.095611538045336,-0.5371095833683495,1063.75
852,-1.171664879743404,-2.0920214727252735,-2.0122876699618995,0.9725870317934687,-5.095611467237895,-0.69167695695208,1065.0
853,-1.1716649502769492,-2.092021474551234,-2.012287684617898,0.9725870475551025,-5.095611396633964,-0.8362443305359138,1066.25
854,-1.171665015882163,-2.0920214740856373,-2.012287697985714,0.9725870597918996,-5.095611330979982,-0.9708117041197454,1067.5
855,-1.1716650762557026,-2.0920214580315464,-2.0122877083803186,0.9725870535530736,-5.095611270682162,-1.0953790777036294,1068.75
856,-1.1716651317825872,-2.092021443266247,-2.012287717940458,0.9725870478150823,-5.095611215224917,-1.2099464512875857,1070.0
857,-1.171665179343678,-2.0920214201688916,-2.0122877248535995,0.9725870311965591,-5.09561116780413,-1.3145138248715398,1071.25
858,-1.171665221158784,-2.0920213955863844,-2.0122877304096796,0.9725870117973284,-5.095611126145377,-1.409081198455532,1072.5
859,-1.1716652585521647,-2.0920213736033495,-2.0122877353782287,0.9725869944494618,-5.095611088891816,-1.4936485720395187,1073.75
860,-1.1716652882733016,-2.092021349653823,-2.0122877385368043,0.9725869734072178,-5.095611059331797,-1.568215945623521,1075.0
861,-1.1716653117666025,-2.092021325766747,-2.012287740428617,0.9725869512237895,-5.095611036004103,-1.6327833192075447,1076.25
862,-1.1716653316213324,-2.0920213055792294,-2.01228774202743,0.972586932476063,-5.0956110162893316,-1.6873506927915292,1077.5
863,-1.1716653478374908,-2.0920212890912713,-2.0122877433332427,0.9725869171640376,-5.095611000187482,-1.731918066375448,1078.75
864,-1.1716653604150775,-2.092021276302871,-2.0122877443460583,0.9725869052877152,-5.0956109876985565,-1.7664854399593932,1080.0
865,-1.1716653693540926,-2.0920212672140286,-2.0122877450658763,0.9725868968470955,-5.095610978822554,-1.7910528135433499,1081.25
866,-1.171665374654536,-2.0920212618247445,-2.0122877454926966,0.9725868918421788,-5.095610973559474,-1.805620187127304,1082.5
867,-1.172670282136964,-2.0937803461206315,-2.008844814176596,0.9709023116538914,-5.094607945654751,-1.8121181656917338,1083.75
868,-1.174218041338015,-2.096489701750924,-2.0035419925116464,0.9683077147391306,-5.093063082026167,-1.8091665533082977,1085.0
869,-1.1743784352364202,-2.096770481402902,-2.002992449092446,0.9680388281624581,-5.09290299041511,-1.7982223714025078,1086.25
870,-1.1743784272648845,-2.0967704863265895,-2.002992450723928,0.968038823887511,-5.09290300265453,-1.777739478950207,1087.5
871,-1.1743784154015473,-2.0967704936540823,-2.00299245315192,0.9680388175254824,-5.092903020869386,-1.7472565864979046,1088.75
872,-1.174378399646408,-2.09677050338538,-2.0029924563764214,0.9680388090763719,-5.092903045059677,-1.7067736940456137,1090.0
873,-1.1743783801912562,-2.0967705153613543,-2.002992460560255,0.9680387979613625,-5.0929030736128,-1.6562908072281206,1091.25
874,-1.1743783575277515,-2.096770529174073,-2.0029924661208267,0.9680387826966208,-5.092903102394754,-1.5958079376516032,1092.5
875,-1.1743783310288936,-2.096770545310367,-2.002992472389778,0.9680387655468172,-5.09290313585124,-1.5253250684301933,1093.75
876,-1.1743782958657962,-2.096770565949746,-2.0029924678235718,0.968038781459787,-5.092903169377519,-1.4448422153411462,1095.0
877,-1.1743782563377383,-2.096770589184715,-2.0029924626628293,0.9680387994827009,-5.092903207035201,-1.354359366288613,1096.25
878,-1.174378212450385,-2.0967706150587664,-2.0029924568695883,0.968038819800945,-5.092903248776478,-1.2538765259356415,1097.5
879,-1.17437815980946,-2.0967706308701137,-2.002992447998335,0.9680388272975446,-5.092903301074393,-1.1433936959238267,1098.75
880,-1.1743781017793995,-2.0967706463180074,-2.002992437968173,0.9680388333657028,-5.092903359028163,-1.0229108733265155,1100.0
881,-1.1743780387296354,-2.096770654171564,-2.0029924259887792,0.968038829917284,-5.092903422071476,-0.8924280574949591,1101.25
882,-1.1743779706154118,-2.0967706524261507,-2.002992411808563,0.9680388146884313,-5.09290349025788,-0.7519452451129913,1102.5
883,-1.174377900123321,-2.096770641006781,-2.002992395956373,0.9680387881578458,-5.092903560897853,-0.6014624358543239,1103.75
884,-1.1743778281019046,-2.096770616633873,-2.002992378204513,0.9680387468170442,-5.092903633167062,-0.44097963317269356,1105.0
885,-1.1743777614845092,-2.096770577487258,-2.002992359751826,0.968038689977769,-5.092903700142871,-0.27486929769157314,1106.25
886,-1.1743777023009578,-2.096770533609788,-2.0029923422441596,0.9680386292869678,-5.092903759715665,-0.11761142040251757,1107.5
887,-1.1743776600951088,-2.0967704791005697,-2.0029923269159733,0.9680385599933712,-5.09290380237979,0.02964645688660463,1108.75
888,-1.1743776225653642,-2.0967704264545426,-2.002992312774722,0.9680384936984028,-5.092903840349534,0.16690433417578712,1110.0
889,-1.1743776011910512,-2.096770369760691,-2.002992301450475,0.9680384260166619,-5.092903862182309,0.2941622114650085,1111.25
890,-1.174377583795652,-2.0967703161713045,-2.002992291322191,0.9680383625883451,-5.0929038800088,0.41142008875425995,1112.5
891,-1.1743775742204619,-2.0967702654677662,-2.0029922831507516,0.9680383039170775,-5.092903889986308,0.5186779660435654,1113.75
892,-1.1743775731253767,-2.096770217474665,-2.0029922770499917,0.9680382499349351,-5.092903891455773,0.6159358433328778,1115.0
893,-1.174377572142888,-2.096770174416192,-2.0029922715765016,0.9680382015032034,-5.092903892774147,0.7031937206222282,1116.25
894,-1.174377574363711,-2.0967701363715525,-2.002992267373729,0.968038159312911,-5.092903890847603,0.7804515979115787,1117.5
895,-1.1743775828882859,-2.096770103420205,-2.0029922650871366,0.9680381240572575,-5.092903882572583,0.8477094752009247,1118.75
896,-1.1743775901454143,-2.096770075368113,-2.0029922631405177,0.9680380940434661,-5.092903875527903,0.9049673524902728,1120.0
897,-1.1743775961350966,-2.096770052215277,-2.0029922615338696,0.9680380692715357,-5.092903869713568,0.952225229779543,1121.25
898,-1.1743776008573328,-2.0967700339616955,-2.0029922602671957,0.9680380497414679,-5.092903865129574,0.9894831070688249,1122.5
899,-1.1743776043121223,-2.096770020607368,-2.002992259340497,0.9680380354532628,-5.092903861775922,1.0167409843581188,1123.75
900,-1.1743776064994658,-2.096770012152295,-2.002992258753773,0.9680380264069205,-5.092903859652613,1.0339988616474103,1125.0
901,-1.174934076034208,-2.0977598627477114,-2.001053485033315,0.9670887146928223,-5.092348469657182,1.0425153548772605,1126.25
902,-1.17656582679918,-2.100662446468014,-1.9953683559238047,0.9643050290552826,-5.090719884456528,1.0422567309916546,1127.5
903,-1.1770526333446303,-2.101528390770451,-1.9936722864898577,0.963474558902788,-5.090234022828371,1.0333466884741302,1128.75
904,-1.177052630966871,-2.1015283969620935,-1.9936722892501644,0.9634745577190751,-5.090234026296262,1.0155777152182062,1130.0
905,-1.1770526272509594,-2.1015284066382613,-1.9936722935639124,0.9634745558691935,-5.090234031715809,0.9878087419622639,1131.25
906,-1.1770526221968955,-2.1015284197989534,-1.9936722994311027,0.9634745533531437,-5.0902340390870116,0.9500397687063175,1132.5
907,-1.1770526158046792,-2.10152843644417,-1.9936723068517348,0.9634745501709254,-5.09023404840987,0.9022707954503955,1133.75
908,-1.1770526072226062,-2.101528456918583,-1.993672315422381,0.963474547372557,-5.09023406688654,0.8445018380709808,1135.0
909,-1.17705259712924,-2.1015284809475876,-1.993672325464458,0.9634745441214754,-5.090234088778972,0.776732881120005,1136.25
910,-1.1770525948534474,-2.101528516593078,-1.9936723318340606,0.9634745760559489,-5.09023409519792,0.6989639365622208,1137.5
911,-1.1770525956134938,-2.1015285597120856,-1.9936723371760532,0.9634746248672909,-5.09023409574913,0.6111949967129691,1138.75
912,-1.1770525964743583,-2.101528607840382,-1.9936723430421586,0.9634746796524893,-5.090234096242396,0.5134260689804369,1140.0
913,-1.177052606680268,-2.101528658321595,-1.9936723512347574,0.9634747385420861,-5.090234086342333,0.40565714840787126,1141.25
914,-1.17705262404682,-2.101528711761628,-1.9936723613470098,0.9634748018873696,-5.0902340685076926,0.28788823577478967,1142.5
915,-1.1770526462073498,-2.1015287677857857,-1.993672372765657,0.9634748690529984,-5.090234045850102,0.16011933081141397,1143.75
916,-1.1770526836427835,-2.1015288202275406,-1.993672386899589,0.9634749351360492,-5.090234007969524,0.02235043094876065,1145.0
917,-1.1770527265202908,-2.101528873710766,-1.9936724022797454,0.9634750034488011,-5.090233964634917,-0.1254184675515867,1146.25
918,-1.1770527855273598,-2.1015289173911453,-1.9936724197696285,0.9634750639263271,-5.090233905237002,-0.2831873591541077,1147.5
919,-1.177052852389638,-2.10152895520781,-1.9936724381533453,0.9634751193660966,-5.090233838023457,-0.4494369918102653,1148.75
920,-1.1770529237370773,-2.1015289793066634,-1.993672455773725,0.963475160307556,-5.090233766428662,-0.609410355391492,1150.0
921,-1.177052993830108,-2.1015289895231715,-1.9936724714312173,0.9634751854454238,-5.0902336961982275,-0.7593837189728307,1151.25
922,-1.1770530612762469,-2.1015289912334096,-1.9936724855000232,0.9634752005330083,-5.090233628683592,-0.8993570825542154,1152.5
923,-1.1770531236691542,-2.1015289825393397,-1.9936724972525646,0.9634752029731821,-5.090233566307954,-1.029330446135655,1153.75
924,-1.1770531810964537,-2.101528967279186,-1.9936725071782837,0.963475197084741,-5.090233508953499,-1.1493038097170882,1155.0
925,-1.1770532329776233,-2.1015289509542483,-1.9936725158336022,0.9634751889198948,-5.09023345715806,-1.2592771732985761,1156.25
926,-1.1770532766365314,-2.10152892533048,-1.9936725216572762,0.9634751687277605,-5.090233413664562,-1.3592505368801062,1157.5
927,-1.1770533159283867,-2.101528902269773,-1.9936725268984228,0.9634751505553756,-5.090233374521571,-1.449223900461666,1158.75
928,-1.177053350666099,-2.101528881510038,-1.9936725314864119,0.9634751340724713,-5.090233339918386,-1.5291972640432236,1160.0
929,-1.1770533758120272,-2.1015288559941645,-1.9936725335193148,0.9634751103860553,-5.090233314952139,-1.5991706276247737,1161.25
930,-1.1770533973643122,-2.1015288341248026,-1.9936725352616924,0.9634750900847009,-5.0902332935538555,-1.659143991206335,1162.5
931,-1.177053415322955,-2.1015288159019545,-1.993672536713542,0.9634750731684061,-5.090233275723535,-1.7091173547878311,1163.75
932,-1.1770534296879551,-2.101528801325619,-1.9936725378748659,0.9634750596371731,-5.090233261461179,-1.7490907183693307,1165.0
933,-1.177053440459312,-2.1015287903957955,-1.9936725387456655,0.9634750494910024,-5.090233250766789,-1.7790640819508416,1166.25
934,-1.177053447637026,-2.1015287831124843,-1.9936725393259405,0.9634750427298941,-5.0902332436403634,-1.7990374455323361,1167.5
935,-1.177260817454519,-2.101903599390055,-1.9929378778264764,0.9631150590742206,-5.090026290920988,-1.8096038932489928,1168.75
936,-1.178799081263451,-2.1046840535621563,-1.9874880794551175,0.960444688009238,-5.088491121063776,-1.8120767432044929,1170.0
937,-1.1796913289954383,-2.106296823752063,-1.984326991864263,0.9588957715123457,-5.087600669338106,-1.8052276215029492,1171.25
938,-1.1796913232137518,-2.1062968273211196,-1.984326993054189,0.9588957684321313,-5.087600678278251,-1.790195968772355,1172.5
939,-1.179691313585724,-2.1062968332645364,-1.9843269950357283,0.9588957633027648,-5.087600693165942,-1.7651643160417443,1173.75
940,-1.1796913001113551,-2.1062968415823144,-1.9843269978088816,0.9588957561242459,-5.087600714001178,-1.7301326633111456,1175.0
941,-1.1796912827906452,-2.1062968522744527,-1.9843270013736478,0.9588957468965751,-5.087600740783961,-1.6851010105805448,1176.25
942,-1.1796912621824995,-2.1062968648655334,-1.984327006219456,0.9588957338813662,-5.087600768763707,-1.6300693741500085,1177.5
943,-1.1796912380882623,-2.1062968795245376,-1.9843270121723453,0.958895717696502,-5.08760079962894,-1.565037744650225,1178.75
944,-1.1796912080418667,-2.106296897447577,-1.9843270136017634,0.9588957153431107,-5.087600832913955,-1.4900061229809214,1180.0
945,-1.1796911713461775,-2.1062969189479537,-1.9843270088204155,0.9588957318842168,-5.08760086789703,-1.4049745099077426,1181.25
946,-1.1796911303451756,-2.1062969430535095,-1.9843270034091116,0.9588957506980983,-5.087600906906938,-1.3099429067102981,1182.5
947,-1.1796910834252468,-2.1062969650973717,-1.984326996484966,0.958895766163527,-5.087600952344545,-1.2049113103841784,1183.75
948,-1.179691028704301,-2.10629697965544,-1.9843269869891198,0.958895771840704,-5.087601006982733,-1.089879722535339,1185.0
949,-1.179690969224033,-2.106296995479901,-1.9843269766667733,0.9588957780137758,-5.087601066390249,-0.9648481437572908,1186.25
950,-1.1796909045889816,-2.106296995137777,-1.9843269633127936,0.9588957649862799,-5.087601131084839,-0.8298165709479816,1187.5
951,-1.1796908351359212,-2.1062969933955547,-1.9843269487960606,0.9588957494402822,-5.0876012006127525,-0.6847849988183663,1188.75
952,-1.1796907658927442,-2.1062969722593428,-1.9843269319327017,0.9588957121918135,-5.087601270080707,-0.5297534327226121,1190.0
953,-1.1796906942025998,-2.106296945168557,-1.9843269138316846,0.958895667788459,-5.087601342044352,-0.36485695751121083,1191.25
954,-1.1796906337246242,-2.1062969004666217,-1.9843268958694242,0.9588956058345525,-5.087601402925925,-0.20214991727730197,1192.5
955,-1.179690581982456,-2.1062968534243907,-1.98432687941771,0.9588955429664299,-5.08760145508299,-0.04944287704332508,1193.75
956,-1.179690543445718,-2.106296799510903,-1.984326864838645,0.9588954749788866,-5.087601494078077,0.09326416319070399,1195.0
957,-1.1796905124499675,-2.106296746536615,-1.98432685192819,0.9588954095201397,-5.087601525518519,0.22597120342478677,1196.25
958,-1.1796904944726456,-2.1062966912893177,-1.9843268414184854,0.9588953440607557,-5.0876015439477635,0.3486782436589089,1197.5
959,-1.1796904779603845,-2.106296640544399,-1.9843268317652598,0.958895283935976,-5.087601560875116,0.4613852838930771,1198.75
960,-1.1796904753304063,-2.106296591003192,-1.9843268251190889,0.9588952278775882,-5.087601563899197,0.5640923241272363,1200.0
961,-1.1796904743011662,-2.106296545928317,-1.9843268193529005,0.958895177139949,-5.087601565285883,0.6567993643614551,1201.25
962,-1.1796904733829472,-2.1062965057155214,-1.984326814208688,0.9588951318752087,-5.087601566522993,0.7395064045956871,1202.5
963,-1.1796904799669556,-2.106296470550228,-1.9843268112313492,0.9588950937377598,-5.087601560211747,0.812213444829929,1203.75
964,-1.17969048781796,-2.1062964402760116,-1.9843268091176096,0.958895061331956,-5.087601552593763,0.8749204850641563,1205.0
965,-1.179690494416951,-2.1062964148296777,-1.9843268073409495,0.9588950340939606,-5.087601546190632,0.9276275252983496,1206.25
966,-1.1796904997639288,-2.106296394211226,-1.9843268059013701,0.9588950120237743,-5.087601541002353,0.9703345655325152,1207.5
967,-1.1796905038588936,-2.1062963784206556,-1.9843268047988731,0.9588949951213978,-5.087601537028928,1.0030416057667209,1208.75
968,-1.179690506701845,-2.1062963674579662,-1.9843268040334587,0.958894983386831,-5.087601534270357,1.0257486460008958,1210.0
969,-1.1797068021294204,-2.1063262871804787,-1.9842681068827603,0.958866195575791,-5.087585272854352,1.0385104320410277,1211.25
970,-1.1809519494726293,-2.108613169786486,-1.9797826033394559,0.9566667814746126,-5.086342721012286,1.043567625265784,1212.5
971,-1.1822589264694385,-2.1110136175085206,-1.975074361675759,0.9543581523468112,-5.085038468685284,1.0388762096277873,1213.75
972,-1.1822918925015737,-2.111074171482128,-1.9749556011852547,0.9542999178453526,-5.085005572174082,1.026490805294258,1215.0
973,-1.1822918895472405,-2.1110741791352767,-1.9749556046265395,0.954299916378428,-5.085005576568183,1.004215477754714,1216.25
974,-1.1822918852666273,-2.111074190224132,-1.9749556096127108,0.9542999142529612,-5.085005582934916,0.9719401502151945,1217.5
975,-1.1822918796597337,-2.111074204748694,-1.9749556161437682,0.9542999114689521,-5.085005591274282,0.9296648226757134,1218.75
976,-1.1822918723809193,-2.111074222854678,-1.9749556240494286,0.9542999084774311,-5.085005604540922,0.8773895022323026,1220.0
977,-1.1822918632001402,-2.111074244639068,-1.974955633216359,0.9542999055785855,-5.085005624701332,0.8151141914004891,1221.25
978,-1.1822918549024977,-2.111074271951068,-1.974955642542981,0.9542999112058571,-5.0850056433006205,0.7428388838777773,1222.5
979,-1.1822918556062392,-2.1110743117799524,-1.9749556475099848,0.9542999563244143,-5.085005643814043,0.6605635895218472,1223.75
980,-1.1822918564026854,-2.111074356497428,-1.9749556530384846,0.9543000071309796,-5.085005644328279,0.5682883014923059,1225.0
981,-1.1822918581611797,-2.111074405871118,-1.974955659283594,0.9543000635219858,-5.085005643852697,0.46601302060943833,1226.25
982,-1.1822918745120345,-2.111074456067519,-1.974955668844045,0.9543001230875575,-5.085005627060091,0.3537377507200877,1227.5
983,-1.1822918923209926,-2.1110745107331015,-1.974955679257699,0.9543001879523147,-5.085005608756557,0.2314624886230897,1228.75
984,-1.1822919223338255,-2.1110745635553037,-1.9749556919752154,0.954300253104103,-5.085005578278188,0.09918723269101531,1230.0
985,-1.1822919605177158,-2.111074616903367,-1.974955706451551,0.9543003204260825,-5.085005539633936,-0.043088020888594425,1231.25
986,-1.1822920111367063,-2.1110746641253595,-1.9749557227367196,0.9543003833171322,-5.085005488594966,-0.1953632701941025,1232.5
987,-1.182292071083401,-2.111074708368384,-1.9749557405784974,0.9543004446973073,-5.085005428245412,-0.35763851313099615,1233.75
988,-1.1822921419559749,-2.1110747361926743,-1.9749557586454705,0.9543004898056915,-5.085005357091726,-0.5228491311967538,1235.0
989,-1.1822922107345268,-2.1110747581092393,-1.9749557755499103,0.9543005278773637,-5.085005288080912,-0.6783141099121138,1236.25
990,-1.182292279967374,-2.1110747598265913,-1.9749557900510126,0.9543005433831189,-5.085005218776522,-0.823779088627567,1237.5
991,-1.18229234442952,-2.1110747609317952,-1.9749558034918133,0.9543005572665463,-5.085005154251703,-0.9592440673430604,1238.75
992,-1.1822924037497629,-2.111074745176798,-1.9749558137870749,0.9543005512313684,-5.085005095007555,-1.0847090460585582,1240.0
993,-1.1822924583419767,-2.111074730677533,-1.9749558232617597,0.954300545677212,-5.085005040485372,-1.2001740247741448,1241.25
994,-1.18229250553762,-2.1110747092430335,-1.9749558303525274,0.9543005308938479,-5.085004993421254,-1.3056390034897571,1242.5
995,-1.1822925467174727,-2.1110746851115434,-1.9749558358682997,0.9543005119056335,-5.085004952399464,-1.4011039822053624,1243.75
996,-1.1822925835837181,-2.1110746635078392,-1.9749558408062873,0.9543004949064404,-5.085004915674723,-1.486568960921005,1245.0
997,-1.1822926134485026,-2.1110746406765775,-1.9749558441475084,0.9543004751571516,-5.085004885967083,-1.5620339396366332,1246.25
998,-1.1822926366867368,-2.1110746171415653,-1.9749558460340952,0.9543004533187949,-5.085004862897143,-1.6274989183522983,1247.5
999,-1.1822926563752512,-2.1110745972016076,-1.9749558476324984,0.9543004348163215,-5.085004843351215,-1.6829638970679008,1248.75
1000,-1.1822926725140461,-2.1110745808567044,-1.9749558489427166,0.9543004196497307,-5.085004827329299,-1.7284288757834614,1250.0
1001,-1.1822926851031208,-2.111074568106855,-1.9749558499647528,0.954300407819024,-5.085004814831396,-1.7638938544990475,1251.25
1002,-1.1822926941424754,-2.1110745589520588,-1.9749558506986074,0.9543003993242016,-5.085004805857505,-1.7893588332146455,1252.5
1003,-1.1822926996321101,-2.1110745533923163,-1.9749558511442797,0.9543003941652637,-5.085004800407627,-1.8048238119302407,1253.75
1004,-1.18309434394117,-2.112570543611243,-1.972019597992591,0.9528596446715416,-5.084204887320622,-1.8120187413181854,1255.0
1005,-1.1846105009285959,-2.1153999389409504,-1.966466215660937,0.9501347361962399,-5.082692005110673,-1.8100084974893274,1256.25
1006,-1.184858433627403,-2.115862630976888,-1.9655580743842274,0.9496891312247001,-5.082444610011711,-1.7998046974317679,1257.5
1007,-1.18485842621514,-2.115862635550178,-1.9655580759181697,0.9496891273028251,-5.082444621555015,-1.7803084666487825,1258.75
1008,-1.184858415000981,-2.1158626424691986,-1.9655580782389006,0.949689121369343,-5.082444639019107,-1.750812235865781,1260.0
1009,-1.1848583999849271,-2.1158626517339503,-1.9655580813464208,0.9496891134242543,-5.082444662403987,-1.7113160050828198,1261.25
1010,-1.1848583812755369,-2.115862663249738,-1.965558085338817,0.9496891031196015,-5.0824446907769705,-1.6618197777457036,1262.5
1011,-1.1848583594771234,-2.1158626764894346,-1.9655580907621044,0.9496890885184219,-5.08244471894611,-1.6023235701770326,1263.75
1012,-1.184858334014877,-2.1158626919544314,-1.9655580970969266,0.9496890714631062,-5.082444751849861,-1.532827362608359,1265.0
1013,-1.1848583004800322,-2.1158627116187927,-1.9655580935382997,0.9496890840838343,-5.082444784554185,-1.4533311701404448,1266.25
1014,-1.1848582623284212,-2.115862733957008,-1.9655580885304853,0.9496891013039116,-5.082444820899213,-1.363834981733925,1267.5
1015,-1.184858219924569,-2.115862758869585,-1.9655580828932027,0.9496891207835092,-5.082444861212939,-1.2643388033642993,1268.75
1016,-1.1848581694798608,-2.115862775444021,-1.9655580745082464,0.9496891294789163,-5.082444911109876,-1.1548426341807705,1270.0
1017,-1.1848581133269218,-2.1158627903766174,-1.9655580647220636,0.949689135260732,-5.082444967184425,-1.0353464726218702,1271.25
1018,-1.1848580523183134,-2.1158627997539146,-1.9655580532495804,0.9496891338332767,-5.0824450281721285,-0.9058503182003474,1272.5
1019,-1.1848579863309543,-2.115862798135839,-1.965558039398502,0.9496891190448444,-5.082445094231785,-0.766354167892217,1273.75
1020,-1.1848579174871956,-2.115862789192773,-1.9655580240481014,0.9496890954758599,-5.082445163208068,-0.616858020114937,1275.0
1021,-1.1848578476547869,-2.1158627657400646,-1.9655580066934506,0.9496890554328368,-5.082445233288041,-0.45736187900233616,1276.25
1022,-1.1848577814355201,-2.1158627297388484,-1.9655579885297847,0.9496890020207271,-5.082445299852715,-0.2910330436910465,1277.5
1023,-1.1848577233368274,-2.1158626869233936,-1.9655579712007647,0.9496889425595427,-5.082445358344759,-0.1327926644980901,1278.75
1024,-1.1848576803909079,-2.115862635196577,-1.9655579559010143,0.9496888760787647,-5.082445401742875,0.015447714694904899,1280.0
1025,-1.1848576435176135,-2.115862583745998,-1.965557941891726,0.9496888111017809,-5.082445439061015,0.15368809388794788,1281.25
1026,-1.1848576209303343,-2.115862529213672,-1.965557930455466,0.9496887454756586,-5.082445462105846,0.2819284730810442,1282.5
1027,-1.184857603820661,-2.1158624767575525,-1.9655579204098377,0.9496886832559288,-5.082445479651749,0.40016885227416443,1283.75
1028,-1.1848575929854381,-2.1158624274559745,-1.9655579120534308,0.9496886258091481,-5.082445490892537,0.5084092314673387,1285.0
1029,-1.1848575919098274,-2.115862380383498,-1.9655579059924206,0.9496885727821481,-5.08244549234754,0.6066496106605271,1286.25
1030,-1.1848575909437047,-2.115862338102586,-1.9655579005483617,0.9496885251528245,-5.082445493654436,0.6948899898537427,1287.5
1031,-1.1848575921353641,-2.115862300663469,-1.9655578961512095,0.9496884833802333,-5.082445492762798,0.773130369046955,1288.75
1032,-1.1848576005761493,-2.1158622681910133,-1.9655578938696703,0.9496884486054213,-5.082445484575972,0.8413707482401931,1290.0
1033,-1.184857607780015,-2.1158622404770977,-1.9655578919224699,0.9496884189265382,-5.08244547758885,0.8996111274334002,1291.25
1034,-1.1848576137469613,-2.115862217521723,-1.9655578903096043,0.9496883943435823,-5.082445471801432,0.9478515066265492,1292.5
1035,-1.1848576184769883,-2.1158621993248885,-1.965557889031078,0.9496883748565559,-5.082445467213718,0.9860918858197086,1293.75
1036,-1.1848576219700957,-2.115862185886593,-1.9655578880868911,0.9496883604654585,-5.082445463825708,1.0143322650128799,1295.0
1037,-1.1848576242262838,-2.1158621772068367,-1.9655578874770434,0.9496883511702903,-5.082445461637404,1.0325726442060483,1296.25
1038,-1.1852491244273096,-2.116604491751535,-1.9640999277489735,0.9489724799831657,-5.0820548370952485,1.041837400890703,1297.5
1039,-1.1867831388478753,-2.1195131264181186,-1.9583871920896363,0.9461674929543777,-5.080524253708087,1.0426041554087404,1298.75
1040,-1.1873883271346157,-2.1206606249888047,-1.9561334419985594,0.9450608875518657,-5.079920419535215,1.0344815490498485,1300.0
1041,-1.187388324939305,-2.120660630646528,-1.9561334445648082,0.9450608864652853,-5.079920422864678,1.0177826662019596,1301.25
1042,-1.1873883214293484,-2.1206606396923355,-1.956133448667836,0.9450608847280143,-5.079920428187964,0.9910837833540664,1302.5
1043,-1.1873883166047465,-2.1206606521262277,-1.956133454307642,0.9450608823400528,-5.079920435505073,0.9543849005061833,1303.75
1044,-1.1873883104654992,-2.1206606679482043,-1.956133461484227,0.9450608793014008,-5.079920444816008,0.9076860176583246,1305.0
1045,-1.1873883022922478,-2.120660687474078,-1.9561334698289152,0.9450608766040669,-5.079920462336461,0.8509871484599734,1306.25
1046,-1.1873882925582042,-2.1206607104961006,-1.9561334795842318,0.9450608735954831,-5.079920483977597,0.784288281349863,1307.5
1047,-1.1873882891297556,-2.120660743607836,-1.9561334864569964,0.945060899615701,-5.079920492854288,0.7075894248015735,1308.75
1048,-1.1873882898629582,-2.1206607849764882,-1.9561334916469195,0.9450609465252212,-5.07992049338669,0.6208905741051176,1310.0
1049,-1.1873882906946829,-2.12066083120758,-1.9561334973540752,0.945060999235471,-5.0799204938592535,0.5241917354284955,1311.25
1050,-1.1873882990229636,-2.1206608801670024,-1.9561335050436792,0.9450610562202959,-5.0799204860113925,0.4174929034441643,1312.5
1051,-1.1873883158104537,-2.120660931580849,-1.9561335149031287,0.9450611172964893,-5.079920468759788,0.30079407961606996,1313.75
1052,-1.1873883355642116,-2.12066098650354,-1.9561335258161456,0.9450611828901733,-5.079920448499692,0.17409526385261415,1315.0
1053,-1.187388371804457,-2.1206610370041608,-1.9561335396158515,0.9450612467142573,-5.079920411816133,0.03739645390098451,1316.25
1054,-1.1873884117322102,-2.1206610901511596,-1.9561335545096679,0.9450613142349115,-5.079920371420827,-0.10930235531323343,1317.5
1055,-1.1873884689148866,-2.120661132229288,-1.956133571603322,0.9450613727335191,-5.0799203138483024,-0.26600115753204,1318.75
1056,-1.1873885327830838,-2.1206611709659886,-1.9561335896674015,0.9450614287990929,-5.079920249611622,-0.43189923001566655,1320.0
1057,-1.187388602862737,-2.120661194456785,-1.9561336071221263,0.945061468976237,-5.079920179281672,-0.5929386104440393,1321.25
1058,-1.1873886711753885,-2.1206612065564676,-1.956133622792859,0.9450614960193657,-5.079920110812557,-0.7439779908725097,1322.5
1059,-1.187388737487265,-2.1206612081633693,-1.9561336367429227,0.9450615108907334,-5.079920044430972,-0.8850173713009737,1323.75
1060,-1.1873887989107108,-2.120661201486518,-1.9561336486484555,0.9450615155007802,-5.0799199830091375,-1.0160567517295065,1325.0
1061,-1.1873888554446042,-2.1206611864768634,-1.9561336585031233,0.945061509794232,-5.079919926548575,-1.1370961321580846,1326.25
1062,-1.1873889070287302,-2.1206611718527006,-1.9561336673793994,0.9450615035449439,-5.079919875038885,-1.2481355125866889,1327.5
1063,-1.1873889500851846,-2.120661146657549,-1.9561336731718981,0.9450614837499007,-5.079919832149837,-1.3491748930153247,1328.75
1064,-1.1873889888802867,-2.120661123955996,-1.956133678391101,0.9450614659139969,-5.079919793505574,-1.4402142734439678,1330.0
1065,-1.1873890234140356,-2.1206611037480414,-1.9561336830370109,0.9450614500372336,-5.079919759106096,-1.5212536538726267,1331.25
1066,-1.1873890487533747,-2.1206610791594107,-1.9561336852312579,0.9450614274315534,-5.079919733944391,-1.592293034301321,1332.5
1067,-1.1873890701585053,-2.1206610575202594,-1.9561336869767825,0.9450614073611817,-5.079919712696351,-1.653332414729974,1333.75
1068,-1.1873890880568627,-2.1206610394262215,-1.9561336884363376,0.9450613905789106,-5.07991969492935,-1.704371795158602,1335.0
1069,-1.1873891024484462,-2.1206610248772977,-1.9561336896099253,0.9450613770847412,-5.0799196806433855,-1.7454111755872064,1336.25
1070,-1.1873891133332557,-2.1206610138734865,-1.9561336904975466,0.9450613668786745,-5.079919669838459,-1.7764505560158368,1337.5
1071,-1.1873891207112912,-2.120661006414789,-1.956133691099202,0.9450613599607103,-5.0799196625145715,-1.7974899364444645,1338.75
1072,-1.1874908398439348,-2.120856951910868,-1.9557485811023039,0.9448721396931005,-5.079818178942093,-1.8088631857679367,1340.0
1073,-1.1888669692056058,-2.1235079978849307,-1.950538333086704,0.9423121835519028,-5.078445236164884,-1.812435970073439,1341.25
1074,-1.1898855945393738,-2.125470338293565,-1.946681641386172,0.940417271053927,-5.077428970846173,-1.806423370084932,1342.5
1075,-1.1898855893229088,-2.1254703415105336,-1.9466816424716624,0.9404172683131942,-5.077428979028341,-1.792544062278829,1343.75
1076,-1.1898855803479964,-2.1254703470453187,-1.9466816443392452,0.9404172635977714,-5.077428993105739,-1.768664754472738,1345.0
1077,-1.1898855676146365,-2.12547035489792,-1.9466816469889205,0.940417256907659,-5.0774290130783655,-1.7347854466666592,1346.25
1078,-1.1898855511228292,-2.1254703650683373,-1.9466816504206885,0.9404172482428567,-5.07742903894622,-1.6909061388605782,1347.5
1079,-1.1898855313140195,-2.1254703771616184,-1.9466816550462116,0.9404172361454144,-5.077429066876114,-1.6370268444488851,1348.75
1080,-1.189885508166958,-2.1254703911967736,-1.9466816608456758,0.9404172206855069,-5.077429097052549,-1.5731475594635382,1350.0
1081,-1.1898854797668876,-2.1254704081566262,-1.9466816635086224,0.9404172147219985,-5.077429129988916,-1.4992682803668298,1351.25
1082,-1.1898854444359874,-2.1254704287903357,-1.9466816588705869,0.9404172305252387,-5.077429163662862,-1.4153890116472634,1352.5
1083,-1.1898854049017262,-2.1254704519467102,-1.9466816536230351,0.9404172484814992,-5.077429201274882,-1.3215097514047962,1353.75
1084,-1.1898853601371322,-2.1254704746726216,-1.9466816471905393,0.940417265052279,-5.0774292443519045,-1.2176304981917525,1355.0
1085,-1.1898853072704336,-2.12547048872731,-1.9466816379358192,0.9404172704521598,-5.077429297134661,-1.103751254082025,1356.25
1086,-1.1898852497591432,-2.1254705040170565,-1.946681627867353,0.9404172763288611,-5.077429354571946,-0.9798720193861147,1357.5
1087,-1.1898851872676417,-2.125470505766027,-1.946681615091611,0.9404172659614598,-5.077429417106311,-0.8459927903776807,1358.75
1088,-1.1898851200286717,-2.1254705041564486,-1.9466816009143628,0.9404172508710271,-5.077429484420181,-0.7021135628198355,1360.0
1089,-1.1898850523578857,-2.125470486155768,-1.9466815846005874,0.940417217290235,-5.077429552297341,-0.5482343405615763,1361.25
1090,-1.1898849814874455,-2.1254704624164034,-1.9466815669051127,0.9404171766335933,-5.077429623422974,-0.3843551388891161,1362.5
1091,-1.1898849220551357,-2.125470418747133,-1.9466815490985139,0.9404171158578624,-5.0774296832634445,-0.22049993246487362,1363.75
1092,-1.1898848694554491,-2.125470374505287,-1.9466815326406437,0.9404170557889519,-5.077429736270064,-0.0666447260261534,1365.0
1093,-1.1898848315496537,-2.1254703217506283,-1.946681518174076,0.9404169890639503,-5.077429774639636,0.07721048041263594,1366.25
1094,-1.1898847992229005,-2.1254702709415967,-1.9466815051101145,0.9404169256257572,-5.077429807409447,0.2110656868514505,1367.5
1095,-1.189884781519079,-2.1254702167896116,-1.9466814946682653,0.9404168613225613,-5.077429825570999,0.3349208932903179,1368.75
1096,-1.189884765244654,-2.125470167009832,-1.946681485069477,0.940416802211167,-5.077429842266196,0.4487760997292446,1370.0
1097,-1.1898847610217613,-2.1254701187824585,-1.9466814781695856,0.9404167472236713,-5.0774298468867585,0.5526313061681772,1371.25
1098,-1.1898847600081706,-2.125470074454785,-1.9466814724237342,0.9404166972490346,-5.077429848263383,0.6464865126071206,1372.5
1099,-1.1898847591025747,-2.1254700348500997,-1.9466814672900816,0.9404166525990487,-5.077429849493332,0.7303417190461107,1373.75
1100,-1.189884764470355,-2.1254700001160045,-1.946681464068611,0.9404166146574107,-5.077429844404689,0.8041969254850778,1375.0
1101,-1.1898847722744539,-2.1254699701606365,-1.9466814619502744,0.9404165825629706,-5.077429836838578,0.868052131924077,1376.25
1102,-1.1898847788563973,-2.125469944896409,-1.9466814601636764,0.9404165554946572,-5.077429830457353,0.921907338362999,1377.5
1103,-1.1898847842161855,-2.1254699243233217,-1.946681458708817,0.9404165334524702,-5.077429825261013,0.965762544801922,1378.75
1104,-1.1898847883538182,-2.1254699084413735,-1.9466814575856997,0.9404165164364111,-5.0774298212495586,0.9996177512408568,1380.0
1105,-1.1898847912692954,-2.1254698972505643,-1.9466814567943236,0.9404165044464796,-5.077429818422989,1.0234729576797748,1381.25
1106,-1.1898847929626168,-2.1254698907508947,-1.946681456334689,0.940416497482676,-5.077429816781306,1.0373281641187042,1382.5
1107,-1.1908918952081575,-2.1274410263196324,-1.9428049707834807,0.9385106248155334,-5.076425128183637,1.0433294245030458,1383.75
1108,-1.1922476678319924,-2.130094599513927,-1.9375863965824158,0.9359449181448534,-5.075072605075068,1.0397444390955837,1385.0
1109,-1.1923476118311602,-2.1302902205132987,-1.9372016931143508,0.9357557775329371,-5.074972901415749,1.0283677791831969,1386.25
1110,-1.1923476090888543,-2.1302902275446156,-1.9372016963320555,0.9357557761801821,-5.07497290565626,1.0073256343231376,1387.5
1111,-1.1923476050433037,-2.1302902379174733,-1.9372017010789317,0.9357557741845483,-5.074972911912017,0.9762834894630743,1388.75
1112,-1.192347599694508,-2.1302902516318705,-1.9372017073549794,0.9357557715460354,-5.07497292018302,0.9352413446030494,1390.0
1113,-1.1923475928099883,-2.1302902687940533,-1.9372017150362324,0.9357557686029403,-5.074972932499524,0.8841992037210139,1391.25
1114,-1.1923475839899447,-2.130290289586731,-1.9372017239095045,0.9357557659370346,-5.074972952352972,0.8231570720443928,1392.5
1115,-1.1923475745954577,-2.130290314524735,-1.9372017337467422,0.9357557661238578,-5.07497297364107,0.7521149416435058,1393.75
1116,-1.19234757527318,-2.130290352647274,-1.9372017385588636,0.9357558093967094,-5.074972974130748,0.671072826305462,1395.0
1117,-1.1923475760399165,-2.130290395508271,-1.9372017439336193,0.9357558581570488,-5.074972974633491,0.5800307157670999,1396.25
1118,-1.1923475769004561,-2.1302904431383127,-1.9372017498433314,0.9357559125363404,-5.074972975107209,0.4789886132856115,1397.5
1119,-1.1923475917745971,-2.1302904916086938,-1.9372017589821438,0.9357559700303724,-5.074972959910464,0.3679465218011088,1398.75
1120,-1.1923476089768168,-2.130290544168201,-1.9372017691328005,0.9357560325361997,-5.074972942218725,0.2469044376484628,1400.0
1121,-1.1923476360757392,-2.1302905961042145,-1.9372017812779965,0.9357560962709501,-5.074972914643533,0.11586236011760713,1401.25
1122,-1.1923476730164508,-2.1302906474490726,-1.937201795409735,0.935756161261867,-5.074972877244787,-0.025179714244293758,1402.5
1123,-1.1923477201925081,-2.1302906947481586,-1.9372018111672125,0.9357562237356951,-5.074972829636586,-0.17622178509616748,1403.75
1124,-1.1923477782527354,-2.1302907373468103,-1.9372018286034813,0.9357562830858881,-5.074972771174884,-0.33726384946294474,1405.0
1125,-1.1923478462926644,-2.1302907668878843,-1.9372018464832281,0.9357563297447256,-5.074972702832217,-0.5031592800714324,1406.25
1126,-1.1923479136615176,-2.1302907893836505,-1.9372018633403527,0.9357563683565484,-5.074972635219199,-0.6598533367917442,1407.5
1127,-1.192347981446093,-2.1302907923648675,-1.9372018778389735,0.935756385129635,-5.074972567350794,-0.8065473935120692,1408.75
1128,-1.1923480449429351,-2.1302907938657665,-1.9372018912586169,0.9357563993906886,-5.074972503786062,-0.9432414502325002,1410.0
1129,-1.1923481034460512,-2.1302907800213897,-1.9372019017149298,0.9357563954251349,-5.0749724453457885,-1.0699355069529568,1411.25
1130,-1.1923481572962074,-2.130290765727012,-1.9372019111452585,0.9357563900325963,-5.07497239156625,-1.1866295636734385,1412.5
1131,-1.1923482044315972,-2.130290746241181,-1.937201918525873,0.9357563774785908,-5.074972344550103,-1.2933236203939598,1413.75
1132,-1.1923482451422724,-2.130290722450078,-1.9372019240282545,0.9357563588160281,-5.0749723039997425,-1.3900176771144874,1415.0
1133,-1.1923482816426934,-2.130290701119429,-1.9372019289615792,0.9357563420835252,-5.074972267643057,-1.4767117338350706,1416.25
1134,-1.192348311963635,-2.130290679512123,-1.9372019325725502,0.9357563238164504,-5.074972237473531,-1.5534057905556211,1417.5
1135,-1.192348335071637,-2.130290656191707,-1.9372019344658293,0.9357563021965412,-5.074972214537362,-1.620099847276184,1418.75
1136,-1.1923483547148621,-2.1302906363679175,-1.9372019360752326,0.9357562838182861,-5.074972195040204,-1.6767939039967448,1420.0
1137,-1.1923483708933111,-2.130290620040755,-1.9372019374007579,0.9357562686816843,-5.074972178982058,-1.7234879607172453,1421.25
1138,-1.1923483836069833,-2.130290607210218,-1.9372019384424084,0.9357562567867372,-5.074972166362926,-1.760182017437743,1422.5
1139,-1.1923483928558782,-2.1302905978763063,-1.9372019392001847,0.9357562481334452,-5.074972157182806,-1.7868760741582521,1423.75
1140,-1.1923483986399965,-2.13029059203902,-1.9372019396740863,0.935756242721808,-5.074972151441698,-1.8035701308787728,1425.0
1141,-1.1929271823678327,-2.1314414762582863,-1.9349371427261477,0.9346420461609909,-5.074394802929679,-1.8117017344779172,1426.25
1142,-1.1943975960439048,-2.1343653467988406,-1.9291833431958778,0.931811395311597,-5.072928035778386,-1.8109617488543959,1427.5
1143,-1.1947783289255614,-2.1351224307167103,-1.9276935046504429,0.9310784493630356,-5.07254824899373,-1.8017305375212598,1428.75
1144,-1.1947783221687032,-2.1351224348816413,-1.9276935060643252,0.9310784458380189,-5.072548259668988,-1.7835472884786292,1430.0
1145,-1.1947783116958655,-2.1351224413371046,-1.927693508255782,0.9310784403743957,-5.072548276215176,-1.7553640394359962,1431.25
1146,-1.1947782975070484,-2.1351224500830996,-1.9276935112248132,0.9310784329721657,-5.072548298632295,-1.7171807903933756,1432.5
1147,-1.1947782796131832,-2.135122461109593,-1.9276935149819425,0.9310784235941333,-5.072548326824419,-1.6689975417279757,1433.75
1148,-1.194778258759301,-2.1351224737327543,-1.9276935202444427,0.931078409705187,-5.072548354253771,-1.610814314356332,1435.0
1149,-1.1947782343212443,-2.1351224885254694,-1.927693526411413,0.9310783934291359,-5.072548386397426,-1.542631086984657,1436.25
1150,-1.1947782026823894,-2.1351225070999345,-1.9276935243895859,0.931078401310238,-5.072548418575385,-1.4644478724271361,1437.5
1151,-1.1947781659807324,-2.135122528511433,-1.9276935195445548,0.9310784176985476,-5.072548453542925,-1.3762646623577262,1438.75
1152,-1.1947781251296514,-2.135122552439037,-1.9276935140698517,0.9310784363233157,-5.072548492364809,-1.2780814641004872,1440.0
1153,-1.19477807706927,-2.1351225700933445,-1.927693506255074,0.9310784466012783,-5.072548539614669,-1.1698982734913468,1441.25
1154,-1.1947780228588638,-2.1351225845037156,-1.9276934967196433,0.9310784520957678,-5.0725485937443455,-1.0517150907685102,1442.5
1155,-1.1947779639620366,-2.1351225958481646,-1.9276934858233727,0.931078453203363,-5.072548652600906,-0.9235319156596745,1443.75
1156,-1.194777900156766,-2.13512259435959,-1.9276934723061065,0.9310784388619129,-5.0725487164783996,-0.7853487455257259,1445.0
1157,-1.1947778328706313,-2.135122588410345,-1.9276934575009026,0.9310784188161134,-5.072548783876308,-0.6371655771456474,1446.25
1158,-1.1947777652684897,-2.1351225658800312,-1.9276934405447943,0.9310783800744564,-5.072548851725234,-0.47898241555457977,1447.5
1159,-1.1947776991544852,-2.1351225335465864,-1.92769342266697,0.9310783306118383,-5.0725489181660635,-0.31266290993956264,1448.75
1160,-1.194777641977064,-2.1351224916567775,-1.927693405454569,0.9310782721845052,-5.072548975741741,-0.15311375965010954,1450.0
1161,-1.1947775977415453,-2.13512244295612,-1.9276933900896078,0.9310782086729923,-5.072549020420597,-0.0035646093605323816,1451.25
1162,-1.1947775614115799,-2.1351223925230234,-1.9276933761584276,0.9310781447842817,-5.072549057201286,0.13598454092907658,1452.5
1163,-1.1947775370909075,-2.135122340210604,-1.927693364499912,0.931078081168129,-5.072549081977659,0.2655336912187529,1453.75
1164,-1.1947775202086013,-2.135122288688418,-1.9276933544947639,0.9310780199169276,-5.072549099302529,0.38508284150843797,1455.0
1165,-1.1947775076707357,-2.1351222406976156,-1.9276933458412628,0.9310779634967947,-5.072549112249805,0.4946319917981486,1456.25
1166,-1.19477750661012,-2.1351221943449024,-1.9276933397915388,0.9310779111963519,-5.072549113696082,0.5941811420878989,1457.5
1167,-1.1947775056560466,-2.135122152648456,-1.9276933343495213,0.9310778641496371,-5.072549114997077,0.6837302923776916,1458.75
1168,-1.19477750553218,-2.135122115625161,-1.9276933296685257,0.9310778225193157,-5.072549115428343,0.7632794426674814,1460.0
1169,-1.1947775139317152,-2.1351220834545335,-1.927693327378377,0.9310777880346375,-5.072549107288391,0.8328285929572667,1461.25
1170,-1.1947775211235383,-2.135122055909502,-1.9276933254175135,0.931077758508277,-5.072549100318827,0.8923777432470351,1462.5
1171,-1.194777527107649,-2.1351220329900684,-1.9276933237859315,0.9310777339402327,-5.072549094519652,0.9419268935367882,1463.75
1172,-1.1947775318840481,-2.1351220146962304,-1.9276933224836341,0.931077714330506,-5.072549089890865,0.98147604382648,1465.0
1173,-1.1947775354527348,-2.1351220010279883,-1.9276933215106231,0.9310776996790976,-5.072549086432467,1.011025194116226,1466.25
1174,-1.194777537813709,-2.1351219919853417,-1.9276933208668974,0.9310776899860072,-5.072549084144456,1.0305743444059554,1467.5
1175,-1.1950012709250444,-2.135573956329644,-1.926803350704301,0.9306395807833818,-5.072325924914497,1.0408237065209556,1468.75
1176,-1.196408803048245,-2.1384173628196272,-1.921204412661973,0.9278833986226339,-5.070922002967118,1.0429393415239094,1470.0
1177,-1.1971751289299988,-2.1399654504558554,-1.9181560875587507,0.9263828031861677,-5.0701576431422595,1.0358322359140142,1471.25
1178,-1.197175126952171,-2.139965455501114,-1.9181560898887036,0.9263828022136351,-5.070157646260246,1.0205248631085633,1472.5
1179,-1.1971751236822685,-2.1399654638423398,-1.9181560937407682,0.9263828006057666,-5.070157651415153,0.9952174903031084,1473.75
1180,-1.1971751191202908,-2.1399654754795314,-1.918156099114944,0.926382798362562,-5.070157658606979,0.9599101174976777,1475.0
1181,-1.1971751132662383,-2.1399654904126897,-1.9181561060112318,0.9263827954840214,-5.070157667835723,0.9146027446922856,1476.25
1182,-1.1971751055481978,-2.13996550891379,-1.91815611411229,0.926382792847084,-5.070157684148815,0.8592953780674241,1477.5
1183,-1.197175096204337,-2.1399655308695715,-1.9181561235502724,0.9263827900865572,-5.070157705444306,0.7939880137488051,1478.75
1184,-1.1971750913406223,-2.1399655611725223,-1.9181561310903774,0.9263828091386128,-5.070157717497514,0.7186806576346867,1480.0
1185,-1.197175092046151,-2.139965600741189,-1.9181561361166422,0.9263828541001583,-5.070157718004711,0.6333733095662252,1481.25
1186,-1.1971750928462668,-2.139965645022663,-1.9181561416640123,0.9263829046526584,-5.07015771846574,0.5380659718250111,1482.5
1187,-1.1971750989304213,-2.139965692523377,-1.9181561487683858,0.9263829597467584,-5.070157713082439,0.4327586409452143,1483.75
1188,-1.1971751151199905,-2.139965741882417,-1.918156158368048,0.9263830185181943,-5.070157696434481,0.3174513184887705,1485.0
1189,-1.197175132715503,-2.139965795520207,-1.9181561688022146,0.926383082379435,-5.070157678325904,0.1921440048666283,1486.25
1190,-1.1971751670674367,-2.1399658444552196,-1.9181561821719977,0.9263831442337542,-5.070157643528905,0.05683669745121671,1487.5
1191,-1.1971752046709634,-2.1399658965895623,-1.9181561966276512,0.9263832103289922,-5.070157605452839,-0.08847060938435239,1488.75
1192,-1.1971752589642706,-2.139965938103784,-1.9181562132387304,0.926383267808984,-5.070157550763562,-0.24377790993982404,1490.0
1193,-1.1971753194468862,-2.139965978243939,-1.9181562309728402,0.9263833249765113,-5.070157489891153,-0.40889610314414404,1491.25
1194,-1.1971753885047134,-2.1399660012149777,-1.9181562483368046,0.9263833645492092,-5.070157420579388,-0.5714531145797149,1492.5
1195,-1.1971754551509701,-2.1399660157458418,-1.918156264130645,0.9263833941531048,-5.070157353751952,-0.7240101260153695,1493.75
1196,-1.1971755205838854,-2.1399660172520645,-1.9181562780269004,0.926383408872746,-5.070157288247893,-0.8665671374510984,1495.0
1197,-1.1971755812965243,-2.1399660129595186,-1.9181562902027176,0.9263834161335225,-5.07015722751684,-0.9991241488868385,1496.25
1198,-1.1971756371803197,-2.139965998125812,-1.9181563000369772,0.9263834105822857,-5.070157171707128,-1.121681160322651,1497.5
1199,-1.1971756885042963,-2.1399659845024597,-1.9181563090688065,0.9263834054839973,-5.070157120451189,-1.2342381717584945,1498.75
1200,-1.197175731459595,-2.1399659604785297,-1.9181563150353313,0.9263833870270402,-5.070157077658417,-1.3367951831943725,1500.0
1201,-1.1971757699659245,-2.1399659380028684,-1.9181563202652874,0.9263833694249972,-5.070157039305643,-1.4293521946302579,1501.25
1202,-1.1971758043119727,-2.139965917955513,-1.918156324930188,0.9263833537247043,-5.070157005096561,-1.5119092060661634,1502.5
1203,-1.197175830269577,-2.1399658944743707,-1.9181563274047004,0.9263833324940851,-5.07015697931215,-1.5844662175021003,1503.75
1204,-1.1971758516872282,-2.1399658728951416,-1.9181563291682122,0.9263833124978482,-5.070156958055845,-1.6470232289380138,1505.0
1205,-1.1971758696811785,-2.1399658547654434,-1.9181563306498168,0.9263832956980922,-5.070156940197449,-1.6995802403738822,1506.25
1206,-1.1971758842514282,-2.1399658400852757,-1.9181563318495163,0.9263832820948179,-5.070156925736962,-1.742137251809705,1507.5
1207,-1.1971758953979763,-2.1399658288546375,-1.9181563327673112,0.9263832716880261,-5.070156914674385,-1.7746942632455531,1508.75
1208,-1.1971759031208231,-2.1399658210735293,-1.9181563334032026,0.9263832644777168,-5.070156907009716,-1.7972512746814266,1510.0
1209,-1.1971759074199688,-2.1399658167419506,-1.9181563337571896,0.9263832604638901,-5.070156902742958,-1.8098082861172693,1511.25
1210,-1.1971759083975797,-2.1399658157569648,-1.9181563338376852,0.9263832595511597,-5.0701569017727115,-1.8126637072093759,1512.194626425
