,shoulder_pan_joint,shoulder_lift_joint,elbow_joint,wrist_1_joint,wrist_2_joint,wrist_3_joint,time_from_start
0,-1.2337835470782679,-1.9459388891803187,-1.7232611815081995,-2.600098435078756,-1.235953156148092,1.2799758911132812,0.0
1,-1.23367996636337,-1.9456751285955318,-1.723582821206694,-2.6000720634340797,-1.2358448793925556,1.2849758911132814,1.25
2,-1.233369224218676,-1.944883846841171,-1.7245477403021772,-2.5999929485000512,-1.235520049125946,1.2999758911132813,2.5
3,-1.2328513206441862,-1.9435650439172365,-1.7261559387946492,-2.5998610902766703,-1.2349786653482635,1.3249758911132812,3.75
4,-1.2321262556399004,-1.9417187198237285,-1.7284074166841101,-2.5996764887639374,-1.2342207280595079,1.3599758911132815,5.0
5,-1.2311940292058188,-1.9393448745606463,-1.7313021739705596,-2.5994391439618516,-1.233246237259679,1.4049758911132817,6.25
6,-1.2300535519507507,-1.9364431597481004,-1.734837686099558,-2.5991523758054886,-1.2320599656131646,1.4599761270582745,7.5
7,-1.2286939327667112,-1.9330101034284852,-1.7389886873706457,-2.5988493913315622,-1.2307096541521374,1.524978721585366,8.75
8,-1.2271251497494537,-1.929048905679348,-1.7437782787320653,-2.598499795722168,-1.2291516107581233,1.5999813161124568,10.0
9,-1.2253355670179173,-1.9245543301515906,-1.7491844288991703,-2.5981242729628535,-1.2274343367835838,1.6849857906439283,11.25
10,-1.2233286613416128,-1.9195279534574863,-1.7552136921406456,-2.5977166543093166,-1.2255433700194984,1.7799913077600689,12.5
11,-1.2210926360555998,-1.9139625514160459,-1.7618510922019208,-2.597276952159996,-1.2235199245067339,1.88499885472502,13.75
12,-1.2186328308382148,-1.9078607044179459,-1.7691064125439442,-2.596796858107442,-1.2213410076284745,2.000007384944217,15.0
13,-1.2159352046065977,-1.90121306838032,-1.7769659779778042,-2.5962657289068227,-1.219047087917346,2.1250175347346776,16.25
14,-1.2129943548546651,-1.8940148350160246,-1.7854322865517893,-2.595660303616487,-1.2166355522102867,2.2600284823633716,17.5
15,-1.2098062846952504,-1.8862627430141514,-1.7945074215588048,-2.594964158680332,-1.2140999645647448,2.40503955745576,18.75
16,-1.206360710103369,-1.8779499280424088,-1.8041892820628427,-2.5941494408592876,-1.2114402576036936,2.5600327413523147,20.0
17,-1.2028908124957731,-1.8696507070639896,-1.8138057797776197,-2.5932508530457383,-1.2088260573961742,2.7142107697191413,21.25
18,-1.1996063951672633,-1.861862213289768,-1.822788500074633,-2.5923241084376274,-1.2063907283576316,2.858386591026861,22.5
19,-1.1965027342118886,-1.8545823065770608,-1.8311393499988764,-2.5913586720657724,-1.2041093309145776,2.992559088756356,23.75
20,-1.1935932284604438,-1.8478212675539956,-1.8388620201172667,-2.5903878676617698,-1.2019668237207177,3.116728574249416,25.0
21,-1.1908920004318508,-1.8415886598979936,-1.8459587079282815,-2.5894437519371634,-1.1999688678184863,3.2308958271539154,26.25
22,-1.18839422763093,-1.8358821149417646,-1.8524286680679938,-2.5885197301741627,-1.1981034867323568,3.3350600688987084,27.5
23,-1.1861096137147271,-1.830708553844056,-1.8582727917427033,-2.5876408627266168,-1.1963733063613435,3.429221854434209,28.75
24,-1.184051327821596,-1.8260753376496037,-1.8634933824241329,-2.5868286749114495,-1.1948000164036034,3.5133820445728023,30.0
25,-1.1822170587036216,-1.8219820436492775,-1.8680892042444714,-2.5860854669772406,-1.1933736666012222,3.58754030045236,31.25
26,-1.1806145990673826,-1.8184327251096981,-1.8720618987973463,-2.585421820707211,-1.1921093045802564,3.651697026428363,32.5
27,-1.179254747849555,-1.815433204707574,-1.8754134907419822,-2.5848543580797454,-1.1910264055861575,3.7058537581434274,33.75
28,-1.1781391587734973,-1.8129842740355855,-1.8781444148555604,-2.58438475431128,-1.1901285728685878,3.750010487828268,35.0
29,-1.1772720020594818,-1.8110879283991466,-1.880255768890784,-2.5840172341202674,-1.1894248934927418,3.784167215866117,36.25
30,-1.1766565036893226,-1.8097457113137914,-1.8817484020499258,-2.583755065648589,-1.188922396996702,3.808323942659377,37.5
31,-1.176295258915157,-1.8089588645271268,-1.8826229974818292,-2.5836008780608744,-1.1886267385236144,3.8224806682229633,38.75
32,-1.1753222983409501,-1.8068396158460236,-1.884978604624484,-2.583185575407507,-1.1878304254938883,3.8271388776067714,40.0
33,-1.1744362975912939,-1.8049097807526437,-1.88712367872689,-2.582807385481611,-1.187105284237142,3.822352551401569,41.25
34,-1.174436297785769,-1.804909785054749,-1.8871236827282998,-2.5828073770095763,-1.1871052845346877,3.808500956448598,42.5
35,-1.1744362981206433,-1.8049097924627104,-1.8871236896184822,-2.5828073624212537,-1.1871052850470436,3.7846493614956285,43.75
36,-1.1744362985965304,-1.8049098029765591,-1.8871236993971852,-2.5828073417181105,-1.1871052857793298,3.7507977679984235,45.0
37,-1.1744362992277342,-1.8049098165970388,-1.8871237120585413,-2.5828073149343407,-1.1871052868508505,3.706946203352884,46.25
38,-1.174436300002879,-1.80490983332356,-1.8871237276072186,-2.5828072820427446,-1.1871052881667223,3.6530946387073455,47.5
39,-1.174436303665871,-1.8049098523225005,-1.887123746405159,-2.5828072438139866,-1.1871052923681042,3.589243075326632,48.75
40,-1.174436314619666,-1.8049098722562036,-1.8871237690331455,-2.5828072014846977,-1.187105303693079,3.515391514833749,50.0
41,-1.1744363270565181,-1.804909894889401,-1.887123794724054,-2.582807153427927,-1.187105316550134,3.4315399597662246,51.25
42,-1.1744363409763223,-1.8049099202223122,-1.8871238234771943,-2.582807099646405,-1.187105330938358,3.337688412474354,52.5
43,-1.174436367750996,-1.8049099433001747,-1.8871238540469775,-2.582807046469495,-1.1871053581409423,3.2338368754397724,53.75
44,-1.1744363989756423,-1.8049099677847313,-1.8871238873551177,-2.5828069892147694,-1.1871053898196284,3.119985345645685,55.0
45,-1.174436437342746,-1.8049099913554656,-1.8871239219960514,-2.5828069316444235,-1.1871054286418121,2.996133824157579,56.25
46,-1.174436487943384,-1.804910010466634,-1.8871239561267568,-2.582806879212345,-1.1871054796540066,2.862282309510719,57.5
47,-1.174436544848096,-1.8049100281129706,-1.8871239907983641,-2.582806827794027,-1.1871055369606534,2.718430796195705,58.75
48,-1.1744366142379832,-1.8049100371768851,-1.8871240210586557,-2.5828067895310616,-1.1871056066434353,2.5646364731026297,60.0
49,-1.174436684985402,-1.804910041278053,-1.8871240469506958,-2.5828067606050706,-1.1871056776080553,2.412297403923298,61.25
50,-1.1744367544161618,-1.8049100370530136,-1.8871240643996043,-2.5828067484048285,-1.1871057471212865,2.2699583347439405,62.5
51,-1.174436818840293,-1.8049100293217746,-1.887124076912725,-2.582806744561797,-1.187105811561575,2.1376192655645747,63.75
52,-1.1744368781581913,-1.804910015143114,-1.8871240816208652,-2.582806754876446,-1.1871058707825102,2.01528019638521,65.0
53,-1.1744369326274453,-1.8049100021234232,-1.8871240859441543,-2.5828067643479775,-1.1871059251627265,1.9029411272058454,66.25
54,-1.1744369782166688,-1.8049099829237516,-1.887124081550534,-2.582806788566147,-1.1871059705459077,1.8006020580264788,67.5
55,-1.1744370190918627,-1.8049099651281102,-1.8871240770502933,-2.5828068114206215,-1.187106011227157,1.7082629888471126,68.75
56,-1.1744370555404162,-1.8049099492596767,-1.88712407303741,-2.5828068318000366,-1.1871060475027688,1.6259239196677442,70.0
57,-1.1744370831169473,-1.8049099318327086,-1.8871240647698653,-2.58280685785581,-1.1871060748625804,1.5535848504883756,71.25
58,-1.1744371058458551,-1.8049099160028432,-1.887124056540607,-2.582806882208472,-1.1871060973896366,1.4912457813090065,72.5
59,-1.1744371249287497,-1.8049099027122963,-1.887124049631427,-2.58280690265465,-1.1871061163030598,1.4389067121296395,73.75
60,-1.1744371403656315,-1.804909891961067,-1.8871240440423263,-2.5828069191943444,-1.18710613160285,1.396567642950274,75.0
61,-1.1744371521564998,-1.8049098837491542,-1.8871240397733067,-2.5828069318275526,-1.187106143289006,1.3642285737709066,76.25
62,-1.1744371603013546,-1.8049098780765578,-1.8871240368243685,-2.5828069405542764,-1.1871061513615278,1.3418895045915402,77.5
63,-1.174479456297652,-1.8050157147278854,-1.8869858612549129,-2.5828395885845423,-1.1871483885305918,1.32942495819481,78.75
64,-1.175873137693187,-1.8085035770585989,-1.8824324534595815,-2.583915318675536,-1.1885401326421696,1.3249292569914808,80.0
65,-1.1771349159167943,-1.8116613457198365,-1.8783099872131679,-2.584889239267377,-1.1898001585202322,1.3302395626136907,81.25
66,-1.177142834824227,-1.8116811783204045,-1.8782841008587954,-2.584895356643018,-1.189808070361936,1.3435284362441078,82.5
67,-1.1771428273511515,-1.8116811850243673,-1.8782841010592504,-2.584895359754979,-1.189808069800003,1.3667923903124204,83.75
68,-1.177142816665778,-1.8116811946100255,-1.8782841013458706,-2.5848953642046144,-1.1898080689965234,1.4000563443807328,85.0
69,-1.1771428027681061,-1.8116812070773791,-1.8782841017186565,-2.584895369991926,-1.189808067951497,1.443320298449044,86.25
70,-1.177142785979816,-1.8116812221976026,-1.8782841028487711,-2.5848953746203263,-1.1898080694068847,1.4965842493609098,87.5
71,-1.1771427663622642,-1.81168123992705,-1.8782841048642318,-2.5848953776136185,-1.189808073885687,1.5598481973984202,88.75
72,-1.1771427407492006,-1.8116812584173378,-1.8782841076730499,-2.5848953740869023,-1.1898080679160512,1.6331121405954612,90.0
73,-1.1771427042681177,-1.8116812742318027,-1.8782841120744216,-2.5848953522685667,-1.1898080327183533,1.7163760723105548,91.25
74,-1.1771426633844633,-1.8116812919332526,-1.8782841170497147,-2.5848953276303233,-1.1898079931176517,1.8096399969188113,92.5
75,-1.177142617372802,-1.8116813102681601,-1.8782841210474417,-2.5848953032549082,-1.1898079482063555,1.912903914787954,93.75
76,-1.1771425627895895,-1.8116813232895037,-1.8782841167152415,-2.5848952937362246,-1.189807893655941,2.0261678228173925,95.0
77,-1.177142503385995,-1.8116813374618586,-1.878284111996405,-2.5848952833930667,-1.1898078342783989,2.149431722310626,96.25
78,-1.1771424388777025,-1.8116813441332789,-1.8782840984157625,-2.5848952893497996,-1.189807769716672,2.2826956162345096,97.5
79,-1.1771423694308036,-1.8116813483331948,-1.8782840809030432,-2.5848953016415743,-1.1898077001851495,2.425959508541724,98.75
80,-1.1771422992067926,-1.8116813429707392,-1.8782840538914845,-2.584895332953347,-1.1898076297237736,2.5792233958815647,100.0
81,-1.1771422260027569,-1.8116813333797852,-1.8782840218603525,-2.5848953734556366,-1.1898075562090336,2.742487276828164,101.25
82,-1.1771421634597035,-1.8116813108868648,-1.878283980650046,-2.5848954361612666,-1.1898074931727605,2.906948352523995,102.5
83,-1.1771421077824766,-1.8116812872940813,-1.8782839405081124,-2.584895498997705,-1.1898074369996248,3.0614475803543617,103.75
84,-1.177142068398274,-1.811681256394861,-1.8782838983544954,-2.5848955713745485,-1.1898073970383845,3.2059468081847164,105.0
85,-1.1771420337855278,-1.811681226744024,-1.878283858892083,-2.584895639886574,-1.1898073618787834,3.340446036015059,106.25
86,-1.1771420154410142,-1.8116811933403063,-1.8782838208508381,-2.5848957109623703,-1.1898073429628044,3.464945263845385,107.5
87,-1.177141998569965,-1.8116811626196423,-1.878283785865127,-2.5848957763292315,-1.189807325566191,3.5794444916756927,108.75
88,-1.1771419933538294,-1.8116811321521211,-1.8782837547458047,-2.5848958377512146,-1.1898073198536996,3.683943719505983,110.0
89,-1.1771419923900188,-1.8116811037044442,-1.8782837269033301,-2.584895893945733,-1.189807318434878,3.778442947336263,111.25
90,-1.1771419915282,-1.8116810782671329,-1.8782837020071688,-2.5848959441936934,-1.1898073171661976,3.8629421751665296,112.5
91,-1.177141996581892,-1.811681055488637,-1.87828368152328,-2.584895987466439,-1.18980732186814,3.937441402996786,113.75
92,-1.1771420048232426,-1.8116810355339101,-1.8782836647638006,-2.5848960242466408,-1.1898073298095853,4.00194063082704,115.0
93,-1.177142011786849,-1.8116810186729781,-1.8782836506027198,-2.584896055324418,-1.189807336519784,4.056439858657287,116.25
94,-1.1771420174727116,-1.8116810049058407,-1.878283639040037,-2.5848960806997696,-1.1898073419987365,4.10093908648753,117.5
95,-1.17714202188083,-1.8116809942324958,-1.8782836300757548,-2.5848961003726965,-1.1898073462464425,4.135438314317772,118.75
96,-1.1771420250112044,-1.8116809866529435,-1.878283623709874,-2.5848961143431977,-1.1898073492629015,4.15993754214802,120.0
97,-1.1771420268638346,-1.8116809821671833,-1.8782836199423933,-2.5848961226112737,-1.189807351048114,4.174436769978266,121.25
98,-1.1781794914788584,-1.8143092714506617,-1.8748316664153926,-2.585727315615229,-1.1908432839333467,4.180746657063898,122.5
99,-1.1796809595828444,-1.8181130640952459,-1.8698358334500176,-2.586930253042946,-1.192342536638304,4.177465831506955,123.75
100,-1.1798098313519492,-1.8184395513215244,-1.8694070377404983,-2.5870335005054335,-1.192471222667375,4.1660386273728705,125.0
101,-1.1798098298082862,-1.8184395583194723,-1.8694070413074289,-2.5870334968825026,-1.1924712294672994,4.144975506641134,126.25
102,-1.1798098275317486,-1.8184395686397903,-1.8694070465678083,-2.587033491539538,-1.1924712394955799,4.113912385909405,127.5
103,-1.1798098245223365,-1.8184395822824784,-1.8694070535216358,-2.587033484476538,-1.1924712527522159,4.07284926517767,128.75
104,-1.1798098206327976,-1.8184395993958502,-1.869407061718555,-2.5870334774139883,-1.1924712679675074,4.021786148148641,130.0
105,-1.1798098156058314,-1.8184396202390616,-1.8694070703716343,-2.5870334733581766,-1.1924712829228459,3.9607230396434403,131.25
106,-1.1798098102659955,-1.8184396442669482,-1.8694070812719605,-2.587033465777709,-1.1924712989537243,3.889659932385047,132.5
107,-1.179809810952513,-1.8184396686387,-1.8694071047309802,-2.5870334191434043,-1.1924712989986512,3.8085968401915755,133.75
108,-1.179809811711172,-1.818439696008934,-1.8694071311131606,-2.5870333666286074,-1.1924712989446165,3.7175337524623475,135.0
109,-1.1798098125307812,-1.818439726370485,-1.8694071604445783,-2.587033308119469,-1.1924712986984163,3.6164706722498186,136.25
110,-1.1798098278498774,-1.8184397562155192,-1.869407194203229,-2.5870332448445224,-1.1924713143815096,3.505407603013686,137.5
111,-1.1798098455728656,-1.81843978849706,-1.8694072311121195,-2.5870331759360834,-1.1924713326195735,3.384344540930079,138.75
112,-1.179809873573351,-1.8184398196189893,-1.8694072700817437,-2.587033106311247,-1.1924713611625517,3.2532814851776317,140.0
113,-1.1798099117840173,-1.8184398496107068,-1.869407311118371,-2.5870330359368485,-1.192471399939092,3.1122184323437243,141.25
114,-1.179809960628261,-1.818439876214443,-1.869407352174736,-2.587032969080835,-1.1924714493167343,2.9611553830248942,142.5
115,-1.1798100207631337,-1.8184398989729695,-1.8694073930113708,-2.587032906448141,-1.1924715099462988,2.800092340354285,143.75
116,-1.1798100912807405,-1.8184399125927118,-1.8694074282032411,-2.58703285872799,-1.19247158083483,2.6341864795760164,145.0
117,-1.1798101611069145,-1.8184399217663845,-1.8694074588605025,-2.58703281996554,-1.192471650959266,2.4774861402991166,146.25
118,-1.1798102314100847,-1.8184399184110094,-1.8694074774945466,-2.5870328057269454,-1.1924717213612324,2.330785801022226,147.5
119,-1.1798102972646334,-1.8184399144522807,-1.8694074941570404,-2.587032793995127,-1.1924717872952721,2.1940854617453414,148.75
120,-1.1798103579717039,-1.818439901050158,-1.8694075000424162,-2.5870328023801923,-1.1924718479195444,2.0673851224684636,150.0
121,-1.1798104138543954,-1.8184398877328949,-1.869407504507818,-2.5870328120285864,-1.1924719037103313,1.9506847831915906,151.25
122,-1.179810462777035,-1.8184398716020702,-1.8694075040724,-2.5870328292794724,-1.192471952480943,1.8439844439147266,152.5
123,-1.1798105050519518,-1.8184398532264963,-1.8694074993860224,-2.587032852920454,-1.1924719945534887,1.7472841046378642,153.75
124,-1.1798105429551264,-1.8184398367511867,-1.8694074951842676,-2.5870328741166704,-1.1924720322752196,1.6605837653610043,155.0
125,-1.1798105744358862,-1.8184398205665422,-1.8694074892648338,-2.5870328966448417,-1.1924720635652575,1.5838834260841492,156.25
126,-1.1798105984530216,-1.8184398038553053,-1.8694074805095169,-2.5870329224225674,-1.192472087367055,1.5171830868072895,157.5
127,-1.1798106188694053,-1.8184397896494895,-1.8694074730668337,-2.587032944335586,-1.192472107600385,1.4604827475304278,158.75
128,-1.179810635685038,-1.8184397779490955,-1.8694074669367826,-2.587032962383899,-1.192472124265249,1.4137824082535593,160.0
129,-1.179810648899919,-1.8184397687541214,-1.8694074621193666,-2.587032976567505,-1.1924721373616456,1.3770820689766918,161.25
130,-1.1798106585140482,-1.8184397620645665,-1.869407458614586,-2.587032986886404,-1.1924721468895747,1.3503817296998253,162.5
131,-1.1798106645274258,-1.818439757880431,-1.8694074564224403,-2.5870329933405958,-1.192472152849036,1.3336813904229592,163.75
132,-1.1804806232462361,-1.8201578921950694,-1.8671374409870805,-2.58758970276463,-1.1931410632717965,1.3256445435643034,165.0
133,-1.1820750780557785,-1.824246955046144,-1.8617349413537616,-2.5889146313321643,-1.194733023789005,1.3267031684242294,166.25
134,-1.1824414824258236,-1.825186628652409,-1.860493441371713,-2.589219102526001,-1.1950988576344992,1.3363841505349985,167.5
135,-1.1824414764304858,-1.8251866340210532,-1.8604934414978926,-2.5892191051509585,-1.195098857058043,1.3552084714572081,168.75
136,-1.1824414672502588,-1.82518664224167,-1.8604934416911023,-2.589219109170367,-1.1950988561753575,1.3840327923794171,170.0
137,-1.1824414548851425,-1.825186653314259,-1.8604934419513421,-2.5892191145842256,-1.1950988549864423,1.4228571133016281,171.25
138,-1.1824414393796745,-1.8251866672077255,-1.8604934423699795,-2.589219121054917,-1.195098853874912,1.4716814337908746,172.5
139,-1.1824414212955339,-1.8251866835299193,-1.8604934440992835,-2.5892191243246208,-1.195098857678674,1.530505748989781,173.75
140,-1.1824414001371308,-1.825186702626849,-1.860493446122566,-2.5892191281501664,-1.1950988621290668,1.5993300641886845,175.0
141,-1.1824413674223333,-1.8251867183940007,-1.8604934500042796,-2.589219111260439,-1.1950988346033724,1.678154365357279,176.25
142,-1.1824413289814435,-1.825186735027903,-1.8604934546793748,-2.589219088239917,-1.1950987975026837,1.7669786623019321,177.5
143,-1.182441286182526,-1.8251867535157975,-1.8604934599490845,-2.5892190623295375,-1.1950987559713273,1.8658029489335488,178.75
144,-1.1824412356830067,-1.825186768070865,-1.860493458574033,-2.5892190479204404,-1.195098705883094,1.9746272271969194,180.0
145,-1.1824411791256957,-1.8251867815241671,-1.860493454052889,-2.589219038132513,-1.1950986493561242,2.0934514978062753,181.25
146,-1.1824411176942693,-1.8251867926738243,-1.8604934457570892,-2.589219034362583,-1.1950985879187952,2.2222757612698727,182.5
147,-1.182441051228481,-1.8251867966471682,-1.860493428881006,-2.589219046286753,-1.195098521370415,2.36110002047386,183.75
148,-1.1824409815075314,-1.8251867971967017,-1.8604934076511501,-2.5892190659297816,-1.1950984515054792,2.50992427769323,185.0
149,-1.1824409111707919,-1.8251867879327204,-1.860493376663087,-2.589219105105207,-1.1950983808666293,2.6687485280287677,186.25
150,-1.182440843394787,-1.8251867714634182,-1.8604933394501266,-2.589219157728769,-1.1950983126781314,2.835128031861779,187.5
151,-1.1824407844193874,-1.825186749124925,-1.8604932992627057,-2.5892192193108796,-1.1950982532149246,2.99406341030351,188.75
152,-1.1824407398029364,-1.8251867207865486,-1.8604932577085445,-2.589219288457196,-1.1950982080454313,3.1429987887452246,190.0
153,-1.1824407024001613,-1.825186691417498,-1.8604932174014683,-2.5892193574919475,-1.1950981700887486,3.2819341671869346,191.25
154,-1.1824406784253636,-1.825186659499502,-1.860493178801271,-2.5892194275621554,-1.1950981455482887,3.4108695456286373,192.5
155,-1.182440661114961,-1.825186627970126,-1.8604931426603297,-2.5892194948851244,-1.195098127692991,3.5298049240703318,193.75
156,-1.182440649199726,-1.8251865981542108,-1.86049310987399,-2.5892195572254417,-1.1950981152721765,3.638740302512023,195.0
157,-1.1824406482016527,-1.82518656873772,-1.8604930808850295,-2.589219615533146,-1.1950981137987293,3.7376756809537075,196.25
158,-1.1824406473044604,-1.8251865422945377,-1.8604930548261542,-2.5892196679473365,-1.1950981124742126,3.8266110593953906,197.5
159,-1.1824406479105316,-1.8251865187408336,-1.8604930320534279,-2.58921971421649,-1.1950981127027145,3.9055464378370734,198.75
160,-1.182440656609185,-1.825186497682735,-1.8604930142398537,-2.589219753158789,-1.1950981210815712,3.9744818162787565,200.0
161,-1.1824406640459821,-1.8251864796793957,-1.8604929990103771,-2.589219786451986,-1.1950981282449629,4.033417194720444,201.25
162,-1.1824406702209234,-1.8251864647308187,-1.8604929863649948,-2.5892198140960807,-1.195098134192889,4.082352573162137,202.5
163,-1.1824406751340084,-1.825186452837001,-1.8604929763037101,-2.5892198360910736,-1.1950981389253497,4.121287951603832,203.75
164,-1.1824406787852373,-1.8251864439979415,-1.8604929688265242,-2.5892198524369645,-1.195098142442345,4.150223330045525,205.0
165,-1.1824406811746098,-1.8251864382136405,-1.8604929639334362,-2.589219863133753,-1.1950981447438749,4.169158708487211,206.25
166,-1.1827861487635227,-1.8260833111378976,-1.8593010368673437,-2.5895173900030204,-1.1954430405552,4.178927746154178,207.5
167,-1.1843541319098732,-1.830153999919316,-1.8538911974877599,-2.5908677638711186,-1.1970084290257856,4.180117176828197,208.75
168,-1.1850351632083975,-1.831922050490181,-1.8515415094698053,-2.591454278524343,-1.1976883363172548,4.172188852799672,210.0
169,-1.1850351619924524,-1.8319220559347824,-1.8515415122196939,-2.591454275840792,-1.1976883415196236,4.1556385689072135,211.25
170,-1.1850351600418092,-1.8319220646691172,-1.851541516631118,-2.5914542715357887,-1.1976883498653637,4.12908828501475,212.5
171,-1.1850351573564688,-1.8319220766931847,-1.851541522704078,-2.591454265609332,-1.197688361354475,4.09253800112228,213.75
172,-1.1850351539364308,-1.8319220920069859,-1.8515415304385732,-2.591454258061422,-1.1976883759869574,4.045987717229811,215.0
173,-1.1850351493428986,-1.8319221110445456,-1.8515415385144571,-2.5914542539050744,-1.1976883899405837,3.98943743677993,216.25
174,-1.1850351438525002,-1.831922133532244,-1.851541547763983,-2.591454249979961,-1.1976884056249801,3.9228871569250376,217.5
175,-1.185035141979732,-1.8319221573953786,-1.8515415656842844,-2.5914542204575657,-1.1976884121598266,3.8463368873524013,218.75
176,-1.1850351427037493,-1.8319221830943488,-1.8515415906023238,-2.5914541710842074,-1.1976884121890918,3.759786623932992,220.0
177,-1.1850351434805937,-1.831922211741679,-1.851541618475058,-2.5914541156785385,-1.197688411962318,3.66323637167282,221.25
178,-1.1850351515663842,-1.8319222415943015,-1.8515416500076713,-2.591454055023676,-1.197688419701755,3.5566861260670737,222.5
179,-1.1850351684205747,-1.8319222722992055,-1.8515416853489965,-2.591453989248425,-1.197688437046257,3.4401358885973803,223.75
180,-1.1850351880063275,-1.8319223050811295,-1.8515417235802198,-2.5914539185452874,-1.1976884571724362,3.313585659057177,225.0
181,-1.1850352245427445,-1.8319223337776962,-1.8515417630910422,-2.591453850962417,-1.1976884942556039,3.1770354351418715,226.25
182,-1.1850352645590447,-1.8319223640168958,-1.8515418051999166,-2.5914537792958017,-1.197688534851581,3.030485211704484,227.5
183,-1.1850353222938732,-1.8319223859013247,-1.8515418446793301,-2.5914537188561173,-1.1976885930666576,2.8739349954148388,228.75
184,-1.1850353866453616,-1.8319224054299255,-1.8515418839245776,-2.5914536610986985,-1.1976886578747452,2.7080977867064515,230.0
185,-1.1850354576011937,-1.831922414796658,-1.8515419152946502,-2.5914536214484936,-1.197688729137277,2.546887997461935,231.25
186,-1.1850355267094794,-1.8319224174006208,-1.8515419394700219,-2.5914535957092344,-1.1976887984388664,2.3956782082173698,232.5
187,-1.1850355939026667,-1.8319224134053216,-1.8515419565895261,-2.5914535835780286,-1.1976888657144573,2.254468418972767,233.75
188,-1.1850356561707325,-1.8319224047837457,-1.8515419676414753,-2.5914535820541134,-1.1976889279793428,2.12325862972815,235.0
189,-1.1850357135009124,-1.8319223911600901,-1.8515419722542055,-2.5914535918837136,-1.197688985214654,2.002048840483494,236.25
190,-1.185035765887553,-1.8319223782711465,-1.8515419760386458,-2.5914536017350684,-1.1976890375074902,1.8908390512388071,237.5
191,-1.1850358095907771,-1.83192235930489,-1.8515419711597167,-2.5914536261803387,-1.197689080999639,1.7896292619940664,238.75
192,-1.1850358489759198,-1.8319223422125908,-1.851541966762844,-2.5914536482103028,-1.197689120194561,1.6984194727492987,240.0
193,-1.1850358840429807,-1.831922326994248,-1.8515419628480307,-2.591453667824961,-1.1976891550922566,1.617209683504526,241.25
194,-1.1850359098851668,-1.831922309795915,-1.8515419541090985,-2.5914536941003306,-1.197689180712879,1.5459998942597528,242.5
195,-1.1850359316544745,-1.8319222946641271,-1.851541946117391,-2.5914537175068424,-1.1976892022851289,1.4847901050149788,243.75
196,-1.1850359498672753,-1.8319222820044603,-1.8515419394313068,-2.591453737089373,-1.1976892203330656,1.4335803157702147,245.0
197,-1.1850359645235686,-1.8319222718169126,-1.8515419340508479,-2.5914537528479222,-1.1976892348566885,1.3923705265254571,246.25
198,-1.1850359756233542,-1.8319222641014832,-1.851541929976015,-2.591453764782489,-1.1976892458559978,1.361160737280695,247.5
199,-1.185035983166632,-1.8319222588581723,-1.851541927206809,-2.591453772893074,-1.197689253330993,1.339950948035932,248.75
200,-1.1851443214317394,-1.8322069740266056,-1.8511613477953717,-2.591550407351551,-1.1977974022695919,1.3284144614952205,250.0
201,-1.186566467598365,-1.8359445779942354,-1.846165352296144,-2.5928189091698326,-1.19921706358166,1.3249303505879007,251.25
202,-1.1875949689443197,-1.838647636765652,-1.8425522203449474,-2.593736296774303,-1.200243769568073,1.3310733131726826,252.5
203,-1.187594964447875,-1.8386476407850199,-1.8425522204154121,-2.5937362988314803,-1.2002437690439147,1.3453129895353055,253.75
204,-1.1875949567937436,-1.8386476476270415,-1.842552220535362,-2.5937363023333377,-1.2002437681516598,1.3695526658979291,255.0
205,-1.1875949459819246,-1.838647657291717,-1.8425522207047962,-2.5937363072798747,-1.2002437668913077,1.4037923422605534,256.25
206,-1.1875949320124186,-1.8386476697790468,-1.8425522209237155,-2.593736313671091,-1.2002437652628586,1.448032018623171,257.5
207,-1.187594915265696,-1.8386476848278468,-1.842552221960593,-2.593736318686445,-1.2002437665775563,1.5022716871910127,258.75
208,-1.1875948956858056,-1.8386477024765262,-1.8425522237024214,-2.5937363227407095,-1.2002437703484672,1.5665113509448452,260.0
209,-1.1875948693364111,-1.8386477201412306,-1.8425522264758496,-2.593736317763085,-1.200243760425976,1.6407510081666334,261.25
210,-1.187594833330448,-1.838647735703113,-1.8425522308708122,-2.593736296257332,-1.2002437257318126,1.7249906553863572,262.5
211,-1.1875947930271984,-1.8386477530972745,-1.8425522358422288,-2.5937362719615935,-1.200243686723872,1.8192302941465863,263.75
212,-1.1875947472721096,-1.8386477703255375,-1.8425522388722286,-2.5937362498647536,-1.200243641972367,1.9234699261163046,265.0
213,-1.1875946935612285,-1.8386477830663068,-1.842552234550787,-2.5937362406241484,-1.2002435882960185,2.0377095493835164,266.25
214,-1.18759463514734,-1.8386477969238109,-1.8425522298465913,-2.5937362305916314,-1.2002435299086824,2.1619491631073133,267.5
215,-1.1875945717146168,-1.8386478023224426,-1.8425522152457765,-2.593736238855642,-1.2002434664115869,2.2961887715185063,268.75
216,-1.1875945034981832,-1.8386478063587743,-1.8425521978030832,-2.59373625125644,-1.2002433981093419,2.440428378972232,270.0
217,-1.1875944350742116,-1.8386477997321429,-1.8425521698255267,-2.5937362848197325,-1.2002433294271049,2.5946679808652533,271.25
218,-1.1875943636631452,-1.8386477897346527,-1.8425521376008087,-2.5937363259463764,-1.2002432576967028,2.7588945090153603,272.5
219,-1.1875943037263277,-1.8386477670017816,-1.842552096470682,-2.5937363888499667,-1.2002431972586138,2.922411124994915,273.75
220,-1.187594251230397,-1.8386477430363173,-1.8425520564649702,-2.593736451969581,-1.2002431442577284,3.0759277409744774,275.0
221,-1.1875942130637978,-1.8386477130527041,-1.8425520150458508,-2.5937365227183142,-1.2002431055198408,3.2194443569540647,276.25
222,-1.1875941810939779,-1.8386476836243757,-1.842551976116426,-2.593736590516274,-1.2002430730013776,3.3529609729336527,277.5
223,-1.1875941633343319,-1.8386476512764527,-1.8425519387789155,-2.593736659846296,-1.2002430546768563,3.476477588913249,278.75
224,-1.1875941470125204,-1.8386476215474488,-1.842551904464272,-2.5937367235633064,-1.2002430378359024,3.5899942048928613,280.0
225,-1.187594143355746,-1.8386475917729812,-1.8425518740790374,-2.593736783585631,-1.2002430336870822,3.693510820872474,281.25
226,-1.1875941424224647,-1.838647564312323,-1.8425518468204847,-2.5937368382146166,-1.200243032305354,3.787027436852096,282.5
227,-1.187594141588982,-1.8386475397881155,-1.8425518224767639,-2.5937368870019677,-1.2002430310713776,3.8705440528317148,283.75
228,-1.187594147432165,-1.8386475178112474,-1.8425518027294838,-2.5937369287524534,-1.2002430365701509,3.944060668811339,285.0
229,-1.1875941553483855,-1.8386474986540828,-1.8425517864015666,-2.5937369643027024,-1.2002430441923542,4.007577284790971,286.25
230,-1.1875941620182835,-1.8386474825130072,-1.8425517726443008,-2.593736994255952,-1.200243050614525,4.061093900770586,287.5
231,-1.1875941674418586,-1.8386474693880204,-1.8425517614576863,-2.5937370186122015,-1.2002430558366628,4.104610516750199,288.75
232,-1.187594171619111,-1.8386474592791195,-1.8425517528417252,-2.593737037371451,-1.2002430598587674,4.138127132729812,290.0
233,-1.1875941745500405,-1.8386474521863054,-1.842551746796418,-2.5937370505337007,-1.200243062680839,4.161643748709429,291.25
234,-1.18759671864031,-1.8386542123979241,-1.8425426498413267,-2.5937394052440434,-1.2002456020262573,4.1751683066882475,292.5
235,-1.1887222759834888,-1.8416488529447232,-1.838516843559728,-2.594778519015758,-1.2013690864502713,4.18075658344993,293.75
236,-1.1900584746978713,-1.8452039290532165,-1.8337376298776191,-2.596012093460864,-1.2027028259281525,4.176591835892849,295.0
237,-1.1901182709551097,-1.8453630285478204,-1.8335237539917428,-2.596067296164655,-1.2027625166480211,4.164504746429741,296.25
238,-1.190118269343044,-1.8453630356795498,-1.8335237575644543,-2.596067292814429,-1.2027625233486399,4.14260935979108,297.5
239,-1.1901182669947203,-1.8453630460684625,-1.8335237627688845,-2.596067287934096,-1.2027625331095468,4.110713973152417,298.75
240,-1.1901182639101386,-1.8453630597145587,-1.8335237696050337,-2.596067281523657,-1.2027625459307418,4.068818586513758,300.0
241,-1.1901182598996098,-1.8453630768024882,-1.8335237775105768,-2.5960672757053844,-1.2027625601430985,4.016923200764491,301.25
242,-1.1901182547848164,-1.8453630975058317,-1.833523785956897,-2.596067272474333,-1.202762574177545,3.955027816447794,302.5
243,-1.1901182499384233,-1.8453631210570594,-1.833523797574874,-2.5960672625366232,-1.2027625877504324,3.8831324347844993,303.75
244,-1.1901182506154049,-1.8453631450704744,-1.8335238210385134,-2.5960672162053218,-1.2027625877622403,3.8012370669920217,305.0
245,-1.1901182513607331,-1.845363172005836,-1.8335238474042017,-2.5960671640577773,-1.202762587653742,3.7093417047813606,306.25
246,-1.1901182524564582,-1.8453632017896633,-1.8335238767160373,-2.5960671060564176,-1.2027625876989967,3.6074463494775926,307.5
247,-1.1901182684425302,-1.8453632309099086,-1.8335239104738046,-2.596067043435951,-1.202762604153285,3.4955510056212282,308.75
248,-1.1901182858586337,-1.8453632626317233,-1.8335239472510694,-2.5960669752096837,-1.2027626220900498,3.373655669050624,310.0
249,-1.1901183146891932,-1.845363292634816,-1.8335239859090584,-2.596066907030071,-1.2027626514628442,3.2417603385957148,311.25
250,-1.190118352196846,-1.8453633221038372,-1.8335240267585786,-2.5960668373526654,-1.2027626895379848,3.0998650105371945,312.5
251,-1.1901184013880173,-1.8453633473727091,-1.8335240671438413,-2.596066772503892,-1.2027627392521563,2.947969686475563,313.75
252,-1.19011846037111,-1.8453633697548182,-1.833524107764419,-2.5960667104456685,-1.2027627987313094,2.786074368926649,315.0
253,-1.190118529971472,-1.8453633819736972,-1.833524141707933,-2.5960666653584585,-1.2027628686850487,2.620606243890539,316.25
254,-1.19011859782738,-1.8453633907467517,-1.833524171706042,-2.596066627626839,-1.2027629368341608,2.4647448804733334,317.5
255,-1.19011866639201,-1.8453633867089336,-1.8335241892996097,-2.5960666150858986,-1.2027630054842033,2.318883517056111,318.75
256,-1.1901187302559726,-1.8453633829479483,-1.833524205686983,-2.596066603404746,-1.2027630694277227,2.1830221536388765,320.0
257,-1.1901187890676768,-1.8453633691301614,-1.8335242105718033,-2.596066613179609,-1.2027631281434745,2.057160790221631,321.25
258,-1.190118843202884,-1.845363356299643,-1.833524214958309,-2.596066622398266,-1.2027631821885376,1.9412994268043788,322.5
259,-1.1901188902030562,-1.8453633400915224,-1.8335242137705412,-2.5960666404527175,-1.2027632290276111,1.8354380633871223,323.75
260,-1.1901189310938742,-1.8453633223738022,-1.833524209172495,-2.5960666633314675,-1.2027632697191697,1.7395766999698632,325.0
261,-1.1901189677190738,-1.8453633065043515,-1.8335242050540983,-2.596066683823569,-1.202763306165896,1.6537153365525956,326.25
262,-1.1901189976318198,-1.8453632905607211,-1.8335241987505413,-2.5960667064743665,-1.2027633358841348,1.577853973135324,327.5
263,-1.1901190207705743,-1.8453632744945616,-1.8335241901948027,-2.5960667313981762,-1.2027633588114217,1.5119926097180554,328.75
264,-1.1901190403960769,-1.8453632608677935,-1.8335241829381164,-2.596066752537703,-1.202763378257565,1.4561312463007898,330.0
265,-1.1901190565083286,-1.8453632496804175,-1.83352417698048,-2.5960667698929463,-1.2027633942225657,1.410269882883534,331.25
266,-1.1901190691073287,-1.845363240932432,-1.833524172321897,-2.5960667834639057,-1.2027634067064226,1.374408519466281,332.5
267,-1.1901190781930768,-1.8453632346238364,-1.8335241689623676,-2.5960667932505803,-1.2027634157091354,1.3485471560490239,333.75
268,-1.190119083765573,-1.845363230754631,-1.8335241669018916,-2.596066799252972,-1.2027634212307041,1.3326857926317657,335.0
269,-1.1908678270377941,-1.8473799497581849,-1.8307976957911567,-2.5967818033615098,-1.203510713276861,1.325266019231495,336.25
270,-1.1923484428875846,-1.8513679664976563,-1.8254061675274174,-2.598195701534636,-1.2049884600400311,1.3270890530636805,337.5
271,-1.1926090871132315,-1.8520700189619514,-1.824457043972059,-2.598444605326034,-1.2052486018462054,1.3373140021483796,338.75
272,-1.1926090810034016,-1.8520700244142438,-1.8244570440370578,-2.5984446082325126,-1.2052486010122356,1.3568298039151285,340.0
273,-1.1926090717628623,-1.8520700326603194,-1.824457044135362,-2.5984446126282847,-1.2052485997509352,1.386345605681878,341.25
274,-1.192609059391614,-1.8520700437001785,-1.8244570442669723,-2.5984446185133523,-1.2052485980623044,1.4258614074486213,342.5
275,-1.1926090439748116,-1.8520700574762528,-1.8244570446014234,-2.5984446252697224,-1.2052485966951187,1.4753772068773412,343.75
276,-1.1926090259894826,-1.8520700736660505,-1.8244570460884386,-2.598444629435467,-1.2052485998439468,1.5348929926993793,345.0
277,-1.1926090049822113,-1.8520700925761011,-1.8244570478253062,-2.5984446343011514,-1.2052486035218493,1.604408778521425,346.25
278,-1.1926089721199216,-1.8520701075991153,-1.8244570517891048,-2.5984446161712933,-1.2052485739185106,1.6839245490322714,347.5
279,-1.1926089343152861,-1.8520701239062838,-1.8244570564481062,-2.5984445935348313,-1.2052485374612378,1.7734403155626102,348.75
280,-1.1926088922615163,-1.852070142017286,-1.8244570616922051,-2.598444568091927,-1.2052484967096468,1.8729560724415246,350.0
281,-1.1926088423569172,-1.8520701557104444,-1.8244570596473761,-2.598444555344738,-1.2052484471325995,1.9824718201274805,351.25
282,-1.1926087868435205,-1.8520701688457548,-1.8244570551469934,-2.5984445458652425,-1.205248391650375,2.101987560269952,352.5
283,-1.192608726547711,-1.8520701789589777,-1.824457046138606,-2.598444543857584,-1.2052483313419406,2.231503293438644,353.75
284,-1.192608661361657,-1.8520701827815809,-1.8244570293504105,-2.5984445558605,-1.2052482660723025,2.371019022733317,355.0
285,-1.1926085933741593,-1.8520701823532302,-1.824457007472089,-2.5984445771502034,-1.205248197926007,2.5205347496464583,356.25
286,-1.192608524433409,-1.8520701732035199,-1.8244569766638916,-2.598444616050795,-1.2052481286820753,2.680050469795975,357.5
287,-1.192608459104981,-1.8520701561613568,-1.8244569391858678,-2.598444669546087,-1.2052480629287412,2.8463860274350563,358.75
288,-1.1926084018020748,-1.8520701344087103,-1.8244568995792092,-2.598444729987741,-1.2052480051412806,3.0046231641497743,360.0
289,-1.192608359502181,-1.8520701061325706,-1.8244568582516771,-2.5984447988805446,-1.2052479622829408,3.152860300864502,361.25
290,-1.1926083231817133,-1.8520700775947534,-1.8244568185520171,-2.598444866495973,-1.2052479254129955,3.2910974375792494,362.5
291,-1.1926083009997406,-1.8520700461376238,-1.8244567804250837,-2.598444935661696,-1.205247902664949,3.419334574294007,363.75
292,-1.1926082842027634,-1.8520700155510106,-1.8244567448587796,-2.598445001479292,-1.2052478853281483,3.5375717110087743,365.0
293,-1.1926082736196166,-1.8520699864166823,-1.8244567126903215,-2.5984450625437807,-1.2052478742428276,3.6458088477235413,366.25
294,-1.192608272649605,-1.8520699579299842,-1.8244566841961563,-2.5984451194320677,-1.205247872802613,3.744045984438317,367.5
295,-1.1926082717783348,-1.8520699323430803,-1.8244566586025348,-2.5984451705294394,-1.2052478715090045,3.832283121153101,368.75
296,-1.1926082730501042,-1.852069909536098,-1.824456636435935,-2.598445215459575,-1.2052478724088658,3.9105202578678893,370.0
297,-1.1926082814510068,-1.8520698892166756,-1.8244566189804374,-2.5984452533046145,-1.2052478804945508,3.9787573945826757,371.25
298,-1.1926082886207756,-1.852069871875019,-1.8244566040830044,-2.598445285603548,-1.2052478873952965,4.036994531297456,372.5
299,-1.1926082945594114,-1.8520698575111316,-1.8244565917436317,-2.5984453123563753,-1.2052478931111037,4.085231668012227,373.75
300,-1.1926082992669134,-1.8520698461250094,-1.824456581962324,-2.598445333563097,-1.2052478976419718,4.123468804726999,375.0
301,-1.192608302743282,-1.8520698377166527,-1.8244565747390813,-2.5984453492237125,-1.2052479009879005,4.151705941441773,376.25
302,-1.192608304988517,-1.8520698322860614,-1.8244565700739033,-2.5984453593382217,-1.2052479031488903,4.169943078156546,377.5
303,-1.1930136823540811,-1.8531752193915139,-1.8229538209447365,-2.598845546078375,-1.2056524547630154,4.179187141765603,378.75
304,-1.194506480176021,-1.8572458167093595,-1.8174199566865121,-2.6003192153319783,-1.2071422122685527,4.1797508768355165,380.0
305,-1.1950647961141558,-1.8587682507179792,-1.8153502550192953,-2.6008703762366965,-1.2076993940875678,4.171368920855889,381.25
306,-1.1950647948526358,-1.8587682562336287,-1.8153502577624014,-2.6008703737650083,-1.207699399183071,4.154264954189501,382.5
307,-1.1950647928535556,-1.858768264974056,-1.8153502621092907,-2.6008703698482227,-1.2076994072577092,4.127160987523112,383.75
308,-1.1950647901169158,-1.8587682769392613,-1.8153502680599636,-2.600870364486341,-1.207699418311483,4.090057020856728,385.0
309,-1.1950647866427158,-1.8587682921292443,-1.81535027561442,-2.6008703576793626,-1.2076994323443926,4.042953054190345,386.25
310,-1.1950647819634024,-1.8587683109927637,-1.8153502834049653,-2.6008703545569443,-1.2076994452006693,3.9858490922495533,387.5
311,-1.1950647764115467,-1.8587683332106173,-1.815350292404442,-2.600870351470357,-1.2076994598363149,3.9187451308072383,388.75
312,-1.1950647748939596,-1.8587683565168966,-1.815350310825433,-2.6008703203754835,-1.2076994649873742,3.841641180670374,390.0
313,-1.1950647756057629,-1.8587683817367184,-1.8153503356680916,-2.600870271499642,-1.2076994649847144,3.7545372358079,391.25
314,-1.1950647763688895,-1.8587684098289088,-1.8153503634452943,-2.6008702166610043,-1.207699464720619,3.6574333030098054,392.5
315,-1.1950647851008118,-1.8587684389045518,-1.8153503949247152,-2.600870156744981,-1.207699473190926,3.5503293768533846,393.75
316,-1.1950648016323873,-1.8587684690050834,-1.815350430087214,-2.600870091743988,-1.2076994902167644,3.4332254587372475,395.0
317,-1.1950648217126458,-1.858768500752506,-1.815350468009769,-2.600870022391698,-1.2076995108383288,3.3061215484181603,396.25
318,-1.1950648575201523,-1.8587685288855051,-1.815350507292369,-2.6008699555876573,-1.207699547193244,3.169017643460725,397.5
319,-1.1950648975602225,-1.8587685579464193,-1.8153505488361383,-2.6008698856611363,-1.2076995878056305,3.0219137392627,398.75
320,-1.1950649541116907,-1.8587685794193576,-1.815350588066979,-2.6008698258633722,-1.2076996448379806,2.8648098421088024,400.0
321,-1.1950650176461222,-1.858768597821085,-1.8153506264567936,-2.6008697700740955,-1.2076997088180998,2.6987474262534197,401.25
322,-1.195065086660233,-1.8587686069926272,-1.8153506574111566,-2.6008697310073474,-1.2076997781376169,2.538097917489768,402.5
323,-1.1950651541532729,-1.85876860888374,-1.8153506806513007,-2.6008697068926385,-1.2076998458124024,2.387448408726163,403.75
324,-1.1950652194741491,-1.858768605068739,-1.8153506975351714,-2.6008696947922356,-1.2076999112159195,2.2467988999626325,405.0
325,-1.1950652799680057,-1.8587685961634524,-1.815350707834316,-2.6008696942806564,-1.2076999716975623,2.1161493911991633,406.25
326,-1.1950653356630614,-1.8587685829956073,-1.8153507123799792,-2.600869703701605,-1.2077000272992873,1.9954998824357633,407.5
327,-1.195065386296902,-1.8587685701091425,-1.8153507156033095,-2.6008697140884287,-1.2077000778331592,1.8848503736724276,408.75
328,-1.1950654287138498,-1.858768551759084,-1.8153507107981706,-2.6008697378293117,-1.2077001200415567,1.7842008649091423,410.0
329,-1.1950654669164766,-1.8587685352321925,-1.815350706470441,-2.6008697592114274,-1.207700158056354,1.693551356145902,411.25
330,-1.195065500904781,-1.8587685205284663,-1.8153507026201228,-2.600869778234776,-1.2077001918775496,1.6129018473826968,412.5
331,-1.1950655256188185,-1.858768503672407,-1.8153506936962762,-2.6008698043391516,-1.207700216368241,1.5422523386195217,413.75
332,-1.1950655466699902,-1.8587684890727803,-1.8153506858548116,-2.6008698270559645,-1.2077002372251746,1.4816028298563726,415.0
333,-1.195065564250208,-1.858768476880368,-1.815350679306259,-2.600869846027191,-1.2077002546431808,1.4309533210932353,416.25
334,-1.1950655783594704,-1.8587684670951687,-1.8153506740506207,-2.6008698612528276,-1.2077002686222584,1.3903038123301168,417.5
335,-1.1950655889977777,-1.8587684597171816,-1.815350670087898,-2.6008698727328756,-1.207700279162407,1.3596543035669975,418.75
336,-1.1950655961651298,-1.858768454746407,-1.8153506674180908,-2.600869880467334,-1.2077002862636266,1.3390047948038561,420.0
337,-1.1952098260202932,-1.8591666080755176,-1.8148064037738816,-2.601016989233483,-1.207844207750022,1.3279025506772637,421.25
338,-1.1965892025549574,-1.8629745658611392,-1.809601087114275,-2.6024238968992646,-1.2092206354332642,1.3249061888033327,422.5
339,-1.1974893326787672,-1.8654595080406942,-1.8062042800090314,-2.6033419957766166,-1.2101188429194614,1.331414135707197,423.75
340,-1.1974893281289711,-1.8654595120942112,-1.8062042800358424,-2.603341998018003,-1.2101188422098739,1.3460721269526772,425.0
341,-1.1974893204752057,-1.8654595189131253,-1.8062042800809446,-2.6033420017885116,-1.2101188410161905,1.3707301181981617,426.25
342,-1.1974893097174704,-1.8654595284974373,-1.8062042801443379,-2.603342007088144,-1.210118839338411,1.4053881094436291,427.5
343,-1.197489295855766,-1.8654595408471466,-1.8062042802260223,-2.603342013916898,-1.2101188371765357,1.4500461006891077,428.75
344,-1.1974892792909362,-1.8654595556950064,-1.8062042811134091,-2.6033420194245407,-1.2101188380914762,1.5047040806816818,430.0
345,-1.1974892599177769,-1.865459573111158,-1.8062042825998383,-2.6033420243591334,-1.2101188411486503,1.5693620549155791,431.25
346,-1.1974892335831844,-1.8654595901992368,-1.806204285279782,-2.6033420190874175,-1.210118829541475,1.6440200218799041,432.5
347,-1.1974891982648919,-1.8654596054181802,-1.8062042896446937,-2.6033419980148866,-1.210118795549903,1.7286779795091933,433.75
348,-1.197489158751937,-1.8654596224182167,-1.806204294584906,-2.60334197419875,-1.210118757346215,1.8233359279953754,435.0
349,-1.1974891137264845,-1.8654596389219287,-1.8062042971850663,-2.6033419533739357,-1.2101187132880282,1.927993869653426,436.25
350,-1.1974890611069418,-1.8654596513424704,-1.8062042928901756,-2.603341944438828,-1.2101186607042131,2.0426518027618545,437.5
351,-1.1974890038967645,-1.8654596648476673,-1.8062042882164677,-2.603341934740294,-1.2101186035219345,2.1673097265278285,438.75
352,-1.1974889417704422,-1.8654596696208214,-1.8062042732547217,-2.603341944007232,-1.210118541326186,2.3019676447077493,440.0
353,-1.1974888749892234,-1.8654596735072217,-1.806204255928166,-2.603341956459551,-1.210118474458289,2.44662556214928,441.25
354,-1.1974888082372224,-1.8654596664334693,-1.8062042276790373,-2.603341990762719,-1.2101184074390592,2.601283473774028,442.5
355,-1.1974887388624735,-1.8654596560397003,-1.8062041952856314,-2.603342032481389,-1.2101183377362867,2.7658800490433193,443.75
356,-1.1974886805057863,-1.865459633878157,-1.8062041546517857,-2.603342094341649,-1.2101182788806848,2.92897168265851,445.0
357,-1.197488630025713,-1.8654596100961918,-1.8062041149022363,-2.6033421570517854,-1.2101182278924367,3.0820633162736515,446.25
358,-1.1974885928772552,-1.8654595809129275,-1.8062040739973972,-2.6033422265038517,-1.210118190175972,3.2251549498887515,447.5
359,-1.1974885624212066,-1.8654595519984567,-1.8062040354854147,-2.6033422933953636,-1.210118159171381,3.358246583503763,448.75
360,-1.1974885451417978,-1.8654595205498428,-1.8062039986289784,-2.6033423613562388,-1.2101181413308697,3.4813382171187017,450.0
361,-1.1974885292661732,-1.8654594916561302,-1.8062039647667634,-2.603342423795951,-1.2101181249397266,3.594429850733584,451.25
362,-1.1974885262916515,-1.8654594626022045,-1.8062039348406498,-2.603342482652826,-1.2101181214759429,3.6975214843484068,452.5
363,-1.1974885253820442,-1.865459435947048,-1.8062039079629222,-2.6033425361000004,-1.2101181201215465,3.790613117963181,453.75
364,-1.1974885245701479,-1.8654594121552193,-1.8062038839724246,-2.603342583805823,-1.2101181189126407,3.873704751577903,455.0
365,-1.1974885306498864,-1.8654593908313801,-1.8062038646317835,-2.6033426245038314,-1.2101181246518116,3.9467963851926036,456.25
366,-1.1974885383235843,-1.8654593722837989,-1.8062038485665641,-2.6033426591815707,-1.2101181320346293,4.009888018807285,457.5
367,-1.1974885447810042,-1.865459356676004,-1.8062038350476741,-2.603342688362902,-1.2101181382472732,4.0629796524219435,458.75
368,-1.1974885500221462,-1.8654593440079952,-1.806203824075114,-2.6033427120478243,-1.2101181432897434,4.106071286036588,460.0
369,-1.1974885540470097,-1.86545933427977,-1.8062038156488858,-2.6033427302363386,-1.21011814716204,4.139162919651225,461.25
370,-1.197488556855595,-1.8654593274913287,-1.8062038097689892,-2.6033427429284437,-1.2101181498641627,4.162254553265889,462.5
371,-1.1974976703141336,-1.8654847905507383,-1.8061688050423483,-2.6033523472762545,-1.210127242841761,4.175378805830833,463.75
372,-1.198612113267799,-1.868599565068184,-1.8018878978851136,-2.6045261445276306,-1.21123918821433,4.180667179951434,465.0
373,-1.1998393489635502,-1.8720295918868752,-1.7971737184226009,-2.6058187390477423,-1.212463675206892,4.1761740432367995,466.25
374,-1.1998800787323702,-1.8721434347733332,-1.7970172616616722,-2.6058616372440113,-1.2125043181788533,4.163850109714954,467.5
375,-1.199880077094058,-1.8721434418547864,-1.79701726516082,-2.605861634214911,-1.2125043246112184,4.141669028942224,468.75
376,-1.1998800747171379,-1.872143452128804,-1.7970172702375051,-2.605861629820186,-1.2125043339435164,4.109487948169516,470.0
377,-1.1998800716016096,-1.8721434655953861,-1.797017276891727,-2.6058616240598385,-1.2125043461757474,4.067306867396803,471.25
378,-1.1998800675442292,-1.8721434824471987,-1.7970172845360914,-2.6058616191229222,-1.2125043594832372,4.015125788737006,472.5
379,-1.1998800623956583,-1.872143502825808,-1.7970172927389974,-2.6058616166178954,-1.2125043725252644,3.9529447130827564,473.75
380,-1.1998800577186317,-1.8721435258832009,-1.79701730443577,-2.6058616063269247,-1.2125043846628303,3.8807636405837083,475.0
381,-1.199880058382758,-1.8721435493766285,-1.7970173277752859,-2.605861560584288,-1.2125043846473287,3.7985825815330445,476.25
382,-1.1998800591135501,-1.8721435757174993,-1.797017353995106,-2.605861509105149,-1.2125043845071632,3.706401528527965,477.5
383,-1.1998800605983848,-1.8721436047366187,-1.7970173831780745,-2.6058614519018706,-1.2125043849826878,3.6042204825263426,478.75
384,-1.1998800762480129,-1.8721436332132813,-1.7970174167122743,-2.605861390140226,-1.2125044011025738,3.4920394476385415,480.0
385,-1.1998800932940676,-1.8721436642275249,-1.7970174532383347,-2.6058613228638148,-1.2125044186718545,3.3698584203670223,481.25
386,-1.1998801219538544,-1.8721436933722735,-1.797017491572901,-2.605861255862894,-1.2125044478733478,3.2376773991835908,482.5
387,-1.1998801586476717,-1.8721437221917596,-1.7970175321291264,-2.6058611871141375,-1.2125044851342643,3.095496380262193,483.75
388,-1.1998802071905106,-1.8721437466183917,-1.7970175720587667,-2.6058611235518128,-1.21250453419578,2.943315365516389,485.0
389,-1.1998802648729017,-1.8721437685244664,-1.797017612374461,-2.605861062254869,-1.2125045923740627,2.7811460146941895,486.25
390,-1.199880331468074,-1.8721437798903122,-1.7970176449709854,-2.6058610193226817,-1.2125046593091333,2.619647868046803,487.5
391,-1.1998803957779665,-1.8721437884533416,-1.7970176740320534,-2.605860982686909,-1.2125047239069564,2.4681497213994428,488.75
392,-1.1998804606745708,-1.8721437847775861,-1.7970176910205164,-2.605860970338459,-1.2125047888884033,2.326651574752083,490.0
393,-1.1998805210195367,-1.872143781277651,-1.7970177067353217,-2.6058609590199966,-1.2125048493108919,2.195153428104758,491.25
394,-1.1998805764771387,-1.8721437693133893,-1.797017712414801,-2.6058609661050904,-1.212504904693632,2.0736552814574574,492.5
395,-1.1998806273354954,-1.8721437573164341,-1.7970177165966015,-2.605860974651431,-1.212504955466216,1.9621571348101914,493.75
396,-1.1998806722341548,-1.8721437438514383,-1.7970177174096353,-2.6058609879411776,-1.212505000241154,1.8606589881629267,495.0
397,-1.199880710335401,-1.8721437273943264,-1.797017713060431,-2.605861009275208,-1.2125050381533862,1.7691608415156783,496.25
398,-1.1998807442724937,-1.8721437127358458,-1.7970177091865547,-2.6058610282776047,-1.2125050719221226,1.6876626948684248,497.5
399,-1.1998807740454318,-1.8721436998759937,-1.7970177057880103,-2.605861044948366,-1.2125051015473622,1.6161645482211753,498.75
400,-1.1998807955702795,-1.872143685607203,-1.7970176983510247,-2.6058610669389157,-1.2125051228823942,1.554666401573927,500.0
401,-1.1998808132320324,-1.8721436733734955,-1.7970176917221197,-2.6058610860337805,-1.2125051403796165,1.5031682549266554,501.25
402,-1.1998808274641954,-1.872143663515351,-1.7970176863804268,-2.6058611014207713,-1.2125051544791976,1.4616701082793728,502.5
403,-1.1998808382667687,-1.8721436560327702,-1.7970176823259445,-2.6058611130998885,-1.212505165181138,1.4301719616320998,503.75
404,-1.1998808456397518,-1.8721436509257519,-1.797017679558675,-2.6058611210711318,-1.212505172485437,1.4086738149848295,505.0
405,-1.1998808495831448,-1.8721436481942957,-1.7970176780786187,-2.6058611253345,-1.2125051763920949,1.3971756683375551,506.25
406,-1.1994175567084897,-1.8708647841503516,-1.7988361460581828,-2.605318385724704,-1.2120433222640714,1.3947998437140312,507.5
407,-1.1992428343800727,-1.870382493070927,-1.7995219385226873,-2.6051137017618884,-1.2118691425481531,1.401345460099627,508.75
408,-1.1991072722034715,-1.8700083101673957,-1.8000540120974273,-2.6049548935370868,-1.2117340013933244,1.4176379116928155,510.0
409,-1.1988885045155167,-1.8694044608435645,-1.8009126624133631,-2.604698611814271,-1.2115159131423778,1.443930363286002,511.25
410,-1.1985865313162085,-1.8685709450994332,-1.8020978894704953,-2.6043448565934413,-1.2112148777953138,1.4802228148791936,512.5
411,-1.198198039531361,-1.8675072726402506,-1.803605488537851,-2.603898290460866,-1.2108275632074257,1.5265153567761531,513.75
412,-1.1977241433693244,-1.8662136088483725,-1.8054368727133854,-2.6033573458452626,-1.2103550899989308,1.5828079359280092,515.0
413,-1.1971660627252163,-1.8646901343405229,-1.807593590032849,-2.602720306038471,-1.2097986850865392,1.6491005150798717,516.25
414,-1.1965194878204626,-1.8629361326574192,-1.8100703483308722,-2.6019931357215818,-1.2091540165788344,1.7253932231831093,517.5
415,-1.1957872898359023,-1.8609520815004235,-1.8128706724709172,-2.601171861604514,-1.2084239703870105,1.8116859560259928,518.75
416,-1.194964906934839,-1.8587371688738887,-1.8159890760844224,-2.600262736184786,-1.2076039599123503,1.907978836846278,520.0
417,-1.1940546603872133,-1.8562917918907746,-1.8194283862681713,-2.5992625586231397,-1.2066963190204123,2.014271784545316,521.25
418,-1.1930521666046678,-1.853615120139114,-1.8231834424710494,-2.5981772756448236,-1.205696640964244,2.1305649091253094,522.5
419,-1.1919571234409907,-1.8507070327383084,-1.8272540302687783,-2.5970072192280043,-1.2046046224408649,2.2568582011177147,523.75
420,-1.1907686234454884,-1.8475673093748228,-1.8316391891015533,-2.5957535608676516,-1.2034193515299776,2.3931516651373697,525.0
421,-1.1894845158197989,-1.8441954553869615,-1.8363365811336343,-2.5944191109524715,-1.2021386666546081,2.5394453354336672,526.25
422,-1.1881025993554295,-1.8405909245415717,-1.8413439031437293,-2.5930066961231986,-1.2007603558453344,2.6957392423381616,527.5
423,-1.186658544665736,-1.8368507178918805,-1.8465240829738958,-2.591556629885011,-1.1993199842420175,2.8578070243594933,528.75
424,-1.1852825879584687,-1.8333106573291402,-1.8514129233945538,-2.5901981993988437,-1.1979474609966103,3.0110992962402308,530.0
425,-1.1839863462996967,-1.8299990762780685,-1.8559722503044331,-2.5889413284556735,-1.196654379469267,3.1543917895268794,531.25
426,-1.1827720710452563,-1.8269164497640404,-1.8602046072311877,-2.5877830214233466,-1.1954430025907161,3.2876844580095224,532.5
427,-1.1816423820613746,-1.824063395856331,-1.8641128071017254,-2.586719874309419,-1.1943159632514417,3.4109772542187926,533.75
428,-1.1805994947294598,-1.8214404729974896,-1.867699147627048,-2.5857490539863908,-1.1932754876004679,3.524270144205927,535.0
429,-1.1796418955741064,-1.819047238268399,-1.8709621982956974,-2.5848724178146183,-1.1923200552286382,3.6275631589040676,536.25
430,-1.178773631440876,-1.8168847578856617,-1.8739060521421202,-2.5840848488509605,-1.191453732335019,3.720856229823113,537.5
431,-1.177995057345454,-1.814953130557799,-1.8765310564011306,-2.583385904894943,-1.1906768755965587,3.8041493605356544,538.75
432,-1.1773074312596505,-1.8132526863874272,-1.8788384865872017,-2.582773993469072,-1.1899907490109523,3.8774425304899673,540.0
433,-1.1767108906296642,-1.8117834645889779,-1.880828474819453,-2.582248944695669,-1.1893954906602033,3.9407357463596524,541.25
434,-1.176208600326792,-1.8105463722183446,-1.882504055226963,-2.58180685090665,-1.1888942800430968,3.994028962229359,542.5
435,-1.1757986427222726,-1.8095408445883892,-1.8838634239772774,-2.58145006021972,-1.18848519077327,4.0373222065929895,543.75
436,-1.1754822360683967,-1.8087672402498371,-1.8849077274034944,-2.5811770807124947,-1.188169446667227,4.070615470640542,545.0
437,-1.1752608656517083,-1.80822599652857,-1.8856383627481665,-2.58098609361876,-1.1879485397948035,4.093908734688093,546.25
438,-1.1751345314722068,-1.807917113424588,-1.8860553300112937,-2.5808770989385166,-1.1878224701559992,4.107201998735653,547.5
439,-1.174703459791411,-1.8068652557061091,-1.8874739937777998,-2.5805071814638634,-1.1873922960017467,4.1110112197534265,548.75
440,-1.1744319904619902,-1.8062032238732968,-1.8883666621442674,-2.5802745846639845,-1.1871213909647895,4.105882237850512,550.0
441,-1.1744316471996787,-1.8062031270585068,-1.8883663474155075,-2.5802749921105823,-1.1871210466077442,4.091221721625718,551.25
442,-1.174431069796696,-1.80620296420594,-1.8883658180089324,-2.580275677478226,-1.1871204673633051,4.066561205400923,552.5
443,-1.1744302582350918,-1.80620273533704,-1.8883650738631546,-2.5802766409967006,-1.1871196530725165,4.031900694093991,553.75
444,-1.1744292124221718,-1.8062024405623653,-1.8883641146614707,-2.580277883851238,-1.1871186029154694,3.987240207889048,555.0
445,-1.174427932439629,-1.8062020797842273,-1.8883629406834224,-2.5802794049952977,-1.1871173176160996,3.932579721684129,556.25
446,-1.1744270606759943,-1.8062018423506325,-1.888362148895814,-2.580280425103366,-1.1871164422471838,3.867919243218398,557.5
447,-1.174427061401169,-1.8062018651080152,-1.888362170741153,-2.5802803809378334,-1.187116443018593,3.7932587759810525,558.75
448,-1.1744270622178705,-1.8062018909102582,-1.8883621955244783,-2.5802803308036655,-1.1871164438471342,3.708598311810319,560.0
449,-1.1744270631252354,-1.8062019197568597,-1.8883622232476434,-2.5802802746926714,-1.1871164447256848,3.6139378506471718,561.25
450,-1.1744270780580288,-1.8062019482825686,-1.8883622551438304,-2.5802802145728982,-1.1871164601038986,3.5092774006764476,562.5
451,-1.1744270950555582,-1.8062019793794026,-1.8883622901452974,-2.580280148793915,-1.1871164776139753,3.3946169563496666,563.75
452,-1.174427120363433,-1.806202010208806,-1.8883623274543657,-2.5802800811057853,-1.1871165034546047,3.2699565193413216,565.0
453,-1.1744271572945513,-1.8062020393252178,-1.8883623667088352,-2.580280013368448,-1.1871165409244058,3.13529608921817,566.25
454,-1.1744272019395037,-1.806202067129831,-1.8883624070906806,-2.580279945927035,-1.1871165861036643,2.9906356617250456,567.5
455,-1.1744272604054724,-1.80620208935481,-1.8883624464038318,-2.580279885324311,-1.1871166450448556,2.835975237479307,568.75
456,-1.1744273282646158,-1.8062021060998128,-1.8883624833763286,-2.580279832666493,-1.1871167133129532,2.6721082543504573,570.0
457,-1.1744274000139403,-1.8062021155682875,-1.8883625145903773,-2.580279793080728,-1.1871167853648932,2.5130814332868607,571.25
458,-1.1744274710315095,-1.8062021152504353,-1.8883625362180663,-2.58027977282865,-1.1871168565293209,2.364054612223308,572.5
459,-1.1744275388453405,-1.8062021111567672,-1.888362553244887,-2.5802797608946575,-1.1871169244236681,2.2250277911597687,573.75
460,-1.1744276015311308,-1.8062020999325232,-1.888362561867844,-2.580279764398193,-1.1871169870666594,2.0960009700962736,575.0
461,-1.1744276592419993,-1.806202086120058,-1.8883625664788661,-2.5802797744202923,-1.1871170446833106,1.9769741490327966,576.25
462,-1.1744277109145713,-1.806202071291575,-1.8883625682533374,-2.58027978820203,-1.1871170962327438,1.8679473279693284,577.5
463,-1.1744277547494355,-1.8062020521552848,-1.8883625634870596,-2.580279812703119,-1.1871171398598346,1.768920506905877,578.75
464,-1.1744277941577368,-1.806202034951434,-1.888362559202088,-2.580279834730022,-1.1871171790813437,1.6798936858424438,580.0
465,-1.17442782838434,-1.8062020190846746,-1.8883625545957958,-2.5802798556677486,-1.1871172131311412,1.6008668647790192,581.25
466,-1.174427853551202,-1.806202001497574,-1.888362545546211,-2.580279882629117,-1.1871172380747197,1.5318400437155906,582.5
467,-1.1744278750721102,-1.8062019864583383,-1.8883625378076505,-2.5802799056845585,-1.1871172594046917,1.4728132226521575,583.75
468,-1.174427892947065,-1.80620197396697,-1.8883625313801107,-2.580279924834074,-1.1871172771210574,1.4237864015886905,585.0
469,-1.174427907176066,-1.8062019640234666,-1.8883625262635961,-2.5802799400776637,-1.1871172912238166,1.384759580525213,586.25
470,-1.1744279177591121,-1.806201956627827,-1.8883625224581064,-2.580279951415327,-1.1871173017129686,1.3557327594617596,587.5
471,-1.1744279246962042,-1.8062019517800514,-1.8883625199636422,-2.580279958847063,-1.1871173085885138,1.3367059383982944,588.75
472,-1.1747849025493031,-1.8070942433729924,-1.887195786587586,-2.5805570028935985,-1.1874737873264318,1.3268678034847643,590.0
473,-1.1764225165048523,-1.8111876273444099,-1.8818434224031244,-2.581827921052297,-1.1891091119505846,1.3256384669125554,591.25
474,-1.1771336891403066,-1.8129652855509069,-1.8795190226930332,-2.5823798501905384,-1.1898192926360327,1.3335559077465766,592.5
475,-1.1771336838130606,-1.8129652903380418,-1.8795190228185843,-2.5823798524241117,-1.1898192922010813,1.350127499079672,593.75
476,-1.1771336752711283,-1.8129652980139368,-1.8795190230198981,-2.5823798560055184,-1.1898192915036616,1.3766990904127787,595.0
477,-1.1771336635145104,-1.8129653085785917,-1.8795190232969752,-2.5823798609347577,-1.1898192905437739,1.4132706817458822,596.25
478,-1.1771336485432067,-1.8129653220320063,-1.8795190236498147,-2.58237986721183,-1.189819289321418,1.4598422730789968,597.5
479,-1.1771336309006923,-1.8129653379919985,-1.8795190252035323,-2.5823798706501058,-1.1898192924688684,1.5164138602500623,598.75
480,-1.1771336102429613,-1.81296535670048,-1.879519027245959,-2.5823798738996153,-1.1898192970540133,1.5829854467110085,600.0
481,-1.1771335802138072,-1.8129653737778195,-1.879519030652212,-2.5823798624010514,-1.1898192782212034,1.6595570229273748,601.25
482,-1.1771335422845357,-1.81296539026651,-1.879519035174187,-2.582379839730659,-1.1898192416287703,1.7461285930582116,602.5
483,-1.177133499940536,-1.8129654086403195,-1.8795190402905704,-2.582379814124093,-1.189819200531977,1.8427001521093955,603.75
484,-1.1771334509017524,-1.8129654249212488,-1.879519041077129,-2.5823797954850978,-1.189819152187648,1.9492717045181913,605.0
485,-1.1771333947252751,-1.8129654383403606,-1.8795190365878707,-2.5823797857050907,-1.1898190960427066,2.0658432488051863,606.25
486,-1.1771333336983993,-1.8129654519912244,-1.8795190308155956,-2.582379776915772,-1.1898190350330256,2.1924147851966813,607.5
487,-1.177133267496778,-1.8129654559627595,-1.879519014136974,-2.582379788649874,-1.1898189687503598,2.3289863160118127,608.75
488,-1.1771331967476062,-1.8129654594963245,-1.8795189956304619,-2.5823798025812015,-1.1898188979040079,2.4755578462870016,610.0
489,-1.1771331265456315,-1.8129654502046864,-1.879518964987121,-2.5823798414428802,-1.1898188274042931,2.6321293693992813,611.25
490,-1.1771330554600334,-1.8129654365947467,-1.8795189299263328,-2.5823798890147884,-1.1898187559506521,2.7979772462107624,612.5
491,-1.177132994903973,-1.8129654135509674,-1.8795188890713481,-2.5823799519448323,-1.1898186948996536,2.9591686475656656,613.75
492,-1.1771329455138133,-1.8129653867616216,-1.8795188480777298,-2.582380018914915,-1.1898186449792134,3.1103600489205365,615.0
493,-1.1771329070320224,-1.8129653564065902,-1.8795188070383961,-2.5823800896489093,-1.1898186059340952,3.2515514502753673,616.25
494,-1.1771328786163178,-1.8129653249995308,-1.8795187681048526,-2.5823801594762523,-1.1898185769600125,3.382742851630181,617.5
495,-1.1771328607596645,-1.81296529232541,-1.8795187312233193,-2.5823802286724966,-1.1898185585475827,3.5039342529849558,618.75
496,-1.1771328451183793,-1.812965262170069,-1.8795186974445073,-2.5823802922874557,-1.1898185423951657,3.6151256543397206,620.0
497,-1.1771328440864546,-1.8129652315717109,-1.8795186677620221,-2.582380352465703,-1.189818540876458,3.7163170556944687,621.25
498,-1.1771328431565076,-1.8129652039971667,-1.8795186410128348,-2.5823804066969775,-1.1898185395078338,3.807508457049204,622.5
499,-1.1771328423285377,-1.8129651794464343,-1.8795186171969471,-2.58238045498128,-1.1898185382892916,3.8886998584039336,623.75
500,-1.1771328505120944,-1.8129651573850687,-1.8795185985589142,-2.582380495739838,-1.1898185461410455,3.959891259758656,625.0
501,-1.1771328583307175,-1.8129651383755199,-1.879518582736556,-2.5823805306341607,-1.1898185536754124,4.021082661113388,626.25
502,-1.1771328648716086,-1.8129651224725456,-1.8795185694999115,-2.582380559825996,-1.1898185599785007,4.072274062468143,627.5
503,-1.1771328701347674,-1.8129651096761434,-1.8795185588489822,-2.5823805833153424,-1.1898185650503104,4.113465463822912,628.75
504,-1.1771328741201939,-1.8129650999863125,-1.87951855078377,-2.5823806011022015,-1.1898185688908414,4.144656865177672,630.0
505,-1.1771328768278877,-1.8129650934030528,-1.8795185453042742,-2.5823806131865727,-1.1898185715000935,4.1658482665324295,631.25
506,-1.1772489280250442,-1.8132587329032321,-1.879132272464302,-2.5824740866081894,-1.1899344503886131,4.17736992470413,632.5
507,-1.1787368346868539,-1.8170236124998351,-1.8741797968600185,-2.583672453435448,-1.191420148551455,4.180776866696685,633.75
508,-1.1798007708676885,-1.8197157160039708,-1.8706384999200345,-2.5845293506339826,-1.1924825079564356,4.174561057872744,635.0
509,-1.1798007698118071,-1.8197157207946875,-1.8706385023302912,-2.5845293481850633,-1.1924825125683216,4.160194588195426,636.25
510,-1.1798007680209632,-1.8197157289200558,-1.8706385064182431,-2.5845293440315364,-1.192482520390381,4.135828118518111,637.5
511,-1.1798007654951572,-1.8197157403800759,-1.8706385121838907,-2.5845293381734025,-1.1924825314226137,4.101461648840792,638.75
512,-1.1798007622343885,-1.8197157551747472,-1.8706385196272342,-2.584529330610661,-1.1924825456650199,4.057095179163463,640.0
513,-1.1798007579180338,-1.8197157736231309,-1.8706385277754918,-2.5845293250617543,-1.1924825603532219,4.002728716669269,641.25
514,-1.1798007526037322,-1.8197157956678696,-1.870638536803543,-2.5845293208582127,-1.192482575984177,3.9383622583348217,642.5
515,-1.1798007493124354,-1.8197158198695276,-1.8706385518611959,-2.584529300038702,-1.1924825864598374,3.863995806638942,643.75
516,-1.1798007500264283,-1.819715845345768,-1.8706385761682478,-2.584529251495098,-1.1924825865029063,3.779629364623633,645.0
517,-1.1798007508010349,-1.819715873826314,-1.8706386034127864,-2.584529196951399,-1.1924825863510877,3.685262931035333,646.25
518,-1.1798007556284986,-1.8197159043450175,-1.8706386339920638,-2.584529136801964,-1.1924825904999778,3.580896504152904,647.5
519,-1.1798007723695727,-1.8197159349893677,-1.8706386687164145,-2.584529071706493,-1.192482607718652,3.4665300858662227,648.75
520,-1.1798007905763144,-1.8197159683119781,-1.8706387064806052,-2.5845290009058552,-1.1924826264588049,3.3421636770759973,650.0
521,-1.1798008247225498,-1.8197159980129851,-1.8706387456764026,-2.5845289325893703,-1.1924826611485146,3.207797273516953,651.25
522,-1.1798008638271806,-1.8197160288723762,-1.8706387875211319,-2.584528860554596,-1.1924827008318786,3.063430870923357,652.5
523,-1.1798009189046268,-1.819716052608997,-1.8706388274616779,-2.584528797766178,-1.1924827564065092,2.9090644740264424,653.75
524,-1.179800980852955,-1.8197160753012926,-1.8706388685278683,-2.584528734996238,-1.192482818849628,2.7447215854627816,655.0
525,-1.1798010536617016,-1.8197160849640144,-1.870638900416991,-2.5845286945579478,-1.1924828919691348,2.581324773437718,656.25
526,-1.1798011234370787,-1.8197160905768879,-1.8706389274656168,-2.5845286629532866,-1.1924829619842694,2.427927961412676,657.5
527,-1.17980119251634,-1.8197160864576873,-1.8706389449274368,-2.5845286506295793,-1.1924830311468768,2.28453114938765,658.75
528,-1.1798012566900329,-1.819716080012122,-1.8706389586275314,-2.5845286443141937,-1.19248309535631,2.1511343373626612,660.0
529,-1.179801315778328,-1.8197160659126654,-1.870638963380336,-2.584528654502463,-1.192483154347549,2.0277375253376926,661.25
530,-1.179801370078148,-1.8197160529558263,-1.8706389677479685,-2.584528663865083,-1.192483208558178,1.9143407133127537,662.5
531,-1.1798014160405126,-1.8197160346467436,-1.8706389643757633,-2.5845286861802537,-1.1924832543281818,1.8109439012878328,663.75
532,-1.1798014568705244,-1.8197160168509598,-1.8706389599057667,-2.5845287090048013,-1.1924832949629394,1.7175470892629134,665.0
533,-1.1798014933288667,-1.8197160009605744,-1.870638955914369,-2.5845287293855246,-1.1924833312469336,1.634150277238004,666.25
534,-1.1798015215809308,-1.8197159839494812,-1.8706389482983063,-2.5845287543860227,-1.1924833592891204,1.5607534652131037,667.5
535,-1.179801544408188,-1.8197159680126949,-1.8706389400339258,-2.5845287788826425,-1.1924833819119067,1.4973566531881928,668.75
536,-1.1798015636347505,-1.8197159545897248,-1.870638933073139,-2.5845287995152484,-1.1924834009662513,1.443959841163263,670.0
537,-1.179801579260619,-1.8197159436805712,-1.8706389274159463,-2.5845288162838407,-1.1924834164521543,1.4005630291383222,671.25
538,-1.1798015912857922,-1.8197159352852321,-1.8706389230623501,-2.5845288291884176,-1.1924834283696144,1.3671662171133836,672.5
539,-1.1798015997102707,-1.8197159294037075,-1.8706389200123499,-2.5845288382289797,-1.192483436718632,1.3437694050884477,673.75
540,-1.17980665125525,-1.8197288529785876,-1.8706218125799272,-2.5845330584293187,-1.192488480284415,1.3303569465788414,675.0
541,-1.1810112239976893,-1.8228143082410841,-1.8665389570323674,-2.5855391182680783,-1.1936911588268817,1.32489803376695,676.25
542,-1.1823826052866386,-1.8263270476485147,-1.8618906985544688,-2.5866844979420818,-1.1950603848687946,1.3292232205767711,677.5
543,-1.1824325066756105,-1.8264548814591735,-1.8617215461699232,-2.5867261805833843,-1.1951102112932626,1.341500016742689,678.75
544,-1.1824324996242743,-1.8264548877839966,-1.8617215462955337,-2.586726183690015,-1.1951102105693674,1.3636235150483045,680.0
545,-1.1824324893856777,-1.8264548969676904,-1.8617215464779207,-2.5867261882008674,-1.1951102095182655,1.3957470133539027,681.25
546,-1.18243247595982,-1.826454909010256,-1.861721546717085,-2.5867261941159425,-1.1951102081399572,1.4378705116595194,682.5
547,-1.182432459594159,-1.826454923740894,-1.8617215475166855,-2.5867261995735342,-1.1951102085657523,1.4899940072081674,683.75
548,-1.1824324404822457,-1.826454941026015,-1.861721549270663,-2.586726203117498,-1.1951102124626691,1.5521174987175725,685.0
549,-1.1824324165709938,-1.8264549598479534,-1.8617215516327634,-2.5867262028857017,-1.1951102103755675,1.624240987216079,686.25
550,-1.182432381035569,-1.8264549752727217,-1.8617215558935065,-2.5867261816616383,-1.1951101761154233,1.7063644622731122,687.5
551,-1.1824323411567619,-1.8264549925656488,-1.8617215607101074,-2.586726157691351,-1.1951101375468194,1.7984879315207765,688.75
552,-1.1824322967353442,-1.826455011386581,-1.861721565678458,-2.5867261317500443,-1.195110094382297,1.9006113939249565,690.0
553,-1.182432243369008,-1.8264550240968365,-1.8617215613860332,-2.58672612251912,-1.1951100410492799,2.012734845151084,691.25
554,-1.1824321852419637,-1.826455037941841,-1.8617215567072487,-2.5867261124783836,-1.195109982950015,2.134858288896707,692.5
555,-1.1824321221163656,-1.8264550456705202,-1.8617215445523274,-2.586726115969515,-1.1951099197833404,2.2669817266360957,693.75
556,-1.182432054072276,-1.8264550497054421,-1.8617215272920946,-2.586726128193762,-1.1951098516549274,2.409105162103731,695.0
557,-1.1824319846154272,-1.8264550458205462,-1.861721501940782,-2.5867261563837785,-1.1951097819850776,2.5612285933942913,696.25
558,-1.1824319128189855,-1.8264550362687233,-1.8617214703868727,-2.5867261963910995,-1.1951097098805004,2.723352018181853,697.5
559,-1.182431849354097,-1.826455015319059,-1.8617214304105036,-2.586726256310999,-1.195109645943033,2.88867958439076,698.75
560,-1.1824317922000622,-1.8264549928886828,-1.8617213909656958,-2.586726317270075,-1.1951095883063643,3.04431561004602,700.0
561,-1.1824317529942585,-1.8264549619379078,-1.8617213488689495,-2.5867263896454435,-1.1951095485204541,3.189951635701265,701.25
562,-1.182431716668823,-1.8264549330303392,-1.8617213096420508,-2.5867264571564896,-1.1951095116538402,3.3255876613564785,702.5
563,-1.1824316983836534,-1.8264548995638406,-1.8617212716195881,-2.5867265282784864,-1.1951094927935992,3.451223687011664,703.75
564,-1.1824316815538924,-1.826454868761115,-1.8617212366235163,-2.5867265937395265,-1.1951094754345397,3.5668597126668384,705.0
565,-1.1824316746902537,-1.8264548385942923,-1.8617212053407686,-2.586726655001879,-1.1951094680733527,3.672495738321981,706.25
566,-1.1824316737256013,-1.8264548100324558,-1.861721177443074,-2.58672671136675,-1.1951094666496038,3.768131763977114,707.5
567,-1.1824316728618158,-1.8264547844571388,-1.8617211524624444,-2.5867267618379346,-1.1951094653747265,3.85376778963224,708.75
568,-1.18243167675107,-1.8264547615924978,-1.8617211315789153,-2.5867268055799038,-1.1951094689065516,3.929403815287368,710.0
569,-1.1824316850333236,-1.8264547414598802,-1.861721114701162,-2.586726842657319,-1.1951094768846005,3.995039840942482,711.25
570,-1.1824316920537317,-1.826454724394576,-1.8617211003948237,-2.586726874085792,-1.1951094836471507,4.050675866597612,712.5
571,-1.1824316978122937,-1.8264547103965856,-1.8617210886598994,-2.586726899865322,-1.195109489194203,4.0963118922527855,713.75
572,-1.1824317023090103,-1.8264546994659066,-1.8617210794963914,-2.586726919995909,-1.1951094935257562,4.131947917907942,715.0
573,-1.182431705543881,-1.8264546916025395,-1.8617210729043008,-2.586726934477553,-1.1951094966418114,4.157583943563096,716.25
574,-1.1824317075169064,-1.8264546868064833,-1.861721068883627,-2.586726943310255,-1.195109498542368,4.173219969218254,717.5
575,-1.183250768833995,-1.8285785099535397,-1.8588942193666023,-2.587435817551757,-1.1959271980205226,4.180433382788574,718.75
576,-1.1847850177357035,-1.8325568216375372,-1.8535990201240764,-2.5887636600629387,-1.1974588969814397,4.178328232071423,720.0
577,-1.1850262750322131,-1.8331824077783512,-1.8527663606656701,-2.588972459397376,-1.1976997571982142,4.167847735186789,721.25
578,-1.1850262735700343,-1.833182414330837,-1.8527663639320195,-2.588972456209696,-1.1976997633999567,4.148002320557248,722.5
579,-1.185026271371071,-1.8331824241850865,-1.8527663688442648,-2.5889724514157604,-1.197699772726724,4.1181569059277034,723.75
580,-1.1850262684353234,-1.8331824373410985,-1.8527663754024064,-2.5889724450155693,-1.1976997851785172,4.078311491298155,725.0
581,-1.185026264676072,-1.8331824538836303,-1.8527663833476238,-2.588972437992509,-1.1976998000000105,4.028466077204516,726.25
582,-1.1850262597245984,-1.833182474173051,-1.8527663915794534,-2.5889724345277862,-1.1976998139796797,3.9686206655155964,727.5
583,-1.1850262539457472,-1.8331824978527764,-1.8527664011867984,-2.5889724304841177,-1.1976998302953121,3.898775253826687,728.75
584,-1.185026254291032,-1.8331825218087545,-1.8527664235450947,-2.5889723867420686,-1.197699831144048,3.8189298578411006,730.0
585,-1.185026255034067,-1.83318254859717,-1.852766449316692,-2.5889723353954963,-1.1976998311030633,3.729084465635915,731.25
586,-1.1850262558343994,-1.8331825783499411,-1.8527664780195323,-2.5889722780617612,-1.1976998308437492,3.6292390825013685,732.5
587,-1.18502626904109,-1.8331826080801896,-1.8527665109072597,-2.5889722158755637,-1.1976998442195663,3.519393708929606,733.75
588,-1.1850262863719627,-1.833182639804877,-1.8527665471013584,-2.5889721482319574,-1.197699862058941,3.399548342793855,735.0
589,-1.1850263118300695,-1.8331826712729846,-1.8527665855711515,-2.588972078713053,-1.1976998880585668,3.269702983448716,736.25
590,-1.1850263492473623,-1.8331827008193948,-1.8527666258870776,-2.5889720094903965,-1.197699926035425,3.129857627747872,737.5
591,-1.1850263952544942,-1.8331827283538922,-1.852766666929358,-2.588971941676829,-1.1976999725875732,2.9800122747130504,738.75
592,-1.185026454203372,-1.833182750841257,-1.852766707111327,-2.5889718799507264,-1.1977000320263769,2.820166928445593,740.0
593,-1.1850265225884833,-1.833182766120623,-1.8527667432451709,-2.5889718296014737,-1.1977001008059607,2.6538802155170673,741.25
594,-1.1850265920925924,-1.8331827753880043,-1.8527667738979743,-2.588971790745119,-1.1977001706102604,2.495965723563591,742.5
595,-1.1850266614495033,-1.8331827737289832,-1.852766793909471,-2.5889717734237836,-1.197700240091299,2.348051231610158,743.75
596,-1.185026727073474,-1.8331827698585181,-1.8527668106128483,-2.5889717615600913,-1.1977003057957105,2.2101367396567344,745.0
597,-1.1850267876552076,-1.8331827578703304,-1.8527668178726149,-2.5889717671597796,-1.1977003663163515,2.082222247703327,746.25
598,-1.1850268434258049,-1.8331827446001223,-1.852766822389437,-2.5889717767090064,-1.1977004219947736,1.9643077557499429,747.5
599,-1.1850268928343082,-1.8331827294676835,-1.852766823117217,-2.588971791809298,-1.197700471267314,1.8563932637965757,748.75
600,-1.1850269351138998,-1.8331827110695262,-1.8527668184559518,-2.588971815448777,-1.1977005133429133,1.7584787718432378,750.0
601,-1.1850269730754819,-1.8331826945503762,-1.852766814270735,-2.58897183667396,-1.1977005511213368,1.6705642798898925,751.25
602,-1.1850270053643328,-1.8331826788404708,-1.8527668091019225,-2.588971857991036,-1.1977005832277108,1.5926497879365706,752.5
603,-1.185027029517803,-1.8331826619951723,-1.8527668002961173,-2.5889718839558364,-1.197700607162752,1.5247352959832483,753.75
604,-1.18502705011482,-1.8331826476302429,-1.8527667927869134,-2.588971906097477,-1.1977006275735027,1.4668208040299144,755.0
605,-1.1850270671553846,-1.8331826357456849,-1.8527667865743083,-2.588971924415959,-1.1977006444599638,1.418906312076555,756.25
606,-1.1850270806394962,-1.8331826263414945,-1.8527667816583053,-2.588971938911279,-1.1977006578221339,1.380991820123198,757.5
607,-1.1850270905671547,-1.8331826194176728,-1.8527667780389052,-2.588971949583438,-1.1977006676600128,1.353077328169844,758.75
608,-1.1850270969383598,-1.8331826149742194,-1.8527667757161075,-2.588971956432437,-1.197700673973601,1.3351628362164858,760.0
609,-1.1855006185773296,-1.8344255904493758,-1.8511027763555141,-2.589396338214761,-1.198173364638554,1.326173813710571,761.25
610,-1.1870626708228569,-1.8385259502147315,-1.845613545576661,-2.5907962866974628,-1.1997326760633353,1.325979329689652,762.5
611,-1.1875861654554027,-1.8399001242169657,-1.8437739156953479,-2.591265458604582,-1.2002552544547755,1.334666391111402,763.75
612,-1.187586159915573,-1.8399001291771466,-1.8437739157643738,-2.591265461153713,-1.200255253772611,1.3521972652232843,765.0
613,-1.1875861512157015,-1.8399001369667247,-1.8437739158727733,-2.5912654651569254,-1.200255252701325,1.3797281393351708,766.25
614,-1.1875861393557883,-1.8399001475857004,-1.843773916020547,-2.5912654706142186,-1.2002552512409173,1.4172590134470542,767.5
615,-1.1875861243358328,-1.8399001610340735,-1.8437739162076943,-2.5912654775255937,-1.2002552493913876,1.4647898875589416,768.75
616,-1.1875861067572357,-1.839900176903704,-1.8437739176392438,-2.591265481466874,-1.2002552523864642,1.5223207489680197,770.0
617,-1.1875860861595442,-1.8399001955070784,-1.8437739193925862,-2.5912654858253545,-1.200255256219032,1.5898516096719677,771.25
618,-1.1875860555385007,-1.8399002117246286,-1.8437739228631904,-2.5912654726186544,-1.2002552339246055,1.6673824583993653,772.5
619,-1.1875860181261548,-1.8399002279390484,-1.8437739273767462,-2.5912654502826817,-1.2002551978731806,1.7549133023192414,773.75
620,-1.1875859764063923,-1.8399002459841465,-1.8437739324853908,-2.591265425050673,-1.200255157421685,1.8524441342374607,775.0
621,-1.1875859276975278,-1.8399002611877366,-1.8437739323319642,-2.591265408612517,-1.2002551092987797,1.9599749592937954,776.25
622,-1.187585872439794,-1.839900274312777,-1.843773927855394,-2.591265399123882,-1.200255054073252,2.0775057764077314,777.5
623,-1.1875858124147023,-1.8399002865896428,-1.843773921057776,-2.5912653927450533,-1.2002549940564184,2.205036585895404,778.75
624,-1.187585747372229,-1.8399002904069848,-1.843773904443197,-2.5912654045838064,-1.2002549289317685,2.342567390312259,780.0
625,-1.1875856784124141,-1.8399002925291097,-1.8437738849543064,-2.591265420928919,-1.2002548598544494,2.4900981936593123,781.25
626,-1.1875856094997794,-1.8399002833223796,-1.8437738544551465,-2.5912654595796045,-1.2002547906425334,2.647628989995278,782.5
627,-1.1875855411229734,-1.839900268638814,-1.8437738187929718,-2.5912655088629304,-1.2002547218790232,2.81382550999919,783.75
628,-1.1875854823937666,-1.83990024622212,-1.8437737786196415,-2.5912655705132384,-1.200254662659056,2.9740507643318246,785.0
629,-1.1875854359686577,-1.8399002191829457,-1.8437737377929513,-2.591265637610438,-1.2002546156953215,3.1242760186644416,786.25
630,-1.1875853986781653,-1.8399001897305653,-1.8437736974725278,-2.591265706744389,-1.2002545778471374,3.2645012729970038,787.5
631,-1.1875853726850156,-1.8399001586226869,-1.8437736590717932,-2.591265775778376,-1.2002545512942027,3.3947265273295555,788.75
632,-1.187585355399066,-1.8399001269855209,-1.843773622877321,-2.591265843264032,-1.2002545334589274,3.5149517816620772,790.0
633,-1.187585341633554,-1.83990009748497,-1.8437735898626675,-2.59126590549178,-1.2002545191863287,3.625177035994583,791.25
634,-1.1875853406334693,-1.8399000679242208,-1.8437735607792303,-2.5912659640390965,-1.2002545177060688,3.7254022903270716,792.5
635,-1.1875853397331682,-1.8399000413129074,-1.8437735345975956,-2.5912660167448394,-1.2002545163735023,3.8156275446595487,793.75
636,-1.1875853390189277,-1.839900017645964,-1.8437735113398044,-2.5912660635933094,-1.2002545152750121,3.895852798992023,795.0
637,-1.1875853477711953,-1.8398999963787748,-1.8437734933763827,-2.591266102895764,-1.2002545237025126,3.9660780533245035,796.25
638,-1.1875853552771496,-1.83989997814001,-1.8437734779709327,-2.5912661366015923,-1.2002545309299462,4.02630330765699,797.5
639,-1.1875853615367906,-1.8398999629296726,-1.8437734651234519,-2.5912661647107935,-1.2002545369573128,4.076528561989499,798.75
640,-1.1875853665501181,-1.8398999507477596,-1.8437734548339428,-2.5912661872233675,-1.2002545417846127,4.116753816322008,800.0
641,-1.1875853703171322,-1.8398999415942707,-1.8437734471024059,-2.591266204139315,-1.2002545454118456,4.146979070654529,801.25
642,-1.1875853728378327,-1.839899935469206,-1.8437734419288416,-2.5912662154586354,-1.2002545478390114,4.167204324987026,802.5
643,-1.187776342469297,-1.8404074093059422,-1.8430901904750663,-2.5914433381960826,-1.2004451643032847,4.177973931678534,803.75
644,-1.1892434852546614,-1.8443061772911302,-1.8378410294398007,-2.5928040653554216,-1.2019095943131204,4.180490672775034,805.0
645,-1.1901095540718836,-1.8466076629486323,-1.8347423970437275,-2.5936073146820275,-1.2027740642919853,4.173600722912987,806.25
646,-1.190109552950875,-1.8466076679118455,-1.8347423994975456,-2.5936073123816406,-1.2027740689102662,4.158417951497897,807.5
647,-1.190109551091524,-1.846607676144035,-1.834742403567549,-2.5936073085661224,-1.202774076570337,4.133235180082805,808.75
648,-1.1901095484938309,-1.8466076876452022,-1.8347424092537383,-2.5936073032354745,-1.2027740872721981,4.098052408667679,810.0
649,-1.1901095451577954,-1.8466077024153464,-1.8347424165561135,-2.5936072963896963,-1.2027741010158497,4.052869637252571,811.25
650,-1.1901095407192004,-1.8466077208048204,-1.8347424244035961,-2.5936072920734397,-1.2027741145966981,3.9976868682454954,812.5
651,-1.1901095353173496,-1.8466077426796237,-1.8347424332058464,-2.5936072887397303,-1.2027741292404182,3.932504100213144,813.75
652,-1.1901095325373865,-1.8466077663542888,-1.83474244904511,-2.593607265408018,-1.2027741376283603,3.857321340268418,815.0
653,-1.1901095332410658,-1.8466077914402064,-1.834742473341561,-2.5936072172117335,-1.2027741376371528,3.7721385887638132,816.25
654,-1.1901095340023926,-1.8466078194531488,-1.8347425005552034,-2.593607163078352,-1.202774137434759,3.6769558468650083,817.5
655,-1.1901095399385133,-1.8466078491650781,-1.8347425311900816,-2.5936071035493047,-1.2027741428121939,3.571773111704346,818.75
656,-1.1901095563939954,-1.84660787928443,-1.8347425657979466,-2.593607039086291,-1.2027741597506136,3.456590384977182,820.0
657,-1.1901095742797985,-1.8466079120176286,-1.8347426034135723,-2.5936069690151764,-1.2027741781742907,3.331407667026279,821.25
658,-1.1901096091107735,-1.8466079406331948,-1.8347426422885627,-2.5936069021178842,-1.2027742135474968,3.1962249548948334,822.5
659,-1.1901096474865778,-1.8466079709455308,-1.8347426839301855,-2.5936068308200007,-1.2027742525035348,3.0510422431472843,823.75
660,-1.1901097027572858,-1.846607993417151,-1.8347427232063014,-2.59360676996059,-1.2027743082611824,2.895859537606275,825.0
661,-1.190109764421086,-1.8466080145990977,-1.8347427632260462,-2.5936067097393756,-1.2027743704046767,2.7308469938527287,826.25
662,-1.1901098351086246,-1.8466080240594533,-1.8347427946224648,-2.593606669965614,-1.2027744414011359,2.5682731689305465,827.5
663,-1.1901099032633093,-1.846608028528248,-1.8347428203485128,-2.59360664080217,-1.202774509778041,2.4156993440082517,828.75
664,-1.1901099702813867,-1.846608024613528,-1.834742837528002,-2.5936066285287276,-1.2027745768795632,2.273125519085785,830.0
665,-1.19011003248294,-1.8466080175502373,-1.8347428501219265,-2.593606623908734,-1.2027746391028067,2.1405516941632063,831.25
666,-1.1901100897535124,-1.8466080039590436,-1.8347428547929625,-2.5936066336478323,-1.2027746962781294,2.017977869240479,832.5
667,-1.190110142351754,-1.8466079914766715,-1.8347428590829122,-2.5936066425923823,-1.2027747487888922,1.9054040443176354,833.75
668,-1.1901101864883104,-1.8466079731685792,-1.8347428550294311,-2.593606665563523,-1.2027747927246941,1.8028302193947066,835.0
669,-1.1901102259761556,-1.8466079560125328,-1.834742850644502,-2.5936066876477253,-1.2027748320203107,1.7102563944716525,836.25
670,-1.1901102611984498,-1.8466079407097171,-1.8347428467332383,-2.5936067073463516,-1.202774867071141,1.6276825695485548,837.5
671,-1.1901102879964884,-1.8466079239752222,-1.8347428387830613,-2.593606732385665,-1.2027748936559541,1.5551087446253709,838.75
672,-1.1901103099799204,-1.846607908660264,-1.8347428307107774,-2.593606756059464,-1.2027749154386704,1.4925349197021511,840.0
673,-1.1901103284501533,-1.8466078957928098,-1.834742823928533,-2.5936067759499255,-1.2027749337402647,1.4399610947789003,841.25
674,-1.190110343407187,-1.846607885372858,-1.8347428184363292,-2.593606792057048,-1.2027749485607362,1.397387269855629,842.5
675,-1.1901103548510215,-1.8466078774004084,-1.834742814234168,-2.5936068043808307,-1.202774959900085,1.3648134449323468,843.75
676,-1.1901103627816563,-1.8466078718754608,-1.834742811322049,-2.593606812921274,-1.2027749677583108,1.34223962000911,845.0
677,-1.1901366337639712,-1.8466785323268942,-1.8346471346351352,-2.5936320129926558,-1.202801187598818,1.3295776227854912,846.25
678,-1.1913758682578828,-1.8500123775652129,-1.8301332660890954,-2.5948207068090077,-1.204038011166593,1.3247715001668885,847.5
679,-1.1925826890477098,-1.8532590331568268,-1.8257374522554501,-2.5959783109385017,-1.205242485444908,1.329769436738249,848.75
680,-1.1926004519616562,-1.8533068342823613,-1.8256727367334455,-2.595995355202635,-1.205260217246152,1.3426299477666306,850.0
681,-1.192600444818473,-1.8533068406670858,-1.8256727367866363,-2.5959953586187723,-1.205260216223831,1.3654294287834325,851.25
682,-1.192600434542244,-1.8533068498521916,-1.8256727368631573,-2.595995363533249,-1.205260214753114,1.3982289098002598,852.5
683,-1.1926004211329684,-1.8533068618376787,-1.8256727369630081,-2.595995369946065,-1.205260212834,1.441028390817091,853.75
684,-1.1926004048768388,-1.8533068764322753,-1.8256727376513684,-2.5959953757964502,-1.2052602129828858,1.4938278639563591,855.0
685,-1.1926003858856051,-1.8533068935612955,-1.8256727391489254,-2.5959953802797306,-1.205260216182353,1.5566273283918464,856.25
686,-1.1926003615852188,-1.8533069117010699,-1.825672741407233,-2.595995379312497,-1.2052602111663338,1.6294267886551081,857.5
687,-1.1926003266242156,-1.85330692683089,-1.8256727456494555,-2.5959953584579827,-1.205260177501399,1.7122262365028305,858.75
688,-1.1926002874234778,-1.8533069437759813,-1.8256727504476693,-2.595995334897174,-1.2052601396220697,1.8050256775841573,860.0
689,-1.1926002434860523,-1.8533069616766293,-1.8256727547334548,-2.5959953107246845,-1.2052600968816884,1.907825111744324,861.25
690,-1.192600191093887,-1.8533069740889228,-1.825672750460303,-2.595995301782208,-1.205260044524473,2.020624535514632,862.5
691,-1.1926001340558028,-1.8533069876028176,-1.8256727458045998,-2.5959952920609957,-1.2052599875149657,2.1434239510935233,863.75
692,-1.1926000721133496,-1.8533069943720224,-1.825672732979076,-2.5959952971970273,-1.2052599255240557,2.2762233608240594,865.0
693,-1.1926000053942603,-1.8533069982527464,-1.8256727158134511,-2.595995309497327,-1.2052598587196426,2.4190227687129404,866.25
694,-1.1925999376706944,-1.8533069934978426,-1.8256726898635245,-2.5959953391769357,-1.2052597907686085,2.571822172022379,867.5
695,-1.1925998673120826,-1.8533069840672431,-1.8256726585001257,-2.595995378892398,-1.205259720100827,2.734621568946531,868.75
696,-1.1925998063497365,-1.8533069627224958,-1.8256726184053234,-2.5959954393613858,-1.2052596586551965,2.899458890442249,870.0
697,-1.1925997518328513,-1.8533069401757871,-1.8256725791575512,-2.59599550027846,-1.2052596036495808,3.0544121950748546,871.25
698,-1.1925997137485946,-1.8533069100924993,-1.8256725376832352,-2.5959955711839457,-1.2052595649896605,3.199365499707606,872.5
699,-1.192599679542096,-1.8533068815417708,-1.825672498930772,-2.5959956378972318,-1.2052595302410978,3.3343188043405187,873.75
700,-1.1925996617914756,-1.8533068490632079,-1.8256724614983384,-2.595995707453822,-1.2052595119205054,3.4592721089735683,875.0
701,-1.1925996454614358,-1.853306819183908,-1.8256724270616105,-2.5959957714438056,-1.2052594950661082,3.574225413606704,876.25
702,-1.1925996397549299,-1.8533067897226083,-1.8256723963739176,-2.5959958314268614,-1.205259488865506,3.67917871823998,877.5
703,-1.1925996388174875,-1.8533067620669186,-1.825672368956033,-2.595995886410798,-1.2052594874739955,3.774132022873329,878.75
704,-1.1925996379787716,-1.85330673732379,-1.825672344425656,-2.5959959356041047,-1.205259486229032,3.8590853275067802,880.0
705,-1.1925996424094456,-1.8533067151924987,-1.825672324113053,-2.5959959780537902,-1.2052594903077667,3.934038632140288,881.25
706,-1.1925996504060112,-1.8533066957721178,-1.825672307579963,-2.5959960140738207,-1.2052594980045637,3.998991936773841,882.5
707,-1.1925996571714514,-1.853306679341637,-1.825672293592253,-2.595996044548325,-1.2052595045163867,4.053945241407427,883.75
708,-1.1925996627057667,-1.8533066659010564,-1.8256722821499216,-2.5959960694773017,-1.2052595098432364,4.098898546041045,885.0
709,-1.1925996670089565,-1.8533066554503743,-1.825672273252972,-2.5959960888607516,-1.205259513985112,4.133851850674669,886.25
710,-1.1925996700810209,-1.8533066479895905,-1.8256722669014038,-2.5959961026986744,-1.2052595169420137,4.1588051553082686,887.5
711,-1.19259967192196,-1.8533066435187047,-1.8256722630952171,-2.59599611099107,-1.2052595187139412,4.1737584599418645,888.75
712,-1.1934687320813477,-1.8556735731547176,-1.8224497234611121,-2.5968577613217825,-1.2061268024369332,4.1804828502034805,890.0
713,-1.194885463479292,-1.8595321216730405,-1.8171963756815612,-2.59826240846612,-1.2075406390525523,4.177767402808904,891.25
714,-1.1950562456891607,-1.8599972622868064,-1.8165631010347136,-2.5984317332114126,-1.2077110762045384,4.166868439172044,892.5
715,-1.1950562441814734,-1.8599972688837978,-1.8165631042724149,-2.59843173029581,-1.2077110822392307,4.1464843820233215,893.75
716,-1.1950562419341453,-1.8599972787171382,-1.8165631090984662,-2.598431725949874,-1.2077110912344193,4.116100324874567,895.0
717,-1.1950562389471764,-1.8599972917868266,-1.8165631155128672,-2.5984317201736022,-1.2077111031901042,4.075716267725816,896.25
718,-1.195056235107122,-1.8599973082004706,-1.8165631231864279,-2.598431714202345,-1.207711117098025,4.025332212012425,897.5
719,-1.1950562300970642,-1.8599973282586761,-1.8165631311995312,-2.598431711487141,-1.2077111301415329,3.9649481610327317,898.75
720,-1.1950562243087999,-1.85999735161527,-1.8165631406250997,-2.5984317080306276,-1.2077111452230465,3.894564110217391,900.0
721,-1.19505622496525,-1.859997374990205,-1.816563163448222,-2.598431662922291,-1.207711145217403,3.8141800758193734,901.25
722,-1.1950562256942752,-1.859997401266152,-1.8165631891354455,-2.5984316120963884,-1.2077111451329818,3.723796045195577,902.5
723,-1.195056226482076,-1.8599974304326419,-1.8165632177244813,-2.5984315553920525,-1.207711144851251,3.623412023141977,903.75
724,-1.1950562402133693,-1.8599974593897204,-1.8165632505345861,-2.5984314939883504,-1.2077111588386247,3.5130280112978083,905.0
725,-1.1950562572081622,-1.8599974904807088,-1.8165632865344836,-2.5984314271636233,-1.207711176345855,3.3926440068155586,906.25
726,-1.1950562830149425,-1.859997520948379,-1.8165633246874655,-2.598431358967775,-1.2077112026941468,3.262260009005184,907.5
727,-1.1950563196783386,-1.8599975499071573,-1.816563364760377,-2.598431290562364,-1.207711239917661,3.1218760145255526,908.75
728,-1.1950563655562436,-1.859997576334254,-1.8165634052450055,-2.5984312244088787,-1.207711286333426,2.9714920230055446,910.0
729,-1.1950564232872898,-1.85999759839354,-1.8165634451653032,-2.598431163353861,-1.2077113445549634,2.81110803815175,911.25
730,-1.195056490597822,-1.8599976126364135,-1.8165634804091477,-2.5984311149138466,-1.2077114122487413,2.6449586208319533,912.5
731,-1.1950565582015213,-1.8599976217094008,-1.8165635106549018,-2.5984310766321057,-1.2077114801513695,2.487589345470821,913.75
732,-1.1950566259294146,-1.8599976194747805,-1.8165635298057983,-2.5984310607239807,-1.2077115479926557,2.3402200701095826,915.0
733,-1.195056689725761,-1.8599976157791385,-1.816563546278668,-2.5984310488920612,-1.207711611869673,2.2028507947482066,916.25
734,-1.1950567485814734,-1.8599976036165782,-1.8165635528570727,-2.5984310553245464,-1.2077116706559707,2.075481519386648,917.5
735,-1.195056802761385,-1.8599975907903987,-1.8165635573079926,-2.598431064476313,-1.2077117247451994,1.9581122440250036,918.75
736,-1.1950568505089116,-1.8599975757347456,-1.8165635575358565,-2.5984310799782304,-1.207711772351149,1.8507429686632064,920.0
737,-1.1950568915428192,-1.8599975579351693,-1.8165635529454602,-2.5984311029343434,-1.2077118131835085,1.7533736933013502,921.25
738,-1.1950569283624723,-1.8599975419636463,-1.8165635488264986,-2.5984311235328237,-1.2077118498223132,1.6660044179393885,922.5
739,-1.1950569593552438,-1.8599975265464204,-1.8165635434164056,-2.5984311447823876,-1.2077118806304297,1.588635142577358,923.75
740,-1.1950569827384785,-1.8599975102754407,-1.8165635347667672,-2.59843117000898,-1.2077119037981148,1.5212658672152832,925.0
741,-1.1950570026508087,-1.8599974964196544,-1.816563527401043,-2.5984311914910476,-1.2077119235268905,1.463896591853154,926.25
742,-1.1950570190922343,-1.859997484979063,-1.8165635213192302,-2.598431209228592,-1.2077119398167575,1.4165273164910281,927.5
743,-1.195057032062755,-1.8599974759536644,-1.8165635165213323,-2.598431223221611,-1.2077119526677147,1.3791580411288629,928.75
744,-1.1950570415623707,-1.8599974693434578,-1.8165635130073496,-2.598431233470105,-1.2077119620797618,1.3517887657667214,930.0
745,-1.1950570475910813,-1.8599974651484437,-1.816563510777282,-2.5984312399740737,-1.2077119680528992,1.3344194904045972,931.25
746,-1.1955700653665364,-1.861412016890648,-1.8146270427159914,-2.5989566986117905,-1.2082238854508949,1.3258285480541656,932.5
747,-1.1970445986457352,-1.865477799845847,-1.8090611503251,-2.600466990059096,-1.2096952564091403,1.3261079980458286,933.75
748,-1.1974808641226116,-1.866680740282868,-1.807414376953547,-2.600913839247782,-1.2101305884942017,1.3351255606611803,935.0
749,-1.197480858551608,-1.866680745254085,-1.807414376968691,-2.6009138420058098,-1.2101305875881498,1.3530601567756717,936.25
750,-1.1974808498743152,-1.866680752997161,-1.8074143769922792,-2.600913846301663,-1.2101305861769003,1.3809947528901958,937.5
751,-1.1974808380907338,-1.8666807635120959,-1.8074143770243114,-2.6009138521353417,-1.2101305842604526,1.4189293490047308,938.75
752,-1.1974808232008634,-1.8666807767988898,-1.807414377064788,-2.6009138595068455,-1.2101305818388073,1.4668639451192487,940.0
753,-1.1974808058228332,-1.8666807924501347,-1.8074143783179892,-2.600913864055856,-1.2101305844028514,1.5247985238438562,941.25
754,-1.1974807854532619,-1.8666808107976083,-1.8074143798031959,-2.6009138693332483,-1.2101305874810186,1.5927331023790443,942.5
755,-1.1974807550019904,-1.8666808264243486,-1.8074143832623168,-2.6009138556837206,-1.2101305640407116,1.6706676682034707,943.75
756,-1.1974807183158334,-1.8666808422747367,-1.807414387746328,-2.6009138337930073,-1.2101305287211572,1.758602229370839,945.0
757,-1.1974806774280777,-1.8666808599060063,-1.8074143928184374,-2.6009138090794828,-1.210130489129046,1.8565367788315277,946.25
758,-1.1974806295253093,-1.8666808744302386,-1.8074143922719095,-2.6009137938096947,-1.210130441768723,1.9644713209460587,947.5
759,-1.1974805754025177,-1.8666808872224894,-1.8074143878240703,-2.600913784637341,-1.2101303876792202,2.0824058551777247,948.75
760,-1.1974805166113653,-1.8666808987404064,-1.8074143806339464,-2.6009137794236796,-1.2101303288929774,2.210340381861336,950.0
761,-1.1974804529350496,-1.8666809024158975,-1.8074143641302496,-2.600913791310235,-1.210130265133673,2.348274903644672,951.25
762,-1.19748038565012,-1.8666809039122498,-1.807414344330973,-2.6009138086114767,-1.2101301977223815,2.496209424058045,952.5
763,-1.1974803182086857,-1.8666808948514833,-1.8074143140457952,-2.6009138469222814,-1.210130129981101,2.654143937546884,953.75
764,-1.1974802518886367,-1.8666808799360683,-1.8074142783269516,-2.600913896522373,-1.210130063266929,2.8204302400959973,955.0
765,-1.1974801947055342,-1.8666808580833694,-1.8074142386388534,-2.600913957147194,-1.2101300055953552,2.980245126684534,956.25
766,-1.1974801501113617,-1.8666808313318501,-1.8074141980884764,-2.600914023708574,-1.2101299604598168,3.1300600132732095,957.5
767,-1.197480113814369,-1.866680802666023,-1.8074141582693115,-2.60091409157224,-1.210129923608315,3.2698748998619913,958.75
768,-1.1974800891499993,-1.8666807721337366,-1.8074141202834457,-2.6009141596383714,-1.2101298983845108,3.399689786451261,960.0
769,-1.1974800723310208,-1.8666807413765003,-1.807414084556136,-2.60091422578787,-1.210129881019858,3.519504673040659,961.25
770,-1.1974800595042392,-1.866680712574276,-1.8074140520241309,-2.6009142868521593,-1.210129867688599,3.6293195596300687,962.5
771,-1.1974800585290952,-1.8666806838686423,-1.8074140233354927,-2.6009143441543747,-1.210129866236978,3.7291344462195006,963.75
772,-1.1974800576516462,-1.8666806580389004,-1.8074139975210337,-2.6009143957157406,-1.2101298649307886,3.8189493328089474,965.0
773,-1.197480057353271,-1.8666806350572636,-1.8074139747055176,-2.6009144414464216,-1.210129864252022,3.898764219398433,966.25
774,-1.1974800658446538,-1.8666806144498467,-1.807413957016918,-2.600914479814106,-1.2101298724218261,3.9685791059878994,967.5
775,-1.1974800731197661,-1.866680596794152,-1.8074139418619612,-2.60091451268616,-1.210129879421421,4.028393992577364,968.75
776,-1.197480079178607,-1.8666805820901828,-1.8074139292406453,-2.6009145400625826,-1.2101298852508064,4.078208879166784,970.0
777,-1.1974800840211768,-1.866680570337936,-1.807413919152972,-2.6009145619433744,-1.2101298899099826,4.118023765756158,971.25
778,-1.1974800876474756,-1.866680561537411,-1.807413911598942,-2.6009145783285352,-1.210129893398949,4.147838652345585,972.5
779,-1.197480090057503,-1.8666805556886075,-1.807413906578556,-2.600914589218066,-1.2101298957177058,4.167653538934996,973.75
780,-1.1976962992405453,-1.8672841140961816,-1.8065831741421876,-2.601143246429318,-1.210345618825153,4.178112214110885,975.0
781,-1.199099847784046,-1.8712022295119581,-1.8011903581778346,-2.602627575361335,-1.211746012374329,4.18028817553615,976.25
782,-1.1998716940561278,-1.8733569032286963,-1.7982247132847777,-2.6034438437884155,-1.2125161261442878,4.17315259559277,977.5
783,-1.1998716929114517,-1.8733569081801424,-1.798224715699045,-2.6034438417004333,-1.2125161305969248,4.157698283234101,978.75
784,-1.1998716910260918,-1.8733569163355135,-1.7982247196755083,-2.6034438382613834,-1.2125161379307228,4.132243970875415,980.0
785,-1.1998716884000484,-1.87335692769481,-1.7982247252141683,-2.6034438334712657,-1.2125161481456823,4.096789658516752,981.25
786,-1.1998716850333206,-1.8733569422580318,-1.7982247323150247,-2.6034438273300804,-1.2125161612418032,4.051335346158085,982.5
787,-1.199871680549486,-1.8733569603778437,-1.7982247398989455,-2.6034438238616753,-1.2125161738399093,3.9958810382646606,983.75
788,-1.1998716751146303,-1.8733569818986435,-1.7982247484420664,-2.6034438212906466,-1.2125161874309622,3.930426731938421,985.0
789,-1.199871672502851,-1.8733570050358734,-1.7982247643934626,-2.6034437975815243,-1.2125161947630192,3.854972434202651,986.25
790,-1.1998716731929742,-1.8733570295704647,-1.7982247885530211,-2.6034437500153684,-1.2125161947436165,3.7695181444804065,987.5
791,-1.1998716739398705,-1.873357056956929,-1.7982248156085845,-2.6034436965916976,-1.2125161945138003,3.674063864881278,988.75
792,-1.1998716801419778,-1.873357085907983,-1.7982248460912347,-2.603443637901794,-1.2125162001987304,3.5686095920480603,990.0
793,-1.1998716962480338,-1.873357115354821,-1.7982248804615482,-2.603443574340023,-1.2125162167901193,3.4531553276017584,991.25
794,-1.199871713750703,-1.8733571473511876,-1.7982249178117429,-2.6034435052623963,-1.212516234832816,3.3277010717234083,992.5
795,-1.1998717482537258,-1.8733571751484959,-1.7982249563566828,-2.603443439508267,-1.212516269876689,3.1922468219233533,993.75
796,-1.199871785791502,-1.8733572047871672,-1.79822499769135,-2.603443369176401,-1.2125163079942118,3.0467925723618143,995.0
797,-1.1998718402525754,-1.8733572264958172,-1.798225036521654,-2.603443309512628,-1.2125163629381812,2.891338329310104,996.25
798,-1.1998719003905873,-1.8733572467989008,-1.7982250757575033,-2.6034432509303245,-1.212516423548234,2.727190700666871,997.5
799,-1.1998719675546874,-1.8733572558298843,-1.7982251060315315,-2.6034432126570017,-1.2125164910128063,2.5689658717226598,998.75
800,-1.1998720320681977,-1.873357260422626,-1.7982251310583584,-2.6034431840174657,-1.2125165557471143,2.4207410427783795,1000.0
801,-1.1998720954989683,-1.8733572567737105,-1.798225147559375,-2.603443172107067,-1.212516619259329,2.2825162138340813,1001.25
802,-1.199872154265583,-1.8733572511780163,-1.7982251606479012,-2.6034431654807557,-1.2125166780645964,2.1542913848897287,1002.5
803,-1.1998722081913424,-1.873357238441054,-1.798225165110811,-2.6034431745295765,-1.2125167318995178,2.0360665559453075,1003.75
804,-1.1998722575558156,-1.8733572267814482,-1.7982251691962194,-2.603443182813008,-1.2125167811808362,1.9278417270008734,1005.0
805,-1.1998722997273679,-1.8733572113885137,-1.7982251672932108,-2.6034432007002835,-1.2125168231910952,1.8296168980564151,1006.25
806,-1.1998723364649908,-1.873357195477725,-1.7982251631521442,-2.6034432212605716,-1.21251685974665,1.7413920691119253,1007.5
807,-1.1998723690385242,-1.8733571813703769,-1.7982251594804486,-2.603443239490419,-1.2125168921587521,1.663167240167429,1008.75
808,-1.1998723963219453,-1.8733571681773866,-1.7982251550382218,-2.6034432574995368,-1.2125169192840857,1.5949424112229162,1010.0
809,-1.1998724162903946,-1.8733571542999763,-1.7982251475958058,-2.603443279081704,-1.2125169390666928,1.53671758227844,1011.25
810,-1.1998724328293018,-1.8733571428059839,-1.7982251414316104,-2.6034432969571766,-1.212516955451676,1.4884927533340093,1012.5
811,-1.1998724459386674,-1.8733571336954102,-1.7982251365456337,-2.6034433111259543,-1.2125169684390353,1.4502679243895753,1013.75
812,-1.1998724556184912,-1.873357126968255,-1.798225132937877,-2.6034433215880375,-1.2125169780287712,1.4220430954451508,1015.0
813,-1.1998724618687728,-1.8733571226245176,-1.7982251306083408,-2.603443328343426,-1.212516984220883,1.4038182665007146,1016.25
814,-1.1998528424942434,-1.8733030261942285,-1.798302162662739,-2.6034202602971996,-1.212497425878488,1.3955265549713527,1017.5
815,-1.1992788106546421,-1.8717205380594184,-1.8005557024012253,-2.6027453336994895,-1.2119251802590207,1.3960202094024516,1018.75
816,-1.1991992279430088,-1.8715011560749322,-1.8008681174078156,-2.6026517634345843,-1.2118458452058154,1.405584476593788,1020.0
817,-1.1990364368579152,-1.8710523974115034,-1.8015071805520428,-2.6024603599922562,-1.2116835607205019,1.4251487437851447,1021.25
818,-1.1987904373993612,-1.8703742620691335,-1.8024728918339052,-2.6021711233725053,-1.21143832680308,1.4547130109764788,1022.5
819,-1.1984610740810908,-1.8694667271790841,-1.8037650544380908,-2.6017842717402337,-1.2111099870749242,1.4942772826501798,1023.75
820,-1.1980438045055584,-1.8683291249183673,-1.8053779180418692,-2.6013061788602214,-1.2106939730677602,1.5438416774364172,1025.0
821,-1.197542347565824,-1.8669620026028562,-1.8073161893522762,-2.600731627043895,-1.2101940250170231,1.6034060722226806,1026.25
822,-1.1969558862749339,-1.865365225165221,-1.8095788678029836,-2.600061743614113,-1.2096093217581871,1.6729704925122781,1027.5
823,-1.1962807542300138,-1.8635381867213459,-1.8121614626242737,-2.599301587927884,-1.2089361781398082,1.7525350407341533,1028.75
824,-1.1955198686151098,-1.8614813606949663,-1.8150675655481048,-2.598447124612069,-1.2081775260329295,1.8420996147536937,1030.0
825,-1.1946683290290436,-1.8591938879275864,-1.818291280313792,-2.5975050598227862,-1.2073284387307759,1.9416643441599306,1031.25
826,-1.1937275531425087,-1.8566759785218037,-1.821834397694226,-2.596473406887008,-1.2063903418127822,2.0512291754929066,1032.5
827,-1.1926964042459818,-1.8539274173264912,-1.8256955850932672,-2.5953537020913244,-1.2053620925877155,2.1707941259526757,1033.75
828,-1.1915705383854642,-1.8509473149171796,-1.829869898683679,-2.5941517346065086,-1.2042393247026983,2.3003592968933124,1035.0
829,-1.1903503079928663,-1.8477356663331577,-1.8343579109042953,-2.592866940191506,-1.20302239292472,2.439924655742246,1036.25
830,-1.1890339694190049,-1.8442920519760495,-1.8391577768022684,-2.591501565418689,-1.2017095450321498,2.5894902237364223,1037.5
831,-1.1876193125701051,-1.840615919094287,-1.8442672047062876,-2.590058431820305,-1.2002985602070575,2.7490560327119757,1038.75
832,-1.1861897791968716,-1.8369269381933608,-1.8493792180550161,-2.588625421288884,-1.1988726548187483,2.90907118143466,1040.0
833,-1.184839628515472,-1.8334660186496192,-1.854161386887099,-2.587294715061237,-1.1975258566305162,3.0590917143311867,1041.25
834,-1.183570999791038,-1.8302337142447038,-1.8586159153062394,-2.586063576823329,-1.1962603155482496,3.199112431743229,1042.5
835,-1.1823851592580394,-1.8272302823649937,-1.8627442493131607,-2.5849303160074313,-1.1950773043535436,3.3291333121345072,1043.75
836,-1.1812824154986097,-1.8244557306757818,-1.866546865674457,-2.583894451007088,-1.1939771336017935,3.4491543497272983,1045.0
837,-1.1802669344531718,-1.8219111140961433,-1.8700280536491594,-2.5829506808929743,-1.1929639893545954,3.559175471575072,1046.25
838,-1.1793396368369908,-1.819596673063605,-1.8731887446509776,-2.582097843414161,-1.1920387967233501,3.659196670485798,1047.5
839,-1.1784995024091112,-1.817512086940837,-1.8760280295851928,-2.5813371573548354,-1.1912005309694296,3.7492179634073586,1048.75
840,-1.1777514867579693,-1.8156587314386976,-1.8785507367960692,-2.5806624707895387,-1.1904541707826184,3.8292392781261024,1050.0
841,-1.1770927287364465,-1.81403577820261,-1.8807541562258692,-2.580077291829789,-1.189796841914308,3.899260659827772,1051.25
842,-1.1765270065945224,-1.8126443064303042,-1.8826418999759122,-2.5795769691037145,-1.1892323400164933,3.9592820595509064,1052.5
843,-1.1760555378596391,-1.811484663935345,-1.8842151319420313,-2.5791600037682345,-1.1887618882242112,4.009303459273978,1053.75
844,-1.1756754621353485,-1.8105560110403496,-1.885471169251344,-2.578829888006604,-1.1883826131238358,4.049324903173048,1055.0
845,-1.1753901402992322,-1.8098593341025824,-1.8864131646659335,-2.5785825183801547,-1.1880978908884672,4.079346350986412,1056.25
846,-1.175199857795626,-1.8093947169049378,-1.8870413859346373,-2.5784175463875525,-1.187908008261481,4.099367798799766,1057.5
847,-1.1751046146245296,-1.8091621594474165,-1.8873558330574542,-2.5783349720287982,-1.1878129652428768,4.109389246613097,1058.75
848,-1.174459693456309,-1.8075908226157813,-1.8894784533538425,-2.577779044907494,-1.1871693911181564,4.1102298540009965,1060.0
849,-1.1744226618346683,-1.807501003623035,-1.8895995393964329,-2.5777475103268443,-1.1871324358494317,4.102197996789081,1061.25
850,-1.1744222420069137,-1.8075008856211685,-1.8895991555621645,-2.577748007164474,-1.1871320146908926,4.084267718959598,1062.5
851,-1.1744215880345692,-1.8075007018077918,-1.8895985576574446,-2.57774878109632,-1.1871313586455639,4.05633744113012,1063.75
852,-1.174420699860576,-1.807500452250181,-1.8895977454889183,-2.5777498328464588,-1.1871304672084138,4.018407177892352,1065.0
853,-1.1744195774603947,-1.8075001369770753,-1.889596718973761,-2.5777511627247582,-1.18712934016329,3.9704769297906735,1066.25
854,-1.1744182208865492,-1.807499755926487,-1.8895954782900566,-2.577752770064233,-1.1871279779753974,3.912546681688974,1067.5
855,-1.1744178186766783,-1.8074996583433591,-1.8895951247685914,-2.577753217191638,-1.187127574129459,3.844616447528061,1068.75
856,-1.1744178194333625,-1.8074996822027354,-1.8895951474697603,-2.5777531710856953,-1.1871275749329577,3.766686218393274,1070.0
857,-1.1744178202777844,-1.8074997091182887,-1.8895951731041951,-2.5777531189739484,-1.1871275757624025,3.678755994316095,1071.25
858,-1.17441782522665,-1.8074997381228557,-1.8895952020183688,-2.5777530614690285,-1.1871275808178334,3.5808257746160823,1072.5
859,-1.1744178412257311,-1.807499767536492,-1.8895952348319132,-2.577752999544572,-1.1871275972964548,3.472895563205635,1073.75
860,-1.1744178587077312,-1.8074997996749915,-1.8895952706868475,-2.5777529318783987,-1.1871276153066495,3.3549653597048037,1075.0
861,-1.1744178899093212,-1.8074998291843056,-1.8895953082627794,-2.5777528653353654,-1.1871276470344296,3.2270351640091843,1076.25
862,-1.174417927736362,-1.8074998591685103,-1.889595348324494,-2.577752795938302,-1.1871276854127821,3.0891049732386593,1077.5
863,-1.174417978410752,-1.8074998842413434,-1.889595387682087,-2.5777527323344183,-1.187127736588204,2.941174783948347,1078.75
864,-1.1744180381115679,-1.8074999070819242,-1.8895954277000733,-2.5777526704306397,-1.1871277967738671,2.783244600427594,1080.0
865,-1.1744181099889666,-1.8074999195185493,-1.8895954616007404,-2.577752625199679,-1.1871278689989264,2.619019113376022,1081.25
866,-1.1744181804112344,-1.8074999285213127,-1.8895954917984386,-2.5777525870740257,-1.1871279397119452,2.4632621711905665,1082.5
867,-1.1744182515065202,-1.8074999242641843,-1.8895955096326738,-2.5777525745437693,-1.1871280108916065,2.317505229005069,1083.75
868,-1.1744183177241452,-1.8074999202989894,-1.8895955262432016,-2.577752562873465,-1.1871280771878157,2.1817482868195155,1085.0
869,-1.174418378697053,-1.8074999056869216,-1.8895955311470476,-2.57775257344809,-1.1871281380613061,2.055991344633915,1086.25
870,-1.174418434821491,-1.8074998922367889,-1.8895955356609395,-2.57775258318184,-1.1871281940942326,1.9402344024482763,1087.5
871,-1.174418483494974,-1.807499875164488,-1.8895955344489561,-2.577752602142267,-1.1871282426036025,1.8344774602626122,1088.75
872,-1.1744185258816735,-1.8074998566100948,-1.889595529898025,-2.5777526258258394,-1.187128284789601,1.7387205180769296,1090.0
873,-1.1744185638418865,-1.8074998399933604,-1.889595525822347,-2.577752647036112,-1.1871283225700722,1.6529635758912256,1091.25
874,-1.174418594772852,-1.807499823251169,-1.889595519465432,-2.577752670548012,-1.187128353304392,1.577206633705505,1092.5
875,-1.1744186187471413,-1.8074998064410444,-1.8895955109041371,-2.577752696228403,-1.1871283770661867,1.5114496915197926,1093.75
876,-1.1744186390755358,-1.8074997921873237,-1.8895955036448016,-2.577752718003444,-1.1871283972144018,1.4556927493340763,1095.0
877,-1.174418655758036,-1.8074997804900081,-1.8895954976874247,-2.5777527358731347,-1.187128413749038,1.4099358071484405,1096.25
878,-1.1744186687946416,-1.807499771349095,-1.889595493032009,-2.577752749837474,-1.1871284266700943,1.3741788649627782,1097.5
879,-1.174418678185352,-1.8074997647645843,-1.8895954896785545,-2.5777527598964634,-1.187128435977571,1.3484219227771188,1098.75
880,-1.1744186839301676,-1.8074997607364756,-1.8895954876270615,-2.577752766050102,-1.1871284416714678,1.3326649805914619,1100.0
881,-1.175265167419147,-1.8096130480268264,-1.8868278309924962,-2.5784132906318766,-1.1879737348788089,1.3253762604894548,1101.25
882,-1.176869183625272,-1.8136175709641558,-1.8815833337726884,-2.5796649296321483,-1.1895754963637866,1.327412192571813,1102.5
883,-1.1771245340127012,-1.814255079653096,-1.8807484286144887,-2.579864187433252,-1.189830490762852,1.3378784480823256,1103.75
884,-1.1771245276310012,-1.8142550853974662,-1.8807484287441174,-2.579864190127182,-1.1898304902003811,1.3577153059931841,1105.0
885,-1.1771245180322083,-1.8142550940376423,-1.8807484289390932,-2.579864194179155,-1.1898304893543614,1.3875521639040178,1106.25
886,-1.1771245052163235,-1.8142551055736251,-1.880748429199417,-2.579864199589171,-1.1898304882247936,1.427389021814856,1107.5
887,-1.1771244892895738,-1.8142551199315728,-1.880748429743278,-2.579864205545059,-1.1898304877170514,1.4772258790609283,1108.75
888,-1.177124470708538,-1.814255136794106,-1.8807484315084824,-2.579864208556015,-1.1898304917225353,1.5370627332966775,1110.0
889,-1.1771244490222192,-1.8142551564747242,-1.8807484335686895,-2.579864212070165,-1.1898304963974202,1.606899587532431,1111.25
890,-1.1771244145071167,-1.8142551720523046,-1.880748437608665,-2.5798641923083125,-1.1898304644298885,1.6867364261836943,1112.5
891,-1.1771243751396374,-1.814255189205506,-1.8807484422636445,-2.5798641687154427,-1.1898304263890835,1.776573261079954,1113.75
892,-1.177124331362476,-1.814255208251972,-1.8807484474965874,-2.5798641422327866,-1.189830383885224,1.8764100869732783,1115.0
893,-1.1771242792885392,-1.8142552224004471,-1.8807484450372165,-2.5798641294492093,-1.1898303320890398,1.9862469033223187,1116.25
894,-1.17712422153912,-1.8142552362134974,-1.880748440390355,-2.5798641194141307,-1.1898302743687053,2.106083712250831,1117.5
895,-1.1771241588169377,-1.8142552464959767,-1.8807484308437963,-2.5798641177478165,-1.1898302116298023,2.2359205144156684,1118.75
896,-1.1771240910337948,-1.814255250529484,-1.8807484137827104,-2.579864129779914,-1.189830143763909,2.375757312936547,1120.0
897,-1.1771240205225693,-1.8142552496778557,-1.8807483912345062,-2.5798641521288377,-1.18983007308803,2.525594108760362,1121.25
898,-1.1771239488579295,-1.8142552400966432,-1.8807483600285324,-2.5798641918209206,-1.189830001119688,2.6854308977983883,1122.5
899,-1.1771238814814489,-1.8142552218366945,-1.8807483218898735,-2.579864247163599,-1.189829933311876,2.8517209808159487,1123.75
900,-1.177123822153349,-1.8142551991153595,-1.8807482819889967,-2.5798643088371067,-1.189829873499283,3.0096469264085766,1125.0
901,-1.177123778858845,-1.8142551692287214,-1.8807482402158135,-2.579864379766774,-1.189829829641631,3.157572872001272,1126.25
902,-1.177123741267875,-1.8142551394164235,-1.8807482002716223,-2.579864448878313,-1.1898297915008547,3.2954988175940128,1127.5
903,-1.1771237188352424,-1.8142551063276713,-1.8807481618841253,-2.5798645199261756,-1.1898297684991446,3.423424763186806,1128.75
904,-1.1771237014601783,-1.814255074380366,-1.8807481261414511,-2.57986458726638,-1.1898297505837736,3.5413507087796265,1130.0
905,-1.1771236909826923,-1.814255043844271,-1.8807480938674295,-2.579864649833519,-1.1898297396029271,3.6492766543724864,1131.25
906,-1.1771236899842006,-1.814255014101706,-1.8807480652703743,-2.57986470807367,-1.1898297381338,3.7472025999653797,1132.5
907,-1.1771236890876733,-1.8142549873963973,-1.8807480395935867,-2.579864760366455,-1.1898297368146975,3.8351285455582893,1133.75
908,-1.177123690739202,-1.8142549635827971,-1.8807480174527307,-2.5798648062777927,-1.1898297380946379,3.9130544911512084,1135.0
909,-1.1771236994182388,-1.8142549423943781,-1.8807479999752421,-2.579864845012769,-1.1898297464584326,3.9809804367441375,1136.25
910,-1.1771237068195548,-1.8142549243253006,-1.8807479850707747,-2.579864878045215,-1.1898297535909166,4.038906382337039,1137.5
911,-1.1771237129431509,-1.814254909375567,-1.880747972739325,-2.5798649053751306,-1.18982975949209,4.086832327929879,1138.75
912,-1.1771237177890264,-1.8142548975451738,-1.8807479629808972,-2.579864927002516,-1.1898297641619524,4.12475827352273,1140.0
913,-1.1771237213571815,-1.814254888834121,-1.8807479557954907,-2.5798649429273706,-1.1898297676005043,4.1526842191156055,1141.25
914,-1.1771237236476162,-1.8142548832424086,-1.880747951183106,-2.5798649531496958,-1.1898297698077454,4.1706101647084655,1142.5
915,-1.1776191031323995,-1.8155068216114807,-1.8790985008691987,-2.580266042134609,-1.190324410030652,4.179588632323146,1143.75
916,-1.1792501922845169,-1.8196289791503641,-1.8736675070650983,-2.5815866565673176,-1.1919530656701025,4.179735683504012,1145.0
917,-1.1797917045380797,-1.820997516472098,-1.871864447501085,-2.582025091873309,-1.1924937732968588,4.170982774667218,1146.25
918,-1.1797917032388199,-1.8209975223718524,-1.8718644504306223,-2.5820250888958998,-1.1924937789232715,4.153355328072107,1147.5
919,-1.1797917012024934,-1.820997531618521,-1.8718644550220782,-2.5820250842294143,-1.1924937877415318,4.125727881476992,1148.75
920,-1.1797916984291006,-1.8209975442121036,-1.871864461275452,-2.582025077873853,-1.1924937997516398,4.0881004348818735,1150.0
921,-1.1797916949186413,-1.8209975601525998,-1.871864469190744,-2.582025069829216,-1.192493814953596,4.040472988286779,1151.25
922,-1.179791690168442,-1.8209975799341938,-1.8718644772550679,-2.582025065881813,-1.1924938290137992,3.982845551694399,1152.5
923,-1.1797916845686114,-1.8209976031733657,-1.8718644866425262,-2.582025061541074,-1.1924938452954188,3.9152181155245773,1153.75
924,-1.1797916834073445,-1.8209976275205975,-1.8718645059602683,-2.582025027051306,-1.1924938501177693,3.8375906913207523,1155.0
925,-1.1797916841475142,-1.8209976540965398,-1.8718645310967943,-2.582024976612885,-1.1924938501511504,3.7499632718262403,1156.25
926,-1.1797916849384573,-1.820997683683656,-1.8718645591815228,-2.582024920070384,-1.1924938499077986,3.6523358639775747,1157.5
927,-1.1797916947971534,-1.8209977141032527,-1.8718645910996636,-2.5820248583811036,-1.1924938595860644,3.544708463088292,1158.75
928,-1.179791712015757,-1.8209977457728197,-1.8718646266704941,-2.582024791418191,-1.1924938773001568,3.4270810700933882,1160.0
929,-1.1797917337672073,-1.8209977787949438,-1.8718646649318869,-2.582024720485778,-1.1924938995917973,3.2994536846267133,1161.25
930,-1.1797917710455914,-1.8209978083713152,-1.8718647046776442,-2.5820246518011736,-1.1924939374211814,3.161826304110896,1162.5
931,-1.179791813523081,-1.8209978383522474,-1.8718647464156621,-2.5820245807991045,-1.192493980467189,3.014198924834413,1163.75
932,-1.1797918723728342,-1.8209978609109474,-1.871864786128536,-2.582024519468692,-1.1924940398002568,2.8565715525997737,1165.0
933,-1.1797919389509184,-1.8209978794841275,-1.8718648244257259,-2.5820244636433998,-1.1924941068150754,2.690347328017701,1166.25
934,-1.1797920103051487,-1.8209978890491052,-1.8718648556016197,-2.582024423993275,-1.1924941784736194,2.530211671169921,1167.5
935,-1.179792080355786,-1.820997890321666,-1.8718648784607455,-2.582024400909482,-1.1924942486944838,2.380076014322085,1168.75
936,-1.1797921478627966,-1.820997886328902,-1.871864895508892,-2.582024388849205,-1.1924943162829065,2.2399403574741585,1170.0
937,-1.179792210345001,-1.8209978764442356,-1.8718649053814338,-2.582024389764887,-1.1924943787424689,2.1098047006261775,1171.25
938,-1.1797922678706845,-1.8209978626999361,-1.8718649100389912,-2.5820243996703964,-1.192494436173781,1.9896690437781674,1172.5
939,-1.1797923199174916,-1.8209978488299572,-1.871864912883704,-2.5820244114323985,-1.1924944881124888,1.8795333869301458,1173.75
940,-1.1797923636927654,-1.8209978296988116,-1.8718649081515806,-2.582024435894235,-1.1924945316786388,1.7793977300820882,1175.0
941,-1.1797924030964435,-1.8209978124781918,-1.8718649038920239,-2.582024457913203,-1.1924945708940775,1.6892620732339845,1176.25
942,-1.1797924380226406,-1.8209977970840872,-1.871864899992145,-2.5820244776843855,-1.192494605651362,1.6091264163858963,1177.5
943,-1.17979246327595,-1.8209977793944674,-1.871864890912738,-2.5820245047799304,-1.1924946306786908,1.5389907595377903,1178.75
944,-1.179792484928622,-1.820997764227048,-1.8718648831278801,-2.582024528012169,-1.1924946521376023,1.478855102689687,1180.0
945,-1.1797925029806569,-1.8209977515818316,-1.8718648766375687,-2.582024547381104,-1.1924946700280974,1.4287194458416628,1181.25
946,-1.179792517432054,-1.820997741458816,-1.8718648714418065,-2.582024562886734,-1.1924946843501756,1.38858378899365,1182.5
947,-1.179792528282813,-1.8209977338580006,-1.8718648675405944,-2.5820245745290586,-1.192494695103836,1.3584481321455975,1183.75
948,-1.179792535532934,-1.820997728779385,-1.871864864933933,-2.582024582308078,-1.192494702289079,1.3383124752975475,1185.0
949,-1.1800070130361628,-1.8215464235309111,-1.871137662108543,-2.5822046283945297,-1.1927088408282531,1.327608527300119,1186.25
950,-1.1815491331585266,-1.825491695037628,-1.8659089012798007,-2.5834991762169213,-1.1942485240520702,1.3252299497394204,1187.5
951,-1.182423530443332,-1.8277287121283599,-1.8629441334148134,-2.5842332002323496,-1.1951215415296326,1.332237612175359,1188.75
952,-1.1824235255375537,-1.827728716535973,-1.8629441334863506,-2.584233202407189,-1.1951215409938807,1.3476179145842149,1190.0
953,-1.1824235174421251,-1.8277287238093383,-1.8629441336043997,-2.58423320599607,-1.195121540109792,1.3729982169930892,1191.25
954,-1.182423506157046,-1.827728733948455,-1.862944133768961,-2.5842332109989936,-1.1951215388773668,1.4083785194019391,1192.5
955,-1.182423491682317,-1.8277287469533239,-1.8629441339800346,-2.5842332174159592,-1.195121537296605,1.4537588218107644,1193.75
956,-1.1824234744782764,-1.8277287625098655,-1.862944135167127,-2.5842332218101043,-1.1951215393321073,1.509139118487794,1195.0
957,-1.1824234543500878,-1.827728780751012,-1.8629441369368287,-2.5842332256360665,-1.195121543305873,1.5745194130603086,1196.25
958,-1.1824234262216526,-1.827728798208017,-1.8629441399308795,-2.58423321755793,-1.1951215290451513,1.649899699260605,1197.5
959,-1.1824233892779459,-1.8277288142889963,-1.8629441443072081,-2.584233195507454,-1.1951214934296392,1.7352799773753826,1198.75
960,-1.1824233479795083,-1.8277288322362248,-1.86294414925962,-2.584233170596704,-1.1951214534100427,1.8306602457258547,1200.0
961,-1.1824233006296245,-1.827728849078411,-1.8629441511261393,-2.584233150182159,-1.1951214069164633,1.9360405073691151,1201.25
962,-1.182423245714027,-1.8277288621746508,-1.8629441466795953,-2.584233140697605,-1.1951213520341784,2.0514207606258874,1202.5
963,-1.1824231860376087,-1.8277288764072726,-1.8629441418435795,-2.584233130406643,-1.1951212923840178,2.176801005319801,1203.75
964,-1.1824231212366967,-1.827728880635328,-1.8629441258217723,-2.5842331412467345,-1.1951212275063934,2.312181244111681,1205.0
965,-1.1824230516346492,-1.827728884729055,-1.8629441081833322,-2.5842331537682206,-1.1951211578183196,2.457561482597674,1206.25
966,-1.182422982476897,-1.8277288763345065,-1.862944078723807,-2.584233190567559,-1.1951210883781784,2.6129417146193337,1207.5
967,-1.182422911150072,-1.8277288644173797,-1.8629440452190016,-2.5842332348922654,-1.195121016708331,2.7780967636991547,1208.75
968,-1.182422850899259,-1.8277288413032382,-1.8629440044214833,-2.5842332978404605,-1.1951209559600002,2.9404758098640262,1210.0
969,-1.18242279989776,-1.827728815734721,-1.8629439641381869,-2.584233362859882,-1.1951209044418214,3.0928548560289357,1211.25
970,-1.1824227615695784,-1.8277287853145991,-1.8629439231338258,-2.5842334336273955,-1.1951208655470131,3.235233902193899,1212.5
971,-1.1824227313174531,-1.8277287546799437,-1.8629438844253758,-2.584233502433385,-1.1951208347422222,3.367612948358931,1213.75
972,-1.1824227135067686,-1.8277287219244878,-1.8629438475393143,-2.584233571717404,-1.195120816371885,3.489991994523975,1215.0
973,-1.1824226971514549,-1.827728691845596,-1.8629438136673293,-2.584233635339994,-1.1951207995026496,3.6023710406890905,1216.25
974,-1.18242269512973,-1.827728661370788,-1.862943783855695,-2.5842336955108265,-1.1951207969915427,3.7047500868542,1217.5
975,-1.1824226941980593,-1.8277286336596972,-1.8629437570284617,-2.584233749957549,-1.1951207956168222,3.7971291330193395,1218.75
976,-1.1824226933672417,-1.8277286089483251,-1.862943733105264,-2.584233798510432,-1.1951207943909146,3.8795081791845183,1220.0
977,-1.1824227003518908,-1.8277285867829756,-1.8629437140410408,-2.5842338397820264,-1.1951208010378116,3.951887225349667,1221.25
978,-1.1824227082230963,-1.8277285675711346,-1.8629436980799587,-2.5842338750184757,-1.1951208086201806,4.014266271514855,1222.5
979,-1.1824227148324673,-1.8277285514391504,-1.8629436846775997,-2.5842339046061613,-1.1951208149870183,4.066645317679957,1223.75
980,-1.1824227201800033,-1.827728538387022,-1.862943673833965,-2.5842339285450833,-1.1951208201383245,4.109024363845069,1225.0
981,-1.1824227242657044,-1.8277285284147482,-1.8629436655490557,-2.584233946835241,-1.1951208240740996,4.141403410010208,1226.25
982,-1.1824227270895706,-1.827728521522328,-1.862943659822872,-2.5842339594766357,-1.195120826794343,4.1637824561753165,1227.5
983,-1.1824585950264668,-1.8278214063420153,-1.8628198290804705,-2.5842651608435085,-1.195156634765517,4.176274562426014,1228.75
984,-1.1837777805037888,-1.8312379023085388,-1.858265381176619,-2.585412507699295,-1.1964736167784098,4.180854337942497,1230.0
985,-1.1850062984133982,-1.8344195880762453,-1.854023959054958,-2.58648099500647,-1.1977000846870614,4.1756323557788,1231.25
986,-1.1850173816036247,-1.8344482987959898,-1.8539856934600831,-2.586490633224389,-1.1977111544141543,4.162497600712493,1232.5
987,-1.1850173798969301,-1.834448306450207,-1.8539856972256283,-2.5864906295495613,-1.1977111615897003,4.139399412781527,1233.75
988,-1.1850173774513488,-1.8344483174181987,-1.8539857026214073,-2.5864906242837753,-1.1977111718717866,4.106301224850585,1235.0
989,-1.1850173742668808,-1.8344483316999645,-1.8539857096474202,-2.5864906174270295,-1.1977111852604134,4.063203036919654,1236.25
990,-1.1850173700895672,-1.8344483495407404,-1.8539857175517962,-2.586490611837677,-1.1977111995437963,4.010104849909187,1237.5
991,-1.1850173648538576,-1.8344483710038264,-1.8539857261404662,-2.5864906082535017,-1.1977112141510409,3.9470066637915506,1238.75
992,-1.1850173607373107,-1.8344483950013035,-1.8539857392746761,-2.5864905931367517,-1.1977112261386509,3.873908482286186,1240.0
993,-1.1850173614314934,-1.8344484198906685,-1.8539857629861087,-2.586490545718983,-1.1977112261597043,3.790810312614449,1241.25
994,-1.1850173621904945,-1.8344484477624672,-1.853985789597575,-2.586490492392871,-1.1977112260257996,3.697712149929795,1242.5
995,-1.1850173650699034,-1.8344484781175916,-1.853985819322612,-2.5864904333309875,-1.197711228031381,3.594613994044435,1243.75
996,-1.185017381423726,-1.8344485082002335,-1.853985853337878,-2.5864903694981276,-1.1977112448576588,3.481515848196224,1245.0
997,-1.185017399225147,-1.83444854094171,-1.853985890363785,-2.58649030001002,-1.1977112631856586,3.358417710760568,1246.25
998,-1.1850174306108194,-1.8344485710535627,-1.853985929059398,-2.5864902317315166,-1.19771129511343,3.2253195789917446,1247.5
999,-1.1850174688976196,-1.8344486014481602,-1.8539859701611618,-2.586490160889797,-1.1977113339724164,3.082221448908867,1248.75
1000,-1.18501752092617,-1.8344486262231463,-1.8539860101282821,-2.586490096992855,-1.1977113865108286,2.929123323653319,1250.0
1001,-1.1850175810734307,-1.83444864931328,-1.8539860509967991,-2.5864900339962413,-1.1977114471575439,2.766025204789831,1251.25
1002,-1.1850176525787022,-1.8344486601535896,-1.8539860836185422,-2.5864899916314776,-1.1977115189907868,2.6014247608604144,1252.5
1003,-1.1850177213809405,-1.8344486675360048,-1.853986112077504,-2.586489956837409,-1.1977115880598281,2.446763208729274,1253.75
1004,-1.1850177902141257,-1.834448663509379,-1.853986129580603,-2.5864899443769356,-1.1977116569773478,2.3021016565980794,1255.0
1005,-1.1850178542485208,-1.8344486585556,-1.8539861447025234,-2.586489935150598,-1.1977117210708723,2.16744010446683,1256.25
1006,-1.1850179132092853,-1.834448644508236,-1.8539861495090162,-2.586489945232237,-1.1977117799343096,2.0427785523355304,1257.5
1007,-1.185017967440386,-1.8344486315877189,-1.8539861539299363,-2.586489954505157,-1.1977118340758897,1.9281170002042223,1258.75
1008,-1.185018013952999,-1.8344486142973362,-1.8539861517542486,-2.586489974617197,-1.1977118804123852,1.8234554480728744,1260.0
1009,-1.1850180548272946,-1.8344485964627055,-1.8539861473047363,-2.5864899974616513,-1.19771192108967,1.7287938959414995,1261.25
1010,-1.185018091383651,-1.83444858051212,-1.8539861433252645,-2.5864900178928303,-1.197711957469828,1.6441323438101114,1262.5
1011,-1.1850181205014978,-1.8344485639682415,-1.853986136465863,-2.5864900416845735,-1.1977119863859087,1.5694707916787134,1263.75
1012,-1.1850181434977214,-1.83444854787651,-1.8539861281402272,-2.5864900664003083,-1.197712009174371,1.5048092395473027,1265.0
1013,-1.1850181629375471,-1.8344485342733885,-1.853986121102162,-2.58649008729372,-1.1977120284385658,1.4501476874159578,1266.25
1014,-1.1850181788209748,-1.8344485231588774,-1.8539861153516657,-2.58649010436481,-1.1977120441784934,1.4054861352846237,1267.5
1015,-1.1850181911480038,-1.8344485145329745,-1.8539861108887412,-2.586490117613576,-1.197712056394153,1.3708245831532637,1268.75
1016,-1.1850181999186347,-1.8344485083956803,-1.853986107713389,-2.5864901270400193,-1.1977120650855448,1.3461630310219352,1270.0
1017,-1.1850182051328668,-1.8344485047469943,-1.8539861058256086,-2.5864901326441387,-1.1977120702526687,1.3315014788905952,1271.25
1018,-1.185981936055255,-1.8369752076943353,-1.8505983768725494,-2.5873579754914244,-1.198674102708965,1.325023207928614,1272.5
1019,-1.1874349346033177,-1.8407846839800488,-1.8454907488491468,-2.5886664062458875,-1.2001245414310269,1.3280769553622505,1273.75
1020,-1.1875773563558567,-1.8411580979202695,-1.844990091161165,-2.5887946622693363,-1.2002667152601176,1.3392757588768314,1275.0
1021,-1.1875773497844522,-1.8411581038136529,-1.8449900912219506,-2.588794665310502,-1.2002667144075383,1.36005547225536,1276.25
1022,-1.187577340050634,-1.841158112543159,-1.8449900913119885,-2.5887946698151936,-1.2002667131446652,1.390835185633878,1277.5
1023,-1.1875773271544028,-1.8411581241087893,-1.844990091431279,-2.588794675783412,-1.2002667114714978,1.4316148990124007,1278.75
1024,-1.1875773112584325,-1.8411581384014115,-1.8449900919031519,-2.5887946820277277,-1.2002667108036487,1.4823946085293551,1280.0
1025,-1.187577292706628,-1.8411581551903158,-1.8449900934111485,-2.5887946860378386,-1.2002667141338152,1.5431743077310525,1281.25
1026,-1.1875772706708894,-1.8411581744218575,-1.8449900952595177,-2.5887946895739855,-1.2002667163635035,1.6139540061203896,1282.5
1027,-1.187577236145535,-1.8411581894274298,-1.8449900993732768,-2.588794668981446,-1.2002666831002946,1.6947336887813176,1283.75
1028,-1.1875771973350042,-1.8411582062832734,-1.8449901040231695,-2.5887946457231394,-1.200266645624812,1.7855133672141354,1285.0
1029,-1.1875771542267852,-1.8411582249811818,-1.8449901092393204,-2.588794619668436,-1.2002666038311305,1.8862930376209637,1286.25
1030,-1.1875771025569146,-1.8411582380847529,-1.8449901058699685,-2.588794609001816,-1.200266552318949,1.997072697360923,1287.5
1031,-1.1875770457722759,-1.8411582515902036,-1.8449901012381897,-2.588794599269562,-1.2002664955640165,2.1178523498377615,1288.75
1032,-1.1875769841001822,-1.8411582605657364,-1.8449900907047612,-2.5887945999098685,-1.200266433865563,2.2486319958060585,1290.0
1033,-1.1875769175224522,-1.8411582644412494,-1.8449900737148208,-2.5887946120439103,-1.2002663672039424,2.3894116386966076,1291.25
1034,-1.1875768488041354,-1.8411582622763962,-1.8449900502320369,-2.588794636661286,-1.2002662983009122,2.5401912783449925,1292.5
1035,-1.1875767784715998,-1.841158252786819,-1.84499001918154,-2.588794676124948,-1.2002662276631733,2.7009709113569222,1293.75
1036,-1.187576713944118,-1.8411582336530838,-1.8449899806350023,-2.588794732788774,-1.2002661626878863,2.8669872098226907,1295.0
1037,-1.1875766564069454,-1.8411582115524523,-1.8449899414026754,-2.5887947932014455,-1.20026610467032,3.02396346099286,1296.25
1038,-1.187576615867451,-1.8411581815355103,-1.8449898998256251,-2.588794864107079,-1.2002660635600086,3.170939712163097,1297.5
1039,-1.18757657944176,-1.8411581526128347,-1.8449898605848811,-2.588794931646593,-1.2002660265900333,3.307915963333356,1298.75
1040,-1.187576559218382,-1.841158119897205,-1.844989822729428,-2.5887950018252193,-1.200266005796536,3.4348922145036824,1300.0
1041,-1.1875765424000104,-1.8411580889679668,-1.844989787657287,-2.5887950674899263,-1.20026598844417,3.5518684656740627,1301.25
1042,-1.1875765336054849,-1.8411580591157812,-1.8449897561221609,-2.5887951286633584,-1.200265979150395,3.6588447168444533,1302.5
1043,-1.1875765326379606,-1.841158030387482,-1.8449897281079484,-2.5887951853119744,-1.2002659777186908,3.7558209680148695,1303.75
1044,-1.1875765317702056,-1.841158004621594,-1.8449897029824998,-2.588795236119097,-1.200265976434621,3.8427972191853024,1305.0
1045,-1.187576534307163,-1.84115798162575,-1.8449896815891744,-2.588795280482554,-1.2002659786072105,3.9197734703557554,1306.25
1046,-1.1875765426544387,-1.8411579612599336,-1.8449896645418313,-2.588795317964035,-1.2002659866450358,3.9867497215262118,1307.5
1047,-1.187576549755411,-1.8411579439348695,-1.8449896500397698,-2.588795349849282,-1.2002659934827602,4.043725972696641,1308.75
1048,-1.1875765556100792,-1.84115792965056,-1.8449896380829869,-2.5887953761382945,-1.2002659991203841,4.090702223867021,1310.0
1049,-1.1875765602184434,-1.841157918407002,-1.8449896286714864,-2.588795396831072,-1.200266003557907,4.127678475037413,1311.25
1050,-1.187576563580504,-1.8411579102041948,-1.8449896218052686,-2.588795411927615,-1.200266006795329,4.154654726207816,1312.5
1051,-1.1875765656962607,-1.8411579050421392,-1.8449896174843332,-2.5887954214279234,-1.2002660088326502,4.171630977378218,1313.75
1052,-1.1881685600624308,-1.8427291552267802,-1.842870929292155,-2.5893470186498018,-1.2008569041272228,4.179895434910754,1315.0
1053,-1.1897029819172085,-1.8468017764851712,-1.8373793839686794,-2.5907767237540473,-1.2023884779429133,4.179167861454043,1316.25
1054,-1.1901008308354282,-1.847857741247521,-1.835955520724857,-2.591147420607005,-1.202785591787339,4.169777591544551,1317.5
1055,-1.1901008294709559,-1.8478577472932283,-1.8359555236744711,-2.5911474178427207,-1.2027855973583588,4.151349778068544,1318.75
1056,-1.190100827366042,-1.8478577566196868,-1.8359555282247164,-2.5911474135783754,-1.202785605952537,4.122921964592534,1320.0
1057,-1.1901008245206863,-1.8478577692268963,-1.8359555343755933,-2.5911474078139682,-1.2027856175698735,4.084494151116534,1321.25
1058,-1.1901008209174144,-1.8478577851314664,-1.8359555420761278,-2.5911474007420994,-1.2027856320566328,4.036066337801472,1322.5
1059,-1.1901008160614626,-1.8478578048036702,-1.835955549883038,-2.5911473978160116,-1.202785645059944,3.9776385287414993,1323.75
1060,-1.190100810374408,-1.847857827842799,-1.8359555590261116,-2.59114739438912,-1.2027856602887896,3.9092107196814947,1325.0
1061,-1.1901008097411825,-1.8478578516129267,-1.8359555791882358,-2.591147357239728,-1.2027856634123082,3.8307829240753843,1326.25
1062,-1.1901008104678699,-1.8478578777647414,-1.835955604305645,-2.591147307164897,-1.2027856633897158,3.7423551328900455,1327.5
1063,-1.1901008112480187,-1.8478579068533019,-1.835955632338723,-2.5911472511036435,-1.2027856631204525,3.6439273525987956,1328.75
1064,-1.1901008221052063,-1.8478579364674317,-1.835955664288044,-2.5911471900805303,-1.202785673921372,3.5354995802192324,1330.0
1065,-1.1901008390244632,-1.847857967582601,-1.835955699725938,-2.591147123795829,-1.2027856913414512,3.4170718155929123,1331.25
1066,-1.1901008616666102,-1.8478579994566373,-1.8359557376813116,-2.5911470543324655,-1.202785714524464,3.2886440582810215,1332.5
1067,-1.1901008982560761,-1.847858028511594,-1.835955777238456,-2.591146986345338,-1.202785751666464,3.15021630548798,1333.75
1068,-1.1901009411490344,-1.8478580571070915,-1.8359558183182425,-2.591146917388697,-1.2027857951179326,3.0017885543692318,1335.0
1069,-1.1901009988665148,-1.847858079287021,-1.8359558578134059,-2.591146856637088,-1.2027858533200213,2.843360810160381,1336.25
1070,-1.1901010648148316,-1.8478580964202411,-1.8359558949913644,-2.591146803358465,-1.20278591968926,2.6770029153904695,1337.5
1071,-1.1901011340900625,-1.8478581057831018,-1.8359559256839033,-2.591146764363907,-1.202785989267001,2.517674286229204,1338.75
1072,-1.1901012025023174,-1.8478581060577168,-1.8359559473068783,-2.5911467434893014,-1.2027860578329248,2.3683456570678967,1340.0
1073,-1.1901012679938008,-1.8478581022635068,-1.8359559640781846,-2.5911467314803707,-1.2027861234059116,2.229017027906517,1341.25
1074,-1.190101328553391,-1.8478580918787322,-1.8359559729281947,-2.591146733891506,-1.2027861839296747,2.0996883987451103,1342.5
1075,-1.1901013843067552,-1.8478580786305727,-1.8359559775051655,-2.5911467433593844,-1.2027862395904247,1.9803597695836612,1343.75
1076,-1.190101434372459,-1.8478580646255338,-1.8359559795736615,-2.5911467560055517,-1.2027862895388686,1.8710311404221578,1345.0
1077,-1.190101476740918,-1.8478580461684424,-1.8359559749282977,-2.5911467796903906,-1.2027863317012848,1.771702511260661,1346.25
1078,-1.1901015148438958,-1.8478580295695388,-1.8359559707506046,-2.591146800990737,-1.2027863696189631,1.6823738820991365,1347.5
1079,-1.1901015481285326,-1.8478580143898036,-1.8359559664428953,-2.591146820933833,-1.2027864027307391,1.6030452529375714,1348.75
1080,-1.1901015724846982,-1.8478579973654368,-1.835955957561728,-2.5911468471565424,-1.2027864268647401,1.533716623776041,1350.0
1081,-1.1901015933277164,-1.8478579827966741,-1.8359559499615852,-2.591146869596874,-1.2027864475176395,1.474387994614499,1351.25
1082,-1.190101610657589,-1.8478579706835183,-1.8359559436424637,-2.591146888254828,-1.2027864646894375,1.4250593654530104,1352.5
1083,-1.1901016244743146,-1.847857961025966,-1.835955938604367,-2.5911469031304035,-1.2027864783801339,1.3857307362915452,1353.75
1084,-1.190101634777893,-1.8478579538240174,-1.8359559348472954,-2.591146914223601,-1.2027864885897284,1.3564021071300543,1355.0
1085,-1.1901016415683245,-1.8478579490776723,-1.835955932371249,-2.5911469215344205,-1.202786495318221,1.337073477968552,1356.25
1086,-1.1903849644038855,-1.848619225267996,-1.8349236480732891,-2.591419906930035,-1.2030692648665875,1.3269876797450797,1357.5
1087,-1.1918740465965625,-1.8526203856982824,-1.8294981308387082,-2.592854656062014,-1.2045554393830487,1.3253419743187411,1358.75
1088,-1.1925918160123177,-1.8545490399129276,-1.8268829061372507,-2.5935462390397674,-1.2052718091773968,1.3328941688296583,1360.0
1089,-1.1925918109828804,-1.8545490444155246,-1.8268829061586564,-2.5935462414578008,-1.2052718084241127,1.3489349854654504,1361.25
1090,-1.192591802818044,-1.8545490517250842,-1.8268829061934067,-2.59354624538326,-1.205271807201224,1.3749758021012328,1362.5
1091,-1.192591791517808,-1.8545490618416065,-1.8268829062415017,-2.5935462508161438,-1.2052718055087306,1.411016618737019,1363.75
1092,-1.1925917770821721,-1.8545490747650908,-1.826882906302941,-2.5935462577564534,-1.2052718033466325,1.457057435372781,1365.0
1093,-1.192591760007949,-1.8545490901673156,-1.8268829073508388,-2.5935462626550496,-1.205271805083008,1.5130982382686113,1366.25
1094,-1.1925917400221007,-1.8545491082286647,-1.826882908850393,-2.5935462674624605,-1.2052718083172582,1.5791390377145347,1367.5
1095,-1.1925917116503402,-1.8545491249802248,-1.826882911827606,-2.5935462584571463,-1.2052717916276174,1.6551798276103855,1368.75
1096,-1.1925916753216146,-1.854549140745703,-1.8268829161823885,-2.5935462368028426,-1.2052717566478524,1.741220610467094,1370.0
1097,-1.1925916347426186,-1.8545491583240867,-1.8268829211141924,-2.593546212326845,-1.2052717173630572,1.837261382545741,1371.25
1098,-1.1925915879504816,-1.8545491742825648,-1.826882922330011,-2.5935461935919837,-1.2052716713583589,1.9433021479124195,1372.5
1099,-1.1925915340535094,-1.8545491870679889,-1.8268829179047166,-2.59354618440808,-1.205271617495624,2.0593429050168153,1373.75
1100,-1.1925914755002287,-1.8545492006386517,-1.8268829127816697,-2.593546175077517,-1.2052715589669871,2.1853836539518783,1375.0
1101,-1.1925914119400067,-1.854549204305283,-1.826882896445483,-2.5935461868093634,-1.2052714953251435,2.321424396854995,1376.25
1102,-1.1925913437181968,-1.8545492082159276,-1.8268828788867877,-2.5935461994512927,-1.2052714270159084,2.4674651396974014,1377.5
1103,-1.1925912762817847,-1.854549199088138,-1.8268828489012137,-2.593546237531449,-1.2052713592833924,2.6235058753780898,1378.75
1104,-1.192591207269888,-1.8545491864721422,-1.826882815031664,-2.593546282950679,-1.2052712899152178,2.789078118447539,1380.0
1105,-1.1925911487109835,-1.8545491639612406,-1.826882774816361,-2.593546344739835,-1.2052712308619713,2.950789934616171,1381.25
1106,-1.1925911001476992,-1.854549138389439,-1.8268827347550998,-2.593546409576966,-1.2052711817764925,3.1025017507848704,1382.5
1107,-1.1925910629158931,-1.854549108823552,-1.826882694359011,-2.5935464789015557,-1.2052711439823969,3.2442135669536007,1383.75
1108,-1.192591034581544,-1.8545490786147052,-1.8268826561235254,-2.5935465468397925,-1.2052711150948061,3.3759253831223845,1385.0
1109,-1.1925910172918548,-1.8545490468282506,-1.8268826198123658,-2.593546614592157,-1.2052710972504348,3.497637199291212,1386.25
1110,-1.1925910014227095,-1.8545490176534176,-1.8268825864845721,-2.5935466767778994,-1.2052710808721803,3.609349015460076,1387.5
1111,-1.1925910003899949,-1.8545489879063195,-1.8268825572454799,-2.5935467356674935,-1.2052710793535746,3.7110608316289695,1388.75
1112,-1.1925909994846922,-1.854548961077729,-1.8268825308832162,-2.5935467887716204,-1.2052710780101088,3.802772647797891,1390.0
1113,-1.1925909986781011,-1.8545489371744552,-1.8268825073954171,-2.5935468360854212,-1.205271076813131,3.884484463966818,1391.25
1114,-1.1925910060861844,-1.854548915728354,-1.8268824888679642,-2.5935468761112404,-1.2052710838887823,3.9561962801357478,1392.5
1115,-1.1925910136836297,-1.854548897202338,-1.8268824732382776,-2.5935469103300064,-1.205271091201686,4.017908096304684,1393.75
1116,-1.1925910200499585,-1.854548881678345,-1.8268824601412783,-2.5935469390038426,-1.205271097329581,4.069619912473569,1395.0
1117,-1.1925910251851706,-1.8545488691563734,-1.8268824495769678,-2.5935469621327503,-1.2052711022724674,4.111331728642444,1396.25
1118,-1.1925910290892654,-1.854548859636422,-1.8268824415453473,-2.593546979716728,-1.205271106030345,4.14304354481133,1397.5
1119,-1.1925910317622437,-1.8545488531184908,-1.826882436046417,-2.5935469917557765,-1.205271108603214,4.164755360980199,1398.75
1120,-1.1926574110862789,-1.8547294151986846,-1.8266362302231014,-2.5936130956861847,-1.2053373517183772,4.176685350093032,1400.0
1121,-1.193967681172624,-1.858293700517493,-1.8217762944758167,-2.594917829787241,-1.2066449341849659,4.180706294009456,1401.25
1122,-1.195046216915085,-1.861227611511975,-1.8177758855274755,-2.5959918068050793,-1.20772125973847,4.174998199482356,1402.5
1123,-1.1950476895582969,-1.8612316246740859,-1.8177704217253694,-2.5959932723018904,-1.2077227343784458,4.161371022051634,1403.75
1124,-1.1950476878061838,-1.861231632346211,-1.817770425440836,-2.595993268958261,-1.207722741327336,4.137749218899114,1405.0
1125,-1.1950476853123346,-1.861231643266236,-1.8177704307291997,-2.5959932641991474,-1.2077227512179531,4.104127415746605,1406.25
1126,-1.1950476820767502,-1.861231657434161,-1.8177704375904604,-2.5959932580245493,-1.2077227640502977,4.060505612594105,1407.5
1127,-1.1950476778189287,-1.8612316751129074,-1.8177704452172434,-2.5959932534659735,-1.2077227773315706,4.006883813386432,1408.75
1128,-1.1950476725252004,-1.861231696315289,-1.8177704535702022,-2.5959932506711554,-1.2077227909402892,3.9432620173221986,1410.0
1129,-1.195047668729075,-1.86123171979939,-1.8177704670952555,-2.5959932342477896,-1.2077228012312136,3.86964022679186,1411.25
1130,-1.1950476694115104,-1.8612317442205841,-1.8177704907304828,-2.595993187319355,-1.2077228012220154,3.786018447310902,1412.5
1131,-1.1950476701565682,-1.861231771547771,-1.817770517244422,-2.5959931345558296,-1.2077228010486443,3.6923966756041073,1413.75
1132,-1.1950476737374363,-1.8612318011140994,-1.8177705469192733,-2.595993076223145,-1.2077228038319059,3.588774910760377,1415.0
1133,-1.1950476897761868,-1.8612318305985802,-1.8177705807547777,-2.5959930131598927,-1.2077228203461343,3.475153155343036,1416.25
1134,-1.19504770722821,-1.8612318626769837,-1.8177706175712762,-2.5959929445351744,-1.2077228383286545,3.3515314089066903,1417.5
1135,-1.1950477388139724,-1.861231891824179,-1.8177706559422342,-2.5959928775498775,-1.2077228704556142,3.2179096680318553,1418.75
1136,-1.1950477763221656,-1.8612319216070028,-1.817770696786342,-2.5959928075637504,-1.2077229085364407,3.074287928483132,1420.0
1137,-1.195047828066592,-1.8612319453477912,-1.8177707362039022,-2.5959927452439118,-1.20772296078379,2.9206661940634833,1421.25
1138,-1.1950478869619305,-1.8612319679931562,-1.817770776797773,-2.5959926829475317,-1.2077230201790805,2.7570444659368873,1422.5
1139,-1.1950479571665975,-1.8612319778934432,-1.8177708085048656,-2.595992642417568,-1.207723090700241,2.592919573337566,1423.75
1140,-1.195048024365507,-1.8612319844597514,-1.8177708360144118,-2.5959926093651102,-1.2077231581545236,2.438788186899298,1425.0
1141,-1.195048091301108,-1.8612319806141062,-1.8177708532800871,-2.5959925969363202,-1.2077232251747214,2.294656800460955,1426.25
1142,-1.1950481535339053,-1.8612319752967421,-1.8177708676327315,-2.595992588817917,-1.2077232874576975,2.1605254140225854,1427.5
1143,-1.1950482108343818,-1.8612319617143764,-1.8177708723706218,-2.595992598483063,-1.207723344662383,2.0363940275841577,1428.75
1144,-1.1950482635187465,-1.8612319492262097,-1.8177708767268195,-2.5959926073695896,-1.2077233972586734,1.922262641145696,1430.0
1145,-1.1950483084597427,-1.8612319320843933,-1.817770874109931,-2.595992627754365,-1.2077234420184646,1.8181312547072028,1431.25
1146,-1.195048348128498,-1.861231914830821,-1.8177708697284207,-2.595992649936318,-1.207723481492573,1.7239998682686917,1432.5
1147,-1.1950483835830643,-1.8612318994101762,-1.8177708658123741,-2.5959926697617832,-1.2077235167731708,1.6398684818301676,1433.75
1148,-1.195048411508092,-1.8612318831899324,-1.8177708587516124,-2.5959926934167203,-1.207723544494572,1.5657370953916336,1435.0
1149,-1.1950484337671636,-1.8612318676498512,-1.8177708505754475,-2.595992717423953,-1.2077235665486536,1.5016057089531014,1436.25
1150,-1.195048452555381,-1.8612318545329338,-1.8177708436741893,-2.595992737687741,-1.2077235851638453,1.4474743225146054,1437.5
1151,-1.195048467872744,-1.8612318438391813,-1.8177708380478377,-2.5959927542080847,-1.207723600340147,1.4033429360761356,1438.75
1152,-1.1950484797192524,-1.8612318355685913,-1.8177708336963954,-2.5959927669849834,-1.2077236120775579,1.3692115496376547,1440.0
1153,-1.1950484880949062,-1.861231829721164,-1.8177708306198628,-2.595992776018436,-1.2077236203760782,1.3450801631991767,1441.25
1154,-1.1950484929997052,-1.8612318262968994,-1.817770828818239,-2.5959927813084436,-1.2077236252357075,1.3309487767607016,1442.5
1155,-1.1960327739356065,-1.8639425422218143,-1.8140545001619277,-2.5970051729163846,-1.2087057881117638,1.3248339041247803,1443.75
1156,-1.1973715657805557,-1.8676295973720045,-1.8089996382250482,-2.5983822017057348,-1.2100416999859909,1.3283446426134164,1445.0
1157,-1.1974723895056298,-1.867907280336692,-1.8086189459870847,-2.5984859103603553,-1.2101423097129513,1.3398420631779009,1446.25
1158,-1.1974723829250296,-1.8679072862180433,-1.8086189459840964,-2.5984859136342577,-1.210142308598545,1.3610109188556705,1447.5
1159,-1.1974723732358057,-1.867907294877698,-1.8086189459796964,-2.5984859184547253,-1.2101423069577022,1.3921797745334583,1448.75
1160,-1.1974723604379582,-1.8679073063156568,-1.808618945973885,-2.598485924821758,-1.2101423047904227,1.4333486302112075,1450.0
1161,-1.1974723447152444,-1.8679073204121979,-1.8086189463217064,-2.5984859314495403,-1.2101423037289547,1.4845174802219918,1451.25
1162,-1.1974723263610305,-1.8679073369761883,-1.8086189475899836,-2.5984859362852877,-1.2101423063791554,1.545686317778935,1452.5
1163,-1.1974723042396784,-1.867907355658802,-1.8086189492592513,-2.5984859397674342,-1.210142306551296,1.6168551538592375,1453.75
1164,-1.1974722703786207,-1.8679073703311242,-1.8086189533435706,-2.598485919595637,-1.2101422739661587,1.6980239748114347,1455.0
1165,-1.1974722323343039,-1.8679073868025962,-1.8086189579618561,-2.598485896807333,-1.2101422372664858,1.7891927909657368,1456.25
1166,-1.197472190097424,-1.8679074050664015,-1.8086189631388472,-2.5984858712969534,-1.2101421963718642,1.890361599443779,1457.5
1167,-1.1974721393107273,-1.8679074175386616,-1.808618959414848,-2.5984858616898374,-1.2101421456922996,2.0015303967856672,1458.75
1168,-1.1974720837041637,-1.86790743069886,-1.8086189548140408,-2.598485852284358,-1.2101420901165105,2.122699186902128,1460.0
1169,-1.1974720233117226,-1.8679074389986994,-1.8086189439319549,-2.5984858539641564,-1.210142029693789,2.253867970574807,1461.25
1170,-1.1974719581434914,-1.8679074427293827,-1.8086189270591349,-2.598485866143275,-1.210141964440845,2.3950367513460398,1462.5
1171,-1.1974718910972282,-1.8679074400520799,-1.808618903316126,-2.5984858915538886,-1.2101418972014288,2.546205528607476,1463.75
1172,-1.1974718222759548,-1.8679074307156625,-1.8086188724894134,-2.5984859306612114,-1.2101418280744205,2.7073742993169496,1465.0
1173,-1.1974717597974363,-1.867907411507921,-1.8086188339877913,-2.5984859873831394,-1.2101417651418753,2.873222617274074,1466.25
1174,-1.1974717037727187,-1.867907389963887,-1.8086187952297266,-2.598486046788158,-1.210141708638985,3.0298031021117247,1467.5
1175,-1.1974716648848107,-1.8679073603356806,-1.808618753947973,-2.598486117035938,-1.2101416691779803,3.1763835869494423,1468.75
1176,-1.1974716294282515,-1.8679073321857211,-1.8086187151955653,-2.598486183331496,-1.2101416331802204,3.3129640717872766,1470.0
1177,-1.1974716103549832,-1.86790730010495,-1.8086186777519673,-2.598486252483847,-1.2101416135374194,3.4395445566250795,1471.25
1178,-1.197471593990464,-1.867907270036246,-1.808618643133196,-2.5984863168452885,-1.2101415966424367,3.5561250414629475,1472.5
1179,-1.197471585977211,-1.8679072409018604,-1.8086186120605245,-2.598486376853904,-1.2101415881325708,3.662705526300855,1473.75
1180,-1.1974715850338147,-1.8679072130051786,-1.808618584427609,-2.598486432294276,-1.2101415867285608,3.759286011138795,1475.0
1181,-1.1974715841880983,-1.8679071879969409,-1.8086185596558162,-2.5984864819943194,-1.2101415854699231,3.8458664959767406,1476.25
1182,-1.1974715870320471,-1.8679071656715338,-1.808618538675121,-2.598486525282917,-1.2101415879532178,3.9224469808146885,1477.5
1183,-1.197471595129991,-1.8679071459394136,-1.8086185218905297,-2.5984865618677944,-1.2101415957447665,3.9890274656526574,1478.75
1184,-1.197471602011671,-1.8679071291709433,-1.8086185076268853,-2.5984865929578365,-1.2101416023660705,4.0456079504905915,1480.0
1185,-1.197471607677087,-1.8679071153661244,-1.8086184958841862,-2.5984866185530437,-1.2101416078171292,4.092188435328456,1481.25
1186,-1.1974716121262392,-1.8679071045249542,-1.8086184866624353,-2.5984866386534167,-1.2101416120979427,4.128768920166345,1482.5
1187,-1.1974716153591274,-1.8679070966474325,-1.8086184799616325,-2.598486653258954,-1.2101416152085112,4.155349405004246,1483.75
1188,-1.1974716173757518,-1.8679070917335594,-1.8086184757817783,-2.5984866623696568,-1.2101416171488344,4.1719298898421595,1485.0
1189,-1.1980791812674092,-1.8696011097049512,-1.8062834586335366,-2.599131818668428,-1.2107478110573326,4.179917289157212,1486.25
1190,-1.1995225718491496,-1.8736256036454286,-1.8007361502215455,-2.6006645098430705,-1.2121879477028892,4.178863151866693,1487.5
1191,-1.1998633025391445,-1.8745756415493353,-1.7994266363345561,-2.601026320492855,-1.2125279135643936,4.169260657756126,1488.75
1192,-1.1998633011512574,-1.8745756475571242,-1.7994266392248535,-2.6010263179957116,-1.2125279189125908,4.150575459896659,1490.0
1193,-1.1998632990205966,-1.8745756567801803,-1.7994266436619895,-2.6010263141621404,-1.2125279271230525,4.1218902620371605,1491.25
1194,-1.1998632961471623,-1.874575669218503,-1.7994266496459634,-2.6010263089921404,-1.2125279381957783,4.0832050641777,1492.5
1195,-1.199863292500741,-1.8745756849000657,-1.7994266570908621,-2.6010263028062384,-1.212527951859562,4.0345198667568924,1493.75
1196,-1.199863287614172,-1.8745757042574036,-1.7994266646682884,-2.6010263005604504,-1.2125279639209812,3.975834675819601,1495.0
1197,-1.199863281894928,-1.8745757269132464,-1.7994266735369138,-2.6010262979319783,-1.212527978037675,3.9071494848823054,1496.25
1198,-1.1998632814276182,-1.8745757501023501,-1.7994266938435,-2.6010262603885153,-1.2125279805004663,3.828464307900556,1497.5
1199,-1.1998632821395503,-1.87457577567082,-1.7994267188137536,-2.601026210975737,-1.2125279804438382,3.739779135263824,1498.75
1200,-1.1998632829059095,-1.8745758041015974,-1.7994267466743186,-2.6010261556748713,-1.2125279801565503,3.6410939733852277,1500.0
1201,-1.199863293902659,-1.8745758329596551,-1.7994267784477687,-2.601026095531793,-1.2125279911385949,3.53240881973151,1501.25
1202,-1.199863310459592,-1.874575863373388,-1.7994268136341462,-2.6010260301911527,-1.212528008198717,3.4137236738058956,1502.5
1203,-1.1998633330175439,-1.8745758943519752,-1.7994268512676628,-2.601025961942738,-1.2125280312978726,3.285038535167186,1503.75
1204,-1.1998633688076052,-1.8745759227596417,-1.799426890530829,-2.6010258948829525,-1.2125280676400154,3.146353400957861,1505.0
1205,-1.1998634111425923,-1.8745759504515818,-1.7994269311576736,-2.6010258272721405,-1.2125281105293708,2.997668268609282,1506.25
1206,-1.199863467583485,-1.8745759721556847,-1.799426970349817,-2.6010257672801282,-1.2125281674546746,2.83898314310178,1507.5
1207,-1.1998635322917013,-1.8745759885775404,-1.7994270069568576,-2.6010257152652114,-1.2125282325783733,2.672553261059079,1508.75
1208,-1.19986359986311,-1.8745759977517342,-1.799427037337127,-2.6010256767481867,-1.2125283004518366,2.513366012150059,1510.0
1209,-1.1998636667306195,-1.8745759977251897,-1.7994270584415797,-2.60102565667256,-1.2125283674677698,2.364178763240954,1511.25
1210,-1.199863730601944,-1.8745759940811788,-1.7994270750396788,-2.6010256446661657,-1.2125284314210605,2.224991514331845,1512.5
1211,-1.1998637896473832,-1.874575983699975,-1.7994270834834798,-2.6010256474609053,-1.2125284904263727,2.0958042654226667,1513.75
1212,-1.1998638440112446,-1.8745759708430363,-1.7994270880117846,-2.601025656570078,-1.212528544698766,1.9766170165134382,1515.0
1213,-1.19986389268386,-1.8745759569892715,-1.7994270897607538,-2.601025669367434,-1.2125285932507681,1.867429767604142,1516.25
1214,-1.1998639339857002,-1.8745759390538632,-1.7994270851642458,-2.601025692470506,-1.2125286343481247,1.7682425186948607,1517.5
1215,-1.199863971123515,-1.874575922926696,-1.7994270810311495,-2.601025713244341,-1.212528671302072,1.6790552697855623,1518.75
1216,-1.199864003332462,-1.8745759080006843,-1.799427076522417,-2.6010257331219857,-1.2125287033360308,1.5998680208762237,1520.0
1217,-1.199864027060185,-1.8745758914561912,-1.7994270677410098,-2.601025758759324,-1.2125287268431355,1.5306807719668805,1521.25
1218,-1.1998640473584146,-1.8745758773029613,-1.7994270602288263,-2.601025780691162,-1.2125287469526338,1.4714935230575688,1522.5
1219,-1.1998640642271508,-1.8745758655409972,-1.7994270539858621,-2.6010257989175,-1.2125287636645266,1.4223062741483143,1523.75
1220,-1.1998640776663936,-1.8745758561702968,-1.7994270490121225,-2.601025813438338,-1.2125287769788127,1.3831190252390795,1525.0
1221,-1.1998640876761426,-1.8745758491908586,-1.7994270453076064,-2.6010258242536755,-1.2125287868954924,1.3539317763297907,1526.25
1222,-1.1998640942563978,-1.8745758446026832,-1.7994270428723145,-2.601025831363512,-1.212528793414565,1.3347445274205332,1527.5
1223,-1.199864097407159,-1.8745758424057706,-1.7994270417062466,-2.6010258347678477,-1.2125287965360307,1.3255572785112504,1528.75
1224,-1.1998640977078066,-1.8745758421961398,-1.7994270415949798,-2.6010258350926914,-1.212528796833883,1.3246806258398423,1529.273406112
