,shoulder_pan_joint,shoulder_lift_joint,elbow_joint,wrist_1_joint,wrist_2_joint,wrist_3_joint,time_from_start
0,-1.2434328238116663,-1.9482529799090784,-1.7009313742267054,-2.671936813985006,-1.2833192984210413,1.8396403789520264,0.0
1,-1.2432985855362666,-1.9479009585078553,-1.7014200651951275,-2.671655383811115,-1.2832416181131066,1.8446403789520263,1.25
2,-1.2428958707100675,-1.9468448943041858,-1.7028861381003941,-2.6708110932894416,-1.2830085771893025,1.8596403789520264,2.5
3,-1.2422246793330687,-1.9450847872980703,-1.7053295929425052,-2.6694039424199856,-1.2826201756496292,1.8846403789520265,3.75
4,-1.241285011405271,-1.9426206374895085,-1.7087504297214606,-2.6674339312027473,-1.282076413494086,1.9196403789520267,5.0
5,-1.2400714752561943,-1.9394518091993957,-1.7131468300142132,-2.6648959801621572,-1.2813496473745651,1.9646403629364815,6.25
6,-1.2385692596874986,-1.9355765528365614,-1.718513803835416,-2.6617761341723893,-1.2803639456604294,2.0196403367021283,7.5
7,-1.2367667657037589,-1.9309934986086628,-1.724847442849719,-2.6580634648112875,-1.2790598438761194,2.0846402995325928,8.75
8,-1.2346498163902355,-1.9257020998917924,-1.7321397518068484,-2.653757886579414,-1.2773649468345525,2.159640235906,10.0
9,-1.232201212925653,-1.9197031354197367,-1.7403769118500705,-2.648876303564991,-1.275191799669276,2.244640157093712,11.25
10,-1.2294018889327405,-1.9129972336926606,-1.749543960523897,-2.6434355931678644,-1.2724445314149122,2.339640053841366,12.5
11,-1.226229581187118,-1.9055876240404808,-1.7596157108840424,-2.6374865911140546,-1.2690139720911198,2.4446399323548054,13.75
12,-1.2226601462960307,-1.8974787083483582,-1.7705611758831203,-2.6310981950263477,-1.2647859674933777,2.5596397862438236,15.0
13,-1.2186672912178356,-1.8886766138311986,-1.7823417764776384,-2.624364066739142,-1.259640314689733,2.684639618127914,16.25
14,-1.2142234087892598,-1.8791904978633776,-1.794906448948705,-2.617422454465654,-1.2534618459126357,2.8196394284709005,17.5
15,-1.2095776956896622,-1.8695943977281357,-1.807463236117317,-2.6108186792480534,-1.246570380212873,2.95659443714372,18.75
16,-1.2051468524823306,-1.8607210151102809,-1.8189243013761418,-2.605158269943308,-1.2396555441607084,3.083655712163574,20.0
17,-1.2009649112087915,-1.8525744513655409,-1.8293103299499451,-2.600391603501439,-1.2328770887477045,3.2007170021853706,21.25
18,-1.1970597482385417,-1.8451503263546538,-1.838654126761397,-2.596449619397184,-1.2263722466444804,3.307778309776844,22.5
19,-1.1934559030020728,-1.838443065140377,-1.84699156710146,-2.593245505893073,-1.2202537123907202,3.404839618622046,23.75
20,-1.1901736851896116,-1.8324465780539472,-1.8543589774473102,-2.5906837592920553,-1.2146036800259452,3.491900944670845,25.0
21,-1.1872316799340201,-1.8271551312294663,-1.8607900195131455,-2.5886750528958977,-1.2094984787265899,3.568962280057991,26.25
22,-1.1846439814296927,-1.8225629800941914,-1.866316882560442,-2.587128415046596,-1.2049826919752835,3.636023631963029,27.5
23,-1.1824229831026507,-1.818664972062103,-1.8709682186942738,-2.585962479073583,-1.2010956653305298,3.693084976804202,28.75
24,-1.180578726728493,-1.8154566978335513,-1.8747684135043317,-2.585107312356893,-1.1978665998893572,3.7401463333726634,30.0
25,-1.1791184095338902,-1.8129343488114509,-1.877738212116066,-2.584501571121031,-1.195308890917664,3.777207698593947,31.25
26,-1.1780476981265924,-1.8110949262370117,-1.8798939485501114,-2.5840969548899047,-1.1934330831574709,3.804269069760068,32.5
27,-1.1773711119070038,-1.809936038251371,-1.8812486504332195,-2.5838549408481137,-1.1922475865726292,3.8213304469625964,33.75
28,-1.176272978354345,-1.808055326908307,-1.8834469395511295,-2.5834629745986013,-1.1903234577836581,3.8284146681031475,35.0
29,-1.1745191928866754,-1.80505172327053,-1.8869577438128873,-2.582836971951449,-1.1872505097426995,3.8255205690540897,36.25
30,-1.1744362933457506,-1.8049097510091188,-1.8871236991479416,-2.582807373955471,-1.1871052561658664,3.813396434234832,37.5
31,-1.1744362941742321,-1.8049097612970268,-1.8871237037622897,-2.582807360432273,-1.1871052600977379,3.7913927461948047,38.75
32,-1.1744362953792333,-1.8049097762604736,-1.887123710473717,-2.5828073407631975,-1.1871052658165246,3.7593890581547775,40.0
33,-1.1744362968996545,-1.8049097960050684,-1.8871237189522607,-2.582807316248609,-1.1871052727930322,3.717385396160528,41.25
34,-1.1744362987672885,-1.8049098204758622,-1.8871237293696137,-2.582807286211875,-1.1871052813026215,3.665381739809693,42.5
35,-1.1744363017056147,-1.8049098483806914,-1.8871237424544993,-2.5828072504645108,-1.187105291361201,3.6033780851543917,43.75
36,-1.17443631235622,-1.804909867851012,-1.8871237644077516,-2.582807209615628,-1.1871053021534195,3.531374446230807,45.0
37,-1.1744363244836684,-1.8049098900246818,-1.8871237894128368,-2.5828071630799747,-1.187105314425135,3.4493708086391477,46.25
38,-1.1744363380804037,-1.8049099148993513,-1.8871238174792264,-2.58280711081349,-1.187105328113677,3.3573671762170996,47.5
39,-1.1744363618508107,-1.8049099386735175,-1.8871238477391716,-2.582807057338466,-1.1871053521813633,3.255363546800947,48.75
40,-1.1744363925665127,-1.804909962759421,-1.8871238805112718,-2.582807000992838,-1.1871053833282148,3.143359922419785,50.0
41,-1.1744364278075357,-1.8049099877543604,-1.8871239155642097,-2.582806941525917,-1.1871054190274533,3.0213563063224163,51.25
42,-1.1744364777096932,-1.804910006601611,-1.8871239492239378,-2.5828068898168794,-1.1871054693361887,2.8893526978136563,52.5
43,-1.1744365318005539,-1.8049100264086568,-1.8871239851084725,-2.5828068349886153,-1.1871055238580042,2.7473490916726386,53.75
44,-1.1744366003824942,-1.8049100353670353,-1.8871240150164177,-2.5828067971712105,-1.1871055927294514,2.5953454901382544,55.0
45,-1.1744366708926448,-1.804910042135634,-1.8871240434089913,-2.582806763081423,-1.1871056634985606,2.441188778058631,56.25
46,-1.1744367412736068,-1.804910037852771,-1.8871240610967002,-2.5828067507142127,-1.1871057339631217,2.2969017096657494,57.5
47,-1.1744368067209174,-1.8049100322186493,-1.887124075950794,-2.5828067424543875,-1.18710579946201,2.1626146412728624,58.75
48,-1.1744368669833314,-1.8049100178142217,-1.8871240807339031,-2.582806752933276,-1.1871058596259165,2.0383275728799677,60.0
49,-1.1744369223971012,-1.8049100045687645,-1.8871240851321602,-2.5828067625690467,-1.1871059149491054,1.9240405044870714,61.25
50,-1.1744369697390407,-1.8049099866146174,-1.8871240824838962,-2.582806783826066,-1.1871059621085047,1.8197534360941687,62.5
51,-1.1744370114765437,-1.804909968443555,-1.8871240778887188,-2.5828068071626817,-1.187106003647971,1.725466367701254,63.75
52,-1.1744370487874065,-1.8049099521997023,-1.8871240737808974,-2.582806828024238,-1.1871060407818008,1.6411792993083383,65.0
53,-1.1744370782650586,-1.8049099352118745,-1.8871240665265465,-2.5828068526573023,-1.1871060700537803,1.5668922309154212,66.25
54,-1.1744371017042092,-1.80490991888735,-1.8871240580401367,-2.582806877770947,-1.1871060932847723,1.502605162522504,67.5
55,-1.174437121497347,-1.804909905102144,-1.8871240508738059,-2.5828068989781077,-1.187106112902131,1.4483180941295883,68.75
56,-1.174437137644472,-1.8049098938562562,-1.8871240450275537,-2.582806916278785,-1.1871061289058567,1.4040310257366744,70.0
57,-1.1744371501455835,-1.8049098851496845,-1.8871240405013823,-2.5828069296729765,-1.187106141295948,1.3697439573437606,71.25
58,-1.1744371590006815,-1.8049098789824296,-1.8871240372952922,-2.582806939160683,-1.1871061500724056,1.3454568889508458,72.5
59,-1.1744371642097657,-1.804909875354491,-1.8871240354092833,-2.5828069447419053,-1.1871061552352293,1.331169820557931,73.75
60,-1.175533399619612,-1.8076533387969906,-1.8835424399079244,-2.5836530877781128,-1.188200866815569,1.3250293894065903,75.0
61,-1.1770339685533526,-1.811408710055012,-1.8786398025229094,-2.5848113211917934,-1.1896993509727298,1.3285377172977284,76.25
62,-1.1771428359061549,-1.8116811773498258,-1.878284100829774,-2.584895356192478,-1.1898080704432905,1.3401603544747738,77.5
63,-1.1771428290588353,-1.8116811834924347,-1.878284101013444,-2.584895359043861,-1.189808069928411,1.36147630932954,78.75
64,-1.1771428189992172,-1.811681192516739,-1.8782841012832794,-2.5848953632329175,-1.1898080691719848,1.3927922641843073,80.0
65,-1.1771428057273008,-1.8116812044227386,-1.87828410163928,-2.584895368759649,-1.1898080681740117,1.4341082190390717,81.25
66,-1.1771427894404507,-1.8116812190700395,-1.8782841024932333,-2.584895374092295,-1.1898080686168013,1.485424171912192,82.5
67,-1.1771427704269546,-1.8116812362535684,-1.8782841044466352,-2.5848953769934186,-1.1898080729576943,1.5467401207361573,83.75
68,-1.1771427473458362,-1.8116812555577118,-1.8782841068771785,-2.58489537803217,-1.1898080742806207,1.6180560678992588,85.0
69,-1.1771427117182456,-1.8116812710021892,-1.8782841111755784,-2.5848953567242843,-1.18980803990639,1.699372000400805,86.25
70,-1.1771426716952131,-1.8116812883378013,-1.8782841160326533,-2.584895332663616,-1.1898080011882852,1.7906879281312034,87.5
71,-1.17714262726675,-1.811681307558735,-1.878284121469764,-2.584895305756121,-1.189807958043462,1.8920038486425603,88.75
72,-1.1771425738003412,-1.8116813206627846,-1.8782841175891507,-2.584895295656373,-1.189807904660077,2.0033197578809676,90.0
73,-1.1771425153357942,-1.811681334610882,-1.8782841129457535,-2.584895285473352,-1.189807846223181,2.124635660019572,91.25
74,-1.1771424518418465,-1.811681343349256,-1.8782841016849676,-2.584895287055275,-1.189807782696696,2.2559515559122225,92.5
75,-1.1771423833392194,-1.811681347492058,-1.8782840844103956,-2.58489529917982,-1.1898077141104768,2.397267449036291,93.75
76,-1.1771423129451404,-1.8116813447706934,-1.87828405990283,-2.5848953253521962,-1.1898076435204339,2.5485833384808068,95.0
77,-1.1771422406145446,-1.8116813352941739,-1.878284028253881,-2.584895365371236,-1.1898075708828384,2.7098992213076327,96.25
78,-1.1771421752037,-1.8116813153272064,-1.8782839885981455,-2.5848954239607687,-1.1898075050128236,2.8756881804395356,97.5
79,-1.1771421164287317,-1.8116812931047126,-1.8782839488204284,-2.584895485020385,-1.1898074457570709,3.0321354074833695,98.75
80,-1.177142075856557,-1.8116812622463208,-1.8782839063372305,-2.5848955576683683,-1.1898074046059424,3.178582634527206,100.0
81,-1.1771420386669802,-1.8116812330689207,-1.8782838665325527,-2.584895626012119,-1.1898073668714824,3.3150298615711207,101.25
82,-1.1771420188989654,-1.8116811996369262,-1.8782838280216343,-2.584895697564542,-1.189807346528477,3.441477088615022,102.5
83,-1.1771420017408856,-1.8116811683936036,-1.8782837924407054,-2.5848957640435035,-1.1898073288358915,3.557924315658901,103.75
84,-1.1771419935534486,-1.8116811380440527,-1.8782837605123897,-2.5848958261125046,-1.189807320147558,3.664371542702762,105.0
85,-1.1771419925697704,-1.811681109009957,-1.8782837320959738,-2.5848958834654123,-1.1898073186994893,3.7608187697466153,106.25
86,-1.1771419916880834,-1.8116810829862273,-1.87828370662587,-2.584895934871762,-1.1898073174015615,3.8472659967904517,107.5
87,-1.1771419948277821,-1.8116810597358515,-1.8782836850904099,-2.5848959796380475,-1.1898073201778625,3.923713223834282,108.75
88,-1.177142003318037,-1.8116810391784544,-1.8782836678247625,-2.5848960175290814,-1.1898073283591546,3.9901604508781054,110.0
89,-1.177142010530548,-1.811681021714851,-1.8782836531575142,-2.5848960497176905,-1.1898073353092002,4.046607677921923,111.25
90,-1.177142016465315,-1.811681007345043,-1.8782836410886632,-2.584896076203874,-1.1898073410279995,4.093054904965736,112.5
91,-1.1771420211223378,-1.8116809960690277,-1.878283631618213,-2.5848960969876327,-1.1898073455155518,4.129502132009548,113.75
92,-1.1771420245016166,-1.8116809878868043,-1.8782836247461636,-2.5848961120689657,-1.1898073487718577,4.155949359053363,115.0
93,-1.1771420266031511,-1.8116809827983738,-1.8782836204725148,-2.5848961214478745,-1.1898073507969171,4.17239658609718,116.25
94,-1.1778601681942884,-1.8135003041989126,-1.8758941502492628,-2.5854714817411883,-1.1905244320965893,4.1802229231891666,117.5
95,-1.1794707967372078,-1.8175806407712545,-1.8705351081000197,-2.5867618761208506,-1.1921326835124366,4.178887956093784,118.75
96,-1.1798098315673673,-1.8184395503449604,-1.869407037242733,-2.5870335010110135,-1.192471221718445,4.168977986981355,120.0
97,-1.1798098301664681,-1.818439556695711,-1.8694070404797802,-2.5870334977231457,-1.1924712278894862,4.14986286546319,121.25
98,-1.1798098280326947,-1.8184395663688315,-1.8694070454102758,-2.5870334927152436,-1.1924712372888833,4.120747743945028,122.5
99,-1.1798098251660465,-1.818439579364322,-1.8694070520342196,-2.587033485987306,-1.1924712499166357,4.081632622426868,123.75
100,-1.179809821516247,-1.8184395957328219,-1.869407060197845,-2.5870334781267648,-1.192471265339226,4.032517502229686,125.0
101,-1.179809816649648,-1.8184396159111058,-1.8694070685748794,-2.5870334742003394,-1.1924712798174681,3.9734023929380426,126.25
102,-1.179809810959808,-1.818439639502778,-1.869407078368985,-2.5870334696097137,-1.1924712967448714,3.904287283646395,127.5
103,-1.1798098108121375,-1.8184396636552942,-1.8694070999342052,-2.5870334286789385,-1.1924712989894648,3.8251721887357517,128.75
104,-1.1798098115609499,-1.8184396904441174,-1.8694071257371518,-2.5870333773524536,-1.1924712989897412,3.7360570978861727,130.0
105,-1.179809812364761,-1.8184397202204472,-1.8694071545032043,-2.587033319971084,-1.1924712987482866,3.6369420168871724,131.25
106,-1.179809824568034,-1.8184397502372354,-1.869407187368619,-2.5870332576038355,-1.1924713110060101,3.5278269445864194,132.5
107,-1.179809842005501,-1.8184397819995712,-1.8694072236829427,-2.5870331898066805,-1.1924713289476576,3.408711879857954,133.75
108,-1.1798098664451493,-1.818439814024035,-1.8694072624263356,-2.587033119439677,-1.1924713539288183,3.279596822137429,135.0
109,-1.1798099041281387,-1.8184398436015718,-1.8694073028963096,-2.587033050036952,-1.1924713921697987,3.1404817684858806,136.25
110,-1.1798099493484868,-1.818439871945523,-1.8694073445148194,-2.5870329808291386,-1.1924714379441657,2.9913667170621316,137.5
111,-1.1798100087560508,-1.8184398944287914,-1.8694073848575532,-2.5870329189539607,-1.1924714978404434,2.8322516725109543,138.75
112,-1.1798100771600442,-1.818439910737554,-1.8694074220035306,-2.5870328665667817,-1.192471566653817,2.6658754279971304,140.0
113,-1.179810147854252,-1.8184399200252666,-1.8694074530419063,-2.5870328273224614,-1.1924716376499949,2.5072270895066717,141.25
114,-1.1798102180210026,-1.8184399192158716,-1.8694074741068438,-2.587032808112176,-1.1924717079559886,2.358578751016222,142.5
115,-1.179810284813987,-1.8184399152007291,-1.8694074910067826,-2.587032796213178,-1.1924717748295972,2.2199304125257826,143.75
116,-1.1798103465284986,-1.8184399037771604,-1.869407499128026,-2.5870328004044723,-1.1924718364951588,2.0912820740353464,145.0
117,-1.1798104033440013,-1.8184398902376002,-1.8694075036679676,-2.5870328102139206,-1.1924718932172227,1.9726337355449193,146.25
118,-1.1798104540331298,-1.8184398754027704,-1.869407505041704,-2.587032824389705,-1.1924719437788949,1.863985397054495,147.5
119,-1.1798104971596617,-1.818439856657026,-1.869407500260921,-2.5870328485069276,-1.192471986698979,1.7653370585640782,148.75
120,-1.1798105359144513,-1.8184398398115451,-1.8694074959647615,-2.5870328701793834,-1.1924720252682486,1.6766887200736633,150.0
121,-1.1798105693383183,-1.818439824113454,-1.8694074911231247,-2.5870328911735934,-1.192472058513394,1.5980403815832496,151.25
122,-1.1798105940568795,-1.8184398069141618,-1.8694074821121065,-2.587032917704164,-1.1924720830103288,1.5293920430928363,152.5
123,-1.1798106151746894,-1.8184397922202897,-1.8694074744137232,-2.587032940370027,-1.1924721039387962,1.4707437046024205,153.75
124,-1.1798106326917484,-1.8184397800318404,-1.8694074680279709,-2.5870329591711845,-1.1924721212987972,1.4220953661119973,155.0
125,-1.1798106466080553,-1.8184397703488107,-1.8694074629548536,-2.5870329741076348,-1.1924721350903307,1.3834470276215742,156.25
126,-1.1798106569236109,-1.8184397631712002,-1.8694074591943715,-2.5870329851793783,-1.192472145313397,1.3547986891311505,157.5
127,-1.1798106636384145,-1.818439758499009,-1.8694074567465246,-2.587032992386415,-1.1924721519679957,1.3361503506407275,158.75
128,-1.1802024220570475,-1.8194444319945686,-1.868080070304863,-2.587358528693336,-1.1928632973824989,1.3266013089293687,160.0
129,-1.1818016194502792,-1.8235456552326221,-1.8626615034569,-2.588687397839119,-1.1944599927749542,1.325713215485943,161.25
130,-1.1824414832230783,-1.8251866279384914,-1.8604934413549339,-2.589219102176936,-1.1950988577111559,1.333880908953356,162.5
131,-1.182441477848157,-1.8251866327515718,-1.8604934414680558,-2.5892191045302555,-1.195098857194353,1.3507572306620104,163.75
132,-1.182441469288346,-1.8251866404166246,-1.8604934416482082,-2.5892191082780247,-1.195098856371321,1.3776335523706633,165.0
133,-1.1824414575436457,-1.8251866509336494,-1.8604934418953905,-2.5892191134202447,-1.1950988552420594,1.414509874079319,166.25
134,-1.1824414426140564,-1.8251866643026469,-1.8604934422096027,-2.5892191199569146,-1.1950988538065686,1.4613861957879748,167.5
135,-1.1824414250594266,-1.8251866801327443,-1.8604934437393594,-2.5892191236440896,-1.1950988568869882,1.5182625124552604,168.75
136,-1.1824414044998897,-1.8251866986891556,-1.8604934457053748,-2.589219127361358,-1.1950988612114175,1.5851388284406087,170.0
137,-1.182441374406077,-1.82518671537109,-1.86049344915686,-2.5892191154343323,-1.1950988413369337,1.66201513359951,171.25
138,-1.1824413368130964,-1.8251867316431967,-1.8604934537184572,-2.589219092966569,-1.1950988050906675,1.7488914331379193,172.5
139,-1.1824412948594019,-1.8251867497676382,-1.8604934588807254,-2.589219067582501,-1.195098764391223,1.84576772110971,173.75
140,-1.1824412461463432,-1.8251867655820435,-1.8604934594100997,-2.5892190497326903,-1.195098716339924,1.9526440024394047,175.0
141,-1.1824411905164933,-1.8251867788145135,-1.8604934549639256,-2.5892190401019803,-1.1950986607419543,2.0695202757012394,176.25
142,-1.1824411300846351,-1.8251867919331268,-1.8604934489030747,-2.589219032139738,-1.1950986003245867,2.196396541143319,177.5
143,-1.1824410645514867,-1.8251867958507093,-1.8604934322638216,-2.58921904389649,-1.1950985347098881,2.333272801152633,178.75
144,-1.1824409946937529,-1.825186798933446,-1.8604934134605668,-2.5892190585854555,-1.1950984647483394,2.480149060472938,180.0
145,-1.182440925219701,-1.8251867897830873,-1.8604933828525767,-2.5892190972803957,-1.1950983949758796,2.637025312685188,181.25
146,-1.182440855315012,-1.82518677597852,-1.8604933475728864,-2.589219145281671,-1.1950983246969529,2.803003697987136,182.5
147,-1.182440795616777,-1.8251867533662318,-1.8604933068929088,-2.589219207618566,-1.195098264504932,2.96388707564242,183.75
148,-1.182440747402283,-1.8251867267536368,-1.860493265897974,-2.58921927443099,-1.195098215757319,3.1147704532976936,185.0
149,-1.1824407094750873,-1.8251866969728034,-1.860493225025758,-2.5892193444336717,-1.195098177268449,3.2556538309529603,186.25
150,-1.182440681966804,-1.8251866659499254,-1.8604931861951468,-2.5892194137889177,-1.1950981492012063,3.386537208608219,187.5
151,-1.1824406643728804,-1.8251866339041394,-1.8604931494622683,-2.5892194822145456,-1.195098131053463,3.5074205862634713,188.75
152,-1.1824406494058906,-1.8251866042305547,-1.8604931158620224,-2.589219545181257,-1.1950981155765354,3.61830396391872,190.0
153,-1.1824406483881655,-1.8251865742348645,-1.8604930863022802,-2.5892196046370173,-1.1950981140740766,3.7191873415739622,191.25
154,-1.1824406474713218,-1.825186547212482,-1.8604930596726246,-2.589219658199264,-1.1950981127205482,3.8100707192292003,192.5
155,-1.1824406466553592,-1.8251865231634044,-1.8604930359730578,-2.5892197058679955,-1.1950981115159502,3.890954096884437,193.75
156,-1.182440655013651,-1.8251865015452768,-1.8604930175072751,-2.5892197460158712,-1.1950981195446952,3.9618374745396783,195.0
157,-1.1824406626962576,-1.825186482946871,-1.8604930017744163,-2.589219780409513,-1.1950981269448593,4.022720852194916,196.25
158,-1.1824406691170082,-1.8251864674032263,-1.8604929886256527,-2.589219809154052,-1.195098133129558,4.073604229850163,197.5
159,-1.1824406742759028,-1.8251864549143417,-1.860492978060986,-2.5892198322494897,-1.1950981380987913,4.114487607505413,198.75
160,-1.182440678172941,-1.8251864454802156,-1.8604929700804176,-2.5892198496958247,-1.1950981418525592,4.145370985160659,200.0
161,-1.1824406808081231,-1.8251864391008479,-1.8604929646839479,-2.589219861493058,-1.1950981443908617,4.166254362815904,201.25
162,-1.1825773526360777,-1.8255412499261974,-1.8600214229160377,-2.5893375706822037,-1.1952345899827264,4.177533893157864,202.5
163,-1.1840448733622044,-1.8293511239368692,-1.854958198261719,-2.590601425340886,-1.1966996820751448,4.1806692729620725,203.75
164,-1.1850351633597644,-1.8319220498124105,-1.851541509127486,-2.5914542788584045,-1.1976883356696388,4.174249112146761,205.0
165,-1.185035162286938,-1.8319220546161725,-1.8515415115537075,-2.5914542764907127,-1.1976883402596792,4.15964682746786,206.25
166,-1.1850351604794143,-1.8319220627096675,-1.8515415156414647,-2.591454272501568,-1.1976883479930907,4.135044542788959,207.5
167,-1.1850351579371927,-1.8319220740928954,-1.8515415213907573,-2.5914542668909704,-1.1976883588698735,4.100442258110049,208.75
168,-1.1850351546602738,-1.8319220887658565,-1.8515415288015857,-2.59145425965892,-1.1976883728900276,4.055839973431139,210.0
169,-1.1850351503164196,-1.831922107057176,-1.8515415368743924,-2.59145425460105,-1.1976883871595305,4.0012376914083,211.25
170,-1.1850351449867311,-1.8319221288866352,-1.8515415458531748,-2.5914542507908287,-1.1976884023848275,3.9366354107669648,212.5
171,-1.1850351418484286,-1.8319221527347636,-1.8515415611652946,-2.59145422941163,-1.1976884121545195,3.862033137206258,213.75
172,-1.18503514255615,-1.8319221778553236,-1.8515415855225,-2.591454181149524,-1.1976884121831257,3.777430873000409,215.0
173,-1.1850351433234703,-1.8319222059288327,-1.8515416128177784,-2.591454126927097,-1.197688412012678,3.6828286175952423,216.25
174,-1.1850351484515487,-1.831922235919524,-1.8515416434762018,-2.5914540671794177,-1.1976884164968626,3.578226368923315,217.5
175,-1.1850351650236997,-1.8319222661114563,-1.8515416782261813,-2.5914540025059374,-1.1976884335485136,3.4636241288018534,218.75
176,-1.1850351830437051,-1.8319222989367066,-1.8515417160118424,-2.5914539321764605,-1.1976884521036135,3.3390218979821977,220.0
177,-1.1850352172156084,-1.8319223280227894,-1.8515417551674147,-2.591453864515692,-1.1976884868188122,3.204419672578819,221.25
178,-1.1850352559065198,-1.83192235841157,-1.8515417970079162,-2.5914537929483132,-1.1976885260889971,3.059817447959941,222.5
179,-1.1850353107579015,-1.8319223815286048,-1.8515418367909666,-2.591453730932544,-1.1976885814347304,2.9052152291711106,223.75
180,-1.1850353723109583,-1.8319224035376713,-1.8515418775872363,-2.5914536691087804,-1.1976886434783827,2.740665175626673,225.0
181,-1.1850354441241937,-1.831922413017586,-1.8515419093363752,-2.5914536289794574,-1.1976887156020242,2.5775073871685965,226.25
182,-1.1850355130665013,-1.8319224182118314,-1.8515419359940577,-2.591453598172368,-1.197688784779157,2.4243495987104806,227.5
183,-1.1850355811866227,-1.8319224141614154,-1.851541953349729,-2.591453585873811,-1.197688852982819,2.281191810252324,228.75
184,-1.1850356444523913,-1.8319224075684337,-1.8515419666986286,-2.591453580044934,-1.1976889162803928,2.1480340217941523,230.0
185,-1.1850357027039413,-1.8319223937258269,-1.8515419713854926,-2.5914535900325086,-1.1976889744355497,2.0248762333359447,231.25
186,-1.1850357562256635,-1.831922381007199,-1.851541975691793,-2.591453599209127,-1.197689027868705,1.9117184448776992,232.5
187,-1.1850358014160445,-1.8319223628525476,-1.8515419720723254,-2.591453621607826,-1.197689072864388,1.8085606564194343,233.75
188,-1.1850358416423492,-1.8319223453952014,-1.8515419675815488,-2.5914536441082916,-1.1976891128964096,1.715402867961156,235.0
189,-1.1850358775505718,-1.8319223298118124,-1.8515419635728296,-2.5914536641934514,-1.1976891486312047,1.6322450795028562,236.25
190,-1.1850359052306243,-1.8319223130312752,-1.8515419558178228,-2.591453689095734,-1.19768917610047,1.5590872910445401,237.5
191,-1.1850359276927396,-1.8319222974179186,-1.8515419475717794,-2.5914537132471573,-1.197689198359256,1.495929502586209,238.75
192,-1.1850359465983475,-1.8319222842766827,-1.8515419406313602,-2.591453733574599,-1.1976892170937283,1.4427717141278684,240.0
193,-1.185035961947448,-1.8319222736075667,-1.8515419349965652,-2.5914537500780597,-1.1976892323038875,1.3996139256695233,241.25
194,-1.185035973740041,-1.831922265410569,-1.8515419306673966,-2.5914537627575376,-1.1976892439897324,1.3664561372111772,242.5
195,-1.1850359819761263,-1.8319222596856894,-1.8515419276438545,-2.591453771613034,-1.1976892521512639,1.343298348752843,243.75
196,-1.1850453533640422,-1.8319468734759932,-1.8515090207143607,-2.5914621314023156,-1.1976986071305427,1.3301099400378733,245.0
197,-1.1862463261460445,-1.8351031993258604,-1.8472900093147555,-2.5925333548401874,-1.1988974814713707,1.3248255308836816,246.25
198,-1.1875558487146582,-1.8385448211505877,-1.8426896516266624,-2.5937014022431666,-1.200204717208686,1.329337229316489,247.5
199,-1.1875949655714282,-1.8386476397806766,-1.8425522203978049,-2.5937362983174412,-1.2002437691748895,1.3417548371397183,248.75
200,-1.187594958532414,-1.8386476460728456,-1.8425522205081148,-2.593736301537875,-1.2002437683543397,1.3640465142887614,250.0
201,-1.1875949483357124,-1.8386476551876685,-1.8425522206679097,-2.5937363062029886,-1.2002437671656927,1.3963381914378015,251.25
202,-1.1875949349813235,-1.838647667125145,-1.8425522208771892,-2.5937363123127817,-1.2002437656089489,1.4386298685868386,252.5
203,-1.187594918725157,-1.8386476817096002,-1.8425522216528392,-2.5937363179701194,-1.200243765911295,1.4909215403972862,253.75
204,-1.1875948997390062,-1.8386476988231024,-1.8425522233418485,-2.593736321901443,-1.2002437695678572,1.5532132049375311,255.0
205,-1.1875948758529629,-1.838647717324758,-1.8425522256804256,-2.593736321655311,-1.2002437667051111,1.6255048661665707,256.25
206,-1.1875948406796195,-1.8386477325267796,-1.842552229973757,-2.5937363006468677,-1.2002437328132327,1.7077965141727143,257.5
207,-1.1875948012156738,-1.8386477495654452,-1.8425522348276746,-2.5937362769171655,-1.200243694664188,1.8000881561041826,258.75
208,-1.1875947571878436,-1.8386477679734239,-1.8425522396700238,-2.5937362515706903,-1.200243651881726,1.90237979114144,260.0
209,-1.1875947043928337,-1.8386477804969394,-1.8425522354222705,-2.593736242487655,-1.2002435991206595,2.014671415195068,261.25
210,-1.1875946468951022,-1.8386477941368917,-1.8425522307926716,-2.593736232609265,-1.200243541651124,2.1369630315781616,262.5
211,-1.1875945844528104,-1.8386478015687362,-1.8425522185028647,-2.5937362365400958,-1.2002434791658954,2.2692546419772777,263.75
212,-1.1875945171576445,-1.8386478055505493,-1.8425522012957634,-2.593736248773319,-1.2002434117859622,2.41154625022498,265.0
213,-1.1875944485612577,-1.838647801516152,-1.8425521758093555,-2.5937362772585137,-1.2002433429727706,2.563837854215233,266.25
214,-1.1875943775646585,-1.838647792125028,-1.842552144310127,-2.593736317061191,-1.2002432716676046,2.7261294517409937,267.5
215,-1.1875943151145432,-1.8386477713211093,-1.8425521042855593,-2.593736376898052,-1.2002432087420731,2.8913423656212807,268.75
216,-1.1875942589747295,-1.8386477491202515,-1.8425520648692664,-2.593736437614052,-1.2002431521179804,3.046806980814437,270.0
217,-1.187594220290082,-1.8386477187296593,-1.8425520228879535,-2.593736509323082,-1.20024311285429,3.1922715960076014,271.25
218,-1.1875941847208813,-1.8386476902305207,-1.8425519837415523,-2.593736576357585,-1.2002430767436407,3.3277362112007727,272.5
219,-1.1875941666811451,-1.838647657372433,-1.8425519458151869,-2.593736646781022,-1.2002430581301209,3.4532008263939526,273.75
220,-1.187594150079244,-1.8386476271332644,-1.8425519109116884,-2.5937367115914465,-1.200243041000168,3.5686654415871377,275.0
221,-1.187594143549163,-1.8386475974640404,-1.8425518797282106,-2.593736772264098,-1.2002430339734373,3.674130056780345,276.25
222,-1.187594142596441,-1.8386475694313613,-1.8425518519018493,-2.5937368280310333,-1.200243032562927,3.769594671973551,277.5
223,-1.1875941417435174,-1.8386475443351338,-1.8425518269903183,-2.593736877956334,-1.2002430313001686,3.8550592871667533,278.75
224,-1.187594145745047,-1.838647521894054,-1.8425518062093165,-2.5937369211759256,-1.2002430349456943,3.9305239023599645,280.0
225,-1.187594153904051,-1.8386475021493562,-1.8425517893806362,-2.59373695781647,-1.200243042801664,3.9959885175531733,281.25
226,-1.1875941608167326,-1.8386474854207464,-1.8425517751226084,-2.593736988860014,-1.2002430494576009,4.05145313274638,282.5
227,-1.1875941664830916,-1.838647471708226,-1.8425517634352306,-2.593737014306559,-1.2002430549135048,4.096917747939573,283.75
228,-1.1875941709031275,-1.8386474610117918,-1.8425517543185066,-2.5937370341561037,-1.200243059169376,4.132382363132773,285.0
229,-1.1875941740768405,-1.838647453331444,-1.8425517477724362,-2.5937370484086486,-1.200243062225214,4.157846978325974,286.25
230,-1.1875941760042308,-1.8386474486671827,-1.8425517437970194,-2.5937370570641933,-1.2002430640810189,4.17331159351917,287.5
231,-1.1884126590406459,-1.8408250901174492,-1.839624257672161,-2.59449268139446,-1.201060039718271,4.180409565136663,288.75
232,-1.1898968503273621,-1.8447739124098668,-1.8343157157106398,-2.595862882443659,-1.202541498617443,4.178167731842436,290.0
233,-1.190118271183459,-1.8453630275376098,-1.8335237534856677,-2.5960672966392155,-1.2027625156988773,4.167606231371468,291.25
234,-1.1901182697148165,-1.8453630340348404,-1.8335237567405205,-2.5960672935870535,-1.2027625218033524,4.1476588439463935,292.5
235,-1.1901182675099158,-1.8453630437892539,-1.8335237616270923,-2.596067289004785,-1.2027625309681154,4.117711456521315,293.75
236,-1.190118264568757,-1.845363056800851,-1.8335237681453824,-2.596067282892411,-1.2027625431931663,4.07776406909624,295.0
237,-1.1901182607998049,-1.845363073158735,-1.8335237760240388,-2.596067276274044,-1.20276255767306,4.027816682108229,296.25
238,-1.1901182558459862,-1.8453630932104939,-1.8335237842045329,-2.5960672731446817,-1.202762571265808,3.9678692970051195,297.5
239,-1.1901182500658065,-1.8453631166071458,-1.8335237937496391,-2.5960672694933007,-1.2027625871260028,3.89792191190201,298.75
240,-1.1901182504770458,-1.8453631401627004,-1.8335238162431007,-2.596067225674344,-1.202762587759827,3.817974542757598,300.0
241,-1.1901182512124877,-1.8453631665313235,-1.8335238420346185,-2.5960671746978354,-1.2027625877039112,3.72802717737875,301.25
242,-1.1901182520054419,-1.8453631958141292,-1.8335238707561636,-2.596067117784867,-1.2027625874355592,3.6280798210266245,302.5
243,-1.1901182652163997,-1.8453632250331857,-1.833523903661189,-2.596067056073314,-1.2027626008326644,3.5181324743648075,303.75
244,-1.1901182823538394,-1.8453632562482758,-1.8335239398500782,-2.5960669889397057,-1.2027626184798215,3.3981851351357912,305.0
245,-1.190118307690324,-1.845363287135946,-1.8335239782865749,-2.5960669200318613,-1.202762644358118,3.268237802694199,306.25
246,-1.190118344683047,-1.8453633162003915,-1.8335240185753348,-2.5960668513108605,-1.2027626819104746,3.128290473840207,307.5
247,-1.190118390322097,-1.8453633431735643,-1.8335240595229425,-2.596066784146745,-1.2027627280931656,2.9783431476808637,308.75
248,-1.190118448595478,-1.8453633652863592,-1.8335240996547575,-2.596066722835231,-1.2027627868566442,2.8183958282583634,310.0
249,-1.1901185162638375,-1.8453633801572646,-1.8335241356044365,-2.5960666730682664,-1.2027628549174612,2.652131759880621,311.25
250,-1.1901185848810545,-1.8453633892499062,-1.833524166157106,-2.5960666344747727,-1.2027629238347866,2.494322397249831,312.5
251,-1.1901186534042825,-1.8453633874737894,-1.8335241859669813,-2.596066617461443,-1.2027629924802965,2.3465130346190217,313.75
252,-1.1901187181839348,-1.8453633836588774,-1.8335242025893206,-2.596066605612804,-1.2027630573406463,2.2087036719882116,315.0
253,-1.1901187779783984,-1.8453633717584186,-1.8335242096732518,-2.5960666112912216,-1.2027631170726618,2.080894309357393,316.25
254,-1.1901188330237904,-1.8453633587121772,-1.8335242141335106,-2.596066620664873,-1.202763172026394,1.9630849467265534,317.5
255,-1.190118881741123,-1.8453633437580221,-1.8335242147220594,-2.5960666357181963,-1.2027632206069128,1.8552755840957131,318.75
256,-1.1901189234628833,-1.8453633256802593,-1.8335242100305773,-2.596066659061865,-1.2027632621253643,1.7574662214648662,320.0
257,-1.1901189609190252,-1.8453633094507662,-1.833524205818744,-2.5960666800188856,-1.2027632993989839,1.6696568588340153,321.25
258,-1.1901189927155433,-1.8453632939742879,-1.8335242005683736,-2.5960667011788203,-1.2027633310127883,1.5918474962031668,322.5
259,-1.1901190165386786,-1.8453632774329352,-1.83352419175958,-2.5960667268398083,-1.2027633546182017,1.524038133572311,323.75
260,-1.1901190368485624,-1.8453632633309736,-1.8335241842498389,-2.5960667487165128,-1.2027633747424715,1.466228770941458,325.0
261,-1.190119053645195,-1.8453632516684046,-1.833524178039147,-2.5960667668089346,-1.2027633913855986,1.4184194083106185,326.25
262,-1.1901190669285764,-1.845363242445226,-1.8335241731275085,-2.596066781117072,-1.202763404547582,1.380610045679778,327.5
263,-1.1901190766987058,-1.8453632356614376,-1.8335241695149236,-2.596066791640925,-1.2027634142284214,1.3528006830489405,328.75
264,-1.1901190829555832,-1.8453632313170392,-1.833524167201392,-2.596066798380494,-1.2027634204281168,1.3349913204180985,330.0
265,-1.19059034353193,-1.8466325534065848,-1.8318081254827019,-2.5965168236392446,-1.2032337675890086,1.3260739676722588,331.25
266,-1.1921083906258265,-1.850721388353906,-1.8262802970153154,-2.5979664658724757,-1.2047488727374969,1.3259503558047878,332.5
267,-1.1926090879390945,-1.8520700182249676,-1.8244570439632735,-2.598444604933167,-1.2052486019589328,1.334676060152569,333.75
268,-1.1926090824391262,-1.8520700231330312,-1.8244570440217842,-2.5984446075495304,-1.2052486012082069,1.3522438627057303,335.0
269,-1.1926090738084492,-1.852070030834878,-1.8244570441136005,-2.5984446116551885,-1.2052486000301506,1.3798116652588956,336.25
270,-1.1926090620470629,-1.8520700413305085,-1.8244570442387227,-2.5984446172501414,-1.2052485984247636,1.4173794678120581,337.5
271,-1.1926090471549673,-1.852070054619922,-1.8244570443971502,-2.5984446243343884,-1.205248596392046,1.4649472703652213,338.75
272,-1.1926090297300236,-1.8520700702989394,-1.8244570457791731,-2.5984446285690868,-1.2052485991890618,1.5225150577416788,340.0
273,-1.1926090093114263,-1.852070088679085,-1.8244570474673694,-2.598444633298423,-1.205248602763901,1.5900828443501336,341.25
274,-1.1926089789915473,-1.852070104633622,-1.8244570509451985,-2.5984446202732823,-1.205248580535805,1.667650618878371,342.5
275,-1.1926089420155814,-1.8520701205900516,-1.8244570554878807,-2.5984445981935784,-1.2052485449230967,1.7552183886022745,343.75
276,-1.1926089007850051,-1.852070138346535,-1.8244570606293273,-2.598444573248713,-1.2052485049692092,1.8527861462676047,345.0
277,-1.1926088526302503,-1.8520701532797237,-1.8244570604798116,-2.598444557100617,-1.2052484573991082,1.9603538970220058,346.25
278,-1.192608798021935,-1.8520701662006707,-1.8244570560536042,-2.598444547772525,-1.2052484028235348,2.077921639830357,347.5
279,-1.1926087387022215,-1.852070178246222,-1.8244570492689034,-2.598444541619568,-1.2052483435120718,2.205489374996213,348.75
280,-1.1926086744263174,-1.8520701820154453,-1.8244570327151381,-2.598444553454793,-1.205248279153638,2.343057105080886,350.0
281,-1.1926086063008607,-1.8520701840688425,-1.8244570132487647,-2.5984445698561647,-1.2052482109095575,2.490624834087633,351.25
282,-1.1926085382020104,-1.8520701750308668,-1.8244569828167956,-2.59844460828171,-1.2052481425112256,2.6481925561067814,352.5
283,-1.1926084706890099,-1.8520701605587488,-1.8244569471925223,-2.5984446573275473,-1.2052480746107246,2.814397710993455,353.75
284,-1.1926084126806682,-1.8520701385383118,-1.8244569070982828,-2.598444718513276,-1.2052480161118635,2.9745828469217637,355.0
285,-1.1926083668831655,-1.8520701119319791,-1.8244568663193736,-2.598444785139851,-1.2052479697755893,3.1247679828500723,356.25
286,-1.1926083300508794,-1.8520700829920131,-1.824456826060279,-2.598444853708097,-1.2052479323860827,3.2649531187783962,357.5
287,-1.1926083044371127,-1.8520700523969396,-1.8244567877034528,-2.5984449221926313,-1.2052479062127919,3.3951382547067412,358.75
288,-1.1926082873633992,-1.8520700213063992,-1.824456751551183,-2.598444989094596,-1.205247888590361,3.5153233906350847,360.0
289,-1.192608273820066,-1.8520699923033475,-1.8244567185785294,-2.5984450507880386,-1.2052478745404422,3.6255085265634355,361.25
290,-1.1926082728308192,-1.8520699632517708,-1.8244566895193375,-2.5984451088043947,-1.205247873071669,3.725693662491795,362.5
291,-1.1926082719403142,-1.8520699370999871,-1.8244566633606905,-2.5984451610298365,-1.2052478717495014,3.8158787984201594,363.75
292,-1.1926082712703379,-1.8520699138408527,-1.8244566401339553,-2.5984452074419444,-1.2052478706958796,3.896063934348528,365.0
293,-1.192608279911065,-1.852069892941362,-1.8244566221801473,-2.5984452463673655,-1.2052478790123908,3.966249070276902,366.25
294,-1.1926082873206585,-1.8520698750196367,-1.8244566067844032,-2.59844527974668,-1.2052478861439626,4.026434206205269,367.5
295,-1.1926082934991191,-1.8520698600756802,-1.8244565939467208,-2.598445307579888,-1.2052478920905956,4.076619342133624,368.75
296,-1.1926082984464457,-1.8520698481094895,-1.824456583667102,-2.598445329866991,-1.2052478968522897,4.116804478061975,370.0
297,-1.1926083021626392,-1.8520698391210644,-1.8244565759455484,-2.598445346607987,-1.2052479004290444,4.146989613990338,371.25
298,-1.1926083046476987,-1.8520698331104046,-1.8244565707820595,-2.598445357802878,-1.2052479028208603,4.167174749918694,372.5
299,-1.1927959608465046,-1.8525815318407257,-1.8237609234964551,-2.5986306139693873,-1.2054351767368072,4.177914870112982,373.75
300,-1.1942222954919726,-1.8564708945765973,-1.8184734413669148,-2.6000386723263493,-1.206858606189601,4.18042487468246,375.0
301,-1.1950647962740675,-1.8587682500188099,-1.8153502546715765,-2.6008703765500103,-1.2076993934416564,4.17353703756382,376.25
302,-1.195064795156224,-1.858768254906273,-1.8153502571022655,-2.6008703743598267,-1.2076993979568242,4.158381070111016,377.5
303,-1.1950647933008205,-1.8587682630185136,-1.815350261136738,-2.600870370724546,-1.2076994054511272,4.1332251026582085,378.75
304,-1.1950647907078573,-1.8587682743555325,-1.8153502667749941,-2.600870365644169,-1.2076994159245658,4.098069135205407,380.0
305,-1.195064787377334,-1.8587682889173291,-1.8153502740170335,-2.6008703591186957,-1.2076994293771397,4.052913167752609,381.25
306,-1.1950647829486218,-1.8587683070500356,-1.8153502818079392,-2.600870355104683,-1.2076994426034622,3.997757204007755,382.5
307,-1.1950647775579342,-1.8587683286229144,-1.815350290546165,-2.600870352107698,-1.207699456814241,3.932601241779021,383.75
308,-1.1950647747648102,-1.8587683519410216,-1.81535030631799,-2.600870329243498,-1.207699464987857,3.8574452876259944,385.0
309,-1.1950647754606947,-1.8587683765968257,-1.8153503306050658,-2.6008702814607187,-1.2076994649852564,3.772289341977097,386.25
310,-1.195064776214213,-1.8587684041297734,-1.8153503578095627,-2.60087022778814,-1.2076994647754353,3.677133405988891,387.5
311,-1.195064782044837,-1.8587684333400412,-1.8153503884246631,-2.600870168760604,-1.2076994700442867,3.5719774767641423,388.75
312,-1.1950647983010776,-1.85876846294007,-1.815350423001615,-2.600870104843157,-1.2076994867839412,3.4568215559831477,390.0
313,-1.1950648159706554,-1.8587684951094705,-1.8153504605842952,-2.600870035363937,-1.2076995049919568,3.3316656440306187,391.25
314,-1.1950648503400232,-1.8587685232442677,-1.8153504994154304,-2.600869968983158,-1.2076995399033268,3.1965097379236926,392.5
315,-1.195064888250511,-1.858768553029549,-1.8153505410048962,-2.6008698982564393,-1.207699578393634,3.0513538321874334,393.75
316,-1.1950649428131639,-1.858768575129236,-1.815350580228976,-2.6008698378104804,-1.207699633443382,2.8961979326128726,395.0
317,-1.1950650037022452,-1.8587685959680322,-1.8153506202026537,-2.600869777967292,-1.2076996948125176,2.731205672580817,396.25
318,-1.1950650735532047,-1.8587686052507846,-1.8153506515323645,-2.6008697384268293,-1.2076997649725865,2.568608164603976,397.5
319,-1.1950651408883062,-1.8587686096584681,-1.8153506772226256,-2.6008697093499147,-1.2076998325306536,2.4160106566271145,398.75
320,-1.195065207113878,-1.8587686057906279,-1.8153506943403406,-2.600869697081921,-1.2076998988400105,2.2734131486502482,400.0
321,-1.1950652685814023,-1.8587685988555596,-1.815350706904975,-2.6008696923545864,-1.20769996033004,2.140815640673085,401.25
322,-1.1950653251757064,-1.8587685854751061,-1.815350711524034,-2.6008697019276443,-1.2077000168295062,2.018218132695999,402.5
323,-1.1950653771537438,-1.858768573186071,-1.8153507157663198,-2.6008697107198513,-1.207700068720442,1.90562062471896,403.75
324,-1.195065420781546,-1.8587685551906894,-1.8153507116967695,-2.6008697333895796,-1.2077001121482536,1.803023116741979,405.0
325,-1.195065459805122,-1.8587685383086452,-1.815350707276041,-2.600869755231183,-1.2077001509799636,1.710425608765048,406.25
326,-1.1950654946143764,-1.8587685232497668,-1.8153507033327227,-2.600869774714019,-1.207700185618073,1.6278281007881596,407.5
327,-1.1950655211141248,-1.8587685067965487,-1.8153506953742538,-2.6008697994780308,-1.2077002119051121,1.5552305928112875,408.75
328,-1.1950655428414385,-1.858768491727997,-1.8153506872809295,-2.6008698229244844,-1.2077002334319484,1.4926330848344445,410.0
329,-1.1950655610977976,-1.8587684790666597,-1.815350680480518,-2.6008698426253507,-1.2077002515198574,1.4400355768576307,411.25
330,-1.1950655758832016,-1.8587684688125359,-1.8153506749730197,-2.6008698585806282,-1.207700266168838,1.397438068880822,412.5
331,-1.195065587197651,-1.8587684609656239,-1.8153506707584373,-2.6008698707903166,-1.2077002773788899,1.3648405609040193,413.75
332,-1.1950655950411448,-1.8587684555259243,-1.8153506678367703,-2.600869879254416,-1.2077002851500125,1.3422430529271947,415.0
333,-1.1950898986186995,-1.8588355337379103,-1.8152589689798417,-2.600894668167397,-1.207724536739017,1.329560889587959,416.25
334,-1.1962885930170277,-1.862144691060435,-1.8107354903632968,-2.602117287401335,-1.2089206684995182,1.3247061165663792,417.5
335,-1.197469571354421,-1.86540495215074,-1.8062788549058444,-2.6033218392088515,-1.210099123381381,1.3296524355919728,418.75
336,-1.1974893292587045,-1.8654595110877061,-1.806204280029185,-2.6033419974614573,-1.2101188423860672,1.342432486850623,420.0
337,-1.197489322209592,-1.8654595173679214,-1.8062042800707243,-2.6033420009340933,-1.2101188412866857,1.365142478882424,421.25
338,-1.1974893120565098,-1.8654595264135339,-1.8062042801305545,-2.6033420059358523,-1.2101188397032083,1.3978524709142077,422.5
339,-1.197489298799458,-1.8654595382245438,-1.8062042802086755,-2.603342012466734,-1.2101188376356349,1.440562462945992,423.75
340,-1.1974892827161419,-1.8654595526158029,-1.8062042808506062,-2.6033420185520972,-1.210118837550963,1.4932724470387404,425.0
341,-1.1974892639266523,-1.8654595695072453,-1.8062042822922524,-2.6033420233380213,-1.2101188405160315,1.555982422058954,426.25
342,-1.1974892399776886,-1.865459587443792,-1.806204284489499,-2.6033420229026754,-1.210118835695772,1.6286923930441763,427.5
343,-1.1974892054720783,-1.8654596023125443,-1.8062042887539729,-2.603342002315028,-1.210118802486354,1.7114023514597716,428.75
344,-1.19748916677804,-1.8654596189669332,-1.8062042935774074,-2.603341979053415,-1.210118765118719,1.8041123031604185,430.0
345,-1.1974891234426905,-1.8654596366284806,-1.8062042979780935,-2.6033419550239025,-1.2101187229975707,1.9068222478873977,431.25
346,-1.1974890717171802,-1.8654596488379565,-1.8062042937563083,-2.6033419462400866,-1.210118671307535,2.0195321821204892,432.5
347,-1.1974890154012308,-1.8654596621318904,-1.8062042891563095,-2.6033419366905846,-1.2101186150207908,2.142242108220246,433.75
348,-1.1974889542421936,-1.865459668895022,-1.806204276490525,-2.6033419416817805,-1.2101185538142174,2.2749520284062474,435.0
349,-1.1974888883602524,-1.8654596727290798,-1.8062042593973175,-2.603341953966313,-1.2101184878466547,2.4176619466486327,436.25
350,-1.1974888214373876,-1.8654596681895983,-1.8062042336216597,-2.60334198326667,-1.2101184206979596,2.5703718603632737,437.5
351,-1.197488751955491,-1.8654596589458414,-1.8062042023413898,-2.6033420227237043,-1.2101183509069078,2.733081767701386,438.75
352,-1.197488691593042,-1.8654596380886532,-1.80620416237186,-2.6033420825887443,-1.21011829006273,2.8979857098144426,440.0
353,-1.1974886375643505,-1.8654596160184314,-1.8062041232031658,-2.603342142957689,-1.2101182355463416,3.0530253426432816,441.25
354,-1.1974885999101663,-1.8654595864378747,-1.8062040817414644,-2.6033422133552517,-1.210118197316418,3.1980649754720583,442.5
355,-1.1974885659505972,-1.8654595584219662,-1.806204043013494,-2.603342279514074,-1.2101181628153792,3.333104608300777,443.75
356,-1.1974885483977313,-1.8654595264756582,-1.8062040055737834,-2.6033423485504708,-1.2101181446925309,3.458144241129431,445.0
357,-1.19748853224865,-1.865459497084252,-1.8062039711282936,-2.6033424120657047,-1.2101181280190512,3.5731838739580004,446.25
358,-1.197488526480214,-1.8654594681278422,-1.8062039404124257,-2.60334247157318,-1.2101181217567105,3.6782235067865208,447.5
359,-1.1974885255515726,-1.8654594409149095,-1.8062039129722665,-2.6033425261387686,-1.2101181203739726,3.773263139614978,448.75
360,-1.1974885247206422,-1.8654594165653053,-1.806203888419336,-2.6033425749630066,-1.210118119136725,3.858302772443401,450.0
361,-1.197488529013508,-1.8654593947865603,-1.8062038680576122,-2.603342617108974,-1.210118123077462,3.9333424052717882,451.25
362,-1.197488536924137,-1.8654593756663096,-1.806203851496368,-2.6033426528574135,-1.2101181306882294,3.9983820381001567,452.5
363,-1.1974885436184877,-1.8654593594858442,-1.8062038374814535,-2.6033426831094446,-1.2101181371288232,4.053421670928502,453.75
364,-1.1974885490965606,-1.8654593462451654,-1.806203826012868,-2.6033427078650675,-1.210118142399243,4.09846130375683,455.0
365,-1.197488553358355,-1.8654593359442708,-1.8062038170906143,-2.6033427271242813,-1.2101181464994895,4.133500936585158,456.25
366,-1.197488556403871,-1.8654593285831598,-1.8062038107146927,-2.6033427408870864,-1.2101181494295619,4.158540569413497,457.5
367,-1.1974885582331092,-1.8654593241618327,-1.8062038068851032,-2.6033427491534833,-1.2101181511894603,4.173580202241842,458.75
368,-1.198317624311543,-1.8677764924428921,-1.8030191178741368,-2.6042159718083453,-1.210945359233208,4.180389391397798,460.0
369,-1.19970165190677,-1.8716447389053292,-1.7977026541533165,-2.6056737087322643,-1.2123262861525652,4.17779233228992,461.25
370,-1.199880078965559,-1.8721434337653966,-1.7970172611636221,-2.605861637675158,-1.2125043172633043,4.167007247851682,462.5
371,-1.1998800774711276,-1.8721434402249384,-1.7970172643554656,-2.6058616349120802,-1.2125043231307626,4.146774166292635,463.75
372,-1.199880075238088,-1.8721434498770448,-1.7970172691248467,-2.6058616307833793,-1.212504331898154,4.1165410847336075,465.0
373,-1.1998800722664407,-1.8721434627217155,-1.7970172754717644,-2.6058616252890547,-1.2125043435654783,4.076308003174578,466.25
374,-1.1998800684508137,-1.8721434788588383,-1.7970172830916857,-2.6058616195640187,-1.2125043571867362,4.026074922731393,467.5
375,-1.1998800634635365,-1.8721434985990295,-1.797017291037612,-2.605861617137469,-1.2125043698201847,3.965841846290823,468.75
376,-1.1998800576482627,-1.8721435216165214,-1.7970173003027348,-2.6058616143080604,-1.2125043845510606,3.895608769850231,470.0
377,-1.1998800582470484,-1.87214354457591,-1.7970173230060178,-2.6058615699314776,-1.2125043846504964,3.815375709934099,471.25
378,-1.199880058967879,-1.8721435703645148,-1.7970173486561385,-2.6058615196062536,-1.212504384560871,3.725142653718289,472.5
379,-1.19988005974697,-1.8721435989938506,-1.7970173772105065,-2.605861463443262,-1.2125043842736258,3.624909606326964,473.75
380,-1.1998800730900592,-1.8721436274669476,-1.7970174099453753,-2.605861402603169,-1.212504397849726,3.5146765689737434,475.0
381,-1.1998800898640076,-1.8721436579869222,-1.7970174458884693,-2.6058613364015804,-1.2125044151359288,3.3944435390312044,476.25
382,-1.1998801151062408,-1.8721436879941313,-1.797017484004476,-2.605861268692537,-1.2125044409199393,3.264210515843333,477.5
383,-1.199880151297314,-1.8721437164187535,-1.7970175240050867,-2.6058612008855406,-1.2125044776702834,3.1239774961230604,478.75
384,-1.1998801963671086,-1.8721437425079839,-1.7970175644940132,-2.605861135053444,-1.2125045232793266,2.9737444792866103,480.0
385,-1.1998802533607584,-1.8721437641524925,-1.7970176043283315,-2.6058610744883968,-1.212504580762952,2.8135114691149345,481.25
386,-1.1998803184465152,-1.8721437781564592,-1.7970176390866568,-2.6058610267407456,-1.2125046462292741,2.650323429754268,482.5
387,-1.1998803835833192,-1.8721437868295927,-1.7970176685214008,-2.6058609896339013,-1.2125047116577108,2.49687728389299,483.75
388,-1.1998804483853347,-1.8721437854903487,-1.7970176878201984,-2.6058609726434616,-1.2125047765833799,2.353431138031951,485.0
389,-1.1998805096242438,-1.8721437819385645,-1.7970177037678032,-2.6058609611573282,-1.21250483790096,2.219984992171007,486.25
390,-1.1998805660391136,-1.8721437717756113,-1.7970177115565389,-2.6058609643510637,-1.2125048942732104,2.0965388463100796,487.5
391,-1.1998806177860228,-1.8721437595690544,-1.797017715811402,-2.6058609730467186,-1.2125049459328487,1.9830927004491656,488.75
392,-1.1998806643274378,-1.872143747266595,-1.7970177183121758,-2.6058609835139697,-1.212504992373661,1.8796465545882817,490.0
393,-1.1998807032398613,-1.8721437304591106,-1.7970177138703771,-2.605861005302202,-1.212505031093046,1.7862004087274,491.25
394,-1.1998807379881309,-1.8721437154502567,-1.797017709903907,-2.605861024758801,-1.2125050656689353,1.7027542628665127,492.5
395,-1.1998807685722457,-1.872143702240032,-1.7970177064127677,-2.605861041883765,-1.212505096101328,1.6293081170056438,493.75
396,-1.1998807917306582,-1.8721436882667808,-1.7970176997921323,-2.6058610627877394,-1.2125051190785414,1.5658619711447694,495.0
397,-1.199880810060495,-1.8721436755703138,-1.7970176929124784,-2.605861082604898,-1.2125051372376239,1.5124158252838782,496.25
398,-1.1998808249607418,-1.8721436652494094,-1.7970176873200367,-2.605861098714182,-1.2125051519990653,1.4689696794229614,497.5
399,-1.1998808364313989,-1.8721436573040695,-1.7970176830148057,-2.605861111115593,-1.2125051633628658,1.4355235335620624,498.75
400,-1.1998808444724658,-1.8721436517342918,-1.7970176799967874,-2.6058611198091293,-1.2125051713290251,1.4120773877011656,500.0
401,-1.1998808490839428,-1.8721436485400764,-1.797017678265982,-2.6058611247947914,-1.2125051758975434,1.3986312418402649,501.25
402,-1.199557969935137,-1.8712523767533082,-1.798285012164493,-2.605482877367024,-1.2121832994382102,1.3945436318967237,502.5
403,-1.1992595589677206,-1.8704286567939026,-1.7994562954992486,-2.6051332942628465,-1.21188581519347,1.3993354264640945,503.75
404,-1.199140205218188,-1.8700992128909852,-1.7999247519504846,-2.604993473867793,-1.2117668321264419,1.4136798788436562,505.0
405,-1.1989376459573022,-1.8695401025677683,-1.8007197851429164,-2.604756179974726,-1.2115649019632964,1.4380243312232086,506.25
406,-1.1986518811850624,-1.868751325824251,-1.8018413950765448,-2.604421412583644,-1.2112800247040334,1.4723687836027735,507.5
407,-1.1982805576265512,-1.867732534375783,-1.803286595189828,-2.603992483499044,-1.2109098335280504,1.5167133014376908,508.75
408,-1.1978230605950022,-1.8664836376933045,-1.805054604494509,-2.603470258219127,-1.2104537102088742,1.5710578813759357,510.0
409,-1.1972813790813817,-1.8650049302948544,-1.8071479469431184,-2.6028519377480226,-1.2099136551858014,1.6354024613141658,511.25
410,-1.1966522455858228,-1.8632958689630605,-1.8095626102832996,-2.6021420442392635,-1.2092863841939878,1.7097471402647773,512.5
411,-1.1959365764681924,-1.8613566063991047,-1.8122997190279921,-2.6013393098216753,-1.2085728182938495,1.7940918738940352,513.75
412,-1.195132037607518,-1.859186714208243,-1.815356493806855,-2.600446918948442,-1.2077706103666386,1.8884367201400623,515.0
413,-1.1942396452366113,-1.8567863718873296,-1.8187341598535651,-2.5994634771271143,-1.206880782116496,1.9927816352920735,516.25
414,-1.1932542129924708,-1.8541545866856135,-1.8224266342444069,-2.5983960076802046,-1.2058981198599055,2.1071267530421487,517.5
415,-1.192177711203583,-1.851291680002757,-1.82643635164859,-2.5972417742138827,-1.2048246046985858,2.2314720006046738,518.75
416,-1.1910080432012673,-1.8481972135077185,-1.8307609352831131,-2.5960035704859887,-1.2036581291622712,2.3658174172319004,520.0
417,-1.189743063318164,-1.8448706975927047,-1.835398044153693,-2.5946842050623684,-1.202396536804081,2.5101630382052504,521.25
418,-1.188380269402008,-1.841311521906466,-1.8403450364643503,-2.5932869042087114,-1.2010373131678738,2.6645089002472844,522.5
419,-1.1869362092649771,-1.83756700290225,-1.845533746549306,-2.5918326260740465,-1.1995969498774064,2.826781985428739,523.75
420,-1.1855439558404153,-1.8339822401521095,-1.8504859810287368,-2.5904553933530376,-1.198208179430167,2.9820222304365998,525.0
421,-1.1842317595184546,-1.8306260471514555,-1.85510904776442,-2.5891792877448534,-1.196899194390616,3.1272626876627836,526.25
422,-1.1830017251599327,-1.8274988730075195,-1.8594053134678767,-2.588001514887541,-1.195672110406862,3.262503315945258,527.5
423,-1.1818560097061181,-1.8246012187992058,-1.8633771115109927,-2.5869192625236845,-1.1945290951959167,3.387744077499056,528.75
424,-1.1807963769380865,-1.8219335171805622,-1.86702629818893,-2.585930259973717,-1.19347192119322,3.5029849461950326,530.0
425,-1.179821165128224,-1.8194952692847006,-1.870351331384254,-2.585036530507031,-1.1924989191450588,3.6082259523235587,531.25
426,-1.1789361755051393,-1.8172880265769253,-1.8733580261244598,-2.5842307684133647,-1.191615917864132,3.70346699985665,532.5
427,-1.178139392684548,-1.8153112237527946,-1.8760444220755406,-2.5835154780640126,-1.1908208925647992,3.7887081297828074,533.75
428,-1.1774346055646396,-1.8135659043841568,-1.8784142483079442,-2.582885926687844,-1.1901176499515418,3.863949282362143,535.0
429,-1.1768197049783424,-1.812051463791423,-1.880465483159731,-2.582344718290007,-1.1895040711096754,3.9291904974454503,536.25
430,-1.1762990547191603,-1.8107691526265055,-1.8822023101867762,-2.581886464876553,-1.188984540001451,3.9844317125287727,537.5
431,-1.1758713384098227,-1.8097185832629523,-1.8836234911103484,-2.581512778347553,-1.1885577342378197,4.029672946720989,538.75
432,-1.1755364187044162,-1.8088997150944253,-1.8847288970541847,-2.581223826724627,-1.1882235158461254,4.064914209982174,540.0
433,-1.175296535236197,-1.8083132075431834,-1.8855206349164755,-2.581016867515192,-1.1879841346880504,4.090155473243352,541.25
434,-1.175151688005165,-1.8079590606092266,-1.8859987046972215,-2.580891900719248,-1.187839590763595,4.105396736504531,542.5
435,-1.1748728330046687,-1.8072784694064064,-1.8869167276635637,-2.5806524565557396,-1.1875613167462784,4.110974661998927,543.75
436,-1.1744320300817,-1.8062032350477653,-1.8883666984706036,-2.5802745376360536,-1.1871214307108546,4.10757437060462,545.0
437,-1.1744317324299731,-1.806203151097129,-1.8883664255610655,-2.5802748909436546,-1.1871211321098554,4.094861853593448,546.25
438,-1.1744312006375748,-1.806203001108716,-1.8883659379737119,-2.5802755221723,-1.1871205986214624,4.0721493365822745,547.5
439,-1.174430434704505,-1.806202785082526,-1.8883652357085425,-2.58027643132199,-1.1871198302456751,4.039436819571106,548.75
440,-1.17442943451154,-1.8062025031608664,-1.8883643183580323,-2.580277619918011,-1.1871188259273586,3.9967243316497854,550.0
441,-1.1744282001452213,-1.806202155240198,-1.888363186218403,-2.5802790868512933,-1.187117586433695,3.9440118446584833,551.25
442,-1.1744270605460336,-1.806201838272216,-1.8883621449808472,-2.580280433018399,-1.1871164421089373,3.881299361711497,552.5
443,-1.1744270612522874,-1.8062018604358259,-1.8883621662562105,-2.5802803900052087,-1.1871164428602192,3.808586893687785,553.75
444,-1.174427062052271,-1.8062018856455764,-1.8883621904648304,-2.5802803410442667,-1.1871164436867934,3.725874427547419,555.0
445,-1.1744270629409632,-1.806201913898549,-1.888362217617486,-2.58028028608797,-1.1871164445472642,3.6331619655978975,556.25
446,-1.1744270749194934,-1.8062019425404756,-1.8883622486809273,-2.58028022671851,-1.1871164568712236,3.5304495125723205,557.5
447,-1.1744270916281367,-1.8062019731090722,-1.8883622830875213,-2.5802801620579032,-1.1871164740828826,3.417737065839179,558.75
448,-1.1744271134884137,-1.8062020047885567,-1.8883623201468307,-2.5802800937156434,-1.1871164964793128,3.2950246261343863,560.0
449,-1.1744271498852827,-1.8062020334837652,-1.8883623588334584,-2.5802800269581447,-1.1871165334070486,3.162312194482806,561.25
450,-1.1744271909902617,-1.8062020629676383,-1.8883623997282908,-2.5802799572764394,-1.1871165750654242,3.0195997661467056,562.5
451,-1.1744272487198324,-1.8062020849126845,-1.8883624385462823,-2.5802798974370247,-1.1871166332642336,2.866887339555592,563.75
452,-1.1744273137628027,-1.8062021041860672,-1.8883624770674134,-2.5802798406674796,-1.187116698749976,2.704250401241823,565.0
453,-1.17442738639102,-1.806202113770524,-1.8883625086638207,-2.5802798005968093,-1.187116771684516,2.5432755809646004,566.25
454,-1.1744274572537403,-1.806202116082149,-1.8883625327587166,-2.5802797752532856,-1.1871168427351932,2.392300760687407,567.5
455,-1.1744275260177561,-1.8062021119311202,-1.8883625500241146,-2.5802797631520775,-1.1871169115808533,2.251325940410249,568.75
456,-1.1744275897248149,-1.8062021027582364,-1.8883625609245336,-2.580279762347902,-1.187116975279618,2.12035112013312,570.0
457,-1.1744276483801817,-1.8062020887197148,-1.8883625656110221,-2.5802797725340234,-1.1871170338392258,1.9993762998559954,571.25
458,-1.1744277018604086,-1.806202075244207,-1.8883625692378196,-2.58027978314129,-1.187117087221497,1.8884014795789006,572.5
459,-1.1744277465575674,-1.8062020557314784,-1.8883625643777824,-2.5802798081243505,-1.187117131706795,1.7874266593018302,573.75
460,-1.1744277868281625,-1.8062020381511885,-1.8883625599990526,-2.5802798306332244,-1.187117171786511,1.6964518390247774,575.0
461,-1.1744278226721938,-1.806202022503335,-1.888362556101633,-2.580279850667912,-1.1871172074606444,1.6154770187477128,576.25
462,-1.1744278489346387,-1.80620200472372,-1.8883625472062504,-2.580279877683372,-1.187117233499115,1.5445021984706644,577.5
463,-1.1744278711657783,-1.8062019891881602,-1.8883625392123022,-2.5802799014996882,-1.1871172555330172,1.4835273781936051,578.75
464,-1.1744278897509646,-1.8062019762004677,-1.888362532529376,-2.580279921410078,-1.1871172739533131,1.4325525579165186,580.0
465,-1.174427904690197,-1.8062019657606403,-1.8883625271574735,-2.580279937414542,-1.1871172887600026,1.3915777376394147,581.25
466,-1.174427915983475,-1.8062019578686772,-1.8883625230965966,-2.580279949513079,-1.187117299953085,1.3606029173623349,582.5
467,-1.1744279236307986,-1.806201952524578,-1.8883625203467447,-2.58027995770569,-1.1871173075325605,1.3396280970852434,583.75
468,-1.1745677289624685,-1.8065513971653184,-1.8879055936672815,-2.580388458899464,-1.18725691737237,1.328269489215333,585.0
469,-1.1760997958555681,-1.8103809531084742,-1.8828982007858395,-2.581577464147872,-1.1887868423335504,1.3250940160101279,586.25
470,-1.1771336898039497,-1.8129652849545486,-1.8795190226773926,-2.5823798499122907,-1.1898192926902171,1.3314914977116583,587.5
471,-1.1771336851029242,-1.8129652891789534,-1.879519022788185,-2.5823798518833065,-1.1898192923063942,1.346115089831134,588.75
472,-1.1771336771872125,-1.8129652962921177,-1.8795190229747405,-2.582379855202155,-1.1898192916601031,1.3707386819506067,590.0
473,-1.177133666056815,-1.8129653062940423,-1.8795190232370587,-2.5823798598688366,-1.1898192907513443,1.4053622740700908,591.25
474,-1.177133651711732,-1.812965319184727,-1.8795190235751398,-2.5823798658833512,-1.1898192895801172,1.4499858661895717,592.5
475,-1.1771336345637,-1.8129653346746297,-1.8795190248413716,-2.5823798700739062,-1.1898192916558352,1.5046094550961107,593.75
476,-1.1771336145104496,-1.8129653528356688,-1.879519026824033,-2.582379873228329,-1.189819296106811,1.5692330423434302,595.0
477,-1.1771335870925639,-1.8129653707874724,-1.8795190298321183,-2.582379866512497,-1.189819284857514,1.643856622527279,596.25
478,-1.1771335500167617,-1.8129653869051408,-1.8795190342523413,-2.582379844352224,-1.1898192490884696,1.7284801934444822,597.5
479,-1.1771335085335686,-1.8129654049122061,-1.8795190392511731,-2.582379819325383,-1.1898192088759072,1.8231037556191285,598.75
480,-1.1771334612840583,-1.8129654224412308,-1.8795190419066339,-2.5823797972933225,-1.18981916256369,1.9277273110926605,600.0
481,-1.1771334060465972,-1.8129654356358174,-1.8795190374932558,-2.58237978767344,-1.189819107359255,2.0423508580253418,601.25
482,-1.1771333459887163,-1.812965449983007,-1.8795190326903262,-2.5823797772316497,-1.1898190473266974,2.1669743957045244,602.5
483,-1.1771332807730106,-1.8129654551662973,-1.8795190174817484,-2.582379786296676,-1.1898189820428295,2.3015979279931504,603.75
484,-1.1771332106683388,-1.8129654593720148,-1.879518999819691,-2.582379798723005,-1.189818911852843,2.4462214594715994,605.0
485,-1.1771331405726106,-1.8129654520612375,-1.8795189711099336,-2.5823798336779746,-1.1898188414907618,2.6008449850852053,606.25
486,-1.177133067693539,-1.8129654412500402,-1.8795189381798356,-2.5823798763016925,-1.1898187682841443,2.7654134392488605,607.5
487,-1.1771330064056578,-1.8129654179277748,-1.8795188968311205,-2.5823799399922462,-1.1898187064953443,2.928552839817383,608.75
488,-1.17713295332724,-1.812965392924974,-1.8795188564104444,-2.5823800045529315,-1.1898186529070192,3.0816922403858946,610.0
489,-1.1771329143145204,-1.8129653621511361,-1.8795188148048982,-2.582380076262833,-1.1898186133232003,3.224831640954366,611.25
490,-1.17713288226626,-1.812965331678199,-1.8795187756435248,-2.5823801453323756,-1.1898185807235566,3.3579710415227915,612.5
491,-1.1771328641225836,-1.8129652984788813,-1.879518738169169,-2.5823802156408626,-1.1898185620151702,3.481110442091214,613.75
492,-1.177132847452333,-1.8129652679756467,-1.879518703738053,-2.5823802802396836,-1.1898185448260694,3.5942498426596057,615.0
493,-1.1771328442794757,-1.812965237295122,-1.8795186733141196,-2.582380341209385,-1.1898185411605318,3.697389243227987,616.25
494,-1.1771328433296633,-1.8129652091315387,-1.8795186459935265,-2.5823803965991297,-1.1898185397626713,3.7905286437963492,617.5
495,-1.1771328424818286,-1.8129651839917684,-1.8795186216062314,-2.5823804460419013,-1.1898185385148932,3.8736680443647042,618.75
496,-1.1771328488403328,-1.8129651614496494,-1.879518601942017,-2.5823804882788086,-1.189818544530063,3.9468074449330537,620.0
497,-1.1771328569078583,-1.812965141834941,-1.8795185856159615,-2.582380524283976,-1.1898185523042832,4.009946845501411,621.25
498,-1.1771328636976517,-1.812965125326806,-1.8795185718756202,-2.5823805545866545,-1.1898185588472245,4.063086246069779,622.5
499,-1.1771328692097125,-1.812965111925244,-1.8795185607209937,-2.5823805791868457,-1.189818564158887,4.1062256466381815,623.75
500,-1.177132873444041,-1.8129651016302535,-1.879518552152084,-2.5823805980845487,-1.189818568239271,4.139365047206567,625.0
501,-1.1771328764006372,-1.8129650944418338,-1.8795185461688908,-2.5823806112797643,-1.1898185710883762,4.162504447774959,626.25
502,-1.1771432715906471,-1.8129913892611842,-1.8794839481226018,-2.5823889897574914,-1.1898289507898925,4.175676029506367,627.5
503,-1.1784023964066073,-1.8161773761672806,-1.8752929699329295,-2.5834030956954304,-1.1910862066364174,4.180896704907717,628.75
504,-1.1797636418571955,-1.8196217667732955,-1.8707620834383496,-2.5844994469947054,-1.1924454333678545,4.176309562802322,630.0
505,-1.1798007700751332,-1.8197157195999312,-1.8706385017291973,-2.5845293487957988,-1.192482511418164,4.163777439918826,631.25
506,-1.17980076842746,-1.81971572707571,-1.8706385054903345,-2.58452934497433,-1.192482518614882,4.141358969455138,632.5
507,-1.1798007660448242,-1.81971573788614,-1.8706385109291674,-2.5845293394482525,-1.192482529021773,4.108940498991453,633.75
508,-1.1798007629272265,-1.8197157520312215,-1.8706385180456957,-2.584529332217569,-1.192482542638838,4.066522028527751,635.0
509,-1.1798007588571777,-1.819715769727383,-1.8706385261800538,-2.584529325804605,-1.1924825575909181,4.0141035630375805,636.25
510,-1.179800753703709,-1.819715791104955,-1.8706385349348782,-2.5845293217282803,-1.1924825727488149,3.951685103916766,637.5
511,-1.1798007491831983,-1.8197158152581723,-1.8706385474614708,-2.584529308825392,-1.1924825864520416,3.879266648255543,638.75
512,-1.1798007498807053,-1.819715840146173,-1.8706385712072793,-2.5845292614026465,-1.192482586494116,3.796848205453868,640.0
513,-1.179800750645673,-1.8197158680428713,-1.8706385978745064,-2.5845292080499975,-1.1924825863983215,3.7044297687439807,641.25
514,-1.1798007525376886,-1.8197158986873212,-1.8706386275811024,-2.5845291488201707,-1.1924825873209983,3.6020113387969364,642.5
515,-1.1798007689936072,-1.8197159288097107,-1.870638661713984,-2.584529084833507,-1.1924826042463423,3.4895929196783335,643.75
516,-1.1798007869148295,-1.8197159616106011,-1.8706386988859995,-2.5845290151442883,-1.1924826226900476,3.3671745082885027,645.0
517,-1.1798008174202002,-1.819715992250345,-1.870638737862331,-2.584528946041194,-1.1924826537381477,3.234756102760962,646.25
518,-1.1798008559971653,-1.8197160226933244,-1.8706387791424697,-2.5845288749782602,-1.192482692885969,3.092337699350382,647.5
519,-1.1798009073848292,-1.8197160482211907,-1.8706388196633263,-2.584528809768033,-1.1924827447920219,2.93991930034881,648.75
520,-1.1798009680245165,-1.8197160713184102,-1.870638860713479,-2.584528746590833,-1.192482805930131,2.777500907838315,650.0
521,-1.179801039828027,-1.8197160831280943,-1.870638894358054,-2.5845287022412298,-1.1924828780764158,2.6123701950111267,651.25
522,-1.1798011094198326,-1.8197160914127373,-1.8706389239223438,-2.584528665453957,-1.1924829479501111,2.4570253837724376,652.5
523,-1.1798011794375127,-1.8197160872375775,-1.8706389416213793,-2.5845286529628355,-1.1924830180522692,2.3116805725337923,653.75
524,-1.179801244622386,-1.8197160828916645,-1.8706389576568625,-2.5845286422334355,-1.1924830833084847,2.1763357612951775,655.0
525,-1.179801304643476,-1.8197160685696272,-1.870638962484698,-2.5845286525825415,-1.1924831432309866,2.0509909500565806,656.25
526,-1.1798013598760906,-1.8197160553902068,-1.8706389669273609,-2.584528662105998,-1.1924831983728783,1.9356461388180095,657.5
527,-1.1798014075780832,-1.8197160383350988,-1.8706389653022142,-2.5845286814496373,-1.192483245906221,1.8303013275794482,658.75
528,-1.1798014492596958,-1.819716020168143,-1.8706389607389875,-2.584528704750242,-1.1924832873885067,1.7349565163409024,660.0
529,-1.1798014865696391,-1.8197160039065867,-1.870638956654358,-2.584528725607022,-1.1924833245200295,1.6496117051023735,661.25
530,-1.1798015167151576,-1.8197159873465076,-1.870638950059911,-2.5845287491644147,-1.1924833544669315,1.57426689386384,662.5
531,-1.17980154024383,-1.8197159709200301,-1.87063894154159,-2.584528774413744,-1.19248337778485,1.5089220826253027,663.75
532,-1.1798015601718075,-1.8197159570073687,-1.870638934326864,-2.5845287957990597,-1.192483397534327,1.4535772713867467,665.0
533,-1.1798015764990908,-1.819715945608524,-1.8706389284157305,-2.584528813320361,-1.1924834137153617,1.408232460148172,666.25
534,-1.1798015892256792,-1.8197159367234939,-1.8706389238081935,-2.584528826977648,-1.1924834263279545,1.3728876489096071,667.5
535,-1.1798015983515726,-1.8197159303522785,-1.8706389205042533,-2.58452883677092,-1.1924834353721045,1.347542837671045,668.75
536,-1.179801603876771,-1.8197159264948775,-1.8706389185039092,-2.5845288427001774,-1.1924834408478122,1.3321980264324782,670.0
537,-1.1806859305529267,-1.8219810833343821,-1.8676415286097143,-2.5852674330976004,-1.1933663769054974,1.3252122475362862,671.25
538,-1.1822240296516566,-1.8259208611637021,-1.86242818741098,-2.5865520548918193,-1.194902058136035,1.3276230962620066,672.5
539,-1.1824325076782976,-1.8264548805597953,-1.8617215461520615,-2.586726180141627,-1.195110211396199,1.3383540956661162,673.75
540,-1.1824325012478398,-1.8264548863277104,-1.8617215462666121,-2.5867261829747155,-1.1951102107360438,1.358529594758098,675.0
541,-1.182432491630121,-1.8264548949544968,-1.861721546437939,-2.586726187212026,-1.1951102097486817,1.3887050938500836,676.25
542,-1.1824324788251415,-1.826454906440154,-1.861721546666043,-2.586726192853558,-1.1951102084341132,1.4288805929420665,677.5
543,-1.1824324629591425,-1.8264549206975491,-1.8617215472078674,-2.586726198949558,-1.1951102078796327,1.479056090600985,678.75
544,-1.182432444446519,-1.8264549374406625,-1.8617215489068455,-2.586726202382394,-1.1951102116543542,1.5392315828967635,680.0
545,-1.1824324228574568,-1.8264549569661566,-1.861721550888161,-2.586726206385701,-1.1951102160563614,1.6094070751925391,681.25
546,-1.182432388297224,-1.8264549721206744,-1.8617215550228248,-2.58672618599877,-1.1951101831164748,1.6895825512299625,682.5
547,-1.1824323492680853,-1.826454989051896,-1.86172155972302,-2.5867261625989437,-1.1951101454171404,1.779758023626313,683.75
548,-1.1824323058853,-1.8264550078449306,-1.86172156500238,-2.586726136351063,-1.1951101033233362,1.8799334873428641,685.0
549,-1.1824322541380452,-1.8264550215319757,-1.861721562252221,-2.58672612438187,-1.1951100518115934,1.9901089411093076,686.25
550,-1.182432196938454,-1.8264550351558606,-1.8617215576489154,-2.586726114498061,-1.1951099946413815,2.110284387507701,687.5
551,-1.1824321348142002,-1.8264550449175607,-1.861721547773276,-2.5867261136883837,-1.1951099324969778,2.2404598272259815,688.75
552,-1.1824320677027327,-1.8264550488971714,-1.8617215307496418,-2.586726125744983,-1.1951098653022267,2.380635263498287,690.0
553,-1.1824319980860092,-1.826455047612678,-1.8617215078609843,-2.586726148877527,-1.1951097955134742,2.530810696889519,691.25
554,-1.1824319271522383,-1.8264550381756237,-1.8617214766862127,-2.586726188404145,-1.1951097242752677,2.6909861235535266,692.5
555,-1.182431861035599,-1.826455019772101,-1.8617214383454945,-2.586726244109837,-1.1951096577210762,2.8571979641782512,693.75
556,-1.1824318025628124,-1.826454997482015,-1.8617213986261907,-2.5867263051838294,-1.195109598765045,3.0147819890471617,695.0
557,-1.1824317604204189,-1.826454967800443,-1.8617213568426978,-2.586726375936476,-1.195109556056495,3.162366013916047,696.25
558,-1.182431723382247,-1.826454938560898,-1.8617213170734113,-2.5867264443103157,-1.1951095184702902,3.2999500387848943,697.5
559,-1.1824317018314603,-1.8264549058742021,-1.8617212787890112,-2.5867265148678955,-1.1951094963498403,3.42753406365371,698.75
560,-1.182431684718186,-1.8264548745525735,-1.8617212432033987,-2.586726581431689,-1.1951094786983507,3.5451180885225035,700.0
561,-1.1824316748899062,-1.8264548445056867,-1.8617212111147068,-2.586726643336138,-1.195109468368024,3.652702113391287,701.25
562,-1.1824316739056049,-1.8264548153620768,-1.861721182648768,-2.5867267008490984,-1.1951094669152744,3.750286138260056,702.5
563,-1.1824316730221704,-1.8264547892049872,-1.8617211570998937,-2.586726752468373,-1.195109465611397,3.837870163128813,703.75
564,-1.1824316749908426,-1.8264547658712837,-1.861721135165945,-2.5867267976998387,-1.1951094672109766,3.9154541879975526,705.0
565,-1.1824316835189035,-1.8264547451411541,-1.86172111778728,-2.586726835877668,-1.1951094754258045,3.9830382128663,706.25
566,-1.1824316907851187,-1.826454727478337,-1.861721102980031,-2.5867268684065543,-1.1951094824251338,4.040622237735057,707.5
567,-1.1824316967894883,-1.8264547128828346,-1.8617210907441946,-2.586726895286498,-1.1951094882089648,4.088206262603849,708.75
568,-1.1824317015320125,-1.8264547013546437,-1.861721081079775,-2.586726916517499,-1.1951094927772972,4.12579028747264,710.0
569,-1.1824317050126907,-1.8264546928937644,-1.8617210739867724,-2.5867269320995563,-1.1951094961301314,4.15337431234142,711.25
570,-1.1824317072315234,-1.8264546875001963,-1.861721069465187,-2.586726942032672,-1.1951094982674668,4.170958337210204,712.5
571,-1.1829570389910453,-1.827816868329543,-1.8599079778182395,-2.587181603574403,-1.195633956548933,4.179680529944215,713.75
572,-1.1845417063468295,-1.8319259140714985,-1.854438768099821,-2.5885530820787848,-1.1972159896728498,4.1795217479890665,715.0
573,-1.1850262752313034,-1.833182406886165,-1.8527663602209243,-2.5889724598314103,-1.1976997563537852,4.170549885742409,716.25
574,-1.18502627391265,-1.833182412795468,-1.852766363166653,-2.588972456956629,-1.1976997619467729,4.152652470326488,717.5
575,-1.185026271857212,-1.8331824220065336,-1.852766367758278,-2.5889724524755913,-1.1976997706647858,4.124755054910577,718.75
576,-1.1850262690649902,-1.833182434519363,-1.8527663739957991,-2.588972446388299,-1.1976997825078242,4.086857639494656,720.0
577,-1.1850262655359838,-1.833182450333955,-1.8527663818792166,-2.588972438694751,-1.1976997974758878,4.038960224078737,721.25
578,-1.1850262607540332,-1.8331824699547834,-1.852766389868017,-2.5889724352481185,-1.1976998110732398,3.981062811566518,722.5
579,-1.185026255136355,-1.833182492974078,-1.8527663992074117,-2.588972431317229,-1.1976998269338268,3.913165399091242,723.75
580,-1.1850262541544527,-1.833182516936362,-1.8527664188622093,-2.588972396063661,-1.1976998311392149,3.8352679991166365,725.0
581,-1.1850262548874904,-1.8331825431481117,-1.852766444059923,-2.5889723458958573,-1.197699831150555,3.7473706037653214,726.25
582,-1.1850262556722082,-1.833182572320402,-1.8527664722027666,-2.5889722896807124,-1.1976998308963003,3.649473219844409,727.5
583,-1.1850262658335105,-1.8331826022081594,-1.8527665042084607,-2.588972228394396,-1.1976998409192847,3.5415758432064823,728.75
584,-1.1850262828823401,-1.8331826334174068,-1.8527665398135977,-2.588972161852687,-1.1976998584657312,3.4236784744186997,730.0
585,-1.185026304852558,-1.8331826657632238,-1.8527665780530906,-2.588972091621634,-1.1976998809767312,3.2957811130956562,731.25
586,-1.1850263417486313,-1.8331826948980494,-1.8527666178074684,-2.5889720233630693,-1.1976999184245103,3.1578837565889626,732.5
587,-1.1850263842004272,-1.8331827241370726,-1.8527666593944518,-2.5889719532516815,-1.197699961441633,3.009986401453086,733.75
588,-1.185026442430909,-1.833182746350387,-1.8527666990867357,-2.588971892277817,-1.1977000201560755,2.8520890533087995,735.0
589,-1.1850265085368854,-1.8331827642470444,-1.8527667370481131,-2.588971837457037,-1.1977000866936736,2.6858056807852826,736.25
590,-1.1850265788983816,-1.833182773628744,-1.8527667680790447,-2.5889717981213582,-1.1977001573590633,2.5259431896181868,737.5
591,-1.185026648112219,-1.83318277451561,-1.8527667905147078,-2.5889717758349367,-1.1977002267376657,2.3760806984510996,738.75
592,-1.1850267146631068,-1.8331827705904744,-1.8527668074540173,-2.588971763803673,-1.197700293370131,2.2362182072840424,740.0
593,-1.185026776240683,-1.8331827605863347,-1.8527668169481593,-2.588971765205347,-1.1977003549206922,2.106355716117002,741.25
594,-1.185026832932634,-1.8331827470968953,-1.852766821539603,-2.5889717749123307,-1.1977004115189454,1.9864932249499914,742.5
595,-1.1850268840957452,-1.833182733270309,-1.8527668240806312,-2.5889717869233695,-1.1977004625709133,1.8766307337830046,743.75
596,-1.185026927216485,-1.8331827145061221,-1.8527668193266307,-2.5889718110331534,-1.1977005054836023,1.776768242616026,745.0
597,-1.185026966019215,-1.8331826976209418,-1.8527668150486796,-2.5889718327286406,-1.1977005440991153,1.6869057514490544,746.25
598,-1.1850270002453618,-1.8331826824105826,-1.8527668109681825,-2.58897185248818,-1.1977005781550325,1.607043260282106,747.5
599,-1.1850270250916288,-1.8331826650821086,-1.8527668019097994,-2.5889718791977323,-1.1977006027766055,1.537180769115143,748.75
600,-1.1850270463814425,-1.8331826502340034,-1.852766794148018,-2.5889719020841238,-1.1977006238738876,1.4773182779481968,750.0
601,-1.185027064114804,-1.8331826378662692,-1.8527667876828353,-2.5889719211473565,-1.19770064144688,1.4274557867812112,751.25
602,-1.1850270782917125,-1.8331826279789036,-1.8527667825142546,-2.5889719363874284,-1.1977006554955816,1.387593295614221,752.5
603,-1.1850270889121677,-1.8331826205719062,-1.8527667786422761,-2.5889719478043394,-1.1977006660199925,1.3577308044472405,753.75
604,-1.1850270959761695,-1.833182615645277,-1.8527667760669004,-2.588971955398089,-1.1977006730201123,1.3378683132802556,755.0
605,-1.1852617108149348,-1.8337984631317346,-1.8519423243294126,-2.5891822233923785,-1.1979348761221524,1.3273743756152272,756.25
606,-1.1867725446309387,-1.8377643731588942,-1.8466330831652134,-2.590536268471052,-1.1994430587868854,1.3252333210252498,757.5
607,-1.1875861661668161,-1.8399001235799897,-1.8437739156864839,-2.5912654582772277,-1.2002552545423775,1.3324151128666104,758.75
608,-1.1875861612425622,-1.839900127989004,-1.8437739157478397,-2.591265460543104,-1.200255253936014,1.347997987764866,760.0
609,-1.1875861531582665,-1.839900135227416,-1.843773915848569,-2.5912654642630613,-1.2002552529405288,1.3735808626631256,761.25
610,-1.1875861419139293,-1.8399001452952253,-1.8437739159886728,-2.5912654694371,-1.2002552515559217,1.4091637375613824,762.5
611,-1.18758612750955,-1.8399001581924317,-1.84377391616815,-2.5912654760652196,-1.2002552497821932,1.4547466124596502,763.75
612,-1.1875861104147118,-1.8399001736003535,-1.8437739173279075,-2.5912654806929503,-1.2002552517059257,1.5103294772669646,765.0
613,-1.1875860904111826,-1.8399001916670936,-1.8437739190306728,-2.5912654849257057,-1.200255255427939,1.5759123387572926,766.25
614,-1.1875860623289132,-1.8399002087815637,-1.8437739220442149,-2.5912654766716288,-1.2002552404672029,1.6514951914925458,767.5
615,-1.1875860257497572,-1.8399002246355098,-1.8437739264559396,-2.591265454838732,-1.200255205222997,1.7370780364454008,768.75
616,-1.1875859848688757,-1.8399002423238588,-1.8437739314491475,-2.591265430168762,-1.2002551656269116,1.8326608712893484,770.0
617,-1.187585937914512,-1.8399002587610225,-1.8437739331594163,-2.5912654103679325,-1.200255119509168,1.938243699413226,771.25
618,-1.1875858835729047,-1.8399002716682513,-1.8437739287578754,-2.5912654010334037,-1.2002550652012978,2.053826519186739,772.5
619,-1.187585824528513,-1.839900285693479,-1.8437739239715698,-2.591265390906263,-1.200255006183767,2.1794093305649898,773.75
620,-1.1875857604133917,-1.8399002896415948,-1.8437739077744721,-2.591265402210056,-1.2002549419893471,2.3149921358707455,775.0
621,-1.187585691562952,-1.8399002936824604,-1.8437738901870602,-2.5912654147423524,-1.2002548730524092,2.4605749410450435,776.25
622,-1.1875856232670345,-1.8399002851616846,-1.8437738605482203,-2.591265451858037,-1.2002548044695764,2.616157739525912,777.5
623,-1.1875855529899755,-1.8399002731684004,-1.8437738269105155,-2.5912654964056814,-1.2002547338451897,2.7814499084012425,778.75
624,-1.1875854935467456,-1.8399002504791648,-1.8437737862487653,-2.5912655588055267,-1.200254673905233,2.9436231619475173,780.0
625,-1.187585443542318,-1.8399002251646945,-1.843773745981986,-2.591265623569405,-1.2002546233822486,3.095796415493747,781.25
626,-1.1875854057337885,-1.8399001953031622,-1.843773705101436,-2.5912656936637597,-1.2002545850082798,3.2379696690399498,782.5
627,-1.1875853762196389,-1.8399001650918407,-1.8437736664728215,-2.5912657619789403,-1.2002545549411516,3.370142922586135,783.75
628,-1.1875853586536065,-1.8399001329420588,-1.8437736296918954,-2.59126583055806,-1.200254536816893,3.4923161761322907,785.0
629,-1.1875853425253708,-1.839900103423774,-1.8437735959215176,-2.5912658935239117,-1.2002545201761228,3.604489429678422,786.25
630,-1.18758534082046,-1.8399000734513389,-1.843773566217103,-2.591265953092218,-1.2002545179828403,3.706662683224545,787.5
631,-1.1875853399007212,-1.8399000462654755,-1.8437735394701977,-2.591266006935899,-1.200254516621503,3.798835936770648,788.75
632,-1.1875853390807662,-1.839900022029046,-1.843773515625097,-2.591266054938006,-1.2002545154078592,3.881009190316758,790.0
633,-1.1875853461639982,-1.8399000002841128,-1.8437734966750432,-2.5912660956785727,-1.2002545221549532,3.953182443862863,791.25
634,-1.1875853539127341,-1.8398999814554113,-1.8437734807713007,-2.591266130474623,-1.2002545296161595,4.0153556974089675,792.5
635,-1.187585360415157,-1.8398999656551365,-1.8437734674255277,-2.5912661596740465,-1.2002545358772994,4.067528950955097,793.75
636,-1.187585365671266,-1.839899952883287,-1.8437734566377255,-2.5912661832768435,-1.200254540938372,4.109702204501247,795.0
637,-1.187585369681062,-1.8398999431398613,-1.843773448407896,-2.5912662012830134,-1.2002545447993778,4.141875458047372,796.25
638,-1.1875853724445444,-1.8398999364248598,-1.8437734427360388,-2.591266213692556,-1.2002545474603166,4.164048711593502,797.5
639,-1.1876290670362177,-1.8400160421594327,-1.8436171140285809,-2.591306744435633,-1.2002981612026824,4.1763635331063815,798.75
640,-1.188931320534351,-1.8434766339336874,-1.8389578962539994,-2.5925145430289245,-1.2015980067035748,4.180784096817602,800.0
641,-1.1901021566259795,-1.846588004102936,-1.8347688639034334,-2.593600453949118,-1.202766679837153,4.175420086516764,801.25
642,-1.190109553227153,-1.8466076666886377,-1.8347423988927902,-2.593607312948582,-1.2027740677720684,4.162159818735626,802.5
643,-1.1901095515116311,-1.8466076742840312,-1.834742402647961,-2.5936073094282115,-1.202774074839599,4.138925046534166,803.75
644,-1.190109549057767,-1.8466076851484017,-1.8347424080193173,-2.5936073043927106,-1.2027740849489197,4.105690274332668,805.0
645,-1.1901095458655604,-1.846607699281749,-1.8347424150068594,-2.5936072978420794,-1.2027740981000306,4.062455502131179,806.25
646,-1.190109541675039,-1.8466077169341502,-1.8347424228460685,-2.593607292663328,-1.2027741120055429,4.0092207316787585,807.5
647,-1.1901095364346235,-1.846607738155221,-1.834742431385262,-2.5936072894292472,-1.2027741262116325,3.945985962860041,808.75
648,-1.1901095324099233,-1.8466077618102683,-1.8347424446440923,-2.593607274138211,-1.2027741376267675,3.8727511989093495,810.0
649,-1.1901095330975104,-1.8466077863225094,-1.8347424683849205,-2.5936072270441013,-1.202774137635359,3.7895164466183355,811.25
650,-1.1901095338491403,-1.8466078137663686,-1.8347424950263074,-2.5936071740844073,-1.2027741374871372,3.6962817015503306,812.5
651,-1.1901095368992705,-1.84660784360212,-1.8347425247981803,-2.5936071154552107,-1.2027741396839688,3.593046963322239,813.75
652,-1.1901095530763057,-1.8466078732121805,-1.8347425588204715,-2.593607052083423,-1.2027741563346317,3.479812234973397,815.0
653,-1.1901095706835916,-1.8466079054361317,-1.8347425958503911,-2.5936069831040167,-1.2027741744699363,3.3565775151990813,816.25
654,-1.1901096019427846,-1.8466079349713387,-1.8347426345105275,-2.5936069154353465,-1.2027742062711857,3.2233428010805083,817.5
655,-1.1901096398036703,-1.8466079648769442,-1.8347426755934604,-2.5936068450939507,-1.2027742447044565,3.0801080885380596,818.75
656,-1.1901096914582792,-1.8466079891023346,-1.834742715449715,-2.593606781851139,-1.2027742968672248,2.926873380886608,820.0
657,-1.1901097509281733,-1.846608011812454,-1.8347427562748282,-2.5936067192678007,-1.20277435683685,2.7636386795929813,821.25
658,-1.1901098216796973,-1.8466080222622128,-1.8347427886579044,-2.593606677521669,-1.2027744279135213,2.599158272681024,822.5
659,-1.1901098896611697,-1.846608029322789,-1.8347428168617241,-2.593606643293216,-1.202774496158965,2.4446364485451175,823.75
660,-1.1901099575949206,-1.84660802535458,-1.8347428342759404,-2.5936066308520793,-1.2027745641773009,2.300114624409067,825.0
661,-1.1901100207829012,-1.8466080203268378,-1.8347428491676612,-2.593606621919094,-1.2027746274222273,2.165592800272876,826.25
662,-1.1901100789636434,-1.8466080065196455,-1.834742853912933,-2.5936066318129702,-1.2027746855062056,2.041070976136567,827.5
663,-1.190110132472055,-1.846607993821276,-1.8347428582771173,-2.593606640912298,-1.2027747389256247,1.9265491520001237,828.75
664,-1.1901101782996844,-1.8466079767262429,-1.8347428559387366,-2.593606660983904,-1.2027747845759307,1.8220273278635613,830.0
665,-1.1901102186184584,-1.8466079592091869,-1.8347428514615385,-2.593606683532817,-1.2027748246984309,1.7275055037269091,831.25
666,-1.1901102546716817,-1.8466079435453624,-1.834742847458004,-2.5936067036961528,-1.2027748605761452,1.6429836795901849,832.5
667,-1.1901102833052744,-1.846607927243399,-1.8347428405056683,-2.59360672733373,-1.2027748890075722,1.5684618554533956,833.75
668,-1.1901103059730773,-1.8466079114516678,-1.8347428321820842,-2.593606751744524,-1.2027749114684112,1.503940031316557,835.0
669,-1.190110325127681,-1.8466078981074394,-1.8347428251485405,-2.593606772371979,-1.2027749304481274,1.4494182071796864,836.25
670,-1.1901103407690856,-1.8466078872107148,-1.8347428194050366,-2.593606789216095,-1.2027749459467216,1.4048963830427819,837.5
671,-1.1901103528972912,-1.8466078787614921,-1.8347428149515754,-2.5936068022768723,-1.2027749579641929,1.3703745589058804,838.75
672,-1.190110361512297,-1.8466078727597712,-1.8347428117881561,-2.5936068115543103,-1.2027749665005412,1.34585273476901,840.0
673,-1.1901103666141035,-1.846607869205552,-1.8347428099147791,-2.5936068170484092,-1.2027749715557665,1.331330910632128,841.25
674,-1.1910652088786067,-1.8491766262802125,-1.8312648332667065,-2.5945227173387186,-1.203727956171215,1.3249398008666744,842.5
675,-1.1924698306328751,-1.8529554138979558,-1.82614853751247,-2.595870054582639,-1.205129846146867,1.328099064369087,843.75
676,-1.1926004529885443,-1.8533068333645077,-1.825672736725799,-2.595995354711539,-1.2052602173931186,1.3393523453110763,845.0
677,-1.1926004464556783,-1.853306839203718,-1.825672736774445,-2.5959953578357995,-1.2052602164581452,1.3602038271142443,846.25
678,-1.1926004367897662,-1.8533068478433097,-1.8256727368464214,-2.5959953624583996,-1.2052602150747753,1.391055308917445,847.5
679,-1.192600423990808,-1.8533068592832829,-1.8256727369417274,-2.5959953685793398,-1.2052602132430092,1.43190679072065,848.75
680,-1.1926004082244037,-1.8533068734129607,-1.8256727373873958,-2.595995375006187,-1.2052602124189191,1.4827582678763185,850.0
681,-1.1926003898222661,-1.8533068900106497,-1.8256727388384992,-2.5959953793503985,-1.2052602155191405,1.543609733098208,851.25
682,-1.1926003679042474,-1.8533069089664296,-1.8256727406404722,-2.5959953830818474,-1.2052602172511042,1.6144611973791374,852.5
683,-1.1926003337657618,-1.8533069237402944,-1.825672744782889,-2.5959953627179715,-1.205260184378195,1.6953126460132264,853.75
684,-1.192600295393856,-1.8533069403337998,-1.8256727494654272,-2.5959953397160267,-1.2052601473449118,1.7861640902891194,855.0
685,-1.1926002527768667,-1.8533069587388764,-1.825672754717399,-2.5959953139499987,-1.2052601060514776,1.8870155265608004,856.25
686,-1.1926002016641455,-1.8533069715847097,-1.8256727513224227,-2.5959953035863763,-1.2052600550876802,1.9978669520744479,857.5
687,-1.1926001455311355,-1.8533069848839623,-1.825672746741394,-2.5959952940162827,-1.2052599989848791,2.118718370319489,858.75
688,-1.19260008456651,-1.853306993647688,-1.8256727361830325,-2.5959952949012344,-1.2052599379932143,2.249569782047569,860.0
689,-1.1926000187575543,-1.853306997475466,-1.825672719251597,-2.5959953070336406,-1.2052598720999868,2.39042119072698,861.25
690,-1.1925999508736052,-1.853306995267511,-1.8256726957489178,-2.595995331724259,-1.205259804029537,2.5412725961298217,862.5
691,-1.1925998813568777,-1.8533069859497533,-1.8256726647608024,-2.5959953709645065,-1.205259734207337,2.702123994923442,863.75
692,-1.1925998177018893,-1.8533069670591522,-1.8256726262265683,-2.5959954273852093,-1.2052596701032623,2.868110264231305,865.0
693,-1.1925997608838492,-1.8533069453539956,-1.8256725870808737,-2.5959954873265203,-1.205259612805171,3.025011568077523,866.25
694,-1.1925997209613513,-1.853306915789956,-1.8256725455380345,-2.595995557755194,-1.2052595723114417,3.1719128719238725,867.5
695,-1.192599684992635,-1.8533068873777692,-1.825672506367565,-2.5959956247219553,-1.2052595357990397,3.3088141757703835,868.75
696,-1.192599665137884,-1.8533068551861789,-1.8256724685552301,-2.5959956943407727,-1.2052595153743668,3.4357154796170257,870.0
697,-1.192599648531115,-1.8533068248005429,-1.825672433534939,-2.595995759415131,-1.205259498234355,3.5526167834637743,871.25
698,-1.1925996399490326,-1.853306795448879,-1.8256724020509494,-2.59599582004212,-1.2052594891536264,3.6595180873106483,872.5
699,-1.192599638992358,-1.853306767225822,-1.8256723740705783,-2.59599587615407,-1.2052594877335685,3.7564193911576234,873.75
700,-1.1925996381344106,-1.853306741915328,-1.8256723489777142,-2.5959959264753913,-1.2052594864600576,3.8433206950046723,875.0
701,-1.192599640708445,-1.8533067193235322,-1.8256723276299123,-2.595995970391739,-1.2052594886705317,3.920221998851799,876.25
702,-1.1925996489448336,-1.8533066993207192,-1.8256723106009822,-2.5959960074920376,-1.2052594965981616,3.987123302698971,877.5
703,-1.1925996559500969,-1.8533066823078057,-1.825672296117433,-2.59599603904681,-1.2052595033408176,4.044024606546176,878.75
704,-1.1925996617242351,-1.8533066682847936,-1.8256722841792619,-2.595996065056055,-1.2052595088984999,4.0909259103934215,880.0
705,-1.192599666267248,-1.8533066572516796,-1.8256722747864718,-2.5959960855197735,-1.2052595132712083,4.127827214240671,881.25
706,-1.1925996695791357,-1.8533066492084633,-1.8256722679390636,-2.595996100437964,-1.2052595164589426,4.1547285180879046,882.5
707,-1.1925996716598979,-1.8533066441551456,-1.8256722636370368,-2.595996109810628,-1.2052595184617032,4.171629821935127,883.75
708,-1.1931825419841078,-1.8548941188366543,-1.8235109379221486,-2.596574012037863,-1.205841197330854,4.179848882346431,885.0
709,-1.1946730061602167,-1.8589534816045807,-1.8179841836879997,-2.598051763415673,-1.2073286155235363,4.179079632021842,886.25
710,-1.1950562458967837,-1.859997261378338,-1.8165631005888514,-2.598431733612919,-1.207711075373504,4.169675517248047,887.5
711,-1.195056244533178,-1.859997267344889,-1.8165631035171423,-2.5984317309759457,-1.207711080831492,4.151239459312951,888.75
712,-1.195056242429932,-1.8599972765477886,-1.8165631080337832,-2.598431726908638,-1.207711089249976,4.12280340137783,890.0
713,-1.195056239587045,-1.8599972889870369,-1.8165631141387737,-2.5984317214109955,-1.2077111006289565,4.084367343442706,891.25
714,-1.195056235986526,-1.8599973046796998,-1.8165631217799063,-2.5984317146789384,-1.207711114808528,4.035931285741208,892.5
715,-1.1950562311380932,-1.8599973240908245,-1.8165631295345057,-2.598431712051328,-1.2077111274312504,3.9774952339751417,893.75
716,-1.195056225459962,-1.8599973468237212,-1.8165631386161278,-2.59843170897406,-1.2077111422140643,3.9090591822090905,895.0
717,-1.195056224830969,-1.8599973702087125,-1.8165631587796065,-2.5984316721494896,-1.2077111452185574,3.8306231439589284,896.25
718,-1.1950562255499446,-1.859997395922644,-1.8165631838977312,-2.5984316224850255,-1.2077111451845968,3.7421871101440902,897.5
719,-1.1950562263224578,-1.8599974245231445,-1.8165632119319834,-2.5984315668810636,-1.207711144908333,3.6437510873040804,898.75
720,-1.195056237067271,-1.8599974536336246,-1.8165632438701846,-2.5984315063584758,-1.2077111555992233,3.5353150723916014,900.0
721,-1.1950562537867262,-1.859997484221724,-1.8165632792869266,-2.5984314406173286,-1.207711172820194,3.4168790652442036,901.25
722,-1.195056276176846,-1.8599975155472745,-1.8165633172134399,-2.59843137172615,-1.2077111957516071,3.2884430654377708,902.5
723,-1.1950563123314846,-1.859997544104202,-1.8165633567303308,-2.5984313042697913,-1.2077112324585308,3.150007070169421,903.75
724,-1.1950563547291324,-1.8599975721971687,-1.8165633977581916,-2.598431235859382,-1.2077112754143233,3.0015710765553925,905.0
725,-1.1950564117589868,-1.8599975939885238,-1.816563437193627,-2.5984311755459255,-1.2077113329287168,2.843135089831611,906.25
726,-1.1950564769287029,-1.8599976108019036,-1.8165634742936103,-2.598431122654218,-1.20771139851918,2.6767778779508076,907.5
727,-1.1950565453692352,-1.8599976199871993,-1.8165635049137643,-2.598431083898605,-1.207711467262342,2.5174606033761058,908.75
728,-1.1950566129614362,-1.8599976202260005,-1.8165635264573314,-2.5984310631290732,-1.2077115350082792,2.3681433288012625,910.0
729,-1.1950566776624618,-1.85999761647795,-1.816563543163801,-2.598431051129368,-1.2077115997911196,2.22882605422626,911.25
730,-1.1950567374900287,-1.8599976062422912,-1.8165635519459014,-2.5984310534510424,-1.2077116595830906,2.0995087796511247,912.5
731,-1.195056792569174,-1.8599975932032322,-1.8165635564706952,-2.5984310627547016,-1.2077117145700473,1.9801915050758612,913.75
732,-1.195056842025082,-1.8599975794148378,-1.816563558484929,-2.598431075232015,-1.2077117639089896,1.870874230500473,915.0
733,-1.1950568838799265,-1.859997561259158,-1.8165635538026954,-2.5984310986473957,-1.2077118055582539,1.7715569559250044,916.25
734,-1.195056921520516,-1.8599975449315305,-1.8165635495918986,-2.5984311197051424,-1.2077118430139626,1.6822396813494094,917.5
735,-1.1950569543962701,-1.8599975299970701,-1.8165635452507676,-2.5984311394324866,-1.2077118757171685,1.6029224067737806,918.75
736,-1.195056978455637,-1.8599975132556112,-1.816563536351023,-2.5984311653885115,-1.207711899554753,1.5336051321980797,920.0
737,-1.195056999044099,-1.8599974989293453,-1.816563528735193,-2.598431187600012,-1.2077119199534279,1.474287857622346,921.25
738,-1.1950570161616567,-1.8599974870182745,-1.816563522403274,-2.5984312060669894,-1.2077119369131941,1.4249705830465786,922.5
739,-1.1950570298083094,-1.8599974775223962,-1.8165635173552694,-2.5984312207894416,-1.2077119504340508,1.385653308470794,923.75
740,-1.1950570399840572,-1.8599974704417106,-1.8165635135911802,-2.598431231767369,-1.2077119605159972,1.3563360338950192,925.0
741,-1.1950570466888997,-1.8599974657762173,-1.8165635111110061,-2.598431239000771,-1.207711967159034,1.3370187593192686,926.25
742,-1.1953317937993184,-1.8607550236078585,-1.81552644045418,-2.5987126489294994,-1.207986124947903,1.3269369408549756,927.5
743,-1.1967783004905912,-1.8647435255832499,-1.8100663417713743,-2.600194233766949,-1.209429529210592,1.3252697083756961,928.75
744,-1.1974808648463533,-1.8666807396370462,-1.8074143769515796,-2.600913838889481,-1.210130588611909,1.3327956374020264,930.0
745,-1.197480859880454,-1.866680744068305,-1.8074143769650788,-2.60091384134794,-1.2101305878042696,1.3487822343028981,931.25
746,-1.1974808518082665,-1.8666807512714234,-1.807414376987022,-2.600913845344225,-1.2101305864914325,1.3747688312037813,932.5
747,-1.1974808406297897,-1.8666807612464003,-1.8074143770174094,-2.600913850878335,-1.2101305846733972,1.41075542810469,933.75
748,-1.197480826345024,-1.8666807739932363,-1.807414377056241,-2.6009138579502706,-1.2101305823501647,1.4567420250055811,935.0
749,-1.1974808094418887,-1.8666807891903445,-1.807414378054113,-2.6009138631182234,-1.2101305838559542,1.5127286079410152,936.25
750,-1.1974807896564075,-1.8666808070117111,-1.8074143794967317,-2.6009138682442883,-1.2101305868458563,1.5787151872625769,937.5
751,-1.1974807616626206,-1.8666808235462247,-1.8074143824490243,-2.600913859654699,-1.2101305704507506,1.6547017571080107,938.75
752,-1.1974807257909008,-1.8666808390467498,-1.807414386829121,-2.6009138382684616,-1.210130535928624,1.7406883198247045,940.0
753,-1.1974806857204405,-1.8666808563302444,-1.8074143917897731,-2.600913814091583,-1.2101304971586417,1.8366748717378905,941.25
754,-1.1974806395342685,-1.8666808720646308,-1.8074143930941755,-2.600913795507019,-1.2101304517707892,1.9426614169214704,942.5
755,-1.1974805863057207,-1.8666808846453207,-1.8074143887206107,-2.6009137864831495,-1.2101303985770813,2.0586479538256097,943.75
756,-1.1974805284782808,-1.866680898055432,-1.8074143837096217,-2.6009137772084814,-1.2101303407753767,2.1846344825158175,945.0
757,-1.1974804657012295,-1.866680901679009,-1.807414367439022,-2.60091378892708,-1.2101302779164136,2.3206210050985625,946.25
758,-1.1974803983078393,-1.8666809055690898,-1.8074143499718078,-2.600913801507951,-1.2101302104356608,2.466607527598798,947.5
759,-1.1974803316811686,-1.8666808966615125,-1.8074143200957342,-2.600913839269102,-1.2101301435134808,2.6225940429586245,948.75
760,-1.1974802634442945,-1.8666808843520997,-1.807414286347188,-2.600913884271207,-1.210130074921298,2.788134578102333,950.0
761,-1.1974802055641813,-1.8666808622330338,-1.80741424617533,-2.6009139456349897,-1.2101300165467594,2.949897463904496,951.25
762,-1.1974801574841276,-1.8666808371545494,-1.807414206176676,-2.6009140099238817,-1.2101299679452162,3.1016603497067488,952.5
763,-1.1974801206814192,-1.8666808080893276,-1.8074141658027245,-2.600914078733071,-1.210129930580273,3.2434232355091286,953.75
764,-1.197480092589694,-1.8666807784239827,-1.8074141275901334,-2.6009141461099596,-1.2101299019358027,3.375186121311719,955.0
765,-1.1974800754972657,-1.8666807471666809,-1.8074140912819563,-2.600914213334943,-1.2101298842888284,3.4969490071143743,956.25
766,-1.1974800598085849,-1.8666807184764485,-1.8074140579556488,-2.600914275038953,-1.2101298680911443,3.608711892917186,957.5
767,-1.1974800587113912,-1.866680689234952,-1.807414028698625,-2.600914333442142,-1.210129866508348,3.7104747787200703,958.75
768,-1.1974800578149114,-1.8666806628449861,-1.8074140023242764,-2.6009143861218247,-1.2101298651738284,3.8022376645230795,960.0
769,-1.197480057016127,-1.8666806393309099,-1.80741397882411,-2.6009144330606597,-1.2101298639847404,3.884000550326225,961.25
770,-1.1974800642859211,-1.8666806182326767,-1.807413960263951,-2.6009144727710867,-1.2101298709221244,3.9557634361294483,962.5
771,-1.1974800717979626,-1.8666806000019869,-1.8074139446154411,-2.600914506713689,-1.2101298781496759,4.0175263219326816,963.75
772,-1.1974800780937331,-1.8666805847230217,-1.807413931500572,-2.60091453516066,-1.210129884207018,4.069289207735869,965.0
773,-1.1974800831732324,-1.8666805723957796,-1.8074139209193452,-2.6009145581120006,-1.210129889094151,4.111052093539011,966.25
774,-1.1974800870364608,-1.8666805630202594,-1.8074139128717617,-2.6009145755677103,-1.2101298928110742,4.1428149793421785,967.5
775,-1.197480089683418,-1.866680556596461,-1.807413907357822,-2.600914587527789,-1.2101298953577877,4.164577865145344,968.75
776,-1.1975410231146684,-1.866850649494053,-1.8071797870505732,-2.6009790329389846,-1.2101906917610608,4.176549038665536,970.0
777,-1.1988072220644928,-1.8703853414666862,-1.8023147060820364,-2.6023181079877884,-1.211454044337601,4.180648049024888,971.25
778,-1.1998691459407227,-1.873349788984288,-1.7982345040777228,-2.6034411491250964,-1.2125135830849356,4.175008934417429,972.5
779,-1.1998716931925237,-1.8733569069643288,-1.7982247151062285,-2.603443842213132,-1.2125161295035922,4.161493046626521,973.75
780,-1.199871691451449,-1.8733569144955755,-1.7982247187783762,-2.6034438390372694,-1.2125161362761403,4.137986733481603,975.0
781,-1.1998716889696905,-1.8733569252307478,-1.7982247240127203,-2.60344383451034,-1.21251614592985,4.104480420336695,976.25
782,-1.1998716857472482,-1.8733569391698448,-1.798224730809261,-2.6034438286323422,-1.2125161584647206,4.060974107191783,977.5
783,-1.1998716815115675,-1.8733569565682193,-1.7982247383866374,-2.6034438243168,-1.2125161714340131,4.007467797337004,978.75
784,-1.1998716762384594,-1.8733569774485344,-1.7982247466755048,-2.6034438218222884,-1.21251618462058,3.943961490224519,980.0
785,-1.1998716723778131,-1.8733570005906541,-1.7982247600161925,-2.6034438061996417,-1.2125161947665344,3.870455188468053,981.25
786,-1.1998716730522045,-1.8733570245659599,-1.7982247836250143,-2.603443759717795,-1.212516194747574,3.786948897959535,982.5
787,-1.1998716737893123,-1.8733570513978968,-1.79822481011279,-2.603443707450599,-1.212516194569775,3.6934426151488937,983.75
788,-1.199871677166898,-1.8733570804685318,-1.7982248397424054,-2.6034436496427076,-1.2125161971342853,3.589936339246868,985.0
789,-1.1998716930010138,-1.8733571094186476,-1.798224873532457,-2.6034435871546395,-1.2125162134440264,3.4764300729059197,986.25
790,-1.1998717102317682,-1.8733571409182759,-1.7982249103024368,-2.6034435191505443,-1.212516231205308,3.3529238154647967,987.5
791,-1.1998717412417053,-1.8733571696120266,-1.7982249486353625,-2.6034434526463484,-1.2125162627564259,3.2194175636599582,988.75
792,-1.1998717782767483,-1.873357198853749,-1.798224989416494,-2.6034433832562476,-1.2125163003633928,3.075911313299199,990.0
793,-1.1998718292025896,-1.8733572222729706,-1.7982250288235726,-2.6034433212564587,-1.2125163517932762,2.9224050679927753,991.25
794,-1.1998718872605674,-1.8733572444603308,-1.7982250692702246,-2.6034432595529444,-1.2125164103499513,2.7591766195585783,992.5
795,-1.199871954804034,-1.8733572541154115,-1.7982251002842122,-2.6034432199229345,-1.2125164782051105,2.5990037914006616,993.75
796,-1.199872019177856,-1.8733572611641558,-1.7982251277050363,-2.6034431864378855,-1.2125165428402218,2.448830963242627,995.0
797,-1.1998720835025543,-1.8733572574638147,-1.7982251444386035,-2.603443174359634,-1.212516607247512,2.3086581350845745,996.25
798,-1.1998721432300363,-1.8733572537845504,-1.7982251597345964,-2.603443163628975,-1.212516667047639,2.178485306926439,997.5
799,-1.1998721980443343,-1.8733572408377204,-1.798225164271042,-2.6034431728268936,-1.2125167217696025,2.0583124787683045,998.75
800,-1.1998722482973458,-1.8733572289682456,-1.7982251684299877,-2.603443181259423,-1.2125167719379624,1.948139650610132,1000.0
801,-1.199872292086292,-1.8733572146978064,-1.798225168154513,-2.6034431964239393,-1.2125168155878878,1.847966822451891,1001.25
802,-1.1998723296350795,-1.8733571984357078,-1.7982251639220128,-2.603443217438197,-1.212516852950587,1.7577939942936511,1002.5
803,-1.1998723630197774,-1.87335718397705,-1.798225160158883,-2.6034432361220143,-1.2125168861698337,1.677621166135396,1003.75
804,-1.1998723920329852,-1.873357171158072,-1.798225156636755,-2.6034432528639715,-1.212516915035042,1.6074483379771434,1005.0
805,-1.199872412669509,-1.8733571568163718,-1.7982251489453418,-2.6034432751682024,-1.212516935479506,1.5472755098188986,1006.25
806,-1.1998724298764907,-1.8733571448580895,-1.7982251425321487,-2.603443293765739,-1.212516952526346,1.4971026816606994,1007.5
807,-1.1998724436539305,-1.873357135283226,-1.7982251373971754,-2.6034433086565802,-1.2125169661755621,1.456929853502511,1008.75
808,-1.199872454001829,-1.8733571280917813,-1.7982251335404213,-2.6034433198407276,-1.212516976427155,1.4267570253443176,1010.0
809,-1.1998724609201852,-1.8733571232837543,-1.798225130961888,-2.60344332731818,-1.2125169832811236,1.4065841971861415,1011.25
810,-1.1998724644089995,-1.8733571208591449,-1.7982251296615754,-2.603443331088937,-1.212516986737468,1.3964113690279254,1012.5
811,-1.1993320605715976,-1.8718673362491745,-1.80034665430783,-2.602807943067659,-1.2119782644760746,1.3951991142517322,1013.75
812,-1.1992212563868185,-1.871561880868281,-1.8007816411333002,-2.602677663624216,-1.2118678050979301,1.4029370935368575,1015.0
813,-1.1990746742863325,-1.8711578047638753,-1.8013570732459983,-2.602505318077158,-1.211721679155469,1.4205533615144583,1016.25
814,-1.1988448838123864,-1.8705243519805288,-1.8022591534963313,-2.6022351393526773,-1.2114926037809004,1.4481696294920225,1017.5
815,-1.1985318849649798,-1.8696615225182398,-1.803487881884301,-2.6018671274507734,-1.2111805789742232,1.4857858974696074,1018.75
816,-1.1981316911026796,-1.8685687301937914,-1.8050382117654755,-2.6014068762481832,-1.2107815952132224,1.5334022726689682,1020.0
817,-1.1976466338548721,-1.867246318366908,-1.8069130936802167,-2.6008511146250672,-1.210297997507574,1.5910186682414829,1021.25
818,-1.1970773892428628,-1.8656943864852304,-1.809113383301586,-2.6001988940656364,-1.209730465758353,1.6586350638140093,1022.5
819,-1.1964189246487655,-1.863912102711211,-1.8116329168225906,-2.5994571590198996,-1.2090739416133855,1.736251608436218,1023.75
820,-1.1956754686596016,-1.8619001664037111,-1.8144768724634444,-2.59862007492372,-1.208332675281241,1.8238681574442899,1025.0
821,-1.194840916392504,-1.8596575057092712,-1.817637907950297,-2.5976959945495466,-1.20750052907305,1.9214848781397613,1026.25
822,-1.193918307661247,-1.8571846309875368,-1.8211197308504217,-2.59668073049977,-1.2065805592970111,2.029101669383483,1027.5
823,-1.192904367695347,-1.8544809306129824,-1.824918483718929,-2.59557871887643,-1.2055694738939042,2.1467186094091453,1028.75
824,-1.1917966718898065,-1.851545877343442,-1.8290314753923018,-2.5943931533482782,-1.2044648359694539,2.274335747221002,1030.0
825,-1.1905953185154363,-1.8483794358218484,-1.8334589409949182,-2.593123834900526,-1.2032667446737175,2.411953058763162,1031.25
826,-1.189298153242215,-1.844981109997469,-1.8381985511208572,-2.5917735668796418,-1.2019730349340256,2.5595705775237434,1032.5
827,-1.1879029712427362,-1.8413503522434813,-1.8432480109638392,-2.5903451689031414,-1.2005814911982708,2.7171883344117003,1033.75
828,-1.1864624585863848,-1.8376277764078996,-1.8484097113125793,-2.5888959970881804,-1.1991446512042445,2.878683475372548,1035.0
829,-1.1850969065831776,-1.8341224359514237,-1.8532562158641734,-2.587545275266004,-1.1977825056561824,3.030651962531,1036.25
830,-1.1838125976584064,-1.8308456599456002,-1.8577747480249402,-2.5862945013075196,-1.1965013368525748,3.1726206401606194,1037.5
831,-1.1826090081056262,-1.827797234452032,-1.8619649516047536,-2.585144239482464,-1.1953006191123565,3.304589519417131,1038.75
832,-1.1814901896115284,-1.8249781263054552,-1.8658311315587575,-2.584089259751045,-1.1941844240964707,3.426558522414126,1040.0
833,-1.1804583609524484,-1.822388895271151,-1.8693755770297704,-2.583126736228578,-1.1931549813117248,3.5385276152376566,1041.25
834,-1.179513003414502,-1.8200293785010624,-1.8725978252179991,-2.5822572890034685,-1.1922117697551136,3.640496813362107,1042.5
835,-1.1786560940474908,-1.8179000734410353,-1.8754999191710586,-2.581478398082207,-1.1913567760483872,3.7324660829380427,1043.75
836,-1.1778898690741773,-1.81600160077138,-1.8780840379156074,-2.5807872872816504,-1.1905922468392074,3.814435396870558,1045.0
837,-1.1772138999608146,-1.814333815570831,-1.8803498230655882,-2.580184455245899,-1.189917751776318,3.8864047612271233,1046.25
838,-1.1766298172626093,-1.8128971834735261,-1.8822988336864106,-2.57966789450669,-1.1893349289253403,3.948374160164013,1047.5
839,-1.1761399879714451,-1.811692380653567,-1.8839333325233099,-2.5792346911580766,-1.188846156179895,4.000343559100855,1048.75
840,-1.1757421028630617,-1.8107187292491829,-1.8852511536339434,-2.578887664488577,-1.1884491138067816,4.042312992845665,1050.0
841,-1.1754382673724448,-1.8099768470922846,-1.8862542722274824,-2.578624243809532,-1.1881459168231567,4.074282439872814,1051.25
842,-1.1752294712143379,-1.80946702467551,-1.8869436166751345,-2.578443220764335,-1.1879375594479142,4.096251886899925,1052.5
843,-1.175115714388741,-1.8091892619988577,-1.8873191869769004,-2.5783445953529855,-1.187824041681054,4.108221333927042,1053.75
844,-1.1745848344236347,-1.8078956874619914,-1.8890666536710428,-2.577886880886557,-1.1872942707980787,4.11082928774499,1055.0
845,-1.1744227163688645,-1.8075010189510756,-1.8895995892551976,-2.5777474457893277,-1.1871324905564924,4.104527078846791,1056.25
846,-1.1744223421524576,-1.8075009137692861,-1.8895992471218368,-2.5777478886490255,-1.1871321151538812,4.088544800231059,1057.5
847,-1.1744217337914609,-1.8075007427759866,-1.889598690918024,-2.57774860860294,-1.1871315048644806,4.062562521615329,1058.75
848,-1.1744208912524423,-1.8075005060106037,-1.8895979205304543,-2.5777496060753893,-1.1871306593923365,4.0265802518003575,1060.0
849,-1.1744198144692723,-1.8075002035509464,-1.8895969357353128,-2.577750881904273,-1.1871295781530056,3.9805980029124526,1061.25
850,-1.1744185035124384,-1.8074998353138063,-1.8895957367716247,-2.5777524351943333,-1.1871282617709058,3.9246157540245132,1062.5
851,-1.1744178185405758,-1.8074996540518475,-1.889595120685403,-2.5777532254845705,-1.187127573984936,3.8586335153825964,1063.75
852,-1.1744178192783454,-1.807499677314818,-1.889595142819117,-2.5777531805311242,-1.18712757476835,3.7826512854615637,1065.0
853,-1.1744178201061248,-1.8074997036352896,-1.8895951678811809,-2.5777531295935985,-1.1871275755964399,3.6966690594137352,1066.25
854,-1.1744178222825368,-1.807499732710228,-1.889595195980098,-2.5777530728642204,-1.1871275777854764,3.600686836659196,1067.5
855,-1.1744178379928556,-1.8074997615929866,-1.8895952282014006,-2.577753012057419,-1.1871275939666805,3.4947046244624893,1068.75
856,-1.1744178551859734,-1.8074997932006898,-1.8895952634638529,-2.577752945509806,-1.1871276116784415,3.378722418555574,1070.0
857,-1.1744178828597702,-1.8074998235963688,-1.8895953007967572,-2.5777528782684294,-1.1871276398821502,3.2527402201636844,1071.25
858,-1.1744179201525735,-1.8074998531570992,-1.8895953402926908,-2.5777528098514155,-1.1871276777184552,3.1167580278647096,1072.5
859,-1.1744179672209532,-1.8074998799603061,-1.8895953801814633,-2.577752743937123,-1.187127725307528,2.9707758377313933,1073.75
860,-1.1744180261853858,-1.8074999025191563,-1.8895954197058487,-2.5777526827968984,-1.1871277847508295,2.8147936518653642,1075.0
861,-1.1744180957748167,-1.8074999176236697,-1.8895954554318775,-2.5777526330462575,-1.1871278547248727,2.6505242881211917,1076.25
862,-1.1744181669263587,-1.807499927108845,-1.8895954863112467,-2.577752593768767,-1.1871279261762755,2.49281934672202,1077.5
863,-1.1744182380397017,-1.8074999250705663,-1.8895955062545262,-2.5777525769172414,-1.1871279974088056,2.3451144053227644,1078.75
864,-1.1744183052074986,-1.8074999210486191,-1.8895955231035428,-2.5777525650791913,-1.1871280646563167,2.207409463923444,1080.0
865,-1.1744183671997837,-1.8074999084422254,-1.8895955302223608,-2.577752571454101,-1.1871281265827835,2.079704522524124,1081.25
866,-1.1744184242687032,-1.8074998947657477,-1.8895955348122162,-2.5777525813516533,-1.1871281835586514,1.961999581124717,1082.5
867,-1.1744184747229225,-1.8074998790043741,-1.8895955353907843,-2.5777525972408823,-1.1871282338730869,1.8542946397253128,1083.75
868,-1.1744185179719013,-1.807499860072525,-1.889595530747274,-2.5777526214062534,-1.1871282769172815,1.7565896983258522,1085.0
869,-1.1744185567943937,-1.8074998430783356,-1.8895955265790159,-2.5777526430983246,-1.1871283155559493,1.6688847569263894,1086.25
870,-1.174418589678377,-1.8074998268232774,-1.889595521284685,-2.577752665090994,-1.1871283482550714,1.5911798155269146,1087.5
871,-1.1744186143628863,-1.8074998095151658,-1.8895955124697683,-2.5777526915321474,-1.187128372720791,1.523474874127448,1088.75
872,-1.1744186354015007,-1.807499794763457,-1.8895955049568118,-2.5777527140679504,-1.1871283935729313,1.4657699327279772,1090.0
873,-1.174418652794221,-1.8074997825681547,-1.889595498745813,-2.577752732698403,-1.1871284108114923,1.4180649913285586,1091.25
874,-1.1744186665410465,-1.8074997729292548,-1.8895954938367752,-2.5777527474235047,-1.187128424436474,1.3803600499291564,1092.5
875,-1.1744186766419769,-1.8074997658467569,-1.889595490229699,-2.577752758243256,-1.1871284344478754,1.3526551085297285,1093.75
876,-1.1744186830970125,-1.8074997613206614,-1.889595487924584,-2.5777527651576566,-1.1871284408456975,1.3349501671303174,1095.0
877,-1.1749588833679745,-1.8088483927827852,-1.8878292572210102,-2.578174292494863,-1.1876678815034631,1.3261427399559347,1096.25
878,-1.1766141828656116,-1.812980945288902,-1.8824170860800664,-2.5794659482431013,-1.1893208538208027,1.3262320878054241,1097.5
879,-1.1771245348814718,-1.8142550788710883,-1.8807484285968414,-2.5798641870665144,-1.1898304908394237,1.3351779643746842,1098.75
880,-1.177124529126461,-1.8142550840513554,-1.8807484287137406,-2.5798641894958982,-1.189830490332188,1.3530668230717593,1100.0
881,-1.1771245201543576,-1.814255092127429,-1.880748428895987,-2.5798641932833246,-1.1898304895414038,1.3809556817688673,1101.25
882,-1.177124507965162,-1.8142551030993088,-1.880748429143581,-2.579864198428794,-1.1898304884670712,1.4188445404659364,1102.5
883,-1.177124492558874,-1.814255116966995,-1.8807484294565222,-2.5798642049323055,-1.1898304871091898,1.4667333991629956,1103.75
884,-1.1771244745716585,-1.8142551332882735,-1.8807484311414846,-2.579864207930017,-1.1898304908897688,1.5246222542361347,1105.0
885,-1.1771244534902487,-1.814255152419929,-1.8807484331442252,-2.579864211346145,-1.1898304954342542,1.5925111092581195,1106.25
886,-1.1771244216643622,-1.8142551689321422,-1.8807484367655916,-2.5798641965835234,-1.189830471334398,1.6703999518782224,1107.5
887,-1.1771243831571425,-1.8142551857172684,-1.8807484413052646,-2.57986417356557,-1.1898304341733916,1.7582887898992239,1108.75
888,-1.1771243402341534,-1.8142552043921034,-1.8807484464361033,-2.5798641475996393,-1.18983039249886,1.8561776165788078,1110.0
889,-1.1771242899771739,-1.8142552198439552,-1.8807484458968367,-2.5798641313083683,-1.1898303427711991,1.9640664359925626,1111.25
890,-1.1771242331667622,-1.8142552334321889,-1.880748441326369,-2.579864121433121,-1.1898302859914232,2.0819552475670244,1112.5
891,-1.1771241714569967,-1.8142552457438192,-1.8807484340253027,-2.5798641155041304,-1.189830224285334,2.2098440517015163,1113.75
892,-1.1771241046180916,-1.814255249721131,-1.880748417201909,-2.579864127368519,-1.1898301573647125,2.347732851037745,1115.0
893,-1.1771240339610627,-1.8142552514745174,-1.8807483970862242,-2.579864144685809,-1.1898300865834743,2.4956216489656633,1116.25
894,-1.1771239631698287,-1.8142552420100735,-1.8807483662605708,-2.5798641838941543,-1.1898300154922374,2.65351043988339,1117.5
895,-1.177123893475739,-1.8142552264302405,-1.8807483299565835,-2.5798642346951413,-1.1898299454041155,2.8197932843775835,1118.75
896,-1.1771238334158332,-1.814255203428638,-1.8807482895635361,-2.579864297129385,-1.1898298848537403,2.979667229183966,1120.0
897,-1.1771237864987327,-1.8142551752876943,-1.880748248333962,-2.579864365720731,-1.18982983739326,3.129541173990388,1121.25
898,-1.1771237483768457,-1.81425514505434,-1.88074820782562,-2.5798644358083678,-1.1898297987138013,3.2694151187969105,1122.5
899,-1.1771237223913666,-1.814255112866272,-1.880748169199516,-2.579864506143772,-1.1898297721658526,3.39928906360343,1123.75
900,-1.1771237047292868,-1.814255080391233,-1.8807481328664157,-2.579864574596358,-1.1898297539545406,3.5191630084099907,1125.0
901,-1.1771236911890643,-1.814255049991576,-1.880748099777976,-2.579864637796226,-1.1898297399065718,3.629036953216633,1126.25
902,-1.17712369017071,-1.8142550196573544,-1.8807480706120518,-2.579864697194924,-1.1898297384082201,3.7289108980232664,1127.5
903,-1.1771236892543202,-1.8142549923603886,-1.8807480443663964,-2.579864750646255,-1.1898297370598927,3.8187848428299445,1128.75
904,-1.1771236888998338,-1.8142549680733082,-1.8807480211567758,-2.579864798068599,-1.1898297363220796,3.8986587876366037,1130.0
905,-1.1771236978277702,-1.814254946277242,-1.8807480031780628,-2.579864837914428,-1.1898297449257336,3.968532732443287,1131.25
906,-1.177123705477986,-1.8142549276005167,-1.880747987772371,-2.579864872057726,-1.1898297522980767,4.028406677249953,1132.5
907,-1.1771237118504818,-1.8142549120431353,-1.8807479749396974,-2.579864900498494,-1.189829758439109,4.078280622056565,1133.75
908,-1.177123716945257,-1.814254899605095,-1.8807479646800451,-2.579864923236732,-1.189829763348831,4.11815456686317,1135.0
909,-1.1771237207623122,-1.8142548902863949,-1.8807479569934142,-2.5798649402724396,-1.189829767027242,4.148028511669801,1136.25
910,-1.1771237233016467,-1.8142548840870352,-1.8807479518798051,-2.5798649516056167,-1.1898297694743423,4.167902456476429,1137.5
911,-1.177369417331582,-1.8148758058096068,-1.8799298728030336,-2.5800638830697684,-1.1900750968246812,4.178397410806622,1138.75
912,-1.178947281728693,-1.8188634503376149,-1.8746761003027639,-2.581341404633866,-1.1916506068321093,4.180490814010597,1140.0
913,-1.1797917047054007,-1.8209975157123182,-1.8718644471238144,-2.5820250922567443,-1.1924937725722806,4.1732528652242795,1141.25
914,-1.1797917035497212,-1.8209975209600942,-1.8718644497296104,-2.5820250896083667,-1.1924937775769215,4.157573417842923,1142.5
915,-1.179791701656975,-1.8209975295547842,-1.8718644539973246,-2.5820250852709132,-1.1924937857734101,4.131893970461562,1143.75
916,-1.1797916990271629,-1.820997541496388,-1.871864459926957,-2.582025079244384,-1.1924937971617466,4.096214523080212,1145.0
917,-1.179791695660284,-1.8209975567849057,-1.8718644675185074,-2.582025071528779,-1.1924938117419308,4.050535075698872,1146.25
918,-1.1797916911629267,-1.820997575807105,-1.8718644755879315,-2.582025066652693,-1.1924938261223155,3.994855636289389,1147.5
919,-1.1797916857243984,-1.8209975983768758,-1.8718644847049852,-2.5820250624369883,-1.1924938419349453,3.9291761993333494,1148.75
920,-1.1797916832728257,-1.8209976226964422,-1.871864501397887,-2.582025036205169,-1.1924938501103473,3.853496771162873,1150.0
921,-1.1797916839974225,-1.8209976486821553,-1.8718645259735327,-2.582024986897124,-1.1924938501503257,3.7678173505333064,1151.25
922,-1.1797916847780279,-1.8209976776824077,-1.8718645534850087,-2.5820249315390784,-1.1924938499571585,3.6721379399106553,1152.5
923,-1.1797916916134317,-1.8209977082472708,-1.8718645845225979,-2.5820248707621962,-1.1924938563115597,3.5664585359567864,1153.75
924,-1.1797917085465366,-1.8209977393925918,-1.8718646195036828,-2.582024804910703,-1.1924938737293318,3.4507791403164867,1155.0
925,-1.1797917269450602,-1.8209977732292346,-1.871864657511861,-2.582024733355061,-1.1924938926666997,3.3250997529213966,1156.25
926,-1.1797917635713302,-1.8209978024412936,-1.8718646967087063,-2.582024665572236,-1.1924939298364072,3.1894203715569223,1157.5
927,-1.179791803030758,-1.820997833748108,-1.8718647387796536,-2.582024592869857,-1.1924939698793597,3.043740990378946,1158.75
928,-1.1797918606161044,-1.8209978564042733,-1.871864778194885,-2.582024531720994,-1.1924940279469767,2.8880616160533257,1160.0
929,-1.1797919245325763,-1.820997877551361,-1.8718648181261024,-2.582024471655386,-1.1924940923352416,2.72270547603486,1161.25
930,-1.1797919967548074,-1.820997887232692,-1.8718648496812431,-2.582024431522929,-1.192494164865488,2.5606218199733255,1162.5
931,-1.1797920666448245,-1.8209978911326141,-1.871864874998193,-2.582024403358976,-1.1924942349669874,2.408538163911707,1163.75
932,-1.1797921350902367,-1.8209978870843462,-1.8718648922833243,-2.5820243911310508,-1.1924943034949431,2.2664545078500407,1165.0
933,-1.1797921985817608,-1.8209978792547634,-1.871864904429024,-2.582024387739342,-1.1924943669985264,2.1343708517883337,1166.25
934,-1.1797922570402222,-1.820997865287599,-1.871864909162106,-2.5820243978054687,-1.1924944253610863,2.0122871957265693,1167.5
935,-1.1797923107102926,-1.8209978524645047,-1.871864913507489,-2.582024407047071,-1.1924944789431104,1.9002035396647976,1168.75
936,-1.1797923555081944,-1.8209978332757215,-1.8718649090363357,-2.582024431320657,-1.1924945235331672,1.7981198836029533,1170.0
937,-1.1797923957634588,-1.8209978156829312,-1.871864904684723,-2.582024453815495,-1.192494563596124,1.7060362275411232,1171.25
938,-1.179792431647127,-1.8209978000006657,-1.8718649008056791,-2.5820244738674645,-1.1924945993083687,1.62395257147926,1172.5
939,-1.1797924586389927,-1.8209977826425967,-1.8718648925798789,-2.5820244998047057,-1.1924946260832274,1.5518689154174063,1173.75
940,-1.1797924809930684,-1.8209977669838529,-1.871864884542843,-2.5820245237895163,-1.1924946482372665,1.489785259355549,1175.0
941,-1.1797924997465072,-1.8209977538473114,-1.8718648778003542,-2.582024543911023,-1.1924946668228888,1.4377016032937417,1176.25
942,-1.179792514899308,-1.8209977432329714,-1.8718648723524136,-2.5820245601692244,-1.192494681840094,1.3956179472319747,1177.5
943,-1.1797925264514713,-1.8209977351408315,-1.8718648681990233,-2.58202457256412,-1.1924946932888822,1.3635342911701678,1178.75
944,-1.1797925344029963,-1.8209977295708917,-1.8718648653401835,-2.582024581095711,-1.1924947011692524,1.3414506351083495,1180.0
945,-1.1798455689088827,-1.8211333957316491,-1.871685058156908,-2.582069102447192,-1.1925476518329992,1.329205377516581,1181.25
946,-1.1812247794764608,-1.8246618862702948,-1.867008665934099,-2.583226894290932,-1.1939246828495773,1.3249094437340305,1182.5
947,-1.1824194039059843,-1.8277181529894502,-1.8629581269764675,-2.584229735415882,-1.1951174209898159,1.3303916535874525,1183.75
948,-1.1824235267433518,-1.8277287154526194,-1.862944133468767,-2.584233201872632,-1.1951215411255638,1.3438375683242,1185.0
949,-1.1824235192692667,-1.8277287221677363,-1.862944133577756,-2.584233205186058,-1.1951215403093312,1.3672698715193055,1186.25
950,-1.1824235086055315,-1.827728731748605,-1.8629441337332566,-2.5842332099135263,-1.195121539144762,1.400702174714415,1187.5
951,-1.1824234947521461,-1.827728744195226,-1.8629441339352695,-2.5842332160550363,-1.195121537631856,1.4441344779094858,1188.75
952,-1.182423478040975,-1.827728759281174,-1.8629441348538889,-2.584233221132907,-1.1951215386287488,1.4975667768992766,1190.0
953,-1.1824234585125035,-1.827728776978828,-1.8629441365708628,-2.5842332248448754,-1.1951215424841168,1.5609990722580365,1191.25
954,-1.1824234329147405,-1.8277287952946273,-1.8629441391380204,-2.5842332215528123,-1.1951215354976101,1.6344313624505065,1192.5
955,-1.1824233968139253,-1.82772881100871,-1.8629441434145009,-2.58423320000543,-1.195121500694686,1.7178636413515727,1193.75
956,-1.1824233563653284,-1.8277288285933473,-1.862944148251171,-2.5842331756672525,-1.1951214615459027,1.811295912851854,1195.0
957,-1.182423310773269,-1.827728846659382,-1.8629441519473933,-2.584233151934412,-1.195121417053748,1.9147281775613783,1196.25
958,-1.1824232567849695,-1.827728859534367,-1.8629441475763726,-2.5842331426082636,-1.1951213630992967,2.0281604326245395,1197.5
959,-1.1824231980358515,-1.8277288735457327,-1.8629441428158846,-2.5842331324756924,-1.1951213043769813,2.1515926789513213,1198.75
960,-1.1824231342380371,-1.827728879870646,-1.8629441291165265,-2.5842331389078703,-1.1951212405239084,2.285024919722477,1200.0
961,-1.1824230655685946,-1.827728883909513,-1.862944111714453,-2.584233151261479,-1.1951211717694765,2.4284571590124506,1201.25
962,-1.1824229962281727,-1.8277288781822931,-1.8629440847525633,-2.584233182901285,-1.1951211021884272,2.5818893932559654,1202.5
963,-1.1824229238535018,-1.8277288684571675,-1.8629440530224672,-2.5842332232498118,-1.1951210295033843,2.745321621148141,1203.75
964,-1.1824228623451105,-1.827728845694232,-1.8629440121717924,-2.5842332858821866,-1.1951209675003653,2.9096286489980736,1205.0
965,-1.1824228076773622,-1.8277288219091978,-1.8629439724609815,-2.5842333484959576,-1.1951209123364337,3.06395569437671,1206.25
966,-1.1824227688247824,-1.8277287910728726,-1.86294393089561,-2.5842334202316968,-1.1951208729094749,3.2082827397554565,1207.5
967,-1.1824227349563399,-1.8277287613721847,-1.8629438919615369,-2.5842334882780236,-1.195120838495451,3.342609785134228,1208.75
968,-1.1824227168621488,-1.8277287280953336,-1.8629438544883337,-2.5842335586648884,-1.195120819832699,3.4669368305130543,1210.0
969,-1.1824227002233292,-1.8277286974950488,-1.8629438200292054,-2.584233623390324,-1.1951208026710494,3.5812638758918673,1211.25
970,-1.1824226953229562,-1.8277286671179942,-1.8629437894195902,-2.584233684218723,-1.195120797276656,3.6855909212707307,1212.5
971,-1.1824226943716392,-1.8277286388225575,-1.8629437620266516,-2.5842337398135644,-1.1951207958729466,3.7799179666496525,1213.75
972,-1.1824226935211755,-1.8277286135268414,-1.8629437375377476,-2.584233789514567,-1.1951207946180502,3.864245012028558,1215.0
973,-1.1824226986717363,-1.8277285908838539,-1.8629437174480257,-2.584233832260603,-1.195120799419311,3.9385720574074883,1216.25
974,-1.1824227067887474,-1.8277285710720577,-1.8629437009885046,-2.5842338685974307,-1.1951208072384656,4.002899102786418,1217.5
975,-1.1824227136439234,-1.8277285543401172,-1.8629436870877067,-2.5842338992854947,-1.1951208138420886,4.057226148165301,1218.75
976,-1.182422719237265,-1.8277285406880337,-1.8629436757456324,-2.5842339243247956,-1.1951208192301803,4.101553193544155,1220.0
977,-1.1824227235687714,-1.8277285301158042,-1.8629436669622836,-2.5842339437153323,-1.1951208234027408,4.135880238923034,1221.25
978,-1.182422726638443,-1.8277285226234288,-1.8629436607376604,-2.5842339574571054,-1.1951208263597697,4.16020728430191,1222.5
979,-1.1824227284462796,-1.827728518210908,-1.8629436570717628,-2.584233965550115,-1.1951208281012673,4.1745343296807835,1223.75
980,-1.1834533113231012,-1.8303975743114809,-1.8593856013758345,-2.585130304705085,-1.196149689559559,4.180735161644333,1225.0
981,-1.1849020087037339,-1.8341494919835568,-1.854384016339818,-2.5863902905204887,-1.1975959685231383,4.1773248508868335,1226.25
982,-1.1850173818501015,-1.834448297690584,-1.853985692916271,-2.5864906337550995,-1.1977111533778773,4.165833391251646,1227.5
983,-1.1850173802873423,-1.8344483046992788,-1.853985696364247,-2.586490630390191,-1.1977111599482695,4.144683202534448,1228.75
984,-1.1850173779856963,-1.8344483150217472,-1.8539857014424563,-2.586490625434323,-1.1977111696252019,4.113533013817247,1230.0
985,-1.1850173749451631,-1.83444832865799,-1.8539857081509,-2.5864906188874963,-1.197711182408675,4.072382825100085,1231.25
986,-1.1850173710129195,-1.8344483457555818,-1.8539857160371267,-2.5864906124697704,-1.1977111969677112,4.021232636950134,1232.5
987,-1.1850173659388494,-1.8344483665560485,-1.853985724360643,-2.5864906089962476,-1.1977112111239934,3.960082450046267,1233.75
988,-1.1850173606118053,-1.834448390501416,-1.853985734987754,-2.586490601709675,-1.1977112261348446,3.8889322645509727,1235.0
989,-1.1850173612897152,-1.8344484148073215,-1.8539857581433399,-2.5864905554034805,-1.1977112261554044,3.807782094093005,1236.25
990,-1.1850173620389135,-1.8344484421000644,-1.8539857841828482,-2.586490503258803,-1.1977112260754443,3.716631928261185,1237.5
991,-1.1850173628493057,-1.8344484723727732,-1.853985813131416,-2.5864904451666457,-1.1977112258100306,3.6154817699230244,1238.75
992,-1.185017378124599,-1.834448502131533,-1.853985846475832,-2.586490382375404,-1.1977112414632214,3.5043316226752594,1240.0
993,-1.1850173956439738,-1.8344485343551036,-1.8539858829151643,-2.5864903139893154,-1.197711259498217,3.383181482587289,1241.25
994,-1.1850174234639244,-1.8344485653798874,-1.853985921387008,-2.586490244955469,-1.1977112878597707,3.252031348840256,1242.5
995,-1.1850174612295161,-1.8344485953607101,-1.8539859619292915,-2.586490175077963,-1.197711326189694,3.110881217952204,1243.75
996,-1.1850175096386495,-1.834448621889944,-1.8539860024586998,-2.5864901088151013,-1.197711375129574,2.9597310905958634,1245.0
997,-1.1850175690675284,-1.8344486447042936,-1.853986042839098,-2.5864900465708978,-1.1977114350519473,2.798580969855844,1246.25
998,-1.185017638806267,-1.8344486582989434,-1.853986077559564,-2.5864899993344084,-1.1977115051589147,2.6327165537091144,1247.5
999,-1.1850177077347235,-1.8344486675811043,-1.8539861078836062,-2.5864899607826874,-1.1977115743848417,2.4761070023642504,1248.75
1000,-1.1850177771785968,-1.8344486642719344,-1.8539861262658932,-2.5864899467366818,-1.197711643925848,2.3294974510192867,1250.0
1001,-1.1850178421804638,-1.834448660469441,-1.8539861427947444,-2.586489934969771,-1.1977117090073552,2.1928878996742833,1251.25
1002,-1.185017902094664,-1.8344486471562873,-1.85398614860295,-2.5864899433317596,-1.1977117688380354,2.066278348329268,1252.5
1003,-1.185017957247103,-1.8344486340162605,-1.8539861530989796,-2.5864899527622183,-1.1977118238994329,1.9496687969841915,1253.75
1004,-1.1850180054881956,-1.8344486179907735,-1.8539861526757133,-2.586489969886258,-1.1977118719883817,1.8430592456390893,1255.0
1005,-1.1850180472036256,-1.8344485997891309,-1.853986148134638,-2.5864899932008187,-1.1977119135027468,1.7464496942939742,1256.25
1006,-1.1850180846011165,-1.8344485834715343,-1.8539861440636014,-2.586490014102103,-1.1977119507199847,1.6598401429488177,1257.5
1007,-1.1850181156079649,-1.8344485673925175,-1.853986138237535,-2.5864900364251335,-1.1977119815365869,1.5832305916036793,1258.75
1008,-1.1850181392969747,-1.8344485508160053,-1.853986129661081,-2.5864900618854563,-1.1977120050115762,1.5166210402585003,1260.0
1009,-1.1850181594295863,-1.8344485367281025,-1.8539861223721972,-2.5864900835234566,-1.1977120249622977,1.4600114889133868,1261.25
1010,-1.1850181760058,-1.8344485251288107,-1.8539861163708822,-2.586490101339135,-1.1977120413887525,1.4134019375682985,1262.5
1011,-1.1850181890256153,-1.834448516018127,-1.853986111657139,-2.586490115332489,-1.1977120542909394,1.3767923862231841,1263.75
1012,-1.185018198489032,-1.834448509396052,-1.8539861082309674,-2.5864901255035204,-1.197712063668858,1.3501828348781013,1265.0
1013,-1.1850182043960504,-1.8344485052625852,-1.8539861060923684,-2.586490131852228,-1.1977120695225092,1.3335732835329925,1266.25
1014,-1.185678054604035,-1.8361784917031156,-1.851666589545038,-2.58708432934221,-1.1983707568104118,1.3255913871241143,1267.5
1015,-1.1872260760330104,-1.8402370968591517,-1.8462249363687269,-2.5884783279121275,-1.1999160505674773,1.3266989285729123,1268.75
1016,-1.1875773572679447,-1.8411580971022885,-1.8449900911527282,-2.588794661847233,-1.2002667153784525,1.3363916069981994,1270.0
1017,-1.1875773513125782,-1.841158102443195,-1.8449900912078157,-2.588794664603304,-1.2002667146057986,1.3552233211629734,1271.25
1018,-1.187577342194798,-1.841158110620225,-1.8449900912921553,-2.588794668822901,-1.2002667134228506,1.3840550353277514,1272.5
1019,-1.1875773299146044,-1.8411581216333783,-1.844990091405747,-2.5887946745060244,-1.2002667118296086,1.422886749492505,1273.75
1020,-1.1875773145171153,-1.8411581354523874,-1.8449900916382673,-2.588794681323339,-1.2002667102186944,1.4717184625573425,1275.0
1021,-1.1875772965598992,-1.8411581517032047,-1.8449900930979326,-2.5887946852049253,-1.2002667134421285,1.5305501625452855,1276.25
1022,-1.1875772755503802,-1.8411581707162774,-1.8449900948057063,-2.5887946897462895,-1.2002667172134707,1.5993818625332328,1277.5
1023,-1.187577243206267,-1.841158186358661,-1.8449900985319774,-2.5887946731927975,-1.2002666899029069,1.6782135483901701,1278.75
1024,-1.1875772052346976,-1.841158202856833,-1.8449901030672962,-2.5887946504977317,-1.2002666532836128,1.767045229996345,1280.0
1025,-1.1875771629597298,-1.8411582211933242,-1.8449901081826225,-2.5887946249466474,-1.2002666122977736,1.8658769011894045,1281.25
1026,-1.1875771130712585,-1.8411582355841911,-1.8449901067270837,-2.588794610805886,-1.2002665628264761,1.9747085639968498,1282.5
1027,-1.1875770572027387,-1.8411582488715488,-1.8449901021708381,-2.588794601227451,-1.200266506989255,2.0935402191334784,1283.75
1028,-1.1875769965191705,-1.8411582598428262,-1.844990093873945,-2.588794597646506,-1.2002664463002504,2.222371867090459,1285.0
1029,-1.1875769308626758,-1.8411582636647061,-1.8449900771191217,-2.588794609612548,-1.2002663805609117,2.3612035107736906,1286.25
1030,-1.1875768619958365,-1.8411582640562794,-1.844990056055925,-2.5887946292594055,-1.2002663115498593,2.51003515251879,1287.5
1031,-1.1875767925154455,-1.8411582546816763,-1.8449900253816351,-2.588794668244933,-1.2002662417679602,2.668866787403357,1288.75
1032,-1.1875767255789036,-1.8411582381221285,-1.8449899885683014,-2.5887947205725244,-1.2002661744198138,2.835244513783141,1290.0
1033,-1.1875766673277224,-1.841158215747237,-1.8449899488491224,-2.5887947817348875,-1.2002661156822774,2.9941687641670933,1291.25
1034,-1.1875766232726415,-1.8411581874153704,-1.8449899078031018,-2.5887948503765785,-1.2002660710758501,3.1430930145510696,1292.5
1035,-1.1875765863289247,-1.8411581580813712,-1.8449898680043004,-2.588794918876602,-1.200266033580108,3.2820172649350976,1293.75
1036,-1.1875765626619166,-1.8411581262299177,-1.844989829910391,-2.588794988380476,-1.2002660093494049,3.410941515319178,1295.0
1037,-1.1875765455634695,-1.841158094785615,-1.844989794254197,-2.588795055138694,-1.200265991708071,3.5298657657032697,1296.25
1038,-1.187576533805569,-1.8411580650567974,-1.8449897619155033,-2.588795116948418,-1.2002659794464714,3.63879001608743,1297.5
1039,-1.1875765328186096,-1.841158035751421,-1.844989733338559,-2.588795174734956,-1.200265977986008,3.737714266471605,1298.75
1040,-1.1875765319314198,-1.8411580094084559,-1.8449897076503792,-2.5887952266800007,-1.2002659766731794,3.8266385168557866,1300.0
1041,-1.1875765325360774,-1.841157985946872,-1.8449896852061984,-2.588795272529911,-1.2002659769017827,3.905562767239994,1301.25
1042,-1.1875765411261332,-1.8411579649887175,-1.844989667663035,-2.5887953111015385,-1.2002659851733877,3.9744870176242046,1302.5
1043,-1.1875765484698853,-1.841157947071315,-1.844989652665153,-2.588795344076931,-1.2002659922448917,4.033411268008399,1303.75
1044,-1.1875765545673334,-1.841157932194667,-1.8449896402125496,-2.5887953714560896,-1.200265998116295,4.082335518392551,1305.0
1045,-1.1875765594184777,-1.8411579203587707,-1.8449896303052284,-2.588795393239013,-1.2002660027875975,4.121259768776683,1306.25
1046,-1.1875765630233182,-1.8411579115636256,-1.84498962294319,-2.5887954094257024,-1.200266006258799,4.1501840191608546,1307.5
1047,-1.1875765653818546,-1.841157905809232,-1.8449896181264336,-2.588795420016157,-1.2002660085299,4.16910826954501,1308.75
1048,-1.1879101305835102,-1.842043239343375,-1.8437958228554234,-2.589106225305069,-1.2005989544261446,4.178874351139843,1310.0
1049,-1.1894329865098028,-1.8460851614932132,-1.8383456711485462,-2.590525154329509,-1.2021189834338837,4.18009330178222,1311.25
1050,-1.1901008310150594,-1.84785774045161,-1.8359555203365434,-2.59114742097092,-1.20278559105392,4.172203593507084,1312.5
1051,-1.1901008297948255,-1.8478577458582275,-1.8359555229743547,-2.5911474184988474,-1.202785596036029,4.155723779244832,1313.75
1052,-1.1901008278341494,-1.8478577545455956,-1.8359555272127972,-2.5911474145267137,-1.202785604041296,4.1292439649825905,1315.0
1053,-1.1901008251330316,-1.8478577665137155,-1.835955533051871,-2.5911474090545186,-1.2027856150697216,4.09276415072033,1316.25
1054,-1.1901008216914721,-1.847857781762586,-1.8359555404915768,-2.591147402082263,-1.2027856291213057,4.046284336458094,1317.5
1055,-1.1901008170725822,-1.8478578007074709,-1.8359555482574619,-2.5911473984252895,-1.2027856423523593,3.9898045259125796,1318.75
1056,-1.1901008115474263,-1.8478578230907228,-1.835955557140251,-2.5911473950959545,-1.202785657147671,3.9233247160663294,1320.0
1057,-1.190100809608587,-1.8478578468622886,-1.8359555746274907,-2.5911473663285394,-1.2027856634113103,3.8468449164537493,1321.25
1058,-1.190100810322497,-1.847857872440324,-1.8359555991831178,-2.591147317393233,-1.202785663416683,3.7603651231384365,1322.5
1059,-1.1901008110898297,-1.847857900955077,-1.8359556266545163,-2.591147262471063,-1.2027856631750504,3.663885341020741,1323.75
1060,-1.1901008189757298,-1.8478579307118679,-1.835955657733229,-2.5911472023405144,-1.2027856707003064,3.557405565573834,1325.0
1061,-1.190100835616345,-1.847857961315443,-1.8359556925875786,-2.5911471371484285,-1.202785687830876,3.440925798288647,1326.25
1062,-1.1901008548465872,-1.8478579940409956,-1.8359557303081235,-2.5911470670048313,-1.2027857076014656,3.3144460389893657,1327.5
1063,-1.190100890921146,-1.8478580226870698,-1.8359557693086466,-2.591146999974284,-1.2027857442207206,3.17796628540205,1328.75
1064,-1.1901009303296388,-1.8478580529493664,-1.8359558109146994,-2.5911469287768543,-1.2027857842076932,3.0314865321861473,1330.0
1065,-1.1901009873374357,-1.8478580748565738,-1.8359558499242403,-2.591146868772233,-1.202785841694145,2.875006786104162,1331.25
1066,-1.1901010508140368,-1.8478580945279717,-1.835955888788281,-2.591146811239417,-1.202785905627327,2.7092038544776376,1332.5
1067,-1.1901011209362464,-1.8478581040053035,-1.8359559198560782,-2.5911467717681003,-1.2027859760557453,2.547927226102674,1333.75
1068,-1.1901011891975681,-1.8478581068285207,-1.8359559438997464,-2.5911467459289446,-1.2027860445116176,2.3966505977275987,1335.0
1069,-1.1901012556047086,-1.847858102981261,-1.8359559609055398,-2.5911467337521126,-1.2027861110014013,2.255373969352493,1336.25
1070,-1.1901013171489143,-1.847858094588674,-1.835955971991964,-2.59114673195483,-1.2027861725441422,2.1240973409773183,1337.5
1071,-1.1901013738124324,-1.8478580811242418,-1.835955976643654,-2.591146741577268,-1.2027862291135345,2.0028207126021287,1338.75
1072,-1.1901014256226974,-1.8478580684372172,-1.835955980533003,-2.591146751114256,-1.2027862808316583,1.8915440842268854,1340.0
1073,-1.1901014688220724,-1.8478580496181514,-1.835955975796536,-2.591146775263593,-1.2027863238209493,1.7902674558516203,1341.25
1074,-1.1901015077559651,-1.8478580326572729,-1.8359559715277407,-2.5911467970284385,-1.202786362565502,1.698990827476341,1342.5
1075,-1.1901015424243757,-1.8478580175545802,-1.83595596772662,-2.5911468164087914,-1.2027863970653156,1.6177141991010533,1343.75
1076,-1.1901015680156426,-1.847858000489198,-1.8359559591913124,-2.5911468423449993,-1.202786422436449,1.546437570725737,1345.0
1077,-1.1901015895430218,-1.8478579854420838,-1.8359559513416261,-2.5911468655221372,-1.2027864437674667,1.4851609423504408,1346.25
1078,-1.1901016075572548,-1.847857972850576,-1.8359559447729619,-2.5911468849168986,-1.2027864616173831,1.4338843139751833,1347.5
1079,-1.1901016220583411,-1.847857962714672,-1.8359559394853215,-2.591146900529281,-1.2027864759861977,1.3926076855999638,1348.75
1080,-1.1901016330462804,-1.8478579550343721,-1.8359559354787063,-2.5911469123592856,-1.2027864868739107,1.361331057224733,1350.0
1081,-1.1901016405210727,-1.8478579498096757,-1.8359559327531165,-2.5911469204069117,-1.2027864942805215,1.3400544288494765,1351.25
1082,-1.1902001217665363,-1.8481225550391855,-1.8355971264965514,-2.5912418087440576,-1.202884783186466,1.3284678458004056,1352.5
1083,-1.1915737796586365,-1.8518135682034602,-1.8305921636684546,-2.5925653450072446,-1.2042557586705873,1.324878640676722,1353.75
1084,-1.1925918166271743,-1.854549039362478,-1.8268829061346337,-2.593546238744159,-1.2052718092694872,1.3309331536639253,1355.0
1085,-1.1925918122085126,-1.854549043318279,-1.82688290615344,-2.593546240868546,-1.2052718086076817,1.3450259710859487,1356.25
1086,-1.1925918046544517,-1.8545490500810424,-1.826882906185591,-2.5935462445003585,-1.205271807476272,1.3691187885079907,1357.5
1087,-1.1925917939649913,-1.8545490596507683,-1.826882906231086,-2.5935462496395965,-1.2052718058752576,1.4032116059300224,1358.75
1088,-1.1925917801401311,-1.854549072027457,-1.8268829062899261,-2.5935462562862597,-1.2052718038046386,1.447304423352044,1360.0
1089,-1.1925917635490109,-1.8545490869672332,-1.82688290708515,-2.59354626180328,-1.2052718045099684,1.50139723038268,1361.25
1090,-1.1925917441526834,-1.8545491044958289,-1.826882908540472,-2.593546266468887,-1.2052718076488182,1.5654900306148487,1362.5
1091,-1.1925917182358132,-1.8545491221223451,-1.8268829110381948,-2.5935462623825205,-1.2052717979685583,1.639582824528524,1363.75
1092,-1.1925916827295848,-1.8545491375308862,-1.8268829152943833,-2.593546241218479,-1.2052717637807495,1.7236756081714781,1365.0
1093,-1.1925916429795773,-1.8545491547568347,-1.8268829201111607,-2.5935462173034294,-1.2052717253434362,1.8177683834455511,1366.25
1094,-1.1925915979090487,-1.8545491719202294,-1.826882923147543,-2.5935461952894125,-1.2052716813102549,1.9218611518805537,1367.5
1095,-1.1925915449170883,-1.8545491844907893,-1.826882918797254,-2.5935461862569786,-1.2052716283537936,2.0359539114409775,1368.75
1096,-1.1925914872790948,-1.8545491981645297,-1.8268829140613752,-2.5935461764490713,-1.2052715707434012,2.160046661560359,1370.0
1097,-1.192591424687953,-1.8545492035698858,-1.8268828997219475,-2.5935461844563674,-1.20527150808946,2.294139406273538,1371.25
1098,-1.1925913573657825,-1.854549207453568,-1.826882882418752,-2.5935461968830174,-1.205271440681303,2.438232149944229,1372.5
1099,-1.192591289757329,-1.8545492009121067,-1.8268828548931098,-2.593546229922048,-1.2052713728181048,2.5923248881705714,1373.75
1100,-1.1925912190985686,-1.854549191019261,-1.8268828231550043,-2.5935462704694996,-1.2052713018437535,2.75641293471868,1375.0
1101,-1.1925911598342562,-1.8545491682371886,-1.8268827824552656,-2.5935463330029753,-1.2052712420791443,2.9200727501010384,1376.25
1102,-1.192591107706199,-1.8545491443916666,-1.826882742955986,-2.593546395503249,-1.2052711894491437,3.073732565483478,1377.5
1103,-1.1925910699625968,-1.8545491144193593,-1.8268827020046063,-2.593546465780789,-1.2052711511355225,3.217392380865991,1378.75
1104,-1.1925910381148874,-1.8545490851106274,-1.8268826635441213,-2.5935465329938303,-1.2052711187415055,3.3510521962485007,1380.0
1105,-1.1925910205484769,-1.8545490528154285,-1.826882626651803,-2.593546601830572,-1.2052711006115346,3.474712011631069,1381.25
1106,-1.1925910044026096,-1.8545490231318529,-1.8268825927428485,-2.593546665100692,-1.2052710839476808,3.5883718270136864,1382.5
1107,-1.1925910005778353,-1.8545489934729567,-1.826882562715358,-2.5935467246489736,-1.205271079632329,3.6920316423963344,1383.75
1108,-1.1925909996533033,-1.8545489660745136,-1.8268825357931493,-2.5935467788810547,-1.2052710782603273,3.7856914577790097,1385.0
1109,-1.1925909988274834,-1.854548941601389,-1.826882511745404,-2.593546827322811,-1.2052710770348136,3.8693512731616773,1386.25
1110,-1.1925910044629333,-1.854548919686576,-1.8268824922073639,-2.593546868800145,-1.2052710823263257,3.943011088544375,1387.5
1111,-1.1925910123002001,-1.8545489005757667,-1.8268824760843094,-2.593546904099062,-1.205271089870069,4.0066709039270805,1388.75
1112,-1.1925910189063504,-1.8545488844669795,-1.826882462493943,-2.593546933853051,-1.2052710962288036,4.06033071930972,1390.0
1113,-1.1925910242813837,-1.8545488713602145,-1.8268824514362647,-2.59354695806211,-1.2052711014025295,4.103990534692349,1391.25
1114,-1.1925910284253003,-1.85454886125547,-1.8268824429112764,-2.59354697672624,-1.2052711053912466,4.137650350074974,1392.5
1115,-1.1925910313380998,-1.8545488541527455,-1.8268824369189784,-2.59354698984544,-1.2052711081949554,4.161310165457612,1393.75
1116,-1.1925920247990582,-1.8545515479573569,-1.8268787548409622,-2.5935479850084726,-1.2052720995585875,4.174972646398116,1395.0
1117,-1.1936604752509632,-1.8574580175961848,-1.8229157551889827,-2.5946119222261754,-1.2063383583862572,4.180703072984808,1396.25
1118,-1.1949777127578884,-1.8610412608330722,-1.818029975220086,-2.5959235922908523,-1.2076528954655672,4.17671282389489,1397.5
1119,-1.19504768981329,-1.8612316235575255,-1.8177704211846404,-2.5959932727885047,-1.2077227333671414,4.164808812794768,1398.75
1120,-1.1950476882056669,-1.86123163059696,-1.8177704245937067,-2.595993269720611,-1.2077227397429833,4.143135008856017,1400.0
1121,-1.195047685856308,-1.8612316408842946,-1.81777042957567,-2.595993265237234,-1.2077227490605522,4.111461204917262,1401.25
1122,-1.1950476827652134,-1.861231654419529,-1.8177704361305307,-2.595993259338372,-1.2077227613198487,4.069787400978518,1402.5
1123,-1.1950476787533164,-1.8612316713705075,-1.8177704437428752,-2.595993253959282,-1.2077227749295163,4.018113599603787,1403.75
1124,-1.1950476736216742,-1.8612316919237055,-1.81777045184008,-2.5959932512500377,-1.2077227881215578,3.9564398027533225,1405.0
1125,-1.195047668605634,-1.8612317153820048,-1.8177704628200382,-2.595993242736359,-1.2077228012328773,3.884766008206311,1406.25
1126,-1.1950476692721717,-1.861231739234298,-1.8177704859046744,-2.595993196901139,-1.2077228012238934,3.803092227939107,1407.5
1127,-1.1950476700073573,-1.8612317659971676,-1.817770511851436,-2.595993145301628,-1.207722801102486,3.7114184530404675,1408.75
1128,-1.1950476708049076,-1.8612317956658346,-1.8177705406776183,-2.5959930878640005,-1.2077228008146947,3.6097446851329646,1410.0
1129,-1.1950476865411332,-1.8612318246514916,-1.8177705739300773,-2.595993025879898,-1.2077228170151757,3.498070928924925,1411.25
1130,-1.1950477037178158,-1.861231856224621,-1.8177706101658133,-2.595992958338788,-1.2077228347113604,3.3763971798233317,1412.5
1131,-1.1950477318113055,-1.8612318862638202,-1.8177706483167269,-2.595992890616202,-1.2077228633460824,3.2447234369521265,1413.75
1132,-1.1950477688107521,-1.8612319156426747,-1.8177706886068892,-2.595992821579168,-1.207722900910335,3.1030496966143293,1415.0
1133,-1.1950478170126682,-1.8612319410975393,-1.8177707285849345,-2.5959927569361705,-1.207722949636027,2.9513759601010072,1416.25
1134,-1.1950478752068288,-1.8612319634732977,-1.8177707686955178,-2.595992695381457,-1.2077230083241925,2.7897022301047163,1417.5
1135,-1.1950479437686814,-1.8612319760777163,-1.8177708025257377,-2.5959926500070085,-1.207723077243129,2.6241080899509655,1418.75
1136,-1.195048010817031,-1.8612319851643182,-1.8177708324476003,-2.595992612026517,-1.2077231445877175,2.468028704298916,1420.0
1137,-1.1950480786262754,-1.8612319813423113,-1.8177708500106844,-2.595992599289818,-1.2077232124838697,2.3219493186468796,1421.25
1138,-1.1950481418224745,-1.8612319777115112,-1.8177708663117933,-2.595992587555373,-1.2077232757599397,2.1858699329947155,1422.5
1139,-1.195048200034279,-1.8612319642744064,-1.8177708714776157,-2.5959925966613584,-1.207723333880335,2.0597905473425797,1423.75
1140,-1.195048253617862,-1.8612319515730902,-1.8177708759081668,-2.5959926056995597,-1.2077233873743405,1.943711161690358,1425.0
1141,-1.1950483002418526,-1.861231935658692,-1.8177708750176165,-2.5959926231590895,-1.207723433840898,1.8376317760380958,1426.25
1142,-1.195048340731531,-1.8612319180480648,-1.8177708705454345,-2.5959926458000857,-1.2077234741319014,1.7415523903858445,1427.5
1143,-1.1950483770070215,-1.8612319022703667,-1.8177708665387147,-2.5959926660845953,-1.2077235102293953,1.6554730047335524,1428.75
1144,-1.195048406768111,-1.861231886499131,-1.8177708604926943,-2.5959926883044755,-1.207723539798243,1.5793936190812778,1430.0
1145,-1.195048429703305,-1.8612318704870174,-1.8177708520681772,-2.595992713040931,-1.2077235625222205,1.5133142334289913,1431.25
1146,-1.1950484491676443,-1.861231856898068,-1.8177708449185677,-2.595992734033942,-1.207723581807307,1.4572348477767123,1432.5
1147,-1.19504846516113,-1.8612318457322836,-1.817770839043864,-2.5959927512835086,-1.2077235976535046,1.4111554621245028,1433.75
1148,-1.1950484776837604,-1.8612318369896617,-1.8177708344440697,-2.5959927647896297,-1.2077236100608113,1.3750760764722676,1435.0
1149,-1.1950484867355364,-1.8612318306702025,-1.8177708311191845,-2.5959927745523057,-1.2077236190292269,1.348996690820035,1436.25
1150,-1.1950484923164575,-1.8612318267739059,-1.8177708290692085,-2.5959927805715357,-1.2077236245587522,1.3329173051678054,1437.5
1151,-1.1957409789276765,-1.8631389353253762,-1.815156225963519,-2.596705044382228,-1.208414621010004,1.3253126459993865,1438.75
1152,-1.1971896175553496,-1.8671285077927164,-1.809686619337757,-2.5981950564349727,-1.2098601429118063,1.326879275793044,1440.0
1153,-1.197472390425769,-1.8679072795143261,-1.8086189459875024,-2.5984859099025788,-1.2101423098687742,1.3368821064099627,1441.25
1154,-1.1974723844507282,-1.8679072848544638,-1.808618945984789,-2.59848591287521,-1.2101423088569176,1.3561029628739918,1442.5
1155,-1.197472375367064,-1.8679072929729057,-1.808618945980664,-2.598485917394407,-1.2101423073186248,1.3853238193380109,1443.75
1156,-1.1974723631747761,-1.867907303869651,-1.8086189459751278,-2.598485923460169,-1.2101423052538953,1.42454467580202,1445.0
1157,-1.1974723479414562,-1.8679073175006633,-1.8086189460987752,-2.5984859305995376,-1.2101423032631158,1.4737655301289834,1446.25
1158,-1.1974723301717551,-1.867907333537152,-1.8086189473266625,-2.5984859352812837,-1.2101423058289176,1.5329863684721863,1447.5
1159,-1.1974723094014714,-1.8679073522815544,-1.8086189487618898,-2.598485940753588,-1.210142308827979,1.6022072068153792,1448.75
1160,-1.1974722773019222,-1.867907367331191,-1.8086189525084821,-2.5984859237200046,-1.2101422806285833,1.681428030311754,1450.0
1161,-1.1974722400761981,-1.867907383454895,-1.8086189570129292,-2.5984859014833095,-1.2101422447623482,1.7706488496822723,1451.25
1162,-1.1974721986525867,-1.867907401367032,-1.8086189620902375,-2.5984858764641308,-1.21014220465515,1.8698696589465462,1452.5
1163,-1.1974721496086442,-1.8679074151016257,-1.8086189602663558,-2.5984858634337233,-1.2101421559830943,1.9790904593573697,1453.75
1164,-1.197472094896317,-1.8679074280499903,-1.8086189557403172,-2.598485854176444,-1.2101421013031546,2.0983112521464395,1455.0
1165,-1.1974720354692774,-1.86790743830272,-1.808618947079675,-2.5984858516921134,-1.2101420418672002,2.2275320378259202,1456.25
1166,-1.1974719712002928,-1.8679074419819162,-1.808618930439709,-2.59848586370307,-1.2101419775145625,2.366752819398974,1457.5
1167,-1.1974719040066772,-1.8679074418033994,-1.8086189090985796,-2.5984858842181606,-1.2101419101682287,2.515973598749905,1458.75
1168,-1.1974718360172245,-1.8679074325798273,-1.8086188786444608,-2.59848592285281,-1.210141841876734,2.6751943713250803,1460.0
1169,-1.197471771127433,-1.867907415864818,-1.8086188418259144,-2.598485975369538,-1.2101417765685738,2.8415570164850275,1461.25
1170,-1.1974717144057183,-1.867907394052755,-1.8086188025856673,-2.598486035513607,-1.2101417193627375,3.0000855005364326,1462.5
1171,-1.1974716720938536,-1.867907366059144,-1.8086187618271272,-2.598486103556697,-1.2101416764970607,3.1486139845879184,1463.75
1172,-1.1974716361315898,-1.8679073375076898,-1.8086187225220094,-2.598486170797805,-1.2101416399858769,3.2871424686394506,1465.0
1173,-1.197471613706145,-1.8679073062624854,-1.8086186848412726,-2.5984862393037718,-1.2101416169972106,3.415670952691036,1466.25
1174,-1.197471597068183,-1.8679072756913477,-1.8086186496440417,-2.5984863047406592,-1.2101415998199214,3.534199436742644,1467.5
1175,-1.197471586172352,-1.8679072466722697,-1.8086186177763737,-2.5984863653861017,-1.2101415884229891,3.6427279207943064,1468.75
1176,-1.1974715852099276,-1.8679072182129197,-1.808618589586111,-2.5984864219446893,-1.2101415869906609,3.74125640484598,1470.0
1177,-1.197471584345183,-1.8679071926420137,-1.8086185642569714,-2.598486472762948,-1.2101415857037046,3.8297848888976853,1471.25
1178,-1.1974715853130276,-1.8679071698602392,-1.8086185422381293,-2.598486517516733,-1.2101415862992388,3.908313372949402,1472.5
1179,-1.1974715936478995,-1.8679071495508006,-1.8086185249624578,-2.5984865551720038,-1.2101415943187517,3.9768418570011255,1473.75
1180,-1.1974716007665074,-1.8679071322050111,-1.8086185102077335,-2.598486587332439,-1.210141601168019,4.0353703410528174,1475.0
1181,-1.1974716066688516,-1.8679071178228734,-1.8086184979739537,-2.59848661399804,-1.2101416068470414,4.083898825104447,1476.25
1182,-1.1974716113549317,-1.8679071064043848,-1.8086184882611227,-2.598486635168806,-1.2101416113558188,4.122427309156076,1477.5
1183,-1.1974716148247484,-1.8679070979495447,-1.8086184810692392,-2.5984866508447366,-1.2101416146943509,4.150955793207745,1478.75
1184,-1.1974716170783009,-1.8679070924583532,-1.8086184763983044,-2.5984866610258326,-1.2101416168626378,4.1694842772594125,1480.0
1185,-1.1978279930133522,-1.8689007416815788,-1.807248837247193,-2.598865089378368,-1.2104971891922882,4.178959749126779,1481.25
1186,-1.19927384071813,-1.8729320854950717,-1.8016920858371708,-2.6004003901522523,-1.2119397770610567,4.179852170794581,1482.5
1187,-1.1998633027230656,-1.87457564075319,-1.799426635951537,-2.6010263208237734,-1.2125279128556568,4.171736798176325,1483.75
1188,-1.1998633014798707,-1.8745756461346454,-1.7994266385405109,-2.6010263185869666,-1.212527917646285,4.154999599530614,1485.0
1189,-1.1998632994939022,-1.874575654731368,-1.7994266426763228,-2.601026315013731,-1.2125279252991779,4.128262400884883,1486.25
1190,-1.1998632967651601,-1.8745756665433566,-1.7994266483589727,-2.601026310104067,-1.212527935814335,4.091525202239163,1487.5
1191,-1.1998632932936444,-1.874575681570612,-1.7994266555884608,-2.601026303857975,-1.212527949191756,4.044788003593439,1488.75
1192,-1.199863288631379,-1.8745757002279055,-1.7994266630909421,-2.601026301027942,-1.2125279614102298,3.9880508109601336,1490.0
1193,-1.19986328307434,-1.8745757222411998,-1.7994266717080423,-2.601026298474017,-1.2125279751265563,3.9213136192365927,1491.25
1194,-1.1998632812975834,-1.87457574545657,-1.7994266893089599,-2.6010262693572455,-1.2125279805047458,3.8445764382341054,1492.5
1195,-1.199863281997606,-1.874575770466413,-1.799426713719959,-2.6010262210754664,-1.2125279804817084,3.7578392631148296,1493.75
1196,-1.1998632827505324,-1.874575798337341,-1.799426741025671,-2.6010261668869594,-1.212527980214797,3.6611020997201376,1495.0
1197,-1.1998632908398554,-1.8745758273331892,-1.7994267719387316,-2.601026107618544,-1.212527987983825,3.5543649429976263,1496.25
1198,-1.1998633071247045,-1.8745758572479405,-1.7994268065469872,-2.6010260433525163,-1.2125280047609686,3.4376277944005262,1497.5
1199,-1.1998633263459662,-1.8745758890565412,-1.799426843948657,-2.6010259744433037,-1.2125280245233956,3.31089065375672,1498.75
1200,-1.1998633616333052,-1.8745759170651755,-1.799426882660364,-2.6010259083252976,-1.212528060355004,3.1741535187476635,1500.0
1201,-1.1998634005618263,-1.8745759463827942,-1.7994269238104659,-2.6010258385186225,-1.212528099857792,3.0274163843088644,1501.25
1202,-1.1998634563098578,-1.8745759678204583,-1.7994269625214945,-2.6010257792630624,-1.2125281560842935,2.8706792569350212,1502.5
1203,-1.1998635186348172,-1.8745759867233414,-1.7994270008166877,-2.601025723049903,-1.212528218860441,2.704726659284212,1503.75
1204,-1.1998635870331074,-1.8745759960097996,-1.7994270315687277,-2.6010256840615393,-1.2125282875644818,2.543591411161495,1505.0
1205,-1.1998636537544676,-1.8745759984655113,-1.7994270550694944,-2.6010256591117895,-1.2125283544749652,2.392456163038678,1506.25
1206,-1.1998637185197043,-1.874575994770499,-1.7994270718998946,-2.6010256469373587,-1.2125284193233155,2.2513209149157856,1507.5
1207,-1.1998637785265034,-1.8745759863300402,-1.7994270825571514,-2.601025645597498,-1.2125284793242037,2.1201856667928394,1508.75
1208,-1.1998638337788883,-1.8745759732629663,-1.7994270871594686,-2.6010256548555506,-1.2125285344836259,1.9990504186698708,1510.0
1209,-1.1998638841536828,-1.8745759606935184,-1.7994270907100829,-2.601025664595896,-1.2125285847628233,1.887915170546863,1511.25
1210,-1.199863926266675,-1.8745759424058654,-1.799427086023301,-2.601025688152703,-1.212528626667316,1.7867799224238272,1512.5
1211,-1.1998639642156417,-1.8745759259264534,-1.7994270817999323,-2.6010257093802736,-1.212528664428399,1.6956446743007318,1513.75
1212,-1.1998639980005814,-1.8745759112552796,-1.799427078039979,-2.6010257282786062,-1.2125286980460712,1.6145094261776738,1515.0
1213,-1.1998640227069894,-1.874575894491519,-1.7994270693520866,-2.601025754055782,-1.2125287225304158,1.5433741780545698,1516.25
1214,-1.199864043673284,-1.8745758798724712,-1.7994270615926582,-2.601025776709451,-1.2125287433017673,1.4822389299314895,1517.5
1215,-1.1998640612100855,-1.874575867644689,-1.7994270551024507,-2.6010257956576206,-1.2125287606755135,1.4311036818084808,1518.75
1216,-1.1998640753173935,-1.8745758578081702,-1.7994270498814657,-2.6010258109002895,-1.2125287746516533,1.3899684336854774,1520.0
1217,-1.1998640859952072,-1.8745758503629144,-1.799427045929705,-2.601025822437458,-1.2125287852301863,1.3588331855624483,1521.25
1218,-1.1998640932435276,-1.8745758453089212,-1.7994270432471684,-2.6010258302691254,-1.2125287924111123,1.3376979374394224,1522.5
1219,-1.199864097062354,-1.8745758426461907,-1.7994270418338558,-2.601025834395293,-1.2125287961944318,1.3265626893163993,1523.75
1220,-1.1998640977078066,-1.8745758421961398,-1.7994270415949798,-2.6010258350926914,-1.212528796833883,1.3246806258398423,1524.516906012
