,shoulder_pan_joint,shoulder_lift_joint,elbow_joint,wrist_1_joint,wrist_2_joint,wrist_3_joint,time_from_start
0,-1.2025721708880823,-1.8203676382647913,-1.8945840040790003,-2.5838573614703577,-1.1873796621905726,1.8911380767822266,0.0
1,-1.2025066611792188,-1.8203350610778897,-1.894542468602979,-2.583959589542365,-1.1874153413399373,1.8961380767822265,1.25
2,-1.2023101320526286,-1.8202373295171852,-1.8944178621749153,-2.584266273758387,-1.1875223787880311,1.9111380767822266,2.5
3,-1.201982583508311,-1.8200744435826777,-1.8942101847948094,-2.5847774141184234,-1.1877007745348545,1.9361380767822265,3.75
4,-1.201524015546267,-1.8198464032743673,-1.8939194364626608,-2.5854930106224745,-1.187950528580407,1.9711380767822266,5.0
5,-1.200934759995342,-1.819551755876204,-1.8935507340466717,-2.586390835805531,-1.1882750870954464,2.0161380543080623,6.25
6,-1.2002156487625906,-1.8191868542888412,-1.893116921151365,-2.587415096332194,-1.1886831011611676,2.071138032587199,7.5
7,-1.1993673417552402,-1.8187488064650879,-1.8926281828829996,-2.5885215477768426,-1.1891814309718143,2.136138014386947,8.75
8,-1.1983895130698803,-1.8182342126137176,-1.892096543951416,-2.5896574080831556,-1.1897689383033905,2.211137976782351,10.0
9,-1.1972807779584662,-1.8176391082907082,-1.8915360708580122,-2.590760436002938,-1.1904359109336058,2.296137939598893,11.25
10,-1.1960393970779717,-1.8169592514759527,-1.8909620201753095,-2.591762793040431,-1.1911698087494527,2.391137893775702,12.5
11,-1.194661500441038,-1.816190146165003,-1.8903909186810468,-2.592589719954592,-1.1919404291035782,2.4961378439074133,13.75
12,-1.193141458837726,-1.8153275884195934,-1.8898390113543844,-2.593166011594672,-1.1927027646888444,2.6111377798266044,15.0
13,-1.1914722530517257,-1.8143674938473566,-1.8893227175295868,-2.5934143237184983,-1.1934001568677353,2.736137702510797,16.25
14,-1.1896449540423284,-1.8133076837757796,-1.8888560099407083,-2.5932661077859365,-1.1939490346617276,2.8710487052599123,17.5
15,-1.1878102613365442,-1.8122414612384339,-1.8884782826097428,-2.592730781109953,-1.194235349156802,3.004162805095271,18.75
16,-1.1860809594112425,-1.8112407600512503,-1.8881922897401795,-2.5919285112466177,-1.1942360973333663,3.1272769096531006,20.0
17,-1.184461882167677,-1.8103117961325903,-1.8879753583397667,-2.5909609801039046,-1.1939885684224976,3.2403910155535174,21.25
18,-1.1829586194179083,-1.8094595564691744,-1.8878085851132802,-2.589914500625831,-1.1935369317721651,3.3435051209830613,22.5
19,-1.1815774420578613,-1.8086878416577687,-1.8876766951719541,-2.5888605537044818,-1.1929315620544756,3.4366192241200513,23.75
20,-1.1803251123512766,-1.807998276039762,-1.8875711199036298,-2.5878435015882832,-1.1922282013464738,3.519733324651015,25.0
21,-1.1792077474927636,-1.8073926828690727,-1.8874830365727409,-2.586907635478809,-1.19147697840949,3.592847422174213,26.25
22,-1.1782313029827574,-1.8068709194184325,-1.8874098806155044,-2.58607160396932,-1.1907279559595167,3.655961516662579,27.5
23,-1.1774009528423228,-1.806433240310576,-1.887348263091525,-2.5853561819399484,-1.1900243225020901,3.7090756080353753,28.75
24,-1.1767211140333176,-1.8060792120066915,-1.8872973077228654,-2.5847710522257383,-1.189403430040457,3.7521896968597743,30.0
25,-1.1761954164934005,-1.8058080568887223,-1.8872575998516954,-2.5843189600640972,-1.1888962875690652,3.7853037834248227,31.25
26,-1.1758266484326683,-1.805619177653739,-1.8872295890885205,-2.584002014113071,-1.1885267135944915,3.808417868187356,32.5
27,-1.1756168787983616,-1.805512131082851,-1.8872136090596758,-2.583821779069085,-1.1883123822599395,3.821531951459686,33.75
28,-1.1747234447042891,-1.8050562848744496,-1.887145554931204,-2.5830541125454554,-1.1873988816140284,3.824796274719706,35.0
29,-1.1744362962579946,-1.8049097788840416,-1.887123684396571,-2.5828073810345717,-1.187105283830705,3.818437613259076,36.25
30,-1.1744362965958766,-1.8049097841771669,-1.8871236887376583,-2.5828073712627786,-1.187105284229252,3.8021726056997567,37.5
31,-1.174436297141494,-1.8049097927245938,-1.8871236957477187,-2.5828073554831223,-1.1871052848728325,3.7759075981404377,38.75
32,-1.174436297898174,-1.8049098045256942,-1.8871237054280057,-2.5828073336928896,-1.1871052857893414,3.7396425956150816,40.0
33,-1.1744362988712056,-1.8049098195794684,-1.8871237177805125,-2.5828073058877647,-1.1871052870231227,3.6933776033345396,41.25
34,-1.1744363000545543,-1.8049098378870576,-1.8871237328029657,-2.5828072720726682,-1.1871052885235809,3.6371126110539973,42.5
35,-1.1744363063971164,-1.8049098572912772,-1.8871237520292268,-2.5828072333223093,-1.1871052952117453,3.570847628156089,43.75
36,-1.174436317707743,-1.804909877875448,-1.8871237754000518,-2.5828071895951767,-1.1871053068975443,3.4945826522870953,45.0
37,-1.174436330501428,-1.8049099011590537,-1.887123801833996,-2.58280714013975,-1.187105320115446,3.408317681981258,46.25
38,-1.1744363462994631,-1.8049099264794097,-1.8871238311641023,-2.5828070858041565,-1.1871053363756665,3.3120527158324684,47.5
39,-1.1744363754435405,-1.804909949332379,-1.887123862252835,-2.582807032364311,-1.1871053659443207,3.205787759532888,48.75
40,-1.174436407330172,-1.804909974335919,-1.8871238962671522,-2.582806973895499,-1.1871053982952544,3.0895228094437472,50.0
41,-1.1744364497710267,-1.804909996049453,-1.887123930379085,-2.582806918766248,-1.187105441171167,2.963257866780519,51.25
42,-1.1744365012840265,-1.8049100155052118,-1.887123965125176,-2.5828068653888248,-1.187105493103155,2.8269929301392516,52.5
43,-1.174436561859082,-1.8049100303349954,-1.8871239982166998,-2.5828068184138298,-1.1871055540434445,2.680727995826488,53.75
44,-1.1744366318968273,-1.8049100394835378,-1.8871240287595132,-2.5828067797936236,-1.187105624376818,2.5254977745181373,55.0
45,-1.1744367028535148,-1.804910040190732,-1.8871240514412009,-2.5828067574653195,-1.1871056954973922,2.375666225024732,56.25
46,-1.174436771061147,-1.804910036040125,-1.8871240685827169,-2.5828067454800037,-1.1871057637860427,2.2358346755313163,57.5
47,-1.1744368341698435,-1.804910025657577,-1.8871240781294527,-2.582806747227416,-1.1871058268660672,2.1060031260378946,58.75
48,-1.174436892271935,-1.8049100117695307,-1.88712408274109,-2.582806757330652,-1.187105884873183,1.9861715765444672,60.0
49,-1.1744369446901872,-1.8049099975200213,-1.8871240852417002,-2.5828067698205457,-1.187105937178503,1.8763400270510369,61.25
50,-1.1744369888820323,-1.8049099782804214,-1.8871240803763092,-2.5828067945294526,-1.1871059811606663,1.7765084775576039,62.5
51,-1.1744370286472376,-1.804909960968032,-1.8871240759982735,-2.582806816763301,-1.1871060207371935,1.686676928064157,63.75
52,-1.174437063698088,-1.8049099453572448,-1.8871240718006832,-2.5828068370496666,-1.1871060556161765,1.6068453785707089,65.0
53,-1.174437089158764,-1.8049099276248013,-1.8871240625823575,-2.582806864329254,-1.1871060808507405,1.5370138290772606,66.25
54,-1.1744371109734264,-1.8049099124316743,-1.887124054684112,-2.5828068877023576,-1.187106102471671,1.4771822795838108,67.5
55,-1.1744371291420763,-1.8049098997778668,-1.8871240481059437,-2.5828069071689774,-1.187106120478969,1.4273507300903665,68.75
56,-1.1744371436647132,-1.8049098896633762,-1.887124042847856,-2.5828069227291124,-1.187106134872633,1.3875191805969198,70.0
57,-1.1744371545413363,-1.804909882088202,-1.8871240389098491,-2.582806934382762,-1.1871061456526633,1.3576876311034722,71.25
58,-1.174437161771946,-1.804909877052344,-1.8871240362919237,-2.5828069421299267,-1.1871061528190594,1.3378560816100258,72.5
59,-1.1746957904828421,-1.8055571165750692,-1.8862790599769759,-2.5830065689258253,-1.1873644219967245,1.327389976240471,73.75
60,-1.1763017327350416,-1.809576191938644,-1.8810321544565145,-2.584246135032295,-1.1889681320477052,1.325358866036499,75.0
61,-1.1771428383183618,-1.8116811751858781,-1.8782841007650701,-2.5848953551879794,-1.1898080706246752,1.3326510676755423,76.25
62,-1.1771428332520943,-1.8116811797307366,-1.8782841009009656,-2.5848953572976905,-1.1898080702437206,1.3484225414297746,77.5
63,-1.177142824973529,-1.8116811871572902,-1.8782841011230267,-2.584895360745076,-1.1898080696212192,1.3741940151840077,78.75
64,-1.1771428134826651,-1.8116811974655391,-1.8782841014312535,-2.5848953655301363,-1.1898080687571713,1.4099654889382394,80.0
65,-1.1771427987795036,-1.8116812106554836,-1.878284101825645,-2.584895371652872,-1.1898080676515768,1.4557369626924708,81.25
66,-1.1771427813519684,-1.8116812263800401,-1.878284103324225,-2.5848953753264543,-1.1898080704634495,1.5115084317780207,82.5
67,-1.1771427609568583,-1.811681244812209,-1.8782841054195705,-2.5848953784383877,-1.1898080751197733,1.5772798995014523,83.75
68,-1.177142732013074,-1.8116812622044287,-1.8782841087270468,-2.584895368862065,-1.1898080594872569,1.6530513582915352,85.0
69,-1.1771426944333516,-1.8116812784951508,-1.878284113260967,-2.5848953463866624,-1.1898080232295691,1.738822809692548,86.25
70,-1.1771426524416702,-1.8116812966673959,-1.8782841183888828,-2.5848953210029695,-1.189807982491021,1.8345942509801607,87.5
71,-1.1771426041386508,-1.8116813134252927,-1.8782841199970641,-2.584895300947025,-1.189807934980157,1.940365685602563,88.75
72,-1.1771425483468378,-1.811681326735125,-1.8782841155683077,-2.584895291220092,-1.189807879220365,2.0561371119315637,90.0
73,-1.1771424877340948,-1.8116813411786274,-1.8782841107360175,-2.584895280702703,-1.189807818632909,2.1819085300888346,91.25
74,-1.1771424219191018,-1.8116813451588714,-1.8782840941392642,-2.5848952923513044,-1.1898077527372988,2.3176799421921177,92.5
75,-1.1771423512567094,-1.8116813494323063,-1.878284076319994,-2.5848953048583425,-1.1898076819889574,2.463451354146121,93.75
76,-1.1771422812719319,-1.8116813406209715,-1.8782840460439139,-2.5848953428763415,-1.1898076117127894,2.6192227591345825,95.0
77,-1.1771422094103148,-1.8116813282605453,-1.8782840117484882,-2.5848953884245063,-1.1898075394992507,2.784637006998013,96.25
78,-1.1771421485523632,-1.8116813052504814,-1.8782839705610574,-2.5848954516480718,-1.1898074781434769,2.94662871514238,97.5
79,-1.177142097650777,-1.8116812793451673,-1.878283929663973,-2.5848955176168564,-1.1898074267194803,3.0986204232867482,98.75
80,-1.177142058950015,-1.8116812489821488,-1.8782838882418527,-2.5848955887377314,-1.1898073874516943,3.2406121314311194,100.0
81,-1.177142029047191,-1.8116812181159365,-1.8782838490661353,-2.584895658245254,-1.1898073569928387,3.3726038395755635,101.25
82,-1.1771420110721513,-1.8116811853850001,-1.8782838117910718,-2.5848957278895237,-1.1898073384578436,3.4945955477199933,102.5
83,-1.1771419945705763,-1.8116811553371153,-1.878283777571543,-2.584895791824858,-1.1898073214422142,3.6065872558644005,103.75
84,-1.1771419931025713,-1.8116811247360234,-1.8782837474874796,-2.5848958524007064,-1.1898073194838232,3.708578964008794,105.0
85,-1.1771419921643353,-1.811681097043202,-1.8782837203837983,-2.584895907104114,-1.18980731810265,3.800570672153176,106.25
86,-1.1771419913280907,-1.8116810723607444,-1.878283696226432,-2.5848959558609637,-1.189807316871618,3.8825623802975464,107.5
87,-1.1771419987684553,-1.8116810501943261,-1.8782836770767197,-2.5848959972248196,-1.1898073239751334,3.954554088441909,108.75
88,-1.177142006689409,-1.8116810310153741,-1.878283660968794,-2.5848960325751276,-1.1898073316078412,4.016545796586267,110.0
89,-1.1771420133326185,-1.8116810149302176,-1.8782836474592666,-2.58489606222301,-1.1898073380093028,4.068537504730619,111.25
90,-1.1771420186980843,-1.8116810019388547,-1.878283636548138,-2.5848960861684676,-1.1898073431795178,4.110529212874967,112.5
91,-1.1771420227858058,-1.8116809920412846,-1.87828362823541,-2.5848961044114995,-1.189807347118486,4.142520921019316,113.75
92,-1.1771420255957834,-1.8116809852375064,-1.8782836225210828,-2.5848961169521067,-1.1898073498262076,4.164512629163671,115.0
93,-1.1772009994101629,-1.8118303806832121,-1.8780874010418236,-2.584943370952927,-1.1898662365180006,4.176679759563186,116.25
94,-1.1786094652582624,-1.8153985588327635,-1.8734010152793157,-2.58607179964874,-1.191272622915302,4.1808624894276685,117.5
95,-1.1798071596878152,-1.81843277819411,-1.86941592785306,-2.5870313610830795,-1.1924685512896407,4.175275722413381,118.75
96,-1.1798098310337168,-1.8184395527641777,-1.8694070384758346,-2.5870334997585522,-1.1924712240692052,4.161696385478941,120.0
97,-1.1798098293062844,-1.8184395605952166,-1.869407042467401,-2.5870334957043197,-1.1924712316786463,4.138125745061313,121.25
98,-1.1798098268459771,-1.8184395717486255,-1.8694070481524157,-2.587033489930053,-1.1924712425164432,4.10455510464369,122.5
99,-1.1798098236527954,-1.8184395862244043,-1.8694070555308786,-2.5870334824357504,-1.1924712565825957,4.060984464226065,123.75
100,-1.1798098194496094,-1.8184396043016806,-1.8694070637552151,-2.5870334764593794,-1.1924712714875194,4.007413830576969,125.0
101,-1.179809814216214,-1.818439626000806,-1.869407072763628,-2.587033472237018,-1.19247128705699,3.9438432023858603,126.25
102,-1.1798098104301855,-1.8184396500957876,-1.8694070868825077,-2.5870334546244744,-1.192471298964469,3.8702725795317505,127.5
103,-1.1798098111379391,-1.8184396752214294,-1.8694071110671837,-2.5870334065476333,-1.192471299010786,3.7867019676523563,128.75
104,-1.1798098119090723,-1.8184397033399433,-1.869407138195437,-2.5870333525011655,-1.1924712988851696,3.693131363241442,130.0
105,-1.179809815531161,-1.8184397337754539,-1.8694071685488598,-2.587033292737836,-1.1924713017112467,3.5895607655570463,131.25
106,-1.1798098321561319,-1.818439764059894,-1.8694072031712288,-2.5870332281024537,-1.192471318810654,3.47599017735339,132.5
107,-1.1798098502466596,-1.8184397970097643,-1.869407240845478,-2.5870331577634795,-1.1924713374303448,3.3524195979760814,133.75
108,-1.1798098829002899,-1.8184398269397408,-1.8694072800985089,-2.5870330891332736,-1.1924713706275738,3.218849024058758,135.0
109,-1.1798099217901967,-1.818439857464604,-1.8694073218645473,-2.587033017508113,-1.1924714100935034,3.075278451579098,136.25
110,-1.1798099753564713,-1.8184398817884508,-1.8694073621764313,-2.5870329537408576,-1.1924714641661083,2.9217078842715343,137.5
111,-1.1798100364275566,-1.8184399049012978,-1.869407403648829,-2.587032890133067,-1.1924715257395802,2.7581373233234023,138.75
112,-1.1798101092083801,-1.818439914948021,-1.8694074360743933,-2.5870328487758587,-1.1924715988390475,2.5939541839292604,140.0
113,-1.1798101789117796,-1.8184399215668574,-1.8694074642114362,-2.587032815079385,-1.1924716687995578,2.4397613643382714,141.25
114,-1.1798102483757815,-1.8184399173911467,-1.8694074817872015,-2.58703280270455,-1.192471738347408,2.29556854474729,142.5
115,-1.1798103129637143,-1.818439911775903,-1.8694074964459704,-2.5870327946093643,-1.1924718029855752,2.1613757251563177,143.75
116,-1.1798103724342248,-1.8184398976036296,-1.8694075011980704,-2.58703280487721,-1.1924718623582802,2.0371829055653508,145.0
117,-1.1798104271161756,-1.818439884572514,-1.8694075055675228,-2.5870328143182917,-1.1924719169503013,1.9229900859743936,146.25
118,-1.1798104737882253,-1.818439866815853,-1.869407502851757,-2.5870328354371512,-1.1924719634394223,1.8187972663834393,147.5
119,-1.1798105149669191,-1.8184398489167741,-1.8694074982868991,-2.5870328584651032,-1.1924720044209929,1.7246044467924897,148.75
120,-1.17981055177387,-1.8184398329179579,-1.8694074942066663,-2.587032879048289,-1.1924720410517478,1.6404116272015405,150.0
121,-1.1798105807964767,-1.8184398161408133,-1.869407486946115,-2.587032903471699,-1.1924720698688187,1.5662188076105916,151.25
122,-1.1798106039107163,-1.8184398000578157,-1.8694074785199437,-2.5870329282803417,-1.192472092775816,1.5020259880196445,152.5
123,-1.1798106234242045,-1.8184397864802393,-1.8694074714064055,-2.5870329492242776,-1.1924721121143462,1.4478331684286923,153.75
124,-1.1798106393369419,-1.8184397754080843,-1.8694074656055,-2.5870329663035077,-1.1924721278844097,1.4036403488377331,155.0
125,-1.179810651648927,-1.8184397668413488,-1.8694074611172298,-2.587032979518031,-1.192472140086006,1.3694475292467767,156.25
126,-1.1798106603601608,-1.8184397607800329,-1.869407457941595,-2.587032988867847,-1.192472148719135,1.3452547096558192,157.5
127,-1.1798106654706428,-1.8184397572241364,-1.8694074560785954,-2.587032994352956,-1.1924721537837963,1.3310618900648628,158.75
128,-1.180886149356091,-1.821197884065728,-1.8657633957509063,-2.5879266786941657,-1.1935459548590692,1.3249710136389496,160.0
129,-1.1823392279181117,-1.8249243830327375,-1.8608399192065377,-2.5891341299738846,-1.1949967608665633,1.3285333161283754,161.25
130,-1.182441481221662,-1.8251866297306991,-1.8604934413970562,-2.589219103053223,-1.1950988575187182,1.340165008969437,162.5
131,-1.1824414744277072,-1.8251866358144813,-1.8604934415400438,-2.5892191060278416,-1.1950988568654743,1.3614968495775583,163.75
132,-1.1824414644488628,-1.8251866447502354,-1.8604934417500611,-2.589219110396911,-1.195098855906001,1.3928286901856766,165.0
133,-1.1824414512851291,-1.8251866565379624,-1.8604934420271089,-2.5892191161604305,-1.1950988546402983,1.434160530793801,166.25
134,-1.1824414351338297,-1.8251866710398954,-1.8604934427759903,-2.589219121822587,-1.19509885476797,1.4854923695338278,167.5
135,-1.182441416278812,-1.8251866880578596,-1.86049344457901,-2.5892191252316694,-1.1950988587338758,1.5468242044186404,168.75
136,-1.1824413933847187,-1.8251867071561927,-1.8604934468539587,-2.5892191267770786,-1.1950988596356926,1.618156037595985,170.0
137,-1.1824413581909372,-1.8251867223898066,-1.860493451124433,-2.589219105743217,-1.195098825702678,1.699487856033858,171.25
138,-1.182441318656357,-1.8251867394880419,-1.8604934559506734,-2.58921908198913,-1.1950987874833916,1.7908196696252177,172.5
139,-1.1824412747714805,-1.8251867584450392,-1.8604934613540942,-2.589219055421313,-1.1950987448982389,1.8921514759427456,173.75
140,-1.1824412219484208,-1.8251867713377898,-1.8604934574765792,-2.5892190455416095,-1.195098692157048,2.0034832709573083,175.0
141,-1.1824411641972488,-1.8251867850753598,-1.8604934528589108,-2.589219035551386,-1.1950986344341878,2.1248150588505603,176.25
142,-1.1824411014775884,-1.8251867936432598,-1.8604934416395806,-2.589219037271874,-1.1950985716819247,2.2561468404656377,177.5
143,-1.1824410338112803,-1.8251867976883813,-1.860493424458642,-2.5892190494115503,-1.1950985039316855,2.39747861933123,178.75
144,-1.1824409642864664,-1.8251867949285319,-1.8604934000641133,-2.5892190755213944,-1.1950984342104451,2.548810394544465,180.0
145,-1.1824408928392514,-1.825186785518293,-1.86049336858681,-2.5892191153153137,-1.1950983624563534,2.7101421631624945,181.25
146,-1.1824408282580188,-1.8251867657299652,-1.8604933291355286,-2.5892191735345813,-1.1950982974161615,2.875920767978998,182.5
147,-1.1824407702130735,-1.8251867437439084,-1.8604932895821404,-2.589219234145113,-1.1950982388911047,3.032348626734811,183.75
148,-1.1824407301712272,-1.8251867132236284,-1.8604932473289413,-2.589219306234557,-1.1950981982710835,3.1787764854906144,185.0
149,-1.1824406934435014,-1.825186684384635,-1.8604932077493288,-2.589219374023363,-1.195098160999447,3.3152043442464127,186.25
150,-1.1824406739480247,-1.8251866513444222,-1.8604931694534113,-2.589219444975254,-1.1950981409300125,3.441632203002203,187.5
151,-1.182440657002578,-1.8251866204797835,-1.8604931340744288,-2.5892195108788494,-1.195098123451159,3.558060061757988,188.75
152,-1.1824406489399806,-1.8251865904986626,-1.8604931023297053,-2.589219572399837,-1.1950981148887165,3.6644879205137664,190.0
153,-1.1824406479672034,-1.825186561827734,-1.86049307407547,-2.589219629229731,-1.195098113452614,3.7609157792695402,191.25
154,-1.1824406470953075,-1.8251865361301145,-1.8604930487513196,-2.5892196801661105,-1.1950981121654418,3.847343638025312,192.5
155,-1.182440650210272,-1.8251865131735168,-1.8604930273438949,-2.589219724512012,-1.1950981149179074,3.9237714967810855,193.75
156,-1.1824406585925125,-1.8251864928814052,-1.8604930101782884,-2.5892197620377875,-1.195098122991984,3.990199355536859,195.0
157,-1.1824406657128967,-1.8251864756440535,-1.8604929955967786,-2.5892197939144608,-1.195098129850595,4.046627214292634,196.25
158,-1.182440671571425,-1.8251864614614637,-1.8604929835993635,-2.5892198201420324,-1.1950981354937409,4.093055073048418,197.5
159,-1.1824406761680972,-1.8251864503336321,-1.8604929741860468,-2.589219840720501,-1.1950981399214213,4.1294829318042,198.75
160,-1.182440679502913,-1.8251864422605597,-1.8604929673568282,-2.5892198556498687,-1.1950981431336363,4.15591079055998,200.0
161,-1.1824406815758726,-1.8251864372422453,-1.8604929631117082,-2.5892198649301337,-1.1950981451303857,4.17233864931576,201.25
162,-1.1831367861146747,-1.8269936108434763,-1.85809127162986,-2.589819365264524,-1.1957930976108244,4.180164658342205,202.5
163,-1.184702174216728,-1.8310575639927995,-1.8526903853159793,-2.5911675035464548,-1.1973558958277775,4.178848513505212,203.75
164,-1.1850351629725129,-1.8319220515463954,-1.8515415100032644,-2.5914542780037526,-1.197688337326478,4.168978213627095,205.0
165,-1.1850351615723405,-1.8319220578159041,-1.8515415131697863,-2.5914542749136196,-1.197688343317053,4.149920410048731,206.25
166,-1.1850351594374706,-1.831922067375146,-1.8515415179978438,-2.5914542702020333,-1.1976883524509998,4.120862606470357,207.5
167,-1.1850351565679034,-1.8319220802241207,-1.851541524487437,-2.5914542638689944,-1.1976883647283176,4.081804802891982,208.75
168,-1.1850351529159375,-1.8319220964100107,-1.8515415324950546,-2.591454256459459,-1.1976883797334987,4.0327469997310565,210.0
169,-1.185035148043669,-1.8319221163659596,-1.8515415407032338,-2.591454252976249,-1.197688393652087,3.973689200190245,211.25
170,-1.1850351423464,-1.8319221397009624,-1.8515415503012689,-2.5914542489032426,-1.1976884099274492,3.9046314006494516,212.5
171,-1.1850351421534226,-1.8319221635605212,-1.8515415716620829,-2.591454208612975,-1.1976884121668474,3.825573615512133,213.75
172,-1.1850351428929162,-1.8319221900003098,-1.8515415973155442,-2.591454157750708,-1.1976884121506752,3.7365158344944844,215.0
173,-1.1850351436873274,-1.8319222193898752,-1.8515416259185686,-2.591454100878357,-1.1976884118960576,3.637458063496738,216.25
174,-1.1850351556566674,-1.8319222490462028,-1.8515416585845474,-2.59145403906122,-1.197688423910297,3.5284003011396248,217.5
175,-1.1850351728739152,-1.831922280411413,-1.8515416946870862,-2.5914539718676792,-1.1976884416318374,3.4093425463851412,218.75
176,-1.1850351969165585,-1.8319223120794357,-1.8515417332158288,-2.5914539020636695,-1.1976884662160026,3.2802847986922052,220.0
177,-1.185035234123919,-1.8319223413029841,-1.8515417734521509,-2.5914538332399575,-1.1976885039802396,3.141227055116805,221.25
178,-1.18503527868973,-1.831922369373142,-1.851541814862562,-2.5914537645030986,-1.1976885490998084,2.9921693136860528,222.5
179,-1.1850353373493165,-1.8319223916081038,-1.8515418549743274,-2.5914537030953344,-1.1976886082473288,2.8331115791143997,223.75
180,-1.185035404851139,-1.8319224078332312,-1.8515418919734812,-2.591453650925288,-1.1976886761592151,2.6667347376031083,225.0
181,-1.1850354747032972,-1.8319224170542725,-1.8515419228556085,-2.5914536118918177,-1.197688746313303,2.5080324680444823,226.25
182,-1.1850355440052955,-1.8319224163722125,-1.8515419438766574,-2.591453592586609,-1.1976888157558938,2.3593301984858166,227.5
183,-1.185035610005307,-1.8319224124478612,-1.8515419606921613,-2.5914535806708225,-1.1976888818368454,2.220627928927118,228.75
184,-1.1850356709906973,-1.8319224012620032,-1.8515419688338757,-2.5914535845950843,-1.1976889427747837,2.091925659368394,230.0
185,-1.1850357271348637,-1.8319223879201876,-1.8515419733511784,-2.591453594221336,-1.197688998826044,1.9732233898096387,231.25
186,-1.1850357772518532,-1.8319223733392853,-1.851541974769961,-2.591453608091656,-1.1976890488169039,1.8645211202508452,232.5
187,-1.1850358198723097,-1.8319223548429264,-1.8515419700119096,-2.5914536319312838,-1.1976890912315141,1.7658188506920456,233.75
188,-1.1850358581746852,-1.8319223382205263,-1.8515419657359133,-2.5914536533556056,-1.1976891293488987,1.6771165811332227,235.0
189,-1.18503589124394,-1.8319223227533823,-1.85154196095246,-2.591453674057153,-1.1976891622403942,1.5984143115743807,236.25
190,-1.185035915677954,-1.831922305769364,-1.8515419519825147,-2.591453700328776,-1.1976891864532293,1.5297120420155257,237.5
191,-1.1850359365554601,-1.831922291257465,-1.8515419443181955,-2.5914537227764165,-1.1976892071417506,1.4710097724566558,238.75
192,-1.1850359538764599,-1.8319222792176872,-1.8515419379594986,-2.5914537414000764,-1.1976892243059585,1.4223075028977763,240.0
193,-1.1850359676409519,-1.8319222696500284,-1.8515419329064278,-2.591453756199754,-1.1976892379458528,1.3836052333388993,241.25
194,-1.185035977848936,-1.8319222625544875,-1.8515419291589836,-2.5914537671754503,-1.1976892480614334,1.3549029637800252,242.5
195,-1.1850359845004128,-1.831922257931065,-1.851541926717166,-2.591453774327164,-1.1976892546527003,1.3362006942211553,243.75
196,-1.1854064825158925,-1.832895969552373,-1.850240377948604,-2.591784245414759,-1.1980591052820273,1.3266033630384495,245.0
197,-1.1869583581030807,-1.83697452431961,-1.844788640210687,-2.5931684612348636,-1.199608269540789,1.3256236773061962,246.25
198,-1.1875949681134532,-1.8386476375083627,-1.8425522203579683,-2.5937362971544347,-1.2002437694712176,1.3337045629584878,247.5
199,-1.1875949628252125,-1.8386476422355167,-1.8425522204408413,-2.5937362995738678,-1.2002437688547585,1.3504517590069955,248.75
200,-1.1875949543792845,-1.8386476497853241,-1.8425522205731992,-2.5937363034379817,-1.2002437678702023,1.3771989550555075,250.0
201,-1.1875949427756696,-1.838647660157786,-1.8425522207550422,-2.5937363087467746,-1.200243766517549,1.4139461511040217,251.25
202,-1.1875949280143674,-1.8386476733529016,-1.8425522209863698,-2.593736315500248,-1.200243764796799,1.460693347152533,252.5
203,-1.1875949106423167,-1.838647688995211,-1.8425522223718893,-2.5937363196437744,-1.2002437674679776,1.5174405322445879,253.75
204,-1.1875948902981484,-1.838647707332786,-1.842552224181708,-2.593736323856292,-1.2002437713860816,1.5841877156843123,255.0
205,-1.1875948607093563,-1.8386477238698689,-1.8425522275288855,-2.5937363126102913,-1.2002437521132292,1.660934888446019,256.25
206,-1.1875948236316218,-1.8386477398949743,-1.842552232054671,-2.593736290464387,-1.200243716386342,1.747682055351638,257.5
207,-1.1875947822478008,-1.8386477577466123,-1.8425522371777987,-2.593736265438025,-1.200243676271154,1.8444292107279439,258.75
208,-1.1875947342456576,-1.8386477734155446,-1.8425522378241532,-2.5937362476236374,-1.2002436289542902,1.9511763594472216,260.0
209,-1.1875946793555086,-1.8386477864363167,-1.8425522334067992,-2.5937362381842175,-1.2002435740968296,2.067923500060464,261.25
210,-1.1875946197264793,-1.8386477994816286,-1.842552227522153,-2.5937362301280547,-1.2002435144841879,2.1946706327788417,262.5
211,-1.1875945550534666,-1.8386478033082683,-1.8425522109856027,-2.593736241884329,-1.200243449729389,2.3314177599475387,263.75
212,-1.1875944860400292,-1.838647806473685,-1.8425521924376478,-2.5937362562468556,-1.2002433806144381,2.4781648865681656,265.0
213,-1.187594417468932,-1.838647797403392,-1.8425521620145509,-2.5937362946897444,-1.2002433117453086,2.634912006086473,266.25
214,-1.1875943482895424,-1.8386477839037432,-1.8425521270510627,-2.5937363420809465,-1.2002432421945257,2.800835999463424,267.5
215,-1.1875942892718538,-1.838647761519482,-1.8425520865516622,-2.5937364040199133,-1.200243182683252,2.9618450957570843,268.75
216,-1.1875942414102305,-1.838647735321611,-1.8425520458079394,-2.5937364701730456,-1.200243134290571,3.1128541920507686,270.0
217,-1.1875942039104777,-1.8386477058618735,-1.8425520051124917,-2.593736539685658,-1.2002430962295112,3.2538632883444683,271.25
218,-1.1875941765056446,-1.8386476752670555,-1.84255196647001,-2.5937366084281868,-1.2002430682671048,3.3848723846381645,272.5
219,-1.1875941591065386,-1.8386476435758319,-1.8425519298904893,-2.5937366763507357,-1.2002430503145913,3.5058814809318806,273.75
220,-1.187594144120404,-1.8386476142721113,-1.842551896412574,-2.593736738826888,-1.2002430348191628,3.616890577225597,275.0
221,-1.1875941431123491,-1.8386475846113235,-1.8425518669700893,-2.5937367978327064,-1.2002430333267315,3.7178996735193293,276.25
222,-1.1875941422040925,-1.8386475578869867,-1.842551840442436,-2.5937368509968906,-1.2002430319820525,3.80890876981306,277.5
223,-1.1875941413956341,-1.8386475340990986,-1.8425518168296156,-2.5937368983194404,-1.2002430307851253,3.889917866106791,278.75
224,-1.1875941495342497,-1.838647512724226,-1.8425517983937452,-2.5937369381925177,-1.2002430385941616,3.9609269624005305,280.0
225,-1.1875941571379522,-1.838647494323352,-1.8425517827104243,-2.593736972339308,-1.2002430459154545,4.021936058694264,281.25
226,-1.1875941634953324,-1.838647478938567,-1.8425517695977538,-2.593737000889099,-1.2002430520367144,4.072945154987991,282.5
227,-1.1875941686063896,-1.8386474665698695,-1.8425517590557359,-2.5937370238418893,-1.2002430569579416,4.113954251281715,283.75
228,-1.187594172471124,-1.8386474572172582,-1.8425517510843714,-2.593737041197681,-1.2002430606791359,4.144963347575441,285.0
229,-1.1875941750895358,-1.8386474508807336,-1.8425517456836604,-2.5937370529564716,-1.2002430632002967,4.165972443869167,286.25
230,-1.18771448066316,-1.8389675272142056,-1.8421214480646695,-2.5938481237721507,-1.2003631471618463,4.177347336572166,287.5
231,-1.1891284183873603,-1.842729430506352,-1.8370641844939155,-2.5951534685106505,-1.2017744809311957,4.18064494279461,288.75
232,-1.190118271680469,-1.8453630253388524,-1.833523752384178,-2.5960672976721115,-1.2027625136330338,4.174356718545825,290.0
233,-1.1901182706200435,-1.8453630300301436,-1.8335237547343275,-2.5960672954683144,-1.202762518040738,4.159953812221271,291.25
234,-1.1901182688233598,-1.845363037978618,-1.8335237587161957,-2.5960672917344105,-1.2027625255087302,4.1355509058967215,292.5
235,-1.1901182662904177,-1.8453630491842756,-1.8335237643297826,-2.596067286470401,-1.2027625360370102,4.101147999572171,293.75
236,-1.190118263021218,-1.845363063647117,-1.8335237715750883,-2.596067279676285,-1.2027625496255785,4.056745093247623,295.0
237,-1.1901182586946917,-1.8453630816796804,-1.8335237795003196,-2.596067274944229,-1.2027625634492647,4.002342188394696,296.25
238,-1.1901182533726864,-1.8453631032217628,-1.8335237882888191,-2.5960672715822803,-1.2027625780522782,3.9379392843921184,297.5
239,-1.1901182501004124,-1.8453631268030257,-1.8335238031892889,-2.5960672514503997,-1.202762587753258,3.8635363871864117,298.75
240,-1.1901182507981223,-1.8453631515516973,-1.8335238273713519,-2.5960672037004993,-1.202762587765427,3.7791334997080424,300.0
241,-1.1901182515559905,-1.8453631792164482,-1.8335238544766086,-2.596067150043501,-1.2027625875876629,3.684730620877379,301.25
242,-1.190118256330792,-1.8453632088471537,-1.8335238848974627,-2.59606709087992,-1.2027625916868059,3.580327748823863,302.5
243,-1.1901182726751165,-1.8453632386199612,-1.8335239194117487,-2.5960670268560726,-1.202762608509936,3.465924885367231,303.75
244,-1.19011829044992,-1.8453632709940493,-1.8335239569463795,-2.596066957223335,-1.2027626268194545,3.3415220314348,305.0
245,-1.1901183238459958,-1.8453632998291307,-1.8335239958817517,-2.5960668900194896,-1.2027626607581425,3.207119182839032,306.25
246,-1.1901183620164808,-1.8453633298189338,-1.833524037453098,-2.5960668191109764,-1.202762699506227,3.062716335106259,307.5
247,-1.1901184158359026,-1.8453633528551958,-1.8335240770938381,-2.596066757302752,-1.202762753821556,2.9083134930466796,308.75
248,-1.1901184763454207,-1.8453633748675775,-1.8335241178302595,-2.5960666955202303,-1.202762814824455,2.7439381668238445,310.0
249,-1.1901185473734361,-1.8453633842796755,-1.833524149456374,-2.59606665557079,-1.2027628861631228,2.580584323092538,311.25
250,-1.190118615461666,-1.8453633897082564,-1.83352417623097,-2.5960666244014075,-1.2027629544904144,2.427230479361216,312.5
251,-1.1901186828475947,-1.8453633857398546,-1.8335241935220818,-2.5960666120760605,-1.202763021960287,2.2838766356298814,313.75
252,-1.1901187454451014,-1.845363379469099,-1.8335242070371163,-2.596066605751144,-1.2027630845935384,2.150522791898532,315.0
253,-1.1901188030811019,-1.845363365808856,-1.833524211707294,-2.5960666155659475,-1.2027631421335652,2.027168948167176,316.25
254,-1.190118856044693,-1.845363353256022,-1.8335242159988638,-2.5960666245850907,-1.2027631950089628,1.9138151044358094,317.5
255,-1.1901189008572117,-1.845363335475147,-1.8335242125725146,-2.5960666464138056,-1.2027632396298495,1.8104612607044408,318.75
256,-1.1901189406784178,-1.8453633182208844,-1.8335242080947411,-2.5960666686940987,-1.2027632792570082,1.7171074169730698,320.0
257,-1.1901189762340045,-1.8453633028148895,-1.8335242040966193,-2.596066688587743,-1.2027633146393337,1.633753573241687,321.25
258,-1.1901190037639349,-1.8453632863029492,-1.8335241964831428,-2.596066713079548,-1.2027633419602077,1.5603997295103103,322.5
259,-1.1901190260217342,-1.8453632708484715,-1.8335241882531448,-2.596066737054441,-1.202763364014591,1.497045885778926,323.75
260,-1.1901190447662826,-1.845363257833386,-1.8335241813221972,-2.596066757245051,-1.2027633825878312,1.4436920420475556,325.0
261,-1.1901190599975795,-1.845363247257692,-1.833524175690301,-2.596066773651378,-1.2027633976799281,1.4003381983161916,326.25
262,-1.1901190717156247,-1.8453632391213883,-1.8335241713574582,-2.596066786273421,-1.2027634092908812,1.3669843545848228,327.5
263,-1.190119079920418,-1.8453632334244747,-1.8335241683236692,-2.596066795111179,-1.2027634174206903,1.343630510853457,328.75
264,-1.190124106515278,-1.8453767565619417,-1.8335058798099948,-2.596071595774281,-1.2027684342392246,1.3302598815426476,330.0
265,-1.1912597582378546,-1.8484356095022185,-1.829370514991153,-2.5971560735811408,-1.2039018848382712,1.3247842076246377,331.25
266,-1.192558725190614,-1.8519343606971688,-1.8246404416336148,-2.5983965090977046,-1.2051983353132403,1.3290790896188567,332.5
267,-1.1926090858752711,-1.8520700200666829,-1.8244570439852292,-2.598444605914939,-1.2052486016772284,1.3412682507657943,333.75
268,-1.1926090789804098,-1.852070026219522,-1.8244570440585792,-2.59844460919486,-1.2052486007361045,1.3632915722184316,335.0
269,-1.1926090689548392,-1.8520700351661443,-1.824457044165235,-2.598444613964076,-1.2052485993676503,1.3953148936710729,336.25
270,-1.1926090557985596,-1.85207004690655,-1.8244570443051964,-2.598444620222587,-1.2052485975718654,1.4373382151237042,337.5
271,-1.1926090397488291,-1.852070061280342,-1.8244570449508246,-2.5984446262485403,-1.2052485974349936,1.4893615302401455,338.75
272,-1.1926090210057425,-1.8520700781522486,-1.824457046500491,-2.5984446305897966,-1.205248600716488,1.5513848357480757,340.0
273,-1.1926089976728227,-1.8520700965716,-1.8244570486509453,-2.5984446314249925,-1.2052485985256525,1.6234081383719048,341.25
274,-1.1926089630386967,-1.8520701115181755,-1.8244570529043727,-2.5984446107502936,-1.2052485651733984,1.7054314272937539,342.5
275,-1.1926089241671862,-1.8520701282766947,-1.8244570577135728,-2.5984445873951403,-1.2052485276273701,1.7974547104114245,343.75
276,-1.1926088809058937,-1.8520701465895684,-1.8244570627709513,-2.5984445619333827,-1.2052484856559684,1.8994779865605043,345.0
277,-1.1926088288733268,-1.8520701589007282,-1.8244570585548177,-2.5984445530401734,-1.205248433657966,2.0115012514105945,346.25
278,-1.1926087721948768,-1.8520701723119792,-1.824457053958934,-2.5984445433658623,-1.2052483770086173,2.1335245088196415,347.5
279,-1.1926087106410792,-1.8520701798917618,-1.8244570420419803,-2.5984445467864803,-1.2052483154148657,2.265547760115728,348.75
280,-1.192608644283455,-1.8520701837830784,-1.8244570249520184,-2.5984445590052543,-1.2052482489723022,2.4075710090916593,350.0
281,-1.1926085764931171,-1.8520701801128037,-1.8244569999283005,-2.598444586675524,-1.2052481809707254,2.5595942540080525,351.25
282,-1.1926085064686491,-1.852070170819265,-1.8244569686358107,-2.598444626187608,-1.2052481106383135,2.7216174924491057,352.5
283,-1.1926084443959848,-1.852070150577701,-1.8244569290192965,-2.5984446850607634,-1.2052480480953653,2.88700367806434,353.75
284,-1.1926083884369854,-1.8520701288673092,-1.8244568898785172,-2.598444745014523,-1.205247991655488,3.042733295093173,355.0
285,-1.1926083501479396,-1.8520700987827297,-1.8244568480271357,-2.5984448162947205,-1.2052479527871833,3.188462912122017,356.25
286,-1.1926083145157884,-1.8520700707498015,-1.8244568090442679,-2.5984448827001567,-1.2052479166153773,3.3241925291508756,357.5
287,-1.192608296654416,-1.8520700382249626,-1.8244567712241953,-2.5984449526884985,-1.2052478981799737,3.449922146179746,358.75
288,-1.1926082802136615,-1.8520700082870185,-1.8244567364121629,-2.598445017110265,-1.205247881210844,3.565651763208621,360.0
289,-1.1926082733671088,-1.8520699790011872,-1.8244567052728824,-2.5984450773526158,-1.205247873867919,3.6713813802375004,361.25
290,-1.1926082724218567,-1.8520699512416179,-1.8244566775060342,-2.5984451327888194,-1.2052478724644662,3.767110997266392,362.5
291,-1.1926082715753463,-1.8520699263818423,-1.8244566526397312,-2.598445182434108,-1.2052478712076196,3.852840614295288,363.75
292,-1.192608275272297,-1.8520699041612383,-1.8244566318186362,-2.598445225470282,-1.2052478745476778,3.9285702313241853,365.0
293,-1.1926082833644902,-1.8520698845884964,-1.8244566150045782,-2.598445261924624,-1.205247882336237,3.9942998483530836,366.25
294,-1.1926082902255501,-1.8520698679935215,-1.8244566007485838,-2.598445292832861,-1.205247888939857,4.050029465381973,367.5
295,-1.1926082958554765,-1.8520698543763146,-1.824456589050651,-2.598445318194991,-1.2052478943585383,4.095759082410852,368.75
296,-1.1926083002542696,-1.852069843736873,-1.824456579910783,-2.5984453380110155,-1.2052478985922805,4.131488699439735,370.0
297,-1.1926083034219288,-1.8520698360751968,-1.82445657332898,-2.598445352280934,-1.2052479016410835,4.157218316468619,371.25
298,-1.1926083053584549,-1.852069831391286,-1.8244565693052417,-2.598445361004747,-1.2052479035049475,4.172947933497504,372.5
299,-1.1933606019572398,-1.8541212076057347,-1.8216677755676458,-2.5991880206160642,-1.2059986677227141,4.18026727106157,373.75
300,-1.1948168652178817,-1.8580921830150794,-1.816269346090225,-2.6006256229020868,-1.2074519656170017,4.178325457590865,375.0
301,-1.195064795867112,-1.8587682517981108,-1.8153502555564787,-2.6008703757526646,-1.207699395085422,4.168019444637802,376.25
302,-1.1950647944206472,-1.85876825812238,-1.8153502587017367,-2.6008703729186156,-1.2076994009279491,4.148407958285523,377.5
303,-1.1950647922366224,-1.8587682676714266,-1.815350263450778,-2.6008703686394696,-1.2076994097496119,4.1187964719332495,378.75
304,-1.195064789315038,-1.8587682804452512,-1.8153502698036026,-2.600870362915227,-1.2076994215504095,4.0791849855809765,380.0
305,-1.1950647855809475,-1.858768296515787,-1.8153502775409778,-2.60087035656814,-1.2076994356641992,4.029573500040166,381.25
306,-1.1950647806489834,-1.8587683162529105,-1.8153502855356196,-2.6008703538261853,-1.2076994486657044,3.9699620189119633,382.5
307,-1.1950647748896677,-1.8587683393009937,-1.8153502948713858,-2.600870350624259,-1.20769946384825,3.9003505377837566,383.75
308,-1.1950647750647692,-1.8587683625688323,-1.8153503167868612,-2.600870308646874,-1.207699464986736,3.8207390721184384,385.0
309,-1.1950647757902748,-1.8587683885095365,-1.8153503423631026,-2.600870258285485,-1.207699464925677,3.7311276103892315,386.25
310,-1.1950647765723792,-1.8587684173266013,-1.8153503708595744,-2.60087020202232,-1.207699464648503,3.631516158180206,387.5
311,-1.1950647891134065,-1.858768446210936,-1.8153504034594956,-2.600870140968075,-1.2076994773225662,3.521904715275224,388.75
312,-1.1950648059994085,-1.8587684769557238,-1.8153504393757418,-2.600870074572257,-1.2076994947168602,3.4022932798911754,390.0
313,-1.19506483044611,-1.8587685076141547,-1.815350477590815,-2.600870006098149,-1.2076995197052998,3.272681851442844,391.25
314,-1.1950648669085178,-1.8587685362616997,-1.8153505175918103,-2.600869938072521,-1.2076995567252076,3.133070426801872,392.5
315,-1.1950649114024745,-1.8587685632024065,-1.8153505584387752,-2.6008698710242797,-1.2076996017655905,2.983459004601345,393.75
316,-1.195064968856554,-1.858768585018075,-1.8153505982957712,-2.6008698102720933,-1.2076996597082208,2.8238475891566215,395.0
317,-1.195065035355097,-1.8587686001744959,-1.8153506343996642,-2.600869760049594,-1.207699726605442,2.6575248685844524,396.25
318,-1.1950651032919926,-1.8587686092028848,-1.815350664870869,-2.6008697215926246,-1.2076997948429762,2.49938287950708,397.5
319,-1.195065170968879,-1.8587686079016403,-1.8153506849977308,-2.6008697037776214,-1.2076998626492828,2.3512408904296898,398.75
320,-1.1950652351252062,-1.8587686041546554,-1.815350701580591,-2.6008696918929473,-1.2076999268867774,2.2130989013522915,400.0
321,-1.1950652943672921,-1.858768592759064,-1.8153507090095435,-2.6008696967163294,-1.2076999860727191,2.0849569122746177,401.25
322,-1.19506534890481,-1.8587685798648945,-1.8153507134607296,-2.600869705941478,-1.2077000405188463,1.966814923197028,402.5
323,-1.1950653973289187,-1.858768565336565,-1.8153507143535643,-2.600869720263079,-1.2077000888109353,1.8586729341194697,403.75
324,-1.195065438689117,-1.8587685474436686,-1.815350709668138,-2.6008697434124963,-1.207700129967779,1.7605309450419768,405.0
325,-1.1950654758349946,-1.8587685313739404,-1.815350705460119,-2.6008697642031473,-1.2077001669310228,1.6723889559645317,406.25
326,-1.1950655075717167,-1.8587685161886198,-1.8153507004187384,-2.600869784864101,-1.2077001984876592,1.594246966887114,407.5
327,-1.1950655312234948,-1.858768499785394,-1.8153506916085602,-2.600869810387289,-1.2077002219212032,1.5261049778097184,408.75
328,-1.1950655514043178,-1.8587684857893803,-1.8153506840912965,-2.6008698321648884,-1.2077002419158187,1.4679629887323506,410.0
329,-1.1950655681141868,-1.858768474200582,-1.815350677866944,-2.600869850196901,-1.207700258471507,1.4198209996550055,411.25
330,-1.1950655813531004,-1.8587684650189962,-1.8153506729355067,-2.600869864483325,-1.2077002715882665,1.3816790105776646,412.5
331,-1.1950655911210588,-1.8587684582446222,-1.8153506692969852,-2.600869875024159,-1.207700281266097,1.3535370215003126,413.75
332,-1.195065597418062,-1.8587684538774605,-1.8153506669513793,-2.6008698818194027,-1.2077002875049982,1.3353950324229529,415.0
333,-1.1954787410963865,-1.8599089836397547,-1.8137916073850602,-2.6012912716189955,-1.208112547922507,1.3262130126866818,416.25
334,-1.1969518238516834,-1.8639756334725597,-1.8082326708558027,-2.6027937561378662,-1.2095824817152283,1.3257220609349203,417.5
335,-1.1974893318294766,-1.8654595087973465,-1.806204280014036,-2.603341996195006,-1.2101188427870058,1.334150278773238,418.75
336,-1.1974893265013544,-1.8654595135442924,-1.8062042800454337,-2.603341998819823,-1.2101188419560303,1.3513157897045,420.0
337,-1.1974893180692623,-1.8654595210566354,-1.8062042800951223,-2.6033420029737626,-1.2101188406409586,1.378481300635759,421.25
338,-1.1974893065332006,-1.865459531334376,-1.8062042801631022,-2.603342008656825,-1.2101188388417914,1.4156468115670047,422.5
339,-1.1974892918931694,-1.865459544377514,-1.8062042802493732,-2.6033420158690097,-1.210118836558528,1.4628123224982579,423.75
340,-1.1974892747145394,-1.865459559809112,-1.806204281464539,-2.603342020590208,-1.210118838813653,1.519977817910924,425.0
341,-1.197489254590064,-1.8654595779006846,-1.8062042830086136,-2.6033420257161706,-1.210118841989388,1.58714331183061,426.25
342,-1.19748922511895,-1.8654595938465452,-1.8062042863258583,-2.6033420140372625,-1.210118821395197,1.6643087943170582,427.5
343,-1.19748918875455,-1.865459609516265,-1.8062042908200562,-2.603341992340576,-1.2101187863968146,1.7514742716321394,428.75
344,-1.1974891481872811,-1.8654596269610964,-1.8062042959110625,-2.6033419678086163,-1.2101187471153687,1.8486397366784968,430.0
345,-1.1974891009631463,-1.865459641934633,-1.806204296143335,-2.6033419512065175,-1.2101187005334437,1.9558051950841064,431.25
346,-1.1974890471924924,-1.865459654627155,-1.8062042917534535,-2.6033419420799864,-1.2101186467965492,2.0729706454508396,432.5
347,-1.197488988780951,-1.8654596668850236,-1.8062042854516267,-2.603341935241771,-1.2101185883980599,2.200136088008054,433.75
348,-1.1974889254585737,-1.8654596705701019,-1.8062042690225835,-2.6033419470487504,-1.2101185249930773,2.337301525191322,435.0
349,-1.1974888581212977,-1.865459673069968,-1.8062042501365005,-2.603341962434782,-1.210118457545098,2.4844669615156847,436.25
350,-1.197488791007053,-1.865459664141196,-1.806204219922134,-2.6033420005473014,-1.2101183901322252,2.641632390826456,437.5
351,-1.1974887238932959,-1.8654596503550032,-1.806204184862572,-2.6033420483492744,-1.2101183226391314,2.8077149743250818,438.75
352,-1.1974886664338378,-1.865459628534194,-1.8062041448534654,-2.603342109258439,-1.2101182646884294,2.968299088254484,440.0
353,-1.1974886204667894,-1.865459602586846,-1.8062041043767334,-2.6033421749229713,-1.2101182181873553,3.1188832021838335,441.25
354,-1.1974885839693168,-1.8654595739149877,-1.8062040641887034,-2.603342243157968,-1.2101181811318296,3.2594673161131205,442.5
355,-1.1974885579564924,-1.8654595438726536,-1.80620402596232,-2.603342310955332,-1.210118154561687,3.3900514300423423,443.75
356,-1.1974885410290854,-1.8654595130646867,-1.8062039898566904,-2.6033423775317646,-1.210118137084608,3.5106355439715005,445.0
357,-1.197488527037204,-1.8654594844498962,-1.806203956870766,-2.60334243884527,-1.2101181225860633,3.6212196579005766,446.25
358,-1.197488526054387,-1.8654594556493969,-1.806203927829787,-2.6033424965941396,-1.2101181211226584,3.7218037718296073,447.5
359,-1.1974885251692808,-1.865459429712226,-1.8062039016760374,-2.6033425486016584,-1.210118119804744,3.8123878857585813,448.75
360,-1.1974885243818858,-1.8654594066383816,-1.8062038784095196,-2.603342594867826,-1.21011811863232,3.8929719996875263,450.0
361,-1.1974885326883355,-1.865459385904381,-1.8062038603642017,-2.6033426337156627,-1.210118126612991,3.963556113616442,451.25
362,-1.1974885400570494,-1.8654593680939568,-1.80620384493748,-2.603342667015167,-1.2101181337023854,4.024140227545335,452.5
363,-1.1974885462094853,-1.8654593532233195,-1.8062038320570866,-2.603342694818263,-1.210118139621606,4.074724341474212,453.75
364,-1.197488551145643,-1.865459341292467,-1.8062038217230243,-2.60334271712495,-1.2101181443706528,4.115308455403075,455.0
365,-1.1974885548655223,-1.8654593323013984,-1.8062038139352934,-2.6033427339352286,-1.210118147949526,4.145892569331942,456.25
366,-1.1974885573691236,-1.8654593262501138,-1.8062038086938947,-2.603342745249099,-1.2101181503582252,4.166476683260824,457.5
367,-1.1976338297253613,-1.8658653437267176,-1.8056457765274905,-2.6034957590554595,-1.2102630970992645,4.177523846140184,458.75
368,-1.1989946552965374,-1.8696687391863511,-1.8004184396584832,-2.604929059649558,-1.2116208730103109,4.1804664234845506,460.0
369,-1.1998800794758553,-1.872143431559689,-1.797017260073719,-2.605861638618652,-1.2125043152597728,4.173916137598673,461.25
370,-1.1998800783909436,-1.8721434362491194,-1.7970172623909004,-2.605861636612742,-1.2125043195193685,4.159227537140169,462.5
371,-1.1998800765674238,-1.8721434441311144,-1.7970172662856188,-2.605861633241209,-1.2125043266788973,4.134538936681665,463.75
372,-1.199880074005296,-1.872143455205674,-1.797017271757874,-2.6058616285040515,-1.2125043367383594,4.099850336223178,465.0
373,-1.1998800707045605,-1.8721434694727976,-1.7970172788076668,-2.6058616224012705,-1.2125043496977543,4.055161735764684,466.25
374,-1.199880066330995,-1.8721434872493128,-1.797017286469064,-2.605861618532625,-1.2125043625565237,4.000473138702575,467.5
375,-1.1998800609748024,-1.8721435084497116,-1.7970172950027608,-2.605861615926581,-1.212504376124485,3.935784543362537,468.75
376,-1.1998800578775715,-1.8721435315056807,-1.7970173100214155,-2.605861595379733,-1.2125043846591204,3.861095955341096,470.0
377,-1.1998800585619613,-1.872143555715943,-1.7970173340730695,-2.605861548241391,-1.212504384643146,3.776407376604644,471.25
378,-1.1998800593054038,-1.8721435827675688,-1.7970173610267142,-2.6058614952748256,-1.212504384436428,3.681718807034569,472.5
379,-1.1998800643915137,-1.8721436116387409,-1.7970173913060337,-2.6058614369321935,-1.212504388889797,3.577030244285295,473.75
380,-1.1998800803910112,-1.8721436407518877,-1.7970174255899192,-2.6058613737896135,-1.2125044053705571,3.4623416900790507,475.0
381,-1.1998800977872748,-1.872143672402402,-1.7970174628662903,-2.605861305130019,-1.2125044233037403,3.3376531451804,476.25
382,-1.1998801309124625,-1.872143700408399,-1.7970175014745333,-2.6058612390781057,-1.2125044569703654,3.2029646058792025,477.5
383,-1.1998801682534261,-1.872143729736165,-1.7970175427459605,-2.6058611691170928,-1.212504494888507,3.058276067288192,478.75
384,-1.1998802213213946,-1.8721437519848836,-1.7970175819352048,-2.6058611085354424,-1.2125045484481511,2.9035875345353306,480.0
385,-1.1998802805022695,-1.8721437731040886,-1.7970176219399834,-2.605861048356656,-1.212504608115143,2.7397106594060814,481.25
386,-1.199880347992665,-1.8721437820906042,-1.7970176524383015,-2.6058610099090265,-1.2125046759077087,2.5807200324442405,482.5
387,-1.1998804124539841,-1.8721437875743279,-1.7970176784630871,-2.605860979382843,-1.2125047406058695,2.4317294054824434,483.75
388,-1.1998804762372732,-1.8721437838749682,-1.7970176950732961,-2.6058609674194773,-1.2125048044710987,2.292738778520869,485.0
389,-1.1998805353825084,-1.872143779007187,-1.7970177090358128,-2.605860959199467,-1.2125048636683071,2.1637481515594,486.25
390,-1.1998805896584555,-1.872143766204053,-1.7970177134986294,-2.6058609683201053,-1.2125049178527183,2.0447575245979563,487.5
391,-1.199880639373042,-1.872143754476903,-1.7970177175863817,-2.6058609766742444,-1.2125049674834611,1.9357668976365319,488.75
392,-1.1998806821792884,-1.8721437395558262,-1.797017716274412,-2.605860993509756,-1.2125050101369514,1.8367762706751165,490.0
393,-1.199880719236365,-1.8721437235497238,-1.797017712044398,-2.605861014259125,-1.2125050470101937,1.747785643713709,491.25
394,-1.199880752129288,-1.8721437093422537,-1.7970177082897112,-2.6058610326768594,-1.2125050797399406,1.6687950167522982,492.5
395,-1.1998807800898001,-1.8721436963300149,-1.7970177041612423,-2.6058610502023174,-1.2125051075461255,1.5998043897909031,493.75
396,-1.1998808003211667,-1.872143682316422,-1.7970176965678961,-2.6058610720752995,-1.2125051275890237,1.5408137628294987,495.0
397,-1.1998808171229431,-1.8721436706783914,-1.7970176902617618,-2.605861090240408,-1.212505144234281,1.4918231358680616,496.25
398,-1.1998808304951298,-1.8721436614159241,-1.7970176852428397,-2.6058611046976425,-1.212505157481897,1.452832508906628,497.5
399,-1.1998808404377264,-1.8721436545290207,-1.7970176815111283,-2.6058611154470026,-1.212505167331872,1.423841881945204,498.75
400,-1.199880846950733,-1.8721436500176791,-1.7970176790666301,-2.6058611224884887,-1.2125051737842059,1.4048512549837753,500.0
401,-1.1998779596234896,-1.8721356692580708,-1.7970290230362598,-2.6058577397560305,-1.2125022954043607,1.3958507187792768,501.25
402,-1.1992969441598798,-1.8705318495384757,-1.7993095598065953,-2.605177090251058,-1.2119230842784627,1.3956727153641202,502.5
403,-1.1992166580325716,-1.8703102403087093,-1.799624679147968,-2.6050830367240243,-1.2118430474977553,1.4044914473155035,503.75
404,-1.1990602319102015,-1.86987846809817,-1.8002386424834569,-2.604899786827711,-1.2116871071952864,1.4232914185945424,505.0
405,-1.1988206002764779,-1.8692170294673307,-1.801179182560141,-2.6046190634333835,-1.2114482197967003,1.4520913898735648,506.25
406,-1.1984977631314007,-1.8683259244161916,-1.8024462993780221,-2.604240866541042,-1.2111263853019965,1.4908913611526067,507.5
407,-1.1980871172332401,-1.8672044717900087,-1.8040341506747621,-2.603771674495755,-1.2107169739723038,1.5396914547210008,508.75
408,-1.1975921116465997,-1.8658531825086988,-1.805947112776583,-2.603206633821789,-1.21022345472383,1.5984915535587105,510.0
409,-1.1970124823233004,-1.8642720094754035,-1.8081848686705633,-2.6025461058656902,-1.2096455622631663,1.6672916661950976,511.25
410,-1.1963438583942216,-1.8624602261762715,-1.8107420509746588,-2.6017961399567633,-1.208978903294582,1.746091918723833,512.5
411,-1.195589968271199,-1.8604184485752233,-1.813623246297253,-2.6009515715884843,-1.2082272252531325,1.8348921832244016,513.75
412,-1.1947449941441763,-1.8581456510667596,-1.8168214363672697,-2.6000203860230933,-1.207384678999515,1.9336926172758724,515.0
413,-1.193811380908342,-1.8556422324419366,-1.8203396419109241,-2.598999188333977,-1.2064537228459737,2.0424931373723827,516.25
414,-1.1927872712916374,-1.8529078461251685,-1.8241756648724519,-2.5978905044156417,-1.2054324896685162,2.1612937816383107,517.5
415,-1.1916683226719664,-1.8499415932706045,-1.828324562067778,-2.5967001321099157,-1.2043166144187745,2.290094651520114,518.75
416,-1.190455542673454,-1.8467436059523838,-1.8327876506502867,-2.5954266321057777,-1.203107110440182,2.4288956972427425,520.0
417,-1.1891467738856902,-1.8433133830018038,-1.83756259684387,-2.5940728171458654,-1.20180180954486,2.5776969517270247,521.25
418,-1.187739808324781,-1.8396503715849666,-1.8426471014646062,-2.5926415163375744,-1.2003984929886262,2.7364984464963538,522.5
419,-1.1863052066089803,-1.8359413759647114,-1.847780052285592,-2.591207524665762,-1.198967528751,2.8971847379501465,523.75
420,-1.1849490550891184,-1.8324585622567626,-1.8525860729969197,-2.589874796915023,-1.1976147412531888,3.047969548109422,525.0
421,-1.1836743200956683,-1.8292046335360008,-1.8570643977036398,-2.588641423289423,-1.1963431053816052,3.188754545311102,526.25
422,-1.1824815483891875,-1.8261796584903902,-1.8612157493455945,-2.5875066174858827,-1.195153171026555,3.319539721241613,527.5
423,-1.1813725309462424,-1.8233840262875995,-1.8650421263187946,-2.58646801022119,-1.1940467382971713,3.440325041362274,528.75
424,-1.1803506661674201,-1.8208185998964805,-1.868547039149512,-2.5855212633530815,-1.1930272220690297,3.551110448076713,530.0
425,-1.1794163134894804,-1.8184834628346294,-1.87173087668055,-2.5846659082182164,-1.1920949835742292,3.6518959430889906,531.25
426,-1.1785696217216022,-1.816378613703347,-1.8745938818363292,-2.583901704611904,-1.1912501726146776,3.7426815234130446,532.5
427,-1.177814486412242,-1.814505137552045,-1.877139860972876,-2.583223802195735,-1.19049670296166,3.8234671344397286,533.75
428,-1.1771489938624997,-1.8128624704224412,-1.8793670148047779,-2.5826345438543203,-1.1898326521790112,3.8942528060615156,535.0
429,-1.176576086687577,-1.8114514555349832,-1.881278164656037,-2.582130296206556,-1.189260976482614,3.9550385022453565,536.25
430,-1.1760974298397684,-1.8102725700753408,-1.882874906682555,-2.5817090035431742,-1.1887833485198593,4.0058241984292335,537.5
431,-1.175710375644507,-1.809325034353445,-1.8841547503782992,-2.5813739078913875,-1.188397108524617,4.046609935187705,538.75
432,-1.1754177995141928,-1.8086096948970989,-1.8851204009155862,-2.5811214881432534,-1.1881051450415994,4.077395679549406,540.0
433,-1.1752202596210657,-1.8081267160580374,-1.885772383371329,-2.5809510608086104,-1.1879080187922009,4.0981814239111145,541.25
434,-1.1751177559651258,-1.807876097836261,-1.8861106977455264,-2.580862625887459,-1.1878057297764217,4.108967168272824,542.5
435,-1.1745106031494994,-1.806394778249494,-1.8881084698581487,-2.580341790578083,-1.1871998406298163,4.110500277137324,543.75
436,-1.1744319263829281,-1.806203205800235,-1.8883666033917534,-2.5802746607247546,-1.1871213266813663,4.103145461640866,545.0
437,-1.1744315244093824,-1.8062030924263426,-1.8883662348321089,-2.580275137860602,-1.1871209234258446,4.085977425730211,546.25
438,-1.1744308882951655,-1.8062029130146733,-1.8883656515946488,-2.580275892917494,-1.187120285282929,4.058809389819583,547.5
439,-1.1744300179928013,-1.806202667621924,-1.8883648535170436,-2.580276926503042,-1.1871194118323007,4.021641366354328,548.75
440,-1.1744289134613872,-1.806202356296751,-1.8883638404597636,-2.5802782391392247,-1.1871183027128533,3.9744733604635423,550.0
441,-1.1744275747603508,-1.8062019789681152,-1.8883626126261195,-2.58027983006493,-1.1871169584510832,3.9173053545727887,551.25
442,-1.174427060848709,-1.8062018477707578,-1.888362154098718,-2.580280414584462,-1.1871164424309102,3.85013736117736,552.5
443,-1.174427061598239,-1.806201871292462,-1.888362176677747,-2.5802803689356018,-1.1871164432282277,3.7729693742541732,553.75
444,-1.1744270624363897,-1.8062018978573369,-1.8883622022010016,-2.580280317290549,-1.1871164440587139,3.6858013919207107,555.0
445,-1.174427066294362,-1.8062019267604081,-1.8883622309199728,-2.580280260096337,-1.1871164479873841,3.5886334135390507,556.25
446,-1.1744270821808491,-1.8062019558254547,-1.8883622636335822,-2.580280198618267,-1.1871164643503818,3.481465444335173,557.5
447,-1.1744270995502435,-1.806201987602249,-1.8883622994007927,-2.5802801313996566,-1.187116482244614,3.3642974824078586,558.75
448,-1.1744271293663546,-1.8062020173066884,-1.888362337023672,-2.5802800645930217,-1.187116512588834,3.2371295281723844,560.0
449,-1.1744271669851738,-1.8062020469652853,-1.888362377009083,-2.580279995594409,-1.1871165507563979,3.0999615793185664,561.25
450,-1.1744272162448497,-1.8062020725677972,-1.888362416709752,-2.580279931098871,-1.1871166005252878,2.9527936322125017,562.5
451,-1.1744272756587306,-1.8062020951531137,-1.8883624566602855,-2.5802798695135936,-1.1871166604220935,2.795625690287679,563.75
452,-1.1744273466797255,-1.8062021085299804,-1.888362491387697,-2.58027982250645,-1.1871167318057319,2.631292588816839,565.0
453,-1.1744274172977145,-1.8062021178491598,-1.888362522109563,-2.58027978354487,-1.1871168027215646,2.4747732874390915,566.25
454,-1.174427488494165,-1.8062021141962783,-1.888362540602624,-2.5802797697555415,-1.1871168740127103,2.328253986061388,567.5
455,-1.1744275550848913,-1.8062021101764465,-1.8883625573223428,-2.580279758036794,-1.1871169406825004,2.1917346846837114,568.75
456,-1.1744276164577068,-1.8062020963600096,-1.8883625630604588,-2.58027976699035,-1.1871170019688666,2.0652153833060654,570.0
457,-1.1744276729527903,-1.8062020828385312,-1.8883625675743394,-2.5802797768013153,-1.1871170583717174,1.9486960819284298,571.25
458,-1.1744277223220712,-1.806202066311584,-1.8883625670129702,-2.5802797945781455,-1.187117107586173,1.84217678055081,572.5
459,-1.1744277650469659,-1.8062020476598564,-1.888362562367382,-2.580279818458828,-1.1871171501085556,1.7456574791732158,573.75
460,-1.1744278033452975,-1.806202030940568,-1.8883625582030994,-2.5802798398653235,-1.1871171882253562,1.6591381777956307,575.0
461,-1.1744278350374726,-1.806202014435334,-1.88836255220344,-2.5802798627952783,-1.1871172197252466,1.5826188764180478,576.25
462,-1.1744278592901047,-1.8062019974871155,-1.888362543482597,-2.580279888777228,-1.1871172437627062,1.5160995750404682,577.5
463,-1.174427879896783,-1.8062019830867624,-1.8883625360727778,-2.580279910853251,-1.1871172641865593,1.4595802736628687,578.75
464,-1.1744278968575077,-1.8062019712342765,-1.8883625299739797,-2.580279929023348,-1.187117280996806,1.4130609722852445,580.0
465,-1.174427910172278,-1.8062019619296548,-1.8883625251862073,-2.580279943287519,-1.187117294193446,1.3765416709076232,581.25
466,-1.1744279198410943,-1.8062019551728974,-1.88836252170946,-2.5802799536457632,-1.187117303776479,1.3500223695300042,582.5
467,-1.174427925863956,-1.8062019509640037,-1.8883625195437377,-2.5802799600980806,-1.1871173097459053,1.333503068152395,583.75
468,-1.1751508231080778,-1.8080088982020697,-1.8859998158263478,-2.5808409862607884,-1.1878391962906987,1.3256207914522202,585.0
469,-1.1767859193220418,-1.8120959916470882,-1.8806556779745693,-2.5821099508044494,-1.1894720070687415,1.3268972922652824,586.25
470,-1.1771336881064693,-1.8129652864799268,-1.8795190227173983,-2.582379850623999,-1.1898192925516233,1.3367718898017575,587.5
471,-1.1771336819731344,-1.8129652919914243,-1.8795190228619474,-2.5823798531955444,-1.1898192920508577,1.355851000820702,588.75
472,-1.1771336726251136,-1.8129653003916812,-1.879519023082259,-2.5823798571149226,-1.1898192912876235,1.3849301118396509,590.0
473,-1.177133660062407,-1.8129653116806983,-1.8795190233783334,-2.5823798623821337,-1.1898192902619213,1.4240092228586037,591.25
474,-1.177133644344973,-1.812965325816311,-1.8795190238742987,-2.5823798685352894,-1.1898192894848052,1.4730883333659555,592.5
475,-1.1771336260122225,-1.8129653424191958,-1.8795190256868546,-2.5823798714190733,-1.1898192935539025,1.5321674395127611,593.75
476,-1.1771336045763865,-1.8129653618323602,-1.8795190278062122,-2.5823798747909805,-1.1898192983117541,1.6012465456595566,595.0
477,-1.1771335711145334,-1.8129653777334744,-1.879519031737039,-2.5823798569624,-1.1898192694426384,1.6803256374669608,596.25
478,-1.1771335320806282,-1.8129653946962427,-1.8795190364029637,-2.5823798335782193,-1.189819231740364,1.7694047251930178,597.5
479,-1.1771334886343885,-1.8129654135455262,-1.8795190416581413,-2.5823798072805775,-1.189819189553582,1.8684838030122841,598.75
480,-1.177133437268156,-1.8129654281779013,-1.879519039987859,-2.582379793110615,-1.1898191385622774,1.9775628721741492,600.0
481,-1.1771333798829444,-1.812965441886036,-1.8795190354009046,-2.5823797831245723,-1.1898190812066343,2.0966419337536513,601.25
482,-1.1771333175535652,-1.8129654529597774,-1.8795190267481197,-2.582379779777407,-1.189819018868422,2.2257209883084013,602.5
483,-1.177133250136472,-1.81296545700424,-1.879519009763241,-2.5823797917270768,-1.1898189513689514,2.3648000387710546,603.75
484,-1.1771331795655111,-1.8129654572221745,-1.8795189881304337,-2.5823798120926877,-1.1898188806490397,2.5138790870355083,605.0
485,-1.177133108239242,-1.8129654477817312,-1.8795189569963338,-2.582379851576735,-1.1898188090202653,2.67295812842581,606.25
486,-1.1771330399225786,-1.81296543068218,-1.879518919443775,-2.5823799051613587,-1.1898187402862064,2.839335684513588,607.5
487,-1.1771329803085386,-1.812965407996876,-1.8795188792243347,-2.5823799671124528,-1.1898186801849275,2.998019566182621,608.75
488,-1.1771329356084008,-1.8129653789480777,-1.879518837513994,-2.582380037122212,-1.1898186349287974,3.1467034478516505,610.0
489,-1.177132897810036,-1.8129653491321456,-1.8795187972035046,-2.58238010659999,-1.18981859657711,3.285387329520625,611.25
490,-1.1771328740003164,-1.812965316553167,-1.8795187585708604,-2.5823801773636994,-1.1898185722003412,3.4140712111895755,612.5
491,-1.1771328565131278,-1.8129652845550943,-1.8795187224524255,-2.582380245128234,-1.1898185541688753,3.5327550928585083,613.75
492,-1.1771328448500427,-1.8129652542134207,-1.879518689726018,-2.5823803079359147,-1.1898185420002483,3.641438974527425,615.0
493,-1.177132843843689,-1.812965224373289,-1.8795186607790642,-2.582380366622947,-1.1898185405191746,3.740122856196324,616.25
494,-1.1771328429393129,-1.8129651975569727,-1.8795186347654065,-2.582380419363006,-1.1898185391881835,3.828806737865218,617.5
495,-1.1771328438166948,-1.8129651736637038,-1.8795186121082312,-2.582380465858436,-1.1898185396890661,3.907490619534094,618.75
496,-1.1771328525926568,-1.8129651523265626,-1.8795185943485304,-2.582380505025337,-1.1898185481459662,3.9761745012029723,620.0
497,-1.1771328600908861,-1.812965134095993,-1.8795185791745457,-2.58238053848975,-1.1898185553715879,4.034858382871862,621.25
498,-1.1771328663113834,-1.8129651189719982,-1.879518566586274,-2.5823805662516746,-1.1898185613659304,4.0835422645407755,622.5
499,-1.1771328712541482,-1.8129651069545751,-1.8795185565837182,-2.5823805883111115,-1.1898185661289946,4.122226146209703,623.75
500,-1.1771328749191805,-1.812965098043723,-1.8795185491668793,-2.58238060466806,-1.1898185696607801,4.150910027878614,625.0
501,-1.1771328773064806,-1.8129650922394422,-1.879518544335757,-2.582380615322521,-1.1898185719612866,4.169593909547529,626.25
502,-1.1775245720641845,-1.813956199723067,-1.8782147954952122,-2.5826960921118283,-1.1902096852753643,4.179162100119133,627.5
503,-1.1791458566433377,-1.8180585697983596,-1.8728183730341963,-2.5840018810585432,-1.1918285636673485,4.180064273246345,628.75
504,-1.1798007706719649,-1.8197157168920028,-1.8706385003668122,-2.584529350180038,-1.1924825088113187,4.171898014413728,630.0
505,-1.17980076943179,-1.81971572251889,-1.8706385031977542,-2.584529347303685,-1.1924825142281619,4.155024025050568,631.25
506,-1.179800767456653,-1.819715731480429,-1.8706385077063916,-2.584529342722725,-1.1924825228551788,4.128150035687405,632.5
507,-1.1798007647465536,-1.8197157437766194,-1.8706385138927248,-2.584529336437157,-1.1924825346923689,4.091276046324244,633.75
508,-1.1798007613014918,-1.819715759407461,-1.8706385217567538,-2.5845293284469815,-1.1924825497397324,4.044402056961065,635.0
509,-1.1798007566630202,-1.8197157788291674,-1.8706385299075363,-2.5845293240690554,-1.1924825640445935,3.9875280776252673,636.25
510,-1.1798007511416895,-1.819715801732701,-1.8706385392872924,-2.5845293197017565,-1.1924825802844825,3.9206540996049846,637.5
511,-1.1798007494835208,-1.8197158259740802,-1.8706385576855906,-2.5845292884068067,-1.1924825864701574,3.8437801323153167,638.75
512,-1.1798007502187349,-1.8197158522075196,-1.8706385827150909,-2.5845292384204,-1.1924825865145063,3.756906170614159,640.0
513,-1.1798007510055486,-1.8197158814394816,-1.8706386107032293,-2.5845291823415013,-1.1924825862889104,3.6600322203459896,641.25
514,-1.1798007596888478,-1.8197159117774446,-1.8706386424140438,-2.5845291210138335,-1.1924825946761533,3.553158276710321,642.5
515,-1.1798007767974281,-1.819715943093382,-1.870638677900615,-2.5845290544878723,-1.1924826122762322,3.4362843411304795,643.75
516,-1.1798007971985554,-1.8197159762924593,-1.8706387162236267,-2.5845289832919445,-1.192482633217382,3.3094104133388194,645.0
517,-1.1798008342736561,-1.8197160055502302,-1.8706387558968,-2.5845289149951167,-1.1924826708409237,3.1725364909416682,646.25
518,-1.1798008753721676,-1.8197160360278037,-1.870638797992288,-2.5845288431202937,-1.192482712516225,3.0256625692884755,647.5
519,-1.1798009339417976,-1.8197160583365468,-1.8706388376411196,-2.584528782099766,-1.1924827715672768,2.8687886547649093,648.75
520,-1.1798009995284726,-1.8197160777797903,-1.8706388767074615,-2.584528724623775,-1.192482837604856,2.702810136092915,650.0
521,-1.1798010712198832,-1.8197160872942284,-1.8706389081072046,-2.5845286848060587,-1.1924829096022576,2.5419208437536716,651.25
522,-1.17980114121137,-1.819716089517005,-1.8706389319585939,-2.5845286597823613,-1.1924829797800058,2.3910315514144713,652.5
523,-1.1798012090826724,-1.8197160854698375,-1.870638949115064,-2.584528647674153,-1.1924830477331967,2.2501422590753157,653.75
524,-1.179801271956358,-1.8197160763693212,-1.8706389598554882,-2.584528646946482,-1.1924831105975588,2.119252966736176,655.0
525,-1.1798013298439336,-1.8197160625563784,-1.8706389645117096,-2.5845286569277177,-1.1924831683900508,1.9983636743970699,656.25
526,-1.1798013825839062,-1.8197160492288265,-1.8706389680385305,-2.5845286674775427,-1.1924832210315695,1.8874743820579742,657.5
527,-1.179801426689383,-1.819716030005427,-1.8706389632099447,-2.584528692133121,-1.1924832649261279,1.7865850897188937,658.75
528,-1.1798014664231904,-1.8197160126874259,-1.8706389588599572,-2.5845287143448754,-1.1924833044699232,1.6956957973798232,660.0
529,-1.1798015017853276,-1.8197159972748218,-1.87063895498857,-2.584528734112804,-1.1924833396629546,1.614806505040763,661.25
530,-1.1798015276431517,-1.8197159797171585,-1.8706389461035398,-2.5845287608915752,-1.19248336529704,1.5439172127017042,662.5
531,-1.1798015495675274,-1.8197159644107164,-1.8706389381660384,-2.5845287844192857,-1.1924833870250322,1.4830279203626353,663.75
532,-1.179801567891209,-1.8197159516180912,-1.87063893153213,-2.5845288040829826,-1.1924834051845832,1.4321386280235404,665.0
533,-1.1798015826141959,-1.8197159413392816,-1.8706389262018166,-2.584528819882665,-1.1924834197756922,1.3912493356844409,666.25
534,-1.1798015937364879,-1.8197159335742863,-1.8706389221750996,-2.584528831818333,-1.1924834307983585,1.3603600433453513,667.5
535,-1.1798016012580848,-1.8197159283231057,-1.870638919451979,-2.5845288398899866,-1.1924834382525822,1.3394707510062576,668.75
536,-1.1799424749854226,-1.8200767571130205,-1.8701614446817643,-2.584646498619575,-1.1926240904265704,1.3281812732952554,670.0
537,-1.181434691337725,-1.8238990019274535,-1.8651036276110315,-2.5858927983408466,-1.1941139603169832,1.3250520802135037,671.25
538,-1.1824325098701653,-1.8264548785937602,-1.8617215461130165,-2.586726179175949,-1.1951102116212182,1.331477132409167,672.5
539,-1.182432505206878,-1.8264548827765796,-1.8617215461960868,-2.5867261812304685,-1.1951102111424816,1.3461081504006205,673.75
540,-1.18243249735633,-1.8264548898182702,-1.861721546335934,-2.5867261846892107,-1.1951102103365385,1.3707391683920709,675.0
541,-1.1824324863185214,-1.826454899718832,-1.861721546532558,-2.586726189552175,-1.195110209203389,1.4053701863835255,676.25
542,-1.1824324720934516,-1.8264549124782643,-1.8617215467859594,-2.5867261958193613,-1.195110207743033,1.4500012043749844,677.5
543,-1.1824324550908027,-1.8264549278138014,-1.8617215479299765,-2.5867262004086014,-1.1951102094839863,1.504632217905316,678.75
544,-1.1824324352074662,-1.82645494579661,-1.8617215497547508,-2.586726204095612,-1.1951102135381961,1.5692632291005635,680.0
545,-1.1824324080668913,-1.8264549635393068,-1.8617215526524162,-2.5867261978064997,-1.1951102021766569,1.6438942331594415,681.25
546,-1.1824323714464446,-1.826454979435048,-1.8617215570432546,-2.5867261759343902,-1.1951101668704291,1.7285252279023307,682.5
547,-1.182432330473719,-1.8264549971934474,-1.8617215620101535,-2.586726151227791,-1.1951101271811888,1.8231562137950048,683.75
548,-1.1824322838007368,-1.8264550144672151,-1.8617215646380862,-2.5867261295127086,-1.1951100814557651,1.9277871929502153,685.0
549,-1.1824322292408793,-1.8264550274617644,-1.8617215602495352,-2.586726120075844,-1.195110026929657,2.0424181635602836,686.25
550,-1.1824321699200255,-1.8264550415913647,-1.8617215554737025,-2.586726109832686,-1.1951099676347885,2.1670491248911694,687.5
551,-1.182432105503907,-1.8264550466556104,-1.8617215403383907,-2.5867261189538984,-1.195109903150207,2.301680080781336,688.75
552,-1.1824320362593195,-1.8264550507617305,-1.8617215227736006,-2.586726131393948,-1.1951098338199608,2.4463110359112945,690.0
553,-1.1824319670283305,-1.8264550434807516,-1.8617214942114075,-2.5867261661838876,-1.1951097643224984,2.6009419851959077,691.25
554,-1.1824318950547272,-1.8264550327403475,-1.8617214614539501,-2.5867262085773444,-1.1951096920213526,2.765516495331197,692.5
555,-1.182431834524616,-1.8264550096659953,-1.8617214203371568,-2.5867262718001807,-1.195109630990995,2.9286450013006484,693.75
556,-1.1824317821162458,-1.826454984928077,-1.861721380138323,-2.586726335885175,-1.1951095780733432,3.0817735072700687,695.0
557,-1.1824317435854765,-1.8264549545102065,-1.861721338766384,-2.586726407014404,-1.195109538972456,3.224902013239472,696.25
558,-1.1824317119470629,-1.8264549243883208,-1.8617212998235506,-2.5867264755222474,-1.19510950678358,3.3580305192088296,697.5
559,-1.18243169402684,-1.8264548915897676,-1.8617212625599622,-2.586726545224748,-1.1951094882997633,3.4811590251781714,698.75
560,-1.1824316775620256,-1.8264548614549878,-1.8617212283227647,-2.586726609266292,-1.195109471317128,3.5942875311474776,700.0
561,-1.18243167443889,-1.8264548311518087,-1.8617211980713444,-2.5867266696891207,-1.1951094677023604,3.6974160371167786,701.25
562,-1.1824316734995302,-1.8264548033388484,-1.861721170905109,-2.5867267245761383,-1.195109466315941,3.790544543086062,702.5
563,-1.1824316726610373,-1.8264547785124057,-1.8617211466559407,-2.58672677356947,-1.1951094650783938,3.8736730490553466,703.75
564,-1.1824316789463964,-1.826454756256068,-1.8617211271052327,-2.586726815407787,-1.1951094710212442,3.946801555024619,705.0
565,-1.1824316869122395,-1.8264547368925852,-1.8617211108722667,-2.586726851068719,-1.1951094786945045,4.0099300609938915,706.25
566,-1.1824316936162371,-1.826454720596416,-1.8617210972107152,-2.5867268810807085,-1.1951094851522661,4.0630585669631945,707.5
567,-1.1824316990583892,-1.82645470736756,-1.8617210861205786,-2.586726905443755,-1.1951094903945294,4.106187072932526,708.75
568,-1.1824317032386955,-1.8264546972060156,-1.861721077601859,-2.5867269241578583,-1.1951094944212943,4.139315578901833,710.0
569,-1.182431706157156,-1.8264546901117829,-1.8617210716545558,-2.5867269372230193,-1.1951094972325609,4.162444084871152,711.25
570,-1.1824415897174927,-1.8264803098618994,-1.8616869625746675,-2.5867354971202574,-1.1951193643018265,4.175604328608501,712.5
571,-1.1836617575424397,-1.8296442042794758,-1.8574757618268676,-2.587791515111009,-1.1963375033994246,4.1808442282323135,713.75
572,-1.18498818311133,-1.8330836309498244,-1.852897829207498,-2.5889394928949656,-1.1976617253536976,4.176284454810458,715.0
573,-1.1850262747347808,-1.8331824091112399,-1.8527663613301022,-2.5889724587489473,-1.1976997584597557,4.163810835495234,716.25
574,-1.1850262730878518,-1.8331824164916495,-1.852766365009163,-2.588972455158495,-1.1976997654451043,4.141457901179851,717.5
575,-1.1850262707041384,-1.8331824271738224,-1.8527663703341202,-2.588972449961788,-1.1976997755554781,4.109104966864464,718.75
576,-1.1850262675836407,-1.8331824411577582,-1.8527663773049734,-2.5889724431588252,-1.1976997887908771,4.066752032549067,720.0
577,-1.185026263512202,-1.8331824586527647,-1.8527663852825584,-2.5889724371781075,-1.197699803286005,4.014399099506951,721.25
578,-1.185026258353262,-1.833182479792311,-1.8527663938593013,-2.5889724335682134,-1.1976998178514215,3.9520461681321892,722.5
579,-1.1850262537830791,-1.8331825036877798,-1.8527664061289182,-2.5889724214101166,-1.1976998311260734,3.8796932401425948,723.75
580,-1.18502625447151,-1.8331825282472272,-1.852766429733149,-2.5889723744243387,-1.1976998311504348,3.7973403252085522,725.0
581,-1.185026255227222,-1.833182555777812,-1.8527664562439403,-2.588972321558363,-1.1976998310404792,3.7049874163550376,726.25
582,-1.1850262570043082,-1.8331825860447744,-1.8527664857693078,-2.5889722628538046,-1.1976998318349106,3.60263451432877,727.5
583,-1.185026273250754,-1.833182615786709,-1.8527665196988399,-2.588972199445706,-1.1976998485508936,3.4902816232116587,728.75
584,-1.185026290944689,-1.8331826481748794,-1.8527665566510825,-2.5889721303836484,-1.1976998667674055,3.3679287397916005,730.0
585,-1.1850263209611835,-1.8331826784833287,-1.8527665954096548,-2.5889720618202503,-1.197699897326204,3.2355758622943824,731.25
586,-1.1850263590494052,-1.833182708559542,-1.8527666364484214,-2.5889719913565905,-1.1976999359841103,3.093222986932787,732.5
587,-1.1850264096896115,-1.8331827338604882,-1.852766676768927,-2.588971926561636,-1.1976999871426646,2.940870115904401,733.75
588,-1.185026469563229,-1.833182756700619,-1.8527667175812323,-2.5889718638672305,-1.1977000475138868,2.7785172513547582,735.0
589,-1.18502654043023,-1.8331827684995639,-1.8527667511137662,-2.588971819627024,-1.1977001187247664,2.6133434686975434,736.25
590,-1.1850266091627064,-1.8331827768128341,-1.852766780600819,-2.588971782876344,-1.1977001877404094,2.4579364964299266,737.5
591,-1.1850266783518273,-1.8331827727320926,-1.8527667982116487,-2.588971770368132,-1.1977002570143416,2.3125295241623425,738.75
592,-1.1850267427697458,-1.8331827685505035,-1.8527668142373674,-2.588971759474343,-1.1977003215050743,2.177122551894753,740.0
593,-1.1850268020840962,-1.8331827544370802,-1.8527668190412019,-2.5889717696303416,-1.1977003807213924,2.0517155796271984,741.25
594,-1.1850268566687001,-1.8331827414490722,-1.8527668234619692,-2.588971778976499,-1.1977004352157814,1.9363086073596634,742.5
595,-1.185026903841623,-1.8331827246777999,-1.8527668219036761,-2.5889717979637377,-1.1977004822215205,1.8309016350921592,743.75
596,-1.1850269450384652,-1.8331827067508075,-1.8527668173617815,-2.588971820997827,-1.1977005232195943,1.735494662824653,745.0
597,-1.1850269819172974,-1.833182690702821,-1.8527668132959358,-2.5889718416176195,-1.197700559920492,1.6500876905571669,746.25
598,-1.185027011754948,-1.8331826743834787,-1.8527668067720495,-2.5889718648608997,-1.1977005895605333,1.5746807182896867,747.5
599,-1.1850270350166303,-1.8331826581601378,-1.8527667982913698,-2.5889718898670355,-1.1977006126118517,1.509273746022199,748.75
600,-1.1850270547218602,-1.8331826444171664,-1.8527667911072907,-2.5889719110500113,-1.19770063213888,1.4538667737547144,750.0
601,-1.1850270708706372,-1.833182633154565,-1.8527667852198109,-2.588971928409827,-1.197700648141618,1.4084598014871967,751.25
602,-1.1850270834629613,-1.8331826243723324,-1.8527667806289336,-2.5889719419464825,-1.197700660620065,1.3730528292196815,752.5
603,-1.185027092498832,-1.833182618070468,-1.852766777334659,-2.588971951659977,-1.1977006695742214,1.3476458569521692,753.75
604,-1.1850270979782496,-1.8331826142489716,-1.852766775336987,-2.5889719575503105,-1.1977006750040866,1.3322388846846598,755.0
605,-1.1858721273938708,-1.8354007934878196,-1.8497972528079762,-2.5897292932017195,-1.1985442215171391,1.3251861220171253,756.25
606,-1.1873722035201701,-1.8393384698697033,-1.8445258104448434,-2.591073697820645,-1.2000416660035689,1.327497316632542,757.5
607,-1.1875861643631265,-1.8399001251949536,-1.8437739157089577,-2.5912654591071886,-1.2002552543202747,1.3381229152117808,758.75
608,-1.1875861580309102,-1.8399001308646115,-1.8437739157878563,-2.591265462020933,-1.200255253540537,1.3581613090095195,760.0
609,-1.187586148538652,-1.839900139363667,-1.8437739159061293,-2.5912654663887595,-1.200255252371678,1.3881997028072477,761.25
610,-1.187586135886352,-1.8399001506921193,-1.8437739160637758,-2.5912654722106665,-1.2002552508136972,1.4282380966049804,762.5
611,-1.1875861201912434,-1.8399001647704087,-1.8437739164956974,-2.5912654786242317,-1.2002552498868275,1.4782764877457484,763.75
612,-1.187586101878845,-1.8399001813097575,-1.8437739180545085,-2.5912654824991437,-1.200255253294176,1.5383148681355627,765.0
613,-1.1875860805163307,-1.8399002006039025,-1.8437739198729548,-2.591265487019461,-1.2002552572690526,1.608353248525367,766.25
614,-1.187586046558931,-1.8399002156165067,-1.8437739239461948,-2.5912654672590443,-1.2002552252727434,1.688391612791791,767.5
615,-1.18758600806667,-1.8399002322900893,-1.8437739286085442,-2.59126544419873,-1.2002551881195007,1.7784299733262308,768.75
616,-1.1875859652742913,-1.8399002507991276,-1.8437739338485322,-2.5912654183180055,-1.2002551466279965,1.8784683249303131,770.0
617,-1.1875859142833032,-1.8399002643738522,-1.8437739312455745,-2.591265406307773,-1.2002550958932154,1.988506666736108,771.25
618,-1.1875858578462988,-1.8399002777792721,-1.8437739266724038,-2.5912653966208428,-1.2002550394863958,2.1085450011246376,772.5
619,-1.1875857965494314,-1.8399002875207742,-1.843773917005124,-2.5912653956327656,-1.2002549781710843,2.238583328750959,773.75
620,-1.187585730321097,-1.8399002914077247,-1.8437739000875901,-2.5912654076874966,-1.2002549118592247,2.3786216528446316,775.0
621,-1.1875856615433702,-1.8399002902754047,-1.8437738774884527,-2.591265430390177,-1.2002548429121438,2.5286599741904716,776.25
622,-1.1875855915338103,-1.8399002809221265,-1.8437738465038174,-2.591265469656082,-1.200254772598542,2.6886982888136672,777.5
623,-1.1875855260521881,-1.8399002628863568,-1.843773808483901,-2.591265524683313,-1.2002547066823017,2.85494168503423,778.75
624,-1.1875854682420917,-1.8399002408204859,-1.8437737689392792,-2.5912655853687956,-1.2002546483891252,3.0126594196810226,780.0
625,-1.187585426368182,-1.8399002116003986,-1.843773727412418,-2.591265655409045,-1.2002546059512675,3.160377154327769,781.25
626,-1.1875853897445214,-1.8399001826746906,-1.8437736878130058,-2.5912657233067367,-1.2002545687798878,3.2980948889744828,782.5
627,-1.1875853682154665,-1.839900150442408,-1.843773649713154,-2.5912657932278345,-1.2002545466826169,3.425812623621192,783.75
628,-1.1875853512900472,-1.8399001194650957,-1.8437736142735828,-2.591265859305952,-1.2002545292193294,3.5435303582678586,785.0
629,-1.1875853413734074,-1.839900089795491,-1.8437735822973491,-2.591265920721379,-1.2002545188012768,3.651248092914523,786.25
630,-1.1875853403983436,-1.8399000609743175,-1.843773553941546,-2.5912659778039093,-1.200254517358051,3.7489658275611553,787.5
631,-1.1875853395230638,-1.8399000351025818,-1.8437735284875436,-2.591266029044866,-1.2002545160625189,3.8366835622077833,788.75
632,-1.1875853413306516,-1.839900012028691,-1.843773506595151,-2.5912660739742117,-1.2002545175009558,3.914401296854422,790.0
633,-1.1875853497704039,-1.8398999915208853,-1.8437734892731457,-2.5912661118733014,-1.2002545256275372,3.982119031501055,791.25
634,-1.1875853569638426,-1.8398999740415045,-1.8437734745091123,-2.5912661441757643,-1.2002545325540517,4.0398367661476975,792.5
635,-1.187585362910968,-1.839899959590551,-1.8437734623030475,-2.5912661708816,-1.2002545382804994,4.08755450079436,793.75
636,-1.18758536761178,-1.839899948168021,-1.8437734526549547,-2.591266191990809,-1.20025454280688,4.1252722354410345,795.0
637,-1.1875853710662787,-1.8398999397739155,-1.8437734455648345,-2.591266207503391,-1.2002545461331937,4.152989970087685,796.25
638,-1.187585373274464,-1.839899934408234,-1.843773441032687,-2.5912662174193466,-1.2002545482594404,4.170707704734346,797.5
639,-1.1880740528844274,-1.841198540797804,-1.8420250387808343,-2.5917194553597858,-1.2007423242184303,4.179543324133674,798.75
640,-1.1896140103563053,-1.8452908072406453,-1.8365153600680195,-2.593147714932843,-1.2022794346330188,4.179554710909419,800.0
641,-1.1901095538601467,-1.8466076638860878,-1.8347423975072068,-2.5936073142475293,-1.2027740651642898,4.170732990186259,801.25
642,-1.1901095525539973,-1.846607669669003,-1.8347424003662862,-2.5936073115672196,-1.2027740705453052,4.153042699085321,802.5
643,-1.1901095505095058,-1.8466076787208954,-1.8347424048415515,-2.59360730737178,-1.202774078968111,4.125352407984365,803.75
644,-1.1901095477266717,-1.8466076910417648,-1.8347424109330024,-2.5936073016612102,-1.202774090432707,4.08766211688339,805.0
645,-1.1901095442054952,-1.8466077066316111,-1.8347424186406391,-2.5936072944355097,-1.2027741049390934,4.03997182578244,806.25
646,-1.190109539442524,-1.8466077259747231,-1.8347424264839247,-2.593607291285549,-1.2027741180576028,3.982281537937725,807.5
647,-1.190109533832869,-1.8466077486910297,-1.834742435624789,-2.593607287823595,-1.2027741332646529,3.9145912502195594,808.75
648,-1.1901095327060753,-1.8466077723679897,-1.8347424548695566,-2.5936072538542025,-1.202774137630468,3.836900974733334,810.0
649,-1.1901095334294185,-1.846607798191606,-1.8347424798839527,-2.5936072042274225,-1.2027741376305894,3.749210703983606,811.25
650,-1.1901095342040926,-1.84660782693771,-1.834742507831968,-2.593607148592916,-1.202774137365822,3.6515204450255405,812.5
651,-1.190109543930518,-1.8466078564719486,-1.8347425395857575,-2.5936070879110575,-1.2027741469210758,3.543830193115255,813.75
652,-1.1901095607446797,-1.8466078872467127,-1.8347425749478692,-2.5936070220416383,-1.2027741642321348,3.4261399491123394,815.0
653,-1.1901095820899728,-1.8466079192899851,-1.834742612968102,-2.59360695232004,-1.2027741861183592,3.2984497126767467,816.25
654,-1.190109618485275,-1.8466079480379374,-1.8347426524608637,-2.5936068847010536,-1.2027742230637126,3.160759481210447,817.5
655,-1.1901096600552792,-1.8466079771102908,-1.8347426938920604,-2.5936068148981954,-1.2027742652003308,3.013069250927696,818.75
656,-1.1901097175052016,-1.846607999049025,-1.8347427333305042,-2.593606754440573,-1.202774323133025,2.855379027640588,820.0
657,-1.1901097825545688,-1.8466080170259633,-1.834742771280174,-2.5936066995362075,-1.202774388617407,2.6891419101189644,821.25
658,-1.1901098521518318,-1.8466080263404057,-1.834742802192335,-2.5936066603759116,-1.2027744585188258,2.5290756048825953,822.5
659,-1.1901099205097863,-1.8466080275208305,-1.8347428247694952,-2.5936066376437137,-1.2027745270459915,2.3790092996461,823.75
660,-1.1901099863491829,-1.8466080236749627,-1.8347428416468374,-2.593606625586131,-1.2027745929673657,2.2389429944094674,825.0
661,-1.1901100472825568,-1.8466080140380587,-1.834742851328996,-2.59360662642547,-1.2027746538778095,2.108876689172681,826.25
662,-1.1901101033815333,-1.8466080007249044,-1.8347428559044734,-2.593606635965334,-1.2027747098834847,1.9888103839357885,827.5
663,-1.1901101541068606,-1.846607987237155,-1.8347428586252277,-2.5936066474536843,-1.202774760500879,1.8787440786987766,828.75
664,-1.1901101967906613,-1.8466079686925783,-1.834742853885407,-2.5936066713252757,-1.2027748029768928,1.778677773461636,830.0
665,-1.1901102352089115,-1.8466079520012335,-1.8347428496192495,-2.5936066928112904,-1.2027748412081207,1.6886114682244449,831.25
666,-1.1901102692232095,-1.8466079370537978,-1.8347428456765817,-2.5936067121688557,-1.202774875054081,1.6085451629871494,832.5
667,-1.1901102938388992,-1.8466079199050536,-1.8347428366377367,-2.5936067386773147,-1.2027748994450218,1.5384788577498256,833.75
668,-1.1901103149413894,-1.8466079052038114,-1.834742828888933,-2.5936067614024347,-1.20277492035484,1.4784125525124405,835.0
669,-1.1901103325306808,-1.8466078929500735,-1.8347428224301683,-2.593606780344216,-1.2027749377835357,1.4283462472750243,836.25
670,-1.1901103466067728,-1.8466078831438377,-1.8347428172614455,-2.5936067955026587,-1.2027749517311088,1.3882799420375953,837.5
671,-1.1901103571696656,-1.8466078757851043,-1.8347428133827648,-2.593606806877762,-1.2027749621975592,1.3582136368001763,838.75
672,-1.190110364219359,-1.8466078708738725,-1.8347428107941264,-2.593606814469526,-1.2027749691828866,1.3381473315627812,840.0
673,-1.1903153068164425,-1.8471592050791246,-1.8339963258553904,-2.5938033991385643,-1.2029795130399838,1.3274941776870073,841.25
674,-1.1917715482405498,-1.8510768561370916,-1.8286920133580886,-2.595200249555487,-1.2044329214518568,1.3251133774174049,842.5
675,-1.1926004552605545,-1.8533068313337382,-1.8256727367088805,-2.5959953536249794,-1.205260217718285,1.33210058471748,843.75
676,-1.1926004504648,-1.8533068356202822,-1.8256727367445915,-2.595995355918488,-1.2052602170319242,1.347407585420127,845.0
677,-1.1926004425359997,-1.853306842707208,-1.8256727368036327,-2.5959953597103365,-1.2052602158971673,1.372714586122778,846.25
678,-1.1926004314741527,-1.8533068525945144,-1.8256727368860033,-2.5959953650005243,-1.2052602143140136,1.4080215868254617,847.5
679,-1.1926004172792597,-1.8533068652822031,-1.8256727369917043,-2.5959953717890523,-1.2052602122824634,1.4533285875281354,848.75
680,-1.1926004003988273,-1.8533068804711887,-1.8256727380044828,-2.595995376853579,-1.2052602137372996,1.508635576195455,850.0
681,-1.1926003806492926,-1.8533068982841536,-1.8256727395618355,-2.595995381515872,-1.205260217064518,1.5739425603167916,851.25
682,-1.1926003532153182,-1.8533069153232509,-1.8256727424228494,-2.595995374319785,-1.2052602031067206,1.6492495361065036,852.5
683,-1.1926003171955473,-1.8533069309112664,-1.8256727467935447,-2.595995352833708,-1.2052601684222686,1.7345565036400252,853.75
684,-1.192600276927727,-1.8533069483088007,-1.8256727517411298,-2.595995328551493,-1.2052601294522851,1.8298634613073446,855.0
685,-1.1926002307849282,-1.8533069646856686,-1.8256727536975397,-2.5959953085568124,-1.2052600841890369,1.9351704122157773,856.25
686,-1.192600177227956,-1.853306977374022,-1.8256727493289793,-2.5959952994171176,-1.2052600306667307,2.050477354710678,857.5
687,-1.1926001190249624,-1.8533069911640807,-1.8256727445775498,-2.5959952894998843,-1.2052599724912236,2.1757842885169354,858.75
688,-1.1926000558222916,-1.8533069953195869,-1.8256727287877026,-2.5959953002003524,-1.205259909212069,2.3110912163742263,860.0
689,-1.192599987931653,-1.8533069992684645,-1.8256727113206226,-2.5959953127167723,-1.2052598412347548,2.4563981439436557,861.25
690,-1.1925999204341124,-1.853306991187516,-1.825672682180062,-2.5959953489065075,-1.2052597734562829,2.6117050651744713,862.5
691,-1.1925998507650561,-1.8533069796896737,-1.8256726490059578,-2.5959953925045713,-1.205259703445777,2.776807328765075,863.75
692,-1.1925997919392142,-1.8533069572175078,-1.8256726084769639,-2.5959954545640502,-1.2052596441229204,2.939253113711763,865.0
693,-1.1925997420363421,-1.853306932437387,-1.8256725684890087,-2.5959955185176566,-1.205259593704992,3.0916988986585485,866.25
694,-1.1925997046108978,-1.8533069028745062,-1.8256725277321468,-2.5959955881965615,-1.2052595557138428,3.2341446836055017,867.5
695,-1.192599674957647,-1.8533068731535391,-1.825672489263105,-2.595995655861598,-1.2052595255094423,3.3665904685526002,868.75
696,-1.1925996575632398,-1.8533068413267462,-1.8256724525818508,-2.5959957240223503,-1.2052595075565011,3.489036253499819,870.0
697,-1.1925996415894133,-1.8533068120992153,-1.8256724188963038,-2.5959957866164967,-1.2052594910697554,3.601482038447159,871.25
698,-1.19259963951059,-1.8533067825142902,-1.8256723892275832,-2.59599584575815,-1.2052594885028158,3.703927823394579,872.5
699,-1.1925996385979036,-1.8533067555889313,-1.8256723625337463,-2.5959958992900747,-1.205259487148052,3.796373608342143,873.75
700,-1.1925996377839438,-1.853306731576132,-1.825672338727419,-2.5959959470313705,-1.2052594859398353,3.878819393289731,875.0
701,-1.1925996445302494,-1.8533067100419358,-1.8256723197282407,-2.595995987606818,-1.2052594923490674,3.951265178237418,876.25
702,-1.1925996522181077,-1.853306691371278,-1.8256723038334104,-2.595996022236297,-1.2052594997487298,4.0137109631851295,877.5
703,-1.1925996586748409,-1.8533066756905208,-1.8256722904839584,-2.595996051320249,-1.2052595059634186,4.066156748132873,878.75
704,-1.192599663900449,-1.8533066629996633,-1.8256722796798868,-2.5959960748586743,-1.2052595109931334,4.108602533080651,880.0
705,-1.1925996678949318,-1.853306653298704,-1.8256722714211964,-2.595996092851572,-1.2052595148378746,4.141048318028425,881.25
706,-1.192599670658289,-1.8533066465876429,-1.8256722657078877,-2.595996105298943,-1.2052595174976415,4.163494102976168,882.5
707,-1.192629472082161,-1.8533878044720375,-1.8255617623018205,-2.596025657955093,-1.2052892579510046,4.176041321525775,883.75
708,-1.1938607834240988,-1.8567413467281515,-1.8209959673959708,-2.597246468735024,-1.2065180524047077,4.180740572298038,885.0
709,-1.1950410326306302,-1.8599558240653258,-1.8166195132223903,-2.598416650525757,-1.2076958909975846,4.175641484244386,886.25
710,-1.1950562453805853,-1.8599972636369997,-1.8165631016973676,-2.5984317326146824,-1.2077110774396473,4.162696473808441,887.5
711,-1.1950562436874315,-1.859997271045512,-1.8165631053333509,-2.5984317293404207,-1.2077110842166898,4.139804896973862,888.75
712,-1.195056241254637,-1.8599972816903731,-1.8165631105576838,-2.598431724635825,-1.2077110939542286,4.106913320139259,890.0
713,-1.195056238082202,-1.8599972955715824,-1.8165631173703667,-2.598431718500894,-1.2077111066522637,4.064021743304657,891.25
714,-1.19505623392878,-1.8599973129180654,-1.8165631250710716,-2.598431713563742,-1.2077111201657962,4.011130169452312,892.5
715,-1.1950562287106736,-1.8599973338092117,-1.8165631334169288,-2.5984317107357855,-1.2077111337509514,3.9482385987867756,893.75
716,-1.1950562244657348,-1.859997357203419,-1.8165631460813292,-2.5984316972467645,-1.207711145221697,3.875347032443451,895.0
717,-1.1950562251426624,-1.8599973813075175,-1.8165631696164015,-2.5984316507313077,-1.2077111452158777,3.792455478359627,896.25
718,-1.1950562258844457,-1.8599974083067714,-1.8165631960366708,-2.598431598408294,-1.2077111450649736,3.699563931145362,897.5
719,-1.1950562284059156,-1.8599974377868245,-1.816563225522777,-2.5984315404140093,-1.2077111466810002,3.596672390838353,898.75
720,-1.1950562443419717,-1.8599974669434034,-1.816563259280232,-2.5984314777551227,-1.2077111630896677,3.4837808608133147,900.0
721,-1.195056261691195,-1.8599974986817198,-1.8165632960307991,-2.5984314095355274,-1.2077111809654522,3.3608893390635695,901.25
722,-1.1950562919630243,-1.8599975280160659,-1.8165633344677006,-2.598431342272635,-1.2077112117788993,3.227997823124543,902.5
723,-1.195056329281308,-1.8599975574921184,-1.8165633752563375,-2.598431272645579,-1.2077112496673847,3.0851063089620823,903.75
724,-1.1950563796942841,-1.85999758173646,-1.8165634150212857,-2.5984312094568125,-1.2077113005915887,2.9322147994394303,905.0
725,-1.195056438327924,-1.8599976041406336,-1.8165634555657124,-2.5984311474472355,-1.2077113597233817,2.769323296294682,906.25
726,-1.1950565079531257,-1.8599976149656403,-1.8165634881738764,-2.598431105086111,-1.2077114296807865,2.604558588146189,907.5
727,-1.1950565750867708,-1.859997622420036,-1.8165635166776994,-2.5984310701534588,-1.2077114970857212,2.449696832470911,908.75
728,-1.1950566423627345,-1.8599976185228182,-1.8165635340490507,-2.598431057676193,-1.2077115644467555,2.3048350767954737,910.0
729,-1.1950567049622443,-1.8599976139426972,-1.8165635492737162,-2.598431047956632,-1.207711627109749,2.169973321119896,911.25
730,-1.1950567626008268,-1.8599976002977316,-1.8165635540087746,-2.598431057692617,-1.2077116846518594,2.0451115654441647,912.5
731,-1.19505681562322,-1.859997587745577,-1.8165635583646011,-2.598431066648862,-1.2077117375855069,1.930249809768334,913.75
732,-1.1950568611941224,-1.859997571099744,-1.8165635563405194,-2.5984310859559914,-1.2077117829838766,1.8253880540923642,915.0
733,-1.1950569011712973,-1.8599975537585558,-1.816563551868336,-2.5984311083209235,-1.207711822764694,1.7305262984163412,916.25
734,-1.1950569369342174,-1.8599975382454197,-1.81656354786759,-2.5984311283282224,-1.207711858351956,1.6456645427401948,917.5
735,-1.1950569655446848,-1.8599975222395622,-1.8165635411268837,-2.5984311514597573,-1.2077118867628156,1.5708027870640058,918.75
736,-1.1950569880575832,-1.8599975065741972,-1.8165635327991894,-2.5984311757474026,-1.2077119090681874,1.5059410313877661,920.0
737,-1.1950570070995772,-1.8599974933240258,-1.8165635257554082,-2.5984311962905235,-1.2077119279346498,1.4510792757114856,921.25
738,-1.195057022670667,-1.859997482489049,-1.8165635199955397,-2.598431213089121,-1.2077119433622037,1.4062175200351947,922.5
739,-1.1950570347708511,-1.8599974740692644,-1.816563515519586,-2.598431226143193,-1.2077119553508473,1.3713557643588854,923.75
740,-1.1950570434001304,-1.8599974680646723,-1.8165635123275479,-2.5984312354527397,-1.2077119639005809,1.3464940086825998,925.0
741,-1.195057048558505,-1.8599974644752724,-1.8165635104194244,-2.5984312410177615,-1.2077119690114049,1.3316322530063245,926.25
742,-1.1959300775294885,-1.862404690106635,-1.8132681128371106,-2.5993254410991034,-1.2085831254324735,1.3249596520336608,927.5
743,-1.1973204300233296,-1.866238361304595,-1.8080199730741797,-2.6007495111314993,-1.209970496589765,1.3277446098764596,928.75
744,-1.1974808630174691,-1.8666807412690283,-1.8074143769565512,-2.6009138397949036,-1.2101305883144644,1.3386833188484855,930.0
745,-1.1974808566675574,-1.8666807469352942,-1.8074143769738127,-2.6009138429385437,-1.2101305872817334,1.3591254346488262,931.25
746,-1.1974808472113567,-1.8666807553734195,-1.8074143769995181,-2.6009138476200095,-1.2101305857438043,1.3895675504492067,932.5
747,-1.1974808346488672,-1.8666807665834035,-1.807414377033668,-2.600913853839301,-1.2101305837006775,1.4300096662495838,933.75
748,-1.1974808191198054,-1.8666807804731593,-1.807414377348467,-2.6009138606108477,-1.2101305823934665,1.4804517778313027,935.0
749,-1.1974808009967868,-1.8666807967970969,-1.8074143786698706,-2.6009138653061985,-1.2101305851321438,1.5408938760523712,936.25
750,-1.19748077975388,-1.8666808157288122,-1.8074143802400007,-2.600913870440465,-1.2101305878613668,1.6113359740037776,937.5
751,-1.1974807461951968,-1.8666808302298512,-1.8074143843376653,-2.600913850433229,-1.2101305555652542,1.6917780556199795,938.75
752,-1.1974807084553387,-1.866680846526695,-1.8074143889695184,-2.6009138278330917,-1.2101305191731204,1.7822201333464034,940.0
753,-1.1974806665206918,-1.8666808646093964,-1.8074143941714942,-2.6009138024868013,-1.2101304785672915,1.88266220249292,941.25
754,-1.197480616385135,-1.8666808775359063,-1.8074143911924048,-2.600913791581377,-1.210130428637599,1.9931042613550423,942.5
755,-1.1974805611112416,-1.8666808906004901,-1.807414386648938,-2.6009137822179644,-1.210130373394946,2.113546312844618,943.75
756,-1.197480501078056,-1.8666808996370103,-1.8074143766080124,-2.6009137823232837,-1.2101303133394001,2.2439883576434383,945.0
757,-1.1974804362441844,-1.8666809033793275,-1.807414359804262,-2.600913794426057,-1.2101302484211751,2.3844303990931968,946.25
758,-1.1974803691401812,-1.8666809016941368,-1.8074143369170381,-2.6009138179901203,-1.2101301811390384,2.5348724375145784,947.5
759,-1.1974803006279844,-1.8666808924895146,-1.8074143061510233,-2.600913856909176,-1.2101301123222377,2.6953144692995936,948.75
760,-1.1974802372137439,-1.8666808743280114,-1.8074142681418013,-2.600913912080513,-1.21013004846668,2.8614435146113872,950.0
761,-1.1974801809278537,-1.866680852818187,-1.8074142290764126,-2.600913971754122,-1.2101299916999821,3.018750881514125,951.25
762,-1.1974801407659499,-1.8666808239512385,-1.8074141878362102,-2.600914041181479,-1.210129950971635,3.1660582484169586,952.5
763,-1.1974801051199282,-1.8666807957995226,-1.8074141487311826,-2.6009141078280393,-1.2101299147810491,3.3033656153199487,953.75
764,-1.1974800848007425,-1.8666807641801542,-1.807414111044643,-2.600914176744116,-1.2101298938941467,3.430672982223099,955.0
765,-1.1974800683337568,-1.866680734066616,-1.8074140760650426,-2.6009142415092197,-1.2101298768929065,3.547980349126343,956.25
766,-1.1974800592505426,-1.8666807051061274,-1.807414044560404,-2.600914301760085,-1.2101298673109406,3.6552877160297266,957.5
767,-1.197480058299896,-1.8666806771216284,-1.8074140165924735,-2.600914357622771,-1.2101298658957869,3.7525950829331847,958.75
768,-1.1974800574469442,-1.8666806520130224,-1.8074139914987204,-2.6009144077446074,-1.2101298646260648,3.8399024498367504,960.0
769,-1.1974800595967556,-1.8666806296126353,-1.8074139700320617,-2.600914451583441,-1.210129866410543,3.9172098167403875,961.25
770,-1.1974800677831565,-1.8666806097453683,-1.807413952978778,-2.600914488573085,-1.2101298742869153,3.9845171836441615,962.5
771,-1.197480074753286,-1.8666805928298245,-1.8074139384591372,-2.600914520067099,-1.2101298809930776,4.041824550547899,963.75
772,-1.1974800805071446,-1.866680578866006,-1.8074139264731364,-2.6009145460654812,-1.2101298865290309,4.089131917451611,965.0
773,-1.1974800850447322,-1.866680567853909,-1.8074139170207792,-2.6009145665682327,-1.2101298908947746,4.126439284355306,966.25
774,-1.1974800883660484,-1.8666805597935339,-1.8074139101020656,-2.6009145815753536,-1.2101298940903087,4.153746651259013,967.5
775,-1.1974800904710936,-1.8666805546848808,-1.8074139057169956,-2.6009145910868434,-1.2101298961156333,4.171054018162731,968.75
776,-1.1979896786600959,-1.8681031050226096,-1.80545593068098,-2.60145351152746,-1.2106383387321433,4.179596283370523,970.0
777,-1.1994432018884555,-1.8721607302071315,-1.7998710978927523,-2.6029906906852225,-1.2120885949996525,4.1792667346075225,971.25
778,-1.1998716938386762,-1.8733569041693119,-1.7982247137434109,-2.603443843391766,-1.2125161269901457,4.1702167734400915,972.5
779,-1.199871692508272,-1.8733569099241483,-1.7982247165494016,-2.603443840965001,-1.2125161321652393,4.152254941395715,973.75
780,-1.1998716904371844,-1.8733569188829102,-1.7982247209175892,-2.6034438371871684,-1.2125161402214943,4.124293109351336,975.0
781,-1.1998716876254127,-1.8733569310455973,-1.798224726847973,-2.6034438320582676,-1.2125161511589106,4.086331277306966,976.25
782,-1.1998716840729573,-1.8733569464122095,-1.798224734340553,-2.6034438255782995,-1.2125161649774885,4.038369445262621,977.5
783,-1.1998716792646844,-1.873356965465368,-1.798224741918542,-2.6034438232538832,-1.2125161770528385,3.980407619196135,978.75
784,-1.1998716736216222,-1.8733569878106178,-1.7982247507889455,-2.60344382058436,-1.2125161911645577,3.912445793184188,980.0
785,-1.1998716726683143,-1.873357010918268,-1.7982247701859395,-2.6034437861771,-1.2125161947583671,3.834483979926195,981.25
786,-1.1998716733769246,-1.873357036171376,-1.7982247950594807,-2.6034437371937793,-1.212516194723093,3.7465221713131585,982.5
787,-1.199871674138013,-1.8733570642729176,-1.798224822841349,-2.6034436823007923,-1.2125161944401346,3.6485603743553066,983.75
788,-1.1998716840495112,-1.873357093052275,-1.7982248544299229,-2.603443622481027,-1.2125162042236384,3.540598584774533,985.0
789,-1.199871700505806,-1.8733571231383903,-1.7982248895475121,-2.603443557535912,-1.2125162211792608,3.4226368030689143,986.25
790,-1.1998717218198254,-1.8733571542771252,-1.798224927248865,-2.60344348903618,-1.2125162430347356,3.29467502889643,987.5
791,-1.199871757423967,-1.8733571823890338,-1.7982249664544956,-2.6034434223265843,-1.2125162791885407,3.156713259599079,988.75
792,-1.1998717984904257,-1.8733572105360559,-1.7982250074276402,-2.603443353897085,-1.2125163208172935,3.0087514916814793,990.0
793,-1.1998718546751204,-1.8733572320075185,-1.798225046569259,-2.6034432941844736,-1.2125163774846095,2.850789730688942,991.25
794,-1.199871917630869,-1.8733572491170536,-1.7982250835285125,-2.6034432411059854,-1.2125164408656437,2.6865761362383282,992.5
795,-1.199871983730565,-1.8733572580049178,-1.7982251133227605,-2.6034432034392117,-1.21251650726105,2.5308588269798244,993.75
796,-1.199872048404664,-1.8733572594828547,-1.7982251353081624,-2.6034431809499665,-1.2125165721045565,2.3851415177212365,995.0
797,-1.1998721106847459,-1.8733572559001352,-1.798225151509834,-2.6034431692556335,-1.2125166344646048,2.249424208462602,996.25
798,-1.19987216821605,-1.8733572478829938,-1.7982251618024452,-2.6034431678216645,-1.212516691991564,2.123706899203914,997.5
799,-1.1998722209980583,-1.873357235416181,-1.798225166170696,-2.603443176678562,-1.2125167446846605,2.007989589945228,998.75
800,-1.199872269218779,-1.873357224026723,-1.7982251701614473,-2.6034431847700703,-1.2125167928241534,1.9022722806864723,1000.0
801,-1.1998723093305643,-1.873357207229441,-1.7982251662107382,-2.6034432060747323,-1.212516832746699,1.806554971427678,1001.25
802,-1.1998723450240336,-1.8733571917708691,-1.798225162187367,-2.603443226050658,-1.2125168682632752,1.7208376621689094,1002.5
803,-1.199872376553413,-1.8733571781157359,-1.798225158633369,-2.6034432436961423,-1.2125168996363977,1.6451203529101057,1003.75
804,-1.1998724016512365,-1.873357164473706,-1.7982251530519484,-2.603443263259506,-1.2125169245637784,1.5794030436513142,1005.0
805,-1.1998724207597213,-1.8733571511939422,-1.7982251459300487,-2.6034432839122124,-1.2125169434944243,1.5236857343925307,1006.25
806,-1.1998724364386641,-1.8733571402975964,-1.7982251400863691,-2.603443300858224,-1.2125169590274467,1.4779684251338068,1007.5
807,-1.1998724486880654,-1.8733571317846702,-1.7982251355209082,-2.603443314097541,-1.2125169711628454,1.4422511158750797,1008.75
808,-1.199872457507925,-1.8733571256551618,-1.798225132233668,-2.603443323630163,-1.2125169799006204,1.4165338066163333,1010.0
809,-1.1998724628982422,-1.8733571219090706,-1.7982251302246484,-2.6034433294560904,-1.212516985240771,1.4008164973576038,1011.25
810,-1.199717686211784,-1.8729304269462468,-1.7988327616103714,-2.6032613482289175,-1.2123626901611375,1.3947327310625768,1012.5
811,-1.199266671537043,-1.8716870747147525,-1.8006033565013047,-2.6027310609959566,-1.2119130789179025,1.3974790911344677,1013.75
812,-1.199166224161963,-1.8714101760764776,-1.800997679171437,-2.6026129588692215,-1.2118129441313041,1.409550878011503,1015.0
813,-1.1989825684134225,-1.8709039007592603,-1.8017186499792057,-2.602397023565063,-1.2116298599125976,1.431622664888544,1016.25
814,-1.1987157042914218,-1.8701682487631013,-1.8027662689246104,-2.6020832550834823,-1.211363826261783,1.4636944517655914,1017.5
815,-1.1983643512817566,-1.8692030317609718,-1.8041389151071863,-2.601673450140941,-1.2110135553154702,1.5057662751196559,1018.75
816,-1.1979259715589219,-1.8680078768946893,-1.80583337533399,-2.601171169992762,-1.2105764946816502,1.5578381895916058,1020.0
817,-1.1974034044718849,-1.866583201973612,-1.8078532432674217,-2.600572430908269,-1.2100555000042572,1.6199101040635673,1021.25
818,-1.1967945665173114,-1.864928662568096,-1.8101959671893062,-2.5998801078408142,-1.20944847712612,1.6919820825131566,1022.5
819,-1.1960981573215634,-1.863044044021438,-1.8128599538804588,-2.5990959954378066,-1.208754119023249,1.7740541504207172,1023.75
820,-1.1953143775256478,-1.8609293543305239,-1.815845503145082,-2.598219788240324,-1.2079726267215847,1.8661262895582982,1025.0
821,-1.1944413920692627,-1.858584271975603,-1.8191504065835482,-2.597253997719867,-1.207102155309438,1.9681985386502463,1026.25
822,-1.1934771928795704,-1.8560083856075833,-1.8227723790333417,-2.5962013001261948,-1.2061406863934396,2.080270942284984,1027.5
823,-1.1924222539498532,-1.8532017572042185,-1.8267120377161565,-2.5950610209172567,-1.2050886966540122,2.2023434705300042,1028.75
824,-1.1912744844242404,-1.8501639562794232,-1.8309670083665328,-2.593835943616056,-1.203944084470944,2.3344161640871848,1030.0
825,-1.1900300304630134,-1.846894131449391,-1.8355330435433646,-2.592531127664052,-1.2027029765430755,2.476489101597607,1031.25
826,-1.1886889720826854,-1.8433922119363744,-1.8404104284635043,-2.591146359038664,-1.2013654538868643,2.6285622536645077,1032.5
827,-1.1872538355806266,-1.8396696465412523,-1.845580374006668,-2.589688988486051,-1.1999340207909355,2.79011562848734,1033.75
828,-1.185843791220228,-1.8360376828806075,-1.850609372181287,-2.5882821024429155,-1.198527533468578,2.947628481104639,1035.0
829,-1.184513506378835,-1.8326339531148488,-1.8553087692141312,-2.5869771083951743,-1.197200531858908,3.095141552178692,1036.25
830,-1.1832650804618892,-1.8294588985420714,-1.859680929643965,-2.5857712218405946,-1.1959551261226995,3.2326548005506623,1037.5
831,-1.182100664836056,-1.8265130123643456,-1.8637281845705782,-2.5846616405449585,-1.1947934783694167,3.360168188418081,1038.75
832,-1.1810200993847622,-1.8237962029341306,-1.8674504844609414,-2.5836485037524444,-1.1937154280589928,3.4776817226839265,1040.0
833,-1.180025703775271,-1.8213090267301264,-1.8708502876544002,-2.5827288205543266,-1.1927233062753666,3.5851953611947955,1041.25
834,-1.1791212081395537,-1.8190524848382184,-1.8739313067066856,-2.581897916348657,-1.1918208607772434,3.682709047661745,1042.5
835,-1.178303154992019,-1.8170255977006144,-1.8766902176613098,-2.5811600581668164,-1.1910046180969154,3.7702228426947757,1043.75
836,-1.1775783601681387,-1.8152302558071904,-1.8791336651189054,-2.5805067826058528,-1.190281425854926,3.8477366410213807,1045.0
837,-1.1769420188465338,-1.813665086405206,-1.8812570562039137,-2.5799440045189703,-1.1896464571006855,3.9152505210588098,1046.25
838,-1.1763999309319693,-1.8123317462805666,-1.8830659355049997,-2.5794645838226824,-1.1891055384519773,3.972764401096249,1047.5
839,-1.1759515192149737,-1.8112300660075409,-1.8845597616047653,-2.5790692252322267,-1.1886580900724986,4.020278289278044,1048.75
840,-1.175594989346066,-1.8103595187663126,-1.8857368516804738,-2.5787601193408225,-1.1883023094472482,4.057792217405706,1050.0
841,-1.1753334988096684,-1.8097210312652074,-1.8866001676102961,-2.578533411083266,-1.18804136843038,4.085306145533359,1051.25
842,-1.1751670476057805,-1.8093146035042245,-1.8871497093942327,-2.5783891004595567,-1.187875267021894,4.102820073661017,1052.5
843,-1.1750328907248906,-1.808987356250307,-1.8875919933970962,-2.578273098557172,-1.187741391273163,4.11046215353354,1053.75
844,-1.1744228229524203,-1.8075010489087389,-1.8895996867009255,-2.5777473196549288,-1.1871325974779006,4.109079118935652,1055.0
845,-1.1744225785570388,-1.8075009802160171,-1.8895994632585222,-2.577747608880262,-1.1871323523078259,4.098641321420473,1056.25
846,-1.1744221000170674,-1.8075008457117852,-1.889599025745667,-2.577748175199812,-1.1871318722509618,4.078203523905285,1057.5
847,-1.174421387332506,-1.8075006453960425,-1.8895983741623597,-2.577749018613579,-1.1871311573073082,4.0477657263901134,1058.75
848,-1.1744204404142589,-1.8075003793738154,-1.8895975082067247,-2.5777501402519936,-1.1871302066884035,4.007327950920964,1060.0
849,-1.1744192592945701,-1.807500047606876,-1.8895964279883823,-2.577751539704228,-1.1871290206807674,3.956890183133568,1061.25
850,-1.1744178440012174,-1.8074996500624545,-1.8895951336014933,-2.5777532166176393,-1.187127599530363,3.896452415346167,1062.5
851,-1.1744178188572971,-1.807499664038542,-1.8895951301873124,-2.577753206186247,-1.1871275743212522,3.826014666255544,1063.75
852,-1.1744178196374446,-1.8074996886651133,-1.8895951536208386,-2.577753158588321,-1.187127575143314,3.7455769179372145,1065.0
853,-1.1744178205041025,-1.8074997163471462,-1.8895951799902855,-2.5777531049728624,-1.1871275759812097,3.655139175196747,1066.25
854,-1.1744178290992022,-1.8074997452423798,-1.889595209960835,-2.5777530464803124,-1.1871275848064577,3.5547014387309037,1067.5
855,-1.174417845470101,-1.8074997753392994,-1.8895952435369592,-2.5777529831163144,-1.1871276016688934,3.4442637093141304,1068.75
856,-1.1744178633646671,-1.8074998081432696,-1.889595280149928,-2.5777529140340287,-1.187127620102957,3.3238259865862494,1070.0
857,-1.1744178991369012,-1.8074998364986916,-1.8895953180355036,-2.577752848406502,-1.1871276563964774,3.193388273610664,1071.25
858,-1.174417937651628,-1.8074998670280045,-1.889595358825507,-2.5777527777478926,-1.1871276954725691,3.0529505641097994,1072.5
859,-1.174417993025746,-1.8074998898328052,-1.8895953974786495,-2.5777527171801293,-1.1871277513218916,2.9025128552068526,1073.75
860,-1.1744180544699283,-1.8074999121173405,-1.8895954375057822,-2.5777526558476254,-1.187127813245909,2.742075154135754,1075.0
861,-1.1744181280337935,-1.8074999219240961,-1.8895954694320938,-2.577752615238468,-1.1871278871198017,2.579023376410458,1076.25
862,-1.1744181986967135,-1.807499927426393,-1.8895954963853465,-2.577752583851284,-1.1871279580191252,2.425773953910718,1077.5
863,-1.1744182685689177,-1.8074999232425037,-1.8895955139127694,-2.5777525715365917,-1.1871280279742535,2.2825245314108846,1078.75
864,-1.1744183334686762,-1.8074999165258356,-1.8895955275094813,-2.577752565604063,-1.187128092906675,2.149275108911038,1080.0
865,-1.1744183932258205,-1.8074999022051248,-1.8895955323155464,-2.5777525759678372,-1.1871281525663844,2.0260256864111175,1081.25
866,-1.1744184481344948,-1.8074998890463492,-1.8895955367316577,-2.5777525854907353,-1.1871282073855296,1.9127762639111552,1082.5
867,-1.1744184945393363,-1.8074998703299183,-1.8895955332631567,-2.5777526083133053,-1.18712825359567,1.809526841411212,1083.75
868,-1.174418535816086,-1.807499852261397,-1.889595528831396,-2.577752631376693,-1.187128294676974,1.7162774189111936,1085.0
869,-1.1744185726663479,-1.8074998361305337,-1.8895955248748901,-2.577752651966781,-1.1871283313527499,1.6330279964111964,1086.25
870,-1.1744186011269393,-1.8074998187958546,-1.8895955171963672,-2.57775267735428,-1.18712835960216,1.5597785739111685,1087.5
871,-1.1744186241870131,-1.807499802626753,-1.8895955089615413,-2.577752702055397,-1.1871283824578427,1.4965291514111487,1088.75
872,-1.1744186436011925,-1.8074997890140563,-1.8895955020286743,-2.577752722851164,-1.1871284016999457,1.4432797289111676,1090.0
873,-1.1744186593694776,-1.8074997779577635,-1.8895954963977668,-2.57775273974158,-1.1871284173284695,1.4000303064112098,1091.25
874,-1.1744186714918676,-1.8074997694578734,-1.8895954920688203,-2.5777527527266453,-1.187128429343414,1.3667808839112545,1092.5
875,-1.174418679968363,-1.8074997635143855,-1.8895954890418354,-2.57775276180636,-1.1871284377447784,1.343531461411302,1093.75
876,-1.174427259282348,-1.8075211667987647,-1.8895674521937194,-2.577759457781943,-1.1871370049590793,1.3302560253480458,1095.0
877,-1.1756947610705126,-1.8106855533302533,-1.885423231050872,-2.578748509070295,-1.188402724466522,1.3249478628562001,1096.25
878,-1.1770836268086289,-1.8141529431993866,-1.880882187717894,-2.579832263664065,-1.1897896386095377,1.3294463236969292,1097.5
879,-1.1771245327146838,-1.8142550808214828,-1.8807484286408547,-2.5798641879811886,-1.1898304906484474,1.3419132021595783,1098.75
880,-1.1771245255262912,-1.814255087291982,-1.8807484287868694,-2.579864191015651,-1.189830490014876,1.3642575797561296,1100.0
881,-1.1771245151208063,-1.8142550966582873,-1.8807484289982312,-2.579864195408156,-1.189830489097756,1.3966019573526705,1101.25
882,-1.1771245014982292,-1.8142551089203993,-1.880748429274941,-2.5798642011587036,-1.1898304878970878,1.4389463349491873,1102.5
883,-1.1771244849220457,-1.8142551238951619,-1.8807484301581945,-2.5798642062527932,-1.1898304886585525,1.4912907109594356,1103.75
884,-1.177124465562354,-1.8142551414643353,-1.8807484319973713,-2.579864209389926,-1.1898304928318901,1.5536350848808778,1105.0
885,-1.1771244411256236,-1.8142551604481112,-1.880748434473192,-2.579864208208248,-1.1898304901084447,1.6259794554588416,1106.25
886,-1.1771244050493705,-1.8142551761753574,-1.880748438722721,-2.579864186658951,-1.1898304553061136,1.708323813042572,1107.5
887,-1.1771243645743326,-1.814255193802234,-1.8807484435265778,-2.579864162324043,-1.189830416131081,1.8006681646143243,1108.75
888,-1.1771243193986969,-1.8142552128069593,-1.880748448263026,-2.5798641364258867,-1.1898303721748982,1.9030125094126187,1110.0
889,-1.1771242652606329,-1.814255225755621,-1.8807484439090398,-2.579864127009224,-1.189830318069632,2.015356843295181,1111.25
890,-1.177124206302491,-1.8142552398580687,-1.8807484391638212,-2.5798641167684866,-1.1898302591385284,2.137701169515511,1112.5
891,-1.177124142275518,-1.8142552474802875,-1.8807484266803165,-2.5798641206840176,-1.1898301950681345,2.270045489842779,1113.75
892,-1.1771240732769264,-1.8142552515861319,-1.880748409313266,-2.5798641329319967,-1.189830125985463,2.412389808011791,1115.0
893,-1.1771240029736993,-1.8142552473316567,-1.880748383592948,-2.5798641618484353,-1.1898300554647894,2.5647341218249906,1116.25
894,-1.1771239301847864,-1.814255237600136,-1.880748351897414,-2.579864202163199,-1.1898299823674134,2.727078429141125,1117.5
895,-1.1771238662519143,-1.8142552160041217,-1.8807483116473132,-2.5798642629952,-1.1898299179579723,2.8922605996556827,1118.75
896,-1.1771238088098186,-1.8142551929819672,-1.8807482720417326,-2.579864324701479,-1.1898298600306687,3.047679025562635,1120.0
897,-1.1771237691768128,-1.814255161550184,-1.8807482299276805,-2.579864397567329,-1.1898298198179893,3.193097451469643,1121.25
898,-1.1771237328190012,-1.8142551320394313,-1.880748190650458,-2.579864465729588,-1.1898297829177518,3.3285158773767036,1122.5
899,-1.1771237143400042,-1.8142550980623338,-1.880748152636861,-2.5798645373482847,-1.1898297638641193,3.453934303283798,1123.75
900,-1.177123697334395,-1.8142550667943427,-1.8807481176541994,-2.579864603256599,-1.189829746329692,3.569352729190926,1125.0
901,-1.1771236907227403,-1.814255036100952,-1.8807480864223378,-2.5798646649960335,-1.1898297392204478,3.674771155098122,1126.25
902,-1.1771236897498163,-1.8142550071199848,-1.8807480585575458,-2.5798647217448707,-1.1898297377889397,3.7701895810052988,1127.5
903,-1.1771236888788568,-1.8142549811762732,-1.8807480336130222,-2.5798647725463413,-1.189829736507456,3.855608006912526,1128.75
904,-1.1771236930355138,-1.814254957976736,-1.8807480128285126,-2.579864816526347,-1.1898297403075424,3.9310264328197384,1130.0
905,-1.1771237013941593,-1.8142549375704977,-1.8807479959962141,-2.5798648538314026,-1.1898297483625835,3.996444858726961,1131.25
906,-1.1771237084750845,-1.8142549202836018,-1.8807479817369357,-2.579864885433928,-1.189829755186314,4.051863284634156,1132.5
907,-1.1771237142782898,-1.814254906116049,-1.8807479700506762,-2.5798649113339227,-1.1898297607787336,4.097281710541289,1133.75
908,-1.1771237188037742,-1.8142548950678365,-1.8807479609374385,-2.579864931531387,-1.1898297651398426,4.13270013644846,1135.0
909,-1.1771237220515385,-1.8142548871389648,-1.8807479543972225,-2.5798649460263214,-1.1898297682696408,4.1581185623556305,1136.25
910,-1.1771237240215822,-1.8142548823294329,-1.880747950430028,-2.579864954818725,-1.1898297701681282,4.173536988262797,1137.5
911,-1.1780070144674408,-1.8164871669896956,-1.8778068830341101,-2.5805801156241297,-1.190711742507017,4.180564295429225,1138.75
912,-1.1795724803405736,-1.8204434800080724,-1.8725943930216966,-2.5818475974402126,-1.1922748733967419,4.1782059695383245,1140.0
913,-1.1797917042815262,-1.8209975176370716,-1.8718644480795557,-2.5820250912853857,-1.1924937744078583,4.1675020348267635,1141.25
914,-1.1797917027974454,-1.8209975243760714,-1.8718644514258225,-2.5820250878844373,-1.1924937808346328,4.14736706854596,1142.5
915,-1.1797917005762981,-1.8209975344619853,-1.871864456434007,-2.582025082794413,-1.192493790453255,4.117232102265137,1143.75
916,-1.1797916976180844,-1.8209975478948128,-1.8718644631041101,-2.5820250760153125,-1.1924938032637256,4.0770971359843395,1145.0
917,-1.1797916938214799,-1.8209975647741672,-1.8718644711311783,-2.5820250687134854,-1.1924938183925178,4.02696217189512,1146.25
918,-1.1797916888420579,-1.8209975854386589,-1.8718644794785955,-2.582025064853659,-1.192493832870288,3.966827216039624,1147.5
919,-1.1797916830345943,-1.8209976095395028,-1.871864489214126,-2.5820250603519717,-1.1924938497556048,3.8966922601841225,1148.75
920,-1.1797916835852251,-1.8209976338998088,-1.8718645119933235,-2.582025014946714,-1.1924938501275837,3.816557320388471,1150.0
921,-1.1797916843382343,-1.8209976612308783,-1.871864537868862,-2.582024962978797,-1.1924938500924709,3.726422384215951,1151.25
922,-1.1797916851494923,-1.8209976915779278,-1.8718645666749356,-2.5820249049840247,-1.1924938498428688,3.6262874566816072,1152.5
923,-1.1797916989770985,-1.8209977217916395,-1.8718645997347703,-2.5820248421258234,-1.1924938638852,3.516152539039369,1153.75
924,-1.1797917165632128,-1.8209977541360254,-1.8718646360647542,-2.5820247737322,-1.1924938819807953,3.3960176287519372,1155.0
925,-1.17979174286039,-1.8209977860094009,-1.8718646746269356,-2.582024703731758,-1.1924939088193716,3.265882725121908,1156.25
926,-1.1797917808179852,-1.8209978161246596,-1.8718647150967946,-2.5820246337959514,-1.192493947338094,3.125747824959009,1157.5
927,-1.1797918279290587,-1.820997843874447,-1.8718647561370765,-2.582024565785879,-1.1924939949914803,2.975612927693538,1158.75
928,-1.179791887714987,-1.820997866792011,-1.871864796481694,-2.5820245034798335,-1.1924940552684045,2.8154780371811032,1160.0
929,-1.179791957261705,-1.8209978819386727,-1.871864832426026,-2.5820244534684598,-1.1924941252039545,2.6492536197308025,1161.25
930,-1.1797920274986204,-1.8209978913538776,-1.8718648631137422,-2.5820244144392053,-1.1924941957404185,2.491625482568659,1162.5
931,-1.1797920977358236,-1.8209978892937064,-1.871864882849883,-2.582024397804499,-1.1924942660954816,2.3439973454064726,1163.75
932,-1.1797921640348976,-1.8209978853723892,-1.8718648995929752,-2.582024385960023,-1.1924943324745105,2.2063692082442814,1165.0
933,-1.1797922252194897,-1.820997872890354,-1.8718649065857453,-2.582024392326167,-1.1924943935925558,2.0787410710819927,1166.25
934,-1.1797922815444748,-1.820997859432933,-1.871864911146086,-2.582024402024926,-1.1924944498251395,1.9611129339196753,1167.5
935,-1.1797923313048855,-1.8209978438533148,-1.8718649116527224,-2.5820244177957297,-1.1924944994454827,1.853484796757332,1168.75
936,-1.1797923739839726,-1.8209978252012362,-1.8718649070390971,-2.582024441645012,-1.192494541920683,1.7558566595949527,1170.0
937,-1.1797924122914647,-1.820997808459685,-1.8718649028980368,-2.5820244630514257,-1.192494580045172,1.6682285224325697,1171.25
938,-1.1797924446931933,-1.8209977924114504,-1.871864897593859,-2.5820244848415568,-1.1924946122622229,1.5906003852701602,1172.5
939,-1.1797924690436359,-1.8209977753542774,-1.8718648888390628,-2.58202451096837,-1.192494636394764,1.5229722481077468,1173.75
940,-1.1797924897934409,-1.8209977608193049,-1.8718648813788152,-2.5820245332318774,-1.1924946569588881,1.4653441109453695,1175.0
941,-1.179792506942609,-1.820997748806536,-1.8718648752131144,-2.582024551632082,-1.1924946739545959,1.417715973783047,1176.25
942,-1.1797925204911388,-1.8209977393159669,-1.871864870341963,-2.5820245661689802,-1.192494687381886,1.3800878366207268,1177.5
943,-1.1797925304390307,-1.8209977323475979,-1.871864866765362,-2.5820245768425734,-1.1924946972407588,1.3524596994583666,1178.75
944,-1.1797925367862847,-1.820997727901429,-1.8718648644833111,-2.5820245836528612,-1.1924947035312141,1.3348315622960092,1180.0
945,-1.1803240173691953,-1.8223574279784218,-1.8700628184200774,-2.582470740835675,-1.1930253441999095,1.326073665693742,1181.25
946,-1.1819319202578151,-1.8264709973254964,-1.8646110096505109,-2.583820510898905,-1.194630706514913,1.3262007437724794,1182.5
947,-1.1824235295128267,-1.8277287129643753,-1.862944133428382,-2.5842332006448627,-1.1951215414280139,1.335154876187442,1183.75
948,-1.1824235238072374,-1.8277287180905815,-1.8629441335115822,-2.584233203174276,-1.1951215408049154,1.353042698282005,1185.0
949,-1.1824235149119975,-1.8277287260825392,-1.8629441336412946,-2.584233207117731,-1.1951215398334807,1.3809305203765723,1186.25
950,-1.1824235028271077,-1.8277287369402493,-1.862944133817519,-2.5842332124752287,-1.1951215385137097,1.4188183424711007,1187.5
951,-1.1824234875525677,-1.8277287506637112,-1.8629441340402553,-2.584233219246767,-1.1951215368456016,1.4667061645656476,1188.75
952,-1.1824234697202933,-1.827728766821782,-1.8629441355854564,-2.5842332227145004,-1.1951215402714421,1.524593978963407,1190.0
953,-1.1824234488201313,-1.8277287857625286,-1.862944137423031,-2.5842332266872,-1.1951215443976133,1.5924817932216144,1191.25
954,-1.1824234173644101,-1.8277288020634268,-1.8629441409801029,-2.584233212271335,-1.1951215205063432,1.670369594980797,1192.5
955,-1.1824233793339214,-1.827728818615578,-1.8629441454890494,-2.5842331895553823,-1.1951214838298607,1.7582573921078846,1193.75
956,-1.182423336943133,-1.8277288370305285,-1.8629441505868152,-2.584233163923478,-1.1951214427026335,1.8561451777749873,1195.0
957,-1.1824232873065648,-1.8277288522556585,-1.8629441500474733,-2.584233147880682,-1.1951213936017566,1.9640329561690297,1196.25
958,-1.1824232311971565,-1.8277288656368746,-1.8629441455031872,-2.584233138194228,-1.1951213375236958,2.081920726708538,1197.5
959,-1.1824231702485952,-1.8277288777526617,-1.8629441382421958,-2.5842331324297834,-1.1951212765792674,2.209808489774836,1198.75
960,-1.1824231042335756,-1.827728881635384,-1.8629441215128777,-2.584233144305581,-1.1951212104822175,2.3476962480146457,1200.0
961,-1.1824230344478346,-1.8277288833179464,-1.86294410150861,-2.584233161593996,-1.195121140571996,2.495584004897959,1201.25
962,-1.1824229645284892,-1.8277288739227444,-1.862944070854967,-2.584233200573707,-1.195121070352801,2.653471754791723,1202.5
963,-1.1824228956935054,-1.8277288584877454,-1.862944034752927,-2.58423325104081,-1.195121001124133,2.819753006273677,1203.75
964,-1.1824228363731093,-1.8277288357305435,-1.8629439945854172,-2.5842333130169344,-1.1951209413139012,2.9796245327528412,1205.0
965,-1.1824227900340143,-1.827728807906111,-1.8629439535857284,-2.5842333810718796,-1.1951208944322544,3.129496059232044,1206.25
966,-1.1824227523808528,-1.8277287780217384,-1.8629439133035166,-2.5842334505930653,-1.1951208562224456,3.2693675857113433,1207.5
967,-1.1824227267146747,-1.8277287462150185,-1.8629438748929878,-2.584233520338311,-1.195120829994814,3.399239112190683,1208.75
968,-1.1824227092689275,-1.8277287141307168,-1.8629438387627113,-2.584233588202715,-1.195120812000881,3.519110638670049,1210.0
969,-1.1824226958938728,-1.8277286840990161,-1.8629438058589907,-2.5842336508544332,-1.1951207981190684,3.628982165149439,1211.25
970,-1.1824226948866379,-1.8277286541403899,-1.8629437768559154,-2.5842337097171035,-1.1951207966328496,3.72885369162886,1212.5
971,-1.1824226939802562,-1.8277286271814854,-1.862943750756874,-2.5842337626859337,-1.1951207952954441,3.8187252181083204,1213.75
972,-1.1824226936275117,-1.82772860319567,-1.8629437276766085,-2.584233809679493,-1.195120794560186,3.8985967445877923,1215.0
973,-1.182422702444145,-1.827728581676254,-1.8629437097984072,-2.5842338491482675,-1.1951208030532898,3.968468271067249,1216.25
974,-1.182422709998943,-1.8277285632366929,-1.8629436944789306,-2.5842338829682783,-1.1951208103308617,4.028339797546717,1217.5
975,-1.1824227162919063,-1.8277285478769891,-1.8629436817181761,-2.584233911139525,-1.1951208163929028,4.078211324026112,1218.75
976,-1.182422721323035,-1.8277285355971404,-1.862943671516147,-2.5842339336620084,-1.1951208212394122,4.118082850505532,1220.0
977,-1.1824227250923283,-1.8277285263971457,-1.862943663872843,-2.5842339505357277,-1.1951208248703902,4.1479543769849645,1221.25
978,-1.182422727599787,-1.8277285202770055,-1.8629436587882648,-2.5842339617606838,-1.195120827285837,4.167825903464379,1222.5
979,-1.1826586610658572,-1.8283395470408277,-1.8621291073821113,-2.5844391666646396,-1.1953563666239004,4.17832053694284,1223.75
980,-1.184189908614952,-1.8323052544981286,-1.8568425210606905,-2.5857709508356828,-1.1968850566626257,4.180449458878101,1225.0
981,-1.1850173823981622,-1.8344482952326326,-1.8539856917070652,-2.5864906349351737,-1.197711151073639,4.173250769329223,1226.25
982,-1.1850173812450768,-1.834448300404011,-1.8539856942511603,-2.586490632452369,-1.1977111559216151,4.157645061712552,1227.5
983,-1.1850173793531051,-1.834448308889164,-1.8539856984254897,-2.586490628378606,-1.1977111638761322,4.132039354095893,1228.75
984,-1.1850173767222465,-1.8344483206880913,-1.8539857042300534,-2.5864906227138835,-1.1977111749371896,4.096433646479245,1230.0
985,-1.1850173733525011,-1.8344483358007921,-1.8539857116648506,-2.586490615458202,-1.1977111891047878,4.0508279388626205,1231.25
986,-1.1850173688546495,-1.834448354603119,-1.8539857195775578,-2.586490610992298,-1.1977112029891257,3.9952222326211366,1232.5
987,-1.185017363410873,-1.8344483769191473,-1.8539857285075412,-2.586490607265687,-1.1977112181768617,3.9296165268178216,1233.75
988,-1.185017360903531,-1.834448400961001,-1.8539857449523207,-2.5864905817826838,-1.1977112261436922,3.854010829750572,1235.0
989,-1.185017361618661,-1.8344484266014123,-1.853985769379255,-2.5864905329340653,-1.1977112261653806,3.768405140393143,1236.25
990,-1.1850173623900893,-1.8344484552184572,-1.8539857967274371,-2.586490478085114,-1.19771122596043,3.6727994610618877,1237.5
991,-1.185017369034824,-1.8344484854110112,-1.8539858275694812,-2.5864904178549586,-1.1977112321108467,3.5671937884255183,1238.75
992,-1.1850173857514572,-1.8344485161604749,-1.853985862339335,-2.5864903526052694,-1.1977112493121478,3.4515881241270088,1240.0
993,-1.1850174039157173,-1.8344485495687555,-1.8539859001198846,-2.5864902817001334,-1.197711268015418,3.325982468172213,1241.25
994,-1.1850174399599658,-1.8344485784755296,-1.8539859390959654,-2.586490214432722,-1.1977113046022396,3.190376818252129,1242.5
995,-1.1850174789176804,-1.8344486094027501,-1.853985980917908,-2.586490142349843,-1.1977113441422513,3.0447711685079444,1243.75
996,-1.1850175356617914,-1.8344486318800515,-1.8539860201407603,-2.586490081559161,-1.1977114013688168,2.889165525506372,1245.0
997,-1.1850175986923652,-1.8344486528970614,-1.8539860599120475,-2.5864900217701354,-1.1977114648718958,2.7238577275527307,1246.25
998,-1.1850176700611084,-1.8344486625078356,-1.8539860913096646,-2.5864899818535596,-1.1977115365486408,2.561703695107311,1247.5
999,-1.1850177390879735,-1.8344486665001725,-1.8539861165800995,-2.5864899536320074,-1.197711605788556,2.409549662661863,1248.75
1000,-1.185017806728026,-1.8344486625433452,-1.8539861337798027,-2.58648994138752,-1.1977116735114812,2.2673956302163463,1250.0
1001,-1.1850178694773428,-1.8344486549273429,-1.8539861459439797,-2.5864899377545583,-1.197711736274556,2.13524159777079,1251.25
1002,-1.1850179272521346,-1.8344486411625378,-1.8539861506537898,-2.5864899476334093,-1.1977117939539779,2.013087565325214,1252.5
1003,-1.185017980297262,-1.8344486285245782,-1.853986154978029,-2.586489956703541,-1.1977118469115426,1.9009335328795671,1253.75
1004,-1.1850180246079263,-1.8344486096482846,-1.85398615059437,-2.5864899805721864,-1.1977118910159568,1.7987795004339118,1255.0
1005,-1.1850180643994905,-1.8344485922860823,-1.8539861462627212,-2.586490002811508,-1.197711930615729,1.7066254679882435,1256.25
1006,-1.1850180998731148,-1.834448576807924,-1.8539861424011137,-2.5864900226375522,-1.1977119659183733,1.624471435542534,1257.5
1007,-1.1850181266019262,-1.834448559699434,-1.853986134257242,-2.586490048241153,-1.197711992431222,1.5523174030968572,1258.75
1008,-1.185018148706376,-1.834448544231726,-1.8539861262544675,-2.5864900719984325,-1.1977120143359672,1.490163370651139,1260.0
1009,-1.1850181672544278,-1.8344485312526289,-1.853986119539262,-2.58649009193339,-1.1977120327164452,1.4380093382055008,1261.25
1010,-1.1850181822460815,-1.834448520762141,-1.853986114111627,-2.5864901080460245,-1.1977120475726557,1.3958553057598593,1262.5
1011,-1.1850181936813367,-1.8344485127602619,-1.8539861099715638,-2.586490120336336,-1.1977120589045984,1.3637012733142062,1263.75
1012,-1.1850182015601936,-1.834448507246991,-1.8539861071190726,-2.5864901288043236,-1.197712066712273,1.3415472408685845,1265.0
1013,-1.1850649022021658,-1.8345709324996806,-1.853821957399413,-2.5865321836281576,-1.197758685018672,1.3292449023834498,1266.25
1014,-1.186393543538639,-1.838054360359349,-1.8491514819359816,-2.5877286292238466,-1.1990849847922955,1.324850224404219,1267.5
1015,-1.1875711749714037,-1.8411418815050975,-1.845011830171312,-2.588789092018825,-1.2002605422874544,1.330238693040169,1268.75
1016,-1.187577355005134,-1.8411580991316283,-1.8449900911736594,-2.5887946628944345,-1.2002667150848736,1.3435469358186727,1270.0
1017,-1.187577347640748,-1.8411581057361748,-1.84499009124178,-2.588794666302582,-1.2002667141294125,1.366834168882894,1271.25
1018,-1.1875773371139486,-1.841158115176845,-1.844990091339153,-2.5887946711742558,-1.200266712763657,1.4001214019471195,1272.5
1019,-1.1875773234247358,-1.8411581274536384,-1.8449900914657782,-2.588794677509456,-1.200266710987608,1.4434086350113349,1273.75
1020,-1.1875773068932571,-1.8411581423517824,-1.844990092257978,-2.588794682971293,-1.2002667115872252,1.4966958606591088,1275.0
1021,-1.1875772875760817,-1.8411581598333278,-1.8449900938281887,-2.5887946871468444,-1.2002667150547812,1.5599830795465275,1276.25
1022,-1.18757726241508,-1.8411581780100366,-1.8449900962432126,-2.5887946846498338,-1.2002667084095022,1.6332702934739183,1277.5
1023,-1.187577226818008,-1.8411581934814039,-1.8449901004846687,-2.5887946634180716,-1.2002666741137544,1.716557495820553,1278.75
1024,-1.1875771869273493,-1.8411582107975257,-1.8449901052825093,-2.58879463943273,-1.200266635534527,1.8098446908663357,1280.0
1025,-1.1875771420211145,-1.8411582286992243,-1.8449901090870378,-2.5887946157731534,-1.2002665917575635,1.9131318790661787,1281.25
1026,-1.1875770887599248,-1.8411582413660064,-1.844990104745256,-2.588794606634504,-1.200266538530904,2.0264190574480625,1282.5
1027,-1.1875770307960258,-1.841158255152199,-1.8449901000162292,-2.5887945967043255,-1.2002664805946104,2.149706227198926,1283.75
1028,-1.187576967849928,-1.8411582615116648,-1.8449900865578823,-2.5887946028714794,-1.2002664175947668,2.282993391305112,1285.0
1029,-1.1875769000863585,-1.8411582654562164,-1.8449900692652919,-2.588794615221778,-1.200266349745961,2.426280553873026,1286.25
1030,-1.18757683157904,-1.8411582599523093,-1.8449900426274806,-2.5887946463263094,-1.2002662810010678,2.579567711520232,1287.5
1031,-1.1875767601496,-1.8411582503147346,-1.8449900110927195,-2.588794686405439,-1.200266209261668,2.7428548628194496,1288.75
1032,-1.1875766991722445,-1.8411582279790513,-1.8449899705626465,-2.5887947482988913,-1.2002661477926786,2.907288690916446,1290.0
1033,-1.1875766449019767,-1.8411582045894694,-1.8449899311039903,-2.5887948102720615,-1.200266093028378,3.0617574224009507,1291.25
1034,-1.1875766064838313,-1.8411581740847414,-1.8449898897168204,-2.588794881505928,-1.200266054036176,3.2062261538855057,1292.5
1035,-1.1875765727616925,-1.841158144803561,-1.8449898509719258,-2.588794948947477,-1.2002660197698551,3.3406948853701004,1293.75
1036,-1.1875765548660824,-1.8411581118932587,-1.8449898136533742,-2.5887950188180935,-1.2002660013060478,3.4651636168547366,1295.0
1037,-1.1875765384082317,-1.8411580816270265,-1.8449897793330428,-2.5887950830752033,-1.2002659843256498,3.5796323483393957,1296.25
1038,-1.1875765333535044,-1.8411580516338222,-1.8449897488261775,-2.588795143416847,-1.2002659787775238,3.6841010798241087,1297.5
1039,-1.187576532410997,-1.8411580236483531,-1.844989721536328,-2.588795198600697,-1.2002659773828392,3.7785698113088317,1298.75
1040,-1.1875765315682594,-1.8411579986252942,-1.8449896971352446,-2.5887952479430534,-1.2002659761357892,3.863038542793572,1300.0
1041,-1.1875765365173336,-1.8411579762333399,-1.8449896770754215,-2.5887952904068063,-1.2002659807354457,3.937507274278318,1301.25
1042,-1.1875765445520963,-1.8411579566299983,-1.844989660666313,-2.588795326485021,-1.2002659884723434,4.001976005763068,1302.5
1043,-1.1875765513405554,-1.8411579400674096,-1.8449896468024851,-2.5887953569670015,-1.2002659950091403,4.056444737247805,1303.75
1044,-1.1875765568827106,-1.8411579265455746,-1.8449896354839366,-2.588795381852747,-1.2002660003458363,4.100913468732465,1305.0
1045,-1.1875765611785616,-1.8411579160644904,-1.844989626710671,-2.5887954011422574,-1.2002660044824318,4.135382200217178,1306.25
1046,-1.187576564228109,-1.841157908624158,-1.8449896204826874,-2.5887954148355337,-1.200266007418926,4.159850931701889,1307.5
1047,-1.1875765660313526,-1.8411579042245767,-1.8449896167999866,-2.588795422932575,-1.20026600915532,4.174319663186582,1308.75
1048,-1.1885510233681742,-1.8437442785058902,-1.841502130776982,-2.5897033809831838,-1.2012386573879508,4.180651835521699,1310.0
1049,-1.1899729956049752,-1.8475184404282003,-1.8364130312788165,-2.59102831014471,-1.2026579910080588,4.177419258375918,1311.25
1050,-1.1901008305628396,-1.8478577424553078,-1.835955521314119,-2.5911474200547677,-1.2027855929002944,4.166096158133136,1312.5
1051,-1.1901008290127,-1.8478577493236699,-1.8359555246650945,-2.5911474169143403,-1.2027855992293772,4.145160824971437,1313.75
1052,-1.190100826722119,-1.8478577594727832,-1.8359555296167014,-2.591147412273851,-1.2027856085816184,4.114225491809719,1315.0
1053,-1.190100823691096,-1.8478577729026475,-1.8359555361689397,-2.591147406133301,-1.2027856209570178,4.073290158648026,1316.25
1054,-1.190100819777847,-1.847857789748029,-1.8359555439082096,-2.5911474000554215,-1.2027856351081772,4.02235482675461,1317.5
1055,-1.1901008147134946,-1.8478578102644962,-1.8359555520501656,-2.5911473970037564,-1.2027856486695454,3.9614194980089152,1318.75
1056,-1.1901008092483354,-1.8478578339551532,-1.8359555622362815,-2.591147391022172,-1.2027856634085994,3.8904841703313253,1320.0
1057,-1.1901008099164745,-1.8478578578933038,-1.8359555852175728,-2.591147345224256,-1.2027856634136274,3.8095488581165533,1321.25
1058,-1.1901008106560482,-1.847857884781139,-1.835955611067452,-2.5911472936424658,-1.2027856633247676,3.7186135503141715,1322.5
1059,-1.1901008114560718,-1.8478579146107519,-1.8359556398146928,-2.5911472361530112,-1.2027856630486442,3.617678250337229,1323.75
1060,-1.1901008262133608,-1.8478579440229264,-1.8359556728927382,-2.591147173986496,-1.2027856781497575,3.5067429612082206,1325.0
1061,-1.1901008434913012,-1.847857975796629,-1.8359557090818033,-2.591147106295293,-1.2027856959425738,3.3858076793066814,1326.25
1062,-1.1901008705931908,-1.8478580065450534,-1.8359557473319177,-2.59114703774588,-1.2027857235858268,3.2548724038552668,1327.5
1063,-1.1901009078454599,-1.847858036126336,-1.83595578760556,-2.5911469685274193,-1.2027857614007202,3.1139371313868076,1328.75
1064,-1.190100955279578,-1.8478580625372385,-1.835955827987552,-2.591146902515329,-1.2027858093671213,2.9630018622699335,1330.0
1065,-1.1901010139105828,-1.8478580850682245,-1.8359558681078219,-2.5911468408021765,-1.2027858684903976,2.8020665997744065,1331.25
1066,-1.1901010825941676,-1.8478580988231976,-1.835955902868539,-2.591146793350597,-1.2027859375462346,2.6361115708845566,1332.5
1067,-1.1901011507791432,-1.8478581080387073,-1.835955933078035,-2.5911467549697367,-1.2027860060289595,2.479290461408998,1333.75
1068,-1.1901012193659897,-1.847858105080729,-1.835955951625393,-2.591146740397072,-1.2027860747175838,2.332469351933354,1335.0
1069,-1.1901012836788132,-1.8478581013548054,-1.8359559680948612,-2.591146728604268,-1.202786139110444,2.1956482424576813,1336.25
1070,-1.1901013429725573,-1.8478580884524374,-1.835955974111911,-2.5911467363401277,-1.2027861983248886,2.0688271329819674,1337.5
1071,-1.1901013975543453,-1.8478580754826703,-1.8359559785927013,-2.591146745609053,-1.202786252816009,1.9520060235062109,1338.75
1072,-1.190101445397123,-1.847858059822828,-1.8359559783648947,-2.5911467621685658,-1.2027863005099184,1.8451849140304142,1340.0
1073,-1.1901014866960042,-1.8478580418316801,-1.8359559738368014,-2.591146785255488,-1.2027863416079578,1.7483638045545793,1341.25
1074,-1.1901015237294037,-1.847858025698721,-1.8359559697763776,-2.5911468059579184,-1.2027863784612598,1.661542695078764,1342.5
1075,-1.190101554565906,-1.8478580098902364,-1.8359559640955885,-2.591146827864537,-1.202786409109394,1.58472158560292,1343.75
1076,-1.1901015780411428,-1.8478579934816173,-1.8359559555356406,-2.5911468531388078,-1.202786432370502,1.517900476127068,1345.0
1077,-1.1901015980032332,-1.8478579795286025,-1.835955948256717,-2.5911468746307005,-1.2027864521505083,1.4610793666512405,1346.25
1078,-1.190101614452177,-1.8478579680311942,-1.8359559422588143,-2.5911468923402157,-1.2027864684494132,1.4142582571754652,1347.5
1079,-1.190101627387974,-1.8478579589893893,-1.8359559375419372,-2.591146906267353,-1.2027864812672164,1.3774371476997067,1348.75
1080,-1.190101636810624,-1.8478579524031882,-1.8359559341060854,-2.5911469164121117,-1.2027864906039178,1.3506160382239085,1350.0
1081,-1.190101642720127,-1.8478579482725908,-1.8359559319512586,-2.5911469227744917,-1.2027864964595172,1.3337949287481132,1351.25
1082,-1.1907089896070717,-1.849489879071176,-1.8337430533208348,-2.5917321092043166,-1.2033926573225795,1.325636354721959,1352.5
1083,-1.1922187448794637,-1.8535465909507802,-1.8282422101776545,-2.5931867775708,-1.2048994648606461,1.326496482527695,1353.75
1084,-1.1925918150457087,-1.8545490407782832,-1.8268829061413645,-2.5935462395044904,-1.2052718090326229,1.3359770580844,1355.0
1085,-1.192591809230064,-1.8545490459847316,-1.8268829061661165,-2.593546242300514,-1.2052718081615847,1.354525394405885,1356.25
1086,-1.1925918002790197,-1.8545490539981424,-1.826882906204213,-2.593546246603962,-1.2052718068209414,1.3830737307273886,1357.5
1087,-1.1925917881925758,-1.854549064818516,-1.8268829062556542,-2.593546252414836,-1.2052718050106939,1.4216220670488537,1358.75
1088,-1.1925917729991486,-1.8545490784270784,-1.8268829063760985,-2.593546259530137,-1.2052718029806808,1.4701704025098687,1360.0
1089,-1.1925917552807408,-1.8545490944393266,-1.8268829077055253,-2.5935462637921356,-1.2052718058479979,1.5287187216414808,1361.25
1090,-1.1925917345360446,-1.8545491131864515,-1.8268829092620162,-2.5935462687820805,-1.2052718092050503,1.5972670407730971,1362.5
1091,-1.1925917029374709,-1.854549128761325,-1.8268829128720316,-2.593546253263705,-1.205271783238275,1.6758153461948795,1363.75
1092,-1.1925916655462747,-1.8545491449836766,-1.8268829173631667,-2.593546230937717,-1.2052717472071852,1.7643636472255035,1365.0
1093,-1.192591623903724,-1.854549163018182,-1.8268829224340672,-2.59354620577823,-1.205271706861792,1.8629119374004848,1366.25
1094,-1.192591574872076,-1.8545491773849765,-1.82688292125636,-2.59354619136278,-1.2052716582887142,1.9714602195152586,1367.5
1095,-1.1925915198100987,-1.8545491904470284,-1.8268829167343696,-2.5935461819844594,-1.205271603258971,2.090008493885267,1368.75
1096,-1.1925914600012688,-1.854549201532748,-1.826882908798142,-2.5935461779382907,-1.2052715434481238,2.218556760946424,1370.0
1097,-1.1925913952695153,-1.854549205266972,-1.8268828921608158,-2.5935461898864998,-1.2052714786333785,2.3571050235297473,1371.25
1098,-1.1925913272143558,-1.8545492059820663,-1.8268828715483616,-2.593546208770722,-1.2052714104396012,2.505653284375197,1372.5
1099,-1.1925912586942662,-1.854549196707598,-1.8268828410809292,-2.593546247462805,-1.2052713416186527,2.6642015383476063,1373.75
1100,-1.192591192245961,-1.8545491806967234,-1.8268828047139896,-2.5935462988033615,-1.205271274764462,2.830567051787008,1375.0
1101,-1.1925911345950773,-1.8545491585348808,-1.826882765122266,-2.5935463596344097,-1.2052712166269013,2.9897713482699335,1376.25
1102,-1.1925910905649486,-1.8545491307797475,-1.8268827243579253,-2.5935464274197813,-1.2052711720490195,3.13897564475294,1377.5
1103,-1.192591053991941,-1.854549101737017,-1.8268826846766228,-2.5935464955177068,-1.2052711349236718,3.278179941235992,1378.75
1104,-1.1925910301126776,-1.8545490703988592,-1.8268826467381802,-2.593546564351747,-1.2052711104825713,3.407384237719083,1380.0
1105,-1.1925910131791928,-1.8545490392672748,-1.826882611175105,-2.59354663070827,-1.2052710930058317,3.5265885342022045,1381.25
1106,-1.1925910011329781,-1.8545490099245798,-1.8268825788810197,-2.593546692084872,-1.2052710804561588,3.635792830685408,1382.5
1107,-1.1925910001537157,-1.8545489809041995,-1.8268825503650705,-2.5935467495273876,-1.205271079002937,3.734997127168591,1383.75
1108,-1.1925909992731651,-1.8545489548091387,-1.8268825247235834,-2.5935468011795786,-1.2052710776962035,3.8242014236518194,1385.0
1109,-1.1925909995870496,-1.85454893157619,-1.8268825022381738,-2.5935468468392484,-1.2052710776330555,3.9034057201350447,1386.25
1110,-1.192591008106907,-1.854548910800916,-1.8268824847108744,-2.5935468852125414,-1.2052710858338243,3.972610016618277,1387.5
1111,-1.1925910153956476,-1.8545488930276628,-1.8268824697162647,-2.593546918040905,-1.2052710928495847,4.031814313101506,1388.75
1112,-1.1925910214532713,-1.8545488782564332,-1.8268824572543416,-2.59354694532434,-1.2052710986803366,4.081018609584671,1390.0
1113,-1.192591026279778,-1.854548866487224,-1.826882447325108,-2.5935469670628453,-1.2052711033260795,4.120222906067853,1391.25
1114,-1.1925910298751683,-1.8545488577200349,-1.8268824399285646,-2.5935469832564215,-1.205271106786814,4.149427202551032,1392.5
1115,-1.1925910322394415,-1.8545488519548663,-1.8268824350647113,-2.593546993905068,-1.2052711090625396,4.168631499034209,1393.75
1116,-1.1928806845605955,-1.85533677801468,-1.8258080846224902,-2.5938354263501844,-1.205560167207037,4.178618255592027,1395.0
1117,-1.1943510531425034,-1.8593365759230738,-1.8203543254014016,-2.5952995814310578,-1.2070275199869762,4.180152101698895,1396.25
1118,-1.1950476903849974,-1.8612316210541435,-1.817770419972299,-2.595993273879517,-1.2077227310997476,4.172516508342305,1397.5
1119,-1.1950476891886281,-1.8612316262927862,-1.817770422509276,-2.5959932715964364,-1.2077227358445546,4.156387185504111,1398.75
1120,-1.195047687250523,-1.8612316347793285,-1.8177704266191492,-2.5959932678978714,-1.2077227435310887,4.130257862665898,1400.0
1121,-1.1950476845706826,-1.8612316465137708,-1.8177704323019201,-2.5959932627838223,-1.2077227541593496,4.0941285398276674,1401.25
1122,-1.1950476811491062,-1.861231661496113,-1.8177704395575878,-2.5959932562542885,-1.2077227677293383,4.047999216989489,1402.5
1123,-1.1950476765696778,-1.861231680116393,-1.8177704471884326,-2.5959932528064327,-1.2077227805430506,3.991869899873489,1403.75
1124,-1.1950476710673086,-1.861231702154422,-1.817770455870606,-2.595993249901463,-1.2077227946881284,3.925740584123562,1405.0
1125,-1.195047668892531,-1.8612317256487136,-1.8177704727563255,-2.5959932230075697,-1.2077228012290104,3.8496112780658143,1406.25
1126,-1.1950476695954302,-1.8612317508022123,-1.8177704971002893,-2.5959931746719183,-1.2077228012195365,3.7634819788991494,1407.5
1127,-1.1950476703530184,-1.8612317788556705,-1.817770524344803,-2.595993120407962,-1.2077228009777563,3.6673526906032645,1408.75
1128,-1.1950476776265826,-1.8612318082636257,-1.8177705551238548,-2.595993060931291,-1.2077228078363482,3.5612234090112107,1410.0
1129,-1.1950476940196086,-1.8612318383986035,-1.8177705897066554,-2.5959929964741937,-1.20772282471782,3.4450941356620035,1411.25
1130,-1.1950477124224606,-1.8612318708684077,-1.8177706272033733,-2.5959929267939827,-1.2077228436613516,3.318964870447154,1412.5
1131,-1.1950477479738904,-1.8612318990974703,-1.8177706659168658,-2.5959928604583222,-1.2077228797553181,3.182835611202022,1413.75
1132,-1.1950477862981508,-1.8612319292877568,-1.8177707074148124,-2.5959927894243715,-1.2077229186607674,3.036706352067765,1415.0
1133,-1.1950478424965876,-1.8612319508961495,-1.8177707461498416,-2.595992729980623,-1.2077229753362824,2.88057710008816,1416.25
1134,-1.195047904742668,-1.8612319707887934,-1.8177707851094789,-2.5959926721138498,-1.2077230380446877,2.7149553144280887,1417.5
1135,-1.1950479741728055,-1.8612319801981778,-1.8177708160942756,-2.59599263278416,-1.2077231077815873,2.553331447675597,1418.75
1136,-1.1950480415859936,-1.8612319834703839,-1.8177708404563435,-2.5959926061675613,-1.2077231753967745,2.4017075809230066,1420.0
1137,-1.195048107357086,-1.8612319796916452,-1.8177708574216376,-2.595992593955002,-1.2077232412509917,2.260083714170385,1421.25
1138,-1.19504816833574,-1.8612319717881514,-1.8177708688566216,-2.5959925913146136,-1.2077233022347875,2.1284598474176653,1422.5
1139,-1.1950482244787175,-1.8612319584801582,-1.8177708734988016,-2.5959926007845198,-1.2077233582839089,2.00683598066493,1423.75
1140,-1.1950482759764043,-1.8612319462127342,-1.817770877697793,-2.5959926095903496,-1.2077234096945157,1.895212113912169,1425.0
1141,-1.1950483188026324,-1.861231927585845,-1.8177708729675341,-2.595992633537896,-1.2077234523106037,1.7935882471593745,1426.25
1142,-1.1950483574146715,-1.8612319107918833,-1.8177708687027394,-2.5959926551289554,-1.207723490733181,1.7019643804065558,1427.5
1143,-1.1950483918125214,-1.8612318958308478,-1.8177708649034097,-2.595992674363526,-1.2077235249622478,1.6203405136537246,1428.75
1144,-1.195048417415642,-1.8612318790656,-1.817770856581661,-2.5959926997882317,-1.207723550347718,1.548716646900883,1430.0
1145,-1.19504843880439,-1.8612318641331318,-1.8177708487251818,-2.595992722856788,-1.207723571539491,1.487092780148072,1431.25
1146,-1.195048456722284,-1.8612318516238282,-1.8177708421436087,-2.5959927421819007,-1.2077235892923743,1.4354689133952827,1432.5
1147,-1.1950484711693234,-1.8612318415376885,-1.817770836836943,-2.595992757763568,-1.2077236036063674,1.3938450466425198,1433.75
1148,-1.1950484821455083,-1.8612318338747111,-1.817770832805187,-2.59599276960179,-1.2077236144814698,1.3622211798897315,1435.0
1149,-1.1950484896508384,-1.8612318286348968,-1.81777083004834,-2.5959927776965666,-1.2077236219176812,1.3405973131369604,1436.25
1150,-1.195120078367189,-1.8614289707322706,-1.8175005475570256,-2.596066411156236,-1.2077950565553461,1.3287350618257798,1437.5
1151,-1.1964222319312552,-1.8650151148322032,-1.8125840290734798,-2.5974057536631867,-1.2090944080580301,1.3247761025965143,1438.75
1152,-1.197471550437886,-1.8679049589746408,-1.8086221249730634,-2.5984850429122606,-1.2101414700527862,1.3305313049646794,1440.0
1153,-1.1974723881475484,-1.867907281550465,-1.8086189459864679,-2.598485911036012,-1.2101423094829638,1.344210818317339,1441.25
1154,-1.1974723807874545,-1.8679072881284813,-1.8086189459831257,-2.5984859146977186,-1.2101423082365526,1.3678871936808155,1442.5
1155,-1.197472370318737,-1.8679072974848014,-1.8086189459783717,-2.5984859199059906,-1.210142306463705,1.401563569044282,1443.75
1156,-1.1974723567413963,-1.8679073096194254,-1.8086189459722066,-2.598485926660828,-1.2101423041644204,1.4452399444077384,1445.0
1157,-1.1974723403947571,-1.867907324311276,-1.8086189466202525,-2.5984859325878507,-1.2101423043527983,1.4989163095603806,1446.25
1158,-1.1974723212881409,-1.8679073415542806,-1.8086189479405206,-2.5984859376218314,-1.2101423071116397,1.5625926668030594,1447.5
1159,-1.19747229614083,-1.867907359168111,-1.808618950236134,-2.5984859349427674,-1.2101422987576207,1.6362690184053714,1448.75
1160,-1.1974722612337143,-1.8679073742937,-1.8086189544466285,-2.59848591414781,-1.2101422651658422,1.7199453590432612,1450.0
1161,-1.1974722221355028,-1.8679073912126976,-1.8086189592119273,-2.5984858906474253,-1.2101422273917954,1.8136216917553614,1451.25
1162,-1.1974721779658282,-1.8679074083908056,-1.808618962611137,-2.598485868235829,-1.2101421843206646,1.91729801756259,1452.5
1163,-1.1974721257986032,-1.86790742073635,-1.8086189582975658,-2.5984858594016464,-1.2101421321895214,2.0309743340083837,1453.75
1164,-1.1974720690409466,-1.8679074341692332,-1.8086189536004948,-2.5984858498054715,-1.2101420754605117,2.1546506413823,1455.0
1165,-1.1974720074042988,-1.867907439909346,-1.8086189398133543,-2.598485856936987,-1.2101420137656178,2.2883269431695195,1456.25
1166,-1.1974719410785322,-1.8679074437063052,-1.8086189226407974,-2.5984858693325705,-1.210141947353777,2.4320032436065073,1457.5
1167,-1.1974718742412844,-1.8679074377653715,-1.8086188957659417,-2.5984859011321935,-1.210141880270601,2.5856795388760156,1458.75
1168,-1.1974718043492676,-1.8679074282836963,-1.8086188644596162,-2.598485940847953,-1.210141810068096,2.749355827881673,1460.0
1169,-1.197471745413017,-1.8679074059764613,-1.8086188240366095,-2.598486002635455,-1.210141750634685,2.9134248591809175,1461.25
1170,-1.1974716931517675,-1.8679073827776183,-1.8086187848424633,-2.5984860641832754,-1.2101416978763975,3.067497824332889,1462.5
1171,-1.1974716557501446,-1.867907353083412,-1.8086187439641985,-2.5984861341156495,-1.2101416599038848,3.2115707894849344,1463.75
1172,-1.1974716235359328,-1.8679073243240634,-1.808618705635963,-2.598486200643344,-1.2101416271456356,3.3456437546370186,1465.0
1173,-1.1974716061196864,-1.8679072923228757,-1.808618668792294,-2.598486269141214,-1.2101416091648334,3.4697167197891963,1466.25
1174,-1.1974715901071504,-1.867907262900919,-1.8086186349181332,-2.598486332118311,-1.2101415926332435,3.5837896849413715,1467.5
1175,-1.1974715857314768,-1.8679072336353792,-1.8086186048627488,-2.5984863912949194,-1.2101415877668567,3.6878626500935585,1468.75
1176,-1.197471584812574,-1.8679072064629807,-1.8086185779472654,-2.598486445295893,-1.210141586399299,3.781935615245792,1470.0
1177,-1.1974715839913508,-1.8679071821790243,-1.8086185538929063,-2.5984864935565377,-1.2101415851771136,3.866008580398044,1471.25
1178,-1.1974715891768755,-1.8679071604452673,-1.8086185342295398,-2.5984865349728192,-1.2101415900168941,3.9400815455503144,1472.5
1179,-1.1974715969698388,-1.8679071414562882,-1.8086185180770809,-2.5984865701798556,-1.2101415975150016,4.004154510702562,1473.75
1180,-1.1974716035465383,-1.8679071254309596,-1.8086185044455683,-2.598486599892057,-1.2101416038428643,4.058227475854776,1475.0
1181,-1.1974716089069735,-1.8679071123692812,-1.8086184933350018,-2.598486624109424,-1.2101416090004817,4.102300441006946,1476.25
1182,-1.1974716130511451,-1.8679071022712517,-1.8086184847453837,-2.598486642831956,-1.210141612987854,4.1363734061591435,1477.5
1183,-1.197471615979053,-1.8679070951368708,-1.8086184786767137,-2.598486656059653,-1.2101416158049811,4.160446371311338,1478.75
1184,-1.197471617690697,-1.8679070909661384,-1.808618475128992,-2.598486663792515,-1.210141617451863,4.174519336463544,1480.0
1185,-1.1984450370273954,-1.870621196378093,-1.8048773842665125,-2.599520309648861,-1.2111128418746848,4.180591812343823,1481.25
1186,-1.19976459784007,-1.8743004268196664,-1.7998059840142244,-2.600921509511101,-1.2124294286258241,4.177035267806699,1482.5
1187,-1.1998633022609035,-1.8745756427537654,-1.7994266369139973,-2.6010263199922323,-1.2125279146365902,4.1655146847038935,1483.75
1188,-1.1998633006867643,-1.8745756495677892,-1.7994266401921677,-2.6010263171599775,-1.2125279207025057,4.14432196715872,1485.0
1189,-1.1998632983698516,-1.8745756595970793,-1.799426645017176,-2.6010263129912934,-1.212527929630686,4.113129249613528,1486.25
1190,-1.1998632953101653,-1.8745756728416363,-1.799426651389023,-2.6010263074861815,-1.2125279414211299,4.071936532068346,1487.5
1191,-1.1998632913536438,-1.8745756894441024,-1.7994266588696246,-2.601026302279051,-1.212527954690919,4.020743816697574,1488.75
1192,-1.1998632862582799,-1.8745757096285467,-1.7994266667708216,-2.6010262999373044,-1.2125279672677023,3.9595511060745894,1490.0
1193,-1.1998632809442358,-1.8745757328324566,-1.799426676987122,-2.6010262937282356,-1.212527980516374,3.8883583969664337,1491.25
1194,-1.1998632815995112,-1.8745757562436012,-1.7994266998377029,-2.601026248532762,-1.2125279804948095,3.8071657029476995,1492.5
1195,-1.1998632823244215,-1.8745757825292628,-1.7994267255346426,-2.601026197635341,-1.2125279803745348,3.715973013748225,1493.75
1196,-1.1998632831102534,-1.8745758116824462,-1.7994267541031244,-2.60102614092932,-1.2125279800799469,3.614780332183935,1495.0
1197,-1.199863297923111,-1.8745758403453519,-1.7994267869919907,-2.601026079665871,-1.2125279952797685,3.5035876617827335,1496.25
1198,-1.1998633148302864,-1.8745758714013832,-1.7994268229225576,-2.6010260129419054,-1.2125280127042208,3.3823949985980866,1497.5
1199,-1.1998633417495475,-1.8745759012828316,-1.7994268608470443,-2.6010259455815423,-1.2125280401645542,3.2512023418427045,1498.75
1200,-1.1998633781867274,-1.8745759302041438,-1.7994269008200625,-2.6010258773094757,-1.2125280771638731,3.1100096879650385,1500.0
1201,-1.1998634249611415,-1.8745759557654444,-1.7994269407531744,-2.6010258125841617,-1.2125281244665216,2.9588170376091822,1501.25
1202,-1.199863482293904,-1.874575977812515,-1.799426980564622,-2.601025751644169,-1.2125281822913432,2.7976243938063208,1502.5
1203,-1.1998635496341088,-1.8745759909321238,-1.799427014754048,-2.6010257053796995,-1.212528249998304,2.631697367929685,1503.75
1204,-1.199863616141133,-1.8745759999618077,-1.7994270446557645,-2.6010256674693957,-1.2125283168026249,2.4750176387064,1505.0
1205,-1.1998636831775478,-1.874575996786852,-1.7994270627156084,-2.601025653580901,-1.2125283839358045,2.3283379094830154,1506.25
1206,-1.199863745898203,-1.8745759932084916,-1.799427079014683,-2.601025641790808,-1.2125284467369493,2.1916581802595276,1507.5
1207,-1.1998638037076983,-1.8745759803747393,-1.7994270846546523,-2.601025649816842,-1.212528504463031,2.0649784510360423,1508.75
1208,-1.1998638569278266,-1.8745759677882927,-1.7994270890876862,-2.601025658734372,-1.2125285575936158,1.948298721812521,1510.0
1209,-1.1998639034315373,-1.874575952322071,-1.7994270885646382,-2.601025675379378,-1.2125286039452339,1.8416189925889457,1511.25
1210,-1.1998639436892393,-1.8745759348400821,-1.7994270840843323,-2.6010256978983888,-1.212528644003622,1.7449392633653367,1512.5
1211,-1.1998639797829165,-1.8745759191663347,-1.799427080067438,-2.6010257180881635,-1.212528679918601,1.6582595341417228,1513.75
1212,-1.1998640096043938,-1.8745759036274903,-1.7994270742012337,-2.601025739898685,-1.2125287095496469,1.5815798049181051,1515.0
1213,-1.1998640324721648,-1.874575887682611,-1.799427065738087,-2.601025764606862,-1.2125287322047953,1.5149000756944688,1516.25
1214,-1.199864051910442,-1.874575874128996,-1.799427058544163,-2.6010257856095387,-1.2125287514623373,1.4582203464708756,1517.5
1215,-1.1998640679192263,-1.8745758629666462,-1.7994270526194593,-2.6010258029067153,-1.2125287673222735,1.4115406172473164,1518.75
1216,-1.1998640804985168,-1.874575854195559,-1.7994270479639796,-2.6010258164983915,-1.2125287797846032,1.374860888023774,1520.0
1217,-1.1998640896483133,-1.8745758478157346,-1.799427044577724,-2.601025826384567,-1.212528788849326,1.3481811588002064,1521.25
1218,-1.199864095368616,-1.8745758438271731,-1.7994270424606926,-2.601025832565242,-1.212528794516442,1.3315014295766414,1522.5
1219,-1.199864097659425,-1.8745758422298744,-1.7994270416128852,-2.6010258350404163,-1.2125287967859513,1.3248217003530653,1523.75
1220,-1.1998640977078066,-1.8745758421961398,-1.7994270415949798,-2.6010258350926914,-1.212528796833883,1.3246806258398423,1523.95996615
