,shoulder_pan_joint,shoulder_lift_joint,elbow_joint,wrist_1_joint,wrist_2_joint,wrist_3_joint,time_from_start
0,-1.1745207945453089,-1.80493671098818,-1.8870757261859339,-2.582719628010885,-1.1870206038104456,1.8885109424591064,0.0
1,-1.1745205296983456,-1.8049366832440858,-1.8870757299912375,-2.582720278665394,-1.187020353957864,1.8935109424591063,1.25
2,-1.174519735157456,-1.8049366000118043,-1.887075741407149,-2.5827222306289213,-1.1870196044001198,1.9085109424591065,2.5
3,-1.1745184109226394,-1.8049364612913346,-1.8870757604336679,-2.5827254839014664,-1.1870183551372122,1.9335109424591064,3.75
4,-1.1745165569938965,-1.8049362670826772,-1.8870757870707944,-2.582730038483029,-1.1870166061691416,1.968510942459106,5.0
5,-1.1745141733712272,-1.804936017385832,-1.8870758213185284,-2.5827358943736103,-1.187014357495908,2.0135109424591056,6.25
6,-1.1745113105278104,-1.8049357030312676,-1.8870758810902517,-2.5827430149640107,-1.1870120323066597,2.0685109382358764,7.5
7,-1.1745081246188416,-1.8049352956500249,-1.8870760218068803,-2.5827512869919698,-1.1870109398755087,2.1335109188899715,8.75
8,-1.1745044485698855,-1.8049348255947257,-1.8870761841722266,-2.5827608316399933,-1.1870096793779763,2.2085108995440668,10.0
9,-1.1745004598430038,-1.8049342162445883,-1.8870765759171864,-2.582770930443242,-1.1870097467860838,2.2935108678645157,11.25
10,-1.174496042575459,-1.8049335176243082,-1.88707706141698,-2.582782052478217,-1.1870101653992478,2.3885108335473832,12.5
11,-1.1744913966332162,-1.8049326142185311,-1.887077969918305,-2.5827930003177832,-1.1870126253568096,2.493510792009532,13.75
12,-1.1744864163391018,-1.8049315457926214,-1.8870791968394058,-2.582804123894494,-1.187016236883168,2.6085107497915048,15.0
13,-1.1744811594583082,-1.8049302652692985,-1.8870808819903238,-2.5828148951952357,-1.1870214909470742,2.733510706150874,16.25
14,-1.1744756971398267,-1.804928670258494,-1.8870833423995992,-2.5828240737669734,-1.1870290003341668,2.8685106536443117,17.5
15,-1.1744699938907799,-1.804926734468789,-1.88708667226452,-2.582831250196058,-1.1870384734180472,3.013510593966103,18.75
16,-1.174464033934401,-1.8049244092077084,-1.8870910341724025,-2.5828357506190684,-1.187049787311785,3.1685105271585936,20.0
17,-1.1744577897875956,-1.8049216307768747,-1.8870966424639763,-2.582836681847569,-1.1870627241184737,3.333510453364963,21.25
18,-1.174451205819859,-1.8049183408167013,-1.8871037008023848,-2.5828331738888513,-1.187076829946407,3.5085103737209478,22.5
19,-1.1744441987608654,-1.804914491733295,-1.887112384363887,-2.5828244528738167,-1.1870914181769714,3.6935102896077234,23.75
20,-1.1744366600917413,-1.804910051770125,-1.887122822732342,-2.5828099124752084,-1.1871055885236106,3.8885102000666016,25.0
21,-1.1744363180229642,-1.8049098668464065,-1.8871235580780175,-2.582807957545322,-1.1871054322330634,3.697168919076142,26.25
22,-1.1744363141108582,-1.80490988100353,-1.887123774284761,-2.582807195372916,-1.1871052693204907,3.4878488703905033,27.5
23,-1.1744363536820428,-1.8049099321321789,-1.8871238396735437,-2.5828070697709737,-1.187105343536495,3.2849550738597055,28.75
24,-1.1744364066364046,-1.8049099737487637,-1.8871238956584508,-2.5828069746280495,-1.1871053976166281,3.092061277328892,30.0
25,-1.1744364702250658,-1.8049100037717922,-1.8871239441721739,-2.582806897579827,-1.187105461835345,2.909167480798085,31.25
26,-1.1744365367976206,-1.8049100270616607,-1.887123987286765,-2.5828068322367277,-1.1871055288760795,2.7362736842672803,32.5
27,-1.1744366102930477,-1.804910036661697,-1.8871240193379735,-2.582806791707746,-1.1871056026816325,2.57337988773648,33.75
28,-1.1744366809910776,-1.8049100415211177,-1.8871240459468726,-2.582806761306924,-1.1871056736089003,2.420486091205681,35.0
29,-1.1744367506924314,-1.804910037279611,-1.8871240634637836,-2.5828067490591398,-1.1871057433930994,2.2775922946748857,36.25
30,-1.1744368154078233,-1.8049100301422323,-1.8871240766402864,-2.582806743964929,-1.187105808134717,2.144698498144094,37.5
31,-1.174436874994689,-1.8049100158992808,-1.887124081369775,-2.5828067543263495,-1.1871058676241797,2.0218047016133043,38.75
32,-1.1744369297329105,-1.8049100028152987,-1.887124085714412,-2.5828067638446535,-1.1871059222729237,1.9089109050825175,40.0
33,-1.1744369758196203,-1.804909983967344,-1.887124081814442,-2.5828067872258895,-1.187105968160233,1.806017108551733,41.25
34,-1.174437016940372,-1.8049099660647945,-1.8871240772871665,-2.5828068102176625,-1.1871060090858745,1.7131233120209484,42.5
35,-1.1744370536344833,-1.8049099500894537,-1.8871240732472478,-2.5828068307343752,-1.1871060456058793,1.6302295154901634,43.75
36,-1.1744370817493759,-1.8049099327851732,-1.88712406526501,-2.5828068563905395,-1.187106073507154,1.5573357189593784,45.0
37,-1.1744371046805377,-1.804909916814445,-1.8871240569625234,-2.5828068809599047,-1.1871060962346682,1.4944419224285936,46.25
38,-1.1744371239656868,-1.8049099033830347,-1.8871240499801152,-2.582806901622786,-1.1871061153485498,1.4415481258978093,47.5
39,-1.174437139604823,-1.8049098924909428,-1.887124044317786,-2.582806918379183,-1.1871061308487978,1.3986543293670248,48.75
40,-1.1744371515979455,-1.804909884138167,-1.887124039975538,-2.5828069312290953,-1.187106142735412,1.3657605328362399,50.0
41,-1.1744371599450545,-1.8049098783247077,-1.8871240369533708,-2.582806940172522,-1.1871061510083922,1.3428667363054543,51.25
42,-1.1744559428230072,-1.8049568697954494,-1.8870626835660753,-2.5828214393752797,-1.1871249077419943,1.329916006562397,52.5
43,-1.175776218692935,-1.8082610247401265,-1.8827491056075365,-2.5838405105857043,-1.1884433483599972,1.3249191307650336,53.75
44,-1.17711799194155,-1.8116189907479623,-1.878365281456334,-2.5848761761067642,-1.1897832579234469,1.329745598191434,55.0
45,-1.1771428351447388,-1.811681178032879,-1.8782841008501983,-2.58489535650955,-1.1898080703860368,1.3425306708791527,56.25
46,-1.1771428278498581,-1.8116811845769862,-1.878284101045873,-2.5848953595473056,-1.1898080698375029,1.3652398975960467,57.5
47,-1.1771428173426797,-1.8116811940027888,-1.8782841013277136,-2.584895363922737,-1.1898080690474226,1.397949124312941,58.75
48,-1.1771428036232032,-1.8116812063102872,-1.8782841016957197,-2.5848953696358437,-1.1898080680157956,1.4406583510298336,60.0
49,-1.1771427869772764,-1.8116812212961435,-1.8782841027462942,-2.5848953744681316,-1.1898080691791584,1.493367574924827,61.25
50,-1.1771427675317403,-1.8116812388701309,-1.8782841047440826,-2.584895377435177,-1.189808073618689,1.556076795610919,62.5
51,-1.1771427426446412,-1.8116812575956687,-1.8782841074443688,-2.5848953752205133,-1.189808069744811,1.6287860123619895,63.75
52,-1.1771427064066053,-1.8116812733047731,-1.8782841118164173,-2.5848953535475374,-1.1898080347816102,1.711495216725665,65.0
53,-1.1771426657680428,-1.8116812909020528,-1.8782841167580147,-2.5848953290739063,-1.1898079954323644,1.8042044146476328,66.25
54,-1.1771426202596025,-1.8116813095794866,-1.8782841212765635,-2.584895303758333,-1.1898079510914217,1.9069136058141352,67.5
55,-1.1771425659437196,-1.811681322537056,-1.878284116965581,-2.5848952942862686,-1.189807896808176,2.0196227864921554,68.75
56,-1.177142506807536,-1.811681336645549,-1.8782841122682283,-2.5848952839887067,-1.1898078376985033,2.1423319591633296,70.0
57,-1.1771424425882053,-1.8116813439088815,-1.8782840993514507,-2.584895288693078,-1.1898077734317198,2.275041126072479,71.25
58,-1.1771423734102044,-1.8116813480925333,-1.8782840819065478,-2.58489530093723,-1.189807704169389,2.4177502910369313,72.5
59,-1.1771423031363581,-1.8116813434855783,-1.8782840556109035,-2.5848953307791973,-1.1898076336700185,2.570459451400741,73.75
60,-1.1771422301810501,-1.8116813339272113,-1.878284023688605,-2.5848953711438734,-1.1898075604050609,2.733168605307321,75.0
61,-1.1771421667894968,-1.8116813121458413,-1.8782839829035833,-2.584895432702041,-1.1898074965297918,2.8980851079813137,76.25
62,-1.1771421100470172,-1.8116812890707463,-1.8782839429318905,-2.5848954948361316,-1.1898074392973441,3.05313906316302,77.5
63,-1.1771420705116198,-1.8116812580529045,-1.8782839006164476,-2.5848955674908267,-1.1898073991826938,3.198193018344729,78.75
64,-1.1771420348462838,-1.8116812286755657,-1.8782838610917856,-2.584895635776676,-1.1898073629725838,3.33324697352644,80.0
65,-1.1771420164200328,-1.811681195123012,-1.8782838228810417,-2.5848957071691627,-1.1898073439723214,3.4583009287081516,81.25
66,-1.1771419994672467,-1.811681164253512,-1.8782837877258316,-2.584895772852714,-1.1898073264914246,3.5733548838898628,82.5
67,-1.1771419934102805,-1.8116811338183199,-1.8782837563765562,-2.584895834459865,-1.1898073199368007,3.678408839071576,83.75
68,-1.1771419924408122,-1.8116811052036499,-1.8782837283706417,-2.5848958909842557,-1.1898073185096507,3.7734627942532906,85.0
69,-1.1771419915733354,-1.8116810795993454,-1.87828370331104,-2.5848959415620882,-1.1898073172326415,3.858516749435006,86.25
70,-1.177141996087316,-1.8116810566861508,-1.8782836825290423,-2.5848959852592017,-1.1898073213915614,3.9335707046167228,87.5
71,-1.1771420043995464,-1.811681036559803,-1.8782836656254225,-2.5848960223557333,-1.1898073294013074,3.9986246597984416,88.75
72,-1.1771420114340327,-1.8116810195272495,-1.8782836513202015,-2.5848960537498393,-1.189807336179807,4.053678614980158,90.0
73,-1.1771420171907754,-1.811681005588491,-1.8782836396133782,-2.5848960794415197,-1.18980734172706,4.0987325701618715,91.25
74,-1.1771420216697737,-1.8116809947435253,-1.878283630504956,-2.584896099430776,-1.1898073460430663,4.133786525343586,92.5
75,-1.177142024871028,-1.8116809869923514,-1.8782836239949343,-2.584896113717606,-1.189807349127826,4.158840480525301,93.75
76,-1.1771420267945383,-1.8116809823349702,-1.8782836200833135,-2.5848961223020117,-1.1898073509813394,4.173894435707016,95.0
77,-1.1780863687417182,-1.8140733561356395,-1.8751415135508387,-2.585652708013941,-1.190750298682111,4.180636135994251,96.25
78,-1.1796289299771412,-1.8179812530442552,-1.8700089515177647,-2.586888568307171,-1.1922905836731248,4.177909302622922,97.5
79,-1.1798098314161254,-1.8184395510305913,-1.8694070375922067,-2.5870335006560534,-1.1924712223846747,4.16691430649313,98.75
80,-1.179809829913117,-1.8184395578442385,-1.8694070410651973,-2.5870334971285374,-1.1924712290055135,4.146405913112865,100.0
81,-1.179809827677234,-1.8184395679802554,-1.8694070462316361,-2.5870334918809874,-1.192471238854708,4.115897519732604,101.25
82,-1.1798098247084765,-1.8184395814386425,-1.8694070530915234,-2.5870334849134027,-1.1924712519322584,4.075389126352343,102.5
83,-1.1798098208875567,-1.818439598339547,-1.8694070612800295,-2.587033477619531,-1.192471267209593,4.024880735996546,103.75
84,-1.1798098159062582,-1.8184396189934087,-1.8694070698545002,-2.587033473600564,-1.1924712820290697,3.964372354842803,105.0
85,-1.1798098102303918,-1.8184396430029959,-1.869407080055344,-2.5870334681962275,-1.1924712989513941,3.8938639740310044,106.25
86,-1.1798098109122113,-1.8184396672079681,-1.8694071033538302,-2.5870334218810482,-1.192471298996014,3.813355609188977,107.5
87,-1.17980981166808,-1.818439694412644,-1.8694071295710308,-2.587033369704785,-1.1924712989575605,3.7228472481465653,108.75
88,-1.1798098124831906,-1.818439724607543,-1.869407158741451,-2.5870333115167994,-1.192471298712712,3.622338895285467,110.0
89,-1.1798098269096573,-1.818439754502792,-1.8694071922451718,-2.5870332484999565,-1.1924713134144578,3.5118305527520457,111.25
90,-1.1798098445513379,-1.81843978663648,-1.8694072289847474,-2.5870331799079795,-1.1924713315681068,3.391322217490681,112.5
91,-1.1798098715330012,-1.8184398180175105,-1.8694072678904883,-2.5870331100690795,-1.1924713590919949,3.2608138887532,113.75
92,-1.179809909593402,-1.8184398478912827,-1.869407308765751,-2.5870330399713826,-1.192471397716025,3.1203055632618657,115.0
93,-1.1798099574017167,-1.8184398749933317,-1.869407349983641,-2.587032972441401,-1.1924714460636467,2.969797240919033,116.25
94,-1.1798100173294754,-1.8184398976734737,-1.8694073906796285,-2.587032910024423,-1.1924715064843947,2.8092889252883104,117.5
95,-1.1798100872768416,-1.818439912066685,-1.8694074264453238,-2.5870328609506656,-1.1924715768138285,2.643171825791425,118.75
96,-1.1798101573502038,-1.8184399212728326,-1.8694074572111143,-2.5870328220509946,-1.1924716471865084,2.4859167591630653,120.0
97,-1.1798102276159226,-1.818439918639089,-1.8694074765345485,-2.5870328064028656,-1.1924717175624902,2.338661692534715,121.25
98,-1.1798102937377075,-1.8184399146642956,-1.8694074932646592,-2.5870327946234397,-1.192471783764089,2.2014066259063743,122.5
99,-1.179810354731553,-1.8184399018223103,-1.8694074997835062,-2.587032801820766,-1.1924718446847224,2.074151559278038,123.75
100,-1.1798104108798793,-1.8184398884417443,-1.8694075042701344,-2.587032811515023,-1.192471900740707,1.9568964926497083,125.0
101,-1.1798104603039472,-1.8184398726770437,-1.8694075043465537,-2.587032827896472,-1.1924719500196939,1.8496414260213845,126.25
102,-1.1798105028213763,-1.8184398541960571,-1.8694074996332928,-2.5870328516730723,-1.192471992333591,1.7523863593930675,127.5
103,-1.1798105409670634,-1.8184398376153346,-1.8694074954046545,-2.5870328730049055,-1.1924720302966738,1.6651312927647492,128.75
104,-1.179810572998178,-1.8184398215669062,-1.8694074897889426,-2.5870328951017414,-1.1924720621404399,1.5878762261364359,130.0
105,-1.179810597215057,-1.8184398047166872,-1.86940748096081,-2.587032921093853,-1.1924720861401898,1.5206211595081198,131.25
106,-1.1798106178311842,-1.8184397903718883,-1.869407473445312,-2.5870329432212578,-1.1924721065714727,1.463366092879802,132.5
107,-1.1798106348465605,-1.8184397785325124,-1.8694074672424454,-2.5870329614839567,-1.1924721234342894,1.4161110262514771,133.75
108,-1.179810648261185,-1.8184397691985552,-1.8694074623522137,-2.5870329758819484,-1.1924721367286384,1.3788559596231513,135.0
109,-1.1798106580750578,-1.818439762370018,-1.8694074587746177,-2.5870329864152333,-1.19247214645452,1.3516008929948282,136.25
110,-1.179810664288179,-1.8184397580469003,-1.8694074565096566,-2.5870329930838105,-1.1924721526119344,1.3343458263665022,137.5
111,-1.1803971220541034,-1.8199437493480763,-1.8674203682029882,-2.5875203166153273,-1.193057692733384,1.3258784109435175,138.75
112,-1.1820019842840852,-1.8240595019389259,-1.8619826056577966,-2.5888538932207927,-1.1946600442937692,1.326382683459249,140.0
113,-1.182441482665164,-1.825186628438087,-1.8604934413666758,-2.5892191024212097,-1.1950988576575121,1.3356326637636329,141.25
114,-1.1824414768465006,-1.8251866336485245,-1.860493441489137,-2.5892191049688136,-1.195098857098043,1.3539022573343846,142.5
115,-1.182441467842948,-1.8251866417109346,-1.8604934416786283,-2.589219108910868,-1.1950988562323448,1.3821718509051366,143.75
116,-1.1824414556545062,-1.8251866526253169,-1.86049344193515,-2.5892191142473724,-1.1950988550604174,1.420441444475893,145.0
117,-1.182441440292852,-1.825186666383519,-1.8604934422826562,-2.58921912088981,-1.195098853682837,1.4687110379311676,146.25
118,-1.1824414223792494,-1.8251866825517906,-1.8604934439956529,-2.5892191241286793,-1.1950988574507286,1.5269806257786176,147.5
119,-1.1824414013913842,-1.825186701494798,-1.8604934460026272,-2.589219127923391,-1.195098861865251,1.595250213626063,148.75
120,-1.1824413694278002,-1.825186717525935,-1.8604934497609324,-2.5892191124590234,-1.1950988365369963,1.673519788355558,150.0
121,-1.182441331228832,-1.8251867340570962,-1.8604934544026601,-2.5892190896004816,-1.195098799683512,1.7617893586211004,151.25
122,-1.1824412886701565,-1.825186752441213,-1.8604934596427896,-2.589219063835544,-1.1950987583852826,1.8600589179012603,152.5
123,-1.182441238681021,-1.8251867673577538,-1.8604934588135875,-2.5892190484396966,-1.195098708879244,1.9683284694624117,153.75
124,-1.1824411823878214,-1.8251867807481696,-1.8604934543137936,-2.589219038696534,-1.1950986526168272,2.086598013251696,155.0
125,-1.1824411212411479,-1.8251867924617913,-1.8604934466576621,-2.5892190337262693,-1.1950985914700896,2.214867549703285,156.25
126,-1.1824410550409452,-1.8251867964192563,-1.8604934298490203,-2.5892190456027637,-1.1950985251875914,2.353137081561196,157.5
127,-1.182440985279656,-1.8251867976935245,-1.8604934093130243,-2.589219063828822,-1.195098455293806,2.5014066118034357,158.75
128,-1.1824409151885822,-1.8251867884618995,-1.8604933784331938,-2.589219102867421,-1.1950983849016763,2.659676135097987,160.0
129,-1.1824408467749432,-1.8251867727437423,-1.8604933417534553,-2.5892191541992107,-1.1950983160862458,2.8260187019107423,161.25
130,-1.1824407875937033,-1.8251867503272807,-1.86049330142577,-2.5892192159962595,-1.1950982564154964,2.985508807703928,162.5
131,-1.1824407419565819,-1.8251867224776142,-1.8604932600294186,-2.589219284482186,-1.1950982102309706,3.134998913497104,163.75
132,-1.1824407044044687,-1.8251866929913008,-1.8604932195614086,-2.589219353792574,-1.1950981721227383,3.27448901929027,165.0
133,-1.1824406794282272,-1.8251866613261303,-1.8604931808950655,-2.5892194236618558,-1.1950981465827202,3.4039791250834295,166.25
134,-1.1824406620370869,-1.8251866296496972,-1.86049314458556,-2.589219491298827,-1.1950981286441436,3.523469230876582,167.5
135,-1.182440649258045,-1.8251865998730676,-1.8604931115678656,-2.5892195538184213,-1.1950981153582725,3.6329593366697295,168.75
136,-1.1824406482543754,-1.8251865702916394,-1.8604930824163646,-2.5892196124530553,-1.1950981138765637,3.7324494424628765,170.0
137,-1.1824406473515874,-1.8251865436835197,-1.8604930561949495,-2.5892196651941743,-1.1950981125437856,3.8219395482560152,171.25
138,-1.1824406473910527,-1.8251865199984116,-1.8604930331172451,-2.589219711890877,-1.1950981122023334,3.9014296540491546,172.5
139,-1.1824406561597047,-1.8251864987708575,-1.860493015160324,-2.5892197511465467,-1.1950981206486158,3.970919759842296,173.75
140,-1.1824406636665006,-1.8251864805980624,-1.8604929997875004,-2.589219784753115,-1.1950981278794324,4.030409865635437,175.0
141,-1.1824406699114403,-1.8251864654800296,-1.8604929869987712,-2.589219812710581,-1.1950981338947837,4.0798999714285875,176.25
142,-1.182440674894524,-1.8251864534167557,-1.8604929767941396,-2.5892198350189446,-1.1950981386946697,4.119390077221738,177.5
143,-1.1824406786157513,-1.8251864444082404,-1.8604929691736065,-2.589219851678207,-1.1950981422790903,4.148880183014886,178.75
144,-1.1824406810751227,-1.8251864384544836,-1.8604929641371717,-2.5892198626883665,-1.1950981446480453,4.168370288808034,180.0
145,-1.1827197328763561,-1.82591088702283,-1.8595301842287006,-2.589460191376905,-1.195376734585117,4.178569339039282,181.25
146,-1.1842685551884393,-1.8299318314401105,-1.8541864534470662,-2.5907940638002107,-1.19692299385463,4.180313012799457,182.5
147,-1.1850351632543412,-1.8319220502844609,-1.851541509365903,-2.5914542786257386,-1.1976883361206871,4.172814192517179,183.75
148,-1.1850351620791515,-1.8319220555465718,-1.8515415120236216,-2.591454276032134,-1.1976883411486847,4.156818635976178,185.0
149,-1.1850351601692644,-1.831922064098416,-1.8515415163428757,-2.5914542718170774,-1.1976883493200534,4.130823079435179,186.25
150,-1.1850351575246796,-1.8319220759399932,-1.8515415223236655,-2.591454265980567,-1.1976883606347932,4.094827522894178,187.5
151,-1.1850351541453972,-1.8319220910713039,-1.8515415299659912,-2.5914542585226044,-1.1976883750929044,4.048831966353174,188.75
152,-1.1850351496233142,-1.8319221098960132,-1.8515415380420488,-2.5914542541055456,-1.1976883891395218,3.992836413030784,190.0
153,-1.1850351441786806,-1.8319221321962664,-1.8515415472144754,-2.5914542502131495,-1.1976884046931817,3.926840860527347,191.25
154,-1.1850351419420178,-1.8319221560567114,-1.851541564386296,-2.5914542230294395,-1.1976884121583025,3.8508453173944375,192.5
155,-1.1850351426613948,-1.831922181590969,-1.851541589144628,-2.59145417397253,-1.1976884121873796,3.7648497813264594,193.75
156,-1.18503514343554,-1.8319222100749024,-1.8515416168528886,-2.591454118903952,-1.1976884119767583,3.6688542557460613,195.0
157,-1.1850351506737913,-1.8319222399681272,-1.8515416481360014,-2.591454058507048,-1.1976884187833552,3.562858736842495,196.25
158,-1.1850351674476653,-1.8319222705269536,-1.8515416833089295,-2.591453993045549,-1.1976884360444577,3.446863226192971,197.5
159,-1.1850351860578827,-1.831922303550775,-1.8515417214731533,-2.591453922149404,-1.1976884551948348,3.3208677236649,198.75
160,-1.1850352224458716,-1.8319223321307618,-1.8515417608234712,-2.591453854841062,-1.1976884921273423,3.184872227097317,200.0
161,-1.1850352615095845,-1.8319223628123538,-1.851541803067086,-2.59145378258423,-1.197688531775958,3.038876730638907,201.25
162,-1.1850353189945488,-1.8319223846507127,-1.8515418424232335,-2.591453722310013,-1.1976885897398901,2.882881241385963,202.5
163,-1.1850353825803952,-1.8319224048933178,-1.8515418821274272,-2.5914536633702068,-1.197688653792208,2.7173332844449205,203.75
164,-1.1850354537803878,-1.831922414292281,-1.8515419136054454,-2.5914536235835643,-1.1976887252999564,2.5555687678489836,205.0
165,-1.1850355228427878,-1.8319224176305342,-1.8515419384848644,-2.5914535964073355,-1.197688794567433,2.4038042512530096,206.25
166,-1.185035590299936,-1.8319224136195391,-1.8515419556716215,-2.591453584228473,-1.1976888621073083,2.262039734656984,207.5
167,-1.185035652852005,-1.8319224055723917,-1.8515419673744535,-2.591453581485098,-1.197688924666107,2.130275218060951,208.75
168,-1.1850357104445615,-1.8319223918863858,-1.8515419720082948,-2.5914535913596843,-1.1976889821633607,2.00851070146488,210.0
169,-1.1850357633072894,-1.8319223793243575,-1.851541976261573,-2.591453600423314,-1.1976890349386125,1.8967461848687723,211.25
170,-1.185035807279564,-1.8319223603079067,-1.8515419714177352,-2.5914536248875684,-1.1976890786995882,1.7949816682726405,212.5
171,-1.1850358469042424,-1.8319223431116538,-1.8515419669941222,-2.591453647051517,-1.1976891181328893,1.7032171516764982,213.75
172,-1.1850358822108389,-1.8319223277893577,-1.8515419630525671,-2.591453666800158,-1.1976891532689637,1.621452635080342,215.0
173,-1.1850359085734472,-1.8319223107076876,-1.8515419545906426,-2.59145369268996,-1.197689179413033,1.5496881184841635,216.25
174,-1.1850359305400442,-1.8319222954387646,-1.8515419465265084,-2.5914537163085987,-1.1976892011807865,1.4879236018879707,217.5
175,-1.185035948950134,-1.8319222826419626,-1.8515419397679977,-2.591453736103256,-1.1976892194242263,1.4361590852917734,218.75
176,-1.1850359638037165,-1.8319222723172797,-1.851541934315112,-2.5914537520739316,-1.1976892341433527,1.394394568695566,220.0
177,-1.185035975100791,-1.831922264464715,-1.8515419301678526,-2.5914537642206255,-1.197689245338165,1.3626300520993617,221.25
178,-1.1850359828413584,-1.831922259084269,-1.85154192732622,-2.5914537725433378,-1.1976892530086636,1.3408655355031653,222.5
179,-1.1851051444744936,-1.8321040118111351,-1.851298975916371,-2.5915154629307753,-1.1977582937664146,1.328885918057283,223.75
180,-1.1864758880390247,-1.8357065215902675,-1.846483558358359,-2.5927381155391833,-1.19912664227022,1.3248618629109234,225.0
181,-1.1875939715139108,-1.8386450148159135,-1.8425557248707725,-2.5937354068901124,-1.2002427737410684,1.330572692876159,226.25
182,-1.1875949647800297,-1.8386476404881074,-1.8425522204102072,-2.593736298679516,-1.2002437690826349,1.3442610981859147,227.5
183,-1.1875949573010636,-1.8386476471735487,-1.8425522205274114,-2.5937363021012327,-1.200243768210799,1.3679460471970994,228.75
184,-1.1875949466644102,-1.8386476566816439,-1.842552220694101,-2.5937363069676294,-1.200243766970866,1.4016309962082885,230.0
185,-1.18759493287007,-1.8386476690123932,-1.8425522209102752,-2.593736313278706,-1.2002437653628364,1.4453159452194673,231.25
186,-1.1875949162626174,-1.8386476839292538,-1.8425522218719068,-2.5937363184800195,-1.200243766385558,1.4990008871353213,232.5
187,-1.187594896851805,-1.8386477014255322,-1.8425522235986942,-2.593736322499274,-1.2002437701239062,1.562685823537719,233.75
188,-1.1875948712086322,-1.8386477193320512,-1.8425522262473222,-2.593736318881331,-1.2002437622299866,1.636370754325255,235.0
189,-1.1875948354397725,-1.838647734791457,-1.8425522306133435,-2.5937362975171956,-1.2002437277642883,1.720055674193547,236.25
190,-1.187594795375543,-1.8386477520843931,-1.8425522355512682,-2.5937362733827847,-1.2002436890010477,1.8137405862814602,237.5
191,-1.1875947501139597,-1.8386477696514212,-1.8425522391008768,-2.5937362503536745,-1.20024364481239,1.917425491549329,238.75
192,-1.1875946966638893,-1.8386477823303242,-1.8425522348004193,-2.5937362411579414,-1.2002435913966845,2.0311103874651093,240.0
193,-1.1875946385108933,-1.8386477961258758,-1.8425522301174677,-2.5937362311693093,-1.2002435332707124,2.1547952743708008,241.25
194,-1.1875945753603196,-1.83864780210673,-1.8425522161779635,-2.593736238192927,-1.2002434700619022,2.28848015577271,242.5
195,-1.1875945074062335,-1.8386478061275364,-1.8425521988023592,-2.5937362505460047,-1.2002434020223016,2.4321650358771465,243.75
196,-1.1875944389317927,-1.8386478002424074,-1.8425521715370288,-2.593736282657064,-1.2002433333014526,2.585849910792012,245.0
197,-1.1875943673256897,-1.8386477907706613,-1.842552139767379,-2.5937363228014414,-1.2002432613841354,2.7495347794026763,246.25
198,-1.187594306955159,-1.8386477682264142,-1.8425520986863868,-2.593736385461313,-1.2002432005144492,2.9136023886190805,247.5
199,-1.1875942534254562,-1.838647744760752,-1.8425520588470898,-2.59373644790064,-1.200243146485644,3.0676737319500846,248.75
200,-1.1875942151113337,-1.8386477146612443,-1.842552017267876,-2.5937365189228347,-1.2002431075980247,3.2117450752811076,250.0
201,-1.1875941821212466,-1.838647685495472,-1.8425519782761342,-2.5937365865060267,-1.2002430740613201,3.34581641861213,251.25
202,-1.18759416428184,-1.8386476530022704,-1.8425519407709372,-2.5937366561474184,-1.2002430556545014,3.469887761943169,252.5
203,-1.187594147880268,-1.8386476231279882,-1.8425519062886064,-2.593736720175798,-1.2002430387312502,3.5839591052742126,253.75
204,-1.1875941434104393,-1.8386475933822637,-1.8425518756764754,-2.593736780384198,-1.2002430337680559,3.6880304486052635,255.0
205,-1.1875941424716219,-1.8386475657587122,-1.842551848256229,-2.5937368353372348,-1.2002430323781315,3.7821017919363213,256.25
206,-1.1875941416326028,-1.8386475410716119,-1.8425518237508145,-2.5937368844486377,-1.2002430311359589,3.8661731352673785,257.5
207,-1.1875941469565445,-1.8386475189622435,-1.8425518037104938,-2.5937369266165318,-1.2002430361121954,3.940244478598445,258.75
208,-1.187594154941902,-1.8386474996377686,-1.8425517872399757,-2.5937369624772617,-1.200243043800968,4.0043158219295085,260.0
209,-1.187594161680937,-1.8386474833293822,-1.8425517733401087,-2.5937369927409923,-1.2002430502897077,4.058387165260562,261.25
210,-1.187594167173649,-1.8386474700370847,-1.8425517620108933,-2.593737017407723,-1.2002430555784147,4.10245850859161,262.5
211,-1.1875941714200382,-1.8386474597608735,-1.842551753252331,-2.593737036477453,-1.2002430596670886,4.136529851922658,263.75
212,-1.1875941744201048,-1.8386474525007483,-1.8425517470644226,-2.5937370499501835,-1.2002430625557292,4.160601195253715,265.0
213,-1.1875941761738484,-1.83864744825671,-1.8425517434471677,-2.5937370578259147,-1.200243064244337,4.174672538584765,266.25
214,-1.1886327994368435,-1.841410792778431,-1.8388368764103842,-2.5946959144996735,-1.201279774689319,4.180696394477373,267.5
215,-1.1900221053743796,-1.8451071650291464,-1.8338677129370893,-2.595978517446959,-1.202666523404843,4.1770658922810435,268.75
216,-1.1901182710229814,-1.845363028247558,-1.8335237538413234,-2.5960672963057077,-1.2027625163659093,4.165426593616178,270.0
217,-1.190118269451758,-1.8453630351986021,-1.8335237573235188,-2.59606729304036,-1.2027625228967656,4.144085934328951,271.25
218,-1.1901182671442765,-1.8453630454068302,-1.8335237624374332,-2.5960672882449067,-1.20276253248791,4.112745275041724,272.5
219,-1.190118264100537,-1.8453630588722416,-1.8335237691830666,-2.596067281919347,-1.2027625451393424,4.071404615754504,273.75
220,-1.1901182601591498,-1.8453630757519386,-1.8335237770819854,-2.5960672758693377,-1.2027625594309488,4.0200639572278645,275.0
221,-1.1901182550901965,-1.8453630962697318,-1.833523785452607,-2.596067272667244,-1.202762573339614,3.95872330026261,276.25
222,-1.1901182499032892,-1.8453631198108098,-1.8335237963571567,-2.5960672649411283,-1.2027625877498196,3.887382645034104,277.5
223,-1.190118250575685,-1.8453631436615674,-1.8335238196618628,-2.5960672189236567,-1.2027625877615473,3.8060420045930643,278.75
224,-1.1901182513182107,-1.8453631704355495,-1.8335238458640122,-2.5960671671097275,-1.2027625876681323,3.714701369055586,280.0
225,-1.190118252122219,-1.8453632001265592,-1.8335238749859377,-2.5960671094033887,-1.2027625873960397,3.6133607408413266,281.25
226,-1.1901182675183113,-1.8453632292263504,-1.8335239085221327,-2.596067047056291,-1.2027626032019967,3.502020123948782,282.5
227,-1.1901182848550598,-1.8453632608038666,-1.8335239451318461,-2.596066979141182,-1.2027626210562856,3.380679514196528,283.75
228,-1.190118312685926,-1.8453632910608895,-1.8335239837272956,-2.5960669107515377,-1.2027626494292778,3.2493389107512614,285.0
229,-1.1901183500469432,-1.8453633204147009,-1.8335240244171296,-2.5960668413464854,-1.2027626873555464,3.1079983100415935,286.25
230,-1.190118398222721,-1.8453633461715855,-1.833524064963959,-2.596066775834214,-1.202762736060238,2.956657712957993,287.5
231,-1.1901184570037104,-1.8453633684770026,-1.8335241054453528,-2.5960667139886295,-1.2027627953355902,2.7953171224509266,288.75
232,-1.1901185260847829,-1.8453633814586623,-1.8335241399773357,-2.5960666675445125,-1.2027628647813602,2.6295450498199546,290.0
233,-1.1901185940961907,-1.8453633904710276,-1.8335241702602594,-2.5960666292917547,-1.2027629330902267,2.4731289590513135,291.25
234,-1.1901186627116893,-1.84536338692567,-1.8335241883552462,-2.5960666157590544,-1.2027630017992978,2.3267128682826526,292.5
235,-1.190118726836411,-1.8453633831493281,-1.83352420480953,-2.5960666040302067,-1.202763066003901,2.1902967775139905,293.75
236,-1.1901187859278641,-1.8453633698743248,-1.8335242103173877,-2.596066612644932,-1.2027631250088904,2.063880686745306,295.0
237,-1.1901188403222627,-1.8453633569823753,-1.833524214724896,-2.5960666219077257,-1.202763179312713,1.9474645959766157,296.25
238,-1.1901188878098545,-1.8453633411284809,-1.8335242140396493,-2.5960666391137015,-1.2027632266460717,1.8410485052079206,297.5
239,-1.1901189289372984,-1.845363323308232,-1.8335242094149957,-2.5960666621248456,-1.2027632675731028,1.7446324144392262,298.75
240,-1.1901189657991236,-1.8453633073362528,-1.8335242052699912,-2.596066682749341,-1.2027633042553014,1.6582163236705236,300.0
241,-1.1901189962453995,-1.845363291523368,-1.8335241992631812,-2.5960667049809896,-1.202763334510385,1.581800232901813,301.25
242,-1.1901190195790434,-1.8453632753218887,-1.8335241906353807,-2.596066730114724,-1.2027633576307806,1.5153841421331058,302.5
243,-1.1901190393994359,-1.8453632615598006,-1.8335241833066322,-2.596066751464175,-1.2027633772700326,1.458968051364405,303.75
244,-1.1901190557065773,-1.8453632502371053,-1.8335241772769342,-2.5960667690293433,-1.2027633934281416,1.4125519605957106,305.0
245,-1.190119068500467,-1.8453632413538,-1.833524172546289,-2.5960667828102273,-1.202763406105107,1.3761358698270227,306.25
246,-1.1901190777811048,-1.8453632349098847,-1.8335241691146975,-2.596066792806827,-1.2027634153009283,1.3497197790583266,307.5
247,-1.1901190835484907,-1.8453632309053598,-1.8335241669821596,-2.5960667990191424,-1.202763421015606,1.333303688289637,308.75
248,-1.1907855240758622,-1.8471582682957495,-1.8310973942238309,-2.5967032090848785,-1.203428569834254,1.3254574942077053,310.0
249,-1.1922854069060658,-1.85119817969866,-1.825635707658603,-2.59813550588508,-1.2049255461362183,1.3267262308619376,311.25
250,-1.1926090873605089,-1.8520700187412857,-1.8244570439694283,-2.5984446052084027,-1.2052486018799577,1.336524157043294,312.5
251,-1.192609081424348,-1.8520700240385994,-1.8244570440325798,-2.5984446080322656,-1.2052486010696932,1.3554852314586046,313.75
252,-1.192609072357478,-1.8520700321296966,-1.8244570441290366,-2.598444612345423,-1.2052485998320983,1.3844463058739187,315.0
253,-1.1926090601598986,-1.8520700430145765,-1.8244570442587988,-2.598444618147875,-1.2052485981671726,1.4234073802892229,316.25
254,-1.1926090448840396,-1.8520700566577957,-1.8244570445262491,-2.598444625059128,-1.2052485965359332,1.4723684532510057,317.5
255,-1.192609027066346,-1.8520700726966939,-1.8244570459994043,-2.5984446291860452,-1.205248599655412,1.5313295117216048,318.75
256,-1.19260900622671,-1.8520700914558443,-1.8244570477224118,-2.598444634012902,-1.2052486033039655,1.6002905701922119,320.0
257,-1.1926089740930563,-1.8520701067475966,-1.8244570515467835,-2.598444617349148,-1.205248575818616,1.6792516142717058,321.25
258,-1.1926089365244124,-1.8520701229548948,-1.8244570561726285,-2.598444594871372,-1.2052485396019597,1.7682126541360803,322.5
259,-1.1926088947050615,-1.8520701409649414,-1.8244570613874953,-2.598444569570294,-1.2052484990775285,1.8671736836635633,323.75
260,-1.1926088453003807,-1.8520701550140068,-1.8244570598858814,-2.5984445558478235,-1.2052484500741076,1.976134704647925,325.0
261,-1.1926087900447222,-1.8520701680882725,-1.8244570554066226,-2.598444546411437,-1.2052483948500718,2.0950957179741705,326.25
262,-1.1926087300269794,-1.852070178754949,-1.824457047034664,-2.5984445432169445,-1.2052483348256804,2.2240567241362115,327.5
263,-1.1926086651001069,-1.8520701825623516,-1.8244570303132268,-2.5984445551721076,-1.205248269815524,2.3630177260804617,328.75
264,-1.1926085970719686,-1.8520701828439978,-1.8244570091245635,-2.5984445750636724,-1.2052482016400785,2.511978726014418,330.0
265,-1.1926085283709642,-1.8520701737261058,-1.8244569784235036,-2.598444613828986,-1.2052481326369464,2.6709397191209603,331.25
266,-1.1926084623897446,-1.8520701574082798,-1.8244569414562322,-2.5984446660814022,-1.2052480662412806,2.8373154308627475,332.5
267,-1.1926084048859529,-1.8520701355793752,-1.8244569017107262,-2.5984447267349444,-1.2052480082512362,2.9961072949289074,333.75
268,-1.1926083615938938,-1.8520701077760773,-1.8244568605379987,-2.5984447949865404,-1.2052479644062986,3.144899158995071,335.0
269,-1.1926083251276767,-1.8520700791237412,-1.82445682067903,-2.5984448628733,-1.205247927388399,3.2836910230612566,336.25
270,-1.1926083019731035,-1.852070047910078,-1.824456782486104,-2.598444931847652,-1.205247903669594,3.412482887127446,337.5
271,-1.1926082850973208,-1.8520700171799624,-1.8244567467529358,-2.5984449979740414,-1.2052478862514548,3.531274751193651,338.75
272,-1.1926082736763166,-1.8520699880818088,-1.8244567143558843,-2.598445059218503,-1.205247874327012,3.6400666152598538,340.0
273,-1.1926082727008274,-1.8520699594342513,-1.8244566857008173,-2.598445116428027,-1.2052478728786649,3.738858479326064,341.25
274,-1.19260827182408,-1.8520699336864879,-1.824456659946295,-2.598445167846638,-1.205247871576924,3.8276503433922873,342.5
275,-1.1926082725480418,-1.852069910750446,-1.8244566374791265,-2.598445213197845,-1.2052478719256419,3.9064422074585075,343.75
276,-1.1926082810172387,-1.8520698902658386,-1.824456619881726,-2.598445251350542,-1.2052478800770583,3.9752340715247323,345.0
277,-1.192608288255302,-1.8520698727589975,-1.8244566048423903,-2.5984452839571333,-1.2052478870435361,4.03402593559095,346.25
278,-1.192608294262232,-1.852069858229925,-1.824456592361115,-2.5984453110176187,-1.2052478928250752,4.082817799657158,347.5
279,-1.1926082990380285,-1.852069846678618,-1.8244565824379042,-2.5984453325319974,-1.2052478974216747,4.121609663723364,348.75
280,-1.1926083025826912,-1.8520698381050764,-1.8244565750727586,-2.5984453485002708,-1.2052479008333354,4.150401527789578,350.0
281,-1.1926083048962206,-1.8520698325093004,-1.8244565702656779,-2.598445358922438,-1.2052479030600571,4.169193391855785,351.25
282,-1.19294596538095,-1.8529905672903213,-1.8232048505538887,-2.5987786967109097,-1.2055848757236503,4.1788633843420655,352.5
283,-1.1944284225129704,-1.8570329670348964,-1.8177093197601983,-2.6002421579404,-1.2070643135154273,4.179981418538297,353.75
284,-1.1950647961625438,-1.8587682505064165,-1.8153502549140785,-2.600870376331503,-1.2076993938921203,4.172024974871241,355.0
285,-1.1950647949419382,-1.8587682558431786,-1.8153502575682183,-2.6008703739399777,-1.2076993988223625,4.1554757355562915,356.25
286,-1.1950647929837726,-1.8587682644047185,-1.8153502618261412,-2.6008703701033555,-1.2076994067317404,4.128926496241334,357.5
287,-1.195064790288047,-1.8587682761910367,-1.815350267687848,-2.6008703648216374,-1.2076994176202536,4.0923772569263885,358.75
288,-1.1950647868547615,-1.8587682912021326,-1.815350275153338,-2.6008703580948227,-1.2076994314879017,4.045828017611445,360.0
289,-1.1950647822471583,-1.858768309857207,-1.8153502829450008,-2.6008703547147,-1.2076994444526399,3.989278782732296,361.25
290,-1.1950647767411982,-1.8587683318913926,-1.815350291870082,-2.6008703516536285,-1.2076994589672974,3.922729548641417,362.5
291,-1.1950647748568661,-1.858768355202646,-1.815350309530837,-2.600870322922492,-1.2076994649875128,3.84618032493626,363.75
292,-1.1950647755641364,-1.858768380261854,-1.8153503342152832,-2.6008702743579195,-1.2076994649848698,3.7596311074252178,365.0
293,-1.1950647763245392,-1.8587684081947993,-1.8153503618293647,-2.600870219851481,-1.2076994647363364,3.663081901294068,366.25
294,-1.1950647842251136,-1.8587684373100255,-1.8153503930621069,-2.600870160188092,-1.2076994722892476,3.556532701839269,367.5
295,-1.1950648006782818,-1.8587684672680305,-1.8153504280578596,-2.6008700954956616,-1.2076994892335848,3.439983510539646,368.75
296,-1.1950648198027634,-1.8587684992519626,-1.8153504659145325,-2.600870025954862,-1.2076995088992506,3.3134343272276365,370.0
297,-1.195064855465389,-1.858768527271131,-1.8153505050382053,-2.6008699594210682,-1.2076995451070522,3.1768851496211035,371.25
298,-1.195064894528537,-1.8587685567952696,-1.8153505467329993,-2.6008698888668538,-1.2076995847481646,3.030335972402114,372.5
299,-1.1950649508803242,-1.8587685781923875,-1.8153505858253185,-2.6008698292802324,-1.207699641579138,2.873786802291032,373.75
300,-1.195065013691957,-1.8587685972956016,-1.8153506246832625,-2.6008697723124254,-1.2076997048464366,2.7079518437018972,375.0
301,-1.1950650829443754,-1.858768606498813,-1.8153506557445125,-2.600869733110779,-1.2076997744053157,2.5467476075872018,376.25
302,-1.1950651503937855,-1.8587686091033095,-1.8153506796795635,-2.6008697075890668,-1.2076998420481586,2.395543371472481,377.5
303,-1.1950652159722899,-1.8587686052732615,-1.8153506966300257,-2.60086969544094,-1.2076999077096298,2.2543391353577675,378.75
304,-1.1950652767433074,-1.8587685969258598,-1.8153507075711257,-2.6008696937351914,-1.2076999684782679,2.1231348992430266,380.0
305,-1.1950653326944405,-1.858768583697471,-1.8153507121376897,-2.6008697031994554,-1.2077000243356408,2.001930663128281,381.25
306,-1.1950653838205436,-1.8587685711804434,-1.8153507158838398,-2.600869712702404,-1.2077000753689764,1.8907264270135202,382.5
307,-1.1950654264712712,-1.858768552729249,-1.8153507110522178,-2.6008697365741344,-1.2077001178100044,1.7895221908987538,383.75
308,-1.195065464907678,-1.8587685361012216,-1.815350706698005,-2.600869758087098,-1.2077001560574323,1.6983179547839855,385.0
309,-1.195065499129763,-1.8587685212963594,-1.8153507028212033,-2.600869777241293,-1.2077001901112585,1.6171137186692104,386.25
310,-1.1950655243494404,-1.858768504552759,-1.8153506941691138,-2.600869802969336,-1.2077002151105753,1.5459094825544335,387.5
311,-1.1950655455931554,-1.858768489819598,-1.8153506862559279,-2.600869825893927,-1.2077002361582756,1.4847052464396644,388.75
312,-1.1950655633659162,-1.8587684774936508,-1.8153506796356536,-2.6008698450729306,-1.2077002537670485,1.4335010103249,390.0
313,-1.1950655776677221,-1.858768467574917,-1.8153506743082939,-2.6008698605063465,-1.2077002679368931,1.3922967742101475,391.25
314,-1.1950655884985728,-1.8587684600633954,-1.8153506702738496,-2.6008698721941723,-1.2077002786678084,1.361092538095387,392.5
315,-1.1950655958584684,-1.8587684549590857,-1.8153506675323208,-2.600869880136409,-1.2077002859597947,1.339888301980626,393.75
316,-1.1951655991430017,-1.859044514156804,-1.814973301142957,-2.600971879622787,-1.2078000754241769,1.3283588952071412,395.0
317,-1.1965044810864995,-1.862740680317787,-1.8099207986029102,-2.6023374844300453,-1.2091360950611527,1.3248105797345735,396.25
318,-1.1974893328402882,-1.8654595078967913,-1.8062042800080798,-2.6033419956970456,-1.210118842944652,1.3308937666383593,397.5
319,-1.197489328462678,-1.8654595117969042,-1.806204280033876,-2.603341997853607,-1.2101188422619187,1.3449970305322125,398.75
320,-1.197489320981098,-1.8654595184624143,-1.8062042800779636,-2.603342001539292,-1.2101188410950896,1.369100294426063,400.0
321,-1.1974893103955486,-1.8654595278933221,-1.8062042801403422,-2.603342006754099,-1.2101188394441644,1.4032035583198998,401.25
322,-1.1974892967060293,-1.865459540089627,-1.8062042802210119,-2.603342013498029,-1.210118837309143,1.447306822213744,402.5
323,-1.1974892802779031,-1.8654595548077393,-1.8062042810376833,-2.603342019173148,-1.2101188379357286,1.5014100757983737,403.75
324,-1.1974892610709542,-1.8654595720744709,-1.8062042825113593,-2.6033420240654044,-1.2101188409666737,1.5655133226806335,405.0
325,-1.1974892354202549,-1.8654595894076278,-1.8062042850527422,-2.603342020183499,-1.2101188313095366,1.63961656321443,406.25
326,-1.1974892003333881,-1.8654596045268481,-1.8062042893890526,-2.6033419992490474,-1.210118797540697,1.723719793492092,407.5
327,-1.1974891610536467,-1.8654596214284647,-1.8062042942959775,-2.6033419755909613,-1.2101187595751983,1.8178230153180976,408.75
328,-1.1974891165110815,-1.8654596382646425,-1.8062042974123425,-2.6033419538468046,-1.2101187160707156,1.92192623027454,410.0
329,-1.1974890641461624,-1.8654596506250467,-1.8062042931383695,-2.603341944954407,-1.2101186637417098,2.036029436369695,411.25
330,-1.1974890071906008,-1.8654596640701149,-1.8062042884855531,-2.6033419352986806,-1.2101186068141645,2.160132632982685,412.5
331,-1.197488945339835,-1.8654596694130992,-1.8062042741808026,-2.6033419433416918,-1.2101185449002378,2.2942358241583345,413.75
332,-1.1974888788147013,-1.8654596732845938,-1.806204256920697,-2.6033419557462305,-1.2101184782887269,2.4383390142523735,415.0
333,-1.197488812012706,-1.8654596669357537,-1.8062042293787337,-2.6033419886187144,-1.210118411231342,2.5924421988967143,416.25
334,-1.197488742204429,-1.865459657308842,-1.8062041976126393,-2.6033420289387923,-1.2101183411068137,2.756540160246921,417.5
335,-1.1974886836492515,-1.8654596350719195,-1.806204156840586,-2.6033420910094582,-1.2101182820510248,2.920186521213749,418.75
336,-1.1974886321624414,-1.8654596117747733,-1.8062041172550265,-2.603342153056998,-1.2101182300618363,3.0738328821805254,420.0
337,-1.197488594869969,-1.865459582478373,-1.806204076191611,-2.6033422227783114,-1.2101181921991548,3.217479243147256,421.25
338,-1.1974885634208383,-1.8654595538177918,-1.806204037617598,-2.6033422894637566,-1.2101181602034732,3.3511256041139075,422.5
339,-1.1974885460635578,-1.8654595222274506,-1.806204000595064,-2.603342357730905,-1.2101181422825613,3.4747719650804805,423.75
340,-1.1974885301100615,-1.865459493192011,-1.806203966566751,-2.603342420476891,-1.210118125811018,3.58841832604699,425.0
341,-1.1974885263449704,-1.865459464164663,-1.8062039364161544,-2.6033424795198874,-1.2101181215553343,3.6920646870134473,426.25
342,-1.197488525429943,-1.8654594373506697,-1.8062039093782642,-2.6033425332855495,-1.210118120192867,3.785711047979859,427.5
343,-1.1974885246126263,-1.8654594134000044,-1.8062038852276041,-2.603342581309861,-1.2101181189758905,3.8693574089462146,428.75
344,-1.197488530188599,-1.8654593919463272,-1.806203865597509,-2.603342622419255,-1.2101181242080095,3.9430037699125426,430.0
345,-1.197488537929767,-1.8654593732356683,-1.8062038493910377,-2.603342657401895,-1.2101181316557401,4.006650130878855,431.25
346,-1.1974885444546572,-1.8654593574647955,-1.806203835730896,-2.6033426868881273,-1.2101181379332968,4.060296491845143,432.5
347,-1.1974885497632695,-1.8654593446337087,-1.8062038246170837,-2.6033427108779508,-1.2101181430406798,4.1039428528114215,433.75
348,-1.1974885538556033,-1.8654593347424056,-1.8062038160496035,-2.6033427293713656,-1.210118146977889,4.1375892137776935,435.0
349,-1.1974885567316589,-1.8654593277908864,-1.806203810028455,-2.6033427423683717,-1.2101181497449243,4.161235574743981,436.25
350,-1.19748959332678,-1.865462216337811,-1.8061998310584648,-2.6033438399232787,-1.2101191839577419,4.174884893266562,437.5
351,-1.198527294514287,-1.8683625035416822,-1.8022137120450457,-2.6044368085509966,-1.211154559546784,4.180626708657124,438.75
352,-1.1998098043447052,-1.871947016816138,-1.7972872081892812,-2.6057876209946476,-1.2124341966258143,4.176653237039621,440.0
353,-1.1998800788016293,-1.872143434473968,-1.7970172615137474,-2.6058616373720658,-1.212504317906928,4.16478780513674,441.25
354,-1.1998800772042895,-1.872143441378321,-1.797017264925385,-2.6058616344187198,-1.2125043241784257,4.143161451715642,442.5
355,-1.199880074868342,-1.8721434514752384,-1.7970172699145595,-2.60586163009975,-1.2125043333498566,4.11153509829456,443.75
356,-1.1998800717937863,-1.87214346476472,-1.7970172764812713,-2.605861624415157,-1.2125043454212205,4.069908744873477,445.0
357,-1.1998800678055952,-1.8721434814126845,-1.7970172841196737,-2.605861619250089,-1.2125043588211624,4.018282393281375,446.25
358,-1.1998800627029553,-1.8721435016094927,-1.7970172922493997,-2.6058616167674105,-1.2125043717468396,3.9566560449787485,447.5
359,-1.1998800576841568,-1.8721435246636458,-1.797017303224205,-2.6058616087014466,-1.212504384663635,3.885029698910282,448.75
360,-1.1998800583437998,-1.8721435479984914,-1.797017326406177,-2.6058615632675757,-1.212504384648238,3.803403367211253,450.0
361,-1.1998800590717673,-1.8721435741821042,-1.7970173524637314,-2.6058615121171784,-1.212504384522568,3.711777040867405,451.25
362,-1.1998800598616879,-1.872143603209397,-1.7970173814150143,-2.605861455173503,-1.2125043842313306,3.610150721614006,452.5
363,-1.1998800753433385,-1.8721436315671012,-1.7970174147737277,-2.605861393710546,-1.2125044001707148,3.4985244140312552,453.75
364,-1.1998800923119055,-1.8721436624405932,-1.797017451133777,-2.605861326740213,-1.2125044176593789,3.3768981135746654,455.0
365,-1.1998801199939018,-1.8721436918329193,-1.7970174894066346,-2.6058612595350485,-1.2125044458831138,3.2452718193959775,456.25
366,-1.1998801565445536,-1.8721437205399605,-1.7970175298046387,-2.605861191054475,-1.2125044829986358,3.10364552782264,457.5
367,-1.1998802040946093,-1.87214374544266,-1.7970175698949618,-2.605861126841713,-1.2125045310732625,2.9520192400569556,458.75
368,-1.1998802615838349,-1.8721437672753753,-1.7970176100756485,-2.6058610657500383,-1.2125045890567203,2.7903929587959277,460.0
369,-1.1998803277763581,-1.872143779398751,-1.7970176433027314,-2.605861021425762,-1.212504655600889,2.628344634410393,461.25
370,-1.1998803923217285,-1.8721437879931346,-1.79701767247021,-2.605860984655843,-1.212504720435244,2.4762917604112635,462.5
371,-1.1998804571927266,-1.8721437849795293,-1.7970176901137873,-2.6058609709915235,-1.2125047854020863,2.3342388864123333,463.75
372,-1.1998805177922587,-1.8721437814648292,-1.7970177058948864,-2.6058609596253137,-1.212504846079468,2.2021860124134247,465.0
373,-1.199880573522353,-1.8721437700103927,-1.797017712171845,-2.6058609656085623,-1.2125049017438294,2.0801331384145465,466.25
374,-1.1998806246337406,-1.8721437579537497,-1.7970177163744516,-2.605860974197423,-1.212504952769018,1.968080264415696,467.5
375,-1.199880669998669,-1.8721437448170142,-1.7970177176648128,-2.6058609866894624,-1.2125049980167577,1.8660273904168612,468.75
376,-1.1998807083309124,-1.8721437282601274,-1.7970177132892406,-2.605861008152835,-1.2125050361588412,1.7739745164180214,470.0
377,-1.1998807424990021,-1.872143713501872,-1.7970177093889963,-2.6058610272845733,-1.212505070157429,1.6919216424191907,471.25
378,-1.199880772502937,-1.872143700542245,-1.7970177059640842,-2.605861044084677,-1.2125051000125195,1.6198687684203568,472.5
379,-1.1998807944901326,-1.8721436863553846,-1.7970176987564312,-2.605861065771123,-1.2125051218123095,1.5578158944215317,473.75
380,-1.1998808123421343,-1.8721436739898982,-1.7970176920561212,-2.605861085071674,-1.2125051394980084,1.5057630204226826,475.0
381,-1.199880826764546,-1.8721436639999747,-1.797017686643023,-2.605861100664351,-1.212505153786066,1.4637101464238227,476.25
382,-1.1998808377573678,-1.872143656385615,-1.7970176825171356,-2.605861112549154,-1.2125051646764828,1.4316572724249723,477.5
383,-1.1998808453205998,-1.8721436511468177,-1.797017679678461,-2.605861120726083,-1.2125051721692581,1.4096043984261177,478.75
384,-1.1998808494542414,-1.8721436482835827,-1.7970176781269993,-2.605861125195137,-1.2125051762643924,1.397551524427266,480.0
385,-1.1994553525350902,-1.8709691146046925,-1.7986877942661388,-2.605362662874041,-1.2120810007158482,1.3946882917699899,481.25
386,-1.1992479185451326,-1.8703965265402314,-1.7995019834736772,-2.6051196577538027,-1.2118742109230847,1.4007344230448404,482.5
387,-1.1991169720058263,-1.8700350838612076,-1.8000159409433438,-2.604966256650542,-1.2117436710705507,1.4164721472864517,483.75
388,-1.1989028199551668,-1.8694439747618845,-1.8008564751542069,-2.6047153820492666,-1.2115301841218993,1.4422098715280613,485.0
389,-1.1986054623931532,-1.8686231992422615,-1.8020235861062657,-2.604367033949977,-1.2112337500771304,1.4779475957696686,486.25
390,-1.198221863348642,-1.8675723080051039,-1.8035134207697099,-2.6039254849534865,-1.2108513154896576,1.5236854032390224,487.5
391,-1.1977526371300837,-1.8662913924422093,-1.8053267578259136,-2.6033898710009735,-1.2103834982023443,1.5794232550393077,488.75
392,-1.1971992264294542,-1.8647806661633435,-1.8074654280260458,-2.602758161857273,-1.2098317492111343,1.6451611068395853,490.0
393,-1.1965576208492443,-1.863039462469123,-1.8099245068463516,-2.6020359078545354,-1.2091920375417868,1.7208990790655863,491.25
394,-1.1958301297529172,-1.8610681656589587,-1.8127068292805453,-2.6012199132459597,-1.2084666844055334,1.8066370845568958,492.5
395,-1.1950128308592192,-1.8588660738574188,-1.8158076861291952,-2.600315549715038,-1.2076517461363938,1.9023752279560364,493.75
396,-1.1941077478376176,-1.856433536090429,-1.8192295357980666,-2.5993200302077915,-1.206749257362925,2.0081134366423066,495.0
397,-1.1931100360292688,-1.8537696322735637,-1.822966680087494,-2.5982399241146474,-1.2057543478497168,2.1238518338707397,496.25
398,-1.192020275512737,-1.8508744114068114,-1.8270199370521794,-2.597074369976181,-1.204667601162618,2.2495903856354547,497.5
399,-1.1908371409545895,-1.847747576295646,-1.8313878490907753,-2.595825108999693,-1.203487685275205,2.3853291085837602,498.75
400,-1.189558483018111,-1.844388633717662,-1.8360680774685143,-2.5944949510542794,-1.202212440071893,2.5310680372589545,500.0
401,-1.1881821019925722,-1.8407970388997157,-1.8410583180700177,-2.5930867222361274,-1.2008396550808773,2.68680720172894,501.25
402,-1.1867374741929826,-1.837053848936059,-1.8462435214489967,-2.5916346138705673,-1.1993987166195506,2.8490107335033827,502.5
403,-1.1853569979961083,-1.8335010901508837,-1.851150538130754,-2.590270675183061,-1.198021688568074,3.0028577229794338,503.75
404,-1.184055882488502,-1.8301767242680498,-1.8557276676568346,-2.589008752623549,-1.196723746134516,3.14670494055075,505.0
405,-1.1828371166913536,-1.8270814113029514,-1.859978220783336,-2.587844906003845,-1.195507893506989,3.280552325161188,506.25
406,-1.1817028609929539,-1.824215655911451,-1.8639045284243643,-2.586776321995217,-1.1943763018480813,3.404399839077208,507.5
407,-1.180655329371052,-1.8215800151040142,-1.8675088892464284,-2.585800167927108,-1.1933311959036221,3.5182474483604094,508.75
408,-1.1796925875015964,-1.8191739276881584,-1.8707894638827998,-2.5849188238468357,-1.192370632454238,3.622095190410118,510.0
409,-1.1788195575245264,-1.8169986996142171,-1.8737512098915354,-2.58412607775747,-1.1914995571161986,3.7159429822451253,511.25
410,-1.1780357981714218,-1.815054207761962,-1.876393696524518,-2.5834224788758147,-1.190717526557552,3.7997908403092344,512.5
411,-1.1773432821764467,-1.8133409837234398,-1.8787188922143234,-2.5828055478661116,-1.1900265228652918,3.873638732891223,513.75
412,-1.1767415132230254,-1.811858885070719,-1.8807263215085683,-2.5822758973528304,-1.1894260474295226,3.937486676112484,515.0
413,-1.1762339945967188,-1.810608915845814,-1.8824193429780716,-2.5818292018239326,-1.1889196197273955,3.991334619333767,516.25
414,-1.1758189768487046,-1.8095905608893448,-1.8837963109831541,-2.5814676034658732,-1.188505482320536,4.035182588376418,517.5
415,-1.1754972982748129,-1.8088040668718088,-1.8848580144357867,-2.5811900756152086,-1.1881844773337495,4.069030579775555,518.75
416,-1.1752706559381085,-1.8082499334715583,-1.8856060498068734,-2.5809945401780356,-1.1879583095805821,4.092878571174679,520.0
417,-1.175139049838591,-1.8079281606885924,-1.8860404170964156,-2.5808809971543534,-1.1878269790610343,4.106726562573818,521.25
418,-1.1747517753041083,-1.806983127361677,-1.887315031491912,-2.580548620880353,-1.187440510973756,4.111039443648147,522.5
419,-1.1744320026492259,-1.8062032273106232,-1.8883666733184439,-2.5802745701979397,-1.187121403190893,4.106402746986813,523.75
420,-1.174431672375338,-1.8062031341591294,-1.8883663704984497,-2.580274962227498,-1.187121071863694,4.092296958113591,525.0
421,-1.1744311079607788,-1.8062029749698587,-1.88836585300064,-2.5802756321781004,-1.187120505649101,4.068191169240375,526.25
422,-1.1744303093938842,-1.8062027497567474,-1.888365120785122,-2.58027658019908,-1.1871197044438133,4.03408538361974,527.5
423,-1.1744292765709932,-1.8062024586434653,-1.8883641734976702,-2.5802778076161363,-1.187118667330754,3.9899796247663737,528.75
424,-1.17442800957848,-1.8062021015267202,-1.8883630114338545,-2.5802793133227153,-1.1871173950753724,3.935873865913026,530.0
425,-1.1744270606386102,-1.8062018411774519,-1.8883621477696504,-2.5802804273801723,-1.1871164422074163,3.871768113746691,531.25
426,-1.174427061358397,-1.806201863765747,-1.8883621694526789,-2.5802803835427897,-1.1871164429730938,3.7976623738609376,532.5
427,-1.1744270621703428,-1.8062018893992704,-1.8883621940723359,-2.5802803337427656,-1.1871164438011157,3.713556636704814,533.75
428,-1.1744270630723903,-1.8062019180768254,-1.8883622216330385,-2.580280277960592,-1.1871164446745177,3.61945090289325,535.0
429,-1.1744270771585466,-1.806201946636925,-1.8883622532916076,-2.5802802180537454,-1.1871164591774366,3.515345179628113,536.25
430,-1.1744270940738102,-1.806201977583334,-1.8883622881236737,-2.5802801525932413,-1.187116476602532,3.40123946219159,537.5
431,-1.174427118395051,-1.8062020086569381,-1.8883623253621504,-2.5802800847161054,-1.1871165014575138,3.2771337519909016,538.75
432,-1.1744271551740322,-1.8062020376534047,-1.8883623644549168,-2.580280017257794,-1.1871165387729519,3.143028049008019,540.0
433,-1.174427198806904,-1.8062020659390194,-1.8883624049842864,-2.5802799491741215,-1.187116582945602,2.998922348850363,541.25
434,-1.1744272570631702,-1.8062020880842826,-1.888362444156432,-2.5802798887887635,-1.1871166416753869,2.8448166515122337,542.5
435,-1.1744273241524024,-1.8062021055571407,-1.8883624815873383,-2.580279834935296,-1.1871167091833958,2.681222656875839,543.75
436,-1.1744273961520075,-1.8062021150586434,-1.8883625129102706,-2.580279795211446,-1.1871167814866719,2.521641108460665,545.0
437,-1.1744274671268948,-1.8062021154861427,-1.8883625352376878,-2.5802797735157905,-1.1871168526200704,2.3720595600455283,546.25
438,-1.1744275352113078,-1.80620211137614,-1.8883625523324479,-2.5802797615341806,-1.1871169207853207,2.2324780116304117,547.5
439,-1.1744275981878096,-1.8062021007327107,-1.8883625616007165,-2.5802797638175905,-1.1871169837287967,2.102896463215325,548.75
440,-1.1744276561676408,-1.8062020868558721,-1.888362566233229,-2.5802797738863976,-1.1871170416139711,1.9833149148002638,550.0
441,-1.174427708353344,-1.8062020724096892,-1.8883625685318262,-2.5802797867704554,-1.1871170936836564,1.8737333663852254,551.25
442,-1.1744277524337619,-1.8062020531662017,-1.8883625637388486,-2.5802798114087944,-1.187117137555137,1.7741518179701972,552.5
443,-1.1744277920876167,-1.8062020358551532,-1.888362559427178,-2.5802798335729475,-1.1871171770210358,1.6845702695551794,553.75
444,-1.17442782688153,-1.8062020201348679,-1.8883625551361816,-2.5802798540577823,-1.1871172116416644,1.6049887211401703,555.0
445,-1.1744278522506433,-1.8062020024064305,-1.8883625460138702,-2.580279881235822,-1.1871172367856997,1.5354071727251717,556.25
446,-1.1744278739738025,-1.8062019872258575,-1.8883625382025835,-2.5802799045079365,-1.1871172583161282,1.4758256243101615,557.5
447,-1.1744278920510085,-1.8062019745931523,-1.8883625317023183,-2.5802799238741247,-1.1871172762329507,1.4262440758951174,558.75
448,-1.17442790648226,-1.8062019645083116,-1.8883625265130772,-2.580279939334387,-1.1871172905361664,1.3866625274800626,560.0
449,-1.1744279172675576,-1.806201956971335,-1.8883625226348615,-2.580279950888722,-1.187117301225775,1.3570809790650247,561.25
450,-1.1744279244069007,-1.8062019519822226,-1.888362520067671,-2.580279958537131,-1.187117308301777,1.3374994306499894,562.5
451,-1.1747157224628664,-1.8069213210123067,-1.8874218938947347,-2.5805033136478417,-1.1874047039611983,1.3272284428816696,563.75
452,-1.1763331956731429,-1.8109643604757397,-1.8821353581595968,-2.5817586009626505,-1.1890199159404142,1.3254448078314174,565.0
453,-1.1771336893417135,-1.8129652853699196,-1.8795190226882863,-2.5823798501060935,-1.1898192926524769,1.3329293860469258,566.25
454,-1.1771336841927948,-1.8129652899968074,-1.8795190228096348,-2.5823798522648995,-1.1898192922320854,1.348946250028451,567.5
455,-1.1771336758291904,-1.8129652975124548,-1.879519023006746,-2.582379855771538,-1.1898192915492254,1.3749631140099732,568.75
456,-1.1771336642508998,-1.8129653079168622,-1.8795190232796202,-2.582379860626009,-1.1898192906038976,1.4109799779914993,570.0
457,-1.1771336494579234,-1.8129653212100296,-1.8795190236282568,-2.582379866828313,-1.1898192893961015,1.4569968419730297,571.25
458,-1.1771336319557903,-1.8129653370364587,-1.879519025099215,-2.5823798704841363,-1.189819292234681,1.5130137020627867,572.5
459,-1.1771336114701958,-1.8129653555890464,-1.8795190271246225,-2.582379873706568,-1.189819296781619,1.579030561172163,573.75
460,-1.1771335821895863,-1.8129653729189048,-1.8795190304166574,-2.582379863581978,-1.1898192801273448,1.6550474109428235,575.0
461,-1.1771335445033555,-1.81296538930194,-1.8795190349096567,-2.5823798410568517,-1.1898192437693862,1.741064253722083,576.25
462,-1.1771335024045002,-1.8129654075713213,-1.879519039992534,-2.5823798156155098,-1.1898192029245134,1.8370810860871982,577.5
463,-1.177133453876921,-1.8129654242105713,-1.879519041314833,-2.582379796003265,-1.1898191551610215,1.9430979117932277,578.75
464,-1.1771333979678456,-1.812965437565745,-1.8795190368471844,-2.582379786268851,-1.18981909928391,2.059114729258135,580.0
465,-1.177133337228877,-1.812965451779426,-1.8795190317050527,-2.582379776290003,-1.1898190385678264,2.185131538634871,581.25
466,-1.1771332712961513,-1.8129654557348283,-1.8795190150941798,-2.5823797879764276,-1.189818972554366,2.321148342104027,582.5
467,-1.1771332005161186,-1.8129654599810674,-1.879518997261954,-2.582379800522538,-1.1898189016882825,2.467165145405353,583.75
468,-1.1771331305573896,-1.8129654507356654,-1.8795189667382637,-2.5823798392220945,-1.1898188314330653,2.6231819414779705,585.0
469,-1.1771330589292235,-1.8129654379148996,-1.8795189322668697,-2.582379885409596,-1.1898187594481966,2.7887427684961583,586.25
470,-1.1771329981647642,-1.8129654147918166,-1.8795188912712866,-2.5823799485562082,-1.189818698187096,2.950488897202624,587.5
471,-1.177132947728293,-1.8129653885084374,-1.8795188504393856,-2.5823800148444453,-1.1898186472261103,3.1022350259090796,588.75
472,-1.1771329090953104,-1.8129653580341434,-1.879518809238813,-2.5823800858563466,-1.1898186080275874,3.2439811546154944,590.0
473,-1.1771328796500096,-1.8129653268909813,-1.8795187702398628,-2.582380155470597,-1.1898185780258772,3.3757272833218783,591.25
474,-1.1771328617116215,-1.8129652940673013,-1.879518733189513,-2.582380224983572,-1.1898185595291686,3.497473412028252,592.5
475,-1.1771328452466592,-1.8129652639397031,-1.8795186991824038,-2.582380288786881,-1.1898185425517456,3.6092195407345864,593.75
476,-1.1771328441410267,-1.8129652331898685,-1.8795186693317452,-2.582380349283248,-1.1898185409567734,3.710965669440919,595.0
477,-1.1771328432054227,-1.8129652054475849,-1.8795186424198396,-2.5823804038444176,-1.189818539579823,3.802711798147232,596.25
478,-1.177132842371796,-1.8129651807291136,-1.8795186184412336,-2.5823804524586143,-1.1898185383529558,3.8844579268535386,597.5
479,-1.1771328500409681,-1.8129651585305249,-1.8795185995123203,-2.5823804936372143,-1.1898185456870478,3.9562040555598452,598.75
480,-1.177132857930471,-1.8129651393486466,-1.8795185835465253,-2.5823805288478696,-1.1898185532897172,4.017950184266154,600.0
481,-1.1771328645422412,-1.8129651232733417,-1.8795185701664443,-2.582380558356037,-1.189818559661108,4.069696312972479,601.25
482,-1.1771328698762793,-1.8129651103046096,-1.8795185593720785,-2.5823805821617167,-1.18981856480122,4.111442441678832,602.5
483,-1.1771328739325848,-1.8129651004424487,-1.8795185511634296,-2.5823806002649086,-1.1898185687100535,4.143188570385177,603.75
484,-1.1771328767111582,-1.8129650936868589,-1.8795185455404968,-2.582380612665612,-1.189818571387608,4.1649346990915115,605.0
485,-1.177207237185265,-1.8131532419858702,-1.8792710397536843,-2.5824405084411244,-1.1898928214335458,4.176899243520903,606.25
486,-1.1786421383551737,-1.8167840003262892,-1.874494992260226,-2.5835961846895676,-1.191325592751243,4.1808496182693835,607.5
487,-1.1798002896275095,-1.8197144980490214,-1.8706401017600085,-2.58452896309775,-1.1924820272310905,4.175066841223227,608.75
488,-1.179800769889634,-1.819715720441573,-1.8706385021526355,-2.5845293483655682,-1.1924825122283882,4.161253513117048,610.0
489,-1.1798007681395606,-1.8197157283819592,-1.8706385061475213,-2.584529344306601,-1.1924825198723705,4.137441770791311,611.25
490,-1.1798007656545249,-1.819715739656997,-1.8706385118201028,-2.5845293385430264,-1.1924825307265263,4.1036300284655765,612.5
491,-1.1798007624345266,-1.819715754266686,-1.8706385191703796,-2.584529331074844,-1.1924825447908554,4.059818286139825,613.75
492,-1.1798007581886623,-1.8197157725005124,-1.8706385273157424,-2.584529325275818,-1.1924825595572224,4.006006550367987,615.0
493,-1.1798007529201606,-1.8197157943552633,-1.8706385362659872,-2.5845293211085036,-1.1924825750534658,3.942194819385123,616.25
494,-1.1798007492753058,-1.8197158185446929,-1.8706385505971623,-2.5845293025631038,-1.1924825864575976,3.8683830941355466,617.5
495,-1.179800749984604,-1.8197158438534216,-1.87063857474439,-2.5845292543386837,-1.1924825865003834,3.7845713794718288,618.75
496,-1.1798007507564794,-1.8197158721677154,-1.8706386018244965,-2.584529200134299,-1.1924825863646338,3.690759672570116,620.0
497,-1.1798007547426788,-1.8197159027235332,-1.8706386321546955,-2.584529140246357,-1.1924825895888889,3.5869479723904965,621.25
498,-1.179800771402546,-1.8197159332192485,-1.8706386667106074,-2.5845290754666665,-1.192482606723999,3.473136281409837,622.5
499,-1.179800789527984,-1.8197159663932878,-1.8706387043061719,-2.5845290049825014,-1.1924826253797614,3.3493245994874177,623.75
500,-1.1798008226326084,-1.8197159963637106,-1.870638743440006,-2.5845289364392987,-1.1924826590276587,3.2155129229433244,625.0
501,-1.1798008615869773,-1.819716027104521,-1.870638785123958,-2.584528864681273,-1.1924826985585173,3.071701247692601,626.25
502,-1.179800915609732,-1.8197160513539956,-1.8706388252311918,-2.584528801198951,-1.1924827530845312,2.917889577771863,627.5
503,-1.1798009767696036,-1.8197160746493513,-1.870638866633482,-2.5845287374798014,-1.1924828147470963,2.754077914181939,628.75
504,-1.1798010497395368,-1.8197160844434888,-1.8706388986991431,-2.5845286967363346,-1.1924828880302298,2.5901268639627597,630.0
505,-1.1798011194640354,-1.8197160908138006,-1.8706389264613128,-2.584528663662076,-1.1924829580064324,2.436175324586148,631.25
506,-1.179801188810528,-1.8197160866786648,-1.870638943990684,-2.584528651290694,-1.1924830274365936,2.2922237852095524,632.5
507,-1.179801253272061,-1.8197160808277073,-1.8706389583526046,-2.584528643724851,-1.1924830919439522,2.158272245832979,633.75
508,-1.179801312625986,-1.8197160666648668,-1.870638963126776,-2.584528653958922,-1.1924831512003848,2.034320706456426,635.0
509,-1.1798013671914358,-1.819716053644644,-1.8706389675157742,-2.584528663367343,-1.1924832056762076,1.92036916707991,636.25
510,-1.1798014136475796,-1.819716035689705,-1.870638964637737,-2.584528684842571,-1.1924832519466921,1.8164176277034119,637.5
511,-1.1798014547201,-1.8197160177882234,-1.870638960141192,-2.5845287078026846,-1.1924832928227986,1.7224660883269154,638.75
512,-1.1798014914209507,-1.8197160017921403,-1.8706389561232446,-2.584528728318973,-1.1924833293481414,1.6385145489504287,640.0
513,-1.1798015202092302,-1.8197159849071305,-1.8706389487949169,-2.5845287529140095,-1.1924833579297065,1.564563009573937,641.25
514,-1.1798015432362277,-1.8197159688308957,-1.8706389404582224,-2.5845287776249766,-1.1924833807504442,1.5006114701974487,642.5
515,-1.1798015626625307,-1.8197159552684772,-1.8706389334251217,-2.58452879847193,-1.1924834000027398,1.446659930820942,643.75
516,-1.1798015784881395,-1.8197159442198756,-1.870638927695615,-2.5845288154548696,-1.192483415686594,1.4027083914444236,645.0
517,-1.179801590713053,-1.819715935685088,-1.8706389232697045,-2.5845288285737937,-1.1924834278020056,1.3687568520679008,646.25
518,-1.1798015993372717,-1.8197159296641154,-1.8706389201473905,-2.584528837828704,-1.1924834363489747,1.344805312691388,647.5
519,-1.179801618743381,-1.8197159629973365,-1.8706388695793505,-2.584528855231937,-1.1924834556874702,1.3308537734059138,648.75
520,-1.18091736483846,-1.8225738920702308,-1.8668570896508536,-2.5854607270770567,-1.1935974472609119,1.324948879522204,650.0
521,-1.1823479716324665,-1.826238334494607,-1.8620080887517962,-2.5866555717133526,-1.1950258055393246,1.3287452089312926,651.25
522,-1.1824325069734603,-1.8264548811920118,-1.8617215461646173,-2.586726180452159,-1.19511021132384,1.3405655155779321,652.5
523,-1.1824325000989304,-1.8264548873582453,-1.8617215462870782,-2.586726183480894,-1.195110210618096,1.3621342865319634,653.75
524,-1.1824324900371397,-1.82645489638335,-1.861721546466316,-2.586726187913851,-1.195110209585145,1.3937030574859985,655.0
525,-1.182432476788088,-1.8264549082673258,-1.8617215467023303,-2.5867261937510295,-1.1951102082249878,1.4352718284400308,656.25
526,-1.1824324605642866,-1.8264549228634952,-1.861721547427653,-2.5867261993936412,-1.1951102083679437,1.4868405970141083,657.5
527,-1.1824324416230314,-1.8264549399942698,-1.8617215491659684,-2.5867262029059592,-1.195110212230063,1.548409361171922,658.75
528,-1.182432418415566,-1.8264549590472845,-1.861721551411597,-2.5867262039873995,-1.1951102121539425,1.6199781232315082,660.0
529,-1.1824323831201757,-1.826454974367862,-1.8617215556435593,-2.586726182906701,-1.1951101781252185,1.7015468709369717,661.25
530,-1.1824323434833408,-1.8264549915577954,-1.8617215604269801,-2.5867261590990007,-1.1951101398042712,1.7931156135057575,662.5
531,-1.1824322994971739,-1.8264550106122097,-1.861721565779767,-2.5867261324860555,-1.1951100971250133,1.8946843490843577,663.75
532,-1.1824322464540757,-1.826455023362066,-1.861721561634175,-2.5867261230527525,-1.1951100441324214,2.0062530730821546,665.0
533,-1.1824321885911404,-1.8264550371441024,-1.861721556976886,-2.5867261130566988,-1.1951099862977246,2.127821790007694,666.25
534,-1.182432125750801,-1.8264550454550044,-1.8617215454742428,-2.5867261153165986,-1.195109923422299,2.259390500735102,667.5
535,-1.182432057972292,-1.8264550494741756,-1.8617215282813857,-2.5867261274931046,-1.1951098555597626,2.400959208856362,668.75
536,-1.1824319884685282,-1.8264550463331646,-1.861721503634186,-2.5867261542367035,-1.1951097858547155,2.552527913169609,670.0
537,-1.1824319169177473,-1.8264550368140238,-1.8617214721882431,-2.5867261941071362,-1.1951097139968527,2.714096610916008,671.25
538,-1.1824318526662727,-1.8264550165816755,-1.861721432660393,-2.586726252851479,-1.1951096492825821,2.8797532785610236,672.5
539,-1.182431794710471,-1.8264549944886679,-1.861721393292264,-2.5867263133854883,-1.1951095908478084,3.0359440315678845,673.75
540,-1.1824317550985863,-1.8264549635991556,-1.861721351128446,-2.5867263857607763,-1.1951095506559186,3.1821347845747114,675.0
541,-1.1824317184354889,-1.826454934655712,-1.8617213117618898,-2.586726453442215,-1.1951095134503378,3.3183255375814977,676.25
542,-1.1824316993598534,-1.826454901350534,-1.8617212736495132,-2.586726524481459,-1.1951094938005007,3.4445162905882647,677.5
543,-1.1824316824493568,-1.8264548704000418,-1.8617212384855595,-2.5867265902565277,-1.1951094763581667,3.560707043595016,678.75
544,-1.1824316747467185,-1.8264548402661256,-1.8617212069737272,-2.5867266517026284,-1.1951094681566903,3.6668977966017504,680.0
545,-1.1824316737764706,-1.826454811538619,-1.861721178914215,-2.586726708394438,-1.1951094667246829,3.763088549608446,681.25
546,-1.1824316729070898,-1.8264547857976319,-1.8617211537717675,-2.586726759192562,-1.1951094654415473,3.8492793026151633,682.5
547,-1.1824316762546905,-1.8264547627991048,-1.8617211325904488,-2.5867268033577453,-1.1951094684284038,3.9254700556218545,683.75
548,-1.182431684606942,-1.826454742496335,-1.861721115570052,-2.586726840748523,-1.1951094764738797,3.991660808628553,685.0
549,-1.1824316916973479,-1.8264547252608783,-1.8617211011210704,-2.586726872490358,-1.195109483303857,4.047851561635268,686.25
550,-1.1824316975259082,-1.8264547110927358,-1.861721089243502,-2.58672689858325,-1.195109488918336,4.094042314642011,687.5
551,-1.1824317020926227,-1.8264546999919047,-1.8617210799373511,-2.5867269190271998,-1.1951094933173165,4.130233067648752,688.75
552,-1.1824317053974915,-1.826454691958385,-1.8617210732026168,-2.5867269338222063,-1.1951094965007987,4.1564238206554895,690.0
553,-1.1824317074405148,-1.826454686992177,-1.8617210690392993,-2.58672694296827,-1.1951094984687822,4.172614573662225,691.25
554,-1.1831639389325086,-1.8283533599475879,-1.8591938979694063,-2.5873606690134663,-1.1958405124869895,4.180257601142701,692.5
555,-1.1847216514361376,-1.8323925124920217,-1.85381771816165,-2.588708818626643,-1.1973956358915943,4.178706655702416,693.75
556,-1.185026275091755,-1.8331824075115257,-1.8527663605326605,-2.5889724595271826,-1.1976997569456718,4.168655864819114,695.0
557,-1.1850262736704473,-1.833182413880854,-1.8527663637077074,-2.588972456428605,-1.1976997629740602,4.149365177541151,696.25
558,-1.1850262715123556,-1.8331824235519454,-1.8527663685286504,-2.588972451723773,-1.197699772127474,4.120074490263191,697.5
559,-1.1850262686174795,-1.8331824365247997,-1.8527663749954897,-2.5889724454126855,-1.1976997844059134,4.08078380298522,698.75
560,-1.1850262649265222,-1.8331824528573717,-1.85276638293125,-2.588972438167758,-1.1976997992929053,4.031493116080039,700.0
561,-1.1850262600209454,-1.8331824729587227,-1.8527663910867758,-2.588972434735151,-1.1976998131429921,3.972202431742696,701.25
562,-1.1850262542879915,-1.833182496450379,-1.8527664006178173,-2.588972430723598,-1.1976998293290424,3.902911747405371,702.5
563,-1.1850262542518153,-1.8331825204097296,-1.8527664222004838,-2.588972389418606,-1.1976998311426605,3.8236210778593582,703.75
564,-1.185026254992017,-1.8331825470339385,-1.8527664478086245,-2.588972338407851,-1.1976998311166878,3.734330412333754,705.0
565,-1.1850262557879028,-1.8331825766214074,-1.8527664763519958,-2.588972281392654,-1.1976998308588145,3.635039756550799,706.25
566,-1.1850262681220867,-1.833182606397795,-1.8527665089879874,-2.588972219462333,-1.1976998432740031,3.525749109681398,707.5
567,-1.185026285372642,-1.833182637975702,-1.8527665450143678,-2.5889721521325155,-1.1976998610299563,3.406458470365951,708.75
568,-1.1850263098327596,-1.8331826696958178,-1.8527665834191094,-2.5889720824081293,-1.1976998860313939,3.277167838033076,710.0
569,-1.1850263471016258,-1.8331826991250222,-1.8527666235751248,-2.588972013460015,-1.1976999238575874,3.1378772096782606,711.25
570,-1.185026392092401,-1.8331827271476415,-1.8527666647739456,-2.5889719449878967,-1.197699969399199,2.9885865836206458,712.5
571,-1.1850264508367023,-1.8331827495569655,-1.8527667048164678,-2.588971883476007,-1.1977000286317279,2.829295964394244,713.75
572,-1.18502651860405,-1.8331827655893562,-1.85276674148795,-2.588971831828976,-1.1977000968043188,2.662932914104333,715.0
573,-1.1850265883523154,-1.8331827748892915,-1.852766772248432,-2.5889717928361256,-1.1977001668538292,2.5044636947992727,716.25
574,-1.1850266576698631,-1.8331827739519044,-1.8527667929474323,-2.588971774107078,-1.1977002363070255,2.3559944754942412,717.5
575,-1.1850267235577898,-1.833182770065871,-1.8527668097179955,-2.5889717621956665,-1.1977003022757169,2.217525256189255,718.75
576,-1.185026784422997,-1.8331827586394118,-1.8527668176108398,-2.58897176660635,-1.197700363089483,2.0890560368842563,720.0
577,-1.1850268404559658,-1.8331827453067735,-1.852766822148912,-2.5889717762005002,-1.197700419029843,1.9705868175792949,721.25
578,-1.1850268903625338,-1.833182730543287,-1.8527668233897265,-2.588971790427273,-1.1977004688074657,1.8621175982743505,722.5
579,-1.1850269328816574,-1.8331827120408968,-1.8527668187020534,-2.5889718142006797,-1.1977005111214414,1.763648378969421,723.75
580,-1.1850269710827712,-1.8331826954175128,-1.8527668144904288,-2.58897183555979,-1.1977005491382406,1.6751791596645127,725.0
581,-1.1850270039203585,-1.8331826798475381,-1.8527668096283625,-2.5889718564387745,-1.197700581796795,1.5967099403596063,726.25
582,-1.1850270282711148,-1.833182662864647,-1.852766800750631,-2.588971882615656,-1.1977006059273383,1.5282407210546998,727.5
583,-1.1850270490654182,-1.8331826483621245,-1.8527667931695015,-2.588971904969378,-1.1977006265335912,1.4697715017497885,728.75
584,-1.1850270663032691,-1.8331826363399735,-1.8527667868849704,-2.5889719234999404,-1.1977006436155542,1.4213022824448522,730.0
585,-1.1850270799846667,-1.8331826267981906,-1.8527667818970415,-2.588971938207342,-1.197700657173226,1.382833063139911,731.25
586,-1.1850270901096112,-1.833182619736776,-1.852766778205715,-2.5889719490915826,-1.1977006672066073,1.3543638438349799,732.5
587,-1.1850270966781027,-1.8331826151557298,-1.8527667758109914,-2.5889719561526623,-1.1977006737156974,1.335894624530044,733.75
588,-1.1854270558579298,-1.8342324899441365,-1.851361283861346,-2.5893304095591465,-1.1980999310101221,1.3264771380771057,735.0
589,-1.1869834158491008,-1.8383179070028275,-1.8458920569356643,-2.5907252564211203,-1.199653560099059,1.325728287587245,736.25
590,-1.187586165670202,-1.8399001240246413,-1.8437739156926716,-2.5912654585057426,-1.2002552544812255,1.3339866553722188,737.5
591,-1.1875861603056688,-1.8399001288278678,-1.843773915759513,-2.591265460974212,-1.2002552538206468,1.350962802132531,738.75
592,-1.1875861517810933,-1.8399001364604917,-1.8437739158657287,-2.591265464896763,-1.2002552527709462,1.377938948892833,740.0
593,-1.187586140096476,-1.839900146922513,-1.843773916011318,-2.5912654702733944,-1.200255251332124,1.4149150956531389,741.25
594,-1.187586125251817,-1.8399001602139315,-1.8437739161962812,-2.591265477104107,-1.20025524950418,1.4618912424134562,742.5
595,-1.1875861078105538,-1.8399001759523705,-1.8437739175495822,-2.5912654812439913,-1.2002552521904757,1.518867377214725,743.75
596,-1.1875860873820605,-1.839900194402929,-1.8437739192885216,-2.5912654855666695,-1.2002552559915611,1.5858435105670956,745.0
597,-1.1875860574887083,-1.83990021087938,-1.8437739226279808,-2.59126547378267,-1.2002552358036405,1.662819632860284,746.25
598,-1.187586020314051,-1.839900226991425,-1.8437739271115272,-2.591265451594337,-1.2002551999856654,1.749795749675195,747.5
599,-1.187585978832765,-1.8399002449346646,-1.8437739321882778,-2.5912654265181367,-1.200255159774297,1.8467718546746816,748.75
600,-1.187585930625164,-1.8399002604923713,-1.8437739325690674,-2.5912654091155245,-1.200255112224526,1.9537479530290316,750.0
601,-1.187585875628314,-1.8399002735553855,-1.8437739281138643,-2.5912653996707684,-1.2002550572603214,2.070724043324816,751.25
602,-1.1875858158843366,-1.83990028638601,-1.8437739219440652,-2.5912653921135287,-1.2002549975304402,2.1977001258031863,752.5
603,-1.1875857511042063,-1.8399002901879533,-1.8437739053965077,-2.591265403904502,-1.200254932668432,2.3346762028704466,753.75
604,-1.1875856821071216,-1.8399002930227226,-1.8437738865894993,-2.591265418856687,-1.2002548635652028,2.4816522792391713,755.0
605,-1.187585613437155,-1.8399002838484129,-1.843773856197739,-2.5912654573712692,-1.2002547945970077,2.638628348532958,756.25
606,-1.187585544488148,-1.8399002699232874,-1.843773821094897,-2.5912655053303766,-1.2002547252723184,2.804644627102464,757.5
607,-1.1875854855556103,-1.8399002474289825,-1.8437737807824806,-2.591265567194129,-1.2002546658473214,2.965424608786689,758.75
608,-1.1875854381151152,-1.839900220878238,-1.8437737401138123,-2.5912656336310573,-1.2002546178738798,3.1162045904708764,760.0
609,-1.1875854006771025,-1.8399001913093445,-1.8437736996338832,-2.5912657030385002,-1.2002545798759692,3.25698457215503,761.25
610,-1.1875853736860063,-1.839900160454724,-1.8437736611677333,-2.591265771870434,-1.2002545523270034,3.387764553839159,762.5
611,-1.1875853563202976,-1.8399001286715815,-1.843773624806258,-2.5912658396674724,-1.200254534409435,3.5085445355232583,763.75
612,-1.1875853416919526,-1.8399000992111298,-1.8437735915609557,-2.5912659020729887,-1.2002545192727665,3.619324517207341,765.0
613,-1.1875853406863326,-1.8399000694867678,-1.8437735623165472,-2.591265960944353,-1.2002545177843136,3.720104498891414,766.25
614,-1.1875853397804965,-1.8399000427118413,-1.8437735359739418,-2.5912660139741437,-1.200254516443554,3.810884480575476,767.5
615,-1.187585338974444,-1.839900018886348,-1.8437735125331416,-2.5912660611623615,-1.2002545152504878,3.891664462259522,768.75
616,-1.1875853473183335,-1.8398999974791859,-1.8437734943058497,-2.5912661008621685,-1.200254523266455,3.9624444439435846,770.0
617,-1.1875853548934243,-1.8398999790724264,-1.843773478758502,-2.591266134878457,-1.2002545305604597,4.023224425627641,771.25
618,-1.1875853612222018,-1.8398999636940936,-1.8437734657691238,-2.591266163298118,-1.2002545366543975,4.074004407311728,772.5
619,-1.1875853663046656,-1.8398999513441858,-1.843773455337717,-2.591266186121153,-1.2002545415482682,4.114784388995828,773.75
620,-1.1875853701408163,-1.839899942022702,-1.8437734474642824,-2.59126620334756,-1.200254545242072,4.145564370679905,775.0
621,-1.1875853727306533,-1.8398999357296424,-1.8437734421488203,-2.5912662149773404,-1.200254547735809,4.166344352363986,776.25
622,-1.187724879613594,-1.8402706527350272,-1.8432743148323896,-2.591395607924454,-1.2003937966088856,4.177542073363955,777.5
623,-1.1891558967955431,-1.8440734205885576,-1.8381544045209908,-2.5927228299954495,-1.2018221677670486,4.180612861367396,778.75
624,-1.1901095541124538,-1.8466076627690087,-1.8347423969549215,-2.593607314765281,-1.2027740641248452,4.174150202973138,780.0
625,-1.1901095530324033,-1.8466076675508827,-1.8347423993190852,-2.593607312548942,-1.2027740685743893,4.159522158909612,781.25
626,-1.1901095512140103,-1.8466076756017333,-1.8347424032994342,-2.5936073088174725,-1.2027740760657237,4.134894114846095,782.5
627,-1.190109548657275,-1.846607686921561,-1.8347424088959694,-2.593607303570873,-1.2027740865988488,4.100266070782569,783.75
628,-1.1901095453621973,-1.8466077015103661,-1.8347424161086903,-2.593607296809143,-1.2027741001737635,4.0556380267190315,785.0
629,-1.190109540994595,-1.8466077196896096,-1.8347424239548438,-2.5936072922433975,-1.2027741138501389,4.0010099848758784,786.25
630,-1.1901095356387157,-1.8466077413782511,-1.834742432682184,-2.593607288938059,-1.202774128369236,3.9363819441951042,787.5
631,-1.1901095325007698,-1.8466077650489177,-1.8347424477808194,-2.5936072679159596,-1.2027741376279026,3.8617539106850347,788.75
632,-1.1901095331998666,-1.8466077899714708,-1.8347424719190473,-2.5936072200335394,-1.202774137636638,3.7771258865318584,790.0
633,-1.1901095339584447,-1.846607817822366,-1.8347424989696965,-2.5936071662345297,-1.2027741374497793,3.6824978713058636,791.25
634,-1.190109539067514,-1.8466078475708216,-1.8347425293582633,-2.59360710696135,-1.2027741419156939,3.577869862846881,792.5
635,-1.1901095554436485,-1.8466078775451795,-1.8347425637992723,-2.593607042809461,-1.2027741587716874,3.463241862937676,793.75
636,-1.1901095732501934,-1.8466079101333257,-1.8347426012482102,-2.5936069730488547,-1.2027741771137226,3.338613872337754,795.0
637,-1.1901096070593464,-1.8466079390128123,-1.834742640062545,-2.5936069059292457,-1.202774211465069,3.2039858872152114,796.25
638,-1.1901096452885187,-1.8466079692093245,-1.834742681545071,-2.5936068349037393,-1.2027742502722396,3.0593579028159006,797.5
639,-1.1901096995256142,-1.846607992183054,-1.8347427209878107,-2.5936067733614507,-1.2027743050023536,2.90472992423913,798.75
640,-1.1901097603725665,-1.8466080140572707,-1.8347427614278649,-2.593606712017356,-1.2027743663384645,2.7401581583780623,800.0
641,-1.1901098313013017,-1.8466080235499058,-1.8347427929314133,-2.5936066721078803,-1.2027744375771743,2.577029606104608,801.25
642,-1.1901098994080237,-1.8466080287534465,-1.8347428193602444,-2.593606641508213,-1.202774505917955,2.423901053831092,802.5
643,-1.1901099666868553,-1.8466080248234944,-1.8347428366065763,-2.5936066291870166,-1.2027745732805561,2.2807725015574025,803.75
644,-1.190110029169202,-1.8466080183366387,-1.8347428498516551,-2.593606623345219,-1.2027746357945803,2.147643949283581,805.0
645,-1.1901100866989616,-1.8466080046839355,-1.8347428545438311,-2.593606633128393,-1.2027746932286587,2.0245153970096315,806.25
646,-1.1901101395563902,-1.8466079921400544,-1.8347428588549204,-2.593606642117019,-1.2027747459981775,1.911386844735552,807.5
647,-1.1901101841729376,-1.8466079741745256,-1.8347428552865415,-2.5936066642686137,-1.2027747904205928,1.8082582924613801,808.75
648,-1.1901102238974046,-1.846607956915675,-1.8347428508753372,-2.593606686485151,-1.2027748299516792,1.7151297401871182,810.0
649,-1.1901102593563206,-1.8466079415100558,-1.8347428469377978,-2.5936067063161112,-1.2027748652379793,1.6320011879127558,811.25
650,-1.1901102866741584,-1.8466079248964355,-1.834742839268619,-2.593606730961657,-1.2027748923456973,1.558872635638357,812.5
651,-1.1901103088524772,-1.8466079094457075,-1.8347428311247729,-2.5936067548453288,-1.2027749143215212,1.495744083363887,813.75
652,-1.1901103275175968,-1.846607896442483,-1.8347428242709665,-2.5936067749456617,-1.2027749328162227,1.4426155310894067,815.0
653,-1.1901103426695174,-1.8466078858867623,-1.8347428187072006,-2.5936067912626566,-1.2027749478298018,1.399486978814893,816.25
654,-1.1901103543082385,-1.846607877778543,-1.8347428144334772,-2.5936068037963116,-1.2027749593622579,1.3663584265403743,817.5
655,-1.1901103624337603,-1.8466078721178256,-1.834742811449796,-2.5936068125466276,-1.202774967413591,1.3432298742659012,818.75
656,-1.1901197921504758,-1.8466332247563968,-1.8347084791359198,-2.5936158582263404,-1.2027843787516987,1.33006934902897,820.0
657,-1.1912868802997463,-1.8497729776961005,-1.8304574020182127,-2.5947353481304516,-1.2039491963331526,1.324780788338107,821.25
658,-1.1925611422500386,-1.853201066330919,-1.8258159363677782,-2.595957642684738,-1.205220980435646,1.3292821018105045,822.5
659,-1.1926004522661882,-1.8533068340101644,-1.8256727367311778,-2.595995355056997,-1.205260217289736,1.3416579479925648,823.75
660,-1.1926004452968038,-1.853306840239544,-1.8256727367830747,-2.5959953583900166,-1.205260216292289,1.363902701658116,825.0
661,-1.192600435194373,-1.8533068492693048,-1.825672736858301,-2.595995363221376,-1.2052602148464455,1.396147455323714,826.25
662,-1.1926004219588964,-1.8533068610994474,-1.825672736956858,-2.5959953695510753,-1.2052602129522054,1.4383922089893022,827.5
663,-1.1926004058418038,-1.8533068755619315,-1.825672737575276,-2.59599537556865,-1.2052602128203174,1.4906369556971315,828.75
664,-1.1926003870183257,-1.8533068925396456,-1.8256727390596046,-2.5959953800123277,-1.2052602159915224,1.5528816927813969,830.0
665,-1.1926003634009914,-1.853306910915271,-1.8256727411869043,-2.5959953803956193,-1.2052602129147922,1.6251264266135828,831.25
666,-1.1926003286742148,-1.8533069259437265,-1.8256727454007053,-2.5959953596808236,-1.2052601794754008,1.7073711471100692,832.5
667,-1.1926002897095145,-1.8533069427887066,-1.8256727501659462,-2.5959953362793007,-1.205260141837109,1.799615861525933,833.75
668,-1.192600246256415,-1.8533069610202992,-1.8256727549594078,-2.5959953111975396,-1.205260099650203,1.9018605689847041,835.0
669,-1.192600194121905,-1.8533069733715513,-1.825672750707271,-2.5959953022990403,-1.205260047550471,2.0141052654038116,836.25
670,-1.192600137341557,-1.8533069868243226,-1.8256727460728337,-2.5959952926208567,-1.2052599907991683,2.1363499541667474,837.5
671,-1.1926000756776634,-1.8533069941647051,-1.8256727338961047,-2.5959952965399307,-1.2052599290929487,2.2685946368909518,838.75
672,-1.1926000092177507,-1.8533069980303516,-1.8256727167971696,-2.59599530879242,-1.2052598625480115,2.410839317429783,840.0
673,-1.1925999414471589,-1.8533069940040257,-1.8256726915469397,-2.5959953370452262,-1.2052597945616679,2.563083993760168,841.25
674,-1.1925998713282886,-1.8533069846055599,-1.8256726602904094,-2.595995376625363,-1.205259724134681,2.7253286636415233,842.5
675,-1.1925998095684693,-1.8533069639520898,-1.8256726206229206,-2.5959954359657202,-1.205259661901124,2.890570457020454,843.75
676,-1.1925997540224047,-1.853306941905346,-1.8256725815420067,-2.5959954962019367,-1.2052596058722302,3.0460784890043193,845.0
677,-1.192599715792402,-1.8533069117069307,-1.825672539908972,-2.5959955673787736,-1.2052595670643609,3.191586520988293,846.25
678,-1.192599680568359,-1.8533068834195388,-1.825672501094951,-2.5959956338757757,-1.205259531300314,3.327094552972427,847.5
679,-1.192599662738935,-1.853306850796788,-1.8256724634963368,-2.59599570374116,-1.2052595128983876,3.4526025849567126,848.75
680,-1.1925996463300916,-1.8533068207733,-1.8256724288934292,-2.5959957680399386,-1.2052594959626566,3.5681106169410852,850.0
681,-1.1925996398098226,-1.8533067913420105,-1.8256723979793947,-2.595995828207232,-1.205259488946987,3.6736186489255904,851.25
682,-1.1925996388669036,-1.8533067635247524,-1.825672370401332,-2.59599588351239,-1.2052594875473472,3.7691266809101824,852.5
683,-1.192599638022711,-1.8533067386200566,-1.8256723457107769,-2.595995933026919,-1.2052594862942543,3.854634712894849,853.75
684,-1.192599641929813,-1.8533067163573294,-1.8256723251047047,-2.5959959758933153,-1.2052594898461142,3.9301427448796056,855.0
685,-1.1925996499946725,-1.853306696771091,-1.8256723084304154,-2.5959960122209718,-1.2052594976086448,3.9956507768643883,856.25
686,-1.1925996568284065,-1.853306680174752,-1.8256722943015062,-2.595996043003101,-1.205259504186202,4.051158808849217,857.5
687,-1.1925996624310158,-1.8533066665683136,-1.8256722827179757,-2.595996068239703,-1.2052595095787852,4.0966668408340725,858.75
688,-1.1925996668024994,-1.8533066559517737,-1.8256722736798268,-2.595996087930779,-1.2052595137863946,4.132174872818932,860.0
689,-1.1925996699428578,-1.853306648325132,-1.8256722671870593,-2.5959961020763274,-1.2052595168090299,4.1576829048037816,861.25
690,-1.1925996718520908,-1.853306643688388,-1.8256722632396736,-2.5959961106763485,-1.2052595186466912,4.173190936788615,862.5
691,-1.1933847743311123,-1.8554449096209829,-1.8227610451388085,-2.5967745196363277,-1.2060430163016043,4.180340931697616,863.75
692,-1.1948312708283597,-1.8593845247438012,-1.8173973261895537,-2.5982086780858644,-1.2074865570221638,4.178179609480424,865.0
693,-1.1950562457511436,-1.8599972620155971,-1.8165631009016083,-2.5984317333312763,-1.207711075956446,4.167706448777681,866.25
694,-1.1950562442844856,-1.8599972684330597,-1.8165631040511994,-2.5984317304950184,-1.2077110818269117,4.147877118980195,867.5
695,-1.1950562420781874,-1.8599972780868708,-1.8165631087891407,-2.5984317262284264,-1.2077110906578734,4.118047789182683,868.75
696,-1.1950562391322488,-1.8599972909770304,-1.8165631151154318,-2.5984317205314995,-1.2077111024493312,4.078218459385161,870.0
697,-1.1950562353607543,-1.8599973071850318,-1.816563122780768,-2.5984317143398012,-1.2077111164377028,4.028389130680803,871.25
698,-1.1950562303967218,-1.8599973270589696,-1.8165631307202572,-2.598431711649541,-1.2077111293613845,3.968559807052345,872.5
699,-1.1950562246029908,-1.8599973502546794,-1.8165631399867699,-2.598431708509624,-1.2077111444451578,3.8987304834239187,873.75
700,-1.1950562249266956,-1.859997373617353,-1.8165631621077787,-2.598431665571585,-1.2077111452177345,3.81890117562164,875.0
701,-1.1950562256528714,-1.859997399733265,-1.8165631876329076,-2.5984316150765667,-1.2077111451477887,3.7290718716642877,876.25
702,-1.1950562264363187,-1.8599974287385797,-1.8165632160639589,-2.598431558685581,-1.2077111448676145,3.6292425769619236,877.5
703,-1.1950562393120068,-1.859997457740589,-1.816563248625224,-2.5984314975324123,-1.2077111579105306,3.519413291819178,878.75
704,-1.195056256228392,-1.8599974886883714,-1.8165632844590565,-2.598431431016257,-1.2077111753362386,3.399584014153133,880.0
705,-1.1950562810575807,-1.8599975194023468,-1.816563322548073,-2.5984313626197793,-1.2077112007068886,3.2697547433495515,881.25
706,-1.195056317576099,-1.859997548246691,-1.8165633624626478,-2.5984312944846275,-1.2077112377832946,3.1299254762204534,882.5
707,-1.1950563624591215,-1.8599975751508304,-1.8165634031033835,-2.5984312276843236,-1.2077112832099894,2.9800962116793284,883.75
708,-1.1950564199904907,-1.8599975971338183,-1.8165634428856081,-2.5984311668404785,-1.207711341230155,2.8202669538682033,885.0
709,-1.1950564867218987,-1.859997612116232,-1.816563478675067,-2.598431117108654,-1.2077114083556795,2.653981074758023,886.25
710,-1.1950565545639011,-1.8599976212212015,-1.8165635090274384,-2.59843107869197,-1.2077114764976646,2.49605707204569,887.5
711,-1.1950566222544996,-1.859997619687664,-1.816563528856897,-2.5984310614055453,-1.2077115443130937,2.348133069333187,888.75
712,-1.1950566863084695,-1.8599976159770977,-1.8165635453962887,-2.5984310495258454,-1.2077116084480601,2.210209066620589,890.0
713,-1.1950567454408265,-1.8599976043600734,-1.816563552599066,-2.5984310547940463,-1.2077116675205808,2.0822850639078085,891.25
714,-1.1950567998768111,-1.859997591473273,-1.8165635570710228,-2.598431063989067,-1.2077117218654534,1.964361061194921,892.5
715,-1.1950568481092763,-1.8599975767756525,-1.8165635578042998,-2.5984310786357723,-1.2077117699633,1.8564370584818946,893.75
716,-1.1950568893769602,-1.8599975588746698,-1.816563553187751,-2.59843110172267,-1.2077118110282874,1.7585130557688022,895.0
717,-1.1950569264303896,-1.85999754280174,-1.816563549042638,-2.5984311224519345,-1.20771184789972,1.6705890530556045,896.25
718,-1.1950569579565011,-1.8599975275197207,-1.816563543933811,-2.5984311432733787,-1.2077118792445807,1.5926650503423518,897.5
719,-1.1950569815322765,-1.8599975111147637,-1.8165635352129506,-2.59843116870769,-1.2077119026030316,1.5247410476290266,898.75
720,-1.1950570016371471,-1.859997497125,-1.8165635277760046,-2.5984311903974766,-1.207711922522573,1.4668170449156754,900.0
721,-1.1950570182711133,-1.8599974855504313,-1.8165635216229692,-2.5984312083427397,-1.2077119390032056,1.418893042202292,901.25
722,-1.1950570314341746,-1.8599974763910554,-1.816563516753849,-2.598431222543478,-1.2077119520449284,1.3809690394888978,902.5
723,-1.195057041126331,-1.8599974696468715,-1.816563513168644,-2.5984312329996913,-1.2077119616477416,1.3530450367755131,903.75
724,-1.1950570473475821,-1.8599974653178801,-1.8165635108673541,-2.5984312397113793,-1.2077119678116446,1.3351210340621527,905.0
725,-1.1954975485480215,-1.8612120640367584,-1.8149007702122497,-2.5988824232525696,-1.2081515241721992,1.3261056111991578,906.25
726,-1.1969723487977921,-1.8652785824729374,-1.8093338707450726,-2.6003929880184486,-1.209623161455554,1.3258306849057124,907.5
727,-1.1974808643407138,-1.866680740088247,-1.807414376952954,-2.600913839139807,-1.2101305885296734,1.3344234293586912,908.75
728,-1.1974808589420247,-1.8666807449057015,-1.8074143769676296,-2.6009138418125275,-1.2101305876516462,1.3518032981219534,910.0
729,-1.1974808504370462,-1.8666807524950149,-1.8074143769907494,-2.6009138460230727,-1.210130586268421,1.379183166885234,911.25
730,-1.1974808388257792,-1.8666807628561872,-1.8074143770223134,-2.600913851771444,-1.2101305843799983,1.4165630356485115,912.5
731,-1.197480824108223,-1.8666807759892186,-1.8074143770623212,-2.60091385905764,-1.2101305819863777,1.4639429044118075,913.75
732,-1.1974808068650107,-1.8666807915114147,-1.807414378242001,-2.600913863785846,-1.2101305842453616,1.5213227567603416,915.0
733,-1.1974807866617692,-1.86668080970907,-1.80741437971508,-2.6009138690201454,-1.210130587298394,1.5887026079442794,916.25
734,-1.1974807569148445,-1.8666808255977854,-1.8074143830287488,-2.6009138568241386,-1.210130565881599,1.6660824473386104,917.5
735,-1.1974807204617657,-1.866680841349386,-1.807414387480126,-2.6009138350900596,-1.2101305307990897,1.7534622818464418,918.75
736,-1.1974806798056092,-1.8666808588807875,-1.8074143925235058,-2.600913810516519,-1.2101304914312387,1.8508421039559086,920.0
737,-1.1974806323932725,-1.8666808737523983,-1.8074143925075212,-2.600913794296045,-1.2101304446347112,1.9582219193692363,921.25
738,-1.1974805785251332,-1.8666808864844027,-1.8074143880808344,-2.60091378516597,-1.2101303908003058,2.0756017267867435,922.5
739,-1.1974805200085201,-1.8666808985443182,-1.8074143815144232,-2.6009137787895327,-1.2101303322945647,2.20298152646661,923.75
740,-1.197480456588285,-1.8666809022050252,-1.807414365077106,-2.6009137906282547,-1.2101302687916433,2.3403613209029874,925.0
741,-1.1974803892662702,-1.86668090439808,-1.8074143459548373,-2.600913806557284,-1.2101302013546096,2.4877411143363046,926.25
742,-1.1974803220617163,-1.8666808953691383,-1.807414315776033,-2.6009138447335287,-1.2101301338512616,2.645120900781352,927.5
743,-1.197480255165488,-1.8666808811883275,-1.8074142806012594,-2.600913893048296,-1.210130066571772,2.811272121426062,928.75
744,-1.1974801977838996,-1.866680859259776,-1.807414240775402,-2.6009139538835493,-1.2101300087000166,2.971641735365856,930.0
745,-1.1974801522008554,-1.8666808329820443,-1.8074142003807292,-2.6009140198018956,-1.2101299625812314,3.1220113493057466,931.25
746,-1.1974801157598511,-1.866680804202482,-1.807414160403579,-2.6009140879348163,-1.210129925583518,3.2623809632457794,932.5
747,-1.1974800901240887,-1.8666807739150757,-1.8074141223526317,-2.600914155807252,-1.2101298993902034,3.3927505771859723,933.75
748,-1.1974800732272406,-1.8666807430154368,-1.8074140864599095,-2.6009142222630133,-1.2101298819451545,3.513120191126273,935.0
749,-1.1974800595611932,-1.8666807142508475,-1.8074140536997096,-2.6009142835053853,-1.2101298677733816,3.623489805066705,936.25
750,-1.1974800585806296,-1.8666806853856805,-1.8074140248516326,-2.600914341126061,-1.2101298663136935,3.723859419007217,937.5
751,-1.1974800576977613,-1.866680659396405,-1.8074139988777351,-2.600914393005888,-1.2101298649994365,3.8142290329479493,938.75
752,-1.1974800569125885,-1.866680636283018,-1.8074139757780208,-2.600914439144866,-1.2101298638306108,3.894598646888761,940.0
753,-1.1974800654054774,-1.8666806155156679,-1.807413957931777,-2.6009144778297184,-1.2101298719992817,3.96496826082958,941.25
754,-1.1974800727480592,-1.8666805976962333,-1.8074139426362725,-2.6009145110066303,-1.210129879063791,4.025337874770401,942.5
755,-1.1974800788743702,-1.8666805828285238,-1.8074139298744083,-2.6009145386879107,-1.2101298849580915,4.075707488711178,943.75
756,-1.19748008378441,-1.866680570912537,-1.8074139196461867,-2.6009145608735604,-1.2101298896821822,4.116077102651909,945.0
757,-1.1974800874781786,-1.8666805619482716,-1.8074139119516088,-2.6009145775635787,-1.2101298932360633,4.1464467165926795,946.25
758,-1.1974800899556761,-1.8666805559357282,-1.8074139067906747,-2.6009145887579668,-1.210129895619735,4.166816330533447,947.5
759,-1.1976439418920193,-1.867137954676238,-1.8067843452726027,-2.601087875550879,-1.2102933791758075,4.177699197203728,948.75
760,-1.1990180023186894,-1.8709737513434905,-1.801504830805539,-2.6025410193997907,-1.2116643508438345,4.180429283570564,950.0
761,-1.1998716940979424,-1.873356903047821,-1.798224713196585,-2.603443843864689,-1.212516125981634,4.173717138771552,951.25
762,-1.1998716929943543,-1.8733569078215364,-1.798224715524193,-2.6034438418516546,-1.212516130274445,4.1588175537642265,952.5
763,-1.1998716911500822,-1.8733569157991772,-1.798224719413997,-2.603443838487552,-1.212516137448417,4.1339179687569105,953.75
764,-1.1998716885651262,-1.8733569269807433,-1.7982247248659977,-2.6034438337723818,-1.2125161475035506,4.099018383749591,955.0
765,-1.1998716852394864,-1.8733569413662345,-1.7982247318801947,-2.6034438277061436,-1.2125161604398456,4.054118798742282,956.25
766,-1.1998716808266645,-1.87335695928028,-1.7982247394632451,-2.603443823992798,-1.2125161731467635,3.999219217865577,957.5
767,-1.1998716754378693,-1.87335698061869,-1.7982247479339628,-2.603443821443559,-1.212516186622632,3.9343196388906945,958.75
768,-1.199871672466932,-1.8733570037589233,-1.7982247631360317,-2.6034438000571964,-1.212516194764029,3.859420067585189,960.0
769,-1.1998716731525754,-1.8733570281342482,-1.798224787138758,-2.6034437527998167,-1.2125161947447523,3.7745205052143023,961.25
770,-1.1998716738966961,-1.8733570553628103,-1.7982248140326003,-2.603443699705617,-1.2125161945298517,3.6796209522758976,962.5
771,-1.19987167928938,-1.8733570843491463,-1.7982248442717883,-2.6034436412665025,-1.2125161993205225,3.5747214061440036,963.75
772,-1.1998716953179558,-1.873357113654559,-1.798224878476788,-2.6034435780107543,-1.2125162158313445,3.4598218685123006,965.0
773,-1.1998717127432323,-1.873357145509446,-1.7982249156618297,-2.6034435092385717,-1.2125162337942608,3.334922339985293,966.25
774,-1.1998717462469553,-1.8733571735640135,-1.7982249541469182,-2.603443443268255,-1.2125162678389407,3.2000228171895944,967.5
775,-1.1998717836415693,-1.8733572030896468,-1.798224995323956,-2.603443373204573,-1.2125163058110737,3.0551232949757323,968.75
776,-1.1998718370921506,-1.8733572252880337,-1.798225034319913,-2.6034433128715,-1.212516359750609,2.9002237787396545,970.0
777,-1.199871896540543,-1.8733572462812182,-1.7982250740221069,-2.603443253124264,-1.2125164196809657,2.736260614492126,971.25
778,-1.1998719639401165,-1.8733572553438633,-1.7982251044022743,-2.603443214716757,-1.2125164873820649,2.57748105819653,972.5
779,-1.1998720284151778,-1.8733572606327695,-1.7982251301080536,-2.603443184703393,-1.212516552089404,2.428701501900921,973.75
780,-1.1998720921005104,-1.8733572569692098,-1.7982251466752932,-2.6034431727451954,-1.2125166158565075,2.289921945605294,975.0
781,-1.1998721511406418,-1.8733572519161097,-1.7982251603892805,-2.6034431649563863,-1.2125166749449194,2.1611423893095565,976.25
782,-1.1998722053194286,-1.8733572391193838,-1.7982251648731309,-2.6034431740476647,-1.2125167290324417,2.042362833013805,977.5
783,-1.1998722549369287,-1.873357227400014,-1.7982251689794801,-2.603443182373555,-1.2125167785663609,1.933583276718001,978.75
784,-1.1998722975675276,-1.8733572123239242,-1.7982251675366676,-2.603443199491524,-1.2125168210419588,1.8348037204222,980.0
785,-1.1998723345361444,-1.873357196313094,-1.7982251633695643,-2.6034432201810884,-1.2125168578273626,1.7460241641263679,981.25
786,-1.1998723673406708,-1.873357182105704,-1.798225159671831,-2.603443238540212,-1.2125168904693133,1.6672446078304999,982.5
787,-1.199872395113841,-1.8733571690169792,-1.7982251554884932,-2.6034432561938012,-1.212516918087225,1.5984650515346448,983.75
788,-1.1998724152725364,-1.873357155007354,-1.7982251479751707,-2.6034432779815893,-1.2125169380583076,1.5396854952388117,985.0
789,-1.1998724320016896,-1.873357143381147,-1.7982251417400685,-2.6034432960626823,-1.2125169546317662,1.4909059389430241,986.25
790,-1.1998724453013012,-1.8733571341383584,-1.7982251367831856,-2.6034433104370804,-1.212516967807601,1.4521263826472472,987.5
791,-1.199872455171371,-1.8733571272789886,-1.7982251331045223,-2.6034433211047845,-1.2125169775858122,1.4233468263514513,988.75
792,-1.199872461611899,-1.8733571228030366,-1.79822513070408,-2.6034433280657936,-1.2125169839663996,1.4045672700556724,990.0
793,-1.199866458815189,-1.8733405638984597,-1.7982487072717193,-2.603436269900224,-1.212510999829938,1.3957666020358983,991.25
794,-1.1992843832122213,-1.871735900172317,-1.8005338258955388,-2.6027518857102803,-1.211930735475908,1.3957736018155704,992.5
795,-1.1992058224863074,-1.8715193349477794,-1.8008422294448927,-2.602659517042758,-1.2118524192271416,1.4047919429791667,993.75
796,-1.199047647197276,-1.8710833004361085,-1.8014631725234977,-2.6024735406743686,-1.211694736173705,1.4238014828191583,995.0
797,-1.1988062635347838,-1.8704178892454952,-1.8024107637397386,-2.6021897311285564,-1.21145410368816,1.4528110226591275,996.25
798,-1.1984816714988311,-1.86952310137594,-1.803685003093616,-2.601808088405321,-1.2111305217705068,1.4918205624991314,997.5
799,-1.1980691571101767,-1.8683982437375195,-1.8052799231348646,-2.601335226987544,-1.210719249386135,1.5408302273383274,998.75
800,-1.1975723702737984,-1.867043853527216,-1.807200143189751,-2.600766026012243,-1.2102239573863658,1.599839894773245,1000.0
801,-1.1969908536152083,-1.8654598535796802,-1.8094451066038426,-2.600101114612338,-1.2096441861112193,1.668849579200002,1001.25
802,-1.1963204286190865,-1.8636455533240994,-1.8120096954662368,-2.5993462587632834,-1.2089757356782458,1.7478594000705205,1002.5
803,-1.1955646020664,-1.8616015272183923,-1.8148982159490914,-2.598496613573068,-1.2082221306597647,1.8368692366878998,1003.75
804,-1.1947178068541895,-1.8593267991620868,-1.8181039697082646,-2.597559797521048,-1.2073777740685063,1.9358792387428063,1005.0
805,-1.1937822070182345,-1.8568217146691497,-1.8216296355049746,-2.596532808043226,-1.2064448418205025,2.044889331084391,1006.25
806,-1.192756256078199,-1.8540859866831383,-1.8254733878053861,-2.595417742162682,-1.205421779257964,2.163899542972342,1007.5
807,-1.1916352697169177,-1.8511186550417786,-1.8296298977332213,-2.594220841378802,-1.204303877916948,2.2929099849289685,1008.75
808,-1.1904204175834046,-1.8479198805243677,-1.8341006712902919,-2.5929404504337272,-1.203092314007659,2.4319206027312275,1010.0
809,-1.18910954167227,-1.8444891634671179,-1.8388833813254633,-2.5915793739803403,-1.2017849187827276,2.5809314291300316,1011.25
810,-1.1877004333899448,-1.8408259525779358,-1.843975735275102,-2.590140433005118,-1.2003794729242763,2.7399424956974574,1012.5
811,-1.1862670827241846,-1.8371256230523678,-1.8491043667320846,-2.5887021284566996,-1.1989497647171266,2.9004563870795033,1013.75
812,-1.1849125434189587,-1.8336520531788536,-1.8539048533303752,-2.587365726062334,-1.1975985932578674,3.0510316345265327,1015.0
813,-1.1836394515998019,-1.8304070852325762,-1.8583776101361167,-2.5861289935049907,-1.1963286040354553,3.1916070680858306,1016.25
814,-1.1824485517395933,-1.827390839366323,-1.8625235574662389,-2.5849908976905236,-1.1951405455847646,3.3221826758284725,1017.5
815,-1.1813412275213508,-1.8246035986811875,-1.8663442717588927,-2.5839495930847933,-1.19403580873276,3.442758431144714,1018.75
816,-1.1803210882747617,-1.8220462765559287,-1.8698434705189686,-2.5830004862713842,-1.1930180202458804,3.5533342723025894,1020.0
817,-1.1793886477753106,-1.8197189994070693,-1.8730216910222017,-2.5821429188725054,-1.1920876964058176,3.653910198564651,1021.25
818,-1.178543733421976,-1.8176216779513097,-1.8758788590498863,-2.581377052335781,-1.191244664092813,3.7444862124134013,1022.5
819,-1.1777905323431466,-1.8157554745349314,-1.8784190542849757,-2.580697688677979,-1.1904931299543988,3.8250622544835062,1023.75
820,-1.1771268701575677,-1.8141197537450813,-1.8806402305907168,-2.5801074863857756,-1.189830909693503,3.89563835882106,1025.0
821,-1.1765559195213589,-1.8127154217686767,-1.8825454211696464,-2.579602539597251,-1.1892611905790946,3.9562144858955515,1026.25
822,-1.1760792222921914,-1.8115429190696184,-1.884136099964652,-2.5791809501993215,-1.1887855215702188,4.006790612969981,1027.5
823,-1.1756940719925253,-1.8106014511597834,-1.885409728457448,-2.578846022465434,-1.1884011838725992,4.047366781552727,1028.75
824,-1.1754034780646894,-1.809891901233517,-1.8863691297821248,-2.5785940820168665,-1.1881112006247547,4.077942956717436,1030.0
825,-1.1752079234693633,-1.8094144110473733,-1.8870147569609153,-2.5784245392021465,-1.1879160569852922,4.098519131882138,1031.25
826,-1.1751074082065476,-1.8091689806013524,-1.8873466099938194,-2.5783373940212737,-1.1878157529542122,4.10909530704683,1032.5
827,-1.1744888427511193,-1.8076618317864652,-1.889382539009335,-2.5778041599935992,-1.187198479559413,4.110438989346718,1033.75
828,-1.174422678269084,-1.8075010082422904,-1.8895995544218611,-2.57774749087783,-1.187132452335942,4.102899888544627,1035.0
829,-1.1744222714299701,-1.8075008938911687,-1.8895991824626668,-2.577747972344285,-1.1871320442072153,4.085524338066499,1036.25
830,-1.1744216304462665,-1.8075007137285364,-1.8895985964330202,-2.5777487309049576,-1.1871314011916991,4.058148787588374,1037.5
831,-1.1744207552677546,-1.8075004678136082,-1.8895977961627421,-2.5777497671971425,-1.1871305228448896,4.020773250052871,1038.75
832,-1.174419645857827,-1.8075001561893593,-1.8895967815280996,-2.5777510816839118,-1.1871294088437785,3.973397729302559,1040.0
833,-1.1744183022742354,-1.8074997787876277,-1.8895955527249104,-2.5777526736318563,-1.1871280596998983,3.916022208552198,1041.25
834,-1.1744178186375456,-1.8074996571094437,-1.889595123594574,-2.577753219576061,-1.187127574087905,3.8486467006905007,1042.5
835,-1.1744178193888435,-1.8074996807989825,-1.8895951461341498,-2.577753173798312,-1.1871275748856842,3.771271198907071,1043.75
836,-1.174417820228531,-1.807499707545079,-1.8895951716055814,-2.577753122020992,-1.1871275757147837,3.6838957018439538,1045.0
837,-1.174417824382533,-1.8074997365709824,-1.8895952002871148,-2.5777530647361835,-1.1871275799484158,3.5865202088493717,1046.25
838,-1.174417840299384,-1.807499765833442,-1.889595232932008,-2.577753003129999,-1.1871275963423424,3.4791447247902676,1047.5
839,-1.1744178576991193,-1.8074997978207878,-1.8895952686182225,-2.5777529357823576,-1.187127614267551,3.3617692481794945,1048.75
840,-1.1744178878912384,-1.8074998275846408,-1.8895953061254729,-2.5777528690377283,-1.1871276449869386,3.2343937792913255,1050.0
841,-1.1744179255661455,-1.8074998574482535,-1.8895953460260713,-2.577752799919751,-1.1871276832109332,3.0970183156607853,1051.25
842,-1.17441797520965,-1.8074998830166533,-1.8895953855363592,-2.577752735653642,-1.1871277333611043,2.9496428537056865,1052.5
843,-1.1744180347007673,-1.8074999057770063,-1.8895954254137837,-2.577752673967299,-1.1871277933353668,2.792267397092301,1053.75
844,-1.17441810595867,-1.807499918981273,-1.889595459851614,-2.577752627424507,-1.187127864951645,2.627952126772748,1055.0
845,-1.1744181764816122,-1.8074999283826512,-1.8895954904581722,-2.57775258849402,-1.1871279357717985,2.471640457235974,1056.25
846,-1.1744182476904539,-1.807499924492687,-1.8895955086754148,-2.5777525752163353,-1.1871280070710113,2.325328787699115,1057.5
847,-1.1744183141786606,-1.8074999205114342,-1.8895955253539551,-2.5777525634980605,-1.1871280736381258,2.189017118162206,1058.75
848,-1.174418375441738,-1.8074999064670532,-1.8895955308852337,-2.577752572883516,-1.1871281348112992,2.062705448625241,1060.0
849,-1.174418431835134,-1.8074998929524648,-1.8895955354207574,-2.577752582663911,-1.187128191112745,1.94639377908826,1061.25
850,-1.1744184810140823,-1.8074998762504755,-1.889595534715322,-2.5777526007560683,-1.187128240134458,1.8400821095512672,1062.5
851,-1.1744185236463314,-1.807499857588595,-1.8895955301380272,-2.577752624576841,-1.187128282564843,1.7437704400141991,1063.75
852,-1.1744185618520935,-1.807499840864374,-1.8895955260359854,-2.577752645924315,-1.187128320589701,1.6574587704771524,1065.0
853,-1.1744185933361992,-1.8074998242585114,-1.8895955199784653,-2.5777526690091213,-1.1871283518804727,1.581147100940061,1066.25
854,-1.174418617512736,-1.807499807306576,-1.889595511344947,-2.577752694906153,-1.1871283758427227,1.514835431403006,1067.5
855,-1.1744186380433785,-1.8074997929110443,-1.8895955040133887,-2.5777527168978343,-1.1871283961913928,1.458523761865947,1068.75
856,-1.1744186549281264,-1.8074997810719182,-1.889595497983788,-2.5777527349841654,-1.187128412926484,1.4122120923289394,1070.0
857,-1.1744186681669797,-1.8074997717891943,-1.889595493256149,-2.5777527491651457,-1.1871284260479957,1.3759004227919347,1071.25
858,-1.174418677759938,-1.807499765062873,-1.8895954898304714,-2.577752759440775,-1.1871284355559275,1.3495887532549184,1072.5
859,-1.1744186837070012,-1.807499760892954,-1.889595487706755,-2.5777527658110544,-1.1871284414502794,1.3332770837179047,1073.75
860,-1.1751745474676036,-1.8093868102004658,-1.8871241220049664,-2.5783425785005005,-1.1878832423507575,1.3255559235479344,1075.0
861,-1.176802703130228,-1.8134515980911379,-1.8818006989446858,-2.5796130537558972,-1.1895091092387464,1.3270375869186541,1076.25
862,-1.1771245342725314,-1.814255079419215,-1.8807484286092109,-2.579864187323569,-1.189830490785753,1.3370707931149086,1077.5
863,-1.177124528069292,-1.8142550850029466,-1.8807484287352143,-2.5798641899421644,-1.189830490239011,1.3563529236744098,1078.75
864,-1.17712451864896,-1.8142550934824844,-1.8807484289265655,-2.5798641939188034,-1.1898304894087208,1.385635054233901,1080.0
865,-1.1771245060115363,-1.8142551048578288,-1.8807484291832641,-2.579864199253485,-1.1898304882948822,1.424917184793382,1081.25
866,-1.1771244902294076,-1.8142551190786613,-1.8807484296539934,-2.579864205392764,-1.189830487514453,1.4741993148919803,1082.5
867,-1.1771244718206302,-1.8142551357848675,-1.880748431402833,-2.579864208375806,-1.1898304914828035,1.5334814417763583,1083.75
868,-1.17712445030657,-1.8142551553091593,-1.8807484334466757,-2.579864211862043,-1.1898304961205548,1.6027635686607833,1085.0
869,-1.1771244165622001,-1.8142551711564021,-1.8807484373665906,-2.579864193535868,-1.1898304664124029,1.6820456808669875,1086.25
870,-1.1771243774397093,-1.8142551882047961,-1.8807484419887033,-2.579864170106853,-1.1898304286222556,1.7713277890777968,1087.5
871,-1.1771243339057886,-1.8142552071454336,-1.8807484471925704,-2.579864143771344,-1.1898303863545618,1.8706098876197923,1088.75
872,-1.17712428235094,-1.8142552216679868,-1.8807484452835066,-2.579864129981877,-1.1898303351495856,1.9798919772663008,1090.0
873,-1.1771242248689204,-1.8142552354170158,-1.8807484406584005,-2.5798641199923074,-1.1898302776970953,2.0991740593730523,1091.25
874,-1.177124162435151,-1.8142552462806718,-1.8807484317545016,-2.5798641171055623,-1.1898302152524447,2.228456134523543,1092.5
875,-1.1771240949208965,-1.8142552502981766,-1.8807484147611029,-2.5798641290899016,-1.1898301476557338,2.36773820570135,1093.75
876,-1.1771240243667456,-1.8142552501918034,-1.8807483929084317,-2.5798641499997066,-1.1898300769484975,2.5170202745491164,1095.0
877,-1.1771239529508235,-1.8142552406438428,-1.8807483618107605,-2.579864189554037,-1.1898300052299267,2.6763023365471454,1096.25
878,-1.1771238848825183,-1.8142552231392284,-1.8807483241772487,-2.5798642436280756,-1.18982993674072,2.8426676468677066,1097.5
879,-1.1771238253460239,-1.8142552003380823,-1.8807482841362175,-2.579864305518216,-1.1898298767180302,3.0011483198116626,1098.75
880,-1.1771237810239061,-1.8142551709457686,-1.8807482425164086,-2.5798643757862783,-1.1898298318383587,3.1496289927556873,1100.0
881,-1.1771237432817483,-1.8142551410135672,-1.8807482024115654,-2.579864445175778,-1.1898297935441828,3.288109665699784,1101.25
882,-1.1771237198422182,-1.814255108179185,-1.8807481639555998,-2.579864516023459,-1.1898297695374338,3.4165903386439345,1102.5
883,-1.1771237023854213,-1.814255076081598,-1.880748128044791,-2.5798645836804335,-1.1898297515377885,3.535071011588126,1103.75
884,-1.1771236910410665,-1.8142550455830881,-1.880748095539277,-2.5798646464286694,-1.1898297396888156,3.6435516845323432,1105.0
885,-1.1771236900369184,-1.814255015672038,-1.8807480667802268,-2.5798647049987373,-1.1898297382113665,3.742032357476551,1106.25
886,-1.177123689134735,-1.8142549887982449,-1.8807480409414437,-2.579864757621438,-1.1898297368839414,3.830513030420831,1107.5
887,-1.177123690220347,-1.8142549648494954,-1.88074801849758,-2.579864803962116,-1.189829737594629,3.908993703365108,1108.75
888,-1.177123698970262,-1.8142549434880384,-1.8807480008773592,-2.5798648430134277,-1.1898297460267275,3.977474376309394,1110.0
889,-1.177123706442457,-1.814254925245922,-1.880747985830159,-2.5798648763622083,-1.1898297532275157,4.035955049253649,1111.25
890,-1.1771237126369316,-1.81425491012315,-1.8807479733559767,-2.579864904008459,-1.1898297591969933,4.084435722197834,1112.5
891,-1.1771237175536857,-1.8142548981197186,-1.8807479634548163,-2.5798649259521786,-1.18982976393516,4.122916395142056,1113.75
892,-1.1771237211927195,-1.8142548892356274,-1.8807479561266776,-2.579864942193369,-1.189829767442016,4.15139706808629,1115.0
893,-1.1771237235540328,-1.8142548834708765,-1.8807479513715601,-2.5798649527320285,-1.1898297697175613,4.169877741030492,1116.25
894,-1.1775422440992915,-1.8153125803902568,-1.879354416285895,-2.5802038129549287,-1.190247665690515,4.179287968197101,1117.5
895,-1.1791674982099152,-1.8194199910414048,-1.873942851334139,-2.5815197032052777,-1.1918704948950591,4.1799893224823546,1118.75
896,-1.1797917045885757,-1.8209975162428034,-1.8718644473872283,-2.582025091989027,-1.1924937730781877,4.171667867545916,1120.0
897,-1.179791703330203,-1.8209975219568952,-1.8718644502245745,-2.582025089105315,-1.1924937785275398,4.154595148302147,1121.25
898,-1.1797917013347634,-1.8209975310179014,-1.871864454723839,-2.582025084532527,-1.1924937871687395,4.12752242905839,1122.5
899,-1.1797916986022579,-1.8209975434258214,-1.8718644608850217,-2.5820250782706635,-1.1924937990017872,4.090449709814627,1123.75
900,-1.1797916951326854,-1.820997559180655,-1.8718644687081227,-2.582025070319724,-1.1924938140266825,4.0433769905708905,1125.0
901,-1.1797916904548391,-1.8209975787456525,-1.8718644767749568,-2.5820250661038155,-1.1924938281810942,3.9863042807515283,1126.25
902,-1.1797916849009422,-1.8209976017942004,-1.8718644860854128,-2.582025061798682,-1.1924938443291606,3.919231571933092,1127.5
903,-1.1797916833687108,-1.820997626135113,-1.8718645046499645,-2.58202502968027,-1.1924938501156377,3.8421588741749226,1128.75
904,-1.179791684105091,-1.8209976525433917,-1.8718645296252463,-2.582024979570405,-1.1924938501562663,3.7550861816829584,1130.0
905,-1.179791684892459,-1.8209976819629827,-1.8718645575482227,-2.5820249233586794,-1.192493849921951,3.6580135008691066,1131.25
906,-1.1797916938848754,-1.8209977124252534,-1.8718645892150416,-2.5820248619288373,-1.1924938586477731,3.550940826682356,1132.5
907,-1.1797917110221778,-1.8209977439455327,-1.8718646246179307,-2.582024795282426,-1.1924938762774782,3.433868160509398,1133.75
908,-1.179791731778569,-1.8209977772171744,-1.8718646628116233,-2.5820247241498064,-1.1924938975737684,3.306795502057269,1135.0
909,-1.1797917689066946,-1.8209978066743304,-1.8718647023971908,-2.5820246557420004,-1.1924939352506536,3.169722848884268,1136.25
910,-1.1797918103678213,-1.8209978371427513,-1.871864744286436,-2.582024584087366,-1.1924939772860161,3.022650196583804,1137.5
911,-1.179791869010469,-1.820997859622061,-1.871864783859552,-2.5820245229727887,-1.1924940364102787,2.86557755138902,1138.75
912,-1.179791934862259,-1.8209978789360464,-1.87186482263932,-2.582024465915387,-1.1924941027089786,2.6995232406931864,1140.0
913,-1.179792006463668,-1.8209978885341576,-1.8718648539232108,-2.5820244261279086,-1.1924941746157554,2.5388328564940212,1141.25
914,-1.1797920764699623,-1.8209978905514967,-1.8718648774794235,-2.5820244016036935,-1.192494244803974,2.3881424722948283,1142.5
915,-1.1797921442441994,-1.820997886542927,-1.8718648945950553,-2.582024389495675,-1.1924943126599454,2.2474520880955735,1143.75
916,-1.179792207013714,-1.820997877240162,-1.8718649051117162,-2.5820243891912633,-1.1924943754166466,2.1167617038962354,1145.0
917,-1.1797922648050225,-1.8209978634323982,-1.871864909790781,-2.5820243991425116,-1.1924944331131484,1.9960713196968831,1146.25
918,-1.1797923173611793,-1.8209978499471449,-1.8718649131600424,-2.582024410003919,-1.1924944855683883,1.8853809354974758,1147.5
919,-1.1797923613789574,-1.8209978307100172,-1.871864908401704,-2.5820244346012675,-1.1924945293758844,1.7846905512980613,1148.75
920,-1.1797924010251397,-1.820997813383415,-1.8718649041159325,-2.582024456755748,-1.1924945688326685,1.6940001670986287,1150.0
921,-1.1797924362997254,-1.8209977979673373,-1.8718649003027308,-2.5820244764673594,-1.1924946039387407,1.6133097828991627,1151.25
922,-1.1797924619694087,-1.8209977803096828,-1.8718648913824831,-2.5820245033780758,-1.192494629383841,1.5426193986997208,1152.5
923,-1.1797924838218177,-1.82099776500235,-1.8718648835258132,-2.582024526824623,-1.1924946510407024,1.4819290145002606,1153.75
924,-1.1797925020735898,-1.8209977522172203,-1.8718648769636896,-2.5820245464078666,-1.1924946691291474,1.431238630300865,1155.0
925,-1.1797925167247238,-1.8209977419542915,-1.8718648716961153,-2.5820245621278044,-1.1924946836491752,1.3905482461014955,1156.25
926,-1.1797925277752204,-1.8209977342135626,-1.8718648677230911,-2.5820245739844374,-1.1924946946007855,1.3598578619021,1157.5
927,-1.1797925352250784,-1.8209977289950336,-1.8718648650446172,-2.5820245819777643,-1.1924947019839784,1.3391674777026932,1158.75
928,-1.1799515181843232,-1.8214044490873136,-1.871325824323422,-2.5821580426759745,-1.1926534336752403,1.3280327597789348,1160.0
929,-1.1814582607459128,-1.8252592119698916,-1.8662170164237835,-2.58342289244949,-1.1941577952067053,1.3251000507129116,1161.25
930,-1.1824235306220918,-1.8277287119677523,-1.8629441334122065,-2.584233200153101,-1.1951215415491547,1.331677174530921,1162.5
931,-1.1824235258932523,-1.8277287162163942,-1.8629441334811634,-2.5842332022494996,-1.1951215410327258,1.346502749588434,1163.75
932,-1.1824235179747622,-1.8277287233307884,-1.8629441335966326,-2.5842332057599404,-1.1951215401679605,1.3713283246459511,1165.0
933,-1.182423506866622,-1.8277287333109342,-1.8629441337586137,-2.584233210684423,-1.1951215389548584,1.406153899703444,1166.25
934,-1.1824234925688317,-1.827728746156832,-1.8629441339671073,-2.584233217022948,-1.1951215373934199,1.4509794747609268,1167.5
935,-1.1824234755047154,-1.8277287615796565,-1.862944135076881,-2.584233221614999,-1.1951215391294647,1.5058050445212952,1168.75
936,-1.1824234555473068,-1.827728779666034,-1.8629441368315673,-2.584233225408499,-1.1951215430695146,1.5706306117424669,1170.0
937,-1.1824234281443495,-1.8277287973710992,-1.862944139703118,-2.584233218705524,-1.1951215308987237,1.6454561715043403,1171.25
938,-1.182423391440671,-1.8277288133475982,-1.862944144051013,-2.584233196798313,-1.19512149551461,1.7302817222677895,1172.5
939,-1.1824233503842545,-1.827728831191581,-1.8629441489704337,-2.584233172050752,-1.1951214557431096,1.8251072639399593,1173.75
940,-1.1824233035366003,-1.8277288483851633,-1.8629441513614953,-2.5842331506843212,-1.1951214098216165,1.9299327988811568,1175.0
941,-1.1824232488851025,-1.82772886141836,-1.8629441469365706,-2.584233141244444,-1.195121355203859,2.044758325318185,1176.25
942,-1.1824231894727146,-1.8277288755880117,-1.8629441421219515,-2.5842331309990136,-1.195121295817612,2.1695838426607277,1177.5
943,-1.1824231249575605,-1.827728880416483,-1.8629441267647004,-2.584233140577373,-1.195121231231886,2.304409354441004,1178.75
944,-1.182423055621089,-1.8277288844945876,-1.8629441091935703,-2.584233153051053,-1.1951211618096833,2.4492348655806992,1180.0
945,-1.18242298640993,-1.827728876862996,-1.8629440804481052,-2.584233188374911,-1.1951210923280784,2.6040603707467196,1181.25
946,-1.1824229146009744,-1.827728865741257,-1.8629440475557042,-2.584233231286869,-1.1951210201877294,2.76879640408237,1182.5
947,-1.1824228541443293,-1.8277288425481508,-1.862944006618812,-2.5842332944501107,-1.1951209592318666,2.9317301775985696,1183.75
948,-1.1824228021027368,-1.8277288174847564,-1.862943966497121,-2.5842333587887074,-1.1951209066793957,3.084663951114851,1185.0
949,-1.1824227636252236,-1.8277287869461132,-1.8629439253330022,-2.58423342983194,-1.1951208676330478,3.2275977246311567,1186.25
950,-1.1824227323480665,-1.8277287565753346,-1.8629438865597838,-2.5842334984242727,-1.1951208358052199,3.3605314981475027,1187.5
951,-1.1824227144566484,-1.8277287236714022,-1.8629438495065231,-2.5842335680223463,-1.1951208173516121,3.483465271663932,1188.75
952,-1.1824226980206016,-1.8277286934440347,-1.8629438154673388,-2.5842336319589916,-1.1951208003991067,3.5963990451803904,1190.0
953,-1.1824226951843648,-1.8277286629958147,-1.8629437854288904,-2.584233692317976,-1.1951207970721587,3.699332818696857,1191.25
954,-1.1824226942470994,-1.827728635118321,-1.8629437584405624,-2.5842337470916457,-1.195120795689183,3.792266592213338,1192.5
955,-1.1824226934106874,-1.8277286102405466,-1.86294373435627,-2.584233795971476,-1.1951207944550204,3.8752003657298606,1193.75
956,-1.182422699878313,-1.8277285879388716,-1.862943715001352,-2.584233837661997,-1.195120800581612,3.9481341392463936,1195.0
957,-1.1824227078195162,-1.8277285685561828,-1.8629436988983308,-2.5842338732117986,-1.19512080823141,4.011067912762911,1196.25
958,-1.1824227144988846,-1.8277285522533504,-1.8629436853540324,-2.5842339031128363,-1.1951208146656764,4.0640016862793695,1197.5
959,-1.1824227199164181,-1.8277285390303741,-1.8629436743684584,-2.5842339273651103,-1.1951208198844119,4.106935459795826,1198.75
960,-1.1824227240721168,-1.827728528887252,-1.8629436659416094,-2.584233945968621,-1.1951208238876156,4.139869233312307,1200.0
961,-1.1824227269659802,-1.8277285218239843,-1.862943660073486,-2.5842339589233676,-1.195120826675288,4.162803006828786,1201.25
962,-1.1824377678637603,-1.8277674673248832,-1.8628917341538969,-2.5842470464612033,-1.1951358423927563,4.1757850921954764,1202.5
963,-1.183685025226393,-1.8309976796034675,-1.8585856160206247,-2.5853318349779983,-1.1963810164286495,4.180859015756126,1203.75
964,-1.1849877876691297,-1.8343716476786343,-1.8540878668957594,-2.586464895569105,-1.1976816046723555,4.1761244187923365,1205.0
965,-1.1850173816766687,-1.8344482984684,-1.8539856932989232,-2.586490633381666,-1.197711154107051,4.1634861705763,1206.25
966,-1.1850173800109622,-1.834448305938793,-1.8539856969740345,-2.5864906297950934,-1.1977111611102687,4.14094270999669,1207.5
967,-1.185017377606369,-1.8344483167229608,-1.8539857022793802,-2.5864906246175625,-1.1977111712200266,4.108399249417092,1208.75
968,-1.1850173744628891,-1.8344483308209023,-1.8539857092149596,-2.586490617849072,-1.1977111844363253,4.065855788837517,1210.0
969,-1.1850173703557147,-1.8344483484497043,-1.853985717115207,-2.586490612019872,-1.197711198801264,4.013312329077809,1211.25
970,-1.1850173651660347,-1.8344483697240976,-1.8539857256283696,-2.586490608467207,-1.1977112132800891,3.9507688703115305,1212.5
971,-1.185017360701248,-1.834448393708306,-1.8539857380428721,-2.586490595600095,-1.1977112261375573,3.878225415245199,1213.75
972,-1.1850173613907968,-1.8344484184315206,-1.8539857615960176,-2.5864905484988667,-1.19771122615847,3.7956819729248332,1215.0
973,-1.1850173621470197,-1.8344484461384318,-1.8539857880445758,-2.5864904955093317,-1.1977112260400384,3.703138536919207,1216.25
974,-1.1850173642050432,-1.8344484765266929,-1.8539858175237391,-2.586490436706742,-1.1977112271415356,3.600595107735966,1217.5
975,-1.185017380478653,-1.8344485064617844,-1.8539858513721659,-2.586490373186971,-1.197711243885283,3.488051689239112,1218.75
976,-1.1850173981997558,-1.8344485390557785,-1.8539858882310343,-2.5864903040126874,-1.19771126212984,3.3655082786233983,1220.0
977,-1.1850174285652746,-1.8344485694296746,-1.8539859268634489,-2.5864902355164032,-1.197711293037328,3.2329648738665204,1221.25
978,-1.1850174667036515,-1.8344485997064424,-1.853985967805891,-2.58649016494926,-1.1977113317456538,3.090421471129571,1222.5
979,-1.185017517697597,-1.834448624983719,-1.853986007934549,-2.586490100374376,-1.1977113832554447,2.9378780728510514,1223.75
980,-1.1850175776402858,-1.8344486479953184,-1.8539860486640656,-2.5864900375920246,-1.1977114436958907,2.7753346810284416,1225.0
981,-1.1850176486737651,-1.8344486596277363,-1.8539860819006235,-2.586489993815511,-1.1977115150689974,2.610297009974776,1226.25
982,-1.1850177174232785,-1.8344486677675214,-1.8539861110711386,-2.586489957553842,-1.1977115840973174,2.455080730492305,1227.5
983,-1.1850177865204152,-1.8344486637254545,-1.8539861286413566,-2.5864899450455865,-1.1977116532791119,2.309864451009725,1228.75
984,-1.185017850839345,-1.8344486593678337,-1.8539861444246066,-2.5864899345676666,-1.1977117176673242,2.174648171527147,1230.0
985,-1.1850179100624771,-1.834448645257961,-1.8539861492524878,-2.5864899446941676,-1.197711776792696,2.0494318920445043,1231.25
986,-1.185017964555945,-1.8344486322749345,-1.8539861536947968,-2.5864899540119497,-1.1977118311962103,1.9342156125618395,1232.5
987,-1.1850180115591824,-1.8344486153418273,-1.8539861520148353,-2.586489973279304,-1.1977118780301066,1.828999333079149,1233.75
988,-1.1850180526730059,-1.8344485974026834,-1.8539861475392492,-2.58648999625763,-1.1977119189457648,1.7337830535964172,1235.0
989,-1.1850180894688904,-1.834448581347585,-1.8539861435337026,-2.5864900168226796,-1.1977119555642963,1.648566774113672,1236.25
990,-1.1850181191217208,-1.8344485649337476,-1.853986136965402,-2.5864900402016255,-1.1977119850185975,1.5733504946309311,1237.5
991,-1.1850181423152277,-1.8344485487039663,-1.8539861285683417,-2.5864900651293947,-1.1977120080025605,1.5081342151481636,1238.75
992,-1.1850181619523363,-1.8344485349627948,-1.853986121458851,-2.5864900862348414,-1.1977120274622561,1.4529179356654756,1240.0
993,-1.1850181780330473,-1.834448523710234,-1.8539861156369297,-2.586490103517966,-1.1977120433976842,1.4077016561827707,1241.25
994,-1.1850181905573596,-1.834448514946281,-1.8539861111025804,-2.5864901169787675,-1.1977120558088448,1.3724853767000822,1242.5
995,-1.1850181995252733,-1.8344485086709368,-1.8539861078558029,-2.586490126617245,-1.1977120646957375,1.3472690972173824,1243.75
996,-1.1850182049367886,-1.834448504884201,-1.8539861058965972,-2.5864901324333993,-1.197712070058362,1.3320528177346995,1245.0
997,-1.185893120464289,-1.8367423510434882,-1.8509105839981133,-2.587277996790675,-1.1985854436441465,1.3251463879268566,1246.25
998,-1.187382590583542,-1.8406474479024069,-1.8456747506155178,-2.5886192701206525,-1.2000722895422151,1.3276460298628527,1247.5
999,-1.187577356627811,-1.8411580976763748,-1.8449900911586494,-2.5887946621434788,-1.200266715295401,1.338415801137793,1248.75
1000,-1.187577350231834,-1.8411581034124305,-1.8449900912178125,-2.588794665103459,-1.2002667144655819,1.3586407871649646,1250.0
1001,-1.1875773406734438,-1.8411581119846097,-1.8449900913062276,-2.588794669526965,-1.200266713225469,1.38886577319214,1251.25
1002,-1.18757732795264,-1.841158123392912,-1.8449900914238953,-2.5887946754139977,-1.2002667115750618,1.4290907592193054,1252.5
1003,-1.1875773121981954,-1.8411581375509498,-1.8449900918267623,-2.5887946818245906,-1.2002667106349552,1.4793157421713454,1253.75
1004,-1.1875772938157105,-1.8411581541866244,-1.844990093320996,-2.588794685798102,-1.200266713934728,1.539540714021686,1255.0
1005,-1.187577272380923,-1.8411581735845544,-1.8449900950633382,-2.588794690431391,-1.2002667177824087,1.6097656858720448,1256.25
1006,-1.1875772381727203,-1.8411581885463653,-1.844990099131734,-2.5887946701905546,-1.2002666850533719,1.6899906412867898,1257.5
1007,-1.1875771996011122,-1.8411582053003641,-1.8449901037489673,-2.58879464709278,-1.2002666478218176,1.7802155930480414,1258.75
1008,-1.1875771567301763,-1.8411582238953523,-1.8449901089364067,-2.5887946211814916,-1.2002666062581833,1.8804405361035266,1260.0
1009,-1.187577105569229,-1.8411582373683526,-1.8449901061155283,-2.5887946095186747,-1.2002665553293106,1.9906654691417498,1261.25
1010,-1.1875770490454718,-1.841158250811697,-1.8449901015052603,-2.588794599830218,-1.2002664988357163,2.11089039480075,1262.5
1011,-1.1875769876549853,-1.8411582603588112,-1.8449900916119062,-2.588794599262005,-1.20026643742486,2.241115313760115,1263.75
1012,-1.1875769213395935,-1.8411582642190512,-1.8449900746889196,-2.588794611348206,-1.2002663710258752,2.3813402293011396,1265.0
1013,-1.1875768525776111,-1.8411582627855303,-1.8449900518979554,-2.5887946345439836,-1.2002663020907633,2.531565141971373,1266.25
1014,-1.187576782487739,-1.8411582533286945,-1.8449900209545902,-2.588794673871489,-1.2002662316967398,2.6917900479413164,1267.5
1015,-1.1875767172431653,-1.8411582349202829,-1.8449899828844918,-2.5887947293248526,-1.2002661660144782,2.8579865580216053,1268.75
1016,-1.187576659502666,-1.8411582127415511,-1.844989943513525,-2.588794789951012,-1.2002661077918877,3.0155175365431597,1270.0
1017,-1.1875766179659337,-1.8411581832017452,-1.8449899020862823,-2.5887948602161295,-1.2002660656898478,3.1630485150647107,1271.25
1018,-1.187576581392726,-1.8411581541619377,-1.8449898626866217,-2.588794928029166,-1.200266028570151,3.300579493586341,1272.5
1019,-1.1875765601934334,-1.8411581216903394,-1.8449898247627483,-2.5887949980182827,-1.200266006802546,3.4281104721080244,1273.75
1020,-1.1875765432953052,-1.8411580906144276,-1.8449897895242877,-2.588795063994387,-1.2002659893678913,3.5456414506297333,1275.0
1021,-1.187576533662077,-1.8411580607961429,-1.8449897577607546,-2.588795125349895,-1.2002659792341372,3.653172429151481,1276.25
1022,-1.187576532689018,-1.8411580319035106,-1.8449897295862943,-2.5887951823225546,-1.2002659777942437,3.7507034076732455,1277.5
1023,-1.1875765318157285,-1.84115800597329,-1.8449897043005978,-2.5887952334537205,-1.2002659765019843,3.838234386195044,1278.75
1024,-1.1875765338076312,-1.8411579828445153,-1.84498968260935,-2.5887952782395236,-1.2002659781261973,3.9157653647168393,1280.0
1025,-1.187576542224043,-1.84115796231002,-1.8449896654208133,-2.5887953160314434,-1.2002659862305955,3.9832963432386386,1281.25
1026,-1.187576549394151,-1.8411579448162771,-1.8449896507775583,-2.588795348227129,-1.200265993134893,4.040827321760425,1282.5
1027,-1.187576555317955,-1.8411579303632888,-1.8449896386795817,-2.5887953748265797,-1.2002659988390896,4.088358300282162,1283.75
1028,-1.1875765599954553,-1.841157918951052,-1.8449896291268875,-2.588795395829796,-1.2002660033431853,4.125889278803896,1285.0
1029,-1.1875765634266515,-1.8411579105795661,-1.8449896221194757,-2.5887954112367773,-1.2002660066471804,4.153420257325671,1286.25
1030,-1.1875765656115442,-1.8411579052488318,-1.8449896176573466,-2.588795421047524,-1.2002660087510746,4.170951235847415,1287.5
1031,-1.1880905382506832,-1.8425220720048716,-1.843150161655881,-2.5892743213450533,-1.200779027163784,4.179643244603886,1288.75
1032,-1.189630293846135,-1.8466088496147783,-1.8376395274777242,-2.59070899632406,-1.2023159247035984,4.179469983447222,1290.0
1033,-1.1901008308894427,-1.8478577410081929,-1.8359555206080922,-2.591147420716433,-1.202785591566802,4.1705070829632325,1291.25
1034,-1.190100829566045,-1.8478577468719082,-1.8359555234689149,-2.5911474180353613,-1.2027855969701189,4.152633996838583,1292.5
1035,-1.1901008275022051,-1.8478577560163743,-1.835955527930369,-2.591147413854228,-1.2027856053965944,4.124760910713915,1293.75
1036,-1.1901008246979239,-1.8478577684415918,-1.8359555339924545,-2.591147408173034,-1.202785616846228,4.086887824589258,1295.0
1037,-1.190100821153201,-1.8478577841475605,-1.8359555416551714,-2.5911474009917788,-1.2027856313190202,4.039014738464624,1296.25
1038,-1.1901008163526088,-1.8478578036241937,-1.8359555494149629,-2.59114739799145,-1.2027856442803109,3.981141656671971,1297.5
1039,-1.1901008107116575,-1.84785782647655,-1.835955558483916,-2.591147394592339,-1.2027856593856998,3.913268574963323,1298.75
1040,-1.1901008097031047,-1.8478578502486684,-1.8359555778785102,-2.5911473598497956,-1.2027856634120218,3.835395505791543,1300.0
1041,-1.1901008104269133,-1.8478578762376363,-1.8359556028339514,-2.591147310108027,-1.202785663403852,3.7475224412786945,1301.25
1042,-1.1901008112026652,-1.847857905162257,-1.8359556307090381,-2.5911472543627285,-1.202785663136106,3.6496493883388013,1302.5
1043,-1.1901008212085116,-1.8478579348182793,-1.8359556624098805,-2.5911471935934065,-1.2027856729984339,3.5417763426609743,1303.75
1044,-1.1901008380484197,-1.8478579657877638,-1.8359556976815994,-2.5911471276198506,-1.2027856903360654,3.4239033048527636,1305.0
1045,-1.1901008597142733,-1.847857997906326,-1.8359557355706224,-2.591147057960126,-1.2027857125426487,3.296030274550188,1306.25
1046,-1.19010089615711,-1.8478580268448461,-1.8359557749692592,-2.591146990245402,-1.2027857495357877,3.158157249106201,1307.5
1047,-1.190100938053941,-1.8478580559176951,-1.8359558162003182,-2.5911469206464957,-1.2027857919968514,3.010284224965519,1308.75
1048,-1.1901009955693262,-1.8478580780199625,-1.835955855557192,-2.5911468601076044,-1.2027858499951498,2.8524112077984847,1310.0
1049,-1.190101060844659,-1.8478580958836548,-1.8359558932323705,-2.591146805593248,-1.2027859157017509,2.6861340600327637,1311.25
1050,-1.1901011303610822,-1.847858105279113,-1.835955924031771,-2.5911467664629244,-1.202785985521737,2.5262507035201835,1312.5
1051,-1.190101198731719,-1.8478581062761648,-1.8359559463412887,-2.591146744180702,-1.2027860540576336,2.3763673470075055,1313.75
1052,-1.1901012644839517,-1.847858102466848,-1.8359559631793694,-2.5911467321239585,-1.2027861198916945,2.236483990494783,1315.0
1053,-1.1901013253238197,-1.8478580926461459,-1.8359559726630685,-2.591146733343069,-1.2027861807054678,2.106600633982019,1316.25
1054,-1.190101381336366,-1.8478580793363988,-1.835955977261317,-2.591146742854961,-1.20278623662497,1.9867172774692277,1317.5
1055,-1.1901014318972927,-1.8478580657037973,-1.8359559798450438,-2.591146754621883,-1.2027862870757393,1.8768339209563811,1318.75
1056,-1.1901014745023697,-1.8478580471436272,-1.8359559751737367,-2.591146778438996,-1.2027863294736227,1.7769505644435135,1320.0
1057,-1.1901015128419654,-1.8478580304416452,-1.8359559709701005,-2.591146799871617,-1.2027863676267683,1.6870672079306321,1321.25
1058,-1.1901015466745823,-1.8478580154060795,-1.8359559669730596,-2.5911468193684586,-1.2027864012900509,1.607183851417724,1322.5
1059,-1.1901015712256315,-1.8478579982454937,-1.8359559580208304,-2.5911468458009868,-1.202786425617158,1.5373004949048368,1323.75
1060,-1.1901015922635338,-1.8478579835405122,-1.8359559503496259,-2.591146868451137,-1.2027864464631637,1.477417138391952,1325.0
1061,-1.1901016097882902,-1.8478579712911367,-1.8359559439594428,-2.59114688731891,-1.202786463828068,1.4275337818791063,1326.25
1062,-1.1901016237998996,-1.8478579614973656,-1.835955938850284,-2.591146902404305,-1.2027864777118706,1.3876504253662985,1327.5
1063,-1.190101634298362,-1.8478579541591977,-1.8359559350221504,-2.591146913707321,-1.2027864881145711,1.3577670688534365,1328.75
1064,-1.1901016412836773,-1.8478579492766336,-1.8359559324750423,-2.591146921227959,-1.2027864950361702,1.3378837123405916,1330.0
1065,-1.1903250104044745,-1.8484581293854145,-1.8351420919674968,-2.5913621405078384,-1.2030094279439767,1.3273713709518897,1331.25
1066,-1.1917905376070745,-1.8523959969319934,-1.8298023987377932,-2.5927741940582085,-1.2044720934210522,1.3251714098725043,1332.5
1067,-1.1925918161995253,-1.85454903974533,-1.8268829061364538,-2.593546238949762,-1.205271809205436,1.3322970906544542,1333.75
1068,-1.1925918113440177,-1.8545490440922172,-1.8268829061571192,-2.5935462412841748,-1.2052718084782021,1.3477831799389037,1335.0
1069,-1.1925918033531102,-1.854549051246067,-1.8268829061911294,-2.5935462451260127,-1.2052718072813635,1.373269269223329,1336.25
1070,-1.1925917922268034,-1.8545490612068791,-1.8268829062384841,-2.593546250475276,-1.2052718056149203,1.4087553585077583,1337.5
1071,-1.1925917779650965,-1.8545490739746537,-1.8268829062991832,-2.5935462573319645,-1.2052718034788727,1.4542414477921917,1338.75
1072,-1.192591761028024,-1.8545490892454666,-1.8268829072743018,-2.5935462624096797,-1.2052718049179323,1.5097275242902133,1340.0
1073,-1.1925917412100522,-1.8545491071551048,-1.8268829087612601,-2.5935462671767096,-1.2052718081250156,1.5752135963847937,1341.25
1074,-1.1925917135419872,-1.854549124159312,-1.8268829116008511,-2.593546259584692,-1.2052717934490238,1.6506996598495547,1342.5
1075,-1.1925916774474823,-1.8545491398231462,-1.8268829159275572,-2.593546238069999,-1.2052717586947823,1.736185715354906,1343.75
1076,-1.1925916371045684,-1.8545491573011765,-1.8268829208265727,-2.5935462137538816,-1.2052717196514324,1.8316717607682536,1345.0
1077,-1.1925915908043092,-1.85454917360559,-1.826882922564291,-2.593546194078416,-1.205271674210275,1.937157799433423,1346.25
1078,-1.1925915371650648,-1.8545491863298182,-1.8268829181603858,-2.593546184937534,-1.2052716206057033,2.0526438297218985,1347.5
1079,-1.1925914788798986,-1.8545492001571153,-1.8268829133712334,-2.593546175019887,-1.2052715623481898,2.1781298514933494,1348.75
1080,-1.192591415588266,-1.8545492040948242,-1.826882897383155,-2.593546186135973,-1.2052714989780875,2.313615867202362,1350.0
1081,-1.1925913476151504,-1.8545492080160642,-1.8268828799126324,-2.5935461986828523,-1.2052714309182349,2.459101882732111,1351.25
1082,-1.1925912801358858,-1.8545491996098058,-1.8268828506149384,-2.593546235355107,-1.2052713631544156,2.614587891704594,1352.5
1083,-1.1925912106243208,-1.8545491877616354,-1.8268828173353189,-2.593546279411207,-1.205271293297968,2.7798147719036366,1353.75
1084,-1.192591151864539,-1.854549165173513,-1.8268827769820644,-2.5935463414123214,-1.2052712340421483,2.9420813154235983,1355.0
1085,-1.1925911022899631,-1.8545491400906173,-1.826882737079432,-2.59354640558813,-1.2052711839511097,3.0943478589436264,1356.25
1086,-1.192591064912414,-1.854549110408995,-1.8268826965252143,-2.5935464751840893,-1.20527114600907,3.2366144024637276,1357.5
1087,-1.1925910355822364,-1.8545490804544418,-1.8268826582251427,-2.5935465429184204,-1.2052711161276028,3.3688809459838254,1358.75
1088,-1.1925910182137462,-1.8545490485231133,-1.826882621748488,-2.593546610979581,-1.205271098201902,3.491147489504039,1360.0
1089,-1.1925910022657993,-1.8545490192034069,-1.8268825882551982,-2.593546673474119,-1.2052710817423178,3.603414033024245,1361.25
1090,-1.1925910004431044,-1.8545489894802136,-1.8268825587920166,-2.593546732552151,-1.2052710794323889,3.7056805765444674,1362.5
1091,-1.1925909995323258,-1.8545489624893474,-1.8268825322702984,-2.593546785977482,-1.205271078080797,3.7979471200647597,1363.75
1092,-1.192590998720259,-1.8545489384237983,-1.8268825086230447,-2.593546833612489,-1.205271076875693,3.8802136635850295,1365.0
1093,-1.1925910056286924,-1.8545489168439269,-1.8268824898091303,-2.593546874050704,-1.2052710834484244,3.952480207105316,1366.25
1094,-1.1925910132944313,-1.8545488981513807,-1.8268824740389484,-2.5935469085770624,-1.2052710908270636,4.014746750625596,1367.5
1095,-1.1925910197290532,-1.8545488824608571,-1.8268824608014542,-2.593546937558491,-1.2052710970206943,4.067013294145838,1368.75
1096,-1.1925910249325586,-1.8545488697723553,-1.826882450096648,-2.593546960994991,-1.2052711020293165,4.109279837666055,1370.0
1097,-1.192591028904947,-1.8545488600858735,-1.8268824419245324,-2.5935469788865615,-1.2052711058529297,4.1415463811862985,1371.25
1098,-1.192591031646219,-1.854548853401412,-1.8268824362851068,-2.5935469912332025,-1.2052711084915344,4.163812924706524,1372.5
1099,-1.1926283765127654,-1.8546504336358156,-1.8267439225677713,-2.5935841836174798,-1.2053083767025004,4.1762056344760685,1373.75
1100,-1.1938801529163892,-1.8580556000433852,-1.8221009464568416,-2.59483067146418,-1.2065575854526593,4.180743988337742,1375.0
1101,-1.1950371245314826,-1.8612028775166667,-1.8178096102415302,-2.595982752883156,-1.2077121858229014,4.175493176673112,1376.25
1102,-1.1950476896337772,-1.8612316243435743,-1.817770421565309,-2.5959932724459325,-1.2077227340790908,4.1623886382839235,1377.5
1103,-1.1950476879228098,-1.8612316318355295,-1.8177704251935225,-2.595993269180824,-1.2077227408647953,4.13932156248276,1378.75
1104,-1.195047685470107,-1.8612316425753845,-1.8177704303946334,-2.595993264500231,-1.207722750592227,4.106254486681594,1380.0
1105,-1.1950476822756686,-1.8612316565631397,-1.8177704371686412,-2.595993258404154,-1.2077227632613858,4.0631874108804515,1381.25
1106,-1.1950476780882275,-1.8612316740343142,-1.8177704447923173,-2.595993253608149,-1.207722776639277,4.010120338630907,1382.5
1107,-1.1950476728406563,-1.8612316950518295,-1.8177704530724457,-2.5959932508377,-1.2077227901293393,3.947053269918044,1383.75
1108,-1.1950476686936076,-1.8612317185301757,-1.817770465866889,-2.5959932366867475,-1.2077228012316916,3.873986205819123,1385.0
1109,-1.195047669371516,-1.8612317427893648,-1.8177704893453255,-2.5959931900696254,-1.2077228012225545,3.7909191536895213,1386.25
1110,-1.1950476701137747,-1.8612317699558618,-1.8177705156977173,-2.595993137637718,-1.2077228010640861,3.69785210864905,1387.5
1111,-1.195047672889047,-1.861231799554482,-1.8177705451295032,-2.595993079558952,-1.2077228029583658,3.5947850705068274,1388.75
1112,-1.1950476888494928,-1.8612318288950132,-1.8177705787998153,-2.5959930168035887,-1.207722819391968,3.481718042440872,1390.0
1113,-1.1950477062231073,-1.861231860829531,-1.81777061545093,-2.5959929484874507,-1.207722837292944,3.358651022820759,1391.25
1114,-1.1950477368097463,-1.8612318902327545,-1.8177706537597458,-2.5959928812895763,-1.2077228684208023,3.2255840089526826,1392.5
1115,-1.195047774173065,-1.861231919900541,-1.8177706944461076,-2.5959928115737205,-1.2077229063545252,3.082516996754506,1393.75
1116,-1.195047824904881,-1.8612319441321081,-1.8177707340246785,-2.595992748588203,-1.2077229575952386,2.92944998931389,1395.0
1117,-1.195047883600547,-1.8612319667006978,-1.8177707744809246,-2.595992686503026,-1.2077230167891626,2.766382988230119,1396.25
1118,-1.195047953367904,-1.8612319773786326,-1.8177708068096115,-2.5959926445693924,-1.2077230868847637,2.601762412710837,1397.5
1119,-1.195048020516451,-1.8612319846808911,-1.8177708350215684,-2.5959926100798136,-1.2077231543006033,2.447076298921212,1398.75
1120,-1.195048087709671,-1.8612319808204445,-1.817770852353696,-2.595992597603188,-1.2077232215787455,2.3023901851315545,1400.0
1121,-1.1950481502201542,-1.8612319760822258,-1.817770867358734,-2.5959925882589707,-1.2077232841494865,2.167704071341814,1401.25
1122,-1.1950482077766995,-1.8612319624391618,-1.8177708721177976,-2.5959925979673093,-1.2077233416098123,2.0430179575520637,1402.5
1123,-1.1950482607171327,-1.8612319498902972,-1.8177708764951688,-2.595992606897028,-1.207723394461743,1.9283318437622248,1403.75
1124,-1.1950483061358381,-1.861231933095155,-1.8177708743666119,-2.595992626454885,-1.2077234397059629,1.8236457299723885,1405.0
1125,-1.1950483460383658,-1.8612319157399049,-1.8177708699592812,-2.5959926487675586,-1.2077234794126965,1.7289596161825347,1406.25
1126,-1.1950483817267048,-1.8612319002175832,-1.8177708660174134,-2.595992668723745,-1.2077235149259202,1.6442735023926538,1407.5
1127,-1.1950484101717112,-1.8612318841229216,-1.8177708592424895,-2.595992691975384,-1.2077235431704985,1.569587388602777,1408.75
1128,-1.1950484326233206,-1.8612318684484204,-1.8177708509956019,-2.595992716190276,-1.2077235654153446,1.5049012748128736,1410.0
1129,-1.1950484516040758,-1.8612318551970837,-1.8177708440236213,-2.595992736661723,-1.2077235842213008,1.4502151610230347,1411.25
1130,-1.1950484671139767,-1.8612318443689118,-1.8177708383265472,-2.595992753389726,-1.2077235995883673,1.4055290472332223,1412.5
1131,-1.195048479153023,-1.8612318359639024,-1.817770833904382,-2.595992766374284,-1.2077236115165428,1.3708429334433845,1413.75
1132,-1.1950484877212144,-1.8612318299820554,-1.8177708307571265,-2.5959927756153958,-1.2077236200058277,1.3461568196535636,1415.0
1133,-1.1950484928185512,-1.8612318264233714,-1.8177708288847803,-2.595992781113062,-1.2077236250562218,1.3314707058637314,1416.25
1134,-1.195947910222435,-1.8637088265041772,-1.8143749187921787,-2.596917885536769,-1.2086211070145314,1.3249316101034903,1417.5
1135,-1.1973272083894055,-1.8675074359906494,-1.8091671183455997,-2.5983365772740674,-1.2099974379290133,1.3278901878740261,1418.75
1136,-1.1974723897796689,-1.8679072800917722,-1.8086189459872088,-2.598485910224019,-1.2101423097593589,1.3389605186511664,1420.0
1137,-1.1974723833715124,-1.8679072858190031,-1.808618945984299,-2.5984859134121283,-1.2101423086741556,1.3595746469775931,1421.25
1138,-1.1974723738547324,-1.8679072943245378,-1.8086189459799775,-2.598485918146804,-1.2101423070625157,1.3901887753040096,1422.5
1139,-1.1974723612293285,-1.8679073056083768,-1.8086189459742443,-2.598485924428045,-1.210142304924439,1.4308029036304304,1423.75
1140,-1.1974723456455612,-1.8679073195726221,-1.8086189462574218,-2.598485931204432,-1.2101423035946246,1.4814170272950624,1425.0
1141,-1.1974723274577974,-1.8679073359863971,-1.808618947514197,-2.5984859359963246,-1.2101423062207912,1.5420311375006772,1426.25
1142,-1.197472305995918,-1.8679073548978067,-1.8086189490474138,-2.598485940813666,-1.2101423082413587,1.6126452471507142,1427.5
1143,-1.1974722723662747,-1.8679073694698545,-1.8086189531038197,-2.5984859207797277,-1.210142275878916,1.6932593407515684,1428.75
1144,-1.1974722345550792,-1.8679073858423025,-1.808618957689655,-2.5984858981486445,-1.2101422394166867,1.7838734302464967,1430.0
1145,-1.1974721925497922,-1.867907404005964,-1.8086189628382594,-2.5984858727781432,-1.2101421987462975,1.8844875113731818,1431.25
1146,-1.1974721422609762,-1.8679074168404757,-1.8086189596587965,-2.598485862189443,-1.2101421486405082,1.9951015820137745,1432.5
1147,-1.1974720869090625,-1.8679074299403498,-1.808618955079282,-2.598485852826161,-1.2101420933198321,2.1157156453160346,1433.75
1148,-1.1974720267916417,-1.8679074387994854,-1.8086189448329428,-2.598485853313818,-1.2101420331782466,2.246329701984954,1435.0
1149,-1.197471961879487,-1.867907442515507,-1.8086189280264322,-2.598485865445049,-1.2101419681816807,2.386943755409278,1436.25
1150,-1.1974718947899246,-1.8679074405530378,-1.8086189049701735,-2.598485889455533,-1.2101419009105299,2.537557805690473,1437.5
1151,-1.197471826205527,-1.8679074312487551,-1.808618874249564,-2.5984859284282535,-1.2101418320214492,2.6981718493559996,1438.75
1152,-1.197471763010027,-1.8679074127433077,-1.8086188362102704,-2.5984859839767145,-1.2101417683818854,2.864243919713952,1440.0
1153,-1.1974717067868272,-1.8679073911229476,-1.8086187973148955,-2.5984860435921906,-1.210141711678819,3.0213791319029735,1441.25
1154,-1.1974716669276815,-1.8679073619575735,-1.8086187561807376,-2.598486113216243,-1.2101416712520332,3.1685143440920482,1442.5
1155,-1.1974716313271139,-1.8679073336932814,-1.8086187172709358,-2.5984861797810628,-1.2101416351080667,3.3056495562811974,1443.75
1156,-1.1974716113038615,-1.86790730184845,-1.8086186797592974,-2.598486248751921,-1.210141614517056,3.4327847684703707,1445.0
1157,-1.1974715948614747,-1.8679072716366696,-1.8086186449757995,-2.598486313419615,-1.2101415975416816,3.549919980659568,1446.25
1158,-1.1974715860324034,-1.8679072425339247,-1.8086186136771574,-2.5984863736104264,-1.2101415882147106,3.657055192848847,1447.5
1159,-1.1974715850835886,-1.8679072144770128,-1.8086185858855275,-2.5984864293692307,-1.2101415868026366,3.7541904050381287,1448.75
1160,-1.1974715842324535,-1.8679071893085455,-1.8086185609550203,-2.598486479387706,-1.2101415855359345,3.841325617227403,1450.0
1161,-1.197471586547226,-1.867907166852889,-1.8086185396800087,-2.598486523092593,-1.2101415874867403,3.918460829416722,1451.25
1162,-1.1974715947126393,-1.8679071469563673,-1.8086185227555736,-2.5984865599822835,-1.2101415953432058,3.985596041606034,1452.5
1163,-1.1974716016617886,-1.867907130023495,-1.8086185083520856,-2.598486591377139,-1.2101416020294262,4.042731253795325,1453.75
1164,-1.1974716073946743,-1.8679071160542748,-1.8086184964695426,-2.5984866172771603,-1.210141607545402,4.089866465984532,1455.0
1165,-1.1974716119112958,-1.8679071050487028,-1.8086184871079476,-2.598486637682346,-1.2101416118911321,4.127001678173778,1456.25
1166,-1.1974716152116538,-1.8679070970067793,-1.808618480267301,-2.598486652592697,-1.210141615066617,4.154136890363036,1457.5
1167,-1.1974716172957476,-1.8679070919285043,-1.808618475947603,-2.5984866620082134,-1.210141617071857,4.171272102552291,1458.75
1168,-1.198003815918303,-1.8693909745245627,-1.8065731063297996,-2.5990517904819197,-1.210672615644707,4.179683201612555,1460.0
1169,-1.199455991115999,-1.8734399616069377,-1.8009920365501964,-2.6005938098795145,-1.2121215169823587,4.1791833723910585,1461.25
1170,-1.19986330259439,-1.8745756413101935,-1.799426636219507,-2.601026320592254,-1.2125279133515072,4.1700044269905305,1462.5
1171,-1.1998633012477065,-1.8745756471396233,-1.7994266390239972,-2.6010263181692466,-1.2125279185409268,4.1518739564824205,1463.75
1172,-1.1998632991582492,-1.8745756561843194,-1.7994266433753254,-2.6010263144098102,-1.2125279265926108,4.123743485974279,1465.0
1173,-1.1998632963260185,-1.8745756684442823,-1.7994266492734923,-2.601026309313946,-1.212527937506559,4.085613015466146,1466.25
1174,-1.199863292747436,-1.874575683922825,-1.7994266567083217,-2.6010263029196152,-1.2125279512506504,4.037482545012705,1467.5
1175,-1.1998632879070577,-1.874575703097186,-1.7994266642141215,-2.6010263006950556,-1.2125279631980577,3.979352081426785,1468.75
1176,-1.1998632822340043,-1.8745757255700513,-1.7994266730111206,-2.6010262980878123,-1.21252797720074,3.9112216178408317,1470.0
1177,-1.1998632813902765,-1.874575748768239,-1.7994266925413331,-2.6010262629640315,-1.212527980501695,3.8330911672893624,1471.25
1178,-1.1998632820993118,-1.874575774178027,-1.7994267173509004,-2.6010262138793774,-1.2125279804589226,3.74496072131307,1472.5
1179,-1.1998632828613631,-1.87457580244899,-1.799426745054856,-2.6010261588893675,-1.2125279801732496,3.64683028678583,1473.75
1180,-1.1998632930250805,-1.8745758313475158,-1.7994267765827485,-2.6010260989949834,-1.2125279902346655,3.5386998598334793,1475.0
1181,-1.1998633095045321,-1.8745758616191552,-1.7994268116044942,-2.6010260339603617,-1.2125280072141995,3.4205694407223497,1476.25
1182,-1.199863331107721,-1.874575892836091,-1.7994268491725054,-2.601025965521182,-1.2125280293585934,3.2924390290879253,1477.5
1183,-1.1998633667546232,-1.8745759211301256,-1.799426888278634,-2.6010258987295845,-1.2125280655553523,3.1543086222260777,1478.75
1184,-1.1998634081157864,-1.8745759492876366,-1.799426929055881,-2.6010258304893856,-1.2125281074765866,3.006178216857526,1480.0
1185,-1.1998634643593746,-1.8745759709158665,-1.7994269681110189,-2.601025770707091,-1.2125281642028938,2.848047818393816,1481.25
1186,-1.1998635284190646,-1.8745759880517512,-1.7994270052157104,-2.60102571747269,-1.2125282286884254,2.6816765629520614,1482.5
1187,-1.1998635962259425,-1.8745759972579144,-1.799427035701848,-2.6010256788214434,-1.2125282967984106,2.521934586691713,1483.75
1188,-1.1998636630531632,-1.8745759979349976,-1.7994270574859268,-2.60102565736384,-1.2125283637855944,2.3721926104312647,1485.0
1189,-1.199863727179045,-1.8745759942764633,-1.7994270741501777,-2.6010256453095946,-1.2125284279937691,2.232450634170813,1486.25
1190,-1.1998637864981418,-1.874575984444764,-1.7994270832211599,-2.6010256469332207,-1.2125284872824298,2.102708657910278,1487.5
1191,-1.199863841115026,-1.8745759715279857,-1.7994270877705407,-2.601025656084789,-1.2125285418074203,1.9829666816496783,1488.75
1192,-1.1998638902708323,-1.8745759580371337,-1.7994270900293012,-2.601025668017655,-1.212528590849687,1.8732247053890676,1490.0
1193,-1.1998639318036626,-1.8745759400014175,-1.7994270854070862,-2.6010256912499363,-1.21252863217689,1.7734827291284296,1491.25
1194,-1.199863969172467,-1.8745759237739423,-1.7994270812482833,-2.60102571215298,-1.2125286693606836,1.6837407528677741,1492.5
1195,-1.1998640019158218,-1.8745759089884566,-1.799427077046702,-2.601025731591334,-1.2125287019325626,1.6039987766070782,1493.75
1196,-1.1998640258337883,-1.8745758923113138,-1.7994270681948876,-2.6010257574342264,-1.2125287256281418,1.5342568003463926,1495.0
1197,-1.1998640463222612,-1.874575878025434,-1.7994270606122968,-2.6010257795716187,-1.2125287459261145,1.4745148240857382,1496.25
1198,-1.199864063381241,-1.8745758661308203,-1.7994270542989257,-2.601025798003511,-1.2125287628264818,1.4247728478251125,1497.5
1199,-1.1998640770107272,-1.8745758566274693,-1.7994270492547786,-2.6010258127299037,-1.2125287763292425,1.3850308715645347,1498.75
1200,-1.1998640872107194,-1.8745758495153813,-1.799427045479855,-2.601025823750795,-1.2125287864343965,1.3552888953039033,1500.0
1201,-1.1998640939812182,-1.874575844794556,-1.799427042974156,-2.6010258310661856,-1.2125287931419437,1.335546919043289,1501.25
1202,-1.1998640973222228,-1.8745758424649934,-1.7994270417376808,-2.6010258346760757,-1.2125287964518843,1.325804942782663,1502.5
1203,-1.1998640977078066,-1.8745758421961398,-1.7994270415949798,-2.6010258350926914,-1.212528796833883,1.3246806258398423,1503.092747025
