,shoulder_pan_joint,shoulder_lift_joint,elbow_joint,wrist_1_joint,wrist_2_joint,wrist_3_joint,time_from_start
0,-1.5392379260229114,-2.3888418166868175,-0.8800248942804594,-0.80584711156847,1.6170417818126392,0.020750367362686394,0.0
1,-1.5387696793638979,-2.3869743221274,-0.8846166051058949,-0.80084711156847,1.6173733259538343,0.022843119882496588,1.25
2,-1.537364939386858,-2.3813718384491485,-0.8983917375822015,-0.78584711156847,1.6183679583774202,0.02912137744192719,2.5
3,-1.535023706091791,-2.3720343656520617,-0.9213502917093792,-0.76084711156847,1.620025679083396,0.03958514004097821,3.75
4,-1.5317459794786976,-2.3589619037361405,-0.9534922674874279,-0.7258471115684699,1.6223464880717622,0.05423440767964961,5.0
5,-1.5275053800024156,-2.342246046177416,-0.9946730280361575,-0.6808469365142598,1.6252558686311456,0.0731167812700877,6.25
6,-1.522221943058042,-2.3232261271517842,-1.0422783532512458,-0.6273647089892884,1.6280251806221304,0.09599731750177609,7.5
7,-1.5173046735052453,-2.307231968228235,-1.0830849310205672,-0.5800316188490364,1.6297939446106615,0.1166821689393549,8.75
8,-1.513271167220958,-2.295151933098332,-1.114427070552863,-0.5426925265821725,1.6307525401174916,0.13327807622267862,10.0
9,-1.5088842899053676,-2.2875792706833047,-1.1383654267805672,-0.5141310307964118,1.6300659081964297,0.1462493311358758,11.25
10,-1.4978013739356193,-2.2893168895481297,-1.1614633035475381,-0.48935578134049795,1.6223360783681926,0.15831075322978508,12.5
11,-1.4804027823112391,-2.3008777000563865,-1.1819180648225749,-0.4705677029531612,1.6076751047272073,0.1684419021403467,13.75
12,-1.4602438862864882,-2.319751120725776,-1.195814914072827,-0.4612688886148021,1.589121302348053,0.17472015223781012,15.0
13,-1.4400735969815242,-2.343030419560176,-1.2018549092753363,-0.46196912321973327,1.5692999784252373,0.176621388463936,16.25
14,-1.417822796541287,-2.371811099850874,-1.2029705025013568,-0.469798171276556,1.5465474819881317,0.1756288806601287,17.5
15,-1.3879104265687077,-2.410540963746402,-1.2044000910709043,-0.4804121928869765,1.5159494583741442,0.17425556064631673,18.75
16,-1.3530869727754258,-2.455629588520112,-1.206064392881181,-0.49276884972995477,1.4803277786990063,0.17265676569666177,20.0
17,-1.31818038773554,-2.5008258497622586,-1.2077326677460847,-0.5051550046317216,1.4446210622364466,0.1710541540716702,21.25
18,-1.2832738026956543,-2.5460221110044055,-1.2094009426109882,-0.5175411595334883,1.4089143457738864,0.16945154244667862,22.5
19,-1.2483672176557685,-2.5912183722465527,-1.2110692174758917,-0.5299273144352552,1.3732076293113264,0.16784893082168703,23.75
20,-1.2134606326158834,-2.6364146334886986,-1.2127374923407954,-0.5423134693370217,1.3375009128487672,0.16624631919669547,25.0
21,-1.178554047575992,-2.681610894730853,-1.2144057672056991,-0.5546996242387905,1.3017941963862016,0.16464370757170363,26.25
22,-1.1436474625361004,-2.726807155973007,-1.2160740420706029,-0.5670857791405592,1.2660874799236357,0.1630410959467118,27.5
23,-1.108740877496209,-2.7720034172151617,-1.2177423169355066,-0.5794719340423281,1.2303807634610702,0.16143848432171995,28.75
24,-1.0738342924563176,-2.8171996784573157,-1.2194105918004106,-0.591858088944097,1.1946740469985042,0.1598358726967281,30.0
25,-1.038927707416426,-2.86239593969947,-1.2210788666653143,-0.6042442438458656,1.158967330535939,0.1582332610717363,31.25
26,-1.004021122376535,-2.9075922009416244,-1.2227471415302182,-0.6166303987476345,1.123260614073373,0.15663064944674446,32.5
27,-0.9691145373366431,-2.9527884621837783,-1.224415416395122,-0.6290165536494032,1.0875538976108072,0.1550280378217526,33.75
28,-0.9342079522967519,-2.997984723425933,-1.226083691260026,-0.6414027085511722,1.0518471811482415,0.15342542619676078,35.0
29,-0.8993013672568602,-3.043180984668087,-1.2277519661249297,-0.653788863452941,1.0161404646856755,0.1518228145717689,36.25
30,-0.864394782216969,-3.0883772459102414,-1.2294202409898336,-0.6661750183547097,0.98043374822311,0.1502202029467771,37.5
31,-0.8294881971770776,-3.133573507152396,-1.2310885158547373,-0.6785611732564785,0.9447270317605442,0.14861759132178526,38.75
32,-0.794581612137186,-3.1787697683945497,-1.232756790719641,-0.6909473281582472,0.9090203152979786,0.14701497969679342,40.0
33,-0.7596750270972943,-3.223966029636704,-1.2344250655845448,-0.7033334830600162,0.8733135988354126,0.14541236807180155,41.25
34,-0.724768442057403,-3.2691622908788585,-1.236093340449449,-0.715719637961785,0.837606882372847,0.14380975644680974,42.5
35,-0.6898618570175196,-3.3143585521210026,-1.2377616153143522,-0.7281057928635509,0.8019001659102896,0.14220714482181826,43.75
36,-0.6549552719776395,-3.3595548133631414,-1.2394298901792555,-0.7404919477653156,0.7661934494477353,0.14060453319682692,45.0
37,-0.6200486869377593,-3.4047510746052816,-1.2410981650441588,-0.7528781026670804,0.730486732985181,0.1390019215718356,46.25
38,-0.585142101897879,-3.4499473358474217,-1.242766439909062,-0.7652642575688453,0.6947800165226268,0.13739930994684427,47.5
39,-0.5502355168579989,-3.495143597089561,-1.2444347147739654,-0.7776504124706101,0.6590733000600726,0.13579669832185295,48.75
40,-0.5153289318181188,-3.5403398583317003,-1.2461029896388687,-0.7900365673723748,0.6233665835975185,0.13419408669686161,50.0
41,-0.48042234677822304,-3.5855361195738604,-1.2477712645037728,-0.8024227222741451,0.5876598671349484,0.1325914750718696,51.25
42,-0.44551576173832763,-3.6307323808160197,-1.2494395393686766,-0.8148088771759154,0.5519531506723787,0.13098886344687757,52.5
43,-0.4106091766984319,-3.6759286420581794,-1.2511078142335808,-0.8271950320776856,0.5162464342098085,0.12938625182188554,53.75
44,-0.3757025916585363,-3.7211249033003395,-1.252776089098485,-0.8395811869794559,0.4805397177472385,0.1277836401968935,55.0
45,-0.3407960066186405,-3.766321164542499,-1.2544443639633887,-0.8519673418812264,0.4448330012846684,0.12618102857190144,56.25
46,-0.30588942157874477,-3.811517425784659,-1.2561126388282928,-0.8643534967829966,0.40912628482209823,0.12457841694690942,57.5
47,-0.27098283653884936,-3.8567136870268186,-1.2577809136931968,-0.8767396516847668,0.3734195683595284,0.1229758053219174,58.75
48,-0.2360762514989534,-3.9019099482689787,-1.2594491885581007,-0.8891258065865373,0.3377128518969581,0.12137319369692535,60.0
49,-0.20116966645905798,-3.947106209511138,-1.261117463423005,-0.9015119614883075,0.30200613543438837,0.11977058207193333,61.25
50,-0.16626308141916235,-3.9923024707532972,-1.2627857382879089,-0.9138981163900777,0.2662994189718183,0.1181679704469413,62.5
51,-0.13135649637926672,-4.037498731995457,-1.2644540131528128,-0.926284271291848,0.23059270250924824,0.11656535882194927,63.75
52,-0.09644991133937109,-4.082694993237617,-1.2661222880177168,-0.9386704261936183,0.19488598604667817,0.11496274719695723,65.0
53,-0.06154332629947523,-4.127891254479777,-1.267790562882621,-0.9510565810953886,0.1591792695841081,0.1133601355719652,66.25
54,-0.0266367412595796,-4.173087515721937,-1.2694588377475249,-0.9634427359971589,0.12347255312153804,0.11175752394697316,67.5
55,0.0082698437803157,-4.218283776964096,-1.271127112612429,-0.9758288908989291,0.08776583665896831,0.11015491232198114,68.75
56,0.04317642882021144,-4.263480038206255,-1.272795387477333,-0.9882150458006994,0.052059120196398245,0.10855230069698911,70.0
57,0.07808301386010708,-4.308676299448416,-1.274463662342237,-1.0006012007024698,0.01635240373382818,0.10694968907199708,71.25
58,0.11298959890000282,-4.353872560690575,-1.2761319372071411,-1.01298735560424,-0.019354312728741885,0.10534707744700503,72.5
59,0.14789618393989856,-4.399068821932735,-1.277800212072045,-1.0253735105060102,-0.05506102919131195,0.103744465822013,73.75
60,0.18280276897979386,-4.444265083174894,-1.279468486936949,-1.0377596654077805,-0.09076774565388168,0.10214185419702099,75.0
61,0.21770935401968983,-4.489461344417054,-1.2811367618018532,-1.050145820309551,-0.12647446211645208,0.10053924257202894,76.25
62,0.2526159390595851,-4.534657605659214,-1.2828050366667572,-1.0625319752113211,-0.1621811785790218,0.0989366309470369,77.5
63,0.2875225240994812,-4.579853866901374,-1.284473311531661,-1.0749181301130915,-0.1978878950415922,0.09733401932204486,78.75
64,0.3224291091393766,-4.625050128143533,-1.2861415863965653,-1.0873042850148618,-0.23359461150416194,0.09573140769705285,80.0
65,0.3573356941792722,-4.670246389385693,-1.2878098612614692,-1.099690439916632,-0.2693013279667319,0.09412879607206082,81.25
66,0.39224227921916793,-4.715442650627852,-1.2894781361263732,-1.1120765948184022,-0.30500804442930196,0.09252618444706878,82.5
67,0.4271488642590636,-4.7606389118700125,-1.2911464109912771,-1.1244627497201727,-0.340714760891872,0.09092357282207673,83.75
68,0.46205544929895964,-4.805835173112172,-1.2928146858561813,-1.136848904621943,-0.3764214773544425,0.08932096119708469,85.0
69,0.4969620343388546,-4.851031434354331,-1.2944829607210853,-1.149235059523713,-0.4121281938170119,0.08771834957209268,86.25
70,0.5318686193787503,-4.896227695596491,-1.2961512355859894,-1.1616212144254834,-0.44783491027958194,0.08611573794710065,87.5
71,0.566775204418646,-4.941423956838651,-1.2978195104508934,-1.1740073693272537,-0.483541626742152,0.08451312632210861,88.75
72,0.6016817894585413,-4.986620218080811,-1.2994877853157973,-1.186393524229024,-0.5192483432047218,0.0829105146971166,90.0
73,0.6365883744984371,-5.03181647932297,-1.3011560601807013,-1.198779679130794,-0.5549550596672919,0.08130790307212456,91.25
74,0.6714949595383328,-5.07701274056513,-1.3028243350456055,-1.2111658340325644,-0.5906617761298619,0.07970529144713252,92.5
75,0.7064015445782283,-5.12220900180729,-1.3044926099105094,-1.223551988934335,-0.626368492592432,0.07810267982214049,93.75
76,0.7413081296181241,-5.167405263049449,-1.3061608847754134,-1.235938143836105,-0.6620752090550021,0.07650006819714845,95.0
77,0.7762147146580196,-5.212601524291609,-1.3078291596403175,-1.2483242987378755,-0.6977819255175721,0.07489745657215642,96.25
78,0.8111212996979155,-5.257797785533769,-1.3094974345052215,-1.2607104536396456,-0.7334886419801421,0.07329484494716439,97.5
79,0.8460278847378112,-5.302994046775928,-1.3111657093701257,-1.273096608541416,-0.7691953584427123,0.07169223332217235,98.75
80,0.8809344697777067,-5.348190308018088,-1.3128339842350294,-1.2854827634431865,-0.8049020749052823,0.07008962169718032,100.0
81,0.9158410548175713,-5.393386569260207,-1.3145022590999322,-1.2978689183449454,-0.8406087913678203,0.06848701007218971,101.25
82,0.9507476398574358,-5.438582830502328,-1.3161705339648346,-1.3102550732467049,-0.8763155078303586,0.0668843984471991,102.5
83,0.9856542248973009,-5.483779091744447,-1.317838808829737,-1.3226412281484643,-0.9120222242928974,0.06528178682220848,103.75
84,1.0205608099371655,-5.528975352986567,-1.3195070836946399,-1.3350273830502235,-0.9477289407554356,0.06367917519721787,105.0
85,1.05546739497703,-5.574171614228686,-1.3211753585595423,-1.3474135379519827,-0.9834356572179735,0.06207656357222728,106.25
86,1.0903739800168943,-5.619367875470805,-1.3228436334244447,-1.3597996928537417,-1.0191423736805119,0.060473951947236676,107.5
87,1.1252805650567597,-5.664564136712926,-1.3245119082893475,-1.3721858477555013,-1.0548490901430507,0.05887134032224603,108.75
88,1.160187150096624,-5.709760397955044,-1.32618018315425,-1.3845720026572608,-1.090555806605589,0.05726872869725544,110.0
89,1.1950937351364888,-5.754956659197164,-1.3278484580191523,-1.39695815755902,-1.1262625230681274,0.05566611707226482,111.25
90,1.2265606809437413,-5.795699352920197,-1.329352343738868,-1.4081238005060106,-1.158450756623442,0.054221424241497784,112.5
91,1.2503164993176707,-5.826457852269884,-1.330487694981138,-1.4165532485846901,-1.1827511076902892,0.053130760384126854,113.75
92,1.2663489830438805,-5.84721635161957,-1.3312539283320044,-1.4222421702212806,-1.1991510892395656,0.0523946859509575,115.0
93,1.2791424025019873,-5.8580025394157,-1.3315570394046454,-1.42398388270748,-1.2093981442205164,0.04906727643550317,116.25
94,1.2934759583142856,-5.858798633255994,-1.3312943178042913,-1.4204694415678785,-1.2153314048444694,0.03998642895504695,117.5
95,1.3037447102667952,-5.849954122270435,-1.3306037548649,-1.4133930694489136,-1.2149554737107078,0.02901642056452027,118.75
96,1.304641888142757,-5.836156640915406,-1.3298484625419718,-1.4064683517952596,-1.208522071714395,0.021881852390919245,120.0
97,1.299175863474196,-5.816739882502917,-1.3289288328243685,-1.3985541454221118,-1.1968669478481369,0.016281626035539176,121.25
98,1.2908947321063395,-5.78732312409043,-1.3275355763055932,-1.3865639721934178,-1.1792092134437788,0.007797176558870116,122.5
99,1.2797984940391867,-5.7479063656779426,-1.3256686929856465,-1.3704978321091759,-1.155548868501319,-0.0035714960390891178,123.75
100,1.265887149272736,-5.698489607265448,-1.3233281828645271,-1.350355725169384,-1.1258859130207541,-0.01782439175833991,125.0
101,1.249160697806987,-5.639072848852945,-1.3205140459422358,-1.326137651374041,-1.0902203470020821,-0.03496151059888304,126.25
102,1.2296191396419394,-5.569656090440434,-1.3172262822187721,-1.2978436107231475,-1.0485521704453036,-0.05498285256071851,127.5
103,1.2072624747775924,-5.490239332027911,-1.313464891694136,-1.2654736032167013,-1.0008813833504167,-0.07788841764384713,128.75
104,1.182090703213944,-5.400822573615369,-1.3092298743683275,-1.2290276288547006,-0.9472079857174167,-0.10367820584827103,130.0
105,1.1541038249509956,-5.301405815202813,-1.3045212302413463,-1.188505687637146,-0.8875319775463066,-0.13235221717398904,131.25
106,1.1233018399887462,-5.191989056790238,-1.299338959313192,-1.1439077795640369,-0.8218533588370844,-0.16391045162100196,132.5
107,1.089687258148832,-5.072581213924744,-1.2936834838480709,-1.0952375385828208,-0.7501774812454466,-0.19835033774660174,133.75
108,1.054780673108962,-4.948583835606548,-1.2878106356834167,-1.0446966181628468,-0.6757466842664706,-0.23411394829906793,135.0
109,1.0198740880690917,-4.824586457288351,-1.2819377875187625,-0.9941556977428726,-0.6013158872874942,-0.26987755885153436,136.25
110,0.9849675030292215,-4.700589078970154,-1.2760649393541081,-0.9436147773228982,-0.5268850903085175,-0.30564116940400077,137.5
111,0.9500609179893507,-4.576591700651954,-1.270192091189454,-0.8930738569029232,-0.4524542933295399,-0.3414047799564678,138.75
112,0.9151543329494808,-4.452594322333758,-1.2643192430247996,-0.8425329364829491,-0.37802349635056376,-0.377168390508934,140.0
113,0.8802477479096105,-4.328596944015561,-1.2584463948601456,-0.791992016062975,-0.3035926993715873,-0.4129320010614005,141.25
114,0.8453411628697403,-4.204599565697363,-1.2525735466954915,-0.7414510956430005,-0.2291619023926107,-0.44869561161386684,142.5
115,0.8104345778298698,-4.080602187379166,-1.246700698530837,-0.6909101752230263,-0.15473110541363422,-0.48445922216633325,143.75
116,0.7755279927899992,-3.9566048090609685,-1.2408278503661827,-0.6403692548030515,-0.08030030843465708,-0.5202228327188001,145.0
117,0.7406214077501292,-3.83260743074277,-1.2349550022015285,-0.5898283343830774,-0.005869511455680487,-0.5559864432712665,146.25
118,0.7057148227102589,-3.7086100524245733,-1.2290821540368744,-0.5392874139631029,0.06856128552329599,-0.5917500538237329,147.5
119,0.6708082376703886,-3.584612674106376,-1.2232093058722202,-0.4887464935431287,0.14299208250227247,-0.6275136643761993,148.75
120,0.6359016526305186,-3.4606152957881804,-1.217336457707566,-0.4382055731231549,0.21742287948124828,-0.6632772749286654,150.0
121,0.6009950675906476,-3.3366179174699804,-1.2114636095429117,-0.38766465270317974,0.2918536764602264,-0.6990408854811325,151.25
122,0.5660884825507775,-3.212620539151784,-1.2055907613782573,-0.33712373228320536,0.36628447343920256,-0.7348044960335989,152.5
123,0.5311818975109073,-3.0886231608335875,-1.1997179132136033,-0.2865828118632314,0.44071527041817915,-0.7705681065860653,153.75
124,0.4962753124710369,-2.964625782515389,-1.193845065048949,-0.23604189144325682,0.5151460673971557,-0.8063317171385318,155.0
125,0.4613687274311667,-2.840628404197193,-1.1879722168842948,-0.18550097102328267,0.5895768643761323,-0.8420953276909982,156.25
126,0.42646214239129615,-2.7166310258789945,-1.1820993687196406,-0.13496005060330796,0.6640076613551096,-0.8778589382434651,157.5
127,0.3915555573514257,-2.5926336475607967,-1.1762265205549862,-0.08441913018333347,0.7384384583340862,-0.9136225487959314,158.75
128,0.3566489723115556,-2.4686362692426,-1.170353672390332,-0.033878209763359424,0.8128692553130624,-0.9493861593483979,160.0
129,0.32174238727168514,-2.3446388909244025,-1.1644808242256777,0.016662710656615065,0.8873000522920392,-0.9851497699008642,161.25
130,0.2868358022318154,-2.220641512606207,-1.1586079760610235,0.06720363107658867,0.9617308492710148,-1.0209133804533301,162.5
131,0.2519292171919445,-2.0966441342880073,-1.1527351278963693,0.11774455149656393,1.036161646249993,-1.0566769910057974,163.75
132,0.2170226321520743,-1.9726467559698102,-1.1468622797317152,0.1682854719165382,1.110592443228969,-1.092440601558264,165.0
133,0.1821160471122042,-1.848649377651614,-1.140989431567061,0.2188263923365119,1.1850232402079452,-1.12820421211073,166.25
134,0.1472094620723341,-1.7246519993334168,-1.1351165834024066,0.2693673127564863,1.2594540371869216,-1.1639678226631964,167.5
135,0.112302877032464,-1.6006546210152208,-1.1292437352377527,0.3199082331764602,1.3338848341658978,-1.1997314332156626,168.75
136,0.07739629199259279,-1.4766572426970204,-1.1233708870730983,0.3704491535964357,1.4083156311448761,-1.2354950437681298,170.0
137,0.04248970695272303,-1.3526598643788244,-1.117498038908444,0.4209900740164094,1.4827464281238518,-1.2712586543205957,171.25
138,0.007583121912852819,-1.2286624860606281,-1.1116251907437897,0.4715309944363836,1.5571772251028282,-1.3070222648730623,172.5
139,-0.02732346312701761,-1.10466510774243,-1.1057523425791356,0.5220719148563581,1.6316080220818048,-1.3427858754255289,173.75
140,-0.0622300481668876,-0.9806677294242336,-1.0998794944144814,0.5726128352763321,1.706038819060781,-1.3785494859779952,175.0
141,-0.09713663320675858,-0.8566703511060343,-1.094006646249827,0.6231537556963072,1.7804696160397586,-1.4143130965304622,176.25
142,-0.13204321824662846,-0.7326729727878383,-1.0881337980851729,0.6736946761162811,1.8549004130187348,-1.4500767070829284,177.5
143,-0.16694980328649878,-0.6086755944696409,-1.0822609499205187,0.7242355965362555,1.9293312099977116,-1.4858403176353947,178.75
144,-0.2018563883263691,-0.484678216151444,-1.0763881017558643,0.7747765169562298,2.0037620069766877,-1.521603928187861,180.0
145,-0.23676297336623942,-0.36068083783324667,-1.0705152535912101,0.8253174373762039,2.0781928039556643,-1.5573675387403274,181.25
146,-0.27166955840610996,-0.23668345951504843,-1.064642405426556,0.8758583577961788,2.152623600934642,-1.5931311492927944,182.5
147,-0.3065761434459803,-0.11268608119685108,-1.0587695572619018,0.926399278216153,2.2270543979136184,-1.6288947598452608,183.75
148,-0.3414827284858505,0.01131129712134582,-1.0528967090972476,0.9769401986361272,2.301485194892595,-1.6646583703977273,185.0
149,-0.3763893135257208,0.13530867543954317,-1.0470238609325933,1.0274811190561017,2.375915991871571,-1.7004219809501937,186.25
150,-0.41129589856559107,0.2593060537577405,-1.0411510127679389,1.078022039476076,2.4503467888505477,-1.73618559150266,187.5
151,-0.446202483605462,0.3833034320759401,-1.0352781646032847,1.1285629598960512,2.5247775858295256,-1.771949202055127,188.75
152,-0.48110906864533165,0.5073008103941348,-1.0294053164386305,1.1791038803160245,2.599208382808501,-1.8077128126075932,190.0
153,-0.5160156536852025,0.6312981887123343,-1.0235324682739764,1.2296448007359997,2.673639179787479,-1.8434764231600602,191.25
154,-0.5509222387250722,0.7552955670305292,-1.0176596201093222,1.280185721155973,2.748069976766454,-1.879240033712526,192.5
155,-0.5858288237649427,0.8792929453487277,-1.011786771944668,1.3307266415759478,2.8225007737454315,-1.9150036442649927,193.75
156,-0.6207354088048133,1.0032903236669257,-1.0059139237800137,1.3812675619959227,2.8969315707244085,-1.9507672548174595,195.0
157,-0.6556419938446834,1.1272877019851222,-1.0000410756153593,1.4318084824158965,2.9713623677033842,-1.9865308653699256,196.25
158,-0.6905485788845539,1.2512850803033202,-0.9941682274507052,1.4823494028358712,3.0457931646823617,-2.022294475922392,197.5
159,-0.725455163924424,1.3752824586215167,-0.9882953792860509,1.5328903232558453,3.1202239616613374,-2.0580580864748583,198.75
160,-0.7603617489642938,1.499279836939713,-0.9824225311213968,1.583431243675819,3.194654758640313,-2.0938216970273245,200.0
161,-0.7952683340041651,1.6232772152579131,-0.9765496829567424,1.6339721640957947,3.269085555619292,-2.129585307579792,201.25
162,-0.8301749190440351,1.7472745935761091,-0.9706768347920882,1.6845130845157685,3.343516352598268,-2.165348918132258,202.5
163,-0.8650815040839057,1.8712719718943076,-0.964803986627434,1.7350540049357432,3.417947149577245,-2.201112528684725,203.75
164,-0.8999880891237761,1.9952693502125056,-0.9589311384627797,1.7855949253557177,3.492377946556222,-2.2368761392371916,205.0
165,-0.9348946741636451,2.1192667285306985,-0.9530582902981257,1.8361358457756904,3.566808743535196,-2.272639749789657,206.25
166,-0.9698012592035168,2.2432641068489003,-0.9471854421334713,1.8866767661956665,3.6412395405141753,-2.308403360342125,207.5
167,-1.0047078442433857,2.3672614851670932,-0.9413125939688173,1.9372176866156392,3.7156703374931492,-2.34416697089459,208.75
168,-1.0396144292832563,2.4912588634852915,-0.935439745804163,1.9877586070356137,3.7901011344721263,-2.3799305814470566,210.0
169,-1.0745210143231279,2.6152562418034933,-0.9295668976395085,2.03829952745559,3.864531931451106,-2.415694191999524,211.25
170,-1.109427599362997,2.739253620121686,-0.9236940494748546,2.0888404478755622,3.9389627284300794,-2.4514578025519893,212.5
171,-1.1443341844028674,2.8632509984398844,-0.9178212013102003,2.1393813682955374,4.013393525409057,-2.487221413104456,213.75
172,-1.1792407694427376,2.9872483767580804,-0.9119483531455461,2.189922288715511,4.087824322388033,-2.522985023656922,215.0
173,-1.214147354482609,3.1112457550762818,-0.9060755049808917,2.240463209135487,4.162255119367011,-2.55874863420939,216.25
174,-1.2487472981101837,3.234153862382577,-0.9002542476107351,2.290560146301339,4.2360320693804985,-2.5941980746980686,217.5
175,-1.2809323828609236,3.3484837553091515,-0.8948392774642219,2.3371606317180396,4.304659851390606,-2.62717336676141,218.75
176,-1.310302360912374,3.4528136482357494,-0.8898979341188793,2.3796851502792014,4.367285022862626,-2.6572644357034685,220.0
177,-1.3368572322645271,3.547143541162342,-0.8854302175747089,2.418133701984814,4.423907583796541,-2.6844712815242358,221.25
178,-1.3605969969173937,3.631473434088969,-0.8814361278317087,2.452506286834893,4.474527534192374,-2.7087939042237226,222.5
179,-1.3815216548709628,3.705803327015591,-0.8779156648898805,2.4828029048294233,4.519144874050104,-2.7302323038019187,223.75
180,-1.3996312061252352,3.7701332199422106,-0.8748688287492243,2.5090235559684047,4.55775960336973,-2.7487864802588238,225.0
181,-1.4149256506802117,3.8244631128688313,-0.87229561940974,2.531168240251839,4.590371722151256,-2.7644564335944404,226.25
182,-1.4274198270317286,3.869575142102739,-0.8709116756889163,2.5500831890451368,4.61732599209968,-2.7770802070334795,227.5
183,-1.4370424840989884,3.9123387306680963,-0.8777412616161063,2.5737185298085903,4.641527982628467,-2.7848549144841037,228.75
184,-1.4433138571272748,3.9527812144217584,-0.8945698784843236,2.603337484424299,4.662698019124377,-2.786868452390667,230.0
185,-1.4456572365254297,3.988754184510634,-0.921396314608606,2.6379922160831155,4.67956355754927,-2.782554187015731,231.25
186,-1.4434550889409754,4.017319878316817,-0.957591863326362,2.6759472411957,4.6904884104608895,-2.77146015211339,232.5
187,-1.4373546643825175,4.040631069300631,-1.0026287035735115,2.7178998510932058,4.69698320611427,-2.7543469140193286,233.75
188,-1.4292337693544823,4.068521452664974,-1.057319841411217,2.769608699831423,4.705807029003318,-2.732817097604711,235.0
189,-1.4188302704741929,4.1010007064562,-1.1210108516959683,2.831318715374461,4.717948275659303,-2.7067394416851327,236.25
190,-1.4058208751802592,4.1377354262161905,-1.193068529767107,2.903027850019897,4.7341409894360345,-2.6760126297546543,237.5
191,-1.38963730198841,4.178387261868448,-1.2730101082512197,2.984735699090802,4.755690710846999,-2.64098126666765,238.75
192,-1.3696947077508204,4.22251146430654,-1.3600989232683507,3.0764440732527194,4.783909409960614,-2.601823798692802,240.0
193,-1.345832110522335,4.268390843014807,-1.4512815702331863,3.175411283199478,4.819494135662992,-2.5605576573876663,241.25
194,-1.3212010321643914,4.309685255216829,-1.5340961407456017,3.26803732142079,4.857684188447369,-2.523345271073241,242.5
195,-1.2968345694237338,4.345590409207969,-1.6069192733976134,3.351834947869658,4.896473713686229,-2.4914559726463095,243.75
196,-1.273542402514928,4.376190684921713,-1.6697725774471264,3.4261309975905903,4.9341069688850965,-2.4650729154301754,245.0
197,-1.2520422559785556,4.4016956365536775,-1.7228518047752532,3.490474352871027,4.9691622271536104,-2.4439120603273734,246.25
198,-1.232955467180892,4.42245312164163,-1.766627185217996,3.5448181540606694,5.0003777151454765,-2.427520571263573,247.5
199,-1.2167570718756058,4.438816382329844,-1.8015794273434205,3.5891626600156448,5.026868282776107,-2.415305508492281,248.75
200,-1.2038293746651045,4.45113762734702,-1.8281792791093947,3.623507579286342,5.048009362565262,-2.406555752767607,250.0
201,-1.1945187999273026,4.4597361567414655,-1.8468535655144651,3.647852856032811,5.063235004351119,-2.400626726205191,251.25
202,-1.188082806428134,4.465676015956258,-1.8597554195289556,3.664676318241879,5.073759862340447,-2.3989229355620294,252.5
203,-1.1820789476320654,4.471217217356212,-1.8717914032289575,3.6803712358400893,5.083578206778573,-2.4068480508350585,253.75
204,-1.1771635128939535,4.475754066605644,-1.8816459005407333,3.6932221125395057,5.0916168030341655,-2.424769342138387,255.0
205,-1.1745334587419882,4.478181862936368,-1.8869194080382288,3.700100053832613,5.0959182393458216,-2.4521627948857883,256.25
206,-1.1744289639099401,4.478278876098006,-1.8871302909321233,3.7003768222738005,5.096089683522442,-2.485263684194483,257.5
207,-1.1744306045818933,4.478278103559618,-1.8871288230001442,3.7003772178486187,5.096087727875674,-2.5281012765102746,258.75
208,-1.1744326630681408,4.478277146364027,-1.887126990031029,3.7003775895962767,5.0960850256193995,-2.580938852081716,260.0
209,-1.1744351132414175,4.478276007750052,-1.8871248088070072,3.7003780246954125,5.096081794443694,-2.643776426788624,261.25
210,-1.1744362817721297,4.478275457413368,-1.8871237876597875,3.7003782343162843,5.096080220786977,-2.716613997357852,262.5
211,-1.1744363035091472,4.478275433278537,-1.8871238050003156,3.700378242234632,5.096080129450896,-2.7994515648863114,263.75
212,-1.1744363270097766,4.4782754048144815,-1.8871238200213833,3.7003782337494,5.096080034528476,-2.8922891210827935,265.0
213,-1.1744363535864717,4.478275376250519,-1.8871238403326411,3.7003782416880684,5.096079958100893,-2.9951266733660713,266.25
214,-1.1744363842764522,4.47827535163811,-1.887123872276958,3.7003782942696413,5.096079928909022,-3.107964222711573,267.5
215,-1.1744364175912914,4.47827532487593,-1.8871239071775583,3.700378352090138,5.09607989791748,-3.2308017653714978,268.75
216,-1.1744364663131588,4.478275304875853,-1.8871239414780718,3.700378405331661,5.0960798492057,-3.3636393075847995,270.0
217,-1.1744365202946372,4.4782752844920735,-1.8871239779379314,3.700378461449512,5.096079794902209,-3.5064768427377744,271.25
218,-1.1744365875114116,4.478275273493252,-1.8871240094025072,3.7003785029067373,5.096079727381457,-3.659314372401679,272.5
219,-1.1744366578132683,4.47827526431079,-1.8871240400615588,3.7003785416773027,5.096079656777194,-3.8151282793295422,273.75
220,-1.1744367290403548,4.478275268582411,-1.887124058022384,3.7003785543160417,5.096079585464336,-3.9612043985051693,275.0
221,-1.1744367954161625,4.478275272621526,-1.8871240747034699,3.7003785659792157,5.096079519009587,-4.097280517680797,276.25
222,-1.174436856558209,4.4782752868734645,-1.8871240799064481,3.7003785560591145,5.096079457961742,-4.223356636856447,277.5
223,-1.1744369128394252,4.478275300326267,-1.8871240843735557,3.7003785462725016,5.096079401772531,-4.339432756032096,278.75
224,-1.1744369618051738,4.478275317110838,-1.8871240833573903,3.700378527789568,5.096079352967305,-4.445508875207761,280.0
225,-1.1744370043346246,4.478275335626687,-1.8871240786750236,3.7003785040101524,5.096079310639648,-4.541584994383419,281.25
226,-1.1744370424374362,4.478275352215327,-1.887124074480011,3.700378482705796,5.096079272717627,-4.627661113559084,282.5
227,-1.1744370736871816,4.478275368779385,-1.887124068184019,3.7003784594272053,5.096079241663028,-4.703737232734758,283.75
228,-1.1744370977786227,4.478275385558206,-1.88712405946144,3.7003784336146706,5.0960792177855385,-4.769813351910429,285.0
229,-1.1744371182240505,4.4782753997977105,-1.887124052058941,3.7003784117086207,5.096079197521684,-4.825889471086092,286.25
230,-1.1744371350234655,4.4782754114978935,-1.887124045976519,3.7003783937090535,5.09607918087146,-4.8719655902617465,287.5
231,-1.1744371481768674,4.478275420658762,-1.8871240412141783,3.7003783796159713,5.096079167834871,-4.908041709437402,288.75
232,-1.1744371576842556,4.478275427280314,-1.8871240377719192,3.700378369429375,5.096079158411916,-4.934117828613061,290.0
233,-1.17443716354563,4.478275431362549,-1.8871240356497407,3.700378363149263,5.096079152602595,-4.950193947788719,291.25
234,-1.1752319109984855,4.476286482073164,-1.8845274580395313,3.6997649270332365,5.095285509902279,-4.957729773415292,292.5
235,-1.176850483865624,4.47223579272375,-1.8792392820435053,3.698515611350856,5.093669186247316,-4.956008121513146,293.75
236,-1.1771428367924193,4.471504130624813,-1.8782841008060016,3.6982899513561693,5.093377236669653,-4.945783924750068,295.0
237,-1.1771428305197955,4.471504124997753,-1.878284100974256,3.6982899487441037,5.093377237141318,-4.9262570206780465,296.25
238,-1.1771428210348738,4.471504116488999,-1.8782841012286755,3.698289944794364,5.093377237854531,-4.896730116606024,297.5
239,-1.177142808337654,4.47150410509855,-1.8782841015692608,3.6982899395069486,5.093377238809291,-4.857203212534006,298.75
240,-1.1771427925150522,4.4715040908882315,-1.878284102177356,3.6982899335564214,5.0933772392647345,-4.807676309364696,300.0
241,-1.1771427740563243,4.471504074206076,-1.8782841040737621,3.6982899307399455,5.093377235050498,-4.748149411323471,301.25
242,-1.1771427524966906,4.471504054721464,-1.8782841062887479,3.6982899274503263,5.093377230128307,-4.678622513282241,302.5
243,-1.1771427184140106,4.471504039079996,-1.8782841103677472,3.6982899464507493,5.093377260812985,-4.599095630304127,303.75
244,-1.1771426791812514,4.4715040220804445,-1.8782841151165195,3.698289969982153,5.093377298721552,-4.509568751211357,305.0
245,-1.177142635537312,4.471504003198917,-1.8782841204576213,3.698289996414512,5.093377341104517,-4.410041881482743,306.25
246,-1.177142583751565,4.4715039888907615,-1.878284118378967,3.6982900097878346,5.093377392574265,-4.300515020934705,307.5
247,-1.1771425261494393,4.471503975148618,-1.878284113804841,3.6982900198237365,5.093377450147301,-4.180988167871622,308.75
248,-1.1771424635861256,4.471503964540581,-1.878284104646556,3.698290022202933,5.093377512724226,-4.051461321675883,310.0
249,-1.1771423959507221,4.471503960450232,-1.8782840875906994,3.6982900102319705,5.093377580442272,-3.911934479306664,311.25
250,-1.1771423254126097,4.471503960775445,-1.8782840653580912,3.698289988725389,5.0933776511387645,-3.762407639434273,312.5
251,-1.1771422538841847,4.471503970146868,-1.8782840340601403,3.698289949150169,5.0933777229707875,-3.6028808063856173,313.75
252,-1.1771421861150237,4.471503987726866,-1.8782839959827085,3.698289894554277,5.0933777911661835,-3.436540890666828,315.0
253,-1.1771421266679343,4.471504010203487,-1.8782839557501156,3.698289832796414,5.0933778510995555,-3.278304612840288,316.25
254,-1.1771420827973884,4.471504039487776,-1.8782839137661271,3.698289762266472,5.09337789553112,-3.1300683350137266,317.5
255,-1.1771420451201942,4.471504069047742,-1.8782838734395448,3.6982896930266196,5.09337793376034,-2.991832057187151,318.75
256,-1.1771420221240187,4.471504101670128,-1.8782838347094675,3.6982896221105097,5.09337795732559,-2.8635957793605686,320.0
257,-1.1771420047023287,4.471504133393461,-1.8782837985818879,3.6982895546101906,5.093377975289998,-2.7453595015339753,321.25
258,-1.1771419937401895,4.471504163623726,-1.8782837659069374,3.6982894919549087,5.093377986757129,-2.6371232237073743,322.5
259,-1.177141992738264,4.471504193196391,-1.8782837369634109,3.698289433538131,5.093377988232057,-2.5388869458807672,323.75
260,-1.1771419918383306,4.471504219758691,-1.8782837109661963,3.6982893810679123,5.0933779895568465,-2.4506506680541604,325.0
261,-1.1771419931740865,4.471504243439653,-1.878283688453339,3.698289334921793,5.093377988595241,-2.372414390227549,326.25
262,-1.1771420018929364,4.471504264550545,-1.8782836707228245,3.698289296010566,5.093377980193672,-2.304178112400935,327.5
263,-1.1771420093340421,4.471504282567645,-1.8782836555907099,3.6982892628017643,5.09337797302335,-2.2459418345743236,328.75
264,-1.1771420154974042,4.471504297490949,-1.8782836430569918,3.6982892352953876,5.093377967084275,-2.1977055567477244,330.0
265,-1.1771420203830218,4.4715043093204585,-1.8782836331216748,3.698289213491436,5.093377962376447,-2.1594692789211254,331.25
266,-1.1771420239908956,4.471504318056176,-1.8782836257847582,3.69828919738991,5.093377958899865,-2.1312330010945213,332.5
267,-1.1771420263210253,4.4715043236981025,-1.8782836210462424,3.698289186990809,5.093377956654529,-2.11299672326792,333.75
268,-1.1775944961313216,4.470358051055669,-1.876778120400001,3.6979266754654256,5.092926154906941,-2.103777352115197,335.0
269,-1.179223185362012,4.46623196089771,-1.8713589851568664,3.6966218108334243,5.091299869855847,-2.103324662047181,336.25
270,-1.1798098317407093,4.4647457576204435,-1.8694070368421933,3.6961518057617457,5.090714086224722,-2.111842088413275,337.5
271,-1.1798098304709252,4.464745751864082,-1.869407039776274,3.69615180874189,5.09071408063125,-2.1291681591486444,338.75
272,-1.1798098284682668,4.46474574278535,-1.869407044403803,3.6961518134420697,5.090714071809423,-2.1564942298840215,340.0
273,-1.1798098257327334,4.464745730384248,-1.8694070507247804,3.696151819862284,5.090714059759239,-2.1938203006193877,341.25
274,-1.1798098222643254,4.4647457146607765,-1.8694070587392062,3.696151828002533,5.0907140444807,-2.241146371354758,342.5
275,-1.1798098175807734,4.464745695129188,-1.8694070669721023,3.696151832228005,5.0907140301322364,-2.2984724307300173,343.75
276,-1.1798098120382154,4.464745672148188,-1.8694070765126871,3.696151836699802,5.0907140136430025,-2.3657984892388786,345.0
277,-1.179809810686047,4.464745648000569,-1.8694070956255668,3.6961518699354845,5.090714008198374,-2.443124536284981,346.25
278,-1.179809811425605,4.464745621745852,-1.8694071208970358,3.696151920172765,5.090714008149975,-2.530450578481531,347.5
279,-1.1798098122149983,4.464745592506932,-1.8694071491436415,3.696151976517461,5.090714008386313,-2.6277766087113674,348.75
280,-1.1798098216029094,4.464745562343691,-1.8694071811935928,3.6961520380477944,5.090713999223318,-2.735102632321549,350.0
281,-1.1798098387781575,4.464745531058199,-1.8694072169618736,3.696152104824379,5.090713981553859,-2.852428647973979,351.25
282,-1.1798098599891294,4.464745498222908,-1.8694072554928238,3.6961521758494764,5.090713959802368,-2.9797546559968975,352.5
283,-1.1798098971874982,4.464745469025756,-1.8694072954423804,3.6961522443598103,5.090713922053247,-3.117080658894245,353.75
284,-1.1798099391139052,4.464745439107422,-1.869407337564676,3.696152315690751,5.090713879554199,-3.264406660746017,355.0
285,-1.1798099978535053,4.464745416876951,-1.8694073774538091,3.6961523768702222,5.090713820331375,-3.421732655519141,356.25
286,-1.1798100640425762,4.464745398165387,-1.8694074162442895,3.6961524333309335,5.0907137536992675,-3.587872325238897,357.5
287,-1.17981013553399,4.46474538877294,-1.8694074476326819,3.6961524730178055,5.090713681902479,-3.7483097145120956,358.75
288,-1.179810205563371,4.464745387214846,-1.8694074709548167,3.696152496848115,5.090713611696266,-3.898747103785304,360.0
289,-1.179810273218219,4.464745391281799,-1.869407488072826,3.696152508900653,5.090713543959755,-4.039184493058535,361.25
290,-1.179810335858934,4.464745400859788,-1.8694074982754552,3.6961525086172617,5.090713481336445,-4.169621882331764,362.5
291,-1.1798103935311346,4.464745414603508,-1.8694075028838544,3.6961524986599015,5.090713423759093,-4.290059271605013,363.75
292,-1.1798104458565475,4.464745428222713,-1.8694075059481174,3.69615248736239,5.090713371538133,-4.400496660878266,365.0
293,-1.1798104897652066,4.464745447308425,-1.869407501080632,3.696152462807787,5.090713327839666,-4.500934050151531,366.25
294,-1.1798105293021233,4.464745464493872,-1.8694074966977707,3.69615244069795,5.090713288492013,-4.591371439424797,367.5
295,-1.1798105644672958,4.464745479779059,-1.869407492799537,3.6961524210328793,5.090713253495176,-4.671808828698058,368.75
296,-1.1798105898990752,4.464745497372404,-1.8694074836278118,3.6961523939380174,5.090713228289783,-4.742246217971329,370.0
297,-1.1798106116610776,4.464745512514509,-1.8694074756945913,3.696152370580738,5.090713206722898,-4.802683607244597,371.25
298,-1.1798106298223292,4.464745525151191,-1.8694074690740026,3.6961523510881653,5.0907131887244805,-4.85312099651785,372.5
299,-1.1798106443828291,4.464745535282453,-1.869407463766048,3.696152335460299,5.09071317429453,-4.893558385791105,373.75
300,-1.1798106553425773,4.464745542908296,-1.8694074597707289,3.69615232369714,5.090713163433048,-4.923995775064361,375.0
301,-1.1798106627015739,4.464745548028719,-1.869407457088045,3.6961523157986877,5.090713156140032,-4.944433164337617,376.25
302,-1.1799945715167581,4.46427391721161,-1.868784329919608,3.6959994940229297,5.090529535113439,-4.955371739608014,377.5
303,-1.1815186211766275,4.460365416275395,-1.863620388416488,3.6947330697461593,5.0890078700411205,-4.958047376233723,378.75
304,-1.1824414838488133,4.457998679801422,-1.8604934413417646,3.693966205276618,5.088086449408265,-4.951269097356053,380.0
305,-1.1824414790436846,4.457998675498574,-1.8604934414428946,3.693966203172773,5.088086449870282,-4.936181826430233,381.25
306,-1.1824414710536666,4.457998668343754,-1.8604934416110548,3.6939661996744775,5.088086450638528,-4.911094555504405,382.5
307,-1.1824414598787594,4.457998658336961,-1.8604934418462449,3.6939661947817317,5.0880864517130036,-4.876007284578584,383.75
308,-1.182441445518963,4.457998645478195,-1.860493442148465,3.693966188494536,5.088086453093708,-4.830920013652762,385.0
309,-1.1824414284134328,4.457998630074066,-1.860493443418631,3.6939661841419174,5.088086450998068,-4.775832746744369,386.25
310,-1.182441408403897,4.457998612014069,-1.8604934453320523,3.693966180524093,5.088086446789325,-4.710745481541825,387.5
311,-1.1824413806753244,4.457998594522138,-1.8604934483961386,3.6939661879983854,5.088086459797992,-4.63565822422329,388.75
312,-1.1824413438564987,4.457998578585124,-1.8604934528637986,3.6939662100034685,5.088086495297836,-4.55057097546769,390.0
313,-1.1824413026835074,4.457998560791736,-1.8604934579173658,3.6939662348603877,5.088086535195982,-4.455483736110329,391.25
314,-1.182441255596805,4.4579985438454415,-1.8604934601652336,3.6939662558100763,5.088086581395077,-4.350396503469603,392.5
315,-1.182441200818736,4.45799853081578,-1.8604934557878996,3.69396626529635,5.088086636139883,-4.235309279276837,393.75
316,-1.1824411412796465,4.457998516652566,-1.860493451025959,3.6939662755906504,5.088086695653006,-4.110222063924554,395.0
317,-1.1824410766273523,4.457998512050775,-1.8604934353299614,3.693966265449552,5.088086760378836,-3.9751348542898683,396.25
318,-1.182441007163065,4.457998507898155,-1.8604934176924506,3.693966252987114,5.088086829929054,-3.8300476451430296,397.5
319,-1.182440937974236,4.457998515716612,-1.8604933884718073,3.6939662170030756,5.08808689939439,-3.674960442146286,398.75
320,-1.1824408663866404,4.457998527007393,-1.8604933551173894,3.693966173458909,5.088086971319428,-3.51001902299311,400.0
321,-1.1824408060245504,4.457998549871135,-1.8604933139850455,3.6939661104288177,5.088087032180795,-3.347346594554644,401.25
322,-1.1824407544715494,4.457998574875086,-1.860493273516163,3.693966045796426,5.088087084248311,-3.1946741661162266,402.5
323,-1.182440716062723,4.457998605034103,-1.8604932321249197,3.6939659749047933,5.088087123225943,-3.052001737677861,403.75
324,-1.1824406852679321,4.457998635216946,-1.8604931930872943,3.693965906229291,5.08808715457334,-2.9193293092395844,405.0
325,-1.1824406674136216,4.457998667737005,-1.860493155810778,3.6939658367909773,5.088087172989666,-2.7966568808013785,406.25
326,-1.1824406510147576,4.45799869760609,-1.860493121572959,3.6939657730131303,5.088087189904732,-2.683984452363227,407.5
327,-1.182440648562832,4.457998727796727,-1.8604930913754565,3.693965712746634,5.0880871928476505,-2.581312023925133,408.75
328,-1.18244064762794,4.457998755351049,-1.8604930642215938,3.6939656581300087,5.088087194227824,-2.4886395954870815,410.0
329,-1.1824406467939292,4.457998779932066,-1.8604930399978183,3.693965609406897,5.0880871954590665,-2.4059671670490723,411.25
330,-1.1824406535061232,4.457998801984817,-1.860493020594472,3.6939655679126444,5.0880871890869965,-2.3332947386110936,412.5
331,-1.1824406614144825,4.457998821129735,-1.8604930043993053,3.69396553250835,5.088087181469379,-2.270622310173142,413.75
332,-1.1824406680609854,4.457998837219892,-1.860492990788234,3.693965502753157,5.088087175067228,-2.217949881735204,415.0
333,-1.1824406734456323,4.457998850255288,-1.860492979761259,3.693965478647067,5.088087169880541,-2.175277453297283,416.25
334,-1.1824406775684233,4.457998860235927,-1.8604929713183824,3.6939654601900784,5.088087165909321,-2.1426050248593613,417.5
335,-1.1824406804293577,4.457998867161806,-1.860492965459604,3.693965447382192,5.088087163153566,-2.119932596421417,418.75
336,-1.1824645560321112,4.4579368910406405,-1.8604105923514338,3.6939448795011134,5.088063327120408,-2.1071840740065304,420.0
337,-1.1837473760883375,4.454606525220844,-1.8559846203741728,3.692840091402576,5.086782630098728,-2.102343138919186,421.25
338,-1.1850155678718743,4.451314130663,-1.8516091174240088,3.6917479041196786,5.085516535196681,-2.107314710122807,422.5
339,-1.1850351625328353,4.451263253664459,-1.851541510997606,3.6917310301461885,5.085496967971967,-2.1201915665721587,423.75
340,-1.1850351608567524,4.451263246159515,-1.8515415147881062,3.6917310338452474,5.08549696080092,-2.1430048004683817,425.0
341,-1.185035158445972,4.451263235364836,-1.8515415202401417,3.6917310391657585,5.085496950486503,-2.1758180343645908,426.25
342,-1.185035155300494,4.451263221280425,-1.8515415273537132,3.6917310461077233,5.085496937028713,-2.218631268260804,427.5
343,-1.1850351511829267,4.45126320367147,-1.8515415354146116,3.6917310519590667,5.085496922495403,-2.2714445002232977,428.75
344,-1.1850351460008348,4.451263182446541,-1.8515415441447418,3.6917310556637704,5.085496907691745,-2.334257730081975,430.0
345,-1.1850351417306348,4.451263158625893,-1.8515415571112777,3.691731069735204,5.085496895029829,-2.4070709558004597,431.25
346,-1.185035142423391,4.451263134036548,-1.8515415809534108,3.6917311169767304,5.085496895001827,-2.489884169223729,432.5
347,-1.1850351431818482,4.451263106490116,-1.851541607718635,3.691731170113692,5.085496895121517,-2.582697376012453,433.75
348,-1.1850351456392105,4.451263076383734,-1.8515416375790361,3.691731229024932,5.085496893576373,-2.6855105759955085,435.0
349,-1.1850351619526072,4.451263046663096,-1.8515416717864455,3.6917312926884667,5.08549687679132,-2.798323765608259,436.25
350,-1.185035179713612,4.451263014308978,-1.8515417090290613,3.691731362006255,5.085496858504952,-2.9211369470847086,437.5
351,-1.1850352105757813,4.451262984371874,-1.8515417479870426,3.691731430381936,5.085496827099961,-3.053950122799534,438.75
352,-1.1850352487879916,4.451262954359081,-1.8515417893099202,3.6917315010640124,5.085496788315705,-3.1967632966544395,440.0
353,-1.1850353002864986,4.4512629296201744,-1.8515418296305601,3.691731565285059,5.085496736303362,-3.349576465868555,441.25
354,-1.185035360331065,4.45126290686023,-1.8515418706893771,3.691731628142683,5.085496675759352,-3.512389628655909,442.5
355,-1.1850354315997236,4.451262895815332,-1.8515419037992207,3.691731671201441,5.085496604156169,-3.677222653355267,443.75
356,-1.1850355003776643,4.451262888213277,-1.8515419327611904,3.691731706716348,5.085496535104827,-3.832169492596204,445.0
357,-1.1850355693490862,4.451262892314314,-1.8515419503337587,3.691731719168601,5.085496466048822,-3.977116331837097,446.25
358,-1.185035633532104,4.45126289701611,-1.8515419658199928,3.691731729007001,5.085496401801411,-4.112063171077961,447.5
359,-1.1850356926298447,4.4512629110598025,-1.8515419705749416,3.691731718874342,5.085496342801464,-4.2370100103188015,448.75
360,-1.185035746997757,4.451262923979515,-1.8515419749493256,3.6917317095526387,5.085496288523518,-4.351956849559623,450.0
361,-1.1850357937639866,4.4512629410062114,-1.8515419729265836,3.691731689851917,5.085496241930299,-4.456903688800421,451.25
362,-1.1850358347628176,4.451262958798818,-1.851541968349565,3.691731666919341,5.085496201129482,-4.55185052804121,452.5
363,-1.1850358714435676,4.451262974717467,-1.8515419642546032,3.6917316464020704,5.085496164625891,-4.636797367281983,453.75
364,-1.1850359008369828,4.451262991094303,-1.8515419574307685,3.691731622807927,5.085496135432987,-4.711744206522753,455.0
365,-1.1850359239353752,4.451263007149934,-1.8515419489511418,3.6917315979723737,5.085496112543684,-4.77669104576352,456.25
366,-1.18503594347726,4.451263020733445,-1.8515419417771397,3.6917315769608026,5.085496093178694,-4.831637885004302,457.5
367,-1.185035959462638,4.451263031844836,-1.8515419359087617,3.691731559773213,5.085496077338018,-4.876584724245114,458.75
368,-1.1850359718915082,4.4512630404841085,-1.8515419313460098,3.6917315464096045,5.085496065021654,-4.911531563485922,460.0
369,-1.1850359807638708,4.451263046651262,-1.8515419280888843,3.691731536869978,5.085496056229605,-4.9364784027267214,461.25
370,-1.1850359860797257,4.451263050346298,-1.8515419261373856,3.6917315311543337,5.085496050961869,-4.951425241967517,462.5
371,-1.18595444470082,4.448849214693856,-1.8483153885482846,3.690912299757755,5.084579197156222,-4.958121806709977,463.75
372,-1.1874268171520814,4.444979601513453,-1.8431429411557574,3.689598996935629,5.083109396498308,-4.955348899423672,465.0
373,-1.1875949664977468,4.444537668226944,-1.8425522203832883,3.689449009285947,5.082941537896714,-4.944364003758109,466.25
374,-1.1875949600236586,4.444537662439763,-1.842552220484745,3.689449006323974,5.08294153865141,-4.923861377391526,467.5
375,-1.1875949503918835,4.4445376538299275,-1.842552220635687,3.689449001917321,5.082941539774203,-4.893358751024945,468.75
376,-1.1875949376024209,4.444537642397437,-1.8425522208361131,3.6894489960659884,5.082941541265091,-4.852856124658346,470.0
377,-1.187594921800452,4.444537628241957,-1.8425522213792607,3.689448989846246,5.082941541860564,-4.802353501374567,471.25
378,-1.1875949033595936,4.444537611619964,-1.8425522230197608,3.6894489860278323,5.082941538309022,-4.74185088761681,472.5
379,-1.1875948816949091,4.444537592379735,-1.8425522249673456,3.6894489820349796,5.082941534845368,-4.6713482742122245,473.75
380,-1.1875948472862472,4.4445375775082105,-1.842552229167338,3.689449002586692,5.0829415680004235,-4.590845676988579,475.0
381,-1.1875948085930055,4.44453756079611,-1.8425522339136213,3.689449025797744,5.082941605361644,-4.500343083649346,476.25
382,-1.1875947656007875,4.444537542252833,-1.8425522392403682,3.689449051816144,5.082941647050942,-4.3998404986681185,477.5
383,-1.1875947141834566,4.444537529005084,-1.8425522362099995,3.689449063007519,5.082941698274599,-4.2893379240283895,478.75
384,-1.1875946575271237,4.444537515564926,-1.8425522316488983,3.6894490727443117,5.082941754901256,-4.168835356707637,480.0
385,-1.1875945959935237,4.4445375062937025,-1.8425522214537635,3.68944907273736,5.082941816458378,-4.038332795987441,481.25
386,-1.1875945295444539,4.4445375023619595,-1.8425522044630307,3.6894490606580357,5.082941882991254,-3.8978302385151595,482.5
387,-1.1875944608015794,4.4445375040443365,-1.8425521812400467,3.689449036783343,5.082941951913293,-3.747327684103337,483.75
388,-1.1875943905876225,4.444537513331937,-1.8425521500880562,3.689448997419432,5.082942022432418,-3.5868251363617834,485.0
389,-1.1875943256960628,4.4445375318451115,-1.8425521115468586,3.6894489413868206,5.0829420877674965,-3.4207109112295733,486.25
390,-1.1875942680549232,4.4445375537072715,-1.842552071992076,3.6894488808925385,5.082942145890709,-3.2634572452538646,487.5
391,-1.1875942270156326,4.444537583166346,-1.8425520301866494,3.6894488103235363,5.082942187499076,-3.1162035792781744,488.75
392,-1.1875941905145937,4.444537611841493,-1.842551990575021,3.6894487426622207,5.082942224546472,-2.9789499133025217,490.0
393,-1.1875941698029382,4.444537644121032,-1.8425519523783793,3.6894486725854048,5.082942245828379,-2.8516962473268936,491.25
394,-1.1875941529438006,4.444537674828738,-1.8425519169340747,3.689448606770784,5.0829422632237495,-2.734442581351285,492.5
395,-1.187594143730134,4.444537704390692,-1.8425518850138745,3.6894485455085126,5.0829422729382205,-2.6271889153756938,493.75
396,-1.1875941427595575,4.444537732948717,-1.8425518566660357,3.6894484886964802,5.082942274375165,-2.529935249400106,495.0
397,-1.1875941418887797,4.44453775857029,-1.842551831233026,3.68944843772608,5.082942275664356,-2.4426815834245263,496.25
398,-1.1875941441539273,4.4445377814350415,-1.8425518094911437,3.6894483931490782,5.082942273765917,-2.3654279174489594,497.5
399,-1.187594152535905,4.444537801719332,-1.842551792202561,3.689448355507202,5.082942265695254,-2.2981742514733914,498.75
400,-1.1875941596715598,4.444537818987536,-1.8425517774846305,3.6894483234623254,5.082942258824625,-2.2409205854978103,500.0
401,-1.1875941655608921,4.44453783323965,-1.8425517653373498,3.689448297014449,5.082942253154029,-2.193666919522205,501.25
402,-1.1875941702039017,4.4445378444756765,-1.8425517557607227,3.6894482761635734,5.082942248683466,-2.156413253546602,502.5
403,-1.1875941736005884,4.444537852695618,-1.8425517487547491,3.689448260909697,5.082942245412936,-2.1291595875710088,503.75
404,-1.187594175750952,4.444537857899472,-1.8425517443194293,3.68944825125282,5.082942243342439,-2.1119059215954112,505.0
405,-1.1881472951923218,4.443066240454387,-1.8405733906462889,3.688937609213385,5.082390142596632,-2.1034285178970804,506.25
406,-1.1896851042400316,4.438974764409077,-1.8350730730190938,3.6875179080145988,5.080855165114856,-2.1038828343734965,507.5
407,-1.1901182713685639,4.437822280460874,-1.833523753075433,3.6871180101556833,5.080422792250104,-2.1130649474264405,508.75
408,-1.1901182700316415,4.437822274546371,-1.8335237560383628,3.6871180129341017,5.080422786693131,-2.1312232840691157,510.0
409,-1.1901182679584612,4.437822265374684,-1.8335237606330117,3.687118017242626,5.080422778075869,-2.1593816207117884,511.25
410,-1.1901182651490227,4.437822252945813,-1.8335237668593793,3.687118023081256,5.080422766398319,-2.197539957354464,512.5
411,-1.1901182615989232,4.437822237255474,-1.8335237747044142,3.687118030400734,5.080422751699222,-2.2456982939754857,513.75
412,-1.1901182567929451,4.4378222178021325,-1.8335237826407715,3.687118033436704,5.080422738512132,-2.3038566282961535,515.0
413,-1.1901182511606057,4.437822195003899,-1.8335237919417415,3.6871180369946934,5.080422723057595,-2.3720149626168174,516.25
414,-1.1901182503527399,4.437822171426186,-1.8335238119347488,3.687118072997972,5.080422719421929,-2.450173283935057,517.5
415,-1.190118251078991,4.437822145578138,-1.8335238371992335,3.68711812290023,5.080422719430498,-2.538331600718895,518.75
416,-1.190118251857751,4.437822116819492,-1.8335238654066652,3.68711817879446,5.080422719694046,-2.636489906288589,520.0
417,-1.1901182623012663,4.4378220874566106,-1.8335238975053056,3.687118239687144,5.080422709347438,-2.7446482042628624,521.25
418,-1.1901182791827845,4.437822056706902,-1.833523933153837,3.6871183058172843,5.080422691966214,-2.862806494428723,522.5
419,-1.1901183013508962,4.437822025024401,-1.8335239713822902,3.6871183753709778,5.080422669256779,-2.990964777190309,523.75
420,-1.1901183378707056,4.43782199633152,-1.8335240111560451,3.6871184432136106,5.080422632184549,-3.1291230552702727,525.0
421,-1.1901183802808994,4.437821967816318,-1.8335240526077514,3.687118512468136,5.08042258921207,-3.2772813318516394,526.25
422,-1.190118437902479,4.437821945950862,-1.833524092290685,3.6871185730938674,5.080422531105871,-3.435439601490387,527.5
423,-1.1901185035293353,4.437821928709802,-1.8335241299342389,3.6871186269488465,5.080422465052324,-3.6017660904045856,528.75
424,-1.1901185729244501,4.4378219195140804,-1.8335241608332795,3.6871186659798667,5.080422395353698,-3.761364503817919,530.0
425,-1.19011864131916,4.437821918994096,-1.8335241828659594,3.6871186875076924,5.080422326799467,-3.9109629172312164,531.25
426,-1.1901187069397854,4.437821922858535,-1.8335241997040934,3.6871186995101515,5.080422261097096,-4.050561330644479,532.5
427,-1.1901187676377645,4.437821932970346,-1.8335242088353625,3.6871186976492663,5.080422200430339,-4.18015974405771,533.75
428,-1.1901188235190743,4.437821946214709,-1.833524213363356,3.6871186881332667,5.080422144642082,-4.299758157470935,535.0
429,-1.1901188738270527,4.43782195999245,-1.8335242156119718,3.6871186758893777,5.080422094448179,-4.4093565708841345,536.25
430,-1.1901189163119543,4.437821978400877,-1.8335242108346768,3.687118652118725,5.080422052170304,-4.50895498429731,537.5
431,-1.1901189545312372,4.437821994961035,-1.833524206537032,3.6871186307347212,5.080422014137263,-4.598553397710477,538.75
432,-1.1901189880829697,4.437822009988718,-1.8335242022813047,3.6871186109907232,5.080421980757033,-4.67815181112365,540.0
433,-1.1901190125346437,4.43782202696649,-1.8335241932401039,3.6871185846527075,5.080421956528825,-4.747750224536809,541.25
434,-1.1901190334730658,4.437822041504871,-1.8335241854979556,3.6871185620989757,5.080421935781761,-4.807348637949979,542.5
435,-1.1901190508982373,4.43782205360386,-1.833524179054857,3.6871185433295266,5.080421918515841,-4.856947051363185,543.75
436,-1.190119064810157,4.437822063263457,-1.8335241739108112,3.687118528344361,5.080421904731063,-4.896545464776385,545.0
437,-1.1901190752088249,4.437822070483666,-1.8335241700658194,3.68711851714348,5.080421894427429,-4.926143878189575,546.25
438,-1.1901190820942409,4.437822075264483,-1.8335241675198806,3.6871185097268833,5.080421887604939,-4.945742291602777,547.5
439,-1.1903730005432265,4.4371381623003,-1.832599558714319,3.6868760327778385,5.080168461324387,-4.956035573732716,548.75
440,-1.1918515754829075,4.433155647038385,-1.8272154665054823,3.6854640842991326,5.078692752021085,-4.957946969581474,550.0
441,-1.1926090885929146,4.431115289538076,-1.8244570439563168,3.6847407025574452,5.0779367051314095,-4.950597655590951,551.25
442,-1.1926090836530463,4.431115285129834,-1.8244570440088692,3.6847407002075245,5.077936705805684,-4.93481890382015,552.5
443,-1.1926090755824688,4.431115277927809,-1.8244570440947272,3.6847406963683094,5.077936706907289,-4.909040152049352,553.75
444,-1.1926090643811822,4.431115267932,-1.8244570442138908,3.684740691039799,5.077936708436225,-4.873261400278542,555.0
445,-1.1926090500491864,4.431115255142409,-1.8244570443663604,3.6847406842219943,5.077936710392491,-4.827482648507735,556.25
446,-1.1926090330643322,4.4311152398820814,-1.824457045503495,3.6847406793827906,5.077936708574288,-4.771703909061075,557.5
447,-1.1926090131863758,4.431115221988603,-1.8244570471469914,3.684740674778676,5.077936705094103,-4.70592517323503,558.75
448,-1.1926089851613253,4.43111520520857,-1.824457050187486,3.684740683223281,5.077936720702358,-4.630146446521861,560.0
449,-1.1926089489414784,4.4311151895776675,-1.824457054635656,3.68474070484457,5.077936755581643,-4.544367727281891,561.25
450,-1.1926089084717484,4.431115172143447,-1.8244570596707916,3.6847407292803256,5.077936794761651,-4.448589018486675,562.5
451,-1.192608861910053,4.431115156095509,-1.8244570612317421,3.684740748492901,5.07793684050684,-4.342810316418813,563.75
452,-1.1926088081329647,4.43111514337143,-1.824457056873646,3.684740757681898,5.077936894249775,-4.227031622666689,565.0
453,-1.192608749708786,4.431115129578804,-1.8244570521035557,3.6847407675866632,5.077936952646805,-4.101252937171194,566.25
454,-1.192608686268771,4.431115125858603,-1.8244570357650867,3.68474075590542,5.0779370161683515,-3.9654742578663686,567.5
455,-1.1926086181565243,4.431115121864377,-1.824457018223179,3.6847407433633577,5.077937084367562,-3.8196955785791014,568.75
456,-1.1926085507026776,4.431115130489651,-1.8244569884030863,3.6847407059515147,5.077937152112722,-3.6639169062087165,570.0
457,-1.1926084814488882,4.431115142536299,-1.8244569546295402,3.6847406612012854,5.077937221717997,-3.4985000909874757,571.25
458,-1.1926084227926717,4.431115164802677,-1.8244569140875044,3.684740599332195,5.077937280870212,-3.3365259042766686,572.5
459,-1.1926083737497244,4.431115189852394,-1.8244568738247828,3.6847405348227555,5.077937330433556,-3.1845517175658724,573.75
460,-1.1926083364473823,4.431115219161696,-1.8244568330519015,3.6847404653794387,5.077937368300231,-3.0425775308551395,575.0
461,-1.1926083076414997,4.431115248947588,-1.8244567944884937,3.6847403975430852,5.077937397659425,-2.910603344144417,576.25
462,-1.1926082903136306,4.431115280500936,-1.8244567577980702,3.6847403296452326,5.077937415544179,-2.788629157433732,577.5
463,-1.192608274406379,4.431115309467393,-1.8244567241156888,3.6847402673139547,5.07793743196266,-2.6766549707230567,578.75
464,-1.192608273000548,4.431115338943329,-1.8244566945051324,3.6847402083292753,5.077937433855914,-2.574680784012398,580.0
465,-1.1926082720923779,4.4311153656139,-1.8244566678275633,3.68474015506781,5.07793743520431,-2.482706597301756,581.25
466,-1.1926082712829493,4.431115389384679,-1.824456644050541,3.6847401075972583,5.0779374364061,-2.4007324105911234,582.5
467,-1.1926082784556207,4.431115410717914,-1.8244566252042875,3.6847400673688204,5.0779374295680295,-2.328758223880493,583.75
468,-1.1926082860854703,4.431115429172376,-1.8244566093508927,3.6847400329972797,5.0779374222244655,-2.266784037169858,585.0
469,-1.1926082924841865,4.4311154446490715,-1.8244565960555603,3.684740004171845,5.077937416065841,-2.2148098504591966,586.25
470,-1.1926082976517696,4.431115457148,-1.8244565853182908,3.6847399808925156,5.0779374110921545,-2.1728356637485176,587.5
471,-1.1926083015882187,4.431115466669161,-1.8244565771390864,3.6847399631592928,5.077937407303408,-2.1408614770378485,588.75
472,-1.1926083042935347,4.431115473212559,-1.8244565715179468,3.6847399509721757,5.077937404699601,-2.118887290327182,590.0
473,-1.1926600974486055,4.430974250059325,-1.8242645745450556,3.684688816249954,5.077885717094804,-2.106740699029096,591.25
474,-1.1939441138594307,4.4274729652636635,-1.8195046724383295,3.6834212517602083,5.076604316100488,-2.102475520891896,592.5
475,-1.1950601286060243,4.424429785949048,-1.8153675581029816,3.68231953836468,5.075490572520221,-2.1079745575624957,593.75
476,-1.195064795410385,4.424417053384563,-1.815350256549607,3.682314932321784,5.0754859102493635,-2.121358267269711,595.0
477,-1.1950647936869347,4.42441704584925,-1.8153502602971543,3.682314935698529,5.075485903288042,-2.144725183940212,596.25
478,-1.1950647912259247,4.424417035089161,-1.815350265648485,3.6823149405203712,5.075485893347587,-2.1780921006107175,597.5
479,-1.1950647880273546,4.4244170211042935,-1.8153502726035995,3.68231494678731,5.075485880427996,-2.2214590172812336,598.75
480,-1.1950647838257942,4.4244170036398875,-1.8153502803860562,3.6823149515872347,5.075485866888501,-2.274825931178396,600.0
481,-1.1950647785831237,4.4244169826593565,-1.8153502888843476,3.682314954501928,5.075485853067922,-2.3381928426247915,601.25
482,-1.1950647746489307,4.424416959344279,-1.8153503022736768,3.6823149699792426,5.075485842191297,-2.411559748961702,602.5
483,-1.195064775330195,4.424416935206471,-1.8153503260505026,3.6823150167581478,5.075485842193842,-2.494926643828261,603.75
484,-1.1950647760747823,4.424416908187215,-1.8153503527293147,3.6823150693610525,5.0754858423547375,-2.5882935312417246,605.0
485,-1.1950647792854068,4.424416878864089,-1.815350382555361,3.682315127569327,5.075485839976596,-2.69166041177986,606.25
486,-1.1950647952889506,4.4244168497238325,-1.8153504165948642,3.6823151904928006,5.07548582349826,-2.8050272825930196,607.5
487,-1.1950648127057826,4.4244168180141745,-1.8153504536400051,3.682315258977719,5.075485805551992,-2.9283941446740074,608.75
488,-1.1950648438330713,4.4244167890476565,-1.81535049227698,3.682315326056763,5.075485773882682,-3.061761001109308,610.0
489,-1.195064881276304,4.42441675962949,-1.8153505333538904,3.682315395911916,5.075485735866832,-3.205127856065087,611.25
490,-1.1950649325568798,4.424416735944723,-1.8153505731139932,3.6823154585240663,5.075485684079704,-3.3584947060628334,612.5
491,-1.1950649913627713,4.424416713615759,-1.8153506139087616,3.6823155207056586,5.075485624773777,-3.521861549736637,613.75
492,-1.1950650613720457,4.424416703547602,-1.8153506460688449,3.6823155618573806,5.075485554442063,-3.6862221129476644,615.0
493,-1.1950651285504532,4.424416696800538,-1.8153506740335872,3.682315595544139,5.075485487002395,-3.840608671706928,616.25
494,-1.1950651956069007,4.424416700716906,-1.815350691366065,3.682315607966049,5.075485419861111,-3.9849952304661436,617.5
495,-1.1950652579695806,4.4244167058151,-1.8153507060388692,3.682315616620014,5.075485357443586,-4.11938178922535,618.75
496,-1.1950653153897581,4.424416719390813,-1.815350710725335,3.6823156069072587,5.07548530011963,-4.243768347984542,620.0
497,-1.1950653681936694,4.424416731875108,-1.8153507150350265,3.682315597975353,5.075485247404204,-4.358154906743708,621.25
498,-1.1950654133556045,4.42441674877635,-1.8153507125380062,3.6823155779463272,5.075485202420763,-4.4625414655028575,622.5
499,-1.1950654531331437,4.424416765984568,-1.8153507080318672,3.6823155556827287,5.075485162838796,-4.556928024261994,623.75
500,-1.1950654886963619,4.42441678136962,-1.8153507040031367,3.6823155357778967,5.075485127450431,-4.641314583021118,625.0
501,-1.1950655168609647,4.4244167974333415,-1.8153506969585358,3.682315512291239,5.0754850994883896,-4.715701141780237,626.25
502,-1.1950655392092502,4.424416812932556,-1.815350688633903,3.6823154881746802,5.075485077346311,-4.780087700539362,627.5
503,-1.1950655580865805,4.424416826024556,-1.8153506816021832,3.68231546780371,5.07548505864316,-4.834474259298515,628.75
504,-1.1950655734929563,4.424416836709343,-1.815350675863376,3.6823154511783276,5.075485043378938,-4.878860818057676,630.0
505,-1.1950655854283767,4.424416844986917,-1.8153506714174843,3.682315438298535,5.0754850315536455,-4.913247376816836,631.25
506,-1.1950655938928423,4.42441685085728,-1.8153506682645082,3.682315429164331,5.075485023167281,-4.937633935575992,632.5
507,-1.1950655988863523,4.424416854320429,-1.8153506664044479,3.682315423775717,5.075485018219846,-4.9520204943351445,633.75
508,-1.1960111948783596,4.421806412206471,-1.8117823008991174,3.681350954508264,5.0745414437834855,-4.958328696697839,635.0
509,-1.1973692936104727,4.418057187472081,-1.806657272421501,3.6799657478786925,5.073186247564905,-4.955067295928275,636.25
510,-1.1974893301924938,4.417725796923815,-1.8062042800236824,3.6798433101781463,5.073066464647885,-4.943761192703859,637.5
511,-1.1974893236986972,4.417725791138343,-1.8062042800619493,3.679843306979078,5.07306646566066,-4.922840251454405,638.75
512,-1.1974893141009313,4.417725782587475,-1.8062042801185068,3.6798433022508874,5.07306646715753,-4.891919310204959,640.0
513,-1.1974893013991956,4.417725771271208,-1.8062042801933555,3.6798432959935736,5.073066469138496,-4.850998368955502,641.25
514,-1.1974892857617043,4.417725757301694,-1.8062042806169316,3.6798432894032334,5.073066470109228,-4.800077432601644,642.5
515,-1.1974892675082591,4.417725740892147,-1.806204282017449,3.6798432847538463,5.073066467228749,-4.739156508363829,643.75
516,-1.1974892457109674,4.4177257222063115,-1.806204283780935,3.6798432808561716,5.073066465965905,-4.668235585190363,645.0
517,-1.1974892119517278,4.4177257076591765,-1.8062042879531666,3.679843300998499,5.073066498456988,-4.587314677557217,646.25
518,-1.1974891740096778,4.4177256913223095,-1.8062042926696364,3.6798433237520456,5.073066535057726,-4.496393774409011,647.5
519,-1.1974891318739451,4.417725673203636,-1.8062042979588375,3.6798433492382476,5.0730665758621045,-4.395472879240782,648.75
520,-1.1974890813082133,4.417725660605532,-1.806204294539119,3.67984335931079,5.073066626287596,-4.2845519949176705,650.0
521,-1.1974890258135642,4.417725647505661,-1.806204290006931,3.6798433687238545,5.0730666817515395,-4.16363111786856,651.25
522,-1.1974889655419791,4.41772563894216,-1.8062042794222615,3.6798433676047355,5.073066742050834,-4.032710247344971,652.5
523,-1.1974889004859381,4.417725635156175,-1.8062042625433619,3.679843355474298,5.073066807191525,-3.891789379871911,653.75
524,-1.1974888334177245,4.417725637396143,-1.8062042390151238,3.6798433307162544,5.073066874447983,-3.7408685157428083,655.0
525,-1.1974887646998038,4.417725646538263,-1.8062042080787915,3.6798432916930577,5.0730669434716615,-3.579947658195792,656.25
526,-1.1974887018952391,4.417725665178569,-1.8062041695452944,3.679843235511554,5.073067006726582,-3.4139915355346906,657.5
527,-1.1974886457795328,4.417725686489072,-1.8062041304718388,3.6798431760268144,5.0730670633220445,-3.2571628519235767,658.75
528,-1.1974886064560077,4.417725715599399,-1.8062040889492093,3.6798431060623185,5.07306710321724,-3.110334168312495,660.0
529,-1.1974885709334941,4.417725743505341,-1.8062040498347207,3.6798430396500867,5.073067139282899,-2.9735054847014646,661.25
530,-1.1974885514349214,4.417725775176226,-1.806204012052015,3.679842970574555,5.07306715935124,-2.8466768010904526,662.5
531,-1.197488535034696,4.417725805024717,-1.8062039770708431,3.6798429060715554,5.073067176284019,-2.7298481174794595,663.75
532,-1.197488526656657,4.417725833881257,-1.806203945626085,3.679842845973927,5.073067185160154,-2.6230194338684827,665.0
533,-1.1974885257105348,4.4177258616064545,-1.8062039176693863,3.6798427903811826,5.07306718656892,-2.526190750257524,666.25
534,-1.1974885248621232,4.417725886468322,-1.8062038925999153,3.6798427405297875,5.073067187832198,-2.439362066646571,667.5
535,-1.1974885274699925,4.417725908662298,-1.8062038712890285,3.679842697045819,5.073067185587131,-2.3625333830356325,668.75
536,-1.1974885355982199,4.417725928308491,-1.806203854272233,3.679842660314044,5.0730671777670135,-2.295704699424677,670.0
537,-1.1974885425101691,4.417725945014899,-1.8062038398017675,3.679842629078678,5.07306717111707,-2.238876015813709,671.25
538,-1.1974885482058402,4.41772595878152,-1.8062038278776302,3.6798426033397194,5.0730671656373,-2.192047332202723,672.5
539,-1.197488552685233,4.417725969608357,-1.8062038184998248,3.6798425830971704,5.073067161327704,-2.1552186485917333,673.75
540,-1.1974885559483475,4.417725977495411,-1.8062038116683519,3.679842568351029,5.073067158188282,-2.1283899649807534,675.0
541,-1.1974885579951837,4.41772598244268,-1.8062038073832105,3.6798425591012975,5.073067156219033,-2.111561281369783,676.25
542,-1.1980625260349806,4.416121793402481,-1.8039990264298216,3.6792380197063226,5.072494474524204,-2.1033851463937894,677.5
543,-1.1995104798735277,4.412074879266817,-1.798437003189327,3.6777129516891782,5.071049765062985,-2.1041947723146435,678.75
544,-1.1998800791550297,4.411041874233159,-1.797017260758946,3.677323669154113,5.0706809906601835,-2.113612818814534,680.0
545,-1.1998800777927388,4.411041868344783,-1.7970172636685602,3.677323671672873,5.070680985311538,-2.1320568495909393,681.25
546,-1.1998800756918402,4.411041859263843,-1.7970172681557117,3.6773236755572576,5.07068097706296,-2.1605008803673416,682.5
547,-1.1998800728523333,4.411041846990338,-1.7970172742204,3.677323680807265,5.070680965914448,-2.198944911143755,683.75
548,-1.1998800692557456,4.411041831506758,-1.7970172818092365,3.6773236872239297,5.070680952031851,-2.247388941720038,685.0
549,-1.199880064416601,4.411041812352892,-1.7970172895191516,3.6773236895784054,5.070680939773643,-2.305832967377931,686.25
550,-1.1998800587494602,4.411041789921725,-1.7970172985482633,3.677323692335741,5.070680925418008,-2.374276993035815,687.5
551,-1.1998800581251134,4.411041766917113,-1.7970173187208403,3.677323728849678,5.070680922526243,-2.4527210051396895,688.75
552,-1.1998800588366925,4.411041741635794,-1.7970173438480401,3.6773237781163846,5.070680922570348,-2.541165012799342,690.0
553,-1.1998800596018777,4.41104171351746,-1.7970173718927436,3.677323833276928,5.070680922852466,-2.6396090094078772,691.25
554,-1.1998800702364152,4.411041684905239,-1.797017403830555,3.6773238933144414,5.070680912269253,-2.7480529980745434,692.5
555,-1.1998800867604649,4.411041654839206,-1.7970174392382594,3.6773239585289406,5.070680895242988,-2.86649697896508,693.75
556,-1.1998801089036362,4.411041624057005,-1.7970174771489564,3.67732402686589,5.070680872558082,-2.994940952488776,695.0
557,-1.199880144632987,4.4110415959950275,-1.797017516639288,3.677324093807969,5.070680836276649,-3.1333849214376035,696.25
558,-1.199880186545754,4.411041568401462,-1.7970175576296155,3.677324161689351,5.0706807938060505,-3.2818288886888682,697.5
559,-1.199880242903053,4.411041546998623,-1.7970175970191749,3.677324221578173,5.070680736964243,-3.4402728490697405,698.75
560,-1.1998803063455572,4.4110415306343995,-1.7970176336183397,3.6773242735452207,5.07068067310545,-3.604355022161849,700.0
561,-1.1998803722417999,4.411041521860147,-1.7970176633962696,3.677324311084699,5.070680606914173,-3.759590218805668,701.25
562,-1.1998804369454419,4.411041521025737,-1.7970176848410633,3.6773243323904268,5.070680542050796,-3.9048254154494577,702.5
563,-1.199880499005352,4.41104152462514,-1.797017701002472,3.6773243440305503,5.07068047991116,-4.040060612093233,703.75
564,-1.199880556300306,4.411041533106691,-1.7970177107557697,3.6773243444650516,5.07068042262876,-4.165295808736986,705.0
565,-1.1998806088632656,4.411041545505748,-1.7970177150777336,3.6773243356322665,5.070680370154447,-4.280531005380697,706.25
566,-1.1998806568648634,4.411041556828821,-1.7970177190246361,3.6773243275659806,5.0706803222338035,-4.385766202024406,707.5
567,-1.199880696584084,4.411041573845639,-1.7970177146301243,3.6773243056041522,5.070680282709299,-4.481001398668106,708.75
568,-1.1998807320773417,4.4110415891762775,-1.7970177105786156,3.6773242857304127,5.070680247392117,-4.566236595311789,710.0
569,-1.1998807634064454,4.411041602708286,-1.7970177070024371,3.6773242681883076,5.070680216218432,-4.6414717919554835,711.25
570,-1.1998807880896862,4.411041616390826,-1.7970177011586812,3.6773242483282553,5.0706801917080995,-4.706706988599169,712.5
571,-1.199880807033094,4.411041629512293,-1.7970176940487388,3.6773242278477394,5.070680172941161,-4.761942185242864,713.75
572,-1.1998808225469118,4.4110416402581984,-1.7970176882260085,3.677324211075098,5.070680157571865,-4.807177381886591,715.0
573,-1.1998808346311398,4.411041648628538,-1.7970176836904885,3.6773241980103295,5.070680145600209,-4.842412578530302,716.25
574,-1.199880843285778,4.411041654623316,-1.7970176804421814,3.6773241886534356,5.070680137026194,-4.867647775174017,717.5
575,-1.199880848510826,4.411041658242532,-1.7970176784810872,3.6773241830044157,5.070680131849821,-4.882882971817722,718.75
576,-1.1996920257902761,4.411562886120791,-1.797758831078285,3.6775453857092764,5.070868368195232,-4.888542891945813,720.0
577,-1.1992721374348378,4.412721930912556,-1.7994069257551852,3.6780372775083565,5.071286952584533,-4.885361615564777,721.25
578,-1.1991676695738271,4.413010286326571,-1.7998169559689727,3.6781596593996166,5.071391095994837,-4.872806213968025,722.5
579,-1.1989799962014631,4.413528308160886,-1.800553562923956,3.678379514788892,5.071578186501258,-4.850250812371284,723.75
580,-1.1987091173177458,4.4142759964155,-1.8016167466201352,3.678696843676181,5.071848224103797,-4.817695410774551,725.0
581,-1.1983535284056201,4.415253573776025,-1.8030045976959286,3.6791095287454993,5.0722027219795995,-4.775139966543348,726.25
582,-1.1979110924054261,4.416461356154372,-1.8047144032490274,3.6796145621077145,5.072643829490719,-4.722584437387924,727.5
583,-1.1973844719231608,4.417898949248691,-1.806749541946055,3.680215690661117,5.073168868705736,-4.660028908232507,728.75
584,-1.1967713344285966,4.41956674085697,-1.8091071496452473,3.680909686248957,5.073780184122628,-4.587473307560806,730.0
585,-1.1960708454928226,4.421464869386128,-1.8117862011013381,3.6816953937275017,5.074478614452622,-4.504917624714366,731.25
586,-1.1952826721826144,4.423593418568936,-1.8147863485362892,3.682572384637078,5.075264495057825,-4.412361861726481,732.5
587,-1.1944055803682074,4.425952605704644,-1.8181061026466458,3.683538964809155,5.076139066714724,-4.309805997357326,733.75
588,-1.1934368915533553,4.428542966303307,-1.8217423723815145,3.6845915347490323,5.0771050218520966,-4.1972499679984665,735.0
589,-1.1923773952184007,4.431364383343694,-1.8256961594104024,3.6857312053155864,5.078161566591075,-4.074693812745524,736.25
590,-1.1912249993030344,4.434417290545304,-1.8299650839792363,3.6869551843273474,5.079310803791541,-3.94213749114873,737.5
591,-1.189976351252895,4.437702435351989,-1.8345454491807403,3.688259061784899,5.080556102969173,-3.7995809371244227,738.75
592,-1.1886305653223066,4.441220093512884,-1.839436453017927,3.6896417693750285,5.081898353822625,-3.6470241557196044,740.0
593,-1.18719280067964,4.4449530788629446,-1.8446120327457907,3.691094400194812,5.083332422357618,-3.4852311068170683,741.25
594,-1.1857865760794222,4.448578665688616,-1.8496235673465342,3.69249020007335,5.084735113525831,-3.328201857593906,742.5
595,-1.1844601720810657,4.4519757216816735,-1.8543056423683513,3.6937845444411943,5.086058257077555,-3.181172390940999,743.75
596,-1.1832156892179486,4.4551438023066074,-1.8586606277591722,3.6949802263846165,5.0872997416899155,-3.044142748073517,745.0
597,-1.1820552800092385,4.458082411076489,-1.862690860049738,3.6960800567892895,5.088457404066132,-2.917112966842404,746.25
598,-1.1809791970282348,4.46079152728809,-1.866396698333626,3.6970844130571368,5.089530990110827,-2.8000830473636227,747.5
599,-1.1799889061423974,4.463270819040767,-1.8697797483524616,3.697995217806414,5.090519026572137,-2.693053016432107,748.75
600,-1.179088581395646,4.465519164525127,-1.872844181502567,3.6988177204766624,5.091417319597599,-2.596022938871775,750.0
601,-1.1782750756042288,4.467537456717631,-1.8755869598453803,3.6995480234233433,5.092229030980695,-2.508992758162798,751.25
602,-1.1775545536696257,4.46932398222947,-1.8780141157680892,3.7001938074557597,5.092947966954557,-2.4319625700356897,752.5
603,-1.1769227912211782,4.470879951955659,-1.8801215997763738,3.700749856921571,5.093578371413573,-2.364932304169562,753.75
604,-1.1763852790998455,4.472203792254032,-1.8819146759599168,3.7012229514030004,5.094114728138947,-2.307902038303428,755.0
605,-1.17594127939237,4.473295720409349,-1.8833926501757086,3.701612187323039,5.094557778413935,-2.260871761947669,756.25
606,-1.1755893572215097,4.474156159072301,-1.8845541729322284,3.7019158078051198,5.094908963668335,-2.22384144790366,757.5
607,-1.175332471287837,4.474784237117968,-1.8854020276072025,3.7021374358737087,5.095165311689114,-2.196811133859671,758.75
608,-1.1751706215913513,4.47517995454635,-1.8859362142006315,3.7022770715288065,5.095326822476275,-2.179780819815675,760.0
609,-1.1750113554170527,4.475568872601219,-1.8864609325750523,3.7024140207736,5.095485756330232,-2.1725781306808236,761.25
610,-1.1744320586415544,4.47698206407671,-1.888366724656431,3.7029108034436,5.096063847817794,-2.1743911632505095,762.5
611,-1.1744318028787828,4.476982136212852,-1.8883664901538444,3.7029104998574853,5.096064104396246,-2.1853146294788512,763.75
612,-1.1744313129753394,4.4769822743867715,-1.888366040973442,3.7029099183503265,5.0960645958620905,-2.2062380957071936,765.0
613,-1.1744305889312248,4.476982478598468,-1.8883653771152242,3.7029090589221227,5.096065322215331,-2.2371615619355305,766.25
614,-1.1744296306513389,4.476982748734411,-1.8883644982540937,3.702907920356075,5.096066284297699,-2.2780850044447227,767.5
615,-1.174428438179155,4.476983084846724,-1.8883634045390467,3.702906503210201,5.096067481723207,-2.32900844065319,768.75
616,-1.1744270604299243,4.47698347255111,-1.8883621414831369,3.702904867089737,5.0960688651941615,-2.389931876210743,770.0
617,-1.174427061118801,4.476983450932824,-1.8883621622350315,3.7029049090446113,5.0960688644613645,-2.46085529345163,771.25
618,-1.1744270619033879,4.476983426267247,-1.8883621859159316,3.7029049569284616,5.096068863636948,-2.5417787098958757,772.5
619,-1.1744270627749314,4.476983398559464,-1.8883622125446284,3.7029050108242796,5.096068862793081,-2.6327021210625574,773.75
620,-1.1744270720866035,4.476983369822011,-1.8883622428474132,3.702905069498263,5.096068853226224,-2.7336255253886774,775.0
621,-1.1744270885299346,4.476983339738551,-1.8883622767076762,3.70290513313176,5.096068836288619,-2.8445489228268066,776.25
622,-1.1744271072660464,4.476983307296729,-1.8883623135330065,3.7029052020511495,5.096068817013394,-2.965472313502997,777.5
623,-1.1744271431722595,4.476983278988354,-1.8883623516981227,3.7029052679087497,5.0960687805834874,-3.096395694903007,778.75
624,-1.174427181821026,4.476983248517745,-1.888362392778241,3.7029053387963295,5.096068741370908,-3.2373190726439773,780.0
625,-1.1744272381140615,4.476983226298531,-1.8883624314148486,3.702905398749182,5.096068684607329,-3.3882424498985824,781.25
626,-1.174427300331661,4.476983204765973,-1.8883624712242861,3.702905459101834,5.096068621917401,-3.549165818972803,782.5
627,-1.1744273737288482,4.47698319508004,-1.8883625031552314,3.7029054995967634,5.096068548210647,-3.7118450036479413,783.75
628,-1.1744274444371208,4.476983190323744,-1.888362529540694,3.7029055296708098,5.09606847727623,-3.8646088747079808,785.0
629,-1.1744275140737903,4.476983194527454,-1.888362547025202,3.70290554192559,5.09606840755688,-4.007372745767971,786.25
630,-1.174427578719762,4.4769832017874105,-1.8883625600452438,3.7029055467428273,5.096068342887055,-4.14013661682794,787.5
631,-1.1744276382425602,4.476983216033544,-1.8883625648010403,3.7029055364060675,5.096068283461432,-4.262900487887882,788.75
632,-1.1744276929168018,4.476983229119221,-1.8883625691694357,3.7029055269113105,5.096068228876451,-4.375664358947809,790.0
633,-1.1744277388861453,4.476983248099117,-1.8883625652119158,3.7029055033431058,5.096068183107852,-4.478428230007719,791.25
634,-1.174427779948675,4.4769832660251305,-1.8883625607470782,3.702905480391587,5.096068142239955,-4.571192101067618,792.5
635,-1.1744278165846413,4.476983282018707,-1.8883625567635491,3.7029054599142546,5.09606810577764,-4.6539559721275,793.75
636,-1.1744278445728868,4.476983299407788,-1.8883625487746634,3.7029054341689775,5.096068078003525,-4.7267198431873805,795.0
637,-1.1744278674563062,4.476983315399174,-1.8883625405461668,3.702905409653872,5.09606805532313,-4.7894837142472655,796.25
638,-1.174427886693772,4.476983328842692,-1.8883625336286922,3.702905389044692,5.096068036256343,-4.842247585307177,797.5
639,-1.1744279022852844,4.4769833397383465,-1.888362528022241,3.702905372341438,5.096068020803161,-4.885011456367106,798.75
640,-1.1744279142308418,4.476983348086135,-1.8883625237268147,3.7029053595441104,5.096068008963584,-4.917775327427019,800.0
641,-1.1744279225304455,4.47698335388606,-1.8883625207424137,3.70290535065271,5.096068000737617,-4.940539198486936,801.25
642,-1.174451296761194,4.476924942545426,-1.8882861381886902,3.702887209023421,5.096044659221199,-4.953373683531361,802.5
643,-1.175789336933055,4.47358037843922,-1.8839129026353731,3.701848783722911,5.094708489767713,-4.95825716937296,803.75
644,-1.1771135568832736,4.470270348316207,-1.8795848266619686,3.7008210826266623,5.093386119740984,-4.953317393763753,805.0
645,-1.1771336861800767,4.470220018968578,-1.879519022762799,3.700805455747901,5.093366014785246,-4.940420942497585,806.25
646,-1.177133678839489,4.470220012372227,-1.8795190229358,3.7008054526701866,5.09336601538458,-4.917586401160931,807.5
647,-1.1771336682842153,4.470220002887116,-1.879519023184564,3.7008054482446395,5.0933660162463825,-4.884751859824244,808.75
648,-1.1771336545142557,4.470219990513245,-1.8795190235090908,3.700805442471259,5.093366017370653,-4.8419173184875675,810.0
649,-1.1771336378240889,4.470219975457698,-1.8795190245190174,3.7008054376185466,5.09336601624742,-4.789082779492188,811.25
650,-1.1771336183259962,4.470219957799433,-1.8795190264467907,3.7008054345514516,5.093366011919667,-4.726248243027687,812.5
651,-1.1771335932635822,4.470219939074792,-1.8795190290964017,3.700805436978661,5.093366016368555,-4.653413710705172,813.75
652,-1.1771335569716102,4.470219923297872,-1.8795190334231755,3.7008054586704366,5.0933660513813965,-4.570579190570907,815.0
653,-1.1771335162788603,4.470219905627698,-1.8795190383143163,3.700805483166043,5.093366090782914,-4.477744677032906,816.25
654,-1.1771334706581176,4.470219886977533,-1.8795190426555837,3.70080550825364,5.093366135247493,-4.374910170250014,817.5
655,-1.1771334162828446,4.470219873988931,-1.8795190383112161,3.7008055177238597,5.0933661895899585,-4.262075673809421,818.75
656,-1.1771333570873375,4.470219859847922,-1.8795190335779015,3.700805528018307,5.093366248758947,-4.139241185497169,820.0
657,-1.1771332928039187,4.470219852735042,-1.8795190205127752,3.7008055230153616,5.093366313091117,-4.006406702905757,821.25
658,-1.177133223566454,4.4702198485813565,-1.879519003069225,3.700805510742838,5.09336638241295,-3.86357222218368,822.5
659,-1.177133153305164,4.470219853433122,-1.8795189766677252,3.700805480549967,5.09336645290227,-3.7107377461434914,823.75
660,-1.1771330802950755,4.470219863096426,-1.8795189447986318,3.7008054401338204,5.093366526222,-3.5479032765451026,825.0
661,-1.1771330170944387,4.470219885184344,-1.8795189040424556,3.7008053782951547,5.093366589908099,-3.3830844443416432,826.25
662,-1.177132960594235,4.470219908522294,-1.8795188641604104,3.7008053159842333,5.0933666468991925,-3.2281559929907604,827.5
663,-1.1771329210939083,4.470219939680765,-1.8795188220348529,3.7008052433780545,5.093366686977757,-3.083227541639749,828.75
664,-1.1771328856676373,4.470219969277544,-1.8795187826688065,3.7008051750278748,5.093366722948787,-2.9482990902885544,830.0
665,-1.1771328672603578,4.470220002959204,-1.879518744649999,3.700805103697899,5.093366741928981,-2.823370638937265,831.25
666,-1.177132850326504,4.470220033944781,-1.8795187096744312,3.7008050380775903,5.093366759389889,-2.708442187585828,832.5
667,-1.1771328444601563,4.470220064526977,-1.8795186785112468,3.700804976506852,5.093366765753143,-2.6035137362342806,833.75
668,-1.1771328434920996,4.470220093231537,-1.8795186506658716,3.700804920053164,5.093366767177854,-2.5085852848826815,835.0
669,-1.1771328426260201,4.470220118912281,-1.8795186257537941,3.7008048695464493,5.093366768452483,-2.4236568335309467,836.25
670,-1.1771328472622669,4.470220141893159,-1.8795186051355106,3.700804825943647,5.0933667641702165,-2.3487283821791825,837.5
671,-1.1771328555583853,4.470220162063649,-1.879518588346857,3.7008047889182762,5.093366756175714,-2.2837999308273385,838.75
672,-1.1771328625767714,4.4702201791275655,-1.8795185741439189,3.7008047575953933,5.093366749412491,-2.2288714794754783,840.0
673,-1.177132868317425,4.470220193084909,-1.8795185625266946,3.7008047319749977,5.093366743880546,-2.183943028123589,841.25
674,-1.1771328727803463,4.470220203935681,-1.8795185534951868,3.7008047120570904,5.0933667395798805,-2.149014576771689,842.5
675,-1.1771328759655353,4.470220211679882,-1.8795185470493958,3.700804697841671,5.093366736510493,-2.1240861254198053,843.75
676,-1.177132877872992,4.470220216317511,-1.8795185431893213,3.7008046893287396,5.093366734672385,-2.109157674067938,845.0
677,-1.1780978218032832,4.467778602446193,-1.876306742135298,3.700027517031764,5.09240322305883,-2.1025126174456186,846.25
678,-1.1796320128378157,4.463896604890756,-1.8712002088755644,3.6987918744852597,5.09087130804763,-2.1053625725147485,847.5
679,-1.1798007702924038,4.463469588565451,-1.8706385012332343,3.6986559578798683,5.090702796710421,-2.1164516495730346,848.75
680,-1.1798007687762193,4.463469581686258,-1.870638504694223,3.698655961396375,5.090702790088018,-2.1370810692532154,850.0
681,-1.179800766525072,4.463469571472414,-1.8706385098329075,3.6986559666174887,5.090702780255444,-2.167710488933435,851.25
682,-1.179800763538963,4.4634695579239185,-1.870638516649288,3.6986559735432105,5.090702767212695,-2.2083399086136586,852.5
683,-1.1798007596920916,4.463469540915585,-1.8706385247616848,3.6986559807145762,5.0907027520444,-2.258969325349625,853.75
684,-1.1798007546863327,4.463469520150742,-1.8706385332655762,3.6986559846740645,5.090702737320962,-2.3195987336869672,855.0
685,-1.1798007490673352,4.4634694960555565,-1.8706385435170578,3.6986559904768086,5.090702720734534,-2.3902281414842417,856.25
686,-1.1798007497497016,4.463469471707798,-1.870638566747418,3.698656036870152,5.090702720693372,-2.4708575335023175,857.5
687,-1.1798007505056978,4.463469444347384,-1.8706385928847196,3.6986560891301594,5.090702720738708,-2.5614869215732137,858.75
688,-1.179800751321375,4.463469413983263,-1.8706386219616957,3.6986561473998183,5.0907027209866955,-2.6621163016033162,860.0
689,-1.1798007659420446,4.46346938395573,-1.8706386553844294,3.6986562104804808,5.090702706071856,-2.7727456711635505,861.25
690,-1.1798007836010447,4.463469351633989,-1.870638692012589,3.6986562791489677,5.090702687900409,-2.8933750334764627,862.5
691,-1.1798008108042402,4.463469320150218,-1.8706387307827481,3.6986563489509825,5.090702660155262,-3.0240043893055235,863.75
692,-1.179800848896595,4.463469290089672,-1.8706387715443642,3.698656419121371,5.090702621499285,-3.164633741959838,865.0
693,-1.1798008969298062,4.463469262940637,-1.8706388125857767,3.6986564865190306,5.090702572928525,-3.3152630913875876,866.25
694,-1.179800956901543,4.4634692400978375,-1.8706388531837619,3.698656549000332,5.090702512463851,-3.475892434118118,867.5
695,-1.1798010269741646,4.463469225757376,-1.8706388887282577,3.6986565977992667,5.090702442011896,-3.6419685760096225,868.75
696,-1.1798010969921768,4.463469216465017,-1.8706389193950728,3.698656636687569,5.090702371695035,-3.799102438031363,870.0
697,-1.1798011672648236,4.463469219216151,-1.8706389385443734,3.698656652045149,5.0907023013146935,-3.9462363000532026,871.25
698,-1.1798012333270051,4.463469223155437,-1.8706389552435305,3.6986566638306098,5.090702235172806,-4.083370162075174,872.5
699,-1.1798012942571074,4.463469236131598,-1.8706389616492634,3.6986566563879086,5.090702174317908,-4.2105040240973155,873.75
700,-1.1798013503464047,4.4634692495154376,-1.8706389661608358,3.6986566467167394,5.090702118320742,-4.327637886119585,875.0
701,-1.179801399660012,4.463469265393392,-1.87063896616907,3.6986566301562616,5.090702069153572,-4.434771748141938,876.25
702,-1.1798014421237384,4.463469283901233,-1.8706389615202197,3.6986566064184445,5.090702026892912,-4.5319056101644115,877.5
703,-1.1798014802157961,4.463469300503673,-1.8706389573499658,3.698656585124452,5.090701988983016,-4.6190394721869374,878.75
704,-1.179801512126044,4.463469316629201,-1.8706389517213537,3.698656562939889,5.090701957260663,-4.696173334209561,880.0
705,-1.1798015362988985,4.463469333505413,-1.870638942969813,3.6986565369992674,5.090701933304332,-4.7633071962322235,881.25
706,-1.1798015568710585,4.46346934786781,-1.8706389355218673,3.6986565149226602,5.090701912916443,-4.820441058254932,882.5
707,-1.1798015738425245,4.463469359716389,-1.8706389293775143,3.698656496710067,5.090701896096996,-4.867574920277669,883.75
708,-1.1798015872132954,4.463469369051153,-1.8706389245367574,3.6986564823614883,5.09070188284599,-4.904708782300416,885.0
709,-1.1798015969833715,4.463469375872103,-1.870638920999597,3.6986564718769244,5.090701873163428,-4.9318426443231385,886.25
710,-1.1798016031527525,4.463469380179237,-1.8706389187660328,3.698656465256375,5.090701867049308,-4.948976506345859,887.5
711,-1.1804057535742125,4.461921884487635,-1.8685911790053853,3.698151877998333,5.090098666674054,-4.957350394975295,888.75
712,-1.1820090380958266,4.457815138994455,-1.8631568957926348,3.6968128137485943,5.0884979028592845,-4.956727179639365,890.0
713,-1.182432508492623,4.456730427350216,-1.8617215461375554,3.696459127396729,5.088075095699788,-4.947386150233095,891.25
714,-1.1824325026323825,4.4567304220937665,-1.8617215462419479,3.696459124814863,5.088075096301404,-4.9289997019252745,892.5
715,-1.182432493584881,4.4567304139784465,-1.8617215464031172,3.6964591208287745,5.088075097230227,-4.900613253617443,893.75
716,-1.1824324813501186,4.456730403004256,-1.8617215466210635,3.6964591154384645,5.088075098486256,-4.862226805309586,895.0
717,-1.1824324659467156,4.456730389184046,-1.8617215469336854,3.696459108784019,5.088075099909118,-4.81384035721894,896.25
718,-1.1824324479844828,4.456730372938715,-1.8617215485821519,3.6964591054532434,5.088075096246621,-4.755453915707323,897.5
719,-1.1824324269458109,4.456730353911003,-1.8617215505129554,3.6964591015519974,5.08807509195684,-4.6870674741957234,898.75
720,-1.1824323948217095,4.456730337890979,-1.8617215542405297,3.696459117283969,5.0880751177727745,-4.608681045999129,900.0
721,-1.1824323565727892,4.456730321292023,-1.8617215588340914,3.696459140161078,5.088075154674779,-4.5202946222175395,901.25
722,-1.1824323139647848,4.456730302834616,-1.8617215640191667,3.696459165940194,5.088075196016821,-4.421908209285405,902.5
723,-1.1824322638692668,4.456730287965295,-1.861721563034934,3.69645918111448,5.088075245642847,-4.313521804209607,903.75
724,-1.1824322075214484,4.456730274544483,-1.8617215585009363,3.69645919085412,5.088075301959846,-4.195135406881731,905.0
725,-1.1824321463158989,4.456730262944058,-1.8617215506908114,3.696459195557453,5.088075363166596,-4.066749016853027,906.25
726,-1.182432080060956,4.456730259015244,-1.8617215338844701,3.6964591836548193,5.088075429503866,-3.9283626313488806,907.5
727,-1.1824320103094088,4.456730257940703,-1.8617215132330613,3.6964591651133407,5.088075499390251,-3.7799762475357768,908.75
728,-1.1824319401679186,4.456730267272353,-1.861721482406491,3.696459126028202,5.088075569832778,-3.6215898706556424,910.0
729,-1.182431871887981,4.456730283270508,-1.8617214457172822,3.696459074404907,5.08807563851644,-3.455234485860128,911.25
730,-1.1824318127513527,4.456730305813655,-1.8617214055470468,3.696459012637542,5.0880756981417985,-3.2958614102071064,912.5
731,-1.1824317673306282,4.456730333923922,-1.8617213642624488,3.6964589439996134,5.088075744110636,-3.1464883345539603,913.75
732,-1.1824317298108362,4.456730363543681,-1.861721323976031,3.6964588747366847,5.088075782185587,-3.007115258900831,915.0
733,-1.1824317050465938,4.456730395420875,-1.8617212854746088,3.696458804817274,5.088075807513496,-2.87774218324762,916.25
734,-1.1824316876729393,4.456730427219066,-1.8617212493475597,3.6964587372407065,5.088075825433554,-2.7583691075943673,917.5
735,-1.1824316750766397,4.456730457145014,-1.8617212165150303,3.6964586747543344,5.088075838535959,-2.648996031941075,918.75
736,-1.1824316740742928,4.456730486822925,-1.8617211875272135,3.6964586161869635,5.088075840015342,-2.549622956287754,920.0
737,-1.1824316731728128,4.456730513514319,-1.8617211614564613,3.6964585635132785,5.088075841345853,-2.4602498806344313,921.25
738,-1.1824316733320597,4.456730537276111,-1.8617211385462478,3.6964585169056705,5.088075841566466,-2.3808768049810833,922.5
739,-1.1824316820858713,4.456730558554998,-1.8617211207075433,3.6964584777172167,5.088075833134179,-2.311503729327727,923.75
740,-1.182431689577837,4.4567305767665735,-1.8617211054402552,3.6964584441777055,5.08807582591739,-2.2521306536743877,925.0
741,-1.1824316958079575,4.4567305919108335,-1.8617210927443795,3.6964584162871374,5.088075819916101,-2.2027575780210884,926.25
742,-1.1824317007762322,4.456730603987782,-1.8617210826199209,3.6964583940455125,5.08807581513031,-2.1633845023678253,927.5
743,-1.182431704482661,4.4567306129974185,-1.8617210750668787,3.6964583774528297,5.088075811560016,-2.134011426714522,928.75
744,-1.182431706927244,4.456730618939744,-1.8617210700852531,3.6964583665090904,5.088075809205223,-2.1146383510612354,930.0
745,-1.1827241196010223,4.455972398668901,-1.8607118592876202,3.696205288235682,5.087783882754218,-2.1045299902913706,931.25
746,-1.1842775566074901,4.451944334336087,-1.8553504360586897,3.694860838041818,5.086233028352534,-2.1029011389246612,932.5
747,-1.1850262753895189,4.450002901002434,-1.8527663598674882,3.6942128470032514,5.085485551496862,-2.110488043455848,933.75
748,-1.1850262742026798,4.450002895683833,-1.8527663625187576,3.694212849590666,5.085485546462957,-2.1265964080872246,935.0
749,-1.1850262722790568,4.450002887063469,-1.8527663668159233,3.694212853784336,5.0854855383040265,-2.152704772718633,936.25
750,-1.1850262696186489,4.450002875141343,-1.8527663727589854,3.694212859584262,5.085485527020071,-2.1888131373500026,937.5
751,-1.185026266221457,4.450002859917453,-1.8527663803479437,3.694212866990442,5.08548551261109,-2.2349215019813617,938.75
752,-1.1850262616718124,4.450002840985543,-1.852766388342208,3.694212871289264,5.085485498697544,-2.2910298642351785,940.0
753,-1.1850262562021565,4.450002818572791,-1.8527663974355157,3.6942128751165777,5.085485483254873,-2.3571382259260374,941.25
754,-1.1850262540318126,4.450002794618358,-1.8527664146572418,3.6942129027456607,5.0854854760447115,-2.433246578057512,942.5
755,-1.1850262547516368,4.450002768938959,-1.8527664393378651,3.694212951874069,5.0854854760192385,-2.519354923307615,943.75
756,-1.185026255525931,4.4500027402971245,-1.8527664669567228,3.694213007019936,5.085485476235891,-2.615463257927983,945.0
757,-1.1850262629359944,4.450002710275832,-1.852766498157207,3.6942130674765035,5.085485469241558,-2.7215715858751715,946.25
758,-1.1850262797257998,4.45000267953997,-1.8527665332214485,3.69421313300626,5.085485451964096,-2.83767990559177,947.5
759,-1.1850262985338247,4.450002646405923,-1.8527665712448436,3.6942132038681286,5.085485432616063,-2.9637882172244687,948.75
760,-1.1850263349512085,4.450002617649097,-1.85276661048349,3.6942132712412534,5.085485395654186,-3.0998965229633915,950.0
761,-1.1850263741716063,4.45000258686823,-1.8527666525583955,3.6942133434266005,5.0854853558501265,-3.246004828522847,951.25
762,-1.1850264317423098,4.4500025649066055,-1.8527666918009502,3.6942134037096057,5.08548529780094,-3.402113126883723,952.5
763,-1.185026495484705,4.450002544672863,-1.8527667312918195,3.6942134624257124,5.085485233594466,-3.567724854341531,953.75
764,-1.185026566633629,4.450002535186172,-1.8527667626700262,3.6942135022016034,5.085485162138247,-3.7293763962929085,955.0
765,-1.1850266357041352,4.450002531932153,-1.852766787356456,3.6942135291014795,5.085485092865214,-3.8810279382443555,956.25
766,-1.185026703106308,4.450002535907499,-1.8527668045124464,3.6942135412866417,5.08548502538042,-4.022679480195837,957.5
767,-1.1850267655994247,4.450002544061241,-1.8527668160863295,3.694213543796271,5.085484962882565,-4.154331022147387,958.75
768,-1.1850268231375514,4.450002557752022,-1.8527668207463064,3.6942135339444024,5.085484905439534,-4.275982564098956,960.0
769,-1.1850268759258653,4.450002570354117,-1.852766824981349,3.6942135248241827,5.0854848527391345,-4.387634106050565,961.25
770,-1.1850269198191195,4.450002589454467,-1.8527668201421799,3.694213500282468,5.085484809057659,-4.489285648002209,962.5
771,-1.1850269593943632,4.450002606675811,-1.8527668157790615,3.6942134781550506,5.08548476967336,-4.580937189953897,963.75
772,-1.1850269946515959,4.450002622018152,-1.852766811891995,3.6942134584419315,5.085484734586236,-4.662588731905563,965.0
773,-1.1850270209077234,4.450002639179506,-1.8527668034351559,3.694213432479521,5.085484708549049,-4.734240273857258,966.25
774,-1.185027042833805,4.450002654471362,-1.8527667954414058,3.694213408909147,5.085484686821254,-4.795891815808934,967.5
775,-1.1850270612034337,4.450002667282847,-1.8527667887442552,3.6942133891619315,5.085484668617748,-4.847543357760571,968.75
776,-1.1850270760166097,4.450002677613963,-1.8527667833437054,3.694213373237877,5.085484653938533,-4.8891948997121855,970.0
777,-1.1850270872733324,4.45000268546471,-1.8527667792397584,3.694213361136983,5.085484642783609,-4.920846441663809,971.25
778,-1.185027094973602,4.450002690835091,-1.8527667764324138,3.6942133528592502,5.085484635152976,-4.942497983615431,972.5
779,-1.1851034030878873,4.449802397403755,-1.8524986342693008,3.6941449629797734,5.0854084609773915,-4.95438552274248,973.75
780,-1.1864852263588135,4.446175139896405,-1.8476427529640926,3.692906540242013,5.084029062567566,-4.958303072714455,975.0
781,-1.1875858277949922,4.443286073749279,-1.8437751066832009,3.691920152902561,5.082930390894895,-4.952504669507341,976.25
782,-1.1875861623556383,4.443285180187194,-1.8437739157339708,3.6919198471486596,5.0829300531065105,-4.938709665127915,977.5
783,-1.1875861548366902,4.443285173454976,-1.8437739158276563,3.6919198436888445,5.08293005403238,-4.91491584101432,978.75
784,-1.1875861441577,4.443285163893361,-1.8437739159607158,3.6919198387749494,5.082930055347371,-4.881122016900722,980.0
785,-1.187586130318668,4.443285151502347,-1.8437739161331492,3.691919832406973,5.082930057051485,-4.837328192787134,981.25
786,-1.1875861136717913,4.443285136520955,-1.843773917050655,3.691919827175837,5.082930056079699,-4.783534376365708,982.5
787,-1.1875860942139433,4.4432851189470615,-1.8437739187069697,3.691919823058547,5.082930052459219,-4.719740565659938,983.75
788,-1.1875860684223778,4.44328510103902,-1.8437739213092965,3.6919198268709685,5.082930060841299,-4.645946760750599,985.0
789,-1.1875860326078844,4.44328508551649,-1.8437739256287973,3.691919848247464,5.0829300953487495,-4.562152966582346,986.25
790,-1.1875859924978611,4.443285068155502,-1.8437739305149674,3.6919198723968334,5.082930134155609,-4.4683591803317135,987.5
791,-1.1875859471406673,4.443285050609939,-1.843773933906623,3.691919895226476,5.082930178450219,-4.3645654008974315,988.75
792,-1.1875858936403576,4.44328503790267,-1.843773929573746,3.6919199044185484,5.08293023191599,-4.250771630687847,990.0
793,-1.1875858354371847,4.443285024077321,-1.8437739248558578,3.6919199144022965,5.08293029009211,-4.126977869594725,991.25
794,-1.1875857722323657,4.443285018231646,-1.843773910793531,3.6919199071207576,5.082930353356319,-3.9931841139698974,992.5
795,-1.1875857042280065,4.443285014240445,-1.8437738934222705,3.6919198947425595,5.0829304214462185,-3.8493903595740693,993.75
796,-1.1875856357647052,4.443285020348213,-1.8437738660794043,3.691919862331056,5.082930490158064,-3.6955966104392997,995.0
797,-1.1875855641123165,4.443285029920971,-1.8437738343676886,3.691919822143757,5.082930562121623,-3.5318028675953346,996.25
798,-1.1875855039122198,4.443285052743964,-1.8437737933392015,3.691919759255098,5.082930622822262,-3.36784127362711,997.5
799,-1.1875854505868984,4.443285076451016,-1.8437737535989522,3.691919696670338,5.082930676647404,-3.2138789692964362,998.75
800,-1.1875854123026013,4.4432851066883154,-1.8437737122039797,3.6919196256939437,5.082930715504255,-3.0699166649657172,1000.0
801,-1.1875853795139157,4.4432851360584795,-1.843773673370597,3.691919558061752,5.082930748839469,-2.935954360634887,1001.25
802,-1.187585361690654,4.443285168679051,-1.843773636051069,3.69191948847839,5.082930767229132,-2.8119920563040663,1002.5
803,-1.1875853453051892,4.443285198668121,-1.843773601742087,3.6919194245082965,5.082930784135305,-2.698029751973184,1003.75
804,-1.187585340995529,4.443285228553522,-1.8437735713082726,3.6919193643363055,5.08293078893762,-2.5940674476422974,1005.0
805,-1.1875853400579384,4.443285256267055,-1.8437735440422205,3.6919193094475378,5.082930790325381,-2.5001051433113863,1006.25
806,-1.1875853392201314,4.4432852810311525,-1.8437735196779717,3.6919192604003426,5.082930791565448,-2.4161428389804405,1007.5
807,-1.1875853446462785,4.443285303207558,-1.843773499790057,3.691919218316402,5.082930786486036,-2.342180534649478,1008.75
808,-1.1875853526179865,4.44328532257806,-1.8437734834286803,3.6919191825190865,5.08293077881013,-2.278218230318537,1010.0
809,-1.187585359343381,4.443285338920136,-1.8437734696252739,3.6919191523183974,5.082930772334293,-2.2242559259876153,1011.25
810,-1.187585364822462,4.443285352233786,-1.8437734583798377,3.691919127714336,5.082930767058522,-2.180293621656751,1012.5
811,-1.1875853690552298,4.443285362519012,-1.8437734496923741,3.691919108706901,5.0829307629828175,-2.14633131732586,1013.75
812,-1.187585372041684,4.443285369775814,-1.8437734435628825,3.691919095296094,5.082930760107182,-2.122369012994972,1015.0
813,-1.1875853737818247,4.443285374004192,-1.8437734399913637,3.6919190874819128,5.082930758431611,-2.108406708664087,1016.25
814,-1.1886412389539431,4.4404795329062186,-1.8399957536942466,3.6909398051615177,5.081876845674397,-2.102465827257401,1017.5
815,-1.1900210649859762,4.436812795955672,-1.8350589947330003,3.689660062887977,5.080499569627566,-2.106200891487568,1018.75
816,-1.1901095534562058,4.43657764150507,-1.8347423983914073,3.689577993760971,5.08041124035116,-2.1179232302277793,1020.0
817,-1.1901095518727773,4.436577634494514,-1.8347424018574343,3.6895779970102778,5.080411233827822,-2.1393689516444736,1021.25
818,-1.1901095495510063,4.43657762421498,-1.834742406939647,3.6895780017747146,5.080411224262693,-2.1708146730611864,1022.5
819,-1.1901095464908928,4.436577610666468,-1.834742413638045,3.6895780080542804,5.080411211655773,-2.2122603944778594,1023.75
820,-1.190109542525182,4.436577593688091,-1.8347424214607706,3.6895780139915986,5.080411197478672,-2.2637061147506703,1025.0
821,-1.1901095374330293,4.436577573067412,-1.8347424297583714,3.6895780171341808,5.080411183674503,-2.3251518327847154,1026.25
822,-1.190109532295622,4.43657754944412,-1.834742440697527,3.68957802521267,5.080411169554248,-2.3965975489076596,1027.5
823,-1.1901095329684301,4.436577525458745,-1.834742463928069,3.6895780712945365,5.08041116954584,-2.4780432504141077,1028.75
824,-1.1901095337110439,4.436577498537614,-1.8347424900441816,3.6895781231775477,5.0804111696452505,-2.5694889468860107,1030.0
825,-1.1901095345154982,4.436577468686446,-1.8347425190665805,3.6895781809507677,5.080411169920196,-2.670934636160115,1031.25
826,-1.1901095500772205,4.43657743945686,-1.8347425525130272,3.6895782433475706,5.080411153931847,-2.7823803139890546,1032.5
827,-1.1901095674285822,4.4365774077005184,-1.8347425890047824,3.6895783113234364,5.080411136062546,-2.9038259846986163,1033.75
828,-1.1901095954480347,4.436577377338326,-1.8347426274630292,3.6895783796775943,5.080411107501298,-3.0352716491357477,1035.0
829,-1.190109632836017,4.436577347806263,-1.8347426680328578,3.6895784491405452,5.080411069548139,-3.1767173109019224,1036.25
830,-1.1901096812030119,4.436577321993489,-1.8347427084096384,3.689578514536281,5.080411020653809,-3.328162968973505,1037.5
831,-1.1901097400211167,4.436577299532274,-1.8347427487873125,3.6895785764337097,5.080410961341445,-3.4896086204814822,1038.75
832,-1.190109809201164,4.436577286587419,-1.8347427831154681,3.689578622636621,5.080410891799133,-3.6553277349020776,1040.0
833,-1.1901098771655572,4.436577277491506,-1.8347428133023724,3.6895786608781487,5.0804108235377194,-3.811638609822954,1041.25
834,-1.1901099457864808,4.436577281135242,-1.834742831248953,3.689578674164954,5.0804107548254285,-3.957949484743887,1042.5
835,-1.1901100098606054,4.436577284877992,-1.8347428476737795,3.68957868589925,5.080410690671524,-4.094260359664878,1043.75
836,-1.1901100688979913,4.436577298271205,-1.8347428530919698,3.689578677078323,5.080410631722292,-4.220571234585923,1045.0
837,-1.1901101232423068,4.43657731116795,-1.8347428575243327,3.6895786678368454,5.08041057746836,-4.336882109506989,1046.25
838,-1.1901101706366226,4.436577327124019,-1.8347428567896817,3.689578650481371,5.080410530229413,-4.443192984428083,1047.5
839,-1.1901102117185252,4.436577344972628,-1.8347428522277427,3.689578627505667,5.0804104893475,-4.5395038593492005,1048.75
840,-1.1901102485348778,4.436577360968004,-1.834742848139466,3.689578606915539,5.080410452710371,-4.625814734270321,1050.0
841,-1.1901102788794016,4.436577376852862,-1.8347428421308418,3.6895785846120472,5.0804104225574775,-4.7021256091914765,1051.25
842,-1.1901103021757335,4.436577393082464,-1.8347428335764628,3.689578559524395,5.080410399473848,-4.768436484112633,1052.5
843,-1.1901103219588662,4.436577406864563,-1.834742826312125,3.689578538220082,5.080410379871342,-4.824747359033757,1053.75
844,-1.1901103382288003,4.436577418199159,-1.834742820337826,3.689578520699106,5.080410363749957,-4.871058233954836,1055.0
845,-1.190110350985535,4.4365774270862515,-1.8347428156535694,3.68957850696147,5.080410351109696,-4.907369108875913,1056.25
846,-1.1901103602290701,4.436577433525843,-1.8347428122593552,3.689578497007174,5.080410341950556,-4.933679983797016,1057.5
847,-1.190110365959406,4.436577437517933,-1.834742810155183,3.689578490836217,5.08041033627254,-4.949990858718115,1058.75
848,-1.1907919871863493,4.434743715054786,-1.8322600344355953,3.688924668493711,5.079730041150229,-4.957756781351763,1060.0
849,-1.1922888582136553,4.430716755843063,-1.8268077255421569,3.6874888448320404,5.078236081720877,-4.956384842828024,1061.25
850,-1.1926004538269086,4.429878474564426,-1.8256727367195558,3.6871899528689847,5.0779250896664845,-4.946508837328226,1062.5
851,-1.1926004478545607,4.429878469226218,-1.8256727367640284,3.687189950012785,5.077925090521236,-4.92744640630929,1063.75
852,-1.1926004387491664,4.429878461087629,-1.8256727368318308,3.687189945658246,5.077925091824387,-4.898383975290364,1065.0
853,-1.1926004265107257,4.429878450148658,-1.8256727369229633,3.687189939805367,5.0779250935759315,-4.859321544271435,1066.25
854,-1.1926004111977293,4.429878436448398,-1.8256727371529342,3.687189932875317,5.077925095261587,-4.810259114933532,1067.5
855,-1.1926003933366196,4.429878420338685,-1.8256727385613747,3.6871899286588263,5.077925092252513,-4.751196700495818,1068.75
856,-1.1926003724514023,4.429878401501399,-1.8256727402082813,3.6871899237284302,5.077925088733965,-4.6821342860581,1070.0
857,-1.1926003401834393,4.4298783862166236,-1.825672744004158,3.68718994063342,5.07792511662163,-4.603071886181352,1071.25
858,-1.1926003025726237,4.429878369946094,-1.8256727485807402,3.687189963123311,5.0779251528788585,-4.514009490477786,1072.5
859,-1.1926002607116377,4.429878351867513,-1.825672753739545,3.687189988432263,5.077925193439768,-4.414947104990024,1073.75
860,-1.1926002112166487,4.429878337857972,-1.8256727521015335,3.6871900019627555,5.077925242545776,-4.305884728164394,1075.0
861,-1.1926001559148585,4.429878324755844,-1.8256727475890746,3.6871900113940166,5.077925297815888,-4.186822358976704,1076.25
862,-1.1926000958473582,4.429878314188046,-1.8256727390853762,3.6871900143580243,5.077925357891032,-4.057759996920003,1077.5
863,-1.192600030874273,4.429878310408894,-1.8256727223690201,3.687190002379812,5.0779254229474216,-3.918697639020412,1078.75
864,-1.1925999628547417,4.4298783103061705,-1.8256727010896876,3.6871899822183476,5.077925491116265,-3.7696352832006648,1080.0
865,-1.1925998941112044,4.4298783195202915,-1.8256726704462338,3.6871899434145377,5.077925560161878,-3.6105729341958135,1081.25
866,-1.1925998282488093,4.429878336091385,-1.8256726334930344,3.687189890921058,5.077925626440295,-3.4442000435404623,1082.5
867,-1.192599770782907,4.429878358044035,-1.825672593900988,3.6871898302962727,5.0779256843917215,-3.2855096889097846,1083.75
868,-1.1925997276734068,4.429878386087684,-1.8256725528475621,3.6871897619209366,5.077925728054633,-3.1368193342790542,1085.0
869,-1.1925996912346448,4.429878414871167,-1.8256725131652072,3.687189694079041,5.077925765044185,-2.9981289796482615,1086.25
870,-1.1925996682587279,4.429878446283155,-1.8256724751364533,3.6871896250679796,5.0779257885841655,-2.8694386250174446,1087.5
871,-1.19259965139781,4.429878477133812,-1.8256724395802153,3.6871895589977273,5.077925805986487,-2.750748270386549,1088.75
872,-1.1925996401305978,4.429878506374312,-1.8256724073612847,3.687189497786837,5.077925817756451,-2.6420579157556423,1090.0
873,-1.1925996391562608,4.429878535118441,-1.8256723788643239,3.6871894406389134,5.077925819202727,-2.5433675611247066,1091.25
874,-1.1925996382806505,4.429878560950007,-1.8256723532548698,3.6871893892816194,5.077925820502455,-2.4546772064937503,1092.5
875,-1.1925996391050837,4.429878583962147,-1.8256723309449001,3.687189344010089,5.07792582005231,-2.375986851862798,1093.75
876,-1.1925996475617269,4.4298786044998675,-1.8256723134605886,3.687189305917667,5.077925811912683,-2.3072964972318264,1095.0
877,-1.1925996547872448,4.429878622047689,-1.8256722985216582,3.6871892733707723,5.077925804958029,-2.2486061426008583,1096.25
878,-1.1925996607816378,4.42987863660561,-1.8256722861281054,3.687189246369404,5.077925799188349,-2.1999157879699562,1097.5
879,-1.1925996655449052,4.4298786481736325,-1.8256722762799338,3.6871892249135625,5.077925794603643,-2.161225433339064,1098.75
880,-1.1925996690770473,4.429878656751756,-1.8256722689771439,3.687189209003249,5.07792579120391,-2.1325350787081607,1100.0
881,-1.1925996713780642,4.4298786623399815,-1.8256722642197354,3.687189198638462,5.077925788989152,-2.1138447240772456,1101.25
882,-1.1929492031053288,4.428926699235576,-1.824376175999193,3.686842644129052,5.077576971765934,-2.1042525580668783,1102.5
883,-1.1944340624738332,4.424882602513366,-1.8188702051026626,3.685370449294112,5.076095147249685,-2.103234091443563,1103.75
884,-1.1950562460627403,4.423188046527402,-1.8165631002324665,3.6847535732457373,5.0754742324703415,-2.111266046069046,1105.0
885,-1.19505624483146,4.42318804113985,-1.8165631028765936,3.6847535756268157,5.075474227542002,-2.127913053220492,1106.25
886,-1.1950562428605391,4.42318803251595,-1.8165631071090709,3.6847535794382296,5.075474219653165,-2.154560060371942,1107.5
887,-1.1950562401499778,4.423188020655701,-1.8165631129298978,3.684753584679978,5.075474208803833,-2.191207067523382,1108.75
888,-1.195056236699776,4.423188005559103,-1.8165631203390744,3.6847535913520613,5.075474194994004,-2.2378540746748117,1110.0
889,-1.195056232066443,4.423187986805492,-1.8165631280497005,3.68475359462514,5.075474182165262,-2.2945010765273124,1111.25
890,-1.1950562265367488,4.423187964666877,-1.8165631368939112,3.684753597621961,5.0754741677689,-2.3611480775098053,1112.5
891,-1.1950562247103744,4.423187941265009,-1.8165631545868437,3.684753626743388,5.075474161959992,-2.437795067943014,1113.75
892,-1.1950562254179709,4.423187916068866,-1.8165631791881807,3.6847536753662435,5.075474161966075,-2.5244420523439075,1115.0
893,-1.195056226178487,4.4231878879866215,-1.816563206707333,3.6847537299357973,5.075474162219766,-2.6210890252394843,1116.25
894,-1.1950562342250701,4.423187858746047,-1.8165632378495309,3.6847537896458764,5.075474154506855,-2.727735991464443,1117.5
895,-1.1950562506916589,4.423187828619807,-1.8165632727307095,3.6847538543918925,5.075474137548743,-2.844382949554036,1118.75
896,-1.1950562699840135,4.423187796523751,-1.8165633104446866,3.684753923898982,5.075474117715399,-2.9710298996883426,1120.0
897,-1.195056305671407,4.423187768335886,-1.816563349450925,3.6847539904837254,5.075474081482914,-3.1076768441757725,1121.25
898,-1.1950563449057963,4.423187738735957,-1.8165633909654768,3.68475406093127,5.075474041672063,-3.2543237882077363,1122.5
899,-1.1950564012916731,4.423187717190671,-1.8165634299556117,3.6847541205636736,5.075473984807114,-3.410970725143871,1123.75
900,-1.1950564642313193,4.423187698081778,-1.8165634686128258,3.6847541773352597,5.075473921413934,-3.5768501992134434,1125.0
901,-1.195056533440403,4.4231876887933375,-1.8165634995768303,3.684754216526078,5.075473851898823,-3.737956524572086,1126.25
902,-1.1950566008963406,4.4231876862546695,-1.8165635233419986,3.6847542418128727,5.07547378425166,-3.8890628499307276,1127.5
903,-1.1950566664282278,4.4231876900508516,-1.8165635402630071,3.6847542539666738,5.075473718636907,-4.030169175289479,1128.75
904,-1.1950567271492851,4.423187698489299,-1.8165635510964004,3.684754255475245,5.075473657919932,-4.161275500648257,1130.0
905,-1.1950567830542898,4.423187711723866,-1.8165635556890414,3.6847542460320857,5.075473602108499,-4.282381826007063,1131.25
906,-1.1950568340926189,4.423187724323826,-1.8165635593723206,3.684754236385328,5.075473551164098,-4.393488151365923,1132.5
907,-1.1950568767014151,4.423187742806553,-1.8165635546057437,3.6847542125481554,5.075473508764586,-4.494594476724784,1133.75
908,-1.1950569150959565,4.4231877594612286,-1.8165635503106046,3.6847541910686163,5.075473470558628,-4.585700802083709,1135.0
909,-1.195056949276242,4.423187774287855,-1.8165635464869054,3.6847541719467105,5.075473436546227,-4.666807127442608,1136.25
910,-1.1950569744062287,4.423187791106237,-1.8165635378489307,3.684754146159708,5.075473411636914,-4.7379134528015285,1137.5
911,-1.1950569956156532,4.423187805864593,-1.8165635300034015,3.684754123278293,5.075473390623,-4.799019778160449,1138.75
912,-1.1950570133541731,4.423187818207754,-1.8165635234417843,3.6847541041414016,5.075473373047997,-4.8501261035193055,1140.0
913,-1.1950570276217887,4.423187828135723,-1.816563518164081,3.6847540887490347,5.075473358911902,-4.8912324288781495,1141.25
914,-1.1950570384184989,4.423187835648498,-1.8165635141702925,3.684754077101193,5.075473348214716,-4.92233875423702,1142.5
915,-1.1950570457443042,4.423187840746082,-1.8165635114604193,3.6847540691978757,5.075473340956441,-4.943445079595888,1143.75
916,-1.1951641712649996,4.422892473489746,-1.8161591603766922,3.6846443456624756,5.075366445234164,-4.954897952415226,1145.0
917,-1.1965107337898562,4.419179553208314,-1.8110763211005196,3.6832651288227485,5.074022770887873,-4.958351487425234,1146.25
918,-1.1974808654072004,4.416504568043005,-1.8074143769500552,3.6822714685677638,5.073054718476464,-4.9521951926212715,1147.5
919,-1.1974808609970324,4.416504564107647,-1.8074143769620437,3.682271466384429,5.0730547191937205,-4.937997646503531,1148.75
920,-1.1974808534805756,4.416504557400428,-1.8074143769824764,3.6822714626632687,5.073054720416175,-4.913800100385785,1150.0
921,-1.1974808428578299,4.416504547921351,-1.8074143770113529,3.6822714574042834,5.073054722143828,-4.87960255426805,1151.25
922,-1.1974808291287953,4.4165045356704145,-1.8074143770486737,3.6822714506074727,5.073054724376679,-4.8354050081503255,1152.5
923,-1.1974808126654113,4.416504520892764,-1.8074143778190765,3.6822714448965206,5.073054723810759,-4.781207472852982,1153.75
924,-1.1974807934163607,4.4165045035545765,-1.8074143792225823,3.682271439909435,5.07305472090192,-4.717009944314459,1155.0
925,-1.1974807676403134,4.4165044862163825,-1.807414381719121,3.6822714439610675,5.0730547309760405,-4.642812422281325,1156.25
926,-1.1974807325149468,4.416504471038364,-1.8074143860080851,3.6822714649023394,5.073054764779894,-4.558614910347549,1157.5
927,-1.1974806931966158,4.416504454073156,-1.8074143908623568,3.682271488569228,5.073054802781673,-4.464417406986369,1158.75
928,-1.1974806485731284,4.416504437251281,-1.807414393836745,3.6822715101397527,5.073054846376164,-4.360219910489178,1160.0
929,-1.1974805961658361,4.416504424864868,-1.8074143895313286,3.68227151902701,5.073054898747361,-4.246022422742836,1161.25
930,-1.1974805391679613,4.416504411392407,-1.8074143848446023,3.6822715286764103,5.07305495571717,-4.121824944571533,1162.5
931,-1.1974804772714343,4.416504406168426,-1.8074143704377954,3.6822715204123173,5.073055017677872,-3.9876274718071065,1163.75
932,-1.1974804107039294,4.416504402326024,-1.807414353184663,3.6822715079857167,5.073055084331769,-3.843430000068337,1165.0
933,-1.1974803439116064,4.416504408874913,-1.8074143255879218,3.6822714748581107,5.073055151381292,-3.689232533841633,1166.25
934,-1.1974802741766717,4.416504418726074,-1.8074142937960238,3.6822714342867124,5.073055221434233,-3.525045491352035,1167.5
935,-1.1974802156564208,4.4165044410897725,-1.807414253179879,3.6822713722442644,5.073055280454378,-3.361493554766535,1168.75
936,-1.1974801643420907,4.4165044646089076,-1.8074142137001177,3.682271310077883,5.073055332271637,-3.2079416181809246,1170.0
937,-1.1974801270749316,4.416504494040934,-1.807414172816648,3.6822712404003193,5.073055370108127,-3.0643896815953005,1171.25
938,-1.1974800957956502,4.416504522892801,-1.8074141344003067,3.6822711736787386,5.073055401933814,-2.9308377450096224,1172.5
939,-1.1974800784520843,4.416504554609364,-1.8074140975586583,3.6822711054660235,5.073055419840073,-2.807285808423893,1173.75
940,-1.1974800625122657,4.416504583758857,-1.8074140636988785,3.682271042774284,5.073055436297043,-2.6937338718381287,1175.0
941,-1.1974800588820784,4.416504612920056,-1.8074140337202298,3.6822709837675154,5.07305544041715,-2.5901819352523194,1176.25
942,-1.1974800579681204,4.416504639824533,-1.8074140068316764,3.682270930060766,5.073055441777688,-2.496629998666514,1177.5
943,-1.1974800571518578,4.41650466385312,-1.8074139828173035,3.6822708820948638,5.0730554429927945,-2.4130780620806718,1178.75
944,-1.1974800628137157,4.41650468537407,-1.8074139633307373,3.682270841060551,5.073055437673913,-2.3395261254948285,1180.0
945,-1.1974800705433544,4.416504704132838,-1.8074139472289459,3.6822708061347527,5.073055430237005,-2.2759741889089913,1181.25
946,-1.197480077056722,4.416504719939882,-1.8074139336607955,3.682270776704585,5.073055423970307,-2.2224222523231836,1182.5
947,-1.1974800823538185,4.416504732795202,-1.8074139226262869,3.682270752770048,5.0730554188738175,-2.178870315737437,1183.75
948,-1.1974800864346438,4.4165047426988,-1.8074139141254217,3.682270734331142,5.073055414947538,-2.1453183791516643,1185.0
949,-1.197480089299198,4.4165047496506755,-1.8074139081582001,3.6822707213878676,5.073055412191469,-2.1217664425658804,1186.25
950,-1.1974819211805117,4.416499644414249,-1.807406872471209,3.682268778368115,5.073053584486899,-2.1082085623642604,1187.5
951,-1.198532994361666,4.413565494042099,-1.8033683637356563,3.6811572097123237,5.072004874104102,-2.102540877990677,1188.75
952,-1.1998069027746319,4.410009275749251,-1.7984736595070459,3.679809983451809,5.070733827909887,-2.1066025310348118,1190.0
953,-1.1998716934259015,4.409828401224764,-1.798224714614006,3.679741464540755,5.0706691785838025,-2.1185414222866736,1191.25
954,-1.1998716918173389,4.4098283942667145,-1.7982247180066686,3.679741467474904,5.070669172326708,-2.1402586846489724,1192.5
955,-1.1998716894680923,4.40982838410474,-1.798224722961528,3.6797414717601216,5.0706691631884535,-2.1719759470112754,1193.75
956,-1.1998716863781618,4.4098283707388415,-1.798224729478584,3.679741477396406,5.070669151169037,-2.213693209373568,1195.0
957,-1.19987168236739,4.409828354000231,-1.7982247370413589,3.679741482457928,5.070669137885745,-2.2654104695249853,1196.25
958,-1.199871677242832,4.40982833370814,-1.7982247450967186,3.6797414848821672,5.070669125070661,-2.327127725854851,1197.5
959,-1.1998716722656777,4.409828310575463,-1.7982247560905988,3.6797414932511034,5.070669112409899,-2.39884497979925,1198.75
960,-1.1998716729256207,4.4098282871138075,-1.798224779193622,3.679741538737116,5.070669112428453,-2.4805622195251353,1200.0
961,-1.1998716736536361,4.409828260791233,-1.798224805160233,3.6797415899434442,5.070669112559369,-2.572279453780567,1201.25
962,-1.1998716744812055,4.409828231621408,-1.7982248340111293,3.6797416469380084,5.070669112811667,-2.6739966809962588,1202.5
963,-1.1998716900657485,4.409828203127596,-1.7982248672685928,3.679741708441159,5.070669096758994,-2.7857138965546318,1203.75
964,-1.1998717070466016,4.409828172084065,-1.7982249035053828,3.679741775458174,5.070669079257721,-2.9074311049442874,1205.0
965,-1.1998717348881065,4.409828142584161,-1.7982249416390663,3.6797418426288093,5.070669050874838,-3.0391483070856116,1206.25
966,-1.199871771461437,4.409828113706998,-1.7982249819118277,3.679741911153987,5.070669013736767,-3.1808655066757456,1207.5
967,-1.1998718191731368,4.409828088739457,-1.7982250218364553,3.6797419752639104,5.070668965501917,-3.3325827023971977,1208.75
968,-1.199871876693582,4.409828066757521,-1.7982250619086328,3.679742036396142,5.070668907487386,-3.494299891625114,1210.0
969,-1.1998719429518798,4.409828054657834,-1.7982250949418879,3.6797420805027268,5.070668840879654,-3.6562602736781664,1211.25
970,-1.1998720074574518,4.409828045984314,-1.7982251240175846,3.6797421172610916,5.070668776085503,-3.8082221526187903,1212.5
971,-1.1998720723315932,4.409828049073152,-1.798225141532566,3.679742130722381,5.070668711117379,-3.9501840315594703,1213.75
972,-1.1998721328883255,4.409828052556732,-1.7982251572859183,3.6797421420931196,5.070668650482894,-4.082145910500167,1215.0
973,-1.1998721885728003,4.409828064104743,-1.7982251634871758,3.67974213594203,5.070668594865563,-4.2041077894409336,1216.25
974,-1.199872239641849,4.409828076166963,-1.7982251677136585,3.679742127372569,5.07066854388254,-4.316069668381726,1217.5
975,-1.1998722849294947,4.409828089382225,-1.7982251689612274,3.6797421147609644,5.070668498713028,-4.418031547322556,1218.75
976,-1.1998723232232593,4.409828105966968,-1.7982251646447533,3.679742093329778,5.070668460609042,-4.509993426263415,1220.0
977,-1.1998723573529335,4.409828120748269,-1.7982251607976507,3.6797420742290328,5.070668426648512,-4.5919553052042605,1221.25
978,-1.1998723873185175,4.409828133726134,-1.7982251574199237,3.67974205745873,5.070668396831435,-4.663917184145143,1222.5
979,-1.1998724092294266,4.409828147972471,-1.7982251502274904,3.679742035729471,5.070668375108147,-4.725879063086011,1223.75
980,-1.1998724270499708,4.40982816035716,-1.7982251435856176,3.679742016468788,5.070668357453455,-4.777840942026829,1225.0
981,-1.1998724414409732,4.409828170358429,-1.7982251382219645,3.6797420009148,5.0706683431963855,-4.819802820967636,1226.25
982,-1.199872452402434,4.409828177976278,-1.79822513413653,3.679741989067506,5.0706683323369415,-4.85176469990842,1227.5
983,-1.1998724599343529,4.409828183210712,-1.7982251313293165,3.6797419809269076,5.07066832487512,-4.873726578849229,1228.75
984,-1.1998724640367293,4.409828186061726,-1.798225129800324,3.6797419764930037,5.070668320810924,-4.88568845779005,1230.0
985,-1.1994406397034674,4.411018640981669,-1.7999203937818793,3.6802497005719252,5.071098801439154,-4.888472110343354,1231.25
986,-1.1992387058423652,4.411575324203355,-1.8007131404293428,3.6804871271624946,5.071300106928163,-4.8823452929174715,1232.5
987,-1.1991070101424453,4.411938363655062,-1.801230133531413,3.680641969857289,5.071431392795981,-4.866518075722494,1233.75
988,-1.198892106069065,4.412530779785712,-1.802073774771119,3.680894645729507,5.071645628095906,-4.840690858527523,1235.0
989,-1.1985939936222243,4.4133525725953024,-1.8032440641484615,3.6812451547791474,5.071942812827942,-4.804863641332547,1236.25
990,-1.1982095922404479,4.414404195073394,-1.8047371020820302,3.681689174533391,5.072326045233906,-4.759036339743181,1237.5
991,-1.197739596539622,4.415685544596912,-1.80655376690555,3.682227679162957,5.072794626712919,-4.703208994953289,1238.75
992,-1.1971854134745938,4.4171964141752245,-1.8086958394356984,3.682862642728838,5.073347142235506,-4.637381650163371,1240.0
993,-1.1965429843987065,4.418937474689015,-1.8111583488175036,3.6835884647821024,5.073987671202114,-4.561554183774173,1241.25
994,-1.1958147091092428,4.420908329074592,-1.8139442334532496,3.684408456377216,5.074713801545378,-4.475726685548701,1242.5
995,-1.1949965623184449,4.423109693113676,-1.8170486716095742,3.6853171203458253,5.075529580413427,-4.379899048050671,1243.75
996,-1.1940906156237556,4.4255412120043855,-1.820474174516852,3.6863173019062954,5.076432925021665,-4.274071345129762,1245.0
997,-1.1930920985220204,4.428203786863602,-1.8242151452173245,3.687402551022833,5.077428630980864,-4.158243455886697,1246.25
998,-1.1920014490393451,4.431097396457114,-1.828272233933527,3.6885735350028934,5.078516257533218,-4.032415410309968,1247.5
999,-1.1908174091026489,4.434222324405251,-1.8326440667888395,3.689828609232283,5.079697069066109,-3.8965871937191885,1248.75
1000,-1.1895378290976137,4.437579062120115,-1.8373283114789338,3.6911649720382425,5.080973225937374,-3.750758771679685,1250.0
1001,-1.1881605090290417,4.441168152522914,-1.8423226703147688,3.6925798055572643,5.0823469388674285,-3.594930114133842,1251.25
1002,-1.1867158881874458,4.4449061681973605,-1.8475086468522222,3.6940378355777117,5.083787861161661,-3.432744319214106,1252.5
1003,-1.1853361690172142,4.44845231050594,-1.8524142139381632,3.695406910878768,5.085164124428105,-3.278986821560373,1253.75
1004,-1.184035722536448,4.451770368120085,-1.856989736788272,3.6966735070730303,5.0864613909868375,-3.1352290941446315,1255.0
1005,-1.1828176406825117,4.454859659576607,-1.8612386271638697,3.6978416858091494,5.087676553274087,-3.001471200240019,1256.25
1006,-1.1816840841074756,4.4577196820424545,-1.865163209536873,3.6989142521958005,5.088807439898998,-2.877713177511202,1257.5
1007,-1.180637267058798,4.460349880367448,-1.8687657761302081,3.6998940306459103,5.089851825882106,-2.763955059839011,1258.75
1008,-1.179675323211709,4.46275079488707,-1.8720445587008667,3.7007787323328287,5.090811586096592,-2.6601968109319625,1260.0
1009,-1.1788030333071104,4.464921162900086,-1.875004361719503,3.7015743745117344,5.091681917068924,-2.566438511292042,1261.25
1010,-1.1780200848146851,4.466861071368729,-1.8776448810783848,3.702280569399973,5.092463132785705,-2.4826801465769455,1262.5
1011,-1.177328334913902,4.4685700230304795,-1.8799679679966972,3.7028996460528427,5.093153367282621,-2.40892174664546,1263.75
1012,-1.1767273898025343,4.470048130562791,-1.8819732463728363,3.703431119852539,5.09375301617509,-2.345163296925965,1265.0
1013,-1.1762206980982068,4.471294408817757,-1.8836640129650521,3.703879236261641,5.094258614962026,-2.2914048472065036,1266.25
1014,-1.1758064830481414,4.472309379340893,-1.8850386012406153,3.7042418260645973,5.094671948481986,-2.2476463712826895,1267.5
1015,-1.1754856445383042,4.473092778163759,-1.8860978556222796,3.704519988098774,5.094992112753172,-2.213887873472955,1268.75
1016,-1.1752598453609768,4.473644117246501,-1.8868433358580576,3.7047157524991032,5.0952174374159735,-2.1901293756632296,1270.0
1017,-1.1751290855161591,4.473963396589122,-1.8872750419479498,3.7048291192655847,5.095347922470394,-2.1763708778534987,1271.25
1018,-1.1747347953459102,4.474924263914689,-1.8885731299501647,3.7051691785588363,5.095741388631032,-2.172138867477609,1272.5
1019,-1.1744227586261164,4.475684276351176,-1.889599627889569,3.7054379113988456,5.096052774231894,-2.176853478052702,1273.75
1020,-1.1744224262993654,4.475684369758952,-1.8895993240544988,3.70543751811271,5.096053107612065,-2.191046705885817,1275.0
1021,-1.174421859828025,4.475684528978238,-1.8895988061489768,3.705436847732358,5.096053675879027,-2.2152399337189284,1276.25
1022,-1.1744210591993898,4.475684753994047,-1.889598074129937,3.705435900096503,5.096054479145271,-2.2494331580697926,1277.5
1023,-1.1744200243110772,4.475685044685779,-1.8895971276506356,3.705434673906832,5.0960555183163665,-2.2936263561750696,1278.75
1024,-1.1744187552491008,4.475685401154993,-1.8895959670027882,3.705433170255986,5.096056792630231,-2.3478195542803952,1280.0
1025,-1.1744178184188248,4.475685656966734,-1.8895951170327638,3.7054320742765268,5.096057733323934,-2.412012745532969,1281.25
1026,-1.1744178191392232,4.475685634251506,-1.8895951386453254,3.7054321181715144,5.096057732558966,-2.486205924671411,1282.5
1027,-1.1744178199516755,4.475685608477584,-1.8895951631818129,3.705432168031037,5.09605773173247,-2.5703991010243485,1283.75
1028,-1.1744178208543214,4.475685579646054,-1.8895951906462518,3.705432223872879,5.096057730859781,-2.6645922740827235,1285.0
1029,-1.1744178350733223,4.475685550954038,-1.8895952222135421,3.7054322838221108,5.096057716219947,-2.7687854364935682,1286.25
1030,-1.174417852001131,4.475685519833823,-1.8895952569318595,3.7054323493424475,5.0960576987822535,-2.8829785931054994,1287.5
1031,-1.1744178764771107,4.475685488642533,-1.8895952940370244,3.705432417201568,5.096057673773107,-3.007171742469014,1288.75
1032,-1.1744179132792676,4.475685459470723,-1.8895953330133424,3.7054324847184996,5.096057636434619,-3.14136488466698,1290.0
1033,-1.174417957070562,4.475685431102656,-1.889595373377564,3.705432552717521,5.096057592104885,-3.285558024069817,1291.25
1034,-1.1744180153586972,4.475685408802549,-1.8895954124486236,3.7054326131564945,5.096057533343371,-3.4397511605850415,1292.5
1035,-1.1744180825696602,4.475685391316288,-1.8895954497009122,3.705432666843741,5.096057465715522,-3.6033922436487122,1293.75
1036,-1.1744181545283654,4.475685381723512,-1.8895954809305877,3.7054327065668073,5.096057393453554,-3.7628862358305026,1295.0
1037,-1.1744182255086635,4.475685381358671,-1.889595503111118,3.7054327280538004,5.096057322316691,-3.912380228012349,1296.25
1038,-1.1744182935490979,4.475685385432872,-1.8895955201790375,3.7054327400456497,5.0960572541955065,-4.051874220194289,1297.5
1039,-1.174418356478564,4.475685396168036,-1.889595529360089,3.705432737584884,5.096057191300542,-4.181368212376241,1298.75
1040,-1.174418414414899,4.47568541005239,-1.8895955340197097,3.705432727536894,5.096057133458672,-4.300862204558224,1300.0
1041,-1.1744184665186603,4.4756854245838715,-1.8895955362716512,3.705432714522836,5.096057081471915,-4.410356196740247,1301.25
1042,-1.1744185105595606,4.4756854438623765,-1.889595531543115,3.705432689914979,5.096057037639548,-4.509850188922299,1302.5
1043,-1.174418550173974,4.475685461203223,-1.8895955272898313,3.705432667780422,5.09605699821271,-4.59934418110438,1303.75
1044,-1.1744185848777116,4.475685476990211,-1.8895955229990182,3.705432647230892,5.0960569636826305,-4.678838173286475,1305.0
1045,-1.1744186102144896,4.475685494755677,-1.889595513951174,3.705432620091052,5.096056938570422,-4.748332165468547,1306.25
1046,-1.174418631905373,4.475685509964739,-1.8895955062052905,3.7054325968565625,5.096056917071795,-4.807826157650631,1307.5
1047,-1.1744186499503626,4.475685522617395,-1.8895954997613644,3.7054325775274224,5.096056899186746,-4.857320149832674,1308.75
1048,-1.1744186643494572,4.475685532713649,-1.8895954946193991,3.705432562103634,5.096056884915277,-4.896814142014695,1310.0
1049,-1.1744186751026569,4.4756855402535,-1.8895954907793955,3.705432550585195,5.096056874257388,-4.926308134196728,1311.25
1050,-1.1744186822099616,4.475685545236948,-1.8895954882413528,3.7054325429721073,5.096056867213078,-4.945802126378759,1312.5
1051,-1.1747167884069938,4.474941317487812,-1.8886208103636926,3.7051999251371606,5.095759180218441,-4.956004851654023,1313.75
1052,-1.1763379011954704,4.470894116139976,-1.8833204180520906,3.7039349459740825,5.094140346762728,-4.957703314902086,1315.0
1053,-1.1771245355718105,4.468930228929894,-1.8807484285828189,3.7033211204044867,5.093354816279318,-4.95015318994368,1316.25
1054,-1.1771245303923537,4.468930224267701,-1.880748428688027,3.7033211182180636,5.0933548167358245,-4.934053382029209,1317.5
1055,-1.1771245219958046,4.468930216709703,-1.8807484288585825,3.7033211146735985,5.093354817475881,-4.907953574114735,1318.75
1056,-1.177124510382163,4.468930206255897,-1.8807484290944854,3.70332110977109,5.093354818499485,-4.871853766200271,1320.0
1057,-1.1771244955514293,4.468930192906285,-1.8807484293957357,3.7033211035105387,5.093354819806638,-4.825753958285832,1321.25
1058,-1.1771244780157588,4.468930177016879,-1.880748430814294,3.703321099807667,5.093354817032258,-4.769654153337804,1322.5
1059,-1.1771244574898998,4.4689301583893934,-1.880748432764257,3.7033210964815626,5.093354812607531,-4.703554349098439,1323.75
1060,-1.1771244280911504,4.468930141049167,-1.8807484360085613,3.7033211067571727,5.093354829645343,-4.627454554338049,1325.0
1061,-1.177124390369589,4.468930124604658,-1.8807484404518955,3.7033211292892556,5.0933548660348835,-4.541354766436396,1326.25
1062,-1.1771243482353586,4.46893010626863,-1.880748445479672,3.70332115473968,5.093354906912245,-4.445254989055002,1327.5
1063,-1.1771242996325701,4.468930089644994,-1.88074844667336,3.703321174191779,5.093354954758841,-4.339155218331275,1328.75
1064,-1.1771242436845424,4.46893007626323,-1.8807484421730407,3.703321183920189,5.093355010674837,-4.223055455831472,1330.0
1065,-1.177124182903641,4.468930062116909,-1.8807484369064262,3.703321193707304,5.093355071433596,-4.096955701392795,1331.25
1066,-1.177124116931929,4.468930058191207,-1.8807484203013283,3.703321181996931,5.093355137486062,-3.960855952813957,1332.5
1067,-1.17712404615315,4.468930054075046,-1.8807484023952017,3.7033211692464736,5.093355208352356,-3.814756204456803,1333.75
1068,-1.177123976164056,4.468930063432249,-1.880748371918837,3.7033211304823954,5.0933552786380565,-3.6586564633173726,1335.0
1069,-1.1771239046169288,4.4689300764825175,-1.8807483374495444,3.703321084066077,5.093355350543299,-3.493048843935992,1336.25
1070,-1.177123843884929,4.4689300997415184,-1.880748296604485,3.7033210209331706,5.093355411771256,-3.3313858483470193,1337.5
1071,-1.1771237936063463,4.468930126255049,-1.880748255886516,3.7033209545263057,5.093355462574756,-3.1797228527579504,1338.75
1072,-1.1771237549968636,4.468930156875104,-1.8807482148600558,3.703320883542216,5.093355501748943,-3.0380598571688795,1340.0
1073,-1.17712372570658,4.468930188217674,-1.8807481760193228,3.703320813884524,5.093355531595428,-2.9063968615797267,1341.25
1074,-1.1771237077809036,4.468930221177386,-1.880748139143973,3.7033207444103216,5.093355550078534,-2.784733865990547,1342.5
1075,-1.1771236913820056,4.468930251440768,-1.8807481053038682,3.7033206806372747,5.093355566989131,-2.673070870401328,1343.75
1076,-1.1771236903454096,4.468930282318369,-1.8807480756154922,3.7033206201745625,5.093355568514323,-2.5714078748120754,1345.0
1077,-1.1771236894107777,4.468930310158715,-1.8807480488473862,3.703320565659218,5.09335556988949,-2.4797448792227934,1346.25
1078,-1.1771236885781098,4.468930334961809,-1.8807480249995514,3.7033205170912398,5.093355571114633,-2.3980818836335174,1347.5
1079,-1.1771236963243643,4.468930357232031,-1.8807480062055602,3.7033204759749347,5.093355563702652,-2.3264188880442127,1348.75
1080,-1.1771237042031708,4.468930376466822,-1.8807479903395417,3.7033204408114244,5.093355556110021,-2.264755892454927,1350.0
1081,-1.1771237108042572,4.468930392582269,-1.8807479770465418,3.703320411350444,5.093355549748701,-2.2130928968656827,1351.25
1082,-1.1771237161276233,4.468930405578375,-1.880747966326563,3.703320387591995,5.093355544618691,-2.171429901276473,1352.5
1083,-1.177123720173269,4.468930415455141,-1.8807479581796054,3.703320369536076,5.093355540719992,-2.139766905687223,1353.75
1084,-1.1771237229411942,4.4689304222125665,-1.8807479526056698,3.703320357182687,5.093355538052605,-2.1181039100979757,1355.0
1085,-1.177203599301081,4.468728562836646,-1.8804819924264007,3.703255679606507,5.093275780939851,-2.1062072465950843,1356.25
1086,-1.1786468892647266,4.465081021619925,-1.8756763090859585,3.7020871157452904,5.091834644695795,-2.1023350244518992,1357.5
1087,-1.179791558470787,4.462188161949834,-1.8718649341760287,3.701160333130661,5.090691681311486,-2.108181385607975,1358.75
1088,-1.179791703810615,4.462187787404173,-1.8718644491413543,3.7011602169733497,5.090691530732459,-2.122072266319631,1360.0
1089,-1.179791702049734,4.462187779408264,-1.871864453111743,3.701160221008619,5.090691523107008,-2.1459626629183726,1361.25
1090,-1.1797916995517863,4.46218776806544,-1.8718644587440494,3.7011602267329646,5.090691512289709,-2.1798530595171175,1362.5
1091,-1.1797916963167725,4.4621877533757015,-1.8718644660382744,3.701160234146385,5.090691498280562,-2.223743456115852,1363.75
1092,-1.179791692048585,4.462187735047944,-1.871864474103229,3.7011602398403705,5.090691483632341,-2.2776338466078334,1365.0
1093,-1.1797916867581975,4.462187713092954,-1.8718644829719424,3.701160243941243,5.090691468250434,-2.341524232781282,1366.25
1094,-1.17979168315211,4.462187688812283,-1.8718644973036613,3.7011602627598523,5.090691457075899,-2.4154146130900402,1367.5
1095,-1.1797916838615767,4.46218766336917,-1.8718645213661493,3.701160311038308,5.0906914570367565,-2.4993049829369745,1368.75
1096,-1.1797916846333973,4.462187634907441,-1.8718645483494711,3.7011603653012193,5.09069145717793,-2.5931953449229166,1370.0
1097,-1.1797916887384203,4.462187604220471,-1.8718645785832788,3.701160425236834,5.090691453825019,-2.697085700186601,1371.25
1098,-1.1797917054094065,4.462187573556675,-1.8718646130229029,3.7011604900681982,5.090691436678662,-2.8109760463430797,1372.5
1099,-1.179791723545947,4.462187540201645,-1.871864650489879,3.7011605606046754,5.090691418011551,-2.9348663833642723,1373.75
1100,-1.17979175679749,4.462187510112603,-1.8718646894865143,3.701160629126676,5.090691384217132,-3.068756715032263,1375.0
1101,-1.1797917957723179,4.462187479190272,-1.8718647310408352,3.7011607009363607,5.090691344666008,-3.2126470454552036,1376.25
1102,-1.1797918499434787,4.462187454866418,-1.8718647709928051,3.7011607643360898,5.090691289992886,-3.3665373704975123,1377.5
1103,-1.179791911141755,4.462187431423253,-1.8718648122754202,3.701160828083188,5.090691228292276,-3.5304276814456887,1378.75
1104,-1.1797919841611615,4.462187421635064,-1.8718648441788632,3.7011608686586195,5.090691154961454,-3.694300388289856,1380.0
1105,-1.1797920538915836,4.46218741529267,-1.8718648717775022,3.701160901542215,5.09069108498122,-3.848173095134065,1381.25
1106,-1.179792123198828,4.462187419391913,-1.8718648892802818,3.7011609139241095,5.090691015590393,-3.9920458019783225,1382.5
1107,-1.1797921876182802,4.462187425305379,-1.8718649035413668,3.701160921328077,5.090690951126556,-4.125918508822648,1383.75
1108,-1.179792246933409,4.462187439477223,-1.8718649083438104,3.7011609111144383,5.090690891908734,-4.249791215667031,1385.0
1109,-1.1797923014601475,4.462187452504995,-1.8718649127585538,3.7011609017253244,5.0906908374714455,-4.363663922511437,1386.25
1110,-1.179792347845312,4.462187470554949,-1.8718649098646962,3.7011608801409857,5.090690791272694,-4.467536629355843,1387.5
1111,-1.1797923888826771,4.462187488489542,-1.8718649054285392,3.7011608572091057,5.090690750431373,-4.561409336200306,1388.75
1112,-1.1797924255484462,4.46218750451361,-1.8718649014649498,3.7011608367200948,5.090690713940764,-4.645282043044761,1390.0
1113,-1.1797924542600258,4.46218752146958,-1.8718648941542635,3.7011608120732946,5.09069068543614,-4.719154749889247,1391.25
1114,-1.1797924772582742,4.462187537579558,-1.8718648858856262,3.701160787397319,5.090690662643693,-4.78302745673371,1392.5
1115,-1.179792496655885,4.462187551167334,-1.8718648789115364,3.7011607665846475,5.090690643419663,-4.836900163578136,1393.75
1116,-1.1797925124528583,4.462187562232908,-1.871864873231994,3.7011607496352807,5.090690627764049,-4.880772870422536,1395.0
1117,-1.179792524649194,4.462187570776283,-1.8718648688470023,3.7011607365492196,5.090690615676854,-4.914645577266934,1396.25
1118,-1.1797925332448915,4.462187576797458,-1.8718648657565606,3.7011607273264637,5.090690607158075,-4.938518284111358,1397.5
1119,-1.179792709919801,4.46218714108026,-1.8718642818573024,3.7011605778487255,5.090690430799167,-4.95239099424595,1398.75
1120,-1.180921273955513,4.459299892499524,-1.868037741735659,3.700213193509191,5.0895636502321775,-4.958235993030272,1400.0
1121,-1.18234430760916,4.455659278110826,-1.8632127526538111,3.699018612710105,5.088142864259032,-4.954365461010996,1401.25
1122,-1.1824235277441355,4.455456592626124,-1.8629441334541734,3.698952105750624,5.088063765944728,-4.942485336365917,1402.5
1123,-1.1824235208406952,4.455456586423705,-1.8629441335548411,3.698952102690178,5.088063766698642,-4.920842083953417,1403.75
1124,-1.1824235107476044,4.455456577355534,-1.8629441337020205,3.698952098215689,5.088063767800892,-4.889198831540926,1405.0
1125,-1.1824234974648637,4.455456565421612,-1.8629441338957125,3.6989520923271586,5.088063769251479,-4.847555579128475,1406.25
1126,-1.1824234812100571,4.45545655077039,-1.8629441345752586,3.698952086649059,5.088063769176488,-4.795912329519303,1407.5
1127,-1.1824234622323688,4.4554565335718825,-1.8629441362438064,3.6989520830417826,5.088063765429856,-4.734269084943176,1408.75
1128,-1.1824234389170554,4.455456514497667,-1.8629441384269896,3.6989520820441912,5.0880637658954555,-4.662625842588921,1410.0
1129,-1.1824234035903554,4.455456499120544,-1.8629441426117688,3.698952103129529,5.088063799952096,-4.580982614470473,1411.25
1130,-1.1824233639221355,4.455456481868986,-1.8629441473424162,3.6989521269430545,5.0880638383021255,-4.489339391582089,1412.5
1131,-1.1824233199050396,4.455456462747553,-1.8629441526357562,3.698952153558318,5.0880638810071845,-4.387696175597063,1413.75
1132,-1.1824232667933325,4.4554564500319875,-1.8629441483866733,3.6989521628424393,5.0880639340782015,-4.276052971280643,1415.0
1133,-1.1824232088959796,4.455456436223957,-1.8629441436959602,3.6989521728311074,5.088063991947255,-4.154409774022012,1416.25
1134,-1.1824231460184795,4.455456428001815,-1.8629441321018847,3.6989521703909487,5.088064054860579,-4.022766582937776,1417.5
1135,-1.1824230782055458,4.455456424013332,-1.8629441149168913,3.698952158191517,5.088064122757549,-3.8811233944141916,1418.75
1136,-1.1824230087093661,4.45545642732017,-1.862944090224497,3.6989521312365112,5.088064192456439,-3.72948020974634,1420.0
1137,-1.182422937126961,4.455456436938839,-1.8629440588417427,3.6989520913296627,5.088064264345821,-3.5678370316358414,1421.25
1138,-1.1824228729810675,4.45545645740506,-1.8629440193736986,3.69895203240952,5.088064328955438,-3.4022211108392395,1422.5
1139,-1.182422815054126,4.455456479627686,-1.8629439801497312,3.698951971889234,5.088064387360709,-3.2461050146779975,1423.75
1140,-1.1824227755779826,4.455456510746868,-1.862943938120338,3.6989518994167088,5.088064427417075,-3.099988918516664,1425.0
1141,-1.1824227389357767,4.455456539828868,-1.8629438989196656,3.6989518317621077,5.088064464600984,-2.9638728223552975,1426.25
1142,-1.182422719992396,4.455456573327446,-1.8629438609710982,3.698951760691439,5.088064484118281,-2.837756726193881,1427.5
1143,-1.182422703093203,4.4554566044065815,-1.8629438259727369,3.6989516949531454,5.0880645015484856,-2.721640630032424,1428.75
1144,-1.182422695503787,4.455456634683055,-1.862943794626574,3.698951633528605,5.088064509636107,-2.6155245338709414,1430.0
1145,-1.182422694534427,4.455456663515158,-1.8629437667140896,3.698951576879325,5.08806451106644,-2.519408437709429,1431.25
1146,-1.1824226936659201,4.455456689347539,-1.8629437417056378,3.698951526123884,5.088064512347959,-2.4332923415479053,1432.5
1147,-1.1824226970864937,4.455456712426512,-1.8629437206625503,3.6989514820155227,5.0880645092873475,-2.357176245386384,1433.75
1148,-1.1824227054292533,4.45545673278931,-1.8629437037452603,3.6989514446681024,5.088064501250727,-2.2910601492248217,1435.0
1149,-1.1824227125101783,4.455456750072253,-1.8629436893866946,3.698951412969446,5.0880644944296405,-2.234944053063318,1436.25
1150,-1.1824227183292684,4.455456764275338,-1.8629436775868513,3.698951386919553,5.088064488824084,-2.18882795690186,1437.5
1151,-1.1824227228865234,4.45545677539857,-1.8629436683457332,3.698951366518423,5.088064484434058,-2.152711860740362,1438.75
1152,-1.1824227261819436,4.455456783441947,-1.8629436616633408,3.6989513517660577,5.088064481259565,-2.126595764578867,1440.0
1153,-1.1824227282155289,4.455456788405469,-1.8629436575396743,3.698951342662456,5.088064479300603,-2.1104796684173883,1441.25
1154,-1.1831662142143828,4.453531272418958,-1.860376795547392,3.6983047017305615,5.087322235186105,-2.102893741603791,1442.5
1155,-1.1847213275813564,4.449503753775103,-1.8550078126788823,3.6969521616362915,5.085769718501331,-2.104517187688719,1443.75
1156,-1.1850173820517673,4.448737010393435,-1.853985692471329,3.6966946729902643,5.0854741546495825,-2.1146226002866935,1445.0
1157,-1.1850173806211983,4.448737003977592,-1.8539856956276473,3.696694676070542,5.085474148634967,-2.1339837382213007,1446.25
1158,-1.1850173784517428,4.448736994247974,-1.8539857004141997,3.6966946807417793,5.08547413951381,-2.163344876155883,1447.5
1159,-1.1850173755434006,4.448736981204583,-1.853985706830986,3.6966946870039754,5.085474127286112,-2.2027060140904404,1448.75
1160,-1.185017371833192,4.448736964786601,-1.85398571469155,3.6966946941482877,5.085474112500377,-2.252067151782206,1450.0
1161,-1.185017366907572,4.448736944594687,-1.853985722771548,3.6966946975201873,5.085474098758259,-2.3114282879034542,1451.25
1162,-1.1850173611521804,4.448736921001235,-1.8539857322127054,3.6966947014601175,5.085474082701139,-2.3807894240247056,1452.5
1163,-1.1850173611622976,4.448736896940708,-1.8539857537911062,3.696694743072575,5.085474081028046,-2.46015054523375,1453.75
1164,-1.185017361902379,4.448736870179849,-1.853985779305611,3.6966947941334527,5.0854740810594254,-2.549511662451272,1455.0
1165,-1.1850173626984375,4.448736840442576,-1.8539858077421636,3.696694851198129,5.085474081320145,-2.648872770006813,1456.25
1166,-1.1850173751430044,4.448736810532658,-1.8539858402742406,3.6966949131663096,5.085474068784096,-2.758233868565844,1457.5
1167,-1.1850173924033518,4.448736778784737,-1.8539858761748684,3.6966949805403337,5.085474051018155,-2.877594959584926,1458.75
1168,-1.1850174169896266,4.448736746939423,-1.8539859144366697,3.696695050244676,5.08547402589083,-3.0069560436440863,1460.0
1169,-1.1850174542765384,4.448736717338612,-1.8539859544651236,3.696695119236642,5.0854739880468,-3.1463171237669565,1461.25
1170,-1.1850174993954217,4.448736689221948,-1.8539859954986875,3.696695187636003,5.085473942378303,-3.2956782015479322,1462.5
1171,-1.1850175581645352,4.44873666666088,-1.8539860354307947,3.6966952491891885,5.085473883121168,-3.455039272506686,1463.75
1172,-1.185017626010474,4.44873665060377,-1.853986071930244,3.6966953006884844,5.085473814871687,-3.6213959489042673,1465.0
1173,-1.1850176957263434,4.448736641215575,-1.8539861026006994,3.696695339680606,5.085473744854949,-3.7797945510317645,1466.25
1174,-1.1850177650476497,4.448736642198012,-1.8539861231812012,3.69669535824691,5.085473675399548,-3.928193153159304,1467.5
1175,-1.1850178309007864,4.448736646050305,-1.8539861399265176,3.6966953701679204,5.085473609465728,-4.0665917552868835,1468.75
1176,-1.185017891728841,4.448736657553649,-1.8539861477579263,3.696695365620268,5.085473548690263,-4.194990357414532,1470.0
1177,-1.1850179477274407,4.448736670895274,-1.853986152322937,3.696695356045126,5.085473492784102,-4.313388959542214,1471.25
1178,-1.1850179975697404,4.4487366857337625,-1.8539861535377038,3.696695341718917,5.085473443071493,-4.421787561669921,1472.5
1179,-1.1850180400576718,4.44873670427247,-1.8539861489125355,3.6966953179726083,5.08547340078835,-4.520186163797643,1473.75
1180,-1.1850180782276638,4.4487367209271325,-1.853986144757406,3.696695296639576,5.085473362802334,-4.608584765925388,1475.0
1181,-1.185018110994837,4.448736736559008,-1.853986139907688,3.6966952757125213,5.08547333021445,-4.68698336805316,1476.25
1182,-1.1850181353201044,4.448736753580745,-1.853986131100881,3.6966952495683647,5.085473306108952,-4.755381970180916,1477.5
1183,-1.1850181560889737,4.448736768113872,-1.8539861235816446,3.6966952272465323,5.08547328552772,-4.813780572308668,1478.75
1184,-1.185018173301445,4.44873678015839,-1.8539861173499768,3.696695208747021,5.085473268470756,-4.86217917443637,1480.0
1185,-1.1850181869575183,4.448736789714298,-1.8539861124058805,3.696695194069833,5.0854732549380595,-4.900577776564074,1481.25
1186,-1.185018197057193,4.448736796781597,-1.853986108749356,3.6966951832149695,5.085473244929632,-4.9289763786917895,1482.5
1187,-1.1850182036004688,4.4487368013602895,-1.8539861063804037,3.6966951761824283,5.085473238445471,-4.94737498081949,1483.75
1188,-1.185427061057496,4.44766486957187,-1.8525488887256956,3.6963269982953246,5.085065101570298,-4.956738159654196,1485.0
1189,-1.1869845514107618,4.443581440829521,-1.8470739520921309,3.694924473282135,5.083510355835591,-4.95741849745716,1486.25
1190,-1.1875773579998945,4.442027210733727,-1.8449900911459576,3.6943906456710915,5.0829185917061706,-4.949108228951387,1487.5
1191,-1.1875773526102997,4.442027205900216,-1.8449900911958113,3.6943906431768525,5.082918592405419,-4.932065565569218,1488.75
1192,-1.1875773440582913,4.4420271982305835,-1.844990091274917,3.6943906392190873,5.0829185935149646,-4.905022902187059,1490.0
1193,-1.1875773323438699,4.442027187724827,-1.8449900913832757,3.6943906337977968,5.082918595034803,-4.867980238804897,1491.25
1194,-1.1875773174670345,4.442027174382947,-1.8449900915208866,3.6943906269129787,5.0829185969649355,-4.820937575422758,1492.5
1195,-1.1875772999967251,4.44202715858662,-1.8449900928185672,3.694390622717557,5.08291859435439,-4.763894924781029,1493.75
1196,-1.1875772795332784,4.442027140067729,-1.8449900944819533,3.6943906182942303,5.082918590681071,-4.696852275575673,1495.0
1197,-1.1875772495479981,4.442027123577199,-1.8449900977763485,3.6943906302042833,5.082918611166784,-4.619809637542128,1496.25
1198,-1.18757721234585,4.442027107408226,-1.844990102209053,3.6943906523933876,5.082918647008931,-4.532767004877557,1497.5
1199,-1.1875771708371123,4.442027089403026,-1.844990107229449,3.694390677471832,5.082918687244643,-4.43572438411581,1498.75
1200,-1.187577122570513,4.442027073854545,-1.8449901075014505,3.6943906947438023,5.082918734860014,-4.328681769995876,1500.0
1201,-1.1875770675433566,4.442027060767481,-1.8449901030145628,3.6943907041809227,5.082918789854439,-4.211639163921173,1501.25
1202,-1.1875770077667298,4.442027047991481,-1.8449900967441935,3.6943907115829493,5.082918849617558,-4.084596565642486,1502.5
1203,-1.1875769429563015,4.442027044218859,-1.8449900802053028,3.6943906997711986,5.082918914509868,-3.9475539727359332,1503.75
1204,-1.1875768739649175,4.442027041508385,-1.84499006134005,3.6943906846360486,5.082918983608706,-3.800511380569893,1505.0
1205,-1.1875768052671396,4.442027050777395,-1.8449900310112697,3.69439064608964,5.082919052604598,-3.6434687954702154,1506.25
1206,-1.1875767363868688,4.442027064906004,-1.8449899959378242,3.694390597955169,5.082919121861569,-3.47742770937536,1507.5
1207,-1.1875766774799386,4.442027087532777,-1.8449899557715181,3.6943905361042857,5.08291918126033,-3.3167144082088313,1508.75
1208,-1.1875766301624966,4.442027114293541,-1.8449899152254166,3.6943904695779866,5.0829192291109315,-3.166001107042221,1510.0
1209,-1.1875765927430222,4.442027144005302,-1.8449898749140927,3.694390400195828,5.082919267089539,-3.0252878058756165,1511.25
1210,-1.187576565872536,4.44202717504529,-1.844989836605646,3.6943903313344735,5.082919294517623,-2.8945745047089595,1512.5
1211,-1.1875765485168663,4.44202720696263,-1.8449898004130552,3.69439026357197,5.082919312424346,-2.7738612035422348,1513.75
1212,-1.1875765339926627,4.442027236567504,-1.844989767332702,3.6943902011854943,5.0829193274562625,-2.6631479023754845,1515.0
1213,-1.187576532987854,4.44202726640287,-1.8449897382389415,3.6943901423538827,5.082919328943138,-2.56243460120869,1516.25
1214,-1.1875765320828147,4.442027293275826,-1.8449897120339473,3.694390089363765,5.082919330282379,-2.4717213000419034,1517.5
1215,-1.1875765312775446,4.442027317186375,-1.8449896887177222,3.694390042215142,5.082919331473986,-2.3910079988751,1518.75
1216,-1.1875765396808686,4.442027338664689,-1.8449896706146476,3.69439000256767,5.082919323397885,-2.320294697708276,1520.0
1217,-1.1875765472475905,4.442027357126097,-1.8449896551614018,3.6943899685910826,5.082919316111677,-2.2595813965414635,1521.25
1218,-1.1875765535680087,4.442027372546752,-1.8449896422534353,3.694389940210729,5.082919310025569,-2.2088680953747057,1522.5
1219,-1.1875765586421232,4.442027384926654,-1.84498963189075,3.6943899174266113,5.082919305139563,-2.168154794207955,1523.75
1220,-1.1875765624699337,4.442027394265805,-1.8449896240733474,3.694389900238727,5.082919301453656,-2.1374414930411785,1525.0
1221,-1.1875765650514403,4.442027400564204,-1.8449896188012271,3.6943898886470774,5.082919298967852,-2.1167281918744183,1526.25
1222,-1.1877217502004693,4.44164206114556,-1.844470017526906,3.6942546067530886,5.082774383403428,-2.1055821912789487,1527.5
1223,-1.1891574238393117,4.437831536942607,-1.8393318829740093,3.692916909631532,5.081341375028146,-2.1025760206571396,1528.75
1224,-1.1901008311552814,4.435327567349273,-1.8359555200334217,3.6920378859245884,5.080399716698181,-2.109087951738632,1530.0
1225,-1.1901008300675162,4.435327562529599,-1.8359555223848714,3.6920378881282923,5.08039971225693,-2.123778715218279,1531.25
1226,-1.1901008282393088,4.435327554429174,-1.8359555263369531,3.692037891832058,5.080399704792521,-2.1484694786979306,1532.5
1227,-1.19010082567066,4.435327543047997,-1.835955531889666,3.6920378970358847,5.080399694304955,-2.1831602421775713,1533.75
1228,-1.1901008223615692,4.435327528386069,-1.8359555390430107,3.6920379037397724,5.080399680794229,-2.227851005657216,1535.0
1229,-1.1901008179734158,4.435327510121531,-1.8359555468091922,3.692037908211474,5.0803996672394875,-2.282541766210162,1536.25
1230,-1.1901008125969483,4.435327488340639,-1.835955555452935,3.692037911451213,5.080399652842336,-2.3472325252737933,1537.5
1231,-1.1901008094895706,4.435327464581432,-1.835955570533803,3.6920379326930046,5.080399643769172,-2.421923277061234,1538.75
1232,-1.1901008101887116,4.435327439532542,-1.8359555945814354,3.6920379806159613,5.080399643763911,-2.5066140195939277,1540.0
1233,-1.1901008109471978,4.435327411542671,-1.835955621529325,3.6920380344590376,5.0803996439553085,-2.6013047531184563,1541.25
1234,-1.1901008161493616,4.4353273816658225,-1.835955651813287,3.69203809376654,5.080399639388367,-2.7059954798776946,1542.5
1235,-1.190100832534076,4.4353273515321,-1.8359556861317157,3.692038157955196,5.0803996225236405,-2.8206861981000886,1543.75
1236,-1.1901008503491592,4.435327318772105,-1.835955723445699,3.692038227752559,5.08039960417299,-2.945376907072025,1545.0
1237,-1.1901008842730818,4.435327289771609,-1.8359557621213698,3.6920382948524755,5.080399569707316,-3.0800676105257465,1546.25
1238,-1.1901009225180101,4.435327259402065,-1.8359558034680872,3.6920383659150575,5.080399530884649,-3.2247583132967086,1547.5
1239,-1.1901009768708664,4.435327236345153,-1.835955842762133,3.692038427390572,5.080399476039888,-3.3794490102042047,1548.75
1240,-1.1901010378103003,4.435327214409128,-1.8359558830269465,3.692038488620454,5.08039941461278,-3.5440736843544287,1550.0
1241,-1.1901011087103792,4.435327204826665,-1.8359559144393829,3.6920385285296287,5.080399343403096,-3.707139363512025,1551.25
1242,-1.1901011768212975,4.435327199634053,-1.8359559407303832,3.692038558981251,5.080399275059642,-3.8602050426696914,1552.5
1243,-1.190101244069381,4.435327203530034,-1.8359559579515303,3.6920385713122843,5.080399207727869,-4.003270721827402,1553.75
1244,-1.1901013065188057,4.435327210064978,-1.8359559711193034,3.692038577029932,5.080399145247895,-4.136336400985153,1555.0
1245,-1.190101364018213,4.435327223728035,-1.8359559758396162,3.692038567265546,5.080399087844001,-4.259402080142947,1556.25
1246,-1.1901014168453696,4.435327236280864,-1.8359559801763614,3.692038558294586,5.080399035104598,-4.372467759300806,1557.5
1247,-1.1901014614067802,4.43532725433109,-1.8359559766095637,3.692038536061294,5.0803989907378675,-4.475533438458665,1558.75
1248,-1.1901015011037894,4.435327271624409,-1.8359559722571002,3.692038513869851,5.080398951233909,-4.5685991176165635,1560.0
1249,-1.1901015365353167,4.435327287059539,-1.8359559683723092,3.6920384940629,5.0803989159746905,-4.651664796774442,1561.25
1250,-1.1901015637938026,4.435327303739425,-1.835955960730753,3.6920384693799697,5.080398888926468,-4.724730475932363,1562.5
1251,-1.1901015859497017,4.435327319225859,-1.835955952651885,3.692038445526144,5.080398866972663,-4.787796155090279,1563.75
1252,-1.1901016045924544,4.435327332256688,-1.8359559458540395,3.6920384254546974,5.080398848499961,-4.84086183424814,1565.0
1253,-1.1901016197220604,4.435327342831911,-1.8359559403372172,3.6920384091656278,5.080398833508358,-4.883927513405965,1566.25
1254,-1.1901016313385195,4.435327350951531,-1.8359559361014204,3.692038396658937,5.080398821997859,-4.916993192563815,1567.5
1255,-1.1901016394418316,4.435327356615549,-1.8359559331466484,3.6920383879346246,5.080398813968461,-4.940058871721677,1568.75
1256,-1.190112515757311,4.43529814755237,-1.8359163200325788,3.692027907951778,5.080387958924826,-4.953161469225234,1570.0
1257,-1.1912879779940395,4.432139687877127,-1.8316334913823884,3.6908953355952576,5.0792147920981385,-4.958398012826227,1571.25
1258,-1.1925552729970785,4.4287344623008975,-1.827016055846123,3.6896742793868498,5.077949970601951,-4.953841168816717,1572.5
1259,-1.192591813229326,4.428636264775189,-1.8268829061490957,3.6896390668018237,5.0779134984190115,-4.941415102953601,1573.75
1260,-1.1925918062362038,4.428636258514605,-1.8268829061788587,3.689639063439697,5.077913499466407,-4.919111336314179,1575.0
1261,-1.1925917961076822,4.4286362494470595,-1.8268829062219667,3.6896390585701457,5.077913500983406,-4.886807569674739,1576.25
1262,-1.192591782843761,4.42863623757255,-1.826882906278419,3.6896390521931677,5.077913502970011,-4.844503803035336,1577.5
1263,-1.1925917666999724,4.428636223059899,-1.8268829068487307,3.689639046134241,5.077913503179528,-4.792200043711935,1578.75
1264,-1.192591747845063,4.428636206020586,-1.8268829082634297,3.6896390415988676,5.077913500128295,-4.729896294262385,1580.0
1265,-1.192591724142794,4.428636187620678,-1.8268829103301152,3.689639041276118,5.077913503523386,-4.657592548163419,1581.25
1266,-1.1925916893919508,4.4286361725399495,-1.8268829144957544,3.6896390619899004,5.077913536983858,-4.575288815303056,1582.5
1267,-1.1925916504031786,4.428636155637756,-1.826882919207173,3.689639085390986,5.077913574643793,-4.4829850885989995,1583.75
1268,-1.1925916068997744,4.428636137392105,-1.8268829238856226,3.689639110357713,5.077913616884628,-4.3806813688507,1585.0
1269,-1.1925915547387633,4.4286361250186586,-1.8268829196035483,3.6896391192485116,5.077913669010698,-4.268377660072895,1586.25
1270,-1.192591497931983,4.428636111542297,-1.8268829149366974,3.689639128917848,5.077913725788351,-4.146073959009443,1587.5
1271,-1.1925914362395365,4.428636104276083,-1.8268829026909246,3.6896391248553924,5.077913787523709,-4.013770263966088,1588.75
1272,-1.192591369753222,4.4286361004406265,-1.8268828856025867,3.689639112583124,5.077913854095045,-3.871466571073752,1590.0
1273,-1.1925913019888568,4.428636104611893,-1.8268828603318534,3.689639084164468,5.077913922076247,-3.7191628824297664,1591.25
1274,-1.1925912318457788,4.4286361141060375,-1.826882829142758,3.689639044555923,5.0779139925273045,-3.556859200227066,1592.5
1275,-1.1925911701709695,4.428636134968815,-1.826882789554,3.689638985083523,5.0779140546764685,-3.391657638901407,1593.75
1276,-1.1925911147357846,4.4286361572057045,-1.826882750583006,3.689638924765231,5.077914110594692,-3.2362087727363513,1595.0
1277,-1.1925910765221466,4.42863618755127,-1.8268827091216449,3.6896388536124975,5.077914149385448,-3.090759906571305,1596.25
1278,-1.1925910414074123,4.428636216015772,-1.8268826704589587,3.6896387870880334,5.077914185039926,-2.9553110404061482,1597.5
1279,-1.1925910235868593,4.428636248778204,-1.8268826330329004,3.6896387172553946,5.077914203432193,-2.829862174240994,1598.75
1280,-1.1925910071868495,4.428636278929012,-1.8268825985902069,3.6896386529893768,5.077914220358343,-2.7144133080757813,1600.0
1281,-1.1925910007536487,4.428636308496417,-1.8268825678350076,3.6896385928436324,5.077914227286351,-2.6089644419110116,1601.25
1282,-1.1925909998114568,4.428636336418214,-1.8268825403985431,3.6896385375756324,5.07791422868456,-2.513515575746129,1602.5
1283,-1.1925909989679768,4.428636361414693,-1.8268825158365405,3.689638488097958,5.077914229936281,-2.4280667095811697,1603.75
1284,-1.1925910029309779,4.428636383757408,-1.8268824953589473,3.6896384452793436,5.077914226327841,-2.3526178434161227,1605.0
1285,-1.1925910109884978,4.428636403405294,-1.8268824787827822,3.68963840898841,5.077914218572094,-2.2871689772508415,1606.25
1286,-1.1925910178149008,4.428636420051159,-1.8268824647393056,3.689638378242406,5.077914212001354,-2.23172011108544,1607.5
1287,-1.1925910234101873,4.428636433695001,-1.8268824532285162,3.689638353041331,5.077914206615625,-2.1862712449199084,1608.75
1288,-1.1925910277743568,4.4286364443368225,-1.8268824442504168,3.6896383333851848,5.077914202414903,-2.1508223787543788,1610.0
1289,-1.1925910309074095,4.428636451976624,-1.8268824378050075,3.689638319273968,5.077914199399191,-2.125373512588923,1611.25
1290,-1.1925910328093452,4.428636456614405,-1.8268824338922884,3.689638310707681,5.077914197568487,-2.1099246464234844,1612.5
1291,-1.1933847535958786,4.42647732660436,-1.8239384372134682,3.688847941441453,5.077122104888312,-2.102819324760783,1613.75
1292,-1.1948285592878394,4.422549784751683,-1.818583202094972,3.687410237877408,5.075681259768937,-2.1050378922937374,1615.0
1293,-1.1950476900226816,4.42195368453894,-1.817770420740613,3.6871920339914923,5.075462574642893,-2.1155535013209876,1616.25
1294,-1.1950476885477586,4.4219536780805715,-1.81777042386828,3.6871920368061484,5.07546256879334,-2.1354382544768495,1617.5
1295,-1.1950476863311,4.421953668374304,-1.8177704285688439,3.687192041036288,5.0754625600020615,-2.1653230076327437,1618.75
1296,-1.1950476833727057,4.421953655420134,-1.8177704348423052,3.6871920466819126,5.075462548269055,-2.2052077607886984,1620.0
1297,-1.1950476795836475,4.421953639134712,-1.8177704424326984,3.6871920527819317,5.075462534384622,-2.25509251264873,1621.25
1298,-1.1950476746008651,4.421953619177726,-1.817770450295017,3.6871920554125865,5.075462521575259,-2.314977258716164,1622.5
1299,-1.1950476687860205,4.4219535958881755,-1.8177704594702437,3.6871920584825273,5.075462506626894,-2.384862004783431,1623.75
1300,-1.1950476691469305,4.421953572427087,-1.817770481567116,3.687192101666099,5.075462505954006,-2.464746734930622,1625.0
1301,-1.1950476698729435,4.421953546182571,-1.8177705069932708,3.6871921521978184,5.0754625060285985,-2.554631461255122,1626.25
1302,-1.1950476706564603,4.421953517035953,-1.8177705353122282,3.687192208624774,5.075462506311325,-2.6545161783896414,1627.5
1303,-1.1950476836172341,4.421953487903179,-1.8177705677617917,3.6871922698031208,5.0754624931749905,-2.7644008858992972,1628.75
1304,-1.1950477005410474,4.4219534567941,-1.8177706034641623,3.6871923363490726,5.075462475741735,-2.8842855859429717,1630.0
1305,-1.1950477254673293,4.421953425953103,-1.8177706414084969,3.6871924047261153,5.075462450274293,-3.0141702791417386,1631.25
1306,-1.1950477619995405,4.421953396945255,-1.8177706811899124,3.6871924728914953,5.0754624131844635,-3.1540549686983805,1632.5
1307,-1.1950478069810238,4.4219533699392315,-1.8177707216705778,3.6871925396324707,5.075462367660364,-3.303939655628706,1633.75
1308,-1.1950478645312193,4.4219533478110815,-1.8177707613373082,3.687192600506034,5.075462309621626,-3.463824335836214,1635.0
1309,-1.1950479313203748,4.4219533327889025,-1.8177707969703945,3.687192650121058,5.075462242439764,-3.630099261985222,1636.25
1310,-1.1950479991372618,4.421953323598148,-1.8177708272352362,3.687192688536898,5.075462174323244,-3.787967698420033,1637.5
1311,-1.1950480668304098,4.421953325159568,-1.8177708469680052,3.6871927056994793,5.075462106506491,-3.9358361348549282,1638.75
1312,-1.1950481308574559,4.421953328838104,-1.8177708634834275,3.6871927175881978,5.075462042398525,-4.073704571289968,1640.0
1313,-1.1950481899611072,4.42195334051746,-1.817770870644715,3.6871927122173185,5.075461983355584,-4.201573007725078,1641.25
1314,-1.195048244370536,4.421953353414533,-1.817770875143553,3.687192703039818,5.075461929037113,-4.319441444160289,1642.5
1315,-1.1950482925536314,4.42195336817697,-1.8177708758667988,3.687192688319592,5.0754618809891845,-4.427309880595582,1643.75
1316,-1.1950483337972502,4.421953386115518,-1.8177708713113432,3.687192665257008,5.07546183994794,-4.52517831703098,1645.0
1317,-1.1950483708266804,4.421953402221136,-1.8177708672213488,3.6871926445509113,5.0754618031002074,-4.613046753466487,1646.25
1318,-1.1950484022988657,4.421953417560269,-1.8177708621343298,3.687192623695357,5.07546177180943,-4.690915189902091,1647.5
1319,-1.1950484258550131,4.4219534340059,-1.8177708534817252,3.6871925982891804,5.075461748470218,-4.758783626337849,1648.75
1320,-1.195048445940306,4.421953448028366,-1.8177708461040287,3.687192576626449,5.075461728569897,-4.816652062773785,1650.0
1321,-1.195048462554745,4.421953459627667,-1.8177708400012376,3.687192558707161,5.0754617121084635,-4.864520499209836,1651.25
1322,-1.195048475698329,4.421953468803804,-1.8177708351733552,3.687192544531318,5.075461699085922,-4.9023889356459405,1652.5
1323,-1.1950484853710586,4.42195347555678,-1.8177708316203827,3.687192534098921,5.075461689502271,-4.930257372081957,1653.75
1324,-1.1950484915729334,4.421953479886593,-1.817770829342319,3.687192527409969,5.075461683357511,-4.948125808517943,1655.0
1325,-1.1954958914519034,4.420721345210498,-1.816081598434276,3.6867323498609665,5.075015246247012,-4.95709898010004,1656.25
1326,-1.1969710043128654,4.416658864416979,-1.8105120355184732,3.685215107953177,5.073543307344786,-4.957320197221579,1657.5
1327,-1.1974723911669107,4.415278028327649,-1.808618945987839,3.6846993976457316,5.073042997185301,-4.948687349074536,1658.75
1328,-1.1974723857480185,4.415278023484564,-1.8086189459853783,3.684699394949789,5.073042998102975,-4.931255543394306,1660.0
1329,-1.197472377220503,4.4152780158631755,-1.808618945981506,3.684699390707281,5.073042999547087,-4.903823737714044,1661.25
1330,-1.1974723655843638,4.415278005463483,-1.8086189459762223,3.6846993849182073,5.073043001517634,-4.866391932033734,1662.5
1331,-1.1974723508396008,4.415277992285487,-1.8086189459695265,3.6846993775825676,5.073043004014619,-4.818960126353448,1663.75
1332,-1.1974723335712345,4.415277976710337,-1.8086189470917582,3.6846993727939568,5.073043001841527,-4.761528337689271,1665.0
1333,-1.1974723133377705,4.415277958450394,-1.8086189484898914,3.6846993674630877,5.073042998919978,-4.694096550130148,1666.25
1334,-1.1974722835208575,4.415277942543121,-1.8086189517583544,3.6846993797548215,5.073043020566404,-4.616664774447315,1667.5
1335,-1.197472247046825,4.415277926738886,-1.8086189561585364,3.684699401486132,5.073043055668133,-4.529233003629448,1668.75
1336,-1.197472206370123,4.415277909149722,-1.8086189611442958,3.6846994260541903,5.073043095052158,-4.43180124514957,1670.0
1337,-1.1974721589128867,4.41527789427984,-1.808618961035699,3.6846994421702495,5.073043141898685,-4.324369493426856,1671.25
1338,-1.1974721050218262,4.415277881526021,-1.8086189565783164,3.6846994512913773,5.073043195755907,-4.206937749689793,1672.5
1339,-1.1974720464805086,4.415277869507222,-1.8086189499305996,3.6846994575452876,5.073043254286794,-4.079506013673927,1673.75
1340,-1.1974719830373963,4.415277865875312,-1.8086189335044869,3.68469944568877,5.073043317812584,-3.9420742828712703,1675.0
1341,-1.1974719157200244,4.415277863787133,-1.8086189143452707,3.684699429617477,5.073043385245974,-3.794642553108068,1676.25
1342,-1.1974718484945195,4.415277872907067,-1.8086188842333437,3.6846993914169315,5.073043452770129,-3.637210830326194,1677.5
1343,-1.1974717816525593,4.415277887267381,-1.8086188491072253,3.684699342970216,5.0730435199960535,-3.4710444020935816,1678.75
1344,-1.1974717242907196,4.415277909325603,-1.8086188094241402,3.6846992821474007,5.0730435778474785,-3.3107268672584924,1680.0
1345,-1.1974716788014517,4.415277935795091,-1.8086187691582245,3.6846992161645433,5.073043623872545,-3.1604093324232645,1681.25
1346,-1.1974716423747462,4.415277964715279,-1.8086187293454956,3.6846991480550386,5.073043660855259,-3.0200917975879764,1682.5
1347,-1.1974716168307906,4.4152779951757735,-1.8086186914513886,3.6846990801650055,5.073043686956444,-2.8897742627525353,1683.75
1348,-1.1974715999416978,4.415278026208348,-1.8086186557228976,3.6846990137404227,5.073043704393004,-2.769456727917057,1685.0
1349,-1.1974715863548353,4.415278055111191,-1.8086186231214785,3.684698952517456,5.073043718485016,-2.659139193081455,1686.25
1350,-1.1974715853749356,4.415278084087298,-1.8086185944193456,3.684698894931895,5.073043719943352,-2.5588216582457832,1687.5
1351,-1.1974715844927157,4.415278110174961,-1.8086185685783365,3.6846988430866614,5.073043721256317,-2.4685041234100096,1688.75
1352,-1.1974715837081757,4.415278133374184,-1.8086185455984545,3.684698796981756,5.073043722423908,-2.388186588574116,1690.0
1353,-1.197471592246082,4.415278154213002,-1.8086185278680025,3.684698758340712,5.073043714209613,-2.317869053738063,1691.25
1354,-1.1974715995822856,4.415278172089002,-1.8086185126622678,3.6846987251972223,5.073043707150983,-2.257551518901862,1692.5
1355,-1.1974716057022254,4.415278187001352,-1.8086184999774786,3.684698697548568,5.0730437012625975,-2.2072339840655255,1693.75
1356,-1.1974716106059016,4.415278198950053,-1.8086184898136364,3.684698675394748,5.073043696544458,-2.166916449229116,1695.0
1357,-1.197471614293314,4.4152782079351045,-1.8086184821707427,3.6846986587357633,5.073043692996562,-2.136598914392767,1696.25
1358,-1.1974716167644623,4.415278213956508,-1.8086184770487972,3.6846986475716133,5.073043690618913,-2.116281379556463,1697.5
1359,-1.197639990527138,4.414808757407099,-1.8079713772136434,3.684519852223881,5.07287569655607,-2.105438534778305,1698.75
1360,-1.1990170645651037,4.410969170923568,-1.8026789404153971,3.6830575794960523,5.071501727492843,-2.1027587184207692,1700.0
1361,-1.1998633028671497,4.408609667050097,-1.7994266356514803,3.682158986096572,5.070657394879154,-2.109508699694098,1701.25
1362,-1.1998633017568407,4.40860966224387,-1.7994266379637167,3.682158988094285,5.070657390600599,-2.1244568475551873,1702.5
1363,-1.1998632999037584,4.408609654222375,-1.7994266418227913,3.6821589914284267,5.07065738345978,-2.1494049954162806,1703.75
1364,-1.199863297307902,4.408609642985613,-1.7994266472287044,3.682158996098996,5.070657373456696,-2.184353143277434,1705.0
1365,-1.1998632939692722,4.408609628533586,-1.7994266541814552,3.682159002105994,5.0706573605913485,-2.2293012911385777,1706.25
1366,-1.1998632895377508,4.408609610542124,-1.7994266616854642,3.68215900573509,5.070657348006535,-2.284249434225621,1707.5
1367,-1.1998632841296815,4.408609589118949,-1.7994266700715622,3.6821590082205518,5.070657334657908,-2.3491975751642977,1708.75
1368,-1.1998632811808565,4.4086095658933315,-1.7994266852384997,3.682159029771501,5.070657326671,-2.4241457083523037,1710.0
1369,-1.1998632818664403,4.408609541399344,-1.799426709145995,3.6821590770574146,5.070657326693563,-2.5090938326864163,1711.25
1370,-1.1998632826104294,4.408609514039856,-1.7994267359323046,3.6821591301827254,5.0706573269122694,-2.6040419475240375,1712.5
1371,-1.1998632880735962,4.408609484928103,-1.7994267660599066,3.6821591886445444,5.070657322045084,-2.708990055557544,1713.75
1372,-1.1998633041085665,4.408609455471622,-1.799426800137221,3.6821592519236734,5.070657305527786,-2.823938155100676,1715.0
1373,-1.199863321540198,4.408609423453585,-1.7994268371821733,3.6821593207188115,5.070657287558494,-2.948886245584841,1716.25
1374,-1.1998633551306717,4.408609395275751,-1.7994268755267098,3.6821593866703184,5.070657253427524,-3.083834330305482,1717.5
1375,-1.1998633925370201,4.408609365585167,-1.7994269165628491,3.6821594567579723,5.070657215443971,-3.2287824144721937,1718.75
1376,-1.19986344607501,4.408609343294897,-1.799426955414492,3.682159517037726,5.070657161417981,-3.3837304926291316,1720.0
1377,-1.1998635059503786,4.408609322178416,-1.7994269951137323,3.6821595768993056,5.070657101060285,-3.548576173151468,1721.25
1378,-1.19986357510808,4.408609312788852,-1.7994270262072067,3.682159616320549,5.070657031593438,-3.711500472058765,1722.5
1379,-1.199863641683713,4.40860930802541,-1.7994270519326925,3.6821596457987615,5.0706569647908655,-3.864424770966147,1723.75
1380,-1.1998637072699228,4.408609311767261,-1.7994270689764393,3.6821596581275178,5.07065689912049,-4.007349069873648,1725.0
1381,-1.1998637681605637,4.408609318398023,-1.7994270816937075,3.6821596633189984,5.070656838203883,-4.140273368781246,1726.25
1382,-1.1998638242289725,4.408609331658086,-1.7994270863639983,3.6821596539242143,5.070656782229809,-4.263197667688965,1727.5
1383,-1.199863875736169,4.4086093438394265,-1.7994270906543492,3.682159645293701,5.070656730809273,-4.376121966596754,1728.75
1384,-1.1998639190382907,4.40860936163478,-1.799427086827753,3.6821596230702363,5.070656687704867,-4.47904626550461,1730.0
1385,-1.1998639577322225,4.408609378437696,-1.7994270825214778,3.682159601425954,5.070656649202507,-4.571970564412611,1731.25
1386,-1.199863992262128,4.408609393432372,-1.7994270786786162,3.682159582110908,5.070656614843559,-4.654894863320676,1732.5
1387,-1.1998640185943519,4.408609409820473,-1.799427070874135,3.6821595575674286,5.070656588723569,-4.727819162228901,1733.75
1388,-1.1998640401742002,4.40860942486733,-1.7994270628876363,3.6821595342508266,5.070656567344368,-4.790743461137301,1735.0
1389,-1.1998640583245554,4.408609437522921,-1.7994270561703585,3.682159514639724,5.070656549362773,-4.8436677600458555,1736.25
1390,-1.1998640730454175,4.408609447787249,-1.7994270507223031,3.682159498734123,5.070656534778784,-4.886592058954463,1737.5
1391,-1.1998640843367854,4.408609455660314,-1.7994270465434716,3.6821594865340206,5.070656523592403,-4.919516357863066,1738.75
1392,-1.1998640921986596,4.408609461142117,-1.7994270436338646,3.68215947803942,5.070656515803628,-4.942440656771597,1740.0
1393,-1.1998640966310399,4.408609464232655,-1.7994270419934815,3.6821594732503207,5.070656511412459,-4.955364955680137,1741.25
1394,-1.1998640977078068,4.408609464983447,-1.7994270415949798,3.682159472086895,5.070656510345704,-4.958504681339745,1742.240537362
