,shoulder_pan_joint,shoulder_lift_joint,elbow_joint,wrist_1_joint,wrist_2_joint,wrist_3_joint,time_from_start
0,-1.1744611899005335,-1.8048885504352015,-1.8871000448810022,-2.5827553907977503,-1.1870206038104456,1.888474941253662,0.0
1,-1.1744610845076082,-1.8048886276791827,-1.8871000344408455,-2.582755771391704,-1.1870204481841844,1.8934749412536622,1.25
2,-1.1744607683288328,-1.8048888594111265,-1.8871000031203762,-2.582756913173567,-1.1870199813054005,1.9084749412536621,2.5
3,-1.1744602413642071,-1.804889245631033,-1.8870999509195934,-2.5827588161433375,-1.1870192031740947,1.9334749412536625,3.75
4,-1.1744595036137309,-1.8048897863389017,-1.887099877838497,-2.5827614803010164,-1.1870181137902662,1.9684749412536622,5.0
5,-1.1744585550774045,-1.8048904815347329,-1.8870997838770882,-2.5827649056466035,-1.187016713153915,2.0134749412536617,6.25
6,-1.1744574320343337,-1.80489132848468,-1.8870996693130608,-2.582769117209112,-1.1870153047070304,2.0684749370026143,7.5
7,-1.1744562467421649,-1.80489231872949,-1.8870995350056765,-2.58277419243547,-1.1870148273838521,2.133474917527808,8.75
8,-1.1744548790973002,-1.8048934613197012,-1.8870993800356113,-2.5827800484661165,-1.1870142766263168,2.208474898053002,10.0
9,-1.1744534631592674,-1.8048947144013905,-1.8870993090021613,-2.5827863557876216,-1.1870147794563184,2.2934748661781272,11.25
10,-1.174451911408758,-1.804896105298453,-1.8870992536188307,-2.582793329519308,-1.1870156001100827,2.3884748316507043,12.5
11,-1.1744503791013345,-1.8048975656476154,-1.8870993999034504,-2.5828003236896206,-1.1870180473890524,2.4934747898432095,13.75
12,-1.174448787265955,-1.8048991161139512,-1.8870996992551683,-2.5828074793712146,-1.1870214581120597,2.6084747473321643,15.0
13,-1.1744471827832275,-1.804900726991984,-1.8871002374044652,-2.582814481058783,-1.1870262291149716,2.7334747033638807,16.25
14,-1.1744456299121646,-1.8049023294178692,-1.8871012236731044,-2.5828205221923835,-1.1870329094092074,2.8684746504487606,17.5
15,-1.1744441079101953,-1.804903901549136,-1.8871027342554334,-2.5828252773431837,-1.187041329717252,3.0134745902995457,18.75
16,-1.1744426130039596,-1.804905406770202,-1.887104889500285,-2.5828282534062375,-1.1870514651296677,3.168474522981456,20.0
17,-1.1744411355058424,-1.804906796658904,-1.887107849691656,-2.5828287902853115,-1.1870632434820638,3.3334744486736607,21.25
18,-1.1744396454674146,-1.804908024477636,-1.887111774466745,-2.582826215900565,-1.1870764231262925,3.508474368529982,22.5
19,-1.1744380922370354,-1.8049090491553885,-1.8871168099389997,-2.582819898337991,-1.1870905885244736,3.693474284008111,23.75
20,-1.1744364053727077,-1.8049098391589413,-1.8871230758568132,-2.582809298831157,-1.18710515717944,3.888474194182775,25.0
21,-1.1744363055834688,-1.8049098555561989,-1.887123597841435,-2.5828077865041523,-1.1871053304407948,3.697204641213568,26.25
22,-1.174436315330205,-1.8049098802773123,-1.8871237763194664,-2.5828071879414685,-1.1871052796695476,3.4878843290354604,27.5
23,-1.174436353713506,-1.8049099321689224,-1.8871238395104148,-2.582807070441748,-1.1871053438591983,3.2849888268982297,28.75
24,-1.174436406632899,-1.8049099737533356,-1.8871238956104177,-2.582806974805487,-1.1871053976497628,3.0920933247609916,30.0
25,-1.1744364702118537,-1.8049100037680939,-1.8871239441627836,-2.5828068975971976,-1.1871054618091268,2.909197822623759,31.25
26,-1.1744365367846648,-1.8049100270598994,-1.8871239872813792,-2.5828068322428153,-1.1871055288628187,2.73630232048653,32.5
27,-1.1744366102808894,-1.8049100366600777,-1.8871240193327794,-2.5828067917140145,-1.1871056026693738,2.573406818349304,33.75
28,-1.174436680978777,-1.8049100415218655,-1.8871240459437826,-2.582806761309081,-1.1871056735966117,2.4205113162120826,35.0
29,-1.1744367506809605,-1.804910037280309,-1.887124063460901,-2.5828067490611555,-1.1871057433816259,2.277615814074863,36.25
30,-1.1744368153972464,-1.8049100301447603,-1.8871240766394468,-2.582806743963091,-1.1871058081241574,2.1447203119376477,37.5
31,-1.1744368749849392,-1.804910015901611,-1.887124081369001,-2.582806754324655,-1.1871058676144461,2.0218248098004334,38.75
32,-1.1744369297239876,-1.8049100028174316,-1.8871240857137035,-2.5828067638431023,-1.1871059222640157,1.908929307663222,40.0
33,-1.1744369758122288,-1.8049099839705616,-1.8871240818152555,-2.5828067872217577,-1.1871059681528766,1.8060338055260143,41.25
34,-1.1744370169337355,-1.8049099660676835,-1.887124077287897,-2.582806810213952,-1.1871060090792696,1.7131383033888046,42.5
35,-1.1744370536286017,-1.804909950092014,-1.8871240732478953,-2.5828068307310876,-1.1871060456000257,1.6302428012515957,43.75
36,-1.1744370817451535,-1.8049099327881137,-1.887124065266539,-2.582806856386015,-1.1871060735029693,1.5573472991143857,45.0
37,-1.1744371046769373,-1.8049099168169522,-1.887124056963827,-2.582806880956047,-1.1871060962311,1.4944517969771778,46.25
38,-1.1744371239627083,-1.8049099033851093,-1.8871240499811934,-2.5828069016195947,-1.1871061153455977,1.4415562948399687,47.5
39,-1.1744371396024662,-1.8049098924925842,-1.8871240443186392,-2.582806918376658,-1.187106130846462,1.398660792702759,48.75
40,-1.1744371515962106,-1.8049098841393754,-1.8871240399761662,-2.5828069312272364,-1.1871061427336929,1.3657652905655502,50.0
41,-1.1744371599439418,-1.8049098783254829,-1.887124036953774,-2.58280694017133,-1.1871061510072893,1.3428697884283405,51.25
42,-1.1744558850455793,-1.8049567252017513,-1.8870628723339125,-2.5828213947789176,-1.1871248500448837,1.3299175258347817,52.5
43,-1.1757759206072889,-1.8082602787423419,-1.8827500795079595,-2.583840280504744,-1.1884430506887023,1.3249191470295925,53.75
44,-1.1771179253861914,-1.8116188241829374,-1.8783654989064613,-2.5848761247346412,-1.1897831914601544,1.3297440873973712,55.0
45,-1.177142835145709,-1.8116811780320083,-1.8782841008501718,-2.5848953565091457,-1.1898080703861094,1.3425276505275252,56.25
46,-1.1771428278513765,-1.8116811845756244,-1.8782841010458322,-2.584895359546674,-1.1898080698376168,1.3652351716379965,57.5
47,-1.177142817344746,-1.8116811940009359,-1.878284101327658,-2.5848953639218775,-1.189808069047578,1.3979426927484693,58.75
48,-1.1771428036258171,-1.8116812063079424,-1.8782841016956495,-2.5848953696347556,-1.1898080680159921,1.4406502138589385,60.0
49,-1.1771427869803286,-1.811681221293385,-1.8782841027459805,-2.584895374467666,-1.1898080691784616,1.4933577321485376,61.25
50,-1.1771427675353212,-1.8116812388668948,-1.8782841047437144,-2.584895377434631,-1.1898080736178713,1.5560652472282084,62.5
51,-1.1771427426504482,-1.8116812575931516,-1.878284107443668,-2.5848953752239874,-1.1898080697504139,1.628772758375642,63.75
52,-1.1771427064131594,-1.8116812733019318,-1.8782841118156266,-2.584895353551458,-1.1898080347879343,1.7114802571328935,65.0
53,-1.1771426657753508,-1.8116812908988913,-1.8782841167571203,-2.584895329078332,-1.1898079954394611,1.804187749450484,66.25
54,-1.1771426202684554,-1.8116813095773747,-1.8782841212772659,-2.5848953037598768,-1.1898079511002693,1.9068952350125594,67.5
55,-1.1771425659533945,-1.8116813225347481,-1.8782841169663484,-2.5848952942879566,-1.1898078968178454,2.019602710084156,68.75
56,-1.1771425068180332,-1.8116813366430446,-1.8782841122690623,-2.5848952839905346,-1.1898078377089962,2.1423101771505353,70.0
57,-1.1771424425995909,-1.8116813439081931,-1.878284099354322,-2.5848952886910626,-1.1898077734431194,2.275017638454298,71.25
58,-1.177142373422417,-1.8116813480917948,-1.8782840819096276,-2.584895300935069,-1.1898077041816162,2.4177250978123563,72.5
59,-1.1771423031484192,-1.8116813434871586,-1.8782840556161808,-2.5848953307725244,-1.1898076336821306,2.5704325525708964,73.75
60,-1.1771422301938759,-1.8116813339288917,-1.878284023694217,-2.584895371136777,-1.189807560417941,2.733140000872013,75.0
61,-1.1771421667997526,-1.811681312149719,-1.878283982910524,-2.584895432691386,-1.1898074965401313,2.8980578089304725,76.25
62,-1.1771421100539927,-1.811681289076219,-1.8782839429393565,-2.584895494823312,-1.1898074393044216,3.0531134697186006,77.5
63,-1.1771420705181304,-1.8116812580580124,-1.878283900623416,-2.584895567478861,-1.1898073991893,3.198169130506732,78.75
64,-1.1771420348495523,-1.8116812286815174,-1.8782838610985635,-2.5848956357640125,-1.1898073629759542,3.3332247912948656,80.0
65,-1.17714201642305,-1.811681195128506,-1.8782838228872984,-2.584895707157473,-1.1898073439754326,3.458280452082999,81.25
66,-1.1771419994700125,-1.8116811642585484,-1.8782837877315672,-2.584895772841998,-1.1898073264942768,3.5733361128711323,82.5
67,-1.1771419934104546,-1.8116811338234573,-1.8782837563815844,-2.5848958344497173,-1.189807319937057,3.6783917736592677,83.75
68,-1.177141992440969,-1.8116811052082737,-1.8782837283751672,-2.584895890975122,-1.1898073185098812,3.7734474344474047,85.0
69,-1.1771419915734747,-1.811681079603456,-1.8782837033150628,-2.5848959415539685,-1.1898073172328465,3.858503095235542,86.25
70,-1.1771419960857892,-1.8116810566898476,-1.878283682532147,-2.5848959852523885,-1.1898073213900904,3.9335587560236815,87.5
71,-1.1771420043982377,-1.811681036562972,-1.878283665628084,-2.5848960223498922,-1.1898073294000464,3.9986144168118223,88.75
72,-1.177142011432942,-1.811681019529891,-1.87828365132242,-2.5848960537449712,-1.1898073361787558,4.0536700775999615,90.0
73,-1.1771420171899023,-1.811681005590605,-1.8782836396151534,-2.5848960794376246,-1.189807341726219,4.098725738388098,91.25
74,-1.1771420216691186,-1.8116809947451111,-1.8782836305062878,-2.5848960994278527,-1.1898073460424352,4.133781399176234,92.5
75,-1.1771420248705908,-1.8116809869934096,-1.8782836239958232,-2.5848961137156556,-1.189807349127405,4.158837059964371,93.75
76,-1.177142026794319,-1.8116809823355007,-1.8782836200837592,-2.584896122301034,-1.1898073509811282,4.173892720752509,95.0
77,-1.1780860845994516,-1.8140726362952282,-1.8751424589769434,-2.5856524803662606,-1.1907500149593506,4.180635748746678,96.25
78,-1.1796287594741213,-1.8179808210944401,-1.8700095188323238,-2.5868884317046725,-1.192290413421313,4.177910618910032,97.5
79,-1.1798098314163192,-1.8184395510297129,-1.8694070375917589,-2.587033500656508,-1.1924712223838208,4.166916951469211,98.75
80,-1.1798098299134359,-1.8184395578427932,-1.8694070410644605,-2.587033497129286,-1.192471229004109,4.146410263695368,100.0
81,-1.179809827677678,-1.8184395679782432,-1.8694070462306107,-2.5870334918820292,-1.192471238852753,4.115903575921529,101.25
82,-1.1798098247090454,-1.8184395814360639,-1.8694070530902092,-2.5870334849147376,-1.1924712519297527,4.07539688814769,102.5
83,-1.1798098208883363,-1.8184395983363153,-1.869407061278688,-2.58703347762016,-1.1924712672072744,4.02489020339623,103.75
84,-1.179809815907178,-1.8184396189895948,-1.869407069852917,-2.5870334736013065,-1.1924712820263335,3.96438352784891,105.0
85,-1.1798098102302828,-1.818439642999124,-1.8694070800516172,-2.587033468203636,-1.1924712989513873,3.893876852640751,106.25
86,-1.1798098109120878,-1.8184396672035836,-1.8694071033496096,-2.5870334218894384,-1.1924712989960058,3.813370193405146,107.5
87,-1.179809811667948,-1.8184396944077503,-1.8694071295663033,-2.5870333697142165,-1.1924712989576003,3.722863537967114,108.75
88,-1.1798098124830445,-1.8184397246021367,-1.8694071587362282,-2.5870333115272173,-1.1924712987127557,3.6223568907124353,110.0
89,-1.1798098269067734,-1.8184397544975388,-1.869407192239166,-2.5870332485111684,-1.1924713134114917,3.5118502537834444,111.25
90,-1.179809844548204,-1.8184397866307722,-1.869407228978221,-2.587033179920165,-1.1924713315648812,3.3913436241268746,112.5
91,-1.1798098715267407,-1.8184398180125965,-1.8694072678837648,-2.5870331100806103,-1.1924713590856415,3.2608370009947807,113.75
92,-1.1798099095866796,-1.8184398478860062,-1.8694073087585314,-2.5870330399837638,-1.192471397709203,3.1203303811098397,115.0
93,-1.179809957391814,-1.8184398749895838,-1.869407349976916,-2.5870329724517145,-1.1924714460536623,2.9698237643722756,116.25
94,-1.1798100173189359,-1.8184398976694849,-1.869407390672471,-2.5870329100354006,-1.1924715064737683,2.809317154347019,117.5
95,-1.1798100872645099,-1.818439912065065,-1.8694074264399094,-2.5870328609575113,-1.192471576801444,2.643199500265249,118.75
96,-1.179810157338632,-1.8184399212713123,-1.8694074572060337,-2.5870328220574184,-1.1924716471748873,2.4859427280304667,120.0
97,-1.179810227604234,-1.818439918639792,-1.869407476531591,-2.587032806404948,-1.1924717175507875,2.338685955795694,121.25
98,-1.1798102937268407,-1.8184399146649488,-1.8694074932619094,-2.587032794625376,-1.1924717837532088,2.201429183560931,122.5
99,-1.179810354721568,-1.81843990182469,-1.8694074997827084,-2.587032801819042,-1.1924718446747538,2.0741724113261726,123.75
100,-1.1798104108707106,-1.818439888443929,-1.8694075042694016,-2.5870328115134402,-1.1924719007315536,1.9569156390914204,125.0
101,-1.1798104602963224,-1.818439872680358,-1.8694075043473992,-2.587032827892208,-1.1924719500121057,1.8496588668566742,126.25
102,-1.1798105028144974,-1.8184398541990472,-1.8694074996340555,-2.587032851669225,-1.192471992326745,1.752402094621935,127.5
103,-1.17981054096093,-1.8184398376180004,-1.8694074954053344,-2.5870328730014758,-1.1924720302905696,1.6651453223871961,128.75
104,-1.1798105729937405,-1.8184398215699937,-1.8694074897905602,-2.5870328950969785,-1.1924720621360418,1.5878885501524589,130.0
105,-1.1798105972112336,-1.8184398047193473,-1.869407480962204,-2.587032921089749,-1.1924720861364007,1.5206317779177203,131.25
106,-1.179810617827975,-1.8184397903741214,-1.869407473446482,-2.5870329432178134,-1.1924721065682924,1.4633750056829802,132.5
107,-1.1798106348439652,-1.8184397785343178,-1.8694074672433914,-2.587032961481171,-1.1924721234317173,1.4161182334482327,133.75
108,-1.179810648259204,-1.8184397691999339,-1.8694074623529358,-2.587032975879822,-1.1924721367266753,1.3788614612134849,135.0
109,-1.1798106580736911,-1.8184397623709692,-1.8694074587751157,-2.587032986413766,-1.1924721464531656,1.3516046889787392,136.25
110,-1.1798106642874262,-1.8184397580474239,-1.869407456509931,-2.5870329930830027,-1.1924721526111886,1.334347916743993,137.5
111,-1.1803968699735206,-1.819943102875297,-1.8674212223279436,-2.5875201071464446,-1.1930574410472299,1.325879177402405,138.75
112,-1.1820017530373528,-1.824058908893699,-1.8619833891931616,-2.588853701063688,-1.194659813408595,1.3263817454341758,140.0
113,-1.1824414826658847,-1.8251866284374416,-1.8604934413666605,-2.589219102420894,-1.1950988576575814,1.335630400638685,141.25
114,-1.1824414768477647,-1.8251866336473928,-1.8604934414891106,-2.5892191049682602,-1.1950988570981647,1.3538982886030144,142.5
115,-1.1824414678447552,-1.8251866417093163,-1.8604934416785903,-2.589219108910077,-1.1950988562325187,1.382166176567344,143.75
116,-1.1824414556568568,-1.8251866526232121,-1.8604934419351005,-2.5892191142463434,-1.1950988550606432,1.4204340645316782,145.0
117,-1.1824414402956451,-1.8251866663809981,-1.8604934422823893,-2.5892191208893047,-1.1950988536822498,1.4687019523815092,146.25
118,-1.182441422382567,-1.8251866825487961,-1.8604934439953356,-2.5892191241280793,-1.1950988574500307,1.526969834622535,147.5
119,-1.182441401395226,-1.8251867014913303,-1.86049344600226,-2.5892191279226964,-1.1950988618644427,1.5952377168635583,148.75
120,-1.182441369433946,-1.825186717523275,-1.860493449760187,-2.5892191124626964,-1.1950988365429218,1.6735055859894357,150.0
121,-1.1824413312357218,-1.8251867340541201,-1.860493454401812,-2.5892190896046525,-1.1950987996901974,1.7617734506506253,151.25
122,-1.1824412886777846,-1.825186752437918,-1.8604934596418503,-2.589219063840162,-1.1950987583926846,1.860041304324361,152.5
123,-1.1824412386902163,-1.8251867673555666,-1.8604934588143225,-2.589219048441289,-1.1950987088884335,1.9683091502810854,153.75
124,-1.1824411823978287,-1.8251867807457889,-1.860493454314594,-2.589219038698264,-1.1950986526268303,2.0865769884655827,155.0
125,-1.1824411212520307,-1.825186792461141,-1.8604934466604255,-2.5892190337243166,-1.195098591480986,2.2148448193117924,156.25
126,-1.1824410550526447,-1.825186796418557,-1.8604934298519913,-2.5892190456006645,-1.1950985251993054,2.3531126455632987,157.5
127,-1.1824409852912332,-1.8251867976950493,-1.8604934093181251,-2.5892190638223744,-1.195098455305433,2.5013804702002678,158.75
128,-1.1824409152009145,-1.8251867884635238,-1.860493378438627,-2.589219102860553,-1.1950983849140617,2.6596482878893504,160.0
129,-1.1824408467853535,-1.8251867727476854,-1.8604933417605494,-2.58921915418834,-1.1950983160967423,2.825990646227206,161.25
130,-1.1824407876034808,-1.8251867503309844,-1.8604933014324327,-2.5892192159860494,-1.195098256425355,2.985482457626814,162.5
131,-1.1824407419632164,-1.8251867224828238,-1.8604932600365682,-2.589219284469941,-1.1950982102377035,3.1349742690264106,163.75
132,-1.182440704410644,-1.8251866929961498,-1.8604932195680637,-2.589219353781176,-1.195098172129005,3.2744660804259995,165.0
133,-1.1824406794313176,-1.825186661331759,-1.8604931809015177,-2.589219423649837,-1.1950981465859079,3.403957891825581,166.25
134,-1.1824406620399288,-1.8251866296548738,-1.8604931445914934,-2.589219491287773,-1.195098128647075,3.5234497032251566,167.5
135,-1.182440649258225,-1.8251865998783665,-1.8604931115730876,-2.589219553807918,-1.195098115358538,3.632941514624727,168.75
136,-1.1824406482545382,-1.8251865702964314,-1.8604930824210868,-2.589219612443557,-1.1950981138768038,3.732433326024293,170.0
137,-1.1824406473517328,-1.8251865436878043,-1.860493056199172,-2.5892196651856816,-1.1950981125440001,3.8219251374238556,171.25
138,-1.1824406473894495,-1.8251865200022928,-1.8604930331205283,-2.5892197118836995,-1.1950981122007893,3.9014169488234174,172.5
139,-1.1824406561583167,-1.8251864987742177,-1.8604930151631662,-2.589219751140333,-1.1950981206472786,3.9709087602229793,173.75
140,-1.1824406636653277,-1.8251864806009015,-1.860492999789902,-2.589219784747865,-1.1950981278783028,4.030400571622542,175.0
141,-1.1824406699104828,-1.8251864654823478,-1.860492987000732,-2.589219812706294,-1.1950981338938615,4.079892383022115,176.25
142,-1.1824406748937817,-1.8251864534185527,-1.8604929767956597,-2.589219835015622,-1.1950981386939548,4.119384194421688,177.5
143,-1.1824406786152244,-1.8251864444095165,-1.8604929691746859,-2.5892198516758467,-1.1950981422785825,4.148876005821259,178.75
144,-1.1824406810748107,-1.8251864384552385,-1.8604929641378103,-2.5892198626869702,-1.1950981446477449,4.168367817220828,180.0
145,-1.182719536400574,-1.8259103769466933,-1.8595308621072617,-2.589460022168181,-1.195376538434499,4.178568189726785,181.25
146,-1.1842682885011164,-1.8299311390846016,-1.8541873735690302,-2.5907938341247245,-1.196922727608449,4.18031356752025,182.5
147,-1.1850351632544787,-1.8319220502838438,-1.8515415093655914,-2.591454278626043,-1.1976883361200978,4.172816067780907,183.75
148,-1.1850351620794146,-1.831922055545394,-1.8515415120230267,-2.591454276032715,-1.197688341147559,4.15682221684633,185.0
149,-1.1850351601696525,-1.831922064096677,-1.8515415163419973,-2.591454271817934,-1.1976883493183914,4.130828365911752,186.25
150,-1.1850351575251932,-1.831922075937693,-1.851541522322504,-2.5914542659817013,-1.1976883606325954,4.094834514977174,187.5
151,-1.185035154146036,-1.8319220910684424,-1.851541529964546,-2.5914542585240143,-1.1976883750901706,4.048840664042593,188.75
152,-1.1850351496241722,-1.8319221098924978,-1.8515415380406024,-2.591454254106159,-1.19768838913707,3.9928468163259367,190.0
153,-1.1850351441796796,-1.8319221321921748,-1.8515415472127923,-2.5914542502138636,-1.1976884046903278,3.9268529694289227,191.25
154,-1.1850351419419023,-1.8319221560526093,-1.8515415643823188,-2.5914542230373203,-1.1976884121582976,3.8508591318996306,192.5
155,-1.1850351426612646,-1.8319221815863607,-1.8515415891401599,-2.5914541739813837,-1.1976884121873745,3.764865301438075,193.75
156,-1.185035143435402,-1.8319222100697916,-1.8515416168479146,-2.591454118913842,-1.1976884119768025,3.6688714814620327,195.0
157,-1.185035150671054,-1.8319222399631396,-1.8515416481302616,-2.5914540585177313,-1.1976884187805386,3.562877668162894,196.25
158,-1.185035167444681,-1.8319222705215172,-1.8515416833026714,-2.5914539930571974,-1.1976884360413846,3.44688386311816,197.5
159,-1.1850351860519046,-1.8319223035460797,-1.8515417214666883,-2.591453922160462,-1.197688455188767,3.3208900661954686,198.75
160,-1.185035222439437,-1.8319223321257079,-1.8515417608165128,-2.591453854852964,-1.1976884921208117,3.184896275234306,200.0
161,-1.1850352615026938,-1.8319223628069414,-1.8515418030596342,-2.591453782596976,-1.197688531768964,3.038902484381638,201.25
162,-1.1850353189844218,-1.831922384646874,-1.8515418424163086,-2.5914537223206144,-1.197688589729679,2.8829087007336707,202.5
163,-1.1850353825678757,-1.8319224048916654,-1.8515418821218923,-2.5914536633772025,-1.1976886537796345,2.717361728053422,203.75
164,-1.1850354537686192,-1.8319224142907273,-1.8515419136002422,-2.591453623590141,-1.1976887252881367,2.5555955058510627,205.0
165,-1.1850355228308764,-1.8319224176312425,-1.8515419384818297,-2.5914535964094862,-1.197688794555507,2.4038292836486663,206.25
166,-1.185035590288836,-1.8319224136201993,-1.8515419556687935,-2.5914535842304773,-1.197688862096195,2.2620630614462183,207.5
167,-1.1850356528417785,-1.8319224055748218,-1.8515419673736306,-2.591453581483344,-1.1976889246558975,2.1302968392437633,208.75
168,-1.1850357104351419,-1.8319223918886243,-1.8515419720075368,-2.591453591358069,-1.1976889821539562,2.00853061704127,210.0
169,-1.1850357632986763,-1.8319223793264046,-1.8515419762608798,-2.5914536004218376,-1.1976890349300136,1.8967643948387398,211.25
170,-1.1850358072724372,-1.8319223603109993,-1.851541971418531,-2.5914536248835818,-1.1976890786924956,1.7949981726361854,212.5
171,-1.1850358468978521,-1.8319223431144271,-1.8515419669948354,-2.591453647047942,-1.19768911812653,1.7032319504336226,213.75
172,-1.1850358822051852,-1.831922327791811,-1.8515419630531984,-2.591453666796996,-1.1976891532633374,1.6214657282310423,215.0
173,-1.1850359085693971,-1.831922310710503,-1.8515419545921294,-2.5914536926856058,-1.1976891794090196,1.5496995060284435,216.25
174,-1.1850359305366007,-1.8319222954411583,-1.8515419465277725,-2.5914537163048967,-1.197689201177374,1.4879332838258283,217.5
175,-1.1850359489472972,-1.831922282643934,-1.8515419397690391,-2.591453736100206,-1.1976892194214153,1.4361670616232085,218.75
176,-1.1850359638014862,-1.8319222723188298,-1.8515419343159307,-2.591453752071534,-1.1976892341411425,1.3944008394205811,220.0
177,-1.1850359750991675,-1.831922264465844,-1.8515419301684486,-2.5914537642188797,-1.1976892453365562,1.3626346172179542,221.25
178,-1.1850359828403412,-1.831922259084976,-1.8515419273265932,-2.591453772542244,-1.197689253007656,1.3408683950153375,222.5
179,-1.1851050375162455,-1.8321037307109518,-1.8512993516590488,-2.5915153675278972,-1.1977581869950558,1.3288873850584804,223.75
180,-1.1864756084071106,-1.8357057866765243,-1.8464845407054362,-2.592737866117836,-1.1991263631268532,1.3248616997748406,225.0
181,-1.1875939586193773,-1.8386449809254974,-1.8425557701709523,-2.593735395388018,-1.2002427608686406,1.3305711673300102,226.25
182,-1.187594964781036,-1.8386476404872079,-1.8425522204101912,-2.5937362986790555,-1.2002437690827519,1.344257911414467,227.5
183,-1.1875949573026083,-1.8386476471721676,-1.8425522205273874,-2.5937363021005257,-1.200243768210979,1.3679411548192295,228.75
184,-1.1875949466664935,-1.8386476566797816,-1.8425522206940683,-2.593736306966676,-1.200243766971109,1.4016243982239962,230.0
185,-1.1875949328726918,-1.8386476690100495,-1.842552220910234,-2.593736313277506,-1.2002437653631421,1.4453076416287527,231.25
186,-1.187594916265668,-1.8386476839265042,-1.8425522218716355,-2.593736318479388,-1.2002437663849705,1.4989908779403374,232.5
187,-1.1875948968553756,-1.838647701422314,-1.8425522235983767,-2.5937363224985353,-1.2002437701232185,1.562674108736309,233.75
188,-1.1875948712143685,-1.8386477193295718,-1.842552226246622,-2.593736318884757,-1.2002437622355138,1.6363573339202437,235.0
189,-1.1875948354462378,-1.8386477347886627,-1.8425522306125544,-2.5937362975210574,-1.200243727770518,1.7200405481821135,236.25
190,-1.187594795382743,-1.8386477520812876,-1.8425522355503763,-2.593736273387142,-1.2002436890080297,1.8137237546656932,237.5
191,-1.1875947501226751,-1.8386477696493542,-1.842552239101578,-2.593736250355174,-1.2002436448211,1.9174069543291399,238.75
192,-1.1875946966734068,-1.8386477823280665,-1.842552234801185,-2.5937362411595783,-1.2002435914061957,2.031090144638498,240.0
193,-1.1875946385212128,-1.8386477961234275,-1.8425522301182986,-2.593736231171081,-1.2002435332810273,2.154773325939405,241.25
194,-1.1875945753715067,-1.838647802106068,-1.8425522161808239,-2.5937362381908935,-1.200243470073103,2.288456501735947,242.5
195,-1.1875945074182273,-1.8386478061268268,-1.8425521988054259,-2.593736250543824,-1.2002434020343102,2.432139676233968,243.75
196,-1.1875944389436328,-1.8386478002439735,-1.8425521715422817,-2.5937362826504256,-1.2002433333133442,2.5858228455435626,245.0
197,-1.187594367338276,-1.8386477907723262,-1.8425521397729632,-2.5937363227943857,-1.2002432613967762,2.7495060085487535,246.25
198,-1.187594306965104,-1.838647768230186,-1.8425520986932113,-2.593736385450876,-1.2002432005244774,2.9135752571631577,247.5
199,-1.1875942534322177,-1.8386477447660639,-1.8425520588544277,-2.593736447888106,-1.2002431464925067,3.067648306100584,248.75
200,-1.1875942151176417,-1.8386477146662,-1.8425520172747216,-2.5937365189111414,-1.200243107604427,3.2117213550380224,250.0
201,-1.1875941821244118,-1.8386476855012375,-1.8425519782827893,-2.5937365864936703,-1.2002430740645862,3.3457944039754706,251.25
202,-1.18759416428476,-1.838647653007589,-1.8425519407770763,-2.5937366561360187,-1.2002430556575145,3.469867452912932,252.5
203,-1.1875941478829428,-1.8386476231328603,-1.84255190629423,-2.593736720165356,-1.2002430387340102,3.583940501850394,253.75
204,-1.1875941434106079,-1.8386475933872255,-1.842551875681401,-2.5937367803743268,-1.2002430337683054,3.688013550787871,255.0
205,-1.1875941424717735,-1.8386475657631736,-1.8425518482606575,-2.59373683532836,-1.200243032378356,3.782086599725351,256.25
206,-1.1875941416327376,-1.8386475410755723,-1.8425518237547456,-2.5937368844407596,-1.2002430311361583,3.8661596486628307,257.5
207,-1.1875941469550761,-1.8386475189657967,-1.8425518037135222,-2.593736926609938,-1.2002430361107814,3.940232697600316,258.75
208,-1.1875941549406464,-1.8386474996408073,-1.8425517872425656,-2.5937369624716227,-1.2002430437997589,4.004305746537802,260.0
209,-1.187594161679894,-1.8386474833319069,-1.8425517733422603,-2.5937369927363076,-1.2002430502887034,4.058378795475279,261.25
210,-1.1875941671728185,-1.8386474700390947,-1.8425517620126062,-2.593737017403993,-1.200243055577615,4.102451844412748,262.5
211,-1.1875941714194203,-1.838647459762369,-1.8425517532536055,-2.5937370364746775,-1.2002430596664935,4.136524893350218,263.75
212,-1.1875941744196992,-1.8386474525017296,-1.8425517470652586,-2.5937370499483627,-1.2002430625553389,4.160597942287698,265.0
213,-1.1875941761736557,-1.8386474482571764,-1.8425517434475653,-2.5937370578250483,-1.2002430642441513,4.174670991225166,266.25
214,-1.1886325254716101,-1.8414100638700324,-1.8388378563082137,-2.5946956615756585,-1.2012795012286372,4.180696161974314,267.5
215,-1.1900219802933676,-1.8451068322393862,-1.8338681603174216,-2.595978401972653,-1.2026663985536419,4.17706733212626,268.75
216,-1.1901182710231866,-1.8453630282466504,-1.8335237538408686,-2.596067296306134,-1.2027625163650564,4.165429380544064,270.0
217,-1.1901182694520889,-1.845363035197139,-1.8335237573227858,-2.596067293041048,-1.2027625228953909,4.14409042686326,271.25
218,-1.190118267144733,-1.8453630454048113,-1.833523762436422,-2.5960672882458553,-1.2027625324860132,4.112751473182459,272.5
219,-1.190118264101119,-1.8453630588696672,-1.833523769181777,-2.5960672819205564,-1.2027625451369235,4.071412519501657,273.75
220,-1.1901182601599436,-1.8453630757487245,-1.8335237770806738,-2.596067275869839,-1.2027625594287699,4.0200735665810425,275.0
221,-1.1901182550911316,-1.845363096265947,-1.8335237854510629,-2.5960672726678347,-1.2027625733370484,3.9587346152222067,276.25
222,-1.1901182499031817,-1.845363119806992,-1.8335237963534263,-2.5960672649484944,-1.2027625877498178,3.8873956655973054,277.5
223,-1.1901182505755634,-1.8453631436572495,-1.8335238196576435,-2.5960672189319878,-1.2027625877615453,3.8060567307626885,278.75
224,-1.1901182513180806,-1.8453631704307352,-1.8335238458592906,-2.5960671671190845,-1.2027625876681762,3.7147178008295474,280.0
225,-1.1901182521220748,-1.8453632001212452,-1.8335238749807257,-2.596067109413717,-1.202762587396088,3.6133788782217064,281.25
226,-1.1901182675154764,-1.8453632292211863,-1.8335239085161463,-2.596067047067396,-1.2027626031990786,3.5020399669335904,282.5
227,-1.190118284851981,-1.8453632607982589,-1.8335239451253447,-2.5960669791532434,-1.2027626210531142,3.3807010627861143,283.75
228,-1.190118312679779,-1.84536329105606,-1.833523983720601,-2.5960669107629566,-1.2027626494230381,3.249362164946222,285.0
229,-1.1901183500403456,-1.845363320409517,-1.833524024409944,-2.5960668413587418,-1.2027626873488488,3.108023269842966,286.25
230,-1.190118398213006,-1.845363346167899,-1.8335240649572684,-2.5960667758444353,-1.2027627360504414,2.9566843783646366,287.5
231,-1.1901184569933743,-1.8453633684730804,-1.8335241054382343,-2.596066713999505,-1.202762795325167,2.7953454934630404,288.75
232,-1.190118526072812,-1.845363381457076,-1.8335241399720057,-2.596066667551246,-1.202762864769337,2.6295725811975053,290.0
233,-1.1901185940849612,-1.8453633904695397,-1.8335241702552596,-2.59606662929807,-1.2027629330789482,2.4731547848224387,291.25
234,-1.1901186627003513,-1.8453633869263377,-1.8335241883523368,-2.5960666157611283,-1.2027630017879458,2.326736988447359,292.5
235,-1.1901187268258746,-1.8453633831499485,-1.8335242048068263,-2.596066604032134,-1.2027630659933515,2.1903191920722747,293.75
236,-1.190118785918188,-1.845363369876618,-1.8335242103166038,-2.596066612643284,-1.2027631249992305,2.0639013956971715,295.0
237,-1.1901188403133833,-1.8453633569844796,-1.8335242147241766,-2.596066621906214,-1.2027631793038485,1.9474835993220587,296.25
238,-1.190118887802476,-1.8453633411316779,-1.833524214040479,-2.5960666391095732,-1.2027632266387291,1.8410658029469413,297.5
239,-1.1901189289306473,-1.8453633233111137,-1.8335242094157436,-2.596066662121124,-1.202763267566484,1.744648006571821,298.75
240,-1.1901189657932,-1.8453633073388194,-1.8335242052706573,-2.5960666827460264,-1.202763304249407,1.6582302101966997,300.0
241,-1.19011899624112,-1.8453632915263392,-1.8335241992647635,-2.59606670497638,-1.2027633345061446,1.5818124138215701,301.25
242,-1.1901190195753633,-1.845363275324444,-1.8335241906367417,-2.59606673011076,-1.202763357627134,1.5153946174464408,302.5
243,-1.190119039396355,-1.8453632615619402,-1.8335241833077718,-2.5960667514608566,-1.20276337726698,1.4589768210713145,303.75
244,-1.1901190557040955,-1.8453632502388286,-1.8335241772778519,-2.5960667690266703,-1.2027633934256827,1.4125590246962012,305.0
245,-1.1901190684985843,-1.8453632413551073,-1.833524172546985,-2.5960667828081996,-1.2027634061032417,1.3761412283210905,306.25
246,-1.1901190777798214,-1.845363234910776,-1.8335241691151722,-2.596066792805445,-1.2027634152996567,1.3497234319459759,307.5
247,-1.1901190835478066,-1.845363230905835,-1.8335241669824125,-2.596066799018405,-1.202763421014928,1.3333056355708606,308.75
248,-1.1907852745352383,-1.8471575961628914,-1.8310983029022905,-2.596702970788898,-1.203428320777289,1.3254581303424022,310.0
249,-1.1922852058881208,-1.8511976382588937,-1.8256364396481422,-2.598135313924822,-1.204925345507596,1.3267251626279732,311.25
250,-1.1926090873612543,-1.8520700187406205,-1.8244570439694203,-2.5984446052080483,-1.2052486018800597,1.3365217759789314,312.5
251,-1.1926090814256274,-1.8520700240374575,-1.8244570440325658,-2.598444608031657,-1.205248601069868,1.355481144787823,313.75
252,-1.1926090723592915,-1.852070032128078,-1.824457044129017,-2.5984446123445606,-1.2052485998323457,1.3844405135967115,315.0
253,-1.192609060162246,-1.8520700430124817,-1.8244570442587738,-2.5984446181467584,-1.205248598167493,1.423399882405597,316.25
254,-1.1926090448868207,-1.8520700566552921,-1.824457044526019,-2.5984446250584834,-1.2052485965354462,1.4723592497636786,317.5
255,-1.192609027069643,-1.852070072693726,-1.8244570459991318,-2.5984446291852814,-1.205248599654835,1.5313186026278556,318.75
256,-1.1926090062305221,-1.8520700914524129,-1.8244570477220967,-2.5984446340120186,-1.205248603303298,1.6002779554920403,320.0
257,-1.192608974099103,-1.8520701067449872,-1.824457051546041,-2.598444617352758,-1.2052485758244391,1.6792372939679363,321.25
258,-1.1926089365311845,-1.8520701229519785,-1.824457056171784,-2.5984445948754695,-1.205248539608522,1.7681966282280026,322.5
259,-1.1926088947125546,-1.8520701409617146,-1.824457061386561,-2.598444569574827,-1.2052484990847896,1.8671559521490595,323.75
260,-1.192608845309409,-1.8520701550118708,-1.8244570598866128,-2.5984445558493663,-1.2052484500831298,1.9761152675290028,325.0
261,-1.192608790054543,-1.852070168085949,-1.8244570554074193,-2.598444546413113,-1.205248394859888,2.0950745752504747,326.25
262,-1.1926087300376549,-1.8520701787543228,-1.8244570470374133,-2.5984445432149785,-1.2052483348363696,2.224033875807148,327.5
263,-1.192608665111579,-1.8520701825616785,-1.8244570303161811,-2.598444555169995,-1.205248269827011,2.362993172144983,328.75
264,-1.1926085970833176,-1.852070182845504,-1.8244570091296355,-2.5984445750572687,-1.2052482016514774,2.511952466473661,330.0
265,-1.1926085283830505,-1.8520701737277099,-1.824456978428905,-2.5984446138221666,-1.2052481326490858,2.67091175397473,331.25
266,-1.1926084623998614,-1.8520701574121203,-1.8244569414632248,-2.598444666070731,-1.205248066251483,2.83728749427178,332.5
267,-1.1926084048954522,-1.8520701355829812,-1.8244569017172918,-2.598444726724925,-1.2052480082608157,2.996081063944362,333.75
268,-1.1926083616003376,-1.8520701077811403,-1.8244568605450422,-2.598444794974544,-1.2052479644128398,3.144874633616948,335.0
269,-1.1926083251336723,-1.8520700791284521,-1.8244568206855831,-2.5984448628621384,-1.2052479273944854,3.2836682032895523,336.25
270,-1.1926083019761031,-1.8520700479155403,-1.8244567824924554,-2.598444931835899,-1.20524790367269,3.412461772962164,337.5
271,-1.1926082851000779,-1.8520700171849835,-1.824456746758774,-2.5984449979632376,-1.2052478862543008,3.5312553426347884,338.75
272,-1.1926082736764914,-1.8520699880869422,-1.8244567143610189,-2.5984450592082515,-1.2052478743272717,3.640048912307413,340.0
273,-1.1926082727009852,-1.8520699594388903,-1.8244566857054578,-2.5984451164187634,-1.2052478728788993,3.738842481980046,341.25
274,-1.192608271824221,-1.8520699336906323,-1.8244566599504402,-2.5984451678383613,-1.2052478715771333,3.8276360516526875,342.5
275,-1.1926082725464922,-1.8520699107541938,-1.8244566374823459,-2.5984452131908644,-1.2052478719241504,3.90642962132533,343.75
276,-1.192608281015899,-1.8520698902690786,-1.8244566198845096,-2.5984452513445078,-1.205247880075769,3.9752231909979807,345.0
277,-1.1926082882541722,-1.8520698727617295,-1.8244566048447373,-2.598445283952045,-1.205247887042449,4.034016760670622,346.25
278,-1.1926082942613123,-1.852069858232149,-1.8244565923630254,-2.5984453110134758,-1.2052478928241899,4.08281033034325,347.5
279,-1.1926082990373188,-1.8520698466803343,-1.8244565824393788,-2.598445332528801,-1.205247897420992,4.1216039000158755,348.75
280,-1.1926083025821916,-1.8520698381062848,-1.8244565750737969,-2.59844534849802,-1.2052479008328547,4.150397469688512,350.0
281,-1.192608304895931,-1.852069832510001,-1.8244565702662796,-2.598445358921133,-1.2052479030597782,4.169191039361142,351.25
282,-1.192945763511051,-1.8529900168271807,-1.8232055988939055,-2.5987784974273813,-1.2055846742649434,4.178862341543177,352.5
283,-1.1944281784887385,-1.857032301623278,-1.8177102243683882,-2.600241917043217,-1.2070640699880024,4.179982079979303,353.75
284,-1.1950647961626888,-1.8587682505057812,-1.8153502549137626,-2.600870376331787,-1.2076993938915332,4.172026944571458,355.0
285,-1.1950647949422093,-1.8587682558419933,-1.815350257567629,-2.600870373940509,-1.2076993988212679,4.155479410862928,356.25
286,-1.1950647929841696,-1.8587682644029837,-1.8153502618252784,-2.6008703701041336,-1.2076994067301374,4.128931877154397,357.5
287,-1.1950647902885696,-1.8587682761887514,-1.8153502676867115,-2.6008703648226614,-1.2076994176181421,4.092384343445869,358.75
288,-1.1950647868554098,-1.8587682911992973,-1.815350275151928,-2.6008703580960932,-1.2076994314852825,4.045836809737349,360.0
289,-1.1950647822480267,-1.858768309853731,-1.815350282943593,-2.600870354715183,-1.2076994444503504,3.989289280463727,361.25
290,-1.1950647767422078,-1.858768331887352,-1.8153502918684452,-2.6008703516541902,-1.2076994589646357,3.9227417519792738,362.5
291,-1.1950647748567524,-1.858768355198619,-1.81535030952687,-2.6008703229302963,-1.2076994649875132,3.8461942338777115,363.75
292,-1.1950647755640087,-1.858768380257333,-1.81535033421083,-2.600870274366681,-1.2076994649848702,3.7596467219730916,365.0
293,-1.195064776324403,-1.8587684081897886,-1.8153503618244098,-2.600870219861264,-1.2076994647363846,3.66309922144626,366.25
294,-1.1950647842224278,-1.858768437305135,-1.8153503930563941,-2.600870160198652,-1.207699472286482,3.556551727595884,367.5
295,-1.195064800675355,-1.8587684672627018,-1.8153504280516342,-2.6008700955071706,-1.2076994892305688,3.440004241901041,368.75
296,-1.1950648197969034,-1.8587684992473588,-1.815350465908104,-2.6008700259657944,-1.2076995088933011,3.3134567641943926,370.0
297,-1.1950648554590837,-1.8587685272661771,-1.815350505031288,-2.600869959432832,-1.2076995451006507,3.1769092921942774,371.25
298,-1.1950648945192326,-1.858768556791737,-1.8153505467265447,-2.600869888876692,-1.207699584738781,3.0303618205805667,372.5
299,-1.1950649508704057,-1.8587685781886214,-1.815350585818438,-2.60086982929072,-1.207699641569135,2.8738143560749547,373.75
300,-1.195065013679779,-1.8587685972939834,-1.8153506246778002,-2.6008697723193195,-1.2076997048342046,2.7079801917485953,375.0
301,-1.1950650829329301,-1.858768606497292,-1.815350655739379,-2.600869733117258,-1.2076997743938196,2.5467742500274735,376.25
302,-1.195065150382204,-1.858768609103986,-1.8153506796765702,-2.600869707591212,-1.2076998420365628,2.3955683083063377,377.5
303,-1.1950652159615007,-1.8587686052738919,-1.815350696627237,-2.6008696954429382,-1.207699907698827,2.254362366585198,378.75
304,-1.1950652767333707,-1.8587685969282093,-1.8153507075703148,-2.6008696937335105,-1.2076999684683478,2.123156424864035,380.0
305,-1.195065332685291,-1.8587685836996344,-1.8153507121369432,-2.6008697031979082,-1.2077000243265066,2.0019504831428705,381.25
306,-1.1950653838129097,-1.858768571183746,-1.8153507158847046,-2.600869712698131,-1.2077000753613798,1.8907445414216875,382.5
307,-1.195065426464356,-1.8587685527322406,-1.8153507110530012,-2.6008697365702638,-1.2077001178031233,1.7895385997004987,383.75
308,-1.1950654649014816,-1.8587685361039021,-1.815350706698707,-2.6008697580836295,-1.2077001560512661,1.698332657979308,385.0
309,-1.195065499124285,-1.858768521298729,-1.8153507028218239,-2.6008697772382274,-1.2077001901058078,1.6171267162581107,386.25
310,-1.1950655243455208,-1.8587685045554774,-1.8153506941705737,-2.6008698029651063,-1.207700215106692,1.545920774536915,387.5
311,-1.195065545589828,-1.8587684898219055,-1.8153506862571671,-2.600869825890336,-1.207700236154979,1.4847148328157236,388.75
312,-1.1950655633631808,-1.858768477495548,-1.8153506796366725,-2.6008698450699788,-1.2077002537643384,1.4335088910945368,390.0
313,-1.1950655776655787,-1.8587684675764033,-1.8153506743090924,-2.6008698605040332,-1.2077002679347695,1.392302949373362,391.25
314,-1.1950655884970214,-1.8587684600644712,-1.8153506702744275,-2.600869872192498,-1.2077002786662714,1.3610970076521793,392.5
315,-1.195065595857509,-1.8587684549597512,-1.8153506675326783,-2.6008698801353733,-1.2077002859588444,1.3398910659309993,393.75
316,-1.1951654750461733,-1.8590441715719093,-1.8149737694424974,-2.6009717530490812,-1.2077999515926523,1.3283603258632295,395.0
317,-1.1965042190782693,-1.8627399570072296,-1.8099217873373832,-2.6023372171922765,-1.209135833612991,1.324810333203686,396.25
318,-1.19748933284077,-1.865459507896362,-1.8062042800080769,-2.603341995696808,-1.2101188429447272,1.330892214125283,397.5
319,-1.1974893284636894,-1.8654595117960031,-1.80620428003387,-2.603341997853109,-1.2101188422620766,1.3449937724127106,398.75
320,-1.197489320982639,-1.8654595184610419,-1.8062042800779547,-2.603342001538533,-1.2101188410953299,1.369095330700142,400.0
321,-1.1974893103976187,-1.8654595278914778,-1.80620428014033,-2.6033420067530795,-1.2101188394444873,1.4031968889875563,401.25
322,-1.197489296708629,-1.8654595400873113,-1.8062042802209965,-2.6033420134967478,-1.2101188373095484,1.4472984472749786,402.5
323,-1.1974892802809234,-1.8654595548050241,-1.8062042810374512,-2.603342019172378,-1.2101188379352519,1.5013999952560848,403.75
324,-1.1974892610744856,-1.865459572071296,-1.8062042825110884,-2.6033420240645047,-1.2101188409661165,1.5655015365319258,405.0
325,-1.1974892354258833,-1.8654595894052024,-1.8062042850520466,-2.603342020186857,-1.2101188313149536,1.6396030714621312,406.25
326,-1.1974892003397282,-1.865459604524116,-1.806204289388269,-2.60334199925283,-1.210118797546799,1.7237045961333675,407.5
327,-1.197489161060704,-1.8654596214254298,-1.8062042942950916,-2.60334197559523,-1.2101187595820324,1.8178061123550826,408.75
328,-1.1974891165196215,-1.8654596382626267,-1.8062042974130395,-2.6033419538482554,-1.2101187160792497,1.9219076217070994,410.0
329,-1.1974890641554852,-1.8654596506228462,-1.8062042931391304,-2.60334194495599,-1.2101186637510262,2.0360091221958356,411.25
330,-1.1974890072007063,-1.8654596640677295,-1.8062042884863787,-2.603341935300394,-1.2101186068242653,2.160110613204055,412.5
331,-1.1974889453507878,-1.8654596694124617,-1.8062042741836444,-2.6033419433396494,-1.210118544911205,2.294212098774348,413.75
332,-1.1974888788264417,-1.8654596732839106,-1.806204256923743,-2.603341955744041,-1.2101184783004824,2.438313583261979,415.0
333,-1.1974888120242941,-1.8654596669372954,-1.8062042293839506,-2.603341988612134,-1.210118411242982,2.592415062301042,416.25
334,-1.1974887422147213,-1.8654596573127507,-1.806204197619806,-2.6033420289278815,-1.210118341117194,2.7565113956698326,417.5
335,-1.1974886836589338,-1.8654596350755963,-1.8062041568473277,-2.6033420909991953,-1.2101182820607899,2.92015946224308,418.75
336,-1.1974886321690235,-1.865459611779944,-1.806204117262274,-2.603342153044692,-1.2101182300685187,3.073807528816278,420.0
337,-1.197488594876108,-1.8654595824831959,-1.8062040761983709,-2.6033422227668335,-1.2101181922053879,3.2174555953894344,421.25
338,-1.1974885634239185,-1.8654595538233978,-1.806204037624168,-2.603342289451642,-1.2101181602066535,3.351103661962509,422.5
339,-1.1974885460663984,-1.8654595222326207,-1.8062040006011233,-2.603342357719732,-1.2101181422854943,3.474751728535504,423.75
340,-1.197488530112663,-1.8654594931967456,-1.8062039665722995,-2.60334242046666,-1.210118125813704,3.588399795108436,425.0
341,-1.197488526345135,-1.8654594641694806,-1.8062039364210123,-2.6033424795102276,-1.210118121555579,3.6920478616813153,426.25
342,-1.1974885254300907,-1.865459437354999,-1.8062039093826296,-2.603342533276869,-1.210118120193087,3.785695928254145,427.5
343,-1.1974885246127573,-1.8654594134038454,-1.8062038852314772,-2.60334258130216,-1.2101181189760855,3.8693439948269273,428.75
344,-1.1974885301871747,-1.865459391949769,-1.80620386560049,-2.603342622412819,-1.2101181242066394,3.942992061399673,430.0
345,-1.1974885379285505,-1.8654593732386089,-1.8062038493935848,-2.603342657396397,-1.2101181316545695,4.006640127972411,431.25
346,-1.197488544453648,-1.865459357467235,-1.8062038357330088,-2.6033426868835665,-1.2101181379323258,4.060288194545123,432.5
347,-1.1974885497624677,-1.8654593446356462,-1.8062038246187622,-2.6033427108743274,-1.2101181430399084,4.10393626111782,433.75
348,-1.197488553855009,-1.865459334743842,-1.8062038160508476,-2.6033427293686797,-1.2101181469773172,4.137584327690514,435.0
349,-1.197488556731272,-1.8654593277918214,-1.806203810029265,-2.6033427423666233,-1.2101181497445523,4.161232394263227,436.25
350,-1.197489580844121,-1.865462181450754,-1.8061998790077634,-2.603343826775187,-1.2101191715030641,4.174883371320822,437.5
351,-1.198527034474783,-1.8683617767524208,-1.8022147109344209,-2.604436534662454,-1.2111543000900507,4.1806265367764315,438.75
352,-1.1998097011589985,-1.8719467284196714,-1.797287604556587,-2.605787512313649,-1.2124340936708256,4.176654695249964,440.0
353,-1.1998800788018387,-1.8721434344730628,-1.7970172615133,-2.6058616373724526,-1.2125043179061057,4.1647906407928055,441.25
354,-1.199880077204625,-1.872143441376871,-1.7970172649246685,-2.6058616344193397,-1.2125043241771087,4.143165992978129,442.5
355,-1.1998800748688034,-1.872143451473244,-1.797017269913574,-2.605861630100603,-1.212504333348045,4.11154134516347,443.75
356,-1.1998800717943738,-1.872143464762181,-1.7970172764800165,-2.605861624416243,-1.2125043454189144,4.0699166973488135,445.0
357,-1.1998800678063946,-1.8721434814095193,-1.7970172841183993,-2.605861619250478,-1.2125043588191369,4.018292051362259,446.25
358,-1.1998800627038961,-1.8721435016057686,-1.7970172922479004,-2.605861616767868,-1.2125043717444561,3.956667408666055,447.5
359,-1.199880057684051,-1.8721435246599094,-1.797017303220493,-2.605861608708721,-1.2125043846636374,3.88504276820118,448.75
360,-1.1998800583436804,-1.8721435479942676,-1.7970173264019809,-2.6058615632757998,-1.2125043846482408,3.803418142108576,450.0
361,-1.1998800590716394,-1.872143574177397,-1.7970173524590363,-2.6058615121264133,-1.2125043845226156,3.71179352136903,451.25
362,-1.1998800598615464,-1.8721436032042025,-1.7970173814098334,-2.605861455183693,-1.2125043842313827,3.6101689077220533,452.5
363,-1.1998800753405634,-1.8721436315620519,-1.7970174147677815,-2.605861393721497,-1.2125044001678564,3.4985443057437244,453.75
364,-1.1998800923088924,-1.872143662435111,-1.7970174511273205,-2.605861326752106,-1.2125044176562727,3.376919710891909,455.0
365,-1.1998801199878877,-1.8721436918281957,-1.7970174893999875,-2.605861259546316,-1.212504445877007,3.245295122318577,456.25
366,-1.1998801565380992,-1.8721437205348912,-1.7970175297975053,-2.605861191066567,-1.212504482992082,3.1036705363516512,457.5
367,-1.1998802040851073,-1.8721437454390513,-1.7970175698883204,-2.605861126851811,-1.2125045310636788,2.952045954191245,458.75
368,-1.199880261573726,-1.8721437672715364,-1.7970176100685833,-2.6058610657607804,-1.212504589046525,2.7904213785356977,460.0
369,-1.1998803277649872,-1.8721437793972369,-1.7970176432975926,-2.60586102143224,-1.2125046555894672,2.6283714215949097,461.25
370,-1.1998803923110815,-1.8721437879917169,-1.7970176724653988,-2.6058609846619087,-1.2125047204245494,2.4763168419893646,462.5
371,-1.1998804571819994,-1.8721437849801514,-1.7970176901109938,-2.6058609709935356,-1.212504785391345,2.3342622623840126,463.75
372,-1.1998805177823142,-1.872143781465406,-1.7970177058922967,-2.6058609596271785,-1.212504846069511,2.2022076827786816,465.0
373,-1.1998805735132463,-1.872143770012541,-1.7970177121710962,-2.605860965607032,-1.212504901734738,2.080153103173374,466.25
374,-1.199880624625412,-1.872143757955714,-1.7970177163737666,-2.605860974196023,-1.2125049527607032,1.968098523568108,467.5
375,-1.1998806699917757,-1.8721437448199914,-1.7970177176655995,-2.6058609866856024,-1.212504998009899,1.866043943962844,468.75
376,-1.1998807083247294,-1.872143728262798,-1.7970177132899463,-2.6058610081493727,-1.212505036152689,1.773989364357582,470.0
377,-1.1998807424935294,-1.8721437135042356,-1.7970177093896211,-2.605861027281509,-1.2125050701519835,1.691934784752329,471.25
378,-1.1998807724981746,-1.8721437005443018,-1.7970177059646275,-2.6058610440820105,-1.2125051000077807,1.61988020514708,472.5
379,-1.1998807944867953,-1.8721436863576963,-1.7970176987576838,-2.605861065767515,-1.212505121809003,1.5578256255418248,473.75
380,-1.1998808123393818,-1.872143673991805,-1.7970176920571543,-2.6058610850686983,-1.2125051394952815,1.5057710459365539,475.0
381,-1.1998808267623784,-1.8721436640014761,-1.7970176866438365,-2.6058611006620076,-1.2125051537839187,1.4637164663312714,476.25
382,-1.1998808377557855,-1.8721436563867113,-1.7970176825177295,-2.6058611125474433,-1.2125051646749148,1.4316618867259918,477.5
383,-1.1998808453196022,-1.8721436511475087,-1.7970176796788353,-2.605861120725004,-1.21250517216827,1.409607307120722,478.75
384,-1.199880849453829,-1.8721436482838685,-1.7970176781271543,-2.605861125194691,-1.2125051762639836,1.3975527275154407,480.0
385,-1.1994554723449373,-1.8709694453242325,-1.798687324002361,-2.605362803229182,-1.2120811201536263,1.3946879961422431,481.25
386,-1.1992479337824555,-1.8703965685987602,-1.7995019236680807,-2.605119675604005,-1.2118742261130844,1.4007325917571511,482.5
387,-1.1991170014347348,-1.8700351650917888,-1.8000158254366088,-2.6049662911258857,-1.2117437004080605,1.4164686103923416,483.75
388,-1.1989028635756602,-1.8694440951645177,-1.8008563039463326,-2.6047154331497526,-1.2115302276069189,1.4422046290275228,485.0
389,-1.1986055202052326,-1.8686233588169467,-1.802023359197253,-2.604367101675606,-1.21123380770966,1.4779406476627093,486.25
390,-1.198221936199663,-1.8675725068772109,-1.803513139235024,-2.6039255681117197,-1.2108513881219314,1.5236767495038803,487.5
391,-1.1977527243396642,-1.8662916305109796,-1.8053264208021975,-2.603389970549264,-1.2103835851500633,1.5794128956977442,488.75
392,-1.1971993279975939,-1.8647809434287768,-1.8074650355133,-2.6027582777956213,-1.2098318504742984,1.6451490418916006,490.0
393,-1.1965577376932828,-1.863039779083692,-1.80992405997107,-2.6020360389133295,-1.2091921540424426,1.72088530848497,491.25
394,-1.195830261069108,-1.8610685214890015,-1.812706327055865,-2.6012200605375266,-1.2084668153358102,1.8066216083698556,492.5
395,-1.1950129778038883,-1.858866469106773,-1.8158071299500569,-2.60031571165225,-1.2076518926588453,1.9023580461316068,493.75
396,-1.1941079106552221,-1.856433970815601,-1.8192289259296912,-2.5993202064714027,-1.2067494197232198,2.0080945491756106,495.0
397,-1.1931102135498903,-1.853770106255988,-1.8229660151458023,-2.598240116295499,-1.2057545248717323,2.1238312407976148,496.25
398,-1.1920204692725145,-1.8508749249490069,-1.827019218820009,-2.5970745760044815,-1.2046677943905326,2.2495680869163146,497.5
399,-1.1908373512080372,-1.8477481294643487,-1.8313870778265462,-2.5958253285529373,-1.2034878949647534,2.3853051042160103,498.75
400,-1.1895587100242366,-1.8443892265840327,-1.8360672534278832,-2.594495183808366,-1.2022126664833026,2.5310423272409164,500.0
401,-1.1881823460149883,-1.8407976715394052,-1.8410574415058907,-2.5930869678652804,-1.2008398984789803,2.6867797860580986,501.25
402,-1.1867377173014377,-1.837054474593858,-1.8462426572999107,-2.591634854066688,-1.1993989591207708,2.848983640313373,502.5
403,-1.1853572258000775,-1.8335016764214438,-1.8511497283827272,-2.590270900258037,-1.1980219158030356,3.002832335395839,503.75
404,-1.1840560967189602,-1.830177271574581,-1.8557269141347685,-2.5890089603471904,-1.1967239598426977,3.1466812585341475,505.0
405,-1.182837317118361,-1.8270819196036534,-1.859977523212307,-2.587845096690571,-1.1955080934572229,3.2805303487165056,506.25
406,-1.1817030473823495,-1.824216125160145,-1.863903886532456,-2.586776495960758,-1.19437648780498,3.404379568209298,507.5
407,-1.1806555014843598,-1.821580445250118,-1.8675083027646617,-2.5858003254886,-1.1933313676274848,3.5182288830741495,508.75
408,-1.179692743802729,-1.819174318316425,-1.8707889312815418,-2.5849189669330377,-1.192370788401704,3.622078330730285,510.0
409,-1.1788196991758766,-1.8169990510484872,-1.8737507323064233,-2.5841262049211604,-1.191499698455098,3.7159278281519224,511.25
410,-1.1780359238797886,-1.8150545196419978,-1.8763932726920272,-2.5834225917271203,-1.1907176519886349,3.7997773918224516,512.5
411,-1.177343392853615,-1.8133412563105866,-1.8787185230085202,-2.582805645279278,-1.1900266333045568,3.8736269899963447,513.75
412,-1.1767416078247974,-1.8118591180657215,-1.8807260059283655,-2.5822759806171414,-1.1894261418279455,3.9374766388240294,515.0
413,-1.1762340731230945,-1.8106091092486722,-1.8824190810234693,-2.5818292709393877,-1.1889196980849768,3.991326287651736,516.25
414,-1.175819039820512,-1.8095907148534376,-1.8837961031440544,-2.5814676577947337,-1.1885055451604822,4.0351759622925965,517.5
415,-1.1754973450371786,-1.8088041812043256,-1.884857860096116,-2.5811901159593904,-1.188184523998196,4.069025659298154,518.75
416,-1.1752706864910325,-1.8082500081724988,-1.8856059489666324,-2.5809945665375387,-1.1879583400695293,4.092875356303705,520.0
417,-1.1751390641820736,-1.8079281957579567,-1.8860403697556039,-2.580881009529178,-1.1878269933744816,4.1067250533092645,521.25
418,-1.1747519247423295,-1.8069834919370815,-1.8873145398222981,-2.580548749053341,-1.1874406601010024,4.1110394829912895,522.5
419,-1.1744320026855868,-1.8062032273208786,-1.888366673351782,-2.5802745701547805,-1.1871214032273696,4.106404299930562,523.75
420,-1.174431672451634,-1.8062031341806482,-1.8883663705684033,-2.5802749621369356,-1.1871210719402332,4.092300216663767,525.0
421,-1.1744311080770098,-1.8062029750026412,-1.8883658531072096,-2.580275632040136,-1.1871205057657028,4.068196133396971,526.25
422,-1.1744303095500697,-1.8062027498007702,-1.8883651209283725,-2.5802765800134675,-1.1871197046006474,4.034092053377634,527.5
423,-1.174429276767119,-1.8062024586987455,-1.8883641736775534,-2.580277807383059,-1.1871186675276946,3.9899880001306958,528.75
424,-1.1744280098145459,-1.806202101593258,-1.88836301165037,-2.580279313042172,-1.1871173953124186,3.935883946883774,530.0
425,-1.174427060638496,-1.8062018411738592,-1.888362147766202,-2.580280427387145,-1.1871164422072946,3.8717799003206266,531.25
426,-1.174427061358266,-1.8062018637616344,-1.8883621694487314,-2.580280383550771,-1.1871164429729546,3.7976758660412946,532.5
427,-1.174427062170197,-1.8062018893946388,-1.8883621940678847,-2.580280333751774,-1.1871164438009745,3.7135718344905633,533.75
428,-1.1744270630722282,-1.8062019180716744,-1.888362221628088,-2.5802802779706115,-1.1871164446743607,3.619467806285415,535.0
429,-1.174427077155788,-1.806201946631878,-1.888362253285927,-2.5802802180644204,-1.1871164591745953,3.515363788624718,536.25
430,-1.1744270940707988,-1.8062019775778246,-1.8883622881174724,-2.580280152604896,-1.1871164765994293,3.401259776793203,537.5
431,-1.1744271183890118,-1.8062020086521768,-1.8883623253557311,-2.580280084727182,-1.1871165014513865,3.2771557721972675,538.75
432,-1.1744271551675254,-1.8062020376482748,-1.8883623644480005,-2.580280017269729,-1.18711653876635,3.143051774820153,540.0
433,-1.1744271987972903,-1.806202065935365,-1.888362404977822,-2.580279949184087,-1.18711658293591,2.99894778026887,541.25
434,-1.1744272570529117,-1.806202088080383,-1.8883624441495341,-2.580279888799397,-1.187116641665045,2.844843788535806,542.5
435,-1.1744273241397374,-1.8062021055554693,-1.8883624815818283,-2.5802798349422837,-1.1871167091706774,2.681250728155916,543.75
436,-1.174427396140112,-1.8062021150570735,-1.8883625129050952,-2.580279795218009,-1.1871167814747263,2.52166747413432,545.0
437,-1.1744274671148662,-1.8062021154868688,-1.8883625352346676,-2.5802797735179075,-1.1871168526080274,2.372084220112761,546.25
438,-1.174427535200111,-1.806202111376816,-1.8883625523296366,-2.5802797615361515,-1.1871169207741108,2.232500966091215,547.5
439,-1.1744275981775072,-1.8062021007351765,-1.8883625615998934,-2.5802797638158013,-1.1871169837185107,2.1029177120697065,548.75
440,-1.1744276561581652,-1.8062020868581399,-1.888362566232472,-2.580279773884752,-1.1871170416045111,1.9833344580482297,550.0
441,-1.174427708345448,-1.8062020724131365,-1.8883625685326848,-2.580279786766042,-1.1871170936757978,1.8737512040267617,551.25
442,-1.1744277524266211,-1.8062020531693193,-1.888362563739625,-2.5802798114048033,-1.1871171375480298,1.7741679500053111,552.5
443,-1.1744277920812307,-1.806202035857941,-1.8883625594278723,-2.5802798335693784,-1.18711717701468,1.684584695983871,553.75
444,-1.1744278268768917,-1.8062020201381088,-1.8883625551378491,-2.580279854052813,-1.1871172116370676,1.6050014419624328,555.0
445,-1.1744278522466272,-1.8062020024092367,-1.8883625460153144,-2.5802798812315197,-1.1871172367817193,1.5354181879410187,556.25
446,-1.1744278739704082,-1.8062019872282296,-1.888362538203804,-2.5802799045043003,-1.187117258312764,1.475834933919579,557.5
447,-1.1744278920482358,-1.8062019745950895,-1.888362531703315,-2.5802799238711547,-1.187117276230203,1.4262516798981124,558.75
448,-1.1744279064801098,-1.8062019645098144,-1.8883625265138504,-2.5802799393320828,-1.1871172905340348,1.3866684258766355,560.0
449,-1.1744279172660288,-1.8062019569724033,-1.888362522635411,-2.580279950887084,-1.18711730122426,1.3570851718551755,561.25
450,-1.1744279244059939,-1.8062019519828563,-1.8883625200679972,-2.5802799585361598,-1.1871173083008781,1.3375019178337106,562.5
451,-1.1747155179111584,-1.806920809715504,-1.8874225624488183,-2.5805031548994477,-1.1874044996954758,1.3272295990492822,563.75
452,-1.176332917340261,-1.8109636647533154,-1.882136267861328,-2.5817583849541554,-1.1890196379965055,1.3254442598056424,565.0
453,-1.1771336893423177,-1.8129652853693772,-1.8795190226882723,-2.582379850105841,-1.1898192926525264,1.3329275071489854,566.25
454,-1.1771336841939473,-1.812965289995772,-1.8795190228096077,-2.5823798522644164,-1.1898192922321793,1.3489426655240813,567.5
455,-1.177133675830891,-1.8129652975109267,-1.879519023006706,-2.582379855770825,-1.1898192915493644,1.3749578238991809,568.75
456,-1.1771336642531487,-1.8129653079148413,-1.8795190232795669,-2.5823798606250663,-1.1898192906040812,1.4109729822742847,570.0
457,-1.1771336494607205,-1.812965321207516,-1.8795190236281911,-2.5823798668271403,-1.1898192893963297,1.456988140649393,571.25
458,-1.17713363195902,-1.8129653370335341,-1.8795190250988958,-2.5823798704836283,-1.1898192922339643,1.5130032951335664,572.5
459,-1.1771336114739546,-1.812965355585642,-1.8795190271242506,-2.582379873705977,-1.1898192967807848,1.5790184486365129,573.75
460,-1.1771335821956406,-1.8129653729162731,-1.8795190304159355,-2.5823798635855972,-1.1898192801331857,1.6550335928035294,575.0
461,-1.1771335445101567,-1.8129653892989834,-1.8795190349088458,-2.5823798410609164,-1.189819243775948,1.7410487299763595,576.25
462,-1.177133502412055,-1.8129654075680435,-1.87951903999162,-2.582379815620083,-1.1898192029318495,1.837063856737113,577.5
463,-1.1771334538860458,-1.8129654242083917,-1.8795190413155622,-2.5823797960048545,-1.189819155170141,1.9430789768387098,578.75
464,-1.1771333979777925,-1.8129654375633688,-1.8795190368479797,-2.58237978627058,-1.1898190992938527,2.0590940886988145,580.0
465,-1.1771333372397093,-1.812965451778776,-1.8795190317077817,-2.5823797762880827,-1.1898190385786718,2.1851091924701658,581.25
466,-1.1771332713078102,-1.8129654557341286,-1.8795190150971173,-2.582379787974361,-1.189818972566039,2.3211242903328926,582.5
467,-1.1771332005286044,-1.8129654599803184,-1.8795189972650994,-2.582379800520325,-1.1898189017007832,2.467139388028805,583.75
468,-1.1771331305697033,-1.8129654507372952,-1.8795189667436387,-2.5823798392152786,-1.189818831445431,2.62315447849613,585.0
469,-1.1771330589399078,-1.8129654379189653,-1.879518932274078,-2.5823798853984923,-1.1898187594589682,2.7887143280238735,586.25
470,-1.1771329981748078,-1.8129654147956384,-1.8795188912780627,-2.582379948545771,-1.1898186981972219,2.950462162336769,587.5
471,-1.1771329477351145,-1.8129653885138182,-1.8795188504466607,-2.582380014831906,-1.1898186472330319,3.102209996649646,588.75
472,-1.1771329091016673,-1.8129653580391578,-1.8795188092455923,-2.5823800858446617,-1.1898186080340374,3.2439578309624837,590.0
473,-1.1771328796531948,-1.8129653268968098,-1.8795187702464418,-2.5823801554582535,-1.1898185780291615,3.375705665275297,591.25
474,-1.1771328617145553,-1.81296529407267,-1.8795187331955727,-2.5823802249722028,-1.1898185595321937,3.497453499588093,592.5
475,-1.177132845249342,-1.812965263944612,-1.8795186991879445,-2.5823802887764855,-1.1898185425545116,3.6092013339008497,593.75
476,-1.177132844141195,-1.8129652331948582,-1.8795186693365853,-2.5823803492734347,-1.189818540957021,3.710949168213605,595.0
477,-1.1771328432055734,-1.812965205452059,-1.8795186424241797,-2.582380403835619,-1.1898185395800454,3.80269700252634,596.25
478,-1.1771328423719294,-1.8129651807330718,-1.8795186184450732,-2.58238045245083,-1.189818538353152,3.8844448368390756,597.5
479,-1.1771328500395135,-1.8129651585340616,-1.8795185995152641,-2.5823804936307226,-1.189818545685646,3.956192671151805,598.75
480,-1.1771328579292342,-1.8129651393516533,-1.879518583549028,-2.582380528842351,-1.1898185532885255,4.017940505464536,600.0
481,-1.1771328645412225,-1.8129651232758186,-1.879518570168506,-2.5823805583514905,-1.1898185596601263,4.069688339777291,601.25
482,-1.1771328698754786,-1.8129651103065567,-1.8795185593736994,-2.5823805821581427,-1.1898185648004485,4.111436174090066,602.5
483,-1.1771328739320022,-1.812965100443866,-1.8795185511646089,-2.582380600262307,-1.1898185687094918,4.143184008402826,603.75
484,-1.1771328767107931,-1.8129650936877464,-1.8795185455412353,-2.582380612663983,-1.1898185713872562,4.16493184271559,605.0
485,-1.1772071232451127,-1.8131529536816158,-1.8792714190016186,-2.5824404166726453,-1.1898927076625236,4.176897778432054,606.25
486,-1.1786418459377017,-1.816783260416068,-1.8744959655676412,-2.583595949175541,-1.191325300767744,4.180849794515638,607.5
487,-1.179800280411847,-1.819714474729639,-1.8706401324343278,-2.5845289556755944,-1.1924820180285025,4.175068374268644,608.75
488,-1.1798007698898698,-1.819715720440503,-1.8706385021520973,-2.5845293483661154,-1.1924825122273583,4.16125672151445,610.0
489,-1.1798007681399219,-1.8197157283803207,-1.870638506146697,-2.5845293443074384,-1.1924825198707931,4.137446684795135,611.25
490,-1.1798007656550114,-1.8197157396547894,-1.870638511818992,-2.5845293385441543,-1.1924825307244014,4.10363664807583,612.5
491,-1.1798007624351385,-1.8197157542639097,-1.8706385191689832,-2.5845293310762627,-1.192482544788183,4.059826611356501,613.75
492,-1.1798007581894905,-1.8197157724970767,-1.8706385273143353,-2.584529325276473,-1.1924825595547865,4.0060165811891455,615.0
493,-1.1798007529211296,-1.8197157943512439,-1.870638536264341,-2.58452932110927,-1.1924825750506156,3.942206555812704,616.25
494,-1.179800749275192,-1.8197158185406337,-1.8706385505932897,-2.5845293025708385,-1.1924825864575908,3.868396536166764,617.5
495,-1.1798007499844758,-1.8197158438488477,-1.8706385747400258,-2.5845292543473994,-1.1924825865003756,3.784586527109476,618.75
496,-1.1798007507563426,-1.8197158721626299,-1.8706386018196266,-2.5845292001440576,-1.192482586364675,3.6907765258121463,620.0
497,-1.1798007547399623,-1.8197159027185605,-1.8706386321490605,-2.5845291402569206,-1.1924825895860947,3.586966531236952,621.25
498,-1.1798007713995797,-1.8197159332138186,-1.8706386667044546,-2.5845290754782004,-1.192482606720948,3.4731565458627154,622.5
499,-1.179800789524768,-1.8197159663874012,-1.8706387042995005,-2.5845290049950087,-1.1924826253764507,3.3493465695450912,623.75
500,-1.1798008226261956,-1.8197159963586496,-1.8706387434331435,-2.584528936451112,-1.1924826590211508,3.2155365986063966,625.0
501,-1.1798008615801021,-1.8197160270990955,-1.8706387851166015,-2.5845288646939375,-1.1924826985515407,3.071726628962061,626.25
502,-1.179800915599619,-1.8197160513501438,-1.8706388252243458,-2.584528801209487,-1.1924827530743352,2.9179166646465866,627.5
503,-1.1798009767588538,-1.8197160746452568,-1.8706388666262048,-2.584528737491001,-1.1924828147362583,2.754106706662062,628.75
504,-1.1798010497274563,-1.8197160844418856,-1.870638898693852,-2.584528696743044,-1.1924828880180975,2.5901539749848803,630.0
505,-1.1798011194517968,-1.8197160908145305,-1.870638926458219,-2.5845286636642593,-1.1924829579941791,2.4362007300018322,631.25
506,-1.1798011887991111,-1.8197160866793458,-1.8706389439877982,-2.584528651292731,-1.1924830274251628,2.2922474850188213,632.5
507,-1.1798012532615292,-1.8197160808302202,-1.8706389583517578,-2.5845286437230355,-1.1924830919334375,2.158294240035819,633.75
508,-1.179801312616271,-1.819716066667185,-1.8706389631259943,-2.5845286539572467,-1.1924831511906855,2.03434099505285,635.0
509,-1.1798013671825374,-1.8197160536467671,-1.8706389675150585,-2.5845286633658087,-1.1924832056673238,1.9203877500699047,636.25
510,-1.1798014136402015,-1.8197160356929207,-1.8706389646385446,-2.584528684838446,-1.1924832519393491,1.8164345050869843,637.5
511,-1.1798014547134672,-1.819716017791114,-1.8706389601419176,-2.5845287077989765,-1.1924832928161975,1.7224812601040584,638.75
512,-1.1798014914150639,-1.8197160017947063,-1.870638956123889,-2.584528728315682,-1.1924833293422827,1.6385280151211563,640.0
513,-1.1798015202049956,-1.8197159849100868,-1.87063894879645,-2.5845287529094656,-1.1924833579255099,1.5645747701382424,641.25
514,-1.1798015432326072,-1.8197159688334232,-1.8706389404595332,-2.5845287776210917,-1.192483380746856,1.5006215251553319,642.5
515,-1.1798015626595244,-1.8197159552705762,-1.8706389334262101,-2.584528798468704,-1.1924833999997606,1.446668280172403,643.75
516,-1.1798015784857472,-1.8197159442215456,-1.870638927696481,-2.584528815452302,-1.1924834156842232,1.402715035189455,645.0
517,-1.179801590711275,-1.8197159356863297,-1.8706389232703482,-2.5845288285718855,-1.1924834278002434,1.36876179020651,646.25
518,-1.179801599336108,-1.8197159296649281,-1.8706389201478117,-2.5845288378274547,-1.1924834363478212,1.3448085452235747,647.5
519,-1.179801617219433,-1.8197159590956007,-1.87063887474306,-2.5845288539590046,-1.1924834541659226,1.330855300317074,648.75
520,-1.1809170772803088,-1.8225731555025377,-1.866858064319959,-2.5854604869084197,-1.1935971601549449,1.3249490832988358,650.0
521,-1.1823478511551646,-1.8262380258955382,-1.8620084971073907,-2.5866554710900966,-1.1950256852510575,1.328743755464727,651.25
522,-1.182432506974361,-1.826454881191204,-1.8617215461646013,-2.586726180451763,-1.1951102113239327,1.3405626897431697,652.5
523,-1.1824325001003748,-1.8264548873569497,-1.8617215462870524,-2.5867261834802577,-1.195110210618244,1.3621297550907785,653.75
524,-1.1824324900391274,-1.8264548963815668,-1.8617215464662804,-2.586726187912975,-1.1951102095853492,1.3936968204383842,655.0
525,-1.1824324767906196,-1.8264549082650552,-1.8617215467022852,-2.5867261937499144,-1.1951102082252476,1.435263885785994,656.25
526,-1.1824324605672547,-1.8264549228608105,-1.8617215474273805,-2.5867261993930906,-1.1951102083673384,1.4868309487548075,657.5
527,-1.1824324416265246,-1.8264549399911107,-1.8617215491656478,-2.5867262029053117,-1.1951102122293509,1.5483980073061987,658.75
528,-1.182432418421217,-1.8264549590448316,-1.8617215514109193,-2.586726203990775,-1.1951102121593906,1.6199650637621694,660.0
529,-1.1824323831265646,-1.826454974365089,-1.8617215556427933,-2.5867261829105166,-1.195110178131378,1.7015321058612032,661.25
530,-1.1824323434904738,-1.8264549915547055,-1.861721560426112,-2.5867261591033164,-1.1951101398111923,1.7930991428256418,662.5
531,-1.1824322995050456,-1.8264550106087998,-1.861721565778809,-2.5867261324908184,-1.1951100971326512,1.8946661727978196,663.75
532,-1.1824322464635386,-1.8264550233598122,-1.861721561634936,-2.5867261230543894,-1.1951100441418783,2.0062331911911837,665.0
533,-1.1824321886014155,-1.8264550371416552,-1.861721556977713,-2.586726113058473,-1.195109986307995,2.127800202511935,666.25
534,-1.182432125761953,-1.8264550454543431,-1.8617215454770717,-2.586726115314595,-1.1951099234334648,2.259367207633958,667.5
535,-1.1824320579842604,-1.826455049473466,-1.8617215282844217,-2.5867261274909548,-1.1951098555717459,2.40093421014881,668.75
536,-1.1824319884803542,-1.8264550463347375,-1.8617215036393833,-2.5867261542301137,-1.1951097858665924,2.5525012088567927,670.0
537,-1.1824319169303288,-1.8264550368156978,-1.8617214721937723,-2.5867261941001254,-1.1951097140094882,2.7140682009977146,671.25
538,-1.1824318526764743,-1.8264550165855644,-1.8617214326673226,-2.5867262528408235,-1.195109649292868,2.8797257856171874,672.5
539,-1.1824317947200396,-1.8264549944923154,-1.8617213932987637,-2.586726313375494,-1.1951095908574558,3.0359182442304777,673.75
540,-1.1824317551050694,-1.8264549636042735,-1.861721351135407,-2.5867263857488085,-1.1951095506624974,3.1821107028437194,675.0
541,-1.1824317184415127,-1.8264549346604673,-1.8617213117683575,-2.586726453431095,-1.1951095134564507,3.318303161456936,676.25
542,-1.1824316993628616,-1.82645490135604,-1.861721273655769,-2.586726524469757,-1.195109493803604,3.4444956200701244,677.5
543,-1.182431682452117,-1.8264548704050934,-1.861721238491299,-2.5867265902457914,-1.1951094763610137,3.5606880786833055,678.75
544,-1.1824316747468928,-1.8264548402712801,-1.8617212069787619,-2.586726651692456,-1.1951094681569474,3.6668805372964552,680.0
545,-1.1824316737766276,-1.826454811543264,-1.8617211789187522,-2.586726708385271,-1.1951094667249145,3.7630729959095874,681.25
546,-1.1824316729072295,-1.8264547858017677,-1.8617211537758072,-2.5867267591844,-1.1951094654417536,3.84926545452272,682.5
547,-1.1824316762531581,-1.8264547628028291,-1.861721132593571,-2.586726803350886,-1.195109468426928,3.9254579131358405,683.75
548,-1.1824316846056249,-1.8264547424995365,-1.8617211155727356,-2.586726840742627,-1.1951094764726111,3.9916503717489613,685.0
549,-1.1824316916962458,-1.8264547252635561,-1.8617211011233152,-2.5867268724854258,-1.1951094833027955,4.047842830362098,686.25
550,-1.1824316975250215,-1.8264547110948908,-1.8617210892453089,-2.5867268985792817,-1.195109488917482,4.094035288975264,687.5
551,-1.1824317020919515,-1.8264546999935365,-1.861721079938719,-2.5867269190241946,-1.19510949331667,4.1302277475884335,688.75
552,-1.1824317053970355,-1.8264546919594937,-1.8617210732035463,-2.586726933820165,-1.1951094965003592,4.156420206201587,690.0
553,-1.1824317074402741,-1.8264546869927625,-1.86172106903979,-2.586726942967192,-1.1951094984685502,4.172612664814745,691.25
554,-1.1831636753360226,-1.8283526764417173,-1.8591948077277318,-2.5873604408790056,-1.1958402493287732,4.180257013255304,692.5
555,-1.184721448606701,-1.8323919865542833,-1.853818418193047,-2.5887086430844657,-1.1973954333989605,4.1787077719193375,693.75
556,-1.1850262750919347,-1.8331824075107213,-1.8527663605322593,-2.5889724595275743,-1.19769975694491,4.168658302102464,695.0
557,-1.1850262736707526,-1.833182413879486,-1.8527663637070253,-2.588972456429271,-1.1976997629727655,4.149369320430923,696.25
558,-1.1850262715127864,-1.8331824235500145,-1.8527663685276876,-2.588972451724713,-1.1976997721256466,4.120080338759385,697.5
559,-1.185026268618036,-1.8331824365223057,-1.8527663749942462,-2.588972445413899,-1.1976997844035528,4.080791357087843,698.75
560,-1.1850262649272885,-1.8331824528542324,-1.8527663829299763,-2.5889724381682946,-1.1976997992907423,4.03150237578858,700.0
561,-1.1850262600218526,-1.8331824729550048,-1.8527663910852676,-2.5889724347357856,-1.1976998131404306,3.9722133970576596,701.25
562,-1.1850262542890395,-1.833182496446083,-1.8527664006160744,-2.588972430724332,-1.1976998293260825,3.902924418326757,702.5
563,-1.1850262542516952,-1.8331825204054422,-1.8527664221963631,-2.588972389426808,-1.197699831142656,3.82363545438436,703.75
564,-1.1850262549918882,-1.8331825470291458,-1.8527664478040013,-2.588972338417086,-1.1976998311167293,3.734346494463117,705.0
565,-1.1850262557877602,-1.8331825766161067,-1.8527664763468823,-2.588972281402868,-1.1976998308588604,3.6350575442865845,706.25
566,-1.1850262681192678,-1.8331826063926346,-1.8527665089821008,-2.588972219473334,-1.1976998432711028,3.5257686030216164,707.5
567,-1.1850262853695763,-1.8331826379700902,-1.8527665450079651,-2.5889721521444815,-1.1976998610267995,3.406479669310957,708.75
568,-1.1850263098266312,-1.8331826696909785,-1.8527665834125062,-2.5889720824194673,-1.197699886025174,3.2771907425834605,710.0
569,-1.185026347095041,-1.8331826991198223,-1.85276662356803,-2.5889720134721967,-1.1976999238509043,3.1379018198350597,711.25
570,-1.1850263920826958,-1.8331827271439392,-1.85276666476733,-2.588971944998059,-1.1976999693894135,2.9886128993827095,712.5
571,-1.1850264508263686,-1.8331827495530233,-1.8527667048094236,-2.5889718834868276,-1.1977000286213082,2.829323985761778,713.75
572,-1.1850265185917783,-1.83318276558772,-1.852766741482538,-2.5889718318358366,-1.197700096791994,2.662960795664846,715.0
573,-1.1850265883407944,-1.8331827748877552,-1.8527667722433512,-2.588971792842566,-1.1977001668422582,2.504489870753356,716.25
574,-1.1850266576582194,-1.8331827739525912,-1.8527667929444684,-2.588971774109183,-1.1977002362953675,2.3560189458419023,717.5
575,-1.1850267235469576,-1.83318277006651,-1.8527668097152383,-2.588971762197625,-1.1977003022648716,2.2175480209304936,718.75
576,-1.1850267844130367,-1.8331827586417817,-1.8527668176100331,-2.5889717666046446,-1.1977003630795389,2.0890770960190657,720.0
577,-1.1850268404468123,-1.8331827453089518,-1.8527668221481703,-2.5889717761989335,-1.1977004190207043,1.9706061711076819,721.25
578,-1.1850268903549135,-1.833182730546603,-1.8527668233905668,-2.5889717904230123,-1.197700468799882,1.8621352461963152,722.5
579,-1.1850269328747736,-1.8331827120438922,-1.8527668187028126,-2.5889718141968308,-1.1977005111145906,1.7636643212849634,723.75
580,-1.1850269710766237,-1.833182695420188,-1.8527668144911065,-2.588971835556353,-1.1977005491321229,1.6751933963736327,725.0
581,-1.185027003915902,-1.8331826798506463,-1.8527668096299874,-2.588971856433983,-1.1977005817923787,1.5967224714622972,726.25
582,-1.1850270282672648,-1.833182662867332,-1.8527668007520348,-2.5889718826115176,-1.1977006059235231,1.528251546550968,727.5
583,-1.1850270490621746,-1.8331826483643867,-1.8527667931706842,-2.588971904965891,-1.197700626530377,1.4697806216396347,728.75
584,-1.185027066300632,-1.8331826363418124,-1.8527667868859314,-2.5889719234971054,-1.197700643612941,1.421309696728276,730.0
585,-1.1850270799826366,-1.8331826267996068,-1.8527667818977815,-2.5889719382051593,-1.197700657171214,1.3828387718169124,731.25
586,-1.1850270901081876,-1.833182619737769,-1.8527667782062343,-2.5889719490900522,-1.1977006672051966,1.3543678469055587,732.5
587,-1.1850270966772856,-1.8331826151562995,-1.8527667758112891,-2.588971956151784,-1.1977006737148876,1.3358969219942007,733.75
588,-1.1854268357900335,-1.8342319122708801,-1.8513620572041136,-2.5893302123290685,-1.1980997113284102,1.3264781180668497,735.0
589,-1.1869831674926572,-1.838317255070661,-1.8458929296895354,-2.5907250338379324,-1.1996533121782382,1.3257275631053682,736.25
590,-1.1875861656708475,-1.8399001240240636,-1.8437739156926634,-2.5912654585054455,-1.2002552544813048,1.3339846128583914,737.5
591,-1.187586160306853,-1.8399001288268073,-1.8437739157594983,-2.591265460973667,-1.2002552538207927,1.3509590540122742,738.75
592,-1.1875861517828166,-1.8399001364589487,-1.8437739158657072,-2.5912654648959697,-1.2002552527711585,1.377933495166154,740.0
593,-1.1875861400987384,-1.8399001469204874,-1.8437739160112896,-2.5912654702723534,-1.2002552513324027,1.4149079363200374,741.25
594,-1.1875861252546183,-1.8399001602114233,-1.8437739161962463,-2.591265477102818,-1.2002552495045251,1.4618823774739256,742.5
595,-1.187586107813778,-1.8399001759494586,-1.8437739175493075,-2.5912654812433087,-1.2002552521898757,1.5188568066710597,743.75
596,-1.1875860873858048,-1.839900194399547,-1.843773919288203,-2.5912654855658777,-1.2002552559908644,1.5858312344170151,745.0
597,-1.1875860574946842,-1.83990021087679,-1.8437739226272598,-2.5912654737862364,-1.2002552358093983,1.6628056511066018,746.25
598,-1.1875860203207558,-1.839900226988519,-1.8437739271107185,-2.591265451598339,-1.2002551999921258,1.7497800623150837,747.5
599,-1.187585978840205,-1.8399002449314468,-1.8437739321873667,-2.5912654265226367,-1.2002551597815108,1.8467544617102298,748.75
600,-1.1875859306341432,-1.8399002604902388,-1.8437739325697944,-2.5912654091170673,-1.2002551122334995,1.9537288544601539,750.0
601,-1.1875858756380955,-1.8399002735530623,-1.8437739281146572,-2.591265399672446,-1.2002550572700983,2.0707032391511575,751.25
602,-1.1875858158949824,-1.8399002863853855,-1.8437739219467846,-2.591265392111591,-1.2002549975410994,2.1976776160241647,752.5
603,-1.1875857511156582,-1.839900290187281,-1.8437739053994329,-2.5912654039024177,-1.2002549326798986,2.334651987485002,753.75
604,-1.187585682118461,-1.8399002930242379,-1.843773886594518,-2.591265418850327,-1.2002548635765915,2.4816263582484486,755.0
605,-1.1875856134492402,-1.8399002838500271,-1.8437738562030876,-2.591265457364491,-1.2002547946091455,2.6386007219367578,756.25
606,-1.1875855444985124,-1.8399002699272433,-1.8437738211019865,-2.591265505319497,-1.200254725282769,2.8046163514168416,757.5
607,-1.1875854855653496,-1.8399002474326998,-1.8437737807891426,-2.5912655671839055,-1.200254665857142,2.9653980387074896,758.75
608,-1.1875854381217275,-1.8399002208834605,-1.843773740120962,-2.5912656336187987,-1.200254617880591,3.116179725998099,760.0
609,-1.1875854006832611,-1.8399001913142086,-1.8437736996405423,-2.5912657030270827,-1.2002545798822202,3.256961413288682,761.25
610,-1.1875853736890907,-1.8399001604603695,-1.843773661174192,-2.591265771858392,-1.200254552330186,3.3877431005792262,762.5
611,-1.187585356323137,-1.8399001286767778,-1.843773624812203,-2.591265839656388,-1.2002545344123645,3.5085247878697476,763.75
612,-1.1875853416921327,-1.8399000992164514,-1.843773591566191,-2.5912659020624496,-1.200254519273033,3.61930647516026,765.0
613,-1.1875853406864956,-1.8399000694915861,-1.8437735623212879,-2.59126596093481,-1.200254517784555,3.720088162450755,766.25
614,-1.1875853397806424,-1.8399000427161565,-1.8437735359781873,-2.5912660139655967,-1.2002545164437701,3.810869849741239,767.5
615,-1.187585338974573,-1.83990001889016,-1.8437735125368921,-2.591266061154811,-1.2002545152506787,3.891651537031708,768.75
616,-1.1875853473169353,-1.8398999974825838,-1.8437734943087196,-2.5912661008558895,-1.2002545232651087,3.9624332243222002,770.0
617,-1.1875853548922386,-1.8398999790753077,-1.8437734787609357,-2.5912661348731323,-1.2002545305593177,4.023214911612679,771.25
618,-1.1875853612212286,-1.8398999636964584,-1.8437734657711211,-2.591266163293748,-1.2002545366534603,4.073996598903188,772.5
619,-1.1875853663039053,-1.839899951346034,-1.843773455339278,-2.5912661861177373,-1.2002545415475359,4.11477828619371,773.75
620,-1.1875853701402683,-1.8398999420240338,-1.843773447465407,-2.591266203345099,-1.2002545452415443,4.145559973484209,775.0
621,-1.1875853727303178,-1.8398999357304575,-1.843773442149509,-2.5912662149758345,-1.200254547735486,4.1663416607747195,776.25
622,-1.1877247312365153,-1.8402702584402306,-1.8432748456974684,-2.5913954703090583,-1.2003936485061757,4.177540698298397,777.5
623,-1.1891556254241067,-1.8440726994488201,-1.838155375437095,-2.5927225783075336,-1.2018218968972791,4.18061318962603,778.75
624,-1.190109554112575,-1.8466076627684718,-1.8347423969546561,-2.59360731476553,-1.2027740641243456,4.174151844993062,780.0
625,-1.1901095530326504,-1.8466076675497882,-1.834742399318544,-2.5936073125494494,-1.202774068573371,4.1595255065359655,781.25
626,-1.1901095512143836,-1.8466076756000815,-1.8347424032986177,-2.5936073088182385,-1.2027740760641867,4.1348991680788725,782.5
627,-1.190109548657774,-1.8466076869193517,-1.8347424088948772,-2.593607303571897,-1.2027740865967926,4.100272829621775,783.75
628,-1.1901095453628223,-1.846607701507599,-1.8347424161073222,-2.5936072968104256,-1.2027741001711891,4.0556464911646595,785.0
629,-1.1901095409954379,-1.8466077196861965,-1.8347424239534704,-2.5936072922439175,-1.2027741138478543,4.001020154927339,786.25
630,-1.1901095356396998,-1.8466077413742656,-1.8347424326805803,-2.5936072889386663,-1.202774128366568,3.936393819852994,787.5
631,-1.1901095325006579,-1.8466077650449182,-1.8347424477769458,-2.593607267923644,-1.2027741376279013,3.8617674919465337,788.75
632,-1.1901095331997402,-1.8466077899669688,-1.834742471914687,-2.5936072200421885,-1.2027741376366365,3.7771411733997793,790.0
633,-1.1901095339583099,-1.8466078178173657,-1.834742498964835,-2.593607166244207,-1.2027741374498255,3.682514863778132,791.25
634,-1.1901095390648428,-1.8466078475659324,-1.8347425293526451,-2.593607106971815,-1.2027741419129443,3.5778885609235607,792.5
635,-1.1901095554407333,-1.8466078775398442,-1.8347425637931412,-2.593607042820882,-1.2027741587686844,3.463262266619151,793.75
636,-1.1901095732470346,-1.8466079101275445,-1.8347426012415666,-2.5936069730612306,-1.2027741771104687,3.338635981625651,795.0
637,-1.1901096070530517,-1.8466079390078403,-1.8347426400557145,-2.5936069059409412,-1.2027742114586788,3.2040097021084724,796.25
638,-1.190109645281773,-1.846607969203996,-1.834742681537751,-2.593606834916272,-1.2027742502653918,3.059383423315584,797.5
639,-1.1901096995156952,-1.8466079921792662,-1.8347427209810012,-2.5936067733718895,-1.2027743049923512,2.9047571503440843,798.75
640,-1.190109760360098,-1.846608014055602,-1.8347427614223268,-2.5936067120243718,-1.2027743663259414,2.740186834637382,800.0
641,-1.1901098312895748,-1.8466080235483364,-1.8347427929262048,-2.5936066721144786,-1.2027744375653961,2.5770565767575118,801.25
642,-1.1901098993961476,-1.8466080287541402,-1.8347428193572002,-2.593606641510388,-1.2027745059060642,2.423926318877573,802.5
643,-1.190109966675781,-1.8466080248241414,-1.8347428366037373,-2.5936066291890447,-1.2027745732694681,2.280796060997455,803.75
644,-1.1901100291589912,-1.846608018339062,-1.8347428498508225,-2.593606623343483,-1.2027746357843865,2.1476658031172255,805.0
645,-1.1901100866895478,-1.8466080046861695,-1.8347428545430633,-2.593606633126792,-1.2027746932192604,2.024535545236839,806.25
646,-1.1901101395477733,-1.8466079921420993,-1.8347428588542178,-2.593606642115554,-1.202774745989575,1.9114052873563445,807.5
647,-1.1901101841657984,-1.8466079741776271,-1.8347428552873342,-2.5936066642646214,-1.2027747904134884,1.8082750294757433,808.75
648,-1.190110223890993,-1.8466079569184608,-1.8347428508760493,-2.5936066864815652,-1.2027748299452985,1.715144771595059,810.0
649,-1.1901102593506365,-1.8466079415125254,-1.834742846938429,-2.5936067063129324,-1.2027748652323227,1.632014513714274,811.25
650,-1.1901102866700761,-1.8466079248992795,-1.8347428392701182,-2.5936067309572612,-1.2027748923416524,1.5588842558334601,812.5
651,-1.190110308848994,-1.8466079094481342,-1.8347428311260519,-2.593606754841578,-1.2027749143180697,1.4957539979525607,813.75
652,-1.190110327514713,-1.8466078964444923,-1.8347428242720256,-2.5936067749425558,-1.202774932813365,1.4426237400716584,815.0
653,-1.1901103426672326,-1.846607885888354,-1.8347428187080395,-2.5936067912601954,-1.2027749478275376,1.3994934821907217,816.25
654,-1.190110354306553,-1.8466078777797175,-1.834742814434096,-2.593606803794496,-1.2027749593605876,1.3663632243097739,817.5
655,-1.190110362432674,-1.8466078721185826,-1.834742811450195,-2.5936068125454574,-1.2027749674125148,1.3432329664288787,818.75
656,-1.1901197533919987,-1.8466331204881998,-1.83470862031075,-2.593615821048524,-1.2027843400686296,1.330070868107491,820.0
657,-1.1912866067604015,-1.8497722418068892,-1.8304583983768965,-2.5947350857471183,-1.203948923325975,1.3247808643458505,821.25
658,-1.1925610629788195,-1.853200853069828,-1.8258162251124852,-2.5959575666458417,-1.2052209013182493,1.3292806141734115,822.5
659,-1.1926004522671099,-1.853306834009341,-1.825672736731171,-2.595995355056556,-1.2052602172898679,1.3416550068617554,823.75
660,-1.1926004452982597,-1.8533068402382427,-1.8256727367830636,-2.5959953583893203,-1.2052602162924972,1.3638980549208917,825.0
661,-1.1926004351963635,-1.853306849267526,-1.8256727368582863,-2.5959953632204247,-1.2052602148467302,1.3961411029800677,826.25
662,-1.1926004219614208,-1.8533068610971908,-1.825672736956839,-2.5959953695498683,-1.2052602129525667,1.4383841510392261,827.5
663,-1.1926004058447564,-1.8533068755592685,-1.8256727375750432,-2.5959953755679526,-1.20526021281982,1.490627192143461,828.75
664,-1.192600387021794,-1.8533068925365175,-1.825672739059331,-2.595995380011509,-1.2052602159909382,1.5528702236213041,830.0
665,-1.1926003634065543,-1.8533069109128635,-1.8256727411862292,-2.595995380398938,-1.2052602129201488,1.625113251849903,831.25
666,-1.1926003286804978,-1.8533069259410073,-1.8256727453999428,-2.5959953596845713,-1.205260179481451,1.7073562667399667,832.5
667,-1.1926002897165233,-1.8533069427856799,-1.8256727501650825,-2.5959953362835386,-1.2052601418439002,1.7995992755515187,833.75
668,-1.192600246264911,-1.8533069610182864,-1.8256727549601006,-2.5959953111989895,-1.2052600996586933,1.9018422774058643,835.0
669,-1.192600194131193,-1.8533069733693508,-1.8256727507080284,-2.5959953023006257,-1.2052600475597528,2.0140852682185493,836.25
670,-1.1926001373516377,-1.8533069868219343,-1.825672746073657,-2.5959952926225744,-1.205259990809244,2.1363282513767037,837.5
671,-1.1926000756886004,-1.8533069941640692,-1.8256727338989185,-2.5959952965379145,-1.2052599291038997,2.268571228495552,838.75
672,-1.1926000092294846,-1.853306998029669,-1.8256727168001885,-2.5959953087902568,-1.2052598625597604,2.410814203427954,840.0
673,-1.1925999414587498,-1.853306994005579,-1.8256726915521062,-2.5959953370386835,-1.2052597945733097,2.5630571741530677,841.25
674,-1.1925998713406165,-1.8533069846072123,-1.8256726602959046,-2.5959953766184043,-1.205259724147063,2.725300138428953,842.5
675,-1.1925998095783832,-1.8533069639558768,-1.8256726206297509,-2.5959954359552615,-1.2052596619111215,2.890543080521981,843.75
676,-1.1925997540291495,-1.8533069419106738,-1.825672581549352,-2.5959954961893796,-1.205259605879077,3.046052818112276,845.0
677,-1.1925997157986985,-1.8533069117119045,-1.825672539915829,-2.5959955673670505,-1.2052595670707527,3.1915625557026654,846.25
678,-1.192599680571521,-1.8533068834253248,-1.8256725011016193,-2.5959956338633843,-1.2052595313035777,3.3270722932932286,847.5
679,-1.192599662741855,-1.8533068508021304,-1.8256724635024941,-2.5959957037297183,-1.2052595129014012,3.452582030883922,848.75
680,-1.1925996463327693,-1.853306820778199,-1.8256724288990753,-2.5959957680294465,-1.2052594959654201,3.5680917684747246,850.0
681,-1.1925996398099916,-1.853306791347003,-1.8256723979843446,-2.595995828197305,-1.2052594889472381,3.673601506065644,851.25
682,-1.192599638867056,-1.8533067635292486,-1.8256723704057898,-2.595995883503451,-1.2052594875475735,3.7691112436566656,852.5
683,-1.1925996380228467,-1.8533067386240558,-1.825672345714742,-2.5959959330189677,-1.2052594862944555,3.8546209812477543,853.75
684,-1.1925996419283327,-1.8533067163609251,-1.8256723251077656,-2.595995975886646,-1.2052594898446891,3.9301307188389343,855.0
685,-1.192599649993402,-1.8533066967741765,-1.8256723084330426,-2.5959960122152483,-1.205259497607422,3.9956404564301384,856.25
686,-1.1925996568273463,-1.853306680177328,-1.8256722943036992,-2.595996042998324,-1.205259504185181,4.05115019402139,857.5
687,-1.192599662430165,-1.8533066665703797,-1.8256722827197345,-2.5959960682358725,-1.2052595095779663,4.096659931612661,858.75
688,-1.1925996668018588,-1.8533066559533296,-1.8256722736811515,-2.5959960879278934,-1.2052595137857778,4.132169669203949,860.0
689,-1.192599669942427,-1.8533066483261778,-1.8256722671879497,-2.5959961020743876,-1.2052595168086153,4.157679406795214,861.25
690,-1.19259967185187,-1.853306643688924,-1.8256722632401299,-2.5959961106753546,-1.2052595186464787,4.17318914438647,862.5
691,-1.1933845187305636,-1.855444213478914,-1.822761992924934,-2.5967742662157405,-1.2060427612235192,4.180340447919655,863.75
692,-1.1948310957029529,-1.8593840477793302,-1.8173979755679868,-2.5982085044542935,-1.2074863822542725,4.178180829604259,865.0
693,-1.1950562457513305,-1.8599972620147784,-1.8165631009012064,-2.598431733331638,-1.207711075955697,4.167708977932245,866.25
694,-1.195056244284799,-1.859997268431689,-1.816563104050527,-2.5984317304956246,-1.2077110818256578,4.147881353741181,867.5
695,-1.195056242078627,-1.859997278084948,-1.8165631087881973,-2.598431726229276,-1.2077110906561146,4.118053729550091,868.75
696,-1.1950562391328143,-1.8599972909745557,-1.8165631151142172,-2.5984317205325933,-1.2077111024470675,4.078226105358999,870.0
697,-1.19505623536153,-1.8599973071819254,-1.8165631227795267,-2.598431714340222,-1.2077111164356826,4.028398482260012,871.25
698,-1.1950562303976393,-1.8599973270552967,-1.8165631307187902,-2.598431711650038,-1.207711129358996,3.968570864237983,872.5
699,-1.1950562246040497,-1.8599973502504399,-1.8165631399850763,-2.598431708510198,-1.207711144442401,3.898743246215986,873.75
700,-1.1950562249265775,-1.8599973736131454,-1.8165631621036709,-2.5984316655797044,-1.2077111452177354,3.818915644017302,875.0
701,-1.1950562256527442,-1.8599973997285657,-1.816563187628301,-2.5984316150857025,-1.207711145147834,3.7290880456642683,876.25
702,-1.1950562264361784,-1.8599974287333847,-1.816563216058867,-2.598431558695681,-1.2077111448676647,3.6292604565683266,877.5
703,-1.195056239309242,-1.859997457735531,-1.8165632486193672,-2.5984314975432827,-1.207711157907684,3.519432877030007,878.75
704,-1.1950562562253861,-1.8599974886828727,-1.8165632844526893,-2.598431431028077,-1.207711175333141,3.399605304968743,880.0
705,-1.1950562810515746,-1.8599975193976035,-1.8165633225415085,-2.598431362630985,-1.2077112007007913,3.2697777397705257,881.25
706,-1.1950563175696478,-1.8599975482415956,-1.8165633624555966,-2.598431294496664,-1.2077112377767447,3.1299501782478565,882.5
707,-1.1950563624496158,-1.8599975751471982,-1.8165634030968105,-2.598431227694377,-1.207711283200403,2.9801226193120027,883.75
708,-1.1950564199803713,-1.8599975971299516,-1.8165634428786106,-2.5984311668511806,-1.2077113412199494,2.8202950671063616,885.0
709,-1.1950564867099611,-1.85999761211463,-1.8165634786697265,-2.598431117115414,-1.2077114083436893,2.6540088633260632,886.25
710,-1.1950565545526963,-1.8599976212196974,-1.8165635090224252,-2.598431078698315,-1.2077114764864103,2.496083155007308,887.5
711,-1.1950566222431784,-1.85999761968832,-1.8165635288539739,-2.598431061407645,-1.207711544301758,2.3481574466883828,888.75
712,-1.1950566862979404,-1.8599976159777079,-1.8165635453935698,-2.5984310495277985,-1.207711608437518,2.210231738369348,890.0
713,-1.1950567454311483,-1.8599976043623645,-1.8165635525982708,-2.598431054792411,-1.2077116675109185,2.0823060300501384,891.25
714,-1.19505679986792,-1.859997591475378,-1.8165635570702925,-2.598431063987565,-1.2077117218565772,1.9643803217308284,892.5
715,-1.1950568481018782,-1.859997576778862,-1.8165635578051276,-2.5984310786316334,-1.2077117699559383,1.8564546134113797,893.75
716,-1.1950568893702809,-1.859997558877567,-1.8165635531884985,-2.5984311017189334,-1.2077118110216412,1.758528905091865,895.0
717,-1.195056926424429,-1.8599975428043252,-1.8165635490433047,-2.5984311224486,-1.2077118478937887,1.670603196772238,896.25
718,-1.195056957952184,-1.859997527522725,-1.816563543935408,-2.598431143268721,-1.2077118792403032,1.5926774884525627,897.5
719,-1.1950569815285514,-1.859997511117356,-1.8165635352143286,-2.598431168703671,-1.2077119025993408,1.5247517801328083,898.75
720,-1.1950570016340138,-1.85999749712718,-1.8165635277771632,-2.5984311903940966,-1.2077119225194686,1.4668260718130348,900.0
721,-1.1950570182685722,-1.8599974855521995,-1.816563521623909,-2.5984312083399983,-1.207711939000688,1.4189003634932222,901.25
722,-1.1950570314322255,-1.8599974763924116,-1.8165635167545702,-2.5984312225413753,-1.2077119520429973,1.3809746551734055,902.5
723,-1.1950570411249737,-1.8599974696478159,-1.8165635131691462,-2.5984312329982266,-1.207711961646397,1.3530489468535984,903.75
724,-1.195057047346817,-1.8599974653184126,-1.8165635108676375,-2.5984312397105533,-1.2077119678108865,1.3351232385338088,905.0
725,-1.1954973307181005,-1.8612114634076984,-1.8149015924495508,-2.598882200140248,-1.2081513068094971,1.3261065104563636,906.25
726,-1.1969721217213174,-1.8652779563460373,-1.8093347278871665,-2.6003927554349797,-1.2096229348659189,1.3258298796396681,907.5
727,-1.1974808643413697,-1.8666807400876617,-1.8074143769529523,-2.6009138391394817,-1.21013058852978,1.3344213179857762,908.75
728,-1.1974808589432104,-1.8666807449046436,-1.8074143769676265,-2.60091384181194,-1.210130587651839,1.3517994811426022,910.0
729,-1.1974808504387617,-1.866680752493484,-1.807414376990745,-2.6009138460222236,-1.2101305862687002,1.3791776442994603,911.25
730,-1.1974808388280245,-1.8666807628541835,-1.8074143770223072,-2.6009138517703323,-1.2101305843803636,1.4165558074563227,912.5
731,-1.197480824110998,-1.8666807759867423,-1.807414377062314,-2.6009138590562664,-1.210130581986829,1.4639339706131893,913.75
732,-1.1974808068682006,-1.866680791508541,-1.8074143782417682,-2.6009138637850198,-1.2101305842448795,1.5213121173583066,915.0
733,-1.1974807866654709,-1.866680809705736,-1.80741437971481,-2.6009138690191866,-1.2101305872978345,1.5886902629358222,916.25
734,-1.1974807569207062,-1.8666808255952527,-1.807414383028033,-2.600913856827633,-1.21013056588724,1.6660683967265517,917.5
735,-1.197480720468344,-1.8666808413465497,-1.80741438747931,-2.6009138350940355,-1.2101305308054595,1.7534465256300853,918.75
736,-1.1974806798128994,-1.8666808588776438,-1.8074143925226012,-2.6009138105209257,-1.210130491438298,1.8508246421331225,920.0
737,-1.1974806324020688,-1.8666808737503193,-1.807414392508244,-2.600913794297537,-1.2101304446435015,1.9582027519420246,921.25
738,-1.1974805785347127,-1.8666808864821385,-1.807414388081622,-2.6009137851675916,-1.2101303908098804,2.075580853754758,922.5
739,-1.1974805200189431,-1.8666808985437162,-1.8074143815171246,-2.6009137787875867,-1.2101303323050014,2.202958947829268,923.75
740,-1.1974804565994954,-1.866680902204378,-1.8074143650800116,-2.600913790626162,-1.2101302688028683,2.3403370366592298,925.0
741,-1.1974803892773684,-1.8666809043995711,-1.807414345959821,-2.600913806550979,-1.210130201365757,2.487715124487269,926.25
742,-1.197480322073543,-1.8666808953707272,-1.8074143157813438,-2.6009138447268105,-1.210130133863141,2.6450932053268392,927.5
743,-1.1974802551755803,-1.8666808811921844,-1.8074142806082638,-2.600913893037596,-1.2101300665819505,2.8112439157329994,928.75
744,-1.1974801977933816,-1.8666808592633994,-1.807414240781983,-2.6009139538734964,-1.2101300087095797,2.9716152352792156,930.0
745,-1.1974801522072922,-1.8666808329871278,-1.8074142003877904,-2.600914019789861,-1.2101299625877666,3.1219865548255354,931.25
746,-1.197480115765845,-1.866680804207216,-1.8074141604101546,-2.6009140879236092,-1.2101299255896036,3.2623578743719976,932.5
747,-1.1974800901270903,-1.8666807739205646,-1.8074141223590077,-2.600914155795446,-1.2101298993933027,3.3927291939185986,933.75
748,-1.1974800732300028,-1.8666807430204881,-1.8074140864657773,-2.6009142222521495,-1.2101298819480064,3.5131005134653357,935.0
749,-1.1974800595613686,-1.8666807142560158,-1.807414053704875,-2.600914283495068,-1.2101298677736432,3.6234718330121836,936.25
750,-1.1974800585807885,-1.8666806853903586,-1.807414024856308,-2.600914341116723,-1.21012986631393,3.7238431525591245,937.5
751,-1.1974800576979037,-1.8666806594005925,-1.8074139988819202,-2.6009143929975287,-1.2101298649996481,3.8142144721062796,938.75
752,-1.1974800569127142,-1.8666806362867148,-1.8074139757817158,-2.6009144391374863,-1.210129863830798,3.8945857916535136,940.0
753,-1.1974800654041213,-1.866680615518959,-1.8074139579346022,-2.6009144778235918,-1.210129871997977,3.9649571112007624,941.25
754,-1.1974800727469106,-1.8666805976990208,-1.8074139426386653,-2.60091451100144,-1.2101298790626862,4.0253284307480195,942.5
755,-1.197480078873429,-1.8666805828308077,-1.8074139298763687,-2.600914538683658,-1.210129884957186,4.075699750295219,943.75
756,-1.197480083783676,-1.8666805709143177,-1.8074139196477153,-2.600914560870245,-1.2101298896814763,4.116071069842372,945.0
757,-1.197480087477652,-1.8666805619495488,-1.8074139119527053,-2.600914577561201,-1.210129893235557,4.1464423893895646,946.25
758,-1.197480089955357,-1.866680555936502,-1.8074139067913388,-2.600914588756526,-1.2101298956194284,4.166813708936768,947.5
759,-1.197643789505801,-1.8671375292788857,-1.80678493078175,-2.6010877143937243,-1.2102932271321536,4.177697880038154,948.75
760,-1.199017748408743,-1.8709730425335764,-1.801505806396882,-2.6025407508764253,-1.2116640975045296,4.18042967000588,950.0
761,-1.1998716940980676,-1.8733569030472799,-1.7982247131963212,-2.6034438438649175,-1.2125161259811477,4.1737188271056755,951.25
762,-1.1998716929946056,-1.8733569078204488,-1.7982247155236626,-2.603443841852113,-1.212516130273467,4.158820947704786,952.5
763,-1.1998716911504599,-1.8733569157975434,-1.7982247194132004,-2.603443838488241,-1.2125161374469478,4.133923068303879,953.75
764,-1.1998716885656302,-1.873356926978563,-1.7982247248649346,-2.6034438337733015,-1.21251614750159,4.099025188902981,955.0
765,-1.199871685240117,-1.8733569413635078,-1.7982247318788651,-2.6034438277072933,-1.2125161604373935,4.054127309502109,956.25
766,-1.1998716808275132,-1.873356959276921,-1.798224739461912,-2.6034438239931994,-1.2125161731446423,3.999229434230789,957.5
767,-1.1998716754388592,-1.87335698061477,-1.7982247479324067,-2.603443821444027,-1.2125161866201564,3.9343315608623426,958.75
768,-1.1998716724668221,-1.8733570037550107,-1.798224763132179,-2.603443800064782,-1.2125161947640322,3.859433695160432,960.0
769,-1.1998716731524515,-1.8733570281298457,-1.7982247871344232,-2.6034437528083516,-1.2125161947447556,3.774535838395967,961.25
770,-1.1998716738965638,-1.8733570553579224,-1.798224814027768,-2.603443699715165,-1.212516194529901,3.6796379910618673,962.5
771,-1.1998716792867652,-1.8733570843443657,-1.7982248442662083,-2.603443641276822,-1.212516199317829,3.5747401505344065,963.75
772,-1.1998716953151027,-1.8733571136493437,-1.7982248784706998,-2.6034435780220146,-1.2125162158284035,3.459842318507477,965.0
773,-1.1998717127401413,-1.8733571455037954,-1.7982249156552335,-2.603443509250771,-1.2125162337910744,3.334944495586892,966.25
774,-1.1998717462407975,-1.8733571735591514,-1.7982249541401374,-2.603443443279793,-1.2125162678326875,3.20004667839655,967.5
775,-1.1998717836349713,-1.873357203084437,-1.7982249953166904,-2.603443373216935,-1.2125163058043735,3.0551488617890956,968.75
776,-1.1998718370824502,-1.8733572252843265,-1.7982250343131554,-2.60344331288181,-1.2125163597408253,2.9002510511583033,970.0
777,-1.1998718965286854,-1.8733572462796237,-1.7982250740167618,-2.6034432531310214,-1.212516419669055,2.7362885489839233,971.25
778,-1.1998719639289828,-1.8733572553423663,-1.7982251043972561,-2.603443214723102,-1.2125164873708814,2.5775072870819047,972.5
779,-1.1998720284039242,-1.873357260633417,-1.7982251301051262,-2.6034431847055064,-1.212516552078136,2.4287260251798877,973.75
780,-1.1998720920900392,-1.873357256969812,-1.7982251466725692,-2.603443172747162,-1.212516615846023,2.2899447632778243,975.0
781,-1.1998721511310122,-1.8733572519183843,-1.7982251603884833,-2.6034431649547702,-1.2125166749353056,2.1611635013756643,976.25
782,-1.1998722053105766,-1.8733572391214748,-1.7982251648723981,-2.6034431740461796,-1.2125167290236045,2.042382239473476,977.5
783,-1.199872254928855,-1.8733572274019212,-1.798225168978812,-2.6034431823722,-1.2125167785583006,1.9336009775712641,978.75
784,-1.199872297560867,-1.873357212326809,-1.7982251675374188,-2.6034431994877965,-1.2125168210353314,1.834819715669041,980.0
785,-1.1998723345301938,-1.873357196315671,-1.798225163370235,-2.6034432201777586,-1.2125168578214418,1.7460384537667721,981.25
786,-1.1998723673354308,-1.8733571821079735,-1.7982251596724217,-2.603443238537279,-1.2125168904640993,1.667257191864482,982.5
787,-1.1998723951101102,-1.873357169019572,-1.7982251554898836,-2.6034432561897694,-1.212516918083529,1.5984759299622044,983.75
788,-1.1998724152693905,-1.8733571550095403,-1.7982251479763431,-2.6034432779781893,-1.2125169380551908,1.539694668059949,985.0
789,-1.1998724319991287,-1.8733571433829266,-1.798225141741023,-2.6034432960599143,-1.212516954629229,1.490913406157739,986.25
790,-1.1998724452993252,-1.8733571341397317,-1.7982251367839222,-2.6034433104349453,-1.2125169678056436,1.452132144255526,987.5
791,-1.1998724551699802,-1.8733571272799554,-1.7982251331050407,-2.603443321103281,-1.2125169775844342,1.4233508823533074,988.75
792,-1.199872461611093,-1.8733571228035966,-1.7982251307043806,-2.6034433280649223,-1.212516983965601,1.404569620451106,990.0
793,-1.1998664886049866,-1.8733406460237445,-1.798248590321699,-2.603436304926053,-1.21251102952704,1.3957673522287142,991.25
794,-1.19928441238182,-1.8717359805860634,-1.8005337113821311,-2.6027519200068525,-1.2119307645547377,1.3957728512455962,992.5
795,-1.1992058423675394,-1.8715193897534526,-1.8008421513978514,-2.602659540418339,-1.2118524390465035,1.4047895536485009,993.75
796,-1.1990476812705813,-1.8710833943644152,-1.8014630387631403,-2.602473580736439,-1.2116947701409755,1.4237973878820622,995.0
797,-1.198806311800163,-1.8704180222964362,-1.802410574266065,-2.6021897878771165,-1.2114541518033393,1.4528052221156158,996.25
798,-1.198481733956284,-1.8695232735495144,-1.8036847579066264,-2.601808161840371,-1.2111305840335944,1.4918130563491894,997.5
799,-1.1980692346617088,-1.8683984551663015,-1.8052796233765056,-2.601335315843376,-1.2107193267043137,1.5408210155602051,998.75
800,-1.1975724621843813,-1.867044104103086,-1.8071997879296444,-2.6007661313201735,-1.2102240490203888,1.5998289773886953,1000.0
801,-1.196990960725769,-1.8654601434416616,-1.8094446968718774,-2.600101235212007,-1.2096442929063136,1.6688369561828598,1001.25
802,-1.196320550202293,-1.8636458823518722,-1.8120092303717967,-2.5993463956582312,-1.2089758569033608,1.747845071446955,1002.5
803,-1.1955647392013873,-1.8616018956012057,-1.814897696790511,-2.598496765286558,-1.2082222673998273,1.8368532024270106,1003.75
804,-1.1947179585765852,-1.8593272067307474,-1.8181033953254229,-2.5975599653727004,-1.2073779253539683,1.9358614988754785,1005.0
805,-1.1937823746520744,-1.8568221616696534,-1.821629007460365,-2.596532990237879,-1.2064450089823997,2.0448698855748426,1006.25
806,-1.1927564384155538,-1.8540864728909918,-1.8254727046736694,-2.5954179403380087,-1.2054219610819812,2.1638783918564557,1007.5
807,-1.1916354683323924,-1.8511191807655574,-1.8296291613370799,-2.5942210534194645,-1.2043040759859047,2.2928871281670493,1008.75
808,-1.1904206327319717,-1.8479204458310399,-1.8340998818871022,-2.5929406760180327,-1.2030925285777443,2.4318960403208023,1010.0
809,-1.1891097736134046,-1.8444897684280779,-1.8388825391698371,-2.591579612784998,-1.2017851501146315,2.5809051610693725,1011.25
810,-1.1877006823877332,-1.8408265972690652,-1.8439748406189094,-2.5901406847051582,-1.2003797212833005,2.739914521984077,1012.5
811,-1.1862673208332324,-1.8371262350381885,-1.8491035201395802,-2.5887023647288507,-1.1989500022297617,2.900429851932244,1013.75
812,-1.1849127680378815,-1.833652626269862,-1.8539040630627013,-2.5873659448161668,-1.1975988173275995,3.0510068049463355,1015.0
813,-1.1836396624996675,-1.8304076193881922,-1.8583768759184338,-2.586129195053637,-1.1963288144321276,3.191583944077614,1016.25
814,-1.1824487470836715,-1.8273913341230927,-1.8625228774038038,-2.5849910843731196,-1.1951407404627643,3.322161257426668,1017.5
815,-1.1813414087855576,-1.8246040544243414,-1.8663436473453165,-2.583949763037883,-1.1940359895750536,3.4427387183197604,1018.75
816,-1.1803212552201088,-1.8220466932346246,-1.8698429014862794,-2.583000639811355,-1.193018186812258,3.5533162650593124,1020.0
817,-1.1793887989079619,-1.8197193766188766,-1.873021175887036,-2.582143057869508,-1.1920878471953946,3.6538938969278076,1021.25
818,-1.1785438698615485,-1.817622016007114,-1.8758783989029726,-2.5813771753999792,-1.1912448002304254,3.7444716163632283,1022.5
819,-1.1777906528392132,-1.8157557730875724,-1.8784186479080558,-2.580697797361637,-1.1904932501837906,3.825049364039758,1023.75
820,-1.1771269755786067,-1.8141200130426927,-1.880639878813947,-2.5801075796197814,-1.1898310148871523,3.895627173969241,1025.0
821,-1.1765560088664764,-1.8127156415253376,-1.8825451230362087,-2.5796026186137673,-1.1892612797314974,3.956205006650157,1026.25
822,-1.176079295561387,-1.811543099285329,-1.884135855474546,-2.579181014998347,-1.1887855946813755,4.006782839331012,1027.5
823,-1.1756941296627796,-1.8106015919745797,-1.885409538058017,-2.5788460724646542,-1.1884012414216603,4.047360713511955,1028.75
824,-1.1754035195249741,-1.809892002468055,-1.8863689929002136,-2.578594117962293,-1.1881112419979112,4.077938594283096,1030.0
825,-1.1752079487196785,-1.8094144727016528,-1.8870146735965245,-2.5784245610937795,-1.187916082182544,4.09851647505423,1031.25
826,-1.175107417246893,-1.8091690026753733,-1.8873465801469487,-2.5783374018591134,-1.1878157619755594,4.109094355825354,1032.5
827,-1.174488941934225,-1.8076620734074145,-1.889382212640731,-2.577804245455487,-1.1871985785354446,4.110439585246626,1033.75
828,-1.1744226783185032,-1.8075010082561809,-1.8895995544670436,-2.577747490819345,-1.1871324523855178,4.102901999181012,1035.0
829,-1.1744222715193253,-1.8075008939162838,-1.8895991825443612,-2.577747972238539,-1.1871320442968538,4.085528154309317,1036.25
830,-1.1744216305755577,-1.8075007137648764,-1.8895985965512265,-2.57774873075195,-1.1871314013214,4.058154309437613,1037.5
831,-1.1744207554370028,-1.8075004678611486,-1.8895977963175312,-2.5777497669966087,-1.187130523014838,4.0207804775034575,1038.75
832,-1.1744196460670158,-1.8075001562481186,-1.8895967817194175,-2.5777510814360536,-1.1871294090538327,3.97340666235958,1040.0
833,-1.1744183025233648,-1.807499778857606,-1.889595552952757,-2.5777526733366747,-1.1871280599500589,3.9160328472156394,1041.25
834,-1.174417818637426,-1.8074996571056645,-1.8895951235909783,-2.5777532195833643,-1.1871275740877778,3.848659044957123,1042.5
835,-1.174417819388707,-1.8074996807946813,-1.889595146130057,-2.5777531738066246,-1.1871275748855394,3.7712852487801296,1043.75
836,-1.17441782022838,-1.8074997075402561,-1.8895951716009876,-2.5777531220303325,-1.1871275757146376,3.6839114573224117,1045.0
837,-1.1744178243799446,-1.807499736566224,-1.8895952002818066,-2.5777530647462017,-1.18712757994575,3.5865376699322487,1046.25
838,-1.1744178402965428,-1.8074997658282186,-1.889595232926181,-2.577753003140996,-1.1871275963394161,3.4791638914795664,1047.5
839,-1.1744178576960254,-1.8074997978150997,-1.8895952686118767,-2.577752935794334,-1.1871276142643636,3.3617901204738088,1048.75
840,-1.1744178878850464,-1.8074998275797327,-1.889595306118915,-2.577752869049088,-1.1871276449806563,3.2344163571903994,1050.0
841,-1.1744179255594858,-1.8074998574429748,-1.889595346019018,-2.577752799931969,-1.1871276832041766,3.097042599165628,1051.25
842,-1.1744179751998256,-1.8074998830128948,-1.8895953855297738,-2.577752735663829,-1.1871277333512,2.9496688428169087,1052.5
843,-1.1744180346902984,-1.8074999057730008,-1.8895954254067662,-2.5777526739781544,-1.1871277933248126,2.792295091808581,1053.75
844,-1.1744181059462568,-1.8074999189796181,-1.8895954598462266,-2.5777526274313596,-1.1871278649391792,2.627979640340208,1055.0
845,-1.1744181764699682,-1.8074999283810989,-1.889595490453119,-2.5777525885004478,-1.1871279357601057,2.4716662651970114,1056.25
846,-1.1744182476786977,-1.807499924493391,-1.889595508672466,-2.5777525752184074,-1.187128007059241,2.325352890053716,1057.5
847,-1.1744183141677362,-1.8074999205120885,-1.8895955253512149,-2.577752563499986,-1.1871280736271885,2.1890395149103847,1058.75
848,-1.174418375431706,-1.8074999064694575,-1.8895955308844266,-2.5777525728817765,-1.1871281348012834,2.0627261397669976,1060.0
849,-1.174418431825929,-1.8074998929546706,-1.8895955354200171,-2.577752582662315,-1.187128191103555,1.9464127646235938,1061.25
850,-1.1744184810064335,-1.8074998762538241,-1.8895955347161433,-2.577752600751795,-1.1871282401268455,1.840099389480165,1062.5
851,-1.1744185236394373,-1.8074998575916128,-1.8895955301387675,-2.577752624572989,-1.1871282825579816,1.7437860143366744,1063.75
852,-1.1744185618459546,-1.8074998408670613,-1.8895955260366444,-2.577752645920885,-1.1871283205835912,1.6574726391932197,1065.0
853,-1.1744185933317646,-1.8074998242616207,-1.889595519980049,-2.5777526690043713,-1.1871283518760776,1.581159264049706,1066.25
854,-1.1744186175089233,-1.8074998073092492,-1.8895955113463085,-2.577752694902069,-1.1871283758389437,1.5148458889062142,1067.5
855,-1.1744186380401875,-1.8074997929132819,-1.889595504014528,-2.577752716894416,-1.1871283961882304,1.458532513762747,1068.75
856,-1.1744186549255575,-1.8074997810737197,-1.8895954979847058,-2.5777527349814138,-1.1871284129239381,1.4122191386193033,1070.0
857,-1.1744186681650326,-1.8074997717905597,-1.8895954932568446,-2.57775274916306,-1.1871284260460657,1.375905763475876,1071.25
858,-1.1744186777586125,-1.8074997650638023,-1.8895954898309446,-2.5777527594393557,-1.187128435554614,1.3495923883324374,1072.5
859,-1.1744186837062978,-1.8074997608934473,-1.8895954877070062,-2.5777527658103008,-1.1871284414495822,1.3332790131889871,1073.75
860,-1.1751742724550758,-1.8093861236162234,-1.8871250211859272,-2.5783423639040217,-1.1878829677249332,1.3255565233668727,1075.0
861,-1.1768024904315706,-1.8134510670752302,-1.8818013943858627,-2.579612887783505,-1.1895088968388459,1.327036482445482,1076.25
862,-1.177124534273315,-1.8142550794185095,-1.8807484286091947,-2.579864187323238,-1.189830490785822,1.337068357291007,1077.5
863,-1.1771245280706242,-1.8142550850017474,-1.8807484287351874,-2.579864189941602,-1.1898304902391286,1.3563487822440716,1078.75
864,-1.1771245186508412,-1.8142550934807913,-1.8807484289265273,-2.5798641939180094,-1.1898304894088867,1.3856292071971548,1080.0
865,-1.177124506013966,-1.8142551048556421,-1.8807484291832148,-2.579864199252459,-1.1898304882950963,1.4249096321501993,1081.25
866,-1.1771244902322826,-1.814255119076052,-1.8807484296537202,-2.5798642053922975,-1.1898304875138332,1.4741900566429864,1082.5
867,-1.1771244718240348,-1.814255135781778,-1.8807484314025098,-2.5798642083752545,-1.1898304914820694,1.533470477920942,1083.75
868,-1.177124450310504,-1.8142551553055888,-1.880748433446302,-2.5798642118614055,-1.1898304961197066,1.6027508991989305,1085.0
869,-1.177124416568498,-1.8142551711536568,-1.8807484373658485,-2.57986419353963,-1.1898304664184784,1.6820313058014975,1086.25
870,-1.1771243774467606,-1.8142551882017282,-1.8807484419878604,-2.5798641701111187,-1.1898304286291017,1.771311708407945,1087.5
871,-1.1771243339135875,-1.8142552071420404,-1.880748447191638,-2.579864143776062,-1.189830386362134,1.8705921013435183,1088.75
872,-1.1771242823603332,-1.8142552216657402,-1.8807484452842618,-2.579864129983511,-1.189830335158973,1.979872485385594,1090.0
873,-1.1771242248791358,-1.8142552354145725,-1.8807484406592232,-2.5798641199940815,-1.1898302777073062,2.0991528618875575,1091.25
874,-1.1771241624462525,-1.8142552462800112,-1.8807484317572958,-2.5798641171035914,-1.18983021526356,2.228433231432649,1092.5
875,-1.1771240949328252,-1.814255250297467,-1.8807484147641054,-2.5798641290877837,-1.189830147667677,2.367713597004062,1093.75
876,-1.1771240243785437,-1.8142552501933809,-1.8807483929135693,-2.579864149993172,-1.1898300769603458,2.516993960246543,1095.0
877,-1.1771239529633863,-1.8142552406455223,-1.880748361816231,-2.579864189547078,-1.189830005242543,2.6762743166391303,1096.25
878,-1.1771238848929935,-1.81425522314324,-1.8807483241842937,-2.579864243617187,-1.1898299367512803,2.8426397633536555,1097.5
879,-1.177123825355858,-1.8142552003418484,-1.8807482841428316,-2.5798643055079933,-1.1898298767279447,3.001122141904049,1098.75
880,-1.177123781030576,-1.8142551709510584,-1.880748242523496,-2.5798643757740156,-1.189829831845126,3.149604520454495,1100.0
881,-1.1771237432879533,-1.8142551410184882,-1.8807482024181588,-2.57986444516437,-1.1898297935504787,3.288086899005015,1101.25
882,-1.1771237198453213,-1.8142551081848903,-1.8807481639619834,-2.5798645160114324,-1.1898297695406335,3.4165692775555874,1102.5
883,-1.1771237023882732,-1.8142550760868417,-1.8807481280506577,-2.579864583669381,-1.189829751540729,3.5350516561062015,1103.75
884,-1.1771236910412464,-1.8142550455884487,-1.8807480955444316,-2.579864646418173,-1.1898297396890805,3.6435340346568266,1105.0
885,-1.1771236900370812,-1.8142550156768809,-1.8807480667848828,-2.5798647049892547,-1.1898297382116056,3.742016413207471,1106.25
886,-1.1771236891348802,-1.8142549888025694,-1.8807480409456017,-2.5798647576129703,-1.189829736884155,3.830498791758173,1107.5
887,-1.1771236902187456,-1.8142549648534048,-1.8807480185008048,-2.579864803954969,-1.1898297375930857,3.908981170308872,1108.75
888,-1.1771236989688787,-1.8142549434914157,-1.880748000880145,-2.579864843007253,-1.1898297460253944,3.97746354885958,1110.0
889,-1.1771237064412914,-1.8142549252487674,-1.880747985832506,-2.5798648763570067,-1.1898297532263926,4.035945927410258,1111.25
890,-1.177123712635984,-1.8142549101254635,-1.8807479733578853,-2.57986490400423,-1.18982975919608,4.084428305960881,1112.5
891,-1.177123717552956,-1.8142548981214999,-1.8807479634562856,-2.5798649259489226,-1.1898297639344568,4.12291068451151,1113.75
892,-1.1771237211922077,-1.8142548892368766,-1.8807479561277078,-2.5798649421910853,-1.1898297674415228,4.151393063062166,1115.0
893,-1.177123723553739,-1.8142548834715937,-1.880747951372152,-2.5798649527307176,-1.189829769717278,4.169875441612804,1116.25
894,-1.1775420141451909,-1.8153119992411062,-1.8793551819577512,-2.580203626771769,-1.1902474360795638,4.179286996394168,1117.5
895,-1.1791672390051877,-1.8194193359678297,-1.8739437144012465,-2.5815194933398358,-1.1918702360768392,4.179990054948005,1118.75
896,-1.1797917045887274,-1.8209975162421141,-1.871864447386886,-2.582025091989374,-1.1924937730775305,4.171669926531204,1120.0
897,-1.1797917033304803,-1.8209975219556356,-1.871864450223949,-2.582025089105951,-1.192493778526338,4.154598912893872,1121.25
898,-1.1797917013351669,-1.8209975310160706,-1.87186445472293,-2.582025084533451,-1.1924937871669936,4.127527899256522,1122.5
899,-1.1797916986027865,-1.8209975434234198,-1.8718644608838293,-2.582025078271876,-1.1924937989994968,4.090456885619196,1123.75
900,-1.17979169513334,-1.8209975591776826,-1.8718644687066466,-2.582025070321224,-1.192493814023848,4.043385871981881,1125.0
901,-1.1797916904557157,-1.8209975787420145,-1.8718644767734873,-2.582025066104495,-1.1924938281785453,3.9863148677671663,1126.25
902,-1.17979168490196,-1.8209976017899763,-1.8718644860837064,-2.5820250617994707,-1.1924938443262012,3.9192438645551375,1127.5
903,-1.1797916833685926,-1.8209976261308678,-1.8718645046459497,-2.5820250296883263,-1.192493850115631,3.84217287240062,1128.75
904,-1.179791684104958,-1.8209976525386289,-1.871864529620742,-2.5820249795794425,-1.192493850156259,3.7551018855150917,1130.0
905,-1.179791684892318,-1.8209976819577065,-1.8718645575432142,-2.5820249233687624,-1.1924938499219946,3.6580309103056017,1131.25
906,-1.1797916938820774,-1.8209977124201069,-1.8718645892092616,-2.582024861939719,-1.1924938586448954,3.550959941723284,1132.5
907,-1.1797917110191296,-1.820997743939927,-1.8718646246116342,-2.58202479529428,-1.192493876274341,3.4338889811551283,1133.75
908,-1.1797917317724675,-1.8209977772123336,-1.871864662805118,-2.582024724161048,-1.1924938975675767,3.3068180283083985,1135.0
909,-1.1797917689001312,-1.820997806669123,-1.8718647023901929,-2.5820246557540933,-1.1924939352439932,3.169747080741777,1136.25
910,-1.1797918103581375,-1.8209978371390392,-1.871864744279901,-2.582024584097457,-1.192493977276253,3.02267613404657,1137.5
911,-1.1797918690001485,-1.8209978596181051,-1.8718647838525873,-2.582024522983544,-1.1924940363998735,2.8656051944572702,1138.75
912,-1.1797919348496664,-1.8209978789343582,-1.871864822633818,-2.582024465922384,-1.1924941026963323,2.6995515010970097,1140.0
913,-1.1797920064518355,-1.8209978885325717,-1.8718648539180411,-2.582024426134484,-1.1924941746038726,2.5388594112914085,1141.25
914,-1.179792076457992,-1.8209978905522048,-1.8718648774764004,-2.582024401605832,-1.192494244791989,2.388167321485793,1142.5
915,-1.1797921442330508,-1.8209978865435867,-1.87186489459224,-2.5820243894976667,-1.192494312648783,2.2474752316801156,1143.75
916,-1.1797922070034486,-1.8209978772426143,-1.8718649051108853,-2.582024389189496,-1.1924943754063984,2.116783141874341,1145.0
917,-1.1797922647955739,-1.8209978634346555,-1.871864909790016,-2.582024399140885,-1.1924944331037153,1.9960910520685946,1146.25
918,-1.1797923173532987,-1.820997849950589,-1.8718649131608942,-2.582024409999515,-1.1924944855605453,1.8853989622627654,1147.5
919,-1.1797923613718222,-1.8209978307131351,-1.8718649084024754,-2.582024434597281,-1.1924945293687834,1.7847068724569284,1148.75
920,-1.1797924010187504,-1.8209978133862075,-1.8718649041166233,-2.582024456752178,-1.19249456882631,1.6940147826510592,1150.0
921,-1.179792436294082,-1.8209977979698038,-1.8718649003033407,-2.582024476464206,-1.192494603933124,1.6133226928451851,1151.25
922,-1.1797924619653744,-1.820997780312509,-1.8718648913839337,-2.5820245033737477,-1.1924946293798429,1.5426306030393069,1152.5
923,-1.1797924838183975,-1.820997765004746,-1.8718648835270428,-2.5820245268209536,-1.192494651037313,1.4819385132334242,1153.75
924,-1.1797925020707838,-1.820997752219186,-1.8718648769646986,-2.5820245464048557,-1.1924946691263665,1.4312464234276063,1155.0
925,-1.179792516722532,-1.8209977419558268,-1.8718648716969033,-2.582024562125453,-1.192494683647003,1.3905543336218145,1156.25
926,-1.1797925277736425,-1.8209977342146677,-1.8718648677236582,-2.5820245739827445,-1.192494694599222,1.3598622438159824,1157.5
927,-1.179792535224115,-1.8209977289957089,-1.8718648650449636,-2.582024581976731,-1.1924947019830234,1.3391701540101533,1158.75
928,-1.1799513575765015,-1.8214040381987842,-1.8713263688841326,-2.5821579078520926,-1.1926532733212283,1.328034111412419,1160.0
929,-1.1814579790223974,-1.8252584912237362,-1.8662179716452203,-2.583422655953852,-1.1941575139282927,1.3250996987439305,1161.25
930,-1.1824235306226265,-1.827728711967272,-1.8629441334121988,-2.5842332001528643,-1.1951215415492131,1.331675498819973,1162.5
931,-1.1824235258943308,-1.8277287162154254,-1.8629441334811478,-2.5842332022490218,-1.1951215410328437,1.346499368271064,1163.75
932,-1.182423517976385,-1.8277287233293307,-1.862944133596609,-2.5842332057592214,-1.1951215401681377,1.371323237722159,1165.0
933,-1.1824235068687885,-1.8277287333089878,-1.8629441337585821,-2.584233210683463,-1.195121538955095,1.4061471071732292,1166.25
934,-1.1824234925715422,-1.8277287461543967,-1.8629441339670676,-2.584233217021746,-1.195121537393716,1.4509709766242895,1167.5
935,-1.1824234755078566,-1.8277287615768094,-1.8629441350766047,-2.5842332216144017,-1.1951215391288446,1.5057948407795716,1168.75
936,-1.1824234555509732,-1.8277287796627113,-1.862944136831245,-2.584233225407803,-1.1951215430687907,1.5706187023943208,1170.0
937,-1.1824234281502406,-1.8277287973685348,-1.8629441397024202,-2.5842332187090404,-1.195121530904403,1.6454425565525719,1171.25
938,-1.1824233914473004,-1.8277288133447127,-1.8629441440502277,-2.58423319680227,-1.195121495521001,1.7302664017095986,1172.5
939,-1.1824233503916277,-1.827728831188378,-1.862944148969547,-2.5842331720552103,-1.1951214557502632,1.8250902377774207,1173.75
940,-1.1824233035455156,-1.8277288483830372,-1.8629441513622171,-2.5842331506858613,-1.1951214098305263,1.9299140671141997,1175.0
941,-1.18242324889483,-1.8277288614160403,-1.862944146937359,-2.584233141246122,-1.1951213552135824,2.044737887946426,1176.25
942,-1.182423189483254,-1.827728875585498,-1.8629441421228055,-2.584233131000831,-1.1951212958281465,2.169561699682546,1177.5
943,-1.182423124968978,-1.8277288804158116,-1.862944126767594,-2.584233140575319,-1.1951212312433181,2.304385505857437,1178.75
944,-1.1824230556333233,-1.8277288844938682,-1.8629441091966707,-2.584233153048852,-1.1951211618219326,2.4492093113907245,1180.0
945,-1.1824229864220017,-1.827728876864618,-1.8629440804533974,-2.5842331883681813,-1.1951210923402018,2.604033110951488,1181.25
946,-1.1824229146116023,-1.827728865745334,-1.8629440475629007,-2.5842332312757654,-1.195121020198445,2.768767761044618,1182.5
947,-1.1824228541543245,-1.8277288425519853,-1.86294400662558,-2.584233294439668,-1.1951209592419443,2.9317032401672543,1183.75
948,-1.1824228021095293,-1.8277288174901472,-1.8629439665043876,-2.5842333587761663,-1.1951209066862885,3.084638719289944,1185.0
949,-1.1824227636315567,-1.8277287869511398,-1.862943925339778,-2.5842334298202467,-1.195120867639475,3.2275741984126727,1186.25
950,-1.1824227323512424,-1.827728756581175,-1.8629438865663608,-2.5842334984119195,-1.1951208358084953,3.3605096775354553,1187.5
951,-1.182422714459576,-1.8277287236767863,-1.862943849512586,-2.5842335680109585,-1.1951208173546317,3.4834451566582927,1188.75
952,-1.1824226980232808,-1.827728693448962,-1.8629438154728875,-2.5842336319485693,-1.1951208004018703,3.5963806357811734,1190.0
953,-1.1824226951845334,-1.8277286630008254,-1.8629437854337412,-2.584233692308131,-1.1951207970724074,3.699316114904062,1191.25
954,-1.1824226942472509,-1.8277286351228201,-1.862943758444918,-2.584233747082806,-1.195120795689406,3.7922515940269657,1192.5
955,-1.1824226934108215,-1.827728610244534,-1.8629437343601303,-2.5842337959636414,-1.195120794455218,3.8751870731499096,1193.75
956,-1.182422699876851,-1.82772858794244,-1.8629437150043169,-2.584233837655452,-1.1951208005802036,3.948122552272866,1195.0
957,-1.1824227078182694,-1.8277285685592262,-1.862943698900859,-2.584233873206217,-1.1951208082302087,4.011058031395805,1196.25
958,-1.182422714497853,-1.8277285522558684,-1.8629436853561245,-2.5842339031082178,-1.1951208146646828,4.063993510518701,1197.5
959,-1.1824227199156017,-1.8277285390323668,-1.8629436743701138,-2.5842339273614554,-1.1951208198836254,4.106928989641579,1198.75
960,-1.1824227240715155,-1.8277285288887195,-1.8629436659428285,-2.58423394596593,-1.1951208238870366,4.139864468764497,1200.0
961,-1.1824227269655943,-1.8277285218249264,-1.8629436600742688,-2.58423395892164,-1.195120826674916,4.162799947887383,1201.25
962,-1.1824377175669687,-1.8277673370644554,-1.862891907801806,-2.58424700271552,-1.1951357921799826,4.175783578554333,1202.5
963,-1.1836847399118458,-1.8309969406802307,-1.8585866010606302,-2.585331586829289,-1.1963807315906654,4.18085898279459,1203.75
964,-1.1849877170147174,-1.8343714646931775,-1.8540881108281604,-2.586464834118473,-1.19768153413538,4.17612592276402,1205.0
965,-1.1850173816768896,-1.8344482984674082,-1.8539856932984353,-2.5864906333821422,-1.1977111541061214,4.163489162654749,1206.25
966,-1.1850173800113093,-1.8344483059372365,-1.8539856969732689,-2.5864906297958408,-1.1977111611088092,4.140947407681563,1207.5
967,-1.1850173776068422,-1.834448316720839,-1.8539857022783364,-2.5864906246185813,-1.1977111712180375,4.108405652708386,1208.75
968,-1.1850173744634882,-1.8344483308182151,-1.8539857092136378,-2.5864906178503615,-1.1977111844338062,4.065863897735234,1210.0
969,-1.1850173703565292,-1.834448348446366,-1.8539857171138712,-2.58649061202043,-1.1977111987989921,4.01332214358165,1211.25
970,-1.1850173651669906,-1.8344483697201792,-1.8539857256268018,-2.5864906084678614,-1.1977112132774224,3.9507803904218077,1212.5
971,-1.1850173607011374,-1.8344483937043445,-1.853985738039098,-2.5864905956076423,-1.197711226137554,3.8782386409590845,1213.75
972,-1.185017361390672,-1.8344484184270484,-1.853985761591757,-2.586490548507387,-1.1977112261584661,3.7956969042451556,1215.0
973,-1.1850173621468865,-1.8344484461334527,-1.8539857880398145,-2.5864904955188868,-1.197711226040082,3.703155173843877,1216.25
974,-1.185017364202391,-1.8344484765218139,-1.8539858175182227,-2.5864904367170944,-1.1977112271388066,3.6006134502650693,1217.5
975,-1.1850173804757542,-1.834448506456452,-1.853985851366136,-2.586490373198287,-1.1977112438823005,3.488071737374651,1218.75
976,-1.18501739819661,-1.8344485390499925,-1.853985888224491,-2.5864903040249674,-1.1977112621266008,3.365530032363725,1220.0
977,-1.185017428558998,-1.834448569424692,-1.8539859268567107,-2.586490235528017,-1.1977112930309577,3.2329883332122185,1221.25
978,-1.1850174666969187,-1.8344485997010973,-1.853985967798663,-2.586490164961718,-1.1977113317388202,3.090446636081677,1222.5
979,-1.1850175176876876,-1.8344486249799148,-1.8539860079278156,-2.5864901003847547,-1.1977113832454531,2.937904943408443,1223.75
980,-1.1850175776297476,-1.8344486479912727,-1.853986048656905,-2.586490037603062,-1.197711443685265,2.775363257191289,1225.0
981,-1.1850176486617379,-1.8344486596261167,-1.8539860818953324,-2.586489993822238,-1.1977115150569182,2.6103243367118023,1226.25
982,-1.1850177174110874,-1.8344486677682346,-1.8539861110680385,-2.586489957556049,-1.1977115840851114,2.455106351622894,1227.5
983,-1.1850177865090357,-1.8344486637261201,-1.8539861286384631,-2.5864899450476466,-1.1977116532677186,2.309888366533892,1228.75
984,-1.1850178508288403,-1.8344486593703366,-1.8539861444237504,-2.5864899345658707,-1.197711717656837,2.174670381444892,1230.0
985,-1.1850179100527793,-1.8344486452602715,-1.8539861492516971,-2.5864899446925094,-1.1977117767830139,2.0494523963558273,1231.25
986,-1.185017964547054,-1.8344486322770528,-1.8539861536940718,-2.586489954010429,-1.1977118311873338,1.9342344112667256,1232.5
987,-1.1850180115518016,-1.8344486153450477,-1.8539861520156389,-2.586489973275179,-1.1977118780227616,1.8290164261776125,1233.75
988,-1.1850180526663616,-1.8344485974055824,-1.8539861475399724,-2.5864899962539165,-1.1977119189391525,1.7337984410884584,1235.0
989,-1.1850180894629827,-1.8344485813501628,-1.8539861435343457,-2.5864900168193774,-1.197711955558417,1.6485804559992911,1236.25
990,-1.1850181191174616,-1.8344485649367281,-1.8539861369669444,-2.586490040197048,-1.1977119850143767,1.573362470910128,1237.5
991,-1.185018142311575,-1.8344485487065225,-1.853986128569664,-2.586490065125469,-1.1977120079989407,1.5081444858209379,1238.75
992,-1.1850181619492903,-1.8344485349649262,-1.853986121459954,-2.586490086231568,-1.1977120274592374,1.4529265007318137,1240.0
993,-1.1850181780306077,-1.834448523711941,-1.853986115637813,-2.5864901035153443,-1.197712043395267,1.4077085156426863,1241.25
994,-1.1850181905555266,-1.8344485149475638,-1.8539861111032439,-2.5864901169767975,-1.1977120558070284,1.3724905305535613,1242.5
995,-1.185018199524047,-1.834448508671795,-1.8539861078562467,-2.586490126615927,-1.1977120646945223,1.3472725454644534,1243.75
996,-1.185018204936169,-1.8344485048846344,-1.8539861058968217,-2.586490132432733,-1.197712070057748,1.332054560375334,1245.0
997,-1.1858928496956849,-1.8367416411426216,-1.8509115358116588,-2.587277752962748,-1.1985851733527377,1.325146814092022,1246.25
998,-1.1873824200366296,-1.8406470007609372,-1.8456753501286218,-2.5886191165421195,-1.2000721192955182,1.327644752172913,1247.5
999,-1.187577356628632,-1.8411580976756385,-1.8449900911586419,-2.588794662143099,-1.2002667152955078,1.3384132044998376,1248.75
1000,-1.1875773502331946,-1.8411581034112103,-1.8449900912177997,-2.5887946651028293,-1.2002667144657586,1.358636484920601,1250.0
1001,-1.1875773406753436,-1.8411581119829057,-1.84499009130621,-2.5887946695260857,-1.2002667132257154,1.3888597653413401,1251.25
1002,-1.1875773279550794,-1.8411581233907244,-1.8449900914238726,-2.5887946754128683,-1.2002667115753782,1.429083045762083,1252.5
1003,-1.1875773122010704,-1.8411581375483481,-1.8449900918265285,-2.5887946818239693,-1.2002667106344391,1.4793063231101025,1253.75
1004,-1.1875772938191063,-1.8411581541835518,-1.84499009332072,-2.5887946857973683,-1.2002667139341185,1.5395295893540206,1255.0
1005,-1.187577272384839,-1.8411581735810105,-1.8449900950630198,-2.5887946904305443,-1.2002667177817057,1.6097528555979572,1256.25
1006,-1.1875772381789331,-1.841158188543665,-1.8449900991309938,-2.58879467019426,-1.2002666850593575,1.689976105409122,1257.5
1007,-1.1875771996080595,-1.8411582052973507,-1.8449901037481267,-2.588794647096979,-1.2002666478285529,1.780199351566012,1258.75
1008,-1.187577156737853,-1.8411582238920225,-1.844990108935478,-2.588794621186131,-1.2002666062656262,1.8804225890150748,1260.0
1009,-1.1875771055784685,-1.8411582373661552,-1.8449901061162812,-2.58879460952026,-1.200266555338544,1.9906458164488794,1261.25
1010,-1.1875770490555135,-1.8411582508093087,-1.8449901015060797,-2.588794599831938,-1.2002664988457536,2.1108690365031055,1262.5
1011,-1.1875769876658926,-1.841158260358176,-1.8449900916146897,-2.5887945992600168,-1.200266437435781,2.2410922498570853,1263.75
1012,-1.1875769213513074,-1.841158264218369,-1.8449900746919088,-2.5887946113460707,-1.2002663710376038,2.381315459791688,1265.0
1013,-1.1875768525891928,-1.841158262787093,-1.8449900519030686,-2.5887946345374857,-1.2002663021023952,2.5315386668566506,1266.25
1014,-1.1875767825000665,-1.8411582533303577,-1.8449900209600325,-2.588794673864572,-1.2002662317091208,2.691761867221124,1267.5
1015,-1.1875767172533263,-1.8411582349241857,-1.8449899828914202,-2.5887947293141838,-1.2002661660247238,2.8579588364880353,1268.75
1016,-1.1875766595122017,-1.8411582127452137,-1.844989943520027,-2.5887947899409993,-1.200266107801503,3.0154915206159982,1270.0
1017,-1.1875766179723986,-1.8411581832068782,-1.8449899020932468,-2.588794860204143,-1.200266065696409,3.1630242047439854,1271.25
1018,-1.1875765813987371,-1.8411581541667106,-1.8449898626930974,-2.58879492801802,-1.2002660285762519,3.300556888872038,1272.5
1019,-1.1875765601964383,-1.8411581216958652,-1.8449898247690144,-2.588794998006551,-1.200266006805646,3.428089573000144,1273.75
1020,-1.187576543298065,-1.8411580906195022,-1.8449897895300422,-2.5887950639836124,-1.2002659893707386,3.545622257128289,1275.0
1021,-1.1875765336622517,-1.8411580608013238,-1.8449897577658065,-2.58879512533968,-1.2002659792343957,3.653154941256446,1276.25
1022,-1.1875765326891756,-1.841158031908186,-1.8449897295908535,-2.5887951823133357,-1.2002659777944766,3.750687625384646,1277.5
1023,-1.1875765318158689,-1.84115800597746,-1.8449897043046644,-2.588795233445498,-1.2002659765021921,3.8382203095128666,1278.75
1024,-1.1875765338060893,-1.841157982848277,-1.8449896826124987,-2.5887952782326002,-1.2002659781247127,3.9157529936410844,1280.0
1025,-1.1875765422227138,-1.8411579623132632,-1.8449896654235283,-2.588795316025475,-1.2002659862293157,3.983285677769306,1281.25
1026,-1.1875765493930341,-1.8411579448190014,-1.8449896507798387,-2.588795348222115,-1.2002659931338175,4.040818361897529,1282.5
1027,-1.1875765553170508,-1.8411579303654948,-1.844989638681428,-2.58879537482252,-1.200265998838219,4.0883510460256876,1283.75
1028,-1.1875765599947636,-1.8411579189527392,-1.8449896291282997,-2.5887953958266907,-1.2002660033425194,4.125883730153845,1285.0
1029,-1.1875765634261726,-1.8411579105807347,-1.8449896221204538,-2.5887954112346265,-1.2002660066467192,4.1534164142820424,1286.25
1030,-1.1875765656112778,-1.8411579052494815,-1.8449896176578906,-2.588795421046328,-1.2002660087508181,4.170949098410222,1287.5
1031,-1.1880903032063321,-1.8425214481570358,-1.8431510028564035,-2.589274102341,-1.2007787925557951,4.17964242181158,1288.75
1032,-1.1896300646142486,-1.846608241193244,-1.8376403478762557,-2.5907087827362356,-1.2023156958969494,4.179470865007024,1290.0
1033,-1.1901008308896053,-1.8478577410074728,-1.835955520607741,-2.5911474207167626,-1.2027855915661383,4.170509278459611,1291.25
1034,-1.1901008295663338,-1.847857746870628,-1.8359555234682905,-2.5911474180359466,-1.2027855969689396,4.152637897941398,1292.5
1035,-1.1901008275026204,-1.8478577560145348,-1.8359555279294715,-2.5911474138550696,-1.2027856053948995,4.1247665174231525,1293.75
1036,-1.1901008246984652,-1.8478577684391926,-1.835955533991284,-2.591147408174131,-1.2027856168440174,4.086895136904918,1295.0
1037,-1.1901008211538684,-1.8478577841446018,-1.835955541653728,-2.5911474009931315,-1.202785631316294,4.039023756386707,1296.25
1038,-1.1901008163534998,-1.847857803620583,-1.8359555494135298,-2.5911473979919863,-1.2027856442779241,3.9811523801997364,1297.5
1039,-1.1901008107126905,-1.847857826472365,-1.8359555584822551,-2.5911473945929613,-1.2027856593829336,3.9132810040974966,1298.75
1040,-1.190100809702988,-1.8478578502444878,-1.8359555778744965,-2.5911473598577937,-1.2027856634120209,3.8354096405293254,1300.0
1041,-1.1901008104267876,-1.847857876232955,-1.8359556028294397,-2.5911473101170492,-1.2027856634038954,3.7475382816207956,1301.25
1042,-1.1901008112025262,-1.8478579051570718,-1.8359556307040408,-2.5911472543727223,-1.202785663136154,3.6496669342873247,1302.5
1043,-1.1901008212057615,-1.8478579348132214,-1.8359556624041202,-2.591147193604181,-1.2027856729956032,3.5417955942139594,1303.75
1044,-1.1901008380454254,-1.8478579657822576,-1.835955697675328,-2.5911471276315816,-1.202785690332981,3.4239242620105075,1305.0
1045,-1.190100859708283,-1.8478579979015692,-1.835955735564146,-2.5911470579712566,-1.2027857125365677,3.2960529373133025,1306.25
1046,-1.190100896150669,-1.8478580268397313,-1.8359557749622955,-2.59114699025737,-1.202785749529249,3.158181617475739,1307.5
1047,-1.1901009380444418,-1.8478580559140447,-1.835955816193818,-2.5911469206564943,-1.2027857919872724,3.0103102989403276,1308.75
1048,-1.1901009955592057,-1.8478580780160732,-1.8359558555502669,-2.5911468601182572,-1.2027858499849442,2.8524389873787777,1310.0
1049,-1.1901010608324314,-1.8478580958820023,-1.835955893226953,-2.5911468056001308,-1.2027859156894698,2.686162182789424,1311.25
1050,-1.190101130349596,-1.8478581052775604,-1.835955924026682,-2.5911467664693904,-1.202785985510201,2.5262771206704073,1312.5
1051,-1.1901011987201031,-1.8478581062768376,-1.835955946338314,-2.591146744182832,-1.2027860540460034,2.376392058551307,1313.75
1052,-1.1901012644731377,-1.8478581024674743,-1.8359559631766,-2.5911467321259414,-1.2027861198808671,2.236506996432176,1315.0
1053,-1.1901013253138677,-1.8478580926485106,-1.8359559726622514,-2.591146733341379,-1.2027861806955322,2.106621934312976,1316.25
1054,-1.190101381327211,-1.8478580793385744,-1.8359559772605656,-2.5911467428534065,-1.2027862366158302,1.9867368721937622,1317.5
1055,-1.1901014318896619,-1.8478580657071215,-1.8359559798458802,-2.5911467546176175,-1.2027862870681458,1.8768518100744933,1318.75
1056,-1.1901014744954668,-1.8478580471466344,-1.8359559751744934,-2.591146778435137,-1.2027863294667533,1.7769667479552176,1320.0
1057,-1.1901015128357897,-1.8478580304443353,-1.8359559709707776,-2.5911467998681648,-1.2027863676206227,1.6870816858359137,1321.25
1058,-1.190101546670095,-1.847858015409216,-1.8359559669746959,-2.591146819363628,-1.2027864012856049,1.6071966237165833,1322.5
1059,-1.1901015712217435,-1.8478579982482113,-1.8359559580222482,-2.591146845796801,-1.2027864256133056,1.5373115615972597,1323.75
1060,-1.1901015922602451,-1.8478579835428108,-1.835955950350825,-2.5911468684475962,-1.202786446459905,1.4774264994779527,1325.0
1061,-1.1901016097856005,-1.8478579712930165,-1.8359559439604234,-2.591146887316014,-1.2027864638254029,1.4275414373586846,1326.25
1062,-1.1901016237978093,-1.8478579614988266,-1.8359559388510462,-2.591146902402054,-1.2027864777097994,1.3876563752394544,1327.5
1063,-1.1901016342968709,-1.84785795416024,-1.8359559350226942,-2.5911469137057157,-1.2027864881130939,1.357771313120184,1328.75
1064,-1.1901016412827856,-1.847857949277257,-1.8359559324753674,-2.591146921226999,-1.2027864950352862,1.3378862510009029,1330.0
1065,-1.1903248341416328,-1.8484576557687875,-1.8351427341854483,-2.5913619706764,-1.2030092520253375,1.3273725979709046,1331.25
1066,-1.1917902779196898,-1.8523952991517039,-1.8298033449177238,-2.59277394384604,-1.204471834240647,1.3251709328629642,1332.5
1067,-1.1925918162000861,-1.8545490397448279,-1.8268829061364513,-2.593546238949493,-1.20527180920552,1.3322953022857906,1333.75
1068,-1.192591811345113,-1.8545490440912364,-1.8268829061571146,-2.593546241283648,-1.2052718084783662,1.3477796859638034,1335.0
1069,-1.1925918033547402,-1.8545490512446072,-1.8268829061911225,-2.5935462451252285,-1.2052718072816078,1.3732640696418206,1336.25
1070,-1.1925917922289684,-1.8545490612049407,-1.8268829062384748,-2.593546250474235,-1.2052718056152447,1.4087484533198276,1337.5
1071,-1.1925917779677966,-1.8545490739722366,-1.8268829062991718,-2.593546257330666,-1.205271803479277,1.4542328369978244,1338.75
1072,-1.1925917610311463,-1.8545490892426453,-1.8268829072740675,-2.5935462624089287,-1.205271804917427,1.509717207892365,1340.0
1073,-1.1925917412136906,-1.854549107151817,-1.8268829087609872,-2.5935462671758347,-1.2052718081244267,1.5752015743805092,1341.25
1074,-1.1925917135477833,-1.8545491241567964,-1.8268829116001566,-2.593546259588147,-1.205271793454605,1.6506859322416616,1342.5
1075,-1.1925916774539986,-1.8545491398203182,-1.826882915926776,-2.5935462380738836,-1.2052717587010566,1.7361702821405909,1343.75
1076,-1.1925916371118106,-1.85454915729804,-1.8268829208256907,-2.5935462137582572,-1.205271719658449,1.8316546219496332,1345.0
1077,-1.1925915908130618,-1.8545491736035138,-1.8268829225650096,-2.5935461940799076,-1.2052716742190215,1.9371389550103983,1346.25
1078,-1.1925915371746099,-1.8545491863275538,-1.8268829181611699,-2.593546184939158,-1.2052716206152438,2.0526232796940715,1347.5
1079,-1.1925914788902356,-1.854549200154663,-1.826882913372083,-2.5935461750216455,-1.205271562358522,2.1781075958591143,1348.75
1080,-1.192591415599461,-1.8545492040941784,-1.8268828973860325,-2.5935461861339073,-1.205271498989297,2.3135919059627703,1350.0
1081,-1.1925913476271424,-1.8545492080153725,-1.8268828799157149,-2.5935461986806385,-1.205271430930242,2.459076215886097,1351.25
1082,-1.1925912801477154,-1.854549199611407,-1.8268828506201986,-2.593546235348427,-1.2052713631662972,2.614560519254232,1352.5
1083,-1.192591210634652,-1.8545491877656068,-1.8268828173424136,-2.5935462794003064,-1.2052712933083862,2.7797862426690534,1353.75
1084,-1.1925911518742525,-1.8545491651772474,-1.826882776988735,-2.5935463414020727,-1.2052712340519438,2.942054491795437,1355.0
1085,-1.1925911022965625,-1.8545491400958576,-1.826882737086592,-2.593546405575842,-1.2052711839578087,3.0943227409218874,1356.25
1086,-1.1925910649185654,-1.8545491104138796,-1.826882696531888,-2.5935464751726363,-1.2052711460153143,3.236590990048411,1357.5
1087,-1.1925910355853202,-1.854549080460111,-1.8268826582316189,-2.5935465429063376,-1.2052711161307852,3.3688592391749594,1358.75
1088,-1.1925910182165873,-1.854549048528337,-1.826882621754455,-2.593546610968447,-1.2052710982048342,3.491127488301567,1360.0
1089,-1.1925910022683983,-1.854549019208185,-1.8268825882606565,-2.5935466734639347,-1.2052710817450003,3.6033957374281953,1361.25
1090,-1.1925910004432683,-1.8545489894850666,-1.8268825587967856,-2.5935467325425448,-1.2052710794326318,3.705663986554854,1362.5
1091,-1.1925909995324726,-1.8545489624937015,-1.8268825322745768,-2.5935467859688637,-1.2052710780810147,3.797932235681569,1363.75
1092,-1.192590998720389,-1.8545489384276537,-1.826882508626833,-2.593546833604858,-1.2052710768758859,3.8802004848082614,1365.0
1093,-1.1925910056272797,-1.8545489168473712,-1.826882489812036,-2.5935468740443426,-1.205271083447065,3.9524687339349844,1366.25
1094,-1.1925910132932287,-1.854548898154313,-1.8268824740414222,-2.5935469085716463,-1.2052710908259063,4.0147369830616855,1367.5
1095,-1.192591019728061,-1.8545488824632772,-1.8268824608034957,-2.593546937554021,-1.2052710970197391,4.06700523218835,1368.75
1096,-1.1925910249317762,-1.8545488697742634,-1.8268824500982581,-2.5935469609914668,-1.2052711020285631,4.10927348131499,1370.0
1097,-1.1925910289043746,-1.8545488600872697,-1.8268824419257104,-2.5935469788839827,-1.2052711058523786,4.141541730441655,1371.25
1098,-1.1925910316458561,-1.854548853402296,-1.826882436285853,-2.5935469912315696,-1.2052711084911856,4.1638099795683035,1372.5
1099,-1.1926283000274234,-1.8546502255760102,-1.8267442062600558,-2.5935841074547534,-1.205308300374051,4.176204146326777,1373.75
1100,-1.1938798833304476,-1.8580548666969088,-1.8221019463809034,-2.5948304030176246,-1.2065573164196668,4.180744056778133,1375.0
1101,-1.1950370837842028,-1.8612027666722817,-1.8178097613778732,-2.5959827123081936,-1.207712145158644,4.175494693623261,1376.25
1102,-1.1950476896340056,-1.8612316243425735,-1.8177704215648243,-2.5959932724463686,-1.2077227340781842,4.162391719670518,1377.5
1103,-1.195047687923165,-1.8612316318339746,-1.8177704251927698,-2.5959932691815015,-1.207722740863387,4.139326349475792,1378.75
1104,-1.1950476854705887,-1.861231642573276,-1.8177704303936122,-2.59599326450115,-1.207722750590317,4.106260979281047,1380.0
1105,-1.1950476822762768,-1.861231656560477,-1.8177704371673518,-2.5959932584053145,-1.2077227632589742,4.0631956090863275,1381.25
1106,-1.1950476780890518,-1.8612316740310137,-1.817770444791017,-2.5959932536085844,-1.2077227766371585,4.010130242442026,1382.5
1107,-1.1950476728416222,-1.8612316950479604,-1.8177704530709216,-2.5959932508382098,-1.2077227901268561,3.947064879335571,1383.75
1108,-1.195047668693499,-1.861231718526287,-1.8177704658631253,-2.59599323669422,-1.207722801231693,3.8739995208402442,1385.0
1109,-1.1950476693713934,-1.861231742784978,-1.81777048934108,-2.595993190078055,-1.207722801222556,3.790934174317065,1386.25
1110,-1.1950476701136434,-1.861231769950981,-1.8177705156929749,-2.5959931376471665,-1.2077228010641332,3.6978688348809126,1387.5
1111,-1.195047672886445,-1.8612317995496992,-1.8177705451240143,-2.595993079569182,-1.2077228029556868,3.5948035023431086,1388.75
1112,-1.1950476888466501,-1.8612318288897876,-1.8177705787938185,-2.5959930168147656,-1.207722819389041,3.48173817988359,1390.0
1113,-1.1950477062200235,-1.8612318608238632,-1.8177706154444249,-2.5959929484995765,-1.2077228372897664,3.358672865868251,1391.25
1114,-1.1950477368035965,-1.861231890227871,-1.8177706537530485,-2.5959928813010515,-1.2077228684145587,3.225607557605545,1392.5
1115,-1.1950477741664696,-1.861231919895304,-1.8177706944389258,-2.5959928115860267,-1.2077229063478292,3.0825422510137908,1393.75
1116,-1.195047824895177,-1.861231944128377,-1.8177707340179898,-2.5959927485984675,-1.2077229575854522,2.929476949178446,1395.0
1117,-1.1950478835902287,-1.8612319666967305,-1.817770774473813,-2.5959926865139398,-1.207723016778757,2.7664116537001595,1396.25
1118,-1.1950479533562037,-1.8612319773770467,-1.81777080680439,-2.59599264457602,-1.2077230868730118,2.601789649022475,1397.5
1119,-1.1950480205045948,-1.8612319846815721,-1.81777083501851,-2.595992610082015,-1.2077231542887317,2.4471018296264133,1398.75
1120,-1.1950480876986065,-1.86123198082108,-1.8177708523508418,-2.595992597605243,-1.2077232215676668,2.3024140102303337,1400.0
1121,-1.1950481502099437,-1.861231976084646,-1.8177708673578898,-2.595992588257248,-1.2077232841392929,2.1677261908341565,1401.25
1122,-1.1950482077672764,-1.8612319624413955,-1.8177708721170185,-2.59599259796572,-1.2077233416004047,2.0430383714379836,1402.5
1123,-1.1950482607084967,-1.861231949892344,-1.8177708764944545,-2.5959926068955714,-1.2077233944531216,1.928350552041737,1403.75
1124,-1.195048306128673,-1.8612319330982716,-1.8177708743674033,-2.5959926264508786,-1.2077234396988328,1.8236627326454644,1405.0
1125,-1.1950483460319195,-1.861231915742709,-1.8177708699599935,-2.5959926487639544,-1.2077234794062817,1.728974913249174,1406.25
1126,-1.195048381720977,-1.8612319002200741,-1.8177708660180465,-2.5959926687205424,-1.2077235149202206,1.6442870938528706,1407.5
1127,-1.1950484101675856,-1.8612318841258015,-1.817770859244005,-2.5959926919709346,-1.207723543166411,1.5695992744565714,1408.75
1128,-1.1950484326197872,-1.8612318684508873,-1.8177708509969,-2.5959927161864647,-1.2077235654118437,1.50491145506026,1410.0
1129,-1.1950484516011342,-1.8612318551991374,-1.8177708440247018,-2.595992736658551,-1.2077235842183867,1.4502236356639846,1411.25
1130,-1.195048467111627,-1.8612318443705518,-1.81777083832741,-2.595992753387192,-1.2077235995860394,1.4055358162677356,1412.5
1131,-1.1950484791512654,-1.8612318359651292,-1.8177708339050276,-2.595992766372388,-1.2077236115148016,1.3708479968714897,1413.75
1132,-1.195048487720049,-1.8612318299828692,-1.8177708307575546,-2.5959927756141385,-1.2077236200046728,1.3461601774752323,1415.0
1133,-1.1950484928179776,-1.8612318264237717,-1.817770828884991,-2.595992781112444,-1.2077236250556536,1.3314723580789778,1416.25
1134,-1.1959476510185407,-1.8637081126535,-1.8143758974643185,-2.596917618930137,-1.2086208483684113,1.32493195795215,1417.5
1135,-1.1973270616249414,-1.8675070317977565,-1.809167672483745,-2.59833642631744,-1.2099972914800174,1.3278888321201718,1418.75
1136,-1.1974723897804969,-1.8679072800910324,-1.8086189459872093,-2.598485910223607,-1.2101423097594992,1.33895785564086,1420.0
1137,-1.1974723833728704,-1.8679072858177896,-1.8086189459842998,-2.598485913411453,-1.2101423086743857,1.35957027836085,1421.25
1138,-1.1974723738566206,-1.8679072943228505,-1.8086189459799784,-2.5984859181458644,-1.2101423070628354,1.3901827010808727,1422.5
1139,-1.197472361231747,-1.8679073056062152,-1.8086189459742454,-2.598485924426842,-1.2101423049248488,1.4307951238008425,1423.75
1140,-1.1974723456484073,-1.8679073195700537,-1.808618946257225,-2.5984859312036823,-1.2101423035942136,1.4814075418621504,1425.0
1141,-1.1974723274611554,-1.8679073359833667,-1.8086189475139651,-2.5984859359954395,-1.2101423062203063,1.5420199464613287,1426.25
1142,-1.197472306001298,-1.8679073548954752,-1.8086189490467646,-2.598485940816871,-1.2101423082465361,1.6126323505077853,1427.5
1143,-1.1974722723723663,-1.867907369467215,-1.808618953103085,-2.5984859207833564,-1.210142275884778,1.693244738502203,1428.75
1144,-1.1974722345618878,-1.8679073858393584,-1.8086189576888205,-2.5984858981527568,-1.2101422394232786,1.7838571223928406,1430.0
1145,-1.1974721925573126,-1.8679074040027122,-1.808618962837338,-2.5984858727826854,-1.210142198753579,1.8844694979131038,1431.25
1146,-1.1974721422700254,-1.867907416838334,-1.8086189596595448,-2.5984858621909757,-1.2101421486495512,1.9950818629492635,1432.5
1147,-1.1974720869188948,-1.8679074299380227,-1.808618955080096,-2.5984858528278236,-1.2101420933296594,2.1156942206467497,1433.75
1148,-1.1974720268023193,-1.8679074387988746,-1.8086189448357075,-2.5984858533118227,-1.2101420331889383,2.2463065717103268,1435.0
1149,-1.197471961890952,-1.8679074425148507,-1.8086189280294005,-2.598485865442907,-1.2101419681931607,2.386918919528214,1436.25
1150,-1.1974718948012582,-1.8679074405545752,-1.8086189049752504,-2.5984858894490928,-1.210141900921914,2.5375312642041385,1437.5
1151,-1.197471826217589,-1.8679074312503916,-1.8086188742549667,-2.5984859284213995,-1.2101418320335646,2.6981436022641945,1438.75
1152,-1.1974717630199214,-1.8679074127471127,-1.8086188362171156,-2.598485983966223,-1.2101417683918645,2.8642162656825105,1440.0
1153,-1.1974717067961116,-1.8679073911265176,-1.8086187973213186,-2.598486043582346,-1.2101417116881825,3.0213531834779825,1441.25
1154,-1.1974716669339749,-1.8679073619625701,-1.808618756187616,-2.5984861132044754,-1.2101416712584228,3.1684901012734943,1442.5
1155,-1.1974716313329645,-1.8679073336979264,-1.8086187172773303,-2.5984861797701235,-1.2101416351140066,3.3056270190690364,1443.75
1156,-1.1974716113067856,-1.867907301853823,-1.8086186797654833,-2.5984862487404206,-1.210141614520075,3.432763936864647,1445.0
1157,-1.1974715948641594,-1.8679072716416023,-1.808618644981479,-2.5984863134090563,-1.2101415975444532,3.54990085466028,1446.25
1158,-1.1974715860325735,-1.8679072425389567,-1.8086186136821416,-2.598486373600427,-1.210141588214964,3.6570377724559817,1447.5
1159,-1.197471585083742,-1.867907214481552,-1.8086185858900239,-2.59848642936021,-1.210141586802865,3.7541746902516864,1448.75
1160,-1.1974715842325905,-1.8679071893125923,-1.8086185609590286,-2.5984864793796643,-1.2101415855361384,3.8413116080473966,1450.0
1161,-1.1974715865457297,-1.8679071668565355,-1.8086185396831107,-2.5984865230858323,-1.2101415874853003,3.918448525843124,1451.25
1162,-1.1974715947113503,-1.8679071469595083,-1.8086185227582452,-2.59848655997646,-1.2101415953419656,3.9855854436388727,1452.5
1163,-1.197471601660707,-1.8679071300261305,-1.8086185083543274,-2.598486591372253,-1.2101416020283857,4.042722361434586,1453.75
1164,-1.1974716073938,-1.8679071160564045,-1.8086184964713543,-2.598486617273211,-1.2101416075445608,4.089859279230229,1455.0
1165,-1.1974716119106292,-1.8679071050503269,-1.8086184871093294,-2.598486637679334,-1.2101416118904906,4.126996197025884,1456.25
1166,-1.1974716152111944,-1.8679070970078984,-1.808618480268253,-2.5984866525906227,-1.2101416150661752,4.154133114821564,1457.5
1167,-1.1974716172954958,-1.8679070919291179,-1.8086184759481245,-2.598486662007076,-1.2101416170716148,4.171270032617242,1458.75
1168,-1.1980035883710476,-1.869390340072772,-1.806573980850228,-2.5990515488563406,-1.2106723886105333,4.179682434476961,1460.0
1169,-1.199455780615243,-1.8734393746835898,-1.800992845556983,-2.6005935863554503,-1.2121213069559076,4.179184309604853,1461.25
1170,-1.199863302594556,-1.8745756413094736,-1.7994266362191604,-2.6010263205925535,-1.212527913350866,4.170006666386569,1462.5
1171,-1.1998633012479993,-1.8745756471383548,-1.799426639023387,-2.601026318169774,-1.212527918539798,4.151877901484882,1463.75
1172,-1.199863299158669,-1.8745756561825029,-1.7994266433744517,-2.6010263144105656,-1.2125279265909934,4.123749136583163,1465.0
1173,-1.199863296326565,-1.874575668441917,-1.7994266492723545,-2.601026309314929,-1.2125279375044533,4.085620371681452,1466.25
1174,-1.1998632927481905,-1.874575683919836,-1.7994266567071515,-2.601026302919962,-1.2125279512487879,4.037491606833254,1467.5
1175,-1.199863287907954,-1.874575703093634,-1.799426664212731,-2.6010263006954677,-1.2125279631958445,3.979362848853742,1468.75
1176,-1.1998632822350428,-1.874575725565937,-1.7994266730095099,-2.6010262980882897,-1.2125279771981765,3.9112340908742254,1470.0
1177,-1.199863281390162,-1.8745757487641508,-1.7994266925373426,-2.601026262971924,-1.212527980501699,3.833105345926336,1471.25
1178,-1.1998632820991886,-1.874575774173451,-1.799426717346416,-2.6010262138882783,-1.2125279804589688,3.744976605554363,1472.5
1179,-1.1998632828612266,-1.8745758024439225,-1.7994267450498902,-2.601026158899225,-1.2125279801733009,3.6468478766335313,1473.75
1180,-1.199863293022389,-1.8745758313425713,-1.7994267765770284,-2.6010260990056056,-1.212527990231893,3.538719155285599,1475.0
1181,-1.1998633095016022,-1.8745758616137738,-1.7994268115982681,-2.601026033971925,-1.2125280072111793,3.4205904417792574,1476.25
1182,-1.199863331101861,-1.8745758928314395,-1.799426849166077,-2.6010259655321613,-1.2125280293526433,3.2924617357501895,1477.5
1183,-1.1998633667483232,-1.874575921125125,-1.7994268882717224,-2.601025898741389,-1.2125280655489552,3.1543330344947504,1478.75
1184,-1.1998634081064967,-1.8745759492840643,-1.7994269290494307,-2.6010258304992595,-1.2125281074672172,3.0062043347314837,1480.0
1185,-1.1998634643494785,-1.874575970912061,-1.7994269681041468,-2.6010257707176105,-1.2125281641929126,2.848075641873244,1481.25
1186,-1.1998635284071373,-1.8745759880501318,-1.7994270052103478,-2.601025717479489,-1.2125282286764447,2.6817046615948055,1482.5
1187,-1.1998635962147395,-1.8745759972563933,-1.799427035696811,-2.6010256788278294,-1.2125282967871573,2.5219609797280205,1483.75
1188,-1.1998636630418344,-1.874575997935644,-1.799427057482983,-2.6010256573659696,-1.212528363774251,2.37221729786115,1485.0
1189,-1.1998637271684989,-1.8745759942770648,-1.7994270741474372,-2.601025645311577,-1.2125284279832094,2.2324736159942757,1486.25
1190,-1.1998637864884372,-1.874575984447059,-1.7994270832203514,-2.6010256469315944,-1.2125284872727415,2.102729934127333,1487.5
1191,-1.1998638411060993,-1.8745759715300967,-1.7994270877697973,-2.6010256560832934,-1.212528541798509,1.9829862522603108,1488.75
1192,-1.1998638902633934,-1.874575958040364,-1.799427090030129,-2.601025668013494,-1.212528590842285,1.8732425703932636,1490.0
1193,-1.1998639317969337,-1.8745759400043396,-1.7994270854078351,-2.6010256912461722,-1.2125286321701947,1.7734988885262033,1491.25
1194,-1.1998639691664486,-1.8745759237765558,-1.799427081248953,-2.601025712149614,-1.2125286693546946,1.6837552066591255,1492.5
1195,-1.19986400191145,-1.874575908991505,-1.7994270770483198,-2.6010257315866103,-1.2125287019282311,1.6040115247920073,1493.75
1196,-1.199864025830001,-1.8745758923139544,-1.7994270681962892,-2.6010257574301345,-1.21252872562439,1.5342678429248993,1495.0
1197,-1.199864046319059,-1.874575878027667,-1.799427060613482,-2.601025779568159,-1.2125287459229424,1.4745241610578224,1496.25
1198,-1.199864063378624,-1.8745758661326448,-1.7994270542998945,-2.6010257980006832,-1.2125287628238892,1.4247804791907746,1497.5
1199,-1.1998640770086948,-1.8745758566288864,-1.7994270492555304,-2.6010258127277077,-1.2125287763272294,1.3850367973237603,1498.75
1200,-1.1998640872092723,-1.8745758495163904,-1.799427045480391,-2.601025823749231,-1.2125287864329628,1.3552931154567207,1500.0
1201,-1.1998640939803558,-1.8745758447951575,-1.7994270429744752,-2.601025831065254,-1.2125287931410893,1.335549433589684,1501.25
1202,-1.1998640973219452,-1.874575842465187,-1.7994270417377836,-2.601025834675776,-1.2125287964516094,1.3258057517226358,1502.5
1203,-1.1998640977078066,-1.8745758421961398,-1.7994270415949798,-2.6010258350926914,-1.212528796833883,1.3246806258398423,1503.092960225
