,shoulder_pan_joint,shoulder_lift_joint,elbow_joint,wrist_1_joint,wrist_2_joint,wrist_3_joint,time_from_start
0,-1.6254226856101606,-2.360196898445246,-1.5296756298001306,0.8359031169825965,1.634986704327038,0.010190896249928012,0.0
1,-1.6229251390518662,-2.3578548969894513,-1.5340717741233876,0.8374136688277923,1.632354753042281,0.015190896249928008,1.25
2,-1.6154324993769835,-2.3508288926220677,-1.5472602070931583,0.8419453243633801,1.6244588991880098,0.030190896249927972,2.5
3,-1.6029447665855117,-2.339118885343094,-1.5692409287094429,0.8494980835893596,1.611299142764224,0.055190896249928026,3.75
4,-1.5852602552669357,-2.322932882563998,-1.5995445569929196,0.859814511623817,1.5927395610644,0.0901914614321131,5.0
5,-1.561909840137645,-2.3027552207147846,-1.637078247369706,0.8722953250824047,1.5684640921133233,0.13519339267538832,6.25
6,-1.5324482460636013,-2.2790189994543524,-1.6808611038086994,0.8864072206975451,1.5381720207319545,0.19019670254676968,7.5
7,-1.497900487895445,-2.253363686787792,-1.7276843465693938,0.9009117159651616,1.5030871623485194,0.25238039555967046,8.75
8,-1.462993900701509,-2.229539031017003,-1.77065024623382,0.9136216198160078,1.4680649065395024,0.31294305669478806,10.0
9,-1.4280873138937222,-2.2075741663337825,-1.8097689414094575,0.9246205682179989,1.4334247660264485,0.3714798794617064,11.25
10,-1.393180727378281,-2.1872671961214256,-1.8454655252981849,0.9341092141827415,1.399127572377152,0.42820939390634155,12.5
11,-1.3582741411057186,-2.168450045910795,-1.8780951229585257,0.9422492421574469,1.3651386688763454,0.4833387078256465,13.75
12,-1.3233675550308344,-2.150984083404454,-1.9079497156139795,0.9491720696824494,1.3314292461950172,0.5370390391179459,15.0
13,-1.2885119922639434,-2.1347746688270415,-1.935244272433274,0.9549808295603062,1.2980225777885224,0.589417055606892,16.25
14,-1.2574646333895507,-2.1212935991598525,-1.9576042317379807,0.9592977303503215,1.2684625081435446,0.6351292250490466,17.5
15,-1.2328410902693356,-2.1112004516198866,-1.9741249093485589,0.9621861872727898,1.245140759274762,0.6708415051582172,18.75
16,-1.2149171525676723,-2.104171985959125,-1.9855061243322196,0.964004029283197,1.2282293745840616,0.6965541128893348,20.0
17,-1.2036432069075014,-2.099882219715886,-1.9923996000246456,0.9650302835779724,1.2176190373014493,0.7122754462049217,21.25
18,-1.1927918128773491,-2.095784102523051,-1.9989722611896688,0.96599047795429,1.2074126732061004,0.7180311553623102,22.5
19,-1.1817261831646424,-2.0916051118123895,-2.005674626777715,0.966969593650178,1.1970048145550451,0.7137883431235852,23.75
20,-1.1734558504205805,-2.0884818166275845,-2.0106838397956004,0.9677013353539466,1.189226099950218,0.6995513089435176,25.0
21,-1.1716712717790163,-2.087807935179031,-2.0117646216402374,0.9678591633567246,1.187547615456325,0.6771726894071337,26.25
22,-1.171671656898451,-2.087808185890395,-2.011764211833372,0.9678590204287276,1.1875479976220666,0.6461648135675074,27.5
23,-1.1716721663844276,-2.0878085174839613,-2.0117636698581207,0.9678588316019137,1.1875485044283112,0.6051569382991596,28.75
24,-1.1716728007426067,-2.087808930045349,-2.0117629956955922,0.967858597471045,1.1875491401163811,0.5541490649419698,30.0
25,-1.1716735594655432,-2.08780942348864,-2.0117621893647373,0.967858317439249,1.1875499004299312,0.4931411915847787,31.25
26,-1.1716738242473483,-2.087809613804648,-2.0117619206270314,0.967858250086271,1.1875501669804411,0.4221333241316979,32.5
27,-1.1716738365686097,-2.0878096509689197,-2.011761927905808,0.9678582944232811,1.1875501812807703,0.3411254592750206,33.75
28,-1.1716738504115036,-2.087809692627316,-2.0117619361653594,0.9678583438409312,1.187550197351377,0.25011760628908275,35.0
29,-1.1716738704210017,-2.0878097360949197,-2.01176194592006,0.967858396510087,1.1875502190290776,0.14910975949075786,36.25
30,-1.1716739009641357,-2.0878097787968533,-2.0117619576980497,0.9678584504983158,1.1875502499225405,0.038101920563085034,37.5
31,-1.1716739342562148,-2.087809825346266,-2.0117619705361167,0.9678585093518751,1.1875502835781346,-0.08290591523389056,38.75
32,-1.1716739822314683,-2.087809863667012,-2.011761985310166,0.9678585618648554,1.1875503318836087,-0.2139137431956434,40.0
33,-1.1716740356336084,-2.0878099031269217,-2.0117620013412107,0.9678586167297254,1.1875503856319538,-0.3549215635450259,41.25
34,-1.1716741016861456,-2.087809929856575,-2.0117620183336467,0.9678586597229197,1.1875504519449238,-0.5059293787936896,42.5
35,-1.171674172041565,-2.087809953557326,-2.0117620358202384,0.9678587001436617,1.1875505225415075,-0.661717824112169,43.75
36,-1.1716742432507148,-2.0878099564817383,-2.0117620508128162,0.9678587173292795,1.1875505938309792,-0.808276599921099,45.0
37,-1.171674309879026,-2.0878099581346086,-2.0117620647017267,0.9678587321890266,1.1875506605260213,-0.9448353757300261,46.25
38,-1.171674371254365,-2.087809943328897,-2.0117620753978196,0.9678587274857804,1.1875507218359278,-1.07139415153895,47.5
39,-1.1716744277483577,-2.087809928303642,-2.011762085063722,0.9678587215829766,1.1875507782588341,-1.1879529273478706,48.75
40,-1.171674477127333,-2.08780990759806,-2.0117620925393536,0.9678587078940815,1.1875508275168227,-1.2945117031567892,50.0
41,-1.171674519824582,-2.0878098825435076,-2.0117620980847075,0.9678586880032067,1.1875508700538813,-1.3910704789656974,51.25
42,-1.1716745580999401,-2.0878098600837043,-2.0117621030557564,0.9678586701723053,1.1875509081856401,-1.4776292547746088,52.5
43,-1.1716745898032872,-2.087809837211154,-2.0117621066247664,0.9678586505944204,1.1875509397368653,-1.554188030583524,53.75
44,-1.1716746140221797,-2.0878098126495717,-2.0117621084404695,0.9678586276539975,1.1875509637844572,-1.6207468063924424,55.0
45,-1.1716746346023494,-2.0878097917781986,-2.0117621099833753,0.9678586081602157,1.1875509842190635,-1.677305582201362,56.25
46,-1.1716746515437975,-2.0878097745970368,-2.0117621112534807,0.9678585921130731,1.1875510010406847,-1.723864358010284,57.5
47,-1.1716746648465226,-2.0878097611060835,-2.01176211225079,0.9678585795125725,1.1875510142493195,-1.760423133819205,58.75
48,-1.171674674510525,-2.08780975130534,-2.0117621129753034,0.9678585703587137,1.1875510238449685,-1.7869819096281252,60.0
49,-1.1716746805358045,-2.0878097451948054,-2.0117621134270203,0.9678585646514967,1.1875510298276313,-1.803540685437045,61.25
50,-1.1723518971786835,-2.089003026439598,-2.009442487953773,0.9667316910921188,1.1882269727107413,-1.811536270494524,62.5
51,-1.1739967141102043,-2.091901276290109,-2.003808579155766,0.9639947456153857,1.1898686956230857,-1.810573568375674,63.75
52,-1.1743877669940461,-2.09259033959096,-2.002469113853404,0.9633440329791173,1.19025901109563,-1.8011294162918465,65.0
53,-1.174387759817153,-2.092590344019091,-2.0024691153554395,0.9633440291500478,1.1902590002166904,-1.7826365256986836,66.25
54,-1.1743877487593672,-2.0925903508417263,-2.002469117669698,0.9633440232504153,1.190258983454982,-1.75414363510552,67.5
55,-1.1743877338206885,-2.092590360058866,-2.00246912079618,0.9633440152802196,1.190258960810505,-1.7156507445123563,68.75
56,-1.1743877150359003,-2.0925903716426335,-2.002469124763409,0.9633440051387127,1.1902589325757174,-1.6671578550050223,70.0
57,-1.1743876931798054,-2.0925903849720924,-2.00246913020677,0.9633439905817367,1.190258905265083,-1.6086649873545245,71.25
58,-1.1743876675871707,-2.092590400580369,-2.0024691365807334,0.9633439735360854,1.1902588732853945,-1.5401721197040281,72.5
59,-1.174387634139673,-2.0925904203005614,-2.0024691342162595,0.9633439831451618,1.1902588399075535,-1.4616792656167905,73.75
60,-1.1743875954761374,-2.0925904429700504,-2.002469129295706,0.9633440007933051,1.1902588030485477,-1.3731864159576646,75.0
61,-1.1743875524546263,-2.092590468292119,-2.0024691237401475,0.9633440208225917,1.190258762118398,-1.2746935775305734,76.25
62,-1.1743875017026775,-2.092590486524914,-2.0024691156472603,0.963344031456228,1.1902587121322281,-1.1662007471127098,77.5
63,-1.1743874446294638,-2.0925905017201916,-2.0024691058442174,0.9633440374884221,1.190258655136649,-1.0477079244970693,78.75
64,-1.1743873826217748,-2.0925905131036524,-2.002469094539622,0.9633440382467129,1.1902585931627288,-0.9192151093189508,80.0
65,-1.1743873154703128,-2.0925905114548016,-2.0024690805149055,0.963344023261772,1.1902585259398977,-0.7807222988148144,81.25
66,-1.1743872448317356,-2.0925905044413797,-2.0024690650816614,0.9633440015500699,1.1902584551857713,-0.6322294901570904,82.5
67,-1.1743871737013596,-2.0925904805246573,-2.002469047368638,0.9633439606962788,1.1902583838098257,-0.4737366883051142,83.75
68,-1.1743871046186038,-2.0925904456617705,-2.0024690286660047,0.9633439079089163,1.1902583143974015,-0.30738056341528075,85.0
69,-1.174387044684599,-2.092590401443316,-2.0024690106393743,0.9633438463684023,1.1902582540678757,-0.14813259786073624,86.25
70,-1.1743869987947229,-2.092590349586348,-2.0024689945169882,0.9633437789663789,1.1902582077341075,0.0011153676938080483,87.5
71,-1.1743869607201238,-2.092590296401307,-2.0024689798309394,0.9633437115956673,1.1902581692116012,0.1403633332483582,88.75
72,-1.1743869357336278,-2.0925902409654373,-2.002468967546866,0.9633436442472866,1.1902581437702617,0.26961129880290674,90.0
73,-1.1743869180429367,-2.092590186674677,-2.002468956911032,0.9633435796154013,1.190258125639666,0.3888592643574571,91.25
74,-1.174386905355677,-2.092590136000905,-2.0024689477705033,0.9633435200371474,1.1902581125449379,0.49810722991200923,92.5
75,-1.1743869042385993,-2.0925900871983356,-2.002468941250988,0.9633434648291116,1.1902581110445172,0.5973551954665611,93.75
76,-1.1743869032340752,-2.0925900433130047,-2.002468935388359,0.9633434151837099,1.1902581096952758,0.686603161021115,95.0
77,-1.1743869034211325,-2.0925900043714094,-2.0024689304079795,0.9633433713417361,1.1902581095773301,0.7658511265756697,96.25
78,-1.1743869121985298,-2.0925899705552506,-2.002468927855107,0.9633433349542688,1.1902581180969145,0.8350990921302255,97.5
79,-1.1743869197083951,-2.0925899416224345,-2.002468925670891,0.9633433038214638,1.190258125386198,0.8943470576847816,98.75
80,-1.1743869259507296,-2.0925899175729636,-2.002468923855328,0.9633432779433201,1.1902581314451806,0.9435950232393348,100.0
81,-1.1743869309255328,-2.092589898406836,-2.0024689224084224,0.9633432573198388,1.190258136273862,0.9828429887938861,101.25
82,-1.1743869346328044,-2.0925898841240516,-2.002468921330174,0.9633432419510198,1.1902581398722423,1.0120909543484395,102.5
83,-1.1743869370725446,-2.09258987472461,-2.0024689206205832,0.9633432318368635,1.1902581422403216,1.031338919902995,103.75
84,-1.1746767895115386,-2.093108808255018,-2.0014593101828355,0.9628523375640311,1.190547429297901,1.0413521089488067,105.0
85,-1.1762726794864533,-2.0959660271669867,-1.9959005043645504,0.9601495535815087,1.1921402065112578,1.0430814341580756,106.25
86,-1.1770619867169227,-2.0973791769078147,-1.9931511858628237,0.9588127887097337,1.192927973826138,1.0356659549374523,107.5
87,-1.1770619846210837,-2.097379182390418,-1.9931511883434885,0.9588127877247793,1.192927970880628,1.0198857394340588,108.75
88,-1.1770619811971008,-2.097379191347374,-1.9931511923961631,0.9588127861156541,1.1929279660685337,0.9941055239306658,110.0
89,-1.1770619764449746,-2.0973792037786834,-1.9931511980208474,0.9588127838823586,1.192927959389855,0.9583253084272774,111.25
90,-1.1770619703647047,-2.097379219684345,-1.9931512052175413,0.9588127810248925,1.1929279508445922,0.9125450929238876,112.5
91,-1.1770619622939245,-2.0973792393153756,-1.993151213688942,0.9588127782867514,1.1929279348317918,0.8567648902762726,113.75
92,-1.177061952567886,-2.097379262544727,-1.9931512235855282,0.9588127752916203,1.1929279141863376,0.7909846913638978,115.0
93,-1.1770619480612654,-2.097379295138136,-1.9931512312839659,0.9588127976196192,1.1929279035665203,0.7152045015587933,116.25
94,-1.1770619488040661,-2.097379337121732,-1.9931512367676694,0.9588128453862242,1.1929279030313098,0.6294243191735666,117.5
95,-1.1770619496452213,-2.097379384083868,-1.9931512428171834,0.9588128990809455,1.1929279025336,0.5336441475310925,118.75
96,-1.177061956751295,-2.0973794342542766,-1.9931512506258695,0.9588129574581947,1.1929279089682818,0.42786398266595904,120.0
97,-1.177061973824044,-2.0973794865917363,-1.9931512608916004,0.9588130198587514,1.192927926498155,0.3120838261310491,121.25
98,-1.1770619924348777,-2.0973795434117495,-1.9931512720538362,0.9588130876135845,1.1929279456199964,0.1863036779387726,122.5
99,-1.1770620293306193,-2.0973795948796705,-1.9931512863136929,0.9588131528551107,1.1929279829559825,0.05052353608147457,123.75
100,-1.1770620689436289,-2.0973796501379627,-1.9931513016239009,0.9588132229008338,1.1929280230412973,-0.0952566055833026,125.0
101,-1.1770621268457573,-2.097379693427054,-1.993151319155849,0.9588132830393521,1.1929280813333327,-0.2510367403767605,126.25
102,-1.1770621910216987,-2.097379734970523,-1.9931513377552497,0.9588133424392873,1.1929281458904957,-0.4164524531376318,127.5
103,-1.177062263258197,-2.097379759213409,-1.9931513557792813,0.9588133839170414,1.1929282183782777,-0.5784146423378401,128.75
104,-1.1770623331994647,-2.0973797736291804,-1.9931513720596454,0.9588134138679789,1.1929282884912906,-0.7303768315380265,130.0
105,-1.1770624016060514,-2.09737977529125,-1.9931513863747319,0.9588134291422312,1.1929283569675908,-0.8723390207382087,131.25
106,-1.177062465039048,-2.0973797700706958,-1.993151398774777,0.9588134356840283,1.1929284204118087,-1.0043012099383835,132.5
107,-1.1770625234203045,-2.0973797545552486,-1.9931514088025026,0.9588134296317399,1.192928478718771,-1.126263399138548,133.75
108,-1.1770625770147314,-2.097379740311957,-1.9931514180080219,0.9588134240756908,1.192928532244995,-1.2382255883387092,135.0
109,-1.1770626216686664,-2.097379714609484,-1.9931514238891297,0.9588134038513676,1.1929285767327944,-1.340187777538865,136.25
110,-1.177062661830524,-2.0973796910826135,-1.9931514291255987,0.9588133851993996,1.1929286167419901,-1.4321499667390176,137.5
111,-1.1770626976251686,-2.097379670114064,-1.9931514337926488,0.9588133685756514,1.1929286524005729,-1.51411215593917,138.75
112,-1.1770627244682628,-2.0973796453088145,-1.993151436118529,0.9588133458735624,1.1929286790698894,-1.5860743451393196,140.0
113,-1.1770627467361614,-2.0973796227717574,-1.9931514377946136,0.958813324831918,1.1929287011781469,-1.6480365343394698,141.25
114,-1.1770627654102723,-2.097379603871928,-1.9931514392001946,0.9588133071861569,1.1929287197183807,-1.6999987235396268,142.5
115,-1.177062780490595,-2.097379588609327,-1.993151440335274,0.9588132929362798,1.1929287346905908,-1.741960912739788,143.75
116,-1.1770627919771295,-2.097379576983953,-1.9931514411998525,0.9588132820822878,1.1929287460947768,-1.7739231019399466,145.0
117,-1.1770627998698757,-2.097379568995806,-1.9931514417939307,0.9588132746241809,1.1929287539309388,-1.7958852911401044,146.25
118,-1.1771113820450707,-2.097467931160212,-1.9929793808115328,0.9587295408617116,1.1929772378559385,-1.8080034740978632,147.5
119,-1.1784766397087156,-2.0999514292200048,-1.9881436812350488,0.9563763582194764,1.1943397351084117,-1.8124040053945654,148.75
120,-1.1796927907544577,-2.1021637010026932,-1.9838361006891165,0.9542801727176738,1.1955534261467045,-1.8070744251280242,150.0
121,-1.1797006984435432,-2.102178097873561,-1.983808075167096,0.9542665315753324,1.1955613151949673,-1.7940032829936112,151.25
122,-1.1797006896042244,-2.102178103323487,-1.9838080770276547,0.9542665268889624,1.195561301697524,-1.7709591583866546,152.5
123,-1.1797006769290823,-2.1021781111384086,-1.9838080796956032,0.9542665201689415,1.1955612823428639,-1.7379150337796974,153.75
124,-1.179700660418117,-2.102178121318326,-1.9838080831709413,0.9542665114152702,1.1955612571309868,-1.6948709091727365,155.0
125,-1.1797006404634816,-2.1021781335407206,-1.9838080877856452,0.9542664994557544,1.1955612293949935,-1.6418267962723494,156.25
126,-1.1797006171699038,-2.102178147719459,-1.983808093628373,0.9542664839773447,1.195561200025027,-1.5787826949430428,157.5
127,-1.1797005888714693,-2.1021781647283673,-1.983808097282385,0.9542664753515006,1.1955611671434325,-1.5057385981799376,158.75
128,-1.1797005530314986,-2.1021781856927375,-1.9838080927150985,0.9542664916010035,1.195561132971191,-1.4226945132798687,160.0
129,-1.1797005128828186,-2.1021782092377626,-1.9838080875484643,0.9542665100469403,1.1955610947443833,-1.3296504357117125,161.25
130,-1.179700467777031,-2.1021782335009362,-1.9838080814053922,0.9542665284668337,1.1955610515114357,-1.2266063652277777,162.5
131,-1.1797004139997744,-2.102178247808992,-1.9838080721314817,0.9542665341059531,1.1955609978158475,-1.1135623048338992,163.75
132,-1.1797003554632044,-2.102178263383462,-1.983808062036315,0.9542665402458737,1.195560939352224,-0.9905182529968672,165.0
133,-1.179700291858949,-2.102178266669094,-1.9838080493169077,0.9542665314835885,1.195560875717213,-0.8574742070815156,166.25
134,-1.1797002233555627,-2.102178265022672,-1.9838080349524598,0.9542665161776269,1.1955608071397923,-0.7144301630674333,167.5
135,-1.1797001539356122,-2.1021782483795604,-1.9838080184534592,0.9542664837809274,1.195560737528086,-0.5613861238220452,168.75
136,-1.1797000816653966,-2.1021782241710003,-1.9838080003843208,0.9542664422936512,1.1955606650046193,-0.39834209084784883,170.0
137,-1.1797000194774374,-2.1021781808965554,-1.9838079819248795,0.9542663812864727,1.1955606024199459,-0.2337155546505224,171.25
138,-1.1796999639906152,-2.102178136563465,-1.9838079647123865,0.9542663204011403,1.1955605465335781,-0.07902090492730195,172.5
139,-1.179699924916394,-2.102178082128234,-1.983807949579981,0.9542662513464839,1.1955605069930733,0.06567374479590692,173.75
140,-1.1796998902232483,-2.1021780304713755,-1.9838079357129592,0.9542661862849479,1.1955604718594386,0.2003683945191072,175.0
141,-1.1796998719546443,-2.102177974543511,-1.9838079246848397,0.9542661196318538,1.195560453130062,0.32506304424230154,176.25
142,-1.1796998551511075,-2.1021779231008377,-1.9838079145411214,0.9542660583240621,1.1955604359027052,0.4397576939654877,177.5
143,-1.1796998495739413,-2.1021778735500263,-1.9838079069618724,0.9542660013536588,1.1955604299261797,0.5444523436886728,178.75
144,-1.179699848522999,-2.1021778276711314,-1.9838079007939005,0.9542659494124761,1.1955604285089125,0.6391469934118518,180.0
145,-1.1796998475830391,-2.102177786637169,-1.9838078952772773,0.9542659029564144,1.1955604272413125,0.7238416431350276,181.25
146,-1.1796998522843025,-2.102177750581067,-1.9838078915716562,0.9542658632211155,1.195560431659306,0.7985362928582048,182.5
147,-1.1796998603846798,-2.1021777194489317,-1.9838078892068856,0.9542658297056179,1.1955604395184782,0.8632309425813813,183.75
148,-1.1796998672329635,-2.1021776931289624,-1.9838078872076408,0.9542658013706866,1.1955604461628404,0.9179255923045644,185.0
149,-1.1796998728291532,-2.102177671621159,-1.9838078855739223,0.9542657782163215,1.1955604515923923,0.9626202420277521,186.25
150,-1.1796998771732492,-2.102177654925521,-1.9838078843057327,0.954265760242524,1.1955604558071342,0.997314891750939,187.5
151,-1.1796998802652512,-2.102177643042048,-1.983807883403072,0.9542657474492939,1.1955604588070656,1.0220095414741253,188.75
152,-1.1796998821051594,-2.1021776359707403,-1.98380788286594,0.9542657398366314,1.1955604605921866,1.036704191197309,190.0
153,-1.1806326206269113,-2.103901499714283,-1.9804485833255303,0.9526296625124236,1.1964912448521898,1.043305412059535,191.25
154,-1.182128818755983,-2.1066667444087113,-1.9750599535304914,0.9500052466488866,1.197984308027995,1.0405072932281383,192.5
155,-1.182301285656571,-2.1069855005721534,-1.9744388023275894,0.9497027269310787,1.19815641296061,1.0297029999553244,193.75
156,-1.1823012829853254,-2.1069855075220287,-1.974438805499869,0.9497027256770372,1.1981564091270944,1.0094140353666483,195.0
157,-1.1823012789974796,-2.10698551789735,-1.9744388102356978,0.9497027238049052,1.1981564034041206,0.9791250707779732,196.25
158,-1.1823012736930334,-2.106985531698117,-1.9744388165350766,0.949702721314683,1.1981563957916883,0.9388361061892943,197.5
159,-1.1823012668926738,-2.1069855489953464,-1.9744388243141404,0.9497027184206865,1.1981563847570018,0.8885471454406279,198.75
160,-1.1823012580676562,-2.1069855699984457,-1.9744388333255976,0.9497027157548753,1.1981563657802705,0.8282581978355803,200.0
161,-1.1823012477788515,-2.106985594485285,-1.974438843831766,0.9497027126468915,1.1981563436559095,0.7579692502671964,201.25
162,-1.1823012484600195,-2.1069856332049293,-1.9744388489228557,0.9497027567271117,1.1981563431504,0.6776803191393999,202.5
163,-1.1823012492369018,-2.106985676781198,-1.9744388546193938,0.9497028064442945,1.1981563426301478,0.5873913918053771,203.75
164,-1.1823012501099044,-2.106985725254322,-1.9744388608846382,0.949702861969796,1.1981563421388663,0.4871024734252423,205.0
165,-1.1823012641486643,-2.1069857749352123,-1.9744388702066442,0.949702920925406,1.1981563563526536,0.37681356515919906,206.25
166,-1.1823012816678147,-2.1069858285079537,-1.9744388807853401,0.9497029848668657,1.1981563743553165,0.25652466434753773,207.5
167,-1.1823013080691505,-2.1069858821799405,-1.9744388932248875,0.9497030506411084,1.1981564012374437,0.12623577037110553,208.75
168,-1.182301345720676,-2.1069859345628696,-1.9744389078374038,0.9497031171404507,1.198156439344468,-0.01405312003071596,210.0
169,-1.1823013926711412,-2.106985983997627,-1.9744389239913844,0.9497031821441336,1.1981564867332755,-0.1643420074303195,211.25
170,-1.1823014518855153,-2.106986027489388,-1.974438941910745,0.9497032428578553,1.198156546346899,-0.3246308882331556,212.5
171,-1.1823015208333598,-2.106986059386921,-1.9744389603365098,0.9497032924076795,1.1981566156091739,-0.49079974850532687,213.75
172,-1.1823015901961271,-2.106986082577724,-1.9744389777151377,0.9497033322172856,1.1981566852168444,-0.6482511536453487,215.0
173,-1.1823016596036882,-2.1069860872124204,-1.9744389926883035,0.9497033511029351,1.198156754720341,-0.7957025587854208,216.25
174,-1.1823017250245562,-2.106986088767127,-1.9744390064352546,0.9497033657296363,1.1981568202090394,-0.9331539639255355,217.5
175,-1.1823017853566302,-2.1069860758437016,-1.9744390172445694,0.9497033630225301,1.1981568804883773,-1.0606053690656696,218.75
176,-1.1823018408898742,-2.10698606109379,-1.974439026822651,0.9497033573107287,1.1981569359501585,-1.178056774205828,220.0
177,-1.182301889861587,-2.1069860419938555,-1.9744390344761666,0.9497033454006398,1.1981569848099252,-1.2855081793460197,221.25
178,-1.182301931899812,-2.1069860174065616,-1.974439039980106,0.9497033259360715,1.1981570266862742,-1.3829595844862388,222.5
179,-1.1823019696242765,-2.106985995342302,-1.97443904491925,0.949703308468862,1.1981570642654733,-1.470410989626478,223.75
180,-1.1823020014313668,-2.1069859735700116,-1.974439048671267,0.9497032901666562,1.198157095924637,-1.547862394766718,225.0
181,-1.1823020253756698,-2.1069859493830876,-1.9744390504811684,0.9497032675933936,1.1981571196949725,-1.6153137999069784,226.25
182,-1.182302045770113,-2.1069859287819934,-1.9744390520227428,0.9497032483667271,1.1981571399412398,-1.6727652050472481,227.5
183,-1.1823020626146974,-2.10698591176673,-1.974439053295987,0.9497032324866548,1.1981571566634401,-1.7202166101875263,228.75
184,-1.1823020759094216,-2.106985898337296,-1.9744390543009054,0.9497032199531792,1.1981571698615716,-1.7576680153278106,230.0
185,-1.182302085654286,-2.106985888493691,-1.974439055037498,0.9497032107663006,1.198157179535635,-1.785119420468089,231.25
186,-1.1823020918492906,-2.1069858822359153,-1.9744390555057643,0.9497032049260188,1.1981571856856297,-1.8025708256083663,232.5
187,-1.1828092973020718,-2.1079382529764508,-1.9725816956517732,0.9487978823944012,1.1986632903190764,-1.811250997360355,233.75
188,-1.1843727203752732,-2.110873892283684,-1.9668564865753824,0.9460072843025898,1.2002233199838146,-1.8112251452337271,235.0
189,-1.1848678447330505,-2.1118035954934617,-1.965043344413834,0.9451235154144887,1.2007173679703558,-1.8025084934162878,236.25
190,-1.1848678380933233,-2.111803599584583,-1.9650433458193044,0.9451235119174887,1.2007173577567651,-1.7849974879423565,237.5
191,-1.1848678276618503,-2.1118036060120184,-1.9650433480273959,0.9451235064234587,1.2007173417105048,-1.7574864824684244,238.75
192,-1.1848678134386321,-2.111803614775768,-1.9650433510381085,0.9451234989323989,1.2007173198315753,-1.7199754769944886,240.0
193,-1.1848677954236686,-2.1118036258758326,-1.9650433548514425,0.9451234894443091,1.200717292119976,-1.6724644715205577,241.25
194,-1.1848677743712812,-2.111803638675444,-1.965043360126776,0.9451234756326419,1.2007172650562417,-1.6149534881439225,242.5
195,-1.184867749702935,-2.1118036536629776,-1.9650433663583937,0.9451234592817619,1.2007172336700689,-1.5474425059322106,243.75
196,-1.1848677179080807,-2.1118036724066234,-1.9650433651474475,0.9451234652778553,1.2007172009648703,-1.4699315355768494,245.0
197,-1.1848676805982128,-2.1118036941953346,-1.96504336037411,0.9451234821353165,1.2007171653974056,-1.3824205699798864,246.25
198,-1.184867639037431,-2.111803718571022,-1.965043354968994,0.9451235013345186,1.2007171258739706,-1.2849096169682177,247.5
199,-1.184867590421515,-2.1118037374572873,-1.9650433473509585,0.9451235130444837,1.2007170782155003,-1.1773986708171564,248.75
200,-1.184867535199952,-2.1118037521422615,-1.965043337787053,0.9451235187906175,1.20071702307359,-1.0598877326693905,250.0
201,-1.1848674752048018,-2.1118037649029096,-1.965043326983392,0.9451235214173509,1.200716963126693,-0.9323768023256133,251.25
202,-1.1848674101545522,-2.1118037633749442,-1.9650433132847693,0.945123506863406,1.2007168980049743,-0.7948658773141766,252.5
203,-1.1848673411748187,-2.1118037586644283,-1.9650432983553396,0.9451234879423656,1.2007168289249601,-0.6473549535782418,253.75
204,-1.18486727220967,-2.111803735650071,-1.965043281039038,0.945123448368127,1.200716759714522,-0.48984403673487054,255.0
205,-1.1848672037475685,-2.1118037038746036,-1.9650432626832333,0.9451233990059815,1.200716690936652,-0.32365998908528415,256.25
206,-1.184867144918504,-2.111803660729709,-1.9650432448420108,0.9451233387130983,1.200716631708001,-0.1634343079899893,257.5
207,-1.1848670983671734,-2.1118036115924093,-1.9650432287662571,0.9451232740791208,1.2007165847190802,-0.013208626894680782,258.75
208,-1.184867060963605,-2.1118035596214337,-1.965043214218856,0.9451232080514451,1.2007165468628092,0.12701705420063744,260.0
209,-1.1848670348367198,-2.1118035063250766,-1.9650432018385287,0.945123142752108,1.200716520282139,0.2572427352959663,261.25
210,-1.184867017439664,-2.1118034531918215,-1.9650431912910955,0.9451230793585947,1.2007165024400859,0.3774684163913006,262.5
211,-1.1848670035494007,-2.1118034039310802,-1.9650431819769874,0.94512302102695,1.2007164881391732,0.48769409748664583,263.75
212,-1.1848670024524073,-2.1118033560769107,-1.9650431755013702,0.9451229668058473,1.2007164866538627,0.5879197785820006,265.0
213,-1.1848670014648661,-2.1118033129973854,-1.9650431696718513,0.945122917994644,1.200716485316749,0.6781454596773626,266.25
214,-1.1848670006508923,-2.111803274694009,-1.9650431645019364,0.9451228746076864,1.2007164841920137,0.7583711407727223,267.5
215,-1.1848670093377796,-2.1118032413859105,-1.965043161955828,0.9451228387318706,1.200716492616705,0.8285968218680805,268.75
216,-1.184867016787671,-2.1118032128208206,-1.9650431597722808,0.9451228079647009,1.2007164998417368,0.8888225029634432,270.0
217,-1.1848670230005665,-2.1118031889987403,-1.9650431579512913,0.9451227823061763,1.200716505867109,0.9390481840587938,271.25
218,-1.1848670279764664,-2.1118031699196687,-1.9650431564928625,0.9451227617562978,1.2007165106928217,0.9792738651541408,272.5
219,-1.1848670317153704,-2.1118031555836043,-1.9650431553969954,0.9451227463150658,1.200716514318875,1.0094995462494887,273.75
220,-1.1848670342172787,-2.1118031459905477,-1.9650431546636897,0.9451227359824803,1.2007165167452682,1.0297252273448378,275.0
221,-1.185037228716282,-2.1121278066113547,-1.9644094865880422,0.9448136217672712,1.200886328707263,1.0404749855330773,276.25
222,-1.1864912543841228,-2.1149015486713743,-1.9589958211533396,0.9421727861880328,1.2023370865318257,1.0432247164924071,277.5
223,-1.1873977532398716,-2.1166308176417212,-1.955620718566528,0.9405263802765002,1.2032415476924536,1.0365842974020454,278.75
224,-1.1873977513191938,-2.1166308226119854,-1.955620720855443,0.9405263793764506,1.2032415448783302,1.0218695782496456,280.0
225,-1.1873977480932403,-2.1166308309600006,-1.955620724699886,0.9405263778647349,1.2032415401517524,0.9971548590972451,281.25
226,-1.18739774356201,-2.116630842685766,-1.9556207300998567,0.9405263757413531,1.2032415335127196,0.9624401399448441,282.5
227,-1.1873977377255038,-2.116630857789281,-1.955620737055355,0.9405263730063051,1.2032415249612323,0.9177254207924461,283.75
228,-1.1873977300414218,-2.116630876494863,-1.955620745302074,0.9405263703482563,1.2032415098115747,0.863010712361922,285.0
229,-1.187397720662204,-2.116630898739457,-1.9556207549143094,0.9405263675736236,1.2032414893808951,0.7982960092384275,286.25
230,-1.1873977150917832,-2.1166309289348333,-1.9556207630743057,0.9405263844186281,1.2032414764075912,0.7235813134207596,287.5
231,-1.1873977158087166,-2.116630969208531,-1.9556207683973605,0.940526430333628,1.203241475895058,0.6388666267129162,288.75
232,-1.187397716620619,-2.116631014307074,-1.955620774285628,0.9405264819721585,1.203241475411915,0.5441519494831898,290.0
233,-1.187397721960965,-2.116631062962199,-1.955620781602506,0.9405265384591625,1.2032414799190392,0.43943727916121594,291.25
234,-1.1873977384625674,-2.116631113309367,-1.9556207916106776,0.9405265986216692,1.2032414968738816,0.32472261737745534,292.5
235,-1.1873977564047828,-2.1166311680434884,-1.9556208024932895,0.9405266640214758,1.2032415153250602,0.20000796497757484,293.75
236,-1.1873977905012363,-2.116631218550465,-1.9556208162004967,0.94052672778894,1.2032415498708522,0.06529331834776714,295.0
237,-1.1873978288672766,-2.1166312717885356,-1.9556208311559435,0.9405267954768699,1.2032415887073957,-0.07942132740169701,296.25
238,-1.1873978833789989,-2.1166313150994243,-1.9556208481689537,0.9405268551506211,1.2032416436200126,-0.23413596731981645,297.5
239,-1.187397944462536,-2.116631357357962,-1.95562086641103,0.9405269149357666,1.203241705101131,-0.398779111545878,298.75
240,-1.1873980154076433,-2.1166313809882094,-1.955620884264101,0.940526955639613,1.2032417763004408,-0.5618027149761387,300.0
241,-1.1873980835647915,-2.116631397179387,-1.9556209005627099,0.9405269873937013,1.2032418446486792,-0.7148263184064187,301.25
242,-1.1873981508116191,-2.116631398740176,-1.9556209147553738,0.9405270024503776,1.2032419119664295,-0.8578499218367138,302.5
243,-1.1873982132479306,-2.1166313954516305,-1.9556209273121168,0.9405270110812077,1.2032419744299314,-0.9908735252670106,303.75
244,-1.1873982707104669,-2.1166313801956753,-1.9556209372665172,0.9405270052177467,1.2032420318177024,-1.1138971286973178,305.0
245,-1.1873983235021508,-2.116631366179807,-1.9556209464117649,0.9405269998308944,1.2032420845406981,-1.226920732127634,306.25
246,-1.1873983679959612,-2.1166313423396224,-1.9556209525439645,0.9405269817121007,1.2032421288784751,-1.32994433555796,307.5
247,-1.1873984076380002,-2.116631319187624,-1.955620957757084,0.9405269634110682,1.2032421683658976,-1.42296793898829,308.75
248,-1.187398443018537,-2.1166312985244575,-1.9556209624097918,0.9405269470773875,1.2032422036084394,-1.5059915424186152,310.0
249,-1.1873984702080325,-2.116631274897286,-1.9556209649703766,0.9405269257780482,1.2032422306286674,-1.5790151458489499,311.25
250,-1.1873984923098335,-2.116631252612477,-1.9556209666485078,0.9405269049883861,1.2032422525677517,-1.6420387492792834,312.5
251,-1.1873985109047265,-2.1166312338636155,-1.955620968060367,0.9405268874974333,1.2032422710257469,-1.695062352709611,313.75
252,-1.1873985259927111,-2.116631218650701,-1.9556209692059543,0.9405268733051901,1.2032422860026522,-1.738085956139925,315.0
253,-1.1873985375737872,-2.1166312069737323,-1.9556209700852722,0.940526862411658,1.2032422974984667,-1.7711095595702468,316.25
254,-1.1873985456479548,-2.1166311988327102,-1.9556209706983207,0.9405268548168366,1.2032423055131911,-1.794133163000566,317.5
255,-1.187406813393251,-2.116647208148558,-1.9555896919733895,0.9405115804321227,1.2032505540004919,-1.8071859409964706,318.75
256,-1.1885593185266898,-2.1188807452935707,-1.9512270513344026,0.9383817882335551,1.2044003778163015,-1.812542149686969,320.0
257,-1.1898477153148268,-2.1213776487327487,-1.946349998633206,0.9360008668462816,1.2056857762327613,-1.80817330754227,321.25
258,-1.1898950307600535,-2.121469357106454,-1.9461708764461159,0.9359134186452578,1.205732979102848,-1.7961139849454824,322.5
259,-1.1898950225519493,-2.121469362160883,-1.946170878193378,0.9359134143515138,1.205732966382905,-1.7742177895006,323.75
260,-1.189895010595201,-2.121469369523672,-1.9461708807386158,0.9359134080968157,1.2057329478537602,-1.7423215940557117,325.0
261,-1.1898949948898092,-2.1214693791948203,-1.9461708840818293,0.9359133998811633,1.2057329235154128,-1.7004253986108289,326.25
262,-1.1898949757217974,-2.1214693909264564,-1.9461708884812574,0.9359133887944447,1.2057328958514215,-1.648529212061746,327.5
263,-1.1898949533523593,-2.1214694044922267,-1.9461708941727223,0.9359133740055535,1.2057328671297474,-1.5866330395065626,328.75
264,-1.1898949266366186,-2.1214694205729767,-1.946170898996378,0.9359133620710842,1.2057328345327138,-1.5147368696147099,330.0
265,-1.189894892139228,-2.1214694406853285,-1.9461708945672926,0.9359133775910665,1.2057328016489017,-1.4328407133285754,331.25
266,-1.1898948534352192,-2.121469463296727,-1.9461708895585756,0.9359133951912284,1.2057327647997618,-1.3409445629606762,332.5
267,-1.1898948104261962,-2.12146948813591,-1.9461708838963492,0.935913414598129,1.2057327238561542,-1.2390484198567067,333.75
268,-1.1898947584783106,-2.1214695019455685,-1.946170874858872,0.93591341996056,1.205732671989889,-1.1271522881786418,335.0
269,-1.18989470188616,-2.1214695169900235,-1.9461708650129363,0.9359134258041011,1.2057326154731154,-1.0052561639656221,336.25
270,-1.1898946403974713,-2.1214695222140696,-1.9461708528685298,0.9359134195459284,1.2057325539703285,-0.8733600461039026,337.5
271,-1.1898945740832754,-2.1214695206938883,-1.9461708388407808,0.9359134046864038,1.2057324875820676,-0.7314639309091924,338.75
272,-1.1898945062480077,-2.121469507007748,-1.9461708228967134,0.9359133757845897,1.2057324195733492,-0.5795678197700875,340.0
273,-1.1898944362195,-2.1214694837270094,-1.9461708052340831,0.9359133356116874,1.2057323492921102,-0.41767171500831646,341.25
274,-1.1898943738962091,-2.121469443862556,-1.9461707869982727,0.9359132782355631,1.2057322865864135,-0.2522218650293591,342.5
275,-1.1898943176275238,-2.121469402269266,-1.9461707697977162,0.9359132201067543,1.205732229926393,-0.09638347416859339,343.75
276,-1.1898942791983969,-2.121469349011054,-1.9461707547838094,0.935913152338592,1.2057321910256005,0.04945491669219018,345.0
277,-1.1898942434043205,-2.121469299404714,-1.946170740799382,0.9359130892172262,1.2057321547921993,0.18529330755298223,346.25
278,-1.1898942252564615,-2.1214692446894077,-1.9461707298230415,0.9359130238227731,1.2057321361784339,0.31113169841377375,347.5
279,-1.1898942086984396,-2.121469194235978,-1.9461707197384157,0.9359129635569401,1.2057321191909502,0.42697008927458757,348.75
280,-1.1898942015757301,-2.1214691460128727,-1.946170711914435,0.9359129076800614,1.2057321116653794,0.5328084801354025,350.0
281,-1.1898942005410305,-2.121469100908638,-1.9461707057699056,0.9359128565323169,1.2057321102587988,0.6286468709962271,351.25
282,-1.189894199614294,-2.1214690605106874,-1.9461707002665045,0.9359128107214445,1.2057321089989839,0.7144852618570482,352.5
283,-1.1898942031185986,-2.1214690249181323,-1.946170696318728,0.9359127712161586,1.2057321122136115,0.7903236527178747,353.75
284,-1.1898942111655488,-2.1214689941335325,-1.9461706939501846,0.9359127380414674,1.205732120014405,0.8561620435787088,355.0
285,-1.1898942179902716,-2.1214689680247156,-1.9461706919413913,0.9359127099055824,1.205732126630359,0.9120004344395296,356.25
286,-1.189894223592767,-2.1214689465916825,-1.9461706902923468,0.9359126868085027,1.2057321320614736,0.9578388253003444,357.5
287,-1.1898942279730345,-2.1214689298344314,-1.9461706890030537,0.9359126687502299,1.205732136307748,0.9936772161611599,358.75
288,-1.1898942311310743,-2.1214689177529626,-1.9461706880735128,0.935912655730764,1.205732139369183,1.019515607021973,360.0
289,-1.1898942330668862,-2.121468910347276,-1.9461706875037237,0.9359126477501049,1.2057321412457784,1.0353539978827906,361.25
290,-1.1906001513401019,-2.1228586982690363,-1.9434540633881467,0.9345854104212963,1.2064363599277275,1.0428330299519275,362.5
291,-1.1920706512458392,-2.1257537804567392,-1.937795050454699,0.9318206428827918,1.2079033193228974,1.041219867133568,363.75
292,-1.1923570650822055,-2.126317670254526,-1.9366928236225405,0.9312821376733306,1.2081890429534945,1.031329791134497,365.0
293,-1.1923570626155147,-2.126317676603696,-1.9366928265730279,0.9312821365198658,1.2081890392642505,1.0122697649493793,366.25
294,-1.1923570588546542,-2.1263176862840107,-1.9366928310715132,0.9312821347612263,1.2081890336394145,0.9832097387642575,367.5
295,-1.192357053799624,-2.1263176992954707,-1.9366928371179961,0.931282132397412,1.2081890260789863,0.9441497125791422,368.75
296,-1.1923570473729044,-2.126317715671545,-1.9366928446731018,0.9312821295328085,1.2081890159059951,0.8950896877932734,370.0
297,-1.1923570388968434,-2.1263177357048173,-1.9366928533926275,0.9312821270799232,1.2081889972025768,0.8360296751211256,371.25
298,-1.1923570289856213,-2.1263177591301097,-1.9366928635885374,0.9312821242117169,1.2081889753323083,0.7669696624489848,372.5
299,-1.1923570282526632,-2.126317794994929,-1.9366928692995968,0.9312821612079467,1.2081889720084156,0.6879096641544782,373.75
300,-1.192357029000314,-2.1263178367511806,-1.9366928748363783,0.9312822089138129,1.2081889714987963,0.5988496700741307,375.0
301,-1.1923570298438046,-2.1263178832756737,-1.9366928809230166,0.9312822623185023,1.2081889710365168,0.4997896865979078,376.25
302,-1.1923570416545102,-2.1263179314761405,-1.9366928896724753,0.931282319355173,1.2081889828055075,0.39072971179685323,377.5
303,-1.1923570585746095,-2.1263179829779193,-1.9366928999828958,0.9312823809674318,1.2081890002041589,0.2716697447048891,378.75
304,-1.19235708218537,-2.1263180357238944,-1.9366929118625236,0.931282445295881,1.2081890243061002,0.14260978490003046,380.0
305,-1.1923571186076778,-2.1263180861355098,-1.9366929261262174,0.931282509491689,1.2081890611814952,0.003549829481263426,381.25
306,-1.192357162234746,-2.126318135556746,-1.9366929417653833,0.9312825739999973,1.2081891052588283,-0.14551012367853938,382.5
307,-1.1923572195817835,-2.1263181774301767,-1.9366929592766984,0.9312826327071373,1.2081891630036568,-0.30457007012590737,383.75
308,-1.192357285554284,-2.1263182108167373,-1.9366929774717132,0.9312826835386457,1.2081892293112602,-0.4709344761334123,385.0
309,-1.1923573537772367,-2.126318233454037,-1.9366929947193456,0.9312827226715992,1.2081892977822473,-0.6296107068672665,386.25
310,-1.1923574214380346,-2.1263182403825827,-1.9366930097774995,0.931282743943348,1.2081893655603606,-0.7782869376011297,387.5
311,-1.1923574858575572,-2.126318241840525,-1.9366930234365012,0.9312827583897976,1.20818943004898,-0.9169631683350057,388.75
312,-1.1923575453575497,-2.12631823124612,-1.9366930344774045,0.9312827582407264,1.2081894895138028,-1.0456393990688935,390.0
313,-1.19235760012416,-2.126318216709627,-1.9366930440088495,0.9312827526969925,1.2081895442083752,-1.1643156298027928,391.25
314,-1.192357648998919,-2.126318199511222,-1.9366930519575156,0.9312827429749153,1.2081895929838147,-1.2729918605366923,392.5
315,-1.1923576905455653,-2.1263181752795717,-1.9366930574465901,0.9312827238499153,1.2081896343663505,-1.3716680912705956,393.75
316,-1.1923577278818125,-2.126318153503596,-1.936693062379387,0.9312827066630689,1.2081896715551181,-1.4603443220045085,395.0
317,-1.192357760112431,-2.126318132944205,-1.936693066405335,0.9312826898364523,1.2081897036438245,-1.5390205527384224,396.25
318,-1.192357783908101,-2.1263181089932766,-1.9366930682206491,0.9312826675018147,1.208189727262003,-1.607696783472338,397.5
319,-1.1923578042388647,-2.1263180885298616,-1.9366930697716338,0.931282648419341,1.2081897474411194,-1.6663730142062543,398.75
320,-1.192357821104723,-2.1263180715539622,-1.9366930710582864,0.9312826325890295,1.2081897641811756,-1.7150492449401487,400.0
321,-1.192357834505675,-2.1263180580655754,-1.9366930720806095,0.9312826200108822,1.20818977748217,-1.7537254756740415,401.25
322,-1.1923578444417202,-2.126318048064702,-1.9366930728386045,0.9312826106848997,1.2081897873441028,-1.7824017064079385,402.5
323,-1.1923578509128594,-2.126318041551342,-1.9366930733322705,0.9312826046110819,1.2081897937669737,-1.8010779371418437,403.75
324,-1.1926832719791496,-2.126968874159454,-1.9354199515383126,0.9306601399202846,1.2085144042726246,-1.8106836866040115,405.0
325,-1.1941443469729331,-2.1298910249679825,-1.9297038334212622,0.9278653843839804,1.2099718399340316,-1.8119240574432707,406.25
326,-1.1947877940803813,-2.1311779276540745,-1.9271864839868842,0.9266345867810848,1.2106136827497664,-1.8041682378151456,407.5
327,-1.1947877880750684,-2.131177931349845,-1.9271864852725256,0.9266345836611463,1.210613673373799,-1.7879661372203823,408.75
328,-1.1947877783632523,-2.131177937326658,-1.9271864873516695,0.9266345786155693,1.2106136582109475,-1.7617640366256238,410.0
329,-1.1947877649449339,-2.1311779455845157,-1.927186490224317,0.9266345716443541,1.2106136372612122,-1.725561936030881,411.25
330,-1.1947877478201128,-2.1311779561234165,-1.927186493890467,0.9266345627475007,1.210613610524593,-1.6793598354361319,412.5
331,-1.1947877276030714,-2.1311779683967664,-1.927186498923101,0.926634549908877,1.2106135833913974,-1.6231577526851493,413.75
332,-1.194787703936226,-2.131177982722746,-1.927186504988678,0.9266345343021012,1.210613552723848,-1.5569556738696353,415.0
333,-1.1947876739752048,-2.131178000412103,-1.9271865052447537,0.9266345358877541,1.2106135205037563,-1.480753604667609,416.25
334,-1.194787638095194,-2.1311780212993505,-1.9271865006193094,0.92663455196844,1.2106134863061757,-1.3945515420205525,417.5
335,-1.194787598064317,-2.1311780446941633,-1.9271864953805489,0.9266345702771658,1.2106134482427209,-1.2983494908930244,418.75
336,-1.1947875517732034,-2.1311780645483447,-1.9271864883233967,0.9266345834479714,1.2106134031577938,-1.1921474465222384,420.0
337,-1.194787498470152,-2.1311780787157906,-1.9271864790057356,0.926634588907088,1.2106133499366443,-1.075945410407083,421.25
338,-1.194787440559614,-2.1311780932958473,-1.9271864687757472,0.9266345939185211,1.2106132920936623,-0.9497433825673481,422.5
339,-1.1947873776672622,-2.1311780918913077,-1.927186455408376,0.9266345798029773,1.2106132291299334,-0.81354136091767,423.75
340,-1.194787310257346,-2.1311780900017103,-1.9271864410301711,0.9266345642386333,1.2106131616403482,-0.6673393397850915,425.0
341,-1.1947872435000408,-2.1311780678929866,-1.9271864241124588,0.9266345259491251,1.2106130946385831,-0.5111373256698855,426.25
342,-1.194787175404716,-2.1311780397554325,-1.9271864061163253,0.9266344805781788,1.2106130262472505,-0.3454809226216536,427.5
343,-1.1947871175158553,-2.1311779975477876,-1.9271863883969993,0.9266344213357665,1.2106129679539328,-0.1839505561419241,428.75
344,-1.1947870697426137,-2.13117795138422,-1.927186372274168,0.9266343596366347,1.2106129197522355,-0.032420189662254975,430.0
345,-1.1947870328961177,-2.1311779004489955,-1.9271863578098676,0.9266342947202668,1.210612882447196,0.10911017681735705,431.25
346,-1.1947870050964418,-2.1311778493570337,-1.9271863452209155,0.9266342314288365,1.2106128541957628,0.240640543296891,432.5
347,-1.1947869879342077,-2.1311777971812127,-1.9271863347179765,0.9266341690311888,1.210612836582234,0.3621709097763841,433.75
348,-1.1947869723864875,-2.1311777492449275,-1.927186325114554,0.9266341117474663,1.2106128206200857,0.4737012762557962,435.0
349,-1.1947869713050605,-2.131177702137247,-1.927186318652761,0.9266340582820616,1.210612819144102,0.5752316427351516,436.25
350,-1.1947869703301461,-2.1311776596693317,-1.9271863128274027,0.9266340100826072,1.2106128178134916,0.6667620092144626,437.5
351,-1.1947869694617443,-2.1311776218411804,-1.9271863076384819,0.926633967149104,1.210612816628255,0.7482923756937345,438.75
352,-1.1947869768578236,-2.131177588835019,-1.9271863048199298,0.9266339313126011,1.2106128237551843,0.8198227421729691,440.0
353,-1.1947869842893402,-2.1311775604670324,-1.9271863026227116,0.926633900726098,1.2106128309563353,0.8813531086521863,441.25
354,-1.1947869905130766,-2.131177536709451,-1.9271863007825858,0.9266338751105543,1.2106128369871456,0.9328834751313817,442.5
355,-1.1947869955290327,-2.131177517562275,-1.9271862992995543,0.926633854465971,1.2106128418476148,0.9744138416105721,443.75
356,-1.1947869993372084,-2.1311775030255027,-1.9271862981736185,0.9266338387923488,1.210612845537743,1.00594420808976,445.0
357,-1.194787001937604,-2.131177493099134,-1.9271862974047782,0.9266338280896875,1.21061284805753,1.0274745745689629,446.25
358,-1.1948513074683693,-2.131308132466639,-1.926930554564107,0.9265086917789523,1.2106769878956294,1.039232755015906,447.5
359,-1.1961207728039696,-2.1338872653390113,-1.9218817945621032,0.9240384164417786,1.2119431830470542,1.043292565221459,448.75
360,-1.1971815571523208,-2.1360424333167916,-1.9176629711704287,0.9219742163513823,1.2130012344135235,1.037668178289613,450.0
361,-1.1971846017118788,-2.1360486267200436,-1.91765085796936,0.9219682877612777,1.2130042702246302,1.0243292201119023,451.25
362,-1.1971845987183585,-2.1360486343842187,-1.9176508615640888,0.9219682863643224,1.2130042656550934,1.0010020950298033,452.5
363,-1.1971845944415591,-2.136048645333914,-1.9176508666998253,0.9219682843685124,1.2130042591266625,0.9676749699477214,453.75
364,-1.1971845888814814,-2.13604865956913,-1.9176508733765696,0.921968281773848,1.2130042506393377,0.9243478448656354,455.0
365,-1.1971845816309952,-2.136048677273248,-1.9176508813787947,0.921968279160581,1.2130042366000255,0.8710207244895968,456.25
366,-1.1971845726302082,-2.136048698473244,-1.9176508906747938,0.9219682766140714,1.2130042164801478,0.8076936082826734,457.5
367,-1.1971845657198827,-2.1360487259946246,-1.9176508994554413,0.921968286932303,1.2130042004643489,0.7343664970628883,458.75
368,-1.197184566409493,-2.1360487645026778,-1.917650904609247,0.9219683309290686,1.213004199975803,0.651039397108414,460.0
369,-1.1971845671902925,-2.1360488076873594,-1.9176509103311512,0.9219683804437455,1.2130041995035996,0.5577123049242089,461.25
370,-1.1971845704005892,-2.1360488548878402,-1.9176509170742466,0.9219684350512435,1.213004201673483,0.45438521983798813,462.5
371,-1.1971845863119328,-2.1360489032139185,-1.917650926817451,0.9219684929367034,1.2130042180339866,0.34105814450086613,463.75
372,-1.1971846036291869,-2.136048955802469,-1.9176509374222976,0.9219685559231457,1.2130042358548274,0.21773107803797292,465.0
373,-1.197184634437987,-2.1360490055964236,-1.917650950505997,0.9219686184004445,1.2130042671248202,0.08440401745110762,466.25
374,-1.197184671529819,-2.136049056805287,-1.9176509651030949,0.9219686837177403,1.2130043046842576,-0.05892304134129872,467.5
375,-1.1971847222375105,-2.1360491005056574,-1.9176509815637517,0.9219687432644674,1.2130043558065284,-0.21225009518019616,468.75
376,-1.1971847803420732,-2.136049142809179,-1.917650999393086,0.921968802709388,1.2130044143197944,-0.37535441220304655,470.0
377,-1.1971848478208613,-2.136049166435295,-1.9176510167114444,0.9219688429049266,1.2130044820585926,-0.5356966266462423,471.25
378,-1.1971849122297002,-2.1360491854944295,-1.917651032778042,0.92196887732263,1.2130045466862134,-0.6860388410893906,472.5
379,-1.1971849766479339,-2.1360491869135747,-1.9176510465035441,0.9219688917936335,1.213004611174706,-0.8263810555324638,473.75
380,-1.197185036473564,-2.13604918812169,-1.917651059235904,0.9219689051087072,1.2130046710646607,-0.9567232699754779,475.0
381,-1.1971850913491748,-2.13604917355764,-1.917651068833085,0.9219688995988221,1.2130047258673093,-1.0770654844184224,476.25
382,-1.1971851416648243,-2.136049160203813,-1.9176510776327684,0.921968894546785,1.2130047761160592,-1.1874076988613196,477.5
383,-1.1971851855720363,-2.136049142446918,-1.9176510845009203,0.9219688832354961,1.2130048199134955,-1.2877499133041597,478.75
384,-1.1971852231582079,-2.1360491205523546,-1.9176510894911607,0.921968865982546,1.2130048573493284,-1.378092127746946,480.0
385,-1.1971852565839591,-2.1360491010813085,-1.9176510939290243,0.9219688506393262,1.2130048906413824,-1.4584343421896862,481.25
386,-1.1971852857246958,-2.136049083861761,-1.9176510977654873,0.9219688369864278,1.213004919663501,-1.5287765566324139,482.5
387,-1.1971853063848181,-2.1360490631012063,-1.9176510993494769,0.9219688176352907,1.2130049401675138,-1.5891187710750774,483.75
388,-1.197185323621115,-2.136049045781122,-1.9176511006709656,0.9219688014910525,1.2130049572735717,-1.6394609855177595,485.0
389,-1.1971853374335861,-2.1360490319015066,-1.9176511017299527,0.9219687885537124,1.213004970981675,-1.6798031999604461,486.25
390,-1.1971853478222316,-2.1360490214623615,-1.9176511025264364,0.9219687788232702,1.2130049812918233,-1.7101454144031296,487.5
391,-1.197185354787052,-2.1360490144636857,-1.9176511030604204,0.9219687722997272,1.2130049882040166,-1.7304876288458173,488.75
392,-1.1971853583280456,-2.136049010905479,-1.917651103331904,0.9219687689830833,1.2130049917182546,-1.740829843288502,490.0
393,-1.1966564067585885,-2.135009468677476,-1.9197774674840347,0.9230558028161415,1.2124777997057659,-1.7422438562896538,491.25
394,-1.1965358165637565,-2.1347724820996907,-1.9202622243507053,0.9233036214373544,1.212357610665366,-1.7347998829964641,492.5
395,-1.1963916200405935,-2.1344891123621172,-1.9208418638148685,0.9235999489807624,1.2122138938374165,-1.7175102326785097,493.75
396,-1.1961640230318737,-2.1340418470382474,-1.921756755556264,0.9240676666552365,1.211987053970362,-1.6902205823605467,495.0
397,-1.1958530255375965,-2.1334306861280803,-1.9230068995748912,0.9247067744607769,1.2116770910642023,-1.652930932042582,496.25
398,-1.1954547935506,-2.132657362326698,-1.9245887611428887,0.9255154795950251,1.2112801547231145,-1.605641195861609,497.5
399,-1.1949713663319619,-2.131720954435438,-1.9265042195196291,0.9264947352094766,1.2107982929238434,-1.5483514393488491,498.75
400,-1.1944035562763105,-2.1306210953535536,-1.928754023596776,0.9276449211392334,1.210232321533504,-1.4810616828361078,500.0
401,-1.1937464933422144,-2.1293599027006715,-1.9313338543647607,0.9289638464451169,1.2095773532042948,-1.4037718025117158,501.25
402,-1.1930040839079021,-2.12793567821229,-1.9342471755321424,0.9304532681886132,1.2088373081953596,-1.3164819141481345,502.5
403,-1.1921705845831418,-2.1263508648440803,-1.9374890056431369,0.9321106616418704,1.2080064210380228,-1.2191918860759765,503.75
404,-1.191248867566649,-2.1246042209301153,-1.9410618768930819,0.9339373104664914,1.2070875750234233,-1.1119017990285354,505.0
405,-1.1902353713929799,-2.122697223651972,-1.9449627776868328,0.9359316887116336,1.206077195239454,-0.9946115799112116,506.25
406,-1.1891281899321595,-2.120630597730347,-1.9491902315309275,0.9380930492800226,1.2049733688332114,-0.8673211986256124,507.5
407,-1.1879271720178632,-2.1184043566952067,-1.9537442116024883,0.9404213793559113,1.2037759444085077,-0.7300306693284566,508.75
408,-1.1866301565049704,-2.1160193111888703,-1.958623066530747,0.9429158435567717,1.2024827532629847,-0.5827399629732409,510.0
409,-1.1852349314550037,-2.1134762533991562,-1.9638251831635143,0.94557562648441,1.2010915759828766,-0.42544905253563303,511.25
410,-1.183789792828596,-2.1108665748738926,-1.96916361518837,0.9483051515607539,1.1996505589254964,-0.26377892735804886,512.5
411,-1.1824183716929462,-2.1084119276134587,-1.9741849434381673,0.9508725844681948,1.1982829855604527,-0.1114822696113258,513.75
412,-1.1811279997006923,-2.1061217162742008,-1.9788699243866013,0.9532680792081161,1.1969961780195333,0.030814560136727977,515.0
413,-1.1799188389719926,-2.1039958028094237,-1.9832188404923308,0.95549178000668,1.1957902995293452,0.16311155983689044,516.25
414,-1.178794600955508,-2.102032823078728,-1.9872344702106417,0.957545091924185,1.1946690743230126,0.2854086685949101,517.5
415,-1.1777575117056238,-2.100231988435083,-1.9909184193596643,0.9594288264968979,1.1936347359155826,0.39770585690034876,518.75
416,-1.176806802850467,-2.0985935338240864,-1.9942702101686363,0.9611427429552425,1.1926865136214566,0.5000031419444987,520.0
417,-1.1759449735491512,-2.097116583217861,-1.9972916262152274,0.9626877424988132,1.1918269149109268,0.5923004867202151,521.25
418,-1.1751738000305534,-2.0958005505416297,-1.9999838601302566,0.964064427056827,1.1910577216613556,0.6745978740494364,522.5
419,-1.1744932724206556,-2.0946454154267076,-2.002346953773934,0.9652728182220373,1.1903789241345606,0.7468953036669904,523.75
420,-1.173904654774418,-2.0936507704962235,-2.0043817359671063,0.9663133341144838,1.1897917903363218,0.8091927665034633,525.0
421,-1.1734105221391964,-2.092815786149846,-2.006089894554674,0.9671868262077148,1.1892989033615495,0.8614902293399553,526.25
422,-1.1730086549513603,-2.092141160640043,-2.0074700092183098,0.9678925783276731,1.188898036829374,0.9037877218630046,527.5
423,-1.1727009438848925,-2.0916262990108248,-2.0085232901621897,0.9684312007036069,1.1885910872213263,0.9360852277026147,528.75
424,-1.1724885067593898,-2.091270849576398,-2.0092504527521906,0.9688030540483316,1.1883791757903976,0.9583827335422175,530.0
425,-1.1723713435748517,-2.0910748123367626,-2.0096514969883135,0.9690081383618475,1.1882623025365873,0.9706802393818343,531.25
426,-1.1718714506258088,-2.090240717557066,-2.011357906567601,0.9698807848547203,1.1877636425223477,0.9736417641040335,532.5
427,-1.1716740844016678,-2.089911731791909,-2.0120309608382665,0.9702249845744048,1.1875667625023991,0.9678058443933956,533.75
428,-1.1716737217609934,-2.0899118517432798,-2.0120307328562044,0.9702248773485471,1.187566399479346,0.9523710784216578,535.0
429,-1.1716731241697698,-2.0899120494097065,-2.0120303571672946,0.970224700652341,1.1875658012580044,0.926936312449913,536.25
430,-1.1716722915773887,-2.089912324811263,-2.012029833746938,0.9702244545407307,1.187564967403562,0.8915015537328307,537.5
431,-1.1716712238397153,-2.08991267800511,-2.012029162525053,0.9702241391700401,1.1875638966785356,0.8460668178976323,538.75
432,-1.1716699210973358,-2.089913108935482,-2.01202834356997,0.970223754387547,1.1875625902912992,0.7906320820624533,540.0
433,-1.1716691563979411,-2.0899133783366124,-2.0120278647360177,0.970223546874788,1.1875618233526168,0.725197355366701,541.25
434,-1.1716691571848168,-2.089913415812598,-2.012027869557926,0.97022358920951,1.1875618239127648,0.6497626383297952,542.5
435,-1.1716691580786742,-2.0899134582759378,-2.0120278750023126,0.9702236372387986,1.1875618245695736,0.5643279251509263,543.75
436,-1.1716691595767734,-2.089913505589728,-2.0120278811591974,0.9702236908902695,1.1875618258406775,0.46889321518428795,545.0
437,-1.1716691753184152,-2.0899135540550935,-2.012027890449475,0.9702237484106211,1.1875618419791905,0.36345851632606385,546.25
438,-1.171669192553642,-2.0899136071166957,-2.0120279006213737,0.9702238113847466,1.1875618596530744,0.24802382324085878,547.5
439,-1.171669219372339,-2.089913660018718,-2.0120279127408196,0.9702238760357481,1.1875618869118152,0.1225891375541561,548.75
440,-1.1716692566372175,-2.0899137122540243,-2.0120279269213532,0.9702239419612877,1.187561924612253,-0.012845541694878615,550.0
441,-1.1716693028217804,-2.0899137620826735,-2.012027942628441,0.9702240069212431,1.1875619712204533,-0.15828021852547736,551.25
442,-1.171669361687433,-2.089913805685195,-2.012027960154445,0.9702240673587045,1.1875620304710575,-0.3137148914724393,552.5
443,-1.17166943066729,-2.089913839767541,-2.0120279785607957,0.9702241190736484,1.1875620997702738,-0.47785523177234435,553.75
444,-1.171669502128507,-2.089913863918991,-2.0120279962317236,0.9702241601180805,1.1875621714759477,-0.6360945466530894,555.0
445,-1.1716695732267857,-2.0899138704969404,-2.012028011626989,0.9702241813542454,1.18756224268229,-0.7843338615337756,556.25
446,-1.1716696406739788,-2.089913872206586,-2.0120280256641614,0.9702241964114539,1.1875623101969102,-0.9225731764144558,557.5
447,-1.171669702934598,-2.0899138603317855,-2.0120280369367625,0.9702241952011547,1.1875623724155817,-1.050812491295113,558.75
448,-1.171669760242132,-2.089913845091509,-2.01202804677268,0.9702241892461987,1.1875624296511242,-1.169051806175734,560.0
449,-1.1716698111659951,-2.0899138264086092,-2.0120280548690612,0.970224178181299,1.187562480471205,-1.2772911210563314,561.25
450,-1.1716698546055455,-2.089913800894678,-2.012028060575905,0.9702241579864126,1.1875625237480552,-1.375530435936915,562.5
451,-1.1716698936232888,-2.089913777977869,-2.0120280657018297,0.9702241398472051,1.18756256261966,-1.463769750817494,563.75
452,-1.171669927022017,-2.089913755980022,-2.0120280697912722,0.9702241216456813,1.1875625958748524,-1.5420090656980636,565.0
453,-1.1716699518518954,-2.0899137307662676,-2.0120280717217405,0.970224098163235,1.1875626205294056,-1.6102483805786387,566.25
454,-1.1716699730431266,-2.0899137092474147,-2.0120280733693114,0.9702240781219788,1.1875626415710046,-1.6684876954592116,567.5
455,-1.1716699905957118,-2.0899136914234653,-2.012028074733982,0.9702240615219107,1.1875626589996497,-1.716727010339813,568.75
456,-1.1716700045096498,-2.0899136772944167,-2.012028075815757,0.970224048363033,1.1875626728153406,-1.7549663252204302,570.0
457,-1.1716700147849404,-2.089913666860269,-2.0120280766146355,0.9702240386453461,1.1875626830180768,-1.7832056401010237,571.25
458,-1.1716700214215838,-2.0899136601210224,-2.0120280771306183,0.97022403236885,1.1875626896078584,-1.801444954981629,572.5
459,-1.1720988494533269,-2.0906667927366622,-2.0105590561157762,0.9695078199294432,1.1879907132778735,-1.8107053203268004,573.75
460,-1.1737495472798332,-2.0935658789715954,-2.0049042744745664,0.9667508767882699,1.1896383147302727,-1.8114224377507429,575.0
461,-1.174383097656765,-2.0946785781630903,-2.0027339156955737,0.9656927341736558,1.1902706750912078,-1.803244609453992,576.25
462,-1.17438309112319,-2.094678582196471,-2.002733917047856,0.9656927306787981,1.1902706651234896,-1.7864329803976764,577.5
463,-1.1743830807032727,-2.094678588629013,-2.002733919204511,0.9656927251051073,1.1902706492267099,-1.759621351341366,578.75
464,-1.1743830663970127,-2.0946785974607165,-2.002733922165539,0.9656927174525831,1.190270627400869,-1.7228097222850467,580.0
465,-1.1743830482044102,-2.094678608691581,-2.0027339259309405,0.9656927077212255,1.1902705996459662,-1.6759980932287322,581.25
466,-1.1743830268534645,-2.094678621727871,-2.002733931108223,0.9656926937581582,1.190270572083065,-1.6191864843159425,582.5
467,-1.1743830018538177,-2.0946786369695074,-2.0027339372881907,0.9656926770134864,1.1902705405892187,-1.5523748781708784,583.75
468,-1.1743829699008923,-2.0946786559318276,-2.0027339367852948,0.9656926807443438,1.1902705071856086,-1.4755632828160254,585.0
469,-1.174382931971659,-2.0946786781769475,-2.002733931913946,0.9656926979593634,1.1902704710192,-1.3887516931595616,586.25
470,-1.174382889685515,-2.0946787030812857,-2.0027339263971777,0.9656927175696387,1.1902704307899785,-1.2919401155986934,587.5
471,-1.1743828405187762,-2.094678723332018,-2.0027339188514635,0.9656927307043461,1.190270382745235,-1.1851285447162447,588.75
472,-1.1743827842567958,-2.094678738310294,-2.002733909157476,0.9656927366187377,1.19027032656322,-1.0683169819640803,590.0
473,-1.1743827231314392,-2.094678752598843,-2.002733898378392,0.9656927408079256,1.1902702654952966,-0.9415054272180542,591.25
474,-1.1743826567962161,-2.0946787509345572,-2.0027338845462728,0.9656927259911582,1.1902701990896767,-0.8046938781820782,592.5
475,-1.174382586047946,-2.0946787474675435,-2.0027338695815216,0.9656927082870285,1.190270128253397,-0.6578823299149702,593.75
476,-1.17438251567311,-2.0946787237282307,-2.0027338521460436,0.965692667879115,1.1902700576360075,-0.50107078864611,595.0
477,-1.174382444764691,-2.0946786923557132,-2.002733833641823,0.9656926187907601,1.190269986425009,-0.33512430408185356,596.25
478,-1.1743823841987011,-2.09467864756193,-2.002733815575113,0.9656925566415444,1.1902699254600058,-0.17419512094414202,597.5
479,-1.1743823351659626,-2.0946785976698874,-2.002733799236316,0.9656924910151492,1.1902698759978125,-0.02326593780647658,598.75
480,-1.1743822966320292,-2.0946785437289392,-2.0027337845448496,0.9656924228886838,1.1902698370113367,0.11766324533115859,600.0
481,-1.1743822685555791,-2.094678489083253,-2.0027337719124367,0.9656923560114407,1.1902698084853367,0.24859242846876184,601.25
482,-1.1743822506155055,-2.094678433921264,-2.0027337612968132,0.9656922905324674,1.1902697900999157,0.3695216116063511,602.5
483,-1.1743822352566125,-2.0946783830289952,-2.0027337517477792,0.9656922303545354,1.190269774331116,0.4804507947439166,603.75
484,-1.1743822341204004,-2.094678333311745,-2.0027337452672493,0.9656921742727136,1.1902697728057303,0.581379977881469,605.0
485,-1.1743822330967637,-2.0946782885204502,-2.002733739428802,0.9656921237474417,1.1902697714314794,0.672309161019002,606.25
486,-1.1743822321857025,-2.0946782486551108,-2.0027337342324394,0.9656920787787205,1.1902697702083627,0.7532383441565285,607.5
487,-1.1743822405126605,-2.0946782139447158,-2.002733731580996,0.9656920414048952,1.1902697782710283,0.8241675272940634,608.75
488,-1.1743822482353667,-2.0946781841422863,-2.002733729422167,0.9656920094275044,1.1902697857672773,0.8850967104315925,610.0
489,-1.1743822546905838,-2.094678159231181,-2.002733727617654,0.9656919826984006,1.1902697920332053,0.9360258935691476,611.25
490,-1.1743822598783122,-2.094678139211399,-2.002733726167458,0.9656919612175847,1.1902697970688112,0.9769550767067217,612.5
491,-1.1743822637985517,-2.0946781240829386,-2.00273372507158,0.9656919449850574,1.1902698008740957,1.0078842598442863,613.75
492,-1.1743822664513024,-2.094678113845801,-2.0027337243300205,0.9656919340008184,1.1902698034490586,1.0288134429818485,615.0
493,-1.174500107762144,-2.0948884045867993,-2.002323212331798,0.9654916274114194,1.190387415489367,1.0400957987773614,616.25
494,-1.1759887646891185,-2.09754504928487,-1.9971372704753674,0.9629612522294649,1.1918731765799033,1.0435011938244478,617.5
495,-1.1770573057471987,-2.0994519640839813,-1.9934148573304573,0.9611449766491157,1.1929396386982132,1.0373488385570415,618.75
496,-1.177057303867692,-2.099451968989423,-1.993414859533639,0.9611449757395375,1.1929396360067384,1.0232505197598687,620.0
497,-1.1770573006550424,-2.0994519773743177,-1.993414863299547,0.9611449741847917,1.1929396314061884,0.999152200962692,621.25
498,-1.1770572961092505,-2.099451989238664,-1.9934148686281814,0.9611449719848784,1.1929396248965636,0.9650538821655181,622.5
499,-1.177057290230316,-2.0994520045824627,-1.9934148755195424,0.9611449691397973,1.1929396164778638,0.9209555633683332,623.75
500,-1.1770572825061447,-2.09945202360638,-1.9934148837374235,0.9611449662526832,1.1929396018197849,0.8668572545530231,625.0
501,-1.1770572729941637,-2.0994520462879134,-1.9934148933083133,0.9611449632558986,1.192939581407938,0.8027589522094866,626.25
502,-1.1770572666076493,-2.099452076513592,-1.9934149018219156,0.9611449774936643,1.1929395669732954,0.7286606561933312,627.5
503,-1.1770572673356026,-2.0994521177498506,-1.9934149070710758,0.9611450242853508,1.1929395664443558,0.644562370376213,628.75
504,-1.1770572681597198,-2.099452163956371,-1.9934149128859096,0.9611450769268786,1.1929395659340754,0.5504640931681035,630.0
505,-1.1770572726873345,-2.099452214105358,-1.9934149199599498,0.9611451347234097,1.1929395694841312,0.4463658229011476,631.25
506,-1.1770572895118,-2.099452265781877,-1.9934149299163335,0.9611451961579697,1.1929395867565802,0.33226756149447606,632.5
507,-1.1770573078130862,-2.0994523219855092,-1.9934149407473665,0.9611452629694819,1.192939605561976,0.20816930964135752,633.75
508,-1.1770573415975016,-2.099452374483343,-1.9934149543146462,0.9611453285927678,1.1929396397981473,0.07407106331402918,635.0
509,-1.1770573807531246,-2.099452429219468,-1.99341496927314,0.9611453977712047,1.1929396794199032,-0.07002718181439463,636.25
510,-1.1770574354460535,-2.0994524747624723,-1.9934149862699546,0.9611454596570675,1.192939734516889,-0.22412542150066214,637.5
511,-1.1770574970948127,-2.099452519602119,-1.9934150046094854,0.9611455221132091,1.1929397965692643,-0.38821849795110736,638.75
512,-1.1770575700803978,-2.099452544175474,-1.9934150227274698,0.9611455640080582,1.1929398698083118,-0.5518625491952329,640.0
513,-1.1770576398794304,-2.099452562338762,-1.9934150393816397,0.9611455980749128,1.1929399398077183,-0.7055066004393351,641.25
514,-1.1770577090953667,-2.0994525640572057,-1.9934150538428814,0.961145613544186,1.1929400090940712,-0.8491506516833975,642.5
515,-1.1770577734061618,-2.099452561869923,-1.9934150668023074,0.9611456236641406,1.1929400734404991,-0.9827947029274433,643.75
516,-1.1770578325914975,-2.09945254614163,-1.9934150770000256,0.9611456175619113,1.1929401325506384,-1.1064387541714558,645.0
517,-1.1770578869900845,-2.099452531685403,-1.993415086372972,0.9611456119532106,1.1929401868801106,-1.2200828054154587,646.25
518,-1.1770579331385156,-2.0994525078651813,-1.9934150928676793,0.9611455942060232,1.1929402328789167,-1.323726856659437,647.5
519,-1.1770579740341285,-2.099452483885738,-1.993415098261286,0.9611455752524876,1.1929402736193337,-1.4173709079034067,648.75
520,-1.1770580105626087,-2.099452462466998,-1.9934151030789198,0.961145558322948,1.1929403100091913,-1.5010149591473585,650.0
521,-1.1770580390216563,-2.099452438433402,-1.9934151059062586,0.9611455368761063,1.1929403383023969,-1.5746590103913234,651.25
522,-1.177058061893518,-2.099452415254959,-1.9934151076915527,0.9611455152976491,1.1929403610105578,-1.6383030616352834,652.5
523,-1.1770580811716644,-2.099452395718404,-1.993415109196333,0.9611454971096818,1.1929403801507246,-1.691947112879268,653.75
524,-1.1770580968560957,-2.0994523798237363,-1.993415110420599,0.9611454823122045,1.1929403957228977,-1.7355911641232726,655.0
525,-1.1770581089468113,-2.0994523675709558,-1.993415111364354,0.9611454709052186,1.1929404077270762,-1.7692352153672606,656.25
526,-1.1770581174438113,-2.0994523589600607,-1.993415112027597,0.9611454628887239,1.1929404161632604,-1.7928792666112532,657.5
527,-1.1770585475967492,-2.09945312509798,-1.993413606004949,0.9611447226695566,1.1929408454235262,-1.806523864249243,658.75
528,-1.178186441572093,-2.101498335394646,-1.9894181574045138,0.9591937026867712,1.1940664648278863,-1.8123414322517086,660.0
529,-1.1796125903890282,-2.104084382278984,-1.9843661571735831,0.9567267589364505,1.1954897368008153,-1.808508739407123,661.25
530,-1.1796960081845962,-2.1042356550653953,-1.9840706427525303,0.9565824534310075,1.195572983967423,-1.7968859720225168,662.5
531,-1.1796959999794425,-2.1042356601274195,-1.9840706444604066,0.9565824490702272,1.195572971359078,-1.7755243791149917,663.75
532,-1.179695987933211,-2.104235667559129,-1.9840706469677905,0.9565824426680354,1.1955729528483894,-1.744162786207457,665.0
533,-1.1796959720459022,-2.1042356773605233,-1.9840706502746823,0.9565824342244321,1.1955729284353578,-1.7028011932999203,666.25
534,-1.1796959525742436,-2.1042356893168384,-1.9840706546021492,0.9565824229564559,1.195572900302081,-1.651439608174993,667.5
535,-1.1796959298710783,-2.1042357031329075,-1.9840706602540235,0.956582407788016,1.1955728714476008,-1.5900780385231852,668.75
536,-1.1796959029687832,-2.104235719423461,-1.9840706656293028,0.9565823937335923,1.1955728383673423,-1.518716470673243,670.0
537,-1.1796958678559393,-2.1042357399795586,-1.9840706611044314,0.9565824096074125,1.1955728048908207,-1.4373549174493263,671.25
538,-1.1796958284325347,-2.1042357631014887,-1.984070655988788,0.9565824276001387,1.1955727673432834,-1.3459933694058641,672.5
539,-1.1796957847019591,-2.104235788815411,-1.9840706502593355,0.9565824478234567,1.195572725753684,-1.244631828972905,673.75
540,-1.179695731876969,-2.104235803342982,-1.9840706411827942,0.9565824538598535,1.1955726730790959,-1.1332702999112045,675.0
541,-1.1796956741422748,-2.1042358187035872,-1.9840706311947773,0.9565824598832859,1.1955726154197446,-1.0119087781051301,676.25
542,-1.1796956114124058,-2.104235824944664,-1.984070619035394,0.956582454637027,1.195572552683625,-0.8805472627882771,677.5
543,-1.1796955437158252,-2.1042358232820986,-1.9840706048628922,0.9565824394979446,1.1955724849139866,-0.7391857504084809,678.75
544,-1.179695474159966,-2.104235810224602,-1.9840705888659562,0.9565824111818977,1.1955724151949032,-0.587824241726425,680.0
545,-1.1796954026365518,-2.104235786189088,-1.9840705710748776,0.9565823701367262,1.1955723434212655,-0.4264627395081626,681.25
546,-1.1796953380196955,-2.1042357460209247,-1.9840705526681117,0.9565823123059702,1.1955722784318459,-0.2607145155998994,682.5
547,-1.1796952798938156,-2.104235703161083,-1.9840705352596917,0.9565822527210568,1.1955722199174206,-0.10433737556313191,683.75
548,-1.1796952398051432,-2.10423564854414,-1.9840705200846283,0.9565821834520858,1.1955721793618652,0.04203976447360989,685.0
549,-1.1796952029773864,-2.1042355971297804,-1.9840705059871098,0.9565821184232611,1.1955721420953587,0.17841690451031325,686.25
550,-1.1796951834296814,-2.1042355409434195,-1.9840704948501204,0.9565820514159782,1.1955721220853845,0.3047940445469915,687.5
551,-1.1796951663796884,-2.104235488645849,-1.9840704847200479,0.9565819892708121,1.1955721046060683,0.4211711845836488,688.75
552,-1.1796951582654474,-2.104235438857387,-1.9840704767502646,0.956581931698417,1.1955720960898495,0.5275483246202964,690.0
553,-1.1796951571956469,-2.1042353920804855,-1.9840704706142311,0.956581878893023,1.1955720946478334,0.623925464656928,691.25
554,-1.1796951562368478,-2.104235350157115,-1.9840704651148602,0.9565818315666639,1.1955720933554403,0.7103026046935648,692.5
555,-1.1796951593015406,-2.1042353131833713,-1.9840704610712594,0.9565817905943056,1.1955720961291743,0.7866797447301908,693.75
556,-1.1796951676123135,-2.1042352811892835,-1.9840704587393843,0.9565817562493597,1.1955721041928793,0.8530568847668158,695.0
557,-1.1796951746710334,-2.1042352540152423,-1.9840704567588152,0.9565817270786264,1.1955721110417528,0.9094340248034625,696.25
558,-1.1796951804776996,-2.1042352316612485,-1.9840704551295505,0.9565817030821049,1.1955721166757947,0.9558111648401255,697.5
559,-1.1796951850323123,-2.104235214127301,-1.9840704538515934,0.9565816842597968,1.195572121095005,0.9921883048767788,698.75
560,-1.1796951883348714,-2.1042352014133985,-1.984070452924944,0.956581670611702,1.1955721242993838,1.0185654449134298,700.0
561,-1.179695190385377,-2.1042351935195422,-1.9840704523496024,0.9565816621378204,1.1955721262889303,1.0349425849500782,701.25
562,-1.1803633969831104,-2.1054663010464587,-1.9816635934724707,0.9554054681684645,1.1962389363881045,1.0428052580654423,702.5
563,-1.1819356337381206,-2.1083630124755848,-1.9760004387887944,0.9526379824253364,1.1978078872412554,1.0416883672675736,703.75
564,-1.1822965853075804,-2.109028040265644,-1.974700297909231,0.9520026248787898,1.198168083881374,1.0321457000017549,705.0
565,-1.1822965828489402,-2.1090280466485405,-1.9747003008009836,0.9520026236911527,1.1981680802885828,1.0135398692463589,706.25
566,-1.1822965790688649,-2.1090280564620256,-1.9747003052469545,0.9520026218652015,1.1981680747647894,0.984934038490966,707.5
567,-1.182296573967354,-2.1090280697061,-1.9747003112471442,0.9520026194009357,1.1981680673099928,0.9463282077355617,708.75
568,-1.1822965674998611,-2.1090280863989763,-1.9747003187801617,0.9520026163540465,1.1981680575433968,0.8977223779537965,710.0
569,-1.1822965588906604,-2.1090281068578047,-1.9747003274735246,0.9520026136943253,1.1981680388339149,0.83911656404922,711.25
570,-1.1822965488124586,-2.109028130807554,-1.9747003376502492,0.9520026105807716,1.198168016932005,0.7705107501446677,712.5
571,-1.1822965475310423,-2.109028167104759,-1.974700343600385,0.9520026462543519,1.198168012510329,0.691904949979908,713.75
572,-1.182296548290977,-2.10902820993186,-1.9747003490717299,0.9520026949371949,1.1981680119767806,0.6032991542000491,715.0
573,-1.1822965491494069,-2.1090282576792108,-1.9747003550838473,0.9520027494860122,1.1981680114923814,0.504693369520321,716.25
574,-1.1822965605359865,-2.109028307371755,-1.9747003636556322,0.9520028078792105,1.1981680227384763,0.3960875929824281,717.5
575,-1.1822965778096755,-2.1090283602966267,-1.974700373921035,0.9520028708638986,1.1981680404860782,0.2774818242265643,718.75
576,-1.1822966011883929,-2.10902841495494,-1.9747003856739291,0.9520029369809728,1.1981680643571404,0.14887606287468497,720.0
577,-1.1822966383878386,-2.10902846681853,-1.9747003999440154,0.9520030026250305,1.198168102005947,0.010270306134232618,721.25
578,-1.182296682259617,-2.109028518389647,-1.9747004155562502,0.9520030692508827,1.1981681463294733,-0.13833544868125697,722.5
579,-1.1822967408514768,-2.1090285615286763,-1.9747004331410554,0.9520031292853253,1.1981682053157425,-0.29694119670725394,723.75
580,-1.1822968079157614,-2.109028596982665,-1.974700451502172,0.9520031823399508,1.1981682727200846,-0.46330433242576363,725.0
581,-1.1822968780190055,-2.109028620496262,-1.9747004689765557,0.9520032225608025,1.1981683430704404,-0.6224388389793122,726.25
582,-1.1822969473126905,-2.1090286287059143,-1.9747004843419513,0.9520032454083653,1.1981684124880834,-0.7715733455328306,727.5
583,-1.182297013533622,-2.1090286303141146,-1.9747004982346281,0.9520032602267904,1.1981684787775593,-0.9107078520863195,728.75
584,-1.1822970747308972,-2.1090286202620385,-1.9747005096094932,0.95200326094253,1.1981685399458404,-1.03984235863977,730.0
585,-1.1822971310590087,-2.10902860530131,-1.9747005193550695,0.9520032551803197,1.1981685962015804,-1.1589768651932042,731.25
586,-1.182297181546172,-2.10902858818707,-1.9747005276200307,0.9520032458482981,1.1981686465942272,-1.2681113717466137,732.5
587,-1.1822972243096808,-2.109028563151454,-1.9747005332834267,0.9520032260887725,1.198168689193331,-1.3672458783000305,733.75
588,-1.1822972627595056,-2.109028540641259,-1.974700538375533,0.9520032083224479,1.1981687274953352,-1.4563803848534247,735.0
589,-1.182297296234408,-2.1090285197345735,-1.9747005426427047,0.9520031913824363,1.1981687608310672,-1.5355148914068089,736.25
590,-1.1822973207757048,-2.1090284949121214,-1.9747005445663994,0.9520031682828216,1.1981687851943463,-1.6046493979602028,737.5
591,-1.182297341767212,-2.1090284736801266,-1.9747005462118403,0.9520031485244635,1.1981688060335853,-1.663783904513594,738.75
592,-1.1822973592089303,-2.1090284560385917,-1.9747005475790236,0.952003132107361,1.1981688233487846,-1.7129184110670206,740.0
593,-1.1822973731008581,-2.109028441987514,-1.9747005486679532,0.9520031190315151,1.1981688371399435,-1.752052917620456,741.25
594,-1.1822973834429962,-2.1090284315268937,-1.9747005494786298,0.9520031092969269,1.198168847407062,-1.7811874241738674,742.5
595,-1.1822973902353444,-2.109028424656731,-1.9747005500110535,0.9520031029035958,1.1981688541501399,-1.8003219307272835,743.75
596,-1.1825890125710263,-2.1095743125558366,-1.9736325286084075,0.9514807850318654,1.198459845102642,-1.8102614992502697,745.0
597,-1.1841222041689985,-2.1124443459125852,-1.9680173858961332,0.9487347062118355,1.1999897172035527,-1.8119179220789243,746.25
598,-1.1848631363014768,-2.113831329788109,-1.9653037940046532,0.9474076259951578,1.200729043651614,-1.804461734761708,747.5
599,-1.1848631302921482,-2.113831333493322,-1.9653037952624655,0.9474076228228517,1.200729034350406,-1.7886344508785081,748.75
600,-1.1848631204860032,-2.113831339539564,-1.965303797314989,0.9474076176462182,1.2007290191725053,-1.762807166995306,750.0
601,-1.184863106883042,-2.1138313479268347,-1.9653038001622234,0.947407610465257,1.2007289981179121,-1.7269798831121086,751.25
602,-1.1848630894832646,-2.1138313586551343,-1.9653038038041695,0.9474076012799683,1.2007289711866265,-1.681152599228895,752.5
603,-1.1848630688985962,-2.1138313711992907,-1.965303808784711,0.9474075881659745,1.200728943635908,-1.6253253335085929,753.75
604,-1.1848630448130655,-2.1138313858304794,-1.965303814823012,0.9474075721169343,1.2007289127511502,-1.5594980728650922,755.0
605,-1.1848630144559742,-2.113831403847067,-1.9653038154304951,0.9474075724661662,1.2007288798873543,-1.4836708213233192,756.25
606,-1.1848629778647253,-2.113831425232408,-1.965303810698043,0.9474075889440015,1.2007288450056823,-1.3978435770340758,757.5
607,-1.1848629370211947,-2.113831449192886,-1.9653038053398875,0.9474076076987812,1.2007288061555812,-1.3020163436862684,758.75
608,-1.1848628899459301,-2.1138314700210894,-1.9653037982544679,0.947407621814557,1.2007287603853936,-1.1961891171305097,760.0
609,-1.1848628355169444,-2.11383148449526,-1.9653037887984393,0.9474076274480012,1.2007287060382839,-1.0803618988994677,761.25
610,-1.1848627763831487,-2.1138315000617887,-1.965303778504467,0.9474076333907799,1.200728646976574,-0.9545346890386374,762.5
611,-1.1848627121303716,-2.1138314985194246,-1.9653037649955745,0.9474076190033185,1.2007285826533056,-0.8187074855577546,763.75
612,-1.1848626431471174,-2.1138314968633165,-1.965303750492285,0.9474076035557784,1.2007285135943542,-0.6728802823626941,765.0
613,-1.1848625748220178,-2.1138314743992006,-1.9653037334765773,0.9474075648237323,1.2007284450298639,-0.5170530860686793,766.25
614,-1.1848625047088759,-2.113831446092599,-1.9653037153466864,0.947407519165301,1.2007283746287694,-0.3516096292939114,767.5
615,-1.1848624452623606,-2.1138314023891587,-1.965303697466894,0.9474074582818939,1.2007283147791254,-0.1897002655628323,768.75
616,-1.184862395623607,-2.113831355184286,-1.9653036811734617,0.9474073953897146,1.2007282647173345,-0.03779090183176352,770.0
617,-1.1848623577713044,-2.1138313024784843,-1.96530366662184,0.9474073286284379,1.2007282264076375,0.1041184618992513,771.25
618,-1.184862328605226,-2.1138312499656466,-1.9653036538944746,0.9474072637947051,1.2007281967931063,0.23602782563025554,772.5
619,-1.1848623109645886,-2.1138311959848033,-1.9653036433682023,0.9474071995785728,1.200728178701971,0.3579371893612207,773.75
620,-1.1848622947709802,-2.1138311464319126,-1.9653036337053746,0.9474071406299696,1.2007281620948185,0.46984655309217876,775.0
621,-1.1848622933263935,-2.113831097774765,-1.9653036272124222,0.9474070855935616,1.200728160256456,0.5717559168231172,776.25
622,-1.1848622923202619,-2.1138310538133847,-1.9653036214080415,0.9474070359274464,1.2007281588948049,0.6636652805540496,777.5
623,-1.1848622914236007,-2.1138310146351293,-1.9653036162351905,0.9474069916651446,1.2007281576813054,0.7455746442849717,778.75
624,-1.1848622986581365,-2.1138309804325957,-1.9653036133804145,0.9474069546029509,1.20072816464606,0.817484008015906,780.0
625,-1.1848623063160624,-2.113830951020722,-1.9653036112231723,0.9474069230148672,1.2007281720732135,0.8793933717468304,781.25
626,-1.1848623127370306,-2.1138309263596446,-1.9653036094143796,0.9474068965290937,1.2007281783006856,0.9313027354777843,782.5
627,-1.1848623179210411,-2.1138309064493637,-1.9653036079540378,0.947406875145631,1.2007281833284758,0.9732120992087534,783.75
628,-1.1848623218680943,-2.113830891289878,-1.9653036068421483,0.94740685886448,1.2007281871565842,1.0051214629397058,785.0
629,-1.1848623245781895,-2.1138308808811876,-1.9653036060787115,0.9474068476856402,1.200728189785011,1.0270308266706558,786.25
630,-1.184909736656654,-2.1139210437600786,-1.965127065747347,0.9473204416754465,1.2007754955207108,1.0391001621376907,787.5
631,-1.1862157964416273,-2.116404992236005,-1.960263772307584,0.9449403101004811,1.2020786270142505,1.043472518070964,788.75
632,-1.1873847725963729,-2.118628232177984,-1.955910925187466,0.9428099959139457,1.2032449818997615,1.0381191236603817,790.0
633,-1.1873930348511987,-2.1186439535570045,-1.9558801551810394,0.9427949350477116,1.2032532247862693,1.0250590415906309,791.25
634,-1.18739303183431,-2.118643961348046,-1.9558801587419021,0.9427949335940842,1.2032532202881927,1.0020285856123607,792.5
635,-1.187393027507465,-2.1186439725220185,-1.955880163848919,0.9427949315092805,1.203253213837017,0.9689981296340937,793.75
636,-1.1873930218706636,-2.1186439870789204,-1.9558801705020894,0.9427949287933007,1.2032532054327418,0.9259676736558012,795.0
637,-1.1873930145234382,-2.118644005189495,-1.9558801785012043,0.9427949259765919,1.2032531916151104,0.8729372256293019,796.25
638,-1.1873930053565713,-2.1186440269003075,-1.9558801877916618,0.9427949232038187,1.20325317144043,0.8099067855395133,797.5
639,-1.1873929979662883,-2.118644054823328,-1.9558801967495638,0.9427949322838157,1.2032531546568401,0.7368763499904962,798.75
640,-1.1873929986687168,-2.1186440943691287,-1.9558802018433648,0.942794977247414,1.2032531541507252,0.653845926315335,800.0
641,-1.187392999463865,-2.118644138731959,-1.9558802075022061,0.9427950278589008,1.2032531536542328,0.5608155099627691,801.25
642,-1.187393002309933,-2.118644187362461,-1.9558802140990212,0.9427950837775887,1.2032531553705625,0.45778510070129147,802.5
643,-1.1873930185691937,-2.1186442370657703,-1.955880223804144,0.9427951429965863,1.2032531720756743,0.34475470154510496,803.75
644,-1.1873930362688538,-2.1186442911646326,-1.9558802343697281,0.9427952074481506,1.2032531902752541,0.22172431093673073,805.0
645,-1.1873930672867878,-2.118644342698307,-1.955880247388152,0.9427952715977224,1.2032532217544742,0.08869392626005615,806.25
646,-1.1873931052059392,-2.118644395427592,-1.955880261998352,0.9427953384380366,1.2032532601379706,-0.05433645649974034,807.5
647,-1.1873931565996787,-2.118644440916138,-1.9558802784818685,0.9427953997880969,1.2032533119466606,-0.20736683449851426,808.75
648,-1.1873932160936138,-2.118644484589945,-1.9558802964156852,0.9427954606946697,1.203253371846835,-0.3703972062273542,810.0
649,-1.1873932867472579,-2.118644510260835,-1.9558803143678591,0.9427955035380968,1.2032534427699972,-0.5350346952166029,811.25
650,-1.18739335475893,-2.1186445301237757,-1.955880331029548,0.9427955393220213,1.2032535110016926,-0.6897425315280433,812.5
651,-1.1873934227966183,-2.1186445317377287,-1.9558803453659221,0.942795554568142,1.2032535791110204,-0.8344503678396701,813.75
652,-1.187393486091019,-2.1186445314250855,-1.9558803584711273,0.9427955667092481,1.203253642457314,-0.9691582041514083,815.0
653,-1.1873935443392865,-2.1186445159603347,-1.9558803685931496,0.9427955607975814,1.2032537006299109,-1.0938660404632925,816.25
654,-1.187393597916778,-2.1186445017356674,-1.9558803779035046,0.9427955553599525,1.2032537541377997,-1.2085738767752878,817.5
655,-1.1873936438781159,-2.1186444797487747,-1.9558803846407462,0.9427955396810905,1.2032537999598585,-1.313281713087401,818.75
656,-1.1873936842371833,-2.118644456154928,-1.955880390009257,0.9427955210874994,1.2032538401617598,-1.407989549399586,820.0
657,-1.1873937203348237,-2.1186444350523077,-1.9558803948109134,0.9427955044571636,1.2032538761188292,-1.4926973857118706,821.25
658,-1.1873937491167703,-2.1186444121936834,-1.9558803978689583,0.9427954844061196,1.2032539047396331,-1.5674052220241994,822.5
659,-1.1873937718087808,-2.1186443892835807,-1.955880399655658,0.9427954630950959,1.2032539272648453,-1.632113058336599,823.75
660,-1.1873937909939507,-2.1186443699140236,-1.9558804011662383,0.9427954450774938,1.2032539463089935,-1.6868208946490157,825.0
661,-1.1873938066722793,-2.118644354085013,-1.9558804024006984,0.9427954303533128,1.2032539618720786,-1.731528730961474,826.25
662,-1.187393818843767,-2.1186443417965473,-1.9558804033590411,0.9427954189225547,1.203253973954099,-1.7662365672739364,827.5
663,-1.1873938275084133,-2.118644333048627,-1.955880404041267,0.9427954107852194,1.2032539825550554,-1.790944403586375,828.75
664,-1.187393832666218,-2.1186443278412512,-1.9558804044473757,0.9427954059413071,1.2032539876749475,-1.8056522398988035,830.0
665,-1.1882876627791261,-2.1203714026864144,-1.9524965806943935,0.9411381450738093,1.2041457431020213,-1.8122936390512587,831.25
666,-1.189721504692954,-2.123141911778907,-1.9470683852783277,0.9384796359862763,1.2055762562815147,-1.80954804008783,832.5
667,-1.189890307925617,-2.1234680880315655,-1.9464293211174004,0.9381666459457845,1.2057446654401036,-1.7988074425692397,833.75
668,-1.1898903003391874,-2.1234680927066503,-1.9464293227141805,0.9381666419685263,1.2057446536120322,-1.7785960537371646,835.0
669,-1.1898902889992162,-2.1234680996948296,-1.946429325101001,0.9381666360234379,1.2057446359317796,-1.748384664905052,836.25
670,-1.1898902739057036,-2.123468108996103,-1.946429328277861,0.9381666281105192,1.2057446123993456,-1.708173276072951,837.5
671,-1.1898902552177006,-2.1234681204704007,-1.9464293323907187,0.9381666177140696,1.2057445843958035,-1.6579618922728692,838.75
672,-1.1898902334284713,-2.1234681336833274,-1.9464293378922282,0.9381666032347602,1.2057445562042388,-1.5977505262977691,840.0
673,-1.1898902080204519,-2.123468149090677,-1.946429344307437,0.938166586350704,1.205744523330574,-1.5275391603227233,841.25
674,-1.1898901742677104,-2.123468168790643,-1.94642934000469,0.9381666012606873,1.2057444910879043,-1.4473278105375083,842.5
675,-1.1898901362723528,-2.12346819099069,-1.9464293350468513,0.9381666184227638,1.2057444549007483,-1.3571164645756448,843.75
676,-1.1898900940747184,-2.123468215721828,-1.9464293294762525,0.9381666377881107,1.2057444147856136,-1.2569051277659171,845.0
677,-1.1898900435805535,-2.1234682312409734,-1.9464293209423917,0.9381666453042132,1.205744364683808,-1.1466938009797905,846.25
678,-1.1898899877719478,-2.1234682460775747,-1.9464293112025624,0.9381666510363158,1.2057443089528648,-1.026482481691672,847.5
679,-1.1898899271369028,-2.1234682541543717,-1.946429299600653,0.938166648174122,1.2057442483283825,-0.896271169319993,848.75
680,-1.1898898616110745,-2.123468252619063,-1.9464292857620817,0.938166633479892,1.205744182729472,-0.7560598606503609,850.0
681,-1.1898897936494612,-2.123468242400374,-1.9464292703036916,0.9381666085246481,1.2057441146228287,-0.6058485549799271,851.25
682,-1.189889724350681,-2.123468219288848,-1.946429252914613,0.9381665687857038,1.20574404507434,-0.44563725587965286,852.5
683,-1.1898896598073803,-2.123468182531432,-1.9464292347668108,0.9381665146204109,1.2057439801736007,-0.2794506791259127,853.75
684,-1.1898896026710757,-2.1234681406498637,-1.946429217504384,0.9381664561501527,1.2057439226442828,-0.12192751829925,855.0
685,-1.1898895615201779,-2.123468088961066,-1.9464292023131584,0.9381663897983917,1.2057438810338825,0.02559564252752196,856.25
686,-1.189889525282515,-2.123468038633752,-1.9464291883192884,0.9381663259520122,1.205743844352152,0.16311880335445253,857.5
687,-1.1898895042191757,-2.1234679846405724,-1.9464291770147846,0.9381662609797611,1.2057438228278903,0.2906419641815001,858.75
688,-1.1898894874203934,-2.12346793335498,-1.946429166945097,0.9381661999004633,1.2057438055940897,0.40816512500869895,860.0
689,-1.189889477793036,-2.1234678849089907,-1.9464291587323328,0.9381661434379591,1.2057437955612293,0.5156882858359872,861.25
690,-1.1898894767399897,-2.1234678389301935,-1.9464291526208382,0.9381660914504418,1.2057437941303633,0.6132114466633838,862.5
691,-1.1898894757949225,-2.1234677976660543,-1.946429147136008,0.9381660447937087,1.205743792846218,0.7007346074908556,863.75
692,-1.1898894776744184,-2.1234677611802306,-1.9464291428515756,0.9381660040769704,1.2057437944282619,0.7782577683183955,865.0
693,-1.1898894859270421,-2.1234677295558813,-1.9464291405169778,0.9381659700960107,1.2057438024288283,0.8457809291459836,866.25
694,-1.1898894929574741,-2.123467702615013,-1.9464291385281274,0.9381659411475401,1.2057438092445323,0.9033040899736351,867.5
695,-1.189889498765715,-2.1234676803576287,-1.946429136885021,0.9381659172315575,1.2057438148753739,0.950827250801296,868.75
696,-1.1898895033517645,-2.123467662783726,-1.9464291355876635,0.9381658983480647,1.205743819321353,0.9883504116289759,870.0
697,-1.1898895067156219,-2.1234676498933047,-1.9464291346360545,0.9381658844970617,1.2057438225824695,1.0158735724566315,871.25
698,-1.1898895088572883,-2.1234676416863647,-1.9464291340301938,0.9381658756785488,1.2057438246587233,1.0333967332842775,872.5
699,-1.1903603200060382,-2.124391842743829,-1.944617099063515,0.9372777858244261,1.2062135048151759,1.0421319127335185,873.75
700,-1.1918579240056277,-2.1273316549759786,-1.938853181924777,0.9344528661272613,1.2077075112487763,1.0422025540466644,875.0
701,-1.192352335306482,-2.1283021946503826,-1.9369503088589008,0.9335202592188894,1.2082007343096497,1.0335679822012667,876.25
702,-1.192352333050024,-2.1283022004472003,-1.936950311532147,0.9335202581346652,1.2082007308774825,1.0161932766873665,877.5
703,-1.1923523294948637,-2.128302209580373,-1.9369503157439785,0.9335202564264167,1.2082007254699336,0.9888185711734412,878.75
704,-1.1923523246410002,-2.128302222049901,-1.936950321494395,0.9335202540941434,1.2082007180870031,0.9514438656595042,880.0
705,-1.1923523184884341,-2.1283022378557823,-1.9369503287833965,0.9335202511378459,1.2082007087286912,0.9040691601455847,881.25
706,-1.1923523102753428,-2.128302257336581,-1.9369503372143944,0.9335202486248155,1.2082006907420388,0.8466944671174141,882.5
707,-1.1923523005731735,-2.1283022802383393,-1.9369503470848721,0.9335202457544708,1.208200669117468,0.7793197749571871,883.75
708,-1.1923522979413317,-2.1283023137793764,-1.9369503536366475,0.9335202746873899,1.2082006618750365,0.7019450944199732,885.0
709,-1.1923522986723256,-2.128302354805942,-1.9369503589533752,0.9335203213846248,1.208200661351433,0.614570418684072,886.25
710,-1.1923522995015476,-2.128302400623255,-1.9369503647925526,0.9335203738356652,1.2082006608959557,0.517195755719578,887.5
711,-1.1923523087489665,-2.1283024488305635,-1.9369503728066566,0.9335204303214948,1.208200669796327,0.4098210994561824,888.75
712,-1.1923523254292214,-2.128302499701206,-1.936950382809929,0.933520490999765,1.2082006869455866,0.2924464512231342,890.0
713,-1.1923523461108754,-2.128302553395128,-1.9369503940145405,0.933520555643193,1.2082007081299637,0.1650718108436588,891.25
714,-1.1923523820914155,-2.1283026033006114,-1.9369504079420894,0.9335206190030366,1.208200744557465,0.027697175886337112,892.5
715,-1.1923524227301128,-2.1283026547837194,-1.9369504230448267,0.9335206850639216,1.2082007856597168,-0.1196774578748825,893.75
716,-1.1923524794688274,-2.128302696313065,-1.936950440227347,0.9335207431060015,1.2082008427913924,-0.27705208473068577,895.0
717,-1.1923525434368183,-2.128302733079984,-1.9369504583062804,0.9335207972167283,1.2082009071193678,-0.4431971181931592,896.25
718,-1.1923526123834094,-2.1283027560301067,-1.9369504756475573,0.9335208367489372,1.2082009763162327,-0.6035586413303466,897.5
719,-1.1923526799255681,-2.1283027664673515,-1.9369504910866466,0.9335208619054276,1.2082010440040465,-0.7539201644676745,898.75
720,-1.1923527451269869,-2.128302767975784,-1.9369505048890105,0.933520876538311,1.2082011092752896,-0.8942816876051323,900.0
721,-1.1923528054729768,-2.128302760204317,-1.936950516484656,0.9335208797532368,1.2082011696101593,-1.0246432107427366,901.25
722,-1.1923528610164253,-2.12830274546099,-1.9369505261814193,0.9335208741609553,1.2082012250806586,-1.1450047338804596,902.5
723,-1.1923529113804234,-2.128302730220477,-1.936950534733223,0.9335208669811291,1.2082012753630427,-1.2553662570182997,903.75
724,-1.1923529536359205,-2.1283027055508916,-1.936950540380174,0.9335208475700072,1.2082013174518853,-1.3557277801562468,905.0
725,-1.1923529916810904,-2.1283026833393803,-1.9369505454644589,0.9335208300930027,1.2082013553470068,-1.4460893032942685,906.25
726,-1.1923530255159327,-2.128302663585942,-1.9369505499860815,0.9335208145501176,1.2082013890484056,-1.5264508264323875,907.5
727,-1.1923530499361115,-2.1283026390720092,-1.9369505519305825,0.9335207917765085,1.2082014132875267,-1.5968123495705533,908.75
728,-1.1923530708504224,-2.128302617993256,-1.9369505535851015,0.933520772177576,1.2082014340460783,-1.6571738727087584,910.0
729,-1.1923530882998925,-2.128302600406588,-1.9369505549655157,0.9335207558255664,1.2082014513655932,-1.7075353958470105,911.25
730,-1.192353102284521,-2.128302586312005,-1.9369505560718285,0.9335207427204815,1.2082014652460713,-1.7478969189852671,912.5
731,-1.1923531128043081,-2.1283025757095055,-1.9369505569040402,0.9335207328623217,1.208201475687512,-1.7782584421235137,913.75
732,-1.1923531198592534,-2.1283025685990906,-1.936950557462151,0.9335207262510873,1.2082014826899155,-1.7986199652617503,915.0
733,-1.1925056425191969,-2.1286067238936877,-1.9363538027383214,0.9332280482741896,1.2083536262702717,-1.8094801456637408,916.25
734,-1.1938916564355213,-2.131370763427252,-1.9309308016338393,0.9305683730692804,1.2097361955072539,-1.8124045789670544,917.5
735,-1.1947830591269963,-2.1331484394687537,-1.9274430345148474,0.9288578198398053,1.2106253814314032,-1.8059035327156117,918.75
736,-1.1947830537396606,-2.133148442786876,-1.9274430356551653,0.9288578170350719,1.2106253729700462,-1.7913872545818184,920.0
737,-1.1947830446410876,-2.1331484483907923,-1.9274430375810272,0.9288578122982085,1.2106253586798144,-1.7668709764480444,921.25
738,-1.1947830318312773,-2.1331484562805034,-1.9274430402924336,0.9288578056292154,1.2106253385607078,-1.7323546983142326,922.5
739,-1.1947830153102295,-2.1331484664560083,-1.9274430437893841,0.9288577970280926,1.2106253126127262,-1.6878384201804184,923.75
740,-1.1947829955588023,-2.1331484784826875,-1.9274430485276022,0.9288577848876106,1.210625285055432,-1.633322156185021,925.0
741,-1.194782972464867,-2.1331484924618866,-1.927443054400821,0.9288577695825462,1.2106252549048961,-1.5688058997787573,926.25
742,-1.1947829438832995,-2.133148509453921,-1.9274430564262803,0.9288577657652262,1.210625222394776,-1.4942896502596676,927.5
743,-1.1947829087058688,-2.1331485299501916,-1.927443051840429,0.9288577814856773,1.2106251888689106,-1.4097734100202475,928.75
744,-1.1947828693756728,-2.133148552939518,-1.9274430466501806,0.9288577993577344,1.2106251514597672,-1.3152571791183458,930.0
745,-1.1947828245800096,-2.1331485746570893,-1.9274430401096159,0.9288578148349877,1.2106251082085238,-1.2107409551825943,931.25
746,-1.1947827720515312,-2.1331485886194828,-1.9274430308988686,0.9288578201862837,1.2106250557640585,-1.0962247398171332,932.5
747,-1.1947827149338117,-2.1331486038020246,-1.927443020882715,0.9288578260075743,1.2106249987201216,-0.9717085340766626,933.75
748,-1.1947826528689725,-2.133148604486403,-1.9274430079808542,0.9288578144447395,1.2106249366025945,-0.837192334051197,935.0
749,-1.1947825861384744,-2.133148602962706,-1.9274429938208957,0.9288577994561232,1.210624869796442,-0.692676135116526,936.25
750,-1.1947825193311492,-2.133148583972904,-1.9274429773909771,0.928857764766782,1.2106248027709838,-0.5381599418774421,937.5
751,-1.1947824497952297,-2.133148559306334,-1.9274429596575346,0.9288577231366939,1.2106247329678175,-0.3736860068453231,938.75
752,-1.1947823913029452,-2.133148516555771,-1.9274429419013759,0.9288576633210175,1.2106246740674886,-0.21046985235247243,940.0
753,-1.1947823404905697,-2.1331484722995535,-1.9274429255579488,0.928857603335689,1.2106246228413644,-0.05725369785949724,941.25
754,-1.194782303205566,-2.133148420649179,-1.9274429110909987,0.9288575377068526,1.2106245850930744,0.08596245663362435,942.5
755,-1.1947822724093373,-2.133148370338355,-1.927442898154684,0.9288574748782359,1.210624553850487,0.21917861112688458,943.75
756,-1.1947822550091152,-2.133148317337053,-1.927442887674324,0.9288574116813814,1.210624535993418,0.3423947656202636,945.0
757,-1.1947822390210638,-2.133148268637246,-1.9274428780445225,0.9288573536134668,1.210624519585597,0.45561092011377835,946.25
758,-1.1947822357605005,-2.133148221235611,-1.9274428712454887,0.9288572995398687,1.2106245159273992,0.5588270746073789,947.5
759,-1.1947822347674941,-2.133148177908429,-1.927442865446714,0.9288572505094396,1.210624514572706,0.6520432291010808,948.75
760,-1.1947822338810152,-2.1331481392292826,-1.927442860270014,0.9288572067388724,1.2106245133633409,0.7352593835948433,950.0
761,-1.1947822397661598,-2.133148105350376,-1.927442857129718,0.9288571697252392,1.2106245189715987,0.8084755380886892,951.25
762,-1.1947822474010668,-2.133148076157028,-1.9274428549601925,0.928857138340563,1.2106245263701942,0.8716916925825675,952.5
763,-1.1947822538282276,-2.1331480515817014,-1.927442853133857,0.9288571119205465,1.210624532598425,0.9249078470764834,953.75
764,-1.1947822590476425,-2.1331480316243954,-1.9274428516507114,0.9288570904651903,1.2106245376562914,0.9681240015704276,955.0
765,-1.1947822630593108,-2.1331480162851095,-1.9274428505107584,0.928857073974495,1.2106245415437928,1.001340156064376,956.25
766,-1.1947822658632332,-2.133148005563843,-1.9274428497139977,0.928857062448461,1.2106245442609298,1.0245563105582862,957.5
767,-1.19478644055578,-2.1331564537598466,-1.9274262509298776,0.928848909826253,1.2106287081770775,1.0377876657865688,958.75
768,-1.1958572884905623,-2.135325889425007,-1.9231669951188257,0.9267585688864465,1.2116968034786009,1.0433132446081035,960.0
769,-1.1971202014934088,-2.1378844376417385,-1.918143803602426,0.9242933091098792,1.212956469865319,1.039142003183952,961.25
770,-1.1971798616441414,-2.1380053106212618,-1.9179065032913276,0.9241768463152683,1.213015975813925,1.0272879760435631,962.5
771,-1.1971798588575089,-2.138005317742734,-1.9179065066057528,0.9241768449798275,1.213015971490364,1.0056471325054708,963.75
772,-1.1971798547832033,-2.1380053281549625,-1.9179065114517386,0.9241768430272941,1.2130159651689325,0.9740062889673675,965.0
773,-1.1971798494212251,-2.138005341857946,-1.9179065178292845,0.9241768404576677,1.2130159568496304,0.9323654454292388,966.25
774,-1.197179842497614,-2.138005358978533,-1.9179065255898697,0.9241768376762418,1.2130159441146284,0.880724605032468,967.5
775,-1.1971798337074449,-2.138005379657908,-1.9179065345681878,0.9241768351341177,1.2130159242728182,0.8190837701813929,968.75
776,-1.1971798250426537,-2.138005405003181,-1.9179065441262548,0.9241768380280533,1.213015904461282,0.7474429375767874,970.0
777,-1.1971798257180832,-2.1380054428017266,-1.9179065490561493,0.9241768810959766,1.2130159039792487,0.6658021189771413,971.25
778,-1.1971798264823987,-2.1380054852695802,-1.9179065545538816,0.9241769296089215,1.2130159034928911,0.5741613059716932,972.5
779,-1.1971798273386367,-2.138005532426204,-1.9179065606016832,0.9241769836506285,1.2130159030292063,0.47252050028193565,973.75
780,-1.1971798429611007,-2.138005580139268,-1.9179065700380102,0.9241770406230811,1.2130159190873582,0.3608797062847078,975.0
781,-1.1971798600412307,-2.138005632108841,-1.917906580331941,0.9241771026838776,1.2130159366614457,0.2392389195204988,976.25
782,-1.197179887868747,-2.1380056828888816,-1.9179065927381873,0.9241771655128485,1.2130159649620933,0.10759813919758485,977.5
783,-1.1971799245238177,-2.1380057336017586,-1.9179066069963095,0.9241772300014328,1.213016002078625,-0.03404263829541447,978.75
784,-1.1971799722066718,-2.138005779402845,-1.9179066229318082,0.9241772911514226,1.2130160501899716,-0.1856834118907927,980.0
785,-1.1971800297891442,-2.1380058214273774,-1.9179066404549627,0.9241773500179846,1.2130161081768613,-0.3473241790822291,981.25
786,-1.19718009605991,-2.138005848700784,-1.9179066578907142,0.9241773939845148,1.213016174736133,-0.5093489070082399,982.5
787,-1.1971801606458732,-2.138005870116955,-1.9179066742144757,0.924177431010802,1.2130162395599533,-0.6613773931459251,983.75
788,-1.197180225533116,-2.138005872746721,-1.917906688168672,0.9241774469146397,1.2130163045276612,-0.80340587928368,985.0
789,-1.197180286134389,-2.1380058741117716,-1.9179067010598647,0.9241774605378117,1.2130163651949273,-0.9354343654214475,986.25
790,-1.1971803418396312,-2.1380058620279554,-1.917906711182265,0.9241774580204983,1.2130164208488865,-1.057462851559269,987.5
791,-1.1971803929234115,-2.1380058484692643,-1.9179067201440643,0.9241774529186622,1.2130164718648468,-1.1694913376971432,988.75
792,-1.1971804382468652,-2.1380058324684534,-1.9179067275810724,0.9241774439146031,1.213016517094801,-1.2715198238350287,990.0
793,-1.1971804765339542,-2.138005810143088,-1.9179067327228132,0.9241774263762594,1.213016555228978,-1.363548309972957,991.25
794,-1.1971805106606928,-2.138005790243643,-1.9179067373058372,0.9241774107436651,1.2130165892194205,-1.4455767961108825,992.5
795,-1.1971805406270795,-2.1380057727701183,-1.9179067413301485,0.9241773970168219,1.2130166190661271,-1.5176052822488193,993.75
796,-1.19718056256165,-2.1380057523662113,-1.9179067432898762,0.9241773783842819,1.2130166408491965,-1.5796337683867676,995.0
797,-1.1971805803749729,-2.1380057344423253,-1.9179067447061036,0.9241773617262943,1.2130166585281228,-1.6316622545246555,996.25
798,-1.1971805947645322,-2.1380057199634535,-1.917906745850128,0.9241773482700116,1.2130166728091172,-1.6736907406625257,997.5
799,-1.1971806057303285,-2.138005708929596,-1.9179067467219484,0.9241773380154332,1.21301668369218,-1.7057192268003936,998.75
800,-1.1971806132723612,-2.1380057013407523,-1.917906747321567,0.9241773309625603,1.2130166911773106,-1.727747712938287,1000.0
801,-1.1971806173906305,-2.1380056971969226,-1.9179067476489842,0.924177327111393,1.2130166952645087,-1.7397761990761778,1001.25
802,-1.1967580745369233,-2.137177772766163,-1.9196054101536482,0.9250482242971911,1.2125955553920567,-1.7426579633987542,1002.5
803,-1.1965471755503565,-2.136764547795078,-1.9204532338063167,0.9254829024148399,1.2123853566701626,-1.7367193955715239,1003.75
804,-1.1964170424426732,-2.136509583587101,-1.9209763581431911,0.9257511115919225,1.2122556556710506,-1.721115957106505,1005.0
805,-1.1962035090588428,-2.1360912168005513,-1.9218347446968183,0.9261912118414013,1.2120428313274259,-1.6955125186414848,1006.25
806,-1.1959065753988645,-2.1355094474354295,-1.9230283934671974,0.9268032031632764,1.2117468836392877,-1.6599090801764778,1007.5
807,-1.195523259876471,-2.1347656406036264,-1.9245545577201377,0.9275857110084418,1.211364818262969,-1.614305573819951,1008.75
808,-1.1950540626834991,-2.1338595676625154,-1.9264136974943566,0.9285389655866931,1.2108971375293325,-1.5587020292611262,1010.0
809,-1.1945004828856602,-2.1327905423505986,-1.9286071936102398,0.9296636579007611,1.2103453469179266,-1.4930984847022772,1011.25
810,-1.1938585684010192,-2.1315603066033058,-1.931131543886166,0.9309580360254024,1.2097054802881106,-1.4174948387067878,1012.5
811,-1.1931305024971586,-2.1301678984185632,-1.9339886824283687,0.9324230674682139,1.2089797286731165,-1.3318911624810774,1013.75
812,-1.1923125022296757,-2.128614941256431,-1.9371753474736795,0.9340571230747379,1.2081642943218522,-1.2362873724664427,1015.0
813,-1.1914065272358556,-2.1269005827641956,-1.940693252076677,0.9358610589404048,1.2072611444152301,-1.130683527841258,1016.25
814,-1.1904076047469225,-2.125026907020591,-1.9445382112444372,0.9378327857713538,1.206265287428831,-1.0150795213685244,1017.5
815,-1.1893165296291475,-2.1229935245335843,-1.94871100979428,0.9399726971456164,1.2051775216227445,-0.8894753862390239,1018.75
816,-1.188131871168565,-2.1208009932326615,-1.9532105293490725,0.9422802360678464,1.203996411186762,-0.7538711056179942,1020.0
817,-1.1868514727475314,-2.118450138184294,-1.9580351168633459,0.9447545798012376,1.20271979193097,-0.608266649729296,1021.25
818,-1.1854731270679155,-2.115941766353311,-1.96318315750266,0.9473949259347749,1.2013454490664264,-0.452661992513387,1022.5
819,-1.1840249490661112,-2.113330926519624,-1.968541706045281,0.9501433678864806,1.1999014048683927,-0.29043398523511726,1023.75
820,-1.182639905164419,-2.110856728863704,-1.9736200029569024,0.9527481887403555,1.1985202483243094,-0.136451069498888,1025.0
821,-1.1813345402646507,-2.108546993207707,-1.9783609339278556,0.9551800841557586,1.1972184832928594,0.007532040911266708,1026.25
822,-1.1801116976518804,-2.1064006065070178,-1.9827667302805954,0.9574401655691799,1.195998963220001,0.14151529668145138,1027.5
823,-1.178973545108223,-2.1044167477586404,-1.9868390364879454,0.9595292511614852,1.1948638634421953,0.26549866535398725,1028.75
824,-1.1779223043360727,-2.102594613395253,-1.990579460137088,0.9614481394242377,1.1938154131384378,0.3794821175250495,1030.0
825,-1.1769559284825974,-2.1009348695508256,-1.9939866725968955,0.9631961731708252,1.192851559088795,0.4834656876570701,1031.25
826,-1.1760795761477485,-2.0994357198420177,-1.9970642638840386,0.9647751329998274,1.1919774767667273,0.5774493001737409,1032.5
827,-1.1752926050978294,-2.0980973798552363,-1.9998118036054477,0.9661848057514392,1.1911925218940815,0.6614329723523422,1033.75
828,-1.1745971751006625,-2.096919107366705,-2.0022307745165344,0.9674259264714365,1.1904988612337344,0.7354166740134067,1035.0
829,-1.1739926277132149,-2.095901118351039,-2.0043207457422314,0.9684982819638968,1.1898958342824955,0.7994004215116188,1036.25
830,-1.1734825648489606,-2.0950422305220764,-2.0060840760149645,0.9694030393499016,1.1893870542259477,0.8533841690098192,1037.5
831,-1.173065274454934,-2.0943429928862995,-2.007519670799046,0.9701396575750689,1.1889708037453044,0.8973679388835375,1038.75
832,-1.1727414992217338,-2.0938031671354578,-2.008628005209001,0.970708371504341,1.188647827815898,0.9313517292706012,1040.0
833,-1.1725129974202233,-2.093422189395592,-2.009410203423631,0.9711097368468914,1.1884198901166978,0.9553355196576704,1041.25
834,-1.1723797690504028,-2.0932000596667026,-2.0098662654429362,0.9713437536027202,1.1882869906477025,0.9693193100447306,1042.5
835,-1.1720114991887223,-2.0925876540957966,-2.0111236667712324,0.9719889840654579,1.1879196271116195,0.9737935724877589,1043.75
836,-1.1716694739922466,-2.0920192913656037,-2.0122906513037946,0.9725878241523542,1.187578442948702,0.969435035961394,1045.0
837,-1.1716691509789674,-2.092019400173323,-2.012290448410647,0.9725877307660987,1.187578119594892,0.9556865180028835,1046.25
838,-1.171668593021616,-2.092019588122459,-2.01229009794294,0.9725875694552452,1.1875775610493242,0.9319380000443784,1047.5
839,-1.1716678001055747,-2.092019855218985,-2.0122895998933994,0.9725873402364308,1.1875767671863966,0.8981894842535746,1048.75
840,-1.1716667720230995,-2.092020201547768,-2.0122889541586177,0.9725870433459207,1.1875757362220427,0.8544409963644073,1050.0
841,-1.1716655089422225,-2.0920206270401525,-2.0122881608222136,0.972586678592377,1.1875744696005488,0.800692508475201,1051.25
842,-1.171664507997828,-2.092020974825048,-2.0122875333141566,0.9725864013302894,1.187573465785651,0.7369440265557444,1052.5
843,-1.1716645087670947,-2.092021011528616,-2.012287537917663,0.9725864426772858,1.1875734663314328,0.6631955574655459,1053.75
844,-1.171664509642601,-2.0920210532226755,-2.0122875431335703,0.9725864896888953,1.187573466967415,0.5794470911165137,1055.0
845,-1.1716645106255348,-2.092021099915619,-2.0122875489546046,0.9725865424008979,1.187573467703567,0.485698628645258,1056.25
846,-1.1716645242817567,-2.0920211481924627,-2.0122875576245742,0.9725865991737785,1.187573481665412,0.38195017623369665,1057.5
847,-1.1716645412650908,-2.0920212005788614,-2.012287567486971,0.9725866611676427,1.1875734990795244,0.26820172970763606,1058.75
848,-1.1716645650819781,-2.0920212544281354,-2.0122875789284898,0.9725867261219209,1.1875735233425064,0.14445329031614115,1060.0
849,-1.171664601882546,-2.092021306121485,-2.0122875927685824,0.972586791171655,1.1875735605724904,0.010704858360127592,1061.25
850,-1.171664644990245,-2.092021358064534,-2.012287607929772,0.9725868577275465,1.1875736041162859,-0.13304357058369892,1062.5
851,-1.1716647032165644,-2.092021401298258,-2.012287625121467,0.9725869174701074,1.1875736627227211,-0.2867919969345618,1063.75
852,-1.1716647698921046,-2.0920214388052116,-2.012287643343108,0.972586972442141,1.1875737297409281,-0.4501750587623965,1065.0
853,-1.1716648421137936,-2.092021463292461,-2.0122876611105007,0.9725870139114243,1.187573802209247,-0.6101006092526938,1066.25
854,-1.1716649130905652,-2.092021473588559,-2.0122876768910283,0.972587039245324,1.1875738733221302,-0.7600261597430038,1067.5
855,-1.1716649813593953,-2.092021475355894,-2.012287691076441,0.9725870545008753,1.1875739416590865,-0.8999517102334025,1068.75
856,-1.1716650445092154,-2.0920214664733408,-2.0122877029144774,0.9725870568336633,1.1875740047907528,-1.0298772607238698,1070.0
857,-1.1716651026330234,-2.0920214510174837,-2.012287712921738,0.972587050827316,1.187574062841664,-1.149802811214351,1071.25
858,-1.1716651551190456,-2.0920214344102104,-2.012287721634809,0.9725870424350629,1.1875741152414032,-1.2597283617048727,1072.5
859,-1.1716651993033897,-2.09202140843486,-2.0122877275056985,0.9725870219366749,1.1875741592605356,-1.359653912195415,1073.75
860,-1.1716652390660092,-2.0920213850589824,-2.012287732789056,0.9725870034896507,1.1875741988744772,-1.4495794626859726,1075.0
861,-1.1716652741880516,-2.092021363975158,-2.012287737402581,0.9725869867071422,1.187574233861828,-1.5295050131765706,1076.25
862,-1.1716652996309638,-2.092021338105793,-2.012287739451387,0.9725869626828039,1.1875742591253902,-1.599430563667133,1077.5
863,-1.1716653214353043,-2.092021315935986,-2.0122877412071953,0.972586942094168,1.1875742807760294,-1.6593561141577073,1078.75
864,-1.1716653396010737,-2.092021297465739,-2.0122877426700017,0.9725869249412326,1.187574298813746,-1.7092816646482278,1080.0
865,-1.1716653541282716,-2.0920212826950504,-2.012287743839811,0.9725869112239998,1.1875743132385403,-1.7492072151387261,1081.25
866,-1.1716653650168976,-2.0920212716239193,-2.0122877447166214,0.9725869009424697,1.1875743240504115,-1.7791327656292641,1082.5
867,-1.171665372266952,-2.0920212642523466,-2.0122877453004353,0.9725868940966425,1.1875743312493594,-1.799058316119786,1083.75
868,-1.1718854044961768,-2.092406420130817,-2.011533900604459,0.9722180447222203,1.1877939519134157,-1.8095882112037747,1085.0
869,-1.1734729447485257,-2.0951854073535814,-2.0060947908155606,0.9695567637451067,1.1893785227750215,-1.811990582401122,1086.25
870,-1.1743784379063926,-2.09677047975377,-2.002992448546,0.9680388295943014,1.1902823208639273,-1.8050828760928856,1087.5
871,-1.1743784320201531,-2.0967704833894563,-2.0029924497506983,0.9680388264376497,1.190282311826251,-1.7899581605471377,1088.75
872,-1.174378422242112,-2.096770489428948,-2.002992451751906,0.9680388211939164,1.1902822968131392,-1.7648334450014018,1090.0
873,-1.1743784085722693,-2.0967704978722446,-2.0029924545496236,0.9680388138631013,1.190282275824592,-1.7297087294556643,1091.25
874,-1.1743783910106245,-2.096770508719346,-2.0029924581438507,0.9680388044452047,1.1902822488606093,-1.6845840139099386,1092.5
875,-1.1743783701372414,-2.096770521488971,-2.0029924630270437,0.9680387911895973,1.1902822207984964,-1.6294593146175305,1093.75
876,-1.174378345734402,-2.0967705363617615,-2.0029924690143672,0.9680387747533464,1.190282189807641,-1.5643346219475496,1095.0
877,-1.1743783152501304,-2.096770554571891,-2.0029924703407804,0.968038772687456,1.190282156284074,-1.4892099372858596,1096.25
878,-1.1743782780590126,-2.09677057640164,-2.00299246551122,0.9680387895182014,1.190282120824179,-1.4040852611033774,1097.5
879,-1.1743782365091595,-2.0967706008747724,-2.002992460045407,0.9680388086626097,1.190282081285417,-1.3089605948692382,1098.75
880,-1.1743781889204536,-2.09677062312068,-2.0029924530298135,0.9680388242540876,1.190282035172237,-1.2038359354853363,1100.0
881,-1.1743781334723968,-2.0967706378811335,-2.002992443446248,0.9680388300511635,1.1902819798064461,-1.0887112845608342,1101.25
882,-1.1743780732056768,-2.09677065392451,-2.002992433029259,0.9680388363540198,1.190281919611938,-0.963586642600098,1102.5
883,-1.1743780077151795,-2.096770653376864,-2.0029924195320667,0.9680388229832985,1.1902818540607907,-0.8284620066403435,1103.75
884,-1.1743779373503318,-2.096770651573685,-2.00299240488339,0.9680388072508482,1.190281783621373,-0.6833373712712942,1105.0
885,-1.1743778672503467,-2.0967706298821724,-2.0029923878538356,0.9680387692885276,1.1902817132956505,-0.5282127420019104,1106.25
886,-1.1743777947446188,-2.0967706021456225,-2.0029923695908196,0.9680387240849244,1.1902816405155723,-0.36324544177932494,1107.5
887,-1.1743777335445313,-2.0967705567731314,-2.0029923514866286,0.968038661326234,1.19028157891298,-0.20062938758373033,1108.75
888,-1.174377681329243,-2.0967705088874204,-2.002992334917014,0.9680385975027173,1.1902815262828814,-0.048013333388097004,1110.0
889,-1.1743776423344379,-2.0967704541862306,-2.0029923202237327,0.9680385286197732,1.1902814868308995,0.09460272080761008,1111.25
890,-1.1743776111222206,-2.096770400355292,-2.0029923072327884,0.9680384622283815,1.1902814551745595,0.22721877500337073,1112.5
891,-1.1743775929319265,-2.096770344317099,-2.00299229664169,0.9680383959016668,1.190281436533476,0.349834829199175,1113.75
892,-1.1743775762251498,-2.096770292849128,-2.0029922869143464,0.9680383349842511,1.1902814194126736,0.4624508833949837,1115.0
893,-1.1743775736981408,-2.0967702425765546,-2.0029922802408793,0.9680382781692803,1.19028141649239,0.5650669375908399,1116.25
894,-1.1743775726553207,-2.0967701968740213,-2.002992274431287,0.9680382267635405,1.190281415093059,0.6576829917867456,1117.5
895,-1.1743775717250968,-2.096770156106113,-2.0029922692489683,0.9680381809082128,1.1902814138448177,0.7402990459826466,1118.75
896,-1.1743775784782857,-2.096770120466856,-2.002992266270054,0.9680381422959898,1.1902814203261045,0.8129151001785477,1120.0
897,-1.1743775864145345,-2.096770089789656,-2.002992264141272,0.968038109473516,1.1902814280300222,0.8755311543744587,1121.25
898,-1.174377593083337,-2.0967700640117117,-2.002992262352461,0.9680380818929037,1.190281434503598,0.9281472085703292,1122.5
899,-1.174377598484693,-2.096770043133023,-2.002992260903623,0.9680380595541531,1.1902814397468313,0.97076326276615,1123.75
900,-1.1743776026186028,-2.096770027153589,-2.00299225979476,0.9680380424572654,1.1902814437597224,1.0033793169619827,1125.0
901,-1.1743776054850663,-2.0967700160734086,-2.0029922590258713,0.9680380306022403,1.1902814465422713,1.0259953711578413,1126.25
902,-1.1743975539582916,-2.096805491657193,-2.0029227623753654,0.9680039956031075,1.190301356272999,1.0386760808739433,1127.5
903,-1.1756942746117813,-2.0991121150314256,-1.9984049026462265,0.9657918537359028,1.191595561366984,1.0436382481646083,1128.75
904,-1.1770241132957378,-2.101477655637499,-1.9937716539631172,0.9635232142959171,1.192922819967883,1.0388457057122338,1130.0
905,-1.1770526324073272,-2.101528393211171,-1.9936722875779596,0.9634745584361732,1.1929512829841877,1.0263422308986831,1131.25
906,-1.1770526294084211,-2.1015284010202686,-1.9936722910593465,0.9634745569432368,1.1929512786103722,1.0039314345493233,1132.5
907,-1.1770526250713629,-2.1015284123138906,-1.993672296094175,0.9634745547841317,1.1929512722849012,0.9715206381999166,1133.75
908,-1.1770526193961526,-2.101528427092038,-1.9936723026824454,0.9634745519588582,1.1929512640077746,0.9291098418505483,1135.0
909,-1.177052612017992,-2.1015284455023373,-1.9936723106513636,0.9634745489171548,1.192951250694201,0.8766990526412224,1136.25
910,-1.1770526027226613,-2.1015284676314803,-1.99367231989946,0.963474545923121,1.1929512305327012,0.8142882725967862,1137.5
911,-1.177052594482132,-2.101528495512599,-1.993672329220374,0.9634745521989413,1.192951212253722,0.7418774960907943,1138.75
912,-1.1770525951952022,-2.101528535995337,-1.9936723342396712,0.9634745980136961,1.1929512117312693,0.6594667325720798,1140.0
913,-1.177052596002142,-2.1015285814402147,-1.9936723398243807,0.9634746496007627,1.1929512112077656,0.5670559755211283,1141.25
914,-1.1770525979821016,-2.101528631554207,-1.9936723461700905,0.9634747068124101,1.1929512119075365,0.4646452255760357,1142.5
915,-1.1770526145577787,-2.1015286825635298,-1.993672355821582,0.963474767278126,1.1929512289244681,0.35223448646879096,1143.75
916,-1.1770526326098794,-2.1015287381089345,-1.9936723663333673,0.9634748331166351,1.192951247470949,0.22982375526958262,1145.0
917,-1.1770526632463045,-2.101528791654961,-1.993672379198787,0.9634748991311282,1.1929512785710752,0.0974130301681317,1146.25
918,-1.1770527019430204,-2.101528845863548,-1.993672393808996,0.9634749674403487,1.192951317727753,-0.04499769269369622,1147.5
919,-1.177052753445216,-2.101528893642121,-1.993672410260381,0.9634750310446932,1.1929513696479406,-0.19740841120106667,1148.75
920,-1.1770528141883698,-2.1015289386076557,-1.993672428264837,0.9634750933015758,1.192951430793428,-0.35981912334313326,1150.0
921,-1.17705288606249,-2.101528966581407,-1.9936724464693927,0.9634751386886655,1.1929515029457225,-0.5249373826161745,1151.25
922,-1.17705295570866,-2.1015289885565247,-1.9936724634793386,0.9634751769177203,1.1929515728211952,-0.6802689231040173,1152.5
923,-1.1770530257366332,-2.101528990332227,-1.993672478086704,0.9634751925828596,1.1929516429202875,-0.8256004635919127,1153.75
924,-1.1770530909290722,-2.1015289912393613,-1.9936724915937751,0.9634752063302608,1.1929517081730814,-0.9609320040798622,1155.0
925,-1.1770531509211533,-2.101528975297666,-1.993672501962795,0.9634752001788359,1.1929517680890636,-1.086263544567866,1156.25
926,-1.1770532061265668,-2.1015289606279364,-1.993672511504479,0.9634751945182187,1.19295182322445,-1.201595085055907,1157.5
927,-1.1770532537863962,-2.1015289387414096,-1.9936725186092905,0.96347517929589,1.1929518707514621,-1.306926625543945,1158.75
928,-1.1770532954181954,-2.1015289143073685,-1.9936725241625668,0.9634751600412884,1.1929519122255312,-1.4022581660320579,1160.0
929,-1.1770533326829422,-2.1015288924363897,-1.993672529133316,0.9634751428064356,1.1929519493490939,-1.4875897065201642,1161.25
930,-1.1770533627852944,-2.1015288692125456,-1.9936725324661797,0.9634751226566949,1.1929519792937977,-1.5629212470082723,1162.5
931,-1.1770533862631167,-2.1015288453893177,-1.9936725343642254,0.9634751005415643,1.1929520026038596,-1.6282527874964012,1163.75
932,-1.1770534061472968,-2.1015288252126036,-1.993672535971745,0.9634750818114948,1.192952022345957,-1.6835843279844789,1165.0
933,-1.1770534224378344,-2.1015288086824024,-1.9936725372887376,0.9634750664664856,1.1929520385200911,-1.7289158684725316,1166.25
934,-1.1770534351347286,-2.101528795798713,-1.993672538315205,0.9634750545065387,1.1929520511262601,-1.7642474089605957,1167.5
935,-1.17705344423798,-2.1015287865615364,-1.9936725390511483,0.9634750459316543,1.1929520601644645,-1.7895789494486576,1168.75
936,-1.1770534497475886,-2.1015287809708716,-1.9936725394965669,0.9634750407418322,1.192952065634704,-1.8049104899367023,1170.0
937,-1.1779020324093166,-2.1030626117009596,-1.990666167683977,0.9620019332678138,1.1937989415466215,-1.8119943611089284,1171.25
938,-1.1794545969021117,-2.1058689192966225,-1.9851656984745867,0.9593067340725824,1.1953483828535374,-1.8098288195296763,1172.5
939,-1.179691326790007,-2.1062968251134833,-1.984326992318162,0.958895770337394,1.195584634431252,-1.799493779690366,1173.75
940,-1.179691319222917,-2.1062968297846756,-1.9843269938755408,0.9588957663059995,1.1955846227303613,-1.7798203038663223,1175.0
941,-1.179691307809486,-2.1062968368302295,-1.9843269962245333,0.9588957602254529,1.1955846050819248,-1.750146828042291,1176.25
942,-1.1796912925497134,-2.1062968462501432,-1.9843269993651393,0.9588957520957538,1.1955845814859418,-1.7104733522182434,1177.5
943,-1.1796912735681606,-2.1062968579384633,-1.9843270034064353,0.9588957415294764,1.1955845530011548,-1.6607998802467603,1178.75
944,-1.1796912514591296,-2.106296871389663,-1.984327008868846,0.9588957266781382,1.195584524679013,-1.6011264276535584,1180.0
945,-1.1796912256450953,-2.1062968870949965,-1.9843270152466408,0.9588957093380318,1.1955844916106835,-1.5314529750603396,1181.25
946,-1.1796911915450505,-2.106296907113229,-1.9843270114522733,0.958895722779286,1.1955844585387334,-1.4517795379225056,1182.5
947,-1.1796911528491898,-2.1062969298099707,-1.9843270063899057,0.9588957403202166,1.195584421671771,-1.3621061047774203,1183.75
948,-1.1796911098485263,-2.10629695511572,-1.9843270006942053,0.9588957601502694,1.1955843807823334,-1.2624326814028748,1185.0
949,-1.1796910586164064,-2.1062969716975575,-1.9843269921798536,0.9588957687373183,1.1955843300642957,-1.1527592674218003,1186.25
950,-1.1796910016862139,-2.106296986843482,-1.9843269823003369,0.9588957746447364,1.1955842732118125,-1.0330858610223659,1187.5
951,-1.1796909398327562,-2.1062969960217726,-1.9843269706793492,0.9588957728746631,1.1955842113764972,-0.9034124616815923,1188.75
952,-1.1796908729456308,-2.1062969943440195,-1.9843269566988466,0.9588957579034592,1.1955841444172932,-0.7637390663170891,1190.0
953,-1.1796908032635818,-2.106296984858009,-1.9843269411807372,0.9588957336306609,1.1955840746002515,-0.614065673576226,1191.25
954,-1.1796907324894235,-2.1062969609982303,-1.9843269236664884,0.9588956930290435,1.195584003578897,-0.45439228749252214,1192.5
955,-1.179690665667554,-2.1062969240770473,-1.9843269053566353,0.9588956385570323,1.1955839364097613,-0.2880876423637005,1193.75
956,-1.1796906069149387,-2.1062968806504045,-1.98432688790681,0.9588955783705901,1.195583877265062,-0.13002242522318413,1195.0
957,-1.1796905637585648,-2.1062968279288867,-1.984326872523322,0.9588955108153547,1.1955838336559532,0.018042791917371032,1196.25
958,-1.1796905264753097,-2.106296775769043,-1.9843268584184646,0.958895445039237,1.195583795929258,0.15610800905800756,1197.5
959,-1.1796905039230199,-2.106296720331888,-1.9843268469432602,0.958895378471648,1.1955837729197658,0.28417322619864066,1198.75
960,-1.1796904866257534,-2.106296667174516,-1.984326836831117,0.9588953154884925,1.195583755187673,0.40223844333932757,1200.0
961,-1.179690475927572,-2.1062966171556545,-1.9843268284646314,0.9588952573155871,1.1955837440849455,0.5103036604800685,1201.25
962,-1.179690474838845,-2.1062965694755906,-1.9843268223651793,0.9588952036454725,1.1955837426181126,0.6083688776208274,1202.5
963,-1.179690473861139,-2.106296526657608,-1.9843268168876997,0.9588951554482554,1.1955837413008572,0.696434094761611,1203.75
964,-1.1796904752450963,-2.106296488758165,-1.9843268125026237,0.9588951132277052,1.1955837423861275,0.7744993119023917,1205.0
965,-1.1796904837669513,-2.106296455897084,-1.9843268102082696,0.9588950780528979,1.1955837506550515,0.8425645290431865,1206.25
966,-1.1796904910367934,-2.1062964278638847,-1.9843268082509977,0.9588950480459,1.195583757709122,0.9006297461839643,1207.5
967,-1.1796904970546223,-2.1062964046585693,-1.9843268066308033,0.9588950232067096,1.19558376354834,0.9486949633246938,1208.75
968,-1.1796905018204376,-2.106296386281134,-1.9843268053476915,0.9588950035353291,1.1955837681727046,0.9867601804654242,1210.0
969,-1.17969050533424,-2.1062963727315807,-1.9843268044016622,0.9588949890317584,1.195583771582216,1.0148253976061805,1211.25
970,-1.1796905075960291,-2.1062963640099084,-1.9843268037927153,0.9588949796959977,1.1955837737768744,1.0328906147469061,1212.5
971,-1.1801178728242387,-2.107081273162497,-1.982787271612483,0.9581400844334647,1.1960102481396397,1.0420191217043937,1213.75
972,-1.181699690695785,-2.10998650107766,-1.9770889479283642,0.9553459804935301,1.197588768676472,1.0425893954205383,1215.0
973,-1.1822918935388473,-2.1110741687950876,-1.9749555999770114,0.9542999183603935,1.1981797365482854,1.0343117284136967,1216.25
974,-1.1822918912951588,-2.1110741746073245,-1.9749556025905188,0.9542999172463276,1.1981797332111546,1.0173945777807352,1217.5
975,-1.1822918877251898,-2.1110741838552673,-1.9749556067489125,0.9542999154737193,1.1981797279013922,0.9904774271477694,1218.75
976,-1.1822918828289406,-2.111074196538917,-1.9749556124521925,0.9542999130425689,1.1981797206189984,0.953560276514814,1220.0
977,-1.182291876606411,-2.1110742126582727,-1.9749556197003588,0.9542999099528761,1.198179711363973,0.9066431258818685,1221.25
978,-1.1822918683026966,-2.1110742325315903,-1.9749556281215,0.9542999071897258,1.1981796936831448,0.8497259901004406,1222.5
979,-1.1822918584376085,-2.111074255939726,-1.9749556379717066,0.9542999040748084,1.1981796720200366,0.7828088561751911,1223.75
980,-1.1822918552185253,-2.1110742898369206,-1.9749556447735004,0.954299931467129,1.198179663648405,0.7058917332068614,1225.0
981,-1.1822918559619704,-2.111074331912878,-1.9749556500207333,0.9542999791311932,1.1981796631060164,0.6189746157574819,1226.25
982,-1.1822918568051934,-2.111074378924446,-1.9749556557878245,0.9543000326846627,1.1981796626235688,0.5220575105523461,1227.5
983,-1.1822918655698516,-2.1110744286154133,-1.9749556636154928,0.9543000905115091,1.1981796709357213,0.41514041201511964,1228.75
984,-1.1822918825972737,-2.1110744808865687,-1.9749556735717413,0.9543001525377566,1.1981796884274634,0.2982233215886285,1230.0
985,-1.182291902978482,-2.1110745365132395,-1.9749556846372358,0.9543002189785118,1.19817970931258,0.17130623913682783,1231.25
986,-1.1822919397243683,-2.1110745878522663,-1.974955698568312,0.9543002837654911,1.1981797465016903,0.03438916233671193,1232.5
987,-1.182291980536192,-2.111074641540978,-1.974955713629162,0.9543003519848865,1.1981797877784537,-0.11252791361880723,1233.75
988,-1.1822920385035045,-2.1110746843231336,-1.974955730881831,0.9543004113383389,1.1981798461353352,-0.26944498259130617,1235.0
989,-1.1822921034475318,-2.1110747232352276,-1.9749557490959542,0.9543004677196758,1.1981799114439002,-0.43543365388226707,1236.25
990,-1.1822921742936758,-2.111074747073773,-1.974955766664729,0.9543005083525559,1.1981799825393635,-0.5962568095041387,1237.5
991,-1.1822922434630636,-2.111074758921085,-1.9749557824050359,0.9543005352074203,1.1981800518610326,-0.7470799651261224,1238.75
992,-1.1822923104866756,-2.1110747605836386,-1.9749557964433992,0.9543005502183809,1.198180118953903,-0.8879031207481547,1240.0
993,-1.1822923725528987,-2.111074753462444,-1.9749558083727368,0.9543005544053043,1.1981801810151858,-1.0187262763702127,1241.25
994,-1.182292429678474,-2.111074738290335,-1.9749558182871012,0.954300548593408,1.1981802380674806,-1.1395494319923103,1242.5
995,-1.1822924816978535,-2.111074723213194,-1.9749558271593453,0.9543005418864706,1.1981802900100706,-1.2503725876144332,1243.75
996,-1.182292525189013,-2.1110746977272714,-1.974955832984704,0.9543005218325031,1.1981803333342969,-1.3511957432366177,1245.0
997,-1.1822925643665658,-2.1110746747691347,-1.9749558382322774,0.9543005037675567,1.1981803723614728,-1.4420188988588158,1246.25
998,-1.1822925992305109,-2.111074654338784,-1.97495584290207,0.9543004876916337,1.1981804070915985,-1.5228420544810093,1247.5
999,-1.1822926246767178,-2.111074629304966,-1.9749558450590663,0.9543004646053272,1.1981804323594023,-1.5936652101032158,1248.75
1000,-1.1822926462672347,-2.111074607438714,-1.9749558468118837,0.9543004443154289,1.1981804537935583,-1.6544883657254033,1250.0
1001,-1.1822926643080323,-2.111074589167517,-1.9749558482765164,0.9543004273614129,1.1981804717037026,-1.7053115213475563,1251.25
1002,-1.1822926787991097,-2.111074574491374,-1.9749558494529653,0.9543004137432802,1.1981804860898344,-1.746134676969667,1252.5
1003,-1.1822926897404673,-2.1110745634102845,-1.974955850341233,0.9543004034610321,1.1981804969519536,-1.7769578325918465,1253.75
1004,-1.1822926971321048,-2.1110745559242483,-1.9749558509413185,0.9543003965146684,1.19818050429006,-1.7977809882139808,1255.0
1005,-1.182414869691879,-2.1113025381729673,-1.9745083721919077,0.9540808258337393,1.1983024129891058,-1.8089872067602595,1256.25
1006,-1.1838504133356236,-2.113981490714423,-1.9692502674862504,0.9515008023140237,1.1997348564359946,-1.8123284636094061,1257.5
1007,-1.1848584360347003,-2.1158626294916103,-1.9655580738860452,0.9496891324984159,1.2007407009168223,-1.8061365313450308,1258.75
1008,-1.1848584306595602,-2.115862632808017,-1.9655580749984118,0.9496891296543952,1.2007406925459805,-1.7919984774685984,1260.0
1009,-1.1848584214825244,-2.1158626384701535,-1.9655580768975676,0.9496891247987678,1.200740678254351,-1.767860423592178,1261.25
1010,-1.1848584085035931,-2.115862646478021,-1.9655580795835124,0.9496891179315334,1.2007406580419335,-1.7337223697157556,1262.5
1011,-1.1848583917227664,-2.1158626568316183,-1.9655580830562462,0.9496891090526922,1.2007406319087282,-1.689584315839345,1263.75
1012,-1.184858371612728,-2.1158626691186355,-1.9655580877428538,0.9496890966471845,1.20074060391579,-1.6354462761844288,1265.0
1013,-1.184858348113628,-2.1158626833912773,-1.9655580935892594,0.9496890809068386,1.200740573548927,-1.5713082455223226,1266.25
1014,-1.1848583191696955,-2.115862700686678,-1.9655580959823338,0.949689075691917,1.200740540440646,-1.4971702211988616,1267.5
1015,-1.1848582832995949,-2.115862721668118,-1.965558091291626,0.9496890917980884,1.200740506248772,-1.413032206889549,1268.75
1016,-1.1848582431753014,-2.1158627452096077,-1.9655580859842177,0.949689110102524,1.2007404680713292,-1.3188942013525962,1270.0
1017,-1.1848581976334829,-2.1158627679572732,-1.9655580794146108,0.9496891265806774,1.2007404241793682,-1.2147562027990841,1271.25
1018,-1.1848581439995916,-2.1158627822198577,-1.96555807006777,0.9496891321019504,1.2007403706292303,-1.1006182130500426,1272.5
1019,-1.1848580856643043,-2.1158627977329205,-1.9655580599009452,0.9496891381095643,1.2007403123670743,-0.9764802329492304,1273.75
1020,-1.1848580222764151,-2.115862799017286,-1.9655580469436094,0.9496891271007106,1.2007402489326477,-0.842342258425757,1275.0
1021,-1.1848579540932853,-2.1158627973452777,-1.965558032631707,0.9496891118197869,1.2007401806748041,-0.6982042851628608,1276.25
1022,-1.1848578856167054,-2.115862778489298,-1.9655580161276955,0.9496890772008102,1.2007401119880377,-0.544066317363495,1277.5
1023,-1.18485781407652,-2.1158627537934236,-1.9655579982655678,0.9496890354272,1.2007400401888633,-0.3799356296801561,1278.75
1024,-1.1848577540105463,-2.1158627095281908,-1.9655579803497762,0.9496889739526019,1.200739979716219,-0.2163370735806607,1280.0
1025,-1.18485770124577,-2.1158626642960874,-1.9655579638244072,0.9496889128285578,1.2007399265431684,-0.06273851748115482,1281.25
1026,-1.1848576629432714,-2.1158626108512877,-1.9655579492721271,0.9496888453330775,1.2007398877785835,0.08086003861844127,1282.5
1027,-1.1848576306933913,-2.1158625591459863,-1.9655579361876618,0.9496887809792448,1.200739855085718,0.21445859471807688,1283.75
1028,-1.1848576128083768,-2.1158625043127643,-1.9655579256868112,0.94968871593997,1.2007398367447044,0.3380571508177501,1285.0
1029,-1.1848575963703871,-2.1158624539159443,-1.9655579160355454,0.9496886561628306,1.20073981988761,0.4516557069174516,1286.25
1030,-1.1848575924725429,-2.115862405009892,-1.9655579091632933,0.9496886005237057,1.2007398155932452,0.5552542630171906,1287.5
1031,-1.1848575914477548,-2.1158623601615747,-1.9655579033886612,0.9496885500022115,1.2007398142069903,0.6488528191169736,1288.75
1032,-1.184857590532454,-2.115862320104821,-1.965557898230982,0.9496885048783947,1.200739812968842,0.7324513752167529,1290.0
1033,-1.1848575962072487,-2.1158622849985647,-1.9655578950505816,0.9496884666046586,1.2007398183661624,0.8060499313165299,1291.25
1034,-1.1848576040738776,-2.115862254734939,-1.9655578929242363,0.9496884341952865,1.2007398259961066,0.8696484874163186,1292.5
1035,-1.1848576107035873,-2.115862229229854,-1.9655578911322285,0.9496884068818428,1.200739832426347,0.9232470435160635,1293.75
1036,-1.1848576160963775,-2.1158622084833096,-1.9655578896745574,0.949688384664327,1.2007398376568832,0.9668455996157902,1295.0
1037,-1.1848576202522483,-2.1158621924953045,-1.9655578885512255,0.9496883675427406,1.2007398416877155,1.0004441557155144,1296.25
1038,-1.1848576231711994,-2.1158621812658387,-1.9655578877622328,0.9496883555170834,1.2007398445188437,1.0240427118152504,1297.5
1039,-1.1848581103206182,-2.11586309528606,-1.9655560794063787,0.949687460897056,1.2007403305318587,1.0376420874308045,1298.75
1040,-1.1859368551255718,-2.1179084925681035,-1.961538789558585,0.9477149456022025,1.2018166626028193,1.0434362443524279,1300.0
1041,-1.1873061342707183,-2.1205047766031986,-1.9564395334939062,0.9452111809542401,1.2031828789605525,1.0395848298578005,1301.25
1042,-1.1873883262790788,-2.1206606271936828,-1.9561334429986552,0.9450608871284131,1.2032648863468438,1.027973808511226,1302.5
1043,-1.1873883234735327,-2.120660634424094,-1.9561334462782494,0.9450608857397935,1.2032648820918834,1.006633102569901,1303.75
1044,-1.187388319353341,-2.120660645042591,-1.9561334510946224,0.9450608837004835,1.2032648758430993,0.9752923966285576,1305.0
1045,-1.187388313918504,-2.120660659049172,-1.9561334574477742,0.9450608810104831,1.2032648676004916,0.9339516906872671,1306.25
1046,-1.1873883069074367,-2.120660676558679,-1.956133465203641,0.9450608780305225,1.2032648551038072,0.8826109899628896,1307.5
1047,-1.187388297955366,-2.1206606977312537,-1.956133474175275,0.9450608752636298,1.2032648352011874,0.8212702997593612,1308.75
1048,-1.1873882887716896,-2.1206607234050723,-1.9561334839224493,0.9450608767070023,1.2032648145853029,0.7499296113228918,1310.0
1049,-1.1873882894595784,-2.1206607622170517,-1.9561334887916244,0.9450609207174127,1.203264814085803,0.6685889375330173,1311.25
1050,-1.1873882902378445,-2.120660805838405,-1.9561334942255382,0.9450609703008327,1.2032648135753656,0.5772482689025584,1312.5
1051,-1.1873882911104292,-2.120660854294811,-1.9561335002012024,0.9450610255674544,1.2032648130882393,0.47590760791621867,1313.75
1052,-1.1873883066362945,-2.120660903484735,-1.9561335095149706,0.9450610839207514,1.2032648289902454,0.36456695827677565,1315.0
1053,-1.1873883240925283,-2.120660956942672,-1.9561335197675653,0.9450611474227724,1.2032648469367195,0.24322631589987742,1316.25
1054,-1.1873883520566064,-2.1206610094856204,-1.9561335320961826,0.9450612119355742,1.203264875374043,0.11188568002412494,1317.5
1055,-1.187388389527423,-2.1206610617009938,-1.9561335463645428,0.9450612779265625,1.2032649133030473,-0.029454952895045877,1318.75
1056,-1.1873884378215869,-2.120661109349143,-1.9561335623085832,0.9450613409246755,1.2032649620260045,-0.18079558212703012,1320.0
1057,-1.1873884966981603,-2.1206611526737396,-1.956133579908587,0.9450614011561695,1.2032650213039624,-0.34213620489561414,1321.25
1058,-1.1873885658539904,-2.120661182051401,-1.956133597904368,0.9450614477588706,1.2032650907569877,-0.5078944469834173,1322.5
1059,-1.187388633913659,-2.120661204865099,-1.9561336148559691,0.945061486777941,1.2032651590597396,-0.6642920043183689,1323.75
1060,-1.1873887025408787,-2.1206612073165294,-1.9561336293912361,0.9450615030535181,1.2032652277654916,-0.8106895616534047,1325.0
1061,-1.1873887666703309,-2.120661208870548,-1.956133642882177,0.9450615174354438,1.203265291962358,-0.9470871189884902,1326.25
1062,-1.1873888257335852,-2.120661194365088,-1.9561336533240683,0.9450615127932722,1.203265350958531,-1.073484676323602,1327.5
1063,-1.1873888800994226,-2.1206611799310515,-1.9561336628008084,0.945061507305566,1.2032654052538503,-1.1898822336587447,1328.75
1064,-1.1873889275447107,-2.1206611598474567,-1.9561336701394687,0.945061494112799,1.2032654525769138,-1.2962797909939132,1330.0
1065,-1.1873889686231203,-2.120661135809789,-1.9561336756658552,0.9450614752271547,1.203265493495607,-1.39267734832911,1331.25
1066,-1.1873890054401777,-2.1206611142657206,-1.9561336806189442,0.9450614583006484,1.2032655301695172,-1.4790749056643646,1332.5
1067,-1.1873890358412325,-2.1206610922127203,-1.9561336841783115,0.9450614395385336,1.2032655604178155,-1.555472462999584,1333.75
1068,-1.1873890591253546,-2.120661068674034,-1.9561336860770622,0.9450614177063388,1.2032655835310562,-1.6218700203348182,1335.0
1069,-1.1873890789027033,-2.120661048680462,-1.9561336876898456,0.9450613991622456,1.2032656031632594,-1.6782675776700287,1336.25
1070,-1.1873890951732784,-2.120661032232004,-1.9561336890166585,0.9450613839062526,1.203265619314426,-1.7246651350051865,1337.5
1071,-1.1873891079370795,-2.1206610193286584,-1.9561336900575057,0.9450613719383623,1.2032656319845543,-1.7610626923403698,1338.75
1072,-1.1873891171941064,-2.1206610099704264,-1.9561336908123865,0.9450613632585745,1.2032656411736444,-1.7874602496755507,1340.0
1073,-1.1873891229443596,-2.1206610041573075,-1.9561336912813012,0.9450613578668893,1.2032656468816965,-1.803857807010743,1341.25
1074,-1.1880282548964263,-2.1218922542069802,-1.9537138429533782,0.9438724093609218,1.2039032988502483,-1.8117593550680857,1342.5
1075,-1.1895346380384055,-2.1247942327129894,-1.948010426370607,0.9410701449359586,1.2054061934240627,-1.8107023050024382,1343.75
1076,-1.1898855925853777,-2.1254703394985843,-1.9466816417927781,0.9404172700272968,1.205756333268518,-1.8012244264005859,1345.0
1077,-1.189885585624308,-2.1254703437914424,-1.9466816432413019,0.9404172663699479,1.2057563223498882,-1.782703295501048,1346.25
1078,-1.1898855749047907,-2.125470350402116,-1.946681645471918,0.9404172607379093,1.2057563055360294,-1.7541821646015219,1347.5
1079,-1.1898855604268261,-2.125470359330607,-1.9466816484846268,0.9404172531311807,1.2057562828269426,-1.7156610337020222,1348.75
1080,-1.1898855422256762,-2.125470370545366,-1.9466816523123114,0.9404172434333036,1.2057562545288174,-1.6671399039691108,1350.0
1081,-1.1898855210201837,-2.125470383403256,-1.946681657625318,0.9404172292701687,1.2057562268835729,-1.6086187958903175,1351.25
1082,-1.1898854961911287,-2.125470398458284,-1.9466816638462037,0.9404172126868586,1.2057561945143505,-1.5400976878115356,1352.5
1083,-1.189885463890721,-2.1254704174285157,-1.9466816614244917,0.9404172218232861,1.2057561620590669,-1.4615765931716747,1353.75
1084,-1.189885426606183,-2.1254704392151953,-1.9466816565197673,0.9404172385487206,1.2057561265351802,-1.373055502924482,1355.0
1085,-1.1898853851217452,-2.1254704635493544,-1.946681650983149,0.9404172575335652,1.2057560871034783,-1.2745344240100875,1356.25
1086,-1.1898853361746613,-2.125470481043079,-1.9466816429957257,0.9404172674998406,1.2057560389032587,-1.1660133531397012,1357.5
1087,-1.1898852811521017,-2.1254704956710304,-1.9466816333633152,0.9404172731209631,1.2057559839606165,-1.0474922900864165,1358.75
1088,-1.1898852213726023,-2.1254705065823623,-1.946681622282664,0.9404172736153006,1.205755924216217,-0.918971234516277,1360.0
1089,-1.1898851566376651,-2.1254705050328253,-1.9466816086332994,0.9404172590872839,1.2057558594091826,-0.7804501836862408,1361.25
1090,-1.189885088559246,-2.125470498267335,-1.9466815936377724,0.9404172380415059,1.2057557912138543,-0.6319291347956338,1362.5
1091,-1.1898850199925302,-2.125470475327581,-1.9466815765210055,0.940417198737829,1.2057557224004531,-0.4734080926684877,1363.75
1092,-1.1898849534489544,-2.1254704418144703,-1.9466815585044617,0.9404171479613148,1.2057556555255626,-0.3070528653156126,1365.0
1093,-1.1898848957002925,-2.1254703993823023,-1.9466815412022966,0.9404170889072863,1.205755597380302,-0.14783948197033864,1366.25
1094,-1.1898848515325648,-2.125470349561459,-1.9466815258004608,0.9404170242395691,1.2057555527673527,0.0013739013749600668,1367.5
1095,-1.1898848148498886,-2.125470298509055,-1.9466815118006853,0.9404169596676039,1.2057555156358644,0.14058728472031418,1368.75
1096,-1.189884790827342,-2.1254702452614826,-1.9466815001583502,0.940416895131706,1.205755491157515,0.26980066806572167,1370.0
1097,-1.1898847737870208,-2.125470193138998,-1.9466814901078342,0.9404168332384525,1.2057554736766187,0.38901405141116785,1371.25
1098,-1.1898847616092967,-2.125470144477326,-1.9466814815002094,0.9404167761918423,1.2057554610907988,0.4982274347566537,1372.5
1099,-1.18988476053784,-2.1254700976189924,-1.9466814754263315,0.9404167233641637,1.2057554596355826,0.5974408181021711,1373.75
1100,-1.1898847595743787,-2.125470055483647,-1.9466814699646506,0.9404166758611351,1.205755458327042,0.6866542014476793,1375.0
1101,-1.1898847597859137,-2.125470018096833,-1.9466814653401512,0.9404166339222255,1.2057554582333092,0.7658675847932275,1376.25
1102,-1.1898847682448652,-2.1254699856278694,-1.9466814630440616,0.9404165991346974,1.205755466434303,0.8350809681387659,1377.5
1103,-1.1898847754816613,-2.1254699578500453,-1.946681461079713,0.9404165693732967,1.205755473450411,0.8942943514843016,1378.75
1104,-1.1898847814963018,-2.1254699347633625,-1.9466814594471014,0.9404165446380218,1.2057554792816336,0.9435077348297742,1380.0
1105,-1.1898847862887871,-2.1254699163678192,-1.9466814581462308,0.9404165249288747,1.205755483927971,0.9827211181752622,1381.25
1106,-1.189884789859117,-2.125469902663415,-1.9466814571771018,0.940416510245855,1.2057554873894225,1.0119345015207475,1382.5
1107,-1.189884792207291,-2.12546989365015,-1.9466814565397141,0.9404165005889632,1.2057554896659886,1.03114788486623,1383.75
1108,-1.1901511798276956,-2.1259912708170283,-1.9456560948513653,0.9399123778104894,1.206021238825903,1.0411436516750825,1385.0
1109,-1.191614295802571,-2.128854937196559,-1.9400243419884173,0.9371435316885447,1.2074808482435015,1.0429035009532028,1386.25
1110,-1.1923476127643047,-2.130290218120702,-1.9372016920194393,0.9357557779932483,1.2082124072067866,1.0355279412071756,1387.5
1111,-1.1923476107203,-2.1302902233615626,-1.9372016944177866,0.935755776984959,1.2082124040460807,1.0198439732536704,1388.75
1112,-1.1923476073730508,-2.130290231943964,-1.937201698345306,0.9357557753337911,1.208212398870128,0.9941600053001752,1390.0
1113,-1.192347602722557,-2.130290243867905,-1.9372017038019966,0.9357557730397441,1.2082123916789291,0.9584760373466901,1391.25
1114,-1.1923475967688186,-2.1302902591333863,-1.9372017107878585,0.9357557701028183,1.208212382472484,0.912792069393215,1392.5
1115,-1.192347588895567,-2.1302902780220463,-1.937201718974277,0.935755767419785,1.2082123658689095,0.8571081115372507,1393.75
1116,-1.1923475794048217,-2.1302903003958606,-1.9372017285222989,0.9357557645511563,1.2082123445057467,0.7914241567671655,1395.0
1117,-1.1923475748996446,-2.1302903316355555,-1.937201735906602,0.9357557855463312,1.2082123333187307,0.7157402108569385,1396.25
1118,-1.1923475756161848,-2.130290371941627,-1.937201740994346,0.9357558312977079,1.208212332801004,0.6300562724254453,1397.5
1119,-1.1923475764287725,-2.130290417031082,-1.9372017466040687,0.9357558827296755,1.2082123323320342,0.534372344761411,1398.75
1120,-1.1923475831428187,-2.1302904652323393,-1.9372017538890156,0.935755938660795,1.2082123383972503,0.42868842390715295,1400.0
1121,-1.1923475995824622,-2.130290515466246,-1.9372017635892447,0.9357559984036158,1.2082123552963586,0.31300451140513286,1401.25
1122,-1.1923476174450622,-2.1302905700406747,-1.9372017741298646,0.9357560633039426,1.2082123736726234,0.18732060735294082,1402.5
1123,-1.192347652897264,-2.1302906194849105,-1.9372017877130683,0.9357561258657101,1.2082124095662365,0.051636709722649284,1403.75
1124,-1.1923476910537048,-2.1302906725195005,-1.9372018023099584,0.9357561929952,1.2082124481956065,-0.0940471875908484,1405.0
1125,-1.1923477466946912,-2.130290714192745,-1.9372018191261793,0.935756250826693,1.2082125042284462,-0.2497310781740597,1406.25
1126,-1.1923478084262202,-2.1302907542435467,-1.9372018370082296,0.9357563080419272,1.2082125663436867,-0.41508524101876765,1407.5
1127,-1.1923478780987595,-2.1302907775085558,-1.9372018544417928,0.9357563479740896,1.208212636268739,-0.5771374746455616,1408.75
1128,-1.192347945512062,-2.130290791515484,-1.9372018702445446,0.9357563770590396,1.2082127038563415,-0.7291897082724674,1410.0
1129,-1.1923480114978713,-2.1302907930752126,-1.937201884190221,0.9357563918791048,1.2082127699127025,-0.8712419418993949,1411.25
1130,-1.1923480726934486,-2.130290788184587,-1.9372018963294784,0.9357563985046891,1.2082128311215243,-1.0032941755263767,1412.5
1131,-1.1923481290162112,-2.1302907732338596,-1.9372019061928196,0.9357563928645465,1.2082128873704256,-1.1253464091533973,1413.75
1132,-1.1923481807243317,-2.130290759508081,-1.9372019152480298,0.9357563876865101,1.208212939010737,-1.2373986427804688,1415.0
1133,-1.1923482238523537,-2.1302907348917937,-1.937201921150748,0.9357563685757395,1.208212981973763,-1.3394508764075688,1416.25
1134,-1.1923482626087034,-2.13029071224279,-1.9372019263889828,0.9357563508090764,1.2082130205774937,-1.431503110034661,1417.5
1135,-1.1923482971547978,-2.1302906920542393,-1.937201931058164,0.9357563349724748,1.208213054987549,-1.5135553436617806,1418.75
1136,-1.1923483231208354,-2.1302906682523632,-1.9372019334866788,0.9357563133777436,1.2082130807802893,-1.5856075772888953,1420.0
1137,-1.1923483446205492,-2.1302906465550193,-1.9372019352481882,0.9357562932625529,1.2082131021201306,-1.6476598109160372,1421.25
1138,-1.1923483626554867,-2.1302906283543024,-1.93720193672582,0.9357562763890157,1.2082131200209596,-1.69971204454312,1422.5
1139,-1.1923483772256476,-2.1302906136502116,-1.9372019379195757,0.9357562627571328,1.208213134482776,-1.7417642781701566,1423.75
1140,-1.1923483883310313,-2.130290602442746,-1.9372019388294568,0.9357562523669045,1.2082131455055798,-1.7738165117972333,1425.0
1141,-1.1923483959716383,-2.130290594731906,-1.9372019394554634,0.9357562452183313,1.208213153089371,-1.7958687454242928,1426.25
1142,-1.192388203819436,-2.130369738680517,-1.9370461863361763,0.9356796164944671,1.2082528622052686,-1.8080629985388434,1427.5
1143,-1.1936265264761876,-2.132832098393537,-1.9322005772756332,0.9332957599116163,1.2094881142011917,-1.812601326698244,1428.75
1144,-1.1947664029938974,-2.1350987108974024,-1.9277401791948952,0.9311014127774966,1.2106251630544984,-1.8074034041229936,1430.0
1145,-1.194778326251261,-2.1351224323651508,-1.927693505210044,0.9310784479678678,1.2106370539606905,-1.7945337804544539,1431.25
1146,-1.194778317769511,-2.1351224375933064,-1.9276935069848626,0.9310784435429841,1.2106370405602505,-1.7717087083183596,1432.5
1147,-1.1947783055717816,-2.135122445111994,-1.9276935095372556,0.9310784371794938,1.21063702128888,-1.7388836361822917,1433.75
1148,-1.1947782896580725,-2.135122454921213,-1.927693512867223,0.931078428877397,1.2106369961465795,-1.6960585640462216,1435.0
1149,-1.1947782703789027,-2.135122466699239,-1.9276935173122232,0.9310784174439872,1.2106369682092113,-1.6432335023466673,1436.25
1150,-1.19477824786131,-2.1351224803294686,-1.9276935229945624,0.9310784024469891,1.2106369385915636,-1.5804084518815456,1437.5
1151,-1.19477822063585,-2.1351224966301645,-1.927693526756073,0.9310783933102473,1.2106369057136983,-1.5075834055690764,1438.75
1152,-1.1947781861632032,-2.1351225167332895,-1.927693522212154,0.9310784086711217,1.210636872861557,-1.4247583712689937,1440.0
1153,-1.1947781475358017,-2.135122539315137,-1.927693517072637,0.9310784261079345,1.2106368361079456,-1.3319333441169847,1441.25
1154,-1.1947781042283738,-2.1351225628738946,-1.9276935110321312,0.9310784438490713,1.210636794680179,-1.229108324141257,1442.5
1155,-1.1947780524765823,-2.1351225766305886,-1.9276935019294281,0.9310784490934136,1.2106367430119285,-1.1162833144982356,1443.75
1156,-1.1947779961359366,-2.1351225916073786,-1.927693492018961,0.9310784548050163,1.2106366867470324,-0.9934583132506967,1445.0
1157,-1.194777934918977,-2.135122595170608,-1.9276934796705314,0.9310784466754551,1.2106366255027492,-0.8606333180661438,1446.25
1158,-1.1947778689703719,-2.135122593631941,-1.9276934656992744,0.9310784318518626,1.2106365594794786,-0.7178083250099151,1447.5
1159,-1.1947778020223783,-2.135122578129297,-1.9276934497634821,0.9310784011374962,1.2106364923424082,-0.5649833365965384,1448.75
1160,-1.1947777324364826,-2.135122554937843,-1.9276934323097978,0.9310783612589801,1.2106364225025015,-0.4021583544408572,1450.0
1161,-1.1947776721680752,-2.1351225137755714,-1.9276934145431208,0.9310783030355007,1.210636361839146,-0.23735943143899607,1451.25
1162,-1.1947776182789691,-2.135122471466083,-1.9276933979649358,0.9310782447894449,1.2106363075512088,-0.0824521042429361,1452.5
1163,-1.194777580554065,-2.135122419096535,-1.9276933834988554,0.9310781784476426,1.210636269358275,0.062455222953211736,1453.75
1164,-1.194777546717794,-2.1351223695903734,-1.9276933702051975,0.9310781160957233,1.210636235081179,0.19736255014937062,1455.0
1165,-1.1947775290788247,-2.1351223157589665,-1.9276933597516248,0.9310780520992525,1.2106362169798106,0.322269877345594,1456.25
1166,-1.1947775128520206,-2.135122266237273,-1.9276933501349498,0.9310779932262954,1.2106362003276265,0.43717720454187237,1457.5
1167,-1.1947775071651674,-2.13512221860246,-1.9276933429575136,0.9310779385665082,1.2106361942403776,0.5420845317381333,1458.75
1168,-1.1947775061540067,-2.1351221744111033,-1.927693337189877,0.9310778887047532,1.2106361928615381,0.636991858934465,1460.0
1169,-1.1947775052493879,-2.135122134876013,-1.9276933320299476,0.9310778440967268,1.2106361916279815,0.7218991861307915,1461.25
1170,-1.1947775095812851,-2.135122100116892,-1.92769332856453,0.9310778058955289,1.2106361956752134,0.7968065133271323,1462.5
1171,-1.1947775174202215,-2.1351220700933844,-1.9276933264272296,0.9310777737124142,1.2106362032718916,0.8617138405234822,1463.75
1172,-1.194777524051446,-2.1351220446954735,-1.927693324619213,0.9310777464876164,1.2106362096981818,0.9166211677197883,1465.0
1173,-1.1947775294749583,-2.1351220239231603,-1.9276933231404785,0.9310777242211352,1.2106362149540832,0.9615284949160476,1466.25
1174,-1.1947775336907587,-2.135122007776442,-1.92769332199103,0.9310777069129723,1.2106362190395967,0.9964358221123185,1467.5
1175,-1.194777536698847,-2.1351219962553203,-1.927693321170867,0.9310776945631273,1.2106362219547215,1.0213431493086151,1468.75
1176,-1.194777538499223,-2.135121989359793,-1.92769332067999,0.9310776871716002,1.210636223699458,1.036250476504909,1470.0
1177,-1.1955976396033923,-2.136778701322499,-1.9244310919048948,0.9294717914093911,1.2114542213278214,1.0430484234498787,1471.25
1178,-1.1969876227845513,-2.139586659539775,-1.9189019588947993,0.9267499728062899,1.2128406391716575,1.0405258676356133,1472.5
1179,-1.1971751281726066,-2.1399654523878944,-1.9181560884509856,0.9263828028137449,1.213027662843321,1.0299704097203344,1473.75
1180,-1.1971751255950207,-2.1399654589630823,-1.9181560914874758,0.9263828015463005,1.2130276587798317,1.0100212138214335,1475.0
1181,-1.1971751217253597,-2.1399654688342373,-1.918156096046078,0.9263827996435203,1.2130276526794235,0.9800720179225142,1476.25
1182,-1.1971751165636237,-2.139965482001358,-1.9181561021267912,0.9263827971054039,1.2130276445420964,0.9401228220236333,1477.5
1183,-1.197175109966108,-2.139965498532785,-1.9181561096498778,0.9263827941523005,1.2130276330995815,0.8901736277579222,1478.75
1184,-1.1971751013888694,-2.139965518687193,-1.918156118313516,0.9263827916182623,1.2130276135512905,0.8302244403458429,1480.0
1185,-1.197175091380879,-2.1399655422035155,-1.9181561284223174,0.9263827886615266,1.2130275907421897,0.7602752529337597,1481.25
1186,-1.1971750916578312,-2.139965578962777,-1.9181561333502093,0.9263828293535306,1.2130275894540348,0.6803260812692041,1482.5
1187,-1.1971750924055464,-2.1399656207082742,-1.9181561386282138,0.9263828768639365,1.2130275889529847,0.590376913518106,1483.75
1188,-1.1971750932476195,-2.139965667165146,-1.9181561444286348,0.9263829299591261,1.2130275884960684,0.4904277552643098,1485.0
1189,-1.1971751062706375,-2.1399657149027256,-1.9181561531207523,0.9263829863939134,1.2130276016444803,0.38047860672688555,1486.25
1190,-1.1971751231128933,-2.1399657662478138,-1.9181561631078519,0.9263830475276753,1.2130276189710718,0.2605294657387902,1487.5
1191,-1.1971751479835784,-2.139965817996904,-1.9181561748357985,0.9263831106900065,1.213027644326826,0.13058033175883144,1488.75
1192,-1.1971751842005083,-2.139965868208885,-1.9181561887583334,0.9263831743483661,1.2130276809990723,-0.009368798352452846,1490.0
1193,-1.1971752288768454,-2.1399659160929065,-1.9181562041590108,0.9263832370739571,1.2130277261176017,-0.15931792562543534,1491.25
1194,-1.197175285855985,-2.1399659577767993,-1.9181562213540468,0.9263832952795221,1.2130277834963143,-0.3192670463008775,1492.5
1195,-1.197175350771387,-2.1399659886635582,-1.9181562388491034,0.9263833429266133,1.2130278487281196,-0.4826316586646983,1493.75
1196,-1.19717541607511,-2.1399660103858533,-1.918156255269127,0.9263833803480678,1.213027914271975,-0.6363517833741419,1495.0
1197,-1.1971754808830315,-2.139966016338176,-1.9181562695954693,0.9263833999417321,1.2130279791876728,-0.7800719080836266,1496.25
1198,-1.1971755422598636,-2.139966017751033,-1.9181562826303136,0.9263834137489242,1.2130280406312388,-0.913792032793171,1497.5
1199,-1.1971755988007664,-2.1399660083132197,-1.9181562932830616,0.9263834143947327,1.2130280971437837,-1.0375121575027837,1498.75
1200,-1.1971756506551008,-2.1399659945490876,-1.9181563024082264,0.926383409243763,1.2130281489293773,-1.1512322822123977,1500.0
1201,-1.1971756974106906,-2.139965980352449,-1.9181563104107826,0.9263834025915008,1.2130281956080464,-1.254952406922066,1501.25
1202,-1.197175736400907,-2.1399659575943475,-1.9181563157064645,0.9263833847682643,1.2130282344427772,-1.3486725316317503,1502.5
1203,-1.1971757712308424,-2.139965937264552,-1.9181563204370895,0.9263833688467772,1.2130282691338168,-1.4323926563414655,1503.75
1204,-1.1971758019004959,-2.1399659193630622,-1.91815632460266,0.9263833548270404,1.2130282996811654,-1.5061127810511723,1505.0
1205,-1.1971758252595683,-2.139965899522176,-1.9181563269921804,0.926383337171597,1.2130283228951695,-1.5698329057608824,1506.25
1206,-1.1971758436517337,-2.139965880991257,-1.9181563285065761,0.9263833200000555,1.2130283411487803,-1.6235530304705545,1507.5
1207,-1.1971758586201977,-2.1399658659098684,-1.9181563297390671,0.926383306024996,1.2130283560044817,-1.6672731551801816,1508.75
1208,-1.197175870164961,-2.139965854278011,-1.9181563306896512,0.926383295246417,1.2130283674622748,-1.7009932798898348,1510.0
1209,-1.1971758782860233,-2.1399658460956834,-1.918156331358331,0.9263832876643207,1.2130283755221585,-1.7247134045994845,1511.25
1210,-1.1971758829833843,-2.1399658413628857,-1.9181563317451067,0.9263832832787068,1.2130283801841326,-1.7384335293091455,1512.5
1211,-1.1968792532990096,-2.139386381321976,-1.9193488505825964,0.9269964466331331,1.2127327335438758,-1.742788231850496,1513.75
1212,-1.1965562096530815,-2.138755331443247,-1.9206475466747708,0.9276642067403393,1.2124107604923708,-1.7383593510839037,1515.0
1213,-1.1964401845278407,-2.138528694556618,-1.9211139721500365,0.927904036269398,1.2122951199021714,-1.724447474866748,1516.25
1214,-1.1962407593468278,-2.138139148740171,-1.9219156690638803,0.9283162577356152,1.2120963556639506,-1.7005355986495987,1517.5
1215,-1.1959579341100424,-2.1375866939939066,-1.9230526374163033,0.9289008711389911,1.2118144677777076,-1.6666237224324418,1518.75
1216,-1.1955895542543802,-2.1368723295681082,-1.9245228938381076,0.9296568973959858,1.2114472924521233,-1.6227117963166358,1520.0
1217,-1.1951346322167051,-2.135996513814198,-1.9263255285472538,0.9305838873842681,1.2109938378931704,-1.5687998141040915,1521.25
1218,-1.1945953278174457,-2.1349582451661497,-1.9284625295021174,0.9316828224486255,1.2104562731716255,-1.5048878318914847,1522.5
1219,-1.1939685907146087,-2.133758886268339,-1.9309311956577901,0.9329523704874365,1.2098315370827843,-1.4309757706267177,1523.75
1220,-1.1932549138572603,-2.132398217188503,-1.933731962948707,0.9343927464851384,1.2091201243303842,-1.3470636569333612,1525.0
1221,-1.1924524424971883,-2.130877032880029,-1.936863258310591,0.9360031770786954,1.2083201725261752,-1.2531514553751344,1526.25
1222,-1.1915616479734306,-2.129195127273713,-1.9403254898599025,0.9377838632267186,1.207432154817235,-1.149239189466553,1527.5
1223,-1.19057793738278,-2.1273544416781984,-1.9441148179702938,0.9397329171597094,1.2064514610116037,-1.0353267601433116,1528.75
1224,-1.189502999930365,-2.125354213368279,-1.9482327550649805,0.9418510847696573,1.2053797869998353,-0.9114142215724512,1530.0
1225,-1.1883347328129015,-2.1231952999269286,-1.9526776074559642,0.9441375348839685,1.2042150223078867,-0.7775015400290801,1531.25
1226,-1.1870709839506368,-2.120878540823984,-1.957447720368516,0.9465914573366994,1.2029550072682973,-0.6335886850064021,1532.5
1227,-1.185708749404231,-2.118405071506092,-1.962540858705775,0.9492117597409593,1.2015967276016313,-0.4796756150096348,1533.75
1228,-1.1842622110033902,-2.115802403765581,-1.967900401280145,0.9519693279361859,1.2001543191818476,-0.31745934548124904,1535.0
1229,-1.1828631887713568,-2.1133088472363073,-1.9730356280031973,0.9546116895697424,1.1987592227202506,-0.16178481616948154,1536.25
1230,-1.1815443488335267,-2.110979103882271,-1.9778338308890726,0.9570808196437817,1.1974440232170993,-0.01611010254573258,1537.5
1231,-1.180307802325432,-2.10881232075738,-1.98229669379775,0.9593775441109142,1.1962108394577509,0.11956476026141004,1538.75
1232,-1.1791557127637953,-2.1068076623042886,-1.9864258630756328,0.961502668573466,1.1950618425294155,0.24523973981415353,1540.0
1233,-1.1780894833970308,-2.104964594856023,-1.9902223895218272,0.9634567067768577,1.1939984405325803,0.3609148191336367,1541.25
1234,-1.177108205193053,-2.1032833857548123,-1.9936857535920254,0.9652394089403805,1.1930197218430294,0.46659001296469593,1542.5
1235,-1.1762173059301428,-2.1017621223461873,-1.99681970806485,0.9668526016582681,1.1921311319436467,0.5622652441782366,1543.75
1236,-1.175414487475114,-2.1004015840576606,-1.9996227265075484,0.9682955437455585,1.191330365419265,0.6479405521328696,1545.0
1237,-1.1747041302610377,-2.099200263169091,-2.0020977638008994,0.9695696713357544,1.190621816737923,0.7236158767863642,1546.25
1238,-1.1740836028241173,-2.098159039277352,-2.0042430986016613,0.9706741493884261,1.1900028461893881,0.7892912598694677,1547.5
1239,-1.1735575594096408,-2.0972763563552825,-2.006061776030961,0.9716104551365254,1.1894781226051614,0.8449666429525367,1548.75
1240,-1.1731248195967352,-2.0965526001281707,-2.007553042115281,0.9723782233689833,1.189046461928383,0.8906420411150143,1550.0
1241,-1.1727849294354176,-2.0959879188038353,-2.0087166071656415,0.9729773137725003,1.1887074088111513,0.9263174669704547,1551.25
1242,-1.1725403121834395,-2.0955815204742487,-2.0095540191225325,0.9734084761445643,1.1884633939756222,0.9519928928259214,1552.5
1243,-1.1723909678408007,-2.095333405139412,-2.0100652779859542,0.9736717104851745,1.1883144174217959,0.9676683186813859,1553.75
1244,-1.1721518123126844,-2.0949369783860763,-2.0108821782311774,0.9740923300732182,1.1880758492844756,0.9736602600653426,1555.0
1245,-1.1716648670444665,-2.094130520921044,-2.0125440398391015,0.974948032213494,1.1875900987616945,0.9707836500961882,1556.25
1246,-1.1716645837816242,-2.0941306180656687,-2.0125438620636498,0.9749479521802583,1.1875898152002213,0.9587267084293785,1557.5
1247,-1.1716640655812247,-2.0941307957818243,-2.0125435368416436,0.9749478057676391,1.1875892964535075,0.9366697667625729,1558.75
1248,-1.171663312443268,-2.0941310540695106,-2.012543064173082,0.974947592975636,1.1875885425215524,0.904612825095743,1560.0
1249,-1.1716623241593962,-2.0941313930163177,-2.012542443951841,0.9749473140520806,1.1875875516148782,0.8625559105142412,1561.25
1250,-1.1716611008633024,-2.094131812566031,-2.0125416762459962,0.9749469688377164,1.1875863248829166,0.8104989988448221,1562.5
1251,-1.1716598696566545,-2.0941322396790474,-2.012540904100927,0.9749466267724398,1.18758509018839,0.7484420899652569,1563.75
1252,-1.1716598704082577,-2.0941322756042,-2.0125409084907213,0.9749466671302285,1.1875850907198537,0.6763851970956803,1565.0
1253,-1.171659871265328,-2.0941323165230066,-2.0125409134827894,0.9749467131229154,1.1875850913348038,0.5943283058472965,1566.25
1254,-1.1716598722306357,-2.0941323624545536,-2.012540919060552,0.9749467648319181,1.1875850920564885,0.5022714195952416,1567.5
1255,-1.1716598833353729,-2.09413241066299,-2.0125409270293826,0.9749468209127916,1.1875851033538867,0.40021454144779856,1568.75
1256,-1.171659900066019,-2.0941324623682522,-2.012540936586522,0.974946881924724,1.1875851205074366,0.2881576697500798,1570.0
1257,-1.1716599209076766,-2.094132517145677,-2.0125409473497964,0.974946947162513,1.1875851418011523,0.1661008049222583,1571.25
1258,-1.1716599572424764,-2.094132568291754,-2.0125409608529563,0.9749470113346423,1.1875851785592273,0.03404394853073069,1572.5
1259,-1.1716599972932946,-2.0941326223288264,-2.0125409754590224,0.9749470794566422,1.1875852190583875,-0.10801290425289087,1573.75
1260,-1.171660054878279,-2.0941326651895187,-2.012540992318893,0.9749471385025641,1.1875852770186535,-0.2600697557385123,1575.0
1261,-1.1716601190051217,-2.0941327060161257,-2.0125410102735577,0.974947196547134,1.1875853415103177,-0.4221217657174167,1576.25
1262,-1.1716601919896674,-2.0941327308413724,-2.0125410281359932,0.9749472384420377,1.1875854147436655,-0.5837388811713649,1577.5
1263,-1.1716602628342219,-2.0941327449199685,-2.012541044283824,0.9749472679200621,1.1875854857526718,-0.7353559966254113,1578.75
1264,-1.1716603319272627,-2.0941327467459034,-2.0125410586174164,0.9749472833747992,1.1875855549145373,-0.8769731120794542,1580.0
1265,-1.17166039597002,-2.0941327409168573,-2.0125410710092817,0.9749472893002074,1.1875856189632399,-1.0085902275335656,1581.25
1266,-1.1716604549126577,-2.0941327252449153,-2.0125410811891813,0.9749472832432545,1.1875856778320748,-1.1302073429877528,1582.5
1267,-1.1716605089778886,-2.0941327107663175,-2.012541090514404,0.9749472775719332,1.1875857318288143,-1.2418244584419518,1583.75
1268,-1.1716605539093559,-2.094132684327614,-2.012541096551885,0.9749472567706507,1.1875857765925597,-1.3434415738961865,1585.0
1269,-1.171660594419181,-2.094132660490708,-2.0125411019952217,0.9749472380163919,1.1875858169511677,-1.4350586893504245,1586.25
1270,-1.1716606305073627,-2.0941326392555992,-2.0125411068444157,0.9749472213091577,1.187585852904638,-1.5166758048046824,1587.5
1271,-1.1716606573501722,-2.094132613832252,-2.0125411093068486,0.9749471981295483,1.1875858795731937,-1.5882929202589722,1588.75
1272,-1.1716606797695355,-2.0941325910081625,-2.0125411111744724,0.9749471769937815,1.1875859018347876,-1.6499100357132246,1590.0
1273,-1.1716606985504032,-2.0941325718882546,-2.0125411127389925,0.9749471592881911,1.187585920483491,-1.7015271511674435,1591.25
1274,-1.1716607136927748,-2.0941325564725273,-2.0125411140004097,0.974947145012778,1.1875859355193032,-1.7431442666216481,1592.5
1275,-1.1716607251966504,-2.0941325447609795,-2.0125411149587267,0.9749471341675433,1.1875859469422239,-1.7747613820758645,1593.75
1276,-1.1716607330620297,-2.0941325367536114,-2.012541115613943,0.9749471267524871,1.1875859547522531,-1.7963784975300785,1595.0
1277,-1.1717317555830844,-2.0942564386754925,-2.0122977684756544,0.9748276315363947,1.1876568447960514,-1.8082123866278004,1596.25
1278,-1.1731787853543711,-2.0967810842425556,-2.0073394531632087,0.9723929436918223,1.1891011758810228,-1.812274925764318,1597.5
1279,-1.1743718263041196,-2.098862601829454,-2.003251431099631,0.9703855968571035,1.1902919906403842,-1.806647646431214,1598.75
1280,-1.1743737824975577,-2.0988660271976753,-2.003244711217138,0.9703822938503581,1.1902939403205042,-1.7932085290695816,1600.0
1281,-1.174373773365272,-2.098866032841245,-2.0032447130651043,0.9703822889405249,1.1902939262097023,-1.7697760117260666,1601.25
1282,-1.1743737603357156,-2.09886604089325,-2.0032447157017037,0.9703822819353842,1.190293906077012,-1.7363434943824927,1602.5
1283,-1.174373743408889,-2.0988660513536903,-2.0032447191269354,0.9703822728349358,1.1902938799224325,-1.6929109770389026,1603.75
1284,-1.1743737230202276,-2.0988660638551417,-2.003244723716797,0.9703822602986204,1.1902938514072836,-1.6394784720561808,1605.0
1285,-1.1743736992178915,-2.0988660783569655,-2.0032447295128755,0.9703822441781642,1.190293820936525,-1.5760459775490991,1606.25
1286,-1.1743736701762206,-2.0988660958208443,-2.003244732635458,0.9703822364005203,1.1902937872019916,-1.502613488260215,1607.5
1287,-1.1743736337254822,-2.098866117233001,-2.0032447278501,0.9703822528477185,1.1902937524506507,-1.4191810102398077,1608.75
1288,-1.1743735929140748,-2.098866141272885,-2.003244722437546,0.9703822715277532,1.1902937136034768,-1.3257485400134028,1610.0
1289,-1.1743735468957508,-2.098866165490211,-2.0032447159350797,0.9703822895308712,1.1902936694113457,-1.2223160768100223,1611.25
1290,-1.1743734922639166,-2.0988661800321515,-2.0032447064631866,0.9703822952113661,1.1902936148624592,-1.1088836232449395,1612.5
1291,-1.1743734328135544,-2.098866195856897,-2.00324469615528,0.9703823013949731,1.1902935554853737,-0.9854511785991618,1613.75
1292,-1.1743733682146877,-2.0988661983798313,-2.00324468322508,0.9703822916624802,1.1902934908507823,-0.8520187397227647,1615.0
1293,-1.1743732986714046,-2.0988661965605986,-2.0032446687707295,0.9703822760992473,1.190293421233909,-0.7085863024799858,1616.25
1294,-1.1743732284205126,-2.098866178583132,-2.003244652244868,0.9703822423473673,1.190293350786253,-0.5551538702516443,1617.5
1295,-1.1743731550764138,-2.098866153683289,-2.0032446342603127,0.9703822002604604,1.1902932771902515,-0.39172144426183503,1618.75
1296,-1.1743730927122917,-2.098866108674996,-2.0032446161260253,0.9703821378459733,1.1902932144270506,-0.2274324078979551,1620.0
1297,-1.174373037275176,-2.098866062836928,-2.0032445993109484,0.9703820758522486,1.1902931585899743,-0.07312419644773815,1621.25
1298,-1.1743729978180626,-2.0988660073713103,-2.0032445846195146,0.9703820062123084,1.1902931186710513,0.07118401500254373,1622.5
1299,-1.1743729634246034,-2.098865954379723,-2.0032445712597386,0.9703819403214081,1.1902930838390302,0.20549222645290774,1623.75
1300,-1.174372944983306,-2.0988658974605316,-2.0032445606975386,0.9703818731465352,1.1902930649415024,0.3298004379033526,1625.0
1301,-1.1743729280255235,-2.098865845120223,-2.003244550985008,0.9703818113755549,1.1902930475641909,0.4441086493539126,1626.25
1302,-1.1743729229631448,-2.098865794591425,-2.0032445439238145,0.9703817539427125,1.1902930421058735,0.5484168608045797,1627.5
1303,-1.174372921901075,-2.0988657479725683,-2.0032445381478006,0.9703817016561475,1.1902930406813979,0.642725072255341,1628.75
1304,-1.1743729209516223,-2.0988657062969587,-2.0032445329842434,0.9703816549138022,1.190293039407967,0.7270332837061638,1630.0
1305,-1.1743729260867015,-2.0988656697208343,-2.003244529674406,0.9703816150521438,1.1902930442634974,0.8013414951571196,1631.25
1306,-1.1743729342371483,-2.0988656381638977,-2.0032445275803648,0.9703815813843188,1.1902930521757407,0.8656497066082791,1632.5
1307,-1.1743729411201915,-2.0988656115141016,-2.003244525811948,0.9703815529518781,1.1902930588576213,0.9199579180596157,1633.75
1308,-1.174372946735831,-2.098865589771446,-2.0032445243691543,0.9703815297548215,1.190293064309139,0.9642661295109834,1635.0
1309,-1.1743729510840668,-2.098865572935929,-2.003244523251988,0.9703815117931504,1.1902930685302942,0.9985743409623917,1636.25
1310,-1.1743729541648988,-2.0988655610075515,-2.003244522460448,0.9703814990668646,1.1902930715210862,1.0228825524137122,1637.5
1311,-1.1743729559783271,-2.0988655539863132,-2.0032445219945343,0.9703814915759644,1.1902930732815156,1.0371907638650442,1638.75
1312,-1.1754001951700166,-2.100686874109571,-1.9996651239605472,0.9686227228405379,1.1913183252803787,1.0434898365208436,1640.0
1313,-1.1769098611912108,-2.103363557245368,-1.9944047128117761,0.9660379776527478,1.19282507066722,1.0402850704177538,1641.25
1314,-1.17704797023083,-2.1036084350778954,-1.9939234703029816,0.9658015137314411,1.1929629118106704,1.029157422937439,1642.5
1315,-1.1770479674480407,-2.1036084423076002,-1.9939234735021676,0.9658015123077561,1.192962907678823,1.0084393919775287,1643.75
1316,-1.177047963322079,-2.1036084530268764,-1.993923478245509,0.9658015101968994,1.1929629015526517,0.9777213610175575,1645.0
1317,-1.1770479578529442,-2.1036084672357243,-1.9939234845330063,0.9658015073988706,1.192962893432156,0.9370033300575253,1646.25
1318,-1.177047950820052,-2.103608485026226,-1.9939234922574338,0.9658015041977115,1.1929628814520066,0.8862853034344065,1647.5
1319,-1.177047941743923,-2.10360850659854,-1.9939235011857213,0.9658015012108334,1.1929628615575987,0.8255672886195193,1648.75
1320,-1.1770479316764717,-2.1036085321594054,-1.9939235113053821,0.965801499657237,1.1929628394095546,0.7548492745458523,1650.0
1321,-1.1770479323746257,-2.1036085718826336,-1.9939235160995488,0.9658015444932921,1.1929628388938018,0.674131276256317,1651.25
1322,-1.1770479331642556,-2.103608616560045,-1.9939235214587363,0.9658015950249103,1.1929628383564501,0.583413282286371,1652.5
1323,-1.1770479340511673,-2.1036086662300315,-1.9939235273492464,0.9658016514162852,1.1929628378467854,0.48269529669064887,1653.75
1324,-1.1770479489544379,-2.103608716961698,-1.9939235364335581,0.9658017111428491,1.1929628530019962,0.3719773217108936,1655.0
1325,-1.1770479667565819,-2.103608771843049,-1.9939235466303087,0.9658017760067827,1.1929628712887987,0.25125935409120764,1656.25
1326,-1.177047994270922,-2.1036088264189283,-1.9939235587929858,0.965801842392814,1.1929628992788048,0.12054139314290742,1657.5
1327,-1.1770480325073152,-2.1036088800947574,-1.9939235730584017,0.965801909831099,1.1929629379689919,-0.02017656452190923,1658.75
1328,-1.1770480808382469,-2.1036089300896315,-1.9939235889543627,0.9658019751244364,1.1929629867316327,-0.1708945189231929,1660.0
1329,-1.1770481409475448,-2.1036089746929227,-1.9939236066215429,0.9658020366899513,1.1929630472383992,-0.33161246676505696,1661.25
1330,-1.177048211197686,-2.103609006451884,-1.9939236248328578,0.9658020858787012,1.1929631177938536,-0.49764249630898594,1662.5
1331,-1.1770482812288516,-2.1036090301815102,-1.99392364203882,0.96580212605169,1.1929631880674005,-0.6546667704439446,1663.75
1332,-1.1770483515228156,-2.1036090341366602,-1.993923656933431,0.9658021441771868,1.1929632584493284,-0.8016910445790442,1665.0
1333,-1.1770484175469083,-2.1036090358457753,-1.9939236706833703,0.9658021589601332,1.192963324540357,-0.9387153187141956,1666.25
1334,-1.1770484784018624,-2.1036090220436185,-1.9939236815174737,0.9658021554008009,1.1929633853367567,-1.0657395928494162,1667.5
1335,-1.1770485344165857,-2.1036090071598736,-1.993923691229177,0.9658021496890307,1.1929634412805403,-1.1827638669847773,1668.75
1336,-1.1770485836044882,-2.1036089872585912,-1.9939236989401294,0.9658021370389225,1.1929634903527266,-1.2897881411202068,1670.0
1337,-1.1770486259747373,-2.1036089623680336,-1.993923704655595,0.9658021174838507,1.1929635325627121,-1.3868124152557721,1671.25
1338,-1.1770486639780142,-2.103608940042874,-1.9939237097819777,0.9658020999442579,1.1929635704222434,-1.4738366893914083,1672.5
1339,-1.177048695750861,-2.1036089176671764,-1.993923713624082,0.9658020811334205,1.1929636020458945,-1.5508609635271102,1673.75
1340,-1.177048719836505,-2.103608893195914,-1.993923715638427,0.9658020584819111,1.1929636259597187,-1.6178852376630108,1675.0
1341,-1.1770487403285788,-2.103608872375756,-1.9939237173522322,0.9658020392099995,1.1929636463056086,-1.6749095117991133,1676.25
1342,-1.1770487572270827,-2.103608855206704,-1.9939237187654941,0.9658020233176836,1.192963663083564,-1.7219337859353212,1677.5
1343,-1.1770487705320163,-2.103608841688756,-1.9939237198782171,0.9658020108049661,1.1929636762935847,-1.7589580600715267,1678.75
1344,-1.1770487802433796,-2.103608831821912,-1.9939237206904017,0.9658020016718469,1.19296368593567,-1.7859823342076868,1680.0
1345,-1.1770487863611725,-2.1036088256061722,-1.993923721202047,0.965801995918326,1.1929636920098206,-1.8030066083438163,1681.25
1346,-1.177634563833546,-2.1046642381619676,-1.9918481821274734,0.9647814934036021,1.1935482945165858,-1.8113602503193091,1682.5
1347,-1.179240644385005,-2.1075579844302004,-1.9861574532554755,0.9619834791672046,1.1951511532716197,-1.8108864765202812,1683.75
1348,-1.1796866542501379,-2.1083615884496427,-1.9845771217618655,0.9612064606915406,1.1955962665829998,-1.8018233805944193,1685.0
1349,-1.1796866473248764,-2.1083615927271633,-1.9845771231709817,0.9612064569932512,1.1955962558078088,-1.7838432243516678,1686.25
1350,-1.1796866365480017,-2.1083615993837075,-1.9845771253638045,0.9612064512380893,1.1955962390397943,-1.7558630681089,1687.5
1351,-1.1796866219195135,-2.108361608419275,-1.9845771283403335,0.961206443426055,1.195596216278956,-1.717882911866059,1688.75
1352,-1.1796866034394113,-2.1083616198338655,-1.984577132100569,0.9612064335571479,1.1955961875252938,-1.6699027556232444,1690.0
1353,-1.1796865819238445,-2.108361632921771,-1.984577137371153,0.9612064190434952,1.1955961597160338,-1.611922622502346,1691.25
1354,-1.1796865567024262,-2.1083616482626613,-1.9845771435552224,0.9612064020107757,1.1955961271529352,-1.543942489462836,1692.5
1355,-1.1796865240883263,-2.1083616675261356,-1.9845771416560913,0.9612064095158808,1.1955960939147472,-1.4659623690964318,1693.75
1356,-1.1796864861221152,-2.1083616897957085,-1.984577136649266,0.961206426606563,1.1955960577295337,-1.3779822533380088,1695.0
1357,-1.1796864438535515,-2.1083617146910605,-1.984577130989725,0.9612064460439985,1.1955960175421296,-1.280002149517229,1696.25
1358,-1.1796863942067648,-2.1083617333043074,-1.9845771230201414,0.9612064571369706,1.1955959687703088,-1.1720220531060872,1697.5
1359,-1.1796863380835174,-2.1083617482347905,-1.9845771132504462,0.9612064629288758,1.1955959127271063,-1.0540419646035017,1698.75
1360,-1.179686277108288,-2.1083617603307743,-1.984577102146313,0.9612064645939447,1.195595851794291,-0.9260618837306849,1700.0
1361,-1.1796862110330835,-2.108361758638787,-1.984577088357823,0.9612064497915777,1.195595785647989,-0.7880818078765204,1701.25
1362,-1.179686141234689,-2.1083617527087015,-1.9845770732954093,0.9612064295233033,1.1955957157425234,-0.6401017335687977,1702.5
1363,-1.1796860712120707,-2.108361729027293,-1.9845770560567069,0.9612063893665823,1.195595645475736,-0.48212166611211027,1703.75
1364,-1.17968600241179,-2.108361695495111,-1.9845770378872427,0.9612063384361753,1.1955955763546315,-0.3158314560560991,1705.0
1365,-1.1796859430305204,-2.10836165149845,-1.984577020398652,0.9612062776476338,1.1955955165777414,-0.1560729579043171,1706.25
1366,-1.179685896768,-2.1083616007126778,-1.9845770047926818,0.961206211832643,1.1955954698768398,-0.006314459752453417,1707.5
1367,-1.17968585902785,-2.1083615478032303,-1.9845769906841222,0.9612061453087556,1.1955954316885602,0.13344403839955657,1708.75
1368,-1.1796858334264508,-2.1083614931393164,-1.9845769788608312,0.9612060791953603,1.1955954056351596,0.2632025365516057,1710.0
1369,-1.1796858158811494,-2.1083614391174206,-1.9845769687709591,0.9612060153738402,1.1955953876495302,0.3829610347037342,1711.25
1370,-1.179685802552381,-2.108361388875534,-1.9845769600016163,0.9612059566020374,1.1955953739136973,0.4927195328559879,1712.5
1371,-1.1796858014446636,-2.108361340287348,-1.984576953943438,0.9612059020669381,1.195595372421985,0.5924780310083154,1713.75
1372,-1.1796858004479862,-2.108361296569747,-1.9845769484925382,0.9612058529985488,1.195595371079805,0.6822365291607871,1715.0
1373,-1.1796858001070538,-2.1083612577366777,-1.9845769437625906,0.9612058095189017,1.1955953704324198,0.7619950273133124,1716.25
1374,-1.1796858088406288,-2.1083612240037573,-1.9845769415104222,0.9612057735140522,1.1955953789072016,0.8317535254660167,1717.5
1375,-1.179685816322231,-2.108361195106509,-1.9845769395811055,0.9612057426705595,1.195595386167109,0.891512023618889,1718.75
1376,-1.1796858225518605,-2.108361171044934,-1.984576937974638,0.961205716988422,1.1955953922121418,0.941270521771877,1720.0
1377,-1.179685827529517,-2.108361151819031,-1.9845769366910229,0.9612056964676413,1.1955953970423003,0.9810290199249434,1721.25
1378,-1.1796858312552003,-2.1083611374288,-1.9845769357302605,0.9612056811082178,1.1955954006575844,1.0107875180779504,1722.5
1379,-1.1796858337289111,-2.108361127874239,-1.9845769350923514,0.9612056709101514,1.1955954030579936,1.0305460162309126,1723.75
1380,-1.1799093820951696,-2.1087704051653464,-1.9837715400821254,0.9608094164646526,1.1958184866400086,1.0409447248356176,1725.0
1381,-1.18143451368039,-2.1115626986980267,-1.978276801689159,0.9581060386112138,1.197340447501567,1.0432071446425732,1726.25
1382,-1.1822872103419722,-2.1131238669910206,-1.9752047064986835,0.956594586238726,1.1981913709599081,1.0361978681619806,1727.5
1383,-1.182287208315542,-2.113123872229059,-1.9752047088363043,0.956594585205407,1.1981913678934077,1.0209745457279997,1728.75
1384,-1.1822872049579767,-2.113123880907896,-1.975204712709478,0.9565945834933147,1.198191362812564,0.9957512232940148,1730.0
1385,-1.182287200269276,-2.113123893027531,-1.9752047181182038,0.9565945811024488,1.1981913557173764,0.9605279008599547,1731.25
1386,-1.18228719424944,-2.1131239085879647,-1.975204725062482,0.9565945780328095,1.1981913466078453,0.9153045784259046,1732.5
1387,-1.1822871862950612,-2.113123927851234,-1.9752047332374993,0.9565945751046862,1.1981913303257896,0.8600812679028341,1733.75
1388,-1.182287176645554,-2.113123950713371,-1.9752047427641968,0.9565945719926113,1.198191308917826,0.7948579620232303,1735.0
1389,-1.1822871715149468,-2.113123982234136,-1.97520475040954,0.9565945912333467,1.198191296567206,0.719634664309649,1736.25
1390,-1.1822871722436352,-2.1131240235651165,-1.975204755426728,0.9565946379284853,1.1981912960313423,0.6344113749054175,1737.5
1391,-1.1822871730697542,-2.113124069823159,-1.9752047609640033,0.9565946904341877,1.1981912955350316,0.5391880955867113,1738.75
1392,-1.1822871792437386,-2.113124119499205,-1.9752047680539646,0.9565947476907717,1.1981913009481202,0.4339648231108483,1740.0
1393,-1.1822871960241463,-2.113124171110982,-1.975204777705258,0.9565948087571503,1.1981913181832646,0.3187415590753064,1741.25
1394,-1.18228721426296,-2.1131242272001005,-1.975204788196149,0.9565948751161361,1.1981913369318844,0.19351830391111036,1742.5
1395,-1.1822872497249426,-2.1131242784969384,-1.975204801678482,0.9565949394305044,1.1981913728365854,0.05829505481763027,1743.75
1396,-1.1822872886996256,-2.113124333063606,-1.9752048162795912,0.9565950080856753,1.1981914122802813,-0.08692819373808089,1745.0
1397,-1.1822873448374203,-2.1131243767048487,-1.9752048331016128,0.9565950678852138,1.1981914688117465,-0.24215143609408932,1746.25
1398,-1.1822874074228087,-2.1131244189737597,-1.9752048510869817,0.9565951274128331,1.198191531784992,-0.4071915733654572,1747.5
1399,-1.182287479014101,-2.1131244431393497,-1.97520486874873,0.9565951684584112,1.1981916036278106,-0.5697085275013954,1748.75
1400,-1.1822875480487043,-2.1131244586866966,-1.975204884846098,0.9565951993651074,1.198191672843314,-0.722225481637417,1750.0
1401,-1.1822876158774227,-2.1131244604044555,-1.9752048990300697,0.9565952145693719,1.1981917407420042,-0.8647424357735354,1751.25
1402,-1.182287678816143,-2.1131244562735345,-1.9752049115022685,0.9565952222751468,1.198191803700146,-0.997259389909765,1752.5
1403,-1.1822877367415914,-2.113124440889539,-1.9752049215866812,0.9565952164143123,1.1981918615514044,-1.1197763440460948,1753.75
1404,-1.1822877899390885,-2.11312442676121,-1.9752049308479835,0.9565952110318441,1.1981919146807674,-1.232293298182507,1755.0
1405,-1.182287834530709,-2.113124401962846,-1.9752049370513796,0.9565951920312532,1.1981919591122927,-1.3348102523190162,1756.25
1406,-1.182287874438185,-2.1131243785548692,-1.9752049424569158,0.9565951736682767,1.1981919988668368,-1.4273272064556073,1757.5
1407,-1.182287910032131,-2.1131243576770213,-1.9752049472781728,0.9565951572901213,1.198192034324381,-1.5098441605923232,1758.75
1408,-1.1822879370711026,-2.1131243333909717,-1.9752049499262436,0.9565951354250563,1.198192061192757,-1.5823611147291368,1760.0
1409,-1.1822879592624336,-2.113124310887258,-1.9752049517899537,0.9565951146039269,1.1981920832236352,-1.6448780688661595,1761.25
1410,-1.1822879779041149,-2.1131242919831634,-1.975204953355549,0.9565950971132737,1.1981921017305295,-1.6973950230033223,1762.5
1411,-1.1822879929961465,-2.113124276678687,-1.9752049546230306,0.9565950829530974,1.198192116713439,-1.7399119771405673,1763.75
1412,-1.1822880045385278,-2.1131242649738273,-1.9752049555923998,0.9565950721233986,1.1981921281723642,-1.7724289312777954,1765.0
1413,-1.1822880125312587,-2.1131242568685855,-1.9752049562636573,0.9565950646241774,1.1981921361073045,-1.7949458854149498,1766.25
1414,-1.1823110265680923,-2.1131670588425404,-1.9751206679634732,0.9565535648760096,1.1982151005487676,-1.807541040634285,1767.5
1415,-1.1835679383789066,-2.115505385859187,-1.970516353322082,0.9542868460496705,1.199469304938698,-1.8124538340496283,1768.75
1416,-1.18482900233207,-2.1178514470093246,-1.9658968156407013,0.9520126334132392,1.2007276514839813,-1.8076146347944588,1770.0
1417,-1.184853739186592,-2.1178974787459035,-1.9658061830629836,0.9519680117290026,1.200752332340873,-1.7950860816639453,1771.25
1418,-1.1848537306423086,-2.117897484021116,-1.9658061848110226,0.9519680071979133,1.200752318953302,-1.7726423679177246,1772.5
1419,-1.1848537182910421,-2.1178974916467483,-1.9658061873379162,0.9519680006479561,1.2007522996007776,-1.740198654171445,1773.75
1420,-1.1848537021327925,-2.1178975016227986,-1.9658061906436644,0.9519679920791309,1.2007522742832992,-1.697754940425149,1775.0
1421,-1.184853682504242,-2.1178975136508664,-1.9658061950374424,0.9519679803919703,1.200752245893512,-1.6453112369545173,1776.25
1422,-1.1848536595950552,-2.117897527562851,-1.965806200693421,0.9519679649671007,1.200752216060954,-1.5828675463945303,1777.5
1423,-1.1848536320395215,-2.117897544143173,-1.96580620483839,0.951967954274128,1.2007521826254348,-1.5104238594024297,1778.75
1424,-1.1848535968927065,-2.1178975647185765,-1.965806200191793,0.9519679700093784,1.200752149125293,-1.42798018519417,1780.0
1425,-1.1848535574896903,-2.117897587839127,-1.9658061949373797,0.9519679878649998,1.200752111621608,-1.3355365175822926,1781.25
1426,-1.1848535134736276,-2.1178976124827917,-1.9658061888668381,0.9519680066612759,1.2007520695971565,-1.2330928571461768,1782.5
1427,-1.1848534606368541,-2.117897626533181,-1.9658061796303203,0.9519680120712851,1.2007520168433365,-1.1206492074992829,1783.75
1428,-1.1848534030991824,-2.117897641833874,-1.9658061695714575,0.9519680179646762,1.2007519593811955,-0.9982055658395688,1785.0
1429,-1.1848533405815478,-2.117897646084303,-1.965806157164319,0.9519680104729358,1.200751896842135,-0.865761930327078,1786.25
1430,-1.1848532732009356,-2.1178976443973205,-1.9658061430438023,0.951967995359546,1.2007518293877943,-0.7233182971170848,1787.5
1431,-1.1848532045825397,-2.117897629134652,-1.9658061270279177,0.9519679648152082,1.2007517605881084,-0.5708746683003157,1788.75
1432,-1.1848531334606294,-2.117897605173402,-1.9658061094442598,0.9519679240479378,1.2007516892144814,-0.4084310458103024,1790.0
1433,-1.1848530711545064,-2.117897563362364,-1.9658060915254145,0.9519678650415525,1.200751626520986,-0.24334113999606743,1791.25
1434,-1.1848530152255772,-2.1178975201432344,-1.9658060747536246,0.9519678057116127,1.2007515701987512,-0.08804828008461761,1792.5
1435,-1.1848529764715292,-2.1178974659554206,-1.9658060602043048,0.9519677374815372,1.2007515309779262,0.057244579826922354,1793.75
1436,-1.1848529410936424,-2.1178974150816896,-1.9658060467525784,0.9519676736218126,1.200751495162655,0.1925374397385584,1795.0
1437,-1.1848529229635119,-2.1178973593914856,-1.9658060362814678,0.9519676077591138,1.2007514765710265,0.3178302996503207,1796.25
1438,-1.184852906280402,-2.1178973081460897,-1.9658060266460793,0.9519675471531117,1.2007514594632522,0.43312315956214853,1797.5
1439,-1.1848528998836159,-2.117897258998385,-1.9658060193886056,0.9519674909129914,1.2007514526672507,0.5384160194740728,1798.75
1440,-1.184852898840109,-2.117897213258249,-1.965806013648383,0.951967439535901,1.200751451256332,0.633708879386105,1800.0
1441,-1.184852897906108,-2.1178971723180706,-1.9658060085105318,0.9519673935503034,1.2007514499934744,0.7190017392982123,1801.25
1442,-1.1848529019778928,-2.1178971363004484,-1.9658060050011494,0.9519673540544376,1.200751453780054,0.7942945992104807,1802.5
1443,-1.1848529100538445,-2.117897105180302,-1.9658060029103317,0.9519673208236402,1.2007514616134092,0.8595874591228962,1803.75
1444,-1.1848529168929147,-2.117897078826397,-1.9658060011397342,0.9519672926823417,1.2007514682470384,0.9148803190354775,1805.0
1445,-1.184852922495104,-2.117897057238733,-1.9658059996893558,0.9519672696305415,1.2007514736809415,0.9601731789481436,1806.25
1446,-1.1848529268604118,-2.1178970404173096,-1.9658059985591994,0.9519672516682409,1.2007514779151183,0.9954660388608214,1807.5
1447,-1.1848529299888386,-2.1178970283621252,-1.9658059977492655,0.9519672387954403,1.200751480949569,1.020758898773454,1808.75
1448,-1.1848529318803838,-2.1178970210731816,-1.965805997259554,0.9519672310121395,1.2007514827842936,1.0360517586860556,1810.0
1449,-1.1856639084369718,-2.119430015108853,-1.96278556779285,0.9504793477017901,1.2015606500243534,1.0431132071860862,1811.25
1450,-1.1871528377727354,-2.1222445579515736,-1.9572401410106415,0.9477476400398227,1.2030462573670027,1.0409349258595906,1812.5
1451,-1.1873836255951074,-2.1226808251157805,-1.9563805824108413,0.9473242153760034,1.203276529559452,1.030610491823798,1813.75
1452,-1.1873836230031396,-2.122680831782049,-1.9563805854115577,0.9473242140593192,1.2032765255622488,1.0109646092773439,1815.0
1453,-1.1873836190918285,-2.1226808418415324,-1.956380589939677,0.9473242120724267,1.203276519530419,0.9813187267308432,1816.25
1454,-1.187383613861173,-2.122680855294229,-1.9563805959951976,0.9473242094153254,1.2032765114639625,0.9416728441842813,1817.5
1455,-1.1873836071854218,-2.1226808721969332,-1.9563806035120914,0.9473242062682502,1.2032765002762937,0.892026964161187,1818.75
1456,-1.1873835984505452,-2.1226808928269563,-1.9563806121679437,0.9473242035112603,1.2032764806617782,0.83238109719162,1820.0
1457,-1.1873835882512125,-2.122680916915731,-1.9563806222750033,0.9473242002920441,1.2032764577587671,0.7627352302222342,1821.25
1458,-1.1873835881744532,-2.1226809543482705,-1.9563806273442912,0.94732424050619,1.2032764557036284,0.6830893786511177,1822.5
1459,-1.187383588935717,-2.122680997222595,-1.9563806325578197,0.9473242890608082,1.2032764551786777,0.5934435310843874,1823.75
1460,-1.1873835897937943,-2.122681044955207,-1.9563806382850548,0.9473243433564974,1.2032764546985075,0.4937976933323072,1825.0
1461,-1.1873836026579698,-2.1226810941626084,-1.9563806468456364,0.9473244011575896,1.203276467621392,0.38415186494158654,1826.25
1462,-1.1873836198700503,-2.122681146974066,-1.9563806567894204,0.9473244637087279,1.203276485314043,0.2645060441398805,1827.5
1463,-1.1873836448060058,-2.122681200508376,-1.9563806684275193,0.9473245285656913,1.2032765107352075,0.1348602304104437,1828.75
1464,-1.1873836818271521,-2.1226812522048664,-1.9563806823575098,0.947324593705861,1.2032765482083867,-0.004785579319417633,1830.0
1465,-1.1873837270411718,-2.1226813019936475,-1.956380697752396,0.9473246583231507,1.2032765938648247,-0.15443138643884877,1831.25
1466,-1.1873837852985476,-2.122681344965086,-1.956380715021065,0.9473247178781047,1.203276652518731,-0.3140771869007726,1832.5
1467,-1.1873838527226754,-2.1226813779522455,-1.9563807329775291,0.9473247680624736,1.203276720266567,-0.48038593234202775,1833.75
1468,-1.1873839215189106,-2.1226814010855275,-1.9563807500238695,0.9473248074885714,1.2032767893081213,-0.6384782853396842,1835.0
1469,-1.1873839900389866,-2.1226814070685247,-1.9563807649346343,0.9473248276660695,1.2032768579347433,-0.7865706383374388,1836.25
1470,-1.1873840549642893,-2.122681408674963,-1.956380778570781,0.9473248422381227,1.2032769229281841,-0.9246629913352906,1837.5
1471,-1.1873841148875521,-2.1226813970017337,-1.9563807895620227,0.947324840963673,1.2032769828080612,-1.0527553443332396,1838.75
1472,-1.1873841700440804,-2.122681382357815,-1.956380799206392,0.947324835426616,1.203277037893156,-1.1708476973313098,1840.0
1473,-1.1873842189894876,-2.1226813642275797,-1.956380807142374,0.9473248247656927,1.20327708673369,-1.2789400503294617,1841.25
1474,-1.1873842607893772,-2.1226813397442283,-1.9563808128291058,0.9473248055885984,1.2032771283713135,-1.3770324033277035,1842.5
1475,-1.1873842983279896,-2.122681317756829,-1.9563808179360984,0.9473247883665051,1.2032771657642019,-1.4651247563260137,1843.75
1476,-1.1873843303746145,-2.1226812965467907,-1.9563808220002947,0.9473247709338626,1.2032771976667167,-1.5432171093244493,1845.0
1477,-1.1873843542526052,-2.122681272376386,-1.956380824014585,0.9473247485808471,1.2032772213697442,-1.6113094623230662,1846.25
1478,-1.1873843746238895,-2.1226812517556324,-1.956380825733058,0.9473247295105817,1.2032772415917599,-1.6694018153218508,1847.5
1479,-1.1873843914884676,-2.12268123468453,-1.95638082715571,0.9473247137230637,1.203277258332765,-1.7174941683207492,1848.75
1480,-1.1873844048463391,-2.1226812211630777,-1.9563808282825454,0.9473247012182959,1.2032772715927582,-1.7555865213196704,1850.0
1481,-1.1873844146975037,-2.1226812111912756,-1.956380829113564,0.9473246919962781,1.2032772813717396,-1.7836788743185321,1851.25
1482,-1.1873844210419615,-2.1226812047691235,-1.956380829648766,0.9473246860570107,1.203277287669709,-1.801771227317377,1852.5
1483,-1.187792025419907,-2.1234640701643093,-1.9548374259900467,0.9465639345386091,1.203683950478886,-1.8109369179286583,1853.75
1484,-1.1893071135967552,-2.126374058759066,-1.9491004632489428,0.9437361673117439,1.2051955386394433,-1.8115738306694034,1855.0
1485,-1.1898808847311302,-2.1274760934664045,-1.946927836639791,0.9426652710769456,1.2057679825863699,-1.803361683317922,1856.25
1486,-1.1898808783989614,-2.127476097374247,-1.9469278379423356,0.9426652677428515,1.205767972594613,-1.7865358480939724,1857.5
1487,-1.1898808683034316,-2.1274761036046144,-1.9469278400190135,0.9426652624272244,1.205767956664514,-1.759710012870006,1858.75
1488,-1.1898808544445412,-2.1274761121575074,-1.946927842869825,0.9426652551300648,1.205767934796073,-1.7228841776459811,1860.0
1489,-1.18988083682229,-2.1274761230329253,-1.9469278464947701,0.9426652458513725,1.2057679069892897,-1.676058342421968,1861.25
1490,-1.1898808161186598,-2.127476135611162,-1.9469278515399897,0.9426652322976734,1.2057678791660922,-1.619232527281481,1862.5
1491,-1.189880791871951,-2.127476150311755,-1.9469278575680498,0.942665216021636,1.2057678473173656,-1.5524067148387526,1863.75
1492,-1.1898807609991016,-2.1274761685584274,-1.9469278569938582,0.9426652194681018,1.205767814563725,-1.4755809130766284,1865.0
1493,-1.189880724428042,-2.127476189934466,-1.9469278521402822,0.9426652357782994,1.2057677797100377,-1.3887551168984156,1866.25
1494,-1.1898806836582096,-2.1274762138648855,-1.9469278466441824,0.9426652543634828,1.2057677409577612,-1.291929332998867,1867.5
1495,-1.1898806362506322,-2.1274762333105874,-1.946927839186039,0.942665266736058,1.2057676946485953,-1.1851035557789205,1868.75
1496,-1.189880582016427,-2.1274762477291467,-1.9469278296623307,0.9426652722466883,1.20576764049653,-1.0682777866960675,1870.0
1497,-1.1898805230941576,-2.127476261455513,-1.9469278190817823,0.9426652760569054,1.2057675816337654,-0.9414520256647785,1871.25
1498,-1.189880459152442,-2.1274762598926467,-1.946927805621609,0.9426652616959779,1.2057675176209395,-0.804626270414866,1872.5
1499,-1.189880390966878,-2.127476256564668,-1.9469277910662341,0.9426652445212316,1.205767449346278,-0.6578005160419074,1873.75
1500,-1.189880323134385,-2.127476233799187,-1.9469277742204838,0.9426652056540201,1.2057673812701224,-0.500974768626341,1875.0
1501,-1.1898802548128655,-2.127476203668818,-1.946927756377666,0.9426651584445986,1.2057673126445667,-0.33502432702193674,1876.25
1502,-1.1898801964500332,-2.127476160682966,-1.946927739038379,0.9426650988063371,1.205767253881552,-0.17411568218011522,1877.5
1503,-1.1898801492281175,-2.127476112769356,-1.946927723412002,0.9426650358482604,1.2057672062289022,-0.02320703733822692,1878.75
1504,-1.1898801120991083,-2.127476060987904,-1.9469277094099222,0.9426649705503578,1.205767168646338,0.11770160750375754,1880.0
1505,-1.1898800850740334,-2.127476008509441,-1.946927697419996,0.9426649064648894,1.2057671411707145,0.24861025234583783,1881.25
1506,-1.1898800677914556,-2.1274759555455263,-1.9469276873929404,0.9426648437574345,1.2057671234420058,0.3695188971880019,1882.5
1507,-1.1898800530179205,-2.127475906675493,-1.9469276783844003,0.9426647861283765,1.2057671082578323,0.4804275420302907,1883.75
1508,-1.189880051927994,-2.1274758589328533,-1.9469276723527722,0.9426647324604025,1.2057671067782072,0.5813361868726422,1885.0
1509,-1.1898800509460783,-2.127475815921489,-1.946927666918871,0.9426646841108983,1.2057671054452126,0.6722448317150913,1886.25
1510,-1.189880050072174,-2.1274757776413993,-1.9469276620826996,0.9426646410798646,1.2057671042588485,0.7531534765576507,1887.5
1511,-1.189880058112439,-2.127475744307868,-1.9469276596980216,0.9426646053451944,1.2057671120345934,0.8240621214003504,1888.75
1512,-1.1898800655562023,-2.127475715688386,-1.9469276577627708,0.9426645747707598,1.20576711925171,0.8849707662432603,1890.0
1513,-1.1898800717778466,-2.1274756917676605,-1.946927656145247,0.9426645492160444,1.2057671252839188,0.9358794110862629,1891.25
1514,-1.1898800767773714,-2.127475672545691,-1.9469276548454533,0.9426645286810487,1.205767130131219,0.9767880559293383,1892.5
1515,-1.189880080554777,-2.1274756580224765,-1.9469276538633902,0.9426645131657734,1.2057671337936107,1.0076967007723825,1893.75
1516,-1.189880083110063,-2.127475648198017,-1.946927653199058,0.9426645026702185,1.2057671362710938,1.0286053456153672,1895.0
1517,-1.1899878579106096,-2.1276859583395646,-1.9465127754415894,0.9424598817703919,1.2058746533496603,1.0398716363259486,1896.25
1518,-1.1913510082420262,-2.1303460880900937,-1.941265284165343,0.9398718462752902,1.2072345444461547,1.0433196807231873,1897.5
1519,-1.1923428974486183,-2.132281722980129,-1.9374469713354883,0.9379886746005648,1.2082240616450541,1.037206535205247,1898.75
1520,-1.192342895619243,-2.1322817276615753,-1.9374469734613604,0.9379886736749102,1.2082240587702109,1.023218293090002,1900.0
1521,-1.1923428924820727,-2.1322817356897232,-1.937446977106989,0.9379886720875181,1.2082240538401825,0.9992300509747813,1901.25
1522,-1.1923428880371074,-2.1322817470645723,-1.9374469822723746,0.9379886698383886,1.2082240468549685,0.9652418088594854,1902.5
1523,-1.1923428822843471,-2.132281761786122,-1.9374469889575163,0.9379886669275215,1.2082240378145692,0.9212535667441855,1903.75
1524,-1.1923428747501401,-2.1322817800767764,-1.9374469969038493,0.9379886640697269,1.2082240225825425,0.8672653323828023,1905.0
1525,-1.1923428654731416,-2.132281801918384,-1.9374470061324751,0.9379886612066677,1.2082240014964714,0.8032771032700732,1906.25
1526,-1.1923428591213852,-2.1322818308803027,-1.9374470143404119,0.9379886743938325,1.2082239863435411,0.7292888802464923,1907.5
1527,-1.1923428598235044,-2.1322818704606865,-1.9374470192034456,0.9379887191997197,1.2082239858324435,0.6453006674716016,1908.75
1528,-1.1923428606192732,-2.1322819148164136,-1.937447024588614,0.9379887696101461,1.2082239853488197,0.5513124632846235,1910.0
1529,-1.1923428648308547,-2.1322819629986216,-1.9374470311509073,0.9379888249827264,1.2082239886134758,0.44732426610154935,1911.25
1530,-1.19234288102925,-2.1322820125903177,-1.9374470405523254,0.9379888837886355,1.2082240052623323,0.33333607789765896,1912.5
1531,-1.1923428986507911,-2.1322820665305553,-1.937447050780642,0.9379889477457778,1.2082240233899884,0.20934789919919236,1913.75
1532,-1.1923429310212326,-2.1322821170054276,-1.9374470636709573,0.937989010689621,1.2082240562142035,0.07535972613327117,1915.0
1533,-1.192342968733172,-2.132282169531615,-1.9374470779266735,0.9379890769759012,1.208224094392897,-0.068628445573473,1916.25
1534,-1.192343021256554,-2.1322822133854684,-1.937447094205357,0.9379891364787447,1.2082241473223978,-0.2226166119114959,1917.5
1535,-1.1923430805181585,-2.1322822566208264,-1.9374471118103411,0.9379891966215529,1.208224206990278,-0.38660332935168573,1918.75
1536,-1.192343150918772,-2.1322822802027224,-1.937447129334777,0.9379892369542487,1.2082242776456429,-0.5503512629447246,1920.0
1537,-1.1923432181929428,-2.1322822978399225,-1.9374471454833908,0.937989270010457,1.2082243451230568,-0.7040991965378043,1921.25
1538,-1.1923432849654372,-2.13228229945175,-1.9374471595722862,0.9379892850184066,1.208224411966829,-0.847847130130995,1922.5
1539,-1.1923433470139837,-2.1322822974996667,-1.9374471722434896,0.9379892951005789,1.208224474053296,-0.9815950637242682,1923.75
1540,-1.1923434041183383,-2.132282282341031,-1.9374471822746384,0.9379892894132907,1.2082245310828779,-1.1053429973177267,1925.0
1541,-1.1923434566081252,-2.1322822684073595,-1.937447191495167,0.9379892841855844,1.2082245835039345,-1.2190909309115858,1926.25
1542,-1.1923435011892303,-2.1322822456151855,-1.9374471979894001,0.9379892674722545,1.2082246279367252,-1.3228388645055214,1927.5
1543,-1.1923435406588365,-2.1322822225268454,-1.9374472033840318,0.9379892494165306,1.2082246672511427,-1.416586798099568,1928.75
1544,-1.19234357591826,-2.132282201901318,-1.9374472082032181,0.9379892332867905,1.208224702371931,-1.5003347316936602,1930.0
1545,-1.1923436034560813,-2.13228217884774,-1.9374472111196455,0.937989212910781,1.2082247297444766,-1.5740826652877864,1931.25
1546,-1.1923436255429047,-2.1322821565287127,-1.937447212991605,0.9379891922796966,1.2082247516673148,-1.6378305988818156,1932.5
1547,-1.1923436441650166,-2.132282137710823,-1.9374472145699122,0.9379891748849648,1.2082247701511655,-1.6915785324757766,1933.75
1548,-1.1923436593224164,-2.1322821223940713,-1.9374472158545677,0.9379891607265852,1.2082247851960282,-1.735326466069658,1935.0
1549,-1.1923436710151043,-2.132282110578457,-1.9374472168455736,0.9379891498045596,1.2082247968019029,-1.7690743996636078,1936.25
1550,-1.1923436792430797,-2.1322821022639795,-1.9374472175429305,0.9379891421188878,1.2082248049687891,-1.7928223332575122,1937.5
1551,-1.1923437474352736,-2.132282223210432,-1.9374469697223475,0.9379890151755197,1.2082248729686957,-1.8065702658259963,1938.75
1552,-1.1933579279398396,-2.134293020756987,-1.9334780597851513,0.9360304302472302,1.20923654439632,-1.8125115241090481,1940.0
1553,-1.1946830561021347,-2.136920340256182,-1.9282922665790767,0.9334713372523992,1.2105583933812731,-1.8088412248855976,1941.25
1554,-1.1947736056022427,-2.137099882744556,-1.9279378922307657,0.9332964574706482,1.2106487163447166,-1.7974022922277582,1942.5
1555,-1.1947735977407477,-2.137099887594184,-1.9279378938568315,0.9332964533609309,1.2106487038510894,-1.7762733809481464,1943.75
1556,-1.1947735861585245,-2.1370998947390687,-1.92793789625249,0.9332964473061456,1.2106486854444136,-1.7451444696685465,1945.0
1557,-1.1947735708555722,-2.1370999041792107,-1.9279378994177414,0.933296439306292,1.2106486611246898,-1.704015558388987,1946.25
1558,-1.1947735520552356,-2.137099915706486,-1.9279379035709727,0.9332964285879499,1.210648632851827,-1.6528866538508935,1947.5
1559,-1.1947735301172768,-2.1370999289856503,-1.9279379090639621,0.9332964139052911,1.2106486037828499,-1.5917577641809486,1948.75
1560,-1.1947735042244045,-2.137099944601216,-1.927937914527345,0.9332963995359523,1.210648570462624,-1.5206288759216493,1950.0
1561,-1.1947734704585669,-2.1370999643091375,-1.9279379100276812,0.9332964145380065,1.2106485382860446,-1.4395000024149245,1951.25
1562,-1.194773432535898,-2.1370999864816334,-1.9279379049410907,0.9332964315411314,1.2106485021890443,-1.3483711338602893,1952.5
1563,-1.1947733904606428,-2.1371000111477465,-1.9279378992410505,0.9332964506700874,1.210648462209144,-1.2472422733038535,1953.75
1564,-1.1947733397360945,-2.137100025408693,-1.9279378903907394,0.9332964566407376,1.2106484116836822,-1.1361134238443644,1955.0
1565,-1.1947732841748102,-2.1371000401789777,-1.9279378805872467,0.9332964622430743,1.2106483562004315,-1.014984581721893,1956.25
1566,-1.194773223807359,-2.1371000466023586,-1.9279378687706468,0.9332964575064915,1.2106482958308882,-0.8838557462297013,1957.5
1567,-1.1947731586429111,-2.137100045049595,-1.927937854988064,0.9332964428487606,1.2106482305927664,-0.7427269139065881,1958.75
1568,-1.1947730915637371,-2.137100033019134,-1.9279378395232634,0.9332964160712223,1.210648163353263,-0.5915980851710143,1960.0
1569,-1.1947730227036693,-2.1371000099977073,-1.927937822341209,0.9332963766256072,1.2106480942422166,-0.43046926288715104,1961.25
1570,-1.1947729601037718,-2.1370999718652857,-1.92793780461473,0.9332963214894825,1.2106480312718286,-0.2646150979490796,1962.5
1571,-1.1947729039826902,-2.1370999306513694,-1.9279377878623318,0.9332962641849527,1.2106479747604522,-0.10801164203663913,1963.75
1572,-1.1947728649347782,-2.1370998784491446,-1.9279377733257816,0.9332961979527313,1.2106479352463577,0.038591813875896816,1965.0
1573,-1.1947728293720485,-2.1370998289780774,-1.9279377598505885,0.9332961354715921,1.2106478992431047,0.17519526978867797,1966.25
1574,-1.1947728101370203,-2.1370997751052165,-1.9279377492422025,0.9332960712950495,1.2106478795454934,0.3017987257016399,1967.5
1575,-1.194772793670766,-2.1370997247571646,-1.9279377396429194,0.933296011616848,1.2106478626482498,0.41840218161474335,1968.75
1576,-1.1947727855130799,-2.1370996768963764,-1.9279377320812434,0.9332959563726244,1.2106478540874575,0.5250056375280283,1970.0
1577,-1.1947727844837075,-2.137099631836145,-1.9279377263493485,0.9332959056794512,1.210647852684415,0.6216090934413676,1971.25
1578,-1.1947727835608912,-2.13709959144037,-1.9279377212107898,0.9332958602338274,1.21064785142661,0.7082125493547511,1972.5
1579,-1.1947727862972783,-2.137099555793716,-1.9279377174169807,0.933295820834884,1.2106478538705137,0.7848160052681982,1973.75
1580,-1.1947727943408313,-2.137099524935457,-1.9279377153164754,0.9332957878533112,1.210647861665863,0.8514194611815198,1975.0
1581,-1.1947728011767063,-2.13709949871033,-1.9279377135313442,0.9332957598236692,1.2106478682908,0.9080229170948286,1976.25
1582,-1.1947728068049033,-2.1370994771183365,-1.9279377120615853,0.9332957367459571,1.210647873745325,0.9546263730080882,1977.5
1583,-1.1947728112254223,-2.137099460159474,-1.9279377109072016,0.9332957186201766,1.2106478780294379,0.9912298289213024,1978.75
1584,-1.1947728144382634,-2.1370994478337435,-1.9279377100681936,0.9332957054463276,1.2106478811431387,1.0178332848345848,1980.0
1585,-1.1947728164434264,-2.137099440141144,-1.927937709544561,0.9332956972244099,1.2106478830864273,1.034436740747822,1981.25
1586,-1.1953511794092915,-2.138264464626096,-1.9256368634115093,0.9321596223595567,1.2112247659189093,1.0424956226070203,1982.5
1587,-1.19680024332328,-2.1411833987849818,-1.9198721815859432,0.9293132393534784,1.2126701213555897,1.0416679624618745,1983.75
1588,-1.1971704012908082,-2.141929035016238,-1.9183996118030786,0.928586138662952,1.213039331313681,1.0323732098488718,1985.0
1589,-1.1971703989243823,-2.1419290410417102,-1.9183996145640836,0.9285861374699896,1.213039327524368,1.0141205840765113,1986.25
1590,-1.1971703952614707,-2.1419290503683364,-1.9183996188377503,0.9285861356234434,1.2130393216590183,0.9858679583041325,1987.5
1591,-1.1971703903020738,-2.141929062996115,-1.9183996246240789,0.9285861331233132,1.2130393137176312,0.9476153325317921,1988.75
1592,-1.1971703840297316,-2.1419290789330816,-1.918399631913726,0.9285861299957225,1.2130393035549392,0.8993627069478394,1990.0
1593,-1.1971703756676844,-2.141929098558326,-1.918399640265772,0.9285861274734691,1.2130392843155815,0.8411100894501039,1991.25
1594,-1.197170365870157,-2.1419291215525607,-1.9183996500515816,0.9285861245182304,1.2130392617734782,0.7728574719522652,1992.5
1595,-1.1971703642231142,-2.1419291559843487,-1.9183996558457888,0.9285861571129325,1.2130392564048544,0.6946048674440896,1993.75
1596,-1.1971703649541197,-2.1419291970021814,-1.9183996609085547,0.9285862036202883,1.2130392558886007,0.6063522674161986,1995.0
1597,-1.1971703657819854,-2.141929242753732,-1.9183996664662313,0.9285862557675142,1.2130392554385239,0.5080996790762062,1996.25
1598,-1.1971703762359565,-2.1419292905031306,-1.9183996744204528,0.9285863116610027,1.2130392657112372,0.3998470984658187,1997.5
1599,-1.1971703928396502,-2.1419293412184204,-1.9183996841048674,0.928586371866597,1.2130392827896552,0.28159452572437,1998.75
1600,-1.1971704147790407,-2.1419293939190425,-1.918399695153984,0.9285864353437949,1.213039305226042,0.15334196055973273,2000.0
1601,-1.1971704505565648,-2.1419294436253766,-1.918399708744385,0.9285864981706423,1.2130393414527405,0.015089400305372098,2001.25
1602,-1.1971704922457462,-2.141929493573639,-1.918399723600885,0.9285865624435583,1.2130393835975963,-0.13316315817246444,2002.5
1603,-1.1971705486198148,-2.1419295349131264,-1.918399740470277,0.9285866199868433,1.213039440366394,-0.2914157098586925,2003.75
1604,-1.1971706119514907,-2.141929569318605,-1.9183997579427499,0.9285866711405233,1.2130395040412003,-0.45554927432800396,2005.0
1605,-1.1971706779750457,-2.1419295913489966,-1.9183997744576284,0.9285867089577043,1.2130395703071628,-0.610965960879476,2006.25
1606,-1.197170742693621,-2.1419296006824933,-1.918399789139499,0.9285867322832064,1.213039635161126,-0.7563826474311592,2007.5
1607,-1.1971708048482492,-2.1419296021439354,-1.9183998023178974,0.9285867462750952,1.2130396973832287,-0.8917993339829906,2008.75
1608,-1.1971708622281065,-2.1419295954078095,-1.9183998134904658,0.9285867501290785,1.2130397547579654,-1.0172160205350327,2010.0
1609,-1.1971709148552159,-2.141929581437719,-1.9183998227802113,0.9285867449296669,1.2130398073154127,-1.1326327070872217,2011.25
1610,-1.1971709629225782,-2.1419295686780364,-1.9183998312650636,0.9285867401807428,1.2130398553191488,-1.2380493936395016,2012.5
1611,-1.1971710027539344,-2.1419295459007124,-1.9183998367965842,0.9285867225658027,1.2130398949960288,-1.3334660801919695,2013.75
1612,-1.1971710382890914,-2.1419295251387274,-1.9183998416772363,0.928586706356006,1.213039930389691,-1.4188827667444222,2015.0
1613,-1.1971710696640365,-2.1419295068074145,-1.9183998459864926,0.9285866920439401,1.2130399616397072,-1.4942994532968776,2016.25
1614,-1.1971710944728897,-2.141929487564201,-1.918399848810492,0.9285866754046395,1.2130399863101877,-1.559716139849325,2017.5
1615,-1.1971711134455623,-2.1419294684231796,-1.9183998504264888,0.9285866577199028,1.2130400051401486,-1.615132826401661,2018.75
1616,-1.197171128994596,-2.1419294527361754,-1.9183998517508773,0.9285866432263956,1.213040020572223,-1.6605495129539227,2020.0
1617,-1.197171141119991,-2.1419294405031897,-1.9183998527836557,0.928586631924117,1.213040032606411,-1.6959661995062223,2021.25
1618,-1.197171149821747,-2.1419294317242215,-1.918399853524826,0.928586623813068,1.2130400412427127,-1.7213828860585354,2022.5
1619,-1.1971711550998638,-2.141929426399271,-1.9183998539743885,0.9285866188932488,1.2130400464811277,-1.7367995726108314,2023.75
1620,-1.1970006405979154,-2.1415973361118414,-1.9190853850634058,0.9289401156889933,1.2128700959790797,-1.7426316424092303,2025.0
1621,-1.1965628935653374,-2.1407448077398796,-1.9208452641910898,0.9298476102431769,1.2124337968801409,-1.7397167144553536,2026.25
1622,-1.1964610172836914,-2.1405464116290895,-1.9212548222914791,0.9300588057307517,1.2123322575908007,-1.727501307249741,2027.5
1623,-1.196275741177601,-2.140185600866499,-1.9219996603325988,0.9304428939299819,1.2121475943518194,-1.7052859000441203,2028.75
1624,-1.1960070652470665,-2.139662375452107,-1.9230797783144484,0.9309998748408672,1.211879807163197,-1.6730704928384905,2030.0
1625,-1.1956536360832712,-2.138977371129259,-1.9244939312712714,0.9317291423563524,1.2115275368131426,-1.63085505374495,2031.25
1626,-1.1952130305809576,-2.1381317264168254,-1.9262398896344541,0.932629611004594,1.2110883498059657,-1.5786395406396252,2032.5
1627,-1.1946880429714666,-2.1371241289317107,-1.9283202234081922,0.9337025319748937,1.2105650523532412,-1.5164240275342324,2033.75
1628,-1.1940765080235851,-2.135955558850644,-1.930733016716167,0.9349469739511932,1.2099554715042706,-1.4442084577634928,2035.0
1629,-1.1933772619494813,-2.134626543257922,-1.933477239284838,0.9363624361005245,1.2092584393213697,-1.3619928133653914,2036.25
1630,-1.1925903450936286,-2.1331370404533936,-1.9365529751859683,0.9379489613624421,1.2084739955681378,-1.2697771070227089,2037.5
1631,-1.1917140965959367,-2.13148778759608,-1.9399587851619673,0.9397058514126613,1.2076004730033894,-1.1675613106470923,2038.75
1632,-1.190746300849367,-2.129679711898123,-1.943692864809187,0.9416322340430661,1.206635647779467,-1.055345381183663,2040.0
1633,-1.1896875279673491,-2.127712540475096,-1.9477557490342123,0.9437283700373944,1.2055800923549855,-0.9331293459316938,2041.25
1634,-1.188535679596411,-2.1255871449726964,-1.9521457423261916,0.9459934403608303,1.2044317006924172,-0.8009131702244837,2042.5
1635,-1.187287037118659,-2.1233050177581423,-1.9568599476939372,0.9484260490788964,1.2031867409114112,-0.6586967899635783,2043.75
1636,-1.1859413939884558,-2.1208661618093516,-1.961898368744584,0.9510262034499616,1.2018450062834918,-0.506480223694016,2045.0
1637,-1.1845020154035764,-2.1182806875980558,-1.9672402141205516,0.9537832249836582,1.2004097405421876,-0.34485053018457906,2046.25
1638,-1.183089725406984,-2.115767577383203,-1.972433090711831,0.9564636502106698,1.199001417139022,-0.187479494106239,2047.5
1639,-1.18175739261993,-2.113417908307044,-1.9772887363855105,0.9589702671263354,1.1976727652397705,-0.040108269921329626,2048.75
1640,-1.1805071239974096,-2.1112308132228916,-1.9818088369808478,0.9613038895600364,1.1964258994655794,0.09726310726781426,2050.0
1641,-1.1793410787827143,-2.1092054420370716,-1.9859950407713445,0.9634653106066293,1.1952629866467792,0.22463460504279237,2051.25
1642,-1.1782592169048858,-2.1073417633068448,-1.9898474143633693,0.965454565656307,1.194183986902908,0.34200622796982594,2052.5
1643,-1.1772636158926324,-2.105638973584311,-1.9933675138556324,0.9672724024344919,1.1931909849628737,0.44937794367861295,2053.75
1644,-1.1763581498278035,-2.104095689567927,-1.9965580044132984,0.9689200932860924,1.192287867524626,0.546749700919951,2055.0
1645,-1.1755394382580016,-2.1027130701762737,-1.9994166595184282,0.9703965790616875,1.1914712434668218,0.6341215519456727,2056.25
1646,-1.1748141331203332,-2.1014887975769594,-2.0019479373170213,0.9717039835589228,1.1907477859836335,0.7114934069138571,2057.5
1647,-1.1741775795245226,-2.1004244562386565,-2.0041487952821555,0.9728408603934084,1.1901128255752176,0.7788653328721438,2058.75
1648,-1.173635509437497,-2.0995180948487033,-2.0060229803885505,0.9738089908519632,1.189572112199136,0.8362372588303488,2060.0
1649,-1.1731872982555238,-2.0987699213271878,-2.007570094031721,0.9746081858317953,1.1891250193247724,0.8836091925898597,2061.25
1650,-1.1728312466387072,-2.0981805012454293,-2.008789051966348,0.9752379309618288,1.1887698423701276,0.9209811612016698,2062.5
1651,-1.1725704673958228,-2.0977487983253975,-2.0096818408550563,0.9756991687443974,1.188509703747109,0.9483531298135048,2063.75
1652,-1.1724049605268705,-2.097474812567092,-2.0102484606978437,0.9759918991795005,1.1883446034557164,0.9657250984253362,2065.0
1653,-1.1722695634160103,-2.0972509861356317,-2.0107113627636473,0.9762310538670487,1.1882095384049398,0.9732396698078718,2066.25
1654,-1.1716602634800672,-2.0962453997010355,-2.012791124144947,0.9773055857757809,1.187601729874156,0.9718487448279619,2067.5
1655,-1.1716600200802516,-2.096245484662486,-2.012790971511398,0.9773055186038155,1.187601486217676,0.9614882640625022,2068.75
1656,-1.1716595417494309,-2.0962456516292525,-2.0127906715550044,0.9773053865970547,1.1876010073824577,0.9411277832970177,2070.0
1657,-1.171658828487605,-2.096245900601335,-2.0127902242757667,0.977305189755498,1.1876002933685004,0.9107673025315652,2071.25
1658,-1.171657880128494,-2.0962462316505936,-2.0127896295870644,0.9773049282855287,1.1875993427477294,0.8704068437058149,2072.5
1659,-1.1716566967300088,-2.0962466447519894,-2.01278888751905,0.9773046021150441,1.1875981560186324,0.8200463928609889,2073.75
1660,-1.1716552783458427,-2.0962471398823155,-2.012787998099691,0.9773042111773704,1.1875967336424995,0.759685942016122,2075.0
1661,-1.1716552420986832,-2.0962471871412713,-2.012787979007806,0.9773042394763465,1.187596697079457,0.6893255095723942,2076.25
1662,-1.1716552429372376,-2.096247227279085,-2.0127879837807265,0.9773042844491637,1.1875966976731833,0.6089650780266114,2077.5
1663,-1.1716552438848655,-2.0962472724433665,-2.0127879891199547,0.9773043351538395,1.1875966983804125,0.5186046525984924,2078.75
1664,-1.1716552524706807,-2.096247320568992,-2.012787996395004,0.9773043905364096,1.1875967070471454,0.41824423331426436,2080.0
1665,-1.1716552689479107,-2.0962473715873995,-2.012788005651193,0.9773044505650144,1.1875967239394105,0.3078838210456792,2081.25
1666,-1.171655286918847,-2.0962474272280995,-2.012788015746705,0.9773045160307282,1.187596742367912,0.187523415402118,2082.5
1667,-1.171655322709717,-2.096247477867047,-2.0127880289060407,0.9773045793593215,1.1875967785762742,0.05716301952767901,2083.75
1668,-1.1716553613288216,-2.0962475323417147,-2.0127880430861467,0.977304647507241,1.1875968176443759,-0.0831973728231301,2085.0
1669,-1.1716554166665234,-2.0962475764603785,-2.0127880594786807,0.9773047073647388,1.187596873363912,-0.23355776449051413,2086.25
1670,-1.171655478097275,-2.096247620532257,-2.0127880771087443,0.9773047683514473,1.1875969351808133,-0.39391814838816536,2087.5
1671,-1.1716555517484026,-2.096247645664033,-2.012788095040767,0.9773048106161111,1.1875970090825785,-0.5570136820084317,2088.75
1672,-1.171655622449971,-2.0962476635890024,-2.0127881115373913,0.9773048442836272,1.1875970799772235,-0.7103272481126391,2090.0
1673,-1.1716556923695807,-2.0962476654744435,-2.0127881260190534,0.9773048599383417,1.1875971499663558,-0.8536408142170762,2091.25
1674,-1.171655757308786,-2.0962476627599074,-2.0127881389525855,0.9773048695050942,1.1875972149359035,-0.9869543803217244,2092.5
1675,-1.1716558170725937,-2.096247646871438,-2.012788149306388,0.977304863398354,1.187597274625003,-1.110267946426508,2093.75
1676,-1.1716558719899133,-2.0962476322714334,-2.01278815882055,0.9773048577868299,1.1875973294736728,-1.2235815125315146,2095.0
1677,-1.1716559184145017,-2.096247607670666,-2.0127881654453224,0.9773048393922559,1.1875973757462677,-1.326895078636605,2096.25
1678,-1.1716559596736642,-2.0962475833708965,-2.0127881710511693,0.9773048203314556,1.1875974168516756,-1.4202086447417668,2097.5
1679,-1.1716559965112667,-2.0962475616752267,-2.012788176056257,0.9773048033133143,1.1875974535520009,-1.5035222108470065,2098.75
1680,-1.1716560249999626,-2.09624753704389,-2.0127881790185826,0.9773047814075122,1.1875974818743429,-1.5768357769522492,2100.0
1681,-1.171656048036101,-2.0962475135623664,-2.0127881810016017,0.9773047597250417,1.1875975047486462,-1.6401493430574265,2101.25
1682,-1.1716560674338194,-2.0962474937896105,-2.0127881826714136,0.9773047414671872,1.1875975240100902,-1.693462909162514,2102.5
1683,-1.1716560831931175,-2.0962474777256217,-2.012788184028018,0.9773047266339485,1.1875975396586753,-1.7367764752675727,2103.75
1684,-1.1716560953139947,-2.096247465370399,-2.012788185071417,0.9773047152253271,1.1875975516944002,-1.7700900413726144,2105.0
1685,-1.1716561037964512,-2.096247456723942,-2.01278818580161,0.977304707241323,1.187597560117265,-1.793403607477725,2106.25
1686,-1.1716599057159112,-2.096254054561395,-2.0127751737868262,0.9772982904526073,1.1876013549422562,-1.806728915148786,2107.5
1687,-1.1728777171249116,-2.0983717180857546,-2.008601783092625,0.975241738152451,1.1888169018992407,-1.8122726945110261,2108.75
1688,-1.1743070107206217,-2.100857140297976,-2.003703637893905,0.9728280445301616,1.1902435369004998,-1.8081079759433483,2110.0
1689,-1.17436914254434,-2.1009651931574145,-2.003490699251612,0.9727231103286971,1.1903055506022173,-1.7961806607233999,2111.25
1690,-1.1743691340615297,-2.100965198402298,-2.003490700948595,0.9727231057566152,1.1903055374122165,-1.7744451825138143,2112.5
1691,-1.1743691216759706,-2.100965206060234,-2.003490703426321,0.9727230990810224,1.1903055181537958,-1.7427097043041841,2113.75
1692,-1.1743691053876635,-2.100965216131222,-2.0034907066847905,0.9727230903019184,1.1903054928269552,-1.700974226094623,2115.0
1693,-1.174369085490817,-2.1009652283628646,-2.0034907109823377,0.9727230784957078,1.190305463905579,-1.6492387563538775,2116.25
1694,-1.17436906229253,-2.100965242491708,-2.003490716588616,0.9727230626983301,1.1903054339719352,-1.5875033009364445,2117.5
1695,-1.1743690346672355,-2.100965259215556,-2.0034907214733106,0.9727230492976084,1.1903053999387103,-1.515767847939129,2118.75
1696,-1.1743689989589465,-2.100965280208023,-2.003490716734555,0.9727230653620969,1.1903053658977787,-1.4340324090069063,2120.0
1697,-1.1743689588879491,-2.1009653038127496,-2.0034907113775375,0.9727230835794007,1.190305327743166,-1.3422969757076118,2121.25
1698,-1.174368914431823,-2.10096532997668,-2.0034907053712554,0.9727231039481398,1.1903052854608471,-1.240561549604967,2122.5
1699,-1.1743688606183178,-2.1009653442994805,-2.0034906960122507,0.972723109512832,1.1903052317295102,-1.1288261351291207,2123.75
1700,-1.1743688019868064,-2.100965359904814,-2.003490685814819,0.9727231155775378,1.1903051731737553,-1.007090727915234,2125.0
1701,-1.1743687382812236,-2.1009653654782454,-2.0034906734293014,0.9727231094409075,1.1903051094572539,-0.8753553270446803,2126.25
1702,-1.1743686695618267,-2.1009653636439425,-2.003490659169255,0.9727230940478487,1.1903050406652484,-0.7336199288536553,2127.5
1703,-1.1743685991700057,-2.1009653493642846,-2.003490643123197,0.972723064466248,1.190304970105318,-0.5818845345895239,2128.75
1704,-1.1743685265885255,-2.1009653246451103,-2.003490625418072,0.9727230228302842,1.1903048972749763,-0.42014914675833914,2130.0
1705,-1.1743684616910197,-2.1009652828018575,-2.0034906072965355,0.972722963611696,1.1903048320023626,-0.25459972083367727,2131.25
1706,-1.174368402993381,-2.1009652390525204,-2.0034905902211384,0.972722903474235,1.1903047729198153,-0.09859450968951244,2132.5
1707,-1.1743683630726443,-2.1009651828184692,-2.003490575535281,0.9727228330770246,1.1903047325326386,0.047410701454758994,2133.75
1708,-1.1743683258861082,-2.1009651304359336,-2.003490561855257,0.9727227675013661,1.1903046949116098,0.18341591259921505,2135.0
1709,-1.1743683067599657,-2.1009650728860416,-2.003490551267426,0.9727226996779701,1.1903046753254245,0.3094211237438784,2136.25
1710,-1.1743682895504601,-2.100965019668768,-2.003490541574138,0.9727226370532324,1.1903046576908891,0.4254263348886048,2137.5
1711,-1.1743682819061152,-2.1009649688911787,-2.0034905341192175,0.972722579004341,1.1903046496479934,0.53143154603357,2138.75
1712,-1.1743682808247344,-2.1009649213511477,-2.0034905283815556,0.9727225258368765,1.1903046481983148,0.6274367571785747,2140.0
1713,-1.1743682798559913,-2.1009648787629374,-2.003490523241529,0.9727224782073864,1.1903046468996363,0.7134419683236576,2141.25
1714,-1.1743682833286917,-2.1009648412421065,-2.0034905195974275,0.97272243708553,1.1903046500851062,0.7894471794687998,2142.5
1715,-1.1743682916939364,-2.1009648088006982,-2.0034905175428603,0.972722402572354,1.1903046582062777,0.8554523906138499,2143.75
1716,-1.17436829879182,-2.100964781274267,-2.0034905157995664,0.9727223732880338,1.1903046650970661,0.9114576017588177,2145.0
1717,-1.1743683046223423,-2.1009647586628137,-2.0034905143675426,0.9727223492325685,1.1903046707574712,0.9574628129037208,2146.25
1718,-1.1743683091855033,-2.1009647409663375,-2.0034905132467933,0.9727223304059598,1.1903046751874928,0.993468024048636,2147.5
1719,-1.1743683124813031,-2.100964728184837,-2.003490512437318,0.9727223168082078,1.190304678387131,1.0194732351935913,2148.75
1720,-1.1743683145097417,-2.1009647203183137,-2.003490511939117,0.9727223084393124,1.1903046803563855,1.03547844633853,2150.0
1721,-1.1751166584744548,-2.1022872129909103,-2.0008826143546563,0.9714364195713818,1.1910515808077609,1.0430534182878781,2151.25
1722,-1.176722708599624,-2.105125478459568,-1.9952856966946113,0.9686767275378083,1.192654532861262,1.0415436313002018,2152.5
1723,-1.1770433173284571,-2.1056920745506345,-1.9941684055848024,0.9681258195305765,1.1929745224842692,1.0316928109026353,2153.75
1724,-1.1770433147641115,-2.1056920811975113,-1.9941684085041915,0.9681258181835901,1.192974518609649,1.0126723444250951,2155.0
1725,-1.1770433108515626,-2.1056920913389794,-1.9941684129584485,0.9681258161284265,1.1929745126979492,0.9836518779475367,2156.25
1726,-1.1770433055908103,-2.1056921049750397,-1.9941684189475728,0.9681258133650854,1.19297450474917,0.9446314114700167,2157.5
1727,-1.1770432989022876,-2.1056921221399176,-1.9941684264318988,0.9681258100003672,1.1929744940904634,0.8956109465714596,2158.75
1728,-1.177043290047859,-2.1056921431511237,-1.9941684350434508,0.9681258070250471,1.1929744744798678,0.8365904960668491,2160.0
1729,-1.1770432796932,-2.1056921677223173,-1.994168445114082,0.9681258035456103,1.1929744515465939,0.7675700455621355,2161.25
1730,-1.1770432788650365,-2.105692205375189,-1.994168450526384,0.9681258416347995,1.1929744479341342,0.6885496095176978,2162.5
1731,-1.1770432796372312,-2.105692249279546,-1.9941684556646968,0.9681258911102966,1.1929744473823374,0.599529177702202,2163.75
1732,-1.177043280509276,-2.1056922982003456,-1.994168461305891,0.9681259465051457,1.192974446879788,0.5005087564164152,2165.0
1733,-1.1770432926940289,-2.105692348940182,-1.9941684696283577,0.968126005663436,1.1929744589925964,0.3914883437572607,2166.25
1734,-1.1770433102455105,-2.105692403151863,-1.994168479514351,0.9681260695514933,1.192974477019026,0.27246793879203457,2167.5
1735,-1.1770433346648044,-2.105692458738745,-1.9941684909737325,0.9681261362891977,1.192974501925962,0.1434475410733159,2168.75
1736,-1.17704337243958,-2.1056925118767715,-1.9941685048979128,0.968126202855067,1.192974540148368,0.004427147684953437,2170.0
1737,-1.1770434176198084,-2.1056925640677107,-1.9941685202287789,0.9681262698072515,1.192974585773801,-0.14459324353361425,2171.25
1738,-1.1770434770934721,-2.105692608304732,-1.9941685375612295,0.9681263306799268,1.1929746456400703,-0.3036136279982469,2172.5
1739,-1.1770435454791592,-2.1056926437466377,-1.9941685556954067,0.9681263834868226,1.1929747143570395,-0.4699824940322943,2173.75
1740,-1.1770436162664013,-2.1056926678083765,-1.9941685729967584,0.9681264240799132,1.1929747853888648,-0.6287043023714732,2175.0
1741,-1.1770436864468248,-2.105692675429731,-1.9941685882600035,0.9681264462347219,1.1929748556852604,-0.7774261107108356,2176.25
1742,-1.1770437532878195,-2.1056926771953166,-1.9941686021575165,0.9681264612141274,1.1929749225939004,-0.9161479190504112,2177.5
1743,-1.1770438150260998,-2.105692666338483,-1.9941686135404106,0.9681264611345433,1.1929749842973425,-1.044869727390169,2178.75
1744,-1.177043871852404,-2.1056926512402727,-1.9941686234233784,0.9681264553724114,1.1929750410517943,-1.1635915357300703,2180.0
1745,-1.1770439225847593,-2.105692633375777,-1.9941686317360148,0.9681264453413897,1.192975091685826,-1.2723133440700691,2181.25
1746,-1.1770439656955285,-2.1056926080269074,-1.9941686376161707,0.9681264254865516,1.1929751346337987,-1.3710351524102176,2182.5
1747,-1.1770440044394053,-2.1056925852457473,-1.994168642900692,0.968126407642901,1.1929751732313694,-1.459756960750422,2183.75
1748,-1.1770440379096954,-2.105692563756828,-1.9941686472553786,0.9681263902126344,1.192975206561173,-1.5384787690906658,2185.0
1749,-1.1770440626048608,-2.1056925386344516,-1.994168649389572,0.9681263670252171,1.192975231080462,-1.607200577430877,2186.25
1750,-1.1770440837065292,-2.1056925171677383,-1.9941686512132102,0.9681263472118988,1.1929752520318462,-1.6659223857709862,2187.5
1751,-1.1770441012147004,-2.1056924993566897,-1.9941686527262894,0.9681263307726773,1.1929752694153262,-1.714644194111063,2188.75
1752,-1.1770441151293736,-2.1056924852013035,-1.9941686539288135,0.9681263177075548,1.1929752832309006,-1.7533660024510815,2190.0
1753,-1.1770441254505493,-2.1056924747015797,-1.9941686548207829,0.9681263080165315,1.19297529347857,-1.7820878107911686,2191.25
1754,-1.177044132178227,-2.1056924678575184,-1.9941686554021976,0.9681263016996074,1.1929753001583339,-1.8008096191312106,2192.5
1755,-1.177396287185798,-2.106324910859175,-1.9929207560493192,0.9675106283106626,1.1933267507697471,-1.810436913220584,2193.75
1756,-1.1789884372661392,-2.109184331268893,-1.9872787448852052,0.964727056027921,1.1949157160791635,-1.8116598456959594,2195.0
1757,-1.1796819905548275,-2.110429925446606,-1.9848210290294463,0.9635145028794727,1.1956078804196644,-1.8038716312631888,2196.25
1758,-1.1796819842750017,-2.11042992932772,-1.984821030292588,0.9635144995179193,1.1956078705882611,-1.7875895531651782,2197.5
1759,-1.1796819741382816,-2.1104299355925065,-1.9848210323315163,0.9635144940917935,1.1956078547186837,-1.7613074750671518,2198.75
1760,-1.1796819601446666,-2.1104299442409653,-1.9848210351462305,0.963514486601095,1.1956078328109314,-1.7250253969691656,2200.0
1761,-1.1796819422941573,-2.1104299552730965,-1.9848210387367315,0.9635144770458237,1.1956078048650045,-1.6787433188711347,2201.25
1762,-1.179681921254364,-2.1104299681022627,-1.9848210437072202,0.9635144632687577,1.1956077765556743,-1.6224612599288744,2202.5
1763,-1.1796818966289955,-2.1104299830766893,-1.9848210496990455,0.9635144465504112,1.195607744514425,-1.556179205002515,2203.75
1764,-1.1796818654745687,-2.110430001591688,-1.9848210496612835,0.9635144482054343,1.1956077110189944,-1.4798971599592878,2205.0
1765,-1.1796818282413308,-2.110430023442223,-1.9848210447033958,0.9635144648902467,1.195607675528554,-1.393615121456975,2206.25
1766,-1.1796817867054585,-2.1104300479150933,-1.9848210390912506,0.9635144838931355,1.1956076360328691,-1.2973330944319101,2207.5
1767,-1.179681738635933,-2.110430068535831,-1.9848210316490598,0.9635144974464,1.1956075891962092,-1.1910510741438773,2208.75
1768,-1.1796816833218624,-2.1104300832501712,-1.984821021990475,0.9635145031233262,1.1956075339644867,-1.0747690620920836,2210.0
1769,-1.1796816232264395,-2.1104300982429662,-1.9848210113817426,0.9635145081812125,1.1956074739356168,-0.9484870582426876,2211.25
1770,-1.1796815579654096,-2.110430096537696,-1.9848209977852271,0.9635144935485913,1.195607408604473,-0.8122050604571662,2212.5
1771,-1.179681488060634,-2.1104300941464484,-1.9848209831554873,0.9635144772446983,1.1956073386202304,-0.6659230631382589,2213.75
1772,-1.1796814187916436,-2.110430070645977,-1.9848209661909877,0.9635144375340912,1.195607269110096,-0.5096410728648865,2215.0
1773,-1.1796813482421251,-2.1104300406458996,-1.9848209482045538,0.96351439032838,1.1956071982673393,-0.34394121078640527,2216.25
1774,-1.1796812882304473,-2.1104299960761326,-1.9848209306799025,0.9635143289373607,1.1956071378565063,-0.18248467164751592,2217.5
1775,-1.179681238823894,-2.110429947266227,-1.9848209148371818,0.9635142648887091,1.1956070880261294,-0.031028132508559077,2218.75
1776,-1.179681200625573,-2.110429893603232,-1.9848209007286228,0.9635141976168149,1.195607049374992,0.11042840663056742,2220.0
1777,-1.179681171931029,-2.110429839736588,-1.9848208885472922,0.9635141319720173,1.1956070202337807,0.24188494576990374,2221.25
1778,-1.179681154136997,-2.1104297848456572,-1.9848208784840922,0.9635140673120253,1.195607001993922,0.3633414849094174,2222.5
1779,-1.179681138131344,-2.1104297343882368,-1.9848208693057745,0.9635140079430886,1.195606985578738,0.47479802404905586,2223.75
1780,-1.179681137004577,-2.1104296848871966,-1.9848208632936135,0.9635139525430192,1.1956069840620898,0.5762545631888606,2225.0
1781,-1.179681135988869,-2.110429640265198,-1.9848208578740327,0.9635139026034213,1.1956069826949292,0.6677111023287645,2226.25
1782,-1.1796811350842205,-2.11042960052224,-1.9848208530470348,0.9635138581242952,1.195606981477256,0.7491676414686497,2227.5
1783,-1.1796811428248801,-2.110429565881364,-1.984820850590656,0.9635138210192469,1.1956069889520333,0.8206241806085484,2228.75
1784,-1.179681150518825,-2.1104295361154026,-1.9848208486939918,0.9635137893392944,1.1956069964183624,0.8820807197483721,2230.0
1785,-1.1796811569608368,-2.1104295111928595,-1.9848208471059436,0.9635137628141955,1.1956070026697958,0.9335372588880977,2231.25
1786,-1.1796811621509165,-2.1104294911137327,-1.9848208458265142,0.963513741443951,1.1956070077063337,0.9749937980278027,2232.5
1787,-1.1796811660890634,-2.110429475878022,-1.9848208448557039,0.9635137252285615,1.1956070115279755,1.006450337167548,2233.75
1788,-1.1796811687752775,-2.1104294654857276,-1.9848208441935131,0.9635137141680267,1.1956070141347217,1.0279068763072767,2235.0
1789,-1.1797567742899289,-2.1105674419563956,-1.9845484276659866,0.9633792297876543,1.1956824628542277,1.0396046981384373,2236.25
1790,-1.1811516833451288,-2.113113235715045,-1.9795222994191242,0.9608980775530367,1.197074479791191,1.0435387662395368,2237.5
1791,-1.1822813495054785,-2.1151749507303435,-1.9754518896091964,0.9588887172880861,1.1982018033723443,1.0378053639327105,2238.75
1792,-1.1822825339010994,-2.115177120287334,-1.9754476175524753,0.9588866064205938,1.1982029843343092,1.0242763909174004,2240.0
1793,-1.182282530758192,-2.115177128393647,-1.975447621142864,0.9588866047761958,1.1982029794972955,1.000751631240969,2241.25
1794,-1.1822825262792844,-2.1151771399458252,-1.97544762625947,0.9588866024327908,1.1982029726041445,0.9672268715645194,2242.5
1795,-1.1822825204643772,-2.1151771549438676,-1.9754476329022932,0.9588865993903785,1.1982029636548561,0.9237021118881081,2243.75
1796,-1.182282512858489,-2.115177173591099,-1.9754476408358104,0.9588865962921745,1.1982029487600179,0.8701773612201575,2245.0
1797,-1.1822825034269817,-2.115177195902999,-1.9754476500420912,0.9588865931871471,1.1982029276235244,0.8066526179334603,2246.25
1798,-1.1822824964122087,-2.1151772250720575,-1.9754476585221603,0.9588866044101907,1.1982029112697075,0.7331278800139133,2247.5
1799,-1.1822824971261117,-2.115177265652399,-1.9754476633140583,0.9588866501349944,1.19820291074057,0.6496031532014086,2248.75
1800,-1.1822824979350004,-2.1151773111514247,-1.9754476686261369,0.9588867015923226,1.19820291022977,0.5560784343092534,2250.0
1801,-1.1822825015505365,-2.115177360799107,-1.9754476749851035,0.9588867582747729,1.1982029127797869,0.45255372243553044,2251.25
1802,-1.1822825180834156,-2.1151774117458704,-1.9754476843358686,0.9588868183794933,1.1982029297591328,0.3390290200913672,2252.5
1803,-1.1822825360746994,-2.1151774671783747,-1.9754476945123345,0.9588868837712342,1.1982029482519123,0.21550432676114795,2253.75
1804,-1.1822825683836553,-2.115177519528419,-1.9754477072890118,0.9588869484781788,1.1982029810159596,0.0819796391746674,2255.0
1805,-1.1822826069021184,-2.115177573568305,-1.9754477215460717,0.958887016269069,1.198203019997251,-0.06154504682775307,2256.25
1806,-1.182282659848465,-2.1151776194489162,-1.9754477378152624,0.9588870777836248,1.19820307335143,-0.2150697277561714,2257.5
1807,-1.1822827202552195,-2.115177664244748,-1.975447755492142,0.9588871395477142,1.1982031341627966,-0.3785944024596058,2258.75
1808,-1.1822827921738897,-2.1151776894651513,-1.9754477732440394,0.9588871817337398,1.198203206340597,-0.5427979603743674,2260.0
1809,-1.1822828610631662,-2.115177708774502,-1.9754477896800873,0.958887216735861,1.1982032754396823,-0.6970134489544494,2261.25
1810,-1.1822829296992212,-2.115177710548317,-1.9754478040095433,0.9588872321341514,1.198203344146421,-0.8412289375346458,2262.5
1811,-1.182282993513784,-2.1151777094668525,-1.9754478170124548,0.9588872434057021,1.1982034080050699,-0.9754444261151668,2263.75
1812,-1.1822830522413181,-2.1151776938705207,-1.9754478272681453,0.9588872374967052,1.1982034666575048,-1.0996599146957913,2265.0
1813,-1.18228310624098,-2.115177679529779,-1.97544783669819,0.9588872320634095,1.1982035205881139,-1.2138754032765755,2266.25
1814,-1.1822831523272734,-2.115177656629885,-1.9754478434972844,0.9588872155383061,1.1982035665310176,-1.3180908918574774,2267.5
1815,-1.18228319296669,-2.115177632770281,-1.9754478490632605,0.958887196877989,1.198203607014947,-1.4123063804384781,2268.75
1816,-1.1822832292926542,-2.1151776114431295,-1.975447854038461,0.9588871801982694,1.1982036432019276,-1.4965218690195523,2270.0
1817,-1.1822832579508078,-2.115177587942335,-1.9754478571813725,0.9588871595953987,1.1982036716975522,-1.5707373576006054,2271.25
1818,-1.1822832807446106,-2.1151775647981146,-1.9754478591594944,0.9588871382435111,1.198203694326812,-1.634952846181588,2272.5
1819,-1.1822832999888333,-2.115177545258044,-1.97544786082957,0.9588871202166598,1.1982037134321155,-1.6891683347624977,2273.75
1820,-1.1822833156834767,-2.115177529322123,-1.9754478621916,0.9588871055148442,1.198203729013463,-1.7333838233433616,2275.0
1821,-1.1822833278285394,-2.115177516990352,-1.9754478632455863,0.9588870941380663,1.198203741070854,-1.767599311924237,2276.25
1822,-1.1822833364240215,-2.115177508262729,-1.975447863991529,0.9588870860863258,1.1982037496042874,-1.791814800505124,2277.5
1823,-1.1822833414699236,-2.1151775031392552,-1.975447864429428,0.9588870813596226,1.1982037546137645,-1.8060302890860511,2278.75
1824,-1.1832841513918324,-2.1170335864521808,-1.9717813113938296,0.9570760546310372,1.1992024144350708,-1.8122914301384239,2280.0
1825,-1.1847224974308581,-2.119701128265936,-1.9665117909713354,0.9544732737626204,1.2006376696490306,-1.8090350636713926,2281.25
1826,-1.184849055863795,-2.119935852469105,-1.9660481175367788,0.9542442483533558,1.200763953732918,-1.7978940149991918,2282.5
1827,-1.1848490479557614,-2.1199358573546716,-1.9660481191360022,0.954244244150255,1.2007639412670512,-1.777149337909489,2283.75
1828,-1.1848490362356494,-2.1199358645953326,-1.9660481215061334,0.9542442379210436,1.2007639227919964,-1.7464046608197696,2285.0
1829,-1.1848490207034588,-2.119935874191087,-1.966048124647172,0.9542442296657221,1.2007638983077533,-1.705659983730091,2286.25
1830,-1.1848490015631914,-2.119935885958273,-1.9660481287494764,0.9542442187058009,1.2007638695670588,-1.6549153129678644,2287.5
1831,-1.1848489792472623,-2.119935899507585,-1.9660481342165432,0.9542442036031089,1.2007638402851317,-1.594170659032776,2288.75
1832,-1.1848489530552273,-2.1199359153791746,-1.9660481400788727,0.9542441875215343,1.2007638064428519,-1.523426005887119,2290.0
1833,-1.1848489186336593,-2.1199359355465175,-1.9660481354787391,0.9542442028867064,1.200763773636207,-1.442681368301953,2291.25
1834,-1.184848879953787,-2.119935958244295,-1.9660481302795443,0.9542442202951766,1.2007637368072408,-1.3519367351306733,2292.5
1835,-1.1848488370209633,-2.119935983509732,-1.9660481244479444,0.9542442399064214,1.2007636960021837,-1.2511921103936492,2293.75
1836,-1.1848487854178256,-2.119935998597037,-1.9660481155664522,0.954244246663838,1.2007636446835814,-1.1404474963052653,2295.0
1837,-1.184848728679946,-2.1199360136846632,-1.9660481056168213,0.9542442524435247,1.2007635880235998,-1.019702889603689,2296.25
1838,-1.1848486670340994,-2.119936020881155,-1.9660480937379716,0.9542442484270012,1.2007635263813075,-0.8889582896208119,2297.5
1839,-1.1848486004582015,-2.1199360191801238,-1.9660480798087931,0.9542442334820178,1.2007634597326686,-0.7482136929851504,2298.75
1840,-1.184848531707776,-2.119936007494475,-1.9660480642575808,0.9542442069725388,1.2007633908295312,-0.5974690996697072,2300.0
1841,-1.1848484613307297,-2.1199359837097362,-1.966048046948651,0.9542441666475561,1.2007633202038046,-0.4367245128755184,2301.25
1842,-1.184848396684941,-2.1199359450520205,-1.9660480290733038,0.9542441108546309,1.2007632551953256,-0.2707083631491959,2302.5
1843,-1.184848339046075,-2.119935902372514,-1.966048012170147,0.9542440519485165,1.2007631971674861,-0.1137165015770092,2303.75
1844,-1.1848482983474091,-2.119935848951203,-1.9660479974977207,0.9542439843795222,1.2007631560081968,0.03327535999535793,2305.0
1845,-1.1848482618078475,-2.119935797753787,-1.9660479839443878,0.9542439201064282,1.2007631190292445,0.17026722156788024,2306.25
1846,-1.1848482414218475,-2.1199357423814686,-1.966047973231491,0.9542438543418555,1.2007630981839905,0.2972590831406118,2307.5
1847,-1.18484822449294,-2.119935690283045,-1.9660479636163481,0.9542437929069107,1.200763080824862,0.4142509447135102,2308.75
1848,-1.1848482155518052,-2.11993564090106,-1.9660479559677544,0.954243736067657,1.2007630714818691,0.5212428062865053,2310.0
1849,-1.1848482144895232,-2.1199355942644353,-1.9660479502666501,0.9542436838350112,1.2007630700462315,0.6182346678596443,2311.25
1850,-1.184848213536764,-2.1199355524361168,-1.9660479451533308,0.9542436369876237,1.2007630687586104,0.7052265294328319,2312.5
1851,-1.1848482159623286,-2.119935515499632,-1.966047941311716,0.9542435962592921,1.200763070891202,0.7822183910060505,2313.75
1852,-1.184848224248171,-2.1199354835184057,-1.9660479392610903,0.9542435622071765,1.2007630789285395,0.8492102525792617,2315.0
1853,-1.1848482312971704,-2.119935456311077,-1.9660479375165647,0.9542435332380835,1.2007630857661284,0.9062021141523147,2316.25
1854,-1.1848482371093267,-2.1199354338776466,-1.9660479360781369,0.9542435093520119,1.2007630914039693,0.9531939757253218,2317.5
1855,-1.1848482416846398,-2.1199354162181128,-1.9660479349458104,0.9542434905489634,1.2007630958420616,0.9901858372983408,2318.75
1856,-1.1848482450231097,-2.1199354033324767,-1.9660479341195853,0.9542434768289378,1.200763099080406,1.0171776988713999,2320.0
1857,-1.1848482471247366,-2.1199353952207365,-1.966047933599462,0.9542434681919354,1.2007631011190016,1.0341695604444705,2321.25
1858,-1.1854073017007298,-2.1209889402254234,-1.963965556453077,0.9532143412765143,1.201320911602322,1.04250109946989,2322.5
1859,-1.1869458825415224,-2.1238884305902404,-1.9582346112587936,0.9503820743669117,1.2028560685235918,1.0420206859061765,2323.75
1860,-1.1873789327910333,-2.124704528863794,-1.9566215715633544,0.9495848995380359,1.203288154423845,1.0329659762910277,2325.0
1861,-1.1873789304148377,-2.1247045349625524,-1.9566215742876614,0.9495848983002191,1.2032881506990583,1.0150195768241645,2326.25
1862,-1.1873789267145907,-2.1247045444596293,-1.956621578529993,0.9495848963726723,1.2032881448987647,0.9870731773573111,2327.5
1863,-1.1873789216902924,-2.124704557355025,-1.9566215842903492,0.9495848937553958,1.203288137022965,0.9491267778904966,2328.75
1864,-1.1873789153419427,-2.1247045736487395,-1.9566215915687295,0.9495848904483892,1.2032881270716584,0.9011803784236919,2330.0
1865,-1.1873789068335414,-2.1247045937288243,-1.9566215999156498,0.9495848876950135,1.203288107821155,0.8432339942392324,2331.25
1866,-1.1873788968486898,-2.1247046172779687,-1.9566216096986557,0.9495848844785655,1.2032880851783037,0.7752876101773579,2332.5
1867,-1.1873788948059398,-2.124704652305476,-1.9566216156467129,0.9495849163662559,1.2032880790079048,0.697341238723546,2333.75
1868,-1.1873788955500877,-2.124704694427433,-1.9566216206444411,0.9495849638916252,1.2032880784679,0.6093948718871979,2335.0
1869,-1.1873788963936172,-2.124704741430641,-1.956621626127979,0.9495850172149682,1.2032880779947672,0.5114485170421174,2336.25
1870,-1.1873789066278138,-2.124704790642393,-1.9566216339418865,0.9495850744601897,1.203288087973966,0.4035021695673135,2337.5
1871,-1.1873789235950738,-2.1247048428020037,-1.956621643581097,0.9495851360593506,1.2032881054121383,0.28555583000875967,2338.75
1872,-1.187378945529677,-2.1247048973092926,-1.9566216545282815,0.9495852012412355,1.203288127843911,0.15760949809527497,2340.0
1873,-1.1873789820999272,-2.124704948482087,-1.956621668123435,0.9495852655293133,1.203288164860043,0.019663171227188532,2341.25
1874,-1.1873790242542317,-2.1247050003916357,-1.9566216829597982,0.9495853317363127,1.2032882074701685,-0.12828315410998092,2342.5
1875,-1.1873790818907255,-2.1247050430060814,-1.9566216998996717,0.9495853906134376,1.203288265498341,-0.2862294725949384,2343.75
1876,-1.1873791473477127,-2.124705079502582,-1.956621717734525,0.9495854441996278,1.2032883313043747,-0.4525133883358181,2345.0
1877,-1.1873792168825217,-2.1247051029574404,-1.9566217348741393,0.949585484033274,1.2032884010867368,-0.6123051979648809,2346.25
1878,-1.1873792852851013,-2.124705112532486,-1.9566217501427259,0.94958550815551,1.203288469624167,-0.7620970075940701,2347.5
1879,-1.1873793510084223,-2.124705114192171,-1.956621763923947,0.9495855229183817,1.2032885354163496,-0.9018888172234449,2348.75
1880,-1.187379411794951,-2.1247051054088613,-1.9566217754530477,0.949585525057743,1.2032885961834923,-1.0316806268530303,2350.0
1881,-1.187379467744321,-2.1247050905546017,-1.9566217852662622,0.9495855194720892,1.2032886520605137,-1.151472436482796,2351.25
1882,-1.1873795182057507,-2.1247050744278018,-1.956621793794993,0.9495855113883002,1.203288702434715,-1.2612642461126868,2352.5
1883,-1.1873795607290818,-2.1247050494970163,-1.9566217996445243,0.949585491920457,1.2032887447932308,-1.3610560557426974,2353.75
1884,-1.1873795989912095,-2.124705027064512,-1.9566218049078765,0.9495854744034569,1.2032887829070595,-1.4508478653727774,2355.0
1885,-1.1873796327096504,-2.124705006735005,-1.9566218094800436,0.9495854583406994,1.2032888164902962,-1.530639675002898,2356.25
1886,-1.1873796571831223,-2.1247049819299044,-1.956621811613363,0.9495854354673738,1.2032888407847242,-1.6004314846329994,2357.5
1887,-1.1873796781499546,-2.12470496067896,-1.9566218134410132,0.9495854158714137,1.2032888615981665,-1.6602232942629984,2358.75
1888,-1.187379695610148,-2.1247049429821736,-1.9566218149629913,0.9495853995528172,1.203288878930624,-1.7100151038929334,2360.0
1889,-1.1873797095637018,-2.1247049288395434,-1.9566218161793005,0.9495853865115862,1.2032888927820962,-1.749806913522842,2361.25
1890,-1.1873797200106158,-2.1247049182510693,-1.9566218170899417,0.9495853767477207,1.2032889031525824,-1.77959872315279,2362.5
1891,-1.1873797269508903,-2.1247049112167518,-1.9566218176949144,0.9495853702612209,1.2032889100420832,-1.7993905327827215,2363.75
1892,-1.1875918356409703,-2.125111064107268,-1.9558185900568956,0.949188189787584,1.2035005299672707,-1.8098243271203434,2365.0
1893,-1.1890519621460829,-2.1279070350340246,-1.9502891891335248,0.946454031991294,1.2049572919247011,-1.812159633071021,2366.25
1894,-1.1898761843542198,-2.1294853318425075,-1.9471679038677112,0.9449106292723677,1.205779613392384,-1.8052162324330376,2367.5
1895,-1.1898761786543486,-2.129485335362643,-1.9471679050266026,0.944910626264793,1.205779604344786,-1.790090316880554,2368.75
1896,-1.1898761691861959,-2.1294853412099983,-1.9471679069516563,0.9449106212688596,1.2057795893156669,-1.7649644013280537,2370.0
1897,-1.1898761559497615,-2.1294853493845753,-1.9471679096428733,0.9449106142845676,1.2057795683050272,-1.7298384857755655,2371.25
1898,-1.1898761389450454,-2.1294853598863734,-1.9471679131002533,0.9449106053119167,1.2057795413128665,-1.684712570223118,2372.5
1899,-1.189876118714606,-2.1294853722147917,-1.9471679178459564,0.9449105924936376,1.205779513050514,-1.6295866708502296,2373.75
1900,-1.1898760950534892,-2.1294853865589345,-1.947167923682736,0.9449105765313186,1.2057794817382494,-1.564460778035028,2375.0
1901,-1.1898760655832663,-2.129485404088451,-1.9471679249217027,0.9449105743747415,1.205779448603675,-1.4893348931347004,2376.25
1902,-1.189876029729145,-2.1294854250629647,-1.9471679201115821,0.944910590318191,1.205779414435462,-1.4042090165821661,2377.5
1903,-1.189875989674181,-2.1294854485767196,-1.9471679146682286,0.9449106084576997,1.2057793763499558,-1.309083150116112,2378.75
1904,-1.1898759437980493,-2.129485469950819,-1.9471679077222652,0.9449106231918927,1.2057793319206502,-1.203957290531856,2380.0
1905,-1.189875890354315,-2.129485484159302,-1.947167898308511,0.9449106285925473,1.2057792785612456,-1.088831439405352,2381.25
1906,-1.189875832266202,-2.1294854996028665,-1.9471678880759746,0.9449106344651097,1.2057792205479896,-0.9637055972892039,2382.5
1907,-1.189875769144384,-2.1294854991046233,-1.9471678749359929,0.9449106214837372,1.2057791573649548,-0.828579761258282,2383.75
1908,-1.1898757013248735,-2.1294854974125434,-1.947167860683004,0.9449106062395096,1.2057790894700964,-0.6834539259138467,2385.0
1909,-1.189875633765156,-2.129485476608318,-1.9471678442220801,0.9449105697107385,1.2057790216834872,-0.5283280966513744,2386.25
1910,-1.189875563890403,-2.129485450000186,-1.9471678265946037,0.9449105262469141,1.2057789515331283,-0.3633606923677624,2387.5
1911,-1.1898755049117378,-2.1294854064576807,-1.9471678092208726,0.9449104660241333,1.2057788921506982,-0.20075216079587538,2388.75
1912,-1.1898754545987797,-2.1294853604904196,-1.9471677933558094,0.9449104048009087,1.2057788414216992,-0.048143629223920736,2390.0
1913,-1.1898754170222274,-2.1294853079761222,-1.9471677793550841,0.9449103387769339,1.2057788033868513,0.09446490234824256,2391.25
1914,-1.1898753869517429,-2.1294852562902706,-1.9471677670077208,0.9449102751558798,1.2057787728712053,0.22707343392061563,2392.5
1915,-1.189875369426249,-2.1294852024805766,-1.9471677570084711,0.9449102116342241,1.2057787548940277,0.34968196549313185,2393.75
1916,-1.1898753533301414,-2.1294851530596266,-1.9471677478247564,0.9449101532934169,1.2057787383830756,0.4622904970657786,2395.0
1917,-1.1898753509033173,-2.1294851047781025,-1.947167741608296,0.9449100989163618,1.2057787355623324,0.5648990286385452,2396.25
1918,-1.1898753499028922,-2.129485060886112,-1.9471677362068505,0.9449100497204537,1.2057787342048312,0.6575075602114131,2397.5
1919,-1.189875349010495,-2.1294850217336436,-1.9471677313886568,0.9449100058367879,1.2057787329939156,0.7401160917843506,2398.75
1920,-1.1898753555226773,-2.1294849875027615,-1.9471677286871854,0.9449099689054528,1.205778739233848,0.8127246233572705,2400.0
1921,-1.1898753631739616,-2.129484958037126,-1.9471677267856637,0.9449099375181218,1.2057787466525294,0.8753331549300895,2401.25
1922,-1.1898753696031625,-2.1294849332778205,-1.9471677251878559,0.9449099111440573,1.2057787528862796,0.9279416865028498,2402.5
1923,-1.1898753748102804,-2.129484913224845,-1.9471677238937628,0.9449098897832595,1.2057787579350983,0.9705502180755499,2403.75
1924,-1.189875378795315,-2.1294848978781977,-1.9471677229033868,0.9449098734357295,1.2057787617989857,1.0031587496483183,2405.0
1925,-1.1898753815582659,-2.1294848872378798,-1.9471677222167274,0.9449098621014672,1.2057787644779419,1.0257672812210699,2406.25
1926,-1.1898935024798423,-2.129520135613027,-1.947097963915291,0.9448753436595411,1.205796842134714,1.0384407770210775,2407.5
1927,-1.1910783796608335,-2.1318255133381725,-1.9425362980896845,0.9426184989631232,1.206978893169285,1.0434484310401746,2408.75
1928,-1.192307834529335,-2.134217630928956,-1.9378030083884024,0.9402767466998776,1.2082054152121966,1.0387094313654988,2410.0
1929,-1.1923381877392618,-2.134276695612337,-1.9376861469344926,0.940218928799403,1.2082356950503788,1.0263130347868719,2411.25
1930,-1.192338184814299,-2.1342767030828833,-1.9376861503007259,0.940218927282488,1.2082356903806217,1.004025122911422,2412.5
1931,-1.1923381805769826,-2.1342767139052663,-1.9376861551772993,0.9402189250849731,1.2082356836156674,0.9717372110359824,2413.75
1932,-1.1923381750273125,-2.134276728079488,-1.9376861615642134,0.9402189222068581,1.208235674755516,0.929449299160553,2415.0
1933,-1.1923381678312204,-2.1342767457665808,-1.937686169274867,0.9402189191702657,1.2082356608826983,0.877161392745998,2416.25
1934,-1.1923381587702475,-2.1342767670718508,-1.9376861781872359,0.9402189163166288,1.2082356400893834,0.8148734936804543,2417.5
1935,-1.1923381505997972,-2.134276793780587,-1.9376861872092417,0.9402189218293304,1.2082356209538474,0.74258559792568,2418.75
1936,-1.1923381512874682,-2.1342768326298582,-1.9376861918522656,0.9402189656885205,1.2082356204495626,0.6602977151965392,2420.0
1937,-1.1923381520663034,-2.1342768762466067,-1.937686197017438,0.9402190150770128,1.2082356199507178,0.5680098388694796,2421.25
1938,-1.1923381538072229,-2.13427692439667,-1.9376862028638662,0.9402190698872547,1.2082356204504259,0.4657219697411074,2422.5
1939,-1.1923381697639992,-2.1342769733406346,-1.9376862119709903,0.9402191277542042,1.2082356368508493,0.3534341115835069,2423.75
1940,-1.1923381871435448,-2.134277026641684,-1.9376862218909348,0.9402191907681756,1.208235654726769,0.23114626126370846,2425.0
1941,-1.192338216458571,-2.1342770781293283,-1.9376862340876935,0.940219254075104,1.2082356845079292,0.09885841714794573,2426.25
1942,-1.1923382537248122,-2.1342771301423857,-1.9376862480057548,0.9402193195169739,1.2082357222347542,-0.043429424563371094,2427.5
1943,-1.1923383031507049,-2.134277176157666,-1.9376862637371959,0.9402193806620481,1.2082357720808075,-0.19571726197851694,2428.75
1944,-1.1923383616586183,-2.1342772192892094,-1.9376862810125413,0.9402194403802482,1.208235830992022,-0.35800509305159023,2430.0
1945,-1.1923384308382101,-2.134277246376312,-1.9376862985994674,0.9402194842872366,1.2082359004529655,-0.5232036274463454,2431.25
1946,-1.192338497962922,-2.134277267704029,-1.9376863150756267,0.9402195213566437,1.2082359678101562,-0.6786518666083313,2432.5
1947,-1.1923385655242171,-2.1342772693687535,-1.9376863293076065,0.9402195365531364,1.2082360354434556,-0.8241001057704974,2433.75
1948,-1.1923386284289301,-2.13427727041275,-1.9376863424985695,0.9402195501371434,1.2082360984110707,-0.9595483449328452,2435.0
1949,-1.1923386863169776,-2.134277255045749,-1.9376863526987251,0.940219544403448,1.2082361562234334,-1.0849965840953686,2436.25
1950,-1.1923387395905312,-2.134277240903719,-1.937686362085776,0.9402195391268053,1.2082362094273356,-1.200444823258015,2437.5
1951,-1.192338785640313,-2.1342772199844346,-1.9376863691674944,0.9402195248554541,1.2082362553457804,-1.305893062420843,2438.75
1952,-1.1923388258250909,-2.134277196455015,-1.937686374720955,0.9402195065113566,1.2082362953728005,-1.4013413015837,2440.0
1953,-1.1923388617997586,-2.1342771753907477,-1.9376863796925805,0.9402194900891461,1.208236331206238,-1.486789540746638,2441.25
1954,-1.1923388909351145,-2.1342771531219684,-1.9376863831004718,0.9402194709716143,1.2082363601846005,-1.5622377799096325,2442.5
1955,-1.1923389136106215,-2.1342771301783063,-1.9376863850863435,0.940219449825147,1.2082363826920113,-1.627686019072536,2443.75
1956,-1.1923389328214813,-2.134277110740264,-1.9376863867687875,0.9402194319097007,1.208236401760459,-1.683134258235385,2445.0
1957,-1.1923389485676945,-2.1342770948078424,-1.937686388147803,0.9402194172252745,1.2082364173899434,-1.7285824973981123,2446.25
1958,-1.19233896084926,-2.1342770823810406,-1.9376863892233929,0.9402194057718705,1.2082364295804642,-1.7640307365609367,2447.5
1959,-1.192338969666178,-2.1342770734598573,-1.9376863899955572,0.9402193975494882,1.2082364383320212,-1.7894789757237153,2448.75
1960,-1.1923389750184485,-2.1342770680442933,-1.9376863904642962,0.9402193925581281,1.2082364436446145,-1.8049272148865336,2450.0
1961,-1.193095849832164,-2.135773326961505,-1.9347241499171317,0.9387530767684877,1.2089914503490948,-1.8121327996841088,2451.25
1962,-1.1945292209058351,-2.1386069611817646,-1.9291142310387845,0.9359761580837814,1.2104212830669525,-1.8101483831739045,2452.5
1963,-1.1947688917845762,-2.1390807765370305,-1.9281761950497422,0.9355118265455837,1.2106603601215633,-1.7999897148676491,2453.75
1964,-1.1947688845466373,-2.1390807810054517,-1.9281761965293922,0.9355118227541466,1.2106603485516398,-1.7805615353590323,2455.0
1965,-1.1947688735832132,-2.1390807877738416,-1.9281761987706423,0.9355118170111948,1.2106603310264878,-1.7511333558503988,2456.25
1966,-1.1947688588943044,-2.139080796842201,-1.9281762017734922,0.9355118093167287,1.2106603075461084,-1.7117051763418063,2457.5
1967,-1.1947688405793182,-2.139080808116507,-1.928176205636646,0.9355117993205274,1.2106602789828442,-1.6622769998899296,2458.75
1968,-1.1947688192241586,-2.139080821042598,-1.9281762109418579,0.9355117849584075,1.2106602504782418,-1.6028488419246152,2460.0
1969,-1.1947687942755578,-2.139080836143768,-1.92817621713978,0.9355117681795679,1.2106602171771585,-1.5334206839591986,2461.25
1970,-1.1947687615830813,-2.1390808552902,-1.9281762136190703,0.9355117800904174,1.2106601851448873,-1.4539925408174248,2462.5
1971,-1.194768724366926,-2.139080877051578,-1.9281762085875815,0.9355117966615335,1.2106601497054525,-1.3645644017634846,2463.75
1972,-1.1947686830006723,-2.1390809013229637,-1.9281762029233596,0.9355118154149151,1.2106601104044978,-1.265136272910798,2465.0
1973,-1.1947686338204564,-2.1390809175655026,-1.9281761946149167,0.9355118238317286,1.2106600617813204,-1.1557081531638094,2466.25
1974,-1.194768579040601,-2.1390809321285986,-1.9281761849196357,0.9355118293253026,1.2106600070817497,-1.0362800410711988,2467.5
1975,-1.1947685195240867,-2.1390809413922285,-1.9281761736133727,0.9355118279403019,1.2106599475882325,-0.9068519361773273,2468.75
1976,-1.1947684551458835,-2.139080939826239,-1.928176160019396,0.9355118134492313,1.2106598831373487,-0.7674238354958166,2470.0
1977,-1.1947683879451299,-2.1390809312516437,-1.928176145002578,0.9355117905691588,1.2106598158046962,-0.6179957373438737,2471.25
1978,-1.1947683198128227,-2.1390809084026357,-1.9281761280908025,0.9355117515574778,1.2106597474244427,-0.458567645838069,2472.5
1979,-1.194768255102198,-2.1390808734352382,-1.9281761104476063,0.9355116996843886,1.2106596823689428,-0.2922331038944569,2473.75
1980,-1.1947681983723473,-2.1390808316755683,-1.92817609365711,0.935511641802552,1.210659625245174,-0.133928947193319,2475.0
1981,-1.194768156340437,-2.1390807813173254,-1.928176078903019,0.9355115772233683,1.2106595827612963,0.014375209507999892,2476.25
1982,-1.194768120335318,-2.1390807311269793,-1.9281760654240623,0.9355115140245633,1.2106595463108627,0.15267936620953618,2477.5
1983,-1.1947680981768989,-2.139080677986295,-1.9281760544772621,0.9355114502701551,1.210659523694905,0.2809835229112535,2478.75
1984,-1.1947680814705506,-2.1390806268075897,-1.9281760448996872,0.9355113897867329,1.2106595065519608,0.39928767961313144,2480.0
1985,-1.1947680707977348,-2.1390805787281417,-1.9281760369479506,0.9355113339599511,1.2106594954733785,0.5075918363151909,2481.25
1986,-1.194768069750097,-2.1390805327945257,-1.9281760312564447,0.9355112824354985,1.2106594940460826,0.6058959930173081,2482.5
1987,-1.1947680688090303,-2.139080491533514,-1.9281760261439014,0.9355112361523739,1.2106594927639782,0.6942001497194742,2483.75
1988,-1.1947680699076897,-2.139080454992137,-1.9281760220185302,0.9355111955457311,1.210659493562299,0.7725043064217085,2485.0
1989,-1.1947680781563996,-2.1390804232947236,-1.928176019959423,0.9355111617659015,1.2106595015568618,0.8408084631238607,2486.25
1990,-1.1947680851974658,-2.1390803962379374,-1.9281760182017773,0.9355111329315733,1.2106595083809886,0.8991126198259108,2487.5
1991,-1.194768091030888,-2.13908037382178,-1.9281760167455897,0.9355111090427449,1.21065951403468,0.94741677652797,2488.75
1992,-1.1947680956566662,-2.13908035604625,-1.9281760155908643,0.9355110900994179,1.2106595185179359,0.9857209332300146,2490.0
1993,-1.1947680990748006,-2.1390803429113467,-1.928176014737601,0.9355110761015928,1.2106595218307556,1.0140250899320427,2491.25
1994,-1.194768101285291,-2.1390803344170704,-1.9281760141858,0.9355110670492691,1.2106595239731397,1.0323292466340819,2492.5
1995,-1.1951286342940182,-2.139804484052388,-1.9267416117501985,0.9348006651477717,1.2110191364085172,1.0416527256006811,2493.75
1996,-1.196575921473554,-2.1427114627088555,-1.9209834755605966,0.9319489086267108,1.2124627281847071,1.0425247848786103,2495.0
1997,-1.1971656809918056,-2.143896041456262,-1.918637071739708,0.9307868352603674,1.2130509812261832,1.0344934273004416,2496.25
1998,-1.197165678838613,-2.1438960469287176,-1.91863707422775,0.930786834148377,1.2130509777251661,1.0179419101334266,2497.5
1999,-1.1971656753845168,-2.14389605570749,-1.9186370782190032,0.9307868323645507,1.2130509721089253,0.9913903929663935,2498.75
2000,-1.1971656706295173,-2.143896067792579,-1.9186370837134672,0.9307868299088886,1.2130509643774603,0.9548388757993704,2500.0
2001,-1.197165664573614,-2.143896083183985,-1.918637090711142,0.9307868267813906,1.213050954530771,0.9082873586323573,2501.25
2002,-1.1971656565366606,-2.1438961022221075,-1.9186370988172632,0.9307868240979456,1.2130509365661237,0.8517358483291433,2502.5
2003,-1.197165646951806,-2.143896124690165,-1.9186371082832352,0.9307868211479029,1.2130509143063424,0.785184339212005,2503.75
2004,-1.1971656434077866,-2.1438961568183963,-1.9186371149346026,0.9307868457761939,1.2130509048367104,0.7086328403197928,2505.0
2005,-1.1971656441231326,-2.143896197110356,-1.918637119780316,0.9307868913100071,1.2130509043150095,0.6220813474506093,2506.25
2006,-1.1971656449355985,-2.1438962421442955,-1.9186371251062724,0.9307869424782975,1.2130509038615984,0.5255298665158339,2507.5
2007,-1.197165652851821,-2.1438962898927154,-1.918637132329197,0.9307869978268801,1.2130509112936783,0.4189783922936087,2508.75
2008,-1.1971656692163195,-2.1438963399730637,-1.9186371417151276,0.9307870571033965,1.2130509281233026,0.30242692626058204,2510.0
2009,-1.1971656882508983,-2.1438963936072617,-1.9186371520851828,0.930787120876818,1.213050947666788,0.17587546837424958,2511.25
2010,-1.1971657235878517,-2.143896442803344,-1.9186371653469607,0.9307871828710635,1.2130509834467769,0.03932401644278123,2512.5
2011,-1.197165762310149,-2.143896494796332,-1.9186371796502268,0.930787248662501,1.2130510226380078,-0.10722743477721014,2513.75
2012,-1.1971658180775453,-2.143896535787751,-1.9186371961965059,0.9307873055423802,1.213051078795291,-0.263778879010741,2515.0
2013,-1.1971658795956193,-2.1438965736146116,-1.9186372135651408,0.9307873600266195,1.2130511406820421,-0.4281054738307455,2516.25
2014,-1.197165946340915,-2.1438965959550154,-1.9186372301734176,0.9307873982399807,1.213051207672019,-0.5852232614878902,2517.5
2015,-1.197166010960058,-2.1438966087280074,-1.9186372451936948,0.9307874253385358,1.2130512724544564,-0.7323410491452178,2518.75
2016,-1.1971660738945435,-2.1438966102388135,-1.9186372585155098,0.9307874395157564,1.213051335457156,-0.8694588368027517,2520.0
2017,-1.1971661321164666,-2.143896606259936,-1.9186372701968666,0.9307874466223441,1.213051393697504,-0.9965766244604678,2521.25
2018,-1.1971661855183968,-2.14389659208342,-1.9186372796523803,0.9307874413752062,1.2130514470288514,-1.1136944121182626,2522.5
2019,-1.1971662343606524,-2.1438965791173565,-1.9186372883005358,0.9307874365760873,1.2130514958065504,-1.2208121997762231,2523.75
2020,-1.1971662755872838,-2.1438965580106006,-1.918637294385064,0.9307874211673977,1.213051536894238,-1.3179299874343244,2525.0
2021,-1.1971663118295275,-2.1438965368146867,-1.918637299418156,0.9307874046699626,1.2130515729923885,-1.4050477750925003,2526.25
2022,-1.19716634391163,-2.1438965180517933,-1.9186373038735092,0.9307873900662182,1.213051604946938,-1.4821655627506933,2527.5
2023,-1.197166370195391,-2.143896499441191,-1.9186373071363418,0.930787374482063,1.213051631099284,-1.5492833504088073,2528.75
2024,-1.1971663897501037,-2.1438964796871356,-1.918637308857376,0.9307873562846367,1.2130516505071287,-1.6064011380668521,2530.0
2025,-1.1971664058812395,-2.143896463391557,-1.9186373102770973,0.9307873412731575,1.2130516665171098,-1.6535189257248513,2531.25
2026,-1.1971664185887991,-2.1438964505544558,-1.9186373113955035,0.9307873294476248,1.2130516791292278,-1.6906367133828402,2532.5
2027,-1.197166427872782,-2.143896441175832,-1.9186373122125961,0.930787320808039,1.2130516883434825,-1.7177545010408621,2533.75
2028,-1.1971664337331882,-2.1438964352556855,-1.9186373127283762,0.9307873153544012,1.2130516941598735,-1.734872288698867,2535.0
2029,-1.1971025538133382,-2.143772397667357,-1.9188941474591743,0.9309201319236786,1.2129880251096312,-1.7421862234148966,2536.25
2030,-1.1965672047028986,-2.1427329573298755,-1.9210464765799231,0.9320331836882708,1.2124544432936508,-1.7407887768377304,2537.5
2031,-1.196479514917259,-2.1425627081708982,-1.9213990120200197,0.9322154966941436,1.2123670430043503,-1.7302743613752534,2538.75
2032,-1.1963084255494434,-2.142230539255579,-1.9220868351813925,0.9325712030822002,1.2121965184656684,-1.7097599459127963,2540.0
2033,-1.1960539365994514,-2.141736450583916,-1.9231099460640415,0.9331003028524407,1.211942869677605,-1.6792455304503302,2541.25
2034,-1.1957154695282757,-2.141080717368327,-1.9244678128605421,0.9338025407212036,1.2116055156178074,-1.6387311011256647,2542.5
2035,-1.1952892186947515,-2.140265150225801,-1.9261569367911096,0.9346762371519737,1.211180634308791,-1.5882165798564174,2543.75
2036,-1.1947785860195674,-2.13928813106472,-1.9281804445558954,0.9357228930424832,1.2106716422731272,-1.5277020585871401,2545.0
2037,-1.1941822743932575,-2.138150254837496,-1.9305371892453584,0.9369419590091117,1.2100772377713713,-1.4571875030353973,2546.25
2038,-1.1934974975667174,-2.1368527997507787,-1.9332247067923543,0.9383322547195263,1.2093946246083804,-1.3766728506636037,2547.5
2039,-1.192726157123785,-2.13539488014691,-1.9362447063622252,0.9398946002880352,1.208625710736737,-1.2861581622560436,2548.75
2040,-1.1918644934398477,-2.133778186942746,-1.9395939329374605,0.9416274400155538,1.2077667220719266,-1.185643358146973,2550.0
2041,-1.1909126351813522,-2.132002619481335,-1.9432725860330662,0.9435308724323528,1.2068177879819189,-1.0751284512634103,2551.25
2042,-1.189870049944556,-2.130068400662057,-1.9472802388035855,0.9456046948007497,1.2057783741221757,-0.954613442048401,2552.5
2043,-1.1887332737449012,-2.127976993628873,-1.9516140874794043,0.9478475743277368,1.2046450037834875,-0.8240982647134528,2553.75
2044,-1.1875009407850599,-2.1257289089602036,-1.9562731632067305,0.9502590559819186,1.203416306608337,-0.6835829078592452,2555.0
2045,-1.1861721200730935,-2.123324473289871,-1.9612568496610638,0.9528388523372316,1.2020913486451583,-0.5330673723118368,2556.25
2046,-1.1847450561626176,-2.120765360206926,-1.9665618232076376,0.9555853184022084,1.200668365625718,-0.3726037504216726,2557.5
2047,-1.1833194841723003,-2.1182327823942657,-1.9718125070784531,0.9583040500724135,1.1992468009199113,-0.21353168424785907,2558.75
2048,-1.1819736439599293,-2.115863276160104,-1.9767257531895646,0.9608483993773811,1.1979046819202095,-0.06445942617661453,2560.0
2049,-1.1807096382930768,-2.1136559601759863,-1.9813032494116904,0.9632191680938068,1.1966441190770514,0.07461298871593122,2561.25
2050,-1.1795296221345628,-2.1116099698313118,-1.985546645998149,0.9654171368807241,1.1954672749572504,0.20368552802998247,2562.5
2051,-1.178432086354615,-2.109725802806609,-1.9894550093853054,0.9674418736414532,1.1943726358625426,0.3227582178334604,2563.75
2052,-1.1774221465272927,-2.108001529637332,-1.9930320036354114,0.9692951008158422,1.1933653345571416,0.4318309787277735,2565.0
2053,-1.176501422997892,-2.106436563566464,-1.9962787390646917,0.9709773380412425,1.1924469966585083,0.5309037947780908,2566.25
2054,-1.1756674504854048,-2.105031748588143,-1.9991936267732493,0.9724878465230229,1.191615149208039,0.6199767026539986,2567.5
2055,-1.1749265074637152,-2.1037848607867518,-2.001780866727296,0.9738285869691771,1.1908760907585632,0.6990496200090013,2568.75
2056,-1.174274558064979,-2.102697293450913,-2.004037833868018,0.9749983375834048,1.1902257727924572,0.768122603319207,2570.0
2057,-1.1737164188187608,-2.101767377407899,-2.0059676741613925,0.9759985632746813,1.1896690269803731,0.8271955954094533,2571.25
2058,-1.1732527180143941,-2.1009948946027985,-2.007570798642054,0.9768294554735759,1.1892064835890623,0.8762685880439587,2572.5
2059,-1.1728804620808155,-2.1003808598022164,-2.0088452987113032,0.9774901278061172,1.1888351397978796,0.915341622666791,2573.75
2060,-1.1726034779727221,-2.0999239755292316,-2.0097936147302113,0.977981713621854,1.188558834386686,0.9444146572897024,2575.0
2061,-1.1724217656901146,-2.099624241783844,-2.010415746698775,0.9783042129207842,1.188377567355482,0.9634876919125793,2576.25
2062,-1.1723328843437117,-2.099477644143477,-2.010720027666279,0.9784619456958458,1.1882889037752615,0.9725654267710304,2577.5
2063,-1.1716639236482849,-2.098377490456206,-2.013003705391697,0.9796458442096039,1.1876215764802311,0.9726538446613656,2578.75
2064,-1.1716554597943392,-2.0983639791410527,-2.013031774508292,0.9796604070428863,1.1876131325788917,0.9639681741321943,2580.0
2065,-1.1716550214366719,-2.0983641348411037,-2.0130314998337573,0.9796602889450635,1.1876126937587759,0.9453086548107869,2581.25
2066,-1.1716543481545891,-2.098364373983846,-2.0130310779557874,0.9796601075563163,1.1876120197664086,0.9166491354893544,2582.5
2067,-1.1716534398226899,-2.0983646966249405,-2.0130305088076037,0.9796598630387412,1.187611109524812,0.8779896329718346,2583.75
2068,-1.1716522964255853,-2.098365102771207,-2.0130297923809986,0.9796595554120167,1.18760996290286,0.8293301434893143,2585.0
2069,-1.171650918049216,-2.098365592384494,-2.0130289287217344,0.9796591845649978,1.187608580638906,0.7706706540067533,2586.25
2070,-1.1716506238281221,-2.098365725176981,-2.013028747252777,0.9796591366120708,1.1876082854121406,0.7020111797281391,2587.5
2071,-1.1716506246485547,-2.098365764531336,-2.013028751808612,0.9796591805774257,1.1876082859883847,0.623351709047101,2588.75
2072,-1.1716506255779833,-2.0983658089196178,-2.0130287569167673,0.979659230263608,1.1876082866772526,0.5346922443538014,2590.0
2073,-1.1716506316783406,-2.098365856947966,-2.0130287635056656,0.9796592849417232,1.1876082927480536,0.4360327844650762,2591.25
2074,-1.1716506479014839,-2.0983659072739855,-2.0130287724652676,0.9796593439858459,1.187608309378371,0.3273733321594664,2592.5
2075,-1.1716506656184578,-2.0983659622308104,-2.0130287822501614,0.9796594084611256,1.1876083275459195,0.2087138878774974,2593.75
2076,-1.1716506982760588,-2.098366013884765,-2.0130287947124903,0.9796594721431077,1.187608360627628,0.08005445170051279,2595.0
2077,-1.1716507364268054,-2.098366067810025,-2.0130288085506036,0.9796595394062788,1.1876083992211837,-0.05860497994701146,2596.25
2078,-1.1716507885741663,-2.098366114147504,-2.0130288243858567,0.9796596009536671,1.187608451763567,-0.20726441031220802,2597.5
2079,-1.1716508486580999,-2.0983661590820715,-2.0130288416797932,0.9796596624797194,1.1876085122377054,-0.36592383432557807,2598.75
2080,-1.171650921381353,-2.0983661867942383,-2.013028859610557,0.9796597073285299,1.1876085852295313,-0.5299286711060145,2600.0
2081,-1.1716509919291123,-2.098366208629071,-2.0130288764369357,0.9796597452299919,1.187608655999272,-0.6849431894826712,2601.25
2082,-1.1716510626774617,-2.0983662105749232,-2.0130288910665115,0.9796597610854307,1.1876087268178406,-0.8299577078593912,2602.5
2083,-1.1716511285164317,-2.098366211035707,-2.013028904529009,0.979659774341521,1.1876087927118446,-0.9649722262363785,2603.75
2084,-1.1716511891035626,-2.09836619493032,-2.0130289150579475,0.9796597681858356,1.1876088532233615,-1.0899867446135325,2605.0
2085,-1.1716512448442897,-2.0983661801132194,-2.0130289247446607,0.979659762522544,1.187608908894523,-1.2050012629908526,2606.25
2086,-1.1716512928091274,-2.098366157497398,-2.0130289319700982,0.9796597466943284,1.1876089567241404,-1.3100157813683269,2607.5
2087,-1.1716513348195905,-2.0983661327330387,-2.013028937740969,0.9796597273277753,1.1876089985783127,-1.4050302997458144,2608.75
2088,-1.1716513724085766,-2.098366110575058,-2.013028942904468,0.9796597099994923,1.1876090360274574,-1.490044818123384,2610.0
2089,-1.1716514025701106,-2.098366086774575,-2.013028946370287,0.979659689409636,1.1876090660307927,-1.5650593365009806,2611.25
2090,-1.171651426224637,-2.098366062632619,-2.013028948472285,0.9796596671810476,1.1876090895194218,-1.6300738548785156,2612.5
2091,-1.1716514462408185,-2.0983660422039816,-2.01302895025097,0.9796596483714777,1.1876091093952228,-1.6850883732559707,2613.75
2092,-1.1716514626186552,-2.0983660254886622,-2.0130289517063407,0.9796596329809253,1.1876091256581958,-1.7301028916333587,2615.0
2093,-1.1716514753581464,-2.0983660124866605,-2.0130289528383996,0.9796596210093929,1.1876091383083403,-1.765117410010787,2616.25
2094,-1.171651484459292,-2.098366003197976,-2.013028953647147,0.9796596124568798,1.1876091473456565,-1.7901319283882269,2617.5
2095,-1.1716514899220924,-2.098365997622609,-2.0130289541325834,0.9796596073233866,1.1876091527701442,-1.8051464467656786,2618.75
2096,-1.172580497961624,-2.0999760611565805,-2.009844907347656,0.9780850187830601,1.188536438622359,-1.811981503966267,2620.0
2097,-1.1741587626343826,-2.1027113650608316,-2.0044356050864365,0.9754099906467582,1.1901117769160356,-1.8094774592619933,2621.25
2098,-1.1743645121489703,-2.1030679607426723,-2.0037304117100234,0.9750612532738616,1.1903171426679673,-1.7988715136285136,2622.5
2099,-1.174364504319218,-2.103067965586199,-2.0037304132583302,0.9750612490433026,1.1903171304171336,-1.7788375313299492,2623.75
2100,-1.17436449258123,-2.1030679728473802,-2.0037304155794775,0.975061242701052,1.1903171120512732,-1.748803549031368,2625.0
2101,-1.1743644769350066,-2.1030679825262175,-2.003730418673465,0.9750612342471098,1.190317087570386,-1.708769566732828,2626.25
2102,-1.1743644575370158,-2.1030679944862802,-2.0037304226799684,0.9750612231808173,1.1903170582901772,-1.6587355890150242,2627.5
2103,-1.1743644349461924,-2.1030680082402196,-2.003730428097939,0.9750612077137246,1.1903170289105987,-1.5987016294598977,2628.75
2104,-1.1743644085923615,-2.1030680242851854,-2.0037304344183937,0.9750611896702411,1.1903169946371932,-1.528667669904669,2630.0
2105,-1.1743643737470237,-2.103068044801289,-2.003730430020105,0.9750612044646952,1.1903169611655118,-1.448633726448973,2631.25
2106,-1.1743643344182366,-2.1030680679690645,-2.0037304247208803,0.9750612222210413,1.1903169237043039,-1.3585997868438784,2632.5
2107,-1.1743642907319967,-2.1030680937860238,-2.0037304187663567,0.9750612422738453,1.190316882173104,-1.2585658565123963,2633.75
2108,-1.174364238522598,-2.1030681101568542,-2.0037304099490747,0.9750612503581346,1.1903168304082348,-1.1485319359961559,2635.0
2109,-1.1743641807120513,-2.103068125542114,-2.0037303998633993,0.9750612563045047,1.1903167726758919,-1.0284980229826974,2636.25
2110,-1.1743641179011957,-2.1030681341446735,-2.0037303880003696,0.9750612537201953,1.1903167098787948,-0.898464116887975,2637.5
2111,-1.1743640500078198,-2.1030681322962836,-2.0037303739345615,0.975061238498224,1.1903166419137938,-0.7584302145209774,2638.75
2112,-1.1743639794851641,-2.1030681216967664,-2.0037303583445505,0.9750612130454493,1.1903165712513575,-0.6083963149907854,2640.0
2113,-1.1743639076682806,-2.1030680971608477,-2.0037303409174676,0.975061171861622,1.1903164991886517,-0.4483624220883369,2641.25
2114,-1.1743638404693988,-2.103068058626015,-2.003730322852998,0.9750611160239377,1.1903164316397705,-0.2821275414557669,2642.5
2115,-1.1743637811191554,-2.103068014308417,-2.003730305737796,0.9750610552852877,1.1903163719011844,-0.1244208723292354,2643.75
2116,-1.1743637380874685,-2.103067959999989,-2.003730290825704,0.9750609866142669,1.1903163284171179,0.02328579679750506,2645.0
2117,-1.1743637004360723,-2.1030679068530893,-2.003730277142824,0.9750609202770114,1.190316290326548,0.16099246592441258,2646.25
2118,-1.1743636782516844,-2.103067850066088,-2.0037302662059875,0.9750608528964506,1.1903162676871901,0.28869913505152944,2647.5
2119,-1.174363660789795,-2.1030677959674122,-2.003730256536424,0.975060789418001,1.1903162497947757,0.40640580417877703,2648.75
2120,-1.17436365051715,-2.103067744948579,-2.0037302486817934,0.9750607307550131,1.1903162391210205,0.514112473306178,2650.0
2121,-1.174363649416401,-2.103067696482727,-2.0037302429873045,0.9750606767068248,1.1903162376460867,0.611819142433726,2651.25
2122,-1.1743636484283104,-2.1030676529772196,-2.0037302378756228,0.9750606281903119,1.1903162363221085,0.6995258115612947,2652.5
2123,-1.1743636501944144,-2.1030676145039813,-2.00373023389402,0.975060585797733,1.1903162377932666,0.7772324806889033,2653.75
2124,-1.1743636587750081,-2.103067581173569,-2.003730231883694,0.9750605504394421,1.1903162461239223,0.8449391498164589,2655.0
2125,-1.174363666088283,-2.1030675527659226,-2.0037302301702846,0.9750605203034269,1.1903162532241742,0.9026458189439208,2656.25
2126,-1.174363672134239,-2.103067529281045,-2.0037302287537884,0.9750604953896862,1.1903162590940224,0.9503524880713579,2657.5
2127,-1.1743636769128765,-2.1030675107189336,-2.00373022763421,0.9750604756982215,1.1903162637334663,0.98805915719875,2658.75
2128,-1.174363680424195,-2.1030674970795884,-2.00373022681155,0.9750604612290333,1.1903162671425063,1.0157658263261824,2660.0
2129,-1.1743636826681945,-2.1030674883630094,-2.003730226285807,0.9750604519821214,1.1903162693211422,1.0334724954536265,2661.25
2130,-1.1748553016661512,-2.103933433616403,-2.002016792110161,0.9742126578135435,1.1908069427971129,1.0423268852628789,2662.5
2131,-1.1764869513746103,-2.106807467216633,-1.9963300097722365,0.9713988953299496,1.1924354543961635,1.0425175517115446,2663.75
2132,-1.1770386736899112,-2.1077792915302314,-1.9944070913492808,0.9704474537286042,1.1929861150035084,1.0339454772853214,2665.0
2133,-1.1770386713462968,-2.107779297590985,-1.9944070939913505,0.9704474524657679,1.192986111401402,1.0166269901484328,2666.25
2134,-1.177038667649438,-2.107779307151324,-1.9944070981589979,0.9704474504737479,1.1929861057193758,0.9893085030115545,2667.5
2135,-1.177038662599335,-2.10777932021125,-1.9944071038522229,0.9704474477525438,1.1929860979574298,0.9519900158746579,2668.75
2136,-1.1770386561959878,-2.1077793367707613,-1.9944071110710255,0.9704474443021559,1.192986088115564,0.9046715287377999,2670.0
2137,-1.1770386476238706,-2.107779357190969,-1.9944071193987085,0.970447441261571,1.192986069297284,0.8473530562629905,2671.25
2138,-1.1770386374879267,-2.107779381204008,-1.9944071291443715,0.9704474377859063,1.1929860466182998,0.7800345849148127,2672.5
2139,-1.1770386346569965,-2.1077794163760126,-1.9944071354455981,0.970447467338214,1.1929860388548854,0.7027161252141074,2673.75
2140,-1.177038635411661,-2.10777945950208,-1.9944071403675954,0.9704475157578245,1.1929860382882729,0.6153976703979329,2675.0
2141,-1.1770386362687764,-2.107779507667881,-1.9944071457644372,0.9704475701541295,1.1929860377927344,0.5180792282647624,2676.25
2142,-1.1770386457680642,-2.1077795584022954,-1.9944071533317858,0.9704476287404373,1.1929860468999904,0.41076079276790245,2677.5
2143,-1.1770386630682348,-2.1077796119388745,-1.994407162911354,0.9704476916515536,1.192986064665413,0.2934423652992396,2678.75
2144,-1.1770386844205116,-2.1077796685174524,-1.994407173667198,0.9704477587209075,1.1929860865173116,0.1661239456538544,2680.0
2145,-1.1770387217324791,-2.1077797211127836,-1.9944071872537608,0.9704478244130925,1.1929861242707518,0.0288055313881575,2681.25
2146,-1.1770387637835165,-2.1077797754786824,-1.9944072020101722,0.9704478929934159,1.192986166780262,-0.11851288180425387,2682.5
2147,-1.1770388226199104,-2.107779819345516,-1.9944072190104993,0.970447953171945,1.1929862260044015,-0.2758312880474607,2683.75
2148,-1.1770388888991754,-2.107779858365239,-1.9944072369843289,0.9704480094113062,1.1929862926397397,-0.44196128736757223,2685.0
2149,-1.1770389604444436,-2.1077798827611147,-1.9944072543795417,0.9704480504249924,1.1929863644317895,-0.6023850462368533,2686.25
2150,-1.1770390305006995,-2.1077798941105916,-1.9944072699931397,0.9704480766527545,1.1929864346323078,-0.7528088051062891,2687.5
2151,-1.1770390981606986,-2.107779895933522,-1.9944072840380676,0.970448091829334,1.1929865023606605,-0.8932325639759693,2688.75
2152,-1.177039160785525,-2.1077798880812377,-1.9944072959577555,0.9704480952766162,1.1929865649746616,-1.0236563228458606,2690.0
2153,-1.1770392184254972,-2.107779872768165,-1.9944073060132042,0.9704480894649408,1.192986622541869,-1.144080081715825,2691.25
2154,-1.1770392707184345,-2.1077798569920247,-1.9944073149225885,0.9704480820994231,1.1929866747541622,-1.2545038405859434,2692.5
2155,-1.1770393145716251,-2.107779831183153,-1.9944073209699251,0.9704480619456177,1.1929867184420253,-1.354927599456197,2693.75
2156,-1.177039354058003,-2.1077798079442793,-1.994407326415075,0.970448043798686,1.1929867577795386,-1.445351358326549,2695.0
2157,-1.1770393891775675,-2.1077797872754034,-1.9944073312580415,0.9704480276586296,1.1929867927667008,-1.5257751171969107,2696.25
2158,-1.177039414558732,-2.107779761604589,-1.994407333542912,0.9704480040678294,1.192986817968815,-1.5961988760672576,2697.5
2159,-1.1770394362715573,-2.1077797394883615,-1.9944073354799323,0.9704479837136947,1.1929868395272596,-1.6566226349375284,2698.75
2160,-1.1770394543909581,-2.107779721032322,-1.9944073370963769,0.9704479667281228,1.1929868575178297,-1.7070463938077127,2700.0
2161,-1.177039468916934,-2.1077797062364705,-1.9944073383922487,0.9704479531111156,1.1929868719405243,-1.7474701526779213,2701.25
2162,-1.1770394798494843,-2.107779695100806,-1.9944073393675485,0.9704479428626738,1.1929868827953434,-1.777893911548113,2702.5
2163,-1.1770394871886096,-2.107779687625328,-1.9944073400222768,0.9704479359827971,1.1929868900822866,-1.7983176704182877,2703.75
2164,-1.1772019870910007,-2.1080705753395903,-1.993831448294025,0.9701628359601157,1.193149065862853,-1.80922255180276,2705.0
2165,-1.1787110606586568,-2.1107720359631896,-1.9884832367788658,0.9675151936214084,1.194655129568246,-1.8121461610823792,2706.25
2166,-1.179677335693458,-2.1125018164190172,-1.9850587121148604,0.9658198752774881,1.1956194759388035,-1.8056357396397869,2707.5
2167,-1.1796773300625383,-2.112501819901081,-1.9850587132343624,0.9658198722562227,1.1956194670691471,-1.7910561139383903,2708.75
2168,-1.1796773205694346,-2.1125018257714534,-1.985058715121718,0.9658198671627053,1.195619452115894,-1.7664764882369772,2710.0
2169,-1.179677307214147,-2.1125018340301343,-1.9850587177769272,0.9658198599969361,1.1956194310790442,-1.7318968625355766,2711.25
2170,-1.1796772899966756,-2.112501844677123,-1.9850587211999904,0.9658198507589152,1.195619403958598,-1.687317236834188,2712.5
2171,-1.179677269439475,-2.1125018572460164,-1.9850587258714372,0.9658198377289281,1.1956193751955686,-1.6327376263206057,2713.75
2172,-1.1796772454134608,-2.112501871852049,-1.9850587316725432,0.9658198213318632,1.1956193436927152,-1.5681580237560722,2715.0
2173,-1.1796772156923288,-2.1125018896250927,-1.9850587334614622,0.9658198172262223,1.1956193098523424,-1.4935784282780777,2716.25
2174,-1.1796771791947638,-2.1125019110608623,-1.9850587285493595,0.9658198335327439,1.1956192750656223,-1.4089988421363686,2717.5
2175,-1.1796771383924685,-2.1125019351032437,-1.9850587229923624,0.9658198520761827,1.1956192362551317,-1.3144192652945503,2718.75
2176,-1.1796770918916668,-2.112501957706594,-1.985058716060269,0.9658198680433437,1.195619191341937,-1.2098396953734587,2720.0
2177,-1.1796770373888215,-2.1125019722041456,-1.9850587065140541,0.965819873605852,1.195619136923709,-1.0952601340169832,2721.25
2178,-1.1796769781267953,-2.1125019879679394,-1.985058696133542,0.965819879656719,1.195619077735525,-0.9706805821746396,2722.5
2179,-1.1796769137297909,-2.1125019883540057,-1.985058682974797,0.9658198675509739,1.1956190132860962,-0.8361010360124592,2723.75
2180,-1.1796768444964032,-2.1125019865085717,-1.9850586685743168,0.9658198520134678,1.1956189439784108,-0.6915214908101089,2725.0
2181,-1.1796767752152595,-2.1125019661661417,-1.9850586520631321,0.9658198159068486,1.1956188744812635,-0.5369419513537055,2726.25
2182,-1.1796767031479591,-2.1125019398423572,-1.9850586343014762,0.9658197726091016,1.1956188021494483,-0.372412869024527,2727.5
2183,-1.1796766425042622,-2.11250189469651,-1.9850586167435256,0.9658197106153932,1.195618741103065,-0.20925391323088308,2728.75
2184,-1.1796765899162667,-2.1125018479024367,-1.9850586006495652,0.965819648358792,1.1956186881060036,-0.05609495743711458,2730.0
2185,-1.1796765512586016,-2.112501793482107,-1.9850585865447674,0.9658195803388666,1.1956186489908396,0.08706399835681972,2731.25
2186,-1.1796765194272922,-2.1125017404367594,-1.9850585739953526,0.9658195151769727,1.19561861671833,0.22022295415099222,2732.5
2187,-1.1796765013838895,-2.112501684672468,-1.9850585639632787,0.9658194496786396,1.1956185982236063,0.34338190994535517,2733.75
2188,-1.1796764848055372,-2.1125016334360116,-1.9850585547457598,0.9658193894984983,1.1956185812305784,0.45654086573981384,2735.0
2189,-1.1796764815094762,-2.112501583588685,-1.9850585484085366,0.9658193334496754,1.195618577541485,0.5596998215343704,2736.25
2190,-1.1796764804746829,-2.1125015380577126,-1.9850585430250587,0.9658192826390775,1.1956185761492937,0.6528587773290437,2737.5
2191,-1.179676479550968,-2.1125014974141916,-1.9850585382194579,0.9658192372826608,1.1956185749065449,0.7360177331238219,2738.75
2192,-1.179676485710637,-2.112501461843989,-1.9850585354419883,0.9658191989451623,1.1956185807926503,0.8091766889185472,2740.0
2193,-1.1796764936174586,-2.1125014312048496,-1.985058533582706,0.9658191664290169,1.1956185884659403,0.8723356447132071,2741.25
2194,-1.179676500272388,-2.112501405416827,-1.9850585320178031,0.9658191390611741,1.1956185949243134,0.9254946005077609,2742.5
2195,-1.1796765056754253,-2.1125013844799216,-1.9850585307472803,0.9658191168416339,1.1956186001677693,0.9686535563023022,2743.75
2196,-1.1796765098265698,-2.1125013683941303,-1.9850585297711394,0.9658190997703969,1.1956186041963077,1.0018125120969121,2745.0
2197,-1.179676512725822,-2.1125013571594544,-1.985058529089381,0.9658190878474637,1.1956186070099295,1.0249714678914486,2746.25
2198,-1.1796820597458542,-2.112511439246697,-1.9850385454885477,0.9658091832202154,1.1956241425157812,1.038148858020542,2747.5
2199,-1.180862289052148,-2.1146585813115073,-1.9807854912722327,0.9637026091703237,1.1968019315934482,1.0435817879407678,2748.75
2200,-1.1822226247097642,-2.117133390352561,-1.9758834048175147,0.9612745664131611,1.1981594543322789,1.0392991248562962,2750.0
2201,-1.1822778680422987,-2.1172338994996114,-1.9756843267996873,0.9611759597346667,1.1982145825332133,1.0272970283434661,2751.25
2202,-1.182277865116262,-2.117233907030129,-1.975684330109802,0.9611759581651447,1.1982145779549624,1.0054751663428756,2752.5
2203,-1.1822778608493514,-2.1172339180115514,-1.9756843349367967,0.9611759558763795,1.1982145712787005,0.9736533043422668,2753.75
2204,-1.1822778552415667,-2.117233932443879,-1.9756843412806715,0.9611759528683715,1.1982145625044274,0.9318314423416966,2755.0
2205,-1.1822778479831815,-2.1172339504694153,-1.9756843489772207,0.961175949595733,1.1982145489844094,0.8800095864918163,2756.25
2206,-1.1822778387720465,-2.1172339722269826,-1.9756843578662562,0.9611759465019544,1.1982145281356895,0.8181877407054277,2757.5
2207,-1.1822778299016377,-2.1172339990701436,-1.975684367171533,0.9611759498452005,1.1982145077592863,0.7463658974807548,2758.75
2208,-1.1822778306007298,-2.1172340388943893,-1.9756843717429438,0.9611759945985106,1.1982145072370742,0.6645440681678193,2760.0
2209,-1.182277831392269,-2.1172340836291186,-1.9756843768344838,0.9611760450071394,1.1982145067111862,0.5727222446043114,2761.25
2210,-1.1822778324825016,-2.117234133234901,-1.9756843824694612,0.9611761011116199,1.1982145064351724,0.4709004282356216,2762.5
2211,-1.182277848767417,-2.117234183511177,-1.9756843915242095,0.9611761602530269,1.19821452315976,0.35907862339165286,2763.75
2212,-1.182277866510345,-2.1172342382819287,-1.9756844013903714,0.9611762246772344,1.1982145413943996,0.23725682589771194,2765.0
2213,-1.1822778956939057,-2.117234291666406,-1.9756844134608733,0.9611762897569893,1.1982145710454304,0.1054350347229987,2766.25
2214,-1.1822779337549947,-2.1172343451747206,-1.9756844273774856,0.9611763566824156,1.198214609563169,-0.03638675381877711,2767.5
2215,-1.1822779835311243,-2.1172343932742868,-1.9756844430841394,0.9611764198816255,1.1982146597610654,-0.18820853837618212,2768.75
2216,-1.1822780433080808,-2.117234437707939,-1.9756844604272634,0.9611764809578645,1.1982147199377593,-0.35003031651353006,2770.0
2217,-1.1822781137661027,-2.1172344667673375,-1.9756844782127125,0.9611765270245105,1.1982147906829639,-0.5155291259829597,2771.25
2218,-1.1822781824994628,-2.11723448990024,-1.9756844949685346,0.9611765661647093,1.1982148596553235,-0.6714474853000222,2772.5
2219,-1.182278251944893,-2.1172344917309576,-1.9756845094433084,0.961176581757702,1.198214929172149,-0.8173658446172151,2773.75
2220,-1.1822783166311297,-2.1172344934362193,-1.9756845229260938,0.9611765962820804,1.1982149939248878,-0.9532842039346975,2775.0
2221,-1.182278376170089,-2.117234477948842,-1.9756845333924171,0.961176590684838,1.1982150533903848,-1.0792025632523683,2776.25
2222,-1.1822784309739394,-2.117234463395283,-1.975684542992406,0.9611765852015097,1.1982151081242631,-1.1951209225701285,2777.5
2223,-1.1822784785706946,-2.117234442444032,-1.9756845503828426,0.9611765711974991,1.1982151555946232,-1.3010392818880145,2778.75
2224,-1.1822785199438959,-2.1172344181311233,-1.9756845561117244,0.9611765522406281,1.1982151968097845,-1.3969576412060278,2780.0
2225,-1.1822785570037222,-2.1172343963529676,-1.9756845612433334,0.9611765352601085,1.1982152337280478,-1.4828760005240789,2781.25
2226,-1.1822785873072714,-2.1172343736751564,-1.975684564884491,0.9611765159602672,1.1982152638773915,-1.5587943598422012,2782.5
2227,-1.182278610705062,-2.117234349887539,-1.9756845669805436,0.9611764940782506,1.1982152871065517,-1.6247127191602178,2783.75
2228,-1.1822786305533424,-2.1172343297085696,-1.9756845687586182,0.9611764755157967,1.1982153068117833,-1.6806310784781568,2785.0
2229,-1.1822786468521127,-2.1172343131382494,-1.975684570218713,0.961176460272904,1.1982153229930874,-1.7265494377960546,2786.25
2230,-1.1822786596013728,-2.1172343001765777,-1.9756845713608315,0.9611764483495753,1.1982153356504623,-1.7624677971139642,2787.5
2231,-1.1822786688011218,-2.117234290823554,-1.9756845721849736,0.9611764397458104,1.1982153447839081,-1.7883861564318566,2788.75
2232,-1.1822786744513603,-2.1172342850791783,-1.9756845726911398,0.9611764344616094,1.198215350393425,-1.8043045157498172,2790.0
2233,-1.183010208171475,-2.1185867281998525,-1.9730042592988024,0.9598481754742847,1.1989453167426516,-1.8118390612203668,2791.25
2234,-1.1845449907740084,-2.1214242173213975,-1.9673808476106698,0.9570614362946768,1.2004768104897694,-1.810282611282845,2792.5
2235,-1.184844380681263,-2.1219777350855744,-1.966283876545369,0.9565178188251213,1.2007755567204372,-1.8004193225696137,2793.75
2236,-1.1848443734128355,-2.1219777395788673,-1.966283877998126,0.9565178149533802,1.2007755451937785,-1.7813779789514779,2795.0
2237,-1.1848443623272265,-2.1219777464319156,-1.9662838802138318,0.9565178090483051,1.2007755276136296,-1.7523366353333545,2796.25
2238,-1.1848443474244355,-2.121977755644721,-1.9662838831924865,0.9565178011098963,1.2007755039799908,-1.713295291715243,2797.5
2239,-1.1848443287791834,-2.1219777671489664,-1.9662838870049246,0.9565177908851378,1.2007754749348605,-1.6642539504768115,2798.75
2240,-1.184844307059722,-2.1219777803336837,-1.9662838922846384,0.9565177761112411,1.2007754462198066,-1.605212629978417,2800.0
2241,-1.184844281661572,-2.1219777957515356,-1.9662838984585935,0.9565177588350467,1.2007754126412007,-1.5361713094799492,2801.25
2242,-1.1848442485116566,-2.1219778152604745,-1.9662838952776749,0.9565177697297436,1.2007753797830194,-1.4571300033349501,2802.5
2243,-1.1848442105566288,-2.121977837533762,-1.9662838901358979,0.9565177866928547,1.2007753436295994,-1.3680887014107805,2803.75
2244,-1.1848441683512103,-2.121977862391496,-1.9662838843421757,0.9565178059167553,1.2007753035215738,-1.2690474101100242,2805.0
2245,-1.184844118330893,-2.1219778795192052,-1.966283876001405,0.9565178151787106,1.2007752541505186,-1.1600061274625615,2806.25
2246,-1.184844062394793,-2.12197789439312,-1.9662838661622493,0.9565178208452396,1.200775198294651,-1.0409648525270252,2807.5
2247,-1.1848440016220552,-2.1219779045144183,-1.9662838547898935,0.9565178202608907,1.200775137550307,-0.9119235848828297,2808.75
2248,-1.1848439358528797,-2.1219779028002606,-1.9662838410519625,0.9565178054851424,1.2007750717093801,-0.7728823216331238,2810.0
2249,-1.1848438669803212,-2.121977894673936,-1.9662838259421027,0.9565177829694747,1.2007750027123625,-0.6238410606282427,2811.25
2250,-1.1848437973499988,-2.121977871068161,-1.966283808906503,0.9565177430878298,1.2007749328363944,-0.4647998063395253,2812.5
2251,-1.1848437305919677,-2.12197783570337,-1.9662837911179627,0.9565176906886343,1.2007748657415023,-0.2984345946682445,2813.75
2252,-1.1848436723284637,-2.121977792459414,-1.9662837741776622,0.9565176311875827,1.200774807085449,-0.1397394332944138,2815.0
2253,-1.184843628561663,-2.121977740944805,-1.9662837592767302,0.9565175653236222,1.2007747628722905,0.008955728079483492,2816.25
2254,-1.1848435915681435,-2.121977689004494,-1.9662837457217508,0.9565175003114831,1.2007747254346435,0.1476508894536479,2817.5
2255,-1.18484356817466,-2.121977634389049,-1.9662837346612094,0.9565174349849165,1.2007747015870178,0.27634605082799346,2818.75
2256,-1.184843550999334,-2.1219775814333346,-1.9662837250707361,0.9565173727211929,1.2007746839759186,0.39504121220254984,2820.0
2257,-1.1848435394687393,-2.1219775318245544,-1.9662837170251497,0.956517315284799,1.200774672040875,0.503736373577231,2821.25
2258,-1.1848435383876288,-2.1219774842869734,-1.9662837113679155,0.9565172621968854,1.2007746705804705,0.6024315349519686,2822.5
2259,-1.1848435374160586,-2.1219774415660027,-1.9662837062838778,0.9565172144879478,1.2007746692680374,0.6911266963268416,2823.75
2260,-1.1848435381522735,-2.1219774037033017,-1.966283702106887,0.9565171725170618,1.2007746697034773,0.7698218577017262,2825.0
2261,-1.1848435466485259,-2.121977370856639,-1.966283700101151,0.9565171376439714,1.20077467794532,0.8385170190765276,2826.25
2262,-1.184843553907973,-2.1219773427914865,-1.9662836983873915,0.95651710784738,1.200774684987392,0.8972121804513125,2827.5
2263,-1.1848435599306153,-2.121977319507846,-1.9662836969656041,0.9565170831272853,1.2007746908296937,0.9459073418259332,2828.75
2264,-1.1848435647164524,-2.1219773010057157,-1.9662836958357934,0.9565170634836899,1.200774695472225,0.9846025032005707,2830.0
2265,-1.1848435682654845,-2.1219772872850955,-1.9662836949979603,0.9565170489165936,1.2007746989149857,1.013297664575277,2831.25
2266,-1.1848435705777116,-2.121977278345985,-1.966283694452104,0.9565170394259964,1.2007747011579761,1.0319928259499662,2832.5
2267,-1.1851788492731268,-2.122607167735585,-1.9650347172275284,0.9558977831891164,1.2011092356759874,1.0415979764969878,2833.75
2268,-1.1867023387148905,-2.1254693833349667,-1.959359409616096,0.9530839255811666,1.2026293437005908,1.042819857865636,2835.0
2269,-1.1873742478580809,-2.126731719925881,-1.9568564086453675,0.9518429193533035,1.2032997609401301,1.0350374196378531,2836.25
2270,-1.187374245699807,-2.126731725453909,-1.95685641109581,0.9518429182012861,1.2032997575024305,1.0187947480769093,2837.5
2271,-1.1873742422127653,-2.1267317343853342,-1.9568564150548973,0.9518429163400148,1.2032997519482682,0.992552076515947,2838.75
2272,-1.187374237396956,-2.1267317467201585,-1.9568564205226298,0.9518429137694899,1.2032997442776443,0.9563094049550518,2840.0
2273,-1.187374231252379,-2.1267317624583804,-1.9568564274990072,0.9518429104897114,1.2032997344905583,0.9100667333941382,2841.25
2274,-1.187374223095261,-2.126731781925936,-1.9568564356077816,0.9518429075544252,1.2032997166786195,0.8538240743406881,2842.5
2275,-1.187374213327184,-2.1267318049314032,-1.9568564450699253,0.9518429043447635,1.2032996943118437,0.7875814180019816,2843.75
2276,-1.1873742093460837,-2.1267318375789954,-1.9568564518876528,0.9518429280412029,1.203299684002705,0.7113387714747739,2845.0
2277,-1.187374210074657,-2.1267318789534677,-1.9568564566651956,0.9518429745801583,1.2032996834614456,0.6250961315469928,2846.25
2278,-1.1873742109019527,-2.126731925211865,-1.9568564619188251,0.9518430268870006,1.2032996829811156,0.5288535030569333,2847.5
2279,-1.1873742185388312,-2.126731974414748,-1.9568564689928682,0.951843083572723,1.2032996900531456,0.42261088130911073,2848.75
2280,-1.1873742352606629,-2.126732025917338,-1.9568564783317979,0.9518431442190582,1.203299707236247,0.30636826780543736,2850.0
2281,-1.1873742542216903,-2.126732081378769,-1.9568564885879864,0.9518432097064734,1.2032997267063936,0.18012566252078524,2851.25
2282,-1.1873742903399271,-2.1267321320232124,-1.9568565018519002,0.9518432731414057,1.2032997632643672,0.043883063329783846,2852.5
2283,-1.1873743294559174,-2.126732186032794,-1.956856516120694,0.9518433409080918,1.203299802849354,-0.10235953541228682,2853.75
2284,-1.1873743864699953,-2.1267322282865266,-1.9568565327343703,0.9518433991062711,1.2032998602502616,-0.25860212710706953,2855.0
2285,-1.187374449723078,-2.126732268189435,-1.956856550366028,0.9518434559123758,1.2032999238765434,-0.4242813459883177,2856.25
2286,-1.1873745199982888,-2.126732291967799,-1.9568565675973941,0.9518434961539759,1.2032999944015392,-0.585776858362081,2857.5
2287,-1.1873745882729687,-2.126732305194955,-1.9568565832056075,0.9518435242628275,1.2033000628396597,-0.7372723707359137,2858.75
2288,-1.1873746547962813,-2.126732306908708,-1.9568565971317284,0.9518435392171624,1.2033001294325558,-0.8787678831099335,2860.0
2289,-1.1873747164491286,-2.126732301072777,-1.9568566091866675,0.951843544815671,1.2033001910903174,-1.0102633954841642,2861.25
2290,-1.1873747731932986,-2.1267322860077753,-1.956856619169911,0.9518435391822012,1.2033002477612231,-1.1317589078585328,2862.5
2291,-1.187374825186377,-2.126732271934464,-1.9568566282863353,0.9518435337203343,1.2033002996850077,-1.2432544202330844,2863.75
2292,-1.1873748684349335,-2.1267322465546026,-1.9568566343011051,0.9518435139625392,1.2033003427662017,-1.344749932607701,2865.0
2293,-1.1873749074223616,-2.126732223675333,-1.9568566397232567,0.9518434961514091,1.203300381602757,-1.4362454449823856,2866.25
2294,-1.1873749421486601,-2.1267322032966534,-1.9568566445527917,0.9518434802869447,1.2033004161946723,-1.5177409573571674,2867.5
2295,-1.187374967909046,-2.1267321788215083,-1.9568566470620028,0.9518434581058159,1.2033004417802786,-1.58923646973196,2868.75
2296,-1.1873749894728922,-2.126732156937522,-1.95685664900232,0.9518434379848002,1.2033004631866167,-1.6507319821066222,2870.0
2297,-1.1873750075301668,-2.1267321386121685,-1.956856650627113,0.9518434211357312,1.2033004811119956,-1.7022274944812374,2871.25
2298,-1.187375022080869,-2.126732123845446,-1.9568566519363837,0.9518434075586106,1.2033004955564155,-1.7437230068557803,2872.5
2299,-1.1873750331249988,-2.1267321126373546,-1.9568566529301332,0.951843397253439,1.2033005065198759,-1.7752185192304202,2873.75
2300,-1.1873750406625563,-2.126732104987895,-1.9568566536083618,0.9518433902202166,1.2033005140023767,-1.7967140316050143,2875.0
2301,-1.1874461068603501,-2.126867764525143,-1.9565875200516716,0.9517098825183964,1.2033714168429317,-1.8084484408744115,2876.25
2302,-1.188780344780832,-2.12941493694654,-1.951534356841027,0.949203259919889,1.2047025881687752,-1.81245712648986,2877.5
2303,-1.1898697018227302,-2.131494619931517,-1.947408619587816,0.9471566869413118,1.2057894401776492,-1.806792023917893,2878.75
2304,-1.1898714863812236,-2.1314980396137027,-1.9474018427453443,0.9471533221049075,1.2057912175994239,-1.7933635795775273,2880.0
2305,-1.1898714775436918,-2.131498045075438,-1.9474018445211376,0.9471533174318683,1.205791203488352,-1.7699417927684251,2881.25
2306,-1.18987146493295,-2.1314980528690777,-1.9474018470551107,0.9471533107636612,1.2057911833525168,-1.7365200059593064,2882.5
2307,-1.1898714485489987,-2.1314980629946207,-1.947401850347264,0.9471533021002865,1.2057911571919186,-1.6930982191502286,2883.75
2308,-1.189871428798275,-2.1314980750713874,-1.947401854794855,0.9471532900259905,1.2057911285359308,-1.6396764446200285,2885.0
2309,-1.1898714057258564,-2.1314980890571564,-1.9474018604419436,0.9471532743837494,1.2057910977759996,-1.5762546805005613,2886.25
2310,-1.1898713776332008,-2.131498105876142,-1.9474018634588997,0.9471532667142746,1.205791064181171,-1.5028329215242096,2887.5
2311,-1.1898713424977512,-2.1314981264472426,-1.9474018586945496,0.947153282291908,1.2057910306999868,-1.4194111736659036,2888.75
2312,-1.1898713031592971,-2.1314981495426393,-1.9474018533061255,0.9471532999875145,1.2057909932820103,-1.3259894336963423,2890.0
2313,-1.1898712588060727,-2.1314981728206055,-1.9474018468553203,0.947153317037886,1.2057909507207243,-1.2225677008114286,2891.25
2314,-1.189871206154531,-2.131498186818471,-1.9474018375526376,0.9471533223293788,1.2057908981541048,-1.1091459775655053,2892.5
2315,-1.1898711488587355,-2.1314982020514064,-1.9474018274286669,0.9471533280902822,1.2057908409341414,-0.9857242632849058,2893.75
2316,-1.1898710866020492,-2.131498204524427,-1.947401814827396,0.9471533186200174,1.2057907786419162,-0.8523025548463357,2895.0
2317,-1.1898710195799096,-2.131498202818452,-1.9474018007650602,0.9471533035437225,1.205790711545422,-0.7088808481408508,2896.25
2318,-1.1898709518733253,-2.1314981856092,-1.9474017847768286,0.9471532710760471,1.2057906436411554,-0.5554591464482748,2897.5
2319,-1.189870881189825,-2.1314981617388793,-1.9474017674060482,0.9471532306086481,1.2057905727045795,-0.392037450957329,2898.75
2320,-1.1898708210761983,-2.1314981185617237,-1.9474017499999612,0.9471531707289184,1.205790512190653,-0.22774466647023892,2900.0
2321,-1.1898707676358775,-2.131498074579729,-1.9474017338818563,0.947153111265347,1.205790458349186,-0.07343203785541898,2901.25
2322,-1.189870729610682,-2.1314980213289525,-1.947401719886202,0.9471530445153837,1.205790419860958,0.07088059075958117,2902.5
2323,-1.189870696452379,-2.1314979704591948,-1.9474017071714749,0.9471529813726212,1.205790386263015,0.20519321937473428,2903.75
2324,-1.1898706786833686,-2.131497915799566,-1.9474016972044303,0.9471529170370112,1.2057903680367719,0.32950584799007687,2905.0
2325,-1.1898706623437398,-2.131497865536892,-1.9474016880391494,0.9471528578767054,1.205790351276691,0.4438184766055985,2906.25
2326,-1.189870657456133,-2.131497817010471,-1.9474016814429853,0.9471528029006171,1.2057903459924013,0.5481311052212198,2907.5
2327,-1.189870656437148,-2.1314977722334576,-1.9474016760787163,0.947152752858631,1.2057903446103473,0.6424437338369245,2908.75
2328,-1.1898706555262064,-2.1314977322041693,-1.9474016712832176,0.9471527081226115,1.2057903433748334,0.7267563624527084,2910.0
2329,-1.189870660467986,-2.131497697068846,-1.9474016682618327,0.9471526699848074,1.2057903480365977,0.8010689910684934,2911.25
2330,-1.1898706683272935,-2.1314976667527668,-1.9474016663987048,0.9471526377849562,1.2057903556573504,0.865381619684187,2912.5
2331,-1.1898706749645538,-2.1314976411505495,-1.9474016648252739,0.947152610591874,1.2057903620931487,0.9196942482998475,2913.75
2332,-1.1898706803797667,-2.1314976202621936,-1.9474016635415397,0.9471525884055603,1.205790367343993,0.9640068769154506,2915.0
2333,-1.1898706845729323,-2.1314976040876985,-1.947401662547505,0.9471525712260165,1.2057903714098828,0.9983195055310654,2916.25
2334,-1.1898706875440506,-2.1314975926270643,-1.9474016618431693,0.9471525590532427,1.2057903742908183,1.0226321341466635,2917.5
2335,-1.1898706892931215,-2.1314975858802905,-1.9474016614285334,0.9471525518872388,1.2057903759867994,1.0369447627623016,2918.75
2336,-1.1908066603116936,-2.1333132481085095,-1.943797919434679,0.9453640554954973,1.2067241200485856,1.0432874844599436,2920.0
2337,-1.1921977356585243,-2.1360117621462655,-1.9384418972120636,0.9427059262776584,1.208111885369642,1.040151568056916,2921.25
2338,-1.1923334870722493,-2.1362751094301706,-1.9379192131492502,0.942446522945096,1.2082473128873994,1.0291251794737961,2922.5
2339,-1.1923334843615774,-2.1362751163399167,-1.937919216238661,0.9424465215053586,1.2082473084922645,1.0085417722768035,2923.75
2340,-1.1923334803339845,-2.1362751266066122,-1.9379192208289946,0.9424465193661558,1.2082473019618494,0.9779583650797643,2925.0
2341,-1.1923334749894705,-2.136275140230258,-1.937919226920251,0.9424465165274879,1.2082472932961534,0.9373749578827921,2926.25
2342,-1.1923334681304225,-2.1362751573085674,-1.9379192343995428,0.9424465133087943,1.2082472807693763,0.8867915539108276,2927.5
2343,-1.1923334592877035,-2.1362751780735185,-1.9379192429988754,0.9424465104684291,1.2082472602844379,0.8262081593198154,2928.75
2344,-1.192333449327594,-2.1362752025547262,-1.9379192528247078,0.9424465084440874,1.208247237154364,0.7556247652550118,2930.0
2345,-1.1923334500007932,-2.136275240667673,-1.9379192572524717,0.9424465513556302,1.2082472366570736,0.6750413869994643,2931.25
2346,-1.192333450762587,-2.136275283540406,-1.9379192622022479,0.9424465997220856,1.2082472361424674,0.5844580129545363,2932.5
2347,-1.1923334516194894,-2.136275331211795,-1.937919267638659,0.9424466537107323,1.208247235667759,0.4838746475575905,2933.75
2348,-1.192333465780134,-2.1362753799363343,-1.9379192761570092,0.9424467108934631,1.2082472500652757,0.3732912926203089,2935.0
2349,-1.1923334829170948,-2.1362754325931164,-1.9379192857728524,0.9424467729634893,1.208247267688884,0.2527079451027249,2936.25
2350,-1.1923335092040885,-2.1362754850752,-1.9379192972757058,0.942446836614351,1.208247294454364,0.12212460436196018,2937.5
2351,-1.1923335460235476,-2.1362755365705643,-1.9379193108596908,0.9424469012108313,1.2082473317282418,-0.01845873292687239,2938.75
2352,-1.1923335923730698,-2.136275584727198,-1.9379193260345038,0.9424469639684345,1.2082473785117385,-0.16904206699432928,2940.0
2353,-1.19233365026576,-2.136275627505735,-1.937919342981963,0.9424470230136334,1.2082474368028668,-0.32962539452460726,2941.25
2354,-1.1923337178517377,-2.1362756582444735,-1.9379193605493992,0.9424470705629102,1.2082475046974985,-0.49569919098224025,2942.5
2355,-1.1923337854149891,-2.1362756810168575,-1.9379193771921055,0.9424471092370514,1.2082475725044657,-0.652851911355798,2943.75
2356,-1.1923338531686374,-2.1362756850408884,-1.9379193917091488,0.9424471270721019,1.2082476403491278,-0.8000046317295963,2945.0
2357,-1.1923339168756821,-2.1362756866425325,-1.9379194051071547,0.9424471414121901,1.208247704123959,-0.9371573521035355,2946.25
2358,-1.1923339756061462,-2.136275673562448,-1.9379194157774808,0.942447138423035,1.2082477627982242,-1.0643100724776857,2947.5
2359,-1.1923340296653686,-2.136275659211649,-1.9379194253322223,0.9424471330982123,1.2082478167868742,-1.1814627928519668,2948.75
2360,-1.1923340771991386,-2.1362756402140075,-1.9379194329969232,0.9424471213128862,1.2082478642065768,-1.2886155132263164,2950.0
2361,-1.1923341181008216,-2.1362756162418783,-1.9379194387116314,0.9424471026812027,1.208247904947934,-1.3857682336008676,2951.25
2362,-1.1923341547924666,-2.1362755947372203,-1.937919443838114,0.9424470859672883,1.2082479414957557,-1.4729209539754804,2952.5
2363,-1.1923341855508693,-2.136275573289945,-1.937919447740653,0.9424470681478331,1.2082479721057067,-1.5500736743500834,2953.75
2364,-1.1923342088164854,-2.1362755497188597,-1.9379194498438985,0.9424470464866554,1.2082479951991183,-1.617226394724633,2955.0
2365,-1.1923342286175187,-2.1362755296578455,-1.9379194516339406,0.9424470280511366,1.2082480148535906,-1.6743791150991103,2956.25
2366,-1.19233424495397,-2.136275513106905,-1.9379194531107762,0.9424470128412747,1.2082480310691246,-1.7215318354735412,2957.5
2367,-1.1923342578258382,-2.136275500066035,-1.9379194542744091,0.9424470008570726,1.2082480438457193,-1.7586845558479545,2958.75
2368,-1.1923342672331236,-2.136275490535237,-1.9379194551248395,0.9424469920985297,1.2082480531833748,-1.7858372762223795,2960.0
2369,-1.192334273175826,-2.1362754845145098,-1.9379194556620671,0.9424469865656462,1.2082480590820912,-1.802989996596816,2961.25
2370,-1.1928506644984145,-2.137293337451061,-1.9358982334424935,0.9414434019073592,1.208763178906991,-1.8114631462030892,2962.5
2371,-1.1943261456767837,-2.1402016664856425,-1.9301229758877585,0.9385758573547943,1.2102350267637478,-1.81118219939413,2963.75
2372,-1.1947641847897774,-2.1410650963074387,-1.9284084120383902,0.9377245361868985,1.2106719852910464,-1.8022931692714017,2965.0
2373,-1.1947641781785443,-2.1410651003920727,-1.9284084133740114,0.9377245327167719,1.2106719746615506,-1.7845698624238213,2966.25
2374,-1.1947641678370633,-2.141065106781375,-1.9284084154632284,0.9377245272886998,1.2106719580345873,-1.756846555576196,2967.5
2375,-1.194764153765334,-2.1410651154753446,-1.9284084183060415,0.9377245199026824,1.2106719354101563,-1.7191232487286396,2968.75
2376,-1.1947641359633567,-2.141065126473983,-1.9284084219024502,0.9377245105587195,1.2106719067882576,-1.6713999418810388,2970.0
2377,-1.1947641151728006,-2.1410651390654523,-1.9284084270001167,0.9377244965992784,1.2106718786774295,-1.6136766558909086,2971.25
2378,-1.1947640908053754,-2.14106515381438,-1.9284084330059987,0.9377244801323024,1.2106718459151238,-1.5459533705149346,2972.5
2379,-1.1947640595272921,-2.141065172241936,-1.928408431357401,0.9377244863244708,1.2106718134408683,-1.4682300972061229,2973.75
2380,-1.1947640230192567,-2.1410651935905514,-1.9284084263831627,0.9377245024653864,1.210671778659814,-1.3805068285321955,2975.0
2381,-1.1947639823636778,-2.1410652174653175,-1.9284084207570675,0.9377245208440569,1.2106717400392082,-1.2827835722680703,2976.25
2382,-1.19476393471937,-2.1410652356657396,-1.9284084129730596,0.9377245316619385,1.2106716933066521,-1.1750603231135819,2977.5
2383,-1.1947638807228134,-2.1410652500210205,-1.928408403387196,0.9377245370472802,1.210671639392597,-1.0573370819316088,2978.75
2384,-1.1947638220584416,-2.14106526210374,-1.9284083925698845,0.9377245389713175,1.21067158077616,-0.9296138485180852,2980.0
2385,-1.1947637584683717,-2.1410652605253957,-1.9284083791644,0.9377245246476594,1.2106715171144042,-0.7918906203628742,2981.25
2386,-1.1947636911557462,-2.1410652553889378,-1.9284083645726895,0.9377245056244151,1.2106714496979845,-0.6441673936766743,2982.5
2387,-1.1947636237529489,-2.141065232714676,-1.9284083479297847,0.9377244670475853,1.2106713820502715,-0.4864441738317194,2983.75
2388,-1.1947635571546311,-2.1410652010484346,-1.9284083304120938,0.9377244186132888,1.2106713151338493,-0.3202086863849235,2985.0
2389,-1.1947634998145418,-2.141065158740204,-1.9284083135862178,0.9377243601540599,1.2106712573962217,-0.16019968684481195,2986.25
2390,-1.1947634547630122,-2.1410651102640106,-1.9284082986007687,0.9377242972524009,1.2106712119071423,-0.01019068730457635,2987.5
2391,-1.1947634183144338,-2.1410650593507996,-1.9284082851217437,0.9377242333360417,1.2106711750084622,0.12981831223593543,2988.75
2392,-1.1947633931910193,-2.1410650069652855,-1.9284082738269843,0.9377241700175375,1.2106711494326872,0.2598273117766,2990.0
2393,-1.1947633762439946,-2.1410649549518266,-1.9284082642754887,0.9377241087291679,1.2106711320434638,0.37983631131738815,2991.25
2394,-1.194763363012099,-2.141064906661142,-1.928408255927907,0.9377240523218454,1.2106711184031935,0.4898453108583012,2992.5
2395,-1.1947633619461469,-2.141064859849843,-1.9284082502814839,0.937723999966512,1.2106711169515987,0.5898543103993227,2993.75
2396,-1.1947633609867805,-2.141064817719255,-1.928408245199647,0.9377239528462387,1.2106711156451504,0.679863309940497,2995.0
2397,-1.1947633604056176,-2.14106478027612,-1.9284082407396606,0.9377239110222113,1.2106711147557583,0.7598723094816826,2996.25
2398,-1.1947633688599735,-2.14106474773536,-1.928408238726587,0.9377238764445699,1.2106711229500275,0.8298813090227958,2997.5
2399,-1.1947633761067196,-2.141064719842682,-1.9284082370010585,0.9377238468059566,1.2106711299738375,0.8898903085638638,2998.75
2400,-1.1947633821458559,-2.141064696598088,-1.9284082355630723,0.9377238221063702,1.2106711358271882,0.9398993081048552,3000.0
2401,-1.1947633869773822,-2.1410646780015767,-1.92840823441263,0.9377238023458118,1.2106711405100792,0.9799083076458326,3001.25
2402,-1.1947633906012989,-2.1410646640531477,-1.9284082335497341,0.9377237875242816,1.210671144022511,1.00991730718685,3002.5
2403,-1.1947633930176056,-2.1410646547528005,-1.9284082329743837,0.93772377764178,1.2106711463644833,1.0299263067278501,3003.75
2404,-1.1949427480801158,-2.1414238553589526,-1.9276945972953665,0.9373692727448811,1.2108500445163173,1.040518025696858,3005.0
2405,-1.19632682252728,-2.1441958451796954,-1.9221874691237946,0.9346335954303904,1.2122305932498636,1.0430936291528745,3006.25
2406,-1.197160967268167,-2.1458664546124564,-1.9188684666905487,0.9329848739956854,1.2130626125823012,1.0363283223316382,3007.5
2407,-1.1971609653302355,-2.145866459528743,-1.9188684689082278,0.9329848729711551,1.2130626093836971,1.0214820221643333,3008.75
2408,-1.1971609620869748,-2.145866467756486,-1.9188684726196659,0.9329848712565336,1.2130626040306145,0.9966357219970099,3010.0
2409,-1.197160957538385,-2.1458664792956843,-1.918868477824863,0.9329848688518207,1.213062596523053,0.9617894218296967,3011.25
2410,-1.1971609516844657,-2.145866494146339,-1.9188684845238189,0.9329848657570167,1.2130625868610128,0.9169431216623936,3012.5
2411,-1.1971609439880422,-2.1458665125839484,-1.9188684923978863,0.9329848628821018,1.2130625703035518,0.8620968268242881,3013.75
2412,-1.1971609346180196,-2.1458665345218875,-1.9188685015472584,0.93298485994095,1.2130625483413704,0.7972505344696523,3015.0
2413,-1.1971609292051923,-2.1458665643715364,-1.9188685090459496,0.932984876737595,1.21306253475491,0.7224042495688796,3016.25
2414,-1.1971609299062147,-2.1458666039408256,-1.9188685136717,0.9329849213328518,1.2130625342400188,0.6375579734611465,3017.5
2415,-1.1971609307018132,-2.145866648243877,-1.9188685187781427,0.9329849714862952,1.2130625337706258,0.5427117070869754,3018.75
2416,-1.19716093611252,-2.1458666959784303,-1.9188685252766637,0.9329850262864072,1.2130625383981983,0.43786544762983914,3020.0
2417,-1.19716095223725,-2.1458667454188873,-1.918868534368367,0.9329850846331817,1.2130625549784717,0.32301919668293894,3021.25
2418,-1.1971609697680126,-2.1458667991621865,-1.9188685442538833,0.9329851480525103,1.2130625730201325,0.1981729550240405,3022.5
2419,-1.1971610032898146,-2.145866848649631,-1.9188685569961854,0.9329852098447191,1.2130626069886759,0.06332671927427537,3023.75
2420,-1.1971610407728779,-2.145866900940999,-1.9188685708924147,0.9329852755403588,1.2130626449406248,-0.08151951561148833,3025.0
2421,-1.1971610942257456,-2.1458669433068,-1.9188685869632187,0.932985333340952,1.213062698791675,-0.23636574459233395,3026.25
2422,-1.1971611536990865,-2.145866984455013,-1.918868604147477,0.9329853909777505,1.213062758658049,-0.4003049865762541,3027.5
2423,-1.1971612211678493,-2.145867007107281,-1.9188686208476409,0.9329854295876304,1.2130628263737646,-0.5591279845191275,3028.75
2424,-1.1971612856774239,-2.145867023377662,-1.9188686361886957,0.9329854604995182,1.2130628910748291,-0.7079509824620986,3030.0
2425,-1.1971613493936304,-2.1458670249386054,-1.9188686496537442,0.9329854748626595,1.2130629548599878,-0.8467739804053328,3031.25
2426,-1.1971614084605244,-2.145867023772303,-1.9188686618323374,0.9329854852655289,1.213063013969156,-0.9755969783487494,3032.5
2427,-1.1971614626391256,-2.1458670093889505,-1.918868671454773,0.932985479971406,1.213063068076253,-1.0944199762922908,3033.75
2428,-1.1971615122581234,-2.1458669962160872,-1.918868680267388,0.9329854751228271,1.2130631176297648,-1.2032429742359545,3035.0
2429,-1.1971615548949754,-2.1458669768268512,-1.9188686869014508,0.9329854619636664,1.2130631601434994,-1.3020659721797143,3036.25
2430,-1.1971615918459921,-2.1458669551953804,-1.9188686920893794,0.9329854451793601,1.2130631969478258,-1.3908889701236082,3037.5
2431,-1.197161624636937,-2.1458669359992584,-1.9188686966932273,0.9329854302846867,1.2130632296085957,-1.469711968067564,3038.75
2432,-1.1971616524205215,-2.1458669180564445,-1.9188687003988967,0.9329854157945701,1.213063257267984,-1.538534966011396,3040.0
2433,-1.1971616725586607,-2.1458668976865836,-1.918868702228403,0.932985397085117,1.2130632772551015,-1.5973579639552038,3041.25
2434,-1.197161689273285,-2.145866880779631,-1.9188687037468903,0.9329853815562994,1.213063293844378,-1.6461809618989092,3042.5
2435,-1.197161702564395,-2.145866867335586,-1.9188687049543576,0.9329853692081171,1.2130633070358143,-1.6850039598426085,3043.75
2436,-1.1971617124319909,-2.1458668573544486,-1.918868705850805,0.93298536004057,1.2130633168294103,-1.713826957786365,3045.0
2437,-1.1971617188760717,-2.145866850836219,-1.9188687064362342,0.9329853540536589,1.2130633232251655,-1.732649955730076,3046.25
2438,-1.1971574799639888,-2.145858636744808,-1.9188857615164623,0.9329941962064605,1.2130590982658749,-1.7414881773486557,3047.5
2439,-1.1965747998427305,-2.1447307548623047,-1.9212284400205932,0.9342091562047717,1.2124783378417303,-1.7415882514181638,3048.75
2440,-1.196495653231562,-2.1445775613182994,-1.9215466383070838,0.9343741831635985,1.2123994519995984,-1.7327637355336147,3050.0
2441,-1.1963387846723836,-2.14427393309182,-1.9221773053570472,0.9347012660235303,1.2122431002864706,-1.7139544044402097,3051.25
2442,-1.1960985167842235,-2.1438088806100217,-1.9231432671853474,0.9352022428185026,1.2120036240260892,-1.6851450733468045,3052.5
2443,-1.1957748495670824,-2.1431824038729053,-1.9244445237919832,0.9358771135485149,1.2116810232184545,-1.646335742253456,3053.75
2444,-1.1953631575363624,-2.142396731134102,-1.9260768257682306,0.9367238673801976,1.2112706525006802,-1.597526309618737,3055.0
2445,-1.1948669143046131,-2.1414501894616986,-1.9280433634341771,0.9377440139507364,1.2107760004120305,-1.5387168728086436,3056.25
2446,-1.1942858431655434,-2.140342904550614,-1.9303438982306862,0.9389374408848724,1.210196789380015,-1.469907424087989,3057.5
2447,-1.1936155703866345,-2.1390769089690194,-1.9329745651712724,0.9403023242650227,1.2095286300401935,-1.3910978563677017,3058.75
2448,-1.192859824173455,-2.1376504666707734,-1.9359386659783366,0.9418402226289414,1.2087752638047897,-1.3022882785007959,3060.0
2449,-1.1920127803975613,-2.1360662319797257,-1.9392311620170246,0.9435487644608338,1.2079308441193335,-1.2034785592860093,3061.25
2450,-1.1910768780861711,-2.134323063482476,-1.9428542248558132,0.9454289745286454,1.2069978195462794,-1.0946687675873086,3062.5
2451,-1.1900502685339005,-2.1324217861517885,-1.9468062913279507,0.9474801186829331,1.205974334346391,-0.9758588717036033,3063.75
2452,-1.188928578699699,-2.130364269602285,-1.9510838325117974,0.9497005473445385,1.2048559994211312,-0.8470487851821562,3065.0
2453,-1.1877128270219668,-2.1281500073678856,-1.9556878167524072,0.9520907202862285,1.2036438374431593,-0.7082385498376591,3066.25
2454,-1.186400848602118,-2.1257798739958504,-1.9606166022278786,0.9546498751742536,1.2023356759145511,-0.5594281376112067,3067.5
2455,-1.1849904276604382,-2.1232547273083595,-1.9658685853935398,0.9573772714333058,1.2009292915366125,-0.40061752093443503,3068.75
2456,-1.1835524254183594,-2.120704310605745,-1.9711740254439687,0.9601328861558217,1.1994953346789727,-0.2399369950087192,3070.0
2457,-1.1821930667860687,-2.1183150630379384,-1.9761450148481434,0.9627152058640644,1.1981397374396554,-0.08915960982116289,3071.25
2458,-1.1809153127865653,-2.1160876244751474,-1.9807800498810966,0.965123361685138,1.196865466098767,0.05161793599953578,3072.5
2459,-1.179719718523229,-2.1140217159136574,-1.9850796644421531,0.967357607393255,1.1956730780919556,0.182395635609757,3073.75
2460,-1.1786080669943386,-2.1121165912113424,-1.9890452640786735,0.9694185983984959,1.1945643628592184,0.30317345991499456,3075.0
2461,-1.177583776143092,-2.11037093905167,-1.9926792977571328,0.9713074643663946,1.1935427498554363,0.413951359203468,3076.25
2462,-1.1766472108848636,-2.1087846122095995,-1.9959820418330183,0.9730243335950489,1.192608605275439,0.5147293349924524,3077.5
2463,-1.1757985111024496,-2.107357519492037,-1.9989536739240985,0.9745692922933193,1.191762069738905,0.6055073851449102,3078.75
2464,-1.175041594277316,-2.1060882492287147,-2.0015968126348156,0.9759435379799928,1.191007073275719,0.6862854619825176,3080.0
2465,-1.1743745334220748,-2.1049774662253427,-2.003910230908195,0.9771465131253132,1.190341682935952,0.7570635918881592,3081.25
2466,-1.17380028660097,-2.104024127161395,-2.005895859376482,0.9781790978620819,1.1897688660979993,0.8178417432591396,3082.5
2467,-1.1733205222226772,-2.1032276436520263,-2.0075547868142976,0.9790417885310838,1.1892902964237122,0.868619894630038,3083.75
2468,-1.1729325830096582,-2.102588932802277,-2.008885320412614,0.9797338159403084,1.1889033084113738,0.9093980817217557,3085.0
2469,-1.172639355267091,-2.102106998277816,-2.009889299259628,0.9802560157702049,1.1886107972996895,0.940176275502045,3086.25
2470,-1.172441398788543,-2.1017816468614803,-2.0105670800021715,0.9806085500785885,1.1884133246148125,0.960954469282342,3087.5
2471,-1.172338713574014,-2.101612878553271,-2.010918662640245,0.9807914188654585,1.1883108903567425,0.9717326630626185,3088.75
2472,-1.171736289769406,-2.1006256604630638,-2.0129754445475614,0.9818613042088961,1.1877099337849935,0.9733315885261956,3090.0
2473,-1.1716509028474604,-2.1004860806161174,-2.0132662688645873,0.9820125944969144,1.1876247542206797,0.9661636276666934,3091.25
2474,-1.1716505045563896,-2.100486224531865,-2.01326601948385,0.9820124898065816,1.1876243555091568,0.9492091401922842,3092.5
2475,-1.1716498713475298,-2.100486453331187,-2.0132656230147754,0.982012323368388,1.187623721631856,0.9222546527178791,3093.75
2476,-1.1716490031351234,-2.1004867670531437,-2.0132650794107025,0.9820120952975749,1.187622851852272,0.8853001769251785,3095.0
2477,-1.171647899833035,-2.1004871657369604,-2.013264388624755,0.9820118057096896,1.1876217454316087,0.8383457192028276,3096.25
2478,-1.1716465615581366,-2.1004876493293962,-2.013263550720519,0.982011454447599,1.187620403373965,0.7813912614804082,3097.5
2479,-1.1716460155857042,-2.100487868685266,-2.0132632110629585,0.9820113354241152,1.1876198557202744,0.7144368157567589,3098.75
2480,-1.171646016388334,-2.1004879072531986,-2.0132632154044363,0.9820113783916133,1.1876198562821172,0.6374823768368254,3100.0
2481,-1.1716460172991305,-2.100487950857705,-2.013263220288407,0.9820114270484996,1.187619856949398,0.5505279427755994,3101.25
2482,-1.171646020948426,-2.1004879987742657,-2.01326322619906,0.9820114810161739,1.1876198604599841,0.45357351267542745,3102.5
2483,-1.1716460369169925,-2.1004880484024664,-2.013263234866607,0.982011539074527,1.1876198768287376,0.3466190919282569,3103.75
2484,-1.171646054379279,-2.1004881026701536,-2.0132632443451923,0.9820116025588255,1.187619894733745,0.22966467820515352,3105.0
2485,-1.1716460839327685,-2.100488155319212,-2.0132632561104407,0.9820116665738396,1.187619924717866,0.10271027211899057,3106.25
2486,-1.1716461216140452,-2.100488208690215,-2.013263269610259,0.9820117329511158,1.18761996283577,-0.03424412842886831,3107.5
2487,-1.171646170593623,-2.1004882572244408,-2.0132632848789633,0.9820117961568102,1.1876200122233311,-0.18119852709401857,3108.75
2488,-1.1716462300311277,-2.100488301780668,-2.0132633018395225,0.9820118569794262,1.1876200720461736,-0.3381529207126762,3110.0
2489,-1.1716463008797033,-2.100488333202693,-2.013263319684682,0.9820119054646993,1.1876201431889972,-0.5024885077561134,3111.25
2490,-1.1716463716495193,-2.1004883575038362,-2.0132633367351627,0.9820119460501554,1.187620214198805,-0.6592080498888521,3112.5
2491,-1.1716464428418412,-2.100488361017504,-2.013263351598529,0.9820119637003486,1.1876202854732079,-0.8059275920217459,3113.75
2492,-1.1716465095422643,-2.100488362887868,-2.0132633653686276,0.9820119786628133,1.1876203522397115,-0.9426471341548455,3115.0
2493,-1.1716465709960715,-2.1004883483914623,-2.0132633762820134,0.9820119744891429,1.1876204136309334,-1.0693666762880996,3116.25
2494,-1.1716466275621509,-2.1004883333569278,-2.0132633861424796,0.9820119687749488,1.1876204701265323,-1.1860862184215173,3117.5
2495,-1.171646677083235,-2.100488312777737,-2.0132633939638374,0.9820119555598166,1.187620519529452,-1.2928057605550887,3118.75
2496,-1.1716467198467715,-2.1004882875471833,-2.01326339990223,0.9820119358884029,1.187620562134164,-1.389525302688785,3120.0
2497,-1.1716467581889138,-2.1004882649252625,-2.0132634052266356,0.9820119182508478,1.1876206003339032,-1.4762448448224847,3121.25
2498,-1.1716467900499836,-2.1004882419946886,-2.0132634091991672,0.9820118990189107,1.1876206320451832,-1.5529643869562617,3122.5
2499,-1.171646814324354,-2.100488217189474,-2.0132634114237278,0.982011876244963,1.1876206561495972,-1.6196839290898988,3123.75
2500,-1.1716468349604543,-2.1004881961020927,-2.0132634133148675,0.9820118568843998,1.1876206766412143,-1.6764034712235187,3125.0
2501,-1.1716468519582857,-2.100488178732546,-2.013263414872585,0.9820118409372196,1.1876206935200362,-1.7231230133570938,3126.25
2502,-1.171646865317847,-2.1004881650808325,-2.013263416096884,0.9820118284034245,1.187620706786061,-1.7598425554906525,3127.5
2503,-1.171646875039138,-2.100488155146952,-2.0132634169877637,0.9820118192830152,1.187620716439289,-1.7865620976242509,3128.75
2504,-1.171646881122159,-2.1004881489309053,-2.0132634175452244,0.982011813575991,1.18762072247972,-1.8032816397578328,3130.0
2505,-1.172298894832129,-2.1016143585304348,-2.011028476405934,0.9809026741738234,1.1882715312537981,-1.8113993634036039,3131.25
2506,-1.1739468426038029,-2.1044608453196174,-2.005379693267762,0.9780993461164122,1.1899164332360856,-1.8105992174380112,3132.5
2507,-1.1743598912993751,-2.1051743093663084,-2.003963846500017,0.9773967000777769,1.1903287165148306,-1.8012782396419258,3133.75
2508,-1.1743598841261078,-2.105174313805911,-2.0039638479020043,0.9773966961924203,1.1903287052213694,-1.7829497798091725,3135.0
2509,-1.174359873039109,-2.1051743206677584,-2.003963850068916,0.9773966901872149,1.190328687766201,-1.7546213199764034,3136.25
2510,-1.1743598580383787,-2.105174329951851,-2.003963853000751,0.9773966820621607,1.1903286641493247,-1.716292860143675,3137.5
2511,-1.1743598391462131,-2.1051743416384356,-2.0039638567177405,0.977396671744568,1.190328634558229,-1.6679644010109012,3138.75
2512,-1.1743598171661196,-2.1051743550156505,-2.00396386194894,0.9773966566148717,1.1903286057495688,-1.609635963867699,3140.0
2513,-1.1743597914176938,-2.105174370686295,-2.0039638680769922,0.9773966388912956,1.1903285720018666,-1.54130752672448,3141.25
2514,-1.1743597580766694,-2.105174390426327,-2.003963865614004,0.9773966475495687,1.1903285382542044,-1.4629791028686467,3142.5
2515,-1.1743597194917081,-2.1051744131554857,-2.0039638603748027,0.9773966648468724,1.1903285014870957,-1.3746506835019587,3143.75
2516,-1.174359676551944,-2.1051744385509834,-2.0039638544605167,0.9773966845000746,1.1903284606716924,-1.2763222755824009,3145.0
2517,-1.1743596259628246,-2.1051744570170126,-2.0039638461809415,0.977396695140735,1.1903284108979553,-1.1679938754797101,3146.25
2518,-1.174359568975149,-2.105174472181601,-2.0039638362082686,0.9773967009693652,1.1903283539908982,-1.049665483212178,3147.5
2519,-1.17435950706023,-2.105174483790585,-2.0039638248456484,0.9773967018926148,1.1903282921142764,-0.9213370984400919,3148.75
2520,-1.1743594399948007,-2.105174481929085,-2.0039638109739677,0.9773966868425963,1.1903282249782077,-0.7830087184466821,3150.0
2521,-1.1743593693515155,-2.1051744749905383,-2.00396379581639,0.9773966654758341,1.1903281542231352,-0.6346803401974322,3151.25
2522,-1.174359298301013,-2.1051744506403955,-2.0039637786659026,0.9773966247452152,1.1903280829298468,-0.476351968771403,3152.5
2523,-1.174359229035121,-2.1051744155583707,-2.0039637607019243,0.9773965724735405,1.1903280133401988,-0.3100110722679299,3153.75
2524,-1.1743591690437905,-2.1051743706563295,-2.003963743550874,0.977396511121372,1.190327952957003,-0.15059891709000592,3155.0
2525,-1.1743591228509598,-2.105174318326683,-2.0039637283971445,0.9773964442146295,1.1903279063261425,-0.0011867619119579828,3156.25
2526,-1.1743590847336114,-2.1051742644117106,-2.003963714715247,0.9773963771159087,1.1903278677649456,0.13822539326636585,3157.5
2527,-1.1743590594475097,-2.105174208411639,-2.0039637034195614,0.977396310192696,1.190327842029079,0.26763754844484255,3158.75
2528,-1.17435904173264,-2.1051741534273356,-2.0039636937782577,0.9773962458608474,1.1903278238781954,0.3870497036234896,3160.0
2529,-1.174359028785731,-2.105174102174919,-2.0039636855179728,0.9773961865858565,1.1903278105276698,0.4964618588022619,3161.25
2530,-1.1743590276655616,-2.1051740527788256,-2.00396367987152,0.9773961316573918,1.1903278090274354,0.5958740139811591,3162.5
2531,-1.1743590266580715,-2.105174008351555,-2.0039636747930465,0.977396082254252,1.1903278076781119,0.6852861691601588,3163.75
2532,-1.1743590266734962,-2.105173968918371,-2.003963670470828,0.9773960385807092,1.190327807390844,0.7646983243391413,3165.0
2533,-1.174359035469935,-2.1051739346946485,-2.0039636685095426,0.9773960023777999,1.1903278159314863,0.8341104795181313,3166.25
2534,-1.1743590429990969,-2.105173905401434,-2.0039636668308134,0.9773959713905347,1.190327823241704,0.8935226346969911,3167.5
2535,-1.1743590492609832,-2.10517388103873,-2.003963665434637,0.9773959456189119,1.1903278293214976,0.9429347898758373,3168.75
2536,-1.1743590542555928,-2.1051738616065343,-2.0039636643210175,0.9773959250629333,1.1903278341708665,0.9823469450546355,3170.0
2537,-1.1743590579829262,-2.1051738471048473,-2.003963663489955,0.9773959097225989,1.1903278377898106,1.011759100233474,3171.25
2538,-1.1743590604429828,-2.105173837533668,-2.0039636629414503,0.9773958995979092,1.1903278401783302,1.0311712554122956,3172.5
2539,-1.1746295775551616,-2.1056487541482176,-2.003020729050836,0.9769277213369089,1.1905978385630762,1.041308506870037,3173.75
2540,-1.176217771132276,-2.108437009012442,-1.9974847835800593,0.97417908533166,1.1921829868754843,1.0432035574252025,3175.0
2541,-1.177034039304314,-2.109870065858463,-1.9946395255723075,0.9727663942116371,1.1929976893673198,1.0359126947749802,3176.25
2542,-1.1770340371836705,-2.109870071329962,-1.994639527939615,0.9727663930403987,1.1929976860530223,1.0203001561814236,3177.5
2543,-1.1770340337047314,-2.109870080306015,-1.994639531823208,0.9727663911189692,1.192997680615881,0.994687617587849,3178.75
2544,-1.1770340288674972,-2.1098700927866223,-1.9946395372230867,0.9727663884473488,1.1929976730558967,0.9590750789942843,3180.0
2545,-1.1770340226719678,-2.1098701087717835,-1.9946395441392522,0.9727663850255375,1.1929976633730688,0.91346254040073,3181.25
2546,-1.1770340144607307,-2.109870128560869,-1.9946395522276155,0.9727663818072817,1.19299764600791,0.8578500136264807,3182.5
2547,-1.1770340045458945,-2.1098701520117515,-1.9946395616515344,0.9727663783397864,1.1929976235998063,0.7922374906248999,3183.75
2548,-1.1770339997404737,-2.1098701847292483,-1.9946395688326568,0.9727663994947456,1.1929976116591108,0.7166249764516364,3185.0
2549,-1.1770340004801128,-2.1098702270879346,-1.99463957352889,0.9727664469271428,1.1929976110993277,0.6310124699731057,3186.25
2550,-1.1770340013196474,-2.1098702744772524,-1.9946395787004407,0.972766500255039,1.1929976105887043,0.5353999740293003,3187.5
2551,-1.1770340081675248,-2.109870325192567,-1.994639585519709,0.972766558265705,1.1929976167284009,0.42978748488000124,3188.75
2552,-1.1770340252158014,-2.1098703780488246,-1.9946395947972437,0.9727666201990862,1.1929976342322497,0.31417500409420573,3190.0
2553,-1.1770340437407183,-2.1098704354749733,-1.9946396048792312,0.9727666874821559,1.1929976532673223,0.18856253178526747,3191.25
2554,-1.177034080378243,-2.1098704876472327,-1.9946396181022745,0.9727667523973376,1.1929976903415862,0.05295006576903424,3192.5
2555,-1.177034119943439,-2.1098705435329728,-1.9946396323322886,0.9727668219936442,1.1929977303737875,-0.09266239997895197,3193.75
2556,-1.1770341775202962,-2.109870587658938,-1.9946396489460716,0.9727668820578166,1.1929977883380665,-0.24827485905664776,3195.0
2557,-1.1770342414499773,-2.109870630148473,-1.9946396666771153,0.972766941541863,1.1929978526474223,-0.4135840698200192,3196.25
2558,-1.1770343137550205,-2.1098706548804356,-1.994639684164603,0.9727669829765104,1.1929979252014433,-0.5757137498921123,3197.5
2559,-1.1770343836764385,-2.1098706700194176,-1.9946397001097411,0.9727670133198034,1.1929979952956888,-0.7278434299643037,3198.75
2560,-1.177034452157331,-2.109870671900565,-1.994639714301874,0.9727670286942183,1.1929980638456414,-0.8699731100366837,3200.0
2561,-1.1770345156716995,-2.109870667111735,-1.994639726745812,0.9727670357146223,1.1929981273734884,-1.0021027901106958,3201.25
2562,-1.1770345741272126,-2.109870651583464,-1.994639736974925,0.9727670298542512,1.192998185755325,-1.1242324701843112,3202.5
2563,-1.1770346277963801,-2.109870637326654,-1.9946397463664696,0.9727670244737252,1.1929982393568488,-1.236362150257764,3203.75
2564,-1.177034672593861,-2.1098706116767145,-1.9946397526926083,0.9727670047481984,1.192998283991435,-1.3384918303310616,3205.0
2565,-1.1770347128244474,-2.1098705879785395,-1.9946397583008562,0.9727669862988675,1.1929983240706006,-1.430621510404125,3206.25
2566,-1.1770347486883002,-2.109870566852628,-1.9946397633003667,0.9727669698520741,1.1929983597994682,-1.5127511904770437,3207.5
2567,-1.1770347756883095,-2.109870541946737,-1.9946397660737825,0.9727669474969576,1.19299838662818,-1.5848808705497608,3208.75
2568,-1.1770347980136946,-2.1098705191782097,-1.9946397681277337,0.9727669266027721,1.1929984087950913,-1.6470105506224173,3210.0
2569,-1.1770348167457276,-2.109870500074362,-1.9946397698510914,0.972766909071581,1.192998427394158,-1.699140230695014,3211.25
2570,-1.1770348318844082,-2.1098704846351914,-1.9946397712438575,0.972766894903385,1.192998442425379,-1.741269910767552,3212.5
2571,-1.1770348434297357,-2.109870472860699,-1.994639772306033,0.9727668840981853,1.192998453888754,-1.7733995908400733,3213.75
2572,-1.1770348513817106,-2.1098704647508844,-1.9946397730376186,0.972766876655982,1.192998461784283,-1.795529270912691,3215.0
2573,-1.177075106195223,-2.1099422804973584,-1.994497108901695,0.9726960054877074,1.19303863652318,-1.807789267238144,3216.25
2574,-1.1784200116427077,-2.1123420386886074,-1.989730198741405,0.9703280935672813,1.1943808674353962,-1.812343006554948,3217.5
2575,-1.179660732278194,-2.1145559056129266,-1.985332551134453,0.968143609093599,1.1956191195498287,-1.807153632952569,3218.75
2576,-1.179672684676196,-2.114577244704976,-1.9852901700386962,0.9681225535758717,1.1956310452483292,-1.7942398761413854,3220.0
2577,-1.1796726758300105,-2.114577250178385,-1.9852901717768532,0.9681225488184426,1.1956310312291147,-1.7713666313561474,3221.25
2578,-1.1796726631163432,-2.114577258044725,-1.9852901742749183,0.9681225419811034,1.195631011080812,-1.7384933865709504,3222.5
2579,-1.1796726465351943,-2.114577268303995,-1.9852901775328915,0.9681225330638539,1.1956309848034203,-1.6956201417857653,3223.75
2580,-1.1796726264673287,-2.114577280610959,-1.985290181906611,0.9681225207904187,1.1956309556336142,-1.642746908221363,3225.0
2581,-1.1796726030438203,-2.114577294846772,-1.9852901875185718,0.9681225047214483,1.1956309246855927,-1.5798736865343228,3226.25
2582,-1.1796725747294752,-2.1145773118846343,-1.9852901910986354,0.9681224949480134,1.195630890415984,-1.5070004691312724,3227.5
2583,-1.1796725389692364,-2.1145773329037985,-1.9852901862346577,0.9681225108772739,1.1956308563344487,-1.4241272638657203,3228.75
2584,-1.1796724989020713,-2.1145773565140518,-1.985290180735016,0.9681225289631541,1.195630818209776,-1.3312540657171217,3230.0
2585,-1.1796724539609458,-2.1145773810741413,-1.9852901742957991,0.9681225472970145,1.1956307752076603,-1.2283808746735392,3231.25
2586,-1.1796724002708199,-2.114577395354461,-1.9852901648630132,0.9681225527461262,1.195630721601811,-1.115507693919473,3232.5
2587,-1.1796723418219064,-2.1145774109008113,-1.9852901545935009,0.968122558680641,1.1956306632287526,-0.9926345215570329,3233.75
2588,-1.1796722783125413,-2.114577414344048,-1.9852901419685796,0.968122550166878,1.1956305996923524,-0.8597613551756118,3235.0
2589,-1.1796722098973267,-2.1145774124847314,-1.9852901277615067,0.9681225347998986,1.1956305312038298,-0.7168881908039011,3236.25
2590,-1.1796721404691373,-2.1145773958425496,-1.9852901117152943,0.9681225028514177,1.1956304615886266,-0.5640150310921421,3237.5
2591,-1.1796720682807833,-2.1145773711983287,-1.9852900942208285,0.9681224614972004,1.1956303891498292,-0.40114187766957227,3238.75
2592,-1.1796720058404653,-2.1145773276153115,-1.9852900766307735,0.9681224010483414,1.1956303263190813,-0.23637579188318658,3240.0
2593,-1.179671950034238,-2.1145772828767706,-1.9852900602708843,0.9681223406090307,1.1956302701187436,-0.08151048949529152,3241.25
2594,-1.179671910916176,-2.114577227695498,-1.9852900461736693,0.9681222718412886,1.1956302305385054,0.06335481289236851,3242.5
2595,-1.179671875905042,-2.1145771754954232,-1.9852900332460561,0.9681222071764775,1.1956301950917696,0.19822011527935768,3243.75
2596,-1.1796718576116945,-2.1145771188536613,-1.9852900232496171,0.9681221408402032,1.1956301763416133,0.32308541766627485,3245.0
2597,-1.1796718407833937,-2.1145770667481343,-1.9852900140537468,0.9681220798165531,1.195630159093088,0.43795072005282637,3246.25
2598,-1.1796718349496613,-2.114577016647955,-1.9852900073294004,0.9681220231538482,1.1956301528636357,0.5428160224392754,3247.5
2599,-1.1796718338957324,-2.1145769702036623,-1.9852900019868542,0.9681219714727358,1.1956301514463699,0.6376813248255058,3248.75
2600,-1.1796718329529012,-2.114576928655187,-1.9852899972074745,0.9681219252394624,1.1956301501785018,0.7225466272115035,3250.0
2601,-1.179671837488336,-2.1145768921484076,-1.985289994105821,0.9681218856595788,1.1956301544326609,0.7974119295974167,3251.25
2602,-1.1796718456085131,-2.1145768606318573,-1.9852899922886817,0.9681218523077708,1.1956301623133967,0.8622772319832395,3252.5
2603,-1.1796718524768381,-2.1145768339740765,-1.9852899907516819,0.9681218240976646,1.1956301689791942,0.91714253436901,3253.75
2604,-1.1796718580933112,-2.114576812175065,-1.9852899894948197,0.9681218010292594,1.1956301744300528,0.9620078367547142,3255.0
2605,-1.179671862457932,-2.114576795234822,-1.9852899885180992,0.968121783102557,1.195630178665973,0.9968731391404019,3256.25
2606,-1.1796718655707006,-2.1145767831533475,-1.9852899878215198,0.9681217703175575,1.1956301816869548,1.0217384415261297,3257.5
2607,-1.179671867431617,-2.114576775930641,-1.9852899874050813,0.9681217626742608,1.1956301834929979,1.0366037439118692,3258.75
2608,-1.180576757354693,-2.1162177457056517,-1.9820287983114935,0.9665010588508456,1.1965332077793012,1.043334090593886,3260.0
2609,-1.182083650925899,-2.118950426602054,-1.9765980052186138,0.9638021381717127,1.1980369943531046,1.0407079727919115,3261.25
2610,-1.182273210729053,-2.1192941905282665,-1.975914834685357,0.9634626239821913,1.1982261624898547,1.0300335694375111,3262.5
2611,-1.1822732080220517,-2.119294197479876,-1.9759148377177875,0.963462622494722,1.198226158185302,1.0099184942241448,3263.75
2612,-1.1822732039692934,-2.119294207887406,-1.975914842257759,0.9634626202677729,1.1982261517407857,0.9798034190108456,3265.0
2613,-1.182273198570777,-2.1192942217508564,-1.9759148483052713,0.9634626173013436,1.1982261431563057,0.9396883437975563,3266.25
2614,-1.1822731916587574,-2.119294239149395,-1.9759148557692932,0.9634626138506822,1.1982261309978472,0.8895732719281634,3267.5
2615,-1.1822731826703134,-2.119294260348694,-1.9759148643443392,0.9634626107723459,1.1982261104531575,0.8294582127420691,3268.75
2616,-1.1822731721866628,-2.119294285074448,-1.9759148743458248,0.9634626071819353,1.1982260864909067,0.7593431535559002,3270.0
2617,-1.1822731726582485,-2.1192943239558066,-1.975914878820373,0.9634626501586743,1.1982260855246292,0.6792281105926206,3271.25
2618,-1.1822731734323269,-2.119294367921197,-1.9759148836960743,0.963462699518589,1.1982260849830841,0.5891130714522127,3272.5
2619,-1.1822731743043264,-2.1192944168379766,-1.9759148890480283,0.963462754667445,1.1982260844846357,0.48899804149036996,3273.75
2620,-1.1822731880677328,-2.119294467072178,-1.975914897377481,0.9634628132187113,1.1982260983884137,0.3788830214387675,3275.0
2621,-1.1822732055617415,-2.1192945211760614,-1.9759149069377053,0.9634628766746709,1.198226116364366,0.25876800887596996,3276.25
2622,-1.1822732316486118,-2.1192945755757235,-1.9759149183018392,0.9634629421073088,1.198226142931083,0.12865300320848513,3277.5
2623,-1.1822732692512918,-2.1192946285478502,-1.9759149318816713,0.9634630081663258,1.198226180984241,-0.011461998775194375,3278.75
2624,-1.1822733158794767,-2.1192946788450353,-1.9759149470164146,0.9634630730192284,1.1982262280478957,-0.16157699786703392,3280.0
2625,-1.1822733750252143,-2.119294722912802,-1.9759149640284455,0.9634631334065773,1.1982262875885004,-0.3216919903434576,3281.25
2626,-1.1822734437836717,-2.1192947557072053,-1.9759149817637063,0.9634631831687543,1.1982263566609976,-0.4879070592203453,3282.5
2627,-1.1822735132171083,-2.1192947793649712,-1.9759149986255622,0.9634632229325908,1.1982264263371696,-0.645532179764083,3283.75
2628,-1.182273582607127,-2.1192947846131056,-1.9759150134397427,0.9634632422769089,1.198226495825024,-0.7931573003075493,3285.0
2629,-1.1822736481046399,-2.1192947863736515,-1.9759150270692674,0.9634632569957383,1.1982265613897574,-0.9307824208506487,3286.25
2630,-1.1822737085201576,-2.119294773784935,-1.9759150380672938,0.9634632548147238,1.1982266217554394,-1.0584075413934193,3287.5
2631,-1.1822737641300092,-2.1192947590182136,-1.9759150478383944,0.9634632492821857,1.198226677294401,-1.1760326619359796,3288.75
2632,-1.1822738132527069,-2.1192947400657136,-1.9759150558153251,0.9634632378443201,1.1982267263079842,-1.2836577824782676,3290.0
2633,-1.1822738553613457,-2.1192947152979444,-1.9759150617095556,0.9634632185917837,1.1982267682560321,-1.3812829030204201,3291.25
2634,-1.1822738931566865,-2.1192946930672063,-1.9759150670000178,0.9634632013113328,1.198226805907232,-1.46890802356242,3292.5
2635,-1.1822739251315733,-2.119294671250291,-1.9759150711424454,0.9634631833551623,1.1982268377364924,-1.5465331441042327,3293.75
2636,-1.182273949134709,-2.119294646816557,-1.975915073359947,0.9634631609438185,1.1982268615669145,-1.614158264645965,3295.0
2637,-1.1822739695884037,-2.1192946259959387,-1.9759150752495378,0.9634631418465301,1.1982268818734358,-1.67178338518761,3296.25
2638,-1.1822739864926588,-2.1192946087884357,-1.9759150768112141,0.9634631260632958,1.1982268986560574,-1.7194085057291664,3297.5
2639,-1.182273999847473,-2.119294595194048,-1.9759150780449803,0.9634631135941177,1.1982269119147777,-1.7570336262707342,3298.75
2640,-1.1822740096528461,-2.1192945852127747,-1.9759150789508362,0.9634631044389965,1.198226921649597,-1.7846587468122566,3300.0
2641,-1.1822740159087783,-2.1192945788446163,-1.9759150795287819,0.9634630985979318,1.198226927860515,-1.8022838673539041,3301.25
2642,-1.1827572489107598,-2.120185158717899,-1.974144355030979,0.9625827093617559,1.1987091283414841,-1.8110948968046183,3302.5
2643,-1.1843201720353573,-2.123065594740331,-1.9684172533736548,0.9597352520390731,1.2002687117555595,-1.8112442802172724,3303.75
2644,-1.1848397136285977,-2.124023107650088,-1.966513458259517,0.9587887024341104,1.2007871413021998,-1.8026592589646544,3305.0
2645,-1.1848397070029741,-2.1240231117485853,-1.966513459568207,0.958788698897008,1.200787130732076,-1.7853250997541679,3306.25
2646,-1.1848396965550576,-2.124023118211487,-1.9665134616318745,0.9587886933193666,1.200787114064095,-1.7579909405437224,3307.5
2647,-1.184839682284848,-2.124023127038793,-1.9665134644505193,0.9587886857011865,1.2007870912982561,-1.720656781333317,3308.75
2648,-1.1848396641923455,-2.124023138230504,-1.9665134680241416,0.9587886760424674,1.2007870624345596,-1.6733226221228101,3310.0
2649,-1.1848396430213268,-2.1240231510962237,-1.966513473068923,0.9587886617799348,1.2007870338636,-1.615988484428569,3311.25
2650,-1.1848396182177323,-2.124023166150247,-1.966513479051362,0.9587886448230359,1.2007870008248596,-1.5486543482992392,3312.5
2651,-1.1848395865152916,-2.124023184915875,-1.9665134777590065,0.9587886498302702,1.200786967567574,-1.471320223731302,3313.75
2652,-1.1848395492866217,-2.124023206763084,-1.966513472676823,0.9587886663499544,1.2007869320903775,-1.383986103981221,3315.0
2653,-1.184839507810195,-2.1240232312112677,-1.9665134669233137,0.9587886851874661,1.200786892680688,-1.2866519970484935,3316.25
2654,-1.1848394593637608,-2.124023250354357,-1.9665134591056128,0.9587886969071118,1.2007868452449673,-1.1793178967692692,3317.5
2655,-1.1848394042312187,-2.124023265013979,-1.966513449378137,0.9587887024610585,1.2007867901949585,-1.0619838045269028,3318.75
2656,-1.184839344332675,-2.124023278037522,-1.9665134384905967,0.9587887052646524,1.2007867303494977,-0.9346497201498551,3320.0
2657,-1.1848392793720186,-2.1240232763111555,-1.9665134249437781,0.9587886906589197,1.2007866653180805,-0.7973156412162178,3321.25
2658,-1.1848392103873284,-2.1240232717249867,-1.9665134102520923,0.9587886720946859,1.2007865962368494,-0.6499815634489994,3322.5
2659,-1.1848391415053952,-2.1240232483005617,-1.9665133934883654,0.9587886326573075,1.2007865271123026,-0.492647492593108,3323.75
2660,-1.1848390728647655,-2.1240232163691877,-1.9665133758290299,0.9587885838320749,1.200786458161783,-0.32651465609137026,3325.0
2661,-1.1848390139752238,-2.124023172557984,-1.9665133588543924,0.9587885237360942,1.200786398876121,-0.16611234264998676,3326.25
2662,-1.1848389671042283,-2.12402312298889,-1.9665133437108369,0.9587884596020931,1.2007863515732327,-0.015710029209104585,3327.5
2663,-1.1848389296557322,-2.1240230703021306,-1.9665133301580058,0.9587883938511503,1.2007863136758776,0.12469228423158915,3328.75
2664,-1.1848389032125428,-2.1240230164670297,-1.966513318740112,0.9587883289766697,1.2007862867837902,0.25509459767183884,3330.0
2665,-1.1848388857902428,-2.124022962649974,-1.9665133091787856,0.9587882658845949,1.2007862689201705,0.3754969111117188,3331.25
2666,-1.1848388716254776,-2.1240229128219896,-1.9665133007303772,0.9587882078531988,1.2007862543484185,0.4858992245514966,3332.5
2667,-1.1848388705254904,-2.124022864379215,-1.9665132951218114,0.9587881539105799,1.2007862528632054,0.5863015379910298,3333.75
2668,-1.1848388695350613,-2.1240228207613097,-1.9665132900718496,0.9587881053406057,1.2007862515259182,0.6767038514304671,3335.0
2669,-1.1848388686541906,-2.1240227819682715,-1.9665132855804959,0.9587880621432779,1.2007862503365576,0.7571061648696826,3336.25
2670,-1.184838877246086,-2.1240227482489797,-1.9665132836003474,0.9587880264239044,1.2007862586680258,0.8275084783088311,3337.5
2671,-1.184838884716445,-2.1240227193218306,-1.9665132819220779,0.958787995800368,1.200786265915051,0.8879107917478998,3338.75
2672,-1.1848388909500371,-2.1240226951837626,-1.9665132805216539,0.9587879702467582,1.2007862719622837,0.9383131051868614,3340.0
2673,-1.1848388959468619,-2.124022675834774,-1.9665132793990785,0.958787949763076,1.2007862768097235,0.9787154186258114,3341.25
2674,-1.1848388997069197,-2.124022661274865,-1.9665132785543522,0.958787934349322,1.2007862804573708,1.0091177320647446,3342.5
2675,-1.1848389022302106,-2.1240226515040357,-1.9665132779874752,0.9587879240054958,1.2007862829052254,1.0295200455037747,3343.75
2676,-1.1849928140517845,-2.124310907964468,-1.9659398730095834,0.9585027020282287,1.2009398539986689,1.0404023402792026,3345.0
2677,-1.1864347840088694,-2.1270115970825487,-1.960567710303965,0.9558305401157839,1.2023786320610916,1.043329925425323,3346.25
2678,-1.1873695707869552,-2.1287623797387965,-1.9570850918896647,0.9540982545529689,1.203311349108784,1.036822255658226,3347.5
2679,-1.1873695688487083,-2.128762384693022,-1.9570850940688618,0.9540982534936798,1.2033113459728446,1.0222871410504746,3348.75
2680,-1.1873695655769683,-2.1287623930556996,-1.9570850977473229,0.9540982517056114,1.2033113406794138,0.9977520264427617,3350.0
2681,-1.1873695609717356,-2.1287624048268303,-1.9570851029250478,0.9540982491887635,1.2033113332284908,0.9632169118350873,3351.25
2682,-1.1873695550330101,-2.1287624200064137,-1.9570851096020365,0.9540982459431364,1.203311323620076,0.9186817972273946,3352.5
2683,-1.1873695472260897,-2.1287624388559783,-1.9570851174773312,0.9540982428214007,1.2033113072338297,0.8641466924013709,3353.75
2684,-1.1873695376770306,-2.1287624613138694,-1.9570851266218843,0.9540982396225376,1.2033112851590047,0.7996115928218503,3355.0
2685,-1.1873695317863753,-2.1287624916077346,-1.9570851342994955,0.954098255266842,1.203311270692469,0.7250765002512715,3356.25
2686,-1.1873695325002733,-2.1287625322353008,-1.9570851388565305,0.9540983008431306,1.2033112701581383,0.6405414170816813,3357.5
2687,-1.187369533310302,-2.1287625777382093,-1.9570851438900636,0.9540983521089458,1.2033112696620183,0.5460063431634099,3358.75
2688,-1.1873695383834364,-2.1287626269189173,-1.9570851502313449,0.9540984082315824,1.2033112738644374,0.44147127617351,3360.0
2689,-1.1873695548592917,-2.1287626777595046,-1.9570851592743421,0.954098467924489,1.2033112907919379,0.3269362177557567,3361.25
2690,-1.187369572775817,-2.1287627330367767,-1.9570851691091244,0.95409853282095,1.2033113092161272,0.20240116889894694,3362.5
2691,-1.1873696065407027,-2.1287627842673835,-1.9570851817761135,0.9540985962787394,1.203311343427929,0.06786612569861986,3363.75
2692,-1.1873696448568662,-2.128762838103619,-1.9570851956741369,0.9540986635105864,1.2033113822094998,-0.07666891650901005,3365.0
2693,-1.187369699031015,-2.1287628822448665,-1.957085211758723,0.9540987230929722,1.2033114367822348,-0.23120395300003008,3366.25
2694,-1.1873697598423247,-2.128762925448575,-1.957085229106397,0.9540987829352139,1.2033114979897048,-0.39569462878175743,3367.5
2695,-1.1873698308595835,-2.128762949552308,-1.9570852464279411,0.9540988235850578,1.203311569258978,-0.5588976742380982,3368.75
2696,-1.1873698989959207,-2.128762966491167,-1.957085262357075,0.9540988557214225,1.203311637587624,-0.7121007196941103,3370.0
2697,-1.187369966321001,-2.128762968259804,-1.9570852764278788,0.9540988708678202,1.2033117049830087,-0.8553037651496838,3371.25
2698,-1.1873700288430158,-2.128762965428438,-1.9570852889961083,0.9540988799700142,1.2033117675345313,-0.9885068106050134,3372.5
2699,-1.187370086383749,-2.128762950152349,-1.9570852991505314,0.9540988742895324,1.2033118250010861,-1.1117098560601535,3373.75
2700,-1.1873701392540867,-2.1287629361161757,-1.9570853084807438,0.9540988690701135,1.2033118778032657,-1.224912901514966,3375.0
2701,-1.1873701838992021,-2.1287629123520477,-1.9570853150315355,0.9540988514469753,1.203311922295558,-1.3281159469697026,3376.25
2702,-1.1873702236135375,-2.128762889024463,-1.9570853206149077,0.9540988333425886,1.2033119618564487,-1.4213189924241072,3377.5
2703,-1.1873702590668185,-2.128762868199758,-1.9570853255992209,0.9540988171806675,1.2033119971727488,-1.5045220378784419,3378.75
2704,-1.1873702864220628,-2.1287628444866966,-1.9570853285927918,0.9540987962283478,1.2033120243611575,-1.5777250833325844,3380.0
2705,-1.187370308584244,-2.128762821966975,-1.9570853306492655,0.9540987755830734,1.203312046361715,-1.640928128786629,3381.25
2706,-1.1873703272399199,-2.1287628030103294,-1.9570853323803616,0.9540987582042977,1.20331206488134,-1.6941311742406395,3382.5
2707,-1.1873703423890911,-2.1287627876167594,-1.9570853337860805,0.9540987440920209,1.2033120799200323,-1.7373342196945651,3383.75
2708,-1.1873703540317568,-2.1287627757862646,-1.9570853348664246,0.9540987332462445,1.203312091477791,-1.7705372651485305,3385.0
2709,-1.1873703621679172,-2.1287627675188454,-1.9570853356213935,0.9540987256669687,1.2033120995546165,-1.793740310602536,3386.25
2710,-1.1873753280228792,-2.128772205407732,-1.9570665445878261,0.9540893702581134,1.2033170540026443,-1.8069606570131198,3387.5
2711,-1.188502197680928,-2.1309169505370287,-1.95279834112334,0.951965406281404,1.2044413404086882,-1.8124640619103263,3388.75
2712,-1.1898099056238427,-2.133405891558057,-1.947845168635785,0.9495005858834733,1.2057460495779446,-1.8082610662662344,3390.0
2713,-1.189866801569896,-2.1335141919348874,-1.947629649391926,0.9493933354249984,1.2058028123580025,-1.7963527895120266,3391.25
2714,-1.1898667933660827,-2.133514197008492,-1.9476296510208688,0.9493933310779704,1.205802799181883,-1.7746389246721233,3392.5
2715,-1.189866781384124,-2.13351420441867,-1.9476296533999968,0.949393324728983,1.2058027799376962,-1.7429250598323174,3393.75
2716,-1.18986676562402,-2.133514214165421,-1.9476296565293105,0.9493933163780358,1.205802754625442,-1.701211194992495,3395.0
2717,-1.1898667463594648,-2.1335142259885824,-1.947629660680442,0.9493933050553189,1.2058027256218287,-1.6494973385368978,3396.25
2718,-1.1898667238787106,-2.1335142396141515,-1.9476296661394743,0.9493932897394304,1.2058026954299956,-1.587783496334732,3397.5
2719,-1.1898666971384628,-2.1335142557294433,-1.947629670898478,0.9493932766503298,1.2058026612989283,-1.5160696564983591,3398.75
2720,-1.189866662723244,-2.133514275895353,-1.9476296661821977,0.9493932918631753,1.2058026285061607,-1.4343558305558763,3400.0
2721,-1.1898666241027693,-2.133514298570816,-1.9476296608508599,0.9493933091167798,1.205802591756338,-1.3426420102989085,3401.25
2722,-1.18986658126345,-2.1335143237271996,-1.94762965487828,0.9493933284371779,1.2058025510505983,-1.240928197330033,3402.5
2723,-1.189866529405648,-2.133514337513962,-1.9476296456877584,0.9493933336203583,1.205802499276876,-1.129214395999762,3403.75
2724,-1.1898664729040853,-2.1335143525356104,-1.9476296356736378,0.9493933392699274,1.205802442853508,-1.007500601956889,3405.0
2725,-1.1898664115135789,-2.1335143579581812,-1.9476296235889485,0.9493933332669333,1.2058023814529903,-0.8757868143282305,3406.25
2726,-1.1898663452905587,-2.133514356239204,-1.9476296097171208,0.9493933183593162,1.2058023151566104,-0.7340730294809037,3407.5
2727,-1.189866277446944,-2.1335143426065297,-1.947629594177975,0.9493932899107023,1.205802247144188,-0.5823592485756672,3408.75
2728,-1.1898662075031254,-2.1335143189131376,-1.9476295770796141,0.9493932498837663,1.2058021769503364,-0.420645474066713,3410.0
2729,-1.1898661449335612,-2.1335142788007304,-1.9476295596679651,0.949393193081453,1.2058021140045727,-0.2550886558278458,3411.25
2730,-1.1898660883457908,-2.133514236826779,-1.9476295432837232,0.9493931353873146,1.2058020570306356,-0.09906813570002464,3412.5
2731,-1.1898660498552884,-2.1335141828519615,-1.9476295292954553,0.9493930679262484,1.2058020180724838,0.04695238442762727,3413.75
2732,-1.189866014015352,-2.1335141325587146,-1.9476295162665005,0.9493930050715669,1.2058019817968177,0.1829729045548823,3415.0
2733,-1.1898659955542024,-2.1335140773082193,-1.9476295062729698,0.9493929401264594,1.2058019628746346,0.3089934246819117,3416.25
2734,-1.1898659789705115,-2.1335140261998196,-1.947629497130569,0.9493928801471014,1.2058019458648903,0.42501394480866644,3417.5
2735,-1.189865971578219,-2.133513977435985,-1.9476294901490747,0.9493928245742107,1.2058019380732046,0.531034464935177,3418.75
2736,-1.1898659705406274,-2.1335139317697607,-1.947629484826746,0.9493927736867243,1.2058019366665576,0.627054985061611,3420.0
2737,-1.1898659696110954,-2.133513890859422,-1.9476294800587017,0.9493927280988828,1.205801935406405,0.7130755051877582,3421.25
2738,-1.1898659729402652,-2.133513854812721,-1.947629476714396,0.9493926887450665,1.2058019384477614,0.7890960253138458,3422.5
2739,-1.1898659810080472,-2.133513823642117,-1.9476294748943568,0.9493926557333112,1.2058019462710425,0.8551165454397893,3423.75
2740,-1.1898659878538178,-2.1335137971928635,-1.9476294733499948,0.949392627721782,1.2058019529093464,0.911137065565617,3425.0
2741,-1.1898659934775773,-2.133513775464963,-1.9476294720813074,0.9493926047104781,1.2058019583626733,0.9571575856914416,3426.25
2742,-1.1898659978793256,-2.133513758458413,-1.947629471088299,0.9493925866994012,1.205801962631023,0.9931781058172493,3427.5
2743,-1.1898660010590625,-2.1335137461732137,-1.9476294703709691,0.949392573688551,1.2058019657143952,1.0191986259430972,3428.75
2744,-1.1898660030167882,-2.1335137386093646,-1.9476294699293177,0.9493925656779275,1.2058019676127905,1.0352191460689566,3430.0
2745,-1.1905452295437482,-2.1348274054480436,-1.9450140222870156,0.9480904992553599,1.2064795821212382,1.0428348481985918,3431.25
2746,-1.1920214045012507,-2.1376824331935604,-1.9393298161302002,0.9452606989637887,1.2079522535289915,1.0414049753960024,3432.5
2747,-1.1923287936095999,-2.1382769512834527,-1.9381461704583227,0.9446714366914992,1.2082589122824279,1.0316520153221802,3433.75
2748,-1.192328791115257,-2.138276957629347,-1.9381461732735579,0.9446714353356357,1.2082589081762651,1.0127768713317118,3435.0
2749,-1.1923287872994177,-2.138276967337278,-1.9381461775802964,0.944671433261439,1.2082589018946688,0.98390172734131,3436.25
2750,-1.1923287821620823,-2.1382769804072472,-1.9381461833785387,0.9446714304689094,1.2082588934376384,0.9450265833509752,3437.5
2751,-1.1923287756388723,-2.138276996871884,-1.9381461906306916,0.944671427065549,1.2082588822429388,0.8961514404136356,3438.75
2752,-1.1923287670165852,-2.13827701709268,-1.9381461989202862,0.9446714242422968,1.2082588620819519,0.8372763088134831,3440.0
2753,-1.192328756929794,-2.138277040747999,-1.938146208617877,0.9446714209395124,1.2082588384966013,0.7684011772131709,3441.25
2754,-1.1923287559556603,-2.1382770767446346,-1.938146213756343,0.9446714567851764,1.208258834460027,0.6895260596833613,3442.5
2755,-1.1923287567003127,-2.138277118868534,-1.9381462184953595,0.9446715041297739,1.2082588339291473,0.6006509464317318,3443.75
2756,-1.1923287575427544,-2.1382771658138635,-1.9381462236930362,0.9446715571534963,1.2082588334615056,0.5017758440247645,3445.0
2757,-1.1923287690707693,-2.1382772145482534,-1.938146231463035,0.9446716137911118,1.2082588449117373,0.39290075007623537,3446.25
2758,-1.1923287859646141,-2.1382772665558805,-1.9381462407791021,0.944671674916661,1.208258862282522,0.27402566387218646,3447.5
2759,-1.1923288092519384,-2.138277320013632,-1.9381462515880141,0.9446717388921644,1.2082588860606682,0.1451505850184801,3448.75
2760,-1.1923288456236398,-2.138277370986898,-1.938146264841563,0.9446718026424927,1.2082589228806295,0.006275510666494177,3450.0
2761,-1.1923288889188597,-2.138277421263964,-1.9381462794506814,0.9446718669823891,1.2082589666234067,-0.14259956154200887,3451.25
2762,-1.192328946194988,-2.1382774636859647,-1.938146296072903,0.9446719253537095,1.2082590242931137,-0.3014746270184252,3452.5
2763,-1.1923290119535106,-2.1382774979745287,-1.9381463135387804,0.9446719763639908,1.2082590903863926,-0.4678426336934959,3453.75
2764,-1.1923290802502269,-2.1382775210649956,-1.93814633027341,0.9446720154408558,1.2082591589290814,-0.6267035950145226,3455.0
2765,-1.1923291478926283,-2.138277528634972,-1.938146345130567,0.9446720371569701,1.2082592266907648,-0.7755645563349365,3456.25
2766,-1.1923292123921838,-2.1382775302887804,-1.938146358672875,0.9446720516860326,1.2082592912588384,-0.9144255176551782,3457.5
2767,-1.1923292719793803,-2.1382775200576947,-1.938146369863997,0.9446720520529115,1.2082593508137702,-1.0432864789750056,3458.75
2768,-1.192329326825981,-2.138277505497773,-1.9381463795875675,0.9446720466806939,1.208259405588878,-1.16214744029475,3460.0
2769,-1.1923293758587714,-2.138277488470486,-1.93814638783027,0.9446720374249227,1.2082594545251584,-1.2710084016141365,3461.25
2770,-1.1923294174789185,-2.138277464054128,-1.9381463937086238,0.9446720185065317,1.2082594959824142,-1.369869362933332,3462.5
2771,-1.1923294548890995,-2.1382774421075394,-1.9381463989923637,0.9446720015017744,1.208259533246181,-1.4587303242523637,3463.75
2772,-1.1923294872958163,-2.138277421518656,-1.9381464033923619,0.9446719850198081,1.208259565513245,-1.5375912855712366,3465.0
2773,-1.1923295111528218,-2.1382773973175127,-1.9381464056164441,0.9446719628447493,1.2082595891939412,-1.6064522468900964,3466.25
2774,-1.1923295315453093,-2.1382773766308634,-1.9381464075175447,0.9446719438899561,1.208259609435723,-1.6653132082088258,3467.5
2775,-1.1923295484732792,-2.1382773594587094,-1.9381464090956602,0.9446719281554264,1.208259626238591,-1.7141741695274608,3468.75
2776,-1.192329561936731,-2.138277345801049,-1.9381464103507948,0.9446719156411627,1.2082596396025442,-1.7530351308461278,3470.0
2777,-1.192329571935664,-2.138277335657883,-1.9381464112829483,0.9446719063471651,1.2082596495275828,-1.7818960921647207,3471.25
2778,-1.1923295784700787,-2.13827732902921,-1.9381464118921212,0.9446719002734337,1.2082596560137064,-1.8007570534834103,3472.5
2779,-1.1926338650960433,-2.1388753341319617,-1.9369552944665556,0.9440786684629655,1.2085631952305729,-1.8105009060059123,3473.75
2780,-1.1940894795555792,-2.1417360548496296,-1.9312572890658073,0.9412408119848725,1.2100152342394048,-1.8119272660174583,3475.0
2781,-1.1947594846089444,-2.1430528245743794,-1.9286345416073214,0.9399345673819173,1.210683591853424,-1.804310079549508,3476.25
2782,-1.194759478627422,-2.143052828272743,-1.928634542801347,0.9399345642360506,1.2106835821809143,-1.788295370280682,3477.5
2783,-1.1947594689108816,-2.1430528342804607,-1.928634544740953,0.9399345591258232,1.210683566468639,-1.7622806610118684,3478.75
2784,-1.1947594554593235,-2.143052842597533,-1.9286345474261395,0.9399345520512352,1.2106835447165982,-1.7262659517430956,3480.0
2785,-1.1947594382727476,-2.14305285322396,-1.928634550856907,0.9399345430122865,1.2106835169247914,-1.6802512424743061,3481.25
2786,-1.194759417953649,-2.1430528655730847,-1.9286345556497804,0.9399345298139494,1.2106834883805084,-1.6242365503323317,3482.5
2787,-1.194759394170274,-2.1430528799679407,-1.9286345614652824,0.9399345136648746,1.2106834561723996,-1.5582218624580615,3483.75
2788,-1.1947593642813912,-2.143052897683518,-1.928634561652978,0.939934514229234,1.210683423177254,-1.4822071838890505,3485.0
2789,-1.194759328484775,-2.143052918629719,-1.9286345567272059,0.9399345299929746,1.2106833890717188,-1.3961925121732812,3486.25
2790,-1.1947592885395077,-2.1430529420942035,-1.9286345511524412,0.9399345479468031,1.2106833511162414,-1.3001778517384872,3487.5
2791,-1.1947592424222186,-2.143052962227875,-1.9286345438755186,0.9399345611199342,1.210683306262011,-1.1941631980838057,3488.75
2792,-1.1947591892106395,-2.1430529763747717,-1.9286345344002447,0.9399345663976008,1.2106832531351157,-1.0781485527199293,3490.0
2793,-1.1947591313994024,-2.1430529912542244,-1.928634524050634,0.9399345715870642,1.2106831953965884,-0.9521339156949228,3491.25
2794,-1.1947590685991614,-2.143052989664384,-1.9286345108334912,0.9399345574315087,1.2106831325256568,-0.8161192849840639,3492.5
2795,-1.1947590011844673,-2.1430529879469904,-1.928634496644161,0.9399345422232772,1.2106830650349414,-0.6701046546629708,3493.75
2796,-1.194758934512751,-2.1430529654497454,-1.9286344802686681,0.9399345040821074,1.2106829981213374,-0.5140900313859524,3495.0
2797,-1.1947588662518072,-2.1430529372216562,-1.9286344629177734,0.9399344592622834,1.2106829295702108,-0.3485370290584688,3496.25
2798,-1.1947588083001586,-2.1430528943621727,-1.9286344460592917,0.9399344002257446,1.2106828712174078,-0.18681946059759372,3497.5
2799,-1.19475876019393,-2.143052847805889,-1.9286344308284642,0.9399343390256807,1.210682822688248,-0.035101892137049354,3498.75
2800,-1.1947587233009314,-2.1430527961663897,-1.9286344173531202,0.9399342743920938,1.2106827853403659,0.10661567632306368,3500.0
2801,-1.1947586951714029,-2.1430527445590113,-1.9286344057007816,0.9399342115231534,1.210682756763787,0.23833324478293133,3501.25
2802,-1.1947586779831771,-2.143052691706891,-1.9286343961797865,0.9399341494303515,1.2106827391277655,0.36005081324257404,3502.5
2803,-1.194758662207092,-2.143052643196968,-1.9286343874410043,0.9399340924389302,1.2106827229406742,0.4717683817020006,3503.75
2804,-1.194758661064305,-2.1430525955194186,-1.928634381834007,0.9399340392590664,1.2106827214063425,0.57348595016124,3505.0
2805,-1.1947586600865943,-2.1430525525151225,-1.928634376787608,0.9399339913022453,1.2106827200755115,0.665203518620088,3506.25
2806,-1.194758659215484,-2.143052514199602,-1.928634372291417,0.9399339485741731,1.210682718889782,0.7469210870788672,3507.5
2807,-1.194758666444103,-2.1430524807752525,-1.9286343700276958,0.9399339128766422,1.2106827258508464,0.8186386555375111,3508.75
2808,-1.1947586738969678,-2.1430524520426557,-1.928634368338946,0.9399338824343804,1.2106827330747834,0.8803562239961147,3510.0
2809,-1.1947586801422567,-2.143052427965558,-1.9286343669238188,0.9399338569246292,1.2106827391282373,0.9320737924546463,3511.25
2810,-1.1947586851799699,-2.1430524085439577,-1.9286343657823166,0.9399338363473891,1.2106827440112085,0.9737913609131024,3512.5
2811,-1.194758689010107,-2.143052393777854,-1.9286343649144408,0.9399338207026608,1.2106827477236966,1.0055089293715984,3513.75
2812,-1.194758691632668,-2.1430523836672473,-1.928634364320191,0.9399338099904445,1.2106827502657014,1.0272264978301344,3515.0
2813,-1.194812821109919,-2.143160470406316,-1.9284189738646025,0.9398264865115888,1.2107367421459596,1.0391376838693367,3516.25
2814,-1.196063481425367,-2.145658003497531,-1.9234422595942544,0.9373468487909311,1.2119842242058634,1.0433721880674152,3517.5
2815,-1.1971503905725802,-2.1478285360138476,-1.9191171516187406,0.9351918735717244,1.2130683707623848,1.0378980605653574,3518.75
2816,-1.1971562583912914,-2.1478402617017287,-1.9190937970730122,0.9351802353212351,1.2130742225017448,1.024738063748534,3520.0
2817,-1.1971562553608415,-2.147840269375409,-1.9190938005073077,0.9351802336822985,1.2130742174258646,1.0016006729438727,3521.25
2818,-1.197156251020629,-2.1478402803656618,-1.9190938054259088,0.9351802313350124,1.2130742101561847,0.9684632821391932,3522.5
2819,-1.1971562453706537,-2.147840294672485,-1.9190938118288154,0.9351802282793765,1.213074200692705,0.9253258913345239,3523.75
2820,-1.1971562380136032,-2.147840312504549,-1.9190938194752638,0.9351802252095619,1.2130741855288396,0.8721885043959261,3525.0
2821,-1.1971562288605215,-2.147840333908573,-1.919093828311349,0.9351802222809893,1.2130741638794855,0.8090511211538132,3526.25
2822,-1.1971562216081588,-2.1478403615056187,-1.9190938366468693,0.9351802313844053,1.2130741461650718,0.7359137425887669,3527.5
2823,-1.197156222294837,-2.1478404003473166,-1.9190938410574219,0.9351802750404732,1.2130741456571619,0.6527763755924193,3528.75
2824,-1.197156223073467,-2.1478404439147405,-1.9190938459489628,0.9351803241793015,1.2130741451712495,0.5596390161235991,3530.0
2825,-1.197156226011764,-2.1478404916224605,-1.91909385173026,0.9351803784274213,1.213074147031435,0.45650166377666884,3531.25
2826,-1.197156241896449,-2.147840540418012,-1.919093860532307,0.9351804358430796,1.213074163363961,0.34336432140043405,3532.5
2827,-1.1971562591870084,-2.147840593524556,-1.9190938701143903,0.9351804983261974,1.213074181156475,0.2202269877132244,3533.75
2828,-1.1971562896572732,-2.1478406440263678,-1.9190938821598689,0.9351805604798542,1.2130742120862212,0.08708965996658466,3535.0
2829,-1.197156326697739,-2.1478406958061065,-1.9190938957228458,0.9351806253369297,1.213074249589395,-0.05604766586700351,3536.25
2830,-1.1971563770602889,-2.147840740331697,-1.9190939112386145,0.9351806847704031,1.2130743003643372,-0.20918498686597803,3537.5
2831,-1.1971564351118418,-2.1478407832024438,-1.919093928167651,0.9351807438867261,1.2130743588204849,-0.3721525972791917,3538.75
2832,-1.1971565024504942,-2.1478408076645876,-1.9190939449492472,0.9351807843866278,1.2130744264199569,-0.5326844986589082,3540.0
2833,-1.197156566840325,-2.1478408274898078,-1.9190939605929471,0.9351808191511836,1.2130744910297544,-0.683216400038327,3541.25
2834,-1.1971566313399247,-2.14784082910166,-1.9190939742009996,0.935180833700787,1.2130745555990439,-0.8237483014174961,3542.5
2835,-1.1971566912498506,-2.1478408305988212,-1.919093986840718,0.9351808472150628,1.2130746155737007,-0.95428020279617,3543.75
2836,-1.197156746211427,-2.147840816212458,-1.9190939966552434,0.9351808421025073,1.2130746704645425,-1.074812104174708,3545.0
2837,-1.1971567966088266,-2.147840802832428,-1.9190940056334456,0.9351808372052284,1.2130747207955264,-1.1853440055530409,3546.25
2838,-1.1971568406705801,-2.1478407852076624,-1.91909401281311,0.9351808263384174,1.2130747647502798,-1.2858759069311851,3547.5
2839,-1.1971568783318824,-2.147840763139117,-1.9190940181582528,0.9351808092681,1.2130748022622975,-1.3764078083092222,3548.75
2840,-1.1971569118331828,-2.1478407435082287,-1.9190940229129738,0.9351807940833385,1.2130748356308025,-1.456939709686945,3550.0
2841,-1.197156941141287,-2.1478407262685932,-1.9190940270651264,0.935180780726014,1.2130748648221892,-1.527471611064623,3551.25
2842,-1.1971569618640956,-2.147840705280309,-1.9190940290065388,0.9351807615053512,1.2130748853898263,-1.5880035124421816,3552.5
2843,-1.1971569791634518,-2.1478406877593343,-1.919094030627226,0.9351807454599832,1.2130749025596457,-1.6385354138197237,3553.75
2844,-1.1971569930393553,-2.1478406737056694,-1.9190940319271867,0.9351807325899094,1.2130749163316472,-1.6790673151972033,3555.0
2845,-1.197157003491807,-2.1478406631193145,-1.9190940329064206,0.9351807228951294,1.2130749267058316,-1.709599216574683,3556.25
2846,-1.1971570105208063,-2.1478406560002696,-1.9190940335649296,0.9351807163756446,1.213074933682198,-1.7301311179522303,3557.5
2847,-1.1971570141263526,-2.1478406523485334,-1.9190940339027138,0.935180713031455,1.2130749372607463,-1.7406630193297608,3558.75
2848,-1.196638408253824,-2.1468398779847058,-1.9211791485872964,0.9362651862918558,1.2125580365067417,-1.7422420191054562,3560.0
2849,-1.19650941057456,-2.1465909537605476,-1.9216977878245682,0.9365349343936311,1.212429462968549,-1.7349668329702586,3561.25
2850,-1.1963667934186102,-2.146315757430475,-1.9222711718400696,0.9368331586864063,1.2122873147471847,-1.7178662628182062,3562.5
2851,-1.1961407771977866,-2.1458796329397485,-1.9231798569656506,0.9373057773356979,1.2120620416825556,-1.6907656926662185,3563.75
2852,-1.1958313619120888,-2.145282580288367,-1.9244238432013123,0.9379527903415064,1.2117536437746612,-1.653665122514266,3565.0
2853,-1.1954348111334216,-2.144526421855815,-1.9259997001813427,0.9387725979239139,1.2113583685185951,-1.6065644689543095,3566.25
2854,-1.194952988337425,-2.1436102491584097,-1.9279091379313988,0.9397659975324639,1.2108780874067748,-1.5494637931728414,3567.5
2855,-1.194386784264078,-2.142533627799955,-1.9301529741319008,0.9409333704950883,1.210313695011638,-1.482363117391283,3568.75
2856,-1.1937314335190603,-2.141298800989463,-1.9327270006138733,0.9422727609208819,1.2096604088850413,-1.4052623213378137,3570.0
2857,-1.1929906466765097,-2.1399040223762174,-1.9356344934062608,0.9437856914266727,1.2089219528791562,-1.3181615148404724,3571.25
2858,-1.1921589030619073,-2.138351837785024,-1.938870686820172,0.945469954167663,1.2080927849290175,-1.2210605728085833,3572.5
2859,-1.1912389711226685,-2.1366409516879936,-1.9424380096424385,0.9473266764082344,1.2071756842374168,-1.1139595728359908,3573.75
2860,-1.1902271305531285,-2.1347730402459337,-1.9463333316542577,0.9493544120821319,1.2061669163558293,-0.9968584387093542,3575.0
2861,-1.1891217805659735,-2.1327487608085502,-1.950555437760292,0.9515526070152396,1.2050648748729509,-0.8697571476916811,3576.25
2862,-1.187922625471264,-2.130568198381223,-1.9551041786596026,0.9539211976569963,1.2038692633111077,-0.732655710391902,3577.5
2863,-1.1866275049621513,-2.128232241993262,-1.9599779106063544,0.9564594341289068,1.2025779137469441,-0.5855540980170155,3578.75
2864,-1.1852342079651164,-2.1257417643024876,-1.9651750281211096,0.9591665886498486,1.2011886075702263,-0.4284522839817947,3580.0
2865,-1.1837885088942408,-2.1231820101830947,-1.9705177966169867,0.9619501577542424,1.1997469784340458,-0.2666909681244432,3581.25
2866,-1.18241562429655,-2.120773124052986,-1.9755466578342435,0.9645706784916024,1.1983778952492137,-0.11420477863336136,3582.5
2867,-1.1811235693147466,-2.118525880869739,-1.9802389697972407,0.9670162780623585,1.1970893607645032,0.028281584596740194,3583.75
2868,-1.1799129036111133,-2.1164399802558584,-1.984595302940664,0.9692872254550142,1.1958819371068712,0.16076811239437067,3585.0
2869,-1.17878713293705,-2.114514004939857,-1.9886182722282344,0.9713847104475919,1.1947591422110553,0.2832547482896689,3586.25
2870,-1.1777484825109603,-2.112747085211461,-1.9923094757926239,0.9733094563584576,1.193723208818169,0.3957414631331928,3587.5
2871,-1.1767960416497343,-2.1111395360813088,-1.9956683440583671,0.9750612108265604,1.1927732234547554,0.49822827576144413,3588.75
2872,-1.1759326055051647,-2.109690280690673,-1.9986968522738375,0.9766408657900336,1.1919119906130855,0.590715145338632,3590.0
2873,-1.175159680702648,-2.108398766780601,-2.0013960069427057,0.9780488719330982,1.1911410217527938,0.6732020587548166,3591.25
2874,-1.1744774987447686,-2.107264886832606,-2.0037660095037855,0.9792853226976698,1.190460549280512,0.7456890123912283,3592.5
2875,-1.1738871098711983,-2.106288263871737,-2.005807545066177,0.9803505237115282,1.1898716267486842,0.8081760001347614,3593.75
2876,-1.1733912028881612,-2.1054679331240385,-2.007522366918062,0.981245257072467,1.189376951443855,0.860662987878231,3595.0
2877,-1.1729876144284241,-2.1048046545605765,-2.0089090979847524,0.9819689108902864,1.1889743532916597,0.9031500040112882,3596.25
2878,-1.1726781082532072,-2.104297808424283,-2.009968861309501,0.9825219842005886,1.1886656015219996,0.9356370340385609,3597.5
2879,-1.1724638727675403,-2.103946977207132,-2.010702413428163,0.9829048131672768,1.1884518882244304,0.9581240640659561,3598.75
2880,-1.172344907971425,-2.1037521609091256,-2.0111097543407337,0.9831173977903486,1.1883332133989535,0.970611094093303,3600.0
2881,-1.1718592977526994,-2.102959175272519,-2.012767966024957,0.983982870343955,1.187848782913477,0.9737425718426963,3601.25
2882,-1.1716463491696931,-2.1026117681400263,-2.0134944524481067,0.984362057960505,1.187636351087449,0.9680721161143371,3602.5
2883,-1.171645991028859,-2.1026118997537964,-2.0134942283690416,0.984361966172099,1.1876359925682238,0.9528263148041215,3603.75
2884,-1.1716453979768997,-2.1026121176954455,-2.0134938573124175,0.9843618141779984,1.1876353988896793,0.9275805134939108,3605.0
2885,-1.1716445699664297,-2.1026124219871063,-2.0134933392519043,0.9843616020442917,1.18763456964486,0.8923347187608934,3606.25
2886,-1.1716435068431896,-2.1026128127008166,-2.0134926741017747,0.9843613299859351,1.1876335035098244,0.847088947110509,3607.5
2887,-1.171642208753631,-2.1026132897681675,-2.0134918619434043,0.9843609977985661,1.1876322017428178,0.7918431754600285,3608.75
2888,-1.1716414173599374,-2.102613596577789,-2.013491368329345,0.9843608127906115,1.1876314080067036,0.7265974125959119,3610.0
2889,-1.1716414181447268,-2.1026136343541353,-2.0134913724613455,0.9843608547597935,1.1876314085542063,0.6513516597489086,3611.25
2890,-1.1716414190368236,-2.102613677169736,-2.0134913771259586,0.9843609023871952,1.1876314091997104,0.5661059106295239,3612.5
2891,-1.1716414202703238,-2.102613724959962,-2.0134913823665435,0.9843609556386099,1.1876314101867183,0.47086016462503105,3613.75
2892,-1.1716414359837841,-2.102613773885209,-2.0134913907465286,0.9843610127104989,1.1876314262935002,0.3656144299487728,3615.0
2893,-1.171641453190822,-2.1026138274586086,-2.0134913999232626,0.9843610752031919,1.187631443935297,0.2503687008908468,3616.25
2894,-1.1716414796703623,-2.1026138810824233,-2.0134914109916755,0.9843611395307461,1.1876314708518987,0.12512297920212379,3617.5
2895,-1.1716415168811731,-2.1026139338944914,-2.013491424156951,0.9843612050212062,1.1876315084931628,-0.010122735937489542,3618.75
2896,-1.171641562716501,-2.1026139846025194,-2.013491438850172,0.9843612698530714,1.187631554749205,-0.15536844859358773,3620.0
2897,-1.1716416215062089,-2.1026140287766335,-2.013491455480087,0.9843613299712115,1.1876316139193892,-0.31061415751148164,3621.25
2898,-1.1716416902340452,-2.1026140637980264,-2.01349147315619,0.9843613819017,1.1876316829659532,-0.47469790960530445,3622.5
2899,-1.1716417617744248,-2.1026140884404625,-2.0134914903012255,0.9843614229155242,1.187631754748512,-0.6331261308951588,3623.75
2900,-1.171641832853078,-2.102614095710258,-2.0134915055075764,0.9843614446590491,1.1876318259371947,-0.7815543521846847,3625.0
2901,-1.1716419003860357,-2.102614097640209,-2.0134915194268,0.9843614598225685,1.187631893536935,-0.9199825734739053,3626.25
2902,-1.1716419627400623,-2.102614086162649,-2.013491530870477,0.9843614591833683,1.1876319558520325,-1.0484107947628254,3627.5
2903,-1.1716420201332376,-2.102614070910403,-2.013491540905864,0.9843614534191629,1.187632013173813,-1.1668390160514661,3628.75
2904,-1.171642071226269,-2.102614052419467,-2.013491549317906,0.9843614428632921,1.187632064166015,-1.275267237339948,3630.0
2905,-1.1716421147444671,-2.102614026721233,-2.013491555426296,0.984361422888013,1.1876321075228582,-1.3736954586281538,3631.25
2906,-1.1716421538413542,-2.102614003633862,-2.013491560914088,0.984361404942157,1.1876321464747832,-1.462123679916199,3632.5
2907,-1.1716421874283987,-2.1026139816124383,-2.013491565396169,0.9843613871099169,1.1876321799206986,-1.540551901204029,3633.75
2908,-1.1716422123239172,-2.1026139561413064,-2.0134915677468723,0.984361363791536,1.1876322046422079,-1.6089801224918145,3635.0
2909,-1.171642233581241,-2.102613934392488,-2.0134915697540476,0.9843613438808693,1.1876322257509517,-1.667408343779498,3636.25
2910,-1.1716422512003712,-2.102613916365985,-2.0134915714176906,0.9843613273779139,1.1876322432469315,-1.7158365650671086,3637.5
2911,-1.1716422651813068,-2.1026139020617958,-2.0134915727378058,0.984361314282673,1.187632257130146,-1.7542647863547587,3638.75
2912,-1.1716422755240474,-2.1026138914799204,-2.0134915737143935,0.9843613045951468,1.1876322674005952,-1.7826930076423635,3640.0
2913,-1.1716422822285935,-2.1026138846203586,-2.0134915743474537,0.9843612983153349,1.1876322740582792,-1.8011212289300935,3641.25
2914,-1.1720454227009496,-2.103307868346956,-2.0121095585228055,0.9836730245108818,1.1880346718883976,-1.8105246243461663,3642.5
2915,-1.1736920956879286,-2.1061425609737983,-2.006464510077218,0.9808616810635944,1.1896783113433786,-1.8114322870478685,3643.75
2916,-1.174355279982989,-2.1072842183811487,-2.0041910015811832,0.979729428124469,1.1903402721404648,-1.8033982952249834,3645.0
2917,-1.1743552734694824,-2.1072842224143624,-2.004191002839256,0.9797294245879042,1.1903402618224213,-1.7867789682465884,3646.25
2918,-1.1743552630367393,-2.107284228874398,-2.0041910048543237,0.9797294189233569,1.1903402452959173,-1.760159641268206,3647.5
2919,-1.1743552486847604,-2.107284237761255,-2.0041910076263845,0.9797294111308266,1.1903402225609527,-1.7235403142898074,3648.75
2920,-1.1743552304135452,-2.1072842490749335,-2.0041910111554397,0.9797294012103132,1.190340193617528,-1.6769209873114779,3650.0
2921,-1.1743552089390756,-2.107284262171101,-2.0041910161016587,0.9797293867844035,1.1903401644864344,-1.6203016797934922,3651.25
2922,-1.1743551837991673,-2.1072842774656912,-2.0041910220388863,0.9797293693877738,1.1903401312811046,-1.5536823754454294,3652.5
2923,-1.1743551519344093,-2.107284296436595,-2.0041910214755028,0.9797293720027225,1.1903400971648348,-1.4770630815668384,3653.75
2924,-1.1743551140957487,-2.1072843187325376,-2.0041910162924066,0.9797293888726991,1.1903400611011208,-1.3904437937008587,3655.0
2925,-1.1743550719029403,-2.107284343697822,-2.0041910104268483,0.9797294080976832,1.1903400209939927,-1.2938245176918046,3656.25
2926,-1.1743550229246729,-2.107284364232673,-2.00419100266715,0.9797294212461096,1.1903399731986666,-1.187205248380738,3657.5
2927,-1.1743549667615736,-2.1072843791760505,-2.004190992808695,0.9797294269576258,1.1903399171185658,-1.070585987237675,3658.75
2928,-1.1743549057435747,-2.1072843937674772,-2.0041909819245456,0.979729431342531,1.1903398561632548,-0.9439667341673371,3660.0
2929,-1.1743548395078165,-2.1072843918938426,-2.0041909682468337,0.9797294164652828,1.190339789857844,-0.8073474869282447,3661.25
2930,-1.1743547687542064,-2.10728438859566,-2.004190953498233,0.9797293991404454,1.190339719020098,-0.6607282403383933,3662.5
2931,-1.174354698471683,-2.1072843644337484,-2.004190936622842,0.9797293588639895,1.1903396484978224,-0.5041090007666686,3663.75
2932,-1.1743546273752554,-2.1072843329498308,-2.0041909188018154,0.9797293103433651,1.1903395771050105,-0.33824546100514147,3665.0
2933,-1.1743545667414943,-2.107284287460547,-2.0041909016178057,0.9797292483777666,1.190339516075868,-0.17712420786864563,3666.25
2934,-1.1743545173509156,-2.1072842371493468,-2.0041908862079563,0.9797291832607069,1.190339466261803,-0.026002954732537206,3667.5
2935,-1.1743544787666362,-2.107284182462766,-2.0041908725309385,0.9797291154008818,1.1903394272290078,0.11511829840316143,3668.75
2936,-1.1743544503358678,-2.107284127273626,-2.0041908608664807,0.979729048949407,1.1903393983538102,0.24623955153870053,3670.0
2937,-1.1743544323674828,-2.107284071399677,-2.004190851258024,0.9797289837647283,1.1903393799439297,0.3673608046739105,3671.25
2938,-1.1743544167007323,-2.107284019921435,-2.004190842586179,0.9797289238799626,1.1903393638711113,0.47848205780893355,3672.5
2939,-1.174354415561095,-2.107283969590907,-2.0041908369926706,0.9797288680719359,1.190339362345537,0.5796033109437403,3673.75
2940,-1.1743544145341578,-2.1072839242376267,-2.0041908319523074,0.9797288177828292,1.1903393609708288,0.6707245640783399,3675.0
2941,-1.1743544136199204,-2.1072838838615926,-2.00419082746509,0.979728773012643,1.1903393597469865,0.7518458172128578,3676.25
2942,-1.1743544217677067,-2.1072838487160035,-2.0041908253790637,0.9797287357715796,1.1903393676322627,0.8229670703471966,3677.5
2943,-1.1743544295131998,-2.107283818533089,-2.0041908237398403,0.9797287039337602,1.1903393751528977,0.8840883234814259,3678.75
2944,-1.1743544359914588,-2.1072837932883783,-2.004190822368806,0.9797286773048997,1.1903393814430876,0.9352095766156145,3680.0
2945,-1.174354441202484,-2.1072837729818708,-2.0041908212659636,0.9797286558849994,1.1903393865028327,0.9763308297497537,3681.25
2946,-1.174354445146275,-2.107283757613566,-2.0041908204313135,0.9797286396740599,1.1903393903321322,1.0074520828838764,3682.5
2947,-1.174354447822832,-2.1072837471834633,-2.004190819864857,0.9797286286720815,1.1903393929309867,1.0285733360180678,3683.75
2948,-1.17445704837467,-2.1074632687298256,-2.003833151980448,0.9795504239221973,1.1904417973243773,1.0400055334302483,3685.0
2949,-1.1759278028434246,-2.110036782011688,-1.9987060015613558,0.9769959494402828,1.191909740451467,1.0435993461946433,3686.25
2950,-1.1770294141602367,-2.1119643773190777,-1.9948657062799944,0.9750826188581896,1.1930092455750885,1.037592088604095,3687.5
2951,-1.1770294122647622,-2.1119643821983334,-1.9948657083751666,0.975082617785993,1.1930092425639074,1.0236890822348208,3688.75
2952,-1.1770294090059314,-2.111964390587085,-1.9948657119773308,0.9750826159425986,1.1930092373868773,0.9997860758655567,3690.0
2953,-1.1770294043837446,-2.111964402485333,-1.9948657170864872,0.9750826133280066,1.1930092300439985,0.9658830694963596,3691.25
2954,-1.1770293983982019,-2.1119644178930774,-1.9948657237026355,0.9750826099422167,1.1930092205352707,0.9219800631271159,3692.5
2955,-1.1770293905467062,-2.111964437045481,-1.9948657315564624,0.9750826065414642,1.1930092046103606,0.8680770657883387,3693.75
2956,-1.1770293808553232,-2.111964459930348,-1.9948657406619361,0.9750826030865282,1.1930091824897016,0.8041740748014017,3695.0
2957,-1.1770293741048348,-2.1119644902207595,-1.994865748713234,0.9750826159875544,1.1930091663503057,0.7302710898180053,3696.25
2958,-1.1770293748294298,-2.1119645318068927,-1.994865753188623,0.9750826624319658,1.1930091657975574,0.6463681153533789,3697.5
2959,-1.1770293756512666,-2.1119645784147405,-1.9948657581396536,0.9750827146915557,1.1930091652712216,0.5524651492533229,3698.75
2960,-1.1770293798826557,-2.1119646290971983,-1.9948657642181615,0.9750827721229558,1.1930091684823445,0.448562190114867,3700.0
2961,-1.1770293966786054,-2.111964681268011,-1.994865773198198,0.9750828330777043,1.193009185724902,0.3346592400651211,3701.25
2962,-1.1770294149513667,-2.1119647380169377,-1.9948657829688339,0.9750828993758003,1.1930092045000893,0.2107562993799719,3702.5
2963,-1.1770294483682002,-2.1119647912662423,-1.9948657954699098,0.9750829646918142,1.1930092383664497,0.07685336428834756,3703.75
2964,-1.1770294874685274,-2.1119648466077927,-1.9948658093575458,0.9750830334082281,1.1930092779275845,-0.06704956948140553,3705.0
2965,-1.1770295417870034,-2.111964893030423,-1.9948658253947755,0.9750830952212541,1.1930093326477,-0.22095249793519517,3706.25
2966,-1.1770296031228944,-2.1119649388791153,-1.994865842801449,0.9750831577604177,1.1930093943856757,-0.38485531860627964,3707.5
2967,-1.1770296761892909,-2.1119649639490543,-1.9948658603795777,0.9750831996162821,1.1930094677032417,-0.548694505033786,3708.75
2968,-1.1770297459651622,-2.111964982938473,-1.9948658766369323,0.9750832341167222,1.1930095376807746,-0.7025336914635213,3710.0
2969,-1.17702981526865,-2.111964984878702,-1.994865890976022,0.9750832496895913,1.1930096070540277,-0.8463728778928197,3711.25
2970,-1.1770298796753615,-2.111964983211971,-1.994865903931142,0.9750832603285904,1.1930096714988068,-0.9802120643217891,3712.5
2971,-1.1770299389481047,-2.1119649674682224,-1.9948659143350687,0.9750832544203955,1.1930097306969625,-1.1040512507505724,3713.75
2972,-1.177029993434584,-2.111964952995783,-1.9948659238988715,0.9750832489892831,1.1930097851148769,-1.217890437179066,3715.0
2973,-1.177030039752346,-2.1119649292896976,-1.9948659308102434,0.9750832317739007,1.1930098312863822,-1.3217296236073892,3716.25
2974,-1.1770300807286798,-2.1119649051307396,-1.9948659365840422,0.9750832130231453,1.1930098721087417,-1.4155688100355315,3717.5
2975,-1.17703011733836,-2.1119648835462903,-1.99486594174255,0.9750831962705676,1.1930099085808556,-1.499407996463491,3718.75
2976,-1.17703014598315,-2.1119648594434324,-1.994865945007806,0.9750831751922453,1.1930099370623548,-1.5732471828913726,3720.0
2977,-1.1770301689223586,-2.1119648360199745,-1.994865947182236,0.975083153758929,1.1930099598390025,-1.6370863693190987,3721.25
2978,-1.1770301882682872,-2.111964816265652,-1.994865949016054,0.9750831356830035,1.1930099790478346,-1.6909255557467584,3722.5
2979,-1.177030204020936,-2.1119648001804654,-1.9948659505092594,0.9750831209644687,1.1930099946888508,-1.7347647421743373,3723.75
2980,-1.1770302161803046,-2.111964787764413,-1.9948659516618554,0.9750831096033263,1.193010006762051,-1.768603928601928,3725.0
2981,-1.1770302247463929,-2.111964779017495,-1.9948659524738412,0.9750831015995762,1.193010015267435,-1.792443115029587,3726.25
2982,-1.1770302297192006,-2.1119647739397114,-1.9948659529452175,0.9750830969532184,1.1930100202050025,-1.8062823014572291,3727.5
2983,-1.1781254646656267,-2.1139126607219136,-1.9909835703593681,0.9731480103055216,1.1941030836440856,-1.8122483168904011,3728.75
2984,-1.17957044553573,-2.1164825855732805,-1.9858613953979494,0.9705949787306882,1.1955451987184256,-1.8086039985275866,3730.0
2985,-1.179668048104246,-2.116656183941117,-1.985515398796574,0.9704225218373753,1.1956426051242668,-1.7971382056834155,3731.25
2986,-1.1796680399081416,-2.116656189015107,-1.9855154003879498,0.9704225174194324,1.1956425920566605,-1.7759748847403622,3732.5
2987,-1.1796680278392497,-2.1166561964866366,-1.9855154027312754,0.9704225109139425,1.1956425728144056,-1.7448115637973778,3733.75
2988,-1.1796680118975706,-2.116656206355706,-1.9855154058265512,0.9704225023209054,1.1956425473975023,-1.703648242854406,3735.0
2989,-1.1796679923257205,-2.116656218398952,-1.985515409904108,0.9704224908124972,1.1956425178683436,-1.6524849291688255,3736.25
2990,-1.1796679695077374,-2.1166562322628124,-1.9855154153285373,0.9704224750783497,1.195642487491502,-1.5913216312811953,3737.5
2991,-1.179667942573623,-2.116656248572487,-1.9855154206634642,0.9704224597331372,1.1956424527118472,-1.5201583348693133,3738.75
2992,-1.1796679075521959,-2.11665626917331,-1.9855154158499382,0.9704224752862605,1.1956424193368018,-1.4389950534021478,3740.0
2993,-1.1796678682215505,-2.11665629234991,-1.9855154104098371,0.9704224929165997,1.1956423818984419,-1.3478317768642414,3741.25
2994,-1.1796678245862635,-2.1166563181323688,-1.9855154043163405,0.9704225127529795,1.195642340435807,-1.2466685081934905,3742.5
2995,-1.1796677719547972,-2.1166563329025574,-1.9855153951281852,0.970422518905742,1.1956422880020514,-1.1355052506617511,3743.75
2996,-1.1796677143207124,-2.1166563482309004,-1.985515384970898,0.970422524724438,1.1956422304462677,-1.0143420004247397,3745.0
2997,-1.1796676516999285,-2.116656354708204,-1.9855153728573902,0.9704225197571592,1.1956421678236904,-0.8831787567457123,3746.25
2998,-1.1796675841045574,-2.1166563528359497,-1.9855153588435615,0.9704225045614883,1.1956421001560023,-0.7420155161288029,3747.5
2999,-1.1796675145394575,-2.1166563398742047,-1.985515343238423,0.9704224767274073,1.1956420304325357,-0.5908522790842863,3748.75
3000,-1.1796674431099785,-2.1166563154135933,-1.9855153260195075,0.9704224358232658,1.1956419587556575,-0.42968904852451906,3750.0
3001,-1.179667378227222,-2.116656275032501,-1.9855153084316222,0.9704223785957944,1.19564189350689,-0.2638460893529079,3751.25
3002,-1.1796673200320524,-2.116656231505996,-1.9855152918731214,0.9704223191908278,1.1956418349265836,-0.10727089602512305,3752.5
3003,-1.1796672795871017,-2.1166561764433083,-1.9855152777051468,0.9704222504834431,1.1956417940209623,0.03930429730253001,3753.75
3004,-1.179667242707976,-2.11665612431451,-1.9855152645803684,0.9704221857109315,1.1956417567068407,0.1758794906298912,3755.0
3005,-1.179667222809758,-2.1166560675892923,-1.985515254432889,0.9704221191561861,1.1956417363514575,0.30245468395677977,3756.25
3006,-1.179667205730991,-2.1166560146107276,-1.9855152452632208,0.970422057289615,1.1956417188469244,0.4190298772833762,3757.5
3007,-1.1796671973148514,-2.116655964265352,-1.9855152381460595,0.970422000015365,1.195641710032433,0.5256050706097569,3758.75
3008,-1.1796671962417415,-2.1166559169035986,-1.9855152328493137,0.9704219474644673,1.195641708590055,0.6221802639360385,3760.0
3009,-1.1796671952797486,-2.1166558744459807,-1.9855152281010202,0.9704219003550156,1.1956417072970302,0.7087554572621417,3761.25
3010,-1.1796671981478142,-2.116655836995517,-1.985515224672199,0.9704218595230601,1.1956417098760772,0.7853306505880486,3762.5
3011,-1.179667206481777,-2.1166558045975234,-1.9855152229019934,0.9704218253363504,1.1956417179646965,0.8519058439139198,3763.75
3012,-1.1796672135639281,-2.1166557770659065,-1.985515221397683,0.9704217962846925,1.1956417248383562,0.9084810372396577,3765.0
3013,-1.179667219394267,-2.116655754400667,-1.985515220159265,0.9704217723680851,1.1956417304970557,0.9550562305653818,3766.25
3014,-1.179667223972794,-2.1166557366018033,-1.9855152191867433,0.9704217535865306,1.1956417349407953,0.9916314238910608,3767.5
3015,-1.1796672272995088,-2.1166557236693158,-1.9855152184801184,0.9704217399400287,1.195641738169575,1.01820661721678,3768.75
3016,-1.1796672293744117,-2.116655715603204,-1.9855152180393896,0.9704217314285796,1.1956417401833945,1.0347818105425113,3770.0
3017,-1.1803055482830451,-2.117809557072799,-1.9832145051234615,0.96927453441434,1.1962787468631257,1.0427938803671968,3771.25
3018,-1.1818819835148426,-2.12065917597956,-1.9775325014034353,0.9664413445668637,1.197851941246393,1.041876320760944,3772.5
3019,-1.1822685619507485,-2.1213579739815365,-1.9761391393638335,0.9657465779907524,1.198237724204386,1.0324835057123694,3773.75
3020,-1.182268559464906,-2.121357980351267,-1.976139142121239,0.9657465765925088,1.1982377201884746,1.014078720739143,3775.0
3021,-1.1822685556284136,-2.121357990181907,-1.9761391463768447,0.9657465744345481,1.1982377139905702,0.9856739357658704,3776.25
3022,-1.1822685504412713,-2.1213580034734574,-1.9761391521306515,0.9657465715168703,1.1982377056106726,0.947269150792693,3777.5
3023,-1.1822685438743457,-2.1213580202400295,-1.976139159366483,0.965746567885367,1.198237694799728,0.8988643664146275,3778.75
3024,-1.1822685351108655,-2.1213580408772676,-1.9761391676308695,0.9657465648266581,1.1982376745752918,0.8404595972697786,3780.0
3025,-1.1822685248469116,-2.121358065047991,-1.9761391773102743,0.9657465612442404,1.19823765088805,0.7720548281248548,3781.25
3026,-1.182268523288848,-2.121358101446981,-1.9761391827002595,0.9657465956476817,1.1982376456074162,0.6936500723848662,3782.5
3027,-1.1822685240453603,-2.121358144638196,-1.9761391873648555,0.9657466439591382,1.1982376450496737,0.60524532110417,3783.75
3028,-1.1822685249025549,-2.1213581928041902,-1.976139192477332,0.9657466981182377,1.1982376445584926,0.5068405811835437,3785.0
3029,-1.1822685359754304,-2.121358243039527,-1.9761392000499551,0.965746756109287,1.1982376554503023,0.398435849169151,3786.25
3030,-1.1822685532200121,-2.121358296471612,-1.9761392093086592,0.9657468185965188,1.1982376731670794,0.2800311249762527,3787.5
3031,-1.1822685762398266,-2.121358351866788,-1.9761392199665415,0.9657468843619856,1.198237696679108,0.15162640825625964,3788.75
3032,-1.1822686133831661,-2.1213584042982645,-1.9761392332133152,0.9657469495538553,1.198237734266762,0.01322169627355434,3790.0
3033,-1.1822686568865786,-2.1213584567709107,-1.9761392477670978,0.9657470160289845,1.1982377782191125,-0.1351830139113189,3791.25
3034,-1.1822687153998195,-2.121358500469199,-1.9761392644507527,0.9657470757265678,1.1982378371223554,-0.2935877172848199,3792.5
3035,-1.1822687822186562,-2.1213585368919543,-1.9761392820528993,0.9657471289973442,1.1982379042808864,-0.45993610592726814,3793.75
3036,-1.1822688524044742,-2.1213585608798855,-1.976139299007195,0.9657471691764095,1.1982379747116618,-0.6192714925285563,3795.0
3037,-1.182268921677769,-2.1213585698014756,-1.9761393141541737,0.9657471925216147,1.1982380441110145,-0.768606879129431,3796.25
3038,-1.1822689879882011,-2.1213585716181447,-1.976139327930185,0.9657472074354836,1.198238110489384,-0.9079422657299946,3797.5
3039,-1.1822690492829948,-2.121358561985275,-1.976139339447545,0.9657472087154136,1.1982381717582573,-1.0372776523302574,3798.75
3040,-1.1822691057004786,-2.121358547005101,-1.976139349390893,0.9657472031345128,1.198238228103933,-1.1566130389301796,3800.0
3041,-1.1822691563643326,-2.121358530101424,-1.9761393579489936,0.965747194307338,1.1982382786762347,-1.2659484255299713,3801.25
3042,-1.1822691992098948,-2.1213585048773465,-1.9761393640110003,0.9657471747601181,1.198238321358658,-1.3652838121294824,3802.5
3043,-1.182269237742236,-2.1213584821925555,-1.9761393694627447,0.9657471571806957,1.1982383597442838,-1.454619198728898,3803.75
3044,-1.182269271414169,-2.121358461274632,-1.976139374109091,0.9657471406086504,1.1982383932794234,-1.5339545853281837,3805.0
3045,-1.1822692960238699,-2.121358436192214,-1.9761393764515593,0.9657471176689305,1.1982384177123329,-1.603289971927274,3806.25
3046,-1.1822693170841998,-2.121358414727345,-1.9761393784561816,0.9657470980377263,1.1982384386213696,-1.662625358526347,3807.5
3047,-1.1822693345951596,-2.1213583968800274,-1.9761393801229552,0.9657470817150355,1.198238456006534,-1.71196074512532,3808.75
3048,-1.1822693485567481,-2.1213583826502584,-1.9761393814518824,0.9657470687008605,1.1982384698678255,-1.7512961317242743,3810.0
3049,-1.182269358968966,-2.1213583720380385,-1.9761393824429647,0.9657470589952013,1.1982384802052435,-1.7806315183232115,3811.25
3050,-1.182269365831812,-2.1213583650433674,-1.9761393830962015,0.9657470525980579,1.1982384870187885,-1.7999669049222458,3812.5
3051,-1.1825380713261995,-2.121852010894296,-1.9751546664603752,0.9652558525501648,1.1985066199796477,-1.810057452096263,3813.75
3052,-1.1840629331323775,-2.124653430302762,-1.969566479073653,0.9624683509150964,1.2000282327296006,-1.8119161050426429,3815.0
3053,-1.184835054694975,-2.1260719511651747,-1.9667368608953653,0.9610568784634741,1.2007987074775226,-1.8046114423483604,3816.25
3054,-1.184835048715215,-2.126071954866447,-1.966736862062432,0.9610568752642101,1.2007986978811112,-1.7889879327601559,3817.5
3055,-1.184835038908043,-2.126071960936759,-1.9667368639764922,0.9610568700172217,1.2007986821424101,-1.7633644231719634,3818.75
3056,-1.1848350252734599,-2.1260719693761114,-1.9667368666375464,0.9610568627225091,1.20079866026142,-1.7277409135837831,3820.0
3057,-1.1848350078114651,-2.126071980184504,-1.9667368700455943,0.9610568533800722,1.2007986322381405,-1.6821174039956721,3821.25
3058,-1.1848349871206412,-2.1260719927979785,-1.9667368747859646,0.9610568398910488,1.200798603215739,-1.6264939119427182,3822.5
3059,-1.18483496291452,-2.1260720074864325,-1.9667368805785337,0.9610568232599003,1.2007985707328235,-1.5608704253930374,3823.75
3060,-1.1848349326329326,-2.126072025515794,-1.9667368811385912,0.9610568224731779,1.2007985369924201,-1.4852469476079684,3825.0
3061,-1.184834896134444,-2.1260720469514003,-1.9667368761037751,0.9610568386199307,1.200798502213325,-1.3996234774042875,3826.25
3062,-1.1848348553859607,-2.1260720709723384,-1.9667368704071735,0.9610568570036584,1.200798463481794,-1.3040000178849378,3827.5
3063,-1.1848348085040286,-2.1260720921048795,-1.9667368630949977,0.9610568711334705,1.2007984179685873,-1.198376565181156,3828.75
3064,-1.1848347541766413,-2.1260721065496813,-1.9667368534803804,0.9610568765754395,1.200798363725998,-1.0827531208409091,3830.0
3065,-1.1848346951484794,-2.126072122244713,-1.9667368430331158,0.9610568824909911,1.2007983047737665,-0.9571296850078187,3831.25
3066,-1.1848346310026494,-2.1260721207140687,-1.966736829700256,0.9610568682866935,1.2007982405598463,-0.8215062555539738,3832.5
3067,-1.1848345621220768,-2.1260721188480844,-1.966736815359771,0.9610568527864867,1.2007981716043128,-0.6758828264501019,3833.75
3068,-1.1848344937838713,-2.1260720964068383,-1.9667367989103692,0.9610568146381395,1.2007981030325234,-0.5202594040056749,3835.0
3069,-1.184834423492211,-2.126072068050262,-1.966736781421659,0.9610567695670049,1.2007980324590837,-0.35494407465875377,3836.25
3070,-1.1848343639753747,-2.126072023669127,-1.9667367644155394,0.9610567088762663,1.2007979725425604,-0.19283114260612494,3837.5
3071,-1.1848343139646407,-2.126071976084161,-1.9667367490150365,0.9610566464967372,1.2007979221145941,-0.04071821055379833,3838.75
3072,-1.1848342760602526,-2.126071922647557,-1.9667367354681993,0.9610565800074403,1.2007978837566227,0.10139472149828369,3840.0
3073,-1.1848342465255968,-2.1260718696162444,-1.9667367236831623,0.9610565155990074,1.2007978537784445,0.23350765354995012,3841.25
3074,-1.1848342288558227,-2.1260718149339835,-1.9667367141555072,0.9610564516792421,1.2007978356618119,0.3556205856014345,3842.5
3075,-1.1848342126330513,-2.126071764729734,-1.9667367054080787,0.9610563929939543,1.200797819028776,0.4677335176525949,3843.75
3076,-1.184834210893616,-2.126071715542473,-1.9667366997434181,0.9610563382585762,1.2007978168989841,0.5698464497036193,3845.0
3077,-1.1848342098842841,-2.12607167102355,-1.966736694732366,0.9610562888283178,1.2007978155368075,0.6619593817541586,3846.25
3078,-1.1848342089845278,-2.1260716313377097,-1.966736690265322,0.9610562447643249,1.200797814322512,0.7440723138045866,3847.5
3079,-1.1848342160314567,-2.1260715966972805,-1.9667366879739439,0.9610562078301779,1.2007978211013073,0.8161852458548928,3848.75
3080,-1.1848342237131428,-2.1260715669041605,-1.9667366863359186,0.9610561763804791,1.2007978285537084,0.8782981779052308,3850.0
3081,-1.1848342301581,-2.1260715419076464,-1.9667366849616081,0.9610561499940886,1.200797834806295,0.9304111099556385,3851.25
3082,-1.1848342353663286,-2.1260715217077375,-1.9667366838510143,0.9610561286710069,1.200797839859067,0.9725240420062273,3852.5
3083,-1.1848342393378282,-2.1260715063044335,-1.9667366830041386,0.9610561124112349,1.2007978437120241,1.004636974056771,3853.75
3084,-1.1848342420725986,-2.1260714956977345,-1.9667366824209807,0.9610561012147726,1.2007978463651667,1.0267499061072696,3855.0
3085,-1.184871971557105,-2.126141931846411,-1.9665961101987757,0.9609859480743483,1.2008354925201241,1.038991378539354,3856.25
3086,-1.186154268806305,-2.128536110103592,-1.9618183582429431,0.958601794426464,1.2021149590866362,1.0435487461984616,3857.5
3087,-1.1873516832501376,-2.1307718096957178,-1.957356870158506,0.956375461458939,1.2033097297963786,1.0383651472578654,3858.75
3088,-1.1873648998516837,-2.13079649406632,-1.957307621483493,0.9563508839020773,1.2033229161111532,1.0254940795834941,3860.0
3089,-1.1873648967972983,-2.1307965018572967,-1.9573076248840169,0.9563508821941336,1.2033229110930528,1.002669950105145,3861.25
3090,-1.1873648924046867,-2.130796513061756,-1.9573076297744216,0.9563508797378835,1.2033229038763582,0.969845820626863,3862.5
3091,-1.1873648866738487,-2.130796527679698,-1.9573076361547075,0.9563508765333273,1.2033228944610692,0.9270216911484204,3863.75
3092,-1.1873648792159028,-2.1307965459061435,-1.95730764380109,0.9563508732213559,1.2033228794868398,0.8741975687816461,3865.0
3093,-1.1873648698880568,-2.1307965678127028,-1.9573076526313986,0.9563508700372956,1.203322857719797,0.811373454126114,3866.25
3094,-1.1873648621177515,-2.130796595780044,-1.9573076611584397,0.9563508777722639,1.2033228390820079,0.7385493436717335,3867.5
3095,-1.1873648628169566,-2.1307966356557686,-1.9573076654998274,0.9563509223853138,1.2033228385547916,0.6557252454256768,3868.75
3096,-1.1873648636096128,-2.1307966803984426,-1.957307670317968,0.9563509726104159,1.203322838042313,0.5629011542400846,3870.0
3097,-1.1873648661534302,-2.1307967295435986,-1.9573076759338692,0.9563510281664197,1.2033228394136541,0.46007707016996696,3871.25
3098,-1.1873648823831362,-2.130796779717068,-1.9573076846856647,0.9563510869043169,1.2033228560878166,0.3472529964461391,3872.5
3099,-1.1873649000532152,-2.1307968343356785,-1.9573076942151315,0.9563511508411577,1.2033228742560795,0.22442893106945513,3873.75
3100,-1.1873649306951428,-2.1307968866032674,-1.9573077061730175,0.9563512146714253,1.2033229053576933,0.09160487169530285,3875.0
3101,-1.187364968557362,-2.130796939909863,-1.9573077197351634,0.9563512810442469,1.2033229436791362,-0.051219185632811054,3876.25
3102,-1.1873650195677028,-2.130796986269051,-1.957307735250075,0.9563513423032155,1.203322995102184,-0.20404323833127497,3877.5
3103,-1.1873650789819319,-2.130797030507628,-1.9573077522643147,0.9563514028600144,1.2033230549182106,-0.3668672847370653,3878.75
3104,-1.1873651494592465,-2.1307970570963204,-1.957307769643949,0.9563514460544236,1.2033231256658896,-0.5316720940828229,3880.0
3105,-1.1873652174467655,-2.1307970778059926,-1.9573077858747916,0.9563514822582158,1.2033231938748574,-0.686586102086681,3881.25
3106,-1.1873652855752017,-2.1307970796303257,-1.9573078000900188,0.9563514975972309,1.2033232620743177,-0.8315001100911504,3882.5
3107,-1.1873653489690343,-2.1307970798604208,-1.9573078131584707,0.9563515102468403,1.2033233255225406,-0.9664141180950626,3883.75
3108,-1.1873654073079074,-2.130797064372953,-1.9573078234851924,0.9563515045201783,1.2033233837863206,-1.0913281260990888,3885.0
3109,-1.1873654609764606,-2.13079705012534,-1.9573078329851987,0.9563514992519595,1.2033234373857928,-1.2062421341029488,3886.25
3110,-1.1873655071136624,-2.130797028274002,-1.9573078401123865,0.9563514840993865,1.203323483387056,-1.3111561421067628,3887.5
3111,-1.1873655475563412,-2.1307970044966615,-1.957307845859384,0.9563514657027095,1.2033235236737216,-1.4060701501105275,3888.75
3112,-1.1873655837380401,-2.130796983224468,-1.9573078510008814,0.9563514492442765,1.203323559715845,-1.4909841581142578,3890.0
3113,-1.1873656127133712,-2.130796960310525,-1.9573078544818985,0.9563514295606002,1.2033235885325393,-1.5658981661179876,3891.25
3114,-1.1873656354750668,-2.1307969371525295,-1.9573078566580144,0.956351408392017,1.2033236111285017,-1.6308121741217405,3892.5
3115,-1.1873656547303246,-2.130796917562023,-1.9573078584988988,0.9563513904844526,1.2033236302435577,-1.6857261821254965,3893.75
3116,-1.1873656704791444,-2.130796901539005,-1.95730786000455,0.9563513758379061,1.2033236458777068,-1.7306401901293857,3895.0
3117,-1.1873656827215262,-2.130796889083475,-1.9573078611749715,0.9563513644523791,1.203323658030949,-1.76555419813323,3896.25
3118,-1.1873656914574695,-2.1307968801954327,-1.9573078620101634,0.9563513563278719,1.2033236667032838,-1.7904682061370853,3897.5
3119,-1.1873656966869743,-2.1307968748748785,-1.9573078625101255,0.9563513514643845,1.2033236718947116,-1.8053822141409523,3898.75
3120,-1.188227450727301,-2.1324320194538697,-1.954043525653152,0.9547217938762997,1.2041834556738242,-1.8121785750883725,3900.0
3121,-1.189673492291968,-2.135175840802783,-1.9485658801649743,0.9519873553142981,1.2056261904502956,-1.8096403239774506,3901.25
3122,-1.189862124210244,-2.1355337740849527,-1.9478513233020274,0.9516306463806542,1.205814388620471,-1.7990554018358056,3902.5
3123,-1.189862116643104,-2.1355337787680098,-1.947851324786575,0.9516306423626739,1.2058143763960483,-1.779052851263497,3903.75
3124,-1.1898621052928764,-2.1355337857922967,-1.947851327013302,0.9516306363359595,1.2058143580601934,-1.7490503006912577,3905.0
3125,-1.189862090159561,-2.1355337951578135,-1.9478513299822082,0.9516306283005109,1.2058143336129066,-1.7090477501189736,3906.25
3126,-1.1898620713875554,-2.1355338067252925,-1.9478513338387837,0.9516306177360022,1.205814304308127,-1.6590452040454113,3907.5
3127,-1.1898620495012961,-2.135533819988926,-1.947851339111438,0.9516306027526534,1.2058142747000535,-1.5990426760545373,3908.75
3128,-1.189862023967481,-2.135533835463072,-1.9478513452628312,0.9516305852721849,1.205814240157509,-1.5290401480636178,3910.0
3129,-1.1898619903946361,-2.1355338551666083,-1.9478513409099025,0.9516305991893508,1.2058142078570495,-1.4490376359146464,3911.25
3130,-1.1898619524934462,-2.1355338774206785,-1.9478513356377827,0.951630616002977,1.2058141717758737,-1.359035127660218,3912.5
3131,-1.1898619103925756,-2.1355339022199473,-1.9478513297137756,0.9516306349966738,1.2058141317857183,-1.259032628830402,3913.75
3132,-1.1898618600960744,-2.13553391800431,-1.9478513210493933,0.9516306426221106,1.205814081933316,-1.1490301397793405,3915.0
3133,-1.1898618043902878,-2.1355339328141425,-1.9478513111462843,0.9516306481609336,1.2058140263080523,-1.0290276582664808,3916.25
3134,-1.1898617438667993,-2.135533941163352,-1.9478512995561934,0.9516306455803185,1.2058139657999214,-0.8990251837416965,3917.5
3135,-1.1898616784444593,-2.1355339394322623,-1.9478512858746848,0.9516306308420818,1.205813900305218,-0.7590227130495297,3918.75
3136,-1.1898616104737472,-2.1355339293564266,-1.9478512707611828,0.9516306063693174,1.2058138321942309,-0.6090202452271585,3920.0
3137,-1.1898615412710565,-2.1355339058422365,-1.9478512539337374,0.9516305667836129,1.2058137627445464,-0.4490177839971684,3921.25
3138,-1.1898614764734194,-2.1355338689316663,-1.9478512365595697,0.9516305132362046,1.2058136975959568,-0.28277954888865175,3922.5
3139,-1.1898614192656827,-2.1355338263990937,-1.94785122014009,0.9516304549548278,1.205813639998444,-0.1250477437052983,3923.75
3140,-1.1898613777463085,-2.1355337743020373,-1.9478512059173767,0.9516303891637593,1.2058135980255946,0.022684061477326205,3925.0
3141,-1.189861341455826,-2.135533723273005,-1.9478511928891409,0.9516303255794636,1.2058135612946055,0.1604158666604767,3926.25
3142,-1.1898613200295804,-2.1355336687635553,-1.9478511825486033,0.9516302610569041,1.205813539412352,0.28814767184306933,3927.5
3143,-1.189861303201345,-2.1355336168056187,-1.9478511734335768,0.9516302002591777,1.2058135221524684,0.40587947702577604,3928.75
3144,-1.1898612932608106,-2.1355335678119527,-1.9478511660611555,0.9516301440918408,1.205813511809885,0.5136112822083808,3930.0
3145,-1.1898612922045706,-2.135533521252536,-1.9478511607855693,0.9516300923596753,1.2058135103786103,0.6113430873909604,3931.25
3146,-1.189861291256406,-2.135533479457121,-1.9478511560497793,0.9516300459207859,1.205813509093785,0.6990748925734829,3932.5
3147,-1.1898612929308945,-2.1355334424922514,-1.9478511523796576,0.9516300053416717,1.2058135104726309,0.7768066977559597,3933.75
3148,-1.189861301207554,-2.135533410463246,-1.9478511506074283,0.9516299715188588,1.2058135184988505,0.8445385029385177,3935.0
3149,-1.1898613082622382,-2.1355333831630388,-1.9478511490968526,0.9516299426896839,1.2058135253400701,0.9022703081210534,3936.25
3150,-1.1898613140949472,-2.135533360591632,-1.9478511478479272,0.9516299188541456,1.2058135309962899,0.9500021133036914,3937.5
3151,-1.1898613187056808,-2.135533342749023,-1.9478511468606567,0.9516299000122459,1.2058135354675092,0.9877339184863412,3938.75
3152,-1.189861322094439,-2.135533329635212,-1.947851146135041,0.9516298861639848,1.2058135387537288,1.0154657236689457,3940.0
3153,-1.189861324261222,-2.1355333212501995,-1.9478511456710799,0.9516298773093622,1.2058135408549477,1.0331975288515618,3941.25
3154,-1.190304890958228,-2.1363886264270784,-1.9461429829421077,0.9507768441543976,1.206256057526903,1.0420889493845158,3942.5
3155,-1.1918012686509716,-2.139274029856995,-1.940380461909698,0.9478991335452275,1.2077488929463545,1.042369298103489,3943.75
3156,-1.1923241073422126,-2.1402822032934976,-1.9383670172551979,0.9468936506120248,1.2082704932369694,1.0338911282865697,3945.0
3157,-1.1923241050661932,-2.1402822090726286,-1.938367019798975,0.9468936493467255,1.2082704894341232,1.0167276050491145,3946.25
3158,-1.1923241014640942,-2.1402822182188608,-1.938367023824835,0.9468936473442237,1.208270483415621,0.9895640818117262,3947.5
3159,-1.192324096535916,-2.1402822307321943,-1.9383670293327784,0.9468936446045195,1.208270475181463,0.9524005585742344,3948.75
3160,-1.1923240902816585,-2.140282246612628,-1.9383670363228052,0.9468936411276128,1.208270464731649,0.9052370353368098,3950.0
3161,-1.1923240819474825,-2.140282266251545,-1.9383670443451435,0.9468936382123663,1.20827044548261,0.8480735232137429,3951.25
3162,-1.1923240720783363,-2.1402822893660165,-1.938367053724933,0.9468936349198356,1.2082704221935903,0.7809100121386724,3952.5
3163,-1.192324069143721,-2.140282322984108,-1.938367059756961,0.9468936625549657,1.2082704138638154,0.7037465123379824,3953.75
3164,-1.1923240698714004,-2.14028236435606,-1.938367064288519,0.9468937088846149,1.2082704133184832,0.6165830175968425,3955.0
3165,-1.1923240706990885,-2.1402824105689344,-1.9383670692536676,0.9468937609363683,1.2082704128556714,0.5194195355285394,3956.25
3166,-1.1923240796284262,-2.140282459300086,-1.938367076282507,0.946893817025505,1.2082704213966355,0.4122560601007136,3957.5
3167,-1.1923240962786823,-2.1402825106538543,-1.9383670853031727,0.9468938772062787,1.2082704385141432,0.29509259274343996,3958.75
3168,-1.1923241165956204,-2.1402825650680932,-1.9383670954184127,0.9468939414870156,1.208270459334216,0.16792913331173712,3960.0
3169,-1.1923241525186936,-2.14028261551501,-1.9383671083452183,0.9468940043906364,1.2082704956993977,0.0307656794336754,3961.25
3170,-1.192324192782573,-2.1402826678907827,-1.9383671223799022,0.9468940702821038,1.2082705364241824,-0.11639777337939369,3962.5
3171,-1.1923242494409443,-2.1402827099528294,-1.9383671386795935,0.9468941279788359,1.2082705934712779,-0.27356121926486937,3963.75
3172,-1.1923243131371684,-2.1402827476868507,-1.938367155962677,0.9468941822671204,1.2082706575271527,-0.43963866810229046,3965.0
3173,-1.192324382168774,-2.140282771097169,-1.9383671727876108,0.9468942217468608,1.208270726806984,-0.6002112291232109,3966.25
3174,-1.1923244496896221,-2.1402827822708645,-1.9383671879663746,0.9468942473833243,1.208270794475656,-0.7507837901438598,3967.5
3175,-1.192324514983225,-2.140282783977627,-1.9383672016527234,0.9468942621018894,1.2082708598385072,-0.8913563511644473,3968.75
3176,-1.1923245754297294,-2.1402827766510812,-1.9383672133522354,0.9468942658678441,1.2082709202769726,-1.02192891218499,3970.0
3177,-1.192324631065234,-2.1402827618817364,-1.9383672232457405,0.9468942604490383,1.2082709758400645,-1.1425014732053476,3971.25
3178,-1.1923246816117974,-2.1402827468734498,-1.9383672320609895,0.9468942537658162,1.20827102630796,-1.253074034225831,3972.5
3179,-1.1923247239517984,-2.1402827220114498,-1.938367238105371,0.9468942345616902,1.208271068482507,-1.353646595246023,3973.75
3180,-1.1923247620819049,-2.140282699621498,-1.9383672435487505,0.9468942172670416,1.208271106463611,-1.4442191562662636,3975.0
3181,-1.192324796002116,-2.140282679703593,-1.9383672483911312,0.9468942018818718,1.2082711402512705,-1.5247917172864214,3976.25
3182,-1.192324820611488,-2.14028265509437,-1.9383672507970227,0.9468941794738026,1.2082711646821869,-1.5953642783066853,3977.5
3183,-1.1923248415965715,-2.140282633779573,-1.9383672528126392,0.946894160000684,1.208271185512424,-1.6559368393269223,3978.75
3184,-1.1923248591172015,-2.1402826159836636,-1.9383672544954926,0.9468941437424045,1.2082712029037728,-1.7065094003472117,3980.0
3185,-1.1923248731733782,-2.140282601706641,-1.9383672558455847,0.9468941306989664,1.2082712168562315,-1.7470819613675284,3981.25
3186,-1.1923248837651008,-2.140282590948505,-1.9383672568629173,0.9468941208703706,1.2082712273698,-1.7776545223878568,3982.5
3187,-1.1923248908923698,-2.1402825837092547,-1.93836725754749,0.9468941142566168,1.208271234444478,-1.7982270834081964,3983.75
3188,-1.19245943861747,-2.1405462174497876,-1.9378405392032085,0.9466309800880458,1.2084054525000631,-1.8092451703373102,3985.0
3189,-1.193831135126049,-2.1432340415863513,-1.9324705626539163,0.9439483225783549,1.2097737882153292,-1.8123813524441315,3986.25
3190,-1.1947547912327612,-2.145043943811048,-1.928854582206513,0.9421419011120886,1.2106951798094037,-1.8060381635107534,3987.5
3191,-1.1947547858838128,-2.145043947120752,-1.9288545832614203,0.9421418982933516,1.2106951711102747,-1.7917353757043002,3988.75
3192,-1.1947547767950706,-2.145043952744484,-1.9288545850538812,0.9421418935038544,1.210695156329025,-1.767432587897803,3990.0
3193,-1.194754763966534,-2.1450439606822433,-1.9288545875838956,0.9421418867435964,1.2106951354656537,-1.7331298000912607,3991.25
3194,-1.1947547473982034,-2.1450439709340303,-1.9288545908514634,0.942141878012578,1.2106951085201614,-1.6888270122847304,3992.5
3195,-1.1947547275567538,-2.145043983038945,-1.9288545953412495,0.9421418655825996,1.2106950795879878,-1.6345242378903537,3993.75
3196,-1.1947547043601694,-2.1450439970779893,-1.9288546009680771,0.9421418497573792,1.210695047949387,-1.5702214713958629,3995.0
3197,-1.1947546758352159,-2.1450440140886777,-1.928854602955523,0.9421418447877605,1.2106950143577957,-1.4959187114398542,3996.25
3198,-1.1947546407519238,-2.145044034634458,-1.9288545980771366,0.942141860191104,1.2106949809339056,-1.411615961102671,3997.5
3199,-1.194754601517669,-2.145044057683571,-1.928854592559159,0.9421418777064181,1.2106949436390595,-1.3173132198296567,3998.75
3200,-1.194754556918068,-2.145044079724982,-1.9288545857720787,0.9421418931883281,1.2106949006502596,-1.2130104855502055,4000.0
3201,-1.1947545044929582,-2.1450440936629773,-1.9288545764085372,0.9421418983589077,1.21069484831196,-1.0987077598820776,4001.25
3202,-1.1947544474790068,-2.145044108821467,-1.9288545662245065,0.9421419039853793,1.2106947913742472,-0.9744050440470183,4002.5
3203,-1.1947543855267428,-2.145044109715161,-1.9288545534765544,0.9421418927822729,1.2106947293733747,-0.8401023337921014,4003.75
3204,-1.1947543189007395,-2.145044107995332,-1.9288545394776007,0.9421418777532233,1.2106946626724318,-0.6957996247612679,4005.0
3205,-1.1947542520806351,-2.1450440890784748,-1.9288545235574333,0.9421418436414173,1.2106945956398274,-0.5414969212925114,4006.25
3206,-1.1947541823839312,-2.1450440644263136,-1.9288545064136384,0.9421418026115242,1.2106945256820065,-0.3772132874141855,4007.5
3207,-1.1947541238195472,-2.145044021013,-1.928854489525379,0.942141742997925,1.210694466712857,-0.21378382498625045,4008.75
3208,-1.194754072624082,-2.1450439764142657,-1.9288544740349551,0.9421416835231029,1.2106944151092756,-0.06035436255881603,4010.0
3209,-1.1947540352858068,-2.1450439240452104,-1.9288544605670934,0.9421416181728218,1.2106943773113412,0.08307509986873113,4011.25
3210,-1.1947540041095384,-2.1450438732388943,-1.928854448547477,0.9421415557669826,1.2106943456934651,0.21650456229594783,4012.5
3211,-1.194753986679645,-2.1450438195443913,-1.9288544390614504,0.9421414928704951,1.2106943278101858,0.3399340247232167,4013.75
3212,-1.1947539706618857,-2.145043770200111,-1.928854430343954,0.942141435069749,1.2106943113757729,0.4533634871505366,4015.0
3213,-1.1947539670964988,-2.145043722275151,-1.9288544243629595,0.9421413812937339,1.2106943074160166,0.5567929495775438,4016.25
3214,-1.1947539661004036,-2.1450436783932147,-1.9288544193567692,0.9421413325012057,1.21069430606077,0.6502224120047988,4017.5
3215,-1.1947539652109231,-2.1450436392080787,-1.9288544148864006,0.9421412889310675,1.210694304850579,0.7336518744317554,4018.75
3216,-1.1947539709008392,-2.145043604886846,-1.928854412311883,0.9421412520434189,1.2106943102651495,0.8070813368588059,4020.0
3217,-1.1947539785602124,-2.145043575310504,-1.9288544106646008,0.9421412207983733,1.2106943176896108,0.8705107992858427,4021.25
3218,-1.1947539850120439,-2.1450435503970344,-1.9288544092770206,0.9421411944792784,1.2106943239435652,0.9239402617129034,4022.5
3219,-1.1947539902563333,-2.1450435301464372,-1.928854408149141,0.9421411730861344,1.210694329027013,0.967369724140134,4023.75
3220,-1.1947539942930812,-2.14504351455871,-1.9288544072809657,0.9421411566189424,1.2106943329399542,1.000799186567319,4025.0
3221,-1.194753997122287,-2.1450435036338544,-1.928854406672494,0.9421411450777022,1.2106943356823885,1.024228648994459,4026.25
3222,-1.194755663875009,-2.14504681291691,-1.928847779757534,0.9421378268738327,1.2106959981641348,1.0376636661607472,4027.5
3223,-1.195796235750287,-2.1471187581169326,-1.9247067142894176,0.9400683520074004,1.211733932099315,1.043358545927336,4028.75
3224,-1.1970794478833897,-2.149673846234917,-1.9196000316566124,0.9375163179999937,1.2130138908327208,1.0393875550383123,4030.0
3225,-1.1971515580133416,-2.1498174362637505,-1.9193130572275192,0.9373729025757347,1.213085817081407,1.0277074586855917,4031.25
3226,-1.197151555197633,-2.1498174433804818,-1.919313060387417,0.9373729010189564,1.213085812296761,1.0062822537280987,4032.5
3227,-1.1971515510677206,-2.149817453818876,-1.9193130650221657,0.9373728987355676,1.213085805278929,0.9748570487706159,4033.75
3228,-1.197151545623604,-2.1498174675789326,-1.919313071131765,0.937372895725568,1.2130857960279116,0.9334318438130293,4035.0
3229,-1.1971515386046359,-2.1498174848007467,-1.9193130785549313,0.9373728924581552,1.2130857822432741,0.8820066413371256,4036.25
3230,-1.1971515296705544,-2.1498175056672046,-1.9193130870811173,0.9373728895458421,1.2130857609219174,0.8205814436792798,4037.5
3231,-1.1971515206089998,-2.1498175310385963,-1.9193130962423277,0.9373728910979409,1.2130857390731251,0.7491562479167039,4038.75
3232,-1.1971515212813175,-2.1498175691479857,-1.9193131004424895,0.937372933814433,1.213085738572365,0.6677310665038844,4040.0
3233,-1.1971515220428843,-2.1498176119752577,-1.9193131051237748,0.9373729819391534,1.2130857380694247,0.5763058904082494,4041.25
3234,-1.197151522897855,-2.1498176595437877,-1.9193131102645982,0.9373730355729283,1.2130857376011943,0.4748807219061853,4042.5
3235,-1.197151538187004,-2.149817707789064,-1.9193131187121784,0.9373730921157074,1.2130857532855601,0.36345556484875835,4043.75
3236,-1.1971515552367964,-2.1498177602543525,-1.9193131279950668,0.9373731536628114,1.2130857708275382,0.2420304150633192,4045.0
3237,-1.19715158268446,-2.1498178117518174,-1.9193131393437373,0.9373732161587214,1.213085798747402,0.11060527179228342,4046.25
3238,-1.1971516192814893,-2.149817863015762,-1.9193131525771419,0.9373732801767509,1.2130858358009693,-0.03081986851420587,4047.5
3239,-1.1971516665764392,-2.1498179096800287,-1.9193131675288053,0.9373733412126664,1.2130858835222855,-0.1822450050578073,4048.75
3240,-1.1971517240778267,-2.149817952243123,-1.9193131841512336,0.9373733997218425,1.2130859414238204,-0.34367013517367834,4050.0
3241,-1.1971517901831057,-2.149817980442012,-1.9193132009851717,0.9373734440172243,1.213086007818583,-0.505897450094809,4051.25
3242,-1.197151854855346,-2.1498180022883617,-1.9193132168240001,0.9373734809920472,1.213086072726811,-0.6581415321815263,4052.5
3243,-1.197151919727458,-2.1498180055425578,-1.9193132306636778,0.9373734974093642,1.2130861376820807,-0.8003856142684268,4053.75
3244,-1.1971519804223263,-2.1498180070891397,-1.919313243447752,0.9373735111099173,1.2130861984424237,-0.9326296963549601,4055.0
3245,-1.1971520362289414,-2.149817995368278,-1.919313253759647,0.9373735091469494,1.2130862542010794,-1.0548737784415616,4056.25
3246,-1.1971520874062136,-2.149817981780772,-1.9193132629045278,0.9373735042017548,1.2130863053110075,-1.1671178605279695,4057.5
3247,-1.1971521329072736,-2.1498179659673906,-1.9193132706253948,0.9373734956696151,1.2130863507214722,-1.2693619426144456,4058.75
3248,-1.1971521712802018,-2.1498179434603606,-1.9193132761301113,0.9373734783142391,1.2130863889425236,-1.3616060247008632,4060.0
3249,-1.1971522054931973,-2.1498179233932753,-1.9193132810380678,0.937373462840323,1.2130864230201068,-1.443850106787144,4061.25
3250,-1.1971522355462592,-2.1498179057661337,-1.9193132853492674,0.9373734492478687,1.2130864529542214,-1.5160941888735275,4062.5
3251,-1.197152257658856,-2.1498178852832193,-1.919313287696737,0.9373734309234631,1.2130864749174686,-1.5783382709598874,4063.75
3252,-1.1971522755440445,-2.14981786714573,-1.9193132894230547,0.9373734143624852,1.213086492668936,-1.63058235304635,4065.0
3253,-1.197152290005843,-2.149817852479924,-1.919313290818939,0.9373734009714315,1.2130865070226085,-1.6728264351327193,4066.25
3254,-1.197152301044251,-2.1498178412858024,-1.9193132918843878,0.9373733907503004,1.2130865179784869,-1.705070517219148,4067.5
3255,-1.197152308659269,-2.149817833563363,-1.9193132926194045,0.937373383699094,1.2130865255365701,-1.727314599305588,4068.75
3256,-1.1971523128508965,-2.1498178293126062,-1.9193132930239887,0.9373733798178122,1.2130865296968583,-1.739558681392039,4070.0
3257,-1.1967451793672914,-2.1490345879558954,-1.9209502555068536,0.9382271955178337,1.212680732046261,-1.7426281109692026,4071.25
3258,-1.1965207676323808,-2.1486028732656544,-1.921852537772765,0.9386978152433019,1.2124570566323971,-1.7368813370934324,4072.5
3259,-1.196392428999853,-2.148355992497409,-1.9223685261379904,0.938966952697924,1.2123291391112565,-1.7214927885628506,4073.75
3260,-1.196180691577456,-2.147948680244831,-1.9232198212179514,0.9394109847854555,1.2121180964526879,-1.6961042400321014,4075.0
3261,-1.1958855553651924,-2.147380936507925,-1.9244064230126363,0.9400299115058907,1.2118239286566936,-1.660715691501526,4076.25
3262,-1.19550414588487,-2.1466541805507724,-1.9259256941924685,0.9408225210058131,1.211443748861597,-1.6153270776991797,4077.5
3263,-1.1950367710015266,-2.1457682607291497,-1.927777916481435,0.941788942699945,1.2109778662576023,-1.5599384236234695,4078.75
3264,-1.1944850151395983,-2.144722394825356,-1.9299645434097372,0.9429298444767308,1.2104278720947037,-1.494549769547863,4080.0
3265,-1.1938450424681566,-2.143518411615485,-1.932482189871679,0.944243677151339,1.2097899167960964,-1.4191610177267167,4081.25
3266,-1.193118818955974,-2.1421553740993433,-1.9353325902186562,0.9457312344132829,1.2090659733748421,-1.3337722331319233,4082.5
3267,-1.192302809441951,-2.140634925354403,-1.9385127123398145,0.9473911350400551,1.2082524926911293,-1.2383833390771772,4083.75
3268,-1.191398858286678,-2.1389561979016998,-1.9420241593463137,0.9492241107463242,1.2073513262476672,-1.1329943914724905,4085.0
3269,-1.190401814890578,-2.137121535687328,-1.9458626165674144,0.95122820166831,1.206357303874801,-1.0176052797896729,4086.25
3270,-1.189312815634989,-2.1351303661849297,-1.9500291502937834,0.9534038992709479,1.205271566658594,-0.8922160449167411,4087.5
3271,-1.1881302682556616,-2.1329833737188846,-1.9545225098752614,0.9557506406880782,1.204092516578584,-0.7568266662985859,4088.75
3272,-1.1868520170422423,-2.1306814617728116,-1.95934104959142,0.9582676884185988,1.2028179902903582,-0.6114371144079769,4090.0
3273,-1.185475855632312,-2.1282255178115097,-1.964483161976695,0.9609543273961154,1.2014457738766462,-0.4560473636466424,4091.25
3274,-1.1840276918518662,-2.1256657258304976,-1.969843980821215,0.9637558701110504,1.20000168971474,-0.2937888679395703,4092.5
3275,-1.1826407489494044,-2.123237524573122,-1.9749304404310424,0.9664146424075656,1.1986185862511947,-0.13959060328675407,4093.75
3276,-1.1813337036521363,-2.1209708627979804,-1.9796796625569482,0.9688977058208125,1.1973150968250827,0.004607849472424468,4095.0
3277,-1.180109150276731,-2.1188646267656317,-1.9840936823623183,0.9712059761446623,1.1960938251267064,0.13880644629377442,4096.25
3278,-1.1789692557306841,-2.1169179165867322,-1.988174137003993,0.9733401858677895,1.1949569456802953,0.263005155062507,4097.5
3279,-1.1779162408140407,-2.1151298475856355,-1.9919226266885288,0.9753010455222689,1.1939066868271966,0.37720394673709684,4098.75
3280,-1.1769478943474485,-2.1135012219814464,-1.995337720582059,0.9770879316882148,1.1929408304339488,0.4814028574132528,4100.0
3281,-1.1760697164771234,-2.1120299258738595,-1.9984232224900405,0.9787025216816501,1.1920648947811718,0.5756018076787591,4101.25
3282,-1.1752807534272245,-2.110716314490158,-2.0011784962316375,0.9801445367643864,1.1912779230281547,0.6598008188777577,4102.5
3283,-1.1745834445445689,-2.1095594632292016,-2.0036052021099415,0.9814147070190593,1.1905823624730252,0.7339998574946267,4103.75
3284,-1.1739768830774135,-2.1085597028816365,-2.0057027496169892,0.9825127748553129,1.1899773034996142,0.7981989428125443,4105.0
3285,-1.1734648029356773,-2.107715670663625,-2.0074735716735637,0.9834398016509014,1.1894664918149944,0.8523980281304797,4106.25
3286,-1.1730455586758202,-2.1070279547664867,-2.0089166216849823,0.9841953329007098,1.189048276865067,0.8965971345351573,4107.5
3287,-1.1727197432391954,-2.1064963430897308,-2.0100322770886105,0.9847795325367277,1.1887232534331935,0.9307962620092594,4108.75
3288,-1.1724891979046725,-2.1061201773895304,-2.0108217091391785,0.985192909207609,1.1884932685171767,0.9549953894833241,4110.0
3289,-1.172353922672252,-2.105899457665887,-2.0112849178366865,0.9854354629133543,1.1883583221170175,0.9691945169573515,4111.25
3290,-1.172002680772404,-2.105327872386109,-2.0124845829138946,0.9860637118105662,1.1880079313973142,0.9738619489751308,4112.5
3291,-1.1716417986970873,-2.1047410207038513,-2.013716323184125,0.9867087744244348,1.1876479231306774,0.9696914111238779,4113.75
3292,-1.1716414807803341,-2.1047411394981674,-2.0137161244105792,0.9867086950286,1.1876476048776743,0.9561575343782925,4115.0
3293,-1.1716409279591562,-2.1047413460680096,-2.0137157787659277,0.9867085569682478,1.1876470514717958,0.9326236576327704,4116.25
3294,-1.1716401402232357,-2.104741640418316,-2.013715286244316,0.9867083602582926,1.187646262824422,0.8990897823814864,4117.5
3295,-1.1716391173528766,-2.1047420226542135,-2.0137146467211156,0.9867081052160886,1.1876452370495538,0.8555559351979641,4118.75
3296,-1.1716378595227273,-2.1047424926921137,-2.0137138602953915,0.9867077915890776,1.1876439756477115,0.8020220880144611,4120.0
3297,-1.1716368291387058,-2.1047428877051506,-2.01371321699685,0.9867075455825751,1.1876429422747474,0.7384882463989522,4121.25
3298,-1.1716368299056228,-2.1047429246849747,-2.013713220924296,0.9867075865532461,1.1876429428079753,0.6649544180201166,4122.5
3299,-1.1716368307789584,-2.1047429667067665,-2.0137132253744157,0.9867076331512509,1.1876429434315274,0.5814205922367196,4123.75
3300,-1.1716368317603194,-2.104743013780365,-2.0137132303385696,0.9867076854186626,1.187642944158867,0.4878867704676038,4125.0
3301,-1.1716368450906338,-2.1047430625734695,-2.0137132380503187,0.9867077417658003,1.1876429577768046,0.3843529585109204,4126.25
3302,-1.1716368620419408,-2.104743115447623,-2.0137132469297243,0.9867078032664655,1.187642975154922,0.27081915251235145,4127.5
3303,-1.1716368854786623,-2.104743170025425,-2.013713257301867,0.9867078678859564,1.1876429990350372,0.14728535361550313,4128.75
3304,-1.1716369222181255,-2.104743222274057,-2.013713270136412,0.9867079324889114,1.1876430361987889,0.013751562281072695,4130.0
3305,-1.171636964933683,-2.1047432751320927,-2.0137132842455543,0.9867079989142944,1.1876430793475576,-0.12978222596699007,4131.25
3306,-1.1716370230743847,-2.1047433189204403,-2.0137133005476144,0.9867080583270971,1.1876431378638808,-0.283316011787352,4132.5
3307,-1.171637089434478,-2.1047433574280037,-2.013713317972104,0.9867081135097446,1.1876432045659797,-0.4465618715061279,4133.75
3308,-1.1716371617468624,-2.104743382413605,-2.013713335210003,0.9867081549521213,1.187643277122726,-0.6067020114352124,4135.0
3309,-1.1716372327010467,-2.1047433935003457,-2.013713350740112,0.9867081808305782,1.1876433482151494,-0.7568421513645939,4136.25
3310,-1.1716373010680936,-2.104743395490773,-2.013713364808174,0.9867081961957597,1.187643416649679,-0.8969822912938101,4137.5
3311,-1.1716373643249947,-2.104743387090707,-2.01371337676922,0.986708199136652,1.1876434798915865,-1.027122431222811,4138.75
3312,-1.1716374225468082,-2.1047433716205295,-2.01371338698066,0.9867081933233541,1.1876435380410917,-1.14726257115194,4140.0
3313,-1.1716374752271792,-2.1047433552693717,-2.0137133959776543,0.9867081854723296,1.1876435906382434,-1.2574027110807395,4141.25
3314,-1.171637519501444,-2.1047433291020896,-2.013713402258504,0.9867081651942814,1.187643634748626,-1.3575428510097816,4142.5
3315,-1.1716375593544797,-2.104743305547876,-2.013713407912143,0.9867081469411976,1.1876436744541452,-1.4476829909384508,4143.75
3316,-1.1716375946936533,-2.104743284474994,-2.0137134129062146,0.9867081305501948,1.1876437096611006,-1.5278231308673034,4145.0
3317,-1.1716376202114738,-2.1047432583354557,-2.013713415386638,0.9867081066884722,1.187643735000865,-1.5979632707960953,4146.25
3318,-1.1716376420911747,-2.104743235922676,-2.0137134175134226,0.9867080862287563,1.1876437567278957,-1.658103410724899,4147.5
3319,-1.1716376603327565,-2.1047432172366562,-2.013713419286566,0.986708069171045,1.187643774842193,-1.7082435506538254,4148.75
3320,-1.1716376749362194,-2.1047432022773958,-2.013713420706071,0.9867080555153406,1.187643789343757,-1.748383690582766,4150.0
3321,-1.1716376859015627,-2.1047431910448937,-2.0137134217719392,0.9867080452616432,1.1876438002325873,-1.778523830511662,4151.25
3322,-1.1716376932287864,-2.10474318353915,-2.0137134224841695,0.9867080384099532,1.1876438075086835,-1.7986639704405691,4152.5
3323,-1.1718349473725647,-2.1050815888995893,-2.0130371440344312,0.98637005216958,1.1878406994585342,-1.8093560436407097,4153.75
3324,-1.173408866361891,-2.1077818560200003,-2.0076409156131287,0.9836731880876021,1.1894117285375232,-1.8119744182697115,4155.0
3325,-1.1743506781867423,-2.1093976670811174,-2.004411874965298,0.9820594147914217,1.190351809543099,-1.8052294173013679,4156.25
3326,-1.1743506723361188,-2.1093976707055813,-2.004411876081908,0.9820594116071475,1.1903518002183475,-1.7903224175794568,4157.5
3327,-1.1743506625607463,-2.10939767676143,-2.0044118779475695,0.9820594062867801,1.1903517846383125,-1.7654154178575585,4158.75
3328,-1.1743506488606243,-2.1093976852486627,-2.004411880562281,0.9820593988303195,1.1903517628029934,-1.7305084181356154,4160.0
3329,-1.1743506312357535,-2.10939769616728,-2.0044118839260436,0.9820593892377655,1.1903517347123906,-1.6856014184136847,4161.25
3330,-1.174350610251311,-2.109397709000774,-2.004411888568316,0.9820593755983977,1.190351705119275,-1.6306944342322995,4162.5
3331,-1.1743505857228869,-2.1093977239176764,-2.0044118943163434,0.9820593585356565,1.1903516724728824,-1.5657874570758623,4163.75
3332,-1.1743505553062854,-2.1093977421266428,-2.004411895616075,0.9820593552034902,1.1903516378989587,-1.490880487566586,4165.0
3333,-1.174350518216699,-2.109397763997486,-2.004411890482808,0.9820593716891202,1.1903516025518088,-1.4059735268916351,4166.25
3334,-1.1743504767706692,-2.1093977885213326,-2.0044118846767747,0.9820593904462385,1.1903515631412473,-1.3110665758928806,4167.5
3335,-1.1743504293933495,-2.1093978110976783,-2.004411877419229,0.982059406053106,1.1903515173109591,-1.2061596317675087,4168.75
3336,-1.174350374056331,-2.1093978258193644,-2.004411867676173,0.982059411648163,1.1903514620592839,-1.0912526961439077,4170.0
3337,-1.1743503139010936,-2.1093978418232426,-2.0044118570840195,0.9820594177332468,1.1903514019789174,-0.9663457696984622,4171.25
3338,-1.1743502485314474,-2.109397841483188,-2.0044118437647893,0.9820594047439097,1.1903513365526504,-0.8314388491178858,4172.5
3339,-1.1743501782787562,-2.1093978394584707,-2.004411829281525,0.9820593889493762,1.1903512662261606,-0.686531929264895,4173.75
3340,-1.1743501081647727,-2.1093978178320922,-2.004411812800016,0.9820593515943455,1.1903511958924262,-0.5316250153715141,4175.0
3341,-1.1743500354761591,-2.1093977900923644,-2.004411795163377,0.9820593070095601,1.1903511229359232,-0.3668255781993097,4176.25
3342,-1.1743499741987797,-2.1093977440131653,-2.004411777949355,0.9820592444308027,1.1903510612596528,-0.20399203118425044,4177.5
3343,-1.1743499215744495,-2.10939769575981,-2.0044117622687043,0.9820591811283582,1.1903510082265711,-0.05115848416963539,4178.75
3344,-1.1743498825223742,-2.1093976402982606,-2.0044117486005177,0.9820591125080179,1.1903509687213205,0.0916750628451361,4180.0
3345,-1.174349850904535,-2.109397585943991,-2.0044117365572944,0.9820590465425322,1.190350936664518,0.2245086098596914,4181.25
3346,-1.174349832682162,-2.1093975291765865,-2.0044117269863224,0.982058980505849,1.190350917995178,0.347342156874073,4182.5
3347,-1.1743498159432906,-2.109397477030676,-2.0044117181945253,0.982058919845274,1.1903509008457276,0.46017570388868706,4183.75
3348,-1.1743498130912697,-2.1093974262114354,-2.0044117123614367,0.982058863327052,1.1903508976040222,0.563009250902808,4185.0
3349,-1.1743498120448423,-2.1093973799281263,-2.0044117073641257,0.9820588121529015,1.1903508962038962,0.6558427979171795,4186.25
3350,-1.174349811111136,-2.1093973386304428,-2.004411702905119,0.9820587664912126,1.1903508949545916,0.7386763449313744,4187.5
3351,-1.1743498176567426,-2.109397302530713,-2.004411700503133,0.982058727998176,1.1903509012300373,0.8115098919457124,4188.75
3352,-1.1743498256189573,-2.1093972714541884,-2.004411698908268,0.982058695310748,1.1903509089614899,0.8743434389599313,4190.0
3353,-1.1743498323139805,-2.1093972453235144,-2.0044116975672246,0.9820586678255446,1.190350915462477,0.9271769859741743,4191.25
3354,-1.1743498377418118,-2.10939722413869,-2.0044116964800036,0.9820586455425659,1.1903509207329983,0.9700105329886441,4192.5
3355,-1.1743498419024516,-2.109397207899714,-2.0044116956466076,0.9820586284618134,1.190350924773054,1.0028440800029554,4193.75
3356,-1.1743498447958998,-2.109397196606587,-2.004411695067036,0.9820586165832865,1.1903509275826438,1.0256776270173353,4195.0
3357,-1.1743631418967493,-2.109420377040613,-2.004365340861155,0.9820354355821422,1.1903641993025644,1.038554460670497,4196.25
3358,-1.1756287258722573,-2.1116275046519912,-1.9999529581516864,0.979829492646333,1.191627371773811,1.043702971719763,4197.5
3359,-1.1769866003304328,-2.1139955898255196,-1.995218806396943,0.9774626854064229,1.1929826585052998,1.0391043160088373,4198.75
3360,-1.1770247965775251,-2.1140622099231057,-1.9950856333746583,0.9773961045747586,1.193020780933873,1.026791188601987,4200.0
3361,-1.1770247935409428,-2.1140622177217008,-1.9950856366980942,0.9773961028168336,1.1930207760321765,1.0046008667199677,4201.25
3362,-1.1770247891359342,-2.114062229034709,-1.9950856415192266,0.9773961002667053,1.1930207689215453,0.9724105448379019,4202.5
3363,-1.1770247833624992,-2.1140622438621293,-1.9950856478380548,0.9773960969243733,1.1930207596019793,0.9302202229557893,4203.75
3364,-1.1770247758694572,-2.1140622623726526,-1.9950856554620284,0.9773960933370888,1.1930207451035932,0.8780299073765727,4205.0
3365,-1.177024766403819,-2.114062284687803,-1.995085664252435,0.9773960898990892,1.193020723286889,0.8158396006540545,4206.25
3366,-1.1770247577388533,-2.1140623125796463,-1.9950856731634876,0.9773960946935416,1.1930207029324054,0.7436492971051263,4207.5
3367,-1.1770247584483902,-2.114062353388281,-1.9950856774229964,0.9773961401494671,1.1930207023868933,0.6614590069044637,4208.75
3368,-1.1770247592524188,-2.1140623992099083,-1.9950856821583134,0.9773961913411569,1.193020701844247,0.5692687228943875,4210.0
3369,-1.1770247609031415,-2.1140624498456884,-1.9950856875036758,0.9773962481897196,1.1930207021668122,0.46707844601394516,4211.25
3370,-1.1770247774465883,-2.114062501325949,-1.9950856961909995,0.9773963081644683,1.1930207191500555,0.35488818022932817,4212.5
3371,-1.1770247954664417,-2.1140625573930674,-1.9950857056544895,0.9773963734782858,1.1930207376624649,0.23269792213871698,4213.75
3372,-1.1770248256931948,-2.1140626116992984,-1.9950857174336116,0.9773964391745131,1.1930207683515321,0.10050767022237991,4215.0
3373,-1.1770248643278065,-2.1140626664922397,-1.9950857309826588,0.9773965070104056,1.1930208074407638,-0.04168257931584597,4216.25
3374,-1.177024915411986,-2.11406271518872,-1.9950857464339702,0.9773965705398386,1.1930208589405598,-0.19387282464163788,4217.5
3375,-1.177024976068168,-2.1140627607306763,-1.9950857635067925,0.9773966324468794,1.193020919994435,-0.3560630635778878,4218.75
3376,-1.1770250477382624,-2.114062789693032,-1.9950857811027047,0.9773966782200839,1.1930209919434858,-0.5213323996501265,4220.0
3377,-1.1770251173578548,-2.114062812593221,-1.995085797652436,0.9773967169181761,1.1930210617938344,-0.676884246173739,4221.25
3378,-1.1770251874854316,-2.11406281459339,-1.9950858121381865,0.9773967326900673,1.1930211319918802,-0.822436092697153,4222.5
3379,-1.177025252787067,-2.114062816107012,-1.9950858255908839,0.9773967469922111,1.193021197356452,-0.9579879392204085,4223.75
3380,-1.1770253128785233,-2.1140628001475656,-1.9950858361707402,0.9773967410370932,1.1930212573724102,-1.0835397857436293,4225.0
3381,-1.1770253681837959,-2.1140627854592666,-1.9950858459079204,0.9773967355562869,1.1930213126081979,-1.1990916322666632,4226.25
3382,-1.1770254160369125,-2.1140627637471945,-1.9950858533994136,0.9773967208958931,1.1930213603319726,-1.3046434787898793,4227.5
3383,-1.1770254577603438,-2.114062739126095,-1.9950858593411953,0.9773967018447909,1.1930214018988803,-1.4001953253126533,4228.75
3384,-1.1770254951172014,-2.1140627170817248,-1.995085864661133,0.9773966847874833,1.1930214391155956,-1.4857471718356927,4230.0
3385,-1.1770255254324267,-2.114062693820171,-1.9950858684211368,0.9773966650268429,1.1930214692757886,-1.561299018358604,4231.25
3386,-1.1770255489865673,-2.1140626697393223,-1.9950858707195895,0.9773966430554837,1.1930214926632872,-1.6268508648815523,4232.5
3387,-1.1770255689475004,-2.114062649332032,-1.99508587266741,0.9773966244358766,1.1930215124829995,-1.682402711404594,4233.75
3388,-1.1770255853152263,-2.1140626325983,-1.9950858742645974,0.9773966091680214,1.1930215287349264,-1.7279545579277362,4235.0
3389,-1.177025598089744,-2.1140626195381254,-1.9950858755111538,0.9773965972519193,1.1930215414190664,-1.7635064044508328,4236.25
3390,-1.1770256072710539,-2.114062610151508,-1.9950858764070796,0.9773965886875706,1.1930215505354202,-1.7890582509739412,4237.5
3391,-1.1770256128591556,-2.1140626044384483,-1.995085876952375,0.9773965834749753,1.193021556083987,-1.8046100974970043,4238.75
3392,-1.1778386602793467,-2.1155038764827743,-1.9922034960072843,0.975955056760855,1.193832996421629,-1.8118604407322698,4240.0
3393,-1.1794017952081668,-2.1182748286276856,-1.9866619161339554,0.9731836245250226,1.195393041087868,-1.8099165162974775,4241.25
3394,-1.1796634203344465,-2.118738617756295,-1.9857343976477897,0.9727197553952591,1.1956541466958996,-1.7997486618426715,4242.5
3395,-1.1796634127914292,-2.1187386224285167,-1.9857343990948497,0.9727197513201076,1.1956541345972884,-1.7802983761853926,4243.75
3396,-1.1796634013703111,-2.1187386295028734,-1.985734401285888,0.9727197451497933,1.195654116278403,-1.7508480905281258,4245.0
3397,-1.179663386071092,-2.118738638979365,-1.9857344042209055,0.9727197368843161,1.1956540917392429,-1.7113978048707577,4246.25
3398,-1.1796633670018573,-2.1187386507569794,-1.985734408004121,0.9727197261483836,1.1956540618986224,-1.6619475225142584,4247.5
3399,-1.17966334479227,-2.1187386642472554,-1.9857344132426782,0.972719710755688,1.1956540321091893,-1.6024972598650238,4248.75
3400,-1.179663318846856,-2.1187386800067016,-1.9857344193624018,0.9727196927738202,1.1956539973089402,-1.533046997215801,4250.0
3401,-1.179663284930455,-2.1187387000168347,-1.985734415534664,0.9727197051161109,1.195653964074822,-1.4535967496494968,4251.25
3402,-1.1796632463375372,-2.118738722758382,-1.985734410156262,0.9727197222930622,1.1956539273231246,-1.3641465061573648,4252.5
3403,-1.1796632034427335,-2.118738748122941,-1.9857344041045366,0.972719741735818,1.1956538865700324,-1.2646962727252367,4253.75
3404,-1.1796631524267671,-2.1187387649951175,-1.9857343954491158,0.9727197504405234,1.1956538361261062,-1.1552460484249796,4255.0
3405,-1.1796630956089578,-2.118738780104973,-1.985734385405217,0.9727197561440366,1.1956537793890094,-1.0357958317503098,4256.25
3406,-1.1796630338774672,-2.1187387895919674,-1.9857343737808604,0.9727197546766151,1.1956537176808095,-0.9063456222114683,4257.5
3407,-1.1796629671034047,-2.1187387877077177,-1.9857343599600619,0.9727197396529856,1.1956536508354212,-0.7668954167886001,4258.75
3408,-1.1796628974116243,-2.1187387784051617,-1.9857343447722688,0.9727197158883016,1.1956535810135718,-0.6174452138497716,4260.0
3409,-1.1796628267423774,-2.1187387541304883,-1.9857343278273492,0.972719675435012,1.195653510099966,-0.4579950175918188,4261.25
3410,-1.1796627596517424,-2.1187387170928713,-1.985734310284797,0.9727196216109362,1.1956534426688719,-0.29165957836581613,4262.5
3411,-1.179662700820619,-2.118738672988537,-1.9857342936923257,0.9727195616009013,1.1956533834490555,-0.13337138123104647,4263.75
3412,-1.1796626572593552,-2.118738619870202,-1.9857342792777843,0.9727194946182373,1.195653339441356,0.014916815903278507,4265.0
3413,-1.1796626199180276,-2.118738566981419,-1.9857342661562492,0.9727194290945589,1.1956533016603168,0.15320501303773787,4266.25
3414,-1.1796625969667258,-2.1187385110241457,-1.9857342556516662,0.9727193629795962,1.1956532782569531,0.28149321017198037,4267.5
3415,-1.1796625796370375,-2.1187384571687917,-1.9857342465128027,0.9727193002709529,1.1956532604959667,0.3997814073061172,4268.75
3416,-1.1796625685941788,-2.1187384065859742,-1.9857342389971797,0.9727192423876324,1.195653249052179,0.5080696044403794,4270.0
3417,-1.179662567501847,-2.118738358302847,-1.9857342337511428,0.972719188967946,1.1956532475846573,0.6063578015743776,4271.25
3418,-1.1796625665206508,-2.1187383149321266,-1.9857342290388398,0.9727191409832616,1.1956532462664442,0.6946459987084451,4272.5
3419,-1.1796625676784012,-2.1187382765310403,-1.9857342252799923,0.972719098889838,1.195653247127406,0.7729341958424102,4273.75
3420,-1.179662576226526,-2.118738243247798,-1.985734223561538,0.9727190638692409,1.195653255424294,0.8412223929764441,4275.0
3421,-1.1796625835228787,-2.1187382148384932,-1.9857342220947312,0.9727190339769968,1.1956532625062009,0.8995105901104329,4276.25
3422,-1.1796625895674597,-2.1187381913031285,-1.9857342208795679,0.9727190092131037,1.1956532683731267,0.9477987872446111,4277.5
3423,-1.1796625943602688,-2.118738172641701,-1.9857342199160526,0.9727189895775638,1.195653273025071,0.9860869843787372,4278.75
3424,-1.179662597901306,-2.1187381588542107,-1.9857342192041854,0.9727189750703772,1.1956532764620342,1.014375181512875,4280.0
3425,-1.1796626001905712,-2.1187381499406577,-1.9857342187439664,0.9727189656915438,1.1956532786840162,1.0326633786469108,4281.25
3426,-1.1800606164054848,-2.1194552922787464,-1.984299494007625,0.9720011903934329,1.1960504790893773,1.0419597724162444,4282.5
3427,-1.1816384144350056,-2.122298181374404,-1.9786120072628035,0.9691558275653687,1.1976250431674773,1.0427541681989045,4283.75
3428,-1.1822639216962194,-2.1234252304145924,-1.9763572390366433,0.9680278005821576,1.198249267677351,1.0346445171430845,4285.0
3429,-1.182263919433609,-2.1234252361996355,-1.976357241521761,0.9680277992803014,1.1982492639650117,1.0179530791293774,4286.25
3430,-1.1822639158154469,-2.1234252454505524,-1.9763572454957363,0.9680277971984907,1.198249258028574,0.9912616411156807,4287.5
3431,-1.1822639108417332,-2.1234252581673436,-1.9763572509585692,0.9680277943367255,1.1982492498680382,0.9545702031020511,4288.75
3432,-1.1822639045124679,-2.1234252743500095,-1.97635725791026,0.9680277906950057,1.1982492394834046,0.9078787650883748,4290.0
3433,-1.1822638960821845,-2.1234252943688867,-1.9763572659275854,0.9680277874874328,1.1982492205017206,0.8511873406033335,4291.25
3434,-1.182263886040135,-2.1234253179809226,-1.9763572752883094,0.9680277839171874,1.1982491971055778,0.784495918207125,4292.5
3435,-1.1822638824821385,-2.123425351925373,-1.9763572815837132,0.9680278098920769,1.1982491874900179,0.7078045063934456,4293.75
3436,-1.1822638832220318,-2.1234253943438377,-1.976357286036576,0.9680278571815075,1.1982491869245202,0.6211131004685593,4295.0
3437,-1.1822638840633495,-2.1234254417481297,-1.9763572909199074,0.9680279103244742,1.198249186431731,0.5244217065044495,4296.25
3438,-1.1822638924810644,-2.123425491971086,-1.9763572977431187,0.9680279677519332,1.1982491943511007,0.41773031923182014,4297.5
3439,-1.182263909475777,-2.1234255447266563,-1.9763573067047728,0.9680280292702205,1.198249211808283,0.30103894011375687,4298.75
3440,-1.1822639294591764,-2.1234256010972428,-1.9763573166568433,0.9680280953483386,1.198249232296247,0.17434756904792378,4300.0
3441,-1.1822639661423648,-2.123425652983787,-1.9763573295743364,0.9680281596725577,1.198249269417596,0.03765620377425459,4301.25
3442,-1.1822640065451626,-2.12342570760887,-1.9763573435384485,0.9680282277379132,1.1982493102825609,-0.10903516079644321,4302.5
3443,-1.1822640644247928,-2.1234257509342136,-1.9763573598965039,0.9680282867450418,1.1982493685473345,-0.2657265183597541,4303.75
3444,-1.1822641290631066,-2.1234257908759933,-1.9763573772835028,0.9680283433357055,1.1982494335497857,-0.43162188597595397,4305.0
3445,-1.1822642000026327,-2.1234258151958683,-1.9763573943285564,0.9680283839301013,1.1982495047364867,-0.5926705967350145,4306.25
3446,-1.182264269148645,-2.1234258278498093,-1.9763574097892485,0.9680284113160156,1.198249574037043,-0.7437193074944287,4307.5
3447,-1.1822643362734273,-2.123425829723435,-1.9763574237114467,0.9680284264254622,1.1982496412304773,-0.8847680182533868,4308.75
3448,-1.1822643984499892,-2.123425823103214,-1.9763574357352403,0.9680284312101435,1.198249703405316,-1.015816729012527,4310.0
3449,-1.1822644556765243,-2.1234258079093573,-1.9763574458519342,0.9680284255817536,1.198249760559127,-1.1368654397711946,4311.25
3450,-1.1822645078964158,-2.1234257931044263,-1.9763574549853844,0.9680284194091721,1.1982498127053063,-1.2479141505300444,4312.5
3451,-1.1822645514801944,-2.123425767422714,-1.9763574612175732,0.9680283995683527,1.198249856123402,-1.3489628612887525,4313.75
3452,-1.1822645907508291,-2.123425744282522,-1.9763574668330066,0.968028381691022,1.19824989524475,-1.4400115720475346,4315.0
3453,-1.182264625708319,-2.1234257236838494,-1.9763574718316868,0.968028365777181,1.1982499300693499,-1.521060282806152,4316.25
3454,-1.1822646513625286,-2.123425698568309,-1.9763574744564707,0.9680283430763088,1.198249955547878,-1.5921089935648434,4317.5
3455,-1.1822646730305557,-2.1234256764567645,-1.976357476579636,0.9680283229122781,1.198249977060498,-1.6531577043235401,4318.75
3456,-1.1822646911492818,-2.1234256579671724,-1.9763574783550162,0.9680283060511871,1.1982499950492733,-1.7042064150822613,4320.0
3457,-1.1822647057187068,-2.123425643099532,-1.976357479782614,0.9680282924930369,1.198250009514204,-1.745255125841095,4321.25
3458,-1.1822647167388303,-2.123425631853842,-1.9763574808624305,0.9680282822378286,1.198250020455289,-1.7763038365998836,4322.5
3459,-1.1822647242096522,-2.1234256242301024,-1.9763574815944651,0.968028275285562,1.198250027872529,-1.7973525473586267,4323.75
3460,-1.1823692444751788,-2.1236170248554824,-1.9759744220828799,0.9678365687316088,1.198354326063491,-1.8087332078008513,4325.0
3461,-1.1837855428376185,-2.1262107451081316,-1.9707835857703389,0.9652388071059941,1.199767615456872,-1.812296022619478,4326.25
3462,-1.1848304038690838,-2.1281242465821384,-1.966954082714651,0.9633223261908583,1.2008102552461837,-1.80627369651688,4327.5
3463,-1.1848303985380848,-2.128124249883865,-1.966954083742585,0.9633223233325382,1.2008102466404658,-1.7923638549692686,4328.75
3464,-1.1848303893745487,-2.1281242555592534,-1.9669540855095167,0.9633223184193278,1.200810231847965,-1.7684540134216697,4330.0
3465,-1.1848303763784749,-2.128124263608304,-1.9669540880154464,0.963322311451227,1.200810210868681,-1.7345441718740262,4331.25
3466,-1.1848303595498635,-2.128124274031017,-1.9669540912603736,0.9633223024282358,1.2008101837026133,-1.690634330326395,4332.5
3467,-1.1848303393456225,-2.128124286390563,-1.966954095697945,0.9633222897208344,1.2008101542756986,-1.6367245023381254,4333.75
3468,-1.1848303157397393,-2.1281243007118107,-1.9669541013023355,0.9633222734217886,1.2008101223644365,-1.572814683782541,4335.0
3469,-1.1848302868522944,-2.1281243180121825,-1.9669541036778773,0.963322266937835,1.2008100880604071,-1.4989048711898931,4336.25
3470,-1.1848302510852404,-2.128124339034648,-1.9669540986926641,0.963322282713098,1.2008100539805655,-1.4149950689792565,4337.5
3471,-1.1848302110658449,-2.128124362626909,-1.9669540930551563,0.9633223006449416,1.2008100159274093,-1.32108527525146,4338.75
3472,-1.1848301657385458,-2.128124385722034,-1.9669540862310635,0.9633223171366818,1.2008099723232362,-1.21717548853443,4340.0
3473,-1.1848301122176041,-2.128124399951591,-1.9669540767303957,0.9633223224674404,1.2008099188885952,-1.103265710888996,4341.25
3474,-1.1848300539957874,-2.128124415431398,-1.9669540663944354,0.9633223282695133,1.2008098607428457,-0.9793559426693677,4342.5
3475,-1.1848299907309658,-2.128124416959069,-1.9669540535829768,0.9633223176462089,1.2008097974358662,-0.8454461801061807,4343.75
3476,-1.1848299226620007,-2.128124415080288,-1.9669540394348377,0.9633223023166217,1.2008097292929358,-0.7015364189466021,4345.0
3477,-1.1848298541715117,-2.128124396335592,-1.9669540234342011,0.9633222683067556,1.2008096605981349,-0.547626663106194,4346.25
3478,-1.1848297824621492,-2.1281243716958294,-1.9669540061565005,0.9633222271694429,1.2008095886362304,-0.383717086425268,4347.5
3479,-1.1848297223169248,-2.1281243267422116,-1.9669539891218137,0.9633221658843056,1.2008095280877595,-0.21989051601459053,4348.75
3480,-1.1848296691315627,-2.1281242811796806,-1.9669539734498547,0.9633221052832631,1.200809474500018,-0.06606394559941164,4350.0
3481,-1.1848296307704853,-2.1281242269900154,-1.9669539599129147,0.9633220380562969,1.200809435680641,0.07776262481529661,4351.25
3482,-1.1848295981032098,-2.128124174785854,-1.9669539477508833,0.9633219741277278,1.2008094025753484,0.21158919523024336,4352.5
3483,-1.1848295801855262,-2.1281241192347378,-1.9669539382614747,0.9633219093811964,1.200809384205277,0.33541576564482695,4353.75
3484,-1.184829563714841,-2.128124068169831,-1.9669539295384042,0.9633218498634699,1.2008093673187379,0.44924233605954145,4355.0
3485,-1.1848295594819418,-2.128124018726444,-1.9669539234934026,0.9633217945173442,1.2008093626927283,0.5530689064739773,4356.25
3486,-1.1848295584536688,-2.128123973302655,-1.9669539185261318,0.9633217442278251,1.2008093613056325,0.6468954768884769,4357.5
3487,-1.1848295575349885,-2.1281239327201176,-1.9669539140882661,0.9633216992981418,1.200809360066373,0.7307220473031129,4358.75
3488,-1.184829562994766,-2.1281238971518794,-1.966953911482807,0.9633216611400965,1.2008093652502827,0.8045486177174651,4360.0
3489,-1.1848295708881404,-2.128123866489044,-1.9669539098898072,0.9633216288652743,1.20080937290843,0.8683751881319541,4361.25
3490,-1.1848295775448237,-2.128123840630296,-1.966953908546388,0.9633216016470947,1.2008093793667405,0.9222017585464113,4362.5
3491,-1.184829582964816,-2.128123819575635,-1.9669539074525497,0.963321579485558,1.200809384625214,0.9660283289610943,4363.75
3492,-1.1848295871481176,-2.1281238033250593,-1.9669539066082944,0.9633215623806652,1.200809388683851,0.9998548993756184,4365.0
3493,-1.184829590094728,-2.1281237918785703,-1.9669539060136227,0.9633215503324166,1.2008093915426508,1.023681469790211,4366.25
3494,-1.1848295918046476,-2.128123785236167,-1.9669539056685346,0.963321543340812,1.2008093932016137,1.0375080402048154,4367.5
3495,-1.1858718962519645,-2.1300638024721446,-1.9630699849457922,0.9613771945018778,1.201849403170285,1.0434746012059035,4368.75
3496,-1.1872619500803283,-2.13265108540807,-1.9578902470812278,0.9587841435370079,1.20323639669469,1.0398426448586524,4370.0
3497,-1.1873602386983484,-2.1328340349107444,-1.9575239916603941,0.9586007891457912,1.203334467918566,1.0284130839663828,4371.25
3498,-1.1873602358633204,-2.132834042127227,-1.9575239947857468,0.958600787524882,1.2033344631903786,1.0073029209360844,4372.5
3499,-1.1873602316853238,-2.132834052762197,-1.9575239993915958,0.9586007851361391,1.203334456222423,0.9761927579058532,4373.75
3500,-1.1873602261643588,-2.1328340668156547,-1.9575240054779417,0.9586007819795629,1.2033344470146994,0.9350825948756321,4375.0
3501,-1.187360219054021,-2.1328340844142066,-1.957524012899881,0.958600778474335,1.2033344334379878,0.8839724363489772,4376.25
3502,-1.1873602099495262,-2.1328341057658395,-1.957524021419373,0.9586007753090711,1.2033344119944918,0.8228622879238994,4377.5
3503,-1.187360200330602,-2.1328341314349037,-1.9575240307847166,0.958600775281236,1.2033343891765038,0.7517521408872557,4378.75
3504,-1.1873602010151005,-2.1328341705540796,-1.957524034915358,0.958600818930744,1.2033343886565848,0.6706420088708571,4380.0
3505,-1.1873602017902862,-2.1328342145320085,-1.957524039522845,0.9586008681157479,1.2033343881272098,0.5795318817201858,4381.25
3506,-1.1873602026614405,-2.1328342633987063,-1.9575240445799826,0.9586009229654208,1.2033343876342177,0.4784217625110312,4382.5
3507,-1.1873602178232714,-2.1328343131298926,-1.9575240528861348,0.9586009808842078,1.2033344031277986,0.36731165437840685,4383.75
3508,-1.1873602352464319,-2.1328343670852634,-1.9575240621146845,0.9586010438614561,1.2033344210393326,0.24620155355378434,4385.0
3509,-1.187360262795673,-2.1328344203702247,-1.9575240733636377,0.9586011080442521,1.2033344490610145,0.11509145930939652,4386.25
3510,-1.1873603002031659,-2.132834473142987,-1.957524086593669,0.9586011735576161,1.2033344869215572,-0.0260186318349575,4387.5
3511,-1.1873603480735908,-2.132834521697745,-1.9575241015298543,0.9586012364614798,1.2033345352185698,-0.1771287194378151,4388.75
3512,-1.18736040686167,-2.132834565571406,-1.9575241182168452,0.9586012963341264,1.2033345944035734,-0.3382388005520389,4390.0
3513,-1.1873604757900078,-2.1328345959359236,-1.9575241355677504,0.9586013432848883,1.203334663629924,-0.5041055802688612,4391.25
3514,-1.1873605439442434,-2.1328346192097993,-1.9575241520146494,0.9586013822630445,1.20333473202523,-0.6607335334339479,4392.5
3515,-1.1873606125513863,-2.132834622355732,-1.9575241664399226,0.9586013991270215,1.2033348007138969,-0.8073614865987636,4393.75
3516,-1.1873606767833311,-2.1328346241083027,-1.9575241798199485,0.958601413599863,1.2033348650126912,-0.9439894397637877,4395.0
3517,-1.1873607359578453,-2.132834610004688,-1.9575241904950964,0.9586014095948405,1.2033349241239055,-1.0706173929284262,4396.25
3518,-1.1873607904259815,-2.1328345955453947,-1.9575242001659832,0.9586014042786728,1.203334978522038,-1.1872453460932657,4397.5
3519,-1.187360838069856,-2.1328345756555027,-1.9575242078643371,0.9586013916398962,1.2033350260471378,-1.2938732992578326,4398.75
3520,-1.1873608792421237,-2.132834551427086,-1.9575242137773439,0.9586013729519962,1.2033350670608274,-1.390501252422431,4400.0
3521,-1.1873609161534866,-2.1328345297060634,-1.957524219078409,0.958601356198099,1.2033351038300237,-1.47712920558692,4401.25
3522,-1.1873609467738317,-2.1328345076284076,-1.9575242230495724,0.958601337822652,1.2033351343001852,-1.5537571587514851,4402.5
3523,-1.1873609701360648,-2.13283448382977,-1.9575242253488132,0.9586013161318783,1.2033351574925815,-1.6203851119159967,4403.75
3524,-1.187360989991927,-2.1328344636030026,-1.9575242273029665,0.9586012976966106,1.2033351772040972,-1.6770130650805442,4405.0
3525,-1.1873610063414188,-2.1328344469481055,-1.9575242289120303,0.9586012825168476,1.2033351934347327,-1.723641018245249,4406.25
3526,-1.1873610191845394,-2.1328344338650784,-1.9575242301760083,0.9586012705925916,1.2033352061844875,-1.7602689714099085,4407.5
3527,-1.1873610285212883,-2.132834424353921,-1.957524231094901,0.9586012619238427,1.203335215453361,-1.7868969245745225,4408.75
3528,-1.187361034351666,-2.132834418414633,-1.957524231668708,0.9586012565106008,1.2033352212413537,-1.8035248777391484,4410.0
3529,-1.1879670141883958,-2.133980710779351,-1.955228565960435,0.9574516413053661,1.203939819351416,-1.8115992160648855,4411.25
3530,-1.1894779709115193,-2.1368389099116576,-1.9495044995262267,0.9545851701244047,1.2054473304899216,-1.8107736894516766,4412.5
3531,-1.1898574542916773,-2.137556767774874,-1.9480668628538444,0.9538652351223222,1.205825946387206,-1.8014690812896774,4413.75
3532,-1.1898574473640053,-2.137556772065075,-1.9480668641964993,0.9538652314363341,1.2058259351310265,-1.7831807903637737,4415.0
3533,-1.189857436648297,-2.13755677870115,-1.9480668662733156,0.953865225734855,1.205825917719992,-1.7548924994379396,4416.25
3534,-1.1898574221445515,-2.1375567876830974,-1.9480668690842924,0.953865218017885,1.2058258941541014,-1.7166042085120035,4417.5
3535,-1.1898574038713863,-2.1375567989927045,-1.94806687264847,0.9538652082172231,1.2058258645950264,-1.6683159182118166,4418.75
3536,-1.1898573825823,-2.1375568118927717,-1.9480668777364698,0.9538651935724988,1.2058258355862397,-1.6100276498060702,4420.0
3537,-1.189857357640835,-2.137556827005988,-1.9480668836973725,0.9538651764153093,1.2058258016006733,-1.5417393814003355,4421.25
3538,-1.1898573255003564,-2.1375568459726244,-1.9480668812555564,0.9538651844226177,1.2058257687560325,-1.4634511260483998,4422.5
3539,-1.1898572883195708,-2.1375568678039674,-1.9480668760447593,0.9538652007984224,1.2058257333438487,-1.375162875165991,4423.75
3540,-1.189857246941841,-2.1375568921970136,-1.9480668701625725,0.9538652194115242,1.205825694045961,-1.2768746359207346,4425.0
3541,-1.1898571982133763,-2.1375569100004257,-1.9480668620154837,0.9538652294863278,1.2058256461258148,-1.1685864044465273,4426.25
3542,-1.1898571433047025,-2.1375569245979764,-1.9480668522245104,0.953865234915019,1.2058255912999565,-1.0502981808338228,4427.5
3543,-1.1898570836488385,-2.1375569358496715,-1.9480668411071802,0.9538652357107925,1.2058255316846491,-0.9220099647837096,4428.75
3544,-1.1898570190285307,-2.1375569341073537,-1.9480668276157578,0.9538652211425911,1.2058254669929749,-0.7837217536190326,4430.0
3545,-1.1898569509407422,-2.137556927567205,-1.9480668129046297,0.9538652006012273,1.2058253987930951,-0.6354335442499796,4431.25
3546,-1.1898568824804332,-2.1375569042344233,-1.948066796346537,0.9538651614574005,1.2058253300888275,-0.4771453416695761,4432.5
3547,-1.1898568156844544,-2.1375568706634738,-1.9480667790519082,0.9538651113420841,1.205825262968284,-0.310811738581379,4433.75
3548,-1.1898567578556971,-2.1375568275697643,-1.9480667626000892,0.9538650524738489,1.2058252047461477,-0.1513657017161939,4435.0
3549,-1.1898567132732165,-2.1375567773879665,-1.9480667481289744,0.9538649883765364,1.2058251597245595,-0.001919664850713959,4436.25
3550,-1.1898566765314207,-2.137556725619981,-1.9480667351053331,0.9538649240633323,1.205825122537489,0.13752637201412984,4437.5
3551,-1.1898566520996778,-2.1375566718744787,-1.9480667244083265,0.9538648599770634,1.2058250976548939,0.2669724088793253,4438.75
3552,-1.189856635026478,-2.1375566190634063,-1.9480667153252171,0.9538647983619111,1.2058250801444608,0.38641844574408685,4440.0
3553,-1.1898566224945988,-2.137556569847585,-1.9480667075563252,0.9538647416026235,1.2058250672079311,0.49586448260903015,4441.25
3554,-1.1898566214196729,-2.137556522391221,-1.9480667023323228,0.953864689026867,1.2058250657520009,0.5953105194737244,4442.5
3555,-1.1898566204528391,-2.1375564797069315,-1.9480666976336258,0.9538646417379713,1.2058250644424753,0.6847565563384262,4443.75
3556,-1.189856620430792,-2.137556441817278,-1.9480666936349238,0.9538645999245731,1.205825064116928,0.7642025932032532,4445.0
3557,-1.1898566289166768,-2.137556408926219,-1.9480666919152527,0.9538645652918021,1.205825072346443,0.8336486300679259,4446.25
3558,-1.1898566361806222,-2.1375563807713647,-1.948066690443209,0.9538645356460357,1.205825079390935,0.8930946669326669,4447.5
3559,-1.1898566422226282,-2.1375563573527154,-1.9480666892187886,0.9538645109872725,1.2058250852504044,0.9425407037975135,4448.75
3560,-1.189856647042695,-2.13755633867027,-1.9480666882419952,0.9538644913155143,1.2058250899248506,0.9819867406623346,4450.0
3561,-1.1898566506408224,-2.137556324724028,-1.9480666875128299,0.953864476630761,1.205825093414274,1.0114327775272243,4451.25
3562,-1.1898566530170103,-2.1375563155139896,-1.9480666870312922,0.9538644669330127,1.205825095718674,1.0308788143920684,4452.5
3563,-1.1900981299399,-2.1380205330843554,-1.9471366864339479,0.9533985942512954,1.2060660024951124,1.0410486119168492,4453.75
3564,-1.1915512251600897,-2.1408140192756924,-1.9415403512980676,0.950595205573518,1.2075156669992362,1.0430420061006902,4455.0
3565,-1.1923194282604777,-2.142290847535464,-1.9385817519743738,0.949113145275055,1.2082820557528635,1.0358403115418415,4456.25
3566,-1.192319426204724,-2.142290852745086,-1.938581754249489,0.9491131441069969,1.208282052267652,1.0203913047128559,4457.5
3567,-1.1923194228182998,-2.142290861326847,-1.938581757997265,0.9491131421828651,1.2082820465264952,0.9949422978838802,4458.75
3568,-1.1923194181012051,-2.142290873280749,-1.938581763217702,0.9491131395026604,1.208282038529393,0.9594932910549716,4460.0
3569,-1.1923194120534402,-2.1422908886067904,-1.9385817699108001,0.949113136066382,1.2082820282763453,0.9140442842259593,4461.25
3570,-1.1923194040704297,-2.142290907626279,-1.9385817777081633,0.9491131329477203,1.208282010487311,0.8585952862476707,4462.5
3571,-1.1923193944209922,-2.1422909301963493,-1.9385817867735957,0.9491131296692695,1.2082819875100075,0.7931462913408494,4463.75
3572,-1.1923193895560946,-2.1422909614634857,-1.9385817936884395,0.9491131492378783,1.2082819748741673,0.7176973049075631,4465.0
3573,-1.1923193902692222,-2.1422910020930876,-1.938581798004448,0.9491131946135426,1.2082819743359337,0.63224832633399,4466.25
3574,-1.192319391079624,-2.1422910475548727,-1.9385818027547406,0.9491132456328081,1.2082819738560113,0.5367993582286108,4467.5
3575,-1.1923193974451534,-2.142291096269634,-1.9385818090499074,0.9491133011701611,1.208281979526768,0.43135039696052907,4468.75
3576,-1.1923194138514124,-2.142291146965054,-1.9385818177796006,0.949113360406124,1.208281996390614,0.31590144408925286,4470.0
3577,-1.1923194316806853,-2.1422912020495866,-1.9385818272675635,0.9491134247652772,1.2082820147320386,0.19045249989900243,4471.25
3578,-1.1923194667019315,-2.1422912522326616,-1.9385818398055825,0.9491134870291104,1.2082820501924831,0.05500356198125875,4472.5
3579,-1.1923195047945452,-2.1422913058342603,-1.9385818533400565,0.9491135536665148,1.2082820887528185,-0.09044537547390527,4473.75
3580,-1.192319559997998,-2.1422913483833823,-1.9385818692373449,0.9491136114625844,1.2082821443464733,-0.24589430647597055,4475.0
3581,-1.192319621396376,-2.1422913894559326,-1.938581886257316,0.9491136688442293,1.2082822061281804,-0.4110932965950142,4476.25
3582,-1.1923196911640965,-2.142291413187798,-1.9385819031708826,0.9491137087268735,1.2082822761463758,-0.5733803541823075,4477.5
3583,-1.1923197585530632,-2.1422914280223644,-1.9385819186522464,0.9491137383218471,1.208282343711975,-0.7256674117693853,4478.75
3584,-1.192319824642035,-2.1422914297828632,-1.9385819324823235,0.9491137532303905,1.2082824098709237,-0.8679544693561141,4480.0
3585,-1.1923198859501964,-2.142291425415986,-1.9385819446772907,0.9491137604375248,1.208282471195556,-1.0002415269429679,4481.25
3586,-1.192319942375917,-2.1422914104369792,-1.9385819547418,0.9491137549729655,1.2082825275479454,-1.1225285845295618,4482.5
3587,-1.1923199941874376,-2.1422913966828805,-1.9385819639832795,0.949113749955266,1.208282579292131,-1.2348156421163343,4483.75
3588,-1.192320037511713,-2.1422913721872296,-1.938581970336413,0.9491137314158298,1.2082826224551821,-1.3371026997026672,4485.0
3589,-1.1923200763629405,-2.142291349352605,-1.9385819759417915,0.9491137138323432,1.2082826611548223,-1.4293897572892833,4486.25
3590,-1.1923201110043449,-2.142291328992285,-1.9385819809397815,0.9491136981541586,1.2082826956610648,-1.5116768148757487,4487.5
3591,-1.1923201371840482,-2.142291305123205,-1.9385819838197473,0.9491136769429361,1.2082827216701382,-1.5839638724622176,4488.75
3592,-1.1923201587627095,-2.142291283177923,-1.9385819859533335,0.9491136569526097,1.20828274308982,-1.6462509300487054,4490.0
3593,-1.1923201768769816,-2.1422912647558907,-1.9385819877443764,0.9491136401716689,1.2082827610706364,-1.698537987635214,4491.25
3594,-1.1923201915268646,-2.142291249857108,-1.9385819891928775,0.9491136266001143,1.2082827756125876,-1.7408250452217815,4492.5
3595,-1.1923202027123587,-2.142291238481574,-1.9385819902988384,0.949113616237947,1.2082827867156731,-1.7731121028083603,4493.75
3596,-1.1923202104334631,-2.142291230629289,-1.9385819910622593,0.9491136090851671,1.2082827943798926,-1.7953991603950072,4495.0
3597,-1.1923501834293564,-2.1423497753038276,-1.9384646585970882,0.9490548109580981,1.2083126941064175,-1.8077942545458747,4496.25
3598,-1.1935616426231135,-2.1447165654610227,-1.9337215832607317,0.9466781093605036,1.2095211927189178,-1.8125425870842464,4497.5
3599,-1.1947315758985693,-2.147002237257038,-1.9291410758409484,0.9443828690836708,1.2106882657043287,-1.807543803220291,4498.75
3600,-1.1947500999377922,-2.147038439364859,-1.9290685332438142,0.9443465158651705,1.2107067414505421,-1.7948873593515535,4500.0
3601,-1.1947500914795404,-2.147038444602311,-1.9290685348916434,0.9443465113991957,1.210706727616446,-1.772299354942743,4501.25
3602,-1.1947500792767118,-2.1470384521584513,-1.9290685372689882,0.9443465049560766,1.2107067076578182,-1.739711350534002,4502.5
3603,-1.1947500633293067,-2.147038462033279,-1.9290685403758485,0.9443464965358132,1.210706681574658,-1.6971233461251594,4503.75
3604,-1.194750043971604,-2.147038473892009,-1.929068544564505,0.9443464848804625,1.2107066523005732,-1.6445353514330834,4505.0
3605,-1.1947500213643936,-2.1470384875736075,-1.9290685500044087,0.9443464693849453,1.2107066212466469,-1.5819473682476044,4506.25
3606,-1.1947499941780013,-2.147038503886705,-1.929068553754311,0.9443464589782208,1.2107065869864888,-1.5093593888298156,4507.5
3607,-1.1947499598091864,-2.1470385240305347,-1.929068548925551,0.9443464740223769,1.2107065542452518,-1.4267714218002796,4508.75
3608,-1.1947499212870152,-2.147038546662961,-1.9290685434664467,0.9443464911013074,1.2107065176113243,-1.3341834616142905,4510.0
3609,-1.1947498781952892,-2.1470385705856856,-1.9290685371520675,0.9443465088448372,1.2107064764744098,-1.231595508635826,4511.25
3610,-1.1947498265575522,-2.147038584314508,-1.9290685279011472,0.9443465139095366,1.210706424922613,-1.1190075662669892,4512.5
3611,-1.19474977033146,-2.1470385992636487,-1.9290685178274698,0.9443465194270959,1.2107063687751127,-0.9964196320617704,4513.75
3612,-1.1947497092388248,-2.1470386031052286,-1.9290685055829593,0.9443465116767152,1.2107063076599043,-0.8638317040002932,4515.0
3613,-1.1947496434055276,-2.147038601373352,-1.9290684917735221,0.9443464968163691,1.2107062417526686,-0.7212437782152136,4516.25
3614,-1.1947495764441913,-2.147038586026891,-1.929068476285595,0.9443464667008286,1.210706174607953,-0.5686558569252023,4517.5
3615,-1.19474950696534,-2.147038562439498,-1.929068459401891,0.9443464269905641,1.2107061048778374,-0.40606794191925155,4518.75
3616,-1.1947494463620916,-2.147038521119369,-1.9290684424729974,0.9443463694455653,1.2107060438865676,-0.24108708995666608,4520.0
3617,-1.1947493920435313,-2.147038478515497,-1.9290684267085831,0.944346311719122,1.2107059891748997,-0.08594287045903343,4521.25
3618,-1.194749354259243,-2.1470384254137986,-1.9290684132520621,0.9443462456529155,1.2107059509261844,0.05920134903840435,4522.5
3619,-1.1947493199962427,-2.1470383754313778,-1.9290684008554202,0.9443461837235645,1.2107059162271498,0.194345568535796,4523.75
3620,-1.194749302324279,-2.147038320890986,-1.92906839140888,0.9443461200244028,1.210705898096219,0.319489788033137,4525.0
3621,-1.1947492860644435,-2.1470382707088027,-1.9290683827171837,0.9443460614152984,1.2107058814140916,0.43463400753021664,4526.25
3622,-1.1947492800341235,-2.147038222544015,-1.9290683763568415,0.9443460070457259,1.2107058749866324,0.539778227027535,4527.5
3623,-1.1947492790196084,-2.1470381777807392,-1.9290683713956691,0.9443459574186011,1.2107058736069438,0.634922446524489,4528.75
3624,-1.1947492781117228,-2.147038137722248,-1.9290683669559288,0.9443459130074641,1.210705872372266,0.7200666660216489,4530.0
3625,-1.1947492822217962,-2.1470381024977594,-1.9290683640678516,0.9443458749209561,1.2107058761991731,0.795210885518512,4531.25
3626,-1.1947492900880121,-2.1470380720740745,-1.9290683624667533,0.9443458428742464,1.2107058838245017,0.8603551050155815,4532.5
3627,-1.1947492967467204,-2.1470380463205947,-1.9290683611114312,0.9443458157468841,1.2107058902793,0.9154993245127473,4533.75
3628,-1.1947493021979207,-2.147038025237322,-1.9290683600018839,0.944345793538869,1.2107058955635681,0.9606435440099537,4535.0
3629,-1.1947493064416133,-2.1470380088242527,-1.9290683591381153,0.9443457762502026,1.210705899677306,0.9957877635071715,4536.25
3630,-1.1947493094777977,-2.147037997081388,-1.9290683585201245,0.9443457638808844,1.2107059026205134,1.0209319830042305,4537.5
3631,-1.1947493113064742,-2.147037990008728,-1.9290683581479124,0.944345756430915,1.2107059043931903,1.0360762025013008,4538.75
3632,-1.1955344675369766,-2.148596792318568,-1.9259434892482086,0.9427794413248296,1.2114890751143734,1.0430511212567841,4540.0
3633,-1.196936297328057,-2.1513799116230348,-1.920364294608465,0.9399829208281283,1.212887359735702,1.0407662136943001,4541.25
3634,-1.1971468641874645,-2.1517979659878486,-1.919526247915265,0.9395628561069774,1.213097393125098,1.0303878877758637,4542.5
3635,-1.1971468615883785,-2.1517979725448937,-1.9195262508035833,0.9395628546388191,1.213097388645694,1.010677712744147,4543.75
3636,-1.1971468576706397,-2.1517979824286693,-1.919526255157296,0.9395628524257874,1.2130973818936546,0.9809675377124404,4545.0
3637,-1.197146852434249,-2.1517979956391766,-1.9195262609764034,0.9395628494678823,1.2130973728689798,0.9412573626806301,4546.25
3638,-1.1971468457519405,-2.151798012246374,-1.9195262681805259,0.9395628460009109,1.2130973604484343,0.8915471888319481,4547.5
3639,-1.1971468370388632,-2.151798032571765,-1.9195262764002794,0.9395628431085288,1.2130973394701727,0.8318370208231078,4548.75
3640,-1.1971468268665573,-2.1517980563011645,-1.9195262859966413,0.9395628397317428,1.213097314978563,0.7621268528143351,4550.0
3641,-1.1971468268574594,-2.1517980931179874,-1.9195262903700252,0.9395628790314122,1.2130973129918652,0.6824167001594034,4551.25
3642,-1.1971468276018764,-2.151798135200801,-1.9195262948457315,0.9395629261428134,1.2130973124714166,0.5927065514980956,4552.5
3643,-1.1971468284424864,-2.151798182047444,-1.9195262997529456,0.9395629788201001,1.2130973120102542,0.4929964126447528,4553.75
3644,-1.1971468411015023,-2.1517982303076715,-1.9195263074513416,0.9395630348287507,1.2130973247495802,0.3832862832275342,4555.0
3645,-1.197146857910132,-2.151798282127291,-1.9195263164394392,0.9395630954398586,1.2130973420406506,0.26357616140504614,4556.25
3646,-1.197146882365079,-2.151798334601283,-1.9195263270916287,0.9395631582587162,1.2130973669804865,0.13386604667210258,4557.5
3647,-1.1971469185179453,-2.151798385345436,-1.919526339999193,0.9395632214374333,1.21309740358373,-0.0058440640442308615,4558.75
3648,-1.1971469627689393,-2.1517984341264462,-1.9195263543780146,0.9395632840448578,1.2130974482748251,-0.15555417207036856,4560.0
3649,-1.1971470196587122,-2.1517984763340188,-1.919526370678963,0.939563341884857,1.2130975055598827,-0.3152642734730388,4561.25
3650,-1.1971470855761792,-2.1517985086239517,-1.9195263877968944,0.9395633905501962,1.213097571799127,-0.48163586958348664,4562.5
3651,-1.1971471527580542,-2.151798531386797,-1.9195264041624363,0.9395634289414003,1.2130976392257677,-0.6397900132917947,4563.75
3652,-1.1971472197150161,-2.1517985371670845,-1.919526418672465,0.9395634485295494,1.2130977062879948,-0.7879441569995473,4565.0
3653,-1.197147283121439,-2.151798538813855,-1.9195264320054375,0.9395634628517279,1.2130977697627083,-0.9260983007073256,4566.25
3654,-1.1971473416414788,-2.151798527249749,-1.9195264429173144,0.9395634616178001,1.2130978282384475,-1.0542524444150014,4567.5
3655,-1.1971473955125775,-2.1517985129466837,-1.919526452572745,0.9395634564417208,1.2130978820387615,-1.1724065881225227,4568.75
3656,-1.1971474432596925,-2.1517984950308042,-1.919526460572568,0.93956344606738,1.2130979296801638,-1.2805607318301118,4570.0
3657,-1.197147484090485,-2.151798471059477,-1.9195264664921983,0.9395634276404387,1.2130979703495943,-1.3787148755374943,4571.25
3658,-1.1971475207614146,-2.1517984495303657,-1.9195264718087266,0.9395634110908415,1.2130980068756019,-1.4668690192450855,4572.5
3659,-1.1971475519449788,-2.1517984285801623,-1.9195264760482253,0.939563394098641,1.2130980379142524,-1.5450231629525175,4573.75
3660,-1.1971475752763796,-2.151798404889594,-1.9195264783664312,0.9395633725310972,1.2130980610714763,-1.613177306659877,4575.0
3661,-1.1971475951844521,-2.151798384675053,-1.9195264803444951,0.9395633541280775,1.2130980808309282,-1.671331450367221,4576.25
3662,-1.197147611669197,-2.1517983679365416,-1.919526481982414,0.9395633388895797,1.213098097192609,-1.7194855940747733,4577.5
3663,-1.1971476247306136,-2.151798354674057,-1.919526483280192,0.9395633268156065,1.2130981101565181,-1.7576397377822803,4578.75
3664,-1.1971476343687018,-2.1517983448875997,-1.919526484237829,0.9395633179061581,1.2130981197226545,-1.7857938814897987,4580.0
3665,-1.1971476405834613,-2.1517983385771697,-1.9195264848553253,0.9395633121612345,1.213098125891019,-1.8039480251973852,4581.25
3666,-1.1971476433748927,-2.1517983357427672,-1.919526485132681,0.9395633095808356,1.2130981286616112,-1.81210216890504,4582.5
3667,-1.1971476435451796,-2.151798335569859,-1.9195264851496008,0.9395633094234223,1.213098128830627,-1.8125996000313607,4582.894267962
