,shoulder_pan_joint,shoulder_lift_joint,elbow_joint,wrist_1_joint,wrist_2_joint,wrist_3_joint,time_from_start
0,-0.9030640761004847,-2.2132023016559046,-1.7078030745135706,-2.3293922583209437,5.379951000213623,0.2225867658853531,0.0
1,-0.9034720228977572,-2.212348380746585,-1.708451977071563,-2.3295843953238973,5.379496533892321,0.2175867658853531,1.25
2,-0.904695863289575,-2.209786618018626,-1.71039868474554,-2.3301608063327564,5.378133134928414,0.20258676588535313,2.5
3,-0.9067355972759379,-2.2055170134720274,-1.7136431975355015,-2.3311214913475222,5.375860803321903,0.17758676588535316,3.75
4,-0.909591224856846,-2.19953956710679,-1.7181855154414478,-2.3324664503681944,5.372679539072787,0.14258676588535327,5.0
5,-0.9132784521756148,-2.1918592864158755,-1.7239815990652403,-2.334247193132917,5.368570222702989,0.09758679063653258,6.25
6,-0.9178321174498834,-2.182487262032139,-1.7309337937206184,-2.336577955418738,5.363490445497293,0.04258681056878913,7.5
7,-0.9232805098641759,-2.171432504841669,-1.738962792933501,-2.339551504443758,5.35740577068813,-0.022413172326802164,8.75
8,-0.929657989167918,-2.158707775748835,-1.7479736056013708,-2.343276936113247,5.350279420708291,-0.09741314124366378,10.0
9,-0.9370050355629154,-2.144328914057869,-1.7578549267960772,-2.3478811740016905,5.342070322486684,-0.18241310072595945,11.25
10,-0.9453676381114628,-2.1283159291576856,-1.7684804956905484,-2.3535045940740247,5.332734911380552,-0.2774130236375902,12.5
11,-0.9547984474114659,-2.1106942296530304,-1.779706645446697,-2.360303035542625,5.322228331925281,-0.3824129094034451,13.75
12,-0.9653565413174614,-2.0914979532277114,-1.7913727544710172,-2.3684403275988437,5.310508044169502,-0.49741273869127145,15.0
13,-0.9771069530185961,-2.070767880361452,-1.8033020663346475,-2.3780903660780606,5.297530304954443,-0.622412498758208,16.25
14,-0.9901215822849032,-2.0485577512231874,-1.8152998497385155,-2.389428072950576,5.283256572041298,-0.7574121693980413,17.5
15,-1.004478599627753,-2.0249358100867223,-1.8271547991551902,-2.402623469420826,5.267652866413554,-0.9024117297604775,18.75
16,-1.020262318972085,-1.9999874557818416,-1.8386397182318994,-2.4178352493701425,5.250689986095829,-1.0574111604720284,20.0
17,-1.0375630012294472,-1.9738187923058796,-1.8495127040652974,-2.4352019973180106,5.232343658394104,-1.2224104438762597,21.25
18,-1.0561377858887715,-1.9470363987843529,-1.8593559431203595,-2.4544762974232146,5.212944302684853,-1.3943215192380856,22.5
19,-1.0743687218439089,-1.922018093707643,-1.8673312915643745,-2.4738594260336013,5.194205826911986,-1.5582065630172743,23.75
20,-1.0919527762391201,-1.8990317075434389,-1.8735744145744118,-2.4928524270082564,5.176409448047307,-1.712091590754561,25.0
21,-1.1088020216100842,-1.8780223724335787,-1.8783278121321274,-2.51121696420077,5.159601367003816,-1.8559766087106784,26.25
22,-1.1248339778681613,-1.858925572222076,-1.881817615719985,-2.5287575434505367,5.143817826817187,-1.9898616504057753,27.5
23,-1.139971788416977,-1.841669218186854,-1.8842527164008995,-2.5453183247983793,5.129088374888282,-2.113746697426107,28.75
24,-1.154144474552699,-1.8261752391450639,-1.885823668919702,-2.5607808447436557,5.115439045757361,-2.2276317100434806,30.0
25,-1.1672153353430565,-1.8124241935006062,-1.886715879835621,-2.574975634241885,5.10295846527363,-2.3316280964279437,31.25
26,-1.1741446844986014,-1.8052133286024437,-1.8871072645175395,-2.582490955183584,5.096357799944487,-2.4334386837712256,32.5
27,-1.1744363568454144,-1.8049097987510545,-1.887123740780998,-2.58280730257894,5.0960799632568605,-2.538886458770939,33.75
28,-1.1744363087669696,-1.8049098398501044,-1.8871237402359107,-2.582807262306099,5.096080009864077,-2.6540247549939697,35.0
29,-1.1744363163231393,-1.804909875321543,-1.8871237725236614,-2.5828071949520837,5.096080001599102,-2.779163042714471,36.25
30,-1.174436336353864,-1.8049099118016414,-1.8871238139194548,-2.5828071175278047,5.096079980987135,-2.9143013257707873,37.5
31,-1.174436370518578,-1.8049099454708157,-1.887123856997709,-2.582807041400941,5.096079946230885,-3.05943960196686,38.75
32,-1.174436413066379,-1.8049099788339833,-1.887123902385878,-2.5828069633783097,5.096079903064673,-3.2145778698609275,40.0
33,-1.1744364723732623,-1.8049100045860185,-1.8871239456245517,-2.5828068953459615,5.096079843222481,-3.379716130099076,41.25
34,-1.174436538622911,-1.8049100272998178,-1.8871239880836206,-2.5828068312267063,5.096079776470393,-3.550957137546642,42.5
35,-1.1744366120095604,-1.804910036885801,-1.8871240200868629,-2.582806790759853,5.096079702773978,-3.713609804154836,43.75
36,-1.174436682729189,-1.8049100414153498,-1.8871240463836783,-2.5828067610015286,5.096079631830424,-3.8662624707630178,45.0
37,-1.1744367523129164,-1.8049100371810014,-1.8871240638710298,-2.5828067487744066,5.096079562164044,-4.008915137371201,46.25
38,-1.174436816901689,-1.8049100297851561,-1.887124076758856,-2.5828067442246976,5.096079497553447,-4.141567803979381,47.5
39,-1.1744368763716393,-1.8049100155701507,-1.8871240814790646,-2.5828067545657865,5.096079438180707,-4.264220470587562,48.75
40,-1.1744369309929454,-1.8049100025141147,-1.8871240858144227,-2.5828067640637578,5.096079383648688,-4.376873137195744,50.0
41,-1.1744369768632474,-1.8049099835129845,-1.8871240816995418,-2.582806787809411,5.096079337980679,-4.479525803803929,51.25
42,-1.1744370178772594,-1.8049099656569059,-1.8871240771840179,-2.582806810741503,5.096079297161269,-4.572178470412114,52.5
43,-1.1744370544646314,-1.8049099497280363,-1.8871240731558507,-2.5828068311985346,5.096079260747498,-4.654831137020298,53.75
44,-1.174437082345213,-1.8049099323701943,-1.8871240650492807,-2.582806857028943,5.096079233081887,-4.727483803628484,55.0
45,-1.1744371051884586,-1.804909916460696,-1.887124056778625,-2.582806881504111,5.096079210441507,-4.79013647023667,56.25
46,-1.1744371243856913,-1.804909903090517,-1.8871240498280477,-2.5828069020727957,5.096079191414763,-4.842789136844856,57.5
47,-1.1744371399369111,-1.8049098922596554,-1.8871240441975496,-2.5828069187349962,5.096079176001648,-4.885441803453038,58.75
48,-1.1744371518421175,-1.8049098839681101,-1.8871240398871327,-2.582806931490711,5.0960791642021706,-4.918094470061221,60.0
49,-1.1744371601013102,-1.8049098782158812,-1.8871240368967968,-2.582806940339941,5.096079156016326,-4.940747136669404,61.25
50,-1.1744650069295612,-1.8049795536421072,-1.8870330696956032,-2.5828284356373477,5.096051347931108,-4.95348355217324,62.5
51,-1.1758183619441205,-1.8083664936662898,-1.8826114158811356,-2.583873039356954,5.094699874148885,-4.958265554788632,63.75
52,-1.1771265053923476,-1.8116402969912588,-1.8783374662293222,-2.584882747396996,5.093393547575852,-4.953225580404121,65.0
53,-1.1771428350066329,-1.8116811781567717,-1.8782841008539024,-2.5848953565670607,5.093377236803934,-4.940224706671694,66.25
54,-1.1771428276342941,-1.811681184770365,-1.878284101051655,-2.5848953596370725,5.093377237358292,-4.917274350032197,67.5
55,-1.1771428170496576,-1.8116811942656543,-1.8782841013355733,-2.584895364044759,5.093377238154197,-4.884323993392699,68.75
56,-1.1771428032527227,-1.8116812066426387,-1.878284101705657,-2.5848953697901207,5.093377239191649,-4.841373636753203,70.0
57,-1.177142786544871,-1.811681221686932,-1.8782841027907182,-2.5848953745341094,5.0933772379017075,-4.788423283081028,71.25
58,-1.1771427670245627,-1.8116812393284953,-1.8782841047961885,-2.584895377512564,5.093377233445106,-4.72547293247233,72.5
59,-1.1771427418223843,-1.8116812579521155,-1.8782841075435721,-2.584895374728744,5.093377238228106,-4.65252258619224,73.75
60,-1.1771427054787,-1.811681273707018,-1.8782841119283673,-2.5848953529925827,5.093377273293238,-4.569572251905961,75.0
61,-1.177142664733602,-1.8116812913495797,-1.8782841168846085,-2.584895328447411,5.093377312751775,-4.476621924350509,76.25
62,-1.1771426190065846,-1.8116813098784061,-1.8782841211771133,-2.584895303539821,5.09337735734043,-4.373671603543416,77.5
63,-1.1771425645744982,-1.811681322863697,-1.8782841168569075,-2.5848952940474925,5.093377411739808,-4.260721292942792,78.75
64,-1.177142505322076,-1.8116813369999494,-1.8782841121502165,-2.58489528373011,5.093377470965919,-4.137770990579118,80.0
65,-1.1771424409771498,-1.811681344006312,-1.8782840989451863,-2.584895288978218,5.093377535360895,-4.0048206938937145,81.25
66,-1.1771423716822638,-1.811681348197034,-1.8782840814708046,-2.5848953012430713,5.093377604740239,-3.8618703990104226,82.5
67,-1.1771423014299425,-1.8116813432620094,-1.878284054864245,-2.584895331723323,5.093377675223227,-3.7089201088871824,83.75
68,-1.1771422283665172,-1.8116813336894773,-1.8782840228946385,-2.584895372147817,5.09337774859676,-3.5459698251934033,85.0
69,-1.1771421653406757,-1.81168131159805,-1.8782839819230503,-2.584895434207179,5.093377812110468,-3.3812437265977175,86.25
70,-1.177142109061632,-1.8116812882976538,-1.8782839418772153,-2.5848954966469853,5.093377868882065,-3.226430901338613,87.5
71,-1.177142069591956,-1.8116812573313745,-1.8782838996321152,-2.5848955691809032,5.093377908930032,-3.0816180760795073,88.75
72,-1.1771420343846353,-1.8116812278349448,-1.8782838601344596,-2.5848956375653325,5.093377944683032,-2.946805250820401,90.0
73,-1.1771420159939143,-1.8116811943470876,-1.8782838219973934,-2.58489570882016,5.093377963646658,-2.8219924255612923,91.25
74,-1.1771419990766576,-1.8116811635422843,-1.8782837869158613,-2.5848957743660517,5.093377981090919,-2.707179600302184,92.5
75,-1.1771419933857035,-1.8116811330929155,-1.878283755666584,-2.5848958358928034,5.093377987278965,-2.602366775043074,93.75
76,-1.1771419924186948,-1.8116811045508348,-1.878283727731714,-2.5848958922738046,5.093377988702495,-2.507553949783962,95.0
77,-1.1771419915536772,-1.8116810790191191,-1.878283702743157,-2.5848959427082474,5.093377989975883,-2.4227411245248502,96.25
78,-1.1771419963027823,-1.8116810561644439,-1.8782836820908733,-2.584895986220803,5.0933779855804,-2.347928299265736,97.5
79,-1.1771420045842027,-1.8116810361126967,-1.8782836652499084,-2.584896023179832,5.093377977600342,-2.283115474006622,98.75
80,-1.177142011587879,-1.8116810191547437,-1.8782836510073424,-2.5848960544364354,5.093377970851532,-2.22830264874751,100.0
81,-1.177142017313811,-1.8116810052905858,-1.8782836393631743,-2.584896079990614,5.093377965333968,-2.1834898234883955,101.25
82,-1.1771420217619992,-1.8116809945202204,-1.8782836303174073,-2.584896099842368,5.093377961047651,-2.148676998229285,102.5
83,-1.1771420249324434,-1.8116809868436474,-1.8782836238700409,-2.5848961139916953,5.093377957992581,-2.1238641729701744,103.75
84,-1.1771420268251431,-1.8116809822608668,-1.8782836200210753,-2.5848961224385985,5.093377956168756,-2.109051347711063,105.0
85,-1.1781266807348825,-1.8141754817456042,-1.8750073835206396,-2.5856850049736173,5.092394756020737,-2.1024973504529303,106.25
86,-1.1796523993046475,-1.8180407098935916,-1.8699308620429071,-2.5869073713091866,5.090871288754057,-2.105465010240271,107.5
87,-1.1798098313885064,-1.8184395511557985,-1.8694070376560261,-2.587033500591231,5.090714084673248,-2.116647861637993,108.75
88,-1.1798098298678261,-1.8184395580495578,-1.869407041169851,-2.58703349702224,5.090714077974564,-2.137397384940867,110.0
89,-1.1798098276142714,-1.8184395682656873,-1.8694070463771237,-2.587033491733216,5.090714068047523,-2.1681469082437417,111.25
90,-1.1798098246278421,-1.8184395818041865,-1.869407053277845,-2.5870334847241554,5.0907140548921275,-2.208896431546619,112.5
91,-1.1798098207771293,-1.8184395987974125,-1.8694070614701126,-2.5870334775304364,5.090714039641467,-2.259645951530206,113.75
92,-1.1798098157759793,-1.818439619533581,-1.8694070700787533,-2.5870334734954534,5.090714024762934,-2.3203954626065535,115.0
93,-1.1798098102458359,-1.8184396435512764,-1.8694070805830916,-2.587033467147116,5.090714008227181,-2.3911449729476213,116.25
94,-1.1798098109296977,-1.8184396678287447,-1.8694071039513585,-2.5870334206932193,5.090714008182429,-2.471894467712235,117.5
95,-1.1798098116867806,-1.8184396951053865,-1.8694071302402695,-2.5870333683698155,5.090714008227644,-2.5626439583883243,118.75
96,-1.1798098125038465,-1.818439725372726,-1.8694071594806723,-2.5870333100422305,5.090714008473079,-2.663393441171998,120.0
97,-1.1798098273178006,-1.8184397552462754,-1.8694071930951512,-2.5870332469131574,5.0907139933453385,-2.7741429133460187,121.25
98,-1.179809844994824,-1.8184397874442324,-1.8694072299083246,-2.5870331781836207,5.090713975154996,-2.894892378299943,122.5
99,-1.1798098724188804,-1.8184398187128403,-1.8694072688418875,-2.5870331084375042,5.090713947188597,-3.02564183681376,123.75
100,-1.1798099105445985,-1.8184398486378814,-1.8694073097872925,-2.5870330382195297,5.090713908498273,-3.1663912922238295,125.0
101,-1.1798099588028252,-1.818439875523592,-1.869407350935112,-2.5870329709820936,5.090713859703305,-3.317140744326056,126.25
102,-1.1798100188206129,-1.8184398982378067,-1.869407391692236,-2.5870329084713486,5.0907137991917875,-3.4778901897439467,127.5
103,-1.1798100890189487,-1.8184399122955606,-1.8694074272101986,-2.587032859983573,5.090713728616209,-3.643923029371933,128.75
104,-1.1798101589848624,-1.818439921487592,-1.8694074579288136,-2.5870328211435503,5.090713658351437,-3.80093696607769,130.0
105,-1.1798102292669974,-1.8184399185398374,-1.8694074769523035,-2.5870328061087307,5.090713587964029,-3.9479509027834383,131.25
106,-1.1798102952726197,-1.8184399145720271,-1.869407493653022,-2.5870327943499993,5.090713521878732,-4.084964839489183,132.5
107,-1.1798103561417983,-1.8184399014862385,-1.8694074998961943,-2.587032802064251,5.0907134610869385,-4.211978776194919,133.75
108,-1.179810412174658,-1.8184398881331891,-1.8694075043735956,-2.587032811738572,5.09071340514623,-4.328992712900649,135.0
109,-1.1798104613806066,-1.8184398722090538,-1.8694075042272007,-2.5870328284985615,5.090713356088387,-4.436006649606372,136.25
110,-1.17981050379262,-1.8184398537738882,-1.8694074995256258,-2.5870328522162107,5.090713313879401,-4.533020586312091,137.5
111,-1.1798105418328912,-1.818439837238987,-1.8694074953086728,-2.587032873489094,5.090713276021229,-4.620034523017808,138.75
112,-1.179810573624485,-1.818439821131119,-1.8694074895606252,-2.587032895773961,5.090713244418454,-4.697048459723524,140.0
113,-1.179810597754539,-1.8184398043413128,-1.8694074807641448,-2.5870329216728827,5.090713220504751,-4.764062396429238,141.25
114,-1.1798106182838413,-1.8184397900569274,-1.8694074732802983,-2.587032943707097,5.090713200159515,-4.821076333134956,142.5
115,-1.1798106352123927,-1.8184397782779644,-1.869407467109083,-2.5870329618766066,5.090713183382745,-4.868090269840683,143.75
116,-1.1798106485401925,-1.818439769004421,-1.8694074622505028,-2.587032976181409,5.090713170174442,-4.905104206546412,145.0
117,-1.1798106582672405,-1.8184397622362967,-1.8694074587045582,-2.5870329866215034,5.090713160534606,-4.932118143252135,146.25
118,-1.1798106643935367,-1.818439757973592,-1.8694074564712486,-2.587032993196892,5.090713154463239,-4.9491320799578595,147.5
119,-1.1804330553501845,-1.820035902018693,-1.8672986153666147,-2.5875501757468924,5.090091737374706,-4.95741233060977,148.75
120,-1.182034284746542,-1.8241423382931252,-1.8618731617080344,-2.588880733659599,5.088493012924384,-4.956667087822792,150.0
121,-1.1824414825623313,-1.8251866285301706,-1.8604934413688403,-2.589219102466233,5.0880864495319615,-4.9472297666269105,151.25
122,-1.1824414766668707,-1.8251866338093778,-1.8604934414929177,-2.5892191050474618,5.088086450098814,-4.928719043133562,152.5
123,-1.182441467586521,-1.8251866419405576,-1.8604934416840253,-2.5892191090231407,5.088086450971897,-4.900208319640211,153.75
124,-1.182441455321282,-1.8251866529237097,-1.8604934419421628,-2.58921911439327,5.088086452151209,-4.8616975961468585,155.0
125,-1.1824414398970728,-1.8251866667407382,-1.8604934423205024,-2.5892191209613697,5.088086453413502,-4.813186872906989,156.25
126,-1.1824414219093407,-1.8251866829759167,-1.8604934440405878,-2.589219124213642,5.088086449630018,-4.754676155136943,157.5
127,-1.1824414008473456,-1.8251867019858308,-1.8604934460546512,-2.589219128021756,5.088086445199904,-4.6861654373669,158.75
128,-1.1824413685576962,-1.8251867179025594,-1.8604934498665129,-2.589219111938998,5.088086471481525,-4.607654733111394,160.0
129,-1.1824413302535706,-1.825186734478381,-1.8604934545227416,-2.58921908901006,5.088086508442452,-4.519144033215511,161.25
130,-1.182441287590466,-1.8251867529076082,-1.860493459775729,-2.5892190631819014,5.088086549842018,-4.420633344012755,162.5
131,-1.182441237379638,-1.8251867676673026,-1.8604934587096014,-2.589219048214297,5.088086599600916,-4.312122662811215,163.75
132,-1.182441180971634,-1.8251867810850537,-1.8604934542005271,-2.589219038451675,5.088086655978329,-4.193611989330316,165.0
133,-1.1824411197011944,-1.82518679255385,-1.860493446266659,-2.5892190340025385,5.088086717251367,-4.065101323103683,166.25
134,-1.1824410533855465,-1.8251867965182178,-1.8604934294287012,-2.589219045899757,5.08808678364944,-3.9265906613255135,167.5
135,-1.1824409836416563,-1.8251867974777851,-1.8604934085913754,-2.589219064741139,5.0880868535308155,-3.778080001323389,168.75
136,-1.1824409134437959,-1.8251867882320956,-1.8604933776644985,-2.5892191038392136,5.08808692403019,-3.6195693482411935,170.0
137,-1.1824408453042476,-1.8251867721866772,-1.860493340751284,-2.5892191557349102,5.0880869925762005,-3.453203163803015,171.25
138,-1.1824407862124828,-1.8251867498041072,-1.8604933004845692,-2.58921921743853,5.088087052156736,-3.293954187932429,172.5
139,-1.1824407410194133,-1.8251867217417397,-1.86049325901948,-2.5892192862119296,5.088087097899663,-3.1447052120618526,173.75
140,-1.1824407035322146,-1.825186692306398,-1.860493218621425,-2.589219355402503,5.088087135942019,-3.005456236191286,175.0
141,-1.1824406789917503,-1.825186660531126,-1.860493179983782,-2.589219425359386,5.088087161047082,-2.8762072603207245,176.25
142,-1.182440661635705,-1.8251866289186158,-1.8604931437475485,-2.5892194928598657,5.0880871789494595,-2.7569582844501683,177.5
143,-1.1824406492326565,-1.8251865991247873,-1.8604931108304612,-2.5892195553016193,5.088087191858794,-2.6477093085796186,178.75
144,-1.1824406482314198,-1.8251865696150549,-1.8604930817496133,-2.5892196137941426,5.088087193336912,-2.5484603327090736,180.0
145,-1.182440647331064,-1.8251865430786303,-1.8604930555988515,-2.589219666393152,5.0880871946661,-2.459211356838531,181.25
146,-1.1824406476173377,-1.8251865194506098,-1.8604930326538465,-2.589219712903915,5.088087194759288,-2.379962380967986,182.5
147,-1.1824406563555627,-1.825186498296715,-1.8604930147592356,-2.589219752023368,5.088087186342314,-2.310713405097446,183.75
148,-1.1824406638319316,-1.8251864801975792,-1.8604929994487223,-2.5892197854937193,5.088087179140806,-2.2514644292269015,185.0
149,-1.1824406700464443,-1.8251864651532062,-1.8604929867223032,-2.589219813314969,5.088087173154762,-2.2022154533563505,186.25
150,-1.1824406749991008,-1.8251864531635917,-1.860492976579982,-2.589219835487116,5.088087168384185,-2.1629664774857966,187.5
151,-1.1824406786899009,-1.825186444228736,-1.860492969021759,-2.589219852010161,5.088087164829074,-2.1337175016152474,188.75
152,-1.1824406811188448,-1.8251864383486387,-1.8604929640476344,-2.5892198628841037,5.088087162489427,-2.114468525744697,190.0
153,-1.1827479970579977,-1.8259842644392825,-1.859432667462191,-2.589484533031295,5.087780355189565,-2.104456404207839,191.25
154,-1.1843060452628846,-1.8300291606259866,-1.854057105562781,-2.5908263508653877,5.086224885263613,-2.102953643207429,192.5
155,-1.1850351632346483,-1.8319220503726397,-1.8515415094104393,-2.5914542785822774,5.085496970974644,-2.110639157614154,193.75
156,-1.185035162041743,-1.831922055714076,-1.8515415121082224,-2.591454275949575,5.08549696587085,-2.1268758440777566,195.0
157,-1.1850351601141398,-1.8319220643452456,-1.8515415164675413,-2.5914542716954196,5.085496957623685,-2.1531125305413568,196.25
158,-1.1850351574518392,-1.8319220762661481,-1.8515415224883958,-2.591454265819811,5.08549694623315,-2.18934921700496,197.5
159,-1.185035154054841,-1.8319220914767838,-1.851541530170786,-2.5914542583227496,5.085496931699242,-2.235585903468564,198.75
160,-1.1850351495017344,-1.8319221103939816,-1.8515415382468707,-2.5914542540186276,5.085496917692749,-2.2918225866161985,200.0
161,-1.1850351440372076,-1.8319221327757138,-1.8515415474528107,-2.5914542501120095,5.0854969020822605,-2.358059269042233,201.25
162,-1.1850351419583798,-1.831922156637483,-1.8515415649494196,-2.59145422191365,5.085496895020624,-2.4342959417014196,202.5
163,-1.1850351426797736,-1.8319221822433385,-1.8515415897771734,-2.5914541727191853,5.085496894991464,-2.520532607691969,203.75
164,-1.1850351434550936,-1.8319222107982978,-1.8515416175569244,-2.591454117504094,5.085496895209095,-2.6167692629029693,205.0
165,-1.1850351510612382,-1.8319222406739992,-1.8515416489484366,-2.591454056995022,5.085496887997582,-2.7230059114468523,206.25
166,-1.1850351678700246,-1.8319222712963232,-1.8515416841945638,-2.5914539913971417,5.085496870700228,-2.839242551787971,207.5
167,-1.1850351869038247,-1.8319223042151975,-1.8515417223879627,-2.591453920584631,5.085496851126152,-2.9654791840910617,208.75
168,-1.1850352233563322,-1.8319223328458591,-1.8515417618080507,-2.591453853156947,5.08549681412816,-3.1017158105807066,210.0
169,-1.185035262808135,-1.8319223633532122,-1.8515418040026341,-2.591453781128741,5.08549677409348,-3.2479524368009267,211.25
170,-1.1850353204273107,-1.8319223851938022,-1.8515418434029645,-2.5914537208101267,5.085496715995017,-3.404189055837281,212.5
171,-1.1850353843490264,-1.8319224051267913,-1.8515418829093515,-2.5914536623818933,5.085496651611102,-3.569870307049877,213.75
172,-1.185035455442887,-1.8319224145117436,-1.851541914340448,-2.5914536226545577,5.085496580209945,-3.7313936937232546,215.0
173,-1.1850355245253676,-1.831922417530488,-1.8515419389135528,-2.591453596103558,5.085496510927509,-3.882917080396682,216.25
174,-1.1850355918677766,-1.831922413526316,-1.8515419560710764,-2.5914535839454116,5.085496443502514,-4.024440467070147,217.5
175,-1.1850356542963838,-1.8319224052291565,-1.8515419674906675,-2.591453581732745,5.085496381071491,-4.155963853743629,218.75
176,-1.18503571177489,-1.8319223915702532,-1.8515419721153317,-2.591453591587777,5.0854963236880995,-4.277487240417168,220.0
177,-1.1850357644472007,-1.8319223788962282,-1.851541976199443,-2.5914536009294116,5.085496271105492,-4.389010627090783,221.25
178,-1.185035808285839,-1.8319223598712049,-1.8515419713053967,-2.5914536254504252,5.085496227478584,-4.4905340137644,222.5
179,-1.1850358478063958,-1.831922342720139,-1.8515419668934072,-2.5914536475561327,5.085496188148901,-4.582057400438024,223.75
180,-1.1850358830088705,-1.8319223274430292,-1.8515419629634766,-2.5914536672465345,5.085496153116446,-4.663580787111643,225.0
181,-1.185035909144973,-1.8319223103104219,-1.8515419543808307,-2.5914536933044685,5.0854961272002015,-4.735104173785265,226.25
182,-1.1850359310258118,-1.831922295101109,-1.851541946348179,-2.591453716830899,5.08549610551743,-4.796627560458893,227.5
183,-1.1850359493501434,-1.831922282363917,-1.8515419396211505,-2.5914537365333485,5.0854960873589725,-4.848150947132506,228.75
184,-1.1850359641179677,-1.8319222720988444,-1.8515419341997474,-2.591453752411817,5.085496072724828,-4.889674333806118,230.0
185,-1.1850359753292845,-1.83192226430589,-1.8515419300839708,-2.591453764466303,5.085496061614997,-4.921197720479733,231.25
186,-1.1850359829840935,-1.8319222589850541,-1.8515419272738205,-2.5914537726968074,5.08549605402948,-4.9427211071533455,232.5
187,-1.1851210985627143,-1.8321459412441141,-1.8512429294362938,-2.591529693398065,5.085411087201637,-4.95450576115046,233.75
188,-1.1865153576686316,-1.8358102535775993,-1.8463449015231934,-2.59277332099338,5.084019264236632,-4.958297453840167,235.0
189,-1.187594961094785,-1.8386476158191143,-1.8425522482349523,-2.5937362896514222,5.082941545526642,-4.9523968585622,236.25
190,-1.1875949646368422,-1.8386476406161032,-1.8425522204124511,-2.5937362987450254,5.082941538113643,-4.938470751780837,237.5
191,-1.1875949570817348,-1.838647647369607,-1.8425522205308487,-2.5937363022015774,5.082941538994355,-4.914544672847066,238.75
192,-1.1875949463689404,-1.8386476569457648,-1.8425522206987313,-2.5937363071028097,5.082941540243164,-4.880618593913292,240.0
193,-1.1875949324984587,-1.8386476693445766,-1.8425522209160985,-2.5937363134487224,5.082941541860069,-4.836692514979528,241.25
194,-1.1875949158304262,-1.8386476843188175,-1.8425522219103547,-2.59373631856951,5.0829415407107925,-4.78276644344513,242.5
195,-1.1875948963461185,-1.8386477018813416,-1.84255222364368,-2.593736322603983,5.082941536958289,-4.718840377120151,243.75
196,-1.1875948703964276,-1.8386477196830886,-1.8425522263464618,-2.593736318396215,5.082941545732214,-4.644914316808714,245.0
197,-1.1875948345245035,-1.8386477351870394,-1.842552230725063,-2.593736296970521,5.082941580297221,-4.560988267017837,246.25
198,-1.1875947943563774,-1.8386477525239768,-1.8425522356775432,-2.593736272765997,5.082941619166817,-4.467062225302543,247.5
199,-1.1875947488804366,-1.8386477699440258,-1.8425522390016307,-2.593736250141456,5.082941663599927,-4.363136190394452,248.75
200,-1.1875946953169965,-1.8386477826498209,-1.8425522346920518,-2.5937362409262175,5.082941717128929,-4.249210164556094,250.0
201,-1.1875946370505952,-1.8386477964723018,-1.8425522299998658,-2.5937362309185086,5.082941775368511,-4.125284147959645,251.25
202,-1.1875945737773868,-1.8386478022003905,-1.8425522157732157,-2.593736238480672,5.08294183870262,-3.991358136783874,252.5
203,-1.1875945057092632,-1.8386478062279454,-1.8425521983684492,-2.5937362508544926,5.082941906856387,-3.8474321267577865,253.75
204,-1.187594437256626,-1.8386478000208233,-1.8425521707938035,-2.593736283596209,5.082941975560582,-3.6935061220825958,255.0
205,-1.1875943656020254,-1.8386477904700322,-1.842552138931316,-2.593736323911525,5.082942047527789,-3.5295803530806085,256.25
206,-1.1875943055502585,-1.8386477676935629,-1.842552097722309,-2.5937363869357535,5.082942108081787,-3.3657501396722047,257.5
207,-1.1875942524702983,-1.8386477440103814,-1.8425520578105345,-2.5937364496711988,5.082942161663397,-3.211919926263782,258.75
208,-1.1875942142203013,-1.8386477139612512,-1.8425520163009108,-2.5937365205745246,5.082942200485931,-3.0680897128553486,260.0
209,-1.1875941816741677,-1.8386476846811504,-1.8425519773362056,-2.5937365882513306,5.082942233579565,-2.934259499446908,261.25
210,-1.1875941638694316,-1.8386476522510986,-1.8425519399038985,-2.5937366577573755,5.08294225195061,-2.8104292860384583,262.5
211,-1.1875941475025302,-1.8386476224399662,-1.8425519054944584,-2.5937367216504086,5.082942268838089,-2.6965990726299967,263.75
212,-1.1875941433866273,-1.8386475926816275,-1.842551874980996,-2.5937367817780115,5.082942273446784,-2.5927688592215272,265.0
213,-1.1875941424502163,-1.838647565128883,-1.8425518476310352,-2.5937368365901894,5.0829422748331465,-2.4989386458130554,266.25
214,-1.1875941416136038,-1.838647540512589,-1.8425518231959055,-2.5937368855607326,5.082942276071756,-2.4151084324045797,267.5
215,-1.1875941471637592,-1.8386475184607858,-1.8425518032830945,-2.593736927547094,5.082942270867872,-2.3412782189961057,268.75
216,-1.1875941551190643,-1.838647499209038,-1.8425517868745627,-2.593736963272864,5.082942263208036,-2.2774480055876243,270.0
217,-1.1875941618280463,-1.8386474829733785,-1.8425517730366816,-2.5937369934016337,5.0829422567482325,-2.2236177921791516,271.25
218,-1.187594167290706,-1.8386474697538078,-1.8425517617694522,-2.593737017933404,5.082942251488463,-2.1797875787706897,272.5
219,-1.1875941715070428,-1.8386474595503235,-1.8425517530728763,-2.5937370368681743,5.082942247428726,-2.1459573653622233,273.75
220,-1.1875941744770566,-1.8386474523629253,-1.842551746946954,-2.5937370502059443,5.08294224456902,-2.1221271519537526,275.0
221,-1.1875943555369937,-1.8386479253314236,-1.8425511019555334,-2.593737223509425,5.08294206390338,-2.1082969235291253,276.25
222,-1.1886716082343387,-1.84151404697089,-1.8386980680802265,-2.5947317426826975,5.081866795165537,-2.1024589696107836,277.5
223,-1.1900389707705772,-1.845152037002554,-1.8338073900586078,-2.5959940875145238,5.080501949361261,-2.106324115656972,278.75
224,-1.1901182709937572,-1.8453630283768456,-1.8335237539060911,-2.596067296244973,5.0804227906922055,-2.118155642936276,280.0
225,-1.1901182694047805,-1.84536303540643,-1.8335237574276324,-2.59606729294273,5.080422784087556,-2.139737432146085,281.25
226,-1.1901182670795456,-1.8453630456931984,-1.8335237625808922,-2.5960672881103815,5.080422774422619,-2.171319221355894,282.5
227,-1.1901182640180528,-1.8453630592371502,-1.8335237693658708,-2.5960672817479264,5.080422761697394,-2.2129010105657034,283.75
228,-1.190118260046645,-1.8453630762073288,-1.8335237772677702,-2.5960672757982675,5.080422747439936,-2.2644827989589347,285.0
229,-1.1901182549577658,-1.8453630968057775,-1.833523785671297,-2.5960672725835865,5.080422733476596,-2.3260645858467743,286.25
230,-1.19011824991853,-1.8453631203514234,-1.833523796885393,-2.596067263898073,5.080422719429501,-2.397646370599419,287.5
231,-1.1901182505929193,-1.845363144272885,-1.8335238202591846,-2.5960672177441846,5.080422719417738,-2.4792281409630474,288.75
232,-1.1901182513366646,-1.8453631711170169,-1.8335238465324184,-2.596067165785253,5.080422719517699,-2.570809906128282,290.0
233,-1.1901182521425855,-1.8453632008786733,-1.8335238757236363,-2.5960671079416078,5.080422719790439,-2.67239166426513,291.25
234,-1.1901182679195124,-1.8453632299571785,-1.8335239093693483,-2.596067045484711,5.080422703564638,-2.7839734107979055,292.5
235,-1.1901182852907548,-1.8453632615974187,-1.8335239460518933,-2.5960669774343472,5.080422685674499,-2.9055551502410193,293.75
236,-1.1901183135557105,-1.8453632917442615,-1.8335239846745797,-2.5960669091357405,5.080422656867368,-3.0371368834603034,295.0
237,-1.1901183509804674,-1.8453633211481526,-1.8335240254338268,-2.596066839612301,5.080422618876388,-3.1787186140914305,296.25
238,-1.1901183995972404,-1.8453633466931696,-1.8335240659105656,-2.5960667743880332,5.080422569733269,-3.330300340935307,297.5
239,-1.1901184584660804,-1.845363369031923,-1.8335241064524601,-2.596066712450018,5.080422510369328,-3.491882061230382,298.75
240,-1.1901185277759003,-1.8453633816827562,-1.8335241407303273,-2.5960666665933503,5.080422440699712,-3.6575295751247463,300.0
241,-1.1901185956824623,-1.8453633906812286,-1.8335241709665662,-2.596066628399562,5.080422372496151,-3.8137045359708117,301.25
242,-1.1901186643132353,-1.8453633868313541,-1.8335241887662,-2.5960666154661207,5.080422303776747,-3.9598794968168862,302.5
243,-1.1901187283246093,-1.8453633830616873,-1.8335242051913991,-2.596066603758006,5.080422239685633,-4.096054457662963,303.75
244,-1.1901187872944505,-1.8453633695504321,-1.8335242104281206,-2.596066612877647,5.080422180806385,-4.222229418509059,305.0
245,-1.190118841576183,-1.8453633566851853,-1.8335242148264996,-2.5960666221212554,5.080422126615041,-4.338404379355165,306.25
246,-1.1901188888517487,-1.8453633406770351,-1.8335242139224914,-2.59606663969665,5.080422079496698,-4.444579340201278,307.5
247,-1.1901189298763355,-1.845363322901354,-1.8335242093094035,-2.5960666626502444,5.0804220386720225,-4.540754301047391,308.75
248,-1.190118966635304,-1.8453633069739417,-1.8335242051759653,-2.596066683217191,5.080422002092179,-4.626929261893504,310.0
249,-1.19011899684938,-1.8453632911040008,-1.8335241990398548,-2.5960667056315643,5.0804219720707415,-4.703104222739629,311.25
250,-1.190119020098309,-1.8453632749613424,-1.8335241904433786,-2.5960667306740484,5.080421949034285,-4.769279183585751,312.5
251,-1.190119039833986,-1.8453632612580755,-1.8335241831459541,-2.5960667519322493,5.080421929478975,-4.825454144431873,313.75
252,-1.1901190560564125,-1.845363249994201,-1.8335241771475796,-2.5960667694061668,5.080421913404805,-4.871629105277978,315.0
253,-1.190119068765587,-1.8453632411697165,-1.833524172448259,-2.5960667830958,5.080421900811782,-4.9078040661240845,316.25
254,-1.1901190779615098,-1.8453632347846225,-1.8335241690479913,-2.596066793001149,5.080421891699902,-4.933979026970191,317.5
255,-1.1901190836441806,-1.8453632308389185,-1.8335241669467774,-2.5960667991222146,5.080421886069165,-4.950153987816299,318.75
256,-1.190821026608708,-1.8472538936874052,-1.8309681151215642,-2.5967371118246794,5.079721303623387,-4.9578148212825885,320.0
257,-1.1923133911960648,-1.8512735551017563,-1.8255338052699694,-2.5981622292305717,5.078231830950656,-4.956305134824099,321.25
258,-1.1926090872542054,-1.8520700188361485,-1.8244570439705594,-2.598444605258972,5.077936705314139,-4.946321599675016,322.5
259,-1.1926090812425538,-1.8520700242008286,-1.8244570440345136,-2.598444608118746,5.0779367061347065,-4.927119395337119,323.75
260,-1.192609072100193,-1.852070032359292,-1.8244570441317736,-2.598444612467814,5.077936707382607,-4.897917190999227,325.0
261,-1.192609059827123,-1.8520700433115391,-1.8244570442623393,-2.5984446183061776,5.077936709057838,-4.858714986661341,326.25
262,-1.1926090444899573,-1.8520700570125357,-1.824457044558832,-2.598444625150404,5.077936710574659,-4.809512784161449,327.5
263,-1.1926090265993956,-1.8520700731170272,-1.8244570460380118,-2.5984446292941987,5.077936707442422,-4.750310595768267,328.75
264,-1.1926090056868917,-1.8520700919417712,-1.8244570477670439,-2.5984446341379335,5.077936703781111,-4.681108407375079,330.0
265,-1.192608973236967,-1.8520701071170478,-1.82445705165192,-2.5984446168381083,5.077936732185375,-4.601906233772949,331.25
266,-1.1926089355657432,-1.8520701233677586,-1.8244570562921743,-2.5984445942913674,5.077936768506611,-4.512704064283951,332.5
267,-1.1926088936444945,-1.8520701414216885,-1.8244570615197482,-2.598444568928641,5.077936809129786,-4.413501904833886,333.75
268,-1.1926088440226665,-1.8520701553163197,-1.8244570597823502,-2.598444555629441,5.077936858382344,-4.304299754209419,335.0
269,-1.192608788654974,-1.8520701684171206,-1.8244570552939092,-2.5984445461743153,5.0779369137186094,-4.185097611193237,336.25
270,-1.1926087285163713,-1.8520701788435332,-1.8244570466456187,-2.5984445434950936,5.077936973866455,-4.055895475258488,337.5
271,-1.1926086634768374,-1.852070182657543,-1.824457029895163,-2.598444555471014,5.077937038989404,-3.916693343392094,338.75
272,-1.192608595466232,-1.852070182630887,-1.824457008406993,-2.5984445759697277,5.077937107152307,-3.7674912136973635,340.0
273,-1.1926085266610145,-1.852070173499164,-1.8244569776593624,-2.5984446147938445,5.07793717626011,-3.60828909080233,341.25
274,-1.1926084609605483,-1.8520701568657452,-1.8244569404683995,-2.598444667588882,5.077937242379587,-3.441923271548623,342.5
275,-1.1926084035440778,-1.8520701350699886,-1.824456900783248,-2.5984447281503202,5.077937300281572,-3.2833725374050524,343.75
276,-1.1926083606836708,-1.8520701070608943,-1.8244568595430903,-2.5984447966810427,5.077937343697281,-3.1348218032614668,345.0
277,-1.1926083242808083,-1.8520700784583375,-1.8244568197533702,-2.5984448644498594,5.077937380650868,-2.9962710691178667,346.25
278,-1.1926083015494633,-1.8520700471386462,-1.8244567815890784,-2.5984449335076523,5.077937403947248,-2.867720334974252,347.5
279,-1.1926082847079358,-1.8520700164709085,-1.824456745928443,-2.598444999499815,5.077937421330031,-2.7491696008306326,348.75
280,-1.1926082736516328,-1.852069987356912,-1.8244567136307976,-2.5984450606661307,5.077937432889223,-2.6406188666870154,350.0
281,-1.1926082726785245,-1.8520699587792775,-1.8244566850456718,-2.5984451177360186,5.077937434334035,-2.5420681325433834,351.25
282,-1.1926082718041582,-1.8520699331014367,-1.8244566593610902,-2.598445169014992,5.077937435632242,-2.4535173983997423,352.5
283,-1.1926082727667446,-1.8520699102214648,-1.824456637024703,-2.598445214183075,5.077937435043449,-2.3749666642561036,353.75
284,-1.192608281206255,-1.8520698898086603,-1.824456619488985,-2.5984452522020387,5.077937426920603,-2.3064159301124607,355.0
285,-1.192608288414632,-1.852069872373622,-1.8244566045113317,-2.5984452846748964,5.077937419982698,-2.2478651959688274,356.25
286,-1.1926082943918759,-1.8520698579163524,-1.824456592091739,-2.598445311601649,5.077937414229732,-2.199314461825203,357.5
287,-1.192608299137986,-1.8520698464368484,-1.8244565822302112,-2.598445332982295,5.077937409661704,-2.160763727681575,358.75
288,-1.1926083026529626,-1.8520698379351097,-1.824456574926748,-2.5984453488168344,5.0779374062786165,-2.1322129935379497,360.0
289,-1.1926083049368057,-1.8520698324111364,-1.82445657018135,-2.5984453591052685,5.077937404080467,-2.11366225939432,361.25
290,-1.1929749046395173,-1.853069479480142,-1.8230975715313937,-2.5988072651956027,5.077571551144225,-2.104177418449759,362.5
291,-1.194462680377561,-1.8571263822723894,-1.8175823244010425,-2.600275976807245,5.076086805543551,-2.1033003242905757,363.75
292,-1.1950647961417893,-1.8587682505971599,-1.8153502549592082,-2.6008703762908385,5.075485913203636,-2.11144172620851,365.0
293,-1.195064794903399,-1.8587682560116812,-1.8153502576520197,-2.600870373864468,5.075485908201557,-2.1282320954460374,366.25
294,-1.1950647929274485,-1.8587682646509802,-1.815350261948615,-2.6008703699930007,5.075485900220343,-2.155022464683569,367.5
295,-1.1950647902139382,-1.858768276515057,-1.8153502678489937,-2.600870364676437,5.075485889259995,-2.191812833921094,368.75
296,-1.195064786762868,-1.8587682916039123,-1.8153502753531559,-2.600870357914776,5.075485875320511,-2.238603203158616,370.0
297,-1.1950647821241276,-1.8587683103495611,-1.815350283144432,-2.6008703546463003,5.0754858624026165,-2.2953935678343695,371.25
298,-1.1950647765982176,-1.8587683324635842,-1.8153502921018512,-2.6008703515741374,5.075485847835368,-2.362183931847824,372.5
299,-1.195064774872959,-1.8587683557728327,-1.8153503100924957,-2.6008703218174754,5.075485842192133,-2.4389742850757683,373.75
300,-1.1950647755821997,-1.8587683809018565,-1.8153503348457143,-2.6008702731175997,5.075485842194784,-2.5257646325093854,375.0
301,-1.1950647763437878,-1.8587684089040233,-1.8153503625306984,-2.600870218466774,5.075485842450071,-2.622554968265574,376.25
302,-1.19506478460523,-1.8587684380021652,-1.8153503938706135,-2.6008701586935326,5.075485834498945,-2.729345297360493,377.5
303,-1.1950648010924807,-1.8587684680221241,-1.815350428938848,-2.600870093866976,5.075485817519182,-2.8461356183501696,378.75
304,-1.1950648206319667,-1.858768499903446,-1.8153504668242106,-2.6008700244078606,5.075485797438456,-2.9729259314350696,380.0
305,-1.1950648563575696,-1.8587685279720945,-1.815350506016966,-2.600869957756597,5.075485761166707,-3.1097162389639434,381.25
306,-1.1950648958449948,-1.858768557295137,-1.8153505476462517,-2.6008698874748255,5.075485721103769,-3.2565065459436386,382.5
307,-1.1950649522835797,-1.8587685787252124,-1.8153505867987834,-2.6008698277964246,5.075485664185261,-3.4132968458431456,383.75
308,-1.1950650154123852,-1.8587685975242358,-1.8153506254549128,-2.6008697713385445,5.075485600605108,-3.5792382377543364,385.0
309,-1.1950650845612156,-1.858768606713681,-1.815350656469701,-2.600869732195536,5.075485531150276,-3.7402013439464614,386.25
310,-1.1950651520297224,-1.8587686090077642,-1.815350680102414,-2.6008697072860167,5.075485463493421,-3.891164450138599,387.5
311,-1.1950652174962406,-1.858768605184257,-1.8153506970239297,-2.600869695158635,5.075485397944078,-4.032127556330746,388.75
312,-1.1950652781467705,-1.8587685965940428,-1.8153507076856725,-2.6008696939725904,5.075485337300208,-4.163090662522908,390.0
313,-1.1950653339865913,-1.858768583391971,-1.8153507122431511,-2.6008697034180255,5.075485281553959,-4.284053768715078,391.25
314,-1.195065384898565,-1.8587685707140789,-1.8153507157617181,-2.6008697133057757,5.075485230737889,-4.395016874907254,392.5
315,-1.1950654274476726,-1.858768552306846,-1.8153507109416083,-2.600869737120629,5.075485188397981,-4.495979981099443,393.75
316,-1.1950654657824595,-1.8587685357227808,-1.815350706598907,-2.6008697585767155,5.075485150251674,-4.5869430872916395,395.0
317,-1.1950654999029244,-1.858768520961881,-1.8153507027336167,-2.6008697776740344,5.075485116298968,-4.667906193483836,396.25
318,-1.1950655249025286,-1.8587685041691762,-1.815350693963091,-2.6008698035661872,5.075485091521027,-4.738869299676034,397.5
319,-1.1950655460625486,-1.8587684894940595,-1.8153506860810809,-2.6008698264004613,5.075485070556248,-4.799832405868225,398.75
320,-1.1950655637516143,-1.8587684772261577,-1.815350679491983,-2.600869845489148,5.075485053030398,-4.85079551206041,400.0
321,-1.195065577969725,-1.858768467365469,-1.8153506741957992,-2.600869860832245,5.0754850389434765,-4.8917586182525845,401.25
322,-1.1950655887168804,-1.8587684599119925,-1.8153506701925313,-2.6008698724297528,5.075485028295485,-4.922721724444759,402.5
323,-1.1950655959930807,-1.8587684548657277,-1.8153506674821787,-2.600869880281672,5.075485021086421,-4.943684830636949,403.75
324,-1.195183918408269,-1.8590950868037208,-1.8149041704075635,-2.6009905645263096,5.075366951654434,-4.955027409520492,405.0
325,-1.1965414349217642,-1.8628426965790783,-1.809781346755466,-2.602375175844682,5.074012337274852,-4.958336947417099,406.25
326,-1.197489332771251,-1.8654595079582976,-1.8062042800084868,-2.6033419957310544,5.073066464245701,-4.9520691264274515,407.5
327,-1.197489328318795,-1.8654595119250925,-1.8062042800347242,-2.6033419979244883,5.073066464940108,-4.93772473261102,408.75
328,-1.1974893207623691,-1.8654595186572847,-1.8062042800792528,-2.6033420016470448,5.07306646611861,-4.9133803387945845,410.0
329,-1.1974893101019737,-1.8654595281548743,-1.8062042801420723,-2.6033420068987234,5.073066467781208,-4.879035944978169,411.25
330,-1.197489296337609,-1.8654595404178613,-1.806204280223183,-2.6033420136795247,5.073066469927903,-4.834691551161747,412.5
331,-1.1974892798500192,-1.8654595551923996,-1.8062042810705132,-2.6033420192821346,5.073066469176336,-4.780347168064738,413.75
332,-1.1974892605708218,-1.865459572524082,-1.8062042825497326,-2.6033420241927945,5.07306646613399,-4.71600279125989,415.0
333,-1.1974892346232908,-1.8654595897510462,-1.8062042851512374,-2.603342019707993,5.073066476637076,-4.641658421203892,416.25
334,-1.1974891994358277,-1.8654596049136143,-1.8062042894999801,-2.6033419987135216,5.073066510502733,-4.557314061003658,417.5
335,-1.1974891600547137,-1.865459621858013,-1.806204294421371,-2.6033419749867472,5.073066548571758,-4.462969709555633,418.75
336,-1.1974891153024028,-1.8654596385499431,-1.8062042973136907,-2.603341953641552,5.07306659231672,-4.358625364959161,420.0
337,-1.1974890628268209,-1.865459650936471,-1.8062042930306785,-2.60334194473039,5.073066644756333,-4.244281028976188,421.25
338,-1.197489005760565,-1.8654596644076933,-1.8062042883687284,-2.6033419350562546,5.07306670179476,-4.119936702639277,422.5
339,-1.19748894379003,-1.8654596695032906,-1.8062042737787047,-2.603341943630664,5.073066763831177,-3.985592381692042,423.75
340,-1.197488877153581,-1.8654596733812645,-1.8062042564897145,-2.6033419560559725,5.073066830554135,-3.8412480616772227,425.0
341,-1.1974888103731864,-1.8654596667176346,-1.8062042286406332,-2.603341989549757,5.0730668975950595,-3.6869037472716566,426.25
342,-1.1974887407503887,-1.8654596567566555,-1.806204196600189,-2.603342030480129,5.073066967539245,-3.5225814857182893,427.5
343,-1.1974886822814914,-1.8654596345524987,-1.8062041558882118,-2.6033420924593353,5.073067026508015,-3.359176254674039,428.75
344,-1.197488631232663,-1.865459611044353,-1.8062041162312301,-2.6033421547952953,5.0730670780617455,-3.205771023629859,430.0
345,-1.197488594002791,-1.8654595817971311,-1.806204075236745,-2.603342224399572,5.073067115860869,-3.0623657925857106,431.25
346,-1.1974885629857857,-1.8654595530259936,-1.8062040366896444,-2.603342291174842,5.073067147425293,-2.9289605615416368,432.5
347,-1.1974885456623547,-1.865459521497259,-1.80620399973931,-2.6033423593088596,5.073067165311256,-2.8055553304976493,433.75
348,-1.1974885297427078,-1.8654594925234256,-1.806203965783197,-2.6033424219217136,5.0730671817478505,-2.692150099453715,435.0
349,-1.1974885263217567,-1.865459463484408,-1.8062039357302193,-2.6033424808838896,5.073067185658816,-2.5887448684098464,436.25
350,-1.1974885254090852,-1.8654594367394581,-1.8062039087619493,-2.603342534511111,5.0730671870177755,-2.4953396373660244,437.5
351,-1.1974885245941247,-1.8654594128578363,-1.8062038846809088,-2.6033425823969814,5.073067188231244,-2.41193440632225,438.75
352,-1.197488530389572,-1.8654593914605684,-1.8062038651767627,-2.6033426233274604,5.073067182778222,-2.3385291752784974,440.0
353,-1.1974885381014122,-1.8654593728207964,-1.8062038490316914,-2.603342658177566,5.073067175358707,-2.275123944234767,441.25
354,-1.1974885445969743,-1.8654593571208107,-1.806203835432949,-2.6033426875312626,5.073067169109367,-2.2217187131910596,442.5
355,-1.1974885498762582,-1.8654593443606107,-1.8062038243805363,-2.6033427113885512,5.073067164030201,-2.1783134821473666,443.75
356,-1.1974885539392641,-1.8654593345401949,-1.806203815874456,-2.6033427297494316,5.073067160121209,-2.144908251103673,445.0
357,-1.1974885567859916,-1.8654593276595626,-1.8062038099147073,-2.6033427426139033,5.07306715738239,-2.1215030200599645,446.25
358,-1.1974921201132043,-1.8654692783650948,-1.8061901249627346,-2.6033465013698063,5.07306360209909,-2.108085413125699,447.5
359,-1.1985641097839934,-1.8684653992277092,-1.8020722936015194,-2.60447558450648,5.07199401486923,-2.102537226060371,448.75
360,-1.1998236305319983,-1.8719856599996536,-1.7972340976477477,-2.6058021835131977,5.070737315276825,-2.1067392068321142,450.0
361,-1.199880078771803,-1.8721434346028893,-1.7970172615774513,-2.6058616373169188,5.070680989155553,-2.1188013203561398,451.25
362,-1.1998800771566531,-1.8721434415842246,-1.7970172650271279,-2.605861634330644,5.070680982814129,-2.1406688036998176,452.5
363,-1.1998800748028957,-1.8721434517581244,-1.7970172700543419,-2.605861629978745,5.070680973572773,-2.1725362870434815,453.75
364,-1.1998800717105298,-1.8721434651245885,-1.7970172766590928,-2.6058616242612227,5.070680961431483,-2.2144037703871415,455.0
365,-1.1998800676922972,-1.8721434818611298,-1.7970172843001841,-2.605861619194964,5.070680948071424,-2.2662712517784023,456.25
366,-1.199880062569692,-1.8721435021369637,-1.79701729246172,-2.605861616702571,5.070680935095172,-2.328138730003607,457.5
367,-1.1998800576991118,-1.872143525192683,-1.7970173037497765,-2.605861607671389,5.070680922516301,-2.4000062055942886,458.75
368,-1.1998800583607037,-1.8721435485964615,-1.7970173270002299,-2.6058615621033034,5.070680922531743,-2.4818736672159,460.0
369,-1.1998800590899,-1.8721435748484325,-1.797017353128315,-2.6058615108100227,5.070680922663704,-2.5737411231822214,461.25
370,-1.1998800601301765,-1.8721436038846484,-1.7970173821747923,-2.6058614537496667,5.070680922679176,-2.6756085721222385,462.5
371,-1.1998800757360566,-1.872143632281706,-1.7970174156152487,-2.6058613921606737,5.070680906604354,-2.787476009580991,463.75
372,-1.199880092738306,-1.8721436632163801,-1.7970174520474598,-2.605861325057295,5.070680889080647,-2.909343439726874,465.0
373,-1.1998801208448817,-1.872143692501282,-1.797017490347193,-2.6058612579406577,5.070680860432345,-3.0412108636773487,466.25
374,-1.1998801574577649,-1.872143721257201,-1.797017530813973,-2.6058611893435097,5.070680823253623,-3.183078285171492,467.5
375,-1.1998802054389965,-1.8721437459532186,-1.7970175708345884,-2.6058611254130826,5.070680774750378,-3.3349457026980422,468.75
376,-1.1998802630139627,-1.872143767818496,-1.7970176110752012,-2.605861064230295,5.070680716680443,-3.4968130362526377,470.0
377,-1.1998803293826852,-1.8721437796126374,-1.7970176440286167,-2.6058610205106767,5.070680649965179,-3.658624780321059,471.25
378,-1.1998803938256974,-1.8721437881933922,-1.7970176731498402,-2.6058609837990696,5.07068058523364,-3.810436524397496,472.5
379,-1.1998804587079561,-1.8721437848916478,-1.7970176905083775,-2.6058609707073233,5.070680520260324,-3.9522482684739186,473.75
380,-1.199880519196833,-1.8721437813833655,-1.79701770626066,-2.6058609593618685,5.07068045969374,-4.084060012550313,475.0
381,-1.1998805748084695,-1.872143769707011,-1.7970177122775952,-2.6058609658246845,5.07068040415181,-4.205871756626692,476.25
382,-1.199880625809869,-1.8721437576763131,-1.7970177164711578,-2.605860974395062,5.0706803532364235,-4.317683500703041,477.5
383,-1.1998806709719685,-1.8721437443966154,-1.797017717553712,-2.605860987234442,5.070680308194357,-4.419495244779376,478.75
384,-1.1998807092038017,-1.8721437278830992,-1.7970177131896017,-2.605861008641592,5.070680270152185,-4.511306988855701,480.0
385,-1.199880743271481,-1.8721437131682144,-1.797017709300819,-2.6058610277171077,5.07068023625351,-4.593118732932025,481.25
386,-1.199880773175006,-1.8721437002519574,-1.7970177058873684,-2.6058610444609887,5.070680206498332,-4.664930477008344,482.5
387,-1.1998807949609498,-1.8721436860292655,-1.7970176985797224,-2.605861066280143,5.070680184900846,-4.726742221084677,483.75
388,-1.1998808127302536,-1.8721436737210608,-1.7970176919104506,-2.605861085491286,5.070680167297075,-4.778553965161018,485.0
389,-1.1998808270699672,-1.8721436637884192,-1.797017686528391,-2.605861100994555,5.070680153090945,-4.820365709237378,486.25
390,-1.1998808379800918,-1.8721436562313418,-1.7970176824335415,-2.60586111278995,5.0706801422824554,-4.852177453313721,487.5
391,-1.199880845460626,-1.8721436510498264,-1.7970176796259054,-2.6058611208774707,5.070680134871607,-4.873989197390068,488.75
392,-1.19988084951157,-1.8721436482438734,-1.7970176781054823,-2.605861125257117,5.0706801308584,-4.885800941466412,490.0
393,-1.1994386231932632,-1.8709229354309798,-1.7987534583427682,-2.605343064742753,5.071120983852656,-4.888452298785953,491.25
394,-1.1992457400098144,-1.8703905132798115,-1.7995105340967472,-2.6051171056457196,5.0713132680258415,-4.882189058291337,492.5
395,-1.1991127871366576,-1.8700235326561754,-1.8000323663088433,-2.604961354164756,5.071445807981062,-4.86621020412723,493.75
396,-1.1988966287521474,-1.8694268856122394,-1.800880775262136,-2.604708129185779,5.071661295032399,-4.840231349963118,495.0
397,-1.1985972648562837,-1.868600572148003,-1.8020557609566246,-2.604357430708787,5.071959729179854,-4.804252495799,496.25
398,-1.1982115393963912,-1.8675441251999114,-1.8035533179545702,-2.6039137003330795,5.072344284642764,-4.758273555331312,497.5
399,-1.1977402832380692,-1.8662576682130037,-1.8053744997663521,-2.6033757692379655,5.0728141257746024,-4.702294573608523,498.75
400,-1.1971848425976759,-1.8647414005101242,-1.8075210147220628,-2.602741742951665,5.073367898610337,-4.636315591885742,500.0
401,-1.196541077193987,-1.8629946338038619,-1.8099877788003305,-2.6020173515676417,5.0740097646743525,-4.560336486031272,501.25
402,-1.195811540098681,-1.861017792910367,-1.812777926249686,-2.6011990620524412,5.074737157796778,-4.474357350617458,502.5
403,-1.1949920315335483,-1.8588101281733422,-1.815886410666075,-2.6002926282654744,5.075554300605934,-4.378378072918755,503.75
404,-1.1940847042781728,-1.856372009479792,-1.8193158504090274,-2.5992950836362905,5.0764590286531535,-4.272398729241064,505.0
405,-1.1930849138323378,-1.853702555673154,-1.823060780682488,-2.5982127272450195,5.077456010965532,-4.156419202090138,506.25
406,-1.1919928573052703,-1.8508017420084584,-1.8271215713485973,-2.5970452156967707,5.078545048962517,-4.030439514805887,507.5
407,-1.1908073907522625,-1.8476693046620483,-1.831496980556172,-2.595794042905314,5.079727292316703,-3.8944596559713447,508.75
408,-1.1895263642012968,-1.844304749785894,-1.8361846699612787,-2.5944620189655594,5.081004901778868,-3.7484795911709328,510.0
409,-1.1881475772906431,-1.8407075319722226,-1.8411823358372224,-2.593051970210349,5.08238008847175,-3.5924992902221655,511.25
410,-1.1867031310324159,-1.836965464242653,-1.846365597050292,-2.5916006821262503,5.083820847938457,-3.4303472046318904,512.5
411,-1.1853247006655503,-1.8334182450168492,-1.8512647985465804,-2.5902390330177223,5.08519583614324,-3.276741342571269,513.75
412,-1.1840256221655567,-1.8300994165288735,-1.8558341036009143,-2.5889794113966382,5.086491747595817,-3.13313525185554,515.0
413,-1.1828088080462777,-1.8270096180633355,-1.860076746879805,-2.587817973092419,5.087705654977398,-2.999528992288828,516.25
414,-1.1816765371328632,-1.824149383702539,-1.8639951831138504,-2.586751752761856,5.088835268109873,-2.875922604102876,517.5
415,-1.1806310240131521,-1.8215192710794361,-1.8675917105541788,-2.585777917535821,5.089878361637524,-2.762316121240616,518.75
416,-1.179670517588279,-1.819118770493497,-1.8708646678394918,-2.5848986198980186,5.090836694700522,-2.6587095091133968,520.0
417,-1.1787995589471545,-1.816949083529124,-1.8738186361661624,-2.584108124572455,5.091705704528456,-2.565102844403457,521.25
418,-1.1780180535315559,-1.8150101836523884,-1.8764535235281352,-2.5834065491025804,5.092485486121269,-2.481496116261849,522.5
419,-1.1773276627979177,-1.8133025147068143,-1.878770996593984,-2.582791800377465,5.093174370118572,-2.4078893515489703,523.75
420,-1.1767281665019038,-1.811826013389187,-1.8807708445747875,-2.5822641501570796,5.09377257778207,-2.3442825382502126,525.0
421,-1.1762229205330044,-1.810581641499376,-1.8824562847308495,-2.581819454921077,5.094276737711924,-2.2906757249514325,526.25
422,-1.1758101020404832,-1.8095688622617727,-1.8838256023792708,-2.581459946734432,5.094688681083639,-2.2470688846695808,527.5
423,-1.1754907150746425,-1.808787971154001,-1.8848797423558832,-2.5811843959661984,5.095007399260947,-2.2134620231929554,528.75
424,-1.1752663643459889,-1.808239440663514,-1.8856202142509506,-2.5809908376114565,5.095231280204636,-2.1898551617163364,530.0
425,-1.1751370498545224,-1.8079232707903121,-1.8860470180644728,-2.580879271670206,5.095360323914704,-2.1762483002397097,531.25
426,-1.1747306898908265,-1.8069316867005514,-1.8873844047330577,-2.5805305360866924,5.095765837741594,-2.1721543525659626,532.5
427,-1.1744319974401813,-1.8062032258414478,-1.8883666685423992,-2.580274576380988,5.09606390921435,-2.1770050351912897,533.75
428,-1.1744316615204613,-1.806203131097586,-1.8883663605458807,-2.580274975112054,5.096064246205388,-2.1913519539870023,535.0
429,-1.17443109146007,-1.8062029703159466,-1.8883658378715464,-2.5802756517641643,5.096064818083819,-2.215698872782723,536.25
430,-1.1744302872446215,-1.8062027435137171,-1.888365100470198,-2.5802766065214846,5.096065624977039,-2.250045787602002,537.5
431,-1.1744292487752006,-1.806202450808894,-1.8883641480038453,-2.580277840648934,5.096066667760084,-2.2943926763778655,538.75
432,-1.1744279761361571,-1.806202092100608,-1.8883629807611289,-2.5802793530659067,5.096067945685451,-2.3487395651537186,540.0
433,-1.174427060654824,-1.80620184168626,-1.888362148258067,-2.5802804263927226,5.0960688649549235,-2.4130864467851922,541.25
434,-1.1744270613769525,-1.8062018643480546,-1.888362170011649,-2.580280382412699,5.096068864186754,-2.4874333165934606,542.5
435,-1.174427062190966,-1.8062018900549173,-1.8883621947024485,-2.580280332467433,5.096068863358502,-2.571780183525606,543.75
436,-1.1744270630953249,-1.8062019188059537,-1.8883622223337708,-2.580280276542327,5.096068862482863,-2.6661270472596765,545.0
437,-1.1744270775489747,-1.806201947351231,-1.8883622540955813,-2.580280216542853,5.09606884760001,-2.770473900166529,546.25
438,-1.1744270944999977,-1.8062019783630272,-1.8883622890012828,-2.5802801509439126,5.096068830137975,-2.884820747325016,547.5
439,-1.1744271192496338,-1.8062020093306894,-1.8883623262704963,-2.5802800831486663,5.096068804855025,-3.0091675872117634,548.75
440,-1.1744271560947466,-1.806202038379294,-1.8883623654335522,-2.5802800155690675,5.096068767472489,-3.143514420025302,550.0
441,-1.174427200167159,-1.8062020664561003,-1.8883624058989368,-2.5802799477641534,5.0960687228626735,-3.2878612500984588,551.25
442,-1.1744272585145792,-1.8062020886360146,-1.8883624451323748,-2.580279887284311,5.096068664040994,-3.442208077166112,552.5
443,-1.174427325941613,-1.8062021057932556,-1.888362482365722,-2.5802798339481474,5.096068596199434,-3.6059282967232624,553.75
444,-1.1744273978324256,-1.8062021152804015,-1.8883625136413245,-2.5802797942843205,5.096068524005409,-3.765268715215936,555.0
445,-1.1744274688260041,-1.8062021153835737,-1.8883625356643035,-2.5802797732167786,5.09606845285839,-3.9146091337085513,556.25
446,-1.1744275367928,-1.8062021112806712,-1.8883625527295318,-2.580279761255867,5.096068384810896,-4.053949552201175,557.5
447,-1.1744275996429239,-1.8062021003844448,-1.8883625617169784,-2.580279764070286,5.096068321998051,-4.183289970693754,558.75
448,-1.1744276575058419,-1.8062020865355886,-1.8883625663401495,-2.5802797741187904,5.096068264229599,-4.302630389186309,560.0
449,-1.1744277094683366,-1.8062020719229346,-1.88836256841059,-2.5802797873936703,5.096068212386221,-4.411970807678847,561.25
450,-1.1744277534420169,-1.8062020527260438,-1.8883625636292185,-2.58027981197235,5.096068168620974,-4.511311226171368,562.5
451,-1.174427792989134,-1.8062020354615922,-1.8883625593291533,-2.580279834076843,5.096068129261306,-4.600651644663879,563.75
452,-1.1744278275361526,-1.8062020196774047,-1.8883625549007899,-2.580279854759082,5.096068094889108,-4.679992063156387,565.0
453,-1.174427852817351,-1.8062020020104037,-1.8883625458100917,-2.580279881842939,5.0960680698322065,-4.749332481648885,566.25
454,-1.1744278744525953,-1.8062019868912675,-1.8883625380304176,-2.58027990502087,5.096068048388913,-4.808672900141396,567.5
455,-1.1744278924418865,-1.8062019743199988,-1.8883625315617647,-2.5802799242928742,5.096068030559225,-4.858013318633933,568.75
456,-1.1744279067852235,-1.806201964296595,-1.8883625264041366,-2.5802799396589524,5.096068016343144,-4.897353737126481,570.0
457,-1.174427917482606,-1.806201956821055,-1.8883625225575336,-2.580279951119105,5.096068005740671,-4.926694155619018,571.25
458,-1.174427924534034,-1.8062019518933792,-1.8883625200219558,-2.58027995867333,5.0960679987518045,-4.946034574111554,572.5
459,-1.1747451551228427,-1.8069948908028883,-1.8873256965739258,-2.580526155732161,5.095751211708456,-4.9561173984342455,573.75
460,-1.176372324297692,-1.8110621666076205,-1.8820074703648257,-2.581788967894501,5.094126317296289,-4.9576600968063085,575.0
461,-1.1771336892553812,-1.8129652854474991,-1.8795190226903211,-2.582379850142291,5.093366014534158,-4.949987364394867,576.25
462,-1.1771336840289468,-1.8129652901440434,-1.8795190228134964,-2.582379852333597,5.093366014960878,-4.933729370490841,577.5
463,-1.1771336755878266,-1.8129652977293476,-1.8795190230124343,-2.5823798558727353,5.0933660156500675,-4.90747137658682,578.75
464,-1.1771336639320202,-1.8129653082034118,-1.8795190232871353,-2.5823798607597066,5.093366016601725,-4.871213382682786,580.0
465,-1.1771336490615283,-1.8129653215662358,-1.8795190236375992,-2.5823798669945113,5.093366017815851,-4.824955388778756,581.25
466,-1.1771336314983318,-1.812965337450752,-1.879519025144444,-2.582379870556096,5.093366014843369,-4.76869739888398,582.5
467,-1.1771336109379125,-1.8129653560711039,-1.879519027177249,-2.582379873790298,5.093366010279823,-4.7024394098521105,583.75
468,-1.1771335813324075,-1.8129653732915396,-1.8795190305188514,-2.5823798630696415,5.093366027879209,-4.626181430552711,585.0
469,-1.1771335435405312,-1.812965389720501,-1.8795190350244457,-2.5823798404813707,5.093366064339089,-4.539923457850944,586.25
470,-1.1771335013351176,-1.8129654080352762,-1.8795190401218842,-2.5823798149682218,5.093366105293455,-4.443665495852619,587.5
471,-1.1771334525854908,-1.8129654245190547,-1.8795190412116527,-2.582379795778344,5.093366153309216,-4.337407540506118,588.75
472,-1.1771333965601811,-1.8129654379020212,-1.879519036734611,-2.5823797860241116,5.093366209302748,-4.221149593348862,590.0
473,-1.1771333356960754,-1.812965451871381,-1.8795190313188836,-2.5823797765616883,5.09336627014644,-4.094891654196026,591.25
474,-1.1771332696464643,-1.8129654558337955,-1.8795190146785632,-2.582379788268831,5.093366336276928,-3.958633720805182,592.5
475,-1.1771331988766134,-1.8129654597781109,-1.879518996559779,-2.5823798014026473,5.093366407137542,-3.8123757877469093,593.75
476,-1.1771331288152462,-1.8129654505050827,-1.8795189659778135,-2.582379840186492,5.093366477496052,-3.656117861887641,595.0
477,-1.1771330574198091,-1.8129654373405124,-1.8795189312485228,-2.5823798869781838,5.093366549253141,-3.4904246977561533,596.25
478,-1.1771329967459372,-1.8129654142519014,-1.879518890314055,-2.582379950030658,5.093366610422914,-3.3289196989721743,597.5
479,-1.1771329467646687,-1.8129653877483154,-1.8795188494117177,-2.5823800166156996,5.093366660931207,-3.1774147001882325,598.75
480,-1.177132908197406,-1.8129653573258626,-1.8795188082812324,-2.582380087506799,5.093366700063047,-3.0359097014043175,600.0
481,-1.1771328792001254,-1.8129653260677827,-1.8795187693106619,-2.5823801572139415,5.093366729617596,-2.9044047026204347,601.25
482,-1.177132861297266,-1.8129652933091134,-1.8795187323336933,-2.58238022658924,5.0933667480776705,-2.782899703836568,602.5
483,-1.1771328451523893,-1.8129652631785251,-1.8795186984227785,-2.5823802903041098,5.093366764734368,-2.671394705052727,603.75
484,-1.1771328441172666,-1.8129652324853414,-1.8795186686483059,-2.5823803506688523,5.093366766257781,-2.5698897062689015,605.0
485,-1.1771328431841215,-1.812965204815971,-1.879518641807131,-2.582380405086622,5.093366767631112,-2.478384707485096,606.25
486,-1.177132842352954,-1.8129651801704134,-1.8795186178992553,-2.5823804535574193,5.09336676885436,-2.39687970870129,607.5
487,-1.1771328502462413,-1.8129651580314416,-1.8795185990969143,-2.582380494553343,5.093366761294728,-2.325374709917482,608.75
488,-1.177132858104934,-1.8129651389244716,-1.8795185831934684,-2.5823805296264943,5.093366753721749,-2.263869711133674,610.0
489,-1.1771328646858943,-1.8129651229240757,-1.8795185698757368,-2.5823805589971576,5.093366747380048,-2.212364712349849,611.25
490,-1.1771328699891224,-1.8129651100302524,-1.8795185591437205,-2.5823805826653334,5.093366742269625,-2.170859713566003,612.5
491,-1.1771328740146183,-1.812965100243,-1.8795185509974206,-2.5823806006310206,5.093366738390483,-2.139354714782166,613.75
492,-1.1771328767623814,-1.8129650935623192,-1.8795185454368375,-2.5823806128942204,5.093366735742618,-2.117849715998332,615.0
493,-1.1772242244260334,-1.81319622503068,-1.8792144979985015,-2.5824541901201203,5.0932755237207195,-2.1060799905720637,616.25
494,-1.1786834080789883,-1.816888425997901,-1.8743576265687014,-2.5836294234651676,5.0918185059512435,-2.1023635328216472,617.5
495,-1.1798007708889156,-1.8197157159076616,-1.8706384998715802,-2.5845293506832143,5.0907027993158644,-2.108335436393183,618.75
496,-1.1798007698560822,-1.8197157205938046,-1.8706385022292245,-2.584529348287751,5.090702794804649,-2.122388308641424,620.0
497,-1.1798007680882865,-1.8197157286145993,-1.8706385062645645,-2.5845293441876804,5.09070278708326,-2.146441180889669,621.25
498,-1.1798007655855287,-1.8197157399700452,-1.8706385119776003,-2.5845293383830024,5.090702776151698,-2.1804940531379104,622.5
499,-1.1798007623478086,-1.819715754660143,-1.8706385193683315,-2.5845293308737167,5.090702762009961,-2.2245469253861625,623.75
500,-1.1798007580713374,-1.8197157729871993,-1.8706385275150565,-2.584529325183016,5.090702747277275,-2.278599790806998,625.0
501,-1.179800752782927,-1.8197157949245346,-1.8706385364991225,-2.5845293209999536,5.090702731722475,-2.3426526517123687,626.25
502,-1.179800749291413,-1.8197158191194327,-1.8706385511455257,-2.5845293014679678,5.090702720721017,-2.4167055064909477,627.5
503,-1.1798007500027523,-1.819715844500976,-1.8706385753622257,-2.584529253104804,5.090702720678108,-2.5007583510771725,628.75
504,-1.1798007507758161,-1.8197158728875373,-1.8706386025138046,-2.5845291987529393,5.090702720820832,-2.594811187612322,630.0
505,-1.1798007551271752,-1.8197159034273502,-1.870638632952218,-2.584529138751294,5.090702717195233,-2.6988640174324354,631.25
506,-1.1798007718223396,-1.8197159339876754,-1.8706386675813422,-2.5845290738343563,5.090702700023819,-2.8129168383355947,632.5
507,-1.1798007899831209,-1.8197159672262946,-1.8706387052502103,-2.5845290032126096,5.090702681331354,-2.9369696499504334,633.75
508,-1.179800823540044,-1.819715997079812,-1.8706387444110308,-2.5845289347676914,5.090702647231069,-3.071022456270712,635.0
509,-1.179800862559729,-1.819716027872167,-1.8706387861648706,-2.5845288628893686,5.0907026076339195,-3.215075261440162,636.25
510,-1.1798009170405515,-1.819716051898984,-1.8706388261997882,-2.5845287997082576,5.090702552652474,-3.36912806112021,637.5
511,-1.1798009784976313,-1.819716074988709,-1.8706388674962728,-2.5845287363043945,5.090702490695334,-3.533177923817871,638.75
512,-1.1798010514461155,-1.8197160846699754,-1.8706388994465986,-2.5845286957884936,5.0907024174354945,-3.6968883332720264,640.0
513,-1.1798011211928667,-1.8197160907107104,-1.870638926898326,-2.584528663353653,5.090702347442237,-3.8505987427261523,641.25
514,-1.1798011904231989,-1.8197160865825013,-1.8706389443983342,-2.5845286510029943,5.090702278128377,-3.9943091521802416,642.5
515,-1.179801254759602,-1.819716080472755,-1.8706389584722563,-2.58452864398134,5.090702213750537,-4.1280195616343,643.75
516,-1.1798013139980625,-1.8197160663374665,-1.8706389632371396,-2.5845286541955015,5.090702154609379,-4.251729971088345,645.0
517,-1.1798013684480475,-1.819716053344795,-1.8706389676168504,-2.584528663584014,5.090702100248832,-4.365440380542369,646.25
518,-1.179801414689397,-1.819716035235628,-1.870638964523681,-2.5845286854249614,5.090702054196059,-4.469150789996359,647.5
519,-1.1798014556565035,-1.8197160173800917,-1.8706389600386757,-2.5845287083261463,5.090702013424862,-4.562861199450362,648.75
520,-1.1798014922519402,-1.8197160014299534,-1.870638956032269,-2.5845287287835075,5.0907019770044295,-4.646571608904334,650.0
521,-1.179801520806845,-1.8197159844899071,-1.8706389485785562,-2.584528753555328,5.090701948657618,-4.720282018358312,651.25
522,-1.179801543747019,-1.8197159684742883,-1.8706389402732952,-2.5845287781731225,5.090701925922927,-4.7839924278123,652.5
523,-1.1798015630864986,-1.8197159549724855,-1.8706389332716282,-2.584528798926903,5.090701906756676,-4.837702837266299,653.75
524,-1.1798015788252836,-1.8197159439844994,-1.8706389275735553,-2.584528815816669,5.090701891158869,-4.881413246720324,655.0
525,-1.179801590963374,-1.8197159355103276,-1.8706389231790785,-2.5845288288424206,5.090701879129503,-4.915123656174332,656.25
526,-1.179801599500769,-1.8197159295499703,-1.870638920088198,-2.5845288380041573,5.090701870668579,-4.938834065628345,657.5
527,-1.1798026903521208,-1.8197187076243326,-1.8706352376301965,-2.5845297502582207,5.09070078156905,-4.952547141542581,658.75
528,-1.1809580884143656,-1.822678203741485,-1.866719058396873,-2.585494739417193,5.089547200380487,-4.95826230955691,660.0
529,-1.18236414100892,-1.8262797518899487,-1.8619532829359242,-2.5866690764635343,5.088143357631071,-4.954233561151141,661.25
530,-1.1824325068451955,-1.8264548813070614,-1.861721546166902,-2.5867261805086694,5.088075095868914,-4.942217361774072,662.5
531,-1.1824324998938112,-1.8264548875422308,-1.861721546290732,-2.5867261835712645,5.088075096582548,-4.9204074608975485,663.75
532,-1.1824324897551661,-1.8264548966362715,-1.8617215464713386,-2.5867261880380816,5.088075097623388,-4.8885975600210205,665.0
533,-1.18243247642926,-1.826454908589183,-1.8617215467087225,-2.586726193909121,5.088075098991436,-4.846787659144487,666.25
534,-1.182432460143753,-1.8264549232438325,-1.8617215474662472,-2.5867261994716233,5.088075098725896,-4.794977760811788,667.5
535,-1.1824324411283156,-1.8264549404416988,-1.8617215492113703,-2.5867262029976965,5.088075094848651,-4.733167866731474,668.75
536,-1.1824324176154,-1.8264549593946107,-1.861721551507538,-2.586726203509489,5.088075095797094,-4.661357975146116,670.0
537,-1.182432382215671,-1.826454974760478,-1.8617215557520108,-2.586726182366472,5.088075129926413,-4.579548097518151,671.25
538,-1.1824323424736565,-1.8264549919951816,-1.8617215605498507,-2.5867261584881116,5.088075168354999,-4.487738225319282,672.5
539,-1.1824322983319289,-1.8264550110063227,-1.8617215658068762,-2.58672613202621,5.088075211201702,-4.385928359977141,673.75
540,-1.1824322451148526,-1.8264550236810284,-1.8617215615264566,-2.586726122821104,5.088075264385552,-4.274118506180105,675.0
541,-1.1824321871371137,-1.8264550374904363,-1.8617215568598242,-2.5867261128056263,5.088075322335252,-4.15230865956312,676.25
542,-1.182432124172788,-1.8264550455485777,-1.8617215450739621,-2.5867261156000847,5.088075385337264,-4.020498819060833,677.5
543,-1.1824320562788357,-1.8264550495745955,-1.861721527851818,-2.586726127797343,5.088075453315373,-3.878688981019333,678.75
544,-1.1824319867953292,-1.8264550461105609,-1.86172150289883,-2.5867261551690652,5.0880755230052515,-3.7268791469462723,680.0
545,-1.1824319151377642,-1.8264550365772143,-1.8617214714059558,-2.5867261950990006,5.0880755949703556,-3.5650693194123253,681.25
546,-1.182431851225127,-1.826455016032304,-1.8617214316814543,-2.586726254356735,5.088075659350061,-3.3995481444225777,682.5
547,-1.182431793473081,-1.8264549938936594,-1.8617213923325835,-2.586726314920036,5.088075717581368,-3.2435985213382126,683.75
548,-1.1824317541828553,-1.8264549628762383,-1.8617213501451906,-2.5867263874512494,5.088075757452948,-3.0976488982538832,685.0
549,-1.182431717584671,-1.8264549339840395,-1.861721310848335,-2.586726455012856,5.088075794592656,-2.961699275169583,686.25
550,-1.1824316989349666,-1.8264549005728834,-1.8617212727659975,-2.5867265261340986,5.088075813817335,-2.835749652085324,687.5
551,-1.1824316820595644,-1.8264548696866227,-1.861721237675019,-2.5867265917726643,5.088075831223471,-2.7198000290010724,688.75
552,-1.1824316747221362,-1.8264548395382807,-1.861721206262807,-2.5867266531389808,5.088075839059178,-2.613850405916838,690.0
553,-1.1824316737543206,-1.826454810882788,-1.861721178273634,-2.586726709688676,5.088075840487596,-2.517900782832621,691.25
554,-1.1824316728873718,-1.8264547852138144,-1.8617211532015259,-2.5867267603446855,5.088075841767141,-2.431951159748404,692.5
555,-1.1824316764709346,-1.8264547622734546,-1.8617211321497815,-2.5867268043258127,5.088075838542881,-2.3560015366642135,693.75
556,-1.1824316847927592,-1.8264547420446469,-1.861721115191389,-2.586726841580378,5.088075830526714,-2.290051913580008,695.0
557,-1.1824316918527382,-1.8264547248831522,-1.861721100804412,-2.586726873186,5.088075823726046,-2.2341022904957866,696.25
558,-1.1824316976508717,-1.8264547107889721,-1.861721088988849,-2.5867268991426795,5.088075818140876,-2.1881526674115364,697.5
559,-1.1824317021871593,-1.826454699762103,-1.8617210797447021,-2.586726919450416,5.088075813771205,-2.1522030443272957,698.75
560,-1.1824317054616014,-1.8264546918025455,-1.8617210730719722,-2.5867269341092096,5.088075810617032,-2.126253421243058,700.0
561,-1.1824317074741977,-1.8264546869102993,-1.8617210689706591,-2.5867269431190603,5.088075808678358,-2.110303798158823,701.25
562,-1.183201420365405,-1.8284505493311776,-1.8590645371941141,-2.5873931080122157,5.087307375578317,-2.1028475189824127,702.5
563,-1.1847498436877422,-1.8324656151435996,-1.8537204173866406,-2.5887332180886267,5.085761525848112,-2.104639375814246,703.75
564,-1.1850262750661522,-1.833182407626262,-1.8527663605898552,-2.5889724594713663,5.085485550125321,-2.1148769407740264,705.0
565,-1.1850262736270785,-1.8331824140752053,-1.8527663638045895,-2.5889724563340573,5.085485544021578,-2.1344087579744833,706.25
566,-1.1850262714512205,-1.8331824238259122,-1.85276636866522,-2.588972451590494,5.08548553479281,-2.1639405751749363,707.5
567,-1.1850262685385782,-1.833182436878382,-1.8527663751717465,-2.5889724452406746,5.085485522439017,-2.203472392375407,708.75
568,-1.185026264817969,-1.833182453302186,-1.8527663831117198,-2.5889724380918,5.085485507580198,-2.2530042091321834,710.0
569,-1.1850262598924415,-1.8331824734852873,-1.8527663913004138,-2.5889724346452327,5.085485493673784,-2.312536023392026,711.25
570,-1.1850262541395367,-1.8331824970586938,-1.8527664008646232,-2.58897243061972,5.0854854774314076,-2.382067837651837,712.5
571,-1.1850262542688306,-1.8331825210167332,-1.852766422783878,-2.588972388257321,5.0854854760363235,-2.461599636723916,713.75
572,-1.185026255010265,-1.8331825477123203,-1.8527664484630673,-2.588972337100606,5.085485476068811,-2.5511314318799165,715.0
573,-1.1850262558080837,-1.8331825773716433,-1.852766477075757,-2.5889722799469466,5.08548547632731,-2.6506632175853717,716.25
574,-1.185026268521014,-1.833182607128101,-1.8527665098211186,-2.588972217905363,5.085485463495127,-2.7601949940950665,717.5
575,-1.185026285806482,-1.8331826387698107,-1.8527665459204028,-2.588972150439148,5.085485445702913,-2.8797267631020596,718.75
576,-1.1850263106999424,-1.8331826703805847,-1.852766584353473,-2.5889720808038184,5.085485420268045,-3.0092585252099466,720.0
577,-1.185026348033327,-1.8331826998607363,-1.852766624578999,-2.5889720117363657,5.08548538237636,-3.1487902834848467,721.25
578,-1.185026393465511,-1.8331827276714447,-1.8527666657099133,-2.5889719435500957,5.085485336395865,-3.298322039302226,722.5
579,-1.1850264522987382,-1.8331827501146916,-1.8527667058130506,-2.5889718819450915,5.085485277073671,-3.457853788316153,723.75
580,-1.185026520337675,-1.8331827658205104,-1.852766742252516,-2.5889718308597907,5.085485208634155,-3.6241912179114273,725.0
581,-1.1850265899798103,-1.8331827751062948,-1.8527667729661919,-2.5889717919262725,5.085485138691233,-3.7824193072940027,726.25
582,-1.1850266593146035,-1.8331827738548987,-1.8527667933660705,-2.588971773809737,5.085485069225804,-3.930647396676534,727.5
583,-1.185026725087793,-1.8331827699756325,-1.8527668101074295,-2.588971761919068,5.085485003371991,-4.068875486059028,728.75
584,-1.185026785829769,-1.833182758304681,-1.8527668177247736,-2.588971766847222,5.085484942685657,-4.197103575441505,730.0
585,-1.1850268417486896,-1.8331827449991798,-1.8527668222536087,-2.588971776421845,5.085484886859156,-4.315331664823965,731.25
586,-1.185026891438602,-1.8331827300750314,-1.8527668232710914,-2.5889717910289267,5.0854848373012445,-4.42355975420641,732.5
587,-1.1850269338536055,-1.8331827116179489,-1.8527668185948976,-2.588971814744118,5.0854847950908875,-4.521787843588847,733.75
588,-1.1850269719505993,-1.833182695039874,-1.8527668143947518,-2.5889718360450122,5.0854847571777055,-4.610015932971269,735.0
589,-1.1850270045493727,-1.8331826794088466,-1.8527668093990377,-2.58897185711496,5.085484724759466,-4.688244022353689,736.25
590,-1.1850270288143725,-1.8331826624857648,-1.8527668005525717,-2.588971883199654,5.085484700713904,-4.7564721117360955,737.5
591,-1.185027049522919,-1.8331826480430515,-1.852766793002707,-2.588971905461188,5.085484680192632,-4.814700201118513,738.75
592,-1.185027066675013,-1.8331826360807093,-1.8527667867494404,-2.588971923899562,5.08548466319565,-4.86292829050095,740.0
593,-1.185027080270654,-1.8331826265987357,-1.8527667817927767,-2.588971938514776,5.085484649722959,-4.901156379883391,741.25
594,-1.1850270903098419,-1.83318261959713,-1.8527667781327155,-2.5889719493068286,5.08548463977456,-4.929384469265837,742.5
595,-1.1850270967925765,-1.833182615075893,-1.8527667757692567,-2.5889719562757207,5.08548463335045,-4.947612558648272,743.75
596,-1.1854585539402203,-1.8343151717040627,-1.8512505961341332,-2.589358638888672,5.085053933361355,-4.956843792663247,745.0
597,-1.187018246675784,-1.8384093374364512,-1.8457696572933675,-2.5907564726711314,5.083496977346846,-4.95735167208443,746.25
598,-1.1875861655780275,-1.8399001241071713,-1.8437739156938202,-2.5912654585481567,5.082930052709711,-4.948906963891378,747.5
599,-1.1875861601372963,-1.8399001289786232,-1.8437739157616113,-2.5912654610516888,5.082930053379673,-4.931689687208573,748.75
600,-1.1875861515365227,-1.839900136679472,-1.843773915868776,-2.591265465009301,5.082930054438756,-4.904472410525777,750.0
601,-1.1875861397757073,-1.8399001472097187,-1.8437739160153148,-2.5912654704209945,5.082930055886961,-4.867255133842978,751.25
602,-1.18758612485485,-1.8399001605693626,-1.8437739162012277,-2.591265477286769,5.082930057724288,-4.820037857160175,752.5
603,-1.1875861073538487,-1.8399001763648564,-1.8437739175884582,-2.5912654813406295,5.082930054904132,-4.76282059275971,753.75
604,-1.187586086851808,-1.8399001948818408,-1.8437739193336586,-2.5912654856788713,5.082930051089362,-4.69560332948484,755.0
605,-1.1875860566426044,-1.8399002112460936,-1.8437739227300276,-2.591265473277658,5.082930072191171,-4.618386077667936,756.25
606,-1.187586019364885,-1.8399002274028071,-1.8437739272260039,-2.5912654510278115,5.082930108108446,-4.531168830930532,757.5
607,-1.187585977779682,-1.8399002453901554,-1.8437739323172293,-2.591265425881235,5.082930148426359,-4.433951596303889,758.75
608,-1.1875859293543511,-1.8399002607942112,-1.843773932466147,-2.591265408897182,5.082930196225053,-4.32673436830941,760.0
609,-1.1875858742441,-1.839900273884187,-1.8437739280016565,-2.5912653994333517,5.08293025130285,-4.209517148323011,761.25
610,-1.1875858143779376,-1.8399002864744205,-1.8437739215592681,-2.591265392387715,5.08293031115745,-4.0822999360709264,762.5
611,-1.1875857494837714,-1.8399002902830572,-1.8437739049825772,-2.591265404199458,5.082930376133623,-3.945082729082034,763.75
612,-1.1875856805027534,-1.8399002928083794,-1.8437738858794426,-2.5912654197565206,5.08293044522572,-3.7978655229530536,765.0
613,-1.1875856117273034,-1.8399002836199765,-1.843773855440998,-2.591265458330265,5.082930514299857,-3.6406483238712517,766.25
614,-1.187585543023982,-1.8399002693644213,-1.843773820093344,-2.5912655068673685,5.0829305833836695,-3.474546135845614,767.5
615,-1.1875854841798281,-1.8399002469038521,-1.8437737798413856,-2.5912655686383403,5.0829306427195435,-3.3140072840839023,768.75
616,-1.1875854371810837,-1.839900220140531,-1.8437737391038889,-2.591265635362687,5.082930690253707,-3.1634684323222015,770.0
617,-1.1875853998071952,-1.8399001906222838,-1.843773698693294,-2.591265704651247,5.082930728186534,-3.0229295805605476,771.25
618,-1.18758537325035,-1.8399001596573759,-1.8437736602555275,-2.5912657735712674,5.082930755302083,-2.8923907287989117,772.5
619,-1.1875853559193117,-1.839900127937687,-1.8437736239666456,-2.5912658412329543,5.082930773183881,-2.771851877037298,773.75
620,-1.1875853416665303,-1.8399000984596845,-1.843773590821643,-2.5912659035612844,5.0829307879444485,-2.661313025275723,775.0
621,-1.1875853406633161,-1.839900068806442,-1.8437735616472062,-2.591265962291791,5.08293078942934,-2.5607741735141434,776.25
622,-1.1875853397598861,-1.8399000421026352,-1.843773535374572,-2.5912660151807234,5.082930790766539,-2.470235321752575,777.5
623,-1.1875853389562396,-1.8399000183482608,-1.8437735120037433,-2.591266062228083,5.082930791956044,-2.389696469991022,778.75
624,-1.1875853475156557,-1.8398999969997119,-1.8437734939008603,-2.5912661017482517,5.082930783723131,-2.3191576182294513,780.0
625,-1.187585355060694,-1.8398999786659769,-1.8437734784151931,-2.5912661356295885,5.082930776458064,-2.258618766467895,781.25
626,-1.187585361359419,-1.8398999633606685,-1.843773465487495,-2.5912661639142986,5.082930770393063,-2.2080799147063024,782.5
627,-1.1875853664118308,-1.839899951083785,-1.8437734551177685,-2.5912661866023816,5.082930765528129,-2.1675410629447023,783.75
628,-1.187585370217929,-1.8398999418353255,-1.8437734473060141,-2.591266203693838,5.082930761863263,-2.137002211183119,785.0
629,-1.1875853727777137,-1.83989993561529,-1.8437734420522325,-2.591266215188667,5.082930759398463,-2.116463359421524,786.25
630,-1.187746477451393,-1.8403280464777942,-1.8431970418585188,-2.5914156392826975,5.08276995267007,-2.1054517483124626,787.5
631,-1.189194141028085,-1.8441750504307124,-1.83801757382934,-2.5927583002395647,5.081324965878502,-2.1026217799175737,788.75
632,-1.1901095540950979,-1.8466076628458519,-1.8347423969929129,-2.5936073147296654,5.0804112429832395,-2.109270172340309,790.0
633,-1.1901095529972436,-1.8466076677065506,-1.8347423993960477,-2.593607312476792,5.080411238460348,-2.1241393463263285,791.25
634,-1.190109551161047,-1.8466076758362262,-1.8347424034153679,-2.5936073087087883,5.080411230895667,-2.1490085203123446,792.5
635,-1.1901095485865083,-1.846607687234879,-1.834742409050874,-2.593607303425655,5.080411220289196,-2.1838776942983644,793.75
636,-1.1901095452736268,-1.8466077019025087,-1.8347424163025656,-2.59360729662739,5.0804112066409335,-2.2287468682843956,795.0
637,-1.1901095408751994,-1.8466077201731028,-1.8347424241493977,-2.5936072921697138,5.080411193005782,-2.283616039968486,796.25
638,-1.190109535499337,-1.8466077419426652,-1.8347424329092998,-2.5936072888520427,5.080411178432513,-2.3484852105717606,797.5
639,-1.1901095325166553,-1.8466077656152253,-1.834742448329305,-2.593607266827942,5.0804111695514855,-2.423354373605786,798.75
640,-1.190109533217744,-1.84660779060879,-1.8347424725363093,-2.593607218809091,5.0804111695427245,-2.5082235276814555,800.0
641,-1.1901095339775183,-1.8466078185301253,-1.8347424996578057,-2.59360716486475,5.080411169736325,-2.6030926725347983,801.25
642,-1.1901095394455816,-1.8466078482628276,-1.834742530153385,-2.593607105480312,5.080411164874756,-2.707961810633607,802.5
643,-1.1901095558562071,-1.8466078783002113,-1.834742564666923,-2.593607041193183,5.080411147982934,-2.8228309402331346,803.75
644,-1.1901095736972038,-1.8466079109514097,-1.8347426021883175,-2.5936069712976044,5.080411129605411,-2.9477000607550026,805.0
645,-1.190109607950065,-1.8466079397163742,-1.8347426410290697,-2.5936069042743726,5.080411094810338,-3.0825691756506814,806.25
646,-1.1901096462429759,-1.846607969963233,-1.8347426825807516,-2.5936068331304694,5.080411055938457,-3.2274382899705385,807.5
647,-1.190109700928986,-1.8466079927189678,-1.8347427219512022,-2.593606771884608,5.0804110007620675,-3.3823073983064633,808.75
648,-1.1901097621340284,-1.8466080142930132,-1.834742762210232,-2.5936067110262337,5.080410939071962,-3.547078324092214,810.0
649,-1.1901098329579196,-1.8466080237716165,-1.834742793667213,-2.5936066711757504,5.0804108679385545,-3.70996574644348,811.25
650,-1.1901099010856233,-1.8466080286554527,-1.8347428197902822,-2.5936066412009833,5.0804107995819425,-3.8628531687948167,812.5
651,-1.19010996825111,-1.8466080247321224,-1.834742837007559,-2.5936066289005444,5.080410732332828,-4.00574059114634,813.75
652,-1.1901100306113905,-1.8466080179943853,-1.834742849969281,-2.593606623590469,5.080410669945216,-4.138628013497959,815.0
653,-1.190110088028486,-1.846608004368419,-1.8347428546522677,-2.5936066333544843,5.080410612623614,-4.261515435849729,816.25
654,-1.1901101407732508,-1.8466079918512746,-1.8347428589541683,-2.5936066423239508,5.080410559966572,-4.374402858201635,817.5
655,-1.190110185181001,-1.8466079737365582,-1.8347428551746012,-2.593606664832389,5.080410515755838,-4.477290280553619,818.75
656,-1.1901102248026127,-1.8466079565223952,-1.8347428507748182,-2.5936066869914027,5.080410476327106,-4.570177702905715,820.0
657,-1.1901102601586735,-1.8466079411614627,-1.8347428468487001,-2.59360670676484,5.08041044114316,-4.653065125257882,821.25
658,-1.1901102872502796,-1.846607924495075,-1.8347428390570677,-2.593606731582078,5.080410414263028,-4.725952547610101,822.5
659,-1.1901103093438845,-1.8466079091033643,-1.8347428309443283,-2.5936067553745223,5.080410392371145,-4.788839969962384,823.75
660,-1.1901103279242906,-1.8466078961591565,-1.8347428241216288,-2.5936067753836274,5.080410373960383,-4.84172739231469,825.0
661,-1.1901103429914974,-1.8466078856624524,-1.8347428185889698,-2.5936067916093943,5.080410359030745,-4.884614814667016,826.25
662,-1.190110354545505,-1.8466078776132497,-1.834742814346353,-2.593606804051822,5.080410347582229,-4.917502237019347,827.5
663,-1.190110362586313,-1.846607872011549,-1.8347428113937785,-2.59360681271091,5.080410339614836,-4.9403896593716405,828.75
664,-1.190126075205748,-1.8466501274926,-1.834685593544224,-2.5936218850426678,5.080394657596758,-4.953330320540601,830.0
665,-1.191325590592232,-1.8498771180623967,-1.8303164009603459,-2.594772479664658,5.079197475864327,-4.958412339042984,831.25
666,-1.1925715458356865,-1.8532290548171833,-1.8257780413821147,-2.5959676220661714,5.077953943341776,-4.953692179855677,832.5
667,-1.1926004521349984,-1.8533068341274248,-1.8256727367321546,-2.5959953551197366,5.077925089908628,-4.941108629394117,833.75
668,-1.192600445090067,-1.8533068404243298,-1.825672736784614,-2.595995358488886,5.077925090916887,-4.9186227458063785,835.0
669,-1.1926004349120891,-1.8533068495216165,-1.8256727368604033,-2.5959953633563755,5.077925092373542,-4.886136862218599,836.25
670,-1.1926004216010648,-1.8533068614192845,-1.8256727369595223,-2.5959953697222042,5.077925094278594,-4.843650978630824,837.5
671,-1.1926004054234944,-1.8533068759392228,-1.8256727376082615,-2.5959953756674006,5.077925094288797,-4.791165102400622,838.75
672,-1.192600386527096,-1.8533068929827072,-1.8256727390983403,-2.5959953801282927,5.077925091105306,-4.728679235394183,840.0
673,-1.1926003626133044,-1.8533069112561527,-1.8256727412824834,-2.595995379925758,5.07792509502328,-4.656193372039795,841.25
674,-1.1926003277847137,-1.8533069263286692,-1.8256727455086388,-2.5959953591502285,5.077925128560711,-4.573707521621129,842.5
675,-1.1926002887174136,-1.8533069432171672,-1.8256727502882093,-2.595995335679481,5.077925166303767,-4.481221677581164,843.75
676,-1.1926002450539446,-1.8533069613051778,-1.8256727548613338,-2.595995310992298,5.077925208731052,-4.378735840482667,845.0
677,-1.1926001928074366,-1.8533069736829635,-1.8256727506000618,-2.595995302074682,5.077925260942707,-4.266250014141401,846.25
678,-1.1926001359150553,-1.8533069871623042,-1.8256727459563808,-2.5959952923777943,5.077925317806246,-4.143764195688966,847.5
679,-1.1926000741300873,-1.8533069942547198,-1.8256727334979437,-2.5959952968252327,5.077925379636202,-4.011278383192485,848.75
680,-1.1926000075575154,-1.8533069981269197,-1.8256727163700197,-2.5959953090985044,5.0779254462939285,-3.8687925727319916,850.0
681,-1.1925999398072322,-1.8533069937842155,-1.8256726908159182,-2.5959953379709195,5.077925514265052,-3.7163067666411953,851.25
682,-1.1925998695841509,-1.8533069843717827,-1.8256726595129338,-2.595995377609879,5.0779255847967075,-3.55382096697174,852.5
683,-1.1925998081679754,-1.8533069634170845,-1.825672619658028,-2.5959954374431984,5.077925646690789,-3.388747428414894,853.75
684,-1.1925997530696522,-1.8533069411527534,-1.8256725805044454,-2.5959954979757773,5.077925702274511,-3.2334805263532096,855.0
685,-1.1925997149030025,-1.8533069110043818,-1.825672538940403,-2.5959955690346623,5.077925741018069,-3.0882136242914093,856.25
686,-1.192599680121724,-1.8533068826023242,-1.825672500153089,-2.5959956356259344,5.0779257763402486,-2.952946722229441,857.5
687,-1.1925996623265545,-1.8533068500422492,-1.8256724626267102,-2.5959957053570917,5.077925794706821,-2.8276798201673503,858.75
688,-1.1925996459519657,-1.8533068200814375,-1.8256724280960377,-2.5959957695216427,5.077925811607197,-2.712412918105165,860.0
689,-1.1925996397859242,-1.8533067906369847,-1.8256723972804312,-2.5959958296089356,5.077925818268074,-2.607146016042841,861.25
690,-1.1925996388453857,-1.8533067628899573,-1.825672369771995,-2.5959958847744646,5.07792581966418,-2.5118791139804366,862.5
691,-1.1925996380035742,-1.8533067380554917,-1.8256723451510664,-2.5959959341493644,5.077925820913738,-2.4266122119179294,863.75
692,-1.1925996421387666,-1.8533067158498682,-1.8256723246726891,-2.5959959768345313,5.077925817132352,-2.3513453098553665,865.0
693,-1.1925996501739395,-1.853306696335725,-1.8256723080597768,-2.5959960130284685,5.077925809398394,-2.286078407792772,866.25
694,-1.1925996569779878,-1.8533066798114814,-1.825672293992244,-2.5959960436768785,5.077925802849411,-2.2308115057301157,867.5
695,-1.1925996625509105,-1.8533066662771387,-1.8256722824700904,-2.595996068779762,5.077925797485401,-2.185544603667448,868.75
696,-1.1925996668927081,-1.8533066557326943,-1.8256722734933182,-2.595996088337118,5.077925793306365,-2.150277701604762,870.0
697,-1.19259967000338,-1.8533066481781477,-1.8256722670619276,-2.595996102348947,5.077925790312302,-2.125010799542107,871.25
698,-1.1925996718829273,-1.8533066436134995,-1.8256722631759186,-2.595996110815249,5.077925788503214,-2.1097438974794613,872.5
699,-1.1934210731226846,-1.8555437713664331,-1.822626446479492,-2.5968105088419846,5.0771060662834335,-2.1027789074175303,873.75
700,-1.194855515919869,-1.8594505576973133,-1.8173074235308906,-2.5982327163640764,5.075674554559445,-2.1051811096400064,875.0
701,-1.1950562457244804,-1.8599972621322634,-1.8165631009588663,-2.598431733279715,5.075474231116418,-2.115839345097894,876.25
702,-1.1950562442399877,-1.8599972686277637,-1.8165631041467574,-2.5984317304089677,5.075474225174566,-2.1359098048175604,877.5
703,-1.1950562420158546,-1.8599972783596128,-1.8165631089229985,-2.5984317261078855,5.075474216272218,-2.165980264537267,878.75
704,-1.1950562390520807,-1.8599972913278102,-1.8165631152875894,-2.598431720376469,5.075474204409374,-2.2060507242569694,880.0
705,-1.1950562352508185,-1.8599973076251686,-1.8165631229565997,-2.598431714280222,5.075474190455671,-2.2561211827347707,881.25
706,-1.1950562302667795,-1.859997327579204,-1.8165631309280874,-2.598431711579118,5.075474177479903,-2.316191636285423,882.5
707,-1.195056224453042,-1.859997350855012,-1.8165631402265985,-2.598431708428359,5.075474162344043,-2.386262089836023,883.75
708,-1.1950562249434236,-1.8599973742130074,-1.8165631626893717,-2.5984316644221064,5.075474161961996,-2.4663325271606595,885.0
709,-1.1950562256708392,-1.8599974003984845,-1.8165631882849569,-2.5984316137832733,5.0754741620382235,-2.556402960742532,886.25
710,-1.195056226456179,-1.8599974294738593,-1.816563216784681,-2.5984315572560797,5.075474162319074,-2.6564733853670623,887.5
711,-1.1950562397032791,-1.85999745845646,-1.8165632494540582,-2.5984314959939714,5.07547414886618,-2.7665438001495612,888.75
712,-1.1950562566537464,-1.8599974894664917,-1.8165632853600764,-2.5984314293436865,5.075474131405036,-2.8866142075052057,890.0
713,-1.1950562819074229,-1.8599975200735992,-1.8165633234769487,-2.5984313610341614,5.075474105609874,-3.0166846080812335,891.25
714,-1.1950563184889171,-1.8599975489676859,-1.81656336346035,-2.598431292781533,5.075474068469525,-3.156755005132222,892.5
715,-1.1950563638040235,-1.8599975756647233,-1.8165634040333667,-2.5984312262619866,5.075474022613269,-3.306825399433687,893.75
716,-1.1950564214221884,-1.8599975976808762,-1.816563443875609,-2.5984311653263483,5.075473964505569,-3.466895787032877,895.0
717,-1.1950564884083164,-1.8599976123425632,-1.8165634794295675,-2.5984311161536913,5.075473897130031,-3.633129910449219,896.25
718,-1.1950565561467328,-1.8599976214336305,-1.816563509735594,-2.5984310777956643,5.075473829092091,-3.7908127832393714,897.5
719,-1.1950566238536744,-1.8599976195950254,-1.8165635292698208,-2.598431061108956,5.075473761265295,-3.9384956560296867,898.75
720,-1.1950566877956603,-1.859997615890947,-1.816563545780296,-2.5984310492500255,5.075473697242455,-4.076178528820104,900.0
721,-1.1950567468077544,-1.8599976040364767,-1.8165635527113597,-2.59843105502494,5.075473638294366,-4.203861401610718,901.25
722,-1.1950568011324285,-1.8599975911760271,-1.8165635571741725,-2.5984310642011588,5.075473584060617,-4.321544274401411,902.5
723,-1.1950568491539477,-1.859997576322498,-1.8165635576874344,-2.598431079220206,5.075473536176747,-4.429227147192243,903.75
724,-1.1950568903200134,-1.859997558465595,-1.816563553082253,-2.5984311022502538,5.075473495212878,-4.526910019983162,905.0
725,-1.1950569272718248,-1.8599975424367448,-1.816563548948508,-2.598431122922669,5.0754734584425645,-4.614592892774179,906.25
726,-1.1950569585658215,-1.8599975270957314,-1.8165635437084189,-2.5984311439307333,5.0754734273313025,-4.692275765565258,907.5
727,-1.1950569820579031,-1.859997510749012,-1.8165635350185176,-2.598431169274752,5.075473404055774,-4.759958638356382,908.75
728,-1.1950570020790796,-1.8599974968174855,-1.8165635276125303,-2.598431190874247,5.075473384219155,-4.817641511147554,910.0
729,-1.195057018629352,-1.8599974853011547,-1.8165635214904543,-2.5984312087292185,5.075473367821445,-4.865324383938743,911.25
730,-1.1950570317087195,-1.8599974762000162,-1.8165635166522929,-2.598431222839665,5.075473354862645,-4.90300725672995,912.5
731,-1.195057041317182,-1.85999746951407,-1.816563513098047,-2.598431233205587,5.075473345342754,-4.930690129521153,913.75
732,-1.195057047454739,-1.859997465243316,-1.816563510827716,-2.598431239826983,5.075473339261773,-4.9483730023123265,915.0
733,-1.1955286689106392,-1.8612978731633243,-1.8147833009318604,-2.5989142982874527,5.075002729394203,-4.957203905409589,916.25
734,-1.1970041551434893,-1.8653662833661144,-1.809213811814105,-2.600425565724464,5.073530407568417,-4.9572378543431235,917.5
735,-1.197480864247083,-1.866680740171797,-1.807414376953209,-2.6009138391861604,5.073054718665141,-4.9484604549597755,918.75
736,-1.1974808587734918,-1.8666807450560894,-1.8074143769680884,-2.600913841895962,5.0730547195553495,-4.930839456274339,920.0
737,-1.1974808501936116,-1.8666807527122407,-1.8074143769914115,-2.6009138461435892,5.073054720950757,-4.903218457588885,921.25
738,-1.1974808385074427,-1.8666807631402507,-1.807414377023179,-2.600913851929042,5.073054722851362,-4.86559745890342,922.5
739,-1.1974808237149845,-1.8666807763401196,-1.8074143770633901,-2.6009138592523198,5.073054725257164,-4.817976460217958,923.75
740,-1.1974808064131286,-1.866680791918438,-1.807414378274949,-2.6009138639029206,5.073054722865939,-4.760355478371132,925.0
741,-1.1974807861375867,-1.866680810181217,-1.8074143797532993,-2.6009138691559515,5.073054719801981,-4.692734497265006,926.25
742,-1.1974807560849388,-1.866680825956396,-1.8074143831300837,-2.6009138563293597,5.07305474209667,-4.615113528348914,927.5
743,-1.197480719530546,-1.8666808417509386,-1.8074143875956434,-2.6009138345272085,5.073054777282209,-4.52749256421959,928.75
744,-1.1974806787737178,-1.866680859325751,-1.8074143926515114,-2.6009138098928193,5.0730548167475416,-4.429871612187936,930.0
745,-1.197480631148356,-1.8666808740466332,-1.8074143924052477,-2.600913794084932,5.0730548637889346,-4.322250667134996,931.25
746,-1.1974805771695238,-1.8666808868048255,-1.8074143879693665,-2.6009137849364783,5.0730549177342255,-4.204629730028764,932.5
747,-1.197480518533584,-1.8666808986294532,-1.8074143811321486,-2.600913779064859,5.073054976361883,-4.077008800577786,933.75
748,-1.1974804550020353,-1.866680902296587,-1.8074143646659766,-2.6009137909243734,5.073055039976248,-3.9393878762210965,935.0
749,-1.1974803876960096,-1.8666809041871153,-1.8074143452496982,-2.6009138074492872,5.07305510740222,-3.7917669530269418,936.25
750,-1.1974803203884883,-1.8666808951443397,-1.8074143150246549,-2.6009138456840226,5.073055175008991,-3.634146036793352,937.5
751,-1.1974802537397473,-1.8666808806434765,-1.8074142796117196,-2.6009138945598487,5.073055242045735,-3.467928536721505,938.75
752,-1.1974801964444373,-1.866680858747896,-1.807414239845744,-2.600913955303631,5.073055299830474,-3.3078000527039055,940.0
753,-1.197480151291609,-1.8666808322639596,-1.8074141993832518,-2.600914021501893,5.0730553455214915,-3.1576715686860606,941.25
754,-1.1974801149132037,-1.866680803533836,-1.807414159474775,-2.6009140895177736,5.07305538245565,-3.0175430846677607,942.5
755,-1.197480089700139,-1.8666807731397892,-1.8074141214520665,-2.6009141574746573,5.073055408227088,-2.8874146006494152,943.75
756,-1.1974800728371395,-1.8666807423020504,-1.8074140856312464,-2.600914223797292,5.073055425637189,-2.767286116631003,945.0
757,-1.1974800595363992,-1.8666807135209849,-1.8074140529702796,-2.6009142849623377,5.073055439443113,-2.6571576326125945,946.25
758,-1.1974800585581915,-1.8666806847251642,-1.8074140241915078,-2.600914342444584,5.073055440899294,-2.5570291485941494,947.5
759,-1.1974800576776792,-1.866680658805235,-1.8074139982869153,-2.600914394185982,5.073055442210045,-2.466900664575661,948.75
760,-1.1974800570673143,-1.8666806357512407,-1.8074139753012006,-2.6009144401543476,5.0730554432026915,-2.3867721805571764,950.0
761,-1.1974800655968394,-1.8666806150512587,-1.807413957533147,-2.6009144786943734,5.07305543499619,-2.3166436965386827,951.25
762,-1.1974800729100934,-1.866680597302999,-1.8074139422987359,-2.6009145117387686,5.073055427959898,-2.2565152125202195,952.5
763,-1.1974800790070763,-1.8666805825064643,-1.8074139295979652,-2.6009145392875332,5.073055422093814,-2.206386728501773,953.75
764,-1.1974800838877881,-1.8666805706616523,-1.8074139194308372,-2.600914561340667,5.073055417397941,-2.1662582444833722,955.0
765,-1.1974800875522287,-1.866680561768562,-1.8074139117973531,-2.6009145778981697,5.073055413872278,-2.1361297604649456,956.25
766,-1.1974800900003983,-1.8666805558271935,-1.8074139066975126,-2.600914588960041,5.073055411516823,-2.116001276446522,957.5
767,-1.197666027088341,-1.8671996071333015,-1.8066994879615887,-2.6011112319078253,5.07286989245496,-2.105302812409562,958.75
768,-1.1990537654281739,-1.8710735869243773,-1.8013674191734785,-2.602578840803027,5.071485273599738,-2.102813581991287,960.0
769,-1.199871694080047,-1.8733569031252326,-1.7982247132343305,-2.6034438438320455,5.07066918112834,-2.109709784206422,961.25
770,-1.1998716929585984,-1.8733569079762045,-1.7982247155996074,-2.6034438417864325,5.070669176766056,-2.124850499136106,962.5
771,-1.1998716910964662,-1.8733569160311014,-1.7982247195270809,-2.603443838389752,5.07066916952261,-2.1499912140657655,963.75
772,-1.19987168849365,-1.8733569272899238,-1.7982247250167505,-2.603443833642003,5.070669159398003,-2.185131928995429,965.0
773,-1.19987168515015,-1.8733569417526714,-1.7982247320686167,-2.603443827543187,5.070669146392234,-2.230272643925111,966.25
774,-1.1998716807064942,-1.8733569597561281,-1.798224739652143,-2.60344382393595,5.07066913373231,-2.2854133545787114,967.5
775,-1.1998716752976772,-1.8733569811738195,-1.7982247481543328,-2.603443821377239,5.070669120206373,-2.350554063475952,968.75
776,-1.1998716724825147,-1.8733570043129046,-1.7982247636815452,-2.603443798983171,5.070669112415995,-2.4256947643034374,970.0
777,-1.1998716731701051,-1.8733570287574601,-1.7982247877524438,-2.603443751591572,5.070669112435327,-2.510835456596697,971.25
778,-1.1998716739154336,-1.87335705605466,-1.7982248147165798,-2.6034436983541713,5.070669112656701,-2.605976139157256,972.5
779,-1.199871679659461,-1.87335708502578,-1.7982248450615437,-2.6034436398060063,5.070669107477866,-2.7111168149289244,973.75
780,-1.1998716957217164,-1.8733571143926675,-1.7982248793384024,-2.6034435764172357,5.070669090932023,-2.826257482249672,975.0
781,-1.199871713180634,-1.8733571463090537,-1.798224916595232,-2.6034435075122824,5.070669072934428,-2.9513981406990237,976.25
782,-1.1998717471182863,-1.873357174251989,-1.7982249551063878,-2.603443441635685,5.070669038455864,-3.08653879326626,977.5
783,-1.1998717845751306,-1.8733572038267579,-1.7982249963519448,-2.6034433714554277,5.0706690004205335,-3.2316794454008746,978.75
784,-1.1998718384645854,-1.873357225812521,-1.7982250352760332,-2.603443311412889,5.070668946044754,-3.3868200913962405,980.0
785,-1.1998718982156924,-1.8733572465064612,-1.7982250747771757,-2.6034432521696833,5.070668885815977,-3.5508710006747797,981.25
786,-1.1998719655129095,-1.8733572555553435,-1.7982251051112064,-2.603443213820504,5.070668818217692,-3.7094094270479894,982.5
787,-1.1998720300048142,-1.8733572605413245,-1.798225130521585,-2.6034431844049073,5.070668753498505,-3.857947853421255,983.75
788,-1.1998720935794933,-1.87335725688413,-1.7982251470600388,-2.603443172467487,5.070668689842197,-3.9964862797945657,985.0
789,-1.1998721525007214,-1.8733572515948662,-1.7982251605018411,-2.6034431651846095,5.070668630876879,-4.125024706167917,986.25
790,-1.1998722065695218,-1.8733572388241189,-1.798225164976589,-2.603443174257432,5.070668576899157,-4.24356313254131,987.5
791,-1.199872256077036,-1.8733572271307275,-1.7982251690738356,-2.6034431825648663,5.070668527475039,-4.352101558914756,988.75
792,-1.1998722985079455,-1.8733572119166362,-1.798225167430664,-2.603443200017831,5.07066848520187,-4.450639985288213,990.0
793,-1.1998723353761533,-1.873357195949292,-1.798225163274878,-2.6034432206512013,5.070668448516377,-4.539178411661702,991.25
794,-1.1998723680802712,-1.8733571817853887,-1.798225159588463,-2.6034432389541307,5.070668415974338,-4.6177168380351965,992.5
795,-1.1998723956402788,-1.8733571686511226,-1.798225155292285,-2.603443256762782,5.070668388570823,-4.686255264408694,993.75
796,-1.1998724157162775,-1.8733571546989687,-1.7982251478097844,-2.6034432784611905,5.070668368681668,-4.744793690782197,995.0
797,-1.1998724323627343,-1.8733571431302327,-1.7982251416055042,-2.603443296452904,5.070668352190136,-4.793332117155613,996.25
798,-1.1998724455796492,-1.8733571339449158,-1.7982251366794428,-2.603443310737923,5.070668339096228,-4.831870543529045,997.5
799,-1.1998724553670228,-1.8733571271430174,-1.7982251330316013,-2.6034433213162473,5.070668329399943,-4.860408969902483,998.75
800,-1.1998724617248542,-1.8733571227245367,-1.7982251306619803,-2.603443328187877,5.070668323101283,-4.878947396275904,1000.0
801,-1.199861502110852,-1.873326899150651,-1.798268166483097,-2.6034304419767307,5.0706792486303955,-4.887524107510352,1001.25
802,-1.1992810048258593,-1.8717265867762671,-1.800547088670981,-2.6027479135249108,5.071257939577264,-4.887305103494803,1002.5
803,-1.199202987418035,-1.8715115196460506,-1.8008533589710796,-2.60265618367947,5.07133571419809,-4.878052645093071,1003.75
804,-1.1990428057261397,-1.8710699541763003,-1.8014821785136919,-2.602467848260433,5.071495397410539,-4.858801975330703,1005.0
805,-1.1987994156607846,-1.8703990120276088,-1.8024376461939398,-2.6021816796639734,5.071738030055096,-4.829551305568359,1006.25
806,-1.1984727981043146,-1.869498690389695,-1.803719737809569,-2.6017977047158385,5.072063631359141,-4.790300635324975,1007.5
807,-1.1980581686228793,-1.8683682858188873,-1.8053223967113299,-2.6013226367632694,5.072477013216279,-4.741049837967748,1008.75
808,-1.1975593517772414,-1.867008361193284,-1.8072504633197206,-2.600751109874386,5.072974329116989,-4.681799040610453,1010.0
809,-1.1969756860284484,-1.8654188071439206,-1.8095031274477835,-2.6000840368756064,5.07355624398293,-4.612548222561563,1011.25
810,-1.196303214963553,-1.8635989698288324,-1.8120755431740605,-2.599326877283419,5.074226734458511,-4.533297271768662,1012.5
811,-1.1955451895826408,-1.8615493798741312,-1.8149717067316196,-2.598475137393074,5.074982533099049,-4.444046300860041,1013.75
812,-1.1946963320771316,-1.8592691119229854,-1.8181852678146884,-2.5975360398101266,5.075828946044565,-4.344795168882792,1015.0
813,-1.1937584825632108,-1.8567584527206213,-1.821718519802473,-2.5965070228625717,5.076764123022238,-4.2355439415591105,1016.25
814,-1.1927303058681336,-1.8540171529774225,-1.8255698898332466,-2.5953898952551273,5.077789406254717,-4.116292595794407,1017.5
815,-1.1916071650350035,-1.851044263559434,-1.8297340999830476,-2.594190836992831,5.078909456610637,-3.9870410222827863,1018.75
816,-1.1903899753332616,-1.8478398929727984,-1.8342123671740649,-2.592908531588323,5.08012335357028,-3.847789268605017,1020.0
817,-1.1890767251682932,-1.8444035697504955,-1.8390025348489685,-2.591545586381552,5.081433118703005,-3.698537306092231,1021.25
818,-1.1876652052944667,-1.8407347419660338,-1.8441023108320436,-2.59010482259618,5.082840971978687,-3.539285103057514,1022.5
819,-1.1862334463551845,-1.8370391711469432,-1.8492239602466318,-2.588668751576093,5.084269094579492,-3.378980444294881,1023.75
820,-1.184880814428867,-1.8335711000752692,-1.8540164841532976,-2.5873348255571904,5.08561836533478,-3.2286463212059244,1025.0
821,-1.183609662356432,-1.8303316366703792,-1.8584813171211811,-2.586100525105314,5.086886421312306,-3.0883120126987604,1026.25
822,-1.1824209616940358,-1.8273209608117575,-1.8626196082590392,-2.584964530977066,5.088072285812328,-2.9579775348784962,1027.5
823,-1.1813156282351682,-1.8245392357293415,-1.8664324554223972,-2.583925591226634,5.089175038147714,-2.8376429052995307,1028.75
824,-1.180297513537695,-1.8219874363973358,-1.8699238249359516,-2.582978804538386,5.0901908081556275,-2.727308190568658,1030.0
825,-1.1793673085563603,-1.8196657388755213,-1.8730944256827309,-2.5821232931500058,5.091118901552248,-2.626973394228965,1031.25
826,-1.1785244716599874,-1.8175739531577073,-1.8759438199712093,-2.5813596788329436,5.0919598622197615,-2.536638507510081,1032.5
827,-1.1777735245925618,-1.8157133344967151,-1.8784764134792327,-2.5806823482224575,5.092709147335217,-2.4563035953623618,1033.75
828,-1.1771119938646535,-1.8140831634472434,-1.8806898709121596,-2.580094329843238,5.093369241691321,-2.385968618897423,1035.0
829,-1.1765433159601173,-1.812684421568404,-1.882587477670885,-2.579591393050826,5.093936692976265,-2.325633621745308,1036.25
830,-1.176068891462622,-1.8115175089669109,-1.8841705726456859,-2.5791718136490083,5.094410094155676,-2.2752986245932547,1037.5
831,-1.1756859466917196,-1.8105816114245536,-1.8854365542910596,-2.5788389779550926,5.094792231532562,-2.2349635847732765,1038.75
832,-1.1753976444465706,-1.809877657152999,-1.8863883895821925,-2.57858902436003,5.095079927913665,-2.2046285395309346,1040.0
833,-1.1752043815339315,-1.8094057626215672,-1.8870264507274395,-2.5784214683988145,5.095272784686387,-2.1842934942885877,1041.25
834,-1.1751061579538025,-1.8091659278302583,-1.8873507377267997,-2.5783363100714474,5.095370801850727,-2.1739584490462636,1042.5
835,-1.174475384862719,-1.807629047208721,-1.8894268224656714,-2.577792564201998,5.096000257412044,-2.1728334735034758,1043.75
836,-1.174422671213869,-1.8075010062592665,-1.8895995479715177,-2.5777474992271974,5.096052861921224,-2.1805867373695436,1045.0
837,-1.1744222587288284,-1.8075008903212322,-1.8895991708504443,-2.577747987375224,5.096053275713775,-2.1982034177700287,1046.25
838,-1.1744216120991982,-1.8075007085716872,-1.8895985796589185,-2.5777487526174667,5.0960539243931136,-2.2258200981705385,1047.5
839,-1.1744207312717971,-1.8075004610733383,-1.8895977742167247,-2.5777497956288054,5.09605480842996,-2.263436764911586,1048.75
840,-1.1744196162152416,-1.8075001478629975,-1.8895967544178376,-2.5777511168059934,5.096055928101067,-2.311053415584269,1050.0
841,-1.1744182669850223,-1.8074997688751742,-1.8895955204504038,-2.5777527154443574,5.096057282914942,-2.368670066256986,1051.25
842,-1.1744178186545193,-1.807499657644647,-1.8895951241037974,-2.577753218541832,5.096057733073658,-2.436286703583719,1052.5
843,-1.1744178194081583,-1.8074996814080106,-1.8895951467136145,-2.5777531726214233,5.096057732273392,-2.513903335289521,1053.75
844,-1.1744178202499043,-1.807499708227767,-1.8895951722558992,-2.5777531206987385,5.096057731444139,-2.6015199621283833,1055.0
845,-1.174417824748895,-1.8074997372445234,-1.88959520103851,-2.57775306331818,5.096057726853829,-2.6991365847645445,1056.25
846,-1.17441784070149,-1.8074997665726966,-1.8895952337567126,-2.577753001573648,5.096057710423087,-2.8067531987460215,1057.5
847,-1.1744178581369842,-1.8074997986257462,-1.889595269516267,-2.5777529340875462,5.096057692460935,-2.9243698050786087,1058.75
848,-1.1744178887674255,-1.807499828279164,-1.8895953070534233,-2.5777528674302803,5.096057661303693,-3.051986403652724,1060.0
849,-1.1744179265084624,-1.8074998581951962,-1.8895953470240556,-2.57775279819099,5.096057623012602,-3.1896029971137354,1061.25
850,-1.1744179765996818,-1.8074998835484575,-1.8895953864681097,-2.577752734212318,5.096057572417162,-3.3372195889841865,1062.5
851,-1.1744180361819516,-1.8074999063436836,-1.8895954264066341,-2.5777526724314592,5.096057512351007,-3.4948361753269754,1063.75
852,-1.1744181077122726,-1.8074999192150443,-1.889595460612668,-2.5777526264564727,5.096057440466948,-3.659119980260057,1065.0
853,-1.1744181781264245,-1.8074999286019202,-1.8895954911720119,-2.577752587586041,5.096057369756044,-3.8151905198744736,1066.25
854,-1.174418249351073,-1.8074999243932506,-1.889595509091981,-2.5777525749236583,5.096057298445986,-3.9612610594889524,1067.5
855,-1.174418315721665,-1.8074999204190412,-1.8895955257410164,-2.5777525632261122,5.0960572319966255,-4.097331599103511,1068.75
856,-1.1744183768585978,-1.8074999061275054,-1.8895955309991863,-2.5777525731292443,5.0960571709537374,-4.223402138718117,1070.0
857,-1.1744184331350824,-1.807499892640934,-1.889595535525308,-2.5777525828893637,5.096057114769013,-4.339472678332726,1071.25
858,-1.1744184820941546,-1.8074998757776837,-1.8895955345993585,-2.577752601359559,5.096057065970171,-4.445543217947375,1072.5
859,-1.1744185246196672,-1.8074998571625258,-1.889595530033523,-2.5777526251206933,5.096057023646016,-4.5416137575620565,1073.75
860,-1.174418562718694,-1.8074998404850278,-1.8895955259429411,-2.577752646408528,5.0960569857273885,-4.627684297176746,1075.0
861,-1.1744185939620648,-1.8074998238196716,-1.8895955197549668,-2.577752669679525,5.0960569546787955,-4.7037548367914646,1076.25
862,-1.1744186180506881,-1.8074998069293788,-1.8895955111528426,-2.5777526954823866,5.09605693080368,-4.769825376406162,1077.5
863,-1.174418638493417,-1.8074997925954899,-1.8895955038526784,-2.5777527173798984,5.096056910542144,-4.8258959160208486,1078.75
864,-1.1744186552902518,-1.807499780818006,-1.8895954978544722,-2.5777527353720604,5.096056893894187,-4.871966455635484,1080.0
865,-1.1744186684411915,-1.8074997715969245,-1.8895954931582273,-2.5777527494588712,5.096056880859809,-4.90803699525013,1081.25
866,-1.1744186779462364,-1.8074997649322455,-1.8895954897639438,-2.577752759640331,5.096056871439012,-4.934107534864775,1082.5
867,-1.1744186838053863,-1.807499760823969,-1.8895954876716217,-2.5777527659164403,5.096056865631794,-4.95017807447943,1083.75
868,-1.1752136578780987,-1.8094844515437887,-1.886996246603256,-2.578373096951235,5.095263009412693,-4.957711257755577,1085.0
869,-1.1768322729827474,-1.8135254211399157,-1.8817040171201984,-2.57963612761861,5.093646669620568,-4.955988655768499,1086.25
870,-1.177124534160804,-1.814255079519784,-1.8807484286114802,-2.579864187370733,5.09335481640368,-4.945767221979384,1087.5
871,-1.1771245278799911,-1.8142550851733423,-1.88074842873906,-2.579864190022075,5.093354816957261,-4.926243961497539,1088.75
872,-1.1771245183820855,-1.8142550937227067,-1.8807484289319865,-2.57986419403146,5.093354817794387,-4.896720701015675,1090.0
873,-1.1771245056670878,-1.8142551051678777,-1.8807484291902608,-2.5798641993988882,5.0933548189150635,-4.857197440533836,1091.25
874,-1.177124489822053,-1.814255119448341,-1.8807484296926922,-2.5798642054587733,5.093354819577321,-4.807674180601499,1092.5
875,-1.177124471338398,-1.8142551362224997,-1.8807484314486453,-2.5798642084539494,5.093354815592829,-4.748150923794748,1093.75
876,-1.17712444974946,-1.8142551558147437,-1.8807484334996014,-2.57986421195232,5.093354810938936,-4.678627666987979,1095.0
877,-1.1771244156705492,-1.8142551715451125,-1.8807484374716208,-2.579864193003261,5.093354841627349,-4.599104425253371,1096.25
878,-1.1771243764415675,-1.8142551886390652,-1.8807484421080172,-2.5798641695030344,5.093354879526441,-4.509581187409621,1097.5
879,-1.1771243328019143,-1.8142552076257044,-1.880748447324523,-2.579864143103564,5.0933549218967915,-4.410057958945296,1098.75
880,-1.1771242810215918,-1.814255221985938,-1.8807484451765952,-2.5798641297506526,5.093354973358544,-4.300534739658445,1100.0
881,-1.1771242234233386,-1.8142552357627961,-1.8807484405420327,-2.579864119741301,5.0933550309274604,-4.181011527859522,1101.25
882,-1.1771241608642118,-1.814255246374152,-1.8807484313590956,-2.579864117384413,5.093355093500003,-4.051488322933158,1102.5
883,-1.1771240932330764,-1.8142552503986127,-1.8807484143362747,-2.579864129389512,5.093355161213723,-3.9119651218365883,1103.75
884,-1.177124022697447,-1.814255249968626,-1.880748392181545,-2.579864150924262,5.093355231907462,-3.762441923229605,1105.0
885,-1.177123951173412,-1.8142552404062116,-1.8807483610367968,-2.5798641905384714,5.093355303734604,-3.6029187314445483,1106.25
886,-1.1771238834027147,-1.8142552225724964,-1.8807483231820126,-2.5798642451663802,5.093355371930755,-3.4365785592963625,1107.5
887,-1.1771238239568054,-1.8142551998060428,-1.8807482832019042,-2.579864306962354,5.093355431862119,-3.2783390162747637,1108.75
888,-1.1771237800817629,-1.814255170198582,-1.8807482415152865,-2.5798643775184225,5.093355476297151,-3.13009947325307,1110.0
889,-1.1771237424053238,-1.8142551403185008,-1.8807482014802759,-2.5798644467870977,5.093355514524648,-2.9918599302313447,1111.25
890,-1.177123719403947,-1.814255107373341,-1.8807481630540215,-2.579864517722058,5.093355538094053,-2.8636203872095667,1112.5
891,-1.177123701982678,-1.8142550753410789,-1.8807481272162976,-2.579864585241338,5.093355556057065,-2.7453808441877614,1113.75
892,-1.1771236910156537,-1.8142550448261074,-1.8807480948114508,-2.579864647910944,5.093355567528162,-2.637141301165917,1115.0
893,-1.1771236900139643,-1.8142550149882948,-1.880748066122817,-2.5798647063376037,5.093355569001994,-2.5389017581440245,1116.25
894,-1.1771236891142394,-1.8142549881877388,-1.8807480403544505,-2.5798647588168957,5.0933555703258016,-2.450662215122131,1117.5
895,-1.1771236904463669,-1.8142549642977053,-1.88074801804243,-2.579864804970855,5.093355569367148,-2.372422672100241,1118.75
896,-1.1771236991654725,-1.8142549430114645,-1.8807480004842523,-2.5798648438846614,5.0933555609647385,-2.304183129078313,1120.0
897,-1.1771237066068578,-1.8142549248445652,-1.8807479854990956,-2.579864877095937,5.093355553793642,-2.245943586056416,1121.25
898,-1.1771237127705227,-1.8142549097970098,-1.8807479730869567,-2.5798649046046824,5.093355547853855,-2.1977040430345745,1122.5
899,-1.1771237176564673,-1.814254897868795,-1.8807479632478394,-2.5798649264108975,5.093355543145378,-2.159464500012739,1123.75
900,-1.1771237212646912,-1.8142548890599204,-1.8807479559817435,-2.5798649425145825,5.093355539668213,-2.131224956990878,1125.0
901,-1.1771237235951948,-1.8142548833703862,-1.8807479512886696,-2.579864952915737,5.093355537422359,-2.1129854139690196,1126.25
902,-1.1775751557514156,-1.8153957560296505,-1.8792448312605183,-2.580230459989585,5.0929047789494195,-2.1037628717873833,1127.5
903,-1.179203846229509,-1.8195118513554613,-1.8738218242968145,-2.5815491324258395,5.091278518462983,-2.1033024610584947,1128.75
904,-1.1797917045669046,-1.8209975163412084,-1.8718644474360913,-2.5820250919393652,5.090691534007553,-2.1118114562010515,1130.0
905,-1.179791703290759,-1.8209975221360049,-1.8718644503135113,-2.582025089014925,5.090691528481236,-2.129125305367178,1131.25
906,-1.179791701277547,-1.820997531277715,-1.8718644548528498,-2.5820250844014088,5.090691519763071,-2.156439154533323,1132.5
907,-1.179791698527268,-1.8209975437663388,-1.871864461054106,-2.582025078098816,5.090691507853059,-2.1937530036994284,1133.75
908,-1.1797916950399232,-1.8209975596018768,-1.8718644689172808,-2.5820250701071483,5.090691492751199,-2.2410668528655524,1135.0
909,-1.1797916903306604,-1.8209975792609907,-1.8718644769831274,-2.582025066007558,5.090691478637441,-2.2983806923558814,1136.25
910,-1.179791684756797,-1.8209976023923995,-1.871864486327055,-2.582025061686947,5.090691462431321,-2.3656945310966764,1137.5
911,-1.1797916833854722,-1.8209976267362114,-1.8718645052184453,-2.582025028539683,5.090691457063025,-2.4430083583835347,1138.75
912,-1.1797916841238916,-1.8209976532176222,-1.8718645302628907,-2.5820249782910483,5.090691457022284,-2.5303221807978713,1140.0
913,-1.179791684912423,-1.8209976827097822,-1.871864558257101,-2.582024921931507,5.0906914572637785,-2.627635991244876,1141.25
914,-1.1797916942808726,-1.8209977131536315,-1.8718645900331095,-2.5820248603888545,5.090691448124525,-2.7349497950719552,1142.5
915,-1.179791711453515,-1.8209977447388033,-1.8718646255089995,-2.5820247936048655,5.090691430458138,-2.852263590937156,1143.75
916,-1.17979173264197,-1.8209977779021895,-1.8718646637321716,-2.5820247225590065,5.090691408729657,-2.9795773791652427,1145.0
917,-1.1797917698354101,-1.8209978074111666,-1.8718647033873708,-2.582024654030881,5.090691370986483,-3.116891162256921,1146.25
918,-1.1797918117379436,-1.820997837667956,-1.8718647452110193,-2.5820245826594888,5.090691328512195,-3.2642049443166026,1147.5
919,-1.1797918704706165,-1.8209978601817753,-1.8718647848448853,-2.582024521451092,5.090691269297168,-3.4215187192983434,1148.75
920,-1.1797919366412097,-1.820997879174513,-1.8718648234165742,-2.5820244649268584,5.09069120268407,-3.5876544502523173,1150.0
921,-1.1797920081351747,-1.8209978887582219,-1.8718648546535208,-2.582024425199086,5.090691130885196,-3.7481037045291243,1151.25
922,-1.1797920781608808,-1.8209978904514856,-1.8718648779064462,-2.5820244013016076,5.090691060682655,-3.898552958805959,1152.5
923,-1.1797921458189595,-1.8209978864497867,-1.8718648949927434,-2.582024389214341,5.0906909929429816,-4.03900221308287,1153.75
924,-1.1797922084635744,-1.8209978768937547,-1.871864905229104,-2.582024389440919,5.090690930315458,-4.169451467359808,1155.0
925,-1.1797922661394207,-1.8209978631135777,-1.8718649098988203,-2.5820243993722856,5.090690872734229,-4.289900721636789,1156.25
926,-1.179792318474015,-1.820997849460801,-1.8718649130397447,-2.5820244106257766,5.090690820503679,-4.400349975913838,1157.5
927,-1.1797923623863806,-1.8209978302697414,-1.8718649082928014,-2.5820244351642208,5.090690776801091,-4.500799230190866,1158.75
928,-1.1797924019271506,-1.8209978129892082,-1.8718649040184248,-2.5820244572597963,5.090690737449215,-4.591248484467954,1160.0
929,-1.1797924370963244,-1.8209977976191989,-1.871864900216618,-2.582024476912503,5.090690702448052,-4.671697738745034,1161.25
930,-1.1797924625386997,-1.8209977799109012,-1.8718648911778044,-2.5820245039888974,5.0906906772315486,-4.742146993022131,1162.5
931,-1.1797924843042866,-1.8209977646643865,-1.87186488335235,-2.5820245273422886,5.090690655660733,-4.80259624729922,1163.75
932,-1.1797925024692364,-1.8209977519400744,-1.8718648768214419,-2.5820245468323755,5.090690637658333,-4.8530455015762435,1165.0
933,-1.1797925170335488,-1.8209977417379637,-1.8718648715850827,-2.582024562459158,5.090690623224351,-4.89349475585324,1166.25
934,-1.1797925279972228,-1.8209977340580528,-1.8718648676432739,-2.582024574222635,5.090690612358785,-4.923944010130278,1167.5
935,-1.179792535360259,-1.8209977289003418,-1.8718648649960152,-2.582024582122806,5.090690605061638,-4.944393264407312,1168.75
936,-1.1799748555562286,-1.8214641539003804,-1.8712466960646736,-2.582177633471317,5.090508573012647,-4.955340718845105,1170.0
937,-1.1814979530577505,-1.8253607586302045,-1.8660824343033304,-2.5834562125611407,5.088987882371169,-4.958032570618789,1171.25
938,-1.1824235305455946,-1.8277287120364822,-1.862944133413322,-2.5842332001870143,5.088063765638785,-4.951268301451616,1172.5
939,-1.1824235257398426,-1.8277287163542257,-1.8629441334834003,-2.584233202317509,5.088063766163613,-4.936201596471745,1173.75
940,-1.1824235177444407,-1.8277287235377218,-1.8629441335999912,-2.5842332058620467,5.088063767036779,-4.911134891491856,1175.0
941,-1.1824235065593882,-1.8277287335869694,-1.862944133763094,-2.584233210820626,5.08806376825828,-4.876068186511991,1176.25
942,-1.1824234921846857,-1.827728746501969,-1.8629441339727093,-2.584233217193247,5.0880637698281195,-4.83100148153215,1177.5
943,-1.182423475059705,-1.8277287619829463,-1.8629441351160074,-2.5842332216995856,5.088063767962267,-4.775934782038342,1178.75
944,-1.1824234550280612,-1.8277287801365993,-1.8629441368772202,-2.584233225507197,5.088063764007561,-4.710868084894813,1180.0
945,-1.182423427310224,-1.8277287977341798,-1.8629441398019277,-2.584233218207662,5.088063777085001,-4.635801395607405,1181.25
946,-1.1824233905022095,-1.8277288137560948,-1.8629441441621828,-2.584233196238176,5.088063812569699,-4.5507347149215835,1182.5
947,-1.1824233493405925,-1.8277288316449576,-1.8629441490959404,-2.5842331714196938,5.0880638524490305,-4.455668043619614,1183.75
948,-1.1824233022747903,-1.8277288486860763,-1.8629441512593357,-2.584233150466351,5.088063898618989,-4.350601379038272,1185.0
949,-1.1824232475084933,-1.8277288617466767,-1.8629441468250139,-2.584233141007054,5.088063953351732,-4.235534722909983,1186.25
950,-1.1824231879813358,-1.8277288759437,-1.862944142001094,-2.5842331307418314,5.088064012852697,-4.110468075645054,1187.5
951,-1.1824231233419786,-1.8277288805115046,-1.8629441263552855,-2.584233140868007,5.088064077565292,-3.975401434090113,1188.75
952,-1.182423053890066,-1.8277288845964,-1.8629441087548968,-2.5842331533624674,5.088064147103064,-3.830334793030233,1190.0
953,-1.182422984701986,-1.8277288766334963,-1.862944079699318,-2.584233189327082,5.088064216566777,-3.6752681581044846,1191.25
954,-1.1824229130995267,-1.8277288651652535,-1.862944046539032,-2.584233232855536,5.088064288505703,-3.5103424245021175,1192.5
955,-1.182422852732353,-1.8277288420064715,-1.8629440056627231,-2.5842332959252996,5.088064349371355,-3.3476497809082906,1193.75
956,-1.1824228011432556,-1.8277288167232402,-1.8629439654706466,-2.584233360560252,5.088064401473857,-3.194957137314396,1195.0
957,-1.182422762730654,-1.8277287862361162,-1.8629439243759713,-2.5842334314836344,5.088064440454333,-3.0522644937204326,1196.25
958,-1.1824227318995275,-1.8277287557504307,-1.8629438856308556,-2.5842335001691015,5.088064471837,-2.919571850126431,1197.5
959,-1.1824227140432029,-1.8277287229110386,-1.862943848650273,-2.584233569630662,5.088064490254411,-2.7968792065323886,1198.75
960,-1.182422697642249,-1.8277286927482106,-1.8629438146837676,-2.5842336334307925,5.088064507170721,-2.6841865629383026,1200.0
961,-1.182422695160578,-1.8277286622883113,-1.8629437847439527,-2.5842336937080788,5.088064510142527,-2.581493919344194,1201.25
962,-1.1824226942257445,-1.8277286344831496,-1.8629437578256494,-2.58423374833963,5.088064511521914,-2.4888012757500704,1202.5
963,-1.182422693391764,-1.8277286096777074,-1.862943733811382,-2.584233797077343,5.088064512752489,-2.406108632155921,1203.75
964,-1.1824227000846457,-1.82772858743526,-1.8629437145829544,-2.5842338385856714,5.0880645063992125,-2.3334159885617742,1205.0
965,-1.1824227079954224,-1.8277285681268352,-1.8629436985416319,-2.5842338739992643,5.088064498778724,-2.2707233449676143,1206.25
966,-1.182422714644364,-1.8277285518982678,-1.8629436850590324,-2.5842339037640936,5.088064492373769,-2.2180307013735137,1207.5
967,-1.1824227200314708,-1.8277285387495557,-1.8629436741351562,-2.5842339278801596,5.088064487184344,-2.17533805777943,1208.75
968,-1.1824227241567429,-1.8277285286806983,-1.8629436657700058,-2.584233946347461,5.08806448321045,-2.142645414185307,1210.0
969,-1.18242272702018,-1.827728521691695,-1.862943659963581,-2.5842339591659993,5.088064480452087,-2.1199527705912002,1211.25
970,-1.1824457263272012,-1.827788078454302,-1.862864257833332,-2.5842539683306027,5.08804151961742,-2.107186712584481,1212.5
971,-1.183725382757418,-1.8311021997488368,-1.8584462828422574,-2.585366935427466,5.08676400062942,-2.1023245594301265,1213.75
972,-1.1849969287217976,-1.8343953217894682,-1.8540563076629457,-2.586472845862999,5.085494576641007,-2.107274111826797,1215.0
973,-1.1850173816451972,-1.8344482986095447,-1.8539856933683603,-2.5864906333139017,5.085474152940218,-2.120125069114023,1216.25
974,-1.185017379961674,-1.834448306159843,-1.8539856970827815,-2.5864906296889663,5.085474145862092,-2.1429096596160053,1217.5
975,-1.185017377539264,-1.8344483170239154,-1.8539857024274369,-2.586490624473072,5.085474135677426,-2.1756942501179766,1218.75
976,-1.1850173743779673,-1.8344483312017619,-1.853985709402326,-2.586490617666219,5.08547412238622,-2.218478840619923,1220.0
977,-1.1850173702403388,-1.8344483489226722,-1.8539857173044698,-2.58649061194089,5.085474108056433,-2.2712634302582626,1221.25
978,-1.1850173650306506,-1.8344483702790866,-1.8539857258504542,-2.586490608374528,5.0854740935217855,-2.334048018946914,1222.5
979,-1.1850173607168921,-1.834448394269216,-1.8539857385772363,-2.5864905945314822,5.085474081041554,-2.406832603539049,1223.75
980,-1.1850173614084551,-1.8344484190646537,-1.853985762199186,-2.586490547292659,5.085474081020581,-2.4896171757818153,1225.0
981,-1.185017362165887,-1.834448446843239,-1.8539857887185542,-2.586490494156834,5.085474081145727,-2.5824017414175398,1226.25
982,-1.1850173645804354,-1.8344484772172218,-1.8539858183045397,-2.5864904352414966,5.085474079651814,-2.685186300240953,1227.5
983,-1.1850173808889124,-1.834448507216451,-1.853985852225488,-2.586490371585632,5.0854740628721915,-2.7979708486601655,1228.75
984,-1.1850173986449277,-1.8344485398745531,-1.8539858891569652,-2.5864903022749344,5.085474044591364,-2.9207553889672973,1230.0
985,-1.1850174294534241,-1.8344485701347462,-1.8539859278169026,-2.586490233873053,5.085474013240842,-3.0535399234989677,1231.25
986,-1.185017467656318,-1.8344486004627327,-1.8539859688285987,-2.586490163186557,5.0854739744670265,-3.1963244561559443,1232.5
987,-1.1850175190996048,-1.8344486255219403,-1.8539860088871776,-2.5864900989059514,5.0854739225104915,-3.3491089841941215,1233.75
988,-1.1850175791312174,-1.834448648567677,-1.8539860496771148,-2.5864900360304635,5.085473861980384,-3.511893505804186,1235.0
989,-1.1850176503728347,-1.8344486598565395,-1.8539860826481034,-2.5864899928652205,5.085473790404187,-3.676748683926226,1236.25
990,-1.1850177191454014,-1.8344486676667802,-1.8539861115090446,-2.5864899572420956,5.085473721358037,-3.831723833486336,1237.5
991,-1.185017788127803,-1.8344486636314248,-1.8539861290500874,-2.5864899447546104,5.0854736522911175,-3.9766989830465294,1238.75
992,-1.18501785232304,-1.8344486590143443,-1.8539861445455579,-2.5864899348213624,5.085473588031016,-4.111674132606749,1240.0
993,-1.185017911432126,-1.8344486449316433,-1.8539861493641414,-2.5864899449283625,5.085473529019503,-4.23664928216702,1241.25
994,-1.1850179658115474,-1.8344486319757882,-1.8539861537971534,-2.5864899542266437,5.085473474729847,-4.3516244317272985,1242.5
995,-1.1850180126013636,-1.8344486148870938,-1.8539861519013852,-2.5864899738617746,5.085473428112321,-4.45659958128763,1243.75
996,-1.1850180536110688,-1.83444859699338,-1.8539861474371333,-2.586489996781909,5.08547338730028,-4.551574730848005,1245.0
997,-1.1850180903028347,-1.834448580983711,-1.8539861434429208,-2.5864900172887673,5.0854733507853656,-4.636549880408377,1246.25
998,-1.1850181197228296,-1.8344485645131186,-1.8539861367477743,-2.586490040847681,5.085473321565312,-4.71152502996876,1247.5
999,-1.185018142830581,-1.8344485483433453,-1.8539861283817611,-2.5864900656832837,5.085473298666329,-4.77650017952914,1248.75
1000,-1.1850181623819342,-1.8344485346621815,-1.8539861213033177,-2.586490086696563,5.085473279291613,-4.831475329089483,1250.0
1001,-1.1850181783768896,-1.8344485234696284,-1.8539861155124435,-2.5864901038875194,5.085473263441166,-4.876450478649803,1251.25
1002,-1.1850181908154465,-1.8344485147656835,-1.8539861110091413,-2.5864901172561527,5.085473251114986,-4.911425628210132,1252.5
1003,-1.1850181996976048,-1.8344485085503472,-1.853986107793411,-2.5864901268024627,5.085473242313074,-4.93640077777046,1253.75
1004,-1.1850182050233649,-1.8344485048236188,-1.8539861058652527,-2.586490132526449,5.085473237035431,-4.95137592733077,1255.0
1005,-1.185931549636369,-1.8368431046137317,-1.8507754966691705,-2.5873126023733497,5.084561502089883,-4.958096242374045,1256.25
1006,-1.1874061218535188,-1.8407091424114448,-1.8455920325768775,-2.5886404601756725,5.08308952778769,-4.9553557265091195,1257.5
1007,-1.187577356510793,-1.8411580977813193,-1.8449900911597317,-2.588794662197633,5.082918591899367,-4.944399478889948,1258.75
1008,-1.1875773500385611,-1.8411581035857627,-1.8449900912196,-2.5887946651929035,5.082918592739079,-4.923933362940405,1260.0
1009,-1.1875773404039156,-1.8411581122263292,-1.8449900913087203,-2.5887946696517,5.082918593989087,-4.893467246990871,1261.25
1010,-1.1875773276068564,-1.841158123703019,-1.8449900914270931,-2.588794675574022,5.082918595649387,-4.853001131041332,1262.5
1011,-1.1875773117908517,-1.841158137919586,-1.844990091859873,-2.5887946819126415,5.08291859647151,-4.802535018508791,1263.75
1012,-1.1875772933347666,-1.8411581546218667,-1.8449900933600896,-2.5887946859020614,5.082918593158526,-4.742068916736079,1265.0
1013,-1.1875772716844775,-1.8411581739813265,-1.8449900951387468,-2.588794690178537,5.082918589839548,-4.671602815257015,1266.25
1014,-1.1875772372931555,-1.8411581889286452,-1.844990099236536,-2.5887946696659405,5.082918622973626,-4.591136730025072,1267.5
1015,-1.187577198617693,-1.8411582057269151,-1.8449901038679626,-2.5887946464983997,5.082918660311199,-4.500670648636962,1268.75
1016,-1.1875771556436148,-1.8411582243666411,-1.8449901090678824,-2.588794620524771,5.082918701974831,-4.40020457565912,1270.0
1017,-1.187577104261608,-1.8411582376793358,-1.8449901060089329,-2.58879460929431,5.082918753157049,-4.289738512980893,1271.25
1018,-1.1875770476244505,-1.8411582511496767,-1.8449901013893149,-2.5887945995868153,5.082918809764243,-4.169272457631429,1272.5
1019,-1.1875769861115648,-1.8411582604486536,-1.844990091218043,-2.5887945995432933,5.082918871300098,-4.038806408898536,1273.75
1020,-1.187576919682139,-1.8411582643155326,-1.8449900742659529,-2.5887946116502896,5.082918937813245,-3.8983403634359624,1275.0
1021,-1.1875768509390037,-1.841158262564442,-1.8449900511745412,-2.588794635463409,5.082919006734542,-3.7478743210055736,1276.25
1022,-1.18757678074365,-1.8411582530933743,-1.8449900201846074,-2.588794674850099,5.082919077234504,-3.5874082852477356,1277.5
1023,-1.1875767158077435,-1.8411582343689223,-1.8449899819057345,-2.5887947308320114,5.082919142612514,-3.421282548116648,1278.75
1024,-1.1875766581556266,-1.8411582122241392,-1.8449899425950318,-2.5887947913653715,5.082919200745985,-3.2639926995174937,1280.0
1025,-1.187576617052756,-1.8411581824766647,-1.8449899011025326,-2.588794861909319,5.082919242416562,-3.116702850918272,1281.25
1026,-1.1875765805436709,-1.8411581534877723,-1.84498986177195,-2.58879492960346,5.082919279471177,-2.979413002319014,1282.5
1027,-1.1875765597690526,-1.8411581209098968,-1.844989823877767,-2.588794999675211,5.082919300814896,-2.8521231537197167,1283.75
1028,-1.1875765429055933,-1.841158089897741,-1.8449897887116027,-2.588795065515957,5.082919318213781,-2.734833305120352,1285.0
1029,-1.1875765336374398,-1.8411580600646005,-1.8449897570473954,-2.5887951267924065,5.082919327981906,-2.6275434565209763,1286.25
1030,-1.1875765326667864,-1.8411580312434002,-1.8449897289425918,-2.5887951836242102,5.08291932941824,-2.5302536079215905,1287.5
1031,-1.1875765317959028,-1.841158005384612,-1.8449897037265521,-2.58879523461452,5.08291933070694,-2.4429637593221587,1288.75
1032,-1.18757653402524,-1.8411579823135906,-1.8449896821649356,-2.5887952792166438,5.082919328843849,-2.365673910722735,1290.0
1033,-1.1875765424115994,-1.8411579618524168,-1.844989665037773,-2.588795316873622,5.082919320768388,-2.2983840621232803,1291.25
1034,-1.1875765495516553,-1.8411579444319957,-1.8449896504558922,-2.5887953489343656,5.082919313893029,-2.241094213523852,1292.5
1035,-1.1875765554454072,-1.8411579300523289,-1.84498963841929,-2.5887953753988744,5.08291930821777,-2.193804364924501,1293.75
1036,-1.1875765600928554,-1.8411579187134133,-1.8449896289279706,-2.5887953962671486,5.082919303742612,-2.1565145163251103,1295.0
1037,-1.1875765634939996,-1.8411579104152491,-1.844989621981933,-2.588795411539188,5.082919300467555,-2.129224667725722,1296.25
1038,-1.1875765656488402,-1.8411579051578364,-1.8449896175811784,-2.5887954212149933,5.082919298392598,-2.1119348191263367,1297.5
1039,-1.1881240745098953,-1.8426110829648226,-1.8430301386950465,-2.5893055689638214,5.082372806017029,-2.1034286641585513,1298.75
1040,-1.189662355822142,-1.8466939477110758,-1.8375247807967543,-2.590738870211713,5.080837379975059,-2.1038428766392254,1300.0
1041,-1.1901008308662435,-1.8478577411109844,-1.8359555206582423,-2.5911474206694347,5.0803997155180625,-2.1129915400241135,1301.25
1042,-1.1901008295249913,-1.847857747053808,-1.8359555235576612,-2.591147417952192,5.080399710041848,-2.1311057560711353,1302.5
1043,-1.1901008274432974,-1.847857756277383,-1.8359555280577111,-2.5911474137348876,5.080399701542476,-2.159219972118176,1303.75
1044,-1.1901008246211617,-1.847857768781709,-1.8359555341583929,-2.5911474080175223,5.080399690019945,-2.1973341881652058,1305.0
1045,-1.1901008210562556,-1.8478577845689999,-1.8359555418529132,-2.591147400825762,5.080399675494744,-2.245448404189752,1306.25
1046,-1.190100816226367,-1.8478578041356177,-1.8359555496179214,-2.591147397915379,5.080399662561225,-2.303562615820754,1307.5
1047,-1.1901008105653756,-1.8478578270691606,-1.8359555587190932,-2.5911473945041927,5.080399647402171,-2.3716768274517745,1308.75
1048,-1.1901008097196255,-1.8478578508405685,-1.8359555784467503,-2.591147358717386,5.080399643767441,-2.4497910261473113,1310.0
1049,-1.1901008104446866,-1.847857876900324,-1.8359556034725928,-2.5911473088308554,5.0803996437818695,-2.5379052202874446,1311.25
1050,-1.1901008112223497,-1.8478579058962064,-1.8359556314163556,-2.5911472529482165,5.080399644050274,-2.63601940314971,1312.5
1051,-1.1901008215977487,-1.8478579355341427,-1.8359556632251532,-2.591147192068539,5.080399633780524,-2.7441335784675536,1313.75
1052,-1.190100838472148,-1.8478579665669534,-1.8359556985691055,-2.5911471259597345,5.080399616407055,-2.8622477459663296,1315.0
1053,-1.1901008605619194,-1.8478579985794248,-1.8359557364870203,-2.591147056385105,5.080399593776493,-2.990361906042603,1316.25
1054,-1.1901008970684932,-1.8478580275685577,-1.8359557759545575,-2.591146988551972,5.080399556718647,-3.1284760614079676,1317.5
1055,-1.1901009393979445,-1.8478580564341747,-1.8359558171199988,-2.5911469192318397,5.080399513827447,-3.2765902153087194,1318.75
1056,-1.1901009970011769,-1.8478580785702006,-1.8359558565369847,-2.591146858600484,5.080399455740564,-3.4347043622635924,1320.0
1057,-1.1901010625720647,-1.8478580961171214,-1.8359558939977019,-2.5911468046209025,5.080399389742887,-3.6010241710604443,1321.25
1058,-1.190101131983646,-1.8478581054984096,-1.8359559247506518,-2.5911467655495946,5.0803993200282,-3.760666397650666,1322.5
1059,-1.1901012003725069,-1.8478581061811061,-1.8359559467614686,-2.5911467438798366,5.080399251479123,-3.910308624240958,1323.75
1060,-1.1901012660113963,-1.847858102378356,-1.8359559635705232,-2.5911467318438763,5.080399185758546,-4.0499508508313085,1325.0
1061,-1.190101326729422,-1.847858092312145,-1.8359559727784591,-2.5911467335817644,5.080399125070851,-4.179593077421727,1326.25
1062,-1.1901013826293068,-1.847858079029169,-1.8359559773674587,-2.5911467430745247,5.080399069263824,-4.299235304012147,1327.5
1063,-1.1901014329748154,-1.847858065234393,-1.835955979726902,-2.59114675522424,5.080399019031565,-4.408877530602622,1328.75
1064,-1.190101475477039,-1.847858046719029,-1.8359559750668724,-2.5911467789838554,5.080398976736034,-4.508519757193103,1330.0
1065,-1.190101513713781,-1.8478580300618535,-1.835955970874513,-2.5911468003589793,5.080398938685242,-4.598161983783626,1331.25
1066,-1.1901015473079164,-1.8478580149633945,-1.8359559667421226,-2.5911468200503283,5.080398905261978,-4.6778042103741475,1332.5
1067,-1.1901015717742531,-1.8478579978620207,-1.835955957820783,-2.591146846391653,5.0803988810188105,-4.747446436964676,1333.75
1068,-1.190101592727443,-1.847857983216251,-1.8359559501804674,-2.5911468689505983,5.080398860256746,-4.807088663555203,1335.0
1069,-1.1901016101674868,-1.8478579710260876,-1.8359559438211734,-2.591146887727167,5.0803988429757805,-4.856730890145663,1336.25
1070,-1.1901016240943838,-1.8478579612915282,-1.835955938742904,-2.591146902721357,5.080398829175918,-4.896373116736112,1337.5
1071,-1.1901016345081337,-1.8478579540125724,-1.8359559349456598,-2.5911469139331684,5.080398818857156,-4.926015343326587,1338.75
1072,-1.1901016414087366,-1.8478579491892204,-1.835955932429441,-2.5911469213626015,5.080398812019497,-4.945657569917074,1340.0
1073,-1.1903504386465713,-1.848526454844696,-1.8350494435413514,-2.591386640934861,5.080150500649222,-4.955984488993063,1341.25
1074,-1.1918270772468058,-1.85249417898796,-1.829669265298198,-2.592809400477154,5.078676745453166,-4.957943534151963,1342.5
1075,-1.1925918161193352,-1.8545490398171205,-1.826882906136795,-2.5935462389883153,5.0779134979861595,-4.95063245835364,1343.75
1076,-1.1925918111882234,-1.8545490442316919,-1.8268829061577823,-2.593546241359076,5.077913498724718,-4.934905239146833,1345.0
1077,-1.1925918031217124,-1.854549051453226,-1.8268829061921141,-2.5935462452372624,5.07791349993288,-4.909178019940021,1346.25
1078,-1.1925917919198015,-1.8545490614817224,-1.8268829062397904,-2.5935462506228744,5.077913501610647,-4.873450800733219,1347.5
1079,-1.192591777582491,-1.8545490743171815,-1.8268829063008112,-2.5935462575159116,5.077913503758018,-4.8277235815264286,1348.75
1080,-1.19259176058576,-1.8545490896451438,-1.8268829073074848,-2.593546262516062,5.077913502190084,-4.771996375520523,1350.0
1081,-1.1925917406948154,-1.854549107620728,-1.8268829087999192,-2.593546267300645,5.077913498971192,-4.706269173503584,1351.25
1082,-1.1925917127213186,-1.8545491245154548,-1.8268829116992262,-2.5935462590955196,5.077913514520757,-4.6305419805164725,1352.5
1083,-1.1925916765250024,-1.854549140223472,-1.8268829160381368,-2.593546237520141,5.07791354937303,-4.544814795088748,1353.75
1084,-1.1925916360794693,-1.8545491577451252,-1.8268829209514013,-2.59354621313454,5.077913588521321,-4.449087620051244,1355.0
1085,-1.1925915895655586,-1.8545491738994422,-1.8268829224625978,-2.593546193867272,5.077913634207233,-4.343360451746186,1356.25
1086,-1.1925915358142842,-1.854549186650271,-1.8268829180493948,-2.593546184707689,5.077913687924023,-4.227633291768097,1357.5
1087,-1.1925914774171191,-1.8545492005041389,-1.8268829132510398,-2.5935461747709847,5.077913746293482,-4.101906140074245,1358.75
1088,-1.1925914140042007,-1.854549204186205,-1.8268828969760198,-2.593546186428358,5.077913809787598,-3.9661789945928136,1360.0
1089,-1.1925913459184276,-1.8545492081139452,-1.8268828794765386,-2.5935461989960444,5.077913877960239,-3.8204518491412602,1361.25
1090,-1.192591278462212,-1.8545491993832677,-1.8268828498707401,-2.593546236300201,5.077913945706194,-3.6647247105422336,1362.5
1091,-1.1925912091648403,-1.8545491872005897,-1.826882816333022,-2.593546280951196,5.07791401535342,-3.4993401455925284,1363.75
1092,-1.192591150492376,-1.854549164646034,-1.826882776039732,-2.593546342860176,5.077914074521184,-3.337314731994926,1365.0
1093,-1.1925911013577664,-1.8545491393503566,-1.826882736068009,-2.593546407323854,5.077914124174752,-3.185289318397241,1366.25
1094,-1.192591064043569,-1.8545491097190427,-1.8268826955825275,-2.593546476801854,5.077914162052483,-3.0432639047995407,1367.5
1095,-1.1925910351467164,-1.8545490796537543,-1.8268826573104797,-2.5935465446250747,5.077914191501476,-2.911238491201801,1368.75
1096,-1.1925910178124797,-1.8545490477853999,-1.826882620905763,-2.593546612552007,5.077914209391825,-2.7892130776039745,1370.0
1097,-1.1925910018987862,-1.8545490185286673,-1.8268825874844112,-2.5935466749123175,5.0779142258160554,-2.677187664006126,1371.25
1098,-1.1925910004199813,-1.8545489887949644,-1.8268825581186785,-2.593546733908523,5.077914227781513,-2.5751622504082476,1372.5
1099,-1.1925909995115829,-1.8545489618746362,-1.826882531666272,-2.5935467871942324,5.077914229129572,-2.483136836810356,1373.75
1100,-1.1925909987018963,-1.8545489378796254,-1.8268825080883304,-2.593546834689617,5.077914230331144,-2.4011114232124586,1375.0
1101,-1.1925910058280214,-1.8545489163578723,-1.8268824893990647,-2.593546874948478,5.077914223539299,-2.32908600961453,1376.25
1102,-1.1925910134640743,-1.854548897737714,-1.8268824736899538,-2.593546909341131,5.077914216189233,-2.267060596016609,1377.5
1103,-1.1925910198690106,-1.8545488821195781,-1.8268824605135299,-2.593546938188856,5.077914210024177,-2.2150351824187386,1378.75
1104,-1.1925910250428298,-1.854548869503464,-1.826882449869795,-2.5935469614916506,5.077914205044129,-2.1730097688208936,1380.0
1105,-1.1925910289855324,-1.85454885988937,-1.8268824417587501,-2.593546979249516,5.077914201249089,-2.140984355223037,1381.25
1106,-1.1925910316971182,-1.8545488532772962,-1.8268824361803953,-2.5935469914624525,5.077914198639059,-2.118958941625169,1382.5
1107,-1.1926399785396378,-1.854681994143628,-1.8267008894104095,-2.5935957366999705,5.077865352249137,-2.106770051843481,1383.75
1108,-1.193918246718366,-1.8581592254613502,-1.8219596523334425,-2.5948686042651365,5.076589706058249,-2.102453923162484,1385.0
1109,-1.195042096012454,-1.8612164013983123,-1.8177911704438152,-2.595987703338052,5.075468159994116,-2.1079069396877905,1386.25
1110,-1.1950476896012476,-1.8612316244860134,-1.8177704216342898,-2.5959932723838555,5.0754625729714835,-2.1212352273361703,1387.5
1111,-1.195047687872395,-1.8612316320562854,-1.8177704253004308,-2.5959932690846155,5.075462566114846,-2.144543433059705,1388.75
1112,-1.1950476854018066,-1.861231642874457,-1.8177704305394684,-2.595993264369891,5.075462556316481,-2.177851638783244,1390.0
1113,-1.1950476821894829,-1.8612316569405287,-1.8177704373514036,-2.595993258239682,5.075462543576387,-2.2211598445067584,1391.25
1114,-1.1950476779714827,-1.861231674501899,-1.8177704449765282,-2.5959932535465144,5.07546253024019,-2.274468046507762,1392.5
1115,-1.1950476727038477,-1.8612316955997725,-1.8177704532883148,-2.5959932507654724,5.0754625166985505,-2.337776245142997,1393.75
1116,-1.1950476687089935,-1.8612317190807757,-1.8177704663997687,-2.5959932356286988,5.075462505948103,-2.4110844387644113,1395.0
1117,-1.1950476693888699,-1.8612317434103853,-1.8177704899463594,-2.595993188876255,5.075462505957265,-2.494392620816399,1396.25
1118,-1.1950476701323465,-1.8612317706467325,-1.8177705163689697,-2.595993136300213,5.075462506122202,-2.5877007954814686,1397.5
1119,-1.1950476732572923,-1.8612318002314379,-1.8177705459063578,-2.595993078111036,5.075462503842058,-2.6910089632635943,1398.75
1120,-1.1950476892517763,-1.8612318296345416,-1.8177705796484762,-2.5959930152218385,5.075462487373409,-2.8043171212519225,1400.0
1121,-1.1950477066594734,-1.861231861631604,-1.8177706163714806,-2.595992946771567,5.075462469436988,-2.927625270561803,1401.25
1122,-1.1950477376799595,-1.8612318909237335,-1.817770654707359,-2.5959928796658387,5.075462437875291,-3.06093341420247,1402.5
1123,-1.1950477751062527,-1.8612319206415247,-1.8177706954622899,-2.5959928098325014,5.075462399877624,-3.2042415563227062,1403.75
1124,-1.1950478262778583,-1.8612319446600198,-1.81777073497101,-2.5959927471359396,5.075462348199716,-3.357549693523805,1405.0
1125,-1.1950478850603183,-1.8612319672619824,-1.8177707754870787,-2.5959926849589565,5.075462288918262,-3.5208578243958257,1406.25
1126,-1.1950479550207511,-1.8612319776026311,-1.8177708075472327,-2.5959926436331124,5.075462218634673,-3.685270497308987,1407.5
1127,-1.1950480221913218,-1.861231984584665,-1.8177708354535924,-2.595992609768819,5.075462151201997,-3.8397154811762255,1408.75
1128,-1.1950480892725592,-1.8612319807306523,-1.8177708527568348,-2.595992597312987,5.075462084035978,-3.984160465043525,1410.0
1129,-1.195048151662327,-1.8612319757403766,-1.81777086747798,-2.595992588502229,5.075462021590338,-4.118605448910879,1411.25
1130,-1.1950482091075638,-1.861231962123697,-1.8177708722278398,-2.5959925981917924,5.075461964241136,-4.2430504327782845,1412.5
1131,-1.1950482619366887,-1.8612319496012164,-1.8177708765960077,-2.5959926071027364,5.075461911500326,-4.357495416645738,1413.75
1132,-1.1950483071475908,-1.8612319326551026,-1.8177708742548617,-2.595992627020636,5.075461866466835,-4.4619404005132015,1415.0
1133,-1.1950483469485018,-1.86123191534405,-1.8177708698587547,-2.5959926492764875,5.075461826861219,-4.556385384380683,1416.25
1134,-1.195048382535224,-1.861231899865925,-1.8177708659281107,-2.5959926691758524,5.075461791449114,-4.640830368248206,1417.5
1135,-1.1950484107539239,-1.861231883716452,-1.817770859028632,-2.595992692603322,5.075461763432237,-4.715275352115697,1418.75
1136,-1.1950484331218407,-1.861231868100381,-1.8177708508124857,-2.5959927167279484,5.0754617412703125,-4.779720335983214,1420.0
1137,-1.195048452018903,-1.861231854907474,-1.817770843871247,-2.59599273710913,5.075461722547278,-4.834165319850695,1421.25
1138,-1.1950484674451114,-1.8612318441377314,-1.8177708382049151,-2.595992753746868,5.075461707263134,-4.878610303718135,1422.5
1139,-1.1950484794004648,-1.8612318357911515,-1.8177708338134921,-2.5959927666411593,5.07546169541788,-4.9130552875856,1423.75
1140,-1.1950484878849634,-1.8612318298677342,-1.8177708306969784,-2.5959927757920056,5.075461687011517,-4.9375002714530485,1425.0
1141,-1.1950484928986076,-1.8612318263674796,-1.817770828855374,-2.5959927811994072,5.075461682044045,-4.951945255320508,1426.25
1142,-1.1959846676250478,-1.8638100568417313,-1.8142361344312072,-2.5969556927130224,5.074527521859717,-4.95829994755015,1427.5
1143,-1.1973473604720664,-1.8675629353244372,-1.8090910301779413,-2.5983573049824487,5.073167760482404,-4.955100536637477,1428.75
1144,-1.197472389661724,-1.8679072801971839,-1.8086189459871553,-2.598485910282698,5.073042997440201,-4.9438453779913125,1430.0
1145,-1.1974723831786094,-1.867907285991408,-1.8086189459842115,-2.5984859135080995,5.073042998538098,-4.922990119742528,1431.25
1146,-1.197472373586871,-1.8679072945639363,-1.8086189459798563,-2.5984859182800673,5.073043000162432,-4.892134861493711,1432.5
1147,-1.1974723608865094,-1.867907305914768,-1.8086189459740893,-2.5984859245986,5.073043002313203,-4.851279603244932,1433.75
1148,-1.1974723452423037,-1.8679073199365466,-1.8086189462852875,-2.5984859313106767,5.0730430035267355,-4.800424350094884,1435.0
1149,-1.197472326982187,-1.8679073364156173,-1.8086189475470618,-2.598485936121633,5.073043000890122,-4.739569109966897,1436.25
1150,-1.1974723052340899,-1.867907355227914,-1.8086189491393052,-2.5984859403598275,5.07304299967135,-4.668713870794864,1437.5
1151,-1.1974722715038548,-1.8679073698435493,-1.8086189532078445,-2.5984859202659645,5.0730430321305935,-4.587858647271637,1438.75
1152,-1.197472233591327,-1.867907386259042,-1.8086189578077823,-2.598485897566554,5.073043068696025,-4.497003428155137,1440.0
1153,-1.1974721914853705,-1.8679074044662345,-1.808618962968726,-2.5984858721352504,5.0730431094638835,-4.39614821710608,1441.25
1154,-1.1974721409802915,-1.867907417143554,-1.8086189595528999,-2.5984858619725677,5.073043159818877,-4.285293016825669,1442.5
1155,-1.1974720855176864,-1.86790743026965,-1.80861895496413,-2.5984858525909424,5.073043215250447,-4.164437823834549,1443.75
1156,-1.1974720252807296,-1.8679074388859802,-1.8086189444417515,-2.5984858535961823,5.073043275514223,-4.033582637394334,1445.0
1157,-1.1974719602572628,-1.867907442608375,-1.8086189276064173,-2.598485865748229,5.073043340622231,-3.892727454049556,1446.25
1158,-1.197471893186391,-1.8679074403354998,-1.808618904251912,-2.598485890366733,5.073043407879714,-3.74187227400731,1447.5
1159,-1.1974718244990277,-1.8679074310172483,-1.8086188734851816,-2.5984859293979623,5.0730434768722175,-3.5810171005530362,1448.75
1160,-1.1974717616122192,-1.8679074122057875,-1.8086188352432628,-2.598485985458861,5.073043540207439,-3.4150347295347236,1450.0
1161,-1.1974717054752961,-1.8679073906186046,-1.8086187964075746,-2.598486044982854,5.073043596823492,-3.2581406472680596,1451.25
1162,-1.197471666038701,-1.8679073612517867,-1.8086187552091226,-2.59848611487843,5.073043636830103,-3.111246565001372,1452.5
1163,-1.1974716305007311,-1.867907333037193,-1.8086187163677374,-2.5984861813262072,5.073043672910517,-2.974352482734595,1453.75
1164,-1.1974716108908705,-1.867907301089607,-1.8086186788856247,-2.5984862503762094,5.073043693088909,-2.8474584004677794,1455.0
1165,-1.1974715944823315,-1.867907270940019,-1.8086186441737304,-2.598486314910781,5.073043710029339,-2.7305643182009405,1456.25
1166,-1.1974715860083753,-1.867907241823404,-1.8086186129733548,-2.598486375022478,5.073043719000635,-2.623670235934048,1457.5
1167,-1.197471585061916,-1.8679072138361412,-1.808618585250715,-2.598486430642865,5.073043720409204,-2.526776153667152,1458.75
1168,-1.1974715842131363,-1.8679071887373229,-1.8086185603891982,-2.598486480522924,5.073043721672401,-2.439882071400208,1460.0
1169,-1.1974715867584287,-1.867907166338255,-1.8086185392422491,-2.5984865240467645,5.073043719489634,-2.362987989133275,1461.25
1170,-1.1974715948945143,-1.8679071465131956,-1.8086185223786015,-2.5984865608039582,5.073043711661387,-2.29609390686635,1462.5
1171,-1.1974716018143359,-1.8679071296517857,-1.8086185080359012,-2.598486592066317,5.073043705003384,-2.2391998245994316,1463.75
1172,-1.1974716075178937,-1.867907115754028,-1.8086184962141458,-2.5984866178338413,5.073043699515628,-2.192305742332583,1465.0
1173,-1.1974716120051876,-1.8679071048199183,-1.8086184869133384,-2.5984866381065306,5.073043695198115,-2.155411660065723,1466.25
1174,-1.1974716152762177,-1.867907096849457,-1.8086184801334795,-2.5984866528843846,5.073043692050847,-2.1285175777988368,1467.5
1175,-1.1974716173309838,-1.8679070918426448,-1.808618475874569,-2.5984866621674034,5.073043690073826,-2.1116234955319535,1468.75
1176,-1.1980362502683357,-1.8694814086278535,-1.8064484530932594,-2.599086231539994,5.0724803303189985,-2.1033965754666784,1470.0
1177,-1.1994854019141303,-1.8735219655147968,-1.8008790035337685,-2.6006250402712454,5.071034445666548,-2.104137355509593,1471.25
1178,-1.1998633025706564,-1.8745756414129282,-1.7994266362689317,-2.6010263205495523,5.070657393736623,-2.1135004023044757,1472.5
1179,-1.1998633012060624,-1.8745756473198878,-1.7994266391107208,-2.60102631809432,5.070657388478185,-2.131872002734958,1473.75
1180,-1.1998632990986948,-1.8745756564421137,-1.7994266434993482,-2.6010263143026577,5.070657380357483,-2.1602436031654864,1475.0
1181,-1.1998632962485538,-1.8745756687796065,-1.7994266494348135,-2.6010263091745682,5.070657369374517,-2.198615203595991,1476.25
1182,-1.1998632926405168,-1.8745756843463668,-1.7994266568741166,-2.601026302870477,5.07065735566503,-2.246986803804911,1477.5
1183,-1.1998632877800604,-1.8745757036002644,-1.7994266644110515,-2.6010263006366903,5.0706573436680635,-2.305358397313218,1478.75
1184,-1.1998632820869288,-1.874575726152667,-1.799426673239185,-2.6010262980202192,5.070657329615824,-2.373729990821543,1480.0
1185,-1.1998632814064778,-1.8745757493470627,-1.7994266931062972,-2.6010262618466062,5.0706573266784245,-2.4521015708950085,1481.25
1186,-1.1998632821167734,-1.874575774825828,-1.7994267179857086,-2.6010262126193364,5.0706573267272095,-2.5404731464933548,1482.5
1187,-1.1998632828806972,-1.8745758031662596,-1.7994267457577395,-2.6010261574942035,5.070657327013585,-2.638844710942981,1483.75
1188,-1.1998632934060205,-1.8745758320473147,-1.7994267773923183,-2.6010260974916792,5.070657316552543,-2.7472162675351783,1485.0
1189,-1.1998633099191518,-1.8745758623807196,-1.7994268124856267,-2.6010260323240373,5.070657299537979,-2.865587816335337,1486.25
1190,-1.1998633319369105,-1.8745758934942436,-1.7994268500821624,-2.6010259639675253,5.070657276979015,-2.993959357741258,1487.5
1191,-1.1998633676460415,-1.8745759218376716,-1.7994268892565524,-2.6010258970593516,5.0706572407190595,-3.132330894523786,1488.75
1192,-1.1998634094301395,-1.8745759497930652,-1.7994269299685588,-2.601025829092337,5.070657198377367,-3.2807024296533327,1490.0
1193,-1.1998634657594922,-1.8745759714542756,-1.79942696908325,-2.6010257692188823,5.070657141564559,-3.4390739579057623,1491.25
1194,-1.1998635301040346,-1.8745759882805202,-1.7994270059732766,-2.6010257165122246,5.070657076798659,-3.6054782590403622,1492.5
1195,-1.1998635978085583,-1.8745759974727871,-1.799427036413395,-2.6010256779193215,5.0706570087914855,-3.764979105378324,1493.75
1196,-1.199863664653422,-1.874575997843699,-1.7994270579017826,-2.6010256570630266,5.07065694179168,-3.914479951716399,1495.0
1197,-1.1998637286686522,-1.8745759941914775,-1.7994270745372787,-2.6010256450295812,5.070656877694299,-4.053980798054493,1496.25
1198,-1.1998637878687846,-1.8745759841206096,-1.7994270833353292,-2.601025647162884,5.07065681852882,-4.18348164439267,1497.5
1199,-1.199863842375684,-1.8745759712298424,-1.7994270878755492,-2.6010256562960237,5.070656764113629,-4.302982490730854,1498.75
1200,-1.199863891321306,-1.874575957580963,-1.7994270899123936,-2.6010256686052595,5.070656715284626,-4.412483337069079,1500.0
1201,-1.1998639327537293,-1.874575939588849,-1.799427085301353,-2.601025691781376,5.070656674057333,-4.511984183407359,1501.25
1202,-1.1998639700221267,-1.8745759234049761,-1.7994270811537243,-2.601025712628256,5.0706566369734505,-4.601485029745657,1502.5
1203,-1.1998640025329061,-1.8745759085581857,-1.799427076818325,-2.6010257322580816,5.070656604635677,-4.680985876083952,1503.75
1204,-1.1998640263681772,-1.8745758919387032,-1.7994270679971154,-2.601025758011624,5.070656581022025,-4.7504867224222505,1505.0
1205,-1.1998640467739548,-1.8745758777104842,-1.7994270604451292,-2.6010257800596657,5.070656560805977,-4.809987568760533,1506.25
1206,-1.1998640637502394,-1.8745758658735308,-1.799427054162363,-2.6010257984022074,5.070656543987536,-4.859488415098772,1507.5
1207,-1.1998640772970302,-1.8745758564278405,-1.7994270491488207,-2.6010258130392483,5.070656530566703,-4.898989261436977,1508.75
1208,-1.1998640874143272,-1.874575849373413,-1.799427045404502,-2.601025823970789,5.0706565205434755,-4.928490107775237,1510.0
1209,-1.1998640941021304,-1.8745758447102483,-1.7994270429294077,-2.601025831196829,5.0706565139178545,-4.947990954113465,1511.25
1210,-1.1998640973604398,-1.874575842438346,-1.7994270417235374,-2.6010258347173685,5.070656510689841,-4.957491800451718,1512.5
1211,-1.1998640977078066,-1.8745758421961398,-1.79942704159498,-2.6010258350926914,5.070656510345704,-4.958504681339745,1513.062605787
