,shoulder_pan_joint,shoulder_lift_joint,elbow_joint,wrist_1_joint,wrist_2_joint,wrist_3_joint,time_from_start
0,-1.2764270941363733,-2.112769905720846,-1.626054588948385,-2.5095656553851526,-1.2363365332232874,1.82432222366333,0.0
1,-1.2762162989134036,-2.112055078431814,-1.6267406330580279,-2.5097705145486966,-1.2361525875861314,1.8293222236633302,1.25
2,-1.2755839132444946,-2.1099105965647196,-1.6287987653869567,-2.5103850920393285,-1.2356007506746634,1.8443222236633303,2.5
3,-1.2745299371296461,-2.1063364601195618,-1.632228985935171,-2.5114093878570483,-1.2346810224888833,1.86932222366333,3.75
4,-1.2730543705688584,-2.1013326690963403,-1.6370312947026713,-2.512843402001856,-1.233393403028791,1.9043222236633301,5.0
5,-1.271153938991605,-2.094897545902353,-1.64319323301374,-2.514695186650565,-1.2317587249387643,1.9493222208663958,6.25
6,-1.2688189097815927,-2.087026101310542,-1.6506777790747478,-2.5169886727193926,-1.2298388987730497,2.0043222326503622,7.5
7,-1.266041735239618,-2.0777144672933066,-1.6594562194635607,-2.519742419361936,-1.2276819393987957,2.0693222630464705,8.75
8,-1.2628126193446594,-2.0669559090849225,-1.669499359953928,-2.5229654837658506,-1.2253392316556635,2.144322307168661,10.0
9,-1.2591184212221718,-2.0547386890449792,-1.680780758537649,-2.526646343438806,-1.2228624802935357,2.229322368654617,11.25
10,-1.254944563991594,-2.0410508841498256,-1.693267641725484,-2.530780308629669,-1.2203102248625655,2.3243224430692235,12.5
11,-1.2502706541512056,-2.0258722810524246,-1.7069348420349186,-2.535326308594909,-1.2177281541204934,2.429322531418486,13.75
12,-1.2450726711559277,-2.0091798636350013,-1.7217546081284354,-2.5402382685080287,-1.215157003095083,2.544322618643512,15.0
13,-1.2393204349875493,-1.990943918749764,-1.7377024424119192,-2.5454458499054162,-1.2126215674547325,2.6693227102557096,16.25
14,-1.2329747114110177,-1.9711267773242405,-1.754757104043513,-2.5508537606663246,-1.210113163296917,2.804322799217977,17.5
15,-1.2263273291721646,-1.9507198335172475,-1.7720280775443058,-2.5560967949838833,-1.2077070692580847,2.9423469298607374,18.75
16,-1.2199884532466676,-1.9316073858890377,-1.7879415273016193,-2.5606750233559126,-1.2055319929543378,3.070642629911845,20.0
17,-1.2139931826489505,-1.9138528961490344,-1.8025005222843316,-2.564622397258656,-1.203506215352176,3.188938340853927,21.25
18,-1.2083651812609624,-1.8974816382667452,-1.8157347134702198,-2.5679959469008296,-1.2015681186815357,3.29723405221628,22.5
19,-1.2031325701644988,-1.8825211757853388,-1.8276683289295823,-2.570859669749648,-1.19969537620673,3.39552970055599,23.75
20,-1.1983246961357406,-1.868998139545642,-1.8383231697025435,-2.5732722491974176,-1.1978882940273614,3.4838253267217096,25.0
21,-1.193969712725968,-1.856938023191809,-1.8477177136441822,-2.575291639058019,-1.1961563507292468,3.562120893137901,26.25
22,-1.1900976207776246,-1.8463646566261964,-1.8558701311800103,-2.5769636340858675,-1.194532592243199,3.6304164457228616,27.5
23,-1.1867365060737285,-1.837299716612506,-1.8627966148149326,-2.5783284224868783,-1.1930544392380114,3.6887119488324807,28.75
24,-1.1839099906123955,-1.8297615061129484,-1.8685107939546128,-2.5794202133349984,-1.1917529703473093,3.7370074325133027,30.0
25,-1.1816416420923943,-1.8237659180860648,-1.873026223370232,-2.580260929969276,-1.1906712725960524,3.7753029040034978,31.25
26,-1.1799502267494884,-1.8193255826316506,-1.8763536953616118,-2.580867898352869,-1.1898437839163343,3.8035983656305077,32.5
27,-1.1788507729370323,-1.8164506141034091,-1.8785018526919353,-2.581254993485801,-1.1892980828958049,3.8218938198319257,33.75
28,-1.177494151982115,-1.8129039807322924,-1.8811514367381743,-2.581732092771561,-1.1886241913360895,3.8305405685185714,35.0
29,-1.1751443298165292,-1.8067608110217506,-1.8857408240851583,-2.582558467216879,-1.1874569376201305,3.8294187757294282,36.25
30,-1.1744362679231062,-1.8049097180301565,-1.887123727948437,-2.5828074657601845,-1.1871052159715196,3.819626871208749,37.5
31,-1.1744362706554188,-1.804909729378181,-1.8871237291734941,-2.5828074464600075,-1.1871052211290674,3.801073134921471,38.75
32,-1.1744362748603796,-1.8049097468425073,-1.8871237310588258,-2.5828074167575177,-1.187105229066404,3.772519398634193,40.0
33,-1.174436280718812,-1.804909770453282,-1.8871237334629232,-2.582807377359682,-1.1871052412879881,3.7339656719877956,41.25
34,-1.1744362883419721,-1.8049098002290573,-1.8871237362987197,-2.5828073287014712,-1.187105258719469,3.685411956963672,42.5
35,-1.1744362975351783,-1.8049098361373757,-1.8871237397185696,-2.5828072700217386,-1.187105279741093,3.626858241939549,43.75
36,-1.1744363079310567,-1.8049098605403728,-1.8871237563955239,-2.582807223766177,-1.1871052944337201,3.5583045395343937,45.0
37,-1.1744363197031942,-1.804909881772039,-1.8871237803414957,-2.58280717932907,-1.1871053074841995,3.479750841615528,46.25
38,-1.1744363329602932,-1.804909905726409,-1.8871238072742271,-2.582807129476168,-1.1871053220784882,3.39119715159306,47.5
39,-1.1744363516334486,-1.804909930643726,-1.8871238368717291,-2.582807075931891,-1.1871053418685722,3.292643463983852,48.75
40,-1.1744363814014576,-1.8049099539934692,-1.8871238686160487,-2.5828070213953884,-1.1871053720417557,3.1840897786568303,50.0
41,-1.1744364139103938,-1.8049099794936991,-1.887123903286617,-2.582806961826028,-1.1871054049836525,3.0655361022398164,51.25
42,-1.174436459704333,-1.8049099998012428,-1.8871239370782842,-2.5828069084769494,-1.1871054511871104,2.9369824317228463,52.5
43,-1.174436512082344,-1.8049100195836374,-1.887123972408508,-2.5828068542006637,-1.187105503989624,2.7984287656380116,53.75
44,-1.1744365757794695,-1.8049100321533267,-1.887124004287239,-2.5828068107379156,-1.187105568022492,2.6498751043664273,55.0
45,-1.174436646011757,-1.8049100413272743,-1.8871240349149019,-2.582806772010373,-1.1871056385513095,2.4942137292745823,56.25
46,-1.1744367171212848,-1.804910039322501,-1.8871240550268897,-2.5828067549582094,-1.1871057097821083,2.3464160597450405,57.5
47,-1.1744367843368233,-1.804910035232267,-1.8871240719190763,-2.5828067431472266,-1.1871057770774884,2.208618390215494,58.75
48,-1.1744368463799033,-1.8049100227390258,-1.8871240790985815,-2.5828067493505946,-1.187105839056168,2.0808207206859386,60.0
49,-1.1744369034958386,-1.8049100090867005,-1.8871240836319445,-2.5828067592823505,-1.1871058960787397,1.9630230511563775,61.25
50,-1.1744369540368833,-1.8049099934507935,-1.8871240842126566,-2.582806775046547,-1.1871059464808509,1.8552253816268116,62.5
51,-1.1744369973284026,-1.8049099746031643,-1.887124079446389,-2.5828067992520567,-1.1871059895669602,1.757427712097234,63.75
52,-1.1744370361932828,-1.8049099576827463,-1.887124075167475,-2.5828068209825084,-1.187106028247434,1.6696300425676558,65.0
53,-1.1744370691718498,-1.804909941544967,-1.8871240698188458,-2.582806842914474,-1.1871060610413267,1.5918323730380763,66.25
54,-1.1744370938909705,-1.8049099243289897,-1.8871240608690085,-2.58280686939953,-1.187106085540921,1.5240347035084982,67.5
55,-1.1744371149640775,-1.8049099096523296,-1.8871240532392513,-2.582806891978101,-1.1871061064268817,1.4662370339789186,68.75
56,-1.1744371323911724,-1.8049098975149893,-1.8871240469295714,-2.5828069106501887,-1.1871061236992104,1.4184393644493425,70.0
57,-1.1744371461722536,-1.8049098879169647,-1.887124041939972,-2.5828069254157917,-1.1871061373579046,1.380641694919766,71.25
58,-1.1744371563073215,-1.804909880858257,-1.887124038270454,-2.5828069362749093,-1.187106147402965,1.3528440253901886,72.5
59,-1.1744371627963759,-1.8049098763388658,-1.8871240359210173,-2.582806943227542,-1.1871061538343914,1.3350463558606112,73.75
60,-1.1749643620807084,-1.8062292502375203,-1.885401588636939,-2.5832138692478717,-1.18763262026558,1.3261675354025837,75.0
61,-1.176619708277398,-1.8103719676589625,-1.8799932692370491,-2.5844915685547494,-1.1892856658319706,1.3261688403148317,76.25
62,-1.1771428375481743,-1.8116811758767999,-1.8782841007857292,-2.5848953555087033,-1.1898080705667613,1.3350486895259215,77.5
63,-1.177142831828564,-1.8116811810077604,-1.8782841009391498,-2.584895357890481,-1.189808070136679,1.3528540432440233,78.75
64,-1.1771428228966554,-1.811681189020416,-1.878284101178736,-2.5848953616099335,-1.1898080694650501,1.380659396962126,80.0
65,-1.177142810752449,-1.8116811999147675,-1.8782841015044878,-2.5848953666670615,-1.1898080685518746,1.418464750680227,81.25
66,-1.1771427953959444,-1.8116812136908143,-1.8782841019164045,-2.584895373061864,-1.1898080673971525,1.466270104398329,82.5
67,-1.177142777455054,-1.8116812299018932,-1.8782841037245848,-2.5848953759210547,-1.1898080713531378,1.5240754522211555,83.75
68,-1.177142756429257,-1.8116812489040481,-1.8782841058847255,-2.58489537912922,-1.189808076153451,1.5918807999084574,85.0
69,-1.1771427247247481,-1.8116812653639012,-1.8782841096063692,-2.5848953645031165,-1.1898080524553303,1.6696861353426247,86.25
70,-1.1771426862523313,-1.8116812820400054,-1.8782841142511677,-2.584895341479937,-1.1898080153248145,1.757491466145636,87.5
71,-1.177142643363316,-1.8116813005949328,-1.8782841194998827,-2.584895315504788,-1.1898079736749614,1.8552967855203293,88.75
72,-1.1771425931817057,-1.8116813160391758,-1.8782841191274253,-2.5848952990362597,-1.1898079240297954,1.9631020977278841,90.0
73,-1.177142536409459,-1.8116813295831387,-1.8782841146199456,-2.584895289141969,-1.189807867287998,2.0809074020798843,91.25
74,-1.177142474740813,-1.8116813419644122,-1.878284107459465,-2.5848952830023846,-1.1898078056237118,2.208712698966587,92.5
75,-1.1771424079399133,-1.8116813460042862,-1.8782840906140716,-2.5848952948255604,-1.189807738741083,2.346517991008776,93.75
76,-1.1771423372741918,-1.8116813479582081,-1.8782840705482402,-2.5848953118914233,-1.1898076679527503,2.494323281692265,95.0
77,-1.1771422665176718,-1.811681338687917,-1.878284039588045,-2.5848953510395694,-1.1898075968959074,2.652128565353765,96.25
78,-1.1771421967281923,-1.8116813234655025,-1.878284003165485,-2.5848954015995957,-1.1898075267133876,2.818394282545358,97.5
79,-1.1771421366343409,-1.8116813007443424,-1.8782839624951793,-2.584895464029361,-1.1898074661279638,2.978352110725856,98.75
80,-1.1771420895587066,-1.8116812729964626,-1.878283921002886,-2.584895532487756,-1.1898074185088492,3.128309938906355,100.0
81,-1.1771420514122923,-1.8116812430683642,-1.8782838801740913,-2.5848956025898993,-1.1898073798035327,3.2682677670869364,101.25
82,-1.1771420252719174,-1.8116812112415013,-1.878283841237304,-2.584895672872547,-1.1898073530999584,3.3982255952675056,102.5
83,-1.1771420075965628,-1.811681179056266,-1.878283804583699,-2.584895741355688,-1.189807334873984,3.5181834234480545,103.75
84,-1.1771419939229664,-1.811681148950678,-1.8782837711869835,-2.5848958045679504,-1.1898073206915236,3.628141251628585,105.0
85,-1.1771419929034828,-1.811681118859764,-1.878283741736234,-2.5848958640084576,-1.1898073191907461,3.728099079809101,106.25
86,-1.177141991985991,-1.8116810917792152,-1.8782837152317968,-2.5848959175024064,-1.1898073178401098,3.8180569079896065,107.5
87,-1.1771419915441732,-1.811681067686432,-1.878283691767905,-2.584895964983677,-1.189807317013745,3.898014736170102,108.75
88,-1.1771420004829931,-1.8116810460429273,-1.878283673590063,-2.5848960048766054,-1.1898073256272785,3.967972564350588,110.0
89,-1.1771420081440689,-1.8116810274932158,-1.8782836580106208,-2.5848960390671083,-1.1898073330095658,4.02793039253107,111.25
90,-1.177142014527401,-1.8116810120373001,-1.8782836450295757,-2.584896067555186,-1.1898073391606065,4.077888220711548,112.5
91,-1.1771420196329887,-1.8116809996751777,-1.8782836346469307,-2.5848960903408384,-1.1898073440804007,4.117846048892023,113.75
92,-1.1771420234608325,-1.8116809904068476,-1.8782836268626864,-2.5848961074240657,-1.1898073477689481,4.147803877072499,115.0
93,-1.1771420260109322,-1.8116809842323096,-1.8782836216768426,-2.584896118804868,-1.1898073502262492,4.167761705252977,116.25
94,-1.1773788554463445,-1.8122809567692817,-1.877495621171592,-2.5850858654177777,-1.1900438299621092,4.178322121168566,117.5
95,-1.1789524894094057,-1.816267569934973,-1.8722596714708142,-2.5863466217616136,-1.1916151407735789,4.180494864248378,118.75
96,-1.1798098318853643,-1.8184395489033707,-1.869407036507939,-2.587033501757343,-1.1924712203176486,4.173317027128897,120.0
97,-1.1798098307417486,-1.8184395540877696,-1.869407039150484,-2.5870334990733115,-1.192471225355343,4.157712506747396,121.25
98,-1.179809828865258,-1.8184395625945386,-1.8694070434864773,-2.5870334946692446,-1.192471233621393,4.132107986365893,122.5
99,-1.1798098262558931,-1.8184395744236777,-1.8694070495159192,-2.587033488545143,-1.1924712451157986,4.096503465984396,123.75
100,-1.179809822913653,-1.8184395895751866,-1.8694070572388093,-2.587033480701006,-1.1924712598385598,4.050898945602897,125.0
101,-1.1798098184518908,-1.8184396084385013,-1.8694070654726205,-2.587033475654409,-1.1924712744557546,3.995294434476654,126.25
102,-1.1798098130510581,-1.818439630831869,-1.8694070747692486,-2.5870334712969574,-1.192471290523355,3.9296899263216702,127.5
103,-1.1798098105672734,-1.8184396549624817,-1.8694070915669423,-2.5870334453122634,-1.1924712989734405,3.854085426821296,128.75
104,-1.1798098112922517,-1.8184396806996128,-1.869407116340207,-2.5870333960653635,-1.1924712990208843,3.7684809349780264,130.0
105,-1.1798098120733371,-1.8184397094249598,-1.8694071440739957,-2.5870333407748523,-1.1924712988358266,3.672876453040015,131.25
106,-1.1798098187938935,-1.8184397397189247,-1.86940717534367,-2.5870332800528235,-1.1924713050670896,3.567271977770342,132.5
107,-1.1798098357168203,-1.8184397705455617,-1.8694072105865192,-2.587033214258272,-1.1924713224746708,3.4516675108293855,133.75
108,-1.1798098541052433,-1.8184398040376701,-1.8694072488811297,-2.5870331427605686,-1.1924713414020145,3.3260630522020262,135.0
109,-1.1798098905905838,-1.818439832975883,-1.869407288357582,-2.587033074969605,-1.192471378431721,3.1904585995545602,136.25
110,-1.1798099300314313,-1.8184398639331876,-1.869407330715254,-2.587033002329939,-1.1924714184568241,3.0448541471436017,137.5
111,-1.1798099874751338,-1.8184398863748554,-1.8694073704060234,-2.5870329411188204,-1.192471476384466,2.8892497014954435,138.75
112,-1.1798100512853729,-1.8184399073381758,-1.8694074106432226,-2.587032880930531,-1.1924715406686224,2.723942048325944,140.0
113,-1.1798101235439147,-1.8184399168314052,-1.8694074423684255,-2.5870328408178054,-1.1924716132358162,2.5617831086988203,141.25
114,-1.1798101934301877,-1.8184399206941078,-1.8694074678848809,-2.587032812492968,-1.1924716833354905,2.409624169071703,142.5
115,-1.179810261914381,-1.818439916577298,-1.8694074852127327,-2.5870328002926835,-1.1924717519023496,2.2674652294445945,143.75
116,-1.1798103254472267,-1.8184399088009873,-1.8694074974434884,-2.5870327967646976,-1.1924718154485574,2.1353062898174926,145.0
117,-1.1798103839438019,-1.8184398948608118,-1.8694075021177623,-2.5870328068643893,-1.1924718738489286,2.0131473501903985,146.25
118,-1.1798104376518161,-1.8184398820617924,-1.8694075064093907,-2.5870328161373166,-1.192471927468615,1.9009884105633106,147.5
119,-1.179810482517635,-1.8184398630214536,-1.86940750188406,-2.5870328403188125,-1.1924719721270443,1.798829470936229,148.75
120,-1.1798105228071691,-1.8184398455088657,-1.8694074974177686,-2.587032862849528,-1.1924720122237114,1.7066705313091486,150.0
121,-1.1798105587249597,-1.8184398298965392,-1.8694074934361036,-2.5870328829354774,-1.1924720479695623,1.624511591682069,151.25
122,-1.1798105857893346,-1.8184398126667587,-1.8694074851259954,-2.5870329088305613,-1.1924720748169106,1.5523526520549926,152.5
123,-1.1798106081712247,-1.8184397970933335,-1.8694074769667983,-2.5870329328531696,-1.1924720969981246,1.490193712427915,153.75
124,-1.1798106269523636,-1.8184397840253304,-1.8694074701202337,-2.5870329530110707,-1.192472115610872,1.4380347728008303,155.0
125,-1.1798106421327512,-1.8184397734627478,-1.8694074645863026,-2.587032969304266,-1.192472130655152,1.3958758331737418,156.25
126,-1.179810653712387,-1.8184397654055844,-1.8694074603650064,-2.5870329817327535,-1.1924721421309648,1.3637168935466546,157.5
127,-1.179810661691271,-1.8184397598538407,-1.869407457456346,-2.5870329902965348,-1.1924721500383102,1.3415579539195681,158.75
128,-1.179859772401291,-1.8185656923566849,-1.8692410688151733,-2.587073800393476,-1.192521183872715,1.3292489482224283,160.0
129,-1.1812307918333327,-1.8220817374047928,-1.8645956421642291,-2.5882130627341553,-1.1938900580844538,1.3248863714354324,161.25
130,-1.1824361925132816,-1.8251730557052872,-1.8605113717201816,-2.589214704367262,-1.1950935742536049,1.3303104450782557,162.5
131,-1.182441480097863,-1.8251866307370272,-1.860493441420708,-2.589219103545259,-1.195098857410664,1.3436935426934058,163.75
132,-1.1824414726561399,-1.8251866374008663,-1.8604934415773287,-2.5892191068034927,-1.1950988566951368,1.3670592632653948,165.0
133,-1.1824414620295274,-1.8251866469166775,-1.8604934418009793,-2.5892191114561767,-1.1950988556733804,1.4004249838373863,166.25
134,-1.1824414482180254,-1.8251866592844612,-1.8604934420916601,-2.5892191175033106,-1.1950988543453942,1.4437907044093785,167.5
135,-1.1824414315479934,-1.8251866742763618,-1.8604934431188875,-2.5892191224709245,-1.1950988555222035,1.4971564219492246,168.75
136,-1.1824414120677076,-1.8251866918586739,-1.860493444981699,-2.589219125993058,-1.1950988596196261,1.5605221367979087,170.0
137,-1.182441386577274,-1.8251867101027923,-1.860493447679986,-2.5892191227085517,-1.195098853072115,1.6338878465940132,171.25
138,-1.1824413505033955,-1.825186725717356,-1.8604934520572527,-2.589219101148692,-1.195098818290531,1.7172535449957573,172.5
139,-1.1824413100815416,-1.825186743192114,-1.8604934570064662,-2.5892190767979537,-1.1950987791625338,1.8106192360858506,173.75
140,-1.1824412645468725,-1.8251867612052717,-1.860493460880383,-2.5892190529196624,-1.1950987347290125,1.9139849203875845,175.0
141,-1.1824412105883115,-1.8251867740399188,-1.8604934565688565,-2.5892190435740385,-1.1950986808040018,2.0273505949652955,176.25
142,-1.1824411518687787,-1.8251867880080677,-1.8604934518728788,-2.5892190334197958,-1.1950986221110946,2.150716260874114,177.5
143,-1.1824410881029246,-1.8251867944427989,-1.8604934382436764,-2.5892190396713035,-1.19509855829061,2.284081921208469,178.75
144,-1.1824410194628603,-1.8251867985461403,-1.8604934208154655,-2.589219051985782,-1.1950984895655306,2.427447580018218,180.0
145,-1.1824409501137225,-1.825186793061854,-1.8604933938200674,-2.5892190834151836,-1.1950984199768255,2.5808132338228824,181.25
146,-1.1824408777657873,-1.825186783532983,-1.8604933619459347,-2.589219123710771,-1.1950983473181473,2.7441788812664503,182.5
147,-1.182440816151771,-1.825186761144403,-1.8604933208860068,-2.5892191861759253,-1.1950982852097787,2.9085464233470173,183.75
148,-1.1824407613554448,-1.8251867377098077,-1.8604932809345869,-2.5892192486774723,-1.1950982299171165,3.0629404021389584,185.0
149,-1.18244072248316,-1.8251867071868777,-1.8604932390439002,-2.5892193204245153,-1.1950981904691618,3.2073343809308925,186.25
150,-1.1824406884884906,-1.825186677828605,-1.860493199811228,-2.589219388425021,-1.1950981559281815,3.3417283597228176,187.5
151,-1.1824406703836174,-1.8251866448521672,-1.8604931620115848,-2.589219458837812,-1.1950981372534053,3.466122338514736,188.75
152,-1.1824406537341914,-1.8251866145267048,-1.8604931272506369,-2.5892195235901374,-1.1950981200798902,3.58051631730665,190.0
153,-1.182440648733957,-1.8251865844264705,-1.8604930963457647,-2.589219584435792,-1.1950981145845656,3.6849102960985562,191.25
154,-1.1824406477816978,-1.8251865563602774,-1.8604930686874732,-2.589219640067016,-1.1950981131787537,3.7793042748904613,192.5
155,-1.18244064693032,-1.825186531267392,-1.8604930439592682,-2.589219689804726,-1.1950981119218722,3.8636982536823634,193.75
156,-1.182440652017343,-1.8251865087988768,-1.8604930236432773,-2.5892197326019417,-1.1950981166585433,3.9380922324742658,195.0
157,-1.182440660142937,-1.8251864891280665,-1.860493007003245,-2.5892197689787575,-1.1950981244854089,4.002486211266169,196.25
158,-1.182440667006675,-1.8251864725120168,-1.860492992947309,-2.589219799706471,-1.1950981310968087,4.056880190058077,197.5
159,-1.1824406726085566,-1.825186458950728,-1.8604929814754683,-2.589219824785083,-1.1950981364927435,4.10127416884999,198.75
160,-1.1824406769485825,-1.8251864484441982,-1.8604929725877264,-2.5892198442145933,-1.1950981406732128,4.1356681476419,200.0
161,-1.182440680026752,-1.8251864409924268,-1.8604929662840823,-2.5892198579950008,-1.1950981436382169,4.160062126433811,201.25
162,-1.182440681843065,-1.8251864365954136,-1.860492962564537,-2.589219866126306,-1.1950981453877552,4.174456105225721,202.5
163,-1.1834608856798228,-1.8278350154207494,-1.8569730666713058,-2.5900984854278906,-1.196116660802442,4.180706590484302,203.75
164,-1.1849146238036041,-1.8316091117205662,-1.8519573937614255,-2.5913504685030895,-1.1975679943962525,4.177358801970786,205.0
165,-1.1850351627472528,-1.8319220525550348,-1.8515415105126947,-2.5914542775066116,-1.1976883382902426,4.165912191738317,206.25
166,-1.185035161197652,-1.8319220594936358,-1.8515415140171532,-2.591454274086695,-1.1976883449201419,4.144820508196083,207.5
167,-1.1850351589133534,-1.8319220697219696,-1.851541519183147,-2.5914542690453244,-1.1976883546934123,4.113728824653836,208.75
168,-1.1850351558943575,-1.8319220832400367,-1.8515415260106765,-2.591454262382501,-1.1976883676100543,4.07263714111159,210.0
169,-1.1850351519918105,-1.831922100195072,-1.8515415340519066,-2.5914542557987956,-1.1976883823734488,4.021545458807986,211.25
170,-1.1850351469517466,-1.8319221208382799,-1.851541542542766,-2.591454252195628,-1.1976883967713765,3.960453779303309,212.5
171,-1.1850351416198142,-1.8319221446201006,-1.8515415532972168,-2.5914542450016778,-1.1976884121452787,3.88936210110943,213.75
172,-1.1850351422981686,-1.8319221686982738,-1.8515415766437113,-2.591454198742225,-1.197688412172698,3.8082704380402355,215.0
173,-1.185035143047993,-1.8319221957374432,-1.851541602899137,-2.5914541466486636,-1.1976884121009714,3.717178779521249,216.25
174,-1.1850351438587154,-1.8319222257304428,-1.8515416320894462,-2.5914540886085944,-1.1976884118411257,3.616087128559634,217.5
175,-1.1850351590411297,-1.8319222552122014,-1.851541665681395,-2.5914540258532512,-1.1976884273926118,3.504995488618903,218.75
176,-1.185035176552865,-1.8319222871129899,-1.8515417024013763,-2.5914539575092705,-1.1976884454200318,3.3839038558481134,220.0
177,-1.185035204267328,-1.8319223178529036,-1.851541741165021,-2.5914538884666527,-1.1976884736767706,3.2528122294348947,221.25
178,-1.1850352420188988,-1.831922347503894,-1.8515417819898041,-2.59145381863648,-1.1976885119934333,3.1117206059165508,222.5
179,-1.1850352903216232,-1.8319223737822192,-1.8515418228165195,-2.591453752326255,-1.1976885608284586,2.9606289858947736,223.75
180,-1.1850353497312924,-1.831922396301503,-1.8515418634411924,-2.59145369013327,-1.1976886207322952,2.7995373724979724,225.0
181,-1.185035419414794,-1.8319224097557487,-1.8515418984121765,-2.5914536427870996,-1.1976886907858204,2.633646494378944,226.25
182,-1.1850354883717489,-1.8319224188586176,-1.8515419288985258,-2.5914536042538705,-1.1976887600408355,2.476978104784191,227.5
183,-1.1850355578143859,-1.831922415551125,-1.8515419473949437,-2.591453590093485,-1.197688829581919,2.330309715189383,228.75
184,-1.1850356228465977,-1.8319224116843205,-1.8515419639638688,-2.591453578352428,-1.1976888946938842,2.1936413255945446,230.0
185,-1.1850356827929132,-1.8319223984573836,-1.851541969783471,-2.5914535866186448,-1.1976889545574696,2.06697293599969,231.25
186,-1.1850357379750893,-1.831922385344172,-1.8515419742233714,-2.591453596079958,-1.1976890096483315,1.9503045464047937,232.5
187,-1.185035786270153,-1.8319223694255373,-1.8515419737631782,-2.5914536131360157,-1.1976890577916475,1.8436361568098725,233.75
188,-1.1850358280123636,-1.8319223513103189,-1.8515419691031716,-2.591453636484399,-1.1976890993322535,1.7469677672149286,235.0
189,-1.1850358654364932,-1.8319223350690592,-1.8515419649252203,-2.591453657417477,-1.197689136575634,1.6602993776199726,236.25
190,-1.18503589650164,-1.8319223190987688,-1.851541959022311,-2.5914536797102694,-1.1976891674505012,1.5836309880250037,237.5
191,-1.185035920212303,-1.83192230261755,-1.8515419503179147,-2.59145370520414,-1.1976891909465333,1.5169625984300126,238.75
192,-1.1850359403664585,-1.8319222886084505,-1.8515419429191433,-2.5914537268740285,-1.1976892109182513,1.4602942088350102,240.0
193,-1.1850359569641076,-1.8319222770714725,-1.851541936825995,-2.591453744719937,-1.1976892273656565,1.4136258192400035,241.25
194,-1.1850359700052484,-1.8319222680066125,-1.851541932038473,-2.5914537587418622,-1.1976892402887476,1.3769574296449938,242.5
195,-1.1850359794898817,-1.831922261413871,-1.8515419285565775,-2.5914537689398065,-1.1976892496875249,1.350289040049989,243.75
196,-1.185035985418007,-1.8319222572932479,-1.8515419263803086,-2.5914537753137683,-1.1976892555619885,1.3336206504549901,245.0
197,-1.1856876251447168,-1.833634852301508,-1.8492527250389326,-2.592035014258177,-1.1983397566752758,1.3255945241741933,246.25
198,-1.1872369242520369,-1.837706638033554,-1.8438100362154275,-2.5934169323258836,-1.1998863492444123,1.3266473830415544,247.5
199,-1.1875949672936947,-1.838647638241144,-1.8425522203708147,-2.5937362975294835,-1.200243769375657,1.3363006350113351,248.75
200,-1.1875949613632184,-1.8386476435423917,-1.8425522204637526,-2.593736300242748,-1.2002437686843312,1.3550817110237214,250.0
201,-1.187594952275055,-1.8386476516662933,-1.842552220606175,-2.593736304400692,-1.2002437676249085,1.3838627870361082,251.25
202,-1.187594940029204,-1.838647662612849,-1.8425522207980827,-2.5937363100033157,-1.2002437661973888,1.4226438630484883,252.5
203,-1.1875949246676123,-1.8386476763532633,-1.8425522211241978,-2.593736316739659,-1.2002437647668316,1.471424938148729,253.75
204,-1.187594906751473,-1.8386476925022919,-1.8425522227180189,-2.5937363204494224,-1.200243768217319,1.5302060015523207,255.0
205,-1.1875948857873895,-1.8386477113986381,-1.8425522245829855,-2.593736324790302,-1.2002437722548132,1.5989870649559166,256.25
206,-1.1875948535144485,-1.8386477269795292,-1.8425522284071112,-2.593736308312894,-1.2002437451804524,1.6777681143186602,257.5
207,-1.1875948155627263,-1.8386477433773167,-1.8425522330500714,-2.5937362855998374,-1.2002437085764395,1.7665491594113036,258.75
208,-1.18759477330694,-1.838647761602958,-1.8425522382855735,-2.593736260027118,-1.2002436676012542,1.865330194038358,260.0
209,-1.1875947234626074,-1.8386477759733943,-1.8425522369565763,-2.5937362457684845,-1.200243618178173,1.9741112203398246,261.25
210,-1.1875946676159241,-1.8386477892212958,-1.8425522324613777,-2.593736236167988,-1.2002435623625618,2.0928922389614852,262.5
211,-1.1875946069558947,-1.8386478002372515,-1.842552224256783,-2.593736232449489,-1.2002435016974478,2.2216732503892564,263.75
212,-1.1875945413209985,-1.838647804120813,-1.8425522074742549,-2.5937362443807213,-1.2002434359796699,2.360454257513927,265.0
213,-1.1875944724478826,-1.8386478046757737,-1.8425521864071894,-2.5937362638669974,-1.2002433669632153,2.509235262729823,266.25
214,-1.1875944029870396,-1.8386477954877902,-1.8425521555893352,-2.593736302808697,-1.2002432972004753,2.668016261077379,267.5
215,-1.1875943359891092,-1.8386477792384275,-1.8425521186102019,-2.593736354990231,-1.2002432297912198,2.8343934235552624,268.75
216,-1.1875942777169373,-1.838647757136928,-1.8425520786223908,-2.59373641614678,-1.2002431710316976,2.993368639885065,270.0
217,-1.1875942335677923,-1.8386477291606051,-1.8425520372971769,-2.5937364847104316,-1.200243126330745,3.1423438562148815,271.25
218,-1.1875941966089267,-1.8386477001257893,-1.8425519971887083,-2.593736553220411,-1.2002430888186686,3.2813190725447035,272.5
219,-1.1875941728503954,-1.8386476686092807,-1.84255195878529,-2.5937366226975316,-1.2002430644955944,3.4102942888745353,273.75
220,-1.1875941557437275,-1.838647637450714,-1.8425519228205838,-2.593736689478461,-1.2002430468448204,3.52926950520437,275.0
221,-1.1875941439072928,-1.8386476080015794,-1.8425518901881932,-2.5937367513011975,-1.2002430345036508,3.6382447215342255,276.25
222,-1.1875941429195358,-1.8386475789380299,-1.8425518613385512,-2.5937368091188975,-1.2002430330412706,3.7372199378640873,277.5
223,-1.187594142031577,-1.8386475528109323,-1.842551835403739,-2.593736861094964,-1.2002430317266422,3.826195154193944,278.75
224,-1.1875941425851786,-1.8386475295408997,-1.8425518127268294,-2.593736906985554,-1.2002430319031867,3.905170370523804,280.0
225,-1.187594151181717,-1.838647508737374,-1.8425517949956955,-2.5937369455909813,-1.2002430401804403,3.974145586853669,281.25
226,-1.1875941585319325,-1.8386474909499355,-1.842551779835215,-2.5937369785994093,-1.2002430472576606,4.033120803183535,282.5
227,-1.1875941646358255,-1.8386474761785871,-1.8425517672453835,-2.5937370060108376,-1.2002430531348485,4.082096019513388,283.75
228,-1.1875941694933956,-1.8386474644233255,-1.8425517572262056,-2.5937370278252656,-1.2002430578120034,4.121071235843237,285.0
229,-1.187594173104643,-1.8386474556841501,-1.842551749777681,-2.5937370440426943,-1.200243061289125,4.1500464521730915,286.25
230,-1.1875941754695676,-1.838647449961061,-1.8425517448998106,-2.5937370546631224,-1.200243063566214,4.1690216685029435,287.5
231,-1.1879220879036683,-1.8395198835594022,-1.8413788946597394,-2.5940397868345673,-1.2005703720537766,4.178826864276048,288.75
232,-1.1894435154911362,-1.843567774290821,-1.8359371692403068,-2.595444365198216,-1.2020889979413427,4.180092787502532,290.0
233,-1.190118271524436,-1.8453630260291383,-1.8335237527299835,-2.5960672973478407,-1.202762514281592,4.172237446882884,291.25
234,-1.1901182703142643,-1.845363031382901,-1.833523755412005,-2.596067294832838,-1.202762519311722,4.155800660594459,292.5
235,-1.1901182683678344,-1.8453630399938474,-1.8335237597257452,-2.5960672907877287,-1.20276252740214,4.1293638743060335,293.75
236,-1.1901182656851466,-1.8453630518619772,-1.833523765671204,-2.5960672852125137,-1.202762538552846,4.092927088017612,295.0
237,-1.1901182622662003,-1.8453630669872907,-1.8335237732483818,-2.5960672781071925,-1.20276255276384,4.046490301729193,296.25
238,-1.1901182576792038,-1.8453630857901098,-1.833523781177247,-2.5960672743027384,-1.2027625662356551,3.990053517384661,297.5
239,-1.1901182521891265,-1.8453631080125028,-1.8335237902432922,-2.596067270834617,-1.2027625812998397,3.9236167334182084,298.75
240,-1.1901182502356216,-1.8453631315990684,-1.8335238078755287,-2.596067242196951,-1.202762587755616,3.847179959609454,300.0
241,-1.1901182509501442,-1.8453631569441158,-1.8335238326403134,-2.596067193296408,-1.2027625877680788,3.760743192167213,301.25
242,-1.19011825171803,-1.8453631852003727,-1.83352386034584,-2.5960671384133684,-1.2027625875328252,3.6643064358594577,302.5
243,-1.1901182595392918,-1.8453632146917607,-1.8335238916728478,-2.596067078311619,-1.2027625949892797,3.557869686223615,303.75
244,-1.1901182761745492,-1.845363244993643,-1.8335239268014178,-2.596067013147055,-1.2027626121146413,3.441432944757626,305.0
245,-1.1901182953305305,-1.8453632774251059,-1.833523964825497,-2.5960669429926337,-1.202762631811384,3.3149962112895963,306.25
246,-1.1901183313952695,-1.8453633057604433,-1.8335240041036773,-2.5960668759952306,-1.2027626684216042,3.178559483555967,307.5
247,-1.190118370728648,-1.8453633357385093,-1.833524046029289,-2.5960668047617177,-1.2027627083349253,3.032122756170108,308.75
248,-1.190118427723018,-1.845363357365958,-1.8335240852802772,-2.596066744795892,-1.2027627658086448,2.875686035924985,310.0
249,-1.1901184911439096,-1.8453633768285616,-1.8335241244194729,-2.596066687196876,-1.2027628296876671,2.709903849248612,311.25
250,-1.1901185612875724,-1.8453633861234735,-1.8335241556518156,-2.5960666477448373,-1.2027629001381148,2.548583885481176,312.5
251,-1.1901186295479596,-1.8453633888787047,-1.8335241798454893,-2.596066621824928,-1.2027629685942554,2.397263921713718,313.75
252,-1.1901186959778287,-1.8453633849666076,-1.8335241968912754,-2.5960666096744514,-1.2027630351068774,2.255943957946254,315.0
253,-1.1901187575460872,-1.845363376601058,-1.8335242080176453,-2.5960666078118146,-1.2027630966743739,2.1246239941787866,316.25
254,-1.1901188142317758,-1.8453633631660487,-1.8335242126108184,-2.5960666174647904,-1.202763153265671,2.0033040304112943,317.5
255,-1.190118866082678,-1.8453633505427227,-1.8335242164828027,-2.596066626957167,-1.202763205024771,1.8919840666437975,318.75
256,-1.1901189093019275,-1.8453633318161078,-1.8335242116229327,-2.5960666511386936,-1.2027632480334145,1.790664102876305,320.0
257,-1.190118948255558,-1.845363314937761,-1.833524207242714,-2.5960666729335715,-1.2027632867972256,1.6993441391088013,321.25
258,-1.1901189829435688,-1.8453632999076806,-1.8335242033421484,-2.5960666923417994,-1.2027633213162026,1.6180241753412967,322.5
259,-1.1901190085755151,-1.8453632829620772,-1.833524194704023,-2.5960667182623203,-1.2027633467278145,1.5467042115737875,323.75
260,-1.1901190301187614,-1.8453632680037424,-1.8335241867382364,-2.5960667414675362,-1.2027633680741747,1.485384247806278,325.0
261,-1.1901190481487565,-1.8453632554848003,-1.8335241800714999,-2.5960667608884687,-1.2027633859393925,1.4340642840387785,326.25
262,-1.1901190626655,-1.8453632454052489,-1.8335241747038156,-2.5960667765251175,-1.2027634003234664,1.3927443202712888,327.5
263,-1.190119073668992,-1.845363237765088,-1.8335241706351848,-2.596066788377482,-1.2027634112263965,1.361424356503795,328.75
264,-1.1901190811592322,-1.845363232564317,-1.8335241678656073,-2.5960667964455624,-1.2027634186481828,1.3401043927363,330.0
265,-1.1902146636813482,-1.8456206687022352,-1.8331761262755994,-2.596158072376434,-1.2028588158837374,1.3284831319068842,331.25
266,-1.19158486420226,-1.84931127721151,-1.8281866714956285,-2.5974665298325674,-1.204226360711044,1.3248551349405668,332.5
267,-1.1926090891274608,-1.8520700171644926,-1.8244570439506311,-2.5984446043678546,-1.2052486021211406,1.3308802219767646,333.75
268,-1.1926090847265598,-1.8520700210917702,-1.8244570439974495,-2.598444606461386,-1.2052486015204333,1.3449374233932725,335.0
269,-1.19260907719495,-1.852070027812831,-1.8244570440775736,-2.5984446100442122,-1.2052486004923957,1.3689946248097846,336.25
270,-1.1926090665326305,-1.8520700373276755,-1.8244570441910033,-2.598444615116333,-1.2052485990370276,1.403051826226294,337.5
271,-1.1926090527396023,-1.8520700496363034,-1.8244570443377388,-2.5984446216777486,-1.2052485971543287,1.4471090276428002,338.75
272,-1.19260903618152,-1.852070064491516,-1.8244570452457678,-2.598444627074797,-1.2052485980595495,1.5011662194801534,340.0
273,-1.1926090168238062,-1.8520700819166893,-1.8244570468462507,-2.5984446315584124,-1.2052486014486514,1.5652234049519582,341.25
274,-1.1926089909707227,-1.8520700994639334,-1.824457049474032,-2.5984446274242012,-1.2052485920716092,1.6392805841662554,342.5
275,-1.1926089554777959,-1.8520701147811296,-1.824457053832929,-2.598444606236845,-1.2052485578923404,1.7233377530519685,343.75
276,-1.1926089157407747,-1.8520701319056383,-1.8244570587643452,-2.5984445822970867,-1.2052485194618794,1.8173949136202423,345.0
277,-1.1926088706993725,-1.8520701490044813,-1.8244570619439298,-2.598444560188923,-1.2052484754562274,1.9214520673505584,346.25
278,-1.192608817722109,-1.8520701615391608,-1.8244570576512487,-2.59844455113425,-1.2052484225141558,2.035509212164513,347.5
279,-1.1926087600986648,-1.8520701751742363,-1.8244570529778865,-2.5984445413019825,-1.2052483649180916,2.159566347575111,348.75
280,-1.1926086975232324,-1.8520701806610083,-1.8244570386635832,-2.598444549201876,-1.20524830228016,2.2936234775709483,350.0
281,-1.1926086302153331,-1.852070184608059,-1.8244570213288551,-2.5984445615957372,-1.2052482348862243,2.437680606507003,351.25
282,-1.1926085626010978,-1.8520701782690758,-1.8244569937202442,-2.5984445945142545,-1.2052481670176123,2.5917377300224596,352.5
283,-1.19260849191223,-1.8520701686152574,-1.8244569618615976,-2.598444634941833,-1.2052480960134084,2.7557915823815957,353.75
284,-1.1926084326325825,-1.8520701461122187,-1.824456920888661,-2.5984446974685023,-1.2052480362324918,2.9194873194465534,355.0
285,-1.1926083804366054,-1.8520701225812275,-1.824456881133798,-2.598444759908304,-1.2052479835340735,3.0731830565115112,356.25
286,-1.1926083426819423,-1.852070092916526,-1.8244568398665144,-2.5984448301936767,-1.2052479452082356,3.2168787935764875,357.5
287,-1.1926083107679146,-1.8520700639250742,-1.8244568011084352,-2.598444897385898,-1.2052479127470537,3.3505745306414756,358.75
288,-1.1926082931954787,-1.8520700319263779,-1.8244567639001625,-2.598444966242065,-1.2052478946098726,3.4742702677064785,360.0
289,-1.1926082770436608,-1.8520700025145767,-1.8244567296999301,-2.5984450295316566,-1.2052478779389655,3.587966004771479,361.25
290,-1.1926082731668566,-1.8520699731203099,-1.8244566993904636,-2.5984450890968,-1.205247873570597,3.691661741836491,362.5
291,-1.1926082722416875,-1.8520699459505243,-1.8244566722135516,-2.598445143355201,-1.2052478721969622,3.785357478901508,363.75
292,-1.1926082714152602,-1.8520699216805308,-1.8244566479371849,-2.598445191822687,-1.2052478709699332,3.869053215966533,365.0
293,-1.1926082770178867,-1.8520698999391465,-1.8244566281916281,-2.598445233333951,-1.2052478762277699,3.9427489530315594,366.25
294,-1.1926082848596824,-1.8520698809720466,-1.8244566118978498,-2.5984452686602824,-1.2052478837753267,4.006444690096583,367.5
295,-1.1926082914703446,-1.8520698649827143,-1.8244565981621341,-2.5984452984405073,-1.2052478901379446,4.060140427161598,368.75
296,-1.1926082968498732,-1.8520698519711492,-1.8244565869844807,-2.5984453226746265,-1.2052478953156234,4.103836164226602,370.0
297,-1.1926083009982684,-1.8520698419373494,-1.8244565783648927,-2.5984453413626394,-1.205247899308363,4.137531901291615,371.25
298,-1.19260830391553,-1.852069834881315,-1.8244565723033692,-2.5984453545045465,-1.2052479021161637,4.161227638356627,372.5
299,-1.1926090707418646,-1.8520719172049989,-1.8244537323932786,-2.59844611743661,-1.2052486673207135,4.174925210887403,373.75
300,-1.1936726359894787,-1.8549720694095275,-1.8205110523391181,-2.5994960563289418,-1.206310066172639,4.180681922155057,375.0
301,-1.194992848793401,-1.8585720601927436,-1.8156169673755702,-2.600799351254906,-1.2076275913273604,4.176722286285708,376.25
302,-1.1950647956326685,-1.85876825282315,-1.815350256066263,-2.6008703752933213,-1.2076993960323803,4.164840810319003,377.5
303,-1.195064794036193,-1.8587682598033002,-1.8153502595377113,-2.6008703721653568,-1.2076994024808276,4.143195444002851,378.75
304,-1.1950647917021575,-1.8587682700082278,-1.8153502646129427,-2.6008703675922957,-1.2076994119084108,4.111550077686699,380.0
305,-1.195064788630562,-1.8587682834379335,-1.8153502712919578,-2.6008703615741373,-1.2076994243151289,4.069904711370555,381.25
306,-1.1950647846448694,-1.8587683002618578,-1.8153502790583464,-2.600870356047722,-1.2076994381318615,4.018259346928394,382.5
307,-1.1950647795446319,-1.8587683206723908,-1.815350287325757,-2.600870353212214,-1.2076994515769646,3.956613985836313,383.75
308,-1.1950647745398926,-1.8587683439719944,-1.8153502984681398,-2.6008703446874177,-1.2076994649886974,3.884968626999422,385.0
309,-1.1950647752070889,-1.858768367611349,-1.8153503217539673,-2.600870298874511,-1.207699464986204,3.803323282487181,386.25
310,-1.1950647759429849,-1.858768394136222,-1.8153503479271906,-2.6008702472998024,-1.2076994648715575,3.7116779433037763,387.5
311,-1.1950647767410583,-1.8587684235416775,-1.8153503770055075,-2.6008701898878486,-1.207699464588724,3.6100326111308934,388.75
312,-1.1950647924332665,-1.8587684522559451,-1.8153504105208307,-2.600870127914896,-1.2076994807409196,3.498387290644526,390.0
313,-1.195064809606755,-1.858768483523293,-1.8153504470484632,-2.6008700603876727,-1.2076994984341316,3.376741977257868,391.25
314,-1.195064837650547,-1.8587685132744873,-1.815350485494442,-2.6008699926572225,-1.2076995270198694,3.2450966701082606,392.5
315,-1.1950648746441535,-1.8587685423393878,-1.815350526078136,-2.6008699236407526,-1.2076995645791624,3.103451365505347,393.75
316,-1.195064922796337,-1.8587685675287253,-1.8153505663429175,-2.6008698589763597,-1.2076996132563411,2.951806064706348,395.0
317,-1.195064980982536,-1.8587685896223867,-1.8153506067077951,-2.6008697974500303,-1.2076996719373105,2.790160770429308,396.25
318,-1.1950650495206627,-1.85876860205701,-1.8153506407532365,-2.6008697520309063,-1.2076997408336938,2.6245505796847515,397.5
319,-1.1950651165838158,-1.8587686109692856,-1.815350670832546,-2.600869714068536,-1.2076998081936192,2.468442470571239,398.75
320,-1.1950651843937377,-1.858768607117574,-1.815350688467734,-2.600869701290726,-1.2076998760911257,2.3223343614577225,400.0
321,-1.1950652476054846,-1.8587686034257578,-1.815350704806441,-2.6008696895810313,-1.2076999393828451,2.1862262523438942,401.25
322,-1.1950653058335354,-1.8587685900481277,-1.8153507099453845,-2.600869698655871,-1.2076999975197475,2.0601181432301234,402.5
323,-1.19506535943216,-1.85876857737594,-1.8153507143199392,-2.600869707722204,-1.2077000510285552,1.9440100341164293,403.75
324,-1.1950654060824917,-1.858768561549669,-1.8153507133619293,-2.600869725162478,-1.2077000975214698,1.837901925002785,405.0
325,-1.1950654465855477,-1.858768544027583,-1.8153507087736023,-2.6008697478321503,-1.2077001378253855,1.741793815889194,406.25
326,-1.1950654828742826,-1.8587685283286646,-1.815350704662683,-2.600869768143056,-1.207700173935701,1.6556857067756388,407.5
327,-1.1950655126633887,-1.8587685126573907,-1.815350698522114,-2.6008697903586437,-1.2077002035323505,1.5795775976621167,408.75
328,-1.1950655356092164,-1.8587684967437628,-1.815350689974899,-2.6008698151200242,-1.207700226266458,1.5134694885486244,410.0
329,-1.1950655550840892,-1.858768483237348,-1.8153506827205979,-2.600869836135816,-1.2077002455616368,1.457361379435151,411.25
330,-1.1950655710880072,-1.8587684721381479,-1.8153506767592087,-2.600869853406021,-1.2077002614178884,1.4112532703216925,412.5
331,-1.1950655836209703,-1.85876846344616,-1.815350672090735,-2.6008698669306365,-1.207700273835211,1.3751451612082441,413.75
332,-1.195065592682978,-1.858768457161384,-1.815350668715177,-2.6008698767096625,-1.2077002828136045,1.349037052094781,415.0
333,-1.1950655982740306,-1.8587684532838205,-1.8153506666325345,-2.600869882743099,-1.207700288353069,1.3329289429813136,416.25
334,-1.1957544109800309,-1.8606700077279394,-1.8127513196198868,-2.6015724436152126,-1.2083876284637132,1.3253034974000515,417.5
335,-1.1972037967937434,-1.8646712412101183,-1.8072818052846047,-2.6030507587353835,-1.209833916271772,1.326845068704192,418.75
336,-1.1974893309972552,-1.8654595095387914,-1.8062042800189404,-2.6033419966049873,-1.2101188426572123,1.336831431051974,420.0
337,-1.1974893250378225,-1.865459514848186,-1.806204280054058,-2.6033419995408096,-1.2101188417277775,1.356030821947125,421.25
338,-1.1974893159744204,-1.8654595229229778,-1.8062042801074667,-2.603342004005754,-1.2101188403142467,1.3852302128422695,422.5
339,-1.1974893038070484,-1.8654595337631672,-1.8062042801791667,-2.6033420099998215,-1.21011883841662,1.4244296037374078,423.75
340,-1.1974892886018158,-1.8654595473246784,-1.8062042803990208,-2.60334201705294,-1.2101188366221765,1.4736289926655997,425.0
341,-1.197489270864191,-1.865459563270512,-1.8062042817599617,-2.603342021570941,-1.2101188394212556,1.5328283665491602,426.25
342,-1.1974892501303138,-1.8654595819099264,-1.8062042833507932,-2.603342026852126,-1.2101188426931575,1.602027740432739,427.5
343,-1.1974892180608343,-1.8654595968879455,-1.8062042871981556,-2.603342009826064,-1.2101188146022173,1.6812270995059109,428.75
344,-1.197489180842302,-1.8654596129191976,-1.8062042918119534,-2.6033419875603188,-1.2101187787385954,1.7704264544458357,430.0
345,-1.1974891394253382,-1.8654596307287958,-1.8062042970109289,-2.603341962508871,-1.210118738630275,1.8696257992599312,431.25
346,-1.1974890903986992,-1.8654596444283036,-1.8062042952810753,-2.603341949412506,-1.2101186899762417,1.9788251352461952,432.5
347,-1.1974890356943595,-1.8654596573414366,-1.806204290814129,-2.603341940130769,-1.2101186353040232,2.0980244636078424,433.75
348,-1.1974889762759235,-1.8654596676127593,-1.8062042822071898,-2.6033419375734272,-1.210118575876709,2.2272237848554224,435.0
349,-1.197488912014622,-1.8654596713524878,-1.8062042655345119,-2.6033419495555856,-1.2101185115316944,2.366423101987381,436.25
350,-1.197488844817005,-1.8654596712999858,-1.8062042441470005,-2.603341969989962,-1.2101184441816066,2.5156224169146086,437.5
351,-1.1974887768342355,-1.8654596622556678,-1.806204213541629,-2.603342008595689,-1.2101183758963474,2.6748217250619284,438.75
352,-1.197488711916863,-1.8654596458068307,-1.806204176523365,-2.6033420610447386,-1.2101183105603073,2.84118596210567,440.0
353,-1.1974886551851591,-1.8654596242623955,-1.8062041370209918,-2.6033421211824574,-1.210118253343581,2.999736196071173,441.25
354,-1.197488612833327,-1.8654595965901135,-1.8062040959713908,-2.60334218919435,-1.2101182104371762,3.148286430036616,442.5
355,-1.1974885768638766,-1.8654595683330628,-1.8062040563647732,-2.6033422564421675,-1.210118173917746,3.2868366640020135,443.75
356,-1.1974885543999396,-1.8654595373997087,-1.8062040183763046,-2.6033423249434526,-1.2101181508896448,3.415386897967322,445.0
357,-1.1974885377580453,-1.8654595071113782,-1.8062039828796632,-2.6033423903969464,-1.2101181337073497,3.533937131932566,446.25
358,-1.197488526829395,-1.8654594783602603,-1.8062039507302827,-2.6033424510558074,-1.210118122276638,3.64248736589775,447.5
359,-1.1974885258664516,-1.8654594501421269,-1.8062039222765325,-2.603342507636955,-1.210118120842824,3.7410375998628678,448.75
360,-1.1974885250012184,-1.8654594247873233,-1.8062038967100102,-2.6033425584767524,-1.2101181195545005,3.8295878338279534,450.0
361,-1.1974885259479593,-1.8654594021960924,-1.8062038744754711,-2.6033426032556406,-1.2101181201281164,3.908138067792993,451.25
362,-1.197488534285575,-1.8654593820438006,-1.8062038570203116,-2.6033426409336498,-1.2101181281496851,3.9766883017580215,452.5
363,-1.1974885414069125,-1.8654593648312934,-1.8062038421114832,-2.6033426731152507,-1.2101181350010803,4.0352385357230185,453.75
364,-1.197488547311972,-1.8654593505585735,-1.8062038297489824,-2.603342699800443,-1.2101181406823018,4.083788769688001,455.0
365,-1.1974885520007534,-1.8654593392256378,-1.8062038199328132,-2.6033427209892266,-1.2101181451933494,4.122339003652971,456.25
366,-1.1974885554732564,-1.865459330832486,-1.806203812662976,-2.603342736681602,-1.210118148534223,4.150889237617952,457.5
367,-1.197488557729481,-1.865459325379118,-1.8062038079394704,-2.6033427468775683,-1.2101181507049228,4.169439471582946,458.75
368,-1.1978427676407384,-1.8664493073997872,-1.8048431838816668,-2.6037158250044636,-1.2104715667615138,4.178931329802316,460.0
369,-1.19928815636498,-1.8704890512498875,-1.7992910143036278,-2.6052381917138496,-1.2119137165445897,4.179841987793894,461.25
370,-1.1998800793150324,-1.8721434322548312,-1.7970172604172086,-2.605861638321304,-1.2125043158911977,4.171738759178225,462.5
371,-1.1998800780798966,-1.872143437593591,-1.797017263055242,-2.6058616360376425,-1.2125043207406052,4.1550162787558325,463.75
372,-1.1998800761061528,-1.8721434461249151,-1.7970172672708125,-2.6058616323883577,-1.2125043284899457,4.128293798333439,465.0
373,-1.199880073393801,-1.8721434578488039,-1.7970172730639198,-2.605861627373449,-1.2125043391392192,4.091571317911059,466.25
374,-1.1998800699428416,-1.8721434727652568,-1.7970172804345645,-2.6058616209929166,-1.2125043526884258,4.044848837488676,467.5
375,-1.1998800653086863,-1.8721434912957235,-1.7970172880978468,-2.6058616180352234,-1.2125043651461702,3.9881263615037055,468.75
376,-1.199880059784089,-1.8721435131626858,-1.7970172968998521,-2.605861615347242,-1.2125043791407228,3.9214038861997746,470.0
377,-1.1998800580102214,-1.8721435361981689,-1.797017314683162,-2.6058615862432717,-1.2125043846560242,3.844681421591422,471.25
378,-1.1998800587110479,-1.872143560989865,-1.7970173393124405,-2.6058615379728556,-1.2125043846396661,3.7579589628910703,472.5
379,-1.1998800594646084,-1.8721435886178786,-1.7970173668617044,-2.6058614837981047,-1.2125043843777306,3.6612365158884077,473.75
380,-1.199880067532594,-1.8721436173543715,-1.7970173980367767,-2.6058614245358416,-1.2125043921252643,3.55451407555838,475.0
381,-1.199880083816178,-1.8721436469835877,-1.7970174329292998,-2.6058613602711604,-1.2125044089014387,3.4377916433560074,476.25
382,-1.1998801030130406,-1.8721436784960852,-1.79701747063829,-2.6058612913502768,-1.2125044286399003,3.3110692191095104,477.5
383,-1.1998801382980901,-1.872143706209101,-1.7970175096375942,-2.6058612252404845,-1.2125044644701148,3.1743468005032556,478.75
384,-1.1998801772024412,-1.8721437352298098,-1.7970175510993345,-2.6058611554190305,-1.2125045039498954,3.027624382453037,480.0
385,-1.1998802329473983,-1.8721437564000978,-1.7970175900609149,-2.6058610961809188,-1.2125045601741025,2.870901971471013,481.25
386,-1.1998802945728901,-1.8721437749776269,-1.797017628298374,-2.605861040340967,-1.212504622248761,2.7065637677470877,482.5
387,-1.1998803611999185,-1.8721437838491846,-1.7970176584065416,-2.6058610023851774,-1.2125046891740943,2.5496070207491464,483.75
388,-1.1998804257984999,-1.8721437868003603,-1.7970176819382173,-2.60586097687991,-1.2125047539675289,2.4026502737514583,485.0
389,-1.199880488648435,-1.8721437831551357,-1.7970176983053632,-2.6058609650916065,-1.2125048168982044,2.2656935267538327,486.25
390,-1.1998805467911036,-1.8721437763160176,-1.7970177099738796,-2.6058609611165897,-1.212504875057662,2.1387367797562455,487.5
391,-1.1998806001393245,-1.8721437637317258,-1.797017714360413,-2.6058609700813316,-1.2125049283159113,2.0217800327586857,488.75
392,-1.1998806489261844,-1.872143752223417,-1.7970177183718832,-2.605860978279574,-1.2125049770204925,1.914823285761134,490.0
393,-1.1998806900535939,-1.872143736154669,-1.797017715375571,-2.605860997918816,-1.2125050179721937,1.8178665387636,491.25
394,-1.1998807262637317,-1.8721437205143872,-1.7970177112422328,-2.6058610181939583,-1.2125050540026987,1.7309097917660672,492.5
395,-1.1998807583097153,-1.8721437066727362,-1.797017707584223,-2.6058610361374663,-1.212505085889708,1.6539530447685382,493.75
396,-1.1998807844824506,-1.8721436932873725,-1.7970177025125689,-2.6058610549513967,-1.2125051118978556,1.5869962977710106,495.0
397,-1.1998808040162796,-1.8721436797569404,-1.797017695181026,-2.6058610760702416,-1.2125051312497144,1.5300395507734736,496.25
398,-1.1998808201205187,-1.8721436686020707,-1.7970176891366956,-2.6058610934812134,-1.212505147203932,1.4830828037759112,497.5
399,-1.199880832795168,-1.8721436598227652,-1.7970176843795764,-2.6058611071843107,-1.212505159760509,1.4461260567783523,498.75
400,-1.1998808420402272,-1.872143653419022,-1.7970176809096687,-2.605861117179534,-1.2125051689194444,1.4191693097808096,500.0
401,-1.1998808478556964,-1.8721436493908412,-1.7970176787269745,-2.6058611234668825,-1.212505174680739,1.4022125627832558,501.25
402,-1.19980402505223,-1.8719315812887218,-1.7973192236882272,-2.605771126667945,-1.2124285904344925,1.3950392180591422,502.5
403,-1.1992817269835814,-1.8704898456354229,-1.7993692873400446,-2.605159263624909,-1.21190791436109,1.396671177966621,503.75
404,-1.1991915833703222,-1.8702410284521211,-1.7997230957233956,-2.605053662287148,-1.2118180507110532,1.4075050292095288,505.0
405,-1.1990182342457092,-1.8697625448485193,-1.8004034808479428,-2.6048505874513723,-1.211645239964899,1.4283388804524344,506.25
406,-1.198761679609743,-1.869054394824618,-1.801410442713686,-2.6045500391175835,-1.2113894821226272,1.4591727316953385,507.5
407,-1.1984212020969023,-1.8681164721946482,-1.802743070937025,-2.604153026831203,-1.2110500556895427,1.5000066036128397,508.75
408,-1.197993258879198,-1.8669482528882402,-1.804396868751219,-2.603664536740027,-1.2106233974438767,1.5508405824144307,510.0
409,-1.1974811311794222,-1.8655502228658603,-1.806375999709342,-2.6030799514576635,-1.2101128074943142,1.611674561216014,511.25
410,-1.196883366035426,-1.8639221405523168,-1.8086786797236283,-2.602401281832356,-1.2095168254238784,1.682508585075184,512.5
411,-1.1961974845371253,-1.8620635940813328,-1.8113018643777845,-2.6016319588707955,-1.208832959602836,1.7633427175677923,513.75
412,-1.1954250389771826,-1.8599748244729868,-1.8142474964529793,-2.6007698148068426,-1.2080627698522612,1.854176898951797,515.0
413,-1.1945626704331875,-1.8576552397478598,-1.8175115236295478,-2.5998194600982965,-1.2072028791612404,1.9550112129671278,516.25
414,-1.193610072751926,-1.8551047369830729,-1.8210936849330364,-2.598781255495531,-1.2062529801082127,2.0658456557826157,517.5
415,-1.1925669194469282,-1.8523232401042709,-1.8249936276477456,-2.5976556264282973,-1.2052127445803655,2.1866802207217915,518.75
416,-1.191430059830743,-1.849310099860889,-1.829207758982077,-2.5964467828909847,-1.2040790055998292,2.3175149770677423,520.0
417,-1.1901975538398812,-1.8460648472928085,-1.8337340206666743,-2.595157232073993,-1.202849813532338,2.458349953057069,521.25
418,-1.1888687495149606,-1.842587273522775,-1.8385718355907346,-2.593787752994967,-1.2015245135489963,2.609185139823748,522.5
419,-1.1874424006547946,-1.8388793280924562,-1.843715433213187,-2.5923421504216795,-1.200101846214102,2.7699118964306457,523.75
420,-1.1860227538283787,-1.8352144625996338,-1.8487840540274252,-2.5909284555476355,-1.1986857814793073,2.928662651197099,525.0
421,-1.1846827002884448,-1.8317780907530086,-1.853522934269715,-2.589616532102073,-1.1973490358037924,3.0774136284081317,526.25
422,-1.18342433640845,-1.8285706526899288,-1.8579344470054113,-2.588403588222155,-1.1960937163526677,3.2161647867973713,527.5
423,-1.1822498104566537,-1.8255926404797356,-1.8620209318080136,-2.587286814338057,-1.1949219821736212,3.34491608845041,528.75
424,-1.1811578979250106,-1.8228436722371886,-1.8657812842472334,-2.5862676836441825,-1.1938326033090774,3.463667558283042,530.0
425,-1.1801531197883732,-1.8203248913835832,-1.869220184944008,-2.5853404191026383,-1.1928301226831082,3.5724191145687394,531.25
426,-1.1792376226133074,-1.818036878052011,-1.8723397717278347,-2.584502325277752,-1.1919166970263642,3.671170729617145,532.5
427,-1.1784084638747439,-1.8159787841907526,-1.875137234147771,-2.583757029488895,-1.1910893702452898,3.7599224535732674,533.75
428,-1.1776723400521596,-1.8141524751717966,-1.8776191150384982,-2.5830961941237045,-1.1903548701440427,3.8386741846360746,535.0
429,-1.1770248361389037,-1.8125566819735348,-1.8797811901291053,-2.5825252656975515,-1.1897087613355959,3.907425993613935,536.25
430,-1.1764710983491717,-1.811192879425303,-1.8816283932028415,-2.5820378900978516,-1.1891562138193092,3.9661778098339022,537.5
431,-1.1760114533609414,-1.8100611599210397,-1.8831610402682908,-2.581633662373988,-1.1886975557916408,4.014929628249455,538.75
432,-1.1756431702233057,-1.8091607192077974,-1.8843765625644875,-2.581315926485062,-1.1883300438299322,4.053681492647294,540.0
433,-1.1753699233228572,-1.80849263911184,-1.885278416779139,-2.581080183009627,-1.1880573691018432,4.082433357045126,541.25
434,-1.1751917126595957,-1.8080569196331675,-1.8858666029122453,-2.5809264319476832,-1.1878795316073736,4.101185221442958,542.5
435,-1.175098497592919,-1.807829063947136,-1.8861741583677314,-2.58084606024045,-1.187786511603209,4.109959781113017,543.75
436,-1.1744333396896975,-1.8062063241824713,-1.8883625960699648,-2.5802755605872614,-1.1871227378521296,4.109669730349503,545.0
437,-1.1744318635942244,-1.80620318809111,-1.8883665458223375,-2.5802747352538913,-1.1871212636924164,4.100463795811647,546.25
438,-1.1744314139992766,-1.8062030612859266,-1.8883661335998019,-2.5802752689155435,-1.1871208126636184,4.081261879937133,547.5
439,-1.1744307302636576,-1.8062028684429658,-1.8883655066994511,-2.5802760804982396,-1.1871201267474263,4.052059964062618,548.75
440,-1.1744298123146057,-1.8062026096491048,-1.888364664872528,-2.580277170933067,-1.1871192052997532,4.01285806673917,550.0
441,-1.1744286601559013,-1.8062022848996198,-1.8883636081323139,-2.580278540169999,-1.1871180483551802,3.9636561808845148,551.25
442,-1.1744272738275743,-1.8062018941466718,-1.8883623366157352,-2.5802801876964527,-1.1871166562682842,3.9044542950298835,552.5
443,-1.174427060993286,-1.80620185230786,-1.8883621584539878,-2.5802804057792517,-1.187116442584705,3.8352524255283567,553.75
444,-1.174427061762571,-1.8062018764495147,-1.8883621816281217,-2.5802803589272463,-1.1871164434030368,3.756050558641295,555.0
445,-1.1744270626180602,-1.8062019036329355,-1.8883622077516682,-2.580280306056138,-1.1871164442346154,3.666848697579378,556.25
446,-1.1744270694053935,-1.8062019324521807,-1.888362237326239,-2.580280248057162,-1.1871164511917298,3.5676468416023113,557.5
447,-1.1744270855934238,-1.806201962068807,-1.8883622706607879,-2.580280185412009,-1.187116467865634,3.458444993086323,558.75
448,-1.174427103264402,-1.8062019943971528,-1.8883623070490203,-2.5802801170260072,-1.187116486071117,3.3392431522347885,560.0
449,-1.1744271367953942,-1.806202023163726,-1.8883623449200813,-2.580280050967003,-1.1871165201262264,3.210041320029734,561.25
450,-1.174427174972016,-1.8062020532620957,-1.888362385498368,-2.5802799809453565,-1.1871165588597545,3.0708394919868174,562.5
451,-1.174427228022677,-1.8062020770449645,-1.8883624246292918,-2.5802799188905983,-1.1871166123988484,2.9216376649759663,563.75
452,-1.1744272882054212,-1.8062020999225554,-1.8883624650968143,-2.5802798565083602,-1.187116673070765,2.762435844714995,565.0
453,-1.1744273614080782,-1.8062021104736226,-1.888362497795166,-2.5802798143804764,-1.187116746596204,2.5986483351170655,566.25
454,-1.174427431956671,-1.8062021176092413,-1.8883625264070785,-2.5802797797051076,-1.1871168174080884,2.4441629137031984,567.5
455,-1.1744275024330693,-1.8062021133548387,-1.8883625441024292,-2.58027976730255,-1.1871168879681642,2.299677492289394,568.75
456,-1.1744275679834115,-1.806202107961805,-1.8883625591874225,-2.580279758572279,-1.1871169535737094,2.1651920708755847,570.0
457,-1.1744276283409132,-1.8062020935158933,-1.8883625640099122,-2.5802797690539934,-1.1871170138326725,2.040706649461814,571.25
458,-1.1744276838498584,-1.806202080230438,-1.8883625684449998,-2.580279778693706,-1.1871170692509954,1.9262212280480602,572.5
459,-1.1744277313704008,-1.8062020623614985,-1.8883625660291221,-2.5802797996356253,-1.1871171165916143,1.8217358066343365,573.75
460,-1.174427773194986,-1.806202044102806,-1.8883625614814255,-2.5802798230130874,-1.1871171582179543,1.7272503852206167,575.0
461,-1.1744278105930073,-1.8062020277765518,-1.888362557415036,-2.5802798439163634,-1.187117195438712,1.642764963806906,576.25
462,-1.174427840265528,-1.8062020107818655,-1.8883625503235182,-2.580279868396117,-1.187117224906918,1.568279542393198,577.5
463,-1.1744278637766168,-1.8062019943518524,-1.888362541869322,-2.5802798935836475,-1.1871172482094132,1.5037941209794925,578.75
464,-1.174427883641752,-1.806201980469705,-1.8883625347261483,-2.5802799148652524,-1.1871172678983024,1.4493086995657607,580.0
465,-1.1744278998609334,-1.806201969135424,-1.8883625288939974,-2.580279932240931,-1.1871172839735848,1.4048232781520111,581.25
466,-1.1744279124341603,-1.8062019603490072,-1.8883625243728717,-2.580279945710683,-1.1871172964352605,1.3703378567382711,582.5
467,-1.1744279213614333,-1.8062019541104546,-1.888362521162771,-2.5802799552745093,-1.1871173052833293,1.345852435324527,583.75
468,-1.1744279266427518,-1.8062019504197662,-1.8883625192636957,-2.580279960932408,-1.1871173105177912,1.3313670139107923,585.0
469,-1.1754896222416864,-1.8088557610364708,-1.8848924877941167,-2.581103921186549,-1.1881775217499835,1.325070660057034,586.25
470,-1.1770078375037452,-1.812650700713437,-1.8799303606635152,-2.582282177398166,-1.1896936154254727,1.3283790260416588,587.5
471,-1.1771336871194464,-1.812965287366879,-1.8795190227406602,-2.5823798510378317,-1.1898192924710362,1.339842245368193,588.75
472,-1.177133680332283,-1.8129652934659153,-1.8795190229006182,-2.58237985388351,-1.1898192919168875,1.3609552363510127,590.0
473,-1.1771336703304336,-1.8129653024537111,-1.8795190231363392,-2.582379858077021,-1.1898192911002707,1.3920682273338363,591.25
474,-1.1771336571138984,-1.8129653143302678,-1.879519023447823,-2.5823798636183652,-1.1898192900211857,1.4331812183166708,592.5
475,-1.1771336408676947,-1.812965328965476,-1.8795190242180966,-2.582379869082273,-1.1898192902566143,1.4842942077969608,593.75
476,-1.1771336219038138,-1.8129653461399378,-1.8795190260930523,-2.582379872065336,-1.189819294465796,1.545407193907641,595.0
477,-1.1771335990693754,-1.8129653655808884,-1.8795190284042276,-2.582379873671058,-1.1898192964121963,1.616520178687684,596.25
478,-1.1771335635316598,-1.8129653810299167,-1.8795190326410784,-2.582379852430103,-1.1898192621270274,1.6976331484682343,597.5
479,-1.1771335235994167,-1.8129653983758423,-1.8795190374288355,-2.582379828444614,-1.1898192235050133,1.7887461137180338,598.75
480,-1.1771334792613193,-1.8129654176120606,-1.8795190427918906,-2.582379801607138,-1.1898191804522276,1.889859071501182,600.0
481,-1.1771334259872201,-1.8129654308725747,-1.8795190390865573,-2.582379791145881,-1.1898191272881478,2.00097201824811,601.25
482,-1.177133367621584,-1.8129654448151449,-1.8795190344203427,-2.582379780992786,-1.1898190689504438,2.1220849578502126,602.5
483,-1.1771333042344232,-1.8129654537588122,-1.8795190233925392,-2.5823797821381946,-1.1898190055329707,2.2531978911338566,603.75
484,-1.1771332358314464,-1.8129654578624281,-1.8795190061592515,-2.5823797942627156,-1.1898189370465375,2.3943108215292987,605.0
485,-1.1771331654218309,-1.812965455350176,-1.8795189819566813,-2.5823798199222,-1.189818866445373,2.545423748381511,606.25
486,-1.1771330931836326,-1.8129654457890352,-1.8795189504245209,-2.5823798599110566,-1.1898187939008047,2.706536668593803,607.5
487,-1.177133027493459,-1.8129654259524481,-1.8795189110582984,-2.5823799180777383,-1.1898187277555008,2.872420187861821,608.75
488,-1.1771329686435035,-1.8129654035579075,-1.8795188713543556,-2.5823799792347937,-1.1898186684245513,3.029070189566987,610.0
489,-1.1771329276998719,-1.812965372709707,-1.8795188290798566,-2.5823800516590056,-1.1898186269044972,3.17572019127212,611.25
490,-1.1771328904558422,-1.8129653433310449,-1.879518789360542,-2.5823801201178505,-1.1898185891152597,3.312370192977213,612.5
491,-1.177132870324269,-1.812965309826731,-1.8795187509782698,-2.5823801916087366,-1.189818568409879,3.4390201946822887,613.75
492,-1.1771328531367573,-1.81296527837701,-1.8795187154787927,-2.5823802582119932,-1.1898185506874177,3.5556701963873474,615.0
493,-1.1771328446371012,-1.8129652478993352,-1.8795186836009266,-2.582380320353921,-1.1898185416868574,3.6623201980923823,616.25
494,-1.1771328436514885,-1.8129652186742107,-1.8795186552505705,-2.5823803778314103,-1.1898185402363086,3.7589701997974037,617.5
495,-1.1771328427678533,-1.8129651924729016,-1.8795186298335103,-2.5823804293619266,-1.1898185389358424,3.845620201502405,618.75
496,-1.1771328457051302,-1.8129651690723203,-1.879518608286651,-2.582380474286476,-1.189818541508845,3.9222702032074213,620.0
497,-1.1771328542212165,-1.8129651483670184,-1.8795185910528536,-2.5823805122935592,-1.1898185497153178,3.988920204912425,621.25
498,-1.1771328614595706,-1.8129651307682886,-1.879518576404772,-2.5823805445981542,-1.1898185566905117,4.0455702066174375,622.5
499,-1.1771328674201924,-1.8129651162761333,-1.8795185643424035,-2.5823805712002614,-1.1898185624344273,4.092220208322486,623.75
500,-1.1771328721030816,-1.8129651048905493,-1.8795185548657516,-2.582380592099881,-1.189818566947064,4.128870210027531,625.0
501,-1.1771328755082389,-1.8129650966115365,-1.8795185479748164,-2.582380607297012,-1.1898185702284223,4.1555202117325685,626.25
502,-1.1771328776356633,-1.812965091439095,-1.879518543669598,-2.582380616791655,-1.1898185722785013,4.172170213437609,627.5
503,-1.1778189637532985,-1.8147011046257449,-1.8772349171063147,-2.5829331966643507,-1.190503639988108,4.180155088988706,628.75
504,-1.1794355928940143,-1.8187916961161537,-1.8718539899603106,-2.5842352355241034,-1.192117870265088,4.179024954562391,630.0
505,-1.1798007704792681,-1.819715717766302,-1.8706385008066808,-2.584529349733114,-1.1924825096529816,4.16927615412265,631.25
506,-1.1798007690896108,-1.8197157240714175,-1.8706385039788458,-2.5845293465100645,-1.1924825157227354,4.150368284795615,632.5
507,-1.179800766964991,-1.8197157337111842,-1.8706385088287063,-2.584529341582407,-1.192482525002663,4.121460415468576,633.75
508,-1.1798007641054091,-1.8197157466856024,-1.8706385153562628,-2.5845293349501426,-1.1924825374927637,4.0825525461415335,635.0
509,-1.179800760470555,-1.8197157630347858,-1.8706385234392138,-2.584529327080765,-1.1924825528454919,4.033644677805994,636.25
510,-1.179800755606933,-1.8197157832100195,-1.8706385317016405,-2.5845293232337045,-1.1924825671508632,3.974736819821826,637.5
511,-1.1798007499176784,-1.819715806810133,-1.8706385413666688,-2.5845293187335803,-1.1924825838846662,3.905828961837654,638.75
512,-1.1798007496261984,-1.819715831065018,-1.8706385625428883,-2.584529278706299,-1.1924825864787638,3.8269211179032303,640.0
513,-1.1798007503734533,-1.8197158579093125,-1.870638588170512,-2.584529227496601,-1.1924825864810835,3.7380132781215507,641.25
514,-1.1798007511751758,-1.8197158877539699,-1.8706386167500446,-2.5845291702238087,-1.1924825862373392,3.639105448444317,642.5
515,-1.1798007630498502,-1.8197159179297249,-1.870638649385438,-2.58452910794502,-1.1924825981330325,3.5301976272234725,643.75
516,-1.1798007804565263,-1.8197159497903903,-1.87063868549027,-2.5845290402587207,-1.1924826160425328,3.411289813620476,645.0
517,-1.1798008045197514,-1.819715982069972,-1.8706387240578652,-2.5845289698054037,-1.1924826406468738,3.2823820070991894,646.25
518,-1.1798008421457802,-1.8197160117625122,-1.8706387643205218,-2.584528900493884,-1.1924826788295655,3.1434742047701167,647.5
519,-1.1798008869820702,-1.8197160404499302,-1.8706388058516357,-2.5845288310245635,-1.1924827242215577,2.994566404529456,648.75
520,-1.1798009463110586,-1.8197160630479097,-1.8706388460145136,-2.5845287692129046,-1.1924827840382042,2.83565861118417,650.0
521,-1.179801014470624,-1.8197160797628187,-1.8706388832518968,-2.58452871632484,-1.192482852610783,2.66927707868724,651.25
522,-1.1798010852557488,-1.8197160891569821,-1.8706389142546977,-2.5845286770104794,-1.192482923698031,2.5104216663119057,652.5
523,-1.1798011554058345,-1.8197160886705879,-1.870638935546664,-2.5845286572500754,-1.1924829939915964,2.361566253936587,653.75
524,-1.1798012222973466,-1.819716084681847,-1.8706389524554607,-2.584528645316662,-1.1924830609638148,2.222710841561299,655.0
525,-1.1798012841179135,-1.81971607346737,-1.8706389608337108,-2.584528649043432,-1.1924831227391386,2.0938554291860547,656.25
526,-1.1798013410315709,-1.8197160598868223,-1.870638965411593,-2.584528658856741,-1.1924831795593116,1.9750000168108166,657.5
527,-1.1798013919085828,-1.8197160451646601,-1.8706389670176822,-2.5845286726901673,-1.192483230311654,1.8661446044356023,658.75
528,-1.179801435124914,-1.8197160263287953,-1.8706389622864386,-2.5845286968487016,-1.192483273321319,1.7672891920604035,660.0
529,-1.1798014739695766,-1.8197160093983302,-1.8706389580337914,-2.5845287185634107,-1.1924833119802218,1.678433779685208,661.25
530,-1.1798015076012687,-1.819715993709344,-1.8706389533595036,-2.584528739384025,-1.1924833454346784,1.5995783673100212,662.5
531,-1.1798015323940012,-1.8197159764003663,-1.870638944383542,-2.5845287659898553,-1.1924833700053346,1.5307229549348382,663.75
532,-1.1798015535860387,-1.8197159616052037,-1.8706389367111766,-2.584528788731672,-1.1924833910075487,1.4718675425596364,665.0
533,-1.1798015711773826,-1.819715949323859,-1.8706389303424031,-2.584528807609475,-1.1924834084413216,1.423012130184416,666.25
534,-1.1798015851680312,-1.8197159395563287,-1.8706389252772255,-2.584528822623263,-1.192483422306652,1.3841567178091982,667.5
535,-1.179801595557985,-1.8197159323026133,-1.8706389215156445,-2.584528833773037,-1.1924834326035398,1.3553013054339833,668.75
536,-1.1798016023472437,-1.8197159275627124,-1.8706389190576596,-2.5845288410587957,-1.1924834393319854,1.336445893058764,670.0
537,-1.1801663375746292,-1.820650169884566,-1.8694026710384226,-2.5848334688181627,-1.192847600988975,1.3267358868763022,671.25
538,-1.1817607938438854,-1.8247343002255607,-1.863998312772621,-2.586165159452729,-1.1944395501967364,1.3256386814387096,672.5
539,-1.1824325091799104,-1.8264548792128963,-1.8617215461253123,-2.5867261794800562,-1.195110211550356,1.3336427992469924,673.75
540,-1.182432503868373,-1.826454883977176,-1.8617215462199306,-2.586726181820178,-1.1951102110050695,1.3503076972023207,675.0
541,-1.1824324953695744,-1.8264548916003265,-1.8617215463713257,-2.5867261855645225,-1.1951102101325768,1.3769725951576532,676.25
542,-1.182432483683515,-1.8264549020823482,-1.8617215465794974,-2.5867261907130885,-1.1951102089328773,1.4136374931129825,677.5
543,-1.1824324688101948,-1.8264549154232408,-1.8617215468444464,-2.5867261972658766,-1.1951102074059714,1.4603023910683164,678.75
544,-1.1824324512959952,-1.8264549312458866,-1.8617215482782417,-2.586726201112281,-1.195110210257747,1.5169672831802474,680.0
545,-1.1824324307869476,-1.8264549497945977,-1.8617215501604394,-2.586726204915318,-1.1951102144395391,1.5836321743393695,681.25
546,-1.182432400969271,-1.8264549666201524,-1.8617215535034302,-2.5867261935673396,-1.195110195333753,1.6602970550159184,682.5
547,-1.1824323634687497,-1.8264549828979053,-1.8617215579997906,-2.586726171169593,-1.1951101591790343,1.7469619297226824,683.75
548,-1.1824323216085664,-1.8264550010337521,-1.861721563088976,-2.586726145864109,-1.1951101185794362,1.8436267931127737,685.0
549,-1.1824322730895038,-1.8264550170183087,-1.8617215637765476,-2.586726127659957,-1.1951100707512197,1.9502916498513914,686.25
550,-1.182432217561318,-1.8264550302437126,-1.8617215593092316,-2.5867261180590897,-1.1951100152552119,2.066956498476671,687.5
551,-1.182432157238965,-1.8264550435878104,-1.8617215534615696,-2.5867261096598346,-1.1951099549496513,2.1936213392074415,688.75
552,-1.182432091808231,-1.8264550474677421,-1.8617215368643225,-2.586726121414311,-1.1951098894375107,2.3302861743760355,690.0
553,-1.1824320219378006,-1.8264550507859298,-1.8617215183436369,-2.5867261355865225,-1.1951098194676355,2.476951008999173,691.25
554,-1.1824319525586986,-1.826455041555707,-1.8617214878521309,-2.586726174246839,-1.195109749790766,2.633615836491015,692.5
555,-1.1824318824430327,-1.826455027932712,-1.8617214528870996,-2.586726221750079,-1.1951096793054297,2.799504981910577,693.75
556,-1.1824318226676094,-1.8264550051460522,-1.861721412282947,-2.586726284184656,-1.1951096190359967,2.9605996079161687,695.0
557,-1.1824317740614658,-1.8264549785692816,-1.8617213714896028,-2.5867263507545974,-1.1951095698993812,3.1116942339217,696.25
558,-1.1824317360782257,-1.8264549485836556,-1.8617213307055644,-2.586726420873068,-1.1951095313541242,3.2527888599272146,697.5
559,-1.1824317081844011,-1.826454917501695,-1.8617212919994137,-2.5867264901574973,-1.1951095029025822,3.3838834859326905,698.75
560,-1.1824316905601908,-1.8264548852449218,-1.8617212553513567,-2.5867265587086274,-1.1951094847240875,3.5049781119381436,700.0
561,-1.182431675259376,-1.8264548554451026,-1.86172122179975,-2.586726621747934,-1.195109468913331,3.616072737943579,701.25
562,-1.1824316742396643,-1.8264548252530466,-1.861721192309745,-2.5867266813299326,-1.1951094674083191,3.7171673639490086,702.5
563,-1.1824316733208193,-1.8264547980475088,-1.8617211657368054,-2.586726735018245,-1.1951094660521786,3.808261989954418,703.75
564,-1.1824316725028419,-1.8264547738284869,-1.861721142080934,-2.5867267828128715,-1.1951094648449099,3.8893566159598207,705.0
565,-1.1824316806687762,-1.826454752069283,-1.86172112359533,-2.5867268231184175,-1.1951094726803615,3.9604512419652114,706.25
566,-1.1824316883779753,-1.8264547333296546,-1.8617211078853595,-2.5867268576304223,-1.195109480106404,4.021545867970616,707.5
567,-1.1824316948253286,-1.826454717657341,-1.8617210947468026,-2.5867268864934845,-1.195109486316948,4.072640493976045,708.75
568,-1.1824317000108362,-1.826454705052339,-1.8617210841796612,-2.5867269097076036,-1.1951094913119935,4.113735119981509,710.0
569,-1.1824317039344983,-1.8264546955146488,-1.8617210761839367,-2.58672692727278,-1.1951094950915406,4.144829745986927,711.25
570,-1.1824317065963146,-1.82645468904427,-1.861721070759629,-2.5867269391890133,-1.1951094976555892,4.165924371992364,712.5
571,-1.1825501593249184,-1.8267618299648452,-1.8613122533581312,-2.586829461390949,-1.195227753388893,4.177367486967606,713.75
572,-1.184000865964034,-1.8305235131970672,-1.8563053867851063,-2.5880850024197715,-1.1966760480559047,4.18071590032605,715.0
573,-1.1850262755195005,-1.8331824055946633,-1.8527663595771235,-2.5889724604597055,-1.1976997551314155,4.174461437847277,716.25
574,-1.1850262744595026,-1.8331824103448486,-1.852766361945044,-2.588972458148816,-1.1976997596273313,4.160074623568008,717.5
575,-1.1850262726627205,-1.833182418396797,-1.8527663659588605,-2.588972454231671,-1.1976997672482725,4.135687809288751,718.75
576,-1.1850262701291538,-1.8331824297505088,-1.8527663716185727,-2.5889724487082706,-1.1976997779942389,4.101300995009489,720.0
577,-1.1850262668588032,-1.8331824444059839,-1.8527663789241815,-2.5889724415786146,-1.1976997918652308,4.056914180730217,721.25
578,-1.185026262529962,-1.833182462677644,-1.8527663869155335,-2.588972436490799,-1.197699806059198,4.002527368322304,722.5
579,-1.185026257202743,-1.8331824845067375,-1.8527663957720395,-2.5889724327631543,-1.1976998210997214,3.938140556983674,723.75
580,-1.1850262539163254,-1.833182508441285,-1.8527664106975403,-2.588972412315973,-1.1976998311307885,3.8637537523740644,725.0
581,-1.1850262546217587,-1.83318253360728,-1.8527664348847277,-2.5889723641697815,-1.1976998311557514,3.779366957476126,726.25
582,-1.1850262553875945,-1.8331825617397404,-1.8527664619954807,-2.588972310069699,-1.1976998309885174,3.6849801711225085,727.5
583,-1.1850262601914971,-1.8331825918794766,-1.8527664924255225,-2.588972250414555,-1.1976998351142123,3.5805933915126844,728.75
584,-1.1850262767320554,-1.8331826221598115,-1.8527665269692857,-2.5889721858585384,-1.1976998521328792,3.466206620499323,730.0
585,-1.185026294720472,-1.8331826550861428,-1.8527665645364628,-2.5889721156459755,-1.19769987065527,3.341819858995669,731.25
586,-1.1850263284911111,-1.8331826844293027,-1.8527666035229273,-2.5889720478896847,-1.197699904968715,3.2074331027786376,732.5
587,-1.1850263671235315,-1.833182714935246,-1.8527666451479976,-2.588971976419435,-1.1976999441790284,3.0630463474734952,733.75
588,-1.1850264215684303,-1.833182738391928,-1.8527666848660176,-2.588971914123176,-1.197699999120211,2.9086595978538763,735.0
589,-1.1850264827919776,-1.8331827608143305,-1.8527667256940532,-2.5889718518497586,-1.1977000608375725,2.7442985416905863,736.25
590,-1.18502655469862,-1.83318277040205,-1.8527667574064317,-2.5889718116502634,-1.1977001330547823,2.5809254493868234,737.5
591,-1.1850266236204168,-1.8331827759601254,-1.8527667842807658,-2.5889717802626366,-1.1977002022158418,2.427552357083077,738.75
592,-1.1850266918417556,-1.8331827719364644,-1.852766801645262,-2.5889717679293835,-1.1977002705208055,2.284179264779367,740.0
593,-1.1850267552167328,-1.8331827655888322,-1.8527668152454415,-2.5889717616055568,-1.1977003339314893,2.150806172475673,741.25
594,-1.185026813569109,-1.8331827517043047,-1.8527668199713656,-2.5889717715968437,-1.1977003921874236,2.0274330801719884,742.5
595,-1.1850268671917392,-1.8331827389451918,-1.8527668243142221,-2.588971780778289,-1.1977004457214286,1.9140599878683469,743.75
596,-1.1850269125703712,-1.8331827208794456,-1.8527668209413442,-2.5889718028441786,-1.1977004909081537,1.8106868955647033,745.0
597,-1.185026952888982,-1.8331827033346204,-1.8527668164962716,-2.588971825387229,-1.1977005310322335,1.717313803261086,746.25
598,-1.1850269888895824,-1.8331826876688002,-1.85276681252725,-2.5889718455159825,-1.1977005668591367,1.6339407109574668,747.5
599,-1.1850270167742056,-1.8331826708829095,-1.8527668049421426,-2.5889718702565645,-1.1977005945344,1.5605676186538688,748.75
600,-1.1850270393125482,-1.833182655164046,-1.852766796725176,-2.588971894485115,-1.19770061686892,1.4971945263502626,750.0
601,-1.1850270582944382,-1.8331826419255524,-1.8527667898048095,-2.5889719148905064,-1.1977006356791497,1.4438214340466384,751.25
602,-1.1850270737198754,-1.8331826311674284,-1.852766784181043,-2.588971931472737,-1.1977006509650894,1.4004483417429952,752.5
603,-1.1850270855888594,-1.8331826228896726,-1.8527667798538792,-2.5889719442318078,-1.1977006627267381,1.3670752494393619,753.75
604,-1.1850270939013903,-1.8331826170922851,-1.852766776823318,-2.588971953167717,-1.197700670964096,1.3437021571357242,755.0
605,-1.1850321266542405,-1.833195812160533,-1.8527491061493058,-2.588976464490256,-1.197705694850606,1.330312874666197,756.25
606,-1.1862016293946835,-1.8362657301286809,-1.8486393453100096,-2.590024600652927,-1.1988731452965617,1.324846504112041,757.5
607,-1.187536106683395,-1.8397687146788737,-1.8439498340666005,-2.591220592396006,-1.2002052820037379,1.329156832873602,758.75
608,-1.187586163331227,-1.8399001261188828,-1.843773915721815,-2.5912654595820133,-1.2002552541932083,1.3413883773805644,760.0
609,-1.187586156356296,-1.839900132364006,-1.8437739158087219,-2.5912654627915006,-1.2002552533343283,1.3634606511421707,761.25
610,-1.187586146221323,-1.8399001414385268,-1.843773915935003,-2.5912654674550692,-1.2002552520863263,1.3955329249037742,762.5
611,-1.1875861329263084,-1.8399001533424446,-1.8437739161006577,-2.591265473572719,-1.200255250449203,1.4376051986653817,763.75
612,-1.1875861167138135,-1.8399001679111462,-1.8437739167917078,-2.5912654793600574,-1.2002552505338655,1.4896774670430182,765.0
613,-1.1875860977810577,-1.8399001850107872,-1.8437739184033253,-2.5912654833662367,-1.2002552540566422,1.5517497273966931,766.25
614,-1.1875860741567805,-1.8399002036551915,-1.8437739206176842,-2.5912654837312945,-1.2002552518634146,1.6238219848009567,767.5
615,-1.1875860390780986,-1.8399002188588098,-1.8437739248484402,-2.591265462793981,-1.2002552180649229,1.7058942286171443,768.75
616,-1.1875859997097449,-1.83990023590472,-1.8437739296318618,-2.5912654391444825,-1.2002551800166232,1.7979664666243242,770.0
617,-1.18758595587665,-1.839900254494697,-1.8437739346141317,-2.5912654134540687,-1.2002551374597092,1.9000386977225712,771.25
618,-1.1875859031857297,-1.8399002670097222,-1.8437739303468055,-2.591265404401061,-1.2002550848028066,2.012110917580204,772.5
619,-1.1875858457921993,-1.8399002806425666,-1.8437739256952645,-2.5912653945533553,-1.20025502743778,2.134183129976832,773.75
620,-1.1875857834625008,-1.8399002882888449,-1.8437739136621758,-2.5912653980147793,-1.2002549650676038,2.2662553363120677,775.0
621,-1.1875857162723,-1.8399002922322563,-1.8437738964989112,-2.591265410244694,-1.200254897792786,2.4083275403623103,776.25
622,-1.1875856476586504,-1.8399002884204054,-1.8437738713433927,-2.591265438177632,-1.2002548289671233,2.5603997403036116,777.5
623,-1.1875855767593615,-1.8399002789482606,-1.8437738399649826,-2.5912654779425486,-1.200254757759931,2.7224719337562364,778.75
624,-1.1875855139973706,-1.839900258285082,-1.8437738002378834,-2.591265537337719,-1.20025469452675,2.88782968567538,780.0
625,-1.187585457446049,-1.839900236145993,-1.843773761015422,-2.591265597792866,-1.2002546374939145,3.043513540358271,781.25
626,-1.1875854187039352,-1.839900205547104,-1.8437737191254355,-2.59126566961802,-1.200254598172399,3.1891973950411483,782.5
627,-1.1875853827273481,-1.8399001770024102,-1.8437736800990951,-2.591265736572351,-1.2002545616556677,3.324881249723986,783.75
628,-1.1875853646565624,-1.8399001439288145,-1.843773642261285,-2.591265807122065,-1.2002545430106155,3.4505651044068015,785.0
629,-1.1875853480235739,-1.8399001134867174,-1.8437736074340223,-2.5912658720585116,-1.2002545258490516,3.5662489590895996,786.25
630,-1.1875853411670074,-1.8399000836946748,-1.8437735762950418,-2.59126593280451,-1.2002545184957771,3.671932813772375,787.5
631,-1.1875853402122385,-1.8399000554733815,-1.8437735485294304,-2.5912659886989347,-1.2002545170825907,3.7676166684551387,788.75
632,-1.1875853393572535,-1.839900030201525,-1.8437735236656203,-2.5912660387517854,-1.2002545158170976,3.853300523137901,790.0
633,-1.1875853431481609,-1.8399000076123149,-1.8437735028648403,-2.591266082135818,-1.2002545192510232,3.928984377820659,791.25
634,-1.1875853513344277,-1.8398999877204543,-1.8437734860630957,-2.5912661188966206,-1.2002545271335254,3.9946682325034173,792.5
635,-1.1875853582743812,-1.8398999708570194,-1.843773471819322,-2.5912661500607967,-1.2002545338159607,4.050352087186192,793.75
636,-1.1875853639680214,-1.8398999570220105,-1.8437734601335176,-2.5912661756283457,-1.2002545392983288,4.096035941868986,795.0
637,-1.1875853684153483,-1.8398999462154264,-1.8437734510056862,-2.5912661955992684,-1.2002545435806304,4.1317197965517725,796.25
638,-1.1875853716163618,-1.8398999384372658,-1.843773444435827,-2.591266209973564,-1.2002545466628651,4.157403651234562,797.5
639,-1.1875853735710618,-1.8398999336875295,-1.84377344042394,-2.5912662187512323,-1.2002545485450327,4.1730875059173425,798.75
640,-1.188369803165428,-1.8419844639303644,-1.840966899934649,-2.5919937542281803,-1.2010375276272374,4.1803552483742425,800.0
641,-1.189864678261822,-1.8459569301021006,-1.8356185172207589,-2.593380200940832,-1.2025296394913536,4.178334412023973,801.25
642,-1.1901095536543054,-1.8466076647974412,-1.834742397957781,-2.593607313825128,-1.2027740660123063,4.167945103920311,802.5
643,-1.1901095521979859,-1.8466076712452273,-1.8347424011455733,-2.593607310836659,-1.2027740720119853,4.148220932855505,803.75
644,-1.1901095500033243,-1.8466076809619905,-1.8347424059495512,-2.5936073063330607,-1.2027740810534548,4.118496761790681,805.0
645,-1.1901095470703202,-1.8466076939477305,-1.834742412369715,-2.593607300314331,-1.2027740931367146,4.078772590725839,806.25
646,-1.1901095433182065,-1.8466077102801404,-1.834742420168547,-2.593607293677396,-1.2027741075511276,4.0290484202225345,807.5
647,-1.190109538368723,-1.8466077303230821,-1.8347424282336702,-2.5936072906228613,-1.2027741209685385,3.9693242525404626,808.75
648,-1.1901095325905156,-1.8466077537219419,-1.834742437649189,-2.5936072870568863,-1.2027741366325126,3.89960008485843,810.0
649,-1.1901095328467162,-1.8466077773817844,-1.8347424597255646,-2.593607244221457,-1.2027741376322254,3.819875932769853,811.25
650,-1.1901095335805538,-1.8466078037998384,-1.8347424853364818,-2.5936071933733866,-1.2027741375789345,3.7301517845442014,812.5
651,-1.1901095343713566,-1.846607833144427,-1.8347425138663656,-2.5936071365805877,-1.2027741373086547,3.6304276456222615,813.75
652,-1.190109547234461,-1.846607862519407,-1.834742546534355,-2.5936070749682183,-1.2027741503217508,3.5207035161297346,815.0
653,-1.190109564339559,-1.8466078938257793,-1.8347425825082582,-2.593607007958,-1.2027741679351216,3.400979394117832,816.25
654,-1.1901095892782059,-1.846607924967832,-1.834742620768104,-2.5936069389649665,-1.2027741934152203,3.2712552789720464,817.5
655,-1.190109626211127,-1.8466079541404454,-1.8347426608441881,-2.593606870347317,-1.202774230906385,3.1315311675508175,818.75
656,-1.1901096714447648,-1.846607981459659,-1.8347427017107591,-2.59360680291243,-1.2027742766855276,2.981807058673131,820.0
657,-1.1901097296356729,-1.8466080036813604,-1.8347427416578745,-2.593606741675033,-1.2027743353654285,2.822082956557148,821.25
658,-1.1901097970620529,-1.8466080189675491,-1.8347427777237866,-2.5936066913732803,-1.202774403188292,2.6557762384113657,822.5
659,-1.19010986577498,-1.8466080281636394,-1.8347428082431605,-2.5936066527105743,-1.2027744722015106,2.497743813138829,823.75
660,-1.1901099342815264,-1.8466080267163827,-1.8347428282997593,-2.5936066351216085,-1.2027745408348791,2.3497113878661864,825.0
661,-1.1901099991648807,-1.8466080229263617,-1.8347428449320264,-2.5936066232391117,-1.2027746057990203,2.211678962593379,826.25
662,-1.1901100590709237,-1.8466080112404963,-1.8347428522904654,-2.5936066284301305,-1.2027746656465705,2.0836465373204383,827.5
663,-1.1901101142196042,-1.8466079981528636,-1.8347428567884343,-2.593606637808393,-1.2027747207035304,1.9656141120473987,828.75
664,-1.1901101631337885,-1.8466079833152795,-1.834742857622833,-2.593606652502137,-1.2027747694838633,1.857581686774205,830.0
665,-1.190110204950027,-1.8466079651476273,-1.8347428529793506,-2.59360667588853,-1.2027748110965382,1.7595492615009458,831.25
666,-1.1901102425007155,-1.8466079488332081,-1.8347428488095305,-2.593606696889347,-1.202774848464428,1.6715168362275725,832.5
667,-1.1901102745143521,-1.8466079333676755,-1.834742843733682,-2.593606717866849,-1.2027748802969136,1.5934844109541517,833.75
668,-1.190110298415499,-1.8466079167167235,-1.834742834957216,-2.593606743605822,-1.2027749039798357,1.525451985680674,835.0
669,-1.1901103188034465,-1.846607902513274,-1.8347428274707913,-2.593606765561456,-1.2027749241816352,1.4674195604071507,836.25
670,-1.1901103356781957,-1.8466078907573293,-1.8347428212744052,-2.593606783733752,-1.2027749409023127,1.4193871351336007,837.5
671,-1.190110349039745,-1.846607881448886,-1.834742816368061,-2.5936067981227087,-1.2027749541418673,1.381354709860039,838.75
672,-1.1901103588880952,-1.8466078745879448,-1.8347428127517598,-2.5936068087283264,-1.2027749639002991,1.3533222845864945,840.0
673,-1.1901103652232459,-1.8466078701745057,-1.8347428104255006,-2.5936068155506047,-1.2027749701776078,1.3352898593129596,841.25
674,-1.190551996094429,-1.847795956938883,-1.8331341938239818,-2.5940304353465344,-1.203215741838864,1.3262007117313495,842.5
675,-1.1920690262249587,-1.8518771472004916,-1.8276084579765826,-2.595485595547269,-1.2047298208955899,1.3258522425812742,843.75
676,-1.1926004545389657,-1.8533068319787092,-1.8256727367142538,-2.5959953539700695,-1.2052602176150125,1.3344037383245173,845.0
677,-1.1926004491059874,-1.853306836834817,-1.82567273675471,-2.5959953565683227,-1.205260216837453,1.3517446189910323,846.25
678,-1.1926004405399628,-1.8533068444913066,-1.825672736818496,-2.5959953606649155,-1.2052602156114975,1.3790854996575652,847.5
679,-1.192600428840892,-1.8533068549481775,-1.825672736905612,-2.595995366259848,-1.2052602139371456,1.4164263803241095,848.75
680,-1.192600414008775,-1.85330686820543,-1.8256727370160575,-2.5959953733531203,-1.2052602118143967,1.463767260990651,850.0
681,-1.192600396626994,-1.8533068838731697,-1.8256727383019116,-2.5959953777439995,-1.205260214372743,1.5211081262494037,851.25
682,-1.1926003762623922,-1.85330690224089,-1.8256727399077655,-2.5959953825514925,-1.2052602178035823,1.588448990334601,852.5
683,-1.1926003462313863,-1.8533069183456368,-1.8256727432702908,-2.5959953701538145,-1.2052601963816958,1.6657898427144149,853.75
684,-1.1926003093528355,-1.8533069343052997,-1.8256727477451915,-2.5959953481554683,-1.2052601608703006,1.7531306901934294,855.0
685,-1.192600268219337,-1.8533069520697087,-1.825672752814322,-2.5959953232864423,-1.2052601210143514,1.850471525328643,856.25
686,-1.1926002202683819,-1.8533069671771565,-1.8256727528398007,-2.595995306761812,-1.205260073679506,1.9578123538182877,857.5
687,-1.1926001657664467,-1.853306980089602,-1.8256727483933133,-2.595995297464186,-1.2052600192106342,2.075153174314366,858.75
688,-1.1926001065613958,-1.8533069923683618,-1.82567274184189,-2.595995290846384,-1.2052599600163565,2.2024939870885305,860.0
689,-1.1926000423926444,-1.8533069961007231,-1.8256727253324991,-2.595995302676222,-1.2052598957652327,2.339834794638735,861.25
690,-1.1925999742532352,-1.8533069984012285,-1.825672706170735,-2.5959953185271063,-1.2052598275119053,2.4871756012604234,862.5
691,-1.192599906253716,-1.8533069892868301,-1.825672675858939,-2.5959953569109424,-1.2052597592135759,2.644516400869252,863.75
692,-1.1925998385072254,-1.8533069750070372,-1.8256726405607324,-2.595995405436211,-1.205259691084381,2.8106569580834204,865.0
693,-1.1925997804179045,-1.853306952816233,-1.8256726005391735,-2.5959954667186835,-1.2052596325042682,2.9710688630662627,866.25
694,-1.1925997342116128,-1.8533069262565234,-1.8256725599677637,-2.595995533085782,-1.2052595857619879,3.121480768049216,867.5
695,-1.1925996973205395,-1.8533068971157514,-1.8256725197928374,-2.595995601769792,-1.205259548313287,3.2618926730323294,868.75
696,-1.1925996713047513,-1.8533068664697838,-1.825672481559894,-2.5959956701756313,-1.205259521739252,3.3923045780155823,870.0
697,-1.1925996541992732,-1.8533068351716497,-1.82567244548793,-2.595995737204203,-1.2052595040845173,3.512716482998962,871.25
698,-1.1925996403082961,-1.8533068060475866,-1.8256724125585193,-2.5959957989701943,-1.2052594896869055,3.623128387982439,872.5
699,-1.1925996393169627,-1.8533067768020466,-1.8256723835644588,-2.595995857115004,-1.2052594882154013,3.7235402929660513,873.75
700,-1.192599638424356,-1.8533067504690681,-1.825672357457906,-2.595995909469184,-1.2052594868904436,3.8139521979497264,875.0
701,-1.192599637630476,-1.8533067270486479,-1.8256723342388639,-2.595995956032735,-1.2052594857120327,3.89436410293349,876.25
702,-1.1925996461936017,-1.8533067060023343,-1.82567231628922,-2.595995995099285,-1.2052594939500654,3.964776007917295,877.5
703,-1.1925996536310641,-1.8533066879397861,-1.8256723009120892,-2.5959960286008705,-1.2052595011087184,4.025187912901154,878.75
704,-1.1925996598374011,-1.853306672867139,-1.8256722880803369,-2.595996056556929,-1.205259507082398,4.075599817885037,880.0
705,-1.1925996648126131,-1.853306660784391,-1.8256722777939651,-2.5959960789674605,-1.2052595118711031,4.116011722868947,881.25
706,-1.1925996685566997,-1.853306651691541,-1.825672270052975,-2.595996095832465,-1.205259515474835,4.146423627852847,882.5
707,-1.192599671069661,-1.8533066455885892,-1.8256722648573662,-2.595996107151942,-1.2052595178935925,4.166835532836722,883.75
708,-1.1927659039591048,-1.8537593832281705,-1.8250558628983244,-2.5961609268613355,-1.2054254109461882,4.177749688149236,885.0
709,-1.1941788050232494,-1.8576074964553038,-1.8198167191538133,-2.597561777717721,-1.2068354240421784,4.180488061245106,886.25
710,-1.1950562462000842,-1.8599972600512253,-1.816563099937525,-2.5984317341994485,-1.2077110741595087,4.173776165256926,887.5
711,-1.195056245096137,-1.8599972648816234,-1.8165631023082096,-2.598431732064609,-1.2077110785781846,4.158850708458483,888.75
712,-1.195056243252549,-1.85999727294837,-1.8165631062672443,-2.5984317284994347,-1.2077110859573565,4.133925251660036,890.0
713,-1.1950562406693206,-1.8599972842514656,-1.8165631118146286,-2.598431723503926,-1.2077110962970248,4.098999794861566,891.25
714,-1.1950562373464515,-1.8599972987909097,-1.8165631189503628,-2.5984317170780824,-1.207711109597189,4.054074338063097,892.5
715,-1.1950562329346943,-1.8599973168979749,-1.816563126661016,-2.5984317130249965,-1.2077111227538633,3.999148885501596,893.75
716,-1.1950562275478371,-1.85999733846473,-1.8165631352767733,-2.5984317101055856,-1.207711136778355,3.934223434872199,895.0
717,-1.1950562245967982,-1.8599973618703316,-1.81656315063807,-2.5984316882406784,-1.2077111452205704,3.8592979919375288,896.25
718,-1.1950562252903354,-1.8599973865658637,-1.816563174750614,-2.5984316405838888,-1.2077111452146083,3.774372557889844,897.5
719,-1.1950562260423196,-1.8599974141516897,-1.8165632017658682,-2.598431587044836,-1.2077111450085152,3.679447133222372,898.75
720,-1.1950562315327615,-1.8599974435076958,-1.8165632321463954,-2.5984315281195824,-1.2077111499005782,3.574521715334095,900.0
721,-1.1950562477560287,-1.8599974731895013,-1.8165632665122255,-2.5984314643311217,-1.2077111666057865,3.45959630593755,901.25
722,-1.195056265392638,-1.8599975054529345,-1.8165633038714895,-2.5984313949807833,-1.2077111847796504,3.334670905593165,902.5
723,-1.195056299341538,-1.8599975338440213,-1.816563342532401,-2.5984313285059613,-1.2077112192701103,3.1997455109533313,903.75
724,-1.195056337191009,-1.8599975637396415,-1.8165633839015705,-2.598431257888018,-1.2077112576979634,3.05482011682944,905.0
725,-1.195056391328061,-1.859997586181776,-1.8165634230658987,-2.598431197153198,-1.207711312324211,2.8998947287081926,906.25
726,-1.195056451883191,-1.8599976074405866,-1.8165634630882972,-2.5984311368366644,-1.2077113733629226,2.7350793350572604,907.5
727,-1.1950565218318288,-1.8599976168282797,-1.8165634943831788,-2.5984310972270603,-1.207711443620858,2.572251459345927,908.75
728,-1.1950565891461196,-1.859997621605594,-1.816563520307969,-2.598431067545956,-1.2077115111628483,2.419423583634481,910.0
729,-1.19505665547752,-1.8599976177630955,-1.816563537435422,-2.598431055243873,-1.2077115775781246,2.276595707922861,911.25
730,-1.195056717059201,-1.8599976110789462,-1.8165635502674913,-2.598431049999982,-1.2077116391864584,2.1437678322111373,912.5
731,-1.1950567737589057,-1.859997597656245,-1.8165635549254189,-2.5984310595773765,-1.2077116957912626,2.020939956499235,913.75
732,-1.195056825842421,-1.8599975853263542,-1.8165635592041156,-2.5984310683750325,-1.2077117477876036,1.9081120807872531,915.0
733,-1.1950568696663995,-1.8599975674246627,-1.8165635553927397,-2.598431090695744,-1.20771179141454,1.8052842050751434,916.25
734,-1.1950569087864458,-1.8599975504552786,-1.8165635510164404,-2.598431112581162,-1.2077118303424386,1.7124563293629382,917.5
735,-1.1950569436922367,-1.8599975353139455,-1.81656354711158,-2.598431132108946,-1.2077118650767813,1.6296284536506735,918.75
736,-1.1950569704047185,-1.8599975188577589,-1.81656353932912,-2.5984311567029197,-1.207711891578049,1.5568005779383238,920.0
737,-1.1950569922116765,-1.8599975036836147,-1.8165635312625583,-2.5984311802289737,-1.2077119131839877,1.4939727022259515,921.25
738,-1.1950570105477303,-1.8599974909246653,-1.8165635244799094,-2.598431200010503,-1.2077119313510176,1.4411448265135385,922.5
739,-1.1950570254128792,-1.8599974805809096,-1.8165635189811735,-2.5984312160475094,-1.2077119460791383,1.3983169508011009,923.75
740,-1.1950570368071234,-1.8599974726523463,-1.816563514766353,-2.5984312283399893,-1.2077119573683488,1.365489075088666,925.0
741,-1.1950570447304623,-1.8599974671389752,-1.8165635118354475,-2.5984312368879454,-1.2077119652186497,1.342661199376248,926.25
742,-1.1950737404722158,-1.860043487452377,-1.8165005059727108,-2.5984483377461713,-1.2077286251185728,1.3297747347007225,927.5
743,-1.1962439261955222,-1.8632700758313885,-1.8120834346722847,-2.5996469006111833,-1.2088963009333633,1.324716455003366,928.75
744,-1.1974528681967305,-1.8666035397006469,-1.8075200592721212,-2.6008851617442015,-1.21010265114514,1.3294568217414147,930.0
745,-1.1974808619776158,-1.8666807421969287,-1.8074143769593778,-2.6009138403097016,-1.210130588145346,1.3420308932264613,931.25
746,-1.1974808549959222,-1.8666807484269576,-1.8074143769783566,-2.6009138437661177,-1.2101305870098635,1.3645068889906768,932.5
747,-1.1974808449079397,-1.8666807574288455,-1.8074143770057798,-2.6009138487603582,-1.2101305853691833,1.3969828847549248,933.75
748,-1.1974808317136683,-1.8666807692025924,-1.8074143770416469,-2.600913855292425,-1.2101305832233051,1.43945888051917,935.0
749,-1.197480815676704,-1.866680783574462,-1.807414377599514,-2.6009138615028937,-1.210130582913774,1.4919348684893408,936.25
750,-1.197480796943845,-1.8666808004477011,-1.8074143789653827,-2.6009138663562434,-1.210130585744608,1.5544108466742563,937.5
751,-1.1974807732664055,-1.8666808185321142,-1.8074143810321504,-2.6009138665727196,-1.210130581617969,1.6268868212123258,938.75
752,-1.1974807388592321,-1.8666808333997942,-1.8074143852334197,-2.6009138460596253,-1.2101305485052885,1.7093627827923736,940.0
753,-1.197480700264555,-1.8666808500586551,-1.8074143899855817,-2.6009138228823887,-1.210130511241885,1.8018387379464822,941.25
754,-1.197480657132277,-1.8666808679053586,-1.8074143945399048,-2.6009137984912987,-1.210130469356677,1.904314686107111,942.5
755,-1.197480605515035,-1.8666808801050438,-1.8074143902993933,-2.6009137897380197,-1.2101304177749856,2.0167906234995465,943.75
756,-1.1974805493074636,-1.8666808933905261,-1.8074143856783458,-2.600913780219697,-1.210130361596951,2.139266552983735,945.0
757,-1.1974804882655972,-1.8666809003765628,-1.8074143732872705,-2.600913784714987,-1.2101303005102237,2.2717424764723906,946.25
758,-1.197480422492818,-1.8666809041730843,-1.807414356240142,-2.6009137969931393,-1.2101302346519855,2.4142183978702927,947.5
759,-1.197480355551555,-1.8666808998685025,-1.8074143308149444,-2.6009138257092816,-1.2101301674899958,2.566694314894653,948.75
760,-1.1974802861708491,-1.8666808905471974,-1.8074142996589169,-2.6009138651216963,-1.2101300978008278,2.7291702255162953,950.0
761,-1.197480225476006,-1.8666808698423978,-1.807414259995192,-2.600913924524718,-1.210130036628676,2.894248051379178,951.25
762,-1.197480171019754,-1.8666808478444161,-1.8074142210257644,-2.600913984616627,-1.2101299816876268,3.0495215383180314,952.5
763,-1.197480133305667,-1.8666808180594228,-1.8074141796520002,-2.6009140551298007,-1.2101299433973816,3.194795025257036,953.75
764,-1.1974800989230647,-1.8666807900059585,-1.8074141410436417,-2.6009141212006406,-1.210129908474653,3.3300685121962013,955.0
765,-1.1974800813378368,-1.8666807578474613,-1.8074141036886497,-2.6009141903638184,-1.2101298903188906,3.4553419991354977,956.25
766,-1.1974800651563564,-1.8666807282560347,-1.807414069315525,-2.6009142540060224,-1.2101298736124189,3.5706154860749244,957.5
767,-1.197480059049278,-1.8666806991814386,-1.807414038639223,-2.600914313586954,-1.2101298670113336,3.675888973014433,958.75
768,-1.1974800581185012,-1.8666806717818618,-1.8074140112558654,-2.6009143682820204,-1.2101298656257593,3.771162459954074,960.0
769,-1.19748005728542,-1.8666806472581765,-1.807413986746687,-2.600914417236238,-1.210129864385616,3.8564359468939,961.25
770,-1.197480061360302,-1.8666806253327506,-1.8074139663583764,-2.600914459551895,-1.210129868107302,3.9317094338337686,962.5
771,-1.1974800692993282,-1.8666806060658288,-1.8074139498204054,-2.6009144954237944,-1.2101298757456678,3.9969829207736547,963.75
772,-1.197480076022083,-1.8666805897506307,-1.8074139358160766,-2.6009145258000625,-1.2101298822138238,4.052256407713496,965.0
773,-1.1974800815285664,-1.8666805763871563,-1.8074139243453882,-2.6009145506806997,-1.21012988751177,4.09752989465329,966.25
774,-1.197480085818779,-1.8666805659754047,-1.8074139154083437,-2.6009145700657057,-1.2101298916395073,4.132803381593098,967.5
775,-1.1974800888927204,-1.8666805585153743,-1.8074139090049428,-2.600914583955081,-1.210129894597035,4.158076868532914,968.75
776,-1.1974800907503904,-1.866680554007066,-1.8074139051351856,-2.600914592348826,-1.2101298963843528,4.17335035547273,970.0
777,-1.19827447148352,-1.8688981262569915,-1.8043616791063095,-2.6017546955274975,-1.2109224913485717,4.180338899274452,971.25
778,-1.1996709965767447,-1.872796637787761,-1.7989958483805937,-2.603231595713086,-1.2123158780797259,4.17797718766022,972.5
779,-1.1998716936280913,-1.8733569050802243,-1.7982247141875611,-2.6034438430076423,-1.2125161278092929,4.167373659005665,973.75
780,-1.1998716921470411,-1.873356911486701,-1.7982247173112842,-2.6034438403060864,-1.2125161335703802,4.1473779469974,975.0
781,-1.199871689925307,-1.8733569210971028,-1.7982247219972036,-2.6034438362534624,-1.2125161422126287,4.117382234989117,976.25
782,-1.1998716869628894,-1.8733569339114298,-1.798224728245319,-2.6034438308497707,-1.212516153736039,4.077386522980858,977.5
783,-1.1998716831658318,-1.8733569500177076,-1.798224735786278,-2.603443825099371,-1.2125161672971618,4.02739081214496,978.75
784,-1.199871678184219,-1.8733569697437678,-1.7982247436169403,-2.603443822742755,-1.2125161797547808,3.9673951061691426,980.0
785,-1.1998716723722778,-1.8733569927577394,-1.7982247527528061,-2.603443819993341,-1.2125161942888183,3.897399400193307,981.25
786,-1.1998716728062533,-1.8733570158221462,-1.7982247750148577,-2.6034437766697622,-1.212516194754489,3.817403710348452,982.5
787,-1.199871673525427,-1.8733570416545033,-1.798224800480234,-2.6034437264831487,-1.2125161946678826,3.7274080243037306,983.75
788,-1.1998716743023172,-1.8733570703394882,-1.7982248288389087,-2.603443670450475,-1.2125161943790497,3.6274123473819895,985.0
789,-1.199871687283385,-1.8733570989648896,-1.7982248613310197,-2.603443609718803,-1.2125162075546516,3.5174166802205167,986.25
790,-1.1998717040237694,-1.8733571295695266,-1.7982248970547454,-2.603443543651597,-1.2125162248057677,3.3974210205190563,987.5
791,-1.1998717288522127,-1.8733571598296754,-1.7982249349926125,-2.6034434758599376,-1.21251625017568,3.267425367654881,988.75
792,-1.1998717649812511,-1.873357188356033,-1.798224974776184,-2.6034434081670517,-1.212516286862547,3.127429718407284,990.0
793,-1.1998718096295753,-1.8733572147929767,-1.7982250151878387,-2.6034433420584917,-1.2125163320521288,2.9774340718873367,991.25
794,-1.1998718665376908,-1.873357236540903,-1.7982250548334329,-2.6034432815770376,-1.2125163894490742,2.817438432058813,992.5
795,-1.199871931418632,-1.873357250970976,-1.7982250897433083,-2.603443233249058,-1.2125164547150886,2.6540949981084827,993.75
796,-1.199871996654976,-1.8733572597427541,-1.7982251191484004,-2.603443196074263,-1.212516520243281,2.500411568813825,995.0
797,-1.1998720614434393,-1.8733572587327862,-1.798225138700098,-2.6034431785016747,-1.2125165851600732,2.356728139519154,996.25
798,-1.1998721227901827,-1.8733572552037594,-1.798225154658967,-2.6034431669825957,-1.212516646585585,2.2230447102243946,997.5
799,-1.1998721793207898,-1.8733572452601166,-1.7982251627214767,-2.6034431696850557,-1.2125167030775978,2.099361280929623,998.75
800,-1.1998722311750871,-1.8733572330124253,-1.7982251670129479,-2.6034431783862826,-1.2125167548445461,1.9856778516347835,1000.0
801,-1.1998722779168893,-1.8733572208344684,-1.7982251697516882,-2.603443188494003,-1.212516801488707,1.8819944223399319,1001.25
802,-1.199872316927523,-1.8733572039392552,-1.7982251653544088,-2.6034432103263865,-1.2125168403060083,1.788310993045068,1002.5
803,-1.1998723517740666,-1.8733571888474811,-1.798225161426502,-2.6034432298283283,-1.2125168749798556,1.704627563750174,1003.75
804,-1.1998723824565198,-1.8733571755591454,-1.7982251579679693,-2.603443246999829,-1.2125169055102496,1.6309441344552589,1005.0
805,-1.1998724058155026,-1.8733571615796791,-1.79822515149989,-2.6034432677603006,-1.2125169286892883,1.5672607051603564,1006.25
806,-1.1998724242264596,-1.8733571487846739,-1.798225144637965,-2.6034432876591094,-1.2125169469288986,1.5135772758654902,1007.5
807,-1.1998724392078748,-1.873357138373087,-1.7982251390542603,-2.6034433038512237,-1.2125169617708849,1.4698938465706692,1008.75
808,-1.1998724507597487,-1.8733571303449197,-1.7982251347487734,-2.6034433163366435,-1.2125169732152479,1.4362104172758312,1010.0
809,-1.1998724588820802,-1.8733571247001695,-1.7982251317215079,-2.6034433251153684,-1.2125169812619867,1.4125269879809876,1011.25
810,-1.1998724635748699,-1.873357121438837,-1.7982251299724632,-2.6034433301873983,-1.2125169859111014,1.398843558686147,1012.5
811,-1.1995676451808808,-1.8725167942023202,-1.7994217945215625,-2.603084935212428,-1.2122131160136163,1.3945471716511555,1013.75
812,-1.1992529825119058,-1.8716493388115818,-1.8006570950180083,-2.60271496597127,-1.2118994324925005,1.3991242410836595,1015.0
813,-1.199135611552465,-1.8713257877101581,-1.8011178539983792,-2.6025769657505986,-1.2117824267871042,1.4132299079245987,1016.25
814,-1.1989350322195635,-1.8707728599297928,-1.8019052611163855,-2.6023411323525036,-1.2115824716495995,1.4373355747655294,1017.5
815,-1.198651244513202,-1.869990555470485,-1.8030193163720285,-2.6020074657769863,-1.2112995670799866,1.4714412416064666,1018.75
816,-1.19828201018218,-1.8689785451783865,-1.8044571864847068,-2.6015791065900373,-1.2109314619810942,1.515546970875718,1020.0
817,-1.197826507760019,-1.867736708688028,-1.8062178307329706,-2.6010572078520675,-1.210477330170323,1.5696527653115546,1021.25
818,-1.1972868179736555,-1.8662653521428747,-1.808303882687864,-2.6004388501777838,-1.2099392643159788,1.633758559747431,1022.5
819,-1.196659799274206,-1.864563956232526,-1.8107114947616423,-2.5997283685078427,-1.2093141068050168,1.7078644493678738,1023.75
820,-1.195946131920524,-1.8626326337584616,-1.8134414993964547,-2.598924824518102,-1.2086025413736454,1.7919703972393202,1025.0
821,-1.1951437512990364,-1.8604710047092476,-1.8164914511375678,-2.5980310231343338,-1.2078024918684305,1.8860764531915384,1026.25
822,-1.194253370834269,-1.8580791945114723,-1.8198622077040472,-2.5970459883823995,-1.2069146755424602,1.990182582247372,1027.5
823,-1.1932701412774491,-1.8554562764955702,-1.8235481033305776,-2.595976263852014,-1.2059342177072891,2.1042889085235563,1028.75
824,-1.192195874151281,-1.8526025428512454,-1.8275513741796856,-2.594819339233279,-1.2048629397707393,2.228395363857719,1030.0
825,-1.1910284733617018,-1.8495175578542382,-1.8318696493644646,-2.5935779998360755,-1.2036987348721855,2.362501987592054,1031.25
826,-1.189765793828234,-1.8462008345552472,-1.8365005937882377,-2.592255045726651,-1.2024394471867748,2.506608815072347,1032.5
827,-1.1884050626294187,-1.8426517044982098,-1.8414412759827028,-2.5908540482335263,-1.2010822901674745,2.6607158893222334,1033.75
828,-1.1869614663086236,-1.838912660395991,-1.8466308651823682,-2.589393446271926,-1.1996424015460136,2.8229619210615975,1035.0
829,-1.185567300317842,-1.8353270483485637,-1.8515924306902738,-2.588007744534733,-1.19825173511724,2.9784409465629524,1036.25
830,-1.184253162653114,-1.8319697141165396,-1.8562247260176965,-2.5867235625806853,-1.196940824670727,3.1239201846065177,1037.5
831,-1.1830211576386087,-1.8288411041900965,-1.860530112024219,-2.585538114462297,-1.1957117852833914,3.259399594094077,1038.75
832,-1.1818734416672971,-1.8259417169866263,-1.864510916218297,-2.584448596390988,-1.1945667840888223,3.3848791372976397,1040.0
833,-1.1808115782356026,-1.823271929070148,-1.8681687919449772,-2.5834529945882587,-1.1935073922668875,3.500358791599622,1041.25
834,-1.1798343202740404,-1.8208313528738909,-1.8715026177150849,-2.582552804764112,-1.1925323572186768,3.6058385796295207,1042.5
835,-1.1789472533113778,-1.8186214776294367,-1.8745179750454246,-2.581741014570787,-1.191647290935682,3.7013184096865404,1043.75
836,-1.17814821227394,-1.8166416967239036,-1.877212767037883,-2.581020304713638,-1.190850018288965,3.7867983247556967,1045.0
837,-1.1774413004510382,-1.814893138495825,-1.8795910161843221,-2.5803855674611507,-1.190144661771141,3.8622782604072494,1046.25
838,-1.176824129141044,-1.813375120386064,-1.8816504393477578,-2.579839743266925,-1.189528821679425,3.927758260480794,1047.5
839,-1.1763012112380908,-1.8120889315536488,-1.88339535072727,-2.5793772764632945,-1.1890070316932413,3.9832382605543066,1048.75
840,-1.1758713061202635,-1.8110342078357573,-1.8848245866473758,-2.5789996817176295,-1.188578045544738,4.028718278553217,1050.0
841,-1.1755341061107734,-1.810210858760116,-1.8859378588282332,-2.5787073345158813,-1.188241554157415,4.064198326716965,1051.25
842,-1.1752919454337931,-1.8096195694245967,-1.886737356863205,-2.5784973849479798,-1.187999902378474,4.089678374880732,1052.5
843,-1.1751448240893225,-1.8092603398292,-1.8872230807522905,-2.578369833013926,-1.187853090207915,4.1051584230444895,1053.75
844,-1.1748837609878449,-1.8086239898088141,-1.8880828513085417,-2.57814453333399,-1.1875925730591745,4.110953381492599,1055.0
845,-1.174422792213541,-1.8075010402688976,-1.8895996585974113,-2.577747356032305,-1.187132566641584,4.107766302808888,1056.25
846,-1.1744225001959605,-1.8075009581909047,-1.8895993916156477,-2.5777477016152752,-1.1871322736983558,4.095294625329814,1057.5
847,-1.1744219740337902,-1.8075008103014012,-1.889598910563432,-2.577748324292463,-1.1871317458683384,4.07282294785073,1058.75
848,-1.17442121372703,-1.8075005966003876,-1.8895982154407642,-2.5777492240638673,-1.1871309831515315,4.040351270371663,1060.0
849,-1.1744202191592545,-1.8075003172250792,-1.8895973058532154,-2.5777504024064664,-1.1871299845177572,3.997879620984884,1061.25
850,-1.1744189904114537,-1.80749997207979,-1.8895961820755618,-2.5777518582909744,-1.1871287506849049,3.945407973233597,1062.5
851,-1.1744178183046012,-1.8074996466112176,-1.8895951136059643,-2.5777532398628695,-1.187127573734362,3.8829363290697896,1063.75
852,-1.174417819008284,-1.807499668799371,-1.8895951347170363,-2.5777531969864045,-1.1871275744815801,3.8104647002854097,1065.0
853,-1.174417819805949,-1.8074996940473411,-1.8895951587478599,-2.577753148163847,-1.187127575306226,3.727993073239806,1066.25
854,-1.1744178206920977,-1.8074997223519236,-1.8895951857103368,-2.5777530933426154,-1.1871275761629656,3.6355214505354363,1067.5
855,-1.1744178323087366,-1.8074997511429736,-1.8895952165434755,-2.577753034057806,-1.1871275881121914,3.5330498364739995,1068.75
856,-1.174417848981248,-1.8074997817940948,-1.8895952507381915,-2.5777529695259775,-1.18712760528617,3.4205782287845574,1070.0
857,-1.1744178704181403,-1.807499813734316,-1.8895952876201043,-2.577752901093769,-1.1871276272592162,3.2981066280870683,1071.25
858,-1.1744179067481633,-1.8074998425318791,-1.8895953260964111,-2.5777528344429608,-1.1871276641186672,3.1656350355871776,1072.5
859,-1.174417947417374,-1.807499872383775,-1.8895953669069447,-2.577752764471457,-1.1871277053431162,3.023163446488253,1073.75
860,-1.1744180050547284,-1.8074998944349026,-1.8895954055417832,-2.577752704707277,-1.187127763448565,2.870691858949277,1075.0
861,-1.174418069726395,-1.8074999141511707,-1.889595444127005,-2.5777526474256605,-1.1871278285666729,2.7082597193595896,1076.25
862,-1.1744181424618092,-1.8074999238474878,-1.889595475693771,-2.5777526072738306,-1.1871279016086227,2.5470441768238086,1077.5
863,-1.1744182133030232,-1.8074999265517788,-1.889595500049336,-2.577752581276981,-1.1871279726427697,2.3958286342879287,1078.75
864,-1.1744182821831708,-1.807499922427295,-1.8895955173278995,-2.577752569137135,-1.1871280416046637,2.2546130917519838,1080.0
865,-1.17441834601534,-1.8074999135190462,-1.8895955285185675,-2.5777525677800504,-1.1871281054328813,2.1233975492160115,1081.25
866,-1.1744184047863637,-1.8074998994346594,-1.8895955332453203,-2.5777525779728006,-1.187128164108078,2.002182006679994,1082.5
867,-1.174418458490182,-1.8074998861101093,-1.8895955371336441,-2.577752588170837,-1.1871282177172084,1.890966464143937,1083.75
868,-1.1744185032931242,-1.8074998664980266,-1.8895955323232896,-2.5777526132044852,-1.1871282623080086,1.7897509216078518,1085.0
869,-1.1744185436695795,-1.8074998488236023,-1.889595527988189,-2.5777526357648335,-1.1871283024932813,1.6985353790717506,1086.25
870,-1.174418579619547,-1.8074998330868346,-1.889595524128345,-2.5777526558518815,-1.1871283382730256,1.617319836535642,1087.5
871,-1.1744186061124378,-1.8074998153001576,-1.8895955154160298,-2.577752682694566,-1.18712836454347,1.546104293999503,1088.75
872,-1.1744186284309803,-1.8074997996509976,-1.8895955074460073,-2.5777527066013812,-1.187128386664194,1.4848887514634004,1090.0
873,-1.1744186471036286,-1.807499786558243,-1.8895955007779426,-2.5777527266028466,-1.1871284051713384,1.433673208927308,1091.25
874,-1.1744186621303827,-1.807499776021892,-1.8895954954118381,-2.5777527426989613,-1.1871284200649037,1.3924576663912673,1092.5
875,-1.1744186735112414,-1.8074997680419436,-1.8895954913476953,-2.577752754889725,-1.1871284313448889,1.361242123855201,1093.75
876,-1.1744186812462052,-1.8074997626183973,-1.8895954885855133,-2.577752763175139,-1.1871284390112946,1.340026581319137,1095.0
877,-1.1745370695978448,-1.8077953126359882,-1.889208418017673,-2.577845144612439,-1.1872466608626888,1.328480295897909,1096.25
878,-1.176048914528252,-1.8115697183791584,-1.8842652899667571,-2.579024860395123,-1.1887563799773437,1.325062124862921,1097.5
879,-1.177124536138888,-1.8142550777392485,-1.8807484285713003,-2.5798641865357173,-1.1898304909502502,1.331269416192503,1098.75
880,-1.1771245315132697,-1.8142550819029135,-1.8807484286652585,-2.579864188488346,-1.1898304905425567,1.3456476737529393,1100.0
881,-1.1771245236705592,-1.8142550889623847,-1.880748428824564,-2.5798641917990177,-1.1898304898513152,1.3700259313133938,1101.25
882,-1.1771245126107563,-1.8142550989176627,-1.880748429049217,-2.5798641964677325,-1.189830488876525,1.404404188873824,1102.5
883,-1.1771244983338613,-1.8142551117687464,-1.8807484293392174,-2.5798642024944893,-1.1898304876181864,1.4487824464342438,1103.75
884,-1.1771244812360777,-1.8142551272402259,-1.8807484305083626,-2.579864206850084,-1.1898304894531306,1.5031607016609048,1105.0
885,-1.1771244612448089,-1.814255145382564,-1.8807484324075396,-2.5798642100895606,-1.1898304937626163,1.5675389555462358,1106.25
886,-1.1771244341430662,-1.8142551634921193,-1.8807484352956882,-2.5798642040373827,-1.189830483372455,1.6419172027652333,1107.5
887,-1.1771243971757408,-1.8142551796078235,-1.880748439650179,-2.579864181955825,-1.189830447710517,1.7262954403128385,1108.75
888,-1.1771243558021767,-1.8142551976188037,-1.8807484445751657,-2.5798641570173952,-1.189830407614072,1.820673669406884,1110.0
889,-1.17712430877805,-1.8142552153471898,-1.8807484474088738,-2.579864134578554,-1.1898303615606853,1.925051891790156,1111.25
890,-1.1771242536598656,-1.81425522853028,-1.8807484429760442,-2.5798641249914844,-1.1898303064758482,2.039430105579439,1112.5
891,-1.1771241937213142,-1.814255242867461,-1.8807484381510484,-2.5798641145839274,-1.1898302465626793,2.163808309879154,1113.75
892,-1.1771241286347052,-1.8142552482919958,-1.88074842324692,-2.5798641231053434,-1.1898301814106242,2.2981865089347333,1115.0
893,-1.1771240586502483,-1.814255252456513,-1.8807484056316974,-2.5798641355284277,-1.189830111341011,2.442564707037223,1116.25
894,-1.1771239885325273,-1.814255245400942,-1.8807483773046192,-2.5798641698468066,-1.1898300409624174,2.596942899438374,1117.5
895,-1.1771239154512856,-1.8142552348463858,-1.8807483447361462,-2.57986421185084,-1.1898299675591213,2.761296402556471,1118.75
896,-1.17712385407255,-1.814255211339698,-1.8807483034561296,-2.5798642756560493,-1.1898299056791468,2.924680948499506,1120.0
897,-1.1771238005281506,-1.8142551864140173,-1.8807482632416284,-2.579864339927444,-1.189829851627873,3.0780654944425665,1121.25
898,-1.1771237614494683,-1.8142551554218538,-1.8807482217165985,-2.579864411774164,-1.1898298119776243,3.221450040385686,1122.5
899,-1.1771237289412348,-1.8142551249094316,-1.88074818267341,-2.5798644807585727,-1.1898297789194,3.354834586328858,1123.75
900,-1.1771237107619075,-1.814255091483333,-1.8807481452762695,-2.5798645512158465,-1.1898297601747556,3.478219132272057,1125.0
901,-1.1771236940559677,-1.8142550607663408,-1.8807481109100646,-2.5798646159627383,-1.1898297429493163,3.591603678215317,1126.25
902,-1.177123690516599,-1.814255029960521,-1.8807480805184005,-2.5798646770198657,-1.1898297389171426,3.6949882241585956,1127.5
903,-1.1771236895644135,-1.8142550015972954,-1.8807480532475558,-2.57986473255908,-1.1898297375161477,3.788372770101926,1128.75
904,-1.177123688714192,-1.8142549762713238,-1.880748028896981,-2.5798647821509273,-1.1898297362651769,3.8717573160452075,1130.0
905,-1.1771236948390709,-1.814254953573652,-1.880748009196583,-2.579864824575713,-1.1898297420455906,3.945141861988546,1131.25
906,-1.1771237029378434,-1.8142549338018505,-1.880747992887606,-2.5798648607209422,-1.1898297498501977,4.008526407931865,1132.5
907,-1.1771237097588958,-1.8142549171493918,-1.8807479791516486,-2.5798648911636417,-1.1898297564234943,4.0619109538751434,1133.75
908,-1.177123715302228,-1.8142549036162754,-1.880747967988711,-2.57986491590381,-1.18982976176548,4.105295499818401,1135.0
909,-1.1771237195678395,-1.8142548932024996,-1.8807479593987946,-2.5798649349414484,-1.1898297658761552,4.138680045761671,1136.25
910,-1.1771237225557307,-1.8142548859080638,-1.8807479533819005,-2.5798649482765565,-1.1898297687555195,4.162064591704923,1137.5
911,-1.1771288634778734,-1.8142678697577528,-1.8807308380439842,-2.5798691168876484,-1.1898349019465706,4.17546478670044,1138.75
912,-1.1783507298682645,-1.8173558189362713,-1.876662423110757,-2.58085840550322,-1.1910549450026975,4.180894152878748,1140.0
913,-1.1797419573598358,-1.8208717903977436,-1.8720300897902034,-2.581984814597474,-1.1924440981719986,4.176536019540964,1141.25
914,-1.1797917040393922,-1.8209975187365677,-1.8718644486255132,-2.582025090730507,-1.192493775456413,4.164216930974117,1142.5
915,-1.1797917024054008,-1.8209975261562896,-1.8718644523097936,-2.5820250869860204,-1.1924937825323714,4.142048084729409,1143.75
916,-1.1797917000343432,-1.8209975369229254,-1.871864457655993,-2.582025081552458,-1.1924937928001773,4.109879238484684,1145.0
917,-1.179791696926219,-1.8209975510364753,-1.8718644646641103,-2.5820250744298203,-1.1924938062598311,4.067710392239997,1146.25
918,-1.1797916928758054,-1.8209975686986954,-1.8718644727164906,-2.5820250679804406,-1.1924938211420855,4.015541550307262,1147.5
919,-1.1797916877279695,-1.8209975900621,-1.8718644813462335,-2.5820250639900673,-1.1924938361095219,3.9533727144878754,1148.75
920,-1.1797916830385047,-1.820997614293152,-1.871864493450586,-2.5820250521504615,-1.192493850097419,3.8812038817224557,1150.0
921,-1.1797916837334121,-1.8209976392141347,-1.8718645170192771,-2.582025004862749,-1.1924938501357594,3.7990350622295272,1151.25
922,-1.1797916844966712,-1.8209976671575916,-1.8718645434946262,-2.5820249516525426,-1.192493850043724,3.706866248532682,1152.5
923,-1.1797916860161155,-1.8209976979518419,-1.8718645729594272,-2.582024892529453,-1.1924938505546367,3.6046974416095514,1153.75
924,-1.1797917024351054,-1.8209977281521281,-1.871864606878466,-2.5820248286780707,-1.1924938674418115,3.492528645807092,1155.0
925,-1.179791720319319,-1.8209977610438635,-1.871864643824222,-2.5820247591239314,-1.1924938858469079,3.3703598574969034,1156.25
926,-1.1797917503610758,-1.8209977919603846,-1.8718646826240823,-2.5820246899118837,-1.1924939164309132,3.2381910751377663,1157.5
927,-1.1797917888695877,-1.820997822512741,-1.8718647236812687,-2.5820246189612144,-1.1924939555087675,3.096022295042328,1158.75
928,-1.179791839786348,-1.8209978484196654,-1.8718647641385897,-2.5820245534287753,-1.1924940069461512,2.943853519189161,1160.0
929,-1.1797919003316195,-1.820997871628309,-1.871864804995622,-2.582024490331382,-1.1924940679886487,2.781684749854851,1161.25
930,-1.179791971908022,-1.8209978839019991,-1.871864838825256,-2.5820244453297923,-1.1924941399127356,2.6163838421421954,1162.5
931,-1.1797920414739493,-1.8209978926213704,-1.8718648686415653,-2.58202440785581,-1.192494209765757,2.4607895849439325,1163.75
932,-1.1797921116105086,-1.820997888473075,-1.8718648863537815,-2.5820243953257562,-1.192494279986899,2.315195327745656,1165.0
933,-1.1797921769237512,-1.820997884429395,-1.8718649026754854,-2.582024384009989,-1.192494345376047,2.1796010705473106,1166.25
934,-1.1797922370632261,-1.8209978700605935,-1.8718649075446725,-2.582024394365573,-1.1924944054168625,2.0540068133489116,1167.5
935,-1.17979229241431,-1.820997856835863,-1.8718649120261595,-2.5820244038966336,-1.1924944606771428,1.9384125561504975,1168.75
936,-1.1797923403394455,-1.820997839904933,-1.8718649106760832,-2.582024422844286,-1.1924945084368828,1.8328182989520427,1170.0
937,-1.1797923821294027,-1.8209978216414326,-1.871864906158572,-2.582024446196718,-1.1924945500272006,1.73722404175356,1171.25
938,-1.1797924195477643,-1.8209978052884592,-1.8718649021136269,-2.5820244671062813,-1.192494587266807,1.6516297845550438,1172.5
939,-1.179792449937471,-1.820997788737901,-1.8718648957083661,-2.582024490468406,-1.1924946174595719,1.5760355273565514,1173.75
940,-1.1797924735555874,-1.8209977721937132,-1.8718648872168655,-2.582024515809469,-1.19249464086634,1.5104412701580554,1175.0
941,-1.1797924935730657,-1.8209977581717267,-1.8718648800199134,-2.5820245372872273,-1.192494660704691,1.454847012959567,1176.25
942,-1.1797925099899074,-1.8209977466719431,-1.8718648741175081,-2.5820245549016816,-1.1924946769746254,1.4092527557611472,1177.5
943,-1.1797925228061106,-1.8209977376943591,-1.8718648695096527,-2.58202456865283,-1.1924946896761424,1.3736584985627158,1178.75
944,-1.179792532021676,-1.8209977312389756,-1.8718648661963477,-2.5820245785406732,-1.1924946988092417,1.3480642413642587,1180.0
945,-1.1797925376366036,-1.820997727305792,-1.871864864177593,-2.582024584565211,-1.1924947043739238,1.3324699841658043,1181.25
946,-1.1806360937974998,-1.8231558260298466,-1.8690046826285545,-2.5827327164370395,-1.1933369274563257,1.3252897898923364,1182.5
947,-1.1821881319810181,-1.827126476519739,-1.8637422883736359,-2.5840355907867125,-1.1948865137053006,1.327449249481638,1183.75
948,-1.182423528610774,-1.827728713774828,-1.8629441334415362,-2.584233201044763,-1.1951215413295022,1.3379829378864478,1185.0
949,-1.182423522256448,-1.8277287194838934,-1.862944133534196,-2.584233203861775,-1.1951215406355564,1.357904639944914,1186.25
950,-1.1824235127124716,-1.8277287280587107,-1.862944133673368,-2.5842332080928294,-1.1951215395932742,1.38782634200337,1187.5
951,-1.1824234999788454,-1.8277287394992803,-1.8629441338590529,-2.584233213737926,-1.1951215382026554,1.427748044061802,1188.75
952,-1.1824234841665398,-1.8277287537298885,-1.86294413431532,-2.584233219968561,-1.195121537419422,1.47766974466599,1190.0
953,-1.1824234657188533,-1.8277287704480822,-1.8629441359372692,-2.5842332234750938,-1.1951215410614182,1.5375914388880823,1191.25
954,-1.1824234441925345,-1.8277287899562829,-1.8629441378298965,-2.5842332275668127,-1.1951215453112067,1.6075131331101788,1192.5
955,-1.182423409980359,-1.827728805277581,-1.862944141854813,-2.584233207864039,-1.195121513387762,1.6874348114859665,1193.75
956,-1.1824233710629646,-1.8277288222085581,-1.8629441464836853,-2.5842331845542867,-1.1951214758054398,1.7773564861091709,1195.0
957,-1.182423327791394,-1.8277288410061283,-1.862944151687371,-2.5842331583898117,-1.1951214338236846,1.8772781517401484,1196.25
958,-1.1824232762802576,-1.827728854885183,-1.8629441491547571,-2.584233145975955,-1.1951213825823621,1.9871998077175481,1197.5
959,-1.1824232192025295,-1.8277288684975523,-1.8629441445311752,-2.5842331361258024,-1.1951213255343462,2.107121456271884,1198.75
960,-1.1824231572097759,-1.8277288785195482,-1.8629441349379439,-2.5842331347753897,-1.1951212635242263,2.2370430980564464,1200.0
961,-1.182423090221035,-1.827728882459549,-1.8629441179618396,-2.5842331468264614,-1.1951211964523683,2.376964736241671,1201.25
962,-1.182423020585828,-1.8277288814552803,-1.862944095431308,-2.584233169322002,-1.1951211266505413,2.526886371716829,1202.5
963,-1.182422949765796,-1.8277288719390525,-1.86294406438279,-2.584233208803836,-1.1951210555268004,2.6868080004365194,1203.75
964,-1.1824228833278583,-1.8277288537438863,-1.8629440263798005,-2.5842332639600576,-1.1951209886563774,2.8530790623205995,1205.0
965,-1.1824228247621345,-1.827728831276203,-1.862943986723298,-2.584233325147724,-1.1951209296070495,3.0109167088358753,1206.25
966,-1.1824227821577338,-1.827728801654903,-1.8629439451595053,-2.584233395614307,-1.1951208864395346,3.1587543553512463,1207.5
967,-1.1824227450520894,-1.8277287722050826,-1.8629439054630375,-2.5842334641245803,-1.1951208487853369,3.2965920018666144,1208.75
968,-1.1824227230485185,-1.827728739472626,-1.862943867300351,-2.584233534599752,-1.1951208262134585,3.424429648382079,1210.0
969,-1.1824227058987762,-1.8277287079327058,-1.8629438317831013,-2.5842336013126896,-1.1951208085248317,3.5422672948975413,1211.25
970,-1.182422695680843,-1.827728677762782,-1.8629437997248552,-2.5842336633038574,-1.1951207978047338,3.6501049414130575,1212.5
971,-1.1824226946941205,-1.8277286484142625,-1.8629437713124264,-2.5842337209677915,-1.195120796348782,3.74794258792859,1213.75
972,-1.1824226938082512,-1.8277286220654654,-1.8629437458040305,-2.5842337727378855,-1.1951207950416434,3.835780234444133,1215.0
973,-1.182422695522931,-1.827728598569378,-1.862943723833113,-2.584233818164578,-1.1951207963860524,3.913617880959716,1216.25
974,-1.182422704082922,-1.8277285776763674,-1.8629437064753256,-2.584233856484462,-1.1951208046319315,3.9814555274752843,1217.5
975,-1.1824227113810784,-1.8277285598632118,-1.8629436916762627,-2.5842338891555814,-1.1951208116622791,4.039293173990835,1218.75
976,-1.1824227174173996,-1.8277285451299141,-1.8629436794359218,-2.5842339161779377,-1.1951208174770955,4.087130820506341,1220.0
977,-1.182422722191886,-1.827728533476471,-1.8629436697543067,-2.58423393755153,-1.1951208220763807,4.1249684670218585,1221.25
978,-1.1824227257045374,-1.8277285249028816,-1.8629436626314169,-2.584233953276359,-1.1951208254601342,4.1528061135373875,1222.5
979,-1.1824227279553539,-1.8277285194091466,-1.8629436580672527,-2.5842339633524243,-1.1951208276283563,4.1706437600529,1223.75
980,-1.1829122264617131,-1.828996243816344,-1.8612536805980902,-2.5846597025039477,-1.195609508481883,4.179562781210588,1225.0
981,-1.1844970147369969,-1.8331006151835658,-1.8557822462114248,-2.5860380523983433,-1.19719165012525,4.179659525033636,1226.25
982,-1.185017382223496,-1.8344482960159778,-1.8539856920924371,-2.5864906345590857,-1.1977111518079961,4.17088686232139,1227.5
983,-1.1850173809201303,-1.8344483018613387,-1.8539856949681026,-2.5864906317526994,-1.1977111572878056,4.153247274740816,1228.75
984,-1.1850173788778777,-1.8344483110204735,-1.8539856994740025,-2.5864906273553543,-1.1977111658741557,4.125607687160269,1230.0
985,-1.1850173760967384,-1.834448323493382,-1.8539857056101356,-2.5864906213670498,-1.1977111775670461,4.08796809957973,1231.25
986,-1.1850173725767124,-1.834448339280065,-1.853985713376503,-2.586490613787786,-1.1977111923664774,4.0403285119991885,1232.5
987,-1.1850173678146712,-1.8344483588663705,-1.8539857212835407,-2.5864906102803666,-1.197711205890589,3.9826889261626297,1233.75
988,-1.1850173622021287,-1.8344483818742305,-1.8539857304903675,-2.5864906064382254,-1.1977112215491688,3.9150493403954116,1235.0
989,-1.1850173610422123,-1.8344484059333115,-1.8539857496893077,-2.5864905723097267,-1.197711226147898,3.8374097667091696,1236.25
990,-1.1850173617734174,-1.8344484321822827,-1.8539857746988746,-2.586490522290642,-1.197711226162398,3.7497701977592013,1237.5
991,-1.1850173625556832,-1.834448461404322,-1.8539858026427294,-2.5864904662146797,-1.1977112259061957,3.65213064055768,1238.75
992,-1.1850173723176003,-1.8344484914496348,-1.853985834397518,-2.5864904050415025,-1.197711235488461,3.5444910903378544,1240.0
993,-1.1850173893286975,-1.8344485227398482,-1.8539858697797758,-2.5864903386413256,-1.1977112529955398,3.426851548023679,1241.25
994,-1.1850174108404532,-1.8344485553585466,-1.853985907835362,-2.586490268312771,-1.1977112750477228,3.2992120132651297,1242.5
995,-1.1850174476667457,-1.8344485845936815,-1.853985947369372,-2.5864902001729355,-1.1977113124241945,3.1615724834795675,1243.75
996,-1.185017489650107,-1.8344486142164784,-1.8539859888769947,-2.586490129750564,-1.1977113549750418,3.0139329548908877,1245.0
997,-1.1850175477843488,-1.8344486365338213,-1.8539860283777259,-2.5864900688623234,-1.197711413592037,2.8562934333226293,1246.25
998,-1.1850176135644626,-1.8344486548997914,-1.853986066454806,-2.5864900134521633,-1.1977114798081754,2.6900674371905477,1247.5
999,-1.185017684038036,-1.8344486643900204,-1.8539860974586042,-2.586489974036257,-1.1977115505858875,2.529947284709045,1248.75
1000,-1.1850177532306148,-1.8344486656728516,-1.853986120176331,-2.5864899510718464,-1.1977116199485247,2.3798271322274718,1250.0
1001,-1.1850178199029027,-1.8344486617726385,-1.8539861371299458,-2.586489939002549,-1.1977116867024997,2.2397069797458298,1251.25
1002,-1.1850178816111951,-1.8344486520364605,-1.8539861469331338,-2.586489939829313,-1.1977117483883788,2.1095868272641614,1252.5
1003,-1.1850179384240302,-1.8344486385008427,-1.8539861515645228,-2.5864899495436804,-1.197711805107432,1.9894666747824608,1253.75
1004,-1.1850179898195659,-1.834448624827448,-1.8539861543813754,-2.586489961129133,-1.1977118563952731,1.8793465223007342,1255.0
1005,-1.185018033050852,-1.834448605964393,-1.8539861496752867,-2.5864899852908985,-1.1977118994181881,1.7792263698189787,1256.25
1006,-1.185018071964199,-1.8344485889853832,-1.853986145439238,-2.586490007039388,-1.1977119381439763,1.6891062173371711,1257.5
1007,-1.1850181064482925,-1.8344485738020473,-1.8539861415537355,-2.586490026580559,-1.1977119724596683,1.6089860648553795,1258.75
1008,-1.185018131385812,-1.834448556351884,-1.8539861325252667,-2.5864900533827475,-1.1977119971718877,1.5388659123735762,1260.0
1009,-1.185018152766933,-1.8344485413903293,-1.8539861247843687,-2.586490076362612,-1.1977120183598389,1.4787457598917895,1261.25
1010,-1.1850181705916565,-1.8344485289173857,-1.853986118331039,-2.5864900955201557,-1.1977120360235234,1.42862560741004,1262.5
1011,-1.1850181848599812,-1.8344485189330513,-1.8539861131652806,-2.586490110855375,-1.1977120501629401,1.3885054549283016,1263.75
1012,-1.1850181955719077,-1.834448511437325,-1.8539861092870944,-2.586490122368272,-1.197712060778089,1.3583853024465657,1265.0
1013,-1.1850182027274359,-1.8344485064302072,-1.8539861066964798,-2.586490130058845,-1.1977120678689697,1.3382651499648184,1266.25
1014,-1.1852255970055041,-1.8349922403038148,-1.8532570800203738,-2.586676889860804,-1.197919096614172,1.3275721929196276,1267.5
1015,-1.1867229120535001,-1.8389178993855864,-1.8479936753695487,-2.5880252266516695,-1.199413772927576,1.3251716632818906,1268.75
1016,-1.1875773586086649,-1.8411580958999005,-1.8449900911403267,-2.588794661226764,-1.2002667155523987,1.3321520598683723,1270.0
1017,-1.1875773537634955,-1.8411581002451571,-1.8449900911851445,-2.588794663469049,-1.2002667149237825,1.3474731728964926,1271.25
1018,-1.1875773457559125,-1.8411581074265375,-1.8449900912592145,-2.5887946671748603,-1.2002667138848722,1.3727942859246172,1272.5
1019,-1.1875773345859164,-1.841158117444041,-1.8449900913625372,-2.588794672344198,-1.2002667124356683,1.4081153989527317,1273.75
1020,-1.1875773202535063,-1.841158130297668,-1.844990091495112,-2.588794678977062,-1.20026671057617,1.4534365119808506,1275.0
1021,-1.1875773032116448,-1.8411581456835466,-1.8449900925572407,-2.5887946837671008,-1.2002667122480983,1.5087576147091595,1276.25
1022,-1.1875772832736673,-1.8411581637269019,-1.8449900941779134,-2.588794688076843,-1.2002667158270919,1.5740787135604533,1277.5
1023,-1.1875772555213036,-1.841158181006242,-1.8449900970646187,-2.5887946805380624,-1.200266701767742,1.6493998040875524,1278.75
1024,-1.1875772190549485,-1.8411581968554216,-1.8449901014096515,-2.588794658787819,-1.2002666666344892,1.7347208863980759,1280.0
1025,-1.187577178288025,-1.8411582145447762,-1.8449901063278789,-2.5887946342111032,-1.2002666271586495,1.830041958915419,1281.25
1026,-1.1875771315692938,-1.8411582311849166,-1.8449901082350193,-2.5887946139798115,-1.2002665813125188,1.935363024697355,1282.5
1027,-1.1875770773517527,-1.8411582440792482,-1.8449901038148613,-2.5887946046787143,-1.2002665271290611,2.0506840820737735,1283.75
1028,-1.1875770184314727,-1.8411582580930204,-1.8449900990073655,-2.5887945945864392,-1.200266468235708,2.176005130801742,1285.0
1029,-1.1875769544507364,-1.841158262291633,-1.8449900831385622,-2.588794605313484,-1.2002664041786373,2.3113261736163726,1286.25
1030,-1.1875768857253182,-1.8411582662921824,-1.8449900656004878,-2.5887946178391923,-1.2002663353668934,2.456647216141439,1287.5
1031,-1.1875768174055268,-1.8411582580399557,-1.8449900363701406,-2.588794654279086,-1.2002662667660482,2.6119682522951675,1288.75
1032,-1.1875767468978127,-1.8411582463109477,-1.84499000310482,-2.588794698188175,-1.20026619591672,2.7770810317939723,1290.0
1033,-1.1875766873598748,-1.8411582234417967,-1.8449899625082575,-2.588794760701601,-1.2002661358816842,2.9395158833145634,1291.25
1034,-1.1875766368727578,-1.8411581982141185,-1.8449899224542592,-2.5887948251596176,-1.2002660848791837,3.0919507348351645,1292.5
1035,-1.1875765989954765,-1.8411581681388485,-1.8449898816497496,-2.5887948953906297,-1.2002660464359276,3.2343855863558026,1293.75
1036,-1.1875765690054665,-1.8411581378958033,-1.844989843138892,-2.5887949636130756,-1.2002660158943665,3.366820437876508,1295.0
1037,-1.1875765514022791,-1.8411581055232733,-1.8449898064301424,-2.5887950323419724,-1.2002659977322667,3.489255289397238,1296.25
1038,-1.1875765352368515,-1.8411580757948112,-1.8449897727196143,-2.5887950954573613,-1.2002659810535765,3.601690140918054,1297.5
1039,-1.1875765331537274,-1.8411580457019268,-1.844989743041729,-2.588795155113803,-1.2002659784819019,3.7041249924388504,1298.75
1040,-1.1875765322315122,-1.841158018318977,-1.8449897163394195,-2.588795209109563,-1.2002659771172444,3.796559843959656,1300.0
1041,-1.1875765314090663,-1.8411579938984357,-1.8449896925258775,-2.5887952572638295,-1.2002659759002214,3.8789946954805217,1301.25
1042,-1.187576538252472,-1.8411579719999223,-1.8449896735318108,-2.5887952981980367,-1.2002659824062587,3.9514295470013794,1302.5
1043,-1.1875765460337515,-1.841157953015033,-1.8449896576403821,-2.5887953331380444,-1.2002659898990704,4.013864398522241,1303.75
1044,-1.187576552568727,-1.8411579370708975,-1.844989644294233,-2.588795362481818,-1.2002659961917812,4.0662992500430315,1305.0
1045,-1.187576557857399,-1.8411579241675147,-1.8449896334933649,-2.5887953862293562,-1.200266001284391,4.108734101563802,1306.25
1046,-1.187576561899767,-1.841157914304883,-1.8449896252377789,-2.58879540438066,-1.2002660051769003,4.141168953084627,1307.5
1047,-1.187576564695831,-1.841157907483003,-1.8449896195274753,-2.5887954169357292,-1.2002660078693088,4.163603804605435,1308.75
1048,-1.1876082162558848,-1.8412419082370544,-1.844876344099666,-2.588824913987713,-1.2002976006133281,4.176142476260895,1310.0
1049,-1.1888797004609424,-1.8446166442570178,-1.8403258277273136,-2.5900096274907503,-1.2015667242934374,4.180803749640261,1311.25
1050,-1.1900870929195733,-1.8478212753547716,-1.836004687996032,-2.5911346207157506,-1.202771877161253,4.175664201873949,1312.5
1051,-1.1901008303075435,-1.8478577435864745,-1.835955521865999,-2.5911474195375632,-1.202785593942646,4.162648269264204,1313.75
1052,-1.1901008286068069,-1.8478577511221017,-1.8359555255425235,-2.591147416092041,-1.2027856008866027,4.1396790561386005,1315.0
1053,-1.190100826165629,-1.8478577619384806,-1.8359555308196798,-2.5911474111464576,-1.202785610853718,4.106709843012994,1316.25
1054,-1.1901008229840089,-1.8478577760356105,-1.8359555376974674,-2.5911474047008136,-1.2027856238439916,4.063740629887383,1317.5
1055,-1.1901008188151467,-1.8478577936480756,-1.8359555454559424,-2.5911473994753202,-1.2027856376861048,4.010771418928246,1318.75
1056,-1.1901008135817577,-1.8478578148493345,-1.835955553869658,-2.591147396321797,-1.2027856517001199,3.947802210218649,1320.0
1057,-1.1901008093775391,-1.8478578385842814,-1.8359555666803735,-2.591147382165831,-1.202785663409572,3.8748330059393608,1321.25
1058,-1.1901008100624686,-1.8478578631239904,-1.8359555902391775,-2.591147335217028,-1.2027856634147263,3.7918638137606857,1322.5
1059,-1.1901008108123423,-1.847857890608712,-1.8359556166835702,-2.591147282411211,-1.2027856632708234,3.6988946284834316,1323.75
1060,-1.190100813472801,-1.8478579205911794,-1.8359556462071234,-2.5911472238986932,-1.2027856650363262,3.595925450062304,1325.0
1061,-1.190100829611512,-1.8478579502726225,-1.8359556800103034,-2.5911471606739567,-1.202785681647361,3.4829562818313575,1326.25
1062,-1.1901008471803922,-1.847857982580465,-1.835955716808665,-2.591147091841876,-1.2027856997425683,3.359987121921102,1327.5
1063,-1.190100877955722,-1.8478580123914896,-1.8359557552916161,-2.5911470240654726,-1.2027857310595245,3.227017967759892,1328.75
1064,-1.190100915745599,-1.8478580423996818,-1.8359557961464184,-2.591146953848265,-1.202785769420212,3.0840488153359287,1330.0
1065,-1.1901009669092875,-1.847858067006354,-1.8359558359455805,-2.5911468902742607,-1.2027858210944782,2.9310796676238846,1331.25
1066,-1.1901010262812628,-1.8478580898220862,-1.8359558765728814,-2.5911468277811887,-1.202785880964941,2.768110526299234,1332.5
1067,-1.1901010968144028,-1.8478581007451256,-1.8359559091688455,-2.591146785346123,-1.2027859518285666,2.603405933040153,1333.75
1068,-1.1901011647699384,-1.8478581082437229,-1.8359559376442238,-2.591146750408149,-1.2027860200535878,2.448618703528454,1335.0
1069,-1.190101232827237,-1.8478581043008597,-1.8359559550726,-2.5911467379287325,-1.2027860881955832,2.303831474016738,1336.25
1070,-1.1901012961485808,-1.8478580995787912,-1.8359559702679782,-2.5911467283886127,-1.202786151578693,2.1690442445049385,1337.5
1071,-1.1901013544523398,-1.8478580857246019,-1.8359559750543233,-2.5911467382895914,-1.2027862097856017,2.0442570149931005,1338.75
1072,-1.190101408083848,-1.847858072980642,-1.8359559794571008,-2.5911467473971435,-1.2027862633280206,1.9294697854812326,1340.0
1073,-1.1901014541423693,-1.8478580560131117,-1.8359559774060483,-2.591146767057338,-1.2027863092126354,1.8246825559693105,1341.25
1074,-1.1901014945737027,-1.8478580383998973,-1.8359559729730732,-2.591146789659283,-1.2027863494473463,1.7298953264574073,1342.5
1075,-1.1901015307395542,-1.8478580226448704,-1.8359559690077694,-2.5911468098767365,-1.202786385437319,1.6451080969454805,1343.75
1076,-1.1901015596250897,-1.8478580063539898,-1.835955962250821,-2.5911468333114334,-1.2027864141224307,1.5703208674335112,1345.0
1077,-1.1901015823857948,-1.8478579904448114,-1.8359559539514183,-2.5911468578164136,-1.2027864366755243,1.505533637921562,1346.25
1078,-1.1901016016333532,-1.8478579769912375,-1.8359559469330387,-2.591146878539016,-1.202786455747516,1.4507464084096378,1347.5
1079,-1.1901016173677652,-1.8478579659932697,-1.8359559411956816,-2.591146895479241,-1.202786471338407,1.4059591788977797,1348.75
1080,-1.1901016295890303,-1.847857957450905,-1.8359559367393494,-2.591146908637088,-1.2027864834481958,1.3711719493858958,1350.0
1081,-1.1901016382971483,-1.8478579513641442,-1.8359559335640427,-2.591146918012556,-1.2027864920768827,1.3463847198740004,1351.25
1082,-1.1901016434921197,-1.8478579477329868,-1.8359559316697613,-2.591146923605646,-1.2027864972244682,1.331597490362094,1352.5
1083,-1.1910146435819555,-1.850311170253814,-1.8326293939075975,-2.592026610548421,-1.203697714426692,1.3250015341014822,1353.75
1084,-1.1924379732629713,-1.8541356589765576,-1.8274434428765765,-2.593398007416162,-1.2051182655157862,1.327893778394317,1355.0
1085,-1.1925918141168772,-1.8545490416098183,-1.8268829061453176,-2.59354623995105,-1.2052718088935073,1.3389394604486182,1356.25
1086,-1.1925918076635298,-1.854549047387169,-1.8268829061727838,-2.5935462430536655,-1.2052718079269569,1.3595216767340066,1357.5
1087,-1.192591798074783,-1.8545490559714828,-1.8268829062135945,-2.593546247663707,-1.205271806490802,1.3901038930193992,1358.75
1088,-1.1925917853506365,-1.8545490673627585,-1.8268829062677496,-2.593546253781173,-1.2052718045850424,1.4306861093047674,1360.0
1089,-1.1925917696405988,-1.8545490814622234,-1.8268829066280934,-2.593546260338005,-1.205271803524185,1.4812683212334603,1361.25
1090,-1.1925917513066802,-1.8545490980307124,-1.826882908003702,-2.593546264748059,-1.2052718064911083,1.5418505203289758,1362.5
1091,-1.1925917296993158,-1.85454911714756,-1.8268829096640464,-2.59354626921552,-1.2052718090063976,1.6124327189298087,1363.75
1092,-1.1925916956753575,-1.8545491319128447,-1.8268829137425528,-2.5935462489350085,-1.205271776245819,1.6930149014361096,1365.0
1093,-1.1925916574189983,-1.854549148503428,-1.8268829183528421,-2.5935462260274003,-1.2052717393330719,1.7835970799152587,1366.25
1094,-1.1925916149170115,-1.8545491669101366,-1.826882923528398,-2.5935462003486616,-1.2052716981550138,1.8841792500541144,1367.5
1095,-1.1925915640495157,-1.8545491799522646,-1.8268829203678996,-2.5935461895180842,-1.205271647473404,1.9947614097500859,1368.75
1096,-1.1925915080425833,-1.854549193238698,-1.8268829157674613,-2.5935461799821304,-1.2052715914970387,2.1153435621210375,1370.0
1097,-1.192591447214097,-1.8545492022704084,-1.8268829055115954,-2.593546180298527,-1.2052715306445312,2.245925707881061,1371.25
1098,-1.1925913815321016,-1.854549206059458,-1.826882888630009,-2.5935461924222407,-1.205271464878444,2.3865078504234702,1372.5
1099,-1.1925913136282968,-1.8545492041431384,-1.8268828655073257,-2.5935462164425314,-1.2052713967938873,2.5370899898682957,1373.75
1100,-1.1925912442292232,-1.8545491947496973,-1.8268828346490524,-2.5935462556309545,-1.2052713270900983,2.6976721226739935,1375.0
1101,-1.192591180227108,-1.8545491760764996,-1.8268827964600483,-2.5935463114852033,-1.2052712626441484,2.8637574012618785,1376.25
1102,-1.192591123312731,-1.8545491541977828,-1.8268827573741178,-2.593546371539118,-1.2052712052493118,3.020927817780929,1377.5
1103,-1.1925910829135993,-1.8545491247037875,-1.8268827160562986,-2.5935464416663816,-1.2052711642821163,3.1680982343000332,1378.75
1104,-1.1925910468749512,-1.854549096085395,-1.8268826769547681,-2.593546508769345,-1.2052711276991983,3.305268650819196,1380.0
1105,-1.1925910265535309,-1.8545490638554991,-1.8268826392633934,-2.593546578298823,-1.2052711068092412,3.4324390673383984,1381.25
1106,-1.1925910099089676,-1.8545490332550871,-1.8268826043070985,-2.5935466435231618,-1.205271089630692,3.5496094838576733,1382.5
1107,-1.1925910009258112,-1.854549003785201,-1.8268825728483553,-2.5935467042370677,-1.2052710801487236,3.6567799003769315,1383.75
1108,-1.1925909999666255,-1.8545489753597948,-1.8268825449170383,-2.5935467605019014,-1.205271078725296,3.7539503168962454,1385.0
1109,-1.1925909991061519,-1.8545489498597088,-1.826882519860182,-2.5935468109764095,-1.2052710774483564,3.8411207334155657,1386.25
1110,-1.19259100141962,-1.8545489271075533,-1.8268824984681569,-2.593546855093114,-1.2052710793969916,3.918291149934916,1387.5
1111,-1.192591009689083,-1.854548906942854,-1.826882481455976,-2.593546892338635,-1.205271087356744,3.9854615664542457,1388.75
1112,-1.1925910167274292,-1.854548889780176,-1.8268824669764845,-2.5935469240392264,-1.2052710941314881,4.042631982973567,1390.0
1113,-1.1925910225346583,-1.8545488756195216,-1.8268824550296796,-2.593546950194889,-1.205271099721223,4.089802399492833,1391.25
1114,-1.192591027110771,-1.8545488644608872,-1.8268824456155648,-2.5935469708056225,-1.2052711041259496,4.126972816012112,1392.5
1115,-1.1925910304557668,-1.8545488563042731,-1.8268824387341405,-2.5935469858714266,-1.2052711073456674,4.154143232531403,1393.75
1116,-1.1925910325696456,-1.8545488511496795,-1.826882434385406,-2.593546995392301,-1.205271109380377,4.171313649050678,1395.0
1117,-1.1931363934661403,-1.8560323744634561,-1.8248596322574662,-2.5940900550094925,-1.2058153515990968,4.1797396249420355,1396.25
1118,-1.194630504171418,-1.8600967585403791,-1.819317810541026,-2.5955778513226506,-1.2073063981418335,4.179241146371204,1397.5
1119,-1.1950476902017586,-1.861231621856506,-1.8177704203608682,-2.5959932735298348,-1.2077227318264732,4.170046104283707,1398.75
1120,-1.1950476888545292,-1.8612316277557321,-1.8177704232177532,-2.595993270958862,-1.207722737169592,4.151882901481595,1400.0
1121,-1.1950476867655642,-1.8612316369028585,-1.817770427647535,-2.5959932669724046,-1.207722745454438,4.123719698679479,1401.25
1122,-1.1950476839348634,-1.8612316492978849,-1.8177704336502143,-2.5959932615704626,-1.2077227566810111,4.085556495877388,1402.5
1123,-1.1950476803575065,-1.861231664945423,-1.8177704412116282,-2.5959932548062126,-1.2077227708055849,4.037393293150877,1403.75
1124,-1.195047675517968,-1.8612316843286902,-1.8177704488479227,-2.5959932522511835,-1.2077227832467075,3.979230097437065,1405.0
1125,-1.195047669846367,-1.861231707044523,-1.817770457797126,-2.595993249256868,-1.2077227978268328,3.911066901723249,1406.25
1126,-1.195047669028881,-1.861231730528047,-1.8177704774786232,-2.595993213631309,-1.2077228012271726,3.8329037190744333,1407.5
1127,-1.195047669745972,-1.8612317562736966,-1.817770502404077,-2.595993164125969,-1.2077228011968055,3.744740540977142,1408.75
1128,-1.1950476705159843,-1.8612317849179614,-1.8177705302349463,-2.595993108671553,-1.2077228009189511,3.6465773741957466,1410.0
1129,-1.1950476808463093,-1.8612318141825384,-1.8177705619162212,-2.5959930482715503,-1.2077228111515255,3.538414215022411,1411.25
1130,-1.1950476975267983,-1.8612318448450762,-1.8177705971053577,-2.5959929826831805,-1.2077228283318118,3.4202510636711514,1412.5
1131,-1.1950477194416278,-1.8612318764418687,-1.8177706348468485,-2.5959929136968696,-1.2077228507876356,3.292087919755844,1413.75
1132,-1.1950477555242325,-1.8612319050927086,-1.8177706741387123,-2.5959928463702573,-1.2077228874209431,3.153924780549598,1415.0
1133,-1.1950477974366418,-1.861231933570525,-1.8177707150920686,-2.5959927776426612,-1.2077229298938157,3.0057616428166845,1416.25
1134,-1.1950478543671692,-1.86123195546041,-1.8177707543316917,-2.595992717424548,-1.2077229873076303,2.847598512004446,1417.5
1135,-1.1950479192119285,-1.861231972749711,-1.81777079156672,-2.595992663917531,-1.2077230525778777,2.681272853403983,1418.75
1136,-1.1950479877683557,-1.8612319820406893,-1.8177708221616011,-2.5959926250827667,-1.2077231214372066,2.5216828666153654,1420.0
1137,-1.195048055339263,-1.8612319826802182,-1.8177708440039253,-2.5959926036138157,-1.207723189167426,2.3720928798266785,1421.25
1138,-1.1950481201658083,-1.8612319789557477,-1.8177708607255765,-2.595992591576643,-1.2077232540759026,2.2325028930378883,1422.5
1139,-1.1950481801285018,-1.8612319689928234,-1.817770869831706,-2.5959925933037553,-1.2077233140078352,2.1029129062490997,1423.75
1140,-1.1950482353326177,-1.8612319559073773,-1.8177708743962544,-2.595992602615299,-1.2077233691196643,1.9833229194602675,1425.0
1141,-1.1950482850281392,-1.861231942275762,-1.8177708766980072,-2.5959926146518937,-1.2077234187018355,1.8737329326713812,1426.25
1142,-1.1950483269972516,-1.8612319240216677,-1.817770872062419,-2.5959926381201592,-1.2077234604650136,1.7741429458824614,1427.5
1143,-1.1950483647521757,-1.861231907600502,-1.8177708678922935,-2.595992659231937,-1.2077234980346816,1.684552959093546,1428.75
1144,-1.1950483978933604,-1.8612318926950024,-1.8177708637525527,-2.5959926787327285,-1.2077235310052226,1.6049629723046186,1430.0
1145,-1.1950484220470328,-1.861231875832213,-1.8177708548804663,-2.5959927047833578,-1.2077235549364569,1.535372985515679,1431.25
1146,-1.195048442729851,-1.8612318613925871,-1.817770847283288,-2.5959927270905427,-1.207723575428801,1.4757829987267426,1432.5
1147,-1.1950484599418147,-1.8612318493761264,-1.817770840961015,-2.5959927456542835,-1.2077235924822554,1.4261930119378847,1433.75
1148,-1.195048473682924,-1.861231839782829,-1.8177708359136509,-2.595992760474579,-1.2077236060968195,1.386603025149011,1435.0
1149,-1.1950484839531785,-1.861231832612694,-1.8177708321411958,-2.5959927715514297,-1.2077236162724927,1.3570130383601255,1436.25
1150,-1.1950484907525785,-1.8612318278657214,-1.8177708296436503,-2.5959927788848343,-1.2077236230092752,1.337423051571243,1437.5
1151,-1.1952938344276545,-1.8619074953953432,-1.8168445011031573,-2.5962451296297524,-1.207968438711388,1.327132488909504,1438.75
1152,-1.1967298430945914,-1.8658622806822336,-1.8114225853798078,-2.597722150244431,-1.209401357389822,1.3251909457529896,1440.0
1153,-1.1974723917861523,-1.8679072782984962,-1.8086189459881201,-2.598485909225777,-1.2101423100991513,1.332505946940334,1441.25
1154,-1.1974723869024253,-1.867907282663282,-1.8086189459859023,-2.598485911655471,-1.2101423092721058,1.3482162022677098,1442.5
1155,-1.1974723789100747,-1.867907289806372,-1.808618945982273,-2.59848591563173,-1.2101423079186238,1.3739264575950896,1443.75
1156,-1.1974723678091006,-1.867907299727766,-1.8086189459772324,-2.598485921154555,-1.2101423060387049,1.4096367129224594,1445.0
1157,-1.1974723535995029,-1.8679073124274637,-1.8086189459707798,-2.598485928223945,-1.2101423036323495,1.4553469682498192,1446.25
1158,-1.1974723367517799,-1.8679073275989262,-1.8086189468719822,-2.598485933547658,-1.210142304878815,1.5110572096807937,1447.5
1159,-1.1974723170348813,-1.8679073453926882,-1.8086189482344208,-2.598485938742429,-1.2101423077257762,1.5767674468873618,1448.75
1160,-1.1974722893790923,-1.8679073620980366,-1.8086189510517343,-2.5984859309146473,-1.2101422922506726,1.652477675076351,1450.0
1161,-1.1974722536235065,-1.8679073775912762,-1.8086189553645715,-2.5984859096142374,-1.210142257842395,1.738187895678158,1451.25
1162,-1.19747221367032,-1.8679073948731584,-1.808618960249508,-2.5984858855345943,-1.2101422191956301,1.8338981058170405,1452.5
1163,-1.197472167727407,-1.8679074108137614,-1.808618961764549,-2.5984858665020187,-1.2101421740893248,1.9396083092049121,1453.75
1164,-1.1974721146266234,-1.8679074233803785,-1.8086189573732212,-2.598485857511945,-1.2101421210237486,2.055318504256921,1455.0
1165,-1.1974720569354864,-1.867907437034257,-1.8086189525986323,-2.5984858477589863,-1.2101420633610103,2.181028690982847,1456.25
1166,-1.1974719942883947,-1.8679074406601877,-1.8086189364175076,-2.5984858593881293,-1.2101420006326071,2.3167388714595676,1457.5
1167,-1.197471927023737,-1.8679074445109038,-1.80861891900183,-2.598485871959292,-1.2101419332807728,2.4624490518442017,1458.75
1168,-1.1974718603720127,-1.8679074358838408,-1.8086188895535602,-2.5984859090133354,-1.210141866339715,2.618159225410696,1460.0
1169,-1.1974717918886972,-1.8679074238484645,-1.8086188561886138,-2.5984859533556257,-1.2101417975070357,2.7835324722694854,1461.25
1170,-1.1974717339108834,-1.8679074015533716,-1.8086188160793988,-2.59848601483158,-1.21014173903438,2.9455715574575434,1462.5
1171,-1.197471685334421,-1.8679073765712053,-1.8086187762984611,-2.598486078799903,-1.2101416899397288,3.0976106426456402,1463.75
1172,-1.1974716484607975,-1.8679073472961945,-1.8086187359972734,-2.5984861477450405,-1.210141652503275,3.239649727833825,1465.0
1173,-1.1974716198799618,-1.8679073176064611,-1.8086186979018406,-2.59848621502223,-1.2101416233711546,3.3716888130220353,1466.25
1174,-1.1974716027492134,-1.8679072861298582,-1.8086186616621338,-2.598486282397241,-1.210141605685105,3.493727898210281,1467.5
1175,-1.197471587022175,-1.8679072572324844,-1.8086186283919368,-2.5984863442514787,-1.2101415894482674,3.6057669833985533,1468.75
1176,-1.1974715855366698,-1.8679072278748448,-1.8086185991566812,-2.598486402743097,-1.2101415874769352,3.7078060685868808,1470.0
1177,-1.197471584637634,-1.867907201289921,-1.8086185728231157,-2.5984864555765568,-1.2101415861389446,3.799845153775225,1471.25
1178,-1.197471583836278,-1.8679071775934386,-1.808618549350676,-2.5984865026696875,-1.210141584946326,3.881884238963589,1472.5
1179,-1.1974715908604012,-1.8679071563430498,-1.8086185307401,-2.5984865425786485,-1.2101415916367215,3.953923324151942,1473.75
1180,-1.197471598405991,-1.8679071379568413,-1.8086185151003715,-2.598486576668101,-1.2101415988968154,4.0159624093403,1475.0
1181,-1.1974716047353167,-1.8679071225342838,-1.8086185019815888,-2.598486605262719,-1.210141604986664,4.068001494528611,1476.25
1182,-1.1974716098483786,-1.8679071100753761,-1.8086184913837529,-2.5984866283625023,-1.2101416099062678,4.110040579716864,1477.5
1183,-1.1974716137451769,-1.8679071005801173,-1.8086184833068653,-2.598486645967451,-1.2101416136556262,4.142079664905188,1478.75
1184,-1.197471616425711,-1.8679070940485067,-1.808618477750926,-2.5984866580775643,-1.2101416162347396,4.164118750093479,1480.0
1185,-1.197517911321399,-1.8680361667453793,-1.8084405576008453,-2.598535822295606,-1.2101878066908702,4.176318351552919,1481.25
1186,-1.1987561847777248,-1.8714887453442361,-1.8036815662368695,-2.5998507076771658,-1.2114232880476994,4.180677310509942,1482.5
1187,-1.1998565419296614,-1.8745567882941592,-1.7994526198205896,-2.6010191419437403,-1.2125211660349329,4.175266101850853,1483.75
1188,-1.199863302000915,-1.8745756438791852,-1.7994266374554275,-2.601026319524451,-1.2125279156384505,4.162014446940902,1485.0
1189,-1.1998633002757049,-1.8745756513471554,-1.7994266410482063,-2.601026316420382,-1.2125279222865166,4.138787849431825,1486.25
1190,-1.1998632978077208,-1.8745756620303924,-1.7994266461878228,-2.6010263119798847,-1.2125279317968467,4.105561251922744,1487.5
1191,-1.1998632945969634,-1.874575675928896,-1.799426652874278,-2.6010263062029595,-1.212527944169441,4.062334654413673,1488.75
1192,-1.1998632903847635,-1.874575693282162,-1.7994266603720321,-2.601026301833769,-1.2125279570823866,4.009108060486895,1490.0
1193,-1.1998632851200435,-1.8745757141374826,-1.7994266685358438,-2.601026299414189,-1.212527970077188,3.945881469900007,1491.25
1194,-1.1998632810709728,-1.8745757373604157,-1.7994266814066626,-2.60102628498696,-1.2125279805122031,3.872654884205089,1492.5
1195,-1.1998632817426629,-1.8745757613580105,-1.799426704829651,-2.6010262386593386,-1.2125279804900984,3.789428310222438,1493.75
1196,-1.1998632824779594,-1.874575788225282,-1.7994267311164214,-2.6010261865559823,-1.2125279803169777,3.696201743592145,1495.0
1197,-1.1998632854538605,-1.8745758174389464,-1.7994267604924719,-2.601026128873314,-1.2125279824361053,3.5929751838927273,1496.25
1198,-1.1998633012485729,-1.87457584645433,-1.799426794059227,-2.6010260665425897,-1.2125279987050839,3.479748634082037,1497.5
1199,-1.1998633184398408,-1.8745758780313335,-1.7994268305934278,-2.6010259986965485,-1.2125280164251082,3.356522092901861,1498.75
1200,-1.1998633489513666,-1.8745759069991341,-1.7994268687477475,-2.601025932087461,-1.2125280474774507,3.2232955574552147,1500.0
1201,-1.1998633859134324,-1.874575936337071,-1.7994269092965354,-2.601025862832101,-1.2125280850098143,3.0800690236277,1501.25
1202,-1.1998634363337999,-1.8745759601387506,-1.7994269486502663,-2.601025800495963,-1.2125281359367894,2.9268424946694256,1502.5
1203,-1.1998634943899695,-1.8745759824640067,-1.7994269889640395,-2.601025738787052,-1.212528194491221,2.7636159720303923,1503.75
1204,-1.199863563504711,-1.8745759928153398,-1.7994270209903052,-2.601025697473185,-1.21252826393091,2.599020485131585,1505.0
1205,-1.1998636299297165,-1.8745759998247717,-1.7994270488782063,-2.601025663590316,-1.2125283306196404,2.444374635872116,1506.25
1206,-1.1998636963059242,-1.8745759960378472,-1.7994270661272502,-2.601025651113057,-1.2125283970810286,2.299728786612599,1507.5
1207,-1.1998637580478957,-1.874575991173189,-1.799427080851359,-2.6010256421661166,-1.2125284588800513,2.1650829373530427,1508.75
1208,-1.1998638149015401,-1.8745759777274187,-1.7994270855870582,-2.6010256516924746,-1.212528515638039,2.040437088093448,1510.0
1209,-1.1998638671939728,-1.8745759653603713,-1.7994270899428169,-2.601025660454561,-1.212528567842489,1.9257912388337868,1511.25
1210,-1.199863911956801,-1.8745759486199574,-1.799427087615856,-2.601025680148168,-1.2125286124282897,1.8211453895741145,1512.5
1211,-1.1998639513675908,-1.8745759315057435,-1.7994270832298023,-2.6010257021934398,-1.2125286516439582,1.7264995403143946,1513.75
1212,-1.1998639866143546,-1.87457591619977,-1.7994270793071614,-2.6010257219094752,-1.212528686716217,1.6418536910546837,1515.0
1213,-1.1998640145332495,-1.8745759001907751,-1.7994270723771106,-2.6010257452242165,-1.2125287144326744,1.5672078417949407,1516.25
1214,-1.1998640367035025,-1.8745758847322507,-1.7994270641721088,-2.6010257691787393,-1.2125287363967905,1.5025619925352076,1517.5
1215,-1.1998640554442621,-1.87457587166499,-1.7994270572363285,-2.6010257894277617,-1.2125287549633001,1.4479161432755172,1518.75
1216,-1.1998640707555286,-1.8745758609889946,-1.79942705156977,-2.6010258059712843,-1.2125287701322043,1.4032702940158752,1520.0
1217,-1.199864082637301,-1.8745758527042615,-1.7994270471724352,-2.601025818809306,-1.2125287819035013,1.3686244447562075,1521.25
1218,-1.19986409108958,-1.8745758468107916,-1.7994270440443245,-2.6010258279418275,-1.2125287902771917,1.343978595496543,1522.5
1219,-1.1998640961123648,-1.874575843308584,-1.7994270421854381,-2.601025833368848,-1.2125287952532753,1.329332746236867,1523.75
1220,-1.1998640977078066,-1.8745758421961398,-1.7994270415949798,-2.6010258350926914,-1.212528796833883,1.3246806258398423,1524.95573115
