,shoulder_pan_joint,shoulder_lift_joint,elbow_joint,wrist_1_joint,wrist_2_joint,wrist_3_joint,time_from_start
0,-1.415237322055576,-2.334324587368679,-1.4586400787970943,0.2998015714157455,1.6417424034031571,0.11558337785248515,0.0
1,-1.4141386965769216,-2.3325067462484874,-1.4627677476310799,0.30480157141574543,1.6399917704962064,0.12026529048150006,1.25
2,-1.4108428201409589,-2.327053222887913,-1.4751507541330373,0.31980157141574544,1.6347398717753543,0.13431102836854483,2.5
3,-1.4053496927476876,-2.3179640172869544,-1.495789098302966,0.3448015714157454,1.625986707240601,0.15772059151361936,3.75
4,-1.3976239932843482,-2.305241525974227,-1.5246773548420958,0.3798014868774961,1.6136383681283633,0.19050714085147522,5.0
5,-1.3871365007222867,-2.2889215392240203,-1.5617345019394713,0.42480036108234015,1.596287879186098,0.2328681331535232,6.25
6,-1.3732888779733696,-2.2690444609844698,-1.6068690737748716,0.4797972723581299,1.5723445521716184,0.2850269496127891,7.5
7,-1.3553460088005824,-2.2456086320413413,-1.660045517981453,0.5447264152249706,1.540023156624665,0.3471040335006274,8.75
8,-1.332719296771519,-2.2191547403542846,-1.7199328895557549,0.61774062839534,1.4978106132832232,0.41748342705114083,10.0
9,-1.3065331459628904,-2.1919749980896244,-1.781214546651559,0.6921272575289562,1.4477884426997893,0.48968373029440926,11.25
10,-1.2805964413963116,-2.167938700000593,-1.835121240300139,0.7571653381709751,1.3975825253000032,0.5531269913176234,12.5
11,-1.2560126933844795,-2.1473450825455647,-1.8810110714131978,0.8121994232897606,1.3498774481770859,0.6068853368063007,13.75
12,-1.2338772627222685,-2.1303064476021114,-1.9187362178808929,0.857232407324809,1.3069774469562878,0.6508432928728265,15.0
13,-1.2152343882888856,-2.11693433316664,-1.948148968495414,0.8922630333636891,1.2710505042800724,0.6848994895043208,16.25
14,-1.2010996846410498,-2.1073125218230153,-1.9692020741507243,0.917293188626433,1.2439225774938185,0.709152060242145,17.5
15,-1.1920981050449462,-2.101343664598574,-1.9822264851417903,0.9327636272126539,1.2266805382064963,0.7241153845306573,18.75
16,-1.1857877521404092,-2.0971614292954412,-1.9913519781562874,0.9436029312446795,1.2145936703473694,0.7299199183990088,20.0
17,-1.1794054076330511,-2.0929315637516086,-2.0005815637610724,0.9545663169285158,1.2023685421576484,0.7257376044587033,21.25
18,-1.1741384127896806,-2.089440978683582,-2.008198212170664,0.9636142407303468,1.1922794300368509,0.711558932588414,22.5
19,-1.1716710237626078,-2.0878059125972515,-2.0117662989645537,0.9678535749459943,1.1875524309943275,0.6876951587888214,23.75
20,-1.171668124078949,-2.0878042497574505,-2.011770443697574,0.9678598748581655,1.1875457272314422,0.6562397536270703,25.0
21,-1.1716693995633365,-2.0878054364163607,-2.0117685352011567,0.9678594230096651,1.1875466561130283,0.6147916815130833,26.25
22,-1.171670992398724,-2.087806931961143,-2.0117661474965134,0.9678589614313802,1.187547889836522,0.5633436217454698,27.5
23,-1.1716728948347837,-2.087808718196145,-2.011763295691834,0.9678584101357595,1.187549363359825,0.5018955619778547,28.75
24,-1.1716738137233047,-2.087809595901331,-2.0117619312132606,0.9678581820770786,1.1875500878865186,0.4304475050612342,30.0
25,-1.1716738287436073,-2.0878096389684906,-2.011761933820665,0.9678582518105242,1.1875501243428173,0.34899945024570367,31.25
26,-1.1716738461645235,-2.087809686172271,-2.011761937821422,0.9678583255363432,1.1875501699255788,0.2575514018598368,32.5
27,-1.1716738682468595,-2.0878097341710324,-2.0117619444770676,0.9678583962075823,1.1875502149952977,0.15610335867353206,33.75
28,-1.171673899046064,-2.0878097767422745,-2.0117619565803615,0.9678584492141799,1.1875502471390196,0.04465532354209507,35.0
29,-1.1716739325706886,-2.087809823078954,-2.0117619698131093,0.9678585067307913,1.1875502818477686,-0.07679270495445702,36.25
30,-1.1716739800936589,-2.087809862087115,-2.01176198465969,0.9678585596946417,1.1875503298104242,-0.20824072702494556,37.5
31,-1.1716740336541878,-2.0878099016629053,-2.0117620007462573,0.9678586146962322,1.1875503836569172,-0.3496887465137739,38.75
32,-1.1716740995218624,-2.087809929126688,-2.011762017796379,0.9678586584762664,1.1875504497739933,-0.5011367603732123,40.0
33,-1.1716741700279862,-2.0878099528789464,-2.011762035319831,0.9678586989865365,1.187550520520916,-0.6572591770242352,41.25
34,-1.1716742412186831,-2.0878099564313284,-2.0117620503892346,0.9678587168760757,1.1875505917968163,-0.8041118538740699,42.5
35,-1.171674307990403,-2.087809958087759,-2.0117620643080354,0.9678587317678232,1.1875506586354967,-0.9409645307239005,43.75
36,-1.1716743695206828,-2.087809943789992,-2.0117620751011924,0.9678587276669296,1.187550720104427,-1.0678172075737289,45.0
37,-1.1716744261571246,-2.08780992872685,-2.0117620847914677,0.9678587217492394,1.1875507766696032,-1.1846698844235544,46.25
38,-1.1716744758055668,-2.087809908373667,-2.0117620923676878,0.967858708509838,1.1875508262000158,-1.2915225612733772,47.5
39,-1.171674518632775,-2.0878098832428544,-2.0117620979299207,0.9678586885584207,1.1875508688665468,-1.388375238123199,48.75
40,-1.1716745570380935,-2.087809860706791,-2.011762102917848,0.967858670666976,1.1875509071277774,-1.475227914973019,50.0
41,-1.1716745890364486,-2.0878098379888432,-2.011762106567276,0.967858651320779,1.1875509389754508,-1.5520805918228369,51.25
42,-1.1716746133622835,-2.0878098133188048,-2.0117621083909967,0.9678586282790589,1.1875509631292287,-1.618933268672657,52.5
43,-1.1716746340493958,-2.0878097923389762,-2.01176210994192,0.96785860868398,1.1875509836700209,-1.67578594552248,53.75
44,-1.1716746510977862,-2.0878097750493585,-2.011762111220043,0.9678585925355403,1.187551000597828,-1.7226386223723034,55.0
45,-1.1716746645074538,-2.0878097614499502,-2.01176211222537,0.9678585798337425,1.187551013912649,-1.7594912992221272,56.25
46,-1.1716746742783988,-2.0878097515407505,-2.011762112957901,0.9678585705785865,1.187551023614484,-1.7863439760719504,57.5
47,-1.1716746804106206,-2.087809745321761,-2.011762113417635,0.9678585647700724,1.1875510297033325,-1.803196652921773,58.75
48,-1.1723061900577054,-2.0889224883490294,-2.009599046069554,0.9668077468421595,1.188181351558351,-1.8114133747093029,60.0
49,-1.1739569543867752,-2.0918312175272678,-2.003944766323487,0.9640609051867596,1.1898290107162524,-1.8107443753302341,61.25
50,-1.1743877671462697,-2.0925903394970384,-2.0024691138215456,0.9633440330603328,1.1902590113263747,-1.8015216548597661,62.5
51,-1.1743877600834367,-2.0925903438547944,-2.00246911529971,0.9633440292921173,1.1902590006203304,-1.7833226653075056,63.75
52,-1.1743877491397106,-2.092590350607055,-2.002469117590097,0.9633440234533388,1.1902589840315172,-1.7551236757552446,65.0
53,-1.1743877343150917,-2.09259035975382,-2.002469120692707,0.9633440155439974,1.1902589615599355,-1.7169246862029834,66.25
54,-1.1743877156217308,-2.0925903712853513,-2.0024691246175053,0.9633440055288978,1.1902589333077513,-1.668725697062265,67.5
55,-1.1743876938754534,-2.092590384547835,-2.0024691300335156,0.9633439910450641,1.1902589061343405,-1.6105267304526696,68.75
56,-1.1743876683926358,-2.092590400089137,-2.0024691363801286,0.9633439740725553,1.1902588742918763,-1.542327763843074,70.0
57,-1.1743876352099458,-2.0925904196733676,-2.0024691343521916,0.9633439826579836,1.1902588409281616,-1.4641288103120949,71.25
58,-1.1743875966744697,-2.0925904422647226,-2.002469129450452,0.963344000235404,1.1902588041886268,-1.3759298613196242,72.5
59,-1.1743875537813344,-2.092590467511231,-2.002469123911472,0.9633440202049235,1.1902587633806119,-1.2777309239334365,73.75
60,-1.1743875033071762,-2.0925904860977305,-2.0024691159228465,0.9633440312866663,1.190258713734332,-1.169531994212083,75.0
61,-1.1743874463755928,-2.0925905012552968,-2.0024691061441464,0.9633440373038387,1.1902586568807125,-1.0513330723502918,76.25
62,-1.174387384522017,-2.09259051315031,-2.0024690949364925,0.9633440386707492,1.1902585950649907,-0.9231341580253647,77.5
63,-1.1743873175130597,-2.092590511504964,-2.002469080941533,0.9633440237176335,1.1902585279848155,-0.7849352485554373,78.75
64,-1.1743872468543763,-2.0925905051214677,-2.0024690655853434,0.9633440027117753,1.1902584572153954,-0.6367363407434419,80.0
65,-1.1743871758559004,-2.092590481249095,-2.0024690479051657,0.9633439619337412,1.1902583859718041,-0.4785374397709016,81.25
66,-1.1743871064370017,-2.0925904470033587,-2.0024690292129326,0.9633439097760557,1.1902583162277995,-0.31221214711061535,82.5
67,-1.1743870463923851,-2.092590402703296,-2.002469011153033,0.9633438481219652,1.1902582557869321,-0.15267028051516673,83.75
68,-1.1743869999551009,-2.0925903512072384,-2.002468994964566,0.963343781019598,1.1902582089081362,-0.003128413919719141,85.0
69,-1.1743869618001403,-2.0925902979099433,-2.002468980247521,0.9633437135066918,1.190258170304323,0.13641345267572982,86.25
70,-1.1743869362760004,-2.0925902426299174,-2.0024689678729457,0.9633436462288119,1.1902581443261209,0.2659553192711798,87.5
71,-1.1743869185417082,-2.0925901882053513,-2.002468957210899,0.9633435814376334,1.19025812615084,0.38549718586663256,88.75
72,-1.1743869053902107,-2.092590137509601,-2.002468947972049,0.9633435217438631,1.1902581125913223,0.4950390524620853,90.0
73,-1.1743869042698247,-2.092590088562513,-2.002468941433228,0.9633434663723408,1.1902581110864583,0.5945809190575377,91.25
74,-1.174386903261993,-2.0925900445326637,-2.0024689355512932,0.9633434165634527,1.1902581097327736,0.684122785652993,92.5
75,-1.17438690314399,-2.09259000543914,-2.002468930488585,0.9633433724906545,1.1902581093083282,0.7636646522484493,93.75
76,-1.1743869119586399,-2.092589971479459,-2.0024689279248777,0.9633433359487522,1.190258117864071,0.8332065188439065,95.0
77,-1.1743869195057586,-2.0925899424031207,-2.002468925729827,0.9633433046615121,1.1902581251895132,0.8927483854393641,96.25
78,-1.1743869257853459,-2.092589918210128,-2.0024689239034297,0.9633432786289333,1.1902581312846545,0.9422902520348186,97.5
79,-1.174386930797402,-2.0925898989004788,-2.0024689224456886,0.9633432578510168,1.1902581361494944,0.9818321186302732,98.75
80,-1.1743869345419262,-2.092589884474172,-2.0024689213566056,0.963343242327763,1.1902581397840335,1.0113739852257282,100.0
81,-1.1743869370189193,-2.092589874931208,-2.00246892063618,0.9633432320591715,1.1902581421882714,1.0309158518211843,101.25
82,-1.1746425928988982,-2.0930475840954164,-2.001578423798206,0.9629102526642801,1.190513299385208,1.0411502017741683,102.5
83,-1.176225053278273,-2.0958807589763055,-1.9960663960788416,0.9602302128722566,1.1920926732011872,1.043173160249325,103.75
84,-1.1770619867584289,-2.0973791767992367,-1.993151185813696,0.9588127887292399,1.1929279738844711,1.0359784677021178,105.0
85,-1.1770619847016242,-2.0973791821797283,-1.9931511882481598,0.9588127877626298,1.19292797099382,1.0204921532396232,106.25
86,-1.1770619813166756,-2.097379191034573,-1.9931511922546328,0.9588127861718491,1.1929279662365848,0.9950058387771314,107.5
87,-1.1770619766035835,-2.0973792033637704,-1.9931511978331153,0.958812783956898,1.1929279596127653,0.959519524314642,108.75
88,-1.177061970562348,-2.097379219167321,-1.9931512049836078,0.9588127811177762,1.1929279511223618,0.9140332098521511,110.0
89,-1.1770619625574077,-2.0973792386860817,-1.993151213420839,0.958812778367891,1.1929279353910873,0.8585469077578249,111.25
90,-1.1770619528748245,-2.0973792618116454,-1.9931512232732078,0.958812775386142,1.1929279148378753,0.7930606098863507,112.5
91,-1.1770619480407443,-2.09737929397827,-1.9931512311324697,0.958812796299988,1.1929279035813063,0.7175743206364108,113.75
92,-1.177061948781,-2.0973793358180215,-1.9931512365973845,0.9588128439029344,1.1929279030479294,0.6320880392920845,115.0
93,-1.1770619496191834,-2.097379382633258,-1.9931512426307743,0.9588128974209551,1.1929279025484307,0.5366017683175276,116.25
94,-1.1770619562718403,-2.0973794327844453,-1.993151250337579,0.9588129557057341,1.1929279084760576,0.43111550414888133,117.5
95,-1.1770619733011858,-2.0973794849891063,-1.9931512605771935,0.9588130179481,1.1929279259608814,0.3156292483682382,118.75
96,-1.1770619918071612,-2.097379541712395,-1.9931512717052757,0.9588130855734661,1.1929279449770773,0.19014300118604366,120.0
97,-1.1770620282074922,-2.097379593312958,-1.9931512858796145,0.9588131508691218,1.192927981819454,0.05465676021336911,121.25
98,-1.177062067740641,-2.0973796484598513,-1.9931513011589526,0.9588132207736508,1.1929280218239668,-0.09082948041643785,122.5
99,-1.1770621250800046,-2.097379692126268,-1.9931513186237049,0.9588132812271932,1.1929280795558455,-0.24631571452613432,123.75
100,-1.177062188831193,-2.0973797342353797,-1.993151337208687,0.9588133411815122,1.1929281436923698,-0.41154109812682393,125.0
101,-1.1770622611987736,-2.0973797585222576,-1.993151355265426,0.9588133827345333,1.1929282163116903,-0.5737971883679257,126.25
102,-1.1770623311160966,-2.097379773578561,-1.9931513716236697,0.9588134134027914,1.1929282864057993,-0.726053278609017,127.5
103,-1.1770623996643037,-2.0973797752440717,-1.9931513859683927,0.9588134287086656,1.1929283550238643,-0.8683093688500989,128.75
104,-1.1770624632508067,-2.0973797705459405,-1.993151398467624,0.9588134358694123,1.192928418625843,-1.0005654590911752,130.0
105,-1.1770625217727486,-2.0973797549931046,-1.9931514085195141,0.9588134298025394,1.1929284770733117,-1.1228215493322433,131.25
106,-1.1770625755078612,-2.097379740712424,-1.9931514177491978,0.9588134242319056,1.1929285307400421,-1.2350776395733092,132.5
107,-1.1770626204222427,-2.097379715339641,-1.993151423726616,0.9588134044302317,1.1929285754911085,-1.3373337298143648,133.75
108,-1.1770626607124532,-2.0973796917375807,-1.9931514289798198,0.958813385718654,1.192928615628169,-1.4295898200554205,135.0
109,-1.1770626966354505,-2.097379670693842,-1.9931514336636054,0.9588133690352961,1.1929286514146171,-1.5118459102964743,136.25
110,-1.1770627237594438,-2.0973796460262015,-1.9931514360651768,0.9588133465433478,1.1929286783661521,-1.5841020005375255,137.5
111,-1.1770627461329644,-2.0973796233822455,-1.9931514377492114,0.9588133254018981,1.192928700579274,-1.6463580907785809,138.75
112,-1.177062764912697,-2.097379604375518,-1.9931514391627427,0.9588133076563317,1.1929287192243725,-1.6986141810196393,140.0
113,-1.1770627800986417,-2.0973795890060183,-1.993151440305772,0.9588132933066491,1.1929287343014472,-1.7408702712607018,141.25
114,-1.1770627916907979,-2.0973795772737454,-1.9931514411783007,0.9588132823528516,1.192928745810498,-1.7731263615017618,142.5
115,-1.1770627996891658,-2.0973795691787003,-1.9931514417803287,0.9588132747949393,1.1929287537515245,-1.7953824517428212,143.75
116,-1.17709721066375,-2.097442152648975,-1.993029575127598,0.9587539668510938,1.1929630951280499,-1.8077504604910641,145.0
117,-1.1784267941593602,-2.099860756546118,-1.9883202328219554,0.9564622729589707,1.1942899903436979,-1.812415472427671,146.25
118,-1.1796853598176478,-2.1021501833507847,-1.9838624211920743,0.9542929810425343,1.1955460102865374,-1.8073311406841623,147.5
119,-1.1797006986453074,-2.1021780977491624,-1.983808075124627,0.9542665316823024,1.1955613155030569,-1.7945292828029338,148.75
120,-1.179700689918724,-2.1021781031295808,-1.9838080769614568,0.9542665270557016,1.1955613021777576,-1.771779059236879,150.0
121,-1.1797006773563168,-2.102178110874995,-1.983808079605676,0.95426652039545,1.1955612829952416,-1.7390288356708232,151.25
122,-1.179700660958087,-2.102178120985405,-1.9838080830572848,0.9542665117015479,1.195561257955509,-1.6962786121047657,152.5
123,-1.179700641092191,-2.1021781331580263,-1.9838080876279458,0.9542664998735271,1.1955612301877088,-1.6435283995611463,153.75
124,-1.179700617907204,-2.1021781472706667,-1.983808093443436,0.9542664844672752,1.1955612009546603,-1.5807781992727428,155.0
125,-1.1797005898595254,-2.10217816415041,-1.9838080974082988,0.9542664749035253,1.1955611680855116,-1.5080280030676865,156.25
126,-1.1797005541463956,-2.102178185040585,-1.9838080928571762,0.9542664910955198,1.195561134034209,-1.4252778192085174,157.5
127,-1.179700514124183,-2.1021782085084437,-1.9838080877093178,0.9542665094712667,1.1955610959251457,-1.3325276423053676,158.75
128,-1.1797004692855884,-2.1021782330995675,-1.9838080816655437,0.9542665283086453,1.1955610530177019,-1.229777472517989,160.0
129,-1.179700415648146,-2.102178247370424,-1.9838080724157443,0.9542665339331037,1.195560999461716,-1.1170273131650141,161.25
130,-1.1797003572514644,-2.10217826290767,-1.983808062344719,0.954266540058295,1.195560941138324,-0.9942771620812771,162.5
131,-1.1797002937998282,-2.102178266715737,-1.983808049723893,0.9542665319172294,1.1955608776601896,-0.8615270170182826,163.75
132,-1.1797002254371902,-2.1021782650727037,-1.9838080353889538,0.9542665166427408,1.1955608092236696,-0.7187768740373837,165.0
133,-1.1797001559925906,-2.1021782490685927,-1.9838080189677485,0.9542664849617515,1.1955607395922732,-0.5660267356380768,166.25
134,-1.179700083852648,-2.1021782249036702,-1.9838080009311818,0.9542664435492597,1.1955606671995351,-0.4032766035436485,167.5
135,-1.179700021223632,-2.1021781821810097,-1.983807982452202,0.9542663830777002,1.1955606041778322,-0.23841331591963136,168.75
136,-1.17969996517986,-2.1021781382202307,-1.9838079651729494,0.9542663225028563,1.1955605477370148,-0.08342476515550407,170.0
137,-1.1796999260262724,-2.1021780836744317,-1.9838079500098071,0.9542662533079374,1.1955605081161962,0.06156378560860805,171.25
138,-1.1796998907823264,-2.102178032182948,-1.983807936050455,0.9542661883247474,1.1955604724326179,0.196552336372708,172.5
139,-1.179699872470664,-2.1021779761232637,-1.9838079249963427,0.9542661215145543,1.195560453659097,0.3215408871368039,173.75
140,-1.1796998556240688,-2.10217792454877,-1.9838079148266319,0.9542660600496634,1.1955604363875956,0.43652943790089327,175.0
141,-1.1796998496065074,-2.1021778749717006,-1.9838079071530026,0.9542660029631886,1.1955604299700973,0.5415179886649816,176.25
142,-1.1796998485523034,-2.1021778289504125,-1.9838079009658875,0.9542659508607978,1.1955604285484316,0.6365065394290603,177.5
143,-1.1796998476090819,-2.1021777877740573,-1.983807895430121,0.9542659042435278,1.1955604272764329,0.7214950901931394,178.75
144,-1.1796998520272912,-2.102177751568837,-1.9838078916466868,0.9542658642845058,1.1955604314099477,0.796483640957218,180.0
145,-1.1796998601644677,-2.1021777202952716,-1.9838078892711728,0.9542658306167506,1.1955604393048234,0.861472191721296,181.25
146,-1.1796998670495504,-2.102177693833872,-1.9838078872611855,0.954265802129562,1.195560445984889,0.9164607424853823,182.5
147,-1.1796998726825394,-2.102177672184639,-1.9838078856167238,0.9542657788229394,1.1955604514501443,0.9614492932494731,183.75
148,-1.1796998770634346,-2.102177655347571,-1.9838078843377913,0.9542657606968845,1.1955604557005894,0.9964378440135616,185.0
149,-1.1796998801922356,-2.1021776433226678,-1.9838078834243877,0.954265747751397,1.1955604587362243,1.0214263947776474,186.25
150,-1.179699882068943,-2.10217763610993,-1.9838078828765127,0.9542657399864771,1.195560460557049,1.0364149455417346,187.5
151,-1.1805851596548518,-2.103813783355943,-1.9806195162516331,0.9527129117232698,1.196443883318823,1.043236475933161,188.75
152,-1.1820996349866602,-2.1066128074255683,-1.9751650603391495,0.9500564366723945,1.1979551854163208,1.0407319285934702,190.0
153,-1.182301285715163,-2.1069855004197127,-1.9744388022580073,0.9497027269585853,1.1981564130446958,1.0301480253249249,191.25
154,-1.1823012830826125,-2.1069855072689134,-1.974438805384334,0.9497027257227095,1.1981564092667116,1.0101529617771503,192.5
155,-1.1823012791334617,-2.1069855175435603,-1.97443881007421,0.9497027238687433,1.1981564035992691,0.9801578982293786,193.75
156,-1.1823012738677106,-2.1069855312436534,-1.974438816327636,0.9497027213966869,1.1981563960423682,0.9401628346815996,195.0
157,-1.1823012671298996,-2.1069855484307616,-1.974438824071903,0.9497027184923463,1.1981563852671158,0.8901677744746836,196.25
158,-1.1823012583479025,-2.1069855693314734,-1.9744388330394305,0.9497027158395305,1.1981563663828938,0.8301727279105392,197.5
159,-1.1823012481021187,-2.1069855937159248,-1.9744388435016693,0.9497027127445422,1.1981563443510421,0.7601776813463982,198.75
160,-1.1823012484386002,-2.1069856319980063,-1.9744388487642892,0.9497027553525544,1.1981563431657767,0.6801826508118591,200.0
161,-1.182301249212561,-2.106985675429682,-1.9744388544447078,0.9497028048961452,1.1981563426438455,0.5901876241440935,201.25
162,-1.182301250083005,-2.106985723760753,-1.9744388606915915,0.949702860258927,1.1981563421540038,0.4901926068048602,202.5
163,-1.1823012636558432,-2.1069857734280406,-1.9744388699090725,0.949702919126446,1.1981563558465118,0.3801975992353308,203.75
164,-1.1823012811321256,-2.106985826869945,-1.9744388804618638,0.9497029829118884,1.1981563738046452,0.26020259917738553,205.0
165,-1.1823013070031663,-2.1069858806968815,-1.974438892811182,0.9497030487583815,1.1981564001585592,0.1302076060539429,206.25
166,-1.1823013445758144,-2.1069859329700753,-1.974438907393082,0.9497031151184314,1.1981564381857626,-0.00978738331391732,207.5
167,-1.1823013909867068,-2.1069859827604445,-1.9744389234816433,0.9497031804170486,1.1981564850374837,-0.15978236986770594,208.75
168,-1.1823014500925073,-2.10698602617246,-1.974438941368148,0.949703241019447,1.198156544541802,-0.3197773497910368,210.0
169,-1.1823015187281414,-2.106986058683061,-1.9744389598090535,0.9497032911994243,1.1981566134965225,-0.48602096590761346,211.25
170,-1.1823015882203824,-2.1069860819171518,-1.974438977220121,0.9497033310833398,1.1981566832341235,-0.6437662720885332,212.5
171,-1.1823016576089644,-2.1069860871650166,-1.97443899226915,0.9497033506569575,1.198156752723549,-0.7915115782695032,213.75
172,-1.1823017231697166,-2.106986088723047,-1.9744390060454955,0.949703365314934,1.1981568183522766,-0.9292568844505106,215.0
173,-1.1823017836529794,-2.1069860762962,-1.9744390169507327,0.949703363197757,1.1981568787869188,-1.0570021906315477,216.25
174,-1.1823018393251852,-2.1069860615093794,-1.974439026552782,0.9497033574716628,1.198156934387483,-1.174747496812608,217.5
175,-1.1823018885608247,-2.1069860427546443,-1.9744390343058615,0.9497033460029195,1.1981569835141723,-1.2824928029936955,218.75
176,-1.182301930725832,-2.106986018093198,-1.9744390398264002,0.9497033264796485,1.1981570255168148,-1.3802381091748108,220.0
177,-1.1823019685770784,-2.106985995954786,-1.9744390447821436,0.9497033089537363,1.1981570632223077,-1.4679834153559481,221.25
178,-1.1823020006739426,-2.1069859743351103,-1.9744390486140149,0.9497032908807106,1.198157095172716,-1.545728721537093,222.5
179,-1.1823020247225764,-2.1069859500427985,-1.9744390504318026,0.9497032682090911,1.1981571190466243,-1.6134740277182495,223.75
180,-1.1823020452213502,-2.1069859293363162,-1.974439051981263,0.949703248884068,1.1981571393964643,-1.6712193338994188,225.0
181,-1.1823020621702656,-2.106985912215665,-1.9744390532623934,0.9497032329056387,1.1981571562222373,-1.7189646400805967,226.25
182,-1.1823020755693205,-2.1069858986808434,-1.974439054275198,0.9497032202738063,1.1981571695239417,-1.7567099462617792,227.5
183,-1.1823020854185158,-2.10698588873185,-1.9744390550196764,0.9497032109885708,1.1981571793015777,-1.7844552524429607,228.75
184,-1.1823020917178508,-2.106985882368687,-1.974439055495829,0.9497032050499322,1.198157185555145,-1.8022005586241359,230.0
185,-1.1827689904351981,-2.1078625689298742,-1.9727292980068802,0.9488698271977362,1.198623070931711,-1.8111005864496725,231.25
186,-1.1843317779354179,-2.1107970145321118,-1.9670064167669874,0.9460803637287234,1.2001824664320797,-1.811368449398747,232.5
187,-1.1848678448708354,-2.1118035954085648,-1.9650433443846682,0.9451235154870571,1.2007173681823038,-1.8028718742783447,233.75
188,-1.1848678383425475,-2.1118035994310214,-1.9650433457665493,0.9451235120487498,1.2007173581401358,-1.785654769845313,235.0
189,-1.1848678280225147,-2.111803605789792,-1.965043347951052,0.9451235066134127,1.2007173422652984,-1.7584376654122786,236.25
190,-1.1848678139107365,-2.1118036144848777,-1.9650433509381757,0.9451234991810459,1.2007173205577915,-1.721220560979246,237.5
191,-1.1848677960072127,-2.1118036255162775,-1.9650433547279205,0.9451234897516491,1.200717293017615,-1.674003456546211,238.75
192,-1.184867775041013,-2.111803638268541,-1.9650433599575914,0.945123476076559,1.2007172659083587,-1.6167863735267987,240.0
193,-1.1848677504800575,-2.111803653190828,-1.96504336616208,0.9451234597968607,1.200717234658822,-1.5495692923559847,241.25
194,-1.1848677189401347,-2.111803671803962,-1.9650433652794432,0.9451234648117546,1.2007172019487735,-1.4723522225608234,242.5
195,-1.18486768175535,-2.1118036935177917,-1.9650433605236521,0.9451234816053086,1.2007171664988578,-1.3851351577458284,243.75
196,-1.1848676403196987,-2.111803717818963,-1.9650433551357571,0.945123500742169,1.2007171270933803,-1.2879181056565012,245.0
197,-1.1848675919733762,-2.1118037370446054,-1.9650433476197222,0.945123512883022,1.200717079764964,-1.18070106020206,246.25
198,-1.1848675368899921,-2.111803751692828,-1.9650433380797658,0.9451235186147173,1.2007170247615462,-1.0634840228070315,247.5
199,-1.1848674770450769,-2.1118037649461354,-1.9650433273709274,0.9451235218290797,1.2007169649689897,-0.9362669933147144,248.75
200,-1.1848674121338587,-2.1118037634214413,-1.965043313701578,0.9451235073062654,1.2007168999864553,-0.7990499693354272,250.0
201,-1.1848673431354795,-2.11180375931872,-1.9650432988476374,0.9451234890674505,1.2007168308925944,-0.6518329464459041,251.25
202,-1.1848672742990132,-2.111803736347306,-1.965043281563647,0.945123449567054,1.2007167618112957,-0.49461593048262775,252.5
203,-1.1848672055321015,-2.11180370518337,-1.9650432632244326,0.9451234008349181,1.2007166927333062,-0.3285203079420078,253.75
204,-1.184867146595127,-2.1118036619593346,-1.9650432453504842,0.9451233404314403,1.2007166333960124,-0.16800072580582215,255.0
205,-1.1848670995068176,-2.1118036131759057,-1.9650432292094995,0.9451232760909087,1.2007165858725175,-0.01748114366962636,256.25
206,-1.1848670620248543,-2.1118035610960035,-1.965043214631609,0.945123209924845,1.200716547936903,0.12303843846659333,257.5
207,-1.1848670353699104,-2.111803507953521,-1.9650432021617896,0.9451231446950124,1.2007165208289678,0.2535580206028166,258.75
208,-1.1848670179303262,-2.111803454690378,-1.9650431915885727,0.9451230811465289,1.2007165029432985,0.37407760273904167,260.0
209,-1.1848670035832973,-2.111803405409745,-1.96504318217708,0.9451230227023493,1.2007164881850685,0.4845971848752849,261.25
210,-1.184867002483087,-2.111803357415248,-1.9650431756824738,0.9451229683222488,1.2007164866954023,0.5851167670115268,262.5
211,-1.184867001492329,-2.111803314195396,-1.965043169833966,0.9451229193520481,1.200716485353933,0.6756363491477833,263.75
212,-1.1848670006110233,-2.111803275750186,-1.9650431646315605,0.9451228757917478,1.2007164841606603,0.7561559312840416,265.0
213,-1.1848670091001146,-2.111803242297189,-1.9650431620254876,0.9451228397133992,1.2007164923862135,0.8266755134202934,266.25
214,-1.1848670165863613,-2.1118032135927014,-1.9650431598312843,0.9451228087960858,1.2007164996465032,0.8871950955565505,267.5
215,-1.1848670228356124,-2.1118031896312237,-1.965043157999639,0.9451227829874175,1.2007165057071336,0.9377146776927917,268.75
216,-1.1848670278478677,-2.1118031704127542,-1.9650431565305546,0.9451227622873953,1.2007165105681046,0.9782342598290332,270.0
217,-1.1848670316231271,-2.1118031559372925,-1.9650431554240317,0.9451227466960197,1.2007165142294158,1.008753841965279,271.25
218,-1.184867034161391,-2.1118031462048386,-1.9650431546800704,0.9451227362132906,1.2007165166910672,1.0292734241015224,272.5
219,-1.1850104872239933,-2.112076793883582,-1.9645090511173997,0.9448621903430442,1.2008596473153503,1.040243191484341,273.75
220,-1.1864446661086883,-2.1148126754092793,-1.95916927986672,0.942257400896613,1.2022906029639042,1.0432864424331454,275.0
221,-1.1873977532765756,-2.11663081754674,-1.955620718522787,0.9405263802937002,1.2032415477462315,1.0368654951180447,276.25
222,-1.1873977513942604,-2.116630822417732,-1.955620720765985,0.9405263794116275,1.2032415449883154,1.0224446770065394,277.5
223,-1.1873977482066689,-2.1166308306664745,-1.955620724564711,0.9405263779178888,1.2032415403179448,0.9980238588950333,278.75
224,-1.187397743713801,-2.1166308422929667,-1.9556207299189645,0.9405263758124838,1.203241533735119,0.9636030407835231,280.0
225,-1.1873977379156566,-2.11663085729721,-1.9556207368287455,0.9405263730954128,1.2032415252398392,0.9191822226720195,281.25
226,-1.1873977302951544,-2.1166308758930885,-1.9556207450420375,0.9405263704233173,1.2032415103642782,0.8647614148112999,282.5
227,-1.187397720958532,-2.116630898036659,-1.9556207546106195,0.9405263676612856,1.2032414900263844,0.8003406127286999,283.75
228,-1.1873977150719925,-2.116630927823099,-1.9556207629273656,0.9405263831511689,1.2032414764217394,0.7259198174694674,285.0
229,-1.1873977157864388,-2.116630967957075,-1.9556207682319533,0.9405264289068757,1.2032414759109844,0.6414990318025149,286.25
230,-1.1873977165954273,-2.1166310129129746,-1.955620774104359,0.9405264803735849,1.2032414754259095,0.5470782552374398,287.5
231,-1.1873977214977434,-2.116631061548879,-1.9556207813215645,0.9405265367703057,1.2032414794431125,0.4426574856120207,288.75
232,-1.1873977379570064,-2.116631111767114,-1.955620791304036,0.9405265967788871,1.203241496353979,0.32823672458142367,290.0
233,-1.1873977558569395,-2.1166311663722497,-1.9556208021610024,0.9405266620245731,1.203241514761676,0.203815973222434,291.25
234,-1.187397789413757,-2.116631217041438,-1.9556208157765906,0.9405267258703205,1.2032415487700274,0.06939522744479701,292.5
235,-1.187397827701881,-2.116631270171392,-1.955620830701661,0.9405267934208044,1.20324158752771,-0.07502551727170599,293.75
236,-1.1873978816675828,-2.116631313846129,-1.9556208476487733,0.9405268533973318,1.203241641896891,-0.22944625634368723,295.0
237,-1.187397942311622,-2.1166313566415402,-1.9556208658697605,0.9405269137017073,1.20324170294251,-0.3938365614604977,296.25
238,-1.18739801338463,-2.116631380314388,-1.9556208837550175,0.9405269544789351,1.2032417742701789,-0.5571540659316491,297.5
239,-1.1873980815172764,-2.1166313971318647,-1.955620900130575,0.9405269869352593,1.2032418425990048,-0.71047157040282,298.75
240,-1.1873981489022905,-2.1166313986958607,-1.9556209143524041,0.940527002022876,1.203241910055087,-0.8537890748740025,300.0
241,-1.187398211488445,-2.1166313959187635,-1.9556209270073162,0.9405270112607451,1.203241972672735,-0.9871065793452006,301.25
242,-1.1873982690882579,-2.1166313806263615,-1.9556209369854975,0.9405270053832765,1.2032420301976041,-1.1104240838163988,302.5
243,-1.1873983220172186,-2.116631366574047,-1.9556209461545262,0.9405269999824165,1.2032420830576984,-1.2237415882876128,303.75
244,-1.1873983667664143,-2.11663134305771,-1.9556209523822732,0.94052698227973,1.2032421276537237,-1.3270590927588333,305.0
245,-1.1873984065336989,-2.116631319832565,-1.9556209576118633,0.9405269639208769,1.2032421672659035,-1.4203765972300504,306.25
246,-1.1873984420394816,-2.1166312990962517,-1.9556209622810414,0.9405269475293754,1.2032422026332026,-1.5036941017012773,307.5
247,-1.1873984695054096,-2.116631275605727,-1.9556209649170282,0.940526926438958,1.203242229931217,-1.5770116061725026,308.75
248,-1.187398491710279,-2.116631253216996,-1.9556209666029851,0.9405269055523464,1.2032422519726111,-1.6403291106437305,310.0
249,-1.1873985104082403,-2.116631234364213,-1.9556209680226702,0.9405268879644442,1.2032422705329158,-1.6936466151149525,311.25
250,-1.1873985255992934,-2.1166312190473766,-1.9556209691760833,0.9405268736752515,1.2032422856121305,-1.736964119586161,312.5
251,-1.1873985372834377,-2.1166312072664857,-1.9556209700632268,0.9405268626847698,1.203242297210255,-1.7702816240573769,313.75
252,-1.1873985454606737,-2.116631199021542,-1.955620970684101,0.9405268549929992,1.203242305327289,-1.7935991285285904,315.0
253,-1.1874018134982565,-2.1166375186720643,-1.955608618030874,0.940520820001543,1.2032455657382306,-1.806927743532078,316.25
254,-1.1885122386111375,-2.1187895049401373,-1.9514052657783987,0.9384687904572157,1.2043534074324131,-1.8125211468309224,317.5
255,-1.18983188209943,-2.1213469638909226,-1.946409933402285,0.9360301263614792,1.2056699799051085,-1.8084229236599412,318.75
256,-1.189895030944585,-2.1214693569928222,-1.9461708764068344,0.935913418741788,1.2057329793888127,-1.7966062469972328,320.0
257,-1.1898950228466538,-2.1214693619794085,-1.9461708781306442,0.9359134145056768,1.205732966839603,-1.7750039525932446,321.25
258,-1.1898950110000788,-2.1214693692743545,-1.9461708806524296,0.9359134083086114,1.2057329484811912,-1.743401658189251,322.5
259,-1.1898949954048599,-2.1214693788776597,-1.9461708839721905,0.9359134001505915,1.205732924313577,-1.7017993637852622,323.75
260,-1.1898949763245683,-2.1214693905609106,-1.9461708883278943,0.935913389192949,1.2057328966253609,-1.6501970776043393,325.0
261,-1.1898949540613468,-2.1214694040622666,-1.9461708939923343,0.9359133744742796,1.2057328680400656,-1.58859480609005,326.25
262,-1.189894927586781,-2.1214694200190216,-1.9461708991183682,0.9359133616436172,1.2057328354384333,-1.5169925367609427,327.5
263,-1.1898948932131912,-2.1214694400591965,-1.9461708947051775,0.9359133771079028,1.2057328026726315,-1.4353902815157025,328.75
264,-1.1898948546326074,-2.1214694625955755,-1.9461708897149088,0.9359133946401934,1.2057327659382147,-1.3437880318096553,330.0
265,-1.189894811847782,-2.121469487648975,-1.9461708841288625,0.9359134143296586,1.2057327252592585,-1.2421857894612254,331.25
266,-1.1898947600712813,-2.1214695015220983,-1.9461708751360043,0.9359134197961222,1.2057326735803569,-1.130583558765219,332.5
267,-1.1898947036156446,-2.1214695165302557,-1.9461708653138374,0.9359134256255037,1.205732617200423,-1.0089813353043824,333.75
268,-1.1898946422757577,-2.121469522257124,-1.9461708532658553,0.9359134199667968,1.2057325558507124,-0.8773791182933486,335.0
269,-1.1898945760989141,-2.121469520740097,-1.9461708392671562,0.9359134051380742,1.2057324895999582,-0.7357769041297628,336.25
270,-1.1898945082407213,-2.1214695076702186,-1.9461708233993167,0.9359133769277395,1.205732421573255,-0.584174693837432,337.5
271,-1.1898944383393406,-2.121469484431743,-1.9461708057687508,0.9359133368277659,1.2057323514196008,-0.4225724899560863,338.75
272,-1.1898943756123803,-2.121469445117494,-1.9461707875210894,0.9359132799930615,1.205732288314408,-0.25695324096942596,340.0
273,-1.189894318979866,-2.1214694037053743,-1.9461707702684805,0.9359132219967692,1.2057322312917307,-0.10082094906776698,341.25
274,-1.1898942802902488,-2.1214693505242312,-1.9461707552103862,0.9359131542640274,1.2057321921308533,0.04531134283391565,342.5
275,-1.1898942444187277,-2.1214693008105625,-1.946170741195702,0.9359130910060915,1.2057321558190572,0.18144363473559497,343.75
276,-1.189894225764726,-2.121469246238125,-1.9461707301325986,0.9359130256726911,1.205732136699881,0.3075759266372844,345.0
277,-1.1898942091646938,-2.1214691956566867,-1.946170720022387,0.9359129652539538,1.2057321196692974,0.42370821853899254,346.25
278,-1.1898942016077731,-2.1214691474096825,-1.9461707121047214,0.9359129092640295,1.2057321117089392,0.5298405104407019,347.5
279,-1.1898942005699005,-2.1214691021671297,-1.9461707059413493,0.9359128579594338,1.205732110298045,0.6259728023424208,348.75
280,-1.189894199639991,-2.1214690616308607,-1.9461707004191053,0.9359128119917102,1.2057321090339166,0.7121050942441363,350.0
281,-1.1898942028636093,-2.1214690258936253,-1.9461706963937817,0.9359127722673879,1.2057321119664224,0.7882373861458574,351.25
282,-1.189894210946481,-2.121468994971604,-1.9461706940146652,0.9359127389446056,1.2057321198020385,0.8543696780475821,352.5
283,-1.1898942178071252,-2.121468968725365,-1.946170691995299,0.9359127106606296,1.2057321264528151,0.9105019699493009,353.75
284,-1.1898942234455419,-2.1214689471549097,-1.946170690335681,0.935912687415459,1.205732131918752,0.9566342618510097,355.0
285,-1.1898942278617306,-2.1214689302602374,-1.946170689035815,0.9359126692090951,1.2057321361998492,0.9927665537527164,356.25
286,-1.189894231055692,-2.121468918041347,-1.9461706880957008,0.9359126560415381,1.2057321392961067,1.0188988456544272,357.5
287,-1.1898942330274251,-2.1214689104982387,-1.9461706875153386,0.9359126479127879,1.2057321412075246,1.0350311375561356,358.75
288,-1.1905574169843567,-2.122774564073644,-1.9436185205112988,0.9346657576325781,1.2063937284593729,1.0427292559504044,360.0
289,-1.192037104738359,-2.1256877348687198,-1.937924149544068,0.9318837155505926,1.2078698535940362,1.0414097576014911,361.25
290,-1.192357065135125,-2.126317670118313,-1.9366928235592418,0.9312821376980766,1.208189043032642,1.031738697876485,362.5
291,-1.19235706270647,-2.1263176763695806,-1.9366928264642334,0.931282136562398,1.2081890394002854,1.012972572732262,363.75
292,-1.1923570589836452,-2.1263176859519928,-1.9366928309172229,0.9312821348215445,1.2081890338323367,0.9842064475880345,365.0
293,-1.1923570539666508,-2.1263176988655497,-1.9366928369182101,0.9312821324755165,1.2081890263287955,0.9454403224438137,366.25
294,-1.1923570476003071,-2.1263177151340757,-1.9366928444391673,0.9312821295986167,1.208189016407786,0.8966741983016886,367.5
295,-1.1923570391664255,-2.1263177350676563,-1.936692853115302,0.9312821271579375,1.2081889977974414,0.8379080866704423,368.75
296,-1.192357029297383,-2.126317758393257,-1.9366928632678206,0.9312821243019376,1.208188976020247,0.7691419750391921,370.0
297,-1.192357028232025,-2.1263177938390707,-1.9366928691458787,0.9312821598887809,1.208188972023104,0.6903758773053204,371.25
298,-1.192357028976812,-2.126317835454866,-1.936692874666786,0.931282207425795,1.2081889715116767,0.601609783888054,372.5
299,-1.1923570298177997,-2.1263178818413255,-1.9366928807353658,0.9312822606720382,1.208188971050769,0.5028437014527254,373.75
300,-1.1923570411787523,-2.1263179300279056,-1.936692889382578,0.9312823176225637,1.2081889823165106,0.39407762734830365,375.0
301,-1.1923570580570235,-2.1263179814026087,-1.936692899667488,0.931282379082945,1.2081889996716835,0.2753115610089525,376.25
302,-1.1923570811545343,-2.126318034297128,-1.9366929114588292,0.9312824434789858,1.2081890232624382,0.14654550205544387,377.5
303,-1.1923571174998657,-2.126318084602204,-1.936692925692373,0.9312825075391382,1.20818906005991,0.007779447668618392,378.75
304,-1.1923571606038488,-2.1263181343659046,-1.9366929412673777,0.9312825723304201,1.2081891036166181,-0.14098660464469803,380.0
305,-1.1923572178449242,-2.126318176161963,-1.9366929587463368,0.9312826309290846,1.2081891612547502,-0.29975265021189645,381.25
306,-1.1923572834841658,-2.1263182101298446,-1.9366929769483607,0.9312826823512178,1.2081892272336159,-0.4661196957840962,382.5
307,-1.1923573518334813,-2.126318232809073,-1.9366929942279398,0.9312827215566536,1.208189295831425,-0.6250898275588411,383.75
308,-1.1923574194744686,-2.1263182403381435,-1.9366930093611603,0.9312827435030069,1.2081893635946885,-0.7740599593335986,385.0
309,-1.1923574840305176,-2.126318241799175,-1.9366930230491102,0.9312827579800735,1.2081894282199805,-0.9130300911083655,386.25
310,-1.1923575436781457,-2.1263182316918776,-1.9366930341851252,0.9312827584107234,1.208189487836608,-1.0420002228831478,387.5
311,-1.192357598580385,-2.126318217119385,-1.9366930437401746,0.9312827528532606,1.2081895426666307,-1.160970354657941,388.75
312,-1.1923576477141682,-2.12631820026054,-1.9366930517877765,0.9312827435663195,1.2081895917041388,-1.2699404864327355,390.0
313,-1.1923576893845587,-2.1263181759567167,-1.9366930572931997,0.9312827243843568,1.2081896332099298,-1.3689106182075328,391.25
314,-1.1923577268445498,-2.126318154108568,-1.936693062242346,0.9312827071405478,1.208189670521953,-1.45788074998234,392.5
315,-1.1923577593606605,-2.1263181337008805,-1.9366930663479842,0.9312826905420649,1.2081897028976614,-1.5368508817571451,393.75
316,-1.1923577832581644,-2.126318109647454,-1.936693068171067,0.9312826681118458,1.2081897266169142,-1.6058210135319584,395.0
317,-1.192357803690762,-2.1263180890815407,-1.9366930697298206,0.9312826489337909,1.208189746897105,-1.6647911453067654,396.25
318,-1.1923578206584542,-2.1263180720031425,-1.9366930710242416,0.9312826330078978,1.2081897637382355,-1.7137612770815616,397.5
319,-1.19235783416124,-2.1263180584122576,-1.9366930720543336,0.9312826203341691,1.2081897771403043,-1.7527314088563486,398.75
320,-1.1923578441991194,-2.1263180483088857,-1.936693072820097,0.9312826109126052,1.2081897871033114,-1.7817015406311438,400.0
321,-1.1923578507720924,-2.126318041693027,-1.9366930733215317,0.9312826047432059,1.2081897936272568,-1.8006716724059397,401.25
322,-1.1926498406398973,-2.12690201162682,-1.93555074370409,0.9307240875813342,1.208481056202966,-1.8104961109302347,402.5
323,-1.1941023819345284,-2.129807094726178,-1.9298680121267378,0.9279456555301254,1.2099299794425558,-1.8120301671788204,403.75
324,-1.19478779420081,-2.131177927579961,-1.9271864839611021,0.9266345868436511,1.2106136829377894,-1.8044931498265462,405.0
325,-1.1947877883044313,-2.1311779312086907,-1.9271864852234222,0.9266345837803072,1.2106136737318989,-1.7885849502726734,406.25
326,-1.1947877787015502,-2.1311779371184643,-1.9271864872792457,0.926634578791325,1.2106136587391247,-1.762676750718806,407.5
327,-1.1947877653921661,-2.1311779453092816,-1.9271864901285718,0.9266345718767046,1.2106136379594665,-1.7267685511649504,408.75
328,-1.1947877483762794,-2.1311779557811423,-1.9271864937714005,0.9266345630364458,1.2106136113929242,-1.6808603516110887,410.0
329,-1.1947877282445645,-2.131177968008459,-1.9271864987586926,0.9266345503319007,1.2106135842226453,-1.624952169260908,411.25
330,-1.194787704682787,-2.1311779822708385,-1.927186504797342,0.9266345347944106,1.2106135536912432,-1.5590439914862848,412.5
331,-1.194787674966759,-2.131177999834878,-1.927186505372579,0.9266345354433598,1.210613521448816,-1.4831358228499565,413.75
332,-1.1947876392090793,-2.1311780206509114,-1.927186500762905,0.9266345514692196,1.2106134873678303,-1.3972276612437797,415.0
333,-1.194787599300137,-2.1311780439715884,-1.927186495542568,0.9266345697105829,1.2106134494174685,-1.3013195107766045,416.25
334,-1.1947875532703853,-2.1311780641504092,-1.9271864885851087,0.9266345832946475,1.2106134046525834,-1.1954113671026287,417.5
335,-1.1947875001022137,-2.131178078281998,-1.9271864792910445,0.9266345887398831,1.2106133515666098,-1.0795032317391096,418.75
336,-1.194787442338177,-2.1311780933355675,-1.9271864691537697,0.9266345943177015,1.210613293874244,-0.9535951047492217,420.0
337,-1.1947873795815362,-2.131178091934058,-1.9271864558152427,0.9266345802326164,1.21061323104638,-0.8176869841404236,421.25
338,-1.194787312207318,-2.1311780904292412,-1.9271864414954452,0.9266345651103476,1.2106131635956752,-0.6717788638870831,422.5
339,-1.1947872455230022,-2.1311780685629516,-1.9271864246251202,0.9266345271094207,1.210613096668952,-0.5158707506097382,423.75
340,-1.194787177160287,-2.131178041035446,-1.927186406653692,0.9266344823747985,1.2106130280150875,-0.3503795863175425,425.0
341,-1.194787119166099,-2.1311779987510056,-1.9271863889021263,0.9266344230245961,1.2106129696157064,-0.18855531879692577,426.25
342,-1.194787070864918,-2.131177952935652,-1.927186372714735,0.9266343616139169,1.2106129208885066,-0.03673105127635158,427.5
343,-1.1947870339419069,-2.131177901894655,-1.9271863582203985,0.9266342965627443,1.2106128835059997,0.10509321624415126,428.75
344,-1.1947870056222036,-2.13117785095543,-1.9271863455426712,0.9266342333403765,1.21061285473535,0.23691748376456184,430.0
345,-1.1947869884184654,-2.1311777986534306,-1.927186335014333,0.9266341707918306,1.210612837079226,0.3587417512849422,431.25
346,-1.1947869726269043,-2.1311777506446674,-1.927186325350211,0.9266341133776076,1.2106128208724127,0.47056601880525134,432.5
347,-1.1947869713353245,-2.131177703455569,-1.9271863188335958,0.9266340597783063,1.2106128191854078,0.5723902863254984,433.75
348,-1.1947869703572798,-2.1311776608512902,-1.9271863129895332,0.9266340114240851,1.2106128178505249,0.6642145538456967,435.0
349,-1.1947869694857478,-2.1311776228867756,-1.927186307781907,0.9266339683358149,1.2106128166610157,0.7460388213658593,436.25
350,-1.1947869766211405,-2.1311775897384986,-1.927186304889908,0.9266339322867371,1.210612823525838,0.8178630888859812,437.5
351,-1.194786984088154,-2.1311775612350115,-1.9271863026821947,0.9266339015541368,1.2106128307613857,0.8796873564060856,438.75
352,-1.1947869903473871,-2.13117753734193,-1.9271863008315742,0.9266338757924961,1.210612836826592,0.9315116239261755,440.0
353,-1.19478699539884,-2.131177518059254,-1.9271862993380473,0.9266338550018158,1.2106128417214577,0.9733358914462531,441.25
354,-1.1947869992425124,-2.1311775033869806,-1.9271862982016166,0.9266338391820965,1.2106128454459824,1.0051601589663282,442.5
355,-1.1947870018784046,-2.131177493325112,-1.927186297422281,0.9266338283333382,1.210612848000166,1.0269844264864183,443.75
356,-1.1948356832037712,-2.1312763892793694,-1.9269926933618964,0.9265390953672484,1.2106614038802972,1.0389836066984262,445.0
357,-1.196075687093478,-2.133795666001129,-1.9220611039272797,0.9241261495013708,1.2118982134796896,1.043314745789197,446.25
358,-1.1971768339101498,-2.1360328370910104,-1.917681755961848,0.9219834074688338,1.212996523356051,1.0379265214640903,447.5
359,-1.1971846017804466,-2.1360486265444925,-1.9176508578870213,0.9219682877932756,1.2130042703292971,1.0248635373346249,448.75
360,-1.197184598824642,-2.1360486341121057,-1.9176508614364598,0.9219682864139207,1.2130042658173328,1.0018303132934134,450.0
361,-1.1971845945855584,-2.136048644965239,-1.9176508665269056,0.9219682844357111,1.2130042593464738,0.9687970892522222,451.25
362,-1.197184589063196,-2.136048659103894,-1.91765087315836,0.9219682818586471,1.2130042509167211,0.9257638652110235,452.5
363,-1.197184581874029,-2.136048676700818,-1.9176508811277895,0.9219682792293402,1.2130042371432903,0.8727306456150283,453.75
364,-1.1971845729150146,-2.1360486978024253,-1.9176508903806462,0.9219682766946491,1.2130042171167892,0.8096974304490031,455.0
365,-1.1971845657008668,-2.1360487249327753,-1.9176508993133263,0.9219682857191039,1.2130042004778205,0.7366642197924427,456.25
366,-1.1971845663880447,-2.1360487633050074,-1.9176509044489545,0.9219683295606895,1.2130041999909977,0.6536310208788625,457.5
367,-1.197184567165987,-2.1360488063510776,-1.9176509101552233,0.9219683789081855,1.2130041995167355,0.5605978293562003,458.75
368,-1.1971845699541916,-2.1360488535320377,-1.9176509168008982,0.9219684334272497,1.2130042012144842,0.4575646449666977,460.0
369,-1.1971845858242711,-2.1360489017327877,-1.9176509265188346,0.9219684911625898,1.2130042175325586,0.34453147067047,461.25
370,-1.197184603100197,-2.1360489541960717,-1.917650937098349,0.9219685539991438,1.2130042353104071,0.22149830495964623,462.5
371,-1.1971846333870007,-2.136049004145433,-1.9176509500923955,0.9219686165496848,1.2130042660605764,0.08846514522331378,463.75
372,-1.1971846704027747,-2.136049055249294,-1.9176509646595572,0.9219686817330639,1.2130043035430085,-0.05456801253818133,465.0
373,-1.197184720581368,-2.136049099299889,-1.917650981055565,0.9219687415701212,1.213004354138736,-0.20760116553024424,466.25
374,-1.1971847786094048,-2.1360491415476948,-1.917650998861418,0.9219688009367502,1.2130044125749389,-0.370490668419172,467.5
375,-1.1971848458794374,-2.1360491657935667,-1.9176510162182303,0.9219688417914567,1.2130044801100077,-0.5311267839032586,468.75
376,-1.1971849102670078,-2.136049185451191,-1.9176510323598541,0.921968876881728,1.2130045447213804,-0.6817628993872976,470.0
377,-1.1971849748201442,-2.136049186873308,-1.9176510461140996,0.9219688913830363,1.2130046093449227,-0.8223990148712723,471.25
378,-1.1971850347832016,-2.13604918819431,-1.9176510588903335,0.921968904853218,1.21300466937338,-0.953035130355178,472.5
379,-1.1971850898014142,-2.1360491739684173,-1.9176510685623975,0.9219688997542278,1.2130047243216069,-1.0736712458390019,473.75
380,-1.1971851402510816,-2.136049160579022,-1.9176510773855195,0.9219688946887346,1.2130047747041963,-1.18430736132279,475.0
381,-1.1971851844044403,-2.136049143127062,-1.9176510843459007,0.9219688837714504,1.2130048187505695,-1.2849434768065207,476.25
382,-1.1971852221128871,-2.136049121161271,-1.9176510893523757,0.9219688664623732,1.213004856308189,-1.3755795922901943,477.5
383,-1.1971852556609137,-2.1360491016189975,-1.9176510938064737,0.9219688510630263,1.213004889722029,-1.456215707773815,478.75
384,-1.1971852850485185,-2.136049084500238,-1.9176510977082013,0.9219688375734124,1.213004918992088,-1.5268518232573725,480.0
385,-1.1971853058264497,-2.1360490636622895,-1.9176510993066676,0.9219688181582821,1.2130049396133644,-1.5874879387409273,481.25
386,-1.197185323163373,-2.136049046241089,-1.917651100635871,0.9219688019197928,1.2130049568192887,-1.6381240542245143,482.5
387,-1.1971853370764705,-2.136049032260358,-1.9176511017025728,0.9219687888882017,1.2130049706272579,-1.6787601697081058,483.75
388,-1.197185347565743,-2.136049021720097,-1.917651102506772,0.9219687790635085,1.2130049810372725,-1.7093962851916875,485.0
389,-1.1971853546311895,-2.1360490146203057,-1.9176511030484704,0.9219687724457143,1.213004988049332,-1.73003240067528,486.25
390,-1.1971853582728103,-2.1360490109609827,-1.917651103327669,0.9219687690348194,1.2130049916634364,-1.7406685161588629,487.5
391,-1.196672620272193,-2.135041332762828,-1.919712290001074,0.923022482922685,1.2124939592849309,-1.7423382699133518,488.75
392,-1.1965387929203444,-2.1347783311268844,-1.9202502600279883,0.9232975049484358,1.2123605771205777,-1.7351567582074505,490.0
393,-1.1963970475461332,-2.1344997782976525,-1.9208200463928276,0.9235887953180519,1.2122193032873998,-1.7181610089303905,491.25
394,-1.1961719016863648,-2.1340573298821237,-1.9217250850348984,0.9240514758187339,1.211994906415117,-1.691165259653336,492.5
395,-1.1958633553410396,-2.1334509858802977,-1.922965375954201,0.9246855464504821,1.2116873865037292,-1.6541695103762797,493.75
396,-1.1954677250726657,-2.1326824109355504,-1.924537523249551,0.9254892848234064,1.2112930443707175,-1.6071736783572839,495.0
397,-1.1949867778743912,-2.1317508068917967,-1.9264431551713543,0.926463516778099,1.210813654561083,-1.5501778228854213,496.25
398,-1.1944214478391026,-2.1306557516574185,-1.9286831327935643,0.927608679048097,1.2102501551603801,-1.4831819674135773,497.5
399,-1.1937670262709392,-2.1293992926902874,-1.9312532802056537,0.9289226532852682,1.2095978207397535,-1.4061859920051991,498.75
400,-1.1930271164950597,-2.1279798635002787,-1.934156792354607,0.9304070602142316,1.2088602674283393,-1.319190004682521,500.0
401,-1.1921963195478127,-2.126399759106051,-1.9373889894740697,0.9320595280718523,1.2080320754640161,-1.2221938821386342,501.25
402,-1.191277347216807,-2.124657808320719,-1.9409522600116438,0.933881267635566,1.2071159671017773,-1.1151977013656145,502.5
403,-1.1902663906204585,-2.1227555895184733,-1.9448433860874994,0.9358706484491525,1.2061081190862066,-0.998201383289197,503.75
404,-1.1891620172102595,-2.1206936328767436,-1.9490612878027096,0.938027124335425,1.2050070939191895,-0.8712049088500344,505.0
405,-1.187963851398998,-2.118472045900668,-1.9536057467295795,0.9403505853805313,1.2038125149311791,-0.7342082867979596,506.25
406,-1.1866697328213716,-2.116091639493815,-1.958475110956217,0.9428401959186405,1.2025222141985195,-0.5872114879495745,507.5
407,-1.185277450337991,-2.1135532061067495,-1.9636677667863127,0.9454951402665962,1.20113397310539,-0.43021448543932417,508.75
408,-1.1838314144371738,-2.110941172248468,-1.9690110158588212,0.9482271268773524,1.1996920634664912,-0.26840621055817243,510.0
409,-1.1824576675970122,-2.1084816717846118,-1.9740422709661933,0.9507996340848512,1.1983221729157139,-0.11581565766085752,511.25
410,-1.181164630459847,-2.1061867302240436,-1.9787369283127574,0.9532000764992834,1.1970327075919305,0.026775073128082926,512.5
411,-1.1799530826766709,-2.104055988118586,-1.983095721213973,0.9554288262460253,1.1958244503406927,0.15936596869543443,513.75
412,-1.178826417079338,-2.1020881962191167,-1.9871211941525495,0.9574871701048981,1.194700805696289,0.28195697403106773,515.0
413,-1.1777868589734755,-2.1002825656081794,-1.990814953506665,0.9593759199050375,1.1936640064262098,0.3945480596332074,516.25
414,-1.1768334187230325,-2.098639403702014,-1.9941763740414624,0.9610947604611324,1.1927130598807105,0.4971392457182697,517.5
415,-1.1759690558999092,-2.0971576805322183,-1.997207552631396,0.9626447511361567,1.1918509354214737,0.5897304885287111,518.75
416,-1.175195128360714,-2.095836948030319,-1.9999094010721792,0.9640263521202895,1.1910789952232563,0.6723217768988314,520.0
417,-1.1745120012237493,-2.094677063321008,-2.002282210497414,0.9652397107924687,1.1903976057241583,0.7449131053381289,521.25
418,-1.173920606653203,-2.0936777259493375,-2.0043265921923537,0.9662851355317598,1.1898077020019675,0.8075044692155053,522.5
419,-1.1734236970936727,-2.0928380491617737,-2.0060443502816887,0.9671635364718352,1.1893120451032435,0.8600958330929007,523.75
420,-1.1730191398149319,-2.0921587038958074,-2.007434120008585,0.9678742254546577,1.1889084957472174,0.9026872253929923,525.0
421,-1.1727086286374222,-2.091639157125591,-2.0084969856048307,0.9684177491897779,1.188598752957252,0.9352786322735014,526.25
422,-1.1724933914008773,-2.0912790225501663,-2.009233732847198,0.9687945038936887,1.1883840483444053,0.9578700391540032,527.5
423,-1.1723734281052973,-2.0910783001695328,-2.009644361735687,0.969004489566391,1.188264381908677,0.9704614460345188,528.75
424,-1.1718957390620113,-2.0902812350852,-2.0112750146979543,0.9698383943902369,1.187787871069218,0.9736866047250105,530.0
425,-1.1716740915056318,-2.089911729442117,-2.0120309653043305,0.97022498667491,1.1875667696138539,0.9681082043603653,531.25
426,-1.1716737357701783,-2.089911847109434,-2.0120307416633874,0.9702248814907932,1.1875664135033026,0.9529673394295354,532.5
427,-1.171673145084176,-2.0899120424918074,-2.012030370315598,0.9702247068363277,1.1875658221944634,0.9278264744986984,533.75
428,-1.1716723194034078,-2.089912315606775,-2.0120298512394674,0.9702244627595198,1.1875649953074334,0.8926856159367884,535.0
429,-1.171671258572547,-2.0899126665159375,-2.012029184359477,0.9702241494288493,1.187563931508544,0.8475447811424973,536.25
430,-1.1716699627369804,-2.0899130951616245,-2.012028369746288,0.9702237666863764,1.1875626320474444,0.7924039463482188,537.5
431,-1.1716691563763928,-2.0899133773103404,-2.012027864603971,0.97022354571546,1.1875618233372776,0.7272631201408875,538.75
432,-1.1716691571602027,-2.089913414640315,-2.0120278694070923,0.9702235878852419,1.1875618238952428,0.6521223041448867,540.0
433,-1.1716691580508551,-2.089913456956637,-2.012027874833564,0.9702236357452951,1.1875618245487023,0.5669814918123478,541.25
434,-1.1716691591367099,-2.0899135042348607,-2.0120278808994843,0.970223689282266,1.187561825389519,0.471840682546904,542.5
435,-1.1716691748344714,-2.089913552565127,-2.0120278901638646,0.9702237466422787,1.1875618414830458,0.3666998847295849,543.75
436,-1.171669192025794,-2.0899136054916525,-2.012027900309846,0.9702238094561417,1.1875618591117396,0.25155909244358665,545.0
437,-1.171669218318742,-2.089913658541859,-2.0120279123398914,0.9702238741718199,1.187561885845902,0.12641830751006894,546.25
438,-1.1716692555027541,-2.0899137106638133,-2.012027926489651,0.9702239399543051,1.187561923464532,-0.008722470811911048,547.5
439,-1.171669301149001,-2.089913760843625,-2.0120279421304055,0.9702240052037978,1.1875619695367345,-0.1538632466119289,548.75
440,-1.1716693599033485,-2.0899138043637016,-2.0120279596232717,0.9702240655269819,1.187562028675306,-0.3090040187532537,550.0
441,-1.1716694284987237,-2.0899138390346397,-2.0120279780245527,0.9702241178281116,1.1875620975942893,-0.47305329242529165,551.25
442,-1.1716695000926673,-2.0899138632309464,-2.012027995728301,0.9702241589487764,1.1875621694331437,-0.6315865083469416,552.5
443,-1.171669571170701,-2.089913870444823,-2.0120280111990745,0.9702241808952359,1.1875622406241502,-0.7801197242685399,553.75
444,-1.171669638761289,-2.0899138721581036,-2.012028025266091,0.9702241959844566,1.1875623082823084,-0.9186529401901181,555.0
445,-1.1716697011770072,-2.0899138607991965,-2.0120280366351,0.9702241953837898,1.187562370660199,-1.0471861561116587,556.25
446,-1.1716697586269873,-2.089913845521038,-2.012028046495466,0.9702241894140321,1.1875624280380088,-1.165719372033192,557.5
447,-1.1716698098224136,-2.089913827197753,-2.012028054692549,0.970224178805925,1.187562479132656,-1.2742525879546944,558.75
448,-1.1716698533919216,-2.0899138016074916,-2.012028060416466,0.9702241585506218,1.1875625225389768,-1.3727858038761902,560.0
449,-1.1716698925396223,-2.089913778614353,-2.012028065559464,0.9702241403509977,1.187562561540052,-1.461319019797667,561.25
450,-1.1716699262372225,-2.0899137567769492,-2.012028069730256,0.9702241223878875,1.1875625950955997,-1.5398522357191349,562.5
451,-1.1716699511740414,-2.089913731454602,-2.0120280716690386,0.9702240988043043,1.187562619856338,-1.608385451640608,563.75
452,-1.1716699724722128,-2.0899137098271554,-2.0120280733249243,0.9702240786619112,1.1875626410041216,-1.6669186675620855,565.0
453,-1.1716699901317382,-2.089913691894612,-2.0120280746979096,0.9702240619607061,1.187562658538952,-1.715451883483592,566.25
454,-1.1716700041526162,-2.08991367765697,-2.0120280757879985,0.9702240487006916,1.1875626724608281,-1.7539850994051072,567.5
455,-1.171670014534847,-2.089913667114229,-2.0120280765951915,0.9702240388818677,1.1875626827697494,-1.7825183153266058,568.75
456,-1.1716700212784306,-2.089913660266389,-2.0120280771194885,0.9702240325042346,1.187562689465716,-1.801051531248109,570.0
457,-1.1720591151132107,-2.0905970082965135,-2.010695173513043,0.9695741829096597,1.1879510534669981,-1.8105331003682654,571.25
458,-1.1737038656882988,-2.0934856492089695,-2.00506076569579,0.966827172827669,1.189592718847817,-1.8115439198367325,572.5
459,-1.174383097789999,-2.0946785780808406,-2.0027339156679975,0.9656927342449235,1.1902706752944714,-1.8035874355703438,573.75
460,-1.174383091370644,-2.0946785820437097,-2.002733916996639,0.9656927308111631,1.1902706655010091,-1.7870697075549333,575.0
461,-1.1743830810649465,-2.0946785884057406,-2.002733919129654,0.9656927252985693,1.1902706497784852,-1.760551979539521,576.25
462,-1.1743830668729065,-2.0946785971669324,-2.0027339220670415,0.9656927177071422,1.1902706281268998,-1.7240342515240994,577.5
463,-1.1743830487945242,-2.0946786083272855,-2.0027339258088017,0.9656927080368818,1.190270600546253,-1.67751652350869,578.75
464,-1.1743830275316043,-2.0946786213144266,-2.002733930940585,0.9656926942123739,1.1902705729373666,-1.6209988149634382,580.0
465,-1.17438300264193,-2.094678636489016,-2.0027339370933674,0.9656926775413611,1.19027054158206,-1.5544811098592721,581.25
466,-1.1743829709495448,-2.0946786553168035,-2.0027339369199764,0.9656926802683898,1.190270508185523,-1.4779634150607341,582.5
467,-1.174382933148721,-2.094678677486612,-2.002733932065119,0.9656926974251278,1.1902704721415558,-1.391445726445161,583.75
468,-1.1743828909905893,-2.094678702312498,-2.002733926567579,0.9656927169637359,1.1902704320314228,-1.2949280495509194,585.0
469,-1.1743828420994462,-2.0946787229112074,-2.0027339191238105,0.9656927305381962,1.190270384323532,-1.1884103793649756,586.25
470,-1.174382785979093,-2.094678737851774,-2.002733909454242,0.9656927364376428,1.1902703282834666,-1.07189271736665,587.5
471,-1.1743827250076928,-2.094678752645916,-2.002733898769626,0.965692741227008,1.1902702673735417,-0.9453750634738035,588.75
472,-1.1743826588149722,-2.0946787509852114,-2.002733884967216,0.9656927264420955,1.1902702011105755,-0.8088574154720178,590.0
473,-1.1743825880483822,-2.0946787481423446,-2.0027338700771327,0.9656927094356416,1.190270130260728,-0.6623397680506431,591.25
474,-1.1743825178054448,-2.0946787244475242,-2.0027338526743335,0.9656926691034617,1.1902700597756906,-0.505822127661224,592.5
475,-1.1743824466016624,-2.0946786937143123,-2.0027338341897876,0.9656926206757508,1.1902699882740824,-0.3400052989369733,593.75
476,-1.174382385925062,-2.094678648838723,-2.0027338160900827,0.9656925584130335,1.1902699271977402,-0.17878221475835665,595.0
477,-1.17438233633984,-2.0946785993131165,-2.0027337996838686,0.965692493090518,1.190269877185476,-0.027559130579779052,596.25
478,-1.174382297725546,-2.094678545259677,-2.0027337849617646,0.9656924248219783,1.190269838117696,0.11366395359876114,597.5
479,-1.1743822691052808,-2.0946784907734712,-2.00273377223771,0.9656923580177815,1.1902698090486843,0.24488703777726942,598.75
480,-1.1743822511216064,-2.094678435477419,-2.0027337615962866,0.9656922923796712,1.1902697906185804,0.36611012195574955,600.0
481,-1.1743822352917086,-2.094678384564705,-2.0027337519479556,0.9656922320868395,1.1902697743782333,0.47733320613422714,601.25
482,-1.1743822341521881,-2.09467833470268,-2.0027337454485545,0.9656921758417103,1.190269772848406,0.5785562903126775,602.5
483,-1.1743822331252431,-2.094678289766611,-2.0027337395912364,0.9656921251531307,1.1902697714697132,0.6697793744911225,603.75
484,-1.174382232210873,-2.0946782497564977,-2.0027337343760028,0.965692080021102,1.1902697702421545,0.751002458669554,605.0
485,-1.1743822402665163,-2.094678214894603,-2.002733731649804,0.9656920424241046,1.1902697780321017,0.8222255428479799,606.25
486,-1.1743822480264738,-2.094678184948417,-2.0027337294805614,0.9656920102924661,1.1902697855645101,0.8834486270264139,607.5
487,-1.1743822545189428,-2.0946781598935553,-2.0027337276656354,0.9656919834091147,1.1902697918665974,0.934671711204874,608.75
488,-1.1743822597439229,-2.0946781397300165,-2.0027337262050255,0.9656919617740509,1.1902697969383627,0.9758947953833532,610.0
489,-1.1743822637014139,-2.0946781244578,-2.0027337250987345,0.9656919453872759,1.1902698007798063,1.0071178795618156,611.25
490,-1.174382266391416,-2.0946781140769057,-2.0027337243467613,0.9656919342487891,1.1902698033909285,1.0283409637402758,612.5
491,-1.17447717935949,-2.094847486887111,-2.002403086509725,0.9655306004924156,1.190364531689142,1.039853060732908,613.75
492,-1.1759386614040135,-2.0974556352740223,-1.9973118122439024,0.9630464162912227,1.1918231707608664,1.043543524680451,615.0
493,-1.177057302121712,-2.099451957459826,-1.9934148700414165,0.9611449828882009,1.1929396350949992,1.0376119329417026,616.25
494,-1.1770573039419459,-2.099451968795624,-1.9934148594465977,0.9611449757754723,1.1929396361130706,1.0238075024461741,617.5
495,-1.1770573007684775,-2.0994519770782567,-1.9934148631665771,0.9611449742396881,1.1929396315686287,1.0000030846899022,618.75
496,-1.1770572962618666,-2.099451988840342,-1.993414868449283,0.9611449720587363,1.1929396251151116,0.9661986669336264,620.0
497,-1.1770572904221133,-2.0994520040818787,-1.9934148752947152,0.9611449692326166,1.1929396167525197,0.9223942491773465,621.25
498,-1.1770572827632548,-2.0994520229932947,-1.9934148834787209,0.9611449663336866,1.1929396023715197,0.8685898409193602,622.5
499,-1.177057273294888,-2.0994520455708297,-1.9934148930057267,0.9611449633506429,1.1929395820532647,0.8047854396167358,623.75
500,-1.177057266587564,-2.0994520753758263,-1.993414901677084,0.961144976202617,1.1929395669878897,0.7309810441557654,625.0
501,-1.1770572673129736,-2.0994521164679756,-1.9934149069079,0.961145022830779,1.1929395664607987,0.647176659379545,626.25
502,-1.177057268134115,-2.0994521625273803,-1.9934149127070162,0.9611450752959401,1.1929395659487032,0.5533722828393197,627.5
503,-1.1770572722151673,-2.0994522126550916,-1.9934149196805306,0.9611451329992905,1.1929395689993918,0.44956791326884754,628.75
504,-1.1770572889962954,-2.0994522641984985,-1.9934149296112682,0.9611451942756035,1.192939586227349,0.33576355290308096,630.0
505,-1.1770573072541735,-2.0994523202690827,-1.9934149404165913,0.9611452609291001,1.1929396049876568,0.21195920180423455,631.25
506,-1.177057340487817,-2.099452372932099,-1.9934149538907207,0.9611453266322103,1.1929396386752438,0.07815485633068983,632.5
507,-1.17705737956358,-2.0994524275565896,-1.9934149688187013,0.9611453956695738,1.1929396782162,-0.065649487762762,633.75
508,-1.1770574336988107,-2.099452473472187,-1.9934149857477261,0.9611454578650868,1.1929397327580533,-0.21945382660356635,635.0
509,-1.1770574949639525,-2.099452518714637,-1.9934150040590843,0.9611455206989352,1.192939794429666,-0.38325815923831547,636.25
510,-1.1770575679989577,-2.099452543474678,-1.9934150222107723,0.9611455628132797,1.1929398677196432,-0.5471956651247815,637.5
511,-1.1770576377722763,-2.099452562286447,-1.9934150389413934,0.9611455976039787,1.1929399376984207,-0.7011336174097815,638.75
512,-1.1770577071298312,-2.099452564008407,-1.9934150534322237,0.9611456131049028,1.192940007126536,-0.8450715696947562,640.0
513,-1.1770577715942898,-2.0994525623514213,-1.9934150664901193,0.9611456238509514,1.192940071630929,-0.9790095219797068,641.25
514,-1.1770578309203084,-2.0994525465857423,-1.9934150767120777,0.9611456177342174,1.1929401308815726,-1.1029474742646315,642.5
515,-1.1770578854595786,-2.0994525320921293,-1.9934150861092639,0.9611456121110116,1.192940185351549,-1.216885426549518,643.75
516,-1.1770579318705279,-2.099452508608675,-1.993415092700448,0.9611455947936864,1.192940231615741,-1.3208233788344084,645.0
517,-1.1770579728944912,-2.0994524845539724,-1.9934150981109826,0.9611455757806654,1.1929402724840215,-1.414761331119269,646.25
518,-1.177058009551322,-2.099452463059973,-1.9934151029455442,0.9611455587916402,1.1929403090017423,-1.498699283404147,647.5
519,-1.177058038295088,-2.0994524391697094,-1.9934151058495448,0.9611455375615872,1.1929403375810286,-1.5726372356890028,648.75
520,-1.1770580612725694,-2.0994524158842314,-1.993415107643084,0.961145515883483,1.1929403603940534,-1.636575187973868,650.0
521,-1.1770580806563355,-2.0994523962406406,-1.9934151091561083,0.961145497595869,1.1929403796390843,-1.6905131402587505,651.25
522,-1.1770580964463866,-2.099452380238938,-1.993415110388619,0.961145482698745,1.1929403953161208,-1.7344510925436603,652.5
523,-1.1770581086427216,-2.0994523678791213,-1.9934151113406178,0.961145471192112,1.192940407425163,-1.7683890448285462,653.75
524,-1.1770581172453412,-2.0994523591611913,-1.9934151120121049,0.9611454630759704,1.1929404159662111,-1.7923269971134366,655.0
525,-1.177058122254245,-2.0994523540851473,-1.9934151124030806,0.9611454583503198,1.1929404209392647,-1.8062649493983243,656.25
526,-1.1781369315687444,-2.101408558678094,-1.9895935417907626,0.9592793446684507,1.1940170546686424,-1.8123034648376475,657.5
527,-1.1795912067498806,-2.104045606983172,-1.98444190697608,0.9567637483901363,1.1954683963354549,-1.808753053393534,658.75
528,-1.1796960083676427,-2.1042356549524674,-1.9840706427144297,0.9565824535282909,1.1955729842486993,-1.797362522050059,660.0
529,-1.1796960002753787,-2.104235659944847,-1.984070644398808,0.9565824492275079,1.1955729718138244,-1.7762948301834245,661.25
530,-1.179695988342037,-2.1042356673069107,-1.9840706468826945,0.9565824428853135,1.1955729534766064,-1.7452271383168023,662.5
531,-1.1796959725676177,-2.10423567703866,-1.9840706501660887,0.9565824345017074,1.1955729292370454,-1.7041594464501635,663.75
532,-1.179695953185524,-2.104235688944842,-1.984070654449973,0.9565824233648645,1.1955729010789848,-1.6530917616826633,665.0
533,-1.179695930591099,-2.104235702694737,-1.984070660074777,0.9565824082690761,1.1955728723627077,-1.5920240930717533,666.25
534,-1.1796959039354706,-2.1042357188575336,-1.9840706657538763,0.956582393296572,1.1955728392889804,-1.520956425779895,667.5
535,-1.1796958689494643,-2.1042357393393765,-1.9840706612453503,0.9565824091130515,1.1955728059333854,-1.4398887735968695,668.75
536,-1.1796958296525186,-2.104235762384129,-1.9840706561486268,0.9565824270359541,1.1955727685035389,-1.3488211262183927,670.0
537,-1.1796957860487411,-2.1042357880234928,-1.9840706504357868,0.9565824472006339,1.1955727270345298,-1.2477534868263314,671.25
538,-1.179695733501787,-2.104235802910695,-1.9840706414638731,0.9565824536903789,1.1955726747014328,-1.1366858584611854,672.5
539,-1.1796956759069779,-2.1042358182340775,-1.9840706315000736,0.956582459699157,1.1955726171823027,-1.0156182374083955,673.75
540,-1.1796956133295742,-2.104235824991745,-1.984070619436762,0.9565824550657536,1.1955725546028622,-0.8845506229438909,675.0
541,-1.1796955457737397,-2.104235823332642,-1.984070605293721,0.9565824399581713,1.195572486974122,-0.7434830115972548,676.25
542,-1.1796954761949965,-2.1042358109084764,-1.9840705893721593,0.9565824123497415,1.195572417237054,-0.5924154037612801,677.5
543,-1.1796954048018535,-2.10423578691674,-1.9840705716134857,0.956582371379329,1.1955723455941423,-0.4313478024228,678.75
544,-1.1796953397842485,-2.10423574732204,-1.9840705531965863,0.9565823141148155,1.195572280208194,-0.2654617254344533,680.0
545,-1.1796952815491246,-2.1042357043816455,-1.984070535755449,0.9565822544179161,1.1955722215837945,-0.10879068435680213,681.25
546,-1.179695240928364,-2.104235650112242,-1.9840705205145923,0.9565821854354196,1.1955721804984676,0.037880356720844756,682.5
547,-1.1796952040212412,-2.1042355985870813,-1.9840705063866935,0.9565821202664538,1.1955721431516497,0.17455139779846024,683.75
548,-1.1796951839529444,-2.104235542548428,-1.9840704951610115,0.9565820533232087,1.1955721226218232,0.3012224388760435,685.0
549,-1.1796951668598932,-2.104235490118784,-1.9840704850053563,0.9565819910211,1.1955721050983645,0.41789347995361303,686.25
550,-1.179695158298568,-2.104235440305584,-1.9840704769402342,0.9565819333332541,1.195572096134494,0.5245645210311514,687.5
551,-1.1796951572255052,-2.1042353933860367,-1.9840704707854893,0.9565818803668308,1.1955720946880803,0.621235562108688,688.75
552,-1.179695156263444,-2.1042353513200207,-1.9840704652674064,0.9565818328794421,1.1955720933912897,0.7079066031862227,690.0
553,-1.1796951590383462,-2.1042353141965933,-1.9840704611451077,0.956581791681977,1.1955720958738045,0.7845776442637606,691.25
554,-1.1796951673859173,-2.104235282060844,-1.9840704588029072,0.9565817571849604,1.1955721039732135,0.8512486853412766,692.5
555,-1.1796951744814352,-2.104235254745141,-1.9840704568120135,0.9565817278621567,1.195572110857791,0.9079197264188212,693.75
556,-1.1796951803248992,-2.1042352322494855,-1.9840704551724238,0.9565817037135647,1.195572116527537,0.9545907674963892,695.0
557,-1.17969518491631,-2.104235214573876,-1.9840704538841418,0.9565816847391857,1.1955721209824515,0.9912618085739475,696.25
558,-1.179695188255667,-2.1042352017183124,-1.9840704529471676,0.9565816709390202,1.195572124222534,1.0179328496515034,697.5
559,-1.1796951903429707,-2.1042351936827943,-1.984070452361501,0.9565816623130681,1.1955721262477847,1.034603890729057,698.75
560,-1.1803193666830893,-2.1053851790935814,-1.9818221893766523,0.9554829712852986,1.1961949981065196,1.0426869030107575,700.0
561,-1.1818979932588176,-2.1082936630300355,-1.9761360188365193,0.9527042380587448,1.1977703254367262,1.0418636935141645,701.25
562,-1.1822965853598508,-2.1090280401299446,-1.9747002978477526,0.9520026249040388,1.198168083957756,1.0325412578928082,702.5
563,-1.1822965829400478,-2.1090280464120155,-1.9747003006938266,0.952002623735162,1.1981680804217176,1.0142293281783104,703.75
564,-1.1822965791988094,-2.109028056124675,-1.9747003050941188,0.9520026219279707,1.1981680749546761,0.9859173984638152,705.0
565,-1.1822965741361358,-2.109028069267924,-1.9747003110486299,0.9520026194824649,1.1981680675566322,0.9476054687493162,706.25
566,-1.182296567730665,-2.109028085850496,-1.9747003185471017,0.952002616425351,1.1981680580449787,0.8992935395132006,707.5
567,-1.1822965591646384,-2.109028106206726,-1.9747003271968684,0.9520026137789678,1.1981680394293226,0.8409816266495289,708.75
568,-1.1822965491296107,-2.109028130053877,-1.9747003373299967,0.9520026106787524,1.1981680176212386,0.7726697137858677,710.0
569,-1.1822965475100542,-2.1090281659195145,-1.9747003434486277,0.9520026449080966,1.1981680125255187,0.6943578141777637,711.25
570,-1.1822965482670644,-2.1090282086018086,-1.974700348904256,0.9520026934176817,1.198168011990274,0.6060459190641547,712.5
571,-1.1822965491229356,-2.1090282562068454,-1.9747003548984543,0.9520027478039128,1.1981680115073186,0.5077340354253245,713.75
572,-1.1822965600503685,-2.1090283058837636,-1.974700363367048,0.9520028061083248,1.1981680222397353,0.3994221595839509,715.0
573,-1.18229657728119,-2.1090283586775467,-1.9747003736069542,0.9520028689371534,1.198168039942815,0.2811102915817907,716.25
574,-1.1822966001356952,-2.1090284134872643,-1.9747003852701046,0.9520029351233238,1.198168063291724,0.1527984310828992,717.5
575,-1.1822966372562642,-2.1090284652408875,-1.9747003995099284,0.9520030006282109,1.198168100860712,0.01448657537640275,718.75
576,-1.1822966805934778,-2.1090285171629306,-1.9747004150562022,0.9520030675437218,1.1981681446521182,-0.13382527859326837,720.0
577,-1.1822967390767651,-2.109028560222021,-1.9747004326084228,0.9520031274669185,1.1981682035290848,-0.2921371257397388,721.25
578,-1.1822968057887813,-2.1090285962692468,-1.9747004509719872,0.9520031811196228,1.1981682705856074,-0.45847608330226625,722.5
579,-1.182296876021497,-2.1090286198262698,-1.9747004684786442,0.9520032214147574,1.1981683410658908,-0.6179044908967198,723.75
580,-1.1822969452944538,-2.109028628656901,-1.9747004839185396,0.9520032449567394,1.1981684104677577,-0.7673328984911292,725.0
581,-1.1822970116552671,-2.109028630268498,-1.974700497840563,0.9520032598064663,1.1981684768972602,-0.9067613060855231,726.25
582,-1.1822970730038864,-2.109028620720732,-1.9747005093106953,0.9520032611191983,1.1981685382210485,-1.0361897136798786,727.5
583,-1.1822971294709574,-2.109028605723096,-1.9747005190803142,0.9520032553427731,1.1981685946155696,-1.1556181212742178,728.75
584,-1.1822971802240951,-2.1090285889610714,-1.9747005274449412,0.9520032464591837,1.198168645277233,-1.2650465288685326,730.0
585,-1.1822972231143833,-2.1090285638512327,-1.9747005331251273,0.9520032266410776,1.1981686880026292,-1.36447493646284,731.25
586,-1.1822972616909881,-2.1090285412668157,-1.9747005382340237,0.9520032088161727,1.1981687264309255,-1.4539033440571392,732.5
587,-1.1822972954594393,-2.1090285205184207,-1.974700542581958,0.9520031921118794,1.19816876006172,-1.5333317516514284,733.75
588,-1.1822973201050648,-2.1090284955904446,-1.9747005445138308,0.9520031689140647,1.1981687845285711,-1.6027601592457272,735.0
589,-1.1822973412009008,-2.109028474252926,-1.9747005461674496,0.9520031490575069,1.198168805471382,-1.6621885668400234,736.25
590,-1.1822973587469474,-2.1090284565058672,-1.9747005475428108,0.9520031325422045,1.1981688228901533,-1.711616974434348,737.5
591,-1.1822973727432042,-2.1090284423492656,-1.9747005486399183,0.9520031193681587,1.198168836784884,-1.7510453820286813,738.75
592,-1.1822973831896708,-2.109028431783121,-1.9747005494587726,0.9520031095353705,1.1981688471555743,-1.7804737896229978,740.0
593,-1.1822973900863476,-2.1090284248074345,-1.9747005499993742,0.9520031030438396,1.198168854002224,-1.799902197217319,741.25
594,-1.1825556564139437,-2.109511872200609,-1.9737546915850075,0.9515405287390085,1.1984265611623284,-1.8100617212138321,742.5
595,-1.1840768894098908,-2.1123595195378937,-1.9681833463204552,0.9488158689546227,1.1999445005710785,-1.8120118046351854,743.75
596,-1.1848631364206572,-2.1138313297146247,-1.9653037939797078,0.9474076260580728,1.2007290438360814,-1.8047756308709628,745.0
597,-1.1848631305229174,-2.1138313333510346,-1.965303795214163,0.9474076229446742,1.2007290347075896,-1.7892422480286603,746.25
598,-1.1848631208283613,-2.1138313393284736,-1.9653037972433298,0.9474076178269479,1.2007290197024056,-1.7637088651863633,747.5
599,-1.184863107336989,-2.1138313476469412,-1.9653038000672078,0.9474076107048942,1.2007289988205292,-1.7281754823440638,748.75
600,-1.1848630900488006,-2.113831358306438,-1.965303803685797,0.9474076015785129,1.2007289720619598,-1.6826420995017553,750.0
601,-1.1848630695511244,-2.1138313708029006,-1.9653038086211208,0.9474075886007772,1.200728944472642,-1.627108734139342,751.25
602,-1.1848630455731293,-2.1138313853687647,-1.9653038146324622,0.9474075726233915,1.2007289137257764,-1.5615753745367393,752.5
603,-1.184863015466903,-2.113831403256241,-1.9653038155612412,0.947407572010923,1.200728880851052,-1.4860420235552174,753.75
604,-1.1848629790009548,-2.113831424568352,-1.9653038108449947,0.9474075884323325,1.2007288460888261,-1.400508680306879,755.0
605,-1.1848629382823255,-2.1138314484525895,-1.965303805505724,0.9474076071178141,1.2007288073547198,-1.3049753476224513,756.25
606,-1.18486289147451,-2.113831469614599,-1.9653037985200277,0.947407621656357,1.2007287619115992,-1.199442021763311,757.5
607,-1.1848628371837004,-2.113831484052018,-1.9653037890880227,0.947407627275436,1.2007287077029718,-1.0839087042850135,758.75
608,-1.1848627781916303,-2.1138314997398395,-1.9653037788386911,0.947407633383096,1.2007286487840938,-0.9583753954010481,760.0
609,-1.1848627140862393,-2.113831498566374,-1.965303765406788,0.9474076194412757,1.2007285846113187,-0.8228420928357012,761.25
610,-1.1848626452420141,-2.1138314969136096,-1.9653037509327236,0.9474076040248932,1.2007285156915495,-0.6773087906727919,762.5
611,-1.1848625768896652,-2.1138314750914033,-1.9653037339930832,0.9474075660097867,1.2007284471048525,-0.5217754950644107,763.75
612,-1.1848625065115552,-2.1138314474178794,-1.9653037158888802,0.947407521011553,1.2007283764436731,-0.3565194317587048,765.0
613,-1.1848624469571314,-2.1138314036351074,-1.9653036979766325,0.9474074600176293,1.200728316485389,-0.1943161669867065,766.25
614,-1.1848623967764393,-2.1138313567894973,-1.9653036816166467,0.9474073974230002,1.200728265884097,-0.04211290221474688,767.5
615,-1.1848623588457428,-2.113831303974539,-1.965303667034888,0.9474073305234578,1.2007282274950588,0.10009036255717295,768.75
616,-1.1848623291455753,-2.113831251619131,-1.9653036542169042,0.9474072657617055,1.2007281973472548,0.23229362732907516,770.0
617,-1.1848623114624097,-2.113831197508149,-1.9653036436652553,0.9474072013907602,1.200728179212505,0.35449689210094537,771.25
618,-1.1848622952262728,-2.113831147825121,-1.9653036339770507,0.9474071422873435,1.200728162561738,0.4667001568728155,772.5
619,-1.1848622933576198,-2.1138310991391487,-1.9653036273925668,0.9474070871349971,1.200728160298716,0.5689034216446589,773.75
620,-1.1848622923482708,-2.113831055037192,-1.9653036215696251,0.9474070373100631,1.2007281589327108,0.6611066864164822,775.0
621,-1.184862291448392,-2.11383101571836,-1.9653036163782134,0.9474069928889428,1.200728157714857,0.7433099511883093,776.25
622,-1.1848622984143578,-2.1138309813688787,-1.9653036134490867,0.9474069556085101,1.2007281644096275,0.8155132159601486,777.5
623,-1.1848623061086379,-2.1138309518173783,-1.9653036112816038,0.9474069238704691,1.20072817187204,0.877716480731978,778.75
624,-1.1848623125659605,-2.1138309270166746,-1.9653036094625702,0.9474068972347383,1.2007281781347707,0.9299197455038369,780.0
625,-1.1848623177863256,-2.1138309069667676,-1.9653036079919874,0.9474068757013182,1.2007281831978198,0.9721230102757039,781.25
626,-1.184862321769733,-2.1138308916676554,-1.9653036068698568,0.9474068592702096,1.2007281870611872,1.0043262750475543,782.5
627,-1.1848623245161827,-2.113830881119339,-1.9653036060961788,0.9474068479414124,1.2007281897248725,1.0265295398194163,783.75
628,-1.184896067436666,-2.113895046905105,-1.9651779648822711,0.9473453521880305,1.2007618569489185,1.0388481319319576,785.0
629,-1.1861679787323391,-2.1163140493208528,-1.96044182820445,0.9450274518878505,1.2020309165162817,1.0434847603720727,786.25
630,-1.1873774215034612,-2.1186142512282045,-1.955938298090291,0.9428233924373426,1.2032376473051163,1.0383763745341517,787.5
631,-1.1873930349200499,-2.1186439533791983,-1.9558801550997738,0.9427949350808862,1.2032532248889238,1.0255846396775332,788.75
632,-1.1873930319416608,-2.1186439610708154,-1.955880158615195,0.942794933645809,1.2032532204482491,1.002848084740161,790.0
633,-1.1873930276533153,-2.118643972145363,-1.9558801636767702,0.9427949315795557,1.2032532140544752,0.970111529802792,791.25
634,-1.187393022055014,-2.1186439866028404,-1.955880170284499,0.9427949288821263,1.2032532057076017,0.9273749748654116,792.5
635,-1.1873930147708534,-2.1186440046035164,-1.9558801782504531,0.9427949260514294,1.2032531921596281,0.8746384274128486,793.75
636,-1.1873930056467303,-2.1186440262130946,-1.9558801874975908,0.9427949232915853,1.2032531720790192,0.8119018883639579,795.0
637,-1.1873929979469233,-2.1186440537331195,-1.9558801966091366,0.942794931044248,1.203253154670793,0.7391653533734226,796.25
638,-1.1873929986468656,-2.1186440931389408,-1.955880201684907,0.9427949758486895,1.2032531541664695,0.6564288307391524,797.5
639,-1.1873929994390968,-2.118644137358917,-1.955880207328287,0.9427950262886879,1.2032531536680262,0.5636923150510459,798.75
640,-1.1873930018538317,-2.118644185968194,-1.9558802138267752,0.9427950821163894,1.2032531549019543,0.4609558064858671,800.0
641,-1.1873930180708148,-2.118644235542265,-1.9558802235066626,0.9427951411814062,1.2032531715636294,0.3482193083705217,801.25
642,-1.1873930357281313,-2.118644289511951,-1.9558802340469477,0.9427952054792212,1.2032531897191956,0.22548281851527557,802.5
643,-1.1873930662124428,-2.1186443412043507,-1.9558802469742111,0.942795269703955,1.2032532206669653,0.09274633469073612,803.75
644,-1.1873931040536787,-2.118644393825292,-1.9558802615543858,0.9427953364069459,1.2032532589716034,-0.04999014703617026,805.0
645,-1.187393154906348,-2.118644439673084,-1.9558802779714315,0.9427953980545595,1.2032533102417666,-0.20272662418882734,806.25
646,-1.1873932142930308,-2.1186444832681577,-1.9558802958729187,0.9427954588513332,1.2032533700339574,-0.36546309503789204,807.5
647,-1.1873932847027315,-2.1186445095776745,-1.955880313855995,0.9427955023655116,1.203253440718157,-0.5303365463929542,808.75
648,-1.1873933526881724,-2.118644530074654,-1.9558803305932138,0.9427955388579988,1.2032535089287548,-0.685338283745257,810.0
649,-1.1873934208640449,-2.118644531691885,-1.9558803449587054,0.9427955541350842,1.2032535771764123,-0.830340021097732,811.25
650,-1.1873934843084417,-2.1186445318983544,-1.955880358161362,0.9427955668901634,1.2032536406770524,-0.9653417584503325,812.5
651,-1.187393542693984,-2.118644516397158,-1.955880368307239,0.9427955609645645,1.2032536989867455,-1.0903434958030793,813.75
652,-1.18739359640875,-2.1186445021360445,-1.955880377641449,0.9427955555130036,1.2032537526317308,-1.2053452331559298,815.0
653,-1.1873936426274962,-2.1186444804798845,-1.9558803844743902,0.9427955402572561,1.203253798714109,-1.310346970508891,816.25
654,-1.1873936831118075,-2.1186444568128207,-1.9558803898595611,0.9427955216059647,1.2032538390407663,-1.4053487078619453,817.5
655,-1.1873937193346917,-2.118644435636983,-1.955880394677877,0.9427955049179286,1.2032538751225919,-1.4903504452150784,818.75
656,-1.187393748396802,-2.1186444129205713,-1.9558803978122703,0.9427954850822722,1.2032539040249568,-1.5653521825682768,820.0
657,-1.187393771191879,-2.1186443899064114,-1.9558803996070853,0.9427954636744544,1.203253926652478,-1.630353919921525,821.25
658,-1.187393790480115,-2.1186443704327975,-1.9558804011257807,0.9427954455600582,1.203253945798935,-1.6853556572748107,822.5
659,-1.1873938062615101,-2.1186443544997298,-1.9558804023683556,0.9427954307390833,1.2032539614643287,-1.730357394628124,823.75
660,-1.1873938185360644,-2.1186443421072076,-1.9558804033348136,0.9427954192115313,1.203253973648658,-1.7653591319814492,825.0
661,-1.187393827303777,-2.11864433325523,-1.9558804040251547,0.9427954109774019,1.2032539823519235,-1.7903608693347501,826.25
662,-1.1873938325646483,-2.1186443279437976,-1.9558804044393783,0.9427954060366955,1.2032539875741246,-1.8053626066880413,827.5
663,-1.1882421375245484,-2.1202834376830175,-1.952668928615923,0.9412225540667501,1.2041003235164933,-1.8122231440166614,828.75
664,-1.1896933770975266,-2.123087562697059,-1.9471748701068403,0.9385317879564262,1.2055481940203088,-1.8097711399262748,830.0
665,-1.189890308091803,-2.123468087929154,-1.9464293210824217,0.9381666460329093,1.2057446656992061,-1.7992501879792167,831.25
666,-1.1898903006156907,-2.123468092536257,-1.9464293226559828,0.9381666421134859,1.2057446540431314,-1.779332700188004,832.5
667,-1.1898902893860366,-2.123468099456454,-1.9464293250195839,0.9381666362262321,1.2057446365348747,-1.7494152123967606,833.75
668,-1.1898902744028408,-2.123468108689746,-1.9464293281732246,0.9381666283711481,1.205744613174437,-1.709497724605522,835.0
669,-1.1898902558033473,-2.1234681201152665,-1.9464293322428503,0.9381666181032415,1.2057445851535307,-1.6595802411745202,836.25
670,-1.1898902341204747,-2.1234681332636987,-1.9464293377175061,0.9381666036946081,1.2057445570995733,-1.5996627762402897,837.5
671,-1.1898902088188117,-2.1234681486065545,-1.946429344105861,0.9381665868812276,1.2057445243635159,-1.5297453113060848,838.75
672,-1.1898901753207878,-2.123468168176157,-1.9464293401414126,0.9381666007882841,1.2057444920916596,-1.4498278620836365,840.0
673,-1.1898901374488482,-2.1234681903011707,-1.946429335202163,0.9381666178828463,1.2057444560191823,-1.359910416783575,841.25
674,-1.1898900953749714,-2.1234682149597774,-1.9464293296479016,0.9381666371913983,1.2057444160216977,-1.2599929810146955,842.5
675,-1.1898900451505088,-2.1234682308236086,-1.9464293212163724,0.9381666451430022,1.2057443662512835,-1.15007555492523,843.75
676,-1.1898899894784138,-2.1234682456239113,-1.9464293115003863,0.9381666508610165,1.2057443106571704,-1.0301581363892454,845.0
677,-1.1898899289920202,-2.123468254197836,-1.9464292999924422,0.9381666485901243,1.2057442501855684,-0.9002407248682089,846.25
678,-1.1898898636035422,-2.1234682526657513,-1.9464292861828731,0.9381666339267197,1.2057441847241623,-0.760323317229648,847.5
679,-1.1898897956207288,-2.1234682430578027,-1.94642927079834,0.9381666096550587,1.2057441166012,-0.6104059124059633,848.75
680,-1.1898897264490738,-2.1234682199886734,-1.9464292534411611,0.938166569989014,1.2057440471802936,-0.45048851418608254,850.0
681,-1.1898896615414902,-2.123468183802555,-1.946429235290732,0.9381665163950067,1.2057439819196387,-0.2842315706300729,851.25
682,-1.1898896042985827,-2.123468141842845,-1.9464292179960978,0.938166457815657,1.2057439242829844,-0.12641450876257626,852.5
683,-1.1898895626250663,-2.123468090495549,-1.946429202739832,0.9381663917450715,1.205743882152311,0.021402553105051014,853.75
684,-1.18988952630996,-2.12346804006068,-1.946429188716056,0.9381663277622458,1.2057438453921874,0.1592196149728298,855.0
685,-1.1898895047345162,-2.1234679862138734,-1.9464291773236946,0.9381662628535059,1.2057438233565758,0.2870366768407469,856.25
686,-1.1898894878937236,-2.1234679348000265,-1.9464291672288252,0.9381662016214616,1.205743806079677,0.40485373870880803,857.5
687,-1.1898894778256184,-2.123467886331631,-1.94642915892143,0.9381661450465162,1.2057437956055022,0.5126708005769446,858.75
688,-1.1898894767693986,-2.1234678402142695,-1.9464291527915174,0.9381660929023264,1.2057437941703237,0.6104878624452035,860.0
689,-1.189889475821158,-2.123467798811566,-1.9464291472882693,0.9381660460889211,1.2057437928818664,0.6983049243135306,861.25
690,-1.1898894774133848,-2.1234677621805202,-1.94642914292542,0.9381660051518004,1.205743794175201,0.7761219861819257,862.5
691,-1.1898894857019289,-2.1234677304185228,-1.9464291405806604,0.9381659710229353,1.2057438022105909,0.8439390480503906,863.75
692,-1.1898894927682815,-2.123467703340007,-1.9464291385816488,0.9381659419265598,1.205743809061118,0.901756109918883,865.0
693,-1.1898894986124426,-2.1234676809449744,-1.9464291369283808,0.9381659178626715,1.205743814726783,0.9495731717874135,866.25
694,-1.1898895032344123,-2.1234676632334235,-1.9464291356208616,0.9381658988312733,1.205743819207585,0.9873902336559557,867.5
695,-1.1898895066341904,-2.123467650205354,-1.9464291346590907,0.9381658848323648,1.2057438225035246,1.0152072955244666,868.75
696,-1.1898895088117767,-2.123467641860766,-1.9464291340430686,0.9381658758659465,1.205743824614602,1.0330243573929823,870.0
697,-1.1903221586882302,-2.124316931783531,-1.9447639727224373,0.9373497692683688,1.2061754351673681,1.0419786767748078,871.25
698,-1.1918182250732705,-2.1272537254708492,-1.9390059736073841,0.9345277499628257,1.2076679076889907,1.0423430170007335,872.5
699,-1.192352335353154,-2.1283021945304825,-1.9369503088036077,0.9335202592413152,1.20820073438064,1.033927357193268,873.75
700,-1.1923523331348653,-2.1283022002292444,-1.9369503114316349,0.9335202581754313,1.2082007310065292,1.0168465527202233,875.0
701,-1.1923523296178737,-2.1283022092643615,-1.9369503155982473,0.9335202564855227,1.2082007256570373,0.9897657482471602,876.25
702,-1.1923523248021792,-2.128302221635833,-1.9369503213034447,0.9335202541715898,1.2082007183321635,0.9526849437740859,877.5
703,-1.1923523186877822,-2.1283022373436595,-1.936950328547227,0.9335202512336322,1.2082007090319082,0.9056041393010287,878.75
704,-1.1923523105387073,-2.128302256714915,-1.936950336946461,0.9335202487027308,1.208200691329036,0.8485233469212523,880.0
705,-1.1923523008788608,-2.1283022795167716,-1.9369503467738822,0.933520245844907,1.2082006697987953,0.7814425558018806,881.25
706,-1.192352297921115,-2.128302312644641,-1.9369503534895822,0.9335202733958488,1.2082006618895342,0.7043617758253012,882.5
707,-1.1923522986495858,-2.1283023535327867,-1.9369503587888057,0.9335203199342054,1.2082006613671277,0.6172810010456944,883.75
708,-1.1923522994759623,-2.128302399209568,-1.9369503646123853,0.9335203722172949,1.2082006609100093,0.5202002388287927,885.0
709,-1.1923523082802472,-2.1283024474010137,-1.936950372525569,0.9335204286162901,1.2082006693145675,0.41311948326200154,886.25
710,-1.1923523249186747,-2.128302498144336,-1.9369503825037337,0.9335204891428417,1.2082006864203556,0.2960387357815059,887.5
711,-1.1923523450930233,-2.1283025519833534,-1.936950393620545,0.9335205538508068,1.2082007070994663,0.1689579962533273,888.75
712,-1.1923523809965877,-2.1283026017820728,-1.9369504075182933,0.9335206170751185,1.208200743449047,0.031877262327915164,890.0
713,-1.192352421117094,-2.128302653603086,-1.9369504225563463,0.9335206834138492,1.208200784035526,-0.11520347058685362,891.25
714,-1.1923524777498475,-2.1283026950548742,-1.9369504397067787,0.9335207413475338,1.2082008410605076,-0.2722841965625122,892.5
715,-1.1923525413454334,-2.128302732383829,-1.9369504577802603,0.9335207960175818,1.2082009050203912,-0.4383328069252232,893.75
716,-1.1923526104183857,-2.128302755376012,-1.9369504751533193,0.9335208356222429,1.2082009743440758,-0.5989882311032944,895.0
717,-1.1923526779390232,-2.128302766421393,-1.9369504906661184,0.9335208614595953,1.2082010420153744,-0.7496436552814632,896.25
718,-1.1923527432769663,-2.1283027679329836,-1.9369505044973834,0.9335208761231186,1.208201107423288,-0.8902990794597763,897.5
719,-1.1923528037707425,-2.128302760656154,-1.9369505161874807,0.933520879924623,1.2082011679101607,-1.020954503638243,898.75
720,-1.192352859449818,-2.1283027458768267,-1.9369505259079212,0.9335208743186862,1.208201223516109,-1.141609927816807,900.0
721,-1.1923529100748405,-2.1283027309827016,-1.9369505345587474,0.9335208675808815,1.208201274062609,-1.2522653519955311,901.25
722,-1.1923529524540797,-2.1283027062408735,-1.9369505402222347,0.9335208481129154,1.2082013162747056,-1.352920776174312,902.5
723,-1.1923529906229917,-2.1283026839571195,-1.9369505453230567,0.9335208305790671,1.208201354293081,-1.4435762003532178,903.75
724,-1.1923530245815757,-2.1283026641314375,-1.9369505498612158,0.9335208149793379,1.2082013881177338,-1.5242316245321776,905.0
725,-1.1923530492690253,-2.1283026397443408,-1.9369505518778096,0.9335207924016391,1.2082014126254088,-1.5948870487112057,906.25
726,-1.1923530702851683,-2.1283026185629548,-1.9369505535403844,0.9335207727072793,1.2082014334850337,-1.6555424728902803,907.5
727,-1.1923530878364703,-2.128302600873654,-1.9369505549288548,0.9335207562598422,1.2082014509056225,-1.7061978970693807,908.75
728,-1.1923531019229312,-2.128302586676438,-1.9369505560432234,0.9335207430593297,1.208201464887174,-1.7468533212484996,910.0
729,-1.1923531125445501,-2.128302575971306,-1.9369505568834908,0.9335207331057427,1.2082014754296884,-1.7775087454276157,911.25
730,-1.1923531197013275,-2.128302568758258,-1.9369505574496577,0.9335207263990808,1.2082014825331657,-1.7981641696067006,912.5
731,-1.1924808281275572,-2.12855723831899,-1.9364508927601334,0.9332756654963129,1.208328873549651,-1.8092441896318103,913.75
732,-1.1938469613302773,-2.131281630663874,-1.9311056785891643,0.9306541402987928,1.2096916114938678,-1.8124611817869543,915.0
733,-1.1947830592291908,-2.1331484394058107,-1.927443034493216,0.9288578198930094,1.2106253815919104,-1.806178898229384,916.25
734,-1.194783053950929,-2.1331484426567533,-1.9274430356104468,0.9288578171450614,1.2106253733018646,-1.7919565211364532,917.5
735,-1.1947830449614296,-2.13314844819349,-1.9274430375132217,0.9288578124649838,1.2106253591829441,-1.7677341440435344,918.75
736,-1.194783032260693,-2.133148456016021,-1.9274430402015408,0.9288578058527761,1.2106253392351487,-1.7335117669505777,920.0
737,-1.1947830158487187,-2.1331484661243465,-1.9274430436754044,0.9288577973084388,1.2106253134584783,-1.6892893898576404,921.25
738,-1.1947829961833878,-2.133148478104614,-1.9274430483687583,0.9288577853015427,1.2106252858708664,-1.6350670262645266,922.5
739,-1.194782973194656,-2.1331484920201316,-1.9274430542152219,0.9288577700661999,1.2106252558576798,-1.570844670899125,923.75
740,-1.1947829448542062,-2.1331485088882185,-1.927443056552851,0.9288577653313375,1.210625223320099,-1.4966223219457435,925.0
741,-1.1947829097991034,-2.133148529313214,-1.927443051982947,0.9288577809971214,1.2106251899108185,-1.412399982747179,926.25
742,-1.1947828705908354,-2.13314855222839,-1.9274430468112622,0.9288577988021678,1.2106251526147236,-1.3181776525055802,927.5
743,-1.1947828260544386,-2.1331485742651775,-1.927443040368153,0.9288578146847828,1.210625109680585,-1.2139553292666034,928.75
744,-1.1947827736608168,-2.133148588191719,-1.9274430311810662,0.9288578200222917,1.2106250573711075,-1.0997330147245816,930.0
745,-1.194782716677935,-2.133148603338417,-1.9274430211885638,0.9288578258298177,1.2106250004619918,-0.9755107099531204,931.25
746,-1.19478265476034,-2.133148604529585,-1.9274430083821992,0.9288578148695477,1.2106249384961056,-0.8412884107774451,932.5
747,-1.194782588165551,-2.1331486030089923,-1.9274429942510327,0.9288577999114377,1.2106248718258168,-0.6970661128728222,933.75
748,-1.1947825213329084,-2.1331485846379508,-1.9274429778956643,0.9288577659144406,1.210624804780062,-0.5428438204808356,935.0
749,-1.1947824515685352,-2.133148560602399,-1.9274429601958467,0.9288577249501204,1.2106247347534935,-0.37863421602591896,936.25
750,-1.194782392970924,-2.1331485177748553,-1.9274429424077146,0.9288576650267346,1.2106246757471033,-0.21512416049221297,937.5
751,-1.1947823416257615,-2.1331484738721183,-1.9274429259984145,0.9288576053338466,1.2106246239906617,-0.06161410495836117,938.75
752,-1.1947823042642431,-2.1331484221157493,-1.9274429115017764,0.92885753957033,1.210624586164906,0.0818959505756015,940.0
753,-1.1947822729420936,-2.133148371961137,-1.9274428984755696,0.9288574768131832,1.2106245543972307,0.21540600610970284,941.25
754,-1.1947822555003673,-2.1331483188334137,-1.9274428879702112,0.9288574134655886,1.210624536497568,0.3389160616439585,942.5
755,-1.1947822394708123,-2.1331482700071858,-1.9274428783154116,0.9288573552469339,1.2106245200471535,0.45242611717830716,943.75
756,-1.1947822357912965,-2.1331482225793117,-1.9274428714253253,0.928857301060444,1.2106245159694122,0.5559361727127843,945.0
757,-1.1947822347951593,-2.1331481791155236,-1.9274428656082678,0.9288572518754267,1.2106245146104477,0.6494462282473414,946.25
758,-1.1947822339055496,-2.133148140299771,-1.927442860413285,0.9288572079502716,1.2106245133968114,0.7329562837819594,947.5
759,-1.1947822395234997,-2.1331481062782283,-1.9274428571986717,0.9288571707227384,1.210624518736449,0.8064663393166676,948.75
760,-1.1947822471939022,-2.1331480769491558,-1.9274428550190603,0.9288571391921503,1.2106245261694417,0.8699763948514083,950.0
761,-1.1947822536565589,-2.1331480522381048,-1.9274428531826382,0.9288571126262218,1.2106245324320697,0.9234864503861936,951.25
762,-1.1947822589114696,-2.1331480321450753,-1.9274428516894062,0.9288570910249536,1.2106245375243334,0.9669965059209931,952.5
763,-1.194782262958634,-2.133148016670065,-1.9274428505393666,0.9288570743883464,1.210624541446232,1.0005065614557969,953.75
764,-1.1947822657980518,-2.1331480058130747,-1.9274428497325196,0.9288570627164005,1.2106245441977659,1.0240166169905767,955.0
765,-1.1947832690563849,-2.1331500287756326,-1.9274388653369834,0.9288551007916344,1.2106255448309051,1.0375296412155597,956.25
766,-1.1958124217630584,-2.1352349935749806,-1.9233454508651149,0.9268461506030402,1.2116520520811012,1.0432858932295057,957.5
767,-1.1971030219718712,-2.137849633362528,-1.9182121346065586,0.9243268443246063,1.2129393345214132,1.0393900205908826,958.75
768,-1.1971798617065623,-2.13800531046174,-1.9179065032170841,0.9241768463451823,1.213015975910773,1.027772733276133,960.0
769,-1.1971798589577745,-2.138005317486497,-1.9179065064864966,0.9241768450278779,1.21301597164593,1.0064257907789105,961.25
770,-1.197179854921314,-2.1380053278020092,-1.9179065112874696,0.9241768430934808,1.213015965383216,0.9750788482816626,962.5
771,-1.1971798495971806,-2.1380053414082774,-1.9179065176200027,0.924176840541991,1.2130159571226315,0.9337319057844033,963.75
772,-1.1971798427343865,-2.1380053584215117,-1.9179065253480294,0.9241768377447165,1.2130159446490882,0.8823849661731825,965.0
773,-1.1971798339861284,-2.138005379002289,-1.917906534283539,0.9241768352147135,1.2130159249018833,0.8210380323629557,966.25
774,-1.1971798250240544,-2.138005403962313,-1.917906543990499,0.9241768368420814,1.2130159044745559,0.7496911003215998,967.5
775,-1.1971798256970523,-2.138005441624787,-1.9179065489026463,0.9241768797549635,1.2130159039942578,0.6683441827628018,968.75
776,-1.197179826458508,-2.138005483953824,-1.9179065543851368,0.924176928101059,1.2130159035058288,0.5769972704187438,970.0
777,-1.1971798273122702,-2.1380055309740915,-1.917906560415451,0.9241769819865009,1.2130159030434846,0.4756503657673475,971.25
778,-1.1971798424803972,-2.1380055786764625,-1.9179065697483155,0.9241770388761269,1.213015918593088,0.36430347246913286,972.5
779,-1.1971798595192,-2.1380056305205284,-1.9179065800173143,0.9241771007871942,1.2130159361241903,0.24295658645695062,973.75
780,-1.1971798868305967,-2.1380056814525825,-1.9179065923343692,0.9241771636863837,1.2130159639108675,0.1116097069844878,975.0
781,-1.1971799234096103,-2.1380057320602366,-1.9179066065629022,0.9241772280411764,1.2130160009503959,-0.02973716947763935,976.25
782,-1.1971799705682047,-2.138005778207068,-1.917906622433199,0.9241772894764179,1.2130160485399966,-0.18108404222626123,977.5
783,-1.1971800280459788,-2.1380058201551893,-1.917906639924493,0.9241773482359463,1.2130161064214533,-0.34243090853726155,978.75
784,-1.1971800940974584,-2.1380058480500512,-1.9179066573947146,0.924177392859467,1.2130161727664543,-0.5047295045654845,980.0
785,-1.1971801588082789,-2.138005869507624,-1.9179066737500334,0.9241774299573331,1.2130162377155915,-0.6570518917440038,981.25
786,-1.1971802236826055,-2.138005872705038,-1.9179066877750282,0.9241774464986445,1.2130163026751355,-0.7993742789225784,982.5
787,-1.197180284418779,-2.1380058740731274,-1.9179067006949178,0.9241774601521425,1.2130163634774496,-0.9316966661011798,983.75
788,-1.1971803402692962,-2.138005862444755,-1.9179067109067756,0.9241774581773305,1.2130164192806365,-1.0540190532798637,985.0
789,-1.1971803914870924,-2.138005848850493,-1.917906719892086,0.9241774530621103,1.2130164704304347,-1.166341440458572,986.25
790,-1.19718043705867,-2.138005833161295,-1.9179067274215047,0.9241774444588851,1.2130165159113515,-1.2686638276372915,987.5
791,-1.1971804754680324,-2.138005810764631,-1.917906732579666,0.9241774268645312,1.2130165541673135,-1.3609862148160252,988.75
792,-1.197180509717044,-2.1380057907938887,-1.9179067371791108,0.9241774111759267,1.2130165882795407,-1.4433086019947994,990.0
793,-1.1971805398057038,-2.138005773249066,-1.9179067412198425,0.9241773973930731,1.213016618248032,-1.5156309891735982,991.25
794,-1.1971805619863234,-2.1380057529451086,-1.917906743244136,0.9241773789222938,1.2130166402782105,-1.577953376352352,992.5
795,-1.197180579900271,-2.1380057349199735,-1.9179067446683629,0.9241773621702079,1.2130166580570025,-1.6302757635310883,993.75
796,-1.1971805943904552,-2.138005720339852,-1.9179067458203876,0.9241773486198268,1.2130166724378624,-1.672598150709778,995.0
797,-1.1971806054568765,-2.1380057092047458,-1.917906746700208,0.9241773382711499,1.2130166834207912,-1.7049205378884942,996.25
798,-1.197180613099534,-2.1380057015146527,-1.9179067473078266,0.9241773311241785,1.2130166910057871,-1.7272429250672074,997.5
799,-1.197180617318428,-2.1380056972695733,-1.9179067476432439,0.9241773271789128,1.213016695192851,-1.7395653122459322,998.75
800,-1.1967791474246954,-2.137219062489786,-1.9195206954032156,0.9250047913346963,1.2126165583106372,-1.742702961863843,1000.0
801,-1.1965497385848667,-2.1367695694384987,-1.9204429306194302,0.9254776199053458,1.2123879111940854,-1.7370267128405659,1001.25
802,-1.1964220566199801,-2.1365194076493124,-1.9209562015648587,0.9257407771859194,1.2122606531987206,-1.7217171754163825,1002.5
803,-1.196210974378946,-2.1361058432815545,-1.9218047347270404,0.9261758255388896,1.2120502718588426,-1.6964076379921984,1003.75
804,-1.1959164918617644,-2.1355288763352247,-1.9229885301059744,0.9267827649642562,1.2117567671744516,-1.6610981005680128,1005.0
805,-1.1955357731801102,-2.1347898052107492,-1.9245049751973715,0.9275602880857097,1.2113772911232372,-1.6157884983704358,1006.25
806,-1.1950690560006783,-2.133888521456777,-1.9263542882039077,0.9285085040910612,1.2109120823876627,-1.560478854852458,1007.5
807,-1.194517956216379,-2.1328242853319987,-1.9285379575521082,0.9296281578322297,1.2103627637743188,-1.4951692113344417,1008.75
808,-1.193878679775639,-2.1315987691140195,-1.931052621108353,0.9309175674414182,1.209725527735097,-1.4198594702494793,1010.0
809,-1.1931531135229196,-2.130211141450778,-1.9338999503055792,0.9323775690270448,1.2090022678256513,-1.334549695064606,1011.25
810,-1.192337812274908,-2.128662878727323,-1.9370769789857711,0.9340066812053269,1.2081895253125812,-1.239239810571341,1012.5
811,-1.1914345785681424,-2.1269531985591783,-1.9405852795077958,0.9358056897149382,1.20728910966333,-1.1339298722124802,1013.75
812,-1.1904381956482792,-2.1250842862772217,-1.94442046360343,0.9377724038081325,1.206295784452548,-1.0186197667805668,1015.0
813,-1.1893499251411344,-2.1230555578703836,-1.9485837066463743,0.9399074120031657,1.2052108164494717,-0.8933095384883027,1016.25
814,-1.1881681153018488,-2.1208676651480634,-1.9530737016824204,0.9422100631226459,1.2040325479724703,-0.7579991651021872,1017.5
815,-1.18689061029191,-2.118521433432833,-1.957888795124485,0.944679534140872,1.20275881560965,-0.6126886167093042,1018.75
816,-1.1855152036115741,-2.116017669946975,-1.9630273715935123,0.9473150223561317,1.2013874053693177,-0.4573778674089095,1020.0
817,-1.1840670162870452,-2.1134060740433225,-1.9683874655638867,0.9500642530120571,1.1999433540206277,-0.29511082856724186,1021.25
818,-1.182679328807379,-2.110927153985161,-1.9734754552179867,0.9526740455834546,1.1985595613182147,-0.14083401179010285,1022.5
819,-1.1813716202850313,-2.108612585458372,-1.9782263000388292,0.9551110226143442,1.1972554611072082,0.003442993781568593,1023.75
820,-1.1801463943007513,-2.106461382883442,-1.982641976096299,0.9573761685863171,1.196033565953772,0.1377201454290822,1025.0
821,-1.1790058179048983,-2.104472724988579,-1.986724128430292,0.9594703019816015,1.1948960504638306,0.26199741068846394,1026.25
822,-1.1779521120518768,-2.1026458079409824,-1.9904743651884493,0.9613942215899425,1.1938451430695876,0.37627476016438954,1027.5
823,-1.176983004816234,-2.100981372966574,-1.9938912078550968,0.9631471960106857,1.192878564765449,0.4805522313372595,1028.75
824,-1.176104122782529,-2.0994774643799783,-1.996978564601844,0.9647311635015883,1.1920019605143568,0.5748297418955858,1030.0
825,-1.1753143977257337,-2.0981344408695444,-1.999735719344398,0.9661457694060163,1.1912142586904515,0.6591073151150153,1031.25
826,-1.174616372073125,-2.09695143288412,-2.002164408966206,0.967391874585205,1.1905180099258263,0.7333849156032555,1032.5
827,-1.1740090477757064,-2.0959287678680165,-2.0042639802035094,0.9684691558034585,1.1899122130485427,0.7976625641423319,1033.75
828,-1.1734962080014812,-2.0950652040386166,-2.006036910487848,0.9693788389152563,1.1894006630659504,0.8519402126813681,1035.0
829,-1.1730762314383316,-2.094361261305818,-2.0074821632923436,0.9701204115412706,1.1889817336792015,0.8962178823353923,1036.25
830,-1.1727496561090578,-2.0938167669954,-2.008600082879025,0.9706940438629248,1.1886559645663177,0.9304955737632946,1037.5
831,-1.1725183542114737,-2.093431120695958,-2.009391866270381,0.9711003275978574,1.1884252336836394,0.9547732651912022,1038.75
832,-1.1723823257455792,-2.0932043224074923,-2.0098575134664127,0.9713392627460681,1.188289541031167,0.969050956619101,1040.0
833,-1.172037304869623,-2.092630552530479,-2.011035586529286,0.9719437858006672,1.1879453693092952,0.9737888836373381,1041.25
834,-1.1716694799316554,-2.0920192893649006,-2.0122906550344934,0.9725878258694945,1.1875784488943724,0.9696878369236841,1042.5
835,-1.171669163823407,-2.0920193958466458,-2.0122904564785777,0.9725877344795502,1.1875781324528722,0.9562332200060105,1043.75
836,-1.1716686127710862,-2.0920195814698075,-2.0122901103481023,0.9725875751650076,1.1875775808196147,0.9327786030883422,1045.0
837,-1.1716678267662184,-2.092019846237849,-2.01228961663885,0.9725873479355137,1.1875767939217747,0.8993239874546292,1046.25
838,-1.171666805590371,-2.0920201902400057,-2.0122889752420963,0.9725870530395052,1.1875757698834084,0.8558694006062985,1047.5
839,-1.1716655494161214,-2.0920206134057633,-2.012288186243719,0.9725866902804632,1.1875745101879023,0.8024148137579286,1048.75
840,-1.171664507976797,-2.092020973821611,-2.0122875331883017,0.9725864001999058,1.1875734657707298,0.7389602323268003,1050.0
841,-1.1716645087429982,-2.0920210103789088,-2.012287537773462,0.972586441382127,1.1875734663143365,0.6655056642774216,1051.25
842,-1.1716645096152984,-2.092021051925707,-2.0122875429718823,0.9725864882247383,1.187573466946967,0.5820510987747193,1052.5
843,-1.1716645105951509,-2.0920210984722685,-2.0122875487746676,0.9725865407714891,1.1875734676808112,0.4885965373442691,1053.75
844,-1.1716645238052124,-2.092021146722477,-2.012287557347843,0.9725865974341774,1.1875734811768675,0.3851419856338455,1055.0
845,-1.1716645407446422,-2.092021198973541,-2.012287567184738,0.9725866592679366,1.1875734985457935,0.27168743990689226,1056.25
846,-1.171664564042027,-2.092021252967327,-2.0122875785373813,0.9725867242836718,1.1875735222904193,0.14823290126853256,1057.5
847,-1.1716646007617293,-2.0920213045470866,-2.012287592347061,0.9725867891904726,1.187573559438598,0.014778370239495582,1058.75
848,-1.171664643336255,-2.092021356836427,-2.012287607441421,0.9725868560304858,1.187573602451498,-0.1286761576737998,1060.0
849,-1.1716647014512707,-2.0920213999875066,-2.012287624600253,0.9725869156588445,1.1875736609459033,-0.2821306832190752,1061.25
850,-1.171664767701189,-2.0920214380623676,-2.0122876428041168,0.9725869711841296,1.1875737275425307,-0.44532356077637336,1062.5
851,-1.1716648400556022,-2.0920214625946176,-2.0122876606041613,0.9725870127296228,1.1875738001440272,-0.6055430123075046,1063.75
852,-1.1716649110103339,-2.092021473534706,-2.012287676458782,0.9725870387804694,1.187573871239823,-0.7557624638386771,1065.0
853,-1.1716649794225564,-2.0920214753057533,-2.01228769067399,0.9725870540680637,1.1875739397203147,-0.8959819153699238,1066.25
854,-1.1716650427276356,-2.0920214669470854,-2.01228770260774,0.9725870570177666,1.1875740030114077,-1.0262013669011683,1067.5
855,-1.1716651009938872,-2.092021451453351,-2.0122877126395258,0.9725870509966996,1.1875740612045835,-1.1464208184324978,1068.75
856,-1.1716651537535758,-2.0920214352129505,-2.0122877214533754,0.9725870430685436,1.1875741138810392,-1.2566402699638677,1070.0
857,-1.171665198067875,-2.0920214091612017,-2.0122877273415325,0.9725870225098656,1.1875741580296408,-1.356859721495244,1071.25
858,-1.1716652379604495,-2.092021385708925,-2.0122877326421578,0.9725870040025515,1.1875741977730514,-1.4470791730266352,1072.5
859,-1.1716652733852415,-2.0920213647914245,-2.0122877373379344,0.9725869874651917,1.1875742330646768,-1.527298624558039,1073.75
860,-1.1716652989350913,-2.0920213388133293,-2.0122877393953518,0.9725869633398776,1.1875742584344233,-1.5975180760894498,1075.0
861,-1.1716653208463699,-2.0920213165347916,-2.0122877411597706,0.9725869426502661,1.1875742801912466,-1.6577375276208721,1076.25
862,-1.1716653391190774,-2.0920212979558146,-2.012287742631189,0.9725869253963553,1.1875742983351476,-1.7079569791522267,1077.5
863,-1.1716653537532133,-2.092021283076395,-2.0122877438096087,0.9725869115781467,1.187574312866126,-1.7481764306835588,1078.75
864,-1.1716653647487774,-2.0920212718965336,-2.012287744695031,0.972586901195641,1.1875743237841812,-1.778395882214931,1080.0
865,-1.1716653721057697,-2.0920212644162306,-2.012287745287456,0.972586894248838,1.1875743310893134,-1.7986153337462865,1081.25
866,-1.171854366463411,-2.092352088268655,-2.011640240531281,0.9722700754319007,1.1877629719341873,-1.80936656632464,1082.5
867,-1.1734235366094032,-2.0950989183254944,-2.0062640694135485,0.9696395894001213,1.1893292070633934,-1.8120625363184173,1083.75
868,-1.1743784380205189,-2.0967704796832787,-2.0029924485226425,0.9680388296555046,1.1902823210391553,-1.8053761236455048,1085.0
869,-1.1743784322486597,-2.0967704832483176,-2.0029924497039313,0.9680388265601925,1.1902823121770978,-1.790545309140591,1086.25
870,-1.1743784225849991,-2.096770489217161,-2.0029924516817297,0.9680388213777987,1.1902822973396048,-1.7657144946356893,1087.5
871,-1.1743784090295368,-2.096770497589809,-2.0029924544560376,0.9680388141083233,1.1902822765266763,-1.7308836801307854,1088.75
872,-1.1743783915822725,-2.0967705083662627,-2.0029924580268554,0.9680388047517661,1.1902822497383123,-1.6860528656258937,1090.0
873,-1.1743783707977613,-2.0967705210864045,-2.0029924628649827,0.968038791634483,1.1902822216373365,-1.631222066701976,1091.25
874,-1.1743783465050492,-2.096770535892075,-2.002992468825286,0.9680387752724071,1.1902821907863395,-1.566391275072843,1092.5
875,-1.1743783162770915,-2.0967705539691046,-2.0029924704741395,0.9680387722227075,1.1902821572632305,-1.4915604909674252,1093.75
876,-1.1743782792143793,-2.0967705757234847,-2.0029924656612534,0.9680387889953431,1.190282121925764,-1.4067297158257626,1095.0
877,-1.1743782377925294,-2.0967706001181536,-2.002992460214815,0.9680388080684564,1.1902820825060305,-1.311898950258158,1096.25
878,-1.1743781904772157,-2.0967706227062655,-2.002992453298881,0.9680388240913333,1.190282036726649,-1.2070681915706756,1097.5
879,-1.1743781351707825,-2.096770637429013,-2.002992443739811,0.9680388298735417,1.190281981502797,-1.092237441399948,1098.75
880,-1.1743780750456212,-2.0967706534347053,-2.0029924333472895,0.9680388361615935,1.1902819214496776,-0.967406700480046,1100.0
881,-1.1743780097098657,-2.096770653427975,-2.0029924199473284,0.9680388234292558,1.1902818560575905,-0.8325759653733575,1101.25
882,-1.174377939487518,-2.0967706516284537,-2.002992405328312,0.9680388077286917,1.190281785760824,-0.6877452310384345,1102.5
883,-1.1743778693604012,-2.0967706305962404,-2.0029923883739227,0.9680387704997139,1.1902817154129655,-0.5329145026143149,1103.75
884,-1.1743777966002256,-2.0967706035213314,-2.0029923701397445,0.9680387259877884,1.1902816423833833,-0.3681760139492776,1105.0
885,-1.1743777352895293,-2.096770558066837,-2.0029923520028334,0.9680386631156723,1.1902815806694544,-0.20526605871284903,1106.25
886,-1.1743776825166652,-2.0967705105531143,-2.0029923353644357,0.9680385996002565,1.190281527484225,-0.05235610347636749,1107.5
887,-1.1743776434415,-2.096770455739197,-2.0029923206408746,0.9680385305753596,1.190281487950941,0.09055385176017355,1108.75
888,-1.1743776116792761,-2.0967704020713933,-2.002992307557128,0.9680384642595568,1.1902814557454202,0.2234638069967682,1110.0
889,-1.1743775934453817,-2.0967703458988813,-2.002992296940644,0.9680383977738622,1.1902814370596555,0.346373762233378,1111.25
890,-1.174377576695004,-2.096770294296591,-2.0029922871879142,0.9680383366974665,1.1902814198941718,0.45928371747003494,1112.5
891,-1.1743775737304925,-2.0967702439944027,-2.002992280421113,0.9680382797640612,1.190281416535802,0.5621936727067393,1113.75
892,-1.1743775726843635,-2.0967701981468405,-2.0029922745930846,0.9680382281951941,1.1902814151320307,0.6551036279434506,1115.0
893,-1.1743775717508302,-2.096770157233903,-2.00299226939233,0.9680381821767392,1.1902814138793485,0.7380135831801997,1116.25
894,-1.174377578225866,-2.0967701214425727,-2.002992266337762,0.9680381433399392,1.1902814200810743,0.8109235384169349,1117.5
895,-1.174377586199365,-2.0967700906213835,-2.002992264198988,0.9680381103634064,1.190281427821152,0.8738334936536796,1118.75
896,-1.1743775929054179,-2.0967700646994496,-2.0029922624001855,0.9680380826287351,1.1902814343308874,0.9267434488903841,1120.0
897,-1.1743775983440243,-2.096770043676771,-2.0029922609413555,0.9680380601359259,1.1902814396102808,0.9696534041270246,1121.25
898,-1.1743776025151846,-2.096770027553347,-2.0029922598225003,0.9680380428849792,1.1902814436593316,1.0025633593637053,1122.5
899,-1.1743776054188984,-2.0967700163291774,-2.0029922590436198,0.9680380308758952,1.1902814464780405,1.0254733146003983,1123.75
900,-1.1743888490802168,-2.096790007467607,-2.002953090650134,0.9680188457670278,1.1902926682826325,1.0384198424551125,1125.0
901,-1.1756436737677487,-2.0990221054659837,-1.9985811993786193,0.9658781762378692,1.1915450586848773,1.0436310185691207,1126.25
902,-1.1770109837434122,-2.101454300435975,-1.9938173982832759,0.9635456127279148,1.192909715901565,1.0390998255755404,1127.5
903,-1.177052632475223,-2.101528393034371,-1.99367228749914,0.9634745584699738,1.1929512830832119,1.026849617124489,1128.75
904,-1.1770526295156458,-2.101528400741058,-1.993672290934871,0.963474556996616,1.1929512787667558,1.0047327218159487,1130.0
905,-1.1770526252179159,-2.1015284119322697,-1.993672295924044,0.9634745548570897,1.1929512724986442,0.9726158265073903,1131.25
906,-1.1770526195820339,-2.1015284266080063,-1.9936723024666585,0.963474552051395,1.192951264278877,0.930498931198842,1132.5
907,-1.1770526122686529,-2.1015284449055955,-1.9936723104019762,0.963474548997893,1.1929512512378828,0.8783820425511457,1133.75
908,-1.1770526030170954,-2.1015284669305294,-1.993672319606522,0.9634745460179583,1.1929512311713262,0.8162651635475576,1135.0
909,-1.1770525944624837,-2.1015284943971153,-1.9936723290820693,0.9634745509365363,1.192951212268118,0.7441482875967009,1136.25
910,-1.1770525951730109,-2.10152853473548,-1.9936723340834663,0.9634745965879021,1.1929512117475283,0.6620314251188204,1137.5
911,-1.177052595976972,-2.101528580033027,-1.993672339652866,0.9634746479989389,1.1929512112221878,0.5699145687356537,1138.75
912,-1.1770525975172463,-2.101528630123681,-1.9936723458994199,0.9634747051166842,1.1929512114303065,0.4677977194869808,1140.0
913,-1.1770526140495858,-2.1015286809996376,-1.9936723555256777,0.9634747654243108,1.1929512284027468,0.35568088142055576,1141.25
914,-1.1770526320582793,-2.10152873641174,-1.9936723660121647,0.9634748311049631,1.1929512469041468,0.2335640509755343,1142.5
915,-1.177052662150107,-2.101528790119343,-1.9936723787849127,0.963474897196058,1.1929512774618414,0.10144722672781725,1143.75
916,-1.1770527007669636,-2.1015288442160616,-1.993672393364966,0.963474965364327,1.1929513165377217,-0.04066959509917371,1145.0
917,-1.1770527517165443,-2.1015288923624604,-1.993672409747997,0.9634750292729433,1.1929513679078185,-0.1927864127611236,1146.25
918,-1.1770528123497768,-2.1015289372466244,-1.9936724277198725,0.9634750914171645,1.192951428942657,-0.3549032240240473,1147.5
919,-1.1770528839589602,-2.1015289658709033,-1.9936724459498925,0.9634751374815923,1.1929515008349,-0.5202209030622695,1148.75
920,-1.1770529535776415,-2.1015289885024884,-1.9936724630348224,0.963475176441015,1.1929515706880125,-0.6758463445909463,1150.0
921,-1.1770530237472308,-2.1015289902817815,-1.993672477671728,0.9634751921378338,1.1929516409288645,-0.8214717861197042,1151.25
922,-1.1770530890934907,-2.1015289917271303,-1.9936724912765136,0.9634752065184764,1.1929517063398287,-0.957097227648502,1152.5
923,-1.1770531492262528,-2.1015289757480518,-1.9936725016698487,0.9634752003526263,1.1929517663963132,-1.0827226691773253,1153.75
924,-1.177053204572347,-2.1015289610409384,-1.9936725112358482,0.9634751946775844,1.1929518216722017,-1.198348110706186,1155.0
925,-1.1770532524967732,-2.1015289394982997,-1.9936725184372674,0.9634751798923374,1.192951869466725,-1.3039735522350724,1156.25
926,-1.1770532942569205,-2.10152891498893,-1.9936725240076647,0.9634751605783752,1.1929519110686562,-1.3995989937640194,1157.5
927,-1.1770533316500154,-2.1015288930426226,-1.9936725289955337,0.9634751432841617,1.1929519483200806,-1.4852244352929453,1158.75
928,-1.1770533620409176,-2.101528869967873,-1.9936725324060007,0.9634751233578663,1.19295197855474,-1.5608498768219015,1160.0
929,-1.177053385624358,-2.1015288460374744,-1.9936725343125856,0.9634751011432485,1.1929520019696649,-1.6264753183508642,1161.25
930,-1.1770534056141553,-2.1015288257535882,-1.9936725359286438,0.9634750823136918,1.1929520218166254,-1.682100759879776,1162.5
931,-1.1770534220103104,-2.101528809116216,-1.9936725372541746,0.9634750668691954,1.192952038095622,-1.7277262014086627,1163.75
932,-1.1770534348128223,-2.1015287961253555,-1.993672538289181,0.963475054809761,1.192952050806654,-1.7633516429375609,1165.0
933,-1.1770534440216913,-2.101528786781007,-1.9936725390336627,0.9634750461353894,1.1929520599497212,-1.7889770844664568,1166.25
934,-1.1770534496369174,-2.101528781083171,-1.9936725394876198,0.9634750408460799,1.1929520655248236,-1.8046025259953355,1167.5
935,-1.177854812949728,-2.1029772612391318,-1.9908334579169245,0.9620839045550231,1.1937518170587158,-1.8119068121944815,1168.75
936,-1.1794216263771666,-2.1058093239188347,-1.985282507584557,0.9593639699181628,1.1953154786850828,-1.8100349139132594,1170.0
937,-1.1796913269542213,-2.1062968250121132,-1.9843269922843652,0.9588957704248797,1.1955846346851742,-1.7999207157810135,1171.25
938,-1.1796913195001757,-2.106296829613523,-1.9843269938184784,0.9588957664537101,1.1955846231590825,-1.780541140997804,1172.5
939,-1.1796913081997886,-2.106296836589294,-1.9843269961442054,0.9588957604333881,1.1955846056854451,-1.7511615662145923,1173.75
940,-1.1796912930530605,-2.106296845939425,-1.9843269992615458,0.9588957523639139,1.195584582264261,-1.711781991431378,1175.0
941,-1.1796912741619021,-2.1062968575772296,-1.9843270032597415,0.9588957419283114,1.19558455376175,-1.6624024198179974,1176.25
942,-1.1796912521617613,-2.1062968709621797,-1.9843270086952494,0.9588957271501183,1.1955845255790996,-1.6030228682656298,1177.5
943,-1.1796912264566177,-2.106296886601264,-1.9843270150461403,0.958895709883157,1.1955844926502608,-1.5336433167132448,1178.75
944,-1.1796911926171338,-2.1062969064850843,-1.984327011591963,0.9588957222960292,1.195584459560782,-1.454263780133445,1180.0
945,-1.1796911540477237,-2.106296929104637,-1.984327006548659,0.9588957397675044,1.1955844228114598,-1.3648842476532315,1181.25
946,-1.1796911111738537,-2.106296954335769,-1.984327000869753,0.9588957595390855,1.1955843820425907,-1.26550472531952,1182.5
947,-1.1796910602175936,-2.1062969712715747,-1.9843269924577098,0.9588957685712033,1.1955843316630244,-1.1561252120349361,1183.75
948,-1.1796910034272827,-2.1062969863802783,-1.9843269826024863,0.9588957744640423,1.1955842749507517,-1.0367457063886796,1185.0
949,-1.1796909417261354,-2.106296996069263,-1.984326971075098,0.9588957732984458,1.1955842132719166,-0.9073662079001903,1186.25
950,-1.1796908749797541,-2.1062969943950463,-1.9843269571240085,0.9588957583587694,1.195584146453609,-0.7679867135687763,1187.5
951,-1.1796908052765926,-2.1062969855366465,-1.98432694167889,0.9588957347854821,1.1955840766202936,-0.6186072216739162,1188.75
952,-1.1796907346327035,-2.106296961720785,-1.9843269241968788,0.9588956942585976,1.1955840057296625,-0.45922773646993786,1190.0
953,-1.1796906674505263,-2.1062969253949206,-1.9843269058861868,0.9588956403835169,1.195583938204632,-0.2928844649588955,1191.25
954,-1.1796906085886683,-2.1062968818875314,-1.9843268884039165,0.9588955800851662,1.1955838789499613,-0.13452534677757355,1192.5
955,-1.1796905648951725,-2.1062968295190183,-1.9843268729533188,0.9588955128205884,1.1955838348060797,0.013833771403801393,1193.75
956,-1.1796905275325522,-2.1062967772481413,-1.9843268588184364,0.9588954469044523,1.1955837969990748,0.15219288958525767,1195.0
957,-1.1796905044535502,-2.1062967219622957,-1.984326847253413,0.9588953804034257,1.195583773463633,0.28055200776675315,1196.25
958,-1.1796904871132257,-2.1062966686725986,-1.9843268371160978,0.9588953172634858,1.1955837556873994,0.39891112594830247,1197.5
959,-1.1796904759612492,-2.1062966186305245,-1.9843268286533033,0.9588952589757455,1.1955837441303185,0.5072702441298347,1198.75
960,-1.1796904748692592,-2.1062965708075643,-1.9843268225355717,0.9588952051447819,1.1955837426590894,0.6056293623114134,1200.0
961,-1.1796904738882903,-2.1062965278466845,-1.984326817039812,0.9588951567867158,1.1955837413374382,0.6939884804930452,1201.25
962,-1.179690474975699,-2.1062964897969865,-1.9843268125751539,0.9588951143396696,1.195583742124726,0.77234759867466,1202.5
963,-1.179690483534351,-2.1062964567940137,-1.9843268102708933,0.9588950790129798,1.1955837504293543,0.8407067168562885,1203.75
964,-1.1796904908409895,-2.106296428618923,-1.9843268083037142,0.9588950488540995,1.19558375751913,0.8990658350379004,1205.0
965,-1.179690496895615,-2.1062964052717144,-1.984326806673613,0.9588950238630266,1.1955837633940523,0.9474249532194637,1206.25
966,-1.1796905016982275,-2.106296386752388,-1.9843268053805945,0.9588950040397637,1.1955837680541215,0.9857840714010424,1207.5
967,-1.1796905052488267,-2.1062963730609425,-1.9843268044246583,0.9588949893843105,1.1955837714993378,1.0141431895826185,1208.75
968,-1.1796905075474124,-2.1062963641973784,-1.9843268038058044,0.9588949798966673,1.1955837737297008,1.032502307764178,1210.0
969,-1.180079379455219,-2.1070105748581724,-1.9829259396488943,0.9582080786859853,1.1959718350098247,1.0418512197764644,1211.25
970,-1.1816561896554096,-2.1099066052950675,-1.9772456556580278,0.9554228202215166,1.197545358321233,1.0427151813189246,1212.5
971,-1.1822918935847269,-2.1110741686762373,-1.9749555999235695,0.9542999183831743,1.1981797366165239,1.0346576558200966,1213.75
972,-1.1822918913800178,-2.111074174387498,-1.9749556024916726,0.954299917288463,1.1981797333373692,1.0180344062279691,1215.0
973,-1.1822918878490287,-2.1110741835344653,-1.974955606604662,0.9542999155352094,1.1981797280855828,0.9914111566358376,1216.25
974,-1.1822918829917588,-2.111074196117139,-1.9749556122625376,0.9542999131234136,1.1981797208611646,0.9547879070437159,1217.5
975,-1.1822918768082087,-2.1110742121355193,-1.9749556194652997,0.9542999100530752,1.1981797116641149,0.9081646574516045,1218.75
976,-1.1822918685703319,-2.1110742318965383,-1.9749556278542684,0.954299907274232,1.1981796942708554,0.8515414222199686,1220.0
977,-1.1822918587485718,-2.111074255201865,-1.9749556376612127,0.9542999041729954,1.1981796727028917,0.7849181893355531,1221.25
978,-1.1822918551979693,-2.111074288673532,-1.974955644628416,0.9542999301492312,1.198179663663402,0.7082949669237938,1222.5
979,-1.1822918559389004,-2.111074330607215,-1.9749556498579057,0.9542999776521243,1.1981796631228476,0.6216717505152768,1223.75
980,-1.182291856779152,-2.111074377473465,-1.9749556556099477,0.9543000310313928,1.198179662638303,0.5250485459762915,1225.0
981,-1.1822918650914602,-2.1110744271467734,-1.9749556633357743,0.9543000887687468,1.1981796704444054,0.41842534813552734,1226.25
982,-1.1822918820760158,-2.1110744792865903,-1.9749556732669353,0.9543001506392941,1.1981796878916326,0.30180215846265457,1227.5
983,-1.1822919019391143,-2.1110745350611,-1.9749556842431917,0.9543002171459927,1.198179708260675,0.17517897686372094,1228.75
984,-1.1822919386061246,-2.1110745862899294,-1.97495569814436,0.9543002817939243,1.198179745369969,0.03855580109748989,1230.0
985,-1.1822919788884079,-2.1110746403248486,-1.974955713138736,0.9543003502976998,1.1981797861195953,-0.10806737401228188,1231.25
986,-1.182292036747149,-2.1110746830268736,-1.9749557303590917,0.9543004095399843,1.198179844367177,-0.26469054210531107,1232.5
987,-1.1822921012987186,-2.1110747225121878,-1.9749557485630806,0.9543004664872521,1.1981799092875252,-0.4305557751879949,1233.75
988,-1.1822921722743325,-2.111074746394298,-1.9749557661639625,0.954300507194388,1.1981799805129139,-0.5916728318507432,1235.0
989,-1.1822922414212376,-2.111074758870437,-1.9749557819773673,0.954300534750122,1.1981800498170965,-0.7427898885135465,1236.25
990,-1.182292308584729,-2.11107476053646,-1.974955796045029,0.954300549792411,1.198180117049991,-0.8839069451763844,1237.5
991,-1.1822923708024515,-2.1110747539273493,-1.97495580806894,0.9543005545833929,1.198180179266984,-1.0150240018392764,1238.75
992,-1.1822924280669842,-2.111074738718334,-1.9749558180074214,0.9543005487573594,1.1981802364580578,-1.1361410585022078,1240.0
993,-1.1822924803543922,-2.1110747240004657,-1.9749558269793972,0.9543005425059466,1.1981802886717658,-1.2472581151652076,1241.25
994,-1.182292523972329,-2.111074698440251,-1.9749558328217367,0.9543005223935215,1.1981803321222828,-1.3483751718281973,1242.5
995,-1.182292563276659,-2.111074675407823,-1.974955838086292,0.9543005042701178,1.1981803712757497,-1.4394922284912155,1243.75
996,-1.1822925982673813,-2.11107465490318,-1.9749558427730651,0.9543004881357369,1.1981804061321661,-1.5206092851542428,1245.0
997,-1.1822926239884741,-2.1110746300019994,-1.9749558450031914,0.9543004652521112,1.198180431676143,-1.5917263418172976,1246.25
998,-1.1822926456833174,-2.1110746080300884,-1.9749558467644788,0.9543004448641709,1.1981804532138698,-1.652843398480333,1247.5
999,-1.1822926638284414,-2.1110745896532324,-1.974955848237581,0.9543004278121129,1.1981804712275852,-1.703960455143306,1248.75
1000,-1.1822926784238459,-2.1110745748714304,-1.9749558494225,0.9543004140959384,1.198180485717288,-1.745077511806251,1250.0
1001,-1.1822926894695298,-2.111074563684682,-1.9749558503192373,0.9543004037156483,1.1981804966829783,-1.77619456846925,1251.25
1002,-1.182292696965494,-2.111074556092987,-1.9749558509277925,0.9543003966712424,1.1981805041246558,-1.797311625132218,1252.5
1003,-1.182392050337574,-2.1112599538248067,-1.974591954599462,0.9541218377435238,1.1982796429152893,-1.808745186821445,1253.75
1004,-1.1838026424206929,-2.113892342440818,-1.9694252428479557,0.9515866584188277,1.19968718869538,-1.8123727342259177,1255.0
1005,-1.1848584361351655,-2.1158626294296248,-1.9655580738652543,0.9496891325515726,1.2007407010732787,-1.8064007808085005,1256.25
1006,-1.1848584308717633,-2.1158626326770897,-1.9655580749544972,0.9496891297666733,1.2007406928764495,-1.7925566279729022,1257.5
1007,-1.1848584218064655,-2.1158626382702854,-1.9655580768305292,0.9496891249701671,1.2007406787588326,-1.7687124751373016,1258.75
1008,-1.1848584089392724,-2.1158626462092114,-1.9655580794933498,0.949689118162054,1.2007406587204277,-1.734868322301713,1260.0
1009,-1.1848583922701836,-2.1158626564938676,-1.9655580829429602,0.9496891093423341,1.2007406327612349,-1.6910241694661365,1261.25
1010,-1.1848583722479464,-2.115862668732823,-1.965558087584816,0.9496890970726712,1.2007406047366551,-1.6371800301697912,1262.5
1011,-1.1848583488565267,-2.115862682940063,-1.9655580934044314,0.9496890814044527,1.2007405745089428,-1.573335900548519,1263.75
1012,-1.1848583201594316,-2.115862700107753,-1.965558096111761,0.9496890752475117,1.2007405413840762,-1.4994917767852667,1265.0
1013,-1.1848582844146283,-2.1158627210159033,-1.9655580914374378,0.949689091297423,1.200740507311637,-1.4156476635167878,1266.25
1014,-1.1848582444152278,-2.1158627444811415,-1.965558086149057,0.9496891095329232,1.2007404692501387,-1.3218035586431436,1267.5
1015,-1.1848581991387064,-2.115862767556997,-1.965558079676928,0.9496891264257241,1.2007404256822414,-1.217959460786165,1268.75
1016,-1.1848581456429206,-2.1158627817828557,-1.9655580703541546,0.9496891319327799,1.200740372269993,-1.1041153720779717,1270.0
1017,-1.1848580874458117,-2.1158627972591653,-1.9655580602114313,0.9496891379260959,1.200740314146358,-0.9802712927298398,1271.25
1018,-1.1848580242087676,-2.1158627990646677,-1.9655580473492216,0.9496891275337622,1.2007402508671174,-0.8464272190577413,1272.5
1019,-1.184857956164665,-2.115862797396074,-1.9655580330664966,0.9496891122840214,1.2007401827484538,-0.7025831468269251,1273.75
1020,-1.1848578876625875,-2.1158627791763926,-1.965558016636135,0.9496890783739517,1.2007401140411729,-0.5487390798739462,1275.0
1021,-1.1848578159265268,-2.1158627550843585,-1.9655579988083847,0.9496890372393418,1.200740042050813,-0.38489501909675045,1276.25
1022,-1.1848577557235234,-2.1158627107905583,-1.9655579808607038,0.9496889757057508,1.2007399814407937,-0.22100262054301686,1277.5
1023,-1.184857702411833,-2.115862665923135,-1.9655579642674297,0.9496889148833578,1.2007399277232986,-0.06711016340264855,1278.75
1024,-1.1848576640309412,-2.115862612368951,-1.9655579496853661,0.9496888472497358,1.200739888879375,0.0767822937377673,1280.0
1025,-1.184857631240923,-2.1158625608246497,-1.9655579365091347,0.9496887829703559,1.2007398556472093,0.21067475087820847,1281.25
1026,-1.1848576133133801,-2.1158625058610414,-1.9655579259833147,0.9496887177764263,1.2007398372625835,0.33456720801872986,1282.5
1027,-1.1848575968328623,-2.115862455333835,-1.9655579163070793,0.9496886578446322,1.2007398203618762,0.44845966515927954,1283.75
1028,-1.1848575925043177,-2.1158624064004705,-1.9655579093423432,0.949688602090188,1.2007398156362277,0.5523521222998667,1285.0
1029,-1.1848575914763115,-2.1158623614113283,-1.9655579035495787,0.9496885514100556,1.20073981424562,0.6462445794404552,1286.25
1030,-1.1848575905577934,-2.1158623212137497,-1.965557898373767,0.9496885061276004,1.2007398130031188,0.7301370365810684,1287.5
1031,-1.1848575959573369,-2.115862285959998,-1.9655578951181325,0.9496884676342592,1.2007398181237696,0.8040294937216937,1288.75
1032,-1.1848576038603191,-2.1158622555565185,-1.9655578929819613,0.9496884350751172,1.2007398257889732,0.8679219508623164,1290.0
1033,-1.1848576105263817,-2.115862229911579,-1.9655578911801268,0.9496884076119037,1.200739832254473,0.9218144080029093,1291.25
1034,-1.1848576159555253,-2.1158622090251806,-1.9655578897126296,0.9496883852446181,1.2007398375202687,0.9657068651434559,1292.5
1035,-1.1848576201477492,-2.1158621928973216,-1.9655578885794713,0.9496883679732617,1.2007398415863604,0.9995993222840142,1293.75
1036,-1.1848576231030536,-2.115862181528002,-1.9655578877806528,0.9496883557978347,1.2007398444527482,1.0234917794245981,1295.0
1037,-1.1848576248214386,-2.1158621749172215,-1.9655578873161732,0.9496883487183368,1.2007398461194319,1.0373842365651513,1296.25
1038,-1.1858895721688492,-2.117818839670869,-1.9617148733190384,0.947801403760495,1.201769485398997,1.04339886125444,1297.5
1039,-1.1872854533276653,-2.1204655634502005,-1.9565165503027573,0.945248996684863,1.2031622442890382,1.0398294901332261,1298.75
1040,-1.1873883263416476,-2.1206606270324313,-1.9561334429255142,0.9450608871593816,1.203264886441737,1.028449744668555,1300.0
1041,-1.187388323574739,-2.1206606341632668,-1.9561334461599422,0.945060885789886,1.203264882245375,1.007402939768064,1301.25
1042,-1.1873883194931847,-2.120660644682187,-1.9561334509311492,0.9450608837696999,1.2032648760551898,0.9763561348675547,1302.5
1043,-1.1873883140969852,-2.120660658589192,-1.9561334572391351,0.9450608810988235,1.203264867871181,0.935309329967084,1303.75
1044,-1.1873883071484626,-2.1206606759886273,-1.9561334649620883,0.9450608781050185,1.2032648556396663,0.8842625298210197,1305.0
1045,-1.1873882982392843,-2.120660697059758,-1.9561334738907368,0.9450608753513827,1.2032648358324058,0.8232157406583397,1306.25
1046,-1.1873882887527516,-2.120660722336563,-1.9561334837883992,0.9450608754953781,1.2032648145990543,0.7521689527802882,1307.5
1047,-1.187388289438155,-2.120660761008306,-1.9561334886399804,0.9450609193467695,1.2032648141013593,0.6711221800312334,1308.75
1048,-1.1873882902135016,-2.120660804486596,-1.9561334940588322,0.9450609687590364,1.2032648135889552,0.5800754120653333,1310.0
1049,-1.1873882910835558,-2.1206608528024726,-1.9561335000171667,0.9450610238653777,1.2032648131032417,0.47902865211984186,1311.25
1050,-1.187388306145059,-2.120660901980203,-1.9561335092264693,0.9450610821334328,1.2032648284855425,0.3679819031768896,1312.5
1051,-1.1873883235589495,-2.1206609553087183,-1.9561335194541707,0.9450611454818644,1.2032648463880107,0.24693516155308398,1313.75
1052,-1.1873883509954375,-2.120661008006886,-1.9561335316921062,0.9450612100667082,1.2032648742998924,0.11588842652938847,1315.0
1053,-1.1873883883883394,-2.1206610601136884,-1.9561335459307936,0.9450612759204973,1.2032649121500405,-0.02515830535692067,1316.25
1054,-1.1873884361463996,-2.1206611081164493,-1.9561335618078182,0.9450613392109377,1.2032649603393963,-0.17620503374277383,1317.5
1055,-1.1873884949157223,-2.1206611513621247,-1.9561335793757622,0.9450613993327124,1.2032650195093733,-0.33725175563160387,1318.75
1056,-1.1873885637878818,-2.1206611813588387,-1.9561335973897624,0.9450614465743562,1.2032650886834997,-0.5031466370834082,1320.0
1057,-1.1873886319754474,-2.1206612042154074,-1.9561336143732195,0.9450614856667512,1.2032651571146056,-0.6598380954592079,1321.25
1058,-1.1873887005849857,-2.120661207269134,-1.956133628979774,0.9450615026148816,1.2032652258075427,-0.8065295538350921,1322.5
1059,-1.1873887648526202,-2.1206612088265007,-1.9561336424997842,0.9450615170277967,1.2032652901427365,-0.943221012210983,1323.75
1060,-1.1873888240651143,-2.1206611948080645,-1.9561336530332296,0.945061512961688,1.203265349292224,-1.0699124705869285,1325.0
1061,-1.1873888785682238,-2.1206611803375823,-1.9561336625338983,0.9450615074601257,1.2032654037246377,-1.186603928962934,1326.25
1062,-1.1873889262729507,-2.1206611605916468,-1.9561336699683758,0.945061494697486,1.2032654513100984,-1.2932953873389224,1327.5
1063,-1.1873889674766016,-2.1206611364806918,-1.956133675511611,0.9450614757542624,1.2032654923535466,-1.3899868457149671,1328.75
1064,-1.187389004418901,-2.1206611148633367,-1.9561336804815492,0.9450614587701766,1.2032655291522112,-1.4766783040910272,1330.0
1065,-1.187389035103863,-2.1206610929581515,-1.9561336841181811,0.945061440229923,1.2032655596858572,-1.5533697624670806,1331.25
1066,-1.1873890584910496,-2.120661069315274,-1.9561336860253364,0.9450614183010906,1.2032655829014063,-1.6200612208431633,1332.5
1067,-1.1873890783714625,-2.12066104921751,-1.9561336876465243,0.9450613996603597,1.2032656026359176,-1.6767526792192076,1333.75
1068,-1.1873890947451022,-2.120661032664861,-1.9561336889817422,0.9450613843077291,1.203265618889392,-1.7234441375952134,1335.0
1069,-1.1873891076119678,-2.120661019657325,-1.9561336900309938,0.9450613722432011,1.2032656316618284,-1.7601355959712168,1336.25
1070,-1.1873891169720594,-2.120661010194901,-1.9561336907942792,0.9450613634667755,1.2032656409532265,-1.7868270543472458,1337.5
1071,-1.1873891228253768,-2.120661004277591,-1.9561336912715988,0.9450613579784527,1.203265646763587,-1.8035185127232578,1338.75
1072,-1.1879860663077841,-2.1218109799630787,-1.9538735757493317,0.94395089103014,1.2038612079534263,-1.811639230170505,1340.0
1073,-1.189498479659652,-2.124724575100338,-1.9481473281931203,0.94113740904685,1.2053701188107582,-1.810875882151226,1341.25
1074,-1.1898855927331105,-2.125470339407478,-1.9466816417620365,0.9404172701049157,1.2057563335002408,-1.8016174949539503,1342.5
1075,-1.189885585882502,-2.125470343632215,-1.9466816431875744,0.9404172665056032,1.2057563227548722,-1.7833902650952607,1343.75
1076,-1.189885575273446,-2.1254703501747683,-1.9466816453952052,0.9404172609316008,1.2057563061142753,-1.7551630352365686,1345.0
1077,-1.1898855609059424,-2.125470359035138,-1.9466816483849279,0.9404172533829087,1.2057562835784497,-1.716935805377903,1346.25
1078,-1.1898855427940944,-2.1254703702007065,-1.9466816521698949,0.9404172438129496,1.2057562552698544,-1.66870857601513,1347.5
1079,-1.189885521695099,-2.125470382994023,-1.9466816574562191,0.9404172297209442,1.2057562277634486,-1.6104813689771706,1348.75
1080,-1.1898854969725408,-2.125470397984477,-1.9466816636504218,0.9404172132087631,1.2057561955330642,-1.5422541619392225,1350.0
1081,-1.1898854649228467,-2.1254704168257406,-1.9466816615599831,0.9404172213616242,1.2057561630427878,-1.4640269678621427,1351.25
1082,-1.1898854277617195,-2.1254704385373744,-1.946681656673988,0.9404172380199034,1.2057561276335385,-1.375799778276695,1352.5
1083,-1.1898853864010355,-2.125470462798942,-1.9466816511538862,0.9404172569481137,1.2057560883194665,-1.2775726004031345,1353.75
1084,-1.1898853377215273,-2.1254704806318427,-1.9466816432665164,0.9404172673418414,1.2057560404476684,-1.1693454302293813,1355.0
1085,-1.1898852828354753,-2.125470495223494,-1.946681633658023,0.9404172729489472,1.2057559856418458,-1.0511182679282227,1356.25
1086,-1.1898852232044763,-2.12547050662621,-1.9466816226689159,0.9404172740264101,1.205755926050131,-0.9228911132086622,1357.5
1087,-1.1898851586068877,-2.1254705050799663,-1.9466816090485064,0.9404172595292419,1.205755861380599,-0.7846639634096546,1358.75
1088,-1.189885090508999,-2.1254704989196465,-1.9466815941245021,0.9404172391591396,1.2057557931706222,-0.6364368153657612,1360.0
1089,-1.1898850220694068,-2.125470476022423,-1.9466815770394703,0.9404171999283323,1.2057557244848012,-0.4782096741189802,1361.25
1090,-1.189884955201061,-2.1254704431018716,-1.9466815590294129,0.9404171497530264,1.2057556572897021,-0.31188343263511314,1362.5
1091,-1.1898848973457974,-2.1254704005913747,-1.9466815416953094,0.9404170905899867,1.2057555990371078,-0.1523761482490194,1363.75
1092,-1.1898848526505321,-2.125470351117368,-1.9466815262271275,0.9404170262075098,1.2057555538989981,-0.0028688638628867093,1365.0
1093,-1.189884815890413,-2.1254702999571844,-1.9466815121977967,0.9404169614992232,1.2057555166891194,0.13663842052330136,1366.25
1094,-1.1898847913497812,-2.1254702468595057,-1.9466815004664886,0.9404168970292914,1.2057554916934619,0.2661457049095428,1367.5
1095,-1.18988477426745,-2.1254701946085217,-1.9466814903911953,0.9404168349834502,1.2057554741694694,0.38565298929583725,1368.75
1096,-1.1898847616424206,-2.1254701459259415,-1.9466814816879823,0.940416777824999,1.2057554611357866,0.4951602736821429,1370.0
1097,-1.18988476056779,-2.125470098928799,-1.9466814755961113,0.9404167248408282,1.2057554596762594,0.5946675580684798,1371.25
1098,-1.1898847596011546,-2.1254700566546445,-1.9466814701164379,0.9404166771813076,1.205755458363408,0.6841748424548506,1372.5
1099,-1.1898847595188167,-2.1254700191220617,-1.9466814654126514,0.9404166350206645,1.2057554579743575,0.7636821268412328,1373.75
1100,-1.1898847680136875,-2.125469986515225,-1.9466814631068123,0.9404166000854179,1.205755466210175,0.8331894112275908,1375.0
1101,-1.1898847752864028,-2.125469958599528,-1.9466814611327135,0.9404165701762988,1.205755473261107,0.8926966956139606,1376.25
1102,-1.1898847813369628,-2.1254699353749724,-1.9466814594903523,0.9404165452933058,1.2057554791271536,0.9422039800002671,1377.5
1103,-1.1898847861653672,-2.125469916841556,-1.9466814581797318,0.94041652543644,1.2057554838083147,0.9817112643866032,1378.75
1104,-1.1898847897716163,-2.1254699029992787,-1.9466814572008528,0.9404165106057021,1.2057554873045901,1.0112185487729224,1380.0
1105,-1.1898847921557096,-2.1254698938481402,-1.9466814565537154,0.9404165008010918,1.2057554896159801,1.0307258331592248,1381.25
1106,-1.1901198418332672,-2.125929935014944,-1.9457767194215807,0.9399716828430004,1.205989975936996,1.0409408462046732,1382.5
1107,-1.1915705408869712,-2.1287692983145092,-1.9401927612781575,0.937226334854639,1.2074371981976415,1.0429943326787967,1383.75
1108,-1.1923476128046642,-2.1302902180172194,-1.9372016919720831,0.9357557780131572,1.2082124072691955,1.0358376252462709,1385.0
1109,-1.192347610798962,-2.1302902231598724,-1.9372016943254884,0.9357557770237623,1.2082124041677178,1.0204475583335997,1386.25
1110,-1.1923476074900152,-2.1302902316440653,-1.9372016982080646,0.9357557753914885,1.2082123990509936,0.9950574914209243,1387.5
1111,-1.192347602877824,-2.130290243469798,-1.937201703619813,0.9357557731163358,1.208212391919023,0.9596674245082731,1388.75
1112,-1.1923475969623878,-2.1302902586370713,-1.9372017105607324,0.9357557701983042,1.2082123827718059,0.9142773575956321,1390.0
1113,-1.192347589152644,-2.130290277416004,-1.9372017187156487,0.9357557674974879,1.208212366447576,0.8588873003930428,1391.25
1114,-1.1923475797043648,-2.1302902996897073,-1.9372017282209482,0.9357557646416947,1.208212345180002,0.7934972466638199,1392.5
1115,-1.1923475748798507,-2.1302903305221137,-1.9372017357660551,0.9357557842824645,1.2082123333330328,0.7181072013142278,1393.75
1116,-1.1923475755939328,-2.1302903706899325,-1.9372017408363476,0.9357558298769113,1.208212332817082,0.6327171639235541,1395.0
1117,-1.1923475764036078,-2.1302904156382287,-1.93720174643125,0.9357558811394522,1.2082123323458873,0.5373271369225159,1396.25
1118,-1.1923475826811605,-2.1302904638216384,-1.9372017536166173,0.9357559369830385,1.2082123379227512,0.4319371167648195,1397.5
1119,-1.1923475990789774,-2.1302905139279824,-1.937201763292141,0.9357559965743005,1.2082123547783954,0.3165471050153378,1398.75
1120,-1.192347616899807,-2.1302905683747935,-1.9372017738081129,0.9357560613228635,1.208212373111689,0.1911571020039797,1400.0
1121,-1.1923476518154603,-2.1302906179812817,-1.9372017872992244,0.9357561239624508,1.2082124084710137,0.05576710522496357,1401.25
1122,-1.1923476898949263,-2.130290670908885,-1.937201801866663,0.9357561909565354,1.2082124470224658,-0.08962289105668139,1402.5
1123,-1.1923477449936475,-2.1302907129446926,-1.937201818615333,0.9357562490878556,1.2082125025156403,-0.24501288095421642,1403.75
1124,-1.1923478063135005,-2.130290753538069,-1.9372018364795816,0.9357563068310417,1.20821256422331,-0.4101712395940033,1405.0
1125,-1.1923478761123991,-2.1302907768452712,-1.9372018539447633,0.9357563468356258,1.2082126342751796,-0.5725173742616313,1406.25
1126,-1.1923479435024649,-2.1302907914679823,-1.937201869819829,0.9357563766076946,1.2082127018445958,-0.7248635089293568,1407.5
1127,-1.1923480096247965,-2.1302907930309383,-1.937201883794359,0.9357563914584222,1.2082127680376251,-0.8672096435971184,1408.75
1128,-1.1923480709683112,-2.13029078864252,-1.9372018960273691,0.9357563986774435,1.2082128293986492,-0.999555778264948,1410.0
1129,-1.1923481274266987,-2.1302907736557914,-1.9372019059144614,0.9357563930237198,1.2082128857829977,-1.121901912932803,1411.25
1130,-1.1923481792704442,-2.1302907598940113,-1.9372019149934225,0.935756387832102,1.208212937558756,-1.2342480476007083,1412.5
1131,-1.1923482226496123,-2.1302907355946696,-1.9372019209881879,0.9357563691270996,1.2082129807757578,-1.3365941822686422,1413.75
1132,-1.1923482615297019,-2.130290712873353,-1.937201926243147,0.9357563513037117,1.2082130195027412,-1.4289403169365684,1415.0
1133,-1.1923482961995362,-2.130290692612489,-1.9372019309290527,0.9357563354103854,1.208213054036049,-1.511286451604522,1416.25
1134,-1.1923483224365452,-2.1302906689429437,-1.9372019334306136,0.9357563140179677,1.2082130801010873,-1.5836325862724852,1417.5
1135,-1.192348344038089,-2.130290647142834,-1.9372019352004661,0.9357562938075042,1.2082131015420017,-1.6459787209404466,1418.75
1136,-1.1923483621748565,-2.1302906288393504,-1.9372019366864415,0.9357562768386946,1.2082131195439034,-1.6983248556083632,1420.0
1137,-1.1923483768468475,-2.1302906140324933,-1.9372019378885401,0.9357562631115389,1.208213134106793,-1.740670990276234,1421.25
1138,-1.1923483880540617,-2.130290602722262,-1.9372019388067643,0.9357562526260381,1.2082131452306697,-1.7730171249441447,1422.5
1139,-1.1923483957964989,-2.1302905949086557,-1.9372019394411142,0.9357562453821924,1.2082131529155336,-1.7953632596120381,1423.75
1140,-1.1923760527863232,-2.130345577008937,-1.9370937335543694,0.9357030080001012,1.2082407413033371,-1.8078092580984415,1425.0
1141,-1.1935807845797581,-2.1327411421098765,-1.9323795674973678,0.9333838162833114,1.2094424857319457,-1.8126082428723478,1426.25
1142,-1.19475804350641,-2.135082088080152,-1.92777289061834,0.9311175056109962,1.210616824351301,-1.8076592017419904,1427.5
1143,-1.1947783264443292,-2.1351224322461433,-1.927693505169644,0.9310784480685903,1.2106370542657219,-1.7950533422887347,1428.75
1144,-1.1947783180717921,-2.13512243740698,-1.9276935069216097,0.9310784437006825,1.2106370410378287,-1.7725221711934886,1430.0
1145,-1.1947783059832755,-2.135122444858349,-1.9276935094511498,0.9310784373941682,1.2106370219390055,-1.7399910000982548,1431.25
1146,-1.1947782901787796,-2.135122454600249,-1.9276935127582642,0.9310784291490471,1.2106369969692525,-1.6974598290030185,1432.5
1147,-1.1947782709864794,-2.135122466331464,-1.9276935171589005,0.931078417848641,1.210636969008364,-1.6449286677073678,1433.75
1148,-1.194778248574226,-2.1351224798979302,-1.927693522814657,0.9310784029218001,1.2106369395292704,-1.58239751828308,1435.0
1149,-1.1947782215860447,-2.1351224960760478,-1.9276935268813205,0.9310783928868445,1.210636906619226,-1.5098663725363617,1436.25
1150,-1.1947781872357226,-2.1351225161078373,-1.9276935223535254,0.9310784081932113,1.2106368738836593,-1.4273352392771275,1437.5
1151,-1.1947781487302427,-2.13512253861552,-1.9276935172327114,0.9310784255633668,1.210636837243055,-1.3348041127853714,1438.75
1152,-1.1947781056799784,-2.135122562488028,-1.9276935112874563,0.9310784437019709,1.2106367961294406,-1.23227299350639,1440.0
1153,-1.1947780540629969,-2.1351225762088872,-1.9276935022084651,0.9310784489326521,1.210636744595782,-1.1197418849041745,1441.25
1154,-1.1947779978572302,-2.1351225911498135,-1.9276934923217444,0.9310784546305064,1.2106366884660895,-0.9972107844082359,1442.5
1155,-1.1947779367873659,-2.135122595214196,-1.9276934800663539,0.9310784470954064,1.2106366273732525,-0.8646796900734235,1443.75
1156,-1.1947778709744676,-2.135122593678701,-1.9276934661238418,0.9310784323023413,1.2106365614858434,-0.722148598047186,1445.0
1157,-1.1947778040028676,-2.1351225787893506,-1.9276934502602323,0.9310784022724814,1.210636494330128,-0.5696175104809068,1446.25
1158,-1.1947777345425754,-2.1351225556397573,-1.9276934328380526,0.9310783624659467,1.2106364246162817,-0.40708642920594573,1447.5
1159,-1.1947776738538458,-2.135122515010615,-1.9276934150505969,0.9310783047581226,1.2106363635366584,-0.24206344332012383,1448.75
1160,-1.1947776194270892,-2.1351224730598983,-1.9276933984051965,0.9310782468084918,1.2106363087135728,-0.08686221508320356,1450.0
1161,-1.1947775816256714,-2.1351224205841346,-1.9276933839097765,0.9310781803321352,1.2106362704431763,0.058339013153778235,1451.25
1162,-1.1947775472575668,-2.1351223712376766,-1.927693370525089,0.9310781180540894,1.2106362356351017,0.1935402413907711,1452.5
1163,-1.194777529577094,-2.1351223172796074,-1.9276933600469193,0.9310780539070379,1.2106362174911418,0.3187414696278427,1453.75
1164,-1.1947775133087863,-2.1351222676312505,-1.9276933504056482,0.9310779948835002,1.210636200796366,0.43394269786492656,1455.0
1165,-1.194777507196497,-2.1351222199716835,-1.9276933431362178,0.9310779401114232,1.2106361942830997,0.53914392610205,1456.25
1166,-1.194777506182205,-2.1351221756434784,-1.9276933373507206,0.9310778900952605,1.2106361928999902,0.6343451543392155,1457.5
1167,-1.1947775052744551,-2.1351221359715407,-1.9276933321729306,0.9310778453328264,1.2106361916621637,0.7195463825763618,1458.75
1168,-1.1947775093326292,-2.1351221010692574,-1.9276933286323266,0.9310778069163983,1.2106361954342417,0.7947476108135507,1460.0
1169,-1.19477751720706,-2.135122070909803,-1.9276933264853486,0.931077774587558,1.210636203065318,0.8599488390507346,1461.25
1170,-1.1947775238737794,-2.135122045375945,-1.9276933246676542,0.9310777472170348,1.210636209526006,0.9151500672878605,1462.5
1171,-1.1947775293327867,-2.135122024467685,-1.9276933231792421,0.9310777248048282,1.2106362148163052,0.960351295524968,1463.75
1172,-1.1947775335840816,-2.1351220081850206,-1.9276933220201156,0.9310777073509395,1.2106362189362165,0.9955525237620728,1465.0
1173,-1.1947775366276645,-2.1351219965279515,-1.927693321190275,0.9310776948553691,1.2106362218857392,1.0207537519991892,1466.25
1174,-1.1947775384635353,-2.1351219894964784,-1.9276933206897202,0.9310776873181168,1.2106362236648733,1.0359549802363315,1467.5
1175,-1.1955544793734005,-2.13669151178985,-1.9246027764039415,0.9295563063190556,1.211411171798463,1.0429713806647898,1468.75
1176,-1.1969592051690947,-2.1395292519290976,-1.9190149997297834,0.9268056192795281,1.212812294459852,1.0407424299345989,1470.0
1177,-1.1971751282288168,-2.1399654522445064,-1.9181560883847677,0.9263828028413843,1.213027662931935,1.0304054492526686,1471.25
1178,-1.1971751256892051,-2.139965458722826,-1.918156091376523,0.9263828015926128,1.2130276589283109,1.0107501543946018,1472.5
1179,-1.1971751218575186,-2.139965468497112,-1.91815609589039,0.926382799708505,1.2130276528877681,0.9810948595365305,1473.75
1180,-1.1971751167337568,-2.1399654815673643,-1.9181561019263682,0.9263827971890615,1.2130276448103063,0.9414395646784839,1475.0
1181,-1.1971751101965509,-2.1399654979913,-1.9181561094171136,0.9263827942203819,1.2130276336247816,0.8917842712041777,1476.25
1182,-1.1971751016613623,-2.139965518046901,-1.918156118038278,0.926382791698767,1.2130276141723264,0.8321289848329325,1477.5
1183,-1.1971750916954218,-2.139965541464417,-1.9181561281046062,0.9263827887544543,1.213027591459061,0.7624736984616832,1478.75
1184,-1.1971750916372184,-2.139965577806736,-1.9181561332033614,0.9263828280399304,1.213027589468853,0.6828184273603772,1480.0
1185,-1.1971750923820723,-2.139965619413213,-1.9181561384665176,0.926382875383821,1.213027588965722,0.59316316027074,1481.25
1186,-1.1971750932216694,-2.139965665733478,-1.9181561442498825,0.9263829283228838,1.2130275885101494,0.4935079030577778,1482.5
1187,-1.1971751057969147,-2.139965713458407,-1.9181561528398596,0.9263829846741596,1.2130276011573906,0.38385265521702905,1483.75
1188,-1.1971751225978438,-2.139965764677748,-1.9181561628024268,0.9263830456583527,1.2130276184410043,0.26419741498091787,1485.0
1189,-1.1971751469583052,-2.139965816575441,-1.918156174441664,0.9263831088878808,1.2130276432886589,0.13454218185142447,1486.25
1190,-1.1971751830991786,-2.139965866681978,-1.918156188334957,0.9263831724125748,1.2130276798839041,-0.005113047229044501,1487.5
1191,-1.1971752272561096,-2.1399659149072345,-1.9181562036699082,0.9263832354183366,1.2130277244855,-0.15476827365522802,1488.75
1192,-1.197175284130552,-2.1399659565145344,-1.9181562208333496,0.9263832935169505,1.213027781758782,-0.3144234934502341,1490.0
1193,-1.1971753499946869,-2.1399659884052005,-1.918156238653809,0.9263833424815353,1.2130278479485637,-0.4808033643447493,1491.25
1194,-1.1971754172054219,-2.1399660107618343,-1.9181562555533334,0.9263833809957783,1.2130279154064434,-0.6390124537277189,1492.5
1195,-1.1971754841646762,-2.1399660164137173,-1.9181562702924058,0.9263834006799636,1.2130279824728856,-0.787221543110744,1493.75
1196,-1.1971755476019195,-2.1399660178740034,-1.9181562837648272,0.9263834149506609,1.2130280459791032,-0.925430632493857,1495.0
1197,-1.197175606154646,-2.139966006361217,-1.9181562945771753,0.9263834136642324,1.2130281044879145,-1.0536397218770104,1496.25
1198,-1.1971756600558678,-2.1399659920537637,-1.9181563040625433,0.9263834083099338,1.213028158317682,-1.1718488112602214,1497.5
1199,-1.1971757078552845,-2.1399659742560706,-1.9181563118293754,0.9263833978170604,1.2130282060109892,-1.28005790064343,1498.75
1200,-1.1971757487130368,-2.1399659504079116,-1.9181563173787075,0.9263833791401346,1.2130282467058084,-1.3782669900266689,1500.0
1201,-1.1971757854105087,-2.1399659289880595,-1.91815632236298,0.9263833623649566,1.2130282832569375,-1.4664760794099527,1501.25
1202,-1.1971758166497348,-2.1399659081969635,-1.9181563262832537,0.9263833452100261,1.2130283143501968,-1.5446851687932488,1502.5
1203,-1.1971758400024886,-2.1399658846680327,-1.9181563282061003,0.9263833234071129,1.213028337527026,-1.6128942581765209,1503.75
1204,-1.197175859931541,-2.1399658645886324,-1.918156329847042,0.9263833048006818,1.2130283573059464,-1.6711033475598054,1505.0
1205,-1.1971758764368934,-2.1399658479587633,-1.9181563312060756,0.9263832893907304,1.2130283736869587,-1.719312436943001,1506.25
1206,-1.1971758895185443,-2.1399658347784243,-1.9181563322832051,0.9263832771772617,1.2130283866700613,-1.7575215263262223,1507.5
1207,-1.1971758991764938,-2.139965825047615,-1.9181563330784306,0.9263832681602755,1.2130283962552544,-1.7857306157094266,1508.75
1208,-1.1971759054107423,-2.1399658187663353,-1.918156333591752,0.9263832623397718,1.2130284024425382,-1.8039397050926562,1510.0
1209,-1.1971759082212892,-2.1399658159345853,-1.9181563338231697,0.9263832597157506,1.2130284052319125,-1.8121487944758974,1511.25
1210,-1.19717590839758,-2.1399658157569648,-1.9181563338376852,0.9263832595511597,1.2130284054068752,-1.8126637072093759,1511.651136162
