,shoulder_pan_joint,shoulder_lift_joint,elbow_joint,wrist_1_joint,wrist_2_joint,wrist_3_joint,time_from_start
0,-1.2337597052203577,-1.9459031263934534,-1.7232735792743128,-2.6000621954547327,-1.235953156148092,1.2799639701843262,0.0
1,-1.2336561500183238,-1.9456394212206196,-1.723595224060404,-2.6000357522622353,-1.2358447479803223,1.284963970184326,1.25
2,-1.2333454844122216,-1.9448483057021182,-1.7245601584186774,-2.599956422684742,-1.235519523477013,1.2999639701843262,2.5
3,-1.2328277084020514,-1.9435297798379492,-1.726168382349133,-2.5998242067222535,-1.2349774826381648,1.324963970184326,3.75
4,-1.232102821987813,-1.9416838436281127,-1.728419895851771,-2.59963910437477,-1.2342186254637768,1.3599639701843262,5.0
5,-1.2311708251695064,-1.9393104970726083,-1.7313146989265913,-2.5994011156422907,-1.2332429519538493,1.4049639701843264,6.25
6,-1.2300306293334275,-1.9364093953631314,-1.73485025731402,-2.5991135981867135,-1.2320552373384597,1.4599642073500916,7.5
7,-1.2286713531380273,-1.9329771029480032,-1.7390012127446481,-2.598810130330177,-1.2307032397172846,1.5249668149079423,8.75
8,-1.2271029659167054,-1.92901678672828,-1.743790751085498,-2.5984599769839454,-1.2291432508059184,1.599969422465793,10.0
9,-1.2253138480293508,-1.9245232465421878,-1.7491967486042639,-2.5980841978642992,-1.2274238519628133,1.684973922393507,11.25
10,-1.223307471906355,-1.9194980485098576,-1.755225787924081,-2.597676511306866,-1.2255305551970277,1.779979471690584,12.5
11,-1.2210720654085787,-1.9139339989697575,-1.7618628166916241,-2.597237250774926,-1.2235047346228383,1.884987069066816,13.75
12,-1.2186129603327316,-1.9078336615474234,-1.7691176619557845,-2.5967579309758912,-1.221323354001403,1.999995660232749,15.0
13,-1.2159161493078336,-1.9011877233955254,-1.7769765759339666,-2.5962282309738254,-1.2190271018878216,2.125005893282486,16.25
14,-1.2129762478132802,-1.8939913758988913,-1.7854420621733897,-2.5956248890111997,-1.2166135073376874,2.260016947645921,17.5
15,-1.2097892719179715,-1.886241355499527,-1.7945162157456367,-2.5949314535328885,-1.2140762273939494,2.4050281522386294,18.75
16,-1.2063449661865597,-1.8779308008689162,-1.8041969363141659,-2.5941201094024007,-1.211415402007063,2.5600215073016805,20.0
17,-1.2028764333491089,-1.8696338458753508,-1.8138122621412975,-2.5932252477128297,-1.2088008572061288,2.714200087198538,21.25
18,-1.1995933926968105,-1.8618474911706901,-1.8227938658210718,-2.5923022055242066,-1.2063659158687492,2.8583764820514697,22.5
19,-1.1964911261759836,-1.8545695831318947,-1.8311436928631541,-2.5913403070443275,-1.204085683972055,2.992549574416972,23.75
20,-1.1935829958139252,-1.8478103894969107,-1.8388654596360043,-2.5903727335374627,-1.201944844682577,3.1167196672800155,25.0
21,-1.190883088485759,-1.8415794709255655,-1.8459613572323792,-2.5894315195484405,-1.1999488138499024,3.2308875352388666,26.25
22,-1.1883865874182662,-1.835874452900922,-1.8524306568357047,-2.588510012924809,-1.1980856610759347,3.3350524002525437,27.5
23,-1.1861031736736054,-1.8307022562925983,-1.8582742469780555,-2.587633259466254,-1.1963578328426168,3.42921481343018,28.75
24,-1.1840459879415095,-1.826070246781035,-1.8634944011032752,-2.586822858598917,-1.1947868468926668,3.5133756337835593,30.0
25,-1.1822127225620291,-1.8219779993774816,-1.8680898972211535,-2.586081066585388,-1.1933627518919243,3.5875345217462673,31.25
26,-1.180611153379779,-1.818429570452878,-1.8720623558466478,-2.5854185202305047,-1.1921005031137781,3.651691880904317,32.5
27,-1.1792520620464728,-1.8154307902260989,-1.8754137755974583,-2.58485192019576,-1.1910194510230667,3.705849245667048,33.75
28,-1.1781370993194358,-1.8129824512732249,-1.8781445863156137,-2.5843829561586134,-1.1901231827880565,3.750006608399646,35.0
29,-1.1772704294395808,-1.811086552115011,-1.8802558736752228,-2.5840158908398863,-1.1894207481664125,3.784163969485421,36.25
30,-1.1766552737767242,-1.8097446387607938,-1.881748477538375,-2.583754021793034,-1.1889191478654197,3.8083213293269047,37.5
31,-1.1762942238186442,-1.8089579549378545,-1.8826230735267246,-2.5836000017886045,-1.18862401371726,3.822478687952632,38.75
32,-1.1753220338454393,-1.8068396809432028,-1.8849780865231298,-2.5831852553958523,-1.187829313881637,3.827138012806394,40.0
33,-1.17443629759298,-1.8049097807554924,-1.8871236787200991,-2.5828073854859874,-1.1871052842315335,3.822353477397188,41.25
34,-1.1744362977873088,-1.8049097850566413,-1.8871236827212705,-2.582807377015053,-1.1871052845293766,3.8085042771276036,42.5
35,-1.1744362981219552,-1.8049097924634923,-1.8871236896115415,-2.5828073624275674,-1.1871052850422812,3.7846550768580194,43.75
36,-1.1744362985975305,-1.8049098029760782,-1.8871236993906575,-2.5828073417250073,-1.1871052857753466,3.7508058780151776,45.0
37,-1.174436299228353,-1.80490981659517,-1.8871237120526585,-2.5828073149419524,-1.1871052868479866,3.706956707533563,46.25
38,-1.174436300003037,-1.8049098333201568,-1.8871237276022854,-2.5828072820509016,-1.1871052881652473,3.65310753705195,47.5
39,-1.1744363036636032,-1.8049098523183411,-1.8871237464005781,-2.582807243822325,-1.1871052923657683,3.5892583678606287,48.75
40,-1.174436314617045,-1.804909872251406,-1.8871237690278027,-2.5828072014945263,-1.1871053036903894,3.5154092016182785,50.0
41,-1.1744363270535425,-1.8049098948839672,-1.8871237947179451,-2.582807153439261,-1.1871053165470826,3.431560040795159,51.25
42,-1.1744363409729908,-1.804909920216244,-1.8871238234703136,-2.582807099659265,-1.1871053309349282,3.337710887746085,52.5
43,-1.1744363677441765,-1.8049099432948266,-1.887123854039701,-2.5828070464820048,-1.187105358134032,3.2338617449537255,53.75
44,-1.1744363989681657,-1.8049099677788683,-1.8871238873471408,-2.582806989228482,-1.1871053898120465,3.1200126094018517,55.0
45,-1.1744364373315344,-1.8049099913512316,-1.8871239219884888,-2.5828069316560414,-1.1871054286305094,2.996163482155729,56.25
46,-1.1744364879312674,-1.804910010462058,-1.8871239561185837,-2.5828068792249006,-1.1871054796417913,2.862314361753737,57.5
47,-1.1744365448325547,-1.8049100281109407,-1.8871239907915862,-2.5828068278025964,-1.1871055369450463,2.7184652426849594,58.75
48,-1.1744366142215215,-1.8049100371747353,-1.8871240210514766,-2.5828067895401383,-1.1871056066269041,2.5646729579781518,60.0
49,-1.1744366849687364,-1.8049100412790673,-1.887124046946508,-2.5828067606079994,-1.18710567759137,2.412331569946492,61.25
50,-1.1744367544006271,-1.804910037053959,-1.8871240643957004,-2.582806748407558,-1.1871057471057334,2.2699901819148067,62.5
51,-1.174436818825976,-1.8049100293251972,-1.8871240769115891,-2.5828067445593073,-1.1871058115472812,2.1376487938831157,63.75
52,-1.1744368781449985,-1.8049100151462676,-1.887124081619818,-2.5828067548741522,-1.187105870769339,2.0153074058514244,65.0
53,-1.1744369326153767,-1.8049100021263078,-1.8871240859431968,-2.5828067643458787,-1.1871059251506777,1.9029660178197316,66.25
54,-1.174436978206677,-1.8049099829281017,-1.8871240815516344,-2.5828067885605606,-1.1871059705359635,1.800624629788039,67.5
55,-1.1744370190828974,-1.804909965132013,-1.8871240770512807,-2.582806811415609,-1.1871060112182341,1.7082832417563467,68.75
56,-1.1744370555324772,-1.8049099492631329,-1.887124073038284,-2.582806831795598,-1.1871060474948676,1.6259418537246513,70.0
57,-1.174437083111254,-1.804909931836674,-1.8871240647719267,-2.58280685784971,-1.1871060748569375,1.5536004656929556,71.25
58,-1.1744371058410068,-1.8049099160062196,-1.8871240565423624,-2.5828068822032777,-1.1871060973848317,1.4912590776612595,72.5
59,-1.1744371249247472,-1.8049099027150837,-1.887124049632876,-2.5828069026503613,-1.187106116299093,1.4389176896295646,73.75
60,-1.1744371403624745,-1.8049098919632658,-1.8871240440434693,-2.5828069191909613,-1.1871061315997211,1.3965763015978723,75.0
61,-1.174437152154188,-1.8049098837507644,-1.887124039774144,-2.582806931825076,-1.187106143286715,1.3642349135661787,76.25
62,-1.1744371602998884,-1.804909878077579,-1.8871240368248994,-2.5828069405527057,-1.1871061513600747,1.341893525534485,77.5
63,-1.1744793384122552,-1.8050154197068418,-1.8869862464059517,-2.5828394975930715,-1.1871482708090662,1.3294269962376866,78.75
64,-1.1758727329480267,-1.808502564131479,-1.8824337758363137,-2.5839150062681178,-1.188539728459589,1.3249291506229701,80.0
65,-1.1771348647701902,-1.8116612177165934,-1.8783101543206564,-2.5848891997884698,-1.1898001074441085,1.3302374888141415,81.25
66,-1.1771428348255872,-1.8116811783191842,-1.8782841008587587,-2.584895356642452,-1.189808070362038,1.3435242013717255,82.5
67,-1.1771428273532565,-1.8116811850224788,-1.8782841010591937,-2.5848953597541025,-1.189808069800161,1.3667858365877128,83.75
68,-1.1771428166686282,-1.811681194607469,-1.878284101345794,-2.5848953642034287,-1.1898080689967374,1.4000474718037008,85.0
69,-1.1771428027717015,-1.8116812070741541,-1.8782841017185599,-2.584895369990429,-1.1898080679517675,1.4433091070196866,86.25
70,-1.1771427859840056,-1.8116812221938168,-1.8782841028483404,-2.5848953746196877,-1.189808069405928,1.4965707390806258,87.5
71,-1.1771427663671725,-1.8116812399226143,-1.8782841048637273,-2.58489537761287,-1.1898080738845664,1.5598323682658117,88.75
72,-1.1771427407571518,-1.8116812584138913,-1.8782841076720906,-2.5848953740916585,-1.1898080679237226,1.633093992614314,90.0
73,-1.1771427042770848,-1.8116812742279151,-1.8782841120733398,-2.58489535227393,-1.1898080327270053,1.7163556054770814,91.25
74,-1.177142663394455,-1.81168129192893,-1.878284117048492,-2.5848953276363753,-1.189807993127355,1.8096172112357938,92.5
75,-1.1771426173849,-1.8116813102652742,-1.8782841210484018,-2.584895303257018,-1.1898079482184467,1.9128788102553238,93.75
76,-1.177142562802805,-1.8116813232863511,-1.8782841167162903,-2.58489529373853,-1.1898078936691487,2.026140399432436,95.0
77,-1.1771425034003284,-1.8116813374584388,-1.8782841119975437,-2.5848952833955616,-1.1898078342927263,2.149401980075557,96.25
78,-1.1771424388932439,-1.8116813441323387,-1.8782840984196818,-2.5848952893470494,-1.1898077697322327,2.2826635551485235,97.5
79,-1.1771423694474692,-1.8116813483321867,-1.8782840809072459,-2.5848953016386242,-1.1898077002018352,2.425925128603449,98.75
80,-1.1771422992232474,-1.8116813429728953,-1.8782840538986842,-2.5848953329442423,-1.1898076297402986,2.579186697092535,100.0
81,-1.1771422260202515,-1.8116813333820774,-1.8782840218680072,-2.5848953734459577,-1.1898075562266026,2.742448259188113,101.25
82,-1.1771421634735988,-1.8116813108921186,-1.87828398065945,-2.5848954361468315,-1.1898074931867693,2.9069113667396134,102.5
83,-1.1771421077919255,-1.8116812873014942,-1.8782839405182257,-2.5848954989803414,-1.1898074370092118,3.0614129134223065,103.75
84,-1.1771420684070906,-1.8116812564017781,-1.8782838983639318,-2.5848955713583455,-1.1898073970473302,3.205914460104985,105.0
85,-1.1771420337899525,-1.8116812267520808,-1.8782838589012583,-2.58489563986943,-1.1898073618833458,3.3404160067876525,106.25
86,-1.1771420154450971,-1.811681193347741,-1.8782838208593051,-2.584895710946551,-1.1898073429670146,3.464917553470303,107.5
87,-1.1771419985737062,-1.8116811626264553,-1.8782837858728851,-2.5848957763147355,-1.189807325570049,3.5794191001529354,108.75
88,-1.1771419933540648,-1.811681132159067,-1.8782837547526028,-2.584895837737494,-1.189807319854046,3.68392064683555,110.0
89,-1.1771419923902307,-1.8116811037106921,-1.878283726909445,-2.5848958939333917,-1.1898073184351896,3.7784221935181552,111.25
90,-1.177141991528388,-1.8116810782726822,-1.8782837020126002,-2.584895944182731,-1.1898073171664745,3.8629237402007472,112.5
91,-1.1771419965798329,-1.8116810554936227,-1.8782836815274677,-2.584895987457249,-1.1898073218661558,3.937425286883329,113.75
92,-1.1771420048214796,-1.8116810355381792,-1.8782836647673857,-2.5848960242387733,-1.1898073298078864,4.001926833565908,115.0
93,-1.1771420117853824,-1.8116810186765293,-1.8782836506057023,-2.5848960553178726,-1.1898073365183708,4.056428380248479,116.25
94,-1.177142017471541,-1.8116810049086745,-1.878283639042417,-2.5848960806945462,-1.1898073419976087,4.100929926931048,117.5
95,-1.177142021879956,-1.8116809942346124,-1.8782836300775325,-2.584896100368795,-1.1898073462456,4.135431473613616,118.75
96,-1.1771420250106266,-1.8116809866543424,-1.8782836237110487,-2.5848961143406193,-1.1898073492623449,4.159933020296187,120.0
97,-1.177142026863553,-1.8116809821678648,-1.8782836199429658,-2.5848961226100173,-1.1898073510478429,4.174434566978759,121.25
98,-1.178179099534987,-1.814308278507706,-1.8748329705296245,-2.585727001599661,-1.190842892568139,4.180746259088909,122.5
99,-1.1796807568539578,-1.818112550504717,-1.8698365079897026,-2.586930090621977,-1.1923423342079655,4.177467749031527,123.75
100,-1.1798098313522218,-1.818439551320287,-1.8694070377398675,-2.587033500506074,-1.1924712226661727,4.166042351904501,125.0
101,-1.179809829808729,-1.8184395583174644,-1.8694070413064057,-2.5870334968835422,-1.1924712294653486,4.144981550025092,126.25
102,-1.1798098275323616,-1.8184395686370123,-1.8694070465663923,-2.5870334915409763,-1.1924712394928805,4.113920748145688,127.5
103,-1.1798098245231192,-1.8184395822789297,-1.869407053519827,-2.5870334844783747,-1.1924712527487678,4.072859946266275,128.75
104,-1.179809820633868,-1.8184395993914126,-1.8694070617167127,-2.587033477414852,-1.1924712679643237,4.02179914808674,130.0
105,-1.1798098156070926,-1.8184396202338327,-1.8694070703694634,-2.587033473359194,-1.1924712829190942,3.9607383584338614,131.25
106,-1.179809810265846,-1.8184396442616453,-1.8694070812668564,-2.587033465787856,-1.1924712989537145,3.8896775700240105,132.5
107,-1.179809810952344,-1.8184396686327,-1.8694071047252052,-2.587033419154885,-1.1924712989986403,3.8086167966828635,133.75
108,-1.1798098117109914,-1.818439696002242,-1.8694071311066955,-2.5870333666415033,-1.1924712989446706,3.7175560278031834,135.0
109,-1.1798098125305816,-1.8184397263630965,-1.8694071604374405,-2.5870333081337074,-1.1924712986984762,3.616495266442979,136.25
110,-1.1798098278459377,-1.8184397562083428,-1.8694071941950248,-2.587033244859839,-1.1924713143774575,3.505434516056458,137.5
111,-1.1798098455685861,-1.8184397884892654,-1.8694072311032073,-2.5870331759527234,-1.1924713326151684,3.384373772822964,138.75
112,-1.1798098735648046,-1.818439819612281,-1.8694072700725652,-2.587033106326987,-1.1924713611538786,3.253313035921436,140.0
113,-1.1798099117748428,-1.8184398496035055,-1.8694073111085179,-2.5870330359537452,-1.1924713999297816,3.112252301939815,141.25
114,-1.1798099606147496,-1.8184398762093295,-1.8694073521655605,-2.5870329690949077,-1.1924714493031119,2.9611915714717414,142.5
115,-1.1798100207487565,-1.8184398989675286,-1.8694073930016075,-2.5870329064631155,-1.1924715099318035,2.800130847652155,143.75
116,-1.1798100912640321,-1.8184399125905166,-1.869407428195905,-2.587032858737265,-1.1924715808180502,2.6342239757656345,145.0
117,-1.1798101610912393,-1.8184399217643252,-1.8694074588536203,-2.5870328199742416,-1.1924716509435238,2.4775213176364104,146.25
118,-1.1798102313942553,-1.818439918411961,-1.8694074774905414,-2.587032805729765,-1.192471721345384,2.3308186595071936,147.5
119,-1.1798102972499214,-1.818439914453165,-1.8694074941533179,-2.587032793997748,-1.1924717872805422,2.194116001377987,148.75
120,-1.17981035795819,-1.8184399010533783,-1.8694075000413366,-2.587032802377859,-1.1924718479060528,2.0674133432487825,150.0
121,-1.179810413841992,-1.8184398877358507,-1.8694075045068268,-2.587032812026445,-1.1924719036979485,1.950710685119585,151.25
122,-1.1798104627667252,-1.8184398716065515,-1.8694075040735427,-2.587032829273707,-1.1924719524706824,1.844008026990395,152.5
123,-1.1798105050426557,-1.818439853230537,-1.8694074993870529,-2.587032852915256,-1.192471994544237,1.74730536886121,153.75
124,-1.179810542946844,-1.8184398367547867,-1.869407495185186,-2.5870328741120385,-1.1924720322669768,1.6606027107320256,155.0
125,-1.1798105744298995,-1.8184398205707077,-1.8694074892670163,-2.587032896638416,-1.1924720635593242,1.5839000526028444,156.25
126,-1.1798105984478697,-1.8184398038588903,-1.869407480511395,-2.5870329224170376,-1.1924720873619492,1.5171973944736603,157.5
127,-1.1798106188650883,-1.8184397896524933,-1.8694074730684076,-2.5870329443309528,-1.1924721075961071,1.4604947363444745,158.75
128,-1.179810635681556,-1.8184397779515185,-1.869407466938052,-2.587032962380162,-1.1924721242617984,1.4137920782152815,160.0
129,-1.1798106488972722,-1.8184397687559632,-1.8694074621203316,-2.587032976564664,-1.1924721373590224,1.3770894200860895,161.25
130,-1.1798106585122363,-1.8184397620658272,-1.8694074586152465,-2.587032986884459,-1.1924721468877788,1.3503867619568983,162.5
131,-1.1798106645264488,-1.818439757881111,-1.8694074564227965,-2.587032993339547,-1.192472152848068,1.3336841038277063,163.75
132,-1.1804802682149762,-1.8201569817001322,-1.8671386439401247,-2.5875894077478665,-1.193140708796051,1.3256454571948675,165.0
133,-1.1820747816614245,-1.8242461949259625,-1.8617359456296099,-2.5889143850398204,-1.1947327278580107,1.3267017648292916,166.25
134,-1.1824414824268445,-1.8251866286514948,-1.8604934413716916,-2.5892191025255538,-1.1950988576345973,1.3363809451479811,167.5
135,-1.1824414764322453,-1.8251866340194778,-1.8604934414978558,-2.589219105150188,-1.1950988570582122,1.355202947217865,168.75
136,-1.1824414672527568,-1.8251866422394332,-1.8604934416910497,-2.589219109169273,-1.1950988561755975,1.3840249492877512,170.0
137,-1.1824414548883788,-1.825186653311361,-1.860493441951274,-2.589219114582808,-1.1950988549867536,1.4228469513576378,171.25
138,-1.1824414393835112,-1.8251866672042623,-1.8604934423696124,-2.589219121054223,-1.195098853874105,1.4716689529958866,172.5
139,-1.182441421300084,-1.8251866835258128,-1.8604934440988488,-2.589219124323798,-1.195098857677717,1.5304909493424672,173.75
140,-1.1824414001423935,-1.825186702622099,-1.8604934461220626,-2.5892191281492147,-1.1950988621279597,1.5993129456890447,175.0
141,-1.182441367430744,-1.82518671839036,-1.860493450003259,-2.5892191112654657,-1.195098834611482,1.6781349280091302,176.25
142,-1.182441328990866,-1.8251867350238329,-1.8604934546782148,-2.5892190882456214,-1.1950987975118268,1.7669569061042694,177.5
143,-1.1824412861929523,-1.8251867535112938,-1.8604934599478007,-2.5892190623358498,-1.195098755981445,1.8657788738835597,178.75
144,-1.1824412356955696,-1.8251867680678768,-1.860493458575037,-2.589219047922616,-1.1950987058956486,1.974600833297322,180.0
145,-1.1824411791393623,-1.825186781520916,-1.860493454053982,-2.5892190381348756,-1.1950986493697848,2.093422785056572,181.25
146,-1.1824411177091267,-1.8251867926729362,-1.8604934457608617,-2.589219034359918,-1.195098587933671,2.222244729669263,182.5
147,-1.1824410512444485,-1.8251867966462136,-1.86049342888506,-2.589219046283888,-1.195098521386402,2.3610666700209486,183.75
148,-1.1824409815233279,-1.825186797198782,-1.8604934076581094,-2.5892190659209837,-1.1950984515213436,2.5098886083895593,185.0
149,-1.1824409111876153,-1.8251867879349364,-1.8604933766704987,-2.589219105095837,-1.1950983808835252,2.6687105398740694,186.25
150,-1.1824408434088929,-1.8251867714687613,-1.8604933394597387,-2.58921915771404,-1.195098312692354,2.835090017399584,187.5
151,-1.1824407844326328,-1.825186749129942,-1.8604932992717313,-2.589219219297049,-1.1950982532282795,2.994027714693641,188.75
152,-1.1824407398119217,-1.8251867207936043,-1.8604932577182276,-2.5892192884406113,-1.1950982080545498,3.14296541198768,190.0
153,-1.1824407024085224,-1.8251866914240629,-1.8604932174104785,-2.5892193574765154,-1.1950981700972336,3.2819031092817146,191.25
154,-1.1824406784295465,-1.825186659507121,-1.8604931788100039,-2.5892194275458875,-1.195098145552603,3.4108408065757416,192.5
155,-1.182440661118806,-1.82518662797713,-1.860493142668358,-2.5892194948701692,-1.1950981276969572,3.529778503869762,193.75
156,-1.182440649199969,-1.825186598161377,-1.8604931098810522,-2.5892195572112375,-1.1950981152725355,3.6387162011637777,195.0
157,-1.1824406482018723,-1.8251865687441966,-1.860493080891412,-2.5892196155203084,-1.1950981137990537,3.737653898457787,196.25
158,-1.1824406473046567,-1.825186542300325,-1.8604930548318572,-2.589219667935865,-1.1950981124745024,3.8265915957517938,197.5
159,-1.1824406479083682,-1.8251865187460705,-1.8604930320578583,-2.5892197142068047,-1.1950981127006304,3.9055292930458014,198.75
160,-1.1824406566073142,-1.8251864976872638,-1.8604930142436849,-2.589219753150414,-1.1950981210797693,3.974466990339809,200.0
161,-1.1824406640444038,-1.8251864796832165,-1.860492999013609,-2.5892197864449202,-1.1950981282434427,4.033404687633821,201.25
162,-1.182440670219638,-1.825186464733931,-1.8604929863676274,-2.5892198140903253,-1.1950981341916507,4.0823423849278395,202.5
163,-1.1824406751330154,-1.8251864528394046,-1.8604929763057438,-2.589219836086628,-1.1950981389243933,4.121280082221859,203.75
164,-1.1824406787845367,-1.825186443999637,-1.8604929688279586,-2.5892198524338284,-1.1950981424416705,4.150217779515876,205.0
165,-1.1824406811742019,-1.8251864382146277,-1.8604929639342713,-2.589219863131927,-1.195098144743482,4.169155476809887,206.25
166,-1.182785861098539,-1.8260825643228302,-1.8593020293659193,-2.5895171422605148,-1.1954427533662957,4.178926311841266,207.5
167,-1.1843537792818795,-1.8301530844503995,-1.8538924141213884,-2.5908674601821358,-1.1970080769810356,4.180118059441494,208.75
168,-1.1850351632085943,-1.8319220504892997,-1.8515415094693604,-2.591454278524777,-1.197688336316413,4.172191530871085,210.0
169,-1.1850351619928192,-1.8319220559331386,-1.8515415122188634,-2.5914542758416026,-1.1976883415180528,4.1556435658309505,211.25
170,-1.1850351600423468,-1.8319220646667105,-1.8515415166299025,-2.591454271536975,-1.197688349863064,4.129095600790813,212.5
171,-1.1850351573571767,-1.8319220766900153,-1.851541522702477,-2.591454265610894,-1.1976883613514464,4.092547635750666,213.75
172,-1.185035153937309,-1.8319220920030534,-1.851541530436587,-2.5914542580633606,-1.1976883759832002,4.045999670710523,215.0
173,-1.1850351493440758,-1.8319221110397228,-1.8515415385124734,-2.5914542539059164,-1.19768838993722,3.9894517091120325,216.25
174,-1.1850351438538689,-1.8319221335266378,-1.851541547761677,-2.5914542499809397,-1.19768840562107,3.922903748109464,217.5
175,-1.185035141979574,-1.831922157389764,-1.8515415656788403,-2.5914542204683535,-1.1976884121598204,3.8463557973853417,218.75
176,-1.1850351427035717,-1.8319221830880457,-1.851541590596212,-2.5914541710963173,-1.1976884121890845,3.759807852818258,220.0
177,-1.185035143480405,-1.8319222117346925,-1.8515416184682585,-2.5914541156920583,-1.1976884119623785,3.6632599194076025,221.25
178,-1.1850351515626438,-1.831922241587487,-1.8515416499998278,-2.591454055038273,-1.197688419697906,3.556711992651466,222.5
179,-1.1850351684164986,-1.8319222722917803,-1.8515416853404494,-2.591453989264334,-1.1976884370420597,3.440164074031879,223.75
180,-1.1850351879981653,-1.8319223050747189,-1.8515417235713936,-2.5914539185603847,-1.1976884571641522,3.3136161633425822,225.0
181,-1.1850352245339622,-1.8319223337707982,-1.851541763081545,-2.5914538509786627,-1.1976884942466899,3.1770682582795784,226.25
182,-1.1850352645460847,-1.8319223640119833,-1.8515418051910544,-2.5914537793093695,-1.197688534838513,3.0305203536929533,227.5
183,-1.1850353222800578,-1.8319223858960878,-1.851541844669883,-2.5914537188705795,-1.1976885930527275,2.8739724562543323,228.75
184,-1.1850353866283978,-1.8319224054276861,-1.8515418839170779,-2.591453661108178,-1.1976886578577077,2.7081363285709283,230.0
185,-1.1850354575852502,-1.8319224147945534,-1.8515419152876014,-2.591453621457403,-1.197688729121265,2.54692422047409,231.25
186,-1.1850355266933466,-1.83192241740158,-1.8515419394659114,-2.5914535957121467,-1.197688798422714,2.3957121123771974,232.5
187,-1.1850355938876374,-1.8319224134062153,-1.851541956585697,-2.5914535835807424,-1.1976888656994094,2.2545000042802705,233.75
188,-1.18503565615689,-1.8319224047870353,-1.8515419676403615,-2.59145358205174,-1.1976889279655232,2.1232878961833275,235.0
189,-1.1850357134881668,-1.831922391163119,-1.8515419722531798,-2.5914535918815287,-1.1976889852019295,2.002075788086348,236.25
190,-1.185035765876918,-1.8319223782757619,-1.851541976039833,-2.59145360172912,-1.1976890374969067,1.890863679989336,237.5
191,-1.1850358095811435,-1.8319223593090705,-1.851541971160792,-2.59145362617495,-1.1976890809900518,1.7896515718922652,238.75
192,-1.1850358489672876,-1.8319223422163369,-1.8515419667638078,-2.5914536482054746,-1.1976891201859705,1.6984394637951734,240.0
193,-1.1850358840353497,-1.8319223269975597,-1.8515419628488827,-2.591453667820693,-1.1976891550846624,1.6172273556980798,241.25
194,-1.1850359098797065,-1.8319223097997104,-1.8515419541111033,-2.5914536940944597,-1.197689180707468,1.5460152476009787,242.5
195,-1.185035931649839,-1.8319222946673495,-1.851541946119093,-2.591453717501858,-1.1976892022805352,1.4848031395038805,243.75
196,-1.1850359498634644,-1.831922282007109,-1.851541939432706,-2.5914537370852755,-1.197689220329289,1.4335910314067921,245.0
197,-1.1850359645205821,-1.8319222718189883,-1.851541934051944,-2.591453752844711,-1.1976892348537294,1.39237892330971,246.25
198,-1.1850359756211926,-1.8319222641029858,-1.8515419299768086,-2.591453764780165,-1.1976892458538555,1.3611668152126197,247.5
199,-1.185035983165295,-1.8319222588591015,-1.8515419272072997,-2.5914537728916365,-1.1976892533296681,1.339954707115536,248.75
200,-1.1851441394483664,-1.832206495749988,-1.851161987100774,-2.5915502450290178,-1.1977972206041985,1.3284164068129793,250.0
201,-1.186566090732788,-1.8359435875359988,-1.8461666762252804,-2.592818573019591,-1.1992166873744714,1.3249300002686566,251.25
202,-1.1875949689449958,-1.8386476367650473,-1.8425522203449367,-2.5937362967739936,-1.200243769568152,1.3310711708970315,252.5
203,-1.1875949644492838,-1.8386476407837606,-1.8425522204153901,-2.593736298830836,-1.2002437690440793,1.3453085284073336,253.75
204,-1.1875949567958846,-1.838647647625128,-1.8425522205353284,-2.593736302332358,-1.2002437681519094,1.3695458859176295,255.0
205,-1.1875949459847979,-1.8386476572891488,-1.8425522207047513,-2.5937363072785597,-1.2002437668916426,1.4037832434279292,256.25
206,-1.187594932016024,-1.8386476697758238,-1.842552220923659,-2.5937363136694422,-1.200243765263279,1.4480206009382188,257.5
207,-1.1875949152698826,-1.838647684824073,-1.8425522219602206,-2.593736318685578,-1.20024376657675,1.5022579506566636,258.75
208,-1.1875948956906992,-1.8386477024721155,-1.8425522237019862,-2.593736322739696,-1.2002437703475248,1.566495295558172,260.0
209,-1.1875948693442644,-1.8386477201378362,-1.8425522264748908,-2.5937363177677755,-1.2002437604335432,1.6407326339314654,261.25
210,-1.1875948333392927,-1.8386477356992903,-1.8425522308697326,-2.5937362962626147,-1.2002437257403349,1.7249699622988648,262.5
211,-1.187594793037042,-1.8386477530930283,-1.8425522358410091,-2.5937362719675505,-1.2002436867334172,1.8192072822096117,263.75
212,-1.187594747284019,-1.838647770322712,-1.842552238873187,-2.593736249866802,-1.2002436419842688,1.9234445953297201,265.0
213,-1.1875946935742283,-1.8386477830632233,-1.8425522345518328,-2.593736240626385,-1.20024358830901,2.037681899744604,266.25
214,-1.1875946351614304,-1.8386477969204682,-1.842552229847726,-2.5937362305940512,-1.2002435299227663,2.161919194618304,267.5
215,-1.1875945717298866,-1.8386478023215391,-1.8425522152496812,-2.593736238852866,-1.2002434664268762,2.296156484178604,268.75
216,-1.1875945035145496,-1.8386478063578058,-1.842552197807268,-2.5937362512534645,-1.200243398125729,2.4403937727800096,270.0
217,-1.1875944350903649,-1.8386477997342796,-1.8425521698326937,-2.5937362848106766,-1.2002433294433286,2.594631055822269,271.25
218,-1.1875943636774688,-1.8386477897400852,-1.8425521376106377,-2.5937363259313435,-1.2002432577111461,2.758855432231831,272.5
219,-1.1875943037398011,-1.8386477670068917,-1.842552096479928,-2.593736388835826,-1.2002431972721999,2.9223743670637097,273.75
220,-1.1875942512395556,-1.8386477430435122,-1.8425520564749094,-2.5937364519526036,-1.200243144267024,3.0758933018955994,275.0
221,-1.1875942130723398,-1.8386477130594148,-1.8425520150551207,-2.5937365227024802,-1.2002431055285108,3.219412236727508,276.25
222,-1.1875941810982626,-1.8386476836321803,-1.8425519761254345,-2.593736590499546,-1.2002430730057987,3.3529311715594234,277.5
223,-1.1875941633382834,-1.83864765128365,-1.8425519387872231,-2.59373665983087,-1.2002430546809337,3.476450106391345,278.75
224,-1.1875941470161386,-1.8386476215540388,-1.8425519044718786,-2.593736723549182,-1.2002430378396358,3.5899690412232808,280.0
225,-1.187594143355974,-1.8386475917796896,-1.8425518740856963,-2.593736783572286,-1.2002430336874197,3.693487976055218,281.25
226,-1.1875941424226695,-1.8386475643183502,-1.8425518468264677,-2.5937368382026262,-1.2002430323056572,3.7870069108871682,282.5
227,-1.1875941415891635,-1.8386475397934618,-1.8425518224820707,-2.5937368869913318,-1.2002430310716468,3.8705258457191114,283.75
228,-1.1875941474301848,-1.8386475178160393,-1.842551802733568,-2.593736928743561,-1.2002430365682442,3.9440447805510637,285.0
229,-1.1875941553466944,-1.8386474986581758,-1.842551786405055,-2.5937369642951076,-1.200243044190726,4.007563715383016,286.25
230,-1.1875941620168813,-1.8386474825164005,-1.842551772647193,-2.5937369942496553,-1.200243050613175,4.061082650214959,287.5
231,-1.1875941674407455,-1.8386474693907144,-1.8425517614599825,-2.593737018607203,-1.2002430558355908,4.104601585046897,288.75
232,-1.187594171618287,-1.8386474592811142,-1.8425517528434252,-2.5937370373677497,-1.2002430598579739,4.138120519878834,290.0
233,-1.1875941745495056,-1.8386474521876004,-1.8425517467975219,-2.5937370505312973,-1.2002430626803238,4.161639454710776,291.25
234,-1.187596691067907,-1.8386541390404374,-1.842542748459796,-2.59373937978836,-1.2002455745046423,4.175166235991757,292.5
235,-1.1887219006532643,-1.841647854345842,-1.8385181860121058,-2.5947781725118957,-1.2013687118112784,4.180756395885068,293.75
236,-1.1900583405623903,-1.8452035721729534,-1.8337381096433387,-2.5960119696275465,-1.2027026920389439,4.176593839555336,295.0
237,-1.1901182709553981,-1.8453630285465445,-1.8335237539911038,-2.5960672961652547,-1.202762516646822,4.16450866395155,296.25
238,-1.1901182693435033,-1.8453630356775186,-1.8335237575634369,-2.596067292815383,-1.2027625233467314,4.142615596165213,297.5
239,-1.1901182669953503,-1.8453630460656758,-1.8335237627674887,-2.596067287935405,-1.2027625331069287,4.110722528378871,298.75
240,-1.1901182639109391,-1.8453630597110167,-1.8335237696032594,-2.5960672815253214,-1.2027625459274138,4.06882946059254,300.0
241,-1.1901182599007,-1.8453630767980753,-1.8335237775087765,-2.596067275706073,-1.202762560140107,4.016936393695054,301.25
242,-1.190118254786098,-1.8453630975006432,-1.8335237859547804,-2.5960672724751426,-1.2027625741740278,3.955043328230685,302.5
243,-1.1901182499382759,-1.845363121051831,-1.8335237975697654,-2.5960672625467107,-1.20276258775043,3.883150265415885,303.75
244,-1.1901182506152381,-1.845363145064566,-1.8335238210327405,-2.596067216216721,-1.2027625877622374,3.8012572164757317,305.0
245,-1.1901182513605546,-1.8453631719992534,-1.8335238473977449,-2.596067164070571,-1.2027625876538022,3.70936417311456,306.25
246,-1.1901182524529172,-1.8453632017832127,-1.8335238767085593,-2.5960671060702896,-1.2027625876953518,3.6074711366604055,307.5
247,-1.1901182684386578,-1.845363230902854,-1.833523910465627,-2.59606704345112,-1.2027626041492991,3.4955781116563656,308.75
248,-1.1901182858544295,-1.845363262624066,-1.8335239472421914,-2.596066975226154,-1.2027626220857193,3.3736850939358582,310.0
249,-1.1901183146808023,-1.8453632926282233,-1.8335239858999195,-2.5960669070456586,-1.2027626514543264,3.241792082331845,311.25
250,-1.190118352187842,-1.8453633220967631,-1.8335240267487725,-2.5960668373693916,-1.2027626895288448,3.099899073125639,312.5
251,-1.1901184013747625,-1.8453633473676794,-1.833524067134713,-2.5960667725178377,-1.20276273923879,2.9480060679147684,313.75
252,-1.1901184603570103,-1.8453633697494678,-1.8335241077547089,-2.5960667104605033,-1.2027627987170912,2.7861130692168894,315.0
253,-1.190118529955253,-1.8453633819715478,-1.8335241417007113,-2.596066665367581,-1.2027628686687586,2.620643545534048,316.25
254,-1.1901185978109357,-1.8453633907477198,-1.8335241717018225,-2.5960666276298467,-1.202762936817696,2.464779863264511,317.5
255,-1.1901186663766559,-1.8453633867098376,-1.8335241892956697,-2.596066615088707,-1.2027630054688299,2.3189161809949645,318.75
256,-1.1901187302417084,-1.845363382948788,-1.8335242056833227,-2.5960666034073547,-1.2027630694134406,2.183052498725409,320.0
257,-1.1901187890545817,-1.845363369133265,-1.833524210570742,-2.596066613177379,-1.2027631281304014,2.057188816455839,321.25
258,-1.1901188431908722,-1.8453633563024896,-1.8335242149573356,-2.5960666223962203,-1.2027631821765459,1.9413251341862625,322.5
259,-1.1901188901930793,-1.8453633400958451,-1.8335242137716632,-2.5960666404471353,-1.202763229017683,1.8354614519166779,323.75
260,-1.1901189310848868,-1.8453633223776964,-1.8335242091735056,-2.596066663326439,-1.202763269710226,1.7395977696470981,325.0
261,-1.1901189677110755,-1.8453633065078168,-1.8335242050549976,-2.596066683819094,-1.2027633061579366,1.6537340873775064,326.25
262,-1.1901189976260471,-1.8453632905647295,-1.8335241987526758,-2.5960667064681484,-1.2027633358784144,1.57787040510791,327.5
263,-1.1901190207656158,-1.8453632744980042,-1.8335241901966364,-2.5960667313928356,-1.2027633588065088,1.5120067228383136,328.75
264,-1.1901190403919333,-1.8453632608706705,-1.8335241829396485,-2.5960667525332393,-1.2027633782534595,1.4561430405687201,330.0
265,-1.1901190565049997,-1.8453632496827288,-1.8335241769817108,-2.5960667698893607,-1.202763394219267,1.4102793582991433,331.25
266,-1.1901190691048145,-1.8453632409341778,-1.8335241723228268,-2.5960667834611977,-1.2027634067039312,1.374415676029566,332.5
267,-1.190119078191377,-1.8453632346250166,-1.833524168962996,-2.59606679324875,-1.2027634157074512,1.3485519937599846,333.75
268,-1.1901190837646882,-1.8453632307552454,-1.8335241669022189,-2.5960667992520183,-1.2027634212298273,1.332688311490402,335.0
269,-1.1908674785215698,-1.8473790110362756,-1.8307989648800298,-2.596781470549912,-1.2035103654361294,1.3252667556342779,336.25
270,-1.1923481894927996,-1.8513672839811475,-1.8254070902429762,-2.5981954595574868,-1.2049882071359466,1.327087472537002,337.5
271,-1.1926090871142851,-1.852070018961011,-1.8244570439720482,-2.5984446053255335,-1.2052486018463493,1.3373106364171659,338.75
272,-1.192609081005181,-1.8520700244126558,-1.824457044037039,-2.5984446082316657,-1.2052486010124785,1.3568241193315904,340.0
273,-1.192609071765368,-1.8520700326580832,-1.8244570441353354,-2.598444612627093,-1.2052485997512772,1.3863376022460154,341.25
274,-1.1926090593948457,-1.8520700436972948,-1.8244570442669379,-2.598444618511815,-1.2052485980627456,1.4258510851604345,342.5
275,-1.1926090439786317,-1.852070057472814,-1.8244570446011077,-2.5984446252688373,-1.2052485966944497,1.4753645657405283,343.75
276,-1.1926090259940034,-1.852070073661981,-1.8244570460880647,-2.59844462943442,-1.2052485998431552,1.534878032710242,345.0
277,-1.1926090049874327,-1.8520700925714009,-1.8244570478248745,-2.598444634299942,-1.205248603520935,1.6043914996799598,346.25
278,-1.1926089721281965,-1.8520701075955444,-1.8244570517880883,-2.5984446161762333,-1.2052485739264793,1.683904951342333,347.5
279,-1.1926089343245476,-1.8520701239022952,-1.8244570564469513,-2.5984445935404343,-1.2052485374702129,1.773418399023211,348.75
280,-1.1926088922717577,-1.8520701420128753,-1.824457061690928,-2.5984445680981234,-1.2052484967195711,1.8729318370497974,350.0
281,-1.1926088423692511,-1.8520701557075263,-1.8244570596483756,-2.5984445553468456,-1.2052484471449252,1.9824452658861502,351.25
282,-1.192608786856932,-1.8520701688425814,-1.824457055148081,-2.5984445458675305,-1.20524839166378,2.101958687178532,352.5
283,-1.192608726562285,-1.8520701789581229,-1.8244570461423595,-2.5984445438549004,-1.2052483313565332,2.231472101496342,353.75
284,-1.1926086613773141,-1.8520701827806627,-1.8244570293544429,-2.5984445558576166,-1.2052482660879797,2.3709855119386942,355.0
285,-1.1926085933896446,-1.8520701823552854,-1.8244570074790092,-2.598444577141466,-1.2052481979415606,2.5204989200010712,356.25
286,-1.1926085244498963,-1.8520701732057079,-1.8244569766712595,-2.5984446160414922,-1.2052481286986352,2.680012321299553,357.5
287,-1.1926084591186887,-1.8520701561665602,-1.8244569391953425,-2.5984446695316286,-1.2052480629425648,2.846348174884817,358.75
288,-1.1926084018149428,-1.8520701344135948,-1.8244568995881032,-2.598444729974168,-1.2052480051542576,3.004587630451859,360.0
289,-1.1926083595109078,-1.8520701061394276,-1.824456858261216,-2.598444798864298,-1.2052479622918,3.152827086018912,361.25
290,-1.1926083231898308,-1.8520700776011316,-1.8244568185608898,-2.5984448664808606,-1.205247925421236,3.291066541585983,362.5
291,-1.1926083010038004,-1.8520700461450161,-1.8244567804336795,-2.598444935645788,-1.2052479026691392,3.419305997153066,363.75
292,-1.1926082842064938,-1.852070015557803,-1.824456744866678,-2.5984450014646745,-1.2052478853319983,3.53754545272016,365.0
293,-1.1926082736198533,-1.8520699864236243,-1.824456712697265,-2.5984450625299176,-1.2052478742431785,3.645784908287252,366.25
294,-1.1926082726498184,-1.8520699579362536,-1.8244566842024272,-2.5984451194195475,-1.20524787280293,3.7440243638543484,367.5
295,-1.1926082717785256,-1.8520699323486776,-1.824456658608133,-2.598445170518262,-1.2052478715092874,3.832263819421457,368.75
296,-1.1926082730480134,-1.852069909541155,-1.8244566364402792,-2.598445215450156,-1.2052478724068534,3.910503274988566,370.0
297,-1.1926082814492014,-1.8520698892210423,-1.8244566189841886,-2.5984452532964815,-1.2052478804928133,3.9787427305556804,371.25
298,-1.192608288619256,-1.8520698718786952,-1.8244566040861623,-2.5984452855967013,-1.2052478873938337,4.036982186122785,372.5
299,-1.1926082945581769,-1.8520698575141172,-1.8244565917461966,-2.598445312350815,-1.2052478931099158,4.085221641689881,373.75
300,-1.1926082992659646,-1.8520698461273044,-1.8244565819642955,-2.5984453335588222,-1.2052478976410583,4.123461097256972,375.0
301,-1.1926083027426186,-1.8520698377182574,-1.8244565747404595,-2.598445349220724,-1.205247900987262,4.151700552824076,376.25
302,-1.1926083049881393,-1.8520698322869753,-1.8244565700746884,-2.598445359336519,-1.2052479031485266,4.1699400083911735,377.5
303,-1.1930133910713618,-1.8531744251154543,-1.8229549007417976,-2.5988452585276822,-1.2056521640736142,4.179185852321108,378.75
304,-1.194506159589757,-1.8572449425263187,-1.8174211451134243,-2.600318898853879,-1.2071418923349087,4.179751904510256,380.0
305,-1.1950647961143628,-1.8587682507170744,-1.8153502550188454,-2.6008703762371024,-1.2076993940867318,4.171371727318158,381.25
306,-1.195064794853014,-1.858768256231976,-1.8153502577615794,-2.6008703737657486,-1.2076993991815441,4.154270079504095,382.5
307,-1.1950647928541047,-1.8587682649716553,-1.8153502621080968,-2.6008703698492988,-1.2076994072554916,4.127168431690028,383.75
308,-1.1950647901176357,-1.8587682769361131,-1.8153502680583977,-2.600870364487752,-1.2076994183085747,4.090066783875971,385.0
309,-1.1950647866436068,-1.8587682921253483,-1.8153502756124822,-2.6008703576811087,-1.207699432340793,4.042965136061909,386.25
310,-1.1950647819645939,-1.8587683109879958,-1.815350283403034,-2.600870354557607,-1.2076994451975285,3.9858634929722334,387.5
311,-1.19506477641293,-1.8587683332050815,-1.8153502924021998,-2.6008703514711264,-1.2076994598326682,3.918761850382243,388.75
312,-1.195064774893804,-1.8587683565113844,-1.8153503108200029,-2.600870320386166,-1.207699464987375,3.8416602190938587,390.0
313,-1.1950647756055883,-1.858768381730535,-1.8153503356620002,-2.6008702715116256,-1.2076994649847148,3.754558593083709,391.25
314,-1.1950647763687035,-1.8587684098220594,-1.8153503634385215,-2.600870216674377,-1.207699464720685,3.657456979135075,392.5
315,-1.1950647850971423,-1.8587684388978698,-1.8153503949169099,-2.6008701567594095,-1.2076994731871475,3.5503553718282643,393.75
316,-1.1950648016283898,-1.858768468997806,-1.8153504300787118,-2.600870091759706,-1.2076994902126452,3.43325377256221,395.0
317,-1.1950648217046453,-1.8587685007462205,-1.8153504680009922,-2.6008700224066237,-1.2076995108302064,3.306152181094009,396.25
318,-1.1950648575115463,-1.8587685288787437,-1.8153505072829281,-2.6008699556037134,-1.2076995471845065,3.169050594988898,397.5
319,-1.1950648975475264,-1.8587685579415987,-1.8153505488273307,-2.6008698856745607,-1.2076995877928265,3.0219490096416366,398.75
320,-1.19506495409816,-1.8587685794142201,-1.8153505880575924,-2.60086982587768,-1.2076996448243351,2.864847431338775,400.0
321,-1.1950650176296207,-1.8587685978188921,-1.8153506264493926,-2.600869770083437,-1.2076997088015256,2.6987858381971153,401.25
322,-1.1950650866447277,-1.8587686069905667,-1.8153506574042024,-2.6008697310161244,-1.2076997781220427,2.538134010581139,402.5
323,-1.1950651541375872,-1.8587686088846562,-1.8153506806472466,-2.600869706895544,-1.207699845796697,2.3874821829652064,403.75
324,-1.1950652194595406,-1.8587686050695922,-1.8153506975313953,-2.600869694794942,-1.2076999112012925,2.2468303553493545,405.0
325,-1.1950652799545556,-1.8587685961666325,-1.8153507078332185,-2.6008696942783818,-1.2076999716841348,2.1161785277335574,406.25
326,-1.195065335650682,-1.8587685829985343,-1.8153507123789692,-2.600869703699511,-1.2077000272869285,1.9955267001178332,407.5
327,-1.1950653862865772,-1.858768570113609,-1.815350715604479,-2.6008697140826498,-1.2077000778228852,1.8848748725021762,408.75
328,-1.1950654287045024,-1.8587685517631276,-1.8153507107992297,-2.60086973782408,-1.2077001200322555,1.7842230448865668,410.0
329,-1.1950654669081062,-1.8587685352358134,-1.815350706471389,-2.6008697592067427,-1.2077001580480249,1.6935712172710016,411.25
330,-1.1950655008973883,-1.8587685205316646,-1.8153507026209603,-2.6008697782306385,-1.207700191870193,1.6129193896554725,412.5
331,-1.1950655256135345,-1.8587685036760715,-1.8153506936982442,-2.600869804333449,-1.2077002163630057,1.542267562039973,413.75
332,-1.1950655466655113,-1.8587684890758864,-1.81535068585648,-2.600869827051131,-1.2077002372207368,1.4816157344244998,415.0
333,-1.1950655642465338,-1.8587684768829165,-1.8153506793076277,-2.600869846023226,-1.2077002546395406,1.4309639068090378,416.25
334,-1.1950655783566009,-1.8587684670971587,-1.8153506740516896,-2.6008698612497314,-1.2077002686194156,1.390312079193595,417.5
335,-1.1950655889957131,-1.8587684597186138,-1.8153506700886672,-2.600869872730648,-1.2077002791603615,1.359660251578148,418.75
336,-1.1950655961638699,-1.8587684547472807,-1.8153506674185602,-2.6008698804659747,-1.2077002862623787,1.3390084239626856,420.0
337,-1.1952096270103416,-1.8591660586829986,-1.8148071547707838,-2.6010167862514546,-1.2078440091655278,1.3279044030764016,421.25
338,-1.1965888506897602,-1.8629735944876409,-1.8096024149400858,-2.6024235380109717,-1.2092202843201791,1.3249057251204952,422.5
339,-1.1974893326794622,-1.8654595080400747,-1.8062042800090272,-2.603341995776274,-1.2101188429195697,1.3314118964305075,423.75
340,-1.197489328130386,-1.8654595120929507,-1.8062042800358342,-2.6033419980173056,-1.2101188422100944,1.3460675688236634,425.0
341,-1.1974893204773402,-1.8654595189112237,-1.806204280080932,-2.6033420017874604,-1.2101188410165233,1.3707232412168235,426.25
342,-1.197489309720325,-1.8654595284948945,-1.806204280144321,-2.6033420070867375,-1.2101188393388562,1.4053789136099666,427.5
343,-1.1974892958593397,-1.8654595408439623,-1.8062042802260012,-2.603342013915137,-1.210118837177093,1.4500345860031172,428.75
344,-1.1974892792950809,-1.86545955569128,-1.8062042811130912,-2.603342019423485,-1.2101188380908223,1.5046902471473103,430.0
345,-1.1974892599226166,-1.8654595731068075,-1.806204282599467,-2.6033420243579006,-1.2101188411478867,1.5693459025288834,431.25
346,-1.1974892335908902,-1.8654595901959161,-1.8062042852788294,-2.6033420190920147,-1.2101188295488914,1.6440015506447387,432.5
347,-1.1974891982735654,-1.8654596054144426,-1.8062042896436217,-2.6033419980200616,-1.2101187955582509,1.7286571894217,433.75
348,-1.1974891587615852,-1.8654596224140678,-1.8062042945836947,-2.603341974204586,-1.2101187573555587,1.8233128190584496,435.0
349,-1.197489113738154,-1.8654596389191742,-1.8062042971860186,-2.6033419533759172,-1.2101187132996898,1.9279684418668936,436.25
350,-1.1974890611196756,-1.8654596513394646,-1.8062042928912159,-2.603341944440987,-1.210118660716941,2.042624056125243,437.5
351,-1.1974890039105626,-1.8654596648444102,-1.806204288217595,-2.603341934742633,-1.2101186035357259,2.167279661038889,438.75
352,-1.1974889417853924,-1.8654596696199515,-1.8062042732586003,-2.603341944004444,-1.2101185413411555,2.301935260367942,440.0
353,-1.1974888750052441,-1.8654596735062894,-1.8062042559323224,-2.6033419564565636,-1.2101184744743305,2.4465908589571628,441.25
354,-1.1974888082530322,-1.8654596664355725,-1.8062042276861545,-2.6033419907537407,-1.210118407454939,2.6012464517311424,442.5
355,-1.1974887388764206,-1.865459656044997,-1.8062041952953423,-2.603342032466605,-1.2101183377503528,2.7658410708069363,443.75
356,-1.1974886805189036,-1.8654596338831384,-1.8062041546609193,-2.603342094327744,-1.2101182788939142,2.928935023274452,445.0
357,-1.1974886300346284,-1.8654596101031955,-1.8062041149120531,-2.603342157035118,-1.2101182279014884,3.0820289757419177,446.25
358,-1.1974885928855683,-1.8654595809194583,-1.8062040740065513,-2.6033422264883095,-1.2101181901844122,3.2251229282093385,447.5
359,-1.1974885624253762,-1.8654595520060455,-1.8062040354943083,-2.6033422933789643,-1.210118159175686,3.3582168806766743,448.75
360,-1.1974885451456418,-1.8654595205568392,-1.8062039986371776,-2.6033423613411193,-1.2101181413348385,3.481310833143937,450.0
361,-1.197488529269692,-1.8654594916625342,-1.8062039647742685,-2.6033424237821117,-1.2101181249433597,3.594404785611144,451.25
362,-1.1974885262918737,-1.8654594626087175,-1.806203934847217,-2.603342482639767,-1.210118121476274,3.6974987380782878,452.5
363,-1.197488525382244,-1.8654594359528973,-1.8062039079688201,-2.603342536088272,-1.2101181201218436,3.79059269054539,453.75
364,-1.1974885245703248,-1.8654594121604045,-1.8062038839776529,-2.6033425837954263,-1.210118118912904,3.8736866430124364,455.0
365,-1.197488530647966,-1.865459390836022,-1.806203864635804,-2.6033426244951525,-1.2101181246499637,3.9467805954794613,456.25
366,-1.1974885383219458,-1.8654593722877593,-1.8062038485699943,-2.6033426591741664,-1.2101181320330527,4.009874547946463,457.5
367,-1.197488544779648,-1.8654593566792825,-1.8062038350505139,-2.603342688356772,-1.2101181382459683,4.06296850041345,458.75
368,-1.1974885500210717,-1.865459344010592,-1.806203824077363,-2.603342712042969,-1.2101181432887098,4.106062452880418,460.0
369,-1.1974885540462175,-1.865459334281685,-1.8062038156505444,-2.603342730232758,-1.2101181471612776,4.13915640534738,461.25
370,-1.1974885568550848,-1.8654593274925622,-1.8062038097700577,-2.603342742926138,-1.2101181498636717,4.162250357814369,462.5
371,-1.1974976198802914,-1.8654846495935353,-1.8061689987733645,-2.6033522941555813,-1.210127192520954,4.17537674734944,463.75
372,-1.1986117579247992,-1.8685985719133225,-1.801889262863698,-2.604525770260027,-1.2112388336676838,4.180667074814143,465.0
373,-1.1998392421259974,-1.8720292932834979,-1.7971741288178096,-2.6058186265204437,-1.212463568608036,4.17617606497873,466.25
374,-1.1998800787326647,-1.8721434347720616,-1.7970172616610438,-2.6058616372445558,-1.212504318177698,4.163854093485007,467.5
375,-1.1998800770945235,-1.8721434418527743,-1.797017265159826,-2.6058616342157714,-1.2125043246093907,4.141675331564603,468.75
376,-1.1998800747177745,-1.8721434521260516,-1.7970172702361449,-2.605861629821364,-1.2125043339410162,4.109496569644217,470.0
377,-1.1998800716024176,-1.8721434655918934,-1.797017276890001,-2.6058616240613324,-1.2125043461725749,4.067317807723826,471.25
378,-1.1998800675453272,-1.8721434824428536,-1.7970172845343426,-2.605861619123456,-1.2125043594804563,4.015139047915163,472.5
379,-1.199880062396948,-1.8721435028207025,-1.7970172927369423,-2.6058616166185233,-1.212504372521997,3.9529602911132415,473.75
380,-1.199880057718487,-1.8721435258780845,-1.7970173044306874,-2.605861606336886,-1.2125043846628336,3.8807815374626626,475.0
381,-1.1998800583825946,-1.8721435493708494,-1.7970173277695445,-2.6058615605955397,-1.2125043846473327,3.7986027972643273,476.25
382,-1.199880059113375,-1.8721435757110632,-1.7970173539886862,-2.6058615091177764,-1.2125043845072279,3.7064240631086847,477.5
383,-1.1998800605949178,-1.8721436047303097,-1.797017383170645,-2.605861451915554,-1.2125043849791166,3.604245335956671,478.75
384,-1.199880076244222,-1.8721436332063839,-1.797017416704152,-2.605861390155186,-1.2125044010986694,3.4920666199211947,480.0
385,-1.1998800932899532,-1.8721436642200389,-1.797017453229518,-2.605861322880054,-1.212504418667613,3.369887911499751,481.25
386,-1.199880121945645,-1.8721436933658255,-1.7970174915638273,-2.605861255878275,-1.2125044478650113,3.237709209167191,482.5
387,-1.1998801586388637,-1.8721437221848416,-1.797017532119391,-2.60586118713064,-1.2125044851253204,3.0955305090981033,483.75
388,-1.1998802071775463,-1.8721437466134683,-1.7970175720497057,-2.6058611235655897,-1.2125045341827045,2.9433518132030816,485.0
389,-1.1998802648591689,-1.872143768519251,-1.797017612364863,-2.6058610622694625,-1.2125045923602118,2.781184623424468,486.25
390,-1.1998803314526691,-1.8721437798882612,-1.797017644964024,-2.6058610193314578,-1.2125046592936595,2.61968415792475,487.5
391,-1.1998803957635462,-1.8721437884514216,-1.7970176740255368,-2.605860982695124,-1.2125047238924713,2.4681836924250726,488.75
392,-1.1998804606600453,-1.8721437847784286,-1.797017691016734,-2.6058609703411837,-1.2125047888738594,2.3266832269253888,490.0
393,-1.1998805210060755,-1.8721437812784318,-1.7970177067318163,-2.6058609590225217,-1.2125048492974135,2.195182761425747,491.25
394,-1.1998805764648166,-1.872143769316296,-1.7970177124137878,-2.6058609661030196,-1.2125049046813303,2.073682295926121,492.5
395,-1.1998806273242306,-1.8721437573190913,-1.7970177165956756,-2.605860974649538,-1.2125049554549705,1.9621818304265304,493.75
396,-1.1998806722248367,-1.872143743855463,-1.7970177174106987,-2.60586098793596,-1.212505000231882,1.8606813649269416,495.0
397,-1.1998807103270488,-1.8721437273979342,-1.7970177130613845,-2.6058610092705314,-1.2125050381450753,1.769180899427369,496.25
398,-1.1998807442651072,-1.8721437127390366,-1.7970177091873976,-2.605861028273469,-1.2125050719147725,1.687680433927791,497.5
399,-1.1998807740390107,-1.8721436998787673,-1.797017705788743,-2.6058610449447706,-1.212505101540973,1.616179968428217,498.75
400,-1.1998807955657864,-1.872143685610315,-1.797017698352711,-2.6058610669340574,-1.2125051228779427,1.5546795029286447,500.0
401,-1.1998808132283345,-1.872143673376057,-1.7970176917235077,-2.6058610860297824,-1.212505140375953,1.5031790374290486,501.25
402,-1.1998808274612927,-1.8721436635173616,-1.7970176863815162,-2.6058611014176334,-1.2125051544763221,1.4616785719294416,502.5
403,-1.199880838264661,-1.87214365603423,-1.7970176823267354,-2.6058611130976104,-1.2125051651790502,1.4301781064298513,503.75
404,-1.1998808456384396,-1.872143650926661,-1.7970176795591675,-2.605861121069713,-1.2125051724841371,1.4086776409302493,505.0
405,-1.1998808495826279,-1.8721436481946536,-1.7970176780788127,-2.605861125333941,-1.2125051763915826,1.3971771754306577,506.25
406,-1.199417709317372,-1.870865205407191,-1.7988355470556066,-2.6053185645033365,-1.2120434743990272,1.3947993135093995,507.5
407,-1.1992428561656379,-1.8703825532041165,-1.7995218530156245,-2.6051137272832174,-1.211869164266058,1.4013428418157126,508.75
408,-1.199107313283166,-1.8700084235568364,-1.800053850862041,-2.604954941661081,-1.2117340423454357,1.4176329745565757,510.0
409,-1.1988885648893404,-1.8694046274892564,-1.8009124254496531,-2.6046986825409295,-1.2115159733286958,1.443923107297437,511.25
410,-1.1985866109841616,-1.8685711650013763,-1.802097576778462,-2.6043449499227647,-1.2112149572158386,1.4802132400383106,512.5
411,-1.19819813965805,-1.8675075459707455,-1.803605101595628,-2.6038984047538225,-1.2108276630334676,1.526503463053368,513.75
412,-1.1977242630171518,-1.8662139354685787,-1.805436410331211,-2.603357482421275,-1.2103552092874952,1.5827937233529021,515.0
413,-1.197166201894182,-1.8646905142504402,-1.807593052210723,-2.6027204648975393,-1.2097988238376265,1.6490839836524425,516.25
414,-1.1965196477662943,-1.8629365660657589,-1.8100697366108411,-2.6019933151257524,-1.2091541760546154,1.7253743728677218,517.5
415,-1.1957874694573076,-1.860952568224048,-1.8128699855007702,-2.6011720630779047,-1.2084241494805423,1.8116647868582783,518.75
416,-1.1949651078125476,-1.8587377091914452,-1.8159883157710917,-2.600262957557745,-1.2076041602128744,1.9079553487841465,520.0
417,-1.1940548828536768,-1.8562923858791953,-1.8194275529721566,-2.599262799461607,-1.2066965408620294,2.0142459775821178,521.25
418,-1.1930524090605765,-1.8536157674996192,-1.823182534300266,-2.5981775381235295,-1.2056968827391614,2.130536783309789,522.5
419,-1.1919573879836516,-1.850707733883926,-1.8272530496573633,-2.5970075005210345,-1.2046048862573664,2.2568277563960515,523.75
420,-1.1907689104210308,-1.847568064396394,-1.8316381364007643,-2.595753860536514,-1.203419637735852,2.3931189015060195,525.0
421,-1.189484825580462,-1.8441962643813428,-1.8363354566909718,-2.5944194285565008,-1.202138975603753,2.539410252890348,526.25
422,-1.1881029322597152,-1.8405917876117246,-1.8413427073029571,-2.5930070312194533,-1.2007606878979091,2.695701840879463,527.5
423,-1.1866588740295465,-1.8368515655342907,-1.846522912223023,-2.591556955303185,-1.1993203127831447,2.8577703184526526,528.75
424,-1.185282899028512,-1.8333114520371747,-1.8514118292544228,-2.590198501020764,-1.19794777130829,3.011064909132111,530.0
425,-1.1839866363931142,-1.829999817395944,-1.8559712299462954,-2.5889416097380913,-1.1966546688554602,3.154359721271085,531.25
426,-1.1827723423627237,-1.826917137849249,-1.860203662931279,-2.5877832795554223,-1.1954432732627767,3.287654708559142,532.5
427,-1.1816426342844237,-1.824064030845977,-1.864111938490431,-2.5867201097204466,-1.194316214889234,3.4109498235804185,533.75
428,-1.1805997275337539,-1.8214410548226911,-1.8676983543387464,-2.585749267107574,-1.19327571987799,3.524245032386191,535.0
429,-1.1796421068810026,-1.8190477663672386,-1.8709614782604875,-2.584872611255963,-1.1923202660574053,3.627540365936658,536.25
430,-1.1787738228208426,-1.816885232695671,-1.8739054068943137,-2.5840850206571786,-1.191453923292845,3.720835755681133,537.5
431,-1.1779952270501837,-1.814953551591963,-1.8765304842325463,-2.5833860572428,-1.1906770449269584,3.804131205245999,538.75
432,-1.1773075805187767,-1.8132530539981992,-1.8788379886765993,-2.582774124840377,-1.189990897949242,3.877426694032888,540.0
433,-1.1767110180335312,-1.8117837783723636,-1.8808280498153822,-2.5822490568309386,-1.1893956177902125,3.9407222287548933,541.25
434,-1.1762087058754,-1.810546632174344,-1.8825037031294236,-2.5818069438058835,-1.1888943853648255,3.994017763476927,542.5
435,-1.175798727113608,-1.809541050922556,-1.8838631454428039,-2.581450133028256,-1.188485274987892,4.037313326681706,543.75
436,-1.1754822984222324,-1.8087673927030083,-1.884907521604017,-2.5811771345082004,-1.1881695088904953,4.070608909581581,545.0
437,-1.175260905968044,-1.8082260951007454,-1.8856382296836847,-2.580986128401636,-1.1879485800267178,4.093904492481458,546.25
438,-1.1751345497510424,-1.8079171581157676,-1.8860552696818078,-2.5808771147085627,-1.1878224883965594,4.107200075381335,547.5
439,-1.1747036600479712,-1.8068657442534157,-1.8874733349225092,-2.580507353217492,-1.1873924958415971,4.111011401749858,548.75
440,-1.1744319905144343,-1.8062032238880883,-1.8883666621923523,-2.580274584601734,-1.187121391017401,4.105884477712714,550.0
441,-1.1744316473064167,-1.8062031270886114,-1.888366347513373,-2.5802749919838863,-1.1871210467148228,4.091226280340235,551.25
442,-1.1744310699577278,-1.806202964251358,-1.8883658181565783,-2.5802756772870836,-1.1871204675248506,4.066568082967769,552.5
443,-1.174430258450444,-1.8062027353977397,-1.8883650740606719,-2.580276640740774,-1.187119653288763,4.031909890506196,553.75
444,-1.174429212691824,-1.8062024406383699,-1.888364114908791,-2.58027788353078,-1.1871186031862422,3.987251723153573,555.0
445,-1.174427932763582,-1.8062020798755376,-1.8883629409805467,-2.580279404610309,-1.1871173179413983,3.932593555800983,556.25
446,-1.1744270606758374,-1.806201842345709,-1.8883621488910873,-2.5802804251129214,-1.1871164422470168,3.8679353961831726,557.5
447,-1.1744270614009895,-1.8062018651023848,-1.8883621707357485,-2.5802803809487607,-1.187116443018402,3.7932772477981525,558.75
448,-1.1744270622176713,-1.8062018909039228,-1.8883621955183894,-2.58028033081599,-1.1871164438469413,3.7086191024783295,560.0
449,-1.1744270631250138,-1.8062019197498174,-1.8883622232408754,-2.58028027470637,-1.1871164447254703,3.6139609601675065,561.25
450,-1.1744270780542594,-1.8062019482756722,-1.8883622551360681,-2.5802802145874852,-1.187116460100016,3.509302829046406,562.5
451,-1.1744270950514448,-1.806201979371877,-1.8883622901368273,-2.580280148809834,-1.1871164776097376,3.3946447035700245,563.75
452,-1.1744271203551873,-1.8062020102023049,-1.8883623274456012,-2.580280081120909,-1.1871165034462385,3.26998658541173,565.0
453,-1.1744271572856697,-1.8062020393182154,-1.8883623666993947,-2.580280013384738,-1.1871165409153945,3.1353284741400147,566.25
454,-1.1744272019263846,-1.8062020671248438,-1.8883624070818592,-2.5802799459406334,-1.1871165860904385,2.9906703654991573,567.5
455,-1.1744272603914767,-1.80620208934949,-1.8883624463944209,-2.5802798853388182,-1.1871166450307462,2.8360122601038817,568.75
456,-1.174427328247455,-1.8062021060975482,-1.888362483368863,-2.580279832675961,-1.1871167132957199,2.672146290016835,570.0
457,-1.1744273999978259,-1.806202115566161,-1.888362514583367,-2.5802797930896193,-1.1871167853487106,2.5131171501009075,571.25
458,-1.1744274710152187,-1.8062021152514185,-1.8883625362139758,-2.580279772831517,-1.1871168565130108,2.3640880101850374,572.5
459,-1.1744275388301806,-1.8062021111576823,-1.8883625532410808,-2.5802797608973256,-1.1871169244084903,2.2250588702691667,573.75
460,-1.1744276015171862,-1.8062020999358606,-1.8883625618667295,-2.5802797643957716,-1.1871169870527376,2.09602973035334,575.0
461,-1.174427659229179,-1.8062020861231267,-1.8883625664778418,-2.5802797744180657,-1.187117044670511,1.9770005904375458,576.25
462,-1.1744277109038932,-1.8062020712962363,-1.8883625682544984,-2.5802797881960613,-1.1871170962221163,1.867971450521753,577.5
463,-1.1744277547397841,-1.8062020521594984,-1.888362563488109,-2.580279812697724,-1.1871171398502287,1.7689423106059847,578.75
464,-1.1744277941491117,-1.8062020349551995,-1.888362559203026,-2.580279834725201,-1.1871171790727595,1.6799131706902202,580.0
465,-1.1744278283780811,-1.8062020190890482,-1.8883625545980465,-2.580279855661044,-1.1871172131249381,1.600884030774478,581.25
466,-1.1744278535457888,-1.806202001501357,-1.8883625455481574,-2.5802798826233175,-1.1871172380693547,1.531854890858725,582.5
467,-1.1744278750675425,-1.8062019864615304,-1.8883625378092928,-2.580279905679665,-1.1871172594001644,1.4728257509429676,583.75
468,-1.174427892943343,-1.8062019739695714,-1.8883625313814492,-2.5802799248300867,-1.1871172771173681,1.4237966110271691,585.0
469,-1.1744279071731891,-1.806201964025477,-1.8883625262646304,-2.5802799400745817,-1.187117291220965,1.3847674711113744,586.25
470,-1.1744279177570809,-1.8062019566292467,-1.888362522458837,-2.5802799514131505,-1.187117301710955,1.3557383311955964,587.5
471,-1.1744279246950182,-1.8062019517808803,-1.8883625199640686,-2.580279958845793,-1.1871173085873383,1.336709191279807,588.75
472,-1.1747846027794904,-1.807093494069024,-1.8871967663515234,-2.5805567702484096,-1.1874734879757292,1.3268692471381047,590.0
473,-1.1764221484196058,-1.8111867072763117,-1.881844625451169,-2.5818276353887586,-1.1891087443796973,1.3256375933956288,591.25
474,-1.177133689141169,-1.8129652855501317,-1.8795190226930127,-2.582379850190177,-1.189819292636103,1.333553224734286,592.5
475,-1.1771336838146684,-1.812965290336597,-1.8795190228185463,-2.5823798524234376,-1.1898192922012125,1.3501224972150643,593.75
476,-1.1771336752734818,-1.812965298011822,-1.8795190230198426,-2.5823798560045317,-1.1898192915038537,1.3766917696958392,595.0
477,-1.1771336635176093,-1.8129653085758068,-1.879519023296902,-2.5823798609334583,-1.1898192905440268,1.4132610421766256,596.25
478,-1.177133648547051,-1.812965322028552,-1.8795190236497241,-2.582379867210218,-1.1898192893217316,1.459830314657409,597.5
479,-1.1771336309051226,-1.812965337987986,-1.8795190252030944,-2.5823798706494085,-1.189819292467885,1.5163995829772796,598.75
480,-1.1771336102481111,-1.8129653566958157,-1.8795190272454498,-2.582379873898805,-1.1898192970528703,1.5829688505859014,600.0
481,-1.1771335802220946,-1.812965373774217,-1.8795190306512242,-2.582379862406005,-1.1898192782291983,1.6595381079537237,601.25
482,-1.177133542293839,-1.8129653902624658,-1.879519035173078,-2.5823798397362197,-1.1898192416377456,1.746107359232243,602.5
483,-1.1771334999508638,-1.8129654086358387,-1.8795190402893212,-2.5823798141303445,-1.1898192005420054,1.8426765994338807,603.75
484,-1.1771334509142197,-1.8129654249182705,-1.879519041078125,-2.5823797954872685,-1.189819152200108,1.9492458329930593,605.0
485,-1.1771333947388603,-1.8129654383371154,-1.8795190365889571,-2.5823797857074533,-1.1898190960562862,2.065815058429947,606.25
486,-1.1771333337131886,-1.8129654519903373,-1.8795190308193217,-2.5823797769131502,-1.1898190350478326,2.192384275970539,607.5
487,-1.177133267512691,-1.812965455961805,-1.8795190141409832,-2.582379788647053,-1.1898189687662921,2.328953487933367,608.75
488,-1.177133196763365,-1.8129654594984101,-1.8795189956373408,-2.582379802572478,-1.1898188979198334,2.4755226993577946,610.0
489,-1.17713312656243,-1.8129654502069097,-1.8795189649944535,-2.5823798414335815,-1.189818827421163,2.6320919036190573,611.25
490,-1.1771330554745112,-1.812965436600256,-1.8795189299361006,-2.5823798889997436,-1.1898187559652482,2.797938708610182,612.5
491,-1.1771329949175797,-1.8129654135561453,-1.8795188890805283,-2.582379951930692,-1.1898186949133716,2.9591324288174015,613.75
492,-1.177132945523053,-1.8129653867689097,-1.8795188480875833,-2.582380018897932,-1.1898186449885881,3.11032614902459,615.0
493,-1.17713290704063,-1.8129653564133799,-1.8795188070475757,-2.582380089633088,-1.1898186059428286,3.2515198692317595,616.25
494,-1.1771328786206292,-1.8129653250074198,-1.8795187681137577,-2.5823801594595444,-1.189818576964458,3.382713589438883,617.5
495,-1.1771328607636342,-1.812965292332674,-1.8795187312315187,-2.5823802286571125,-1.1898185585516758,3.503907309645989,618.75
496,-1.1771328451186305,-1.812965262177515,-1.8795186974517304,-2.582380292272812,-1.1898185423955352,3.615101029853086,620.0
497,-1.1771328440866822,-1.8129652315784557,-1.8795186677685654,-2.5823803524524376,-1.189818540876793,3.7162947500601584,621.25
498,-1.1771328431567112,-1.8129652040032105,-1.8795186410186977,-2.5823804066850915,-1.1898185395081335,3.807488470267211,622.5
499,-1.1771328423287182,-1.8129651794517767,-1.8795186172021296,-2.5823804549707723,-1.1898185382895567,3.888682190474265,623.75
500,-1.1771328505101328,-1.8129651573898369,-1.8795185985628828,-2.582380495731085,-1.1898185461391555,3.959875910681312,625.0
501,-1.1771328583290526,-1.812965138379568,-1.8795185827399252,-2.5823805306267307,-1.1898185536738082,4.021069630888368,626.25
502,-1.17713286487024,-1.812965122475873,-1.879518569502681,-2.582380559819888,-1.189818559977182,4.072263351095447,627.5
503,-1.1771328701336952,-1.8129651096787507,-1.8795185588511525,-2.582380583310557,-1.1898185650492772,4.113457071302548,628.75
504,-1.1771328741194176,-1.8129650999881994,-1.8795185507853405,-2.5823806010987385,-1.1898185688900935,4.1446507915096324,630.0
505,-1.1771328768274079,-1.8129650934042192,-1.879518545305245,-2.5823806131844314,-1.1898185714996312,4.165844511716707,631.25
506,-1.177248734524337,-1.813258243285521,-1.879132916528333,-2.582473930761141,-1.189934257175132,4.177367983299444,632.5
507,-1.1787364407989072,-1.8170226158366214,-1.874181107910481,-2.5836721361967703,-1.191419755248021,4.180777234839643,633.75
508,-1.179800770867848,-1.8197157160032462,-1.8706384999196704,-2.5845293506343525,-1.1924825079557384,4.1745632295498885,635.0
509,-1.179800769812137,-1.8197157207931902,-1.8706385023295375,-2.584529348185829,-1.19248251256688,4.1601990787248955,636.25
510,-1.1798007680214637,-1.8197157289177852,-1.8706385064171007,-2.5845293440326973,-1.192482520388195,4.135834927899905,637.5
511,-1.1798007654958278,-1.8197157403770319,-1.8706385121823594,-2.584529338174958,-1.1924825314196834,4.101470777074911,638.75
512,-1.1798007622352298,-1.81971575517093,-1.8706385196253137,-2.584529330612612,-1.1924825456613453,4.057106626249906,640.0
513,-1.1798007579191703,-1.8197157736184164,-1.870638527773561,-2.5845293250626535,-1.192482560349879,4.002742482605408,641.25
514,-1.1798007526050602,-1.8197157956623606,-1.8706385368012868,-2.5845293208592635,-1.192482575980271,3.93837834312327,642.5
515,-1.1798007493122797,-1.8197158198639702,-1.8706385518558937,-2.5845293000492924,-1.192482586459828,3.8640142102759425,643.75
516,-1.1798007500262528,-1.8197158453395106,-1.8706385761622775,-2.5845292515070213,-1.1924825865028956,3.7796500871129575,645.0
517,-1.179800750800848,-1.8197158738193613,-1.8706386034061286,-2.5845291969647413,-1.1924825863511446,3.6852859723742037,646.25
518,-1.1798007556247865,-1.8197159043382223,-1.8706386339843641,-2.5845291368163985,-1.1924825904961596,3.580921864341385,647.5
519,-1.1798007723655208,-1.8197159349819514,-1.8706386687080097,-2.5845290717222507,-1.1924826077144812,3.466557764904811,648.75
520,-1.1798007905719228,-1.8197159683039406,-1.870638706471496,-2.5845290009229327,-1.1924826264542845,3.342193674966917,650.0
521,-1.179800824713796,-1.8197159980060773,-1.8706387456670357,-2.584528932605496,-1.1924826611396315,3.20782959025879,651.25
522,-1.1798008638177988,-1.8197160288649723,-1.8706387875110928,-2.5845288605718784,-1.192482700822358,3.063465506517476,652.5
523,-1.1798009188908298,-1.8197160526037417,-1.8706388274523378,-2.5845287977805524,-1.1924827563925986,2.909101428471323,653.75
524,-1.1798009808355547,-1.8197160752989834,-1.8706388685202477,-2.5845287350059016,-1.1924828188321535,2.7447606344655333,655.0
525,-1.1798010536453347,-1.8197160849618423,-1.8706389004098227,-2.584528694567038,-1.1924828919526982,2.5813615035881443,656.25
526,-1.1798011234205017,-1.819716090577876,-1.8706389274614263,-2.5845286629562443,-1.1924829619676722,2.4279623727107786,657.5
527,-1.17980119250088,-1.8197160864586093,-1.870638944923529,-2.584528650632337,-1.192483031131398,2.2845632418334283,658.75
528,-1.179801256675776,-1.8197160800155239,-1.870638958626385,-2.5845286443117352,-1.1924830953420764,2.151164110956122,660.0
529,-1.1798013157651817,-1.819716065915803,-1.8706389633792786,-2.584528654500196,-1.192483154334424,2.027764980078829,661.25
530,-1.1798013700661116,-1.8197160529586982,-1.8706389677470003,-2.5845286638630074,-1.1924832085461614,1.9143658492015656,662.5
531,-1.1798014160305377,-1.819716034651091,-1.8706389643768553,-2.5845286861746777,-1.1924832543182546,1.8109667183243134,663.75
532,-1.1798014568615633,-1.8197160168548656,-1.870638959906748,-2.5845287089997924,-1.1924832949540214,1.717567587447077,665.0
533,-1.1798014933209193,-1.8197160009640383,-1.8706389559152392,-2.584528729381082,-1.1924833312390242,1.634168456569843,666.25
534,-1.1798015215752202,-1.8197159839534685,-1.8706389483003742,-2.5845287543798947,-1.192483359283461,1.5607693256926114,667.5
535,-1.179801544403312,-1.8197159680160988,-1.870638940035691,-2.5845287788774103,-1.1924833819070746,1.497370194815383,668.75
536,-1.1798015636307098,-1.819715954592546,-1.870638933074602,-2.584528799510912,-1.1924834009622465,1.443971063938122,670.0
537,-1.179801579257413,-1.8197159436828096,-1.8706389274171071,-2.5845288162804003,-1.1924834164489768,1.4005719330608566,671.25
538,-1.1798015912834212,-1.8197159352868875,-1.8706389230632086,-2.584528829185873,-1.1924834283672645,1.3671728021835936,672.5
539,-1.1798015997087345,-1.8197159294047798,-1.870638920012906,-2.5845288382273317,-1.1924834367171098,1.3437736713063333,673.75
540,-1.1798066113205055,-1.8197287506898807,-1.8706219479352273,-2.584533025075635,-1.1924884404124727,1.3303590233645675,675.0
541,-1.181010830517052,-1.8228133003573992,-1.8665402907224744,-2.5855387896329667,-1.1936907659649911,1.3248981822738397,676.25
542,-1.1823824793964608,-1.826326725183973,-1.861891125257443,-2.5866843927977614,-1.1950602591760022,1.3292212023653356,677.5
543,-1.182432506676876,-1.8264548814580386,-1.8617215461699006,-2.586726180582827,-1.1951102112933927,1.341496046325151,678.75
544,-1.1824324996262792,-1.8264548877821987,-1.8617215462954981,-2.586726183689132,-1.1951102105695732,1.3636172257784425,680.0
545,-1.1824324893884213,-1.8264548969652297,-1.861721546477872,-2.586726188199659,-1.195110209518547,1.3957384052317232,681.25
546,-1.1824324759633025,-1.8264549090071318,-1.861721546717023,-2.586726194114408,-1.1951102081403147,1.4378595846850084,682.5
547,-1.182432459598234,-1.8264549237372087,-1.8617215475163116,-2.5867261995727784,-1.1951102085649215,1.4899807613829166,683.75
548,-1.1824324404870339,-1.8264549410216842,-1.8617215492702237,-2.5867262031166103,-1.1951102124616928,1.5521019340399973,685.0
549,-1.182432416578732,-1.8264549598445943,-1.8617215516318357,-2.5867262028903233,-1.195110210383028,1.624223103689995,686.25
550,-1.1824323810443107,-1.8264549752689274,-1.8617215558924582,-2.5867261816668594,-1.1951101761238512,1.7063442598946967,687.5
551,-1.182432341166515,-1.8264549925614237,-1.8617215607089204,-2.5867261576972522,-1.1951101375562825,1.7984654102928501,688.75
552,-1.1824322967471674,-1.826455011383765,-1.861721565679409,-2.5867261317520893,-1.1951100943941124,1.9005865538474274,690.0
553,-1.1824322433819345,-1.8264550240937576,-1.8617215613870728,-2.586726122521356,-1.1951100410621984,2.0127076862212303,691.25
554,-1.1824321852559943,-1.8264550379384992,-1.8617215567083782,-2.586726112480806,-1.1951099829640393,2.134828811116746,692.5
555,-1.1824321221315888,-1.8264550456696176,-1.861721544556189,-2.5867261159667803,-1.1951099197985826,2.2669499300052243,693.75
556,-1.182432054088609,-1.8264550497044736,-1.861721527296238,-2.586726128190828,-1.195109851671281,2.409071046620564,695.0
557,-1.1824319846315623,-1.826455045822693,-1.8617215019478732,-2.5867261563747874,-1.1951097820012817,2.5611921590603695,696.25
558,-1.1824319128361473,-1.8264550362710064,-1.8617214703944154,-2.5867261963815364,-1.195109709897736,2.7233132649969005,697.5
559,-1.1824318493679187,-1.826455015324328,-1.8617214304198926,-2.5867262562965623,-1.195109645956969,2.888642334999761,698.75
560,-1.1824317922094658,-1.8264549928961062,-1.8617213909757928,-2.5867263172527166,-1.1951095883159069,3.044280679507345,700.0
561,-1.182431753003038,-1.8264549619448385,-1.8617213488783764,-2.586726389629237,-1.1951095485293635,3.1899190240149147,701.25
562,-1.1824317166732317,-1.8264549330384086,-1.8617213096512186,-2.586726457139341,-1.1951095116583879,3.3255573685224524,702.5
563,-1.1824316983877248,-1.8264548995712921,-1.861721271628054,-2.58672652826265,-1.1951094927977988,3.4511957130299624,703.75
564,-1.1824316815576263,-1.826454868767949,-1.8617212366312805,-2.586726593725003,-1.1951094754383909,3.5668340575374606,705.0
565,-1.182431674690489,-1.8264548386012618,-1.861721205347576,-2.5867266549881256,-1.1951094680737002,3.672472402044935,706.25
566,-1.1824316737258134,-1.826454810038733,-1.861721177449205,-2.5867267113543626,-1.1951094666499167,3.7681107465523853,707.5
567,-1.1824316728620043,-1.8264547844627232,-1.861721152467899,-2.5867267618269145,-1.195109465375005,3.8537490910598358,708.75
568,-1.1824316767490033,-1.8264547615975222,-1.8617211315831272,-2.5867268055706507,-1.1951094689045607,3.929387435567288,710.0
569,-1.1824316850315495,-1.8264547414641932,-1.8617211147047779,-2.586726842649376,-1.1951094768828914,3.9950257800747266,711.25
570,-1.18243169205225,-1.8264547243981775,-1.861721100397843,-2.586726874079159,-1.1951094836457237,4.050664124582182,712.5
571,-1.1824316978111047,-1.8264547103994762,-1.8617210886623226,-2.5867268998599986,-1.1951094891930576,4.09630246908968,713.75
572,-1.182431702308114,-1.8264546994680857,-1.8617210794982184,-2.5867269199918956,-1.195109493524893,4.13194081359716,715.0
573,-1.1824317055432774,-1.8264546916040072,-1.8617210729055313,-2.58672693447485,-1.19510949664123,4.157579158104644,716.25
574,-1.1824317075165953,-1.82645468680724,-1.861721068884261,-2.5867269433088613,-1.195109498542068,4.173217502612121,717.5
575,-1.1832504015884513,-1.828577557685497,-1.8588954868520036,-2.5874354997123667,-1.1959268313855804,4.180432711993938,718.75
576,-1.184784764072965,-1.8325561638886636,-1.8535998955980155,-2.5887634405262414,-1.1974586437398174,4.1783298777888636,720.0
577,-1.185026275032467,-1.8331824077772148,-1.852766360665104,-2.588972459397929,-1.1976997571971386,4.167851177350356,721.25
578,-1.1850262735704589,-1.833182414328935,-1.8527663639310714,-2.5889724562106218,-1.1976997633981563,4.14800808157314,722.5
579,-1.1850262713716662,-1.8331824241824186,-1.8527663688429352,-2.5889724514170585,-1.1976997727241991,4.11816498579592,723.75
580,-1.1850262684360895,-1.833182437337665,-1.8527663754006949,-2.5889724450172396,-1.1976997851752675,4.078321890018696,725.0
581,-1.1850262646771241,-1.8331824538793184,-1.8527663833458745,-2.5889724379932453,-1.1976997999970396,4.028478794776699,726.25
582,-1.1850262597258423,-1.8331824741679528,-1.852766391577385,-2.5889724345286567,-1.197699813976167,3.968635701940104,727.5
583,-1.1850262539471832,-1.8331824978468925,-1.8527664011844114,-2.5889724304851227,-1.1976998302912578,3.898792609103519,728.75
584,-1.1850262542908672,-1.8331825218028874,-1.8527664235394559,-2.5889723867532934,-1.1976998311440423,3.8189495319664477,730.0
585,-1.1850262550338906,-1.8331825485906161,-1.8527664493103695,-2.5889723354081253,-1.19769983110312,3.7291064586107723,731.25
586,-1.1850262558342046,-1.8331825783426967,-1.8527664780125432,-2.588972278075721,-1.1976998308438123,3.629263394328558,732.5
587,-1.185026269037239,-1.8331826080731397,-1.8527665108992175,-2.588972215890593,-1.1976998442156042,3.5194203396064054,733.75
588,-1.1850262863677763,-1.8331826397972137,-1.8527665470926151,-2.588972148248299,-1.1976998620546302,3.399577292320755,735.0
589,-1.1850263118217033,-1.8331826712663783,-1.852766585562137,-2.588972078728531,-1.1976998880500753,3.2697342518265184,736.25
590,-1.1850263492383757,-1.8331827008122987,-1.852766625877395,-2.5889720095070223,-1.197699926026304,3.1298912149779783,737.5
591,-1.1850263952412523,-1.8331827283488407,-1.852766666920332,-2.5889719416906947,-1.1976999725742212,2.9800481807939176,738.75
592,-1.1850264541892748,-1.8331827508358793,-1.852766707101718,-2.588971879965487,-1.197700032012163,2.8202051533774775,740.0
593,-1.1850265225718557,-1.8331827661184061,-1.8527667432378379,-2.5889718296107693,-1.1977001007892616,2.6539179932507624,741.25
594,-1.1850265920769856,-1.8331827753859231,-1.8527667738910913,-2.5889717907538445,-1.1977001705945862,2.4960011824449615,742.5
595,-1.1850266614337344,-1.8331827737299131,-1.8527667939054573,-2.588971773426634,-1.1977002400755106,2.3480843716391973,743.75
596,-1.1850267270588084,-1.833182769859383,-1.8527668106091155,-2.5889717615627426,-1.197700305781027,2.210167560833442,745.0
597,-1.1850267876417269,-1.833182757873538,-1.8527668178715229,-2.5889717671574712,-1.197700366302893,2.0822507500277103,746.25
598,-1.1850268434134208,-1.8331827446030688,-1.8527668223884342,-2.5889717767068863,-1.19770042198241,1.9643339392220018,747.5
599,-1.1850268928240033,-1.8331827294721674,-1.852766823118353,-2.5889717918035364,-1.197700471257059,1.8564171284163176,748.75
600,-1.1850269351045963,-1.8331827110735746,-1.8527668184569777,-2.5889718154435752,-1.1977005133336547,1.758500317610655,750.0
601,-1.1850269730671796,-1.8331826945539889,-1.8527668142716502,-2.5889718366693177,-1.1977005511130745,1.6705835068049926,751.25
602,-1.1850270053583194,-1.8331826788446646,-1.8527668091041147,-2.5889718579845713,-1.197700583221752,1.5926666959993392,752.5
603,-1.1850270295126142,-1.8331826619987908,-1.8527668002980089,-2.5889718839502587,-1.1977006071576104,1.5247498851936854,753.75
604,-1.1850270501104558,-1.8331826476332864,-1.8527667927885045,-2.588971906092786,-1.1977006275691782,1.4668330743880276,755.0
605,-1.1850270671518452,-1.8331826357481529,-1.8527667865755983,-2.588971924412154,-1.1977006444564564,1.4189162635823505,756.25
606,-1.1850270806367817,-1.833182626343388,-1.852766781659295,-2.5889719389083607,-1.1977006578194438,1.3809994527766694,757.5
607,-1.185027090565265,-1.8331826194189909,-1.852766778039594,-2.5889719495814068,-1.19770066765814,1.353082641970991,758.75
608,-1.1850270969372947,-1.833182614974962,-1.8527667757164958,-2.588971956431292,-1.1977006739725455,1.335165831165308,760.0
609,-1.1855003031607587,-1.834424762487766,-1.8511038847642247,-2.5893960555309476,-1.1981730497754892,1.3261750177177278,761.25
610,-1.1870623461367227,-1.8385250979180177,-1.8456146865622622,-2.5907959957056472,-1.1997323519466618,1.325978216335252,762.5
611,-1.187586165456321,-1.8399001242161437,-1.8437739156953366,-2.5912654586041595,-1.2002552544548886,1.334663485655601,763.75
612,-1.187586159917224,-1.8399001291756685,-1.843773915764353,-2.5912654611529535,-1.2002552537728144,1.3521920409151587,765.0
613,-1.1875861512180852,-1.8399001369645904,-1.8437739158727435,-2.5912654651558285,-1.2002552527016186,1.3797205961747205,766.25
614,-1.1875861393589047,-1.8399001475829102,-1.843773916020508,-2.591265470612785,-1.200255251241301,1.4172491514342869,767.5
615,-1.1875861243396821,-1.839900161030627,-1.8437739162076463,-2.591265477523822,-1.2002552493918617,1.4647777066938499,768.75
616,-1.1875861067616582,-1.8399001768997096,-1.8437739176388672,-2.5912654814659377,-1.2002552523856413,1.5223062492537087,770.0
617,-1.187586086164674,-1.839900195502445,-1.8437739193921496,-2.591265485824269,-1.2002552562180777,1.5898347911053397,771.25
618,-1.1875860555466802,-1.8399002117210834,-1.8437739228622037,-2.5912654726235367,-1.2002552339324866,1.6673633209842422,772.5
619,-1.187586018135333,-1.8399002279350785,-1.843773927375622,-2.591265450288233,-1.2002551978820797,1.7548918460546292,773.75
620,-1.1875859764165622,-1.8399002459797478,-1.8437739324841456,-2.5912654250568234,-1.2002551574315459,1.8524203591205313,775.0
621,-1.187585927709796,-1.839900261184823,-1.8437739323329578,-2.591265408614625,-1.20025510931104,1.959948865327256,776.25
622,-1.1875858724531527,-1.8399002743096038,-1.8437739278564769,-2.591265399126173,-1.2002550540866046,2.0774773635910986,777.5
623,-1.1875858124292362,-1.8399002865887897,-1.8437739210614885,-2.591265392742408,-1.2002549940709706,2.2050058542278816,778.75
624,-1.1875857473878597,-1.8399002904060675,-1.8437739044471897,-2.591265404580961,-1.200254928947419,2.342534339792412,780.0
625,-1.1875856784278866,-1.8399002925311767,-1.843773884961154,-2.5912654209202413,-1.2002548598699891,2.490062824288712,781.25
626,-1.1875856095162665,-1.8399002833245823,-1.8437738544624431,-2.5912654595703573,-1.2002547906590917,2.6475913017736388,782.5
627,-1.1875855411370169,-1.8399002686441746,-1.8437738188025783,-2.5912655088481884,-1.200254721893184,2.8137871964338355,783.75
628,-1.18758548240696,-1.8399002462271559,-1.8437737786286665,-2.591265570499388,-1.2002546626723598,2.974014769618794,785.0
629,-1.1875854359776135,-1.8399002191900187,-1.8437737378026342,-2.5912656375938354,-1.200254615704411,3.1242423428037425,786.25
630,-1.1875853986865041,-1.8399001897371514,-1.8437736974815442,-2.5912657067289295,-1.2002545778556009,3.264469915988622,787.5
631,-1.187585372689191,-1.839900158630328,-1.8437736590805351,-2.591265775762076,-1.2002545512985106,3.394697489173498,788.75
632,-1.1875853554029077,-1.839900126992552,-1.8437736228853652,-2.591265843249033,-1.2002545334628913,3.5149250623583446,790.0
633,-1.1875853416337976,-1.8399000974921667,-1.8437735898697483,-2.5912659054775267,-1.2002545191866891,3.6251526355431745,791.25
634,-1.1875853406336896,-1.8399000679307336,-1.843773560785638,-2.5912659640261975,-1.2002545177063948,3.7253802087279873,792.5
635,-1.1875853397333658,-1.8399000413187365,-1.8437735346033304,-2.591266016733295,-1.200254516373794,3.8156077819127825,793.75
636,-1.1875853390167537,-1.8399000176512468,-1.8437735113442664,-2.591266063583547,-1.2002545152729185,3.8958353550975797,795.0
637,-1.1875853477693101,-1.8398999963833553,-1.8437734933802514,-2.591266102887299,-1.2002545237006974,3.9660629282823927,796.25
638,-1.1875853552755533,-1.8398999781438885,-1.8437734779742085,-2.5912661365944247,-1.2002545309284094,4.026290501467203,797.5
639,-1.1875853615354837,-1.8398999629328485,-1.8437734651261346,-2.591266164704924,-1.2002545369560542,4.07651807465203,798.75
640,-1.1875853665490999,-1.8398999507502336,-1.8437734548360323,-2.591266187218796,-1.2002545417836323,4.116745647836863,800.0
641,-1.1875853703164032,-1.8398999415960424,-1.8437734471039022,-2.5912662041360415,-1.2002545454111435,4.1469732210217085,801.25
642,-1.1875853728373928,-1.8398999354702754,-1.843773441929745,-2.5912662154566592,-1.2002545478385878,4.167200794206529,802.5
643,-1.1877761145412327,-1.840406803613435,-1.8430910059585734,-2.591443126799642,-1.2004449367966872,4.1779721902206095,803.75
644,-1.1892431221606825,-1.8443052124087556,-1.8378423285219734,-2.592803728597932,-1.2019092318903186,4.18049124755949,805.0
645,-1.1901095540720577,-1.8466076629478605,-1.834742397043346,-2.5936073146823855,-1.2027740642912672,4.173603083878454,806.25
646,-1.1901095529512207,-1.8466076679103156,-1.8347423994967893,-2.5936073123823498,-1.2027740689088426,4.15842263131569,807.5
647,-1.190109551092041,-1.8466076761417476,-1.834742403566418,-2.593607308567183,-1.202774076568208,4.133242178752921,808.75
648,-1.1901095484945188,-1.8466076876421567,-1.8347424092522324,-2.593607303236886,-1.202774087269364,4.098061726190113,810.0
649,-1.1901095451586543,-1.8466077024115424,-1.8347424165542328,-2.5936072963914594,-1.20277410101231,4.05288127362733,811.25
650,-1.1901095407203568,-1.846607720800137,-1.8347424244017114,-2.5936072920741537,-1.2027741145935629,3.9977008234717886,812.5
651,-1.1901095353186983,-1.8466077426741623,-1.8347424332036488,-2.5936072887405626,-1.202774129236762,3.9325203742917614,813.75
652,-1.1901095325372328,-1.846607766348813,-1.8347424490398065,-2.593607265418537,-1.2027741376283583,3.8573399331955227,815.0
653,-1.1901095332408929,-1.8466077914340482,-1.8347424733355964,-2.593607217223565,-1.2027741376371506,3.7721595005432356,816.25
654,-1.1901095340022083,-1.8466078194463131,-1.8347425005485576,-2.5936071630915825,-1.202774137434822,3.676979077493927,817.5
655,-1.1901095399348631,-1.846607849158397,-1.8347425311824048,-2.5936071035636035,-1.2027741428084369,3.5717986611828683,818.75
656,-1.1901095563900137,-1.846607879277143,-1.8347425657895726,-2.5936070391018906,-1.2027741597465123,3.4566182533057974,820.0
657,-1.1901095742754855,-1.846607912009735,-1.8347426034045016,-2.5936069690320736,-1.202774178169848,3.331437854207212,821.25
658,-1.1901096091021812,-1.846607940626408,-1.8347426422792392,-2.593606902133848,-1.2027742135387747,3.196257460926669,822.5
659,-1.1901096474773725,-1.8466079709382597,-1.834742683920197,-2.5936068308371034,-1.2027742524941902,3.0510770680314305,823.75
660,-1.1901097027437537,-1.8466079934119832,-1.8347427231970117,-2.5936067699748304,-1.2027743082475366,2.8958966813402016,825.0
661,-1.1901097644041903,-1.8466080145968367,-1.8347427632185418,-2.593606709748882,-1.2027743703877072,2.73088585201691,826.25
662,-1.190109835092737,-1.846608024057327,-1.8347427946154082,-2.5936066699745535,-1.202774441385179,2.568309708242396,827.5
663,-1.1901099032472238,-1.8466080285291873,-1.8347428203443892,-2.593606640805116,-1.2027745097619351,2.4157335644677844,828.75
664,-1.190109970266391,-1.8466080246144039,-1.8347428375241581,-2.5936066285314734,-1.2027745768645488,2.2731574206929857,830.0
665,-1.1901100324691178,-1.8466080175535176,-1.8347428501207992,-2.5936066239063833,-1.2027746390890077,2.140581276918083,831.25
666,-1.1901100897407737,-1.8466080039620667,-1.8347428547919233,-2.593606633645666,-1.2027746962654118,2.0180051331430384,832.5
667,-1.1901101423400988,-1.8466079914794375,-1.8347428590819617,-2.5936066425904003,-1.2027747487772564,1.9054289893678635,833.75
668,-1.190110186478659,-1.8466079731727725,-1.8347428550305027,-2.593606665558125,-1.2027747927150898,1.8028528455926174,835.0
669,-1.1901102259674934,-1.8466079560162962,-1.834742850645464,-2.5936066876428807,-1.2027748320116904,1.710276701817239,836.25
670,-1.1901102611907768,-1.846607940713051,-1.8347428467340903,-2.59360670734206,-1.202774867063505,1.627700558041817,837.5
671,-1.1901102879909835,-1.8466079239790574,-1.8347428387850828,-2.5936067323797367,-1.2027748936504994,1.5551244142663156,838.75
672,-1.19011030997523,-1.8466079086635316,-1.8347428307124996,-2.593606756054413,-1.2027749154340228,1.4925482704907715,840.0
673,-1.1901103284462775,-1.8466078957955097,-1.8347428239299561,-2.5936067759457515,-1.2027749337364242,1.4399721267152032,841.25
674,-1.190110343404126,-1.8466078853749905,-1.8347428184374532,-2.593606792053751,-1.202774948557703,1.3973959829395937,842.5
675,-1.190110354848775,-1.8466078774019734,-1.8347428142349926,-2.5936068043784113,-1.202774959897859,1.3648198391640012,843.75
676,-1.1901103627802248,-1.8466078718764583,-1.8347428113225748,-2.5936068129197323,-1.2027749677568922,1.34224369538844,845.0
677,-1.190136545785538,-1.846678295645321,-1.834647455091559,-2.593631928602246,-1.2028010997915508,1.3295796668133608,846.25
678,-1.191375496785973,-1.850011378212772,-1.8301346191642935,-2.594820350487176,-1.2040376404173692,1.3247714749533916,847.5
679,-1.1925826165554656,-1.853258838132244,-1.8257377163085868,-2.5959782414018537,-1.205242413093147,1.3297673868796642,848.75
680,-1.1926004519629492,-1.8533068342812056,-1.8256727367334358,-2.5959953552020165,-1.205260217246337,1.3426258205986967,850.0
681,-1.1926004448204928,-1.8533068406652806,-1.8256727367866215,-2.5959953586178064,-1.2052602162241202,1.3654229827631745,851.25
682,-1.1926004345449899,-1.853306849849737,-1.8256727368631367,-2.5959953635319355,-1.2052602147535065,1.3982201449276843,852.5
683,-1.1926004211364407,-1.853306861834575,-1.8256727369629822,-2.5959953699444043,-1.205260212834497,1.4410173070921914,853.75
684,-1.1926004048808918,-1.8533068764286198,-1.8256727376510489,-2.5959953757954928,-1.205260212982203,1.4938144613829862,855.0
685,-1.1926003858903595,-1.8533068935570074,-1.8256727391485503,-2.595995380278608,-1.2052602161815518,1.556611606966149,856.25
686,-1.192600361592836,-1.8533069116977732,-1.8256727414063088,-2.5959953793170403,-1.2052602111736685,1.6294087483809376,857.5
687,-1.192600326632812,-1.8533069268271696,-1.8256727456484123,-2.5959953584631106,-1.2052601775096765,1.7122058773763356,858.75
688,-1.192600287433061,-1.8533069437718428,-1.8256727504464885,-2.595995334902968,-1.2052601396313551,1.8050029996082086,860.0
689,-1.1926002434976626,-1.8533069616738787,-1.8256727547344014,-2.595995310726666,-1.2052600968932912,1.907800114918765,861.25
690,-1.1926001911065744,-1.853306974085917,-1.825672750461338,-2.5959953017843733,-1.2052600445371517,2.020597219836756,862.5
691,-1.1926001340695676,-1.8533069875995565,-1.8256727458057236,-2.595995292063341,-1.205259987528724,2.143394316565561,863.75
692,-1.192600072128279,-1.8533069943711542,-1.825672732982917,-2.595995297194275,-1.2052599255390044,2.2761914074452223,865.0
693,-1.192600005410273,-1.8533069982518149,-1.8256727158175712,-2.5959953094943753,-1.2052598587356758,2.418988496481786,866.25
694,-1.1925999376865084,-1.853306993499962,-1.8256726898705735,-2.595995339168009,-1.2052597907844917,2.5717855809404493,867.5
695,-1.1925998673288984,-1.853306984069497,-1.8256726585076217,-2.595995378882906,-1.205259720117717,2.7345826590135776,868.75
696,-1.1925998063631682,-1.853306962727627,-1.8256726184145775,-2.5959954393472158,-1.2052596586687414,2.8994217993642213,870.0
697,-1.1925997518419873,-1.8533069401830038,-1.8256725791675001,-2.5959955002614508,-1.2052596036588548,3.0543774228491443,871.25
698,-1.1925997137571211,-1.8533069100992345,-1.825672537692521,-2.595995571168071,-1.205259564998316,3.199333046334213,872.5
699,-1.192599679546377,-1.8533068815496037,-1.8256724989397997,-2.5959956378804576,-1.205259530245516,3.334288669819457,873.75
700,-1.192599661795427,-1.853306849070438,-1.825672461506671,-2.5959957074383375,-1.2052595119245837,3.4592442933048235,875.0
701,-1.1925996454650578,-1.8533068191905353,-1.8256724270692486,-2.5959957714296125,-1.2052594950698465,3.5741999167902843,876.25
702,-1.1925996397551586,-1.8533067897293591,-1.8256723963806105,-2.5959958314134397,-1.2052594888658457,3.679155540275878,877.5
703,-1.1925996388176934,-1.853306762072994,-1.8256723689620562,-2.595995886398719,-1.2052594874743012,3.774111163761544,878.75
704,-1.1925996379789547,-1.85330673732919,-1.8256723444310097,-2.5959959355933693,-1.2052594862293038,3.859066787247319,880.0
705,-1.1925996424074485,-1.8533067151973486,-1.825672324117182,-2.5959959780447948,-1.2052594903058444,3.9340224107331436,881.25
706,-1.1925996504042997,-1.8533066957762747,-1.8256723075835017,-2.5959960140661114,-1.2052594980029163,3.9989780342190286,882.5
707,-1.1925996571700255,-1.8533066793451005,-1.8256722935952014,-2.5959960445419012,-1.2052595045150143,4.053933657704925,883.75
708,-1.1925996627046258,-1.8533066659038266,-1.8256722821522797,-2.5959960694721635,-1.2052595098421386,4.098889281190875,885.0
709,-1.1925996670081012,-1.853306655452451,-1.8256722732547401,-2.5959960888569,-1.2052595139842888,4.133844904676815,886.25
710,-1.1925996700804513,-1.8533066479909739,-1.8256722669025816,-2.5959961026961085,-1.2052595169414653,4.15880052816274,887.5
711,-1.1925996719216758,-1.8533066435193946,-1.8256722630958047,-2.5959961109897898,-1.2052595187136677,4.173756151648654,888.75
712,-1.1934683779415323,-1.8556726086354796,-1.822451036638303,-2.59685741020241,-1.2061264490210015,4.180482320972752,890.0
713,-1.1948852488616641,-1.8595315371490009,-1.8171971715002113,-2.5982621956792205,-1.2075404248729547,4.177769189688038,891.25
714,-1.1950562456894247,-1.8599972622856518,-1.816563101034147,-2.598431733211923,-1.2077110762034824,4.166872006238863,892.5
715,-1.1950562441819086,-1.859997268881893,-1.81656310427148,-2.598431730296652,-1.2077110822374881,4.146490267942466,893.75
716,-1.195056241934752,-1.8599972787144825,-1.8165631090971628,-2.5984317259510474,-1.2077110912319902,4.116108529646035,895.0
717,-1.1950562389479549,-1.8599972917834209,-1.8165631155111956,-2.5984317201751077,-1.2077111031869885,4.0757267913496085,896.25
718,-1.1950562351081877,-1.8599973081962045,-1.8165631231847237,-2.5984317142029227,-1.207711117095251,4.025345054487107,897.5
719,-1.195056230098322,-1.8599973282536397,-1.8165631311975192,-2.5984317114878226,-1.207711130138258,3.9649633223597376,898.75
720,-1.1950562243086569,-1.8599973516101869,-1.8165631406201366,-2.5984317080404367,-1.2077111452230476,3.8945815903928707,900.0
721,-1.1950562249650885,-1.8599973749844478,-1.8165631634426007,-2.598431662933401,-1.2077111452174043,3.8141998748471844,901.25
722,-1.1950562256941015,-1.8599974012597253,-1.816563189129146,-2.5984316121088824,-1.2077111451330438,3.723818163072849,902.5
723,-1.1950562264818843,-1.859997430425542,-1.8165632177175217,-2.598431555405856,-1.2077111448513196,3.6234364598715736,903.75
724,-1.1950562402095923,-1.85999745938281,-1.8165632505265854,-2.5984314940032007,-1.2077111588347358,3.5130547668770076,905.0
725,-1.1950562572040575,-1.8599974904732,-1.8165632865257888,-2.5984314271797633,-1.2077111763416255,3.392673081244851,906.25
726,-1.1950562830067437,-1.8599975209419033,-1.8165633246785045,-2.5984313589830728,-1.207711202685823,3.2622914022853586,907.5
727,-1.195056319669534,-1.859997549900203,-1.816563364750754,-2.5984312905787905,-1.207711239908722,3.121909726658051,908.75
728,-1.1950563655432742,-1.8599975763292984,-1.816563405236037,-2.598431224422595,-1.2077112863203463,2.971528053988812,910.0
729,-1.1950564232734857,-1.859997598388265,-1.8165634451557577,-2.59843116336846,-1.207711344541042,2.8111463879860557,911.25
730,-1.1950564905816474,-1.8599976126342426,-1.8165634804019113,-2.598431114923006,-1.2077114122324952,2.6449962721379836,912.5
731,-1.195056558186343,-1.8599976217073637,-1.816563510648111,-2.598431076640701,-1.2077114801361242,2.4876246779245337,913.75
732,-1.1950566259140825,-1.8599976194756687,-1.8165635298018394,-2.598431060726824,-1.2077115479773044,2.340253083710964,915.0
733,-1.1950566897115058,-1.8599976157799643,-1.8165635462749874,-2.5984310488947053,-1.2077116118553997,2.2028814894972637,916.25
734,-1.1950567485683745,-1.859997603619679,-1.816563552855997,-2.598431055322334,-1.2077116706428939,2.0755098952833806,917.5
735,-1.1950568027493564,-1.8599975907932462,-1.8165635573070045,-2.5984310644742816,-1.207711724733191,1.958138301069412,918.75
736,-1.1950568504989076,-1.8599975757390848,-1.8165635575369756,-2.5984310799726336,-1.207711772341194,1.85076670685529,920.0
737,-1.1950568915337925,-1.8599975579390848,-1.8165635529464699,-2.5984311029292937,-1.2077118131745261,1.7533951126410956,921.25
738,-1.195056928354423,-1.8599975419671382,-1.816563548827399,-2.5984311235283206,-1.2077118498143031,1.6660235184268237,922.5
739,-1.195056959349419,-1.8599975265504733,-1.81656354341856,-2.5984311447761037,-1.2077118806246587,1.5886519242124546,923.75
740,-1.1950569827334587,-1.8599975102789337,-1.816563534768624,-2.5984311700035643,-1.2077119037931412,1.5212803299980555,925.0
741,-1.1950570026465936,-1.8599974964225874,-1.8165635274026022,-2.5984311914865006,-1.2077119235227143,1.463908735783609,926.25
742,-1.1950570190888241,-1.8599974849814358,-1.8165635213204916,-2.5984312092249127,-1.2077119398133787,1.4165371415691446,927.5
743,-1.1950570320601497,-1.8599974759554772,-1.816563516522296,-2.5984312232188,-1.2077119526651332,1.3791655473546618,928.75
744,-1.1950570415605701,-1.8599974693447108,-1.8165635130080156,-2.5984312334681623,-1.207711962077978,1.351793953140189,930.0
745,-1.1950570475900857,-1.8599974651491367,-1.8165635107776503,-2.598431239973,-1.2077119680519126,1.3344223589257476,931.25
746,-1.1955697556017961,-1.8614111627666963,-1.8146282119776354,-2.598956381335223,-1.2082235763505624,1.3258296422710236,932.5
747,-1.197044303586291,-1.8654769862666298,-1.809062264081675,-2.6004666878438707,-1.2096949619822421,1.3261067748854416,933.75
748,-1.197480864123543,-1.8666807402820367,-1.8074143769535442,-2.600913839247321,-1.2101305884943532,1.3351225615882045,935.0
749,-1.19748085855326,-1.8666807452526109,-1.8074143769686863,-2.600913842004992,-1.2101305875884185,1.3530548388503716,936.25
750,-1.1974808498766876,-1.866680752995044,-1.8074143769922726,-2.6009138463004886,-1.2101305861772857,1.3809871161125713,937.5
751,-1.1974808380938262,-1.8666807635093363,-1.807414377024303,-2.6009138521338104,-1.2101305842609555,1.4189193933747748,938.75
752,-1.1974808232046763,-1.8666807767954876,-1.8074143770647775,-2.6009138595049577,-1.2101305818394272,1.4668516706369683,940.0
753,-1.1974808058272088,-1.8666807924461932,-1.8074143783176702,-2.6009138640547222,-1.21013058440219,1.5247839305133228,941.25
754,-1.1974807854583327,-1.8666808107930408,-1.8074143798028262,-2.6009138693319342,-1.2101305874802524,1.5927161901961868,942.5
755,-1.1974807550100133,-1.866680826420882,-1.8074143832613372,-2.600913855688504,-1.2101305640484328,1.6706484371721397,943.75
756,-1.1974807183248304,-1.866680842270857,-1.807414387745212,-2.6009138337984457,-1.2101305287298694,1.7585806794900756,945.0
757,-1.197480677438043,-1.866680859901709,-1.807414392817201,-2.6009138090855064,-1.2101304891386957,1.8565129100984399,946.25
758,-1.1974806295373273,-1.8666808744273982,-1.807414392272897,-2.6009137938117326,-1.2101304417807328,1.964445133363368,947.5
759,-1.1974805754156002,-1.8666808872193967,-1.807414387825146,-2.600913784639556,-1.2101303876922962,2.08237734874494,948.75
760,-1.1974805166255955,-1.866680898739585,-1.8074143806376344,-2.6009137794210235,-1.2101303289072263,2.2103095565776845,950.0
761,-1.19748045295035,-1.866680902415014,-1.807414364134215,-2.600913791307378,-1.2101302651489934,2.34824175950871,951.25
762,-1.1974803856652634,-1.8666809039142844,-1.8074143443377735,-2.600913808602874,-1.2101301977375922,2.4961739610713076,952.5
763,-1.1974803182248195,-1.866680894853651,-1.8074143140530399,-2.600913846913117,-1.2101301299973064,2.6541061557091155,953.75
764,-1.1974802519023113,-1.8666808799412942,-1.8074142783364426,-2.6009138965078753,-1.2101300632807206,2.8203920216888556,955.0
765,-1.1974801947183793,-1.866680858088278,-1.8074142386477687,-2.600913957133576,-1.21013000560831,2.98020922712971,956.25
766,-1.1974801501200796,-1.8666808313387353,-1.8074141980980403,-2.6009140236922748,-1.210129960468668,3.13002643257071,957.5
767,-1.1974801138224846,-1.8666808026724326,-1.807414158278215,-2.6009140915570663,-1.2101299236165546,3.2698436380118236,958.75
768,-1.1974800891540622,-1.8666807721411665,-1.8074141202920762,-2.600914159622392,-1.2101298983887054,3.3996608434534314,960.0
769,-1.1974800723347583,-1.8666807413833348,-1.8074140845640752,-2.600914225773171,-1.2101298810237167,3.51947804889514,961.25
770,-1.1974800595044766,-1.8666807125812657,-1.8074140520311166,-2.600914286838206,-1.2101298676889523,3.629295254336874,962.5
771,-1.19748005852931,-1.8666806838749652,-1.807414023341812,-2.6009143441417524,-1.2101298662372977,3.72911245977863,963.75
772,-1.1974800576518385,-1.8666806580445565,-1.8074139975266865,-2.6009143957044496,-1.2101298649310746,3.818929665220401,965.0
773,-1.1974800573511606,-1.8666806350623841,-1.8074139747099132,-2.600914441436887,-1.2101298642499918,3.8987468706622113,966.25
774,-1.197480065842826,-1.8666806144542831,-1.807413957020726,-2.600914479805846,-1.2101298724200675,3.9685640761040166,967.5
775,-1.19748007311822,-1.866680596797904,-1.8074139418651818,-2.600914512679174,-1.2101298794199336,4.028381281545791,968.75
776,-1.1974800791773432,-1.8666805820932504,-1.807413929243278,-2.6009145400568716,-1.2101298852495905,4.078198486987535,970.0
777,-1.197480084020195,-1.866680570340319,-1.8074139191550174,-2.6009145619389376,-1.2101298899090378,4.118015692429247,971.25
778,-1.1974800876467757,-1.8666805615391096,-1.8074139116004,-2.600914578325373,-1.2101298933982756,4.147832897870985,972.5
779,-1.1974800900570854,-1.8666805556896218,-1.8074139065794264,-2.600914589216178,-1.210129895717304,4.16765010331272,973.75
780,-1.1976960692067824,-1.8672834719397822,-1.806584057994314,-2.6011430031555745,-1.2103453893085045,4.178110551446858,975.0
781,-1.1990995089500878,-1.8712012836298024,-1.8011916600704376,-2.602627217026287,-1.2117456743018218,4.1802888293982,976.25
782,-1.1998716940563072,-1.8733569032279196,-1.7982247132843991,-2.6034438437887433,-1.2125161261435897,4.173155019524559,977.5
783,-1.199871692911803,-1.8733569081786228,-1.798224715698304,-2.603443841701074,-1.2125161305955583,4.157703026018215,978.75
784,-1.199871691026615,-1.8733569163332513,-1.7982247196744052,-2.6034438382623377,-1.2125161379286884,4.132251032511867,980.0
785,-1.199871688400743,-1.873356927691805,-1.798224725212703,-2.603443833472533,-1.2125161481429796,4.096799039005528,981.25
786,-1.1998716850341873,-1.8733569422542835,-1.798224732313197,-2.6034438273316614,-1.2125161612384323,4.0513470454991865,982.5
787,-1.1998716805506502,-1.873356960373235,-1.7982247398971158,-2.603443823862226,-1.2125161738369985,3.9958950564566935,983.75
788,-1.1998716751159868,-1.8733569818932723,-1.798224748439934,-2.6034438212912883,-1.2125161874275698,3.9304430689827647,985.0
789,-1.1998716725027,-1.8733570050305173,-1.7982247643881881,-2.6034437975919085,-1.2125161947630234,3.854991090095467,986.25
790,-1.1998716731928045,-1.8733570295644428,-1.7982247885470912,-2.6034437500270435,-1.2125161947436212,3.769539119225547,987.5
791,-1.1998716739396893,-1.873357056950247,-1.7982248156019784,-2.6034436966047503,-1.2125161945138676,3.6740871584758583,988.75
792,-1.1998716801384048,-1.8733570859014503,-1.7982248460836097,-2.6034436379158947,-1.2125162001950502,3.568635204492236,990.0
793,-1.1998716962441371,-1.8733571153476973,-1.7982248804532326,-2.6034435743554027,-1.2125162167861023,3.4531832588960136,991.25
794,-1.1998717137464825,-1.8733571473434727,-1.7982249178027367,-2.6034435052790528,-1.2125162348284653,3.3277313218700018,992.5
795,-1.1998717482453205,-1.8733571751418596,-1.7982249563474277,-2.6034434395240154,-1.212516269868154,3.192279390920808,993.75
796,-1.1998717857824983,-1.8733572047800584,-1.7982249976814357,-2.60344336919327,-1.2125163079850692,3.0468274602115932,995.0
797,-1.1998718402393418,-1.8733572264907596,-1.7982250365124346,-2.6034433095266936,-1.2125163629248337,2.891375536009365,996.25
798,-1.1998719003745206,-1.8733572467967403,-1.7982250757502616,-2.6034432509394803,-1.2125164235320953,2.727228550363126,997.5
799,-1.199871967539605,-1.8733572558278562,-1.798225106024733,-2.6034432126655958,-1.2125164909976565,2.5690014025665766,998.75
800,-1.1998720320529568,-1.873357260423503,-1.7982251310543933,-2.6034431840203274,-1.2125165557318538,2.4207742547700004,1000.0
801,-1.1998720954847917,-1.873357256774526,-1.7982251475556867,-2.603443172109729,-1.2125166192451342,2.2825471069733636,1001.25
802,-1.1998721542525494,-1.8733572511810948,-1.7982251606468225,-2.603443165478569,-1.2125166780515846,2.1543199591766724,1002.5
803,-1.1998722081793665,-1.8733572384438826,-1.79822516510982,-2.603443174527567,-1.212516731887562,2.036092811379941,1003.75
804,-1.1998722575448975,-1.873357226784027,-1.798225169195316,-2.603443182811176,-1.2125167811699364,1.9278656635831823,1005.0
805,-1.199872299718366,-1.873357211392412,-1.798225167294225,-2.6034432006952453,-1.212516823182138,1.8296385157863995,1006.25
806,-1.1998723364569546,-1.8733571954812054,-1.79822516315305,-2.603443221256074,-1.2125168597386535,1.7414113679895857,1007.5
807,-1.1998723690314534,-1.873357181373439,-1.798225159481246,-2.6034432394864617,-1.2125168921517167,1.6631842201927651,1008.75
808,-1.1998723963169173,-1.8733571681808812,-1.7982251550400963,-2.603443257494102,-1.2125169192791043,1.594957072395928,1010.0
809,-1.1998724162861616,-1.873357154302918,-1.7982251475973836,-2.603443279077129,-1.2125169390624992,1.5367299245991273,1011.25
810,-1.1998724328258643,-1.8733571428083728,-1.7982251414328914,-2.6034432969534613,-1.2125169554482702,1.4885027768023722,1012.5
811,-1.199872445936025,-1.8733571336972465,-1.7982251365466186,-2.6034433111230983,-1.2125169684364177,1.450275629005614,1013.75
812,-1.199872455616644,-1.8733571269695388,-1.7982251329385652,-2.6034433215860413,-1.2125169780269411,1.4220484812088647,1015.0
813,-1.199872461867721,-1.8733571226252486,-1.798225130608733,-2.603443328342289,-1.2125169842198409,1.4038213334121041,1016.25
814,-1.1998529157082602,-1.8733032280315067,-1.7983018752371693,-2.603420346379719,-1.2124974988646864,1.395527538467086,1017.5
815,-1.1992788194590642,-1.871720562330162,-1.8005556678380203,-2.602745344051387,-1.2119251890360438,1.3960191512851363,1018.75
816,-1.199199256042224,-1.8715012335347403,-1.8008680070997316,-2.6026517964725513,-1.211845873217587,1.4055810996241553,1020.0
817,-1.1990364842519234,-1.8710525280603763,-1.8015069944990791,-2.6024604157162927,-1.2116836079670217,1.4251430479631806,1021.25
818,-1.1987905040881621,-1.8703744459070704,-1.8024726300360623,-2.602171201782611,-1.211438393284348,1.4547049963021976,1022.5
819,-1.1984611610765763,-1.869466964354922,-1.8037647181762093,-2.6017843714166173,-1.2111100738086396,1.49426694909401,1023.75
820,-1.198043911022851,-1.8683294153165173,-1.805377506322745,-2.6013063009040085,-1.2106940792645409,1.543829025027891,1025.0
821,-1.1975424736049227,-1.8669623462233167,-1.807315702175911,-2.600731771455085,-1.210194150676869,1.603391100961854,1026.25
822,-1.1969560329876812,-1.8653656221984114,-1.8095783065800572,-2.600061908803323,-1.2096094680388303,1.6729532023635452,1027.5
823,-1.1962809206190057,-1.863538637002276,-1.8121608261334532,-2.5993017752712926,-1.2089363440387446,1.7525154317330953,1028.75
824,-1.1955200561561306,-1.8614818644824411,-1.8150668555649547,-2.598447332090142,-1.208177713033865,1.8420776868582798,1030.0
825,-1.194668536402334,-1.8591944449900666,-1.8182904952506567,-2.597505289241451,-1.2073286455068675,1.9416400974122074,1031.25
826,-1.193727782156909,-1.856676589195355,-1.8218335396857264,-2.596473655793787,-1.206390570182434,2.051202609844186,1032.5
827,-1.192696655240395,-1.8539280816943193,-1.8256946544944914,-2.5953539700514203,-1.2053623428914833,2.17076524139792,1033.75
828,-1.1915708095297117,-1.850948032620464,-1.8298688933764238,-2.594152024078444,-1.204239595100855,2.3003280934862067,1035.0
829,-1.190350601623592,-1.8477364378530918,-1.8343568335416405,-2.5928672480647315,-1.2030226857659445,2.4398911334255757,1036.25
830,-1.189034285889083,-1.8442928774098077,-1.839156627730297,-2.5915018912536416,-1.2017098606709684,2.5894543825078893,1037.5
831,-1.1876196522386824,-1.840616798545144,-1.8442659842673528,-2.590058775175141,-1.2002988990042687,2.749017872568179,1038.75
832,-1.1861901017637142,-1.8369277672518765,-1.8493780711743188,-2.588625741367279,-1.1988729765776291,2.9090352342132557,1040.0
833,-1.1848399327324581,-1.8334667948265198,-1.8541603165727771,-2.5872950113347244,-1.197526160103695,3.0590580859086103,1041.25
834,-1.1835712853468112,-1.8302344374847082,-1.8586149211847065,-2.5860638497176676,-1.1962606004227052,3.199081122126147,1042.5
835,-1.1823854236649858,-1.827230952040409,-1.8627433288182393,-2.584930568690675,-1.1950775681296322,3.3291043213697447,1043.75
836,-1.1812826607536842,-1.8244563473078412,-1.866546020827034,-2.583894680957934,-1.1939773782860084,3.4491276777746016,1045.0
837,-1.18026716023134,-1.8219116776156086,-1.8700272840849845,-2.5829508885416086,-1.1929642146202424,3.5591511184411004,1046.25
838,-1.1793398411170541,-1.8195971829259756,-1.8731880483630254,-2.5820980312909456,-1.1920390005396937,3.6591746362041455,1047.5
839,-1.1784996867033812,-1.8175125435660413,-1.8760274080467485,-2.5813373235824644,-1.1912007148558303,3.749198247951173,1048.75
840,-1.1777516493762918,-1.8156591343574902,-1.8785501883604658,-2.5806626174661456,-1.1904543330410438,3.8292218815222374,1050.0
841,-1.1770928708495778,-1.8140361277494914,-1.880753682012196,-2.580077417514156,-1.1897969837209057,3.8992455820565155,1051.25
842,-1.1765271268516804,-1.8126446022193998,-1.8826414986928768,-2.5795770754587335,-1.1892324600142605,3.959269300631974,1052.5
843,-1.176055636260824,-1.8114849059666547,-1.8842148035896338,-2.5791600907939056,-1.1887619864131478,4.009293019207371,1053.75
844,-1.1756755393189326,-1.8105561995012955,-1.8854709144282866,-2.57882995492358,-1.1883826901452195,4.049316781947625,1055.0
845,-1.1753901954445989,-1.8098594687523017,-1.8864129826024674,-2.5785825661903363,-1.1880979459179464,4.079340548613306,1056.25
846,-1.1751998909027748,-1.8093947977434304,-1.8870412766307616,-2.5784175750909393,-1.1879080412990555,4.099364315278992,1057.5
847,-1.175104625693461,-1.809162186474682,-1.8873557965131695,-2.5783349816253907,-1.1878129762885468,4.109388081944655,1058.75
848,-1.1744598013881176,-1.8075910855349335,-1.8894780982255348,-2.577779137893915,-1.1871694988246613,4.11023079174923,1060.0
849,-1.1744226619048663,-1.8075010036427657,-1.8895995394606127,-2.57774751024377,-1.1871324359198525,4.102200994860713,1061.25
850,-1.1744222421314066,-1.80750088565616,-1.8895991556759846,-2.5777480070171452,-1.18713201481578,4.084273035883553,1062.5
851,-1.1744215882133568,-1.8075007018580438,-1.889598557820904,-2.5777487808847375,-1.1871313588249182,4.056345076906396,1063.75
852,-1.174420700093687,-1.8075004523156601,-1.8895977457021151,-2.577749832570257,-1.1871304674424896,4.018417132514058,1065.0
853,-1.1744195777478073,-1.807500137057807,-1.88959671923662,-2.577751162384217,-1.1871293404518917,3.9704892032647,1066.25
854,-1.174418221228263,-1.8074997560224715,-1.8895954786025784,-2.5777527696593525,-1.1871279783185256,3.9125612740153226,1067.5
855,-1.1744178186765142,-1.8074996583381817,-1.8895951247636653,-2.5777532172016433,-1.1871275741292846,3.844633358702346,1068.75
856,-1.1744178194331758,-1.8074996821968479,-1.8895951474641584,-2.5777531710970725,-1.1871275749327592,3.7667054484198834,1070.0
857,-1.174417820277578,-1.8074997091116929,-1.8895951730979121,-2.577753118986723,-1.1871275757622026,3.678777543193622,1071.25
858,-1.1744178252231119,-1.8074997381163513,-1.8895952020111124,-2.5777530614827224,-1.1871275808141895,3.5808496423432334,1072.5
859,-1.1744178412218493,-1.8074997675293556,-1.8895952348239515,-2.5777529995595962,-1.1871275972924569,3.4729217497851104,1073.75
860,-1.1744178587035055,-1.8074997996672233,-1.889595270678181,-2.577752931894755,-1.1871276153022963,3.3549938651346567,1075.0
861,-1.1744178899008677,-1.8074998291776048,-1.8895953082538266,-2.5777528653508743,-1.187127647025853,3.227065988289102,1076.25
862,-1.1744179277272726,-1.8074998591613056,-1.8895953483148675,-2.5777527959549777,-1.1871276854035602,3.0891381163700062,1077.5
863,-1.1744179783973467,-1.8074998842362149,-1.8895953876731013,-2.5777527323483183,-1.1871277365746897,2.9412102459319613,1078.75
864,-1.174418038097286,-1.8074999070764601,-1.8895954276904998,-2.5777526704454488,-1.1871277967594691,2.7832823812616567,1080.0
865,-1.174418109972148,-1.8074999195163073,-1.8895954615934414,-2.577752625208963,-1.1871278689820373,2.6190563908057913,1081.25
866,-1.1744181803941827,-1.8074999285223339,-1.889595491794161,-2.577752587077031,-1.1871279396948733,2.463297129768011,1082.5
867,-1.1744182514905999,-1.8074999242651377,-1.88959550962868,-2.5777525745465755,-1.1871280108756672,2.317537868730189,1083.75
868,-1.1744183177093603,-1.8074999203000193,-1.88959552623963,-2.577752562875789,-1.1871280771730157,2.18177860769229,1085.0
869,-1.1744183786834763,-1.8074999056901753,-1.8895955311459556,-2.5777525734457356,-1.1871281380477516,2.056019346654372,1086.25
870,-1.1744184348090385,-1.8074998922397731,-1.889595535659938,-2.5777525831796804,-1.1871281940818006,1.9402600856164232,1087.5
871,-1.1744184834846316,-1.8074998751690152,-1.8895955344500666,-2.5777526021364885,-1.1871282425933094,1.8345008245784344,1088.75
872,-1.1744185258723576,-1.8074998566141725,-1.889595529899025,-2.577752625820634,-1.1871282847803293,1.7387415635404133,1090.0
873,-1.174418563833597,-1.8074998399969888,-1.8895955258232369,-2.57775264703148,-1.187128322561822,1.652982302502385,1091.25
874,-1.1744185947668702,-1.8074998232553634,-1.8895955194675682,-2.5777526705416043,-1.187128353298463,1.5772230414643404,1092.5
875,-1.1744186187420045,-1.8074998064446461,-1.8895955109059712,-2.577752696222901,-1.1871283770610954,1.5114637804263176,1093.75
876,-1.1744186390712446,-1.8074997921903324,-1.8895955036463339,-2.5777527179988473,-1.1871283972101485,1.4557045193882627,1095.0
877,-1.1744186557545904,-1.8074997804924242,-1.889595497688655,-2.577752735869444,-1.1871284137456228,1.4099452583503165,1096.25
878,-1.1744186687920413,-1.8074997713509182,-1.8895954930329375,-2.577752749834689,-1.187128426667517,1.37418599731233,1097.5
879,-1.174418678183597,-1.8074997647658146,-1.8895954896791811,-2.577752759894584,-1.1871284359758316,1.348426736274332,1098.75
880,-1.174418683929258,-1.8074997607371135,-1.8895954876273864,-2.577752766049128,-1.1871284416705663,1.332667475236351,1100.0
881,-1.1752647840238575,-1.8096120908587505,-1.8868290845418927,-2.578412991462688,-1.1879733520226228,1.3253769475132726,1101.25
882,-1.1768689173586526,-1.8136169062121084,-1.8815842043603466,-2.5796647218596656,-1.1895752304710934,1.3274105628014334,1102.5
883,-1.177124534013808,-1.8142550796521,-1.8807484286144662,-2.5798641874327846,-1.1898304907629496,1.3378750079029418,1103.75
884,-1.177124527632854,-1.8142550853957986,-1.8807484287440797,-2.5798641901264,-1.1898304902005443,1.3577095469614615,1105.0
885,-1.177124518034807,-1.8142550940353033,-1.8807484289390404,-2.5798641941780582,-1.1898304893545906,1.387544086019985,1106.25
886,-1.1771245052196682,-1.8142551055706144,-1.880748429199349,-2.579864199587759,-1.1898304882250885,1.4273786250784846,1107.5
887,-1.1771244892935224,-1.8142551199279893,-1.8807484297429027,-2.5798642055444185,-1.1898304877162003,1.4772131634730994,1108.75
888,-1.1771244707132067,-1.8142551367898694,-1.8807484315080387,-2.579864208555258,-1.189830491721529,1.5370476988565245,1110.0
889,-1.177124449027608,-1.814255156469834,-1.8807484335681774,-2.579864212069292,-1.1898304963962585,1.6068822342399391,1111.25
890,-1.1771244145157356,-1.8142551720485471,-1.8807484376076498,-2.5798641923134604,-1.1898304644382027,1.6867167540426582,1112.5
891,-1.1771243751492801,-1.8142551892013108,-1.8807484422624918,-2.5798641687212758,-1.1898304263984458,1.776551270089379,1113.75
892,-1.1771243313731354,-1.8142552082473344,-1.8807484474953133,-2.5798641422392348,-1.1898303838955735,1.876385777130393,1115.0
893,-1.1771242793013714,-1.8142552223973778,-1.8807484450382486,-2.5798641294514413,-1.1898303321018644,1.9862202746298232,1116.25
894,-1.1771242215530702,-1.814255236210161,-1.880748440391478,-2.579864119416553,-1.1898302743826492,2.1060547647082144,1117.5
895,-1.1771241588320933,-1.8142552464950747,-1.880748430847611,-2.5798641177451263,-1.1898302116449768,2.235889248022148,1118.75
896,-1.1771240910500747,-1.8142552505285154,-1.880748413786808,-2.5798641297770244,-1.1898301437802083,2.375723727690745,1120.0
897,-1.1771240205386673,-1.814255249680008,-1.8807483912415162,-2.5798641521199217,-1.1898300731041962,2.525558204663798,1121.25
898,-1.177123948875067,-1.8142552400989345,-1.8807483600359949,-2.5798641918114287,-1.1898300011368983,2.685392674850808,1122.5
899,-1.1771238814956417,-1.8142552218421302,-1.8807483218994188,-2.579864247148845,-1.1898299333261848,2.85168320042633,1123.75
900,-1.1771238221666709,-1.8142551991204612,-1.8807482819979562,-2.579864308823258,-1.1898298735127135,3.009611464871268,1125.0
901,-1.1771237788678777,-1.814255169235885,-1.8807482402254119,-2.5798643797501675,-1.189829829650796,3.157539729316274,1126.25
902,-1.1771237412762758,-1.8142551394230861,-1.8807482002805491,-2.579864448862868,-1.1898297915093783,3.2954679937613385,1127.5
903,-1.1771237188394423,-1.8142551063353936,-1.880748161892765,-2.579864519909898,-1.189829768503475,3.423396258206485,1128.75
904,-1.1771237014640366,-1.8142550743874604,-1.880748126149388,-2.5798645872514268,-1.189829750587752,3.5413245226516157,1130.0
905,-1.1771236909829357,-1.8142550438515201,-1.8807480938743992,-2.5798646498193243,-1.189829739603285,3.6492527870968,1131.25
906,-1.1771236899844204,-1.8142550141082507,-1.8807480652766673,-2.579864708060854,-1.1898297381341236,3.747181051542018,1132.5
907,-1.1771236890878694,-1.814254987402238,-1.8807480395992022,-2.5798647603550178,-1.189829736814986,3.8351093159872516,1133.75
908,-1.1771236907370413,-1.8142549635880723,-1.8807480174570819,-2.5798648062681493,-1.1898297380925555,3.913037580432495,1135.0
909,-1.1771236994163743,-1.81425494239893,-1.8807479999789969,-2.579864845004448,-1.1898297464566359,3.9809658448777485,1136.25
910,-1.1771237068179865,-1.8142549243291288,-1.8807479850739326,-2.5798648780382165,-1.1898297535894053,4.0388941093229755,1137.5
911,-1.1771237129418788,-1.814254909378672,-1.880747972741886,-2.579864905369454,-1.1898297594908642,4.086822373768153,1138.75
912,-1.1771237177880507,-1.8142548975475556,-1.8807479629828616,-2.5798649269981615,-1.1898297641610123,4.124750638213328,1140.0
913,-1.177123721356502,-1.8142548888357795,-1.8807479557968585,-2.5798649429243388,-1.1898297675998497,4.152678902658529,1141.25
914,-1.1771237236472332,-1.8142548832433436,-1.8807479511838774,-2.579864953147986,-1.189829769807376,4.170607167103713,1142.5
915,-1.1776187736170838,-1.81550598884714,-1.879099598047333,-2.5802657753414486,-1.1903240810070554,4.179587439428866,1143.75
916,-1.1792498536069265,-1.8196281232293905,-1.8736686347509037,-2.581586382356588,-1.191952727497458,4.17973680771875,1145.0
917,-1.1797917045382955,-1.820997516471118,-1.8718644475005983,-2.5820250918738035,-1.1924937732959244,4.170985702516754,1146.25
918,-1.1797917032392065,-1.8209975223700967,-1.8718644504297506,-2.5820250888967857,-1.1924937789215968,4.153360574773967,1147.5
919,-1.179791701203051,-1.820997531615989,-1.871864455020821,-2.5820250842306924,-1.192493787739117,4.125735447031177,1148.75
920,-1.1797916984298291,-1.8209975442087951,-1.8718644612738093,-2.5820250778755227,-1.192493799748485,4.088110319288383,1150.0
921,-1.1797916949195408,-1.8209975601485153,-1.8718644691887159,-2.5820250698312774,-1.1924938149497009,4.040485191545613,1151.25
922,-1.1797916901696446,-1.8209975799292035,-1.8718644772530522,-2.5820250658827453,-1.1924938290103029,3.9828600738031414,1152.5
923,-1.1797916845700058,-1.8209976031675785,-1.8718644866401886,-2.5820250615421543,-1.1924938452913643,3.915234956485658,1153.75
924,-1.1797916834071824,-1.8209976275147863,-1.8718645059547723,-2.5820250270623317,-1.1924938501177602,3.837609851130349,1155.0
925,-1.1797916841473401,-1.8209976540900301,-1.8718645310906152,-2.5820249766253247,-1.192493850151204,3.7499847504854045,1156.25
926,-1.1797916849382646,-1.820997683676444,-1.8718645591746772,-2.5820249200841667,-1.1924938499078581,3.6523596614890628,1157.5
927,-1.1797916947933302,-1.820997714096221,-1.8718645910917664,-2.58202485839597,-1.1924938595821326,3.5447345794493907,1158.75
928,-1.1797917120115944,-1.8209977457651643,-1.8718646266618948,-2.582024791434381,-1.1924938772958722,3.4271095053046086,1160.0
929,-1.179791733758877,-1.8209977787883347,-1.8718646649230053,-2.582024720501126,-1.192493899583344,3.2994844386888516,1161.25
930,-1.1797917710366332,-1.820997808364208,-1.8718647046680932,-2.5820246518176786,-1.1924939374120909,3.1618593770253156,1162.5
931,-1.1797918135098675,-1.8209978383471823,-1.8718647464067455,-2.582024580812875,-1.1924939804538672,3.0142343165995795,1163.75
932,-1.179791872358755,-1.8209978609055502,-1.8718647861190347,-2.5820245194833644,-1.192494039786062,2.8566092632159705,1165.0
933,-1.1797919389338558,-1.8209978794818404,-1.8718648244182712,-2.582024463652881,-1.1924941067979398,2.690385620806758,1166.25
934,-1.1797920102891193,-1.8209978890469567,-1.871864855594616,-2.582024424002182,-1.1924941784575216,2.5302476451066536,1167.5
935,-1.1797920803395734,-1.820997890322625,-1.8718648784566514,-2.5820244009123785,-1.1924942486782517,2.380109669406479,1168.75
936,-1.1797921478477011,-1.8209978863297949,-1.8718648955050796,-2.5820243888519014,-1.1924943162677928,2.239971693706228,1170.0
937,-1.1797922103311063,-1.8209978764475552,-1.871864905380309,-2.582024389762495,-1.1924943787285969,2.109833718005923,1171.25
938,-1.1797922678579003,-1.820997862702991,-1.8718649100379565,-2.5820243996681955,-1.1924944361610177,1.989695742305603,1172.5
939,-1.1797923199068339,-1.820997848834615,-1.8718649128848561,-2.582024411426443,-1.1924944881018817,1.8795577666052425,1173.75
940,-1.1797923636831213,-1.8209978297030263,-1.871864908152623,-2.582024435888846,-1.1924945316690407,1.7794197909048606,1175.0
941,-1.179792403087813,-1.8209978124819635,-1.8718649038929565,-2.58202445790838,-1.1924945708854882,1.6892818152044178,1176.25
942,-1.1797924380163671,-1.8209977970884816,-1.8718648999944005,-2.582024477677655,-1.1924946056451446,1.6091438395040196,1177.5
943,-1.1797924632705117,-1.8209977793982768,-1.8718648909146933,-2.582024504774095,-1.192494630673301,1.5390058638035893,1178.75
944,-1.1797924849240184,-1.8209977642302728,-1.8718648831295353,-2.58202452800723,-1.1924946521330402,1.4788678881031618,1180.0
945,-1.179792502976888,-1.8209977515844715,-1.8718648766389236,-2.5820245473770607,-1.1924946700243626,1.4287299124027988,1181.25
946,-1.1797925174291202,-1.8209977414608711,-1.8718648714428614,-2.5820245628835865,-1.1924946843472681,1.3885919367024617,1182.5
947,-1.1797925282807142,-1.8209977338594707,-1.8718648675413492,-2.582024574526807,-1.1924946951017559,1.3584539610020847,1183.75
948,-1.17979253553167,-1.8209977287802703,-1.871864864934387,-2.582024582306722,-1.1924947022878265,1.3383159853017104,1185.0
949,-1.1800067680364126,-1.821545796739187,-1.8711384928109236,-2.582204422727008,-1.192708596215677,1.3276102368672076,1186.25
950,-1.1815487566950726,-1.825490731913804,-1.865910177729877,-2.583498860190833,-1.1942481481833627,1.3252293427278772,1187.5
951,-1.1824235304440995,-1.8277287121276702,-1.862944133414802,-2.584233200232009,-1.1951215415297165,1.3322352054053794,1188.75
952,-1.182423525539061,-1.827728716534619,-1.8629441334863284,-2.5842332024065207,-1.1951215409940452,1.3476131889619107,1190.0
953,-1.1824235174443718,-1.8277287238073194,-1.8629441336043668,-2.584233205995074,-1.1951215401100372,1.3729911725184605,1191.25
954,-1.1824235061600326,-1.8277287339457717,-1.8629441337689174,-2.5842332109976693,-1.195121538877693,1.408369156074986,1192.5
955,-1.1824234916860434,-1.8277287469499761,-1.8629441339799802,-2.5842332174143072,-1.195121537297012,1.4537471396314872,1193.75
956,-1.182423474482587,-1.8277287625059588,-1.8629441351667482,-2.584233221809285,-1.1951215393312562,1.5091251174580114,1195.0
957,-1.182423454355112,-1.827728780746459,-1.8629441369363868,-2.5842332256351117,-1.195121543304881,1.5745030931781874,1196.25
958,-1.1824234262297175,-1.8277287982045065,-1.8629441399299242,-2.5842332175627436,-1.1951215290529262,1.649881060529982,1197.5
959,-1.1824233892870142,-1.827728814285049,-1.862944144306134,-2.5842331955128666,-1.1951214934383814,1.7352590197924496,1198.75
960,-1.1824233479895883,-1.8277288322318461,-1.8629441492584076,-2.5842331706027992,-1.1951214534198222,1.8306369692933968,1200.0
961,-1.1824233006418066,-1.8277288490755057,-1.8629441511271259,-2.5842331501842635,-1.1951214069286378,1.9360149120870616,1201.25
962,-1.1824232457273127,-1.8277288621714822,-1.8629441466806718,-2.5842331406998955,-1.1951213520474586,2.0513928464937257,1202.5
963,-1.1824231860519985,-1.8277288764038406,-1.8629441418447459,-2.5842331304091246,-1.195121292398401,2.176770772335301,1203.75
964,-1.1824231212522813,-1.8277288806344114,-1.8629441258257216,-2.584233141243931,-1.1951212275219971,2.3121486922762915,1205.0
965,-1.1824230516513439,-1.8277288847280733,-1.862944108187563,-2.5842331537652172,-1.1951211578350347,2.457526611909975,1206.25
966,-1.182422982493366,-1.8277288763367197,-1.8629440787310274,-2.5842331905583773,-1.1951210883947179,2.612904525082167,1207.5
967,-1.1824229111644735,-1.8277288644229048,-1.8629440452287531,-2.5842332348772192,-1.1951210167228519,2.7780579507012977,1208.75
968,-1.1824228509128,-1.8277288413084332,-1.8629440044306524,-2.584233297826313,-1.195120955973653,2.9404393157184927,1210.0
969,-1.18242279990696,-1.8277288157420226,-1.8629439641480294,-2.5842333628428955,-1.1951209044511575,3.0928206807357275,1211.25
970,-1.1824227615781542,-1.8277287853214055,-1.8629439231430007,-2.5842334336115615,-1.1951208655557157,3.2352020457530157,1212.5
971,-1.1824227313217521,-1.8277287546878496,-1.8629438844342787,-2.5842335024166627,-1.195120834746656,3.3675834107703713,1213.75
972,-1.18242271351073,-1.827728721931773,-1.8629438475475182,-2.5842335717019944,-1.1951208163759708,3.4899647757877252,1215.0
973,-1.1824226971550789,-1.8277286918522606,-1.8629438136748344,-2.584233635325897,-1.1951207995063873,3.6023461408051514,1216.25
974,-1.182422695129958,-1.8277286613775616,-1.8629437838622525,-2.5842336954975176,-1.1951207969918787,3.704727505822599,1217.5
975,-1.1824226941982636,-1.827728633665775,-1.862943757034346,-2.5842337499456067,-1.1951207956171235,3.797108870840063,1218.75
976,-1.1824226933674227,-1.8277286089537075,-1.862943733110475,-2.5842337984998567,-1.1951207943911815,3.879490235857552,1220.0
977,-1.182422700349919,-1.8277285867877877,-1.8629437140450384,-2.5842338397732005,-1.1951208010359125,3.9518716008750383,1221.25
978,-1.1824227082214174,-1.8277285675752326,-1.8629436980833631,-2.58423387501096,-1.1951208086185632,4.014252965892538,1222.5
979,-1.1824227148310809,-1.827728551442534,-1.862943684680411,-2.5842339045999547,-1.1951208149856827,4.066634330909977,1223.75
980,-1.1824227201789097,-1.827728538389692,-1.8629436738361829,-2.5842339285401867,-1.1951208201372712,4.1090156959274005,1225.0
981,-1.1824227242649032,-1.8277285284167033,-1.8629436655506804,-2.584233946831655,-1.195120824073328,4.141397060944865,1226.25
982,-1.182422727089062,-1.8277285215235695,-1.862943659823903,-2.584233959474359,-1.1951208267938531,4.1637784259623105,1227.5
983,-1.1824584894214756,-1.8278211328417096,-1.8628201936782045,-2.5842650689939872,-1.1951565293369275,4.176272529893357,1228.75
984,-1.1837773922498596,-1.8312368967871824,-1.8582667216118007,-2.5854121700203936,-1.1964732291729536,4.1808544214074805,1230.0
985,-1.1850062395811987,-1.8344194357083088,-1.8540241621715723,-2.58648094383811,-1.1977000259523354,4.1756344229774776,1231.25
986,-1.1850173816039347,-1.8344482987945991,-1.853985693459399,-2.586490633225056,-1.1977111544128507,4.162501797146158,1232.5
987,-1.1850173798974115,-1.8344483064480481,-1.8539856972245659,-2.586490629550598,-1.197711161587676,4.139405928067515,1233.75
988,-1.1850173774520014,-1.8344483174152713,-1.8539857026199669,-2.5864906242851804,-1.197711171869042,4.106310058988884,1235.0
989,-1.1850173742677048,-1.8344483316962685,-1.853985709645602,-2.5864906174288036,-1.1977111852569486,4.0632141899102905,1236.25
990,-1.185017370090685,-1.8344483495361579,-1.8539857175499623,-2.5864906118384425,-1.1977111995406775,4.0101183217517224,1237.5
991,-1.1850173648551678,-1.8344483709984554,-1.8539857261383168,-2.586490608254399,-1.1977112141473854,3.947022454486425,1238.75
992,-1.1850173607371592,-1.8344483949958792,-1.853985739269509,-2.5864905931470856,-1.1977112261386462,3.8739265918295476,1240.0
993,-1.1850173614313229,-1.83444841988455,-1.8539857629802798,-2.5864905457306397,-1.197711226159699,3.79083074101015,1241.25
994,-1.1850173621903122,-1.8344484477556593,-1.8539857895910652,-2.586490492405935,-1.1977112260258596,3.6977348971750064,1242.5
995,-1.1850173650662787,-1.8344484781109245,-1.8539858193150731,-2.5864904333451344,-1.1977112280276518,3.5946390601392704,1243.75
996,-1.1850173814197662,-1.8344485081929494,-1.8539858533296416,-2.5864903695135837,-1.1977112448535845,3.4815432331433693,1245.0
997,-1.1850173992208513,-1.8344485409338096,-1.8539858903548505,-2.586490300026788,-1.1977112631812357,3.358447414557821,1246.25
998,-1.1850174306022516,-1.8344485710467606,-1.8539859290502,-2.5864902317473697,-1.1977112951047344,3.2253516016399155,1247.5
999,-1.1850174688884314,-1.834448601440866,-1.8539859701512982,-2.586490160906798,-1.1977113339630905,3.082255790409334,1248.75
1000,-1.1850175209126506,-1.8344486262179562,-1.853986010119096,-2.5864900970070153,-1.1977113864971969,2.9291599840045324,1250.0
1001,-1.1850175810590562,-1.8344486493077616,-1.8539860509870318,-2.586490034011297,-1.19771144714305,2.7660641839920754,1251.25
1002,-1.1850176525624072,-1.8344486601513954,-1.8539860836113733,-2.5864899916405917,-1.1977115189744214,2.6014617842854086,1252.5
1003,-1.1850177213644275,-1.8344486675369707,-1.8539861120733052,-2.5864899568403987,-1.1977115880432947,2.4467979133019297,1253.75
1004,-1.1850177901987158,-1.8344486635102806,-1.8539861295766848,-2.586489944379725,-1.197711656961919,2.3021340423184107,1255.0
1005,-1.1850178542343002,-1.834448658558988,-1.8539861447013641,-2.5864899351481667,-1.1977117210566752,2.1674701713348368,1256.25
1006,-1.1850179131961616,-1.8344486445113628,-1.8539861495079462,-2.586489945229993,-1.1977117799212074,2.042806300351227,1257.5
1007,-1.1850179674283587,-1.8344486315905841,-1.8539861539289557,-2.586489954503101,-1.1977118340638824,1.9281424293675948,1258.75
1008,-1.18501801394302,-1.8344486143016905,-1.8539861517553347,-2.58648997461162,-1.1977118804024545,1.8234785583839224,1260.0
1009,-1.1850180548183171,-1.8344485964666228,-1.8539861473057138,-2.5864899974566344,-1.1977119210807359,1.7288146874002233,1261.25
1010,-1.1850180913756747,-1.8344485805156003,-1.8539861433261327,-2.5864900178883725,-1.1977119574618902,1.6441508164165108,1262.5
1011,-1.1850181204957528,-1.8344485639722614,-1.8539861364679426,-2.586490041678399,-1.1977119863802157,1.5694869454327882,1263.75
1012,-1.185018143492801,-1.834448547879953,-1.8539861281420087,-2.5864900663950197,-1.197712009169495,1.5048230744490532,1265.0
1013,-1.1850181629334515,-1.8344485342762544,-1.8539861211036446,-2.5864900872893184,-1.1977120284345073,1.4501592034653696,1266.25
1014,-1.1850181788177039,-1.834448523161166,-1.8539861153528499,-2.5864901043612942,-1.197712044175252,1.4054953324817254,1267.5
1015,-1.1850181911455577,-1.8344485145346865,-1.853986110889627,-2.586490117610947,-1.197712056391729,1.3708314614980412,1268.75
1016,-1.185018199917013,-1.834448508396815,-1.853986107713976,-2.5864901270382767,-1.197712065083938,1.3461675905143882,1270.0
1017,-1.18501820513207,-1.8344485047475518,-1.853986105825897,-2.586490132643282,-1.1977120702518789,1.3315037195307236,1271.25
1018,-1.1859815619300573,-1.8369742268130878,-1.850599692008305,-2.5873576385905883,-1.198673729243115,1.3250236588245594,1272.5
1019,-1.1874347292655418,-1.840784145623208,-1.845491470660803,-2.5886662213378293,-1.200124336454619,1.3280750902518943,1273.75
1020,-1.1875773563570138,-1.841158097919232,-1.8449900911611545,-2.5887946622688003,-1.2002667152602677,1.3392721000631775,1275.0
1021,-1.1875773497863427,-1.8411581038119575,-1.8449900912219332,-2.588794665309627,-1.2002667144077837,1.3600494945893817,1276.25
1022,-1.1875773400532579,-1.841158112540806,-1.8449900913119643,-2.5887946698139794,-1.2002667131450055,1.3908268891155755,1277.5
1023,-1.1875773271577597,-1.8411581241057786,-1.8449900914312478,-2.588794675781858,-1.2002667114719334,1.4316042836417737,1278.75
1024,-1.1875773112623804,-1.8411581383978386,-1.8449900919028306,-2.588794682026874,-1.20026671080294,1.4823816743096863,1280.0
1025,-1.1875772927112835,-1.8411581551861027,-1.84499009341077,-2.588794686036832,-1.2002667141329797,1.5431590546590592,1281.25
1026,-1.1875772706783996,-1.8411581744185934,-1.844990095258623,-2.588794689578465,-1.2002667163707392,1.6139364341999092,1282.5
1027,-1.1875772361540364,-1.841158189423735,-1.8449900993722639,-2.5887946689865164,-1.200266683108485,1.6947137980085127,1283.75
1028,-1.1875771973445044,-1.841158206279153,-1.84499010402202,-2.5887946457288815,-1.2002666456340223,1.7854911575918486,1285.0
1029,-1.1875771542372773,-1.8411582249766312,-1.844990109238051,-2.5887946196747778,-1.2002666038413023,1.886268509146352,1286.25
1030,-1.1875771025695367,-1.841158238081751,-1.8449901058709972,-2.588794609003982,-1.200266552331563,1.9970458500367014,1287.5
1031,-1.1875770457859887,-1.841158251586942,-1.8449901012393086,-2.588794599271911,-1.2002664955777227,2.117823183663461,1288.75
1032,-1.187576984115072,-1.8411582605648698,-1.8449900907085608,-2.588794599907154,-1.200266433880472,2.248600510780869,1290.0
1033,-1.187576917538439,-1.841158264440319,-1.8449900737189004,-2.5887946120409966,-1.2002663672199492,2.3893778348190793,1291.25
1034,-1.187576848819937,-1.8411582622785283,-1.8449900502390129,-2.5887946366524197,-1.2002662983167827,2.5401551556167172,1292.5
1035,-1.187576778488416,-1.8411582527890882,-1.8449900191889639,-2.5887946761155125,-1.2002662276800624,2.7009324697776016,1293.75
1036,-1.1875767139578852,-1.841158233658372,-1.8449899806443895,-2.5887947327743186,-1.2002661627017683,2.8669496496531743,1295.0
1037,-1.1875766564198627,-1.841158211557414,-1.8449899414114828,-2.588794793187883,-1.200266104683345,3.023928219675682,1296.25
1038,-1.187576615876206,-1.8411581815424618,-1.8449898998350567,-2.5887948640908456,-1.2002660635688946,3.1709067896982575,1297.5
1039,-1.1875765794498985,-1.8411581526192964,-1.8449898605936483,-2.588794931631503,-1.2002660265982932,3.3078853597208266,1298.75
1040,-1.1875765592224488,-1.8411581199046836,-1.8449898227379082,-2.5887950018093413,-1.2002660058007317,3.4348639297434636,1300.0
1041,-1.1875765424037437,-1.841158088974832,-1.844989787665072,-2.5887950674753504,-1.200265988448022,3.5518424997661824,1301.25
1042,-1.187576533605721,-1.8411580591227867,-1.8449897561289919,-2.588795128649545,-1.200265979150744,3.658821069788898,1302.5
1043,-1.1875765326381733,-1.8411580303938002,-1.8449897281141097,-2.5887951852995155,-1.2002659777190057,3.755799639811638,1303.75
1044,-1.1875765317703952,-1.8411580046272253,-1.8449897029879914,-2.5887952361079924,-1.2002659764349017,3.8427782098343948,1305.0
1045,-1.1875765343050826,-1.841157981630825,-1.8449896815934226,-2.5887952804732133,-1.2002659786052075,3.919756779857172,1306.25
1046,-1.1875765426526477,-1.8411579612643036,-1.8449896645454893,-2.5887953179559924,-1.200265986643311,3.986735349879953,1307.5
1047,-1.1875765497539088,-1.8411579439385346,-1.8449896500428375,-2.588795349842537,-1.2002659934813138,4.043713919902707,1308.75
1048,-1.187576555608866,-1.8411579296535199,-1.8449896380854645,-2.588795376132847,-1.2002659991192157,4.090692489925411,1310.0
1049,-1.1875765602175192,-1.8411579184092566,-1.8449896286733738,-2.588795396826922,-1.200266003557017,4.127671059948128,1311.25
1050,-1.187576563579869,-1.8411579102057445,-1.8449896218065658,-2.588795411924763,-1.2002660067947173,4.154649629970855,1312.5
1051,-1.1875765656959145,-1.8411579050429836,-1.8449896174850402,-2.588795421426369,-1.2002660088323172,4.17162819999358,1313.75
1052,-1.1881682276758148,-1.8427282730158447,-1.8428721188710642,-2.5893467089465574,-1.2008565723576858,4.179894444678562,1315.0
1053,-1.1897026861484323,-1.8468009914629901,-1.8373804424962608,-2.590776448170197,-1.2023881827227327,4.179169188297858,1316.25
1054,-1.1901008308356587,-1.8478577412464996,-1.8359555207243587,-2.5911474206074723,-1.2027855917863977,4.169780704987339,1317.5
1055,-1.1901008294713582,-1.8478577472914461,-1.8359555236736014,-2.591147417843535,-1.2027855973567165,4.15135521036367,1318.75
1056,-1.1901008273666158,-1.847857756617144,-1.8359555282234759,-2.5911474135795376,-1.2027856059501936,4.12292971573997,1320.0
1057,-1.190100824521432,-1.8478577692235927,-1.8359555343739813,-2.591147407815479,-1.2027856175668292,4.084504221116294,1321.25
1058,-1.1901008209184443,-1.8478577851272953,-1.8359555420744722,-2.5911474007427198,-1.2027856320538757,4.036078726652548,1322.5
1059,-1.1901008160626851,-1.8478578047987186,-1.835955549881073,-2.5911473978167483,-1.2027856450566707,3.977653236444886,1323.75
1060,-1.190100810375823,-1.8478578278370665,-1.8359555590238366,-2.5911473943899725,-1.2027856602850004,3.909227746237205,1325.0
1061,-1.1901008097410228,-1.847857851607205,-1.8359555791827429,-2.5911473572506747,-1.2027856634123073,3.830802269479583,1326.25
1062,-1.1901008104676982,-1.847857877758339,-1.835955604299475,-2.591147307177236,-1.2027856633897753,3.742376797143726,1327.5
1063,-1.1901008112478286,-1.847857906846214,-1.8359556323318922,-2.5911472511173037,-1.202785663120518,3.6439513357048,1328.75
1064,-1.1901008221014489,-1.847857936460521,-1.8359556642801738,-2.591147190095251,-1.2027856739175045,3.535525882174833,1330.0
1065,-1.190100839020374,-1.8478579675750817,-1.8359556997173734,-2.59114712381185,-1.202785691337239,3.41710043639862,1331.25
1066,-1.1901008616584323,-1.847857999450143,-1.83595573767247,-2.591147054347661,-1.2027857145161625,3.2886749979376177,1332.5
1067,-1.1901008982472852,-1.8478580285046133,-1.835955777228952,-2.5911469863616725,-1.2027857516575402,3.150249563996887,1333.75
1068,-1.1901009411360732,-1.8478580571021106,-1.8359558183093734,-2.59114691740234,-1.2027857951048624,3.0018241317289,1335.0
1069,-1.1901009988527087,-1.8478580792817159,-1.8359558578039583,-2.59114685665162,-1.202785853306099,2.8433987063710804,1336.25
1070,-1.1901010647982633,-1.847858096418002,-1.8359558949840238,-2.591146803367791,-1.2027859196726196,2.6770410210416693,1337.5
1071,-1.1901011340745025,-1.847858105780999,-1.8359559256770095,-2.591146764372666,-1.202785989251373,2.5177100730280793,1338.75
1072,-1.1901012024865858,-1.8478581060586285,-1.8359559473028495,-2.591146743492186,-1.2027860578171734,2.3683791250144477,1340.0
1073,-1.1901012679791592,-1.8478581022643552,-1.835955964074435,-2.591146731483055,-1.2027861233912516,2.2290481770007435,1341.25
1074,-1.190101328539921,-1.847858091881933,-1.8359559729270887,-2.591146733889218,-1.2027861839162268,2.0997172289870125,1342.5
1075,-1.1901013842943682,-1.8478580786335161,-1.8359559775041485,-2.591146743357281,-1.2027862395780584,1.980386280973239,1343.75
1076,-1.1901014343621397,-1.8478580646300293,-1.835955979574793,-2.591146755999783,-1.2027862895285995,1.8710553329594113,1345.0
1077,-1.1901014767315878,-1.8478580461725067,-1.8359559749293206,-2.5911467796851744,-1.2027863316919998,1.7717243849456044,1346.25
1078,-1.1901015148355547,-1.8478580295731724,-1.8359559707515192,-2.591146800986074,-1.2027863696106624,1.6823934369317413,1347.5
1079,-1.1901015481224773,-1.847858014394036,-1.835955966445103,-2.591146820927314,-1.202786402724739,1.603062488917866,1348.75
1080,-1.1901015724794575,-1.8478579973691,-1.8359559575636388,-2.5911468471509007,-1.2027864268595474,1.533731540903997,1350.0
1081,-1.1901015933232906,-1.8478579827997679,-1.835955949963199,-2.5911468695921087,-1.2027864475132537,1.474400592890145,1351.25
1082,-1.1901016106539775,-1.8478579706860423,-1.8359559436437802,-2.5911468882509396,-1.202786464685859,1.4250696448763316,1352.5
1083,-1.190101624471518,-1.8478579610279207,-1.8359559386053868,-2.5911469031273926,-1.2027864783773627,1.3857386968625423,1353.75
1084,-1.190101634775911,-1.8478579538254025,-1.8359559348480181,-2.591146914221467,-1.2027864885877644,1.356407748848727,1355.0
1085,-1.1901016415671573,-1.8478579490784883,-1.8359559323716748,-2.5911469215331633,-1.2027864953170642,1.3370768008349145,1356.25
1086,-1.1903847032952128,-1.8486185236710746,-1.83492459942941,-2.591419655348595,-1.2030690042678016,1.326989219786426,1357.5
1087,-1.191873701723995,-1.852619459025152,-1.8294993873939494,-2.5928543237727513,-1.2045550951837274,1.3253411973309495,1358.75
1088,-1.1925918160131201,-1.854549039912209,-1.8268829061372471,-2.5935462390393815,-1.2052718091775172,1.3328916088961806,1360.0
1089,-1.1925918109844102,-1.8545490444141552,-1.8268829061586498,-2.593546241457066,-1.205271808424342,1.3489301066796486,1361.25
1090,-1.1925918028203009,-1.854549051723064,-1.826882906193397,-2.593546245382175,-1.205271807201562,1.3749686044631209,1362.5
1091,-1.1925917915207915,-1.8545490618389353,-1.8268829062414889,-2.5935462508147094,-1.2052718055091773,1.4110071022465824,1363.75
1092,-1.192591777085883,-1.8545490747617688,-1.8268829063029255,-2.5935462577546695,-1.2052718033471883,1.45704560003002,1365.0
1093,-1.1925917600122324,-1.8545490901634445,-1.8268829073505175,-2.5935462626540193,-1.2052718050823148,1.5130840840775193,1366.25
1094,-1.192591740027086,-1.8545491082241596,-1.8268829088500191,-2.5935462674612615,-1.2052718083164513,1.579122564671104,1367.5
1095,-1.1925917116582747,-1.8545491249767814,-1.826882911826655,-2.593546258461876,-1.2052717916352576,1.6551610357184816,1368.75
1096,-1.1925916753305281,-1.8545491407418349,-1.82688291618132,-2.593546236808156,-1.2052717566564348,1.7411994997228657,1370.0
1097,-1.192591634752519,-1.854549158319799,-1.8268829211129867,-2.593546212332827,-1.205271717372649,1.837237952952059,1371.25
1098,-1.192591587962441,-1.8545491742797278,-1.8268829223309926,-2.5935461935940216,-1.2052716713703102,1.9432763994691273,1372.5
1099,-1.1925915340665458,-1.8545491870648962,-1.8268829179057877,-2.5935461844102985,-1.2052716175086544,2.059314837723444,1373.75
1100,-1.1925914755144258,-1.8545492006378326,-1.8268829127853186,-2.5935461750748967,-1.205271558981202,2.1853532678076184,1375.0
1101,-1.1925914119552872,-1.8545492043044016,-1.8268828964494104,-2.593546186806543,-1.2052714953404433,2.321391691858425,1376.25
1102,-1.192591343733333,-1.8545492082179764,-1.8268828788935179,-2.5935461994427453,-1.2052714270311111,2.467430115850056,1377.5
1103,-1.1925912762979232,-1.8545491990903225,-1.8268828489083897,-2.593546237522336,-1.2052713592996016,2.623468532679713,1378.75
1104,-1.1925912072838867,-1.8545491864775236,-1.8268828150412775,-2.5935462829359075,-1.2052712899293347,2.789039460170475,1380.0
1105,-1.1925911487241425,-1.854549163966299,-1.826882774825398,-2.59354634472595,-1.2052712308752414,2.9507535951914177,1381.25
1106,-1.1925911001566374,-1.8545491383965367,-1.8268827347647978,-2.5935464095603233,-1.2052711817855655,3.1024677302124415,1382.5
1107,-1.192591062924222,-1.8545491088301662,-1.8268826943680483,-2.5935464788860476,-1.2052711439908514,3.2441818652334966,1383.75
1108,-1.1925910345857178,-1.8545490786223788,-1.8268826561322915,-2.593546546823436,-1.205271115099114,3.3758960002546043,1385.0
1109,-1.1925910172956995,-1.8545490468353187,-1.8268826198204402,-2.5935466145770913,-1.2052710972544025,3.4976101352757567,1386.25
1110,-1.1925910014262247,-1.8545490176598802,-1.8268825864919542,-2.5935466767641246,-1.2052710808758083,3.6093242702969306,1387.5
1111,-1.1925910003902163,-1.8545489879128803,-1.8268825572519263,-2.593546735654508,-1.2052710793539032,3.711038405318163,1388.75
1112,-1.1925909994848907,-1.854548961083611,-1.8268825308889958,-2.5935467887599772,-1.2052710780104032,3.8027525403393945,1390.0
1113,-1.1925909986782766,-1.8545489371796589,-1.8268825074005302,-2.593546836075121,-1.2052710768133914,3.884466675360646,1391.25
1114,-1.19259100608428,-1.8545489157329982,-1.8268824888718824,-2.5935468761026628,-1.2052710838869491,3.9561808103819,1392.5
1115,-1.1925910136820108,-1.854548897206286,-1.8268824732416082,-2.5935469103227144,-1.2052710912001277,4.01789494540316,1393.75
1116,-1.192591020048625,-1.854548881681597,-1.8268824601440217,-2.5935469389978363,-1.2052710973282972,4.06960908042437,1395.0
1117,-1.1925910251841225,-1.8545488691589291,-1.8268824495791238,-2.5935469621280296,-1.2052711022714584,4.111323215445555,1396.25
1118,-1.192591029088503,-1.8545488596382815,-1.826882441546916,-2.5935469797132935,-1.205271106029611,4.1430373504667655,1397.5
1119,-1.1925910317617665,-1.8545488531196541,-1.8268824360473985,-2.5935469917536276,-1.2052711086027548,4.164751485487973,1398.75
1120,-1.1926572724597029,-1.8547290380982862,-1.8266367444039893,-2.593612957644644,-1.20533721337616,4.17668336442433,1400.0
1121,-1.1939673162356355,-1.8582927077903815,-1.821777648067469,-2.594917466392642,-1.2066445699964536,4.180706515619492,1401.25
1122,-1.195046196172762,-1.8612275550861728,-1.8177759624632879,-2.5959917861505626,-1.2077212390379302,4.175000273493111,1402.5
1123,-1.1950476895586173,-1.8612316246726834,-1.8177704217246904,-2.595993272302502,-1.2077227343771755,4.1613753399039215,1403.75
1124,-1.1950476878066758,-1.8612316323440554,-1.8177704254397922,-2.5959932689592007,-1.2077227413253835,4.13775585560374,1405.0
1125,-1.195047685312999,-1.8612316432633271,-1.817770430727791,-2.5959932642004153,-1.2077227512153188,4.1041363713035555,1406.25
1126,-1.1950476820775864,-1.8612316574304992,-1.817770437588687,-2.5959932580261453,-1.207722764046981,4.06051688700338,1407.5
1127,-1.1950476778200598,-1.8612316751083777,-1.8177704452154586,-2.595993253466571,-1.2077227773286632,4.006897406646383,1408.75
1128,-1.1950476725265244,-1.8612316963099864,-1.8177704535681132,-2.5959932506718544,-1.2077227909368857,3.9432779294344735,1410.0
1129,-1.1950476687289262,-1.861231719794066,-1.8177704670901025,-2.595993234258021,-1.2077228012312156,3.8696584577526085,1411.25
1130,-1.1950476694113428,-1.8612317442145825,-1.8177704907246743,-2.5959931873308877,-1.2077228012220176,3.7860389971239887,1412.5
1131,-1.1950476701563888,-1.861231771541098,-1.8177705172379386,-2.595993134568749,-1.207722801048709,3.692419544266648,1413.75
1132,-1.1950476737338807,-1.861231801107563,-1.8177705469117724,-2.595993076237125,-1.2077228038282448,3.5888000982725274,1415.0
1133,-1.1950476897723041,-1.8612318305914424,-1.8177705807465867,-2.5959930131751596,-1.2077228203421362,3.475180661707525,1416.25
1134,-1.1950477072239993,-1.8612318626692443,-1.8177706175623936,-2.5959929445517314,-1.2077228383243157,3.3515612341212444,1417.5
1135,-1.1950477388055776,-1.8612318918175133,-1.8177706559330928,-2.595992877565541,-1.2077228704470913,3.217941812097313,1418.75
1136,-1.1950477763131653,-1.861231921599856,-1.8177706967765412,-2.5959928075805436,-1.2077229085273027,3.0743223914008855,1420.0
1137,-1.1950478280533525,-1.8612319453427006,-1.8177707361947766,-2.5959927452579157,-1.207722960770438,2.920702975832012,1421.25
1138,-1.1950478869478565,-1.8612319679877445,-1.8177707767880724,-2.5959926829624185,-1.2077230201648868,2.7570835665564615,1422.5
1139,-1.195047957150746,-1.861231977891295,-1.8177708084977913,-2.5959926424265474,-1.2077230906843193,2.5929564738249535,1423.75
1140,-1.1950480243494472,-1.8612319844606744,-1.8177708360102691,-2.595992609368092,-1.2077231581384436,2.4388227685343615,1425.0
1141,-1.1950480912861248,-1.861231980614967,-1.8177708532762222,-2.5959925969391024,-1.2077232251597194,2.294689063243694,1426.25
1142,-1.1950481535200828,-1.8612319753000186,-1.8177708676315885,-2.5959925888155855,-1.2077232874438981,2.1605553579529997,1427.5
1143,-1.19504821082163,-1.8612319617173991,-1.8177708723695674,-2.5959925984809127,-1.2077233446496523,2.0364216526622476,1428.75
1144,-1.195048263507065,-1.8612319492289788,-1.8177708767258536,-2.595992607367619,-1.2077233972470114,1.9222879473714616,1430.0
1145,-1.1950483084500556,-1.8612319320886068,-1.817770874111001,-2.595992627748948,-1.2077234420088248,1.8181542420806438,1431.25
1146,-1.1950483481197878,-1.861231914834609,-1.8177708697293828,-2.595992649931447,-1.2077234814839055,1.7240205367898085,1432.5
1147,-1.1950483835753314,-1.8612318994135395,-1.8177708658132283,-2.595992669757459,-1.2077235167654758,1.63988683149896,1433.75
1148,-1.1950484115025277,-1.8612318831938168,-1.817770858753656,-2.595992693410719,-1.2077235444890593,1.5657531262081017,1435.0
1149,-1.1950484337624043,-1.8612318676531738,-1.8177708505771957,-2.5959927174188198,-1.2077235665439383,1.501619420917245,1436.25
1150,-1.1950484525514267,-1.8612318545356947,-1.817770843675642,-2.595992737683476,-1.2077235851599273,1.4474857156264247,1437.5
1151,-1.1950484678695945,-1.8612318438413804,-1.8177708380489945,-2.595992754204688,-1.2077236003370264,1.4033520103356305,1438.75
1152,-1.1950484797169079,-1.8612318355702284,-1.817770833697257,-2.5959927669824543,-1.2077236120752348,1.3692183050448254,1440.0
1153,-1.1950484880933663,-1.861231829722239,-1.8177708306204283,-2.595992776016775,-1.2077236203745523,1.3450845997540228,1441.25
1154,-1.1950484929989702,-1.8612318262974124,-1.817770828818509,-2.5959927813076504,-1.2077236252349792,1.3309508944632233,1442.5
1155,-1.196032417099279,-1.8639415594900677,-1.8140558474634967,-2.597004805888986,-1.2087054320433026,1.3248342485266416,1443.75
1156,-1.1973713962912014,-1.8676291305937913,-1.8090002781659296,-2.59838202737493,-1.210041530860856,1.3283427046652514,1445.0
1157,-1.1974723895067954,-1.8679072803356502,-1.808618945987085,-2.5984859103597757,-1.2101423097131485,1.3398383141278918,1446.25
1158,-1.1974723829269158,-1.8679072862163573,-1.8086189459840971,-2.5984859136333194,-1.2101423085988645,1.3610048509533512,1447.5
1159,-1.1974723732384127,-1.867907294875368,-1.8086189459796977,-2.598485918453428,-1.2101423069581436,1.3921713877788005,1448.75
1160,-1.197472360441286,-1.8679073063126825,-1.8086189459738864,-2.5984859248201024,-1.2101423047909863,1.4333379246042393,1450.0
1161,-1.1974723447191529,-1.867907320408671,-1.8086189463214366,-2.5984859314485105,-1.2101423037283905,1.4845044557668918,1451.25
1162,-1.1974723263656344,-1.8679073369720331,-1.8086189475896655,-2.5984859362840744,-1.2101423063784906,1.5456709744715105,1452.5
1163,-1.1974723042470465,-1.8679073556556092,-1.8086189492583626,-2.5984859397718236,-1.2101423065583867,1.61683749170334,1453.75
1164,-1.197472270386956,-1.8679073703275124,-1.808618953342565,-2.598485919600603,-1.21014227397418,1.6980039938032125,1455.0
1165,-1.1974722323436138,-1.8679073867985703,-1.8086189579607148,-2.5984858968129556,-1.2101422372755,1.7891704911080748,1456.25
1166,-1.197472190107702,-1.8679074050619573,-1.8086189631375875,-2.598485871303161,-1.2101421963818155,1.8903369807337929,1457.5
1167,-1.1974721393230894,-1.867907417535736,-1.8086189594158704,-2.5984858616919313,-1.210142145704653,2.0015034592260994,1458.75
1168,-1.19747208371759,-1.8679074306956824,-1.808618954815152,-2.598485852286627,-1.2101420901299305,2.1226699304924668,1460.0
1169,-1.197472023326299,-1.867907438997865,-1.808618943935729,-2.5984858539614324,-1.210142029708384,2.253836395314271,1461.25
1170,-1.197471958159138,-1.867907442728487,-1.8086189270631858,-2.5984858661403507,-1.2101419644565121,2.395002857233208,1462.5
1171,-1.1974718911126918,-1.8679074400541777,-1.8086189033230524,-2.598485891545102,-1.2101418972169609,2.5461693156438687,1463.75
1172,-1.1974718222924086,-1.8679074307178947,-1.8086188724967833,-2.5984859306518615,-1.2101418280909473,2.7073357675022827,1465.0
1173,-1.1974717598108424,-1.8679074115130763,-1.8086188339970657,-2.598485987368924,-1.210141765155396,2.8731851488769355,1466.25
1174,-1.1974717037852953,-1.867907389968723,-1.8086187952384267,-2.5984860467748225,-1.2101417086516688,3.0297679525669103,1467.5
1175,-1.1974716648933335,-1.8679073603424472,-1.8086187539572884,-2.598486117020002,-1.2101416691866334,3.1763507562569524,1468.75
1176,-1.1974716294361722,-1.8679073321920099,-1.8086187152042226,-2.5984861833166857,-1.2101416331882624,3.3129335599471115,1470.0
1177,-1.1974716103589407,-1.8679073001122215,-1.808618677760339,-2.598486252468282,-1.210141613541505,3.4395163636372383,1471.25
1178,-1.197471593994096,-1.8679072700429198,-1.8086186431408793,-2.598486316831004,-1.2101415966461864,3.5560991673274307,1472.5
1179,-1.1974715859774412,-1.8679072409086643,-1.808618612067264,-2.5984863768403823,-1.2101415881329132,3.662681971017663,1473.75
1180,-1.1974715850340223,-1.8679072130113126,-1.808618584433685,-2.5984864322820855,-1.2101415867288696,3.7592647747079275,1475.0
1181,-1.197471584188283,-1.8679071880024052,-1.808618559661229,-2.59848648198346,-1.2101415854701982,3.845847578398197,1476.25
1182,-1.1974715870300283,-1.867907165676453,-1.8086185386793057,-2.5984865252737963,-1.2101415879512751,3.922430382088469,1477.5
1183,-1.1974715951282542,-1.8679071459436458,-1.8086185218941295,-2.5984865618599478,-1.2101415957430954,3.989013185778763,1478.75
1184,-1.1974716020102163,-1.8679071291744882,-1.8086185076299008,-2.5984865929512644,-1.2101416023646707,4.045595989469007,1480.0
1185,-1.1974716076759142,-1.8679071153689821,-1.808618495886617,-2.5984866185477458,-1.2101416078160008,4.09217879315921,1481.25
1186,-1.1974716121253484,-1.8679071045271245,-1.8086184866642814,-2.5984866386493923,-1.2101416120970856,4.128761596849424,1482.5
1187,-1.1974716153585188,-1.8679070966489157,-1.808618479962894,-2.598486653256204,-1.2101416152079256,4.155344400539649,1483.75
1188,-1.1974716173754252,-1.8679070917343554,-1.808618475782455,-2.598486662368181,-1.21014161714852,4.171927204229886,1485.0
1189,-1.1980788608637654,-1.869600216349023,-1.8062846900240863,-2.5991314784415156,-1.2107474913761458,4.179916374606672,1486.25
1190,-1.199522301664871,-1.8736248503109207,-1.8007371886069867,-2.600664222942982,-1.212187678127324,4.1788645543591345,1487.5
1191,-1.1998633025393801,-1.874575641548315,-1.799426636334065,-2.6010263204932786,-1.2125279135634852,4.1692638308825565,1488.75
1192,-1.1998633011516653,-1.8745756475553585,-1.799426639224004,-2.6010263179964457,-1.212527918911019,4.150580951875428,1490.0
1193,-1.1998632990211768,-1.8745756567776688,-1.799426643660781,-2.601026314163184,-1.2125279271208167,4.1218980728682535,1491.25
1194,-1.1998632961479148,-1.8745756692152458,-1.7994266496443965,-2.601026308993494,-1.2125279381928789,4.083215193861103,1492.5
1195,-1.1998632925017778,-1.8745756848959596,-1.799426657089255,-2.6010263028067144,-1.2125279518570036,4.034532315291014,1493.75
1196,-1.1998632876154014,-1.8745757042525324,-1.799426664666382,-2.6010263005610152,-1.212527963917946,3.975849443206047,1495.0
1197,-1.1998632818963506,-1.8745757269076102,-1.7994266735347078,-2.601026297932632,-1.2125279780341636,3.90716657112109,1496.25
1198,-1.1998632814274615,-1.8745757500967546,-1.7994266938380385,-2.6010262603993164,-1.2125279805004714,3.8284837129877993,1497.5
1199,-1.1998632821393818,-1.8745757756645614,-1.7994267188076207,-2.6010262109879108,-1.2125279804439015,3.739800859200508,1498.75
1200,-1.199863282905723,-1.874575804094671,-1.7994267466675309,-2.6010261556883445,-1.2125279801566202,3.6411180161742354,1500.0
1201,-1.1998632938989817,-1.8745758329528996,-1.7994267784399538,-2.601026095546305,-1.2125279911348072,3.532435181370128,1501.25
1202,-1.1998633104555907,-1.8745758633660388,-1.7994268136256433,-2.601026030206944,-1.2125280081945924,3.4137523542945933,1502.5
1203,-1.1998633330095438,-1.8745758943456252,-1.7994268512588867,-2.601025961957727,-1.2125280312897493,3.2850695345067575,1503.75
1204,-1.199863368799007,-1.874575922752817,-1.7994268905213961,-2.601025894899063,-1.2125280676312844,3.1463867191497434,1505.0
1205,-1.1998634111299171,-1.8745759504467074,-1.799426931148872,-2.6010258272856133,-1.2125281105165868,2.9977039056519392,1506.25
1206,-1.1998634675699849,-1.874575972150493,-1.7994269703404424,-2.6010257672944777,-1.2125281674410584,2.8390210989954685,1507.5
1207,-1.1998635322755402,-1.8745759885753461,-1.7994270069495915,-2.6010257152744236,-1.21252823256214,2.672591333926306,1508.75
1208,-1.1998635998479332,-1.8745759977496737,-1.7994270373303036,-2.6010256767568376,-1.2125283004365919,2.5134017661649475,1510.0
1209,-1.1998636667152764,-1.874575997726065,-1.7994270584375927,-2.6010256566754437,-1.212528367452407,2.364212198403532,1511.25
1210,-1.199863730587665,-1.8745759940819935,-1.7994270750359682,-2.60102564466885,-1.2125284314067633,2.2250226306420986,1512.5
1211,-1.1998637896342481,-1.8745759837030813,-1.7994270834823858,-2.6010256474587043,-1.2125284904132596,2.095833062880582,1513.75
1212,-1.1998638439991671,-1.8745759708458927,-1.7994270880107788,-2.6010256565680545,-1.212528544686709,1.9766434951190435,1515.0
1213,-1.1998638926738,-1.87457595699364,-1.7994270897618734,-2.601025669361807,-1.2125285932407577,1.8674539273574227,1516.25
1214,-1.1998639339766057,-1.8745759390578125,-1.799427085165258,-2.6010256924654187,-1.2125286343390753,1.7682643595958172,1517.5
1215,-1.199863971115386,-1.8745759229302261,-1.7994270810320543,-2.6010257132397943,-1.2125286712939831,1.6790747918341942,1518.75
1216,-1.199864003326562,-1.8745759080047981,-1.7994270765246003,-2.6010257331156112,-1.212528703330186,1.5998852240725168,1520.0
1217,-1.1998640270550802,-1.8745758914597503,-1.799427067742899,-2.6010257587538086,-1.2125287268380784,1.5306956563108636,1521.25
1218,-1.1998640473541051,-1.8745758773059662,-1.799427060230421,-2.6010257806865056,-1.2125287469483645,1.4715060885492277,1522.5
1219,-1.199864064223637,-1.8745758655434477,-1.7994270539871629,-2.6010257989137036,-1.2125287636610451,1.4223165207876487,1523.75
1220,-1.1998640776636749,-1.8745758561721924,-1.7994270490131286,-2.6010258134354007,-1.2125287769761193,1.3831269530260895,1525.0
1221,-1.199864087674219,-1.8745758491921998,-1.7994270453083183,-2.6010258242515967,-1.2125287868935866,1.3539373852644765,1526.25
1222,-1.1998640942552694,-1.87457584460347,-1.7994270428727321,-2.6010258313622927,-1.2125287934134472,1.3347478175028946,1527.5
1223,-1.199864097406826,-1.8745758424060028,-1.79942704170637,-2.6010258347674875,-1.2125287965357008,1.3255582497412872,1528.75
1224,-1.1998640977078066,-1.8745758421961398,-1.7994270415949798,-2.6010258350926914,-1.212528796833883,1.3246806258398423,1529.273695962
