,shoulder_pan_joint,shoulder_lift_joint,elbow_joint,wrist_1_joint,wrist_2_joint,wrist_3_joint,time_from_start
0,-1.5315254377123146,-2.530781627309692,-1.4671909999563841,1.1547402930168933,2.33229465884771,-0.06061005934487761,0.0
1,-1.5302853195586252,-2.5289189054071937,-1.4701662155388433,1.1556549298717869,2.32729465884771,-0.05709254614001086,1.25
2,-1.5265649650975572,-2.5233307396997007,-1.4790918622862206,1.1583988404364676,2.31229465884771,-0.0465400065254106,2.5
3,-1.5203643743291106,-2.5140171301872116,-1.4939679401985162,1.1629720247109359,2.28729465884771,-0.028952440501076888,3.75
4,-1.511678195032843,-2.500979455665874,-1.514783644801434,1.1693436582361885,2.252294622623751,-0.004346895199861089,5.0
5,-1.500329201438138,-2.484263451179278,-1.5411810124450334,1.1764927702357328,2.207293532696543,0.026711882756700223,6.25
6,-1.486103775073113,-2.463924551389777,-1.5727277993958992,1.1831875996429682,2.1522908673737913,0.06354212372070911,7.5
7,-1.4688043189666846,-2.440002446604224,-1.609020554983557,1.188351507091092,2.087286732279774,0.1056517955112051,8.75
8,-1.4481712250232737,-2.412474611606091,-1.6495099367706598,1.1909718075766598,2.012281673037732,0.15327533851739542,10.0
9,-1.423925834680276,-2.3813242316904777,-1.6936300292873874,1.1897871671712763,1.927276120706228,0.20641587112317114,11.25
10,-1.3957333246753696,-2.346398158636574,-1.74076377966649,1.1833960021578362,1.8322710356876013,0.26592433612202715,12.5
11,-1.3639243514105084,-2.30828295753436,-1.789302361081215,1.1703803284720808,1.7294657666549917,0.33147806239905075,13.75
12,-1.3330990580924469,-2.2723164253030745,-1.8322620820117623,1.1523017737014092,1.6338386349301566,0.3945936995168847,15.0
13,-1.304454791466156,-2.2394366484499835,-1.8691106530024455,1.1307198745251097,1.5482113144801215,0.45398735949129854,16.25
14,-1.2783034684224317,-2.2097034548662022,-1.9004920469514999,1.1070087583782389,1.4725815227085133,0.5093724828130881,17.5
15,-1.2549098915001664,-2.18317011630802,-1.9269536284328552,1.0823187718797882,1.4069533296275196,0.5604844486102702,18.75
16,-1.2345446871094032,-2.1600563546756053,-1.9488754700265822,1.0581286059760446,1.3513284466190116,0.6063631616650234,20.0
17,-1.2174323244693295,-2.140510535758935,-1.9666193064595603,1.0356093437640415,1.3057070693471395,0.6463262995537982,21.25
18,-1.203788367059252,-2.1248403885061298,-1.9803119086811618,1.0161672433184554,1.2700893029264815,0.6791523534445936,22.5
19,-1.1938324639733602,-2.1133632188613625,-1.9900769925043416,1.0012405178551949,1.2444758621874048,0.7035843698972797,23.75
20,-1.187694511408933,-2.1062848171277744,-1.9960837176488135,0.9919935679416872,1.228707425885854,0.7185302473699255,25.0
21,-1.182375224447192,-2.100150519644634,-2.001289280593231,0.9839799585688517,1.215042146238957,0.7236827341721854,26.25
22,-1.177038293866563,-2.093995880051845,-2.006512110713644,0.9759397741612721,1.2013315398997986,0.7188364317103498,27.5
23,-1.172908982132679,-2.0892338925081084,-2.010553141025884,0.9697188958345481,1.190723313400668,0.7039951447774772,28.75
24,-1.1716738150150627,-2.087809486763496,-2.0117619026007794,0.9678581051074779,1.1875501614702424,0.6819397549205888,30.0
25,-1.1716738153497754,-2.08780950134063,-2.0117619045356943,0.9678581215405868,1.1875501619450315,0.6525074539802627,31.25
26,-1.1716738157981188,-2.087809520870433,-2.0117619071280957,0.9678581435566039,1.1875501625803682,0.6130751540261846,32.5
27,-1.1716738163582066,-2.0878095453509093,-2.0117619103795152,0.9678581711462764,1.187550163360461,0.5636428725461546,33.75
28,-1.1716738170315986,-2.087809574783711,-2.0117619142886864,0.9678582043172557,1.1875501642983644,0.5042105910661228,35.0
29,-1.1716738230174342,-2.0878096077927886,-2.0117619197529697,0.9678582426042371,1.1875501705623361,0.43477831908983583,36.25
30,-1.1716738348753695,-2.0878096442300205,-2.0117619268689606,0.9678582859571345,1.1875501827087085,0.35534605563621996,37.5
31,-1.1716738482260949,-2.087809685254663,-2.011761934880618,0.9678583347687073,1.1875501963838517,0.26591380155512306,38.75
32,-1.1716738656353962,-2.087809729361229,-2.0117619441211905,0.9678583878437907,1.1875502141452765,0.1664815537821317,40.0
33,-1.171673895745849,-2.087809771478837,-2.011761955712991,0.967858441157474,1.1875502446073247,0.057049315455468805,41.25
34,-1.1716739286078248,-2.087809817445192,-2.0117619683640484,0.9678584993430166,1.1875502778530733,-0.06238292269327844,42.5
35,-1.1716739738616826,-2.08780985748352,-2.0117619827971778,0.9678585532687863,1.1875503234546927,-0.1918151540256344,43.75
36,-1.1716740266676076,-2.0878098965021152,-2.011761998649498,0.9678586075191802,1.1875503766065771,-0.33124737714260494,45.0
37,-1.171674090283136,-2.087809926015262,-2.011762015499428,0.9678586531718132,1.1875504405029245,-0.4806795938121,46.25
38,-1.171674160855723,-2.087809949789137,-2.011762033040031,0.9678586937171737,1.187550511317347,-0.6369489370526799,47.5
39,-1.1716742319588684,-2.0878099562016184,-2.0117620484589898,0.9678587148109159,1.1875505825278285,-0.785133271323165,48.75
40,-1.1716742993803035,-2.0878099578741636,-2.0117620625132306,0.9678587298475533,1.187550650016785,-0.9233176055936454,50.0
41,-1.1716743616129595,-2.087809945893145,-2.011762073748211,0.9678587284931666,1.187550712206654,-1.0515019398640992,51.25
42,-1.1716744188948316,-2.0878099306583437,-2.0117620835489185,0.9678587225080421,1.1875507694164482,-1.1696862741345582,52.5
43,-1.1716744697688208,-2.0878099119160023,-2.011762091583659,0.9678587113221073,1.187550820185918,-1.2778706084050206,53.75
44,-1.1716745131848736,-2.087809886439658,-2.0117620972223684,0.9678586910963718,1.1875508634390843,-1.376054942675486,55.0
45,-1.1716745521790362,-2.0878098635580633,-2.0117621022867733,0.9678586729306091,1.1875509022869501,-1.4642392769459565,56.25
46,-1.1716745855225412,-2.0878098415524713,-2.0117621063038365,0.9678586546491939,1.1875509354863973,-1.5424236112164305,57.5
47,-1.1716746103329294,-2.0878098163910237,-2.0117621081638846,0.9678586311484992,1.1875509601213012,-1.6106079454869062,58.75
48,-1.1716746315045947,-2.0878097949197856,-2.011762109751136,0.9678586110944462,1.187550981143219,-1.6687922797573862,60.0
49,-1.1716746490375383,-2.0878097771387583,-2.0117621110655857,0.9678585944870319,1.1875509985521524,-1.7169766140278653,61.25
50,-1.1716746629317591,-2.0878097630479404,-2.01176211210724,0.9678585813262593,1.1875510123480992,-1.7551609482983435,62.5
51,-1.1716746731872574,-2.0878097526473316,-2.0117621128760974,0.9678585716121288,1.1875510225310602,-1.783345282568824,63.75
52,-1.1716746798040325,-2.087809745936932,-2.0117621133721593,0.96785856534464,1.187551029101035,-1.8015296168393025,65.0
53,-1.1721110929574763,-2.08857871825126,-2.010267301378182,0.9671323845418874,1.1879866214082606,-1.810748452533492,66.25
54,-1.173762742114043,-2.091489005253167,-2.004609992555454,0.9643840712930426,1.1896351638624458,-1.811410253197031,67.5
55,-1.174387767793986,-2.0925903390973986,-2.0024691136859865,0.9633440334059071,1.1902590123082017,-1.8031906425237105,68.75
56,-1.174387761247955,-2.0925903431362887,-2.00246911505599,0.9633440299134197,1.1902590023855404,-1.7863233103921086,70.0
57,-1.1743877508210308,-2.092590349569683,-2.002469117238217,0.9633440243503693,1.1902589865801105,-1.7594559782605061,71.25
58,-1.1743877365132138,-2.0925903583975822,-2.0024691202326674,0.9633440167167557,1.190258964891912,-1.7225886461289046,72.5
59,-1.174387718324504,-2.0925903696199857,-2.00246912403934,0.9633440070125792,1.190258937320945,-1.6757213139973044,73.75
60,-1.1743876969869718,-2.0925903826502017,-2.0024691292585777,0.9633439931174517,1.1902589100223886,-1.6188540021647289,75.0
61,-1.1743876720017332,-2.092590397888043,-2.0024691354812663,0.9633439764763492,1.1902588788016824,-1.5519866929757893,76.25
62,-1.1743876400120297,-2.0925904168592817,-2.002469134962089,0.9633439804721182,1.1902588455074112,-1.4751193946695946,77.5
63,-1.174387602057356,-2.0925904391012304,-2.002469130141585,0.9633439977487437,1.1902588093139745,-1.388252101970426,78.75
64,-1.1743875597453344,-2.0925904640008746,-2.002469124681629,0.963344017428297,1.1902587690546902,-1.2913848214365677,80.0
65,-1.174387510524984,-2.0925904841760548,-2.0024691171625673,0.9633440305238965,1.190258720941366,-1.1845175475754453,81.25
66,-1.1743874542351225,-2.0925904991627515,-2.0024691074941616,0.9633440364730075,1.1902586647309443,-1.0676502818336926,82.5
67,-1.1743873930794804,-2.092590513360426,-2.0024690967237406,0.963344040580334,1.190258603631549,-0.9407830240789139,83.75
68,-1.1743873267162075,-2.092590511730961,-2.0024690828636116,0.9633440257714174,1.1902585371977448,-0.8039157719993243,85.0
69,-1.1743872559703301,-2.0925905081865963,-2.002469067855415,0.9633440079475307,1.1902584663628222,-0.6570485207236653,86.25
70,-1.1743871855694907,-2.092590484515171,-2.0024690503240645,0.9633439675127504,1.1902583957189266,-0.500181276440183,87.5
71,-1.1743871147168465,-2.092590453112111,-2.002469031703299,0.9633439182778383,1.1902583245622855,-0.33421215245098235,88.75
72,-1.174387054171052,-2.092590408442285,-2.00246901349266,0.9633438561091365,1.1902582636169323,-0.1733386284348789,90.0
73,-1.1743870052423362,-2.092590358592788,-2.0024689970039455,0.9633437903750421,1.1902582142575704,-0.022465104418773627,91.25
74,-1.17438696672326,-2.0925903047868726,-2.002468982146456,0.9633437222178561,1.1902581752853578,0.11840841959733284,92.5
75,-1.1743869387495314,-2.0925902502209093,-2.0024689693600584,0.9633436552657098,1.19025814686116,0.24928194361344047,93.75
76,-1.174386920817685,-2.09259019519007,-2.0024689585792412,0.9633435897527789,1.1902581284834124,0.3701554676295507,95.0
77,-1.1743869055479002,-2.0925901443986787,-2.0024689488923584,0.9633435295371506,1.190258112803125,0.481028991645661,96.25
78,-1.1743869044125257,-2.0925900947967833,-2.002468942266062,0.9633434734248757,1.1902581112781292,0.5819025156617719,97.5
79,-1.1743869033897056,-2.0925900501121264,-2.0024689362966526,0.9633434228752356,1.1902581099043128,0.6727760396778837,98.75
80,-1.1743869024794398,-2.0925900103447073,-2.0024689309841324,0.963343377888231,1.1902581086816753,0.7536495636939969,100.0
81,-1.1743869108579879,-2.0925899757198767,-2.0024689282449986,0.9633433405116019,1.1902581167957478,0.8245230877101202,101.25
82,-1.1743869185738982,-2.0925899459932444,-2.002468926000855,0.9633433085246208,1.1902581242850236,0.8853966117262362,102.5
83,-1.1743869250222774,-2.0925899211499575,-2.0024689241253655,0.9633432817923013,1.190258130543999,0.9362701357423482,103.75
84,-1.174386930203125,-2.0925899011900135,-2.002468922618532,0.9633432603146439,1.1902581355726727,0.9771436597584569,105.0
85,-1.1743869341164412,-2.092589886113413,-2.0024689214803564,0.9633432440916488,1.1902581393710459,1.0080171837745657,106.25
86,-1.174386936762226,-2.0925898759201553,-2.0024689207108386,0.9633432331233164,1.1902581419391178,1.0288907077906793,107.5
87,-1.1745094034797112,-2.09280912759604,-2.0020423489881423,0.9631358212353377,1.1903803697506712,1.0401300917287428,108.75
88,-1.1760029743132627,-2.0954831571325747,-1.9968399419871037,0.9606063236492025,1.1918710274095698,1.0434805997980339,110.0
89,-1.177061986932117,-2.097379176344877,-1.993151185608116,0.958812788810866,1.192927974128574,1.0372862199747508,111.25
90,-1.1770619850521757,-2.0973791812627045,-1.993151187833242,0.958812787927374,1.1929279714864882,1.023131562932914,112.5
91,-1.1770619818440902,-2.0973791896548843,-1.993151191630377,0.9588127864197113,1.1929279669778179,0.9989769058910791,113.75
92,-1.1770619773078614,-2.097379201521417,-1.9931511969995221,0.9588127842878784,1.1929279606025636,0.9648222488492475,115.0
93,-1.1770619714434893,-2.0973792168623024,-1.9931512039406765,0.9588127815318749,1.192927952360725,0.9206675918074143,116.25
94,-1.177061963735239,-2.097379235872988,-1.993151212222354,0.958812778730604,1.1929279378912692,0.8665129449243902,117.5
95,-1.1770619542495502,-2.0973792585282958,-1.9931512218743759,0.9588127758094884,1.1929279177560046,0.8023583044735747,118.75
96,-1.177061947948701,-2.0973792887759224,-1.993151230452963,0.9588127903810455,1.1929279036476264,0.7282036704434399,120.0
97,-1.1770619486774252,-2.097379329963917,-1.9931512358327488,0.95881283724246,1.1929279031225581,0.6440490465197728,121.25
98,-1.1770619495021608,-2.097379376113672,-1.9931512417929829,0.9588128899603326,1.1929279026150863,0.5498944312758947,122.5
99,-1.1770619541154037,-2.097379426173607,-1.9931512490409395,0.9588129478237191,1.192927906262188,0.4457398229673782,123.75
100,-1.1770619709481291,-2.0973794777765273,-1.993151259162255,0.9588130093492011,1.1929279235432242,0.3315852234531747,125.0
101,-1.1770619892576826,-2.0973795338979024,-1.9931512701722136,0.958813076257047,1.1929279423573078,0.20743063354713712,126.25
102,-1.1770620231480449,-2.097379586255254,-1.993151283924186,0.9588131419226675,1.1929279766996368,0.07327604914741431,127.5
103,-1.1770620623193473,-2.097379640897401,-1.9931512990636517,0.9588132111874496,1.1929280163380371,-0.07087853408855632,128.75
104,-1.177062117119911,-2.0973796862622667,-1.9931513162247727,0.958813273057899,1.1929280715428483,-0.2250331118460185,130.0
105,-1.1770621788578,-2.0973797308882656,-1.9931513347201832,0.9588133354548508,1.1929281336842832,-0.389179651180378,131.25
106,-1.1770622518193106,-2.0973797553744684,-1.9931513529251184,0.9588133773489035,1.1929282068995994,-0.5527673988421508,132.5
107,-1.1770623216242597,-2.0973797733479387,-1.9931513696373622,0.958813411283394,1.1929282769042893,-0.7063551465039111,133.75
108,-1.1770623908141453,-2.0973797750290397,-1.9931513841163677,0.9588134267325471,1.1929283461646865,-0.849942894165662,135.0
109,-1.1770624550965252,-2.097379772713029,-1.9931513970670218,0.9588134367147532,1.1929284104819384,-0.9835306418274056,136.25
110,-1.1770625142559088,-2.0973797569907853,-1.9931514072284022,0.9588134305817982,1.1929284695660376,-1.1071183894891443,137.5
111,-1.1770625686284633,-2.0973797425406975,-1.9931514165675743,0.9588134249450819,1.192928523869399,-1.220706137150876,138.75
112,-1.1770626147274632,-2.097379718675651,-1.9931514229841065,0.9588134070750007,1.1929285698179757,-1.3242938848126027,140.0
113,-1.177062655599237,-2.09737969473291,-1.9931514283131384,0.9588133880933338,1.192928610534389,-1.4178816324743255,141.25
114,-1.1770626921037974,-2.0973796733484904,-1.99315143307275,0.9588133711398864,1.1929286469001894,-1.5014693801360453,142.5
115,-1.1770627205089084,-2.0973796493160273,-1.9931514358205122,0.9588133496148823,1.19292867513892,-1.5750571277977654,143.75
116,-1.1770627433609981,-2.0973796261877173,-1.9931514375405681,0.9588133280212169,1.1929286978271803,-1.6386448754594864,145.0
117,-1.1770627626193002,-2.0973796066966353,-1.9931514389901213,0.9588133098234353,1.1929287169474172,-1.6922326231212117,146.25
118,-1.1770627782838143,-2.097379590842782,-1.993151440169172,0.9588132950215373,1.1929287324996305,-1.7358203707829434,147.5
119,-1.17706279035454,-2.097379578626155,-1.993151441077722,0.9588132836155243,1.19292874448382,-1.7694081184446708,148.75
120,-1.1770627988314775,-2.0973795700467557,-1.9931514417157716,0.9588132756053963,1.192928752899985,-1.7929958661063994,150.0
121,-1.177063548126067,-2.097380919241223,-1.9931488054004929,0.9588119879100099,1.1929295006544463,-1.8065852530588156,151.25
122,-1.1782006784510222,-2.0994494357588174,-1.9891211284021584,0.9568520102458316,1.1940643318171102,-1.8123592027815238,152.5
123,-1.1796211444567863,-2.10203336989354,-1.9840898717024202,0.9544036648373425,1.1954819249938418,-1.8084727292571174,153.75
124,-1.1797006995179786,-2.1021780972111124,-1.9838080749409415,0.9542665321449693,1.1955613168356065,-1.7968043389216581,155.0
125,-1.1797006913021955,-2.1021781022765946,-1.9838080766702544,0.9542665277891811,1.195561304290288,-1.7753857727762703,156.25
126,-1.1797006792505886,-2.102178109707072,-1.983808079206957,0.9542665213997421,1.1955612858877527,-1.7439672066308836,157.5
127,-1.179700663363159,-2.102178119502546,-1.9838080825510493,0.9542665129766525,1.1955612616280005,-1.7025486404854933,158.75
128,-1.1797006439008662,-2.1021781314483934,-1.983808086923446,0.9542665017398708,1.195561233729058,-1.6511300822627564,160.0
129,-1.1797006212079006,-2.1021781452615413,-1.9838080926155224,0.9542664866605637,1.1955612051163804,-1.5897115393950205,161.25
130,-1.179700594289668,-2.102178161559025,-1.983808097972856,0.9542664728949406,1.1955611723095079,-1.5182929984228168,162.5
131,-1.1797005591512517,-2.1021781821130254,-1.983808093494973,0.9542664888263654,1.1955611388061758,-1.4368744719843167,163.75
132,-1.1797005197020727,-2.102178205231357,-1.9838080884320881,0.9542665068845613,1.1955611012307283,-1.3454559507986619,165.0
133,-1.179700475945283,-2.102178230939075,-1.9838080827621818,0.9542665271764517,1.195561059610101,-1.2440374371500356,166.25
134,-1.1797004230653836,-2.1021782453969826,-1.9838080736948498,0.9542665331553271,1.1955610068676894,-1.132618934939433,167.5
135,-1.1797003653025295,-2.102178260765569,-1.9838080637332087,0.9542665392137826,1.1955609491796635,-1.0112004399732104,168.75
136,-1.1797003025420647,-2.1021782669258324,-1.983808051557064,0.9542665338704637,1.1955608864118736,-0.8797819514765977,170.0
137,-1.1797002348171532,-2.1021782652981518,-1.9838080373558276,0.9542665187385768,1.19556081861377,-0.7383634658814019,171.25
138,-1.1797001652647268,-2.102178252174507,-1.9838080212859843,0.9542664902844924,1.195560748896904,-0.5869449840200178,172.5
139,-1.1797000937150475,-2.102178228207306,-1.9838080033969985,0.9542664492108466,1.195560677096494,-0.4255265086161688,173.75
140,-1.1797000291758222,-2.1021781880304315,-1.983807984853633,0.9542663912349711,1.1955606121832674,-0.25980697557862636,175.0
141,-1.1796999710703833,-2.1021781452896064,-1.983807967306733,0.9542663316310346,1.195560553688776,-0.10348676739383297,176.25
142,-1.1796999310843281,-2.1021780907209298,-1.983807951968659,0.9542662622468827,1.195560513234611,0.04283344079095091,177.5
143,-1.1796998942715935,-2.102178039436233,-1.9838079377120572,0.9542661971888764,1.1955604759825793,0.17915364897572073,178.75
144,-1.1796998748245917,-2.102177983329625,-1.983807926417327,0.9542661301028719,1.1955604560723958,0.305473857160485,180.0
145,-1.1796998577828997,-2.1021779311578577,-1.983807916129844,0.95426606792617,1.195560438600877,0.42179406534524344,181.25
146,-1.179699849755265,-2.102177881465707,-1.9838079080260584,0.9542660103152916,1.1955604301707068,0.5281142735299991,182.5
147,-1.1796998486862817,-2.1021778347992397,-1.9838079017522063,0.9542659574824707,1.1955604287291104,0.6244344817147486,183.75
148,-1.1796998477282812,-2.102177792977706,-1.9838078961297017,0.95426591013477,1.1955604274371812,0.710754689899495,185.0
149,-1.1796998508492285,-2.10217775609648,-1.9838078919906028,0.9542658691587682,1.195560430266964,0.7870748980842408,186.25
150,-1.179699859153141,-2.102177724182099,-1.9838078895664126,0.954265834801139,1.1955604383236107,0.8533951062689878,187.5
151,-1.1796998662049596,-2.102177697079884,-1.9838078875077505,0.9542658056240766,1.1955604451654473,0.9097153144537399,188.75
152,-1.1796998720046845,-2.102177674789835,-1.9838078858146129,0.9542657816275799,1.195560450792474,0.9560355226384962,190.0
153,-1.1796998765523157,-2.102177657311951,-1.9838078844870044,0.9542657628116508,1.1955604552046901,0.9923557308232537,191.25
154,-1.1796998798478529,-2.1021776446462326,-1.9838078835249247,0.9542657491762891,1.195560458402096,1.0186759390080087,192.5
155,-1.179699881891296,-2.1021776367926788,-1.9838078829283738,0.9542657407214952,1.1955604603846917,1.034996147192763,193.75
156,-1.1803767405773746,-2.1034285877371475,-1.9813701473260983,0.9530784905270864,1.1962359009146601,1.0428159664805703,195.0
157,-1.1819475550449348,-2.1063317358235487,-1.9757127837925947,0.9503231936316826,1.1978034241590563,1.041641877323728,196.25
158,-1.182301285966392,-2.1069854997660813,-1.9744388019596566,0.949702727076527,1.1981564134052354,1.0320561885153017,197.5
159,-1.1823012835091675,-2.1069855061591305,-1.9744388048777721,0.9497027259229598,1.1981564098788622,1.0133927823881965,198.75
160,-1.1823012797353427,-2.1069855159776254,-1.9744388093594372,0.9497027241513021,1.1981564044630308,0.9847293762610907,200.0
161,-1.1823012746449175,-2.106985529221566,-1.9744388154046517,0.9497027217615539,1.1981563971577411,0.9460659701339824,201.25
162,-1.1823012681889187,-2.106985545910349,-1.9744388229905108,0.9497027188122489,1.1981563875443602,0.8974025650861012,202.5
163,-1.1823012596018483,-2.106985566347146,-1.9744388317589938,0.9497027162183154,1.1981563690792951,0.838739175942619,203.75
164,-1.1823012495509904,-2.1069855902676826,-1.9744388420221883,0.9497027131822092,1.1981563474665997,0.7700757867991437,205.0
165,-1.182301248342475,-2.1069856265816744,-1.9744388480526882,0.9497027491839279,1.1981563432347835,0.6914124114910365,206.25
166,-1.1823012491032154,-2.106985669358312,-1.9744388536599717,0.9497027979414492,1.1981563427053799,0.6027490405464443,207.5
167,-1.1823012499620675,-2.1069857170457467,-1.974438859823664,0.9497028525669516,1.1981563422220614,0.5040856806278818,208.75
168,-1.182301261438647,-2.106985766647294,-1.974438868570301,0.949702911032946,1.1981563535693853,0.395422328918636,210.0
169,-1.1823012787206972,-2.106985819496378,-1.9744388790057195,0.9497029741114718,1.1981563713257746,0.27675898498013046,211.25
170,-1.18230130220227,-2.106985874017598,-1.974438890947967,0.9497030402791037,1.1981563952995633,0.1480956484259456,212.5
171,-1.1823013394175264,-2.1069859257935812,-1.9744389053911435,0.9497031060080228,1.1981564329651004,0.009432316447327161,213.75
172,-1.1823013833945666,-2.1069859771841717,-1.9744389211841207,0.9497031726326711,1.198156477394152,-0.13923101356974824,215.0
173,-1.1823014420084224,-2.106986020234862,-1.974438938921756,0.9497032327306667,1.1981565364032125,-0.29789433680365085,216.25
174,-1.1823015091417752,-2.1069860554779485,-1.9744389574072174,0.9497032856974883,1.1981566038763094,-0.46426020086780195,217.5
175,-1.1823015792206566,-2.106986078908176,-1.9744389749652678,0.9497033259180971,1.1981566742026222,-0.623337164469389,218.75
176,-1.1823016485194124,-2.106986086949007,-1.974438990359152,0.9497033486247282,1.1981567436245726,-0.7724141280710263,220.0
177,-1.1823017147139747,-2.106986088522099,-1.9744390042686826,0.9497033634244119,1.1981568098877675,-0.9114910916726957,221.25
178,-1.18230177588261,-2.10698607836005,-1.974439015610539,0.9497033639969679,1.1981568710265487,-1.0405680552744,222.5
179,-1.1823018321844483,-2.106986063405995,-1.9744390253211856,0.9497033582061145,1.1981569272559351,-1.1596450188761258,223.75
180,-1.1823018826204195,-2.106986046229065,-1.974439033528102,0.9497033487534503,1.1981569775966414,-1.268721982477879,225.0
181,-1.182301925359872,-2.106986021231638,-1.974439039123851,0.9497033289641991,1.1981570201715175,-1.3677989460796671,226.25
182,-1.1823019637855636,-2.1069859987572443,-1.9744390441548059,0.9497033111723071,1.1981570584492434,-1.4568759096814698,227.5
183,-1.1823019972036535,-2.1069859778405626,-1.9744390483517025,0.9497032941522923,1.1981570917276403,-1.535952873283284,228.75
184,-1.182302021725007,-2.1069859530707413,-1.974439050205222,0.9497032710350208,1.198157116070834,-1.6050298368851115,230.0
185,-1.1823020426965005,-2.1069859318867494,-1.974439051790415,0.9497032512643458,1.198157136889959,-1.6641068004869468,231.25
186,-1.1823020601181355,-2.1069859142885887,-1.9744390531072777,0.949703234840265,1.198157154185017,-1.713183764088795,232.5
187,-1.1823020739899102,-2.106985900276257,-1.9744390541558139,0.9497032217627805,1.1981571679560066,-1.7522607276906483,233.75
188,-1.1823020843118253,-2.1069858898497547,-1.9744390549360242,0.9497032120318928,1.1981571782029277,-1.7813376912925007,235.0
189,-1.1823020910838802,-2.1069858830090813,-1.9744390554479085,0.9497032056476021,1.1981571849257802,-1.8004146548943467,236.25
190,-1.1826004146110378,-2.107546034927445,-1.9733466166428488,0.9491707226411992,1.198454860974288,-1.810311052974596,237.5
191,-1.1841357729669335,-2.1104289755065975,-1.9677241818739557,0.9464302189271202,1.199986886970678,-1.8119096568243125,238.75
192,-1.1848678454540946,-2.1118035950491847,-1.9650433442612063,0.945123515794247,1.200717369079505,-1.8044101084817779,240.0
193,-1.1848678394307375,-2.1118035987605244,-1.9650433455362057,0.9451235126218758,1.2007173598140488,-1.7885246614694168,241.25
194,-1.1848678296156352,-2.1118036048081783,-1.9650433476138267,0.9451235074524746,1.2007173447159232,-1.7626392144570553,242.5
195,-1.1848678160087873,-2.111803613192147,-1.9650433504940688,0.9451235002860436,1.200717323785128,-1.7267537674446898,243.75
196,-1.1848677986101945,-2.1118036239124294,-1.9650433541769319,0.9451234911225829,1.2007172970216635,-1.6808683204323291,245.0
197,-1.1848677780360006,-2.111803636448902,-1.9650433592010095,0.9451234780617218,1.2007172697189585,-1.6249828917358526,246.25
198,-1.1848677539616292,-2.11180365107556,-1.9650433652825794,0.9451234621045453,1.2007172390885155,-1.5590974679857115,247.5
199,-1.1848677235701974,-2.1118036691002646,-1.9650433658716104,0.9451234627207057,1.200717206362819,-1.4832120534331894,248.75
200,-1.1848676869531616,-2.111803690482561,-1.9650433611884321,0.9451234792578503,1.2007171714541638,-1.3973266460388438,250.0
201,-1.1848676460834864,-2.1118037144384614,-1.9650433558853566,0.9451234980795595,1.200717132574622,-1.3014412496597227,251.25
202,-1.1848675989539537,-2.111803735188281,-1.965043348828675,0.9451235121567348,1.200717086734758,-1.1955558600659595,252.5
203,-1.1848675444966543,-2.1118037496699835,-1.965043339397229,0.9451235178230124,1.2007170323588274,-1.079670478785839,253.75
204,-1.18486748533211,-2.1118037651407864,-1.965043329116057,0.9451235236831562,1.2007169732651275,-0.9537851058560848,255.0
205,-1.184867421050839,-2.1118037636309075,-1.9650433155793487,0.9451235093013634,1.2007169089132332,-0.8178997392683519,256.25
206,-1.184867352039019,-2.1118037620097234,-1.9650433010466215,0.9451234938603592,1.2007168398255823,-0.6720143729675425,257.5
207,-1.1848672837183785,-2.1118037394906413,-1.9650432839287353,0.9451234549721643,1.2007167712641595,-0.5161290136365886,258.75
208,-1.1848672136575105,-2.111803711142498,-1.9650432656886423,0.9451234091625079,1.2007167009139055,-0.35065051149771387,260.0
209,-1.1848671542315996,-2.1118036675598786,-1.9650432476664155,0.9451233482579281,1.2007166410843544,-0.1887992719408858,261.25
210,-1.1848671046993837,-2.1118036203907984,-1.9650432312290476,0.9451232852572282,1.2007165911279303,-0.036948032384040264,262.5
211,-1.184867066862216,-2.1118035678173515,-1.9650432165130085,0.9451232184641308,1.2007165528328123,0.10490320717282185,263.75
212,-1.1848670378014434,-2.1118035153797936,-1.9650432036359715,0.9451231535553286,1.2007165233226968,0.23675444672969476,265.0
213,-1.1848670201691638,-2.1118034615281287,-1.9650431929459289,0.9451230893046791,1.200716505239403,0.3586056862865693,266.25
214,-1.1848670039839178,-2.1118034120959277,-1.9650431831331825,0.9451230303269038,1.2007164886401565,0.4704569258434527,267.5
215,-1.18486700262328,-2.111803363530896,-1.9650431765100422,0.9451229752515757,1.2007164868852214,0.5723081654003465,268.75
216,-1.1848670016179468,-2.1118033196752246,-1.9650431705754965,0.9451229255609617,1.2007164855240173,0.664159404957249,270.0
217,-1.1848670007220659,-2.111803280594196,-1.965043165287052,0.945122881280248,1.20071648431101,0.7460106445141533,271.25
218,-1.1848670080098722,-2.1118032464775007,-1.9650431623450353,0.9451228442159707,1.200716491328878,0.817861884071051,272.5
219,-1.1848670156608445,-2.1118032171414067,-1.9650431601025513,0.9451228126183606,1.2007164987489214,0.8797131236279505,273.75
220,-1.1848670220748212,-2.1118031925483227,-1.965043158222626,0.9451227861293958,1.2007165049693054,0.9315643631848485,275.0
221,-1.1848670272518018,-2.111803172698247,-1.9650431567052604,0.945122764749077,1.2007165099900297,0.9734156027417358,276.25
222,-1.1848670311917868,-2.111803157591179,-1.9650431555504568,0.9451227484774046,1.2007165138110945,1.0052668422986277,277.5
223,-1.184867033894776,-2.111803147227119,-1.9650431547582148,0.9451227373143787,1.2007165164324995,1.0271180818555172,278.75
224,-1.1849174221802663,-2.1118992609308216,-1.9648555528683456,0.9450312175183888,1.2007667914324134,1.0391388574126132,280.0
225,-1.1862300213619108,-2.114403212393676,-1.9599684508925745,0.9426472436404955,1.2020764406259827,1.0434579229706133,281.25
226,-1.1873906832912278,-2.1166173299264175,-1.955647042071904,0.9405392213178858,1.203234493722841,1.0380567756495631,282.5
227,-1.187397751720256,-2.116630821574131,-1.9556207203774882,0.9405263795643924,1.203241545465955,1.0249421990875645,283.75
228,-1.1873977487064824,-2.116630829373073,-1.955620723969071,0.9405263781521067,1.2032415410502577,1.0018530383967046,285.0
229,-1.1873977443874328,-2.116630840549765,-1.9556207291161818,0.9405263761281548,1.203241534722106,0.9687638777058444,286.25
230,-1.1873977387631065,-2.1166308551042077,-1.9556207358188202,0.9405263734925366,1.203241526481499,0.9256747170149868,287.5
231,-1.1873977314291224,-2.1166308732036683,-1.9556207438798971,0.9405263707587767,1.2032415128343923,0.8725855644404109,288.75
232,-1.1873977222854994,-2.1166308948895036,-1.9556207532506846,0.9405263680538394,1.2032414929169077,0.8094964197784607,290.0
233,-1.1873977149832382,-2.116630922837318,-1.955620762268385,0.940526377467009,1.2032414764851898,0.7364072797538704,291.25
234,-1.1873977156864146,-2.1166309623382187,-1.9556207674892978,0.9405264225009631,1.2032414759824914,0.653318151507571,292.5
235,-1.1873977164822156,-2.116631006647911,-1.9556207732897388,0.9405264731896179,1.203241475488802,0.560229030658358,293.75
236,-1.1873977194144691,-2.1166310551926686,-1.9556207800580683,0.9405265291749076,1.2032414773026991,0.4571399168934285,295.0
237,-1.1873977356821535,-2.1166311048264714,-1.9556207899243414,0.9405265884851673,1.2032414940165674,0.34405081316497377,296.25
238,-1.1873977533902473,-2.116631158847414,-1.955620800664863,0.9405266530334212,1.203241512225012,0.22096171804143355,297.5
239,-1.1873977845151134,-2.116631210243897,-1.9556208138670697,0.9405267172277343,1.2032415438112678,0.0878726288293329,298.75
240,-1.187397822450201,-2.1166312628839776,-1.9556208286545027,0.9405267841554532,1.2032415822116338,-0.05521645850250953,300.0
241,-1.1873978739527018,-2.1166313081964065,-1.9556208453038564,0.9405268454936913,1.203241634129244,-0.20830554103624987,301.25
242,-1.1873979334687967,-2.1166313517809403,-1.9556208633935959,0.9405269064659741,1.2032416940523802,-0.3713946173066877,302.5
243,-1.1873980041713115,-2.1166313772456347,-1.955620881436522,0.9405269491929122,1.203241765023848,-0.5359829323926122,303.75
244,-1.1873980721891533,-2.116631396915361,-1.9556208981618433,0.9405269848466769,1.2032418332610435,-0.6906320942844255,305.0
245,-1.1873981402002853,-2.116631398493888,-1.9556209125158184,0.940527000074483,1.2032419013439042,-0.8352812561762611,306.25
246,-1.18739820346571,-2.1166313980487512,-1.9556209256175145,0.9405270120793826,1.2032419646604384,-0.9699304180680982,307.5
247,-1.1873982616875203,-2.1166313825912124,-1.9556209357034473,0.940527006138446,1.2032420228064957,-1.094579579959947,308.75
248,-1.1873983152384788,-2.116631368373761,-1.9556209449802266,0.9405270006741177,1.2032420762877785,-1.2092287418518024,310.0
249,-1.1873983611492465,-2.116631346338285,-1.9556209516435878,0.9405269848729357,1.2032421220584646,-1.3138779037436654,311.25
250,-1.187398401484017,-2.116631322781712,-1.9556209569478062,0.940526966252099,1.203242162235917,-1.408527065635539,312.5
251,-1.187398437557286,-2.116631301713972,-1.9556209616916116,0.9405269495986135,1.203242198168489,-1.4931762275274085,313.75
252,-1.1873984662838872,-2.116631278853924,-1.9556209646724263,0.9405269294692249,1.203242226733412,-1.5678253894192835,315.0
253,-1.1873984889557567,-2.1166312559943266,-1.9556209663938415,0.9405269081433381,1.2032422492383683,-1.6324745513111574,316.25
254,-1.1873985081207181,-2.116631236670676,-1.955620967848985,0.940526890116161,1.2032422682622346,-1.6871237132030255,317.5
255,-1.1873985237787714,-2.1166312208829723,-1.9556209690378563,0.940526875387693,1.2032422838050114,-1.7317728750948833,318.75
256,-1.187398535929916,-2.1166312086312153,-1.9556209699604579,0.940526863957936,1.2032422958666977,-1.7664220369867456,320.0
257,-1.1873985445741517,-2.116631199915404,-1.9556209706167897,0.9405268558268901,1.203242304447294,-1.7910711988786086,321.25
258,-1.187398549711479,-2.116631194735539,-1.9556209710068524,0.940526850994555,1.2032423095467994,-1.805720360770469,322.5
259,-1.1883015451613268,-2.1183811834875437,-1.952202816253971,0.9388581453825734,1.2041432041621825,-1.8123177760878502,323.75
260,-1.1897316914215519,-2.1211527943801087,-1.9467891927390188,0.9362152766107571,1.2055700225471981,-1.8095132705796506,325.0
261,-1.189895031740119,-2.1214693565029443,-1.9461708762374887,0.93591341915794,1.2057329806216368,-1.798728438277223,326.25
262,-1.1898950241413788,-2.121469361182136,-1.9461708778550357,0.9359134151829609,1.2057329688460137,-1.7784578012938776,327.5
263,-1.1898950127939947,-2.121469368169687,-1.946170880270558,0.9359134092470272,1.2057329512611883,-1.7481871643105331,328.75
264,-1.1898949976979667,-2.1214693774655986,-1.9461708834840556,0.9359134013501393,1.205732927867161,-1.7079165273271903,330.0
265,-1.1898949790165905,-2.121469388928355,-1.946170887642962,0.9359133909726997,1.2057329000818353,-1.6576458955187885,331.25
266,-1.1898949572346336,-2.1214694021378517,-1.9461708931849535,0.9359133765722041,1.2057328721144684,-1.597375281425149,332.5
267,-1.1898949318386505,-2.1214694175390467,-1.9461708996464635,0.9359133597824024,1.205732839506803,-1.5271046673543685,333.75
268,-1.189894898033696,-2.1214694372487903,-1.9461708953240775,0.9359133749392128,1.2057328072676623,-1.4468340695256168,335.0
269,-1.1898948600123618,-2.1214694594453665,-1.9461708904172967,0.9359133921644445,1.2057327710531776,-1.3565634755228089,336.25
270,-1.189894817788299,-2.1214694841704014,-1.9461708849044645,0.9359134115958482,1.2057327309073833,-1.2562928905950215,337.5
271,-1.189894767238739,-2.1214694996167247,-1.9461708763829413,0.9359134190562461,1.2057326807365532,-1.1460223157601228,338.75
272,-1.189894711401641,-2.121469514460419,-1.9461708666684703,0.9359134248214729,1.2057326249766196,-1.0257517484117837,340.0
273,-1.1898946507356385,-2.121469522451044,-1.946170855055425,0.9359134218624056,1.2057325643200407,-0.8954811879595753,341.25
274,-1.1898945851811358,-2.121469520948308,-1.9461708411883507,0.9359134071732447,1.2057324986923244,-0.7552106311723722,342.5
275,-1.1898945172228332,-2.1214695106562917,-1.946170825664789,0.935913382080462,1.205732430587786,-0.6049400774211243,343.75
276,-1.1898944478974625,-2.121469487609308,-1.9461708081795066,0.9359133423109258,1.2057323610122164,-0.44466953023336886,345.0
277,-1.1898943834275626,-2.121469450832291,-1.946170789901916,0.9359132879964421,1.2057322961834318,-0.27849920776540416,346.25
278,-1.1898943263120276,-2.1214694090669646,-1.9461707725021604,0.9359132295054978,1.205732238674406,-0.1210352584430956,347.5
279,-1.1898942852659196,-2.121469357419921,-1.9461707571543352,0.9359131630384154,1.2057321971675938,0.026428690879230055,348.75
280,-1.1898942490435003,-2.121469307219948,-1.9461707430025597,0.9359130991616855,1.2057321605005926,0.16389264020155495,350.0
281,-1.1898942280831295,-2.1214692533024606,-1.946170731544616,0.9359130341109283,1.2057321390784166,0.29135658952389754,351.25
282,-1.1898942112927493,-2.1214692021410175,-1.9461707213184742,0.9359129729993863,1.2057321218525479,0.40882053884624825,352.5
283,-1.189894201754128,-2.121469153789527,-1.9461707129738446,0.9359129164987081,1.2057321119078954,0.5162844881686035,353.75
284,-1.1898942007018782,-2.121469107920258,-1.9461707067250962,0.9359128644834239,1.2057321104774568,0.6137484374909677,355.0
285,-1.1898941997575918,-2.1214690667572738,-1.9461707011174751,0.9359128178050113,1.2057321091937845,0.70121238681333,356.25
286,-1.1898942016950311,-2.1214690303641643,-1.9461706967377415,0.9359127770850159,1.2057321108335912,0.7786763361357004,357.5
287,-1.189894209940662,-2.1214689988194886,-1.9461706943107184,0.9359127430912373,1.2057321188269876,0.8461402854580713,358.75
288,-1.189894216964065,-2.1214689719505953,-1.9461706922434465,0.9359127141362652,1.205732125635544,0.9036042347804396,360.0
289,-1.1898942227652403,-2.1214689497574866,-1.9461706905359215,0.935912690220098,1.2057321312592608,0.951068184102798,361.25
290,-1.1898942273441881,-2.12146893224016,-1.9461706891881492,0.9359126713427377,1.2057321356981383,0.9885321334251506,362.5
291,-1.1898942307009082,-2.1214689193986156,-1.9461706882001284,0.9359126575041843,1.205732138952176,1.0159960827475074,363.75
292,-1.1898942328354003,-2.1214689112328533,-1.9461706875718594,0.9359126487044376,1.205732141021374,1.0334600320698653,365.0
293,-1.1903728680082255,-2.122411229341972,-1.9443287310842603,0.9350127383426664,1.2062096238044782,1.042150941476091,366.25
294,-1.1918706079292163,-2.1253599399135776,-1.9385648893965635,0.9321967554699293,1.2077037576901544,1.0421621470965095,367.5
295,-1.1923570653608944,-2.1263176695371913,-1.9366928232891918,0.93128213780365,1.2081890433703082,1.0334832085723746,368.75
296,-1.1923570631045783,-2.1263176753448647,-1.9366928259880434,0.93128213674856,1.2081890399957063,1.0160487408487975,370.0
297,-1.1923570595540927,-2.1263176844836824,-1.9366928302348927,0.9312821350882952,1.208189034685512,0.9886142731252199,371.25
298,-1.1923570547094373,-2.1263176969536453,-1.9366928360297395,0.9312821328228555,1.2081890274397256,0.9511798054016452,372.5
299,-1.192357048570612,-2.1263177127547523,-1.936692843372584,0.931282129952241,1.2081890182583468,0.9037453376780664,373.75
300,-1.1923570403723618,-2.1263177322174114,-1.9366928518747266,0.9312821275069232,1.2081890004584805,0.8463108826701022,375.0
301,-1.1923570306944338,-2.126317755091311,-1.9366928618306414,0.9312821247062296,1.2081889791030023,0.7788764284594983,376.25
302,-1.19235702813942,-2.1263177886526368,-1.9366928684561326,0.9312821539695713,1.2081889720890115,0.701441985970245,377.5
303,-1.1923570288712457,-2.1263178296321343,-1.9366928739050182,0.9312822007419785,1.2081889715695329,0.6140075482617564,378.75
304,-1.1923570297008945,-2.126317875393168,-1.9366928798917757,0.9312822532703056,1.2081889711148395,0.5165731232470774,380.0
305,-1.1923570390384874,-2.1263179235128153,-1.9366928880784338,0.9312823098281728,1.2081889801166878,0.40913870500345795,381.25
306,-1.1923570557272383,-2.1263179743117404,-1.9366928982477583,0.9312823706003946,1.2081889972748765,0.2917042947785834,382.5
307,-1.1923570765121956,-2.1263180278717275,-1.936692909640803,0.9312824352966506,1.2081890185623358,0.16426989238689496,383.75
308,-1.1923571125087478,-2.1263180776940755,-1.9366929237377386,0.9312824987421495,1.2081890550067393,0.026835495380150585,385.0
309,-1.1923571532533217,-2.1263181289987263,-1.9366929390228422,0.931282564805561,1.2081890962151025,-0.12059890039334754,386.25
310,-1.1923572100142854,-2.1263181704442173,-1.9366929563551982,0.9312826229127248,1.2081891533697955,-0.27803328926817783,387.5
311,-1.1923572740579835,-2.12631820700211,-1.9366929745653,0.931282676944322,1.2081892177731632,-0.444195825935555,388.75
312,-1.1923573429798455,-2.126318229871316,-1.9366929919896285,0.9312827164781736,1.2081892869456006,-0.6044976151309496,390.0
313,-1.1923574105273282,-2.1263182401356526,-1.9366930074640787,0.9312827414965585,1.2081893546379514,-0.7547994043263531,391.25
314,-1.192357475701974,-2.1263182416106834,-1.9366930212831928,0.9312827561123497,1.2081894198825036,-0.8951011935217695,392.5
315,-1.1923575360188652,-2.126318233724852,-1.9366930328521224,0.9312827591860315,1.208189480187402,-1.0254029827171942,393.75
316,-1.1923575915356361,-2.1263182189892453,-1.9366930425141247,0.9312827535663634,1.2081895356311483,-1.1457047719126336,395.0
317,-1.1923576418474275,-2.126318203682256,-1.9366930510126723,0.9312827462669326,1.2081895858605718,-1.256006561108081,396.25
318,-1.192357684078499,-2.126318179051421,-1.9366930565921718,0.9312827268268739,1.2081896279248292,-1.356308350303521,397.5
319,-1.192357722099171,-2.126318156876261,-1.9366930616153952,0.9312827093249693,1.2081896657953186,-1.446610139498974,398.75
320,-1.192357755909443,-2.1263181371567734,-1.936693066082346,0.9312826937612206,1.2081896994720387,-1.5269119286944297,400.0
321,-1.1923577802758172,-2.12631811264926,-1.936693067943551,0.9312826709110796,1.2081897236568122,-1.5972137178899097,401.25
322,-1.1923578011698217,-2.1263180916189297,-1.936693069537504,0.9312826512999478,1.2081897443949683,-1.6575155070853662,402.5
323,-1.1923578185989205,-2.1263180740761136,-1.936693070867125,0.9312826349409783,1.2081897616940638,-1.7078172962808045,403.75
324,-1.192357832563113,-2.1263180600208114,-1.9366930719324165,0.9312826218341728,1.2081897755540978,-1.7481190854762307,405.0
325,-1.1923578430623993,-2.126318049453022,-1.9366930727333795,0.9312826119795318,1.20818978597507,-1.778420874671661,406.25
326,-1.1923578500967793,-2.1263180423727466,-1.9366930732700138,0.9312826053770555,1.2081897929569805,-1.7987226638671103,407.5
327,-1.1925156445709246,-2.1266336202878238,-1.9360757536327147,0.9309807785369748,1.2083471943851536,-1.8095383025747211,408.75
328,-1.1939054774205657,-2.1294132850454965,-1.9306383562567284,0.9283222963454115,1.209733565447956,-1.8124027943483618,410.0
329,-1.194787794706352,-2.1311779272688414,-1.9271864838528736,0.9266345871062952,1.2106136837270813,-1.8058570827404317,411.25
330,-1.1947877893035528,-2.1311779305938146,-1.9271864850095268,0.9266345842993804,1.210613675291806,-1.791280540607209,412.5
331,-1.1947877801942506,-2.1311779361998315,-1.9271864869596822,0.9266345795668274,1.210613661069646,-1.7667039984739872,413.75
332,-1.194787767378446,-2.131177944086892,-1.9271864897033408,0.9266345729086359,1.2106136410606028,-1.7321274563407774,415.0
333,-1.1947877508561382,-2.131177954254996,-1.9271864932405025,0.9266345643248062,1.2106136152646751,-1.6875509142075653,416.25
334,-1.1947877311124588,-2.131177966272469,-1.9271864980236795,0.9266345522230941,1.210613587938869,-1.632974386377784,417.5
335,-1.1947877080267408,-2.1311779802466813,-1.9271865039403198,0.926634536999535,1.210613558024346,-1.5683978660238105,418.75
336,-1.1947876794144126,-2.131177997245713,-1.927186505945945,0.9266345334500126,1.2106135256879171,-1.493821352655045,420.0
337,-1.1947876442110106,-2.1311780177390793,-1.9271865014077252,0.9266345492274564,1.2106134921352187,-1.409244848469525,421.25
338,-1.1947876048545671,-2.131178040723955,-1.927186496270767,0.9266345671640588,1.2106134546974077,-1.314668353698807,422.5
339,-1.1947875600044258,-2.1311780623605716,-1.9271864897622395,0.9266345826050251,1.2106134113758644,-1.2100918658864153,423.75
340,-1.1947875074473888,-2.1311780763296913,-1.9271864805750913,0.926634587987368,1.2106133589023516,-1.0955153866329386,425.0
341,-1.1947874503010507,-2.131178091518869,-1.927186470585055,0.9266345938420248,1.2106133018294079,-0.9709389169446875,426.25
342,-1.1947873882050806,-2.131178092126643,-1.9271864576481226,0.9266345821680826,1.2106132396797111,-0.8363624530099618,427.5
343,-1.1947873214457654,-2.1311780906355846,-1.927186443458995,0.926634567183938,1.2106131728446106,-0.6917859901283285,428.75
344,-1.194787254642728,-2.1311780715832276,-1.9271864269362524,0.9266345323401566,1.2106131058220715,-0.5372095329796899,430.0
345,-1.19478718515352,-2.131178046863434,-1.927186409100357,0.9266344905549283,1.2106130360641674,-0.3726835292706528,431.25
346,-1.1947871266820953,-2.1311780042310318,-1.927186391202715,0.9266344307163314,1.2106129771842156,-0.20952760432937578,432.5
347,-1.1947870759782258,-2.1311779600040985,-1.927186374721992,0.9266343706225717,1.2106129260654481,-0.05637167938815191,433.75
348,-1.1947870387085264,-2.1311779084838522,-1.9271863600915626,0.9266343049606023,1.2106128883319385,0.0867842455530147,435.0
349,-1.1947870080197003,-2.131177858244187,-1.9271863470098898,0.9266342420570819,1.2106128571958905,0.21994017049408912,436.25
350,-1.1947869906279083,-2.131177805370475,-1.9271863363664679,0.92663417882482,1.2106128393467679,0.34309609543510833,437.5
351,-1.1947869746482938,-2.1311777567900005,-1.9271863265872613,0.9266341207268809,1.2106128229469562,0.45625202037608126,438.75
352,-1.1947869714736028,-2.131177709479067,-1.9271863196598433,0.9266340666147448,1.2106128193741368,0.559407945316985,440.0
353,-1.1947869704813745,-2.1311776662569306,-1.9271863137310299,0.9266340175592797,1.2106128180198952,0.6525638702578436,441.25
354,-1.1947869695956583,-2.1311776276745587,-1.9271863084386514,0.926633973769765,1.2106128168110273,0.7357197951986452,442.5
355,-1.194786975535664,-2.1311775938820388,-1.9271863052108427,0.9266339367543228,1.2106128224740096,0.8088757201394273,443.75
356,-1.194786983163512,-2.131177564764604,-1.9271863029555765,0.9266339053597608,1.2106128298654062,0.8720316450801847,445.0
357,-1.19478698958358,-2.1311775402575748,-1.9271863010574033,0.9266338789361588,1.210612836086462,0.9251875700209204,446.25
358,-1.194786994795868,-2.13117752036095,-1.9271862995163236,0.9266338574835167,1.210612841137177,0.9683434949616478,447.5
359,-1.1947869988003754,-2.1311775050747293,-1.9271862983323398,0.9266338410018358,1.2106128450175513,1.0014994199023688,448.75
360,-1.1947870015971027,-2.131177494398913,-1.9271862975054517,0.9266338294911156,1.210612847727584,1.0246553448431086,450.0
361,-1.194792092543964,-2.1311878282205265,-1.9271660562739712,0.926623919478078,1.210617925514841,1.0378299603670704,451.25
362,-1.195871281013781,-2.1333803801304603,-1.9228740427085318,0.9245239067903955,1.2116943339552886,1.0433070637353625,452.5
363,-1.1971282265786187,-2.135934082311645,-1.9178750714892547,0.9220779936610718,1.2129480413162077,1.0390799121058691,453.75
364,-1.1971846020772359,-2.1360486257846363,-1.9176508575306261,0.9219682879317752,1.213004270782339,1.0271762794215962,455.0
365,-1.1971845992923198,-2.1360486329147306,-1.9176508608748546,0.921968286632167,1.213004266531232,1.0054747128010306,456.25
366,-1.1971845952241251,-2.1360486433303456,-1.9176508657600912,0.9219682847337045,1.2130042603212308,0.9737731461804857,457.5
367,-1.1971845898726516,-2.1360486570314814,-1.9176508721863361,0.9219682822363875,1.2130042521523354,0.9320715795599368,458.75
368,-1.197184582959825,-2.1360486741433884,-1.9176508800063807,0.9219682795365345,1.2130042395704215,0.8803700162027205,460.0
369,-1.1971845741900815,-2.1360486947991975,-1.917650889063759,0.921968277055392,1.2130042199670055,0.8186684584573485,461.25
370,-1.1971845656156026,-2.136048720171584,-1.9176508986761023,0.9219682802792801,1.213004200538225,0.7469669030571554,462.5
371,-1.1971845662917597,-2.1360487579284158,-1.9176509037293668,0.9219683234177498,1.2130042000592098,0.6652653615642354,463.75
372,-1.1971845670567705,-2.136048800346547,-1.9176509093646974,0.9219683720082044,1.2130041995757612,0.5735638257434766,465.0
373,-1.1971845679467734,-2.1360488474350885,-1.917650915571669,0.9219684261242624,1.2130041991503986,0.47186229721517786,466.25
374,-1.1971845836298853,-2.1360488950679795,-1.9176509251751173,0.9219684831794158,1.2130042152762277,0.3601607803396104,467.5
375,-1.1971846007185567,-2.1360489469636823,-1.9176509356398546,0.9219685453368223,1.2130042328592952,0.23845927074080472,468.75
376,-1.1971846286530203,-2.136048997609707,-1.9176509482294013,0.9219686082132688,1.2130042612668817,0.10675776756257992,470.0
377,-1.1971846653241789,-2.1360490482378043,-1.9176509626609237,0.9219686727898755,1.213004298400403,-0.03494373282344193,471.25
378,-1.197184713115989,-2.136049093864658,-1.9176509787648184,0.9219687339325324,1.2130043466208436,-0.18664522927409846,472.5
379,-1.1971847707208063,-2.136049135804333,-1.917650996440809,0.9219687928661768,1.213004404630853,-0.3483467193276982,473.75
380,-1.1971848370369185,-2.136049162870714,-1.9176510139718064,0.9219688367199828,1.2130044712348738,-0.5103127195184376,475.0
381,-1.1971849015979745,-2.1360491842110667,-1.9176510303734005,0.9219688737478562,1.213004536034058,-0.6622804924231324,476.25
382,-1.1971849664888004,-2.1360491866897666,-1.9176510443389527,0.9219688895114717,1.2130046010044924,-0.8042482653277656,477.5
383,-1.197185027063099,-2.1360491880242334,-1.9176510572454237,0.9219689031189638,1.2130046616448573,-0.9362160382323372,478.75
384,-1.1971850827392005,-2.136049175842737,-1.9176510673272888,0.9219689004633221,1.2130047172687828,-1.0581838111367787,480.0
385,-1.1971851337960984,-2.1360491622921813,-1.9176510762566104,0.9219688953368592,1.2130047682577958,-1.1701515840410672,481.25
386,-1.1971851790690657,-2.1360491462350057,-1.9176510836375338,0.9219688862205149,1.2130048134365354,-1.2721193569453448,482.5
387,-1.197185217331538,-2.136049123946486,-1.9176510887175655,0.9219688686571265,1.2130048515459644,-1.3640871298496144,483.75
388,-1.1971852514335901,-2.1360491040814824,-1.9176510932452213,0.9219688530034689,1.2130048855116138,-1.446054902753867,485.0
389,-1.1971852813752206,-2.1360490866399937,-1.9176510972205056,0.9219688392595441,1.2130049153334825,-1.5180226756581237,486.25
390,-1.1971853032594397,-2.136049066241778,-1.9176510991098574,0.9219688205626515,1.213004937065751,-1.5799904485623852,487.5
391,-1.1971853210522991,-2.1360490483624246,-1.9176511004740173,0.9219688038971129,1.2130049547241664,-1.6319582214666575,488.75
392,-1.197185335421333,-2.136049033923541,-1.9176511015756756,0.921968790438473,1.213004968984627,-1.6739259943709484,490.0
393,-1.1971853463665418,-2.1360490229251274,-1.9176511024148306,0.9219687801867307,1.2130049798471325,-1.7058937672752363,491.25
394,-1.1971853538879247,-2.1360490153671834,-1.9176511029914853,0.9219687731418873,1.2130049873116833,-1.7278615401795212,492.5
395,-1.1971853579854816,-2.1360490112497077,-1.9176511033056398,0.9219687693039433,1.213004991378279,-1.7398293130838032,493.75
396,-1.1967585268433205,-2.1352101633663803,-1.9193669497921124,0.9228459388998129,1.2125795800871229,-1.7426582141055122,495.0
397,-1.1965513760293174,-2.1348030589927807,-1.9201996785966018,0.9232716463376416,1.212373118369615,-1.7366655154873114,496.25
398,-1.1964207367426543,-2.13454633144092,-1.920724820843163,0.9235401134132709,1.2122429136776227,-1.72100142363095,497.5
399,-1.1962066969704341,-2.1341257083027623,-1.9215852153669557,0.9239799706199661,1.2120295859465253,-1.695337331774594,498.75
400,-1.195909256712657,-2.133541189578308,-1.9227808621679805,0.9245912179577274,1.211733135176323,-1.6596732399182292,500.0
401,-1.1955254041263954,-2.1327941363804377,-1.924308984552578,0.9253724470968092,1.2113505366498836,-1.614009079461435,501.25
402,-1.1950556938312298,-2.1318842984357755,-1.926170093081079,0.9263239169892218,1.210882347356359,-1.558344881410266,502.5
403,-1.19450160069905,-2.130811009300489,-1.928365547309986,0.9274463171969398,1.2103300484717656,-1.4926806833591226,503.75
404,-1.1938591398541984,-2.1295760016798653,-1.9308918132852324,0.9287378550224273,1.2096896409596964,-1.4170163829294706,505.0
405,-1.1931305559609717,-2.1281782998530625,-1.9337508810452178,0.9301995399665829,1.2089633774602668,-1.3313520530274814,506.25
406,-1.1923119961033966,-2.126619534803628,-1.9369394249967757,0.9318296868682572,1.20814739000485,-1.235687608236462,507.5
407,-1.19140545247243,-2.1248988515334477,-1.9404591886944278,0.933629179525575,1.2072436784477742,-1.1300231085970325,508.75
408,-1.190406002630103,-2.1230182838722413,-1.9443060257960754,0.9355959171161392,1.2062473018042168,-1.0143584479413037,510.0
409,-1.1893143449383343,-2.1209774866533078,-1.948480640873004,0.9377302574990105,1.2051589614655822,-0.8886936572276416,511.25
410,-1.1881290943571008,-2.1187769901008116,-1.952981953620628,0.9400316539933162,1.20397726747494,-0.753028720707096,512.5
411,-1.1868480940530106,-2.116417606302389,-1.9578083096745225,0.9424992696492306,1.202700055435492,-0.6073636085764452,513.75
412,-1.1854691365058745,-2.1139001288994126,-1.962958092872326,0.9451322874921055,1.201325110345433,-0.4516982946891721,515.0
413,-1.184020974334164,-2.111280915740454,-1.968316023181254,0.9478717741782685,1.1998810901952612,-0.2894805360524426,516.25
414,-1.182636470992873,-2.1087995048128017,-1.973392095175079,0.9504671912840486,1.1985004809961068,-0.135558348260957,517.5
415,-1.1813315848956993,-2.1064830486069774,-1.9781307633030403,0.952890136051652,1.1971992008421979,0.008364035786347531,518.75
416,-1.1801092294697293,-2.10433042521887,-1.9825343134848805,0.9551417653707635,1.1959801735523694,0.14228656533243317,520.0
417,-1.1789715727033645,-2.1023408267026547,-1.9866043915091043,0.9572229117097462,1.194845574660409,0.26620920786575064,521.25
418,-1.1779208365112284,-2.1005134629152895,-1.9903426062920435,0.9591343882250095,1.193797633548247,0.380131933923744,522.5
419,-1.1769550203849124,-2.098848972385982,-1.993747658846023,0.9608755397306978,1.1928343434957436,0.4840547774294784,523.75
420,-1.1760791865773066,-2.097345622112959,-1.9968230768453061,0.9624481479083742,1.1919607832982249,0.5779776640397589,525.0
421,-1.1752927806475815,-2.0960035948320144,-1.9995684884341736,0.9638520250821544,1.1911763967522928,0.6619006098305698,526.25
422,-1.174597883560672,-2.0948221871235035,-2.001985325327567,0.9650878941810919,1.1904832715600389,0.7358235856355823,527.5
423,-1.1739939068235192,-2.093801588431672,-2.0040732020973246,0.9661555607685488,1.1898808173896633,0.7997466069336494,528.75
424,-1.1734844150973824,-2.0929406503239463,-2.0058344552614775,0.96705620355679,1.1893726100427546,0.8536696282317427,530.0
425,-1.1730676776306994,-2.092239917285991,-2.007267977279328,0.9677892640850475,1.18895691345184,0.8975926722259954,531.25
426,-1.172744479228141,-2.09169914227256,-2.008374270668171,0.9683549957419628,1.1886345148324935,0.9315157365272058,532.5
427,-1.1725165547665477,-2.091317779453921,-2.009154445703135,0.968753958367669,1.1884071543902657,0.9554388008284087,533.75
428,-1.1723839042459192,-2.0910958288300727,-2.009608502384221,0.9689861519621663,1.1882748321251564,0.9693618651296186,535.0
429,-1.1720108153423259,-2.0904732087606233,-2.0108822698232576,0.9696375468061661,1.1879026635899115,0.973781640669468,536.25
430,-1.1716741211505226,-2.089911719636418,-2.012030983941245,0.9702249954403328,1.1875667992900034,0.9693699545898032,537.5
431,-1.1716737967024335,-2.0899118269547516,-2.0120307799697947,0.9702248995072865,1.1875664744998067,0.9555607470796645,538.75
432,-1.1716732373037955,-2.089912011988142,-2.0120304282914967,0.9702247341038917,1.187565914511322,0.9317515395695257,540.0
433,-1.171672442938766,-2.0899122747428724,-2.012029928898651,0.9702244992473502,1.187565119188423,0.8979423344151692,541.25
434,-1.171671413402481,-2.0899126153001926,-2.012029281691661,0.970224195159954,1.1875640867716666,0.854133157041575,542.5
435,-1.1716701488614905,-2.089913033594038,-2.0120284867514737,0.9702238216607553,1.1875628186927,0.8003239796679928,543.75
436,-1.1716691562798864,-2.089913372714099,-2.012027864012588,0.9702235405233195,1.187561823268578,0.7365148083780703,545.0
437,-1.1716691570498055,-2.0899134093825067,-2.0120278687305877,0.9702235819457617,1.1875618238166552,0.6627056498027687,546.25
438,-1.171669157925943,-2.0899134510327353,-2.0120278740758524,0.9702236290391905,1.1875618244549868,0.5788964940093375,547.5
439,-1.1716691589094017,-2.08991349767278,-2.0120278800414666,0.970223681837671,1.1875618251928284,0.4850873420542362,548.75
440,-1.1716691726578956,-2.089913545863886,-2.0120278888793104,0.9702237386890162,1.1875618392515952,0.3812782002287811,550.0
441,-1.1716691896502889,-2.089913598178379,-2.01202789890786,0.9702238007767324,1.1875618566755397,0.26746906426835093,551.25
442,-1.1716692135747038,-2.0899136518919956,-2.0120279105346284,0.9702238657790982,1.1875618810464077,0.14365993545185723,552.5
443,-1.1716692503923123,-2.089913703500355,-2.0120279245449533,0.9702239309134084,1.1875619182943686,0.009850814034821995,553.75
444,-1.1716692936106738,-2.089913755259893,-2.012027939886027,0.9702239974641853,1.18756196194911,-0.13395830439127857,555.0
445,-1.171669351860701,-2.0899137984064122,-2.012027957228745,0.9702240572695826,1.1875620205800645,-0.2877674201779313,556.25
446,-1.171669418624132,-2.089913835697365,-2.012027975582763,0.9702241121565449,1.1875620876859188,-0.45118760479971937,557.5
447,-1.1716694908194545,-2.0899138600969174,-2.012027993435222,0.9702241536226186,1.1875621601282087,-0.6110524781420758,558.75
448,-1.1716695618018318,-2.089913870207342,-2.0120280092492155,0.9702241788036875,1.1875622312459146,-0.7609173514843803,560.0
449,-1.171669630042137,-2.089913871937091,-2.012028023451453,0.9702241940379548,1.1875622995544397,-0.9007822248266649,561.25
450,-1.1716696931609545,-2.0899138629309735,-2.0120280352592723,0.9702241962167557,1.1875623626542162,-1.030647098168912,562.5
451,-1.1716697512563539,-2.089913847481173,-2.0120280452304162,0.9702241901799316,1.1875624206766344,-1.1505119715111305,563.75
452,-1.171669803686825,-2.089913830801451,-2.0120280538864903,0.9702241816583377,1.1875624730200478,-1.2603768448533392,565.0
453,-1.1716698478451664,-2.0899138048653416,-2.0120280596877644,0.9702241611292879,1.1875625170129964,-1.3602417181955342,566.25
454,-1.1716698875817,-2.089913781526355,-2.012028064908121,0.9702241426559177,1.1875625566006995,-1.4501065915377103,567.5
455,-1.1716699226419587,-2.089913760427797,-2.0120280694507326,0.9702241257880486,1.1875625915257222,-1.5299714648798775,568.75
456,-1.1716699480633206,-2.0899137346134147,-2.012028071427187,0.9702241017462168,1.1875626167675821,-1.5998363382220497,570.0
457,-1.1716699698460353,-2.089913712493934,-2.0120280731207445,0.970224081145575,1.1875626383964877,-1.6597012115642198,571.25
458,-1.1716699879901038,-2.089913694069357,-2.0120280745314028,0.9702240639861217,1.18756265641244,-1.7095660849064185,572.5
459,-1.1716700024955249,-2.0899136793396798,-2.0120280756591633,0.9702240502678583,1.1875626708154376,-1.7494309582486327,573.75
460,-1.171670013362299,-2.089913668304905,-2.012028076504029,0.9702240399907858,1.1875626816054807,-1.7792958315908307,575.0
461,-1.1716700205904258,-2.0899136609650304,-2.012028077065998,0.9702240331549041,1.1875626887825692,-1.799160704933033,576.25
462,-1.1718966817572607,-2.0903117307912193,-2.0112516190521874,0.96984547367795,1.1877889247857565,-1.8096448167230217,577.5
463,-1.1734878078808075,-2.09310619086585,-2.0058009137829167,0.9671880260567526,1.1893770663869072,-1.811986219300283,578.75
464,-1.1743830983516146,-2.0946785777341375,-2.0027339155517576,0.965692734545336,1.190270676151281,-1.805032536794166,580.0
465,-1.1743830924497876,-2.094678581377521,-2.0027339167732845,0.9656927313884051,1.1902706671473664,-1.7898464661994478,581.25
466,-1.1743830826616177,-2.0946785874200655,-2.002733918799184,0.9656927261526407,1.1902706522143902,-1.7646603956047346,582.5
467,-1.1743830689871055,-2.094678595861771,-2.0027339216294564,0.9656927188380429,1.1902706313523528,-1.7294743250100193,583.75
468,-1.1743830514262508,-2.094678606702638,-2.0027339252641023,0.9656927094446117,1.1902706045612539,-1.6842882544152946,585.0
469,-1.1743830305637388,-2.094678619465813,-2.002733930191035,0.9656926962432864,1.1902705767571635,-1.6291022002397575,586.25
470,-1.1743830061723455,-2.094678634336613,-2.002733936220641,0.9656926799060205,1.1902705460295777,-1.5639161525562906,587.5
471,-1.1743829756536701,-2.0946786525578807,-2.002733937524139,0.9656926781333186,1.1902705126710162,-1.4887301129827186,588.75
472,-1.1743829384346667,-2.0946786743864574,-2.0027339327440066,0.9656926950259848,1.1902704771818284,-1.403544081787859,590.0
473,-1.17438289685657,-2.0946786988569888,-2.0027339273334928,0.9656927142403554,1.1902704376114022,-1.3083580606184646,591.25
474,-1.1743828492092874,-2.0946787210184032,-2.0027339203488244,0.9656927297908544,1.1902703914227002,-1.203172046292797,592.5
475,-1.1743827937306401,-2.0946787357881123,-2.002733910789897,0.9656927356225883,1.1902703360257854,-1.0879860404145008,593.75
476,-1.1743827334332617,-2.0946787518408265,-2.0027339004001656,0.9656927419626964,1.1902702758001944,-0.9628000434396679,595.0
477,-1.1743826679094214,-2.094678751213386,-2.0027338868635733,0.9656927284734667,1.190270210214676,-0.8276140525043585,596.25
478,-1.1743825975137223,-2.094678749447057,-2.0027338721849146,0.9656927127490009,1.1902701397442668,-0.6824280621212622,597.5
479,-1.174382527418419,-2.094678727690237,-2.0027338550559644,0.9656926746230521,1.1902700694217936,-0.527242077895116,598.75
480,-1.1743824549656623,-2.0946786999002134,-2.0027338366847505,0.9656926292583895,1.190269996693185,-0.36222918486504535,600.0
481,-1.1743823937878899,-2.094678654653963,-2.002733818435549,0.9656925664814001,1.1902699351123691,-0.19967444326573652,601.25
482,-1.174382341688241,-2.094678606799968,-2.002733801723002,0.9656925025462781,1.1902698825966886,-0.04711970166645241,602.5
483,-1.1743823027098346,-2.0946785522368323,-2.002733786862078,0.9656924336340031,1.1902698431605199,0.09543503993279417,603.75
484,-1.174382271612021,-2.094678498481175,-2.002733773721015,0.9656923671670616,1.1902698116176522,0.22798978153200183,605.0
485,-1.1743822534307926,-2.0946784425776848,-2.0027337629626953,0.9656923008079054,1.19026979298509,0.35054452313118123,606.25
486,-1.1743822367330834,-2.0946783912357105,-2.002733753082206,0.9656922398634009,1.1902697758728744,0.4630992647303474,607.5
487,-1.1743822342974357,-2.0946783410582857,-2.002733746276993,0.965692183010931,1.1902697730434038,0.5656540063295077,608.75
488,-1.1743822332554994,-2.094678295466248,-2.002733740334172,0.9656921315824094,1.190269771644585,0.6582087479286519,610.0
489,-1.1743822323261381,-2.0946782548001663,-2.002733735033434,0.9656920857104384,1.1902697703969005,0.7407634895277756,611.25
490,-1.1743822391375245,-2.0946782192514566,-2.0027337319654053,0.9656920470989183,1.1902697769362156,0.8133182311269005,612.5
491,-1.1743822470662681,-2.094678188653914,-2.0027337297489805,0.9656920142683877,1.190269784632461,0.875872972726034,613.75
492,-1.174382253727523,-2.0946781629476954,-2.0027337278868713,0.9656919866861442,1.1902697910983848,0.9284277143251862,615.0
493,-1.1743822591212894,-2.0946781421328,-2.0027337263790788,0.9656919643521884,1.190269796333987,0.9709824559243575,616.25
494,-1.1743822632475664,-2.094678126209227,-2.0027337252256046,0.9656919472665211,1.1902698003392673,1.0035371975235194,617.5
495,-1.174382266106355,-2.094678115176976,-2.0027337244264487,0.965691935429142,1.190269803114226,1.026091939122686,618.75
496,-1.1744043402320556,-2.0947174994815554,-2.0026568312700856,0.9656544105910508,1.190291834256312,1.0387180937817462,620.0
497,-1.1757095667570103,-2.0970467944568916,-1.9981098953050693,0.9634358244712682,1.1915945217660042,1.0436271168356523,621.25
498,-1.177031242741672,-2.0994054513805493,-1.9935056518728598,0.9611892781748735,1.1929136264746878,1.0387806512543865,622.5
499,-1.1770573042639583,-2.0994519679551837,-1.9934148590691307,0.9611449759313087,1.192939636574196,1.0262229411165706,623.75
500,-1.1770573012680188,-2.099451975774473,-1.9934148625810084,0.9611449744814387,1.1929396322839774,1.0037501807809912,625.0
501,-1.177057296938937,-2.099451987073214,-1.993414867655613,0.9611449723864012,1.1929396260846838,0.9712774204454221,626.25
502,-1.1770572912767125,-2.099452001851407,-1.9934148742929434,0.9611449696461957,1.1929396179763152,0.9288046601098345,627.5
503,-1.1770572839121525,-2.099452020253722,-1.9934148823227078,0.9611449666956511,1.1929396048369498,0.8763319070814823,628.75
504,-1.1770572746413992,-2.0994520423600433,-1.9934148916508763,0.9611449637748662,1.1929395849427555,0.8138591631995503,630.0
505,-1.177057266497495,-2.099452070273714,-1.9934149010276117,0.9611449704131385,1.1929395670533345,0.7413864229585352,631.25
506,-1.177057267211378,-2.0994521107129063,-1.9934149061753095,0.9611450163003756,1.1929395665346192,0.6589136956030213,632.5
507,-1.1770572680190543,-2.099452156105847,-1.993414911903115,0.961145067966902,1.192939566014438,0.5664409747933696,633.75
508,-1.1770572700917505,-2.0994522061329954,-1.993414918423935,0.9611451252456311,1.192939566819435,0.46396826108307454,635.0
509,-1.1770572866765179,-2.0994522570732785,-1.9934149282384699,0.9611451858049327,1.1929395838458032,0.35149555813801436,636.25
510,-1.1770573047377173,-2.0994523125410205,-1.9934149389273048,0.9611452517424577,1.1929396024018344,0.22902286316108744,637.5
511,-1.177057335489277,-2.0994523659445683,-1.9934149519811608,0.9611453178009401,1.1929396336171596,0.09655017426047934,638.75
512,-1.1770573742031967,-2.099452420063247,-1.9934149667708874,0.9611453861991034,1.1929396727920143,-0.04592251243923832,640.0
513,-1.1770574258225839,-2.099452467655834,-1.9934149833936217,0.9611454497871894,1.192939724829568,-0.19839519474480027,641.25
514,-1.1770574865896672,-2.099452512530481,-1.9934150015561192,0.9611455121102244,1.1929397859998212,-0.3608678706919738,642.5
515,-1.177057558519738,-2.09945254028314,-1.9934150198576468,0.9611455573720626,1.1929398582075046,-0.5259419091913958,643.75
516,-1.1770576281726677,-2.099452562048115,-1.9934150369357528,0.9611455954585337,1.192939928089046,-0.6812115188970992,645.0
517,-1.1770576981718908,-2.099452563786005,-1.9934150515606481,0.9611456111028669,1.1929399981594824,-0.8264811286027732,646.25
518,-1.1770577633329387,-2.0994525645468465,-1.9934150650666767,0.9611456247027274,1.1929400633800744,-0.9617507383084232,647.5
519,-1.1770578232963889,-2.099452548611772,-1.9934150753984659,0.961145618520272,1.1929401232673391,-1.0870203480140401,648.75
520,-1.1770578784730898,-2.0994525339487633,-1.993415084905483,0.9611456128313451,1.192940178373937,-1.20228995771964,650.0
521,-1.1770579260780436,-2.099452512005141,-1.9934150919364932,0.9611455974782788,1.1929402258452388,-1.3075595674252227,651.25
522,-1.1770579676835595,-2.0994524876094403,-1.9934150974237281,0.9611455781957311,1.1929402672928648,-1.4028291771307897,652.5
523,-1.1770580049219428,-2.0994524657744433,-1.993415102334989,0.9611455609371786,1.1929403043899314,-1.4880987868363529,653.75
524,-1.1770580349641309,-2.099452442545316,-1.9934151055895426,0.9611455407041785,1.1929403342739122,-1.563368396541915,655.0
525,-1.177058058420172,-2.099452418774863,-1.9934151074204363,0.9611455185745772,1.1929403575620714,-1.6286380062474723,656.25
526,-1.1770580782824978,-2.0994523986462976,-1.9934151089708159,0.9611454998354663,1.1929403772822367,-1.6839076159530544,657.5
527,-1.1770580945511084,-2.0994523821596203,-1.9934151102406807,0.9611454844868448,1.192940393434408,-1.7291772256586562,658.75
528,-1.1770581072260036,-2.0994523693148293,-1.9934151112300342,0.9611454725287146,1.192940406018585,-1.7644468353642413,660.0
529,-1.177058116307183,-2.0994523601119246,-1.993415111938876,0.9611454639610757,1.1929404150347676,-1.789716445069831,661.25
530,-1.1770581217946468,-2.0994523545509063,-1.9934151123672061,0.961145458783928,1.1929404204829557,-1.804986054775425,662.5
531,-1.177916753339723,-2.1010093085969133,-1.9903735016731332,0.9596602070603413,1.1937973204611685,-1.8120232427770013,663.75
532,-1.17946608427747,-2.1038187207586234,-1.9848851426622967,0.9569801851096517,1.1953435264065104,-1.8097955031107995,665.0
533,-1.179696009155448,-2.104235654466445,-1.9840706425504506,0.9565824539469845,1.19557298545927,-1.7994135225865198,666.25
534,-1.179696001574684,-2.1042356591432636,-1.9840706441283622,0.9565824499180478,1.1955729738103853,-1.779677488140592,667.5
535,-1.179695990152842,-2.1042356661897665,-1.9840706465057814,0.9565824438476991,1.195572956259157,-1.7499414536946611,668.75
536,-1.1796959748899227,-2.104235675605955,-1.9840706496827085,0.9565824357359393,1.195572932805586,-1.7102054192487288,670.0
537,-1.1796959559151718,-2.104235687283708,-1.9840706537704367,0.9565824251885972,1.195572904548218,-1.6604693888050561,671.25
538,-1.1796959338134467,-2.104235700733769,-1.9840706592725845,0.9565824104219914,1.1955728764581355,-1.600733377614839,672.5
539,-1.1796959080118221,-2.1042357164354137,-1.9840706656958098,0.9565823931834085,1.195572843665683,-1.5309973664246326,673.75
540,-1.1796958738574856,-2.1042357364660758,-1.98407066187783,0.9565824068942324,1.195572810612684,-1.4512613707937345,675.0
541,-1.1796958351335352,-2.104235759161248,-1.9840706568667335,0.9565824245012436,1.195572773716214,-1.3615253791326296,676.25
542,-1.179695792104277,-2.10423578446279,-1.9840706512291655,0.9565824444002357,1.1955727327935965,-1.2617893971612748,677.5
543,-1.179695740812304,-2.1042358009657125,-1.9840706427285275,0.9565824529278649,1.1955726820007861,-1.1520534246566114,678.75
544,-1.1796956838513077,-2.1042358161204406,-1.9840706328744548,0.9565824588702463,1.1955726251169758,-1.0323174597213072,680.0
545,-1.1796956219643775,-2.104235825203795,-1.9840706212444976,0.9565824569967103,1.1955725632469836,-0.9025815018231593,681.25
546,-1.1796955550462598,-2.1042358235603795,-1.9840706072349426,0.9565824420318539,1.1955724962566496,-0.7628455478621573,682.5
547,-1.1796954853676889,-2.104235813990969,-1.984070591653818,0.956582417613678,1.1955724264418397,-0.6131095965641746,683.75
548,-1.1796954145648013,-2.104235790197588,-1.9840705740419688,0.9565823769819961,1.1955723553912438,-0.4533736519163325,685.0
549,-1.1796953478196204,-2.104235753247022,-1.9840705556031397,0.9565823223518848,1.1955722882972788,-0.28707943516506074,686.25
550,-1.1796952890895147,-2.104235709941646,-1.9840705380137593,0.9565822621475797,1.1955722291745887,-0.12907673666669606,687.5
551,-1.179695246046875,-2.1042356572580747,-1.9840705224739363,0.956582194473459,1.1955721856779582,0.018925961831636067,688.75
552,-1.1796952087801464,-2.104235605230876,-1.9840705082083834,0.9565821286695184,1.1955721479672503,0.15692866032995792,690.0
553,-1.1796951863396916,-2.104235549869316,-1.9840704965790708,0.9565820620226133,1.1955721250686695,0.28493135882824056,691.25
554,-1.1796951690515438,-2.104235496841251,-1.9840704863075027,0.9565819990094027,1.1955721073452017,0.40293405732650933,692.5
555,-1.1796951584498383,-2.104235446919856,-1.984070477807872,0.9565819407999574,1.1955720963383956,0.5109367558247542,693.75
556,-1.1796951573619938,-2.104235399353985,-1.9840704715683446,0.9565818871039142,1.1955720948720574,0.6089394543229835,695.0
557,-1.1796951563851508,-2.104235356641645,-1.9840704659654798,0.9565818388869056,1.1955720935553422,0.696942152821224,696.25
558,-1.179695157832269,-2.104235318839644,-1.9840704614835143,0.9565817966661893,1.1955720947035822,0.7749448513194469,697.5
559,-1.179695166346571,-2.1042352860620293,-1.9840704590945322,0.9565817614801448,1.1955721029647655,0.8429475498176765,698.75
560,-1.1796951736088193,-2.1042352581044614,-1.9840704570568568,0.9565817314683133,1.1955721100111167,0.9009502483159132,700.0
561,-1.179695179619014,-2.104235234966941,-1.9840704553704849,0.9565817066306932,1.1955721158426367,0.9489529468141804,701.25
562,-1.1796951843771553,-2.1042352166494664,-1.9840704540354208,0.9565816869672865,1.195572120459325,0.986955645312438,702.5
563,-1.179695187883243,-2.104235203152038,-1.9840704530516642,0.9565816724780931,1.1955721238611814,1.0149583438106862,703.75
564,-1.1796951901372772,-2.104235194474655,-1.9840704524192154,0.9565816631631128,1.1955721260482064,1.0329610423089388,705.0
565,-1.1801309105824271,-2.10503796541149,-1.982501002901566,0.9558146959608659,1.1960069358586514,1.042042547057303,706.25
566,-1.1817136015696823,-2.1079539368141775,-1.9768001929489216,0.9530288084802743,1.1975863191458924,1.042550056209645,707.5
567,-1.1822965855823842,-2.1090280395522236,-1.9747002975860177,0.9520026250115328,1.198168084282942,1.0342252853173108,708.75
568,-1.1822965833385513,-2.1090280453774577,-1.974700300225123,0.9520026239276574,1.1981680810040471,1.0172450130235122,710.0
569,-1.1822965797732827,-2.1090280546332805,-1.9747003044184468,0.9520026222054677,1.198168075794149,0.9902647407297238,711.25
570,-1.182296574886579,-2.109028067319693,-1.9747003101659892,0.9520026198449636,1.1981680686532488,0.9532844684359172,712.5
571,-1.18229656867844,-2.109028083436694,-1.97470031746775,0.9520026168461453,1.1981680595813453,0.9063041961421134,713.75
572,-1.1822965603901252,-2.1090281032944906,-1.9747003259594016,0.952002614157569,1.1981680420925456,0.8493239389335707,715.0
573,-1.182296550550718,-2.1090281266767703,-1.974700335894997,0.9520026111177884,1.1981680207095835,0.782343683490609,716.25
574,-1.1822965474158826,-2.109028160601504,-1.9747003427677172,0.9520026388676555,1.1981680125936733,0.7053634391090611,717.5
575,-1.1822965481601435,-2.109028202631088,-1.9747003481491252,0.9520026866067904,1.198168012055031,0.6183832001428363,718.75
576,-1.1822965490039383,-2.109028249588009,-1.974700354065042,0.9520027402422427,1.198168011574467,0.521402973500406,720.0
577,-1.182296557865809,-2.109028299190013,-1.9747003620688484,0.9520027981419705,1.1981680199961415,0.41442275351935853,721.25
578,-1.1822965749024021,-2.109028351389838,-1.9747003721932335,0.9520028602645981,1.1981680374975103,0.2974425416366238,722.5
579,-1.1822965953949993,-2.1090284068777683,-1.9747003834515302,0.9520029267576279,1.1981680584937504,0.17046233770695998,723.75
580,-1.1822966321581803,-2.109028458133132,-1.974700397554236,0.9520029916319361,1.1981680957010827,0.033482139389671546,725.0
581,-1.1822966730842315,-2.109028511634149,-1.974700412802499,0.9520030598495918,1.1981681370923223,-0.1134980580432082,726.25
582,-1.1822967310755805,-2.1090285543310423,-1.9747004302070792,0.9520031192687363,1.1981681954740426,-0.27047824850020596,727.5
583,-1.1822967961038138,-2.1090285930207755,-1.974700448557849,0.9520031755629943,1.1981682608665007,-0.436491186813291,728.75
584,-1.1822968669231617,-2.1090286167745624,-1.9747004662107357,0.9520032161947025,1.1981683319354843,-0.5972512518284581,730.0
585,-1.1822969360983664,-2.109028628433571,-1.9747004819892653,0.9520032428989071,1.1981684012621514,-0.7480113168435666,731.25
586,-1.1822970030929802,-2.1090286300605596,-1.974700496044257,0.9520032578904619,1.1981684683261107,-0.8887713818586527,732.5
587,-1.1822970651276739,-2.109028622812652,-1.9747005079479958,0.9520032619249127,1.1981685303549554,-1.0195314468737147,733.75
588,-1.182297122224367,-2.1090286076477875,-1.97470051782655,0.9520032560840797,1.1981685873782895,-1.1402915118887602,735.0
589,-1.1822971741871129,-2.109028592495383,-1.974700526645432,0.9520032492486626,1.1981686392634603,-1.2510515769037673,736.25
590,-1.1822972176518365,-2.1090285670492452,-1.9747005324016933,0.9520032291651301,1.198168682561083,-1.3518116419187742,737.5
591,-1.182297256802876,-2.1090285441285284,-1.9747005375866662,0.9520032110747991,1.198168721561606,-1.4425717069337654,738.75
592,-1.1822972916402301,-2.1090285237332314,-1.9747005422003532,0.9520031949776708,1.1981687562650276,-1.5233317719487596,740.0
593,-1.1822973170279927,-2.1090284987027688,-1.9747005442726309,0.9520031718103739,1.1981687814738191,-1.5940918369637522,741.25
594,-1.182297338596539,-2.1090284768871244,-1.9747005459633038,0.9520031515088752,1.1981688028859114,-1.6548519019787404,742.5
595,-1.182297356615296,-2.109028458661939,-1.9747005473757198,0.9520031345486317,1.1981688207739642,-1.7056119669937642,743.75
596,-1.182297371084263,-2.109028444027212,-1.9747005485098807,0.9520031209296453,1.1981688351379765,-1.746372032008804,745.0
597,-1.1822973820034401,-2.109028432982942,-1.9747005493657892,0.952003110651916,1.1981688459779483,-1.7771320970238058,746.25
598,-1.1822973893728275,-2.109028425529129,-1.9747005499434445,0.952003103715444,1.1981688532938795,-1.7978921620388262,747.5
599,-1.1824247625145516,-2.1092668483573602,-1.9742340746940243,0.9517749707486929,1.1982959506513433,-1.809050162666997,748.75
600,-1.1838653786326752,-2.1119635848002423,-1.9689579816012814,0.9491947033635083,1.1997334477836237,-1.8123290175758575,750.0
601,-1.1848631369195664,-2.113831329407009,-1.9653037938752809,0.9474076263214455,1.2007290446082903,-1.806089651039349,751.25
602,-1.1848631315274325,-2.113831332731674,-1.9653037950039083,0.9474076234749547,1.200729036262373,-1.7918879256177531,752.5
603,-1.1848631223384822,-2.113831338397368,-1.9653037969272464,0.9474076186241361,1.200729022039763,-1.7676862001961482,753.75
604,-1.1848631093527158,-2.1138313464040905,-1.9653037996452962,0.9474076117689901,1.2007290019404606,-1.733484474774548,755.0
605,-1.1848630925701333,-2.1138313567518425,-1.9653038031580572,0.9474076029095166,1.2007289759644657,-1.6892827493529383,756.25
606,-1.1848630724681102,-2.1138313690309256,-1.9653038078898253,0.947407590544468,1.2007289482130783,-1.6350810383164918,757.5
607,-1.1848630489773548,-2.113831383300807,-1.9653038137790144,0.9474075748917474,1.2007289180909981,-1.5708793361345883,758.75
608,-1.18486302000125,-2.1138314006061933,-1.9653038161476817,0.947407569969008,1.2007288851735498,-1.496677640395931,760.0
609,-1.1848629841030356,-2.1138314215864984,-1.9653038115048616,0.9474075861347547,1.200728850952533,-1.412475954568292,761.25
610,-1.1848629439503446,-2.113831445125408,-1.965303806251058,0.9474076045067193,1.2007288127441218,-1.3182742775940315,762.5
611,-1.1848628983496023,-2.113831467786326,-1.9653037997144358,0.9474076209448211,1.2007287687760133,-1.2140726075956718,763.75
612,-1.1848628446848364,-2.113831482057236,-1.9653037903912693,0.9474076264988419,1.2007287151945985,-1.0998709463272671,765.0
613,-1.1848627863185803,-2.113831497578631,-1.9653037802506743,0.9474076325416838,1.2007286569009608,-0.975669294769093,766.25
614,-1.1848627228970199,-2.113831498777874,-1.9653037672592195,0.9474076214141829,1.2007285934317657,-0.84146764876633,767.5
615,-1.1848626546827323,-2.1138314971402576,-1.9653037529175734,0.9474076061389745,1.2007285251426274,-0.6972660039844149,768.75
616,-1.18486258621073,-2.1138314782118917,-1.965303736321519,0.9474075713565823,1.2007284564590162,-0.543064364706191,770.0
617,-1.184862514719184,-2.1138314534519025,-1.9653037183574966,0.9474075294175693,1.2007283847069607,-0.37887384416286163,771.25
618,-1.1848624546758295,-2.113831409309681,-1.9653037002981946,0.9474074679228979,1.2007283242564304,-0.215338921970164,772.5
619,-1.1848624020287595,-2.113831364102864,-1.965303683635804,0.9474074066866792,1.2007282711998846,-0.06180399977749783,773.75
620,-1.184862363742862,-2.113831310793321,-1.9653036689174965,0.947407339160659,1.200728232451353,0.08173092241512131,775.0
621,-1.1848623316095448,-2.1138312591589465,-1.965303655687169,0.9474072747311424,1.200728199874148,0.21526584460772288,776.25
622,-1.1848623137336844,-2.1138312044583127,-1.965303645020539,0.9474072096587426,1.2007281815417825,0.3388007668003065,777.5
623,-1.184862297304853,-2.113831154185633,-1.9653036352173523,0.9474071498538713,1.2007281646933998,0.4523356889928618,778.75
624,-1.18486229350029,-2.1138311053729026,-1.9653036282156315,0.9474070941776858,1.2007281604917992,0.5558706111854116,780.0
625,-1.1848622924763634,-2.113831060633997,-1.9653036223085922,0.9474070436331494,1.2007281591060652,0.6494055333779342,781.25
626,-1.184862291561907,-2.113831020678217,-1.965303617033082,0.947406998492426,1.2007281578684827,0.7329404555704605,782.5
627,-1.1848622972964156,-2.1138309856625708,-1.9653036137640119,0.9474069602198965,1.2007281633253746,0.8064753777629918,783.75
628,-1.1848623051554161,-2.1138309554784276,-1.965303611550127,0.9474069278024022,1.2007281709475435,0.8700102999555207,785.0
629,-1.1848623117774588,-2.11383093004508,-1.965303609684692,0.9474069004872185,1.2007281773700307,0.9235452221480718,786.25
630,-1.1848623171625445,-2.1138309093625303,-1.9653036081677073,0.9474068782743454,1.2007281825928364,0.967080144340631,787.5
631,-1.1848623213106722,-2.113830893430775,-1.965303606999175,0.9474068611637837,1.2007281866159603,1.0006150665331877,788.75
632,-1.1848623242218423,-2.113830882249815,-1.965303606179095,0.9474068491555334,1.200728189439402,1.024149988725742,790.0
633,-1.1848631896875805,-2.1138325186343976,-1.965300389260496,0.9474052680971337,1.2007290529180006,1.0376871235515348,791.25
634,-1.185951871529629,-2.1159030422710874,-1.9612465334149223,0.9454212802053781,1.2018152938410884,1.0434320969420583,792.5
635,-1.1873150583340906,-2.118495644122533,-1.956170516408259,0.9429370418447064,1.2031754240320698,1.039520087298482,793.75
636,-1.1873930352178337,-2.1186439526101783,-1.9558801547482965,0.9427949352243674,1.2032532253329093,1.027857875603225,795.0
637,-1.187393032413886,-2.1186439598513056,-1.955880158057823,0.9427949338733412,1.2032532211523206,1.0064529780865596,796.25
638,-1.187393028299982,-2.1186439704753623,-1.9558801629135032,0.942794931891139,1.2032532150186324,0.97504808056989,797.5
639,-1.1873930228761216,-2.1186439844823495,-1.9558801693153376,0.9427949292777607,1.2032532069318451,0.9336431830531949,798.75
640,-1.1873930158761437,-2.118644001985746,-1.955880177130261,0.9427949263857552,1.2032531945921803,0.8822382909055337,800.0
641,-1.1873930069456908,-2.1186440231366355,-1.955880186181117,0.9427949236844921,1.203253174937806,0.8208334092773497,801.25
642,-1.1873929978600979,-2.118644048844965,-1.955880195979505,0.942794925486414,1.2032531547333525,0.749428529521684,802.5
643,-1.1873929985487748,-2.1186440876165435,-1.95588020097358,0.9427949695697209,1.2032531542371463,0.6680236643082338,803.75
644,-1.1873929993278054,-2.1186441311893582,-1.955880206546807,0.9427950192331733,1.2032531537300046,0.5766188043360996,805.0
645,-1.1873930002008573,-2.1186441795878954,-1.9558802126773083,0.942795074581799,1.2032531532437996,0.47521395192558735,806.25
646,-1.1873930158282442,-2.1186442286868985,-1.9558802221680764,0.9427951330135815,1.2032531692595643,0.36380911093715507,807.5
647,-1.1873930332937028,-2.1186442820712905,-1.9558802325937337,0.9427951966147565,1.2032531872157237,0.24240427719891866,808.75
648,-1.1873930613733081,-2.1186443344751806,-1.9558802451097126,0.9427952611739268,1.2032532157685392,0.11099944993995461,810.0
649,-1.1873930988615116,-2.118644386605217,-1.9558802595538438,0.9427953272547097,1.203253253715871,-0.03040537440224857,811.25
650,-1.18739314727341,-2.118644434069834,-1.9558802756705616,0.942795390240385,1.2032533025567067,-0.18181019501655815,812.5
651,-1.1873932061741377,-2.1186444773081723,-1.9558802934255648,0.9427954505396627,1.2032533618596273,-0.3432150091746083,813.75
652,-1.1873932753919394,-2.118644506466554,-1.9558803115249588,0.9427954970255471,1.203253431374057,-0.5089411307306662,815.0
653,-1.1873933434246349,-2.1186445291990936,-1.9558803285575137,0.9427955360439392,1.20325349965013,-0.665274525503717,816.25
654,-1.1873934120567202,-2.118644531482962,-1.9558803431028957,0.942795552161509,1.203253568359814,-0.8116079202769163,817.5
655,-1.1873934761569767,-2.1186445330035175,-1.9558803566095946,0.9427955665253125,1.2032536325275645,-0.9479413150502725,818.75
656,-1.18739353518861,-2.118644518389814,-1.9558803670030018,0.9427955617262915,1.2032536914911218,-1.0742747098237473,820.0
657,-1.1873935895253633,-2.1186445039635635,-1.955880376445298,0.9427955562116049,1.2032537457572865,-1.190608104597354,821.25
658,-1.1873936369148508,-2.1186444838194882,-1.9558803837145011,0.9427955428890957,1.2032537930237095,-1.2969414993710715,822.5
659,-1.1873936779666379,-2.118644459820678,-1.955880389175158,0.9427955239763661,1.2032538339156331,-1.3932748941448607,823.75
660,-1.1873937147569984,-2.118644438313095,-1.9558803940689589,0.9427955070268913,1.203253870562725,-1.4796082889187572,825.0
661,-1.1873937450966894,-2.118644416252401,-1.9558803975524293,0.942795488181547,1.2032539007491019,-1.5559416836927045,826.25
662,-1.1873937683587577,-2.118644392766762,-1.955880399384014,0.9427954663351581,1.2032539238401814,-1.6222750784667088,827.5
663,-1.1873937881139844,-2.1186443728216684,-1.9558804009394792,0.9427954477821913,1.203253943450197,-1.6786084732407507,828.75
664,-1.187393804362371,-2.1186443564171213,-1.9558804022188239,0.9427954325226453,1.2032539595791492,-1.7249418680148276,830.0
665,-1.1873938171039162,-2.11864434355312,-1.9558804032220511,0.9427954205565221,1.203253972227037,-1.7612752627889015,831.25
666,-1.18739382633862,-2.1186443342296633,-1.955880403949161,0.9427954118838217,1.2032539813938607,-1.7876086575629728,832.5
667,-1.1873938320664825,-2.1186443284467513,-1.9558804044001543,0.9427954065045442,1.2032539870796204,-1.8039420523370202,833.75
668,-1.1880422858461879,-2.119897279534493,-1.9534255199719162,0.9415931017405463,1.2039009357157457,-1.8117955720121004,835.0
669,-1.1895471449586998,-2.122805008306988,-1.9477284721582373,0.9388029198314678,1.2054023014924624,-1.8106741253414353,836.25
670,-1.1898903088041626,-2.1234680874901675,-1.9464293209324854,0.9381666464063706,1.2057446668098526,-1.8011480207365311,837.5
671,-1.1898903018278935,-2.1234680917892454,-1.94642932240084,0.9381666427489948,1.2057446559330876,-1.7825621903660676,838.75
672,-1.1898902910980826,-2.1234680984014176,-1.9464293246592348,0.9381666371237886,1.205744639204141,-1.7539763599955873,840.0
673,-1.1898902766147297,-2.1234681073266843,-1.9464293277076692,0.938166629530752,1.2057446166230132,-1.7153905296251049,841.25
674,-1.1898902584177273,-2.123468118529914,-1.9464293315827517,0.9381666198405412,1.205744588536095,-1.6668047005711146,842.5
675,-1.1898902372167535,-2.1234681313861237,-1.946429336935734,0.9381666057521376,1.205744561105633,-1.608218893057626,843.75
676,-1.1898902123969897,-2.1234681464367573,-1.9464293432024156,0.9381665892589869,1.2057445289930708,-1.5396330855441844,845.0
677,-1.1898901800466621,-2.123468165418541,-1.9464293407549813,0.9381665986682898,1.2057444965961919,-1.4610472915762251,846.25
678,-1.18989014273394,-2.1234681872036907,-1.9464293358998594,0.9381666154574111,1.2057444610434491,-1.372461501979389,847.5
679,-1.189890101220806,-2.1234682115336576,-1.9464293304196225,0.9381666345086267,1.205744421579034,-1.2738757236312515,848.75
680,-1.1898900522136842,-2.123468228945898,-1.9464293224490024,0.938166644417719,1.2057443733033026,-1.165289953402986,850.0
681,-1.1898899971601136,-2.1234682435817325,-1.9464293128410477,0.9381666500719013,1.205744318329144,-1.0467041909795416,851.25
682,-1.1898899373469227,-2.1234682543935866,-1.9464293017569445,0.9381666504636768,1.2057442585497884,-0.9181184360173733,852.5
683,-1.1898898725807767,-2.1234682528761084,-1.9464292880787855,0.9381666359399403,1.205744193711411,-0.7795326857552022,853.75
684,-1.1898898045056707,-2.1234682460209804,-1.9464292730278294,0.9381666147500718,1.2057441255181593,-0.6309469374727211,855.0
685,-1.1898897359100176,-2.1234682231439503,-1.9464292558151879,0.9381665754143322,1.2057440566753264,-0.47236119594656917,856.25
686,-1.1898896694379524,-2.1234681895907532,-1.9464292376764663,0.938166524475826,1.2057439898704172,-0.3060018910705845,857.5
687,-1.1898896117120301,-2.123468147276987,-1.9464292202359017,0.9381664654021853,1.2057439317474254,-0.1468531717823459,858.75
688,-1.1898895676598054,-2.1234680974878577,-1.9464292046840919,0.9381664006156725,1.2057438872487474,0.0022955475060092573,860.0
689,-1.1898895309938042,-2.1234680465656606,-1.9464291905248126,0.9381663360146131,1.205743850133429,0.1414442667945513,861.25
690,-1.1898895070849802,-2.1234679933896885,-1.9464291787326315,0.9381662713996431,1.2057438257679074,0.27059298608320326,862.5
691,-1.1898894900538404,-2.123467941394723,-1.9464291685236639,0.9381662094755083,1.2057438082957321,0.38974170537201347,863.75
692,-1.1898894779744176,-2.1234678928286015,-1.946429159785006,0.9381661523925406,1.2057437958076886,0.4988904246608919,865.0
693,-1.1898894769038189,-2.1234678460834098,-1.9464291535716427,0.9381660995384729,1.2057437943529723,0.5980391439498928,866.25
694,-1.189889475941199,-2.123467804052875,-1.9464291479849443,0.9381660520151895,1.2057437930449766,0.687187863238969,867.5
695,-1.189889476217421,-2.1234677667634965,-1.946429143263748,0.9381660100762944,1.205743793015765,0.7663365825281201,868.75
696,-1.1898894846687194,-2.123467734377819,-1.9464291408729468,0.9381659752772742,1.2057438012089379,0.8354853018173267,870.0
697,-1.1898894918978258,-2.123467706675624,-1.9464291388278931,0.9381659455107434,1.2057438082172482,0.8946340211065733,871.25
698,-1.189889497904741,-2.123467683656912,-1.9464291371285842,0.9381659207767004,1.2057438140406962,0.9437827403958621,872.5
699,-1.1898895026894647,-2.123467665321682,-1.946429135775023,0.9381659010751467,1.2057438186792817,0.9829314596851604,873.75
700,-1.1898895062519967,-2.1234676516699333,-1.9464291347672102,0.9381658864060831,1.2057438221330044,1.0120801789744416,875.0
701,-1.189889508592337,-2.1234676427016663,-1.9464291341051463,0.9381658767695096,1.2057438244018648,1.0312288982637063,876.25
702,-1.1901629846708557,-2.124004472079023,-1.9453765948478352,0.9376500182197425,1.206016643513719,1.0411763508621454,877.5
703,-1.1916286308410164,-2.126881549684549,-1.9397356763495324,0.9348853802750332,1.2074787689275486,1.0428713443989688,878.75
704,-1.1923523355505679,-2.1283021940233287,-1.9369503085697302,0.9335202593361722,1.2082007346809145,1.03544744091148,880.0
705,-1.1923523335052217,-2.128302199277803,-1.9369503109928703,0.9335202583533869,1.208200731569857,1.0196982938591916,881.25
706,-1.192352330161173,-2.1283022078686313,-1.9369503149545957,0.933520256746577,1.208200726483418,0.993949146806899,882.5
707,-1.1923523255184212,-2.1283022197958146,-1.9369503204549061,0.9335202545157427,1.2082007194215976,0.958199999754581,883.75
708,-1.1923523195769667,-2.128302235059353,-1.9369503274938018,0.9335202516608839,1.2082007103843952,0.9124508527022803,885.0
709,-1.1923523117164183,-2.1283022539349536,-1.9369503357483195,0.9335202490511514,1.208200693953964,0.8567017159650201,886.25
710,-1.1923523022483347,-2.128302276284158,-1.9369503453806511,0.9335202462500598,1.2082006728511319,0.7909525822664047,887.5
711,-1.1923522978304193,-2.128302307554008,-1.9369503528298215,0.9335202676017567,1.2082006619545749,0.7152034575346854,888.75
712,-1.1923522985477504,-2.1283023478168834,-1.9369503580480079,0.9335203134284389,1.208200661440157,0.6294543401758417,890.0
713,-1.1923522993609565,-2.128302392855116,-1.9369503638025436,0.9335203649428048,1.20820066097318,0.5337052336677215,891.25
714,-1.192352306171874,-2.1283024409706726,-1.9369503712611933,0.9335204209460115,1.2082006671475365,0.42795613396181087,892.5
715,-1.1923523226207846,-2.128302491137111,-1.9369503811255973,0.9335204807851228,1.2082006840563737,0.3122070425958806,893.75
716,-1.1923523405095118,-2.1283025456259614,-1.9369503918463362,0.9335205457794742,1.2082007024590116,0.18645795962956124,895.0
717,-1.1923523760642982,-2.128302594940929,-1.9369504056090645,0.9335206083896591,1.2082007384555131,0.05070888309919264,896.25
718,-1.1923524142381927,-2.128302647888546,-1.9369504203857602,0.9335206756113412,1.2082007771032897,-0.0950401931408883,897.5
719,-1.1923524700002188,-2.1283026893826085,-1.936950437359915,0.933520733419884,1.2082008332572092,-0.25078926257374784,898.75
720,-1.1923525318228918,-2.1283027292140786,-1.936950455385173,0.9335207905576001,1.208200895463283,-0.4161845138613711,900.0
721,-1.1923526014683827,-2.1283027523968414,-1.9369504729022375,0.9335208304905409,1.2082009653615846,-0.5781715954601843,901.25
722,-1.1923526688877666,-2.128302766211993,-1.936950488750074,0.9335208594282589,1.2082010329544244,-0.7301586770590949,902.5
723,-1.1923527348442968,-2.1283027677378934,-1.9369505027122882,0.93352087423061,1.2082010989815881,-0.8721457586581357,903.75
724,-1.1923527960080194,-2.128302762716674,-1.9369505148322654,0.933520880706197,1.208201160157633,-1.0041328402573373,905.0
725,-1.1923528523016167,-2.1283027477742285,-1.9369505246599907,0.9335208750383889,1.208201216377296,-1.1261199218566644,906.25
726,-1.1923529039804985,-2.1283027340567062,-1.9369505336820725,0.9335208698352008,1.2082012679883039,-1.2381070034561195,907.5
727,-1.1923529470536214,-2.1283027093937665,-1.9369505395005269,0.9335208505937513,1.2082013108955467,-1.3400940850556535,908.75
728,-1.1923529857832047,-2.128302686782681,-1.936950544676277,0.9335208328023449,1.208201349472382,-1.432081166655294,910.0
729,-1.1923530203024602,-2.1283026666296685,-1.9369505492893633,0.9335208169450571,1.208201383855495,-1.5140682482550103,911.25
730,-1.1923530462089746,-2.1283026428284515,-1.9369505516357308,0.9335207952692317,1.208201409588148,-1.5860553298547873,912.5
731,-1.192353067686516,-2.1283026211820393,-1.9369505533348064,0.9335207751424928,1.2082014309057347,-1.648042411454618,913.75
732,-1.192353085699216,-2.1283026030277123,-1.9369505547597783,0.9335207582626769,1.2082014487842851,-1.7000294930544675,915.0
733,-1.1923531002470749,-2.1283025883654707,-1.9369505559106477,0.9335207446297853,1.2082014632237987,-1.7420165746543428,916.25
734,-1.1923531113300923,-2.1283025771953126,-1.9369505567874161,0.933520734243819,1.2082014742242753,-1.774003656254222,917.5
735,-1.192353118948268,-2.128302569517239,-1.9369505573900838,0.9335207271047777,1.2082014817857145,-1.795990737854063,918.75
736,-1.1923959127330717,-2.1283878979119675,-1.9367831365280312,0.9334386125743839,1.208244169195278,-1.8081300378574008,920.0
737,-1.193641418816751,-2.130871729685424,-1.9319098973482653,0.9310485639678313,1.2094865798424261,-1.8126094457811093,921.25
738,-1.1947726999771424,-2.133127779443119,-1.9274835683721572,0.9288776997320068,1.2106150483360942,-1.8073571511749698,922.5
739,-1.1947830548680118,-2.133148442091912,-1.9274430354163312,0.9288578176225095,1.210625374742236,-1.7944276176721883,923.75
740,-1.194783046372722,-2.133148447324259,-1.9274430372144986,0.9288578131997252,1.2106253613995217,-1.7715368980000255,925.0
741,-1.194783034166195,-2.1331484548424005,-1.92744303979821,0.9288578068448111,1.210625342227933,-1.7386461783278322,926.25
742,-1.1947830182484303,-2.1331484646463363,-1.9274430431674658,0.9288577985577673,1.2106253172274688,-1.6957554586556438,927.5
743,-1.1947829989746241,-2.1331484764150255,-1.9274430476588948,0.9288577871513812,1.210625289514995,-1.6428647495899424,928.75
744,-1.194782976462566,-2.1331484900420037,-1.9274430533841314,0.9288577722319449,1.2106252601241352,-1.5799740516452827,930.0
745,-1.1947829492083089,-2.133148506351283,-1.9274430571204668,0.9288577633855315,1.2106252274697784,-1.5070833579597984,931.25
746,-1.1947829147074696,-2.133148526453335,-1.9274430526228188,0.9288577788036203,1.2106251945887387,-1.4241926761819899,932.5
747,-1.1947828760516686,-2.1331485490326427,-1.9274430475351472,0.9288577963054998,1.2106251578049951,-1.3313020016368449,933.75
748,-1.1947828326853887,-2.1331485725026305,-1.9274430415308732,0.9288578140092663,1.2106251163008857,-1.2284113342595369,935.0
749,-1.1947827809025962,-2.1331485862668105,-1.9274430324508938,0.928857819284548,1.2106250646012566,-1.1155206771382642,936.25
750,-1.1947827245308602,-2.13314860125102,-1.9274430225656514,0.9288578250294678,1.210625008304773,-0.9926300284768779,937.5
751,-1.194782663280096,-2.1331486047241013,-1.9274430101900772,0.9288578167831167,1.2106249470255181,-0.8597393858562831,938.75
752,-1.1947825973002009,-2.1331486032175735,-1.927442996189367,0.9288578019632288,1.2106248809708238,-0.7168487453233889,940.0
753,-1.1947825303565671,-2.13314858763589,-1.9274429801707271,0.9288577710879307,1.2106248138367142,-0.5639581094742119,941.25
754,-1.1947824607416575,-2.133148564507661,-1.927442962619269,0.9288577311759523,1.2106247439672944,-0.40106747987545643,942.5
755,-1.1947824005672785,-2.133148523326842,-1.927442944713697,0.9288576727949576,1.2106246833964502,-0.23632093523817466,943.75
756,-1.1947823467974614,-2.1331484810363994,-1.9274429280050847,0.9288576144370411,1.2106246292266227,-0.08147922228358787,945.0
757,-1.1947823090892584,-2.133148428799772,-1.927442913373931,0.9288575480632927,1.2106245910498747,0.06336249067110963,946.25
758,-1.1947822753712816,-2.133148379360475,-1.927442899938698,0.9288574856358885,1.2106245568901977,0.1982042036259743,947.5
759,-1.1947822577415024,-2.13314832565994,-1.9274428893200743,0.9288574216052946,1.2106245387975447,0.323045916580961,948.75
760,-1.1947822415238947,-2.1331482762609006,-1.9274428795520087,0.9288573627036406,1.2106245221541398,0.4378876295360696,950.0
761,-1.194782235931985,-2.133148228717891,-1.927442872246893,0.9288573080070568,1.2106245161613445,0.5427293424912887,951.25
762,-1.1947822349216624,-2.1331481846351434,-1.9274428663469971,0.9288572581216062,1.2106245147830272,0.6375710554465878,952.5
763,-1.1947822340178667,-2.1331481452004324,-1.9274428610691747,0.9288572134960175,1.2106245135500384,0.7224127684019548,953.75
764,-1.194782238410941,-2.1331481105322827,-1.927442857514815,0.9288571752961132,1.2106245176583257,0.7972544813574118,955.0
765,-1.1947822462421742,-2.1331480805882483,-1.927442855289502,0.9288571431044024,1.210624525247171,0.8620961943129016,956.25
766,-1.1947822528656613,-2.133148055262235,-1.9274428534073793,0.9288571158773516,1.2106245316656516,0.9169379072684503,957.5
767,-1.194782258281402,-2.1331480345542433,-1.9274428518684459,0.9288570936149607,1.2106245369137674,0.9617796202239987,958.75
768,-1.194782262489397,-2.1331480184642713,-1.9274428506727048,0.9288570763172307,1.2106245409915186,0.9966213331795728,960.0
769,-1.1947822654896454,-2.1331480069923185,-1.9274428498201561,0.9288570639841619,1.210624543898905,1.0214630461351089,961.25
770,-1.1947822672821475,-2.1331480001383865,-1.9274428493108,0.9288570566157544,1.2106245456359268,1.0363047590906491,962.5
771,-1.1956120936528993,-2.1348291473859877,-1.9241422484518422,0.9272371994276938,1.2114522389150895,1.0430537628213428,963.75
772,-1.1969985421653335,-2.1376379662353147,-1.918627699580616,0.9245307935679384,1.2128351233568007,1.0404654359271703,965.0
773,-1.1971798619754523,-2.1380053097745684,-1.9179065028972653,0.9241768464740427,1.2130159763279658,1.0298609204301412,966.25
774,-1.1971798593981386,-2.13800531636111,-1.917906505962727,0.9241768452389141,1.2130159723291707,1.009845635353675,967.5
775,-1.1971798555331516,-2.1380053262384062,-1.9179065105597484,0.9241768433866926,1.2130159663325046,0.9798303502771905,968.75
776,-1.1971798503804925,-2.138005339406458,-1.9179065166883302,0.9241768409173784,1.213015958337968,0.939815065200716,970.0
777,-1.1971798437917616,-2.1380053559339767,-1.9179065242680218,0.9241768380505103,1.2130159470358726,0.8897997818534594,971.25
778,-1.1971798352334018,-2.1380053760680062,-1.9179065330095681,0.9241768355754258,1.2130159277173198,0.8297845054639177,972.5
779,-1.1971798252490122,-2.1380053995568535,-1.9179065432076683,0.9241768326879324,1.213015905179828,0.7597692290743865,973.75
780,-1.197179825602657,-2.138005436342217,-1.9179065482136646,0.9241768737359672,1.2130159040616249,0.6797539685408411,975.0
781,-1.1971798263511721,-2.1380054780423854,-1.917906553626999,0.9241769213265234,1.2130159035639552,0.5897387118985588,976.25
782,-1.197179827193716,-2.138005524444826,-1.9179065595780775,0.9241769745039324,1.2130159031076861,0.4897234646678831,977.5
783,-1.19717984031754,-2.1380055720947757,-1.9179065684448757,0.924177031015952,1.2130159163691887,0.3797082272309609,978.75
784,-1.1971798571690915,-2.1380056233701685,-1.9179065786009093,0.9241770922485938,1.213015933705543,0.2596929973307933,980.0
785,-1.1971798821547768,-2.138005674983505,-1.917906590515575,0.924177155460002,1.2130159591761558,0.12967777441642392,981.25
786,-1.1971799183891785,-2.138005725114394,-1.9179066046100408,0.9241772192085886,1.2130159958667839,-0.010337444670244209,982.5
787,-1.1971799631829132,-2.1380057728171753,-1.9179066201857502,0.9241772819264356,1.2130160411028341,-0.1603526608773709,983.75
788,-1.1971800201863014,-2.138005814419081,-1.9179066375326839,0.9241773402009974,1.2130160985065765,-0.3203678704944363,985.0
789,-1.197180085159664,-2.1380058450863535,-1.9179066551357329,0.9241773877355459,1.213016163795744,-0.48369088655815073,986.25
790,-1.1971801504362094,-2.1380058667315147,-1.9179066716340374,0.9241774251577354,1.2130162293126896,-0.6373449311573764,987.5
791,-1.1971802152483144,-2.1380058725150555,-1.917906685980872,0.9241774446026144,1.2130162942316596,-0.7809989757566574,988.75
792,-1.1971802765957205,-2.138005873896912,-1.9179066990307851,0.9241774583935181,1.2130163556458713,-0.9146530203559795,990.0
793,-1.1971803331047994,-2.138005864346361,-1.9179067096498832,0.9241774588928624,1.2130164121256515,-1.0383070649553554,991.25
794,-1.1971803849298164,-2.1380058505909294,-1.9179067187417216,0.9241774537169983,1.2130164638818646,-1.151961109554756,992.5
795,-1.1971804316299628,-2.1380058363267977,-1.9179067266924599,0.9241774469456381,1.2130165105043256,-1.255615154154182,993.75
796,-1.1971804705933415,-2.1380058136070845,-1.9179067319250225,0.9241774290975033,1.213016549312091,-1.3492691987536507,995.0
797,-1.197180505396369,-2.138005793313292,-1.917906736598869,0.9241774131551184,1.2130165839761218,-1.4329232433531167,996.25
798,-1.1971805360390455,-2.13800577544542,-1.9179067407140022,0.9241773991184841,1.213016614496417,-1.5065772879526222,997.5
799,-1.1971805593424785,-2.1380057556053638,-1.91790674303394,0.9241773813946647,1.2130166376543126,-1.5702313325520967,998.75
800,-1.1971805777123539,-2.1380057371214702,-1.9179067444944151,0.9241773642162212,1.2130166558855926,-1.6238853771515536,1000.0
801,-1.197180592658466,-2.138005722082591,-1.9179067456826882,0.9241773502394829,1.213016670718941,-1.6675394217509505,1001.25
802,-1.197180604180815,-2.138005710488727,-1.9179067465987565,0.9241773394644485,1.2130166821543573,-1.7011934663503725,1002.5
803,-1.1971806122794009,-2.138005702339876,-1.917906747242623,0.9241773318911195,1.2130166901918416,-1.7248475109498063,1003.75
804,-1.1971806169542227,-2.1380056976360393,-1.9179067476142881,0.9241773275194963,1.2130166948313936,-1.7385015555492374,1005.0
805,-1.1968789524773247,-2.1374146182956695,-1.9191194706784205,0.92479908483125,1.212716031976541,-1.742798712127003,1006.25
806,-1.1965604489453008,-2.13679055378763,-1.9203998758557388,0.9254555454539676,1.212398585990637,-1.7383109244677606,1007.5
807,-1.1964438730400764,-2.1365621516240765,-1.9208685013592852,0.92569581273233,1.2122823971771277,-1.7243330444642955,1008.75
808,-1.1962438968587041,-2.1361703468819497,-1.9216723890795846,0.9261079710830891,1.212083085019105,-1.7003551644608148,1010.0
809,-1.1959605204011847,-2.135615139561252,-1.922811539016636,0.9266920205062446,1.2118006495165696,-1.6663772844573477,1011.25
810,-1.1955915573003366,-2.1348975306674185,-1.9242839370534168,0.9274469530768981,1.211432894947522,-1.6223993538085337,1012.5
811,-1.1951360769930999,-2.1340179465868276,-1.926088725249599,0.9283723394489407,1.2109788867662359,-1.568421367711273,1013.75
812,-1.1945962140809958,-2.13297541013543,-1.9282278697874458,0.9294691635568002,1.210440768707181,-1.5044433816139735,1015.0
813,-1.1939688833117108,-2.131771281164444,-1.9306986366706986,0.9307360577512966,1.2098154445429508,-1.4304653154832068,1016.25
814,-1.193254642908609,-2.1304053139108206,-1.9335015199993646,0.9321732691942747,1.209103474481866,-1.3464871977190627,1017.5
815,-1.192451563535252,-2.1288783247165197,-1.936634880231105,0.9337799796658012,1.208302921277259,-1.2525089909476779,1018.75
816,-1.191560200319903,-2.1271900741504735,-1.940099198483658,0.9355564295493906,1.2074143421847983,-1.1485307207331217,1020.0
817,-1.1905758669272801,-2.1253425158585086,-1.9438905521716654,0.9375006608474277,1.20643303324466,-1.034552285674744,1021.25
818,-1.189500296552248,-2.1233348780495223,-1.9480104932757452,0.9396134497785723,1.2053607345007258,-0.9105737410666586,1022.5
819,-1.188331386167522,-2.1211680056544404,-1.9524573268499141,0.9418939513420184,1.2041953352638357,-0.7765950531664336,1023.75
820,-1.1870669834633887,-2.1188427251565707,-1.9572293968523382,0.9443413412027466,1.20293467564586,-0.6326161914415481,1025.0
821,-1.1857041594231683,-2.116360124875801,-1.962324524471957,0.9469545360693234,1.2015758165685329,-0.4786371158219985,1026.25
822,-1.1842574404358468,-2.1137487396424612,-1.967684165207868,0.9497035212699629,1.200133236462422,-0.3164096872975152,1027.5
823,-1.1828589297795002,-2.1112479873563488,-1.9728169439166965,0.9523362740825035,1.198738658210137,-0.16080123544453084,1028.75
824,-1.181540610306814,-2.108911518300232,-1.9776127139726463,0.9547962786830255,1.1974239853309856,-0.015192599090975513,1030.0
825,-1.1803045933669507,-2.1067384922386756,-1.9820731604872286,0.9570843749042772,1.196191336814897,0.12041618658150466,1031.25
826,-1.1791530426962729,-2.1047280866816584,-1.9861999310703458,0.9592013825942498,1.1950428839593252,0.2460250890806844,1032.5
827,-1.1780874173262463,-2.102879757360639,-1.989994115463102,0.9611478436418693,1.1939800908216474,0.36163409055784074,1033.75
828,-1.177106692809586,-2.101193806239671,-1.9934551132749583,0.9629234623715955,1.193001929989089,0.4672432076432712,1035.0
829,-1.1762163571128583,-2.0996683325093524,-1.9965867226392742,0.9645301222088023,1.192113907306401,0.5628523620332082,1036.25
830,-1.1754141537277008,-2.0983040880838453,-1.9993874427745264,0.9659670800910821,1.1913137591229361,0.6484615926733436,1037.5
831,-1.1747043756671423,-2.0970996209234842,-2.001860173131145,0.9672357724510132,1.1906057921908733,0.7240708405523146,1038.75
832,-1.1740844692680785,-2.0960557690797894,-2.004003241753341,0.9683353719954826,1.1899874448559202,0.7896801465120993,1040.0
833,-1.1735590473922082,-2.095171018422798,-2.0058196694225714,0.969267373433496,1.1894633444156584,0.8452894524718436,1041.25
834,-1.1731269084103655,-2.094445754286359,-2.0073086879114688,0.970031397012259,1.1890322855450137,0.890898773835262,1042.5
835,-1.172787645923861,-2.093880106862683,-2.008470037666616,0.9706273144326483,1.1886938605956798,0.9265081226838634,1043.75
836,-1.1725436568690462,-2.0934733074499827,-2.009305251226439,0.9710558832663162,1.188450473876551,0.9521174715324843,1045.0
837,-1.1723949412459211,-2.0932253560482597,-2.0098143285909367,0.9713171035132621,1.188302125387628,0.9677268203810823,1046.25
838,-1.1721510702151157,-2.092819677052194,-2.0106472710396135,0.9717445222829659,1.188058854777547,0.973659463059466,1047.5
839,-1.1716695043000491,-2.092019281156355,-2.0122906703409233,0.9725878329146324,1.1875784732884558,0.9707250366851505,1048.75
840,-1.171669219478302,-2.092019377099174,-2.012290491436883,0.9725877505699172,1.1875781881664407,0.9586020771881824,1050.0
841,-1.1716686997124832,-2.0920195521834106,-2.0122901649582836,0.9725876003006042,1.1875776678526682,0.9364791176912197,1051.25
842,-1.1716679450025922,-2.0920198064090636,-2.012289690905125,0.9725873821066933,1.187576912347138,0.9043561581942622,1052.5
843,-1.171666955139252,-2.0920201398616722,-2.0122890691731925,0.9725870962263552,1.1875759198514988,0.8622332260464008,1053.75
844,-1.171665730258739,-2.09202055248555,-2.0122882998302947,0.9725867425043443,1.1875746915374505,0.8101102966187491,1055.0
845,-1.1716645078826355,-2.0920209693289324,-2.0122875326248124,0.9725863951388513,1.187573465703924,0.7479873701049312,1056.25
846,-1.171664508634946,-2.092021005223483,-2.012287537126848,0.9725864355744801,1.1875734662376756,0.6758644594762873,1057.5
847,-1.1716645094927265,-2.092021046103088,-2.012287542245998,0.972586481651541,1.187573466855169,0.593741550512863,1058.75
848,-1.1716645104586165,-2.0920210919863957,-2.012287547966098,0.9725865334495402,1.1875734675785563,0.5016186465031335,1060.0
849,-1.1716645216621613,-2.0920211401118607,-2.012287556103367,0.972586589611083,1.1875734789798518,0.3994957506741959,1061.25
850,-1.1716645384026638,-2.0920211917497253,-2.0122875658247126,0.9725866507194083,1.1875734961440465,0.2873728612728037,1062.5
851,-1.1716645593598174,-2.0920212463902783,-2.01228757677648,0.9725867160072571,1.1875735175535702,0.16524997875143246,1063.75
852,-1.1716645957131195,-2.092021297455364,-2.012287590448356,0.9725867802664302,1.1875735543310904,0.03312710462737574,1065.0
853,-1.1716646358830616,-2.092021351302344,-2.012287605240817,0.9725868483832076,1.187573594949648,-0.1089957659119668,1066.25
854,-1.1716646934937631,-2.092021394078963,-2.012287622250749,0.9725869074941196,1.187573652936448,-0.26111863510259153,1067.5
855,-1.1716647577253338,-2.092021434679987,-2.012287640349937,0.9725869654560498,1.1875737175326089,-0.4232333243343678,1068.75
856,-1.1716648306811175,-2.092021459416135,-2.012287658297928,0.9725870073468472,1.1875737907375292,-0.5847844332861912,1070.0
857,-1.1716649015320568,-2.0920214732893343,-2.012287674489313,0.9725870366624255,1.1875738617520872,-0.7363355422380415,1071.25
858,-1.171664970593986,-2.0920214750772,-2.012287688839524,0.972587052095206,1.1875739308829343,-0.8778866511899803,1072.5
859,-1.1716650346028894,-2.0920214691075585,-2.01228770120889,0.9725870578573541,1.1875739948968511,-1.009437760141974,1073.75
860,-1.1716650935145496,-2.0920214534422015,-2.0122877113517976,0.9725870517695933,1.1875740537346262,-1.1309888690939958,1075.0
861,-1.1716651475188125,-2.0920214388782794,-2.012287720624946,0.9725870459610296,1.1875741076695885,-1.242539978046072,1076.25
862,-1.1716651924219343,-2.09202141248037,-2.0122877265913415,0.9725870251291799,1.187574152404811,-1.3440910869981406,1077.5
863,-1.1716652329033308,-2.092021388681933,-2.0122877319702064,0.9725870063486947,1.187574192734842,-1.4356421959502526,1078.75
864,-1.171665268963002,-2.092021367482967,-2.0122877367615417,0.9725869896195743,1.187574228659681,-1.5171933049023727,1080.0
865,-1.1716652957427316,-2.0920213420591964,-2.012287739138285,0.972586966354247,1.1875742552645667,-1.588744413854494,1081.25
866,-1.171665318138543,-2.092021319288005,-2.0122877409417215,0.9725869452071175,1.1875742775025075,-1.6502955228066227,1082.5
867,-1.1716653368957837,-2.0920213002163726,-2.0122877424521572,0.972586927495689,1.1875742961275262,-1.7018466317586978,1083.75
868,-1.1716653520144527,-2.092021284844299,-2.0122877436695945,0.9725869132199625,1.1875743111396222,-1.7433977407107364,1085.0
869,-1.1716653634945497,-2.0920212731717833,-2.012287744594034,0.9725869023799388,1.187574322538795,-1.774948849662815,1086.25
870,-1.1716653713360754,-2.092021265198826,-2.012287745225476,0.9725868949756182,1.1875743303250446,-1.796499958614891,1087.5
871,-1.1717406987710632,-2.092153114034188,-2.0120296789760417,0.972460622573668,1.1876495168464118,-1.8082801871519827,1088.75
872,-1.173194955251909,-2.0946987863925703,-2.0070472182081214,0.9700227731447382,1.189101053287548,-1.8122803696378922,1090.0
873,-1.1743771266377139,-2.0967681829783924,-2.0029969430209866,0.9680410290537131,1.1902810123652605,-1.8066010139001438,1091.25
874,-1.174378433241894,-2.0967704826348377,-2.002992449500652,0.9680388270928407,1.1902823137021006,-1.7930974286957095,1092.5
875,-1.174378424096488,-2.0967704882835765,-2.002992451372383,0.9680388221883747,1.1902822996603306,-1.769598271611514,1093.75
876,-1.1743784110592803,-2.0967704963361204,-2.002992454040623,0.9680388151968269,1.1902822796431254,-1.7360991145273164,1095.0
877,-1.174378394130271,-2.0967705067924696,-2.002992457505373,0.9680388061181977,1.1902822536504847,-1.6925999574431452,1096.25
878,-1.1743783737500022,-2.096770519287103,-2.00299246214064,0.9680387936229307,1.1902822253865915,-1.639100812893667,1097.5
879,-1.1743783499562748,-2.096770533788658,-2.002992467978516,0.9680387775969403,1.1902821951692897,-1.575601678685255,1098.75
880,-1.174378320882935,-2.0967705512656525,-2.002992471072245,0.9680387701383447,1.1902821616546753,-1.5021025498049667,1100.0
881,-1.1743782844020265,-2.096770572678536,-2.0029924663349106,0.9680387866476866,1.1902821268719295,-1.4186034320840246,1101.25
882,-1.174378243560169,-2.096770596717808,-2.002992460976158,0.9680388053982496,1.1902820879916347,-1.3251043222411034,1102.5
883,-1.174378197478732,-2.096770620842441,-2.002992454509007,0.9680388233593482,1.1902820437175947,-1.2216052194139329,1103.75
884,-1.1743781428137925,-2.096770635394411,-2.0029924450608423,0.9680388290743847,1.1902819891351843,-1.1081061261469798,1105.0
885,-1.1743780833302255,-2.096770651229292,-2.002992434779268,0.9680388352951672,1.1902819297243554,-0.9846070418639823,1106.25
886,-1.1743780186952544,-2.0967706536582122,-2.0029924218179422,0.9680388254381433,1.1902818650525004,-0.8511079633273385,1107.5
887,-1.1743779491185713,-2.0967706518752633,-2.002992407333319,0.9680388098820537,1.1902817954020843,-0.7076088863825828,1108.75
888,-1.1743778788724266,-2.0967706338152237,-2.002992390718448,0.9680387759596831,1.1902817249577196,-0.5541098144949133,1110.0
889,-1.1743778054973757,-2.0967706089842313,-2.0029923726329395,0.9680387338418843,1.1902816513302277,-0.390610748838388,1111.25
890,-1.1743777432367997,-2.0967705639587804,-2.002992354353794,0.968038671265339,1.190281588668993,-0.22638292065663912,1112.5
891,-1.1743776879264363,-2.0967705181418412,-2.0029923374028424,0.9680386091564257,1.1902815329574206,-0.07214130799945097,1113.75
892,-1.1743776484871626,-2.0967704628171586,-2.0029923225420863,0.9680385394883443,1.190281493055759,0.07210030465781064,1115.0
893,-1.1743776142193367,-2.096770409896468,-2.00299230903605,0.9680384735213022,1.190281458348428,0.20634191731509754,1116.25
894,-1.1743775957878886,-2.0967703531153594,-2.0029922983045436,0.9680384063152746,1.1902814394602141,0.33058352997242796,1117.5
895,-1.1743775788399575,-2.0967703009044723,-2.0029922884367903,0.9680383445185452,1.1902814220922813,0.444825142629777,1118.75
896,-1.1743775738782962,-2.0967702504720425,-2.0029922812445333,0.9680382870500429,1.1902814167341358,0.5490667552871877,1120.0
897,-1.1743775728171735,-2.0967702039673566,-2.002992275332975,0.9680382347420513,1.1902814153102446,0.6433083679446195,1121.25
898,-1.1743775718686462,-2.0967701623972963,-2.002992270048688,0.9680381879844715,1.1902814140374425,0.7275499806020609,1122.5
899,-1.174377577068441,-2.0967701259165454,-2.0029922666482247,0.9680381481267791,1.1902814189575324,0.8017915932595165,1123.75
900,-1.1743775852107206,-2.096770094442943,-2.002992264464177,0.9680381144522099,1.1902814268614494,0.8660332059169534,1125.0
901,-1.1743775920855537,-2.096770067868596,-2.002992262620102,0.9680380860195024,1.1902814335350245,0.9202748185743928,1126.25
902,-1.1743775976929407,-2.096770046193505,-2.0029922611159994,0.9680380628286565,1.190281438978257,0.9645164312317538,1127.5
903,-1.1743776020328813,-2.0967700294176677,-2.002992259951871,0.9680380448796733,1.1902814431911477,0.998758043889141,1128.75
904,-1.1743776051053754,-2.0967700175410853,-2.002992259127718,0.9680380321725528,1.190281446173696,1.022999656546526,1130.0
905,-1.1743776069104235,-2.0967700105637572,-2.002992258643539,0.9680380247072949,1.1902814479259016,1.0372412692039226,1131.25
906,-1.1754161449418001,-2.098617373742349,-1.9993739250153073,0.9662663290363264,1.191317971248538,1.0434900433339398,1132.5
907,-1.1769204470388785,-2.1012932516772205,-1.994132834583899,0.9637000641302482,1.1928193549004351,1.0402190898648926,1133.75
908,-1.1770526327683746,-2.1015283922710095,-1.9936722871588246,0.9634745586159125,1.192951283510765,1.0290403356158944,1135.0
909,-1.1770526299869932,-2.1015283995136773,-1.9936722903876904,0.9634745572312654,1.1929512794542023,1.0082550977280609,1136.25
910,-1.1770526258674594,-2.10152841024087,-1.9936722951699979,0.96347455518045,1.1929512734459844,0.977469859840223,1137.5
911,-1.1770526204097733,-2.101528424452587,-1.9936723015057476,0.9634745524634661,1.1929512654861107,0.9366846219523814,1138.75
912,-1.1770526133882706,-2.1015284422401517,-1.993672309288048,0.9634745493585227,1.1929512536663247,0.8858993885541149,1140.0
913,-1.1770526043350473,-2.1015284637929166,-1.9936723182952671,0.9634745464424719,1.192951234029954,0.8251141669712334,1141.25
914,-1.1770525943743944,-2.101528489396058,-1.9936723284620077,0.9634745452767857,1.1929512123326593,0.7543289462404458,1142.5
915,-1.1770525950733992,-2.101528529080271,-1.9936723333822992,0.9634745901878409,1.1929512118205121,0.6735437411832857,1143.75
916,-1.1770525958638793,-2.1015285737103797,-1.9936723388822315,0.9634746408017693,1.1929512112869884,0.5827585405306006,1145.0
917,-1.1770525967513024,-2.10152862332348,-1.993672344929312,0.9634746972771436,1.1929512107785043,0.48197334816617365,1146.25
918,-1.177052611762938,-2.1015286739628003,-1.993672354194235,0.9634747570829449,1.1929512260552273,0.3711881664963931,1147.5
919,-1.1770526295749564,-2.1015287287709112,-1.9936723645661,0.963474822048346,1.1929512443523842,0.2504029921732627,1148.75
920,-1.177052657212677,-2.1015287832026988,-1.993672376920765,0.9634748884802258,1.1929512724656925,0.11961782449841832,1150.0
921,-1.1770526954676936,-2.1015288367925438,-1.993672391364182,0.9634749560098467,1.1929513111754826,-0.021167339934881096,1151.25
922,-1.177052743924463,-2.10152888659432,-1.9936724074383987,0.9634750212866836,1.1929513600641237,-0.17195250106157436,1152.5
923,-1.1770528040596429,-2.1015289311097956,-1.9936724252626523,0.9634750829204386,1.1929514205976144,-0.33273765563647495,1153.75
924,-1.1770528743796536,-2.101528962635324,-1.9936724435841302,0.9634751319846772,1.1929514912223826,-0.4987424313713343,1155.0
925,-1.1770529443818532,-2.1015289862798014,-1.9936724608722771,0.9634751721541925,1.192951561467274,-0.6556995303207086,1156.25
926,-1.1770530146811509,-2.101528990051892,-1.9936724757806052,0.9634751901097673,1.1929516318535776,-0.8026566292701387,1157.5
927,-1.1770530806739044,-2.101528991725278,-1.9936724895462412,0.9634752048722302,1.1929516979133519,-0.9396137282196286,1158.75
928,-1.177053141494898,-2.1015289778025044,-1.9936725003335627,0.9634752011453784,1.1929517586747653,-1.0665708271691872,1160.0
929,-1.1770531974784122,-2.101528962926009,-1.9936725100097352,0.9634751954049776,1.1929518145872655,-1.1835279261187401,1161.25
930,-1.1770532466062607,-2.1015289429554893,-1.9936725176515302,0.9634751826166845,1.1929518635985297,-1.290485025068347,1162.5
931,-1.1770532889479497,-2.101528918104808,-1.9936725232995005,0.9634751630337611,1.192951905779799,-1.3874421240179722,1163.75
932,-1.1770533269225865,-2.101528895817189,-1.9936725283649412,0.9634751454705859,1.1929519436105622,-1.4743992229676186,1165.0
933,-1.1770533586292733,-2.10152887342971,-1.9936725321301894,0.9634751265714935,1.1929519751674733,-1.5513563219172957,1166.25
934,-1.1770533826912635,-2.1015288490137203,-1.9936725340754617,0.9634751039061014,1.1929519990575286,-1.6183134208669507,1167.5
935,-1.1770534031596107,-2.101528828244244,-1.9936725357302088,0.9634750846257707,1.1929520193796197,-1.6752705198165971,1168.75
936,-1.1770534200343161,-2.101528811121281,-1.9936725370944275,0.9634750687304998,1.1929520361337471,-1.72222761876619,1170.0
937,-1.1770534333153782,-2.10152879764483,-1.9936725381681215,0.9634750562202914,1.1929520493199095,-1.7591847177157947,1171.25
938,-1.1770534430027972,-2.101528787814891,-1.993672538951291,0.9634750470951452,1.1929520589381075,-1.7861418166654108,1172.5
939,-1.1770534490965736,-2.1015287816314645,-1.9936725394439363,0.9634750413550615,1.1929520649883405,-1.8030989156149961,1173.75
940,-1.1776491853953706,-2.1026055839483724,-1.991561959983024,0.9624408665744582,1.193546603079733,-1.8114019904586134,1175.0
941,-1.1792544937025915,-2.105507225964113,-1.985874630692544,0.9596541070534582,1.195148682335632,-1.81086078119126,1176.25
942,-1.1796913276566405,-2.106296824578507,-1.9843269921398003,0.9588957707990962,1.1955846357713158,-1.8017469169533764,1177.5
943,-1.1796913207147957,-2.1062968288637336,-1.984326993568498,0.9588957671008033,1.1955846250372335,-1.7836989995908872,1178.75
944,-1.1796913099266098,-2.1062968355233207,-1.9843269957888092,0.9588957613533583,1.1955846083556052,-1.755651082228382,1180.0
945,-1.1796912952920826,-2.1062968445572685,-1.9843269988007337,0.958895753556761,1.195584585726431,-1.7176031648658745,1181.25
946,-1.1796912768120267,-2.106296855964886,-1.9843270026049833,0.9588957437084843,1.1955845571566166,-1.6695552475796254,1182.5
947,-1.1796912553052654,-2.1062968690496624,-1.984327007918593,0.9588957292617097,1.1955845296059953,-1.6115073534479922,1183.75
948,-1.1796912300935014,-2.1062968843885734,-1.9843270141475866,0.9588957123261673,1.1955844973091865,-1.543459459316314,1185.0
949,-1.1796911974280049,-2.106296903666346,-1.9843270122188064,0.9588957201274604,1.1955844641471263,-1.4654115779697865,1186.25
950,-1.179691159431554,-2.106296925936271,-1.98432700726178,0.9588957372847139,1.1955844279309573,-1.3773637012068096,1187.5
951,-1.1796911171321816,-2.1062969508293126,-1.9843270016589698,0.9588957567913615,1.1955843877083794,-1.2793158362938049,1188.75
952,-1.1796910674210408,-2.1062969693551574,-1.9843269937077341,0.9588957678238823,1.1955843388554102,-1.1712679788697318,1190.0
953,-1.1796910112645274,-2.106296984295214,-1.9843269839625803,0.9588957736506653,1.1955842827784107,-1.0532201293409327,1191.25
954,-1.179690950253153,-2.106296996283141,-1.9843269728573918,0.9588957752069924,1.1955842218081225,-0.9251722874187078,1192.5
955,-1.1796908841444786,-2.1062969946249455,-1.984326959039571,0.9588957604101651,1.1955841556282107,-0.7871244504728283,1193.75
956,-1.1796908143495146,-2.1062969885953606,-1.9843269439241356,0.9588957399904225,1.1955840857249067,-0.6390766151160099,1195.0
957,-1.1796907442958724,-2.106296964978486,-1.984326926588193,0.958895699802151,1.1955840154265798,-0.4810287866026838,1196.25
958,-1.179690675569354,-2.106296931395904,-1.9843269082975188,0.9588956487004798,1.1955839463776403,-0.314726968729916,1197.5
959,-1.1796906162125205,-2.1062968875226558,-1.9843268906682396,0.9588955878950747,1.1955838866246908,-0.15503619312788774,1198.75
960,-1.179690570074338,-2.1062968367647508,-1.9843268749126797,0.9588955219578105,1.195583840046845,-0.005345417525792012,1200.0
961,-1.1796905323521154,-2.1062967839907842,-1.9843268606417555,0.9588954554072553,1.1955838018759612,0.13434535807637066,1201.25
962,-1.1796905068732255,-2.10629672939836,-1.9843268486679768,0.9588953892139955,1.1955837759441348,0.26403613367855844,1202.5
963,-1.1796904893378048,-2.1062966755090997,-1.9843268384166082,0.958895325363669,1.195583757967901,0.3837269092807857,1203.75
964,-1.1796904761150413,-2.1062966253657454,-1.9843268295149037,0.9588952665571128,1.1955837443375212,0.49341768488305265,1205.0
965,-1.179690475008267,-2.106296576895323,-1.9843268233143454,0.9588952119973465,1.1955837428463738,0.5931084604853519,1206.25
966,-1.179690474012514,-2.1062965332869807,-1.9843268177357607,0.9588951629104778,1.1955837415048036,0.6827992360876901,1207.5
967,-1.179690473741516,-2.1062964945561125,-1.984326812907435,0.9588951194338827,1.195583740927174,0.7624900116900113,1208.75
968,-1.1796904824668932,-2.1062964609102313,-1.9843268105582865,0.9588950834190177,1.1955837493935793,0.8321807872923461,1210.0
969,-1.1796904899402572,-2.106296432092232,-1.98432680854622,0.9588950525719622,1.1955837566451315,0.8918715628946645,1211.25
970,-1.179690496161608,-2.1062964081021156,-1.9843268068712314,0.9588950268927144,1.1955837626818306,0.9415623384969484,1212.5
971,-1.1796905011309455,-2.1062963889398807,-1.9843268055333252,0.9588950063812762,1.1955837675036767,0.9812531140992333,1213.75
972,-1.17969050484827,-2.1062963746055265,-1.9843268045325009,0.958894991037648,1.1955837711106698,1.01094388970153,1215.0
973,-1.1796905073135813,-2.106296365099054,-1.9843268038687594,0.9588949808618294,1.1955837735028099,1.0306346653037959,1216.25
974,-1.1799212944905526,-2.106720230460957,-1.9834954228953876,0.9584873182360701,1.195814079572972,1.0409824877443947,1217.5
975,-1.1814500741045697,-2.1095280451579024,-1.9779881642935564,0.955786900275043,1.1973396724437475,1.0431769860214528,1218.75
976,-1.1822918937782514,-2.1110741681749152,-1.974955599698147,0.9542999184792657,1.1981797369043612,1.0361168089030017,1220.0
977,-1.1822918917501575,-2.1110741734286576,-1.9749556020605241,0.9542999174722496,1.1981797338878932,1.0208252167315808,1221.25
978,-1.1822918883957834,-2.1110741821181063,-1.9749556059677875,0.9542999158066914,1.1981797288987937,0.9955336245601556,1222.5
979,-1.1822918837151288,-2.111074194243262,-1.9749556114199374,0.9542999134825907,1.1981797219370627,0.9602420323887407,1223.75
980,-1.1822918777081937,-2.1110742098041237,-1.9749556184169734,0.9542999104999478,1.1981797130026999,0.9149504402173501,1225.0
981,-1.1822918697670246,-2.111074229056995,-1.9749556266593806,0.9542999076520896,1.1981796968987166,0.8596588601815265,1226.25
982,-1.1822918601415804,-2.1110742518964978,-1.9749556362703053,0.9542999046128402,1.1981796757618508,0.7943672847178318,1227.5
983,-1.1822918551057562,-2.1110742834546476,-1.9749556439775762,0.9542999242372265,1.1981796637306767,0.7190757175327636,1228.75
984,-1.1822918558352973,-2.111074324743684,-1.974955649126673,0.9542999710098585,1.1981796631984325,0.633784158544953,1230.0
985,-1.1822918566621015,-2.111074370951615,-1.974955654810431,0.954300023600299,1.19817966270453,0.5384926097289459,1231.25
986,-1.182291862939645,-2.1110744205407954,-1.9749556620775939,0.9543000809297616,1.1981796682344545,0.43320106774849376,1232.5
987,-1.1822918797299755,-2.111074472085522,-1.9749556718950854,0.9543001420948292,1.1981796854800042,0.3179095341950394,1233.75
988,-1.1822918979786932,-2.111074528099168,-1.9749556825660464,0.9543002085581103,1.1981797042389022,0.19261800944588572,1235.0
989,-1.1822919335684372,-2.111074579251594,-1.974955696234471,0.9543002729119545,1.1981797402715286,0.05732649081071285,1236.25
990,-1.1822919725618188,-2.111074633730598,-1.9749557110177496,0.9543003416609483,1.1981797797349154,-0.08796502732929695,1237.5
991,-1.1822920288291354,-2.111074677183067,-1.9749557280024748,0.9543004014326296,1.1981798363959528,-0.2432565391882977,1238.75
992,-1.1822920915148272,-2.1110747192200714,-1.9749557461368223,0.9543004608758285,1.1981798994692026,-0.4083460084925464,1240.0
993,-1.182292163077065,-2.11107474329957,-1.97495576388318,0.9543005019194158,1.1981799712832795,-0.5707947225759868,1241.25
994,-1.1822922321182663,-2.1110747586396723,-1.9749557800288218,0.9543005326665792,1.198180040504512,-0.7232434366594823,1242.5
995,-1.1822922999155485,-2.111074760321416,-1.9749557942292353,0.954300547850816,1.1981801083718522,-0.8656921507430264,1243.75
996,-1.1822923628200501,-2.1110747560474126,-1.9749558066835626,0.9543005553955138,1.1981801712948223,-0.998140864826625,1245.0
997,-1.1822924207141945,-2.111074740671177,-1.9749558167313173,0.9543005495054249,1.1981802291147003,-1.120589578910277,1246.25
998,-1.1822924738803091,-2.111074726550674,-1.9749558259584954,0.9543005440963576,1.1981802822126137,-1.2330382929939623,1247.5
999,-1.1822925184128796,-2.1110747016981017,-1.9749558320770846,0.9543005249570082,1.1981803265841724,-1.3354870070776654,1248.75
1000,-1.1822925582916342,-2.1110746783290586,-1.9749558374185812,0.9543005065687353,1.1981803663098591,-1.42793572116139,1250.0
1001,-1.1822925938567814,-2.1110746574878014,-1.9749558421822948,0.9543004901694845,1.1981804017384954,-1.5103844352451519,1251.25
1002,-1.1822926208316396,-2.11107463319915,-1.9749558447469049,0.9543004682187768,1.1981804285421707,-1.582833149328899,1252.5
1003,-1.1822926429991842,-2.111074610748501,-1.9749558465465684,0.9543004473866112,1.1981804505491755,-1.6452818634126551,1253.75
1004,-1.182292661617009,-2.1110745918929066,-1.9749558480580471,0.9543004298903279,1.1981804690321682,-1.6977305774963343,1255.0
1005,-1.1822926766851145,-2.111074576632367,-1.9749558492813422,0.954300415729928,1.1981804839911492,-1.7401792915799998,1256.25
1006,-1.1822926882034999,-2.1110745649668803,-1.9749558502164553,0.9543004049054123,1.1981804954261173,-1.7726280056636912,1257.5
1007,-1.1822926961721651,-2.1110745568964475,-1.9749558508633867,0.954300397416781,1.1981805033370725,-1.795076719747394,1258.75
1008,-1.1823181855527864,-2.111122111381526,-1.9748625050212951,0.9542545905558424,1.198205937648911,-1.8076118402148202,1260.0
1009,-1.1835839152208778,-2.1134841621221683,-1.9702263969400111,0.9519797649933359,1.1994689338731241,-1.8124651113560681,1261.25
1010,-1.1848361618130483,-2.115821060851616,-1.9656396617821952,0.9497291660095327,1.2007184751022015,-1.8075664906115476,1262.5
1011,-1.1848584317920994,-2.115862632109252,-1.9655580747640364,0.9496891302536289,1.2007406943097123,-1.7949773579946269,1263.75
1012,-1.1848584232330839,-2.1158626373900766,-1.9655580765352954,0.949689125725,1.2007406809805414,-1.772464862579747,1265.0
1013,-1.1848584108721731,-2.115862645016631,-1.9655580790933431,0.9496891191847641,1.200740661730583,-1.739952367164865,1266.25
1014,-1.1848583947093667,-2.115862654988917,-1.9655580824381798,0.9496891106329212,1.200740636559836,-1.6974398717500088,1267.5
1015,-1.184858375086448,-2.1158626670088028,-1.9655580868786173,0.949689098973978,1.200740608404727,-1.644927386783026,1268.75
1016,-1.1848583521829255,-2.1158626809197094,-1.9655580925768477,0.9496890836325664,1.200740578807503,-1.5824149145824604,1270.0
1017,-1.1848583245977555,-2.1158626975116515,-1.9655580966921573,0.9496890732546429,1.2007405456147473,-1.5099024460623003,1271.25
1018,-1.1848582894206703,-2.115862718087727,-1.9655580920920745,0.9496890890496408,1.2007405120834653,-1.427389990214528,1272.5
1019,-1.1848582499871727,-2.1158627412075823,-1.9655580868898062,0.9496891069732678,1.200740474547437,-1.3348775410508873,1273.75
1020,-1.1848582059079726,-2.115862765756881,-1.965558080856616,0.9496891257288705,1.2007404324409368,-1.2323650990547321,1275.0
1021,-1.1848581530379378,-2.1158627798163367,-1.965558071642893,0.9496891311715092,1.2007403796534624,-1.119852667767231,1276.25
1022,-1.1848580954669097,-2.1158627951261195,-1.9655580616093706,0.9496891371000438,1.2007403221574435,-0.9973402445340269,1277.5
1023,-1.184858032913005,-2.1158627992780956,-1.965558049176292,0.949689129484433,1.2007402595808903,-0.8648278274244697,1278.75
1024,-1.1848579654988303,-2.115862797624975,-1.965558035025769,0.9496891143759802,1.2007401920928478,-0.7223154125745697,1280.0
1025,-1.1848578968850332,-2.1158627822736844,-1.9655580189280832,0.9496890836622498,1.200740123296315,-0.5698030021611671,1281.25
1026,-1.1848578257320126,-2.11586275837746,-1.9655580012452312,0.949689042861965,1.2007400518910578,-0.4072905980668502,1282.5
1027,-1.1848577635247146,-2.115862716539595,-1.9655579831875551,0.9496889836898905,1.2007399892948023,-0.24225031808190073,1283.75
1028,-1.1848577077241018,-2.1158626733355277,-1.9655579662857212,0.9496889242444736,1.2007399330996553,-0.08702620352081915,1285.0
1029,-1.1848576689880126,-2.115862619285723,-1.9655579515687087,0.9496888559849341,1.2007398938962488,0.05819791104028887,1286.25
1030,-1.1848576337374346,-2.1158625684786423,-1.9655579379749144,0.9496887920489792,1.2007398582073725,0.19342202560145075,1287.5
1031,-1.1848576156171977,-2.1158625129242585,-1.9655579273359582,0.9496887261543132,1.2007398396251394,0.3186461401626809,1288.75
1032,-1.1848575989439856,-2.1158624618062754,-1.965557917546587,0.9496886655217828,1.2007398225268253,0.43387025472390617,1290.0
1033,-1.1848575926494738,-2.115862412753004,-1.9655579101602896,0.949688609246297,1.2007398158325837,0.5390943692851998,1291.25
1034,-1.1848575916068878,-2.1158623671257892,-1.9655579042853686,0.949688557847379,1.2007398144222532,0.6343184838464946,1292.5
1035,-1.1848575906737893,-2.115862326290139,-1.9655578990273992,0.949688511846138,1.2007398131600293,0.7195425984078284,1293.75
1036,-1.1848575948116054,-2.115862290367729,-1.965557895427823,0.9496884723545064,1.20073981701251,0.79476671296916,1295.0
1037,-1.184857602879303,-2.1158622593305747,-1.9655578932471294,0.9496884391167614,1.2007398248374732,0.859990827530489,1296.25
1038,-1.1848576097100811,-2.115862233051961,-1.965557891400773,0.9496884109749447,1.2007398314627324,0.9152149420917884,1297.5
1039,-1.1848576153039398,-2.1158622115318884,-1.9655578898887534,0.9496883879290561,1.2007398368882878,0.9604390566530556,1298.75
1040,-1.184857619660879,-2.1158621947703544,-1.9655578887110725,0.9496883699790966,1.2007398411141388,0.9956631712143345,1300.0
1041,-1.184857622780899,-2.1158621827673603,-1.9655578878677311,0.9496883571250662,1.2007398441402861,1.0208872857756108,1301.25
1042,-1.1848576246639992,-2.1158621755229055,-1.9655578873587292,0.9496883493669652,1.2007398459667293,1.0361114003368845,1302.5
1043,-1.1856792594440764,-2.117420067202528,-1.9624980868862076,0.948185966266758,1.2015596430593347,1.043121286288161,1303.75
1044,-1.1871648108215567,-2.1202368133209473,-1.9569658285658607,0.9454695950436425,1.2030418716823523,1.0408740783333432,1305.0
1045,-1.1873883266109158,-2.1206606263384775,-1.9561334426107484,0.9450608872926574,1.2032648868501157,1.0304979637766876,1306.25
1046,-1.1873883240190728,-2.120660633018136,-1.9561334456405304,0.9450608860098115,1.203264882919263,1.0107828162969033,1307.5
1047,-1.1873883201125845,-2.1206606430858796,-1.9561334502070908,0.9450608840762751,1.2032648769945866,0.9810676688171148,1308.75
1048,-1.1873883148914508,-2.120660656541708,-1.9561334563104302,0.945060881492048,1.2032648690760865,0.9413525213373506,1310.0
1049,-1.187388308224749,-2.1206606734430986,-1.9561334638834498,0.9450608784376755,1.2032648580325116,0.8916373765162612,1311.25
1050,-1.1873882995099128,-2.12066069405459,-1.9561334726173312,0.9450608757441068,1.2032648386573208,0.8319222447742876,1312.5
1051,-1.187388289335675,-2.1206607181177173,-1.9561334828138035,0.9450608725994684,1.203264816037527,0.7622071130322677,1313.75
1052,-1.1873882893420018,-2.1206607555831596,-1.9561334879593664,0.945060913194985,1.2032648141711797,0.6824919968028782,1315.0
1053,-1.1873882901041368,-2.120660798413341,-1.9561334933098762,0.9450609618322269,1.2032648136500088,0.5927768845526805,1316.25
1054,-1.1873882909627247,-2.1206608460924805,-1.9561334991896877,0.9450610162123423,1.2032648131706962,0.4930617820279095,1317.5
1055,-1.1873883039348536,-2.1206608952108965,-1.956133507928421,0.9450610740917896,1.203264826214744,0.38334668894548246,1318.75
1056,-1.1873883211568903,-2.1206609479530005,-1.9561335180433326,0.9450611367443054,1.2032648439178386,0.2636316034386225,1320.0
1057,-1.1873883462160046,-2.1206610013467677,-1.9561335298721758,0.9450612016494626,1.2032648694619925,0.13391652498041007,1321.25
1058,-1.1873883832558776,-2.120661052961638,-1.956133543976414,0.9450612668816059,1.203264906954845,-0.0057985495213024735,1322.5
1059,-1.1873884285956695,-2.120661102560211,-1.9561335595506735,0.9450613314864449,1.2032649527371881,-0.15551362136881525,1323.75
1060,-1.1873884868790432,-2.1206611454482966,-1.9561335769733543,0.945061391111085,1.2032650114179062,-0.3152286865666521,1325.0
1061,-1.1873885543793006,-2.1206611782050695,-1.956133595046368,0.945061441180352,1.2032650792413144,-0.4815262084679783,1326.25
1062,-1.1873886231463642,-2.1206612012558863,-1.9561336121741626,0.9450614806049779,1.2032651482539882,-0.6395493242644559,1327.5
1063,-1.1873886916720018,-2.1206612070531503,-1.956133627104744,0.9450615006160197,1.2032652168851892,-0.7875724400610463,1328.75
1064,-1.1873887565657353,-2.1206612086256884,-1.956133640756469,0.945061515169347,1.20326528184714,-0.9255955558576578,1330.0
1065,-1.1873888164547657,-2.1206611968285998,-1.9561336517066366,0.9450615137298787,1.203265341691747,-1.05361867165431,1331.25
1066,-1.1873888715798526,-2.1206611821929826,-1.956133661315726,0.9450615081655345,1.2032653967453308,-1.1716417874509932,1332.5
1067,-1.1873889204645192,-2.1206611639905404,-1.956133669186952,0.9450614973678905,1.2032654455242506,-1.2796649032476881,1333.75
1068,-1.1873889622356366,-2.1206611395475234,-1.9561336748065308,0.9450614781637765,1.2032654871329584,-1.3776880190444432,1335.0
1069,-1.187388999745402,-2.1206611175981065,-1.956133679852812,0.9450614609188005,1.2032655244968833,-1.4657111348412202,1336.25
1070,-1.1873890317249067,-2.1206610963740498,-1.9561336838426373,0.9450614433981777,1.2032655563316992,-1.5437342506379943,1337.5
1071,-1.1873890555790756,-2.1206610722590846,-1.9561336857878737,0.9450614210314826,1.2032655800108032,-1.6117573664347833,1338.75
1072,-1.1873890759264705,-2.120661051689233,-1.956133687447143,0.9450614019528897,1.2032656002088693,-1.6697804822315339,1340.0
1073,-1.1873890927670925,-2.120661034664496,-1.956133688820442,0.9450613861623964,1.2032656169258988,-1.7178035980282462,1341.25
1074,-1.18738910610094,-2.120661021184872,-1.9561336899077744,0.9450613736600058,1.2032656301618903,-1.755826713824956,1342.5
1075,-1.1873891159280139,-2.120661011250361,-1.956133690709141,0.9450613644457176,1.2032656399168435,-1.7838498296216914,1343.75
1076,-1.1873891222483133,-2.1206610048609633,-1.9561336912245408,0.9450613585195322,1.2032656461907587,-1.8018729454184241,1345.0
1077,-1.1878055654404687,-2.121463254050195,-1.9545569809357874,0.944286669209232,1.2036811250538393,-1.810986856232522,1346.25
1078,-1.1893215824839567,-2.1243837902126605,-1.9488170910055502,0.941466484246469,1.2051936314030667,-1.8115543161819971,1347.5
1079,-1.1898855933618042,-2.125470339019766,-1.9466816416312123,0.9404172704352316,1.2057563344863642,-1.8032902432593172,1348.75
1080,-1.189885587011692,-2.125470342935849,-1.9466816429526022,0.9404172670988802,1.205756324526038,-1.7863946708213334,1350.0
1081,-1.1898855769031325,-2.125470349169749,-1.9466816450560847,0.9404172617878388,1.2057563086704834,-1.759499098383348,1351.25
1082,-1.1898855630361254,-2.125470357721465,-1.9466816479416598,0.9404172545021077,1.2057562869197005,-1.7226035259453742,1352.5
1083,-1.189885545410671,-2.125470368590997,-1.9466816516093275,0.9404172452416868,1.205756259273689,-1.6757079535073984,1353.75
1084,-1.189885524713901,-2.125470381163581,-1.9466816566998624,0.9404172317372,1.20575623169901,-1.6188124013471492,1355.0
1085,-1.189885500473877,-2.125470395861451,-1.946681662773167,0.9404172155473036,1.2057562000976978,-1.5519168517299078,1356.25
1086,-1.1898854695537895,-2.1254704141212093,-1.9466816621679064,0.9404172192902389,1.2057561674565478,-1.4750213129075016,1357.5
1087,-1.1898854329524045,-2.125470435496898,-1.9466816573630892,0.9404172356617573,1.2057561325717003,-1.3881257795560544,1358.75
1088,-1.1898853921518886,-2.125470459425576,-1.9466816519214096,0.9404172543163061,1.2057560937857554,-1.2912302585722404,1360.0
1089,-1.1898853446800872,-2.1254704787818994,-1.9466816444846655,0.9404172666310839,1.2057560473951794,-1.184334744259694,1361.25
1090,-1.1898852904125454,-2.1254704932090793,-1.9466816349845402,0.9404172721746822,1.2057559932092656,-1.0674392380709623,1362.5
1091,-1.1898852314540649,-2.1254705068236714,-1.946681624408347,0.9404172758777841,1.2057559343089066,-0.9405437399101773,1363.75
1092,-1.1898851674787985,-2.1254705052923493,-1.9466816109191318,0.9404172615203891,1.2057558702623934,-0.8036482474874386,1365.0
1093,-1.1898850992964594,-2.125470501859589,-1.9466815963181738,0.9404172441962698,1.2057558019896988,-0.6567527559847561,1366.25
1094,-1.1898850314328613,-2.12547047915507,-1.9466815793769332,0.9404172052956336,1.2057557338819402,-0.4998572714316968,1367.5
1095,-1.1898849631790647,-2.125470448963895,-1.9466815614197137,0.9404171579113665,1.2057556653224961,-0.333878832810791,1368.75
1096,-1.1898849048407922,-2.1254704060984957,-1.9466815439408967,0.9404170982544007,1.2057556065835757,-0.1730398910039909,1370.0
1097,-1.1898848577445298,-2.125470358206841,-1.9466815281712275,0.9404170351743969,1.2057555590553206,-0.02220094919713743,1371.25
1098,-1.189884820633519,-2.1254703065583103,-1.9466815140079818,0.9404169698484421,1.2057555214902576,0.11863799260978547,1372.5
1099,-1.1898847937324097,-2.1254702541474275,-1.9466815018717814,0.9404169056833902,1.205755494137693,0.24947693441670496,1373.75
1100,-1.1898847764597318,-2.125470201314215,-1.946681491684221,0.940416842946179,1.2057554764184324,0.37031587622367734,1375.0
1101,-1.1898847617936728,-2.1254701525406974,-1.946681482545401,0.9404167852824173,1.205755461341212,0.4811548180307036,1376.25
1102,-1.1898847607046608,-2.125470104914615,-1.9466814763720057,0.9404167315891853,1.205755459862153,0.5819937598377612,1377.5
1103,-1.1898847597236442,-2.1254700620115208,-1.946681470810809,0.9404166832206038,1.2057554585297694,0.6728327016448383,1378.75
1104,-1.189884758850623,-2.1254700238314124,-1.9466814658618137,0.940416640176674,1.2057554573440614,0.7536716434519051,1380.0
1105,-1.189884766953,-2.1254699905865837,-1.9466814633947243,0.9404166044475065,1.2057554651818334,0.8245105852589913,1381.25
1106,-1.1898847743884644,-2.1254699620461874,-1.946681461376449,0.9404165738690793,1.2057554723905517,0.8853495270660816,1382.5
1107,-1.1898847806017736,-2.125469938196932,-1.9466814596899116,0.9404165483167783,1.2057554784143845,0.9361884688730946,1383.75
1108,-1.1898847855929275,-2.125469919038817,-1.9466814583351146,0.9404165277906047,1.2057554832533317,0.9770274106801371,1385.0
1109,-1.1898847893619258,-2.1254699045718404,-1.9466814573120592,0.9404165122905588,1.2057554869073934,1.0078663524871627,1386.25
1110,-1.1898847919087685,-2.125469894796003,-1.946681456620745,0.9404165018166404,1.2057554893765694,1.0287052942941857,1387.5
1111,-1.1899978418490398,-2.1256911526090194,-1.9462463152822684,0.940202559615664,1.2058682683421729,1.0399179361056436,1388.75
1112,-1.19136664225953,-2.1283702197841277,-1.9409775979008015,0.9376121989353253,1.20723378825634,1.0432977183104652,1390.0
1113,-1.1923476129734258,-2.1302902175845118,-1.9372016917740653,0.9357557780964059,1.208212407530157,1.0371325606425588,1391.25
1114,-1.1923476111412712,-2.1302902222821856,-1.937201693923837,0.9357557771926204,1.2082124046970408,1.023074151150594,1392.5
1115,-1.1923476080058721,-2.1302902303214,-1.9372016976027808,0.9357557756459561,1.2082123998486787,0.9990157416586397,1393.75
1116,-1.1923476035672282,-2.130290241702154,-1.9372017028108954,0.9357557734564128,1.2082123929850699,0.9649573321666809,1395.0
1117,-1.19234759782534,-2.130290256424449,-1.9372017095481817,0.9357557706239907,1.2082123841062145,0.9208989226747608,1396.25
1118,-1.1923475903018135,-2.130290274706912,-1.937201717559544,0.9357557678448305,1.2082123690342952,0.8668405211372973,1397.5
1119,-1.1923475810459467,-2.130290296527015,-1.9372017268712698,0.935755765047195,1.2082123481998317,0.8027821248287667,1398.75
1120,-1.1923475747910686,-2.1302903255280534,-1.937201735135666,0.9357557786137122,1.2082123333971808,0.7287237347241409,1400.0
1121,-1.192347575494015,-2.1302903650694556,-1.9372017401268875,0.9357558234971137,1.2082123328892762,0.6446653547541881,1401.25
1122,-1.192347576290508,-2.1302904093782673,-1.9372017456545434,0.9357558739924449,1.2082123324081473,0.5506069834618175,1402.5
1123,-1.1923475806047807,-2.1302904574767902,-1.937201752391462,0.9357559294370672,1.2082123357886168,0.44654861916498745,1403.75
1124,-1.192347596813138,-2.130290507005097,-1.937201761955104,0.9357559883414195,1.2082123524478106,0.3324902637651822,1405.0
1125,-1.192347614444655,-2.1302905608737275,-1.937201772359341,0.935756052402539,1.2082123705859353,0.20843191793931287,1406.25
1126,-1.1923476469421856,-2.1302906112077844,-1.937201785434954,0.9357561153887098,1.2082124035372896,0.07437357772208497,1407.5
1127,-1.1923476846728802,-2.1302906636506336,-1.9372017998689484,0.9357561817692764,1.208212441735698,-0.06968476117953927,1408.75
1128,-1.1923477373252869,-2.1302907073184354,-1.9372018163124198,0.9357562412491224,1.208212494794253,-0.22374309466826073,1410.0
1129,-1.1923477966942921,-2.1302907503260293,-1.937201834072649,0.9357563013178823,1.2082125545692388,-0.3877978018139759,1411.25
1130,-1.1923478670657215,-2.1302907738244103,-1.9372018516810916,0.9357563416506078,1.2082126251957142,-0.5514755939023102,1412.5
1131,-1.1923479343467596,-2.130290791251566,-1.937201867884829,0.9357563745513713,1.2082126926791013,-0.7051533859907422,1413.75
1132,-1.1923480010876695,-2.130290792829143,-1.9372018819900927,0.9357563895410288,1.20821275949137,-0.8488311780791957,1415.0
1133,-1.1923480631018162,-2.1302907907306605,-1.9372018946497742,0.9357563994651916,1.2082128215424701,-0.9825089701677321,1416.25
1134,-1.1923481201747155,-2.1302907755808107,-1.9372019046444824,0.9357563937499314,1.2082128785405248,-1.106186762256293,1417.5
1135,-1.1923481726329737,-2.1302907616559095,-1.9372019138310579,0.9357563884967764,1.2082129309299898,-1.219864554344905,1418.75
1136,-1.1923482171544548,-2.13029073880601,-1.9372019202454722,0.9357563716461861,1.20821297530224,-1.3235423464335312,1420.0
1137,-1.1923482565952062,-2.130290715757045,-1.9372019255762105,0.9357563535657804,1.208213014587677,-1.417220138522178,1421.25
1138,-1.1923482918257025,-2.130290695168534,-1.937201930337894,0.9357563374154358,1.208213049679439,-1.5008979306108379,1422.5
1139,-1.192348319298544,-2.1302906721097905,-1.937201933173512,0.9357563169538898,1.2082130769864206,-1.5745757226995076,1423.75
1140,-1.1923483413614775,-2.1302906498440493,-1.9372019349811669,0.9357562963117492,1.2082130988852935,-1.6382535147881756,1425.0
1141,-1.1923483599596345,-2.130290631074935,-1.9372019365049447,0.9357562789112623,1.208213117345154,-1.691931306876827,1426.25
1142,-1.192348375093015,-2.1302906158024473,-1.9372019377448457,0.9357562647524293,1.2082131323660021,-1.735609098965404,1427.5
1143,-1.1923483867616187,-2.1302906040265848,-1.9372019387008725,0.9357562538352513,1.2082131439478374,-1.7692868910540214,1428.75
1144,-1.1923483949654454,-2.130290595747348,-1.9372019393730247,0.9357562461597282,1.20821315209066,-1.7929646831426354,1430.0
1145,-1.1923486491129631,-2.1302910869052183,-1.937200963814347,0.9357557615970872,1.208213405584483,-1.8066426336368686,1431.25
1146,-1.193373509940916,-2.132328983295194,-1.933190642892618,0.9337828345027472,1.2092357250693728,-1.8125313536458703,1432.5
1147,-1.1946925192278355,-2.1349517940800395,-1.9280292917923512,0.9312436454837925,1.2105514627980811,-1.8087936304868708,1433.75
1148,-1.1947783272788957,-2.135122431731716,-1.9276935049950097,0.9310784485039793,1.2106370555842656,-1.7972992281226916,1435.0
1149,-1.1947783194011998,-2.1351224365875323,-1.9276935066434293,0.9310784443942275,1.2106370431381794,-1.776099714448152,1436.25
1150,-1.1947783078075245,-2.1351224437338807,-1.9276935090694232,0.931078438345869,1.210637024821163,-1.7449002007736243,1437.5
1151,-1.1947782924978696,-2.1351224531707604,-1.927693512272991,0.9310784303589041,1.2106370006332166,-1.7037006870991087,1438.75
1152,-1.1947782737005999,-2.1351224646885667,-1.927693516473989,0.9310784196562791,1.2106369725782775,-1.6525011803383238,1440.0
1153,-1.1947782517656358,-2.1351224779661226,-1.9276935220093014,0.9310784050473189,1.2106369437269682,-1.5913016883347568,1441.25
1154,-1.1947782258463024,-2.135122493591629,-1.9276935274428748,0.9310783909884905,1.2106369106792156,-1.5201021978561133,1442.5
1155,-1.1947781920502303,-2.135122513300201,-1.9276935229881367,0.9310784060478859,1.210636878471844,-1.4389027220175854,1443.75
1156,-1.1947781540971867,-2.135122535471953,-1.9276935179519683,0.931078423116477,1.2106368423434064,-1.3477032512221339,1445.0
1157,-1.1947781119911287,-2.1351225601346324,-1.9276935123090777,0.9310784423134126,1.210636802328885,-1.2465037883329857,1446.25
1158,-1.1947780612013499,-2.1351225743113655,-1.927693503464041,0.9310784482092769,1.2106367517226118,-1.1353043366232767,1447.5
1159,-1.194778005606715,-2.1351225890897947,-1.9276934936849133,0.9310784538448411,1.2106366962055062,-1.014104892237349,1448.75
1160,-1.1947779452030058,-2.135122595410528,-1.9276934818492275,0.9310784489869607,1.210636635798418,-0.8829054544575321,1450.0
1161,-1.1947778800049926,-2.1351225938894034,-1.927693468036957,0.9310784343322148,1.2106365705265945,-0.7417060198028883,1451.25
1162,-1.1947778129301547,-2.13512258176462,-1.9276934524993923,0.9310784073885602,1.2106365032900057,-0.5905065887793972,1452.5
1163,-1.1947777440389662,-2.1351225588046963,-1.9276934352199584,0.9310783679081702,1.2106364341473368,-0.42930716419965004,1453.75
1164,-1.1947776815308133,-2.135122520634981,-1.9276934173616314,0.9310783126029101,1.2106363712670982,-0.2634854243332243,1455.0
1165,-1.1947776254343276,-2.135122479537098,-1.927693400474626,0.9310782552801403,1.2106363147798849,-0.10695253867562349,1456.25
1166,-1.1947775865092678,-2.135122427363521,-1.9276933857824528,0.9310781889202706,1.21063627538736,0.03958034698204432,1457.5
1167,-1.1947775509645513,-2.135122378020505,-1.9276933721523823,0.9310781264124725,1.210636239401662,0.17611323263975828,1458.75
1168,-1.1947775318500222,-2.135122324216233,-1.9276933613939495,0.9310780621535171,1.2106362198236542,0.3026461182975396,1460.0
1169,-1.1947775153936626,-2.1351222739939706,-1.9276933516412318,0.9310780024477029,1.2106362029358966,0.4191790039553157,1461.25
1170,-1.1947775073396045,-2.135122226225995,-1.9276933439524992,0.9310779471682534,1.2106361944782438,0.5257118896131313,1462.5
1171,-1.1947775063111248,-2.1351221812777337,-1.9276933380860766,0.9310778964524744,1.2106361930757878,0.6222447752710033,1463.75
1172,-1.1947775053891871,-2.1351221409857413,-1.92769333282736,0.9310778509904233,1.2106361918186148,0.7087776609288702,1465.0
1173,-1.1947775081929033,-2.135122105434462,-1.9276933289430749,0.9310778115955944,1.2106361943297386,0.7853105465867655,1466.25
1174,-1.1947775162281604,-2.1351220746590363,-1.9276933267522471,0.9310777786064761,1.2106362021166706,0.8518434322446417,1467.5
1175,-1.1947775230557054,-2.1351220485092073,-1.927693324890704,0.9310777505756752,1.2106362087332139,0.9083763179025022,1468.75
1176,-1.1947775286755384,-2.1351220269849764,-1.9276933233584423,0.9310777275031905,1.2106362141793692,0.9549092035603162,1470.0
1177,-1.1947775330876595,-2.135122010086341,-1.9276933221554664,0.9310777093890239,1.210636218455136,0.9914420892181275,1471.25
1178,-1.1947775362920683,-2.1351219978133016,-1.927693321281776,0.9310776962331753,1.2106362215605144,1.0179749748759503,1472.5
1179,-1.194777538288765,-2.135121990165857,-1.9276933207373719,0.9310776880356447,1.2106362234955041,1.034507860533799,1473.75
1180,-1.1953655659811637,-2.1363098811376577,-1.9253542436412028,0.9299262301963306,1.211222742946042,1.0425141485715796,1475.0
1181,-1.1968134396454384,-2.1392347850531306,-1.9195948321259788,0.927091052629385,1.2126669028709451,1.0416157585678034,1476.25
1182,-1.1971751284695198,-2.1399654516304953,-1.918156088101211,0.9263828029597422,1.213027663311396,1.0322683668934043,1477.5
1183,-1.1971751261019683,-2.1399654576699048,-1.918156090890273,0.9263828017955756,1.2130276595790201,1.0139447294560298,1478.75
1184,-1.1971751224423417,-2.139965467005281,-1.9181560952014467,0.9263827999960729,1.2130276538097249,0.9856210920186795,1480.0
1185,-1.19717511749064,-2.1399654796366234,-1.9181561010347319,0.9263827975612342,1.213027646003511,0.9472974545813393,1481.25
1186,-1.1971751112251965,-2.139965495574236,-1.9181561083781065,0.9263827945242824,1.213027635969156,0.8989738173975788,1482.5
1187,-1.1971751028805349,-2.1399655151821446,-1.9181561168068249,0.9263827920589562,1.2130276169509289,0.8406501884470541,1483.75
1188,-1.1971750931051215,-2.1399655381519684,-1.9181561266807066,0.9263827891709324,1.2130275946718916,0.7723265594964973,1485.0
1189,-1.1971750915447177,-2.1399655726189484,-1.9181561325443757,0.9263828221450908,1.213027589535351,0.6940029436519387,1486.25
1190,-1.1971750922766233,-2.139965613595633,-1.9181561377401575,0.9263828687349552,1.2130275890229396,0.6056793322640913,1487.5
1191,-1.1971750931050011,-2.139965659296937,-1.9181561434462415,0.9263829209666126,1.2130275885734545,0.5073557324718497,1488.75
1192,-1.1971751036656861,-2.1399657069605733,-1.9181561515761518,0.9263829769371696,1.2130275989660255,0.39903214049235086,1490.0
1193,-1.197175120279368,-2.1399657576101547,-1.918156161427567,0.9263830372436646,1.2130276160549243,0.28070855636824,1491.25
1194,-1.1971751423408294,-2.139965810173663,-1.918156172666618,0.9263831007717318,1.2130276386131142,0.15238497979681162,1492.5
1195,-1.1971751781370947,-2.1399658598024387,-1.9181561864274168,0.926383163690791,1.2130276748594697,0.014061408091759073,1493.75
1196,-1.1971752199511578,-2.139965909563195,-1.9181562014654354,0.9263832279561532,1.2130277171293198,-0.13426216179292927,1495.0
1197,-1.1971752763512205,-2.139965950823454,-1.9181562184857217,0.9263832855701746,1.2130277739248987,-0.29258572489395784,1496.25
1198,-1.197175340723994,-2.1399659853214454,-1.9181562363227769,0.926383337169084,1.2130278386437807,-0.4589808392700574,1497.5
1199,-1.197175408500446,-2.1399660078662555,-1.9181562533645473,0.9263833760075046,1.213027906669458,-0.6185215860737334,1498.75
1200,-1.1971754753707,-2.139966016211286,-1.9181562684247926,0.9263833987016903,1.213027973669348,-0.768062332877479,1500.0
1201,-1.1971755394191668,-2.139966017685641,-1.9181562820270235,0.9263834131098876,1.2130280377874534,-0.9076030796812986,1501.25
1202,-1.197175598632814,-2.139966008357801,-1.9181562932535057,0.9263834144114163,1.2130280969760538,-1.0371438264851296,1502.5
1203,-1.1971756531412474,-2.1399659938891693,-1.9181563028457305,0.9263834089968004,1.2130281514122283,-1.1566845732890332,1503.75
1204,-1.1971757021005407,-2.1399659776150424,-1.9181563110477617,0.9263834004476731,1.2130282002791941,-1.266225320092948,1505.0
1205,-1.1971757435123,-2.1399659534435163,-1.9181563166723394,0.9263833815174992,1.2130282415258111,-1.3657660668969076,1506.25
1206,-1.197175780763779,-2.139965931700297,-1.9181563217318587,0.9263833644890735,1.2130282786287379,-1.4553068137008838,1507.5
1207,-1.1971758132816317,-2.139965911590476,-1.9181563260059267,0.9263833483545999,1.2130283110074664,-1.5348475605048861,1508.75
1208,-1.1971758370903052,-2.139965887602186,-1.9181563279663134,0.9263833261260248,1.2130283346367814,-1.6043883073088792,1510.0
1209,-1.1971758574752773,-2.1399658670634265,-1.9181563296447952,0.9263833070939319,1.2130283548681866,-1.6639290541128693,1511.25
1210,-1.1971758744365493,-2.1399658499741983,-1.9181563310413694,0.926383291258319,1.2130283717016839,-1.7134698009167866,1512.5
1211,-1.19717588797412,-2.1399658363344995,-1.9181563321560386,0.9263832786191881,1.2130283851372716,-1.7530105477206996,1513.75
1212,-1.1971758980879892,-2.1399658261443313,-1.9181563329888043,0.9263832691765399,1.2130283951749499,-1.782551294524639,1515.0
1213,-1.1971759047781574,-2.1399658194036926,-1.9181563335396659,0.9263832629303742,1.2130284018147188,-1.8020920413285608,1516.25
1214,-1.197175908044624,-2.1399658161125834,-1.9181563338086234,0.9263832598806913,1.2130284050565783,-1.8116327881325083,1517.5
1215,-1.19717590839758,-2.1399658157569648,-1.9181563338376852,0.9263832595511597,1.2130284054068752,-1.8126637072093759,1518.06759335
