,shoulder_pan_joint,shoulder_lift_joint,elbow_joint,wrist_1_joint,wrist_2_joint,wrist_3_joint,time_from_start
0,-1.1851046721087855,-1.831984821950094,-1.8514788786517542,-2.591558281575338,-1.1977623144732874,3.5863037109375,0.0
1,-1.1849344930999106,-1.831547523594751,-1.8520580264303719,-2.5914135255945103,-1.1975924510166585,3.5913037109375,1.25
2,-1.1844239560732863,-1.8302356285287222,-1.8537954697662253,-2.5909792576520263,-1.1970828606467723,3.6063037109374996,2.5
3,-1.1835730610289126,-1.8280491367520075,-1.8566912086593141,-2.5902554777478866,-1.1962335433636286,3.6313037109375,3.75
4,-1.182381784389328,-1.8249880408542793,-1.8607452195222578,-2.5892422166450118,-1.1950444743092987,3.6663037101693994,5.0
5,-1.1808449906160945,-1.8210551167378544,-1.8659437931341074,-2.587950370382103,-1.1935101297175095,3.7112462885652913,6.25
6,-1.179345941148803,-1.8172459449412735,-1.8709616610636957,-2.58671620663565,-1.192012792978609,3.754730872034309,7.5
7,-1.1781835055443324,-1.8143101835778612,-1.8748175062555603,-2.585776430993519,-1.190851235892822,3.788215457429385,8.75
8,-1.1773640116728217,-1.8122498373275704,-1.8775176282974826,-2.5851228022527124,-1.1900321295967302,3.8117000442044136,10.0
9,-1.1768883717138148,-1.8110571245133709,-1.8790786934730186,-2.584746419414875,-1.189556636732593,3.8251866950019053,11.25
10,-1.175556433757295,-1.8077179567824344,-1.8834486338523462,-2.58369316146465,-1.1882250912990875,3.829414923014027,12.5
11,-1.174436299333711,-1.8049097829458975,-1.887123673377226,-2.5828073860716376,-1.187105287022825,3.823942759351775,13.75
12,-1.1744362967871926,-1.8049097804123755,-1.887123686247259,-2.5828073757003054,-1.1871052845418444,3.810324992937815,15.0
13,-1.174436297241047,-1.804909788228406,-1.8871236925890564,-2.5828073615643055,-1.1871052851079273,3.7867072357284375,16.25
14,-1.1744362978870677,-1.804909799353824,-1.887123701616036,-2.5828073414429786,-1.187105285913696,3.75308947851906,17.5
15,-1.1744362987254593,-1.804909813788492,-1.887123713328565,-2.5828073153349482,-1.1871052869608842,3.7094717484265205,18.75
16,-1.1744362997560678,-1.804909831532516,-1.887123727726368,-2.582807283241249,-1.1871052882481834,3.655854018688235,20.0
17,-1.1744363032364542,-1.804909851518243,-1.8871237454726348,-2.582807245602864,-1.1871052920298728,3.5922362938334964,21.25
18,-1.1744363141512941,-1.8049098713883036,-1.8871237680316932,-2.5828072033934375,-1.1871053032834267,3.518618582683356,22.5
19,-1.1744363265487747,-1.8049098939574568,-1.8871237936550866,-2.582807155450473,-1.1871053160656544,3.4350008749126593,23.75
20,-1.174436340428899,-1.8049099192257079,-1.8871238223428,-2.5828071017740255,-1.1871053303765815,3.341383172922967,25.0
21,-1.1744363666732807,-1.804909942455589,-1.8871238528967642,-2.582807048448502,-1.1871053570455476,3.237765475797249,26.25
22,-1.174436397833928,-1.8049099668896855,-1.8871238861370179,-2.5828069913093294,-1.1871053886603107,3.1241477850139256,27.5
23,-1.1744364356807813,-1.8049099907277621,-1.8871239208750767,-2.5828069333663977,-1.1871054269662218,3.000530102348768,28.75
24,-1.174436486193029,-1.8049100098055468,-1.8871239549461427,-2.5828068810259777,-1.187105477889371,2.8669124263088497,30.0
25,-1.1744365426535461,-1.8049100278263115,-1.887123989841342,-2.5828068290041406,-1.1871055347568444,2.7232947525565074,31.25
26,-1.174436611953396,-1.8049100368784652,-1.8871240200623696,-2.5828067907908263,-1.187105604349207,2.569699984843729,32.5
27,-1.17443668267232,-1.8049100414188106,-1.8871240463693861,-2.5828067610115215,-1.187105675292226,2.4170394224793372,33.75
28,-1.1744367522598989,-1.8049100371842277,-1.8871240638577058,-2.5828067487837227,-1.1871057449624625,2.2743788601149477,35.0
29,-1.1744368168528172,-1.804910029796838,-1.8871240767549768,-2.5828067442161995,-1.187105809577348,2.1417182977505607,36.25
30,-1.174436876326596,-1.8049100155809172,-1.8871240814754893,-2.582806754557954,-1.1871058689539087,2.0190577353861823,37.5
31,-1.1744369309517304,-1.8049100025239664,-1.887124085811151,-2.5828067640565915,-1.1871059234897512,1.9063971730218106,38.75
32,-1.1744369768291147,-1.8049099835278448,-1.8871240817032997,-2.5828067877903265,-1.1871059691649375,1.8037366106574417,40.0
33,-1.1744370178466221,-1.8049099656702445,-1.8871240771873912,-2.5828068107243727,-1.1871060099878248,1.7110760482930731,41.25
34,-1.1744370544374891,-1.8049099497398529,-1.887124073158839,-2.5828068311833587,-1.187106046405075,1.628415485928706,42.5
35,-1.174437082325736,-1.8049099323837594,-1.8871240650563326,-2.582806857008075,-1.1871060740783954,1.55575492356434,43.75
36,-1.1744371051718603,-1.8049099164722562,-1.8871240567846344,-2.582806881486327,-1.1871060967216276,1.4930943611999714,45.0
37,-1.174437124371972,-1.804909903100072,-1.8871240498330148,-2.582806902058096,-1.1871061157512268,1.4404337988356013,46.25
38,-1.1744371399260705,-1.8049098922672053,-1.8871240442014745,-2.5828069187233806,-1.1871061311671927,1.39777323647123,47.5
39,-1.1744371518341556,-1.8049098839736553,-1.8871240398900153,-2.58280693148218,-1.1871061429695244,1.3651126741068598,48.75
40,-1.1744371600962271,-1.8049098782194215,-1.887124036898637,-2.582806940334495,-1.1871061511582222,1.3424521117424888,50.0
41,-1.1744646819537494,-1.8049787403563555,-1.8870341314437309,-2.58282818480013,-1.187133634724416,1.329708752670367,51.25
42,-1.1758169820978848,-1.8083630404228668,-1.8826159240918054,-2.583871974306143,-1.1884840551024731,1.3249196400012837,52.5
43,-1.1771262547943486,-1.8116396698297474,-1.87833828498623,-2.58488255396726,-1.189791509351991,1.3299526992924326,53.75
44,-1.1771428350111846,-1.811681178152688,-1.8782841008537805,-2.5848953565651644,-1.1898080703759941,1.3429464304610912,55.0
45,-1.1771428276413822,-1.8116811847640066,-1.8782841010514653,-2.58489535963412,-1.1898080698218267,1.3658888913444007,56.25
46,-1.177142817059282,-1.8116811942570203,-1.8782841013353155,-2.584895364040751,-1.1898080690261126,1.3988313522277123,57.5
47,-1.1771428032648834,-1.8116812066317292,-1.878284101705331,-2.5848953697850563,-1.189808067988852,1.441773813111023,58.75
48,-1.1771427865590585,-1.8116812216741098,-1.878284102789261,-2.584895374531944,-1.18980806927464,1.494716271031772,60.0
49,-1.1771427670411985,-1.8116812393134603,-1.8782841047944798,-2.584895377510025,-1.1898080737306824,1.5576587258842767,61.25
50,-1.1771427418493494,-1.8116812579404262,-1.8782841075403192,-2.584895374744871,-1.189808068977497,1.6306011764210624,62.5
51,-1.1771427055091246,-1.811681273693829,-1.8782841119246965,-2.5848953530107788,-1.1898080339157024,1.7135436149511443,63.75
52,-1.1771426647675152,-1.8116812913349079,-1.878284116880458,-2.58489532846795,-1.189807994460744,1.8064860467598622,65.0
53,-1.1771426190476588,-1.8116813098686073,-1.8782841211803731,-2.584895303546984,-1.1898079498802063,1.9094284718199868,66.25
54,-1.1771425646193776,-1.8116813228529904,-1.8782841168604696,-2.5848952940553187,-1.18980789548463,2.0223708866644037,67.5
55,-1.1771425053707618,-1.811681336988334,-1.8782841121540843,-2.5848952837385855,-1.1898078362623323,2.145313293279403,68.75
56,-1.177142441029948,-1.811681344003119,-1.8782840989585006,-2.5848952889688737,-1.189807771871554,2.2782556942133825,70.0
57,-1.1771423717388896,-1.8116813481936092,-1.8782840814850843,-2.5848953012330487,-1.1898077024960418,2.4211980933405792,71.25
58,-1.1771423014858602,-1.8116813432693355,-1.8782840548887123,-2.584895331692385,-1.1898076320125148,2.5741404877129446,72.5
59,-1.177142228425975,-1.8116813336972672,-1.878284022920655,-2.5848953721149206,-1.1898075586425365,2.7370828756549574,73.75
60,-1.1771421653880825,-1.8116813116159742,-1.8782839819551342,-2.58489543415793,-1.1898074951169137,2.901815393154153,75.0
61,-1.1771421090938732,-1.811681288322949,-1.8782839419117234,-2.584895496587736,-1.189807438330235,3.0566361141694562,76.25
62,-1.1771420696220454,-1.8116812573549812,-1.8782838996643199,-2.5848955691256084,-1.1898073982800859,3.201456835184759,77.5
63,-1.1771420343997383,-1.8116812278624461,-1.878283860165779,-2.584895637506816,-1.1898073625121277,3.3362775562000655,78.75
64,-1.1771420160078536,-1.8116811943724704,-1.8782838220263005,-2.5848957087661506,-1.189807343547302,3.4610982772153736,80.0
65,-1.1771419990894336,-1.8116811635655485,-1.8782837869423559,-2.5848957743165504,-1.189807326101842,3.575918998230679,81.25
66,-1.1771419933865075,-1.811681133116641,-1.878283755689805,-2.584895835845937,-1.1898073199018047,3.6807397192459868,82.5
67,-1.177141992419418,-1.811681104572183,-1.8782837277526085,-2.5848958922316334,-1.1898073184781564,3.7755604402612977,83.75
68,-1.1771419915543202,-1.8116810790380902,-1.878283702761725,-2.5848959426707716,-1.189807317204649,3.860381161276608,85.0
69,-1.1771419962957388,-1.8116810561814984,-1.8782836821051974,-2.584895986189369,-1.1898073215923999,3.9352018822919206,86.25
70,-1.1771420045781678,-1.8116810361273084,-1.8782836652621808,-2.5848960231529,-1.1898073295734288,4.000022603307233,87.5
71,-1.1771420115828528,-1.8116810191669126,-1.8782836510175631,-2.5848960544140063,-1.1898073363232113,4.054843324322546,88.75
72,-1.177142017309794,-1.8116810053003123,-1.8782836393713438,-2.5848960799726868,-1.1898073418417476,4.099664045337854,90.0
73,-1.177142021758991,-1.8116809945275039,-1.878283630323525,-2.5848960998289425,-1.189807346129037,4.1344847663531645,91.25
74,-1.1771420249304438,-1.811680986848488,-1.878283623874107,-2.584896113982773,-1.18980734918508,4.159305487368474,92.5
75,-1.1771420268241528,-1.8116809822632647,-1.8782836200230897,-2.5848961224341784,-1.1898073510098763,4.174126208383786,93.75
76,-1.1781253564402265,-1.8141721268035296,-1.87501178984414,-2.58568394398194,-1.190789228819375,4.1806863518994835,95.0
77,-1.1796516511174067,-1.818038814446901,-1.8699333514857404,-2.586906771881466,-1.1923132713404199,4.177726577589442,96.25
78,-1.1798098313894172,-1.818439551151668,-1.8694070376539207,-2.58703350059337,-1.1924712225023253,4.166549877864079,97.5
79,-1.1798098298693158,-1.818439558042804,-1.8694070411664083,-2.587033497025738,-1.1924712291984603,4.14580825031741,98.75
80,-1.1798098276163398,-1.8184395682563101,-1.8694070463723444,-2.5870334917380706,-1.1924712391229513,4.11506662277074,100.0
81,-1.1798098246304891,-1.8184395817921861,-1.8694070532717286,-2.587033484730368,-1.1924712522757979,4.074324995224074,101.25
82,-1.1798098207807526,-1.818439598782388,-1.8694070614638754,-2.5870334775333594,-1.1924712675273386,4.023583370987035,102.5
83,-1.1798098157802528,-1.8184396195158614,-1.8694070700713972,-2.587033473498902,-1.1924712824039383,3.9628417556668865,103.75
84,-1.1798098102453294,-1.8184396435332955,-1.8694070805657834,-2.5870334671815227,-1.1924712989523718,3.8921001410691254,105.0
85,-1.1798098109291244,-1.8184396678083896,-1.8694071039317657,-2.5870334207321672,-1.1924712989971207,3.8113585420606935,106.25
86,-1.1798098116861675,-1.8184396950826751,-1.8694071302183286,-2.5870333684135822,-1.1924712989521273,3.7206169471313144,107.5
87,-1.1798098125031695,-1.8184397253476428,-1.8694071594564399,-2.5870333100905682,-1.1924712987067103,3.6198753601038027,108.75
88,-1.1798098273044224,-1.8184397552219056,-1.8694071930672906,-2.587033246965169,-1.1924713138204885,3.509133783676698,110.0
89,-1.1798098449802885,-1.8184397874177582,-1.8694072298780544,-2.587033178240137,-1.1924713320096292,3.3883922144713825,111.25
90,-1.1798098723898471,-1.8184398186900523,-1.8694072688107073,-2.587033108490976,-1.1924713599615264,3.2576506517089063,112.5
91,-1.179809910513427,-1.8184398486134146,-1.8694073097538155,-2.5870330382769398,-1.192471398649679,3.116909092054833,113.75
92,-1.1798099587569117,-1.818439875506216,-1.8694073509039324,-2.5870329710299145,-1.1924714474299907,2.966167535703379,115.0
93,-1.1798100187717515,-1.8184398982193146,-1.8694073916590548,-2.5870329085222394,-1.192471507938535,2.805425986037175,116.25
94,-1.1798100889619447,-1.8184399122880714,-1.8694074271851706,-2.587032860015218,-1.1924715785061295,2.6393902031787952,117.5
95,-1.1798101589313772,-1.818439921480565,-1.8694074579053304,-2.5870328211732416,-1.1924716487744358,2.482368370716814,118.75
96,-1.1798102292129777,-1.8184399185430848,-1.869407476938635,-2.5870328061183545,-1.192471719161473,2.3353465382548406,120.0
97,-1.1798102952224037,-1.8184399145750458,-1.869407493640316,-2.5870327943589455,-1.1924717852505773,2.1983247057928823,121.25
98,-1.179810356095664,-1.8184399014972326,-1.8694074998925079,-2.5870328020562856,-1.1924718460465902,2.0713028733309407,122.5
99,-1.1798104121323048,-1.818439888143282,-1.8694075043702116,-2.5870328117312598,-1.1924719019910728,1.9542810408690154,123.75
100,-1.179810461345392,-1.8184398722243604,-1.8694075042311047,-2.587032828478869,-1.192471951056153,1.8472592084071082,125.0
101,-1.179810503760857,-1.8184398537876945,-1.8694074995291468,-2.5870328521984485,-1.1924719932685743,1.7502373759452328,126.25
102,-1.1798105418045801,-1.8184398372512924,-1.8694074953118116,-2.587032873473262,-1.192472031130181,1.6632155434833729,127.5
103,-1.17981057360401,-1.8184398211453654,-1.8694074895680899,-2.5870328957519844,-1.1924720627408396,1.5861937110215163,128.75
104,-1.179810597736907,-1.8184398043535812,-1.8694074807705725,-2.5870329216539574,-1.1924720866573608,1.5191718785596584,130.0
105,-1.1798106182690524,-1.8184397900672178,-1.8694074732856893,-2.587032943691224,-1.192472107005415,1.462150046097799,131.25
106,-1.179810635200447,-1.8184397782862765,-1.8694074671134375,-2.587032961863785,-1.1924721237850027,1.4151282136359287,132.5
107,-1.1798106485310895,-1.8184397690107545,-1.8694074622538213,-2.5870329761716384,-1.192472136996123,1.378106381174061,133.75
108,-1.1798106582609806,-1.818439762240652,-1.8694074587068403,-2.587032986614785,-1.1924721466387758,1.351084548712196,135.0
109,-1.1798106643901198,-1.818439757975969,-1.8694074564724945,-2.5870329931932243,-1.1924721527129614,1.3340627162503287,136.25
110,-1.180431869619752,-1.82003286115568,-1.8673026329787936,-2.5875491904523473,-1.1930923859297513,1.3257763370404345,137.5
111,-1.1820332396230435,-1.8241396580149232,-1.8618767029096133,-2.588879865202213,-1.1946912507656886,1.326513689350349,138.75
112,-1.1824414825657277,-1.8251866285271288,-1.8604934413687686,-2.589219102464746,-1.1950988576479509,1.3359448759320234,140.0
113,-1.182441476672782,-1.8251866338040845,-1.8604934414927934,-2.5892191050448736,-1.19509885708134,1.3544477036692333,141.25
114,-1.182441467594947,-1.8251866419330123,-1.8604934416838481,-2.589219109019451,-1.1950988562084994,1.382950531406442,142.5
115,-1.1824414553322227,-1.8251866529139122,-1.8604934419419328,-2.589219114388479,-1.1950988550294293,1.4214533591436551,143.75
116,-1.1824414399100607,-1.8251866667290149,-1.860493442319261,-2.5892191209590205,-1.1950988537633522,1.4699561866319018,145.0
117,-1.1824414219247559,-1.8251866829620027,-1.860493444039114,-2.589219124210854,-1.1950988575463253,1.5284590086458083,146.25
118,-1.182441400865188,-1.8251867019697265,-1.860493446052945,-2.58921912801853,-1.1950988619759293,1.596961830659712,147.5
119,-1.1824413685862274,-1.8251867178902097,-1.8604934498630508,-2.58921911195605,-1.1950988357255719,1.6754646391720645,148.75
120,-1.1824413302855452,-1.825186734464569,-1.8604934545188045,-2.589219089029418,-1.195098798768162,1.7639674433213777,150.0
121,-1.18244128762586,-1.825186752892319,-1.8604934597713707,-2.5892190632033287,-1.1950987573719147,1.862470236767996,151.25
122,-1.1824412374222955,-1.8251867676571558,-1.8604934587130098,-2.5892190482216852,-1.1950987076213009,1.9709730222226365,152.5
123,-1.1824411810180508,-1.8251867810740119,-1.8604934542042395,-2.589219038459701,-1.195098651247654,2.0894757999549576,153.75
124,-1.182441119751664,-1.8251867925508332,-1.8604934462794738,-2.5892190339934844,-1.1950985899787512,2.217978570430282,155.0
125,-1.1824410534397962,-1.8251867965149744,-1.8604934294424762,-2.5892190458900233,-1.1950985235844633,2.356481336452386,156.25
126,-1.1824409836953331,-1.825186797484855,-1.860493408615024,-2.5892190647112425,-1.195098453702678,2.5049841007037035,157.5
127,-1.1824409135009695,-1.825186788239626,-1.860493377689687,-2.5892191038073697,-1.1950983832068152,2.663486858034175,158.75
128,-1.1824408453523712,-1.8251867722049053,-1.860493340784077,-2.5892191556846598,-1.1950983146519072,2.8298524532734453,160.0
129,-1.1824407862576765,-1.8251867498212255,-1.8604933005153652,-2.5892192173913386,-1.1950982550684188,2.989109324900172,161.25
130,-1.182440741050076,-1.825186721765816,-1.8604932590525234,-2.589219286155335,-1.1950982093110403,3.1383661965268885,162.5
131,-1.1824407035607516,-1.8251866923288054,-1.8604932186521779,-2.589219355349832,-1.1950981712665265,3.2776230681536,163.75
132,-1.1824406790060293,-1.8251866605571339,-1.8604931800135938,-2.5892194253038525,-1.1950981461472323,3.406879939780299,165.0
133,-1.182440661648835,-1.8251866289425305,-1.8604931437749608,-2.5892194928088017,-1.1950981282436701,3.526136811406995,166.25
134,-1.1824406492334871,-1.8251865991492626,-1.86049311085458,-2.5892195552531065,-1.195098115322018,3.635393683033686,167.5
135,-1.1824406482321705,-1.825186569637182,-1.860493081771419,-2.5892196137502834,-1.1950981138437824,3.7346505546603694,168.75
136,-1.182440647331735,-1.8251865430984098,-1.8604930556183432,-2.589219666353946,-1.195098112514478,3.823907426287055,170.0
137,-1.1824406476099398,-1.8251865194685197,-1.8604930326689961,-2.5892197128707948,-1.1950981124131734,3.903164297913736,171.25
138,-1.182440656349161,-1.8251864983122128,-1.860493014772345,-2.589219751994708,-1.1950981208311067,3.972421169540417,172.5
139,-1.1824406638265261,-1.8251864802106654,-1.8604929994597914,-2.58921978546952,-1.1950981280335746,4.031678041167101,173.75
140,-1.1824406700420353,-1.82518646516388,-1.8604929867313322,-2.58921981329523,-1.1950981340205773,4.080934912793794,175.0
141,-1.182440674995688,-1.8251864531718534,-1.8604929765869707,-2.5892198354718374,-1.1950981387921145,4.120191784420488,176.25
142,-1.1824406786874846,-1.8251864442345855,-1.8604929690267076,-2.589219851999343,-1.1950981423481861,4.149448656047178,177.5
143,-1.1824406811174248,-1.8251864383520762,-1.8604929640505425,-2.5892198628777465,-1.1950981446887923,4.168705527673868,178.75
144,-1.1827470564732105,-1.8259818225612308,-1.8594359126574393,-2.5894837229817487,-1.1954040129618853,4.178723769924021,180.0
145,-1.1843048245184749,-1.830025991412178,-1.8540613173630858,-2.59082529954035,-1.196959203190781,4.1802344197256565,181.25
146,-1.1850351632352998,-1.831922050369722,-1.8515415094089656,-2.591454278583715,-1.1976883362021553,4.1725550186619005,182.5
147,-1.1850351620429744,-1.831922055708561,-1.8515415121054368,-2.5914542759522927,-1.1976883413034667,4.156326227954442,183.75
148,-1.1850351601159514,-1.831922064337133,-1.851541516463444,-2.5914542716994178,-1.1976883495481496,4.130097437246985,185.0
149,-1.185035157454231,-1.8319220762554382,-1.8515415224829863,-2.5914542658250896,-1.1976883609362037,4.093868646539525,186.25
150,-1.185035154057813,-1.8319220914634762,-1.8515415301640645,-2.591454258329309,-1.197688375467629,4.047639855832066,187.5
151,-1.185035149505723,-1.8319221103776449,-1.8515415382401508,-2.591454254021479,-1.1976883894754433,3.9914110684373867,188.75
152,-1.1850351440418478,-1.831922132756709,-1.8515415474449937,-2.5914542501153264,-1.197688405084071,3.925182281767492,190.0
153,-1.1850351419578433,-1.8319221566184383,-1.8515415649309537,-2.5914542219502383,-1.197688412158942,3.8489535048514534,191.25
154,-1.1850351426791712,-1.8319221822219491,-1.8515415897564342,-2.5914541727602782,-1.1976884121880982,3.7627247346170205,192.5
155,-1.1850351434544528,-1.8319222107745834,-1.8515416175338442,-2.5914541175499854,-1.1976884119706965,3.6664959751525528,193.75
156,-1.1850351510485384,-1.8319222406508617,-1.8515416489218053,-2.591454057044586,-1.197688419168937,3.560267222355481,195.0
157,-1.1850351678561812,-1.8319222712711063,-1.8515416841655354,-2.591453991451171,-1.1976884364651041,3.4440384777628354,196.25
158,-1.1850351868760998,-1.831922304193422,-1.8515417223579809,-2.5914539206359146,-1.1976884560252956,3.317809741210914,197.5
159,-1.1850352233264945,-1.831922332822424,-1.8515417617757852,-2.591453853212138,-1.1976884930211433,3.1815810104771605,198.75
160,-1.1850352627640977,-1.8319223633365198,-1.851541803972521,-2.5914537811748417,-1.197688533041703,3.0353522800075248,200.0
161,-1.1850353203803614,-1.831922385176006,-1.8515418433708601,-2.591453720859276,-1.1976885911372297,2.8791235567228304,201.25
162,-1.1850353842911536,-1.8319224051191516,-1.8515418828837658,-2.5914536624142332,-1.197688655510361,2.7134464860512524,202.5
163,-1.1850354553884894,-1.8319224145045632,-1.8515419143163983,-2.5914536226849556,-1.1976887269150085,2.5519152036217827,203.75
164,-1.1850355244703157,-1.8319224175337616,-1.8515419388995267,-2.591453596113498,-1.1976887961969567,2.4003839211922653,205.0
165,-1.185035591816482,-1.831922413529366,-1.8515419560580075,-2.591453583954673,-1.1976888636257141,2.258852638762723,206.25
166,-1.1850356542491314,-1.8319224052403855,-1.851541967486865,-2.5914535817246436,-1.1976889260609216,2.1273213563331503,207.5
167,-1.1850357117313723,-1.8319223915805947,-1.8515419721118302,-2.591453591580316,-1.197688983448042,2.005790073903546,208.75
168,-1.1850357644108807,-1.8319223789119903,-1.8515419762034981,-2.591453600909096,-1.19768903603795,1.8942587914739109,210.0
169,-1.1850358082529284,-1.8319223598854872,-1.851541971309071,-2.591453625432017,-1.1976890796682516,1.79272750904425,211.25
170,-1.1850358477768945,-1.8319223427329416,-1.851541966896701,-2.591453647539632,-1.1976891190013268,1.70119622661458,212.5
171,-1.1850358829827785,-1.8319223274543526,-1.8515419629663896,-2.5914536672319404,-1.1976891540371752,1.6196649441848858,213.75
172,-1.185035909126291,-1.8319223103234075,-1.851541954387689,-2.591453693284382,-1.1976891799608724,1.5481336617551782,215.0
173,-1.1850359310099379,-1.8319222951121428,-1.8515419463540064,-2.591453716813832,-1.1976892016464267,1.486602379325456,216.25
174,-1.185035949337078,-1.8319222823729988,-1.8515419396259472,-2.591453736519301,-1.1976892198076676,1.435071096895724,217.5
175,-1.1850359641077104,-1.8319222721059742,-1.851541934203513,-2.5914537524007883,-1.1976892344445949,1.3935398144659876,218.75
176,-1.1850359753218354,-1.8319222643110682,-1.8515419300867055,-2.5914537644582936,-1.1976892455572081,1.3620085320362523,220.0
177,-1.1850359829794523,-1.8319222589882802,-1.8515419272755242,-2.591453772691817,-1.1976892531455077,1.3404772496065285,221.25
178,-1.185120549956127,-1.8321444994337246,-1.8512448566836792,-2.591529204060937,-1.1977736723299457,1.328686270234342,222.5
179,-1.1865140673851695,-1.835806862522929,-1.8463494342899593,-2.5927721701080717,-1.1991647549137032,1.3248869102329968,223.75
180,-1.1875949549012823,-1.838647599533825,-1.84255227000053,-2.5937362841240375,-1.200243755468297,1.3307813822149241,225.0
181,-1.1875949646415596,-1.8386476406118855,-1.842552220412377,-2.593736298742867,-1.2002437690664929,1.3446996149455426,226.25
182,-1.1875949570889455,-1.8386476473631608,-1.8425522205307359,-2.593736302198279,-1.200243768186072,1.3686177981231928,227.5
183,-1.1875949463786442,-1.83864765693709,-1.8425522206985792,-2.5937363070983706,-1.2002437669375539,1.4025359813008524,228.75
184,-1.1875949325106556,-1.8386476693336733,-1.8425522209159075,-2.593736313443142,-1.200243765320939,1.4464541644785094,230.0
185,-1.1875949158446062,-1.8386476843060358,-1.8425522219090933,-2.5937363185665743,-1.2002437664660632,1.5003723402667442,231.25
186,-1.1875948963627052,-1.838647701866391,-1.8425522236422045,-2.5937363226005488,-1.2002437702181024,1.5642905108355891,232.5
187,-1.1875948704230623,-1.8386477196715765,-1.8425522263432104,-2.5937363184121236,-1.2002437614730375,1.6382086754039293,233.75
188,-1.187594834554513,-1.8386477351740684,-1.8425522307214002,-2.593736296988445,-1.2002437269112816,1.7221268294386392,235.0
189,-1.1875947943897893,-1.8386477525095657,-1.8425522356734034,-2.593736272786218,-1.2002436880451681,1.8160449754074237,236.25
190,-1.1875947489208714,-1.838647769934434,-1.8425522390048839,-2.5937362501484116,-1.2002436436200687,1.9199631145685647,237.5
191,-1.1875946953611436,-1.8386477826393488,-1.8425522346956036,-2.5937362409338123,-1.2002435900947763,2.0338812446507126,238.75
192,-1.1875946370984558,-1.838647796460948,-1.84255223000372,-2.5937362309267282,-1.2002435318589146,2.1577993654985157,240.0
193,-1.1875945738292633,-1.838647802197321,-1.8425522157864807,-2.593736238471242,-1.2002434685289087,2.2917174809228955,241.25
194,-1.1875945057648736,-1.838647806224655,-1.8425521983826687,-2.5937362508443833,-1.2002434003788798,2.435635595192742,242.5
195,-1.1875944373115193,-1.8386478000280846,-1.8425521708181583,-2.5937362835654345,-1.200243331674137,2.5895537041169456,243.75
196,-1.187594365650889,-1.8386477904885654,-1.8425521389648474,-2.5937363238602424,-1.2002432597010706,2.7534716467616787,245.0
197,-1.187594305596228,-1.8386477677109982,-1.8425520977538545,-2.593736386887509,-1.200243199144153,2.917309755926132,246.25
198,-1.1875942525015502,-1.838647744034933,-1.8425520578444496,-2.5937364496132673,-1.2002431455479086,3.071147865090614,247.5
199,-1.1875942142494536,-1.838647713984153,-1.8425520163325473,-2.5937365205204856,-1.2002431067232437,3.2149859742552263,248.75
200,-1.187594181688794,-1.8386476847077908,-1.8425519773669554,-2.5937365881942327,-1.200243073615113,3.3488240834198653,250.0
201,-1.1875941638829228,-1.8386476522756714,-1.8425519399322616,-2.5937366577047096,-1.2002430552428962,3.4726621925845205,251.25
202,-1.187594147514886,-1.8386476224624713,-1.8425519055204347,-2.5937367216021747,-1.2002430383542466,3.586500301749184,252.5
203,-1.1875941433874062,-1.8386475927045427,-1.8425518750037426,-2.5937367817324253,-1.2002430337339551,3.6903384109138515,253.75
204,-1.1875941424509164,-1.8386475651494796,-1.84255184765148,-2.593736836549215,-1.2002430323474769,3.7841765200785327,255.0
205,-1.1875941416142253,-1.838647540530867,-1.8425518232140492,-2.593736885524371,-1.2002430311087504,3.8680146292432065,256.25
206,-1.1875941471569855,-1.8386475184771784,-1.842551803297066,-2.593736927516675,-1.200243036305192,3.9418527384078894,257.5
207,-1.1875941551132747,-1.838647499223049,-1.8425517868865042,-2.5937369632468634,-1.2002430439659757,4.005690847572572,258.75
208,-1.187594161823241,-1.8386474829850081,-1.8425517730465937,-2.5937369933800527,-1.2002430504267263,4.059528956737246,260.0
209,-1.1875941672868846,-1.838647469763056,-1.8425517617773344,-2.5937370179162422,-1.2002430556874444,4.10336706590191,261.25
210,-1.1875941715042053,-1.83864745955719,-1.8425517530787288,-2.5937370368554316,-1.2002430597481295,4.1372051750665815,262.5
211,-1.1875941744752032,-1.8386474523674106,-1.8425517469507766,-2.5937370501976207,-1.2002430626087812,4.161043284231254,263.75
212,-1.187594331637039,-1.8386478617479234,-1.8425511874377425,-2.593737201441948,-1.200243219420298,4.17488139335562,265.0
213,-1.1886703351728725,-1.8415106598797035,-1.83870262146885,-2.5947305673956356,-1.201317241297135,4.1807254491424715,266.25
214,-1.1900384442406806,-1.8451506361200432,-1.833809273311108,-2.5959936014242198,-1.2026828322555632,4.176867929182546,267.5
215,-1.190118270994721,-1.845363028372582,-1.8335237539039553,-2.596067296246976,-1.2027625164833753,4.1650427537026635,268.75
216,-1.1901182694063257,-1.845363035399595,-1.8335237574242083,-2.5960672929459414,-1.202762523085608,4.143468860249057,270.0
217,-1.1901182670816721,-1.8453630456837913,-1.8335237625761798,-2.5960672881148006,-1.2027625327481288,4.111894966795447,271.25
218,-1.1901182640207604,-1.845363059225171,-1.83352376935987,-2.5960672817535535,-1.2027625454709374,4.070321073341845,272.5
219,-1.1901182600503364,-1.8453630761923865,-1.8335237772616741,-2.5960672758006,-1.2027625597295208,4.01874718070298,273.75
220,-1.1901182549621099,-1.8453630967881938,-1.833523785664123,-2.5960672725863305,-1.2027625736910705,3.957173289571342,275.0
221,-1.1901182499180303,-1.845363120333694,-1.8335237968680695,-2.5960672639322793,-1.2027625877500767,3.885599400561858,276.25
222,-1.1901182505923542,-1.8453631442528406,-1.833523820239599,-2.596067217782858,-1.2027625877618382,3.8040255259544344,277.5
223,-1.1901182513360595,-1.8453631710946752,-1.8335238465105048,-2.596067165828675,-1.2027625876620918,3.712451656535749,278.75
224,-1.1901182521419178,-1.8453632008540186,-1.8335238756994539,-2.5960671079895263,-1.202762587389373,3.610877794155102,280.0
225,-1.190118267906362,-1.8453632299332239,-1.8335239093415787,-2.5960670455362234,-1.2027626036014127,3.4993039433692843,281.25
226,-1.190118285276475,-1.8453632615714102,-1.8335239460217387,-2.5960669774902887,-1.2027626214903782,3.3777300996747806,282.5
227,-1.190118313527205,-1.8453632917218656,-1.8335239846435347,-2.5960669091886945,-1.2027626502832813,3.2461562622068376,283.75
228,-1.190118350949875,-1.8453633211241167,-1.8335240254005085,-2.5960668396691315,-1.2027626882721427,3.1045824273318807,285.0
229,-1.1901183995521984,-1.8453633466760777,-1.8335240658795462,-2.596066774435423,-1.2027627374008971,2.9530085962388872,286.25
230,-1.1901184584181619,-1.8453633690137399,-1.8335241064194594,-2.5960667125004346,-1.2027627967619372,2.791434771695612,287.5
231,-1.1901185277205648,-1.8453633816754238,-1.8335241407056881,-2.596066666624473,-1.2027628664242966,2.6257829949916767,288.75
232,-1.1901185956305602,-1.8453633906743507,-1.8335241709434564,-2.5960666284287544,-1.202762934631307,2.4696001383894086,290.0
233,-1.1901186642608361,-1.8453633868344395,-1.8335241887527547,-2.5960666154757046,-1.2027630033503744,2.323417281787136,291.25
234,-1.190118728275922,-1.8453633830645546,-1.8335242051789058,-2.596066603766911,-1.2027630674452054,2.1872344251848532,292.5
235,-1.1901187872497447,-1.8453633695610274,-1.8335242104244982,-2.5960666128700343,-1.2027631263285699,2.061051568582556,293.75
236,-1.1901188415351667,-1.8453633566949066,-1.8335242148231763,-2.5960666221142707,-1.2027631805235972,1.9448687119802421,295.0
237,-1.1901188888176715,-1.8453633406918004,-1.8335242139263235,-2.5960666396775833,-1.2027632276489775,1.838685855377927,296.25
238,-1.1901189298456263,-1.8453633229146598,-1.8335242093128568,-2.5960666626330626,-1.2027632684770044,1.7425029987756129,297.5
239,-1.1901189666079626,-1.8453633069857882,-1.8335242051790395,-2.596066683201893,-1.2027633050601991,1.6563201421732905,298.75
240,-1.1901189968296348,-1.8453632911177102,-1.8335241990471556,-2.5960667056102964,-1.202763335089281,1.5801372855709672,300.0
241,-1.1901190200813376,-1.845363274973126,-1.8335241904496535,-2.5960667306557683,-1.2027633581284842,1.5139544289686402,301.25
242,-1.1901190398197892,-1.845363261267933,-1.8335241831512035,-2.596066751916957,-1.2027633776865443,1.4577715723663163,302.5
243,-1.1901190560449895,-1.8453632500021322,-1.8335241771518034,-2.596066769393863,-1.2027633937634612,1.411588715764009,303.75
244,-1.190119068756938,-1.845363241175722,-1.8335241724514568,-2.596066783086484,-1.2027634063592343,1.3754058591617009,305.0
245,-1.1901190779556348,-1.8453632347887017,-1.8335241690501638,-2.596066792994821,-1.2027634154738633,1.3492230025593888,306.25
246,-1.19011908364108,-1.8453632308410717,-1.8335241669479239,-2.596066799118874,-1.2027634211073488,1.3330401459570793,307.5
247,-1.1908198572136663,-1.847250743944147,-1.8309723733626964,-2.596735995124194,-1.2034628364276743,1.325373242967039,308.75
248,-1.1923124887538685,-1.8512711243826063,-1.8255370914359133,-2.5981613674514557,-1.2049525755344526,1.3268750397486753,310.0
249,-1.1926090872577153,-1.8520700188330168,-1.824457043970522,-2.5984446052573027,-1.2052486018659267,1.3368524969074198,311.25
250,-1.1926090812485355,-1.8520700241954908,-1.82445704403445,-2.5984446081159005,-1.2052486010456955,1.3560468054891137,312.5
251,-1.1926090721086464,-1.8520700323517483,-1.8244570441316834,-2.598444612463793,-1.2052485997981335,1.3852411140708047,313.75
252,-1.1926090598380485,-1.8520700433017894,-1.8244570442622228,-2.598444618300981,-1.2052485981232413,1.4244354226524965,315.0
253,-1.1926090445028892,-1.8520700570008948,-1.8244570445577621,-2.598444625147409,-1.205248596602664,1.4736297294087717,316.25
254,-1.1926090266147138,-1.8520700731032385,-1.824457046036745,-2.5984446292906522,-1.205248599734483,1.5328240220457514,317.5
255,-1.1926090057045957,-1.8520700919258344,-1.8244570477655797,-2.5984446341338336,-1.205248603395376,1.6020183146827387,318.75
256,-1.1926089732650382,-1.8520701071049328,-1.8244570516484724,-2.598444616854866,-1.2052485750212445,1.6812125925417714,320.0
257,-1.1926089355971732,-1.8520701233542225,-1.824457056288255,-2.5984445943103838,-1.205248538703432,1.770406866284323,321.25
258,-1.1926088936792614,-1.8520701414067156,-1.8244570615154125,-2.5984445689496756,-1.205248498083492,1.8696011299781827,322.5
259,-1.192608844064548,-1.8520701553064107,-1.8244570597857432,-2.5984445556365996,-1.2052484488390958,1.9787953848557067,323.75
260,-1.192608788700524,-1.8520701684063425,-1.8244570552976032,-2.5984445461820878,-1.2052483935065053,2.0979896321233,325.0
261,-1.1926087285658789,-1.8520701788406297,-1.8244570466583692,-2.5984445434859778,-1.205248333362702,2.22718387230676,326.25
262,-1.1926086635300337,-1.8520701826544232,-1.8244570299088632,-2.598444555461218,-1.2052482682434469,2.366378108416967,327.5
263,-1.1926085955188515,-1.8520701826378705,-1.8244570084305078,-2.5984445759400367,-1.2052482000801312,2.515572342360789,328.75
264,-1.1926085267170463,-1.8520701735066005,-1.824456977684402,-2.5984446147622275,-1.2052481309757552,2.67476656950402,330.0
265,-1.1926084610073135,-1.852070156883498,-1.824456940500723,-2.598444667539555,-1.20524806484716,2.841132896841488,331.25
266,-1.1926084035879838,-1.8520701350866555,-1.8244569008135951,-2.5984447281040093,-1.2052480069422915,2.9996915267412643,332.5
267,-1.1926083607134517,-1.8520701070842938,-1.824456859575642,-2.5984447966256012,-1.2052479635125364,3.148250156641051,333.75
268,-1.1926083243085146,-1.852070078480107,-1.8244568197836541,-2.5984448643982807,-1.205247926556844,3.286808786540846,335.0
269,-1.1926083015633222,-1.852070047163883,-1.8244567816184238,-2.5984449334533473,-1.205247903246643,3.415367416440662,336.25
270,-1.1926082847206732,-1.8520700164941024,-1.8244567459554133,-2.598444999449905,-1.2052478858627025,3.533926046340481,337.5
271,-1.1926082736524404,-1.852069987380622,-1.8244567136545138,-2.598445060618782,-1.205247874291562,3.642484676240306,338.75
272,-1.192608272679254,-1.8520699588006975,-1.8244566850670978,-2.5984451176932417,-1.205247872846634,3.7410433061401367,340.0
273,-1.1926082718048094,-1.8520699331205674,-1.8244566593802256,-2.598445168976788,-1.2052478715483121,3.829601936039973,341.25
274,-1.1926082727595948,-1.852069910238759,-1.8244566370395592,-2.5984452141508645,-1.2052478721292565,3.9081605659398155,342.5
275,-1.1926082812000773,-1.8520698898236034,-1.824456619501822,-2.5984452521742076,-1.2052478802530366,3.9767191958396566,343.75
276,-1.1926082884094265,-1.852069872386214,-1.8244566045221486,-2.598445284651445,-1.2052478871918777,4.035277825739495,345.0
277,-1.1926082943876422,-1.852069857926593,-1.824456592100536,-2.5984453115825756,-1.2052478929457795,4.083836455639322,346.25
278,-1.1926082991347242,-1.852069846444738,-1.8244565822369885,-2.598445332967601,-1.2052478975147425,4.122395085539145,347.5
279,-1.1926083026506729,-1.8520698379406482,-1.8244565749315056,-2.59844534880652,-1.2052479008987664,4.150953715438975,348.75
280,-1.192608304935488,-1.8520698324143237,-1.8244565701840874,-2.598445359099333,-1.2052479030978511,4.169512345338803,350.0
281,-1.1929739446630783,-1.853066861795739,-1.8231011302035909,-2.598806317518584,-1.205612798014313,4.179003248836997,351.25
282,-1.1944615663603162,-1.8571233445410893,-1.8175864541103,-2.6002748770655932,-1.2070973898867239,4.179888232623561,352.5
283,-1.1950647961424756,-1.8587682505941587,-1.8153502549577154,-2.6008703762921836,-1.2076993939731788,4.171752887242024,353.75
284,-1.1950647949046678,-1.8587682560061338,-1.815350257649261,-2.600870373866954,-1.207699398972905,4.154970413760691,355.0
285,-1.1950647929292995,-1.8587682646428867,-1.8153502619445896,-2.6008703699966276,-1.2076994069517664,4.128187940279357,356.25
286,-1.1950647902163716,-1.8587682765044173,-1.815350267843702,-2.600870364681205,-1.2076994179097629,4.091405466798028,357.5
287,-1.195064786765884,-1.8587682915907262,-1.815350275346598,-2.600870357920685,-1.207699431846895,4.0446229933167,358.75
288,-1.195064782128164,-1.8587683103334087,-1.8153502831378896,-2.6008703546485448,-1.20769944476633,3.987840524393016,360.0
289,-1.195064776602907,-1.858768332444817,-1.8153502920942497,-2.6008703515767446,-1.2076994593318566,3.9210580561357524,361.25
290,-1.1950647748724315,-1.858768355754135,-1.8153503100740782,-2.6008703218537104,-1.2076994649874546,3.8442755986509143,362.5
291,-1.1950647755816075,-1.8587683808808728,-1.8153503348250448,-2.6008702731582654,-1.2076994649848045,3.7574931469734922,363.75
292,-1.1950647763431568,-1.8587684088807732,-1.815350362507707,-2.6008702185121684,-1.2076994647297385,3.660710706963753,365.0
293,-1.1950647845927702,-1.8587684379794776,-1.8153503938441116,-2.6008701587425227,-1.2076994726678116,3.553928273615785,366.25
294,-1.1950648010789047,-1.8587684679974077,-1.8153504289099722,-2.600870093920358,-1.2076994896464155,3.4371458483746857,367.5
295,-1.195064820604791,-1.8587684998820944,-1.815350466794397,-2.6008700244585623,-1.2076995097135386,3.310363431041084,368.75
296,-1.1950648563283315,-1.8587685279491224,-1.8153505059848902,-2.600869957811144,-1.2076995459831938,3.1735810192683904,370.0
297,-1.1950648958018546,-1.8587685572787562,-1.8153505476163243,-2.6008698875204423,-1.2076995860323099,3.0267986080395928,371.25
298,-1.1950649522375971,-1.8587685787077524,-1.8153505867668844,-2.600869827845046,-1.2076996429479516,2.8700162038918933,372.5
299,-1.1950650153560896,-1.8587685975167543,-1.8153506254296632,-2.600869771370412,-1.2076997065179333,2.704078112964783,373.75
300,-1.195065084508312,-1.8587686067066502,-1.8153506564459727,-2.6008697322254832,-1.207699775976173,2.5431071110164702,375.0
301,-1.1950651519761966,-1.8587686090108901,-1.8153506800885788,-2.600869707295932,-1.2076998436325719,2.392136109068134,376.25
302,-1.1950652174463818,-1.8587686051871688,-1.8153506970110427,-2.6008696951678703,-1.2076999091855867,2.2511651071197933,377.5
303,-1.195065278100857,-1.858768596604898,-1.815350707681925,-2.600869693964824,-1.2076999698335427,2.1201941051714357,378.75
304,-1.195065333944323,-1.8587685834019645,-1.8153507122397015,-2.6008697034108765,-1.2077000255834287,1.9992231032230703,380.0
305,-1.1950653848633044,-1.858768570729333,-1.8153507157657123,-2.60086971328604,-1.20770007640661,1.8882521012747004,381.25
306,-1.1950654274157397,-1.8587685523206612,-1.8153507109452252,-2.600869737102756,-1.207700118749829,1.787281099326314,382.5
307,-1.1950654657538538,-1.8587685357351562,-1.815350706602147,-2.6008697585607043,-1.2077001568994477,1.6963100973779226,383.75
308,-1.1950654998776462,-1.8587685209728166,-1.8153507027364804,-2.6008697776598857,-1.207700190855465,1.6153390954295312,385.0
309,-1.1950655248844495,-1.8587685041817141,-1.8153506939698252,-2.6008698035466766,-1.207700215640648,1.5443680934811344,386.25
310,-1.1950655460472102,-1.8587684895046972,-1.8153506860867945,-2.6008698263839083,-1.2077002366081409,1.4833970915327492,387.5
311,-1.1950655637390166,-1.8587684772348947,-1.8153506794966756,-2.600869845475552,-1.2077002541367061,1.4324260895843688,388.75
312,-1.195065577959868,-1.8587684673723053,-1.815350674199471,-2.600869860821607,-1.207700268226343,1.391455087635996,390.0
313,-1.1950655887097639,-1.858768459916928,-1.815350670195182,-2.6008698724220736,-1.2077002788770508,1.3604840856876157,391.25
314,-1.1950655959887047,-1.8587684548687629,-1.8153506674838082,-2.60086988027695,-1.2077002860888295,1.3395130837392384,392.5
315,-1.1951832941710574,-1.8590933635176388,-1.81490652606886,-2.6009899278298168,-1.2078177326224808,1.3281644384406528,393.75
316,-1.196540227770743,-1.8628393640687417,-1.8097859021539242,-2.6023739445995084,-1.2091717653340668,1.3248470306165259,395.0
317,-1.1974893327735405,-1.8654595079562581,-1.8062042800084728,-2.6033419957299273,-1.2101188429342422,1.3311088057637455,396.25
318,-1.1974893283235353,-1.8654595119208697,-1.806204280034696,-2.603341997922154,-1.210118842240218,1.3454453038239793,397.5
319,-1.1974893207695603,-1.8654595186508784,-1.8062042800792102,-2.6033420016435027,-1.2101188410620982,1.3697818018842134,398.75
320,-1.1974893101116155,-1.8654595281462845,-1.8062042801420153,-2.6033420068939743,-1.210118839399882,1.4041182999444444,400.0
321,-1.1974892963497012,-1.865459540407088,-1.8062042802231115,-2.603342013673568,-1.21011883725357,1.4484547980046796,401.25
322,-1.197489279864058,-1.8654595551797795,-1.8062042810694359,-2.6033420192785597,-1.210118838001035,1.5027912853589225,402.5
323,-1.197489260587226,-1.8654595725093344,-1.806204282548474,-2.603342024188616,-1.2101188410430082,1.5671277664075727,403.75
324,-1.1974892346494257,-1.8654595897397845,-1.8062042851480076,-2.603342019723587,-1.2101188305676636,1.6414642407204787,405.0
325,-1.1974891994652563,-1.8654596049009333,-1.806204289496343,-2.60334199873108,-1.2101187967051765,1.7258007051645246,406.25
326,-1.197489160087462,-1.865459621843931,-1.8062042944172603,-2.603341975006555,-1.2101187586395419,1.8201371608661987,407.5
327,-1.197489115342023,-1.8654596385405915,-1.806204297316925,-2.60334195364828,-1.2101187149024588,1.924473609715729,408.75
328,-1.1974890628700656,-1.8654596509262624,-1.8062042930342117,-2.6033419447377213,-1.2101186624664773,2.0388100499501496,410.0
329,-1.1974890058074334,-1.8654596643966292,-1.806204288372557,-2.6033419350641998,-1.2101186054316717,2.163146480530859,411.25
330,-1.1974889438408207,-1.865459669500335,-1.8062042737918824,-2.603341943621194,-1.210118543399267,2.2974829057268544,412.5
331,-1.1974888772080166,-1.8654596733780966,-1.806204256503838,-2.603341956045822,-1.2101184766799589,2.441819329985533,413.75
332,-1.1974888104269115,-1.865459666724782,-1.80620422866482,-2.6033419895192482,-1.2101184096384914,2.5961557486401867,415.0
333,-1.1974887407979682,-1.8654596567747241,-1.8062041966333187,-2.603342030429693,-1.2101183396883284,2.7604708496795274,416.25
334,-1.1974886823262456,-1.8654596345694947,-1.8062041559193744,-2.6033420924118946,-1.210118280716708,2.9238839764799582,417.5
335,-1.1974886312630844,-1.865459611068252,-1.8062041162647282,-2.603342154738419,-1.2101182291487276,3.0772971032803462,418.75
336,-1.1974885940311624,-1.8654595818194193,-1.8062040752679858,-2.6033422243465285,-1.2101181913475227,3.220710230080686,420.0
337,-1.1974885630000185,-1.8654595530518976,-1.8062040367200027,-2.6033422911188637,-1.2101181597689883,3.3541233568809545,421.25
338,-1.1974885456754791,-1.8654595215211456,-1.8062039997673043,-2.6033423592572404,-1.2101181418818807,3.47753648368114,422.5
339,-1.1974885297547238,-1.8654594925452948,-1.8062039658088267,-2.603342421874454,-1.2101181254441418,3.5909496104812586,423.75
340,-1.197488526322516,-1.8654594635066566,-1.8062039357526536,-2.6033424808392787,-1.2101181215218997,3.694362737281332,425.0
341,-1.1974885254097674,-1.865459436759446,-1.8062039087821038,-2.6033425344710333,-1.210118120162826,3.7877758640813495,426.25
342,-1.1974885245947295,-1.865459412875563,-1.8062038846987836,-2.6033425823614365,-1.2101181189492425,3.8711889908813215,427.5
343,-1.1974885303830023,-1.8654593914764472,-1.8062038651905166,-2.603342623297772,-1.2101181243950438,3.9446021176812653,428.75
344,-1.197488538095803,-1.8654593728343543,-1.8062038490434347,-2.603342658152217,-1.210118131815482,4.00801524448119,430.0
345,-1.1974885445923253,-1.8654593571320475,-1.8062038354426817,-2.6033426875102545,-1.2101181380657464,4.061428371281092,431.25
346,-1.1974885498725696,-1.8654593443695262,-1.806203824388259,-2.603342711371883,-1.210118143145837,4.104841498080983,432.5
347,-1.1974885539365359,-1.865459334546789,-1.8062038158801677,-2.6033427297371023,-1.2101181470557536,4.138254624880867,433.75
348,-1.1974885567842237,-1.8654593276638358,-1.8062038099184083,-2.603342742605914,-1.2101181497954967,4.161667751680775,435.0
349,-1.1974920134062152,-1.8654689801321547,-1.8061905348546587,-2.6033463889769406,-1.210121598612678,4.175092859897991,436.25
350,-1.198562902771636,-1.868462025726232,-1.8020769300964032,-2.6044743132118144,-1.2111900880030149,4.1806474733433605,437.5
351,-1.1998232017516528,-1.8719844615897057,-1.7972357447219938,-2.605801731897631,-1.2124475640808707,4.176452912771783,438.75
352,-1.1998800787727864,-1.8721434345986385,-1.7970172615753508,-2.6058616373187378,-1.2125043180201713,4.1643973018599,440.0
353,-1.1998800771582199,-1.8721434415774532,-1.797017265023782,-2.605861634333541,-1.2125043243593054,4.142537714272417,441.25
354,-1.1998800748050453,-1.8721434517488318,-1.79701727004975,-2.60586162998272,-1.2125043335983725,4.110678126684955,442.5
355,-1.199880071713263,-1.8721434651127753,-1.7970172766532553,-2.605861624266276,-1.2125043457373728,4.068818539097486,443.75
356,-1.1998800676960146,-1.8721434818464155,-1.797017284294261,-2.6058616191967725,-1.212504359098744,4.016958953458378,445.0
357,-1.199880062574063,-1.8721435021196617,-1.7970172924547554,-2.605861616704698,-1.2125043720733406,3.955099370989368,446.25
358,-1.1998800576986213,-1.8721435251753338,-1.7970173037325405,-2.6058616077051697,-1.2125043846632972,3.8832397911417673,447.5
359,-1.1998800583601494,-1.872143548576855,-1.7970173269807517,-2.6058615621414787,-1.2125043846478565,3.8013802252763575,448.75
360,-1.1998800590893057,-1.8721435748265878,-1.797017353106527,-2.605861510852877,-1.2125043845161019,3.709520665056401,450.0
361,-1.1998800601184056,-1.87214360386323,-1.7970173821495696,-2.6058614537961207,-1.2125043844882857,3.6076611118633237,451.25
362,-1.1998800757231842,-1.872143632258283,-1.7970174155876657,-2.605861392211475,-1.2125044005619745,3.495801570160766,452.5
363,-1.1998800927243307,-1.872143663190954,-1.7970174520175137,-2.6058613251124525,-1.2125044180845335,3.3739420357634393,453.75
364,-1.1998801208169927,-1.8721436924793782,-1.7970174903163683,-2.60586125799291,-1.2125044467189219,3.242082507564228,455.0
365,-1.1998801574278384,-1.8721437212336967,-1.7970175307808962,-2.6058611893995796,-1.2125044838955747,3.1002229818259988,456.25
366,-1.1998802053949422,-1.872143745936488,-1.7970175708037976,-2.6058611254598976,-1.2125045323847747,2.9483634600500865,457.5
367,-1.199880262967113,-1.8721437678007038,-1.797017611042457,-2.60586106428008,-1.2125045904518905,2.7865039845262256,458.75
368,-1.1998803293301252,-1.872143779605639,-1.7970176440048649,-2.605861020540619,-1.2125046571616125,2.624684344704659,460.0
369,-1.1998803937764895,-1.87214378818684,-1.7970176731276035,-2.6058609838271014,-1.2125047218965181,2.472864704871838,461.25
370,-1.1998804586583827,-1.8721437848945228,-1.797017690495468,-2.605860970716621,-1.212504786869625,2.3310450650390755,462.5
371,-1.1998805191508826,-1.8721437813860307,-1.797017706248694,-2.6058609593704865,-1.2125048474398374,2.1992254252063623,463.75
372,-1.1998805747663979,-1.8721437697169354,-1.797017712274136,-2.605860965817614,-1.212504902985776,2.0774057853737324,465.0
373,-1.199880625771399,-1.872143757685388,-1.7970177164679946,-2.605860974388597,-1.2125049539047574,1.9655861455411663,466.25
374,-1.1998806709401364,-1.8721437444103648,-1.7970177175573454,-2.6058609872166176,-1.2125049989535548,1.8637665057086585,467.5
375,-1.1998807091752572,-1.8721437278954285,-1.7970177131928597,-2.6058610086256087,-1.2125050369989976,1.7719468658761883,468.75
376,-1.1998807432462248,-1.8721437131791232,-1.7970177093037019,-2.6058610277029657,-1.2125050709009448,1.6901272260437623,470.0
377,-1.1998807731530374,-1.8721437002614465,-1.7970177058898757,-2.6058610444486874,-1.212505100659395,1.6183075862113692,471.25
378,-1.1998807949455643,-1.8721436860399225,-1.7970176985854964,-2.6058610662635098,-1.2125051222634986,1.5564879463789918,472.5
379,-1.1998808127175762,-1.8721436737298423,-1.7970176919152083,-2.6058610854775806,-1.2125051398699527,1.5046683065466397,473.75
380,-1.1998808270599983,-1.872143663795325,-1.7970176865321323,-2.605861100983777,-1.212505154078766,1.4628486667142917,475.0
381,-1.1998808379728305,-1.8721436562363716,-1.797017682436267,-2.6058611127820996,-1.2125051648899379,1.4310290268819528,476.25
382,-1.1998808454560725,-1.8721436510529803,-1.7970176796276145,-2.605861120872548,-1.212505172303469,1.4092093870495923,477.5
383,-1.1998808495097244,-1.8721436482451514,-1.797017678106175,-2.6058611252551223,-1.2125051763193584,1.3973897472172343,478.75
384,-1.1994391641194277,-1.87092442858722,-1.7987513351621163,-2.605343698428289,-1.212064862573251,1.3947314522505567,480.0
385,-1.1992458121117013,-1.8703907122976666,-1.7995102511010772,-2.605117190111557,-1.2118721110317021,1.400987583370028,481.25
386,-1.1991129249355863,-1.8700239130130316,-1.8000318254561474,-2.6049615155932897,-1.2117396365694855,1.416958541778149,482.5
387,-1.1988968322481175,-1.8694274473080972,-1.8008799765524135,-2.6047083675770075,-1.2115242150111514,1.442929500186264,483.75
388,-1.1985975340492954,-1.868601315182863,-1.8020547043898754,-2.604357746062712,-1.2112258463566998,1.4789004585943704,485.0
389,-1.1982118782275069,-1.8675450501568567,-1.8035520085328158,-2.6039140871031834,-1.210841360350541,1.5248715032053437,486.25
390,-1.1977406885391975,-1.8662587746228818,-1.8053729334694864,-2.603376231882488,-1.2103715854891273,1.5808425891721665,487.5
391,-1.1971853143688165,-1.864742688372935,-1.807519191550087,-2.6027422814706043,-1.2098178789238168,1.6468136751390134,488.75
392,-1.1965416196942913,-1.862996103827516,-1.8099857039835037,-2.6020179600662554,-1.2091760834112313,1.722784885116218,490.0
393,-1.1958121495948535,-1.8610194444740307,-1.8127755952041478,-2.6011997456973597,-1.2084487570877864,1.808756124774157,491.25
394,-1.1949927133912086,-1.8588119622228623,-1.8158838298646869,-2.600293379692046,-1.2076316864721246,1.904727506573686,492.5
395,-1.1940854596291315,-1.8563740262769133,-1.819313021079456,-2.599295901366587,-1.206727031755821,2.0106989543295746,493.75
396,-1.1930857372479062,-1.8537047542036893,-1.8230576964022742,-2.5982136186609224,-1.2057301173168768,2.126670585724695,495.0
397,-1.1919937559096325,-1.850804123675402,-1.8271182403860526,-2.5970461711991564,-1.204641154354798,2.2526423770697255,496.25
398,-1.1908083657237933,-1.8476718697745007,-1.8314934041074902,-2.595795061001166,-1.203458987219542,2.3886143399530617,497.5
399,-1.1895274167391756,-1.844307498673443,-1.8361808492098552,-2.5944630981544665,-1.2021814551811347,2.5345865087944346,498.75
400,-1.188148708615368,-1.8407104649852377,-1.841178271953727,-2.5930531089841486,-1.2008063471381514,2.6905589137725743,500.0
401,-1.1867042547668096,-1.8369683562571981,-1.8463616026435576,-2.591601792398791,-1.199365580168667,2.8527128681149145,501.25
402,-1.1853257621274187,-1.8334209567928417,-1.8512610650207912,-2.5902400622398356,-1.197990529910458,3.0063266257489474,502.5
403,-1.184026612201438,-1.830101945828903,-1.855830621304842,-2.588980371362185,-1.1966945472060244,3.149940612220618,503.75
404,-1.1828097341680084,-1.8270119667903466,-1.8600735235832198,-2.587818854206809,-1.1954805761208709,3.283554767383503,505.0
405,-1.1816773982562743,-1.8241515516425908,-1.8639922175580699,-2.5867525564867644,-1.1943508981949786,3.4071690511880934,506.25
406,-1.1806318190340956,-1.821521257998202,-1.8675890014941223,-2.5857786453394245,-1.1933077387640922,3.520783429691644,507.5
407,-1.1796712394099917,-1.819120574472523,-1.8708622082082256,-2.584899280691232,-1.1923493326674934,3.624397937574793,508.75
408,-1.178800212936283,-1.8169507060635492,-1.8738164312067922,-2.5841087116736077,-1.1914802551977068,3.7180124979490627,510.0
409,-1.1780186337159058,-1.8150116230785807,-1.876451567405527,-2.583407069947478,-1.190700399962912,3.801627121846602,511.25
410,-1.1773281733838192,-1.8133037722304408,-1.8787692933404507,-2.582792249772675,-1.190011446549398,3.875241782248165,512.5
411,-1.1767286026700474,-1.8118270876290834,-1.8807693895699984,-2.582264534053058,-1.1894131646281063,3.9388564913028565,513.75
412,-1.1762232822833902,-1.8105825324555418,-1.8824550779748055,-2.5818197733178248,-1.1889089304404565,3.992471200357569,515.0
413,-1.1758103917694072,-1.8095695706398987,-1.8838246461259676,-2.5814601966977557,-1.188496915218186,4.036085936357309,516.25
414,-1.175490929765273,-1.8087884960658545,-1.884879033767242,-2.581184581190314,-1.1881781221597134,4.069700693589873,517.5
415,-1.1752665039983259,-1.8082397821090954,-1.8856197533269707,-2.580990958096363,-1.1879541663348605,4.093315450822423,518.75
416,-1.175137114468566,-1.8079234287696213,-1.8860468048051549,-2.5808793274159036,-1.1878250477436272,4.1069302080549805,520.0
417,-1.1747313787315015,-1.8069333672140193,-1.887382138383468,-2.580531126895501,-1.1874201568452414,4.111031324636259,521.25
418,-1.1744319976129065,-1.806203225890164,-1.8883666687007665,-2.5802745761759662,-1.1871213981385116,4.106187648970103,522.5
419,-1.1744316618780584,-1.8062031311984434,-1.8883663608737522,-2.5802749746875926,-1.1871210613329362,4.091848625930308,523.75
420,-1.1744310920025385,-1.806202970468946,-1.8883658383689226,-2.5802756511202634,-1.1871204896399667,4.067509602890514,525.0
421,-1.1744302879720514,-1.806202743718752,-1.888365101137384,-2.580276605657,-1.187119682932998,4.0331705838034635,526.25
422,-1.1744292496875248,-1.8062024510660433,-1.8883641488406135,-2.5802778395647192,-1.1871186403356164,3.9888315907835326,527.5
423,-1.174427977233376,-1.806202092409872,-1.8883629817674794,-2.580279351761961,-1.1871173625959122,3.9344925977635983,528.75
424,-1.174427060654292,-1.8062018416695707,-1.888362148242047,-2.5802804264251105,-1.1871164422240976,3.8701536118730875,530.0
425,-1.174427061376344,-1.8062018643289588,-1.8883621699933189,-2.580280382449758,-1.1871164429921852,3.7958146378207545,531.25
426,-1.1744270621902897,-1.80620189003342,-1.8883621946817883,-2.5802803325092483,-1.1871164438204291,3.7114756666397266,532.5
427,-1.174427063094573,-1.8062019187820504,-1.8883622223107983,-2.580280276588822,-1.1871164446959959,3.6171366986615845,533.75
428,-1.1744270775361767,-1.8062019473278161,-1.8883622540692269,-2.5802802165923797,-1.1871164595663934,3.51279774150148,535.0
429,-1.1744270944860287,-1.8062019783374712,-1.8883622889725173,-2.5802801509979725,-1.1871164770272191,3.3984587900923344,536.25
430,-1.1744271192216256,-1.8062020093086075,-1.8883623262407259,-2.580280083200038,-1.1871165022961438,3.274119845953777,537.5
431,-1.1744271560645727,-1.8062020383555049,-1.88836236540148,-2.580280015624411,-1.1871165396764838,3.1397809088931616,538.75
432,-1.1744272001225828,-1.8062020664391554,-1.8883624058689632,-2.580279947810359,-1.1871165842719753,2.9954419745757055,540.0
433,-1.1744272584670181,-1.806202088617935,-1.8883624451003944,-2.5802798873336097,-1.1871166430906455,2.841103043257663,541.25
434,-1.174427325883067,-1.8062021057855295,-1.888362482340252,-2.5802798339804482,-1.1871167109213598,2.6773867727568126,542.5
435,-1.1744273977774422,-1.8062021152731456,-1.8883625136174045,-2.5802797943146563,-1.1871167831189622,2.518038458508232,543.75
436,-1.1744274687704122,-1.8062021153869294,-1.8883625356503453,-2.580279773226562,-1.1871168542655388,2.3686901442596673,545.0
437,-1.1744275367410593,-1.8062021112837947,-1.8883625527165404,-2.580279761264973,-1.1871169223168885,2.2293418300111227,546.25
438,-1.174427599595321,-1.8062021003958382,-1.888362561713175,-2.58027976406202,-1.1871169851340102,2.0999935157626153,547.5
439,-1.1744276574620676,-1.8062020865460653,-1.8883625663366521,-2.5802797741111885,-1.1871170429062845,1.9806452015141331,548.75
440,-1.1744277094318671,-1.8062020719388554,-1.8883625684145553,-2.580279787373286,-1.1871170947570675,1.8712968872656734,550.0
441,-1.1744277534090426,-1.8062020527404388,-1.8883625636328039,-2.5802798119539188,-1.1871171385257948,1.7719485730172244,551.25
442,-1.174427792959655,-1.8062020354744615,-1.888362559332359,-2.5802798340603657,-1.1871171778889407,1.6826002587687787,552.5
443,-1.1744278275147506,-1.8062020196923605,-1.8883625549084857,-2.5802798547361543,-1.1871172122692673,1.6032519445203417,553.75
444,-1.1744278527988279,-1.806202002023348,-1.8883625458167521,-2.580279881823095,-1.1871172373290206,1.5339036302719222,555.0
445,-1.174427874436951,-1.8062019869022001,-1.8883625380360431,-2.5802799050041094,-1.1871172587751677,1.4745553160234839,556.25
446,-1.174427892429121,-1.80620197432892,-1.888362531566355,-2.5802799242791985,-1.1871172766077085,1.4252070017750118,557.5
447,-1.1744279067753365,-1.8062019643035039,-1.8883625264076915,-2.580279939648361,-1.1871172908266425,1.385858687526536,558.75
448,-1.1744279174755978,-1.8062019568259524,-1.8883625225600535,-2.5802799511115966,-1.1871173014319696,1.3565103732780774,560.0
449,-1.1744279245299047,-1.806201951896265,-1.8883625200234406,-2.580279958668906,-1.1871173084236897,1.3371620590296143,561.25
450,-1.1747441754467962,-1.8069924420073067,-1.8873288985344887,-2.5805253954256746,-1.1874331171647765,1.3270730736022078,562.5
451,-1.1763710501551987,-1.8110589817537004,-1.8820116347656937,-2.5817879790583147,-1.189057717521368,1.325522485600979,563.75
452,-1.1771336892582376,-1.8129652854449325,-1.8795190226902536,-2.5823798501410926,-1.1898192926456614,1.3331890568646523,565.0
453,-1.1771336840343416,-1.8129652901391957,-1.8795190228133694,-2.582379852331335,-1.1898192922191482,1.3494391550127567,566.25
454,-1.1771336755957593,-1.812965297722219,-1.8795190230122474,-2.5823798558694095,-1.1898192915301666,1.3756892531608438,567.5
455,-1.1771336639424914,-1.812965308194002,-1.8795190232868886,-2.582379860755317,-1.189819290578717,1.411939351308956,568.75
456,-1.1771336490745374,-1.8129653215545454,-1.8795190236372925,-2.582379866989057,-1.1898192893647992,1.4581894494570655,570.0
457,-1.1771336315133396,-1.81296533743716,-1.8795190251429599,-2.5823798705537344,-1.1898192923328865,1.5144395435997575,571.25
458,-1.1771336109553705,-1.8129653560552927,-1.879519027175523,-2.582379873787551,-1.1898192968958885,1.580689636875706,572.5
459,-1.1771335813605162,-1.81296537327932,-1.8795190305155,-2.5823798630864414,-1.1898192793274958,1.656939720432066,573.75
460,-1.177133543572099,-1.812965389706778,-1.879519035020682,-2.582379840500238,-1.1898192428709526,1.7431897973778974,575.0
461,-1.1771335013701747,-1.8129654080200666,-1.879519040117644,-2.5823798149894412,-1.189819201920172,1.83943986362978,576.25
462,-1.1771334526278232,-1.8129654245089428,-1.879519041215035,-2.5823797957857173,-1.1898191539126775,1.945689923229597,577.5
463,-1.177133396606319,-1.8129654378909992,-1.8795190367383006,-2.582379786032133,-1.1898190979229575,2.061939974638449,578.75
464,-1.1771333357463112,-1.812965451868367,-1.87951903133154,-2.5823797765527843,-1.189819037083445,2.1881900180401535,580.0
465,-1.1771332697005277,-1.812965455830552,-1.8795190146921836,-2.5823797882592485,-1.1898189709567883,2.324440055675185,581.25
466,-1.1771331989301608,-1.8129654597851983,-1.8795189965831525,-2.5823798013730053,-1.1898189000958193,2.4706900929828848,582.5
467,-1.1771331288723337,-1.812965450512639,-1.8795189660027325,-2.5823798401548896,-1.1898188297408632,2.626940123090658,583.75
468,-1.1771330574692,-1.8129654373593076,-1.8795189312818448,-2.582379886926857,-1.18981875797624,2.7926291380231953,585.0
469,-1.1771329967923616,-1.8129654142695677,-1.8795188903453761,-2.582379949982413,-1.1898186968034765,2.954142032563089,586.25
470,-1.1771329467961968,-1.8129653877731857,-1.8795188494453419,-2.5823800165577455,-1.1898186462803695,3.1056549271029583,587.5
471,-1.1771329082267825,-1.8129653573490354,-1.8795188083125618,-2.582380087452801,-1.1898186071463455,3.247167821642808,588.75
472,-1.1771328792148432,-1.8129653260947134,-1.8795187693410604,-2.5823801571569085,-1.1898185775771666,3.378680716182606,590.0
473,-1.1771328613108203,-1.8129652933339153,-1.8795187323616893,-2.582380226536715,-1.189818559115893,3.500193610722407,591.25
474,-1.177132845153247,-1.8129652632039546,-1.8795186984474468,-2.5823802902540973,-1.1898185424464809,3.61170650526217,592.5
475,-1.1771328441180438,-1.8129652325083832,-1.879518668670658,-2.582380350623535,-1.1898185409229487,3.7132193998019165,593.75
476,-1.177132843184818,-1.8129652048366252,-1.879518641827167,-2.582380405046001,-1.1898185395494991,3.80473229434165,595.0
477,-1.1771328423535699,-1.8129651801886795,-1.8795186179169756,-2.5823804535214943,-1.189818538326132,3.8862451888813916,596.25
478,-1.1771328502395315,-1.8129651580477553,-1.8795185991104932,-2.582380494523397,-1.189818545878392,3.957758083421113,597.5
479,-1.1771328580992328,-1.8129651389383323,-1.8795185832050056,-2.5823805296010507,-1.1898185534523438,4.01927097796085,598.75
480,-1.1771328646812023,-1.8129651229354837,-1.8795185698852324,-2.582380558976217,-1.1898185597950168,4.070783872500609,600.0
481,-1.177132869985439,-1.8129651100392075,-1.8795185591511743,-2.582380582648895,-1.1898185649064112,4.112296767040384,601.25
482,-1.1771328740119438,-1.8129651002495024,-1.8795185510028327,-2.582380600619085,-1.189818568786527,4.143809661580149,602.5
483,-1.1771328767607159,-1.8129650935663686,-1.879518545440208,-2.582380612886787,-1.189818571435364,4.165322556119912,603.75
484,-1.1772236405380292,-1.8131947476107408,-1.8792164414603076,-2.582453719851557,-1.1899092004375706,4.177098603090615,605.0
485,-1.1786820590934337,-1.8168850126306304,-1.8743621166480315,-2.5836283369876347,-1.1913654542447267,4.180822778159189,606.25
486,-1.1798007708894402,-1.819715715905279,-1.8706384998703818,-2.5845293506844316,-1.192482507861428,4.174857015596224,607.5
487,-1.1798007698571873,-1.819715720588789,-1.8706385022267016,-2.5845293482903147,-1.1924825123701093,4.160812039103912,608.75
488,-1.179800768089972,-1.8197157286069507,-1.8706385062607167,-2.5845293441915898,-1.1924825200889635,4.136767062611602,610.0
489,-1.1798007655877945,-1.8197157399597639,-1.8706385119724278,-2.5845293383882577,-1.1924825310179916,4.1027220861192895,611.25
490,-1.1798007623506543,-1.8197157546472287,-1.8706385193618345,-2.584529330880318,-1.192482545157193,4.058677109626965,612.5
491,-1.1798007580751866,-1.8197157729712314,-1.8706385275085173,-2.58452932518606,-1.1924825598909887,4.004632139953097,613.75
492,-1.1798007527874284,-1.8197157949058624,-1.8706385364914757,-2.5845293210035143,-1.1924825754438713,3.940587174803654,615.0
493,-1.179800749290885,-1.8197158191005853,-1.870638551127543,-2.584529301503881,-1.1924825864585373,3.866542215768115,616.25
494,-1.1798007500021575,-1.8197158444797439,-1.8706385753419685,-2.58452925314526,-1.1924825865014421,3.7824972669378183,617.5
495,-1.1798007507751822,-1.8197158728639389,-1.8706386024912067,-2.584529198798225,-1.1924825863589477,3.6884523261491395,618.75
496,-1.1798007551145715,-1.819715903404279,-1.8706386329260756,-2.5845291388003018,-1.19248258997139,3.584407392075718,620.0
497,-1.1798007718085797,-1.8197159339624889,-1.8706386675528026,-2.584529073887858,-1.1924826071416152,3.4703624669284867,621.25
498,-1.179800789968204,-1.8197159671989933,-1.8706387052192701,-2.584529003270617,-1.1924826258328785,3.34631755106203,622.5
499,-1.1798008235103052,-1.819715997056344,-1.8706387443792085,-2.584528934822474,-1.1924826599183382,3.2122726404929045,623.75
500,-1.1798008625278513,-1.819716027847011,-1.8706387861307592,-2.5845288629480896,-1.1924826995133178,3.068227731079269,625.0
501,-1.1798009169936652,-1.8197160518811257,-1.8706388261680482,-2.5845287997571056,-1.19248275447984,2.9141828271497916,626.25
502,-1.1798009784382728,-1.8197160749808312,-1.8706388674702743,-2.584528736337363,-1.1924828164246395,2.750140596100433,627.5
503,-1.1798010513902748,-1.8197160846625644,-1.8706388994221408,-2.5845286958195075,-1.1924828896880133,2.586422290890349,628.75
504,-1.1798011211363009,-1.8197160907140832,-1.870638926884027,-2.5845286633637445,-1.1924829596807156,2.4327039856802952,630.0
505,-1.1798011903704366,-1.8197160865856474,-1.870638944384997,-2.5845286510124073,-1.192483028998384,2.2889856804702853,631.25
506,-1.1798012547109369,-1.8197160804843673,-1.8706389584683416,-2.584528643972949,-1.1924830933804647,2.1552673752602916,632.5
507,-1.1798013139531782,-1.8197160663481766,-1.8706389632335294,-2.584528654187762,-1.192483152525397,2.0315490700503105,633.75
508,-1.1798013684069442,-1.8197160533546033,-1.8706389676135442,-2.5845286635769265,-1.1924832068897195,1.9178307648403663,635.0
509,-1.1798014146553233,-1.819716035250479,-1.8706389645274113,-2.5845286854059135,-1.1924832529496165,1.81411245963044,636.25
510,-1.1798014556258811,-1.819716017393438,-1.8706389600420281,-2.5845287083090285,-1.1924832937242482,1.7203941544205228,637.5
511,-1.1798014922247697,-1.8197160014417957,-1.8706389560352439,-2.5845287287683187,-1.1924833301481166,1.636675849210615,638.75
512,-1.1798015207873094,-1.8197159845035458,-1.8706389485856292,-2.584528753534364,-1.1924833585026076,1.5629575440007097,640.0
513,-1.1798015437303264,-1.819715968485942,-1.8706389402793389,-2.5845287781552093,-1.192483381240117,1.4992392387907865,641.25
514,-1.1798015630726488,-1.8197159549821544,-1.8706389332766424,-2.5845287989120402,-1.1924834004091844,1.4455209335808588,642.5
515,-1.1798015788142768,-1.8197159439921835,-1.87063892757754,-2.584528815804857,-1.1924834160098103,1.4018026283709124,643.75
516,-1.1798015909552102,-1.819715935516027,-1.870638923182034,-2.58452882883366,-1.1924834280419936,1.3680843231609687,645.0
517,-1.1798015994954483,-1.8197159295536849,-1.8706389200901241,-2.584528837998448,-1.1924834365057342,1.3443660179510277,646.25
518,-1.1798026280633114,-1.8197185480825249,-1.8706354487484338,-2.5845296982339887,-1.1924844634196947,1.3306452538422955,647.5
519,-1.1809567528806355,-1.8226747828297216,-1.8667235851457042,-2.585493623979117,-1.1936367733654936,1.3249237530635696,648.75
520,-1.1823636386915817,-1.8262784652180353,-1.8619549855320767,-2.5866686569252377,-1.1950414480191272,1.328944951059878,650.0
521,-1.1824325068494248,-1.8264548813032677,-1.861721546166827,-2.5867261805068065,-1.1951102113111067,1.340954675835217,651.25
522,-1.182432499900557,-1.82645488753618,-1.861721546290612,-2.586726183568292,-1.1951102105977307,1.3627566809558274,652.5
523,-1.1824324897644285,-1.8264548966279635,-1.8617215464711738,-2.5867261880340005,-1.1951102095571486,1.3945586860764276,653.75
524,-1.182432476441039,-1.8264549085786175,-1.8617215467085126,-2.5867261939039303,-1.1951102081893596,1.4363606911970388,655.0
525,-1.1824324601575515,-1.826454923231353,-1.8617215474649809,-2.586726199469063,-1.195110208450877,1.4881626937791879,656.25
526,-1.1824324411445435,-1.8264549404270223,-1.861721549209881,-2.5867262029946865,-1.1951102123276267,1.5499646921035803,657.5
527,-1.182432417641641,-1.8264549593832202,-1.8617215515043914,-2.5867262035251617,-1.1951102114077918,1.62176668794601,658.75
528,-1.1824323822453287,-1.8264549747476047,-1.8617215557484545,-2.586726182384185,-1.1951101772817676,1.7035686698180452,660.0
529,-1.1824323425067582,-1.8264549919808424,-1.8617215605458228,-2.586726158508139,-1.1951101388567047,1.795370646270579,661.25
530,-1.182432298372067,-1.826455010996763,-1.861721565810105,-2.586726132033153,-1.1951100960179974,1.897172615866029,662.5
531,-1.1824322451587488,-1.8264550236705739,-1.8617215615299876,-2.586726122828696,-1.1951100428379031,2.008974573907151,663.75
532,-1.1824321871847692,-1.8264550374790853,-1.8617215568636611,-2.5867261128138552,-1.1951099848919695,2.130776524775796,665.0
533,-1.182432124224504,-1.8264550455455115,-1.8617215450870805,-2.5867261155907935,-1.1951099218941021,2.262578469527,666.25
534,-1.1824320563343318,-1.826455049571305,-1.8617215278658952,-2.5867261277873723,-1.1951098539197786,2.4043804118126433,667.5
535,-1.1824319868501587,-1.826455046117856,-1.8617215029229268,-2.5867261551385123,-1.1951097842294005,2.556182350135098,668.75
536,-1.1824319151960903,-1.8264550365849739,-1.8617214714315897,-2.5867261950664995,-1.195109712267807,2.7179842819175644,670.0
537,-1.182431851272283,-1.8264550160502804,-1.8617214317134858,-2.586726254307481,-1.1951096478770717,2.883510077745921,671.25
538,-1.1824317935051671,-1.8264549939189894,-1.861721392367036,-2.5867263148608037,-1.19510958963078,3.0394675965862152,672.5
539,-1.182431754212816,-1.82645496289989,-1.8617213501773608,-2.586726387395941,-1.195109549757042,3.1854251154264577,673.75
540,-1.1824317176125063,-1.8264549340060137,-1.861721310878222,-2.5867264549614712,-1.1951095126151778,3.3213826342666724,675.0
541,-1.1824316989488661,-1.8264549005983233,-1.8617212727949002,-2.5867265260800347,-1.195109493376588,3.447340153106853,676.25
542,-1.1824316820723149,-1.8264548697099592,-1.861721237701532,-2.5867265917230706,-1.1951094759692664,3.5632976719470397,677.5
543,-1.1824316747229402,-1.8264548395620865,-1.8617212062860586,-2.586726653092002,-1.1951094681215952,3.6692551907871875,678.75
544,-1.1824316737550449,-1.8264548109042353,-1.8617211782945828,-2.586726709646351,-1.1951094666930602,3.765212709627326,680.0
545,-1.1824316728880166,-1.826454785232904,-1.8617211532201714,-2.586726760307014,-1.1951094654133967,3.85117022846745,681.25
546,-1.1824316764638656,-1.826454762290639,-1.861721132164187,-2.586726804294166,-1.195109468629896,3.927127747307576,682.5
547,-1.1824316847866865,-1.8264547420594095,-1.8617211152037645,-2.586726841553191,-1.1951094766470223,3.9930852661476948,683.75
548,-1.1824316918476616,-1.8264547248954928,-1.8617211008147572,-2.5867268731632733,-1.19510948344865,4.049042784987838,685.0
549,-1.1824316976467917,-1.8264547107988907,-1.8617210889971636,-2.586726899124413,-1.1951094890347795,4.095000303828009,686.25
550,-1.1824317021840756,-1.8264546997695998,-1.8617210797509864,-2.5867269194366096,-1.1951094934054105,4.1309578226681705,687.5
551,-1.1824317054595141,-1.8264546918076205,-1.8617210730762261,-2.5867269340998638,-1.1951094965605429,4.15691534150833,688.75
552,-1.1824317074731066,-1.8264546869129525,-1.8617210689728831,-2.586726943114175,-1.195109498500177,4.172872860348487,690.0
553,-1.183200186434973,-1.828447349748575,-1.8590687958946424,-2.587392040084368,-1.1958766997224344,4.180335254494739,691.25
554,-1.1847489359677916,-1.832463261421065,-1.8537235502281162,-2.588732432487028,-1.197422875118674,4.178551286074424,692.5
555,-1.185026275066997,-1.8331824076224745,-1.8527663605879674,-2.588972459473208,-1.197699757050681,4.168319837256582,693.75
556,-1.185026273628505,-1.8331824140688109,-1.852766363801402,-2.5889724563371677,-1.1976997631519561,4.148795915812039,695.0
557,-1.185026271453229,-1.8331824238169105,-1.852766368660733,-2.5889724515948718,-1.197699772378256,4.119271994367507,696.25
558,-1.1850262685411685,-1.8331824368667733,-1.85276637516596,-2.5889724452463208,-1.1976997847295816,4.079748072922957,697.5
559,-1.185026264821531,-1.8331824532875893,-1.852766383105798,-2.588972438094292,-1.1976997995893306,4.030224151919786,698.75
560,-1.185026259896657,-1.8331824734680138,-1.8527663912934056,-2.588972434648182,-1.1976998134939,3.970700233415871,700.0
561,-1.1850262541444057,-1.8331824970387434,-1.8527664008565288,-2.588972430623126,-1.197699829734433,3.9011763149119667,701.25
562,-1.1850262542682726,-1.833182520996829,-1.8527664227647485,-2.5889723882953994,-1.1976998311432427,3.8216524115828334,702.5
563,-1.1850262550096666,-1.8331825476900792,-1.8527664484416109,-2.5889723371434648,-1.1976998311109688,3.73212851217319,703.75
564,-1.185026255807422,-1.8331825773470491,-1.852766477052031,-2.5889722799943384,-1.19769983085249,3.632604622223649,705.0
565,-1.1850262685079378,-1.8331826071041624,-1.8527665097938097,-2.5889722179563974,-1.1976998436710056,3.523080741460653,706.25
566,-1.1850262857922624,-1.833182638743783,-1.852766545890707,-2.588972150494649,-1.1976998614620329,3.4035568682019925,707.5
567,-1.1850263106715222,-1.8331826703581429,-1.852766584322851,-2.588972080856397,-1.1976998868826971,3.2740330018452086,708.75
568,-1.1850263480027938,-1.8331826998366259,-1.8527666245461005,-2.5889720117928516,-1.1976999247722373,3.1345091393261444,710.0
569,-1.185026393420515,-1.83318272765428,-1.8527666656792425,-2.588971943597212,-1.1976999707383513,2.984985279259357,711.25
570,-1.1850264522508303,-1.8331827500964162,-1.852766705780395,-2.5889718819952563,-1.1977000300576082,2.8254614259969455,712.5
571,-1.1850265202809482,-1.8331827658129463,-1.8527667422274983,-2.588971830891504,-1.1977000984884594,2.659122973300629,713.75
572,-1.1850265899265586,-1.8331827750991945,-1.852766772942707,-2.588971791956043,-1.1977001684348714,2.50088698816214,715.0
573,-1.1850266592607903,-1.8331827738580724,-1.852766793352374,-2.5889717738194653,-1.1977002378999029,2.3526510030236882,716.25
574,-1.185026725037737,-1.8331827699785845,-1.8527668100946888,-2.588971761928118,-1.1977003037574783,2.2144150178852593,717.5
575,-1.1850267857837478,-1.833182758315631,-1.8527668177210463,-2.588971766839342,-1.1977003644479847,2.0861790327468537,718.75
576,-1.185026841706403,-1.8331827450092413,-1.852766822250184,-2.588971776414605,-1.1977004202782133,1.9679430476084643,720.0
577,-1.185026891403406,-1.833182730090347,-1.8527668232749719,-2.5889717910092482,-1.1977004698433158,1.8597070624700993,721.25
578,-1.185026933821819,-1.8331827116317814,-1.852766818598402,-2.588971814726345,-1.1977005120570665,1.7614710773317488,722.5
579,-1.185026971922222,-1.833182695052222,-1.8527668143978806,-2.5889718360291463,-1.197700549973641,1.6732350921934054,723.75
580,-1.1850270045288085,-1.8331826794231885,-1.8527668094065357,-2.588971857092853,-1.1977005823997424,1.5949991070550784,725.0
581,-1.185027028796616,-1.8331826624981478,-1.8527668005590452,-2.588971883180566,-1.1977006064480873,1.5267631219167437,726.25
582,-1.1850270495079707,-1.8331826480534763,-1.852766793008157,-2.588971905445119,-1.1977006269721413,1.4685271367784116,727.5
583,-1.1850270666628728,-1.8331826360891759,-1.8527667867538669,-2.588971923886512,-1.197700643971906,1.4202911516400472,728.75
584,-1.185027080261322,-1.8331826266052436,-1.8527667817961793,-2.588971938504744,-1.1977006574473794,1.3820551665016851,730.0
585,-1.185027090303318,-1.8331826196016796,-1.852766778135094,-2.588971949299816,-1.1977006673985622,1.353819181363333,731.25
586,-1.1850270967888608,-1.833182615078484,-1.8527667757706114,-2.5889719562717266,-1.1977006738254539,1.3355831962249693,732.5
587,-1.1854575106116205,-1.8343124329897065,-1.8512542625058015,-2.5893577038328073,-1.1981303323205095,1.3263458635738685,733.75
588,-1.187017115152203,-1.8384063672027213,-1.8457736336011186,-2.590755458571607,-1.1996872002938106,1.325830093553794,735.0
589,-1.1875861655810747,-1.8399001241044428,-1.843773915693782,-2.5912654585467543,-1.2002552544702505,1.3342686999418918,736.25
590,-1.1875861601428384,-1.8399001289736607,-1.8437739157615418,-2.591265461049138,-1.2002552538005962,1.3514780808687685,737.5
591,-1.18758615154456,-1.8399001366722758,-1.8437739158686757,-2.5912654650056024,-1.2002552527418198,1.3786874617956497,738.75
592,-1.1875861397862397,-1.8399001472002883,-1.8437739160151836,-2.591265470416148,-1.2002552512939222,1.415896842722535,740.0
593,-1.1875861248678778,-1.839900160557698,-1.8437739162010651,-2.591265477280775,-1.2002552494569025,1.4631062236494172,741.25
594,-1.1875861073688316,-1.8399001763513243,-1.8437739175871828,-2.5912654813374596,-1.200255252272666,1.5203155923045408,742.5
595,-1.1875860868691992,-1.8399001948661338,-1.843773919332178,-2.5912654856751915,-1.2002552560869884,1.5875249598234906,743.75
596,-1.1875860566703493,-1.839900211234069,-1.843773922726681,-2.591265473294218,-1.2002552350151474,1.6647343158975398,745.0
597,-1.1875860193960046,-1.83990022738932,-1.8437739272222506,-2.591265451046385,-1.2002551991011234,1.751943666879023,746.25
598,-1.1875859778142046,-1.8399002453752238,-1.843773932313002,-2.591265425902114,-1.2002551587867003,1.8491530057594079,747.5
599,-1.1875859293960072,-1.8399002607843182,-1.8437739324695206,-2.5912654089043388,-1.2002551109961628,1.9563623380072253,748.75
600,-1.187585874289469,-1.8399002738734107,-1.8437739280053338,-2.591265399441133,-1.2002550559220855,2.0735716622452847,750.0
601,-1.187585814427308,-1.8399002864715233,-1.8437739215718794,-2.5912653923787294,-1.2002549960715692,2.2007809787463284,751.25
602,-1.187585749536876,-1.8399002902799406,-1.8437739049961428,-2.591265404189792,-1.2002549310991335,2.337990289979322,752.5
603,-1.1875856805553284,-1.8399002928154033,-1.8437738859027113,-2.5912654197270335,-1.2002548620066702,2.4851996003576957,753.75
604,-1.1875856117833323,-1.8399002836274623,-1.843773855465795,-2.59126545829884,-1.2002547929360028,2.6424089036879748,755.0
605,-1.187585543071892,-1.8399002693827082,-1.8437738201261165,-2.5912655068170753,-1.2002547238442276,2.808508462779927,756.25
606,-1.1875854842248443,-1.8399002469210348,-1.8437737798721785,-2.5912655685910853,-1.200254664505435,2.969055210297573,757.5
607,-1.1875854372116437,-1.839900220164668,-1.8437737391369322,-2.59126563530603,-1.2002546169568968,3.1196019578151883,758.75
608,-1.1875853998356556,-1.8399001906447618,-1.843773698724067,-2.5912657045984835,-1.2002545790219383,3.260148705332763,760.0
609,-1.1875853732646025,-1.8399001596834603,-1.84377366028537,-2.591265773515626,-1.2002545518922079,3.39069545285032,761.25
610,-1.1875853559324283,-1.8399001279616936,-1.8437736239941112,-2.5912658411817446,-1.2002545340092396,3.5112422003678403,762.5
611,-1.1875853416673616,-1.839900098484263,-1.8437735908458253,-2.591265903512604,-1.2002545192363685,3.621788947885351,763.75
612,-1.1875853406640688,-1.8399000688286917,-1.8437735616690971,-2.5912659622477228,-1.2002545177513604,3.722335695402845,765.0
613,-1.18758533976056,-1.8399000421225562,-1.8437735353941713,-2.591266015141268,-1.2002545164140455,3.8128824429203343,766.25
614,-1.187585338956835,-1.8399000183658536,-1.8437735120210512,-2.5912660621932404,-1.200254515224424,3.8934291904378084,767.5
615,-1.1875853475092057,-1.8398999970153849,-1.8437734939140982,-2.591266101719289,-1.2002545234502446,3.963975937955293,768.75
616,-1.1875853550552282,-1.8398999786792583,-1.8437734784264108,-2.591266135605044,-1.2002545307162593,4.0245226854727765,770.0
617,-1.1875853613549374,-1.8398999633715587,-1.843773465496693,-2.5912661638941734,-1.2002545367822075,4.075069432990292,771.25
618,-1.187585366408333,-1.839899951092284,-1.8437734551249467,-2.591266186586675,-1.2002545416480888,4.115616180507812,772.5
619,-1.1875853702154153,-1.8398999418414335,-1.8437734473111729,-2.59126620368255,-1.2002545453139029,4.1461629280253165,773.75
620,-1.187585372776184,-1.8398999356190069,-1.8437734420553715,-2.5912662151817987,-1.2002545477796502,4.166709675542833,775.0
621,-1.1877457510123148,-1.840326116050242,-1.8431996409200306,-2.5914149655319716,-1.2004146294137161,4.177727380352186,776.25
622,-1.1891928926824544,-1.8441717330894323,-1.8380220401758998,-2.5927571424408327,-1.2018590952631163,4.180565234737437,777.5
623,-1.1901095540956732,-1.8466076628433057,-1.834742396991654,-2.593607314730846,-1.2027740641939786,4.173922924181021,778.75
624,-1.1901095529984018,-1.8466076677014231,-1.8347423993935126,-2.5936073124791688,-1.2027740687144677,4.159061645950922,780.0
625,-1.190109551162788,-1.8466076758285177,-1.8347424034115567,-2.593607308712361,-1.2027740762767472,4.134200367720828,781.25
626,-1.1901095485888322,-1.8466076872245893,-1.834742409045787,-2.5936073034304234,-1.202774086880817,4.099339089490743,782.5
627,-1.1901095452765336,-1.8466077018896379,-1.8347424162962025,-2.5936072966333557,-1.202774100526677,4.054477811260626,783.75
628,-1.1901095408791162,-1.84660772015724,-1.8347424241430146,-2.593607292172131,-1.2027741141631862,3.9996165353297854,785.0
629,-1.1901095355039086,-1.846607741924153,-1.8347424329018507,-2.593607288854864,-1.2027741287346807,3.934755260482432,786.25
630,-1.1901095325161344,-1.8466077655966546,-1.8347424483113188,-2.593607266863621,-1.2027741376280945,3.859893993191289,787.5
631,-1.1901095332171578,-1.8466077905878941,-1.8347424725160715,-2.593607218849237,-1.2027741376368541,3.7750327348715262,788.75
632,-1.1901095339768926,-1.8466078185069226,-1.8347424996352477,-2.5936071649096553,-1.2027741374434742,3.6801714857642636,790.0
633,-1.1901095394331886,-1.8466078482401438,-1.8347425301273215,-2.59360710552886,-1.2027741422920744,3.5753102434118125,791.25
634,-1.1901095558426844,-1.846607878275464,-1.8347425646384847,-2.5936070412461594,-1.2027741591827235,3.460449009560198,792.5
635,-1.1901095736825535,-1.8466079109245972,-1.8347426021575066,-2.5936069713550003,-1.202774177559085,3.3355877847937108,793.75
636,-1.1901096079208744,-1.8466079396933168,-1.834742640997395,-2.5936069043286065,-1.2027742123396163,3.200726565648347,795.0
637,-1.1901096462116978,-1.8466079699385267,-1.834742682546813,-2.5936068331885798,-1.202774251209378,3.05586534708348,796.25
638,-1.1901097008829993,-1.8466079927014063,-1.8347427219196335,-2.593606771933002,-1.2027743063711451,2.9010041344971174,797.5
639,-1.1901097620763899,-1.846608014285299,-1.8347427621846308,-2.5936067110586656,-1.2027743680497336,2.7362395460101654,798.75
640,-1.1901098329037143,-1.8466080237643623,-1.8347427936431373,-2.593606671206251,-1.2027744391865898,2.5733442279024383,800.0
641,-1.1901099010307343,-1.8466080286586593,-1.834742819776212,-2.5936066412110357,-1.202774507542686,2.420448909795522,801.25
642,-1.1901099681999323,-1.8466080247351115,-1.8347428369944399,-2.5936066289099173,-1.202774574795517,2.277553591688462,802.5
643,-1.1901100305642092,-1.846608018005582,-1.834742849965433,-2.5936066235824455,-1.2027746371872674,2.144658273581298,803.75
644,-1.190110087984994,-1.8466080043787403,-1.8347428546487208,-2.5936066333470884,-1.2027746945125521,2.021762955473956,805.0
645,-1.190110140733448,-1.8466079918607203,-1.8347428589509223,-2.5936066423171824,-1.2027747471732775,1.908867637366512,806.25
646,-1.1901101851480314,-1.8466079737508823,-1.8347428551782623,-2.5936066648139504,-1.2027747913909397,1.805972319258969,807.5
647,-1.190110224773011,-1.8466079565352556,-1.8347428507781056,-2.593606686974848,-1.202774830823023,1.7130770011513219,808.75
648,-1.19011026013244,-1.8466079411728602,-1.8347428468516134,-2.5936067067501685,-1.2027748660103204,1.6301816830436096,810.0
649,-1.190110287231447,-1.8466079245081954,-1.8347428390639833,-2.593606731561797,-1.2027748928978976,1.5572863649358326,811.25
650,-1.1901103093278258,-1.8466079091145517,-1.8347428309502254,-2.593606755357228,-1.2027749147925297,1.4943910468279984,812.5
651,-1.1901103279110057,-1.8466078961684114,-1.8347428241265074,-2.593606775369321,-1.2027749332060396,1.4414957287201329,813.75
652,-1.1901103429809865,-1.8466078856697745,-1.8347428185928296,-2.5936067915980754,-1.2027749481384271,1.3986004106122547,815.0
653,-1.1901103545377678,-1.8466078776186394,-1.8347428143491942,-2.59360680404349,-1.2027749595896915,1.3657050925043723,816.25
654,-1.1901103625813498,-1.846607872015006,-1.8347428113956012,-2.593606812705566,-1.2027749675598332,1.3428097743965282,817.5
655,-1.1901258441957212,-1.8466495060261445,-1.8346864349831817,-2.5936216634538525,-1.2027904190222474,1.3298619923399428,818.75
656,-1.191324320356533,-1.8498737008106334,-1.8303210277551845,-2.5947712612341802,-1.2039865635507874,1.3247731323347727,820.0
657,-1.1925712304394516,-1.853228206314588,-1.8257791902112326,-2.5959673195299175,-1.2052310490533182,1.329486196082486,821.25
658,-1.1926004521393228,-1.8533068341235592,-1.8256727367321224,-2.5959953551176684,-1.2052602172715794,1.3420628744763818,822.5
659,-1.1926004450968652,-1.8533068404182536,-1.8256727367845635,-2.5959953584856352,-1.205260216263674,1.3645408623085693,823.75
660,-1.1926004349213613,-1.853306849513329,-1.8256727368603345,-2.595995363351941,-1.2052602148073726,1.3970188501407965,825.0
661,-1.1926004216128108,-1.8533068614087855,-1.8256727369594348,-2.5959953697165865,-1.2052602129026742,1.4394968379730204,826.25
662,-1.1926004054372197,-1.8533068759268434,-1.8256727376071797,-2.59599537566416,-1.205260212888478,1.4919748184607586,827.5
663,-1.192600386543209,-1.853306892968174,-1.8256727390970697,-2.595995380124489,-1.2052602160715657,1.5544527897116385,828.75
664,-1.192600362639136,-1.8533069112449736,-1.825672741279349,-2.595995379941167,-1.2052602121811802,1.6269307573235838,830.0
665,-1.1926003278138793,-1.8533069263160478,-1.8256727455050998,-2.5959953591676266,-1.2052601786469594,1.7094087119866919,831.25
666,-1.1926002887499385,-1.8533069432031204,-1.8256727502842005,-2.5959953356991456,-1.2052601409073345,1.8018866602808745,832.5
667,-1.192600245093362,-1.8533069612958395,-1.8256727548645482,-2.595995310999026,-1.205260098487926,1.9043646016330429,833.75
668,-1.1926001928505214,-1.8533069736727563,-1.8256727506035757,-2.595995302082036,-1.2052600462799354,2.0168425322187575,835.0
669,-1.1926001359618086,-1.853306987151227,-1.8256727459601976,-2.5959952923857608,-1.2052599894200715,2.139320454923279,836.25
670,-1.1926000741808054,-1.8533069942517697,-1.8256727335109924,-2.595995296815883,-1.2052599275941676,2.2717983716690977,837.5
671,-1.1926000076119223,-1.853306998123755,-1.8256727163840174,-2.595995309088474,-1.2052598609401342,2.4142762863740748,838.75
672,-1.1925999398609712,-1.8533069937914188,-1.8256726908398728,-2.595995337940585,-1.2052597929685098,2.566754196714599,840.0
673,-1.1925998696413018,-1.8533069843794427,-1.82567265953841,-2.5959953775776197,-1.2052597224402815,2.7292321006328875,841.25
674,-1.192599808213801,-1.8533069634345904,-1.8256726196896005,-2.595995437394854,-1.2052596605350103,2.8943113328193997,842.5
675,-1.1925997531008257,-1.853306941177378,-1.8256725805383938,-2.595995497917738,-1.2052596049367212,3.0495861306366145,843.75
676,-1.1925997149321015,-1.8533069110273677,-1.8256725389720918,-2.5959955689804852,-1.2052595661910566,3.194860928453981,845.0
677,-1.192599680136336,-1.85330688262906,-1.8256725001839025,-2.595995635568677,-1.2052595308544187,3.330135726271487,846.25
678,-1.1925996623400448,-1.8533068500669327,-1.8256724626551586,-2.5959957053042295,-1.205259512486689,3.455410524089122,847.5
679,-1.1925996459643342,-1.853306820104068,-1.825672428122121,-2.5959957694731757,-1.2052594955851545,3.570685321906873,848.75
680,-1.192599639786706,-1.8533067906600436,-1.8256723973032922,-2.5959958295630905,-1.2052594889126738,3.675960119724742,850.0
681,-1.1925996388460895,-1.8533067629107167,-1.8256723697925759,-2.5959958847331914,-1.2052594875164517,3.7712349175427047,851.25
682,-1.1925996380041999,-1.8533067380739514,-1.8256723451693675,-2.595995934112664,-1.2052594862667767,3.8565097153607493,852.5
683,-1.1925996421319354,-1.8533067158664573,-1.825672324686812,-2.5959959768037626,-1.2052594900406595,3.9317845131788633,853.75
684,-1.1925996501680807,-1.8533066963499534,-1.8256723080718897,-2.595996013002078,-1.2052594977755526,3.9970593109970167,855.0
685,-1.1925996569731008,-1.8533066798233493,-1.8256722940023478,-2.5959960436548672,-1.205259504325472,4.05233410881521,856.25
686,-1.192599662546996,-1.8533066662866455,-1.825672282478184,-2.595996068762129,-1.2052595096904173,4.097608906633436,857.5
687,-1.1925996668897656,-1.8533066557398405,-1.8256722734994022,-2.5959960883238633,-1.2052595138703892,4.132883704451667,858.75
688,-1.1925996700014099,-1.853306648182933,-1.8256722670660017,-2.5959961023400715,-1.2052595168653868,4.158158502269874,860.0
689,-1.192599671881929,-1.853306643615924,-1.8256722631779827,-2.595996110810752,-1.2052595186754107,4.173433300088078,861.25
690,-1.193419879544914,-1.8555405205919873,-1.8226308723559876,-2.5968093254440694,-1.2060780497581296,4.180404348049958,862.5
691,-1.1948547384201236,-1.8594484401302496,-1.8173103065595975,-2.5982319454965035,-1.2075099767074935,4.178010033115201,863.75
692,-1.1950562457253604,-1.8599972621284133,-1.816563100956977,-2.598431733281416,-1.2077110760596463,4.167357858231151,865.0
693,-1.1950562442414516,-1.8599972686213582,-1.8165631041436137,-2.598431730411798,-1.2077110819991606,4.147295294267043,866.25
694,-1.1950562420179027,-1.8599972783506522,-1.8165631089186005,-2.598431726111846,-1.207711090899171,4.117232730302889,867.5
695,-1.1950562390547128,-1.8599972913162945,-1.8165631152819373,-2.5984317203815586,-1.2077111027596779,4.077170166338744,868.75
696,-1.195056235254426,-1.859997307610726,-1.8165631229508294,-2.5984317142821767,-1.207711116714524,4.027107603611628,870.0
697,-1.1950562302710424,-1.8599973275621389,-1.8165631309212698,-2.598431711581429,-1.2077111296885867,3.967045045816542,871.25
698,-1.19505622445796,-1.8599973508353236,-1.8165631402187332,-2.5984317084310242,-1.207711144822741,3.8969824880214934,872.5
699,-1.1950562249428751,-1.8599973741934759,-1.8165631626703014,-2.598431664459798,-1.2077111452175953,3.816919946439314,873.75
700,-1.19505622567025,-1.8599974003766753,-1.8165631882635793,-2.5984316138256736,-1.2077111451415734,3.726857408603265,875.0
701,-1.195056226455528,-1.8599974294497559,-1.816563216761055,-2.5984315573029404,-1.2077111448607452,3.626794879734258,876.25
702,-1.1950562396904538,-1.8599974584329952,-1.8165632494268906,-2.5984314960443986,-1.2077111583002011,3.5167323606980805,877.5
703,-1.1950562566398053,-1.8599974894409883,-1.816563285330545,-2.5984314293985054,-1.2077111757601848,3.3966698490903786,878.75
704,-1.195056281879571,-1.8599975200516001,-1.8165633234465068,-2.5984313610861274,-1.207711201541434,3.266607344264984,880.0
705,-1.1950563184590028,-1.859997548944058,-1.8165633634276541,-2.598431292837345,-1.2077112386796913,3.1265448429695555,881.25
706,-1.1950563637599516,-1.8599975756478833,-1.8165634040028917,-2.5984312263085956,-1.207711284521872,2.9764823444183346,882.5
707,-1.1950564213752748,-1.8599975976629506,-1.8165634438431688,-2.5984311653759633,-1.207711342626704,2.816419852570325,883.75
708,-1.1950564883531347,-1.8599976123351576,-1.816563479404879,-2.598431116184939,-1.2077114099941284,2.6501838502671564,885.0
709,-1.1950565560949429,-1.8599976214266802,-1.8165635097124233,-2.5984310778249915,-1.2077114780354765,2.4924930817214315,886.25
710,-1.1950566238013525,-1.8599976195980568,-1.8165635292563105,-2.5984310611186596,-1.2077115458619028,2.3448023131755784,887.5
711,-1.195056687747005,-1.8599976158937652,-1.8165635457677332,-2.5984310492590494,-1.2077116098884149,2.207111544629588,888.75
712,-1.1950567467630369,-1.8599976040470625,-1.8165635527076867,-2.598431055017387,-1.2077116688405778,2.079420776083436,890.0
713,-1.195056801091356,-1.85999759118575,-1.8165635571707988,-2.598431064194221,-1.2077117230779653,1.9617300075372062,891.25
714,-1.1950568491197788,-1.8599975763373198,-1.8165635576912567,-2.5984310792010907,-1.2077117709688392,1.854039238990794,892.5
715,-1.1950568902891718,-1.8599975584789732,-1.8165635530857036,-2.5984311022329996,-1.2077118119360186,1.7563484704443375,893.75
716,-1.1950569272443106,-1.8599975424486792,-1.8165635489515857,-2.5984311229072765,-1.2077118487096432,1.6686577018977617,895.0
717,-1.1950569585459012,-1.8599975271095928,-1.8165635437157872,-2.598431143909243,-1.2077118798285478,1.5909669333511307,896.25
718,-1.1950569820407233,-1.8599975107609663,-1.8165635350248721,-2.598431169256219,-1.2077119031067918,1.523276164804456,897.5
719,-1.1950570020646407,-1.859997496827533,-1.8165635276178713,-2.598431190858671,-1.2077119229461257,1.4655853962577194,898.75
720,-1.1950570186176537,-1.8599974853092953,-1.8165635214947815,-2.598431208716599,-1.2077119393465514,1.4178946277109792,900.0
721,-1.1950570316997615,-1.8599974762062494,-1.8165635166556067,-2.5984312228300017,-1.2077119523080673,1.3802038591642063,901.25
722,-1.1950570413109645,-1.8599974695183963,-1.8165635131003468,-2.59843123319888,-1.207711961830673,1.3525130906174576,902.5
723,-1.195057047451262,-1.8599974652457354,-1.8165635108290021,-2.5984312398232325,-1.2077119679143689,1.3348223220707334,903.75
724,-1.1955276398526744,-1.8612950357102018,-1.8147871852922377,-2.59891324427472,-1.208181550934624,1.3259853770610306,905.0
725,-1.1970031231555445,-1.8653634378248516,-1.8092177072435063,-2.6004245087089206,-1.2096538698356851,1.3259435373427788,906.25
726,-1.1974808642501777,-1.8666807401690357,-1.8074143769532,-2.6009138391846283,-1.210130588514949,1.3347148901049168,907.5
727,-1.197480858779039,-1.8666807450511393,-1.8074143769680728,-2.600913841893216,-1.2101305876251387,1.352327993034808,908.75
728,-1.1974808502016117,-1.8666807527051024,-1.8074143769913893,-2.600913846139629,-1.2101305862301308,1.3799410959647176,910.0
729,-1.1974808385178952,-1.8666807631309237,-1.80741437702315,-2.6009138519238677,-1.2101305843299248,1.4175541988946525,911.25
730,-1.1974808237278898,-1.8666807763286042,-1.807414377063355,-2.600913859245931,-1.2101305819245214,1.4651673018245561,912.5
731,-1.1974808064279532,-1.8666807919050852,-1.8074143782738683,-2.6009138638990805,-1.210130584311408,1.5227803879297288,913.75
732,-1.1974807861547785,-1.8666808101657315,-1.8074143797520459,-2.6009138691514977,-1.2101305873750083,1.5903934732803024,915.0
733,-1.1974807561121525,-1.8666808259446368,-1.807414383126761,-2.600913856345585,-1.2101305651091063,1.668006546453967,916.25
734,-1.1974807195610773,-1.8666808417377734,-1.807414387591856,-2.6009138345456626,-1.2101305299269423,1.7556196148376089,917.5
735,-1.1974806788075454,-1.8666808593111641,-1.8074143926473147,-2.6009138099132656,-1.2101304904648016,1.8532326711136975,918.75
736,-1.1974806311891628,-1.8666808740369882,-1.8074143924086,-2.600913794091852,-1.2101304434314308,1.9608457204203649,920.0
737,-1.1974805772139556,-1.866680886794323,-1.8074143879730198,-2.600913784944,-1.2101303894897706,2.0784587617786836,921.25
738,-1.1974805185819228,-1.8666808986266632,-1.8074143811446768,-2.6009137790558357,-1.2101303308661062,2.206071795479063,922.5
739,-1.197480455054019,-1.8666809022935862,-1.8074143646794503,-2.600913790914669,-1.2101302672553889,2.3436848240802854,923.75
740,-1.1974803877474671,-1.8666809041940289,-1.8074143452728055,-2.600913807420056,-1.2101301998290535,2.4912978515241613,925.0
741,-1.1974803204433173,-1.8666808951517062,-1.8074143150492763,-2.6009138456528764,-1.2101301322256672,2.6489108720066037,926.25
742,-1.1974802537864,-1.8666808806613049,-1.8074142796440995,-2.600913894510388,-1.2101300651809035,2.8151263859266074,927.5
743,-1.1974801964882646,-1.8666808587646448,-1.8074142398761628,-2.600913955257165,-1.2101300073933141,2.975262765699745,928.75
744,-1.197480151321358,-1.8666808322874544,-1.8074141994158874,-2.600914021446272,-1.2101299616882981,3.12539914547302,930.0
745,-1.1974801149409031,-1.8666808035557119,-1.8074141595051623,-2.6009140894659843,-1.2101299247520592,3.2655355252464098,931.25
746,-1.1974800897140083,-1.8666807731651522,-1.807414121481528,-2.6009141574201093,-1.2101298989668183,3.395671905019988,932.5
747,-1.1974800728499004,-1.8666807423253866,-1.8074140856583536,-2.6009142237471035,-1.2101298815555719,3.515808284793653,933.75
748,-1.1974800595372104,-1.8666807135448575,-1.807414052994138,-2.6009142849146833,-1.2101298677376804,3.6259446645674425,935.0
749,-1.1974800585589254,-1.8666806847467663,-1.8074140242130965,-2.6009143424014627,-1.210129866281384,3.726081044341332,936.25
750,-1.197480057678336,-1.8666806588245666,-1.807413998306235,-2.6009143941473933,-1.2101298649705192,3.8162174241153295,937.5
751,-1.197480057060099,-1.8666806357687513,-1.8074139753162308,-2.600914440121746,-1.210129863969953,3.896353803889387,938.75
752,-1.1974800655905846,-1.8666806150664386,-1.8074139575461763,-2.6009144786661116,-1.2101298721773786,3.9664901836635105,940.0
753,-1.1974800729047987,-1.866680597315848,-1.8074139423097648,-2.600914511714846,-1.2101298792145947,4.02662656343766,941.25
754,-1.1974800790027422,-1.8666805825169832,-1.807413929606994,-2.60091453926795,-1.2101298850816018,4.0767629432118655,942.5
755,-1.1974800838844142,-1.8666805706698402,-1.8074139194378653,-2.600914561325422,-1.2101298897783992,4.116899322986066,943.75
756,-1.1974800875498153,-1.8666805617744193,-1.8074139118023809,-2.6009145778872638,-1.210129893304987,4.147035702760264,945.0
757,-1.197480089998945,-1.8666805558307202,-1.8074139067005397,-2.600914588953475,-1.2101298956613653,4.167172082534453,946.25
758,-1.197665287151619,-1.8671975415451332,-1.8067023309991022,-2.601110449382563,-1.210314676451281,4.177876584473977,947.5
759,-1.1990525987112173,-1.8710703299406133,-1.80137190201862,-2.6025776069373783,-1.2116988694849182,4.180373701953168,948.75
760,-1.1998716940806393,-1.8733569031226682,-1.7982247132330798,-2.603443843833127,-1.2125161260489414,4.173483526716867,950.0
761,-1.199871692959776,-1.8733569079711105,-1.7982247155971234,-2.6034438417885806,-1.212516130408951,4.158350707542969,951.25
762,-1.1998716910982283,-1.8733569160234778,-1.7982247195233634,-2.603443838392966,-1.2125161376501215,4.1332178883690665,952.5
763,-1.1998716884959972,-1.8733569272797703,-1.7982247250117998,-2.603443833646285,-1.2125161477724538,4.098085069195147,953.75
764,-1.199871685153082,-1.873356941739988,-1.7982247320624325,-2.603443827548535,-1.2125161607759471,4.052952250021223,955.0
765,-1.1998716807104366,-1.873356959740516,-1.7982247396459452,-2.603443823937815,-1.212516173437417,3.9978194351186542,956.25
766,-1.1998716753022753,-1.8733569811556117,-1.7982247481471048,-2.6034438213794147,-1.2125161869617145,3.9326866219772785,957.5
767,-1.1998716724820038,-1.8733570042947383,-1.7982247636636566,-2.6034437990183914,-1.2125161947636052,3.857553816892618,958.75
768,-1.1998716731695307,-1.8733570287370267,-1.7982247877323225,-2.603443751631187,-1.2125161947442755,3.772421020355343,960.0
769,-1.1998716739148194,-1.8733570560319792,-1.7982248146941568,-2.603443698398476,-1.2125161945231138,3.6772882335409998,961.25
770,-1.1998716796473303,-1.8733570850036005,-1.7982248450356555,-2.6034436398538805,-1.2125161996892246,3.5721554535161926,962.5
771,-1.1998716957084825,-1.873357114368475,-1.7982248793101612,-2.6034435764694663,-1.2125162162339207,3.4570226819439975,963.75
772,-1.1998717131662986,-1.8733571462828467,-1.7982249165646407,-2.60344350756886,-1.2125162342303804,3.331889919250916,965.0
773,-1.1998717470897309,-1.8733571742294424,-1.7982249550749445,-2.6034434416891874,-1.212516268694726,3.1967571624351234,966.25
774,-1.1998717845445375,-1.8733572038026025,-1.7982249963182573,-2.6034433715127476,-1.2125163067279878,3.0516244060569626,967.5
775,-1.1998718384196123,-1.8733572257953344,-1.7982250352447025,-2.6034433114606856,-1.2125163610894736,2.8964916558119187,968.75
776,-1.1998718981608791,-1.8733572464990906,-1.7982250747524686,-2.6034432522009188,-1.2125164213085504,2.7324434355739435,970.0
777,-1.199871965461448,-1.8733572555484241,-1.7982251050880103,-2.60344321384983,-1.2125164889102025,2.5738971134446924,971.25
778,-1.1998720299528043,-1.8733572605443163,-1.798225130508055,-2.6034431844146733,-1.2125165536290048,2.425350791315357,972.5
779,-1.1998720935311067,-1.8733572568869135,-1.7982251470474515,-2.6034431724765725,-1.2125166172889408,2.286804469186004,973.75
780,-1.1998721524562281,-1.8733572516053758,-1.7982251604981585,-2.6034431651771435,-1.2125166762582895,2.1582581470565962,975.0
781,-1.19987220652863,-1.8733572388337774,-1.7982251649732046,-2.603443174250571,-1.212516730239606,2.039711824927133,976.25
782,-1.1998722560397455,-1.8733572271395351,-1.7982251690707494,-2.603443182558609,-1.2125167796673197,1.9311655027976453,977.5
783,-1.1998722984771897,-1.8733572119299562,-1.7982251674341305,-2.6034432000006182,-1.212516821947113,1.8326191806681316,978.75
784,-1.1998723353486855,-1.8733571959611883,-1.7982251632779742,-2.6034432206358287,-1.2125168586358772,1.7440728585386014,980.0
785,-1.1998723680560914,-1.8733571817958607,-1.7982251595911887,-2.6034432389405984,-1.2125168911811885,1.6655265364090501,981.25
786,-1.1998723956230721,-1.8733571686630803,-1.798225155298698,-2.6034432567441854,-1.2125169185917168,1.5969802142794967,982.5
787,-1.1998724157017788,-1.8733571547090446,-1.798225147815188,-2.6034432784455204,-1.2125169384835552,1.5384338921499512,983.75
788,-1.1998724323509435,-1.8733571431384268,-1.7982251416098984,-2.6034432964401604,-1.2125169549777697,1.4898875700204657,985.0
789,-1.1998724455705665,-1.873357133951228,-1.7982251366828281,-2.6034433107281063,-1.2125169680743602,1.451341247890991,986.25
790,-1.1998724553606477,-1.8733571271474478,-1.7982251330339774,-2.6034433213093573,-1.2125169777733273,1.4227949257615111,987.5
791,-1.1998724617211871,-1.8733571227270849,-1.7982251306633474,-2.603443328183913,-1.2125169840746703,1.4042486036320203,988.75
792,-1.1998616878508512,-1.8733274112020093,-1.7982674372988425,-2.603430660363454,-1.2125062437112282,1.395664628267279,990.0
793,-1.1992810919990933,-1.871726827090949,-1.8005467464496339,-2.602748016020045,-1.2119274545042908,1.395876700148848,991.25
794,-1.199203081018003,-1.8715117776687582,-1.8008529915290303,-2.602656293730681,-1.211849686290184,1.4051214132224499,992.5
795,-1.1990429650254097,-1.8710703933092385,-1.8014815531582409,-2.6024680355583345,-1.2116900685725829,1.4243641872287398,993.75
796,-1.1987996406593564,-1.8703996322707772,-1.8024367629250873,-2.6021819442085654,-1.2114475014228736,1.453606961235022,995.0
797,-1.1984730922232516,-1.8694994922463057,-1.8037186009576238,-2.6017980417070246,-1.211121969054374,1.492849735621614,996.25
798,-1.1980585292141053,-1.8683692688989342,-1.8053210029253974,-2.601323049916079,-1.2107086534695102,1.5420926372227857,997.5
799,-1.1975597788407566,-1.8670095254967676,-1.8072488125998003,-2.6007515991888193,-1.2102114038410734,1.6013355388240111,998.75
800,-1.1969761834696693,-1.8654201533164816,-1.8095012245768847,-2.6000845969627413,-1.2096295591727935,1.670578460995709,1000.0
801,-1.1963037794029292,-1.8636004973114146,-1.8120733840139067,-2.5993275128062097,-1.2089591354980416,1.7498215160325303,1001.25
802,-1.1955458260284482,-1.8615510895450336,-1.8149692973078178,-2.5984758414979625,-1.2082034086934925,1.8390645910420511,1002.5
803,-1.1946970360523628,-1.8592710029967496,-1.8181826027414667,-2.5975368186233356,-1.2073570630829278,1.9383078272632575,1003.75
804,-1.1937592602100118,-1.8567605263384075,-1.8217156063281887,-2.596507868056412,-1.2064219596148276,2.0475511586651693,1005.0
805,-1.1927311583402813,-1.8540194094223421,-1.8255667291671351,-2.5953908053491617,-1.2053967510513222,2.166794608490841,1006.25
806,-1.1916080861178906,-1.8510467016130483,-1.8297306849325092,-2.594191820335269,-1.2042767691173502,2.2960382862464317,1007.5
807,-1.1903909729658184,-1.8478425142700154,-1.8342087067531176,-2.5929095776108477,-1.2030629485594724,2.4352821439731445,1008.75
808,-1.1890778005518587,-1.8444063746219785,-1.8389986302361843,-2.591546693587502,-1.2017532610354782,2.5845262105271436,1010.0
809,-1.1876663596517343,-1.8407377307632222,-1.8440981631932893,-2.5901059894811276,-1.2003454865968468,2.743770517591451,1011.25
810,-1.1862345469458075,-1.837041999875467,-1.8492200471161548,-2.588669843676189,-1.1989173104339712,2.904082211794707,1012.5
811,-1.1848818525559803,-1.833573748744877,-1.8540128317526494,-2.5873358365774632,-1.197567977433711,3.0544242304575504,1013.75
812,-1.183610636960077,-1.8303341050930522,-1.8584779241781506,-2.5861014564954052,-1.1962998581455846,3.1947664345612647,1015.0
813,-1.1824218642853426,-1.8273232468455287,-1.8626164660166522,-2.5849653935478187,-1.1951139218050415,3.325108808137621,1016.25
814,-1.1813164656325235,-1.8245413411538947,-1.8664295707807672,-2.5839263763693294,-1.1940111044800885,3.445451333335601,1017.5
815,-1.180298284634576,-1.8219893609771372,-1.869921196654662,-2.582979513717736,-1.1929952683704337,3.5557939437080757,1018.75
816,-1.1793680064516017,-1.8196674807514357,-1.8730920469090004,-2.58212393500566,-1.192067101938344,3.6561366358038456,1020.0
817,-1.1785251015222116,-1.8175755137649174,-1.8759416957402901,-2.5813602469488375,-1.1912260734280755,3.7464794181873424,1021.25
818,-1.1777740806475865,-1.8157147122321111,-1.8784745381655032,-2.580682849766582,-1.1904767146687654,3.8268222260911426,1022.5
819,-1.1771124801183308,-1.8140843594553469,-1.8806882483446976,-2.580094759884326,-1.1898165506931089,3.8971650982449946,1023.75
820,-1.1765437277936033,-1.8126854345297645,-1.8825861034342557,-2.5795917572749514,-1.189249025148496,3.95750799115319,1025.0
821,-1.176069228875917,-1.8115183388815295,-1.8841694467398893,-2.5791721120561717,-1.1887755497094155,4.00785088406131,1026.25
822,-1.1756862118781337,-1.8105822589363654,-1.8854356787731184,-2.5788392078676194,-1.188393340276153,4.04819381959938,1027.5
823,-1.1753978345922462,-1.809878121436101,-1.8863877618126632,-2.578589189213395,-1.1881055690120077,4.078536760597793,1028.75
824,-1.1752044966388688,-1.8094060436759591,-1.8870260707063213,-2.5784215681930185,-1.1879126373562447,4.098879701596197,1030.0
825,-1.175106198018001,-1.8091660256559403,-1.8873506054540934,-2.5783363448064898,-1.1878145453088638,4.109222642594593,1031.25
826,-1.1744758072117654,-1.8076300760768473,-1.8894254327382103,-2.5777929281027783,-1.1871854712348622,4.1103547790390795,1032.5
827,-1.1744226714470465,-1.807501006324806,-1.889599548184704,-2.577747498951248,-1.1871324454922796,4.102608528515977,1033.75
828,-1.174422259146881,-1.8075008904387349,-1.8895991712326552,-2.577747986880487,-1.1871320318851906,4.084999743871553,1035.0
829,-1.1744216127021256,-1.8075007087411534,-1.889598580210154,-2.5777487519039433,-1.1871313833913122,4.057390959227118,1036.25
830,-1.1744207320596967,-1.8075004612946528,-1.8895977749373147,-2.5777497946952606,-1.1871304995407872,4.019782188218683,1037.5
831,-1.174419617188039,-1.8075001481362483,-1.8895967553075301,-2.5777511156533723,-1.1871293800553433,3.9721734333020606,1038.75
832,-1.1744182681427173,-1.8074997692003612,-1.8895955215091986,-2.5777527140726595,-1.1871280254271306,3.9145646783854047,1040.0
833,-1.1744178186539624,-1.8074996576270936,-1.8895951240870956,-2.5777532185757526,-1.1871275741053375,3.846955936799765,1041.25
834,-1.174417819407525,-1.8074996813880404,-1.8895951466946126,-2.577753172660015,-1.1871275749055215,3.7693472008500333,1042.5
835,-1.1744178202492035,-1.8074997082053847,-1.889595172234578,-2.5777531207420905,-1.1871275757347701,3.681738469762439,1043.75
836,-1.1744178247368848,-1.8074997372224433,-1.889595201013878,-2.577753063364665,-1.1871275803133887,3.5841297428731247,1045.0
837,-1.1744178406883092,-1.8074997665484647,-1.88959523372968,-2.577753001624663,-1.187127596742925,3.4765210246477185,1046.25
838,-1.1744178581226328,-1.807499798599363,-1.8895952694868325,-2.577752934143096,-1.1871276147038656,3.3589123140646073,1047.5
839,-1.1744178887387096,-1.807499828256402,-1.889595307023011,-2.5777528674829626,-1.1871276458467594,3.2313036112388174,1048.75
840,-1.1744179264775811,-1.8074998581707176,-1.8895953469913502,-2.5777527982476443,-1.1871276841356537,3.093694913530864,1050.0
841,-1.1744179765541305,-1.8074998835310299,-1.889595386437577,-2.5777527342595494,-1.1871277347165041,2.9460862174162274,1051.25
842,-1.1744180361334153,-1.8074999063251145,-1.8895954263741004,-2.577752672481786,-1.1871277947796495,2.788477526823214,1052.5
843,-1.1744181076548927,-1.8074999192073955,-1.8895954605877654,-2.577752626488148,-1.1871278666550162,2.6241925074056325,1053.75
844,-1.1744181780726068,-1.807499928594746,-1.8895954911486552,-2.5777525876157497,-1.1871279373694985,2.4681140720351746,1055.0
845,-1.1744182492967412,-1.807499924396504,-1.8895955090783516,-2.577752574933234,-1.1871280086792046,2.322035636664626,1056.25
846,-1.1744183156711845,-1.8074999204220634,-1.8895955257283543,-2.5777525632350096,-1.1871280751324207,2.1859572012939967,1057.5
847,-1.1744183768122474,-1.8074999061386126,-1.889595530995459,-2.5777525731212054,-1.187128136179574,2.059878765923348,1058.75
848,-1.1744184330925604,-1.8074998926511245,-1.889595535521888,-2.577752582881989,-1.1871281923681214,1.9438003305526543,1060.0
849,-1.1744184820588286,-1.8074998757931477,-1.8895955346031508,-2.577752601339821,-1.1871282411742574,1.8377218951819638,1061.25
850,-1.1744185245878367,-1.80749985717646,-1.8895955300369407,-2.577752625102908,-1.1871282835018904,1.741643459811212,1062.5
851,-1.174418562690358,-1.8074998404974312,-1.8895955259459831,-2.577752646392695,-1.1871283214239963,1.6555650244404532,1063.75
852,-1.1744185939416043,-1.8074998238340174,-1.8895955197622731,-2.5777526696576096,-1.1871283524805119,1.5794865890696776,1065.0
853,-1.1744186180331067,-1.8074998069417063,-1.889595511159121,-2.577752695463555,-1.1871283763584808,1.5134081536989104,1066.25
854,-1.174418638478714,-1.8074997926057987,-1.8895955038579288,-2.57775271736415,-1.18712839662287,1.4573297183281677,1067.5
855,-1.1744186552784277,-1.8074997808262967,-1.8895954978586946,-2.577752735359395,-1.1871284132736803,1.4112512829574624,1068.75
856,-1.174418668432246,-1.8074997716031969,-1.8895954931614216,-2.577752749449289,-1.1871284263109108,1.3751728475867453,1070.0
857,-1.1744186779401695,-1.8074997649364994,-1.88959548976611,-2.5777527596338325,-1.1871284357345615,1.349094412216045,1071.25
858,-1.1744186838021982,-1.8074997608262047,-1.8895954876727599,-2.5777527659130257,-1.1871284415446324,1.3330159768453191,1072.5
859,-1.1752123701428538,-1.8094812366400734,-1.8870004569826424,-2.5783720921117643,-1.1879210118423726,1.3254766383766707,1073.75
860,-1.1768313207221714,-1.8135230437596215,-1.8817071306391209,-2.5796353845532933,-1.1895376866358849,1.3271913510544922,1075.0
861,-1.1771245341644925,-1.814255079516464,-1.8807484286114053,-2.579864187369176,-1.1898304907762307,1.33740662110515,1076.25
862,-1.1771245278862195,-1.814255085167736,-1.8807484287389333,-2.579864190019446,-1.1898304902228756,1.3569219858309391,1077.5
863,-1.177124518390854,-1.8142550937148139,-1.8807484289318084,-2.579864194027759,-1.189830489385972,1.3864373505567462,1078.75
864,-1.1771245056783965,-1.8142551051576987,-1.880748429190031,-2.5798641993941143,-1.18983048826552,1.425952715282515,1080.0
865,-1.1771244898354203,-1.8142551194362098,-1.8807484296914223,-2.579864205456607,-1.1898304875993841,1.4754680794616815,1081.25
866,-1.177124471354217,-1.8142551362081436,-1.8807484314471425,-2.5798642084513856,-1.1898304915833473,1.534983440512376,1082.5
867,-1.1771244497677311,-1.8142551557981623,-1.8807484334978657,-2.5798642119493587,-1.1898304962367114,1.6044988015630746,1083.75
868,-1.1771244156997864,-1.8142551715323667,-1.8807484374681769,-2.5798641930207253,-1.1898304655804428,1.6840141475545447,1085.0
869,-1.177124376474292,-1.8142551886248275,-1.8807484421041054,-2.5798641695228315,-1.1898304276849183,1.7735294896516738,1086.25
870,-1.1771243328381011,-1.8142552076099605,-1.8807484473201972,-2.5798641431254548,-1.189830385317929,1.8730448223599572,1087.5
871,-1.1771242810651656,-1.8142552219755161,-1.8807484451800995,-2.5798641297582323,-1.18983033386459,1.9825601458999902,1088.75
872,-1.1771242234707184,-1.814255235751463,-1.8807484405458468,-2.579864119749528,-1.1898302762994852,2.1020754619503736,1090.0
873,-1.1771241609156966,-1.8142552463710881,-1.8807484313720544,-2.5798641173752745,-1.1898302137311303,2.23159077112547,1091.25
874,-1.1771240932883886,-1.814255250395321,-1.880748414350197,-2.5798641293796933,-1.1898301460212422,2.371106076466097,1092.5
875,-1.1771240227521491,-1.8142552499759397,-1.8807483922053645,-2.579864150893965,-1.1898300753270585,2.5206213793223258,1093.75
876,-1.177123951231654,-1.8142552404139984,-1.8807483610621576,-2.579864190506213,-1.189830003503472,2.680136675355789,1095.0
877,-1.1771238834511362,-1.8142552225910409,-1.8807483232145783,-2.5798642451160445,-1.1898299352976482,2.8464778548049403,1096.25
878,-1.1771238240022606,-1.814255199823451,-1.880748283232475,-2.579864306915102,-1.1898298753632934,3.004725293582623,1097.5
879,-1.177123780112588,-1.8142551702230287,-1.8807482415480417,-2.5798643774617496,-1.1898298309137114,3.15297273236036,1098.75
880,-1.1771237424339969,-1.8142551403412406,-1.8807482015107444,-2.579864446734381,-1.1898297926840322,3.2912201711381264,1100.0
881,-1.1771237194182844,-1.8142551073997035,-1.8807481630835157,-2.5798645176664903,-1.1898297691003175,3.419467609915989,1101.25
882,-1.177123701995852,-1.8142550753653022,-1.8807481272433986,-2.579864585190279,-1.189829751136105,3.5377150486938502,1102.5
883,-1.1771236910164848,-1.8142550448508667,-1.8807480948352566,-2.579864647862462,-1.1898297396526476,3.6459624874717935,1103.75
884,-1.177123690014715,-1.814255015010656,-1.8807480661443172,-2.579864706293817,-1.1898297381786975,3.744209926249714,1105.0
885,-1.1771236891149095,-1.8142549882077017,-1.8807480403736447,-2.5798647587778056,-1.1898297368547717,3.8324573650276634,1106.25
886,-1.177123690438978,-1.814254964315745,-1.8807480180573104,-2.5798648049378765,-1.1898297378053184,3.910704803805638,1107.5
887,-1.177123699159092,-1.8142549430270412,-1.880748000497101,-2.5798648438561855,-1.1898297462086989,3.978952242583608,1108.75
888,-1.1771237066014861,-1.8142549248576787,-1.8807479855099125,-2.5798648770719637,-1.1898297533807687,4.037199681361575,1110.0
889,-1.1771237127661598,-1.8142549098076606,-1.880747973095742,-2.579864904585212,-1.189829759321528,4.085447120139473,1111.25
890,-1.1771237176531133,-1.8142548978769826,-1.880747963254593,-2.5798649263959295,-1.1898297640309763,4.123694558917379,1112.5
891,-1.1771237212623462,-1.8142548890656454,-1.8807479559864657,-2.5798649425041167,-1.1898297675091136,4.151941997695296,1113.75
892,-1.1771237235938588,-1.8142548833736483,-1.8807479512913603,-2.579864952909774,-1.1898297697559406,4.170189436473224,1115.0
893,-1.1775740656484175,-1.8153930010778023,-1.8792484609465954,-2.5802295773839328,-1.1902794397538765,4.179418124181288,1116.25
894,-1.1792026655536771,-1.8195088674994988,-1.8738257555618436,-2.5815481764901547,-1.1919056098012153,4.179886424630735,1117.5
895,-1.1797917045676212,-1.8209975163379553,-1.871864447434476,-2.5820250919410066,-1.1924937731689311,4.171383570576305,1118.75
896,-1.1797917032920573,-1.8209975221301087,-1.8718644503105841,-2.5820250890179,-1.192493778692728,4.154077617166249,1120.0
897,-1.1797917012794272,-1.8209975312691762,-1.87186445484861,-2.5820250844057173,-1.1924937874083725,4.126771663756174,1121.25
898,-1.1797916985297305,-1.8209975437551575,-1.8718644610485544,-2.5820250781044587,-1.1924937993158649,4.089465710346125,1122.5
899,-1.1797916950429672,-1.8209975595880528,-1.871864468910417,-2.582025070114124,-1.192493814415205,4.042159756936071,1123.75
900,-1.1797916903347343,-1.820997579244084,-1.871864476976298,-2.582025066010715,-1.1924938285303008,3.984853813193584,1125.0
901,-1.1797916847615246,-1.8209976023727799,-1.8718644863191298,-2.5820250616906115,-1.1924938447345197,3.917547870208817,1126.25
902,-1.1797916833849227,-1.8209976267165007,-1.8718645051998042,-2.582025028577084,-1.192493850116532,3.8402419386651543,1127.5
903,-1.1797916841232752,-1.8209976531955165,-1.871864530241985,-2.5820249783329943,-1.1924938501572695,3.7529360120068738,1128.75
904,-1.1797916849117684,-1.8209976826853005,-1.8718645582338622,-2.5820249219782925,-1.19249384991601,3.655630097306461,1130.0
905,-1.1797916942678923,-1.820997713129756,-1.871864590006294,-2.582024860439333,-1.1924938590417118,3.5483241892262285,1131.25
906,-1.1797917114393777,-1.820997744712803,-1.8718646254797937,-2.5820247936598495,-1.1924938767068967,3.4310182891095384,1132.5
907,-1.179791732613673,-1.820997777879739,-1.8718646637020018,-2.582024722611143,-1.1924938984212148,3.303712396632747,1133.75
908,-1.1797917698049747,-1.8209978073870192,-1.871864703354921,-2.5820246540869576,-1.192493936162218,3.1664065092969684,1135.0
909,-1.179791811693045,-1.8209978376507452,-1.871864745180721,-2.5820245827062807,-1.1924939786221236,3.0191006229880286,1136.25
910,-1.1797918704227701,-1.8209978601634345,-1.8718647848125975,-2.582024521500956,-1.192494037834178,2.8617947437579376,1137.5
911,-1.1797919365829994,-1.82099787916671,-1.871864823391141,-2.582024464959205,-1.1924941044370576,2.695661494739687,1138.75
912,-1.1797920080804825,-1.8209978887508904,-1.8718648546296248,-2.582024425229477,-1.1924941762394656,2.535204344706838,1140.0
913,-1.1797920781055562,-1.8209978904547581,-1.8718648778924747,-2.5820244013114912,-1.1924942464415405,2.3847471946739187,1141.25
914,-1.1797921457674385,-1.820997886452834,-1.8718648949797325,-2.582024389223545,-1.1924943141850213,2.244290044640966,1142.5
915,-1.179792208416143,-1.820997876905087,-1.8718649052252638,-2.5820243894327515,-1.1924943768167753,2.113832894607958,1143.75
916,-1.17979226609577,-1.8209978631240067,-1.8718649098952858,-2.582024399364769,-1.1924944344017783,1.9933757445748934,1145.0
917,-1.1797923184376153,-1.820997849476709,-1.8718649130436793,-2.5820244106054364,-1.192494486639682,1.8829185945418028,1146.25
918,-1.179792362353433,-1.8209978302841412,-1.8718649082963628,-2.5820244351458097,-1.1924945303457049,1.78246144450869,1147.5
919,-1.1797924018976549,-1.8209978130020994,-1.8718649040216133,-2.582024457243314,-1.1924945697010156,1.6920042944755451,1148.75
920,-1.1797924370702801,-1.8209977976305813,-1.8718649002194334,-2.5820244768979492,-1.192494604705614,1.6115471444423954,1150.0
921,-1.179792462520092,-1.8209977799239365,-1.8718648911844944,-2.582024503968932,-1.1924946299295964,1.5410899944092415,1151.25
922,-1.1797924842885217,-1.82099776467543,-1.8718648833580176,-2.5820245273253732,-1.19249465150323,1.4806328443760974,1152.5
923,-1.1797925024563145,-1.8209977519491267,-1.8718648768260873,-2.582024546818511,-1.1924946695084473,1.4301756943430037,1153.75
924,-1.1797925170234695,-1.8209977417450238,-1.8718648715887063,-2.5820245624483436,-1.1924946839452475,1.389718544309936,1155.0
925,-1.1797925279899866,-1.8209977340631216,-1.8718648676458756,-2.582024574214871,-1.1924946948136301,1.3592613942768428,1156.25
926,-1.1797925353558658,-1.8209977289034192,-1.8718648649975946,-2.5820245821180925,-1.1924947021135952,1.3388042442437378,1157.5
927,-1.1799740718388882,-1.8214621488886624,-1.8712493533559529,-2.582176975571808,-1.1926759516881125,1.3278506582475784,1158.75
928,-1.1814966577908046,-1.8253574448893117,-1.866086826080182,-2.583455125236195,-1.194196131587843,1.3251509193454367,1160.0
929,-1.1824235305481285,-1.8277287120342052,-1.862944133413285,-2.5842332001858908,-1.1951215415410774,1.3319090604204404,1161.25
930,-1.1824235257448952,-1.8277287163496863,-1.8629441334833268,-2.58423320231527,-1.1951215410165241,1.3469678696442555,1162.5
931,-1.1824235177520115,-1.8277287235309192,-1.8629441335998806,-2.5842332058586903,-1.1951215401436341,1.3720266788680746,1163.75
932,-1.182423506569478,-1.8277287335779042,-1.8629441337629469,-2.584233210816153,-1.1951215389224077,1.4070854880918695,1165.0
933,-1.182423492197294,-1.827728746490641,-1.862944133972525,-2.5842332171876583,-1.195121537352845,1.4521442973156542,1166.25
934,-1.1824234750743052,-1.827728761969715,-1.8629441351147231,-2.5842332216968114,-1.1951215392144374,1.5072031010595586,1167.5
935,-1.1824234550450923,-1.8277287801211652,-1.862944136875723,-2.58423322550396,-1.1951215431686633,1.5722619024470326,1168.75
936,-1.182423427337577,-1.8277287977222736,-1.8629441397986877,-2.584233218223988,-1.1951215301209563,1.6473206959913584,1170.0
937,-1.1824233905329793,-1.8277288137427012,-1.8629441441585377,-2.5842331962565415,-1.1951214946395516,1.7323794809211097,1171.25
938,-1.1824233493748069,-1.8277288316300946,-1.8629441490918262,-2.5842331714403817,-1.195121454763751,1.8274382564766005,1172.5
939,-1.1824233023161517,-1.8277288486762127,-1.8629441512626852,-2.5842331504734966,-1.195121408601933,1.9324970253111098,1173.75
940,-1.1824232475536136,-1.8277288617359158,-1.8629441468286705,-2.5842331410148343,-1.1951213538729561,2.0475557856908897,1175.0
941,-1.1824231880302145,-1.8277288759320427,-1.862944142005055,-2.58423313075026,-1.1951212943757468,2.172614537199776,1176.25
942,-1.1824231233949247,-1.8277288805083904,-1.8629441263687028,-2.584233140858482,-1.1951212296673062,2.3076732830034787,1177.5
943,-1.1824230539467921,-1.8277288845930635,-1.8629441087692724,-2.5842331533522622,-1.1951211601333185,2.4527320283073726,1178.75
944,-1.1824229847579533,-1.8277288766410167,-1.862944079723855,-2.5842331892958805,-1.1951210906690168,2.607790767482366,1180.0
945,-1.1824229131486572,-1.8277288651841013,-1.8629440465722995,-2.5842332328042055,-1.1951210187234196,2.772710473539564,1181.25
946,-1.1824228527785539,-1.8277288420241955,-1.8629440056940068,-2.5842332958770307,-1.1951209578548132,2.9354110128894613,1182.5
947,-1.1824228011746487,-1.827728816748156,-1.8629439655042317,-2.584233360502289,-1.1951209057375873,3.088111552239413,1183.75
948,-1.1824227627599218,-1.827728786259345,-1.8629439244072827,-2.5842334314295963,-1.195120866754954,3.2308120915894456,1185.0
949,-1.1824227319142013,-1.8277287557774171,-1.8629438856612457,-2.5842335001120196,-1.1951208353577214,3.363512630939518,1186.25
950,-1.1824227140567276,-1.8277287229359114,-1.8629438486782837,-2.5842335695780494,-1.1951208169391248,3.486213170289602,1187.5
951,-1.1824226976546248,-1.8277286927709704,-1.862943814709398,-2.584233633382651,-1.19512080002163,3.5989137096397448,1188.75
952,-1.1824226951613561,-1.8277286623114504,-1.8629437847663541,-2.5842336936626142,-1.195120797038208,3.701614248989909,1190.0
953,-1.1824226942264429,-1.8277286345039203,-1.8629437578457584,-2.5842337482988196,-1.195120795658703,3.794314788340131,1191.25
954,-1.182422693392383,-1.8277286096961096,-1.8629437338291979,-2.5842337970411853,-1.1951207944280113,3.877015327690337,1192.5
955,-1.182422700077901,-1.8277285874517224,-1.8629437145966317,-2.5842338385554777,-1.195120800773876,3.94971586704054,1193.75
956,-1.1824227079896739,-1.8277285681408661,-1.8629436985532883,-2.584233873973531,-1.1951208083953238,4.012416406390756,1195.0
957,-1.1824227146396118,-1.8277285519098667,-1.8629436850686685,-2.5842339037428204,-1.1951208148012398,4.06511694574094,1196.25
958,-1.182422720027715,-1.8277285387587232,-1.8629436741427723,-2.5842339278633455,-1.1951208199916248,4.10781748509108,1197.5
959,-1.1824227241539833,-1.8277285286874339,-1.8629436657756016,-2.584233946335108,-1.1951208239664783,4.140518024441274,1198.75
960,-1.1824227270184167,-1.8277285216959989,-1.8629436599671565,-2.584233959158106,-1.1951208267258002,4.163218563791422,1200.0
961,-1.1824454390667876,-1.8277873344959612,-1.862865249590135,-2.5842537184863414,-1.1951435007815967,4.175991619952941,1201.25
962,-1.1837240553283392,-1.8310987619002124,-1.8584508657517782,-2.585365780912938,-1.1964199813382956,4.180860783232691,1202.5
963,-1.1849966560609804,-1.8343946156338755,-1.854057249016974,-2.5864726087203906,-1.1976904583305,4.175918195060269,1203.75
964,-1.1850173816462346,-1.834448298604892,-1.8539856933660712,-2.5864906333161355,-1.1977111542350074,4.1630742772272615,1205.0
965,-1.1850173799632948,-1.8344483061525738,-1.8539856970792057,-2.5864906296924564,-1.1977111613106801,4.14029758248135,1206.25
966,-1.185017377541468,-1.8344483170140302,-1.8539857024225737,-2.5864906244778183,-1.1977111714928932,4.107520887735449,1207.5
967,-1.1850173743807546,-1.83444833118926,-1.8539857093961758,-2.5864906176722213,-1.197711184781647,4.064744192989572,1208.75
968,-1.1850173702441245,-1.8344483489071532,-1.85398571729826,-2.5864906119434816,-1.1977111991125926,4.01196749910584,1210.0
969,-1.1850173650350915,-1.8344483702608825,-1.8539857258431696,-2.586490608377568,-1.1977112136454116,3.949190806173273,1211.25
970,-1.1850173607163792,-1.8344483942508216,-1.8539857385597123,-2.586490594566526,-1.197711226138016,3.876414117324219,1212.5
971,-1.1850173614078763,-1.834448419043894,-1.8539857621794091,-2.586490547332209,-1.197711226158988,3.7936374408375233,1213.75
972,-1.1850173621652687,-1.8344484468201327,-1.853985788696459,-2.5864904942011746,-1.1977112260340617,3.7008607709483057,1215.0
973,-1.1850173645681301,-1.8344484771945861,-1.8539858182789446,-2.5864904352895275,-1.1977112275151118,3.5980841078717103,1216.25
974,-1.1850173808754652,-1.8344485071917151,-1.8539858521975185,-2.5864903716381193,-1.197711244293559,3.4853074552085683,1217.5
975,-1.1850173986303374,-1.834448539847718,-1.8539858891266179,-2.586490302331889,-1.197711262573199,3.362530810649976,1218.75
976,-1.1850174294243174,-1.8344485701116393,-1.8539859277856552,-2.5864902339269102,-1.1977112939092036,3.2297541718695006,1220.0
977,-1.1850174676250986,-1.8344486004379483,-1.853985968795084,-2.5864901632443216,-1.1977113326808742,3.086977534968538,1221.25
978,-1.1850175190536623,-1.8344486255043033,-1.8539860088559608,-2.5864900989540693,-1.1977113846227714,2.9342009026810736,1222.5
979,-1.1850175790823632,-1.8344486485489222,-1.85398604964392,-2.586490036081632,-1.1977114451499429,2.771424276822702,1223.75
980,-1.1850176503172394,-1.8344486598490524,-1.8539860826236454,-2.586489992896315,-1.1977115167195644,2.6065629388463116,1225.0
981,-1.1850177190890547,-1.8344486676700762,-1.853986111494717,-2.5864899572522964,-1.1977115857651344,2.4515798935301167,1226.25
982,-1.1850177880752133,-1.8344486636345014,-1.8539861290367148,-2.5864899447641303,-1.197711654835815,2.306596848213838,1227.5
983,-1.1850178522745003,-1.834448659025909,-1.8539861445416008,-2.5864899348130623,-1.1977117191001105,2.1716138028975345,1228.75
984,-1.1850179113873205,-1.8344486449423176,-1.8539861493604892,-2.5864899449207015,-1.1977117781153521,2.046630757581222,1230.0
985,-1.1850179657704767,-1.8344486319855733,-1.8539861537938052,-2.586489954219621,-1.1977118324087368,1.9316477122648732,1231.25
986,-1.1850180125672773,-1.8344486149019663,-1.853986151905096,-2.5864899738427236,-1.1977118790333428,1.8266646669484563,1232.5
987,-1.1850180535803916,-1.834448597006765,-1.8539861474404724,-2.5864899967647634,-1.1977119198487773,1.7316816216320405,1233.75
988,-1.185018090275567,-1.8344485809956088,-1.8539861434458889,-2.5864900172735275,-1.1977119563670848,1.6466985763155977,1235.0
989,-1.185018119703179,-1.8344485645268693,-1.853986136754889,-2.5864900408265616,-1.1977119855948026,1.5717155309991588,1236.25
990,-1.1850181428137385,-1.8344485483551307,-1.853986128387859,-2.5864900656651812,-1.1977120084965676,1.5067324856826931,1237.5
991,-1.1850181623679,-1.834448534672002,-1.8539861213083992,-2.5864900866814784,-1.197712027874065,1.4517494403662932,1238.75
992,-1.1850181783656633,-1.8344485234774839,-1.8539861155165083,-2.5864901038754535,-1.1977120437272955,1.406766395049904,1240.0
993,-1.1850181908070283,-1.8344485147715741,-1.8539861110121894,-2.586490117247105,-1.197712056056258,1.3717833497335037,1241.25
994,-1.1850181996919946,-1.8344485085542725,-1.8539861077954425,-2.586490126796433,-1.1977120648609527,1.34680030441712,1242.5
995,-1.1850182050205627,-1.8344485048255796,-1.8539861058662674,-2.5864901325234375,-1.197712070141379,1.3318172591007251,1243.75
996,-1.1859302867446984,-1.836839793565321,-1.8507799360223385,-2.587311465135686,-1.1986225444237182,1.325090849813951,1245.0
997,-1.18740536985983,-1.840707170826924,-1.8455946760147053,-2.588639783000575,-1.2000950287218186,1.3278234786089471,1246.25
998,-1.1875773565146537,-1.8411580977778566,-1.8449900911596964,-2.5887946621958466,-1.20026671528072,1.3387736197389097,1247.5
999,-1.1875773500449187,-1.8411581035800604,-1.8449900912195416,-2.588794665189961,-1.2002667144413315,1.3592318399323833,1248.75
1000,-1.18757734041277,-1.8411581122183875,-1.844990091308639,-2.5887946696476014,-1.200266713191649,1.3896900601258608,1250.0
1001,-1.1875773276182082,-1.8411581236928383,-1.8449900914269888,-2.5887946755687685,-1.2002667115316723,1.4301482803193284,1251.25
1002,-1.187577311804218,-1.8411581379074895,-1.844990091858787,-2.588794681909752,-1.2002667107056766,1.480606497106998,1252.5
1003,-1.187577293350543,-1.8411581546075895,-1.8449900933588075,-2.5887946858986517,-1.2002667140182286,1.541064703123669,1253.75
1004,-1.187577271709944,-1.8411581739702587,-1.8449900951357123,-2.5887946901937267,-1.2002667173645734,1.6115229088597076,1255.0
1005,-1.1875772373219964,-1.8411581889161108,-1.8449900992330992,-2.5887946696831428,-1.2002666842337475,1.6919810983355803,1256.25
1006,-1.1875771986499346,-1.841158205712931,-1.8449901038640613,-2.5887946465178864,-1.200266646899645,1.7824392839773253,1257.5
1007,-1.1875771556792336,-1.8411582243511921,-1.8449901090635723,-2.5887946205462993,-1.2002666052392879,1.882897461199084,1258.75
1008,-1.1875771043044692,-1.8411582376691427,-1.8449901060124267,-2.5887946093016647,-1.2002665540653705,1.993355628130505,1260.0
1009,-1.187577047671025,-1.8411582511385995,-1.844990101393115,-2.588794599594793,-1.2002664974618975,2.1138137877314884,1261.25
1010,-1.1875769861621475,-1.841158260445709,-1.8449900912309511,-2.588794599534075,-1.200266435930135,2.244271940713185,1262.5
1011,-1.1875769197364558,-1.8411582643123707,-1.844990074279814,-2.5887946116403904,-1.2002663694207254,2.3847300904197306,1263.75
1012,-1.1875768509926998,-1.8411582625716871,-1.8449900511982469,-2.5887946354332794,-1.2002663004989742,2.535188237099364,1265.0
1013,-1.1875767808008002,-1.841158253101085,-1.8449900202098382,-2.5887946748180317,-1.200266230002481,2.6956463771055517,1266.25
1014,-1.1875767158547124,-1.8411582343869632,-1.8449899819377606,-2.5887947307826953,-1.2002661646144328,2.861774615840158,1267.5
1015,-1.1875766581997014,-1.8411582122410688,-1.8449899426250849,-2.588794791319094,-1.2002661064780442,3.0190723601953677,1268.75
1016,-1.1875766170826334,-1.8411581825003878,-1.8449899011347188,-2.588794861853921,-1.2002660647933487,3.1663701045506736,1270.0
1017,-1.1875765805714487,-1.8411581535098285,-1.8449898618018743,-2.5887949295519554,-1.200266027736602,3.3036678489059876,1271.25
1018,-1.1875765597829357,-1.8411581209354275,-1.844989823906718,-2.5887949996210073,-1.2002660063790145,3.430965593261369,1272.5
1019,-1.187576542918341,-1.8411580899211846,-1.8449897887381863,-2.588795065466185,-1.2002659889789582,3.54826333761679,1273.75
1020,-1.1875765336382456,-1.8411580600885271,-1.8449897570707274,-2.588795126745225,-1.2002659791988726,3.6555610819722077,1275.0
1021,-1.1875765326675136,-1.8411580312649882,-1.8449897289636432,-2.588795183581641,-1.2002659777624223,3.7528588263276927,1276.25
1022,-1.187576531796551,-1.841158005403861,-1.844989703745323,-2.5887952345765637,-1.2002659764736063,3.84015657068318,1277.5
1023,-1.1875765340181257,-1.8411579823309474,-1.8449896821794647,-2.5887952791847,-1.2002659783288885,3.9174543150386745,1278.75
1024,-1.1875765424054694,-1.8411579618673728,-1.8449896650502926,-2.588795316846096,-1.2002659864052962,3.984752059394186,1280.0
1025,-1.1875765495465094,-1.8411579444445507,-1.8449896504664023,-2.5887953489112587,-1.200265993281603,4.04204980374967,1281.25
1026,-1.1875765554412454,-1.8411579300624834,-1.8449896384277902,-2.5887953753801862,-1.2002659989578093,4.089347548105105,1282.5
1027,-1.1875765600896775,-1.841157918721167,-1.8449896289344607,-2.5887953962528787,-1.2002660034339145,4.1266452924605375,1283.75
1028,-1.1875765634918058,-1.841157910420602,-1.8449896219864135,-2.588795411529337,-1.2002660067099193,4.1539430368159955,1285.0
1029,-1.1875765656476303,-1.841157905160788,-1.844989617583649,-2.5887954212095603,-1.2002660087858228,4.171240781171452,1286.25
1030,-1.1881229669062017,-1.8426081431953623,-1.8430341026993409,-2.5893045369472234,-1.2008113956151427,4.179753021767578,1287.5
1031,-1.1896613170287886,-1.846691190571619,-1.8375284985367324,-2.590737902311431,-1.2023468903380872,4.179346699141876,1288.75
1032,-1.1901008308670098,-1.847857741107588,-1.8359555206565856,-2.591147420670987,-1.202785591658393,4.170204118703416,1290.0
1033,-1.1901008295263424,-1.8478577470478212,-1.8359555235547407,-2.591147417954928,-1.2027855971322203,4.1520977984124645,1291.25
1034,-1.1901008274452332,-1.8478577562688057,-1.8359555280535265,-2.5911474137388084,-1.202785605629206,4.123991478121495,1292.5
1035,-1.1901008246236822,-1.8478577687705418,-1.8359555341529445,-2.591147408022628,-1.2027856171493503,4.0858851578305355,1293.75
1036,-1.190100821059741,-1.8478577845548807,-1.83595554184731,-2.591147400827862,-1.2027856316755101,4.037778837558562,1295.0
1037,-1.1901008162305085,-1.8478578041188403,-1.8359555496112632,-2.591147397917875,-1.2027856446072718,3.9796725216836304,1296.25
1038,-1.1901008105701731,-1.8478578270497248,-1.8359555587113803,-2.5911473945070838,-1.2027856597645679,3.911566205808666,1297.5
1039,-1.1901008097190835,-1.8478578508211596,-1.8359555784281176,-2.5911473587545184,-1.202785663412142,3.833459902856154,1298.75
1040,-1.1901008104441038,-1.8478578768785967,-1.8359556034516546,-2.591147308872728,-1.2027856633979186,3.7453536044624274,1300.0
1041,-1.1901008112217042,-1.847857905872146,-1.8359556313931686,-2.591147252994587,-1.2027856631295348,3.6472473173562188,1301.25
1042,-1.19010082158499,-1.8478579355106777,-1.8359556631984295,-2.5911471921185223,-1.2027856733859306,3.5391410377852086,1302.5
1043,-1.1901008384582599,-1.847857966541415,-1.8359556985400163,-2.591147126014146,-1.2027856907582264,3.421034766034899,1303.75
1044,-1.190100860534139,-1.847857998557365,-1.8359557364569867,-2.591147056436724,-1.2027857133748934,3.2929285017098358,1305.0
1045,-1.1901008970386258,-1.8478580275448404,-1.8359557759222676,-2.591146988607468,-1.202785750430621,3.1548222421004994,1306.25
1046,-1.1901009393539017,-1.8478580564172498,-1.835955817089861,-2.5911469192781977,-1.2027857933077273,3.006715983950474,1307.5
1047,-1.1901009969542575,-1.84785807855217,-1.8359558565048786,-2.5911468586498696,-1.202785851391709,2.848609732747267,1308.75
1048,-1.1901010625155413,-1.8478580961094822,-1.8359558939726588,-2.5911468046527197,-1.2027859173799296,2.682291136722193,1310.0
1049,-1.1901011319305557,-1.8478581054912344,-1.8359559247271295,-2.591146765579479,-1.2027859870980642,2.522641014375929,1311.25
1050,-1.1901012003188227,-1.8478581061842165,-1.8359559467477204,-2.5911467438896807,-1.2027860556467127,2.3729908920295673,1312.5
1051,-1.190101265961424,-1.8478581023812513,-1.8359559635577258,-2.5911467318530397,-1.2027861213710056,2.2333407696831324,1313.75
1052,-1.1901013266834393,-1.8478580923230719,-1.835955972774684,-2.5911467335739555,-1.202786182062829,2.1036906473366708,1315.0
1053,-1.1901013825870128,-1.8478580790392192,-1.8359559773639866,-2.591146743067343,-1.2027862378735392,1.984040524990167,1316.25
1054,-1.1901014329395712,-1.8478580652497467,-1.8359559797307663,-2.591146755204538,-1.2027862881129492,1.8743904026436367,1317.5
1055,-1.1901014754451629,-1.8478580467329158,-1.835955975070367,-2.5911467789660367,-1.2027863304118307,1.7747402802970993,1318.75
1056,-1.1901015136852728,-1.8478580300742729,-1.8359559708776385,-2.5911468003430436,-1.2027863684659745,1.6850901579505058,1320.0
1057,-1.1901015472872103,-1.8478580149778672,-1.8359559667496725,-2.5911468200280354,-1.2027864018970909,1.6054400356039136,1321.25
1058,-1.1901015717563208,-1.8478579978745548,-1.8359559578273212,-2.5911468463723457,-1.2027864261430068,1.5357899132573143,1322.5
1059,-1.1901015927122849,-1.8478579832268462,-1.8359559501859946,-2.5911468689342785,-1.2027864469078213,1.4761397909107459,1323.75
1060,-1.1901016101551025,-1.8478579710347438,-1.8359559438256892,-2.5911468877138333,-1.2027864641915345,1.426489668564202,1325.0
1061,-1.1901016240847733,-1.8478579612982458,-1.8359559387464084,-2.59114690271101,-1.2027864779941457,1.3868395462176961,1326.25
1062,-1.1901016345012971,-1.8478579540173512,-1.8359559349481527,-2.591146913925808,-1.2027864883156554,1.3571894238711506,1327.5
1063,-1.190101641404674,-1.8478579491920601,-1.8359559324309225,-2.591146921358228,-1.202786495156063,1.3375393015246075,1328.75
1064,-1.1903495902509629,-1.8485241752130426,-1.8350525346918665,-2.5913858234951657,-1.203033959791483,1.327206311140741,1330.0
1065,-1.1918258863832383,-1.8524909791360042,-1.829673604250861,-2.5928082530645455,-1.2045073731876836,1.3252393769814148,1331.25
1066,-1.1925918161219897,-1.8545490398147437,-1.8268829061367837,-2.5935462389870394,-1.2052718091938228,1.3325443819924814,1332.5
1067,-1.1925918111933536,-1.8545490442270989,-1.8268829061577607,-2.5935462413566106,-1.2052718084556362,1.348263705443219,1333.75
1068,-1.192591803129318,-1.8545490514464165,-1.826882906192082,-2.5935462452336067,-1.205271807247845,1.3739830288939605,1335.0
1069,-1.1925917919298827,-1.8545490614726967,-1.8268829062397476,-2.593546250618028,-1.2052718055704492,1.4097023523447059,1336.25
1070,-1.192591777595048,-1.8545490743059394,-1.8268829063007581,-2.5935462575098747,-1.2052718034234486,1.4554216757954128,1337.5
1071,-1.1925917606002696,-1.854549089632031,-1.8268829073063966,-2.593546262512572,-1.2052718049871545,1.5111409860588338,1338.75
1072,-1.1925917407117146,-1.8545491076054559,-1.826882908798651,-2.5935462672965803,-1.20527180820566,1.5768602923197166,1340.0
1073,-1.1925917127482304,-1.8545491245037762,-1.826882911696,-2.5935462591115606,-1.205271792684741,1.6525795895638744,1341.25
1074,-1.1925916765552478,-1.8545491402103467,-1.826882916034511,-2.593546237538169,-1.2052717578356782,1.738298879235514,1342.5
1075,-1.1925916361130748,-1.8545491577305713,-1.826882920947309,-2.593546213154844,-1.205271718690824,1.8340181585267112,1343.75
1076,-1.1925915896061636,-1.8545491738898097,-1.826882922465931,-2.593546193874193,-1.2052716730129318,1.9397374310849789,1345.0
1077,-1.192591535858558,-1.8545491866397676,-1.8268829180530333,-2.593546184715222,-1.2052716192998163,2.0554566953146,1346.25
1078,-1.1925914774650601,-1.854549200492765,-1.8268829132549795,-2.5935461747791417,-1.2052715609340228,2.181175951252395,1347.5
1079,-1.1925914140561134,-1.8545492041832101,-1.8268828969893627,-2.593546186418776,-1.2052714974439673,2.3168952009826453,1348.75
1080,-1.1925913459740292,-1.8545492081107373,-1.8268828794908294,-2.593546198985781,-1.2052714292750206,2.4626144506781427,1350.0
1081,-1.1925912785170558,-1.8545491993906909,-1.8268828498951264,-2.5935462362692316,-1.2052713615284778,2.61833369353082,1351.25
1082,-1.1925912092125976,-1.8545491872189483,-1.8268828163658188,-2.5935462809008043,-1.2052712918743274,2.783713279277654,1352.5
1083,-1.1925911505372744,-1.8545491646632934,-1.8268827760705655,-2.5935463428128016,-1.2052712327036792,2.945746588631341,1353.75
1084,-1.1925911013882668,-1.8545491393745772,-1.8268827361011017,-2.593546407267063,-1.2052711830357956,3.0977798979850535,1355.0
1085,-1.1925910640719954,-1.8545491097416162,-1.8268826956133692,-2.5935464767489256,-1.205271145155959,3.2398132073388384,1356.25
1086,-1.1925910351609643,-1.8545490796799484,-1.826882657340403,-2.5935465445692416,-1.2052711156928155,3.3718465166926483,1357.5
1087,-1.192591017825606,-1.854549047809532,-1.8268826209333302,-2.5935466125005693,-1.2052710978013095,3.493879826046532,1358.75
1088,-1.1925910019107908,-1.8545490185507374,-1.8268825875096228,-2.593546674865275,-1.2052710813759204,3.6059131354004643,1360.0
1089,-1.1925910004207376,-1.8545489888173758,-1.8268825581407002,-2.5935467338641622,-1.2052710793991965,3.7079464447543846,1361.25
1090,-1.1925909995122612,-1.854548961894738,-1.8268825316860242,-2.5935467871544438,-1.2052710780510212,3.7999797541083464,1362.5
1091,-1.1925909987024967,-1.8545489378974174,-1.826882508105813,-2.5935468346544,-1.2052710768493338,3.882013063462329,1363.75
1092,-1.1925910058215055,-1.8545489163737605,-1.826882489412469,-2.5935468749191317,-1.2052710836340164,3.954046372816313,1365.0
1093,-1.1925910134585307,-1.8545488977512319,-1.8268824737013583,-2.593546909316163,-1.2052710909850175,4.01607968217029,1366.25
1094,-1.192591019864439,-1.8545488821307257,-1.8268824605229346,-2.5935469381682656,-1.2052710971510097,4.068112991524216,1367.5
1095,-1.1925910250392304,-1.8545488695122412,-1.8268824498771998,-2.5935469614754387,-1.205271102131993,4.110146300878132,1368.75
1096,-1.1925910289829051,-1.8545488598957767,-1.8268824417641552,-2.5935469792376824,-1.205271105927968,4.142179610232073,1370.0
1097,-1.1925910316954629,-1.8545488532813328,-1.8268824361838005,-2.5935469914549967,-1.205271108538934,4.164212919585997,1371.25
1098,-1.1926395738232138,-1.8546808932101888,-1.8267023905469666,-2.5935953336910904,-1.2053195510442078,4.1764084165551925,1372.5
1099,-1.1939170002365653,-1.8581558346945395,-1.8219642756722703,-2.5948673630515176,-1.2065943571961313,4.180731888825281,1373.75
1100,-1.1950419580419802,-1.8612160260777189,-1.8177916821923814,-2.5959875659511753,-1.2077170094954088,4.175285411339023,1375.0
1101,-1.1950476896023197,-1.8612316244813196,-1.8177704216320165,-2.5959932723859014,-1.207722734203851,4.16196453243891,1376.25
1102,-1.1950476878740526,-1.8612316320490268,-1.8177704252969153,-2.5959932690877783,-1.2077227410581668,4.138664222471445,1377.5
1103,-1.1950476854040502,-1.861231642864634,-1.8177704305347115,-2.5959932643741714,-1.2077227508542094,4.105363912503976,1378.75
1104,-1.1950476821923117,-1.8612316569281415,-1.8177704373454047,-2.5959932582450804,-1.2077227635919796,4.062063602536519,1380.0
1105,-1.1950476779753134,-1.8612316744865574,-1.8177704449704846,-2.5959932535485364,-1.2077227769295489,4.008763296286,1381.25
1106,-1.1950476727083355,-1.8612316955817996,-1.8177704532812342,-2.595993250767841,-1.2077227904695,3.945462993406836,1382.5
1107,-1.1950476687084892,-1.8612317190627197,-1.8177704663822936,-2.5959932356633963,-1.2077228012314911,3.872162695528389,1383.75
1108,-1.195047669388301,-1.8612317433900236,-1.8177704899266527,-2.595993188915383,-1.2077228012223282,3.7888624092324577,1385.0
1109,-1.1950476701317378,-1.8612317706240833,-1.8177705163469637,-2.5959931363440614,-1.2077228010576042,3.69556213031371,1386.25
1110,-1.1950476732452215,-1.8612318002092476,-1.8177705458808924,-2.5959930781584983,-1.2077228033250993,3.592261858278417,1387.5
1111,-1.1950476892385906,-1.861231829610302,-1.8177705796206594,-2.5959930152736836,-1.2077228197926007,3.4789615960461453,1388.75
1112,-1.1950477066451717,-1.8612318616053167,-1.8177706163413094,-2.5959929468278045,-1.2077228377278613,3.3556613424847312,1390.0
1113,-1.1950477376514406,-1.8612318909010888,-1.8177706546763028,-2.595992879719053,-1.2077228692753414,3.222361094595204,1391.25
1114,-1.1950477750756714,-1.8612319206172425,-1.8177706954289892,-2.5959928098895624,-1.2077229072709137,3.079060848231052,1392.5
1115,-1.1950478262328674,-1.8612319446427212,-1.8177707349399992,-2.5959927471835287,-1.2077229589344987,2.925760606780723,1393.75
1116,-1.1950478850124853,-1.8612319672435906,-1.8177707754541095,-2.595992685009552,-1.2077230182130867,2.762460371660353,1395.0
1117,-1.1950479549666686,-1.861231977595302,-1.817770807523097,-2.595992643663749,-1.207723088490592,2.5980407068576428,1396.25
1118,-1.1950480221365214,-1.8612319845878134,-1.8177708354394568,-2.5959926097789943,-1.2077231559227208,2.4435878272343197,1397.5
1119,-1.1950480892214257,-1.86123198073359,-1.8177708527436447,-2.5959925973224816,-1.2077232230924106,2.2991349476109786,1398.75
1120,-1.1950481516151459,-1.8612319757515603,-1.8177708674740791,-2.595992588494271,-1.207723285542146,2.16468206798754,1400.0
1121,-1.1950482090640275,-1.861231962134017,-1.8177708722242403,-2.595992598184449,-1.207723342894988,2.040229188364063,1401.25
1122,-1.195048261896797,-1.8612319496106726,-1.817770876592709,-2.595992607096008,-1.2077233956394355,1.925776308740569,1402.5
1123,-1.1950483071145,-1.861231932669495,-1.8177708742585164,-2.5959926270021327,-1.2077234406798225,1.8213234291170206,1403.75
1124,-1.1950483469187383,-1.861231915356995,-1.8177708698620418,-2.595992649259845,-1.2077234802887493,1.7268705494934689,1405.0
1125,-1.1950483825087879,-1.8612318998774229,-1.8177708659310305,-2.5959926691610695,-1.2077235157041657,1.6424176698698756,1406.25
1126,-1.1950484107348913,-1.8612318837297392,-1.817770859035623,-2.5959926925827945,-1.207723543728492,1.5679647902463147,1407.5
1127,-1.1950484331055486,-1.8612318681117548,-1.8177708508184707,-2.5959927167103767,-1.2077235658931318,1.503511910622742,1408.75
1128,-1.1950484520053517,-1.8612318549169347,-1.8177708438762255,-2.595992737094514,-1.2077235846188814,1.4490590309991767,1410.0
1129,-1.1950484674343005,-1.8612318441452789,-1.8177708382088862,-2.5959927537352074,-1.207723599905741,1.4046061513756805,1411.25
1130,-1.1950484793923943,-1.861231835796786,-1.8177708338164567,-2.5959927666324547,-1.20772361175371,1.3701532717521587,1412.5
1131,-1.195048487879634,-1.8612318298714556,-1.8177708306989362,-2.595992775786257,-1.2077236201627881,1.345700392128626,1413.75
1132,-1.1950484928960183,-1.861231826369288,-1.817770828856325,-2.5959927811966135,-1.2077236251329755,1.3312475125050955,1415.0
1133,-1.1959834606192614,-1.863806732732879,-1.8142406917045462,-2.5969544512357357,-1.2086565809114067,1.3248867820477928,1416.25
1134,-1.1973467196705132,-1.867561170540807,-1.8090934496510724,-2.5983566458768568,-1.2100169072728841,1.3280783073910372,1417.5
1135,-1.1974723896656152,-1.8679072801937067,-1.8086189459871573,-2.5984859102807616,-1.210142309740044,1.3393274133802497,1418.75
1136,-1.197472383184955,-1.8679072859857373,-1.8086189459842144,-2.598485913504943,-1.2101423086425627,1.3601747758729785,1420.0
1137,-1.1974723735956712,-1.8679072945560717,-1.80861894597986,-2.5984859182756894,-1.2101423070186446,1.3910221383657255,1421.25
1138,-1.1974723608977638,-1.86790730590471,-1.808618945974094,-2.5984859245930014,-1.2101423048682896,1.4318695008584341,1422.5
1139,-1.197472345255536,-1.8679073199246052,-1.8086189462843725,-2.598485931307191,-1.210142303650941,1.4827168582667376,1423.75
1140,-1.1974723269977885,-1.867907336401538,-1.8086189475459835,-2.5984859361175223,-1.2101423062872128,1.5435642026386542,1425.0
1141,-1.197472305259074,-1.867907355217088,-1.8086189491362916,-2.598485940374711,-1.21014230753228,1.6144115460677184,1426.25
1142,-1.1974722715321329,-1.867907369831296,-1.8086189532044337,-2.5984859202828106,-1.2101422750762056,1.6952588738348604,1427.5
1143,-1.1974722336229233,-1.8679073862453792,-1.8086189578039096,-2.5984858975856375,-1.2101422385141538,1.7861061972051804,1428.75
1144,-1.1974721915202633,-1.8679074044511466,-1.8086189629644491,-2.598485872156325,-1.2101421977494866,1.8869535124981536,1430.0
1145,-1.1974721410222697,-1.8679074171336194,-1.8086189595563713,-2.5984858619796762,-1.2101421474026581,1.9978008170317307,1431.25
1146,-1.197472085563289,-1.867907430258857,-1.8086189549679044,-2.5984858525986514,-1.2101420919747206,2.1186481142744538,1432.5
1147,-1.1974720253302467,-1.8679074388831458,-1.8086189444545724,-2.5984858535869284,-1.2101420317149456,2.249495404963531,1433.75
1148,-1.1974719603104247,-1.8679074426053317,-1.8086189276201818,-2.5984858657382937,-1.210141966610586,2.390342692552324,1435.0
1149,-1.1974718932389377,-1.8679074403426281,-1.8086189042754492,-2.5984858903368737,-1.210141899352653,2.541189976843772,1436.25
1150,-1.197471824554946,-1.8679074310248343,-1.8086188735102289,-2.598485929366187,-1.2101418303635358,2.702037254546338,1437.5
1151,-1.197471761657957,-1.8679074122233754,-1.8086188352749049,-2.5984859854103624,-1.2101417670182757,2.8680227469094977,1438.75
1152,-1.197471705518209,-1.8679073906351065,-1.8086187964372618,-2.598486044937352,-1.210141710399373,3.024924724932203,1440.0
1153,-1.1974716660677864,-1.8679073612748787,-1.8086187552409116,-2.598486114824047,-1.210141670379013,3.1718267029549896,1441.25
1154,-1.197471630527767,-1.8679073330586575,-1.8086187163972862,-2.5984861812756566,-1.210141634296519,3.3087286809778083,1442.5
1155,-1.197471610904381,-1.8679073011144314,-1.8086186789142054,-2.598486250323073,-1.210141614104626,3.43563065900068,1443.75
1156,-1.1974715944947336,-1.8679072709628073,-1.8086186441999668,-2.5984863148620034,-1.2101415971630523,3.552532637023617,1445.0
1157,-1.1974715860091614,-1.8679072418466434,-1.8086186129963742,-2.5984863749762934,-1.2101415881801207,3.6594346150465515,1446.25
1158,-1.1974715850626247,-1.8679072138570998,-1.8086185852714753,-2.598486430601213,-1.2101415867714373,3.7563365930695323,1447.5
1159,-1.1974715842137678,-1.8679071887560008,-1.8086185604076994,-2.5984864804858043,-1.2101415855081257,3.8432385710925328,1448.75
1160,-1.1974715867515242,-1.8679071663550793,-1.8086185392565604,-2.5984865240155712,-1.2101415876833086,3.920140549115521,1450.0
1161,-1.1974715948885701,-1.86790714652768,-1.8086185223909224,-2.5984865607771033,-1.2101415955124801,3.987042527138531,1451.25
1162,-1.197471601809352,-1.86790712966393,-1.8086185080462314,-2.5984865920438005,-1.2101416021714066,4.043944505161505,1452.5
1163,-1.19747160751387,-1.8679071157638318,-1.8086184962224854,-2.598486617815663,-1.2101416076600877,4.090846483184438,1453.75
1164,-1.1974716120021243,-1.8679071048273823,-1.8086184869196875,-2.598486638092691,-1.210141611978524,4.12774846120737,1455.0
1165,-1.1974716152741147,-1.8679070968545815,-1.808618480137838,-2.598486652874884,-1.210141615126715,4.154650439230311,1456.25
1166,-1.1974716173298412,-1.867907091845429,-1.808618475876937,-2.598486662162242,-1.2101416171046608,4.171552417253265,1457.5
1167,-1.1980351800520401,-1.8694784246293032,-1.8064525661994495,-2.5990850951096376,-1.2107039090574547,4.179785368109013,1458.75
1168,-1.1994844500238246,-1.8735193114308517,-1.80088266188512,-2.600624029489193,-1.2121499117674486,4.1790524778965805,1460.0
1169,-1.1998633025714405,-1.8745756414095347,-1.799426636267299,-2.601026320550963,-1.2125279134399416,4.169695459647499,1461.25
1170,-1.199863301207433,-1.8745756473139554,-1.799426639107867,-2.601026318096785,-1.212527918696119,4.1513317549730875,1462.5
1171,-1.199863299100652,-1.8745756564336427,-1.799426643495273,-2.601026314306179,-1.212527926814561,4.122968050298644,1463.75
1172,-1.1998632962510971,-1.8745756687685966,-1.7994266494295172,-2.6010263091791446,-1.2125279377952671,4.08460434562421,1465.0
1173,-1.1998632926440256,-1.8745756843324675,-1.799426656868676,-2.6010263028720897,-1.2125279515058958,4.036240641165901,1466.25
1174,-1.1998632877842266,-1.8745757035837607,-1.7994266644045913,-2.6010263006386047,-1.212527963501239,3.9778769434136647,1467.5
1175,-1.1998632820917523,-1.8745757261335587,-1.7994266732317052,-2.6010262980224357,-1.2125279775518574,3.90951324566141,1468.75
1176,-1.1998632814059467,-1.8745757493280826,-1.7994266930877716,-2.6010262618832467,-1.2125279805011795,3.831149561330898,1470.0
1177,-1.199863282116201,-1.8745757748045893,-1.7994267179648964,-2.601026212660648,-1.2125279804525915,3.7427858814788024,1471.25
1178,-1.1998632828800635,-1.8745758031427457,-1.799426745734698,-2.6010261575399394,-1.2125279801662392,3.6444222127852317,1472.5
1179,-1.199863293393534,-1.8745758320243764,-1.7994267773657817,-2.601026097540955,-1.2125279906141824,3.536058551939868,1473.75
1180,-1.1998633099055622,-1.874575862355759,-1.7994268124567467,-2.6010260323776686,-1.212528007627599,3.4176948988881626,1475.0
1181,-1.1998633319097352,-1.874575893472674,-1.7994268500523494,-2.601025964018444,-1.2125280301729775,3.289331253233367,1476.25
1182,-1.1998633676168284,-1.8745759218144846,-1.799426889224504,-2.601025897114088,-1.2125280664308629,3.1509676122068515,1477.5
1183,-1.1998634093870684,-1.8745759497765027,-1.7994269299386503,-2.6010258291381176,-1.2125281087587796,3.0026039728280756,1478.75
1184,-1.199863465713613,-1.8745759714366335,-1.7994269690513915,-2.601025769267648,-1.2125281655687545,2.8442403403273677,1480.0
1185,-1.1998635290742086,-1.8745759881407005,-1.7994270055102648,-2.6010257170992452,-1.2125282293464978,2.6801331507320314,1481.25
1186,-1.1998635950020833,-1.8745759970917506,-1.7994270351515977,-2.6010256795190667,-1.2125282955690804,2.5248178001998394,1482.5
1187,-1.1998636596987677,-1.874575998126374,-1.7994270566142272,-2.6010256579943922,-1.212528360426894,2.3795024496676054,1483.75
1188,-1.1998637217933248,-1.8745759945837313,-1.799427072750603,-2.6010256463219905,-1.2125284226011375,2.24418709913531,1485.0
1189,-1.1998637791258098,-1.8745759861883056,-1.7994270826070715,-2.6010256456979177,-1.2125284799225016,2.1188717486029605,1486.25
1190,-1.1998638317236143,-1.8745759737490344,-1.7994270869882723,-2.6010256545111705,-1.21252853243181,2.0035563980705886,1487.5
1191,-1.1998638797602064,-1.8745759623884843,-1.7994270909895356,-2.601025662560151,-1.2125285803875798,1.8982410475381757,1488.75
1192,-1.1998639195435306,-1.8745759453254047,-1.7994270867715243,-2.601025684391968,-1.2125286199774576,1.8029256970057528,1490.0
1193,-1.1998639550690755,-1.8745759298983669,-1.7994270828178611,-2.601025704263945,-1.212528655327117,1.7176103464732828,1491.25
1194,-1.199863986430594,-1.8745759162795683,-1.7994270793276124,-2.601025721806685,-1.2125286865333662,1.6422949959408357,1492.5
1195,-1.1998640111820156,-1.8745759025274709,-1.7994270736173708,-2.6010257416032743,-1.2125287111126002,1.5769796454083567,1493.75
1196,-1.19986403015238,-1.874575889300114,-1.7994270665966177,-2.60102576210038,-1.2125287299065797,1.5216642948759302,1495.0
1197,-1.1998640456932508,-1.8745758784640205,-1.7994270608450875,-2.6010257788919855,-1.2125287453029527,1.476348944343549,1496.25
1198,-1.1998640578046282,-1.874575870019192,-1.799427056362779,-2.6010257919780906,-1.2125287573017198,1.441033593811154,1497.5
1199,-1.1998640664865121,-1.8745758639656263,-1.7994270531496936,-2.6010258013586958,-1.2125287659028805,1.4157182432787363,1498.75
1200,-1.1998640717389022,-1.8745758603033236,-1.7994270512058324,-2.6010258070337997,-1.2125287711064343,1.4004028927463212,1500.0
1201,-1.1996811042186146,-1.874072106954714,-1.800145486591446,-2.6008098931505166,-1.2123463740485503,1.3946722797133462,1501.25
1202,-1.1992558336470187,-1.8729012547861068,-1.8018153226409455,-2.6003080460589305,-1.2119224294349284,1.3977794195526185,1502.5
1203,-1.1991520505702098,-1.8726155337563726,-1.8022228153258064,-2.6001855756398715,-1.2118189699698756,1.4102516634539066,1503.75
1204,-1.1989650562624226,-1.8721007272212582,-1.8029570276355282,-2.5999649108461442,-1.2116325587393888,1.4327239073551858,1505.0
1205,-1.1986948507236572,-1.8713568351807646,-1.8040179595701118,-2.59964605167775,-1.2113631957434685,1.4651961512564708,1506.25
1206,-1.1983399680131657,-1.870383643472538,-1.8054037602677167,-2.59923104886714,-1.211009406652556,1.507668436761051,1507.5
1207,-1.1978982018485056,-1.8691808301705959,-1.8071116433436294,-2.5987229892150814,-1.2105689725574738,1.5601408083044959,1508.75
1208,-1.197372245442073,-1.8677487889403992,-1.8091450087687646,-2.598118105341605,-1.2100446020817532,1.6226131798480052,1510.0
1209,-1.196759809089749,-1.8660871435113284,-1.8115010595416199,-2.5974195472814,-1.209433993852759,1.6950856213990035,1511.25
1210,-1.1960599780483103,-1.8641957438810668,-1.8141786776181816,-2.5966285737969574,-1.2087362284646512,1.7775581461262004,1512.5
1211,-1.19527251128873,-1.8620745226358077,-1.8171776282257557,-2.5957454849568116,-1.2079510629514791,1.8700307491948434,1513.75
1212,-1.1943960711284825,-1.8597232468029632,-1.8204963055594878,-2.594772106120357,-1.2070771524719661,1.9725034547726783,1515.0
1213,-1.1934280944404962,-1.8571414068857184,-1.8241317718401007,-2.5937118587752637,-1.206111920667274,2.0849763230046614,1516.25
1214,-1.1923693163951867,-1.8543291090865863,-1.8280849580418135,-2.5925637129995667,-1.205056106787959,2.207449316499847,1517.5
1215,-1.191217645065057,-1.851285923946173,-1.8323534968376407,-2.591330444383347,-1.2039076081764213,2.339922475622554,1518.75
1216,-1.1899696414652938,-1.8480110921469008,-1.836933614829013,-2.5900165505630004,-1.202662968558398,2.482395868400474,1520.0
1217,-1.1886245861048337,-1.844504374631096,-1.8418247009486577,-2.5886228739594053,-1.2013214653654836,2.6348694856218153,1521.25
1218,-1.187187156002816,-1.8407818571616252,-1.8470020460797683,-2.587158064474967,-1.1998877510281436,2.796624650032736,1522.5
1219,-1.1857801887493151,-1.8371636914696692,-1.8520191922003058,-2.585749278026553,-1.1984843393819118,2.953737057476267,1523.75
1220,-1.184453036709122,-1.8337734804553172,-1.8567067394406183,-2.5844426596685386,-1.1971604689595696,3.1008496818385867,1525.0
1221,-1.183207800296839,-1.8306116643656354,-1.8610670453496434,-2.5832354329060965,-1.1959182508957982,3.2379624820434687,1526.25
1222,-1.1820466319104892,-1.8276787353127601,-1.8651024340529454,-2.5821248035347497,-1.1947598482956847,3.365075420367187,1527.5
1223,-1.1809697132666583,-1.8249746943079104,-1.8688131930675285,-2.5811104846690625,-1.1936854440568627,3.4821884978984516,1528.75
1224,-1.1799786569003334,-1.8224999090653662,-1.8722010662764923,-2.580190381198455,-1.1926966587447088,3.5893016852886017,1530.0
1225,-1.179077560773429,-1.8202554734352374,-1.8752701253454584,-2.579359370391884,-1.1917976096331913,3.686414919386219,1531.25
1226,-1.1782632243215676,-1.8182404850979816,-1.8780172990016624,-2.5786213921507226,-1.1909850814056053,3.773528257231498,1532.5
1227,-1.177541924414734,-1.8164566769973485,-1.8804486935803306,-2.577968673060019,-1.1902653801157832,3.8506416017623035,1533.75
1228,-1.1769093368982801,-1.8149028178776283,-1.882560187469515,-2.5774065203906265,-1.1896341617632253,3.9177550244627892,1535.0
1229,-1.1763710058645096,-1.8135804860824294,-1.8843570656224973,-2.5769281293067374,-1.1890969958858897,3.9748684471632214,1536.25
1230,-1.1759262209245367,-1.8124894737786263,-1.8858386636128852,-2.5765343645423537,-1.1886531688733541,4.021981879915649,1537.5
1231,-1.1755734855042397,-1.8116293429876404,-1.8870035819664743,-2.576227047696498,-1.1883011773651189,4.0590953506209875,1538.75
1232,-1.1753157925075137,-1.811000969231133,-1.8878546201219977,-2.57600253551429,-1.1880440278378532,4.086208821326314,1540.0
1233,-1.175153141934359,-1.8106043525091036,-1.8883917780794552,-2.57586082799573,-1.1878817202915575,4.1033222920316454,1541.25
1234,-1.1749985862205867,-1.8102279276608535,-1.8889013182840653,-2.5757266034128024,-1.1877274894291643,4.110600617879112,1542.5
1235,-1.1744135709148473,-1.808804582654952,-1.8908271175247227,-2.5752199473788497,-1.1871437001342562,4.108863647449507,1543.75
1236,-1.1744133171868207,-1.8088045115938403,-1.890826886210176,-2.575220246741075,-1.1871434456068717,4.098027446861895,1545.0
1237,-1.1744128293102798,-1.808804374955212,-1.8908264414310063,-2.5752208223645425,-1.1871429561932996,4.077191246274278,1546.25
1238,-1.1744121072852245,-1.8088041727390682,-1.8908257831872146,-2.575221674249253,-1.1871422318935398,4.046355045686671,1547.5
1239,-1.1744111510168902,-1.808803905055694,-1.890824911160594,-2.5752228035873466,-1.1871412718691556,4.005518868091503,1548.75
1240,-1.1744099605470648,-1.8088035718562412,-1.8908238254918295,-2.575224209851421,-1.1871400764910451,3.954682696925438,1550.0
1241,-1.1744085713428076,-1.8088031834943255,-1.8908225590092484,-2.5752258499963023,-1.1871386815599447,3.8938465262449857,1551.25
1242,-1.1744085720303847,-1.80880320527744,-1.890822579552119,-2.5752258080819463,-1.1871386822887549,3.8230103740451735,1552.5
1243,-1.1744085728137172,-1.8088032301349293,-1.8908226029979025,-2.5752257602378688,-1.187138683109651,3.7421742225904424,1553.75
1244,-1.174408573683964,-1.8088032580616251,-1.8908226293658847,-2.575225706378819,-1.187138683949766,3.651338076476452,1555.0
1245,-1.1744085828661448,-1.808803287071551,-1.890822659378212,-2.5752256477221733,-1.1871386933812405,3.5505019371005258,1556.25
1246,-1.1744085992957165,-1.8088033174226386,-1.890822692939068,-2.575225584120253,-1.1871387103039246,3.4396658046403816,1557.5
1247,-1.174408617879652,-1.8088033502171492,-1.890822729457319,-2.575225515152928,-1.1871387294263216,3.318829678927803,1558.75
1248,-1.1744086537603655,-1.8088033788116495,-1.890822767320098,-2.5752254493108566,-1.1871387658294459,3.187993562576662,1560.0
1249,-1.174408692383513,-1.8088034095916954,-1.890822808076714,-2.575225378436637,-1.1871388050150509,3.0471574498526763,1561.25
1250,-1.1744087485092434,-1.8088034321731536,-1.890822846492813,-2.5752253183390814,-1.1871388616114182,2.896321337588208,1562.5
1251,-1.1744088105855137,-1.8088034541006326,-1.8908228861177698,-2.5752252577733836,-1.1871389241606252,2.7354852335380015,1563.75
1252,-1.1744088840115403,-1.808803463987684,-1.89082291790718,-2.5752252172181387,-1.1871389978958555,2.5727358168438794,1565.0
1253,-1.1744089547091767,-1.8088034690140584,-1.890822944293364,-2.5752251868722897,-1.1871390688211632,2.419884914644987,1566.25
1254,-1.174409024385695,-1.8088034648758924,-1.890822961755502,-2.57522517457363,-1.1871391385803367,2.2770340124460664,1567.5
1255,-1.1744090890749823,-1.8088034577443055,-1.890822974876764,-2.575225169526474,-1.1871392032950834,2.1441831102470905,1568.75
1256,-1.1744091486378319,-1.80880344345181,-1.8908229796986695,-2.575225179842807,-1.187139262760938,2.0213322080480713,1570.0
1257,-1.1744092033522988,-1.8088034303227225,-1.890822984128067,-2.5752251893193967,-1.1871393173863058,1.9084813058490282,1571.25
1258,-1.1744092493982952,-1.80880341130061,-1.8908229803640773,-2.575225212736521,-1.1871393632330305,1.805630403649928,1572.5
1259,-1.1744092904979295,-1.8088033932609184,-1.8908229760075084,-2.575225235692985,-1.1871394041382606,1.7127795014508391,1573.75
1260,-1.1744093271711529,-1.808803377164096,-1.8908229721201366,-2.575225256177049,-1.1871394406380174,1.629928599251733,1575.0
1261,-1.174409355243304,-1.8088033596832265,-1.89082296429674,-2.5752252818492014,-1.187139468496961,1.5570776970526063,1576.25
1262,-1.174409378157707,-1.8088033435623998,-1.8908229561708167,-2.5752253063909527,-1.1871394912084638,1.494226794853477,1577.5
1263,-1.1744093974262755,-1.8088033300065063,-1.8908229493377808,-2.5752253270279466,-1.187139510306415,1.4413758926543978,1578.75
1264,-1.1744094130490086,-1.8088033190155453,-1.890822943797632,-2.5752253437601844,-1.1871395257908142,1.3985249904553734,1580.0
1265,-1.1744094250259067,-1.8088033105895154,-1.8908229395503728,-2.575225356587665,-1.1871395376616607,1.3656740882562948,1581.25
1266,-1.1744094333569697,-1.8088033047284164,-1.8908229365960032,-2.5752253655103874,-1.1871395459189544,1.3428231860572186,1582.5
1267,-1.1744295012696881,-1.808853328920585,-1.8907573119530467,-2.5752411115466503,-1.1871595854178814,1.3299114412015882,1583.75
1268,-1.17575493021148,-1.8121582736937447,-1.8864220882818574,-2.5762810042166118,-1.1884831400088915,1.3249471311866932,1585.0
1269,-1.1770918718555499,-1.8154919364288347,-1.8820491983587313,-2.5773299307900133,-1.189818192452399,1.3298049390387758,1586.25
1270,-1.1771153740125815,-1.8155505529444902,-1.8819723138009943,-2.5773483748725896,-1.1898416651022488,1.342615198866399,1587.5
1271,-1.1771153666919512,-1.8155505595450376,-1.8819723139258704,-2.5773483779838804,-1.1898416644092131,1.3653534832828873,1588.75
1272,-1.177115356151804,-1.8155505690484195,-1.8819723141056661,-2.577348382463476,-1.1898416634113897,1.3980917676993658,1590.0
1273,-1.1771153423921392,-1.815550581454636,-1.8819723143403804,-2.577348388311377,-1.1898416621087784,1.4408300521158481,1591.25
1274,-1.1771153257023452,-1.8155505965648584,-1.8819723152197092,-2.577348393331848,-1.1898416629676865,1.4935683353828715,1592.5
1275,-1.177115306206435,-1.815550614293882,-1.881972316996357,-2.5773483965839397,-1.1898416670450125,1.5563066173595579,1593.75
1276,-1.177115281245683,-1.8155506331631535,-1.8819723194756448,-2.577348394553996,-1.1898416627467268,1.6290448953469474,1595.0
1277,-1.1771152449978264,-1.8155506490094544,-1.881972323693562,-2.57734837291597,-1.1898416277812676,1.7117831609784044,1596.25
1278,-1.177115204349963,-1.8155506667598782,-1.8819723284627314,-2.577348348479854,-1.189841588432428,1.8045214201209214,1597.5
1279,-1.1771151588189988,-1.8155506855699322,-1.8819723327733044,-2.5773483232623082,-1.1898415440770294,1.9072596724988011,1598.75
1280,-1.1771151044921149,-1.815550698580461,-1.8819723283754408,-2.5773483138251843,-1.1898414897831946,2.0199979144214018,1600.0
1281,-1.1771150453451795,-1.8155507127462869,-1.8819723235836365,-2.57734830356576,-1.1898414306630865,2.142736148303396,1601.25
1282,-1.1771149811142556,-1.8155507199290617,-1.88197231063495,-2.5773483083840545,-1.1898413663845548,2.275474376426879,1602.5
1283,-1.1771149119260078,-1.815550724012532,-1.881972293236532,-2.577348320683634,-1.1898412971120473,2.418212602626819,1603.75
1284,-1.1771148416589263,-1.815550719144557,-1.8819722670689378,-2.5773483506603014,-1.189841226619317,2.570950824212012,1605.0
1285,-1.1771147686948042,-1.815550709291863,-1.8819722353743844,-2.5773483910931594,-1.1898411533462325,2.7336890393466087,1606.25
1286,-1.1771147053514297,-1.8155506870386455,-1.8819721949440822,-2.577348452770305,-1.1898410895198823,2.8985827110868403,1607.5
1287,-1.1771146486688937,-1.815550663500097,-1.8819721553475117,-2.577348514994579,-1.189841032348339,3.0536070410271843,1608.75
1288,-1.1771146091441553,-1.8155506319860455,-1.8819721135012308,-2.5773485876769278,-1.1898409922460176,3.198631370967595,1610.0
1289,-1.1771145735368882,-1.8155506021222152,-1.8819720744136246,-2.577348656013395,-1.1898409560953302,3.333655700908102,1611.25
1290,-1.177114555116429,-1.8155505680891437,-1.8819720366734456,-2.5773487274157647,-1.1898409371025676,3.4586800308486976,1612.5
1291,-1.1771145381693202,-1.8155505367781961,-1.8819720019518864,-2.577348793107055,-1.1898409196289306,3.573704360789393,1613.75
1292,-1.1771145321574137,-1.8155505059224404,-1.8819719710174967,-2.5773488547201073,-1.1898409131208167,3.6787286907302135,1615.0
1293,-1.1771145311886348,-1.8155504769335333,-1.8819719433916895,-2.577348911238121,-1.1898409116957749,3.77375302067112,1616.25
1294,-1.1771145303218065,-1.8155504509953142,-1.8819719186731132,-2.577348961808393,-1.189840910420699,3.85877735061209,1617.5
1295,-1.177114534864081,-1.815550427794584,-1.8819718981962756,-2.577349005487751,-1.1898409146090883,3.933801680553191,1618.75
1296,-1.1771145431722927,-1.8155504074283113,-1.8819718815479973,-2.5773490425682133,-1.1898409226158118,3.998826010494497,1620.0
1297,-1.1771145502027962,-1.8155503901941397,-1.8819718674600332,-2.577349073946124,-1.1898409293911922,4.053850340435962,1621.25
1298,-1.1771145559555916,-1.8155503760920708,-1.8819718559323824,-2.5773490996214825,-1.1898409349352304,4.098874670377491,1622.5
1299,-1.177114560430679,-1.8155503651221012,-1.8819718469650475,-2.577349119594289,-1.1898409392479259,4.1338990003190315,1623.75
1300,-1.177114563628058,-1.8155503572842315,-1.8819718405580286,-2.5773491338645433,-1.1898409423292786,4.158923330260513,1625.0
1301,-1.177114565547729,-1.8155503525784615,-1.8819718367113254,-2.577349142432246,-1.1898409441792885,4.173947660201991,1626.25
1302,-1.178062810574982,-1.8179438561334123,-1.8788133655314712,-2.578120939945261,-1.190787766691047,4.180669389522182,1627.5
1303,-1.1796039787502446,-1.8218339892976827,-1.8736799484566797,-2.579375325365934,-1.192326624091055,4.177919636653116,1628.75
1304,-1.1797826333247945,-1.8222849450782252,-1.8730848740148323,-2.579520734488243,-1.1925050149662089,4.1669125585664695,1630.0
1305,-1.1797826318076425,-1.82228495197276,-1.8730848773934194,-2.5795207310535755,-1.1925050214794404,4.146387958998992,1631.25
1306,-1.1797826295513036,-1.8222849622264516,-1.8730848824181225,-2.5795207259454687,-1.19250503116605,4.115863359431483,1632.5
1307,-1.1797826265557776,-1.8222849758392998,-1.873084889088942,-2.579520719163922,-1.1925050440260376,4.075338759863913,1633.75
1308,-1.1797826226997064,-1.822284992929164,-1.8730848970435778,-2.5795207120954027,-1.192505059013256,4.024814162658057,1635.0
1309,-1.1797826176733308,-1.8222850137968725,-1.8730849053572842,-2.5795207082787828,-1.192505073457478,3.964289572564783,1636.25
1310,-1.1797826119577766,-1.8222850380503535,-1.873084915273432,-2.579520703040119,-1.192505089920337,3.8937649828417866,1637.5
1311,-1.1797826126383018,-1.822285062578774,-1.8730849382673314,-2.5795206566903404,-1.1925050899543628,3.8132404090825585,1638.75
1312,-1.179782613392804,-1.8222850901464882,-1.8730849641418215,-2.57952060447491,-1.1925050899049159,3.7227158391496546,1640.0
1313,-1.1797826142068082,-1.8222851207441717,-1.8730849929313589,-2.5795205462431317,-1.1925050896514928,3.622191277392057,1641.25
1314,-1.1797826286587552,-1.82228515106687,-1.8730850260327152,-2.579520483196686,-1.1925051043799466,3.5116667259829395,1642.5
1315,-1.179782646301564,-1.8222851836716043,-1.873085062332192,-2.579520414573693,-1.1925051225342185,3.39114218184607,1643.75
1316,-1.1797826733116987,-1.8222852155224616,-1.8730851007904268,-2.579520344712839,-1.1925051500855917,3.2606176442332075,1645.0
1317,-1.1797827113740103,-1.8222852458822447,-1.8730851412238168,-2.57952027457067,-1.1925051887101032,3.1200931098568714,1646.25
1318,-1.1797827592100245,-1.8222852734369765,-1.8730851820117245,-2.5795202070176613,-1.192505237083829,2.9695685786335884,1647.5
1319,-1.1797828191402195,-1.8222852965557064,-1.8730852223256869,-2.5795201445430367,-1.192505297505785,2.809044054117475,1648.75
1320,-1.1797828891007014,-1.822285311274526,-1.8730852577812862,-2.5795200954523443,-1.1925053678470552,2.642932607487132,1650.0
1321,-1.1797829591625846,-1.8222853207598506,-1.87308528831767,-2.579520056501073,-1.1925054382075047,2.485694281812496,1651.25
1322,-1.179783029425401,-1.8222853182277827,-1.8730853075484988,-2.579520040841877,-1.1925055085800524,2.3384559561377607,1652.5
1323,-1.1797830955354793,-1.8222853143497018,-1.8730853242279448,-2.5795200290144193,-1.1925055747698214,2.2012176304629647,1653.75
1324,-1.1797831565174324,-1.8222853014578388,-1.8730853308027786,-2.579520036203563,-1.1925056356785837,2.0739793047880566,1655.0
1325,-1.1797832126547694,-1.8222852880280445,-1.8730853353776595,-2.5795200458569045,-1.1925056917239423,1.9567409791130865,1656.25
1326,-1.179783262061302,-1.8222852721544571,-1.8730853355692771,-2.5795200622301477,-1.1925057409856756,1.849502653437991,1657.5
1327,-1.179783304569261,-1.8222852535270762,-1.8730853310327655,-2.579520085974786,-1.1925057832907753,1.7522643277628023,1658.75
1328,-1.179783342705699,-1.822285236815342,-1.8730853269627818,-2.5795201072775247,-1.192505821245216,1.6650260020875078,1660.0
1329,-1.1797833747189161,-1.8222852206220246,-1.873085321498535,-2.579520129366354,-1.1925058530715629,1.5877876764121108,1661.25
1330,-1.1797833989286173,-1.8222852036068535,-1.8730853128550755,-2.5795201553376863,-1.1925058770648342,1.5205493507365664,1662.5
1331,-1.1797834195377381,-1.8222851891222587,-1.873085305497112,-2.5795201774464402,-1.192505897489714,1.4633110250608365,1663.75
1332,-1.179783436546279,-1.8222851771682427,-1.8730852994246407,-2.579520195692616,-1.1925059143462022,1.4160726993849848,1665.0
1333,-1.1797834499542388,-1.8222851677448026,-1.8730852946376664,-2.579520210076213,-1.1925059276342982,1.378834373709107,1666.25
1334,-1.1797834597616181,-1.8222851608519381,-1.8730852911361886,-2.5795202205972316,-1.1925059373540017,1.3515960480333176,1667.5
1335,-1.1797834659684165,-1.8222851564896494,-1.8730852889202074,-2.5795202272556708,-1.1925059435053127,1.3343577223575165,1668.75
1336,-1.180371514461856,-1.8237877355826067,-1.8710907565934405,-2.5800163866884813,-1.1930930581238484,1.3259017143491767,1670.0
1337,-1.1819763853935688,-1.8278885227579165,-1.8656473584105522,-2.581370477652522,-1.1946953808624938,1.3264161688994238,1671.25
1338,-1.1824145452074375,-1.8290081245098093,-1.864161198947313,-2.5817401734570096,-1.1951328474634104,1.3356698718300133,1672.5
1339,-1.1824145393745014,-1.829008129759019,-1.8641611990135272,-2.581740176058959,-1.195132846787993,1.3539431534104456,1673.75
1340,-1.182414530349508,-1.829008137880844,-1.8641611991159779,-2.5817401800848185,-1.1951328457429553,1.3822164349908963,1675.0
1341,-1.182414518132457,-1.8290081488752832,-1.864161199254664,-2.5817401855345876,-1.1951328443282976,1.420489716571422,1676.25
1342,-1.1824145027353568,-1.8290081627342392,-1.8641611994536378,-2.581740192319306,-1.195132842647431,1.4687629979676617,1677.5
1343,-1.182414484782279,-1.829008179036851,-1.8641612009629167,-2.581740195815633,-1.1951328460747845,1.527036270704199,1678.75
1344,-1.182414463748359,-1.8290081981370772,-1.8641612027311953,-2.581740199911949,-1.19513285009029,1.5953095434405555,1680.0
1345,-1.182414431771372,-1.829008214299444,-1.8641612063189918,-2.5817401845375745,-1.1951328246638755,1.673582803038759,1681.25
1346,-1.1824143935738194,-1.8290082309693387,-1.8641612107954144,-2.581740161725079,-1.1951327878193678,1.7618560581699771,1682.5
1347,-1.1824143510173915,-1.8290082495080062,-1.8641612158519276,-2.581740136009057,-1.1951327465355301,1.860129302303164,1683.75
1348,-1.1824143010279484,-1.8290082645094081,-1.8641612148969493,-2.581740120662778,-1.195132697033344,1.9684025387116426,1685.0
1349,-1.1824142447360426,-1.8290082779514152,-1.8641612103079153,-2.581740110958429,-1.1951326407726108,2.086675767346511,1686.25
1350,-1.182414183590776,-1.8290082896788924,-1.864161202587534,-2.5817401060398417,-1.1951325796275236,2.2149489886397067,1687.5
1351,-1.182414117392421,-1.8290082935403946,-1.8641611858279699,-2.5817401179650163,-1.1951325133469632,2.353222205337735,1688.75
1352,-1.1824140476354015,-1.8290082946698059,-1.8641611653772165,-2.581740136252555,-1.1951324434575938,2.501495420425304,1690.0
1353,-1.1824139775466882,-1.829008285158498,-1.8641611347248639,-2.5817401753450406,-1.195132373068542,2.6597686285686937,1691.25
1354,-1.1824139091415946,-1.8290082690733196,-1.8641610983519687,-2.5817402267385994,-1.1951323042625885,2.8261114112374077,1692.5
1355,-1.182413849965469,-1.829008246227843,-1.864161058409501,-2.581740288580634,-1.1951322445982338,2.985597302870746,1693.75
1356,-1.1824138043385335,-1.8290082179035347,-1.8641610174467274,-2.58174035710842,-1.1951321984253056,3.1350831945041815,1695.0
1357,-1.1824137667899945,-1.8290081879433802,-1.864160977423568,-2.581740426448265,-1.195132160322152,3.274569086137726,1696.25
1358,-1.1824137418226037,-1.8290081558011129,-1.8641609392107221,-2.581740496341315,-1.1951321347925021,3.4040549777713527,1697.5
1359,-1.1824137244334276,-1.8290081236672766,-1.8641609033439432,-2.581740563992839,-1.195132116857405,3.523540869405062,1698.75
1360,-1.182413711661442,-1.8290080934674657,-1.8641608707374746,-2.581740626524255,-1.1951321035799907,3.6330267610388685,1700.0
1361,-1.1824137106582333,-1.82900806349327,-1.8641608419761313,-2.5817406851609674,-1.195132102100093,3.732512652672775,1701.25
1362,-1.1824137097558642,-1.829008036531988,-1.8641608161057803,-2.5817407379037074,-1.1951321007689497,3.8219985443067896,1702.5
1363,-1.1824137097993406,-1.82900801253433,-1.8641607933403492,-2.5817407846002935,-1.1951321004325939,3.901484435940873,1703.75
1364,-1.182413718567236,-1.8290079910465997,-1.8641607756490763,-2.581740823849848,-1.1951321088790507,3.9709703275751704,1705.0
1365,-1.1824137260733079,-1.8290079726512571,-1.864160760503827,-2.581740857450838,-1.1951321161099435,4.030456219209607,1706.25
1366,-1.1824137323175559,-1.8290079573483047,-1.8641607479045987,-2.5817408854032626,-1.1951321221252722,4.07994211084414,1707.5
1367,-1.1824137372999801,-1.8290079451377397,-1.8641607378513945,-2.5817409077071236,-1.1951321269250363,4.119428002478771,1708.75
1368,-1.1824137410205804,-1.8290079360195615,-1.8641607303442145,-2.5817409243624194,-1.1951321305092362,4.148913894113342,1710.0
1369,-1.1824137434793567,-1.82900792999377,-1.864160725383059,-2.5817409353691514,-1.1951321328778717,4.168399785747868,1711.25
1370,-1.182692580773882,-1.829729188903334,-1.8631977316285857,-2.5819846509970246,-1.195410502251979,4.178595604088917,1712.5
1371,-1.184241451620881,-1.833735635072308,-1.8578485342944602,-2.583338405081876,-1.196956774359371,4.180341366211124,1713.75
1372,-1.1850084842687412,-1.8357197139916384,-1.8551995010467592,-2.584008810717599,-1.1977225228295107,4.172846774316088,1715.0
1373,-1.1850084830840877,-1.835719719308579,-1.8551995036279576,-2.5840088081987265,-1.1977225277661994,4.156859655853742,1716.25
1374,-1.1850084811584292,-1.8357197279512847,-1.855199507823705,-2.584008804104289,-1.1977225357908043,4.1308725373914195,1717.5
1375,-1.1850084784917656,-1.8357197399197562,-1.8551995136340014,-2.584008798434288,-1.1977225469033261,4.094885418929009,1718.75
1376,-1.1850084750840968,-1.835719755213993,-1.8551995210588463,-2.5840087911887224,-1.197722561103764,4.048898300466608,1720.0
1377,-1.1850084705237909,-1.835719774226701,-1.85519952888941,-2.5840087869657298,-1.1977225748074283,3.9929111825268677,1721.25
1378,-1.1850084650324515,-1.8357197967464653,-1.8551995377764707,-2.5840087832898866,-1.1977225899441488,3.9269240647207573,1722.5
1379,-1.1850084627671507,-1.8357198208856662,-1.8551995546309425,-2.5840087562322585,-1.197722597217577,3.850936956281447,1723.75
1380,-1.1850084634849727,-1.8357198467516476,-1.855199579056531,-2.5840087071590796,-1.1977225972356977,3.764949854926594,1725.0
1381,-1.1850084642578724,-1.835719875606375,-1.8551996063939624,-2.5840086520698007,-1.1977225970170047,3.6689627640656663,1726.25
1382,-1.1850084714826674,-1.8357199059083098,-1.8551996372732877,-2.584008591655549,-1.197722603804605,3.562975679884838,1727.5
1383,-1.1850084882541256,-1.8357199369061807,-1.8551996720149884,-2.5840085261860493,-1.1977226210626515,3.446988603961326,1728.75
1384,-1.1850085068487501,-1.835719970411464,-1.8551997097140147,-2.5840084552733558,-1.1977226401968202,3.3210015361666088,1730.0
1385,-1.1850085432321256,-1.8357199994484537,-1.8551997486290182,-2.5840083879428906,-1.1977226771232414,3.1850144743444235,1731.25
1386,-1.1850085822910508,-1.8357200306207837,-1.8551997904054884,-2.584008315662003,-1.1977227167654814,3.039027412620022,1732.5
1387,-1.185008639757012,-1.8357200528835136,-1.855199829387407,-2.5840082553363075,-1.1977227747092587,2.8830403580937416,1733.75
1388,-1.1850087033275365,-1.835720073546049,-1.8551998687330966,-2.5840081963336154,-1.1977228387452012,2.7174973788511947,1735.0
1389,-1.1850087745269953,-1.8357200832285898,-1.8551998999788237,-2.5840081564940167,-1.1977229102516882,2.5557249237280883,1736.25
1390,-1.1850088435847497,-1.8357200867761325,-1.8551999247178537,-2.5840081292471266,-1.1977229795142326,2.4039524686048694,1737.5
1391,-1.185008911042022,-1.8357200828625087,-1.8551999418542746,-2.5840081170194127,-1.197723047054114,2.26218001348159,1738.75
1392,-1.1850089735948348,-1.8357200748573885,-1.8551999535761399,-2.584008114213243,-1.1977231096138843,2.130407558358156,1740.0
1393,-1.1850090311881565,-1.835720061118241,-1.8551999583017458,-2.5840081240474686,-1.1977231671122532,2.0086351032346474,1741.25
1394,-1.1850090840518952,-1.835720048507362,-1.8551999626392772,-2.584008133074105,-1.1977232198888363,1.8968626481110598,1742.5
1395,-1.1850091280290824,-1.8357200293431024,-1.8551999579853922,-2.584008157494807,-1.1977232636554809,1.7950901929873582,1743.75
1396,-1.1850091676552297,-1.8357200120066217,-1.8551999537268793,-2.5840081796325514,-1.1977233030908296,1.7033177378635846,1745.0
1397,-1.1850092029635086,-1.8357199965592153,-1.8551999499323932,-2.5840081993580544,-1.1977233382291,1.6215452827396928,1746.25
1398,-1.1850092293326635,-1.8357199793127,-1.8551999416591896,-2.584008225223081,-1.1977233643804133,1.5497728276156688,1747.5
1399,-1.1850092513010702,-1.8357199638891113,-1.8551999337613716,-2.584008248829233,-1.197723386150538,1.4880003724914699,1748.75
1400,-1.1850092697131338,-1.8357199509623645,-1.8551999271420851,-2.5840082686139176,-1.197723404396419,1.4362279173671528,1750.0
1401,-1.1850092845688542,-1.835719940532457,-1.855199921801331,-2.584008284577133,-1.1977234191180548,1.394455462242732,1751.25
1402,-1.1850092958682312,-1.835719932599388,-1.8551999177391125,-2.5840082967188787,-1.1977234303154463,1.3626830071183569,1752.5
1403,-1.1850093036112643,-1.8357199271631575,-1.8551999149554281,-2.5840083050391556,-1.1977234379885926,1.340910551994027,1753.75
1404,-1.1850776241744012,-1.8358988172964288,-1.8549596896434237,-2.584070122271308,-1.1977916376013205,1.3289252268773182,1755.0
1405,-1.1864470566017868,-1.8394848094963814,-1.8501442953611662,-2.5853091862626685,-1.1991586462940047,1.324888002879858,1756.25
1406,-1.1875674284316655,-1.8424186225068984,-1.8462046735562156,-2.5863229022058176,-1.2002770367529876,1.330586338562902,1757.5
1407,-1.187568541956995,-1.8424215535987003,-1.8462007428304057,-2.5863239156519935,-1.2002781520357335,1.3442549213516262,1758.75
1408,-1.1875685344675833,-1.842421560326179,-1.846200742875653,-2.586323919137842,-1.200278151014331,1.3679196304343044,1760.0
1409,-1.1875685238133697,-1.8424215698964899,-1.8462007429400211,-2.5863239240967064,-1.2002781495613144,1.401584339517044,1761.25
1410,-1.1875685099943543,-1.8424215823096324,-1.8462007430235094,-2.586323930528587,-1.2002781476766837,1.4452490485997873,1762.5
1411,-1.1875684933555832,-1.8424215973368083,-1.846200743806362,-2.586323935934595,-1.2002781483629104,1.498913749315152,1763.75
1412,-1.1875684739091605,-1.8424216149699921,-1.8462007453124418,-2.5863239402270692,-1.200278151725323,1.562578443482035,1765.0
1413,-1.1875684482605984,-1.8424216330316647,-1.8462007477428781,-2.58632393687793,-1.2002781436243497,1.6362431320628288,1766.25
1414,-1.1875684125030972,-1.8424216486159544,-1.8462007519513488,-2.5863239155656683,-1.2002781091762713,1.719907809685389,1767.5
1415,-1.1875683724509405,-1.842421666049312,-1.8462007567131595,-2.586323891487716,-1.2002780704351435,1.8135724795405843,1768.75
1416,-1.1875683272107995,-1.8424216837643117,-1.8462007601116348,-2.586323868476178,-1.2002780262803527,1.9172371425681374,1770.0
1417,-1.1875682737730915,-1.842421696489367,-1.8462007557270792,-2.5863238593197106,-1.2002779728774358,2.030901796219694,1771.25
1418,-1.1875682156326968,-1.842421710335291,-1.8462007509526333,-2.586323849373422,-1.2002779147644493,2.1545664408753953,1772.5
1419,-1.187568152495785,-1.8424217162757754,-1.8462007370556452,-2.5863238563966116,-1.2002778515696761,2.288231080014432,1773.75
1420,-1.187568084554917,-1.8424217201979993,-1.8462007197350172,-2.5863238687952785,-1.2002777835434026,2.431895717848608,1775.0
1421,-1.1875680160826105,-1.8424217141101253,-1.8462006926797196,-2.5863239009008034,-1.200277714825681,2.5855603505108147,1776.25
1422,-1.1875679444893845,-1.8424217043556228,-1.8462006611511736,-2.5863239410886933,-1.20027764292203,2.749224976869386,1777.5
1423,-1.1875678840915835,-1.8424216814050798,-1.8462006204776298,-2.586324003748205,-1.2002775820266982,2.9133115215868677,1778.75
1424,-1.1875678305278308,-1.8424216575294643,-1.8462005810389357,-2.5863240661973617,-1.2002775279653566,3.067402613169881,1780.0
1425,-1.1875677922109331,-1.842421626943917,-1.8462005399130765,-2.5863241372526113,-1.2002774890764156,3.211493704753007,1781.25
1426,-1.1875677591861316,-1.8424215973300737,-1.8462005013574208,-2.5863242048476027,-1.2002774555065372,3.3455847963362153,1782.5
1427,-1.1875677413452779,-1.8424215643637292,-1.8462004643051786,-2.5863242745089985,-1.200277437099728,3.4696758879195375,1783.75
1428,-1.1875677249421472,-1.8424215340540169,-1.8462004302388195,-2.5863243385566643,-1.2002774201762496,3.583766979502955,1785.0
1429,-1.18756772044338,-1.8424215039074396,-1.8462004000201655,-2.586324398771573,-1.2002774151854334,3.687858071086443,1786.25
1430,-1.187567719504775,-1.8424214759118553,-1.8462003729621599,-2.586324453733899,-1.2002774137968768,3.7819491626700543,1787.5
1431,-1.1875677186659246,-1.8424214508916454,-1.8462003487798744,-2.58632450285483,-1.200277412555896,3.8660402542537198,1788.75
1432,-1.1875677239707512,-1.842421428497929,-1.8462003290140643,-2.586324545031716,-1.200277417513873,3.940131345837525,1790.0
1433,-1.1875677319583853,-1.8424214089304796,-1.846200312782465,-2.5863245808959547,-1.2002774252056665,4.004222437421541,1791.25
1434,-1.1875677386997257,-1.8424213924161001,-1.8462002990834474,-2.586324611164371,-1.2002774316973257,4.058313529005696,1792.5
1435,-1.187567744194772,-1.8424213789547905,-1.8462002879170107,-2.5863246358369647,-1.2002774369888503,4.10240462058992,1793.75
1436,-1.187567748443524,-1.8424213685465487,-1.846200279283157,-2.586324654913735,-1.20027744108024,4.136495712174155,1795.0
1437,-1.1875677514459824,-1.842421361191375,-1.8462002731818872,-2.5863246683946834,-1.2002774439714952,4.160586803758332,1796.25
1438,-1.1875677532021467,-1.8424213568892691,-1.8462002696132007,-2.5863246762798084,-1.2002774456626157,4.174677895342506,1797.5
1439,-1.188602337667624,-1.8451639728481015,-1.84249646650522,-2.587293113628165,-1.2013101017590369,4.180720147789531,1798.75
1440,-1.189994013704739,-1.848853222333768,-1.8375142768255341,-2.5885958077131797,-1.2026991852586448,4.177114959669883,1800.0
1441,-1.1900921022695439,-1.8491132551973883,-1.8371631192861513,-2.588687623723266,-1.2027970953475198,4.165501492863264,1801.25
1442,-1.1900921006872311,-1.8491132622133872,-1.837163122663747,-2.588687620559096,-1.202797101749576,4.14419249834233,1802.5
1443,-1.1900920983623622,-1.8491132725218922,-1.8371631276263998,-2.588687615910028,-1.2027971111560243,4.112883503821351,1803.75
1444,-1.190092095294937,-1.849113286122903,-1.8371631341741086,-2.588687609776061,-1.2027971235668637,4.071574509300324,1805.0
1445,-1.1900920913236486,-1.8491133031679077,-1.8371631418401346,-2.588687603921686,-1.2027971375630533,4.020265516539613,1806.25
1446,-1.1900920862135538,-1.8491133238775488,-1.8371631499446734,-2.5886876009168764,-1.2027971510777642,3.9589565274407565,1807.5
1447,-1.1900920809620248,-1.8491133476572246,-1.837163160508002,-2.588687593516564,-1.2027971651315261,3.887647540028575,1808.75
1448,-1.1900920816327942,-1.8491133718093717,-1.8371631834911786,-2.588687547502462,-1.202797165133224,3.8063385674642225,1810.0
1449,-1.1900920823738272,-1.8491133989231079,-1.837163209333279,-2.5886874956902477,-1.2027971650311613,3.7150295997719915,1811.25
1450,-1.1900920831764301,-1.849113428992159,-1.837163238057244,-2.5886874379811657,-1.202797164751443,3.6137206394511243,1812.5
1451,-1.190092098521961,-1.849113458511209,-1.8371632711667256,-2.5886873756432225,-1.202797180500965,3.502411690416235,1813.75
1452,-1.1900921158529427,-1.8491134905341733,-1.8371633073180051,-2.588687307740993,-1.2027971983487296,3.3811027485316094,1815.0
1453,-1.190092143625492,-1.8491135212650733,-1.8371633454618848,-2.58868723932777,-1.2027972266623488,3.2497938129700072,1816.25
1454,-1.1900921809757294,-1.8491135510809062,-1.8371633856919916,-2.58868716991987,-1.2027972645762142,3.108484880162111,1817.5
1455,-1.1900922290910902,-1.849113577310872,-1.837163425827911,-2.588687104343864,-1.2027973132194334,2.95717595095405,1818.75
1456,-1.1900922878570697,-1.849113600035231,-1.8371634659111873,-2.5886870424761286,-1.2027973724783974,2.795867028323471,1820.0
1457,-1.1900923569039825,-1.8491136133839952,-1.837163500193592,-2.5886869959125716,-1.2027974418897374,2.6300798060794275,1821.25
1458,-1.190092424925162,-1.8491136226672318,-1.8371635302552591,-2.5886869576087816,-1.202797510207715,2.473632511635361,1822.5
1459,-1.1900924935348725,-1.849113619267375,-1.837163548327736,-2.5886869439513003,-1.202797578911487,2.3271852171912246,1823.75
1460,-1.1900925576708457,-1.8491136155824286,-1.837163564735401,-2.588686932176139,-1.2027976431272374,2.190737922746987,1825.0
1461,-1.19009261677503,-1.8491136022949801,-1.837163570362641,-2.5886869406824546,-1.2027977021458267,2.0642906283026243,1826.25
1462,-1.1900926711812392,-1.8491135893503912,-1.8371635748580017,-2.58868694990858,-1.2027977564617698,1.9478433338581551,1827.5
1463,-1.190092718694085,-1.8491135734136968,-1.837163574338172,-2.5886869670308714,-1.2027978038212739,1.841396039413632,1828.75
1464,-1.1900927598328526,-1.8491135554442963,-1.8371635698853883,-2.5886869900180756,-1.2027978447601821,1.7449487449690162,1830.0
1465,-1.1900927967062076,-1.8491135393380314,-1.8371635658942789,-2.5886870106218858,-1.2027978814544,1.6585014505242972,1831.25
1466,-1.190092827181416,-1.8491135233923732,-1.837163560067697,-2.5886870328054674,-1.2027979117391834,1.5820541560794592,1832.5
1467,-1.1900928505249764,-1.8491135070217806,-1.837163551615593,-2.588687057931855,-1.202797934870022,1.5156068616344338,1833.75
1468,-1.1900928703554425,-1.849113493114884,-1.83716354443549,-2.5886870792768417,-1.2027979545197802,1.4591595671892694,1835.0
1469,-1.1900928866728155,-1.8491134816716854,-1.8371635385273852,-2.5886870968404283,-1.2027979706884588,1.4127122727439794,1836.25
1470,-1.1900928994770936,-1.8491134726921823,-1.8371635338912822,-2.5886871106226135,-1.2027979833760565,1.3762649782986782,1837.5
1471,-1.1900929087682777,-1.8491134661763744,-1.837163530527181,-2.5886871206233972,-1.2027979925825734,1.3498176838534364,1838.75
1472,-1.1900929145463675,-1.8491134621242622,-1.8371635284350818,-2.5886871268427796,-1.2027979983080097,1.3333703894082258,1840.0
1473,-1.1907540276234017,-1.850887701741261,-1.8347540475858297,-2.5893269700807244,-1.203457815575024,1.3254984583265432,1841.25
1474,-1.1922550934913236,-1.8549161585340164,-1.8292832678653355,-2.5907797427358883,-1.2049559398477985,1.3267302025724654,1842.5
1475,-1.1925831704732621,-1.8557966395333167,-1.828087548719111,-2.591097268871809,-1.2052833763742148,1.3364954645893135,1843.75
1476,-1.1925831645371394,-1.8557966448560275,-1.8280875487254482,-2.591097271740865,-1.205283375445411,1.3554137551361185,1845.0
1477,-1.1925831554632478,-1.8557966529922645,-1.8280875487351353,-2.591097276126473,-1.2052833740256523,1.3843320456829282,1846.25
1478,-1.1925831432515872,-1.8557966639420278,-1.8280875487481723,-2.591097282028632,-1.2052833721149385,1.423250336229827,1847.5
1479,-1.1925831279523578,-1.8557966776725359,-1.8280875488620778,-2.591097289091583,-1.2052833701546175,1.4721686252281472,1848.75
1480,-1.1925831101090523,-1.8557966938288817,-1.828087550132636,-2.591097293463693,-1.2052833729229424,1.531086898004225,1850.0
1481,-1.1925830892372624,-1.8557967127273893,-1.8280875516188415,-2.5910972985778664,-1.205283376161126,1.6000051707801364,1851.25
1482,-1.1925830571545217,-1.855796728165786,-1.8280875552692364,-2.59109728210886,-1.2052833487825985,1.6789234292307045,1852.5
1483,-1.1925830196069136,-1.855796744499883,-1.8280875597267001,-2.591097259694368,-1.2052833125946103,1.7678416834453234,1853.75
1484,-1.1925829778092372,-1.8557967626519396,-1.8280875647552275,-2.5910972344587977,-1.2052832721028217,1.866759927257622,1855.0
1485,-1.192582928445891,-1.8557967768057464,-1.8280875631816882,-2.5910972207045018,-1.2052832231500699,1.975678162576001,1856.25
1486,-1.1925828732129917,-1.8557967899251606,-1.8280875586160867,-2.59109721131067,-1.2052831679492444,2.0945963902251337,1857.5
1487,-1.1925828132198166,-1.8557968006424335,-1.828087550244104,-2.5910972080671053,-1.2052831079501742,2.22351461069087,1858.75
1488,-1.1925827483163605,-1.8557968043555502,-1.8280875335796294,-2.5910972200616147,-1.2052830429635601,2.362432826905807,1860.0
1489,-1.1925826802889126,-1.855796804545974,-1.8280875125471914,-2.5910972398900576,-1.2052829747899614,2.5113510411337536,1861.25
1490,-1.1925826116102067,-1.85579679515953,-1.8280874820858772,-2.5910972786860933,-1.2052829058099404,2.670269248532083,1862.5
1491,-1.1925825455837775,-1.8557967785385876,-1.828087445481736,-2.5910973308793492,-1.205282839370919,2.8366452687039097,1863.75
1492,-1.1925824880680418,-1.8557967562905406,-1.8280874061103811,-2.5910973915787494,-1.2052827813700588,2.9954794581128326,1865.0
1493,-1.1925824447024815,-1.8557967280636833,-1.8280873653916894,-2.591097459799466,-1.205282737453512,3.1443136475218085,1866.25
1494,-1.1925824082274912,-1.8557966989460732,-1.8280873259636925,-2.591097527720778,-1.2052827004281426,3.2831478369308833,1867.5
1495,-1.192582384999768,-1.8557966672906625,-1.828087288221971,-2.5910975966846554,-1.2052826766378562,3.4119820263400547,1868.75
1496,-1.1925823681192975,-1.8557966361089537,-1.8280872529160725,-2.591097662835141,-1.205282659216311,3.5308162157492946,1870.0
1497,-1.1925823566347071,-1.855796606606567,-1.828087220910843,-2.591097724090835,-1.205282647229562,3.639650405158673,1871.25
1498,-1.1925823556592436,-1.8557965775684624,-1.828087192630293,-2.5910977813158644,-1.2052826457823447,3.738484594568107,1872.5
1499,-1.1925823547824772,-1.855796551468425,-1.8280871672111516,-2.5910978327508913,-1.2052826444815565,3.8273187839776845,1873.75
1500,-1.1925823554642434,-1.855796528222943,-1.8280871450282328,-2.5910978781261997,-1.205282644788863,3.9061529733873304,1875.0
1501,-1.1925823639384763,-1.85579650747541,-1.8280871276820863,-2.5910979162900247,-1.2052826529460123,3.9749871627971407,1876.25
1502,-1.192582371181601,-1.855796489742009,-1.82808711285593,-2.591097948909538,-1.2052826599181183,4.033821352207162,1877.5
1503,-1.192582377193618,-1.8557964750227427,-1.8280871005497603,-2.591097975984739,-1.2052826657051816,4.082655541617249,1878.75
1504,-1.1925823819745265,-1.8557964633176085,-1.8280870907635807,-2.591097997515627,-1.2052826703072013,4.121489731027406,1880.0
1505,-1.192582385524327,-1.8557964546266053,-1.8280870834973921,-2.5910980135022026,-1.2052826737241777,4.150323920437504,1881.25
1506,-1.1925823878430193,-1.8557964489497332,-1.828087078751194,-2.591098023944466,-1.2052826759561108,4.169158109847557,1882.5
1507,-1.1929144143973918,-1.85669854754124,-1.8268552137133776,-2.5914300863020125,-1.2056140190545506,4.178860877798449,1883.75
1508,-1.1943958146226898,-1.8607234603294522,-1.8213590027507311,-2.5929116283672555,-1.2070923703568388,4.180026781492204,1885.0
1509,-1.1950391291067932,-1.8624713279018648,-1.8189722110763478,-2.593555003590473,-1.2077343635991022,4.172109760941314,1886.25
1510,-1.1950391278797685,-1.8624713332785265,-1.8189722136454296,-2.5935550012801736,-1.2077343684205124,4.155614057606234,1887.5
1511,-1.1950391259088984,-1.86247134191462,-1.8189722177719365,-2.5935549975693286,-1.207734376164751,4.129118354271137,1888.75
1512,-1.1950391231941833,-1.8624713538101454,-1.8189722234558685,-2.5935549924579377,-1.2077343868318173,4.092622650935978,1890.0
1513,-1.195039119735623,-1.8624713689651025,-1.8189722306972254,-2.5935549859460005,-1.2077344004217119,4.046126947600816,1891.25
1514,-1.195039115095498,-1.8624713877849017,-1.818972238246345,-2.5935549827282807,-1.2077344130447518,3.989631251002608,1892.5
1515,-1.1950391095468254,-1.862471410016679,-1.8189722468826737,-2.593554979876534,-1.2077344271270323,3.9231355556497864,1893.75
1516,-1.1950391076069478,-1.8624714336011117,-1.8189722641658381,-2.593554951452271,-1.2077344330471,3.846639870598211,1895.0
1517,-1.1950391083123661,-1.8624714589698732,-1.8189722885024404,-2.5935549029077998,-1.207734433034132,3.7601441918305274,1896.25
1518,-1.1950391090714028,-1.8624714872502848,-1.8189723157301314,-2.5935548484200854,-1.2077344327797674,3.663648524390797,1897.5
1519,-1.195039116891326,-1.8624715167653108,-1.8189723465372505,-2.593554788774851,-1.2077344402402357,3.557152863632231,1898.75
1520,-1.1950391333357429,-1.8624715471380549,-1.8189723810853264,-2.5935547241151338,-1.207734457174948,3.440657211041138,1900.0
1521,-1.1950391523672754,-1.8624715796057594,-1.8189724184718727,-2.5935546545589454,-1.2077344767470128,3.314161566459916,1901.25
1522,-1.195039188013629,-1.8624716080590993,-1.818972457144099,-2.593554588041792,-1.2077345129368906,3.1776659276230768,1902.5
1523,-1.1950392269805308,-1.862471638100466,-1.818972498390734,-2.593554517416769,-1.2077345524807654,3.031170289145367,1903.75
1524,-1.195039283309748,-1.8624716598941369,-1.8189725370900363,-2.593554457825218,-1.2077346092877643,2.874674657779152,1905.0
1525,-1.1950393460469375,-1.862471679453304,-1.818972575632334,-2.5935544007149347,-1.2077346724804012,2.7088650215314525,1906.25
1526,-1.1950394153183543,-1.8624716889322466,-1.818972606468319,-2.593554361461538,-1.2077347420576356,2.547607678185257,1907.5
1527,-1.19503948275978,-1.8624716917885809,-1.8189726303261127,-2.5935543357636655,-1.2077348096931826,2.3963503348389206,1908.75
1528,-1.195039548359511,-1.862471688050948,-1.818972647229761,-2.5935543235685348,-1.2077348753757793,2.255092991492517,1910.0
1529,-1.1950396091539583,-1.8624716797822374,-1.8189726582476329,-2.593554321706147,-1.2077349361688894,2.1238356481460583,1911.25
1530,-1.1950396651268131,-1.8624716664976035,-1.8189726629056633,-2.5935543311338574,-1.2077349920482852,2.002578304799455,1912.5
1531,-1.1950397162977038,-1.8624716539651933,-1.8189726667892743,-2.5935543405139883,-1.2077350431274336,1.8913209614527695,1913.75
1532,-1.1950397589688,-1.8624716353561954,-1.8189726621366114,-2.5935543643634413,-1.2077350855893625,1.7900636181059757,1915.0
1533,-1.1950397974257738,-1.862471618584993,-1.8189726579434333,-2.5935543858575647,-1.207735123857826,1.6988062747590986,1916.25
1534,-1.1950398316686244,-1.8624716036515843,-1.8189726542097422,-2.5935544049963584,-1.2077351579328235,1.61754893141214,1917.5
1535,-1.1950398569359852,-1.8624715867553574,-1.8189726457700632,-2.5935544306644305,-1.2077351829807605,1.5462915880650125,1918.75
1536,-1.195039878197209,-1.8624715718629414,-1.8189726380155133,-2.593554453589072,-1.2077352040463731,1.485034244717676,1920.0
1537,-1.1950398959876292,-1.8624715594016505,-1.8189726315268582,-2.5935544727713644,-1.2077352216731145,1.433776901370277,1921.25
1538,-1.1950399103072455,-1.8624715493714836,-1.8189726263040997,-2.593554488211307,-1.207735235860985,1.3925195580227618,1922.5
1539,-1.1950399211560576,-1.8624715417724396,-1.818972622347239,-2.5935544999088993,-1.2077352466099835,1.3612622146753064,1923.75
1540,-1.1950399285340652,-1.8624715366045181,-1.8189726196562765,-2.5935545078641415,-1.207735253920111,1.3400048713278963,1925.0
1541,-1.1951357377610987,-1.8627350627730752,-1.8186107913415472,-2.5936534681825205,-1.2078308562813076,1.3284346769045916,1926.25
1542,-1.1964699758332393,-1.8664051135058217,-1.8135717883120022,-2.595031585881819,-1.2091622139524556,1.3248289869717256,1927.5
1543,-1.1974639135024157,-1.8691391196633778,-1.8098179839885289,-2.5960582143872104,-1.2101540074075714,1.33086600480514,1928.75
1544,-1.197463909134836,-1.8691391235729378,-1.8098179839726984,-2.5960582165707975,-1.2101540066384824,1.3449052736283356,1930.0
1545,-1.1974639016562831,-1.8691391302672296,-1.8098179839455923,-2.5960582203097284,-1.2101540053215807,1.3689445424515068,1931.25
1546,-1.1974638910667563,-1.8691391397462531,-1.8098179839072102,-2.5960582256040015,-1.210154003456866,1.4029838112747814,1932.5
1547,-1.197463877366256,-1.8691391520100085,-1.8098179838575525,-2.596058232453617,-1.210154001044339,1.4470230800980461,1933.75
1548,-1.1974638609177433,-1.869139166824759,-1.8098179844920483,-2.596058238339457,-1.2101540013078775,1.5010623377421433,1935.0
1549,-1.19746384168823,-1.8691391842117482,-1.8098179857474945,-2.596058243490467,-1.2101540039544836,1.5651015879290464,1936.25
1550,-1.197463816087149,-1.8691392017126587,-1.8098179880663514,-2.5960582399704535,-1.2101539942534618,1.6391408318728184,1937.5
1551,-1.197463781029481,-1.8691392169454741,-1.8098179922429218,-2.5960582191022246,-1.2101539605188547,1.723180065455103,1938.75
1552,-1.1974637417797793,-1.8691392339758524,-1.8098179969712445,-2.5960581955169566,-1.2101539225933782,1.8172192906555216,1940.0
1553,-1.1974636972960422,-1.8691392509777671,-1.809817999981915,-2.5960581737211434,-1.21015387916485,1.9212585089770495,1941.25
1554,-1.1974636449631773,-1.8691392633783666,-1.8098179956266647,-2.5960581648713963,-1.2101538268683356,2.0352977183623637,1942.5
1555,-1.1974635880399014,-1.8691392768677173,-1.8098179908853265,-2.5960581552613045,-1.2101537699735276,2.159336918322786,1943.75
1556,-1.197463526224112,-1.869139282211445,-1.8098179766821738,-2.5960581632038466,-1.2101537080954545,2.293376112818798,1945.0
1557,-1.197463459731975,-1.869139285986324,-1.8098179594845027,-2.5960581756447487,-1.210153641517083,2.4374153061865553,1946.25
1558,-1.1974633929280265,-1.8691392794925377,-1.80981793221706,-2.596058208389427,-1.210153574459699,2.5914544941469684,1947.5
1559,-1.1974633230753737,-1.86913926967662,-1.8098179007668633,-2.5960582485837644,-1.2101535042929241,2.7554909656821738,1948.75
1560,-1.1974632645008647,-1.8691392470120074,-1.8098178603767288,-2.5960583107009616,-1.2101534452189042,2.9192008951648054,1950.0
1561,-1.1974632129012073,-1.8691392233539832,-1.8098178212102123,-2.5960583726896753,-1.2101533931188453,3.0729108246476473,1951.25
1562,-1.1974631755946241,-1.8691391935797326,-1.8098177805882438,-2.5960584424475637,-1.2101533552433188,3.2166207541305805,1952.5
1563,-1.197463144033114,-1.8691391645050826,-1.8098177424482902,-2.5960585091116988,-1.210153323136949,3.350330683613724,1953.75
1564,-1.197463126668282,-1.8691391324472089,-1.8098177058654052,-2.596058577406454,-1.2101533052097246,3.474040613097103,1955.0
1565,-1.1974631107071234,-1.8691391029807165,-1.8098176722396633,-2.5960586401806536,-1.2101532887316342,3.587750542580622,1956.25
1566,-1.1974631068513393,-1.869139073568619,-1.8098176424649477,-2.5960586992307544,-1.2101532843864526,3.6914604720642803,1957.5
1567,-1.197463105936125,-1.8691390463835562,-1.8098176157757522,-2.5960587530182937,-1.2101532830247277,3.785170401547962,1958.75
1568,-1.1974631051185751,-1.8691390220994766,-1.8098175919346176,-2.5960588010660426,-1.2101532818083152,3.8688803310316873,1960.0
1569,-1.1974631106361127,-1.8691390003623072,-1.8098175725547379,-2.5960588422072837,-1.2101532869825782,3.942590260515449,1961.25
1570,-1.1974631183848732,-1.8691389814050052,-1.8098175565747268,-2.5960588772096487,-1.2101532944384283,4.00630018999914,1962.5
1571,-1.1974631249173773,-1.8691389654232693,-1.8098175431029597,-2.5960589067179933,-1.2101533007239977,4.060010119482794,1963.75
1572,-1.1974631302336252,-1.8691389524170996,-1.8098175321394359,-2.596058930732318,-1.2101533058392866,4.103720048966339,1965.0
1573,-1.1974631343336166,-1.8691389423864941,-1.8098175236841578,-2.5960589492526216,-1.2101533097842947,4.137429978449923,1966.25
1574,-1.1974631372173519,-1.8691389353314527,-1.8098175177371252,-2.596058962278905,-1.210153312559022,4.161139907933518,1967.5
1575,-1.1974637361651468,-1.8691405945859254,-1.809815218218784,-2.5960596066329473,-1.210153910092935,4.174851137984864,1968.75
1576,-1.1984914737965795,-1.8720026837869492,-1.8058643649278936,-2.597155384579874,-1.2111793233076076,4.180646059945725,1970.0
1577,-1.1997803817156538,-1.8755920982441854,-1.8009095125532424,-2.5985296200851407,-1.212465317573927,4.176738756218079,1971.25
1578,-1.1998549052254268,-1.8757996411347624,-1.8006230258521962,-2.598609076547987,-1.2125396767704273,4.164933745594745,1972.5
1579,-1.19985490362005,-1.8757996480887822,-1.8006230291528396,-2.598609073699416,-1.212539682898248,4.143381509205152,1973.75
1580,-1.1998549012697963,-1.8757996582693903,-1.800623033984945,-2.598609069529139,-1.2125396918693099,4.11182927281554,1975.0
1581,-1.199854898174665,-1.875799671676587,-1.8006230403485126,-2.5986090640371566,-1.2125397036836134,4.0702770364259955,1976.25
1582,-1.1998548941618696,-1.8757996884684613,-1.8006230477562242,-2.5986090590425475,-1.2125397167902696,4.018724802763257,1977.5
1583,-1.1998548890220326,-1.8757997088365808,-1.8006230556175653,-2.5986090567496074,-1.2125397293099665,3.9571725741613655,1978.75
1584,-1.1998548839142344,-1.8757997321223667,-1.800623066199509,-2.5986090491658134,-1.2125397419347672,3.8856203476715616,1980.0
1585,-1.1998548845719785,-1.8757997557376234,-1.8006230890466184,-2.59860900376887,-1.212539741909954,3.8040681356740054,1981.25
1586,-1.1998548852983189,-1.8757997822388963,-1.8006231147303606,-2.5986089526565577,-1.212539741777509,3.7125159289455323,1982.5
1587,-1.1998548860865854,-1.8757998116208163,-1.8006231432701558,-2.5986088957465756,-1.212539741479568,3.6109637294068833,1983.75
1588,-1.1998549014531474,-1.8757998403885925,-1.800623176181596,-2.5986088343264075,-1.212539757291256,3.4994115414529414,1985.0
1589,-1.199854918410134,-1.8757998716832667,-1.800623212068444,-2.598608767407949,-1.2125397747673572,3.377859360643276,1986.25
1590,-1.1998549459603427,-1.875799901552714,-1.80062324988431,-2.5986087001799927,-1.2125398028582488,3.2463071861413306,1987.5
1591,-1.199854982489527,-1.8757999306989976,-1.8006232898079522,-2.598608631733804,-1.2125398399505154,3.1047550142967943,1988.75
1592,-1.1998550299046418,-1.8757999560942709,-1.8006233294996679,-2.5986085674244874,-1.2125398878896088,2.95320284621318,1990.0
1593,-1.199855087364168,-1.8757999783271928,-1.8006233692687972,-2.5986085063426434,-1.2125399458418622,2.791650684640441,1991.25
1594,-1.1998551534981088,-1.8757999908550824,-1.8006234023036325,-2.5986084618040644,-1.2125400123281285,2.629532205289353,1992.5
1595,-1.1998552180713185,-1.875799999706722,-1.8006234312619442,-2.5986084249850343,-1.2125400771897603,2.4774054725422556,1993.75
1596,-1.1998552829354383,-1.8757999968848114,-1.8006234489272512,-2.598608411105767,-1.212540142151018,2.3352787397949175,1995.0
1597,-1.199855343565737,-1.8757999934544556,-1.8006234646664718,-2.5986083996959852,-1.2125402028590826,2.2031520070474038,1996.25
1598,-1.1998553993293655,-1.8757999820411122,-1.8006234710884375,-2.5986084054922416,-1.2125402585584544,2.0810252742997357,1997.5
1599,-1.1998554504719392,-1.875799969930541,-1.8006234753758519,-2.5986084140491945,-1.2125403096150824,1.9688985415519373,1998.75
1600,-1.199855495896888,-1.8757999567658699,-1.8006234768355143,-2.598608426399536,-1.2125403549241016,1.8667718088039857,2000.0
1601,-1.1998555342581203,-1.87579994006302,-1.8006234726211343,-2.5986084478468436,-1.2125403930955998,1.7746450760559496,2001.25
1602,-1.1998555684553907,-1.8757999251732025,-1.8006234688642042,-2.59860846696613,-1.2125404271237308,1.69251834330788,2002.5
1603,-1.1998555984886983,-1.8757999120964155,-1.8006234655647286,-2.598608483757394,-1.212540457008494,1.6203916105597929,2003.75
1604,-1.1998556205367428,-1.8757998977836565,-1.8006234585463512,-2.598608505380616,-1.2125404788700034,1.5582648778118147,2005.0
1605,-1.1998556384133205,-1.8757998852779403,-1.8006234519772288,-2.598608524689875,-1.2125404965805258,1.5061381450639042,2006.25
1606,-1.199855652860453,-1.8757998751713223,-1.800623446668327,-2.598608540294843,-1.2125405108934588,1.464011412316041,2007.5
1607,-1.1998556638781406,-1.8757998674638041,-1.8006234426196448,-2.598608552195521,-1.2125405218088035,1.4318846795681361,2008.75
1608,-1.199855671466383,-1.8757998621553846,-1.8006234398311847,-2.5986085603919076,-1.2125405293265585,1.4097579468201917,2010.0
1609,-1.1998556756251797,-1.8757998592460625,-1.800623438302947,-2.5986085648840027,-1.2125405334467243,1.397631214072321,2011.25
1610,-1.1994354951489785,-1.8746445311756554,-1.8022736001648565,-2.598110909678014,-1.2121216656374847,1.3947019900891937,2012.5
1611,-1.1992233694840684,-1.874061279349676,-1.8031066656640948,-2.597859671613736,-1.2119102026806017,1.4006779315339932,2013.75
1612,-1.199093061550255,-1.8737030043041258,-1.803618399778934,-2.597705337520526,-1.2117803018709825,1.4163372920352235,2015.0
1613,-1.1988795395325698,-1.8731159363614949,-1.8044569250898754,-2.597452446341797,-1.211567446965243,1.441996652536458,2016.25
1614,-1.1985828034310122,-1.8723000755217838,-1.8056222415969194,-2.5971009980775492,-1.211271637963384,1.4776560130376972,2017.5
1615,-1.1981998559124898,-1.8712549869877624,-1.80711057452331,-2.5966551731438288,-1.2108898604301488,1.5233154558620352,2018.75
1616,-1.197731241344807,-1.8699807502029435,-1.8089226084846668,-2.5961142127765418,-1.210422661837776,1.5789749440637484,2020.0
1617,-1.1971784336623774,-1.8684775790843737,-1.8110601995109423,-2.5954760613669414,-1.2098715245302851,1.6446344322656055,2021.25
1618,-1.1965374643314899,-1.8667448255516574,-1.8135185122569695,-2.5947461621604626,-1.2092324598185853,1.7202940391041672,2022.5
1619,-1.1958105638943137,-1.8647828542429798,-1.8163002637061898,-2.5939214561185002,-1.2085077095721135,1.8059536802414278,2023.75
1620,-1.1949938997740257,-1.8625909900578552,-1.8194008896254141,-2.5930071443426272,-1.2076934204977605,1.9016134571119838,2025.0
1621,-1.194089453924767,-1.8601695694331757,-1.8228227780021338,-2.5920005222343763,-1.206791585177657,2.0072732986886064,2026.25
1622,-1.1930923164630172,-1.857517674129844,-1.8265602000271706,-2.590908187619097,-1.2057972680564981,2.1229333294338453,2027.5
1623,-1.1920031917410254,-1.8546353750093045,-1.8306141119929913,-2.5897291201487196,-1.2047111775911838,2.24859351208967,2028.75
1624,-1.1908206955119311,-1.8515223681386863,-1.8349829985352748,-2.588465125031809,-1.2035319225971959,2.384253864907576,2030.0
1625,-1.1895426785198124,-1.8481781668412398,-1.8396645395923943,-2.587118987065695,-1.2022573431455188,2.5299144222917165,2031.25
1626,-1.1881669411367122,-1.844602233031922,-1.844656449715115,-2.5856935071433957,-1.200885228954508,2.685575214117573,2032.5
1627,-1.1867221320377372,-1.8408731850953715,-1.849846556905971,-2.584222430518676,-1.1994441402320632,2.8477929611419754,2033.75
1628,-1.1853408147351896,-1.8373323573790052,-1.8547602932640022,-2.582839910423839,-1.198066302060249,3.001718318239927,2035.0
1629,-1.184038946052361,-1.8340190795765379,-1.8593440404631703,-2.581560348139859,-1.1967676364320017,3.145643900456906,2036.25
1630,-1.1828194250526094,-1.8309339817551906,-1.8636009870953922,-2.580379954467133,-1.1955510569870187,3.2795696491951167,2037.5
1631,-1.1816844120580803,-1.8280775619982428,-1.8675334454121248,-2.5792959411645016,-1.1944187347156667,3.403495526821054,2038.75
1632,-1.18063612097858,-1.8254503706198786,-1.8711436953988045,-2.57830550078682,-1.1933728941879869,3.5174214995439272,2040.0
1633,-1.1796725576756932,-1.823051835418969,-1.8744298557739878,-2.577411065810251,-1.1924115321874886,3.6213476054769425,2041.25
1634,-1.1787987687160475,-1.8208832816055254,-1.8773969646080102,-2.5766063254300207,-1.191539719097398,3.715273760030214,2042.5
1635,-1.1780141998166114,-1.8189445561954969,-1.880044485305681,-2.5758919634203465,-1.1907568980693304,3.7991999813722837,2043.75
1636,-1.1773209253118608,-1.817236213338926,-1.8823744674816365,-2.57526539763688,-1.190065153162678,3.8731262363859997,2045.0
1637,-1.1767183588021684,-1.815758086495481,-1.8843863541043568,-2.5747273454818145,-1.1894638952964254,3.937052542437485,2046.25
1638,-1.1762100518464702,-1.8145111832178489,-1.8860835210526594,-2.5742734608922317,-1.1889566922729116,3.9909788484889503,2047.5
1639,-1.1757942789270885,-1.8134950003869035,-1.8874643591164981,-2.5739058379578044,-1.1885418107771106,4.034905179847829,2048.75
1640,-1.17547182416441,-1.8127097664536789,-1.8885295999176792,-2.5736235248944848,-1.188220038473284,4.068831533821002,2050.0
1641,-1.1752444149120542,-1.81215598501719,-1.8892808544879722,-2.573424425330483,-1.187993110520866,4.092757887794181,2051.25
1642,-1.175112051170022,-1.8118336560774373,-1.8897181228273776,-2.5733085392657986,-1.1878610269198577,4.106684241767366,2052.5
1643,-1.1747312006741073,-1.8109080154847426,-1.8909727647083274,-2.5729768102227166,-1.1874809781004263,4.111069375375615,2053.75
1644,-1.1744042642164396,-1.810113829993034,-1.892048977355444,-2.5726924405463074,-1.1871547288115023,4.106506681689949,2055.0
1645,-1.1744039359051297,-1.8101137383840324,-1.8920486788983584,-2.572692826722899,-1.187154399472231,4.092485418293753,2056.25
1646,-1.1744033734413755,-1.8101135814392628,-1.8920481675809349,-2.572693488321598,-1.1871538352473707,4.068464154897544,2057.5
1647,-1.1744025768143191,-1.81011335917121,-1.8920474433670265,-2.572694425477909,-1.1871530360408216,4.0344428944124715,2058.75
1648,-1.1744015459172772,-1.8101130717023715,-1.8920465059017508,-2.5726956395218763,-1.1871520009092984,3.9904216601174176,2060.0
1649,-1.1744002808384684,-1.810112718931221,-1.8920453554789578,-2.5726971293518326,-1.1871507306340905,3.936400425822339,2061.25
1650,-1.1743993201786274,-1.8101124580867372,-1.8920444883196497,-2.5726982473381628,-1.187149766040308,3.8723791980536024,2062.5
1651,-1.1743993208968864,-1.8101124809492264,-1.8920445096902103,-2.5726982035335757,-1.1871497668002688,3.7983579827238856,2063.75
1652,-1.1743993217073807,-1.8101125068975428,-1.8920445339584093,-2.5726981537644753,-1.1871497676233522,3.714336770080328,2065.0
1653,-1.174399322607907,-1.8101125359303942,-1.892044561129093,-2.5726980980094294,-1.187149768491398,3.6203155608423447,2066.25
1654,-1.1743993365644785,-1.810112564906749,-1.8920445923653295,-2.5726980381093227,-1.1871497828590123,3.516294362050249,2067.5
1655,-1.1743993534659514,-1.8101125962796214,-1.8920446267504905,-2.572697972669092,-1.1871498002687737,3.4022731691130863,2068.75
1656,-1.1743993776356567,-1.8101126278585828,-1.8920446635438712,-2.5726979047292584,-1.1871498249711105,3.2782519833978023,2070.0
1657,-1.1743994143890544,-1.8101126573053175,-1.8920447021863438,-2.572697837270152,-1.1871498622591872,3.144230804951463,2071.25
1658,-1.174399457865334,-1.8101126861395145,-1.892044742310349,-2.5726977690405537,-1.1871499062746327,3.0002096293623115,2072.5
1659,-1.1743995160861036,-1.81011270869893,-1.8920447810911465,-2.572697708630719,-1.1871499649674284,2.84618845652917,2073.75
1660,-1.1743995830518414,-1.810112726667724,-1.8920448182660259,-2.5726976545343843,-1.187150032352356,2.6826415371641383,2075.0
1661,-1.1743996550852356,-1.8101127364640832,-1.8920448493768043,-2.5726976147266187,-1.1871501046888502,2.522975814950353,2076.25
1662,-1.1743997260493464,-1.8101127371736123,-1.8920448716986646,-2.5726975927527755,-1.18715017581292,2.373310092736526,2077.5
1663,-1.1743997941710007,-1.8101127331611009,-1.892044888755268,-2.5726975807104804,-1.1871502440153492,2.233644370522451,2078.75
1664,-1.1743998571881802,-1.8101127226092146,-1.8920448981636868,-2.5726975827611667,-1.187150307001192,2.1039786483081935,2080.0
1665,-1.1743999152056877,-1.810112708669747,-1.8920449028911606,-2.572697592796351,-1.1871503649243416,1.9843129260938102,2081.25
1666,-1.1743999674667618,-1.8101126942095613,-1.8920449053765935,-2.5726976055071864,-1.1871504170709002,1.8746472038792439,2082.5
1667,-1.1744000115821505,-1.810112674793982,-1.8920449007607103,-2.572697630139436,-1.1871504609778387,1.7749814816646303,2083.75
1668,-1.1744000512712063,-1.8101126573264765,-1.8920448966079584,-2.5726976523002003,-1.1871505004793586,1.68531575944988,2085.0
1669,-1.1744000861499775,-1.810112641499423,-1.8920448925146616,-2.572697672694189,-1.1871505351859333,1.605650037235089,2086.25
1670,-1.1744001115485354,-1.810112623571295,-1.892044883570912,-2.5726976998927036,-1.1871505603598183,1.5359843150203272,2087.5
1671,-1.1744001333013183,-1.8101126082166172,-1.8920448759109716,-2.5726977231870727,-1.1871505819201777,1.476318592805639,2088.75
1672,-1.174400151408326,-1.8101125954353927,-1.8920448695348369,-2.5726977425772963,-1.1871505998670129,1.4266528705910562,2090.0
1673,-1.1744001658695584,-1.8101125852276185,-1.8920448644425116,-2.5726977580633736,-1.1871506142003225,1.386987148376487,2091.25
1674,-1.1744001766850152,-1.8101125775932942,-1.8920448606339968,-2.5726977696453055,-1.1871506249201067,1.3573214261618778,2092.5
1675,-1.1744001838546965,-1.8101125725324194,-1.8920448581092915,-2.5726977773230906,-1.1871506320263654,1.3376557039472854,2093.75
1676,-1.1746771829127063,-1.8108024023529743,-1.8911385221494474,-2.572916287585333,-1.1874272371288386,1.3273189623652786,2095.0
1677,-1.1762907486877825,-1.814820844213681,-1.8858589017187855,-2.5741891406022477,-1.1890385083461588,1.3254442835637936,2096.25
1678,-1.1771062140563082,-1.81685169731383,-1.8831906734551804,-2.5748324189291742,-1.1898528161649202,1.3328549807404027,2097.5
1679,-1.1771062089273168,-1.8168517019459671,-1.8831906735259842,-2.5748324211237774,-1.1898528156456671,1.3487738307906703,2098.75
1680,-1.1771062005763642,-1.8168517094879477,-1.8831906736412658,-2.574832424696999,-1.189852814800227,1.3746926808409565,2100.0
1681,-1.1771061890034504,-1.8168517199397722,-1.8831906738010251,-2.574832429648839,-1.1898528136285993,1.4106115308912037,2101.25
1682,-1.1771061742085758,-1.8168517333014407,-1.8831906740052622,-2.5748324359792987,-1.1898528121307843,1.4565303809414696,2102.5
1683,-1.177106156693466,-1.8168517492322627,-1.8831906752681915,-2.5748324399107685,-1.189852814582491,1.5124492300712777,2103.75
1684,-1.1771061361944744,-1.8168517679112646,-1.8831906770568643,-2.5748324434283005,-1.1898528187369248,1.5783680789554095,2105.0
1685,-1.1771061070252518,-1.8168517854296635,-1.883190680132426,-2.57483243371312,-1.1898528022806407,1.6542869186470603,2106.25
1686,-1.177106069384993,-1.8168518019305473,-1.883190684458496,-2.574832411258381,-1.18985276597456,1.7402057511787006,2107.5
1687,-1.177106027333282,-1.8168518203340367,-1.8831906893552823,-2.5748323858936013,-1.1898527251896756,1.8361245733943996,2108.75
1688,-1.1771059788993434,-1.8168518371515807,-1.8831906906238598,-2.574832366155603,-1.1898526775398315,1.9420433889443476,2110.0
1689,-1.1771059230406016,-1.8168518505462425,-1.883190686071781,-2.574832356467946,-1.1898526217135295,2.0579621962303793,2111.25
1690,-1.177105862355821,-1.8168518649113536,-1.8831906809468824,-2.5748323463222387,-1.1898525610529644,2.1838809953889813,2112.5
1691,-1.1771057964742597,-1.816851868767532,-1.8831906643956782,-2.5748323580507613,-1.1898524950908136,2.319799788572582,2113.75
1692,-1.177105725745659,-1.8168518729074554,-1.883190646626629,-2.5748323706426905,-1.189852424276301,2.4657185816167715,2115.0
1693,-1.1771056557812734,-1.8168518635196318,-1.8831906164527552,-2.574832409136866,-1.189852354018257,2.621637367519325,2116.25
1694,-1.1771055840644502,-1.8168518505086255,-1.8831905823574355,-2.5748324551392594,-1.189852281947621,2.7871409656749835,2117.5
1695,-1.1771055232670617,-1.8168518269277885,-1.8831905417262909,-2.5748325183798113,-1.189852220654586,2.9489845408843642,2118.75
1696,-1.17710547264912,-1.8168518002725114,-1.8831905013363808,-2.5748325845963294,-1.1898521695145354,3.1008281160938704,2120.0
1697,-1.177105433992097,-1.816851769285932,-1.8831904605582936,-2.574832655698036,-1.1898521302931075,3.2426716913035927,2121.25
1698,-1.1771054043669638,-1.8168517377106472,-1.8831904219929976,-2.5748327253083794,-1.1898521001134275,3.374515266513467,2122.5
1699,-1.1771053864155983,-1.8168517043849042,-1.8831903853631504,-2.574832794902476,-1.1898520816048341,3.4963588417234712,2123.75
1700,-1.1771053699375456,-1.8168516737942921,-1.8831903517395983,-2.574832858784814,-1.1898520646152866,3.6082024169336138,2125.0
1701,-1.17710536868797,-1.8168516426390573,-1.8831903222468984,-2.574832919325917,-1.1898520628775102,3.7100459921439537,2126.25
1702,-1.1771053677517391,-1.8168516144972173,-1.8831902956656639,-2.5748329739553575,-1.1898520615007038,3.801889567354344,2127.5
1703,-1.1771053669174454,-1.8168515894194852,-1.883190271978612,-2.5748330226367013,-1.1898520602738052,3.883733142564779,2128.75
1704,-1.1771053744949977,-1.8168515669195124,-1.8831902532733358,-2.5748330638909764,-1.1898520675166555,3.955576717775193,2130.0
1705,-1.1771053823967246,-1.8168515474706377,-1.883190237518075,-2.574833099157602,-1.1898520751319162,4.017420292985538,2131.25
1706,-1.177105389020756,-1.816851531166615,-1.8831902243104104,-2.5748331287216755,-1.1898520815158027,4.069263868195817,2132.5
1707,-1.1771053943670915,-1.8168515180074425,-1.8831902136503438,-2.574833152583196,-1.1898520866683144,4.111107443406015,2133.75
1708,-1.1771053984357316,-1.816851507993119,-1.8831902055378764,-2.5748331707421634,-1.1898520905894516,4.1429510186163085,2135.0
1709,-1.1771054012266757,-1.8168515011236444,-1.8831901999730087,-2.574833183198578,-1.189852093279214,4.164794593826558,2136.25
1710,-1.177173001647637,-1.817021916038436,-1.8829649541338946,-2.5748884997955184,-1.189919591705711,4.1768380905156315,2137.5
1711,-1.1785969231810456,-1.8206116600919184,-1.878220378862747,-2.5760535611134285,-1.1913413659727405,4.180887989272081,2138.75
1712,-1.179772339283149,-1.823574920463684,-1.8743038346280536,-2.577015291593376,-1.1925150117700565,4.175189806025348,2140.0
1713,-1.1797735572743715,-1.8235779982358957,-1.8742997750709305,-2.5770162867190436,-1.1925162332625596,4.1614849311409605,2141.25
1714,-1.179773555517368,-1.8235780062263605,-1.8742997789348579,-2.577016282790153,-1.1925162407396255,4.137784057475587,2142.5
1715,-1.1797735530190405,-1.8235780175882055,-1.8742997844290747,-2.5770162772035645,-1.1925162513714551,4.1040831838101965,2143.75
1716,-1.1797735497793886,-1.8235780323214301,-1.8742997915535802,-2.577016269959277,-1.1925162651580485,4.060382310144816,2145.0
1717,-1.1797735455104823,-1.8235780507022437,-1.8742997994557866,-2.577016264321865,-1.192516279617579,4.0066814412927325,2146.25
1718,-1.17977354020475,-1.8235780727379103,-1.8742998081132727,-2.577016260377178,-1.192516294684781,3.942980576116338,2147.5
1719,-1.1797735364548172,-1.8235780971912827,-1.8742998219929805,-2.5770162424351497,-1.1925163059681614,3.869279716500716,2148.75
1720,-1.1797735371616904,-1.8235781227974546,-1.8742998457865516,-2.577016194248576,-1.1925163059998283,3.785578867665075,2150.0
1721,-1.1797735379316867,-1.8235781514491074,-1.8742998724739581,-2.5770161400811986,-1.1925163058577395,3.691878026472275,2151.25
1722,-1.1797735417496658,-1.8235781824204358,-1.8742999023595226,-2.5770160802139808,-1.19251630889114,3.588177192012458,2152.5
1723,-1.1797735583921318,-1.8235782133264824,-1.8742999364616175,-2.5770160154772994,-1.1925163260077833,3.4744763668820093,2153.75
1724,-1.179773576500053,-1.8235782469496034,-1.8742999735663064,-2.5770159450347587,-1.1925163446448126,3.350775550709904,2155.0
1725,-1.179773609395377,-1.8235782774440374,-1.8743000122486566,-2.577015876414877,-1.1925163780820989,3.217074739961191,2156.25
1726,-1.1797736483171875,-1.8235783086544166,-1.8743000534434175,-2.5770158046755305,-1.1925164175784126,3.0733739305660337,2157.5
1727,-1.1797737021267172,-1.8235783334483917,-1.8743000931866796,-2.57701574100884,-1.1925164718910841,2.919673126423555,2158.75
1728,-1.1797737632415182,-1.8235783571728186,-1.874300134166844,-2.5770156772808708,-1.192516533506929,2.755972328621413,2160.0
1729,-1.1797738361203762,-1.8235783674235762,-1.8743001661218643,-2.5770156361888006,-1.1925166067006043,2.59191371460155,2161.25
1730,-1.1797739058305006,-1.823578374187983,-1.8743001938367603,-2.5770156027662283,-1.192516676664222,2.4378518411563777,2162.5
1731,-1.1797739752263243,-1.8235783701508603,-1.8743002113284746,-2.5770155903333123,-1.1925167461436577,2.293789967710961,2163.75
1732,-1.1797740397416012,-1.823578364488025,-1.8743002257996435,-2.5770155824694303,-1.1925168107067492,2.1597280942653896,2165.0
1733,-1.1797740991452121,-1.8235783502587022,-1.874300230672202,-2.5770155926704645,-1.1925168700131525,2.035666220819638,2166.25
1734,-1.1797741537606017,-1.8235783371763392,-1.874300235152,-2.5770156020492467,-1.1925169245391698,1.9216043473737314,2167.5
1735,-1.1797742003129073,-1.8235783191607204,-1.8743002325345715,-2.577015623324611,-1.192516970907753,1.8175424739277002,2168.75
1736,-1.1797742414315782,-1.8235783010937672,-1.8743002282030687,-2.577015646284355,-1.1925170118303983,1.723480600481612,2170.0
1737,-1.1797742781788012,-1.8235782849475692,-1.8743002243320561,-2.57701566680318,-1.1925170484024359,1.6394187270354437,2171.25
1738,-1.1797743070729414,-1.8235782679302701,-1.8743002172366183,-2.5770156912981816,-1.1925170770911253,1.5653568535892743,2172.5
1739,-1.1797743301385681,-1.8235782516653316,-1.874300209059536,-2.57701571603782,-1.1925170999507537,1.5012949801431972,2173.75
1740,-1.179774349603672,-1.8235782379393362,-1.874300202158887,-2.577015736915624,-1.1925171192420154,1.4472331066971698,2175.0
1741,-1.1797743654682527,-1.8235782267522844,-1.8743001965346713,-2.577015753931594,-1.19251713496491,1.4031712332511832,2176.25
1742,-1.17977437773231,-1.8235782181041738,-1.8743001921868916,-2.577015767085728,-1.1925171471194376,1.3691093598051849,2177.5
1743,-1.179774386395844,-1.823578211995005,-1.8743001891155475,-2.577015776378027,-1.1925171557055976,1.3450474863591753,2178.75
1744,-1.1797743914588545,-1.8235782084247778,-1.8743001873206397,-2.5770157818084907,-1.1925171607233904,1.3309856129131539,2180.0
1745,-1.1808705951503882,-1.826375781693615,-1.8705808156062735,-2.577945401262843,-1.193611615077648,1.324991461797965,2181.25
1746,-1.182312537719207,-1.8300557132600639,-1.865688354228474,-2.5791682204350637,-1.1950512576526007,1.328673640118456,2182.5
1747,-1.1824055547110106,-1.8302931113637935,-1.8653727383686234,-2.5792471069449845,-1.1951441294879777,1.340394215031049,2183.75
1748,-1.1824055478603217,-1.830293117538904,-1.8653727384242693,-2.5792471100198764,-1.1951441286493392,1.3618395961926877,2185.0
1749,-1.1824055378151508,-1.830293126593474,-1.8653727385058632,-2.5792471145285933,-1.1951441274196428,1.3932849773543161,2186.25
1750,-1.1824055245754974,-1.8302931385275034,-1.8653727386134045,-2.579247120471135,-1.1951441257988886,1.4347303585159061,2187.5
1751,-1.1824055083472882,-1.8302931532037394,-1.865372739156029,-2.5792471263338284,-1.1951441255603874,1.4861757363576176,2188.75
1752,-1.182405489403251,-1.8302931704404055,-1.8653727406755944,-2.579247130111965,-1.1951441290527123,1.547621107700937,2190.0
1753,-1.1824054663098433,-1.8302931897008943,-1.8653727426591622,-2.579247131766608,-1.19514412905026,1.6190664771461027,2191.25
1754,-1.182405431070601,-1.8302932051254444,-1.8653727467318126,-2.579247110762,-1.195144095082491,1.7005118320214545,2192.5
1755,-1.182405391490889,-1.8302932224353015,-1.865372751336381,-2.579247087038927,-1.1951440568290495,1.7919571819010325,2193.75
1756,-1.1824053475621408,-1.8302932416251363,-1.8653727564927465,-2.5792470605103874,-1.1951440142181744,1.8934025246299169,2195.0
1757,-1.1824052946368626,-1.830293254509304,-1.8653727523839925,-2.5792470508895913,-1.1951439613605679,2.0048478559205942,2196.25
1758,-1.1824052368358022,-1.830293268329637,-1.865372747639951,-2.579247040943868,-1.1951439035882205,2.1262931801089366,2197.5
1759,-1.1824051740623012,-1.8302932767402396,-1.8653727362671897,-2.5792470429764225,-1.195143840781166,2.2577384980503696,2198.75
1760,-1.1824051063465602,-1.830293280657477,-1.8653727191400267,-2.5792470551919013,-1.195143772981557,2.399183813312824,2200.0
1761,-1.1824050368365522,-1.8302932774866054,-1.8653726947934772,-2.5792470816668667,-1.1951437032732874,2.5506291248548774,2201.25
1762,-1.1824049653444828,-1.8302932676896262,-1.865372663604509,-2.5792471215607473,-1.1951436314751134,2.712074429818888,2202.5
1763,-1.1824049009257238,-1.830293247208902,-1.8653726245381264,-2.5792471800912526,-1.1951435665969357,2.877795534528018,2203.75
1764,-1.182404842927804,-1.8302932246775554,-1.8653725855158387,-2.579247240718175,-1.1951435081209152,3.0341091512578418,2205.0
1765,-1.1824048030956893,-1.830293193399677,-1.8653725438477575,-2.579247312983558,-1.1951434677115693,3.1804227679878174,2206.25
1766,-1.182404766401892,-1.8302931639663904,-1.8653725048795677,-2.5792473807563474,-1.1951434304762598,3.3167363847180744,2207.5
1767,-1.182404747109876,-1.8302931302343133,-1.865372467215229,-2.579247451771246,-1.1951434106120153,3.443050001448483,2208.75
1768,-1.1824047301828045,-1.8302930988050035,-1.8653724324441547,-2.5792475176317655,-1.1951433931540063,3.5593636181790327,2210.0
1769,-1.1824047222939793,-1.8302930682640521,-1.8653724012866124,-2.579247579127487,-1.1951433847674438,3.665677234909736,2211.25
1770,-1.1824047213228899,-1.8302930391186603,-1.8653723735680756,-2.579247635895568,-1.1951433833352976,3.761990851640518,2212.5
1771,-1.182404720452626,-1.8302930129993664,-1.86537234872748,-2.5792476867695617,-1.1951433820518476,3.8483044683714005,2213.75
1772,-1.1824047236791908,-1.8302929896750277,-1.8653723277754863,-2.5792477310288193,-1.1951433849179494,3.9246180851022636,2215.0
1773,-1.1824047320467264,-1.8302929690852485,-1.8653723109761748,-2.579247768485037,-1.1951433929790136,3.9909317018330848,2216.25
1774,-1.1824047391524493,-1.83029295160038,-1.865372296710175,-2.5792478002929107,-1.1951433998244807,4.04724531856379,2217.5
1775,-1.1824047449963597,-1.8302929372204235,-1.865372284977485,-2.5792478264524386,-1.1951434054543506,4.093558935294464,2218.75
1776,-1.1824047495784578,-1.830292925945376,-1.8653722757781086,-2.5792478469636215,-1.1951434098686238,4.129872552025178,2220.0
1777,-1.1824047528987431,-1.8302929177752374,-1.8653722691120453,-2.57924786182646,-1.1951434130672995,4.156186168755875,2221.25
1778,-1.1824047549572159,-1.830292912710008,-1.865372264979295,-2.5792478710409537,-1.1951434150503781,4.1724997854865835,2222.5
1779,-1.1831171475340556,-1.8321333774914381,-1.8629111264354468,-2.5798735925431235,-1.1958546068041762,4.180239999778389,2223.75
1780,-1.1846794122928048,-1.8361694968175604,-1.8575138884432407,-2.581245781508078,-1.1974142390323168,4.178818104235226,2225.0
1781,-1.1849995809149165,-1.8369966592490101,-1.8564077841673463,-2.5815269953062496,-1.1977338717764667,4.168871987447529,2226.25
1782,-1.184999579491421,-1.8369966656425014,-1.8564077872299536,-2.581526992317909,-1.1977338776554802,4.14971681863959,2227.5
1783,-1.1849995773247861,-1.8369966753737297,-1.8564077918914017,-2.581526987769498,-1.1977338866036464,4.120561649831662,2228.75
1784,-1.184999574415012,-1.8369966884426947,-1.8564077981516909,-2.581526981661017,-1.197733898620965,4.081406481023772,2230.0
1785,-1.184999570708908,-1.8369967048995264,-1.8564078058558893,-2.581526974582124,-1.1977339132442681,4.032251312272712,2231.25
1786,-1.184999565771743,-1.8369967251539385,-1.8564078137377156,-2.5815269713521634,-1.1977339266880285,3.9730961439887666,2232.5
1787,-1.184999559999965,-1.8369967488322971,-1.8564078229519405,-2.581526967576188,-1.1977339424044153,3.903940975704775,2233.75
1788,-1.1849995598639227,-1.836996773095048,-1.8564078440381269,-2.5815269268735284,-1.1977339443877089,3.824785822003925,2235.0
1789,-1.1849995606019836,-1.8369968000254708,-1.8564078692637103,-2.5815268759228016,-1.197733944354777,3.7356306723866863,2236.25
1790,-1.184999561395616,-1.8369968299579118,-1.8564078973874432,-2.5815268189587757,-1.1977339440892727,3.6364755326907447,2237.5
1791,-1.184999573516715,-1.836996860162552,-1.8564079295545837,-2.5815267570751654,-1.1977339562677092,3.5273204017510933,2238.75
1792,-1.1849995907464348,-1.8369968921576576,-1.8564079650992649,-2.581526689809558,-1.1977339740014785,3.4081652783970995,2240.0
1793,-1.1849996149622162,-1.836996924410569,-1.8564080030333763,-2.5815266200183586,-1.1977339987576547,3.2790101620777357,2241.25
1794,-1.18499965219242,-1.8369969542803837,-1.856408042707037,-2.5815265511109518,-1.1977340365431575,3.139855049820171,2242.5
1795,-1.18499969693301,-1.8369969828910104,-1.8564080835054892,-2.5815264824471704,-1.1977340818345323,2.9906999397632434,2243.75
1796,-1.1849997556238403,-1.8369970057060994,-1.8564081231297769,-2.5815264209457958,-1.1977341410119036,2.831544836550191,2245.0
1797,-1.1849998232327699,-1.8369970222846548,-1.8564081596134532,-2.5815263689371033,-1.1977342090276453,2.6651727532971723,2246.25
1798,-1.1849998930365189,-1.8369970318701139,-1.8564081901707117,-2.5815263298611675,-1.1977342791321643,2.506568514217497,2247.5
1799,-1.1849999623403797,-1.8369970312532828,-1.856408210941253,-2.5815263107384996,-1.1977343485742133,2.3579642751377237,2248.75
1800,-1.1850000282889839,-1.836997027459023,-1.8564082276779732,-2.58152629876827,-1.1977344146035394,2.219360036057727,2250.0
1801,-1.1850000892200092,-1.8369970161571803,-1.8564082357803153,-2.581526302844414,-1.1977344754857184,2.0907557969774633,2251.25
1802,-1.185000145313926,-1.836997002758678,-1.8564082404127062,-2.5815263124092738,-1.197734531487269,1.97215155789717,2252.5
1803,-1.1850001953395197,-1.836996988004072,-1.8564082418950145,-2.5815263263861294,-1.1977345813860716,1.863547318816694,2253.75
1804,-1.1850002379148377,-1.8369969693274926,-1.8564082373788438,-2.58152635016154,-1.1977346237566018,1.764943079736145,2255.0
1805,-1.1850002761723595,-1.8369969525450123,-1.8564082333206775,-2.581526371525756,-1.1977346618301044,1.6763388406554849,2256.25
1806,-1.1850003091425596,-1.8369969368787709,-1.8564082286873775,-2.5815263922731706,-1.19773469462267,1.597734601574784,2257.5
1807,-1.185000333540206,-1.8369969196930023,-1.8564082199781384,-2.581526418484094,-1.1977347188003247,1.5291303624941444,2258.75
1808,-1.1850003543815637,-1.836996905012293,-1.8564082125383892,-2.5815264408744185,-1.1977347394537576,1.470526123413578,2260.0
1809,-1.1850003716666335,-1.8369968928366458,-1.8564082063681266,-2.5815264594441456,-1.1977347565829692,1.4219218843330665,2261.25
1810,-1.185000385395415,-1.8369968831660572,-1.8564082014673549,-2.5815264741932746,-1.1977347701879593,1.3833176452525913,2262.5
1811,-1.1850003955679078,-1.8369968760005275,-1.8564081978360731,-2.581526485121806,-1.1977347802687275,1.3547134061720474,2263.75
1812,-1.185000402184112,-1.8369968713400564,-1.8564081954742824,-2.581526492229738,-1.197734786825274,1.3361091670915204,2265.0
1813,-1.1853823350030197,-1.8379957605470147,-1.8550647716531854,-2.5818737146552326,-1.1981160407811515,1.3265867959205644,2266.25
1814,-1.1869362731438498,-1.8420599022150137,-1.8495988528908498,-2.5832864277165424,-1.1996672172144676,1.3256968431797087,2267.5
1815,-1.187559727357578,-1.8436904825865312,-1.8474058667513231,-2.5838532245015244,-1.2002895655233088,1.3338429895288588,2268.75
1816,-1.1875597220275405,-1.8436904873819422,-1.8474058667664313,-2.5838532269964793,-1.2002895647608234,1.3506718128719895,2270.0
1817,-1.1875597135302955,-1.843690495026876,-1.8474058667905182,-2.5838532309739826,-1.2002895635452553,1.3775006362151387,2271.25
1818,-1.1875597018658433,-1.8436905055213315,-1.847405866823582,-2.583853236434034,-1.200289561876604,1.4143294595582494,2272.5
1819,-1.1875596870341836,-1.84369051886531,-1.8474058668656241,-2.5838532433766344,-1.2002895597548702,1.46115828290135,2273.75
1820,-1.1875596695915676,-1.8436905346942638,-1.8474058680042829,-2.5838532478052656,-1.200289562020087,1.5179870925345735,2275.0
1821,-1.1875596491638283,-1.843690553253408,-1.8474058695079507,-2.5838532524082125,-1.2002895654165735,1.5848159002536155,2276.25
1822,-1.187559619447305,-1.8436905699335533,-1.8474058726282188,-2.583853241139027,-1.2002895456374658,1.6616446971496837,2277.5
1823,-1.187559582338432,-1.8436905861515713,-1.8474058769416202,-2.5838532190372425,-1.2002895098898294,1.748473488321603,2278.75
1824,-1.1875595409242699,-1.8436906042166552,-1.8474058818287258,-2.583853194056016,-1.2002894697586268,1.8453022678413902,2280.0
1825,-1.1875594928527193,-1.8436906199694758,-1.8474058822139066,-2.5838531764448156,-1.2002894223701963,1.952131040706786,2281.25
1826,-1.187559437928078,-1.8436906330655505,-1.8474058776771092,-2.583853167050613,-1.200289367478739,2.0689598054810947,2282.5
1827,-1.187559378261901,-1.8436906460805336,-1.8474058715943193,-2.5838531592240246,-1.2002893078285441,2.1957885623826954,2283.75
1828,-1.187559313554914,-1.8436906497848948,-1.8474058551146304,-2.5838531710474872,-1.2002892430398573,2.332617313776986,2285.0
1829,-1.187559244551979,-1.8436906526949561,-1.8474058365549948,-2.5838531856792946,-1.200289173933929,2.4794460645790846,2286.25
1830,-1.1875591759503095,-1.8436906432571716,-1.8474058064191894,-2.5838532242040415,-1.200289105035034,2.636274808292242,2287.5
1831,-1.1875591068577824,-1.8436906292012458,-1.8474057717554158,-2.583853271854823,-1.2002890355707043,2.802232729180129,2288.75
1832,-1.1875590478749192,-1.8436906062605734,-1.8474057317951562,-2.5838533338130807,-1.200288976096215,2.963159542642336,2290.0
1833,-1.18755900016766,-1.843690579387688,-1.8474056915917845,-2.5838534001039686,-1.200288927858929,3.1140863561046674,2291.25
1834,-1.1875589626930132,-1.8436905493168578,-1.8474056515189285,-2.583853469606061,-1.2002888898253052,3.255013169567176,2292.5
1835,-1.1875589354385117,-1.8436905180657281,-1.8474056134847416,-2.583853538398926,-1.2002888620149585,3.3859399830299224,2293.75
1836,-1.1875589180530401,-1.8436904857881966,-1.847405577526601,-2.5838536062864774,-1.20028884407847,3.506866796492874,2295.0
1837,-1.1875589031962537,-1.843690455919607,-1.847405544632414,-2.583853668745472,-1.2002888287144304,3.61779360995595,2296.25
1838,-1.1875589021895996,-1.8436904257593898,-1.8474055157404106,-2.583853727699627,-1.2002888272255872,3.718720423419142,2297.5
1839,-1.1875589012826864,-1.8436903985875022,-1.847405489711072,-2.583853780812505,-1.2002888258842608,3.809647236882383,2298.75
1840,-1.1875589004755143,-1.8436903744039415,-1.8474054665444004,-2.5838538280841052,-1.2002888246904515,3.8905740503456836,2300.0
1841,-1.187558908687053,-1.8436903526981632,-1.8474054485118103,-2.5838538678851433,-1.2002888325741323,3.961500863809005,2301.25
1842,-1.1875589162802636,-1.8436903340218134,-1.8474054331590173,-2.5838539019760782,-1.2002888398863754,4.022427677272159,2302.5
1843,-1.1875589226271903,-1.8436903184108406,-1.8474054203260968,-2.583853930471622,-1.2002888459984502,4.073354490735292,2303.75
1844,-1.187558927727833,-1.8436903058652425,-1.8474054100130504,-2.5838539533717744,-1.2002888509103569,4.114281304198384,2305.0
1845,-1.187558931582192,-1.8436902963850181,-1.8474054022198794,-2.583853970676536,-1.200288854622095,4.145208117661544,2306.25
1846,-1.187558934190267,-1.8436902899701677,-1.8474053969465833,-2.583853982385907,-1.2002888571336647,4.166134931124659,2307.5
1847,-1.1876854116585438,-1.844025155393456,-1.846952472838011,-2.5839729251302055,-1.2004150978823092,4.177445108292641,2308.75
1848,-1.189105244915152,-1.8477844259642462,-1.8418679327976495,-2.5853081190615352,-1.2018322743281427,4.180668458817481,2310.0
1849,-1.1900833694892279,-1.850374196055533,-1.8383651868567543,-2.5862279340054313,-1.2028085709545877,4.174325061568045,2311.25
1850,-1.1900833684117198,-1.8503742008365358,-1.8383651891276527,-2.586227931878962,-1.20280857527438,4.15985576790171,2312.5
1851,-1.1900833665895258,-1.850374208921779,-1.8383651929680118,-2.5862279282828498,-1.2028085825796622,4.135386474235384,2313.75
1852,-1.1900833640226458,-1.8503742203112628,-1.8383651983778315,-2.5862279232170957,-1.202808592870434,4.10091718056907,2315.0
1853,-1.19008336071108,-1.850374235004987,-1.8383652053571116,-2.5862279166816986,-1.2028086061466952,4.056447886902793,2316.25
1854,-1.1900833563261155,-1.8503742533079401,-1.8383652129624808,-2.586227912244995,-1.2028086195169503,4.001978597337622,2317.5
1855,-1.1900833509370592,-1.8503742751558176,-1.8383652213928436,-2.586227909154623,-1.2028086335908537,3.937509310071621,2318.75
1856,-1.1900833476666075,-1.8503742990872023,-1.8383652359764913,-2.5862278889185992,-1.2028086428238718,3.863040029719007,2320.0
1857,-1.1900833483629767,-1.8503743242855084,-1.838365259744641,-2.5862278411112083,-1.2028086428221407,3.7785707589902957,2321.25
1858,-1.1900833491195524,-1.8503743524508645,-1.8383652863857116,-2.5862277873895128,-1.2028086426312599,3.6841014970069863,2322.5
1859,-1.1900833539920888,-1.850374382606069,-1.8383653163068443,-2.586227728173547,-1.2028086468316257,3.5796322418039814,2323.75
1860,-1.1900833703443523,-1.8503744129667348,-1.8383653502763004,-2.586227664106492,-1.2028086636622823,3.465162995184619,2325.0
1861,-1.1900833881269586,-1.850374445978581,-1.8383653872166408,-2.5862275944304227,-1.2028086819791193,3.3406937580316574,2326.25
1862,-1.1900834216426894,-1.850374475385832,-1.8383654255758544,-2.5862275272323947,-1.2028087160357035,3.2062245262644717,2327.5
1863,-1.190083459827445,-1.8503745060280257,-1.8383654665518478,-2.58622745626659,-1.2028087547962791,3.0617552953119085,2328.75
1864,-1.1900835137664918,-1.850374529566143,-1.838365505650049,-2.586227394499417,-1.2028088092287805,2.9072860700725327,2330.0
1865,-1.1900835743718607,-1.8503745520594115,-1.838365545819272,-2.5862273328028835,-1.2028088703247057,2.742851801455087,2331.25
1866,-1.1900836453654635,-1.8503745618421001,-1.8383655771159961,-2.5862272928095313,-1.2028089416278291,2.5795649597906816,2332.5
1867,-1.1900837134544182,-1.8503745674770664,-1.8383656035675835,-2.586227261754353,-1.2028090099536763,2.426278118126235,2333.75
1868,-1.1900837808040692,-1.85037456363979,-1.8383656207800447,-2.5862272493736054,-1.2028090773870592,2.282991276461603,2335.0
1869,-1.1900838433632703,-1.850374557373435,-1.8383656341980141,-2.586227243138306,-1.2028091399807999,2.1497044347967607,2336.25
1870,-1.1900839009640554,-1.8503745436513317,-1.8383656389880447,-2.586227252892318,-1.2028091974861352,2.0264175931317054,2337.5
1871,-1.1900839538927477,-1.850374531042256,-1.8383656433895403,-2.5862272618551683,-1.2028092503271213,1.9131307514665596,2338.75
1872,-1.19008399864446,-1.8503745130400957,-1.838365640128138,-2.5862272837372418,-1.2028092948872073,1.8098439098012544,2340.0
1873,-1.190084038434522,-1.8503744956134582,-1.8383656358772347,-2.586227305960833,-1.2028093344841597,1.7165570681358897,2341.25
1874,-1.1900840739592395,-1.850374480054894,-1.8383656320820083,-2.58622732580214,-1.2028093698364684,1.6332702264704821,2342.5
1875,-1.1900841014248458,-1.8503744633199863,-1.83836562467141,-2.5862273503116953,-1.2028093970934766,1.5599833848050368,2343.75
1876,-1.1900841236577753,-1.8503744476768866,-1.8383656166784594,-2.586227374236703,-1.2028094191240029,1.4966965431396635,2345.0
1877,-1.1900841423776636,-1.8503744345055662,-1.8383656099484786,-2.5862273943813037,-1.20280943767347,1.443409701474389,2346.25
1878,-1.190084157584511,-1.8503744238060242,-1.8383656044814685,-2.586227410745497,-1.2028094527418776,1.4001228598091635,2347.5
1879,-1.1900841692783168,-1.8503744155782595,-1.838365600277431,-2.5862274233292815,-1.2028094643292258,1.366836018143898,2348.75
1880,-1.1900841774590811,-1.8503744098222716,-1.8383655973363664,-2.586227432132658,-1.2028094724355143,1.34354917647865,2350.0
1881,-1.1900902671782554,-1.850390717147501,-1.8383434116539306,-2.5862333527992707,-1.2028155501413753,1.3302418333120094,2351.25
1882,-1.191234526147106,-1.8534578316870651,-1.8341718388894637,-2.587345755660376,-1.203957558062438,1.324816589945659,2352.5
1883,-1.1925271873110093,-1.8569227411925868,-1.829459230949869,-2.5886024309907834,-1.2052476773976355,1.3291660036561377,2353.75
1884,-1.1925745192195005,-1.8570496254218327,-1.8292866608988918,-2.5886484507736833,-1.205294919399462,1.3413974616763935,2355.0
1885,-1.192574512287646,-1.8570496316471097,-1.8292866608842027,-2.5886484541416874,-1.2052949182682369,1.3634723438019283,2356.25
1886,-1.192574502215637,-1.8570496406924595,-1.8292866608628593,-2.588648459035409,-1.2052949166245628,1.395547225927538,2357.5
1887,-1.1925744890034733,-1.8570496525578817,-1.8292866608348612,-2.5886484654548485,-1.2052949144684397,1.437622108053081,2358.75
1888,-1.1925744728932015,-1.8570496670871597,-1.8292866612664989,-2.5886484716985145,-1.2052949139277658,1.4896969827964246,2360.0
1889,-1.1925744540801986,-1.8570496841541977,-1.8292866625341564,-2.5886484763929785,-1.2052949167201616,1.5517718465986143,2361.25
1890,-1.192574430632626,-1.857049702749553,-1.829286664395717,-2.5886484774426832,-1.2052949138845954,1.6238467074288199,2362.5
1891,-1.1925743959801283,-1.8570497178708822,-1.8292866684475628,-2.588648456818624,-1.2052948805230148,1.7059215546390383,2363.75
1892,-1.1925743570908087,-1.8570497348243067,-1.829286673031005,-2.5886484335184177,-1.2052948429704216,1.7979963959706589,2365.0
1893,-1.1925743137892701,-1.8570497533063572,-1.8292866777934995,-2.588648408215937,-1.2052948009676134,1.9000712303262848,2366.25
1894,-1.192574261736383,-1.857049765685721,-1.829286673464808,-2.5886483993682186,-1.2052947489498942,2.01214605344313,2367.5
1895,-1.192574205037915,-1.8570497791707261,-1.8292866687465383,-2.5886483897436907,-1.2052946922810135,2.1342208690637405,2368.75
1896,-1.1925741434625294,-1.8570497866480888,-1.829286656764225,-2.588648393333754,-1.2052946306653816,2.266295678582248,2370.0
1897,-1.1925740770854856,-1.8570497904137584,-1.8292866397387362,-2.5886484056157135,-1.205294564203509,2.408370485803225,2371.25
1898,-1.1925740093045278,-1.857049786411169,-1.8292866148599214,-2.5886484334755178,-1.2052944962108474,2.560445288927356,2372.5
1899,-1.192573939262951,-1.8570497767461582,-1.8292865838723464,-2.5886484730560406,-1.2052944258622258,2.7225200855857743,2373.75
1900,-1.19257387726782,-1.8570497559023043,-1.82928654470985,-2.5886485320800583,-1.2052943633975228,2.8878730533530996,2375.0
1901,-1.1925738214097417,-1.8570497336004357,-1.8292865060615777,-2.588648592135536,-1.2052943070596789,3.0435504983407955,2376.25
1902,-1.1925737831376821,-1.8570497028880855,-1.8292864648453357,-2.5886486634092205,-1.2052942682106305,3.1892279433286292,2377.5
1903,-1.1925737476039624,-1.8570496742353417,-1.8292864264464472,-2.588648729852427,-1.2052942321389872,3.324905388316673,2378.75
1904,-1.192573729751864,-1.8570496411028525,-1.8292863892627198,-2.5886487998120726,-1.2052942137151796,3.450582833304882,2380.0
1905,-1.1925737133202354,-1.8570496106066812,-1.8292863550376488,-2.588648864205116,-1.2052941967573323,3.5662602782932282,2381.25
1906,-1.1925737065508843,-1.8570495807858691,-1.829286324459078,-2.5886489244224125,-1.2052941894935523,3.6719377232817565,2382.5
1907,-1.1925737056067154,-1.8570495525533666,-1.829286297206775,-2.588648979816428,-1.2052941880931223,3.767615168270348,2383.75
1908,-1.1925737047612286,-1.8570495272716692,-1.8292862728028187,-2.5886490294207807,-1.2052941868390623,3.853292613259002,2385.0
1909,-1.1925737085072068,-1.8570495046859175,-1.8292862523995501,-2.5886490724043836,-1.2052941902297836,3.9289700582477303,2386.25
1910,-1.192573716592752,-1.8570494848103998,-1.8292862359323605,-2.5886491088138333,-1.2052941980130727,3.994647503236351,2387.5
1911,-1.1925737234471978,-1.8570494679611151,-1.8292862219724526,-2.588649139679607,-1.2052942046112838,4.0503249482248735,2388.75
1912,-1.1925737290705445,-1.8570494541380644,-1.8292862105198244,-2.588649165001705,-1.2052942100244173,4.096002393213347,2390.0
1913,-1.192573733462792,-1.8570494433412446,-1.8292862015744795,-2.588649184780126,-1.2052942142524725,4.13167983820186,2391.25
1914,-1.1925737366239402,-1.8570494355706564,-1.8292861951364172,-2.5886491990148706,-1.20529421729545,4.157357283190385,2392.5
1915,-1.1925737385539894,-1.857049430826299,-1.829286191205638,-2.5886492077059393,-1.2052942191533493,4.173034728178893,2393.75
1916,-1.193332765123085,-1.8591091542156433,-1.8264693065952902,-2.589411603896846,-1.206051677994758,4.180316740965383,2395.0
1917,-1.1947873285209676,-1.8630563227079875,-1.821071156177846,-2.5908726187073734,-1.2075032380165571,4.1783302371973505,2396.25
1918,-1.1950305621296227,-1.863716377645218,-1.8201684706010373,-2.59111693046344,-1.2077459730189144,4.167995836042603,2397.5
1919,-1.19503056066389,-1.8637163840721982,-1.8201684736307369,-2.5911169277410746,-1.2077459787245013,4.148347131730686,2398.75
1920,-1.1950305584521879,-1.863716393770122,-1.8201684782023704,-2.5911169236331903,-1.2077459873338863,4.118698427418751,2400.0
1921,-1.1950305554945166,-1.8637164067389893,-1.8201684843159374,-2.5911169181397873,-1.2077459988470696,4.079049723106883,2401.25
1922,-1.1950305517131408,-1.8637164230499368,-1.8201684917513234,-2.5911169120882436,-1.2077460125733295,4.0294010202054675,2402.5
1923,-1.1950305467215259,-1.8637164430566875,-1.8201684994140253,-2.5911169095926443,-1.207746025078099,3.9697523247436566,2403.75
1924,-1.1950305408930757,-1.8637164664175352,-1.8201685083613657,-2.591116906678662,-1.2077460396792714,3.900103629281741,2405.0
1925,-1.1950305410878599,-1.8637164900798993,-1.820168529919151,-2.591116864544089,-1.2077460407023064,3.820454949351881,2406.25
1926,-1.1950305418117573,-1.863716516480382,-1.8201685550467157,-2.591116814146256,-1.2077460406273364,3.7308062733467167,2407.5
1927,-1.1950305425926986,-1.8637165458076268,-1.8201685830433918,-2.591116757843703,-1.2077460403404867,3.631157606830226,2408.75
1928,-1.1950305551900435,-1.8637165752287173,-1.8201686151143925,-2.5911166967718637,-1.207746053074516,3.521508949662631,2410.0
1929,-1.195030572079693,-1.8637166065696613,-1.8201686504505998,-2.5911166303598456,-1.2077460704719016,3.4018603000115184,2411.25
1930,-1.195030596590158,-1.8637166378183205,-1.8201686880644026,-2.5911165618978127,-1.2077460955229045,3.2722116572891595,2412.5
1931,-1.1950306330591682,-1.8637166670805803,-1.8201687274809712,-2.5911164938415276,-1.2077461325475976,3.1325630183594937,2413.75
1932,-1.1950306776165238,-1.8637166945894252,-1.8201687677364073,-2.591116426816723,-1.2077461776490663,2.982914381900976,2415.0
1933,-1.1950307350795184,-1.8637167169594144,-1.8201688070861457,-2.5911163660162093,-1.2077462355990343,2.8232657521906193,2416.25
1934,-1.195030801613516,-1.8637167325249302,-1.8201688427389249,-2.5911163158342494,-1.207746302529645,2.656948970538158,2417.5
1935,-1.1950308695291925,-1.8637167419076428,-1.8201688728948986,-2.5911162773357983,-1.2077463707449139,2.4988447710586703,2418.75
1936,-1.1950309372037404,-1.8637167407337434,-1.8201688928553508,-2.5911162595573938,-1.207746438547765,2.3507405715790544,2420.0
1937,-1.1950310013380376,-1.8637167371102112,-1.8201689093643183,-2.591116247620591,-1.2077465027630339,2.21263637209928,2421.25
1938,-1.195031060557296,-1.8637167256517189,-1.820168916830673,-2.5911162524667732,-1.2077465619258256,2.084532172619266,2422.5
1939,-1.195031115073741,-1.8637167126962972,-1.8201689213966574,-2.591116261635937,-1.2077466163513528,1.966427973139094,2423.75
1940,-1.1950311634617696,-1.8637166980315787,-1.8201689224145003,-2.591116275966346,-1.207746664607475,1.8583237736587963,2425.0
1941,-1.1950312048034404,-1.8637166799543907,-1.8201689179654061,-2.591116299061654,-1.207746705746701,1.760219574178344,2426.25
1942,-1.195031241931056,-1.8637166637198592,-1.8201689139698125,-2.5911163198028024,-1.2077467426925073,1.6721153746978918,2427.5
1943,-1.1950312736296975,-1.863716648353138,-1.8201689091146285,-2.591116340456943,-1.2077467742115617,1.5940111752173995,2428.75
1944,-1.1950312972669859,-1.8637166317420233,-1.8201689005547468,-2.5911163659363505,-1.2077467976315885,1.525906975736942,2430.0
1945,-1.195031317433521,-1.8637166175699824,-1.820168893251745,-2.5911163876745196,-1.2077468176127635,1.4678027762565582,2431.25
1946,-1.195031334129303,-1.8637166058370176,-1.8201688872056196,-2.5911164056714506,-1.2077468341550868,1.4196985767762258,2432.5
1947,-1.195031347354332,-1.8637165965431257,-1.8201688824163755,-2.5911164199271433,-1.2077468472585582,1.3815943772959334,2433.75
1948,-1.1950313571086069,-1.8637165896883068,-1.8201688788840122,-2.591116430441596,-1.207746856923177,1.353490177815544,2435.0
1949,-1.1950313633921283,-1.8637165852725608,-1.82016887660853,-2.59111643721481,-1.2077468631489436,1.3353859783352287,2436.25
1950,-1.1954483992725071,-1.8648623046696555,-1.8185934508525068,-2.591549000922728,-1.2081629957896889,1.3262319761151071,2437.5
1951,-1.1969219888467517,-1.8689107238423628,-1.8130266714973844,-2.593077457887546,-1.2096333941197788,1.3257715015552858,2438.75
1952,-1.197455428123931,-1.8703762609805288,-1.8110114877790495,-2.5936307630191937,-1.2101656802178455,1.3342190443367328,2440.0
1953,-1.1974554227724803,-1.8703762657781637,-1.811011487742698,-2.5936307657077893,-1.2101656792392426,1.3514078267401826,2441.25
1954,-1.1974554143076905,-1.8703762733669413,-1.8110114876851977,-2.5936307699605416,-1.2101656776913126,1.3785966091436503,2442.5
1955,-1.1974554027295616,-1.8703762837468623,-1.811011487606549,-2.5936307757774513,-1.2101656755740562,1.4157853915470513,2443.75
1956,-1.197455388038094,-1.870376296917926,-1.811011487506752,-2.593630783158518,-1.2101656728874732,1.4629741739504991,2445.0
1957,-1.1974553708036877,-1.8703763125170967,-1.8110114884694686,-2.59363078817745,-1.2101656746976923,1.5201629388558389,2446.25
1958,-1.1974553506136507,-1.8703763308070358,-1.8110114897106568,-2.5936307936749645,-1.2101656773393117,1.5873517021334747,2447.5
1959,-1.1974553210946242,-1.8703763469147905,-1.8110114927956769,-2.59363078210394,-1.2101656564825292,1.6645404539380109,2448.75
1960,-1.1974552847239792,-1.8703763627615952,-1.8110114970745927,-2.5936307604713393,-1.2101656214866316,1.7517292006110559,2450.0
1961,-1.1974552441514608,-1.8703763804035496,-1.8110115019262694,-2.5936307360072655,-1.2101655822143562,1.8489179349674632,2451.25
1962,-1.197455196910686,-1.8703763954887709,-1.8110115019605326,-2.5936307195083512,-1.2101655356201242,1.9561066626843062,2452.5
1963,-1.1974551431330238,-1.8703764082482413,-1.811011497455112,-2.5936307104317393,-1.210165481876794,2.0732953823652447,2453.75
1964,-1.197455084713944,-1.8703764205259796,-1.8110114910304729,-2.593630703697843,-1.2101654234709935,2.2004840942393713,2455.0
1965,-1.1974550213852093,-1.8703764240910976,-1.8110114746682124,-2.5936307155600598,-1.210165360059785,2.337672800746037,2456.25
1966,-1.1974549540543094,-1.8703764264081029,-1.8110114558536032,-2.5936307310597515,-1.2101652926179387,2.48486150636947,2457.5
1967,-1.1974548869350234,-1.870376417126512,-1.8110114259417252,-2.5936307692245513,-1.2101652252009492,2.6420502049852272,2458.75
1968,-1.1974548198499526,-1.87037640287247,-1.8110113912541834,-2.5936308171246134,-1.2101651577373427,2.808140500183662,2460.0
1969,-1.1974547624034844,-1.8703763805070317,-1.811011351771302,-2.5936308780537916,-1.2101650998014006,2.968700773865437,2461.25
1970,-1.1974547164823102,-1.8703763539530653,-1.8110113118587865,-2.5936309437622853,-1.2101650533478399,3.119261047547394,2462.5
1971,-1.197454679994141,-1.870376324679991,-1.8110112722771352,-2.5936310119928203,-1.2101650163036957,3.2598213212295026,2463.75
1972,-1.1974546540250373,-1.870376294027802,-1.8110112346556377,-2.593631079795947,-1.2101649897791966,3.3903815949117924,2465.0
1973,-1.1974546371027541,-1.8703762626397389,-1.8110111991533224,-2.593631146349101,-1.21016497230934,3.5109418685942764,2466.25
1974,-1.1974546231480008,-1.870376233483984,-1.8110111667272428,-2.593631207644077,-1.2101649578498157,3.6215021422769134,2467.5
1975,-1.1974546221660338,-1.8703762041856389,-1.8110111382184697,-2.5936312653579803,-1.2101649563891412,3.7220624159596767,2468.75
1976,-1.1974546212817159,-1.870376177800809,-1.811011112544686,-2.5936313173326493,-1.2101649550737203,3.8126226896425273,2470.0
1977,-1.1974546204950478,-1.870376154329491,-1.8110110897058942,-2.5936313635680825,-1.2101649539035528,3.893182963325371,2471.25
1978,-1.1974546288214587,-1.8703761332642093,-1.8110110720313282,-2.593631402376003,-1.2101649619055386,3.9637432370081873,2472.5
1979,-1.197454636187093,-1.870376115172016,-1.8110110569183009,-2.5936314356428944,-1.2101649689930054,4.024303510690969,2473.75
1980,-1.1974546423364787,-1.870376100067294,-1.8110110443008058,-2.593631463416599,-1.210164974910156,4.0748637843736555,2475.0
1981,-1.1974546472696161,-1.8703760879500408,-1.8110110341788457,-2.593631485697117,-1.2101649796569904,4.115424058056318,2476.25
1982,-1.197454650986505,-1.8703760788202564,-1.8110110265524206,-2.593631502484447,-1.2101649832335086,4.145984331739021,2477.5
1983,-1.197454653487145,-1.87037607267794,-1.8110110214215314,-2.5936315137785906,-1.2101649856397108,4.166544605421706,2478.75
1984,-1.197601365319566,-1.8707841382093666,-1.81044688711294,-2.5937885811928196,-1.2103113646128962,4.177572588339662,2480.0
1985,-1.1989634618957847,-1.87457274848339,-1.8052093505229883,-2.59524677907191,-1.2116703713733668,4.180498347476215,2481.25
1986,-1.199846503244594,-1.8770288929318202,-1.8018138767748586,-2.59619212129982,-1.2125514119060476,4.1739373509011095,2482.5
1987,-1.1998465021466336,-1.877028897690993,-1.8018138790032328,-2.596192119378891,-1.212551416057004,4.159238975869654,2483.75
1988,-1.1998465003016783,-1.8770289056880565,-1.801813882747676,-2.596192116151063,-1.212551423032052,4.134540600838208,2485.0
1989,-1.1998464977097285,-1.87702891692301,-1.8018138880081875,-2.596192111616335,-1.2125514328311922,4.0998422258068015,2486.25
1990,-1.199846494370784,-1.8770289313958548,-1.8018138947847675,-2.596192105774709,-1.212551445454424,4.055143850775376,2487.5
1991,-1.1998464899462016,-1.8770289494127423,-1.8018139021301778,-2.596192102163956,-1.2125514578624117,4.000445481480922,2488.75
1992,-1.199846484528273,-1.8770289708902363,-1.8018139103025739,-2.5961920998199095,-1.2125514708834806,3.9357471150785166,2490.0
1993,-1.1998464813987253,-1.8770289942858636,-1.8018139249325131,-2.596192079392615,-1.2125514790527043,3.86104875601252,2491.25
1994,-1.199846482081395,-1.8770290189163872,-1.801813948552281,-2.596192032243043,-1.2125514790236487,3.7763504062146787,2492.5
1995,-1.1998464828233768,-1.8770290464377557,-1.8018139750231823,-2.596191979261911,-1.212551478806525,3.681652065609009,2493.75
1996,-1.1998464879228314,-1.8770290758210286,-1.8018140047759181,-2.5961919209115973,-1.2125514832690412,3.5769537318280813,2495.0
1997,-1.1998465039221498,-1.8770291054899877,-1.801814038495186,-2.596191857777585,-1.2125514997489204,3.4622554065885787,2496.25
1998,-1.1998465213181067,-1.877029137744603,-1.8018140751573626,-2.5961917891281074,-1.2125515176810857,3.337557090652267,2497.5
1999,-1.1998465544585422,-1.8770291663295158,-1.8018141131821341,-2.596191723080627,-1.2125515513611762,3.202858780326788,2498.75
2000,-1.1998465917988457,-1.8770291962782168,-1.8018141538384582,-2.5961916531132743,-1.2125515892766592,3.0581604707141388,2500.0
2001,-1.1998466448808722,-1.8770292190594193,-1.8018141925021813,-2.596191592523612,-1.2125516428485454,2.9034621669451246,2501.25
2002,-1.1998467040699883,-1.8770292407056466,-1.8018142319836432,-2.5961915323397355,-1.2125517025219246,2.739581197223508,2502.5
2003,-1.1998467715511965,-1.8770292500442136,-1.8018142621687456,-2.5961914938511055,-1.212551770304302,2.5806006891552893,2503.75
2004,-1.199846836008581,-1.8770292557980237,-1.8018142879407515,-2.5961914633055168,-1.2125518349975724,2.4316201810869726,2505.0
2005,-1.1998468997828413,-1.8770292522200545,-1.801814304478623,-2.5961914512907676,-1.2125518988535866,2.2926396730184218,2506.25
2006,-1.1998469589190515,-1.877029247429605,-1.8018143183902688,-2.596191443042066,-1.2125519580415176,2.163659164949688,2507.5
2007,-1.1998470131868404,-1.877029234562639,-1.8018143229688097,-2.5961914521086036,-1.2125520122182174,2.0446786568807984,2508.75
2008,-1.199847062893566,-1.877029222777113,-1.8018143271625287,-2.5961914604131247,-1.2125520618415102,1.9356981488117588,2510.0
2009,-1.199847105688768,-1.8770292077150794,-1.801814326022141,-2.596191477216072,-1.2125521044844847,1.8367176407426509,2511.25
2010,-1.1998471427393538,-1.8770291915400812,-1.8018143220047707,-2.5961914979200076,-1.212552141352003,1.747737132673408,2512.5
2011,-1.199847175626042,-1.8770291771829006,-1.8018143184388837,-2.59619151629715,-1.212552174076198,1.6687566246041037,2513.75
2012,-1.1998472035759737,-1.8770291640236603,-1.8018143144830008,-2.5961915337956367,-1.2125522018723716,1.5997761165348945,2515.0
2013,-1.1998472238027296,-1.8770291498275031,-1.8018143071032737,-2.5961915556365103,-1.212552221911422,1.5407956084657668,2516.25
2014,-1.1998472406000888,-1.8770291380382698,-1.8018143009747611,-2.596191573774317,-1.212552238552901,1.4918151003967133,2517.5
2015,-1.1998472539680516,-1.8770291286559604,-1.801814296097462,-2.5961915882090585,-1.2125522517968084,1.452834592327671,2518.75
2016,-1.1998472639066178,-1.8770291216805752,-1.8018142924713763,-2.596191598940734,-1.2125522616431446,1.4238540842585667,2520.0
2017,-1.1998472704157872,-1.8770291171121132,-1.8018142900965062,-2.596191605969343,-1.2125522680919087,1.404873576189479,2521.25
2018,-1.1998442944653154,-1.8770209346295252,-1.8018259905787473,-2.5961880680599636,-1.2125493014378377,1.3958828259062388,2522.5
2019,-1.1992631282339932,-1.875425073046616,-1.804108804445054,-2.595497223798083,-1.2119699543809455,1.3957111513017812,2523.75
2020,-1.1991829328413377,-1.8752048698404058,-1.8044238001595145,-2.5954018942145227,-1.211890010035654,1.4045336255191432,2525.0
2021,-1.1990264510179478,-1.8747751986661116,-1.8050384358187161,-2.5952158817541533,-1.2117340180735485,1.423337710148327,2526.25
2022,-1.198786752262452,-1.8741170286402293,-1.8059799343225187,-2.594930947988101,-1.21149506968725,1.4521417947774986,2527.5
2023,-1.1984638365748503,-1.873230359762758,-1.8072482956709226,-2.594547092916365,-1.2111731648767587,1.4909458794066859,2528.75
2024,-1.1980530980616746,-1.872114528794608,-1.8088377339885113,-2.594070720945903,-1.210763671545057,1.5397500865850247,2530.0
2025,-1.1975579902144293,-1.87077003358235,-1.8107525864175689,-2.5934970306088716,-1.21027006282916,1.5985542989839114,2531.25
2026,-1.196978245013541,-1.8691968274726478,-1.8129925343349205,-2.5928263844063553,-1.2096920694617137,1.6673585251567473,2532.5
2027,-1.19630949516463,-1.8673942019502592,-1.8155522700764446,-2.5920647544055817,-1.2090253020429436,1.7461628902463542,2533.75
2028,-1.1955554648904856,-1.865362757417628,-1.818436327931375,-2.591207043579166,-1.2082735035378884,1.8349672672956836,2535.0
2029,-1.194710340951379,-1.8631014923512246,-1.8216377679719322,-2.5902611353296834,-1.2074308297978993,1.9337718125818015,2536.25
2030,-1.193776562829415,-1.860610794801692,-1.825159573429676,-2.589223682693814,-1.2064997335246543,2.0425764433886755,2537.5
2031,-1.1927522792855059,-1.8578903267427689,-1.8289995762940183,-2.588097173198372,-1.205478353783632,2.1613811973962593,2538.75
2032,-1.191633140588435,-1.854939205439536,-1.833152877563774,-2.5868873447113896,-1.2043623186699093,2.2901861755369657,2540.0
2033,-1.1904201576576432,-1.8517575595207112,-1.8376207849705808,-2.585592770732606,-1.2031526447701766,2.4289913282999644,2541.25
2034,-1.189111172903518,-1.8483448964342464,-1.8424009897775737,-2.58421623054225,-1.2018471638587263,2.5777966883730405,2542.5
2035,-1.187703978158533,-1.8447006721508932,-1.8474912178331935,-2.5827605196094963,-1.2004436571512724,2.736602287084169,2543.75
2036,-1.186269209918545,-1.8410109012025848,-1.8526298490712825,-2.581301725923451,-1.1990125664318023,2.8972852841525163,2545.0
2037,-1.1849129106676128,-1.8375461905656598,-1.857441282628661,-2.5799455799383373,-1.1976596694064172,3.048065986224737,2546.25
2038,-1.183638039797115,-1.8343092045812432,-1.8619247500606548,-2.578690212842427,-1.1963879338782202,3.1888468740733287,2547.5
2039,-1.1824451479434928,-1.831300010687733,-1.866080970924438,-2.5775348429567027,-1.195197913593951,3.3196279394804993,2548.75
2040,-1.181336018312281,-1.828518988848971,-1.8699119144008622,-2.5764771391750223,-1.1940914007358951,3.440409148163556,2550.0
2041,-1.1803140536734553,-1.8259669895476123,-1.8734210568620682,-2.5755128097312996,-1.1930718143480534,3.5511904428360226,2551.25
2042,-1.1793796164489962,-1.8236440956816995,-1.8766087858187903,-2.5746413879124956,-1.1921395186377781,3.6519718251436935,2552.5
2043,-1.1785328492847302,-1.8215503035229008,-1.8794753358957164,-2.573862644066331,-1.1912946572041287,3.7427532922220017,2553.75
2044,-1.1777776536080282,-1.8196866843144204,-1.8820244763317633,-2.5731717784826222,-1.1905411494730112,3.8235347897456293,2555.0
2045,-1.1771121106155185,-1.8180526801920969,-1.8842544235039915,-2.5725711124117536,-1.1898770680029465,3.894316347478225,2556.25
2046,-1.1765391674923078,-1.8166491240682179,-1.8861679711005652,-2.57205705019476,-1.1893053734113468,3.9550979295692157,2557.5
2047,-1.1760604869900264,-1.815476485942127,-1.8877666951057226,-2.571627563304586,-1.1888277360278576,4.00587951166015,2558.75
2048,-1.1756734201765495,-1.8145339961499374,-1.889048132285404,-2.5712858567002774,-1.1884414949927349,4.046661134059875,2560.0
2049,-1.1753808451158914,-1.8138224907069533,-1.890014959386269,-2.571028447975837,-1.1881495413300422,4.077442763991518,2561.25
2050,-1.1751833186479517,-1.8133421313873435,-1.890667694249974,-2.5708546633885887,-1.1879524343870784,4.098224393923155,2562.5
2051,-1.1750808407727307,-1.813092918191108,-1.8910063368765195,-2.570764502938533,-1.1878501741638436,4.109006023854785,2563.75
2052,-1.1744736063749441,-1.8116193382870847,-1.8930068362465788,-2.570233244980815,-1.1872442218411252,4.110538136685025,2565.0
2053,-1.1743949305684902,-1.8114287950003054,-1.893265286639477,-2.5701647749357726,-1.1871657112223613,4.103186932469805,2566.25
2054,-1.1743945286640218,-1.8114286832867106,-1.8932649223219173,-2.5701652462175746,-1.1871653080673066,4.086022998382231,2567.5
2055,-1.1743938926031734,-1.8114285064868751,-1.89326434574675,-2.5701659920761717,-1.1871646700272587,4.058859064294634,2568.75
2056,-1.1743930223376846,-1.811428264655553,-1.8932635567548022,-2.57016701310847,-1.187163796675312,4.021695142126464,2570.0
2057,-1.1743919178258644,-1.811427957839869,-1.8932625552088658,-2.570168309828733,-1.187162687643645,3.9745312368054586,2571.25
2058,-1.1743905791282163,-1.8114275859711146,-1.8932613413086021,-2.570169881488117,-1.1871613434678232,3.917367331484362,2572.5
2059,-1.1743900646181138,-1.8114274569406053,-1.8932608873490846,-2.57017045931114,-1.1871608268750677,3.850203438649622,2573.75
2060,-1.1743900653666242,-1.81142748087785,-1.8932609095268031,-2.5701704136410695,-1.1871608276656,3.7730395522933255,2575.0
2061,-1.17439006620381,-1.8114275079123288,-1.89326093459709,-2.5701703619707263,-1.187160828489966,3.6858756705418854,2576.25
2062,-1.1743900700550685,-1.8114275373372621,-1.8932609628162353,-2.5701703047467563,-1.1871608324072749,3.588711792745066,2577.5
2063,-1.1743900859393763,-1.8114275669641864,-1.8932609950006791,-2.5701702432359563,-1.1871608487666383,3.48154792412796,2578.75
2064,-1.1743901033064497,-1.811427599355408,-1.8932610301894344,-2.570170175981442,-1.1871608666569908,3.3643840627809056,2580.0
2065,-1.1743901331126505,-1.8114276296781333,-1.8932610672453034,-2.570170109123082,-1.1871608969895338,3.23722020912433,2581.25
2066,-1.1743901707270736,-1.811427659975101,-1.8932611066484046,-2.5701700400678127,-1.1871609351507155,3.100056360853255,2582.5
2067,-1.1743902199752123,-1.8114276861838516,-1.8932611458152104,-2.570169975498674,-1.1871609849063087,2.952892514334276,2583.75
2068,-1.1743902793827274,-1.811427709348528,-1.8932611852612558,-2.5701699138369163,-1.1871610447950545,2.7957286729947994,2585.0
2069,-1.1743903503934152,-1.8114277231829372,-1.8932612196232048,-2.5701698667353834,-1.1871611161672586,2.6313955559864532,2586.25
2070,-1.1743904210075724,-1.8114277328812305,-1.8932612500467427,-2.5701698276906955,-1.1871611870783083,2.47487262158017,2587.5
2071,-1.174390492198224,-1.8114277293846486,-1.8932612684660945,-2.5701698138160745,-1.1871612583635434,2.3283496871736453,2588.75
2072,-1.1743905587857497,-1.8114277254951212,-1.893261285123054,-2.570169802027256,-1.1871613250299893,2.1918267527670108,2590.0
2073,-1.1743906201560477,-1.8114277116240993,-1.893261290980241,-2.5701698109137476,-1.1871613863143733,2.0653038183601358,2591.25
2074,-1.17439067664882,-1.8114276980337252,-1.8932612956133643,-2.5701698206719588,-1.1871614427153852,1.9487808839531393,2592.5
2075,-1.174390726018194,-1.8114276813664678,-1.8932612952403804,-2.570169838398527,-1.1871614919306814,1.842257949546017,2593.75
2076,-1.174390768741739,-1.81142766251299,-1.893261290828628,-2.5701698622450833,-1.1871615344525648,1.7457350151387518,2595.0
2077,-1.1743908070390277,-1.8114276456127802,-1.8932612868739376,-2.570169883621083,-1.1871615725690843,1.659212080731446,2596.25
2078,-1.174390838733176,-1.8114276289124456,-1.893261281095936,-2.5701699065229464,-1.187161604071772,1.5826891463241293,2597.5
2079,-1.1743908629855462,-1.8114276117364962,-1.8932612726161122,-2.570169932490285,-1.1871616281098214,1.5161662119168573,2598.75
2080,-1.1743908835922008,-1.8114275971425067,-1.89326126541101,-2.5701699545541077,-1.187161648534373,1.4596432775096906,2600.0
2081,-1.1743909005531403,-1.8114275851304789,-1.8932612594806264,-2.5701699727144147,-1.1871616653454276,1.4131203431025376,2601.25
2082,-1.1743909138683641,-1.8114275757004088,-1.8932612548249652,-2.570169986971204,-1.1871616785429835,1.3765974086954298,2602.5
2083,-1.174390923537872,-1.8114275688522974,-1.8932612514440268,-2.5701699973244767,-1.1871616881270415,1.3500744742882822,2603.75
2084,-1.1743909295616644,-1.8114275645861444,-1.8932612493378111,-2.570170003774232,-1.1871616940976009,1.333551539881123,2605.0
2085,-1.1751119039649565,-1.813220842544768,-1.8909013415602125,-2.5707418366688475,-1.1878816374189716,1.3256634399387919,2606.25
2086,-1.176747572806271,-1.8172892600344726,-1.8855474173349487,-2.5720391484047744,-1.189514967665339,1.3269270549957657,2607.5
2087,-1.1770970451780023,-1.8181585170887058,-1.8844035029607313,-2.5723163320662534,-1.1898639430911766,1.3367849877285454,2608.75
2088,-1.1770970390332107,-1.8181585226473236,-1.8844035030255712,-2.572316334713245,-1.189863942428474,1.355842010663673,2610.0
2089,-1.1770970296639958,-1.8181585311227761,-1.8844035031244353,-2.5723163387492214,-1.1898639414180243,1.3848990335988185,2611.25
2090,-1.1770970170703572,-1.8181585425150633,-1.8844035032573236,-2.5723163441741828,-1.1898639400598272,1.423956056533869,2612.5
2091,-1.1770970013114352,-1.818158556784499,-1.8844035035428202,-2.572316350546308,-1.189863938857845,1.473013079454823,2613.75
2092,-1.1770969829329925,-1.8181585735648533,-1.8844035050752646,-2.5723163537883327,-1.189863942462805,1.5320701022451872,2615.0
2093,-1.177096961442567,-1.8181585931865887,-1.8844035068671945,-2.572316357579322,-1.1898639466781857,1.6011271250356267,2616.25
2094,-1.177096928005366,-1.818158609274437,-1.884403510573946,-2.5723163399113034,-1.1898639178331156,1.6801841334950052,2617.5
2095,-1.177096888985522,-1.8181586264215968,-1.884403515014936,-2.572316316595145,-1.1898638801562558,1.7692411378555755,2618.75
2096,-1.1770968455543538,-1.8181586454766099,-1.884403520020826,-2.572316290368474,-1.189863838001117,1.868298132259873,2620.0
2097,-1.1770967942128616,-1.8181586602295905,-1.884403518219608,-2.572316276214448,-1.189863787042454,1.977355118030316,2621.25
2098,-1.1770967368425196,-1.8181586740045512,-1.8844035135126465,-2.5723162662833357,-1.189863729702202,2.096412096209374,2622.5
2099,-1.1770966745291886,-1.818158685109014,-1.8844035048187786,-2.5723162629485343,-1.189863667380608,2.2254690673482194,2623.75
2100,-1.177096607127785,-1.818158689021256,-1.8844034879016984,-2.572316274965304,-1.1898635998969556,2.364526034378378,2625.0
2101,-1.1770965365606683,-1.8181586890598975,-1.884403466432832,-2.5723162953488887,-1.1898635291817046,2.5135829992349317,2626.25
2102,-1.1770964652497842,-1.8181586792393092,-1.8844034356076889,-2.5723163349066325,-1.189863457569332,2.672639957219115,2627.5
2103,-1.1770963969124626,-1.8181586616621868,-1.884403398505424,-2.5723163885202815,-1.1898633888164414,2.83901794817442,2628.75
2104,-1.1770963372952143,-1.8181586383936015,-1.8844033587895894,-2.572316450552507,-1.1898633287135845,2.997723161662033,2630.0
2105,-1.1770962925585908,-1.8181586087168786,-1.884403317673769,-2.572316520596004,-1.1898632834231768,3.1464283751497404,2631.25
2106,-1.1770962547576886,-1.818158578255868,-1.8844032779451187,-2.5723165901375253,-1.1898632450708595,3.2851335886376734,2632.5
2107,-1.1770962309106068,-1.818158545040049,-1.884403239917377,-2.572316660932635,-1.189863220658879,3.4138388021257873,2633.75
2108,-1.1770962134220628,-1.8181585124183455,-1.8844032043774548,-2.572316728742031,-1.189863202627964,3.532544015614053,2635.0
2109,-1.1770962017259694,-1.8181584815073242,-1.8844031721868948,-2.5723167915823426,-1.1898631904281531,3.6412492291024723,2636.25
2110,-1.1770962007199186,-1.818158451130599,-1.8844031437486983,-2.572316850296451,-1.1898631889490594,3.739954442590975,2637.5
2111,-1.1770961998157925,-1.8181584238313988,-1.8844031181916203,-2.572316903062129,-1.1898631876198151,3.8286596560795925,2638.75
2112,-1.1770962006706969,-1.818158399513544,-1.8844030959315659,-2.5723169495840192,-1.189863188099506,3.9073648695682213,2640.0
2113,-1.177096209449045,-1.8181583778192643,-1.8844030785156791,-2.572316988763392,-1.1898631965599107,3.9760700830567597,2641.25
2114,-1.1770962169497097,-1.818158359282573,-1.8844030636346634,-2.572317022240232,-1.1898632037889088,4.034775296545281,2642.5
2115,-1.177096223172692,-1.8181583439034736,-1.8844030512885155,-2.5723170500145387,-1.1898632097865003,4.083480510033731,2643.75
2116,-1.1770962281179913,-1.8181583316819618,-1.8844030414772392,-2.5723170720863133,-1.1898632145526855,4.122185723522161,2645.0
2117,-1.1770962317856075,-1.8181583226180384,-1.8844030342008353,-2.5723170884555553,-1.1898632180874642,4.150890937010605,2646.25
2118,-1.1770962341755409,-1.8181583167117028,-1.8844030294593033,-2.5723170991222646,-1.1898632203908361,4.169596150499031,2647.5
2119,-1.1774839950220528,-1.8191346509290802,-1.883110532454723,-2.5726360406658695,-1.1902503934114892,4.179181780823529,2648.75
2120,-1.1791047819635054,-1.8232156183656623,-1.8777080662840808,-2.573969154491179,-1.1918687238097174,4.180114181030904,2650.0
2121,-1.179764477781186,-1.8248766661365332,-1.8755091433167446,-2.5745117599057257,-1.1925274227880724,4.171975864939973,2651.25
2122,-1.1797644765295587,-1.8248766718327114,-1.8755091460346107,-2.5745117571417078,-1.1925274280674585,4.155141110643621,2652.5
2123,-1.179764474534453,-1.8248766809124726,-1.8755091503669146,-2.5745117527358374,-1.1925274364828489,4.128306356347279,2653.75
2124,-1.1797644717958693,-1.8248766933758163,-1.875509156313656,-2.5745117466881142,-1.1925274480342436,4.0914716020509765,2655.0
2125,-1.1797644683138075,-1.8248767092227427,-1.8755091638748353,-2.574511738998539,-1.1925274627216422,4.0446368477546555,2656.25
2126,-1.1797644636257782,-1.8248767288914556,-1.8755091716921855,-2.574511734870833,-1.1925274765589615,3.987802100035741,2657.5
2127,-1.1797644580425555,-1.8248767520875004,-1.8755091806784057,-2.5745117308083096,-1.1925274922246853,3.9209673532096296,2658.75
2128,-1.17976445633275,-1.8248767767153593,-1.8755091986132961,-2.574511699771535,-1.1925274982515321,3.8441326170704126,2660.0
2129,-1.1797644570655765,-1.824876803394543,-1.8755092231863135,-2.5745116497720457,-1.192527498280531,3.757297886592105,2661.25
2130,-1.179764457850585,-1.824876833125301,-1.8755092506669953,-2.574511593673886,-1.1925274980447962,3.660463167526597,2662.5
2131,-1.1797644664721334,-1.8248768640229556,-1.8755092818238421,-2.5745115323288723,-1.1925275063589955,3.5536284550969808,2663.75
2132,-1.1797644835733672,-1.8248768959311146,-1.8755093167225794,-2.574511465798249,-1.192527523950707,3.436793750734368,2665.0
2133,-1.1797645039032563,-1.8248769297934682,-1.875509354425198,-2.5745113945580758,-1.1925275448196784,3.309959054180329,2666.25
2134,-1.1797645409645294,-1.8248769596689862,-1.8755093935064635,-2.574511326234683,-1.1925275824272838,3.173124363052332,2667.5
2135,-1.1797645819884666,-1.8248769908405915,-1.8755094350021182,-2.574511254264042,-1.192527624026349,3.026289672631132,2668.75
2136,-1.1797646405387563,-1.8248770137119295,-1.8755094741373874,-2.574511193192696,-1.1925276830562637,2.869454989339943,2670.0
2137,-1.17976470606765,-1.8248770337460845,-1.8755095127676742,-2.574511135559334,-1.1925277490352149,2.703492586758014,2671.25
2138,-1.1797647777707518,-1.8248770436452075,-1.8755095438659546,-2.5745110956563044,-1.1925278210433916,2.542564771994276,2672.5
2139,-1.1797648477536422,-1.824877046169889,-1.8755095675862807,-2.574511070459386,-1.1925278912128192,2.391636957230382,2673.75
2140,-1.1797649156385197,-1.824877042253699,-1.875509584680767,-2.574511058279896,-1.1925279591794493,2.250709142466304,2675.0
2141,-1.179764978527646,-1.8248770332229323,-1.875509595496815,-2.574511057404756,-1.1925280220601162,2.119781327702015,2676.25
2142,-1.1797650364295775,-1.8248770193357275,-1.8755096002769105,-2.5745110673341935,-1.192528079867417,1.998853512937556,2677.5
2143,-1.1797650892015301,-1.8248770059592179,-1.8755096039647432,-2.574511077770322,-1.192528132541907,1.8879256981729708,2678.75
2144,-1.1797651333208639,-1.8248769865219947,-1.8755095993780855,-2.5745111023959373,-1.1925281764511297,1.786997883408321,2680.0
2145,-1.179765173068824,-1.8248769690106286,-1.8755095952458725,-2.5745111245816306,-1.1925282160097965,1.6960700686435326,2681.25
2146,-1.1797652084454093,-1.8248769534251177,-1.875509591568107,-2.574511144327401,-1.192528251217907,1.6151422538786608,2682.5
2147,-1.1797652343384484,-1.824876935644446,-1.8755095829540542,-2.5745111710573907,-1.192528276888316,1.5442144391138772,2683.75
2148,-1.1797652562752998,-1.8248769201243182,-1.8755095752322632,-2.5745111945820702,-1.192528298629444,1.483286624349125,2685.0
2149,-1.1797652746116858,-1.82487690715149,-1.8755095687778367,-2.5745112142456765,-1.192528316802231,1.432358809584504,2686.25
2150,-1.1797652893476063,-1.8248768967259599,-1.8755095635907768,-2.574511230048209,-1.1925283314066757,1.3914309948198706,2687.5
2151,-1.1797653004830606,-1.8248768888477267,-1.875509559671085,-2.5745112419896676,-1.1925283424427782,1.3605031800551974,2688.75
2152,-1.179765308018049,-1.8248768835167908,-1.8755095570187608,-2.5745112500700515,-1.1925283499105386,1.3395753652905409,2690.0
2153,-1.1799020088878749,-1.8252253061996242,-1.8750455891854323,-2.574627768060733,-1.1926648315475934,1.3282570632792965,2691.25
2154,-1.1813907818689096,-1.8290200261775407,-1.8699925068189163,-2.5758967252187053,-1.1941512172854702,1.3250806684408631,2692.5
2155,-1.1823965638401113,-1.831583664311578,-1.8665787472932602,-2.5767540069408237,-1.195155388239954,1.3314666384443574,2693.75
2156,-1.1823965591805652,-1.8315836685183642,-1.8665787473160678,-2.576754009045157,-1.195155387638513,1.3460417252714354,2695.0
2157,-1.1823965513240944,-1.8315836756114363,-1.8665787473545237,-2.5767540125932773,-1.195155386624422,1.3706168120985032,2696.25
2158,-1.1823965402706986,-1.831583685590794,-1.8665787474086275,-2.576754017585186,-1.1951553851976808,1.4051918989255325,2697.5
2159,-1.1823965260203777,-1.8315836984564373,-1.8665787474783802,-2.5767540240208824,-1.1951553833582897,1.4497669857525801,2698.75
2160,-1.1823965089820772,-1.8315837139390017,-1.8665787483696439,-2.576754028918098,-1.1951553846276388,1.504342065572781,2700.0
2161,-1.1823964890586365,-1.831583732102485,-1.8665787498909574,-2.576754032985381,-1.195155388169092,1.5689171416400325,2701.25
2162,-1.182396461954779,-1.831583750064313,-1.8665787524996313,-2.576754027102582,-1.195155376692001,1.6434922106525098,2702.5
2163,-1.1823964253623545,-1.8315837661254462,-1.866578756675756,-2.576754005306464,-1.1951553414222547,1.7280672702467337,2703.75
2164,-1.1823963844188032,-1.8315837840703386,-1.8665787614029394,-2.576753980682378,-1.1951553017770398,1.8226423210388423,2705.0
2165,-1.1823963378010023,-1.8315838015494856,-1.8665787638684057,-2.576753958937341,-1.195155256126014,1.927217365083611,2706.25
2166,-1.1823962832717232,-1.8315838146033656,-1.8665787593667846,-2.5767539495561635,-1.195155201631097,2.041792400570215,2707.5
2167,-1.1823962239817656,-1.8315838287979849,-1.866578754467885,-2.5767539393729693,-1.195155142367583,2.1663674267171564,2708.75
2168,-1.1823961595991128,-1.831583833819791,-1.8665787394407334,-2.5767539484310764,-1.1951550779172453,2.3009424474480915,2710.0
2169,-1.1823960903863358,-1.8315838377900706,-1.8665787219518757,-2.576753960933978,-1.1951550086189642,2.445517467394211,2711.25
2170,-1.1823960211554954,-1.8315838302519958,-1.8665786937273696,-2.5767539956457877,-1.1951549391236795,2.6000924815370157,2712.5
2171,-1.1823959491414824,-1.8315838191896447,-1.8665786613646926,-2.576754037968275,-1.1951548667843694,2.7646190985030503,2713.75
2172,-1.1823958885957044,-1.8315837955216066,-1.866578620758685,-2.576754101275281,-1.195154805739917,2.9278028342941096,2715.0
2173,-1.1823958360871618,-1.8315837702443454,-1.866578581112745,-2.576754165346577,-1.1951547527244681,3.0809865700852663,2716.25
2174,-1.1823957975448454,-1.8315837391654144,-1.8665785403327488,-2.576754236545292,-1.1951547136138636,3.22417030587666,2717.5
2175,-1.1823957658061253,-1.8315837084470576,-1.8665785019719143,-2.5767543050665287,-1.1951546813268754,3.3573540416681786,2718.75
2176,-1.182395747879703,-1.8315836750040626,-1.866578465299138,-2.576754374822318,-1.1951546628386764,3.480537777459979,2720.0
2177,-1.18239573140854,-1.8315836442759619,-1.8665784316034346,-2.5767544389153634,-1.1951546458513418,3.5937215132518414,2721.25
2178,-1.1823957282038569,-1.8315836134340484,-1.8665784018631988,-2.5767544993638767,-1.1951546421567287,3.6969052490438647,2722.5
2179,-1.1823957272644483,-1.831583585113032,-1.8665783751671388,-2.5767545542880557,-1.1951546407716664,3.790088984835964,2723.75
2180,-1.1823957264258522,-1.8315835598312848,-1.8665783513359586,-2.5767546033180544,-1.1951546395352421,3.8732727206281465,2725.0
2181,-1.182395732658454,-1.8315835371890024,-1.8665783321308789,-2.576754645195081,-1.195154645426302,3.946456456420326,2726.25
2182,-1.1823957406309842,-1.8315835174919708,-1.866578316204841,-2.576754680881917,-1.1951546531071056,4.00964019221239,2727.5
2183,-1.1823957473417137,-1.831583500912362,-1.8665783027993927,-2.576754710920648,-1.1951546595722797,4.062823928004414,2728.75
2184,-1.1823957527906421,-1.8315834874501762,-1.8665782919145342,-2.5767547353112743,-1.1951546648218239,4.106007663796358,2730.0
2185,-1.1823957569777694,-1.8315834771054107,-1.8665782835502678,-2.576754754053796,-1.195154668855738,4.139191399588344,2731.25
2186,-1.1823957599030956,-1.8315834698780653,-1.8665782777065933,-2.5767547671482127,-1.1951546716740222,4.162375135380312,2732.5
2187,-1.1824042149079623,-1.8316052779258547,-1.866549060538177,-2.576762236025637,-1.195163112304961,4.175586012649625,2733.75
2188,-1.183615309412327,-1.8347302643312036,-1.8623636474661889,-2.577831222031449,-1.1963721561980665,4.180878613826038,2735.0
2189,-1.1849494721056582,-1.8381728095981567,-1.8577529223763745,-2.5790088324963594,-1.1977040616347816,4.176378003556952,2736.25
2190,-1.1849906726394495,-1.8382791259690427,-1.857610536473275,-2.579045197422569,-1.1977451971180462,4.163966919754165,2737.5
2191,-1.1849906709788836,-1.8382791334324242,-1.857610540000576,-2.5790451939813472,-1.1977452039142504,4.141686094850777,2738.75
2192,-1.184990668573028,-1.8382791442454933,-1.8576105451109877,-2.5790451889956483,-1.1977452137607028,4.109405269947372,2740.0
2193,-1.1849906654218834,-1.8382791584082507,-1.85761055180451,-2.579045182465472,-1.1977452266574034,4.067124445044033,2741.25
2194,-1.1849906613122512,-1.8382791761191737,-1.857610559465229,-2.5790451767362192,-1.197745240748044,4.014843620848848,2742.5
2195,-1.1849906560989778,-1.8382791975133943,-1.8576105676738033,-2.5790451734047397,-1.1977452547687695,3.95256279762707,2743.75
2196,-1.1849906514286812,-1.838279221741299,-1.8576105794448403,-2.579045161781181,-1.1977452676672333,3.8802819776773663,2745.0
2197,-1.1849906521146185,-1.8382792467052085,-1.8576106026065413,-2.5790451148102838,-1.1977452676775235,3.798001170916395,2746.25
2198,-1.1849906528681888,-1.8382792746923262,-1.8576106286232381,-2.57904506195685,-1.1977452675567641,3.7057203701616213,2747.5
2199,-1.1849906545381885,-1.8382793054924664,-1.8576106575941425,-2.579045003251101,-1.1977452682246552,3.6034395762494698,2748.75
2200,-1.1849906707726823,-1.8382793357843397,-1.857610690947997,-2.5790449398682966,-1.1977452849276045,3.491158793331621,2750.0
2201,-1.1849906884545245,-1.8382793687731738,-1.8576107272751319,-2.5790448708305163,-1.1977453031308363,3.3688780180478415,2751.25
2202,-1.18499071833694,-1.8382793997354248,-1.85761076543269,-2.5790448022115373,-1.1977453335540105,3.2365972487196077,2752.5
2203,-1.1849907564025979,-1.8382794304359584,-1.8576108058461105,-2.5790447317480103,-1.197745372187034,3.094316481566736,2753.75
2204,-1.184990806905155,-1.8382794563955431,-1.8576108456397133,-2.5790446668183424,-1.1977454232068816,2.942035718692868,2755.0
2205,-1.1849908667474338,-1.8382794798030093,-1.8576108859114075,-2.5790446040952126,-1.1977454835448123,2.7797549623021602,2756.25
2206,-1.1849909375449579,-1.8382794921218075,-1.8576109191687482,-2.579044559607438,-1.197745554686566,2.614532170360965,2757.5
2207,-1.1849910062651587,-1.838279500884222,-1.857610948460425,-2.5790445226009107,-1.1977456236905748,2.459053752103452,2758.75
2208,-1.1849910754832813,-1.8382794969353138,-1.857610966009632,-2.5790445100204162,-1.1977456929933799,2.313575333845763,2760.0
2209,-1.1849911399332276,-1.8382794929502257,-1.8576109820615045,-2.579044498902333,-1.1977457575173214,2.178096915587836,2761.25
2210,-1.1849911992772597,-1.8382794787574466,-1.8576109869938697,-2.57904450900717,-1.1977458167637574,2.052618497329767,2762.5
2211,-1.1849912538918739,-1.8382794656957664,-1.857610991533142,-2.5790445183067052,-1.1977458712885527,1.9371400790715307,2763.75
2212,-1.1849913011251807,-1.838279448818096,-1.857610990235914,-2.579044537138256,-1.1977459183562815,1.8316616608131975,2765.0
2213,-1.1849913423501501,-1.8382794306857062,-1.857610985920423,-2.579044560149847,-1.1977459593831636,1.736183242554733,2766.25
2214,-1.184991379257395,-1.8382794144524288,-1.8576109820569124,-2.5790445807513036,-1.1977459961130679,1.6507048242962492,2767.5
2215,-1.1849914091627207,-1.8382793979534013,-1.8576109757956696,-2.5790446039112425,-1.197746025822011,1.5752264060377046,2768.75
2216,-1.1849914324483735,-1.8382793814969123,-1.857610967542512,-2.5790446289221003,-1.197746048897905,1.5097479877792268,2770.0
2217,-1.1849914521777933,-1.838279367553693,-1.857610960549793,-2.5790446501132487,-1.197746068449601,1.4542695695208478,2771.25
2218,-1.1849914683509803,-1.8382793561237454,-1.8576109548175106,-2.579044667484689,-1.1977460844771,1.4087911512625464,2772.5
2219,-1.184991480967934,-1.838279347207066,-1.8576109503456681,-2.579044681036418,-1.1977460969804001,1.3733127330041761,2773.75
2220,-1.1849914900286544,-1.838279340803655,-1.8576109471342659,-2.5790446907684363,-1.1977461059595014,1.347834314745823,2775.0
2221,-1.184991495533141,-1.8382793369135129,-1.857610945183304,-2.5790446966807443,-1.1977461114144037,1.3323558964874584,2776.25
2222,-1.1858241155181215,-1.8404542534868455,-1.8546813133527196,-2.579805256298677,-1.1985772452827759,1.3252446184523963,2777.5
2223,-1.1873286031473425,-1.8443841972942123,-1.8493876511360934,-2.581179536190742,-1.2000790483384955,1.327476205548983,2778.75
2224,-1.187550903168971,-1.8449648891635144,-1.8486054590025356,-2.5813826014424373,-1.2003009544286105,1.3380334766030892,2780.0
2225,-1.1875508968453874,-1.8449648948617785,-1.848605459000192,-2.5813826044193084,-1.2003009534815574,1.3579840187723424,2781.25
2226,-1.1875508873521736,-1.8449649034162374,-1.8486054589966727,-2.5813826088883043,-1.2003009520598036,1.3879345609415852,2782.5
2227,-1.1875508746893297,-1.8449649148268912,-1.848605458991979,-2.5813826148494257,-1.2003009501633493,1.427885103110761,2783.75
2228,-1.1875508589695953,-1.8449649290207226,-1.8486054592047256,-2.581382621499169,-1.2003009487731011,1.4778356421867824,2785.0
2229,-1.1875508406309512,-1.8449649457140644,-1.8486054604842166,-2.5813826257159924,-1.2003009516997993,1.537786168053559,2786.25
2230,-1.187550819233344,-1.8449649651919255,-1.8486054619771322,-2.5813826306361998,-1.200300955114683,1.6077366939204392,2787.5
2231,-1.18755078539439,-1.8449649804131818,-1.84860546582372,-2.581382611181082,-1.2003009234505906,1.6876872037955357,2788.75
2232,-1.187550746944037,-1.844964997254661,-1.8486054702563934,-2.581382588213219,-1.2003008863508708,1.7776377098950753,2790.0
2233,-1.1875507041942852,-1.8449650159520754,-1.8486054752428591,-2.5813825624269806,-1.2003008449169301,1.8775882069402803,2791.25
2234,-1.1875506532874534,-1.8449650296736448,-1.8486054725890302,-2.5813825503147947,-1.200300794281363,1.9875386942884044,2792.5
2235,-1.1875505968957625,-1.8449650431368863,-1.8486054678997628,-2.5813825406881645,-1.2003007379204647,2.107489174196882,2793.75
2236,-1.1875505356478189,-1.8449650529585784,-1.8486054582868197,-2.5813825395678878,-1.2003006766553646,2.2374396473060267,2795.0
2237,-1.187550469465764,-1.8449650567154965,-1.8486054414482072,-2.581382551676737,-1.2003006103899638,2.377390116836702,2796.25
2238,-1.1875504006864834,-1.8449650554766936,-1.848605419118497,-2.581382574219112,-1.2003005414436037,2.5273405836977854,2797.5
2239,-1.1875503307205868,-1.8449650457585394,-1.848605388460264,-2.581382613526336,-1.200300471174818,2.6872910438240227,2798.75
2240,-1.1875502651345864,-1.844965027330812,-1.8486053509694829,-2.5813826684169636,-1.2003004051572974,2.853553655713914,2800.0
2241,-1.1875502072970927,-1.8449650046960804,-1.8486053119117498,-2.5813827291854223,-1.200300346838138,3.0113585865206,2801.25
2242,-1.1875501652689673,-1.844964974918009,-1.8486052710097114,-2.581382799157467,-1.200300304248951,3.1591635173273813,2802.5
2243,-1.1875501286252588,-1.8449649453599293,-1.8486052319712256,-2.581382867126802,-1.2003002670591432,3.2969684481343897,2803.75
2244,-1.187550106943702,-1.8449649125398215,-1.848605194473207,-2.5813829370316763,-1.2003002448117317,3.4247733789415795,2805.0
2245,-1.1875500900074911,-1.8449648809477766,-1.848605159588907,-2.5813830031688516,-1.2003002273392245,3.542578309748894,2806.25
2246,-1.1875500799589165,-1.8449648507357987,-1.8486051281203482,-2.5813830646166394,-1.200300216790887,3.650383240556362,2807.5
2247,-1.1875500789835345,-1.8449648213818934,-1.848605100249817,-2.5813831217458785,-1.2003002153486697,3.748188171363935,2808.75
2248,-1.18755007810788,-1.8449647950292638,-1.8486050752288847,-2.581383173033976,-1.2003002140539105,3.8359931021715683,2810.0
2249,-1.1875500798287209,-1.8449647715361872,-1.8486050536927798,-2.5813832180242398,-1.2003002154064568,3.9137980329792126,2811.25
2250,-1.1875500882790697,-1.8449647506680724,-1.8486050366930167,-2.581383255960687,-1.200300223544418,3.9816029637868775,2812.5
2251,-1.1875500954831455,-1.8449647328776266,-1.8486050222004111,-2.5813832883021948,-1.200300230482177,4.039407894594451,2813.75
2252,-1.1875501014409475,-1.8449647181648534,-1.8486050102149592,-2.5813833150487637,-1.2003002362197341,4.08721282540194,2815.0
2253,-1.187550106152476,-1.8449647065297485,-1.8486050007366652,-2.5813833362003926,-1.2003002407570893,4.125017756209413,2816.25
2254,-1.187550109617731,-1.8449646979723124,-1.8486049937655296,-2.5813833517570832,-1.2003002440942427,4.152822687016926,2817.5
2255,-1.1875501118367127,-1.844964692492545,-1.848604989301552,-2.5813833617188338,-1.200300246231194,4.17062761782445,2818.75
2256,-1.1880259775944777,-1.846223073554031,-1.8469003569811742,-2.5818329306102137,-1.20077521799735,4.179531750185296,2820.0
2257,-1.1895659657952733,-1.8502954418658055,-1.8413838510257823,-2.5832878051189807,-1.2023123136400602,4.179638178150245,2821.25
2258,-1.190074630715223,-1.8516405678385095,-1.8395617236675113,-2.583768355793416,-1.2028200262350055,4.17089436280971,2822.5
2259,-1.1900746294017566,-1.851640573670345,-1.8395617264002864,-2.5837683532357225,-1.2028200314521627,4.153307165635901,2823.75
2260,-1.1900746273414593,-1.8516405828181353,-1.839561730686905,-2.5837683492237358,-1.2028200396357718,4.125719968462075,2825.0
2261,-1.1900746245343314,-1.8516405952818809,-1.8395617365273673,-2.5837683437574563,-1.2028200507858327,4.088132771288316,2826.25
2262,-1.1900746209803723,-1.851640611061582,-1.8395617439216734,-2.583768336836884,-1.2028200649023455,4.04054557411451,2827.5
2263,-1.1900746161757132,-1.8516406306190796,-1.839561751435637,-2.5837683338898207,-1.2028200775534288,3.9829583839438882,2828.75
2264,-1.1900746105096132,-1.8516406535975827,-1.8395617601772263,-2.583768330723066,-1.2028200921628933,3.915371194121291,2830.0
2265,-1.190074609293546,-1.8516406776555043,-1.8395617788714642,-2.5837682972678557,-1.2028200965149212,3.837784016370859,2831.25
2266,-1.1900746100144113,-1.8516407038946963,-1.8395618034064651,-2.5837682476826167,-1.202820096503374,3.7501968434046877,2832.5
2267,-1.1900746107867977,-1.8516407331073494,-1.8395618308251016,-2.5837681920808584,-1.2028200962289666,3.6526096823768235,2833.75
2268,-1.19007462035491,-1.8516407631897995,-1.8395618619935847,-2.58376813143194,-1.202820105605706,3.545022528277309,2835.0
2269,-1.190074637152741,-1.8516407945233748,-1.8395618967439986,-2.5837680656150823,-1.2028201228990814,3.427435382109098,2836.25
2270,-1.1900746583159383,-1.8516408272334473,-1.8395619341382317,-2.583767995849221,-1.202820144602196,3.2998482435494974,2837.5
2271,-1.1900746946808796,-1.8516408565677331,-1.8395619730158375,-2.583767928258045,-1.202820181514824,3.1622611100278997,2838.75
2272,-1.1900747360633297,-1.8516408863579892,-1.8395620138713134,-2.5837678583097725,-1.202820223462926,3.0146739776113938,2840.0
2273,-1.190074793471184,-1.851640908833503,-1.8395620527752279,-2.583767797847801,-1.202820281351557,2.857086852198618,2841.25
2274,-1.1900748583865495,-1.8516409274509191,-1.8395620903584295,-2.5837677426660126,-1.2028203467023353,2.6908755239908135,2842.5
2275,-1.1900749280231988,-1.8516409371386333,-1.8395621209797932,-2.583767703421696,-1.2028204166423457,2.5307067394193785,2843.75
2276,-1.190074996368159,-1.851640938676737,-1.8395621435192924,-2.5837676803673526,-1.2028204851581756,2.3805379548477603,2845.0
2277,-1.1900750622510516,-1.8516409349546925,-1.8395621603399008,-2.5837676682409807,-1.2028205511229348,2.240369170276031,2846.25
2278,-1.1900751232320088,-1.8516409254354833,-1.839562170182461,-2.5837676688009106,-1.202820612082979,2.1102003857040623,2847.5
2279,-1.1900751793750548,-1.8516409120437285,-1.8395621748812179,-2.5837676782944845,-1.2028206681331057,1.9900316011319616,2848.75
2280,-1.1900752301888653,-1.8516408985406387,-1.8395621778305455,-2.583767689569057,-1.2028207188408102,1.879862816559679,2850.0
2281,-1.1900752729136221,-1.8516408797790183,-1.8395621733261884,-2.5837677134208805,-1.2028207613584279,1.7796940319873125,2851.25
2282,-1.190075311373104,-1.8516408628904015,-1.8395621692715032,-2.5837677348915418,-1.2028207996314495,1.6895252474149196,2852.5
2283,-1.1900753454872173,-1.851640847810179,-1.8395621655808687,-2.583767754129904,-1.202820833578582,1.6093564628424297,2853.75
2284,-1.1900753701374303,-1.8516408304093803,-1.839562156782148,-2.5837677806494823,-1.2028208580046047,1.5391876782699723,2855.0
2285,-1.1900753912746547,-1.8516408154884307,-1.839562149237364,-2.5837678033896623,-1.2028208789495893,1.4790188936976174,2856.25
2286,-1.1900754088988914,-1.851640803047332,-1.8395621429465137,-2.5837678223504454,-1.2028208964135363,1.4288501091252863,2857.5
2287,-1.1900754230101396,-1.8516407930860823,-1.8395621379096,-2.5837678375318305,-1.2028209103964447,1.3886813245530223,2858.75
2288,-1.1900754336083994,-1.851640785604681,-1.8395621341266237,-2.5837678489338165,-1.202820920898315,1.3585125399807185,2860.0
2289,-1.1900754406936704,-1.8516407806031285,-1.8395621315975847,-2.583767856556404,-1.2028209279191464,1.3383437554084032,2861.25
2290,-1.190269502654552,-1.8521602985421777,-1.8388544534692042,-2.5839573606523776,-1.2030146066881464,1.3276123170321688,2862.5
2291,-1.191719941128247,-1.8560433198380433,-1.8335651066578527,-2.585373730634725,-1.2044621814239906,1.3251213903926362,2863.75
2292,-1.192565867250561,-1.8583079887476506,-1.8304802391218693,-2.5861997903370884,-1.2053064391080264,1.3320211255501244,2865.0
2293,-1.1925658624773072,-1.8583079930409974,-1.8304802390965524,-2.5861997926684968,-1.2053064382967986,1.347210203427674,2866.25
2294,-1.1925658545614972,-1.8583080001609456,-1.8304802390545682,-2.5861997965348293,-1.205306436951485,1.3723992813052133,2867.5
2295,-1.1925658435031306,-1.8583080101074954,-1.830480238995916,-2.586199801936086,-1.2053064350720852,1.4075883591827423,2868.75
2296,-1.1925658293022074,-1.8583080228806461,-1.8304802389205963,-2.5861998088722666,-1.2053064326585992,1.4527774370602613,2870.0
2297,-1.1925658124013578,-1.8583080381980803,-1.8304802396741584,-2.5861998142572618,-1.205306433602102,1.5079665014727712,2871.25
2298,-1.1925657926300173,-1.858308056168587,-1.8304802409307777,-2.5861998192802744,-1.2053064364032036,1.5731555605020449,2872.5
2299,-1.1925657653132153,-1.858308073444938,-1.8304802434985032,-2.586199812620535,-1.2053064225782557,1.6483446113912175,2873.75
2300,-1.1925657293467724,-1.8583080891827461,-1.8304802476509838,-2.5861997912308343,-1.2053063879538692,1.7335336538272121,2875.0
2301,-1.1925656891336303,-1.8583081067506653,-1.8304802523549402,-2.5861997670543353,-1.205306349053497,1.8287226865257153,2876.25
2302,-1.1925656430994178,-1.8583081233563867,-1.8304802542171248,-2.5861997469287212,-1.2053063039246088,1.9339117124532543,2877.5
2303,-1.1925655896009641,-1.8583081360957447,-1.8304802497393249,-2.586199737849472,-1.2053062504615104,2.0491007299419954,2878.75
2304,-1.1925655314567807,-1.8583081499423328,-1.8304802448688138,-2.5861997279970446,-1.2053061923453052,2.174289738623157,2880.0
2305,-1.1925654683178375,-1.8583081541110174,-1.8304802292755515,-2.586199738490599,-1.2053061291313643,2.309478741420147,2881.25
2306,-1.1925654004870647,-1.8583081579266678,-1.8304802118949208,-2.5861997510570287,-1.2053060612141187,2.4546677438464033,2882.5
2307,-1.1925653329835453,-1.8583081496672966,-1.8304801831886235,-2.5861997869934013,-1.205305993433087,2.609856740079826,2883.75
2308,-1.192565263218677,-1.8583081379312691,-1.830480150492255,-2.5861998303530256,-1.205305923330336,2.774873347253055,2885.0
2309,-1.1925652043549533,-1.8583081148791512,-1.8304801104595358,-2.5861998924970315,-1.2053058639709673,2.9374364436630476,2886.25
2310,-1.1925651542411213,-1.8583080896267319,-1.8304800710520923,-2.586199956340662,-1.2053058133451098,3.0899995400731086,2887.5
2311,-1.1925651167880518,-1.8583080594149632,-1.8304800308689528,-2.5862000260948186,-1.205305775327896,3.232562636483464,2888.75
2312,-1.1925650869255158,-1.858308029144583,-1.8304799929792668,-2.5862000937272365,-1.2053057449166151,3.3651257328939153,2890.0
2313,-1.1925650695162477,-1.8583079966819582,-1.8304799568685308,-2.5862001619528288,-1.2053057269503187,3.4876888293045543,2891.25
2314,-1.1925650535274133,-1.858307966867985,-1.8304799237040865,-2.586200224611852,-1.2053057104499036,3.6002519257153356,2892.5
2315,-1.1925650512807358,-1.8583079367672712,-1.8304798945208585,-2.586200283780678,-1.2053057077166365,3.7028150221261966,2893.75
2316,-1.1925650503674312,-1.8583079093359465,-1.8304798682766132,-2.5862003373682634,-1.2053057063623358,3.7953781185371818,2895.0
2317,-1.1925650495527955,-1.8583078848681516,-1.8304798448676467,-2.5862003851665456,-1.205305705154346,3.8779412149482253,2896.25
2318,-1.192565056191861,-1.8583078629501921,-1.8304798261784962,-2.5862004258133084,-1.2053057114569112,3.95050431135929,2897.5
2319,-1.1925650638939416,-1.858307843941519,-1.8304798105717166,-2.5862004604921625,-1.2053057188713416,4.013067407770244,2898.75
2320,-1.1925650703649322,-1.8583078279711678,-1.8304797974595013,-2.5862004896279966,-1.2053057251006598,4.065630504181108,2900.0
2321,-1.1925650756048327,-1.858307815039138,-1.8304797868418516,-2.5862005132208097,-1.2053057301448655,4.108193600591971,2901.25
2322,-1.1925650796136433,-1.858307805145428,-1.8304797787187685,-2.5862005312706016,-1.2053057340039588,4.140756697002846,2902.5
2323,-1.1925650823913636,-1.8583077982900376,-1.8304797730902527,-2.586200543777373,-1.2053057366779398,4.163319793413675,2903.75
2324,-1.192590128420172,-1.858375672602678,-1.830386799355838,-2.586225815492875,-1.2053307307446166,4.175968661455693,2905.0
2325,-1.1938066851295996,-1.8616729092259474,-1.8258706746611122,-2.5874530722583198,-1.206544766153136,4.180778593610988,2906.25
2326,-1.195002951671661,-1.8649151590251754,-1.8214298699003706,-2.588659858050316,-1.2077385552727349,4.175788992685266,2907.5
2327,-1.1950219897632666,-1.8649667648699548,-1.8213591947189027,-2.588679062766653,-1.2077575585656475,4.162963173013688,2908.75
2328,-1.1950219880606245,-1.8649667723405505,-1.8213591981929362,-2.58867905964771,-1.207757565130882,4.1402038636756915,2910.0
2329,-1.1950219856098752,-1.8649667830935819,-1.821359203193393,-2.588679055158363,-1.2077575745807532,4.107444554337676,2911.25
2330,-1.1950219824110178,-1.864966797129048,-1.8213592097202727,-2.5886790492986127,-1.2077575869152617,4.064685244999729,2912.5
2331,-1.1950219782267382,-1.864966814661506,-1.8213592171071347,-2.588679044574855,-1.2077576000259078,4.011925940222266,2913.75
2332,-1.1950219729596887,-1.8649668357789682,-1.8213592250806028,-2.5886790420152215,-1.2077576130477794,3.94916664057685,2915.0
2333,-1.1950219685803958,-1.8649668594980526,-1.8213592371709666,-2.5886790292839903,-1.2077576242482193,3.876407345037071,2916.25
2334,-1.1950219692544433,-1.8649668839778686,-1.8213592602438626,-2.5886789828306904,-1.2077576242291723,3.7936480619794786,2917.5
2335,-1.195021969993911,-1.8649669114033551,-1.8213592861498165,-2.5886789305714277,-1.2077576240702523,3.7008887856394654,2918.75
2336,-1.1950219723233877,-1.8649669414041967,-1.8213593150534446,-2.588678872621968,-1.2077576254670712,3.5981295162239055,2920.0
2337,-1.1950219882392583,-1.8649669710790173,-1.8213593482138744,-2.5886788100413014,-1.207757641854242,3.4853702572453065,2921.25
2338,-1.1950220055681466,-1.8649670033846193,-1.821359384317851,-2.588678741900795,-1.2077576597081827,3.362611006419802,2922.5
2339,-1.1950220356005476,-1.8649670333775354,-1.8213594221475404,-2.588678674581744,-1.2077576902806344,3.2298517614570077,2923.75
2340,-1.1950220728811116,-1.86496706344654,-1.821359462289712,-2.5886786050070483,-1.2077577281288456,3.08709251836154,2925.0
2341,-1.1950221230498044,-1.864967088376217,-1.821359501548446,-2.5886785416347036,-1.2077577788083826,2.934333279818769,2926.25
2342,-1.195022181631275,-1.8649671113219086,-1.8213595415330195,-2.588678479641183,-1.207757837885871,2.7715740476655872,2927.5
2343,-1.1950222511417814,-1.864967122723836,-1.8213595739412105,-2.5886784368998104,-1.2077579077302396,2.606705389663032,2928.75
2344,-1.1950223182581727,-1.8649671306815083,-1.8213596023336829,-2.5886784015733677,-1.2077579751198846,2.4517119380696206,2930.0
2345,-1.1950223855905968,-1.8649671269094505,-1.82135961964797,-2.5886783890264846,-1.2077580425372734,2.3067184864760715,2931.25
2346,-1.1950224482517047,-1.864967122572803,-1.8213596349759191,-2.58867837895925,-1.2077581052641546,2.171725034882311,2932.5
2347,-1.1950225059472392,-1.8649671088445476,-1.8213596398390506,-2.588678388649003,-1.2077581628635865,2.0467315832883872,2933.75
2348,-1.1950225590268917,-1.864967096214616,-1.8213596443131026,-2.588678397563537,-1.2077582158548252,1.9317381316943163,2935.0
2349,-1.1950226047087358,-1.8649670794971192,-1.8213596426071728,-2.5886784166241386,-1.2077582613664717,1.82674468010012,2936.25
2350,-1.195022644738888,-1.8649670619470542,-1.8213596383560122,-2.5886784389758977,-1.2077583012008009,1.7317512285058037,2937.5
2351,-1.1950226805550512,-1.8649670462444952,-1.8213596345523682,-2.5886784589746794,-1.2077583368417555,1.6467577769114083,2938.75
2352,-1.1950227092880814,-1.8649670300752865,-1.8213596281068969,-2.588678481974907,-1.2077583653767447,1.5717643253170122,2940.0
2353,-1.195022731845376,-1.8649670141713042,-1.8213596199966384,-2.5886785062831854,-1.2077583877269062,1.50677087372268,2941.25
2354,-1.1950227509319682,-1.8649670007143357,-1.8213596131342364,-2.5886785268513526,-1.2077584066382352,1.451777422128459,2942.5
2355,-1.1950227665478579,-1.864966989704382,-1.82135960751969,-2.588678543679408,-1.2077584221107318,1.4067839705342744,2943.75
2356,-1.195022778693045,-1.8649669811414404,-1.8213596031530022,-2.588678556767351,-1.2077584341443954,1.3717905189400785,2945.0
2357,-1.1950227873675292,-1.8649669750255118,-1.8213596000341732,-2.5886785661151825,-1.207758442739226,1.3467970673458143,2946.25
2358,-1.1950227925713108,-1.8649669713565953,-1.8213595981632023,-2.5886785717229017,-1.2077584478952237,1.3318036157515958,2947.5
2359,-1.1958749789347534,-1.8673053154002894,-1.8181394420264223,-2.5895662073506434,-1.2086087826690244,1.325027100983024,2948.75
2360,-1.1972738785419785,-1.8711438213838798,-1.8128534045374736,-2.5910232996885934,-1.210004643579674,1.3276732197981747,2950.0
2361,-1.1974469370164407,-1.8716186965312813,-1.812199454164044,-2.591203562252801,-1.2101773287707749,1.3384991092711152,2951.25
2362,-1.1974469306928062,-1.871618702209134,-1.812199454101067,-2.591203565445362,-1.2101773275713301,1.358795009177329,2952.5
2363,-1.197446921253452,-1.8716187106845237,-1.812199454007061,-2.591203570210931,-1.2101773257809065,1.3890909090835046,2953.75
2364,-1.1974469086983777,-1.8716187219574496,-1.8121994538820259,-2.5912035765495087,-1.2101773233995041,1.4293868089896415,2955.0
2365,-1.1974468931594104,-1.8716187359449967,-1.8121994539742767,-2.591203583561225,-1.2101773215979115,1.4796827044748426,2956.25
2366,-1.1974468750272966,-1.8716187524013947,-1.8121994550198401,-2.5912035885788,-1.210177323846434,1.5399785847915815,2957.5
2367,-1.197446853887993,-1.8716187715870665,-1.8121994562388088,-2.591203594428534,-1.210177326467871,1.6102744650791494,2958.75
2368,-1.1974468204007027,-1.8716187862263132,-1.8121994601275893,-2.5912035745430586,-1.2101772942685078,1.6905703287926852,2960.0
2369,-1.197446782726083,-1.8716188026759593,-1.8121994645266182,-2.5912035520563723,-1.2101772579529921,1.7808661887914838,2961.25
2370,-1.1974467408571874,-1.871618820931168,-1.8121994694724204,-2.591203526824566,-1.2101772174262577,1.8811620400159068,2962.5
2371,-1.1974466908560344,-1.8716188340333213,-1.8121994665061276,-2.5912035157164013,-1.2101771676535233,1.991457881126383,2963.75
2372,-1.1974466356530327,-1.8716188471478659,-1.8121994618504953,-2.591203506417453,-1.2101771124824534,2.111753714831363,2965.0
2373,-1.1974465756964212,-1.871618856315018,-1.8121994519392373,-2.5912035062649927,-1.2101770525054467,2.2420495417896076,2966.25
2374,-1.1974465109345303,-1.871618859929968,-1.812199435224164,-2.5912035184097224,-1.2101769876594277,2.3823453653001403,2967.5
2375,-1.1974464438242944,-1.871618858210248,-1.8121994126889027,-2.5912035416589934,-1.2101769203745838,2.532641185874342,2968.75
2376,-1.1974463753795213,-1.8716188486556007,-1.812199382264128,-2.591203580589945,-1.2101768516264766,2.692936999798869,2970.0
2377,-1.1974463117875678,-1.8716188301831702,-1.8121993448424094,-2.591203635484256,-1.2101767875973668,2.8591093749453953,2971.25
2378,-1.1974462554539265,-1.8716188081163956,-1.8121993062513557,-2.591203695241095,-1.2101767307841438,3.016562388901773,2972.5
2379,-1.1974462150391807,-1.8716187787556204,-1.8121992656577555,-2.5912037645129047,-1.2101766898064112,3.1640154028582748,2973.75
2380,-1.1974461793583817,-1.8716187499817238,-1.8121992270978902,-2.5912038312364234,-1.2101766535824177,3.301468416815047,2975.0
2381,-1.1974461587903311,-1.8716187178179509,-1.812199190009141,-2.5912039000955116,-1.210176632449182,3.428921430772029,2976.25
2382,-1.1974461423046208,-1.871618687096365,-1.812199155567252,-2.591203964930425,-1.2101766154305003,3.5463744447291625,2977.5
2383,-1.1974461330067863,-1.8716186576157123,-1.8121991245470976,-2.591204025213419,-1.2101766056354064,3.6538274586863935,2978.75
2384,-1.1974461320553047,-1.8716186291006613,-1.812199097046686,-2.591204081138397,-1.2101766042204414,3.7512804726437037,2980.0
2385,-1.197446131201458,-1.8716186035116462,-1.8121990723681827,-2.591204131324715,-1.2101766029506709,3.8387334866010976,2981.25
2386,-1.1974461332109831,-1.8716185806942975,-1.8121990512254047,-2.591204175253851,-1.2101766045953488,3.9161865005585605,2982.5
2387,-1.1974461414148918,-1.871618560462701,-1.812199034478053,-2.591204212301306,-1.2101766124897226,3.9836395145159624,2983.75
2388,-1.19744614840256,-1.8716185432304657,-1.812199020213518,-2.591204243856426,-1.210176619213745,4.041092528473272,2985.0
2389,-1.197446154173988,-1.8716185289975953,-1.8121990084317976,-2.5912042699192113,-1.2101766247674162,4.088545542430527,2986.25
2390,-1.1974461587291756,-1.8716185177640856,-1.8121989991328955,-2.5912042904896615,-1.2101766291507356,4.125998556387794,2987.5
2391,-1.1974461620681223,-1.8716185095299362,-1.8121989923168114,-2.5912043055677767,-1.2101766323637035,4.153451570345072,2988.75
2392,-1.1974461641908287,-1.8716185042951479,-1.8121989879835452,-2.5912043151535564,-1.2101766344063196,4.170904584302333,2990.0
2393,-1.1979357876088814,-1.8729786959562809,-1.8103158094466403,-2.591730626053169,-1.2106651437663112,4.179559356402867,2991.25
2394,-1.1993902707939423,-1.8770193195102305,-1.80472160348226,-2.5932940833181566,-1.2121163180910333,4.17938233584465,2992.5
2395,-1.1998380947724436,-1.878263400617089,-1.8029991900353053,-2.5937754589968773,-1.212563126323301,4.170453266568779,2993.75
2396,-1.1998380934388393,-1.8782634064013093,-1.8029991927067959,-2.593775456696826,-1.212563131316472,4.152651132805029,2995.0
2397,-1.1998380913561095,-1.8782634154347018,-1.8029991968789443,-2.593775453104766,-1.2125631391144585,4.124848999041232,2996.25
2398,-1.1998380885242534,-1.8782634277172663,-1.80299920255175,-2.593775448220698,-1.212563149717261,4.087046865277503,2997.5
2399,-1.1998380849432715,-1.8782634432490033,-1.8029992097252134,-2.5937754420446204,-1.2125631631248797,4.039244731513756,2998.75
2400,-1.1998380801011468,-1.8782634624872658,-1.8029992169789968,-2.59377543988404,-1.2125631747423062,3.981442606962921,3000.0
2401,-1.1998380744070878,-1.8782634850665345,-1.8029992254482459,-2.593775437497153,-1.21256318824191,3.9136404826454037,3001.25
2402,-1.1998380733280432,-1.8782635085468578,-1.802999244215381,-2.5937754038503424,-1.2125631919093118,3.835838370818399,3002.5
2403,-1.1998380740339856,-1.8782635341868863,-1.8029992685916907,-2.593775354955705,-1.2125631918646833,3.7480362637032076,3003.75
2404,-1.1998380747924609,-1.8782635627245612,-1.8029992958266414,-2.5937753001428274,-1.212563191573297,3.650234168457846,3005.0
2405,-1.1998380844643795,-1.8782635920393378,-1.8029993268036202,-2.5937752403995535,-1.2125632010886505,3.542432080403369,3006.25
2406,-1.1998381008967969,-1.8782636226526281,-1.8029993612903756,-2.5937751755577194,-1.2125632180187471,3.4246300002584333,3007.5
2407,-1.1998381219355514,-1.878263654460555,-1.8029993983584327,-2.593775107016853,-1.2125632395979595,3.2968279277063344,3008.75
2408,-1.1998381574954595,-1.8782636831290018,-1.8029994369299287,-2.5937750403836066,-1.2125632757049492,3.1590258601356123,3010.0
2409,-1.1998381982794382,-1.878263712016483,-1.8029994773426472,-2.593774971769515,-1.2125633170508574,3.011223793846387,3011.25
2410,-1.1998382544030006,-1.8782637340001314,-1.802999515932283,-2.59377491209435,-1.2125633736548787,2.853421734497293,3012.5
2411,-1.1998383171894305,-1.8782637517979532,-1.8029995525929707,-2.593774858622468,-1.2125634368681955,2.6891750535823133,3013.75
2412,-1.1998383833519801,-1.87826376104061,-1.8029995821123557,-2.593774820874738,-1.212563503325791,2.533298390244947,3015.0
2413,-1.19983844801193,-1.8782637629313579,-1.802999604119317,-2.5937747979493286,-1.2125635681578766,2.3874217269073394,3016.25
2414,-1.1998385103608535,-1.878263759462989,-1.8029996202704428,-2.593774786190062,-1.2125636305866836,2.2515450635695564,3017.5
2415,-1.1998385679667423,-1.878263751629077,-1.8029996307579679,-2.593774784377387,-1.2125636881910513,2.12566840023159,3018.75
2416,-1.1998386208179845,-1.878263739082131,-1.8029996352453765,-2.593774793194214,-1.212563740953689,2.0097917368933937,3020.0
2417,-1.1998386691082379,-1.8782637276179739,-1.8029996393455214,-2.593774801250163,-1.2125637891629835,1.9039150735551091,3021.25
2418,-1.199838709347736,-1.8782637107360238,-1.8029996357409093,-2.593774822293832,-1.212563829215764,1.808038410216747,3022.5
2419,-1.1998387451053611,-1.8782636950842355,-1.8029996319149348,-2.5937748422649234,-1.212563864796889,1.7221617468782777,3023.75
2420,-1.1998387766991525,-1.878263681255039,-1.8029996285344767,-2.593774859910461,-1.212563896234733,1.6462850835398177,3025.0
2421,-1.1998388019330841,-1.8782636674779796,-1.8029996232175574,-2.5937748793453217,-1.212563921299661,1.580408420201411,3026.25
2422,-1.1998388210951365,-1.8782636539852295,-1.802999616276542,-2.5937749000298926,-1.212563940284061,1.5245317568631274,3027.5
2423,-1.199838836827841,-1.8782636429072173,-1.80299961057773,-2.593774917012637,-1.2125639558709063,1.478655093524861,3028.75
2424,-1.1998388491311975,-1.8782636342439445,-1.8029996061211189,-2.593774930293556,-1.2125639680601978,1.4427784301865725,3030.0
2425,-1.1998388580052062,-1.87826362799541,-1.8029996029067101,-2.5937749398726484,-1.2125639768519352,1.4169017668482833,3031.25
2426,-1.1998388634498667,-1.8782636241616124,-1.802999600934505,-2.5937749457499137,-1.212563982246118,1.401025103509983,3032.5
2427,-1.1996951542094223,-1.8778695202010167,-1.8035642012189261,-2.593603489628462,-1.2124207237126103,1.3948009582250964,3033.75
2428,-1.1992339406885093,-1.8766047285955596,-1.8053761745924632,-2.5930532274824416,-1.2119609567163458,1.3974001005065064,3035.0
2429,-1.1991348556488552,-1.876333019864716,-1.8057654369276384,-2.592935012078615,-1.211862182465419,1.409306530064538,3036.25
2430,-1.1989525508335566,-1.8758331077673467,-1.8064816338264271,-2.5927175096439874,-1.2116804494648137,1.4312129596225767,3037.5
2431,-1.198687026242614,-1.8751049923034522,-1.80752476528883,-2.592400720178558,-1.21141575771453,1.4631193891806225,3038.75
2432,-1.1983370772425275,-1.8741485012562558,-1.8088933220423014,-2.5919863135047345,-1.2110668957480277,1.5050258531796628,3040.0
2433,-1.197900030015257,-1.8729632527496136,-1.8105839533347274,-2.5914779963543237,-1.2106311745792915,1.556932410587375,3041.25
2434,-1.1973787839412315,-1.87154966151214,-1.8126002913156487,-2.590871749929501,-1.21011151003413,1.6188389679951962,3042.5
2435,-1.1967713401195041,-1.8699074053356646,-1.8149399131219854,-2.590170299160162,-1.2095058931288043,1.6907455864506251,3043.75
2436,-1.1960762395852862,-1.8680362493508942,-1.8176010497382578,-2.5893756332298365,-1.208812857538295,1.7726522963076998,3045.0
2437,-1.1952938646182658,-1.8659362311370433,-1.8205842159323664,-2.58848720391624,-1.2080327868538743,1.8645590739073978,3046.25
2438,-1.1944221753534714,-1.8636070016953714,-1.823886982379918,-2.587507769219219,-1.2071636303985036,1.9664659636406379,3047.5
2439,-1.1934593920168837,-1.861048198486978,-1.8275073569259717,-2.5864396660290883,-1.2062035994089513,2.0783730033882692,3048.75
2440,-1.1924058811609295,-1.858259863486833,-1.8314458218553111,-2.585282373635852,-1.2051530625212545,2.200280166519902,3050.0
2441,-1.1912595087027953,-1.8552415665070678,-1.835699978748805,-2.5840386991741577,-1.2040098748057266,2.3321874947122287,3051.25
2442,-1.1900163799659755,-1.8519924626043456,-1.840265582732786,-2.5827136930112253,-1.2027701221806448,2.4740950669573087,3052.5
2443,-1.188676773970836,-1.8485125225970855,-1.845143136387533,-2.581306884169844,-1.2014340856582668,2.626002849206133,3053.75
2444,-1.1872424564413802,-1.8448114526040453,-1.850316054061889,-2.5798251568606383,-1.2000035100576136,2.787463538078687,3055.0
2445,-1.1858309347568128,-1.8411946303584323,-1.8553562607561873,-2.5783920141924375,-1.198595589576501,2.94514175070948,3056.25
2446,-1.1844991619036338,-1.8378048794760837,-1.8600665880577796,-2.5770621985206126,-1.1972671421344496,3.0928201808129563,3057.5
2447,-1.1832492370519594,-1.8346426321205707,-1.864449375862212,-2.5758329589264752,-1.1960202775184365,3.2304987875650912,3058.75
2448,-1.1820833113288691,-1.8317083721747487,-1.8685069306066133,-2.57470152695782,-1.194857157457568,3.358177533427896,3060.0
2449,-1.181001083022454,-1.829001970711656,-1.872239065471501,-2.573668214969274,-1.193777479168563,3.4758564275597723,3061.25
2450,-1.1800051648396352,-1.8265240509347032,-1.8756485029183911,-2.572729704027367,-1.192783867996123,3.583535422854387,3062.5
2451,-1.1790991349336057,-1.8242755592513262,-1.878738762710787,-2.571881565086029,-1.191879918764621,3.6812144662616655,3063.75
2452,-1.1782794289650016,-1.8222554998286467,-1.8815064581642713,-2.571128143377722,-1.1910620508918177,3.76889361940687,3065.0
2453,-1.1775530868262134,-1.8204657972971336,-1.8839583733214538,-2.5704608036297985,-1.190337336640305,3.8465727744258857,3066.25
2454,-1.1769151038677599,-1.8189050422229642,-1.886089778495462,-2.5698856325381403,-1.1897007486326587,3.9142520119999142,3067.5
2455,-1.1763713865927463,-1.8175748977658963,-1.887906256189428,-2.569395446312194,-1.189158220196378,3.9719312495738133,3068.75
2456,-1.1759214132214706,-1.8164752128879056,-1.889407322568978,-2.5689908743331897,-1.1887092272105972,4.019610494445291,3070.0
2457,-1.1755632653192456,-1.815605432136565,-1.8905911989684583,-2.568674230529971,-1.188351842633241,4.057289779780934,3071.25
2458,-1.1753001690877283,-1.8149664892961845,-1.8914608771582513,-2.5684416233002683,-1.1880893071418401,4.084969065116637,3072.5
2459,-1.1751321245269193,-1.8145583843667654,-1.8920163571383566,-2.568293052644083,-1.1879216207363952,4.102648350452342,3073.75
2460,-1.1750057507530323,-1.814251755686094,-1.8924335510903632,-2.568181587646497,-1.1877955156329878,4.110440635050901,3075.0
2461,-1.1743858113660774,-1.8127495407084269,-1.89447625865667,-2.5676366770530237,-1.1871768894219419,4.1092085726906795,3076.25
2462,-1.1743855710186297,-1.8127494741665702,-1.8944760414077093,-2.567636958010852,-1.1871766483312831,4.098944346636061,3077.5
2463,-1.1743850965108602,-1.8127493427958057,-1.894475612502303,-2.5676375126939726,-1.187176172356223,4.078680120581438,3078.75
2464,-1.1743843878427684,-1.812749146596133,-1.894474971940451,-2.5676383411023864,-1.187175461496762,4.048415894526753,3080.0
2465,-1.174383444926011,-1.812748885666461,-1.8944741194334722,-2.5676394443191044,-1.1871745149717383,4.008151689058721,3081.25
2466,-1.1743822677892957,-1.8127485599744517,-1.8944730550755098,-2.56764082199063,-1.1871733330361027,3.9578874914219364,3082.5
2467,-1.1743808564626856,-1.8127481694864198,-1.8944717789648458,-2.5676424737482026,-1.187171915955833,3.897623293785082,3083.75
2468,-1.1743808047742543,-1.812748176197826,-1.8944717510959261,-2.5676424947458982,-1.1871718640897528,3.8273591145136865,3085.0
2469,-1.1743808055519054,-1.8127482012046277,-1.8944717740619508,-2.567642447228366,-1.1871718649046612,3.7470949362391686,3086.25
2470,-1.1743808064160022,-1.8127482293208343,-1.89447179991262,-2.567642393687369,-1.1871718657350823,3.6568307636696025,3087.5
2471,-1.1743808147548658,-1.812748258757687,-1.8944718293034017,-2.5676423352309605,-1.1871718742921442,3.5565665971709546,3088.75
2472,-1.1743808310984212,-1.8127482893862905,-1.8944718622830534,-2.5676422719313328,-1.1871718911249118,3.446302437776787,3090.0
2473,-1.1743808489246914,-1.8127483227923213,-1.8944718982546367,-2.5676422028873547,-1.1871719094884785,3.3260382851596946,3091.25
2474,-1.1743808844130992,-1.8127483518199958,-1.8944719355612718,-2.5676421371615823,-1.1871719454964997,3.1957741422302353,3092.5
2475,-1.174380922876892,-1.8127483829650402,-1.8944719757060695,-2.567642066531031,-1.1871719845189364,3.0555100028290387,3093.75
2476,-1.1743809779192698,-1.8127484064989996,-1.8944720139093763,-2.5676420056780906,-1.1871720400366461,2.905245864089453,3095.0
2477,-1.174381039083078,-1.812748429581901,-1.8944720535542194,-2.567641943924366,-1.1871721016814225,2.744981733014952,3096.25
2478,-1.1743811126960022,-1.8127484397910465,-1.8944720851922479,-2.5676419031994833,-1.1871721756035991,2.58180859439727,3097.5
2479,-1.1743811833374043,-1.8127484458481193,-1.8944721121315649,-2.567641871269456,-1.1871722464843906,2.4283860690064123,3098.75
2480,-1.1743812532888203,-1.8127484417964206,-1.8944721296136924,-2.5676418588664243,-1.187172316518676,2.2849635436153823,3100.0
2481,-1.174381318274701,-1.8127484353495271,-1.8944721434004186,-2.5676418524734363,-1.1871723815403832,2.151541018224084,3101.25
2482,-1.174381378111458,-1.8127484209365081,-1.8944721483394857,-2.5676418627951287,-1.1871724412800733,2.0281184928326392,3102.5
2483,-1.1743814331000955,-1.812748407691274,-1.89447215287837,-2.567641872280534,-1.1871724961795085,1.9146959674410686,3103.75
2484,-1.1743814796577103,-1.8127483888998652,-1.8944721497894164,-2.567641894798978,-1.187172542545349,1.8112734420493735,3105.0
2485,-1.1743815210082167,-1.8127483706035377,-1.894472145576115,-2.567641917870759,-1.187172583700881,1.7178509166575664,3106.25
2486,-1.1743815579325432,-1.8127483542656622,-1.8944721418138044,-2.567641938472925,-1.187172620451103,1.6344283912657052,3107.5
2487,-1.1743815865606702,-1.8127483367526005,-1.8944721344633688,-2.567641963711851,-1.1871726488698964,1.561005865873875,3108.75
2488,-1.1743816096823385,-1.8127483203232642,-1.8944721264364466,-2.567641988464835,-1.187172671787441,1.4975833404821048,3110.0
2489,-1.1743816291583513,-1.8127483064843868,-1.8944721196751493,-2.56764200931495,-1.187172691091515,1.4441608150904128,3111.25
2490,-1.174381644988709,-1.8127482952359681,-1.8944721141794765,-2.567642026262196,-1.1871727067821185,1.4007382896987615,3112.5
2491,-1.174381657173411,-1.8127482865780067,-1.8944721099494313,-2.5676420393065724,-1.1871727188592511,1.3673157643070701,3113.75
2492,-1.1743816657124573,-1.8127482805105022,-1.8944721069850128,-2.5676420484480795,-1.1871727273229127,1.3438932389153673,3115.0
2493,-1.1743866154297349,-1.8127605608952047,-1.894455913766745,-2.5676459969387433,-1.187177669886109,1.3304559451349285,3116.25
2494,-1.1756260611172051,-1.8158395723407497,-1.8903974275257571,-2.568634393633285,-1.188415333189675,1.3249957590828139,3117.5
2495,-1.17703727970703,-1.8193453112971874,-1.885776470620371,-2.5697597718467358,-1.189824523638381,1.329324040482284,3118.75
2496,-1.1770878716029187,-1.8194710046068217,-1.8856107974595486,-2.56980012124961,-1.1898750462911643,1.3416270479701964,3120.0
2497,-1.1770878644544154,-1.8194710110838757,-1.8856107975117353,-2.569800124349681,-1.189875045472689,1.3637798647210266,3121.25
2498,-1.1770878540790073,-1.8194710204847353,-1.8856107975874798,-2.5698001288491548,-1.1898750442847457,1.3959326814718467,3122.5
2499,-1.1770878404766945,-1.8194710328094015,-1.8856107976867822,-2.5698001347480313,-1.1898750427273346,1.4380854982226563,3123.75
2500,-1.177087823900669,-1.819471047889985,-1.8856107983131998,-2.5698001401696247,-1.189875042957911,1.4902383143837443,3125.0
2501,-1.1770878045447177,-1.8194710655979893,-1.885610799852142,-2.5698001436775755,-1.1898750466277297,1.5523911296888073,3126.25
2502,-1.1770877803039324,-1.8194710848715903,-1.8856108019788678,-2.56980014331192,-1.1898750441557862,1.6245439419563066,3127.5
2503,-1.1770877443154835,-1.819471100735859,-1.8856108060119143,-2.569800121870778,-1.1898750094478139,1.7066967408943552,3128.75
2504,-1.1770877039297478,-1.8194711185214114,-1.8856108105729845,-2.569800097655835,-1.1898749703773503,1.7988495340355593,3130.0
2505,-1.1770876589324868,-1.819471137852954,-1.8856108152372024,-2.5698000715038267,-1.189874926639289,1.9010023203825273,3131.25
2506,-1.1770876048907248,-1.8194711508446109,-1.8856108107766614,-2.5698000621537607,-1.1898748726308206,2.013155095588613,3132.5
2507,-1.1770875460292525,-1.819471164995786,-1.88561080591488,-2.569800051983561,-1.189874813797021,2.135307863308366,3133.75
2508,-1.1770874821067179,-1.819471172768298,-1.8856107936500326,-2.5698000555334533,-1.1898747498333606,2.26746062505989,3135.0
2509,-1.1770874132060722,-1.819471176733876,-1.8856107763729788,-2.5698000678356427,-1.1898746808488543,2.4096133845436833,3136.25
2510,-1.1770873428917026,-1.8194711724595698,-1.8856107511041786,-2.569800096323415,-1.1898746103217204,2.5617661398057465,3137.5
2511,-1.1770872701942598,-1.819471162350574,-1.8856107197568914,-2.5698001366711316,-1.1898745373171775,2.723918888552988,3138.75
2512,-1.1770872059858575,-1.819471140436676,-1.8856106801510553,-2.5698001971750815,-1.1898744726371886,2.8892294387613746,3140.0
2513,-1.1770871481799279,-1.8194711170202567,-1.885610641109625,-2.569800258708024,-1.1898744143498037,3.044838671287868,3141.25
2514,-1.1770871084983456,-1.8194710848751292,-1.8856105995581633,-2.569800331724377,-1.189874374089889,3.1904479038145346,3142.5
2515,-1.1770870717791244,-1.8194710548327968,-1.8856105608360774,-2.5698003998585026,-1.18987433683093,3.3260571363414395,3143.75
2516,-1.1770870532738928,-1.8194710201505484,-1.8856105233842158,-2.5698004716198493,-1.1898743177523188,3.451666368868531,3145.0
2517,-1.1770870362418997,-1.8194709882294298,-1.8856104889139633,-2.569800537668132,-1.1898743001925938,3.567275601395737,3146.25
2518,-1.1770870293392148,-1.8194709569876566,-1.8856104581421782,-2.569800599491016,-1.1898742927937405,3.6728848339230966,3147.5
2519,-1.1770870283648398,-1.8194709274355656,-1.8856104307209551,-2.569800656366501,-1.1898742913615954,3.768494066450522,3148.75
2520,-1.1770870274923766,-1.819470900974404,-1.8856104061677794,-2.5698007072932425,-1.1898742900792416,3.854103298978059,3150.0
2521,-1.1770870314606359,-1.8194708773314532,-1.8856103856708755,-2.5698007514253707,-1.189874293691149,3.9297125315055923,3151.25
2522,-1.1770870398433302,-1.8194708565312459,-1.8856103691233557,-2.5698007888389767,-1.1898743017705211,3.995321764033039,3152.5
2523,-1.1770870469483548,-1.8194708389013565,-1.8856103550979675,-2.5698008205500917,-1.189874308618455,4.050930996560437,3153.75
2524,-1.1770870527757098,-1.8194708244417868,-1.88561034359471,-2.5698008465587163,-1.1898743142349506,4.096540229087766,3155.0
2525,-1.1770870573253944,-1.8194708131525332,-1.885610334613586,-2.569800866864849,-1.1898743186200078,4.132149461615105,3156.25
2526,-1.1770870605974093,-1.8194708050335964,-1.8856103281545955,-2.5698008814684914,-1.1898743217736267,4.157758694142458,3157.5
2527,-1.177087062591754,-1.8194708000849757,-1.8856103242177387,-2.5698008903696423,-1.1898743236958074,4.173367926669822,3158.75
2528,-1.1779376949410663,-1.8216099135656307,-1.8827739561211176,-2.5705042251365433,-1.1907236599364917,4.180547269690206,3160.0
2529,-1.1795142358709076,-1.8255745031022639,-1.8775170992639607,-2.5718077621177597,-1.19229779973305,4.17838845222151,3161.25
2530,-1.1797553926891524,-1.826180955035269,-1.8767129791253012,-2.5720071576198134,-1.1925385931793782,4.16784717665902,3162.5
2531,-1.1797553912033534,-1.8261809618017568,-1.876712982310635,-2.5720071543800014,-1.1925385993905886,4.147920922661824,3163.75
2532,-1.179755388971906,-1.8261809719640096,-1.876712987094531,-2.572007149514289,-1.1925386087188983,4.117994668664668,3165.0
2533,-1.1797553859948093,-1.8261809855220275,-1.8767129934769882,-2.572007143022675,-1.1925386211643068,4.078068414667522,3166.25
2534,-1.1797553821798983,-1.8261810025620555,-1.8767130011895594,-2.572007135934191,-1.1925386359325334,4.028142161887957,3167.5
2535,-1.1797553771589229,-1.8261810234286866,-1.8767130091596542,-2.572007132360353,-1.1925386498500092,3.9682159143086793,3168.75
2536,-1.1797553713000883,-1.8261810477773692,-1.8767130184597332,-2.572007128190143,-1.1925386660899189,3.8982896667292124,3170.0
2537,-1.1797553717018783,-1.8261810725561487,-1.8767130405360894,-2.5720070836848072,-1.1925386667978524,3.8183634348977136,3171.25
2538,-1.1797553724518768,-1.826181100297995,-1.8767130658888937,-2.5720070318068924,-1.1925386667540903,3.728437206787162,3172.5
2539,-1.1797553732598225,-1.8261811311082976,-1.8767130941229273,-2.572006973888671,-1.1925386664936513,3.6285109875843453,3173.75
2540,-1.179755386753064,-1.8261811619086301,-1.8767131265416097,-2.572006911098733,-1.19253868016599,3.518584778031976,3175.0
2541,-1.1797554043069667,-1.8261811948151876,-1.8767131622167401,-2.572006842797374,-1.192538698227409,3.398658575883652,3176.25
2542,-1.1797554302212636,-1.8261812274228084,-1.87671320015119,-2.572006772683144,-1.1925387246817443,3.2687323804728594,3177.5
2543,-1.179755468119065,-1.8261812581332175,-1.8767132399666289,-2.5720067028050675,-1.1925387631378226,3.1288061886539396,3178.75
2544,-1.17975551483875,-1.8261812866989477,-1.8767132804906073,-2.5720066344891257,-1.1925388104000785,2.9788799995857067,3180.0
2545,-1.1797555745419832,-1.8261813101658841,-1.8767133202686328,-2.5720065721974645,-1.19253887059195,2.818953817290345,3181.25
2546,-1.1797556438561299,-1.8261813260794573,-1.876713356014247,-2.5720065216132038,-1.192538940297698,2.652681865995663,3182.5
2547,-1.1797557141803652,-1.826181335882206,-1.8767133864391503,-2.5720064824583178,-1.1925390109209013,2.4948457288911055,3183.75
2548,-1.1797557843975575,-1.8261813342752375,-1.8767134063231794,-2.57200646522048,-1.1925390812599672,2.3470095917863927,3185.0
2549,-1.1797558507919597,-1.8261813304773944,-1.8767134230262974,-2.5720064532914693,-1.1925391477342893,2.2091734546814976,3186.25
2550,-1.1797559120797703,-1.826181318177281,-1.876713430345147,-2.5720064591492826,-1.1925392089595417,2.081337317576392,3187.5
2551,-1.1797559685003662,-1.8261813046282964,-1.876713435032901,-2.5720064688112174,-1.1925392652880449,1.9635011804710705,3188.75
2552,-1.1797560184462057,-1.8261812890677103,-1.8767134358979898,-2.5720064842055432,-1.192539315097072,1.8556650433656234,3190.0
2553,-1.1797560612133255,-1.8261812701760716,-1.8767134315110263,-2.57200650806694,-1.192539357660734,1.757828906260172,3191.25
2554,-1.1797560996091467,-1.8261812532153847,-1.8767134275724549,-2.572006529489423,-1.1925393958738928,1.6699927691545864,3192.5
2555,-1.1797561322167094,-1.8261812370374069,-1.8767134225936435,-2.572006551085593,-1.1925394282988269,1.5921566320489609,3193.75
2556,-1.1797561566404873,-1.826181219700912,-1.8767134140578785,-2.572006577272343,-1.1925394525049091,1.5243204949434186,3195.0
2557,-1.179756177463857,-1.8261812049200599,-1.8767134067804054,-2.5720065995987977,-1.1925394731426748,1.4664843578379174,3196.25
2558,-1.1797561946868196,-1.826181192694854,-1.8767134007612203,-2.57200661806496,-1.1925394902121258,1.4186482207325228,3197.5
2559,-1.1797562083093738,-1.82618118302529,-1.8767133960003275,-2.572006632670827,-1.1925395037132593,1.3808120836271165,3198.75
2560,-1.1797562183315198,-1.826181175911369,-1.876713392497727,-2.5720066434163984,-1.192539513646076,1.3529759465216704,3200.0
2561,-1.1797562247532574,-1.8261811713530902,-1.8767133902534194,-2.572006650301674,-1.1925395200105753,1.335139809416241,3201.25
2562,-1.1802569225309056,-1.8274557900816577,-1.875013384342646,-2.572435591500395,-1.193039411029499,1.3262189547758239,3202.5
2563,-1.1818651968726581,-1.8315499830475297,-1.8695528217303117,-2.573813377356487,-1.1946450944156057,1.3261294312715388,3203.75
2564,-1.1823875643883504,-1.8328797866997038,-1.8677792213917406,-2.5742608856984113,-1.1951666227060356,1.334910215877108,3205.0
2565,-1.1823875587374635,-1.8328797918096043,-1.867779221401168,-2.5742608882661693,-1.1951666219387853,1.3525726272615985,3206.25
2566,-1.1823875498871912,-1.8328797998125979,-1.8677792214159328,-2.574260892287726,-1.1951666207371376,1.3802350386460789,3207.5
2567,-1.1823875378375328,-1.8328798107086843,-1.8677792214360345,-2.5742608977630805,-1.1951666191010926,1.4178974500305206,3208.75
2568,-1.1823875225884888,-1.8328798244978644,-1.8677792214614743,-2.5742609046922333,-1.1951666170306503,1.4655598614150092,3210.0
2569,-1.1823875047607295,-1.8328798407761528,-1.8677792227052623,-2.574260908585001,-1.1951666198700397,1.5232222615976574,3211.25
2570,-1.1823874838694493,-1.832879859859103,-1.8677792242199172,-2.5742609129486604,-1.1951666234448877,1.5908846613139918,3212.5
2571,-1.182387452700363,-1.832879876445701,-1.8677792274885219,-2.574260899268671,-1.1951666002818613,1.668547048885763,3213.75
2572,-1.1823874147721474,-1.8328798931378794,-1.8677792317644781,-2.574260876682776,-1.195166563719535,1.7562094317226022,3215.0
2573,-1.1823873724841087,-1.8328799117134555,-1.867779236606391,-2.574260851177871,-1.1951665227083852,1.8538718028020307,3216.25
2574,-1.1823873230584228,-1.8328799272105663,-1.8677792361136771,-2.574260834797384,-1.1951664738548136,1.9615341668709654,3217.5
2575,-1.1823872670603834,-1.8328799406332958,-1.8677792314597792,-2.574260825181932,-1.1951664178888461,2.079196523034941,3218.75
2576,-1.1823872062318548,-1.8328799530135187,-1.8677792243635878,-2.574260818991275,-1.1951663570672237,2.2068588716413444,3220.0
2577,-1.1823871403295414,-1.8328799567618557,-1.8677792077275166,-2.57426083091222,-1.1951662910831267,2.3445212152793964,3221.25
2578,-1.1823870705333532,-1.8328799585666544,-1.8677791881076249,-2.5742608476972264,-1.1951662211673468,2.4921835577221483,3222.5
2579,-1.1823870007191157,-1.83287994881356,-1.8677791578014546,-2.574260886691171,-1.1951661510546616,2.649845893153958,3223.75
2580,-1.182386931645046,-1.832879933219697,-1.867779122322966,-2.574260936692931,-1.1951660815926424,2.8160770794419476,3225.0
2581,-1.1823868722459954,-1.8328799098558701,-1.8677790826141922,-2.574260998817186,-1.1951660217047841,2.976173315463466,3226.25
2582,-1.1823868254949672,-1.832879881610646,-1.8677790422514668,-2.57426106665132,-1.1951659744154348,3.126269551484511,3227.5
2583,-1.1823867877845509,-1.8328798510432338,-1.867779002499813,-2.574261136324564,-1.1951659361494915,3.2663657875053276,3228.75
2584,-1.1823867617122625,-1.8328798187090851,-1.867778964664791,-2.5742612060160814,-1.1951659095185772,3.396462023525814,3230.0
2585,-1.1823867442355922,-1.8328797859510604,-1.8677789290595554,-2.5742612740283413,-1.1951658914947207,3.516558259546071,3231.25
2586,-1.182386730508972,-1.8328797553704017,-1.8677788966103528,-2.5742613367690264,-1.1951658772627194,3.6266544955661684,3232.5
2587,-1.1823867295000066,-1.8328797248167223,-1.8677788680647924,-2.5742613957683007,-1.195165875775495,3.7267507315859936,3233.75
2588,-1.1823867285918406,-1.832879697315478,-1.8677788423710393,-2.5742614488733193,-1.1951658744368499,3.816846967605609,3235.0
2589,-1.1823867280068385,-1.8328796728540186,-1.867778819585227,-2.574261496043871,-1.1951658734694184,3.8969432036250646,3236.25
2590,-1.1823867368515066,-1.8328796509144456,-1.8677788020060704,-2.574261535633129,-1.1951658819907558,3.967039439644414,3237.5
2591,-1.1823867444343854,-1.8328796321047938,-1.8677787869347742,-2.574261569574544,-1.1951658892964305,4.02713567566369,3238.75
2592,-1.1823867507554748,-1.832879616425067,-1.8677787743713352,-2.574261597868115,-1.1951658953864428,4.077231911682859,3240.0
2593,-1.1823867558147751,-1.8328796038752615,-1.8677787643157564,-2.5742616205138424,-1.1951659002607924,4.1173281477020724,3241.25
2594,-1.1823867596122861,-1.8328795944553773,-1.8677787567680386,-2.5742616375117264,-1.1951659039194793,4.147424383721269,3242.5
2595,-1.1823867621480078,-1.832879588165414,-1.8677787517281819,-2.5742616488617664,-1.1951659063625037,4.167520619740507,3243.75
2596,-1.1825979555761836,-1.8334238439071577,-1.8670486505292803,-2.5744489830646433,-1.1953767405581146,4.178188923888203,3245.0
2597,-1.184116929885356,-1.8373383620416865,-1.8617975028967644,-2.575796320231664,-1.1968931316006788,4.180550727127418,3246.25
2598,-1.1849817607011526,-1.839567104729101,-1.8588077513575283,-2.5765634278339125,-1.1977564942085783,4.173535397397414,3247.5
2599,-1.1849817595527545,-1.8395671098939257,-1.8588077537656318,-2.5765634254850727,-1.1977564988657483,4.158171297570419,3248.75
2600,-1.184981757656901,-1.839567118420369,-1.8588077577410926,-2.5765634216074487,-1.197756506554121,4.1328071977434915,3250.0
2601,-1.184981755013592,-1.8395671303084313,-1.8588077632839108,-2.5765634162010396,-1.1977565172736964,4.097443097916546,3251.25
2602,-1.1849817516228276,-1.839567145558112,-1.8588077703940866,-2.5765634092658467,-1.1977565310244744,4.052078998089612,3252.5
2603,-1.1849817471037256,-1.839567164519642,-1.8588077779803482,-2.576563404959689,-1.197756544490415,3.996714900312224,3253.75
2604,-1.1849817416162585,-1.8395671870459234,-1.858807786501035,-2.576563401536263,-1.1977565590642703,3.9313508032945665,3255.0
2605,-1.1849817389158124,-1.8395672114490351,-1.8588078022142802,-2.576563377210606,-1.1977565671089363,3.8559867146272517,3256.25
2606,-1.1849817396269644,-1.8395672374586831,-1.8588078261343064,-2.5765633284730605,-1.1977565671159358,3.770622634075176,3257.5
2607,-1.1849817403955827,-1.8395672664974896,-1.8588078529227068,-2.576563273738148,-1.197756566906478,3.6752585632768717,3258.75
2608,-1.1849817466729955,-1.8395672972473753,-1.8588078831243546,-2.576563213592165,-1.1977565726463764,3.569894499188136,3260.0
2609,-1.1849817633530957,-1.8395673285168943,-1.85880791725191,-2.576563148464139,-1.197756589809011,3.454530443489848,3261.25
2610,-1.1849817814807382,-1.8395673624958955,-1.858807954340782,-2.5765630776793906,-1.197756608473842,3.3291663963723237,3262.5
2611,-1.1849818170704003,-1.8395673921310207,-1.858807992711043,-2.576563010280545,-1.1977566446041472,3.193802355150481,3263.75
2612,-1.1849818559601415,-1.8395674236600164,-1.8588080338454631,-2.5765629382817146,-1.1977566840731262,3.048438314239677,3265.0
2613,-1.184981912243226,-1.8395674469222585,-1.85880807262997,-2.5765628771367566,-1.1977567408396246,2.8930742797711217,3266.25
2614,-1.1849819749203874,-1.8395674688051593,-1.8588081120900695,-2.576562816786966,-1.1977568039918236,2.7279306326579666,3267.5
2615,-1.184982046389805,-1.8395674788092418,-1.8588081432207528,-2.5765627767433132,-1.1977568757686945,2.5655356539727494,3268.75
2616,-1.184982115390756,-1.8395674834046347,-1.8588081685800852,-2.576562747828033,-1.1977569449871588,2.413140675287832,3270.0
2617,-1.1849821831405696,-1.8395674795723047,-1.8588081857400962,-2.5765627354979093,-1.1977570128198172,2.270745696603309,3271.25
2618,-1.1849822460088304,-1.839567472267805,-1.8588081981870967,-2.5765627312707373,-1.1977570757062312,2.1383507179189154,3272.5
2619,-1.1849823038935714,-1.8395674584065955,-1.8588082030289854,-2.5765627411131273,-1.197757133495895,2.0159557392349248,3273.75
2620,-1.184982357048976,-1.8395674456778888,-1.8588082074752714,-2.5765627501513695,-1.19775718656399,1.9035607605511558,3275.0
2621,-1.1849824015673704,-1.8395674267575801,-1.8588082035380344,-2.576562773619118,-1.1977572308798585,1.8011657818675402,3276.25
2622,-1.1849824414603345,-1.839567409164526,-1.8588081994176058,-2.576562795877641,-1.1977572705813349,1.70877080318412,3277.5
2623,-1.1849824770356445,-1.8395673934755876,-1.858808195743132,-2.576562815727103,-1.1977573059858826,1.6263758245008566,3278.75
2624,-1.1849825039906567,-1.8395673762024645,-1.8588081879636604,-2.5765628411331014,-1.1977573327271338,1.5539808458177258,3280.0
2625,-1.1849825261794211,-1.8395673604697658,-1.8588081801556655,-2.576562864960529,-1.1977573547162186,1.4915858671347806,3281.25
2626,-1.1849825448120082,-1.8395673472585372,-1.8588081735990507,-2.576562884969152,-1.1977573731811286,1.4391908884517854,3282.5
2627,-1.1849825598884176,-1.8395673365687781,-1.8588081682938167,-2.5765629011589697,-1.1977573881218637,1.396795909768931,3283.75
2628,-1.1849825714086488,-1.8395673284004874,-1.8588081642399652,-2.5765629135299823,-1.1977573995384228,1.3644009310860368,3285.0
2629,-1.184982579372702,-1.8395673227536649,-1.8588081614374965,-2.576562922082189,-1.1977574074308066,1.3420059524030459,3286.25
2630,-1.1850173785338611,-1.8396580952171957,-1.8586856930264704,-2.5765948616863037,-1.1977921441896984,1.3294990226486294,3287.5
2631,-1.1863170842560755,-1.8430488804090328,-1.8541111280035825,-2.577787740819911,-1.1990895204510115,1.324876142697932,3288.75
2632,-1.1875302991936307,-1.8462140317853457,-1.8498409733363501,-2.5789012401464406,-1.200300562340141,1.3300525651884938,3290.0
2633,-1.1875420738345,-1.8462447650980012,-1.849799515562644,-2.5789120527607485,-1.2003123193668928,1.3431219950180222,3291.25
2634,-1.1875420665292618,-1.8462447716911092,-1.8497995155365328,-2.5789120562192505,-1.2003123182235342,1.3661518748227868,3292.5
2635,-1.1875420560519538,-1.8462447811470664,-1.8497995154990832,-2.578912061179498,-1.200312316583708,1.3991817546274559,3293.75
2636,-1.1875420424025762,-1.846244793465873,-1.849799515450296,-2.5789120676414905,-1.2003123144474144,1.4422116344322002,3295.0
2637,-1.1875420258869083,-1.8462448084518277,-1.849799515978166,-2.5789120734435875,-1.2003123144749934,1.495241505799597,3296.25
2638,-1.1875420065921063,-1.84624482604915,-1.8497995172502912,-2.578912077969653,-1.2003123174247263,1.5582713686539553,3297.5
2639,-1.1875419817090975,-1.8462448445334898,-1.8497995193129377,-2.578912076419505,-1.2003123112872343,1.6313012269693188,3298.75
2640,-1.187541946225623,-1.8462448601265287,-1.84979952333377,-2.5789120553167306,-1.2003122771098491,1.714331073270814,3300.0
2641,-1.1875419064502588,-1.8462448775854514,-1.8497995278842625,-2.5789120314750527,-1.2003122386612668,1.8073609125729626,3301.25
2642,-1.1875418617768485,-1.846244895833525,-1.8497995316903375,-2.5789120074587113,-1.200312195163572,1.9103907450055493,3302.5
2643,-1.1875418086404312,-1.8462449085350205,-1.84979952724571,-2.578911998391604,-1.2003121420621954,2.023420567318803,3303.75
2644,-1.1875417508016595,-1.8462449223614619,-1.8497995224040586,-2.578911988536759,-1.200312084251759,2.146450381242489,3305.0
2645,-1.1875416879908585,-1.8462449289218326,-1.8497995092605248,-2.578911994191736,-1.2003120213902787,2.279480189425581,3306.25
2646,-1.1875416203538287,-1.846244932728704,-1.849799492068861,-2.578912006583028,-1.200311953668284,2.422509995933039,3307.5
2647,-1.1875415518290762,-1.8462449272781565,-1.8497994659880121,-2.578912037080246,-1.2003118849121244,2.5755397976991903,3308.75
2648,-1.1875414805175404,-1.8462449172786202,-1.849799434818534,-2.5789120771600835,-1.2003118132921267,2.738569593089337,3310.0
2649,-1.1875414191579698,-1.8462448947021004,-1.8497993949918186,-2.578912138587782,-1.20031175144697,2.9032231429775344,3311.25
2650,-1.1875413644110644,-1.846244870983263,-1.8497993561288217,-2.5789122002894036,-1.2003116962104847,3.0579485723674855,3312.5
2651,-1.187541325927942,-1.8462448397797708,-1.8497993152839844,-2.578912271679165,-1.2003116571543595,3.2026740017572006,3313.75
2652,-1.1875412917334625,-1.8462448100142612,-1.849799277092465,-2.5789123390454245,-1.200311622418612,3.337399431146444,3315.0
2653,-1.1875412738027809,-1.8462447764099426,-1.8497992403130779,-2.5789124090699986,-1.2003116039206567,3.462124860535613,3316.25
2654,-1.1875412573097124,-1.8462447454998956,-1.8497992064825102,-2.5789124734802753,-1.2003115869057959,3.5768502899244865,3317.5
2655,-1.1875412518761543,-1.8462447149831502,-1.8497991764084072,-2.5789125339065366,-1.2003115809800735,3.6815757193131153,3318.75
2656,-1.1875412509316112,-1.8462446864309632,-1.8497991495392583,-2.578912589235513,-1.2003115795838204,3.7763011487016147,3320.0
2657,-1.1875412500867817,-1.8462446608929852,-1.8497991255066344,-2.578912638723505,-1.200311578334967,3.8610265780898643,3321.25
2658,-1.187541254792103,-1.8462446380624749,-1.8497991056958467,-2.578912681372258,-1.200311582690668,3.935752007477989,3322.5
2659,-1.1875412628585935,-1.8462446180626226,-1.849799089550535,-2.578912717582687,-1.2003115904592443,4.000477436866035,3323.75
2660,-1.1875412696788212,-1.846244601152724,-1.8497990758996528,-2.5789127481986487,-1.2003115970275848,4.055202866253947,3325.0
2661,-1.187541275252786,-1.8462445873327802,-1.8497990647432,-2.578912773220144,-1.2003116023956901,4.099928295641875,3326.25
2662,-1.1875412795804878,-1.8462445766027884,-1.8497990560811788,-2.5789127926471713,-1.2003116065635595,4.134653725029756,3327.5
2663,-1.1875412826619267,-1.8462445689627491,-1.8497990499135895,-2.578912806479732,-1.2003116095311936,4.159379154417735,3328.75
2664,-1.1875412844971025,-1.8462445644126617,-1.8497990462404317,-2.578912814717825,-1.200311611298592,4.1741045838057245,3330.0
2665,-1.1884738119557015,-1.8487074833739328,-1.8464575536373597,-2.5797978728320974,-1.201242380079298,4.180638266748575,3331.25
2666,-1.1899150048256555,-1.8525138578369917,-1.8412933759731527,-2.5811656986723657,-1.2026808561775022,4.177669954416503,3332.5
2667,-1.1900658868952616,-1.8529123623893033,-1.840752724117324,-2.5813088989705943,-1.2028314578043875,4.166558024072165,3333.75
2668,-1.190065885347642,-1.8529123692651313,-1.8407527272956754,-2.58130889599754,-1.2028314638942648,4.14589530453673,3335.0
2669,-1.1900658830510316,-1.8529123794686082,-1.840752732012232,-2.581308891585637,-1.20283147293142,4.115232585001334,3336.25
2670,-1.1900658800054298,-1.8529123929997344,-1.8407527382669946,-2.5813088857348845,-1.202831484915853,4.074569865465977,3337.5
2671,-1.1900658760811962,-1.852912409975889,-1.8407527456940096,-2.581308879831005,-1.2028314987073807,4.023907148084327,3338.75
2672,-1.190065870980768,-1.8529124306664921,-1.8407527534533092,-2.581308877054637,-1.2028315116889514,3.9632444368236,3340.0
2673,-1.1900658652840446,-1.8529124546613263,-1.8407527628913758,-2.581308872442523,-1.2028315262434326,3.892581726182027,3341.25
2674,-1.1900658659481334,-1.8529124789289912,-1.8407527853813341,-2.5813088267806563,-1.2028315262350713,3.811919031464501,3342.5
2675,-1.1900658666845194,-1.8529125061979006,-1.8407528106865054,-2.581308775341223,-1.2028315261404519,3.72125634083369,3343.75
2676,-1.1900658674808735,-1.8529125364590926,-1.8407528388401533,-2.581308717980761,-1.2028315258548314,3.6205936583754936,3345.0
2677,-1.1900658818092522,-1.852912566446129,-1.8407528712462673,-2.58130865593156,-1.2028315404815304,3.5099309864474404,3346.25
2678,-1.1900658990465875,-1.8529125987489232,-1.8407529067573545,-2.58130858838878,-1.2028315582314364,3.389268321807728,3347.5
2679,-1.190065925658221,-1.8529126302347207,-1.8407529443746962,-2.5813085197254066,-1.2028315853830525,3.258605663717947,3348.75
2680,-1.1900659628352641,-1.8529126603798916,-1.8407529839713535,-2.5813084506182373,-1.2028316231196174,3.117943008777519,3350.0
2681,-1.1900660097693332,-1.8529126876298985,-1.8407530238616245,-2.5813083842509794,-1.202831670586946,2.967280356998692,3351.25
2682,-1.1900660682964344,-1.852912710684398,-1.8407530633949034,-2.581308322598181,-1.202831729603766,2.8066177118684013,3352.5
2683,-1.1900661367020224,-1.8529127252577653,-1.8407530980398787,-2.581308274438819,-1.2028317983857688,2.640558375555431,3353.75
2684,-1.1900662050001964,-1.8529127348495162,-1.8407531279969365,-2.581308235933773,-1.2028318669812328,2.4834652668708386,3355.0
2685,-1.1900662735641097,-1.8529127323956376,-1.8407531467800466,-2.5813082206194586,-1.2028319356522577,2.336372158186829,3356.25
2686,-1.1900663380002157,-1.8529127287863414,-1.8407531632146406,-2.581308208744428,-1.202832000168391,2.1992790495030663,3357.5
2687,-1.1900663974271375,-1.8529127161099441,-1.840753169637005,-2.581308215849398,-1.2028320595210946,2.072185940819633,3358.75
2688,-1.1900664521322946,-1.8529127030447476,-1.8407531742446233,-2.5813082250864996,-1.202832114135824,1.9550928321363479,3360.0
2689,-1.1900665002119741,-1.852912687434812,-1.8407531744377712,-2.5813082411771617,-1.2028321620706732,1.8479997234532786,3361.25
2690,-1.1900665416242002,-1.8529126692014808,-1.8407531701300526,-2.5813082642855956,-1.2028322032823304,1.750906614770499,3362.5
2691,-1.1900665787712208,-1.8529126528460764,-1.840753166265996,-2.5813082850140026,-1.2028322402494398,1.6638135060878247,3363.75
2692,-1.1900666098694055,-1.85291263692232,-1.840753160945915,-2.581308306677836,-1.2028322711616715,1.586720397405335,3365.0
2693,-1.1900666334387808,-1.8529126202301591,-1.840753152593528,-2.5813083320281085,-1.2028322945168977,1.5196272887229505,3366.25
2694,-1.1900666534952207,-1.852912606025908,-1.8407531454860353,-2.5813083536000097,-1.2028323143911068,1.4625341800406313,3367.5
2695,-1.1900666700387257,-1.852912594309569,-1.8407531396234351,-2.58130837139354,-1.202832330784299,1.4154410713583665,3368.75
2696,-1.1900666830692954,-1.8529125850811392,-1.8407531350057305,-2.581308385408697,-1.2028323436964743,1.3783479626761754,3370.0
2697,-1.1900666925869297,-1.852912578340619,-1.8407531316329213,-2.5813083956454825,-1.2028323531276321,1.3512548539938591,3371.25
2698,-1.1900666985916282,-1.8529125740880086,-1.8407531295050077,-2.581308402103895,-1.2028323590777728,1.3341617453115882,3372.5
2699,-1.190634511783885,-1.8544307918504042,-1.8386818759672305,-2.581865359756283,-1.2033990470550282,1.3257923422447957,3373.75
2700,-1.1921490150944392,-1.8584802948437587,-1.8331572854455231,-2.583350908575021,-1.2049105495865253,1.3263729002494928,3375.0
2701,-1.192557206105912,-1.8595717327013532,-1.8316682797533148,-2.5837512998167886,-1.2053179341085511,1.335633222753718,3376.25
2702,-1.1925572003629075,-1.8595717378748695,-1.8316682797045756,-2.583751302636582,-1.2053179330934882,1.353894115297282,3377.5
2703,-1.1925571914749282,-1.859571745881498,-1.8316682796291457,-2.5837513070005462,-1.2053179315225582,1.3821550078408076,3378.75
2704,-1.1925571794419745,-1.8595717567212393,-1.8316682795270258,-2.5837513129086807,-1.2053179293957612,1.4204159003842944,3380.0
2705,-1.1925571642758446,-1.8595717703866568,-1.8316682794205632,-2.5837513202794025,-1.2053179268168113,1.4686767925089108,3381.25
2706,-1.1925571465927016,-1.859571786489398,-1.8316682804768374,-2.583751324852173,-1.2053179292019824,1.5269376657071705,3382.5
2707,-1.1925571258743923,-1.8595718053560424,-1.831668281714412,-2.5837513302098225,-1.2053179319965488,1.5951985389054197,3383.75
2708,-1.1925570946380302,-1.8595718212389456,-1.8316682850243902,-2.5837513155830827,-1.205317906992228,1.673459398865221,3385.0
2709,-1.1925570573728266,-1.859571837586483,-1.831668289278775,-2.583751293408576,-1.2053178710987689,1.7617202543101578,3386.25
2710,-1.1925570158565353,-1.8595718557659475,-1.831668294090591,-2.5837512683965196,-1.205317830891304,1.8599810985262635,3387.5
2711,-1.192556967086826,-1.8595718704295312,-1.831668293028701,-2.583751253540772,-1.2053177826242578,1.9682419350181632,3388.75
2712,-1.1925569121622237,-1.859571883525279,-1.8316682884009567,-2.583751244237659,-1.2053177277326983,2.086502763703498,3390.0
2713,-1.1925568525015513,-1.8595718949209101,-1.8316682807119973,-2.5837512396375173,-1.2053176680735191,2.2147635849760654,3391.25
2714,-1.192556787908635,-1.8595718985233995,-1.8316682641780628,-2.583751251618347,-1.2053176033979067,2.3530244015846624,3392.5
2715,-1.1925567198382727,-1.8595718994272055,-1.8316682440407637,-2.583751269841882,-1.2053175351951522,2.5012852166398734,3393.75
2716,-1.1925566514474475,-1.8595718898097244,-1.831668213936428,-2.58375130851797,-1.2053174665049957,2.659546024793288,3395.0
2717,-1.1925565846854238,-1.8595718737159592,-1.8316681782592998,-2.583751359249863,-1.2053173993439694,2.825884148922132,3396.25
2718,-1.1925565269351748,-1.8595718509613295,-1.8316681391121912,-2.5837514202289285,-1.20531734110787,2.9853752778684357,3397.5
2719,-1.192556482392815,-1.8595718228479248,-1.831668099010023,-2.5837514877042813,-1.2053172960225993,3.1348664068145804,3398.75
2720,-1.1925564457475633,-1.8595717931346145,-1.8316680598415438,-2.583751555959279,-1.2053172588258605,3.2743575357602226,3400.0
2721,-1.192556421364194,-1.859571761312787,-1.8316680224752053,-2.583751624697788,-1.205317233883665,3.403848664705592,3401.25
2722,-1.1925564043917114,-1.85957172951654,-1.8316679874174189,-2.583751691212738,-1.2053172163686179,3.5233397936505906,3402.5
2723,-1.1925563919098459,-1.8595716996489335,-1.831667955553066,-2.5837517526777902,-1.205317203384503,3.6328309225954305,3403.75
2724,-1.192556390928323,-1.8595716700379463,-1.831667927474656,-2.5837518102724575,-1.2053172019294214,3.7323220515400974,3405.0
2725,-1.1925563900454543,-1.8595716434032077,-1.831667902218443,-2.5837518620782003,-1.2053172006205926,3.8218131804845368,3406.25
2726,-1.19255639007264,-1.859571619699465,-1.831667879992119,-2.5837519079445563,-1.2053172002704318,3.9013043094289017,3407.5
2727,-1.192556398627558,-1.8595715985019077,-1.8316678627455185,-2.58375194645894,-1.2053172085061512,3.970795438373064,3408.75
2728,-1.1925564059513956,-1.859571580354748,-1.8316678479807598,-2.583751979430979,-1.2053172155567242,4.030286567317266,3410.0
2729,-1.1925564120441527,-1.8595715652579883,-1.8316678356978398,-2.5837520068606725,-1.20531722142215,4.079777696261332,3411.25
2730,-1.1925564169058294,-1.8595715532116266,-1.831667825896762,-2.5837520287480205,-1.2053172261024292,4.119268825205358,3412.5
2731,-1.1925564205364254,-1.8595715442156617,-1.8316678185775275,-2.5837520450930227,-1.2053172295975614,4.148759954149368,3413.75
2732,-1.1925564229359404,-1.8595715382700937,-1.8316678137401354,-2.58375205589568,-1.2053172319075465,4.168251083093474,3415.0
2733,-1.1928137105710195,-1.8602679960181636,-1.8307124406495245,-2.584012736486403,-1.2055739844644526,4.178457895923241,3416.25
2734,-1.1942733275852502,-1.8642191022343049,-1.8252925073449122,-2.585491578156648,-1.207030566350346,4.180285759785112,3417.5
2735,-1.1950134133008865,-1.8662224797665659,-1.8225443776153927,-2.586241410626513,-1.2077691157193087,4.172878837162786,3418.75
2736,-1.1950134121134082,-1.8662224849800073,-1.8225443800067644,-2.586241408481567,-1.2077691202544414,4.157051303761964,3420.0
2737,-1.1950134101756689,-1.8662224934873552,-1.8225443839090294,-2.586241404981422,-1.2077691276549187,4.131223770361181,3421.25
2738,-1.1950134074876684,-1.8662225052886097,-1.822544389322188,-2.5862414001260774,-1.20776913792074,4.095396236960409,3422.5
2739,-1.1950134040494067,-1.8662225203837708,-1.82254439624624,-2.5862413939155338,-1.2077691510519057,4.049568703559589,3423.75
2740,-1.1950133994565473,-1.8662225391339748,-1.8225444035551166,-2.58624139058702,-1.2077691634562395,3.9937411783291816,3425.0
2741,-1.1950133939160263,-1.8662225613543955,-1.8225444118251328,-2.586241387971949,-1.2077691769721945,3.927913655437819,3426.25
2742,-1.195013391511123,-1.866222585204823,-1.822544427895614,-2.5862413624844143,-1.207769183682771,3.852086141742794,3427.5
2743,-1.195013392209695,-1.866222610699365,-1.8225444517136755,-2.5862413143060445,-1.207769183659559,3.7662586354405345,3428.75
2744,-1.1950133929642985,-1.8662226391448573,-1.822544478378762,-2.5862412602065117,-1.2077691834159765,3.6704311396534797,3430.0
2745,-1.195013399788173,-1.866222669097441,-1.822544508489977,-2.5862412008588267,-1.2077691897731264,3.564603650592238,3431.25
2746,-1.1950134161370034,-1.866222699721168,-1.8225445424098023,-2.586241136575326,-1.207769206607955,3.4487761698370996,3432.5
2747,-1.1950134340218874,-1.8662227329338748,-1.8225445792478012,-2.5862410668012643,-1.2077692250326817,3.3229486973245383,3433.75
2748,-1.1950134694914927,-1.8662227616901244,-1.82254461729596,-2.586241000601871,-1.2077692610416961,3.1871212309766954,3435.0
2749,-1.195013507572511,-1.866222792563554,-1.8225446581451288,-2.5862409295294957,-1.207769299702133,3.0412937646516585,3436.25
2750,-1.1950135633695427,-1.8662228148698448,-1.822544696403449,-2.586240869857583,-1.207769355976368,2.8854663053017457,3437.5
2751,-1.1950136251977574,-1.8662228356714152,-1.822544735109461,-2.5862408113286697,-1.2077694182705718,2.720019563436864,3438.75
2752,-1.1950136947522,-1.866222845463389,-1.8225447658362328,-2.5862407718741927,-1.207769488131341,2.5580944787255198,3440.0
2753,-1.1950137621358037,-1.8662228493880821,-1.8225447903663698,-2.5862407444354716,-1.2077695557226746,2.4061693940145314,3441.25
2754,-1.195013828042184,-1.8662228457274495,-1.8225448072963908,-2.5862407321397676,-1.2077696217121763,2.2642443093038276,3442.5
2755,-1.19501388916722,-1.866222838178705,-1.8225448190865023,-2.5862407287902873,-1.2077696828478062,2.132319224593453,3443.75
2756,-1.1950139454454944,-1.866222824770834,-1.8225448238603117,-2.5862407382281667,-1.207769739032453,2.010394139883206,3445.0
2757,-1.1950139971079632,-1.8662228124626477,-1.822544828242579,-2.586240746891976,-1.2077697906089733,1.8984690551733072,3446.25
2758,-1.1950140401586915,-1.8662227937703975,-1.8225448239501165,-2.586240770468913,-1.2077698334530298,1.7965439704635784,3447.5
2759,-1.195014078895225,-1.8662227767427018,-1.8225448198913279,-2.586240792087714,-1.2077698720002625,1.704618885754066,3448.75
2760,-1.1950141134178351,-1.8662227615673532,-1.822544816274068,-2.5862408113547306,-1.2077699063541651,1.6226938010447016,3450.0
2761,-1.1950141392962232,-1.866222744652548,-1.822544808346028,-2.5862408365383143,-1.2077699320174105,1.5507687163354507,3451.25
2762,-1.1950141607882634,-1.866222729450297,-1.8225448006745644,-2.586240859691911,-1.207769953312292,1.4888436316262914,3452.5
2763,-1.1950141788096522,-1.8662227167029903,-1.822544794241928,-2.58624087910654,-1.207769971168361,1.4369185469172194,3453.75
2764,-1.1950141933603895,-1.8662227064106263,-1.8225447890481208,-2.5862408947822004,-1.207769985585616,1.3949934622081226,3455.0
2765,-1.1950142044404748,-1.8662226985732038,-1.8225447850931435,-2.586240906718891,-1.2077699965640578,1.3630683774990997,3456.25
2766,-1.1950142120499085,-1.866222693190723,-1.8225447823769976,-2.5862409149166132,-1.207770004103686,1.34114329278998,3457.5
2767,-1.1950681105357324,-1.866370390372827,-1.822341075673383,-2.5862972918181355,-1.2078237850809288,1.329035628956206,3458.75
2768,-1.1963403646904633,-1.869857065547681,-1.8175323185675683,-2.5876280450259457,-1.2090932661784008,1.3247851140436435,3460.0
2769,-1.197434261889229,-1.872854955322266,-1.8133976889297587,-2.588772242933646,-1.210184780456006,1.3302907072390622,3461.25
2770,-1.1974384402938048,-1.8728664216433124,-1.813381879918876,-2.588776619942257,-1.2101889530952463,1.3436667085252907,3462.5
2771,-1.1974384330096859,-1.8728664281934322,-1.8133818798232872,-2.588776623637666,-1.2101889516637778,1.3670273450823605,3463.75
2772,-1.1974384226074508,-1.8728664375474655,-1.8133818796867804,-2.588776628914972,-1.2101889496195404,1.4003879816393066,3465.0
2773,-1.1974384090870989,-1.8728664497054122,-1.813381879509355,-2.588776635774173,-1.2101889469625333,1.4437486181962993,3466.25
2774,-1.1974383927699792,-1.872866464467545,-1.8133818798911125,-2.588776642040168,-1.2101889465465743,1.49710924409408,3467.5
2775,-1.1974383737020968,-1.872866481805271,-1.8133818809179663,-2.5887766474015566,-1.2101889487802313,1.5604698606239236,3468.75
2776,-1.1974383488961342,-1.872866499744629,-1.8133818828496235,-2.588776645804552,-1.2101889411135776,1.6338304720367516,3470.0
2777,-1.1974383141240614,-1.8728665149778831,-1.8133818868369516,-2.5887766251560578,-1.210188907659933,1.717191071962687,3471.25
2778,-1.197438275162699,-1.8728665320251987,-1.8133818913519173,-2.588776601819582,-1.2101888700376457,1.8105516643451365,3472.5
2779,-1.197438231271146,-1.8728665495711898,-1.8133818948104634,-2.5887765789654504,-1.210188827297922,1.9139122497920091,3473.75
2780,-1.1974381792523814,-1.8728665619442544,-1.8133818903978036,-2.588776570206548,-1.2101887753157599,2.0272728255079,3475.0
2781,-1.1974381226435298,-1.8728665754100196,-1.8133818855920665,-2.5887765606893347,-1.210188718736375,2.1506333924524004,3476.25
2782,-1.1974380611678686,-1.8728665814014547,-1.813381872194885,-2.5887765671832135,-1.2101886572062583,2.283993953696115,3477.5
2783,-1.1974379949924323,-1.8728665850637434,-1.8133818551328424,-2.5887765796074245,-1.2101885909450671,2.4273545133860903,3478.75
2784,-1.1974379281326355,-1.8728665792472876,-1.8133818288966992,-2.5887766106468413,-1.2101885238467718,2.580715068116934,3480.0
2785,-1.1974378583805176,-1.8728665694186717,-1.8133817979701354,-2.588776650334049,-1.2101884537857803,2.74407561655133,3481.25
2786,-1.197437798976185,-1.87286654694446,-1.8133817582957703,-2.588776711535399,-1.2101883938912559,2.908437353194749,3482.5
2787,-1.1974377461439707,-1.8728665234765067,-1.8133817197200415,-2.5887767727273596,-1.2101883405670517,3.0628254882864216,3483.75
2788,-1.1974377086637042,-1.8728664930955254,-1.8133816793689466,-2.5887768428185614,-1.2101883025167,3.207213623377829,3485.0
2789,-1.197437675884311,-1.8728664638940782,-1.8133816415910897,-2.58877690923035,-1.2101882691963708,3.3416017584690763,3486.25
2790,-1.1974376584256343,-1.872866431207699,-1.8133816052696403,-2.5887769778901877,-1.2101882511737734,3.465989893559913,3487.5
2791,-1.1974376423705226,-1.8728664011491005,-1.8133815718681918,-2.58877704103022,-1.2101882346000763,3.580378028650628,3488.75
2792,-1.197437637542408,-1.8728663713806548,-1.8133815422230686,-2.5887771002922317,-1.2101882292823167,3.6847661637409,3490.0
2793,-1.1974376366209871,-1.8728663436443296,-1.8133815157110564,-2.5887771544527847,-1.210188227912409,3.7791542988311044,3491.25
2794,-1.1974376357971865,-1.8728663188465475,-1.8133814920078692,-2.5887772028752694,-1.2101882266876365,3.8635424339211353,3492.5
2795,-1.1974376406923697,-1.872866296676242,-1.8133814725628075,-2.5887772445045822,-1.2101882312365073,3.937930569010993,3493.75
2796,-1.1974376485234626,-1.872866277287416,-1.8133814566583413,-2.588777279863093,-1.2101882387724103,4.00231870410082,3495.0
2797,-1.197437655138323,-1.8728662609098334,-1.813381443223966,-2.58877730973014,-1.2101882451379264,4.0567068391905305,3496.25
2798,-1.1974376605369514,-1.8728662475434945,-1.813381432259682,-2.588777334105723,-1.2101882503330557,4.1010949742802385,3497.5
2799,-1.1974376647193476,-1.872866237188397,-1.8133814237654915,-2.588777352989843,-1.2101882543577982,4.1354831093699005,3498.75
2800,-1.1974376676855114,-1.872866229844541,-1.8133814177413943,-2.588777366382499,-1.2101882572121538,4.159871244459632,3500.0
2801,-1.1974376694354432,-1.8728662255119262,-1.8133814141873905,-2.588777374283691,-1.2101882588961221,4.1742593795493175,3501.25
2802,-1.198362546387068,-1.8754324051138367,-1.8098232650426975,-2.5897756061991037,-1.2111110252290225,4.180575892540984,3502.5
2803,-1.199706528264713,-1.8791614480762326,-1.8046527499321061,-2.591226179665348,-1.2124519413014057,4.177338618426839,3503.75
2804,-1.199829680772993,-1.879503155716315,-1.8041789608220002,-2.591359098917702,-1.2125748167544501,4.166073217185318,3505.0
2805,-1.1998296792055785,-1.8795031625187195,-1.8041789639207066,-2.5913590962533624,-1.2125748225657946,4.145209721676499,3506.25
2806,-1.1998296768868926,-1.879503172581558,-1.804178968504642,-2.591359092311988,-1.2125748311625522,4.114346226167778,3507.5
2807,-1.1998296738169352,-1.8795031859048303,-1.8041789745738064,-2.5913590870935796,-1.2125748425447223,4.0734827306590375,3508.75
2808,-1.1998296698565962,-1.8795032026113,-1.8041789817455214,-2.5913590820288674,-1.212574855463979,4.022619238032684,3510.0
2809,-1.199829664730598,-1.879503222943896,-1.8041789892625264,-2.591359079949043,-1.2125748674500798,3.961755752763337,3511.25
2810,-1.1998296591521183,-1.8795032464448163,-1.8041789986599581,-2.5913590753204425,-1.2125748805719379,3.8908922684633573,3512.5
2811,-1.1998296598030243,-1.879503270158911,-1.8041790210025086,-2.5913590303034866,-1.2125748805378975,3.810028799798518,3513.75
2812,-1.1998296605245558,-1.8795032967976026,-1.8041790461374447,-2.5913589795947027,-1.2125748804140812,3.719165335549643,3515.0
2813,-1.1998296613064232,-1.8795033263525394,-1.8041790740954067,-2.59135892306398,-1.2125748801112786,3.61830187935613,3516.25
2814,-1.1998296756126496,-1.879503355577013,-1.8041791062866657,-2.59135886196022,-1.2125748947499155,3.50743843394081,3517.5
2815,-1.1998296924722425,-1.8795033871309257,-1.8041791415207755,-2.591358795434319,-1.2125749121241787,3.3865749958121807,3518.75
2816,-1.1998297188128642,-1.8795034177512464,-1.8041791788054962,-2.591358727963759,-1.2125749390045581,3.255711564230726,3520.0
2817,-1.1998297551620065,-1.879503447206897,-1.804179218083158,-2.59135865985069,-1.2125749759125242,3.114848135737909,3521.25
2818,-1.1998298013467887,-1.8795034736283849,-1.8041792575398317,-2.591358594732581,-1.2125750226271217,2.9639847105520625,3522.5
2819,-1.1998298585580511,-1.8795034961744204,-1.8041792967473387,-2.591358533894214,-1.212575080327724,2.8031212919535227,3523.75
2820,-1.1998299241563672,-1.8795035099609514,-1.8041793302473945,-2.5913584876248645,-1.2125751462917824,2.6404013143753593,3525.0
2821,-1.1998299890183028,-1.8795035191067813,-1.8041793591120727,-2.5913584506082366,-1.2125752114427295,2.487586098735661,3526.25
2822,-1.1998300538455915,-1.8795035172356902,-1.8041793775055956,-2.5913584350499588,-1.2125752763806197,2.344770883096489,3527.5
2823,-1.199830114788682,-1.8795035138745273,-1.8041793932757948,-2.591358423543061,-1.2125753374017498,2.2119556674574827,3528.75
2824,-1.199830170887829,-1.8795035030894844,-1.804179400490027,-2.591358427923915,-1.2125753934482335,2.0891404518187198,3530.0
2825,-1.1998302223419075,-1.8795034908588648,-1.8041794048864555,-2.591358436494878,-1.212575444816153,1.9763252361802452,3531.25
2826,-1.1998302683452238,-1.8795034780470956,-1.8041794070351622,-2.5913584478116873,-1.2125754907120558,1.8735100205418727,3532.5
2827,-1.1998303069913498,-1.879503461086446,-1.8041794029554992,-2.591358469384762,-1.2125755291676177,1.7806948049038236,3533.75
2828,-1.1998303414737066,-1.8795034459531554,-1.8041793993153794,-2.591358488633534,-1.212575563479942,1.6978795892658733,3535.0
2829,-1.1998303717922933,-1.8795034326472224,-1.8041793961148052,-2.591358505558003,-1.2125755936490277,1.6250643736281145,3536.25
2830,-1.1998303944167317,-1.8795034183077712,-1.8041793895390037,-2.5913585267734565,-1.2125756160905137,1.5622491579904543,3537.5
2831,-1.1998304125286492,-1.8795034055130633,-1.8041793830259047,-2.591358546318102,-1.2125756340346774,1.5094339423528438,3538.75
2832,-1.1998304272112676,-1.8795033951408975,-1.804179377745992,-2.591358562162176,-1.2125756485813046,1.466618726715264,3540.0
2833,-1.199830438464587,-1.8795033871912752,-1.804179373699263,-2.59135857430568,-1.2125756597303954,1.4338035110776874,3541.25
2834,-1.1998304462886074,-1.8795033816641946,-1.8041793708857208,-2.5913585827486125,-1.2125756674819492,1.4109882954400428,3542.5
2835,-1.1998304506833284,-1.8795033785596553,-1.8041793693053656,-2.5913585874909746,-1.2125756718359662,1.3981730798024439,3543.75
2836,-1.1994604196354355,-1.8784899860050939,-1.805633389849161,-2.5909154948136406,-1.2122068035756408,1.3946380707774528,3545.0
2837,-1.1992040198782687,-1.877787801159897,-1.8066408917388768,-2.5906084699346423,-1.2119512095468323,1.3999907904101638,3546.25
2838,-1.1990794657649855,-1.8774467077602028,-1.8071303018082838,-2.5904593236042954,-1.2118270468669743,1.4149571687322942,3547.5
2839,-1.1988716890372513,-1.8768777079209198,-1.8079467182240982,-2.5902105230174968,-1.2116199231145137,1.4399235470544256,3548.75
2840,-1.1985806896950664,-1.8760808016420494,-1.8090901409863176,-2.5898620681742472,-1.2113298382894513,1.4748899253764733,3550.0
2841,-1.1982038115845228,-1.875055612201146,-1.8105572506360579,-2.5894176295883717,-1.2109541212154633,1.5198563773146325,3551.25
2842,-1.1977409842260671,-1.8738021300613088,-1.8123479581774415,-2.588877305111045,-1.210492701012829,1.5748228835771871,3552.5
2843,-1.1971939551618949,-1.872320603203866,-1.8144644473016749,-2.5882386799568033,-1.2099473351068908,1.6397893898397977,3553.75
2844,-1.19655912639026,-1.8706104557160026,-1.8169023680468928,-2.587506643833969,-1.209314407408893,1.7147560036311869,3555.0
2845,-1.1958380332327783,-1.868671933712442,-1.819663575881994,-2.586679110591171,-1.208595460957299,1.799722662105304,3556.25
2846,-1.1950276353291067,-1.8665045060928356,-1.8227444899316052,-2.585760162138697,-1.2077874389716023,1.8946894431478813,3557.5
2847,-1.1941295462154409,-1.8641084456051285,-1.8261470302049452,-2.5847476217551137,-1.206891963526861,1.9996562865845915,3558.75
2848,-1.193138283044843,-1.861482742172262,-1.8298648552598826,-2.583648786364232,-1.2059035234025728,2.114623332626392,3560.0
2849,-1.192055645722303,-1.858627668519459,-1.8339001762680844,-2.5824611897589045,-1.2048239282286701,2.23959051388877,3561.25
2850,-1.190879731169766,-1.8555428330150399,-1.838250882564008,-2.5811873150859874,-1.203651265349785,2.3745578634077336,3562.5
2851,-1.1896083918306013,-1.8522277577637882,-1.842914671592604,-2.579829921027126,-1.2023833766412524,2.5195254157809592,3563.75
2852,-1.1882394298181318,-1.8486819136418526,-1.8478892754157459,-2.578391782180407,-1.2010180536695312,2.6744932004047564,3565.0
2853,-1.1867946241945955,-1.8449660797987721,-1.8530868889470449,-2.576900067149847,-1.1995770039013642,2.8367832045164194,3566.25
2854,-1.1854069564714127,-1.8414233456895857,-1.858026995102878,-2.57549311588928,-1.1981928600596787,2.9914015495372057,3567.5
2855,-1.1840994449043682,-1.8381074539109434,-1.8626376503288617,-2.574189294764812,-1.1968885982865516,3.136020102856275,3568.75
2856,-1.1828741961069766,-1.8350188420412623,-1.8669211828052776,-2.5729858592110633,-1.1956663357735204,3.270638823849513,3570.0
2857,-1.1817333688138196,-1.8321579993677313,-1.8708798873751302,-2.571880047020072,-1.1945282418183645,3.3952576750621453,3571.25
2858,-1.1806791753124417,-1.8295254672627346,-1.8745160265631187,-2.570869076972866,-1.1934765392619056,3.5098766228721328,3572.5
2859,-1.1797090917598347,-1.827120534321172,-1.8778272292025817,-2.569956005257062,-1.1925086928611504,3.6144957132029774,3573.75
2860,-1.1788292661179156,-1.8249448042994179,-1.880819560951618,-2.5691332260116924,-1.1916308792303205,3.7091148439561374,3575.0
2861,-1.1780381416312564,-1.8229978528882733,-1.8834915267861974,-2.568402642374134,-1.190841534483114,3.793734049130203,3576.25
2862,-1.1773386934009435,-1.8212804759354302,-1.88584601764485,-2.56776059842334,-1.1901436474505849,3.868353281968023,3577.5
2863,-1.1767295354916216,-1.8197922845198662,-1.8878817277355724,-2.5672087743870815,-1.1895358259259963,3.932972571435613,3578.75
2864,-1.1762146463237775,-1.8185343945247976,-1.8896024064931565,-2.566742346529087,-1.1890220663339364,3.987591860903101,3580.0
2865,-1.175792514302634,-1.8175063700379135,-1.8910066563045458,-2.5663631325023895,-1.1886008503215015,4.0322111722472895,3581.25
2866,-1.1754634410787381,-1.8167082978803664,-1.8920947564080997,-2.5660707694151945,-1.188272480888397,4.066830509399766,3582.5
2867,-1.1752294225990871,-1.8161407535789806,-1.8928685523703686,-2.565862857132447,-1.188038962905411,4.09144984655222,3583.75
2868,-1.1750904588636817,-1.815803737133756,-1.8933280441913523,-2.5657393956541465,-1.1879002963725434,4.10606918370465,3585.0
2869,-1.1747644044514385,-1.815014456711928,-1.8944032837821976,-2.5654511195773773,-1.1875749357295122,4.111084194649841,3586.25
2870,-1.1743764985591698,-1.814075949896943,-1.8956815188156753,-2.565108633862246,-1.1871878540058558,4.107140493358209,3587.5
2871,-1.1743761866026632,-1.814075863884331,-1.8956812376431387,-2.5651089973797863,-1.1871875410907646,4.0938183708790845,3588.75
2872,-1.1743756404818877,-1.8140757133079746,-1.8956807454137405,-2.565109633764912,-1.1871869932918615,4.070496248400002,3590.0
2873,-1.174374860193824,-1.814075498171215,-1.8956800421176938,-2.5651105430543617,-1.1871862105824214,4.03717412676989,3591.25
2874,-1.1743738456165054,-1.8140752186087812,-1.895679127360181,-2.5651117267299,-1.187185191884506,3.9938520323459583,3592.5
2875,-1.1743725968452197,-1.8140748745152027,-1.8956780014500159,-2.5651131836321963,-1.1871839380414695,3.9405299379220042,3593.75
2876,-1.174371540049079,-1.8140745889626877,-1.8956770536490621,-2.565114406000504,-1.1871828769617658,3.8772078486982435,3595.0
2877,-1.1743715407598652,-1.8140746119057818,-1.895677074532008,-2.56511436259382,-1.187182877709706,3.803885773237583,3596.25
2878,-1.174371541563636,-1.8140746379756207,-1.8956770982719822,-2.565114313227642,-1.1871828785270697,3.7205637000433542,3597.5
2879,-1.1743715424567787,-1.8140746671700676,-1.8956771248771278,-2.565114257865904,-1.1871828793840997,3.627241630691252,3598.75
2880,-1.1743715553523353,-1.8140746965945616,-1.8956771554298175,-2.5651141982114236,-1.1871828926530188,3.5239195709688245,3600.0
2881,-1.1743715721489123,-1.8140747282210152,-1.8956771891844117,-2.5651141331464964,-1.187182909953331,3.410597517331781,3601.25
2882,-1.1743715950800269,-1.8140747605751255,-1.895677225448503,-2.5651140649414517,-1.1871829334170525,3.2872754708104086,3602.5
2883,-1.1743716316393324,-1.8140747903338144,-1.895677263464795,-2.5651139977928366,-1.1871829705067873,3.1539534319767095,3603.75
2884,-1.1743716738427163,-1.8140748202558639,-1.8956773033322716,-2.565113928714133,-1.18718301325468,3.010631396247411,3605.0
2885,-1.1743717317957052,-1.8140748431370226,-1.8956773415678214,-2.5651138685224053,-1.187183071676307,2.8573093627361663,3606.25
2886,-1.174371797746052,-1.8140748624180747,-1.8956773789522179,-2.565113812890404,-1.1871831380568176,2.6942060081387296,3607.5
2887,-1.1743718700905164,-1.8140748725486229,-1.8956774099688172,-2.565113772845622,-1.1871832107049602,2.533841496143908,3608.75
2888,-1.174371940994837,-1.8140748743954203,-1.8956774330394763,-2.565113748985673,-1.1871832817835704,2.3834769841494143,3610.0
2889,-1.1743720094534944,-1.814074870463843,-1.8956774501325375,-2.565113736829018,-1.187183350323291,2.2431124721550577,3611.25
2890,-1.1743720728335285,-1.8140748606729804,-1.89567746038012,-2.565113737285146,-1.187183413684502,2.1127479601611716,3612.5
2891,-1.174372131186671,-1.8140748465996759,-1.8956774652276502,-2.5651137473370245,-1.1871834719431067,1.9923834481674856,3613.75
2892,-1.1743721840935384,-1.8140748325692426,-1.8956774684705815,-2.5651137588699258,-1.1871835247448674,1.8820189361741284,3615.0
2893,-1.1743722285159208,-1.8140748128614075,-1.8956774640052154,-2.565113783646514,-1.1871835689580132,1.7816544241808905,3616.25
2894,-1.1743722685122004,-1.8140747951172016,-1.8956774599847594,-2.5651138059544425,-1.187183608765904,1.6912899121878966,3617.5
2895,-1.1743723040823757,-1.8140747793366225,-1.8956774564092174,-2.5651138257937114,-1.1871836441685386,1.610925400195005,3618.75
2896,-1.1743723297600144,-1.8140747610700927,-1.8956774475943607,-2.5651138532043865,-1.1871836696203135,1.5405608882022155,3620.0
2897,-1.1743723517664726,-1.8140747453816828,-1.8956774400094218,-2.5651138767598494,-1.1871836914326888,1.4801963762095567,3621.25
2898,-1.1743723701273359,-1.8140747322922208,-1.895677433681003,-2.5651138964131097,-1.1871837096316216,1.4298318642169512,3622.5
2899,-1.174372384842604,-1.8140747218017053,-1.895677428609107,-2.565113912164166,-1.1871837242171106,1.3894673522243828,3623.75
2900,-1.1743723959122767,-1.8140747139101348,-1.8956774247937345,-2.5651139240130183,-1.187183735189156,1.3591028402318028,3625.0
2901,-1.1743724033363538,-1.8140747086175093,-1.8956774222348856,-2.5651139319596665,-1.187183742547758,1.338738328239183,3626.25
2902,-1.1745707085777122,-1.8145667009941087,-1.8950278551551987,-2.5652729304772373,-1.1873817610189108,1.3278570851768874,3627.5
2903,-1.176145885114025,-1.8184747883445802,-1.8898681297611606,-2.566535878109978,-1.1889546599930623,1.32527733139343,3628.75
2904,-1.1770786983655914,-1.8207891513552494,-1.886812552116922,-2.5672837931623746,-1.1898861263819225,1.3321355538636874,3630.0
2905,-1.1770786934548887,-1.8207891558118234,-1.8868125521368098,-2.567283795306256,-1.189886125786827,1.3473417688329397,3631.25
2906,-1.1770786853147808,-1.820789163199156,-1.8868125521697756,-2.56728379886001,-1.1898861248003811,1.372547983802182,3632.5
2907,-1.1770786739452679,-1.8207891735172466,-1.8868125522158206,-2.567283803823636,-1.1898861234225853,1.4077541987713573,3633.75
2908,-1.1770786593463503,-1.820789186766096,-1.8868125522749442,-2.567283810197133,-1.1898861216534393,1.4529604137406076,3635.0
2909,-1.1770786419739412,-1.8207892026470054,-1.8868125532464346,-2.5672838146280696,-1.189886123377558,1.5081666267764702,3636.25
2910,-1.1770786216521707,-1.8207892212751986,-1.886812554783389,-2.5672838184096562,-1.1898861270964392,1.57337283903535,3637.5
2911,-1.177078593409775,-1.8207892392617582,-1.886812557502076,-2.5672838106545486,-1.1898861131625411,1.6485790432552678,3638.75
2912,-1.1770785560847452,-1.8207892557604821,-1.8868125616313196,-2.567283788431984,-1.189886077168073,1.7337852391401978,3640.0
2913,-1.1770785143516824,-1.820789274179318,-1.8868125663070066,-2.5672837633280814,-1.1898860367215218,1.8289914255484172,3641.25
2914,-1.177078466575855,-1.8207892915836141,-1.8868125680956294,-2.5672837423981383,-1.1898859898282472,1.9341976052632854,3642.5
2915,-1.177078411063692,-1.820789304945613,-1.8868125634839439,-2.5672837328082023,-1.1898859343494965,2.0494037765602493,3643.75
2916,-1.177078350731687,-1.8207893194687685,-1.886812558467819,-2.5672837224018066,-1.189885874043616,2.1746099391499247,3645.0
2917,-1.1770782852194117,-1.8207893238410675,-1.8868125426337259,-2.5672837329033973,-1.1898858084569999,2.309816095979647,3646.25
2918,-1.1770782148401273,-1.8207893278572798,-1.8868125250025916,-2.567283745488149,-1.1898857379922694,2.455022252361309,3647.5
2919,-1.177078144809222,-1.820789319207172,-1.8868124959547958,-2.567283782122348,-1.189885667683763,2.610228402477008,3648.75
2920,-1.1770780724429237,-1.8207893069142753,-1.8868124628868248,-2.5672838263742643,-1.1898855949792775,2.775258918128165,3650.0
2921,-1.1770780113817114,-1.8207892827841854,-1.8868124224688079,-2.5672838899479,-1.1898855334215568,2.9378145653775594,3651.25
2922,-1.1770779594180811,-1.8207892563327484,-1.8868123826901628,-2.5672839553320475,-1.1898854809446302,3.0903702126264534,3652.5
2923,-1.1770779205694968,-1.820789224697416,-1.8868123421616336,-2.567284026830099,-1.189885441530362,3.2329258598752197,3653.75
2924,-1.1770778896177572,-1.8207891929887847,-1.8868123039545224,-2.5672840961970644,-1.1898854100281513,3.3654815071235706,3655.0
2925,-1.177077871562842,-1.8207891589905036,-1.8868122675645784,-2.5672841662215413,-1.1898853914143206,3.4880371543715807,3656.25
2926,-1.177077854981128,-1.820789127766339,-1.8868122341438864,-2.56728423053233,-1.1898853743192968,3.6005928016195234,3657.5
2927,-1.1770778526772812,-1.8207890962329092,-1.8868122047596634,-2.567284291327022,-1.1898853715269364,3.703148448867159,3658.75
2928,-1.177077851734139,-1.8207890675006806,-1.8868121783353207,-2.5672843463887185,-1.1898853701410688,3.7957040961146835,3660.0
2929,-1.177077850892897,-1.8207890418727743,-1.886812154765943,-2.567284395501378,-1.1898853689049342,3.878259743361923,3661.25
2930,-1.177077857802225,-1.820789018912762,-1.8868121359675607,-2.567284437297727,-1.1898853754763334,3.950815390609101,3662.5
2931,-1.1770778657946892,-1.8207889990010808,-1.8868121202699508,-2.5672844729696327,-1.189885383179874,4.013371037856166,3663.75
2932,-1.1770778725094966,-1.8207889822724361,-1.8868121070817225,-2.5672845029391107,-1.1898853896519441,4.065926685103178,3665.0
2933,-1.1770778779466475,-1.8207889687268275,-1.8868120964028763,-2.5672845272061613,-1.1898853948925443,4.108482332350151,3666.25
2934,-1.1770778821061416,-1.8207889583642531,-1.8868120882334143,-2.567284545770784,-1.1898853989016747,4.1410379795971375,3667.5
2935,-1.1770778849879793,-1.820788951184713,-1.8868120825733363,-2.567284558632979,-1.1898854016793352,4.163593626844106,3668.75
2936,-1.1771074988682326,-1.8208633202962063,-1.8867133043667286,-2.5673091788576046,-1.1899149701511396,4.176240058034472,3670.0
2937,-1.1784458610079982,-1.824224701234482,-1.8822490479998506,-2.568421595969011,-1.1912512826208368,4.1809573507247375,3671.25
2938,-1.179731144516528,-1.8274527774327298,-1.877961840074909,-2.5694898926811183,-1.1925345997214818,4.175862399040322,3672.5
2939,-1.1797463031267341,-1.8274908561569887,-1.8779112756409793,-2.569502490871908,-1.1925497401239344,4.162839072469212,3673.75
2940,-1.1797463014085534,-1.8274908639868224,-1.8779112792771988,-2.5695024871732337,-1.192549747241809,4.139863714331771,3675.0
2941,-1.1797462989425362,-1.8274908752245826,-1.8779112844960792,-2.569502481864715,-1.1925497574577308,4.1068883561944265,3676.25
2942,-1.179746295728683,-1.8274908898702698,-1.8779112912976201,-2.5695024749463524,-1.1925497707717,4.063912998057091,3677.5
2943,-1.1797462915152468,-1.8274909081565225,-1.8779112989546478,-2.569502469207114,-1.1925497850143678,4.010937642557455,3678.75
2944,-1.179746286223054,-1.8274909301565052,-1.8779113072384706,-2.5695024655241143,-1.1925497995034866,3.9479622897517115,3680.0
2945,-1.1797462819730438,-1.827490954846259,-1.8779113198687958,-2.5695024507197664,-1.1925498116140343,3.874986941328277,3681.25
2946,-1.1797462826723195,-1.8274909805578434,-1.877911343136483,-2.569502402926158,-1.1925498116343383,3.7920116048839208,3682.5
2947,-1.1797462834373502,-1.827491009356099,-1.877911369253744,-2.5695023491735354,-1.1925498115030035,3.699036275223126,3683.75
2948,-1.1797462861620018,-1.8274910407771237,-1.8779113984218625,-2.569502289616498,-1.1925498133278103,3.59606095232662,3685.0
2949,-1.179746302697137,-1.8274910719224327,-1.8779114318878378,-2.5695022252747193,-1.1925498303334985,3.4830856396082313,3686.25
2950,-1.179746320697495,-1.82749110582357,-1.877911468319037,-2.5695021552266706,-1.1925498488582846,3.3601103351606105,3687.5
2951,-1.1797463522359095,-1.82749113714027,-1.8779115064744605,-2.569502086286115,-1.192549880937225,3.2271350363937192,3688.75
2952,-1.179746390958724,-1.827491168683204,-1.8779115470053545,-2.569502014874236,-1.1925499202300665,3.0841597394060467,3690.0
2953,-1.179746443391783,-1.8274911945973278,-1.8779115865532852,-2.569501950263131,-1.1925499731727656,2.9311844471851263,3691.25
2954,-1.1797465042320905,-1.8274912186591605,-1.8779116269584684,-2.5695018867671844,-1.1925500345105757,2.768209161384939,3692.5
2955,-1.179746576512824,-1.8274912302827706,-1.877911659477315,-2.569501843730832,-1.1925501071207345,2.603504350990196,3693.75
2956,-1.179746646150366,-1.8274912383111457,-1.8779116879131466,-2.569501808323407,-1.1925501770267646,2.4487174958795697,3695.0
2957,-1.1797467158915849,-1.8274912343559033,-1.8779117054413794,-2.569501795775248,-1.1925502468518914,2.303930640769447,3696.25
2958,-1.1797467807796285,-1.8274912295672232,-1.8779117207378015,-2.569501786217922,-1.1925503118009066,2.169143785659568,3697.5
2959,-1.1797468405272078,-1.8274912152012939,-1.8779117257337299,-2.5695017964352216,-1.192550371451087,2.044356930549979,3698.75
2960,-1.1797468954868198,-1.8274912019866085,-1.8779117303292927,-2.5695018058337435,-1.1925504263211049,1.9295700754406235,3700.0
2961,-1.1797469426844254,-1.8274911843225885,-1.8779117285106885,-2.5695018259680413,-1.1925504733443755,1.8247832203313419,3701.25
2962,-1.1797469841179091,-1.8274911659715611,-1.8779117243178458,-2.569501849076048,-1.1925505145809532,1.729996365222425,3702.5
2963,-1.1797470211801675,-1.8274911495565687,-1.877911720567343,-2.5695018697461647,-1.1925505514670796,1.645209510113586,3703.75
2964,-1.1797470507781225,-1.8274911325580205,-1.877911714021712,-2.5695018936824656,-1.1925505808643955,1.5704226550048737,3705.0
2965,-1.1797470741036598,-1.8274911159468137,-1.8779117059284804,-2.5695019186869428,-1.1925506039822347,1.5056357998963241,3706.25
2966,-1.1797470938288468,-1.8274911018995856,-1.877911699084456,-2.5695019398319223,-1.1925506235317829,1.4508489447877884,3707.5
2967,-1.1797471099536847,-1.8274910904163373,-1.8779116934896385,-2.5695019571174034,-1.1925506395130396,1.406062089679358,3708.75
2968,-1.1797471224781715,-1.8274910814970666,-1.8779116891440306,-2.569501970543386,-1.1925506519260047,1.3712752345709163,3710.0
2969,-1.1797471314023082,-1.827491075141773,-1.8779116860476326,-2.5695019801098695,-1.192550660770678,1.3464883794624347,3711.25
2970,-1.1797471367260943,-1.8274910713504569,-1.8779116842004442,-2.5695019858168546,-1.1925506660470593,1.3317015243539412,3712.5
2971,-1.1807212387696246,-1.8299677172792055,-1.874603194440279,-2.570340726032705,-1.1935231911027582,1.3251422443994625,3713.75
2972,-1.1822239365639677,-1.8337883283873204,-1.8694993408452836,-2.5716346085924893,-1.1950234570540819,1.3280973459590832,3715.0
2973,-1.182378560132952,-1.8341814709819744,-1.8689741562189779,-2.5717677501987533,-1.1951778333574823,1.3392402901728937,3716.25
2974,-1.182378553502742,-1.8341814769868587,-1.8689741562086557,-2.57176775323001,-1.1951778324126057,1.3599476306495817,3717.5
2975,-1.1823785436706675,-1.8341814858916248,-1.8689741561933488,-2.571767757725122,-1.195177831011429,1.3906549711261458,3718.75
2976,-1.1823785306367287,-1.8341814976962731,-1.8689741561730577,-2.57176776368409,-1.1951778291539519,1.4313623116027567,3720.0
2977,-1.1823785145616488,-1.8341815122974388,-1.8689741564592803,-2.571767769953556,-1.1951778282239904,1.4820696487601255,3721.25
2978,-1.182378495803965,-1.8341815294645394,-1.8689741577468983,-2.5717677739606457,-1.195177831308516,1.5427769766933639,3722.5
2979,-1.1823784735899603,-1.8341815491872868,-1.8689741593263762,-2.571767777669525,-1.1951778335148828,1.6134843039419173,3723.75
2980,-1.182378438672799,-1.8341815645974182,-1.8689741632101775,-2.5717677569005013,-1.195177799864416,1.694191615392437,3725.0
2981,-1.1823783994182016,-1.8341815819100182,-1.8689741676013998,-2.57176773344324,-1.1951777619520438,1.7848989227367702,3726.25
2982,-1.1823783558130356,-1.8341816011168632,-1.8689741725311988,-2.5717677071611567,-1.1951777196678168,1.8856062220219225,3727.5
2983,-1.182378303577739,-1.8341816145657464,-1.8689741690589479,-2.5717676962360843,-1.1951776676009698,1.996313510731744,3728.75
2984,-1.1823782461311625,-1.8341816283532786,-1.8689741642528797,-2.571767686390637,-1.1951776101841103,2.117020792179613,3730.0
2985,-1.1823781837403802,-1.834181637525613,-1.8689741537071143,-2.5717676868402384,-1.1951775477679505,2.247728067120292,3731.25
2986,-1.1823781163816336,-1.8341816413240215,-1.8689741367199149,-2.5717676990416116,-1.1951774803258255,2.388435338936876,3732.5
2987,-1.1823780468152596,-1.8341816389682997,-1.8689741134251732,-2.5717677236535925,-1.1951774105770414,2.5391426075310393,3733.75
2988,-1.1823779756540462,-1.8341816289322037,-1.8689740826112562,-2.5717677634182903,-1.1951773391118723,2.699849869466075,3735.0
2989,-1.1823779102393177,-1.8341816090296277,-1.8689740445055008,-2.571767820399279,-1.1951772732521424,2.8658948833145583,3736.25
2990,-1.1823778519712167,-1.8341815859693664,-1.86897400567861,-2.5717678813565144,-1.1951772145049566,3.0229460151005316,3737.5
2991,-1.1823778108033698,-1.8341815548470013,-1.8689739646622843,-2.571767952797049,-1.1951771727687306,3.1699971468862036,3738.75
2992,-1.1823777739134047,-1.8341815247888802,-1.868973925920538,-2.571768020965286,-1.1951771353358112,3.307048278671463,3740.0
2993,-1.182377753314093,-1.8341814909059695,-1.868973888624804,-2.571768091743783,-1.195177114168245,3.434099410456534,3741.25
2994,-1.1823777362809795,-1.834181458829272,-1.8689738540670802,-2.5717681580360647,-1.1951770966023192,3.55115054224132,3742.5
2995,-1.1823777272693166,-1.8341814279164512,-1.868973823012618,-2.5717682197836447,-1.1951770870926257,3.658201674025918,3743.75
2996,-1.1823777262911692,-1.8341813981646082,-1.8689737954624326,-2.571768276988578,-1.1951770856512105,3.755252805810304,3745.0
2997,-1.1823777254138088,-1.8341813714783548,-1.8689737707509702,-2.571768328299203,-1.1951770843583165,3.842303937594446,3746.25
2998,-1.1823777279120786,-1.8341813476730344,-1.8689737497040855,-2.571768373122476,-1.1951770864927589,3.9193550693784274,3747.5
2999,-1.182377736372438,-1.8341813266028109,-1.8689737329740306,-2.571768410990015,-1.1951770946441331,3.986406201162394,3748.75
3000,-1.1823777435710203,-1.834181308674999,-1.8689737187390945,-2.5717684432099928,-1.195177101579812,4.043457332946193,3750.0
3001,-1.1823777495078254,-1.8341812938896012,-1.868973706999274,-2.571768469782409,-1.1951771072997959,4.0905084647300125,3751.25
3002,-1.182377754182853,-1.834181282246614,-1.868973697754573,-2.5717684907072638,-1.1951771118040841,4.127559596513787,3752.5
3003,-1.1823777575961034,-1.8341812737460375,-1.8689736910049919,-2.571768505984557,-1.1951771150926775,4.154610728297572,3753.75
3004,-1.1823777597475766,-1.8341812683878718,-1.8689736867505307,-2.571768515614288,-1.1951771171655754,4.171661860081398,3755.0
3005,-1.1829783174925188,-1.8357270032515136,-1.8668968531715102,-2.5723038367852946,-1.1957766489466022,4.179974391024803,3756.25
3006,-1.1845584775669957,-1.839794084372408,-1.8614323795532417,-2.5737123397600348,-1.1973541102463672,4.179295720507505,3757.5
3007,-1.184972843144739,-1.84086060047254,-1.8599994289630712,-2.574081690807734,-1.197767771487644,4.1699293352222355,3758.75
3008,-1.1849728417650325,-1.8408606066815127,-1.8599994318187536,-2.574081688023075,-1.1977677770312527,4.151524355737935,3760.0
3009,-1.1849728396356882,-1.8408606162640142,-1.8599994362260173,-2.5740816837254235,-1.1977677855868776,4.123119376253703,3761.25
3010,-1.1849728367567065,-1.8408606292200442,-1.8599994421848627,-2.574081677914779,-1.1977677971545182,4.08471439676951,3762.5
3011,-1.1849728331116032,-1.8408606455645729,-1.8599994496484533,-2.5740816707696865,-1.1977678115906765,4.036309417417091,3763.75
3012,-1.1849728281938776,-1.8408606657575868,-1.8599994571776477,-2.574081667776322,-1.1977678244860324,3.9779044418399914,3765.0
3013,-1.1849728224341476,-1.840860689408014,-1.8599994659959778,-2.5740816642704383,-1.197767839589309,3.9094994662627887,3766.25
3014,-1.1849728217725097,-1.840860713963294,-1.8599994857342337,-2.574081626883649,-1.1977678427282452,3.8310945040472033,3767.5
3015,-1.184972822505226,-1.840860741011339,-1.859999510401192,-2.574081576366659,-1.1977678427042477,3.742689546243662,3768.75
3016,-1.184972823291712,-1.8408607710989044,-1.859999537933577,-2.57408151980831,-1.197767842432798,3.644284599286939,3770.0
3017,-1.1849728342403816,-1.8408608017758872,-1.8599995693561857,-2.5740814582546374,-1.1977678533173,3.5358796602095204,3771.25
3018,-1.1849728513603124,-1.8408608340189863,-1.8599996042378883,-2.574081391402892,-1.197767870936497,3.417474728878699,3772.5
3019,-1.1849728742327996,-1.8408608670831081,-1.8599996416227458,-2.5740813213247367,-1.1977678943483392,3.289069804846212,3773.75
3020,-1.1849729112599272,-1.8408608972579084,-1.8599996806406283,-2.574081252764223,-1.1977679319262546,3.150664885331061,3775.0
3021,-1.1849729546298127,-1.8408609270040721,-1.8599997211961163,-2.574081183188616,-1.1977679758532047,3.0022599675094495,3776.25
3022,-1.1849730130405443,-1.8408609501340665,-1.8599997602503904,-2.5740811219367625,-1.1977680347469033,2.8438550566148564,3777.5
3023,-1.184973079762623,-1.8408609681046744,-1.8599997970932822,-2.5740810681649924,-1.1977681018889306,2.6774981521714682,3778.75
3024,-1.1849731498923761,-1.8408609780144185,-1.859999827563921,-2.5740810288547147,-1.197768172320129,2.51814421770674,3780.0
3025,-1.1849732191369835,-1.8408609785483454,-1.8599998491459164,-2.5740810077698995,-1.1977682417182076,2.368790283242283,3781.25
3026,-1.184973285438712,-1.8408609748300846,-1.8599998659225663,-2.5740809956871407,-1.1977683081009698,2.2294363487780604,3782.5
3027,-1.1849733467497576,-1.840860964302301,-1.8599998749192257,-2.5740809981009223,-1.1977683693764616,2.100082414314081,3783.75
3028,-1.1849734031953085,-1.8408609507687976,-1.8599998796707955,-2.574081007684885,-1.1977684257294152,1.9807284798504385,3785.0
3029,-1.1849734538939638,-1.8408609364529043,-1.8599998819526793,-2.574081020433312,-1.1977684763112333,1.871374545387068,3786.25
3030,-1.1849734967908523,-1.8408609174851436,-1.8599998775818505,-2.5740810443574924,-1.19776851900243,1.77202061092391,3787.5
3031,-1.1849735353701587,-1.8408609004264966,-1.859999873650942,-2.5740810658737,-1.1977685573967478,1.6826666764609377,3788.75
3032,-1.184973569085054,-1.8408608848313255,-1.8599998695837356,-2.574081085994429,-1.197768590939266,1.6033127419980668,3790.0
3033,-1.1849735937481618,-1.8408608672871527,-1.8599998609677733,-2.57408111247295,-1.197768615380648,1.5339588075353578,3791.25
3034,-1.1849736148551473,-1.840860852272638,-1.859999853594129,-2.5740811351335884,-1.1977686362978779,1.4746048730726657,3792.5
3035,-1.1849736324060112,-1.8408608397877835,-1.8599998474627992,-2.5740811539763446,-1.1977686536909564,1.4252509386100871,3793.75
3036,-1.1849736464007523,-1.8408608298325868,-1.8599998425737871,-2.574081169001217,-1.1977686675598826,1.3858970041475145,3795.0
3037,-1.1849736568393712,-1.8408608224070473,-1.8599998389270938,-2.5740811802082066,-1.1977686779046564,1.356543069684987,3796.25
3038,-1.1849736637218675,-1.8408608175111651,-1.8599998365227188,-2.574081187597313,-1.197768684725278,1.337189135222306,3797.5
3039,-1.1852637334039193,-1.8416166163098968,-1.8589785664301188,-2.5743486844073473,-1.1980582323400355,1.3270879288696626,3798.75
3040,-1.1867962754039993,-1.845609832977313,-1.8535827724993625,-2.5757619633389304,-1.199588016352984,1.325442654025217,3800.0
3041,-1.187533244572998,-1.8475301013507701,-1.850988032443893,-2.5764415844357007,-1.200323661196543,1.3330025412220377,3801.25
3042,-1.1875332394725429,-1.8475301059611215,-1.850988032409331,-2.5764415868640556,-1.2003236603636644,1.3490693636149367,3802.5
3043,-1.1875332311975613,-1.8475301134409583,-1.850988032353258,-2.576441590803819,-1.2003236590124011,1.3751361860077689,3803.75
3044,-1.187533219748053,-1.8475301237902806,-1.8509880322756733,-2.576441596254992,-1.200323657142754,1.4112030084005909,3805.0
3045,-1.1875332051240182,-1.8475301370090882,-1.8509880321765775,-2.5764416032175745,-1.2003236547547222,1.4572698307934029,3806.25
3046,-1.187533187832583,-1.8475301527766843,-1.8509880330229251,-2.5764416081359673,-1.2003236562601514,1.5133366391047145,3807.5
3047,-1.1875331675931142,-1.8475301712705363,-1.8509880342796246,-2.57644161297776,-1.2003236592176245,1.5794034439295936,3808.75
3048,-1.1875331388448291,-1.8475301884405386,-1.8509880370216685,-2.5764416038251157,-1.2003236420852794,1.6554702391863583,3810.0
3049,-1.1875331020644317,-1.8475302046476445,-1.8509880411356763,-2.5764415819673165,-1.2003236066610428,1.7415370274556168,3811.25
3050,-1.1875330609821788,-1.847530222719001,-1.8509880457985946,-2.576441557261499,-1.2003235668807668,1.837603804991768,3812.5
3051,-1.1875330135999127,-1.8475302390710238,-1.850988046758514,-2.576441538386969,-1.2003235202877403,1.9436705758292883,3813.75
3052,-1.1875329590365262,-1.847530252130141,-1.8509880421647504,-2.5764415290922993,-1.2003234657585828,2.059737338415707,3815.0
3053,-1.1875328997594474,-1.847530265959197,-1.8509880368386704,-2.576441519700367,-1.20032340650585,2.1858040928631115,3816.25
3054,-1.1875328354162564,-1.8475302695495432,-1.850988020500674,-2.5764415315031846,-1.2003233420814816,2.3218708413279923,3817.5
3055,-1.1875327663681403,-1.8475302733445753,-1.8509880029144505,-2.5764415442807227,-1.2003232729459383,2.46793758973892,3818.75
3056,-1.187532698103609,-1.847530263681851,-1.8509879731519001,-2.576441582663916,-1.2003232043863545,2.6240043309695475,3820.0
3057,-1.1875326282787322,-1.8475302503711133,-1.8509879395469775,-2.5764416285042624,-1.2003231342059706,2.7895918045675687,3821.25
3058,-1.187532569020247,-1.8475302268944693,-1.8509878997892943,-2.576441690792632,-1.2003230744548394,2.951280127641568,3822.5
3059,-1.1875325199155626,-1.8475302002566645,-1.8509878602157899,-2.576441756200415,-1.200323024829363,3.10296845071518,3823.75
3060,-1.1875324822408173,-1.8475301695504434,-1.850987820379102,-2.576441826098734,-1.2003229865941525,3.2446567737884084,3825.0
3061,-1.1875324536103702,-1.8475301381903264,-1.8509877827011103,-2.5764418946250345,-1.2003229574120402,3.376345096861505,3826.25
3062,-1.1875324361167472,-1.8475301052518192,-1.8509877469678653,-2.576441962946364,-1.2003229393654729,3.498033419934141,3827.5
3063,-1.1875324200680304,-1.847530075018355,-1.8509877141716902,-2.576442025654481,-1.200322922809239,3.6097217430065895,3828.75
3064,-1.1875324190541918,-1.8475300442359814,-1.8509876854605452,-2.5764420850486798,-1.2003229213109468,3.711410066078859,3830.0
3065,-1.1875324181400537,-1.8475300164807409,-1.8509876595728425,-2.576442138602071,-1.200322919959996,3.803098389150935,3831.25
3066,-1.187532417325616,-1.847529991752632,-1.8509876365085833,-2.576442186314653,-1.2003229187563866,3.884786712222915,3832.5
3067,-1.1875324248491976,-1.8475299695920029,-1.850987618359562,-2.5764422266756064,-1.2003229259485857,3.956475035294701,3833.75
3068,-1.1875324325371182,-1.8475299504548963,-1.8509876030503989,-2.5764422611838973,-1.2003229333528442,4.0181633583664205,3835.0
3069,-1.187532438978787,-1.8475299344200171,-1.8509875902229296,-2.5764422900982136,-1.200322939556834,4.069851681438054,3836.25
3070,-1.1875324441742032,-1.8475299214873635,-1.8509875798771547,-2.5764423134185552,-1.2003229445605548,4.111540004509626,3837.5
3071,-1.1875324481233676,-1.8475299116569344,-1.8509875720130762,-2.5764423311449223,-1.2003229483640063,4.143228327581211,3838.75
3072,-1.1875324508262795,-1.84752990492873,-1.8509875666306936,-2.5764423432773147,-1.2003229509671889,4.1649166506528905,3840.0
3073,-1.1876026992117632,-1.8477151998973382,-1.8507357736334071,-2.576509328512432,-1.2003930663075806,4.176827603094639,3841.25
3074,-1.188955406600489,-1.8512833956299741,-1.8458871868858622,-2.5777991011906067,-1.20174321277247,4.180802614517237,3842.5
3075,-1.1900562120505545,-1.8541871250564768,-1.8419415053989325,-2.57884868981694,-1.2028419363047658,4.175054300229734,3843.75
3076,-1.190057138137091,-1.854189575194825,-1.841938184370587,-2.5788495718474285,-1.2028428656761896,4.161355174045259,3845.0
3077,-1.1900571363571375,-1.8541895831076323,-1.8419381879783912,-2.5788495684747708,-1.2028428726142555,4.13765932689764,3846.25
3078,-1.1900571338260173,-1.8541895943597617,-1.8419381931087422,-2.5788495636788014,-1.2028428824802884,4.10396347975006,3847.5
3079,-1.1900571305437304,-1.8541896089512135,-1.84193819976164,-2.5788495574595207,-1.2028428952742882,4.0602676326024625,3848.75
3080,-1.1900571262205235,-1.85418962714112,-1.8419382071259645,-2.578849552889954,-1.202842908448102,4.0065717906240295,3850.0
3081,-1.1900571208493924,-1.8541896489357448,-1.8419382151821089,-2.5788495500443824,-1.2028429219401366,3.942875952646828,3851.25
3082,-1.1900571170468563,-1.8541896731084968,-1.8419382284393362,-2.578849533163109,-1.2028429320267027,3.8691801203080605,3852.5
3083,-1.1900571177354509,-1.8541896983948671,-1.8419382516674374,-2.578849485779789,-1.2028429320145293,3.78548429887713,3853.75
3084,-1.1900571184869149,-1.85418972668832,-1.8419382777235862,-2.5788494325074596,-1.2028429318360847,3.6917884852550396,3855.0
3085,-1.1900571222142984,-1.8541897572834363,-1.8419383069080464,-2.5788493736316,-1.2028429347685992,3.588092678461024,3856.25
3086,-1.1900571384549203,-1.8541897878630178,-1.8419383402261285,-2.5788493099951415,-1.202842951483611,3.474396881006314,3857.5
3087,-1.190057156125694,-1.8541898211311703,-1.8419383764777493,-2.5788492407503507,-1.202842969683853,3.350701092578801,3858.75
3088,-1.1900571882229485,-1.8541898513581114,-1.8419384143076483,-2.5788491732352425,-1.2028430023206824,3.2170053096586555,3860.0
3089,-1.1900572262008575,-1.8541898823117289,-1.8419384546048034,-2.5788491026328764,-1.2028430408697557,3.0733095280226617,3861.25
3090,-1.1900572787024626,-1.8541899069779284,-1.8419384935261278,-2.5788490398939574,-1.2028430938718666,2.9196137515778626,3862.5
3091,-1.1900573383333266,-1.854189930610611,-1.8419385336733067,-2.5788489770663348,-1.2028431540012439,2.7559179814321464,3863.75
3092,-1.1900574094406435,-1.8541899409762956,-1.8419385650479976,-2.578848936412877,-1.202843225422325,2.5918614673073703,3865.0
3093,-1.190057477456636,-1.8541899478885466,-1.841938592277721,-2.578848903302403,-1.2028432936911364,2.4378016396935824,3866.25
3094,-1.190057545166017,-1.8541899441285281,-1.841938609529691,-2.578848890808383,-1.2028433614845664,2.2937418120802566,3867.5
3095,-1.1900576081133247,-1.854189938749589,-1.8419386238240647,-2.5788488828155756,-1.2028434244803428,2.159681984466749,3868.75
3096,-1.190057666072301,-1.8541899248899578,-1.841938628736711,-2.5788488925878683,-1.2028434823436314,2.0356221568534427,3870.0
3097,-1.1900577193594235,-1.8541899121475054,-1.8419386332533585,-2.5788489015724556,-1.2028435355427791,1.9215623292401793,3871.25
3098,-1.1900577647804442,-1.8541898945089477,-1.8419386308268155,-2.578848922265911,-1.2028435807820486,1.8175025016270205,3872.5
3099,-1.1900578048982633,-1.8541898767990344,-1.8419386267102207,-2.5788489446416185,-1.2028436207057696,1.7234426740138875,3873.75
3100,-1.1900578407509452,-1.8541898609719587,-1.8419386230312789,-2.578848964638447,-1.202843656384989,1.639382846400704,3875.0
3101,-1.1900578689445764,-1.8541898442615143,-1.8419386161888491,-2.5788489885656936,-1.2028436843750345,1.5653230187876617,3876.25
3102,-1.1900578914480382,-1.8541898282724352,-1.841938608272033,-2.578849012763199,-1.2028437066742341,1.5012631911745125,3877.5
3103,-1.1900579104386186,-1.8541898147793174,-1.8419386015910633,-2.578849033183375,-1.2028437254924382,1.4472033635613861,3878.75
3104,-1.1900579259163169,-1.8541898037821611,-1.8419385961459387,-2.578849049826223,-1.2028437408296466,1.4031435359481002,3880.0
3105,-1.1900579378811331,-1.854189795280965,-1.8419385919366622,-2.578849062691742,-1.202843752685859,1.3690837083349168,3881.25
3106,-1.1900579463330672,-1.8541897892757289,-1.8419385889632336,-2.5788490717799313,-1.2028437610610754,1.345023880721722,3882.5
3107,-1.1900579512721192,-1.8541897857664522,-1.8419385872256528,-2.578849077090791,-1.202843765955296,1.3309640531085156,3883.75
3108,-1.1910841685770188,-1.8569302660405376,-1.8381940754472317,-2.579860178031383,-1.2038679423223715,1.3249216778860147,3885.0
3109,-1.1924531972094838,-1.8605862265497286,-1.83319868347888,-2.58120904210511,-1.205234249206967,1.3285274079020943,3886.25
3110,-1.1925485396931155,-1.8608408492847053,-1.8328507791662128,-2.581302985555381,-1.2053294050469732,1.3401197931806936,3887.5
3111,-1.1925485329921828,-1.8608408553303142,-1.83285077908803,-2.5813029888627392,-1.2053294038168347,1.3614101059439472,3888.75
3112,-1.1925485231438406,-1.8608408642155285,-1.8328507789731248,-2.5813029937235545,-1.2053294020089043,1.3927004187071337,3890.0
3113,-1.1925485101480895,-1.8608408759403483,-1.8328507788214974,-2.5813030001378268,-1.2053293996231815,1.4339907314704239,3891.25
3114,-1.1925484941992688,-1.860840890383746,-1.8328507789981012,-2.5813030067729956,-1.205329398367882,1.4852810378002066,3892.5
3115,-1.1925484755828024,-1.8608409073679704,-1.8328507800389373,-2.5813030116719515,-1.205329400751836,1.5465713307489417,3893.75
3116,-1.1925484530465715,-1.8608409264425776,-1.8328507814769281,-2.5813030149070904,-1.2053294002074453,1.6178616220260362,3895.0
3117,-1.1925484187278694,-1.8608409415414513,-1.832850785337893,-2.5813029945290307,-1.205329367173519,1.6991518983790201,3896.25
3118,-1.1925483801753596,-1.8608409584892585,-1.8328507897055029,-2.5813029715074363,-1.2053293299728005,1.7904421698179882,3897.5
3119,-1.1925483373803505,-1.860840977279896,-1.8328507946025883,-2.5813029457437944,-1.2053292885309996,1.8917324337778902,3898.75
3120,-1.1925482858739591,-1.8608409899378784,-1.8328507905969562,-2.581302936243791,-1.2053292371157895,2.0030226864638188,3900.0
3121,-1.1925482295429393,-1.8608410033860818,-1.832850785819398,-2.5813029267209444,-1.2053291808154372,2.124312931965928,3901.25
3122,-1.192548168364524,-1.8608410116505736,-1.8328507747227913,-2.5813029286438143,-1.205329119605652,2.2556031710921247,3902.5
3123,-1.1925481023575006,-1.8608410153002266,-1.8328507578441684,-2.5813029409020674,-1.2053290535143306,2.396893407428455,3903.75
3124,-1.1925480345161281,-1.8608410121499261,-1.8328507340808309,-2.5813029667979523,-1.205328985478117,2.548183640189025,3905.0
3125,-1.1925479648174508,-1.8608410022566801,-1.8328507034788082,-2.5813030062280276,-1.2053289154746365,2.709473866396785,3906.25
3126,-1.1925479017507914,-1.8608409820216807,-1.8328506652987664,-2.581303063648731,-1.2053288519533807,2.8752668554803926,3907.5
3127,-1.1925478450986213,-1.860840959563832,-1.8328506270220062,-2.5813031234785675,-1.2053287948250107,3.0317284114437815,3908.75
3128,-1.192547805958824,-1.8608409286772691,-1.8328505862870956,-2.5813031944334677,-1.2053287551127536,3.1781899674067833,3910.0
3129,-1.1925477701102163,-1.8608408994601502,-1.8328505481149608,-2.5813032612096944,-1.2053287187251287,3.3146515233698803,3911.25
3130,-1.192547751018695,-1.8608408661515006,-1.832850511285003,-2.5813033309739213,-1.2053286990654157,3.4411130793325895,3912.5
3131,-1.192547734476951,-1.8608408350179757,-1.8328504772602734,-2.5813033958016596,-1.2053286819953548,3.5575746352956505,3913.75
3132,-1.192547726548997,-1.8608408048397576,-1.8328504467689652,-2.5813034562715984,-1.205328673572534,3.664036191258268,3915.0
3133,-1.1925477255974946,-1.860840776007885,-1.8328504196718058,-2.5813035121086303,-1.2053286721623269,3.760497747221017,3916.25
3134,-1.1925477247446326,-1.8608407501649666,-1.8328503953837565,-2.5813035621571356,-1.2053286708983135,3.8469593031836666,3917.5
3135,-1.1925477277414496,-1.8608407271036187,-1.8328503748639589,-2.581303605720689,-1.2053286735362245,3.9234208591463258,3918.75
3136,-1.192547735923339,-1.860840706750013,-1.8328503584538725,-2.581303642551357,-1.2053286814131239,3.9898824151089425,3920.0
3137,-1.1925477428741575,-1.860840689458871,-1.8328503445128952,-2.5813036738403756,-1.2053286881048422,4.046343971071579,3921.25
3138,-1.192547748593905,-1.8608406752301945,-1.8328503330410244,-2.581303699587745,-1.2053286936113792,4.092805527034389,3922.5
3139,-1.1925477530825819,-1.8608406640639803,-1.8328503240382639,-2.5813037197934636,-1.205328697932735,4.129267082997267,3923.75
3140,-1.1925477563401872,-1.8608406559602284,-1.8328503175046138,-2.5813037344575323,-1.205328701068909,4.155728638960044,3925.0
3141,-1.1925477583667219,-1.8608406509189388,-1.8328503134400738,-2.5813037435799506,-1.205328703019902,4.172190194922831,3926.25
3142,-1.1931913874465343,-1.8625807443453202,-1.830459686290106,-2.581958681597857,-1.2059709891107755,4.180075001731579,3927.5
3143,-1.1946732173188912,-1.8665869807493114,-1.824955731673112,-2.5834665404946233,-1.2074497277764813,4.178877507078985,3928.75
3144,-1.195004830704078,-1.8674835270726349,-1.82372402019472,-2.5838039782180284,-1.2077806527350972,4.169152633259208,3930.0
3145,-1.195004829285496,-1.8674835333043447,-1.8237240230139475,-2.5838039756918545,-1.207780658100612,4.150299269881481,3931.25
3146,-1.1950048271144853,-1.8674835428414114,-1.8237240273285193,-2.5838039718257746,-1.2077806663120465,4.121445906503707,3932.5
3147,-1.1950048241910454,-1.8674835556838354,-1.823724033138436,-2.583803966619789,-1.2077806773694,4.082592543125943,3933.75
3148,-1.1950048204762667,-1.8674835718659457,-1.8237240403362394,-2.5838039604784555,-1.207780690927023,4.033739180653268,3935.0
3149,-1.1950048155083692,-1.867483591795161,-1.823724047646617,-2.583803958203079,-1.20778070288274,3.9748858285765056,3936.25
3150,-1.195004809696357,-1.8674836151106264,-1.8237240561991293,-2.5838039555410846,-1.207780716869899,3.906032476499868,3937.5
3151,-1.1950048093336731,-1.867483639069498,-1.8237240763311968,-2.5838039169461773,-1.207780719052759,3.827179138640657,3938.75
3152,-1.1950048100520678,-1.8674836655703542,-1.823724100887125,-2.5838038670135313,-1.207780718988025,3.7383258050445187,3940.0
3153,-1.1950048108257134,-1.8674836950340232,-1.8237241282798524,-2.5838038111479618,-1.2077807186963216,3.639472481931979,3941.25
3154,-1.195004822204798,-1.8674837249165965,-1.8237241595886298,-2.5838037504343823,-1.2077807300830652,3.530619167237039,3942.5
3155,-1.195004838980868,-1.8674837564852005,-1.8237241942482862,-2.5838036844701073,-1.2077807473618394,3.4117658602248,3943.75
3156,-1.1950048620968565,-1.867483788540384,-1.823724231309316,-2.583803615728161,-1.207780771017498,3.2829125604180875,3945.0
3157,-1.1950048983558672,-1.8674838180877478,-1.8237242700566876,-2.5838035480519554,-1.2077808078275152,3.144059264902766,3946.25
3158,-1.1950049414913126,-1.8674838467364325,-1.8237243100829619,-2.5838034800964005,-1.207780851513832,2.995205971331,3947.5
3159,-1.1950049986647198,-1.867483869404255,-1.8237243488503618,-2.5838034195746893,-1.2077809091705083,2.8363526845963456,3948.75
3160,-1.1950050643111831,-1.8674838863835173,-1.8237243849179996,-2.5838033675523424,-1.2077809752277224,2.6699765395371604,3950.0
3161,-1.1950051325645843,-1.8674838960820463,-1.823724414992975,-2.5838033288226727,-1.2077810437814758,2.5110774275748367,3951.25
3162,-1.195005200179604,-1.8674838960762232,-1.8237244358135367,-2.583803309016231,-1.2077811115409292,2.3621783156125566,3952.5
3163,-1.1950052646796772,-1.8674838925246044,-1.8237244523651053,-2.58380329696862,-1.2077811761223063,2.2232792036503866,3953.75
3164,-1.1950053242925052,-1.8674838818570625,-1.8237244607695509,-2.5838033000920957,-1.2077812356926596,2.0943800916884885,3955.0
3165,-1.1950053791731348,-1.8674838687658153,-1.823724465454213,-2.5838033092819943,-1.2077812904820984,1.975480979726437,3956.25
3166,-1.195005428256479,-1.8674838545524663,-1.823724467305918,-2.5838033223374897,-1.2077813394439882,1.8665818677646582,3957.5
3167,-1.1950054699311536,-1.8674838361851325,-1.8237244629984786,-2.583803345584496,-1.207781380915213,1.7676827558027388,3958.75
3168,-1.1950055073919725,-1.8674838196749806,-1.8237244591265733,-2.583803366480926,-1.2077814181931534,1.6787836438410773,3960.0
3169,-1.1950055398586246,-1.8674838043861313,-1.8237244548563547,-2.583803386483165,-1.2077814504857036,1.5998845318792898,3961.25
3170,-1.1950055637707548,-1.867483787417238,-1.8237244463831686,-2.5838034122363425,-1.2077814741786899,1.530985419917564,3962.5
3171,-1.1950055842122842,-1.8674837729112057,-1.8237244391397784,-2.58380343425171,-1.207781494432882,1.4720863079558273,3963.75
3172,-1.1950056011832135,-1.8674837608680368,-1.8237244331261806,-2.5838034525292697,-1.2077815112482804,1.423187195993928,3965.0
3173,-1.1950056146835424,-1.8674837512877287,-1.8237244283423797,-2.5838034670690186,-1.207781524624885,1.3842880840320546,3966.25
3174,-1.1950056247132703,-1.867483744170281,-1.8237244247883757,-2.5838034778709584,-1.207781534562695,1.3553889720702268,3967.5
3175,-1.1950056312723976,-1.8674837395156938,-1.8237244224641689,-2.5838034849350873,-1.207781541061711,1.3364898601083874,3968.75
3176,-1.1953261945144726,-1.8683611557236808,-1.8225124715813872,-2.58414019870474,-1.2081014033628943,1.3267276559020584,3970.0
3177,-1.1967856164567217,-1.8723558027832072,-1.8169947953794106,-2.585673148786147,-1.2095576344231553,1.325467338324969,3971.25
3178,-1.1974299431818862,-1.8741194269675674,-1.8145587618742383,-2.586349941436024,-1.210200554260011,1.3332998690644402,3972.5
3179,-1.1974299380695306,-1.8741194315716307,-1.8145587617909866,-2.5863499440422624,-1.2102005532201854,1.3496828485296586,3973.75
3180,-1.1974299298366464,-1.8741194389859666,-1.8145587616569183,-2.586349948239321,-1.2102005515456609,1.3760658279949238,3975.0
3181,-1.1974299184832335,-1.874119449210575,-1.8145587614720347,-2.5863499540272006,-1.2102005492364376,1.4124488074602926,3976.25
3182,-1.197429904009292,-1.8741194622454556,-1.8145587612363347,-2.586349961405901,-1.2102005462925154,1.4588317869255942,3977.5
3183,-1.1974298869336573,-1.8741194777719852,-1.8145587619103043,-2.586349966893499,-1.210200547321293,1.5152147493334605,3978.75
3184,-1.1974298669413057,-1.8741194959836236,-1.8145587629107633,-2.5863499726041215,-1.2102005495252854,1.5815977083597252,3980.0
3185,-1.1974298384149338,-1.8741195125993901,-1.8145587655925748,-2.5863499632907274,-1.21020053136859,1.657980657250301,3981.25
3186,-1.1974298023830228,-1.8741195284274343,-1.8145587696706713,-2.586349941911601,-1.2102004967050128,1.744363599672743,3982.5
3187,-1.1974297621526135,-1.874119546067512,-1.8145587742962435,-2.586349917734864,-1.2102004577927763,1.8407465307715212,3983.75
3188,-1.1974297156244265,-1.874119561763068,-1.8145587749454868,-2.5863498999197168,-1.2102004120242382,1.9471294551679645,3985.0
3189,-1.1974296622194007,-1.8741195744819772,-1.8145587703857888,-2.5863498909436875,-1.2102003586546537,2.063512371364434,3986.25
3190,-1.1974296042018675,-1.8741195875944245,-1.8145587647662962,-2.58634988257524,-1.2102003006594209,2.189895279474942,3987.5
3191,-1.1974295412483635,-1.8741195910482993,-1.8145587485521193,-2.586349894407737,-1.2102002376239938,2.3262781817143177,3988.75
3192,-1.197429473869638,-1.8741195942816002,-1.8145587307638023,-2.586349907968835,-1.2102001701507883,2.47266108359601,3990.0
3193,-1.1974294070980638,-1.8741195847854082,-1.8145587012347557,-2.586349945972268,-1.2102001030837692,2.6290439783803614,3991.25
3194,-1.1974293392351851,-1.8741195713093275,-1.8145586676387684,-2.5863499919956077,-1.2102000348593496,2.794797550850737,3992.5
3195,-1.1974292815038972,-1.8741195484193836,-1.8145586283507962,-2.5863500532509005,-1.2101999766374298,2.9561632008359595,3993.75
3196,-1.1974292341427024,-1.8741195221309526,-1.8145585890818343,-2.5863501180314,-1.2101999287534602,3.107528850821306,3995.0
3197,-1.197429197447783,-1.874119492233986,-1.814558549726548,-2.5863501866563503,-1.210199891500897,3.2488945008061947,3996.25
3198,-1.1974291700614965,-1.8741194614957188,-1.8145585124588093,-2.586350254171747,-1.210199863563493,3.3802601507912637,3997.5
3199,-1.1974291530274797,-1.874119429456559,-1.8145584771703562,-2.5863503211597987,-1.2101998459797678,3.501625800775947,3998.75
3200,-1.1974291378458692,-1.8741193999503405,-1.8145584448279688,-2.5863503827032353,-1.210199830292994,3.6129914507608687,4000.0
3201,-1.197429136856478,-1.8741193700369594,-1.814558416488822,-2.5863504408613345,-1.2101998288224147,3.714357100745544,4001.25
3202,-1.197429135964693,-1.874119343074619,-1.8145583909454057,-2.5863504932819774,-1.2101998274969121,3.805722750730218,4002.5
3203,-1.1974291351705137,-1.8741193190633174,-1.8145583681977224,-2.5863505399651645,-1.210199826316486,3.8870884007148594,4003.75
3204,-1.1974291427904644,-1.8741192975468244,-1.8145583503876845,-2.5863505793481254,-1.210199833608224,3.9584540506995003,4005.0
3205,-1.197429150253901,-1.8741192789953085,-1.8145583353079335,-2.5863506130413825,-1.2101998407905956,4.019819700684108,4006.25
3206,-1.1974291565011135,-1.8741192634669053,-1.8145583226855406,-2.586350641244067,-1.210199846802545,4.0711853506689195,4007.5
3207,-1.1974291615321024,-1.8741192509616136,-1.8145583125205071,-2.586350663956179,-1.2101998516440724,4.112551000653778,4008.75
3208,-1.1974291653468674,-1.8741192414794317,-1.8145583048128349,-2.586350681177718,-1.2101998553151778,4.143916650638534,4010.0
3209,-1.197429167945409,-1.8741192350203604,-1.8145582995625236,-2.5863506929086837,-1.2101998578158608,4.165282300623359,4011.25
3210,-1.1975138455313006,-1.8743538842703065,-1.8142324508130472,-2.5864424642437243,-1.210284341544777,4.176932005078647,4012.5
3211,-1.1988156107516574,-1.8779613055574,-1.8092230747782347,-2.5878532099252287,-1.2115831273448037,4.18066012120099,4013.75
3212,-1.199821218014792,-1.880748025883449,-1.8053533548072256,-2.5889430025682265,-1.21258643509765,4.174718767706474,4015.0
3213,-1.1998212613495107,-1.8807481534121755,-1.8053531860645342,-2.5889430489123337,-1.2125864832165252,4.160836133690796,4016.25
3214,-1.1998212595501325,-1.8807481612257408,-1.8053531895747374,-2.588943045898424,-1.2125864898221328,4.136953669814494,4017.5
3215,-1.1998212569973237,-1.880748172310981,-1.8053531945547232,-2.5889430416225387,-1.2125864991936226,4.103071205938145,4018.75
3216,-1.199821253691084,-1.880748186667896,-1.8053532010044913,-2.5889430360846775,-1.2125865113309946,4.059188742061693,4020.0
3217,-1.1998212493339195,-1.880748204555841,-1.8053532081125305,-2.588943032320414,-1.2125865235648519,4.005306284608718,4021.25
3218,-1.1998212439381863,-1.8807482259640445,-1.805353215912547,-2.588943030203664,-1.2125865360060692,3.941423831741093,4022.5
3219,-1.19982124024951,-1.8807482496027006,-1.8053532291514838,-2.5889430133133646,-1.2125865450101638,3.8675413848560254,4023.75
3220,-1.1998212409242752,-1.8807482743050945,-1.8053532522203233,-2.5889429666147725,-1.2125865449715705,3.783658948593191,4025.0
3221,-1.1998212416609753,-1.8807483019373044,-1.8053532780948367,-2.5889429141130558,-1.2125865447679534,3.689776520514351,4026.25
3222,-1.1998212455788217,-1.8807483317489802,-1.8053533070955576,-2.588942856128428,-1.2125865479200213,3.585894099325527,4027.5
3223,-1.199821261463144,-1.8807483616178575,-1.805353340151422,-2.588942793456221,-1.2125865642804152,3.4720116872564812,4028.75
3224,-1.1998212787439897,-1.880748394108522,-1.8053533761129026,-2.5889427252700234,-1.212586582092791,3.348129284459155,4030.0
3225,-1.1998213104216628,-1.8807484235080523,-1.805353413603931,-2.5889426589139246,-1.2125866143090454,3.2142468871787733,4031.25
3226,-1.199821347549069,-1.8807484537484236,-1.8053534535693505,-2.588942589341731,-1.212586652006824,3.0703644911219743,4032.5
3227,-1.199821399149277,-1.8807484776622438,-1.8053534920666543,-2.5889425277646247,-1.2125867041043819,2.9164821003685715,4033.75
3228,-1.1998214572846664,-1.8807485007109328,-1.8053535317752845,-2.5889424659369045,-1.2125867627365772,2.7530171462375783,4035.0
3229,-1.1998215250883173,-1.880748510386661,-1.8053535618961023,-2.5889424271788695,-1.2125868308425267,2.5932209848694865,4036.25
3230,-1.199821589483182,-1.8807485174086636,-1.8053535884630918,-2.5889423945704424,-1.2125868954895898,2.4434248235018368,4037.5
3231,-1.1998216536284207,-1.8807485139014486,-1.8053536050442762,-2.5889423824454543,-1.2125869597169232,2.3036286621337854,4038.75
3232,-1.1998217131639155,-1.8807485100031172,-1.805353619828613,-2.5889423724385305,-1.2125870193182544,2.1738325007663475,4040.0
3233,-1.19982176780105,-1.8807484969996364,-1.8053536245263986,-2.5889423815260457,-1.2125870738640108,2.0540363393987,4041.25
3234,-1.1998218178773454,-1.880748485081628,-1.8053536288320282,-2.5889423898549806,-1.2125871238565549,1.9442401780312342,4042.5
3235,-1.1998218613483054,-1.8807484704052695,-1.8053536284946334,-2.588942405479317,-1.2125871671850714,1.8444440166638132,4043.75
3236,-1.1998218987367886,-1.8807484539535775,-1.8053536246013349,-2.588942426339329,-1.2125872043893797,1.7546478552963587,4045.0
3237,-1.199821931961567,-1.8807484393340048,-1.805353621141601,-2.5889424448763005,-1.2125872374504936,1.6748516939289924,4046.25
3238,-1.199821960635622,-1.8807484262313185,-1.8053536176988412,-2.588942461815443,-1.2125872659754822,1.6050555325615004,4047.5
3239,-1.1998219811412216,-1.8807484116988453,-1.8053536103788095,-2.588942483935835,-1.212587286291343,1.5452593711941263,4048.75
3240,-1.1998219982175709,-1.8807483995967074,-1.8053536042829421,-2.5889425023569266,-1.2125873032096843,1.4954632098265703,4050.0
3241,-1.19982201186467,-1.8807483899249058,-1.8053535994112377,-2.5889425170787193,-1.2125873167305068,1.4556670484589846,4051.25
3242,-1.1998220220825195,-1.8807483826834406,-1.8053535957636961,-2.588942528101213,-1.2125873268538103,1.4258708870915195,4052.5
3243,-1.1998220288711186,-1.8807483778723104,-1.8053535933403198,-2.588942535424407,-1.2125873335795947,1.4060747257241004,4053.75
3244,-1.1998220322304676,-1.880748375491515,-1.8053535921411081,-2.5889425390483005,-1.2125873369078595,1.3962785643566127,4055.0
3245,-1.1992644756122208,-1.8792234686440163,-1.8075448873871454,-2.588272446992249,-1.2120315357496905,1.3953937107011873,4056.25
3246,-1.1991667584885177,-1.8789562238635251,-1.8079289227352626,-2.5881550073051525,-1.211934126304352,1.4034626963019645,4057.5
3247,-1.1990170863859355,-1.8785468950007382,-1.8085171380075695,-2.5879751266350306,-1.2117849254806679,1.421446630939331,4058.75
3248,-1.1987841888348636,-1.8779099580693956,-1.8094324314661376,-2.5876952229867625,-1.2115527612639934,1.4494305655766304,4060.0
3249,-1.1984680658353002,-1.877045413069495,-1.8106748031109703,-2.5873152963603476,-1.2112376336543278,1.4874145002139765,4061.25
3250,-1.1980645399809755,-1.8759526723861941,-1.8122390455225723,-2.5868411015130035,-1.2108353416884436,1.535398547164579,4062.5
3251,-1.197576287732871,-1.8746321130356627,-1.8141284940294278,-2.586268951904981,-1.2103485769184446,1.593382609843634,4063.75
3252,-1.1970037905352855,-1.873083802038922,-1.8163437503565654,-2.5855981834165376,-1.209777823528859,1.6613666737692154,4065.0
3253,-1.1963419334717051,-1.871306926623388,-1.8188786464210183,-2.584835725614843,-1.209117940978571,1.7393508884248905,4066.25
3254,-1.1955952057626353,-1.8693022005558488,-1.821738594943286,-2.583975497026449,-1.2083734409767641,1.8273351030805922,4067.5
3255,-1.194757109302262,-1.8670685260882012,-1.8249158988555987,-2.5830262280247966,-1.2075377911975818,1.9253194941818081,4068.75
3256,-1.1938308859850024,-1.8646064252906092,-1.828414454306605,-2.581983532509173,-1.2066142508043387,2.033303956140668,4070.0
3257,-1.1928135708563508,-1.861915365547494,-1.8322308187901206,-2.580851356158259,-1.205599839471424,2.1512885577023484,4071.25
3258,-1.191702145124539,-1.8589947252046166,-1.8363616614608385,-2.5796336211526967,-1.2044915233002582,2.279273363464958,4072.5
3259,-1.1904969886039747,-1.8558445180086012,-1.8408075432229278,-2.578329756374474,-1.2032896844372019,2.4172583417461144,4073.75
3260,-1.1891959457419836,-1.8524642607564883,-1.8455661725888324,-2.576942514684137,-1.2019921567986014,2.5652435255026513,4075.0
3261,-1.1877968104582988,-1.8488534189567796,-1.8506352926653244,-2.5754746649386613,-1.2005967237943689,2.7232289455313943,4076.25
3262,-1.186357563790059,-1.8451649864471107,-1.8557981758952047,-2.5739903323304962,-1.1991612025854406,2.8845028629374294,4077.5
3263,-1.1849946455653249,-1.8416954874756883,-1.8606408901594897,-2.572607726295722,-1.1978017379188024,3.0361037024676394,4078.75
3264,-1.1837130540957435,-1.838452809587421,-1.8651553042457547,-2.5713271313646375,-1.1965233310789636,3.177704729204994,4080.0
3265,-1.182512563028316,-1.8354368189293528,-1.8693413624343003,-2.570148734390202,-1.1953257551696912,3.3093059490620043,4081.25
3266,-1.181396556338333,-1.8326482893100706,-1.8732026284934307,-2.569068232135186,-1.1942124105972773,3.4309072974120642,4082.5
3267,-1.180367608519249,-1.8300878545003294,-1.8767417132635766,-2.5680824063508427,-1.1931858840493395,3.54250873366158,4083.75
3268,-1.1794254746200163,-1.8277554298611582,-1.8799584227336132,-2.56719153304567,-1.1922459295801264,3.6441102688982605,4085.0
3269,-1.1785715619296913,-1.8256513482709056,-1.882854214625364,-2.5663938359473337,-1.191393961238003,3.735711879094308,4086.25
3270,-1.1778086244720882,-1.8237763567166534,-1.8854317272896517,-2.5656859583055605,-1.1906327456191468,3.8173135289948004,4087.5
3271,-1.1771357702464642,-1.8221301856357135,-1.8876901683057623,-2.5650689526810027,-1.1899613868405567,3.8889152319118807,4088.75
3272,-1.1765550396419813,-1.8207134048603018,-1.8896314554364735,-2.5645403527564894,-1.1893819344927912,3.950516965974295,4090.0
3273,-1.1760685808324927,-1.8195266144897002,-1.8912576074236296,-2.564097562092471,-1.188896546436653,4.002118700036759,4091.25
3274,-1.1756739781576337,-1.818569120606219,-1.892566397224487,-2.563743476341217,-1.1885027962503851,4.043720470308225,4092.5
3275,-1.175373578531478,-1.8178415971691628,-1.8935599889203054,-2.563475282050427,-1.1882030413038507,4.075322251981056,4093.75
3276,-1.1751682367186018,-1.817344289687836,-1.8942391705913648,-2.563291954585681,-1.1879981401695594,4.09692403365389,4095.0
3277,-1.175057952719005,-1.8170771981622387,-1.894603942237665,-2.5631934939469785,-1.187888092847511,4.108525815326726,4096.25
3278,-1.1745019217714487,-1.8157333932653763,-1.8964375278909076,-2.562699771862424,-1.1873332483553718,4.110803682242872,4097.5
3279,-1.1743671609184105,-1.8154080654832976,-1.8968812151201764,-2.562580456407819,-1.187198774183348,4.104185516481528,4098.75
3280,-1.1743667783431013,-1.8154079604475053,-1.8968808712803227,-2.5625809007972626,-1.187198390439889,4.087847889256046,4100.0
3281,-1.1743661615995715,-1.8154077911209858,-1.8968803169816004,-2.562581617190368,-1.1871977718132034,4.061510262030484,4101.25
3282,-1.1743653106491594,-1.8154075575459212,-1.896879552099955,-2.56258260605297,-1.1871969179614914,4.025172643990223,4102.5
3283,-1.1743642254316302,-1.8154072597878699,-1.896878576442379,-2.5625838681095643,-1.1871958283531456,3.978835044443012,4103.75
3284,-1.1743629060160545,-1.8154068977714073,-1.8968773902306122,-2.562585402527396,-1.1871945035991824,3.9224974448959666,4105.0
3285,-1.1743622719478077,-1.8154067360273602,-1.8968768309608417,-2.562586117123957,-1.187193866983081,3.856159856267377,4106.25
3286,-1.1743622726875902,-1.815406760016803,-1.8968768526032882,-2.5625860719268854,-1.1871938677600902,3.779822275683074,4107.5
3287,-1.1743622735170212,-1.8154067871444854,-1.8968768770973354,-2.562586020736002,-1.1871938685790913,3.6934846992113606,4108.75
3288,-1.1743622761940535,-1.8154068169842785,-1.8968769045993457,-2.562585963820093,-1.18719387127857,3.5971471262416475,4110.0
3289,-1.1743622919547432,-1.815406846800958,-1.8968769361414903,-2.562585902759503,-1.187193887509567,3.490809563410661,4111.25
3290,-1.1743623091980426,-1.8154068794213052,-1.8968769706507629,-2.562585835953377,-1.1871939052709373,3.3744720071607284,4112.5
3291,-1.1743623375083034,-1.8154069105838213,-1.896877007171904,-2.5625857687664704,-1.187193934107796,3.248134458476934,4113.75
3292,-1.1743623748937217,-1.8154069411741753,-1.8968770459030295,-2.5625857000854406,-1.187193972035176,3.1117969156741094,4115.0
3293,-1.1743624226112543,-1.8154069685796284,-1.8968770848777643,-2.562585634490228,-1.1871940202670612,2.9654593749156977,4116.25
3294,-1.1743624817028642,-1.8154069920549158,-1.8968771237395878,-2.5625855730958866,-1.1871940798360963,2.8091218387003245,4117.5
3295,-1.174362551724923,-1.8154070073819084,-1.896877158564337,-2.562585524025926,-1.1871941502342487,2.6448041987756956,4118.75
3296,-1.1743626227075992,-1.815407017417274,-1.896877188922188,-2.562585484713746,-1.1871942215146458,2.4874553084178728,4120.0
3297,-1.1743626938376794,-1.8154070151608726,-1.8968772082775396,-2.562585468663241,-1.1871942927561423,2.3401064180601487,4121.25
3298,-1.174362760824309,-1.8154070113468266,-1.8968772249873846,-2.562585456750035,-1.1871943598220551,2.2027575277026736,4122.5
3299,-1.1743628226234928,-1.8154069983093786,-1.8968772318485532,-2.5625854638058843,-1.1871944215498735,2.0754086373451295,4123.75
3300,-1.1743628795136258,-1.8154069845717917,-1.8968772366047193,-2.5625854735920948,-1.187194478347958,1.958059746987876,4125.0
3301,-1.174362929636227,-1.8154069683736624,-1.896877237115092,-2.5625854899773204,-1.1871945283272958,1.8507108566303263,4126.25
3302,-1.1743629727231129,-1.8154069492076783,-1.8968772328431256,-2.5625855140000042,-1.1871945712114524,1.7533619662732125,4127.5
3303,-1.174363011383974,-1.8154069320104924,-1.896877229009983,-2.5625855355550007,-1.1871946096904096,1.666013075915929,4128.75
3304,-1.174363043906171,-1.815406915380751,-1.8968772238414036,-2.562585557788562,-1.1871946420267456,1.5886641855587351,4130.0
3305,-1.1743630684584438,-1.8154068978200426,-1.896877215440226,-2.562585584064864,-1.1871946663627027,1.5213152952015996,4131.25
3306,-1.174363089365182,-1.815406882866758,-1.8968772082864596,-2.5625856064396464,-1.1871946870852432,1.4639664048443803,4132.5
3307,-1.174363106626386,-1.8154068705208997,-1.8968772023801013,-2.5625856249129106,-1.1871947041943691,1.4166175144869375,4133.75
3308,-1.174363120242055,-1.8154068607824643,-1.8968771977211554,-2.5625856394846545,-1.1871947176900786,1.3792686241295966,4135.0
3309,-1.174363130212189,-1.8154068536514516,-1.8968771943096212,-2.5625856501548783,-1.1871947275723715,1.3519197337723008,4136.25
3310,-1.174363136536788,-1.815406849127862,-1.8968771921454997,-2.5625856569235825,-1.187194733841248,1.3345708434149937,4137.5
3311,-1.1749546410004408,-1.8168725219892508,-1.8949389239823267,-2.5630624881488875,-1.1877853783214987,1.3260377137905213,4138.75
3312,-1.1766079050057847,-1.8209691281728992,-1.8895214089170302,-2.5643952371045327,-1.1894362391384699,1.3264689950730981,4140.0
3313,-1.177069516745072,-1.8221129612033127,-1.8880087621468526,-2.5647673605939754,-1.1898971823532432,1.3356731028413826,4141.25
3314,-1.1770695108574039,-1.8221129665549696,-1.888008762151566,-2.5647673631815366,-1.189897181600153,1.3538903245820368,4142.5
3315,-1.1770695017378114,-1.822112974844318,-1.8880087621588664,-2.564767367189491,-1.1898971804336682,1.3821075463226808,4143.75
3316,-1.177069489386295,-1.8221129860713572,-1.888008762168754,-2.5647673726178386,-1.1898971788537893,1.4203247680633713,4145.0
3317,-1.1770694738114487,-1.8221130002305246,-1.8880087621980408,-2.5647673794038903,-1.1898971769337403,1.4685419897469703,4146.25
3318,-1.1770694556544041,-1.8221130169068305,-1.8880087635008689,-2.5647673828711377,-1.189897180135951,1.5267592075490743,4147.5
3319,-1.1770694343785153,-1.822113036447634,-1.8880087650274844,-2.5647673869339562,-1.1898971838882073,1.5949764253511685,4148.75
3320,-1.1770694020847632,-1.8221130530743976,-1.8880087683714883,-2.56476737154519,-1.1898971582995308,1.6731936301778858,4150.0
3321,-1.1770693634388942,-1.8221130702007624,-1.8880087725975756,-2.56476734852445,-1.189897121012692,1.7614108305361083,4151.25
3322,-1.177069320379987,-1.8221130892494248,-1.8880087773758834,-2.5647673225706242,-1.189897079231762,1.8596280199093431,4152.5
3323,-1.1770692698242966,-1.8221131046607484,-1.888008776267562,-2.564767306953292,-1.1898970291731588,1.9678452016297672,4153.75
3324,-1.1770692128619042,-1.822113118389261,-1.8880087715039184,-2.5647672971314606,-1.189896972241933,2.0860623755763736,4155.0
3325,-1.1770691509883633,-1.8221131303968894,-1.8880087637026928,-2.5647672920073026,-1.189896910369216,2.2142795421857926,4156.25
3326,-1.1770690839977194,-1.8221131341868244,-1.8880087469365117,-2.564767304003307,-1.1898968432968606,2.352496704183625,4157.5
3327,-1.177069013372543,-1.8221131352190276,-1.8880087265888204,-2.5647673222766794,-1.1898967725411296,2.500713864572707,4158.75
3328,-1.177068942442244,-1.8221131251655238,-1.8880086961544364,-2.564767361684105,-1.1898967013116748,2.6589310179966335,4160.0
3329,-1.1770688731259142,-1.8221131083930429,-1.8880086601479271,-2.5647674133876657,-1.1898966315969277,2.8252677760964744,4161.25
3330,-1.1770688131970002,-1.8221130845642628,-1.888008620607057,-2.5647674758013026,-1.1898965711811382,2.984812229610184,4162.5
3331,-1.1770687669002202,-1.8221130551692148,-1.888008580154167,-2.564767544879836,-1.1898965243405726,3.134356683123393,4163.75
3332,-1.1770687288730421,-1.8221130240413337,-1.8880085406302052,-2.564767614880092,-1.1898964857601715,3.273901136636769,4165.0
3333,-1.1770687034942033,-1.8221129907338192,-1.8880085029515024,-2.5647676853962436,-1.1898964598208541,3.4034455901499276,4166.25
3334,-1.177068685883334,-1.8221129574157167,-1.8880084676035236,-2.5647677537074705,-1.1898964416653173,3.5229900436630546,4167.5
3335,-1.1770686728656314,-1.8221129261324711,-1.888008435474125,-2.564767816839118,-1.1898964281434452,3.6325344971760227,4168.75
3336,-1.1770686718513925,-1.8221128950974461,-1.8880084071848593,-2.5647678760611865,-1.1898964266535088,3.7320789506889156,4170.0
3337,-1.1770686709390419,-1.8221128671801314,-1.8880083817374615,-2.5647679293339465,-1.1898964253132476,3.821623404202004,4171.25
3338,-1.177068670926761,-1.8221128423353705,-1.8880083593316939,-2.5647679765145055,-1.189896424921796,3.9011678577147633,4172.5
3339,-1.177068679812061,-1.8221128201107581,-1.8880083419690672,-2.5647680161711346,-1.1898964334862072,3.9707123112276923,4173.75
3340,-1.1770686874197178,-1.8221128010818877,-1.8880083271030634,-2.5647680501254215,-1.1898964408191168,4.030256764740575,4175.0
3341,-1.1770686937497312,-1.8221127852487617,-1.8880083147336792,-2.5647680783773654,-1.1898964469205247,4.0798012182535786,4176.25
3342,-1.1770686988021017,-1.8221127726113777,-1.8880083048609182,-2.564768100926967,-1.1898964517904307,4.119345671766656,4177.5
3343,-1.1770687025768287,-1.8221127631697351,-1.8880082974847807,-2.5647681177742263,-1.1898964554288352,4.148890125279632,4178.75
3344,-1.1770687050739126,-1.8221127569238333,-1.8880082926052666,-2.5647681289191433,-1.1898964578357378,4.168434578792619,4180.0
3345,-1.1773508237503403,-1.8228204092334066,-1.8870669208389625,-2.565003854486925,-1.190178142220011,4.178673066436503,4181.25
3346,-1.1789438790830746,-1.8268163849783046,-1.8817512142994282,-2.566334913470653,-1.1917687456526205,4.180450673880568,4182.5
3347,-1.179737210405227,-1.8288063597898148,-1.8791040257118268,-2.5669977710640413,-1.192560858711066,4.172972394787917,4183.75
3348,-1.1797372092065068,-1.82880636525579,-1.8791040282157943,-2.566997768517009,-1.1925608636317042,4.156990323646042,4185.0
3349,-1.179737207257746,-1.8288063741418323,-1.879104032286497,-2.5669977643762936,-1.1925608716311906,4.131008252504176,4186.25
3350,-1.1797372045589447,-1.8288063864479416,-1.8791040379239352,-2.5669977586418975,-1.1925608827095262,4.095026181362379,4187.5
3351,-1.1797372011101026,-1.8288064021741177,-1.8791040451281087,-2.5669977513138202,-1.19256089686671,4.049044110220478,4188.75
3352,-1.1797371964925776,-1.828806421702377,-1.8791040526998604,-2.5669977469937337,-1.1925609104955606,3.993062042429453,4190.0
3353,-1.179737190931094,-1.8288064448276558,-1.8791040612828906,-2.5669977432114877,-1.1925609255323921,3.927079975499953,4191.25
3354,-1.1797371886298973,-1.828806469718589,-1.8791040777634194,-2.5669977158960413,-1.1925609327708422,3.8510979178761895,4192.5
3355,-1.179737189354005,-1.8288064964747748,-1.879104101763664,-2.5669976663622784,-1.192560932788024,3.765115867314784,4193.75
3356,-1.1797371901336149,-1.828806526324101,-1.8791041286261465,-2.566997610756464,-1.1925609325683462,3.669133827159956,4195.0
3357,-1.1797371974341349,-1.8288065576960866,-1.8791041589984516,-2.5669975497834105,-1.192560939425132,3.5631517936709276,4196.25
3358,-1.1797372144092517,-1.8288065898192893,-1.8791041932121761,-2.566997483721414,-1.1925609568853874,3.447169768433441,4197.5
3359,-1.179737233219002,-1.828806624547337,-1.8791042303413243,-2.566997412160942,-1.1925609762332012,3.3211877513049504,4198.75
3360,-1.1797372700469726,-1.8288066547026254,-1.8791042687451,-2.5669973442308653,-1.192561013602604,3.185205740118644,4200.0
3361,-1.1797373095832884,-1.8288066870755704,-1.8791043099728533,-2.5669972713060916,-1.1925610537205018,3.0392237290684494,4201.25
3362,-1.179737367743381,-1.8288067102948793,-1.8791043485421104,-2.5669972104456398,-1.1925611123569657,2.8832417252281894,4202.5
3363,-1.1797374320866783,-1.828806731879725,-1.879104387499664,-2.5669971509185623,-1.1925611771642834,2.717701153877439,4203.75
3364,-1.1797375041653562,-1.8288067421197356,-1.8791044185289372,-2.5669971107476504,-1.1925612495488918,2.5559211895121017,4205.0
3365,-1.1797375740731413,-1.8288067460135702,-1.8791044431610666,-2.566997083270139,-1.192561319660772,2.4041412251472627,4206.25
3366,-1.1797376423647457,-1.8288067421739376,-1.8791044603084266,-2.566997070965308,-1.1925613880345,2.262361260782221,4207.5
3367,-1.1797377056920013,-1.8288067340923337,-1.8791044721188879,-2.566997068153834,-1.1925614513685532,2.130581296417338,4208.75
3368,-1.1797377639988593,-1.8288067200553444,-1.8791044770253456,-2.5669970781106257,-1.1925615095804822,2.0088013320526903,4210.0
3369,-1.179737817517834,-1.8288067071710123,-1.8791044815289013,-2.5669970872498147,-1.1925615630123227,1.8970213676878462,4211.25
3370,-1.179737862043459,-1.8288066874826532,-1.8791044771609988,-2.5669971119120305,-1.192561607327863,1.7952414033233466,4212.5
3371,-1.179737902161881,-1.8288066696671925,-1.8791044731567785,-2.566997134277475,-1.1925616472558307,1.7034614389586529,4213.75
3372,-1.179737937909151,-1.8288066537928396,-1.8791044695888401,-2.5669971542060654,-1.192561682833398,1.621681474594229,4215.0
3373,-1.1797379646096349,-1.8288066360310824,-1.8791044615815546,-2.56699718032187,-1.1925617093165435,1.5499015102296259,4216.25
3374,-1.1797379868522277,-1.8288066201394075,-1.8791044539201054,-2.566997204160806,-1.1925617313612806,1.4881215458651222,4217.5
3375,-1.179738005494529,-1.8288066068200364,-1.8791044474987724,-2.5669972241410584,-1.1925617498377519,1.4363415815005194,4218.75
3376,-1.179738020536538,-1.8288065960729685,-1.8791044423175576,-2.5669972402626273,-1.1925617647459568,1.3945616171358224,4220.0
3377,-1.1797380319782547,-1.8288065878982025,-1.8791044383764623,-2.5669972525255114,-1.1925617760858953,1.3627816527711138,4221.25
3378,-1.1797380398196786,-1.8288065822957382,-1.8791044356754865,-2.566997260929712,-1.192561783857567,1.3410016884065077,4222.5
3379,-1.1798086602042128,-1.8289858927379599,-1.878864507383223,-2.56705837747524,-1.1926322893434023,1.3290092950110297,4223.75
3380,-1.1812197337984516,-1.8325689902020936,-1.8740702150661264,-2.56827953634715,-1.1940410677637052,1.3249894068174644,4225.0
3381,-1.1823686954567343,-1.8354865247242964,-1.8701664697587161,-2.5692738627885165,-1.1951881621411038,1.3307053786059175,4226.25
3382,-1.1823695511945906,-1.8354887128205517,-1.8701635473333231,-2.5692746091773175,-1.1951890202180202,1.3444181425835997,4227.5
3383,-1.1823695435970887,-1.8354887197121876,-1.870163547297004,-2.5692746126720607,-1.1951890190838361,1.3681280213801208,4228.75
3384,-1.1823695327952253,-1.8354887295104756,-1.8701635472453668,-2.5692746176407653,-1.1951890174712931,1.401837900176575,4230.0
3385,-1.1823695187890009,-1.835488742215415,-1.8701635471784113,-2.5692746240834303,-1.1951890153803908,1.4455477789731899,4231.25
3386,-1.182369501932189,-1.8354887576022207,-1.8701635477760314,-2.5692746294820816,-1.1951890158569114,1.499257650207386,4232.5
3387,-1.1823694822321347,-1.835488775666226,-1.8701635490523443,-2.5692746337844365,-1.1951890189640966,1.5629675156184928,4233.75
3388,-1.1823694562130156,-1.8354887941579112,-1.870163551246998,-2.569274630272658,-1.195189010382814,1.6366773753937416,4235.0
3389,-1.1823694199977939,-1.83548881018453,-1.8701635552226588,-2.569274608746948,-1.1951889754837606,1.7203872243172695,4236.25
3390,-1.1823693794351562,-1.8354888281124253,-1.8701635597237818,-2.5692745844281317,-1.195188936238711,1.8140970654770774,4237.5
3391,-1.1823693336008392,-1.835488846278968,-1.8701635628199653,-2.5692745612669317,-1.1951888914904945,1.9178068998438738,4238.75
3392,-1.1823692794863156,-1.8354888592823555,-1.8701635582664542,-2.5692745519952815,-1.195188837410775,2.0315167248887542,4240.0
3393,-1.1823692206114202,-1.8354888734306165,-1.8701635533083567,-2.5692745419241034,-1.1951887785631814,2.155226540920257,4241.25
3394,-1.1823691566776706,-1.8354888793307162,-1.8701635393162765,-2.569274549075519,-1.1951887145714322,2.288936351479661,4242.5
3395,-1.1823690878828355,-1.8354888831765883,-1.8701635219838086,-2.5692745615543977,-1.1951886456916507,2.4326461607368324,4243.75
3396,-1.1823690185757212,-1.8354888766015596,-1.8701634950361983,-2.569274594030477,-1.1951885761391308,2.586355964771604,4245.0
3397,-1.1823689460863516,-1.8354888662815398,-1.8701634637256475,-2.5692746345560464,-1.1951885033403884,2.7500657624931533,4246.25
3398,-1.18236888501881,-1.8354888422897855,-1.8701634234599245,-2.569274697840223,-1.1951884417761902,2.9141113142527293,4247.5
3399,-1.1823688308834477,-1.8354888173775836,-1.8701633844567618,-2.569274760882681,-1.1951883871443518,3.0681597326562424,4248.75
3400,-1.1823687921108474,-1.8354887856218522,-1.8701633438904726,-2.5692748325409878,-1.1951883478016025,3.2122081510598695,4250.0
3401,-1.1823687587658012,-1.8354887548567231,-1.8701633058663405,-2.5692749007498774,-1.195188313912941,3.3462565694629403,4251.25
3402,-1.1823687407149015,-1.83548872070439,-1.8701632693962706,-2.5692749710096487,-1.195188295297909,3.4703049878664083,4252.5
3403,-1.1823687241191516,-1.8354886893052103,-1.8701632358661793,-2.5692750356055205,-1.1951882781835035,3.584353406269493,4253.75
3404,-1.1823687196336619,-1.8354886580977519,-1.8701632061757003,-2.5692750963504287,-1.195188273207433,3.688401824672586,4255.0
3405,-1.182368718685895,-1.835488629142802,-1.8701631796010414,-2.569275151785781,-1.1951882718111615,3.7824502430756626,4256.25
3406,-1.1823687178389028,-1.835488603266584,-1.8701631558520144,-2.569275201326792,-1.195188270563353,3.8664986614787265,4257.5
3407,-1.182368723253684,-1.8354885801247107,-1.8701631364807842,-2.5692752438562203,-1.1951882756324745,3.940547079881826,4258.75
3408,-1.1823687313350892,-1.8354885599181412,-1.8701631205816138,-2.569275280026014,-1.1951882834190188,4.0045954982847425,4260.0
3409,-1.1823687381547296,-1.8354885428664627,-1.8701631071648088,-2.56927531054855,-1.1951882899898354,4.05864391668783,4261.25
3410,-1.1823687437126051,-1.8354885289696752,-1.8701630962303701,-2.5692753354238285,-1.195188295344924,4.102692335090998,4262.5
3411,-1.1823687480087153,-1.8354885182277765,-1.870163087778299,-2.5692753546518485,-1.1951882994842848,4.136740753494177,4263.75
3412,-1.1823687510430605,-1.8354885106407675,-1.8701630818085966,-2.569275368232611,-1.195188302407918,4.160789171897368,4265.0
3413,-1.1823687528156408,-1.835488506208647,-1.870163078321262,-2.5692753761661153,-1.1951883041158233,4.1748375903005135,4266.25
3414,-1.183443425453141,-1.8382510371390142,-1.8664454439205338,-2.5702380157900784,-1.1962611327887693,4.180829621804462,4267.5
3415,-1.1848691886427614,-1.841916081106648,-1.861513273771119,-2.5715151414359556,-1.1976844510364266,4.177157031339903,4268.75
3416,-1.1849639209954546,-1.8421596046588176,-1.8611855630936769,-2.5715999968810164,-1.197779025221062,4.165468225664171,4270.0
3417,-1.1849639193862647,-1.8421596119047852,-1.8611855663807848,-2.571599993676702,-1.19777903162645,4.14406475682043,4271.25
3418,-1.184963917025239,-1.84215962253617,-1.8611855712036758,-2.571599988975287,-1.1977790410245248,4.112661287976812,4272.5
3419,-1.184963913912377,-1.8421596365529722,-1.8611855775623494,-2.571599982776771,-1.1977790534152866,4.071257819133092,4273.75
3420,-1.1849639098785707,-1.8421596541068614,-1.8611855849803245,-2.571599976898522,-1.1977790673266966,4.019854351949438,4275.0
3421,-1.184963904693026,-1.84215967540483,-1.8611855928073178,-2.5715999738208115,-1.1977790807497737,3.95845088808073,4276.25
3422,-1.1849638994288785,-1.842159699844545,-1.861185603148812,-2.5715999659408335,-1.1977790945540732,3.8870474260426042,4277.5
3423,-1.1849639001061032,-1.8421597248574977,-1.8611856257497688,-2.5715999194524484,-1.1977790945537001,3.805643978649197,4278.75
3424,-1.1849639008538624,-1.8421597529344285,-1.8611856511600893,-2.5715998671097977,-1.1977790944468751,3.7142405362049584,4280.0
3425,-1.184963901663925,-1.8421597840696586,-1.861185679401198,-2.5715998088196446,-1.1977790941644155,3.6128371009677105,4281.25
3426,-1.1849639173424222,-1.8421598146521836,-1.861185712034626,-2.5715997458905764,-1.1977791102603053,3.5014336771201475,4282.5
3427,-1.1849639348960457,-1.8421598478648535,-1.8611857476504015,-2.571599677339104,-1.1977791283297967,3.3800302603859587,4283.75
3428,-1.184963963174325,-1.8421598797046608,-1.861185785255183,-2.5715996083653967,-1.1977791571475995,3.248626849915952,4285.0
3429,-1.1849640010028457,-1.842159910691743,-1.861185824967583,-2.5715995383118386,-1.1977791955384243,3.1072234421487277,4286.25
3430,-1.1849640498753031,-1.8421599378977644,-1.8611858645857593,-2.571599472288198,-1.1977792449361035,2.9558200380708426,4287.5
3431,-1.1849641093905383,-1.8421599616089819,-1.8611859042489263,-2.571599409863481,-1.197779304943,2.7944166405738144,4288.75
3432,-1.1849641793686319,-1.8421599755054823,-1.861185938144505,-2.571599363149442,-1.1977793752823518,2.6286743891458855,4290.0
3433,-1.1849642481774278,-1.8421599853200048,-1.8611859679660645,-2.571599324562762,-1.1977794443866738,2.472319108506522,4291.25
3434,-1.184964317629979,-1.842159981896331,-1.8611859859212783,-2.5715993110537867,-1.1977795139308505,2.325963827866918,4292.5
3435,-1.184964382503843,-1.8421599782896596,-1.8611860023203872,-2.571599299215376,-1.1977795788839625,2.189608547227816,4293.75
3436,-1.184964442282028,-1.8421599646330518,-1.8611860080164937,-2.5715993080265545,-1.1977796385749637,2.06325326658836,4295.0
3437,-1.1849644973084845,-1.842159951423368,-1.8611860126779347,-2.5715993173560983,-1.197779693511265,1.9468979859494593,4296.25
3438,-1.184964545318532,-1.8421599350218603,-1.8611860123021637,-2.571599334801646,-1.1977797413670512,1.8405427053103764,4297.5
3439,-1.1849645869200356,-1.8421599165785203,-1.8611860081214227,-2.5715993579931573,-1.1977797827692842,1.7441874246714337,4298.75
3440,-1.1849646242040293,-1.8421599000492819,-1.8611860043745638,-2.571599378777796,-1.1977798198746878,1.6578321440323995,4300.0
3441,-1.1849646549603023,-1.8421598836236426,-1.8611859987413366,-2.571599401248495,-1.197779850440377,1.5814768633934906,4301.25
3442,-1.1849646785566827,-1.842159866783758,-1.8611859905580936,-2.57159942657593,-1.1977798738248335,1.5151215827546043,4302.5
3443,-1.1849646985969964,-1.84215985248171,-1.861185983608097,-2.571599448086422,-1.1977798936851614,1.4587663021155706,4303.75
3444,-1.184964715081244,-1.8421598407175004,-1.8611859778913442,-2.5715994657799714,-1.1977799100213606,1.4124110214763772,4305.0
3445,-1.1849647280094247,-1.8421598314911267,-1.8611859734078386,-2.5715994796565766,-1.1977799228334312,1.3760557408373426,4306.25
3446,-1.1849647373815386,-1.842159824802589,-1.8611859701575808,-2.571599489716239,-1.1977799321213725,1.3497004601982967,4307.5
3447,-1.1849647431975856,-1.842159820651887,-1.86118596814057,-2.5715994959589574,-1.1977799378851846,1.3333451795592395,4308.75
3448,-1.1856611161455048,-1.84397200092267,-1.8587333988865933,-2.572244734825976,-1.1984750523945067,1.3255556304802283,4310.0
3449,-1.1872025252218015,-1.8479832513604388,-1.8533046596922003,-2.5736729595674745,-1.2000136765145415,1.326904910401939,4311.25
3450,-1.1875244062569175,-1.8488209017593642,-1.8521710055541862,-2.5739712093692813,-1.200334978474652,1.336775594264393,4312.5
3451,-1.1875244002011178,-1.848820907241612,-1.8521710054937717,-2.573971212268738,-1.2003349774444774,1.355836969439618,4313.75
3452,-1.1875243909683175,-1.8488209155999626,-1.852171005401662,-2.573971216689311,-1.2003349758738513,1.3848983446147753,4315.0
3453,-1.1875243785585168,-1.8488209268344162,-1.852171005277858,-2.5739712226310005,-1.2003349737627742,1.4239597197899798,4316.25
3454,-1.187524363031167,-1.8488209409078282,-1.8521710052347518,-2.5739712296804367,-1.2003349716284248,1.4730210931297931,4317.5
3455,-1.1875243449243056,-1.8488209574840386,-1.8521710062895111,-2.5739712340966054,-1.2003349741513043,1.5320824501495878,4318.75
3456,-1.1875243237516728,-1.8488209768668573,-1.852171007522858,-2.573971239260499,-1.2003349771013463,1.6011438071695434,4320.0
3457,-1.1875242910928718,-1.8488209926520138,-1.8521710109788785,-2.5739712222635056,-1.2003349488028903,1.6802051496603507,4321.25
3458,-1.1875242530283832,-1.8488210094646282,-1.8521710151936832,-2.573971199604178,-1.200334912104215,1.7692664879916813,4322.5
3459,-1.1875242106627284,-1.8488210281469053,-1.8521710199502093,-2.573971174102636,-1.2003348710548256,1.8683278161644103,4323.75
3460,-1.187524160570912,-1.8488210425399658,-1.8521710180445177,-2.573971160455147,-1.2003348213571394,1.9773891356801294,4325.0
3461,-1.1875241046003469,-1.8488210559528686,-1.852171013301224,-2.573971150939178,-1.2003347654185228,2.09645044756866,4326.25
3462,-1.187524043806745,-1.848821066701119,-1.8521710046462565,-2.5739711479406675,-1.2003347046176112,2.2255117523468724,4327.5
3463,-1.1875239780486866,-1.8488210703385861,-1.8521709879656902,-2.573971160018865,-1.2003346387767875,2.364573052992827,4328.75
3464,-1.1875239092064285,-1.8488210701280088,-1.8521709668280733,-2.5739711803452887,-1.200334569786131,2.513634351570283,4330.0
3465,-1.1875238396333565,-1.848821060187881,-1.8521709365716268,-2.5739712194803466,-1.2003344999126004,2.6726956433149196,4331.25
3466,-1.1875237729733974,-1.8488210425862794,-1.8521709001952842,-2.5739712724191235,-1.2003344328388015,2.839069711019861,4332.5
3467,-1.187523714813606,-1.84882101940473,-1.8521708613023011,-2.5739713335656083,-1.2003343741959194,2.9977633176469016,4333.75
3468,-1.187523671181363,-1.8488209899362753,-1.852170821079917,-2.5739714025272367,-1.200334330013001,3.14645692427435,4335.0
3469,-1.1875236343036863,-1.8488209597249323,-1.8521707822331428,-2.573971470954545,-1.2003342925872096,3.2851505309015514,4336.25
3470,-1.1875236110491147,-1.8488209268351197,-1.8521707450816107,-2.5739715405603194,-1.2003342687712868,3.413844137528593,4337.5
3471,-1.187523593986432,-1.848820894558612,-1.8521707103747058,-2.5739716072018988,-1.2003342511697732,3.532537744155664,4338.75
3472,-1.1875235825829016,-1.8488208639893513,-1.852170678950729,-2.5739716689421086,-1.2003342392658705,3.6412313507825758,4340.0
3473,-1.1875235815990488,-1.8488208339860674,-1.8521706512143497,-2.5739717265852122,-1.2003342378122792,3.739924957409573,4341.25
3474,-1.1875235807148834,-1.848820807022832,-1.8521706262883173,-2.5739717783877043,-1.2003342365059706,3.8286185640363115,4342.5
3475,-1.187523581550359,-1.8488207830100403,-1.8521706045835473,-2.573971824052115,-1.2003342369688939,3.9073121706632308,4343.75
3476,-1.1875235901112386,-1.8488207616155137,-1.8521705876234367,-2.5739718624756165,-1.2003342452142047,3.976005777290037,4345.0
3477,-1.187523597425877,-1.8488207433354729,-1.8521705731322762,-2.573971895305656,-1.200334252259213,4.034699383916855,4346.25
3478,-1.1875236034942744,-1.8488207281699205,-1.852170561110063,-2.5739719225422353,-1.2003342581039191,4.083392990543721,4347.5
3479,-1.187523608316431,-1.848820716118854,-1.8521705515568005,-2.5739719441853537,-1.2003342627483224,4.122086597170732,4348.75
3480,-1.187523611892346,-1.8488207071822722,-1.8521705444724896,-2.573971960235011,-1.2003342661924234,4.150780203797698,4350.0
3481,-1.18752361422202,-1.848820701360176,-1.8521705398571295,-2.573971970691207,-1.200334268436222,4.169473810424618,4351.25
3482,-1.1878838840885781,-1.8497698242675154,-1.8508788120740258,-2.574317067626591,-1.200693853587271,4.179062921037358,4352.5
3483,-1.1894125604922925,-1.8537971133766853,-1.8453978190709006,-2.575781345953064,-1.2022196251049289,4.180063290200442,4353.75
3484,-1.190048385805325,-1.855472196070292,-1.843118098050728,-2.576390385189667,-1.2028542450107464,4.172010962928649,4355.0
3485,-1.1900483845482281,-1.8554722016619243,-1.8431181005651753,-2.5763903828407297,-1.2028542498640715,4.155324377421436,4356.25
3486,-1.1900483825377732,-1.855472210604531,-1.8431181045864904,-2.576390379084113,-1.2028542576259156,4.128637791914175,4357.5
3487,-1.1900483797739605,-1.8554722228981113,-1.843118110114673,-2.576390373919816,-1.2028542682962784,4.091951206406925,4358.75
3488,-1.19004837625679,-1.8554722385426665,-1.8431181171497228,-2.576390367347839,-1.2028542818751606,4.045264620899685,4360.0
3489,-1.1900483715293138,-1.8554722579418121,-1.8431181244231953,-2.576390364176344,-1.2028542943444056,3.988578044054292,4361.25
3490,-1.190048365889459,-1.8554722808323931,-1.8431181327621093,-2.5763903612704375,-1.2028543083238283,3.921891468585959,4362.5
3491,-1.1900483640476531,-1.85547230516047,-1.8431181499179923,-2.5763903317752606,-1.2028543138995595,3.8452049037069407,4363.75
3492,-1.190048364760372,-1.8554723314602883,-1.843118173864663,-2.5763902826942835,-1.2028543138833163,3.7585183447879214,4365.0
3493,-1.1900483655264877,-1.8554723607729504,-1.8431182006527225,-2.5763902276104993,-1.2028543136204382,3.661831797351235,4366.25
3494,-1.1900483737241627,-1.8554723913195397,-1.8431182310179834,-2.576390167362456,-1.2028543214822627,3.5551452565767887,4367.5
3495,-1.190048390392032,-1.8554724228481188,-1.8431182650687357,-2.5763901020488933,-1.20285433864007,3.43845872392345,4368.75
3496,-1.1900484099805289,-1.8554724564188487,-1.8431183018871085,-2.5763900319689075,-1.2028543587676472,3.3117721991930136,4370.0
3497,-1.1900484461051446,-1.8554724860131386,-1.8431183400728752,-2.5763899648050277,-1.202854395434863,3.1750856800572236,4371.25
3498,-1.1900484858774594,-1.855472517056385,-1.8431183807011788,-2.576389893808488,-1.202854435780442,3.0283991613925783,4372.5
3499,-1.190048542953893,-1.8554725398138987,-1.8431184190024579,-2.5763898336607736,-1.2028544933336356,2.871712649841915,4373.75
3500,-1.1900486067003344,-1.8554725600036832,-1.8431184569815908,-2.5763897764951853,-1.2028545575305958,2.705815070629347,4375.0
3501,-1.190048676724461,-1.8554725700228678,-1.8431184875402202,-2.5763897369864157,-1.2028546278590289,2.544746134756897,4376.25
3502,-1.1900487449948212,-1.8554725729400299,-1.8431185110448434,-2.5763897115883205,-1.2028546963187052,2.3936771988844336,4377.5
3503,-1.1900488112972842,-1.855472569290142,-1.8431185279211935,-2.576389699338458,-1.2028547627034276,2.2526082630125095,4378.75
3504,-1.1900488727300735,-1.8554725607307083,-1.8431185388054703,-2.576389697904445,-1.2028548241312902,2.121539327140118,4380.0
3505,-1.190048929290787,-1.8554725471886138,-1.8431185436298327,-2.576389707427005,-1.202854880598741,2.000470391268351,4381.25
3506,-1.1900489809093786,-1.8554725342537697,-1.843118547503914,-2.57638971722071,-1.2028549321231912,1.8894014553962892,4382.5
3507,-1.1900490240159787,-1.8554725151745894,-1.8431185431413675,-2.576389741252067,-1.2028549750214497,1.7883325195244473,4383.75
3508,-1.1900490628575109,-1.8554724979831514,-1.8431185392104574,-2.5763897629057055,-1.2028550136752543,1.6972635836526193,4385.0
3509,-1.1900490974339746,-1.8554724826794544,-1.8431185357111863,-2.5763897821816255,-1.2028550480846043,1.6161946477808113,4386.25
3510,-1.1900491228315129,-1.8554724652378962,-1.8431185274493938,-2.576389808215559,-1.202855073262218,1.5451257119090733,4387.5
3511,-1.1900491442839836,-1.8554724499462332,-1.8431185199574986,-2.5763898312768343,-1.2028550945201595,1.484056776037186,4388.75
3512,-1.190049162223626,-1.8554724371585725,-1.8431185136923935,-2.5763898505618403,-1.2028551122971267,1.4329878401652811,4390.0
3513,-1.1900491766504402,-1.8554724268749123,-1.8431185086540813,-2.5763898660705773,-1.2028551265931198,1.391918904293371,4391.25
3514,-1.1900491875644255,-1.855472419095252,-1.843118504842563,-2.5763898778030447,-1.202855137408138,1.3608499684215065,4392.5
3515,-1.1900491949655818,-1.855472413819591,-1.8431185022578387,-2.576389885759243,-1.2028551447421814,1.3397810325496304,4393.75
3516,-1.1901626638571372,-1.855775034968586,-1.842704362929158,-2.576502183564501,-1.20296838713154,1.3283582171078574,4395.0
3517,-1.1915526350108625,-1.8594822454196214,-1.8376310809464276,-2.577877805119392,-1.2043555840509996,1.324962738122189,4396.25
3518,-1.1925398726248286,-1.8621153297635518,-1.8340277337653923,-2.5788548536109652,-1.2053408528069345,1.3311649742881095,4397.5
3519,-1.1925398681276647,-1.8621153338269991,-1.8340277336986268,-2.578854855842204,-1.2053408519504902,1.3454423185770361,4398.75
3520,-1.1925398604806408,-1.8621153407365263,-1.8340277335850979,-2.578854859636226,-1.2053408504941838,1.3697196628658383,4400.0
3521,-1.1925398496837567,-1.8621153504921346,-1.834027733424806,-2.578854864993031,-1.205340848438015,1.403997007154688,4401.25
3522,-1.1925398357370123,-1.8621153630938232,-1.8340277332177506,-2.5788548719126196,-1.2053408457819839,1.448274351443527,4402.5
3523,-1.192539819025215,-1.8621153783048257,-1.8340277336803288,-2.578854877778727,-1.2053408459082944,1.5025516831034484,4403.75
3524,-1.1925397994868392,-1.8621153961629981,-1.834027734698,-2.5788548830096527,-1.205340848276185,1.5668290071365139,4405.0
3525,-1.192539773281886,-1.8621154139889327,-1.8340277368264397,-2.5788548788710406,-1.205340837413384,1.6411063245399948,4406.25
3526,-1.192539737703019,-1.8621154296846611,-1.8340277407766137,-2.5788548577613826,-1.2053408031686597,1.7253836319763427,4407.5
3527,-1.192539697881109,-1.862115447227714,-1.8340277452521487,-2.5788548339023603,-1.205340764677699,1.819660930792987,4408.75
3528,-1.1925396526548173,-1.8621154645305387,-1.8340277477904263,-2.578854812303549,-1.2053407204835147,1.9239382227733066,4410.0
3529,-1.1925395995827113,-1.862115477215848,-1.8340277432635899,-2.578854803333906,-1.2053406674478913,2.0382155060953906,4411.25
3530,-1.1925395418650029,-1.8621154910125526,-1.834027738336377,-2.5788547935954416,-1.2053406097584143,2.162492779788659,4412.5
3531,-1.1925394791876929,-1.8621154960844966,-1.8340277238366136,-2.578854802098706,-1.2053405470165328,2.296770048128373,4413.75
3532,-1.192539411786414,-1.8621154997788203,-1.8340277066191304,-2.578854814631367,-1.2053404795293807,2.4410473155259798,4415.0
3533,-1.1925393442023546,-1.8621154925185377,-1.8340276792526446,-2.578854848232901,-1.2053404116878692,2.595324577356373,4416.25
3534,-1.1925392736950344,-1.8621154817916232,-1.8340276477977404,-2.578854889336022,-1.205340340862597,2.759585717395433,4417.5
3535,-1.1925392145047804,-1.8621154581857124,-1.8340276079378874,-2.578854951856852,-1.205340281175243,2.9230600891166207,4418.75
3536,-1.1925391627230908,-1.8621154333255023,-1.8340275691887926,-2.578855014628161,-1.2053402288923494,3.0765344608381606,4420.0
3537,-1.1925391250329982,-1.8621154024501818,-1.834027529208229,-2.5788550848396774,-1.2053401906360584,3.2200088325593406,4421.25
3538,-1.1925390935249158,-1.8621153721546535,-1.8340274916531916,-2.578855152139486,-1.205340158583981,3.3534832042804186,4422.5
3539,-1.19253907598754,-1.8621153389944316,-1.8340274557326357,-2.5788552208698143,-1.2053401404869981,3.4769575760014884,4423.75
3540,-1.1925390598704895,-1.8621153085198126,-1.834027422721223,-2.5788552840337795,-1.2053401238556627,3.5904319477224567,4425.0
3541,-1.1925390563137945,-1.862115278066941,-1.8340273935725104,-2.578855343500379,-1.2053401198115772,3.6939063194434354,4426.25
3542,-1.1925390553918838,-1.862115250009261,-1.8340273674368999,-2.5788553976043693,-1.2053401184455885,3.7873806911641816,4427.5
3543,-1.1925390545686,-1.8621152249532291,-1.8340273440973045,-2.578855445920249,-1.2053401172257345,3.870855062885071,4428.75
3544,-1.1925390603738915,-1.8621152025409704,-1.8340273252217143,-2.5788554872341725,-1.2053401226901284,3.944329434605841,4430.0
3545,-1.1925390681879748,-1.8621151830256695,-1.8340273096300685,-2.5788555224049063,-1.2053401302132105,4.007803806326583,4431.25
3546,-1.1925390747709972,-1.8621151665848865,-1.8340272964947901,-2.578855552034706,-1.205340136551077,4.061278178047477,4432.5
3547,-1.1925390801229583,-1.8621151532186215,-1.8340272858158793,-2.578855576123571,-1.2053401417037277,4.104752549768528,4433.75
3548,-1.1925390842438581,-1.862115142926872,-1.8340272775933373,-2.5788555946715013,-1.2053401456711628,4.138226921489475,4435.0
3549,-1.192539087133697,-1.862115135709639,-1.8340272718271646,-2.578855607678497,-1.2053401484533819,4.1617012932103785,4436.25
3550,-1.192541791352928,-1.862122428963648,-1.8340172276024769,-2.578858377107052,-1.2053428469529157,4.175184527029307,4437.5
3551,-1.1936360932066756,-1.8650772384651086,-1.8299515310838756,-2.579976732475622,-1.2064348578312425,4.180773045616254,4438.75
3552,-1.1949364902309534,-1.868588548029475,-1.8251201202849905,-2.5813057100629195,-1.2077325339325409,4.176618015939804,4440.0
3553,-1.194996243032567,-1.8687498978537072,-1.8248981170314624,-2.5813667754756997,-1.207792165947805,4.164582343734133,4441.25
3554,-1.194996241384736,-1.8687499050965093,-1.8248981202628216,-2.5813667725833627,-1.2077921721196763,4.142745538466894,4442.5
3555,-1.1949962389822932,-1.8687499156560983,-1.8248981249739575,-2.581366768366501,-1.2077921811179095,4.110908733199665,4443.75
3556,-1.1949962358252386,-1.8687499295324739,-1.8248981311648702,-2.581366762825117,-1.2077921929425044,4.06907192793239,4445.0
3557,-1.1949962317226897,-1.868749946891984,-1.8248981383128233,-2.581366757928219,-1.2077922058979127,4.017235127232477,4446.25
3558,-1.1949962264877545,-1.8687499678974986,-1.8248981459060103,-2.581366755603647,-1.207792218324039,3.955398334032055,4447.5
3559,-1.1949962214853955,-1.8687499918329158,-1.8248981564966764,-2.5813667468109545,-1.2077922304184174,3.8835615434086073,4448.75
3560,-1.1949962221506012,-1.8687500163461241,-1.8248981789968615,-2.5813667008676147,-1.207792230389657,3.8017247668003,4450.0
3561,-1.1949962228840938,-1.8687500438446687,-1.82489820428387,-2.581366649149885,-1.2077922302458703,3.709887995775786,4451.25
3562,-1.1949962238861507,-1.868750074274546,-1.824898232394931,-2.5813665916100357,-1.2077922301714001,3.608051231743331,4452.5
3563,-1.1949962396707152,-1.8687501041164398,-1.8248982648684884,-2.581366529546874,-1.207792246422845,3.4962144792284837,4453.75
3564,-1.1949962568680328,-1.8687501366258914,-1.8248983002480719,-2.581366461925673,-1.2077922641394405,3.374377733979772,4455.0
3565,-1.1949962852491915,-1.8687501674907305,-1.8248983375217311,-2.581366394259656,-1.2077922930596299,3.242540994914914,4456.25
3566,-1.1949963222865105,-1.8687501978266052,-1.8248983769499616,-2.581366325127429,-1.2077923306593725,3.1007042582948343,4457.5
3567,-1.1949963707783322,-1.8687502240055336,-1.8248984160470512,-2.5813662606437484,-1.207792379670454,2.9488675256124353,4458.75
3568,-1.1949964290243975,-1.8687502472379496,-1.8248984554111898,-2.581366198977479,-1.2077924384084182,2.787030799423186,4460.0
3569,-1.1949964977278043,-1.8687502602386397,-1.8248984885189339,-2.581366153927683,-1.2077925074637939,2.621531187944679,4461.25
3570,-1.1949965647533225,-1.8687502697058513,-1.8248985178430712,-2.5813661161604826,-1.2077925747817226,2.465615660584537,4462.5
3571,-1.1949966325103998,-1.8687502660073865,-1.824898535212361,-2.581366103489486,-1.2077926426241634,2.3197001332243716,4463.75
3572,-1.1949966956238984,-1.8687502625623962,-1.8248985513912737,-2.5813660916868706,-1.2077927058171753,2.183784605864177,4465.0
3573,-1.1949967537482693,-1.8687502488677241,-1.824898556557534,-2.5813661010448206,-1.207792763848056,2.0578690785043294,4466.25
3574,-1.1949968072508654,-1.8687502360893204,-1.8248985611532538,-2.5813661099906193,-1.20779281726186,1.9419535511443604,4467.5
3575,-1.1949968537284725,-1.8687502198591068,-1.8248985604002144,-2.5813661276230655,-1.207792863581055,1.8360380237847773,4468.75
3576,-1.1949968941452667,-1.868750201999599,-1.8248985562802396,-2.5813661501570633,-1.2077929038007436,1.7401224964248654,4470.0
3577,-1.1949969303482717,-1.868750186002099,-1.824898552589801,-2.5813661703417035,-1.2077929398271936,1.6542069690651817,4471.25
3578,-1.1949969599516317,-1.868750169912424,-1.8248985467890553,-2.581366192630231,-1.207792969238516,1.578291441705474,4472.5
3579,-1.1949969828279408,-1.8687501536262203,-1.8248985387423726,-2.5813662172604523,-1.2077929919053807,1.5123759143457682,4473.75
3580,-1.1949970022337004,-1.868750139810786,-1.824898531916446,-2.5813662381540396,-1.207793011133471,1.4564603869860506,4475.0
3581,-1.1949970181689114,-1.8687501284661225,-1.8248985263112734,-2.581366255310994,-1.2077930269227872,1.4105448596261518,4476.25
3582,-1.1949970306335729,-1.8687501195922274,-1.8248985219268583,-2.5813662687313146,-1.2077930392733283,1.3746293322662981,4477.5
3583,-1.194997039627685,-1.8687501131891007,-1.8248985187632007,-2.5813662784149995,-1.2077930481850947,1.348713804906547,4478.75
3584,-1.1949970451512475,-1.8687501092567425,-1.8248985168203007,-2.581366284362051,-1.2077930536580863,1.3327982775467275,4480.0
3585,-1.1957118632661405,-1.8707042114726087,-1.822195270262189,-2.58212027486971,-1.208506303893398,1.325315197759581,4481.25
3586,-1.1971553281707568,-1.8746502394179538,-1.8167364608535808,-2.583642843377761,-1.209946603300121,1.3270346240589488,4482.5
3587,-1.1974214365037046,-1.8753777160443381,-1.8157300966180017,-2.583923539510303,-1.2102121304462488,1.3371461709261376,4483.75
3588,-1.1974214304567448,-1.8753777214981289,-1.8157300965004264,-2.5839235426079497,-1.210212129174554,1.3565091057964795,4485.0
3589,-1.1974214212868284,-1.8753777297685335,-1.8157300963221297,-2.5839235473053783,-1.2102121272460913,1.385872040666868,4486.25
3590,-1.1974214089939557,-1.8753777408555523,-1.815730096083111,-2.583923553602588,-1.210212124660861,1.4252349755373035,4487.5
3591,-1.1974213936548235,-1.87537775471265,-1.8157300959241098,-2.5839235609893008,-1.210212122099913,1.4745979076457332,4488.75
3592,-1.1974213757632468,-1.8753777710402142,-1.8157300967512793,-2.5839235661800575,-1.2102121239482209,1.5339608216911649,4490.0
3593,-1.1974213548577382,-1.8753777901182431,-1.8157300977177897,-2.5839235722452254,-1.210212126107886,1.6033237357365864,4491.25
3594,-1.1974213225693877,-1.875377805341838,-1.8157301011851588,-2.583923554976468,-1.210212097307758,1.6826866346983134,4492.5
3595,-1.197421285289526,-1.8753778217554191,-1.815730105364527,-2.5839235328088694,-1.210212061400921,1.7720495295886092,4493.75
3596,-1.1974212438136336,-1.8753778399876488,-1.815730110079138,-2.58392350787126,-1.2102120212662402,1.8714124145290774,4495.0
3597,-1.1974211946485505,-1.8753778537723884,-1.8157301079010255,-2.5839234951759003,-1.2102119724601703,1.980775290448693,4496.25
3598,-1.1974211398766212,-1.8753778668333712,-1.815730103194068,-2.583923485988262,-1.2102119177213977,2.10013815877131,4497.5
3599,-1.1974210803853045,-1.875377876946939,-1.8157300942887207,-2.583923483889569,-1.210211858220227,2.229501020024525,4498.75
3600,-1.1974210160574048,-1.87537788044546,-1.8157300777379475,-2.5839234959944477,-1.2102117938088197,2.368863877247379,4500.0
3601,-1.1974209488814274,-1.8753778797838432,-1.8157300564467518,-2.5839235169457697,-1.2102117264778107,2.5182267321458243,4501.25
3602,-1.1974208808387208,-1.8753778700176627,-1.8157300264330603,-2.5839235556848985,-1.2102116581342852,2.6775895802901797,4502.5
3603,-1.1974208161226723,-1.875377852399696,-1.8157299901503454,-2.5839236085735435,-1.2102115929993644,2.8439399014058573,4503.75
3604,-1.197420759458651,-1.8753778297977133,-1.8157299517166565,-2.5839236687040037,-1.2102115358541998,3.0023254538149144,4505.0
3605,-1.1974207174037679,-1.875377800774282,-1.815729911815057,-2.5839237369246577,-1.2102114932470687,3.150711006223981,4506.25
3606,-1.1974206814831572,-1.8753777713589168,-1.815729873437451,-2.583923804103705,-1.210211456781068,3.2890965586327656,4507.5
3607,-1.1974206593075405,-1.8753777391464936,-1.815729836692392,-2.583923872644836,-1.2102114340448522,3.4174821110418456,4508.75
3608,-1.19742064269221,-1.875377707750749,-1.8157298024172581,-2.5839239379844656,-1.21021141689381,3.535867663450243,4510.0
3609,-1.1974206320105454,-1.875377677926291,-1.815729771427873,-2.583923998559735,-1.2102114057141424,3.644253215858991,4511.25
3610,-1.1974206310503794,-1.8753776487695002,-1.8157297440507845,-2.583924055001811,-1.2102114042873764,3.742638768267412,4512.5
3611,-1.1974206301878056,-1.875377622576238,-1.815729719456323,-2.5839241057070623,-1.2102114030056281,3.831024320676063,4513.75
3612,-1.1974206312945628,-1.875377599244715,-1.8157296981260513,-2.583924150323362,-1.2102114037430123,3.909409873084555,4515.0
3613,-1.197420639611717,-1.8753775784899225,-1.8157296814083796,-2.5839241878647226,-1.2102114117472493,3.9777954254930106,4516.25
3614,-1.1974206467126558,-1.8753775607700969,-1.8157296671353285,-2.5839242199164203,-1.2102114185810289,4.036180977901535,4517.5
3615,-1.19742065259738,-1.8753775460852418,-1.815729655306895,-2.5839242464784555,-1.2102114242443516,4.084566530310129,4518.75
3616,-1.197420657265889,-1.875377534435354,-1.815729645923082,-2.5839242675508283,-1.2102114287372168,4.122952082718733,4520.0
3617,-1.1974206607181828,-1.875377525820433,-1.8157296389838904,-2.5839242831335385,-1.2102114320596247,4.151337635127291,4521.25
3618,-1.1974206629542616,-1.8753775202404785,-1.8157296344893197,-2.5839242932265867,-1.210211434211575,4.169723187535919,4522.5
3619,-1.1977928359909444,-1.8764075841955772,-1.8142970968054923,-2.5843292735565653,-1.2105827528945143,4.1790903084218405,4523.75
3620,-1.1992413502751647,-1.8804166624353509,-1.8087215874620617,-2.585905460770303,-1.2120279424565548,4.179850392945372,4525.0
3621,-1.199812837878889,-1.8819983832817362,-1.8065218602131374,-2.5865273190311378,-1.2125981210968761,4.1716394425527605,4526.25
3622,-1.1998128366050125,-1.8819983888163831,-1.8065218626649804,-2.586527316929096,-1.2125981257267466,4.154780397211315,4527.5
3623,-1.1998128345755317,-1.8819983976339245,-1.8065218665711422,-2.5865273135802207,-1.2125981331028406,4.127921351869822,4528.75
3624,-1.1998128317904468,-1.881998409734361,-1.8065218719316234,-2.586527308984512,-1.2125981432251578,4.091062306528283,4530.0
3625,-1.1998128282497578,-1.881998425117692,-1.8065218787464234,-2.586527303141971,-1.2125981560936985,4.044203261186753,4531.25
3626,-1.1998128234907326,-1.8819984441824118,-1.8065218857639516,-2.5865273007367016,-1.2125981675567292,3.987344226202926,4532.5
3627,-1.1998128178272909,-1.8819984666581813,-1.8065218938332928,-2.586527298590987,-1.212598180430804,3.920485192615327,4533.75
3628,-1.1998128160939183,-1.8819984904120206,-1.8065219109920707,-2.5865272691017513,-1.2125981852866181,3.8436261699530987,4535.0
3629,-1.19981281679217,-1.8819985160974921,-1.8065219347677777,-2.586527220745165,-1.2125981852432464,3.7567671529701205,4536.25
3630,-1.1998128175436353,-1.8819985447179188,-1.8065219613629475,-2.586527166471872,-1.2125981849593517,3.659908147888893,4537.5
3631,-1.1998128258120888,-1.8819985744847731,-1.8065219915219197,-2.586527107154115,-1.2125981929201732,3.553049149472338,4538.75
3632,-1.1998128421116518,-1.881998605274419,-1.806522025297547,-2.586527042845665,-1.2125982097115793,3.4361901591581283,4540.0
3633,-1.1998128615384331,-1.8819986379353355,-1.8065220617854234,-2.5865269740017394,-1.2125982296782025,3.3093311767622438,4541.25
3634,-1.1998128968527537,-1.8819986668453446,-1.8065220996535856,-2.5865269078256405,-1.212598265534369,3.1724721999363656,4542.5
3635,-1.1998129359890297,-1.8819986969850568,-1.806522139848503,-2.58652683815402,-1.2125983052405984,3.0256132237743243,4543.75
3636,-1.199812991773974,-1.8819987192346712,-1.8065221778247815,-2.5865267788197874,-1.212598361501866,2.8687542546577536,4545.0
3637,-1.1998130542500531,-1.8819987387384471,-1.8065222153061034,-2.5865267228189617,-1.2125984244246157,2.7027496732990937,4546.25
3638,-1.1998131225890505,-1.8819987485533427,-1.8065222455611893,-2.586526683795097,-1.2125984930676206,2.5417366751745094,4547.5
3639,-1.1998131893129267,-1.88199875120069,-1.8065222686325877,-2.5865266590794356,-1.2125985599771996,2.3907236770496283,4548.75
3640,-1.199813254015401,-1.8819987476938718,-1.806522285340009,-2.5865266468354937,-1.2125986247624354,2.2497106789254557,4550.0
3641,-1.199813313955806,-1.881998739169363,-1.806522295897179,-2.5865266456751566,-1.212598684694982,2.118697680800874,4551.25
3642,-1.199813369147019,-1.8819987260176754,-1.8065223006722955,-2.5865266548409385,-1.2125987397940015,1.9976846826765398,4552.5
3643,-1.1998134194096401,-1.881998713258064,-1.8065223042912852,-2.586526664698229,-1.2125987899601267,1.886671684552308,4553.75
3644,-1.1998134614678333,-1.8819986947033374,-1.806522299972057,-2.5865266881510736,-1.2125988318113543,1.7856586864280828,4555.0
3645,-1.199813499362386,-1.8819986779854792,-1.8065222960804155,-2.586526709282154,-1.2125988695194303,1.6946456883039644,4556.25
3646,-1.199813533093297,-1.8819986631044872,-1.8065222926163638,-2.58652672809147,-1.2125989030843538,1.6136326901797164,4557.5
3647,-1.1998135576873583,-1.8819986459890203,-1.8065222842471051,-2.5865267538981698,-1.2125989274570066,1.5426196920556317,4558.75
3648,-1.1998135786099415,-1.88199863111333,-1.806522276833189,-2.586526776460853,-1.2125989481861825,1.4816066939315322,4560.0
3649,-1.1998135961033245,-1.88199861867576,-1.806522270634407,-2.5865267953255247,-1.2125989655178573,1.430593695807289,4561.25
3650,-1.1998136101675063,-1.8819986086763087,-1.806522265650762,-2.586526810492184,-1.2125989794520307,1.38958069768311,4562.5
3651,-1.199813620802487,-1.8819986011149745,-1.806522261882255,-2.5865268219608306,-1.2125989899887022,1.358567699558863,4563.75
3652,-1.1998136280082667,-1.8819985959917584,-1.8065222593288859,-2.5865268297314645,-1.212598997127872,1.3375547014346045,4565.0
3653,-1.1998136317848453,-1.8819985933066599,-1.8065222579906546,-2.586526833804085,-1.21259900086954,1.3265417033102211,4566.25
3654,-1.1998136324047788,-1.881998592865895,-1.8065222577709812,-2.5865268344726147,-1.2125990014837429,1.3247338959881125,4567.001624762
