[0.406s] DEBUG:colcon:Command line arguments: ['/usr/bin/colcon', 'build']
[0.407s] DEBUG:colcon:Parsed command line arguments: Namespace(log_base=None, log_level=None, verb_name='build', build_base='build', install_base='install', merge_install=False, symlink_install=False, test_result_base=None, continue_on_error=False, executor='parallel', parallel_workers=2, event_handlers=None, ignore_user_meta=False, metas=['./colcon.meta'], base_paths=['.'], packages_ignore=None, packages_ignore_regex=None, paths=None, packages_up_to=None, packages_up_to_regex=None, packages_above=None, packages_above_and_dependencies=None, packages_above_depth=None, packages_select_by_dep=None, packages_skip_by_dep=None, packages_skip_up_to=None, packages_select_build_failed=False, packages_skip_build_finished=False, packages_select_test_failures=False, packages_skip_test_passed=False, packages_select=None, packages_skip=None, packages_select_regex=None, packages_skip_regex=None, packages_start=None, packages_end=None, allow_overriding=[], cmake_args=None, cmake_target=None, cmake_target_skip_unavailable=False, cmake_clean_cache=False, cmake_clean_first=False, cmake_force_configure=False, ament_cmake_args=None, catkin_cmake_args=None, catkin_skip_building_tests=False, verb_parser=<colcon_defaults.argument_parser.defaults.DefaultArgumentsDecorator object at 0x7cad3c60e680>, verb_extension=<colcon_core.verb.build.BuildVerb object at 0x7cad3c60d570>, main=<bound method BuildVerb.main of <colcon_core.verb.build.BuildVerb object at 0x7cad3c60d570>>)
[0.844s] Level 1:colcon.colcon_core.package_discovery:discover_packages(colcon_meta) check parameters
[0.845s] Level 1:colcon.colcon_core.package_discovery:discover_packages(recursive) check parameters
[0.845s] Level 1:colcon.colcon_core.package_discovery:discover_packages(ignore) check parameters
[0.845s] Level 1:colcon.colcon_core.package_discovery:discover_packages(path) check parameters
[0.845s] Level 1:colcon.colcon_core.package_discovery:discover_packages(colcon_meta) discover
[0.846s] Level 1:colcon.colcon_core.package_discovery:discover_packages(recursive) discover
[0.846s] INFO:colcon.colcon_core.package_discovery:Crawling recursively for packages in '/home/adela/TFM_AdelaJimenez'
[0.846s] Level 1:colcon.colcon_core.package_identification:_identify(.) by extensions ['ignore', 'ignore_ament_install']
[0.846s] Level 1:colcon.colcon_core.package_identification:_identify(.) by extension 'ignore'
[0.847s] Level 1:colcon.colcon_core.package_identification:_identify(.) by extension 'ignore_ament_install'
[0.847s] Level 1:colcon.colcon_core.package_identification:_identify(.) by extensions ['colcon_pkg']
[0.847s] Level 1:colcon.colcon_core.package_identification:_identify(.) by extension 'colcon_pkg'
[0.847s] Level 1:colcon.colcon_core.package_identification:_identify(.) by extensions ['colcon_meta']
[0.847s] Level 1:colcon.colcon_core.package_identification:_identify(.) by extension 'colcon_meta'
[0.847s] Level 1:colcon.colcon_core.package_identification:_identify(.) by extensions ['ros']
[0.847s] Level 1:colcon.colcon_core.package_identification:_identify(.) by extension 'ros'
[0.865s] Level 1:colcon.colcon_core.package_identification:_identify(.) by extensions ['cmake', 'python']
[0.866s] Level 1:colcon.colcon_core.package_identification:_identify(.) by extension 'cmake'
[0.866s] Level 1:colcon.colcon_core.package_identification:_identify(.) by extension 'python'
[0.866s] Level 1:colcon.colcon_core.package_identification:_identify(.) by extensions ['python_setup_py']
[0.866s] Level 1:colcon.colcon_core.package_identification:_identify(.) by extension 'python_setup_py'
[0.866s] Level 1:colcon.colcon_core.package_identification:_identify(Memoria_TFM) by extensions ['ignore', 'ignore_ament_install']
[0.867s] Level 1:colcon.colcon_core.package_identification:_identify(Memoria_TFM) by extension 'ignore'
[0.867s] Level 1:colcon.colcon_core.package_identification:_identify(Memoria_TFM) by extension 'ignore_ament_install'
[0.867s] Level 1:colcon.colcon_core.package_identification:_identify(Memoria_TFM) by extensions ['colcon_pkg']
[0.867s] Level 1:colcon.colcon_core.package_identification:_identify(Memoria_TFM) by extension 'colcon_pkg'
[0.867s] Level 1:colcon.colcon_core.package_identification:_identify(Memoria_TFM) by extensions ['colcon_meta']
[0.867s] Level 1:colcon.colcon_core.package_identification:_identify(Memoria_TFM) by extension 'colcon_meta'
[0.868s] Level 1:colcon.colcon_core.package_identification:_identify(Memoria_TFM) by extensions ['ros']
[0.868s] Level 1:colcon.colcon_core.package_identification:_identify(Memoria_TFM) by extension 'ros'
[0.868s] Level 1:colcon.colcon_core.package_identification:_identify(Memoria_TFM) by extensions ['cmake', 'python']
[0.868s] Level 1:colcon.colcon_core.package_identification:_identify(Memoria_TFM) by extension 'cmake'
[0.868s] Level 1:colcon.colcon_core.package_identification:_identify(Memoria_TFM) by extension 'python'
[0.869s] Level 1:colcon.colcon_core.package_identification:_identify(Memoria_TFM) by extensions ['python_setup_py']
[0.869s] Level 1:colcon.colcon_core.package_identification:_identify(Memoria_TFM) by extension 'python_setup_py'
[0.869s] Level 1:colcon.colcon_core.package_identification:_identify(build) by extensions ['ignore', 'ignore_ament_install']
[0.869s] Level 1:colcon.colcon_core.package_identification:_identify(build) by extension 'ignore'
[0.869s] Level 1:colcon.colcon_core.package_identification:_identify(build) ignored
[0.870s] Level 1:colcon.colcon_core.package_identification:_identify(control_unit) by extensions ['ignore', 'ignore_ament_install']
[0.871s] Level 1:colcon.colcon_core.package_identification:_identify(control_unit) by extension 'ignore'
[0.871s] Level 1:colcon.colcon_core.package_identification:_identify(control_unit) by extension 'ignore_ament_install'
[0.871s] Level 1:colcon.colcon_core.package_identification:_identify(control_unit) by extensions ['colcon_pkg']
[0.871s] Level 1:colcon.colcon_core.package_identification:_identify(control_unit) by extension 'colcon_pkg'
[0.871s] Level 1:colcon.colcon_core.package_identification:_identify(control_unit) by extensions ['colcon_meta']
[0.871s] Level 1:colcon.colcon_core.package_identification:_identify(control_unit) by extension 'colcon_meta'
[0.871s] Level 1:colcon.colcon_core.package_identification:_identify(control_unit) by extensions ['ros']
[0.871s] Level 1:colcon.colcon_core.package_identification:_identify(control_unit) by extension 'ros'
[0.871s] Level 1:colcon.colcon_core.package_identification:_identify(control_unit) by extensions ['cmake', 'python']
[0.871s] Level 1:colcon.colcon_core.package_identification:_identify(control_unit) by extension 'cmake'
[0.872s] Level 1:colcon.colcon_core.package_identification:_identify(control_unit) by extension 'python'
[0.872s] Level 1:colcon.colcon_core.package_identification:_identify(control_unit) by extensions ['python_setup_py']
[0.872s] Level 1:colcon.colcon_core.package_identification:_identify(control_unit) by extension 'python_setup_py'
[0.872s] Level 1:colcon.colcon_core.package_identification:_identify(control_unit/main_thermoregulator_s_program) by extensions ['ignore', 'ignore_ament_install']
[0.872s] Level 1:colcon.colcon_core.package_identification:_identify(control_unit/main_thermoregulator_s_program) by extension 'ignore'
[0.872s] Level 1:colcon.colcon_core.package_identification:_identify(control_unit/main_thermoregulator_s_program) by extension 'ignore_ament_install'
[0.872s] Level 1:colcon.colcon_core.package_identification:_identify(control_unit/main_thermoregulator_s_program) by extensions ['colcon_pkg']
[0.872s] Level 1:colcon.colcon_core.package_identification:_identify(control_unit/main_thermoregulator_s_program) by extension 'colcon_pkg'
[0.872s] Level 1:colcon.colcon_core.package_identification:_identify(control_unit/main_thermoregulator_s_program) by extensions ['colcon_meta']
[0.872s] Level 1:colcon.colcon_core.package_identification:_identify(control_unit/main_thermoregulator_s_program) by extension 'colcon_meta'
[0.872s] Level 1:colcon.colcon_core.package_identification:_identify(control_unit/main_thermoregulator_s_program) by extensions ['ros']
[0.872s] Level 1:colcon.colcon_core.package_identification:_identify(control_unit/main_thermoregulator_s_program) by extension 'ros'
[0.872s] Level 1:colcon.colcon_core.package_identification:_identify(control_unit/main_thermoregulator_s_program) by extensions ['cmake', 'python']
[0.872s] Level 1:colcon.colcon_core.package_identification:_identify(control_unit/main_thermoregulator_s_program) by extension 'cmake'
[0.873s] Level 1:colcon.colcon_core.package_identification:_identify(control_unit/main_thermoregulator_s_program) by extension 'python'
[0.873s] Level 1:colcon.colcon_core.package_identification:_identify(control_unit/main_thermoregulator_s_program) by extensions ['python_setup_py']
[0.873s] Level 1:colcon.colcon_core.package_identification:_identify(control_unit/main_thermoregulator_s_program) by extension 'python_setup_py'
[0.873s] Level 1:colcon.colcon_core.package_identification:_identify(install) by extensions ['ignore', 'ignore_ament_install']
[0.873s] Level 1:colcon.colcon_core.package_identification:_identify(install) by extension 'ignore'
[0.873s] Level 1:colcon.colcon_core.package_identification:_identify(install) ignored
[0.873s] Level 1:colcon.colcon_core.package_identification:_identify(log) by extensions ['ignore', 'ignore_ament_install']
[0.873s] Level 1:colcon.colcon_core.package_identification:_identify(log) by extension 'ignore'
[0.873s] Level 1:colcon.colcon_core.package_identification:_identify(log) ignored
[0.873s] Level 1:colcon.colcon_core.package_identification:_identify(workspace) by extensions ['ignore', 'ignore_ament_install']
[0.873s] Level 1:colcon.colcon_core.package_identification:_identify(workspace) by extension 'ignore'
[0.874s] Level 1:colcon.colcon_core.package_identification:_identify(workspace) by extension 'ignore_ament_install'
[0.874s] Level 1:colcon.colcon_core.package_identification:_identify(workspace) by extensions ['colcon_pkg']
[0.874s] Level 1:colcon.colcon_core.package_identification:_identify(workspace) by extension 'colcon_pkg'
[0.874s] Level 1:colcon.colcon_core.package_identification:_identify(workspace) by extensions ['colcon_meta']
[0.874s] Level 1:colcon.colcon_core.package_identification:_identify(workspace) by extension 'colcon_meta'
[0.874s] Level 1:colcon.colcon_core.package_identification:_identify(workspace) by extensions ['ros']
[0.874s] Level 1:colcon.colcon_core.package_identification:_identify(workspace) by extension 'ros'
[0.874s] Level 1:colcon.colcon_core.package_identification:_identify(workspace) by extensions ['cmake', 'python']
[0.874s] Level 1:colcon.colcon_core.package_identification:_identify(workspace) by extension 'cmake'
[0.874s] Level 1:colcon.colcon_core.package_identification:_identify(workspace) by extension 'python'
[0.874s] Level 1:colcon.colcon_core.package_identification:_identify(workspace) by extensions ['python_setup_py']
[0.874s] Level 1:colcon.colcon_core.package_identification:_identify(workspace) by extension 'python_setup_py'
[0.874s] Level 1:colcon.colcon_core.package_identification:_identify(workspace/ros_ur_driver) by extensions ['ignore', 'ignore_ament_install']
[0.874s] Level 1:colcon.colcon_core.package_identification:_identify(workspace/ros_ur_driver) by extension 'ignore'
[0.875s] Level 1:colcon.colcon_core.package_identification:_identify(workspace/ros_ur_driver) by extension 'ignore_ament_install'
[0.875s] Level 1:colcon.colcon_core.package_identification:_identify(workspace/ros_ur_driver) by extensions ['colcon_pkg']
[0.875s] Level 1:colcon.colcon_core.package_identification:_identify(workspace/ros_ur_driver) by extension 'colcon_pkg'
[0.875s] Level 1:colcon.colcon_core.package_identification:_identify(workspace/ros_ur_driver) by extensions ['colcon_meta']
[0.875s] Level 1:colcon.colcon_core.package_identification:_identify(workspace/ros_ur_driver) by extension 'colcon_meta'
[0.875s] Level 1:colcon.colcon_core.package_identification:_identify(workspace/ros_ur_driver) by extensions ['ros']
[0.875s] Level 1:colcon.colcon_core.package_identification:_identify(workspace/ros_ur_driver) by extension 'ros'
[0.875s] Level 1:colcon.colcon_core.package_identification:_identify(workspace/ros_ur_driver) by extensions ['cmake', 'python']
[0.875s] Level 1:colcon.colcon_core.package_identification:_identify(workspace/ros_ur_driver) by extension 'cmake'
[0.875s] Level 1:colcon.colcon_core.package_identification:_identify(workspace/ros_ur_driver) by extension 'python'
[0.875s] Level 1:colcon.colcon_core.package_identification:_identify(workspace/ros_ur_driver) by extensions ['python_setup_py']
[0.875s] Level 1:colcon.colcon_core.package_identification:_identify(workspace/ros_ur_driver) by extension 'python_setup_py'
[0.875s] Level 1:colcon.colcon_core.package_identification:_identify(workspace/ros_ur_driver/build) by extensions ['ignore', 'ignore_ament_install']
[0.875s] Level 1:colcon.colcon_core.package_identification:_identify(workspace/ros_ur_driver/build) by extension 'ignore'
[0.875s] Level 1:colcon.colcon_core.package_identification:_identify(workspace/ros_ur_driver/build) ignored
[0.876s] Level 1:colcon.colcon_core.package_identification:_identify(workspace/ros_ur_driver/install) by extensions ['ignore', 'ignore_ament_install']
[0.876s] Level 1:colcon.colcon_core.package_identification:_identify(workspace/ros_ur_driver/install) by extension 'ignore'
[0.876s] Level 1:colcon.colcon_core.package_identification:_identify(workspace/ros_ur_driver/install) ignored
[0.876s] Level 1:colcon.colcon_core.package_identification:_identify(workspace/ros_ur_driver/log) by extensions ['ignore', 'ignore_ament_install']
[0.876s] Level 1:colcon.colcon_core.package_identification:_identify(workspace/ros_ur_driver/log) by extension 'ignore'
[0.876s] Level 1:colcon.colcon_core.package_identification:_identify(workspace/ros_ur_driver/log) ignored
[0.876s] Level 1:colcon.colcon_core.package_identification:_identify(workspace/ros_ur_driver/src) by extensions ['ignore', 'ignore_ament_install']
[0.877s] Level 1:colcon.colcon_core.package_identification:_identify(workspace/ros_ur_driver/src) by extension 'ignore'
[0.877s] Level 1:colcon.colcon_core.package_identification:_identify(workspace/ros_ur_driver/src) by extension 'ignore_ament_install'
[0.877s] Level 1:colcon.colcon_core.package_identification:_identify(workspace/ros_ur_driver/src) by extensions ['colcon_pkg']
[0.877s] Level 1:colcon.colcon_core.package_identification:_identify(workspace/ros_ur_driver/src) by extension 'colcon_pkg'
[0.877s] Level 1:colcon.colcon_core.package_identification:_identify(workspace/ros_ur_driver/src) by extensions ['colcon_meta']
[0.877s] Level 1:colcon.colcon_core.package_identification:_identify(workspace/ros_ur_driver/src) by extension 'colcon_meta'
[0.877s] Level 1:colcon.colcon_core.package_identification:_identify(workspace/ros_ur_driver/src) by extensions ['ros']
[0.877s] Level 1:colcon.colcon_core.package_identification:_identify(workspace/ros_ur_driver/src) by extension 'ros'
[0.877s] Level 1:colcon.colcon_core.package_identification:_identify(workspace/ros_ur_driver/src) by extensions ['cmake', 'python']
[0.877s] Level 1:colcon.colcon_core.package_identification:_identify(workspace/ros_ur_driver/src) by extension 'cmake'
[0.877s] Level 1:colcon.colcon_core.package_identification:_identify(workspace/ros_ur_driver/src) by extension 'python'
[0.877s] Level 1:colcon.colcon_core.package_identification:_identify(workspace/ros_ur_driver/src) by extensions ['python_setup_py']
[0.877s] Level 1:colcon.colcon_core.package_identification:_identify(workspace/ros_ur_driver/src) by extension 'python_setup_py'
[0.877s] Level 1:colcon.colcon_core.package_identification:_identify(workspace/ros_ur_driver/src/Universal_Robots_ROS2_Description) by extensions ['ignore', 'ignore_ament_install']
[0.878s] Level 1:colcon.colcon_core.package_identification:_identify(workspace/ros_ur_driver/src/Universal_Robots_ROS2_Description) by extension 'ignore'
[0.878s] Level 1:colcon.colcon_core.package_identification:_identify(workspace/ros_ur_driver/src/Universal_Robots_ROS2_Description) by extension 'ignore_ament_install'
[0.878s] Level 1:colcon.colcon_core.package_identification:_identify(workspace/ros_ur_driver/src/Universal_Robots_ROS2_Description) by extensions ['colcon_pkg']
[0.878s] Level 1:colcon.colcon_core.package_identification:_identify(workspace/ros_ur_driver/src/Universal_Robots_ROS2_Description) by extension 'colcon_pkg'
[0.878s] Level 1:colcon.colcon_core.package_identification:_identify(workspace/ros_ur_driver/src/Universal_Robots_ROS2_Description) by extensions ['colcon_meta']
[0.878s] Level 1:colcon.colcon_core.package_identification:_identify(workspace/ros_ur_driver/src/Universal_Robots_ROS2_Description) by extension 'colcon_meta'
[0.878s] Level 1:colcon.colcon_core.package_identification:_identify(workspace/ros_ur_driver/src/Universal_Robots_ROS2_Description) by extensions ['ros']
[0.878s] Level 1:colcon.colcon_core.package_identification:_identify(workspace/ros_ur_driver/src/Universal_Robots_ROS2_Description) by extension 'ros'
[0.881s] DEBUG:colcon.colcon_core.package_identification:Package 'workspace/ros_ur_driver/src/Universal_Robots_ROS2_Description' with type 'ros.ament_cmake' and name 'ur_description'
[0.882s] Level 1:colcon.colcon_core.package_identification:_identify(workspace/ros_ur_driver/src/Universal_Robots_ROS2_Driver) by extensions ['ignore', 'ignore_ament_install']
[0.882s] Level 1:colcon.colcon_core.package_identification:_identify(workspace/ros_ur_driver/src/Universal_Robots_ROS2_Driver) by extension 'ignore'
[0.882s] Level 1:colcon.colcon_core.package_identification:_identify(workspace/ros_ur_driver/src/Universal_Robots_ROS2_Driver) by extension 'ignore_ament_install'
[0.882s] Level 1:colcon.colcon_core.package_identification:_identify(workspace/ros_ur_driver/src/Universal_Robots_ROS2_Driver) by extensions ['colcon_pkg']
[0.882s] Level 1:colcon.colcon_core.package_identification:_identify(workspace/ros_ur_driver/src/Universal_Robots_ROS2_Driver) by extension 'colcon_pkg'
[0.882s] Level 1:colcon.colcon_core.package_identification:_identify(workspace/ros_ur_driver/src/Universal_Robots_ROS2_Driver) by extensions ['colcon_meta']
[0.882s] Level 1:colcon.colcon_core.package_identification:_identify(workspace/ros_ur_driver/src/Universal_Robots_ROS2_Driver) by extension 'colcon_meta'
[0.882s] Level 1:colcon.colcon_core.package_identification:_identify(workspace/ros_ur_driver/src/Universal_Robots_ROS2_Driver) by extensions ['ros']
[0.882s] Level 1:colcon.colcon_core.package_identification:_identify(workspace/ros_ur_driver/src/Universal_Robots_ROS2_Driver) by extension 'ros'
[0.882s] Level 1:colcon.colcon_core.package_identification:_identify(workspace/ros_ur_driver/src/Universal_Robots_ROS2_Driver) by extensions ['cmake', 'python']
[0.882s] Level 1:colcon.colcon_core.package_identification:_identify(workspace/ros_ur_driver/src/Universal_Robots_ROS2_Driver) by extension 'cmake'
[0.882s] Level 1:colcon.colcon_core.package_identification:_identify(workspace/ros_ur_driver/src/Universal_Robots_ROS2_Driver) by extension 'python'
[0.882s] Level 1:colcon.colcon_core.package_identification:_identify(workspace/ros_ur_driver/src/Universal_Robots_ROS2_Driver) by extensions ['python_setup_py']
[0.882s] Level 1:colcon.colcon_core.package_identification:_identify(workspace/ros_ur_driver/src/Universal_Robots_ROS2_Driver) by extension 'python_setup_py'
[0.883s] Level 1:colcon.colcon_core.package_identification:_identify(workspace/ros_ur_driver/src/Universal_Robots_ROS2_Driver/ur) by extensions ['ignore', 'ignore_ament_install']
[0.883s] Level 1:colcon.colcon_core.package_identification:_identify(workspace/ros_ur_driver/src/Universal_Robots_ROS2_Driver/ur) by extension 'ignore'
[0.883s] Level 1:colcon.colcon_core.package_identification:_identify(workspace/ros_ur_driver/src/Universal_Robots_ROS2_Driver/ur) by extension 'ignore_ament_install'
[0.883s] Level 1:colcon.colcon_core.package_identification:_identify(workspace/ros_ur_driver/src/Universal_Robots_ROS2_Driver/ur) by extensions ['colcon_pkg']
[0.883s] Level 1:colcon.colcon_core.package_identification:_identify(workspace/ros_ur_driver/src/Universal_Robots_ROS2_Driver/ur) by extension 'colcon_pkg'
[0.883s] Level 1:colcon.colcon_core.package_identification:_identify(workspace/ros_ur_driver/src/Universal_Robots_ROS2_Driver/ur) by extensions ['colcon_meta']
[0.883s] Level 1:colcon.colcon_core.package_identification:_identify(workspace/ros_ur_driver/src/Universal_Robots_ROS2_Driver/ur) by extension 'colcon_meta'
[0.883s] Level 1:colcon.colcon_core.package_identification:_identify(workspace/ros_ur_driver/src/Universal_Robots_ROS2_Driver/ur) by extensions ['ros']
[0.883s] Level 1:colcon.colcon_core.package_identification:_identify(workspace/ros_ur_driver/src/Universal_Robots_ROS2_Driver/ur) by extension 'ros'
[0.884s] DEBUG:colcon.colcon_core.package_identification:Package 'workspace/ros_ur_driver/src/Universal_Robots_ROS2_Driver/ur' with type 'ros.ament_cmake' and name 'ur'
[0.884s] Level 1:colcon.colcon_core.package_identification:_identify(workspace/ros_ur_driver/src/Universal_Robots_ROS2_Driver/ur_bringup) by extensions ['ignore', 'ignore_ament_install']
[0.884s] Level 1:colcon.colcon_core.package_identification:_identify(workspace/ros_ur_driver/src/Universal_Robots_ROS2_Driver/ur_bringup) by extension 'ignore'
[0.884s] Level 1:colcon.colcon_core.package_identification:_identify(workspace/ros_ur_driver/src/Universal_Robots_ROS2_Driver/ur_bringup) by extension 'ignore_ament_install'
[0.884s] Level 1:colcon.colcon_core.package_identification:_identify(workspace/ros_ur_driver/src/Universal_Robots_ROS2_Driver/ur_bringup) by extensions ['colcon_pkg']
[0.884s] Level 1:colcon.colcon_core.package_identification:_identify(workspace/ros_ur_driver/src/Universal_Robots_ROS2_Driver/ur_bringup) by extension 'colcon_pkg'
[0.884s] Level 1:colcon.colcon_core.package_identification:_identify(workspace/ros_ur_driver/src/Universal_Robots_ROS2_Driver/ur_bringup) by extensions ['colcon_meta']
[0.884s] Level 1:colcon.colcon_core.package_identification:_identify(workspace/ros_ur_driver/src/Universal_Robots_ROS2_Driver/ur_bringup) by extension 'colcon_meta'
[0.885s] Level 1:colcon.colcon_core.package_identification:_identify(workspace/ros_ur_driver/src/Universal_Robots_ROS2_Driver/ur_bringup) by extensions ['ros']
[0.885s] Level 1:colcon.colcon_core.package_identification:_identify(workspace/ros_ur_driver/src/Universal_Robots_ROS2_Driver/ur_bringup) by extension 'ros'
[0.886s] DEBUG:colcon.colcon_core.package_identification:Package 'workspace/ros_ur_driver/src/Universal_Robots_ROS2_Driver/ur_bringup' with type 'ros.ament_cmake' and name 'ur_bringup'
[0.887s] Level 1:colcon.colcon_core.package_identification:_identify(workspace/ros_ur_driver/src/Universal_Robots_ROS2_Driver/ur_calibration) by extensions ['ignore', 'ignore_ament_install']
[0.887s] Level 1:colcon.colcon_core.package_identification:_identify(workspace/ros_ur_driver/src/Universal_Robots_ROS2_Driver/ur_calibration) by extension 'ignore'
[0.888s] Level 1:colcon.colcon_core.package_identification:_identify(workspace/ros_ur_driver/src/Universal_Robots_ROS2_Driver/ur_calibration) by extension 'ignore_ament_install'
[0.888s] Level 1:colcon.colcon_core.package_identification:_identify(workspace/ros_ur_driver/src/Universal_Robots_ROS2_Driver/ur_calibration) by extensions ['colcon_pkg']
[0.888s] Level 1:colcon.colcon_core.package_identification:_identify(workspace/ros_ur_driver/src/Universal_Robots_ROS2_Driver/ur_calibration) by extension 'colcon_pkg'
[0.888s] Level 1:colcon.colcon_core.package_identification:_identify(workspace/ros_ur_driver/src/Universal_Robots_ROS2_Driver/ur_calibration) by extensions ['colcon_meta']
[0.888s] Level 1:colcon.colcon_core.package_identification:_identify(workspace/ros_ur_driver/src/Universal_Robots_ROS2_Driver/ur_calibration) by extension 'colcon_meta'
[0.888s] Level 1:colcon.colcon_core.package_identification:_identify(workspace/ros_ur_driver/src/Universal_Robots_ROS2_Driver/ur_calibration) by extensions ['ros']
[0.889s] Level 1:colcon.colcon_core.package_identification:_identify(workspace/ros_ur_driver/src/Universal_Robots_ROS2_Driver/ur_calibration) by extension 'ros'
[0.890s] DEBUG:colcon.colcon_core.package_identification:Package 'workspace/ros_ur_driver/src/Universal_Robots_ROS2_Driver/ur_calibration' with type 'ros.ament_cmake' and name 'ur_calibration'
[0.890s] Level 1:colcon.colcon_core.package_identification:_identify(workspace/ros_ur_driver/src/Universal_Robots_ROS2_Driver/ur_controllers) by extensions ['ignore', 'ignore_ament_install']
[0.891s] Level 1:colcon.colcon_core.package_identification:_identify(workspace/ros_ur_driver/src/Universal_Robots_ROS2_Driver/ur_controllers) by extension 'ignore'
[0.891s] Level 1:colcon.colcon_core.package_identification:_identify(workspace/ros_ur_driver/src/Universal_Robots_ROS2_Driver/ur_controllers) by extension 'ignore_ament_install'
[0.891s] Level 1:colcon.colcon_core.package_identification:_identify(workspace/ros_ur_driver/src/Universal_Robots_ROS2_Driver/ur_controllers) by extensions ['colcon_pkg']
[0.891s] Level 1:colcon.colcon_core.package_identification:_identify(workspace/ros_ur_driver/src/Universal_Robots_ROS2_Driver/ur_controllers) by extension 'colcon_pkg'
[0.891s] Level 1:colcon.colcon_core.package_identification:_identify(workspace/ros_ur_driver/src/Universal_Robots_ROS2_Driver/ur_controllers) by extensions ['colcon_meta']
[0.891s] Level 1:colcon.colcon_core.package_identification:_identify(workspace/ros_ur_driver/src/Universal_Robots_ROS2_Driver/ur_controllers) by extension 'colcon_meta'
[0.892s] Level 1:colcon.colcon_core.package_identification:_identify(workspace/ros_ur_driver/src/Universal_Robots_ROS2_Driver/ur_controllers) by extensions ['ros']
[0.892s] Level 1:colcon.colcon_core.package_identification:_identify(workspace/ros_ur_driver/src/Universal_Robots_ROS2_Driver/ur_controllers) by extension 'ros'
[0.894s] DEBUG:colcon.colcon_core.package_identification:Package 'workspace/ros_ur_driver/src/Universal_Robots_ROS2_Driver/ur_controllers' with type 'ros.ament_cmake' and name 'ur_controllers'
[0.894s] Level 1:colcon.colcon_core.package_identification:_identify(workspace/ros_ur_driver/src/Universal_Robots_ROS2_Driver/ur_dashboard_msgs) by extensions ['ignore', 'ignore_ament_install']
[0.894s] Level 1:colcon.colcon_core.package_identification:_identify(workspace/ros_ur_driver/src/Universal_Robots_ROS2_Driver/ur_dashboard_msgs) by extension 'ignore'
[0.894s] Level 1:colcon.colcon_core.package_identification:_identify(workspace/ros_ur_driver/src/Universal_Robots_ROS2_Driver/ur_dashboard_msgs) by extension 'ignore_ament_install'
[0.895s] Level 1:colcon.colcon_core.package_identification:_identify(workspace/ros_ur_driver/src/Universal_Robots_ROS2_Driver/ur_dashboard_msgs) by extensions ['colcon_pkg']
[0.895s] Level 1:colcon.colcon_core.package_identification:_identify(workspace/ros_ur_driver/src/Universal_Robots_ROS2_Driver/ur_dashboard_msgs) by extension 'colcon_pkg'
[0.895s] Level 1:colcon.colcon_core.package_identification:_identify(workspace/ros_ur_driver/src/Universal_Robots_ROS2_Driver/ur_dashboard_msgs) by extensions ['colcon_meta']
[0.895s] Level 1:colcon.colcon_core.package_identification:_identify(workspace/ros_ur_driver/src/Universal_Robots_ROS2_Driver/ur_dashboard_msgs) by extension 'colcon_meta'
[0.895s] Level 1:colcon.colcon_core.package_identification:_identify(workspace/ros_ur_driver/src/Universal_Robots_ROS2_Driver/ur_dashboard_msgs) by extensions ['ros']
[0.895s] Level 1:colcon.colcon_core.package_identification:_identify(workspace/ros_ur_driver/src/Universal_Robots_ROS2_Driver/ur_dashboard_msgs) by extension 'ros'
[0.896s] DEBUG:colcon.colcon_core.package_identification:Package 'workspace/ros_ur_driver/src/Universal_Robots_ROS2_Driver/ur_dashboard_msgs' with type 'ros.ament_cmake' and name 'ur_dashboard_msgs'
[0.896s] Level 1:colcon.colcon_core.package_identification:_identify(workspace/ros_ur_driver/src/Universal_Robots_ROS2_Driver/ur_moveit_config) by extensions ['ignore', 'ignore_ament_install']
[0.897s] Level 1:colcon.colcon_core.package_identification:_identify(workspace/ros_ur_driver/src/Universal_Robots_ROS2_Driver/ur_moveit_config) by extension 'ignore'
[0.897s] Level 1:colcon.colcon_core.package_identification:_identify(workspace/ros_ur_driver/src/Universal_Robots_ROS2_Driver/ur_moveit_config) by extension 'ignore_ament_install'
[0.897s] Level 1:colcon.colcon_core.package_identification:_identify(workspace/ros_ur_driver/src/Universal_Robots_ROS2_Driver/ur_moveit_config) by extensions ['colcon_pkg']
[0.897s] Level 1:colcon.colcon_core.package_identification:_identify(workspace/ros_ur_driver/src/Universal_Robots_ROS2_Driver/ur_moveit_config) by extension 'colcon_pkg'
[0.897s] Level 1:colcon.colcon_core.package_identification:_identify(workspace/ros_ur_driver/src/Universal_Robots_ROS2_Driver/ur_moveit_config) by extensions ['colcon_meta']
[0.897s] Level 1:colcon.colcon_core.package_identification:_identify(workspace/ros_ur_driver/src/Universal_Robots_ROS2_Driver/ur_moveit_config) by extension 'colcon_meta'
[0.897s] Level 1:colcon.colcon_core.package_identification:_identify(workspace/ros_ur_driver/src/Universal_Robots_ROS2_Driver/ur_moveit_config) by extensions ['ros']
[0.897s] Level 1:colcon.colcon_core.package_identification:_identify(workspace/ros_ur_driver/src/Universal_Robots_ROS2_Driver/ur_moveit_config) by extension 'ros'
[0.898s] DEBUG:colcon.colcon_core.package_identification:Package 'workspace/ros_ur_driver/src/Universal_Robots_ROS2_Driver/ur_moveit_config' with type 'ros.ament_cmake' and name 'ur_moveit_config'
[0.898s] Level 1:colcon.colcon_core.package_identification:_identify(workspace/ros_ur_driver/src/Universal_Robots_ROS2_Driver/ur_robot_driver) by extensions ['ignore', 'ignore_ament_install']
[0.898s] Level 1:colcon.colcon_core.package_identification:_identify(workspace/ros_ur_driver/src/Universal_Robots_ROS2_Driver/ur_robot_driver) by extension 'ignore'
[0.899s] Level 1:colcon.colcon_core.package_identification:_identify(workspace/ros_ur_driver/src/Universal_Robots_ROS2_Driver/ur_robot_driver) by extension 'ignore_ament_install'
[0.899s] Level 1:colcon.colcon_core.package_identification:_identify(workspace/ros_ur_driver/src/Universal_Robots_ROS2_Driver/ur_robot_driver) by extensions ['colcon_pkg']
[0.899s] Level 1:colcon.colcon_core.package_identification:_identify(workspace/ros_ur_driver/src/Universal_Robots_ROS2_Driver/ur_robot_driver) by extension 'colcon_pkg'
[0.899s] Level 1:colcon.colcon_core.package_identification:_identify(workspace/ros_ur_driver/src/Universal_Robots_ROS2_Driver/ur_robot_driver) by extensions ['colcon_meta']
[0.899s] Level 1:colcon.colcon_core.package_identification:_identify(workspace/ros_ur_driver/src/Universal_Robots_ROS2_Driver/ur_robot_driver) by extension 'colcon_meta'
[0.899s] Level 1:colcon.colcon_core.package_identification:_identify(workspace/ros_ur_driver/src/Universal_Robots_ROS2_Driver/ur_robot_driver) by extensions ['ros']
[0.899s] Level 1:colcon.colcon_core.package_identification:_identify(workspace/ros_ur_driver/src/Universal_Robots_ROS2_Driver/ur_robot_driver) by extension 'ros'
[0.902s] DEBUG:colcon.colcon_core.package_identification:Package 'workspace/ros_ur_driver/src/Universal_Robots_ROS2_Driver/ur_robot_driver' with type 'ros.ament_cmake' and name 'ur_robot_driver'
[0.902s] Level 1:colcon.colcon_core.package_identification:_identify(workspace/ros_ur_driver/src/build) by extensions ['ignore', 'ignore_ament_install']
[0.903s] Level 1:colcon.colcon_core.package_identification:_identify(workspace/ros_ur_driver/src/build) by extension 'ignore'
[0.903s] Level 1:colcon.colcon_core.package_identification:_identify(workspace/ros_ur_driver/src/build) by extension 'ignore_ament_install'
[0.903s] Level 1:colcon.colcon_core.package_identification:_identify(workspace/ros_ur_driver/src/build) by extensions ['colcon_pkg']
[0.903s] Level 1:colcon.colcon_core.package_identification:_identify(workspace/ros_ur_driver/src/build) by extension 'colcon_pkg'
[0.903s] Level 1:colcon.colcon_core.package_identification:_identify(workspace/ros_ur_driver/src/build) by extensions ['colcon_meta']
[0.903s] Level 1:colcon.colcon_core.package_identification:_identify(workspace/ros_ur_driver/src/build) by extension 'colcon_meta'
[0.904s] Level 1:colcon.colcon_core.package_identification:_identify(workspace/ros_ur_driver/src/build) by extensions ['ros']
[0.904s] Level 1:colcon.colcon_core.package_identification:_identify(workspace/ros_ur_driver/src/build) by extension 'ros'
[0.904s] Level 1:colcon.colcon_core.package_identification:_identify(workspace/ros_ur_driver/src/build) by extensions ['cmake', 'python']
[0.904s] Level 1:colcon.colcon_core.package_identification:_identify(workspace/ros_ur_driver/src/build) by extension 'cmake'
[0.904s] Level 1:colcon.colcon_core.package_identification:_identify(workspace/ros_ur_driver/src/build) by extension 'python'
[0.904s] Level 1:colcon.colcon_core.package_identification:_identify(workspace/ros_ur_driver/src/build) by extensions ['python_setup_py']
[0.905s] Level 1:colcon.colcon_core.package_identification:_identify(workspace/ros_ur_driver/src/build) by extension 'python_setup_py'
[0.905s] Level 1:colcon.colcon_core.package_identification:_identify(workspace/ros_ur_driver/src/build/ur) by extensions ['ignore', 'ignore_ament_install']
[0.905s] Level 1:colcon.colcon_core.package_identification:_identify(workspace/ros_ur_driver/src/build/ur) by extension 'ignore'
[0.905s] Level 1:colcon.colcon_core.package_identification:_identify(workspace/ros_ur_driver/src/build/ur) by extension 'ignore_ament_install'
[0.905s] Level 1:colcon.colcon_core.package_identification:_identify(workspace/ros_ur_driver/src/build/ur) by extensions ['colcon_pkg']
[0.906s] Level 1:colcon.colcon_core.package_identification:_identify(workspace/ros_ur_driver/src/build/ur) by extension 'colcon_pkg'
[0.906s] Level 1:colcon.colcon_core.package_identification:_identify(workspace/ros_ur_driver/src/build/ur) by extensions ['colcon_meta']
[0.906s] Level 1:colcon.colcon_core.package_identification:_identify(workspace/ros_ur_driver/src/build/ur) by extension 'colcon_meta'
[0.906s] Level 1:colcon.colcon_core.package_identification:_identify(workspace/ros_ur_driver/src/build/ur) by extensions ['ros']
[0.906s] Level 1:colcon.colcon_core.package_identification:_identify(workspace/ros_ur_driver/src/build/ur) by extension 'ros'
[0.906s] Level 1:colcon.colcon_core.package_identification:_identify(workspace/ros_ur_driver/src/build/ur) by extensions ['cmake', 'python']
[0.906s] Level 1:colcon.colcon_core.package_identification:_identify(workspace/ros_ur_driver/src/build/ur) by extension 'cmake'
[0.906s] Level 1:colcon.colcon_core.package_identification:_identify(workspace/ros_ur_driver/src/build/ur) by extension 'python'
[0.906s] Level 1:colcon.colcon_core.package_identification:_identify(workspace/ros_ur_driver/src/build/ur) by extensions ['python_setup_py']
[0.906s] Level 1:colcon.colcon_core.package_identification:_identify(workspace/ros_ur_driver/src/build/ur) by extension 'python_setup_py'
[0.906s] Level 1:colcon.colcon_core.package_identification:_identify(workspace/ros_ur_driver/src/build/ur/CMakeFiles) by extensions ['ignore', 'ignore_ament_install']
[0.906s] Level 1:colcon.colcon_core.package_identification:_identify(workspace/ros_ur_driver/src/build/ur/CMakeFiles) by extension 'ignore'
[0.906s] Level 1:colcon.colcon_core.package_identification:_identify(workspace/ros_ur_driver/src/build/ur/CMakeFiles) by extension 'ignore_ament_install'
[0.907s] Level 1:colcon.colcon_core.package_identification:_identify(workspace/ros_ur_driver/src/build/ur/CMakeFiles) by extensions ['colcon_pkg']
[0.907s] Level 1:colcon.colcon_core.package_identification:_identify(workspace/ros_ur_driver/src/build/ur/CMakeFiles) by extension 'colcon_pkg'
[0.907s] Level 1:colcon.colcon_core.package_identification:_identify(workspace/ros_ur_driver/src/build/ur/CMakeFiles) by extensions ['colcon_meta']
[0.907s] Level 1:colcon.colcon_core.package_identification:_identify(workspace/ros_ur_driver/src/build/ur/CMakeFiles) by extension 'colcon_meta'
[0.907s] Level 1:colcon.colcon_core.package_identification:_identify(workspace/ros_ur_driver/src/build/ur/CMakeFiles) by extensions ['ros']
[0.907s] Level 1:colcon.colcon_core.package_identification:_identify(workspace/ros_ur_driver/src/build/ur/CMakeFiles) by extension 'ros'
[0.907s] Level 1:colcon.colcon_core.package_identification:_identify(workspace/ros_ur_driver/src/build/ur/CMakeFiles) by extensions ['cmake', 'python']
[0.907s] Level 1:colcon.colcon_core.package_identification:_identify(workspace/ros_ur_driver/src/build/ur/CMakeFiles) by extension 'cmake'
[0.907s] Level 1:colcon.colcon_core.package_identification:_identify(workspace/ros_ur_driver/src/build/ur/CMakeFiles) by extension 'python'
[0.907s] Level 1:colcon.colcon_core.package_identification:_identify(workspace/ros_ur_driver/src/build/ur/CMakeFiles) by extensions ['python_setup_py']
[0.907s] Level 1:colcon.colcon_core.package_identification:_identify(workspace/ros_ur_driver/src/build/ur/CMakeFiles) by extension 'python_setup_py'
[0.907s] Level 1:colcon.colcon_core.package_identification:_identify(workspace/ros_ur_driver/src/build/ur/CMakeFiles/3.22.1) by extensions ['ignore', 'ignore_ament_install']
[0.907s] Level 1:colcon.colcon_core.package_identification:_identify(workspace/ros_ur_driver/src/build/ur/CMakeFiles/3.22.1) by extension 'ignore'
[0.907s] Level 1:colcon.colcon_core.package_identification:_identify(workspace/ros_ur_driver/src/build/ur/CMakeFiles/3.22.1) by extension 'ignore_ament_install'
[0.907s] Level 1:colcon.colcon_core.package_identification:_identify(workspace/ros_ur_driver/src/build/ur/CMakeFiles/3.22.1) by extensions ['colcon_pkg']
[0.908s] Level 1:colcon.colcon_core.package_identification:_identify(workspace/ros_ur_driver/src/build/ur/CMakeFiles/3.22.1) by extension 'colcon_pkg'
[0.908s] Level 1:colcon.colcon_core.package_identification:_identify(workspace/ros_ur_driver/src/build/ur/CMakeFiles/3.22.1) by extensions ['colcon_meta']
[0.908s] Level 1:colcon.colcon_core.package_identification:_identify(workspace/ros_ur_driver/src/build/ur/CMakeFiles/3.22.1) by extension 'colcon_meta'
[0.908s] Level 1:colcon.colcon_core.package_identification:_identify(workspace/ros_ur_driver/src/build/ur/CMakeFiles/3.22.1) by extensions ['ros']
[0.908s] Level 1:colcon.colcon_core.package_identification:_identify(workspace/ros_ur_driver/src/build/ur/CMakeFiles/3.22.1) by extension 'ros'
[0.908s] Level 1:colcon.colcon_core.package_identification:_identify(workspace/ros_ur_driver/src/build/ur/CMakeFiles/3.22.1) by extensions ['cmake', 'python']
[0.908s] Level 1:colcon.colcon_core.package_identification:_identify(workspace/ros_ur_driver/src/build/ur/CMakeFiles/3.22.1) by extension 'cmake'
[0.908s] Level 1:colcon.colcon_core.package_identification:_identify(workspace/ros_ur_driver/src/build/ur/CMakeFiles/3.22.1) by extension 'python'
[0.908s] Level 1:colcon.colcon_core.package_identification:_identify(workspace/ros_ur_driver/src/build/ur/CMakeFiles/3.22.1) by extensions ['python_setup_py']
[0.908s] Level 1:colcon.colcon_core.package_identification:_identify(workspace/ros_ur_driver/src/build/ur/CMakeFiles/3.22.1) by extension 'python_setup_py'
[0.908s] Level 1:colcon.colcon_core.package_identification:_identify(workspace/ros_ur_driver/src/build/ur/CMakeFiles/3.22.1/CompilerIdC) by extensions ['ignore', 'ignore_ament_install']
[0.908s] Level 1:colcon.colcon_core.package_identification:_identify(workspace/ros_ur_driver/src/build/ur/CMakeFiles/3.22.1/CompilerIdC) by extension 'ignore'
[0.908s] Level 1:colcon.colcon_core.package_identification:_identify(workspace/ros_ur_driver/src/build/ur/CMakeFiles/3.22.1/CompilerIdC) by extension 'ignore_ament_install'
[0.908s] Level 1:colcon.colcon_core.package_identification:_identify(workspace/ros_ur_driver/src/build/ur/CMakeFiles/3.22.1/CompilerIdC) by extensions ['colcon_pkg']
[0.908s] Level 1:colcon.colcon_core.package_identification:_identify(workspace/ros_ur_driver/src/build/ur/CMakeFiles/3.22.1/CompilerIdC) by extension 'colcon_pkg'
[0.908s] Level 1:colcon.colcon_core.package_identification:_identify(workspace/ros_ur_driver/src/build/ur/CMakeFiles/3.22.1/CompilerIdC) by extensions ['colcon_meta']
[0.909s] Level 1:colcon.colcon_core.package_identification:_identify(workspace/ros_ur_driver/src/build/ur/CMakeFiles/3.22.1/CompilerIdC) by extension 'colcon_meta'
[0.909s] Level 1:colcon.colcon_core.package_identification:_identify(workspace/ros_ur_driver/src/build/ur/CMakeFiles/3.22.1/CompilerIdC) by extensions ['ros']
[0.909s] Level 1:colcon.colcon_core.package_identification:_identify(workspace/ros_ur_driver/src/build/ur/CMakeFiles/3.22.1/CompilerIdC) by extension 'ros'
[0.909s] Level 1:colcon.colcon_core.package_identification:_identify(workspace/ros_ur_driver/src/build/ur/CMakeFiles/3.22.1/CompilerIdC) by extensions ['cmake', 'python']
[0.909s] Level 1:colcon.colcon_core.package_identification:_identify(workspace/ros_ur_driver/src/build/ur/CMakeFiles/3.22.1/CompilerIdC) by extension 'cmake'
[0.909s] Level 1:colcon.colcon_core.package_identification:_identify(workspace/ros_ur_driver/src/build/ur/CMakeFiles/3.22.1/CompilerIdC) by extension 'python'
[0.909s] Level 1:colcon.colcon_core.package_identification:_identify(workspace/ros_ur_driver/src/build/ur/CMakeFiles/3.22.1/CompilerIdC) by extensions ['python_setup_py']
[0.909s] Level 1:colcon.colcon_core.package_identification:_identify(workspace/ros_ur_driver/src/build/ur/CMakeFiles/3.22.1/CompilerIdC) by extension 'python_setup_py'
[0.909s] Level 1:colcon.colcon_core.package_identification:_identify(workspace/ros_ur_driver/src/build/ur/CMakeFiles/3.22.1/CompilerIdC/tmp) by extensions ['ignore', 'ignore_ament_install']
[0.909s] Level 1:colcon.colcon_core.package_identification:_identify(workspace/ros_ur_driver/src/build/ur/CMakeFiles/3.22.1/CompilerIdC/tmp) by extension 'ignore'
[0.909s] Level 1:colcon.colcon_core.package_identification:_identify(workspace/ros_ur_driver/src/build/ur/CMakeFiles/3.22.1/CompilerIdC/tmp) by extension 'ignore_ament_install'
[0.909s] Level 1:colcon.colcon_core.package_identification:_identify(workspace/ros_ur_driver/src/build/ur/CMakeFiles/3.22.1/CompilerIdC/tmp) by extensions ['colcon_pkg']
[0.909s] Level 1:colcon.colcon_core.package_identification:_identify(workspace/ros_ur_driver/src/build/ur/CMakeFiles/3.22.1/CompilerIdC/tmp) by extension 'colcon_pkg'
[0.909s] Level 1:colcon.colcon_core.package_identification:_identify(workspace/ros_ur_driver/src/build/ur/CMakeFiles/3.22.1/CompilerIdC/tmp) by extensions ['colcon_meta']
[0.909s] Level 1:colcon.colcon_core.package_identification:_identify(workspace/ros_ur_driver/src/build/ur/CMakeFiles/3.22.1/CompilerIdC/tmp) by extension 'colcon_meta'
[0.910s] Level 1:colcon.colcon_core.package_identification:_identify(workspace/ros_ur_driver/src/build/ur/CMakeFiles/3.22.1/CompilerIdC/tmp) by extensions ['ros']
[0.910s] Level 1:colcon.colcon_core.package_identification:_identify(workspace/ros_ur_driver/src/build/ur/CMakeFiles/3.22.1/CompilerIdC/tmp) by extension 'ros'
[0.910s] Level 1:colcon.colcon_core.package_identification:_identify(workspace/ros_ur_driver/src/build/ur/CMakeFiles/3.22.1/CompilerIdC/tmp) by extensions ['cmake', 'python']
[0.910s] Level 1:colcon.colcon_core.package_identification:_identify(workspace/ros_ur_driver/src/build/ur/CMakeFiles/3.22.1/CompilerIdC/tmp) by extension 'cmake'
[0.910s] Level 1:colcon.colcon_core.package_identification:_identify(workspace/ros_ur_driver/src/build/ur/CMakeFiles/3.22.1/CompilerIdC/tmp) by extension 'python'
[0.910s] Level 1:colcon.colcon_core.package_identification:_identify(workspace/ros_ur_driver/src/build/ur/CMakeFiles/3.22.1/CompilerIdC/tmp) by extensions ['python_setup_py']
[0.910s] Level 1:colcon.colcon_core.package_identification:_identify(workspace/ros_ur_driver/src/build/ur/CMakeFiles/3.22.1/CompilerIdC/tmp) by extension 'python_setup_py'
[0.910s] Level 1:colcon.colcon_core.package_identification:_identify(workspace/ros_ur_driver/src/build/ur/CMakeFiles/3.22.1/CompilerIdCXX) by extensions ['ignore', 'ignore_ament_install']
[0.910s] Level 1:colcon.colcon_core.package_identification:_identify(workspace/ros_ur_driver/src/build/ur/CMakeFiles/3.22.1/CompilerIdCXX) by extension 'ignore'
[0.910s] Level 1:colcon.colcon_core.package_identification:_identify(workspace/ros_ur_driver/src/build/ur/CMakeFiles/3.22.1/CompilerIdCXX) by extension 'ignore_ament_install'
[0.910s] Level 1:colcon.colcon_core.package_identification:_identify(workspace/ros_ur_driver/src/build/ur/CMakeFiles/3.22.1/CompilerIdCXX) by extensions ['colcon_pkg']
[0.910s] Level 1:colcon.colcon_core.package_identification:_identify(workspace/ros_ur_driver/src/build/ur/CMakeFiles/3.22.1/CompilerIdCXX) by extension 'colcon_pkg'
[0.910s] Level 1:colcon.colcon_core.package_identification:_identify(workspace/ros_ur_driver/src/build/ur/CMakeFiles/3.22.1/CompilerIdCXX) by extensions ['colcon_meta']
[0.910s] Level 1:colcon.colcon_core.package_identification:_identify(workspace/ros_ur_driver/src/build/ur/CMakeFiles/3.22.1/CompilerIdCXX) by extension 'colcon_meta'
[0.910s] Level 1:colcon.colcon_core.package_identification:_identify(workspace/ros_ur_driver/src/build/ur/CMakeFiles/3.22.1/CompilerIdCXX) by extensions ['ros']
[0.910s] Level 1:colcon.colcon_core.package_identification:_identify(workspace/ros_ur_driver/src/build/ur/CMakeFiles/3.22.1/CompilerIdCXX) by extension 'ros'
[0.911s] Level 1:colcon.colcon_core.package_identification:_identify(workspace/ros_ur_driver/src/build/ur/CMakeFiles/3.22.1/CompilerIdCXX) by extensions ['cmake', 'python']
[0.911s] Level 1:colcon.colcon_core.package_identification:_identify(workspace/ros_ur_driver/src/build/ur/CMakeFiles/3.22.1/CompilerIdCXX) by extension 'cmake'
[0.911s] Level 1:colcon.colcon_core.package_identification:_identify(workspace/ros_ur_driver/src/build/ur/CMakeFiles/3.22.1/CompilerIdCXX) by extension 'python'
[0.911s] Level 1:colcon.colcon_core.package_identification:_identify(workspace/ros_ur_driver/src/build/ur/CMakeFiles/3.22.1/CompilerIdCXX) by extensions ['python_setup_py']
[0.911s] Level 1:colcon.colcon_core.package_identification:_identify(workspace/ros_ur_driver/src/build/ur/CMakeFiles/3.22.1/CompilerIdCXX) by extension 'python_setup_py'
[0.911s] Level 1:colcon.colcon_core.package_identification:_identify(workspace/ros_ur_driver/src/build/ur/CMakeFiles/3.22.1/CompilerIdCXX/tmp) by extensions ['ignore', 'ignore_ament_install']
[0.911s] Level 1:colcon.colcon_core.package_identification:_identify(workspace/ros_ur_driver/src/build/ur/CMakeFiles/3.22.1/CompilerIdCXX/tmp) by extension 'ignore'
[0.911s] Level 1:colcon.colcon_core.package_identification:_identify(workspace/ros_ur_driver/src/build/ur/CMakeFiles/3.22.1/CompilerIdCXX/tmp) by extension 'ignore_ament_install'
[0.911s] Level 1:colcon.colcon_core.package_identification:_identify(workspace/ros_ur_driver/src/build/ur/CMakeFiles/3.22.1/CompilerIdCXX/tmp) by extensions ['colcon_pkg']
[0.911s] Level 1:colcon.colcon_core.package_identification:_identify(workspace/ros_ur_driver/src/build/ur/CMakeFiles/3.22.1/CompilerIdCXX/tmp) by extension 'colcon_pkg'
[0.911s] Level 1:colcon.colcon_core.package_identification:_identify(workspace/ros_ur_driver/src/build/ur/CMakeFiles/3.22.1/CompilerIdCXX/tmp) by extensions ['colcon_meta']
[0.911s] Level 1:colcon.colcon_core.package_identification:_identify(workspace/ros_ur_driver/src/build/ur/CMakeFiles/3.22.1/CompilerIdCXX/tmp) by extension 'colcon_meta'
[0.911s] Level 1:colcon.colcon_core.package_identification:_identify(workspace/ros_ur_driver/src/build/ur/CMakeFiles/3.22.1/CompilerIdCXX/tmp) by extensions ['ros']
[0.911s] Level 1:colcon.colcon_core.package_identification:_identify(workspace/ros_ur_driver/src/build/ur/CMakeFiles/3.22.1/CompilerIdCXX/tmp) by extension 'ros'
[0.911s] Level 1:colcon.colcon_core.package_identification:_identify(workspace/ros_ur_driver/src/build/ur/CMakeFiles/3.22.1/CompilerIdCXX/tmp) by extensions ['cmake', 'python']
[0.912s] Level 1:colcon.colcon_core.package_identification:_identify(workspace/ros_ur_driver/src/build/ur/CMakeFiles/3.22.1/CompilerIdCXX/tmp) by extension 'cmake'
[0.912s] Level 1:colcon.colcon_core.package_identification:_identify(workspace/ros_ur_driver/src/build/ur/CMakeFiles/3.22.1/CompilerIdCXX/tmp) by extension 'python'
[0.912s] Level 1:colcon.colcon_core.package_identification:_identify(workspace/ros_ur_driver/src/build/ur/CMakeFiles/3.22.1/CompilerIdCXX/tmp) by extensions ['python_setup_py']
[0.912s] Level 1:colcon.colcon_core.package_identification:_identify(workspace/ros_ur_driver/src/build/ur/CMakeFiles/3.22.1/CompilerIdCXX/tmp) by extension 'python_setup_py'
[0.912s] Level 1:colcon.colcon_core.package_identification:_identify(workspace/ros_ur_driver/src/build/ur/CMakeFiles/CMakeTmp) by extensions ['ignore', 'ignore_ament_install']
[0.912s] Level 1:colcon.colcon_core.package_identification:_identify(workspace/ros_ur_driver/src/build/ur/CMakeFiles/CMakeTmp) by extension 'ignore'
[0.912s] Level 1:colcon.colcon_core.package_identification:_identify(workspace/ros_ur_driver/src/build/ur/CMakeFiles/CMakeTmp) by extension 'ignore_ament_install'
[0.912s] Level 1:colcon.colcon_core.package_identification:_identify(workspace/ros_ur_driver/src/build/ur/CMakeFiles/CMakeTmp) by extensions ['colcon_pkg']
[0.912s] Level 1:colcon.colcon_core.package_identification:_identify(workspace/ros_ur_driver/src/build/ur/CMakeFiles/CMakeTmp) by extension 'colcon_pkg'
[0.912s] Level 1:colcon.colcon_core.package_identification:_identify(workspace/ros_ur_driver/src/build/ur/CMakeFiles/CMakeTmp) by extensions ['colcon_meta']
[0.912s] Level 1:colcon.colcon_core.package_identification:_identify(workspace/ros_ur_driver/src/build/ur/CMakeFiles/CMakeTmp) by extension 'colcon_meta'
[0.912s] Level 1:colcon.colcon_core.package_identification:_identify(workspace/ros_ur_driver/src/build/ur/CMakeFiles/CMakeTmp) by extensions ['ros']
[0.912s] Level 1:colcon.colcon_core.package_identification:_identify(workspace/ros_ur_driver/src/build/ur/CMakeFiles/CMakeTmp) by extension 'ros'
[0.912s] Level 1:colcon.colcon_core.package_identification:_identify(workspace/ros_ur_driver/src/build/ur/CMakeFiles/CMakeTmp) by extensions ['cmake', 'python']
[0.912s] Level 1:colcon.colcon_core.package_identification:_identify(workspace/ros_ur_driver/src/build/ur/CMakeFiles/CMakeTmp) by extension 'cmake'
[0.912s] Level 1:colcon.colcon_core.package_identification:_identify(workspace/ros_ur_driver/src/build/ur/CMakeFiles/CMakeTmp) by extension 'python'
[0.912s] Level 1:colcon.colcon_core.package_identification:_identify(workspace/ros_ur_driver/src/build/ur/CMakeFiles/CMakeTmp) by extensions ['python_setup_py']
[0.913s] Level 1:colcon.colcon_core.package_identification:_identify(workspace/ros_ur_driver/src/build/ur/CMakeFiles/CMakeTmp) by extension 'python_setup_py'
[0.913s] Level 1:colcon.colcon_core.package_identification:_identify(workspace/ros_ur_driver/src/build/ur/ament_lint_cmake) by extensions ['ignore', 'ignore_ament_install']
[0.913s] Level 1:colcon.colcon_core.package_identification:_identify(workspace/ros_ur_driver/src/build/ur/ament_lint_cmake) by extension 'ignore'
[0.913s] Level 1:colcon.colcon_core.package_identification:_identify(workspace/ros_ur_driver/src/build/ur/ament_lint_cmake) by extension 'ignore_ament_install'
[0.913s] Level 1:colcon.colcon_core.package_identification:_identify(workspace/ros_ur_driver/src/build/ur/ament_lint_cmake) by extensions ['colcon_pkg']
[0.913s] Level 1:colcon.colcon_core.package_identification:_identify(workspace/ros_ur_driver/src/build/ur/ament_lint_cmake) by extension 'colcon_pkg'
[0.913s] Level 1:colcon.colcon_core.package_identification:_identify(workspace/ros_ur_driver/src/build/ur/ament_lint_cmake) by extensions ['colcon_meta']
[0.913s] Level 1:colcon.colcon_core.package_identification:_identify(workspace/ros_ur_driver/src/build/ur/ament_lint_cmake) by extension 'colcon_meta'
[0.913s] Level 1:colcon.colcon_core.package_identification:_identify(workspace/ros_ur_driver/src/build/ur/ament_lint_cmake) by extensions ['ros']
[0.913s] Level 1:colcon.colcon_core.package_identification:_identify(workspace/ros_ur_driver/src/build/ur/ament_lint_cmake) by extension 'ros'
[0.913s] Level 1:colcon.colcon_core.package_identification:_identify(workspace/ros_ur_driver/src/build/ur/ament_lint_cmake) by extensions ['cmake', 'python']
[0.913s] Level 1:colcon.colcon_core.package_identification:_identify(workspace/ros_ur_driver/src/build/ur/ament_lint_cmake) by extension 'cmake'
[0.913s] Level 1:colcon.colcon_core.package_identification:_identify(workspace/ros_ur_driver/src/build/ur/ament_lint_cmake) by extension 'python'
[0.913s] Level 1:colcon.colcon_core.package_identification:_identify(workspace/ros_ur_driver/src/build/ur/ament_lint_cmake) by extensions ['python_setup_py']
[0.913s] Level 1:colcon.colcon_core.package_identification:_identify(workspace/ros_ur_driver/src/build/ur/ament_lint_cmake) by extension 'python_setup_py'
[0.914s] Level 1:colcon.colcon_core.package_identification:_identify(workspace/ros_ur_driver/src/build/ur/ament_xmllint) by extensions ['ignore', 'ignore_ament_install']
[0.914s] Level 1:colcon.colcon_core.package_identification:_identify(workspace/ros_ur_driver/src/build/ur/ament_xmllint) by extension 'ignore'
[0.914s] Level 1:colcon.colcon_core.package_identification:_identify(workspace/ros_ur_driver/src/build/ur/ament_xmllint) by extension 'ignore_ament_install'
[0.914s] Level 1:colcon.colcon_core.package_identification:_identify(workspace/ros_ur_driver/src/build/ur/ament_xmllint) by extensions ['colcon_pkg']
[0.914s] Level 1:colcon.colcon_core.package_identification:_identify(workspace/ros_ur_driver/src/build/ur/ament_xmllint) by extension 'colcon_pkg'
[0.914s] Level 1:colcon.colcon_core.package_identification:_identify(workspace/ros_ur_driver/src/build/ur/ament_xmllint) by extensions ['colcon_meta']
[0.914s] Level 1:colcon.colcon_core.package_identification:_identify(workspace/ros_ur_driver/src/build/ur/ament_xmllint) by extension 'colcon_meta'
[0.914s] Level 1:colcon.colcon_core.package_identification:_identify(workspace/ros_ur_driver/src/build/ur/ament_xmllint) by extensions ['ros']
[0.914s] Level 1:colcon.colcon_core.package_identification:_identify(workspace/ros_ur_driver/src/build/ur/ament_xmllint) by extension 'ros'
[0.914s] Level 1:colcon.colcon_core.package_identification:_identify(workspace/ros_ur_driver/src/build/ur/ament_xmllint) by extensions ['cmake', 'python']
[0.914s] Level 1:colcon.colcon_core.package_identification:_identify(workspace/ros_ur_driver/src/build/ur/ament_xmllint) by extension 'cmake'
[0.914s] Level 1:colcon.colcon_core.package_identification:_identify(workspace/ros_ur_driver/src/build/ur/ament_xmllint) by extension 'python'
[0.914s] Level 1:colcon.colcon_core.package_identification:_identify(workspace/ros_ur_driver/src/build/ur/ament_xmllint) by extensions ['python_setup_py']
[0.914s] Level 1:colcon.colcon_core.package_identification:_identify(workspace/ros_ur_driver/src/build/ur/ament_xmllint) by extension 'python_setup_py'
[0.914s] Level 1:colcon.colcon_core.package_identification:_identify(workspace/ros_ur_driver/src/build/ur_bringup) by extensions ['ignore', 'ignore_ament_install']
[0.914s] Level 1:colcon.colcon_core.package_identification:_identify(workspace/ros_ur_driver/src/build/ur_bringup) by extension 'ignore'
[0.915s] Level 1:colcon.colcon_core.package_identification:_identify(workspace/ros_ur_driver/src/build/ur_bringup) by extension 'ignore_ament_install'
[0.915s] Level 1:colcon.colcon_core.package_identification:_identify(workspace/ros_ur_driver/src/build/ur_bringup) by extensions ['colcon_pkg']
[0.915s] Level 1:colcon.colcon_core.package_identification:_identify(workspace/ros_ur_driver/src/build/ur_bringup) by extension 'colcon_pkg'
[0.915s] Level 1:colcon.colcon_core.package_identification:_identify(workspace/ros_ur_driver/src/build/ur_bringup) by extensions ['colcon_meta']
[0.915s] Level 1:colcon.colcon_core.package_identification:_identify(workspace/ros_ur_driver/src/build/ur_bringup) by extension 'colcon_meta'
[0.915s] Level 1:colcon.colcon_core.package_identification:_identify(workspace/ros_ur_driver/src/build/ur_bringup) by extensions ['ros']
[0.915s] Level 1:colcon.colcon_core.package_identification:_identify(workspace/ros_ur_driver/src/build/ur_bringup) by extension 'ros'
[0.915s] Level 1:colcon.colcon_core.package_identification:_identify(workspace/ros_ur_driver/src/build/ur_bringup) by extensions ['cmake', 'python']
[0.915s] Level 1:colcon.colcon_core.package_identification:_identify(workspace/ros_ur_driver/src/build/ur_bringup) by extension 'cmake'
[0.915s] Level 1:colcon.colcon_core.package_identification:_identify(workspace/ros_ur_driver/src/build/ur_bringup) by extension 'python'
[0.915s] Level 1:colcon.colcon_core.package_identification:_identify(workspace/ros_ur_driver/src/build/ur_bringup) by extensions ['python_setup_py']
[0.915s] Level 1:colcon.colcon_core.package_identification:_identify(workspace/ros_ur_driver/src/build/ur_bringup) by extension 'python_setup_py'
[0.915s] Level 1:colcon.colcon_core.package_identification:_identify(workspace/ros_ur_driver/src/build/ur_bringup/CMakeFiles) by extensions ['ignore', 'ignore_ament_install']
[0.915s] Level 1:colcon.colcon_core.package_identification:_identify(workspace/ros_ur_driver/src/build/ur_bringup/CMakeFiles) by extension 'ignore'
[0.915s] Level 1:colcon.colcon_core.package_identification:_identify(workspace/ros_ur_driver/src/build/ur_bringup/CMakeFiles) by extension 'ignore_ament_install'
[0.915s] Level 1:colcon.colcon_core.package_identification:_identify(workspace/ros_ur_driver/src/build/ur_bringup/CMakeFiles) by extensions ['colcon_pkg']
[0.915s] Level 1:colcon.colcon_core.package_identification:_identify(workspace/ros_ur_driver/src/build/ur_bringup/CMakeFiles) by extension 'colcon_pkg'
[0.916s] Level 1:colcon.colcon_core.package_identification:_identify(workspace/ros_ur_driver/src/build/ur_bringup/CMakeFiles) by extensions ['colcon_meta']
[0.916s] Level 1:colcon.colcon_core.package_identification:_identify(workspace/ros_ur_driver/src/build/ur_bringup/CMakeFiles) by extension 'colcon_meta'
[0.916s] Level 1:colcon.colcon_core.package_identification:_identify(workspace/ros_ur_driver/src/build/ur_bringup/CMakeFiles) by extensions ['ros']
[0.916s] Level 1:colcon.colcon_core.package_identification:_identify(workspace/ros_ur_driver/src/build/ur_bringup/CMakeFiles) by extension 'ros'
[0.916s] Level 1:colcon.colcon_core.package_identification:_identify(workspace/ros_ur_driver/src/build/ur_bringup/CMakeFiles) by extensions ['cmake', 'python']
[0.916s] Level 1:colcon.colcon_core.package_identification:_identify(workspace/ros_ur_driver/src/build/ur_bringup/CMakeFiles) by extension 'cmake'
[0.916s] Level 1:colcon.colcon_core.package_identification:_identify(workspace/ros_ur_driver/src/build/ur_bringup/CMakeFiles) by extension 'python'
[0.916s] Level 1:colcon.colcon_core.package_identification:_identify(workspace/ros_ur_driver/src/build/ur_bringup/CMakeFiles) by extensions ['python_setup_py']
[0.916s] Level 1:colcon.colcon_core.package_identification:_identify(workspace/ros_ur_driver/src/build/ur_bringup/CMakeFiles) by extension 'python_setup_py'
[0.916s] Level 1:colcon.colcon_core.package_identification:_identify(workspace/ros_ur_driver/src/build/ur_bringup/CMakeFiles/3.22.1) by extensions ['ignore', 'ignore_ament_install']
[0.916s] Level 1:colcon.colcon_core.package_identification:_identify(workspace/ros_ur_driver/src/build/ur_bringup/CMakeFiles/3.22.1) by extension 'ignore'
[0.916s] Level 1:colcon.colcon_core.package_identification:_identify(workspace/ros_ur_driver/src/build/ur_bringup/CMakeFiles/3.22.1) by extension 'ignore_ament_install'
[0.916s] Level 1:colcon.colcon_core.package_identification:_identify(workspace/ros_ur_driver/src/build/ur_bringup/CMakeFiles/3.22.1) by extensions ['colcon_pkg']
[0.916s] Level 1:colcon.colcon_core.package_identification:_identify(workspace/ros_ur_driver/src/build/ur_bringup/CMakeFiles/3.22.1) by extension 'colcon_pkg'
[0.916s] Level 1:colcon.colcon_core.package_identification:_identify(workspace/ros_ur_driver/src/build/ur_bringup/CMakeFiles/3.22.1) by extensions ['colcon_meta']
[0.916s] Level 1:colcon.colcon_core.package_identification:_identify(workspace/ros_ur_driver/src/build/ur_bringup/CMakeFiles/3.22.1) by extension 'colcon_meta'
[0.917s] Level 1:colcon.colcon_core.package_identification:_identify(workspace/ros_ur_driver/src/build/ur_bringup/CMakeFiles/3.22.1) by extensions ['ros']
[0.917s] Level 1:colcon.colcon_core.package_identification:_identify(workspace/ros_ur_driver/src/build/ur_bringup/CMakeFiles/3.22.1) by extension 'ros'
[0.917s] Level 1:colcon.colcon_core.package_identification:_identify(workspace/ros_ur_driver/src/build/ur_bringup/CMakeFiles/3.22.1) by extensions ['cmake', 'python']
[0.917s] Level 1:colcon.colcon_core.package_identification:_identify(workspace/ros_ur_driver/src/build/ur_bringup/CMakeFiles/3.22.1) by extension 'cmake'
[0.917s] Level 1:colcon.colcon_core.package_identification:_identify(workspace/ros_ur_driver/src/build/ur_bringup/CMakeFiles/3.22.1) by extension 'python'
[0.917s] Level 1:colcon.colcon_core.package_identification:_identify(workspace/ros_ur_driver/src/build/ur_bringup/CMakeFiles/3.22.1) by extensions ['python_setup_py']
[0.917s] Level 1:colcon.colcon_core.package_identification:_identify(workspace/ros_ur_driver/src/build/ur_bringup/CMakeFiles/3.22.1) by extension 'python_setup_py'
[0.917s] Level 1:colcon.colcon_core.package_identification:_identify(workspace/ros_ur_driver/src/build/ur_bringup/CMakeFiles/3.22.1/CompilerIdC) by extensions ['ignore', 'ignore_ament_install']
[0.917s] Level 1:colcon.colcon_core.package_identification:_identify(workspace/ros_ur_driver/src/build/ur_bringup/CMakeFiles/3.22.1/CompilerIdC) by extension 'ignore'
[0.917s] Level 1:colcon.colcon_core.package_identification:_identify(workspace/ros_ur_driver/src/build/ur_bringup/CMakeFiles/3.22.1/CompilerIdC) by extension 'ignore_ament_install'
[0.917s] Level 1:colcon.colcon_core.package_identification:_identify(workspace/ros_ur_driver/src/build/ur_bringup/CMakeFiles/3.22.1/CompilerIdC) by extensions ['colcon_pkg']
[0.917s] Level 1:colcon.colcon_core.package_identification:_identify(workspace/ros_ur_driver/src/build/ur_bringup/CMakeFiles/3.22.1/CompilerIdC) by extension 'colcon_pkg'
[0.917s] Level 1:colcon.colcon_core.package_identification:_identify(workspace/ros_ur_driver/src/build/ur_bringup/CMakeFiles/3.22.1/CompilerIdC) by extensions ['colcon_meta']
[0.917s] Level 1:colcon.colcon_core.package_identification:_identify(workspace/ros_ur_driver/src/build/ur_bringup/CMakeFiles/3.22.1/CompilerIdC) by extension 'colcon_meta'
[0.917s] Level 1:colcon.colcon_core.package_identification:_identify(workspace/ros_ur_driver/src/build/ur_bringup/CMakeFiles/3.22.1/CompilerIdC) by extensions ['ros']
[0.917s] Level 1:colcon.colcon_core.package_identification:_identify(workspace/ros_ur_driver/src/build/ur_bringup/CMakeFiles/3.22.1/CompilerIdC) by extension 'ros'
[0.918s] Level 1:colcon.colcon_core.package_identification:_identify(workspace/ros_ur_driver/src/build/ur_bringup/CMakeFiles/3.22.1/CompilerIdC) by extensions ['cmake', 'python']
[0.918s] Level 1:colcon.colcon_core.package_identification:_identify(workspace/ros_ur_driver/src/build/ur_bringup/CMakeFiles/3.22.1/CompilerIdC) by extension 'cmake'
[0.919s] Level 1:colcon.colcon_core.package_identification:_identify(workspace/ros_ur_driver/src/build/ur_bringup/CMakeFiles/3.22.1/CompilerIdC) by extension 'python'
[0.920s] Level 1:colcon.colcon_core.package_identification:_identify(workspace/ros_ur_driver/src/build/ur_bringup/CMakeFiles/3.22.1/CompilerIdC) by extensions ['python_setup_py']
[0.920s] Level 1:colcon.colcon_core.package_identification:_identify(workspace/ros_ur_driver/src/build/ur_bringup/CMakeFiles/3.22.1/CompilerIdC) by extension 'python_setup_py'
[0.920s] Level 1:colcon.colcon_core.package_identification:_identify(workspace/ros_ur_driver/src/build/ur_bringup/CMakeFiles/3.22.1/CompilerIdC/tmp) by extensions ['ignore', 'ignore_ament_install']
[0.921s] Level 1:colcon.colcon_core.package_identification:_identify(workspace/ros_ur_driver/src/build/ur_bringup/CMakeFiles/3.22.1/CompilerIdC/tmp) by extension 'ignore'
[0.921s] Level 1:colcon.colcon_core.package_identification:_identify(workspace/ros_ur_driver/src/build/ur_bringup/CMakeFiles/3.22.1/CompilerIdC/tmp) by extension 'ignore_ament_install'
[0.921s] Level 1:colcon.colcon_core.package_identification:_identify(workspace/ros_ur_driver/src/build/ur_bringup/CMakeFiles/3.22.1/CompilerIdC/tmp) by extensions ['colcon_pkg']
[0.921s] Level 1:colcon.colcon_core.package_identification:_identify(workspace/ros_ur_driver/src/build/ur_bringup/CMakeFiles/3.22.1/CompilerIdC/tmp) by extension 'colcon_pkg'
[0.921s] Level 1:colcon.colcon_core.package_identification:_identify(workspace/ros_ur_driver/src/build/ur_bringup/CMakeFiles/3.22.1/CompilerIdC/tmp) by extensions ['colcon_meta']
[0.921s] Level 1:colcon.colcon_core.package_identification:_identify(workspace/ros_ur_driver/src/build/ur_bringup/CMakeFiles/3.22.1/CompilerIdC/tmp) by extension 'colcon_meta'
[0.922s] Level 1:colcon.colcon_core.package_identification:_identify(workspace/ros_ur_driver/src/build/ur_bringup/CMakeFiles/3.22.1/CompilerIdC/tmp) by extensions ['ros']
[0.922s] Level 1:colcon.colcon_core.package_identification:_identify(workspace/ros_ur_driver/src/build/ur_bringup/CMakeFiles/3.22.1/CompilerIdC/tmp) by extension 'ros'
[0.922s] Level 1:colcon.colcon_core.package_identification:_identify(workspace/ros_ur_driver/src/build/ur_bringup/CMakeFiles/3.22.1/CompilerIdC/tmp) by extensions ['cmake', 'python']
[0.922s] Level 1:colcon.colcon_core.package_identification:_identify(workspace/ros_ur_driver/src/build/ur_bringup/CMakeFiles/3.22.1/CompilerIdC/tmp) by extension 'cmake'
[0.922s] Level 1:colcon.colcon_core.package_identification:_identify(workspace/ros_ur_driver/src/build/ur_bringup/CMakeFiles/3.22.1/CompilerIdC/tmp) by extension 'python'
[0.922s] Level 1:colcon.colcon_core.package_identification:_identify(workspace/ros_ur_driver/src/build/ur_bringup/CMakeFiles/3.22.1/CompilerIdC/tmp) by extensions ['python_setup_py']
[0.923s] Level 1:colcon.colcon_core.package_identification:_identify(workspace/ros_ur_driver/src/build/ur_bringup/CMakeFiles/3.22.1/CompilerIdC/tmp) by extension 'python_setup_py'
[0.923s] Level 1:colcon.colcon_core.package_identification:_identify(workspace/ros_ur_driver/src/build/ur_bringup/CMakeFiles/3.22.1/CompilerIdCXX) by extensions ['ignore', 'ignore_ament_install']
[0.923s] Level 1:colcon.colcon_core.package_identification:_identify(workspace/ros_ur_driver/src/build/ur_bringup/CMakeFiles/3.22.1/CompilerIdCXX) by extension 'ignore'
[0.923s] Level 1:colcon.colcon_core.package_identification:_identify(workspace/ros_ur_driver/src/build/ur_bringup/CMakeFiles/3.22.1/CompilerIdCXX) by extension 'ignore_ament_install'
[0.923s] Level 1:colcon.colcon_core.package_identification:_identify(workspace/ros_ur_driver/src/build/ur_bringup/CMakeFiles/3.22.1/CompilerIdCXX) by extensions ['colcon_pkg']
[0.923s] Level 1:colcon.colcon_core.package_identification:_identify(workspace/ros_ur_driver/src/build/ur_bringup/CMakeFiles/3.22.1/CompilerIdCXX) by extension 'colcon_pkg'
[0.923s] Level 1:colcon.colcon_core.package_identification:_identify(workspace/ros_ur_driver/src/build/ur_bringup/CMakeFiles/3.22.1/CompilerIdCXX) by extensions ['colcon_meta']
[0.923s] Level 1:colcon.colcon_core.package_identification:_identify(workspace/ros_ur_driver/src/build/ur_bringup/CMakeFiles/3.22.1/CompilerIdCXX) by extension 'colcon_meta'
[0.923s] Level 1:colcon.colcon_core.package_identification:_identify(workspace/ros_ur_driver/src/build/ur_bringup/CMakeFiles/3.22.1/CompilerIdCXX) by extensions ['ros']
[0.923s] Level 1:colcon.colcon_core.package_identification:_identify(workspace/ros_ur_driver/src/build/ur_bringup/CMakeFiles/3.22.1/CompilerIdCXX) by extension 'ros'
[0.923s] Level 1:colcon.colcon_core.package_identification:_identify(workspace/ros_ur_driver/src/build/ur_bringup/CMakeFiles/3.22.1/CompilerIdCXX) by extensions ['cmake', 'python']
[0.923s] Level 1:colcon.colcon_core.package_identification:_identify(workspace/ros_ur_driver/src/build/ur_bringup/CMakeFiles/3.22.1/CompilerIdCXX) by extension 'cmake'
[0.923s] Level 1:colcon.colcon_core.package_identification:_identify(workspace/ros_ur_driver/src/build/ur_bringup/CMakeFiles/3.22.1/CompilerIdCXX) by extension 'python'
[0.924s] Level 1:colcon.colcon_core.package_identification:_identify(workspace/ros_ur_driver/src/build/ur_bringup/CMakeFiles/3.22.1/CompilerIdCXX) by extensions ['python_setup_py']
[0.924s] Level 1:colcon.colcon_core.package_identification:_identify(workspace/ros_ur_driver/src/build/ur_bringup/CMakeFiles/3.22.1/CompilerIdCXX) by extension 'python_setup_py'
[0.924s] Level 1:colcon.colcon_core.package_identification:_identify(workspace/ros_ur_driver/src/build/ur_bringup/CMakeFiles/3.22.1/CompilerIdCXX/tmp) by extensions ['ignore', 'ignore_ament_install']
[0.924s] Level 1:colcon.colcon_core.package_identification:_identify(workspace/ros_ur_driver/src/build/ur_bringup/CMakeFiles/3.22.1/CompilerIdCXX/tmp) by extension 'ignore'
[0.924s] Level 1:colcon.colcon_core.package_identification:_identify(workspace/ros_ur_driver/src/build/ur_bringup/CMakeFiles/3.22.1/CompilerIdCXX/tmp) by extension 'ignore_ament_install'
[0.924s] Level 1:colcon.colcon_core.package_identification:_identify(workspace/ros_ur_driver/src/build/ur_bringup/CMakeFiles/3.22.1/CompilerIdCXX/tmp) by extensions ['colcon_pkg']
[0.924s] Level 1:colcon.colcon_core.package_identification:_identify(workspace/ros_ur_driver/src/build/ur_bringup/CMakeFiles/3.22.1/CompilerIdCXX/tmp) by extension 'colcon_pkg'
[0.924s] Level 1:colcon.colcon_core.package_identification:_identify(workspace/ros_ur_driver/src/build/ur_bringup/CMakeFiles/3.22.1/CompilerIdCXX/tmp) by extensions ['colcon_meta']
[0.924s] Level 1:colcon.colcon_core.package_identification:_identify(workspace/ros_ur_driver/src/build/ur_bringup/CMakeFiles/3.22.1/CompilerIdCXX/tmp) by extension 'colcon_meta'
[0.924s] Level 1:colcon.colcon_core.package_identification:_identify(workspace/ros_ur_driver/src/build/ur_bringup/CMakeFiles/3.22.1/CompilerIdCXX/tmp) by extensions ['ros']
[0.924s] Level 1:colcon.colcon_core.package_identification:_identify(workspace/ros_ur_driver/src/build/ur_bringup/CMakeFiles/3.22.1/CompilerIdCXX/tmp) by extension 'ros'
[0.924s] Level 1:colcon.colcon_core.package_identification:_identify(workspace/ros_ur_driver/src/build/ur_bringup/CMakeFiles/3.22.1/CompilerIdCXX/tmp) by extensions ['cmake', 'python']
[0.924s] Level 1:colcon.colcon_core.package_identification:_identify(workspace/ros_ur_driver/src/build/ur_bringup/CMakeFiles/3.22.1/CompilerIdCXX/tmp) by extension 'cmake'
[0.924s] Level 1:colcon.colcon_core.package_identification:_identify(workspace/ros_ur_driver/src/build/ur_bringup/CMakeFiles/3.22.1/CompilerIdCXX/tmp) by extension 'python'
[0.924s] Level 1:colcon.colcon_core.package_identification:_identify(workspace/ros_ur_driver/src/build/ur_bringup/CMakeFiles/3.22.1/CompilerIdCXX/tmp) by extensions ['python_setup_py']
[0.925s] Level 1:colcon.colcon_core.package_identification:_identify(workspace/ros_ur_driver/src/build/ur_bringup/CMakeFiles/3.22.1/CompilerIdCXX/tmp) by extension 'python_setup_py'
[0.925s] Level 1:colcon.colcon_core.package_identification:_identify(workspace/ros_ur_driver/src/build/ur_bringup/CMakeFiles/CMakeTmp) by extensions ['ignore', 'ignore_ament_install']
[0.925s] Level 1:colcon.colcon_core.package_identification:_identify(workspace/ros_ur_driver/src/build/ur_bringup/CMakeFiles/CMakeTmp) by extension 'ignore'
[0.925s] Level 1:colcon.colcon_core.package_identification:_identify(workspace/ros_ur_driver/src/build/ur_bringup/CMakeFiles/CMakeTmp) by extension 'ignore_ament_install'
[0.925s] Level 1:colcon.colcon_core.package_identification:_identify(workspace/ros_ur_driver/src/build/ur_bringup/CMakeFiles/CMakeTmp) by extensions ['colcon_pkg']
[0.925s] Level 1:colcon.colcon_core.package_identification:_identify(workspace/ros_ur_driver/src/build/ur_bringup/CMakeFiles/CMakeTmp) by extension 'colcon_pkg'
[0.925s] Level 1:colcon.colcon_core.package_identification:_identify(workspace/ros_ur_driver/src/build/ur_bringup/CMakeFiles/CMakeTmp) by extensions ['colcon_meta']
[0.925s] Level 1:colcon.colcon_core.package_identification:_identify(workspace/ros_ur_driver/src/build/ur_bringup/CMakeFiles/CMakeTmp) by extension 'colcon_meta'
[0.925s] Level 1:colcon.colcon_core.package_identification:_identify(workspace/ros_ur_driver/src/build/ur_bringup/CMakeFiles/CMakeTmp) by extensions ['ros']
[0.925s] Level 1:colcon.colcon_core.package_identification:_identify(workspace/ros_ur_driver/src/build/ur_bringup/CMakeFiles/CMakeTmp) by extension 'ros'
[0.925s] Level 1:colcon.colcon_core.package_identification:_identify(workspace/ros_ur_driver/src/build/ur_bringup/CMakeFiles/CMakeTmp) by extensions ['cmake', 'python']
[0.925s] Level 1:colcon.colcon_core.package_identification:_identify(workspace/ros_ur_driver/src/build/ur_bringup/CMakeFiles/CMakeTmp) by extension 'cmake'
[0.925s] Level 1:colcon.colcon_core.package_identification:_identify(workspace/ros_ur_driver/src/build/ur_bringup/CMakeFiles/CMakeTmp) by extension 'python'
[0.925s] Level 1:colcon.colcon_core.package_identification:_identify(workspace/ros_ur_driver/src/build/ur_bringup/CMakeFiles/CMakeTmp) by extensions ['python_setup_py']
[0.925s] Level 1:colcon.colcon_core.package_identification:_identify(workspace/ros_ur_driver/src/build/ur_bringup/CMakeFiles/CMakeTmp) by extension 'python_setup_py'
[0.926s] Level 1:colcon.colcon_core.package_identification:_identify(workspace/ros_ur_driver/src/build/ur_calibration) by extensions ['ignore', 'ignore_ament_install']
[0.926s] Level 1:colcon.colcon_core.package_identification:_identify(workspace/ros_ur_driver/src/build/ur_calibration) by extension 'ignore'
[0.926s] Level 1:colcon.colcon_core.package_identification:_identify(workspace/ros_ur_driver/src/build/ur_calibration) by extension 'ignore_ament_install'
[0.926s] Level 1:colcon.colcon_core.package_identification:_identify(workspace/ros_ur_driver/src/build/ur_calibration) by extensions ['colcon_pkg']
[0.926s] Level 1:colcon.colcon_core.package_identification:_identify(workspace/ros_ur_driver/src/build/ur_calibration) by extension 'colcon_pkg'
[0.926s] Level 1:colcon.colcon_core.package_identification:_identify(workspace/ros_ur_driver/src/build/ur_calibration) by extensions ['colcon_meta']
[0.926s] Level 1:colcon.colcon_core.package_identification:_identify(workspace/ros_ur_driver/src/build/ur_calibration) by extension 'colcon_meta'
[0.926s] Level 1:colcon.colcon_core.package_identification:_identify(workspace/ros_ur_driver/src/build/ur_calibration) by extensions ['ros']
[0.926s] Level 1:colcon.colcon_core.package_identification:_identify(workspace/ros_ur_driver/src/build/ur_calibration) by extension 'ros'
[0.926s] Level 1:colcon.colcon_core.package_identification:_identify(workspace/ros_ur_driver/src/build/ur_calibration) by extensions ['cmake', 'python']
[0.926s] Level 1:colcon.colcon_core.package_identification:_identify(workspace/ros_ur_driver/src/build/ur_calibration) by extension 'cmake'
[0.926s] Level 1:colcon.colcon_core.package_identification:_identify(workspace/ros_ur_driver/src/build/ur_calibration) by extension 'python'
[0.926s] Level 1:colcon.colcon_core.package_identification:_identify(workspace/ros_ur_driver/src/build/ur_calibration) by extensions ['python_setup_py']
[0.926s] Level 1:colcon.colcon_core.package_identification:_identify(workspace/ros_ur_driver/src/build/ur_calibration) by extension 'python_setup_py'
[0.926s] Level 1:colcon.colcon_core.package_identification:_identify(workspace/ros_ur_driver/src/build/ur_calibration/CMakeFiles) by extensions ['ignore', 'ignore_ament_install']
[0.927s] Level 1:colcon.colcon_core.package_identification:_identify(workspace/ros_ur_driver/src/build/ur_calibration/CMakeFiles) by extension 'ignore'
[0.927s] Level 1:colcon.colcon_core.package_identification:_identify(workspace/ros_ur_driver/src/build/ur_calibration/CMakeFiles) by extension 'ignore_ament_install'
[0.927s] Level 1:colcon.colcon_core.package_identification:_identify(workspace/ros_ur_driver/src/build/ur_calibration/CMakeFiles) by extensions ['colcon_pkg']
[0.927s] Level 1:colcon.colcon_core.package_identification:_identify(workspace/ros_ur_driver/src/build/ur_calibration/CMakeFiles) by extension 'colcon_pkg'
[0.927s] Level 1:colcon.colcon_core.package_identification:_identify(workspace/ros_ur_driver/src/build/ur_calibration/CMakeFiles) by extensions ['colcon_meta']
[0.927s] Level 1:colcon.colcon_core.package_identification:_identify(workspace/ros_ur_driver/src/build/ur_calibration/CMakeFiles) by extension 'colcon_meta'
[0.927s] Level 1:colcon.colcon_core.package_identification:_identify(workspace/ros_ur_driver/src/build/ur_calibration/CMakeFiles) by extensions ['ros']
[0.927s] Level 1:colcon.colcon_core.package_identification:_identify(workspace/ros_ur_driver/src/build/ur_calibration/CMakeFiles) by extension 'ros'
[0.927s] Level 1:colcon.colcon_core.package_identification:_identify(workspace/ros_ur_driver/src/build/ur_calibration/CMakeFiles) by extensions ['cmake', 'python']
[0.927s] Level 1:colcon.colcon_core.package_identification:_identify(workspace/ros_ur_driver/src/build/ur_calibration/CMakeFiles) by extension 'cmake'
[0.927s] Level 1:colcon.colcon_core.package_identification:_identify(workspace/ros_ur_driver/src/build/ur_calibration/CMakeFiles) by extension 'python'
[0.927s] Level 1:colcon.colcon_core.package_identification:_identify(workspace/ros_ur_driver/src/build/ur_calibration/CMakeFiles) by extensions ['python_setup_py']
[0.927s] Level 1:colcon.colcon_core.package_identification:_identify(workspace/ros_ur_driver/src/build/ur_calibration/CMakeFiles) by extension 'python_setup_py'
[0.927s] Level 1:colcon.colcon_core.package_identification:_identify(workspace/ros_ur_driver/src/build/ur_calibration/CMakeFiles/3.22.1) by extensions ['ignore', 'ignore_ament_install']
[0.927s] Level 1:colcon.colcon_core.package_identification:_identify(workspace/ros_ur_driver/src/build/ur_calibration/CMakeFiles/3.22.1) by extension 'ignore'
[0.928s] Level 1:colcon.colcon_core.package_identification:_identify(workspace/ros_ur_driver/src/build/ur_calibration/CMakeFiles/3.22.1) by extension 'ignore_ament_install'
[0.928s] Level 1:colcon.colcon_core.package_identification:_identify(workspace/ros_ur_driver/src/build/ur_calibration/CMakeFiles/3.22.1) by extensions ['colcon_pkg']
[0.928s] Level 1:colcon.colcon_core.package_identification:_identify(workspace/ros_ur_driver/src/build/ur_calibration/CMakeFiles/3.22.1) by extension 'colcon_pkg'
[0.928s] Level 1:colcon.colcon_core.package_identification:_identify(workspace/ros_ur_driver/src/build/ur_calibration/CMakeFiles/3.22.1) by extensions ['colcon_meta']
[0.928s] Level 1:colcon.colcon_core.package_identification:_identify(workspace/ros_ur_driver/src/build/ur_calibration/CMakeFiles/3.22.1) by extension 'colcon_meta'
[0.928s] Level 1:colcon.colcon_core.package_identification:_identify(workspace/ros_ur_driver/src/build/ur_calibration/CMakeFiles/3.22.1) by extensions ['ros']
[0.928s] Level 1:colcon.colcon_core.package_identification:_identify(workspace/ros_ur_driver/src/build/ur_calibration/CMakeFiles/3.22.1) by extension 'ros'
[0.928s] Level 1:colcon.colcon_core.package_identification:_identify(workspace/ros_ur_driver/src/build/ur_calibration/CMakeFiles/3.22.1) by extensions ['cmake', 'python']
[0.928s] Level 1:colcon.colcon_core.package_identification:_identify(workspace/ros_ur_driver/src/build/ur_calibration/CMakeFiles/3.22.1) by extension 'cmake'
[0.928s] Level 1:colcon.colcon_core.package_identification:_identify(workspace/ros_ur_driver/src/build/ur_calibration/CMakeFiles/3.22.1) by extension 'python'
[0.928s] Level 1:colcon.colcon_core.package_identification:_identify(workspace/ros_ur_driver/src/build/ur_calibration/CMakeFiles/3.22.1) by extensions ['python_setup_py']
[0.928s] Level 1:colcon.colcon_core.package_identification:_identify(workspace/ros_ur_driver/src/build/ur_calibration/CMakeFiles/3.22.1) by extension 'python_setup_py'
[0.928s] Level 1:colcon.colcon_core.package_identification:_identify(workspace/ros_ur_driver/src/build/ur_calibration/CMakeFiles/3.22.1/CompilerIdC) by extensions ['ignore', 'ignore_ament_install']
[0.928s] Level 1:colcon.colcon_core.package_identification:_identify(workspace/ros_ur_driver/src/build/ur_calibration/CMakeFiles/3.22.1/CompilerIdC) by extension 'ignore'
[0.928s] Level 1:colcon.colcon_core.package_identification:_identify(workspace/ros_ur_driver/src/build/ur_calibration/CMakeFiles/3.22.1/CompilerIdC) by extension 'ignore_ament_install'
[0.929s] Level 1:colcon.colcon_core.package_identification:_identify(workspace/ros_ur_driver/src/build/ur_calibration/CMakeFiles/3.22.1/CompilerIdC) by extensions ['colcon_pkg']
[0.929s] Level 1:colcon.colcon_core.package_identification:_identify(workspace/ros_ur_driver/src/build/ur_calibration/CMakeFiles/3.22.1/CompilerIdC) by extension 'colcon_pkg'
[0.929s] Level 1:colcon.colcon_core.package_identification:_identify(workspace/ros_ur_driver/src/build/ur_calibration/CMakeFiles/3.22.1/CompilerIdC) by extensions ['colcon_meta']
[0.929s] Level 1:colcon.colcon_core.package_identification:_identify(workspace/ros_ur_driver/src/build/ur_calibration/CMakeFiles/3.22.1/CompilerIdC) by extension 'colcon_meta'
[0.929s] Level 1:colcon.colcon_core.package_identification:_identify(workspace/ros_ur_driver/src/build/ur_calibration/CMakeFiles/3.22.1/CompilerIdC) by extensions ['ros']
[0.929s] Level 1:colcon.colcon_core.package_identification:_identify(workspace/ros_ur_driver/src/build/ur_calibration/CMakeFiles/3.22.1/CompilerIdC) by extension 'ros'
[0.929s] Level 1:colcon.colcon_core.package_identification:_identify(workspace/ros_ur_driver/src/build/ur_calibration/CMakeFiles/3.22.1/CompilerIdC) by extensions ['cmake', 'python']
[0.929s] Level 1:colcon.colcon_core.package_identification:_identify(workspace/ros_ur_driver/src/build/ur_calibration/CMakeFiles/3.22.1/CompilerIdC) by extension 'cmake'
[0.929s] Level 1:colcon.colcon_core.package_identification:_identify(workspace/ros_ur_driver/src/build/ur_calibration/CMakeFiles/3.22.1/CompilerIdC) by extension 'python'
[0.929s] Level 1:colcon.colcon_core.package_identification:_identify(workspace/ros_ur_driver/src/build/ur_calibration/CMakeFiles/3.22.1/CompilerIdC) by extensions ['python_setup_py']
[0.929s] Level 1:colcon.colcon_core.package_identification:_identify(workspace/ros_ur_driver/src/build/ur_calibration/CMakeFiles/3.22.1/CompilerIdC) by extension 'python_setup_py'
[0.929s] Level 1:colcon.colcon_core.package_identification:_identify(workspace/ros_ur_driver/src/build/ur_calibration/CMakeFiles/3.22.1/CompilerIdC/tmp) by extensions ['ignore', 'ignore_ament_install']
[0.929s] Level 1:colcon.colcon_core.package_identification:_identify(workspace/ros_ur_driver/src/build/ur_calibration/CMakeFiles/3.22.1/CompilerIdC/tmp) by extension 'ignore'
[0.929s] Level 1:colcon.colcon_core.package_identification:_identify(workspace/ros_ur_driver/src/build/ur_calibration/CMakeFiles/3.22.1/CompilerIdC/tmp) by extension 'ignore_ament_install'
[0.929s] Level 1:colcon.colcon_core.package_identification:_identify(workspace/ros_ur_driver/src/build/ur_calibration/CMakeFiles/3.22.1/CompilerIdC/tmp) by extensions ['colcon_pkg']
[0.929s] Level 1:colcon.colcon_core.package_identification:_identify(workspace/ros_ur_driver/src/build/ur_calibration/CMakeFiles/3.22.1/CompilerIdC/tmp) by extension 'colcon_pkg'
[0.930s] Level 1:colcon.colcon_core.package_identification:_identify(workspace/ros_ur_driver/src/build/ur_calibration/CMakeFiles/3.22.1/CompilerIdC/tmp) by extensions ['colcon_meta']
[0.930s] Level 1:colcon.colcon_core.package_identification:_identify(workspace/ros_ur_driver/src/build/ur_calibration/CMakeFiles/3.22.1/CompilerIdC/tmp) by extension 'colcon_meta'
[0.930s] Level 1:colcon.colcon_core.package_identification:_identify(workspace/ros_ur_driver/src/build/ur_calibration/CMakeFiles/3.22.1/CompilerIdC/tmp) by extensions ['ros']
[0.930s] Level 1:colcon.colcon_core.package_identification:_identify(workspace/ros_ur_driver/src/build/ur_calibration/CMakeFiles/3.22.1/CompilerIdC/tmp) by extension 'ros'
[0.930s] Level 1:colcon.colcon_core.package_identification:_identify(workspace/ros_ur_driver/src/build/ur_calibration/CMakeFiles/3.22.1/CompilerIdC/tmp) by extensions ['cmake', 'python']
[0.930s] Level 1:colcon.colcon_core.package_identification:_identify(workspace/ros_ur_driver/src/build/ur_calibration/CMakeFiles/3.22.1/CompilerIdC/tmp) by extension 'cmake'
[0.930s] Level 1:colcon.colcon_core.package_identification:_identify(workspace/ros_ur_driver/src/build/ur_calibration/CMakeFiles/3.22.1/CompilerIdC/tmp) by extension 'python'
[0.930s] Level 1:colcon.colcon_core.package_identification:_identify(workspace/ros_ur_driver/src/build/ur_calibration/CMakeFiles/3.22.1/CompilerIdC/tmp) by extensions ['python_setup_py']
[0.930s] Level 1:colcon.colcon_core.package_identification:_identify(workspace/ros_ur_driver/src/build/ur_calibration/CMakeFiles/3.22.1/CompilerIdC/tmp) by extension 'python_setup_py'
[0.930s] Level 1:colcon.colcon_core.package_identification:_identify(workspace/ros_ur_driver/src/build/ur_calibration/CMakeFiles/3.22.1/CompilerIdCXX) by extensions ['ignore', 'ignore_ament_install']
[0.930s] Level 1:colcon.colcon_core.package_identification:_identify(workspace/ros_ur_driver/src/build/ur_calibration/CMakeFiles/3.22.1/CompilerIdCXX) by extension 'ignore'
[0.930s] Level 1:colcon.colcon_core.package_identification:_identify(workspace/ros_ur_driver/src/build/ur_calibration/CMakeFiles/3.22.1/CompilerIdCXX) by extension 'ignore_ament_install'
[0.930s] Level 1:colcon.colcon_core.package_identification:_identify(workspace/ros_ur_driver/src/build/ur_calibration/CMakeFiles/3.22.1/CompilerIdCXX) by extensions ['colcon_pkg']
[0.930s] Level 1:colcon.colcon_core.package_identification:_identify(workspace/ros_ur_driver/src/build/ur_calibration/CMakeFiles/3.22.1/CompilerIdCXX) by extension 'colcon_pkg'
[0.930s] Level 1:colcon.colcon_core.package_identification:_identify(workspace/ros_ur_driver/src/build/ur_calibration/CMakeFiles/3.22.1/CompilerIdCXX) by extensions ['colcon_meta']
[0.930s] Level 1:colcon.colcon_core.package_identification:_identify(workspace/ros_ur_driver/src/build/ur_calibration/CMakeFiles/3.22.1/CompilerIdCXX) by extension 'colcon_meta'
[0.931s] Level 1:colcon.colcon_core.package_identification:_identify(workspace/ros_ur_driver/src/build/ur_calibration/CMakeFiles/3.22.1/CompilerIdCXX) by extensions ['ros']
[0.931s] Level 1:colcon.colcon_core.package_identification:_identify(workspace/ros_ur_driver/src/build/ur_calibration/CMakeFiles/3.22.1/CompilerIdCXX) by extension 'ros'
[0.931s] Level 1:colcon.colcon_core.package_identification:_identify(workspace/ros_ur_driver/src/build/ur_calibration/CMakeFiles/3.22.1/CompilerIdCXX) by extensions ['cmake', 'python']
[0.931s] Level 1:colcon.colcon_core.package_identification:_identify(workspace/ros_ur_driver/src/build/ur_calibration/CMakeFiles/3.22.1/CompilerIdCXX) by extension 'cmake'
[0.931s] Level 1:colcon.colcon_core.package_identification:_identify(workspace/ros_ur_driver/src/build/ur_calibration/CMakeFiles/3.22.1/CompilerIdCXX) by extension 'python'
[0.931s] Level 1:colcon.colcon_core.package_identification:_identify(workspace/ros_ur_driver/src/build/ur_calibration/CMakeFiles/3.22.1/CompilerIdCXX) by extensions ['python_setup_py']
[0.931s] Level 1:colcon.colcon_core.package_identification:_identify(workspace/ros_ur_driver/src/build/ur_calibration/CMakeFiles/3.22.1/CompilerIdCXX) by extension 'python_setup_py'
[0.931s] Level 1:colcon.colcon_core.package_identification:_identify(workspace/ros_ur_driver/src/build/ur_calibration/CMakeFiles/3.22.1/CompilerIdCXX/tmp) by extensions ['ignore', 'ignore_ament_install']
[0.931s] Level 1:colcon.colcon_core.package_identification:_identify(workspace/ros_ur_driver/src/build/ur_calibration/CMakeFiles/3.22.1/CompilerIdCXX/tmp) by extension 'ignore'
[0.931s] Level 1:colcon.colcon_core.package_identification:_identify(workspace/ros_ur_driver/src/build/ur_calibration/CMakeFiles/3.22.1/CompilerIdCXX/tmp) by extension 'ignore_ament_install'
[0.931s] Level 1:colcon.colcon_core.package_identification:_identify(workspace/ros_ur_driver/src/build/ur_calibration/CMakeFiles/3.22.1/CompilerIdCXX/tmp) by extensions ['colcon_pkg']
[0.931s] Level 1:colcon.colcon_core.package_identification:_identify(workspace/ros_ur_driver/src/build/ur_calibration/CMakeFiles/3.22.1/CompilerIdCXX/tmp) by extension 'colcon_pkg'
[0.931s] Level 1:colcon.colcon_core.package_identification:_identify(workspace/ros_ur_driver/src/build/ur_calibration/CMakeFiles/3.22.1/CompilerIdCXX/tmp) by extensions ['colcon_meta']
[0.931s] Level 1:colcon.colcon_core.package_identification:_identify(workspace/ros_ur_driver/src/build/ur_calibration/CMakeFiles/3.22.1/CompilerIdCXX/tmp) by extension 'colcon_meta'
[0.931s] Level 1:colcon.colcon_core.package_identification:_identify(workspace/ros_ur_driver/src/build/ur_calibration/CMakeFiles/3.22.1/CompilerIdCXX/tmp) by extensions ['ros']
[0.931s] Level 1:colcon.colcon_core.package_identification:_identify(workspace/ros_ur_driver/src/build/ur_calibration/CMakeFiles/3.22.1/CompilerIdCXX/tmp) by extension 'ros'
[0.932s] Level 1:colcon.colcon_core.package_identification:_identify(workspace/ros_ur_driver/src/build/ur_calibration/CMakeFiles/3.22.1/CompilerIdCXX/tmp) by extensions ['cmake', 'python']
[0.932s] Level 1:colcon.colcon_core.package_identification:_identify(workspace/ros_ur_driver/src/build/ur_calibration/CMakeFiles/3.22.1/CompilerIdCXX/tmp) by extension 'cmake'
[0.932s] Level 1:colcon.colcon_core.package_identification:_identify(workspace/ros_ur_driver/src/build/ur_calibration/CMakeFiles/3.22.1/CompilerIdCXX/tmp) by extension 'python'
[0.932s] Level 1:colcon.colcon_core.package_identification:_identify(workspace/ros_ur_driver/src/build/ur_calibration/CMakeFiles/3.22.1/CompilerIdCXX/tmp) by extensions ['python_setup_py']
[0.932s] Level 1:colcon.colcon_core.package_identification:_identify(workspace/ros_ur_driver/src/build/ur_calibration/CMakeFiles/3.22.1/CompilerIdCXX/tmp) by extension 'python_setup_py'
[0.932s] Level 1:colcon.colcon_core.package_identification:_identify(workspace/ros_ur_driver/src/build/ur_calibration/CMakeFiles/CMakeTmp) by extensions ['ignore', 'ignore_ament_install']
[0.932s] Level 1:colcon.colcon_core.package_identification:_identify(workspace/ros_ur_driver/src/build/ur_calibration/CMakeFiles/CMakeTmp) by extension 'ignore'
[0.932s] Level 1:colcon.colcon_core.package_identification:_identify(workspace/ros_ur_driver/src/build/ur_calibration/CMakeFiles/CMakeTmp) by extension 'ignore_ament_install'
[0.932s] Level 1:colcon.colcon_core.package_identification:_identify(workspace/ros_ur_driver/src/build/ur_calibration/CMakeFiles/CMakeTmp) by extensions ['colcon_pkg']
[0.932s] Level 1:colcon.colcon_core.package_identification:_identify(workspace/ros_ur_driver/src/build/ur_calibration/CMakeFiles/CMakeTmp) by extension 'colcon_pkg'
[0.932s] Level 1:colcon.colcon_core.package_identification:_identify(workspace/ros_ur_driver/src/build/ur_calibration/CMakeFiles/CMakeTmp) by extensions ['colcon_meta']
[0.932s] Level 1:colcon.colcon_core.package_identification:_identify(workspace/ros_ur_driver/src/build/ur_calibration/CMakeFiles/CMakeTmp) by extension 'colcon_meta'
[0.932s] Level 1:colcon.colcon_core.package_identification:_identify(workspace/ros_ur_driver/src/build/ur_calibration/CMakeFiles/CMakeTmp) by extensions ['ros']
[0.932s] Level 1:colcon.colcon_core.package_identification:_identify(workspace/ros_ur_driver/src/build/ur_calibration/CMakeFiles/CMakeTmp) by extension 'ros'
[0.932s] Level 1:colcon.colcon_core.package_identification:_identify(workspace/ros_ur_driver/src/build/ur_calibration/CMakeFiles/CMakeTmp) by extensions ['cmake', 'python']
[0.933s] Level 1:colcon.colcon_core.package_identification:_identify(workspace/ros_ur_driver/src/build/ur_calibration/CMakeFiles/CMakeTmp) by extension 'cmake'
[0.933s] Level 1:colcon.colcon_core.package_identification:_identify(workspace/ros_ur_driver/src/build/ur_calibration/CMakeFiles/CMakeTmp) by extension 'python'
[0.933s] Level 1:colcon.colcon_core.package_identification:_identify(workspace/ros_ur_driver/src/build/ur_calibration/CMakeFiles/CMakeTmp) by extensions ['python_setup_py']
[0.933s] Level 1:colcon.colcon_core.package_identification:_identify(workspace/ros_ur_driver/src/build/ur_calibration/CMakeFiles/CMakeTmp) by extension 'python_setup_py'
[0.933s] Level 1:colcon.colcon_core.package_identification:_identify(workspace/ros_ur_driver/src/build/ur_calibration/gtest) by extensions ['ignore', 'ignore_ament_install']
[0.933s] Level 1:colcon.colcon_core.package_identification:_identify(workspace/ros_ur_driver/src/build/ur_calibration/gtest) by extension 'ignore'
[0.933s] Level 1:colcon.colcon_core.package_identification:_identify(workspace/ros_ur_driver/src/build/ur_calibration/gtest) by extension 'ignore_ament_install'
[0.933s] Level 1:colcon.colcon_core.package_identification:_identify(workspace/ros_ur_driver/src/build/ur_calibration/gtest) by extensions ['colcon_pkg']
[0.933s] Level 1:colcon.colcon_core.package_identification:_identify(workspace/ros_ur_driver/src/build/ur_calibration/gtest) by extension 'colcon_pkg'
[0.933s] Level 1:colcon.colcon_core.package_identification:_identify(workspace/ros_ur_driver/src/build/ur_calibration/gtest) by extensions ['colcon_meta']
[0.933s] Level 1:colcon.colcon_core.package_identification:_identify(workspace/ros_ur_driver/src/build/ur_calibration/gtest) by extension 'colcon_meta'
[0.933s] Level 1:colcon.colcon_core.package_identification:_identify(workspace/ros_ur_driver/src/build/ur_calibration/gtest) by extensions ['ros']
[0.933s] Level 1:colcon.colcon_core.package_identification:_identify(workspace/ros_ur_driver/src/build/ur_calibration/gtest) by extension 'ros'
[0.933s] Level 1:colcon.colcon_core.package_identification:_identify(workspace/ros_ur_driver/src/build/ur_calibration/gtest) by extensions ['cmake', 'python']
[0.933s] Level 1:colcon.colcon_core.package_identification:_identify(workspace/ros_ur_driver/src/build/ur_calibration/gtest) by extension 'cmake'
[0.933s] Level 1:colcon.colcon_core.package_identification:_identify(workspace/ros_ur_driver/src/build/ur_calibration/gtest) by extension 'python'
[0.933s] Level 1:colcon.colcon_core.package_identification:_identify(workspace/ros_ur_driver/src/build/ur_calibration/gtest) by extensions ['python_setup_py']
[0.934s] Level 1:colcon.colcon_core.package_identification:_identify(workspace/ros_ur_driver/src/build/ur_calibration/gtest) by extension 'python_setup_py'
[0.934s] Level 1:colcon.colcon_core.package_identification:_identify(workspace/ros_ur_driver/src/build/ur_calibration/gtest/CMakeFiles) by extensions ['ignore', 'ignore_ament_install']
[0.934s] Level 1:colcon.colcon_core.package_identification:_identify(workspace/ros_ur_driver/src/build/ur_calibration/gtest/CMakeFiles) by extension 'ignore'
[0.934s] Level 1:colcon.colcon_core.package_identification:_identify(workspace/ros_ur_driver/src/build/ur_calibration/gtest/CMakeFiles) by extension 'ignore_ament_install'
[0.934s] Level 1:colcon.colcon_core.package_identification:_identify(workspace/ros_ur_driver/src/build/ur_calibration/gtest/CMakeFiles) by extensions ['colcon_pkg']
[0.934s] Level 1:colcon.colcon_core.package_identification:_identify(workspace/ros_ur_driver/src/build/ur_calibration/gtest/CMakeFiles) by extension 'colcon_pkg'
[0.934s] Level 1:colcon.colcon_core.package_identification:_identify(workspace/ros_ur_driver/src/build/ur_calibration/gtest/CMakeFiles) by extensions ['colcon_meta']
[0.934s] Level 1:colcon.colcon_core.package_identification:_identify(workspace/ros_ur_driver/src/build/ur_calibration/gtest/CMakeFiles) by extension 'colcon_meta'
[0.934s] Level 1:colcon.colcon_core.package_identification:_identify(workspace/ros_ur_driver/src/build/ur_calibration/gtest/CMakeFiles) by extensions ['ros']
[0.934s] Level 1:colcon.colcon_core.package_identification:_identify(workspace/ros_ur_driver/src/build/ur_calibration/gtest/CMakeFiles) by extension 'ros'
[0.934s] Level 1:colcon.colcon_core.package_identification:_identify(workspace/ros_ur_driver/src/build/ur_calibration/gtest/CMakeFiles) by extensions ['cmake', 'python']
[0.934s] Level 1:colcon.colcon_core.package_identification:_identify(workspace/ros_ur_driver/src/build/ur_calibration/gtest/CMakeFiles) by extension 'cmake'
[0.934s] Level 1:colcon.colcon_core.package_identification:_identify(workspace/ros_ur_driver/src/build/ur_calibration/gtest/CMakeFiles) by extension 'python'
[0.934s] Level 1:colcon.colcon_core.package_identification:_identify(workspace/ros_ur_driver/src/build/ur_calibration/gtest/CMakeFiles) by extensions ['python_setup_py']
[0.934s] Level 1:colcon.colcon_core.package_identification:_identify(workspace/ros_ur_driver/src/build/ur_calibration/gtest/CMakeFiles) by extension 'python_setup_py'
[0.935s] Level 1:colcon.colcon_core.package_identification:_identify(workspace/ros_ur_driver/src/build/ur_calibration/gtest/CMakeFiles/gtest.dir) by extensions ['ignore', 'ignore_ament_install']
[0.935s] Level 1:colcon.colcon_core.package_identification:_identify(workspace/ros_ur_driver/src/build/ur_calibration/gtest/CMakeFiles/gtest.dir) by extension 'ignore'
[0.935s] Level 1:colcon.colcon_core.package_identification:_identify(workspace/ros_ur_driver/src/build/ur_calibration/gtest/CMakeFiles/gtest.dir) by extension 'ignore_ament_install'
[0.936s] Level 1:colcon.colcon_core.package_identification:_identify(workspace/ros_ur_driver/src/build/ur_calibration/gtest/CMakeFiles/gtest.dir) by extensions ['colcon_pkg']
[0.936s] Level 1:colcon.colcon_core.package_identification:_identify(workspace/ros_ur_driver/src/build/ur_calibration/gtest/CMakeFiles/gtest.dir) by extension 'colcon_pkg'
[0.936s] Level 1:colcon.colcon_core.package_identification:_identify(workspace/ros_ur_driver/src/build/ur_calibration/gtest/CMakeFiles/gtest.dir) by extensions ['colcon_meta']
[0.936s] Level 1:colcon.colcon_core.package_identification:_identify(workspace/ros_ur_driver/src/build/ur_calibration/gtest/CMakeFiles/gtest.dir) by extension 'colcon_meta'
[0.936s] Level 1:colcon.colcon_core.package_identification:_identify(workspace/ros_ur_driver/src/build/ur_calibration/gtest/CMakeFiles/gtest.dir) by extensions ['ros']
[0.936s] Level 1:colcon.colcon_core.package_identification:_identify(workspace/ros_ur_driver/src/build/ur_calibration/gtest/CMakeFiles/gtest.dir) by extension 'ros'
[0.936s] Level 1:colcon.colcon_core.package_identification:_identify(workspace/ros_ur_driver/src/build/ur_calibration/gtest/CMakeFiles/gtest.dir) by extensions ['cmake', 'python']
[0.937s] Level 1:colcon.colcon_core.package_identification:_identify(workspace/ros_ur_driver/src/build/ur_calibration/gtest/CMakeFiles/gtest.dir) by extension 'cmake'
[0.937s] Level 1:colcon.colcon_core.package_identification:_identify(workspace/ros_ur_driver/src/build/ur_calibration/gtest/CMakeFiles/gtest.dir) by extension 'python'
[0.937s] Level 1:colcon.colcon_core.package_identification:_identify(workspace/ros_ur_driver/src/build/ur_calibration/gtest/CMakeFiles/gtest.dir) by extensions ['python_setup_py']
[0.937s] Level 1:colcon.colcon_core.package_identification:_identify(workspace/ros_ur_driver/src/build/ur_calibration/gtest/CMakeFiles/gtest.dir) by extension 'python_setup_py'
[0.937s] Level 1:colcon.colcon_core.package_identification:_identify(workspace/ros_ur_driver/src/build/ur_calibration/gtest/CMakeFiles/gtest.dir/src) by extensions ['ignore', 'ignore_ament_install']
[0.937s] Level 1:colcon.colcon_core.package_identification:_identify(workspace/ros_ur_driver/src/build/ur_calibration/gtest/CMakeFiles/gtest.dir/src) by extension 'ignore'
[0.938s] Level 1:colcon.colcon_core.package_identification:_identify(workspace/ros_ur_driver/src/build/ur_calibration/gtest/CMakeFiles/gtest.dir/src) by extension 'ignore_ament_install'
[0.938s] Level 1:colcon.colcon_core.package_identification:_identify(workspace/ros_ur_driver/src/build/ur_calibration/gtest/CMakeFiles/gtest.dir/src) by extensions ['colcon_pkg']
[0.938s] Level 1:colcon.colcon_core.package_identification:_identify(workspace/ros_ur_driver/src/build/ur_calibration/gtest/CMakeFiles/gtest.dir/src) by extension 'colcon_pkg'
[0.938s] Level 1:colcon.colcon_core.package_identification:_identify(workspace/ros_ur_driver/src/build/ur_calibration/gtest/CMakeFiles/gtest.dir/src) by extensions ['colcon_meta']
[0.938s] Level 1:colcon.colcon_core.package_identification:_identify(workspace/ros_ur_driver/src/build/ur_calibration/gtest/CMakeFiles/gtest.dir/src) by extension 'colcon_meta'
[0.938s] Level 1:colcon.colcon_core.package_identification:_identify(workspace/ros_ur_driver/src/build/ur_calibration/gtest/CMakeFiles/gtest.dir/src) by extensions ['ros']
[0.939s] Level 1:colcon.colcon_core.package_identification:_identify(workspace/ros_ur_driver/src/build/ur_calibration/gtest/CMakeFiles/gtest.dir/src) by extension 'ros'
[0.939s] Level 1:colcon.colcon_core.package_identification:_identify(workspace/ros_ur_driver/src/build/ur_calibration/gtest/CMakeFiles/gtest.dir/src) by extensions ['cmake', 'python']
[0.939s] Level 1:colcon.colcon_core.package_identification:_identify(workspace/ros_ur_driver/src/build/ur_calibration/gtest/CMakeFiles/gtest.dir/src) by extension 'cmake'
[0.939s] Level 1:colcon.colcon_core.package_identification:_identify(workspace/ros_ur_driver/src/build/ur_calibration/gtest/CMakeFiles/gtest.dir/src) by extension 'python'
[0.939s] Level 1:colcon.colcon_core.package_identification:_identify(workspace/ros_ur_driver/src/build/ur_calibration/gtest/CMakeFiles/gtest.dir/src) by extensions ['python_setup_py']
[0.939s] Level 1:colcon.colcon_core.package_identification:_identify(workspace/ros_ur_driver/src/build/ur_calibration/gtest/CMakeFiles/gtest.dir/src) by extension 'python_setup_py'
[0.939s] Level 1:colcon.colcon_core.package_identification:_identify(workspace/ros_ur_driver/src/build/ur_calibration/gtest/CMakeFiles/gtest_main.dir) by extensions ['ignore', 'ignore_ament_install']
[0.939s] Level 1:colcon.colcon_core.package_identification:_identify(workspace/ros_ur_driver/src/build/ur_calibration/gtest/CMakeFiles/gtest_main.dir) by extension 'ignore'
[0.939s] Level 1:colcon.colcon_core.package_identification:_identify(workspace/ros_ur_driver/src/build/ur_calibration/gtest/CMakeFiles/gtest_main.dir) by extension 'ignore_ament_install'
[0.939s] Level 1:colcon.colcon_core.package_identification:_identify(workspace/ros_ur_driver/src/build/ur_calibration/gtest/CMakeFiles/gtest_main.dir) by extensions ['colcon_pkg']
[0.939s] Level 1:colcon.colcon_core.package_identification:_identify(workspace/ros_ur_driver/src/build/ur_calibration/gtest/CMakeFiles/gtest_main.dir) by extension 'colcon_pkg'
[0.940s] Level 1:colcon.colcon_core.package_identification:_identify(workspace/ros_ur_driver/src/build/ur_calibration/gtest/CMakeFiles/gtest_main.dir) by extensions ['colcon_meta']
[0.940s] Level 1:colcon.colcon_core.package_identification:_identify(workspace/ros_ur_driver/src/build/ur_calibration/gtest/CMakeFiles/gtest_main.dir) by extension 'colcon_meta'
[0.940s] Level 1:colcon.colcon_core.package_identification:_identify(workspace/ros_ur_driver/src/build/ur_calibration/gtest/CMakeFiles/gtest_main.dir) by extensions ['ros']
[0.940s] Level 1:colcon.colcon_core.package_identification:_identify(workspace/ros_ur_driver/src/build/ur_calibration/gtest/CMakeFiles/gtest_main.dir) by extension 'ros'
[0.940s] Level 1:colcon.colcon_core.package_identification:_identify(workspace/ros_ur_driver/src/build/ur_calibration/gtest/CMakeFiles/gtest_main.dir) by extensions ['cmake', 'python']
[0.940s] Level 1:colcon.colcon_core.package_identification:_identify(workspace/ros_ur_driver/src/build/ur_calibration/gtest/CMakeFiles/gtest_main.dir) by extension 'cmake'
[0.940s] Level 1:colcon.colcon_core.package_identification:_identify(workspace/ros_ur_driver/src/build/ur_calibration/gtest/CMakeFiles/gtest_main.dir) by extension 'python'
[0.940s] Level 1:colcon.colcon_core.package_identification:_identify(workspace/ros_ur_driver/src/build/ur_calibration/gtest/CMakeFiles/gtest_main.dir) by extensions ['python_setup_py']
[0.940s] Level 1:colcon.colcon_core.package_identification:_identify(workspace/ros_ur_driver/src/build/ur_calibration/gtest/CMakeFiles/gtest_main.dir) by extension 'python_setup_py'
[0.940s] Level 1:colcon.colcon_core.package_identification:_identify(workspace/ros_ur_driver/src/build/ur_calibration/gtest/CMakeFiles/gtest_main.dir/src) by extensions ['ignore', 'ignore_ament_install']
[0.940s] Level 1:colcon.colcon_core.package_identification:_identify(workspace/ros_ur_driver/src/build/ur_calibration/gtest/CMakeFiles/gtest_main.dir/src) by extension 'ignore'
[0.940s] Level 1:colcon.colcon_core.package_identification:_identify(workspace/ros_ur_driver/src/build/ur_calibration/gtest/CMakeFiles/gtest_main.dir/src) by extension 'ignore_ament_install'
[0.940s] Level 1:colcon.colcon_core.package_identification:_identify(workspace/ros_ur_driver/src/build/ur_calibration/gtest/CMakeFiles/gtest_main.dir/src) by extensions ['colcon_pkg']
[0.940s] Level 1:colcon.colcon_core.package_identification:_identify(workspace/ros_ur_driver/src/build/ur_calibration/gtest/CMakeFiles/gtest_main.dir/src) by extension 'colcon_pkg'
[0.940s] Level 1:colcon.colcon_core.package_identification:_identify(workspace/ros_ur_driver/src/build/ur_calibration/gtest/CMakeFiles/gtest_main.dir/src) by extensions ['colcon_meta']
[0.940s] Level 1:colcon.colcon_core.package_identification:_identify(workspace/ros_ur_driver/src/build/ur_calibration/gtest/CMakeFiles/gtest_main.dir/src) by extension 'colcon_meta'
[0.940s] Level 1:colcon.colcon_core.package_identification:_identify(workspace/ros_ur_driver/src/build/ur_calibration/gtest/CMakeFiles/gtest_main.dir/src) by extensions ['ros']
[0.941s] Level 1:colcon.colcon_core.package_identification:_identify(workspace/ros_ur_driver/src/build/ur_calibration/gtest/CMakeFiles/gtest_main.dir/src) by extension 'ros'
[0.941s] Level 1:colcon.colcon_core.package_identification:_identify(workspace/ros_ur_driver/src/build/ur_calibration/gtest/CMakeFiles/gtest_main.dir/src) by extensions ['cmake', 'python']
[0.941s] Level 1:colcon.colcon_core.package_identification:_identify(workspace/ros_ur_driver/src/build/ur_calibration/gtest/CMakeFiles/gtest_main.dir/src) by extension 'cmake'
[0.941s] Level 1:colcon.colcon_core.package_identification:_identify(workspace/ros_ur_driver/src/build/ur_calibration/gtest/CMakeFiles/gtest_main.dir/src) by extension 'python'
[0.941s] Level 1:colcon.colcon_core.package_identification:_identify(workspace/ros_ur_driver/src/build/ur_calibration/gtest/CMakeFiles/gtest_main.dir/src) by extensions ['python_setup_py']
[0.941s] Level 1:colcon.colcon_core.package_identification:_identify(workspace/ros_ur_driver/src/build/ur_calibration/gtest/CMakeFiles/gtest_main.dir/src) by extension 'python_setup_py'
[0.941s] Level 1:colcon.colcon_core.package_identification:_identify(workspace/ros_ur_driver/src/build/ur_controllers) by extensions ['ignore', 'ignore_ament_install']
[0.941s] Level 1:colcon.colcon_core.package_identification:_identify(workspace/ros_ur_driver/src/build/ur_controllers) by extension 'ignore'
[0.941s] Level 1:colcon.colcon_core.package_identification:_identify(workspace/ros_ur_driver/src/build/ur_controllers) by extension 'ignore_ament_install'
[0.941s] Level 1:colcon.colcon_core.package_identification:_identify(workspace/ros_ur_driver/src/build/ur_controllers) by extensions ['colcon_pkg']
[0.941s] Level 1:colcon.colcon_core.package_identification:_identify(workspace/ros_ur_driver/src/build/ur_controllers) by extension 'colcon_pkg'
[0.941s] Level 1:colcon.colcon_core.package_identification:_identify(workspace/ros_ur_driver/src/build/ur_controllers) by extensions ['colcon_meta']
[0.941s] Level 1:colcon.colcon_core.package_identification:_identify(workspace/ros_ur_driver/src/build/ur_controllers) by extension 'colcon_meta'
[0.941s] Level 1:colcon.colcon_core.package_identification:_identify(workspace/ros_ur_driver/src/build/ur_controllers) by extensions ['ros']
[0.941s] Level 1:colcon.colcon_core.package_identification:_identify(workspace/ros_ur_driver/src/build/ur_controllers) by extension 'ros'
[0.941s] Level 1:colcon.colcon_core.package_identification:_identify(workspace/ros_ur_driver/src/build/ur_controllers) by extensions ['cmake', 'python']
[0.942s] Level 1:colcon.colcon_core.package_identification:_identify(workspace/ros_ur_driver/src/build/ur_controllers) by extension 'cmake'
[0.942s] Level 1:colcon.colcon_core.package_identification:_identify(workspace/ros_ur_driver/src/build/ur_controllers) by extension 'python'
[0.942s] Level 1:colcon.colcon_core.package_identification:_identify(workspace/ros_ur_driver/src/build/ur_controllers) by extensions ['python_setup_py']
[0.942s] Level 1:colcon.colcon_core.package_identification:_identify(workspace/ros_ur_driver/src/build/ur_controllers) by extension 'python_setup_py'
[0.942s] Level 1:colcon.colcon_core.package_identification:_identify(workspace/ros_ur_driver/src/build/ur_controllers/CMakeFiles) by extensions ['ignore', 'ignore_ament_install']
[0.942s] Level 1:colcon.colcon_core.package_identification:_identify(workspace/ros_ur_driver/src/build/ur_controllers/CMakeFiles) by extension 'ignore'
[0.942s] Level 1:colcon.colcon_core.package_identification:_identify(workspace/ros_ur_driver/src/build/ur_controllers/CMakeFiles) by extension 'ignore_ament_install'
[0.942s] Level 1:colcon.colcon_core.package_identification:_identify(workspace/ros_ur_driver/src/build/ur_controllers/CMakeFiles) by extensions ['colcon_pkg']
[0.942s] Level 1:colcon.colcon_core.package_identification:_identify(workspace/ros_ur_driver/src/build/ur_controllers/CMakeFiles) by extension 'colcon_pkg'
[0.942s] Level 1:colcon.colcon_core.package_identification:_identify(workspace/ros_ur_driver/src/build/ur_controllers/CMakeFiles) by extensions ['colcon_meta']
[0.942s] Level 1:colcon.colcon_core.package_identification:_identify(workspace/ros_ur_driver/src/build/ur_controllers/CMakeFiles) by extension 'colcon_meta'
[0.942s] Level 1:colcon.colcon_core.package_identification:_identify(workspace/ros_ur_driver/src/build/ur_controllers/CMakeFiles) by extensions ['ros']
[0.942s] Level 1:colcon.colcon_core.package_identification:_identify(workspace/ros_ur_driver/src/build/ur_controllers/CMakeFiles) by extension 'ros'
[0.942s] Level 1:colcon.colcon_core.package_identification:_identify(workspace/ros_ur_driver/src/build/ur_controllers/CMakeFiles) by extensions ['cmake', 'python']
[0.942s] Level 1:colcon.colcon_core.package_identification:_identify(workspace/ros_ur_driver/src/build/ur_controllers/CMakeFiles) by extension 'cmake'
[0.942s] Level 1:colcon.colcon_core.package_identification:_identify(workspace/ros_ur_driver/src/build/ur_controllers/CMakeFiles) by extension 'python'
[0.943s] Level 1:colcon.colcon_core.package_identification:_identify(workspace/ros_ur_driver/src/build/ur_controllers/CMakeFiles) by extensions ['python_setup_py']
[0.943s] Level 1:colcon.colcon_core.package_identification:_identify(workspace/ros_ur_driver/src/build/ur_controllers/CMakeFiles) by extension 'python_setup_py'
[0.943s] Level 1:colcon.colcon_core.package_identification:_identify(workspace/ros_ur_driver/src/build/ur_controllers/CMakeFiles/3.22.1) by extensions ['ignore', 'ignore_ament_install']
[0.943s] Level 1:colcon.colcon_core.package_identification:_identify(workspace/ros_ur_driver/src/build/ur_controllers/CMakeFiles/3.22.1) by extension 'ignore'
[0.943s] Level 1:colcon.colcon_core.package_identification:_identify(workspace/ros_ur_driver/src/build/ur_controllers/CMakeFiles/3.22.1) by extension 'ignore_ament_install'
[0.943s] Level 1:colcon.colcon_core.package_identification:_identify(workspace/ros_ur_driver/src/build/ur_controllers/CMakeFiles/3.22.1) by extensions ['colcon_pkg']
[0.943s] Level 1:colcon.colcon_core.package_identification:_identify(workspace/ros_ur_driver/src/build/ur_controllers/CMakeFiles/3.22.1) by extension 'colcon_pkg'
[0.943s] Level 1:colcon.colcon_core.package_identification:_identify(workspace/ros_ur_driver/src/build/ur_controllers/CMakeFiles/3.22.1) by extensions ['colcon_meta']
[0.943s] Level 1:colcon.colcon_core.package_identification:_identify(workspace/ros_ur_driver/src/build/ur_controllers/CMakeFiles/3.22.1) by extension 'colcon_meta'
[0.943s] Level 1:colcon.colcon_core.package_identification:_identify(workspace/ros_ur_driver/src/build/ur_controllers/CMakeFiles/3.22.1) by extensions ['ros']
[0.943s] Level 1:colcon.colcon_core.package_identification:_identify(workspace/ros_ur_driver/src/build/ur_controllers/CMakeFiles/3.22.1) by extension 'ros'
[0.943s] Level 1:colcon.colcon_core.package_identification:_identify(workspace/ros_ur_driver/src/build/ur_controllers/CMakeFiles/3.22.1) by extensions ['cmake', 'python']
[0.943s] Level 1:colcon.colcon_core.package_identification:_identify(workspace/ros_ur_driver/src/build/ur_controllers/CMakeFiles/3.22.1) by extension 'cmake'
[0.943s] Level 1:colcon.colcon_core.package_identification:_identify(workspace/ros_ur_driver/src/build/ur_controllers/CMakeFiles/3.22.1) by extension 'python'
[0.943s] Level 1:colcon.colcon_core.package_identification:_identify(workspace/ros_ur_driver/src/build/ur_controllers/CMakeFiles/3.22.1) by extensions ['python_setup_py']
[0.943s] Level 1:colcon.colcon_core.package_identification:_identify(workspace/ros_ur_driver/src/build/ur_controllers/CMakeFiles/3.22.1) by extension 'python_setup_py'
[0.944s] Level 1:colcon.colcon_core.package_identification:_identify(workspace/ros_ur_driver/src/build/ur_controllers/CMakeFiles/3.22.1/CompilerIdC) by extensions ['ignore', 'ignore_ament_install']
[0.944s] Level 1:colcon.colcon_core.package_identification:_identify(workspace/ros_ur_driver/src/build/ur_controllers/CMakeFiles/3.22.1/CompilerIdC) by extension 'ignore'
[0.944s] Level 1:colcon.colcon_core.package_identification:_identify(workspace/ros_ur_driver/src/build/ur_controllers/CMakeFiles/3.22.1/CompilerIdC) by extension 'ignore_ament_install'
[0.944s] Level 1:colcon.colcon_core.package_identification:_identify(workspace/ros_ur_driver/src/build/ur_controllers/CMakeFiles/3.22.1/CompilerIdC) by extensions ['colcon_pkg']
[0.944s] Level 1:colcon.colcon_core.package_identification:_identify(workspace/ros_ur_driver/src/build/ur_controllers/CMakeFiles/3.22.1/CompilerIdC) by extension 'colcon_pkg'
[0.944s] Level 1:colcon.colcon_core.package_identification:_identify(workspace/ros_ur_driver/src/build/ur_controllers/CMakeFiles/3.22.1/CompilerIdC) by extensions ['colcon_meta']
[0.944s] Level 1:colcon.colcon_core.package_identification:_identify(workspace/ros_ur_driver/src/build/ur_controllers/CMakeFiles/3.22.1/CompilerIdC) by extension 'colcon_meta'
[0.944s] Level 1:colcon.colcon_core.package_identification:_identify(workspace/ros_ur_driver/src/build/ur_controllers/CMakeFiles/3.22.1/CompilerIdC) by extensions ['ros']
[0.944s] Level 1:colcon.colcon_core.package_identification:_identify(workspace/ros_ur_driver/src/build/ur_controllers/CMakeFiles/3.22.1/CompilerIdC) by extension 'ros'
[0.944s] Level 1:colcon.colcon_core.package_identification:_identify(workspace/ros_ur_driver/src/build/ur_controllers/CMakeFiles/3.22.1/CompilerIdC) by extensions ['cmake', 'python']
[0.944s] Level 1:colcon.colcon_core.package_identification:_identify(workspace/ros_ur_driver/src/build/ur_controllers/CMakeFiles/3.22.1/CompilerIdC) by extension 'cmake'
[0.944s] Level 1:colcon.colcon_core.package_identification:_identify(workspace/ros_ur_driver/src/build/ur_controllers/CMakeFiles/3.22.1/CompilerIdC) by extension 'python'
[0.944s] Level 1:colcon.colcon_core.package_identification:_identify(workspace/ros_ur_driver/src/build/ur_controllers/CMakeFiles/3.22.1/CompilerIdC) by extensions ['python_setup_py']
[0.944s] Level 1:colcon.colcon_core.package_identification:_identify(workspace/ros_ur_driver/src/build/ur_controllers/CMakeFiles/3.22.1/CompilerIdC) by extension 'python_setup_py'
[0.944s] Level 1:colcon.colcon_core.package_identification:_identify(workspace/ros_ur_driver/src/build/ur_controllers/CMakeFiles/3.22.1/CompilerIdC/tmp) by extensions ['ignore', 'ignore_ament_install']
[0.945s] Level 1:colcon.colcon_core.package_identification:_identify(workspace/ros_ur_driver/src/build/ur_controllers/CMakeFiles/3.22.1/CompilerIdC/tmp) by extension 'ignore'
[0.945s] Level 1:colcon.colcon_core.package_identification:_identify(workspace/ros_ur_driver/src/build/ur_controllers/CMakeFiles/3.22.1/CompilerIdC/tmp) by extension 'ignore_ament_install'
[0.945s] Level 1:colcon.colcon_core.package_identification:_identify(workspace/ros_ur_driver/src/build/ur_controllers/CMakeFiles/3.22.1/CompilerIdC/tmp) by extensions ['colcon_pkg']
[0.945s] Level 1:colcon.colcon_core.package_identification:_identify(workspace/ros_ur_driver/src/build/ur_controllers/CMakeFiles/3.22.1/CompilerIdC/tmp) by extension 'colcon_pkg'
[0.945s] Level 1:colcon.colcon_core.package_identification:_identify(workspace/ros_ur_driver/src/build/ur_controllers/CMakeFiles/3.22.1/CompilerIdC/tmp) by extensions ['colcon_meta']
[0.945s] Level 1:colcon.colcon_core.package_identification:_identify(workspace/ros_ur_driver/src/build/ur_controllers/CMakeFiles/3.22.1/CompilerIdC/tmp) by extension 'colcon_meta'
[0.945s] Level 1:colcon.colcon_core.package_identification:_identify(workspace/ros_ur_driver/src/build/ur_controllers/CMakeFiles/3.22.1/CompilerIdC/tmp) by extensions ['ros']
[0.945s] Level 1:colcon.colcon_core.package_identification:_identify(workspace/ros_ur_driver/src/build/ur_controllers/CMakeFiles/3.22.1/CompilerIdC/tmp) by extension 'ros'
[0.945s] Level 1:colcon.colcon_core.package_identification:_identify(workspace/ros_ur_driver/src/build/ur_controllers/CMakeFiles/3.22.1/CompilerIdC/tmp) by extensions ['cmake', 'python']
[0.945s] Level 1:colcon.colcon_core.package_identification:_identify(workspace/ros_ur_driver/src/build/ur_controllers/CMakeFiles/3.22.1/CompilerIdC/tmp) by extension 'cmake'
[0.945s] Level 1:colcon.colcon_core.package_identification:_identify(workspace/ros_ur_driver/src/build/ur_controllers/CMakeFiles/3.22.1/CompilerIdC/tmp) by extension 'python'
[0.945s] Level 1:colcon.colcon_core.package_identification:_identify(workspace/ros_ur_driver/src/build/ur_controllers/CMakeFiles/3.22.1/CompilerIdC/tmp) by extensions ['python_setup_py']
[0.945s] Level 1:colcon.colcon_core.package_identification:_identify(workspace/ros_ur_driver/src/build/ur_controllers/CMakeFiles/3.22.1/CompilerIdC/tmp) by extension 'python_setup_py'
[0.945s] Level 1:colcon.colcon_core.package_identification:_identify(workspace/ros_ur_driver/src/build/ur_controllers/CMakeFiles/3.22.1/CompilerIdCXX) by extensions ['ignore', 'ignore_ament_install']
[0.945s] Level 1:colcon.colcon_core.package_identification:_identify(workspace/ros_ur_driver/src/build/ur_controllers/CMakeFiles/3.22.1/CompilerIdCXX) by extension 'ignore'
[0.945s] Level 1:colcon.colcon_core.package_identification:_identify(workspace/ros_ur_driver/src/build/ur_controllers/CMakeFiles/3.22.1/CompilerIdCXX) by extension 'ignore_ament_install'
[0.946s] Level 1:colcon.colcon_core.package_identification:_identify(workspace/ros_ur_driver/src/build/ur_controllers/CMakeFiles/3.22.1/CompilerIdCXX) by extensions ['colcon_pkg']
[0.946s] Level 1:colcon.colcon_core.package_identification:_identify(workspace/ros_ur_driver/src/build/ur_controllers/CMakeFiles/3.22.1/CompilerIdCXX) by extension 'colcon_pkg'
[0.946s] Level 1:colcon.colcon_core.package_identification:_identify(workspace/ros_ur_driver/src/build/ur_controllers/CMakeFiles/3.22.1/CompilerIdCXX) by extensions ['colcon_meta']
[0.946s] Level 1:colcon.colcon_core.package_identification:_identify(workspace/ros_ur_driver/src/build/ur_controllers/CMakeFiles/3.22.1/CompilerIdCXX) by extension 'colcon_meta'
[0.946s] Level 1:colcon.colcon_core.package_identification:_identify(workspace/ros_ur_driver/src/build/ur_controllers/CMakeFiles/3.22.1/CompilerIdCXX) by extensions ['ros']
[0.946s] Level 1:colcon.colcon_core.package_identification:_identify(workspace/ros_ur_driver/src/build/ur_controllers/CMakeFiles/3.22.1/CompilerIdCXX) by extension 'ros'
[0.946s] Level 1:colcon.colcon_core.package_identification:_identify(workspace/ros_ur_driver/src/build/ur_controllers/CMakeFiles/3.22.1/CompilerIdCXX) by extensions ['cmake', 'python']
[0.946s] Level 1:colcon.colcon_core.package_identification:_identify(workspace/ros_ur_driver/src/build/ur_controllers/CMakeFiles/3.22.1/CompilerIdCXX) by extension 'cmake'
[0.946s] Level 1:colcon.colcon_core.package_identification:_identify(workspace/ros_ur_driver/src/build/ur_controllers/CMakeFiles/3.22.1/CompilerIdCXX) by extension 'python'
[0.946s] Level 1:colcon.colcon_core.package_identification:_identify(workspace/ros_ur_driver/src/build/ur_controllers/CMakeFiles/3.22.1/CompilerIdCXX) by extensions ['python_setup_py']
[0.946s] Level 1:colcon.colcon_core.package_identification:_identify(workspace/ros_ur_driver/src/build/ur_controllers/CMakeFiles/3.22.1/CompilerIdCXX) by extension 'python_setup_py'
[0.946s] Level 1:colcon.colcon_core.package_identification:_identify(workspace/ros_ur_driver/src/build/ur_controllers/CMakeFiles/3.22.1/CompilerIdCXX/tmp) by extensions ['ignore', 'ignore_ament_install']
[0.946s] Level 1:colcon.colcon_core.package_identification:_identify(workspace/ros_ur_driver/src/build/ur_controllers/CMakeFiles/3.22.1/CompilerIdCXX/tmp) by extension 'ignore'
[0.946s] Level 1:colcon.colcon_core.package_identification:_identify(workspace/ros_ur_driver/src/build/ur_controllers/CMakeFiles/3.22.1/CompilerIdCXX/tmp) by extension 'ignore_ament_install'
[0.946s] Level 1:colcon.colcon_core.package_identification:_identify(workspace/ros_ur_driver/src/build/ur_controllers/CMakeFiles/3.22.1/CompilerIdCXX/tmp) by extensions ['colcon_pkg']
[0.946s] Level 1:colcon.colcon_core.package_identification:_identify(workspace/ros_ur_driver/src/build/ur_controllers/CMakeFiles/3.22.1/CompilerIdCXX/tmp) by extension 'colcon_pkg'
[0.946s] Level 1:colcon.colcon_core.package_identification:_identify(workspace/ros_ur_driver/src/build/ur_controllers/CMakeFiles/3.22.1/CompilerIdCXX/tmp) by extensions ['colcon_meta']
[0.947s] Level 1:colcon.colcon_core.package_identification:_identify(workspace/ros_ur_driver/src/build/ur_controllers/CMakeFiles/3.22.1/CompilerIdCXX/tmp) by extension 'colcon_meta'
[0.947s] Level 1:colcon.colcon_core.package_identification:_identify(workspace/ros_ur_driver/src/build/ur_controllers/CMakeFiles/3.22.1/CompilerIdCXX/tmp) by extensions ['ros']
[0.947s] Level 1:colcon.colcon_core.package_identification:_identify(workspace/ros_ur_driver/src/build/ur_controllers/CMakeFiles/3.22.1/CompilerIdCXX/tmp) by extension 'ros'
[0.947s] Level 1:colcon.colcon_core.package_identification:_identify(workspace/ros_ur_driver/src/build/ur_controllers/CMakeFiles/3.22.1/CompilerIdCXX/tmp) by extensions ['cmake', 'python']
[0.947s] Level 1:colcon.colcon_core.package_identification:_identify(workspace/ros_ur_driver/src/build/ur_controllers/CMakeFiles/3.22.1/CompilerIdCXX/tmp) by extension 'cmake'
[0.947s] Level 1:colcon.colcon_core.package_identification:_identify(workspace/ros_ur_driver/src/build/ur_controllers/CMakeFiles/3.22.1/CompilerIdCXX/tmp) by extension 'python'
[0.947s] Level 1:colcon.colcon_core.package_identification:_identify(workspace/ros_ur_driver/src/build/ur_controllers/CMakeFiles/3.22.1/CompilerIdCXX/tmp) by extensions ['python_setup_py']
[0.947s] Level 1:colcon.colcon_core.package_identification:_identify(workspace/ros_ur_driver/src/build/ur_controllers/CMakeFiles/3.22.1/CompilerIdCXX/tmp) by extension 'python_setup_py'
[0.947s] Level 1:colcon.colcon_core.package_identification:_identify(workspace/ros_ur_driver/src/build/ur_controllers/CMakeFiles/CMakeTmp) by extensions ['ignore', 'ignore_ament_install']
[0.947s] Level 1:colcon.colcon_core.package_identification:_identify(workspace/ros_ur_driver/src/build/ur_controllers/CMakeFiles/CMakeTmp) by extension 'ignore'
[0.947s] Level 1:colcon.colcon_core.package_identification:_identify(workspace/ros_ur_driver/src/build/ur_controllers/CMakeFiles/CMakeTmp) by extension 'ignore_ament_install'
[0.947s] Level 1:colcon.colcon_core.package_identification:_identify(workspace/ros_ur_driver/src/build/ur_controllers/CMakeFiles/CMakeTmp) by extensions ['colcon_pkg']
[0.947s] Level 1:colcon.colcon_core.package_identification:_identify(workspace/ros_ur_driver/src/build/ur_controllers/CMakeFiles/CMakeTmp) by extension 'colcon_pkg'
[0.947s] Level 1:colcon.colcon_core.package_identification:_identify(workspace/ros_ur_driver/src/build/ur_controllers/CMakeFiles/CMakeTmp) by extensions ['colcon_meta']
[0.947s] Level 1:colcon.colcon_core.package_identification:_identify(workspace/ros_ur_driver/src/build/ur_controllers/CMakeFiles/CMakeTmp) by extension 'colcon_meta'
[0.947s] Level 1:colcon.colcon_core.package_identification:_identify(workspace/ros_ur_driver/src/build/ur_controllers/CMakeFiles/CMakeTmp) by extensions ['ros']
[0.947s] Level 1:colcon.colcon_core.package_identification:_identify(workspace/ros_ur_driver/src/build/ur_controllers/CMakeFiles/CMakeTmp) by extension 'ros'
[0.948s] Level 1:colcon.colcon_core.package_identification:_identify(workspace/ros_ur_driver/src/build/ur_controllers/CMakeFiles/CMakeTmp) by extensions ['cmake', 'python']
[0.948s] Level 1:colcon.colcon_core.package_identification:_identify(workspace/ros_ur_driver/src/build/ur_controllers/CMakeFiles/CMakeTmp) by extension 'cmake'
[0.948s] Level 1:colcon.colcon_core.package_identification:_identify(workspace/ros_ur_driver/src/build/ur_controllers/CMakeFiles/CMakeTmp) by extension 'python'
[0.948s] Level 1:colcon.colcon_core.package_identification:_identify(workspace/ros_ur_driver/src/build/ur_controllers/CMakeFiles/CMakeTmp) by extensions ['python_setup_py']
[0.948s] Level 1:colcon.colcon_core.package_identification:_identify(workspace/ros_ur_driver/src/build/ur_controllers/CMakeFiles/CMakeTmp) by extension 'python_setup_py'
[0.948s] Level 1:colcon.colcon_core.package_identification:_identify(workspace/ros_ur_driver/src/build/ur_dashboard_msgs) by extensions ['ignore', 'ignore_ament_install']
[0.948s] Level 1:colcon.colcon_core.package_identification:_identify(workspace/ros_ur_driver/src/build/ur_dashboard_msgs) by extension 'ignore'
[0.948s] Level 1:colcon.colcon_core.package_identification:_identify(workspace/ros_ur_driver/src/build/ur_dashboard_msgs) by extension 'ignore_ament_install'
[0.948s] Level 1:colcon.colcon_core.package_identification:_identify(workspace/ros_ur_driver/src/build/ur_dashboard_msgs) by extensions ['colcon_pkg']
[0.948s] Level 1:colcon.colcon_core.package_identification:_identify(workspace/ros_ur_driver/src/build/ur_dashboard_msgs) by extension 'colcon_pkg'
[0.948s] Level 1:colcon.colcon_core.package_identification:_identify(workspace/ros_ur_driver/src/build/ur_dashboard_msgs) by extensions ['colcon_meta']
[0.948s] Level 1:colcon.colcon_core.package_identification:_identify(workspace/ros_ur_driver/src/build/ur_dashboard_msgs) by extension 'colcon_meta'
[0.948s] Level 1:colcon.colcon_core.package_identification:_identify(workspace/ros_ur_driver/src/build/ur_dashboard_msgs) by extensions ['ros']
[0.948s] Level 1:colcon.colcon_core.package_identification:_identify(workspace/ros_ur_driver/src/build/ur_dashboard_msgs) by extension 'ros'
[0.948s] Level 1:colcon.colcon_core.package_identification:_identify(workspace/ros_ur_driver/src/build/ur_dashboard_msgs) by extensions ['cmake', 'python']
[0.948s] Level 1:colcon.colcon_core.package_identification:_identify(workspace/ros_ur_driver/src/build/ur_dashboard_msgs) by extension 'cmake'
[0.948s] Level 1:colcon.colcon_core.package_identification:_identify(workspace/ros_ur_driver/src/build/ur_dashboard_msgs) by extension 'python'
[0.949s] Level 1:colcon.colcon_core.package_identification:_identify(workspace/ros_ur_driver/src/build/ur_dashboard_msgs) by extensions ['python_setup_py']
[0.949s] Level 1:colcon.colcon_core.package_identification:_identify(workspace/ros_ur_driver/src/build/ur_dashboard_msgs) by extension 'python_setup_py'
[0.949s] Level 1:colcon.colcon_core.package_identification:_identify(workspace/ros_ur_driver/src/build/ur_dashboard_msgs/CMakeFiles) by extensions ['ignore', 'ignore_ament_install']
[0.949s] Level 1:colcon.colcon_core.package_identification:_identify(workspace/ros_ur_driver/src/build/ur_dashboard_msgs/CMakeFiles) by extension 'ignore'
[0.949s] Level 1:colcon.colcon_core.package_identification:_identify(workspace/ros_ur_driver/src/build/ur_dashboard_msgs/CMakeFiles) by extension 'ignore_ament_install'
[0.949s] Level 1:colcon.colcon_core.package_identification:_identify(workspace/ros_ur_driver/src/build/ur_dashboard_msgs/CMakeFiles) by extensions ['colcon_pkg']
[0.949s] Level 1:colcon.colcon_core.package_identification:_identify(workspace/ros_ur_driver/src/build/ur_dashboard_msgs/CMakeFiles) by extension 'colcon_pkg'
[0.949s] Level 1:colcon.colcon_core.package_identification:_identify(workspace/ros_ur_driver/src/build/ur_dashboard_msgs/CMakeFiles) by extensions ['colcon_meta']
[0.949s] Level 1:colcon.colcon_core.package_identification:_identify(workspace/ros_ur_driver/src/build/ur_dashboard_msgs/CMakeFiles) by extension 'colcon_meta'
[0.949s] Level 1:colcon.colcon_core.package_identification:_identify(workspace/ros_ur_driver/src/build/ur_dashboard_msgs/CMakeFiles) by extensions ['ros']
[0.949s] Level 1:colcon.colcon_core.package_identification:_identify(workspace/ros_ur_driver/src/build/ur_dashboard_msgs/CMakeFiles) by extension 'ros'
[0.949s] Level 1:colcon.colcon_core.package_identification:_identify(workspace/ros_ur_driver/src/build/ur_dashboard_msgs/CMakeFiles) by extensions ['cmake', 'python']
[0.949s] Level 1:colcon.colcon_core.package_identification:_identify(workspace/ros_ur_driver/src/build/ur_dashboard_msgs/CMakeFiles) by extension 'cmake'
[0.949s] Level 1:colcon.colcon_core.package_identification:_identify(workspace/ros_ur_driver/src/build/ur_dashboard_msgs/CMakeFiles) by extension 'python'
[0.949s] Level 1:colcon.colcon_core.package_identification:_identify(workspace/ros_ur_driver/src/build/ur_dashboard_msgs/CMakeFiles) by extensions ['python_setup_py']
[0.949s] Level 1:colcon.colcon_core.package_identification:_identify(workspace/ros_ur_driver/src/build/ur_dashboard_msgs/CMakeFiles) by extension 'python_setup_py'
[0.949s] Level 1:colcon.colcon_core.package_identification:_identify(workspace/ros_ur_driver/src/build/ur_dashboard_msgs/CMakeFiles/3.22.1) by extensions ['ignore', 'ignore_ament_install']
[0.950s] Level 1:colcon.colcon_core.package_identification:_identify(workspace/ros_ur_driver/src/build/ur_dashboard_msgs/CMakeFiles/3.22.1) by extension 'ignore'
[0.950s] Level 1:colcon.colcon_core.package_identification:_identify(workspace/ros_ur_driver/src/build/ur_dashboard_msgs/CMakeFiles/3.22.1) by extension 'ignore_ament_install'
[0.950s] Level 1:colcon.colcon_core.package_identification:_identify(workspace/ros_ur_driver/src/build/ur_dashboard_msgs/CMakeFiles/3.22.1) by extensions ['colcon_pkg']
[0.950s] Level 1:colcon.colcon_core.package_identification:_identify(workspace/ros_ur_driver/src/build/ur_dashboard_msgs/CMakeFiles/3.22.1) by extension 'colcon_pkg'
[0.950s] Level 1:colcon.colcon_core.package_identification:_identify(workspace/ros_ur_driver/src/build/ur_dashboard_msgs/CMakeFiles/3.22.1) by extensions ['colcon_meta']
[0.950s] Level 1:colcon.colcon_core.package_identification:_identify(workspace/ros_ur_driver/src/build/ur_dashboard_msgs/CMakeFiles/3.22.1) by extension 'colcon_meta'
[0.950s] Level 1:colcon.colcon_core.package_identification:_identify(workspace/ros_ur_driver/src/build/ur_dashboard_msgs/CMakeFiles/3.22.1) by extensions ['ros']
[0.950s] Level 1:colcon.colcon_core.package_identification:_identify(workspace/ros_ur_driver/src/build/ur_dashboard_msgs/CMakeFiles/3.22.1) by extension 'ros'
[0.950s] Level 1:colcon.colcon_core.package_identification:_identify(workspace/ros_ur_driver/src/build/ur_dashboard_msgs/CMakeFiles/3.22.1) by extensions ['cmake', 'python']
[0.950s] Level 1:colcon.colcon_core.package_identification:_identify(workspace/ros_ur_driver/src/build/ur_dashboard_msgs/CMakeFiles/3.22.1) by extension 'cmake'
[0.950s] Level 1:colcon.colcon_core.package_identification:_identify(workspace/ros_ur_driver/src/build/ur_dashboard_msgs/CMakeFiles/3.22.1) by extension 'python'
[0.950s] Level 1:colcon.colcon_core.package_identification:_identify(workspace/ros_ur_driver/src/build/ur_dashboard_msgs/CMakeFiles/3.22.1) by extensions ['python_setup_py']
[0.950s] Level 1:colcon.colcon_core.package_identification:_identify(workspace/ros_ur_driver/src/build/ur_dashboard_msgs/CMakeFiles/3.22.1) by extension 'python_setup_py'
[0.950s] Level 1:colcon.colcon_core.package_identification:_identify(workspace/ros_ur_driver/src/build/ur_dashboard_msgs/CMakeFiles/3.22.1/CompilerIdC) by extensions ['ignore', 'ignore_ament_install']
[0.950s] Level 1:colcon.colcon_core.package_identification:_identify(workspace/ros_ur_driver/src/build/ur_dashboard_msgs/CMakeFiles/3.22.1/CompilerIdC) by extension 'ignore'
[0.950s] Level 1:colcon.colcon_core.package_identification:_identify(workspace/ros_ur_driver/src/build/ur_dashboard_msgs/CMakeFiles/3.22.1/CompilerIdC) by extension 'ignore_ament_install'
[0.951s] Level 1:colcon.colcon_core.package_identification:_identify(workspace/ros_ur_driver/src/build/ur_dashboard_msgs/CMakeFiles/3.22.1/CompilerIdC) by extensions ['colcon_pkg']
[0.951s] Level 1:colcon.colcon_core.package_identification:_identify(workspace/ros_ur_driver/src/build/ur_dashboard_msgs/CMakeFiles/3.22.1/CompilerIdC) by extension 'colcon_pkg'
[0.952s] Level 1:colcon.colcon_core.package_identification:_identify(workspace/ros_ur_driver/src/build/ur_dashboard_msgs/CMakeFiles/3.22.1/CompilerIdC) by extensions ['colcon_meta']
[0.952s] Level 1:colcon.colcon_core.package_identification:_identify(workspace/ros_ur_driver/src/build/ur_dashboard_msgs/CMakeFiles/3.22.1/CompilerIdC) by extension 'colcon_meta'
[0.952s] Level 1:colcon.colcon_core.package_identification:_identify(workspace/ros_ur_driver/src/build/ur_dashboard_msgs/CMakeFiles/3.22.1/CompilerIdC) by extensions ['ros']
[0.953s] Level 1:colcon.colcon_core.package_identification:_identify(workspace/ros_ur_driver/src/build/ur_dashboard_msgs/CMakeFiles/3.22.1/CompilerIdC) by extension 'ros'
[0.953s] Level 1:colcon.colcon_core.package_identification:_identify(workspace/ros_ur_driver/src/build/ur_dashboard_msgs/CMakeFiles/3.22.1/CompilerIdC) by extensions ['cmake', 'python']
[0.953s] Level 1:colcon.colcon_core.package_identification:_identify(workspace/ros_ur_driver/src/build/ur_dashboard_msgs/CMakeFiles/3.22.1/CompilerIdC) by extension 'cmake'
[0.953s] Level 1:colcon.colcon_core.package_identification:_identify(workspace/ros_ur_driver/src/build/ur_dashboard_msgs/CMakeFiles/3.22.1/CompilerIdC) by extension 'python'
[0.953s] Level 1:colcon.colcon_core.package_identification:_identify(workspace/ros_ur_driver/src/build/ur_dashboard_msgs/CMakeFiles/3.22.1/CompilerIdC) by extensions ['python_setup_py']
[0.953s] Level 1:colcon.colcon_core.package_identification:_identify(workspace/ros_ur_driver/src/build/ur_dashboard_msgs/CMakeFiles/3.22.1/CompilerIdC) by extension 'python_setup_py'
[0.954s] Level 1:colcon.colcon_core.package_identification:_identify(workspace/ros_ur_driver/src/build/ur_dashboard_msgs/CMakeFiles/3.22.1/CompilerIdC/tmp) by extensions ['ignore', 'ignore_ament_install']
[0.954s] Level 1:colcon.colcon_core.package_identification:_identify(workspace/ros_ur_driver/src/build/ur_dashboard_msgs/CMakeFiles/3.22.1/CompilerIdC/tmp) by extension 'ignore'
[0.954s] Level 1:colcon.colcon_core.package_identification:_identify(workspace/ros_ur_driver/src/build/ur_dashboard_msgs/CMakeFiles/3.22.1/CompilerIdC/tmp) by extension 'ignore_ament_install'
[0.954s] Level 1:colcon.colcon_core.package_identification:_identify(workspace/ros_ur_driver/src/build/ur_dashboard_msgs/CMakeFiles/3.22.1/CompilerIdC/tmp) by extensions ['colcon_pkg']
[0.954s] Level 1:colcon.colcon_core.package_identification:_identify(workspace/ros_ur_driver/src/build/ur_dashboard_msgs/CMakeFiles/3.22.1/CompilerIdC/tmp) by extension 'colcon_pkg'
[0.954s] Level 1:colcon.colcon_core.package_identification:_identify(workspace/ros_ur_driver/src/build/ur_dashboard_msgs/CMakeFiles/3.22.1/CompilerIdC/tmp) by extensions ['colcon_meta']
[0.955s] Level 1:colcon.colcon_core.package_identification:_identify(workspace/ros_ur_driver/src/build/ur_dashboard_msgs/CMakeFiles/3.22.1/CompilerIdC/tmp) by extension 'colcon_meta'
[0.955s] Level 1:colcon.colcon_core.package_identification:_identify(workspace/ros_ur_driver/src/build/ur_dashboard_msgs/CMakeFiles/3.22.1/CompilerIdC/tmp) by extensions ['ros']
[0.955s] Level 1:colcon.colcon_core.package_identification:_identify(workspace/ros_ur_driver/src/build/ur_dashboard_msgs/CMakeFiles/3.22.1/CompilerIdC/tmp) by extension 'ros'
[0.955s] Level 1:colcon.colcon_core.package_identification:_identify(workspace/ros_ur_driver/src/build/ur_dashboard_msgs/CMakeFiles/3.22.1/CompilerIdC/tmp) by extensions ['cmake', 'python']
[0.955s] Level 1:colcon.colcon_core.package_identification:_identify(workspace/ros_ur_driver/src/build/ur_dashboard_msgs/CMakeFiles/3.22.1/CompilerIdC/tmp) by extension 'cmake'
[0.955s] Level 1:colcon.colcon_core.package_identification:_identify(workspace/ros_ur_driver/src/build/ur_dashboard_msgs/CMakeFiles/3.22.1/CompilerIdC/tmp) by extension 'python'
[0.955s] Level 1:colcon.colcon_core.package_identification:_identify(workspace/ros_ur_driver/src/build/ur_dashboard_msgs/CMakeFiles/3.22.1/CompilerIdC/tmp) by extensions ['python_setup_py']
[0.955s] Level 1:colcon.colcon_core.package_identification:_identify(workspace/ros_ur_driver/src/build/ur_dashboard_msgs/CMakeFiles/3.22.1/CompilerIdC/tmp) by extension 'python_setup_py'
[0.955s] Level 1:colcon.colcon_core.package_identification:_identify(workspace/ros_ur_driver/src/build/ur_dashboard_msgs/CMakeFiles/3.22.1/CompilerIdCXX) by extensions ['ignore', 'ignore_ament_install']
[0.955s] Level 1:colcon.colcon_core.package_identification:_identify(workspace/ros_ur_driver/src/build/ur_dashboard_msgs/CMakeFiles/3.22.1/CompilerIdCXX) by extension 'ignore'
[0.955s] Level 1:colcon.colcon_core.package_identification:_identify(workspace/ros_ur_driver/src/build/ur_dashboard_msgs/CMakeFiles/3.22.1/CompilerIdCXX) by extension 'ignore_ament_install'
[0.955s] Level 1:colcon.colcon_core.package_identification:_identify(workspace/ros_ur_driver/src/build/ur_dashboard_msgs/CMakeFiles/3.22.1/CompilerIdCXX) by extensions ['colcon_pkg']
[0.955s] Level 1:colcon.colcon_core.package_identification:_identify(workspace/ros_ur_driver/src/build/ur_dashboard_msgs/CMakeFiles/3.22.1/CompilerIdCXX) by extension 'colcon_pkg'
[0.955s] Level 1:colcon.colcon_core.package_identification:_identify(workspace/ros_ur_driver/src/build/ur_dashboard_msgs/CMakeFiles/3.22.1/CompilerIdCXX) by extensions ['colcon_meta']
[0.955s] Level 1:colcon.colcon_core.package_identification:_identify(workspace/ros_ur_driver/src/build/ur_dashboard_msgs/CMakeFiles/3.22.1/CompilerIdCXX) by extension 'colcon_meta'
[0.956s] Level 1:colcon.colcon_core.package_identification:_identify(workspace/ros_ur_driver/src/build/ur_dashboard_msgs/CMakeFiles/3.22.1/CompilerIdCXX) by extensions ['ros']
[0.956s] Level 1:colcon.colcon_core.package_identification:_identify(workspace/ros_ur_driver/src/build/ur_dashboard_msgs/CMakeFiles/3.22.1/CompilerIdCXX) by extension 'ros'
[0.956s] Level 1:colcon.colcon_core.package_identification:_identify(workspace/ros_ur_driver/src/build/ur_dashboard_msgs/CMakeFiles/3.22.1/CompilerIdCXX) by extensions ['cmake', 'python']
[0.956s] Level 1:colcon.colcon_core.package_identification:_identify(workspace/ros_ur_driver/src/build/ur_dashboard_msgs/CMakeFiles/3.22.1/CompilerIdCXX) by extension 'cmake'
[0.956s] Level 1:colcon.colcon_core.package_identification:_identify(workspace/ros_ur_driver/src/build/ur_dashboard_msgs/CMakeFiles/3.22.1/CompilerIdCXX) by extension 'python'
[0.956s] Level 1:colcon.colcon_core.package_identification:_identify(workspace/ros_ur_driver/src/build/ur_dashboard_msgs/CMakeFiles/3.22.1/CompilerIdCXX) by extensions ['python_setup_py']
[0.956s] Level 1:colcon.colcon_core.package_identification:_identify(workspace/ros_ur_driver/src/build/ur_dashboard_msgs/CMakeFiles/3.22.1/CompilerIdCXX) by extension 'python_setup_py'
[0.956s] Level 1:colcon.colcon_core.package_identification:_identify(workspace/ros_ur_driver/src/build/ur_dashboard_msgs/CMakeFiles/3.22.1/CompilerIdCXX/tmp) by extensions ['ignore', 'ignore_ament_install']
[0.956s] Level 1:colcon.colcon_core.package_identification:_identify(workspace/ros_ur_driver/src/build/ur_dashboard_msgs/CMakeFiles/3.22.1/CompilerIdCXX/tmp) by extension 'ignore'
[0.956s] Level 1:colcon.colcon_core.package_identification:_identify(workspace/ros_ur_driver/src/build/ur_dashboard_msgs/CMakeFiles/3.22.1/CompilerIdCXX/tmp) by extension 'ignore_ament_install'
[0.956s] Level 1:colcon.colcon_core.package_identification:_identify(workspace/ros_ur_driver/src/build/ur_dashboard_msgs/CMakeFiles/3.22.1/CompilerIdCXX/tmp) by extensions ['colcon_pkg']
[0.956s] Level 1:colcon.colcon_core.package_identification:_identify(workspace/ros_ur_driver/src/build/ur_dashboard_msgs/CMakeFiles/3.22.1/CompilerIdCXX/tmp) by extension 'colcon_pkg'
[0.956s] Level 1:colcon.colcon_core.package_identification:_identify(workspace/ros_ur_driver/src/build/ur_dashboard_msgs/CMakeFiles/3.22.1/CompilerIdCXX/tmp) by extensions ['colcon_meta']
[0.956s] Level 1:colcon.colcon_core.package_identification:_identify(workspace/ros_ur_driver/src/build/ur_dashboard_msgs/CMakeFiles/3.22.1/CompilerIdCXX/tmp) by extension 'colcon_meta'
[0.956s] Level 1:colcon.colcon_core.package_identification:_identify(workspace/ros_ur_driver/src/build/ur_dashboard_msgs/CMakeFiles/3.22.1/CompilerIdCXX/tmp) by extensions ['ros']
[0.956s] Level 1:colcon.colcon_core.package_identification:_identify(workspace/ros_ur_driver/src/build/ur_dashboard_msgs/CMakeFiles/3.22.1/CompilerIdCXX/tmp) by extension 'ros'
[0.957s] Level 1:colcon.colcon_core.package_identification:_identify(workspace/ros_ur_driver/src/build/ur_dashboard_msgs/CMakeFiles/3.22.1/CompilerIdCXX/tmp) by extensions ['cmake', 'python']
[0.957s] Level 1:colcon.colcon_core.package_identification:_identify(workspace/ros_ur_driver/src/build/ur_dashboard_msgs/CMakeFiles/3.22.1/CompilerIdCXX/tmp) by extension 'cmake'
[0.957s] Level 1:colcon.colcon_core.package_identification:_identify(workspace/ros_ur_driver/src/build/ur_dashboard_msgs/CMakeFiles/3.22.1/CompilerIdCXX/tmp) by extension 'python'
[0.957s] Level 1:colcon.colcon_core.package_identification:_identify(workspace/ros_ur_driver/src/build/ur_dashboard_msgs/CMakeFiles/3.22.1/CompilerIdCXX/tmp) by extensions ['python_setup_py']
[0.957s] Level 1:colcon.colcon_core.package_identification:_identify(workspace/ros_ur_driver/src/build/ur_dashboard_msgs/CMakeFiles/3.22.1/CompilerIdCXX/tmp) by extension 'python_setup_py'
[0.957s] Level 1:colcon.colcon_core.package_identification:_identify(workspace/ros_ur_driver/src/build/ur_dashboard_msgs/CMakeFiles/CMakeTmp) by extensions ['ignore', 'ignore_ament_install']
[0.957s] Level 1:colcon.colcon_core.package_identification:_identify(workspace/ros_ur_driver/src/build/ur_dashboard_msgs/CMakeFiles/CMakeTmp) by extension 'ignore'
[0.957s] Level 1:colcon.colcon_core.package_identification:_identify(workspace/ros_ur_driver/src/build/ur_dashboard_msgs/CMakeFiles/CMakeTmp) by extension 'ignore_ament_install'
[0.957s] Level 1:colcon.colcon_core.package_identification:_identify(workspace/ros_ur_driver/src/build/ur_dashboard_msgs/CMakeFiles/CMakeTmp) by extensions ['colcon_pkg']
[0.957s] Level 1:colcon.colcon_core.package_identification:_identify(workspace/ros_ur_driver/src/build/ur_dashboard_msgs/CMakeFiles/CMakeTmp) by extension 'colcon_pkg'
[0.957s] Level 1:colcon.colcon_core.package_identification:_identify(workspace/ros_ur_driver/src/build/ur_dashboard_msgs/CMakeFiles/CMakeTmp) by extensions ['colcon_meta']
[0.957s] Level 1:colcon.colcon_core.package_identification:_identify(workspace/ros_ur_driver/src/build/ur_dashboard_msgs/CMakeFiles/CMakeTmp) by extension 'colcon_meta'
[0.957s] Level 1:colcon.colcon_core.package_identification:_identify(workspace/ros_ur_driver/src/build/ur_dashboard_msgs/CMakeFiles/CMakeTmp) by extensions ['ros']
[0.957s] Level 1:colcon.colcon_core.package_identification:_identify(workspace/ros_ur_driver/src/build/ur_dashboard_msgs/CMakeFiles/CMakeTmp) by extension 'ros'
[0.957s] Level 1:colcon.colcon_core.package_identification:_identify(workspace/ros_ur_driver/src/build/ur_dashboard_msgs/CMakeFiles/CMakeTmp) by extensions ['cmake', 'python']
[0.958s] Level 1:colcon.colcon_core.package_identification:_identify(workspace/ros_ur_driver/src/build/ur_dashboard_msgs/CMakeFiles/CMakeTmp) by extension 'cmake'
[0.958s] Level 1:colcon.colcon_core.package_identification:_identify(workspace/ros_ur_driver/src/build/ur_dashboard_msgs/CMakeFiles/CMakeTmp) by extension 'python'
[0.958s] Level 1:colcon.colcon_core.package_identification:_identify(workspace/ros_ur_driver/src/build/ur_dashboard_msgs/CMakeFiles/CMakeTmp) by extensions ['python_setup_py']
[0.958s] Level 1:colcon.colcon_core.package_identification:_identify(workspace/ros_ur_driver/src/build/ur_dashboard_msgs/CMakeFiles/CMakeTmp) by extension 'python_setup_py'
[0.958s] Level 1:colcon.colcon_core.package_identification:_identify(workspace/ros_ur_driver/src/build/ur_description) by extensions ['ignore', 'ignore_ament_install']
[0.958s] Level 1:colcon.colcon_core.package_identification:_identify(workspace/ros_ur_driver/src/build/ur_description) by extension 'ignore'
[0.958s] Level 1:colcon.colcon_core.package_identification:_identify(workspace/ros_ur_driver/src/build/ur_description) by extension 'ignore_ament_install'
[0.958s] Level 1:colcon.colcon_core.package_identification:_identify(workspace/ros_ur_driver/src/build/ur_description) by extensions ['colcon_pkg']
[0.958s] Level 1:colcon.colcon_core.package_identification:_identify(workspace/ros_ur_driver/src/build/ur_description) by extension 'colcon_pkg'
[0.958s] Level 1:colcon.colcon_core.package_identification:_identify(workspace/ros_ur_driver/src/build/ur_description) by extensions ['colcon_meta']
[0.958s] Level 1:colcon.colcon_core.package_identification:_identify(workspace/ros_ur_driver/src/build/ur_description) by extension 'colcon_meta'
[0.958s] Level 1:colcon.colcon_core.package_identification:_identify(workspace/ros_ur_driver/src/build/ur_description) by extensions ['ros']
[0.958s] Level 1:colcon.colcon_core.package_identification:_identify(workspace/ros_ur_driver/src/build/ur_description) by extension 'ros'
[0.958s] Level 1:colcon.colcon_core.package_identification:_identify(workspace/ros_ur_driver/src/build/ur_description) by extensions ['cmake', 'python']
[0.958s] Level 1:colcon.colcon_core.package_identification:_identify(workspace/ros_ur_driver/src/build/ur_description) by extension 'cmake'
[0.958s] Level 1:colcon.colcon_core.package_identification:_identify(workspace/ros_ur_driver/src/build/ur_description) by extension 'python'
[0.958s] Level 1:colcon.colcon_core.package_identification:_identify(workspace/ros_ur_driver/src/build/ur_description) by extensions ['python_setup_py']
[0.959s] Level 1:colcon.colcon_core.package_identification:_identify(workspace/ros_ur_driver/src/build/ur_description) by extension 'python_setup_py'
[0.959s] Level 1:colcon.colcon_core.package_identification:_identify(workspace/ros_ur_driver/src/build/ur_description/CMakeFiles) by extensions ['ignore', 'ignore_ament_install']
[0.959s] Level 1:colcon.colcon_core.package_identification:_identify(workspace/ros_ur_driver/src/build/ur_description/CMakeFiles) by extension 'ignore'
[0.959s] Level 1:colcon.colcon_core.package_identification:_identify(workspace/ros_ur_driver/src/build/ur_description/CMakeFiles) by extension 'ignore_ament_install'
[0.959s] Level 1:colcon.colcon_core.package_identification:_identify(workspace/ros_ur_driver/src/build/ur_description/CMakeFiles) by extensions ['colcon_pkg']
[0.959s] Level 1:colcon.colcon_core.package_identification:_identify(workspace/ros_ur_driver/src/build/ur_description/CMakeFiles) by extension 'colcon_pkg'
[0.959s] Level 1:colcon.colcon_core.package_identification:_identify(workspace/ros_ur_driver/src/build/ur_description/CMakeFiles) by extensions ['colcon_meta']
[0.959s] Level 1:colcon.colcon_core.package_identification:_identify(workspace/ros_ur_driver/src/build/ur_description/CMakeFiles) by extension 'colcon_meta'
[0.959s] Level 1:colcon.colcon_core.package_identification:_identify(workspace/ros_ur_driver/src/build/ur_description/CMakeFiles) by extensions ['ros']
[0.959s] Level 1:colcon.colcon_core.package_identification:_identify(workspace/ros_ur_driver/src/build/ur_description/CMakeFiles) by extension 'ros'
[0.959s] Level 1:colcon.colcon_core.package_identification:_identify(workspace/ros_ur_driver/src/build/ur_description/CMakeFiles) by extensions ['cmake', 'python']
[0.959s] Level 1:colcon.colcon_core.package_identification:_identify(workspace/ros_ur_driver/src/build/ur_description/CMakeFiles) by extension 'cmake'
[0.959s] Level 1:colcon.colcon_core.package_identification:_identify(workspace/ros_ur_driver/src/build/ur_description/CMakeFiles) by extension 'python'
[0.959s] Level 1:colcon.colcon_core.package_identification:_identify(workspace/ros_ur_driver/src/build/ur_description/CMakeFiles) by extensions ['python_setup_py']
[0.959s] Level 1:colcon.colcon_core.package_identification:_identify(workspace/ros_ur_driver/src/build/ur_description/CMakeFiles) by extension 'python_setup_py'
[0.959s] Level 1:colcon.colcon_core.package_identification:_identify(workspace/ros_ur_driver/src/build/ur_description/CMakeFiles/3.22.1) by extensions ['ignore', 'ignore_ament_install']
[0.960s] Level 1:colcon.colcon_core.package_identification:_identify(workspace/ros_ur_driver/src/build/ur_description/CMakeFiles/3.22.1) by extension 'ignore'
[0.960s] Level 1:colcon.colcon_core.package_identification:_identify(workspace/ros_ur_driver/src/build/ur_description/CMakeFiles/3.22.1) by extension 'ignore_ament_install'
[0.960s] Level 1:colcon.colcon_core.package_identification:_identify(workspace/ros_ur_driver/src/build/ur_description/CMakeFiles/3.22.1) by extensions ['colcon_pkg']
[0.960s] Level 1:colcon.colcon_core.package_identification:_identify(workspace/ros_ur_driver/src/build/ur_description/CMakeFiles/3.22.1) by extension 'colcon_pkg'
[0.960s] Level 1:colcon.colcon_core.package_identification:_identify(workspace/ros_ur_driver/src/build/ur_description/CMakeFiles/3.22.1) by extensions ['colcon_meta']
[0.960s] Level 1:colcon.colcon_core.package_identification:_identify(workspace/ros_ur_driver/src/build/ur_description/CMakeFiles/3.22.1) by extension 'colcon_meta'
[0.960s] Level 1:colcon.colcon_core.package_identification:_identify(workspace/ros_ur_driver/src/build/ur_description/CMakeFiles/3.22.1) by extensions ['ros']
[0.960s] Level 1:colcon.colcon_core.package_identification:_identify(workspace/ros_ur_driver/src/build/ur_description/CMakeFiles/3.22.1) by extension 'ros'
[0.960s] Level 1:colcon.colcon_core.package_identification:_identify(workspace/ros_ur_driver/src/build/ur_description/CMakeFiles/3.22.1) by extensions ['cmake', 'python']
[0.960s] Level 1:colcon.colcon_core.package_identification:_identify(workspace/ros_ur_driver/src/build/ur_description/CMakeFiles/3.22.1) by extension 'cmake'
[0.960s] Level 1:colcon.colcon_core.package_identification:_identify(workspace/ros_ur_driver/src/build/ur_description/CMakeFiles/3.22.1) by extension 'python'
[0.960s] Level 1:colcon.colcon_core.package_identification:_identify(workspace/ros_ur_driver/src/build/ur_description/CMakeFiles/3.22.1) by extensions ['python_setup_py']
[0.960s] Level 1:colcon.colcon_core.package_identification:_identify(workspace/ros_ur_driver/src/build/ur_description/CMakeFiles/3.22.1) by extension 'python_setup_py'
[0.960s] Level 1:colcon.colcon_core.package_identification:_identify(workspace/ros_ur_driver/src/build/ur_description/CMakeFiles/3.22.1/CompilerIdC) by extensions ['ignore', 'ignore_ament_install']
[0.960s] Level 1:colcon.colcon_core.package_identification:_identify(workspace/ros_ur_driver/src/build/ur_description/CMakeFiles/3.22.1/CompilerIdC) by extension 'ignore'
[0.961s] Level 1:colcon.colcon_core.package_identification:_identify(workspace/ros_ur_driver/src/build/ur_description/CMakeFiles/3.22.1/CompilerIdC) by extension 'ignore_ament_install'
[0.961s] Level 1:colcon.colcon_core.package_identification:_identify(workspace/ros_ur_driver/src/build/ur_description/CMakeFiles/3.22.1/CompilerIdC) by extensions ['colcon_pkg']
[0.961s] Level 1:colcon.colcon_core.package_identification:_identify(workspace/ros_ur_driver/src/build/ur_description/CMakeFiles/3.22.1/CompilerIdC) by extension 'colcon_pkg'
[0.961s] Level 1:colcon.colcon_core.package_identification:_identify(workspace/ros_ur_driver/src/build/ur_description/CMakeFiles/3.22.1/CompilerIdC) by extensions ['colcon_meta']
[0.961s] Level 1:colcon.colcon_core.package_identification:_identify(workspace/ros_ur_driver/src/build/ur_description/CMakeFiles/3.22.1/CompilerIdC) by extension 'colcon_meta'
[0.961s] Level 1:colcon.colcon_core.package_identification:_identify(workspace/ros_ur_driver/src/build/ur_description/CMakeFiles/3.22.1/CompilerIdC) by extensions ['ros']
[0.961s] Level 1:colcon.colcon_core.package_identification:_identify(workspace/ros_ur_driver/src/build/ur_description/CMakeFiles/3.22.1/CompilerIdC) by extension 'ros'
[0.961s] Level 1:colcon.colcon_core.package_identification:_identify(workspace/ros_ur_driver/src/build/ur_description/CMakeFiles/3.22.1/CompilerIdC) by extensions ['cmake', 'python']
[0.961s] Level 1:colcon.colcon_core.package_identification:_identify(workspace/ros_ur_driver/src/build/ur_description/CMakeFiles/3.22.1/CompilerIdC) by extension 'cmake'
[0.961s] Level 1:colcon.colcon_core.package_identification:_identify(workspace/ros_ur_driver/src/build/ur_description/CMakeFiles/3.22.1/CompilerIdC) by extension 'python'
[0.961s] Level 1:colcon.colcon_core.package_identification:_identify(workspace/ros_ur_driver/src/build/ur_description/CMakeFiles/3.22.1/CompilerIdC) by extensions ['python_setup_py']
[0.961s] Level 1:colcon.colcon_core.package_identification:_identify(workspace/ros_ur_driver/src/build/ur_description/CMakeFiles/3.22.1/CompilerIdC) by extension 'python_setup_py'
[0.961s] Level 1:colcon.colcon_core.package_identification:_identify(workspace/ros_ur_driver/src/build/ur_description/CMakeFiles/3.22.1/CompilerIdC/tmp) by extensions ['ignore', 'ignore_ament_install']
[0.961s] Level 1:colcon.colcon_core.package_identification:_identify(workspace/ros_ur_driver/src/build/ur_description/CMakeFiles/3.22.1/CompilerIdC/tmp) by extension 'ignore'
[0.961s] Level 1:colcon.colcon_core.package_identification:_identify(workspace/ros_ur_driver/src/build/ur_description/CMakeFiles/3.22.1/CompilerIdC/tmp) by extension 'ignore_ament_install'
[0.961s] Level 1:colcon.colcon_core.package_identification:_identify(workspace/ros_ur_driver/src/build/ur_description/CMakeFiles/3.22.1/CompilerIdC/tmp) by extensions ['colcon_pkg']
[0.961s] Level 1:colcon.colcon_core.package_identification:_identify(workspace/ros_ur_driver/src/build/ur_description/CMakeFiles/3.22.1/CompilerIdC/tmp) by extension 'colcon_pkg'
[0.962s] Level 1:colcon.colcon_core.package_identification:_identify(workspace/ros_ur_driver/src/build/ur_description/CMakeFiles/3.22.1/CompilerIdC/tmp) by extensions ['colcon_meta']
[0.962s] Level 1:colcon.colcon_core.package_identification:_identify(workspace/ros_ur_driver/src/build/ur_description/CMakeFiles/3.22.1/CompilerIdC/tmp) by extension 'colcon_meta'
[0.962s] Level 1:colcon.colcon_core.package_identification:_identify(workspace/ros_ur_driver/src/build/ur_description/CMakeFiles/3.22.1/CompilerIdC/tmp) by extensions ['ros']
[0.962s] Level 1:colcon.colcon_core.package_identification:_identify(workspace/ros_ur_driver/src/build/ur_description/CMakeFiles/3.22.1/CompilerIdC/tmp) by extension 'ros'
[0.962s] Level 1:colcon.colcon_core.package_identification:_identify(workspace/ros_ur_driver/src/build/ur_description/CMakeFiles/3.22.1/CompilerIdC/tmp) by extensions ['cmake', 'python']
[0.962s] Level 1:colcon.colcon_core.package_identification:_identify(workspace/ros_ur_driver/src/build/ur_description/CMakeFiles/3.22.1/CompilerIdC/tmp) by extension 'cmake'
[0.962s] Level 1:colcon.colcon_core.package_identification:_identify(workspace/ros_ur_driver/src/build/ur_description/CMakeFiles/3.22.1/CompilerIdC/tmp) by extension 'python'
[0.962s] Level 1:colcon.colcon_core.package_identification:_identify(workspace/ros_ur_driver/src/build/ur_description/CMakeFiles/3.22.1/CompilerIdC/tmp) by extensions ['python_setup_py']
[0.962s] Level 1:colcon.colcon_core.package_identification:_identify(workspace/ros_ur_driver/src/build/ur_description/CMakeFiles/3.22.1/CompilerIdC/tmp) by extension 'python_setup_py'
[0.962s] Level 1:colcon.colcon_core.package_identification:_identify(workspace/ros_ur_driver/src/build/ur_description/CMakeFiles/3.22.1/CompilerIdCXX) by extensions ['ignore', 'ignore_ament_install']
[0.962s] Level 1:colcon.colcon_core.package_identification:_identify(workspace/ros_ur_driver/src/build/ur_description/CMakeFiles/3.22.1/CompilerIdCXX) by extension 'ignore'
[0.962s] Level 1:colcon.colcon_core.package_identification:_identify(workspace/ros_ur_driver/src/build/ur_description/CMakeFiles/3.22.1/CompilerIdCXX) by extension 'ignore_ament_install'
[0.962s] Level 1:colcon.colcon_core.package_identification:_identify(workspace/ros_ur_driver/src/build/ur_description/CMakeFiles/3.22.1/CompilerIdCXX) by extensions ['colcon_pkg']
[0.962s] Level 1:colcon.colcon_core.package_identification:_identify(workspace/ros_ur_driver/src/build/ur_description/CMakeFiles/3.22.1/CompilerIdCXX) by extension 'colcon_pkg'
[0.962s] Level 1:colcon.colcon_core.package_identification:_identify(workspace/ros_ur_driver/src/build/ur_description/CMakeFiles/3.22.1/CompilerIdCXX) by extensions ['colcon_meta']
[0.962s] Level 1:colcon.colcon_core.package_identification:_identify(workspace/ros_ur_driver/src/build/ur_description/CMakeFiles/3.22.1/CompilerIdCXX) by extension 'colcon_meta'
[0.963s] Level 1:colcon.colcon_core.package_identification:_identify(workspace/ros_ur_driver/src/build/ur_description/CMakeFiles/3.22.1/CompilerIdCXX) by extensions ['ros']
[0.963s] Level 1:colcon.colcon_core.package_identification:_identify(workspace/ros_ur_driver/src/build/ur_description/CMakeFiles/3.22.1/CompilerIdCXX) by extension 'ros'
[0.963s] Level 1:colcon.colcon_core.package_identification:_identify(workspace/ros_ur_driver/src/build/ur_description/CMakeFiles/3.22.1/CompilerIdCXX) by extensions ['cmake', 'python']
[0.963s] Level 1:colcon.colcon_core.package_identification:_identify(workspace/ros_ur_driver/src/build/ur_description/CMakeFiles/3.22.1/CompilerIdCXX) by extension 'cmake'
[0.963s] Level 1:colcon.colcon_core.package_identification:_identify(workspace/ros_ur_driver/src/build/ur_description/CMakeFiles/3.22.1/CompilerIdCXX) by extension 'python'
[0.963s] Level 1:colcon.colcon_core.package_identification:_identify(workspace/ros_ur_driver/src/build/ur_description/CMakeFiles/3.22.1/CompilerIdCXX) by extensions ['python_setup_py']
[0.963s] Level 1:colcon.colcon_core.package_identification:_identify(workspace/ros_ur_driver/src/build/ur_description/CMakeFiles/3.22.1/CompilerIdCXX) by extension 'python_setup_py'
[0.963s] Level 1:colcon.colcon_core.package_identification:_identify(workspace/ros_ur_driver/src/build/ur_description/CMakeFiles/3.22.1/CompilerIdCXX/tmp) by extensions ['ignore', 'ignore_ament_install']
[0.963s] Level 1:colcon.colcon_core.package_identification:_identify(workspace/ros_ur_driver/src/build/ur_description/CMakeFiles/3.22.1/CompilerIdCXX/tmp) by extension 'ignore'
[0.963s] Level 1:colcon.colcon_core.package_identification:_identify(workspace/ros_ur_driver/src/build/ur_description/CMakeFiles/3.22.1/CompilerIdCXX/tmp) by extension 'ignore_ament_install'
[0.963s] Level 1:colcon.colcon_core.package_identification:_identify(workspace/ros_ur_driver/src/build/ur_description/CMakeFiles/3.22.1/CompilerIdCXX/tmp) by extensions ['colcon_pkg']
[0.963s] Level 1:colcon.colcon_core.package_identification:_identify(workspace/ros_ur_driver/src/build/ur_description/CMakeFiles/3.22.1/CompilerIdCXX/tmp) by extension 'colcon_pkg'
[0.963s] Level 1:colcon.colcon_core.package_identification:_identify(workspace/ros_ur_driver/src/build/ur_description/CMakeFiles/3.22.1/CompilerIdCXX/tmp) by extensions ['colcon_meta']
[0.963s] Level 1:colcon.colcon_core.package_identification:_identify(workspace/ros_ur_driver/src/build/ur_description/CMakeFiles/3.22.1/CompilerIdCXX/tmp) by extension 'colcon_meta'
[0.963s] Level 1:colcon.colcon_core.package_identification:_identify(workspace/ros_ur_driver/src/build/ur_description/CMakeFiles/3.22.1/CompilerIdCXX/tmp) by extensions ['ros']
[0.963s] Level 1:colcon.colcon_core.package_identification:_identify(workspace/ros_ur_driver/src/build/ur_description/CMakeFiles/3.22.1/CompilerIdCXX/tmp) by extension 'ros'
[0.964s] Level 1:colcon.colcon_core.package_identification:_identify(workspace/ros_ur_driver/src/build/ur_description/CMakeFiles/3.22.1/CompilerIdCXX/tmp) by extensions ['cmake', 'python']
[0.964s] Level 1:colcon.colcon_core.package_identification:_identify(workspace/ros_ur_driver/src/build/ur_description/CMakeFiles/3.22.1/CompilerIdCXX/tmp) by extension 'cmake'
[0.964s] Level 1:colcon.colcon_core.package_identification:_identify(workspace/ros_ur_driver/src/build/ur_description/CMakeFiles/3.22.1/CompilerIdCXX/tmp) by extension 'python'
[0.964s] Level 1:colcon.colcon_core.package_identification:_identify(workspace/ros_ur_driver/src/build/ur_description/CMakeFiles/3.22.1/CompilerIdCXX/tmp) by extensions ['python_setup_py']
[0.964s] Level 1:colcon.colcon_core.package_identification:_identify(workspace/ros_ur_driver/src/build/ur_description/CMakeFiles/3.22.1/CompilerIdCXX/tmp) by extension 'python_setup_py'
[0.964s] Level 1:colcon.colcon_core.package_identification:_identify(workspace/ros_ur_driver/src/build/ur_description/CMakeFiles/CMakeTmp) by extensions ['ignore', 'ignore_ament_install']
[0.964s] Level 1:colcon.colcon_core.package_identification:_identify(workspace/ros_ur_driver/src/build/ur_description/CMakeFiles/CMakeTmp) by extension 'ignore'
[0.964s] Level 1:colcon.colcon_core.package_identification:_identify(workspace/ros_ur_driver/src/build/ur_description/CMakeFiles/CMakeTmp) by extension 'ignore_ament_install'
[0.964s] Level 1:colcon.colcon_core.package_identification:_identify(workspace/ros_ur_driver/src/build/ur_description/CMakeFiles/CMakeTmp) by extensions ['colcon_pkg']
[0.964s] Level 1:colcon.colcon_core.package_identification:_identify(workspace/ros_ur_driver/src/build/ur_description/CMakeFiles/CMakeTmp) by extension 'colcon_pkg'
[0.964s] Level 1:colcon.colcon_core.package_identification:_identify(workspace/ros_ur_driver/src/build/ur_description/CMakeFiles/CMakeTmp) by extensions ['colcon_meta']
[0.964s] Level 1:colcon.colcon_core.package_identification:_identify(workspace/ros_ur_driver/src/build/ur_description/CMakeFiles/CMakeTmp) by extension 'colcon_meta'
[0.964s] Level 1:colcon.colcon_core.package_identification:_identify(workspace/ros_ur_driver/src/build/ur_description/CMakeFiles/CMakeTmp) by extensions ['ros']
[0.964s] Level 1:colcon.colcon_core.package_identification:_identify(workspace/ros_ur_driver/src/build/ur_description/CMakeFiles/CMakeTmp) by extension 'ros'
[0.964s] Level 1:colcon.colcon_core.package_identification:_identify(workspace/ros_ur_driver/src/build/ur_description/CMakeFiles/CMakeTmp) by extensions ['cmake', 'python']
[0.964s] Level 1:colcon.colcon_core.package_identification:_identify(workspace/ros_ur_driver/src/build/ur_description/CMakeFiles/CMakeTmp) by extension 'cmake'
[0.964s] Level 1:colcon.colcon_core.package_identification:_identify(workspace/ros_ur_driver/src/build/ur_description/CMakeFiles/CMakeTmp) by extension 'python'
[0.965s] Level 1:colcon.colcon_core.package_identification:_identify(workspace/ros_ur_driver/src/build/ur_description/CMakeFiles/CMakeTmp) by extensions ['python_setup_py']
[0.965s] Level 1:colcon.colcon_core.package_identification:_identify(workspace/ros_ur_driver/src/build/ur_description/CMakeFiles/CMakeTmp) by extension 'python_setup_py'
[0.965s] Level 1:colcon.colcon_core.package_identification:_identify(workspace/ros_ur_driver/src/build/ur_moveit_config) by extensions ['ignore', 'ignore_ament_install']
[0.965s] Level 1:colcon.colcon_core.package_identification:_identify(workspace/ros_ur_driver/src/build/ur_moveit_config) by extension 'ignore'
[0.965s] Level 1:colcon.colcon_core.package_identification:_identify(workspace/ros_ur_driver/src/build/ur_moveit_config) by extension 'ignore_ament_install'
[0.965s] Level 1:colcon.colcon_core.package_identification:_identify(workspace/ros_ur_driver/src/build/ur_moveit_config) by extensions ['colcon_pkg']
[0.965s] Level 1:colcon.colcon_core.package_identification:_identify(workspace/ros_ur_driver/src/build/ur_moveit_config) by extension 'colcon_pkg'
[0.965s] Level 1:colcon.colcon_core.package_identification:_identify(workspace/ros_ur_driver/src/build/ur_moveit_config) by extensions ['colcon_meta']
[0.965s] Level 1:colcon.colcon_core.package_identification:_identify(workspace/ros_ur_driver/src/build/ur_moveit_config) by extension 'colcon_meta'
[0.965s] Level 1:colcon.colcon_core.package_identification:_identify(workspace/ros_ur_driver/src/build/ur_moveit_config) by extensions ['ros']
[0.965s] Level 1:colcon.colcon_core.package_identification:_identify(workspace/ros_ur_driver/src/build/ur_moveit_config) by extension 'ros'
[0.965s] Level 1:colcon.colcon_core.package_identification:_identify(workspace/ros_ur_driver/src/build/ur_moveit_config) by extensions ['cmake', 'python']
[0.965s] Level 1:colcon.colcon_core.package_identification:_identify(workspace/ros_ur_driver/src/build/ur_moveit_config) by extension 'cmake'
[0.965s] Level 1:colcon.colcon_core.package_identification:_identify(workspace/ros_ur_driver/src/build/ur_moveit_config) by extension 'python'
[0.965s] Level 1:colcon.colcon_core.package_identification:_identify(workspace/ros_ur_driver/src/build/ur_moveit_config) by extensions ['python_setup_py']
[0.965s] Level 1:colcon.colcon_core.package_identification:_identify(workspace/ros_ur_driver/src/build/ur_moveit_config) by extension 'python_setup_py'
[0.966s] Level 1:colcon.colcon_core.package_identification:_identify(workspace/ros_ur_driver/src/build/ur_moveit_config/CMakeFiles) by extensions ['ignore', 'ignore_ament_install']
[0.966s] Level 1:colcon.colcon_core.package_identification:_identify(workspace/ros_ur_driver/src/build/ur_moveit_config/CMakeFiles) by extension 'ignore'
[0.966s] Level 1:colcon.colcon_core.package_identification:_identify(workspace/ros_ur_driver/src/build/ur_moveit_config/CMakeFiles) by extension 'ignore_ament_install'
[0.966s] Level 1:colcon.colcon_core.package_identification:_identify(workspace/ros_ur_driver/src/build/ur_moveit_config/CMakeFiles) by extensions ['colcon_pkg']
[0.966s] Level 1:colcon.colcon_core.package_identification:_identify(workspace/ros_ur_driver/src/build/ur_moveit_config/CMakeFiles) by extension 'colcon_pkg'
[0.966s] Level 1:colcon.colcon_core.package_identification:_identify(workspace/ros_ur_driver/src/build/ur_moveit_config/CMakeFiles) by extensions ['colcon_meta']
[0.966s] Level 1:colcon.colcon_core.package_identification:_identify(workspace/ros_ur_driver/src/build/ur_moveit_config/CMakeFiles) by extension 'colcon_meta'
[0.966s] Level 1:colcon.colcon_core.package_identification:_identify(workspace/ros_ur_driver/src/build/ur_moveit_config/CMakeFiles) by extensions ['ros']
[0.966s] Level 1:colcon.colcon_core.package_identification:_identify(workspace/ros_ur_driver/src/build/ur_moveit_config/CMakeFiles) by extension 'ros'
[0.966s] Level 1:colcon.colcon_core.package_identification:_identify(workspace/ros_ur_driver/src/build/ur_moveit_config/CMakeFiles) by extensions ['cmake', 'python']
[0.966s] Level 1:colcon.colcon_core.package_identification:_identify(workspace/ros_ur_driver/src/build/ur_moveit_config/CMakeFiles) by extension 'cmake'
[0.966s] Level 1:colcon.colcon_core.package_identification:_identify(workspace/ros_ur_driver/src/build/ur_moveit_config/CMakeFiles) by extension 'python'
[0.966s] Level 1:colcon.colcon_core.package_identification:_identify(workspace/ros_ur_driver/src/build/ur_moveit_config/CMakeFiles) by extensions ['python_setup_py']
[0.966s] Level 1:colcon.colcon_core.package_identification:_identify(workspace/ros_ur_driver/src/build/ur_moveit_config/CMakeFiles) by extension 'python_setup_py'
[0.966s] Level 1:colcon.colcon_core.package_identification:_identify(workspace/ros_ur_driver/src/build/ur_moveit_config/CMakeFiles/3.22.1) by extensions ['ignore', 'ignore_ament_install']
[0.966s] Level 1:colcon.colcon_core.package_identification:_identify(workspace/ros_ur_driver/src/build/ur_moveit_config/CMakeFiles/3.22.1) by extension 'ignore'
[0.967s] Level 1:colcon.colcon_core.package_identification:_identify(workspace/ros_ur_driver/src/build/ur_moveit_config/CMakeFiles/3.22.1) by extension 'ignore_ament_install'
[0.967s] Level 1:colcon.colcon_core.package_identification:_identify(workspace/ros_ur_driver/src/build/ur_moveit_config/CMakeFiles/3.22.1) by extensions ['colcon_pkg']
[0.967s] Level 1:colcon.colcon_core.package_identification:_identify(workspace/ros_ur_driver/src/build/ur_moveit_config/CMakeFiles/3.22.1) by extension 'colcon_pkg'
[0.967s] Level 1:colcon.colcon_core.package_identification:_identify(workspace/ros_ur_driver/src/build/ur_moveit_config/CMakeFiles/3.22.1) by extensions ['colcon_meta']
[0.967s] Level 1:colcon.colcon_core.package_identification:_identify(workspace/ros_ur_driver/src/build/ur_moveit_config/CMakeFiles/3.22.1) by extension 'colcon_meta'
[0.984s] Level 1:colcon.colcon_core.package_identification:_identify(workspace/ros_ur_driver/src/build/ur_moveit_config/CMakeFiles/3.22.1) by extensions ['ros']
[0.984s] Level 1:colcon.colcon_core.package_identification:_identify(workspace/ros_ur_driver/src/build/ur_moveit_config/CMakeFiles/3.22.1) by extension 'ros'
[0.984s] Level 1:colcon.colcon_core.package_identification:_identify(workspace/ros_ur_driver/src/build/ur_moveit_config/CMakeFiles/3.22.1) by extensions ['cmake', 'python']
[0.984s] Level 1:colcon.colcon_core.package_identification:_identify(workspace/ros_ur_driver/src/build/ur_moveit_config/CMakeFiles/3.22.1) by extension 'cmake'
[0.984s] Level 1:colcon.colcon_core.package_identification:_identify(workspace/ros_ur_driver/src/build/ur_moveit_config/CMakeFiles/3.22.1) by extension 'python'
[0.984s] Level 1:colcon.colcon_core.package_identification:_identify(workspace/ros_ur_driver/src/build/ur_moveit_config/CMakeFiles/3.22.1) by extensions ['python_setup_py']
[0.984s] Level 1:colcon.colcon_core.package_identification:_identify(workspace/ros_ur_driver/src/build/ur_moveit_config/CMakeFiles/3.22.1) by extension 'python_setup_py'
[0.984s] Level 1:colcon.colcon_core.package_identification:_identify(workspace/ros_ur_driver/src/build/ur_moveit_config/CMakeFiles/3.22.1/CompilerIdC) by extensions ['ignore', 'ignore_ament_install']
[0.984s] Level 1:colcon.colcon_core.package_identification:_identify(workspace/ros_ur_driver/src/build/ur_moveit_config/CMakeFiles/3.22.1/CompilerIdC) by extension 'ignore'
[0.984s] Level 1:colcon.colcon_core.package_identification:_identify(workspace/ros_ur_driver/src/build/ur_moveit_config/CMakeFiles/3.22.1/CompilerIdC) by extension 'ignore_ament_install'
[0.984s] Level 1:colcon.colcon_core.package_identification:_identify(workspace/ros_ur_driver/src/build/ur_moveit_config/CMakeFiles/3.22.1/CompilerIdC) by extensions ['colcon_pkg']
[0.985s] Level 1:colcon.colcon_core.package_identification:_identify(workspace/ros_ur_driver/src/build/ur_moveit_config/CMakeFiles/3.22.1/CompilerIdC) by extension 'colcon_pkg'
[0.985s] Level 1:colcon.colcon_core.package_identification:_identify(workspace/ros_ur_driver/src/build/ur_moveit_config/CMakeFiles/3.22.1/CompilerIdC) by extensions ['colcon_meta']
[0.985s] Level 1:colcon.colcon_core.package_identification:_identify(workspace/ros_ur_driver/src/build/ur_moveit_config/CMakeFiles/3.22.1/CompilerIdC) by extension 'colcon_meta'
[0.985s] Level 1:colcon.colcon_core.package_identification:_identify(workspace/ros_ur_driver/src/build/ur_moveit_config/CMakeFiles/3.22.1/CompilerIdC) by extensions ['ros']
[0.985s] Level 1:colcon.colcon_core.package_identification:_identify(workspace/ros_ur_driver/src/build/ur_moveit_config/CMakeFiles/3.22.1/CompilerIdC) by extension 'ros'
[0.985s] Level 1:colcon.colcon_core.package_identification:_identify(workspace/ros_ur_driver/src/build/ur_moveit_config/CMakeFiles/3.22.1/CompilerIdC) by extensions ['cmake', 'python']
[0.985s] Level 1:colcon.colcon_core.package_identification:_identify(workspace/ros_ur_driver/src/build/ur_moveit_config/CMakeFiles/3.22.1/CompilerIdC) by extension 'cmake'
[0.985s] Level 1:colcon.colcon_core.package_identification:_identify(workspace/ros_ur_driver/src/build/ur_moveit_config/CMakeFiles/3.22.1/CompilerIdC) by extension 'python'
[0.985s] Level 1:colcon.colcon_core.package_identification:_identify(workspace/ros_ur_driver/src/build/ur_moveit_config/CMakeFiles/3.22.1/CompilerIdC) by extensions ['python_setup_py']
[0.985s] Level 1:colcon.colcon_core.package_identification:_identify(workspace/ros_ur_driver/src/build/ur_moveit_config/CMakeFiles/3.22.1/CompilerIdC) by extension 'python_setup_py'
[0.986s] Level 1:colcon.colcon_core.package_identification:_identify(workspace/ros_ur_driver/src/build/ur_moveit_config/CMakeFiles/3.22.1/CompilerIdC/tmp) by extensions ['ignore', 'ignore_ament_install']
[0.986s] Level 1:colcon.colcon_core.package_identification:_identify(workspace/ros_ur_driver/src/build/ur_moveit_config/CMakeFiles/3.22.1/CompilerIdC/tmp) by extension 'ignore'
[0.986s] Level 1:colcon.colcon_core.package_identification:_identify(workspace/ros_ur_driver/src/build/ur_moveit_config/CMakeFiles/3.22.1/CompilerIdC/tmp) by extension 'ignore_ament_install'
[0.986s] Level 1:colcon.colcon_core.package_identification:_identify(workspace/ros_ur_driver/src/build/ur_moveit_config/CMakeFiles/3.22.1/CompilerIdC/tmp) by extensions ['colcon_pkg']
[0.986s] Level 1:colcon.colcon_core.package_identification:_identify(workspace/ros_ur_driver/src/build/ur_moveit_config/CMakeFiles/3.22.1/CompilerIdC/tmp) by extension 'colcon_pkg'
[0.987s] Level 1:colcon.colcon_core.package_identification:_identify(workspace/ros_ur_driver/src/build/ur_moveit_config/CMakeFiles/3.22.1/CompilerIdC/tmp) by extensions ['colcon_meta']
[0.987s] Level 1:colcon.colcon_core.package_identification:_identify(workspace/ros_ur_driver/src/build/ur_moveit_config/CMakeFiles/3.22.1/CompilerIdC/tmp) by extension 'colcon_meta'
[0.987s] Level 1:colcon.colcon_core.package_identification:_identify(workspace/ros_ur_driver/src/build/ur_moveit_config/CMakeFiles/3.22.1/CompilerIdC/tmp) by extensions ['ros']
[0.987s] Level 1:colcon.colcon_core.package_identification:_identify(workspace/ros_ur_driver/src/build/ur_moveit_config/CMakeFiles/3.22.1/CompilerIdC/tmp) by extension 'ros'
[0.987s] Level 1:colcon.colcon_core.package_identification:_identify(workspace/ros_ur_driver/src/build/ur_moveit_config/CMakeFiles/3.22.1/CompilerIdC/tmp) by extensions ['cmake', 'python']
[0.987s] Level 1:colcon.colcon_core.package_identification:_identify(workspace/ros_ur_driver/src/build/ur_moveit_config/CMakeFiles/3.22.1/CompilerIdC/tmp) by extension 'cmake'
[0.987s] Level 1:colcon.colcon_core.package_identification:_identify(workspace/ros_ur_driver/src/build/ur_moveit_config/CMakeFiles/3.22.1/CompilerIdC/tmp) by extension 'python'
[0.987s] Level 1:colcon.colcon_core.package_identification:_identify(workspace/ros_ur_driver/src/build/ur_moveit_config/CMakeFiles/3.22.1/CompilerIdC/tmp) by extensions ['python_setup_py']
[0.987s] Level 1:colcon.colcon_core.package_identification:_identify(workspace/ros_ur_driver/src/build/ur_moveit_config/CMakeFiles/3.22.1/CompilerIdC/tmp) by extension 'python_setup_py'
[0.987s] Level 1:colcon.colcon_core.package_identification:_identify(workspace/ros_ur_driver/src/build/ur_moveit_config/CMakeFiles/3.22.1/CompilerIdCXX) by extensions ['ignore', 'ignore_ament_install']
[0.987s] Level 1:colcon.colcon_core.package_identification:_identify(workspace/ros_ur_driver/src/build/ur_moveit_config/CMakeFiles/3.22.1/CompilerIdCXX) by extension 'ignore'
[0.987s] Level 1:colcon.colcon_core.package_identification:_identify(workspace/ros_ur_driver/src/build/ur_moveit_config/CMakeFiles/3.22.1/CompilerIdCXX) by extension 'ignore_ament_install'
[0.987s] Level 1:colcon.colcon_core.package_identification:_identify(workspace/ros_ur_driver/src/build/ur_moveit_config/CMakeFiles/3.22.1/CompilerIdCXX) by extensions ['colcon_pkg']
[0.987s] Level 1:colcon.colcon_core.package_identification:_identify(workspace/ros_ur_driver/src/build/ur_moveit_config/CMakeFiles/3.22.1/CompilerIdCXX) by extension 'colcon_pkg'
[0.987s] Level 1:colcon.colcon_core.package_identification:_identify(workspace/ros_ur_driver/src/build/ur_moveit_config/CMakeFiles/3.22.1/CompilerIdCXX) by extensions ['colcon_meta']
[0.987s] Level 1:colcon.colcon_core.package_identification:_identify(workspace/ros_ur_driver/src/build/ur_moveit_config/CMakeFiles/3.22.1/CompilerIdCXX) by extension 'colcon_meta'
[0.988s] Level 1:colcon.colcon_core.package_identification:_identify(workspace/ros_ur_driver/src/build/ur_moveit_config/CMakeFiles/3.22.1/CompilerIdCXX) by extensions ['ros']
[0.988s] Level 1:colcon.colcon_core.package_identification:_identify(workspace/ros_ur_driver/src/build/ur_moveit_config/CMakeFiles/3.22.1/CompilerIdCXX) by extension 'ros'
[0.988s] Level 1:colcon.colcon_core.package_identification:_identify(workspace/ros_ur_driver/src/build/ur_moveit_config/CMakeFiles/3.22.1/CompilerIdCXX) by extensions ['cmake', 'python']
[0.988s] Level 1:colcon.colcon_core.package_identification:_identify(workspace/ros_ur_driver/src/build/ur_moveit_config/CMakeFiles/3.22.1/CompilerIdCXX) by extension 'cmake'
[0.988s] Level 1:colcon.colcon_core.package_identification:_identify(workspace/ros_ur_driver/src/build/ur_moveit_config/CMakeFiles/3.22.1/CompilerIdCXX) by extension 'python'
[0.988s] Level 1:colcon.colcon_core.package_identification:_identify(workspace/ros_ur_driver/src/build/ur_moveit_config/CMakeFiles/3.22.1/CompilerIdCXX) by extensions ['python_setup_py']
[0.988s] Level 1:colcon.colcon_core.package_identification:_identify(workspace/ros_ur_driver/src/build/ur_moveit_config/CMakeFiles/3.22.1/CompilerIdCXX) by extension 'python_setup_py'
[0.988s] Level 1:colcon.colcon_core.package_identification:_identify(workspace/ros_ur_driver/src/build/ur_moveit_config/CMakeFiles/3.22.1/CompilerIdCXX/tmp) by extensions ['ignore', 'ignore_ament_install']
[0.988s] Level 1:colcon.colcon_core.package_identification:_identify(workspace/ros_ur_driver/src/build/ur_moveit_config/CMakeFiles/3.22.1/CompilerIdCXX/tmp) by extension 'ignore'
[0.988s] Level 1:colcon.colcon_core.package_identification:_identify(workspace/ros_ur_driver/src/build/ur_moveit_config/CMakeFiles/3.22.1/CompilerIdCXX/tmp) by extension 'ignore_ament_install'
[0.988s] Level 1:colcon.colcon_core.package_identification:_identify(workspace/ros_ur_driver/src/build/ur_moveit_config/CMakeFiles/3.22.1/CompilerIdCXX/tmp) by extensions ['colcon_pkg']
[0.988s] Level 1:colcon.colcon_core.package_identification:_identify(workspace/ros_ur_driver/src/build/ur_moveit_config/CMakeFiles/3.22.1/CompilerIdCXX/tmp) by extension 'colcon_pkg'
[0.988s] Level 1:colcon.colcon_core.package_identification:_identify(workspace/ros_ur_driver/src/build/ur_moveit_config/CMakeFiles/3.22.1/CompilerIdCXX/tmp) by extensions ['colcon_meta']
[0.988s] Level 1:colcon.colcon_core.package_identification:_identify(workspace/ros_ur_driver/src/build/ur_moveit_config/CMakeFiles/3.22.1/CompilerIdCXX/tmp) by extension 'colcon_meta'
[0.988s] Level 1:colcon.colcon_core.package_identification:_identify(workspace/ros_ur_driver/src/build/ur_moveit_config/CMakeFiles/3.22.1/CompilerIdCXX/tmp) by extensions ['ros']
[0.988s] Level 1:colcon.colcon_core.package_identification:_identify(workspace/ros_ur_driver/src/build/ur_moveit_config/CMakeFiles/3.22.1/CompilerIdCXX/tmp) by extension 'ros'
[0.989s] Level 1:colcon.colcon_core.package_identification:_identify(workspace/ros_ur_driver/src/build/ur_moveit_config/CMakeFiles/3.22.1/CompilerIdCXX/tmp) by extensions ['cmake', 'python']
[0.989s] Level 1:colcon.colcon_core.package_identification:_identify(workspace/ros_ur_driver/src/build/ur_moveit_config/CMakeFiles/3.22.1/CompilerIdCXX/tmp) by extension 'cmake'
[0.989s] Level 1:colcon.colcon_core.package_identification:_identify(workspace/ros_ur_driver/src/build/ur_moveit_config/CMakeFiles/3.22.1/CompilerIdCXX/tmp) by extension 'python'
[0.989s] Level 1:colcon.colcon_core.package_identification:_identify(workspace/ros_ur_driver/src/build/ur_moveit_config/CMakeFiles/3.22.1/CompilerIdCXX/tmp) by extensions ['python_setup_py']
[0.989s] Level 1:colcon.colcon_core.package_identification:_identify(workspace/ros_ur_driver/src/build/ur_moveit_config/CMakeFiles/3.22.1/CompilerIdCXX/tmp) by extension 'python_setup_py'
[0.989s] Level 1:colcon.colcon_core.package_identification:_identify(workspace/ros_ur_driver/src/build/ur_moveit_config/CMakeFiles/CMakeTmp) by extensions ['ignore', 'ignore_ament_install']
[0.989s] Level 1:colcon.colcon_core.package_identification:_identify(workspace/ros_ur_driver/src/build/ur_moveit_config/CMakeFiles/CMakeTmp) by extension 'ignore'
[0.989s] Level 1:colcon.colcon_core.package_identification:_identify(workspace/ros_ur_driver/src/build/ur_moveit_config/CMakeFiles/CMakeTmp) by extension 'ignore_ament_install'
[0.989s] Level 1:colcon.colcon_core.package_identification:_identify(workspace/ros_ur_driver/src/build/ur_moveit_config/CMakeFiles/CMakeTmp) by extensions ['colcon_pkg']
[0.989s] Level 1:colcon.colcon_core.package_identification:_identify(workspace/ros_ur_driver/src/build/ur_moveit_config/CMakeFiles/CMakeTmp) by extension 'colcon_pkg'
[0.989s] Level 1:colcon.colcon_core.package_identification:_identify(workspace/ros_ur_driver/src/build/ur_moveit_config/CMakeFiles/CMakeTmp) by extensions ['colcon_meta']
[0.989s] Level 1:colcon.colcon_core.package_identification:_identify(workspace/ros_ur_driver/src/build/ur_moveit_config/CMakeFiles/CMakeTmp) by extension 'colcon_meta'
[0.989s] Level 1:colcon.colcon_core.package_identification:_identify(workspace/ros_ur_driver/src/build/ur_moveit_config/CMakeFiles/CMakeTmp) by extensions ['ros']
[0.989s] Level 1:colcon.colcon_core.package_identification:_identify(workspace/ros_ur_driver/src/build/ur_moveit_config/CMakeFiles/CMakeTmp) by extension 'ros'
[0.989s] Level 1:colcon.colcon_core.package_identification:_identify(workspace/ros_ur_driver/src/build/ur_moveit_config/CMakeFiles/CMakeTmp) by extensions ['cmake', 'python']
[0.989s] Level 1:colcon.colcon_core.package_identification:_identify(workspace/ros_ur_driver/src/build/ur_moveit_config/CMakeFiles/CMakeTmp) by extension 'cmake'
[0.989s] Level 1:colcon.colcon_core.package_identification:_identify(workspace/ros_ur_driver/src/build/ur_moveit_config/CMakeFiles/CMakeTmp) by extension 'python'
[0.990s] Level 1:colcon.colcon_core.package_identification:_identify(workspace/ros_ur_driver/src/build/ur_moveit_config/CMakeFiles/CMakeTmp) by extensions ['python_setup_py']
[0.990s] Level 1:colcon.colcon_core.package_identification:_identify(workspace/ros_ur_driver/src/build/ur_moveit_config/CMakeFiles/CMakeTmp) by extension 'python_setup_py'
[0.990s] Level 1:colcon.colcon_core.package_identification:_identify(workspace/ros_ur_driver/src/build/ur_robot_driver) by extensions ['ignore', 'ignore_ament_install']
[0.990s] Level 1:colcon.colcon_core.package_identification:_identify(workspace/ros_ur_driver/src/build/ur_robot_driver) by extension 'ignore'
[0.990s] Level 1:colcon.colcon_core.package_identification:_identify(workspace/ros_ur_driver/src/build/ur_robot_driver) by extension 'ignore_ament_install'
[0.990s] Level 1:colcon.colcon_core.package_identification:_identify(workspace/ros_ur_driver/src/build/ur_robot_driver) by extensions ['colcon_pkg']
[0.990s] Level 1:colcon.colcon_core.package_identification:_identify(workspace/ros_ur_driver/src/build/ur_robot_driver) by extension 'colcon_pkg'
[0.990s] Level 1:colcon.colcon_core.package_identification:_identify(workspace/ros_ur_driver/src/build/ur_robot_driver) by extensions ['colcon_meta']
[0.990s] Level 1:colcon.colcon_core.package_identification:_identify(workspace/ros_ur_driver/src/build/ur_robot_driver) by extension 'colcon_meta'
[0.990s] Level 1:colcon.colcon_core.package_identification:_identify(workspace/ros_ur_driver/src/build/ur_robot_driver) by extensions ['ros']
[0.990s] Level 1:colcon.colcon_core.package_identification:_identify(workspace/ros_ur_driver/src/build/ur_robot_driver) by extension 'ros'
[0.990s] Level 1:colcon.colcon_core.package_identification:_identify(workspace/ros_ur_driver/src/build/ur_robot_driver) by extensions ['cmake', 'python']
[0.990s] Level 1:colcon.colcon_core.package_identification:_identify(workspace/ros_ur_driver/src/build/ur_robot_driver) by extension 'cmake'
[0.990s] Level 1:colcon.colcon_core.package_identification:_identify(workspace/ros_ur_driver/src/build/ur_robot_driver) by extension 'python'
[0.990s] Level 1:colcon.colcon_core.package_identification:_identify(workspace/ros_ur_driver/src/build/ur_robot_driver) by extensions ['python_setup_py']
[0.990s] Level 1:colcon.colcon_core.package_identification:_identify(workspace/ros_ur_driver/src/build/ur_robot_driver) by extension 'python_setup_py'
[0.991s] Level 1:colcon.colcon_core.package_identification:_identify(workspace/ros_ur_driver/src/build/ur_robot_driver/CMakeFiles) by extensions ['ignore', 'ignore_ament_install']
[0.991s] Level 1:colcon.colcon_core.package_identification:_identify(workspace/ros_ur_driver/src/build/ur_robot_driver/CMakeFiles) by extension 'ignore'
[0.991s] Level 1:colcon.colcon_core.package_identification:_identify(workspace/ros_ur_driver/src/build/ur_robot_driver/CMakeFiles) by extension 'ignore_ament_install'
[0.991s] Level 1:colcon.colcon_core.package_identification:_identify(workspace/ros_ur_driver/src/build/ur_robot_driver/CMakeFiles) by extensions ['colcon_pkg']
[0.991s] Level 1:colcon.colcon_core.package_identification:_identify(workspace/ros_ur_driver/src/build/ur_robot_driver/CMakeFiles) by extension 'colcon_pkg'
[0.991s] Level 1:colcon.colcon_core.package_identification:_identify(workspace/ros_ur_driver/src/build/ur_robot_driver/CMakeFiles) by extensions ['colcon_meta']
[0.991s] Level 1:colcon.colcon_core.package_identification:_identify(workspace/ros_ur_driver/src/build/ur_robot_driver/CMakeFiles) by extension 'colcon_meta'
[0.991s] Level 1:colcon.colcon_core.package_identification:_identify(workspace/ros_ur_driver/src/build/ur_robot_driver/CMakeFiles) by extensions ['ros']
[0.991s] Level 1:colcon.colcon_core.package_identification:_identify(workspace/ros_ur_driver/src/build/ur_robot_driver/CMakeFiles) by extension 'ros'
[0.991s] Level 1:colcon.colcon_core.package_identification:_identify(workspace/ros_ur_driver/src/build/ur_robot_driver/CMakeFiles) by extensions ['cmake', 'python']
[0.991s] Level 1:colcon.colcon_core.package_identification:_identify(workspace/ros_ur_driver/src/build/ur_robot_driver/CMakeFiles) by extension 'cmake'
[0.991s] Level 1:colcon.colcon_core.package_identification:_identify(workspace/ros_ur_driver/src/build/ur_robot_driver/CMakeFiles) by extension 'python'
[0.991s] Level 1:colcon.colcon_core.package_identification:_identify(workspace/ros_ur_driver/src/build/ur_robot_driver/CMakeFiles) by extensions ['python_setup_py']
[0.991s] Level 1:colcon.colcon_core.package_identification:_identify(workspace/ros_ur_driver/src/build/ur_robot_driver/CMakeFiles) by extension 'python_setup_py'
[0.991s] Level 1:colcon.colcon_core.package_identification:_identify(workspace/ros_ur_driver/src/build/ur_robot_driver/CMakeFiles/3.22.1) by extensions ['ignore', 'ignore_ament_install']
[0.992s] Level 1:colcon.colcon_core.package_identification:_identify(workspace/ros_ur_driver/src/build/ur_robot_driver/CMakeFiles/3.22.1) by extension 'ignore'
[0.992s] Level 1:colcon.colcon_core.package_identification:_identify(workspace/ros_ur_driver/src/build/ur_robot_driver/CMakeFiles/3.22.1) by extension 'ignore_ament_install'
[0.992s] Level 1:colcon.colcon_core.package_identification:_identify(workspace/ros_ur_driver/src/build/ur_robot_driver/CMakeFiles/3.22.1) by extensions ['colcon_pkg']
[0.992s] Level 1:colcon.colcon_core.package_identification:_identify(workspace/ros_ur_driver/src/build/ur_robot_driver/CMakeFiles/3.22.1) by extension 'colcon_pkg'
[0.992s] Level 1:colcon.colcon_core.package_identification:_identify(workspace/ros_ur_driver/src/build/ur_robot_driver/CMakeFiles/3.22.1) by extensions ['colcon_meta']
[0.992s] Level 1:colcon.colcon_core.package_identification:_identify(workspace/ros_ur_driver/src/build/ur_robot_driver/CMakeFiles/3.22.1) by extension 'colcon_meta'
[0.992s] Level 1:colcon.colcon_core.package_identification:_identify(workspace/ros_ur_driver/src/build/ur_robot_driver/CMakeFiles/3.22.1) by extensions ['ros']
[0.992s] Level 1:colcon.colcon_core.package_identification:_identify(workspace/ros_ur_driver/src/build/ur_robot_driver/CMakeFiles/3.22.1) by extension 'ros'
[0.992s] Level 1:colcon.colcon_core.package_identification:_identify(workspace/ros_ur_driver/src/build/ur_robot_driver/CMakeFiles/3.22.1) by extensions ['cmake', 'python']
[0.992s] Level 1:colcon.colcon_core.package_identification:_identify(workspace/ros_ur_driver/src/build/ur_robot_driver/CMakeFiles/3.22.1) by extension 'cmake'
[0.992s] Level 1:colcon.colcon_core.package_identification:_identify(workspace/ros_ur_driver/src/build/ur_robot_driver/CMakeFiles/3.22.1) by extension 'python'
[0.992s] Level 1:colcon.colcon_core.package_identification:_identify(workspace/ros_ur_driver/src/build/ur_robot_driver/CMakeFiles/3.22.1) by extensions ['python_setup_py']
[0.992s] Level 1:colcon.colcon_core.package_identification:_identify(workspace/ros_ur_driver/src/build/ur_robot_driver/CMakeFiles/3.22.1) by extension 'python_setup_py'
[0.992s] Level 1:colcon.colcon_core.package_identification:_identify(workspace/ros_ur_driver/src/build/ur_robot_driver/CMakeFiles/3.22.1/CompilerIdC) by extensions ['ignore', 'ignore_ament_install']
[0.992s] Level 1:colcon.colcon_core.package_identification:_identify(workspace/ros_ur_driver/src/build/ur_robot_driver/CMakeFiles/3.22.1/CompilerIdC) by extension 'ignore'
[0.992s] Level 1:colcon.colcon_core.package_identification:_identify(workspace/ros_ur_driver/src/build/ur_robot_driver/CMakeFiles/3.22.1/CompilerIdC) by extension 'ignore_ament_install'
[0.992s] Level 1:colcon.colcon_core.package_identification:_identify(workspace/ros_ur_driver/src/build/ur_robot_driver/CMakeFiles/3.22.1/CompilerIdC) by extensions ['colcon_pkg']
[0.993s] Level 1:colcon.colcon_core.package_identification:_identify(workspace/ros_ur_driver/src/build/ur_robot_driver/CMakeFiles/3.22.1/CompilerIdC) by extension 'colcon_pkg'
[0.993s] Level 1:colcon.colcon_core.package_identification:_identify(workspace/ros_ur_driver/src/build/ur_robot_driver/CMakeFiles/3.22.1/CompilerIdC) by extensions ['colcon_meta']
[0.993s] Level 1:colcon.colcon_core.package_identification:_identify(workspace/ros_ur_driver/src/build/ur_robot_driver/CMakeFiles/3.22.1/CompilerIdC) by extension 'colcon_meta'
[0.993s] Level 1:colcon.colcon_core.package_identification:_identify(workspace/ros_ur_driver/src/build/ur_robot_driver/CMakeFiles/3.22.1/CompilerIdC) by extensions ['ros']
[0.993s] Level 1:colcon.colcon_core.package_identification:_identify(workspace/ros_ur_driver/src/build/ur_robot_driver/CMakeFiles/3.22.1/CompilerIdC) by extension 'ros'
[0.993s] Level 1:colcon.colcon_core.package_identification:_identify(workspace/ros_ur_driver/src/build/ur_robot_driver/CMakeFiles/3.22.1/CompilerIdC) by extensions ['cmake', 'python']
[0.993s] Level 1:colcon.colcon_core.package_identification:_identify(workspace/ros_ur_driver/src/build/ur_robot_driver/CMakeFiles/3.22.1/CompilerIdC) by extension 'cmake'
[0.993s] Level 1:colcon.colcon_core.package_identification:_identify(workspace/ros_ur_driver/src/build/ur_robot_driver/CMakeFiles/3.22.1/CompilerIdC) by extension 'python'
[0.993s] Level 1:colcon.colcon_core.package_identification:_identify(workspace/ros_ur_driver/src/build/ur_robot_driver/CMakeFiles/3.22.1/CompilerIdC) by extensions ['python_setup_py']
[0.993s] Level 1:colcon.colcon_core.package_identification:_identify(workspace/ros_ur_driver/src/build/ur_robot_driver/CMakeFiles/3.22.1/CompilerIdC) by extension 'python_setup_py'
[0.993s] Level 1:colcon.colcon_core.package_identification:_identify(workspace/ros_ur_driver/src/build/ur_robot_driver/CMakeFiles/3.22.1/CompilerIdC/tmp) by extensions ['ignore', 'ignore_ament_install']
[0.993s] Level 1:colcon.colcon_core.package_identification:_identify(workspace/ros_ur_driver/src/build/ur_robot_driver/CMakeFiles/3.22.1/CompilerIdC/tmp) by extension 'ignore'
[0.993s] Level 1:colcon.colcon_core.package_identification:_identify(workspace/ros_ur_driver/src/build/ur_robot_driver/CMakeFiles/3.22.1/CompilerIdC/tmp) by extension 'ignore_ament_install'
[0.993s] Level 1:colcon.colcon_core.package_identification:_identify(workspace/ros_ur_driver/src/build/ur_robot_driver/CMakeFiles/3.22.1/CompilerIdC/tmp) by extensions ['colcon_pkg']
[0.993s] Level 1:colcon.colcon_core.package_identification:_identify(workspace/ros_ur_driver/src/build/ur_robot_driver/CMakeFiles/3.22.1/CompilerIdC/tmp) by extension 'colcon_pkg'
[0.993s] Level 1:colcon.colcon_core.package_identification:_identify(workspace/ros_ur_driver/src/build/ur_robot_driver/CMakeFiles/3.22.1/CompilerIdC/tmp) by extensions ['colcon_meta']
[0.993s] Level 1:colcon.colcon_core.package_identification:_identify(workspace/ros_ur_driver/src/build/ur_robot_driver/CMakeFiles/3.22.1/CompilerIdC/tmp) by extension 'colcon_meta'
[0.994s] Level 1:colcon.colcon_core.package_identification:_identify(workspace/ros_ur_driver/src/build/ur_robot_driver/CMakeFiles/3.22.1/CompilerIdC/tmp) by extensions ['ros']
[0.994s] Level 1:colcon.colcon_core.package_identification:_identify(workspace/ros_ur_driver/src/build/ur_robot_driver/CMakeFiles/3.22.1/CompilerIdC/tmp) by extension 'ros'
[0.994s] Level 1:colcon.colcon_core.package_identification:_identify(workspace/ros_ur_driver/src/build/ur_robot_driver/CMakeFiles/3.22.1/CompilerIdC/tmp) by extensions ['cmake', 'python']
[0.994s] Level 1:colcon.colcon_core.package_identification:_identify(workspace/ros_ur_driver/src/build/ur_robot_driver/CMakeFiles/3.22.1/CompilerIdC/tmp) by extension 'cmake'
[0.994s] Level 1:colcon.colcon_core.package_identification:_identify(workspace/ros_ur_driver/src/build/ur_robot_driver/CMakeFiles/3.22.1/CompilerIdC/tmp) by extension 'python'
[0.994s] Level 1:colcon.colcon_core.package_identification:_identify(workspace/ros_ur_driver/src/build/ur_robot_driver/CMakeFiles/3.22.1/CompilerIdC/tmp) by extensions ['python_setup_py']
[0.994s] Level 1:colcon.colcon_core.package_identification:_identify(workspace/ros_ur_driver/src/build/ur_robot_driver/CMakeFiles/3.22.1/CompilerIdC/tmp) by extension 'python_setup_py'
[0.994s] Level 1:colcon.colcon_core.package_identification:_identify(workspace/ros_ur_driver/src/build/ur_robot_driver/CMakeFiles/3.22.1/CompilerIdCXX) by extensions ['ignore', 'ignore_ament_install']
[0.994s] Level 1:colcon.colcon_core.package_identification:_identify(workspace/ros_ur_driver/src/build/ur_robot_driver/CMakeFiles/3.22.1/CompilerIdCXX) by extension 'ignore'
[0.994s] Level 1:colcon.colcon_core.package_identification:_identify(workspace/ros_ur_driver/src/build/ur_robot_driver/CMakeFiles/3.22.1/CompilerIdCXX) by extension 'ignore_ament_install'
[0.994s] Level 1:colcon.colcon_core.package_identification:_identify(workspace/ros_ur_driver/src/build/ur_robot_driver/CMakeFiles/3.22.1/CompilerIdCXX) by extensions ['colcon_pkg']
[0.994s] Level 1:colcon.colcon_core.package_identification:_identify(workspace/ros_ur_driver/src/build/ur_robot_driver/CMakeFiles/3.22.1/CompilerIdCXX) by extension 'colcon_pkg'
[0.994s] Level 1:colcon.colcon_core.package_identification:_identify(workspace/ros_ur_driver/src/build/ur_robot_driver/CMakeFiles/3.22.1/CompilerIdCXX) by extensions ['colcon_meta']
[0.994s] Level 1:colcon.colcon_core.package_identification:_identify(workspace/ros_ur_driver/src/build/ur_robot_driver/CMakeFiles/3.22.1/CompilerIdCXX) by extension 'colcon_meta'
[0.994s] Level 1:colcon.colcon_core.package_identification:_identify(workspace/ros_ur_driver/src/build/ur_robot_driver/CMakeFiles/3.22.1/CompilerIdCXX) by extensions ['ros']
[0.994s] Level 1:colcon.colcon_core.package_identification:_identify(workspace/ros_ur_driver/src/build/ur_robot_driver/CMakeFiles/3.22.1/CompilerIdCXX) by extension 'ros'
[0.995s] Level 1:colcon.colcon_core.package_identification:_identify(workspace/ros_ur_driver/src/build/ur_robot_driver/CMakeFiles/3.22.1/CompilerIdCXX) by extensions ['cmake', 'python']
[0.995s] Level 1:colcon.colcon_core.package_identification:_identify(workspace/ros_ur_driver/src/build/ur_robot_driver/CMakeFiles/3.22.1/CompilerIdCXX) by extension 'cmake'
[0.995s] Level 1:colcon.colcon_core.package_identification:_identify(workspace/ros_ur_driver/src/build/ur_robot_driver/CMakeFiles/3.22.1/CompilerIdCXX) by extension 'python'
[0.995s] Level 1:colcon.colcon_core.package_identification:_identify(workspace/ros_ur_driver/src/build/ur_robot_driver/CMakeFiles/3.22.1/CompilerIdCXX) by extensions ['python_setup_py']
[0.995s] Level 1:colcon.colcon_core.package_identification:_identify(workspace/ros_ur_driver/src/build/ur_robot_driver/CMakeFiles/3.22.1/CompilerIdCXX) by extension 'python_setup_py'
[0.995s] Level 1:colcon.colcon_core.package_identification:_identify(workspace/ros_ur_driver/src/build/ur_robot_driver/CMakeFiles/3.22.1/CompilerIdCXX/tmp) by extensions ['ignore', 'ignore_ament_install']
[0.995s] Level 1:colcon.colcon_core.package_identification:_identify(workspace/ros_ur_driver/src/build/ur_robot_driver/CMakeFiles/3.22.1/CompilerIdCXX/tmp) by extension 'ignore'
[0.995s] Level 1:colcon.colcon_core.package_identification:_identify(workspace/ros_ur_driver/src/build/ur_robot_driver/CMakeFiles/3.22.1/CompilerIdCXX/tmp) by extension 'ignore_ament_install'
[0.995s] Level 1:colcon.colcon_core.package_identification:_identify(workspace/ros_ur_driver/src/build/ur_robot_driver/CMakeFiles/3.22.1/CompilerIdCXX/tmp) by extensions ['colcon_pkg']
[0.995s] Level 1:colcon.colcon_core.package_identification:_identify(workspace/ros_ur_driver/src/build/ur_robot_driver/CMakeFiles/3.22.1/CompilerIdCXX/tmp) by extension 'colcon_pkg'
[0.995s] Level 1:colcon.colcon_core.package_identification:_identify(workspace/ros_ur_driver/src/build/ur_robot_driver/CMakeFiles/3.22.1/CompilerIdCXX/tmp) by extensions ['colcon_meta']
[0.995s] Level 1:colcon.colcon_core.package_identification:_identify(workspace/ros_ur_driver/src/build/ur_robot_driver/CMakeFiles/3.22.1/CompilerIdCXX/tmp) by extension 'colcon_meta'
[0.995s] Level 1:colcon.colcon_core.package_identification:_identify(workspace/ros_ur_driver/src/build/ur_robot_driver/CMakeFiles/3.22.1/CompilerIdCXX/tmp) by extensions ['ros']
[0.995s] Level 1:colcon.colcon_core.package_identification:_identify(workspace/ros_ur_driver/src/build/ur_robot_driver/CMakeFiles/3.22.1/CompilerIdCXX/tmp) by extension 'ros'
[0.995s] Level 1:colcon.colcon_core.package_identification:_identify(workspace/ros_ur_driver/src/build/ur_robot_driver/CMakeFiles/3.22.1/CompilerIdCXX/tmp) by extensions ['cmake', 'python']
[0.995s] Level 1:colcon.colcon_core.package_identification:_identify(workspace/ros_ur_driver/src/build/ur_robot_driver/CMakeFiles/3.22.1/CompilerIdCXX/tmp) by extension 'cmake'
[0.995s] Level 1:colcon.colcon_core.package_identification:_identify(workspace/ros_ur_driver/src/build/ur_robot_driver/CMakeFiles/3.22.1/CompilerIdCXX/tmp) by extension 'python'
[0.996s] Level 1:colcon.colcon_core.package_identification:_identify(workspace/ros_ur_driver/src/build/ur_robot_driver/CMakeFiles/3.22.1/CompilerIdCXX/tmp) by extensions ['python_setup_py']
[0.996s] Level 1:colcon.colcon_core.package_identification:_identify(workspace/ros_ur_driver/src/build/ur_robot_driver/CMakeFiles/3.22.1/CompilerIdCXX/tmp) by extension 'python_setup_py'
[0.996s] Level 1:colcon.colcon_core.package_identification:_identify(workspace/ros_ur_driver/src/build/ur_robot_driver/CMakeFiles/CMakeTmp) by extensions ['ignore', 'ignore_ament_install']
[0.996s] Level 1:colcon.colcon_core.package_identification:_identify(workspace/ros_ur_driver/src/build/ur_robot_driver/CMakeFiles/CMakeTmp) by extension 'ignore'
[0.996s] Level 1:colcon.colcon_core.package_identification:_identify(workspace/ros_ur_driver/src/build/ur_robot_driver/CMakeFiles/CMakeTmp) by extension 'ignore_ament_install'
[0.996s] Level 1:colcon.colcon_core.package_identification:_identify(workspace/ros_ur_driver/src/build/ur_robot_driver/CMakeFiles/CMakeTmp) by extensions ['colcon_pkg']
[0.996s] Level 1:colcon.colcon_core.package_identification:_identify(workspace/ros_ur_driver/src/build/ur_robot_driver/CMakeFiles/CMakeTmp) by extension 'colcon_pkg'
[0.996s] Level 1:colcon.colcon_core.package_identification:_identify(workspace/ros_ur_driver/src/build/ur_robot_driver/CMakeFiles/CMakeTmp) by extensions ['colcon_meta']
[0.996s] Level 1:colcon.colcon_core.package_identification:_identify(workspace/ros_ur_driver/src/build/ur_robot_driver/CMakeFiles/CMakeTmp) by extension 'colcon_meta'
[0.996s] Level 1:colcon.colcon_core.package_identification:_identify(workspace/ros_ur_driver/src/build/ur_robot_driver/CMakeFiles/CMakeTmp) by extensions ['ros']
[0.996s] Level 1:colcon.colcon_core.package_identification:_identify(workspace/ros_ur_driver/src/build/ur_robot_driver/CMakeFiles/CMakeTmp) by extension 'ros'
[0.996s] Level 1:colcon.colcon_core.package_identification:_identify(workspace/ros_ur_driver/src/build/ur_robot_driver/CMakeFiles/CMakeTmp) by extensions ['cmake', 'python']
[0.996s] Level 1:colcon.colcon_core.package_identification:_identify(workspace/ros_ur_driver/src/build/ur_robot_driver/CMakeFiles/CMakeTmp) by extension 'cmake'
[0.996s] Level 1:colcon.colcon_core.package_identification:_identify(workspace/ros_ur_driver/src/build/ur_robot_driver/CMakeFiles/CMakeTmp) by extension 'python'
[0.996s] Level 1:colcon.colcon_core.package_identification:_identify(workspace/ros_ur_driver/src/build/ur_robot_driver/CMakeFiles/CMakeTmp) by extensions ['python_setup_py']
[0.996s] Level 1:colcon.colcon_core.package_identification:_identify(workspace/ros_ur_driver/src/build/ur_robot_driver/CMakeFiles/CMakeTmp) by extension 'python_setup_py'
[0.996s] Level 1:colcon.colcon_core.package_identification:_identify(workspace/ros_ur_driver/src/build_platform) by extensions ['ignore', 'ignore_ament_install']
[0.997s] Level 1:colcon.colcon_core.package_identification:_identify(workspace/ros_ur_driver/src/build_platform) by extension 'ignore'
[0.997s] Level 1:colcon.colcon_core.package_identification:_identify(workspace/ros_ur_driver/src/build_platform) by extension 'ignore_ament_install'
[0.997s] Level 1:colcon.colcon_core.package_identification:_identify(workspace/ros_ur_driver/src/build_platform) by extensions ['colcon_pkg']
[0.997s] Level 1:colcon.colcon_core.package_identification:_identify(workspace/ros_ur_driver/src/build_platform) by extension 'colcon_pkg'
[0.997s] Level 1:colcon.colcon_core.package_identification:_identify(workspace/ros_ur_driver/src/build_platform) by extensions ['colcon_meta']
[0.997s] Level 1:colcon.colcon_core.package_identification:_identify(workspace/ros_ur_driver/src/build_platform) by extension 'colcon_meta'
[0.997s] Level 1:colcon.colcon_core.package_identification:_identify(workspace/ros_ur_driver/src/build_platform) by extensions ['ros']
[0.997s] Level 1:colcon.colcon_core.package_identification:_identify(workspace/ros_ur_driver/src/build_platform) by extension 'ros'
[0.998s] DEBUG:colcon.colcon_core.package_identification:Package 'workspace/ros_ur_driver/src/build_platform' with type 'ros.ament_python' and name 'build_platform'
[0.998s] Level 1:colcon.colcon_core.package_identification:_identify(workspace/ros_ur_driver/src/data_logger) by extensions ['ignore', 'ignore_ament_install']
[0.998s] Level 1:colcon.colcon_core.package_identification:_identify(workspace/ros_ur_driver/src/data_logger) by extension 'ignore'
[0.998s] Level 1:colcon.colcon_core.package_identification:_identify(workspace/ros_ur_driver/src/data_logger) by extension 'ignore_ament_install'
[0.998s] Level 1:colcon.colcon_core.package_identification:_identify(workspace/ros_ur_driver/src/data_logger) by extensions ['colcon_pkg']
[0.998s] Level 1:colcon.colcon_core.package_identification:_identify(workspace/ros_ur_driver/src/data_logger) by extension 'colcon_pkg'
[0.998s] Level 1:colcon.colcon_core.package_identification:_identify(workspace/ros_ur_driver/src/data_logger) by extensions ['colcon_meta']
[0.998s] Level 1:colcon.colcon_core.package_identification:_identify(workspace/ros_ur_driver/src/data_logger) by extension 'colcon_meta'
[0.998s] Level 1:colcon.colcon_core.package_identification:_identify(workspace/ros_ur_driver/src/data_logger) by extensions ['ros']
[0.998s] Level 1:colcon.colcon_core.package_identification:_identify(workspace/ros_ur_driver/src/data_logger) by extension 'ros'
[1.016s] DEBUG:colcon.colcon_core.package_identification:Package 'workspace/ros_ur_driver/src/data_logger' with type 'ros.ament_python' and name 'data_logger'
[1.016s] Level 1:colcon.colcon_core.package_identification:_identify(workspace/ros_ur_driver/src/install) by extensions ['ignore', 'ignore_ament_install']
[1.016s] Level 1:colcon.colcon_core.package_identification:_identify(workspace/ros_ur_driver/src/install) by extension 'ignore'
[1.016s] Level 1:colcon.colcon_core.package_identification:_identify(workspace/ros_ur_driver/src/install) by extension 'ignore_ament_install'
[1.017s] Level 1:colcon.colcon_core.package_identification:_identify(workspace/ros_ur_driver/src/install) by extensions ['colcon_pkg']
[1.017s] Level 1:colcon.colcon_core.package_identification:_identify(workspace/ros_ur_driver/src/install) by extension 'colcon_pkg'
[1.017s] Level 1:colcon.colcon_core.package_identification:_identify(workspace/ros_ur_driver/src/install) by extensions ['colcon_meta']
[1.017s] Level 1:colcon.colcon_core.package_identification:_identify(workspace/ros_ur_driver/src/install) by extension 'colcon_meta'
[1.017s] Level 1:colcon.colcon_core.package_identification:_identify(workspace/ros_ur_driver/src/install) by extensions ['ros']
[1.017s] Level 1:colcon.colcon_core.package_identification:_identify(workspace/ros_ur_driver/src/install) by extension 'ros'
[1.017s] Level 1:colcon.colcon_core.package_identification:_identify(workspace/ros_ur_driver/src/install) by extensions ['cmake', 'python']
[1.017s] Level 1:colcon.colcon_core.package_identification:_identify(workspace/ros_ur_driver/src/install) by extension 'cmake'
[1.017s] Level 1:colcon.colcon_core.package_identification:_identify(workspace/ros_ur_driver/src/install) by extension 'python'
[1.017s] Level 1:colcon.colcon_core.package_identification:_identify(workspace/ros_ur_driver/src/install) by extensions ['python_setup_py']
[1.018s] Level 1:colcon.colcon_core.package_identification:_identify(workspace/ros_ur_driver/src/install) by extension 'python_setup_py'
[1.018s] Level 1:colcon.colcon_core.package_identification:_identify(workspace/ros_ur_driver/src/install/ur_dashboard_msgs) by extensions ['ignore', 'ignore_ament_install']
[1.018s] Level 1:colcon.colcon_core.package_identification:_identify(workspace/ros_ur_driver/src/install/ur_dashboard_msgs) by extension 'ignore'
[1.018s] Level 1:colcon.colcon_core.package_identification:_identify(workspace/ros_ur_driver/src/install/ur_dashboard_msgs) by extension 'ignore_ament_install'
[1.018s] Level 1:colcon.colcon_core.package_identification:_identify(workspace/ros_ur_driver/src/install/ur_dashboard_msgs) by extensions ['colcon_pkg']
[1.018s] Level 1:colcon.colcon_core.package_identification:_identify(workspace/ros_ur_driver/src/install/ur_dashboard_msgs) by extension 'colcon_pkg'
[1.018s] Level 1:colcon.colcon_core.package_identification:_identify(workspace/ros_ur_driver/src/install/ur_dashboard_msgs) by extensions ['colcon_meta']
[1.018s] Level 1:colcon.colcon_core.package_identification:_identify(workspace/ros_ur_driver/src/install/ur_dashboard_msgs) by extension 'colcon_meta'
[1.018s] Level 1:colcon.colcon_core.package_identification:_identify(workspace/ros_ur_driver/src/install/ur_dashboard_msgs) by extensions ['ros']
[1.019s] Level 1:colcon.colcon_core.package_identification:_identify(workspace/ros_ur_driver/src/install/ur_dashboard_msgs) by extension 'ros'
[1.019s] Level 1:colcon.colcon_core.package_identification:_identify(workspace/ros_ur_driver/src/install/ur_dashboard_msgs) by extensions ['cmake', 'python']
[1.019s] Level 1:colcon.colcon_core.package_identification:_identify(workspace/ros_ur_driver/src/install/ur_dashboard_msgs) by extension 'cmake'
[1.019s] Level 1:colcon.colcon_core.package_identification:_identify(workspace/ros_ur_driver/src/install/ur_dashboard_msgs) by extension 'python'
[1.019s] Level 1:colcon.colcon_core.package_identification:_identify(workspace/ros_ur_driver/src/install/ur_dashboard_msgs) by extensions ['python_setup_py']
[1.019s] Level 1:colcon.colcon_core.package_identification:_identify(workspace/ros_ur_driver/src/install/ur_dashboard_msgs) by extension 'python_setup_py'
[1.019s] Level 1:colcon.colcon_core.package_identification:_identify(workspace/ros_ur_driver/src/install/ur_dashboard_msgs/include) by extensions ['ignore', 'ignore_ament_install']
[1.019s] Level 1:colcon.colcon_core.package_identification:_identify(workspace/ros_ur_driver/src/install/ur_dashboard_msgs/include) by extension 'ignore'
[1.019s] Level 1:colcon.colcon_core.package_identification:_identify(workspace/ros_ur_driver/src/install/ur_dashboard_msgs/include) by extension 'ignore_ament_install'
[1.019s] Level 1:colcon.colcon_core.package_identification:_identify(workspace/ros_ur_driver/src/install/ur_dashboard_msgs/include) by extensions ['colcon_pkg']
[1.019s] Level 1:colcon.colcon_core.package_identification:_identify(workspace/ros_ur_driver/src/install/ur_dashboard_msgs/include) by extension 'colcon_pkg'
[1.019s] Level 1:colcon.colcon_core.package_identification:_identify(workspace/ros_ur_driver/src/install/ur_dashboard_msgs/include) by extensions ['colcon_meta']
[1.019s] Level 1:colcon.colcon_core.package_identification:_identify(workspace/ros_ur_driver/src/install/ur_dashboard_msgs/include) by extension 'colcon_meta'
[1.019s] Level 1:colcon.colcon_core.package_identification:_identify(workspace/ros_ur_driver/src/install/ur_dashboard_msgs/include) by extensions ['ros']
[1.019s] Level 1:colcon.colcon_core.package_identification:_identify(workspace/ros_ur_driver/src/install/ur_dashboard_msgs/include) by extension 'ros'
[1.020s] Level 1:colcon.colcon_core.package_identification:_identify(workspace/ros_ur_driver/src/install/ur_dashboard_msgs/include) by extensions ['cmake', 'python']
[1.020s] Level 1:colcon.colcon_core.package_identification:_identify(workspace/ros_ur_driver/src/install/ur_dashboard_msgs/include) by extension 'cmake'
[1.020s] Level 1:colcon.colcon_core.package_identification:_identify(workspace/ros_ur_driver/src/install/ur_dashboard_msgs/include) by extension 'python'
[1.020s] Level 1:colcon.colcon_core.package_identification:_identify(workspace/ros_ur_driver/src/install/ur_dashboard_msgs/include) by extensions ['python_setup_py']
[1.020s] Level 1:colcon.colcon_core.package_identification:_identify(workspace/ros_ur_driver/src/install/ur_dashboard_msgs/include) by extension 'python_setup_py'
[1.020s] Level 1:colcon.colcon_core.package_identification:_identify(workspace/ros_ur_driver/src/install/ur_dashboard_msgs/include/ur_dashboard_msgs) by extensions ['ignore', 'ignore_ament_install']
[1.020s] Level 1:colcon.colcon_core.package_identification:_identify(workspace/ros_ur_driver/src/install/ur_dashboard_msgs/include/ur_dashboard_msgs) by extension 'ignore'
[1.020s] Level 1:colcon.colcon_core.package_identification:_identify(workspace/ros_ur_driver/src/install/ur_dashboard_msgs/include/ur_dashboard_msgs) by extension 'ignore_ament_install'
[1.020s] Level 1:colcon.colcon_core.package_identification:_identify(workspace/ros_ur_driver/src/install/ur_dashboard_msgs/include/ur_dashboard_msgs) by extensions ['colcon_pkg']
[1.020s] Level 1:colcon.colcon_core.package_identification:_identify(workspace/ros_ur_driver/src/install/ur_dashboard_msgs/include/ur_dashboard_msgs) by extension 'colcon_pkg'
[1.020s] Level 1:colcon.colcon_core.package_identification:_identify(workspace/ros_ur_driver/src/install/ur_dashboard_msgs/include/ur_dashboard_msgs) by extensions ['colcon_meta']
[1.021s] Level 1:colcon.colcon_core.package_identification:_identify(workspace/ros_ur_driver/src/install/ur_dashboard_msgs/include/ur_dashboard_msgs) by extension 'colcon_meta'
[1.021s] Level 1:colcon.colcon_core.package_identification:_identify(workspace/ros_ur_driver/src/install/ur_dashboard_msgs/include/ur_dashboard_msgs) by extensions ['ros']
[1.021s] Level 1:colcon.colcon_core.package_identification:_identify(workspace/ros_ur_driver/src/install/ur_dashboard_msgs/include/ur_dashboard_msgs) by extension 'ros'
[1.021s] Level 1:colcon.colcon_core.package_identification:_identify(workspace/ros_ur_driver/src/install/ur_dashboard_msgs/include/ur_dashboard_msgs) by extensions ['cmake', 'python']
[1.021s] Level 1:colcon.colcon_core.package_identification:_identify(workspace/ros_ur_driver/src/install/ur_dashboard_msgs/include/ur_dashboard_msgs) by extension 'cmake'
[1.021s] Level 1:colcon.colcon_core.package_identification:_identify(workspace/ros_ur_driver/src/install/ur_dashboard_msgs/include/ur_dashboard_msgs) by extension 'python'
[1.021s] Level 1:colcon.colcon_core.package_identification:_identify(workspace/ros_ur_driver/src/install/ur_dashboard_msgs/include/ur_dashboard_msgs) by extensions ['python_setup_py']
[1.021s] Level 1:colcon.colcon_core.package_identification:_identify(workspace/ros_ur_driver/src/install/ur_dashboard_msgs/include/ur_dashboard_msgs) by extension 'python_setup_py'
[1.021s] Level 1:colcon.colcon_core.package_identification:_identify(workspace/ros_ur_driver/src/install/ur_dashboard_msgs/include/ur_dashboard_msgs/ur_dashboard_msgs) by extensions ['ignore', 'ignore_ament_install']
[1.021s] Level 1:colcon.colcon_core.package_identification:_identify(workspace/ros_ur_driver/src/install/ur_dashboard_msgs/include/ur_dashboard_msgs/ur_dashboard_msgs) by extension 'ignore'
[1.021s] Level 1:colcon.colcon_core.package_identification:_identify(workspace/ros_ur_driver/src/install/ur_dashboard_msgs/include/ur_dashboard_msgs/ur_dashboard_msgs) by extension 'ignore_ament_install'
[1.021s] Level 1:colcon.colcon_core.package_identification:_identify(workspace/ros_ur_driver/src/install/ur_dashboard_msgs/include/ur_dashboard_msgs/ur_dashboard_msgs) by extensions ['colcon_pkg']
[1.021s] Level 1:colcon.colcon_core.package_identification:_identify(workspace/ros_ur_driver/src/install/ur_dashboard_msgs/include/ur_dashboard_msgs/ur_dashboard_msgs) by extension 'colcon_pkg'
[1.021s] Level 1:colcon.colcon_core.package_identification:_identify(workspace/ros_ur_driver/src/install/ur_dashboard_msgs/include/ur_dashboard_msgs/ur_dashboard_msgs) by extensions ['colcon_meta']
[1.021s] Level 1:colcon.colcon_core.package_identification:_identify(workspace/ros_ur_driver/src/install/ur_dashboard_msgs/include/ur_dashboard_msgs/ur_dashboard_msgs) by extension 'colcon_meta'
[1.021s] Level 1:colcon.colcon_core.package_identification:_identify(workspace/ros_ur_driver/src/install/ur_dashboard_msgs/include/ur_dashboard_msgs/ur_dashboard_msgs) by extensions ['ros']
[1.021s] Level 1:colcon.colcon_core.package_identification:_identify(workspace/ros_ur_driver/src/install/ur_dashboard_msgs/include/ur_dashboard_msgs/ur_dashboard_msgs) by extension 'ros'
[1.022s] Level 1:colcon.colcon_core.package_identification:_identify(workspace/ros_ur_driver/src/install/ur_dashboard_msgs/include/ur_dashboard_msgs/ur_dashboard_msgs) by extensions ['cmake', 'python']
[1.022s] Level 1:colcon.colcon_core.package_identification:_identify(workspace/ros_ur_driver/src/install/ur_dashboard_msgs/include/ur_dashboard_msgs/ur_dashboard_msgs) by extension 'cmake'
[1.022s] Level 1:colcon.colcon_core.package_identification:_identify(workspace/ros_ur_driver/src/install/ur_dashboard_msgs/include/ur_dashboard_msgs/ur_dashboard_msgs) by extension 'python'
[1.022s] Level 1:colcon.colcon_core.package_identification:_identify(workspace/ros_ur_driver/src/install/ur_dashboard_msgs/include/ur_dashboard_msgs/ur_dashboard_msgs) by extensions ['python_setup_py']
[1.022s] Level 1:colcon.colcon_core.package_identification:_identify(workspace/ros_ur_driver/src/install/ur_dashboard_msgs/include/ur_dashboard_msgs/ur_dashboard_msgs) by extension 'python_setup_py'
[1.022s] Level 1:colcon.colcon_core.package_identification:_identify(workspace/ros_ur_driver/src/install/ur_dashboard_msgs/include/ur_dashboard_msgs/ur_dashboard_msgs/action) by extensions ['ignore', 'ignore_ament_install']
[1.022s] Level 1:colcon.colcon_core.package_identification:_identify(workspace/ros_ur_driver/src/install/ur_dashboard_msgs/include/ur_dashboard_msgs/ur_dashboard_msgs/action) by extension 'ignore'
[1.022s] Level 1:colcon.colcon_core.package_identification:_identify(workspace/ros_ur_driver/src/install/ur_dashboard_msgs/include/ur_dashboard_msgs/ur_dashboard_msgs/action) by extension 'ignore_ament_install'
[1.022s] Level 1:colcon.colcon_core.package_identification:_identify(workspace/ros_ur_driver/src/install/ur_dashboard_msgs/include/ur_dashboard_msgs/ur_dashboard_msgs/action) by extensions ['colcon_pkg']
[1.022s] Level 1:colcon.colcon_core.package_identification:_identify(workspace/ros_ur_driver/src/install/ur_dashboard_msgs/include/ur_dashboard_msgs/ur_dashboard_msgs/action) by extension 'colcon_pkg'
[1.022s] Level 1:colcon.colcon_core.package_identification:_identify(workspace/ros_ur_driver/src/install/ur_dashboard_msgs/include/ur_dashboard_msgs/ur_dashboard_msgs/action) by extensions ['colcon_meta']
[1.022s] Level 1:colcon.colcon_core.package_identification:_identify(workspace/ros_ur_driver/src/install/ur_dashboard_msgs/include/ur_dashboard_msgs/ur_dashboard_msgs/action) by extension 'colcon_meta'
[1.022s] Level 1:colcon.colcon_core.package_identification:_identify(workspace/ros_ur_driver/src/install/ur_dashboard_msgs/include/ur_dashboard_msgs/ur_dashboard_msgs/action) by extensions ['ros']
[1.022s] Level 1:colcon.colcon_core.package_identification:_identify(workspace/ros_ur_driver/src/install/ur_dashboard_msgs/include/ur_dashboard_msgs/ur_dashboard_msgs/action) by extension 'ros'
[1.022s] Level 1:colcon.colcon_core.package_identification:_identify(workspace/ros_ur_driver/src/install/ur_dashboard_msgs/include/ur_dashboard_msgs/ur_dashboard_msgs/action) by extensions ['cmake', 'python']
[1.022s] Level 1:colcon.colcon_core.package_identification:_identify(workspace/ros_ur_driver/src/install/ur_dashboard_msgs/include/ur_dashboard_msgs/ur_dashboard_msgs/action) by extension 'cmake'
[1.023s] Level 1:colcon.colcon_core.package_identification:_identify(workspace/ros_ur_driver/src/install/ur_dashboard_msgs/include/ur_dashboard_msgs/ur_dashboard_msgs/action) by extension 'python'
[1.023s] Level 1:colcon.colcon_core.package_identification:_identify(workspace/ros_ur_driver/src/install/ur_dashboard_msgs/include/ur_dashboard_msgs/ur_dashboard_msgs/action) by extensions ['python_setup_py']
[1.023s] Level 1:colcon.colcon_core.package_identification:_identify(workspace/ros_ur_driver/src/install/ur_dashboard_msgs/include/ur_dashboard_msgs/ur_dashboard_msgs/action) by extension 'python_setup_py'
[1.023s] Level 1:colcon.colcon_core.package_identification:_identify(workspace/ros_ur_driver/src/install/ur_dashboard_msgs/include/ur_dashboard_msgs/ur_dashboard_msgs/action/detail) by extensions ['ignore', 'ignore_ament_install']
[1.023s] Level 1:colcon.colcon_core.package_identification:_identify(workspace/ros_ur_driver/src/install/ur_dashboard_msgs/include/ur_dashboard_msgs/ur_dashboard_msgs/action/detail) by extension 'ignore'
[1.023s] Level 1:colcon.colcon_core.package_identification:_identify(workspace/ros_ur_driver/src/install/ur_dashboard_msgs/include/ur_dashboard_msgs/ur_dashboard_msgs/action/detail) by extension 'ignore_ament_install'
[1.023s] Level 1:colcon.colcon_core.package_identification:_identify(workspace/ros_ur_driver/src/install/ur_dashboard_msgs/include/ur_dashboard_msgs/ur_dashboard_msgs/action/detail) by extensions ['colcon_pkg']
[1.023s] Level 1:colcon.colcon_core.package_identification:_identify(workspace/ros_ur_driver/src/install/ur_dashboard_msgs/include/ur_dashboard_msgs/ur_dashboard_msgs/action/detail) by extension 'colcon_pkg'
[1.023s] Level 1:colcon.colcon_core.package_identification:_identify(workspace/ros_ur_driver/src/install/ur_dashboard_msgs/include/ur_dashboard_msgs/ur_dashboard_msgs/action/detail) by extensions ['colcon_meta']
[1.023s] Level 1:colcon.colcon_core.package_identification:_identify(workspace/ros_ur_driver/src/install/ur_dashboard_msgs/include/ur_dashboard_msgs/ur_dashboard_msgs/action/detail) by extension 'colcon_meta'
[1.023s] Level 1:colcon.colcon_core.package_identification:_identify(workspace/ros_ur_driver/src/install/ur_dashboard_msgs/include/ur_dashboard_msgs/ur_dashboard_msgs/action/detail) by extensions ['ros']
[1.023s] Level 1:colcon.colcon_core.package_identification:_identify(workspace/ros_ur_driver/src/install/ur_dashboard_msgs/include/ur_dashboard_msgs/ur_dashboard_msgs/action/detail) by extension 'ros'
[1.023s] Level 1:colcon.colcon_core.package_identification:_identify(workspace/ros_ur_driver/src/install/ur_dashboard_msgs/include/ur_dashboard_msgs/ur_dashboard_msgs/action/detail) by extensions ['cmake', 'python']
[1.023s] Level 1:colcon.colcon_core.package_identification:_identify(workspace/ros_ur_driver/src/install/ur_dashboard_msgs/include/ur_dashboard_msgs/ur_dashboard_msgs/action/detail) by extension 'cmake'
[1.023s] Level 1:colcon.colcon_core.package_identification:_identify(workspace/ros_ur_driver/src/install/ur_dashboard_msgs/include/ur_dashboard_msgs/ur_dashboard_msgs/action/detail) by extension 'python'
[1.023s] Level 1:colcon.colcon_core.package_identification:_identify(workspace/ros_ur_driver/src/install/ur_dashboard_msgs/include/ur_dashboard_msgs/ur_dashboard_msgs/action/detail) by extensions ['python_setup_py']
[1.023s] Level 1:colcon.colcon_core.package_identification:_identify(workspace/ros_ur_driver/src/install/ur_dashboard_msgs/include/ur_dashboard_msgs/ur_dashboard_msgs/action/detail) by extension 'python_setup_py'
[1.024s] Level 1:colcon.colcon_core.package_identification:_identify(workspace/ros_ur_driver/src/install/ur_dashboard_msgs/include/ur_dashboard_msgs/ur_dashboard_msgs/action/detail/dds_fastrtps) by extensions ['ignore', 'ignore_ament_install']
[1.024s] Level 1:colcon.colcon_core.package_identification:_identify(workspace/ros_ur_driver/src/install/ur_dashboard_msgs/include/ur_dashboard_msgs/ur_dashboard_msgs/action/detail/dds_fastrtps) by extension 'ignore'
[1.024s] Level 1:colcon.colcon_core.package_identification:_identify(workspace/ros_ur_driver/src/install/ur_dashboard_msgs/include/ur_dashboard_msgs/ur_dashboard_msgs/action/detail/dds_fastrtps) by extension 'ignore_ament_install'
[1.024s] Level 1:colcon.colcon_core.package_identification:_identify(workspace/ros_ur_driver/src/install/ur_dashboard_msgs/include/ur_dashboard_msgs/ur_dashboard_msgs/action/detail/dds_fastrtps) by extensions ['colcon_pkg']
[1.024s] Level 1:colcon.colcon_core.package_identification:_identify(workspace/ros_ur_driver/src/install/ur_dashboard_msgs/include/ur_dashboard_msgs/ur_dashboard_msgs/action/detail/dds_fastrtps) by extension 'colcon_pkg'
[1.024s] Level 1:colcon.colcon_core.package_identification:_identify(workspace/ros_ur_driver/src/install/ur_dashboard_msgs/include/ur_dashboard_msgs/ur_dashboard_msgs/action/detail/dds_fastrtps) by extensions ['colcon_meta']
[1.024s] Level 1:colcon.colcon_core.package_identification:_identify(workspace/ros_ur_driver/src/install/ur_dashboard_msgs/include/ur_dashboard_msgs/ur_dashboard_msgs/action/detail/dds_fastrtps) by extension 'colcon_meta'
[1.024s] Level 1:colcon.colcon_core.package_identification:_identify(workspace/ros_ur_driver/src/install/ur_dashboard_msgs/include/ur_dashboard_msgs/ur_dashboard_msgs/action/detail/dds_fastrtps) by extensions ['ros']
[1.024s] Level 1:colcon.colcon_core.package_identification:_identify(workspace/ros_ur_driver/src/install/ur_dashboard_msgs/include/ur_dashboard_msgs/ur_dashboard_msgs/action/detail/dds_fastrtps) by extension 'ros'
[1.024s] Level 1:colcon.colcon_core.package_identification:_identify(workspace/ros_ur_driver/src/install/ur_dashboard_msgs/include/ur_dashboard_msgs/ur_dashboard_msgs/action/detail/dds_fastrtps) by extensions ['cmake', 'python']
[1.024s] Level 1:colcon.colcon_core.package_identification:_identify(workspace/ros_ur_driver/src/install/ur_dashboard_msgs/include/ur_dashboard_msgs/ur_dashboard_msgs/action/detail/dds_fastrtps) by extension 'cmake'
[1.024s] Level 1:colcon.colcon_core.package_identification:_identify(workspace/ros_ur_driver/src/install/ur_dashboard_msgs/include/ur_dashboard_msgs/ur_dashboard_msgs/action/detail/dds_fastrtps) by extension 'python'
[1.024s] Level 1:colcon.colcon_core.package_identification:_identify(workspace/ros_ur_driver/src/install/ur_dashboard_msgs/include/ur_dashboard_msgs/ur_dashboard_msgs/action/detail/dds_fastrtps) by extensions ['python_setup_py']
[1.024s] Level 1:colcon.colcon_core.package_identification:_identify(workspace/ros_ur_driver/src/install/ur_dashboard_msgs/include/ur_dashboard_msgs/ur_dashboard_msgs/action/detail/dds_fastrtps) by extension 'python_setup_py'
[1.025s] Level 1:colcon.colcon_core.package_identification:_identify(workspace/ros_ur_driver/src/install/ur_dashboard_msgs/include/ur_dashboard_msgs/ur_dashboard_msgs/msg) by extensions ['ignore', 'ignore_ament_install']
[1.025s] Level 1:colcon.colcon_core.package_identification:_identify(workspace/ros_ur_driver/src/install/ur_dashboard_msgs/include/ur_dashboard_msgs/ur_dashboard_msgs/msg) by extension 'ignore'
[1.025s] Level 1:colcon.colcon_core.package_identification:_identify(workspace/ros_ur_driver/src/install/ur_dashboard_msgs/include/ur_dashboard_msgs/ur_dashboard_msgs/msg) by extension 'ignore_ament_install'
[1.025s] Level 1:colcon.colcon_core.package_identification:_identify(workspace/ros_ur_driver/src/install/ur_dashboard_msgs/include/ur_dashboard_msgs/ur_dashboard_msgs/msg) by extensions ['colcon_pkg']
[1.025s] Level 1:colcon.colcon_core.package_identification:_identify(workspace/ros_ur_driver/src/install/ur_dashboard_msgs/include/ur_dashboard_msgs/ur_dashboard_msgs/msg) by extension 'colcon_pkg'
[1.025s] Level 1:colcon.colcon_core.package_identification:_identify(workspace/ros_ur_driver/src/install/ur_dashboard_msgs/include/ur_dashboard_msgs/ur_dashboard_msgs/msg) by extensions ['colcon_meta']
[1.025s] Level 1:colcon.colcon_core.package_identification:_identify(workspace/ros_ur_driver/src/install/ur_dashboard_msgs/include/ur_dashboard_msgs/ur_dashboard_msgs/msg) by extension 'colcon_meta'
[1.025s] Level 1:colcon.colcon_core.package_identification:_identify(workspace/ros_ur_driver/src/install/ur_dashboard_msgs/include/ur_dashboard_msgs/ur_dashboard_msgs/msg) by extensions ['ros']
[1.025s] Level 1:colcon.colcon_core.package_identification:_identify(workspace/ros_ur_driver/src/install/ur_dashboard_msgs/include/ur_dashboard_msgs/ur_dashboard_msgs/msg) by extension 'ros'
[1.025s] Level 1:colcon.colcon_core.package_identification:_identify(workspace/ros_ur_driver/src/install/ur_dashboard_msgs/include/ur_dashboard_msgs/ur_dashboard_msgs/msg) by extensions ['cmake', 'python']
[1.025s] Level 1:colcon.colcon_core.package_identification:_identify(workspace/ros_ur_driver/src/install/ur_dashboard_msgs/include/ur_dashboard_msgs/ur_dashboard_msgs/msg) by extension 'cmake'
[1.025s] Level 1:colcon.colcon_core.package_identification:_identify(workspace/ros_ur_driver/src/install/ur_dashboard_msgs/include/ur_dashboard_msgs/ur_dashboard_msgs/msg) by extension 'python'
[1.025s] Level 1:colcon.colcon_core.package_identification:_identify(workspace/ros_ur_driver/src/install/ur_dashboard_msgs/include/ur_dashboard_msgs/ur_dashboard_msgs/msg) by extensions ['python_setup_py']
[1.025s] Level 1:colcon.colcon_core.package_identification:_identify(workspace/ros_ur_driver/src/install/ur_dashboard_msgs/include/ur_dashboard_msgs/ur_dashboard_msgs/msg) by extension 'python_setup_py'
[1.025s] Level 1:colcon.colcon_core.package_identification:_identify(workspace/ros_ur_driver/src/install/ur_dashboard_msgs/include/ur_dashboard_msgs/ur_dashboard_msgs/msg/detail) by extensions ['ignore', 'ignore_ament_install']
[1.025s] Level 1:colcon.colcon_core.package_identification:_identify(workspace/ros_ur_driver/src/install/ur_dashboard_msgs/include/ur_dashboard_msgs/ur_dashboard_msgs/msg/detail) by extension 'ignore'
[1.026s] Level 1:colcon.colcon_core.package_identification:_identify(workspace/ros_ur_driver/src/install/ur_dashboard_msgs/include/ur_dashboard_msgs/ur_dashboard_msgs/msg/detail) by extension 'ignore_ament_install'
[1.026s] Level 1:colcon.colcon_core.package_identification:_identify(workspace/ros_ur_driver/src/install/ur_dashboard_msgs/include/ur_dashboard_msgs/ur_dashboard_msgs/msg/detail) by extensions ['colcon_pkg']
[1.026s] Level 1:colcon.colcon_core.package_identification:_identify(workspace/ros_ur_driver/src/install/ur_dashboard_msgs/include/ur_dashboard_msgs/ur_dashboard_msgs/msg/detail) by extension 'colcon_pkg'
[1.026s] Level 1:colcon.colcon_core.package_identification:_identify(workspace/ros_ur_driver/src/install/ur_dashboard_msgs/include/ur_dashboard_msgs/ur_dashboard_msgs/msg/detail) by extensions ['colcon_meta']
[1.026s] Level 1:colcon.colcon_core.package_identification:_identify(workspace/ros_ur_driver/src/install/ur_dashboard_msgs/include/ur_dashboard_msgs/ur_dashboard_msgs/msg/detail) by extension 'colcon_meta'
[1.026s] Level 1:colcon.colcon_core.package_identification:_identify(workspace/ros_ur_driver/src/install/ur_dashboard_msgs/include/ur_dashboard_msgs/ur_dashboard_msgs/msg/detail) by extensions ['ros']
[1.026s] Level 1:colcon.colcon_core.package_identification:_identify(workspace/ros_ur_driver/src/install/ur_dashboard_msgs/include/ur_dashboard_msgs/ur_dashboard_msgs/msg/detail) by extension 'ros'
[1.026s] Level 1:colcon.colcon_core.package_identification:_identify(workspace/ros_ur_driver/src/install/ur_dashboard_msgs/include/ur_dashboard_msgs/ur_dashboard_msgs/msg/detail) by extensions ['cmake', 'python']
[1.026s] Level 1:colcon.colcon_core.package_identification:_identify(workspace/ros_ur_driver/src/install/ur_dashboard_msgs/include/ur_dashboard_msgs/ur_dashboard_msgs/msg/detail) by extension 'cmake'
[1.026s] Level 1:colcon.colcon_core.package_identification:_identify(workspace/ros_ur_driver/src/install/ur_dashboard_msgs/include/ur_dashboard_msgs/ur_dashboard_msgs/msg/detail) by extension 'python'
[1.026s] Level 1:colcon.colcon_core.package_identification:_identify(workspace/ros_ur_driver/src/install/ur_dashboard_msgs/include/ur_dashboard_msgs/ur_dashboard_msgs/msg/detail) by extensions ['python_setup_py']
[1.026s] Level 1:colcon.colcon_core.package_identification:_identify(workspace/ros_ur_driver/src/install/ur_dashboard_msgs/include/ur_dashboard_msgs/ur_dashboard_msgs/msg/detail) by extension 'python_setup_py'
[1.026s] Level 1:colcon.colcon_core.package_identification:_identify(workspace/ros_ur_driver/src/install/ur_dashboard_msgs/include/ur_dashboard_msgs/ur_dashboard_msgs/msg/detail/dds_fastrtps) by extensions ['ignore', 'ignore_ament_install']
[1.026s] Level 1:colcon.colcon_core.package_identification:_identify(workspace/ros_ur_driver/src/install/ur_dashboard_msgs/include/ur_dashboard_msgs/ur_dashboard_msgs/msg/detail/dds_fastrtps) by extension 'ignore'
[1.026s] Level 1:colcon.colcon_core.package_identification:_identify(workspace/ros_ur_driver/src/install/ur_dashboard_msgs/include/ur_dashboard_msgs/ur_dashboard_msgs/msg/detail/dds_fastrtps) by extension 'ignore_ament_install'
[1.026s] Level 1:colcon.colcon_core.package_identification:_identify(workspace/ros_ur_driver/src/install/ur_dashboard_msgs/include/ur_dashboard_msgs/ur_dashboard_msgs/msg/detail/dds_fastrtps) by extensions ['colcon_pkg']
[1.027s] Level 1:colcon.colcon_core.package_identification:_identify(workspace/ros_ur_driver/src/install/ur_dashboard_msgs/include/ur_dashboard_msgs/ur_dashboard_msgs/msg/detail/dds_fastrtps) by extension 'colcon_pkg'
[1.027s] Level 1:colcon.colcon_core.package_identification:_identify(workspace/ros_ur_driver/src/install/ur_dashboard_msgs/include/ur_dashboard_msgs/ur_dashboard_msgs/msg/detail/dds_fastrtps) by extensions ['colcon_meta']
[1.027s] Level 1:colcon.colcon_core.package_identification:_identify(workspace/ros_ur_driver/src/install/ur_dashboard_msgs/include/ur_dashboard_msgs/ur_dashboard_msgs/msg/detail/dds_fastrtps) by extension 'colcon_meta'
[1.027s] Level 1:colcon.colcon_core.package_identification:_identify(workspace/ros_ur_driver/src/install/ur_dashboard_msgs/include/ur_dashboard_msgs/ur_dashboard_msgs/msg/detail/dds_fastrtps) by extensions ['ros']
[1.027s] Level 1:colcon.colcon_core.package_identification:_identify(workspace/ros_ur_driver/src/install/ur_dashboard_msgs/include/ur_dashboard_msgs/ur_dashboard_msgs/msg/detail/dds_fastrtps) by extension 'ros'
[1.027s] Level 1:colcon.colcon_core.package_identification:_identify(workspace/ros_ur_driver/src/install/ur_dashboard_msgs/include/ur_dashboard_msgs/ur_dashboard_msgs/msg/detail/dds_fastrtps) by extensions ['cmake', 'python']
[1.027s] Level 1:colcon.colcon_core.package_identification:_identify(workspace/ros_ur_driver/src/install/ur_dashboard_msgs/include/ur_dashboard_msgs/ur_dashboard_msgs/msg/detail/dds_fastrtps) by extension 'cmake'
[1.027s] Level 1:colcon.colcon_core.package_identification:_identify(workspace/ros_ur_driver/src/install/ur_dashboard_msgs/include/ur_dashboard_msgs/ur_dashboard_msgs/msg/detail/dds_fastrtps) by extension 'python'
[1.027s] Level 1:colcon.colcon_core.package_identification:_identify(workspace/ros_ur_driver/src/install/ur_dashboard_msgs/include/ur_dashboard_msgs/ur_dashboard_msgs/msg/detail/dds_fastrtps) by extensions ['python_setup_py']
[1.027s] Level 1:colcon.colcon_core.package_identification:_identify(workspace/ros_ur_driver/src/install/ur_dashboard_msgs/include/ur_dashboard_msgs/ur_dashboard_msgs/msg/detail/dds_fastrtps) by extension 'python_setup_py'
[1.027s] Level 1:colcon.colcon_core.package_identification:_identify(workspace/ros_ur_driver/src/install/ur_dashboard_msgs/include/ur_dashboard_msgs/ur_dashboard_msgs/srv) by extensions ['ignore', 'ignore_ament_install']
[1.027s] Level 1:colcon.colcon_core.package_identification:_identify(workspace/ros_ur_driver/src/install/ur_dashboard_msgs/include/ur_dashboard_msgs/ur_dashboard_msgs/srv) by extension 'ignore'
[1.027s] Level 1:colcon.colcon_core.package_identification:_identify(workspace/ros_ur_driver/src/install/ur_dashboard_msgs/include/ur_dashboard_msgs/ur_dashboard_msgs/srv) by extension 'ignore_ament_install'
[1.027s] Level 1:colcon.colcon_core.package_identification:_identify(workspace/ros_ur_driver/src/install/ur_dashboard_msgs/include/ur_dashboard_msgs/ur_dashboard_msgs/srv) by extensions ['colcon_pkg']
[1.027s] Level 1:colcon.colcon_core.package_identification:_identify(workspace/ros_ur_driver/src/install/ur_dashboard_msgs/include/ur_dashboard_msgs/ur_dashboard_msgs/srv) by extension 'colcon_pkg'
[1.027s] Level 1:colcon.colcon_core.package_identification:_identify(workspace/ros_ur_driver/src/install/ur_dashboard_msgs/include/ur_dashboard_msgs/ur_dashboard_msgs/srv) by extensions ['colcon_meta']
[1.027s] Level 1:colcon.colcon_core.package_identification:_identify(workspace/ros_ur_driver/src/install/ur_dashboard_msgs/include/ur_dashboard_msgs/ur_dashboard_msgs/srv) by extension 'colcon_meta'
[1.028s] Level 1:colcon.colcon_core.package_identification:_identify(workspace/ros_ur_driver/src/install/ur_dashboard_msgs/include/ur_dashboard_msgs/ur_dashboard_msgs/srv) by extensions ['ros']
[1.028s] Level 1:colcon.colcon_core.package_identification:_identify(workspace/ros_ur_driver/src/install/ur_dashboard_msgs/include/ur_dashboard_msgs/ur_dashboard_msgs/srv) by extension 'ros'
[1.028s] Level 1:colcon.colcon_core.package_identification:_identify(workspace/ros_ur_driver/src/install/ur_dashboard_msgs/include/ur_dashboard_msgs/ur_dashboard_msgs/srv) by extensions ['cmake', 'python']
[1.028s] Level 1:colcon.colcon_core.package_identification:_identify(workspace/ros_ur_driver/src/install/ur_dashboard_msgs/include/ur_dashboard_msgs/ur_dashboard_msgs/srv) by extension 'cmake'
[1.028s] Level 1:colcon.colcon_core.package_identification:_identify(workspace/ros_ur_driver/src/install/ur_dashboard_msgs/include/ur_dashboard_msgs/ur_dashboard_msgs/srv) by extension 'python'
[1.028s] Level 1:colcon.colcon_core.package_identification:_identify(workspace/ros_ur_driver/src/install/ur_dashboard_msgs/include/ur_dashboard_msgs/ur_dashboard_msgs/srv) by extensions ['python_setup_py']
[1.028s] Level 1:colcon.colcon_core.package_identification:_identify(workspace/ros_ur_driver/src/install/ur_dashboard_msgs/include/ur_dashboard_msgs/ur_dashboard_msgs/srv) by extension 'python_setup_py'
[1.028s] Level 1:colcon.colcon_core.package_identification:_identify(workspace/ros_ur_driver/src/install/ur_dashboard_msgs/include/ur_dashboard_msgs/ur_dashboard_msgs/srv/detail) by extensions ['ignore', 'ignore_ament_install']
[1.029s] Level 1:colcon.colcon_core.package_identification:_identify(workspace/ros_ur_driver/src/install/ur_dashboard_msgs/include/ur_dashboard_msgs/ur_dashboard_msgs/srv/detail) by extension 'ignore'
[1.029s] Level 1:colcon.colcon_core.package_identification:_identify(workspace/ros_ur_driver/src/install/ur_dashboard_msgs/include/ur_dashboard_msgs/ur_dashboard_msgs/srv/detail) by extension 'ignore_ament_install'
[1.029s] Level 1:colcon.colcon_core.package_identification:_identify(workspace/ros_ur_driver/src/install/ur_dashboard_msgs/include/ur_dashboard_msgs/ur_dashboard_msgs/srv/detail) by extensions ['colcon_pkg']
[1.029s] Level 1:colcon.colcon_core.package_identification:_identify(workspace/ros_ur_driver/src/install/ur_dashboard_msgs/include/ur_dashboard_msgs/ur_dashboard_msgs/srv/detail) by extension 'colcon_pkg'
[1.029s] Level 1:colcon.colcon_core.package_identification:_identify(workspace/ros_ur_driver/src/install/ur_dashboard_msgs/include/ur_dashboard_msgs/ur_dashboard_msgs/srv/detail) by extensions ['colcon_meta']
[1.029s] Level 1:colcon.colcon_core.package_identification:_identify(workspace/ros_ur_driver/src/install/ur_dashboard_msgs/include/ur_dashboard_msgs/ur_dashboard_msgs/srv/detail) by extension 'colcon_meta'
[1.030s] Level 1:colcon.colcon_core.package_identification:_identify(workspace/ros_ur_driver/src/install/ur_dashboard_msgs/include/ur_dashboard_msgs/ur_dashboard_msgs/srv/detail) by extensions ['ros']
[1.030s] Level 1:colcon.colcon_core.package_identification:_identify(workspace/ros_ur_driver/src/install/ur_dashboard_msgs/include/ur_dashboard_msgs/ur_dashboard_msgs/srv/detail) by extension 'ros'
[1.030s] Level 1:colcon.colcon_core.package_identification:_identify(workspace/ros_ur_driver/src/install/ur_dashboard_msgs/include/ur_dashboard_msgs/ur_dashboard_msgs/srv/detail) by extensions ['cmake', 'python']
[1.030s] Level 1:colcon.colcon_core.package_identification:_identify(workspace/ros_ur_driver/src/install/ur_dashboard_msgs/include/ur_dashboard_msgs/ur_dashboard_msgs/srv/detail) by extension 'cmake'
[1.030s] Level 1:colcon.colcon_core.package_identification:_identify(workspace/ros_ur_driver/src/install/ur_dashboard_msgs/include/ur_dashboard_msgs/ur_dashboard_msgs/srv/detail) by extension 'python'
[1.030s] Level 1:colcon.colcon_core.package_identification:_identify(workspace/ros_ur_driver/src/install/ur_dashboard_msgs/include/ur_dashboard_msgs/ur_dashboard_msgs/srv/detail) by extensions ['python_setup_py']
[1.030s] Level 1:colcon.colcon_core.package_identification:_identify(workspace/ros_ur_driver/src/install/ur_dashboard_msgs/include/ur_dashboard_msgs/ur_dashboard_msgs/srv/detail) by extension 'python_setup_py'
[1.030s] Level 1:colcon.colcon_core.package_identification:_identify(workspace/ros_ur_driver/src/install/ur_dashboard_msgs/include/ur_dashboard_msgs/ur_dashboard_msgs/srv/detail/dds_fastrtps) by extensions ['ignore', 'ignore_ament_install']
[1.030s] Level 1:colcon.colcon_core.package_identification:_identify(workspace/ros_ur_driver/src/install/ur_dashboard_msgs/include/ur_dashboard_msgs/ur_dashboard_msgs/srv/detail/dds_fastrtps) by extension 'ignore'
[1.030s] Level 1:colcon.colcon_core.package_identification:_identify(workspace/ros_ur_driver/src/install/ur_dashboard_msgs/include/ur_dashboard_msgs/ur_dashboard_msgs/srv/detail/dds_fastrtps) by extension 'ignore_ament_install'
[1.030s] Level 1:colcon.colcon_core.package_identification:_identify(workspace/ros_ur_driver/src/install/ur_dashboard_msgs/include/ur_dashboard_msgs/ur_dashboard_msgs/srv/detail/dds_fastrtps) by extensions ['colcon_pkg']
[1.030s] Level 1:colcon.colcon_core.package_identification:_identify(workspace/ros_ur_driver/src/install/ur_dashboard_msgs/include/ur_dashboard_msgs/ur_dashboard_msgs/srv/detail/dds_fastrtps) by extension 'colcon_pkg'
[1.030s] Level 1:colcon.colcon_core.package_identification:_identify(workspace/ros_ur_driver/src/install/ur_dashboard_msgs/include/ur_dashboard_msgs/ur_dashboard_msgs/srv/detail/dds_fastrtps) by extensions ['colcon_meta']
[1.030s] Level 1:colcon.colcon_core.package_identification:_identify(workspace/ros_ur_driver/src/install/ur_dashboard_msgs/include/ur_dashboard_msgs/ur_dashboard_msgs/srv/detail/dds_fastrtps) by extension 'colcon_meta'
[1.031s] Level 1:colcon.colcon_core.package_identification:_identify(workspace/ros_ur_driver/src/install/ur_dashboard_msgs/include/ur_dashboard_msgs/ur_dashboard_msgs/srv/detail/dds_fastrtps) by extensions ['ros']
[1.031s] Level 1:colcon.colcon_core.package_identification:_identify(workspace/ros_ur_driver/src/install/ur_dashboard_msgs/include/ur_dashboard_msgs/ur_dashboard_msgs/srv/detail/dds_fastrtps) by extension 'ros'
[1.048s] Level 1:colcon.colcon_core.package_identification:_identify(workspace/ros_ur_driver/src/install/ur_dashboard_msgs/include/ur_dashboard_msgs/ur_dashboard_msgs/srv/detail/dds_fastrtps) by extensions ['cmake', 'python']
[1.048s] Level 1:colcon.colcon_core.package_identification:_identify(workspace/ros_ur_driver/src/install/ur_dashboard_msgs/include/ur_dashboard_msgs/ur_dashboard_msgs/srv/detail/dds_fastrtps) by extension 'cmake'
[1.048s] Level 1:colcon.colcon_core.package_identification:_identify(workspace/ros_ur_driver/src/install/ur_dashboard_msgs/include/ur_dashboard_msgs/ur_dashboard_msgs/srv/detail/dds_fastrtps) by extension 'python'
[1.048s] Level 1:colcon.colcon_core.package_identification:_identify(workspace/ros_ur_driver/src/install/ur_dashboard_msgs/include/ur_dashboard_msgs/ur_dashboard_msgs/srv/detail/dds_fastrtps) by extensions ['python_setup_py']
[1.048s] Level 1:colcon.colcon_core.package_identification:_identify(workspace/ros_ur_driver/src/install/ur_dashboard_msgs/include/ur_dashboard_msgs/ur_dashboard_msgs/srv/detail/dds_fastrtps) by extension 'python_setup_py'
[1.048s] Level 1:colcon.colcon_core.package_identification:_identify(workspace/ros_ur_driver/src/rutine_launcher) by extensions ['ignore', 'ignore_ament_install']
[1.048s] Level 1:colcon.colcon_core.package_identification:_identify(workspace/ros_ur_driver/src/rutine_launcher) by extension 'ignore'
[1.048s] Level 1:colcon.colcon_core.package_identification:_identify(workspace/ros_ur_driver/src/rutine_launcher) by extension 'ignore_ament_install'
[1.048s] Level 1:colcon.colcon_core.package_identification:_identify(workspace/ros_ur_driver/src/rutine_launcher) by extensions ['colcon_pkg']
[1.048s] Level 1:colcon.colcon_core.package_identification:_identify(workspace/ros_ur_driver/src/rutine_launcher) by extension 'colcon_pkg'
[1.048s] Level 1:colcon.colcon_core.package_identification:_identify(workspace/ros_ur_driver/src/rutine_launcher) by extensions ['colcon_meta']
[1.048s] Level 1:colcon.colcon_core.package_identification:_identify(workspace/ros_ur_driver/src/rutine_launcher) by extension 'colcon_meta'
[1.048s] Level 1:colcon.colcon_core.package_identification:_identify(workspace/ros_ur_driver/src/rutine_launcher) by extensions ['ros']
[1.049s] Level 1:colcon.colcon_core.package_identification:_identify(workspace/ros_ur_driver/src/rutine_launcher) by extension 'ros'
[1.049s] DEBUG:colcon.colcon_core.package_identification:Package 'workspace/ros_ur_driver/src/rutine_launcher' with type 'ros.ament_python' and name 'rutine_launcher'
[1.049s] Level 1:colcon.colcon_core.package_identification:_identify(workspace/ros_ur_driver/src/trayectories) by extensions ['ignore', 'ignore_ament_install']
[1.049s] Level 1:colcon.colcon_core.package_identification:_identify(workspace/ros_ur_driver/src/trayectories) by extension 'ignore'
[1.049s] Level 1:colcon.colcon_core.package_identification:_identify(workspace/ros_ur_driver/src/trayectories) by extension 'ignore_ament_install'
[1.050s] Level 1:colcon.colcon_core.package_identification:_identify(workspace/ros_ur_driver/src/trayectories) by extensions ['colcon_pkg']
[1.050s] Level 1:colcon.colcon_core.package_identification:_identify(workspace/ros_ur_driver/src/trayectories) by extension 'colcon_pkg'
[1.050s] Level 1:colcon.colcon_core.package_identification:_identify(workspace/ros_ur_driver/src/trayectories) by extensions ['colcon_meta']
[1.050s] Level 1:colcon.colcon_core.package_identification:_identify(workspace/ros_ur_driver/src/trayectories) by extension 'colcon_meta'
[1.050s] Level 1:colcon.colcon_core.package_identification:_identify(workspace/ros_ur_driver/src/trayectories) by extensions ['ros']
[1.050s] Level 1:colcon.colcon_core.package_identification:_identify(workspace/ros_ur_driver/src/trayectories) by extension 'ros'
[1.050s] DEBUG:colcon.colcon_core.package_identification:Package 'workspace/ros_ur_driver/src/trayectories' with type 'ros.ament_python' and name 'trayectories'
[1.050s] Level 1:colcon.colcon_core.package_discovery:discover_packages(recursive) using defaults
[1.051s] Level 1:colcon.colcon_core.package_discovery:discover_packages(ignore) discover
[1.051s] Level 1:colcon.colcon_core.package_discovery:discover_packages(ignore) using defaults
[1.051s] Level 1:colcon.colcon_core.package_discovery:discover_packages(path) discover
[1.051s] Level 1:colcon.colcon_core.package_discovery:discover_packages(path) using defaults
[1.149s] Level 1:colcon.colcon_core.package_discovery:discover_packages(prefix_path) check parameters
[1.149s] Level 1:colcon.colcon_core.package_discovery:discover_packages(prefix_path) discover
[1.152s] DEBUG:colcon.colcon_installed_package_information.package_discovery:Found 12 installed packages in /home/adela/TFM_AdelaJimenez/workspace/ros_ur_driver/install
[1.153s] DEBUG:colcon.colcon_installed_package_information.package_discovery:Found 12 installed packages in /home/adela/TFM_MiguelLerinAlonso/workspace/ros_ur_driver/install
[1.155s] DEBUG:colcon.colcon_installed_package_information.package_discovery:Found 8 installed packages in /home/adela/workspace/ros_ur_driver/install
[1.157s] DEBUG:colcon.colcon_installed_package_information.package_discovery:Found 349 installed packages in /opt/ros/humble
[1.176s] Level 1:colcon.colcon_core.package_discovery:discover_packages(prefix_path) using defaults
[1.286s] Level 5:colcon.colcon_core.verb:set package 'build_platform' build argument 'cmake_args' from command line to 'None'
[1.291s] Level 5:colcon.colcon_core.verb:set package 'build_platform' build argument 'cmake_target' from command line to 'None'
[1.291s] Level 5:colcon.colcon_core.verb:set package 'build_platform' build argument 'cmake_target_skip_unavailable' from command line to 'False'
[1.291s] Level 5:colcon.colcon_core.verb:set package 'build_platform' build argument 'cmake_clean_cache' from command line to 'False'
[1.291s] Level 5:colcon.colcon_core.verb:set package 'build_platform' build argument 'cmake_clean_first' from command line to 'False'
[1.291s] Level 5:colcon.colcon_core.verb:set package 'build_platform' build argument 'cmake_force_configure' from command line to 'False'
[1.291s] Level 5:colcon.colcon_core.verb:set package 'build_platform' build argument 'ament_cmake_args' from command line to 'None'
[1.292s] Level 5:colcon.colcon_core.verb:set package 'build_platform' build argument 'catkin_cmake_args' from command line to 'None'
[1.292s] Level 5:colcon.colcon_core.verb:set package 'build_platform' build argument 'catkin_skip_building_tests' from command line to 'False'
[1.292s] DEBUG:colcon.colcon_core.verb:Building package 'build_platform' with the following arguments: {'ament_cmake_args': None, 'build_base': '/home/adela/TFM_AdelaJimenez/build/build_platform', 'catkin_cmake_args': None, 'catkin_skip_building_tests': False, 'cmake_args': None, 'cmake_clean_cache': False, 'cmake_clean_first': False, 'cmake_force_configure': False, 'cmake_target': None, 'cmake_target_skip_unavailable': False, 'install_base': '/home/adela/TFM_AdelaJimenez/install/build_platform', 'merge_install': False, 'path': '/home/adela/TFM_AdelaJimenez/workspace/ros_ur_driver/src/build_platform', 'symlink_install': False, 'test_result_base': None}
[1.292s] Level 5:colcon.colcon_core.verb:set package 'data_logger' build argument 'cmake_args' from command line to 'None'
[1.292s] Level 5:colcon.colcon_core.verb:set package 'data_logger' build argument 'cmake_target' from command line to 'None'
[1.292s] Level 5:colcon.colcon_core.verb:set package 'data_logger' build argument 'cmake_target_skip_unavailable' from command line to 'False'
[1.292s] Level 5:colcon.colcon_core.verb:set package 'data_logger' build argument 'cmake_clean_cache' from command line to 'False'
[1.292s] Level 5:colcon.colcon_core.verb:set package 'data_logger' build argument 'cmake_clean_first' from command line to 'False'
[1.292s] Level 5:colcon.colcon_core.verb:set package 'data_logger' build argument 'cmake_force_configure' from command line to 'False'
[1.292s] Level 5:colcon.colcon_core.verb:set package 'data_logger' build argument 'ament_cmake_args' from command line to 'None'
[1.292s] Level 5:colcon.colcon_core.verb:set package 'data_logger' build argument 'catkin_cmake_args' from command line to 'None'
[1.293s] Level 5:colcon.colcon_core.verb:set package 'data_logger' build argument 'catkin_skip_building_tests' from command line to 'False'
[1.293s] DEBUG:colcon.colcon_core.verb:Building package 'data_logger' with the following arguments: {'ament_cmake_args': None, 'build_base': '/home/adela/TFM_AdelaJimenez/build/data_logger', 'catkin_cmake_args': None, 'catkin_skip_building_tests': False, 'cmake_args': None, 'cmake_clean_cache': False, 'cmake_clean_first': False, 'cmake_force_configure': False, 'cmake_target': None, 'cmake_target_skip_unavailable': False, 'install_base': '/home/adela/TFM_AdelaJimenez/install/data_logger', 'merge_install': False, 'path': '/home/adela/TFM_AdelaJimenez/workspace/ros_ur_driver/src/data_logger', 'symlink_install': False, 'test_result_base': None}
[1.295s] Level 5:colcon.colcon_core.verb:set package 'rutine_launcher' build argument 'cmake_args' from command line to 'None'
[1.295s] Level 5:colcon.colcon_core.verb:set package 'rutine_launcher' build argument 'cmake_target' from command line to 'None'
[1.295s] Level 5:colcon.colcon_core.verb:set package 'rutine_launcher' build argument 'cmake_target_skip_unavailable' from command line to 'False'
[1.295s] Level 5:colcon.colcon_core.verb:set package 'rutine_launcher' build argument 'cmake_clean_cache' from command line to 'False'
[1.295s] Level 5:colcon.colcon_core.verb:set package 'rutine_launcher' build argument 'cmake_clean_first' from command line to 'False'
[1.295s] Level 5:colcon.colcon_core.verb:set package 'rutine_launcher' build argument 'cmake_force_configure' from command line to 'False'
[1.295s] Level 5:colcon.colcon_core.verb:set package 'rutine_launcher' build argument 'ament_cmake_args' from command line to 'None'
[1.295s] Level 5:colcon.colcon_core.verb:set package 'rutine_launcher' build argument 'catkin_cmake_args' from command line to 'None'
[1.295s] Level 5:colcon.colcon_core.verb:set package 'rutine_launcher' build argument 'catkin_skip_building_tests' from command line to 'False'
[1.295s] DEBUG:colcon.colcon_core.verb:Building package 'rutine_launcher' with the following arguments: {'ament_cmake_args': None, 'build_base': '/home/adela/TFM_AdelaJimenez/build/rutine_launcher', 'catkin_cmake_args': None, 'catkin_skip_building_tests': False, 'cmake_args': None, 'cmake_clean_cache': False, 'cmake_clean_first': False, 'cmake_force_configure': False, 'cmake_target': None, 'cmake_target_skip_unavailable': False, 'install_base': '/home/adela/TFM_AdelaJimenez/install/rutine_launcher', 'merge_install': False, 'path': '/home/adela/TFM_AdelaJimenez/workspace/ros_ur_driver/src/rutine_launcher', 'symlink_install': False, 'test_result_base': None}
[1.295s] Level 5:colcon.colcon_core.verb:set package 'trayectories' build argument 'cmake_args' from command line to 'None'
[1.296s] Level 5:colcon.colcon_core.verb:set package 'trayectories' build argument 'cmake_target' from command line to 'None'
[1.296s] Level 5:colcon.colcon_core.verb:set package 'trayectories' build argument 'cmake_target_skip_unavailable' from command line to 'False'
[1.296s] Level 5:colcon.colcon_core.verb:set package 'trayectories' build argument 'cmake_clean_cache' from command line to 'False'
[1.296s] Level 5:colcon.colcon_core.verb:set package 'trayectories' build argument 'cmake_clean_first' from command line to 'False'
[1.296s] Level 5:colcon.colcon_core.verb:set package 'trayectories' build argument 'cmake_force_configure' from command line to 'False'
[1.296s] Level 5:colcon.colcon_core.verb:set package 'trayectories' build argument 'ament_cmake_args' from command line to 'None'
[1.296s] Level 5:colcon.colcon_core.verb:set package 'trayectories' build argument 'catkin_cmake_args' from command line to 'None'
[1.296s] Level 5:colcon.colcon_core.verb:set package 'trayectories' build argument 'catkin_skip_building_tests' from command line to 'False'
[1.296s] DEBUG:colcon.colcon_core.verb:Building package 'trayectories' with the following arguments: {'ament_cmake_args': None, 'build_base': '/home/adela/TFM_AdelaJimenez/build/trayectories', 'catkin_cmake_args': None, 'catkin_skip_building_tests': False, 'cmake_args': None, 'cmake_clean_cache': False, 'cmake_clean_first': False, 'cmake_force_configure': False, 'cmake_target': None, 'cmake_target_skip_unavailable': False, 'install_base': '/home/adela/TFM_AdelaJimenez/install/trayectories', 'merge_install': False, 'path': '/home/adela/TFM_AdelaJimenez/workspace/ros_ur_driver/src/trayectories', 'symlink_install': False, 'test_result_base': None}
[1.296s] Level 5:colcon.colcon_core.verb:set package 'ur_dashboard_msgs' build argument 'cmake_args' from command line to 'None'
[1.296s] Level 5:colcon.colcon_core.verb:set package 'ur_dashboard_msgs' build argument 'cmake_target' from command line to 'None'
[1.296s] Level 5:colcon.colcon_core.verb:set package 'ur_dashboard_msgs' build argument 'cmake_target_skip_unavailable' from command line to 'False'
[1.296s] Level 5:colcon.colcon_core.verb:set package 'ur_dashboard_msgs' build argument 'cmake_clean_cache' from command line to 'False'
[1.296s] Level 5:colcon.colcon_core.verb:set package 'ur_dashboard_msgs' build argument 'cmake_clean_first' from command line to 'False'
[1.296s] Level 5:colcon.colcon_core.verb:set package 'ur_dashboard_msgs' build argument 'cmake_force_configure' from command line to 'False'
[1.296s] Level 5:colcon.colcon_core.verb:set package 'ur_dashboard_msgs' build argument 'ament_cmake_args' from command line to 'None'
[1.297s] Level 5:colcon.colcon_core.verb:set package 'ur_dashboard_msgs' build argument 'catkin_cmake_args' from command line to 'None'
[1.297s] Level 5:colcon.colcon_core.verb:set package 'ur_dashboard_msgs' build argument 'catkin_skip_building_tests' from command line to 'False'
[1.297s] DEBUG:colcon.colcon_core.verb:Building package 'ur_dashboard_msgs' with the following arguments: {'ament_cmake_args': None, 'build_base': '/home/adela/TFM_AdelaJimenez/build/ur_dashboard_msgs', 'catkin_cmake_args': None, 'catkin_skip_building_tests': False, 'cmake_args': None, 'cmake_clean_cache': False, 'cmake_clean_first': False, 'cmake_force_configure': False, 'cmake_target': None, 'cmake_target_skip_unavailable': False, 'install_base': '/home/adela/TFM_AdelaJimenez/install/ur_dashboard_msgs', 'merge_install': False, 'path': '/home/adela/TFM_AdelaJimenez/workspace/ros_ur_driver/src/Universal_Robots_ROS2_Driver/ur_dashboard_msgs', 'symlink_install': False, 'test_result_base': None}
[1.297s] Level 5:colcon.colcon_core.verb:set package 'ur_description' build argument 'cmake_args' from command line to 'None'
[1.297s] Level 5:colcon.colcon_core.verb:set package 'ur_description' build argument 'cmake_target' from command line to 'None'
[1.297s] Level 5:colcon.colcon_core.verb:set package 'ur_description' build argument 'cmake_target_skip_unavailable' from command line to 'False'
[1.297s] Level 5:colcon.colcon_core.verb:set package 'ur_description' build argument 'cmake_clean_cache' from command line to 'False'
[1.297s] Level 5:colcon.colcon_core.verb:set package 'ur_description' build argument 'cmake_clean_first' from command line to 'False'
[1.297s] Level 5:colcon.colcon_core.verb:set package 'ur_description' build argument 'cmake_force_configure' from command line to 'False'
[1.297s] Level 5:colcon.colcon_core.verb:set package 'ur_description' build argument 'ament_cmake_args' from command line to 'None'
[1.297s] Level 5:colcon.colcon_core.verb:set package 'ur_description' build argument 'catkin_cmake_args' from command line to 'None'
[1.297s] Level 5:colcon.colcon_core.verb:set package 'ur_description' build argument 'catkin_skip_building_tests' from command line to 'False'
[1.297s] DEBUG:colcon.colcon_core.verb:Building package 'ur_description' with the following arguments: {'ament_cmake_args': None, 'build_base': '/home/adela/TFM_AdelaJimenez/build/ur_description', 'catkin_cmake_args': None, 'catkin_skip_building_tests': False, 'cmake_args': None, 'cmake_clean_cache': False, 'cmake_clean_first': False, 'cmake_force_configure': False, 'cmake_target': None, 'cmake_target_skip_unavailable': False, 'install_base': '/home/adela/TFM_AdelaJimenez/install/ur_description', 'merge_install': False, 'path': '/home/adela/TFM_AdelaJimenez/workspace/ros_ur_driver/src/Universal_Robots_ROS2_Description', 'symlink_install': False, 'test_result_base': None}
[1.298s] Level 5:colcon.colcon_core.verb:set package 'ur_controllers' build argument 'cmake_args' from command line to 'None'
[1.298s] Level 5:colcon.colcon_core.verb:set package 'ur_controllers' build argument 'cmake_target' from command line to 'None'
[1.298s] Level 5:colcon.colcon_core.verb:set package 'ur_controllers' build argument 'cmake_target_skip_unavailable' from command line to 'False'
[1.298s] Level 5:colcon.colcon_core.verb:set package 'ur_controllers' build argument 'cmake_clean_cache' from command line to 'False'
[1.298s] Level 5:colcon.colcon_core.verb:set package 'ur_controllers' build argument 'cmake_clean_first' from command line to 'False'
[1.298s] Level 5:colcon.colcon_core.verb:set package 'ur_controllers' build argument 'cmake_force_configure' from command line to 'False'
[1.298s] Level 5:colcon.colcon_core.verb:set package 'ur_controllers' build argument 'ament_cmake_args' from command line to 'None'
[1.298s] Level 5:colcon.colcon_core.verb:set package 'ur_controllers' build argument 'catkin_cmake_args' from command line to 'None'
[1.298s] Level 5:colcon.colcon_core.verb:set package 'ur_controllers' build argument 'catkin_skip_building_tests' from command line to 'False'
[1.298s] DEBUG:colcon.colcon_core.verb:Building package 'ur_controllers' with the following arguments: {'ament_cmake_args': None, 'build_base': '/home/adela/TFM_AdelaJimenez/build/ur_controllers', 'catkin_cmake_args': None, 'catkin_skip_building_tests': False, 'cmake_args': None, 'cmake_clean_cache': False, 'cmake_clean_first': False, 'cmake_force_configure': False, 'cmake_target': None, 'cmake_target_skip_unavailable': False, 'install_base': '/home/adela/TFM_AdelaJimenez/install/ur_controllers', 'merge_install': False, 'path': '/home/adela/TFM_AdelaJimenez/workspace/ros_ur_driver/src/Universal_Robots_ROS2_Driver/ur_controllers', 'symlink_install': False, 'test_result_base': None}
[1.299s] Level 5:colcon.colcon_core.verb:set package 'ur_moveit_config' build argument 'cmake_args' from command line to 'None'
[1.299s] Level 5:colcon.colcon_core.verb:set package 'ur_moveit_config' build argument 'cmake_target' from command line to 'None'
[1.299s] Level 5:colcon.colcon_core.verb:set package 'ur_moveit_config' build argument 'cmake_target_skip_unavailable' from command line to 'False'
[1.299s] Level 5:colcon.colcon_core.verb:set package 'ur_moveit_config' build argument 'cmake_clean_cache' from command line to 'False'
[1.299s] Level 5:colcon.colcon_core.verb:set package 'ur_moveit_config' build argument 'cmake_clean_first' from command line to 'False'
[1.299s] Level 5:colcon.colcon_core.verb:set package 'ur_moveit_config' build argument 'cmake_force_configure' from command line to 'False'
[1.299s] Level 5:colcon.colcon_core.verb:set package 'ur_moveit_config' build argument 'ament_cmake_args' from command line to 'None'
[1.299s] Level 5:colcon.colcon_core.verb:set package 'ur_moveit_config' build argument 'catkin_cmake_args' from command line to 'None'
[1.299s] Level 5:colcon.colcon_core.verb:set package 'ur_moveit_config' build argument 'catkin_skip_building_tests' from command line to 'False'
[1.299s] DEBUG:colcon.colcon_core.verb:Building package 'ur_moveit_config' with the following arguments: {'ament_cmake_args': None, 'build_base': '/home/adela/TFM_AdelaJimenez/build/ur_moveit_config', 'catkin_cmake_args': None, 'catkin_skip_building_tests': False, 'cmake_args': None, 'cmake_clean_cache': False, 'cmake_clean_first': False, 'cmake_force_configure': False, 'cmake_target': None, 'cmake_target_skip_unavailable': False, 'install_base': '/home/adela/TFM_AdelaJimenez/install/ur_moveit_config', 'merge_install': False, 'path': '/home/adela/TFM_AdelaJimenez/workspace/ros_ur_driver/src/Universal_Robots_ROS2_Driver/ur_moveit_config', 'symlink_install': False, 'test_result_base': None}
[1.299s] Level 5:colcon.colcon_core.verb:set package 'ur_bringup' build argument 'cmake_args' from command line to 'None'
[1.299s] Level 5:colcon.colcon_core.verb:set package 'ur_bringup' build argument 'cmake_target' from command line to 'None'
[1.299s] Level 5:colcon.colcon_core.verb:set package 'ur_bringup' build argument 'cmake_target_skip_unavailable' from command line to 'False'
[1.299s] Level 5:colcon.colcon_core.verb:set package 'ur_bringup' build argument 'cmake_clean_cache' from command line to 'False'
[1.299s] Level 5:colcon.colcon_core.verb:set package 'ur_bringup' build argument 'cmake_clean_first' from command line to 'False'
[1.299s] Level 5:colcon.colcon_core.verb:set package 'ur_bringup' build argument 'cmake_force_configure' from command line to 'False'
[1.299s] Level 5:colcon.colcon_core.verb:set package 'ur_bringup' build argument 'ament_cmake_args' from command line to 'None'
[1.300s] Level 5:colcon.colcon_core.verb:set package 'ur_bringup' build argument 'catkin_cmake_args' from command line to 'None'
[1.300s] Level 5:colcon.colcon_core.verb:set package 'ur_bringup' build argument 'catkin_skip_building_tests' from command line to 'False'
[1.300s] DEBUG:colcon.colcon_core.verb:Building package 'ur_bringup' with the following arguments: {'ament_cmake_args': None, 'build_base': '/home/adela/TFM_AdelaJimenez/build/ur_bringup', 'catkin_cmake_args': None, 'catkin_skip_building_tests': False, 'cmake_args': None, 'cmake_clean_cache': False, 'cmake_clean_first': False, 'cmake_force_configure': False, 'cmake_target': None, 'cmake_target_skip_unavailable': False, 'install_base': '/home/adela/TFM_AdelaJimenez/install/ur_bringup', 'merge_install': False, 'path': '/home/adela/TFM_AdelaJimenez/workspace/ros_ur_driver/src/Universal_Robots_ROS2_Driver/ur_bringup', 'symlink_install': False, 'test_result_base': None}
[1.300s] Level 5:colcon.colcon_core.verb:set package 'ur_robot_driver' build argument 'cmake_args' from command line to 'None'
[1.300s] Level 5:colcon.colcon_core.verb:set package 'ur_robot_driver' build argument 'cmake_target' from command line to 'None'
[1.300s] Level 5:colcon.colcon_core.verb:set package 'ur_robot_driver' build argument 'cmake_target_skip_unavailable' from command line to 'False'
[1.300s] Level 5:colcon.colcon_core.verb:set package 'ur_robot_driver' build argument 'cmake_clean_cache' from command line to 'False'
[1.300s] Level 5:colcon.colcon_core.verb:set package 'ur_robot_driver' build argument 'cmake_clean_first' from command line to 'False'
[1.300s] Level 5:colcon.colcon_core.verb:set package 'ur_robot_driver' build argument 'cmake_force_configure' from command line to 'False'
[1.300s] Level 5:colcon.colcon_core.verb:set package 'ur_robot_driver' build argument 'ament_cmake_args' from command line to 'None'
[1.300s] Level 5:colcon.colcon_core.verb:set package 'ur_robot_driver' build argument 'catkin_cmake_args' from command line to 'None'
[1.300s] Level 5:colcon.colcon_core.verb:set package 'ur_robot_driver' build argument 'catkin_skip_building_tests' from command line to 'False'
[1.300s] DEBUG:colcon.colcon_core.verb:Building package 'ur_robot_driver' with the following arguments: {'ament_cmake_args': None, 'build_base': '/home/adela/TFM_AdelaJimenez/build/ur_robot_driver', 'catkin_cmake_args': None, 'catkin_skip_building_tests': False, 'cmake_args': None, 'cmake_clean_cache': False, 'cmake_clean_first': False, 'cmake_force_configure': False, 'cmake_target': None, 'cmake_target_skip_unavailable': False, 'install_base': '/home/adela/TFM_AdelaJimenez/install/ur_robot_driver', 'merge_install': False, 'path': '/home/adela/TFM_AdelaJimenez/workspace/ros_ur_driver/src/Universal_Robots_ROS2_Driver/ur_robot_driver', 'symlink_install': False, 'test_result_base': None}
[1.301s] Level 5:colcon.colcon_core.verb:set package 'ur_calibration' build argument 'cmake_args' from command line to 'None'
[1.301s] Level 5:colcon.colcon_core.verb:set package 'ur_calibration' build argument 'cmake_target' from command line to 'None'
[1.301s] Level 5:colcon.colcon_core.verb:set package 'ur_calibration' build argument 'cmake_target_skip_unavailable' from command line to 'False'
[1.301s] Level 5:colcon.colcon_core.verb:set package 'ur_calibration' build argument 'cmake_clean_cache' from command line to 'False'
[1.301s] Level 5:colcon.colcon_core.verb:set package 'ur_calibration' build argument 'cmake_clean_first' from command line to 'False'
[1.301s] Level 5:colcon.colcon_core.verb:set package 'ur_calibration' build argument 'cmake_force_configure' from command line to 'False'
[1.301s] Level 5:colcon.colcon_core.verb:set package 'ur_calibration' build argument 'ament_cmake_args' from command line to 'None'
[1.301s] Level 5:colcon.colcon_core.verb:set package 'ur_calibration' build argument 'catkin_cmake_args' from command line to 'None'
[1.301s] Level 5:colcon.colcon_core.verb:set package 'ur_calibration' build argument 'catkin_skip_building_tests' from command line to 'False'
[1.301s] DEBUG:colcon.colcon_core.verb:Building package 'ur_calibration' with the following arguments: {'ament_cmake_args': None, 'build_base': '/home/adela/TFM_AdelaJimenez/build/ur_calibration', 'catkin_cmake_args': None, 'catkin_skip_building_tests': False, 'cmake_args': None, 'cmake_clean_cache': False, 'cmake_clean_first': False, 'cmake_force_configure': False, 'cmake_target': None, 'cmake_target_skip_unavailable': False, 'install_base': '/home/adela/TFM_AdelaJimenez/install/ur_calibration', 'merge_install': False, 'path': '/home/adela/TFM_AdelaJimenez/workspace/ros_ur_driver/src/Universal_Robots_ROS2_Driver/ur_calibration', 'symlink_install': False, 'test_result_base': None}
[1.302s] Level 5:colcon.colcon_core.verb:set package 'ur' build argument 'cmake_args' from command line to 'None'
[1.302s] Level 5:colcon.colcon_core.verb:set package 'ur' build argument 'cmake_target' from command line to 'None'
[1.302s] Level 5:colcon.colcon_core.verb:set package 'ur' build argument 'cmake_target_skip_unavailable' from command line to 'False'
[1.302s] Level 5:colcon.colcon_core.verb:set package 'ur' build argument 'cmake_clean_cache' from command line to 'False'
[1.302s] Level 5:colcon.colcon_core.verb:set package 'ur' build argument 'cmake_clean_first' from command line to 'False'
[1.302s] Level 5:colcon.colcon_core.verb:set package 'ur' build argument 'cmake_force_configure' from command line to 'False'
[1.302s] Level 5:colcon.colcon_core.verb:set package 'ur' build argument 'ament_cmake_args' from command line to 'None'
[1.302s] Level 5:colcon.colcon_core.verb:set package 'ur' build argument 'catkin_cmake_args' from command line to 'None'
[1.302s] Level 5:colcon.colcon_core.verb:set package 'ur' build argument 'catkin_skip_building_tests' from command line to 'False'
[1.302s] DEBUG:colcon.colcon_core.verb:Building package 'ur' with the following arguments: {'ament_cmake_args': None, 'build_base': '/home/adela/TFM_AdelaJimenez/build/ur', 'catkin_cmake_args': None, 'catkin_skip_building_tests': False, 'cmake_args': None, 'cmake_clean_cache': False, 'cmake_clean_first': False, 'cmake_force_configure': False, 'cmake_target': None, 'cmake_target_skip_unavailable': False, 'install_base': '/home/adela/TFM_AdelaJimenez/install/ur', 'merge_install': False, 'path': '/home/adela/TFM_AdelaJimenez/workspace/ros_ur_driver/src/Universal_Robots_ROS2_Driver/ur', 'symlink_install': False, 'test_result_base': None}
[1.302s] INFO:colcon.colcon_core.executor:Executing jobs using 'parallel' executor
[1.313s] DEBUG:colcon.colcon_parallel_executor.executor.parallel:run_until_complete
[1.314s] INFO:colcon.colcon_ros.task.ament_cmake.build:Building ROS package in '/home/adela/TFM_AdelaJimenez/workspace/ros_ur_driver/src/Universal_Robots_ROS2_Driver/ur_dashboard_msgs' with build type 'ament_cmake'
[1.314s] INFO:colcon.colcon_cmake.task.cmake.build:Building CMake package in '/home/adela/TFM_AdelaJimenez/workspace/ros_ur_driver/src/Universal_Robots_ROS2_Driver/ur_dashboard_msgs'
[1.319s] INFO:colcon.colcon_core.plugin_system:Skipping extension 'colcon_core.shell.bat': Not used on non-Windows systems
[1.324s] INFO:colcon.colcon_core.shell:Skip shell extension 'powershell' for command environment: Not usable outside of PowerShell
[1.324s] DEBUG:colcon.colcon_core.shell:Skip shell extension 'dsv' for command environment
[1.341s] INFO:colcon.colcon_ros.task.ament_cmake.build:Building ROS package in '/home/adela/TFM_AdelaJimenez/workspace/ros_ur_driver/src/Universal_Robots_ROS2_Description' with build type 'ament_cmake'
[1.341s] INFO:colcon.colcon_cmake.task.cmake.build:Building CMake package in '/home/adela/TFM_AdelaJimenez/workspace/ros_ur_driver/src/Universal_Robots_ROS2_Description'
[1.346s] INFO:colcon.colcon_core.shell:Skip shell extension 'powershell' for command environment: Not usable outside of PowerShell
[1.348s] DEBUG:colcon.colcon_core.shell:Skip shell extension 'dsv' for command environment
[1.414s] DEBUG:colcon.colcon_core.event_handler.log_command:Invoking command in '/home/adela/TFM_AdelaJimenez/build/ur_dashboard_msgs': CMAKE_PREFIX_PATH=${CMAKE_PREFIX_PATH}:/home/adela/TFM_AdelaJimenez/workspace/ros_ur_driver/install/trayectories:/home/adela/TFM_AdelaJimenez/workspace/ros_ur_driver/install/rutine_launcher:/home/adela/TFM_AdelaJimenez/workspace/ros_ur_driver/install/data_logger:/home/adela/TFM_AdelaJimenez/workspace/ros_ur_driver/install/build_platform:/home/adela/TFM_MiguelLerinAlonso/workspace/ros_ur_driver/install/trayectories:/home/adela/TFM_MiguelLerinAlonso/workspace/ros_ur_driver/install/rutine_launcher:/home/adela/TFM_MiguelLerinAlonso/workspace/ros_ur_driver/install/data_logger:/home/adela/TFM_MiguelLerinAlonso/workspace/ros_ur_driver/install/build_platform:/opt/ros/humble /usr/bin/cmake --build /home/adela/TFM_AdelaJimenez/build/ur_dashboard_msgs -- -j2 -l2
[1.438s] DEBUG:colcon.colcon_core.event_handler.log_command:Invoking command in '/home/adela/TFM_AdelaJimenez/build/ur_description': CMAKE_PREFIX_PATH=${CMAKE_PREFIX_PATH}:/home/adela/TFM_AdelaJimenez/workspace/ros_ur_driver/install/trayectories:/home/adela/TFM_AdelaJimenez/workspace/ros_ur_driver/install/rutine_launcher:/home/adela/TFM_AdelaJimenez/workspace/ros_ur_driver/install/data_logger:/home/adela/TFM_AdelaJimenez/workspace/ros_ur_driver/install/build_platform:/home/adela/TFM_MiguelLerinAlonso/workspace/ros_ur_driver/install/trayectories:/home/adela/TFM_MiguelLerinAlonso/workspace/ros_ur_driver/install/rutine_launcher:/home/adela/TFM_MiguelLerinAlonso/workspace/ros_ur_driver/install/data_logger:/home/adela/TFM_MiguelLerinAlonso/workspace/ros_ur_driver/install/build_platform:/opt/ros/humble /usr/bin/cmake --build /home/adela/TFM_AdelaJimenez/build/ur_description -- -j2 -l2
[1.694s] DEBUG:colcon.colcon_core.event_handler.log_command:Invoked command in '/home/adela/TFM_AdelaJimenez/build/ur_description' returned '0': CMAKE_PREFIX_PATH=${CMAKE_PREFIX_PATH}:/home/adela/TFM_AdelaJimenez/workspace/ros_ur_driver/install/trayectories:/home/adela/TFM_AdelaJimenez/workspace/ros_ur_driver/install/rutine_launcher:/home/adela/TFM_AdelaJimenez/workspace/ros_ur_driver/install/data_logger:/home/adela/TFM_AdelaJimenez/workspace/ros_ur_driver/install/build_platform:/home/adela/TFM_MiguelLerinAlonso/workspace/ros_ur_driver/install/trayectories:/home/adela/TFM_MiguelLerinAlonso/workspace/ros_ur_driver/install/rutine_launcher:/home/adela/TFM_MiguelLerinAlonso/workspace/ros_ur_driver/install/data_logger:/home/adela/TFM_MiguelLerinAlonso/workspace/ros_ur_driver/install/build_platform:/opt/ros/humble /usr/bin/cmake --build /home/adela/TFM_AdelaJimenez/build/ur_description -- -j2 -l2
[1.892s] DEBUG:colcon.colcon_core.event_handler.log_command:Invoking command in '/home/adela/TFM_AdelaJimenez/build/ur_description': CMAKE_PREFIX_PATH=${CMAKE_PREFIX_PATH}:/home/adela/TFM_AdelaJimenez/workspace/ros_ur_driver/install/trayectories:/home/adela/TFM_AdelaJimenez/workspace/ros_ur_driver/install/rutine_launcher:/home/adela/TFM_AdelaJimenez/workspace/ros_ur_driver/install/data_logger:/home/adela/TFM_AdelaJimenez/workspace/ros_ur_driver/install/build_platform:/home/adela/TFM_MiguelLerinAlonso/workspace/ros_ur_driver/install/trayectories:/home/adela/TFM_MiguelLerinAlonso/workspace/ros_ur_driver/install/rutine_launcher:/home/adela/TFM_MiguelLerinAlonso/workspace/ros_ur_driver/install/data_logger:/home/adela/TFM_MiguelLerinAlonso/workspace/ros_ur_driver/install/build_platform:/opt/ros/humble /usr/bin/cmake --install /home/adela/TFM_AdelaJimenez/build/ur_description
[1.960s] Level 1:colcon.colcon_core.environment:create_environment_scripts_only(ur_description)
[1.997s] DEBUG:colcon.colcon_core.event_handler.log_command:Invoked command in '/home/adela/TFM_AdelaJimenez/build/ur_description' returned '0': CMAKE_PREFIX_PATH=${CMAKE_PREFIX_PATH}:/home/adela/TFM_AdelaJimenez/workspace/ros_ur_driver/install/trayectories:/home/adela/TFM_AdelaJimenez/workspace/ros_ur_driver/install/rutine_launcher:/home/adela/TFM_AdelaJimenez/workspace/ros_ur_driver/install/data_logger:/home/adela/TFM_AdelaJimenez/workspace/ros_ur_driver/install/build_platform:/home/adela/TFM_MiguelLerinAlonso/workspace/ros_ur_driver/install/trayectories:/home/adela/TFM_MiguelLerinAlonso/workspace/ros_ur_driver/install/rutine_launcher:/home/adela/TFM_MiguelLerinAlonso/workspace/ros_ur_driver/install/data_logger:/home/adela/TFM_MiguelLerinAlonso/workspace/ros_ur_driver/install/build_platform:/opt/ros/humble /usr/bin/cmake --install /home/adela/TFM_AdelaJimenez/build/ur_description
[1.998s] Level 1:colcon.colcon_core.environment:checking '/home/adela/TFM_AdelaJimenez/install/ur_description' for CMake module files
[1.999s] Level 1:colcon.colcon_core.environment:checking '/home/adela/TFM_AdelaJimenez/install/ur_description' for CMake config files
[2.012s] Level 1:colcon.colcon_core.shell:create_environment_hook('ur_description', 'cmake_prefix_path')
[2.012s] INFO:colcon.colcon_core.shell:Creating environment hook '/home/adela/TFM_AdelaJimenez/install/ur_description/share/ur_description/hook/cmake_prefix_path.ps1'
[2.013s] INFO:colcon.colcon_core.shell:Creating environment descriptor '/home/adela/TFM_AdelaJimenez/install/ur_description/share/ur_description/hook/cmake_prefix_path.dsv'
[2.025s] INFO:colcon.colcon_core.shell:Creating environment hook '/home/adela/TFM_AdelaJimenez/install/ur_description/share/ur_description/hook/cmake_prefix_path.sh'
[2.045s] Level 1:colcon.colcon_core.environment:checking '/home/adela/TFM_AdelaJimenez/install/ur_description/bin'
[2.046s] Level 1:colcon.colcon_core.environment:checking '/home/adela/TFM_AdelaJimenez/install/ur_description/lib/pkgconfig/ur_description.pc'
[2.059s] Level 1:colcon.colcon_core.environment:checking '/home/adela/TFM_AdelaJimenez/install/ur_description/lib/python3.10/site-packages'
[2.065s] Level 1:colcon.colcon_core.environment:checking '/home/adela/TFM_AdelaJimenez/install/ur_description/bin'
[2.066s] INFO:colcon.colcon_core.shell:Creating package script '/home/adela/TFM_AdelaJimenez/install/ur_description/share/ur_description/package.ps1'
[2.085s] INFO:colcon.colcon_core.shell:Creating package descriptor '/home/adela/TFM_AdelaJimenez/install/ur_description/share/ur_description/package.dsv'
[2.105s] INFO:colcon.colcon_core.shell:Creating package script '/home/adela/TFM_AdelaJimenez/install/ur_description/share/ur_description/package.sh'
[2.111s] INFO:colcon.colcon_core.shell:Creating package script '/home/adela/TFM_AdelaJimenez/install/ur_description/share/ur_description/package.bash'
[2.123s] INFO:colcon.colcon_core.shell:Creating package script '/home/adela/TFM_AdelaJimenez/install/ur_description/share/ur_description/package.zsh'
[2.131s] Level 1:colcon.colcon_core.environment:create_file_with_runtime_dependencies(/home/adela/TFM_AdelaJimenez/install/ur_description/share/colcon-core/packages/ur_description)
[2.344s] Level 1:colcon.colcon_core.environment:create_environment_scripts_only(ur_description)
[2.345s] Level 1:colcon.colcon_core.environment:checking '/home/adela/TFM_AdelaJimenez/install/ur_description' for CMake module files
[2.351s] Level 1:colcon.colcon_core.environment:checking '/home/adela/TFM_AdelaJimenez/install/ur_description' for CMake config files
[2.352s] Level 1:colcon.colcon_core.shell:create_environment_hook('ur_description', 'cmake_prefix_path')
[2.352s] INFO:colcon.colcon_core.shell:Creating environment hook '/home/adela/TFM_AdelaJimenez/install/ur_description/share/ur_description/hook/cmake_prefix_path.ps1'
[2.353s] INFO:colcon.colcon_core.shell:Creating environment descriptor '/home/adela/TFM_AdelaJimenez/install/ur_description/share/ur_description/hook/cmake_prefix_path.dsv'
[2.354s] INFO:colcon.colcon_core.shell:Creating environment hook '/home/adela/TFM_AdelaJimenez/install/ur_description/share/ur_description/hook/cmake_prefix_path.sh'
[2.355s] Level 1:colcon.colcon_core.environment:checking '/home/adela/TFM_AdelaJimenez/install/ur_description/bin'
[2.355s] Level 1:colcon.colcon_core.environment:checking '/home/adela/TFM_AdelaJimenez/install/ur_description/lib/pkgconfig/ur_description.pc'
[2.363s] Level 1:colcon.colcon_core.environment:checking '/home/adela/TFM_AdelaJimenez/install/ur_description/lib/python3.10/site-packages'
[2.372s] Level 1:colcon.colcon_core.environment:checking '/home/adela/TFM_AdelaJimenez/install/ur_description/bin'
[2.373s] INFO:colcon.colcon_core.shell:Creating package script '/home/adela/TFM_AdelaJimenez/install/ur_description/share/ur_description/package.ps1'
[2.374s] INFO:colcon.colcon_core.shell:Creating package descriptor '/home/adela/TFM_AdelaJimenez/install/ur_description/share/ur_description/package.dsv'
[2.375s] INFO:colcon.colcon_core.shell:Creating package script '/home/adela/TFM_AdelaJimenez/install/ur_description/share/ur_description/package.sh'
[2.376s] INFO:colcon.colcon_core.shell:Creating package script '/home/adela/TFM_AdelaJimenez/install/ur_description/share/ur_description/package.bash'
[2.377s] INFO:colcon.colcon_core.shell:Creating package script '/home/adela/TFM_AdelaJimenez/install/ur_description/share/ur_description/package.zsh'
[2.381s] Level 1:colcon.colcon_core.environment:create_file_with_runtime_dependencies(/home/adela/TFM_AdelaJimenez/install/ur_description/share/colcon-core/packages/ur_description)
[2.382s] INFO:colcon.colcon_ros.task.ament_cmake.build:Building ROS package in '/home/adela/TFM_AdelaJimenez/workspace/ros_ur_driver/src/Universal_Robots_ROS2_Driver/ur_moveit_config' with build type 'ament_cmake'
[2.383s] INFO:colcon.colcon_cmake.task.cmake.build:Building CMake package in '/home/adela/TFM_AdelaJimenez/workspace/ros_ur_driver/src/Universal_Robots_ROS2_Driver/ur_moveit_config'
[2.390s] INFO:colcon.colcon_core.shell:Skip shell extension 'powershell' for command environment: Not usable outside of PowerShell
[2.390s] DEBUG:colcon.colcon_core.shell:Skip shell extension 'dsv' for command environment
[2.469s] DEBUG:colcon.colcon_core.event_handler.log_command:Invoking command in '/home/adela/TFM_AdelaJimenez/build/ur_moveit_config': AMENT_PREFIX_PATH=/home/adela/TFM_AdelaJimenez/install/ur_description:${AMENT_PREFIX_PATH} CMAKE_PREFIX_PATH=/home/adela/TFM_AdelaJimenez/install/ur_description:/home/adela/TFM_AdelaJimenez/workspace/ros_ur_driver/install/ur:/home/adela/TFM_AdelaJimenez/workspace/ros_ur_driver/install/ur_calibration:/home/adela/TFM_AdelaJimenez/workspace/ros_ur_driver/install/ur_robot_driver:/home/adela/TFM_AdelaJimenez/workspace/ros_ur_driver/install/ur_moveit_config:/home/adela/TFM_AdelaJimenez/workspace/ros_ur_driver/install/ur_bringup:/home/adela/TFM_AdelaJimenez/workspace/ros_ur_driver/install/ur_description:/home/adela/TFM_AdelaJimenez/workspace/ros_ur_driver/install/ur_controllers:/home/adela/TFM_AdelaJimenez/workspace/ros_ur_driver/install/ur_dashboard_msgs:/home/adela/TFM_MiguelLerinAlonso/workspace/ros_ur_driver/install/ur:/home/adela/TFM_MiguelLerinAlonso/workspace/ros_ur_driver/install/ur_calibration:/home/adela/TFM_MiguelLerinAlonso/workspace/ros_ur_driver/install/ur_robot_driver:/home/adela/TFM_MiguelLerinAlonso/workspace/ros_ur_driver/install/ur_moveit_config:/home/adela/TFM_MiguelLerinAlonso/workspace/ros_ur_driver/install/ur_bringup:/home/adela/TFM_MiguelLerinAlonso/workspace/ros_ur_driver/install/ur_description:/home/adela/TFM_MiguelLerinAlonso/workspace/ros_ur_driver/install/ur_controllers:/home/adela/TFM_MiguelLerinAlonso/workspace/ros_ur_driver/install/ur_dashboard_msgs:/home/adela/workspace/ros_ur_driver/install/ur:/home/adela/workspace/ros_ur_driver/install/ur_calibration:/home/adela/workspace/ros_ur_driver/install/ur_robot_driver:/home/adela/workspace/ros_ur_driver/install/ur_moveit_config:/home/adela/workspace/ros_ur_driver/install/ur_bringup:/home/adela/workspace/ros_ur_driver/install/ur_description:/home/adela/workspace/ros_ur_driver/install/ur_controllers:/home/adela/workspace/ros_ur_driver/install/ur_dashboard_msgs:/home/adela/TFM_AdelaJimenez/workspace/ros_ur_driver/install/trayectories:/home/adela/TFM_AdelaJimenez/workspace/ros_ur_driver/install/rutine_launcher:/home/adela/TFM_AdelaJimenez/workspace/ros_ur_driver/install/data_logger:/home/adela/TFM_AdelaJimenez/workspace/ros_ur_driver/install/build_platform:/home/adela/TFM_MiguelLerinAlonso/workspace/ros_ur_driver/install/trayectories:/home/adela/TFM_MiguelLerinAlonso/workspace/ros_ur_driver/install/rutine_launcher:/home/adela/TFM_MiguelLerinAlonso/workspace/ros_ur_driver/install/data_logger:/home/adela/TFM_MiguelLerinAlonso/workspace/ros_ur_driver/install/build_platform:/opt/ros/humble /usr/bin/cmake --build /home/adela/TFM_AdelaJimenez/build/ur_moveit_config -- -j2 -l2
[4.531s] DEBUG:colcon.colcon_core.event_handler.log_command:Invoked command in '/home/adela/TFM_AdelaJimenez/build/ur_moveit_config' returned '0': AMENT_PREFIX_PATH=/home/adela/TFM_AdelaJimenez/install/ur_description:${AMENT_PREFIX_PATH} CMAKE_PREFIX_PATH=/home/adela/TFM_AdelaJimenez/install/ur_description:/home/adela/TFM_AdelaJimenez/workspace/ros_ur_driver/install/ur:/home/adela/TFM_AdelaJimenez/workspace/ros_ur_driver/install/ur_calibration:/home/adela/TFM_AdelaJimenez/workspace/ros_ur_driver/install/ur_robot_driver:/home/adela/TFM_AdelaJimenez/workspace/ros_ur_driver/install/ur_moveit_config:/home/adela/TFM_AdelaJimenez/workspace/ros_ur_driver/install/ur_bringup:/home/adela/TFM_AdelaJimenez/workspace/ros_ur_driver/install/ur_description:/home/adela/TFM_AdelaJimenez/workspace/ros_ur_driver/install/ur_controllers:/home/adela/TFM_AdelaJimenez/workspace/ros_ur_driver/install/ur_dashboard_msgs:/home/adela/TFM_MiguelLerinAlonso/workspace/ros_ur_driver/install/ur:/home/adela/TFM_MiguelLerinAlonso/workspace/ros_ur_driver/install/ur_calibration:/home/adela/TFM_MiguelLerinAlonso/workspace/ros_ur_driver/install/ur_robot_driver:/home/adela/TFM_MiguelLerinAlonso/workspace/ros_ur_driver/install/ur_moveit_config:/home/adela/TFM_MiguelLerinAlonso/workspace/ros_ur_driver/install/ur_bringup:/home/adela/TFM_MiguelLerinAlonso/workspace/ros_ur_driver/install/ur_description:/home/adela/TFM_MiguelLerinAlonso/workspace/ros_ur_driver/install/ur_controllers:/home/adela/TFM_MiguelLerinAlonso/workspace/ros_ur_driver/install/ur_dashboard_msgs:/home/adela/workspace/ros_ur_driver/install/ur:/home/adela/workspace/ros_ur_driver/install/ur_calibration:/home/adela/workspace/ros_ur_driver/install/ur_robot_driver:/home/adela/workspace/ros_ur_driver/install/ur_moveit_config:/home/adela/workspace/ros_ur_driver/install/ur_bringup:/home/adela/workspace/ros_ur_driver/install/ur_description:/home/adela/workspace/ros_ur_driver/install/ur_controllers:/home/adela/workspace/ros_ur_driver/install/ur_dashboard_msgs:/home/adela/TFM_AdelaJimenez/workspace/ros_ur_driver/install/trayectories:/home/adela/TFM_AdelaJimenez/workspace/ros_ur_driver/install/rutine_launcher:/home/adela/TFM_AdelaJimenez/workspace/ros_ur_driver/install/data_logger:/home/adela/TFM_AdelaJimenez/workspace/ros_ur_driver/install/build_platform:/home/adela/TFM_MiguelLerinAlonso/workspace/ros_ur_driver/install/trayectories:/home/adela/TFM_MiguelLerinAlonso/workspace/ros_ur_driver/install/rutine_launcher:/home/adela/TFM_MiguelLerinAlonso/workspace/ros_ur_driver/install/data_logger:/home/adela/TFM_MiguelLerinAlonso/workspace/ros_ur_driver/install/build_platform:/opt/ros/humble /usr/bin/cmake --build /home/adela/TFM_AdelaJimenez/build/ur_moveit_config -- -j2 -l2
[4.647s] DEBUG:colcon.colcon_core.event_handler.log_command:Invoking command in '/home/adela/TFM_AdelaJimenez/build/ur_moveit_config': AMENT_PREFIX_PATH=/home/adela/TFM_AdelaJimenez/install/ur_description:${AMENT_PREFIX_PATH} CMAKE_PREFIX_PATH=/home/adela/TFM_AdelaJimenez/install/ur_description:/home/adela/TFM_AdelaJimenez/workspace/ros_ur_driver/install/ur:/home/adela/TFM_AdelaJimenez/workspace/ros_ur_driver/install/ur_calibration:/home/adela/TFM_AdelaJimenez/workspace/ros_ur_driver/install/ur_robot_driver:/home/adela/TFM_AdelaJimenez/workspace/ros_ur_driver/install/ur_moveit_config:/home/adela/TFM_AdelaJimenez/workspace/ros_ur_driver/install/ur_bringup:/home/adela/TFM_AdelaJimenez/workspace/ros_ur_driver/install/ur_description:/home/adela/TFM_AdelaJimenez/workspace/ros_ur_driver/install/ur_controllers:/home/adela/TFM_AdelaJimenez/workspace/ros_ur_driver/install/ur_dashboard_msgs:/home/adela/TFM_MiguelLerinAlonso/workspace/ros_ur_driver/install/ur:/home/adela/TFM_MiguelLerinAlonso/workspace/ros_ur_driver/install/ur_calibration:/home/adela/TFM_MiguelLerinAlonso/workspace/ros_ur_driver/install/ur_robot_driver:/home/adela/TFM_MiguelLerinAlonso/workspace/ros_ur_driver/install/ur_moveit_config:/home/adela/TFM_MiguelLerinAlonso/workspace/ros_ur_driver/install/ur_bringup:/home/adela/TFM_MiguelLerinAlonso/workspace/ros_ur_driver/install/ur_description:/home/adela/TFM_MiguelLerinAlonso/workspace/ros_ur_driver/install/ur_controllers:/home/adela/TFM_MiguelLerinAlonso/workspace/ros_ur_driver/install/ur_dashboard_msgs:/home/adela/workspace/ros_ur_driver/install/ur:/home/adela/workspace/ros_ur_driver/install/ur_calibration:/home/adela/workspace/ros_ur_driver/install/ur_robot_driver:/home/adela/workspace/ros_ur_driver/install/ur_moveit_config:/home/adela/workspace/ros_ur_driver/install/ur_bringup:/home/adela/workspace/ros_ur_driver/install/ur_description:/home/adela/workspace/ros_ur_driver/install/ur_controllers:/home/adela/workspace/ros_ur_driver/install/ur_dashboard_msgs:/home/adela/TFM_AdelaJimenez/workspace/ros_ur_driver/install/trayectories:/home/adela/TFM_AdelaJimenez/workspace/ros_ur_driver/install/rutine_launcher:/home/adela/TFM_AdelaJimenez/workspace/ros_ur_driver/install/data_logger:/home/adela/TFM_AdelaJimenez/workspace/ros_ur_driver/install/build_platform:/home/adela/TFM_MiguelLerinAlonso/workspace/ros_ur_driver/install/trayectories:/home/adela/TFM_MiguelLerinAlonso/workspace/ros_ur_driver/install/rutine_launcher:/home/adela/TFM_MiguelLerinAlonso/workspace/ros_ur_driver/install/data_logger:/home/adela/TFM_MiguelLerinAlonso/workspace/ros_ur_driver/install/build_platform:/opt/ros/humble /usr/bin/cmake --install /home/adela/TFM_AdelaJimenez/build/ur_moveit_config
[4.748s] DEBUG:colcon.colcon_core.event_handler.log_command:Invoked command in '/home/adela/TFM_AdelaJimenez/build/ur_dashboard_msgs' returned '0': CMAKE_PREFIX_PATH=${CMAKE_PREFIX_PATH}:/home/adela/TFM_AdelaJimenez/workspace/ros_ur_driver/install/trayectories:/home/adela/TFM_AdelaJimenez/workspace/ros_ur_driver/install/rutine_launcher:/home/adela/TFM_AdelaJimenez/workspace/ros_ur_driver/install/data_logger:/home/adela/TFM_AdelaJimenez/workspace/ros_ur_driver/install/build_platform:/home/adela/TFM_MiguelLerinAlonso/workspace/ros_ur_driver/install/trayectories:/home/adela/TFM_MiguelLerinAlonso/workspace/ros_ur_driver/install/rutine_launcher:/home/adela/TFM_MiguelLerinAlonso/workspace/ros_ur_driver/install/data_logger:/home/adela/TFM_MiguelLerinAlonso/workspace/ros_ur_driver/install/build_platform:/opt/ros/humble /usr/bin/cmake --build /home/adela/TFM_AdelaJimenez/build/ur_dashboard_msgs -- -j2 -l2
[5.150s] Level 1:colcon.colcon_core.environment:create_environment_scripts_only(ur_moveit_config)
[5.150s] Level 1:colcon.colcon_core.environment:checking '/home/adela/TFM_AdelaJimenez/install/ur_moveit_config' for CMake module files
[5.151s] Level 1:colcon.colcon_core.environment:checking '/home/adela/TFM_AdelaJimenez/install/ur_moveit_config' for CMake config files
[5.151s] Level 1:colcon.colcon_core.shell:create_environment_hook('ur_moveit_config', 'cmake_prefix_path')
[5.164s] INFO:colcon.colcon_core.shell:Creating environment hook '/home/adela/TFM_AdelaJimenez/install/ur_moveit_config/share/ur_moveit_config/hook/cmake_prefix_path.ps1'
[5.166s] DEBUG:colcon.colcon_core.event_handler.log_command:Invoked command in '/home/adela/TFM_AdelaJimenez/build/ur_moveit_config' returned '0': AMENT_PREFIX_PATH=/home/adela/TFM_AdelaJimenez/install/ur_description:${AMENT_PREFIX_PATH} CMAKE_PREFIX_PATH=/home/adela/TFM_AdelaJimenez/install/ur_description:/home/adela/TFM_AdelaJimenez/workspace/ros_ur_driver/install/ur:/home/adela/TFM_AdelaJimenez/workspace/ros_ur_driver/install/ur_calibration:/home/adela/TFM_AdelaJimenez/workspace/ros_ur_driver/install/ur_robot_driver:/home/adela/TFM_AdelaJimenez/workspace/ros_ur_driver/install/ur_moveit_config:/home/adela/TFM_AdelaJimenez/workspace/ros_ur_driver/install/ur_bringup:/home/adela/TFM_AdelaJimenez/workspace/ros_ur_driver/install/ur_description:/home/adela/TFM_AdelaJimenez/workspace/ros_ur_driver/install/ur_controllers:/home/adela/TFM_AdelaJimenez/workspace/ros_ur_driver/install/ur_dashboard_msgs:/home/adela/TFM_MiguelLerinAlonso/workspace/ros_ur_driver/install/ur:/home/adela/TFM_MiguelLerinAlonso/workspace/ros_ur_driver/install/ur_calibration:/home/adela/TFM_MiguelLerinAlonso/workspace/ros_ur_driver/install/ur_robot_driver:/home/adela/TFM_MiguelLerinAlonso/workspace/ros_ur_driver/install/ur_moveit_config:/home/adela/TFM_MiguelLerinAlonso/workspace/ros_ur_driver/install/ur_bringup:/home/adela/TFM_MiguelLerinAlonso/workspace/ros_ur_driver/install/ur_description:/home/adela/TFM_MiguelLerinAlonso/workspace/ros_ur_driver/install/ur_controllers:/home/adela/TFM_MiguelLerinAlonso/workspace/ros_ur_driver/install/ur_dashboard_msgs:/home/adela/workspace/ros_ur_driver/install/ur:/home/adela/workspace/ros_ur_driver/install/ur_calibration:/home/adela/workspace/ros_ur_driver/install/ur_robot_driver:/home/adela/workspace/ros_ur_driver/install/ur_moveit_config:/home/adela/workspace/ros_ur_driver/install/ur_bringup:/home/adela/workspace/ros_ur_driver/install/ur_description:/home/adela/workspace/ros_ur_driver/install/ur_controllers:/home/adela/workspace/ros_ur_driver/install/ur_dashboard_msgs:/home/adela/TFM_AdelaJimenez/workspace/ros_ur_driver/install/trayectories:/home/adela/TFM_AdelaJimenez/workspace/ros_ur_driver/install/rutine_launcher:/home/adela/TFM_AdelaJimenez/workspace/ros_ur_driver/install/data_logger:/home/adela/TFM_AdelaJimenez/workspace/ros_ur_driver/install/build_platform:/home/adela/TFM_MiguelLerinAlonso/workspace/ros_ur_driver/install/trayectories:/home/adela/TFM_MiguelLerinAlonso/workspace/ros_ur_driver/install/rutine_launcher:/home/adela/TFM_MiguelLerinAlonso/workspace/ros_ur_driver/install/data_logger:/home/adela/TFM_MiguelLerinAlonso/workspace/ros_ur_driver/install/build_platform:/opt/ros/humble /usr/bin/cmake --install /home/adela/TFM_AdelaJimenez/build/ur_moveit_config
[5.166s] INFO:colcon.colcon_core.shell:Creating environment descriptor '/home/adela/TFM_AdelaJimenez/install/ur_moveit_config/share/ur_moveit_config/hook/cmake_prefix_path.dsv'
[5.167s] INFO:colcon.colcon_core.shell:Creating environment hook '/home/adela/TFM_AdelaJimenez/install/ur_moveit_config/share/ur_moveit_config/hook/cmake_prefix_path.sh'
[5.169s] Level 1:colcon.colcon_core.environment:checking '/home/adela/TFM_AdelaJimenez/install/ur_moveit_config/bin'
[5.169s] Level 1:colcon.colcon_core.environment:checking '/home/adela/TFM_AdelaJimenez/install/ur_moveit_config/lib/pkgconfig/ur_moveit_config.pc'
[5.169s] Level 1:colcon.colcon_core.environment:checking '/home/adela/TFM_AdelaJimenez/install/ur_moveit_config/lib/python3.10/site-packages'
[5.178s] Level 1:colcon.colcon_core.environment:checking '/home/adela/TFM_AdelaJimenez/install/ur_moveit_config/bin'
[5.178s] INFO:colcon.colcon_core.shell:Creating package script '/home/adela/TFM_AdelaJimenez/install/ur_moveit_config/share/ur_moveit_config/package.ps1'
[5.180s] INFO:colcon.colcon_core.shell:Creating package descriptor '/home/adela/TFM_AdelaJimenez/install/ur_moveit_config/share/ur_moveit_config/package.dsv'
[5.184s] INFO:colcon.colcon_core.shell:Creating package script '/home/adela/TFM_AdelaJimenez/install/ur_moveit_config/share/ur_moveit_config/package.sh'
[5.185s] INFO:colcon.colcon_core.shell:Creating package script '/home/adela/TFM_AdelaJimenez/install/ur_moveit_config/share/ur_moveit_config/package.bash'
[5.185s] INFO:colcon.colcon_core.shell:Creating package script '/home/adela/TFM_AdelaJimenez/install/ur_moveit_config/share/ur_moveit_config/package.zsh'
[5.186s] Level 1:colcon.colcon_core.environment:create_file_with_runtime_dependencies(/home/adela/TFM_AdelaJimenez/install/ur_moveit_config/share/colcon-core/packages/ur_moveit_config)
[5.365s] Level 1:colcon.colcon_core.environment:create_environment_scripts_only(ur_moveit_config)
[5.366s] Level 1:colcon.colcon_core.environment:checking '/home/adela/TFM_AdelaJimenez/install/ur_moveit_config' for CMake module files
[5.370s] Level 1:colcon.colcon_core.environment:checking '/home/adela/TFM_AdelaJimenez/install/ur_moveit_config' for CMake config files
[5.371s] Level 1:colcon.colcon_core.shell:create_environment_hook('ur_moveit_config', 'cmake_prefix_path')
[5.372s] INFO:colcon.colcon_core.shell:Creating environment hook '/home/adela/TFM_AdelaJimenez/install/ur_moveit_config/share/ur_moveit_config/hook/cmake_prefix_path.ps1'
[5.375s] INFO:colcon.colcon_core.shell:Creating environment descriptor '/home/adela/TFM_AdelaJimenez/install/ur_moveit_config/share/ur_moveit_config/hook/cmake_prefix_path.dsv'
[5.386s] INFO:colcon.colcon_core.shell:Creating environment hook '/home/adela/TFM_AdelaJimenez/install/ur_moveit_config/share/ur_moveit_config/hook/cmake_prefix_path.sh'
[5.391s] Level 1:colcon.colcon_core.environment:checking '/home/adela/TFM_AdelaJimenez/install/ur_moveit_config/bin'
[5.392s] Level 1:colcon.colcon_core.environment:checking '/home/adela/TFM_AdelaJimenez/install/ur_moveit_config/lib/pkgconfig/ur_moveit_config.pc'
[5.394s] Level 1:colcon.colcon_core.environment:checking '/home/adela/TFM_AdelaJimenez/install/ur_moveit_config/lib/python3.10/site-packages'
[5.395s] Level 1:colcon.colcon_core.environment:checking '/home/adela/TFM_AdelaJimenez/install/ur_moveit_config/bin'
[5.400s] INFO:colcon.colcon_core.shell:Creating package script '/home/adela/TFM_AdelaJimenez/install/ur_moveit_config/share/ur_moveit_config/package.ps1'
[5.403s] INFO:colcon.colcon_core.shell:Creating package descriptor '/home/adela/TFM_AdelaJimenez/install/ur_moveit_config/share/ur_moveit_config/package.dsv'
[5.410s] INFO:colcon.colcon_core.shell:Creating package script '/home/adela/TFM_AdelaJimenez/install/ur_moveit_config/share/ur_moveit_config/package.sh'
[5.412s] INFO:colcon.colcon_core.shell:Creating package script '/home/adela/TFM_AdelaJimenez/install/ur_moveit_config/share/ur_moveit_config/package.bash'
[5.419s] INFO:colcon.colcon_core.shell:Creating package script '/home/adela/TFM_AdelaJimenez/install/ur_moveit_config/share/ur_moveit_config/package.zsh'
[5.427s] Level 1:colcon.colcon_core.environment:create_file_with_runtime_dependencies(/home/adela/TFM_AdelaJimenez/install/ur_moveit_config/share/colcon-core/packages/ur_moveit_config)
[5.428s] INFO:colcon.colcon_ros.task.ament_python.build:Building ROS package in '/home/adela/TFM_AdelaJimenez/workspace/ros_ur_driver/src/build_platform' with build type 'ament_python'
[5.428s] Level 1:colcon.colcon_core.shell:create_environment_hook('build_platform', 'ament_prefix_path')
[5.429s] INFO:colcon.colcon_core.shell:Creating environment hook '/home/adela/TFM_AdelaJimenez/install/build_platform/share/build_platform/hook/ament_prefix_path.ps1'
[5.432s] INFO:colcon.colcon_core.shell:Creating environment descriptor '/home/adela/TFM_AdelaJimenez/install/build_platform/share/build_platform/hook/ament_prefix_path.dsv'
[5.436s] INFO:colcon.colcon_core.shell:Creating environment hook '/home/adela/TFM_AdelaJimenez/install/build_platform/share/build_platform/hook/ament_prefix_path.sh'
[5.441s] INFO:colcon.colcon_core.shell:Skip shell extension 'powershell' for command environment: Not usable outside of PowerShell
[5.442s] DEBUG:colcon.colcon_core.shell:Skip shell extension 'dsv' for command environment
[8.318s] INFO:colcon.colcon_core.task.python.build:Building Python package in '/home/adela/TFM_AdelaJimenez/workspace/ros_ur_driver/src/build_platform'
[8.318s] INFO:colcon.colcon_core.shell:Skip shell extension 'powershell' for command environment: Not usable outside of PowerShell
[8.318s] DEBUG:colcon.colcon_core.shell:Skip shell extension 'dsv' for command environment
[8.424s] DEBUG:colcon.colcon_core.event_handler.log_command:Invoking command in '/home/adela/TFM_AdelaJimenez/build/ur_dashboard_msgs': CMAKE_PREFIX_PATH=${CMAKE_PREFIX_PATH}:/home/adela/TFM_AdelaJimenez/workspace/ros_ur_driver/install/trayectories:/home/adela/TFM_AdelaJimenez/workspace/ros_ur_driver/install/rutine_launcher:/home/adela/TFM_AdelaJimenez/workspace/ros_ur_driver/install/data_logger:/home/adela/TFM_AdelaJimenez/workspace/ros_ur_driver/install/build_platform:/home/adela/TFM_MiguelLerinAlonso/workspace/ros_ur_driver/install/trayectories:/home/adela/TFM_MiguelLerinAlonso/workspace/ros_ur_driver/install/rutine_launcher:/home/adela/TFM_MiguelLerinAlonso/workspace/ros_ur_driver/install/data_logger:/home/adela/TFM_MiguelLerinAlonso/workspace/ros_ur_driver/install/build_platform:/opt/ros/humble /usr/bin/cmake --install /home/adela/TFM_AdelaJimenez/build/ur_dashboard_msgs
[9.286s] Level 1:colcon.colcon_core.environment:create_environment_scripts_only(ur_dashboard_msgs)
[9.287s] Level 1:colcon.colcon_core.environment:checking '/home/adela/TFM_AdelaJimenez/install/ur_dashboard_msgs' for CMake module files
[9.292s] DEBUG:colcon.colcon_core.event_handler.log_command:Invoked command in '/home/adela/TFM_AdelaJimenez/build/ur_dashboard_msgs' returned '0': CMAKE_PREFIX_PATH=${CMAKE_PREFIX_PATH}:/home/adela/TFM_AdelaJimenez/workspace/ros_ur_driver/install/trayectories:/home/adela/TFM_AdelaJimenez/workspace/ros_ur_driver/install/rutine_launcher:/home/adela/TFM_AdelaJimenez/workspace/ros_ur_driver/install/data_logger:/home/adela/TFM_AdelaJimenez/workspace/ros_ur_driver/install/build_platform:/home/adela/TFM_MiguelLerinAlonso/workspace/ros_ur_driver/install/trayectories:/home/adela/TFM_MiguelLerinAlonso/workspace/ros_ur_driver/install/rutine_launcher:/home/adela/TFM_MiguelLerinAlonso/workspace/ros_ur_driver/install/data_logger:/home/adela/TFM_MiguelLerinAlonso/workspace/ros_ur_driver/install/build_platform:/opt/ros/humble /usr/bin/cmake --install /home/adela/TFM_AdelaJimenez/build/ur_dashboard_msgs
[9.295s] Level 1:colcon.colcon_core.environment:checking '/home/adela/TFM_AdelaJimenez/install/ur_dashboard_msgs' for CMake config files
[9.296s] Level 1:colcon.colcon_core.shell:create_environment_hook('ur_dashboard_msgs', 'cmake_prefix_path')
[9.296s] INFO:colcon.colcon_core.shell:Creating environment hook '/home/adela/TFM_AdelaJimenez/install/ur_dashboard_msgs/share/ur_dashboard_msgs/hook/cmake_prefix_path.ps1'
[9.297s] INFO:colcon.colcon_core.shell:Creating environment descriptor '/home/adela/TFM_AdelaJimenez/install/ur_dashboard_msgs/share/ur_dashboard_msgs/hook/cmake_prefix_path.dsv'
[9.319s] INFO:colcon.colcon_core.shell:Creating environment hook '/home/adela/TFM_AdelaJimenez/install/ur_dashboard_msgs/share/ur_dashboard_msgs/hook/cmake_prefix_path.sh'
[9.331s] Level 1:colcon.colcon_core.environment:checking '/home/adela/TFM_AdelaJimenez/install/ur_dashboard_msgs/lib'
[9.332s] Level 1:colcon.colcon_core.shell:create_environment_hook('ur_dashboard_msgs', 'ld_library_path_lib')
[9.332s] INFO:colcon.colcon_core.shell:Creating environment hook '/home/adela/TFM_AdelaJimenez/install/ur_dashboard_msgs/share/ur_dashboard_msgs/hook/ld_library_path_lib.ps1'
[9.333s] INFO:colcon.colcon_core.shell:Creating environment descriptor '/home/adela/TFM_AdelaJimenez/install/ur_dashboard_msgs/share/ur_dashboard_msgs/hook/ld_library_path_lib.dsv'
[9.350s] INFO:colcon.colcon_core.shell:Creating environment hook '/home/adela/TFM_AdelaJimenez/install/ur_dashboard_msgs/share/ur_dashboard_msgs/hook/ld_library_path_lib.sh'
[9.355s] Level 1:colcon.colcon_core.environment:checking '/home/adela/TFM_AdelaJimenez/install/ur_dashboard_msgs/bin'
[9.355s] Level 1:colcon.colcon_core.environment:checking '/home/adela/TFM_AdelaJimenez/install/ur_dashboard_msgs/lib/pkgconfig/ur_dashboard_msgs.pc'
[9.356s] Level 1:colcon.colcon_core.environment:checking '/home/adela/TFM_AdelaJimenez/install/ur_dashboard_msgs/lib/python3.10/site-packages'
[9.357s] Level 1:colcon.colcon_core.environment:checking '/home/adela/TFM_AdelaJimenez/install/ur_dashboard_msgs/bin'
[9.376s] INFO:colcon.colcon_core.shell:Creating package script '/home/adela/TFM_AdelaJimenez/install/ur_dashboard_msgs/share/ur_dashboard_msgs/package.ps1'
[9.377s] INFO:colcon.colcon_core.shell:Creating package descriptor '/home/adela/TFM_AdelaJimenez/install/ur_dashboard_msgs/share/ur_dashboard_msgs/package.dsv'
[9.384s] INFO:colcon.colcon_core.shell:Creating package script '/home/adela/TFM_AdelaJimenez/install/ur_dashboard_msgs/share/ur_dashboard_msgs/package.sh'
[9.386s] INFO:colcon.colcon_core.shell:Creating package script '/home/adela/TFM_AdelaJimenez/install/ur_dashboard_msgs/share/ur_dashboard_msgs/package.bash'
[9.387s] INFO:colcon.colcon_core.shell:Creating package script '/home/adela/TFM_AdelaJimenez/install/ur_dashboard_msgs/share/ur_dashboard_msgs/package.zsh'
[9.391s] Level 1:colcon.colcon_core.environment:create_file_with_runtime_dependencies(/home/adela/TFM_AdelaJimenez/install/ur_dashboard_msgs/share/colcon-core/packages/ur_dashboard_msgs)
[12.414s] DEBUG:colcon.colcon_core.event_handler.log_command:Invoking command in '/home/adela/TFM_AdelaJimenez/workspace/ros_ur_driver/src/build_platform': PYTHONPATH=/home/adela/TFM_AdelaJimenez/build/build_platform/prefix_override:/home/adela/TFM_AdelaJimenez/install/build_platform/lib/python3.10/site-packages:${PYTHONPATH} /usr/bin/python3 -W ignore:setup.py install is deprecated setup.py egg_info --egg-base ../../../../build/build_platform build --build-base /home/adela/TFM_AdelaJimenez/build/build_platform/build install --record /home/adela/TFM_AdelaJimenez/build/build_platform/install.log --single-version-externally-managed install_data
[13.560s] Level 1:colcon.colcon_core.environment:create_environment_scripts_only(ur_dashboard_msgs)
[13.560s] Level 1:colcon.colcon_core.environment:checking '/home/adela/TFM_AdelaJimenez/install/ur_dashboard_msgs' for CMake module files
[13.567s] Level 1:colcon.colcon_core.environment:checking '/home/adela/TFM_AdelaJimenez/install/ur_dashboard_msgs' for CMake config files
[13.571s] Level 1:colcon.colcon_core.shell:create_environment_hook('ur_dashboard_msgs', 'cmake_prefix_path')
[13.572s] INFO:colcon.colcon_core.shell:Creating environment hook '/home/adela/TFM_AdelaJimenez/install/ur_dashboard_msgs/share/ur_dashboard_msgs/hook/cmake_prefix_path.ps1'
[13.577s] INFO:colcon.colcon_core.shell:Creating environment descriptor '/home/adela/TFM_AdelaJimenez/install/ur_dashboard_msgs/share/ur_dashboard_msgs/hook/cmake_prefix_path.dsv'
[13.578s] INFO:colcon.colcon_core.shell:Creating environment hook '/home/adela/TFM_AdelaJimenez/install/ur_dashboard_msgs/share/ur_dashboard_msgs/hook/cmake_prefix_path.sh'
[13.587s] Level 1:colcon.colcon_core.environment:checking '/home/adela/TFM_AdelaJimenez/install/ur_dashboard_msgs/lib'
[13.588s] Level 1:colcon.colcon_core.shell:create_environment_hook('ur_dashboard_msgs', 'ld_library_path_lib')
[13.593s] INFO:colcon.colcon_core.shell:Creating environment hook '/home/adela/TFM_AdelaJimenez/install/ur_dashboard_msgs/share/ur_dashboard_msgs/hook/ld_library_path_lib.ps1'
[13.593s] INFO:colcon.colcon_core.shell:Creating environment descriptor '/home/adela/TFM_AdelaJimenez/install/ur_dashboard_msgs/share/ur_dashboard_msgs/hook/ld_library_path_lib.dsv'
[13.594s] INFO:colcon.colcon_core.shell:Creating environment hook '/home/adela/TFM_AdelaJimenez/install/ur_dashboard_msgs/share/ur_dashboard_msgs/hook/ld_library_path_lib.sh'
[13.595s] Level 1:colcon.colcon_core.environment:checking '/home/adela/TFM_AdelaJimenez/install/ur_dashboard_msgs/bin'
[13.595s] Level 1:colcon.colcon_core.environment:checking '/home/adela/TFM_AdelaJimenez/install/ur_dashboard_msgs/lib/pkgconfig/ur_dashboard_msgs.pc'
[13.599s] Level 1:colcon.colcon_core.environment:checking '/home/adela/TFM_AdelaJimenez/install/ur_dashboard_msgs/lib/python3.10/site-packages'
[13.609s] Level 1:colcon.colcon_core.environment:checking '/home/adela/TFM_AdelaJimenez/install/ur_dashboard_msgs/bin'
[13.610s] INFO:colcon.colcon_core.shell:Creating package script '/home/adela/TFM_AdelaJimenez/install/ur_dashboard_msgs/share/ur_dashboard_msgs/package.ps1'
[13.611s] INFO:colcon.colcon_core.shell:Creating package descriptor '/home/adela/TFM_AdelaJimenez/install/ur_dashboard_msgs/share/ur_dashboard_msgs/package.dsv'
[13.619s] INFO:colcon.colcon_core.shell:Creating package script '/home/adela/TFM_AdelaJimenez/install/ur_dashboard_msgs/share/ur_dashboard_msgs/package.sh'
[13.626s] INFO:colcon.colcon_core.shell:Creating package script '/home/adela/TFM_AdelaJimenez/install/ur_dashboard_msgs/share/ur_dashboard_msgs/package.bash'
[13.627s] INFO:colcon.colcon_core.shell:Creating package script '/home/adela/TFM_AdelaJimenez/install/ur_dashboard_msgs/share/ur_dashboard_msgs/package.zsh'
[13.654s] Level 1:colcon.colcon_core.environment:create_file_with_runtime_dependencies(/home/adela/TFM_AdelaJimenez/install/ur_dashboard_msgs/share/colcon-core/packages/ur_dashboard_msgs)
[13.655s] INFO:colcon.colcon_ros.task.ament_cmake.build:Building ROS package in '/home/adela/TFM_AdelaJimenez/workspace/ros_ur_driver/src/Universal_Robots_ROS2_Driver/ur_controllers' with build type 'ament_cmake'
[13.656s] INFO:colcon.colcon_cmake.task.cmake.build:Building CMake package in '/home/adela/TFM_AdelaJimenez/workspace/ros_ur_driver/src/Universal_Robots_ROS2_Driver/ur_controllers'
[13.657s] INFO:colcon.colcon_core.shell:Skip shell extension 'powershell' for command environment: Not usable outside of PowerShell
[13.675s] DEBUG:colcon.colcon_core.shell:Skip shell extension 'dsv' for command environment
[13.839s] DEBUG:colcon.colcon_core.event_handler.log_command:Invoking command in '/home/adela/TFM_AdelaJimenez/build/ur_controllers': AMENT_PREFIX_PATH=/home/adela/TFM_AdelaJimenez/install/ur_dashboard_msgs:${AMENT_PREFIX_PATH} CMAKE_PREFIX_PATH=/home/adela/TFM_AdelaJimenez/install/ur_dashboard_msgs:/home/adela/TFM_AdelaJimenez/workspace/ros_ur_driver/install/ur:/home/adela/TFM_AdelaJimenez/workspace/ros_ur_driver/install/ur_calibration:/home/adela/TFM_AdelaJimenez/workspace/ros_ur_driver/install/ur_robot_driver:/home/adela/TFM_AdelaJimenez/workspace/ros_ur_driver/install/ur_moveit_config:/home/adela/TFM_AdelaJimenez/workspace/ros_ur_driver/install/ur_bringup:/home/adela/TFM_AdelaJimenez/workspace/ros_ur_driver/install/ur_description:/home/adela/TFM_AdelaJimenez/workspace/ros_ur_driver/install/ur_controllers:/home/adela/TFM_AdelaJimenez/workspace/ros_ur_driver/install/ur_dashboard_msgs:/home/adela/TFM_MiguelLerinAlonso/workspace/ros_ur_driver/install/ur:/home/adela/TFM_MiguelLerinAlonso/workspace/ros_ur_driver/install/ur_calibration:/home/adela/TFM_MiguelLerinAlonso/workspace/ros_ur_driver/install/ur_robot_driver:/home/adela/TFM_MiguelLerinAlonso/workspace/ros_ur_driver/install/ur_moveit_config:/home/adela/TFM_MiguelLerinAlonso/workspace/ros_ur_driver/install/ur_bringup:/home/adela/TFM_MiguelLerinAlonso/workspace/ros_ur_driver/install/ur_description:/home/adela/TFM_MiguelLerinAlonso/workspace/ros_ur_driver/install/ur_controllers:/home/adela/TFM_MiguelLerinAlonso/workspace/ros_ur_driver/install/ur_dashboard_msgs:/home/adela/workspace/ros_ur_driver/install/ur:/home/adela/workspace/ros_ur_driver/install/ur_calibration:/home/adela/workspace/ros_ur_driver/install/ur_robot_driver:/home/adela/workspace/ros_ur_driver/install/ur_moveit_config:/home/adela/workspace/ros_ur_driver/install/ur_bringup:/home/adela/workspace/ros_ur_driver/install/ur_description:/home/adela/workspace/ros_ur_driver/install/ur_controllers:/home/adela/workspace/ros_ur_driver/install/ur_dashboard_msgs:/home/adela/TFM_AdelaJimenez/workspace/ros_ur_driver/install/trayectories:/home/adela/TFM_AdelaJimenez/workspace/ros_ur_driver/install/rutine_launcher:/home/adela/TFM_AdelaJimenez/workspace/ros_ur_driver/install/data_logger:/home/adela/TFM_AdelaJimenez/workspace/ros_ur_driver/install/build_platform:/home/adela/TFM_MiguelLerinAlonso/workspace/ros_ur_driver/install/trayectories:/home/adela/TFM_MiguelLerinAlonso/workspace/ros_ur_driver/install/rutine_launcher:/home/adela/TFM_MiguelLerinAlonso/workspace/ros_ur_driver/install/data_logger:/home/adela/TFM_MiguelLerinAlonso/workspace/ros_ur_driver/install/build_platform:/opt/ros/humble LD_LIBRARY_PATH=/home/adela/TFM_AdelaJimenez/install/ur_dashboard_msgs/lib:${LD_LIBRARY_PATH} PYTHONPATH=/home/adela/TFM_AdelaJimenez/install/ur_dashboard_msgs/local/lib/python3.10/dist-packages:${PYTHONPATH} /usr/bin/cmake --build /home/adela/TFM_AdelaJimenez/build/ur_controllers -- -j2 -l2
[15.034s] DEBUG:colcon.colcon_core.event_handler.log_command:Invoked command in '/home/adela/TFM_AdelaJimenez/build/ur_controllers' returned '0': AMENT_PREFIX_PATH=/home/adela/TFM_AdelaJimenez/install/ur_dashboard_msgs:${AMENT_PREFIX_PATH} CMAKE_PREFIX_PATH=/home/adela/TFM_AdelaJimenez/install/ur_dashboard_msgs:/home/adela/TFM_AdelaJimenez/workspace/ros_ur_driver/install/ur:/home/adela/TFM_AdelaJimenez/workspace/ros_ur_driver/install/ur_calibration:/home/adela/TFM_AdelaJimenez/workspace/ros_ur_driver/install/ur_robot_driver:/home/adela/TFM_AdelaJimenez/workspace/ros_ur_driver/install/ur_moveit_config:/home/adela/TFM_AdelaJimenez/workspace/ros_ur_driver/install/ur_bringup:/home/adela/TFM_AdelaJimenez/workspace/ros_ur_driver/install/ur_description:/home/adela/TFM_AdelaJimenez/workspace/ros_ur_driver/install/ur_controllers:/home/adela/TFM_AdelaJimenez/workspace/ros_ur_driver/install/ur_dashboard_msgs:/home/adela/TFM_MiguelLerinAlonso/workspace/ros_ur_driver/install/ur:/home/adela/TFM_MiguelLerinAlonso/workspace/ros_ur_driver/install/ur_calibration:/home/adela/TFM_MiguelLerinAlonso/workspace/ros_ur_driver/install/ur_robot_driver:/home/adela/TFM_MiguelLerinAlonso/workspace/ros_ur_driver/install/ur_moveit_config:/home/adela/TFM_MiguelLerinAlonso/workspace/ros_ur_driver/install/ur_bringup:/home/adela/TFM_MiguelLerinAlonso/workspace/ros_ur_driver/install/ur_description:/home/adela/TFM_MiguelLerinAlonso/workspace/ros_ur_driver/install/ur_controllers:/home/adela/TFM_MiguelLerinAlonso/workspace/ros_ur_driver/install/ur_dashboard_msgs:/home/adela/workspace/ros_ur_driver/install/ur:/home/adela/workspace/ros_ur_driver/install/ur_calibration:/home/adela/workspace/ros_ur_driver/install/ur_robot_driver:/home/adela/workspace/ros_ur_driver/install/ur_moveit_config:/home/adela/workspace/ros_ur_driver/install/ur_bringup:/home/adela/workspace/ros_ur_driver/install/ur_description:/home/adela/workspace/ros_ur_driver/install/ur_controllers:/home/adela/workspace/ros_ur_driver/install/ur_dashboard_msgs:/home/adela/TFM_AdelaJimenez/workspace/ros_ur_driver/install/trayectories:/home/adela/TFM_AdelaJimenez/workspace/ros_ur_driver/install/rutine_launcher:/home/adela/TFM_AdelaJimenez/workspace/ros_ur_driver/install/data_logger:/home/adela/TFM_AdelaJimenez/workspace/ros_ur_driver/install/build_platform:/home/adela/TFM_MiguelLerinAlonso/workspace/ros_ur_driver/install/trayectories:/home/adela/TFM_MiguelLerinAlonso/workspace/ros_ur_driver/install/rutine_launcher:/home/adela/TFM_MiguelLerinAlonso/workspace/ros_ur_driver/install/data_logger:/home/adela/TFM_MiguelLerinAlonso/workspace/ros_ur_driver/install/build_platform:/opt/ros/humble LD_LIBRARY_PATH=/home/adela/TFM_AdelaJimenez/install/ur_dashboard_msgs/lib:${LD_LIBRARY_PATH} PYTHONPATH=/home/adela/TFM_AdelaJimenez/install/ur_dashboard_msgs/local/lib/python3.10/dist-packages:${PYTHONPATH} /usr/bin/cmake --build /home/adela/TFM_AdelaJimenez/build/ur_controllers -- -j2 -l2
[15.513s] DEBUG:colcon.colcon_core.event_handler.log_command:Invoking command in '/home/adela/TFM_AdelaJimenez/build/ur_controllers': AMENT_PREFIX_PATH=/home/adela/TFM_AdelaJimenez/install/ur_dashboard_msgs:${AMENT_PREFIX_PATH} CMAKE_PREFIX_PATH=/home/adela/TFM_AdelaJimenez/install/ur_dashboard_msgs:/home/adela/TFM_AdelaJimenez/workspace/ros_ur_driver/install/ur:/home/adela/TFM_AdelaJimenez/workspace/ros_ur_driver/install/ur_calibration:/home/adela/TFM_AdelaJimenez/workspace/ros_ur_driver/install/ur_robot_driver:/home/adela/TFM_AdelaJimenez/workspace/ros_ur_driver/install/ur_moveit_config:/home/adela/TFM_AdelaJimenez/workspace/ros_ur_driver/install/ur_bringup:/home/adela/TFM_AdelaJimenez/workspace/ros_ur_driver/install/ur_description:/home/adela/TFM_AdelaJimenez/workspace/ros_ur_driver/install/ur_controllers:/home/adela/TFM_AdelaJimenez/workspace/ros_ur_driver/install/ur_dashboard_msgs:/home/adela/TFM_MiguelLerinAlonso/workspace/ros_ur_driver/install/ur:/home/adela/TFM_MiguelLerinAlonso/workspace/ros_ur_driver/install/ur_calibration:/home/adela/TFM_MiguelLerinAlonso/workspace/ros_ur_driver/install/ur_robot_driver:/home/adela/TFM_MiguelLerinAlonso/workspace/ros_ur_driver/install/ur_moveit_config:/home/adela/TFM_MiguelLerinAlonso/workspace/ros_ur_driver/install/ur_bringup:/home/adela/TFM_MiguelLerinAlonso/workspace/ros_ur_driver/install/ur_description:/home/adela/TFM_MiguelLerinAlonso/workspace/ros_ur_driver/install/ur_controllers:/home/adela/TFM_MiguelLerinAlonso/workspace/ros_ur_driver/install/ur_dashboard_msgs:/home/adela/workspace/ros_ur_driver/install/ur:/home/adela/workspace/ros_ur_driver/install/ur_calibration:/home/adela/workspace/ros_ur_driver/install/ur_robot_driver:/home/adela/workspace/ros_ur_driver/install/ur_moveit_config:/home/adela/workspace/ros_ur_driver/install/ur_bringup:/home/adela/workspace/ros_ur_driver/install/ur_description:/home/adela/workspace/ros_ur_driver/install/ur_controllers:/home/adela/workspace/ros_ur_driver/install/ur_dashboard_msgs:/home/adela/TFM_AdelaJimenez/workspace/ros_ur_driver/install/trayectories:/home/adela/TFM_AdelaJimenez/workspace/ros_ur_driver/install/rutine_launcher:/home/adela/TFM_AdelaJimenez/workspace/ros_ur_driver/install/data_logger:/home/adela/TFM_AdelaJimenez/workspace/ros_ur_driver/install/build_platform:/home/adela/TFM_MiguelLerinAlonso/workspace/ros_ur_driver/install/trayectories:/home/adela/TFM_MiguelLerinAlonso/workspace/ros_ur_driver/install/rutine_launcher:/home/adela/TFM_MiguelLerinAlonso/workspace/ros_ur_driver/install/data_logger:/home/adela/TFM_MiguelLerinAlonso/workspace/ros_ur_driver/install/build_platform:/opt/ros/humble LD_LIBRARY_PATH=/home/adela/TFM_AdelaJimenez/install/ur_dashboard_msgs/lib:${LD_LIBRARY_PATH} PYTHONPATH=/home/adela/TFM_AdelaJimenez/install/ur_dashboard_msgs/local/lib/python3.10/dist-packages:${PYTHONPATH} /usr/bin/cmake --install /home/adela/TFM_AdelaJimenez/build/ur_controllers
[15.523s] Level 1:colcon.colcon_core.environment:checking '/home/adela/TFM_AdelaJimenez/install/build_platform' for CMake module files
[15.535s] Level 1:colcon.colcon_core.environment:checking '/home/adela/TFM_AdelaJimenez/install/build_platform' for CMake config files
[15.536s] Level 1:colcon.colcon_core.environment:checking '/home/adela/TFM_AdelaJimenez/install/build_platform/lib'
[15.536s] Level 1:colcon.colcon_core.environment:checking '/home/adela/TFM_AdelaJimenez/install/build_platform/bin'
[15.536s] Level 1:colcon.colcon_core.environment:checking '/home/adela/TFM_AdelaJimenez/install/build_platform/lib/pkgconfig/build_platform.pc'
[15.536s] Level 1:colcon.colcon_core.environment:checking '/home/adela/TFM_AdelaJimenez/install/build_platform/lib/python3.10/site-packages'
[15.536s] Level 1:colcon.colcon_core.shell:create_environment_hook('build_platform', 'pythonpath')
[15.537s] INFO:colcon.colcon_core.shell:Creating environment hook '/home/adela/TFM_AdelaJimenez/install/build_platform/share/build_platform/hook/pythonpath.ps1'
[15.534s] DEBUG:colcon.colcon_core.event_handler.log_command:Invoked command in '/home/adela/TFM_AdelaJimenez/workspace/ros_ur_driver/src/build_platform' returned '0': PYTHONPATH=/home/adela/TFM_AdelaJimenez/build/build_platform/prefix_override:/home/adela/TFM_AdelaJimenez/install/build_platform/lib/python3.10/site-packages:${PYTHONPATH} /usr/bin/python3 -W ignore:setup.py install is deprecated setup.py egg_info --egg-base ../../../../build/build_platform build --build-base /home/adela/TFM_AdelaJimenez/build/build_platform/build install --record /home/adela/TFM_AdelaJimenez/build/build_platform/install.log --single-version-externally-managed install_data
[15.538s] INFO:colcon.colcon_core.shell:Creating environment descriptor '/home/adela/TFM_AdelaJimenez/install/build_platform/share/build_platform/hook/pythonpath.dsv'
[15.564s] INFO:colcon.colcon_core.shell:Creating environment hook '/home/adela/TFM_AdelaJimenez/install/build_platform/share/build_platform/hook/pythonpath.sh'
[15.565s] Level 1:colcon.colcon_core.environment:checking '/home/adela/TFM_AdelaJimenez/install/build_platform/bin'
[15.567s] Level 1:colcon.colcon_core.environment:create_environment_scripts_only(build_platform)
[15.568s] INFO:colcon.colcon_core.shell:Creating package script '/home/adela/TFM_AdelaJimenez/install/build_platform/share/build_platform/package.ps1'
[15.575s] INFO:colcon.colcon_core.shell:Creating package descriptor '/home/adela/TFM_AdelaJimenez/install/build_platform/share/build_platform/package.dsv'
[15.579s] INFO:colcon.colcon_core.shell:Creating package script '/home/adela/TFM_AdelaJimenez/install/build_platform/share/build_platform/package.sh'
[15.588s] INFO:colcon.colcon_core.shell:Creating package script '/home/adela/TFM_AdelaJimenez/install/build_platform/share/build_platform/package.bash'
[15.591s] INFO:colcon.colcon_core.shell:Creating package script '/home/adela/TFM_AdelaJimenez/install/build_platform/share/build_platform/package.zsh'
[15.595s] Level 1:colcon.colcon_core.environment:create_file_with_runtime_dependencies(/home/adela/TFM_AdelaJimenez/install/build_platform/share/colcon-core/packages/build_platform)
[15.602s] INFO:colcon.colcon_ros.task.ament_python.build:Building ROS package in '/home/adela/TFM_AdelaJimenez/workspace/ros_ur_driver/src/data_logger' with build type 'ament_python'
[15.614s] Level 1:colcon.colcon_core.shell:create_environment_hook('data_logger', 'ament_prefix_path')
[15.614s] INFO:colcon.colcon_core.shell:Creating environment hook '/home/adela/TFM_AdelaJimenez/install/data_logger/share/data_logger/hook/ament_prefix_path.ps1'
[15.615s] INFO:colcon.colcon_core.shell:Creating environment descriptor '/home/adela/TFM_AdelaJimenez/install/data_logger/share/data_logger/hook/ament_prefix_path.dsv'
[15.620s] INFO:colcon.colcon_core.shell:Creating environment hook '/home/adela/TFM_AdelaJimenez/install/data_logger/share/data_logger/hook/ament_prefix_path.sh'
[15.623s] INFO:colcon.colcon_core.shell:Skip shell extension 'powershell' for command environment: Not usable outside of PowerShell
[15.623s] DEBUG:colcon.colcon_core.shell:Skip shell extension 'dsv' for command environment
[15.688s] Level 1:colcon.colcon_core.environment:create_environment_scripts_only(ur_controllers)
[15.692s] Level 1:colcon.colcon_core.environment:checking '/home/adela/TFM_AdelaJimenez/install/ur_controllers' for CMake module files
[15.695s] Level 1:colcon.colcon_core.environment:checking '/home/adela/TFM_AdelaJimenez/install/ur_controllers' for CMake config files
[15.702s] Level 1:colcon.colcon_core.shell:create_environment_hook('ur_controllers', 'cmake_prefix_path')
[15.703s] INFO:colcon.colcon_core.shell:Creating environment hook '/home/adela/TFM_AdelaJimenez/install/ur_controllers/share/ur_controllers/hook/cmake_prefix_path.ps1'
[15.704s] INFO:colcon.colcon_core.shell:Creating environment descriptor '/home/adela/TFM_AdelaJimenez/install/ur_controllers/share/ur_controllers/hook/cmake_prefix_path.dsv'
[15.703s] DEBUG:colcon.colcon_core.event_handler.log_command:Invoked command in '/home/adela/TFM_AdelaJimenez/build/ur_controllers' returned '0': AMENT_PREFIX_PATH=/home/adela/TFM_AdelaJimenez/install/ur_dashboard_msgs:${AMENT_PREFIX_PATH} CMAKE_PREFIX_PATH=/home/adela/TFM_AdelaJimenez/install/ur_dashboard_msgs:/home/adela/TFM_AdelaJimenez/workspace/ros_ur_driver/install/ur:/home/adela/TFM_AdelaJimenez/workspace/ros_ur_driver/install/ur_calibration:/home/adela/TFM_AdelaJimenez/workspace/ros_ur_driver/install/ur_robot_driver:/home/adela/TFM_AdelaJimenez/workspace/ros_ur_driver/install/ur_moveit_config:/home/adela/TFM_AdelaJimenez/workspace/ros_ur_driver/install/ur_bringup:/home/adela/TFM_AdelaJimenez/workspace/ros_ur_driver/install/ur_description:/home/adela/TFM_AdelaJimenez/workspace/ros_ur_driver/install/ur_controllers:/home/adela/TFM_AdelaJimenez/workspace/ros_ur_driver/install/ur_dashboard_msgs:/home/adela/TFM_MiguelLerinAlonso/workspace/ros_ur_driver/install/ur:/home/adela/TFM_MiguelLerinAlonso/workspace/ros_ur_driver/install/ur_calibration:/home/adela/TFM_MiguelLerinAlonso/workspace/ros_ur_driver/install/ur_robot_driver:/home/adela/TFM_MiguelLerinAlonso/workspace/ros_ur_driver/install/ur_moveit_config:/home/adela/TFM_MiguelLerinAlonso/workspace/ros_ur_driver/install/ur_bringup:/home/adela/TFM_MiguelLerinAlonso/workspace/ros_ur_driver/install/ur_description:/home/adela/TFM_MiguelLerinAlonso/workspace/ros_ur_driver/install/ur_controllers:/home/adela/TFM_MiguelLerinAlonso/workspace/ros_ur_driver/install/ur_dashboard_msgs:/home/adela/workspace/ros_ur_driver/install/ur:/home/adela/workspace/ros_ur_driver/install/ur_calibration:/home/adela/workspace/ros_ur_driver/install/ur_robot_driver:/home/adela/workspace/ros_ur_driver/install/ur_moveit_config:/home/adela/workspace/ros_ur_driver/install/ur_bringup:/home/adela/workspace/ros_ur_driver/install/ur_description:/home/adela/workspace/ros_ur_driver/install/ur_controllers:/home/adela/workspace/ros_ur_driver/install/ur_dashboard_msgs:/home/adela/TFM_AdelaJimenez/workspace/ros_ur_driver/install/trayectories:/home/adela/TFM_AdelaJimenez/workspace/ros_ur_driver/install/rutine_launcher:/home/adela/TFM_AdelaJimenez/workspace/ros_ur_driver/install/data_logger:/home/adela/TFM_AdelaJimenez/workspace/ros_ur_driver/install/build_platform:/home/adela/TFM_MiguelLerinAlonso/workspace/ros_ur_driver/install/trayectories:/home/adela/TFM_MiguelLerinAlonso/workspace/ros_ur_driver/install/rutine_launcher:/home/adela/TFM_MiguelLerinAlonso/workspace/ros_ur_driver/install/data_logger:/home/adela/TFM_MiguelLerinAlonso/workspace/ros_ur_driver/install/build_platform:/opt/ros/humble LD_LIBRARY_PATH=/home/adela/TFM_AdelaJimenez/install/ur_dashboard_msgs/lib:${LD_LIBRARY_PATH} PYTHONPATH=/home/adela/TFM_AdelaJimenez/install/ur_dashboard_msgs/local/lib/python3.10/dist-packages:${PYTHONPATH} /usr/bin/cmake --install /home/adela/TFM_AdelaJimenez/build/ur_controllers
[15.708s] INFO:colcon.colcon_core.shell:Creating environment hook '/home/adela/TFM_AdelaJimenez/install/ur_controllers/share/ur_controllers/hook/cmake_prefix_path.sh'
[15.711s] Level 1:colcon.colcon_core.environment:checking '/home/adela/TFM_AdelaJimenez/install/ur_controllers/lib'
[15.711s] Level 1:colcon.colcon_core.shell:create_environment_hook('ur_controllers', 'ld_library_path_lib')
[15.711s] INFO:colcon.colcon_core.shell:Creating environment hook '/home/adela/TFM_AdelaJimenez/install/ur_controllers/share/ur_controllers/hook/ld_library_path_lib.ps1'
[15.727s] INFO:colcon.colcon_core.shell:Creating environment descriptor '/home/adela/TFM_AdelaJimenez/install/ur_controllers/share/ur_controllers/hook/ld_library_path_lib.dsv'
[15.727s] INFO:colcon.colcon_core.shell:Creating environment hook '/home/adela/TFM_AdelaJimenez/install/ur_controllers/share/ur_controllers/hook/ld_library_path_lib.sh'
[15.735s] Level 1:colcon.colcon_core.environment:checking '/home/adela/TFM_AdelaJimenez/install/ur_controllers/bin'
[15.735s] Level 1:colcon.colcon_core.environment:checking '/home/adela/TFM_AdelaJimenez/install/ur_controllers/lib/pkgconfig/ur_controllers.pc'
[15.736s] Level 1:colcon.colcon_core.environment:checking '/home/adela/TFM_AdelaJimenez/install/ur_controllers/lib/python3.10/site-packages'
[15.736s] Level 1:colcon.colcon_core.environment:checking '/home/adela/TFM_AdelaJimenez/install/ur_controllers/bin'
[15.736s] INFO:colcon.colcon_core.shell:Creating package script '/home/adela/TFM_AdelaJimenez/install/ur_controllers/share/ur_controllers/package.ps1'
[15.737s] INFO:colcon.colcon_core.shell:Creating package descriptor '/home/adela/TFM_AdelaJimenez/install/ur_controllers/share/ur_controllers/package.dsv'
[15.759s] INFO:colcon.colcon_core.shell:Creating package script '/home/adela/TFM_AdelaJimenez/install/ur_controllers/share/ur_controllers/package.sh'
[15.770s] INFO:colcon.colcon_core.shell:Creating package script '/home/adela/TFM_AdelaJimenez/install/ur_controllers/share/ur_controllers/package.bash'
[15.771s] INFO:colcon.colcon_core.shell:Creating package script '/home/adela/TFM_AdelaJimenez/install/ur_controllers/share/ur_controllers/package.zsh'
[15.772s] Level 1:colcon.colcon_core.environment:create_file_with_runtime_dependencies(/home/adela/TFM_AdelaJimenez/install/ur_controllers/share/colcon-core/packages/ur_controllers)
[18.411s] INFO:colcon.colcon_core.task.python.build:Building Python package in '/home/adela/TFM_AdelaJimenez/workspace/ros_ur_driver/src/data_logger'
[18.411s] INFO:colcon.colcon_core.shell:Skip shell extension 'powershell' for command environment: Not usable outside of PowerShell
[18.424s] DEBUG:colcon.colcon_core.shell:Skip shell extension 'dsv' for command environment
[18.509s] Level 1:colcon.colcon_core.environment:create_environment_scripts_only(ur_controllers)
[18.512s] Level 1:colcon.colcon_core.environment:checking '/home/adela/TFM_AdelaJimenez/install/ur_controllers' for CMake module files
[18.513s] Level 1:colcon.colcon_core.environment:checking '/home/adela/TFM_AdelaJimenez/install/ur_controllers' for CMake config files
[18.513s] Level 1:colcon.colcon_core.shell:create_environment_hook('ur_controllers', 'cmake_prefix_path')
[18.525s] INFO:colcon.colcon_core.shell:Creating environment hook '/home/adela/TFM_AdelaJimenez/install/ur_controllers/share/ur_controllers/hook/cmake_prefix_path.ps1'
[18.526s] INFO:colcon.colcon_core.shell:Creating environment descriptor '/home/adela/TFM_AdelaJimenez/install/ur_controllers/share/ur_controllers/hook/cmake_prefix_path.dsv'
[18.540s] INFO:colcon.colcon_core.shell:Creating environment hook '/home/adela/TFM_AdelaJimenez/install/ur_controllers/share/ur_controllers/hook/cmake_prefix_path.sh'
[18.542s] Level 1:colcon.colcon_core.environment:checking '/home/adela/TFM_AdelaJimenez/install/ur_controllers/lib'
[18.543s] Level 1:colcon.colcon_core.shell:create_environment_hook('ur_controllers', 'ld_library_path_lib')
[18.543s] INFO:colcon.colcon_core.shell:Creating environment hook '/home/adela/TFM_AdelaJimenez/install/ur_controllers/share/ur_controllers/hook/ld_library_path_lib.ps1'
[18.544s] INFO:colcon.colcon_core.shell:Creating environment descriptor '/home/adela/TFM_AdelaJimenez/install/ur_controllers/share/ur_controllers/hook/ld_library_path_lib.dsv'
[18.552s] INFO:colcon.colcon_core.shell:Creating environment hook '/home/adela/TFM_AdelaJimenez/install/ur_controllers/share/ur_controllers/hook/ld_library_path_lib.sh'
[18.585s] Level 1:colcon.colcon_core.environment:checking '/home/adela/TFM_AdelaJimenez/install/ur_controllers/bin'
[18.586s] Level 1:colcon.colcon_core.environment:checking '/home/adela/TFM_AdelaJimenez/install/ur_controllers/lib/pkgconfig/ur_controllers.pc'
[18.586s] Level 1:colcon.colcon_core.environment:checking '/home/adela/TFM_AdelaJimenez/install/ur_controllers/lib/python3.10/site-packages'
[18.589s] Level 1:colcon.colcon_core.environment:checking '/home/adela/TFM_AdelaJimenez/install/ur_controllers/bin'
[18.589s] INFO:colcon.colcon_core.shell:Creating package script '/home/adela/TFM_AdelaJimenez/install/ur_controllers/share/ur_controllers/package.ps1'
[18.591s] INFO:colcon.colcon_core.shell:Creating package descriptor '/home/adela/TFM_AdelaJimenez/install/ur_controllers/share/ur_controllers/package.dsv'
[18.592s] INFO:colcon.colcon_core.shell:Creating package script '/home/adela/TFM_AdelaJimenez/install/ur_controllers/share/ur_controllers/package.sh'
[18.597s] INFO:colcon.colcon_core.shell:Creating package script '/home/adela/TFM_AdelaJimenez/install/ur_controllers/share/ur_controllers/package.bash'
[18.598s] INFO:colcon.colcon_core.shell:Creating package script '/home/adela/TFM_AdelaJimenez/install/ur_controllers/share/ur_controllers/package.zsh'
[18.619s] Level 1:colcon.colcon_core.environment:create_file_with_runtime_dependencies(/home/adela/TFM_AdelaJimenez/install/ur_controllers/share/colcon-core/packages/ur_controllers)
[18.624s] INFO:colcon.colcon_ros.task.ament_cmake.build:Building ROS package in '/home/adela/TFM_AdelaJimenez/workspace/ros_ur_driver/src/Universal_Robots_ROS2_Driver/ur_robot_driver' with build type 'ament_cmake'
[18.625s] INFO:colcon.colcon_cmake.task.cmake.build:Building CMake package in '/home/adela/TFM_AdelaJimenez/workspace/ros_ur_driver/src/Universal_Robots_ROS2_Driver/ur_robot_driver'
[18.625s] INFO:colcon.colcon_core.shell:Skip shell extension 'powershell' for command environment: Not usable outside of PowerShell
[18.625s] DEBUG:colcon.colcon_core.shell:Skip shell extension 'dsv' for command environment
[18.853s] DEBUG:colcon.colcon_core.event_handler.log_command:Invoking command in '/home/adela/TFM_AdelaJimenez/build/ur_robot_driver': AMENT_PREFIX_PATH=/home/adela/TFM_AdelaJimenez/install/ur_controllers:/home/adela/TFM_AdelaJimenez/install/ur_description:/home/adela/TFM_AdelaJimenez/install/ur_dashboard_msgs:${AMENT_PREFIX_PATH} CMAKE_PREFIX_PATH=/home/adela/TFM_AdelaJimenez/install/ur_controllers:/home/adela/TFM_AdelaJimenez/install/ur_description:/home/adela/TFM_AdelaJimenez/install/ur_dashboard_msgs:/home/adela/TFM_AdelaJimenez/workspace/ros_ur_driver/install/ur:/home/adela/TFM_AdelaJimenez/workspace/ros_ur_driver/install/ur_calibration:/home/adela/TFM_AdelaJimenez/workspace/ros_ur_driver/install/ur_robot_driver:/home/adela/TFM_AdelaJimenez/workspace/ros_ur_driver/install/ur_moveit_config:/home/adela/TFM_AdelaJimenez/workspace/ros_ur_driver/install/ur_bringup:/home/adela/TFM_AdelaJimenez/workspace/ros_ur_driver/install/ur_description:/home/adela/TFM_AdelaJimenez/workspace/ros_ur_driver/install/ur_controllers:/home/adela/TFM_AdelaJimenez/workspace/ros_ur_driver/install/ur_dashboard_msgs:/home/adela/TFM_MiguelLerinAlonso/workspace/ros_ur_driver/install/ur:/home/adela/TFM_MiguelLerinAlonso/workspace/ros_ur_driver/install/ur_calibration:/home/adela/TFM_MiguelLerinAlonso/workspace/ros_ur_driver/install/ur_robot_driver:/home/adela/TFM_MiguelLerinAlonso/workspace/ros_ur_driver/install/ur_moveit_config:/home/adela/TFM_MiguelLerinAlonso/workspace/ros_ur_driver/install/ur_bringup:/home/adela/TFM_MiguelLerinAlonso/workspace/ros_ur_driver/install/ur_description:/home/adela/TFM_MiguelLerinAlonso/workspace/ros_ur_driver/install/ur_controllers:/home/adela/TFM_MiguelLerinAlonso/workspace/ros_ur_driver/install/ur_dashboard_msgs:/home/adela/workspace/ros_ur_driver/install/ur:/home/adela/workspace/ros_ur_driver/install/ur_calibration:/home/adela/workspace/ros_ur_driver/install/ur_robot_driver:/home/adela/workspace/ros_ur_driver/install/ur_moveit_config:/home/adela/workspace/ros_ur_driver/install/ur_bringup:/home/adela/workspace/ros_ur_driver/install/ur_description:/home/adela/workspace/ros_ur_driver/install/ur_controllers:/home/adela/workspace/ros_ur_driver/install/ur_dashboard_msgs:/home/adela/TFM_AdelaJimenez/workspace/ros_ur_driver/install/trayectories:/home/adela/TFM_AdelaJimenez/workspace/ros_ur_driver/install/rutine_launcher:/home/adela/TFM_AdelaJimenez/workspace/ros_ur_driver/install/data_logger:/home/adela/TFM_AdelaJimenez/workspace/ros_ur_driver/install/build_platform:/home/adela/TFM_MiguelLerinAlonso/workspace/ros_ur_driver/install/trayectories:/home/adela/TFM_MiguelLerinAlonso/workspace/ros_ur_driver/install/rutine_launcher:/home/adela/TFM_MiguelLerinAlonso/workspace/ros_ur_driver/install/data_logger:/home/adela/TFM_MiguelLerinAlonso/workspace/ros_ur_driver/install/build_platform:/opt/ros/humble LD_LIBRARY_PATH=/home/adela/TFM_AdelaJimenez/install/ur_controllers/lib:/home/adela/TFM_AdelaJimenez/install/ur_dashboard_msgs/lib:${LD_LIBRARY_PATH} PYTHONPATH=/home/adela/TFM_AdelaJimenez/install/ur_dashboard_msgs/local/lib/python3.10/dist-packages:${PYTHONPATH} /usr/bin/cmake --build /home/adela/TFM_AdelaJimenez/build/ur_robot_driver -- -j2 -l2
[21.945s] DEBUG:colcon.colcon_core.event_handler.log_command:Invoking command in '/home/adela/TFM_AdelaJimenez/workspace/ros_ur_driver/src/data_logger': PYTHONPATH=/home/adela/TFM_AdelaJimenez/build/data_logger/prefix_override:/home/adela/TFM_AdelaJimenez/install/data_logger/lib/python3.10/site-packages:${PYTHONPATH} /usr/bin/python3 -W ignore:setup.py install is deprecated setup.py egg_info --egg-base ../../../../build/data_logger build --build-base /home/adela/TFM_AdelaJimenez/build/data_logger/build install --record /home/adela/TFM_AdelaJimenez/build/data_logger/install.log --single-version-externally-managed install_data
[23.496s] DEBUG:colcon.colcon_core.event_handler.log_command:Invoked command in '/home/adela/TFM_AdelaJimenez/build/ur_robot_driver' returned '0': AMENT_PREFIX_PATH=/home/adela/TFM_AdelaJimenez/install/ur_controllers:/home/adela/TFM_AdelaJimenez/install/ur_description:/home/adela/TFM_AdelaJimenez/install/ur_dashboard_msgs:${AMENT_PREFIX_PATH} CMAKE_PREFIX_PATH=/home/adela/TFM_AdelaJimenez/install/ur_controllers:/home/adela/TFM_AdelaJimenez/install/ur_description:/home/adela/TFM_AdelaJimenez/install/ur_dashboard_msgs:/home/adela/TFM_AdelaJimenez/workspace/ros_ur_driver/install/ur:/home/adela/TFM_AdelaJimenez/workspace/ros_ur_driver/install/ur_calibration:/home/adela/TFM_AdelaJimenez/workspace/ros_ur_driver/install/ur_robot_driver:/home/adela/TFM_AdelaJimenez/workspace/ros_ur_driver/install/ur_moveit_config:/home/adela/TFM_AdelaJimenez/workspace/ros_ur_driver/install/ur_bringup:/home/adela/TFM_AdelaJimenez/workspace/ros_ur_driver/install/ur_description:/home/adela/TFM_AdelaJimenez/workspace/ros_ur_driver/install/ur_controllers:/home/adela/TFM_AdelaJimenez/workspace/ros_ur_driver/install/ur_dashboard_msgs:/home/adela/TFM_MiguelLerinAlonso/workspace/ros_ur_driver/install/ur:/home/adela/TFM_MiguelLerinAlonso/workspace/ros_ur_driver/install/ur_calibration:/home/adela/TFM_MiguelLerinAlonso/workspace/ros_ur_driver/install/ur_robot_driver:/home/adela/TFM_MiguelLerinAlonso/workspace/ros_ur_driver/install/ur_moveit_config:/home/adela/TFM_MiguelLerinAlonso/workspace/ros_ur_driver/install/ur_bringup:/home/adela/TFM_MiguelLerinAlonso/workspace/ros_ur_driver/install/ur_description:/home/adela/TFM_MiguelLerinAlonso/workspace/ros_ur_driver/install/ur_controllers:/home/adela/TFM_MiguelLerinAlonso/workspace/ros_ur_driver/install/ur_dashboard_msgs:/home/adela/workspace/ros_ur_driver/install/ur:/home/adela/workspace/ros_ur_driver/install/ur_calibration:/home/adela/workspace/ros_ur_driver/install/ur_robot_driver:/home/adela/workspace/ros_ur_driver/install/ur_moveit_config:/home/adela/workspace/ros_ur_driver/install/ur_bringup:/home/adela/workspace/ros_ur_driver/install/ur_description:/home/adela/workspace/ros_ur_driver/install/ur_controllers:/home/adela/workspace/ros_ur_driver/install/ur_dashboard_msgs:/home/adela/TFM_AdelaJimenez/workspace/ros_ur_driver/install/trayectories:/home/adela/TFM_AdelaJimenez/workspace/ros_ur_driver/install/rutine_launcher:/home/adela/TFM_AdelaJimenez/workspace/ros_ur_driver/install/data_logger:/home/adela/TFM_AdelaJimenez/workspace/ros_ur_driver/install/build_platform:/home/adela/TFM_MiguelLerinAlonso/workspace/ros_ur_driver/install/trayectories:/home/adela/TFM_MiguelLerinAlonso/workspace/ros_ur_driver/install/rutine_launcher:/home/adela/TFM_MiguelLerinAlonso/workspace/ros_ur_driver/install/data_logger:/home/adela/TFM_MiguelLerinAlonso/workspace/ros_ur_driver/install/build_platform:/opt/ros/humble LD_LIBRARY_PATH=/home/adela/TFM_AdelaJimenez/install/ur_controllers/lib:/home/adela/TFM_AdelaJimenez/install/ur_dashboard_msgs/lib:${LD_LIBRARY_PATH} PYTHONPATH=/home/adela/TFM_AdelaJimenez/install/ur_dashboard_msgs/local/lib/python3.10/dist-packages:${PYTHONPATH} /usr/bin/cmake --build /home/adela/TFM_AdelaJimenez/build/ur_robot_driver -- -j2 -l2
[23.744s] DEBUG:colcon.colcon_core.event_handler.log_command:Invoking command in '/home/adela/TFM_AdelaJimenez/build/ur_robot_driver': AMENT_PREFIX_PATH=/home/adela/TFM_AdelaJimenez/install/ur_controllers:/home/adela/TFM_AdelaJimenez/install/ur_description:/home/adela/TFM_AdelaJimenez/install/ur_dashboard_msgs:${AMENT_PREFIX_PATH} CMAKE_PREFIX_PATH=/home/adela/TFM_AdelaJimenez/install/ur_controllers:/home/adela/TFM_AdelaJimenez/install/ur_description:/home/adela/TFM_AdelaJimenez/install/ur_dashboard_msgs:/home/adela/TFM_AdelaJimenez/workspace/ros_ur_driver/install/ur:/home/adela/TFM_AdelaJimenez/workspace/ros_ur_driver/install/ur_calibration:/home/adela/TFM_AdelaJimenez/workspace/ros_ur_driver/install/ur_robot_driver:/home/adela/TFM_AdelaJimenez/workspace/ros_ur_driver/install/ur_moveit_config:/home/adela/TFM_AdelaJimenez/workspace/ros_ur_driver/install/ur_bringup:/home/adela/TFM_AdelaJimenez/workspace/ros_ur_driver/install/ur_description:/home/adela/TFM_AdelaJimenez/workspace/ros_ur_driver/install/ur_controllers:/home/adela/TFM_AdelaJimenez/workspace/ros_ur_driver/install/ur_dashboard_msgs:/home/adela/TFM_MiguelLerinAlonso/workspace/ros_ur_driver/install/ur:/home/adela/TFM_MiguelLerinAlonso/workspace/ros_ur_driver/install/ur_calibration:/home/adela/TFM_MiguelLerinAlonso/workspace/ros_ur_driver/install/ur_robot_driver:/home/adela/TFM_MiguelLerinAlonso/workspace/ros_ur_driver/install/ur_moveit_config:/home/adela/TFM_MiguelLerinAlonso/workspace/ros_ur_driver/install/ur_bringup:/home/adela/TFM_MiguelLerinAlonso/workspace/ros_ur_driver/install/ur_description:/home/adela/TFM_MiguelLerinAlonso/workspace/ros_ur_driver/install/ur_controllers:/home/adela/TFM_MiguelLerinAlonso/workspace/ros_ur_driver/install/ur_dashboard_msgs:/home/adela/workspace/ros_ur_driver/install/ur:/home/adela/workspace/ros_ur_driver/install/ur_calibration:/home/adela/workspace/ros_ur_driver/install/ur_robot_driver:/home/adela/workspace/ros_ur_driver/install/ur_moveit_config:/home/adela/workspace/ros_ur_driver/install/ur_bringup:/home/adela/workspace/ros_ur_driver/install/ur_description:/home/adela/workspace/ros_ur_driver/install/ur_controllers:/home/adela/workspace/ros_ur_driver/install/ur_dashboard_msgs:/home/adela/TFM_AdelaJimenez/workspace/ros_ur_driver/install/trayectories:/home/adela/TFM_AdelaJimenez/workspace/ros_ur_driver/install/rutine_launcher:/home/adela/TFM_AdelaJimenez/workspace/ros_ur_driver/install/data_logger:/home/adela/TFM_AdelaJimenez/workspace/ros_ur_driver/install/build_platform:/home/adela/TFM_MiguelLerinAlonso/workspace/ros_ur_driver/install/trayectories:/home/adela/TFM_MiguelLerinAlonso/workspace/ros_ur_driver/install/rutine_launcher:/home/adela/TFM_MiguelLerinAlonso/workspace/ros_ur_driver/install/data_logger:/home/adela/TFM_MiguelLerinAlonso/workspace/ros_ur_driver/install/build_platform:/opt/ros/humble LD_LIBRARY_PATH=/home/adela/TFM_AdelaJimenez/install/ur_controllers/lib:/home/adela/TFM_AdelaJimenez/install/ur_dashboard_msgs/lib:${LD_LIBRARY_PATH} PYTHONPATH=/home/adela/TFM_AdelaJimenez/install/ur_dashboard_msgs/local/lib/python3.10/dist-packages:${PYTHONPATH} /usr/bin/cmake --install /home/adela/TFM_AdelaJimenez/build/ur_robot_driver
[24.268s] Level 1:colcon.colcon_core.environment:create_environment_scripts_only(ur_robot_driver)
[24.269s] Level 1:colcon.colcon_core.environment:checking '/home/adela/TFM_AdelaJimenez/install/ur_robot_driver' for CMake module files
[24.270s] Level 1:colcon.colcon_core.environment:checking '/home/adela/TFM_AdelaJimenez/install/ur_robot_driver' for CMake config files
[24.272s] DEBUG:colcon.colcon_core.event_handler.log_command:Invoked command in '/home/adela/TFM_AdelaJimenez/build/ur_robot_driver' returned '0': AMENT_PREFIX_PATH=/home/adela/TFM_AdelaJimenez/install/ur_controllers:/home/adela/TFM_AdelaJimenez/install/ur_description:/home/adela/TFM_AdelaJimenez/install/ur_dashboard_msgs:${AMENT_PREFIX_PATH} CMAKE_PREFIX_PATH=/home/adela/TFM_AdelaJimenez/install/ur_controllers:/home/adela/TFM_AdelaJimenez/install/ur_description:/home/adela/TFM_AdelaJimenez/install/ur_dashboard_msgs:/home/adela/TFM_AdelaJimenez/workspace/ros_ur_driver/install/ur:/home/adela/TFM_AdelaJimenez/workspace/ros_ur_driver/install/ur_calibration:/home/adela/TFM_AdelaJimenez/workspace/ros_ur_driver/install/ur_robot_driver:/home/adela/TFM_AdelaJimenez/workspace/ros_ur_driver/install/ur_moveit_config:/home/adela/TFM_AdelaJimenez/workspace/ros_ur_driver/install/ur_bringup:/home/adela/TFM_AdelaJimenez/workspace/ros_ur_driver/install/ur_description:/home/adela/TFM_AdelaJimenez/workspace/ros_ur_driver/install/ur_controllers:/home/adela/TFM_AdelaJimenez/workspace/ros_ur_driver/install/ur_dashboard_msgs:/home/adela/TFM_MiguelLerinAlonso/workspace/ros_ur_driver/install/ur:/home/adela/TFM_MiguelLerinAlonso/workspace/ros_ur_driver/install/ur_calibration:/home/adela/TFM_MiguelLerinAlonso/workspace/ros_ur_driver/install/ur_robot_driver:/home/adela/TFM_MiguelLerinAlonso/workspace/ros_ur_driver/install/ur_moveit_config:/home/adela/TFM_MiguelLerinAlonso/workspace/ros_ur_driver/install/ur_bringup:/home/adela/TFM_MiguelLerinAlonso/workspace/ros_ur_driver/install/ur_description:/home/adela/TFM_MiguelLerinAlonso/workspace/ros_ur_driver/install/ur_controllers:/home/adela/TFM_MiguelLerinAlonso/workspace/ros_ur_driver/install/ur_dashboard_msgs:/home/adela/workspace/ros_ur_driver/install/ur:/home/adela/workspace/ros_ur_driver/install/ur_calibration:/home/adela/workspace/ros_ur_driver/install/ur_robot_driver:/home/adela/workspace/ros_ur_driver/install/ur_moveit_config:/home/adela/workspace/ros_ur_driver/install/ur_bringup:/home/adela/workspace/ros_ur_driver/install/ur_description:/home/adela/workspace/ros_ur_driver/install/ur_controllers:/home/adela/workspace/ros_ur_driver/install/ur_dashboard_msgs:/home/adela/TFM_AdelaJimenez/workspace/ros_ur_driver/install/trayectories:/home/adela/TFM_AdelaJimenez/workspace/ros_ur_driver/install/rutine_launcher:/home/adela/TFM_AdelaJimenez/workspace/ros_ur_driver/install/data_logger:/home/adela/TFM_AdelaJimenez/workspace/ros_ur_driver/install/build_platform:/home/adela/TFM_MiguelLerinAlonso/workspace/ros_ur_driver/install/trayectories:/home/adela/TFM_MiguelLerinAlonso/workspace/ros_ur_driver/install/rutine_launcher:/home/adela/TFM_MiguelLerinAlonso/workspace/ros_ur_driver/install/data_logger:/home/adela/TFM_MiguelLerinAlonso/workspace/ros_ur_driver/install/build_platform:/opt/ros/humble LD_LIBRARY_PATH=/home/adela/TFM_AdelaJimenez/install/ur_controllers/lib:/home/adela/TFM_AdelaJimenez/install/ur_dashboard_msgs/lib:${LD_LIBRARY_PATH} PYTHONPATH=/home/adela/TFM_AdelaJimenez/install/ur_dashboard_msgs/local/lib/python3.10/dist-packages:${PYTHONPATH} /usr/bin/cmake --install /home/adela/TFM_AdelaJimenez/build/ur_robot_driver
[24.275s] Level 1:colcon.colcon_core.shell:create_environment_hook('ur_robot_driver', 'cmake_prefix_path')
[24.275s] INFO:colcon.colcon_core.shell:Creating environment hook '/home/adela/TFM_AdelaJimenez/install/ur_robot_driver/share/ur_robot_driver/hook/cmake_prefix_path.ps1'
[24.276s] INFO:colcon.colcon_core.shell:Creating environment descriptor '/home/adela/TFM_AdelaJimenez/install/ur_robot_driver/share/ur_robot_driver/hook/cmake_prefix_path.dsv'
[24.277s] INFO:colcon.colcon_core.shell:Creating environment hook '/home/adela/TFM_AdelaJimenez/install/ur_robot_driver/share/ur_robot_driver/hook/cmake_prefix_path.sh'
[24.289s] Level 1:colcon.colcon_core.environment:checking '/home/adela/TFM_AdelaJimenez/install/ur_robot_driver/lib'
[24.289s] Level 1:colcon.colcon_core.shell:create_environment_hook('ur_robot_driver', 'ld_library_path_lib')
[24.289s] INFO:colcon.colcon_core.shell:Creating environment hook '/home/adela/TFM_AdelaJimenez/install/ur_robot_driver/share/ur_robot_driver/hook/ld_library_path_lib.ps1'
[24.310s] INFO:colcon.colcon_core.shell:Creating environment descriptor '/home/adela/TFM_AdelaJimenez/install/ur_robot_driver/share/ur_robot_driver/hook/ld_library_path_lib.dsv'
[24.311s] INFO:colcon.colcon_core.shell:Creating environment hook '/home/adela/TFM_AdelaJimenez/install/ur_robot_driver/share/ur_robot_driver/hook/ld_library_path_lib.sh'
[24.312s] Level 1:colcon.colcon_core.environment:checking '/home/adela/TFM_AdelaJimenez/install/ur_robot_driver/bin'
[24.313s] Level 1:colcon.colcon_core.shell:create_environment_hook('ur_robot_driver', 'path')
[24.313s] INFO:colcon.colcon_core.shell:Creating environment hook '/home/adela/TFM_AdelaJimenez/install/ur_robot_driver/share/ur_robot_driver/hook/path.ps1'
[24.314s] INFO:colcon.colcon_core.shell:Creating environment descriptor '/home/adela/TFM_AdelaJimenez/install/ur_robot_driver/share/ur_robot_driver/hook/path.dsv'
[24.317s] INFO:colcon.colcon_core.shell:Creating environment hook '/home/adela/TFM_AdelaJimenez/install/ur_robot_driver/share/ur_robot_driver/hook/path.sh'
[24.318s] Level 1:colcon.colcon_core.environment:checking '/home/adela/TFM_AdelaJimenez/install/ur_robot_driver/lib/pkgconfig/ur_robot_driver.pc'
[24.318s] Level 1:colcon.colcon_core.environment:checking '/home/adela/TFM_AdelaJimenez/install/ur_robot_driver/lib/python3.10/site-packages'
[24.319s] Level 1:colcon.colcon_core.environment:checking '/home/adela/TFM_AdelaJimenez/install/ur_robot_driver/bin'
[24.319s] Level 1:colcon.colcon_core.shell:create_environment_hook('ur_robot_driver', 'pythonscriptspath')
[24.319s] INFO:colcon.colcon_core.shell:Creating environment hook '/home/adela/TFM_AdelaJimenez/install/ur_robot_driver/share/ur_robot_driver/hook/pythonscriptspath.ps1'
[24.320s] INFO:colcon.colcon_core.shell:Creating environment descriptor '/home/adela/TFM_AdelaJimenez/install/ur_robot_driver/share/ur_robot_driver/hook/pythonscriptspath.dsv'
[24.339s] INFO:colcon.colcon_core.shell:Creating environment hook '/home/adela/TFM_AdelaJimenez/install/ur_robot_driver/share/ur_robot_driver/hook/pythonscriptspath.sh'
[24.343s] INFO:colcon.colcon_core.shell:Creating package script '/home/adela/TFM_AdelaJimenez/install/ur_robot_driver/share/ur_robot_driver/package.ps1'
[24.348s] INFO:colcon.colcon_core.shell:Creating package descriptor '/home/adela/TFM_AdelaJimenez/install/ur_robot_driver/share/ur_robot_driver/package.dsv'
[24.357s] INFO:colcon.colcon_core.shell:Creating package script '/home/adela/TFM_AdelaJimenez/install/ur_robot_driver/share/ur_robot_driver/package.sh'
[24.364s] INFO:colcon.colcon_core.shell:Creating package script '/home/adela/TFM_AdelaJimenez/install/ur_robot_driver/share/ur_robot_driver/package.bash'
[24.374s] INFO:colcon.colcon_core.shell:Creating package script '/home/adela/TFM_AdelaJimenez/install/ur_robot_driver/share/ur_robot_driver/package.zsh'
[24.376s] Level 1:colcon.colcon_core.environment:create_file_with_runtime_dependencies(/home/adela/TFM_AdelaJimenez/install/ur_robot_driver/share/colcon-core/packages/ur_robot_driver)
[24.819s] Level 1:colcon.colcon_core.environment:create_environment_scripts_only(ur_robot_driver)
[24.820s] Level 1:colcon.colcon_core.environment:checking '/home/adela/TFM_AdelaJimenez/install/ur_robot_driver' for CMake module files
[24.833s] Level 1:colcon.colcon_core.environment:checking '/home/adela/TFM_AdelaJimenez/install/ur_robot_driver' for CMake config files
[24.834s] Level 1:colcon.colcon_core.shell:create_environment_hook('ur_robot_driver', 'cmake_prefix_path')
[24.842s] INFO:colcon.colcon_core.shell:Creating environment hook '/home/adela/TFM_AdelaJimenez/install/ur_robot_driver/share/ur_robot_driver/hook/cmake_prefix_path.ps1'
[24.842s] INFO:colcon.colcon_core.shell:Creating environment descriptor '/home/adela/TFM_AdelaJimenez/install/ur_robot_driver/share/ur_robot_driver/hook/cmake_prefix_path.dsv'
[24.851s] INFO:colcon.colcon_core.shell:Creating environment hook '/home/adela/TFM_AdelaJimenez/install/ur_robot_driver/share/ur_robot_driver/hook/cmake_prefix_path.sh'
[24.874s] Level 1:colcon.colcon_core.environment:checking '/home/adela/TFM_AdelaJimenez/install/ur_robot_driver/lib'
[24.874s] Level 1:colcon.colcon_core.shell:create_environment_hook('ur_robot_driver', 'ld_library_path_lib')
[24.874s] INFO:colcon.colcon_core.shell:Creating environment hook '/home/adela/TFM_AdelaJimenez/install/ur_robot_driver/share/ur_robot_driver/hook/ld_library_path_lib.ps1'
[24.875s] INFO:colcon.colcon_core.shell:Creating environment descriptor '/home/adela/TFM_AdelaJimenez/install/ur_robot_driver/share/ur_robot_driver/hook/ld_library_path_lib.dsv'
[24.880s] INFO:colcon.colcon_core.shell:Creating environment hook '/home/adela/TFM_AdelaJimenez/install/ur_robot_driver/share/ur_robot_driver/hook/ld_library_path_lib.sh'
[24.898s] Level 1:colcon.colcon_core.environment:checking '/home/adela/TFM_AdelaJimenez/install/ur_robot_driver/bin'
[24.898s] Level 1:colcon.colcon_core.shell:create_environment_hook('ur_robot_driver', 'path')
[24.899s] INFO:colcon.colcon_core.shell:Creating environment hook '/home/adela/TFM_AdelaJimenez/install/ur_robot_driver/share/ur_robot_driver/hook/path.ps1'
[24.904s] INFO:colcon.colcon_core.shell:Creating environment descriptor '/home/adela/TFM_AdelaJimenez/install/ur_robot_driver/share/ur_robot_driver/hook/path.dsv'
[24.913s] INFO:colcon.colcon_core.shell:Creating environment hook '/home/adela/TFM_AdelaJimenez/install/ur_robot_driver/share/ur_robot_driver/hook/path.sh'
[24.919s] Level 1:colcon.colcon_core.environment:checking '/home/adela/TFM_AdelaJimenez/install/ur_robot_driver/lib/pkgconfig/ur_robot_driver.pc'
[24.937s] Level 1:colcon.colcon_core.environment:checking '/home/adela/TFM_AdelaJimenez/install/ur_robot_driver/lib/python3.10/site-packages'
[24.937s] Level 1:colcon.colcon_core.environment:checking '/home/adela/TFM_AdelaJimenez/install/ur_robot_driver/bin'
[24.937s] Level 1:colcon.colcon_core.shell:create_environment_hook('ur_robot_driver', 'pythonscriptspath')
[24.938s] INFO:colcon.colcon_core.shell:Creating environment hook '/home/adela/TFM_AdelaJimenez/install/ur_robot_driver/share/ur_robot_driver/hook/pythonscriptspath.ps1'
[24.943s] INFO:colcon.colcon_core.shell:Creating environment descriptor '/home/adela/TFM_AdelaJimenez/install/ur_robot_driver/share/ur_robot_driver/hook/pythonscriptspath.dsv'
[24.945s] INFO:colcon.colcon_core.shell:Creating environment hook '/home/adela/TFM_AdelaJimenez/install/ur_robot_driver/share/ur_robot_driver/hook/pythonscriptspath.sh'
[24.950s] INFO:colcon.colcon_core.shell:Creating package script '/home/adela/TFM_AdelaJimenez/install/ur_robot_driver/share/ur_robot_driver/package.ps1'
[24.974s] INFO:colcon.colcon_core.shell:Creating package descriptor '/home/adela/TFM_AdelaJimenez/install/ur_robot_driver/share/ur_robot_driver/package.dsv'
[24.984s] INFO:colcon.colcon_core.shell:Creating package script '/home/adela/TFM_AdelaJimenez/install/ur_robot_driver/share/ur_robot_driver/package.sh'
[24.985s] INFO:colcon.colcon_core.shell:Creating package script '/home/adela/TFM_AdelaJimenez/install/ur_robot_driver/share/ur_robot_driver/package.bash'
[24.993s] INFO:colcon.colcon_core.shell:Creating package script '/home/adela/TFM_AdelaJimenez/install/ur_robot_driver/share/ur_robot_driver/package.zsh'
[24.994s] Level 1:colcon.colcon_core.environment:create_file_with_runtime_dependencies(/home/adela/TFM_AdelaJimenez/install/ur_robot_driver/share/colcon-core/packages/ur_robot_driver)
[25.003s] INFO:colcon.colcon_ros.task.ament_cmake.build:Building ROS package in '/home/adela/TFM_AdelaJimenez/workspace/ros_ur_driver/src/Universal_Robots_ROS2_Driver/ur_calibration' with build type 'ament_cmake'
[25.004s] INFO:colcon.colcon_cmake.task.cmake.build:Building CMake package in '/home/adela/TFM_AdelaJimenez/workspace/ros_ur_driver/src/Universal_Robots_ROS2_Driver/ur_calibration'
[25.013s] INFO:colcon.colcon_core.shell:Skip shell extension 'powershell' for command environment: Not usable outside of PowerShell
[25.013s] DEBUG:colcon.colcon_core.shell:Skip shell extension 'dsv' for command environment
[25.254s] Level 1:colcon.colcon_core.environment:checking '/home/adela/TFM_AdelaJimenez/install/data_logger' for CMake module files
[25.257s] DEBUG:colcon.colcon_core.event_handler.log_command:Invoked command in '/home/adela/TFM_AdelaJimenez/workspace/ros_ur_driver/src/data_logger' returned '0': PYTHONPATH=/home/adela/TFM_AdelaJimenez/build/data_logger/prefix_override:/home/adela/TFM_AdelaJimenez/install/data_logger/lib/python3.10/site-packages:${PYTHONPATH} /usr/bin/python3 -W ignore:setup.py install is deprecated setup.py egg_info --egg-base ../../../../build/data_logger build --build-base /home/adela/TFM_AdelaJimenez/build/data_logger/build install --record /home/adela/TFM_AdelaJimenez/build/data_logger/install.log --single-version-externally-managed install_data
[25.257s] Level 1:colcon.colcon_core.environment:checking '/home/adela/TFM_AdelaJimenez/install/data_logger' for CMake config files
[25.259s] Level 1:colcon.colcon_core.environment:checking '/home/adela/TFM_AdelaJimenez/install/data_logger/lib'
[25.259s] Level 1:colcon.colcon_core.environment:checking '/home/adela/TFM_AdelaJimenez/install/data_logger/bin'
[25.259s] Level 1:colcon.colcon_core.environment:checking '/home/adela/TFM_AdelaJimenez/install/data_logger/lib/pkgconfig/data_logger.pc'
[25.260s] Level 1:colcon.colcon_core.environment:checking '/home/adela/TFM_AdelaJimenez/install/data_logger/lib/python3.10/site-packages'
[25.263s] Level 1:colcon.colcon_core.shell:create_environment_hook('data_logger', 'pythonpath')
[25.280s] INFO:colcon.colcon_core.shell:Creating environment hook '/home/adela/TFM_AdelaJimenez/install/data_logger/share/data_logger/hook/pythonpath.ps1'
[25.289s] INFO:colcon.colcon_core.shell:Creating environment descriptor '/home/adela/TFM_AdelaJimenez/install/data_logger/share/data_logger/hook/pythonpath.dsv'
[25.290s] INFO:colcon.colcon_core.shell:Creating environment hook '/home/adela/TFM_AdelaJimenez/install/data_logger/share/data_logger/hook/pythonpath.sh'
[25.293s] Level 1:colcon.colcon_core.environment:checking '/home/adela/TFM_AdelaJimenez/install/data_logger/bin'
[25.293s] Level 1:colcon.colcon_core.environment:create_environment_scripts_only(data_logger)
[25.294s] INFO:colcon.colcon_core.shell:Creating package script '/home/adela/TFM_AdelaJimenez/install/data_logger/share/data_logger/package.ps1'
[25.295s] INFO:colcon.colcon_core.shell:Creating package descriptor '/home/adela/TFM_AdelaJimenez/install/data_logger/share/data_logger/package.dsv'
[25.311s] INFO:colcon.colcon_core.shell:Creating package script '/home/adela/TFM_AdelaJimenez/install/data_logger/share/data_logger/package.sh'
[25.314s] INFO:colcon.colcon_core.shell:Creating package script '/home/adela/TFM_AdelaJimenez/install/data_logger/share/data_logger/package.bash'
[25.315s] INFO:colcon.colcon_core.shell:Creating package script '/home/adela/TFM_AdelaJimenez/install/data_logger/share/data_logger/package.zsh'
[25.327s] Level 1:colcon.colcon_core.environment:create_file_with_runtime_dependencies(/home/adela/TFM_AdelaJimenez/install/data_logger/share/colcon-core/packages/data_logger)
[25.350s] INFO:colcon.colcon_ros.task.ament_python.build:Building ROS package in '/home/adela/TFM_AdelaJimenez/workspace/ros_ur_driver/src/rutine_launcher' with build type 'ament_python'
[25.350s] Level 1:colcon.colcon_core.shell:create_environment_hook('rutine_launcher', 'ament_prefix_path')
[25.351s] INFO:colcon.colcon_core.shell:Creating environment hook '/home/adela/TFM_AdelaJimenez/install/rutine_launcher/share/rutine_launcher/hook/ament_prefix_path.ps1'
[25.367s] INFO:colcon.colcon_core.shell:Creating environment descriptor '/home/adela/TFM_AdelaJimenez/install/rutine_launcher/share/rutine_launcher/hook/ament_prefix_path.dsv'
[25.380s] INFO:colcon.colcon_core.shell:Creating environment hook '/home/adela/TFM_AdelaJimenez/install/rutine_launcher/share/rutine_launcher/hook/ament_prefix_path.sh'
[25.397s] INFO:colcon.colcon_core.shell:Skip shell extension 'powershell' for command environment: Not usable outside of PowerShell
[25.402s] DEBUG:colcon.colcon_core.shell:Skip shell extension 'dsv' for command environment
[25.584s] DEBUG:colcon.colcon_core.event_handler.log_command:Invoking command in '/home/adela/TFM_AdelaJimenez/build/ur_calibration': AMENT_PREFIX_PATH=/home/adela/TFM_AdelaJimenez/install/ur_robot_driver:/home/adela/TFM_AdelaJimenez/install/ur_controllers:/home/adela/TFM_AdelaJimenez/install/ur_description:/home/adela/TFM_AdelaJimenez/install/ur_dashboard_msgs:${AMENT_PREFIX_PATH} CMAKE_PREFIX_PATH=/home/adela/TFM_AdelaJimenez/install/ur_robot_driver:/home/adela/TFM_AdelaJimenez/install/ur_controllers:/home/adela/TFM_AdelaJimenez/install/ur_description:/home/adela/TFM_AdelaJimenez/install/ur_dashboard_msgs:/home/adela/TFM_AdelaJimenez/workspace/ros_ur_driver/install/ur:/home/adela/TFM_AdelaJimenez/workspace/ros_ur_driver/install/ur_calibration:/home/adela/TFM_AdelaJimenez/workspace/ros_ur_driver/install/ur_robot_driver:/home/adela/TFM_AdelaJimenez/workspace/ros_ur_driver/install/ur_moveit_config:/home/adela/TFM_AdelaJimenez/workspace/ros_ur_driver/install/ur_bringup:/home/adela/TFM_AdelaJimenez/workspace/ros_ur_driver/install/ur_description:/home/adela/TFM_AdelaJimenez/workspace/ros_ur_driver/install/ur_controllers:/home/adela/TFM_AdelaJimenez/workspace/ros_ur_driver/install/ur_dashboard_msgs:/home/adela/TFM_MiguelLerinAlonso/workspace/ros_ur_driver/install/ur:/home/adela/TFM_MiguelLerinAlonso/workspace/ros_ur_driver/install/ur_calibration:/home/adela/TFM_MiguelLerinAlonso/workspace/ros_ur_driver/install/ur_robot_driver:/home/adela/TFM_MiguelLerinAlonso/workspace/ros_ur_driver/install/ur_moveit_config:/home/adela/TFM_MiguelLerinAlonso/workspace/ros_ur_driver/install/ur_bringup:/home/adela/TFM_MiguelLerinAlonso/workspace/ros_ur_driver/install/ur_description:/home/adela/TFM_MiguelLerinAlonso/workspace/ros_ur_driver/install/ur_controllers:/home/adela/TFM_MiguelLerinAlonso/workspace/ros_ur_driver/install/ur_dashboard_msgs:/home/adela/workspace/ros_ur_driver/install/ur:/home/adela/workspace/ros_ur_driver/install/ur_calibration:/home/adela/workspace/ros_ur_driver/install/ur_robot_driver:/home/adela/workspace/ros_ur_driver/install/ur_moveit_config:/home/adela/workspace/ros_ur_driver/install/ur_bringup:/home/adela/workspace/ros_ur_driver/install/ur_description:/home/adela/workspace/ros_ur_driver/install/ur_controllers:/home/adela/workspace/ros_ur_driver/install/ur_dashboard_msgs:/home/adela/TFM_AdelaJimenez/workspace/ros_ur_driver/install/trayectories:/home/adela/TFM_AdelaJimenez/workspace/ros_ur_driver/install/rutine_launcher:/home/adela/TFM_AdelaJimenez/workspace/ros_ur_driver/install/data_logger:/home/adela/TFM_AdelaJimenez/workspace/ros_ur_driver/install/build_platform:/home/adela/TFM_MiguelLerinAlonso/workspace/ros_ur_driver/install/trayectories:/home/adela/TFM_MiguelLerinAlonso/workspace/ros_ur_driver/install/rutine_launcher:/home/adela/TFM_MiguelLerinAlonso/workspace/ros_ur_driver/install/data_logger:/home/adela/TFM_MiguelLerinAlonso/workspace/ros_ur_driver/install/build_platform:/opt/ros/humble LD_LIBRARY_PATH=/home/adela/TFM_AdelaJimenez/install/ur_robot_driver/lib:/home/adela/TFM_AdelaJimenez/install/ur_controllers/lib:/home/adela/TFM_AdelaJimenez/install/ur_dashboard_msgs/lib:${LD_LIBRARY_PATH} PATH=/home/adela/TFM_AdelaJimenez/install/ur_robot_driver/bin:${PATH} PYTHONPATH=/home/adela/TFM_AdelaJimenez/install/ur_robot_driver/local/lib/python3.10/dist-packages:/home/adela/TFM_AdelaJimenez/install/ur_dashboard_msgs/local/lib/python3.10/dist-packages:${PYTHONPATH} /usr/bin/cmake --build /home/adela/TFM_AdelaJimenez/build/ur_calibration -- -j2 -l2
[27.925s] INFO:colcon.colcon_core.task.python.build:Building Python package in '/home/adela/TFM_AdelaJimenez/workspace/ros_ur_driver/src/rutine_launcher'
[27.925s] INFO:colcon.colcon_core.shell:Skip shell extension 'powershell' for command environment: Not usable outside of PowerShell
[27.925s] DEBUG:colcon.colcon_core.shell:Skip shell extension 'dsv' for command environment
[27.985s] DEBUG:colcon.colcon_core.event_handler.log_command:Invoked command in '/home/adela/TFM_AdelaJimenez/build/ur_calibration' returned '0': AMENT_PREFIX_PATH=/home/adela/TFM_AdelaJimenez/install/ur_robot_driver:/home/adela/TFM_AdelaJimenez/install/ur_controllers:/home/adela/TFM_AdelaJimenez/install/ur_description:/home/adela/TFM_AdelaJimenez/install/ur_dashboard_msgs:${AMENT_PREFIX_PATH} CMAKE_PREFIX_PATH=/home/adela/TFM_AdelaJimenez/install/ur_robot_driver:/home/adela/TFM_AdelaJimenez/install/ur_controllers:/home/adela/TFM_AdelaJimenez/install/ur_description:/home/adela/TFM_AdelaJimenez/install/ur_dashboard_msgs:/home/adela/TFM_AdelaJimenez/workspace/ros_ur_driver/install/ur:/home/adela/TFM_AdelaJimenez/workspace/ros_ur_driver/install/ur_calibration:/home/adela/TFM_AdelaJimenez/workspace/ros_ur_driver/install/ur_robot_driver:/home/adela/TFM_AdelaJimenez/workspace/ros_ur_driver/install/ur_moveit_config:/home/adela/TFM_AdelaJimenez/workspace/ros_ur_driver/install/ur_bringup:/home/adela/TFM_AdelaJimenez/workspace/ros_ur_driver/install/ur_description:/home/adela/TFM_AdelaJimenez/workspace/ros_ur_driver/install/ur_controllers:/home/adela/TFM_AdelaJimenez/workspace/ros_ur_driver/install/ur_dashboard_msgs:/home/adela/TFM_MiguelLerinAlonso/workspace/ros_ur_driver/install/ur:/home/adela/TFM_MiguelLerinAlonso/workspace/ros_ur_driver/install/ur_calibration:/home/adela/TFM_MiguelLerinAlonso/workspace/ros_ur_driver/install/ur_robot_driver:/home/adela/TFM_MiguelLerinAlonso/workspace/ros_ur_driver/install/ur_moveit_config:/home/adela/TFM_MiguelLerinAlonso/workspace/ros_ur_driver/install/ur_bringup:/home/adela/TFM_MiguelLerinAlonso/workspace/ros_ur_driver/install/ur_description:/home/adela/TFM_MiguelLerinAlonso/workspace/ros_ur_driver/install/ur_controllers:/home/adela/TFM_MiguelLerinAlonso/workspace/ros_ur_driver/install/ur_dashboard_msgs:/home/adela/workspace/ros_ur_driver/install/ur:/home/adela/workspace/ros_ur_driver/install/ur_calibration:/home/adela/workspace/ros_ur_driver/install/ur_robot_driver:/home/adela/workspace/ros_ur_driver/install/ur_moveit_config:/home/adela/workspace/ros_ur_driver/install/ur_bringup:/home/adela/workspace/ros_ur_driver/install/ur_description:/home/adela/workspace/ros_ur_driver/install/ur_controllers:/home/adela/workspace/ros_ur_driver/install/ur_dashboard_msgs:/home/adela/TFM_AdelaJimenez/workspace/ros_ur_driver/install/trayectories:/home/adela/TFM_AdelaJimenez/workspace/ros_ur_driver/install/rutine_launcher:/home/adela/TFM_AdelaJimenez/workspace/ros_ur_driver/install/data_logger:/home/adela/TFM_AdelaJimenez/workspace/ros_ur_driver/install/build_platform:/home/adela/TFM_MiguelLerinAlonso/workspace/ros_ur_driver/install/trayectories:/home/adela/TFM_MiguelLerinAlonso/workspace/ros_ur_driver/install/rutine_launcher:/home/adela/TFM_MiguelLerinAlonso/workspace/ros_ur_driver/install/data_logger:/home/adela/TFM_MiguelLerinAlonso/workspace/ros_ur_driver/install/build_platform:/opt/ros/humble LD_LIBRARY_PATH=/home/adela/TFM_AdelaJimenez/install/ur_robot_driver/lib:/home/adela/TFM_AdelaJimenez/install/ur_controllers/lib:/home/adela/TFM_AdelaJimenez/install/ur_dashboard_msgs/lib:${LD_LIBRARY_PATH} PATH=/home/adela/TFM_AdelaJimenez/install/ur_robot_driver/bin:${PATH} PYTHONPATH=/home/adela/TFM_AdelaJimenez/install/ur_robot_driver/local/lib/python3.10/dist-packages:/home/adela/TFM_AdelaJimenez/install/ur_dashboard_msgs/local/lib/python3.10/dist-packages:${PYTHONPATH} /usr/bin/cmake --build /home/adela/TFM_AdelaJimenez/build/ur_calibration -- -j2 -l2
[28.276s] DEBUG:colcon.colcon_core.event_handler.log_command:Invoking command in '/home/adela/TFM_AdelaJimenez/build/ur_calibration': AMENT_PREFIX_PATH=/home/adela/TFM_AdelaJimenez/install/ur_robot_driver:/home/adela/TFM_AdelaJimenez/install/ur_controllers:/home/adela/TFM_AdelaJimenez/install/ur_description:/home/adela/TFM_AdelaJimenez/install/ur_dashboard_msgs:${AMENT_PREFIX_PATH} CMAKE_PREFIX_PATH=/home/adela/TFM_AdelaJimenez/install/ur_robot_driver:/home/adela/TFM_AdelaJimenez/install/ur_controllers:/home/adela/TFM_AdelaJimenez/install/ur_description:/home/adela/TFM_AdelaJimenez/install/ur_dashboard_msgs:/home/adela/TFM_AdelaJimenez/workspace/ros_ur_driver/install/ur:/home/adela/TFM_AdelaJimenez/workspace/ros_ur_driver/install/ur_calibration:/home/adela/TFM_AdelaJimenez/workspace/ros_ur_driver/install/ur_robot_driver:/home/adela/TFM_AdelaJimenez/workspace/ros_ur_driver/install/ur_moveit_config:/home/adela/TFM_AdelaJimenez/workspace/ros_ur_driver/install/ur_bringup:/home/adela/TFM_AdelaJimenez/workspace/ros_ur_driver/install/ur_description:/home/adela/TFM_AdelaJimenez/workspace/ros_ur_driver/install/ur_controllers:/home/adela/TFM_AdelaJimenez/workspace/ros_ur_driver/install/ur_dashboard_msgs:/home/adela/TFM_MiguelLerinAlonso/workspace/ros_ur_driver/install/ur:/home/adela/TFM_MiguelLerinAlonso/workspace/ros_ur_driver/install/ur_calibration:/home/adela/TFM_MiguelLerinAlonso/workspace/ros_ur_driver/install/ur_robot_driver:/home/adela/TFM_MiguelLerinAlonso/workspace/ros_ur_driver/install/ur_moveit_config:/home/adela/TFM_MiguelLerinAlonso/workspace/ros_ur_driver/install/ur_bringup:/home/adela/TFM_MiguelLerinAlonso/workspace/ros_ur_driver/install/ur_description:/home/adela/TFM_MiguelLerinAlonso/workspace/ros_ur_driver/install/ur_controllers:/home/adela/TFM_MiguelLerinAlonso/workspace/ros_ur_driver/install/ur_dashboard_msgs:/home/adela/workspace/ros_ur_driver/install/ur:/home/adela/workspace/ros_ur_driver/install/ur_calibration:/home/adela/workspace/ros_ur_driver/install/ur_robot_driver:/home/adela/workspace/ros_ur_driver/install/ur_moveit_config:/home/adela/workspace/ros_ur_driver/install/ur_bringup:/home/adela/workspace/ros_ur_driver/install/ur_description:/home/adela/workspace/ros_ur_driver/install/ur_controllers:/home/adela/workspace/ros_ur_driver/install/ur_dashboard_msgs:/home/adela/TFM_AdelaJimenez/workspace/ros_ur_driver/install/trayectories:/home/adela/TFM_AdelaJimenez/workspace/ros_ur_driver/install/rutine_launcher:/home/adela/TFM_AdelaJimenez/workspace/ros_ur_driver/install/data_logger:/home/adela/TFM_AdelaJimenez/workspace/ros_ur_driver/install/build_platform:/home/adela/TFM_MiguelLerinAlonso/workspace/ros_ur_driver/install/trayectories:/home/adela/TFM_MiguelLerinAlonso/workspace/ros_ur_driver/install/rutine_launcher:/home/adela/TFM_MiguelLerinAlonso/workspace/ros_ur_driver/install/data_logger:/home/adela/TFM_MiguelLerinAlonso/workspace/ros_ur_driver/install/build_platform:/opt/ros/humble LD_LIBRARY_PATH=/home/adela/TFM_AdelaJimenez/install/ur_robot_driver/lib:/home/adela/TFM_AdelaJimenez/install/ur_controllers/lib:/home/adela/TFM_AdelaJimenez/install/ur_dashboard_msgs/lib:${LD_LIBRARY_PATH} PATH=/home/adela/TFM_AdelaJimenez/install/ur_robot_driver/bin:${PATH} PYTHONPATH=/home/adela/TFM_AdelaJimenez/install/ur_robot_driver/local/lib/python3.10/dist-packages:/home/adela/TFM_AdelaJimenez/install/ur_dashboard_msgs/local/lib/python3.10/dist-packages:${PYTHONPATH} /usr/bin/cmake --install /home/adela/TFM_AdelaJimenez/build/ur_calibration
[28.402s] Level 1:colcon.colcon_core.environment:create_environment_scripts_only(ur_calibration)
[28.403s] Level 1:colcon.colcon_core.environment:checking '/home/adela/TFM_AdelaJimenez/install/ur_calibration' for CMake module files
[28.404s] Level 1:colcon.colcon_core.environment:checking '/home/adela/TFM_AdelaJimenez/install/ur_calibration' for CMake config files
[28.404s] Level 1:colcon.colcon_core.shell:create_environment_hook('ur_calibration', 'cmake_prefix_path')
[28.412s] INFO:colcon.colcon_core.shell:Creating environment hook '/home/adela/TFM_AdelaJimenez/install/ur_calibration/share/ur_calibration/hook/cmake_prefix_path.ps1'
[28.423s] INFO:colcon.colcon_core.shell:Creating environment descriptor '/home/adela/TFM_AdelaJimenez/install/ur_calibration/share/ur_calibration/hook/cmake_prefix_path.dsv'
[28.430s] INFO:colcon.colcon_core.shell:Creating environment hook '/home/adela/TFM_AdelaJimenez/install/ur_calibration/share/ur_calibration/hook/cmake_prefix_path.sh'
[28.431s] DEBUG:colcon.colcon_core.event_handler.log_command:Invoked command in '/home/adela/TFM_AdelaJimenez/build/ur_calibration' returned '0': AMENT_PREFIX_PATH=/home/adela/TFM_AdelaJimenez/install/ur_robot_driver:/home/adela/TFM_AdelaJimenez/install/ur_controllers:/home/adela/TFM_AdelaJimenez/install/ur_description:/home/adela/TFM_AdelaJimenez/install/ur_dashboard_msgs:${AMENT_PREFIX_PATH} CMAKE_PREFIX_PATH=/home/adela/TFM_AdelaJimenez/install/ur_robot_driver:/home/adela/TFM_AdelaJimenez/install/ur_controllers:/home/adela/TFM_AdelaJimenez/install/ur_description:/home/adela/TFM_AdelaJimenez/install/ur_dashboard_msgs:/home/adela/TFM_AdelaJimenez/workspace/ros_ur_driver/install/ur:/home/adela/TFM_AdelaJimenez/workspace/ros_ur_driver/install/ur_calibration:/home/adela/TFM_AdelaJimenez/workspace/ros_ur_driver/install/ur_robot_driver:/home/adela/TFM_AdelaJimenez/workspace/ros_ur_driver/install/ur_moveit_config:/home/adela/TFM_AdelaJimenez/workspace/ros_ur_driver/install/ur_bringup:/home/adela/TFM_AdelaJimenez/workspace/ros_ur_driver/install/ur_description:/home/adela/TFM_AdelaJimenez/workspace/ros_ur_driver/install/ur_controllers:/home/adela/TFM_AdelaJimenez/workspace/ros_ur_driver/install/ur_dashboard_msgs:/home/adela/TFM_MiguelLerinAlonso/workspace/ros_ur_driver/install/ur:/home/adela/TFM_MiguelLerinAlonso/workspace/ros_ur_driver/install/ur_calibration:/home/adela/TFM_MiguelLerinAlonso/workspace/ros_ur_driver/install/ur_robot_driver:/home/adela/TFM_MiguelLerinAlonso/workspace/ros_ur_driver/install/ur_moveit_config:/home/adela/TFM_MiguelLerinAlonso/workspace/ros_ur_driver/install/ur_bringup:/home/adela/TFM_MiguelLerinAlonso/workspace/ros_ur_driver/install/ur_description:/home/adela/TFM_MiguelLerinAlonso/workspace/ros_ur_driver/install/ur_controllers:/home/adela/TFM_MiguelLerinAlonso/workspace/ros_ur_driver/install/ur_dashboard_msgs:/home/adela/workspace/ros_ur_driver/install/ur:/home/adela/workspace/ros_ur_driver/install/ur_calibration:/home/adela/workspace/ros_ur_driver/install/ur_robot_driver:/home/adela/workspace/ros_ur_driver/install/ur_moveit_config:/home/adela/workspace/ros_ur_driver/install/ur_bringup:/home/adela/workspace/ros_ur_driver/install/ur_description:/home/adela/workspace/ros_ur_driver/install/ur_controllers:/home/adela/workspace/ros_ur_driver/install/ur_dashboard_msgs:/home/adela/TFM_AdelaJimenez/workspace/ros_ur_driver/install/trayectories:/home/adela/TFM_AdelaJimenez/workspace/ros_ur_driver/install/rutine_launcher:/home/adela/TFM_AdelaJimenez/workspace/ros_ur_driver/install/data_logger:/home/adela/TFM_AdelaJimenez/workspace/ros_ur_driver/install/build_platform:/home/adela/TFM_MiguelLerinAlonso/workspace/ros_ur_driver/install/trayectories:/home/adela/TFM_MiguelLerinAlonso/workspace/ros_ur_driver/install/rutine_launcher:/home/adela/TFM_MiguelLerinAlonso/workspace/ros_ur_driver/install/data_logger:/home/adela/TFM_MiguelLerinAlonso/workspace/ros_ur_driver/install/build_platform:/opt/ros/humble LD_LIBRARY_PATH=/home/adela/TFM_AdelaJimenez/install/ur_robot_driver/lib:/home/adela/TFM_AdelaJimenez/install/ur_controllers/lib:/home/adela/TFM_AdelaJimenez/install/ur_dashboard_msgs/lib:${LD_LIBRARY_PATH} PATH=/home/adela/TFM_AdelaJimenez/install/ur_robot_driver/bin:${PATH} PYTHONPATH=/home/adela/TFM_AdelaJimenez/install/ur_robot_driver/local/lib/python3.10/dist-packages:/home/adela/TFM_AdelaJimenez/install/ur_dashboard_msgs/local/lib/python3.10/dist-packages:${PYTHONPATH} /usr/bin/cmake --install /home/adela/TFM_AdelaJimenez/build/ur_calibration
[28.443s] Level 1:colcon.colcon_core.environment:checking '/home/adela/TFM_AdelaJimenez/install/ur_calibration/lib'
[28.443s] Level 1:colcon.colcon_core.environment:checking '/home/adela/TFM_AdelaJimenez/install/ur_calibration/bin'
[28.444s] Level 1:colcon.colcon_core.environment:checking '/home/adela/TFM_AdelaJimenez/install/ur_calibration/lib/pkgconfig/ur_calibration.pc'
[28.445s] Level 1:colcon.colcon_core.environment:checking '/home/adela/TFM_AdelaJimenez/install/ur_calibration/lib/python3.10/site-packages'
[28.446s] Level 1:colcon.colcon_core.environment:checking '/home/adela/TFM_AdelaJimenez/install/ur_calibration/bin'
[28.446s] INFO:colcon.colcon_core.shell:Creating package script '/home/adela/TFM_AdelaJimenez/install/ur_calibration/share/ur_calibration/package.ps1'
[28.447s] INFO:colcon.colcon_core.shell:Creating package descriptor '/home/adela/TFM_AdelaJimenez/install/ur_calibration/share/ur_calibration/package.dsv'
[28.448s] INFO:colcon.colcon_core.shell:Creating package script '/home/adela/TFM_AdelaJimenez/install/ur_calibration/share/ur_calibration/package.sh'
[28.501s] INFO:colcon.colcon_core.shell:Creating package script '/home/adela/TFM_AdelaJimenez/install/ur_calibration/share/ur_calibration/package.bash'
[28.505s] INFO:colcon.colcon_core.shell:Creating package script '/home/adela/TFM_AdelaJimenez/install/ur_calibration/share/ur_calibration/package.zsh'
[28.509s] Level 1:colcon.colcon_core.environment:create_file_with_runtime_dependencies(/home/adela/TFM_AdelaJimenez/install/ur_calibration/share/colcon-core/packages/ur_calibration)
[29.020s] Level 1:colcon.colcon_core.environment:create_environment_scripts_only(ur_calibration)
[29.038s] Level 1:colcon.colcon_core.environment:checking '/home/adela/TFM_AdelaJimenez/install/ur_calibration' for CMake module files
[29.039s] Level 1:colcon.colcon_core.environment:checking '/home/adela/TFM_AdelaJimenez/install/ur_calibration' for CMake config files
[29.041s] Level 1:colcon.colcon_core.shell:create_environment_hook('ur_calibration', 'cmake_prefix_path')
[29.042s] INFO:colcon.colcon_core.shell:Creating environment hook '/home/adela/TFM_AdelaJimenez/install/ur_calibration/share/ur_calibration/hook/cmake_prefix_path.ps1'
[29.044s] INFO:colcon.colcon_core.shell:Creating environment descriptor '/home/adela/TFM_AdelaJimenez/install/ur_calibration/share/ur_calibration/hook/cmake_prefix_path.dsv'
[29.045s] INFO:colcon.colcon_core.shell:Creating environment hook '/home/adela/TFM_AdelaJimenez/install/ur_calibration/share/ur_calibration/hook/cmake_prefix_path.sh'
[29.048s] Level 1:colcon.colcon_core.environment:checking '/home/adela/TFM_AdelaJimenez/install/ur_calibration/lib'
[29.048s] Level 1:colcon.colcon_core.environment:checking '/home/adela/TFM_AdelaJimenez/install/ur_calibration/bin'
[29.049s] Level 1:colcon.colcon_core.environment:checking '/home/adela/TFM_AdelaJimenez/install/ur_calibration/lib/pkgconfig/ur_calibration.pc'
[29.051s] Level 1:colcon.colcon_core.environment:checking '/home/adela/TFM_AdelaJimenez/install/ur_calibration/lib/python3.10/site-packages'
[29.052s] Level 1:colcon.colcon_core.environment:checking '/home/adela/TFM_AdelaJimenez/install/ur_calibration/bin'
[29.052s] INFO:colcon.colcon_core.shell:Creating package script '/home/adela/TFM_AdelaJimenez/install/ur_calibration/share/ur_calibration/package.ps1'
[29.060s] INFO:colcon.colcon_core.shell:Creating package descriptor '/home/adela/TFM_AdelaJimenez/install/ur_calibration/share/ur_calibration/package.dsv'
[29.065s] INFO:colcon.colcon_core.shell:Creating package script '/home/adela/TFM_AdelaJimenez/install/ur_calibration/share/ur_calibration/package.sh'
[29.066s] INFO:colcon.colcon_core.shell:Creating package script '/home/adela/TFM_AdelaJimenez/install/ur_calibration/share/ur_calibration/package.bash'
[29.067s] INFO:colcon.colcon_core.shell:Creating package script '/home/adela/TFM_AdelaJimenez/install/ur_calibration/share/ur_calibration/package.zsh'
[29.071s] Level 1:colcon.colcon_core.environment:create_file_with_runtime_dependencies(/home/adela/TFM_AdelaJimenez/install/ur_calibration/share/colcon-core/packages/ur_calibration)
[29.075s] INFO:colcon.colcon_ros.task.ament_python.build:Building ROS package in '/home/adela/TFM_AdelaJimenez/workspace/ros_ur_driver/src/trayectories' with build type 'ament_python'
[29.075s] Level 1:colcon.colcon_core.shell:create_environment_hook('trayectories', 'ament_prefix_path')
[29.076s] INFO:colcon.colcon_core.shell:Creating environment hook '/home/adela/TFM_AdelaJimenez/install/trayectories/share/trayectories/hook/ament_prefix_path.ps1'
[29.079s] INFO:colcon.colcon_core.shell:Creating environment descriptor '/home/adela/TFM_AdelaJimenez/install/trayectories/share/trayectories/hook/ament_prefix_path.dsv'
[29.079s] INFO:colcon.colcon_core.shell:Creating environment hook '/home/adela/TFM_AdelaJimenez/install/trayectories/share/trayectories/hook/ament_prefix_path.sh'
[29.084s] INFO:colcon.colcon_core.shell:Skip shell extension 'powershell' for command environment: Not usable outside of PowerShell
[29.084s] DEBUG:colcon.colcon_core.shell:Skip shell extension 'dsv' for command environment
[31.314s] INFO:colcon.colcon_core.task.python.build:Building Python package in '/home/adela/TFM_AdelaJimenez/workspace/ros_ur_driver/src/trayectories'
[31.315s] INFO:colcon.colcon_core.shell:Skip shell extension 'powershell' for command environment: Not usable outside of PowerShell
[31.315s] DEBUG:colcon.colcon_core.shell:Skip shell extension 'dsv' for command environment
[31.406s] DEBUG:colcon.colcon_core.event_handler.log_command:Invoking command in '/home/adela/TFM_AdelaJimenez/workspace/ros_ur_driver/src/rutine_launcher': PYTHONPATH=/home/adela/TFM_AdelaJimenez/build/rutine_launcher/prefix_override:/home/adela/TFM_AdelaJimenez/install/rutine_launcher/lib/python3.10/site-packages:${PYTHONPATH} /usr/bin/python3 -W ignore:setup.py install is deprecated setup.py egg_info --egg-base ../../../../build/rutine_launcher build --build-base /home/adela/TFM_AdelaJimenez/build/rutine_launcher/build install --record /home/adela/TFM_AdelaJimenez/build/rutine_launcher/install.log --single-version-externally-managed install_data
[33.831s] Level 1:colcon.colcon_core.environment:checking '/home/adela/TFM_AdelaJimenez/install/rutine_launcher' for CMake module files
[33.832s] Level 1:colcon.colcon_core.environment:checking '/home/adela/TFM_AdelaJimenez/install/rutine_launcher' for CMake config files
[33.833s] Level 1:colcon.colcon_core.environment:checking '/home/adela/TFM_AdelaJimenez/install/rutine_launcher/lib'
[33.833s] Level 1:colcon.colcon_core.environment:checking '/home/adela/TFM_AdelaJimenez/install/rutine_launcher/bin'
[33.833s] Level 1:colcon.colcon_core.environment:checking '/home/adela/TFM_AdelaJimenez/install/rutine_launcher/lib/pkgconfig/rutine_launcher.pc'
[33.836s] Level 1:colcon.colcon_core.environment:checking '/home/adela/TFM_AdelaJimenez/install/rutine_launcher/lib/python3.10/site-packages'
[33.839s] DEBUG:colcon.colcon_core.event_handler.log_command:Invoked command in '/home/adela/TFM_AdelaJimenez/workspace/ros_ur_driver/src/rutine_launcher' returned '0': PYTHONPATH=/home/adela/TFM_AdelaJimenez/build/rutine_launcher/prefix_override:/home/adela/TFM_AdelaJimenez/install/rutine_launcher/lib/python3.10/site-packages:${PYTHONPATH} /usr/bin/python3 -W ignore:setup.py install is deprecated setup.py egg_info --egg-base ../../../../build/rutine_launcher build --build-base /home/adela/TFM_AdelaJimenez/build/rutine_launcher/build install --record /home/adela/TFM_AdelaJimenez/build/rutine_launcher/install.log --single-version-externally-managed install_data
[33.840s] Level 1:colcon.colcon_core.shell:create_environment_hook('rutine_launcher', 'pythonpath')
[33.846s] INFO:colcon.colcon_core.shell:Creating environment hook '/home/adela/TFM_AdelaJimenez/install/rutine_launcher/share/rutine_launcher/hook/pythonpath.ps1'
[33.851s] INFO:colcon.colcon_core.shell:Creating environment descriptor '/home/adela/TFM_AdelaJimenez/install/rutine_launcher/share/rutine_launcher/hook/pythonpath.dsv'
[33.860s] INFO:colcon.colcon_core.shell:Creating environment hook '/home/adela/TFM_AdelaJimenez/install/rutine_launcher/share/rutine_launcher/hook/pythonpath.sh'
[33.868s] Level 1:colcon.colcon_core.environment:checking '/home/adela/TFM_AdelaJimenez/install/rutine_launcher/bin'
[33.869s] Level 1:colcon.colcon_core.environment:create_environment_scripts_only(rutine_launcher)
[33.869s] INFO:colcon.colcon_core.shell:Creating package script '/home/adela/TFM_AdelaJimenez/install/rutine_launcher/share/rutine_launcher/package.ps1'
[33.872s] INFO:colcon.colcon_core.shell:Creating package descriptor '/home/adela/TFM_AdelaJimenez/install/rutine_launcher/share/rutine_launcher/package.dsv'
[33.873s] INFO:colcon.colcon_core.shell:Creating package script '/home/adela/TFM_AdelaJimenez/install/rutine_launcher/share/rutine_launcher/package.sh'
[33.879s] INFO:colcon.colcon_core.shell:Creating package script '/home/adela/TFM_AdelaJimenez/install/rutine_launcher/share/rutine_launcher/package.bash'
[33.881s] INFO:colcon.colcon_core.shell:Creating package script '/home/adela/TFM_AdelaJimenez/install/rutine_launcher/share/rutine_launcher/package.zsh'
[33.884s] Level 1:colcon.colcon_core.environment:create_file_with_runtime_dependencies(/home/adela/TFM_AdelaJimenez/install/rutine_launcher/share/colcon-core/packages/rutine_launcher)
[33.890s] INFO:colcon.colcon_ros.task.ament_cmake.build:Building ROS package in '/home/adela/TFM_AdelaJimenez/workspace/ros_ur_driver/src/Universal_Robots_ROS2_Driver/ur_bringup' with build type 'ament_cmake'
[33.890s] INFO:colcon.colcon_cmake.task.cmake.build:Building CMake package in '/home/adela/TFM_AdelaJimenez/workspace/ros_ur_driver/src/Universal_Robots_ROS2_Driver/ur_bringup'
[33.891s] INFO:colcon.colcon_core.shell:Skip shell extension 'powershell' for command environment: Not usable outside of PowerShell
[33.891s] DEBUG:colcon.colcon_core.shell:Skip shell extension 'dsv' for command environment
[34.015s] DEBUG:colcon.colcon_core.event_handler.log_command:Invoking command in '/home/adela/TFM_AdelaJimenez/build/ur_bringup': AMENT_PREFIX_PATH=/home/adela/TFM_AdelaJimenez/install/ur_controllers:/home/adela/TFM_AdelaJimenez/install/ur_description:/home/adela/TFM_AdelaJimenez/install/ur_dashboard_msgs:${AMENT_PREFIX_PATH} CMAKE_PREFIX_PATH=/home/adela/TFM_AdelaJimenez/install/ur_controllers:/home/adela/TFM_AdelaJimenez/install/ur_description:/home/adela/TFM_AdelaJimenez/install/ur_dashboard_msgs:/home/adela/TFM_AdelaJimenez/workspace/ros_ur_driver/install/ur:/home/adela/TFM_AdelaJimenez/workspace/ros_ur_driver/install/ur_calibration:/home/adela/TFM_AdelaJimenez/workspace/ros_ur_driver/install/ur_robot_driver:/home/adela/TFM_AdelaJimenez/workspace/ros_ur_driver/install/ur_moveit_config:/home/adela/TFM_AdelaJimenez/workspace/ros_ur_driver/install/ur_bringup:/home/adela/TFM_AdelaJimenez/workspace/ros_ur_driver/install/ur_description:/home/adela/TFM_AdelaJimenez/workspace/ros_ur_driver/install/ur_controllers:/home/adela/TFM_AdelaJimenez/workspace/ros_ur_driver/install/ur_dashboard_msgs:/home/adela/TFM_MiguelLerinAlonso/workspace/ros_ur_driver/install/ur:/home/adela/TFM_MiguelLerinAlonso/workspace/ros_ur_driver/install/ur_calibration:/home/adela/TFM_MiguelLerinAlonso/workspace/ros_ur_driver/install/ur_robot_driver:/home/adela/TFM_MiguelLerinAlonso/workspace/ros_ur_driver/install/ur_moveit_config:/home/adela/TFM_MiguelLerinAlonso/workspace/ros_ur_driver/install/ur_bringup:/home/adela/TFM_MiguelLerinAlonso/workspace/ros_ur_driver/install/ur_description:/home/adela/TFM_MiguelLerinAlonso/workspace/ros_ur_driver/install/ur_controllers:/home/adela/TFM_MiguelLerinAlonso/workspace/ros_ur_driver/install/ur_dashboard_msgs:/home/adela/workspace/ros_ur_driver/install/ur:/home/adela/workspace/ros_ur_driver/install/ur_calibration:/home/adela/workspace/ros_ur_driver/install/ur_robot_driver:/home/adela/workspace/ros_ur_driver/install/ur_moveit_config:/home/adela/workspace/ros_ur_driver/install/ur_bringup:/home/adela/workspace/ros_ur_driver/install/ur_description:/home/adela/workspace/ros_ur_driver/install/ur_controllers:/home/adela/workspace/ros_ur_driver/install/ur_dashboard_msgs:/home/adela/TFM_AdelaJimenez/workspace/ros_ur_driver/install/trayectories:/home/adela/TFM_AdelaJimenez/workspace/ros_ur_driver/install/rutine_launcher:/home/adela/TFM_AdelaJimenez/workspace/ros_ur_driver/install/data_logger:/home/adela/TFM_AdelaJimenez/workspace/ros_ur_driver/install/build_platform:/home/adela/TFM_MiguelLerinAlonso/workspace/ros_ur_driver/install/trayectories:/home/adela/TFM_MiguelLerinAlonso/workspace/ros_ur_driver/install/rutine_launcher:/home/adela/TFM_MiguelLerinAlonso/workspace/ros_ur_driver/install/data_logger:/home/adela/TFM_MiguelLerinAlonso/workspace/ros_ur_driver/install/build_platform:/opt/ros/humble LD_LIBRARY_PATH=/home/adela/TFM_AdelaJimenez/install/ur_controllers/lib:/home/adela/TFM_AdelaJimenez/install/ur_dashboard_msgs/lib:${LD_LIBRARY_PATH} PYTHONPATH=/home/adela/TFM_AdelaJimenez/install/ur_dashboard_msgs/local/lib/python3.10/dist-packages:${PYTHONPATH} /usr/bin/cmake --build /home/adela/TFM_AdelaJimenez/build/ur_bringup -- -j2 -l2
[34.206s] DEBUG:colcon.colcon_core.event_handler.log_command:Invoked command in '/home/adela/TFM_AdelaJimenez/build/ur_bringup' returned '0': AMENT_PREFIX_PATH=/home/adela/TFM_AdelaJimenez/install/ur_controllers:/home/adela/TFM_AdelaJimenez/install/ur_description:/home/adela/TFM_AdelaJimenez/install/ur_dashboard_msgs:${AMENT_PREFIX_PATH} CMAKE_PREFIX_PATH=/home/adela/TFM_AdelaJimenez/install/ur_controllers:/home/adela/TFM_AdelaJimenez/install/ur_description:/home/adela/TFM_AdelaJimenez/install/ur_dashboard_msgs:/home/adela/TFM_AdelaJimenez/workspace/ros_ur_driver/install/ur:/home/adela/TFM_AdelaJimenez/workspace/ros_ur_driver/install/ur_calibration:/home/adela/TFM_AdelaJimenez/workspace/ros_ur_driver/install/ur_robot_driver:/home/adela/TFM_AdelaJimenez/workspace/ros_ur_driver/install/ur_moveit_config:/home/adela/TFM_AdelaJimenez/workspace/ros_ur_driver/install/ur_bringup:/home/adela/TFM_AdelaJimenez/workspace/ros_ur_driver/install/ur_description:/home/adela/TFM_AdelaJimenez/workspace/ros_ur_driver/install/ur_controllers:/home/adela/TFM_AdelaJimenez/workspace/ros_ur_driver/install/ur_dashboard_msgs:/home/adela/TFM_MiguelLerinAlonso/workspace/ros_ur_driver/install/ur:/home/adela/TFM_MiguelLerinAlonso/workspace/ros_ur_driver/install/ur_calibration:/home/adela/TFM_MiguelLerinAlonso/workspace/ros_ur_driver/install/ur_robot_driver:/home/adela/TFM_MiguelLerinAlonso/workspace/ros_ur_driver/install/ur_moveit_config:/home/adela/TFM_MiguelLerinAlonso/workspace/ros_ur_driver/install/ur_bringup:/home/adela/TFM_MiguelLerinAlonso/workspace/ros_ur_driver/install/ur_description:/home/adela/TFM_MiguelLerinAlonso/workspace/ros_ur_driver/install/ur_controllers:/home/adela/TFM_MiguelLerinAlonso/workspace/ros_ur_driver/install/ur_dashboard_msgs:/home/adela/workspace/ros_ur_driver/install/ur:/home/adela/workspace/ros_ur_driver/install/ur_calibration:/home/adela/workspace/ros_ur_driver/install/ur_robot_driver:/home/adela/workspace/ros_ur_driver/install/ur_moveit_config:/home/adela/workspace/ros_ur_driver/install/ur_bringup:/home/adela/workspace/ros_ur_driver/install/ur_description:/home/adela/workspace/ros_ur_driver/install/ur_controllers:/home/adela/workspace/ros_ur_driver/install/ur_dashboard_msgs:/home/adela/TFM_AdelaJimenez/workspace/ros_ur_driver/install/trayectories:/home/adela/TFM_AdelaJimenez/workspace/ros_ur_driver/install/rutine_launcher:/home/adela/TFM_AdelaJimenez/workspace/ros_ur_driver/install/data_logger:/home/adela/TFM_AdelaJimenez/workspace/ros_ur_driver/install/build_platform:/home/adela/TFM_MiguelLerinAlonso/workspace/ros_ur_driver/install/trayectories:/home/adela/TFM_MiguelLerinAlonso/workspace/ros_ur_driver/install/rutine_launcher:/home/adela/TFM_MiguelLerinAlonso/workspace/ros_ur_driver/install/data_logger:/home/adela/TFM_MiguelLerinAlonso/workspace/ros_ur_driver/install/build_platform:/opt/ros/humble LD_LIBRARY_PATH=/home/adela/TFM_AdelaJimenez/install/ur_controllers/lib:/home/adela/TFM_AdelaJimenez/install/ur_dashboard_msgs/lib:${LD_LIBRARY_PATH} PYTHONPATH=/home/adela/TFM_AdelaJimenez/install/ur_dashboard_msgs/local/lib/python3.10/dist-packages:${PYTHONPATH} /usr/bin/cmake --build /home/adela/TFM_AdelaJimenez/build/ur_bringup -- -j2 -l2
[34.287s] DEBUG:colcon.colcon_core.event_handler.log_command:Invoking command in '/home/adela/TFM_AdelaJimenez/build/ur_bringup': AMENT_PREFIX_PATH=/home/adela/TFM_AdelaJimenez/install/ur_controllers:/home/adela/TFM_AdelaJimenez/install/ur_description:/home/adela/TFM_AdelaJimenez/install/ur_dashboard_msgs:${AMENT_PREFIX_PATH} CMAKE_PREFIX_PATH=/home/adela/TFM_AdelaJimenez/install/ur_controllers:/home/adela/TFM_AdelaJimenez/install/ur_description:/home/adela/TFM_AdelaJimenez/install/ur_dashboard_msgs:/home/adela/TFM_AdelaJimenez/workspace/ros_ur_driver/install/ur:/home/adela/TFM_AdelaJimenez/workspace/ros_ur_driver/install/ur_calibration:/home/adela/TFM_AdelaJimenez/workspace/ros_ur_driver/install/ur_robot_driver:/home/adela/TFM_AdelaJimenez/workspace/ros_ur_driver/install/ur_moveit_config:/home/adela/TFM_AdelaJimenez/workspace/ros_ur_driver/install/ur_bringup:/home/adela/TFM_AdelaJimenez/workspace/ros_ur_driver/install/ur_description:/home/adela/TFM_AdelaJimenez/workspace/ros_ur_driver/install/ur_controllers:/home/adela/TFM_AdelaJimenez/workspace/ros_ur_driver/install/ur_dashboard_msgs:/home/adela/TFM_MiguelLerinAlonso/workspace/ros_ur_driver/install/ur:/home/adela/TFM_MiguelLerinAlonso/workspace/ros_ur_driver/install/ur_calibration:/home/adela/TFM_MiguelLerinAlonso/workspace/ros_ur_driver/install/ur_robot_driver:/home/adela/TFM_MiguelLerinAlonso/workspace/ros_ur_driver/install/ur_moveit_config:/home/adela/TFM_MiguelLerinAlonso/workspace/ros_ur_driver/install/ur_bringup:/home/adela/TFM_MiguelLerinAlonso/workspace/ros_ur_driver/install/ur_description:/home/adela/TFM_MiguelLerinAlonso/workspace/ros_ur_driver/install/ur_controllers:/home/adela/TFM_MiguelLerinAlonso/workspace/ros_ur_driver/install/ur_dashboard_msgs:/home/adela/workspace/ros_ur_driver/install/ur:/home/adela/workspace/ros_ur_driver/install/ur_calibration:/home/adela/workspace/ros_ur_driver/install/ur_robot_driver:/home/adela/workspace/ros_ur_driver/install/ur_moveit_config:/home/adela/workspace/ros_ur_driver/install/ur_bringup:/home/adela/workspace/ros_ur_driver/install/ur_description:/home/adela/workspace/ros_ur_driver/install/ur_controllers:/home/adela/workspace/ros_ur_driver/install/ur_dashboard_msgs:/home/adela/TFM_AdelaJimenez/workspace/ros_ur_driver/install/trayectories:/home/adela/TFM_AdelaJimenez/workspace/ros_ur_driver/install/rutine_launcher:/home/adela/TFM_AdelaJimenez/workspace/ros_ur_driver/install/data_logger:/home/adela/TFM_AdelaJimenez/workspace/ros_ur_driver/install/build_platform:/home/adela/TFM_MiguelLerinAlonso/workspace/ros_ur_driver/install/trayectories:/home/adela/TFM_MiguelLerinAlonso/workspace/ros_ur_driver/install/rutine_launcher:/home/adela/TFM_MiguelLerinAlonso/workspace/ros_ur_driver/install/data_logger:/home/adela/TFM_MiguelLerinAlonso/workspace/ros_ur_driver/install/build_platform:/opt/ros/humble LD_LIBRARY_PATH=/home/adela/TFM_AdelaJimenez/install/ur_controllers/lib:/home/adela/TFM_AdelaJimenez/install/ur_dashboard_msgs/lib:${LD_LIBRARY_PATH} PYTHONPATH=/home/adela/TFM_AdelaJimenez/install/ur_dashboard_msgs/local/lib/python3.10/dist-packages:${PYTHONPATH} /usr/bin/cmake --install /home/adela/TFM_AdelaJimenez/build/ur_bringup
[34.378s] Level 1:colcon.colcon_core.environment:create_environment_scripts_only(ur_bringup)
[34.379s] Level 1:colcon.colcon_core.environment:checking '/home/adela/TFM_AdelaJimenez/install/ur_bringup' for CMake module files
[34.379s] Level 1:colcon.colcon_core.environment:checking '/home/adela/TFM_AdelaJimenez/install/ur_bringup' for CMake config files
[34.380s] Level 1:colcon.colcon_core.shell:create_environment_hook('ur_bringup', 'cmake_prefix_path')
[34.380s] INFO:colcon.colcon_core.shell:Creating environment hook '/home/adela/TFM_AdelaJimenez/install/ur_bringup/share/ur_bringup/hook/cmake_prefix_path.ps1'
[34.398s] DEBUG:colcon.colcon_core.event_handler.log_command:Invoked command in '/home/adela/TFM_AdelaJimenez/build/ur_bringup' returned '0': AMENT_PREFIX_PATH=/home/adela/TFM_AdelaJimenez/install/ur_controllers:/home/adela/TFM_AdelaJimenez/install/ur_description:/home/adela/TFM_AdelaJimenez/install/ur_dashboard_msgs:${AMENT_PREFIX_PATH} CMAKE_PREFIX_PATH=/home/adela/TFM_AdelaJimenez/install/ur_controllers:/home/adela/TFM_AdelaJimenez/install/ur_description:/home/adela/TFM_AdelaJimenez/install/ur_dashboard_msgs:/home/adela/TFM_AdelaJimenez/workspace/ros_ur_driver/install/ur:/home/adela/TFM_AdelaJimenez/workspace/ros_ur_driver/install/ur_calibration:/home/adela/TFM_AdelaJimenez/workspace/ros_ur_driver/install/ur_robot_driver:/home/adela/TFM_AdelaJimenez/workspace/ros_ur_driver/install/ur_moveit_config:/home/adela/TFM_AdelaJimenez/workspace/ros_ur_driver/install/ur_bringup:/home/adela/TFM_AdelaJimenez/workspace/ros_ur_driver/install/ur_description:/home/adela/TFM_AdelaJimenez/workspace/ros_ur_driver/install/ur_controllers:/home/adela/TFM_AdelaJimenez/workspace/ros_ur_driver/install/ur_dashboard_msgs:/home/adela/TFM_MiguelLerinAlonso/workspace/ros_ur_driver/install/ur:/home/adela/TFM_MiguelLerinAlonso/workspace/ros_ur_driver/install/ur_calibration:/home/adela/TFM_MiguelLerinAlonso/workspace/ros_ur_driver/install/ur_robot_driver:/home/adela/TFM_MiguelLerinAlonso/workspace/ros_ur_driver/install/ur_moveit_config:/home/adela/TFM_MiguelLerinAlonso/workspace/ros_ur_driver/install/ur_bringup:/home/adela/TFM_MiguelLerinAlonso/workspace/ros_ur_driver/install/ur_description:/home/adela/TFM_MiguelLerinAlonso/workspace/ros_ur_driver/install/ur_controllers:/home/adela/TFM_MiguelLerinAlonso/workspace/ros_ur_driver/install/ur_dashboard_msgs:/home/adela/workspace/ros_ur_driver/install/ur:/home/adela/workspace/ros_ur_driver/install/ur_calibration:/home/adela/workspace/ros_ur_driver/install/ur_robot_driver:/home/adela/workspace/ros_ur_driver/install/ur_moveit_config:/home/adela/workspace/ros_ur_driver/install/ur_bringup:/home/adela/workspace/ros_ur_driver/install/ur_description:/home/adela/workspace/ros_ur_driver/install/ur_controllers:/home/adela/workspace/ros_ur_driver/install/ur_dashboard_msgs:/home/adela/TFM_AdelaJimenez/workspace/ros_ur_driver/install/trayectories:/home/adela/TFM_AdelaJimenez/workspace/ros_ur_driver/install/rutine_launcher:/home/adela/TFM_AdelaJimenez/workspace/ros_ur_driver/install/data_logger:/home/adela/TFM_AdelaJimenez/workspace/ros_ur_driver/install/build_platform:/home/adela/TFM_MiguelLerinAlonso/workspace/ros_ur_driver/install/trayectories:/home/adela/TFM_MiguelLerinAlonso/workspace/ros_ur_driver/install/rutine_launcher:/home/adela/TFM_MiguelLerinAlonso/workspace/ros_ur_driver/install/data_logger:/home/adela/TFM_MiguelLerinAlonso/workspace/ros_ur_driver/install/build_platform:/opt/ros/humble LD_LIBRARY_PATH=/home/adela/TFM_AdelaJimenez/install/ur_controllers/lib:/home/adela/TFM_AdelaJimenez/install/ur_dashboard_msgs/lib:${LD_LIBRARY_PATH} PYTHONPATH=/home/adela/TFM_AdelaJimenez/install/ur_dashboard_msgs/local/lib/python3.10/dist-packages:${PYTHONPATH} /usr/bin/cmake --install /home/adela/TFM_AdelaJimenez/build/ur_bringup
[34.398s] INFO:colcon.colcon_core.shell:Creating environment descriptor '/home/adela/TFM_AdelaJimenez/install/ur_bringup/share/ur_bringup/hook/cmake_prefix_path.dsv'
[34.401s] INFO:colcon.colcon_core.shell:Creating environment hook '/home/adela/TFM_AdelaJimenez/install/ur_bringup/share/ur_bringup/hook/cmake_prefix_path.sh'
[34.412s] Level 1:colcon.colcon_core.environment:checking '/home/adela/TFM_AdelaJimenez/install/ur_bringup/lib'
[34.412s] Level 1:colcon.colcon_core.environment:checking '/home/adela/TFM_AdelaJimenez/install/ur_bringup/bin'
[34.412s] Level 1:colcon.colcon_core.environment:checking '/home/adela/TFM_AdelaJimenez/install/ur_bringup/lib/pkgconfig/ur_bringup.pc'
[34.412s] Level 1:colcon.colcon_core.environment:checking '/home/adela/TFM_AdelaJimenez/install/ur_bringup/lib/python3.10/site-packages'
[34.413s] Level 1:colcon.colcon_core.environment:checking '/home/adela/TFM_AdelaJimenez/install/ur_bringup/bin'
[34.413s] INFO:colcon.colcon_core.shell:Creating package script '/home/adela/TFM_AdelaJimenez/install/ur_bringup/share/ur_bringup/package.ps1'
[34.414s] INFO:colcon.colcon_core.shell:Creating package descriptor '/home/adela/TFM_AdelaJimenez/install/ur_bringup/share/ur_bringup/package.dsv'
[34.447s] INFO:colcon.colcon_core.shell:Creating package script '/home/adela/TFM_AdelaJimenez/install/ur_bringup/share/ur_bringup/package.sh'
[34.449s] INFO:colcon.colcon_core.shell:Creating package script '/home/adela/TFM_AdelaJimenez/install/ur_bringup/share/ur_bringup/package.bash'
[34.456s] INFO:colcon.colcon_core.shell:Creating package script '/home/adela/TFM_AdelaJimenez/install/ur_bringup/share/ur_bringup/package.zsh'
[34.457s] Level 1:colcon.colcon_core.environment:create_file_with_runtime_dependencies(/home/adela/TFM_AdelaJimenez/install/ur_bringup/share/colcon-core/packages/ur_bringup)
[34.696s] Level 1:colcon.colcon_core.environment:create_environment_scripts_only(ur_bringup)
[34.696s] Level 1:colcon.colcon_core.environment:checking '/home/adela/TFM_AdelaJimenez/install/ur_bringup' for CMake module files
[34.698s] Level 1:colcon.colcon_core.environment:checking '/home/adela/TFM_AdelaJimenez/install/ur_bringup' for CMake config files
[34.700s] Level 1:colcon.colcon_core.shell:create_environment_hook('ur_bringup', 'cmake_prefix_path')
[34.702s] INFO:colcon.colcon_core.shell:Creating environment hook '/home/adela/TFM_AdelaJimenez/install/ur_bringup/share/ur_bringup/hook/cmake_prefix_path.ps1'
[34.707s] INFO:colcon.colcon_core.shell:Creating environment descriptor '/home/adela/TFM_AdelaJimenez/install/ur_bringup/share/ur_bringup/hook/cmake_prefix_path.dsv'
[34.713s] INFO:colcon.colcon_core.shell:Creating environment hook '/home/adela/TFM_AdelaJimenez/install/ur_bringup/share/ur_bringup/hook/cmake_prefix_path.sh'
[34.719s] Level 1:colcon.colcon_core.environment:checking '/home/adela/TFM_AdelaJimenez/install/ur_bringup/lib'
[34.721s] Level 1:colcon.colcon_core.environment:checking '/home/adela/TFM_AdelaJimenez/install/ur_bringup/bin'
[34.728s] Level 1:colcon.colcon_core.environment:checking '/home/adela/TFM_AdelaJimenez/install/ur_bringup/lib/pkgconfig/ur_bringup.pc'
[34.729s] Level 1:colcon.colcon_core.environment:checking '/home/adela/TFM_AdelaJimenez/install/ur_bringup/lib/python3.10/site-packages'
[34.730s] Level 1:colcon.colcon_core.environment:checking '/home/adela/TFM_AdelaJimenez/install/ur_bringup/bin'
[34.745s] INFO:colcon.colcon_core.shell:Creating package script '/home/adela/TFM_AdelaJimenez/install/ur_bringup/share/ur_bringup/package.ps1'
[34.751s] INFO:colcon.colcon_core.shell:Creating package descriptor '/home/adela/TFM_AdelaJimenez/install/ur_bringup/share/ur_bringup/package.dsv'
[34.757s] INFO:colcon.colcon_core.shell:Creating package script '/home/adela/TFM_AdelaJimenez/install/ur_bringup/share/ur_bringup/package.sh'
[34.760s] INFO:colcon.colcon_core.shell:Creating package script '/home/adela/TFM_AdelaJimenez/install/ur_bringup/share/ur_bringup/package.bash'
[34.771s] INFO:colcon.colcon_core.shell:Creating package script '/home/adela/TFM_AdelaJimenez/install/ur_bringup/share/ur_bringup/package.zsh'
[34.776s] Level 1:colcon.colcon_core.environment:create_file_with_runtime_dependencies(/home/adela/TFM_AdelaJimenez/install/ur_bringup/share/colcon-core/packages/ur_bringup)
[34.779s] INFO:colcon.colcon_ros.task.ament_cmake.build:Building ROS package in '/home/adela/TFM_AdelaJimenez/workspace/ros_ur_driver/src/Universal_Robots_ROS2_Driver/ur' with build type 'ament_cmake'
[34.779s] INFO:colcon.colcon_cmake.task.cmake.build:Building CMake package in '/home/adela/TFM_AdelaJimenez/workspace/ros_ur_driver/src/Universal_Robots_ROS2_Driver/ur'
[34.782s] INFO:colcon.colcon_core.shell:Skip shell extension 'powershell' for command environment: Not usable outside of PowerShell
[34.782s] DEBUG:colcon.colcon_core.shell:Skip shell extension 'dsv' for command environment
[34.874s] DEBUG:colcon.colcon_core.event_handler.log_command:Invoking command in '/home/adela/TFM_AdelaJimenez/workspace/ros_ur_driver/src/trayectories': PYTHONPATH=/home/adela/TFM_AdelaJimenez/build/trayectories/prefix_override:/home/adela/TFM_AdelaJimenez/install/trayectories/lib/python3.10/site-packages:${PYTHONPATH} /usr/bin/python3 -W ignore:setup.py install is deprecated setup.py egg_info --egg-base ../../../../build/trayectories build --build-base /home/adela/TFM_AdelaJimenez/build/trayectories/build install --record /home/adela/TFM_AdelaJimenez/build/trayectories/install.log --single-version-externally-managed install_data
[35.028s] DEBUG:colcon.colcon_core.event_handler.log_command:Invoking command in '/home/adela/TFM_AdelaJimenez/build/ur': AMENT_PREFIX_PATH=/home/adela/TFM_AdelaJimenez/install/ur_calibration:/home/adela/TFM_AdelaJimenez/install/ur_robot_driver:/home/adela/TFM_AdelaJimenez/install/ur_moveit_config:/home/adela/TFM_AdelaJimenez/install/ur_controllers:/home/adela/TFM_AdelaJimenez/install/ur_description:/home/adela/TFM_AdelaJimenez/install/ur_dashboard_msgs:${AMENT_PREFIX_PATH} CMAKE_PREFIX_PATH=/home/adela/TFM_AdelaJimenez/install/ur_calibration:/home/adela/TFM_AdelaJimenez/install/ur_robot_driver:/home/adela/TFM_AdelaJimenez/install/ur_moveit_config:/home/adela/TFM_AdelaJimenez/install/ur_controllers:/home/adela/TFM_AdelaJimenez/install/ur_description:/home/adela/TFM_AdelaJimenez/install/ur_dashboard_msgs:/home/adela/TFM_AdelaJimenez/workspace/ros_ur_driver/install/ur:/home/adela/TFM_AdelaJimenez/workspace/ros_ur_driver/install/ur_calibration:/home/adela/TFM_AdelaJimenez/workspace/ros_ur_driver/install/ur_robot_driver:/home/adela/TFM_AdelaJimenez/workspace/ros_ur_driver/install/ur_moveit_config:/home/adela/TFM_AdelaJimenez/workspace/ros_ur_driver/install/ur_bringup:/home/adela/TFM_AdelaJimenez/workspace/ros_ur_driver/install/ur_description:/home/adela/TFM_AdelaJimenez/workspace/ros_ur_driver/install/ur_controllers:/home/adela/TFM_AdelaJimenez/workspace/ros_ur_driver/install/ur_dashboard_msgs:/home/adela/TFM_MiguelLerinAlonso/workspace/ros_ur_driver/install/ur:/home/adela/TFM_MiguelLerinAlonso/workspace/ros_ur_driver/install/ur_calibration:/home/adela/TFM_MiguelLerinAlonso/workspace/ros_ur_driver/install/ur_robot_driver:/home/adela/TFM_MiguelLerinAlonso/workspace/ros_ur_driver/install/ur_moveit_config:/home/adela/TFM_MiguelLerinAlonso/workspace/ros_ur_driver/install/ur_bringup:/home/adela/TFM_MiguelLerinAlonso/workspace/ros_ur_driver/install/ur_description:/home/adela/TFM_MiguelLerinAlonso/workspace/ros_ur_driver/install/ur_controllers:/home/adela/TFM_MiguelLerinAlonso/workspace/ros_ur_driver/install/ur_dashboard_msgs:/home/adela/workspace/ros_ur_driver/install/ur:/home/adela/workspace/ros_ur_driver/install/ur_calibration:/home/adela/workspace/ros_ur_driver/install/ur_robot_driver:/home/adela/workspace/ros_ur_driver/install/ur_moveit_config:/home/adela/workspace/ros_ur_driver/install/ur_bringup:/home/adela/workspace/ros_ur_driver/install/ur_description:/home/adela/workspace/ros_ur_driver/install/ur_controllers:/home/adela/workspace/ros_ur_driver/install/ur_dashboard_msgs:/home/adela/TFM_AdelaJimenez/workspace/ros_ur_driver/install/trayectories:/home/adela/TFM_AdelaJimenez/workspace/ros_ur_driver/install/rutine_launcher:/home/adela/TFM_AdelaJimenez/workspace/ros_ur_driver/install/data_logger:/home/adela/TFM_AdelaJimenez/workspace/ros_ur_driver/install/build_platform:/home/adela/TFM_MiguelLerinAlonso/workspace/ros_ur_driver/install/trayectories:/home/adela/TFM_MiguelLerinAlonso/workspace/ros_ur_driver/install/rutine_launcher:/home/adela/TFM_MiguelLerinAlonso/workspace/ros_ur_driver/install/data_logger:/home/adela/TFM_MiguelLerinAlonso/workspace/ros_ur_driver/install/build_platform:/opt/ros/humble LD_LIBRARY_PATH=/home/adela/TFM_AdelaJimenez/install/ur_robot_driver/lib:/home/adela/TFM_AdelaJimenez/install/ur_controllers/lib:/home/adela/TFM_AdelaJimenez/install/ur_dashboard_msgs/lib:${LD_LIBRARY_PATH} PATH=/home/adela/TFM_AdelaJimenez/install/ur_robot_driver/bin:${PATH} PYTHONPATH=/home/adela/TFM_AdelaJimenez/install/ur_robot_driver/local/lib/python3.10/dist-packages:/home/adela/TFM_AdelaJimenez/install/ur_moveit_config/local/lib/python3.10/dist-packages:/home/adela/TFM_AdelaJimenez/install/ur_dashboard_msgs/local/lib/python3.10/dist-packages:${PYTHONPATH} /usr/bin/cmake --build /home/adela/TFM_AdelaJimenez/build/ur -- -j2 -l2
[35.238s] DEBUG:colcon.colcon_core.event_handler.log_command:Invoked command in '/home/adela/TFM_AdelaJimenez/build/ur' returned '0': AMENT_PREFIX_PATH=/home/adela/TFM_AdelaJimenez/install/ur_calibration:/home/adela/TFM_AdelaJimenez/install/ur_robot_driver:/home/adela/TFM_AdelaJimenez/install/ur_moveit_config:/home/adela/TFM_AdelaJimenez/install/ur_controllers:/home/adela/TFM_AdelaJimenez/install/ur_description:/home/adela/TFM_AdelaJimenez/install/ur_dashboard_msgs:${AMENT_PREFIX_PATH} CMAKE_PREFIX_PATH=/home/adela/TFM_AdelaJimenez/install/ur_calibration:/home/adela/TFM_AdelaJimenez/install/ur_robot_driver:/home/adela/TFM_AdelaJimenez/install/ur_moveit_config:/home/adela/TFM_AdelaJimenez/install/ur_controllers:/home/adela/TFM_AdelaJimenez/install/ur_description:/home/adela/TFM_AdelaJimenez/install/ur_dashboard_msgs:/home/adela/TFM_AdelaJimenez/workspace/ros_ur_driver/install/ur:/home/adela/TFM_AdelaJimenez/workspace/ros_ur_driver/install/ur_calibration:/home/adela/TFM_AdelaJimenez/workspace/ros_ur_driver/install/ur_robot_driver:/home/adela/TFM_AdelaJimenez/workspace/ros_ur_driver/install/ur_moveit_config:/home/adela/TFM_AdelaJimenez/workspace/ros_ur_driver/install/ur_bringup:/home/adela/TFM_AdelaJimenez/workspace/ros_ur_driver/install/ur_description:/home/adela/TFM_AdelaJimenez/workspace/ros_ur_driver/install/ur_controllers:/home/adela/TFM_AdelaJimenez/workspace/ros_ur_driver/install/ur_dashboard_msgs:/home/adela/TFM_MiguelLerinAlonso/workspace/ros_ur_driver/install/ur:/home/adela/TFM_MiguelLerinAlonso/workspace/ros_ur_driver/install/ur_calibration:/home/adela/TFM_MiguelLerinAlonso/workspace/ros_ur_driver/install/ur_robot_driver:/home/adela/TFM_MiguelLerinAlonso/workspace/ros_ur_driver/install/ur_moveit_config:/home/adela/TFM_MiguelLerinAlonso/workspace/ros_ur_driver/install/ur_bringup:/home/adela/TFM_MiguelLerinAlonso/workspace/ros_ur_driver/install/ur_description:/home/adela/TFM_MiguelLerinAlonso/workspace/ros_ur_driver/install/ur_controllers:/home/adela/TFM_MiguelLerinAlonso/workspace/ros_ur_driver/install/ur_dashboard_msgs:/home/adela/workspace/ros_ur_driver/install/ur:/home/adela/workspace/ros_ur_driver/install/ur_calibration:/home/adela/workspace/ros_ur_driver/install/ur_robot_driver:/home/adela/workspace/ros_ur_driver/install/ur_moveit_config:/home/adela/workspace/ros_ur_driver/install/ur_bringup:/home/adela/workspace/ros_ur_driver/install/ur_description:/home/adela/workspace/ros_ur_driver/install/ur_controllers:/home/adela/workspace/ros_ur_driver/install/ur_dashboard_msgs:/home/adela/TFM_AdelaJimenez/workspace/ros_ur_driver/install/trayectories:/home/adela/TFM_AdelaJimenez/workspace/ros_ur_driver/install/rutine_launcher:/home/adela/TFM_AdelaJimenez/workspace/ros_ur_driver/install/data_logger:/home/adela/TFM_AdelaJimenez/workspace/ros_ur_driver/install/build_platform:/home/adela/TFM_MiguelLerinAlonso/workspace/ros_ur_driver/install/trayectories:/home/adela/TFM_MiguelLerinAlonso/workspace/ros_ur_driver/install/rutine_launcher:/home/adela/TFM_MiguelLerinAlonso/workspace/ros_ur_driver/install/data_logger:/home/adela/TFM_MiguelLerinAlonso/workspace/ros_ur_driver/install/build_platform:/opt/ros/humble LD_LIBRARY_PATH=/home/adela/TFM_AdelaJimenez/install/ur_robot_driver/lib:/home/adela/TFM_AdelaJimenez/install/ur_controllers/lib:/home/adela/TFM_AdelaJimenez/install/ur_dashboard_msgs/lib:${LD_LIBRARY_PATH} PATH=/home/adela/TFM_AdelaJimenez/install/ur_robot_driver/bin:${PATH} PYTHONPATH=/home/adela/TFM_AdelaJimenez/install/ur_robot_driver/local/lib/python3.10/dist-packages:/home/adela/TFM_AdelaJimenez/install/ur_moveit_config/local/lib/python3.10/dist-packages:/home/adela/TFM_AdelaJimenez/install/ur_dashboard_msgs/local/lib/python3.10/dist-packages:${PYTHONPATH} /usr/bin/cmake --build /home/adela/TFM_AdelaJimenez/build/ur -- -j2 -l2
[35.335s] DEBUG:colcon.colcon_core.event_handler.log_command:Invoking command in '/home/adela/TFM_AdelaJimenez/build/ur': AMENT_PREFIX_PATH=/home/adela/TFM_AdelaJimenez/install/ur_calibration:/home/adela/TFM_AdelaJimenez/install/ur_robot_driver:/home/adela/TFM_AdelaJimenez/install/ur_moveit_config:/home/adela/TFM_AdelaJimenez/install/ur_controllers:/home/adela/TFM_AdelaJimenez/install/ur_description:/home/adela/TFM_AdelaJimenez/install/ur_dashboard_msgs:${AMENT_PREFIX_PATH} CMAKE_PREFIX_PATH=/home/adela/TFM_AdelaJimenez/install/ur_calibration:/home/adela/TFM_AdelaJimenez/install/ur_robot_driver:/home/adela/TFM_AdelaJimenez/install/ur_moveit_config:/home/adela/TFM_AdelaJimenez/install/ur_controllers:/home/adela/TFM_AdelaJimenez/install/ur_description:/home/adela/TFM_AdelaJimenez/install/ur_dashboard_msgs:/home/adela/TFM_AdelaJimenez/workspace/ros_ur_driver/install/ur:/home/adela/TFM_AdelaJimenez/workspace/ros_ur_driver/install/ur_calibration:/home/adela/TFM_AdelaJimenez/workspace/ros_ur_driver/install/ur_robot_driver:/home/adela/TFM_AdelaJimenez/workspace/ros_ur_driver/install/ur_moveit_config:/home/adela/TFM_AdelaJimenez/workspace/ros_ur_driver/install/ur_bringup:/home/adela/TFM_AdelaJimenez/workspace/ros_ur_driver/install/ur_description:/home/adela/TFM_AdelaJimenez/workspace/ros_ur_driver/install/ur_controllers:/home/adela/TFM_AdelaJimenez/workspace/ros_ur_driver/install/ur_dashboard_msgs:/home/adela/TFM_MiguelLerinAlonso/workspace/ros_ur_driver/install/ur:/home/adela/TFM_MiguelLerinAlonso/workspace/ros_ur_driver/install/ur_calibration:/home/adela/TFM_MiguelLerinAlonso/workspace/ros_ur_driver/install/ur_robot_driver:/home/adela/TFM_MiguelLerinAlonso/workspace/ros_ur_driver/install/ur_moveit_config:/home/adela/TFM_MiguelLerinAlonso/workspace/ros_ur_driver/install/ur_bringup:/home/adela/TFM_MiguelLerinAlonso/workspace/ros_ur_driver/install/ur_description:/home/adela/TFM_MiguelLerinAlonso/workspace/ros_ur_driver/install/ur_controllers:/home/adela/TFM_MiguelLerinAlonso/workspace/ros_ur_driver/install/ur_dashboard_msgs:/home/adela/workspace/ros_ur_driver/install/ur:/home/adela/workspace/ros_ur_driver/install/ur_calibration:/home/adela/workspace/ros_ur_driver/install/ur_robot_driver:/home/adela/workspace/ros_ur_driver/install/ur_moveit_config:/home/adela/workspace/ros_ur_driver/install/ur_bringup:/home/adela/workspace/ros_ur_driver/install/ur_description:/home/adela/workspace/ros_ur_driver/install/ur_controllers:/home/adela/workspace/ros_ur_driver/install/ur_dashboard_msgs:/home/adela/TFM_AdelaJimenez/workspace/ros_ur_driver/install/trayectories:/home/adela/TFM_AdelaJimenez/workspace/ros_ur_driver/install/rutine_launcher:/home/adela/TFM_AdelaJimenez/workspace/ros_ur_driver/install/data_logger:/home/adela/TFM_AdelaJimenez/workspace/ros_ur_driver/install/build_platform:/home/adela/TFM_MiguelLerinAlonso/workspace/ros_ur_driver/install/trayectories:/home/adela/TFM_MiguelLerinAlonso/workspace/ros_ur_driver/install/rutine_launcher:/home/adela/TFM_MiguelLerinAlonso/workspace/ros_ur_driver/install/data_logger:/home/adela/TFM_MiguelLerinAlonso/workspace/ros_ur_driver/install/build_platform:/opt/ros/humble LD_LIBRARY_PATH=/home/adela/TFM_AdelaJimenez/install/ur_robot_driver/lib:/home/adela/TFM_AdelaJimenez/install/ur_controllers/lib:/home/adela/TFM_AdelaJimenez/install/ur_dashboard_msgs/lib:${LD_LIBRARY_PATH} PATH=/home/adela/TFM_AdelaJimenez/install/ur_robot_driver/bin:${PATH} PYTHONPATH=/home/adela/TFM_AdelaJimenez/install/ur_robot_driver/local/lib/python3.10/dist-packages:/home/adela/TFM_AdelaJimenez/install/ur_moveit_config/local/lib/python3.10/dist-packages:/home/adela/TFM_AdelaJimenez/install/ur_dashboard_msgs/local/lib/python3.10/dist-packages:${PYTHONPATH} /usr/bin/cmake --install /home/adela/TFM_AdelaJimenez/build/ur
[35.407s] Level 1:colcon.colcon_core.environment:create_environment_scripts_only(ur)
[35.407s] Level 1:colcon.colcon_core.environment:checking '/home/adela/TFM_AdelaJimenez/install/ur' for CMake module files
[35.411s] Level 1:colcon.colcon_core.environment:checking '/home/adela/TFM_AdelaJimenez/install/ur' for CMake config files
[35.411s] Level 1:colcon.colcon_core.shell:create_environment_hook('ur', 'cmake_prefix_path')
[35.412s] INFO:colcon.colcon_core.shell:Creating environment hook '/home/adela/TFM_AdelaJimenez/install/ur/share/ur/hook/cmake_prefix_path.ps1'
[35.415s] INFO:colcon.colcon_core.shell:Creating environment descriptor '/home/adela/TFM_AdelaJimenez/install/ur/share/ur/hook/cmake_prefix_path.dsv'
[35.419s] DEBUG:colcon.colcon_core.event_handler.log_command:Invoked command in '/home/adela/TFM_AdelaJimenez/build/ur' returned '0': AMENT_PREFIX_PATH=/home/adela/TFM_AdelaJimenez/install/ur_calibration:/home/adela/TFM_AdelaJimenez/install/ur_robot_driver:/home/adela/TFM_AdelaJimenez/install/ur_moveit_config:/home/adela/TFM_AdelaJimenez/install/ur_controllers:/home/adela/TFM_AdelaJimenez/install/ur_description:/home/adela/TFM_AdelaJimenez/install/ur_dashboard_msgs:${AMENT_PREFIX_PATH} CMAKE_PREFIX_PATH=/home/adela/TFM_AdelaJimenez/install/ur_calibration:/home/adela/TFM_AdelaJimenez/install/ur_robot_driver:/home/adela/TFM_AdelaJimenez/install/ur_moveit_config:/home/adela/TFM_AdelaJimenez/install/ur_controllers:/home/adela/TFM_AdelaJimenez/install/ur_description:/home/adela/TFM_AdelaJimenez/install/ur_dashboard_msgs:/home/adela/TFM_AdelaJimenez/workspace/ros_ur_driver/install/ur:/home/adela/TFM_AdelaJimenez/workspace/ros_ur_driver/install/ur_calibration:/home/adela/TFM_AdelaJimenez/workspace/ros_ur_driver/install/ur_robot_driver:/home/adela/TFM_AdelaJimenez/workspace/ros_ur_driver/install/ur_moveit_config:/home/adela/TFM_AdelaJimenez/workspace/ros_ur_driver/install/ur_bringup:/home/adela/TFM_AdelaJimenez/workspace/ros_ur_driver/install/ur_description:/home/adela/TFM_AdelaJimenez/workspace/ros_ur_driver/install/ur_controllers:/home/adela/TFM_AdelaJimenez/workspace/ros_ur_driver/install/ur_dashboard_msgs:/home/adela/TFM_MiguelLerinAlonso/workspace/ros_ur_driver/install/ur:/home/adela/TFM_MiguelLerinAlonso/workspace/ros_ur_driver/install/ur_calibration:/home/adela/TFM_MiguelLerinAlonso/workspace/ros_ur_driver/install/ur_robot_driver:/home/adela/TFM_MiguelLerinAlonso/workspace/ros_ur_driver/install/ur_moveit_config:/home/adela/TFM_MiguelLerinAlonso/workspace/ros_ur_driver/install/ur_bringup:/home/adela/TFM_MiguelLerinAlonso/workspace/ros_ur_driver/install/ur_description:/home/adela/TFM_MiguelLerinAlonso/workspace/ros_ur_driver/install/ur_controllers:/home/adela/TFM_MiguelLerinAlonso/workspace/ros_ur_driver/install/ur_dashboard_msgs:/home/adela/workspace/ros_ur_driver/install/ur:/home/adela/workspace/ros_ur_driver/install/ur_calibration:/home/adela/workspace/ros_ur_driver/install/ur_robot_driver:/home/adela/workspace/ros_ur_driver/install/ur_moveit_config:/home/adela/workspace/ros_ur_driver/install/ur_bringup:/home/adela/workspace/ros_ur_driver/install/ur_description:/home/adela/workspace/ros_ur_driver/install/ur_controllers:/home/adela/workspace/ros_ur_driver/install/ur_dashboard_msgs:/home/adela/TFM_AdelaJimenez/workspace/ros_ur_driver/install/trayectories:/home/adela/TFM_AdelaJimenez/workspace/ros_ur_driver/install/rutine_launcher:/home/adela/TFM_AdelaJimenez/workspace/ros_ur_driver/install/data_logger:/home/adela/TFM_AdelaJimenez/workspace/ros_ur_driver/install/build_platform:/home/adela/TFM_MiguelLerinAlonso/workspace/ros_ur_driver/install/trayectories:/home/adela/TFM_MiguelLerinAlonso/workspace/ros_ur_driver/install/rutine_launcher:/home/adela/TFM_MiguelLerinAlonso/workspace/ros_ur_driver/install/data_logger:/home/adela/TFM_MiguelLerinAlonso/workspace/ros_ur_driver/install/build_platform:/opt/ros/humble LD_LIBRARY_PATH=/home/adela/TFM_AdelaJimenez/install/ur_robot_driver/lib:/home/adela/TFM_AdelaJimenez/install/ur_controllers/lib:/home/adela/TFM_AdelaJimenez/install/ur_dashboard_msgs/lib:${LD_LIBRARY_PATH} PATH=/home/adela/TFM_AdelaJimenez/install/ur_robot_driver/bin:${PATH} PYTHONPATH=/home/adela/TFM_AdelaJimenez/install/ur_robot_driver/local/lib/python3.10/dist-packages:/home/adela/TFM_AdelaJimenez/install/ur_moveit_config/local/lib/python3.10/dist-packages:/home/adela/TFM_AdelaJimenez/install/ur_dashboard_msgs/local/lib/python3.10/dist-packages:${PYTHONPATH} /usr/bin/cmake --install /home/adela/TFM_AdelaJimenez/build/ur
[35.431s] INFO:colcon.colcon_core.shell:Creating environment hook '/home/adela/TFM_AdelaJimenez/install/ur/share/ur/hook/cmake_prefix_path.sh'
[35.432s] Level 1:colcon.colcon_core.environment:checking '/home/adela/TFM_AdelaJimenez/install/ur/bin'
[35.432s] Level 1:colcon.colcon_core.environment:checking '/home/adela/TFM_AdelaJimenez/install/ur/lib/pkgconfig/ur.pc'
[35.433s] Level 1:colcon.colcon_core.environment:checking '/home/adela/TFM_AdelaJimenez/install/ur/lib/python3.10/site-packages'
[35.436s] Level 1:colcon.colcon_core.environment:checking '/home/adela/TFM_AdelaJimenez/install/ur/bin'
[35.437s] INFO:colcon.colcon_core.shell:Creating package script '/home/adela/TFM_AdelaJimenez/install/ur/share/ur/package.ps1'
[35.440s] INFO:colcon.colcon_core.shell:Creating package descriptor '/home/adela/TFM_AdelaJimenez/install/ur/share/ur/package.dsv'
[35.442s] INFO:colcon.colcon_core.shell:Creating package script '/home/adela/TFM_AdelaJimenez/install/ur/share/ur/package.sh'
[35.446s] INFO:colcon.colcon_core.shell:Creating package script '/home/adela/TFM_AdelaJimenez/install/ur/share/ur/package.bash'
[35.447s] INFO:colcon.colcon_core.shell:Creating package script '/home/adela/TFM_AdelaJimenez/install/ur/share/ur/package.zsh'
[35.448s] Level 1:colcon.colcon_core.environment:create_file_with_runtime_dependencies(/home/adela/TFM_AdelaJimenez/install/ur/share/colcon-core/packages/ur)
[35.554s] Level 1:colcon.colcon_core.environment:create_environment_scripts_only(ur)
[35.555s] Level 1:colcon.colcon_core.environment:checking '/home/adela/TFM_AdelaJimenez/install/ur' for CMake module files
[35.556s] Level 1:colcon.colcon_core.environment:checking '/home/adela/TFM_AdelaJimenez/install/ur' for CMake config files
[35.556s] Level 1:colcon.colcon_core.shell:create_environment_hook('ur', 'cmake_prefix_path')
[35.561s] INFO:colcon.colcon_core.shell:Creating environment hook '/home/adela/TFM_AdelaJimenez/install/ur/share/ur/hook/cmake_prefix_path.ps1'
[35.563s] INFO:colcon.colcon_core.shell:Creating environment descriptor '/home/adela/TFM_AdelaJimenez/install/ur/share/ur/hook/cmake_prefix_path.dsv'
[35.567s] INFO:colcon.colcon_core.shell:Creating environment hook '/home/adela/TFM_AdelaJimenez/install/ur/share/ur/hook/cmake_prefix_path.sh'
[35.569s] Level 1:colcon.colcon_core.environment:checking '/home/adela/TFM_AdelaJimenez/install/ur/bin'
[35.570s] Level 1:colcon.colcon_core.environment:checking '/home/adela/TFM_AdelaJimenez/install/ur/lib/pkgconfig/ur.pc'
[35.571s] Level 1:colcon.colcon_core.environment:checking '/home/adela/TFM_AdelaJimenez/install/ur/lib/python3.10/site-packages'
[35.573s] Level 1:colcon.colcon_core.environment:checking '/home/adela/TFM_AdelaJimenez/install/ur/bin'
[35.577s] INFO:colcon.colcon_core.shell:Creating package script '/home/adela/TFM_AdelaJimenez/install/ur/share/ur/package.ps1'
[35.587s] INFO:colcon.colcon_core.shell:Creating package descriptor '/home/adela/TFM_AdelaJimenez/install/ur/share/ur/package.dsv'
[35.588s] INFO:colcon.colcon_core.shell:Creating package script '/home/adela/TFM_AdelaJimenez/install/ur/share/ur/package.sh'
[35.590s] INFO:colcon.colcon_core.shell:Creating package script '/home/adela/TFM_AdelaJimenez/install/ur/share/ur/package.bash'
[35.591s] INFO:colcon.colcon_core.shell:Creating package script '/home/adela/TFM_AdelaJimenez/install/ur/share/ur/package.zsh'
[35.599s] Level 1:colcon.colcon_core.environment:create_file_with_runtime_dependencies(/home/adela/TFM_AdelaJimenez/install/ur/share/colcon-core/packages/ur)
[37.519s] Level 1:colcon.colcon_core.environment:checking '/home/adela/TFM_AdelaJimenez/install/trayectories' for CMake module files
[37.522s] DEBUG:colcon.colcon_core.event_handler.log_command:Invoked command in '/home/adela/TFM_AdelaJimenez/workspace/ros_ur_driver/src/trayectories' returned '0': PYTHONPATH=/home/adela/TFM_AdelaJimenez/build/trayectories/prefix_override:/home/adela/TFM_AdelaJimenez/install/trayectories/lib/python3.10/site-packages:${PYTHONPATH} /usr/bin/python3 -W ignore:setup.py install is deprecated setup.py egg_info --egg-base ../../../../build/trayectories build --build-base /home/adela/TFM_AdelaJimenez/build/trayectories/build install --record /home/adela/TFM_AdelaJimenez/build/trayectories/install.log --single-version-externally-managed install_data
[37.530s] Level 1:colcon.colcon_core.environment:checking '/home/adela/TFM_AdelaJimenez/install/trayectories' for CMake config files
[37.531s] Level 1:colcon.colcon_core.environment:checking '/home/adela/TFM_AdelaJimenez/install/trayectories/lib'
[37.531s] Level 1:colcon.colcon_core.environment:checking '/home/adela/TFM_AdelaJimenez/install/trayectories/bin'
[37.531s] Level 1:colcon.colcon_core.environment:checking '/home/adela/TFM_AdelaJimenez/install/trayectories/lib/pkgconfig/trayectories.pc'
[37.532s] Level 1:colcon.colcon_core.environment:checking '/home/adela/TFM_AdelaJimenez/install/trayectories/lib/python3.10/site-packages'
[37.532s] Level 1:colcon.colcon_core.shell:create_environment_hook('trayectories', 'pythonpath')
[37.532s] INFO:colcon.colcon_core.shell:Creating environment hook '/home/adela/TFM_AdelaJimenez/install/trayectories/share/trayectories/hook/pythonpath.ps1'
[37.533s] INFO:colcon.colcon_core.shell:Creating environment descriptor '/home/adela/TFM_AdelaJimenez/install/trayectories/share/trayectories/hook/pythonpath.dsv'
[37.557s] INFO:colcon.colcon_core.shell:Creating environment hook '/home/adela/TFM_AdelaJimenez/install/trayectories/share/trayectories/hook/pythonpath.sh'
[37.559s] Level 1:colcon.colcon_core.environment:checking '/home/adela/TFM_AdelaJimenez/install/trayectories/bin'
[37.559s] Level 1:colcon.colcon_core.environment:create_environment_scripts_only(trayectories)
[37.561s] INFO:colcon.colcon_core.shell:Creating package script '/home/adela/TFM_AdelaJimenez/install/trayectories/share/trayectories/package.ps1'
[37.563s] INFO:colcon.colcon_core.shell:Creating package descriptor '/home/adela/TFM_AdelaJimenez/install/trayectories/share/trayectories/package.dsv'
[37.566s] INFO:colcon.colcon_core.shell:Creating package script '/home/adela/TFM_AdelaJimenez/install/trayectories/share/trayectories/package.sh'
[37.568s] INFO:colcon.colcon_core.shell:Creating package script '/home/adela/TFM_AdelaJimenez/install/trayectories/share/trayectories/package.bash'
[37.570s] INFO:colcon.colcon_core.shell:Creating package script '/home/adela/TFM_AdelaJimenez/install/trayectories/share/trayectories/package.zsh'
[37.577s] Level 1:colcon.colcon_core.environment:create_file_with_runtime_dependencies(/home/adela/TFM_AdelaJimenez/install/trayectories/share/colcon-core/packages/trayectories)
[37.582s] DEBUG:colcon.colcon_parallel_executor.executor.parallel:closing loop
[37.584s] DEBUG:colcon.colcon_parallel_executor.executor.parallel:loop closed
[37.591s] DEBUG:colcon.colcon_parallel_executor.executor.parallel:run_until_complete finished with '0'
[37.592s] DEBUG:colcon.colcon_core.event_reactor:joining thread
[37.611s] INFO:colcon.colcon_core.plugin_system:Skipping extension 'colcon_notification.desktop_notification.terminal_notifier': Not used on non-Darwin systems
[37.624s] INFO:colcon.colcon_core.plugin_system:Skipping extension 'colcon_notification.desktop_notification.win32': Not used on non-Windows systems
[37.625s] INFO:colcon.colcon_notification.desktop_notification:Sending desktop notification using 'notify2'
[37.698s] DEBUG:colcon.colcon_core.event_reactor:joined thread
[37.699s] INFO:colcon.colcon_core.shell:Creating prefix script '/home/adela/TFM_AdelaJimenez/install/local_setup.ps1'
[37.706s] INFO:colcon.colcon_core.shell:Creating prefix util module '/home/adela/TFM_AdelaJimenez/install/_local_setup_util_ps1.py'
[37.721s] INFO:colcon.colcon_core.shell:Creating prefix chain script '/home/adela/TFM_AdelaJimenez/install/setup.ps1'
[37.743s] INFO:colcon.colcon_core.shell:Creating prefix script '/home/adela/TFM_AdelaJimenez/install/local_setup.sh'
[37.749s] INFO:colcon.colcon_core.shell:Creating prefix util module '/home/adela/TFM_AdelaJimenez/install/_local_setup_util_sh.py'
[37.759s] INFO:colcon.colcon_core.shell:Creating prefix chain script '/home/adela/TFM_AdelaJimenez/install/setup.sh'
[37.787s] INFO:colcon.colcon_core.shell:Creating prefix script '/home/adela/TFM_AdelaJimenez/install/local_setup.bash'
[37.788s] INFO:colcon.colcon_core.shell:Creating prefix chain script '/home/adela/TFM_AdelaJimenez/install/setup.bash'
[37.817s] INFO:colcon.colcon_core.shell:Creating prefix script '/home/adela/TFM_AdelaJimenez/install/local_setup.zsh'
[37.823s] INFO:colcon.colcon_core.shell:Creating prefix chain script '/home/adela/TFM_AdelaJimenez/install/setup.zsh'
