[0.348s] DEBUG:colcon:Command line arguments: ['/usr/bin/colcon', 'build']
[0.348s] DEBUG:colcon:Parsed command line arguments: Namespace(log_base=None, log_level=None, verb_name='build', build_base='build', install_base='install', merge_install=False, symlink_install=False, test_result_base=None, continue_on_error=False, executor='parallel', parallel_workers=2, event_handlers=None, ignore_user_meta=False, metas=['./colcon.meta'], base_paths=['.'], packages_ignore=None, packages_ignore_regex=None, paths=None, packages_up_to=None, packages_up_to_regex=None, packages_above=None, packages_above_and_dependencies=None, packages_above_depth=None, packages_select_by_dep=None, packages_skip_by_dep=None, packages_skip_up_to=None, packages_select_build_failed=False, packages_skip_build_finished=False, packages_select_test_failures=False, packages_skip_test_passed=False, packages_select=None, packages_skip=None, packages_select_regex=None, packages_skip_regex=None, packages_start=None, packages_end=None, allow_overriding=[], cmake_args=None, cmake_target=None, cmake_target_skip_unavailable=False, cmake_clean_cache=False, cmake_clean_first=False, cmake_force_configure=False, ament_cmake_args=None, catkin_cmake_args=None, catkin_skip_building_tests=False, verb_parser=<colcon_defaults.argument_parser.defaults.DefaultArgumentsDecorator object at 0x7138a5642680>, verb_extension=<colcon_core.verb.build.BuildVerb object at 0x7138a5641570>, main=<bound method BuildVerb.main of <colcon_core.verb.build.BuildVerb object at 0x7138a5641570>>)
[0.842s] Level 1:colcon.colcon_core.package_discovery:discover_packages(colcon_meta) check parameters
[0.843s] Level 1:colcon.colcon_core.package_discovery:discover_packages(recursive) check parameters
[0.843s] Level 1:colcon.colcon_core.package_discovery:discover_packages(ignore) check parameters
[0.843s] Level 1:colcon.colcon_core.package_discovery:discover_packages(path) check parameters
[0.843s] Level 1:colcon.colcon_core.package_discovery:discover_packages(colcon_meta) discover
[0.843s] Level 1:colcon.colcon_core.package_discovery:discover_packages(recursive) discover
[0.843s] INFO:colcon.colcon_core.package_discovery:Crawling recursively for packages in '/home/adela/TFM_AdelaJimenez'
[0.843s] Level 1:colcon.colcon_core.package_identification:_identify(.) by extensions ['ignore', 'ignore_ament_install']
[0.843s] Level 1:colcon.colcon_core.package_identification:_identify(.) by extension 'ignore'
[0.843s] Level 1:colcon.colcon_core.package_identification:_identify(.) by extension 'ignore_ament_install'
[0.843s] Level 1:colcon.colcon_core.package_identification:_identify(.) by extensions ['colcon_pkg']
[0.844s] Level 1:colcon.colcon_core.package_identification:_identify(.) by extension 'colcon_pkg'
[0.844s] Level 1:colcon.colcon_core.package_identification:_identify(.) by extensions ['colcon_meta']
[0.844s] Level 1:colcon.colcon_core.package_identification:_identify(.) by extension 'colcon_meta'
[0.844s] Level 1:colcon.colcon_core.package_identification:_identify(.) by extensions ['ros']
[0.844s] Level 1:colcon.colcon_core.package_identification:_identify(.) by extension 'ros'
[0.873s] Level 1:colcon.colcon_core.package_identification:_identify(.) by extensions ['cmake', 'python']
[0.874s] Level 1:colcon.colcon_core.package_identification:_identify(.) by extension 'cmake'
[0.874s] Level 1:colcon.colcon_core.package_identification:_identify(.) by extension 'python'
[0.874s] Level 1:colcon.colcon_core.package_identification:_identify(.) by extensions ['python_setup_py']
[0.874s] Level 1:colcon.colcon_core.package_identification:_identify(.) by extension 'python_setup_py'
[0.874s] Level 1:colcon.colcon_core.package_identification:_identify(Memoria_TFM) by extensions ['ignore', 'ignore_ament_install']
[0.874s] Level 1:colcon.colcon_core.package_identification:_identify(Memoria_TFM) by extension 'ignore'
[0.874s] Level 1:colcon.colcon_core.package_identification:_identify(Memoria_TFM) by extension 'ignore_ament_install'
[0.874s] Level 1:colcon.colcon_core.package_identification:_identify(Memoria_TFM) by extensions ['colcon_pkg']
[0.874s] Level 1:colcon.colcon_core.package_identification:_identify(Memoria_TFM) by extension 'colcon_pkg'
[0.874s] Level 1:colcon.colcon_core.package_identification:_identify(Memoria_TFM) by extensions ['colcon_meta']
[0.875s] Level 1:colcon.colcon_core.package_identification:_identify(Memoria_TFM) by extension 'colcon_meta'
[0.875s] Level 1:colcon.colcon_core.package_identification:_identify(Memoria_TFM) by extensions ['ros']
[0.875s] Level 1:colcon.colcon_core.package_identification:_identify(Memoria_TFM) by extension 'ros'
[0.875s] Level 1:colcon.colcon_core.package_identification:_identify(Memoria_TFM) by extensions ['cmake', 'python']
[0.875s] Level 1:colcon.colcon_core.package_identification:_identify(Memoria_TFM) by extension 'cmake'
[0.875s] Level 1:colcon.colcon_core.package_identification:_identify(Memoria_TFM) by extension 'python'
[0.875s] Level 1:colcon.colcon_core.package_identification:_identify(Memoria_TFM) by extensions ['python_setup_py']
[0.875s] Level 1:colcon.colcon_core.package_identification:_identify(Memoria_TFM) by extension 'python_setup_py'
[0.875s] Level 1:colcon.colcon_core.package_identification:_identify(build) by extensions ['ignore', 'ignore_ament_install']
[0.878s] Level 1:colcon.colcon_core.package_identification:_identify(build) by extension 'ignore'
[0.878s] Level 1:colcon.colcon_core.package_identification:_identify(build) ignored
[0.880s] Level 1:colcon.colcon_core.package_identification:_identify(control_unit) by extensions ['ignore', 'ignore_ament_install']
[0.880s] Level 1:colcon.colcon_core.package_identification:_identify(control_unit) by extension 'ignore'
[0.880s] Level 1:colcon.colcon_core.package_identification:_identify(control_unit) by extension 'ignore_ament_install'
[0.880s] Level 1:colcon.colcon_core.package_identification:_identify(control_unit) by extensions ['colcon_pkg']
[0.880s] Level 1:colcon.colcon_core.package_identification:_identify(control_unit) by extension 'colcon_pkg'
[0.880s] Level 1:colcon.colcon_core.package_identification:_identify(control_unit) by extensions ['colcon_meta']
[0.880s] Level 1:colcon.colcon_core.package_identification:_identify(control_unit) by extension 'colcon_meta'
[0.880s] Level 1:colcon.colcon_core.package_identification:_identify(control_unit) by extensions ['ros']
[0.882s] Level 1:colcon.colcon_core.package_identification:_identify(control_unit) by extension 'ros'
[0.882s] Level 1:colcon.colcon_core.package_identification:_identify(control_unit) by extensions ['cmake', 'python']
[0.882s] Level 1:colcon.colcon_core.package_identification:_identify(control_unit) by extension 'cmake'
[0.882s] Level 1:colcon.colcon_core.package_identification:_identify(control_unit) by extension 'python'
[0.882s] Level 1:colcon.colcon_core.package_identification:_identify(control_unit) by extensions ['python_setup_py']
[0.882s] Level 1:colcon.colcon_core.package_identification:_identify(control_unit) by extension 'python_setup_py'
[0.882s] Level 1:colcon.colcon_core.package_identification:_identify(control_unit/main_thermoregulator_s_program) by extensions ['ignore', 'ignore_ament_install']
[0.883s] Level 1:colcon.colcon_core.package_identification:_identify(control_unit/main_thermoregulator_s_program) by extension 'ignore'
[0.883s] Level 1:colcon.colcon_core.package_identification:_identify(control_unit/main_thermoregulator_s_program) by extension 'ignore_ament_install'
[0.883s] Level 1:colcon.colcon_core.package_identification:_identify(control_unit/main_thermoregulator_s_program) by extensions ['colcon_pkg']
[0.883s] Level 1:colcon.colcon_core.package_identification:_identify(control_unit/main_thermoregulator_s_program) by extension 'colcon_pkg'
[0.883s] Level 1:colcon.colcon_core.package_identification:_identify(control_unit/main_thermoregulator_s_program) by extensions ['colcon_meta']
[0.883s] Level 1:colcon.colcon_core.package_identification:_identify(control_unit/main_thermoregulator_s_program) by extension 'colcon_meta'
[0.883s] Level 1:colcon.colcon_core.package_identification:_identify(control_unit/main_thermoregulator_s_program) by extensions ['ros']
[0.883s] Level 1:colcon.colcon_core.package_identification:_identify(control_unit/main_thermoregulator_s_program) by extension 'ros'
[0.883s] Level 1:colcon.colcon_core.package_identification:_identify(control_unit/main_thermoregulator_s_program) by extensions ['cmake', 'python']
[0.886s] Level 1:colcon.colcon_core.package_identification:_identify(control_unit/main_thermoregulator_s_program) by extension 'cmake'
[0.886s] Level 1:colcon.colcon_core.package_identification:_identify(control_unit/main_thermoregulator_s_program) by extension 'python'
[0.886s] Level 1:colcon.colcon_core.package_identification:_identify(control_unit/main_thermoregulator_s_program) by extensions ['python_setup_py']
[0.886s] Level 1:colcon.colcon_core.package_identification:_identify(control_unit/main_thermoregulator_s_program) by extension 'python_setup_py'
[0.886s] Level 1:colcon.colcon_core.package_identification:_identify(install) by extensions ['ignore', 'ignore_ament_install']
[0.886s] Level 1:colcon.colcon_core.package_identification:_identify(install) by extension 'ignore'
[0.887s] Level 1:colcon.colcon_core.package_identification:_identify(install) ignored
[0.887s] Level 1:colcon.colcon_core.package_identification:_identify(log) by extensions ['ignore', 'ignore_ament_install']
[0.887s] Level 1:colcon.colcon_core.package_identification:_identify(log) by extension 'ignore'
[0.887s] Level 1:colcon.colcon_core.package_identification:_identify(log) ignored
[0.887s] Level 1:colcon.colcon_core.package_identification:_identify(workspace) by extensions ['ignore', 'ignore_ament_install']
[0.887s] Level 1:colcon.colcon_core.package_identification:_identify(workspace) by extension 'ignore'
[0.888s] Level 1:colcon.colcon_core.package_identification:_identify(workspace) by extension 'ignore_ament_install'
[0.888s] Level 1:colcon.colcon_core.package_identification:_identify(workspace) by extensions ['colcon_pkg']
[0.888s] Level 1:colcon.colcon_core.package_identification:_identify(workspace) by extension 'colcon_pkg'
[0.888s] Level 1:colcon.colcon_core.package_identification:_identify(workspace) by extensions ['colcon_meta']
[0.888s] Level 1:colcon.colcon_core.package_identification:_identify(workspace) by extension 'colcon_meta'
[0.888s] Level 1:colcon.colcon_core.package_identification:_identify(workspace) by extensions ['ros']
[0.888s] Level 1:colcon.colcon_core.package_identification:_identify(workspace) by extension 'ros'
[0.888s] Level 1:colcon.colcon_core.package_identification:_identify(workspace) by extensions ['cmake', 'python']
[0.888s] Level 1:colcon.colcon_core.package_identification:_identify(workspace) by extension 'cmake'
[0.888s] Level 1:colcon.colcon_core.package_identification:_identify(workspace) by extension 'python'
[0.889s] Level 1:colcon.colcon_core.package_identification:_identify(workspace) by extensions ['python_setup_py']
[0.889s] Level 1:colcon.colcon_core.package_identification:_identify(workspace) by extension 'python_setup_py'
[0.891s] Level 1:colcon.colcon_core.package_identification:_identify(workspace/ros_ur_driver) by extensions ['ignore', 'ignore_ament_install']
[0.891s] Level 1:colcon.colcon_core.package_identification:_identify(workspace/ros_ur_driver) by extension 'ignore'
[0.891s] Level 1:colcon.colcon_core.package_identification:_identify(workspace/ros_ur_driver) by extension 'ignore_ament_install'
[0.891s] Level 1:colcon.colcon_core.package_identification:_identify(workspace/ros_ur_driver) by extensions ['colcon_pkg']
[0.891s] Level 1:colcon.colcon_core.package_identification:_identify(workspace/ros_ur_driver) by extension 'colcon_pkg'
[0.891s] Level 1:colcon.colcon_core.package_identification:_identify(workspace/ros_ur_driver) by extensions ['colcon_meta']
[0.891s] Level 1:colcon.colcon_core.package_identification:_identify(workspace/ros_ur_driver) by extension 'colcon_meta'
[0.891s] Level 1:colcon.colcon_core.package_identification:_identify(workspace/ros_ur_driver) by extensions ['ros']
[0.891s] Level 1:colcon.colcon_core.package_identification:_identify(workspace/ros_ur_driver) by extension 'ros'
[0.891s] Level 1:colcon.colcon_core.package_identification:_identify(workspace/ros_ur_driver) by extensions ['cmake', 'python']
[0.891s] Level 1:colcon.colcon_core.package_identification:_identify(workspace/ros_ur_driver) by extension 'cmake'
[0.892s] Level 1:colcon.colcon_core.package_identification:_identify(workspace/ros_ur_driver) by extension 'python'
[0.892s] Level 1:colcon.colcon_core.package_identification:_identify(workspace/ros_ur_driver) by extensions ['python_setup_py']
[0.892s] Level 1:colcon.colcon_core.package_identification:_identify(workspace/ros_ur_driver) by extension 'python_setup_py'
[0.894s] Level 1:colcon.colcon_core.package_identification:_identify(workspace/ros_ur_driver/build) by extensions ['ignore', 'ignore_ament_install']
[0.894s] Level 1:colcon.colcon_core.package_identification:_identify(workspace/ros_ur_driver/build) by extension 'ignore'
[0.894s] Level 1:colcon.colcon_core.package_identification:_identify(workspace/ros_ur_driver/build) ignored
[0.894s] Level 1:colcon.colcon_core.package_identification:_identify(workspace/ros_ur_driver/install) by extensions ['ignore', 'ignore_ament_install']
[0.894s] Level 1:colcon.colcon_core.package_identification:_identify(workspace/ros_ur_driver/install) by extension 'ignore'
[0.894s] Level 1:colcon.colcon_core.package_identification:_identify(workspace/ros_ur_driver/install) ignored
[0.895s] Level 1:colcon.colcon_core.package_identification:_identify(workspace/ros_ur_driver/log) by extensions ['ignore', 'ignore_ament_install']
[0.895s] Level 1:colcon.colcon_core.package_identification:_identify(workspace/ros_ur_driver/log) by extension 'ignore'
[0.898s] Level 1:colcon.colcon_core.package_identification:_identify(workspace/ros_ur_driver/log) ignored
[0.898s] Level 1:colcon.colcon_core.package_identification:_identify(workspace/ros_ur_driver/src) by extensions ['ignore', 'ignore_ament_install']
[0.899s] Level 1:colcon.colcon_core.package_identification:_identify(workspace/ros_ur_driver/src) by extension 'ignore'
[0.899s] Level 1:colcon.colcon_core.package_identification:_identify(workspace/ros_ur_driver/src) by extension 'ignore_ament_install'
[0.899s] Level 1:colcon.colcon_core.package_identification:_identify(workspace/ros_ur_driver/src) by extensions ['colcon_pkg']
[0.899s] Level 1:colcon.colcon_core.package_identification:_identify(workspace/ros_ur_driver/src) by extension 'colcon_pkg'
[0.899s] Level 1:colcon.colcon_core.package_identification:_identify(workspace/ros_ur_driver/src) by extensions ['colcon_meta']
[0.899s] Level 1:colcon.colcon_core.package_identification:_identify(workspace/ros_ur_driver/src) by extension 'colcon_meta'
[0.899s] Level 1:colcon.colcon_core.package_identification:_identify(workspace/ros_ur_driver/src) by extensions ['ros']
[0.899s] Level 1:colcon.colcon_core.package_identification:_identify(workspace/ros_ur_driver/src) by extension 'ros'
[0.899s] Level 1:colcon.colcon_core.package_identification:_identify(workspace/ros_ur_driver/src) by extensions ['cmake', 'python']
[0.899s] Level 1:colcon.colcon_core.package_identification:_identify(workspace/ros_ur_driver/src) by extension 'cmake'
[0.900s] Level 1:colcon.colcon_core.package_identification:_identify(workspace/ros_ur_driver/src) by extension 'python'
[0.900s] Level 1:colcon.colcon_core.package_identification:_identify(workspace/ros_ur_driver/src) by extensions ['python_setup_py']
[0.900s] Level 1:colcon.colcon_core.package_identification:_identify(workspace/ros_ur_driver/src) by extension 'python_setup_py'
[0.900s] Level 1:colcon.colcon_core.package_identification:_identify(workspace/ros_ur_driver/src/Universal_Robots_ROS2_Description) by extensions ['ignore', 'ignore_ament_install']
[0.900s] Level 1:colcon.colcon_core.package_identification:_identify(workspace/ros_ur_driver/src/Universal_Robots_ROS2_Description) by extension 'ignore'
[0.900s] Level 1:colcon.colcon_core.package_identification:_identify(workspace/ros_ur_driver/src/Universal_Robots_ROS2_Description) by extension 'ignore_ament_install'
[0.900s] Level 1:colcon.colcon_core.package_identification:_identify(workspace/ros_ur_driver/src/Universal_Robots_ROS2_Description) by extensions ['colcon_pkg']
[0.900s] Level 1:colcon.colcon_core.package_identification:_identify(workspace/ros_ur_driver/src/Universal_Robots_ROS2_Description) by extension 'colcon_pkg'
[0.901s] Level 1:colcon.colcon_core.package_identification:_identify(workspace/ros_ur_driver/src/Universal_Robots_ROS2_Description) by extensions ['colcon_meta']
[0.901s] Level 1:colcon.colcon_core.package_identification:_identify(workspace/ros_ur_driver/src/Universal_Robots_ROS2_Description) by extension 'colcon_meta'
[0.901s] Level 1:colcon.colcon_core.package_identification:_identify(workspace/ros_ur_driver/src/Universal_Robots_ROS2_Description) by extensions ['ros']
[0.901s] Level 1:colcon.colcon_core.package_identification:_identify(workspace/ros_ur_driver/src/Universal_Robots_ROS2_Description) by extension 'ros'
[0.911s] DEBUG:colcon.colcon_core.package_identification:Package 'workspace/ros_ur_driver/src/Universal_Robots_ROS2_Description' with type 'ros.ament_cmake' and name 'ur_description'
[0.913s] Level 1:colcon.colcon_core.package_identification:_identify(workspace/ros_ur_driver/src/Universal_Robots_ROS2_Driver) by extensions ['ignore', 'ignore_ament_install']
[0.913s] Level 1:colcon.colcon_core.package_identification:_identify(workspace/ros_ur_driver/src/Universal_Robots_ROS2_Driver) by extension 'ignore'
[0.913s] Level 1:colcon.colcon_core.package_identification:_identify(workspace/ros_ur_driver/src/Universal_Robots_ROS2_Driver) by extension 'ignore_ament_install'
[0.914s] Level 1:colcon.colcon_core.package_identification:_identify(workspace/ros_ur_driver/src/Universal_Robots_ROS2_Driver) by extensions ['colcon_pkg']
[0.914s] Level 1:colcon.colcon_core.package_identification:_identify(workspace/ros_ur_driver/src/Universal_Robots_ROS2_Driver) by extension 'colcon_pkg'
[0.914s] Level 1:colcon.colcon_core.package_identification:_identify(workspace/ros_ur_driver/src/Universal_Robots_ROS2_Driver) by extensions ['colcon_meta']
[0.914s] Level 1:colcon.colcon_core.package_identification:_identify(workspace/ros_ur_driver/src/Universal_Robots_ROS2_Driver) by extension 'colcon_meta'
[0.914s] Level 1:colcon.colcon_core.package_identification:_identify(workspace/ros_ur_driver/src/Universal_Robots_ROS2_Driver) by extensions ['ros']
[0.914s] Level 1:colcon.colcon_core.package_identification:_identify(workspace/ros_ur_driver/src/Universal_Robots_ROS2_Driver) by extension 'ros'
[0.916s] Level 1:colcon.colcon_core.package_identification:_identify(workspace/ros_ur_driver/src/Universal_Robots_ROS2_Driver) by extensions ['cmake', 'python']
[0.916s] Level 1:colcon.colcon_core.package_identification:_identify(workspace/ros_ur_driver/src/Universal_Robots_ROS2_Driver) by extension 'cmake'
[0.916s] Level 1:colcon.colcon_core.package_identification:_identify(workspace/ros_ur_driver/src/Universal_Robots_ROS2_Driver) by extension 'python'
[0.916s] Level 1:colcon.colcon_core.package_identification:_identify(workspace/ros_ur_driver/src/Universal_Robots_ROS2_Driver) by extensions ['python_setup_py']
[0.916s] Level 1:colcon.colcon_core.package_identification:_identify(workspace/ros_ur_driver/src/Universal_Robots_ROS2_Driver) by extension 'python_setup_py'
[0.916s] Level 1:colcon.colcon_core.package_identification:_identify(workspace/ros_ur_driver/src/Universal_Robots_ROS2_Driver/ur) by extensions ['ignore', 'ignore_ament_install']
[0.918s] Level 1:colcon.colcon_core.package_identification:_identify(workspace/ros_ur_driver/src/Universal_Robots_ROS2_Driver/ur) by extension 'ignore'
[0.918s] Level 1:colcon.colcon_core.package_identification:_identify(workspace/ros_ur_driver/src/Universal_Robots_ROS2_Driver/ur) by extension 'ignore_ament_install'
[0.919s] Level 1:colcon.colcon_core.package_identification:_identify(workspace/ros_ur_driver/src/Universal_Robots_ROS2_Driver/ur) by extensions ['colcon_pkg']
[0.919s] Level 1:colcon.colcon_core.package_identification:_identify(workspace/ros_ur_driver/src/Universal_Robots_ROS2_Driver/ur) by extension 'colcon_pkg'
[0.919s] Level 1:colcon.colcon_core.package_identification:_identify(workspace/ros_ur_driver/src/Universal_Robots_ROS2_Driver/ur) by extensions ['colcon_meta']
[0.919s] Level 1:colcon.colcon_core.package_identification:_identify(workspace/ros_ur_driver/src/Universal_Robots_ROS2_Driver/ur) by extension 'colcon_meta'
[0.919s] Level 1:colcon.colcon_core.package_identification:_identify(workspace/ros_ur_driver/src/Universal_Robots_ROS2_Driver/ur) by extensions ['ros']
[0.919s] Level 1:colcon.colcon_core.package_identification:_identify(workspace/ros_ur_driver/src/Universal_Robots_ROS2_Driver/ur) by extension 'ros'
[0.920s] DEBUG:colcon.colcon_core.package_identification:Package 'workspace/ros_ur_driver/src/Universal_Robots_ROS2_Driver/ur' with type 'ros.ament_cmake' and name 'ur'
[0.923s] Level 1:colcon.colcon_core.package_identification:_identify(workspace/ros_ur_driver/src/Universal_Robots_ROS2_Driver/ur_bringup) by extensions ['ignore', 'ignore_ament_install']
[0.923s] Level 1:colcon.colcon_core.package_identification:_identify(workspace/ros_ur_driver/src/Universal_Robots_ROS2_Driver/ur_bringup) by extension 'ignore'
[0.923s] Level 1:colcon.colcon_core.package_identification:_identify(workspace/ros_ur_driver/src/Universal_Robots_ROS2_Driver/ur_bringup) by extension 'ignore_ament_install'
[0.923s] Level 1:colcon.colcon_core.package_identification:_identify(workspace/ros_ur_driver/src/Universal_Robots_ROS2_Driver/ur_bringup) by extensions ['colcon_pkg']
[0.923s] Level 1:colcon.colcon_core.package_identification:_identify(workspace/ros_ur_driver/src/Universal_Robots_ROS2_Driver/ur_bringup) by extension 'colcon_pkg'
[0.923s] Level 1:colcon.colcon_core.package_identification:_identify(workspace/ros_ur_driver/src/Universal_Robots_ROS2_Driver/ur_bringup) by extensions ['colcon_meta']
[0.923s] Level 1:colcon.colcon_core.package_identification:_identify(workspace/ros_ur_driver/src/Universal_Robots_ROS2_Driver/ur_bringup) by extension 'colcon_meta'
[0.924s] Level 1:colcon.colcon_core.package_identification:_identify(workspace/ros_ur_driver/src/Universal_Robots_ROS2_Driver/ur_bringup) by extensions ['ros']
[0.924s] Level 1:colcon.colcon_core.package_identification:_identify(workspace/ros_ur_driver/src/Universal_Robots_ROS2_Driver/ur_bringup) by extension 'ros'
[0.925s] DEBUG:colcon.colcon_core.package_identification:Package 'workspace/ros_ur_driver/src/Universal_Robots_ROS2_Driver/ur_bringup' with type 'ros.ament_cmake' and name 'ur_bringup'
[0.925s] Level 1:colcon.colcon_core.package_identification:_identify(workspace/ros_ur_driver/src/Universal_Robots_ROS2_Driver/ur_calibration) by extensions ['ignore', 'ignore_ament_install']
[0.925s] Level 1:colcon.colcon_core.package_identification:_identify(workspace/ros_ur_driver/src/Universal_Robots_ROS2_Driver/ur_calibration) by extension 'ignore'
[0.925s] Level 1:colcon.colcon_core.package_identification:_identify(workspace/ros_ur_driver/src/Universal_Robots_ROS2_Driver/ur_calibration) by extension 'ignore_ament_install'
[0.928s] Level 1:colcon.colcon_core.package_identification:_identify(workspace/ros_ur_driver/src/Universal_Robots_ROS2_Driver/ur_calibration) by extensions ['colcon_pkg']
[0.928s] Level 1:colcon.colcon_core.package_identification:_identify(workspace/ros_ur_driver/src/Universal_Robots_ROS2_Driver/ur_calibration) by extension 'colcon_pkg'
[0.928s] Level 1:colcon.colcon_core.package_identification:_identify(workspace/ros_ur_driver/src/Universal_Robots_ROS2_Driver/ur_calibration) by extensions ['colcon_meta']
[0.928s] Level 1:colcon.colcon_core.package_identification:_identify(workspace/ros_ur_driver/src/Universal_Robots_ROS2_Driver/ur_calibration) by extension 'colcon_meta'
[0.928s] Level 1:colcon.colcon_core.package_identification:_identify(workspace/ros_ur_driver/src/Universal_Robots_ROS2_Driver/ur_calibration) by extensions ['ros']
[0.928s] Level 1:colcon.colcon_core.package_identification:_identify(workspace/ros_ur_driver/src/Universal_Robots_ROS2_Driver/ur_calibration) by extension 'ros'
[0.932s] DEBUG:colcon.colcon_core.package_identification:Package 'workspace/ros_ur_driver/src/Universal_Robots_ROS2_Driver/ur_calibration' with type 'ros.ament_cmake' and name 'ur_calibration'
[0.933s] Level 1:colcon.colcon_core.package_identification:_identify(workspace/ros_ur_driver/src/Universal_Robots_ROS2_Driver/ur_controllers) by extensions ['ignore', 'ignore_ament_install']
[0.933s] Level 1:colcon.colcon_core.package_identification:_identify(workspace/ros_ur_driver/src/Universal_Robots_ROS2_Driver/ur_controllers) by extension 'ignore'
[0.933s] Level 1:colcon.colcon_core.package_identification:_identify(workspace/ros_ur_driver/src/Universal_Robots_ROS2_Driver/ur_controllers) by extension 'ignore_ament_install'
[0.933s] Level 1:colcon.colcon_core.package_identification:_identify(workspace/ros_ur_driver/src/Universal_Robots_ROS2_Driver/ur_controllers) by extensions ['colcon_pkg']
[0.933s] Level 1:colcon.colcon_core.package_identification:_identify(workspace/ros_ur_driver/src/Universal_Robots_ROS2_Driver/ur_controllers) by extension 'colcon_pkg'
[0.933s] Level 1:colcon.colcon_core.package_identification:_identify(workspace/ros_ur_driver/src/Universal_Robots_ROS2_Driver/ur_controllers) by extensions ['colcon_meta']
[0.933s] Level 1:colcon.colcon_core.package_identification:_identify(workspace/ros_ur_driver/src/Universal_Robots_ROS2_Driver/ur_controllers) by extension 'colcon_meta'
[0.933s] Level 1:colcon.colcon_core.package_identification:_identify(workspace/ros_ur_driver/src/Universal_Robots_ROS2_Driver/ur_controllers) by extensions ['ros']
[0.933s] Level 1:colcon.colcon_core.package_identification:_identify(workspace/ros_ur_driver/src/Universal_Robots_ROS2_Driver/ur_controllers) by extension 'ros'
[0.940s] DEBUG:colcon.colcon_core.package_identification:Package 'workspace/ros_ur_driver/src/Universal_Robots_ROS2_Driver/ur_controllers' with type 'ros.ament_cmake' and name 'ur_controllers'
[0.941s] Level 1:colcon.colcon_core.package_identification:_identify(workspace/ros_ur_driver/src/Universal_Robots_ROS2_Driver/ur_dashboard_msgs) by extensions ['ignore', 'ignore_ament_install']
[0.941s] Level 1:colcon.colcon_core.package_identification:_identify(workspace/ros_ur_driver/src/Universal_Robots_ROS2_Driver/ur_dashboard_msgs) by extension 'ignore'
[0.942s] Level 1:colcon.colcon_core.package_identification:_identify(workspace/ros_ur_driver/src/Universal_Robots_ROS2_Driver/ur_dashboard_msgs) by extension 'ignore_ament_install'
[0.944s] Level 1:colcon.colcon_core.package_identification:_identify(workspace/ros_ur_driver/src/Universal_Robots_ROS2_Driver/ur_dashboard_msgs) by extensions ['colcon_pkg']
[0.944s] Level 1:colcon.colcon_core.package_identification:_identify(workspace/ros_ur_driver/src/Universal_Robots_ROS2_Driver/ur_dashboard_msgs) by extension 'colcon_pkg'
[0.944s] Level 1:colcon.colcon_core.package_identification:_identify(workspace/ros_ur_driver/src/Universal_Robots_ROS2_Driver/ur_dashboard_msgs) by extensions ['colcon_meta']
[0.944s] Level 1:colcon.colcon_core.package_identification:_identify(workspace/ros_ur_driver/src/Universal_Robots_ROS2_Driver/ur_dashboard_msgs) by extension 'colcon_meta'
[0.945s] Level 1:colcon.colcon_core.package_identification:_identify(workspace/ros_ur_driver/src/Universal_Robots_ROS2_Driver/ur_dashboard_msgs) by extensions ['ros']
[0.945s] Level 1:colcon.colcon_core.package_identification:_identify(workspace/ros_ur_driver/src/Universal_Robots_ROS2_Driver/ur_dashboard_msgs) by extension 'ros'
[0.946s] DEBUG:colcon.colcon_core.package_identification:Package 'workspace/ros_ur_driver/src/Universal_Robots_ROS2_Driver/ur_dashboard_msgs' with type 'ros.ament_cmake' and name 'ur_dashboard_msgs'
[0.948s] Level 1:colcon.colcon_core.package_identification:_identify(workspace/ros_ur_driver/src/Universal_Robots_ROS2_Driver/ur_moveit_config) by extensions ['ignore', 'ignore_ament_install']
[0.949s] Level 1:colcon.colcon_core.package_identification:_identify(workspace/ros_ur_driver/src/Universal_Robots_ROS2_Driver/ur_moveit_config) by extension 'ignore'
[0.949s] Level 1:colcon.colcon_core.package_identification:_identify(workspace/ros_ur_driver/src/Universal_Robots_ROS2_Driver/ur_moveit_config) by extension 'ignore_ament_install'
[0.949s] Level 1:colcon.colcon_core.package_identification:_identify(workspace/ros_ur_driver/src/Universal_Robots_ROS2_Driver/ur_moveit_config) by extensions ['colcon_pkg']
[0.949s] Level 1:colcon.colcon_core.package_identification:_identify(workspace/ros_ur_driver/src/Universal_Robots_ROS2_Driver/ur_moveit_config) by extension 'colcon_pkg'
[0.949s] Level 1:colcon.colcon_core.package_identification:_identify(workspace/ros_ur_driver/src/Universal_Robots_ROS2_Driver/ur_moveit_config) by extensions ['colcon_meta']
[0.949s] Level 1:colcon.colcon_core.package_identification:_identify(workspace/ros_ur_driver/src/Universal_Robots_ROS2_Driver/ur_moveit_config) by extension 'colcon_meta'
[0.949s] Level 1:colcon.colcon_core.package_identification:_identify(workspace/ros_ur_driver/src/Universal_Robots_ROS2_Driver/ur_moveit_config) by extensions ['ros']
[0.949s] Level 1:colcon.colcon_core.package_identification:_identify(workspace/ros_ur_driver/src/Universal_Robots_ROS2_Driver/ur_moveit_config) by extension 'ros'
[0.954s] DEBUG:colcon.colcon_core.package_identification:Package 'workspace/ros_ur_driver/src/Universal_Robots_ROS2_Driver/ur_moveit_config' with type 'ros.ament_cmake' and name 'ur_moveit_config'
[0.954s] Level 1:colcon.colcon_core.package_identification:_identify(workspace/ros_ur_driver/src/Universal_Robots_ROS2_Driver/ur_robot_driver) by extensions ['ignore', 'ignore_ament_install']
[0.954s] Level 1:colcon.colcon_core.package_identification:_identify(workspace/ros_ur_driver/src/Universal_Robots_ROS2_Driver/ur_robot_driver) by extension 'ignore'
[0.954s] Level 1:colcon.colcon_core.package_identification:_identify(workspace/ros_ur_driver/src/Universal_Robots_ROS2_Driver/ur_robot_driver) by extension 'ignore_ament_install'
[0.954s] Level 1:colcon.colcon_core.package_identification:_identify(workspace/ros_ur_driver/src/Universal_Robots_ROS2_Driver/ur_robot_driver) by extensions ['colcon_pkg']
[0.954s] Level 1:colcon.colcon_core.package_identification:_identify(workspace/ros_ur_driver/src/Universal_Robots_ROS2_Driver/ur_robot_driver) by extension 'colcon_pkg'
[0.954s] Level 1:colcon.colcon_core.package_identification:_identify(workspace/ros_ur_driver/src/Universal_Robots_ROS2_Driver/ur_robot_driver) by extensions ['colcon_meta']
[0.954s] Level 1:colcon.colcon_core.package_identification:_identify(workspace/ros_ur_driver/src/Universal_Robots_ROS2_Driver/ur_robot_driver) by extension 'colcon_meta'
[0.955s] Level 1:colcon.colcon_core.package_identification:_identify(workspace/ros_ur_driver/src/Universal_Robots_ROS2_Driver/ur_robot_driver) by extensions ['ros']
[0.955s] Level 1:colcon.colcon_core.package_identification:_identify(workspace/ros_ur_driver/src/Universal_Robots_ROS2_Driver/ur_robot_driver) by extension 'ros'
[0.964s] DEBUG:colcon.colcon_core.package_identification:Package 'workspace/ros_ur_driver/src/Universal_Robots_ROS2_Driver/ur_robot_driver' with type 'ros.ament_cmake' and name 'ur_robot_driver'
[0.965s] Level 1:colcon.colcon_core.package_identification:_identify(workspace/ros_ur_driver/src/build) by extensions ['ignore', 'ignore_ament_install']
[0.965s] Level 1:colcon.colcon_core.package_identification:_identify(workspace/ros_ur_driver/src/build) by extension 'ignore'
[0.967s] Level 1:colcon.colcon_core.package_identification:_identify(workspace/ros_ur_driver/src/build) by extension 'ignore_ament_install'
[0.967s] Level 1:colcon.colcon_core.package_identification:_identify(workspace/ros_ur_driver/src/build) by extensions ['colcon_pkg']
[0.967s] Level 1:colcon.colcon_core.package_identification:_identify(workspace/ros_ur_driver/src/build) by extension 'colcon_pkg'
[0.968s] Level 1:colcon.colcon_core.package_identification:_identify(workspace/ros_ur_driver/src/build) by extensions ['colcon_meta']
[0.968s] Level 1:colcon.colcon_core.package_identification:_identify(workspace/ros_ur_driver/src/build) by extension 'colcon_meta'
[0.968s] Level 1:colcon.colcon_core.package_identification:_identify(workspace/ros_ur_driver/src/build) by extensions ['ros']
[0.968s] Level 1:colcon.colcon_core.package_identification:_identify(workspace/ros_ur_driver/src/build) by extension 'ros'
[0.968s] Level 1:colcon.colcon_core.package_identification:_identify(workspace/ros_ur_driver/src/build) by extensions ['cmake', 'python']
[0.968s] Level 1:colcon.colcon_core.package_identification:_identify(workspace/ros_ur_driver/src/build) by extension 'cmake'
[0.968s] Level 1:colcon.colcon_core.package_identification:_identify(workspace/ros_ur_driver/src/build) by extension 'python'
[0.968s] Level 1:colcon.colcon_core.package_identification:_identify(workspace/ros_ur_driver/src/build) by extensions ['python_setup_py']
[0.968s] Level 1:colcon.colcon_core.package_identification:_identify(workspace/ros_ur_driver/src/build) by extension 'python_setup_py'
[0.969s] Level 1:colcon.colcon_core.package_identification:_identify(workspace/ros_ur_driver/src/build/ur) by extensions ['ignore', 'ignore_ament_install']
[0.970s] Level 1:colcon.colcon_core.package_identification:_identify(workspace/ros_ur_driver/src/build/ur) by extension 'ignore'
[0.970s] Level 1:colcon.colcon_core.package_identification:_identify(workspace/ros_ur_driver/src/build/ur) by extension 'ignore_ament_install'
[0.970s] Level 1:colcon.colcon_core.package_identification:_identify(workspace/ros_ur_driver/src/build/ur) by extensions ['colcon_pkg']
[0.970s] Level 1:colcon.colcon_core.package_identification:_identify(workspace/ros_ur_driver/src/build/ur) by extension 'colcon_pkg'
[0.970s] Level 1:colcon.colcon_core.package_identification:_identify(workspace/ros_ur_driver/src/build/ur) by extensions ['colcon_meta']
[0.971s] Level 1:colcon.colcon_core.package_identification:_identify(workspace/ros_ur_driver/src/build/ur) by extension 'colcon_meta'
[0.972s] Level 1:colcon.colcon_core.package_identification:_identify(workspace/ros_ur_driver/src/build/ur) by extensions ['ros']
[0.972s] Level 1:colcon.colcon_core.package_identification:_identify(workspace/ros_ur_driver/src/build/ur) by extension 'ros'
[0.972s] Level 1:colcon.colcon_core.package_identification:_identify(workspace/ros_ur_driver/src/build/ur) by extensions ['cmake', 'python']
[0.972s] Level 1:colcon.colcon_core.package_identification:_identify(workspace/ros_ur_driver/src/build/ur) by extension 'cmake'
[0.972s] Level 1:colcon.colcon_core.package_identification:_identify(workspace/ros_ur_driver/src/build/ur) by extension 'python'
[0.972s] Level 1:colcon.colcon_core.package_identification:_identify(workspace/ros_ur_driver/src/build/ur) by extensions ['python_setup_py']
[0.972s] Level 1:colcon.colcon_core.package_identification:_identify(workspace/ros_ur_driver/src/build/ur) by extension 'python_setup_py'
[0.978s] Level 1:colcon.colcon_core.package_identification:_identify(workspace/ros_ur_driver/src/build/ur/CMakeFiles) by extensions ['ignore', 'ignore_ament_install']
[0.978s] Level 1:colcon.colcon_core.package_identification:_identify(workspace/ros_ur_driver/src/build/ur/CMakeFiles) by extension 'ignore'
[0.980s] Level 1:colcon.colcon_core.package_identification:_identify(workspace/ros_ur_driver/src/build/ur/CMakeFiles) by extension 'ignore_ament_install'
[0.980s] Level 1:colcon.colcon_core.package_identification:_identify(workspace/ros_ur_driver/src/build/ur/CMakeFiles) by extensions ['colcon_pkg']
[0.980s] Level 1:colcon.colcon_core.package_identification:_identify(workspace/ros_ur_driver/src/build/ur/CMakeFiles) by extension 'colcon_pkg'
[0.980s] Level 1:colcon.colcon_core.package_identification:_identify(workspace/ros_ur_driver/src/build/ur/CMakeFiles) by extensions ['colcon_meta']
[0.981s] Level 1:colcon.colcon_core.package_identification:_identify(workspace/ros_ur_driver/src/build/ur/CMakeFiles) by extension 'colcon_meta'
[0.981s] Level 1:colcon.colcon_core.package_identification:_identify(workspace/ros_ur_driver/src/build/ur/CMakeFiles) by extensions ['ros']
[0.983s] Level 1:colcon.colcon_core.package_identification:_identify(workspace/ros_ur_driver/src/build/ur/CMakeFiles) by extension 'ros'
[0.984s] Level 1:colcon.colcon_core.package_identification:_identify(workspace/ros_ur_driver/src/build/ur/CMakeFiles) by extensions ['cmake', 'python']
[0.984s] Level 1:colcon.colcon_core.package_identification:_identify(workspace/ros_ur_driver/src/build/ur/CMakeFiles) by extension 'cmake'
[0.984s] Level 1:colcon.colcon_core.package_identification:_identify(workspace/ros_ur_driver/src/build/ur/CMakeFiles) by extension 'python'
[0.985s] Level 1:colcon.colcon_core.package_identification:_identify(workspace/ros_ur_driver/src/build/ur/CMakeFiles) by extensions ['python_setup_py']
[0.985s] Level 1:colcon.colcon_core.package_identification:_identify(workspace/ros_ur_driver/src/build/ur/CMakeFiles) by extension 'python_setup_py'
[0.987s] Level 1:colcon.colcon_core.package_identification:_identify(workspace/ros_ur_driver/src/build/ur/CMakeFiles/3.22.1) by extensions ['ignore', 'ignore_ament_install']
[0.987s] Level 1:colcon.colcon_core.package_identification:_identify(workspace/ros_ur_driver/src/build/ur/CMakeFiles/3.22.1) by extension 'ignore'
[0.987s] Level 1:colcon.colcon_core.package_identification:_identify(workspace/ros_ur_driver/src/build/ur/CMakeFiles/3.22.1) by extension 'ignore_ament_install'
[0.988s] Level 1:colcon.colcon_core.package_identification:_identify(workspace/ros_ur_driver/src/build/ur/CMakeFiles/3.22.1) by extensions ['colcon_pkg']
[0.990s] Level 1:colcon.colcon_core.package_identification:_identify(workspace/ros_ur_driver/src/build/ur/CMakeFiles/3.22.1) by extension 'colcon_pkg'
[0.993s] Level 1:colcon.colcon_core.package_identification:_identify(workspace/ros_ur_driver/src/build/ur/CMakeFiles/3.22.1) by extensions ['colcon_meta']
[0.993s] Level 1:colcon.colcon_core.package_identification:_identify(workspace/ros_ur_driver/src/build/ur/CMakeFiles/3.22.1) by extension 'colcon_meta'
[0.993s] Level 1:colcon.colcon_core.package_identification:_identify(workspace/ros_ur_driver/src/build/ur/CMakeFiles/3.22.1) by extensions ['ros']
[0.993s] Level 1:colcon.colcon_core.package_identification:_identify(workspace/ros_ur_driver/src/build/ur/CMakeFiles/3.22.1) by extension 'ros'
[0.996s] Level 1:colcon.colcon_core.package_identification:_identify(workspace/ros_ur_driver/src/build/ur/CMakeFiles/3.22.1) by extensions ['cmake', 'python']
[0.996s] Level 1:colcon.colcon_core.package_identification:_identify(workspace/ros_ur_driver/src/build/ur/CMakeFiles/3.22.1) by extension 'cmake'
[0.996s] Level 1:colcon.colcon_core.package_identification:_identify(workspace/ros_ur_driver/src/build/ur/CMakeFiles/3.22.1) by extension 'python'
[0.996s] Level 1:colcon.colcon_core.package_identification:_identify(workspace/ros_ur_driver/src/build/ur/CMakeFiles/3.22.1) by extensions ['python_setup_py']
[0.996s] Level 1:colcon.colcon_core.package_identification:_identify(workspace/ros_ur_driver/src/build/ur/CMakeFiles/3.22.1) by extension 'python_setup_py'
[0.997s] Level 1:colcon.colcon_core.package_identification:_identify(workspace/ros_ur_driver/src/build/ur/CMakeFiles/3.22.1/CompilerIdC) by extensions ['ignore', 'ignore_ament_install']
[0.997s] Level 1:colcon.colcon_core.package_identification:_identify(workspace/ros_ur_driver/src/build/ur/CMakeFiles/3.22.1/CompilerIdC) by extension 'ignore'
[0.998s] Level 1:colcon.colcon_core.package_identification:_identify(workspace/ros_ur_driver/src/build/ur/CMakeFiles/3.22.1/CompilerIdC) by extension 'ignore_ament_install'
[0.998s] Level 1:colcon.colcon_core.package_identification:_identify(workspace/ros_ur_driver/src/build/ur/CMakeFiles/3.22.1/CompilerIdC) by extensions ['colcon_pkg']
[0.998s] Level 1:colcon.colcon_core.package_identification:_identify(workspace/ros_ur_driver/src/build/ur/CMakeFiles/3.22.1/CompilerIdC) by extension 'colcon_pkg'
[0.999s] Level 1:colcon.colcon_core.package_identification:_identify(workspace/ros_ur_driver/src/build/ur/CMakeFiles/3.22.1/CompilerIdC) by extensions ['colcon_meta']
[1.000s] Level 1:colcon.colcon_core.package_identification:_identify(workspace/ros_ur_driver/src/build/ur/CMakeFiles/3.22.1/CompilerIdC) by extension 'colcon_meta'
[1.000s] Level 1:colcon.colcon_core.package_identification:_identify(workspace/ros_ur_driver/src/build/ur/CMakeFiles/3.22.1/CompilerIdC) by extensions ['ros']
[1.000s] Level 1:colcon.colcon_core.package_identification:_identify(workspace/ros_ur_driver/src/build/ur/CMakeFiles/3.22.1/CompilerIdC) by extension 'ros'
[1.000s] Level 1:colcon.colcon_core.package_identification:_identify(workspace/ros_ur_driver/src/build/ur/CMakeFiles/3.22.1/CompilerIdC) by extensions ['cmake', 'python']
[1.001s] Level 1:colcon.colcon_core.package_identification:_identify(workspace/ros_ur_driver/src/build/ur/CMakeFiles/3.22.1/CompilerIdC) by extension 'cmake'
[1.001s] Level 1:colcon.colcon_core.package_identification:_identify(workspace/ros_ur_driver/src/build/ur/CMakeFiles/3.22.1/CompilerIdC) by extension 'python'
[1.002s] Level 1:colcon.colcon_core.package_identification:_identify(workspace/ros_ur_driver/src/build/ur/CMakeFiles/3.22.1/CompilerIdC) by extensions ['python_setup_py']
[1.002s] Level 1:colcon.colcon_core.package_identification:_identify(workspace/ros_ur_driver/src/build/ur/CMakeFiles/3.22.1/CompilerIdC) by extension 'python_setup_py'
[1.003s] Level 1:colcon.colcon_core.package_identification:_identify(workspace/ros_ur_driver/src/build/ur/CMakeFiles/3.22.1/CompilerIdC/tmp) by extensions ['ignore', 'ignore_ament_install']
[1.003s] Level 1:colcon.colcon_core.package_identification:_identify(workspace/ros_ur_driver/src/build/ur/CMakeFiles/3.22.1/CompilerIdC/tmp) by extension 'ignore'
[1.004s] Level 1:colcon.colcon_core.package_identification:_identify(workspace/ros_ur_driver/src/build/ur/CMakeFiles/3.22.1/CompilerIdC/tmp) by extension 'ignore_ament_install'
[1.004s] Level 1:colcon.colcon_core.package_identification:_identify(workspace/ros_ur_driver/src/build/ur/CMakeFiles/3.22.1/CompilerIdC/tmp) by extensions ['colcon_pkg']
[1.005s] Level 1:colcon.colcon_core.package_identification:_identify(workspace/ros_ur_driver/src/build/ur/CMakeFiles/3.22.1/CompilerIdC/tmp) by extension 'colcon_pkg'
[1.005s] Level 1:colcon.colcon_core.package_identification:_identify(workspace/ros_ur_driver/src/build/ur/CMakeFiles/3.22.1/CompilerIdC/tmp) by extensions ['colcon_meta']
[1.005s] Level 1:colcon.colcon_core.package_identification:_identify(workspace/ros_ur_driver/src/build/ur/CMakeFiles/3.22.1/CompilerIdC/tmp) by extension 'colcon_meta'
[1.006s] Level 1:colcon.colcon_core.package_identification:_identify(workspace/ros_ur_driver/src/build/ur/CMakeFiles/3.22.1/CompilerIdC/tmp) by extensions ['ros']
[1.006s] Level 1:colcon.colcon_core.package_identification:_identify(workspace/ros_ur_driver/src/build/ur/CMakeFiles/3.22.1/CompilerIdC/tmp) by extension 'ros'
[1.006s] Level 1:colcon.colcon_core.package_identification:_identify(workspace/ros_ur_driver/src/build/ur/CMakeFiles/3.22.1/CompilerIdC/tmp) by extensions ['cmake', 'python']
[1.006s] Level 1:colcon.colcon_core.package_identification:_identify(workspace/ros_ur_driver/src/build/ur/CMakeFiles/3.22.1/CompilerIdC/tmp) by extension 'cmake'
[1.006s] Level 1:colcon.colcon_core.package_identification:_identify(workspace/ros_ur_driver/src/build/ur/CMakeFiles/3.22.1/CompilerIdC/tmp) by extension 'python'
[1.006s] Level 1:colcon.colcon_core.package_identification:_identify(workspace/ros_ur_driver/src/build/ur/CMakeFiles/3.22.1/CompilerIdC/tmp) by extensions ['python_setup_py']
[1.006s] Level 1:colcon.colcon_core.package_identification:_identify(workspace/ros_ur_driver/src/build/ur/CMakeFiles/3.22.1/CompilerIdC/tmp) by extension 'python_setup_py'
[1.007s] Level 1:colcon.colcon_core.package_identification:_identify(workspace/ros_ur_driver/src/build/ur/CMakeFiles/3.22.1/CompilerIdCXX) by extensions ['ignore', 'ignore_ament_install']
[1.008s] Level 1:colcon.colcon_core.package_identification:_identify(workspace/ros_ur_driver/src/build/ur/CMakeFiles/3.22.1/CompilerIdCXX) by extension 'ignore'
[1.008s] Level 1:colcon.colcon_core.package_identification:_identify(workspace/ros_ur_driver/src/build/ur/CMakeFiles/3.22.1/CompilerIdCXX) by extension 'ignore_ament_install'
[1.008s] Level 1:colcon.colcon_core.package_identification:_identify(workspace/ros_ur_driver/src/build/ur/CMakeFiles/3.22.1/CompilerIdCXX) by extensions ['colcon_pkg']
[1.008s] Level 1:colcon.colcon_core.package_identification:_identify(workspace/ros_ur_driver/src/build/ur/CMakeFiles/3.22.1/CompilerIdCXX) by extension 'colcon_pkg'
[1.008s] Level 1:colcon.colcon_core.package_identification:_identify(workspace/ros_ur_driver/src/build/ur/CMakeFiles/3.22.1/CompilerIdCXX) by extensions ['colcon_meta']
[1.008s] Level 1:colcon.colcon_core.package_identification:_identify(workspace/ros_ur_driver/src/build/ur/CMakeFiles/3.22.1/CompilerIdCXX) by extension 'colcon_meta'
[1.009s] Level 1:colcon.colcon_core.package_identification:_identify(workspace/ros_ur_driver/src/build/ur/CMakeFiles/3.22.1/CompilerIdCXX) by extensions ['ros']
[1.010s] Level 1:colcon.colcon_core.package_identification:_identify(workspace/ros_ur_driver/src/build/ur/CMakeFiles/3.22.1/CompilerIdCXX) by extension 'ros'
[1.010s] Level 1:colcon.colcon_core.package_identification:_identify(workspace/ros_ur_driver/src/build/ur/CMakeFiles/3.22.1/CompilerIdCXX) by extensions ['cmake', 'python']
[1.010s] Level 1:colcon.colcon_core.package_identification:_identify(workspace/ros_ur_driver/src/build/ur/CMakeFiles/3.22.1/CompilerIdCXX) by extension 'cmake'
[1.010s] Level 1:colcon.colcon_core.package_identification:_identify(workspace/ros_ur_driver/src/build/ur/CMakeFiles/3.22.1/CompilerIdCXX) by extension 'python'
[1.010s] Level 1:colcon.colcon_core.package_identification:_identify(workspace/ros_ur_driver/src/build/ur/CMakeFiles/3.22.1/CompilerIdCXX) by extensions ['python_setup_py']
[1.010s] Level 1:colcon.colcon_core.package_identification:_identify(workspace/ros_ur_driver/src/build/ur/CMakeFiles/3.22.1/CompilerIdCXX) by extension 'python_setup_py'
[1.012s] Level 1:colcon.colcon_core.package_identification:_identify(workspace/ros_ur_driver/src/build/ur/CMakeFiles/3.22.1/CompilerIdCXX/tmp) by extensions ['ignore', 'ignore_ament_install']
[1.012s] Level 1:colcon.colcon_core.package_identification:_identify(workspace/ros_ur_driver/src/build/ur/CMakeFiles/3.22.1/CompilerIdCXX/tmp) by extension 'ignore'
[1.012s] Level 1:colcon.colcon_core.package_identification:_identify(workspace/ros_ur_driver/src/build/ur/CMakeFiles/3.22.1/CompilerIdCXX/tmp) by extension 'ignore_ament_install'
[1.012s] Level 1:colcon.colcon_core.package_identification:_identify(workspace/ros_ur_driver/src/build/ur/CMakeFiles/3.22.1/CompilerIdCXX/tmp) by extensions ['colcon_pkg']
[1.012s] Level 1:colcon.colcon_core.package_identification:_identify(workspace/ros_ur_driver/src/build/ur/CMakeFiles/3.22.1/CompilerIdCXX/tmp) by extension 'colcon_pkg'
[1.012s] Level 1:colcon.colcon_core.package_identification:_identify(workspace/ros_ur_driver/src/build/ur/CMakeFiles/3.22.1/CompilerIdCXX/tmp) by extensions ['colcon_meta']
[1.012s] Level 1:colcon.colcon_core.package_identification:_identify(workspace/ros_ur_driver/src/build/ur/CMakeFiles/3.22.1/CompilerIdCXX/tmp) by extension 'colcon_meta'
[1.012s] Level 1:colcon.colcon_core.package_identification:_identify(workspace/ros_ur_driver/src/build/ur/CMakeFiles/3.22.1/CompilerIdCXX/tmp) by extensions ['ros']
[1.014s] Level 1:colcon.colcon_core.package_identification:_identify(workspace/ros_ur_driver/src/build/ur/CMakeFiles/3.22.1/CompilerIdCXX/tmp) by extension 'ros'
[1.014s] Level 1:colcon.colcon_core.package_identification:_identify(workspace/ros_ur_driver/src/build/ur/CMakeFiles/3.22.1/CompilerIdCXX/tmp) by extensions ['cmake', 'python']
[1.015s] Level 1:colcon.colcon_core.package_identification:_identify(workspace/ros_ur_driver/src/build/ur/CMakeFiles/3.22.1/CompilerIdCXX/tmp) by extension 'cmake'
[1.015s] Level 1:colcon.colcon_core.package_identification:_identify(workspace/ros_ur_driver/src/build/ur/CMakeFiles/3.22.1/CompilerIdCXX/tmp) by extension 'python'
[1.015s] Level 1:colcon.colcon_core.package_identification:_identify(workspace/ros_ur_driver/src/build/ur/CMakeFiles/3.22.1/CompilerIdCXX/tmp) by extensions ['python_setup_py']
[1.015s] Level 1:colcon.colcon_core.package_identification:_identify(workspace/ros_ur_driver/src/build/ur/CMakeFiles/3.22.1/CompilerIdCXX/tmp) by extension 'python_setup_py'
[1.016s] Level 1:colcon.colcon_core.package_identification:_identify(workspace/ros_ur_driver/src/build/ur/CMakeFiles/CMakeTmp) by extensions ['ignore', 'ignore_ament_install']
[1.016s] Level 1:colcon.colcon_core.package_identification:_identify(workspace/ros_ur_driver/src/build/ur/CMakeFiles/CMakeTmp) by extension 'ignore'
[1.018s] Level 1:colcon.colcon_core.package_identification:_identify(workspace/ros_ur_driver/src/build/ur/CMakeFiles/CMakeTmp) by extension 'ignore_ament_install'
[1.018s] Level 1:colcon.colcon_core.package_identification:_identify(workspace/ros_ur_driver/src/build/ur/CMakeFiles/CMakeTmp) by extensions ['colcon_pkg']
[1.018s] Level 1:colcon.colcon_core.package_identification:_identify(workspace/ros_ur_driver/src/build/ur/CMakeFiles/CMakeTmp) by extension 'colcon_pkg'
[1.018s] Level 1:colcon.colcon_core.package_identification:_identify(workspace/ros_ur_driver/src/build/ur/CMakeFiles/CMakeTmp) by extensions ['colcon_meta']
[1.018s] Level 1:colcon.colcon_core.package_identification:_identify(workspace/ros_ur_driver/src/build/ur/CMakeFiles/CMakeTmp) by extension 'colcon_meta'
[1.018s] Level 1:colcon.colcon_core.package_identification:_identify(workspace/ros_ur_driver/src/build/ur/CMakeFiles/CMakeTmp) by extensions ['ros']
[1.019s] Level 1:colcon.colcon_core.package_identification:_identify(workspace/ros_ur_driver/src/build/ur/CMakeFiles/CMakeTmp) by extension 'ros'
[1.019s] Level 1:colcon.colcon_core.package_identification:_identify(workspace/ros_ur_driver/src/build/ur/CMakeFiles/CMakeTmp) by extensions ['cmake', 'python']
[1.019s] Level 1:colcon.colcon_core.package_identification:_identify(workspace/ros_ur_driver/src/build/ur/CMakeFiles/CMakeTmp) by extension 'cmake'
[1.019s] Level 1:colcon.colcon_core.package_identification:_identify(workspace/ros_ur_driver/src/build/ur/CMakeFiles/CMakeTmp) by extension 'python'
[1.019s] Level 1:colcon.colcon_core.package_identification:_identify(workspace/ros_ur_driver/src/build/ur/CMakeFiles/CMakeTmp) by extensions ['python_setup_py']
[1.019s] Level 1:colcon.colcon_core.package_identification:_identify(workspace/ros_ur_driver/src/build/ur/CMakeFiles/CMakeTmp) by extension 'python_setup_py'
[1.020s] Level 1:colcon.colcon_core.package_identification:_identify(workspace/ros_ur_driver/src/build/ur/ament_lint_cmake) by extensions ['ignore', 'ignore_ament_install']
[1.020s] Level 1:colcon.colcon_core.package_identification:_identify(workspace/ros_ur_driver/src/build/ur/ament_lint_cmake) by extension 'ignore'
[1.021s] Level 1:colcon.colcon_core.package_identification:_identify(workspace/ros_ur_driver/src/build/ur/ament_lint_cmake) by extension 'ignore_ament_install'
[1.021s] Level 1:colcon.colcon_core.package_identification:_identify(workspace/ros_ur_driver/src/build/ur/ament_lint_cmake) by extensions ['colcon_pkg']
[1.021s] Level 1:colcon.colcon_core.package_identification:_identify(workspace/ros_ur_driver/src/build/ur/ament_lint_cmake) by extension 'colcon_pkg'
[1.021s] Level 1:colcon.colcon_core.package_identification:_identify(workspace/ros_ur_driver/src/build/ur/ament_lint_cmake) by extensions ['colcon_meta']
[1.022s] Level 1:colcon.colcon_core.package_identification:_identify(workspace/ros_ur_driver/src/build/ur/ament_lint_cmake) by extension 'colcon_meta'
[1.022s] Level 1:colcon.colcon_core.package_identification:_identify(workspace/ros_ur_driver/src/build/ur/ament_lint_cmake) by extensions ['ros']
[1.022s] Level 1:colcon.colcon_core.package_identification:_identify(workspace/ros_ur_driver/src/build/ur/ament_lint_cmake) by extension 'ros'
[1.022s] Level 1:colcon.colcon_core.package_identification:_identify(workspace/ros_ur_driver/src/build/ur/ament_lint_cmake) by extensions ['cmake', 'python']
[1.022s] Level 1:colcon.colcon_core.package_identification:_identify(workspace/ros_ur_driver/src/build/ur/ament_lint_cmake) by extension 'cmake'
[1.022s] Level 1:colcon.colcon_core.package_identification:_identify(workspace/ros_ur_driver/src/build/ur/ament_lint_cmake) by extension 'python'
[1.023s] Level 1:colcon.colcon_core.package_identification:_identify(workspace/ros_ur_driver/src/build/ur/ament_lint_cmake) by extensions ['python_setup_py']
[1.023s] Level 1:colcon.colcon_core.package_identification:_identify(workspace/ros_ur_driver/src/build/ur/ament_lint_cmake) by extension 'python_setup_py'
[1.024s] Level 1:colcon.colcon_core.package_identification:_identify(workspace/ros_ur_driver/src/build/ur/ament_xmllint) by extensions ['ignore', 'ignore_ament_install']
[1.024s] Level 1:colcon.colcon_core.package_identification:_identify(workspace/ros_ur_driver/src/build/ur/ament_xmllint) by extension 'ignore'
[1.026s] Level 1:colcon.colcon_core.package_identification:_identify(workspace/ros_ur_driver/src/build/ur/ament_xmllint) by extension 'ignore_ament_install'
[1.026s] Level 1:colcon.colcon_core.package_identification:_identify(workspace/ros_ur_driver/src/build/ur/ament_xmllint) by extensions ['colcon_pkg']
[1.026s] Level 1:colcon.colcon_core.package_identification:_identify(workspace/ros_ur_driver/src/build/ur/ament_xmllint) by extension 'colcon_pkg'
[1.026s] Level 1:colcon.colcon_core.package_identification:_identify(workspace/ros_ur_driver/src/build/ur/ament_xmllint) by extensions ['colcon_meta']
[1.026s] Level 1:colcon.colcon_core.package_identification:_identify(workspace/ros_ur_driver/src/build/ur/ament_xmllint) by extension 'colcon_meta'
[1.026s] Level 1:colcon.colcon_core.package_identification:_identify(workspace/ros_ur_driver/src/build/ur/ament_xmllint) by extensions ['ros']
[1.026s] Level 1:colcon.colcon_core.package_identification:_identify(workspace/ros_ur_driver/src/build/ur/ament_xmllint) by extension 'ros'
[1.027s] Level 1:colcon.colcon_core.package_identification:_identify(workspace/ros_ur_driver/src/build/ur/ament_xmllint) by extensions ['cmake', 'python']
[1.027s] Level 1:colcon.colcon_core.package_identification:_identify(workspace/ros_ur_driver/src/build/ur/ament_xmllint) by extension 'cmake'
[1.027s] Level 1:colcon.colcon_core.package_identification:_identify(workspace/ros_ur_driver/src/build/ur/ament_xmllint) by extension 'python'
[1.027s] Level 1:colcon.colcon_core.package_identification:_identify(workspace/ros_ur_driver/src/build/ur/ament_xmllint) by extensions ['python_setup_py']
[1.027s] Level 1:colcon.colcon_core.package_identification:_identify(workspace/ros_ur_driver/src/build/ur/ament_xmllint) by extension 'python_setup_py'
[1.027s] Level 1:colcon.colcon_core.package_identification:_identify(workspace/ros_ur_driver/src/build/ur_bringup) by extensions ['ignore', 'ignore_ament_install']
[1.028s] Level 1:colcon.colcon_core.package_identification:_identify(workspace/ros_ur_driver/src/build/ur_bringup) by extension 'ignore'
[1.029s] Level 1:colcon.colcon_core.package_identification:_identify(workspace/ros_ur_driver/src/build/ur_bringup) by extension 'ignore_ament_install'
[1.029s] Level 1:colcon.colcon_core.package_identification:_identify(workspace/ros_ur_driver/src/build/ur_bringup) by extensions ['colcon_pkg']
[1.029s] Level 1:colcon.colcon_core.package_identification:_identify(workspace/ros_ur_driver/src/build/ur_bringup) by extension 'colcon_pkg'
[1.029s] Level 1:colcon.colcon_core.package_identification:_identify(workspace/ros_ur_driver/src/build/ur_bringup) by extensions ['colcon_meta']
[1.029s] Level 1:colcon.colcon_core.package_identification:_identify(workspace/ros_ur_driver/src/build/ur_bringup) by extension 'colcon_meta'
[1.029s] Level 1:colcon.colcon_core.package_identification:_identify(workspace/ros_ur_driver/src/build/ur_bringup) by extensions ['ros']
[1.029s] Level 1:colcon.colcon_core.package_identification:_identify(workspace/ros_ur_driver/src/build/ur_bringup) by extension 'ros'
[1.030s] Level 1:colcon.colcon_core.package_identification:_identify(workspace/ros_ur_driver/src/build/ur_bringup) by extensions ['cmake', 'python']
[1.030s] Level 1:colcon.colcon_core.package_identification:_identify(workspace/ros_ur_driver/src/build/ur_bringup) by extension 'cmake'
[1.030s] Level 1:colcon.colcon_core.package_identification:_identify(workspace/ros_ur_driver/src/build/ur_bringup) by extension 'python'
[1.030s] Level 1:colcon.colcon_core.package_identification:_identify(workspace/ros_ur_driver/src/build/ur_bringup) by extensions ['python_setup_py']
[1.031s] Level 1:colcon.colcon_core.package_identification:_identify(workspace/ros_ur_driver/src/build/ur_bringup) by extension 'python_setup_py'
[1.031s] Level 1:colcon.colcon_core.package_identification:_identify(workspace/ros_ur_driver/src/build/ur_bringup/CMakeFiles) by extensions ['ignore', 'ignore_ament_install']
[1.032s] Level 1:colcon.colcon_core.package_identification:_identify(workspace/ros_ur_driver/src/build/ur_bringup/CMakeFiles) by extension 'ignore'
[1.033s] Level 1:colcon.colcon_core.package_identification:_identify(workspace/ros_ur_driver/src/build/ur_bringup/CMakeFiles) by extension 'ignore_ament_install'
[1.033s] Level 1:colcon.colcon_core.package_identification:_identify(workspace/ros_ur_driver/src/build/ur_bringup/CMakeFiles) by extensions ['colcon_pkg']
[1.033s] Level 1:colcon.colcon_core.package_identification:_identify(workspace/ros_ur_driver/src/build/ur_bringup/CMakeFiles) by extension 'colcon_pkg'
[1.033s] Level 1:colcon.colcon_core.package_identification:_identify(workspace/ros_ur_driver/src/build/ur_bringup/CMakeFiles) by extensions ['colcon_meta']
[1.033s] Level 1:colcon.colcon_core.package_identification:_identify(workspace/ros_ur_driver/src/build/ur_bringup/CMakeFiles) by extension 'colcon_meta'
[1.033s] Level 1:colcon.colcon_core.package_identification:_identify(workspace/ros_ur_driver/src/build/ur_bringup/CMakeFiles) by extensions ['ros']
[1.034s] Level 1:colcon.colcon_core.package_identification:_identify(workspace/ros_ur_driver/src/build/ur_bringup/CMakeFiles) by extension 'ros'
[1.034s] Level 1:colcon.colcon_core.package_identification:_identify(workspace/ros_ur_driver/src/build/ur_bringup/CMakeFiles) by extensions ['cmake', 'python']
[1.035s] Level 1:colcon.colcon_core.package_identification:_identify(workspace/ros_ur_driver/src/build/ur_bringup/CMakeFiles) by extension 'cmake'
[1.035s] Level 1:colcon.colcon_core.package_identification:_identify(workspace/ros_ur_driver/src/build/ur_bringup/CMakeFiles) by extension 'python'
[1.035s] Level 1:colcon.colcon_core.package_identification:_identify(workspace/ros_ur_driver/src/build/ur_bringup/CMakeFiles) by extensions ['python_setup_py']
[1.035s] Level 1:colcon.colcon_core.package_identification:_identify(workspace/ros_ur_driver/src/build/ur_bringup/CMakeFiles) by extension 'python_setup_py'
[1.036s] Level 1:colcon.colcon_core.package_identification:_identify(workspace/ros_ur_driver/src/build/ur_bringup/CMakeFiles/3.22.1) by extensions ['ignore', 'ignore_ament_install']
[1.037s] Level 1:colcon.colcon_core.package_identification:_identify(workspace/ros_ur_driver/src/build/ur_bringup/CMakeFiles/3.22.1) by extension 'ignore'
[1.037s] Level 1:colcon.colcon_core.package_identification:_identify(workspace/ros_ur_driver/src/build/ur_bringup/CMakeFiles/3.22.1) by extension 'ignore_ament_install'
[1.037s] Level 1:colcon.colcon_core.package_identification:_identify(workspace/ros_ur_driver/src/build/ur_bringup/CMakeFiles/3.22.1) by extensions ['colcon_pkg']
[1.037s] Level 1:colcon.colcon_core.package_identification:_identify(workspace/ros_ur_driver/src/build/ur_bringup/CMakeFiles/3.22.1) by extension 'colcon_pkg'
[1.038s] Level 1:colcon.colcon_core.package_identification:_identify(workspace/ros_ur_driver/src/build/ur_bringup/CMakeFiles/3.22.1) by extensions ['colcon_meta']
[1.038s] Level 1:colcon.colcon_core.package_identification:_identify(workspace/ros_ur_driver/src/build/ur_bringup/CMakeFiles/3.22.1) by extension 'colcon_meta'
[1.039s] Level 1:colcon.colcon_core.package_identification:_identify(workspace/ros_ur_driver/src/build/ur_bringup/CMakeFiles/3.22.1) by extensions ['ros']
[1.039s] Level 1:colcon.colcon_core.package_identification:_identify(workspace/ros_ur_driver/src/build/ur_bringup/CMakeFiles/3.22.1) by extension 'ros'
[1.039s] Level 1:colcon.colcon_core.package_identification:_identify(workspace/ros_ur_driver/src/build/ur_bringup/CMakeFiles/3.22.1) by extensions ['cmake', 'python']
[1.040s] Level 1:colcon.colcon_core.package_identification:_identify(workspace/ros_ur_driver/src/build/ur_bringup/CMakeFiles/3.22.1) by extension 'cmake'
[1.040s] Level 1:colcon.colcon_core.package_identification:_identify(workspace/ros_ur_driver/src/build/ur_bringup/CMakeFiles/3.22.1) by extension 'python'
[1.040s] Level 1:colcon.colcon_core.package_identification:_identify(workspace/ros_ur_driver/src/build/ur_bringup/CMakeFiles/3.22.1) by extensions ['python_setup_py']
[1.040s] Level 1:colcon.colcon_core.package_identification:_identify(workspace/ros_ur_driver/src/build/ur_bringup/CMakeFiles/3.22.1) by extension 'python_setup_py'
[1.041s] Level 1:colcon.colcon_core.package_identification:_identify(workspace/ros_ur_driver/src/build/ur_bringup/CMakeFiles/3.22.1/CompilerIdC) by extensions ['ignore', 'ignore_ament_install']
[1.041s] Level 1:colcon.colcon_core.package_identification:_identify(workspace/ros_ur_driver/src/build/ur_bringup/CMakeFiles/3.22.1/CompilerIdC) by extension 'ignore'
[1.042s] Level 1:colcon.colcon_core.package_identification:_identify(workspace/ros_ur_driver/src/build/ur_bringup/CMakeFiles/3.22.1/CompilerIdC) by extension 'ignore_ament_install'
[1.042s] Level 1:colcon.colcon_core.package_identification:_identify(workspace/ros_ur_driver/src/build/ur_bringup/CMakeFiles/3.22.1/CompilerIdC) by extensions ['colcon_pkg']
[1.042s] Level 1:colcon.colcon_core.package_identification:_identify(workspace/ros_ur_driver/src/build/ur_bringup/CMakeFiles/3.22.1/CompilerIdC) by extension 'colcon_pkg'
[1.042s] Level 1:colcon.colcon_core.package_identification:_identify(workspace/ros_ur_driver/src/build/ur_bringup/CMakeFiles/3.22.1/CompilerIdC) by extensions ['colcon_meta']
[1.043s] Level 1:colcon.colcon_core.package_identification:_identify(workspace/ros_ur_driver/src/build/ur_bringup/CMakeFiles/3.22.1/CompilerIdC) by extension 'colcon_meta'
[1.043s] Level 1:colcon.colcon_core.package_identification:_identify(workspace/ros_ur_driver/src/build/ur_bringup/CMakeFiles/3.22.1/CompilerIdC) by extensions ['ros']
[1.043s] Level 1:colcon.colcon_core.package_identification:_identify(workspace/ros_ur_driver/src/build/ur_bringup/CMakeFiles/3.22.1/CompilerIdC) by extension 'ros'
[1.044s] Level 1:colcon.colcon_core.package_identification:_identify(workspace/ros_ur_driver/src/build/ur_bringup/CMakeFiles/3.22.1/CompilerIdC) by extensions ['cmake', 'python']
[1.044s] Level 1:colcon.colcon_core.package_identification:_identify(workspace/ros_ur_driver/src/build/ur_bringup/CMakeFiles/3.22.1/CompilerIdC) by extension 'cmake'
[1.044s] Level 1:colcon.colcon_core.package_identification:_identify(workspace/ros_ur_driver/src/build/ur_bringup/CMakeFiles/3.22.1/CompilerIdC) by extension 'python'
[1.044s] Level 1:colcon.colcon_core.package_identification:_identify(workspace/ros_ur_driver/src/build/ur_bringup/CMakeFiles/3.22.1/CompilerIdC) by extensions ['python_setup_py']
[1.044s] Level 1:colcon.colcon_core.package_identification:_identify(workspace/ros_ur_driver/src/build/ur_bringup/CMakeFiles/3.22.1/CompilerIdC) by extension 'python_setup_py'
[1.045s] Level 1:colcon.colcon_core.package_identification:_identify(workspace/ros_ur_driver/src/build/ur_bringup/CMakeFiles/3.22.1/CompilerIdC/tmp) by extensions ['ignore', 'ignore_ament_install']
[1.045s] Level 1:colcon.colcon_core.package_identification:_identify(workspace/ros_ur_driver/src/build/ur_bringup/CMakeFiles/3.22.1/CompilerIdC/tmp) by extension 'ignore'
[1.045s] Level 1:colcon.colcon_core.package_identification:_identify(workspace/ros_ur_driver/src/build/ur_bringup/CMakeFiles/3.22.1/CompilerIdC/tmp) by extension 'ignore_ament_install'
[1.045s] Level 1:colcon.colcon_core.package_identification:_identify(workspace/ros_ur_driver/src/build/ur_bringup/CMakeFiles/3.22.1/CompilerIdC/tmp) by extensions ['colcon_pkg']
[1.045s] Level 1:colcon.colcon_core.package_identification:_identify(workspace/ros_ur_driver/src/build/ur_bringup/CMakeFiles/3.22.1/CompilerIdC/tmp) by extension 'colcon_pkg'
[1.045s] Level 1:colcon.colcon_core.package_identification:_identify(workspace/ros_ur_driver/src/build/ur_bringup/CMakeFiles/3.22.1/CompilerIdC/tmp) by extensions ['colcon_meta']
[1.046s] Level 1:colcon.colcon_core.package_identification:_identify(workspace/ros_ur_driver/src/build/ur_bringup/CMakeFiles/3.22.1/CompilerIdC/tmp) by extension 'colcon_meta'
[1.046s] Level 1:colcon.colcon_core.package_identification:_identify(workspace/ros_ur_driver/src/build/ur_bringup/CMakeFiles/3.22.1/CompilerIdC/tmp) by extensions ['ros']
[1.048s] Level 1:colcon.colcon_core.package_identification:_identify(workspace/ros_ur_driver/src/build/ur_bringup/CMakeFiles/3.22.1/CompilerIdC/tmp) by extension 'ros'
[1.048s] Level 1:colcon.colcon_core.package_identification:_identify(workspace/ros_ur_driver/src/build/ur_bringup/CMakeFiles/3.22.1/CompilerIdC/tmp) by extensions ['cmake', 'python']
[1.048s] Level 1:colcon.colcon_core.package_identification:_identify(workspace/ros_ur_driver/src/build/ur_bringup/CMakeFiles/3.22.1/CompilerIdC/tmp) by extension 'cmake'
[1.049s] Level 1:colcon.colcon_core.package_identification:_identify(workspace/ros_ur_driver/src/build/ur_bringup/CMakeFiles/3.22.1/CompilerIdC/tmp) by extension 'python'
[1.049s] Level 1:colcon.colcon_core.package_identification:_identify(workspace/ros_ur_driver/src/build/ur_bringup/CMakeFiles/3.22.1/CompilerIdC/tmp) by extensions ['python_setup_py']
[1.049s] Level 1:colcon.colcon_core.package_identification:_identify(workspace/ros_ur_driver/src/build/ur_bringup/CMakeFiles/3.22.1/CompilerIdC/tmp) by extension 'python_setup_py'
[1.050s] Level 1:colcon.colcon_core.package_identification:_identify(workspace/ros_ur_driver/src/build/ur_bringup/CMakeFiles/3.22.1/CompilerIdCXX) by extensions ['ignore', 'ignore_ament_install']
[1.050s] Level 1:colcon.colcon_core.package_identification:_identify(workspace/ros_ur_driver/src/build/ur_bringup/CMakeFiles/3.22.1/CompilerIdCXX) by extension 'ignore'
[1.050s] Level 1:colcon.colcon_core.package_identification:_identify(workspace/ros_ur_driver/src/build/ur_bringup/CMakeFiles/3.22.1/CompilerIdCXX) by extension 'ignore_ament_install'
[1.050s] Level 1:colcon.colcon_core.package_identification:_identify(workspace/ros_ur_driver/src/build/ur_bringup/CMakeFiles/3.22.1/CompilerIdCXX) by extensions ['colcon_pkg']
[1.050s] Level 1:colcon.colcon_core.package_identification:_identify(workspace/ros_ur_driver/src/build/ur_bringup/CMakeFiles/3.22.1/CompilerIdCXX) by extension 'colcon_pkg'
[1.050s] Level 1:colcon.colcon_core.package_identification:_identify(workspace/ros_ur_driver/src/build/ur_bringup/CMakeFiles/3.22.1/CompilerIdCXX) by extensions ['colcon_meta']
[1.050s] Level 1:colcon.colcon_core.package_identification:_identify(workspace/ros_ur_driver/src/build/ur_bringup/CMakeFiles/3.22.1/CompilerIdCXX) by extension 'colcon_meta'
[1.051s] Level 1:colcon.colcon_core.package_identification:_identify(workspace/ros_ur_driver/src/build/ur_bringup/CMakeFiles/3.22.1/CompilerIdCXX) by extensions ['ros']
[1.052s] Level 1:colcon.colcon_core.package_identification:_identify(workspace/ros_ur_driver/src/build/ur_bringup/CMakeFiles/3.22.1/CompilerIdCXX) by extension 'ros'
[1.052s] Level 1:colcon.colcon_core.package_identification:_identify(workspace/ros_ur_driver/src/build/ur_bringup/CMakeFiles/3.22.1/CompilerIdCXX) by extensions ['cmake', 'python']
[1.052s] Level 1:colcon.colcon_core.package_identification:_identify(workspace/ros_ur_driver/src/build/ur_bringup/CMakeFiles/3.22.1/CompilerIdCXX) by extension 'cmake'
[1.053s] Level 1:colcon.colcon_core.package_identification:_identify(workspace/ros_ur_driver/src/build/ur_bringup/CMakeFiles/3.22.1/CompilerIdCXX) by extension 'python'
[1.053s] Level 1:colcon.colcon_core.package_identification:_identify(workspace/ros_ur_driver/src/build/ur_bringup/CMakeFiles/3.22.1/CompilerIdCXX) by extensions ['python_setup_py']
[1.053s] Level 1:colcon.colcon_core.package_identification:_identify(workspace/ros_ur_driver/src/build/ur_bringup/CMakeFiles/3.22.1/CompilerIdCXX) by extension 'python_setup_py'
[1.053s] Level 1:colcon.colcon_core.package_identification:_identify(workspace/ros_ur_driver/src/build/ur_bringup/CMakeFiles/3.22.1/CompilerIdCXX/tmp) by extensions ['ignore', 'ignore_ament_install']
[1.054s] Level 1:colcon.colcon_core.package_identification:_identify(workspace/ros_ur_driver/src/build/ur_bringup/CMakeFiles/3.22.1/CompilerIdCXX/tmp) by extension 'ignore'
[1.054s] Level 1:colcon.colcon_core.package_identification:_identify(workspace/ros_ur_driver/src/build/ur_bringup/CMakeFiles/3.22.1/CompilerIdCXX/tmp) by extension 'ignore_ament_install'
[1.055s] Level 1:colcon.colcon_core.package_identification:_identify(workspace/ros_ur_driver/src/build/ur_bringup/CMakeFiles/3.22.1/CompilerIdCXX/tmp) by extensions ['colcon_pkg']
[1.056s] Level 1:colcon.colcon_core.package_identification:_identify(workspace/ros_ur_driver/src/build/ur_bringup/CMakeFiles/3.22.1/CompilerIdCXX/tmp) by extension 'colcon_pkg'
[1.056s] Level 1:colcon.colcon_core.package_identification:_identify(workspace/ros_ur_driver/src/build/ur_bringup/CMakeFiles/3.22.1/CompilerIdCXX/tmp) by extensions ['colcon_meta']
[1.056s] Level 1:colcon.colcon_core.package_identification:_identify(workspace/ros_ur_driver/src/build/ur_bringup/CMakeFiles/3.22.1/CompilerIdCXX/tmp) by extension 'colcon_meta'
[1.056s] Level 1:colcon.colcon_core.package_identification:_identify(workspace/ros_ur_driver/src/build/ur_bringup/CMakeFiles/3.22.1/CompilerIdCXX/tmp) by extensions ['ros']
[1.056s] Level 1:colcon.colcon_core.package_identification:_identify(workspace/ros_ur_driver/src/build/ur_bringup/CMakeFiles/3.22.1/CompilerIdCXX/tmp) by extension 'ros'
[1.056s] Level 1:colcon.colcon_core.package_identification:_identify(workspace/ros_ur_driver/src/build/ur_bringup/CMakeFiles/3.22.1/CompilerIdCXX/tmp) by extensions ['cmake', 'python']
[1.057s] Level 1:colcon.colcon_core.package_identification:_identify(workspace/ros_ur_driver/src/build/ur_bringup/CMakeFiles/3.22.1/CompilerIdCXX/tmp) by extension 'cmake'
[1.057s] Level 1:colcon.colcon_core.package_identification:_identify(workspace/ros_ur_driver/src/build/ur_bringup/CMakeFiles/3.22.1/CompilerIdCXX/tmp) by extension 'python'
[1.057s] Level 1:colcon.colcon_core.package_identification:_identify(workspace/ros_ur_driver/src/build/ur_bringup/CMakeFiles/3.22.1/CompilerIdCXX/tmp) by extensions ['python_setup_py']
[1.058s] Level 1:colcon.colcon_core.package_identification:_identify(workspace/ros_ur_driver/src/build/ur_bringup/CMakeFiles/3.22.1/CompilerIdCXX/tmp) by extension 'python_setup_py'
[1.059s] Level 1:colcon.colcon_core.package_identification:_identify(workspace/ros_ur_driver/src/build/ur_bringup/CMakeFiles/CMakeTmp) by extensions ['ignore', 'ignore_ament_install']
[1.059s] Level 1:colcon.colcon_core.package_identification:_identify(workspace/ros_ur_driver/src/build/ur_bringup/CMakeFiles/CMakeTmp) by extension 'ignore'
[1.060s] Level 1:colcon.colcon_core.package_identification:_identify(workspace/ros_ur_driver/src/build/ur_bringup/CMakeFiles/CMakeTmp) by extension 'ignore_ament_install'
[1.060s] Level 1:colcon.colcon_core.package_identification:_identify(workspace/ros_ur_driver/src/build/ur_bringup/CMakeFiles/CMakeTmp) by extensions ['colcon_pkg']
[1.060s] Level 1:colcon.colcon_core.package_identification:_identify(workspace/ros_ur_driver/src/build/ur_bringup/CMakeFiles/CMakeTmp) by extension 'colcon_pkg'
[1.060s] Level 1:colcon.colcon_core.package_identification:_identify(workspace/ros_ur_driver/src/build/ur_bringup/CMakeFiles/CMakeTmp) by extensions ['colcon_meta']
[1.060s] Level 1:colcon.colcon_core.package_identification:_identify(workspace/ros_ur_driver/src/build/ur_bringup/CMakeFiles/CMakeTmp) by extension 'colcon_meta'
[1.062s] Level 1:colcon.colcon_core.package_identification:_identify(workspace/ros_ur_driver/src/build/ur_bringup/CMakeFiles/CMakeTmp) by extensions ['ros']
[1.062s] Level 1:colcon.colcon_core.package_identification:_identify(workspace/ros_ur_driver/src/build/ur_bringup/CMakeFiles/CMakeTmp) by extension 'ros'
[1.062s] Level 1:colcon.colcon_core.package_identification:_identify(workspace/ros_ur_driver/src/build/ur_bringup/CMakeFiles/CMakeTmp) by extensions ['cmake', 'python']
[1.062s] Level 1:colcon.colcon_core.package_identification:_identify(workspace/ros_ur_driver/src/build/ur_bringup/CMakeFiles/CMakeTmp) by extension 'cmake'
[1.062s] Level 1:colcon.colcon_core.package_identification:_identify(workspace/ros_ur_driver/src/build/ur_bringup/CMakeFiles/CMakeTmp) by extension 'python'
[1.063s] Level 1:colcon.colcon_core.package_identification:_identify(workspace/ros_ur_driver/src/build/ur_bringup/CMakeFiles/CMakeTmp) by extensions ['python_setup_py']
[1.064s] Level 1:colcon.colcon_core.package_identification:_identify(workspace/ros_ur_driver/src/build/ur_bringup/CMakeFiles/CMakeTmp) by extension 'python_setup_py'
[1.064s] Level 1:colcon.colcon_core.package_identification:_identify(workspace/ros_ur_driver/src/build/ur_calibration) by extensions ['ignore', 'ignore_ament_install']
[1.064s] Level 1:colcon.colcon_core.package_identification:_identify(workspace/ros_ur_driver/src/build/ur_calibration) by extension 'ignore'
[1.065s] Level 1:colcon.colcon_core.package_identification:_identify(workspace/ros_ur_driver/src/build/ur_calibration) by extension 'ignore_ament_install'
[1.065s] Level 1:colcon.colcon_core.package_identification:_identify(workspace/ros_ur_driver/src/build/ur_calibration) by extensions ['colcon_pkg']
[1.065s] Level 1:colcon.colcon_core.package_identification:_identify(workspace/ros_ur_driver/src/build/ur_calibration) by extension 'colcon_pkg'
[1.065s] Level 1:colcon.colcon_core.package_identification:_identify(workspace/ros_ur_driver/src/build/ur_calibration) by extensions ['colcon_meta']
[1.065s] Level 1:colcon.colcon_core.package_identification:_identify(workspace/ros_ur_driver/src/build/ur_calibration) by extension 'colcon_meta'
[1.066s] Level 1:colcon.colcon_core.package_identification:_identify(workspace/ros_ur_driver/src/build/ur_calibration) by extensions ['ros']
[1.066s] Level 1:colcon.colcon_core.package_identification:_identify(workspace/ros_ur_driver/src/build/ur_calibration) by extension 'ros'
[1.067s] Level 1:colcon.colcon_core.package_identification:_identify(workspace/ros_ur_driver/src/build/ur_calibration) by extensions ['cmake', 'python']
[1.067s] Level 1:colcon.colcon_core.package_identification:_identify(workspace/ros_ur_driver/src/build/ur_calibration) by extension 'cmake'
[1.067s] Level 1:colcon.colcon_core.package_identification:_identify(workspace/ros_ur_driver/src/build/ur_calibration) by extension 'python'
[1.067s] Level 1:colcon.colcon_core.package_identification:_identify(workspace/ros_ur_driver/src/build/ur_calibration) by extensions ['python_setup_py']
[1.067s] Level 1:colcon.colcon_core.package_identification:_identify(workspace/ros_ur_driver/src/build/ur_calibration) by extension 'python_setup_py'
[1.067s] Level 1:colcon.colcon_core.package_identification:_identify(workspace/ros_ur_driver/src/build/ur_calibration/CMakeFiles) by extensions ['ignore', 'ignore_ament_install']
[1.067s] Level 1:colcon.colcon_core.package_identification:_identify(workspace/ros_ur_driver/src/build/ur_calibration/CMakeFiles) by extension 'ignore'
[1.068s] Level 1:colcon.colcon_core.package_identification:_identify(workspace/ros_ur_driver/src/build/ur_calibration/CMakeFiles) by extension 'ignore_ament_install'
[1.068s] Level 1:colcon.colcon_core.package_identification:_identify(workspace/ros_ur_driver/src/build/ur_calibration/CMakeFiles) by extensions ['colcon_pkg']
[1.068s] Level 1:colcon.colcon_core.package_identification:_identify(workspace/ros_ur_driver/src/build/ur_calibration/CMakeFiles) by extension 'colcon_pkg'
[1.069s] Level 1:colcon.colcon_core.package_identification:_identify(workspace/ros_ur_driver/src/build/ur_calibration/CMakeFiles) by extensions ['colcon_meta']
[1.069s] Level 1:colcon.colcon_core.package_identification:_identify(workspace/ros_ur_driver/src/build/ur_calibration/CMakeFiles) by extension 'colcon_meta'
[1.069s] Level 1:colcon.colcon_core.package_identification:_identify(workspace/ros_ur_driver/src/build/ur_calibration/CMakeFiles) by extensions ['ros']
[1.069s] Level 1:colcon.colcon_core.package_identification:_identify(workspace/ros_ur_driver/src/build/ur_calibration/CMakeFiles) by extension 'ros'
[1.069s] Level 1:colcon.colcon_core.package_identification:_identify(workspace/ros_ur_driver/src/build/ur_calibration/CMakeFiles) by extensions ['cmake', 'python']
[1.069s] Level 1:colcon.colcon_core.package_identification:_identify(workspace/ros_ur_driver/src/build/ur_calibration/CMakeFiles) by extension 'cmake'
[1.069s] Level 1:colcon.colcon_core.package_identification:_identify(workspace/ros_ur_driver/src/build/ur_calibration/CMakeFiles) by extension 'python'
[1.069s] Level 1:colcon.colcon_core.package_identification:_identify(workspace/ros_ur_driver/src/build/ur_calibration/CMakeFiles) by extensions ['python_setup_py']
[1.070s] Level 1:colcon.colcon_core.package_identification:_identify(workspace/ros_ur_driver/src/build/ur_calibration/CMakeFiles) by extension 'python_setup_py'
[1.071s] Level 1:colcon.colcon_core.package_identification:_identify(workspace/ros_ur_driver/src/build/ur_calibration/CMakeFiles/3.22.1) by extensions ['ignore', 'ignore_ament_install']
[1.072s] Level 1:colcon.colcon_core.package_identification:_identify(workspace/ros_ur_driver/src/build/ur_calibration/CMakeFiles/3.22.1) by extension 'ignore'
[1.072s] Level 1:colcon.colcon_core.package_identification:_identify(workspace/ros_ur_driver/src/build/ur_calibration/CMakeFiles/3.22.1) by extension 'ignore_ament_install'
[1.073s] Level 1:colcon.colcon_core.package_identification:_identify(workspace/ros_ur_driver/src/build/ur_calibration/CMakeFiles/3.22.1) by extensions ['colcon_pkg']
[1.073s] Level 1:colcon.colcon_core.package_identification:_identify(workspace/ros_ur_driver/src/build/ur_calibration/CMakeFiles/3.22.1) by extension 'colcon_pkg'
[1.073s] Level 1:colcon.colcon_core.package_identification:_identify(workspace/ros_ur_driver/src/build/ur_calibration/CMakeFiles/3.22.1) by extensions ['colcon_meta']
[1.073s] Level 1:colcon.colcon_core.package_identification:_identify(workspace/ros_ur_driver/src/build/ur_calibration/CMakeFiles/3.22.1) by extension 'colcon_meta'
[1.073s] Level 1:colcon.colcon_core.package_identification:_identify(workspace/ros_ur_driver/src/build/ur_calibration/CMakeFiles/3.22.1) by extensions ['ros']
[1.074s] Level 1:colcon.colcon_core.package_identification:_identify(workspace/ros_ur_driver/src/build/ur_calibration/CMakeFiles/3.22.1) by extension 'ros'
[1.074s] Level 1:colcon.colcon_core.package_identification:_identify(workspace/ros_ur_driver/src/build/ur_calibration/CMakeFiles/3.22.1) by extensions ['cmake', 'python']
[1.074s] Level 1:colcon.colcon_core.package_identification:_identify(workspace/ros_ur_driver/src/build/ur_calibration/CMakeFiles/3.22.1) by extension 'cmake'
[1.074s] Level 1:colcon.colcon_core.package_identification:_identify(workspace/ros_ur_driver/src/build/ur_calibration/CMakeFiles/3.22.1) by extension 'python'
[1.074s] Level 1:colcon.colcon_core.package_identification:_identify(workspace/ros_ur_driver/src/build/ur_calibration/CMakeFiles/3.22.1) by extensions ['python_setup_py']
[1.074s] Level 1:colcon.colcon_core.package_identification:_identify(workspace/ros_ur_driver/src/build/ur_calibration/CMakeFiles/3.22.1) by extension 'python_setup_py'
[1.075s] Level 1:colcon.colcon_core.package_identification:_identify(workspace/ros_ur_driver/src/build/ur_calibration/CMakeFiles/3.22.1/CompilerIdC) by extensions ['ignore', 'ignore_ament_install']
[1.075s] Level 1:colcon.colcon_core.package_identification:_identify(workspace/ros_ur_driver/src/build/ur_calibration/CMakeFiles/3.22.1/CompilerIdC) by extension 'ignore'
[1.075s] Level 1:colcon.colcon_core.package_identification:_identify(workspace/ros_ur_driver/src/build/ur_calibration/CMakeFiles/3.22.1/CompilerIdC) by extension 'ignore_ament_install'
[1.076s] Level 1:colcon.colcon_core.package_identification:_identify(workspace/ros_ur_driver/src/build/ur_calibration/CMakeFiles/3.22.1/CompilerIdC) by extensions ['colcon_pkg']
[1.076s] Level 1:colcon.colcon_core.package_identification:_identify(workspace/ros_ur_driver/src/build/ur_calibration/CMakeFiles/3.22.1/CompilerIdC) by extension 'colcon_pkg'
[1.076s] Level 1:colcon.colcon_core.package_identification:_identify(workspace/ros_ur_driver/src/build/ur_calibration/CMakeFiles/3.22.1/CompilerIdC) by extensions ['colcon_meta']
[1.076s] Level 1:colcon.colcon_core.package_identification:_identify(workspace/ros_ur_driver/src/build/ur_calibration/CMakeFiles/3.22.1/CompilerIdC) by extension 'colcon_meta'
[1.076s] Level 1:colcon.colcon_core.package_identification:_identify(workspace/ros_ur_driver/src/build/ur_calibration/CMakeFiles/3.22.1/CompilerIdC) by extensions ['ros']
[1.076s] Level 1:colcon.colcon_core.package_identification:_identify(workspace/ros_ur_driver/src/build/ur_calibration/CMakeFiles/3.22.1/CompilerIdC) by extension 'ros'
[1.077s] Level 1:colcon.colcon_core.package_identification:_identify(workspace/ros_ur_driver/src/build/ur_calibration/CMakeFiles/3.22.1/CompilerIdC) by extensions ['cmake', 'python']
[1.077s] Level 1:colcon.colcon_core.package_identification:_identify(workspace/ros_ur_driver/src/build/ur_calibration/CMakeFiles/3.22.1/CompilerIdC) by extension 'cmake'
[1.077s] Level 1:colcon.colcon_core.package_identification:_identify(workspace/ros_ur_driver/src/build/ur_calibration/CMakeFiles/3.22.1/CompilerIdC) by extension 'python'
[1.077s] Level 1:colcon.colcon_core.package_identification:_identify(workspace/ros_ur_driver/src/build/ur_calibration/CMakeFiles/3.22.1/CompilerIdC) by extensions ['python_setup_py']
[1.077s] Level 1:colcon.colcon_core.package_identification:_identify(workspace/ros_ur_driver/src/build/ur_calibration/CMakeFiles/3.22.1/CompilerIdC) by extension 'python_setup_py'
[1.078s] Level 1:colcon.colcon_core.package_identification:_identify(workspace/ros_ur_driver/src/build/ur_calibration/CMakeFiles/3.22.1/CompilerIdC/tmp) by extensions ['ignore', 'ignore_ament_install']
[1.078s] Level 1:colcon.colcon_core.package_identification:_identify(workspace/ros_ur_driver/src/build/ur_calibration/CMakeFiles/3.22.1/CompilerIdC/tmp) by extension 'ignore'
[1.078s] Level 1:colcon.colcon_core.package_identification:_identify(workspace/ros_ur_driver/src/build/ur_calibration/CMakeFiles/3.22.1/CompilerIdC/tmp) by extension 'ignore_ament_install'
[1.080s] Level 1:colcon.colcon_core.package_identification:_identify(workspace/ros_ur_driver/src/build/ur_calibration/CMakeFiles/3.22.1/CompilerIdC/tmp) by extensions ['colcon_pkg']
[1.080s] Level 1:colcon.colcon_core.package_identification:_identify(workspace/ros_ur_driver/src/build/ur_calibration/CMakeFiles/3.22.1/CompilerIdC/tmp) by extension 'colcon_pkg'
[1.080s] Level 1:colcon.colcon_core.package_identification:_identify(workspace/ros_ur_driver/src/build/ur_calibration/CMakeFiles/3.22.1/CompilerIdC/tmp) by extensions ['colcon_meta']
[1.080s] Level 1:colcon.colcon_core.package_identification:_identify(workspace/ros_ur_driver/src/build/ur_calibration/CMakeFiles/3.22.1/CompilerIdC/tmp) by extension 'colcon_meta'
[1.080s] Level 1:colcon.colcon_core.package_identification:_identify(workspace/ros_ur_driver/src/build/ur_calibration/CMakeFiles/3.22.1/CompilerIdC/tmp) by extensions ['ros']
[1.080s] Level 1:colcon.colcon_core.package_identification:_identify(workspace/ros_ur_driver/src/build/ur_calibration/CMakeFiles/3.22.1/CompilerIdC/tmp) by extension 'ros'
[1.082s] Level 1:colcon.colcon_core.package_identification:_identify(workspace/ros_ur_driver/src/build/ur_calibration/CMakeFiles/3.22.1/CompilerIdC/tmp) by extensions ['cmake', 'python']
[1.082s] Level 1:colcon.colcon_core.package_identification:_identify(workspace/ros_ur_driver/src/build/ur_calibration/CMakeFiles/3.22.1/CompilerIdC/tmp) by extension 'cmake'
[1.082s] Level 1:colcon.colcon_core.package_identification:_identify(workspace/ros_ur_driver/src/build/ur_calibration/CMakeFiles/3.22.1/CompilerIdC/tmp) by extension 'python'
[1.083s] Level 1:colcon.colcon_core.package_identification:_identify(workspace/ros_ur_driver/src/build/ur_calibration/CMakeFiles/3.22.1/CompilerIdC/tmp) by extensions ['python_setup_py']
[1.083s] Level 1:colcon.colcon_core.package_identification:_identify(workspace/ros_ur_driver/src/build/ur_calibration/CMakeFiles/3.22.1/CompilerIdC/tmp) by extension 'python_setup_py'
[1.083s] Level 1:colcon.colcon_core.package_identification:_identify(workspace/ros_ur_driver/src/build/ur_calibration/CMakeFiles/3.22.1/CompilerIdCXX) by extensions ['ignore', 'ignore_ament_install']
[1.084s] Level 1:colcon.colcon_core.package_identification:_identify(workspace/ros_ur_driver/src/build/ur_calibration/CMakeFiles/3.22.1/CompilerIdCXX) by extension 'ignore'
[1.084s] Level 1:colcon.colcon_core.package_identification:_identify(workspace/ros_ur_driver/src/build/ur_calibration/CMakeFiles/3.22.1/CompilerIdCXX) by extension 'ignore_ament_install'
[1.085s] Level 1:colcon.colcon_core.package_identification:_identify(workspace/ros_ur_driver/src/build/ur_calibration/CMakeFiles/3.22.1/CompilerIdCXX) by extensions ['colcon_pkg']
[1.085s] Level 1:colcon.colcon_core.package_identification:_identify(workspace/ros_ur_driver/src/build/ur_calibration/CMakeFiles/3.22.1/CompilerIdCXX) by extension 'colcon_pkg'
[1.086s] Level 1:colcon.colcon_core.package_identification:_identify(workspace/ros_ur_driver/src/build/ur_calibration/CMakeFiles/3.22.1/CompilerIdCXX) by extensions ['colcon_meta']
[1.086s] Level 1:colcon.colcon_core.package_identification:_identify(workspace/ros_ur_driver/src/build/ur_calibration/CMakeFiles/3.22.1/CompilerIdCXX) by extension 'colcon_meta'
[1.087s] Level 1:colcon.colcon_core.package_identification:_identify(workspace/ros_ur_driver/src/build/ur_calibration/CMakeFiles/3.22.1/CompilerIdCXX) by extensions ['ros']
[1.087s] Level 1:colcon.colcon_core.package_identification:_identify(workspace/ros_ur_driver/src/build/ur_calibration/CMakeFiles/3.22.1/CompilerIdCXX) by extension 'ros'
[1.087s] Level 1:colcon.colcon_core.package_identification:_identify(workspace/ros_ur_driver/src/build/ur_calibration/CMakeFiles/3.22.1/CompilerIdCXX) by extensions ['cmake', 'python']
[1.087s] Level 1:colcon.colcon_core.package_identification:_identify(workspace/ros_ur_driver/src/build/ur_calibration/CMakeFiles/3.22.1/CompilerIdCXX) by extension 'cmake'
[1.087s] Level 1:colcon.colcon_core.package_identification:_identify(workspace/ros_ur_driver/src/build/ur_calibration/CMakeFiles/3.22.1/CompilerIdCXX) by extension 'python'
[1.087s] Level 1:colcon.colcon_core.package_identification:_identify(workspace/ros_ur_driver/src/build/ur_calibration/CMakeFiles/3.22.1/CompilerIdCXX) by extensions ['python_setup_py']
[1.089s] Level 1:colcon.colcon_core.package_identification:_identify(workspace/ros_ur_driver/src/build/ur_calibration/CMakeFiles/3.22.1/CompilerIdCXX) by extension 'python_setup_py'
[1.089s] Level 1:colcon.colcon_core.package_identification:_identify(workspace/ros_ur_driver/src/build/ur_calibration/CMakeFiles/3.22.1/CompilerIdCXX/tmp) by extensions ['ignore', 'ignore_ament_install']
[1.089s] Level 1:colcon.colcon_core.package_identification:_identify(workspace/ros_ur_driver/src/build/ur_calibration/CMakeFiles/3.22.1/CompilerIdCXX/tmp) by extension 'ignore'
[1.089s] Level 1:colcon.colcon_core.package_identification:_identify(workspace/ros_ur_driver/src/build/ur_calibration/CMakeFiles/3.22.1/CompilerIdCXX/tmp) by extension 'ignore_ament_install'
[1.090s] Level 1:colcon.colcon_core.package_identification:_identify(workspace/ros_ur_driver/src/build/ur_calibration/CMakeFiles/3.22.1/CompilerIdCXX/tmp) by extensions ['colcon_pkg']
[1.090s] Level 1:colcon.colcon_core.package_identification:_identify(workspace/ros_ur_driver/src/build/ur_calibration/CMakeFiles/3.22.1/CompilerIdCXX/tmp) by extension 'colcon_pkg'
[1.090s] Level 1:colcon.colcon_core.package_identification:_identify(workspace/ros_ur_driver/src/build/ur_calibration/CMakeFiles/3.22.1/CompilerIdCXX/tmp) by extensions ['colcon_meta']
[1.090s] Level 1:colcon.colcon_core.package_identification:_identify(workspace/ros_ur_driver/src/build/ur_calibration/CMakeFiles/3.22.1/CompilerIdCXX/tmp) by extension 'colcon_meta'
[1.090s] Level 1:colcon.colcon_core.package_identification:_identify(workspace/ros_ur_driver/src/build/ur_calibration/CMakeFiles/3.22.1/CompilerIdCXX/tmp) by extensions ['ros']
[1.090s] Level 1:colcon.colcon_core.package_identification:_identify(workspace/ros_ur_driver/src/build/ur_calibration/CMakeFiles/3.22.1/CompilerIdCXX/tmp) by extension 'ros'
[1.091s] Level 1:colcon.colcon_core.package_identification:_identify(workspace/ros_ur_driver/src/build/ur_calibration/CMakeFiles/3.22.1/CompilerIdCXX/tmp) by extensions ['cmake', 'python']
[1.091s] Level 1:colcon.colcon_core.package_identification:_identify(workspace/ros_ur_driver/src/build/ur_calibration/CMakeFiles/3.22.1/CompilerIdCXX/tmp) by extension 'cmake'
[1.092s] Level 1:colcon.colcon_core.package_identification:_identify(workspace/ros_ur_driver/src/build/ur_calibration/CMakeFiles/3.22.1/CompilerIdCXX/tmp) by extension 'python'
[1.092s] Level 1:colcon.colcon_core.package_identification:_identify(workspace/ros_ur_driver/src/build/ur_calibration/CMakeFiles/3.22.1/CompilerIdCXX/tmp) by extensions ['python_setup_py']
[1.092s] Level 1:colcon.colcon_core.package_identification:_identify(workspace/ros_ur_driver/src/build/ur_calibration/CMakeFiles/3.22.1/CompilerIdCXX/tmp) by extension 'python_setup_py'
[1.093s] Level 1:colcon.colcon_core.package_identification:_identify(workspace/ros_ur_driver/src/build/ur_calibration/CMakeFiles/CMakeTmp) by extensions ['ignore', 'ignore_ament_install']
[1.093s] Level 1:colcon.colcon_core.package_identification:_identify(workspace/ros_ur_driver/src/build/ur_calibration/CMakeFiles/CMakeTmp) by extension 'ignore'
[1.093s] Level 1:colcon.colcon_core.package_identification:_identify(workspace/ros_ur_driver/src/build/ur_calibration/CMakeFiles/CMakeTmp) by extension 'ignore_ament_install'
[1.093s] Level 1:colcon.colcon_core.package_identification:_identify(workspace/ros_ur_driver/src/build/ur_calibration/CMakeFiles/CMakeTmp) by extensions ['colcon_pkg']
[1.093s] Level 1:colcon.colcon_core.package_identification:_identify(workspace/ros_ur_driver/src/build/ur_calibration/CMakeFiles/CMakeTmp) by extension 'colcon_pkg'
[1.094s] Level 1:colcon.colcon_core.package_identification:_identify(workspace/ros_ur_driver/src/build/ur_calibration/CMakeFiles/CMakeTmp) by extensions ['colcon_meta']
[1.094s] Level 1:colcon.colcon_core.package_identification:_identify(workspace/ros_ur_driver/src/build/ur_calibration/CMakeFiles/CMakeTmp) by extension 'colcon_meta'
[1.094s] Level 1:colcon.colcon_core.package_identification:_identify(workspace/ros_ur_driver/src/build/ur_calibration/CMakeFiles/CMakeTmp) by extensions ['ros']
[1.094s] Level 1:colcon.colcon_core.package_identification:_identify(workspace/ros_ur_driver/src/build/ur_calibration/CMakeFiles/CMakeTmp) by extension 'ros'
[1.094s] Level 1:colcon.colcon_core.package_identification:_identify(workspace/ros_ur_driver/src/build/ur_calibration/CMakeFiles/CMakeTmp) by extensions ['cmake', 'python']
[1.095s] Level 1:colcon.colcon_core.package_identification:_identify(workspace/ros_ur_driver/src/build/ur_calibration/CMakeFiles/CMakeTmp) by extension 'cmake'
[1.095s] Level 1:colcon.colcon_core.package_identification:_identify(workspace/ros_ur_driver/src/build/ur_calibration/CMakeFiles/CMakeTmp) by extension 'python'
[1.095s] Level 1:colcon.colcon_core.package_identification:_identify(workspace/ros_ur_driver/src/build/ur_calibration/CMakeFiles/CMakeTmp) by extensions ['python_setup_py']
[1.095s] Level 1:colcon.colcon_core.package_identification:_identify(workspace/ros_ur_driver/src/build/ur_calibration/CMakeFiles/CMakeTmp) by extension 'python_setup_py'
[1.096s] Level 1:colcon.colcon_core.package_identification:_identify(workspace/ros_ur_driver/src/build/ur_calibration/gtest) by extensions ['ignore', 'ignore_ament_install']
[1.097s] Level 1:colcon.colcon_core.package_identification:_identify(workspace/ros_ur_driver/src/build/ur_calibration/gtest) by extension 'ignore'
[1.097s] Level 1:colcon.colcon_core.package_identification:_identify(workspace/ros_ur_driver/src/build/ur_calibration/gtest) by extension 'ignore_ament_install'
[1.098s] Level 1:colcon.colcon_core.package_identification:_identify(workspace/ros_ur_driver/src/build/ur_calibration/gtest) by extensions ['colcon_pkg']
[1.098s] Level 1:colcon.colcon_core.package_identification:_identify(workspace/ros_ur_driver/src/build/ur_calibration/gtest) by extension 'colcon_pkg'
[1.098s] Level 1:colcon.colcon_core.package_identification:_identify(workspace/ros_ur_driver/src/build/ur_calibration/gtest) by extensions ['colcon_meta']
[1.098s] Level 1:colcon.colcon_core.package_identification:_identify(workspace/ros_ur_driver/src/build/ur_calibration/gtest) by extension 'colcon_meta'
[1.098s] Level 1:colcon.colcon_core.package_identification:_identify(workspace/ros_ur_driver/src/build/ur_calibration/gtest) by extensions ['ros']
[1.098s] Level 1:colcon.colcon_core.package_identification:_identify(workspace/ros_ur_driver/src/build/ur_calibration/gtest) by extension 'ros'
[1.099s] Level 1:colcon.colcon_core.package_identification:_identify(workspace/ros_ur_driver/src/build/ur_calibration/gtest) by extensions ['cmake', 'python']
[1.099s] Level 1:colcon.colcon_core.package_identification:_identify(workspace/ros_ur_driver/src/build/ur_calibration/gtest) by extension 'cmake'
[1.099s] Level 1:colcon.colcon_core.package_identification:_identify(workspace/ros_ur_driver/src/build/ur_calibration/gtest) by extension 'python'
[1.099s] Level 1:colcon.colcon_core.package_identification:_identify(workspace/ros_ur_driver/src/build/ur_calibration/gtest) by extensions ['python_setup_py']
[1.099s] Level 1:colcon.colcon_core.package_identification:_identify(workspace/ros_ur_driver/src/build/ur_calibration/gtest) by extension 'python_setup_py'
[1.100s] Level 1:colcon.colcon_core.package_identification:_identify(workspace/ros_ur_driver/src/build/ur_calibration/gtest/CMakeFiles) by extensions ['ignore', 'ignore_ament_install']
[1.100s] Level 1:colcon.colcon_core.package_identification:_identify(workspace/ros_ur_driver/src/build/ur_calibration/gtest/CMakeFiles) by extension 'ignore'
[1.100s] Level 1:colcon.colcon_core.package_identification:_identify(workspace/ros_ur_driver/src/build/ur_calibration/gtest/CMakeFiles) by extension 'ignore_ament_install'
[1.101s] Level 1:colcon.colcon_core.package_identification:_identify(workspace/ros_ur_driver/src/build/ur_calibration/gtest/CMakeFiles) by extensions ['colcon_pkg']
[1.101s] Level 1:colcon.colcon_core.package_identification:_identify(workspace/ros_ur_driver/src/build/ur_calibration/gtest/CMakeFiles) by extension 'colcon_pkg'
[1.101s] Level 1:colcon.colcon_core.package_identification:_identify(workspace/ros_ur_driver/src/build/ur_calibration/gtest/CMakeFiles) by extensions ['colcon_meta']
[1.101s] Level 1:colcon.colcon_core.package_identification:_identify(workspace/ros_ur_driver/src/build/ur_calibration/gtest/CMakeFiles) by extension 'colcon_meta'
[1.101s] Level 1:colcon.colcon_core.package_identification:_identify(workspace/ros_ur_driver/src/build/ur_calibration/gtest/CMakeFiles) by extensions ['ros']
[1.101s] Level 1:colcon.colcon_core.package_identification:_identify(workspace/ros_ur_driver/src/build/ur_calibration/gtest/CMakeFiles) by extension 'ros'
[1.101s] Level 1:colcon.colcon_core.package_identification:_identify(workspace/ros_ur_driver/src/build/ur_calibration/gtest/CMakeFiles) by extensions ['cmake', 'python']
[1.101s] Level 1:colcon.colcon_core.package_identification:_identify(workspace/ros_ur_driver/src/build/ur_calibration/gtest/CMakeFiles) by extension 'cmake'
[1.101s] Level 1:colcon.colcon_core.package_identification:_identify(workspace/ros_ur_driver/src/build/ur_calibration/gtest/CMakeFiles) by extension 'python'
[1.101s] Level 1:colcon.colcon_core.package_identification:_identify(workspace/ros_ur_driver/src/build/ur_calibration/gtest/CMakeFiles) by extensions ['python_setup_py']
[1.101s] Level 1:colcon.colcon_core.package_identification:_identify(workspace/ros_ur_driver/src/build/ur_calibration/gtest/CMakeFiles) by extension 'python_setup_py'
[1.104s] Level 1:colcon.colcon_core.package_identification:_identify(workspace/ros_ur_driver/src/build/ur_calibration/gtest/CMakeFiles/gtest.dir) by extensions ['ignore', 'ignore_ament_install']
[1.106s] Level 1:colcon.colcon_core.package_identification:_identify(workspace/ros_ur_driver/src/build/ur_calibration/gtest/CMakeFiles/gtest.dir) by extension 'ignore'
[1.106s] Level 1:colcon.colcon_core.package_identification:_identify(workspace/ros_ur_driver/src/build/ur_calibration/gtest/CMakeFiles/gtest.dir) by extension 'ignore_ament_install'
[1.106s] Level 1:colcon.colcon_core.package_identification:_identify(workspace/ros_ur_driver/src/build/ur_calibration/gtest/CMakeFiles/gtest.dir) by extensions ['colcon_pkg']
[1.106s] Level 1:colcon.colcon_core.package_identification:_identify(workspace/ros_ur_driver/src/build/ur_calibration/gtest/CMakeFiles/gtest.dir) by extension 'colcon_pkg'
[1.106s] Level 1:colcon.colcon_core.package_identification:_identify(workspace/ros_ur_driver/src/build/ur_calibration/gtest/CMakeFiles/gtest.dir) by extensions ['colcon_meta']
[1.106s] Level 1:colcon.colcon_core.package_identification:_identify(workspace/ros_ur_driver/src/build/ur_calibration/gtest/CMakeFiles/gtest.dir) by extension 'colcon_meta'
[1.106s] Level 1:colcon.colcon_core.package_identification:_identify(workspace/ros_ur_driver/src/build/ur_calibration/gtest/CMakeFiles/gtest.dir) by extensions ['ros']
[1.106s] Level 1:colcon.colcon_core.package_identification:_identify(workspace/ros_ur_driver/src/build/ur_calibration/gtest/CMakeFiles/gtest.dir) by extension 'ros'
[1.106s] Level 1:colcon.colcon_core.package_identification:_identify(workspace/ros_ur_driver/src/build/ur_calibration/gtest/CMakeFiles/gtest.dir) by extensions ['cmake', 'python']
[1.106s] Level 1:colcon.colcon_core.package_identification:_identify(workspace/ros_ur_driver/src/build/ur_calibration/gtest/CMakeFiles/gtest.dir) by extension 'cmake'
[1.107s] Level 1:colcon.colcon_core.package_identification:_identify(workspace/ros_ur_driver/src/build/ur_calibration/gtest/CMakeFiles/gtest.dir) by extension 'python'
[1.107s] Level 1:colcon.colcon_core.package_identification:_identify(workspace/ros_ur_driver/src/build/ur_calibration/gtest/CMakeFiles/gtest.dir) by extensions ['python_setup_py']
[1.107s] Level 1:colcon.colcon_core.package_identification:_identify(workspace/ros_ur_driver/src/build/ur_calibration/gtest/CMakeFiles/gtest.dir) by extension 'python_setup_py'
[1.107s] Level 1:colcon.colcon_core.package_identification:_identify(workspace/ros_ur_driver/src/build/ur_calibration/gtest/CMakeFiles/gtest.dir/src) by extensions ['ignore', 'ignore_ament_install']
[1.107s] Level 1:colcon.colcon_core.package_identification:_identify(workspace/ros_ur_driver/src/build/ur_calibration/gtest/CMakeFiles/gtest.dir/src) by extension 'ignore'
[1.107s] Level 1:colcon.colcon_core.package_identification:_identify(workspace/ros_ur_driver/src/build/ur_calibration/gtest/CMakeFiles/gtest.dir/src) by extension 'ignore_ament_install'
[1.107s] Level 1:colcon.colcon_core.package_identification:_identify(workspace/ros_ur_driver/src/build/ur_calibration/gtest/CMakeFiles/gtest.dir/src) by extensions ['colcon_pkg']
[1.108s] Level 1:colcon.colcon_core.package_identification:_identify(workspace/ros_ur_driver/src/build/ur_calibration/gtest/CMakeFiles/gtest.dir/src) by extension 'colcon_pkg'
[1.108s] Level 1:colcon.colcon_core.package_identification:_identify(workspace/ros_ur_driver/src/build/ur_calibration/gtest/CMakeFiles/gtest.dir/src) by extensions ['colcon_meta']
[1.108s] Level 1:colcon.colcon_core.package_identification:_identify(workspace/ros_ur_driver/src/build/ur_calibration/gtest/CMakeFiles/gtest.dir/src) by extension 'colcon_meta'
[1.109s] Level 1:colcon.colcon_core.package_identification:_identify(workspace/ros_ur_driver/src/build/ur_calibration/gtest/CMakeFiles/gtest.dir/src) by extensions ['ros']
[1.109s] Level 1:colcon.colcon_core.package_identification:_identify(workspace/ros_ur_driver/src/build/ur_calibration/gtest/CMakeFiles/gtest.dir/src) by extension 'ros'
[1.109s] Level 1:colcon.colcon_core.package_identification:_identify(workspace/ros_ur_driver/src/build/ur_calibration/gtest/CMakeFiles/gtest.dir/src) by extensions ['cmake', 'python']
[1.109s] Level 1:colcon.colcon_core.package_identification:_identify(workspace/ros_ur_driver/src/build/ur_calibration/gtest/CMakeFiles/gtest.dir/src) by extension 'cmake'
[1.109s] Level 1:colcon.colcon_core.package_identification:_identify(workspace/ros_ur_driver/src/build/ur_calibration/gtest/CMakeFiles/gtest.dir/src) by extension 'python'
[1.109s] Level 1:colcon.colcon_core.package_identification:_identify(workspace/ros_ur_driver/src/build/ur_calibration/gtest/CMakeFiles/gtest.dir/src) by extensions ['python_setup_py']
[1.109s] Level 1:colcon.colcon_core.package_identification:_identify(workspace/ros_ur_driver/src/build/ur_calibration/gtest/CMakeFiles/gtest.dir/src) by extension 'python_setup_py'
[1.109s] Level 1:colcon.colcon_core.package_identification:_identify(workspace/ros_ur_driver/src/build/ur_calibration/gtest/CMakeFiles/gtest_main.dir) by extensions ['ignore', 'ignore_ament_install']
[1.111s] Level 1:colcon.colcon_core.package_identification:_identify(workspace/ros_ur_driver/src/build/ur_calibration/gtest/CMakeFiles/gtest_main.dir) by extension 'ignore'
[1.111s] Level 1:colcon.colcon_core.package_identification:_identify(workspace/ros_ur_driver/src/build/ur_calibration/gtest/CMakeFiles/gtest_main.dir) by extension 'ignore_ament_install'
[1.111s] Level 1:colcon.colcon_core.package_identification:_identify(workspace/ros_ur_driver/src/build/ur_calibration/gtest/CMakeFiles/gtest_main.dir) by extensions ['colcon_pkg']
[1.111s] Level 1:colcon.colcon_core.package_identification:_identify(workspace/ros_ur_driver/src/build/ur_calibration/gtest/CMakeFiles/gtest_main.dir) by extension 'colcon_pkg'
[1.113s] Level 1:colcon.colcon_core.package_identification:_identify(workspace/ros_ur_driver/src/build/ur_calibration/gtest/CMakeFiles/gtest_main.dir) by extensions ['colcon_meta']
[1.113s] Level 1:colcon.colcon_core.package_identification:_identify(workspace/ros_ur_driver/src/build/ur_calibration/gtest/CMakeFiles/gtest_main.dir) by extension 'colcon_meta'
[1.115s] Level 1:colcon.colcon_core.package_identification:_identify(workspace/ros_ur_driver/src/build/ur_calibration/gtest/CMakeFiles/gtest_main.dir) by extensions ['ros']
[1.115s] Level 1:colcon.colcon_core.package_identification:_identify(workspace/ros_ur_driver/src/build/ur_calibration/gtest/CMakeFiles/gtest_main.dir) by extension 'ros'
[1.115s] Level 1:colcon.colcon_core.package_identification:_identify(workspace/ros_ur_driver/src/build/ur_calibration/gtest/CMakeFiles/gtest_main.dir) by extensions ['cmake', 'python']
[1.115s] Level 1:colcon.colcon_core.package_identification:_identify(workspace/ros_ur_driver/src/build/ur_calibration/gtest/CMakeFiles/gtest_main.dir) by extension 'cmake'
[1.117s] Level 1:colcon.colcon_core.package_identification:_identify(workspace/ros_ur_driver/src/build/ur_calibration/gtest/CMakeFiles/gtest_main.dir) by extension 'python'
[1.117s] Level 1:colcon.colcon_core.package_identification:_identify(workspace/ros_ur_driver/src/build/ur_calibration/gtest/CMakeFiles/gtest_main.dir) by extensions ['python_setup_py']
[1.117s] Level 1:colcon.colcon_core.package_identification:_identify(workspace/ros_ur_driver/src/build/ur_calibration/gtest/CMakeFiles/gtest_main.dir) by extension 'python_setup_py'
[1.117s] Level 1:colcon.colcon_core.package_identification:_identify(workspace/ros_ur_driver/src/build/ur_calibration/gtest/CMakeFiles/gtest_main.dir/src) by extensions ['ignore', 'ignore_ament_install']
[1.117s] Level 1:colcon.colcon_core.package_identification:_identify(workspace/ros_ur_driver/src/build/ur_calibration/gtest/CMakeFiles/gtest_main.dir/src) by extension 'ignore'
[1.118s] Level 1:colcon.colcon_core.package_identification:_identify(workspace/ros_ur_driver/src/build/ur_calibration/gtest/CMakeFiles/gtest_main.dir/src) by extension 'ignore_ament_install'
[1.118s] Level 1:colcon.colcon_core.package_identification:_identify(workspace/ros_ur_driver/src/build/ur_calibration/gtest/CMakeFiles/gtest_main.dir/src) by extensions ['colcon_pkg']
[1.118s] Level 1:colcon.colcon_core.package_identification:_identify(workspace/ros_ur_driver/src/build/ur_calibration/gtest/CMakeFiles/gtest_main.dir/src) by extension 'colcon_pkg'
[1.118s] Level 1:colcon.colcon_core.package_identification:_identify(workspace/ros_ur_driver/src/build/ur_calibration/gtest/CMakeFiles/gtest_main.dir/src) by extensions ['colcon_meta']
[1.118s] Level 1:colcon.colcon_core.package_identification:_identify(workspace/ros_ur_driver/src/build/ur_calibration/gtest/CMakeFiles/gtest_main.dir/src) by extension 'colcon_meta'
[1.119s] Level 1:colcon.colcon_core.package_identification:_identify(workspace/ros_ur_driver/src/build/ur_calibration/gtest/CMakeFiles/gtest_main.dir/src) by extensions ['ros']
[1.119s] Level 1:colcon.colcon_core.package_identification:_identify(workspace/ros_ur_driver/src/build/ur_calibration/gtest/CMakeFiles/gtest_main.dir/src) by extension 'ros'
[1.119s] Level 1:colcon.colcon_core.package_identification:_identify(workspace/ros_ur_driver/src/build/ur_calibration/gtest/CMakeFiles/gtest_main.dir/src) by extensions ['cmake', 'python']
[1.119s] Level 1:colcon.colcon_core.package_identification:_identify(workspace/ros_ur_driver/src/build/ur_calibration/gtest/CMakeFiles/gtest_main.dir/src) by extension 'cmake'
[1.121s] Level 1:colcon.colcon_core.package_identification:_identify(workspace/ros_ur_driver/src/build/ur_calibration/gtest/CMakeFiles/gtest_main.dir/src) by extension 'python'
[1.121s] Level 1:colcon.colcon_core.package_identification:_identify(workspace/ros_ur_driver/src/build/ur_calibration/gtest/CMakeFiles/gtest_main.dir/src) by extensions ['python_setup_py']
[1.121s] Level 1:colcon.colcon_core.package_identification:_identify(workspace/ros_ur_driver/src/build/ur_calibration/gtest/CMakeFiles/gtest_main.dir/src) by extension 'python_setup_py'
[1.122s] Level 1:colcon.colcon_core.package_identification:_identify(workspace/ros_ur_driver/src/build/ur_controllers) by extensions ['ignore', 'ignore_ament_install']
[1.122s] Level 1:colcon.colcon_core.package_identification:_identify(workspace/ros_ur_driver/src/build/ur_controllers) by extension 'ignore'
[1.122s] Level 1:colcon.colcon_core.package_identification:_identify(workspace/ros_ur_driver/src/build/ur_controllers) by extension 'ignore_ament_install'
[1.122s] Level 1:colcon.colcon_core.package_identification:_identify(workspace/ros_ur_driver/src/build/ur_controllers) by extensions ['colcon_pkg']
[1.124s] Level 1:colcon.colcon_core.package_identification:_identify(workspace/ros_ur_driver/src/build/ur_controllers) by extension 'colcon_pkg'
[1.124s] Level 1:colcon.colcon_core.package_identification:_identify(workspace/ros_ur_driver/src/build/ur_controllers) by extensions ['colcon_meta']
[1.124s] Level 1:colcon.colcon_core.package_identification:_identify(workspace/ros_ur_driver/src/build/ur_controllers) by extension 'colcon_meta'
[1.124s] Level 1:colcon.colcon_core.package_identification:_identify(workspace/ros_ur_driver/src/build/ur_controllers) by extensions ['ros']
[1.124s] Level 1:colcon.colcon_core.package_identification:_identify(workspace/ros_ur_driver/src/build/ur_controllers) by extension 'ros'
[1.124s] Level 1:colcon.colcon_core.package_identification:_identify(workspace/ros_ur_driver/src/build/ur_controllers) by extensions ['cmake', 'python']
[1.124s] Level 1:colcon.colcon_core.package_identification:_identify(workspace/ros_ur_driver/src/build/ur_controllers) by extension 'cmake'
[1.125s] Level 1:colcon.colcon_core.package_identification:_identify(workspace/ros_ur_driver/src/build/ur_controllers) by extension 'python'
[1.125s] Level 1:colcon.colcon_core.package_identification:_identify(workspace/ros_ur_driver/src/build/ur_controllers) by extensions ['python_setup_py']
[1.125s] Level 1:colcon.colcon_core.package_identification:_identify(workspace/ros_ur_driver/src/build/ur_controllers) by extension 'python_setup_py'
[1.125s] Level 1:colcon.colcon_core.package_identification:_identify(workspace/ros_ur_driver/src/build/ur_controllers/CMakeFiles) by extensions ['ignore', 'ignore_ament_install']
[1.126s] Level 1:colcon.colcon_core.package_identification:_identify(workspace/ros_ur_driver/src/build/ur_controllers/CMakeFiles) by extension 'ignore'
[1.126s] Level 1:colcon.colcon_core.package_identification:_identify(workspace/ros_ur_driver/src/build/ur_controllers/CMakeFiles) by extension 'ignore_ament_install'
[1.126s] Level 1:colcon.colcon_core.package_identification:_identify(workspace/ros_ur_driver/src/build/ur_controllers/CMakeFiles) by extensions ['colcon_pkg']
[1.126s] Level 1:colcon.colcon_core.package_identification:_identify(workspace/ros_ur_driver/src/build/ur_controllers/CMakeFiles) by extension 'colcon_pkg'
[1.126s] Level 1:colcon.colcon_core.package_identification:_identify(workspace/ros_ur_driver/src/build/ur_controllers/CMakeFiles) by extensions ['colcon_meta']
[1.126s] Level 1:colcon.colcon_core.package_identification:_identify(workspace/ros_ur_driver/src/build/ur_controllers/CMakeFiles) by extension 'colcon_meta'
[1.127s] Level 1:colcon.colcon_core.package_identification:_identify(workspace/ros_ur_driver/src/build/ur_controllers/CMakeFiles) by extensions ['ros']
[1.127s] Level 1:colcon.colcon_core.package_identification:_identify(workspace/ros_ur_driver/src/build/ur_controllers/CMakeFiles) by extension 'ros'
[1.127s] Level 1:colcon.colcon_core.package_identification:_identify(workspace/ros_ur_driver/src/build/ur_controllers/CMakeFiles) by extensions ['cmake', 'python']
[1.127s] Level 1:colcon.colcon_core.package_identification:_identify(workspace/ros_ur_driver/src/build/ur_controllers/CMakeFiles) by extension 'cmake'
[1.127s] Level 1:colcon.colcon_core.package_identification:_identify(workspace/ros_ur_driver/src/build/ur_controllers/CMakeFiles) by extension 'python'
[1.127s] Level 1:colcon.colcon_core.package_identification:_identify(workspace/ros_ur_driver/src/build/ur_controllers/CMakeFiles) by extensions ['python_setup_py']
[1.128s] Level 1:colcon.colcon_core.package_identification:_identify(workspace/ros_ur_driver/src/build/ur_controllers/CMakeFiles) by extension 'python_setup_py'
[1.129s] Level 1:colcon.colcon_core.package_identification:_identify(workspace/ros_ur_driver/src/build/ur_controllers/CMakeFiles/3.22.1) by extensions ['ignore', 'ignore_ament_install']
[1.130s] Level 1:colcon.colcon_core.package_identification:_identify(workspace/ros_ur_driver/src/build/ur_controllers/CMakeFiles/3.22.1) by extension 'ignore'
[1.130s] Level 1:colcon.colcon_core.package_identification:_identify(workspace/ros_ur_driver/src/build/ur_controllers/CMakeFiles/3.22.1) by extension 'ignore_ament_install'
[1.130s] Level 1:colcon.colcon_core.package_identification:_identify(workspace/ros_ur_driver/src/build/ur_controllers/CMakeFiles/3.22.1) by extensions ['colcon_pkg']
[1.130s] Level 1:colcon.colcon_core.package_identification:_identify(workspace/ros_ur_driver/src/build/ur_controllers/CMakeFiles/3.22.1) by extension 'colcon_pkg'
[1.130s] Level 1:colcon.colcon_core.package_identification:_identify(workspace/ros_ur_driver/src/build/ur_controllers/CMakeFiles/3.22.1) by extensions ['colcon_meta']
[1.130s] Level 1:colcon.colcon_core.package_identification:_identify(workspace/ros_ur_driver/src/build/ur_controllers/CMakeFiles/3.22.1) by extension 'colcon_meta'
[1.131s] Level 1:colcon.colcon_core.package_identification:_identify(workspace/ros_ur_driver/src/build/ur_controllers/CMakeFiles/3.22.1) by extensions ['ros']
[1.131s] Level 1:colcon.colcon_core.package_identification:_identify(workspace/ros_ur_driver/src/build/ur_controllers/CMakeFiles/3.22.1) by extension 'ros'
[1.132s] Level 1:colcon.colcon_core.package_identification:_identify(workspace/ros_ur_driver/src/build/ur_controllers/CMakeFiles/3.22.1) by extensions ['cmake', 'python']
[1.132s] Level 1:colcon.colcon_core.package_identification:_identify(workspace/ros_ur_driver/src/build/ur_controllers/CMakeFiles/3.22.1) by extension 'cmake'
[1.132s] Level 1:colcon.colcon_core.package_identification:_identify(workspace/ros_ur_driver/src/build/ur_controllers/CMakeFiles/3.22.1) by extension 'python'
[1.132s] Level 1:colcon.colcon_core.package_identification:_identify(workspace/ros_ur_driver/src/build/ur_controllers/CMakeFiles/3.22.1) by extensions ['python_setup_py']
[1.133s] Level 1:colcon.colcon_core.package_identification:_identify(workspace/ros_ur_driver/src/build/ur_controllers/CMakeFiles/3.22.1) by extension 'python_setup_py'
[1.133s] Level 1:colcon.colcon_core.package_identification:_identify(workspace/ros_ur_driver/src/build/ur_controllers/CMakeFiles/3.22.1/CompilerIdC) by extensions ['ignore', 'ignore_ament_install']
[1.134s] Level 1:colcon.colcon_core.package_identification:_identify(workspace/ros_ur_driver/src/build/ur_controllers/CMakeFiles/3.22.1/CompilerIdC) by extension 'ignore'
[1.135s] Level 1:colcon.colcon_core.package_identification:_identify(workspace/ros_ur_driver/src/build/ur_controllers/CMakeFiles/3.22.1/CompilerIdC) by extension 'ignore_ament_install'
[1.135s] Level 1:colcon.colcon_core.package_identification:_identify(workspace/ros_ur_driver/src/build/ur_controllers/CMakeFiles/3.22.1/CompilerIdC) by extensions ['colcon_pkg']
[1.135s] Level 1:colcon.colcon_core.package_identification:_identify(workspace/ros_ur_driver/src/build/ur_controllers/CMakeFiles/3.22.1/CompilerIdC) by extension 'colcon_pkg'
[1.136s] Level 1:colcon.colcon_core.package_identification:_identify(workspace/ros_ur_driver/src/build/ur_controllers/CMakeFiles/3.22.1/CompilerIdC) by extensions ['colcon_meta']
[1.137s] Level 1:colcon.colcon_core.package_identification:_identify(workspace/ros_ur_driver/src/build/ur_controllers/CMakeFiles/3.22.1/CompilerIdC) by extension 'colcon_meta'
[1.137s] Level 1:colcon.colcon_core.package_identification:_identify(workspace/ros_ur_driver/src/build/ur_controllers/CMakeFiles/3.22.1/CompilerIdC) by extensions ['ros']
[1.137s] Level 1:colcon.colcon_core.package_identification:_identify(workspace/ros_ur_driver/src/build/ur_controllers/CMakeFiles/3.22.1/CompilerIdC) by extension 'ros'
[1.137s] Level 1:colcon.colcon_core.package_identification:_identify(workspace/ros_ur_driver/src/build/ur_controllers/CMakeFiles/3.22.1/CompilerIdC) by extensions ['cmake', 'python']
[1.137s] Level 1:colcon.colcon_core.package_identification:_identify(workspace/ros_ur_driver/src/build/ur_controllers/CMakeFiles/3.22.1/CompilerIdC) by extension 'cmake'
[1.137s] Level 1:colcon.colcon_core.package_identification:_identify(workspace/ros_ur_driver/src/build/ur_controllers/CMakeFiles/3.22.1/CompilerIdC) by extension 'python'
[1.137s] Level 1:colcon.colcon_core.package_identification:_identify(workspace/ros_ur_driver/src/build/ur_controllers/CMakeFiles/3.22.1/CompilerIdC) by extensions ['python_setup_py']
[1.137s] Level 1:colcon.colcon_core.package_identification:_identify(workspace/ros_ur_driver/src/build/ur_controllers/CMakeFiles/3.22.1/CompilerIdC) by extension 'python_setup_py'
[1.138s] Level 1:colcon.colcon_core.package_identification:_identify(workspace/ros_ur_driver/src/build/ur_controllers/CMakeFiles/3.22.1/CompilerIdC/tmp) by extensions ['ignore', 'ignore_ament_install']
[1.140s] Level 1:colcon.colcon_core.package_identification:_identify(workspace/ros_ur_driver/src/build/ur_controllers/CMakeFiles/3.22.1/CompilerIdC/tmp) by extension 'ignore'
[1.140s] Level 1:colcon.colcon_core.package_identification:_identify(workspace/ros_ur_driver/src/build/ur_controllers/CMakeFiles/3.22.1/CompilerIdC/tmp) by extension 'ignore_ament_install'
[1.140s] Level 1:colcon.colcon_core.package_identification:_identify(workspace/ros_ur_driver/src/build/ur_controllers/CMakeFiles/3.22.1/CompilerIdC/tmp) by extensions ['colcon_pkg']
[1.140s] Level 1:colcon.colcon_core.package_identification:_identify(workspace/ros_ur_driver/src/build/ur_controllers/CMakeFiles/3.22.1/CompilerIdC/tmp) by extension 'colcon_pkg'
[1.140s] Level 1:colcon.colcon_core.package_identification:_identify(workspace/ros_ur_driver/src/build/ur_controllers/CMakeFiles/3.22.1/CompilerIdC/tmp) by extensions ['colcon_meta']
[1.140s] Level 1:colcon.colcon_core.package_identification:_identify(workspace/ros_ur_driver/src/build/ur_controllers/CMakeFiles/3.22.1/CompilerIdC/tmp) by extension 'colcon_meta'
[1.140s] Level 1:colcon.colcon_core.package_identification:_identify(workspace/ros_ur_driver/src/build/ur_controllers/CMakeFiles/3.22.1/CompilerIdC/tmp) by extensions ['ros']
[1.140s] Level 1:colcon.colcon_core.package_identification:_identify(workspace/ros_ur_driver/src/build/ur_controllers/CMakeFiles/3.22.1/CompilerIdC/tmp) by extension 'ros'
[1.140s] Level 1:colcon.colcon_core.package_identification:_identify(workspace/ros_ur_driver/src/build/ur_controllers/CMakeFiles/3.22.1/CompilerIdC/tmp) by extensions ['cmake', 'python']
[1.141s] Level 1:colcon.colcon_core.package_identification:_identify(workspace/ros_ur_driver/src/build/ur_controllers/CMakeFiles/3.22.1/CompilerIdC/tmp) by extension 'cmake'
[1.141s] Level 1:colcon.colcon_core.package_identification:_identify(workspace/ros_ur_driver/src/build/ur_controllers/CMakeFiles/3.22.1/CompilerIdC/tmp) by extension 'python'
[1.141s] Level 1:colcon.colcon_core.package_identification:_identify(workspace/ros_ur_driver/src/build/ur_controllers/CMakeFiles/3.22.1/CompilerIdC/tmp) by extensions ['python_setup_py']
[1.141s] Level 1:colcon.colcon_core.package_identification:_identify(workspace/ros_ur_driver/src/build/ur_controllers/CMakeFiles/3.22.1/CompilerIdC/tmp) by extension 'python_setup_py'
[1.142s] Level 1:colcon.colcon_core.package_identification:_identify(workspace/ros_ur_driver/src/build/ur_controllers/CMakeFiles/3.22.1/CompilerIdCXX) by extensions ['ignore', 'ignore_ament_install']
[1.142s] Level 1:colcon.colcon_core.package_identification:_identify(workspace/ros_ur_driver/src/build/ur_controllers/CMakeFiles/3.22.1/CompilerIdCXX) by extension 'ignore'
[1.142s] Level 1:colcon.colcon_core.package_identification:_identify(workspace/ros_ur_driver/src/build/ur_controllers/CMakeFiles/3.22.1/CompilerIdCXX) by extension 'ignore_ament_install'
[1.142s] Level 1:colcon.colcon_core.package_identification:_identify(workspace/ros_ur_driver/src/build/ur_controllers/CMakeFiles/3.22.1/CompilerIdCXX) by extensions ['colcon_pkg']
[1.142s] Level 1:colcon.colcon_core.package_identification:_identify(workspace/ros_ur_driver/src/build/ur_controllers/CMakeFiles/3.22.1/CompilerIdCXX) by extension 'colcon_pkg'
[1.142s] Level 1:colcon.colcon_core.package_identification:_identify(workspace/ros_ur_driver/src/build/ur_controllers/CMakeFiles/3.22.1/CompilerIdCXX) by extensions ['colcon_meta']
[1.142s] Level 1:colcon.colcon_core.package_identification:_identify(workspace/ros_ur_driver/src/build/ur_controllers/CMakeFiles/3.22.1/CompilerIdCXX) by extension 'colcon_meta'
[1.142s] Level 1:colcon.colcon_core.package_identification:_identify(workspace/ros_ur_driver/src/build/ur_controllers/CMakeFiles/3.22.1/CompilerIdCXX) by extensions ['ros']
[1.142s] Level 1:colcon.colcon_core.package_identification:_identify(workspace/ros_ur_driver/src/build/ur_controllers/CMakeFiles/3.22.1/CompilerIdCXX) by extension 'ros'
[1.144s] Level 1:colcon.colcon_core.package_identification:_identify(workspace/ros_ur_driver/src/build/ur_controllers/CMakeFiles/3.22.1/CompilerIdCXX) by extensions ['cmake', 'python']
[1.144s] Level 1:colcon.colcon_core.package_identification:_identify(workspace/ros_ur_driver/src/build/ur_controllers/CMakeFiles/3.22.1/CompilerIdCXX) by extension 'cmake'
[1.145s] Level 1:colcon.colcon_core.package_identification:_identify(workspace/ros_ur_driver/src/build/ur_controllers/CMakeFiles/3.22.1/CompilerIdCXX) by extension 'python'
[1.145s] Level 1:colcon.colcon_core.package_identification:_identify(workspace/ros_ur_driver/src/build/ur_controllers/CMakeFiles/3.22.1/CompilerIdCXX) by extensions ['python_setup_py']
[1.145s] Level 1:colcon.colcon_core.package_identification:_identify(workspace/ros_ur_driver/src/build/ur_controllers/CMakeFiles/3.22.1/CompilerIdCXX) by extension 'python_setup_py'
[1.145s] Level 1:colcon.colcon_core.package_identification:_identify(workspace/ros_ur_driver/src/build/ur_controllers/CMakeFiles/3.22.1/CompilerIdCXX/tmp) by extensions ['ignore', 'ignore_ament_install']
[1.145s] Level 1:colcon.colcon_core.package_identification:_identify(workspace/ros_ur_driver/src/build/ur_controllers/CMakeFiles/3.22.1/CompilerIdCXX/tmp) by extension 'ignore'
[1.145s] Level 1:colcon.colcon_core.package_identification:_identify(workspace/ros_ur_driver/src/build/ur_controllers/CMakeFiles/3.22.1/CompilerIdCXX/tmp) by extension 'ignore_ament_install'
[1.145s] Level 1:colcon.colcon_core.package_identification:_identify(workspace/ros_ur_driver/src/build/ur_controllers/CMakeFiles/3.22.1/CompilerIdCXX/tmp) by extensions ['colcon_pkg']
[1.145s] Level 1:colcon.colcon_core.package_identification:_identify(workspace/ros_ur_driver/src/build/ur_controllers/CMakeFiles/3.22.1/CompilerIdCXX/tmp) by extension 'colcon_pkg'
[1.145s] Level 1:colcon.colcon_core.package_identification:_identify(workspace/ros_ur_driver/src/build/ur_controllers/CMakeFiles/3.22.1/CompilerIdCXX/tmp) by extensions ['colcon_meta']
[1.146s] Level 1:colcon.colcon_core.package_identification:_identify(workspace/ros_ur_driver/src/build/ur_controllers/CMakeFiles/3.22.1/CompilerIdCXX/tmp) by extension 'colcon_meta'
[1.147s] Level 1:colcon.colcon_core.package_identification:_identify(workspace/ros_ur_driver/src/build/ur_controllers/CMakeFiles/3.22.1/CompilerIdCXX/tmp) by extensions ['ros']
[1.147s] Level 1:colcon.colcon_core.package_identification:_identify(workspace/ros_ur_driver/src/build/ur_controllers/CMakeFiles/3.22.1/CompilerIdCXX/tmp) by extension 'ros'
[1.147s] Level 1:colcon.colcon_core.package_identification:_identify(workspace/ros_ur_driver/src/build/ur_controllers/CMakeFiles/3.22.1/CompilerIdCXX/tmp) by extensions ['cmake', 'python']
[1.149s] Level 1:colcon.colcon_core.package_identification:_identify(workspace/ros_ur_driver/src/build/ur_controllers/CMakeFiles/3.22.1/CompilerIdCXX/tmp) by extension 'cmake'
[1.149s] Level 1:colcon.colcon_core.package_identification:_identify(workspace/ros_ur_driver/src/build/ur_controllers/CMakeFiles/3.22.1/CompilerIdCXX/tmp) by extension 'python'
[1.149s] Level 1:colcon.colcon_core.package_identification:_identify(workspace/ros_ur_driver/src/build/ur_controllers/CMakeFiles/3.22.1/CompilerIdCXX/tmp) by extensions ['python_setup_py']
[1.149s] Level 1:colcon.colcon_core.package_identification:_identify(workspace/ros_ur_driver/src/build/ur_controllers/CMakeFiles/3.22.1/CompilerIdCXX/tmp) by extension 'python_setup_py'
[1.151s] Level 1:colcon.colcon_core.package_identification:_identify(workspace/ros_ur_driver/src/build/ur_controllers/CMakeFiles/CMakeTmp) by extensions ['ignore', 'ignore_ament_install']
[1.152s] Level 1:colcon.colcon_core.package_identification:_identify(workspace/ros_ur_driver/src/build/ur_controllers/CMakeFiles/CMakeTmp) by extension 'ignore'
[1.152s] Level 1:colcon.colcon_core.package_identification:_identify(workspace/ros_ur_driver/src/build/ur_controllers/CMakeFiles/CMakeTmp) by extension 'ignore_ament_install'
[1.152s] Level 1:colcon.colcon_core.package_identification:_identify(workspace/ros_ur_driver/src/build/ur_controllers/CMakeFiles/CMakeTmp) by extensions ['colcon_pkg']
[1.152s] Level 1:colcon.colcon_core.package_identification:_identify(workspace/ros_ur_driver/src/build/ur_controllers/CMakeFiles/CMakeTmp) by extension 'colcon_pkg'
[1.154s] Level 1:colcon.colcon_core.package_identification:_identify(workspace/ros_ur_driver/src/build/ur_controllers/CMakeFiles/CMakeTmp) by extensions ['colcon_meta']
[1.154s] Level 1:colcon.colcon_core.package_identification:_identify(workspace/ros_ur_driver/src/build/ur_controllers/CMakeFiles/CMakeTmp) by extension 'colcon_meta'
[1.154s] Level 1:colcon.colcon_core.package_identification:_identify(workspace/ros_ur_driver/src/build/ur_controllers/CMakeFiles/CMakeTmp) by extensions ['ros']
[1.154s] Level 1:colcon.colcon_core.package_identification:_identify(workspace/ros_ur_driver/src/build/ur_controllers/CMakeFiles/CMakeTmp) by extension 'ros'
[1.155s] Level 1:colcon.colcon_core.package_identification:_identify(workspace/ros_ur_driver/src/build/ur_controllers/CMakeFiles/CMakeTmp) by extensions ['cmake', 'python']
[1.156s] Level 1:colcon.colcon_core.package_identification:_identify(workspace/ros_ur_driver/src/build/ur_controllers/CMakeFiles/CMakeTmp) by extension 'cmake'
[1.156s] Level 1:colcon.colcon_core.package_identification:_identify(workspace/ros_ur_driver/src/build/ur_controllers/CMakeFiles/CMakeTmp) by extension 'python'
[1.156s] Level 1:colcon.colcon_core.package_identification:_identify(workspace/ros_ur_driver/src/build/ur_controllers/CMakeFiles/CMakeTmp) by extensions ['python_setup_py']
[1.156s] Level 1:colcon.colcon_core.package_identification:_identify(workspace/ros_ur_driver/src/build/ur_controllers/CMakeFiles/CMakeTmp) by extension 'python_setup_py'
[1.156s] Level 1:colcon.colcon_core.package_identification:_identify(workspace/ros_ur_driver/src/build/ur_dashboard_msgs) by extensions ['ignore', 'ignore_ament_install']
[1.158s] Level 1:colcon.colcon_core.package_identification:_identify(workspace/ros_ur_driver/src/build/ur_dashboard_msgs) by extension 'ignore'
[1.159s] Level 1:colcon.colcon_core.package_identification:_identify(workspace/ros_ur_driver/src/build/ur_dashboard_msgs) by extension 'ignore_ament_install'
[1.159s] Level 1:colcon.colcon_core.package_identification:_identify(workspace/ros_ur_driver/src/build/ur_dashboard_msgs) by extensions ['colcon_pkg']
[1.159s] Level 1:colcon.colcon_core.package_identification:_identify(workspace/ros_ur_driver/src/build/ur_dashboard_msgs) by extension 'colcon_pkg'
[1.159s] Level 1:colcon.colcon_core.package_identification:_identify(workspace/ros_ur_driver/src/build/ur_dashboard_msgs) by extensions ['colcon_meta']
[1.159s] Level 1:colcon.colcon_core.package_identification:_identify(workspace/ros_ur_driver/src/build/ur_dashboard_msgs) by extension 'colcon_meta'
[1.159s] Level 1:colcon.colcon_core.package_identification:_identify(workspace/ros_ur_driver/src/build/ur_dashboard_msgs) by extensions ['ros']
[1.162s] Level 1:colcon.colcon_core.package_identification:_identify(workspace/ros_ur_driver/src/build/ur_dashboard_msgs) by extension 'ros'
[1.163s] Level 1:colcon.colcon_core.package_identification:_identify(workspace/ros_ur_driver/src/build/ur_dashboard_msgs) by extensions ['cmake', 'python']
[1.163s] Level 1:colcon.colcon_core.package_identification:_identify(workspace/ros_ur_driver/src/build/ur_dashboard_msgs) by extension 'cmake'
[1.164s] Level 1:colcon.colcon_core.package_identification:_identify(workspace/ros_ur_driver/src/build/ur_dashboard_msgs) by extension 'python'
[1.165s] Level 1:colcon.colcon_core.package_identification:_identify(workspace/ros_ur_driver/src/build/ur_dashboard_msgs) by extensions ['python_setup_py']
[1.165s] Level 1:colcon.colcon_core.package_identification:_identify(workspace/ros_ur_driver/src/build/ur_dashboard_msgs) by extension 'python_setup_py'
[1.165s] Level 1:colcon.colcon_core.package_identification:_identify(workspace/ros_ur_driver/src/build/ur_dashboard_msgs/CMakeFiles) by extensions ['ignore', 'ignore_ament_install']
[1.168s] Level 1:colcon.colcon_core.package_identification:_identify(workspace/ros_ur_driver/src/build/ur_dashboard_msgs/CMakeFiles) by extension 'ignore'
[1.169s] Level 1:colcon.colcon_core.package_identification:_identify(workspace/ros_ur_driver/src/build/ur_dashboard_msgs/CMakeFiles) by extension 'ignore_ament_install'
[1.169s] Level 1:colcon.colcon_core.package_identification:_identify(workspace/ros_ur_driver/src/build/ur_dashboard_msgs/CMakeFiles) by extensions ['colcon_pkg']
[1.169s] Level 1:colcon.colcon_core.package_identification:_identify(workspace/ros_ur_driver/src/build/ur_dashboard_msgs/CMakeFiles) by extension 'colcon_pkg'
[1.169s] Level 1:colcon.colcon_core.package_identification:_identify(workspace/ros_ur_driver/src/build/ur_dashboard_msgs/CMakeFiles) by extensions ['colcon_meta']
[1.169s] Level 1:colcon.colcon_core.package_identification:_identify(workspace/ros_ur_driver/src/build/ur_dashboard_msgs/CMakeFiles) by extension 'colcon_meta'
[1.171s] Level 1:colcon.colcon_core.package_identification:_identify(workspace/ros_ur_driver/src/build/ur_dashboard_msgs/CMakeFiles) by extensions ['ros']
[1.171s] Level 1:colcon.colcon_core.package_identification:_identify(workspace/ros_ur_driver/src/build/ur_dashboard_msgs/CMakeFiles) by extension 'ros'
[1.172s] Level 1:colcon.colcon_core.package_identification:_identify(workspace/ros_ur_driver/src/build/ur_dashboard_msgs/CMakeFiles) by extensions ['cmake', 'python']
[1.172s] Level 1:colcon.colcon_core.package_identification:_identify(workspace/ros_ur_driver/src/build/ur_dashboard_msgs/CMakeFiles) by extension 'cmake'
[1.173s] Level 1:colcon.colcon_core.package_identification:_identify(workspace/ros_ur_driver/src/build/ur_dashboard_msgs/CMakeFiles) by extension 'python'
[1.173s] Level 1:colcon.colcon_core.package_identification:_identify(workspace/ros_ur_driver/src/build/ur_dashboard_msgs/CMakeFiles) by extensions ['python_setup_py']
[1.173s] Level 1:colcon.colcon_core.package_identification:_identify(workspace/ros_ur_driver/src/build/ur_dashboard_msgs/CMakeFiles) by extension 'python_setup_py'
[1.176s] Level 1:colcon.colcon_core.package_identification:_identify(workspace/ros_ur_driver/src/build/ur_dashboard_msgs/CMakeFiles/3.22.1) by extensions ['ignore', 'ignore_ament_install']
[1.177s] Level 1:colcon.colcon_core.package_identification:_identify(workspace/ros_ur_driver/src/build/ur_dashboard_msgs/CMakeFiles/3.22.1) by extension 'ignore'
[1.177s] Level 1:colcon.colcon_core.package_identification:_identify(workspace/ros_ur_driver/src/build/ur_dashboard_msgs/CMakeFiles/3.22.1) by extension 'ignore_ament_install'
[1.177s] Level 1:colcon.colcon_core.package_identification:_identify(workspace/ros_ur_driver/src/build/ur_dashboard_msgs/CMakeFiles/3.22.1) by extensions ['colcon_pkg']
[1.178s] Level 1:colcon.colcon_core.package_identification:_identify(workspace/ros_ur_driver/src/build/ur_dashboard_msgs/CMakeFiles/3.22.1) by extension 'colcon_pkg'
[1.178s] Level 1:colcon.colcon_core.package_identification:_identify(workspace/ros_ur_driver/src/build/ur_dashboard_msgs/CMakeFiles/3.22.1) by extensions ['colcon_meta']
[1.178s] Level 1:colcon.colcon_core.package_identification:_identify(workspace/ros_ur_driver/src/build/ur_dashboard_msgs/CMakeFiles/3.22.1) by extension 'colcon_meta'
[1.179s] Level 1:colcon.colcon_core.package_identification:_identify(workspace/ros_ur_driver/src/build/ur_dashboard_msgs/CMakeFiles/3.22.1) by extensions ['ros']
[1.179s] Level 1:colcon.colcon_core.package_identification:_identify(workspace/ros_ur_driver/src/build/ur_dashboard_msgs/CMakeFiles/3.22.1) by extension 'ros'
[1.179s] Level 1:colcon.colcon_core.package_identification:_identify(workspace/ros_ur_driver/src/build/ur_dashboard_msgs/CMakeFiles/3.22.1) by extensions ['cmake', 'python']
[1.179s] Level 1:colcon.colcon_core.package_identification:_identify(workspace/ros_ur_driver/src/build/ur_dashboard_msgs/CMakeFiles/3.22.1) by extension 'cmake'
[1.182s] Level 1:colcon.colcon_core.package_identification:_identify(workspace/ros_ur_driver/src/build/ur_dashboard_msgs/CMakeFiles/3.22.1) by extension 'python'
[1.182s] Level 1:colcon.colcon_core.package_identification:_identify(workspace/ros_ur_driver/src/build/ur_dashboard_msgs/CMakeFiles/3.22.1) by extensions ['python_setup_py']
[1.182s] Level 1:colcon.colcon_core.package_identification:_identify(workspace/ros_ur_driver/src/build/ur_dashboard_msgs/CMakeFiles/3.22.1) by extension 'python_setup_py'
[1.182s] Level 1:colcon.colcon_core.package_identification:_identify(workspace/ros_ur_driver/src/build/ur_dashboard_msgs/CMakeFiles/3.22.1/CompilerIdC) by extensions ['ignore', 'ignore_ament_install']
[1.183s] Level 1:colcon.colcon_core.package_identification:_identify(workspace/ros_ur_driver/src/build/ur_dashboard_msgs/CMakeFiles/3.22.1/CompilerIdC) by extension 'ignore'
[1.184s] Level 1:colcon.colcon_core.package_identification:_identify(workspace/ros_ur_driver/src/build/ur_dashboard_msgs/CMakeFiles/3.22.1/CompilerIdC) by extension 'ignore_ament_install'
[1.184s] Level 1:colcon.colcon_core.package_identification:_identify(workspace/ros_ur_driver/src/build/ur_dashboard_msgs/CMakeFiles/3.22.1/CompilerIdC) by extensions ['colcon_pkg']
[1.184s] Level 1:colcon.colcon_core.package_identification:_identify(workspace/ros_ur_driver/src/build/ur_dashboard_msgs/CMakeFiles/3.22.1/CompilerIdC) by extension 'colcon_pkg'
[1.184s] Level 1:colcon.colcon_core.package_identification:_identify(workspace/ros_ur_driver/src/build/ur_dashboard_msgs/CMakeFiles/3.22.1/CompilerIdC) by extensions ['colcon_meta']
[1.184s] Level 1:colcon.colcon_core.package_identification:_identify(workspace/ros_ur_driver/src/build/ur_dashboard_msgs/CMakeFiles/3.22.1/CompilerIdC) by extension 'colcon_meta'
[1.184s] Level 1:colcon.colcon_core.package_identification:_identify(workspace/ros_ur_driver/src/build/ur_dashboard_msgs/CMakeFiles/3.22.1/CompilerIdC) by extensions ['ros']
[1.184s] Level 1:colcon.colcon_core.package_identification:_identify(workspace/ros_ur_driver/src/build/ur_dashboard_msgs/CMakeFiles/3.22.1/CompilerIdC) by extension 'ros'
[1.184s] Level 1:colcon.colcon_core.package_identification:_identify(workspace/ros_ur_driver/src/build/ur_dashboard_msgs/CMakeFiles/3.22.1/CompilerIdC) by extensions ['cmake', 'python']
[1.184s] Level 1:colcon.colcon_core.package_identification:_identify(workspace/ros_ur_driver/src/build/ur_dashboard_msgs/CMakeFiles/3.22.1/CompilerIdC) by extension 'cmake'
[1.184s] Level 1:colcon.colcon_core.package_identification:_identify(workspace/ros_ur_driver/src/build/ur_dashboard_msgs/CMakeFiles/3.22.1/CompilerIdC) by extension 'python'
[1.185s] Level 1:colcon.colcon_core.package_identification:_identify(workspace/ros_ur_driver/src/build/ur_dashboard_msgs/CMakeFiles/3.22.1/CompilerIdC) by extensions ['python_setup_py']
[1.185s] Level 1:colcon.colcon_core.package_identification:_identify(workspace/ros_ur_driver/src/build/ur_dashboard_msgs/CMakeFiles/3.22.1/CompilerIdC) by extension 'python_setup_py'
[1.185s] Level 1:colcon.colcon_core.package_identification:_identify(workspace/ros_ur_driver/src/build/ur_dashboard_msgs/CMakeFiles/3.22.1/CompilerIdC/tmp) by extensions ['ignore', 'ignore_ament_install']
[1.189s] Level 1:colcon.colcon_core.package_identification:_identify(workspace/ros_ur_driver/src/build/ur_dashboard_msgs/CMakeFiles/3.22.1/CompilerIdC/tmp) by extension 'ignore'
[1.189s] Level 1:colcon.colcon_core.package_identification:_identify(workspace/ros_ur_driver/src/build/ur_dashboard_msgs/CMakeFiles/3.22.1/CompilerIdC/tmp) by extension 'ignore_ament_install'
[1.189s] Level 1:colcon.colcon_core.package_identification:_identify(workspace/ros_ur_driver/src/build/ur_dashboard_msgs/CMakeFiles/3.22.1/CompilerIdC/tmp) by extensions ['colcon_pkg']
[1.190s] Level 1:colcon.colcon_core.package_identification:_identify(workspace/ros_ur_driver/src/build/ur_dashboard_msgs/CMakeFiles/3.22.1/CompilerIdC/tmp) by extension 'colcon_pkg'
[1.192s] Level 1:colcon.colcon_core.package_identification:_identify(workspace/ros_ur_driver/src/build/ur_dashboard_msgs/CMakeFiles/3.22.1/CompilerIdC/tmp) by extensions ['colcon_meta']
[1.192s] Level 1:colcon.colcon_core.package_identification:_identify(workspace/ros_ur_driver/src/build/ur_dashboard_msgs/CMakeFiles/3.22.1/CompilerIdC/tmp) by extension 'colcon_meta'
[1.193s] Level 1:colcon.colcon_core.package_identification:_identify(workspace/ros_ur_driver/src/build/ur_dashboard_msgs/CMakeFiles/3.22.1/CompilerIdC/tmp) by extensions ['ros']
[1.193s] Level 1:colcon.colcon_core.package_identification:_identify(workspace/ros_ur_driver/src/build/ur_dashboard_msgs/CMakeFiles/3.22.1/CompilerIdC/tmp) by extension 'ros'
[1.193s] Level 1:colcon.colcon_core.package_identification:_identify(workspace/ros_ur_driver/src/build/ur_dashboard_msgs/CMakeFiles/3.22.1/CompilerIdC/tmp) by extensions ['cmake', 'python']
[1.193s] Level 1:colcon.colcon_core.package_identification:_identify(workspace/ros_ur_driver/src/build/ur_dashboard_msgs/CMakeFiles/3.22.1/CompilerIdC/tmp) by extension 'cmake'
[1.193s] Level 1:colcon.colcon_core.package_identification:_identify(workspace/ros_ur_driver/src/build/ur_dashboard_msgs/CMakeFiles/3.22.1/CompilerIdC/tmp) by extension 'python'
[1.193s] Level 1:colcon.colcon_core.package_identification:_identify(workspace/ros_ur_driver/src/build/ur_dashboard_msgs/CMakeFiles/3.22.1/CompilerIdC/tmp) by extensions ['python_setup_py']
[1.193s] Level 1:colcon.colcon_core.package_identification:_identify(workspace/ros_ur_driver/src/build/ur_dashboard_msgs/CMakeFiles/3.22.1/CompilerIdC/tmp) by extension 'python_setup_py'
[1.194s] Level 1:colcon.colcon_core.package_identification:_identify(workspace/ros_ur_driver/src/build/ur_dashboard_msgs/CMakeFiles/3.22.1/CompilerIdCXX) by extensions ['ignore', 'ignore_ament_install']
[1.196s] Level 1:colcon.colcon_core.package_identification:_identify(workspace/ros_ur_driver/src/build/ur_dashboard_msgs/CMakeFiles/3.22.1/CompilerIdCXX) by extension 'ignore'
[1.196s] Level 1:colcon.colcon_core.package_identification:_identify(workspace/ros_ur_driver/src/build/ur_dashboard_msgs/CMakeFiles/3.22.1/CompilerIdCXX) by extension 'ignore_ament_install'
[1.197s] Level 1:colcon.colcon_core.package_identification:_identify(workspace/ros_ur_driver/src/build/ur_dashboard_msgs/CMakeFiles/3.22.1/CompilerIdCXX) by extensions ['colcon_pkg']
[1.197s] Level 1:colcon.colcon_core.package_identification:_identify(workspace/ros_ur_driver/src/build/ur_dashboard_msgs/CMakeFiles/3.22.1/CompilerIdCXX) by extension 'colcon_pkg'
[1.197s] Level 1:colcon.colcon_core.package_identification:_identify(workspace/ros_ur_driver/src/build/ur_dashboard_msgs/CMakeFiles/3.22.1/CompilerIdCXX) by extensions ['colcon_meta']
[1.197s] Level 1:colcon.colcon_core.package_identification:_identify(workspace/ros_ur_driver/src/build/ur_dashboard_msgs/CMakeFiles/3.22.1/CompilerIdCXX) by extension 'colcon_meta'
[1.197s] Level 1:colcon.colcon_core.package_identification:_identify(workspace/ros_ur_driver/src/build/ur_dashboard_msgs/CMakeFiles/3.22.1/CompilerIdCXX) by extensions ['ros']
[1.198s] Level 1:colcon.colcon_core.package_identification:_identify(workspace/ros_ur_driver/src/build/ur_dashboard_msgs/CMakeFiles/3.22.1/CompilerIdCXX) by extension 'ros'
[1.198s] Level 1:colcon.colcon_core.package_identification:_identify(workspace/ros_ur_driver/src/build/ur_dashboard_msgs/CMakeFiles/3.22.1/CompilerIdCXX) by extensions ['cmake', 'python']
[1.198s] Level 1:colcon.colcon_core.package_identification:_identify(workspace/ros_ur_driver/src/build/ur_dashboard_msgs/CMakeFiles/3.22.1/CompilerIdCXX) by extension 'cmake'
[1.198s] Level 1:colcon.colcon_core.package_identification:_identify(workspace/ros_ur_driver/src/build/ur_dashboard_msgs/CMakeFiles/3.22.1/CompilerIdCXX) by extension 'python'
[1.198s] Level 1:colcon.colcon_core.package_identification:_identify(workspace/ros_ur_driver/src/build/ur_dashboard_msgs/CMakeFiles/3.22.1/CompilerIdCXX) by extensions ['python_setup_py']
[1.198s] Level 1:colcon.colcon_core.package_identification:_identify(workspace/ros_ur_driver/src/build/ur_dashboard_msgs/CMakeFiles/3.22.1/CompilerIdCXX) by extension 'python_setup_py'
[1.198s] Level 1:colcon.colcon_core.package_identification:_identify(workspace/ros_ur_driver/src/build/ur_dashboard_msgs/CMakeFiles/3.22.1/CompilerIdCXX/tmp) by extensions ['ignore', 'ignore_ament_install']
[1.199s] Level 1:colcon.colcon_core.package_identification:_identify(workspace/ros_ur_driver/src/build/ur_dashboard_msgs/CMakeFiles/3.22.1/CompilerIdCXX/tmp) by extension 'ignore'
[1.201s] Level 1:colcon.colcon_core.package_identification:_identify(workspace/ros_ur_driver/src/build/ur_dashboard_msgs/CMakeFiles/3.22.1/CompilerIdCXX/tmp) by extension 'ignore_ament_install'
[1.201s] Level 1:colcon.colcon_core.package_identification:_identify(workspace/ros_ur_driver/src/build/ur_dashboard_msgs/CMakeFiles/3.22.1/CompilerIdCXX/tmp) by extensions ['colcon_pkg']
[1.201s] Level 1:colcon.colcon_core.package_identification:_identify(workspace/ros_ur_driver/src/build/ur_dashboard_msgs/CMakeFiles/3.22.1/CompilerIdCXX/tmp) by extension 'colcon_pkg'
[1.203s] Level 1:colcon.colcon_core.package_identification:_identify(workspace/ros_ur_driver/src/build/ur_dashboard_msgs/CMakeFiles/3.22.1/CompilerIdCXX/tmp) by extensions ['colcon_meta']
[1.203s] Level 1:colcon.colcon_core.package_identification:_identify(workspace/ros_ur_driver/src/build/ur_dashboard_msgs/CMakeFiles/3.22.1/CompilerIdCXX/tmp) by extension 'colcon_meta'
[1.203s] Level 1:colcon.colcon_core.package_identification:_identify(workspace/ros_ur_driver/src/build/ur_dashboard_msgs/CMakeFiles/3.22.1/CompilerIdCXX/tmp) by extensions ['ros']
[1.203s] Level 1:colcon.colcon_core.package_identification:_identify(workspace/ros_ur_driver/src/build/ur_dashboard_msgs/CMakeFiles/3.22.1/CompilerIdCXX/tmp) by extension 'ros'
[1.204s] Level 1:colcon.colcon_core.package_identification:_identify(workspace/ros_ur_driver/src/build/ur_dashboard_msgs/CMakeFiles/3.22.1/CompilerIdCXX/tmp) by extensions ['cmake', 'python']
[1.204s] Level 1:colcon.colcon_core.package_identification:_identify(workspace/ros_ur_driver/src/build/ur_dashboard_msgs/CMakeFiles/3.22.1/CompilerIdCXX/tmp) by extension 'cmake'
[1.204s] Level 1:colcon.colcon_core.package_identification:_identify(workspace/ros_ur_driver/src/build/ur_dashboard_msgs/CMakeFiles/3.22.1/CompilerIdCXX/tmp) by extension 'python'
[1.204s] Level 1:colcon.colcon_core.package_identification:_identify(workspace/ros_ur_driver/src/build/ur_dashboard_msgs/CMakeFiles/3.22.1/CompilerIdCXX/tmp) by extensions ['python_setup_py']
[1.204s] Level 1:colcon.colcon_core.package_identification:_identify(workspace/ros_ur_driver/src/build/ur_dashboard_msgs/CMakeFiles/3.22.1/CompilerIdCXX/tmp) by extension 'python_setup_py'
[1.205s] Level 1:colcon.colcon_core.package_identification:_identify(workspace/ros_ur_driver/src/build/ur_dashboard_msgs/CMakeFiles/CMakeTmp) by extensions ['ignore', 'ignore_ament_install']
[1.207s] Level 1:colcon.colcon_core.package_identification:_identify(workspace/ros_ur_driver/src/build/ur_dashboard_msgs/CMakeFiles/CMakeTmp) by extension 'ignore'
[1.207s] Level 1:colcon.colcon_core.package_identification:_identify(workspace/ros_ur_driver/src/build/ur_dashboard_msgs/CMakeFiles/CMakeTmp) by extension 'ignore_ament_install'
[1.207s] Level 1:colcon.colcon_core.package_identification:_identify(workspace/ros_ur_driver/src/build/ur_dashboard_msgs/CMakeFiles/CMakeTmp) by extensions ['colcon_pkg']
[1.207s] Level 1:colcon.colcon_core.package_identification:_identify(workspace/ros_ur_driver/src/build/ur_dashboard_msgs/CMakeFiles/CMakeTmp) by extension 'colcon_pkg'
[1.207s] Level 1:colcon.colcon_core.package_identification:_identify(workspace/ros_ur_driver/src/build/ur_dashboard_msgs/CMakeFiles/CMakeTmp) by extensions ['colcon_meta']
[1.207s] Level 1:colcon.colcon_core.package_identification:_identify(workspace/ros_ur_driver/src/build/ur_dashboard_msgs/CMakeFiles/CMakeTmp) by extension 'colcon_meta'
[1.207s] Level 1:colcon.colcon_core.package_identification:_identify(workspace/ros_ur_driver/src/build/ur_dashboard_msgs/CMakeFiles/CMakeTmp) by extensions ['ros']
[1.207s] Level 1:colcon.colcon_core.package_identification:_identify(workspace/ros_ur_driver/src/build/ur_dashboard_msgs/CMakeFiles/CMakeTmp) by extension 'ros'
[1.208s] Level 1:colcon.colcon_core.package_identification:_identify(workspace/ros_ur_driver/src/build/ur_dashboard_msgs/CMakeFiles/CMakeTmp) by extensions ['cmake', 'python']
[1.208s] Level 1:colcon.colcon_core.package_identification:_identify(workspace/ros_ur_driver/src/build/ur_dashboard_msgs/CMakeFiles/CMakeTmp) by extension 'cmake'
[1.208s] Level 1:colcon.colcon_core.package_identification:_identify(workspace/ros_ur_driver/src/build/ur_dashboard_msgs/CMakeFiles/CMakeTmp) by extension 'python'
[1.208s] Level 1:colcon.colcon_core.package_identification:_identify(workspace/ros_ur_driver/src/build/ur_dashboard_msgs/CMakeFiles/CMakeTmp) by extensions ['python_setup_py']
[1.208s] Level 1:colcon.colcon_core.package_identification:_identify(workspace/ros_ur_driver/src/build/ur_dashboard_msgs/CMakeFiles/CMakeTmp) by extension 'python_setup_py'
[1.213s] Level 1:colcon.colcon_core.package_identification:_identify(workspace/ros_ur_driver/src/build/ur_description) by extensions ['ignore', 'ignore_ament_install']
[1.216s] Level 1:colcon.colcon_core.package_identification:_identify(workspace/ros_ur_driver/src/build/ur_description) by extension 'ignore'
[1.216s] Level 1:colcon.colcon_core.package_identification:_identify(workspace/ros_ur_driver/src/build/ur_description) by extension 'ignore_ament_install'
[1.216s] Level 1:colcon.colcon_core.package_identification:_identify(workspace/ros_ur_driver/src/build/ur_description) by extensions ['colcon_pkg']
[1.216s] Level 1:colcon.colcon_core.package_identification:_identify(workspace/ros_ur_driver/src/build/ur_description) by extension 'colcon_pkg'
[1.216s] Level 1:colcon.colcon_core.package_identification:_identify(workspace/ros_ur_driver/src/build/ur_description) by extensions ['colcon_meta']
[1.216s] Level 1:colcon.colcon_core.package_identification:_identify(workspace/ros_ur_driver/src/build/ur_description) by extension 'colcon_meta'
[1.216s] Level 1:colcon.colcon_core.package_identification:_identify(workspace/ros_ur_driver/src/build/ur_description) by extensions ['ros']
[1.216s] Level 1:colcon.colcon_core.package_identification:_identify(workspace/ros_ur_driver/src/build/ur_description) by extension 'ros'
[1.219s] Level 1:colcon.colcon_core.package_identification:_identify(workspace/ros_ur_driver/src/build/ur_description) by extensions ['cmake', 'python']
[1.219s] Level 1:colcon.colcon_core.package_identification:_identify(workspace/ros_ur_driver/src/build/ur_description) by extension 'cmake'
[1.219s] Level 1:colcon.colcon_core.package_identification:_identify(workspace/ros_ur_driver/src/build/ur_description) by extension 'python'
[1.220s] Level 1:colcon.colcon_core.package_identification:_identify(workspace/ros_ur_driver/src/build/ur_description) by extensions ['python_setup_py']
[1.223s] Level 1:colcon.colcon_core.package_identification:_identify(workspace/ros_ur_driver/src/build/ur_description) by extension 'python_setup_py'
[1.226s] Level 1:colcon.colcon_core.package_identification:_identify(workspace/ros_ur_driver/src/build/ur_description/CMakeFiles) by extensions ['ignore', 'ignore_ament_install']
[1.228s] Level 1:colcon.colcon_core.package_identification:_identify(workspace/ros_ur_driver/src/build/ur_description/CMakeFiles) by extension 'ignore'
[1.229s] Level 1:colcon.colcon_core.package_identification:_identify(workspace/ros_ur_driver/src/build/ur_description/CMakeFiles) by extension 'ignore_ament_install'
[1.229s] Level 1:colcon.colcon_core.package_identification:_identify(workspace/ros_ur_driver/src/build/ur_description/CMakeFiles) by extensions ['colcon_pkg']
[1.229s] Level 1:colcon.colcon_core.package_identification:_identify(workspace/ros_ur_driver/src/build/ur_description/CMakeFiles) by extension 'colcon_pkg'
[1.229s] Level 1:colcon.colcon_core.package_identification:_identify(workspace/ros_ur_driver/src/build/ur_description/CMakeFiles) by extensions ['colcon_meta']
[1.229s] Level 1:colcon.colcon_core.package_identification:_identify(workspace/ros_ur_driver/src/build/ur_description/CMakeFiles) by extension 'colcon_meta'
[1.229s] Level 1:colcon.colcon_core.package_identification:_identify(workspace/ros_ur_driver/src/build/ur_description/CMakeFiles) by extensions ['ros']
[1.229s] Level 1:colcon.colcon_core.package_identification:_identify(workspace/ros_ur_driver/src/build/ur_description/CMakeFiles) by extension 'ros'
[1.229s] Level 1:colcon.colcon_core.package_identification:_identify(workspace/ros_ur_driver/src/build/ur_description/CMakeFiles) by extensions ['cmake', 'python']
[1.229s] Level 1:colcon.colcon_core.package_identification:_identify(workspace/ros_ur_driver/src/build/ur_description/CMakeFiles) by extension 'cmake'
[1.230s] Level 1:colcon.colcon_core.package_identification:_identify(workspace/ros_ur_driver/src/build/ur_description/CMakeFiles) by extension 'python'
[1.231s] Level 1:colcon.colcon_core.package_identification:_identify(workspace/ros_ur_driver/src/build/ur_description/CMakeFiles) by extensions ['python_setup_py']
[1.231s] Level 1:colcon.colcon_core.package_identification:_identify(workspace/ros_ur_driver/src/build/ur_description/CMakeFiles) by extension 'python_setup_py'
[1.233s] Level 1:colcon.colcon_core.package_identification:_identify(workspace/ros_ur_driver/src/build/ur_description/CMakeFiles/3.22.1) by extensions ['ignore', 'ignore_ament_install']
[1.233s] Level 1:colcon.colcon_core.package_identification:_identify(workspace/ros_ur_driver/src/build/ur_description/CMakeFiles/3.22.1) by extension 'ignore'
[1.233s] Level 1:colcon.colcon_core.package_identification:_identify(workspace/ros_ur_driver/src/build/ur_description/CMakeFiles/3.22.1) by extension 'ignore_ament_install'
[1.233s] Level 1:colcon.colcon_core.package_identification:_identify(workspace/ros_ur_driver/src/build/ur_description/CMakeFiles/3.22.1) by extensions ['colcon_pkg']
[1.233s] Level 1:colcon.colcon_core.package_identification:_identify(workspace/ros_ur_driver/src/build/ur_description/CMakeFiles/3.22.1) by extension 'colcon_pkg'
[1.233s] Level 1:colcon.colcon_core.package_identification:_identify(workspace/ros_ur_driver/src/build/ur_description/CMakeFiles/3.22.1) by extensions ['colcon_meta']
[1.234s] Level 1:colcon.colcon_core.package_identification:_identify(workspace/ros_ur_driver/src/build/ur_description/CMakeFiles/3.22.1) by extension 'colcon_meta'
[1.234s] Level 1:colcon.colcon_core.package_identification:_identify(workspace/ros_ur_driver/src/build/ur_description/CMakeFiles/3.22.1) by extensions ['ros']
[1.235s] Level 1:colcon.colcon_core.package_identification:_identify(workspace/ros_ur_driver/src/build/ur_description/CMakeFiles/3.22.1) by extension 'ros'
[1.235s] Level 1:colcon.colcon_core.package_identification:_identify(workspace/ros_ur_driver/src/build/ur_description/CMakeFiles/3.22.1) by extensions ['cmake', 'python']
[1.236s] Level 1:colcon.colcon_core.package_identification:_identify(workspace/ros_ur_driver/src/build/ur_description/CMakeFiles/3.22.1) by extension 'cmake'
[1.236s] Level 1:colcon.colcon_core.package_identification:_identify(workspace/ros_ur_driver/src/build/ur_description/CMakeFiles/3.22.1) by extension 'python'
[1.236s] Level 1:colcon.colcon_core.package_identification:_identify(workspace/ros_ur_driver/src/build/ur_description/CMakeFiles/3.22.1) by extensions ['python_setup_py']
[1.236s] Level 1:colcon.colcon_core.package_identification:_identify(workspace/ros_ur_driver/src/build/ur_description/CMakeFiles/3.22.1) by extension 'python_setup_py'
[1.236s] Level 1:colcon.colcon_core.package_identification:_identify(workspace/ros_ur_driver/src/build/ur_description/CMakeFiles/3.22.1/CompilerIdC) by extensions ['ignore', 'ignore_ament_install']
[1.236s] Level 1:colcon.colcon_core.package_identification:_identify(workspace/ros_ur_driver/src/build/ur_description/CMakeFiles/3.22.1/CompilerIdC) by extension 'ignore'
[1.237s] Level 1:colcon.colcon_core.package_identification:_identify(workspace/ros_ur_driver/src/build/ur_description/CMakeFiles/3.22.1/CompilerIdC) by extension 'ignore_ament_install'
[1.237s] Level 1:colcon.colcon_core.package_identification:_identify(workspace/ros_ur_driver/src/build/ur_description/CMakeFiles/3.22.1/CompilerIdC) by extensions ['colcon_pkg']
[1.237s] Level 1:colcon.colcon_core.package_identification:_identify(workspace/ros_ur_driver/src/build/ur_description/CMakeFiles/3.22.1/CompilerIdC) by extension 'colcon_pkg'
[1.238s] Level 1:colcon.colcon_core.package_identification:_identify(workspace/ros_ur_driver/src/build/ur_description/CMakeFiles/3.22.1/CompilerIdC) by extensions ['colcon_meta']
[1.238s] Level 1:colcon.colcon_core.package_identification:_identify(workspace/ros_ur_driver/src/build/ur_description/CMakeFiles/3.22.1/CompilerIdC) by extension 'colcon_meta'
[1.238s] Level 1:colcon.colcon_core.package_identification:_identify(workspace/ros_ur_driver/src/build/ur_description/CMakeFiles/3.22.1/CompilerIdC) by extensions ['ros']
[1.238s] Level 1:colcon.colcon_core.package_identification:_identify(workspace/ros_ur_driver/src/build/ur_description/CMakeFiles/3.22.1/CompilerIdC) by extension 'ros'
[1.239s] Level 1:colcon.colcon_core.package_identification:_identify(workspace/ros_ur_driver/src/build/ur_description/CMakeFiles/3.22.1/CompilerIdC) by extensions ['cmake', 'python']
[1.239s] Level 1:colcon.colcon_core.package_identification:_identify(workspace/ros_ur_driver/src/build/ur_description/CMakeFiles/3.22.1/CompilerIdC) by extension 'cmake'
[1.240s] Level 1:colcon.colcon_core.package_identification:_identify(workspace/ros_ur_driver/src/build/ur_description/CMakeFiles/3.22.1/CompilerIdC) by extension 'python'
[1.240s] Level 1:colcon.colcon_core.package_identification:_identify(workspace/ros_ur_driver/src/build/ur_description/CMakeFiles/3.22.1/CompilerIdC) by extensions ['python_setup_py']
[1.240s] Level 1:colcon.colcon_core.package_identification:_identify(workspace/ros_ur_driver/src/build/ur_description/CMakeFiles/3.22.1/CompilerIdC) by extension 'python_setup_py'
[1.240s] Level 1:colcon.colcon_core.package_identification:_identify(workspace/ros_ur_driver/src/build/ur_description/CMakeFiles/3.22.1/CompilerIdC/tmp) by extensions ['ignore', 'ignore_ament_install']
[1.240s] Level 1:colcon.colcon_core.package_identification:_identify(workspace/ros_ur_driver/src/build/ur_description/CMakeFiles/3.22.1/CompilerIdC/tmp) by extension 'ignore'
[1.240s] Level 1:colcon.colcon_core.package_identification:_identify(workspace/ros_ur_driver/src/build/ur_description/CMakeFiles/3.22.1/CompilerIdC/tmp) by extension 'ignore_ament_install'
[1.240s] Level 1:colcon.colcon_core.package_identification:_identify(workspace/ros_ur_driver/src/build/ur_description/CMakeFiles/3.22.1/CompilerIdC/tmp) by extensions ['colcon_pkg']
[1.241s] Level 1:colcon.colcon_core.package_identification:_identify(workspace/ros_ur_driver/src/build/ur_description/CMakeFiles/3.22.1/CompilerIdC/tmp) by extension 'colcon_pkg'
[1.241s] Level 1:colcon.colcon_core.package_identification:_identify(workspace/ros_ur_driver/src/build/ur_description/CMakeFiles/3.22.1/CompilerIdC/tmp) by extensions ['colcon_meta']
[1.241s] Level 1:colcon.colcon_core.package_identification:_identify(workspace/ros_ur_driver/src/build/ur_description/CMakeFiles/3.22.1/CompilerIdC/tmp) by extension 'colcon_meta'
[1.241s] Level 1:colcon.colcon_core.package_identification:_identify(workspace/ros_ur_driver/src/build/ur_description/CMakeFiles/3.22.1/CompilerIdC/tmp) by extensions ['ros']
[1.241s] Level 1:colcon.colcon_core.package_identification:_identify(workspace/ros_ur_driver/src/build/ur_description/CMakeFiles/3.22.1/CompilerIdC/tmp) by extension 'ros'
[1.241s] Level 1:colcon.colcon_core.package_identification:_identify(workspace/ros_ur_driver/src/build/ur_description/CMakeFiles/3.22.1/CompilerIdC/tmp) by extensions ['cmake', 'python']
[1.241s] Level 1:colcon.colcon_core.package_identification:_identify(workspace/ros_ur_driver/src/build/ur_description/CMakeFiles/3.22.1/CompilerIdC/tmp) by extension 'cmake'
[1.245s] Level 1:colcon.colcon_core.package_identification:_identify(workspace/ros_ur_driver/src/build/ur_description/CMakeFiles/3.22.1/CompilerIdC/tmp) by extension 'python'
[1.245s] Level 1:colcon.colcon_core.package_identification:_identify(workspace/ros_ur_driver/src/build/ur_description/CMakeFiles/3.22.1/CompilerIdC/tmp) by extensions ['python_setup_py']
[1.245s] Level 1:colcon.colcon_core.package_identification:_identify(workspace/ros_ur_driver/src/build/ur_description/CMakeFiles/3.22.1/CompilerIdC/tmp) by extension 'python_setup_py'
[1.245s] Level 1:colcon.colcon_core.package_identification:_identify(workspace/ros_ur_driver/src/build/ur_description/CMakeFiles/3.22.1/CompilerIdCXX) by extensions ['ignore', 'ignore_ament_install']
[1.245s] Level 1:colcon.colcon_core.package_identification:_identify(workspace/ros_ur_driver/src/build/ur_description/CMakeFiles/3.22.1/CompilerIdCXX) by extension 'ignore'
[1.245s] Level 1:colcon.colcon_core.package_identification:_identify(workspace/ros_ur_driver/src/build/ur_description/CMakeFiles/3.22.1/CompilerIdCXX) by extension 'ignore_ament_install'
[1.245s] Level 1:colcon.colcon_core.package_identification:_identify(workspace/ros_ur_driver/src/build/ur_description/CMakeFiles/3.22.1/CompilerIdCXX) by extensions ['colcon_pkg']
[1.245s] Level 1:colcon.colcon_core.package_identification:_identify(workspace/ros_ur_driver/src/build/ur_description/CMakeFiles/3.22.1/CompilerIdCXX) by extension 'colcon_pkg'
[1.245s] Level 1:colcon.colcon_core.package_identification:_identify(workspace/ros_ur_driver/src/build/ur_description/CMakeFiles/3.22.1/CompilerIdCXX) by extensions ['colcon_meta']
[1.245s] Level 1:colcon.colcon_core.package_identification:_identify(workspace/ros_ur_driver/src/build/ur_description/CMakeFiles/3.22.1/CompilerIdCXX) by extension 'colcon_meta'
[1.245s] Level 1:colcon.colcon_core.package_identification:_identify(workspace/ros_ur_driver/src/build/ur_description/CMakeFiles/3.22.1/CompilerIdCXX) by extensions ['ros']
[1.246s] Level 1:colcon.colcon_core.package_identification:_identify(workspace/ros_ur_driver/src/build/ur_description/CMakeFiles/3.22.1/CompilerIdCXX) by extension 'ros'
[1.246s] Level 1:colcon.colcon_core.package_identification:_identify(workspace/ros_ur_driver/src/build/ur_description/CMakeFiles/3.22.1/CompilerIdCXX) by extensions ['cmake', 'python']
[1.246s] Level 1:colcon.colcon_core.package_identification:_identify(workspace/ros_ur_driver/src/build/ur_description/CMakeFiles/3.22.1/CompilerIdCXX) by extension 'cmake'
[1.246s] Level 1:colcon.colcon_core.package_identification:_identify(workspace/ros_ur_driver/src/build/ur_description/CMakeFiles/3.22.1/CompilerIdCXX) by extension 'python'
[1.246s] Level 1:colcon.colcon_core.package_identification:_identify(workspace/ros_ur_driver/src/build/ur_description/CMakeFiles/3.22.1/CompilerIdCXX) by extensions ['python_setup_py']
[1.248s] Level 1:colcon.colcon_core.package_identification:_identify(workspace/ros_ur_driver/src/build/ur_description/CMakeFiles/3.22.1/CompilerIdCXX) by extension 'python_setup_py'
[1.251s] Level 1:colcon.colcon_core.package_identification:_identify(workspace/ros_ur_driver/src/build/ur_description/CMakeFiles/3.22.1/CompilerIdCXX/tmp) by extensions ['ignore', 'ignore_ament_install']
[1.251s] Level 1:colcon.colcon_core.package_identification:_identify(workspace/ros_ur_driver/src/build/ur_description/CMakeFiles/3.22.1/CompilerIdCXX/tmp) by extension 'ignore'
[1.251s] Level 1:colcon.colcon_core.package_identification:_identify(workspace/ros_ur_driver/src/build/ur_description/CMakeFiles/3.22.1/CompilerIdCXX/tmp) by extension 'ignore_ament_install'
[1.251s] Level 1:colcon.colcon_core.package_identification:_identify(workspace/ros_ur_driver/src/build/ur_description/CMakeFiles/3.22.1/CompilerIdCXX/tmp) by extensions ['colcon_pkg']
[1.251s] Level 1:colcon.colcon_core.package_identification:_identify(workspace/ros_ur_driver/src/build/ur_description/CMakeFiles/3.22.1/CompilerIdCXX/tmp) by extension 'colcon_pkg'
[1.251s] Level 1:colcon.colcon_core.package_identification:_identify(workspace/ros_ur_driver/src/build/ur_description/CMakeFiles/3.22.1/CompilerIdCXX/tmp) by extensions ['colcon_meta']
[1.251s] Level 1:colcon.colcon_core.package_identification:_identify(workspace/ros_ur_driver/src/build/ur_description/CMakeFiles/3.22.1/CompilerIdCXX/tmp) by extension 'colcon_meta'
[1.252s] Level 1:colcon.colcon_core.package_identification:_identify(workspace/ros_ur_driver/src/build/ur_description/CMakeFiles/3.22.1/CompilerIdCXX/tmp) by extensions ['ros']
[1.252s] Level 1:colcon.colcon_core.package_identification:_identify(workspace/ros_ur_driver/src/build/ur_description/CMakeFiles/3.22.1/CompilerIdCXX/tmp) by extension 'ros'
[1.252s] Level 1:colcon.colcon_core.package_identification:_identify(workspace/ros_ur_driver/src/build/ur_description/CMakeFiles/3.22.1/CompilerIdCXX/tmp) by extensions ['cmake', 'python']
[1.252s] Level 1:colcon.colcon_core.package_identification:_identify(workspace/ros_ur_driver/src/build/ur_description/CMakeFiles/3.22.1/CompilerIdCXX/tmp) by extension 'cmake'
[1.252s] Level 1:colcon.colcon_core.package_identification:_identify(workspace/ros_ur_driver/src/build/ur_description/CMakeFiles/3.22.1/CompilerIdCXX/tmp) by extension 'python'
[1.252s] Level 1:colcon.colcon_core.package_identification:_identify(workspace/ros_ur_driver/src/build/ur_description/CMakeFiles/3.22.1/CompilerIdCXX/tmp) by extensions ['python_setup_py']
[1.253s] Level 1:colcon.colcon_core.package_identification:_identify(workspace/ros_ur_driver/src/build/ur_description/CMakeFiles/3.22.1/CompilerIdCXX/tmp) by extension 'python_setup_py'
[1.253s] Level 1:colcon.colcon_core.package_identification:_identify(workspace/ros_ur_driver/src/build/ur_description/CMakeFiles/CMakeTmp) by extensions ['ignore', 'ignore_ament_install']
[1.257s] Level 1:colcon.colcon_core.package_identification:_identify(workspace/ros_ur_driver/src/build/ur_description/CMakeFiles/CMakeTmp) by extension 'ignore'
[1.257s] Level 1:colcon.colcon_core.package_identification:_identify(workspace/ros_ur_driver/src/build/ur_description/CMakeFiles/CMakeTmp) by extension 'ignore_ament_install'
[1.257s] Level 1:colcon.colcon_core.package_identification:_identify(workspace/ros_ur_driver/src/build/ur_description/CMakeFiles/CMakeTmp) by extensions ['colcon_pkg']
[1.257s] Level 1:colcon.colcon_core.package_identification:_identify(workspace/ros_ur_driver/src/build/ur_description/CMakeFiles/CMakeTmp) by extension 'colcon_pkg'
[1.257s] Level 1:colcon.colcon_core.package_identification:_identify(workspace/ros_ur_driver/src/build/ur_description/CMakeFiles/CMakeTmp) by extensions ['colcon_meta']
[1.257s] Level 1:colcon.colcon_core.package_identification:_identify(workspace/ros_ur_driver/src/build/ur_description/CMakeFiles/CMakeTmp) by extension 'colcon_meta'
[1.257s] Level 1:colcon.colcon_core.package_identification:_identify(workspace/ros_ur_driver/src/build/ur_description/CMakeFiles/CMakeTmp) by extensions ['ros']
[1.257s] Level 1:colcon.colcon_core.package_identification:_identify(workspace/ros_ur_driver/src/build/ur_description/CMakeFiles/CMakeTmp) by extension 'ros'
[1.257s] Level 1:colcon.colcon_core.package_identification:_identify(workspace/ros_ur_driver/src/build/ur_description/CMakeFiles/CMakeTmp) by extensions ['cmake', 'python']
[1.258s] Level 1:colcon.colcon_core.package_identification:_identify(workspace/ros_ur_driver/src/build/ur_description/CMakeFiles/CMakeTmp) by extension 'cmake'
[1.258s] Level 1:colcon.colcon_core.package_identification:_identify(workspace/ros_ur_driver/src/build/ur_description/CMakeFiles/CMakeTmp) by extension 'python'
[1.258s] Level 1:colcon.colcon_core.package_identification:_identify(workspace/ros_ur_driver/src/build/ur_description/CMakeFiles/CMakeTmp) by extensions ['python_setup_py']
[1.258s] Level 1:colcon.colcon_core.package_identification:_identify(workspace/ros_ur_driver/src/build/ur_description/CMakeFiles/CMakeTmp) by extension 'python_setup_py'
[1.258s] Level 1:colcon.colcon_core.package_identification:_identify(workspace/ros_ur_driver/src/build/ur_moveit_config) by extensions ['ignore', 'ignore_ament_install']
[1.260s] Level 1:colcon.colcon_core.package_identification:_identify(workspace/ros_ur_driver/src/build/ur_moveit_config) by extension 'ignore'
[1.262s] Level 1:colcon.colcon_core.package_identification:_identify(workspace/ros_ur_driver/src/build/ur_moveit_config) by extension 'ignore_ament_install'
[1.262s] Level 1:colcon.colcon_core.package_identification:_identify(workspace/ros_ur_driver/src/build/ur_moveit_config) by extensions ['colcon_pkg']
[1.262s] Level 1:colcon.colcon_core.package_identification:_identify(workspace/ros_ur_driver/src/build/ur_moveit_config) by extension 'colcon_pkg'
[1.262s] Level 1:colcon.colcon_core.package_identification:_identify(workspace/ros_ur_driver/src/build/ur_moveit_config) by extensions ['colcon_meta']
[1.262s] Level 1:colcon.colcon_core.package_identification:_identify(workspace/ros_ur_driver/src/build/ur_moveit_config) by extension 'colcon_meta'
[1.264s] Level 1:colcon.colcon_core.package_identification:_identify(workspace/ros_ur_driver/src/build/ur_moveit_config) by extensions ['ros']
[1.264s] Level 1:colcon.colcon_core.package_identification:_identify(workspace/ros_ur_driver/src/build/ur_moveit_config) by extension 'ros'
[1.265s] Level 1:colcon.colcon_core.package_identification:_identify(workspace/ros_ur_driver/src/build/ur_moveit_config) by extensions ['cmake', 'python']
[1.265s] Level 1:colcon.colcon_core.package_identification:_identify(workspace/ros_ur_driver/src/build/ur_moveit_config) by extension 'cmake'
[1.265s] Level 1:colcon.colcon_core.package_identification:_identify(workspace/ros_ur_driver/src/build/ur_moveit_config) by extension 'python'
[1.265s] Level 1:colcon.colcon_core.package_identification:_identify(workspace/ros_ur_driver/src/build/ur_moveit_config) by extensions ['python_setup_py']
[1.266s] Level 1:colcon.colcon_core.package_identification:_identify(workspace/ros_ur_driver/src/build/ur_moveit_config) by extension 'python_setup_py'
[1.266s] Level 1:colcon.colcon_core.package_identification:_identify(workspace/ros_ur_driver/src/build/ur_moveit_config/CMakeFiles) by extensions ['ignore', 'ignore_ament_install']
[1.266s] Level 1:colcon.colcon_core.package_identification:_identify(workspace/ros_ur_driver/src/build/ur_moveit_config/CMakeFiles) by extension 'ignore'
[1.266s] Level 1:colcon.colcon_core.package_identification:_identify(workspace/ros_ur_driver/src/build/ur_moveit_config/CMakeFiles) by extension 'ignore_ament_install'
[1.266s] Level 1:colcon.colcon_core.package_identification:_identify(workspace/ros_ur_driver/src/build/ur_moveit_config/CMakeFiles) by extensions ['colcon_pkg']
[1.266s] Level 1:colcon.colcon_core.package_identification:_identify(workspace/ros_ur_driver/src/build/ur_moveit_config/CMakeFiles) by extension 'colcon_pkg'
[1.266s] Level 1:colcon.colcon_core.package_identification:_identify(workspace/ros_ur_driver/src/build/ur_moveit_config/CMakeFiles) by extensions ['colcon_meta']
[1.267s] Level 1:colcon.colcon_core.package_identification:_identify(workspace/ros_ur_driver/src/build/ur_moveit_config/CMakeFiles) by extension 'colcon_meta'
[1.267s] Level 1:colcon.colcon_core.package_identification:_identify(workspace/ros_ur_driver/src/build/ur_moveit_config/CMakeFiles) by extensions ['ros']
[1.267s] Level 1:colcon.colcon_core.package_identification:_identify(workspace/ros_ur_driver/src/build/ur_moveit_config/CMakeFiles) by extension 'ros'
[1.268s] Level 1:colcon.colcon_core.package_identification:_identify(workspace/ros_ur_driver/src/build/ur_moveit_config/CMakeFiles) by extensions ['cmake', 'python']
[1.269s] Level 1:colcon.colcon_core.package_identification:_identify(workspace/ros_ur_driver/src/build/ur_moveit_config/CMakeFiles) by extension 'cmake'
[1.269s] Level 1:colcon.colcon_core.package_identification:_identify(workspace/ros_ur_driver/src/build/ur_moveit_config/CMakeFiles) by extension 'python'
[1.269s] Level 1:colcon.colcon_core.package_identification:_identify(workspace/ros_ur_driver/src/build/ur_moveit_config/CMakeFiles) by extensions ['python_setup_py']
[1.269s] Level 1:colcon.colcon_core.package_identification:_identify(workspace/ros_ur_driver/src/build/ur_moveit_config/CMakeFiles) by extension 'python_setup_py'
[1.270s] Level 1:colcon.colcon_core.package_identification:_identify(workspace/ros_ur_driver/src/build/ur_moveit_config/CMakeFiles/3.22.1) by extensions ['ignore', 'ignore_ament_install']
[1.270s] Level 1:colcon.colcon_core.package_identification:_identify(workspace/ros_ur_driver/src/build/ur_moveit_config/CMakeFiles/3.22.1) by extension 'ignore'
[1.272s] Level 1:colcon.colcon_core.package_identification:_identify(workspace/ros_ur_driver/src/build/ur_moveit_config/CMakeFiles/3.22.1) by extension 'ignore_ament_install'
[1.273s] Level 1:colcon.colcon_core.package_identification:_identify(workspace/ros_ur_driver/src/build/ur_moveit_config/CMakeFiles/3.22.1) by extensions ['colcon_pkg']
[1.273s] Level 1:colcon.colcon_core.package_identification:_identify(workspace/ros_ur_driver/src/build/ur_moveit_config/CMakeFiles/3.22.1) by extension 'colcon_pkg'
[1.273s] Level 1:colcon.colcon_core.package_identification:_identify(workspace/ros_ur_driver/src/build/ur_moveit_config/CMakeFiles/3.22.1) by extensions ['colcon_meta']
[1.274s] Level 1:colcon.colcon_core.package_identification:_identify(workspace/ros_ur_driver/src/build/ur_moveit_config/CMakeFiles/3.22.1) by extension 'colcon_meta'
[1.274s] Level 1:colcon.colcon_core.package_identification:_identify(workspace/ros_ur_driver/src/build/ur_moveit_config/CMakeFiles/3.22.1) by extensions ['ros']
[1.274s] Level 1:colcon.colcon_core.package_identification:_identify(workspace/ros_ur_driver/src/build/ur_moveit_config/CMakeFiles/3.22.1) by extension 'ros'
[1.276s] Level 1:colcon.colcon_core.package_identification:_identify(workspace/ros_ur_driver/src/build/ur_moveit_config/CMakeFiles/3.22.1) by extensions ['cmake', 'python']
[1.276s] Level 1:colcon.colcon_core.package_identification:_identify(workspace/ros_ur_driver/src/build/ur_moveit_config/CMakeFiles/3.22.1) by extension 'cmake'
[1.276s] Level 1:colcon.colcon_core.package_identification:_identify(workspace/ros_ur_driver/src/build/ur_moveit_config/CMakeFiles/3.22.1) by extension 'python'
[1.277s] Level 1:colcon.colcon_core.package_identification:_identify(workspace/ros_ur_driver/src/build/ur_moveit_config/CMakeFiles/3.22.1) by extensions ['python_setup_py']
[1.277s] Level 1:colcon.colcon_core.package_identification:_identify(workspace/ros_ur_driver/src/build/ur_moveit_config/CMakeFiles/3.22.1) by extension 'python_setup_py'
[1.277s] Level 1:colcon.colcon_core.package_identification:_identify(workspace/ros_ur_driver/src/build/ur_moveit_config/CMakeFiles/3.22.1/CompilerIdC) by extensions ['ignore', 'ignore_ament_install']
[1.277s] Level 1:colcon.colcon_core.package_identification:_identify(workspace/ros_ur_driver/src/build/ur_moveit_config/CMakeFiles/3.22.1/CompilerIdC) by extension 'ignore'
[1.277s] Level 1:colcon.colcon_core.package_identification:_identify(workspace/ros_ur_driver/src/build/ur_moveit_config/CMakeFiles/3.22.1/CompilerIdC) by extension 'ignore_ament_install'
[1.278s] Level 1:colcon.colcon_core.package_identification:_identify(workspace/ros_ur_driver/src/build/ur_moveit_config/CMakeFiles/3.22.1/CompilerIdC) by extensions ['colcon_pkg']
[1.279s] Level 1:colcon.colcon_core.package_identification:_identify(workspace/ros_ur_driver/src/build/ur_moveit_config/CMakeFiles/3.22.1/CompilerIdC) by extension 'colcon_pkg'
[1.279s] Level 1:colcon.colcon_core.package_identification:_identify(workspace/ros_ur_driver/src/build/ur_moveit_config/CMakeFiles/3.22.1/CompilerIdC) by extensions ['colcon_meta']
[1.279s] Level 1:colcon.colcon_core.package_identification:_identify(workspace/ros_ur_driver/src/build/ur_moveit_config/CMakeFiles/3.22.1/CompilerIdC) by extension 'colcon_meta'
[1.280s] Level 1:colcon.colcon_core.package_identification:_identify(workspace/ros_ur_driver/src/build/ur_moveit_config/CMakeFiles/3.22.1/CompilerIdC) by extensions ['ros']
[1.280s] Level 1:colcon.colcon_core.package_identification:_identify(workspace/ros_ur_driver/src/build/ur_moveit_config/CMakeFiles/3.22.1/CompilerIdC) by extension 'ros'
[1.280s] Level 1:colcon.colcon_core.package_identification:_identify(workspace/ros_ur_driver/src/build/ur_moveit_config/CMakeFiles/3.22.1/CompilerIdC) by extensions ['cmake', 'python']
[1.280s] Level 1:colcon.colcon_core.package_identification:_identify(workspace/ros_ur_driver/src/build/ur_moveit_config/CMakeFiles/3.22.1/CompilerIdC) by extension 'cmake'
[1.281s] Level 1:colcon.colcon_core.package_identification:_identify(workspace/ros_ur_driver/src/build/ur_moveit_config/CMakeFiles/3.22.1/CompilerIdC) by extension 'python'
[1.281s] Level 1:colcon.colcon_core.package_identification:_identify(workspace/ros_ur_driver/src/build/ur_moveit_config/CMakeFiles/3.22.1/CompilerIdC) by extensions ['python_setup_py']
[1.281s] Level 1:colcon.colcon_core.package_identification:_identify(workspace/ros_ur_driver/src/build/ur_moveit_config/CMakeFiles/3.22.1/CompilerIdC) by extension 'python_setup_py'
[1.283s] Level 1:colcon.colcon_core.package_identification:_identify(workspace/ros_ur_driver/src/build/ur_moveit_config/CMakeFiles/3.22.1/CompilerIdC/tmp) by extensions ['ignore', 'ignore_ament_install']
[1.283s] Level 1:colcon.colcon_core.package_identification:_identify(workspace/ros_ur_driver/src/build/ur_moveit_config/CMakeFiles/3.22.1/CompilerIdC/tmp) by extension 'ignore'
[1.283s] Level 1:colcon.colcon_core.package_identification:_identify(workspace/ros_ur_driver/src/build/ur_moveit_config/CMakeFiles/3.22.1/CompilerIdC/tmp) by extension 'ignore_ament_install'
[1.284s] Level 1:colcon.colcon_core.package_identification:_identify(workspace/ros_ur_driver/src/build/ur_moveit_config/CMakeFiles/3.22.1/CompilerIdC/tmp) by extensions ['colcon_pkg']
[1.284s] Level 1:colcon.colcon_core.package_identification:_identify(workspace/ros_ur_driver/src/build/ur_moveit_config/CMakeFiles/3.22.1/CompilerIdC/tmp) by extension 'colcon_pkg'
[1.284s] Level 1:colcon.colcon_core.package_identification:_identify(workspace/ros_ur_driver/src/build/ur_moveit_config/CMakeFiles/3.22.1/CompilerIdC/tmp) by extensions ['colcon_meta']
[1.284s] Level 1:colcon.colcon_core.package_identification:_identify(workspace/ros_ur_driver/src/build/ur_moveit_config/CMakeFiles/3.22.1/CompilerIdC/tmp) by extension 'colcon_meta'
[1.284s] Level 1:colcon.colcon_core.package_identification:_identify(workspace/ros_ur_driver/src/build/ur_moveit_config/CMakeFiles/3.22.1/CompilerIdC/tmp) by extensions ['ros']
[1.284s] Level 1:colcon.colcon_core.package_identification:_identify(workspace/ros_ur_driver/src/build/ur_moveit_config/CMakeFiles/3.22.1/CompilerIdC/tmp) by extension 'ros'
[1.284s] Level 1:colcon.colcon_core.package_identification:_identify(workspace/ros_ur_driver/src/build/ur_moveit_config/CMakeFiles/3.22.1/CompilerIdC/tmp) by extensions ['cmake', 'python']
[1.286s] Level 1:colcon.colcon_core.package_identification:_identify(workspace/ros_ur_driver/src/build/ur_moveit_config/CMakeFiles/3.22.1/CompilerIdC/tmp) by extension 'cmake'
[1.286s] Level 1:colcon.colcon_core.package_identification:_identify(workspace/ros_ur_driver/src/build/ur_moveit_config/CMakeFiles/3.22.1/CompilerIdC/tmp) by extension 'python'
[1.287s] Level 1:colcon.colcon_core.package_identification:_identify(workspace/ros_ur_driver/src/build/ur_moveit_config/CMakeFiles/3.22.1/CompilerIdC/tmp) by extensions ['python_setup_py']
[1.287s] Level 1:colcon.colcon_core.package_identification:_identify(workspace/ros_ur_driver/src/build/ur_moveit_config/CMakeFiles/3.22.1/CompilerIdC/tmp) by extension 'python_setup_py'
[1.288s] Level 1:colcon.colcon_core.package_identification:_identify(workspace/ros_ur_driver/src/build/ur_moveit_config/CMakeFiles/3.22.1/CompilerIdCXX) by extensions ['ignore', 'ignore_ament_install']
[1.288s] Level 1:colcon.colcon_core.package_identification:_identify(workspace/ros_ur_driver/src/build/ur_moveit_config/CMakeFiles/3.22.1/CompilerIdCXX) by extension 'ignore'
[1.288s] Level 1:colcon.colcon_core.package_identification:_identify(workspace/ros_ur_driver/src/build/ur_moveit_config/CMakeFiles/3.22.1/CompilerIdCXX) by extension 'ignore_ament_install'
[1.289s] Level 1:colcon.colcon_core.package_identification:_identify(workspace/ros_ur_driver/src/build/ur_moveit_config/CMakeFiles/3.22.1/CompilerIdCXX) by extensions ['colcon_pkg']
[1.290s] Level 1:colcon.colcon_core.package_identification:_identify(workspace/ros_ur_driver/src/build/ur_moveit_config/CMakeFiles/3.22.1/CompilerIdCXX) by extension 'colcon_pkg'
[1.290s] Level 1:colcon.colcon_core.package_identification:_identify(workspace/ros_ur_driver/src/build/ur_moveit_config/CMakeFiles/3.22.1/CompilerIdCXX) by extensions ['colcon_meta']
[1.290s] Level 1:colcon.colcon_core.package_identification:_identify(workspace/ros_ur_driver/src/build/ur_moveit_config/CMakeFiles/3.22.1/CompilerIdCXX) by extension 'colcon_meta'
[1.290s] Level 1:colcon.colcon_core.package_identification:_identify(workspace/ros_ur_driver/src/build/ur_moveit_config/CMakeFiles/3.22.1/CompilerIdCXX) by extensions ['ros']
[1.290s] Level 1:colcon.colcon_core.package_identification:_identify(workspace/ros_ur_driver/src/build/ur_moveit_config/CMakeFiles/3.22.1/CompilerIdCXX) by extension 'ros'
[1.290s] Level 1:colcon.colcon_core.package_identification:_identify(workspace/ros_ur_driver/src/build/ur_moveit_config/CMakeFiles/3.22.1/CompilerIdCXX) by extensions ['cmake', 'python']
[1.293s] Level 1:colcon.colcon_core.package_identification:_identify(workspace/ros_ur_driver/src/build/ur_moveit_config/CMakeFiles/3.22.1/CompilerIdCXX) by extension 'cmake'
[1.293s] Level 1:colcon.colcon_core.package_identification:_identify(workspace/ros_ur_driver/src/build/ur_moveit_config/CMakeFiles/3.22.1/CompilerIdCXX) by extension 'python'
[1.293s] Level 1:colcon.colcon_core.package_identification:_identify(workspace/ros_ur_driver/src/build/ur_moveit_config/CMakeFiles/3.22.1/CompilerIdCXX) by extensions ['python_setup_py']
[1.293s] Level 1:colcon.colcon_core.package_identification:_identify(workspace/ros_ur_driver/src/build/ur_moveit_config/CMakeFiles/3.22.1/CompilerIdCXX) by extension 'python_setup_py'
[1.294s] Level 1:colcon.colcon_core.package_identification:_identify(workspace/ros_ur_driver/src/build/ur_moveit_config/CMakeFiles/3.22.1/CompilerIdCXX/tmp) by extensions ['ignore', 'ignore_ament_install']
[1.295s] Level 1:colcon.colcon_core.package_identification:_identify(workspace/ros_ur_driver/src/build/ur_moveit_config/CMakeFiles/3.22.1/CompilerIdCXX/tmp) by extension 'ignore'
[1.295s] Level 1:colcon.colcon_core.package_identification:_identify(workspace/ros_ur_driver/src/build/ur_moveit_config/CMakeFiles/3.22.1/CompilerIdCXX/tmp) by extension 'ignore_ament_install'
[1.296s] Level 1:colcon.colcon_core.package_identification:_identify(workspace/ros_ur_driver/src/build/ur_moveit_config/CMakeFiles/3.22.1/CompilerIdCXX/tmp) by extensions ['colcon_pkg']
[1.296s] Level 1:colcon.colcon_core.package_identification:_identify(workspace/ros_ur_driver/src/build/ur_moveit_config/CMakeFiles/3.22.1/CompilerIdCXX/tmp) by extension 'colcon_pkg'
[1.296s] Level 1:colcon.colcon_core.package_identification:_identify(workspace/ros_ur_driver/src/build/ur_moveit_config/CMakeFiles/3.22.1/CompilerIdCXX/tmp) by extensions ['colcon_meta']
[1.297s] Level 1:colcon.colcon_core.package_identification:_identify(workspace/ros_ur_driver/src/build/ur_moveit_config/CMakeFiles/3.22.1/CompilerIdCXX/tmp) by extension 'colcon_meta'
[1.297s] Level 1:colcon.colcon_core.package_identification:_identify(workspace/ros_ur_driver/src/build/ur_moveit_config/CMakeFiles/3.22.1/CompilerIdCXX/tmp) by extensions ['ros']
[1.299s] Level 1:colcon.colcon_core.package_identification:_identify(workspace/ros_ur_driver/src/build/ur_moveit_config/CMakeFiles/3.22.1/CompilerIdCXX/tmp) by extension 'ros'
[1.299s] Level 1:colcon.colcon_core.package_identification:_identify(workspace/ros_ur_driver/src/build/ur_moveit_config/CMakeFiles/3.22.1/CompilerIdCXX/tmp) by extensions ['cmake', 'python']
[1.299s] Level 1:colcon.colcon_core.package_identification:_identify(workspace/ros_ur_driver/src/build/ur_moveit_config/CMakeFiles/3.22.1/CompilerIdCXX/tmp) by extension 'cmake'
[1.299s] Level 1:colcon.colcon_core.package_identification:_identify(workspace/ros_ur_driver/src/build/ur_moveit_config/CMakeFiles/3.22.1/CompilerIdCXX/tmp) by extension 'python'
[1.299s] Level 1:colcon.colcon_core.package_identification:_identify(workspace/ros_ur_driver/src/build/ur_moveit_config/CMakeFiles/3.22.1/CompilerIdCXX/tmp) by extensions ['python_setup_py']
[1.299s] Level 1:colcon.colcon_core.package_identification:_identify(workspace/ros_ur_driver/src/build/ur_moveit_config/CMakeFiles/3.22.1/CompilerIdCXX/tmp) by extension 'python_setup_py'
[1.299s] Level 1:colcon.colcon_core.package_identification:_identify(workspace/ros_ur_driver/src/build/ur_moveit_config/CMakeFiles/CMakeTmp) by extensions ['ignore', 'ignore_ament_install']
[1.300s] Level 1:colcon.colcon_core.package_identification:_identify(workspace/ros_ur_driver/src/build/ur_moveit_config/CMakeFiles/CMakeTmp) by extension 'ignore'
[1.300s] Level 1:colcon.colcon_core.package_identification:_identify(workspace/ros_ur_driver/src/build/ur_moveit_config/CMakeFiles/CMakeTmp) by extension 'ignore_ament_install'
[1.300s] Level 1:colcon.colcon_core.package_identification:_identify(workspace/ros_ur_driver/src/build/ur_moveit_config/CMakeFiles/CMakeTmp) by extensions ['colcon_pkg']
[1.300s] Level 1:colcon.colcon_core.package_identification:_identify(workspace/ros_ur_driver/src/build/ur_moveit_config/CMakeFiles/CMakeTmp) by extension 'colcon_pkg'
[1.300s] Level 1:colcon.colcon_core.package_identification:_identify(workspace/ros_ur_driver/src/build/ur_moveit_config/CMakeFiles/CMakeTmp) by extensions ['colcon_meta']
[1.300s] Level 1:colcon.colcon_core.package_identification:_identify(workspace/ros_ur_driver/src/build/ur_moveit_config/CMakeFiles/CMakeTmp) by extension 'colcon_meta'
[1.300s] Level 1:colcon.colcon_core.package_identification:_identify(workspace/ros_ur_driver/src/build/ur_moveit_config/CMakeFiles/CMakeTmp) by extensions ['ros']
[1.300s] Level 1:colcon.colcon_core.package_identification:_identify(workspace/ros_ur_driver/src/build/ur_moveit_config/CMakeFiles/CMakeTmp) by extension 'ros'
[1.300s] Level 1:colcon.colcon_core.package_identification:_identify(workspace/ros_ur_driver/src/build/ur_moveit_config/CMakeFiles/CMakeTmp) by extensions ['cmake', 'python']
[1.300s] Level 1:colcon.colcon_core.package_identification:_identify(workspace/ros_ur_driver/src/build/ur_moveit_config/CMakeFiles/CMakeTmp) by extension 'cmake'
[1.300s] Level 1:colcon.colcon_core.package_identification:_identify(workspace/ros_ur_driver/src/build/ur_moveit_config/CMakeFiles/CMakeTmp) by extension 'python'
[1.300s] Level 1:colcon.colcon_core.package_identification:_identify(workspace/ros_ur_driver/src/build/ur_moveit_config/CMakeFiles/CMakeTmp) by extensions ['python_setup_py']
[1.300s] Level 1:colcon.colcon_core.package_identification:_identify(workspace/ros_ur_driver/src/build/ur_moveit_config/CMakeFiles/CMakeTmp) by extension 'python_setup_py'
[1.302s] Level 1:colcon.colcon_core.package_identification:_identify(workspace/ros_ur_driver/src/build/ur_robot_driver) by extensions ['ignore', 'ignore_ament_install']
[1.302s] Level 1:colcon.colcon_core.package_identification:_identify(workspace/ros_ur_driver/src/build/ur_robot_driver) by extension 'ignore'
[1.302s] Level 1:colcon.colcon_core.package_identification:_identify(workspace/ros_ur_driver/src/build/ur_robot_driver) by extension 'ignore_ament_install'
[1.304s] Level 1:colcon.colcon_core.package_identification:_identify(workspace/ros_ur_driver/src/build/ur_robot_driver) by extensions ['colcon_pkg']
[1.304s] Level 1:colcon.colcon_core.package_identification:_identify(workspace/ros_ur_driver/src/build/ur_robot_driver) by extension 'colcon_pkg'
[1.304s] Level 1:colcon.colcon_core.package_identification:_identify(workspace/ros_ur_driver/src/build/ur_robot_driver) by extensions ['colcon_meta']
[1.304s] Level 1:colcon.colcon_core.package_identification:_identify(workspace/ros_ur_driver/src/build/ur_robot_driver) by extension 'colcon_meta'
[1.304s] Level 1:colcon.colcon_core.package_identification:_identify(workspace/ros_ur_driver/src/build/ur_robot_driver) by extensions ['ros']
[1.304s] Level 1:colcon.colcon_core.package_identification:_identify(workspace/ros_ur_driver/src/build/ur_robot_driver) by extension 'ros'
[1.304s] Level 1:colcon.colcon_core.package_identification:_identify(workspace/ros_ur_driver/src/build/ur_robot_driver) by extensions ['cmake', 'python']
[1.304s] Level 1:colcon.colcon_core.package_identification:_identify(workspace/ros_ur_driver/src/build/ur_robot_driver) by extension 'cmake'
[1.304s] Level 1:colcon.colcon_core.package_identification:_identify(workspace/ros_ur_driver/src/build/ur_robot_driver) by extension 'python'
[1.305s] Level 1:colcon.colcon_core.package_identification:_identify(workspace/ros_ur_driver/src/build/ur_robot_driver) by extensions ['python_setup_py']
[1.306s] Level 1:colcon.colcon_core.package_identification:_identify(workspace/ros_ur_driver/src/build/ur_robot_driver) by extension 'python_setup_py'
[1.307s] Level 1:colcon.colcon_core.package_identification:_identify(workspace/ros_ur_driver/src/build/ur_robot_driver/CMakeFiles) by extensions ['ignore', 'ignore_ament_install']
[1.312s] Level 1:colcon.colcon_core.package_identification:_identify(workspace/ros_ur_driver/src/build/ur_robot_driver/CMakeFiles) by extension 'ignore'
[1.312s] Level 1:colcon.colcon_core.package_identification:_identify(workspace/ros_ur_driver/src/build/ur_robot_driver/CMakeFiles) by extension 'ignore_ament_install'
[1.312s] Level 1:colcon.colcon_core.package_identification:_identify(workspace/ros_ur_driver/src/build/ur_robot_driver/CMakeFiles) by extensions ['colcon_pkg']
[1.312s] Level 1:colcon.colcon_core.package_identification:_identify(workspace/ros_ur_driver/src/build/ur_robot_driver/CMakeFiles) by extension 'colcon_pkg'
[1.312s] Level 1:colcon.colcon_core.package_identification:_identify(workspace/ros_ur_driver/src/build/ur_robot_driver/CMakeFiles) by extensions ['colcon_meta']
[1.312s] Level 1:colcon.colcon_core.package_identification:_identify(workspace/ros_ur_driver/src/build/ur_robot_driver/CMakeFiles) by extension 'colcon_meta'
[1.312s] Level 1:colcon.colcon_core.package_identification:_identify(workspace/ros_ur_driver/src/build/ur_robot_driver/CMakeFiles) by extensions ['ros']
[1.312s] Level 1:colcon.colcon_core.package_identification:_identify(workspace/ros_ur_driver/src/build/ur_robot_driver/CMakeFiles) by extension 'ros'
[1.313s] Level 1:colcon.colcon_core.package_identification:_identify(workspace/ros_ur_driver/src/build/ur_robot_driver/CMakeFiles) by extensions ['cmake', 'python']
[1.313s] Level 1:colcon.colcon_core.package_identification:_identify(workspace/ros_ur_driver/src/build/ur_robot_driver/CMakeFiles) by extension 'cmake'
[1.313s] Level 1:colcon.colcon_core.package_identification:_identify(workspace/ros_ur_driver/src/build/ur_robot_driver/CMakeFiles) by extension 'python'
[1.313s] Level 1:colcon.colcon_core.package_identification:_identify(workspace/ros_ur_driver/src/build/ur_robot_driver/CMakeFiles) by extensions ['python_setup_py']
[1.313s] Level 1:colcon.colcon_core.package_identification:_identify(workspace/ros_ur_driver/src/build/ur_robot_driver/CMakeFiles) by extension 'python_setup_py'
[1.314s] Level 1:colcon.colcon_core.package_identification:_identify(workspace/ros_ur_driver/src/build/ur_robot_driver/CMakeFiles/3.22.1) by extensions ['ignore', 'ignore_ament_install']
[1.314s] Level 1:colcon.colcon_core.package_identification:_identify(workspace/ros_ur_driver/src/build/ur_robot_driver/CMakeFiles/3.22.1) by extension 'ignore'
[1.314s] Level 1:colcon.colcon_core.package_identification:_identify(workspace/ros_ur_driver/src/build/ur_robot_driver/CMakeFiles/3.22.1) by extension 'ignore_ament_install'
[1.314s] Level 1:colcon.colcon_core.package_identification:_identify(workspace/ros_ur_driver/src/build/ur_robot_driver/CMakeFiles/3.22.1) by extensions ['colcon_pkg']
[1.314s] Level 1:colcon.colcon_core.package_identification:_identify(workspace/ros_ur_driver/src/build/ur_robot_driver/CMakeFiles/3.22.1) by extension 'colcon_pkg'
[1.314s] Level 1:colcon.colcon_core.package_identification:_identify(workspace/ros_ur_driver/src/build/ur_robot_driver/CMakeFiles/3.22.1) by extensions ['colcon_meta']
[1.314s] Level 1:colcon.colcon_core.package_identification:_identify(workspace/ros_ur_driver/src/build/ur_robot_driver/CMakeFiles/3.22.1) by extension 'colcon_meta'
[1.314s] Level 1:colcon.colcon_core.package_identification:_identify(workspace/ros_ur_driver/src/build/ur_robot_driver/CMakeFiles/3.22.1) by extensions ['ros']
[1.316s] Level 1:colcon.colcon_core.package_identification:_identify(workspace/ros_ur_driver/src/build/ur_robot_driver/CMakeFiles/3.22.1) by extension 'ros'
[1.316s] Level 1:colcon.colcon_core.package_identification:_identify(workspace/ros_ur_driver/src/build/ur_robot_driver/CMakeFiles/3.22.1) by extensions ['cmake', 'python']
[1.316s] Level 1:colcon.colcon_core.package_identification:_identify(workspace/ros_ur_driver/src/build/ur_robot_driver/CMakeFiles/3.22.1) by extension 'cmake'
[1.317s] Level 1:colcon.colcon_core.package_identification:_identify(workspace/ros_ur_driver/src/build/ur_robot_driver/CMakeFiles/3.22.1) by extension 'python'
[1.317s] Level 1:colcon.colcon_core.package_identification:_identify(workspace/ros_ur_driver/src/build/ur_robot_driver/CMakeFiles/3.22.1) by extensions ['python_setup_py']
[1.317s] Level 1:colcon.colcon_core.package_identification:_identify(workspace/ros_ur_driver/src/build/ur_robot_driver/CMakeFiles/3.22.1) by extension 'python_setup_py'
[1.317s] Level 1:colcon.colcon_core.package_identification:_identify(workspace/ros_ur_driver/src/build/ur_robot_driver/CMakeFiles/3.22.1/CompilerIdC) by extensions ['ignore', 'ignore_ament_install']
[1.318s] Level 1:colcon.colcon_core.package_identification:_identify(workspace/ros_ur_driver/src/build/ur_robot_driver/CMakeFiles/3.22.1/CompilerIdC) by extension 'ignore'
[1.318s] Level 1:colcon.colcon_core.package_identification:_identify(workspace/ros_ur_driver/src/build/ur_robot_driver/CMakeFiles/3.22.1/CompilerIdC) by extension 'ignore_ament_install'
[1.318s] Level 1:colcon.colcon_core.package_identification:_identify(workspace/ros_ur_driver/src/build/ur_robot_driver/CMakeFiles/3.22.1/CompilerIdC) by extensions ['colcon_pkg']
[1.319s] Level 1:colcon.colcon_core.package_identification:_identify(workspace/ros_ur_driver/src/build/ur_robot_driver/CMakeFiles/3.22.1/CompilerIdC) by extension 'colcon_pkg'
[1.320s] Level 1:colcon.colcon_core.package_identification:_identify(workspace/ros_ur_driver/src/build/ur_robot_driver/CMakeFiles/3.22.1/CompilerIdC) by extensions ['colcon_meta']
[1.320s] Level 1:colcon.colcon_core.package_identification:_identify(workspace/ros_ur_driver/src/build/ur_robot_driver/CMakeFiles/3.22.1/CompilerIdC) by extension 'colcon_meta'
[1.320s] Level 1:colcon.colcon_core.package_identification:_identify(workspace/ros_ur_driver/src/build/ur_robot_driver/CMakeFiles/3.22.1/CompilerIdC) by extensions ['ros']
[1.320s] Level 1:colcon.colcon_core.package_identification:_identify(workspace/ros_ur_driver/src/build/ur_robot_driver/CMakeFiles/3.22.1/CompilerIdC) by extension 'ros'
[1.320s] Level 1:colcon.colcon_core.package_identification:_identify(workspace/ros_ur_driver/src/build/ur_robot_driver/CMakeFiles/3.22.1/CompilerIdC) by extensions ['cmake', 'python']
[1.321s] Level 1:colcon.colcon_core.package_identification:_identify(workspace/ros_ur_driver/src/build/ur_robot_driver/CMakeFiles/3.22.1/CompilerIdC) by extension 'cmake'
[1.321s] Level 1:colcon.colcon_core.package_identification:_identify(workspace/ros_ur_driver/src/build/ur_robot_driver/CMakeFiles/3.22.1/CompilerIdC) by extension 'python'
[1.321s] Level 1:colcon.colcon_core.package_identification:_identify(workspace/ros_ur_driver/src/build/ur_robot_driver/CMakeFiles/3.22.1/CompilerIdC) by extensions ['python_setup_py']
[1.321s] Level 1:colcon.colcon_core.package_identification:_identify(workspace/ros_ur_driver/src/build/ur_robot_driver/CMakeFiles/3.22.1/CompilerIdC) by extension 'python_setup_py'
[1.321s] Level 1:colcon.colcon_core.package_identification:_identify(workspace/ros_ur_driver/src/build/ur_robot_driver/CMakeFiles/3.22.1/CompilerIdC/tmp) by extensions ['ignore', 'ignore_ament_install']
[1.322s] Level 1:colcon.colcon_core.package_identification:_identify(workspace/ros_ur_driver/src/build/ur_robot_driver/CMakeFiles/3.22.1/CompilerIdC/tmp) by extension 'ignore'
[1.323s] Level 1:colcon.colcon_core.package_identification:_identify(workspace/ros_ur_driver/src/build/ur_robot_driver/CMakeFiles/3.22.1/CompilerIdC/tmp) by extension 'ignore_ament_install'
[1.323s] Level 1:colcon.colcon_core.package_identification:_identify(workspace/ros_ur_driver/src/build/ur_robot_driver/CMakeFiles/3.22.1/CompilerIdC/tmp) by extensions ['colcon_pkg']
[1.323s] Level 1:colcon.colcon_core.package_identification:_identify(workspace/ros_ur_driver/src/build/ur_robot_driver/CMakeFiles/3.22.1/CompilerIdC/tmp) by extension 'colcon_pkg'
[1.323s] Level 1:colcon.colcon_core.package_identification:_identify(workspace/ros_ur_driver/src/build/ur_robot_driver/CMakeFiles/3.22.1/CompilerIdC/tmp) by extensions ['colcon_meta']
[1.323s] Level 1:colcon.colcon_core.package_identification:_identify(workspace/ros_ur_driver/src/build/ur_robot_driver/CMakeFiles/3.22.1/CompilerIdC/tmp) by extension 'colcon_meta'
[1.323s] Level 1:colcon.colcon_core.package_identification:_identify(workspace/ros_ur_driver/src/build/ur_robot_driver/CMakeFiles/3.22.1/CompilerIdC/tmp) by extensions ['ros']
[1.323s] Level 1:colcon.colcon_core.package_identification:_identify(workspace/ros_ur_driver/src/build/ur_robot_driver/CMakeFiles/3.22.1/CompilerIdC/tmp) by extension 'ros'
[1.324s] Level 1:colcon.colcon_core.package_identification:_identify(workspace/ros_ur_driver/src/build/ur_robot_driver/CMakeFiles/3.22.1/CompilerIdC/tmp) by extensions ['cmake', 'python']
[1.324s] Level 1:colcon.colcon_core.package_identification:_identify(workspace/ros_ur_driver/src/build/ur_robot_driver/CMakeFiles/3.22.1/CompilerIdC/tmp) by extension 'cmake'
[1.324s] Level 1:colcon.colcon_core.package_identification:_identify(workspace/ros_ur_driver/src/build/ur_robot_driver/CMakeFiles/3.22.1/CompilerIdC/tmp) by extension 'python'
[1.324s] Level 1:colcon.colcon_core.package_identification:_identify(workspace/ros_ur_driver/src/build/ur_robot_driver/CMakeFiles/3.22.1/CompilerIdC/tmp) by extensions ['python_setup_py']
[1.324s] Level 1:colcon.colcon_core.package_identification:_identify(workspace/ros_ur_driver/src/build/ur_robot_driver/CMakeFiles/3.22.1/CompilerIdC/tmp) by extension 'python_setup_py'
[1.325s] Level 1:colcon.colcon_core.package_identification:_identify(workspace/ros_ur_driver/src/build/ur_robot_driver/CMakeFiles/3.22.1/CompilerIdCXX) by extensions ['ignore', 'ignore_ament_install']
[1.325s] Level 1:colcon.colcon_core.package_identification:_identify(workspace/ros_ur_driver/src/build/ur_robot_driver/CMakeFiles/3.22.1/CompilerIdCXX) by extension 'ignore'
[1.326s] Level 1:colcon.colcon_core.package_identification:_identify(workspace/ros_ur_driver/src/build/ur_robot_driver/CMakeFiles/3.22.1/CompilerIdCXX) by extension 'ignore_ament_install'
[1.326s] Level 1:colcon.colcon_core.package_identification:_identify(workspace/ros_ur_driver/src/build/ur_robot_driver/CMakeFiles/3.22.1/CompilerIdCXX) by extensions ['colcon_pkg']
[1.326s] Level 1:colcon.colcon_core.package_identification:_identify(workspace/ros_ur_driver/src/build/ur_robot_driver/CMakeFiles/3.22.1/CompilerIdCXX) by extension 'colcon_pkg'
[1.326s] Level 1:colcon.colcon_core.package_identification:_identify(workspace/ros_ur_driver/src/build/ur_robot_driver/CMakeFiles/3.22.1/CompilerIdCXX) by extensions ['colcon_meta']
[1.326s] Level 1:colcon.colcon_core.package_identification:_identify(workspace/ros_ur_driver/src/build/ur_robot_driver/CMakeFiles/3.22.1/CompilerIdCXX) by extension 'colcon_meta'
[1.326s] Level 1:colcon.colcon_core.package_identification:_identify(workspace/ros_ur_driver/src/build/ur_robot_driver/CMakeFiles/3.22.1/CompilerIdCXX) by extensions ['ros']
[1.326s] Level 1:colcon.colcon_core.package_identification:_identify(workspace/ros_ur_driver/src/build/ur_robot_driver/CMakeFiles/3.22.1/CompilerIdCXX) by extension 'ros'
[1.328s] Level 1:colcon.colcon_core.package_identification:_identify(workspace/ros_ur_driver/src/build/ur_robot_driver/CMakeFiles/3.22.1/CompilerIdCXX) by extensions ['cmake', 'python']
[1.328s] Level 1:colcon.colcon_core.package_identification:_identify(workspace/ros_ur_driver/src/build/ur_robot_driver/CMakeFiles/3.22.1/CompilerIdCXX) by extension 'cmake'
[1.328s] Level 1:colcon.colcon_core.package_identification:_identify(workspace/ros_ur_driver/src/build/ur_robot_driver/CMakeFiles/3.22.1/CompilerIdCXX) by extension 'python'
[1.328s] Level 1:colcon.colcon_core.package_identification:_identify(workspace/ros_ur_driver/src/build/ur_robot_driver/CMakeFiles/3.22.1/CompilerIdCXX) by extensions ['python_setup_py']
[1.328s] Level 1:colcon.colcon_core.package_identification:_identify(workspace/ros_ur_driver/src/build/ur_robot_driver/CMakeFiles/3.22.1/CompilerIdCXX) by extension 'python_setup_py'
[1.329s] Level 1:colcon.colcon_core.package_identification:_identify(workspace/ros_ur_driver/src/build/ur_robot_driver/CMakeFiles/3.22.1/CompilerIdCXX/tmp) by extensions ['ignore', 'ignore_ament_install']
[1.329s] Level 1:colcon.colcon_core.package_identification:_identify(workspace/ros_ur_driver/src/build/ur_robot_driver/CMakeFiles/3.22.1/CompilerIdCXX/tmp) by extension 'ignore'
[1.330s] Level 1:colcon.colcon_core.package_identification:_identify(workspace/ros_ur_driver/src/build/ur_robot_driver/CMakeFiles/3.22.1/CompilerIdCXX/tmp) by extension 'ignore_ament_install'
[1.330s] Level 1:colcon.colcon_core.package_identification:_identify(workspace/ros_ur_driver/src/build/ur_robot_driver/CMakeFiles/3.22.1/CompilerIdCXX/tmp) by extensions ['colcon_pkg']
[1.330s] Level 1:colcon.colcon_core.package_identification:_identify(workspace/ros_ur_driver/src/build/ur_robot_driver/CMakeFiles/3.22.1/CompilerIdCXX/tmp) by extension 'colcon_pkg'
[1.330s] Level 1:colcon.colcon_core.package_identification:_identify(workspace/ros_ur_driver/src/build/ur_robot_driver/CMakeFiles/3.22.1/CompilerIdCXX/tmp) by extensions ['colcon_meta']
[1.330s] Level 1:colcon.colcon_core.package_identification:_identify(workspace/ros_ur_driver/src/build/ur_robot_driver/CMakeFiles/3.22.1/CompilerIdCXX/tmp) by extension 'colcon_meta'
[1.331s] Level 1:colcon.colcon_core.package_identification:_identify(workspace/ros_ur_driver/src/build/ur_robot_driver/CMakeFiles/3.22.1/CompilerIdCXX/tmp) by extensions ['ros']
[1.331s] Level 1:colcon.colcon_core.package_identification:_identify(workspace/ros_ur_driver/src/build/ur_robot_driver/CMakeFiles/3.22.1/CompilerIdCXX/tmp) by extension 'ros'
[1.331s] Level 1:colcon.colcon_core.package_identification:_identify(workspace/ros_ur_driver/src/build/ur_robot_driver/CMakeFiles/3.22.1/CompilerIdCXX/tmp) by extensions ['cmake', 'python']
[1.331s] Level 1:colcon.colcon_core.package_identification:_identify(workspace/ros_ur_driver/src/build/ur_robot_driver/CMakeFiles/3.22.1/CompilerIdCXX/tmp) by extension 'cmake'
[1.331s] Level 1:colcon.colcon_core.package_identification:_identify(workspace/ros_ur_driver/src/build/ur_robot_driver/CMakeFiles/3.22.1/CompilerIdCXX/tmp) by extension 'python'
[1.331s] Level 1:colcon.colcon_core.package_identification:_identify(workspace/ros_ur_driver/src/build/ur_robot_driver/CMakeFiles/3.22.1/CompilerIdCXX/tmp) by extensions ['python_setup_py']
[1.331s] Level 1:colcon.colcon_core.package_identification:_identify(workspace/ros_ur_driver/src/build/ur_robot_driver/CMakeFiles/3.22.1/CompilerIdCXX/tmp) by extension 'python_setup_py'
[1.332s] Level 1:colcon.colcon_core.package_identification:_identify(workspace/ros_ur_driver/src/build/ur_robot_driver/CMakeFiles/CMakeTmp) by extensions ['ignore', 'ignore_ament_install']
[1.332s] Level 1:colcon.colcon_core.package_identification:_identify(workspace/ros_ur_driver/src/build/ur_robot_driver/CMakeFiles/CMakeTmp) by extension 'ignore'
[1.333s] Level 1:colcon.colcon_core.package_identification:_identify(workspace/ros_ur_driver/src/build/ur_robot_driver/CMakeFiles/CMakeTmp) by extension 'ignore_ament_install'
[1.333s] Level 1:colcon.colcon_core.package_identification:_identify(workspace/ros_ur_driver/src/build/ur_robot_driver/CMakeFiles/CMakeTmp) by extensions ['colcon_pkg']
[1.333s] Level 1:colcon.colcon_core.package_identification:_identify(workspace/ros_ur_driver/src/build/ur_robot_driver/CMakeFiles/CMakeTmp) by extension 'colcon_pkg'
[1.333s] Level 1:colcon.colcon_core.package_identification:_identify(workspace/ros_ur_driver/src/build/ur_robot_driver/CMakeFiles/CMakeTmp) by extensions ['colcon_meta']
[1.334s] Level 1:colcon.colcon_core.package_identification:_identify(workspace/ros_ur_driver/src/build/ur_robot_driver/CMakeFiles/CMakeTmp) by extension 'colcon_meta'
[1.334s] Level 1:colcon.colcon_core.package_identification:_identify(workspace/ros_ur_driver/src/build/ur_robot_driver/CMakeFiles/CMakeTmp) by extensions ['ros']
[1.334s] Level 1:colcon.colcon_core.package_identification:_identify(workspace/ros_ur_driver/src/build/ur_robot_driver/CMakeFiles/CMakeTmp) by extension 'ros'
[1.335s] Level 1:colcon.colcon_core.package_identification:_identify(workspace/ros_ur_driver/src/build/ur_robot_driver/CMakeFiles/CMakeTmp) by extensions ['cmake', 'python']
[1.335s] Level 1:colcon.colcon_core.package_identification:_identify(workspace/ros_ur_driver/src/build/ur_robot_driver/CMakeFiles/CMakeTmp) by extension 'cmake'
[1.335s] Level 1:colcon.colcon_core.package_identification:_identify(workspace/ros_ur_driver/src/build/ur_robot_driver/CMakeFiles/CMakeTmp) by extension 'python'
[1.335s] Level 1:colcon.colcon_core.package_identification:_identify(workspace/ros_ur_driver/src/build/ur_robot_driver/CMakeFiles/CMakeTmp) by extensions ['python_setup_py']
[1.335s] Level 1:colcon.colcon_core.package_identification:_identify(workspace/ros_ur_driver/src/build/ur_robot_driver/CMakeFiles/CMakeTmp) by extension 'python_setup_py'
[1.335s] Level 1:colcon.colcon_core.package_identification:_identify(workspace/ros_ur_driver/src/build_platform) by extensions ['ignore', 'ignore_ament_install']
[1.336s] Level 1:colcon.colcon_core.package_identification:_identify(workspace/ros_ur_driver/src/build_platform) by extension 'ignore'
[1.337s] Level 1:colcon.colcon_core.package_identification:_identify(workspace/ros_ur_driver/src/build_platform) by extension 'ignore_ament_install'
[1.337s] Level 1:colcon.colcon_core.package_identification:_identify(workspace/ros_ur_driver/src/build_platform) by extensions ['colcon_pkg']
[1.337s] Level 1:colcon.colcon_core.package_identification:_identify(workspace/ros_ur_driver/src/build_platform) by extension 'colcon_pkg'
[1.337s] Level 1:colcon.colcon_core.package_identification:_identify(workspace/ros_ur_driver/src/build_platform) by extensions ['colcon_meta']
[1.337s] Level 1:colcon.colcon_core.package_identification:_identify(workspace/ros_ur_driver/src/build_platform) by extension 'colcon_meta'
[1.337s] Level 1:colcon.colcon_core.package_identification:_identify(workspace/ros_ur_driver/src/build_platform) by extensions ['ros']
[1.337s] Level 1:colcon.colcon_core.package_identification:_identify(workspace/ros_ur_driver/src/build_platform) by extension 'ros'
[1.339s] DEBUG:colcon.colcon_core.package_identification:Package 'workspace/ros_ur_driver/src/build_platform' with type 'ros.ament_python' and name 'build_platform'
[1.340s] Level 1:colcon.colcon_core.package_identification:_identify(workspace/ros_ur_driver/src/data_logger) by extensions ['ignore', 'ignore_ament_install']
[1.341s] Level 1:colcon.colcon_core.package_identification:_identify(workspace/ros_ur_driver/src/data_logger) by extension 'ignore'
[1.341s] Level 1:colcon.colcon_core.package_identification:_identify(workspace/ros_ur_driver/src/data_logger) by extension 'ignore_ament_install'
[1.341s] Level 1:colcon.colcon_core.package_identification:_identify(workspace/ros_ur_driver/src/data_logger) by extensions ['colcon_pkg']
[1.341s] Level 1:colcon.colcon_core.package_identification:_identify(workspace/ros_ur_driver/src/data_logger) by extension 'colcon_pkg'
[1.341s] Level 1:colcon.colcon_core.package_identification:_identify(workspace/ros_ur_driver/src/data_logger) by extensions ['colcon_meta']
[1.341s] Level 1:colcon.colcon_core.package_identification:_identify(workspace/ros_ur_driver/src/data_logger) by extension 'colcon_meta'
[1.341s] Level 1:colcon.colcon_core.package_identification:_identify(workspace/ros_ur_driver/src/data_logger) by extensions ['ros']
[1.341s] Level 1:colcon.colcon_core.package_identification:_identify(workspace/ros_ur_driver/src/data_logger) by extension 'ros'
[1.344s] DEBUG:colcon.colcon_core.package_identification:Package 'workspace/ros_ur_driver/src/data_logger' with type 'ros.ament_python' and name 'data_logger'
[1.345s] Level 1:colcon.colcon_core.package_identification:_identify(workspace/ros_ur_driver/src/install) by extensions ['ignore', 'ignore_ament_install']
[1.345s] Level 1:colcon.colcon_core.package_identification:_identify(workspace/ros_ur_driver/src/install) by extension 'ignore'
[1.345s] Level 1:colcon.colcon_core.package_identification:_identify(workspace/ros_ur_driver/src/install) by extension 'ignore_ament_install'
[1.346s] Level 1:colcon.colcon_core.package_identification:_identify(workspace/ros_ur_driver/src/install) by extensions ['colcon_pkg']
[1.346s] Level 1:colcon.colcon_core.package_identification:_identify(workspace/ros_ur_driver/src/install) by extension 'colcon_pkg'
[1.346s] Level 1:colcon.colcon_core.package_identification:_identify(workspace/ros_ur_driver/src/install) by extensions ['colcon_meta']
[1.346s] Level 1:colcon.colcon_core.package_identification:_identify(workspace/ros_ur_driver/src/install) by extension 'colcon_meta'
[1.346s] Level 1:colcon.colcon_core.package_identification:_identify(workspace/ros_ur_driver/src/install) by extensions ['ros']
[1.346s] Level 1:colcon.colcon_core.package_identification:_identify(workspace/ros_ur_driver/src/install) by extension 'ros'
[1.346s] Level 1:colcon.colcon_core.package_identification:_identify(workspace/ros_ur_driver/src/install) by extensions ['cmake', 'python']
[1.346s] Level 1:colcon.colcon_core.package_identification:_identify(workspace/ros_ur_driver/src/install) by extension 'cmake'
[1.347s] Level 1:colcon.colcon_core.package_identification:_identify(workspace/ros_ur_driver/src/install) by extension 'python'
[1.348s] Level 1:colcon.colcon_core.package_identification:_identify(workspace/ros_ur_driver/src/install) by extensions ['python_setup_py']
[1.348s] Level 1:colcon.colcon_core.package_identification:_identify(workspace/ros_ur_driver/src/install) by extension 'python_setup_py'
[1.348s] Level 1:colcon.colcon_core.package_identification:_identify(workspace/ros_ur_driver/src/install/ur_dashboard_msgs) by extensions ['ignore', 'ignore_ament_install']
[1.349s] Level 1:colcon.colcon_core.package_identification:_identify(workspace/ros_ur_driver/src/install/ur_dashboard_msgs) by extension 'ignore'
[1.349s] Level 1:colcon.colcon_core.package_identification:_identify(workspace/ros_ur_driver/src/install/ur_dashboard_msgs) by extension 'ignore_ament_install'
[1.349s] Level 1:colcon.colcon_core.package_identification:_identify(workspace/ros_ur_driver/src/install/ur_dashboard_msgs) by extensions ['colcon_pkg']
[1.349s] Level 1:colcon.colcon_core.package_identification:_identify(workspace/ros_ur_driver/src/install/ur_dashboard_msgs) by extension 'colcon_pkg'
[1.349s] Level 1:colcon.colcon_core.package_identification:_identify(workspace/ros_ur_driver/src/install/ur_dashboard_msgs) by extensions ['colcon_meta']
[1.349s] Level 1:colcon.colcon_core.package_identification:_identify(workspace/ros_ur_driver/src/install/ur_dashboard_msgs) by extension 'colcon_meta'
[1.349s] Level 1:colcon.colcon_core.package_identification:_identify(workspace/ros_ur_driver/src/install/ur_dashboard_msgs) by extensions ['ros']
[1.350s] Level 1:colcon.colcon_core.package_identification:_identify(workspace/ros_ur_driver/src/install/ur_dashboard_msgs) by extension 'ros'
[1.350s] Level 1:colcon.colcon_core.package_identification:_identify(workspace/ros_ur_driver/src/install/ur_dashboard_msgs) by extensions ['cmake', 'python']
[1.350s] Level 1:colcon.colcon_core.package_identification:_identify(workspace/ros_ur_driver/src/install/ur_dashboard_msgs) by extension 'cmake'
[1.350s] Level 1:colcon.colcon_core.package_identification:_identify(workspace/ros_ur_driver/src/install/ur_dashboard_msgs) by extension 'python'
[1.350s] Level 1:colcon.colcon_core.package_identification:_identify(workspace/ros_ur_driver/src/install/ur_dashboard_msgs) by extensions ['python_setup_py']
[1.351s] Level 1:colcon.colcon_core.package_identification:_identify(workspace/ros_ur_driver/src/install/ur_dashboard_msgs) by extension 'python_setup_py'
[1.352s] Level 1:colcon.colcon_core.package_identification:_identify(workspace/ros_ur_driver/src/install/ur_dashboard_msgs/include) by extensions ['ignore', 'ignore_ament_install']
[1.352s] Level 1:colcon.colcon_core.package_identification:_identify(workspace/ros_ur_driver/src/install/ur_dashboard_msgs/include) by extension 'ignore'
[1.352s] Level 1:colcon.colcon_core.package_identification:_identify(workspace/ros_ur_driver/src/install/ur_dashboard_msgs/include) by extension 'ignore_ament_install'
[1.352s] Level 1:colcon.colcon_core.package_identification:_identify(workspace/ros_ur_driver/src/install/ur_dashboard_msgs/include) by extensions ['colcon_pkg']
[1.352s] Level 1:colcon.colcon_core.package_identification:_identify(workspace/ros_ur_driver/src/install/ur_dashboard_msgs/include) by extension 'colcon_pkg'
[1.352s] Level 1:colcon.colcon_core.package_identification:_identify(workspace/ros_ur_driver/src/install/ur_dashboard_msgs/include) by extensions ['colcon_meta']
[1.352s] Level 1:colcon.colcon_core.package_identification:_identify(workspace/ros_ur_driver/src/install/ur_dashboard_msgs/include) by extension 'colcon_meta'
[1.352s] Level 1:colcon.colcon_core.package_identification:_identify(workspace/ros_ur_driver/src/install/ur_dashboard_msgs/include) by extensions ['ros']
[1.352s] Level 1:colcon.colcon_core.package_identification:_identify(workspace/ros_ur_driver/src/install/ur_dashboard_msgs/include) by extension 'ros'
[1.352s] Level 1:colcon.colcon_core.package_identification:_identify(workspace/ros_ur_driver/src/install/ur_dashboard_msgs/include) by extensions ['cmake', 'python']
[1.353s] Level 1:colcon.colcon_core.package_identification:_identify(workspace/ros_ur_driver/src/install/ur_dashboard_msgs/include) by extension 'cmake'
[1.354s] Level 1:colcon.colcon_core.package_identification:_identify(workspace/ros_ur_driver/src/install/ur_dashboard_msgs/include) by extension 'python'
[1.354s] Level 1:colcon.colcon_core.package_identification:_identify(workspace/ros_ur_driver/src/install/ur_dashboard_msgs/include) by extensions ['python_setup_py']
[1.354s] Level 1:colcon.colcon_core.package_identification:_identify(workspace/ros_ur_driver/src/install/ur_dashboard_msgs/include) by extension 'python_setup_py'
[1.355s] Level 1:colcon.colcon_core.package_identification:_identify(workspace/ros_ur_driver/src/install/ur_dashboard_msgs/include/ur_dashboard_msgs) by extensions ['ignore', 'ignore_ament_install']
[1.355s] Level 1:colcon.colcon_core.package_identification:_identify(workspace/ros_ur_driver/src/install/ur_dashboard_msgs/include/ur_dashboard_msgs) by extension 'ignore'
[1.355s] Level 1:colcon.colcon_core.package_identification:_identify(workspace/ros_ur_driver/src/install/ur_dashboard_msgs/include/ur_dashboard_msgs) by extension 'ignore_ament_install'
[1.355s] Level 1:colcon.colcon_core.package_identification:_identify(workspace/ros_ur_driver/src/install/ur_dashboard_msgs/include/ur_dashboard_msgs) by extensions ['colcon_pkg']
[1.356s] Level 1:colcon.colcon_core.package_identification:_identify(workspace/ros_ur_driver/src/install/ur_dashboard_msgs/include/ur_dashboard_msgs) by extension 'colcon_pkg'
[1.356s] Level 1:colcon.colcon_core.package_identification:_identify(workspace/ros_ur_driver/src/install/ur_dashboard_msgs/include/ur_dashboard_msgs) by extensions ['colcon_meta']
[1.356s] Level 1:colcon.colcon_core.package_identification:_identify(workspace/ros_ur_driver/src/install/ur_dashboard_msgs/include/ur_dashboard_msgs) by extension 'colcon_meta'
[1.356s] Level 1:colcon.colcon_core.package_identification:_identify(workspace/ros_ur_driver/src/install/ur_dashboard_msgs/include/ur_dashboard_msgs) by extensions ['ros']
[1.356s] Level 1:colcon.colcon_core.package_identification:_identify(workspace/ros_ur_driver/src/install/ur_dashboard_msgs/include/ur_dashboard_msgs) by extension 'ros'
[1.356s] Level 1:colcon.colcon_core.package_identification:_identify(workspace/ros_ur_driver/src/install/ur_dashboard_msgs/include/ur_dashboard_msgs) by extensions ['cmake', 'python']
[1.356s] Level 1:colcon.colcon_core.package_identification:_identify(workspace/ros_ur_driver/src/install/ur_dashboard_msgs/include/ur_dashboard_msgs) by extension 'cmake'
[1.357s] Level 1:colcon.colcon_core.package_identification:_identify(workspace/ros_ur_driver/src/install/ur_dashboard_msgs/include/ur_dashboard_msgs) by extension 'python'
[1.357s] Level 1:colcon.colcon_core.package_identification:_identify(workspace/ros_ur_driver/src/install/ur_dashboard_msgs/include/ur_dashboard_msgs) by extensions ['python_setup_py']
[1.358s] Level 1:colcon.colcon_core.package_identification:_identify(workspace/ros_ur_driver/src/install/ur_dashboard_msgs/include/ur_dashboard_msgs) by extension 'python_setup_py'
[1.359s] Level 1:colcon.colcon_core.package_identification:_identify(workspace/ros_ur_driver/src/install/ur_dashboard_msgs/include/ur_dashboard_msgs/ur_dashboard_msgs) by extensions ['ignore', 'ignore_ament_install']
[1.359s] Level 1:colcon.colcon_core.package_identification:_identify(workspace/ros_ur_driver/src/install/ur_dashboard_msgs/include/ur_dashboard_msgs/ur_dashboard_msgs) by extension 'ignore'
[1.359s] Level 1:colcon.colcon_core.package_identification:_identify(workspace/ros_ur_driver/src/install/ur_dashboard_msgs/include/ur_dashboard_msgs/ur_dashboard_msgs) by extension 'ignore_ament_install'
[1.359s] Level 1:colcon.colcon_core.package_identification:_identify(workspace/ros_ur_driver/src/install/ur_dashboard_msgs/include/ur_dashboard_msgs/ur_dashboard_msgs) by extensions ['colcon_pkg']
[1.359s] Level 1:colcon.colcon_core.package_identification:_identify(workspace/ros_ur_driver/src/install/ur_dashboard_msgs/include/ur_dashboard_msgs/ur_dashboard_msgs) by extension 'colcon_pkg'
[1.360s] Level 1:colcon.colcon_core.package_identification:_identify(workspace/ros_ur_driver/src/install/ur_dashboard_msgs/include/ur_dashboard_msgs/ur_dashboard_msgs) by extensions ['colcon_meta']
[1.360s] Level 1:colcon.colcon_core.package_identification:_identify(workspace/ros_ur_driver/src/install/ur_dashboard_msgs/include/ur_dashboard_msgs/ur_dashboard_msgs) by extension 'colcon_meta'
[1.360s] Level 1:colcon.colcon_core.package_identification:_identify(workspace/ros_ur_driver/src/install/ur_dashboard_msgs/include/ur_dashboard_msgs/ur_dashboard_msgs) by extensions ['ros']
[1.361s] Level 1:colcon.colcon_core.package_identification:_identify(workspace/ros_ur_driver/src/install/ur_dashboard_msgs/include/ur_dashboard_msgs/ur_dashboard_msgs) by extension 'ros'
[1.361s] Level 1:colcon.colcon_core.package_identification:_identify(workspace/ros_ur_driver/src/install/ur_dashboard_msgs/include/ur_dashboard_msgs/ur_dashboard_msgs) by extensions ['cmake', 'python']
[1.361s] Level 1:colcon.colcon_core.package_identification:_identify(workspace/ros_ur_driver/src/install/ur_dashboard_msgs/include/ur_dashboard_msgs/ur_dashboard_msgs) by extension 'cmake'
[1.361s] Level 1:colcon.colcon_core.package_identification:_identify(workspace/ros_ur_driver/src/install/ur_dashboard_msgs/include/ur_dashboard_msgs/ur_dashboard_msgs) by extension 'python'
[1.361s] Level 1:colcon.colcon_core.package_identification:_identify(workspace/ros_ur_driver/src/install/ur_dashboard_msgs/include/ur_dashboard_msgs/ur_dashboard_msgs) by extensions ['python_setup_py']
[1.361s] Level 1:colcon.colcon_core.package_identification:_identify(workspace/ros_ur_driver/src/install/ur_dashboard_msgs/include/ur_dashboard_msgs/ur_dashboard_msgs) by extension 'python_setup_py'
[1.363s] Level 1:colcon.colcon_core.package_identification:_identify(workspace/ros_ur_driver/src/install/ur_dashboard_msgs/include/ur_dashboard_msgs/ur_dashboard_msgs/action) by extensions ['ignore', 'ignore_ament_install']
[1.363s] Level 1:colcon.colcon_core.package_identification:_identify(workspace/ros_ur_driver/src/install/ur_dashboard_msgs/include/ur_dashboard_msgs/ur_dashboard_msgs/action) by extension 'ignore'
[1.363s] Level 1:colcon.colcon_core.package_identification:_identify(workspace/ros_ur_driver/src/install/ur_dashboard_msgs/include/ur_dashboard_msgs/ur_dashboard_msgs/action) by extension 'ignore_ament_install'
[1.363s] Level 1:colcon.colcon_core.package_identification:_identify(workspace/ros_ur_driver/src/install/ur_dashboard_msgs/include/ur_dashboard_msgs/ur_dashboard_msgs/action) by extensions ['colcon_pkg']
[1.363s] Level 1:colcon.colcon_core.package_identification:_identify(workspace/ros_ur_driver/src/install/ur_dashboard_msgs/include/ur_dashboard_msgs/ur_dashboard_msgs/action) by extension 'colcon_pkg'
[1.364s] Level 1:colcon.colcon_core.package_identification:_identify(workspace/ros_ur_driver/src/install/ur_dashboard_msgs/include/ur_dashboard_msgs/ur_dashboard_msgs/action) by extensions ['colcon_meta']
[1.364s] Level 1:colcon.colcon_core.package_identification:_identify(workspace/ros_ur_driver/src/install/ur_dashboard_msgs/include/ur_dashboard_msgs/ur_dashboard_msgs/action) by extension 'colcon_meta'
[1.364s] Level 1:colcon.colcon_core.package_identification:_identify(workspace/ros_ur_driver/src/install/ur_dashboard_msgs/include/ur_dashboard_msgs/ur_dashboard_msgs/action) by extensions ['ros']
[1.364s] Level 1:colcon.colcon_core.package_identification:_identify(workspace/ros_ur_driver/src/install/ur_dashboard_msgs/include/ur_dashboard_msgs/ur_dashboard_msgs/action) by extension 'ros'
[1.364s] Level 1:colcon.colcon_core.package_identification:_identify(workspace/ros_ur_driver/src/install/ur_dashboard_msgs/include/ur_dashboard_msgs/ur_dashboard_msgs/action) by extensions ['cmake', 'python']
[1.365s] Level 1:colcon.colcon_core.package_identification:_identify(workspace/ros_ur_driver/src/install/ur_dashboard_msgs/include/ur_dashboard_msgs/ur_dashboard_msgs/action) by extension 'cmake'
[1.365s] Level 1:colcon.colcon_core.package_identification:_identify(workspace/ros_ur_driver/src/install/ur_dashboard_msgs/include/ur_dashboard_msgs/ur_dashboard_msgs/action) by extension 'python'
[1.365s] Level 1:colcon.colcon_core.package_identification:_identify(workspace/ros_ur_driver/src/install/ur_dashboard_msgs/include/ur_dashboard_msgs/ur_dashboard_msgs/action) by extensions ['python_setup_py']
[1.365s] Level 1:colcon.colcon_core.package_identification:_identify(workspace/ros_ur_driver/src/install/ur_dashboard_msgs/include/ur_dashboard_msgs/ur_dashboard_msgs/action) by extension 'python_setup_py'
[1.366s] Level 1:colcon.colcon_core.package_identification:_identify(workspace/ros_ur_driver/src/install/ur_dashboard_msgs/include/ur_dashboard_msgs/ur_dashboard_msgs/action/detail) by extensions ['ignore', 'ignore_ament_install']
[1.367s] Level 1:colcon.colcon_core.package_identification:_identify(workspace/ros_ur_driver/src/install/ur_dashboard_msgs/include/ur_dashboard_msgs/ur_dashboard_msgs/action/detail) by extension 'ignore'
[1.367s] Level 1:colcon.colcon_core.package_identification:_identify(workspace/ros_ur_driver/src/install/ur_dashboard_msgs/include/ur_dashboard_msgs/ur_dashboard_msgs/action/detail) by extension 'ignore_ament_install'
[1.367s] Level 1:colcon.colcon_core.package_identification:_identify(workspace/ros_ur_driver/src/install/ur_dashboard_msgs/include/ur_dashboard_msgs/ur_dashboard_msgs/action/detail) by extensions ['colcon_pkg']
[1.367s] Level 1:colcon.colcon_core.package_identification:_identify(workspace/ros_ur_driver/src/install/ur_dashboard_msgs/include/ur_dashboard_msgs/ur_dashboard_msgs/action/detail) by extension 'colcon_pkg'
[1.368s] Level 1:colcon.colcon_core.package_identification:_identify(workspace/ros_ur_driver/src/install/ur_dashboard_msgs/include/ur_dashboard_msgs/ur_dashboard_msgs/action/detail) by extensions ['colcon_meta']
[1.368s] Level 1:colcon.colcon_core.package_identification:_identify(workspace/ros_ur_driver/src/install/ur_dashboard_msgs/include/ur_dashboard_msgs/ur_dashboard_msgs/action/detail) by extension 'colcon_meta'
[1.368s] Level 1:colcon.colcon_core.package_identification:_identify(workspace/ros_ur_driver/src/install/ur_dashboard_msgs/include/ur_dashboard_msgs/ur_dashboard_msgs/action/detail) by extensions ['ros']
[1.368s] Level 1:colcon.colcon_core.package_identification:_identify(workspace/ros_ur_driver/src/install/ur_dashboard_msgs/include/ur_dashboard_msgs/ur_dashboard_msgs/action/detail) by extension 'ros'
[1.368s] Level 1:colcon.colcon_core.package_identification:_identify(workspace/ros_ur_driver/src/install/ur_dashboard_msgs/include/ur_dashboard_msgs/ur_dashboard_msgs/action/detail) by extensions ['cmake', 'python']
[1.368s] Level 1:colcon.colcon_core.package_identification:_identify(workspace/ros_ur_driver/src/install/ur_dashboard_msgs/include/ur_dashboard_msgs/ur_dashboard_msgs/action/detail) by extension 'cmake'
[1.369s] Level 1:colcon.colcon_core.package_identification:_identify(workspace/ros_ur_driver/src/install/ur_dashboard_msgs/include/ur_dashboard_msgs/ur_dashboard_msgs/action/detail) by extension 'python'
[1.369s] Level 1:colcon.colcon_core.package_identification:_identify(workspace/ros_ur_driver/src/install/ur_dashboard_msgs/include/ur_dashboard_msgs/ur_dashboard_msgs/action/detail) by extensions ['python_setup_py']
[1.369s] Level 1:colcon.colcon_core.package_identification:_identify(workspace/ros_ur_driver/src/install/ur_dashboard_msgs/include/ur_dashboard_msgs/ur_dashboard_msgs/action/detail) by extension 'python_setup_py'
[1.370s] Level 1:colcon.colcon_core.package_identification:_identify(workspace/ros_ur_driver/src/install/ur_dashboard_msgs/include/ur_dashboard_msgs/ur_dashboard_msgs/action/detail/dds_fastrtps) by extensions ['ignore', 'ignore_ament_install']
[1.370s] Level 1:colcon.colcon_core.package_identification:_identify(workspace/ros_ur_driver/src/install/ur_dashboard_msgs/include/ur_dashboard_msgs/ur_dashboard_msgs/action/detail/dds_fastrtps) by extension 'ignore'
[1.371s] Level 1:colcon.colcon_core.package_identification:_identify(workspace/ros_ur_driver/src/install/ur_dashboard_msgs/include/ur_dashboard_msgs/ur_dashboard_msgs/action/detail/dds_fastrtps) by extension 'ignore_ament_install'
[1.371s] Level 1:colcon.colcon_core.package_identification:_identify(workspace/ros_ur_driver/src/install/ur_dashboard_msgs/include/ur_dashboard_msgs/ur_dashboard_msgs/action/detail/dds_fastrtps) by extensions ['colcon_pkg']
[1.371s] Level 1:colcon.colcon_core.package_identification:_identify(workspace/ros_ur_driver/src/install/ur_dashboard_msgs/include/ur_dashboard_msgs/ur_dashboard_msgs/action/detail/dds_fastrtps) by extension 'colcon_pkg'
[1.371s] Level 1:colcon.colcon_core.package_identification:_identify(workspace/ros_ur_driver/src/install/ur_dashboard_msgs/include/ur_dashboard_msgs/ur_dashboard_msgs/action/detail/dds_fastrtps) by extensions ['colcon_meta']
[1.371s] Level 1:colcon.colcon_core.package_identification:_identify(workspace/ros_ur_driver/src/install/ur_dashboard_msgs/include/ur_dashboard_msgs/ur_dashboard_msgs/action/detail/dds_fastrtps) by extension 'colcon_meta'
[1.371s] Level 1:colcon.colcon_core.package_identification:_identify(workspace/ros_ur_driver/src/install/ur_dashboard_msgs/include/ur_dashboard_msgs/ur_dashboard_msgs/action/detail/dds_fastrtps) by extensions ['ros']
[1.371s] Level 1:colcon.colcon_core.package_identification:_identify(workspace/ros_ur_driver/src/install/ur_dashboard_msgs/include/ur_dashboard_msgs/ur_dashboard_msgs/action/detail/dds_fastrtps) by extension 'ros'
[1.371s] Level 1:colcon.colcon_core.package_identification:_identify(workspace/ros_ur_driver/src/install/ur_dashboard_msgs/include/ur_dashboard_msgs/ur_dashboard_msgs/action/detail/dds_fastrtps) by extensions ['cmake', 'python']
[1.371s] Level 1:colcon.colcon_core.package_identification:_identify(workspace/ros_ur_driver/src/install/ur_dashboard_msgs/include/ur_dashboard_msgs/ur_dashboard_msgs/action/detail/dds_fastrtps) by extension 'cmake'
[1.371s] Level 1:colcon.colcon_core.package_identification:_identify(workspace/ros_ur_driver/src/install/ur_dashboard_msgs/include/ur_dashboard_msgs/ur_dashboard_msgs/action/detail/dds_fastrtps) by extension 'python'
[1.371s] Level 1:colcon.colcon_core.package_identification:_identify(workspace/ros_ur_driver/src/install/ur_dashboard_msgs/include/ur_dashboard_msgs/ur_dashboard_msgs/action/detail/dds_fastrtps) by extensions ['python_setup_py']
[1.371s] Level 1:colcon.colcon_core.package_identification:_identify(workspace/ros_ur_driver/src/install/ur_dashboard_msgs/include/ur_dashboard_msgs/ur_dashboard_msgs/action/detail/dds_fastrtps) by extension 'python_setup_py'
[1.372s] Level 1:colcon.colcon_core.package_identification:_identify(workspace/ros_ur_driver/src/install/ur_dashboard_msgs/include/ur_dashboard_msgs/ur_dashboard_msgs/msg) by extensions ['ignore', 'ignore_ament_install']
[1.373s] Level 1:colcon.colcon_core.package_identification:_identify(workspace/ros_ur_driver/src/install/ur_dashboard_msgs/include/ur_dashboard_msgs/ur_dashboard_msgs/msg) by extension 'ignore'
[1.373s] Level 1:colcon.colcon_core.package_identification:_identify(workspace/ros_ur_driver/src/install/ur_dashboard_msgs/include/ur_dashboard_msgs/ur_dashboard_msgs/msg) by extension 'ignore_ament_install'
[1.373s] Level 1:colcon.colcon_core.package_identification:_identify(workspace/ros_ur_driver/src/install/ur_dashboard_msgs/include/ur_dashboard_msgs/ur_dashboard_msgs/msg) by extensions ['colcon_pkg']
[1.373s] Level 1:colcon.colcon_core.package_identification:_identify(workspace/ros_ur_driver/src/install/ur_dashboard_msgs/include/ur_dashboard_msgs/ur_dashboard_msgs/msg) by extension 'colcon_pkg'
[1.373s] Level 1:colcon.colcon_core.package_identification:_identify(workspace/ros_ur_driver/src/install/ur_dashboard_msgs/include/ur_dashboard_msgs/ur_dashboard_msgs/msg) by extensions ['colcon_meta']
[1.373s] Level 1:colcon.colcon_core.package_identification:_identify(workspace/ros_ur_driver/src/install/ur_dashboard_msgs/include/ur_dashboard_msgs/ur_dashboard_msgs/msg) by extension 'colcon_meta'
[1.374s] Level 1:colcon.colcon_core.package_identification:_identify(workspace/ros_ur_driver/src/install/ur_dashboard_msgs/include/ur_dashboard_msgs/ur_dashboard_msgs/msg) by extensions ['ros']
[1.375s] Level 1:colcon.colcon_core.package_identification:_identify(workspace/ros_ur_driver/src/install/ur_dashboard_msgs/include/ur_dashboard_msgs/ur_dashboard_msgs/msg) by extension 'ros'
[1.375s] Level 1:colcon.colcon_core.package_identification:_identify(workspace/ros_ur_driver/src/install/ur_dashboard_msgs/include/ur_dashboard_msgs/ur_dashboard_msgs/msg) by extensions ['cmake', 'python']
[1.376s] Level 1:colcon.colcon_core.package_identification:_identify(workspace/ros_ur_driver/src/install/ur_dashboard_msgs/include/ur_dashboard_msgs/ur_dashboard_msgs/msg) by extension 'cmake'
[1.376s] Level 1:colcon.colcon_core.package_identification:_identify(workspace/ros_ur_driver/src/install/ur_dashboard_msgs/include/ur_dashboard_msgs/ur_dashboard_msgs/msg) by extension 'python'
[1.376s] Level 1:colcon.colcon_core.package_identification:_identify(workspace/ros_ur_driver/src/install/ur_dashboard_msgs/include/ur_dashboard_msgs/ur_dashboard_msgs/msg) by extensions ['python_setup_py']
[1.376s] Level 1:colcon.colcon_core.package_identification:_identify(workspace/ros_ur_driver/src/install/ur_dashboard_msgs/include/ur_dashboard_msgs/ur_dashboard_msgs/msg) by extension 'python_setup_py'
[1.377s] Level 1:colcon.colcon_core.package_identification:_identify(workspace/ros_ur_driver/src/install/ur_dashboard_msgs/include/ur_dashboard_msgs/ur_dashboard_msgs/msg/detail) by extensions ['ignore', 'ignore_ament_install']
[1.377s] Level 1:colcon.colcon_core.package_identification:_identify(workspace/ros_ur_driver/src/install/ur_dashboard_msgs/include/ur_dashboard_msgs/ur_dashboard_msgs/msg/detail) by extension 'ignore'
[1.377s] Level 1:colcon.colcon_core.package_identification:_identify(workspace/ros_ur_driver/src/install/ur_dashboard_msgs/include/ur_dashboard_msgs/ur_dashboard_msgs/msg/detail) by extension 'ignore_ament_install'
[1.378s] Level 1:colcon.colcon_core.package_identification:_identify(workspace/ros_ur_driver/src/install/ur_dashboard_msgs/include/ur_dashboard_msgs/ur_dashboard_msgs/msg/detail) by extensions ['colcon_pkg']
[1.378s] Level 1:colcon.colcon_core.package_identification:_identify(workspace/ros_ur_driver/src/install/ur_dashboard_msgs/include/ur_dashboard_msgs/ur_dashboard_msgs/msg/detail) by extension 'colcon_pkg'
[1.378s] Level 1:colcon.colcon_core.package_identification:_identify(workspace/ros_ur_driver/src/install/ur_dashboard_msgs/include/ur_dashboard_msgs/ur_dashboard_msgs/msg/detail) by extensions ['colcon_meta']
[1.378s] Level 1:colcon.colcon_core.package_identification:_identify(workspace/ros_ur_driver/src/install/ur_dashboard_msgs/include/ur_dashboard_msgs/ur_dashboard_msgs/msg/detail) by extension 'colcon_meta'
[1.378s] Level 1:colcon.colcon_core.package_identification:_identify(workspace/ros_ur_driver/src/install/ur_dashboard_msgs/include/ur_dashboard_msgs/ur_dashboard_msgs/msg/detail) by extensions ['ros']
[1.379s] Level 1:colcon.colcon_core.package_identification:_identify(workspace/ros_ur_driver/src/install/ur_dashboard_msgs/include/ur_dashboard_msgs/ur_dashboard_msgs/msg/detail) by extension 'ros'
[1.379s] Level 1:colcon.colcon_core.package_identification:_identify(workspace/ros_ur_driver/src/install/ur_dashboard_msgs/include/ur_dashboard_msgs/ur_dashboard_msgs/msg/detail) by extensions ['cmake', 'python']
[1.379s] Level 1:colcon.colcon_core.package_identification:_identify(workspace/ros_ur_driver/src/install/ur_dashboard_msgs/include/ur_dashboard_msgs/ur_dashboard_msgs/msg/detail) by extension 'cmake'
[1.379s] Level 1:colcon.colcon_core.package_identification:_identify(workspace/ros_ur_driver/src/install/ur_dashboard_msgs/include/ur_dashboard_msgs/ur_dashboard_msgs/msg/detail) by extension 'python'
[1.379s] Level 1:colcon.colcon_core.package_identification:_identify(workspace/ros_ur_driver/src/install/ur_dashboard_msgs/include/ur_dashboard_msgs/ur_dashboard_msgs/msg/detail) by extensions ['python_setup_py']
[1.379s] Level 1:colcon.colcon_core.package_identification:_identify(workspace/ros_ur_driver/src/install/ur_dashboard_msgs/include/ur_dashboard_msgs/ur_dashboard_msgs/msg/detail) by extension 'python_setup_py'
[1.380s] Level 1:colcon.colcon_core.package_identification:_identify(workspace/ros_ur_driver/src/install/ur_dashboard_msgs/include/ur_dashboard_msgs/ur_dashboard_msgs/msg/detail/dds_fastrtps) by extensions ['ignore', 'ignore_ament_install']
[1.380s] Level 1:colcon.colcon_core.package_identification:_identify(workspace/ros_ur_driver/src/install/ur_dashboard_msgs/include/ur_dashboard_msgs/ur_dashboard_msgs/msg/detail/dds_fastrtps) by extension 'ignore'
[1.381s] Level 1:colcon.colcon_core.package_identification:_identify(workspace/ros_ur_driver/src/install/ur_dashboard_msgs/include/ur_dashboard_msgs/ur_dashboard_msgs/msg/detail/dds_fastrtps) by extension 'ignore_ament_install'
[1.381s] Level 1:colcon.colcon_core.package_identification:_identify(workspace/ros_ur_driver/src/install/ur_dashboard_msgs/include/ur_dashboard_msgs/ur_dashboard_msgs/msg/detail/dds_fastrtps) by extensions ['colcon_pkg']
[1.381s] Level 1:colcon.colcon_core.package_identification:_identify(workspace/ros_ur_driver/src/install/ur_dashboard_msgs/include/ur_dashboard_msgs/ur_dashboard_msgs/msg/detail/dds_fastrtps) by extension 'colcon_pkg'
[1.381s] Level 1:colcon.colcon_core.package_identification:_identify(workspace/ros_ur_driver/src/install/ur_dashboard_msgs/include/ur_dashboard_msgs/ur_dashboard_msgs/msg/detail/dds_fastrtps) by extensions ['colcon_meta']
[1.381s] Level 1:colcon.colcon_core.package_identification:_identify(workspace/ros_ur_driver/src/install/ur_dashboard_msgs/include/ur_dashboard_msgs/ur_dashboard_msgs/msg/detail/dds_fastrtps) by extension 'colcon_meta'
[1.381s] Level 1:colcon.colcon_core.package_identification:_identify(workspace/ros_ur_driver/src/install/ur_dashboard_msgs/include/ur_dashboard_msgs/ur_dashboard_msgs/msg/detail/dds_fastrtps) by extensions ['ros']
[1.381s] Level 1:colcon.colcon_core.package_identification:_identify(workspace/ros_ur_driver/src/install/ur_dashboard_msgs/include/ur_dashboard_msgs/ur_dashboard_msgs/msg/detail/dds_fastrtps) by extension 'ros'
[1.383s] Level 1:colcon.colcon_core.package_identification:_identify(workspace/ros_ur_driver/src/install/ur_dashboard_msgs/include/ur_dashboard_msgs/ur_dashboard_msgs/msg/detail/dds_fastrtps) by extensions ['cmake', 'python']
[1.383s] Level 1:colcon.colcon_core.package_identification:_identify(workspace/ros_ur_driver/src/install/ur_dashboard_msgs/include/ur_dashboard_msgs/ur_dashboard_msgs/msg/detail/dds_fastrtps) by extension 'cmake'
[1.383s] Level 1:colcon.colcon_core.package_identification:_identify(workspace/ros_ur_driver/src/install/ur_dashboard_msgs/include/ur_dashboard_msgs/ur_dashboard_msgs/msg/detail/dds_fastrtps) by extension 'python'
[1.383s] Level 1:colcon.colcon_core.package_identification:_identify(workspace/ros_ur_driver/src/install/ur_dashboard_msgs/include/ur_dashboard_msgs/ur_dashboard_msgs/msg/detail/dds_fastrtps) by extensions ['python_setup_py']
[1.384s] Level 1:colcon.colcon_core.package_identification:_identify(workspace/ros_ur_driver/src/install/ur_dashboard_msgs/include/ur_dashboard_msgs/ur_dashboard_msgs/msg/detail/dds_fastrtps) by extension 'python_setup_py'
[1.384s] Level 1:colcon.colcon_core.package_identification:_identify(workspace/ros_ur_driver/src/install/ur_dashboard_msgs/include/ur_dashboard_msgs/ur_dashboard_msgs/srv) by extensions ['ignore', 'ignore_ament_install']
[1.384s] Level 1:colcon.colcon_core.package_identification:_identify(workspace/ros_ur_driver/src/install/ur_dashboard_msgs/include/ur_dashboard_msgs/ur_dashboard_msgs/srv) by extension 'ignore'
[1.385s] Level 1:colcon.colcon_core.package_identification:_identify(workspace/ros_ur_driver/src/install/ur_dashboard_msgs/include/ur_dashboard_msgs/ur_dashboard_msgs/srv) by extension 'ignore_ament_install'
[1.385s] Level 1:colcon.colcon_core.package_identification:_identify(workspace/ros_ur_driver/src/install/ur_dashboard_msgs/include/ur_dashboard_msgs/ur_dashboard_msgs/srv) by extensions ['colcon_pkg']
[1.385s] Level 1:colcon.colcon_core.package_identification:_identify(workspace/ros_ur_driver/src/install/ur_dashboard_msgs/include/ur_dashboard_msgs/ur_dashboard_msgs/srv) by extension 'colcon_pkg'
[1.386s] Level 1:colcon.colcon_core.package_identification:_identify(workspace/ros_ur_driver/src/install/ur_dashboard_msgs/include/ur_dashboard_msgs/ur_dashboard_msgs/srv) by extensions ['colcon_meta']
[1.386s] Level 1:colcon.colcon_core.package_identification:_identify(workspace/ros_ur_driver/src/install/ur_dashboard_msgs/include/ur_dashboard_msgs/ur_dashboard_msgs/srv) by extension 'colcon_meta'
[1.386s] Level 1:colcon.colcon_core.package_identification:_identify(workspace/ros_ur_driver/src/install/ur_dashboard_msgs/include/ur_dashboard_msgs/ur_dashboard_msgs/srv) by extensions ['ros']
[1.386s] Level 1:colcon.colcon_core.package_identification:_identify(workspace/ros_ur_driver/src/install/ur_dashboard_msgs/include/ur_dashboard_msgs/ur_dashboard_msgs/srv) by extension 'ros'
[1.386s] Level 1:colcon.colcon_core.package_identification:_identify(workspace/ros_ur_driver/src/install/ur_dashboard_msgs/include/ur_dashboard_msgs/ur_dashboard_msgs/srv) by extensions ['cmake', 'python']
[1.386s] Level 1:colcon.colcon_core.package_identification:_identify(workspace/ros_ur_driver/src/install/ur_dashboard_msgs/include/ur_dashboard_msgs/ur_dashboard_msgs/srv) by extension 'cmake'
[1.387s] Level 1:colcon.colcon_core.package_identification:_identify(workspace/ros_ur_driver/src/install/ur_dashboard_msgs/include/ur_dashboard_msgs/ur_dashboard_msgs/srv) by extension 'python'
[1.387s] Level 1:colcon.colcon_core.package_identification:_identify(workspace/ros_ur_driver/src/install/ur_dashboard_msgs/include/ur_dashboard_msgs/ur_dashboard_msgs/srv) by extensions ['python_setup_py']
[1.387s] Level 1:colcon.colcon_core.package_identification:_identify(workspace/ros_ur_driver/src/install/ur_dashboard_msgs/include/ur_dashboard_msgs/ur_dashboard_msgs/srv) by extension 'python_setup_py'
[1.389s] Level 1:colcon.colcon_core.package_identification:_identify(workspace/ros_ur_driver/src/install/ur_dashboard_msgs/include/ur_dashboard_msgs/ur_dashboard_msgs/srv/detail) by extensions ['ignore', 'ignore_ament_install']
[1.391s] Level 1:colcon.colcon_core.package_identification:_identify(workspace/ros_ur_driver/src/install/ur_dashboard_msgs/include/ur_dashboard_msgs/ur_dashboard_msgs/srv/detail) by extension 'ignore'
[1.392s] Level 1:colcon.colcon_core.package_identification:_identify(workspace/ros_ur_driver/src/install/ur_dashboard_msgs/include/ur_dashboard_msgs/ur_dashboard_msgs/srv/detail) by extension 'ignore_ament_install'
[1.392s] Level 1:colcon.colcon_core.package_identification:_identify(workspace/ros_ur_driver/src/install/ur_dashboard_msgs/include/ur_dashboard_msgs/ur_dashboard_msgs/srv/detail) by extensions ['colcon_pkg']
[1.393s] Level 1:colcon.colcon_core.package_identification:_identify(workspace/ros_ur_driver/src/install/ur_dashboard_msgs/include/ur_dashboard_msgs/ur_dashboard_msgs/srv/detail) by extension 'colcon_pkg'
[1.393s] Level 1:colcon.colcon_core.package_identification:_identify(workspace/ros_ur_driver/src/install/ur_dashboard_msgs/include/ur_dashboard_msgs/ur_dashboard_msgs/srv/detail) by extensions ['colcon_meta']
[1.393s] Level 1:colcon.colcon_core.package_identification:_identify(workspace/ros_ur_driver/src/install/ur_dashboard_msgs/include/ur_dashboard_msgs/ur_dashboard_msgs/srv/detail) by extension 'colcon_meta'
[1.393s] Level 1:colcon.colcon_core.package_identification:_identify(workspace/ros_ur_driver/src/install/ur_dashboard_msgs/include/ur_dashboard_msgs/ur_dashboard_msgs/srv/detail) by extensions ['ros']
[1.393s] Level 1:colcon.colcon_core.package_identification:_identify(workspace/ros_ur_driver/src/install/ur_dashboard_msgs/include/ur_dashboard_msgs/ur_dashboard_msgs/srv/detail) by extension 'ros'
[1.394s] Level 1:colcon.colcon_core.package_identification:_identify(workspace/ros_ur_driver/src/install/ur_dashboard_msgs/include/ur_dashboard_msgs/ur_dashboard_msgs/srv/detail) by extensions ['cmake', 'python']
[1.394s] Level 1:colcon.colcon_core.package_identification:_identify(workspace/ros_ur_driver/src/install/ur_dashboard_msgs/include/ur_dashboard_msgs/ur_dashboard_msgs/srv/detail) by extension 'cmake'
[1.394s] Level 1:colcon.colcon_core.package_identification:_identify(workspace/ros_ur_driver/src/install/ur_dashboard_msgs/include/ur_dashboard_msgs/ur_dashboard_msgs/srv/detail) by extension 'python'
[1.394s] Level 1:colcon.colcon_core.package_identification:_identify(workspace/ros_ur_driver/src/install/ur_dashboard_msgs/include/ur_dashboard_msgs/ur_dashboard_msgs/srv/detail) by extensions ['python_setup_py']
[1.394s] Level 1:colcon.colcon_core.package_identification:_identify(workspace/ros_ur_driver/src/install/ur_dashboard_msgs/include/ur_dashboard_msgs/ur_dashboard_msgs/srv/detail) by extension 'python_setup_py'
[1.395s] Level 1:colcon.colcon_core.package_identification:_identify(workspace/ros_ur_driver/src/install/ur_dashboard_msgs/include/ur_dashboard_msgs/ur_dashboard_msgs/srv/detail/dds_fastrtps) by extensions ['ignore', 'ignore_ament_install']
[1.396s] Level 1:colcon.colcon_core.package_identification:_identify(workspace/ros_ur_driver/src/install/ur_dashboard_msgs/include/ur_dashboard_msgs/ur_dashboard_msgs/srv/detail/dds_fastrtps) by extension 'ignore'
[1.396s] Level 1:colcon.colcon_core.package_identification:_identify(workspace/ros_ur_driver/src/install/ur_dashboard_msgs/include/ur_dashboard_msgs/ur_dashboard_msgs/srv/detail/dds_fastrtps) by extension 'ignore_ament_install'
[1.396s] Level 1:colcon.colcon_core.package_identification:_identify(workspace/ros_ur_driver/src/install/ur_dashboard_msgs/include/ur_dashboard_msgs/ur_dashboard_msgs/srv/detail/dds_fastrtps) by extensions ['colcon_pkg']
[1.396s] Level 1:colcon.colcon_core.package_identification:_identify(workspace/ros_ur_driver/src/install/ur_dashboard_msgs/include/ur_dashboard_msgs/ur_dashboard_msgs/srv/detail/dds_fastrtps) by extension 'colcon_pkg'
[1.397s] Level 1:colcon.colcon_core.package_identification:_identify(workspace/ros_ur_driver/src/install/ur_dashboard_msgs/include/ur_dashboard_msgs/ur_dashboard_msgs/srv/detail/dds_fastrtps) by extensions ['colcon_meta']
[1.397s] Level 1:colcon.colcon_core.package_identification:_identify(workspace/ros_ur_driver/src/install/ur_dashboard_msgs/include/ur_dashboard_msgs/ur_dashboard_msgs/srv/detail/dds_fastrtps) by extension 'colcon_meta'
[1.397s] Level 1:colcon.colcon_core.package_identification:_identify(workspace/ros_ur_driver/src/install/ur_dashboard_msgs/include/ur_dashboard_msgs/ur_dashboard_msgs/srv/detail/dds_fastrtps) by extensions ['ros']
[1.397s] Level 1:colcon.colcon_core.package_identification:_identify(workspace/ros_ur_driver/src/install/ur_dashboard_msgs/include/ur_dashboard_msgs/ur_dashboard_msgs/srv/detail/dds_fastrtps) by extension 'ros'
[1.397s] Level 1:colcon.colcon_core.package_identification:_identify(workspace/ros_ur_driver/src/install/ur_dashboard_msgs/include/ur_dashboard_msgs/ur_dashboard_msgs/srv/detail/dds_fastrtps) by extensions ['cmake', 'python']
[1.398s] Level 1:colcon.colcon_core.package_identification:_identify(workspace/ros_ur_driver/src/install/ur_dashboard_msgs/include/ur_dashboard_msgs/ur_dashboard_msgs/srv/detail/dds_fastrtps) by extension 'cmake'
[1.398s] Level 1:colcon.colcon_core.package_identification:_identify(workspace/ros_ur_driver/src/install/ur_dashboard_msgs/include/ur_dashboard_msgs/ur_dashboard_msgs/srv/detail/dds_fastrtps) by extension 'python'
[1.398s] Level 1:colcon.colcon_core.package_identification:_identify(workspace/ros_ur_driver/src/install/ur_dashboard_msgs/include/ur_dashboard_msgs/ur_dashboard_msgs/srv/detail/dds_fastrtps) by extensions ['python_setup_py']
[1.398s] Level 1:colcon.colcon_core.package_identification:_identify(workspace/ros_ur_driver/src/install/ur_dashboard_msgs/include/ur_dashboard_msgs/ur_dashboard_msgs/srv/detail/dds_fastrtps) by extension 'python_setup_py'
[1.399s] Level 1:colcon.colcon_core.package_identification:_identify(workspace/ros_ur_driver/src/rutine_launcher) by extensions ['ignore', 'ignore_ament_install']
[1.399s] Level 1:colcon.colcon_core.package_identification:_identify(workspace/ros_ur_driver/src/rutine_launcher) by extension 'ignore'
[1.399s] Level 1:colcon.colcon_core.package_identification:_identify(workspace/ros_ur_driver/src/rutine_launcher) by extension 'ignore_ament_install'
[1.399s] Level 1:colcon.colcon_core.package_identification:_identify(workspace/ros_ur_driver/src/rutine_launcher) by extensions ['colcon_pkg']
[1.400s] Level 1:colcon.colcon_core.package_identification:_identify(workspace/ros_ur_driver/src/rutine_launcher) by extension 'colcon_pkg'
[1.400s] Level 1:colcon.colcon_core.package_identification:_identify(workspace/ros_ur_driver/src/rutine_launcher) by extensions ['colcon_meta']
[1.400s] Level 1:colcon.colcon_core.package_identification:_identify(workspace/ros_ur_driver/src/rutine_launcher) by extension 'colcon_meta'
[1.400s] Level 1:colcon.colcon_core.package_identification:_identify(workspace/ros_ur_driver/src/rutine_launcher) by extensions ['ros']
[1.400s] Level 1:colcon.colcon_core.package_identification:_identify(workspace/ros_ur_driver/src/rutine_launcher) by extension 'ros'
[1.402s] DEBUG:colcon.colcon_core.package_identification:Package 'workspace/ros_ur_driver/src/rutine_launcher' with type 'ros.ament_python' and name 'rutine_launcher'
[1.403s] Level 1:colcon.colcon_core.package_identification:_identify(workspace/ros_ur_driver/src/trayectories) by extensions ['ignore', 'ignore_ament_install']
[1.403s] Level 1:colcon.colcon_core.package_identification:_identify(workspace/ros_ur_driver/src/trayectories) by extension 'ignore'
[1.404s] Level 1:colcon.colcon_core.package_identification:_identify(workspace/ros_ur_driver/src/trayectories) by extension 'ignore_ament_install'
[1.404s] Level 1:colcon.colcon_core.package_identification:_identify(workspace/ros_ur_driver/src/trayectories) by extensions ['colcon_pkg']
[1.404s] Level 1:colcon.colcon_core.package_identification:_identify(workspace/ros_ur_driver/src/trayectories) by extension 'colcon_pkg'
[1.404s] Level 1:colcon.colcon_core.package_identification:_identify(workspace/ros_ur_driver/src/trayectories) by extensions ['colcon_meta']
[1.404s] Level 1:colcon.colcon_core.package_identification:_identify(workspace/ros_ur_driver/src/trayectories) by extension 'colcon_meta'
[1.404s] Level 1:colcon.colcon_core.package_identification:_identify(workspace/ros_ur_driver/src/trayectories) by extensions ['ros']
[1.404s] Level 1:colcon.colcon_core.package_identification:_identify(workspace/ros_ur_driver/src/trayectories) by extension 'ros'
[1.407s] DEBUG:colcon.colcon_core.package_identification:Package 'workspace/ros_ur_driver/src/trayectories' with type 'ros.ament_python' and name 'trayectories'
[1.407s] Level 1:colcon.colcon_core.package_discovery:discover_packages(recursive) using defaults
[1.407s] Level 1:colcon.colcon_core.package_discovery:discover_packages(ignore) discover
[1.407s] Level 1:colcon.colcon_core.package_discovery:discover_packages(ignore) using defaults
[1.407s] Level 1:colcon.colcon_core.package_discovery:discover_packages(path) discover
[1.407s] Level 1:colcon.colcon_core.package_discovery:discover_packages(path) using defaults
[1.474s] Level 1:colcon.colcon_core.package_discovery:discover_packages(prefix_path) check parameters
[1.475s] Level 1:colcon.colcon_core.package_discovery:discover_packages(prefix_path) discover
[1.482s] DEBUG:colcon.colcon_installed_package_information.package_discovery:Found 12 installed packages in /home/adela/TFM_AdelaJimenez/workspace/ros_ur_driver/install
[1.483s] DEBUG:colcon.colcon_installed_package_information.package_discovery:Found 12 installed packages in /home/adela/TFM_MiguelLerinAlonso/workspace/ros_ur_driver/install
[1.486s] DEBUG:colcon.colcon_installed_package_information.package_discovery:Found 8 installed packages in /home/adela/workspace/ros_ur_driver/install
[1.490s] DEBUG:colcon.colcon_installed_package_information.package_discovery:Found 349 installed packages in /opt/ros/humble
[1.493s] Level 1:colcon.colcon_core.package_discovery:discover_packages(prefix_path) using defaults
[1.595s] Level 5:colcon.colcon_core.verb:set package 'build_platform' build argument 'cmake_args' from command line to 'None'
[1.595s] Level 5:colcon.colcon_core.verb:set package 'build_platform' build argument 'cmake_target' from command line to 'None'
[1.595s] Level 5:colcon.colcon_core.verb:set package 'build_platform' build argument 'cmake_target_skip_unavailable' from command line to 'False'
[1.595s] Level 5:colcon.colcon_core.verb:set package 'build_platform' build argument 'cmake_clean_cache' from command line to 'False'
[1.597s] Level 5:colcon.colcon_core.verb:set package 'build_platform' build argument 'cmake_clean_first' from command line to 'False'
[1.597s] Level 5:colcon.colcon_core.verb:set package 'build_platform' build argument 'cmake_force_configure' from command line to 'False'
[1.597s] Level 5:colcon.colcon_core.verb:set package 'build_platform' build argument 'ament_cmake_args' from command line to 'None'
[1.597s] Level 5:colcon.colcon_core.verb:set package 'build_platform' build argument 'catkin_cmake_args' from command line to 'None'
[1.597s] Level 5:colcon.colcon_core.verb:set package 'build_platform' build argument 'catkin_skip_building_tests' from command line to 'False'
[1.597s] DEBUG:colcon.colcon_core.verb:Building package 'build_platform' with the following arguments: {'ament_cmake_args': None, 'build_base': '/home/adela/TFM_AdelaJimenez/build/build_platform', 'catkin_cmake_args': None, 'catkin_skip_building_tests': False, 'cmake_args': None, 'cmake_clean_cache': False, 'cmake_clean_first': False, 'cmake_force_configure': False, 'cmake_target': None, 'cmake_target_skip_unavailable': False, 'install_base': '/home/adela/TFM_AdelaJimenez/install/build_platform', 'merge_install': False, 'path': '/home/adela/TFM_AdelaJimenez/workspace/ros_ur_driver/src/build_platform', 'symlink_install': False, 'test_result_base': None}
[1.598s] Level 5:colcon.colcon_core.verb:set package 'data_logger' build argument 'cmake_args' from command line to 'None'
[1.598s] Level 5:colcon.colcon_core.verb:set package 'data_logger' build argument 'cmake_target' from command line to 'None'
[1.598s] Level 5:colcon.colcon_core.verb:set package 'data_logger' build argument 'cmake_target_skip_unavailable' from command line to 'False'
[1.598s] Level 5:colcon.colcon_core.verb:set package 'data_logger' build argument 'cmake_clean_cache' from command line to 'False'
[1.598s] Level 5:colcon.colcon_core.verb:set package 'data_logger' build argument 'cmake_clean_first' from command line to 'False'
[1.598s] Level 5:colcon.colcon_core.verb:set package 'data_logger' build argument 'cmake_force_configure' from command line to 'False'
[1.598s] Level 5:colcon.colcon_core.verb:set package 'data_logger' build argument 'ament_cmake_args' from command line to 'None'
[1.598s] Level 5:colcon.colcon_core.verb:set package 'data_logger' build argument 'catkin_cmake_args' from command line to 'None'
[1.598s] Level 5:colcon.colcon_core.verb:set package 'data_logger' build argument 'catkin_skip_building_tests' from command line to 'False'
[1.598s] DEBUG:colcon.colcon_core.verb:Building package 'data_logger' with the following arguments: {'ament_cmake_args': None, 'build_base': '/home/adela/TFM_AdelaJimenez/build/data_logger', 'catkin_cmake_args': None, 'catkin_skip_building_tests': False, 'cmake_args': None, 'cmake_clean_cache': False, 'cmake_clean_first': False, 'cmake_force_configure': False, 'cmake_target': None, 'cmake_target_skip_unavailable': False, 'install_base': '/home/adela/TFM_AdelaJimenez/install/data_logger', 'merge_install': False, 'path': '/home/adela/TFM_AdelaJimenez/workspace/ros_ur_driver/src/data_logger', 'symlink_install': False, 'test_result_base': None}
[1.599s] Level 5:colcon.colcon_core.verb:set package 'rutine_launcher' build argument 'cmake_args' from command line to 'None'
[1.600s] Level 5:colcon.colcon_core.verb:set package 'rutine_launcher' build argument 'cmake_target' from command line to 'None'
[1.600s] Level 5:colcon.colcon_core.verb:set package 'rutine_launcher' build argument 'cmake_target_skip_unavailable' from command line to 'False'
[1.600s] Level 5:colcon.colcon_core.verb:set package 'rutine_launcher' build argument 'cmake_clean_cache' from command line to 'False'
[1.600s] Level 5:colcon.colcon_core.verb:set package 'rutine_launcher' build argument 'cmake_clean_first' from command line to 'False'
[1.600s] Level 5:colcon.colcon_core.verb:set package 'rutine_launcher' build argument 'cmake_force_configure' from command line to 'False'
[1.600s] Level 5:colcon.colcon_core.verb:set package 'rutine_launcher' build argument 'ament_cmake_args' from command line to 'None'
[1.600s] Level 5:colcon.colcon_core.verb:set package 'rutine_launcher' build argument 'catkin_cmake_args' from command line to 'None'
[1.600s] Level 5:colcon.colcon_core.verb:set package 'rutine_launcher' build argument 'catkin_skip_building_tests' from command line to 'False'
[1.601s] DEBUG:colcon.colcon_core.verb:Building package 'rutine_launcher' with the following arguments: {'ament_cmake_args': None, 'build_base': '/home/adela/TFM_AdelaJimenez/build/rutine_launcher', 'catkin_cmake_args': None, 'catkin_skip_building_tests': False, 'cmake_args': None, 'cmake_clean_cache': False, 'cmake_clean_first': False, 'cmake_force_configure': False, 'cmake_target': None, 'cmake_target_skip_unavailable': False, 'install_base': '/home/adela/TFM_AdelaJimenez/install/rutine_launcher', 'merge_install': False, 'path': '/home/adela/TFM_AdelaJimenez/workspace/ros_ur_driver/src/rutine_launcher', 'symlink_install': False, 'test_result_base': None}
[1.602s] Level 5:colcon.colcon_core.verb:set package 'trayectories' build argument 'cmake_args' from command line to 'None'
[1.602s] Level 5:colcon.colcon_core.verb:set package 'trayectories' build argument 'cmake_target' from command line to 'None'
[1.602s] Level 5:colcon.colcon_core.verb:set package 'trayectories' build argument 'cmake_target_skip_unavailable' from command line to 'False'
[1.602s] Level 5:colcon.colcon_core.verb:set package 'trayectories' build argument 'cmake_clean_cache' from command line to 'False'
[1.602s] Level 5:colcon.colcon_core.verb:set package 'trayectories' build argument 'cmake_clean_first' from command line to 'False'
[1.602s] Level 5:colcon.colcon_core.verb:set package 'trayectories' build argument 'cmake_force_configure' from command line to 'False'
[1.602s] Level 5:colcon.colcon_core.verb:set package 'trayectories' build argument 'ament_cmake_args' from command line to 'None'
[1.602s] Level 5:colcon.colcon_core.verb:set package 'trayectories' build argument 'catkin_cmake_args' from command line to 'None'
[1.602s] Level 5:colcon.colcon_core.verb:set package 'trayectories' build argument 'catkin_skip_building_tests' from command line to 'False'
[1.602s] DEBUG:colcon.colcon_core.verb:Building package 'trayectories' with the following arguments: {'ament_cmake_args': None, 'build_base': '/home/adela/TFM_AdelaJimenez/build/trayectories', 'catkin_cmake_args': None, 'catkin_skip_building_tests': False, 'cmake_args': None, 'cmake_clean_cache': False, 'cmake_clean_first': False, 'cmake_force_configure': False, 'cmake_target': None, 'cmake_target_skip_unavailable': False, 'install_base': '/home/adela/TFM_AdelaJimenez/install/trayectories', 'merge_install': False, 'path': '/home/adela/TFM_AdelaJimenez/workspace/ros_ur_driver/src/trayectories', 'symlink_install': False, 'test_result_base': None}
[1.603s] Level 5:colcon.colcon_core.verb:set package 'ur_dashboard_msgs' build argument 'cmake_args' from command line to 'None'
[1.603s] Level 5:colcon.colcon_core.verb:set package 'ur_dashboard_msgs' build argument 'cmake_target' from command line to 'None'
[1.603s] Level 5:colcon.colcon_core.verb:set package 'ur_dashboard_msgs' build argument 'cmake_target_skip_unavailable' from command line to 'False'
[1.603s] Level 5:colcon.colcon_core.verb:set package 'ur_dashboard_msgs' build argument 'cmake_clean_cache' from command line to 'False'
[1.603s] Level 5:colcon.colcon_core.verb:set package 'ur_dashboard_msgs' build argument 'cmake_clean_first' from command line to 'False'
[1.603s] Level 5:colcon.colcon_core.verb:set package 'ur_dashboard_msgs' build argument 'cmake_force_configure' from command line to 'False'
[1.604s] Level 5:colcon.colcon_core.verb:set package 'ur_dashboard_msgs' build argument 'ament_cmake_args' from command line to 'None'
[1.604s] Level 5:colcon.colcon_core.verb:set package 'ur_dashboard_msgs' build argument 'catkin_cmake_args' from command line to 'None'
[1.604s] Level 5:colcon.colcon_core.verb:set package 'ur_dashboard_msgs' build argument 'catkin_skip_building_tests' from command line to 'False'
[1.604s] DEBUG:colcon.colcon_core.verb:Building package 'ur_dashboard_msgs' with the following arguments: {'ament_cmake_args': None, 'build_base': '/home/adela/TFM_AdelaJimenez/build/ur_dashboard_msgs', 'catkin_cmake_args': None, 'catkin_skip_building_tests': False, 'cmake_args': None, 'cmake_clean_cache': False, 'cmake_clean_first': False, 'cmake_force_configure': False, 'cmake_target': None, 'cmake_target_skip_unavailable': False, 'install_base': '/home/adela/TFM_AdelaJimenez/install/ur_dashboard_msgs', 'merge_install': False, 'path': '/home/adela/TFM_AdelaJimenez/workspace/ros_ur_driver/src/Universal_Robots_ROS2_Driver/ur_dashboard_msgs', 'symlink_install': False, 'test_result_base': None}
[1.605s] Level 5:colcon.colcon_core.verb:set package 'ur_description' build argument 'cmake_args' from command line to 'None'
[1.606s] Level 5:colcon.colcon_core.verb:set package 'ur_description' build argument 'cmake_target' from command line to 'None'
[1.606s] Level 5:colcon.colcon_core.verb:set package 'ur_description' build argument 'cmake_target_skip_unavailable' from command line to 'False'
[1.606s] Level 5:colcon.colcon_core.verb:set package 'ur_description' build argument 'cmake_clean_cache' from command line to 'False'
[1.606s] Level 5:colcon.colcon_core.verb:set package 'ur_description' build argument 'cmake_clean_first' from command line to 'False'
[1.606s] Level 5:colcon.colcon_core.verb:set package 'ur_description' build argument 'cmake_force_configure' from command line to 'False'
[1.606s] Level 5:colcon.colcon_core.verb:set package 'ur_description' build argument 'ament_cmake_args' from command line to 'None'
[1.606s] Level 5:colcon.colcon_core.verb:set package 'ur_description' build argument 'catkin_cmake_args' from command line to 'None'
[1.606s] Level 5:colcon.colcon_core.verb:set package 'ur_description' build argument 'catkin_skip_building_tests' from command line to 'False'
[1.606s] DEBUG:colcon.colcon_core.verb:Building package 'ur_description' with the following arguments: {'ament_cmake_args': None, 'build_base': '/home/adela/TFM_AdelaJimenez/build/ur_description', 'catkin_cmake_args': None, 'catkin_skip_building_tests': False, 'cmake_args': None, 'cmake_clean_cache': False, 'cmake_clean_first': False, 'cmake_force_configure': False, 'cmake_target': None, 'cmake_target_skip_unavailable': False, 'install_base': '/home/adela/TFM_AdelaJimenez/install/ur_description', 'merge_install': False, 'path': '/home/adela/TFM_AdelaJimenez/workspace/ros_ur_driver/src/Universal_Robots_ROS2_Description', 'symlink_install': False, 'test_result_base': None}
[1.607s] Level 5:colcon.colcon_core.verb:set package 'ur_controllers' build argument 'cmake_args' from command line to 'None'
[1.608s] Level 5:colcon.colcon_core.verb:set package 'ur_controllers' build argument 'cmake_target' from command line to 'None'
[1.608s] Level 5:colcon.colcon_core.verb:set package 'ur_controllers' build argument 'cmake_target_skip_unavailable' from command line to 'False'
[1.608s] Level 5:colcon.colcon_core.verb:set package 'ur_controllers' build argument 'cmake_clean_cache' from command line to 'False'
[1.609s] Level 5:colcon.colcon_core.verb:set package 'ur_controllers' build argument 'cmake_clean_first' from command line to 'False'
[1.609s] Level 5:colcon.colcon_core.verb:set package 'ur_controllers' build argument 'cmake_force_configure' from command line to 'False'
[1.609s] Level 5:colcon.colcon_core.verb:set package 'ur_controllers' build argument 'ament_cmake_args' from command line to 'None'
[1.609s] Level 5:colcon.colcon_core.verb:set package 'ur_controllers' build argument 'catkin_cmake_args' from command line to 'None'
[1.609s] Level 5:colcon.colcon_core.verb:set package 'ur_controllers' build argument 'catkin_skip_building_tests' from command line to 'False'
[1.610s] DEBUG:colcon.colcon_core.verb:Building package 'ur_controllers' with the following arguments: {'ament_cmake_args': None, 'build_base': '/home/adela/TFM_AdelaJimenez/build/ur_controllers', 'catkin_cmake_args': None, 'catkin_skip_building_tests': False, 'cmake_args': None, 'cmake_clean_cache': False, 'cmake_clean_first': False, 'cmake_force_configure': False, 'cmake_target': None, 'cmake_target_skip_unavailable': False, 'install_base': '/home/adela/TFM_AdelaJimenez/install/ur_controllers', 'merge_install': False, 'path': '/home/adela/TFM_AdelaJimenez/workspace/ros_ur_driver/src/Universal_Robots_ROS2_Driver/ur_controllers', 'symlink_install': False, 'test_result_base': None}
[1.610s] Level 5:colcon.colcon_core.verb:set package 'ur_moveit_config' build argument 'cmake_args' from command line to 'None'
[1.610s] Level 5:colcon.colcon_core.verb:set package 'ur_moveit_config' build argument 'cmake_target' from command line to 'None'
[1.612s] Level 5:colcon.colcon_core.verb:set package 'ur_moveit_config' build argument 'cmake_target_skip_unavailable' from command line to 'False'
[1.612s] Level 5:colcon.colcon_core.verb:set package 'ur_moveit_config' build argument 'cmake_clean_cache' from command line to 'False'
[1.612s] Level 5:colcon.colcon_core.verb:set package 'ur_moveit_config' build argument 'cmake_clean_first' from command line to 'False'
[1.612s] Level 5:colcon.colcon_core.verb:set package 'ur_moveit_config' build argument 'cmake_force_configure' from command line to 'False'
[1.612s] Level 5:colcon.colcon_core.verb:set package 'ur_moveit_config' build argument 'ament_cmake_args' from command line to 'None'
[1.612s] Level 5:colcon.colcon_core.verb:set package 'ur_moveit_config' build argument 'catkin_cmake_args' from command line to 'None'
[1.612s] Level 5:colcon.colcon_core.verb:set package 'ur_moveit_config' build argument 'catkin_skip_building_tests' from command line to 'False'
[1.612s] DEBUG:colcon.colcon_core.verb:Building package 'ur_moveit_config' with the following arguments: {'ament_cmake_args': None, 'build_base': '/home/adela/TFM_AdelaJimenez/build/ur_moveit_config', 'catkin_cmake_args': None, 'catkin_skip_building_tests': False, 'cmake_args': None, 'cmake_clean_cache': False, 'cmake_clean_first': False, 'cmake_force_configure': False, 'cmake_target': None, 'cmake_target_skip_unavailable': False, 'install_base': '/home/adela/TFM_AdelaJimenez/install/ur_moveit_config', 'merge_install': False, 'path': '/home/adela/TFM_AdelaJimenez/workspace/ros_ur_driver/src/Universal_Robots_ROS2_Driver/ur_moveit_config', 'symlink_install': False, 'test_result_base': None}
[1.613s] Level 5:colcon.colcon_core.verb:set package 'ur_bringup' build argument 'cmake_args' from command line to 'None'
[1.613s] Level 5:colcon.colcon_core.verb:set package 'ur_bringup' build argument 'cmake_target' from command line to 'None'
[1.613s] Level 5:colcon.colcon_core.verb:set package 'ur_bringup' build argument 'cmake_target_skip_unavailable' from command line to 'False'
[1.613s] Level 5:colcon.colcon_core.verb:set package 'ur_bringup' build argument 'cmake_clean_cache' from command line to 'False'
[1.613s] Level 5:colcon.colcon_core.verb:set package 'ur_bringup' build argument 'cmake_clean_first' from command line to 'False'
[1.613s] Level 5:colcon.colcon_core.verb:set package 'ur_bringup' build argument 'cmake_force_configure' from command line to 'False'
[1.613s] Level 5:colcon.colcon_core.verb:set package 'ur_bringup' build argument 'ament_cmake_args' from command line to 'None'
[1.613s] Level 5:colcon.colcon_core.verb:set package 'ur_bringup' build argument 'catkin_cmake_args' from command line to 'None'
[1.613s] Level 5:colcon.colcon_core.verb:set package 'ur_bringup' build argument 'catkin_skip_building_tests' from command line to 'False'
[1.613s] DEBUG:colcon.colcon_core.verb:Building package 'ur_bringup' with the following arguments: {'ament_cmake_args': None, 'build_base': '/home/adela/TFM_AdelaJimenez/build/ur_bringup', 'catkin_cmake_args': None, 'catkin_skip_building_tests': False, 'cmake_args': None, 'cmake_clean_cache': False, 'cmake_clean_first': False, 'cmake_force_configure': False, 'cmake_target': None, 'cmake_target_skip_unavailable': False, 'install_base': '/home/adela/TFM_AdelaJimenez/install/ur_bringup', 'merge_install': False, 'path': '/home/adela/TFM_AdelaJimenez/workspace/ros_ur_driver/src/Universal_Robots_ROS2_Driver/ur_bringup', 'symlink_install': False, 'test_result_base': None}
[1.614s] Level 5:colcon.colcon_core.verb:set package 'ur_robot_driver' build argument 'cmake_args' from command line to 'None'
[1.614s] Level 5:colcon.colcon_core.verb:set package 'ur_robot_driver' build argument 'cmake_target' from command line to 'None'
[1.614s] Level 5:colcon.colcon_core.verb:set package 'ur_robot_driver' build argument 'cmake_target_skip_unavailable' from command line to 'False'
[1.614s] Level 5:colcon.colcon_core.verb:set package 'ur_robot_driver' build argument 'cmake_clean_cache' from command line to 'False'
[1.614s] Level 5:colcon.colcon_core.verb:set package 'ur_robot_driver' build argument 'cmake_clean_first' from command line to 'False'
[1.614s] Level 5:colcon.colcon_core.verb:set package 'ur_robot_driver' build argument 'cmake_force_configure' from command line to 'False'
[1.614s] Level 5:colcon.colcon_core.verb:set package 'ur_robot_driver' build argument 'ament_cmake_args' from command line to 'None'
[1.614s] Level 5:colcon.colcon_core.verb:set package 'ur_robot_driver' build argument 'catkin_cmake_args' from command line to 'None'
[1.614s] Level 5:colcon.colcon_core.verb:set package 'ur_robot_driver' build argument 'catkin_skip_building_tests' from command line to 'False'
[1.614s] DEBUG:colcon.colcon_core.verb:Building package 'ur_robot_driver' with the following arguments: {'ament_cmake_args': None, 'build_base': '/home/adela/TFM_AdelaJimenez/build/ur_robot_driver', 'catkin_cmake_args': None, 'catkin_skip_building_tests': False, 'cmake_args': None, 'cmake_clean_cache': False, 'cmake_clean_first': False, 'cmake_force_configure': False, 'cmake_target': None, 'cmake_target_skip_unavailable': False, 'install_base': '/home/adela/TFM_AdelaJimenez/install/ur_robot_driver', 'merge_install': False, 'path': '/home/adela/TFM_AdelaJimenez/workspace/ros_ur_driver/src/Universal_Robots_ROS2_Driver/ur_robot_driver', 'symlink_install': False, 'test_result_base': None}
[1.615s] Level 5:colcon.colcon_core.verb:set package 'ur_calibration' build argument 'cmake_args' from command line to 'None'
[1.615s] Level 5:colcon.colcon_core.verb:set package 'ur_calibration' build argument 'cmake_target' from command line to 'None'
[1.615s] Level 5:colcon.colcon_core.verb:set package 'ur_calibration' build argument 'cmake_target_skip_unavailable' from command line to 'False'
[1.615s] Level 5:colcon.colcon_core.verb:set package 'ur_calibration' build argument 'cmake_clean_cache' from command line to 'False'
[1.615s] Level 5:colcon.colcon_core.verb:set package 'ur_calibration' build argument 'cmake_clean_first' from command line to 'False'
[1.615s] Level 5:colcon.colcon_core.verb:set package 'ur_calibration' build argument 'cmake_force_configure' from command line to 'False'
[1.615s] Level 5:colcon.colcon_core.verb:set package 'ur_calibration' build argument 'ament_cmake_args' from command line to 'None'
[1.615s] Level 5:colcon.colcon_core.verb:set package 'ur_calibration' build argument 'catkin_cmake_args' from command line to 'None'
[1.615s] Level 5:colcon.colcon_core.verb:set package 'ur_calibration' build argument 'catkin_skip_building_tests' from command line to 'False'
[1.615s] DEBUG:colcon.colcon_core.verb:Building package 'ur_calibration' with the following arguments: {'ament_cmake_args': None, 'build_base': '/home/adela/TFM_AdelaJimenez/build/ur_calibration', 'catkin_cmake_args': None, 'catkin_skip_building_tests': False, 'cmake_args': None, 'cmake_clean_cache': False, 'cmake_clean_first': False, 'cmake_force_configure': False, 'cmake_target': None, 'cmake_target_skip_unavailable': False, 'install_base': '/home/adela/TFM_AdelaJimenez/install/ur_calibration', 'merge_install': False, 'path': '/home/adela/TFM_AdelaJimenez/workspace/ros_ur_driver/src/Universal_Robots_ROS2_Driver/ur_calibration', 'symlink_install': False, 'test_result_base': None}
[1.616s] Level 5:colcon.colcon_core.verb:set package 'ur' build argument 'cmake_args' from command line to 'None'
[1.616s] Level 5:colcon.colcon_core.verb:set package 'ur' build argument 'cmake_target' from command line to 'None'
[1.616s] Level 5:colcon.colcon_core.verb:set package 'ur' build argument 'cmake_target_skip_unavailable' from command line to 'False'
[1.616s] Level 5:colcon.colcon_core.verb:set package 'ur' build argument 'cmake_clean_cache' from command line to 'False'
[1.616s] Level 5:colcon.colcon_core.verb:set package 'ur' build argument 'cmake_clean_first' from command line to 'False'
[1.616s] Level 5:colcon.colcon_core.verb:set package 'ur' build argument 'cmake_force_configure' from command line to 'False'
[1.616s] Level 5:colcon.colcon_core.verb:set package 'ur' build argument 'ament_cmake_args' from command line to 'None'
[1.616s] Level 5:colcon.colcon_core.verb:set package 'ur' build argument 'catkin_cmake_args' from command line to 'None'
[1.617s] Level 5:colcon.colcon_core.verb:set package 'ur' build argument 'catkin_skip_building_tests' from command line to 'False'
[1.617s] DEBUG:colcon.colcon_core.verb:Building package 'ur' with the following arguments: {'ament_cmake_args': None, 'build_base': '/home/adela/TFM_AdelaJimenez/build/ur', 'catkin_cmake_args': None, 'catkin_skip_building_tests': False, 'cmake_args': None, 'cmake_clean_cache': False, 'cmake_clean_first': False, 'cmake_force_configure': False, 'cmake_target': None, 'cmake_target_skip_unavailable': False, 'install_base': '/home/adela/TFM_AdelaJimenez/install/ur', 'merge_install': False, 'path': '/home/adela/TFM_AdelaJimenez/workspace/ros_ur_driver/src/Universal_Robots_ROS2_Driver/ur', 'symlink_install': False, 'test_result_base': None}
[1.617s] INFO:colcon.colcon_core.executor:Executing jobs using 'parallel' executor
[1.619s] DEBUG:colcon.colcon_parallel_executor.executor.parallel:run_until_complete
[1.620s] INFO:colcon.colcon_ros.task.ament_cmake.build:Building ROS package in '/home/adela/TFM_AdelaJimenez/workspace/ros_ur_driver/src/Universal_Robots_ROS2_Driver/ur_dashboard_msgs' with build type 'ament_cmake'
[1.621s] INFO:colcon.colcon_cmake.task.cmake.build:Building CMake package in '/home/adela/TFM_AdelaJimenez/workspace/ros_ur_driver/src/Universal_Robots_ROS2_Driver/ur_dashboard_msgs'
[1.625s] INFO:colcon.colcon_core.plugin_system:Skipping extension 'colcon_core.shell.bat': Not used on non-Windows systems
[1.626s] INFO:colcon.colcon_core.shell:Skip shell extension 'powershell' for command environment: Not usable outside of PowerShell
[1.627s] DEBUG:colcon.colcon_core.shell:Skip shell extension 'dsv' for command environment
[1.645s] INFO:colcon.colcon_ros.task.ament_cmake.build:Building ROS package in '/home/adela/TFM_AdelaJimenez/workspace/ros_ur_driver/src/Universal_Robots_ROS2_Description' with build type 'ament_cmake'
[1.646s] INFO:colcon.colcon_cmake.task.cmake.build:Building CMake package in '/home/adela/TFM_AdelaJimenez/workspace/ros_ur_driver/src/Universal_Robots_ROS2_Description'
[1.647s] INFO:colcon.colcon_core.shell:Skip shell extension 'powershell' for command environment: Not usable outside of PowerShell
[1.648s] DEBUG:colcon.colcon_core.shell:Skip shell extension 'dsv' for command environment
[1.684s] DEBUG:colcon.colcon_core.event_handler.log_command:Invoking command in '/home/adela/TFM_AdelaJimenez/build/ur_dashboard_msgs': CMAKE_PREFIX_PATH=${CMAKE_PREFIX_PATH}:/home/adela/TFM_AdelaJimenez/workspace/ros_ur_driver/install/trayectories:/home/adela/TFM_AdelaJimenez/workspace/ros_ur_driver/install/rutine_launcher:/home/adela/TFM_AdelaJimenez/workspace/ros_ur_driver/install/data_logger:/home/adela/TFM_AdelaJimenez/workspace/ros_ur_driver/install/build_platform:/home/adela/TFM_MiguelLerinAlonso/workspace/ros_ur_driver/install/trayectories:/home/adela/TFM_MiguelLerinAlonso/workspace/ros_ur_driver/install/rutine_launcher:/home/adela/TFM_MiguelLerinAlonso/workspace/ros_ur_driver/install/data_logger:/home/adela/TFM_MiguelLerinAlonso/workspace/ros_ur_driver/install/build_platform:/opt/ros/humble /usr/bin/cmake --build /home/adela/TFM_AdelaJimenez/build/ur_dashboard_msgs -- -j2 -l2
[1.732s] DEBUG:colcon.colcon_core.event_handler.log_command:Invoking command in '/home/adela/TFM_AdelaJimenez/build/ur_description': CMAKE_PREFIX_PATH=${CMAKE_PREFIX_PATH}:/home/adela/TFM_AdelaJimenez/workspace/ros_ur_driver/install/trayectories:/home/adela/TFM_AdelaJimenez/workspace/ros_ur_driver/install/rutine_launcher:/home/adela/TFM_AdelaJimenez/workspace/ros_ur_driver/install/data_logger:/home/adela/TFM_AdelaJimenez/workspace/ros_ur_driver/install/build_platform:/home/adela/TFM_MiguelLerinAlonso/workspace/ros_ur_driver/install/trayectories:/home/adela/TFM_MiguelLerinAlonso/workspace/ros_ur_driver/install/rutine_launcher:/home/adela/TFM_MiguelLerinAlonso/workspace/ros_ur_driver/install/data_logger:/home/adela/TFM_MiguelLerinAlonso/workspace/ros_ur_driver/install/build_platform:/opt/ros/humble /usr/bin/cmake --build /home/adela/TFM_AdelaJimenez/build/ur_description -- -j2 -l2
[1.975s] DEBUG:colcon.colcon_core.event_handler.log_command:Invoked command in '/home/adela/TFM_AdelaJimenez/build/ur_description' returned '0': CMAKE_PREFIX_PATH=${CMAKE_PREFIX_PATH}:/home/adela/TFM_AdelaJimenez/workspace/ros_ur_driver/install/trayectories:/home/adela/TFM_AdelaJimenez/workspace/ros_ur_driver/install/rutine_launcher:/home/adela/TFM_AdelaJimenez/workspace/ros_ur_driver/install/data_logger:/home/adela/TFM_AdelaJimenez/workspace/ros_ur_driver/install/build_platform:/home/adela/TFM_MiguelLerinAlonso/workspace/ros_ur_driver/install/trayectories:/home/adela/TFM_MiguelLerinAlonso/workspace/ros_ur_driver/install/rutine_launcher:/home/adela/TFM_MiguelLerinAlonso/workspace/ros_ur_driver/install/data_logger:/home/adela/TFM_MiguelLerinAlonso/workspace/ros_ur_driver/install/build_platform:/opt/ros/humble /usr/bin/cmake --build /home/adela/TFM_AdelaJimenez/build/ur_description -- -j2 -l2
[2.196s] DEBUG:colcon.colcon_core.event_handler.log_command:Invoking command in '/home/adela/TFM_AdelaJimenez/build/ur_description': CMAKE_PREFIX_PATH=${CMAKE_PREFIX_PATH}:/home/adela/TFM_AdelaJimenez/workspace/ros_ur_driver/install/trayectories:/home/adela/TFM_AdelaJimenez/workspace/ros_ur_driver/install/rutine_launcher:/home/adela/TFM_AdelaJimenez/workspace/ros_ur_driver/install/data_logger:/home/adela/TFM_AdelaJimenez/workspace/ros_ur_driver/install/build_platform:/home/adela/TFM_MiguelLerinAlonso/workspace/ros_ur_driver/install/trayectories:/home/adela/TFM_MiguelLerinAlonso/workspace/ros_ur_driver/install/rutine_launcher:/home/adela/TFM_MiguelLerinAlonso/workspace/ros_ur_driver/install/data_logger:/home/adela/TFM_MiguelLerinAlonso/workspace/ros_ur_driver/install/build_platform:/opt/ros/humble /usr/bin/cmake --install /home/adela/TFM_AdelaJimenez/build/ur_description
[2.350s] Level 1:colcon.colcon_core.environment:create_environment_scripts_only(ur_description)
[2.380s] Level 1:colcon.colcon_core.environment:checking '/home/adela/TFM_AdelaJimenez/install/ur_description' for CMake module files
[2.405s] Level 1:colcon.colcon_core.environment:checking '/home/adela/TFM_AdelaJimenez/install/ur_description' for CMake config files
[2.427s] Level 1:colcon.colcon_core.shell:create_environment_hook('ur_description', 'cmake_prefix_path')
[2.430s] INFO:colcon.colcon_core.shell:Creating environment hook '/home/adela/TFM_AdelaJimenez/install/ur_description/share/ur_description/hook/cmake_prefix_path.ps1'
[2.450s] INFO:colcon.colcon_core.shell:Creating environment descriptor '/home/adela/TFM_AdelaJimenez/install/ur_description/share/ur_description/hook/cmake_prefix_path.dsv'
[2.451s] INFO:colcon.colcon_core.shell:Creating environment hook '/home/adela/TFM_AdelaJimenez/install/ur_description/share/ur_description/hook/cmake_prefix_path.sh'
[2.472s] Level 1:colcon.colcon_core.environment:checking '/home/adela/TFM_AdelaJimenez/install/ur_description/bin'
[2.472s] Level 1:colcon.colcon_core.environment:checking '/home/adela/TFM_AdelaJimenez/install/ur_description/lib/pkgconfig/ur_description.pc'
[2.482s] DEBUG:colcon.colcon_core.event_handler.log_command:Invoked command in '/home/adela/TFM_AdelaJimenez/build/ur_description' returned '0': CMAKE_PREFIX_PATH=${CMAKE_PREFIX_PATH}:/home/adela/TFM_AdelaJimenez/workspace/ros_ur_driver/install/trayectories:/home/adela/TFM_AdelaJimenez/workspace/ros_ur_driver/install/rutine_launcher:/home/adela/TFM_AdelaJimenez/workspace/ros_ur_driver/install/data_logger:/home/adela/TFM_AdelaJimenez/workspace/ros_ur_driver/install/build_platform:/home/adela/TFM_MiguelLerinAlonso/workspace/ros_ur_driver/install/trayectories:/home/adela/TFM_MiguelLerinAlonso/workspace/ros_ur_driver/install/rutine_launcher:/home/adela/TFM_MiguelLerinAlonso/workspace/ros_ur_driver/install/data_logger:/home/adela/TFM_MiguelLerinAlonso/workspace/ros_ur_driver/install/build_platform:/opt/ros/humble /usr/bin/cmake --install /home/adela/TFM_AdelaJimenez/build/ur_description
[2.483s] Level 1:colcon.colcon_core.environment:checking '/home/adela/TFM_AdelaJimenez/install/ur_description/lib/python3.10/site-packages'
[2.483s] Level 1:colcon.colcon_core.environment:checking '/home/adela/TFM_AdelaJimenez/install/ur_description/bin'
[2.484s] INFO:colcon.colcon_core.shell:Creating package script '/home/adela/TFM_AdelaJimenez/install/ur_description/share/ur_description/package.ps1'
[2.500s] INFO:colcon.colcon_core.shell:Creating package descriptor '/home/adela/TFM_AdelaJimenez/install/ur_description/share/ur_description/package.dsv'
[2.514s] INFO:colcon.colcon_core.shell:Creating package script '/home/adela/TFM_AdelaJimenez/install/ur_description/share/ur_description/package.sh'
[2.518s] INFO:colcon.colcon_core.shell:Creating package script '/home/adela/TFM_AdelaJimenez/install/ur_description/share/ur_description/package.bash'
[2.521s] INFO:colcon.colcon_core.shell:Creating package script '/home/adela/TFM_AdelaJimenez/install/ur_description/share/ur_description/package.zsh'
[2.528s] Level 1:colcon.colcon_core.environment:create_file_with_runtime_dependencies(/home/adela/TFM_AdelaJimenez/install/ur_description/share/colcon-core/packages/ur_description)
[2.831s] Level 1:colcon.colcon_core.environment:create_environment_scripts_only(ur_description)
[2.836s] Level 1:colcon.colcon_core.environment:checking '/home/adela/TFM_AdelaJimenez/install/ur_description' for CMake module files
[2.842s] Level 1:colcon.colcon_core.environment:checking '/home/adela/TFM_AdelaJimenez/install/ur_description' for CMake config files
[2.847s] Level 1:colcon.colcon_core.shell:create_environment_hook('ur_description', 'cmake_prefix_path')
[2.853s] INFO:colcon.colcon_core.shell:Creating environment hook '/home/adela/TFM_AdelaJimenez/install/ur_description/share/ur_description/hook/cmake_prefix_path.ps1'
[2.858s] INFO:colcon.colcon_core.shell:Creating environment descriptor '/home/adela/TFM_AdelaJimenez/install/ur_description/share/ur_description/hook/cmake_prefix_path.dsv'
[2.862s] INFO:colcon.colcon_core.shell:Creating environment hook '/home/adela/TFM_AdelaJimenez/install/ur_description/share/ur_description/hook/cmake_prefix_path.sh'
[2.870s] Level 1:colcon.colcon_core.environment:checking '/home/adela/TFM_AdelaJimenez/install/ur_description/bin'
[2.871s] Level 1:colcon.colcon_core.environment:checking '/home/adela/TFM_AdelaJimenez/install/ur_description/lib/pkgconfig/ur_description.pc'
[2.871s] Level 1:colcon.colcon_core.environment:checking '/home/adela/TFM_AdelaJimenez/install/ur_description/lib/python3.10/site-packages'
[2.876s] Level 1:colcon.colcon_core.environment:checking '/home/adela/TFM_AdelaJimenez/install/ur_description/bin'
[2.879s] INFO:colcon.colcon_core.shell:Creating package script '/home/adela/TFM_AdelaJimenez/install/ur_description/share/ur_description/package.ps1'
[2.883s] INFO:colcon.colcon_core.shell:Creating package descriptor '/home/adela/TFM_AdelaJimenez/install/ur_description/share/ur_description/package.dsv'
[2.888s] INFO:colcon.colcon_core.shell:Creating package script '/home/adela/TFM_AdelaJimenez/install/ur_description/share/ur_description/package.sh'
[2.894s] INFO:colcon.colcon_core.shell:Creating package script '/home/adela/TFM_AdelaJimenez/install/ur_description/share/ur_description/package.bash'
[2.901s] INFO:colcon.colcon_core.shell:Creating package script '/home/adela/TFM_AdelaJimenez/install/ur_description/share/ur_description/package.zsh'
[2.902s] Level 1:colcon.colcon_core.environment:create_file_with_runtime_dependencies(/home/adela/TFM_AdelaJimenez/install/ur_description/share/colcon-core/packages/ur_description)
[2.909s] INFO:colcon.colcon_ros.task.ament_cmake.build:Building ROS package in '/home/adela/TFM_AdelaJimenez/workspace/ros_ur_driver/src/Universal_Robots_ROS2_Driver/ur_moveit_config' with build type 'ament_cmake'
[2.910s] INFO:colcon.colcon_cmake.task.cmake.build:Building CMake package in '/home/adela/TFM_AdelaJimenez/workspace/ros_ur_driver/src/Universal_Robots_ROS2_Driver/ur_moveit_config'
[2.912s] INFO:colcon.colcon_core.shell:Skip shell extension 'powershell' for command environment: Not usable outside of PowerShell
[2.912s] DEBUG:colcon.colcon_core.shell:Skip shell extension 'dsv' for command environment
[3.030s] DEBUG:colcon.colcon_core.event_handler.log_command:Invoking command in '/home/adela/TFM_AdelaJimenez/build/ur_moveit_config': AMENT_PREFIX_PATH=/home/adela/TFM_AdelaJimenez/install/ur_description:${AMENT_PREFIX_PATH} CMAKE_PREFIX_PATH=/home/adela/TFM_AdelaJimenez/install/ur_description:/home/adela/TFM_AdelaJimenez/workspace/ros_ur_driver/install/ur:/home/adela/TFM_AdelaJimenez/workspace/ros_ur_driver/install/ur_calibration:/home/adela/TFM_AdelaJimenez/workspace/ros_ur_driver/install/ur_robot_driver:/home/adela/TFM_AdelaJimenez/workspace/ros_ur_driver/install/ur_moveit_config:/home/adela/TFM_AdelaJimenez/workspace/ros_ur_driver/install/ur_bringup:/home/adela/TFM_AdelaJimenez/workspace/ros_ur_driver/install/ur_description:/home/adela/TFM_AdelaJimenez/workspace/ros_ur_driver/install/ur_controllers:/home/adela/TFM_AdelaJimenez/workspace/ros_ur_driver/install/ur_dashboard_msgs:/home/adela/TFM_MiguelLerinAlonso/workspace/ros_ur_driver/install/ur:/home/adela/TFM_MiguelLerinAlonso/workspace/ros_ur_driver/install/ur_calibration:/home/adela/TFM_MiguelLerinAlonso/workspace/ros_ur_driver/install/ur_robot_driver:/home/adela/TFM_MiguelLerinAlonso/workspace/ros_ur_driver/install/ur_moveit_config:/home/adela/TFM_MiguelLerinAlonso/workspace/ros_ur_driver/install/ur_bringup:/home/adela/TFM_MiguelLerinAlonso/workspace/ros_ur_driver/install/ur_description:/home/adela/TFM_MiguelLerinAlonso/workspace/ros_ur_driver/install/ur_controllers:/home/adela/TFM_MiguelLerinAlonso/workspace/ros_ur_driver/install/ur_dashboard_msgs:/home/adela/workspace/ros_ur_driver/install/ur:/home/adela/workspace/ros_ur_driver/install/ur_calibration:/home/adela/workspace/ros_ur_driver/install/ur_robot_driver:/home/adela/workspace/ros_ur_driver/install/ur_moveit_config:/home/adela/workspace/ros_ur_driver/install/ur_bringup:/home/adela/workspace/ros_ur_driver/install/ur_description:/home/adela/workspace/ros_ur_driver/install/ur_controllers:/home/adela/workspace/ros_ur_driver/install/ur_dashboard_msgs:/home/adela/TFM_AdelaJimenez/workspace/ros_ur_driver/install/trayectories:/home/adela/TFM_AdelaJimenez/workspace/ros_ur_driver/install/rutine_launcher:/home/adela/TFM_AdelaJimenez/workspace/ros_ur_driver/install/data_logger:/home/adela/TFM_AdelaJimenez/workspace/ros_ur_driver/install/build_platform:/home/adela/TFM_MiguelLerinAlonso/workspace/ros_ur_driver/install/trayectories:/home/adela/TFM_MiguelLerinAlonso/workspace/ros_ur_driver/install/rutine_launcher:/home/adela/TFM_MiguelLerinAlonso/workspace/ros_ur_driver/install/data_logger:/home/adela/TFM_MiguelLerinAlonso/workspace/ros_ur_driver/install/build_platform:/opt/ros/humble /usr/bin/cmake --build /home/adela/TFM_AdelaJimenez/build/ur_moveit_config -- -j2 -l2
[5.756s] DEBUG:colcon.colcon_core.event_handler.log_command:Invoked command in '/home/adela/TFM_AdelaJimenez/build/ur_moveit_config' returned '0': AMENT_PREFIX_PATH=/home/adela/TFM_AdelaJimenez/install/ur_description:${AMENT_PREFIX_PATH} CMAKE_PREFIX_PATH=/home/adela/TFM_AdelaJimenez/install/ur_description:/home/adela/TFM_AdelaJimenez/workspace/ros_ur_driver/install/ur:/home/adela/TFM_AdelaJimenez/workspace/ros_ur_driver/install/ur_calibration:/home/adela/TFM_AdelaJimenez/workspace/ros_ur_driver/install/ur_robot_driver:/home/adela/TFM_AdelaJimenez/workspace/ros_ur_driver/install/ur_moveit_config:/home/adela/TFM_AdelaJimenez/workspace/ros_ur_driver/install/ur_bringup:/home/adela/TFM_AdelaJimenez/workspace/ros_ur_driver/install/ur_description:/home/adela/TFM_AdelaJimenez/workspace/ros_ur_driver/install/ur_controllers:/home/adela/TFM_AdelaJimenez/workspace/ros_ur_driver/install/ur_dashboard_msgs:/home/adela/TFM_MiguelLerinAlonso/workspace/ros_ur_driver/install/ur:/home/adela/TFM_MiguelLerinAlonso/workspace/ros_ur_driver/install/ur_calibration:/home/adela/TFM_MiguelLerinAlonso/workspace/ros_ur_driver/install/ur_robot_driver:/home/adela/TFM_MiguelLerinAlonso/workspace/ros_ur_driver/install/ur_moveit_config:/home/adela/TFM_MiguelLerinAlonso/workspace/ros_ur_driver/install/ur_bringup:/home/adela/TFM_MiguelLerinAlonso/workspace/ros_ur_driver/install/ur_description:/home/adela/TFM_MiguelLerinAlonso/workspace/ros_ur_driver/install/ur_controllers:/home/adela/TFM_MiguelLerinAlonso/workspace/ros_ur_driver/install/ur_dashboard_msgs:/home/adela/workspace/ros_ur_driver/install/ur:/home/adela/workspace/ros_ur_driver/install/ur_calibration:/home/adela/workspace/ros_ur_driver/install/ur_robot_driver:/home/adela/workspace/ros_ur_driver/install/ur_moveit_config:/home/adela/workspace/ros_ur_driver/install/ur_bringup:/home/adela/workspace/ros_ur_driver/install/ur_description:/home/adela/workspace/ros_ur_driver/install/ur_controllers:/home/adela/workspace/ros_ur_driver/install/ur_dashboard_msgs:/home/adela/TFM_AdelaJimenez/workspace/ros_ur_driver/install/trayectories:/home/adela/TFM_AdelaJimenez/workspace/ros_ur_driver/install/rutine_launcher:/home/adela/TFM_AdelaJimenez/workspace/ros_ur_driver/install/data_logger:/home/adela/TFM_AdelaJimenez/workspace/ros_ur_driver/install/build_platform:/home/adela/TFM_MiguelLerinAlonso/workspace/ros_ur_driver/install/trayectories:/home/adela/TFM_MiguelLerinAlonso/workspace/ros_ur_driver/install/rutine_launcher:/home/adela/TFM_MiguelLerinAlonso/workspace/ros_ur_driver/install/data_logger:/home/adela/TFM_MiguelLerinAlonso/workspace/ros_ur_driver/install/build_platform:/opt/ros/humble /usr/bin/cmake --build /home/adela/TFM_AdelaJimenez/build/ur_moveit_config -- -j2 -l2
[5.942s] DEBUG:colcon.colcon_core.event_handler.log_command:Invoking command in '/home/adela/TFM_AdelaJimenez/build/ur_moveit_config': AMENT_PREFIX_PATH=/home/adela/TFM_AdelaJimenez/install/ur_description:${AMENT_PREFIX_PATH} CMAKE_PREFIX_PATH=/home/adela/TFM_AdelaJimenez/install/ur_description:/home/adela/TFM_AdelaJimenez/workspace/ros_ur_driver/install/ur:/home/adela/TFM_AdelaJimenez/workspace/ros_ur_driver/install/ur_calibration:/home/adela/TFM_AdelaJimenez/workspace/ros_ur_driver/install/ur_robot_driver:/home/adela/TFM_AdelaJimenez/workspace/ros_ur_driver/install/ur_moveit_config:/home/adela/TFM_AdelaJimenez/workspace/ros_ur_driver/install/ur_bringup:/home/adela/TFM_AdelaJimenez/workspace/ros_ur_driver/install/ur_description:/home/adela/TFM_AdelaJimenez/workspace/ros_ur_driver/install/ur_controllers:/home/adela/TFM_AdelaJimenez/workspace/ros_ur_driver/install/ur_dashboard_msgs:/home/adela/TFM_MiguelLerinAlonso/workspace/ros_ur_driver/install/ur:/home/adela/TFM_MiguelLerinAlonso/workspace/ros_ur_driver/install/ur_calibration:/home/adela/TFM_MiguelLerinAlonso/workspace/ros_ur_driver/install/ur_robot_driver:/home/adela/TFM_MiguelLerinAlonso/workspace/ros_ur_driver/install/ur_moveit_config:/home/adela/TFM_MiguelLerinAlonso/workspace/ros_ur_driver/install/ur_bringup:/home/adela/TFM_MiguelLerinAlonso/workspace/ros_ur_driver/install/ur_description:/home/adela/TFM_MiguelLerinAlonso/workspace/ros_ur_driver/install/ur_controllers:/home/adela/TFM_MiguelLerinAlonso/workspace/ros_ur_driver/install/ur_dashboard_msgs:/home/adela/workspace/ros_ur_driver/install/ur:/home/adela/workspace/ros_ur_driver/install/ur_calibration:/home/adela/workspace/ros_ur_driver/install/ur_robot_driver:/home/adela/workspace/ros_ur_driver/install/ur_moveit_config:/home/adela/workspace/ros_ur_driver/install/ur_bringup:/home/adela/workspace/ros_ur_driver/install/ur_description:/home/adela/workspace/ros_ur_driver/install/ur_controllers:/home/adela/workspace/ros_ur_driver/install/ur_dashboard_msgs:/home/adela/TFM_AdelaJimenez/workspace/ros_ur_driver/install/trayectories:/home/adela/TFM_AdelaJimenez/workspace/ros_ur_driver/install/rutine_launcher:/home/adela/TFM_AdelaJimenez/workspace/ros_ur_driver/install/data_logger:/home/adela/TFM_AdelaJimenez/workspace/ros_ur_driver/install/build_platform:/home/adela/TFM_MiguelLerinAlonso/workspace/ros_ur_driver/install/trayectories:/home/adela/TFM_MiguelLerinAlonso/workspace/ros_ur_driver/install/rutine_launcher:/home/adela/TFM_MiguelLerinAlonso/workspace/ros_ur_driver/install/data_logger:/home/adela/TFM_MiguelLerinAlonso/workspace/ros_ur_driver/install/build_platform:/opt/ros/humble /usr/bin/cmake --install /home/adela/TFM_AdelaJimenez/build/ur_moveit_config
[6.034s] DEBUG:colcon.colcon_core.event_handler.log_command:Invoked command in '/home/adela/TFM_AdelaJimenez/build/ur_dashboard_msgs' returned '0': CMAKE_PREFIX_PATH=${CMAKE_PREFIX_PATH}:/home/adela/TFM_AdelaJimenez/workspace/ros_ur_driver/install/trayectories:/home/adela/TFM_AdelaJimenez/workspace/ros_ur_driver/install/rutine_launcher:/home/adela/TFM_AdelaJimenez/workspace/ros_ur_driver/install/data_logger:/home/adela/TFM_AdelaJimenez/workspace/ros_ur_driver/install/build_platform:/home/adela/TFM_MiguelLerinAlonso/workspace/ros_ur_driver/install/trayectories:/home/adela/TFM_MiguelLerinAlonso/workspace/ros_ur_driver/install/rutine_launcher:/home/adela/TFM_MiguelLerinAlonso/workspace/ros_ur_driver/install/data_logger:/home/adela/TFM_MiguelLerinAlonso/workspace/ros_ur_driver/install/build_platform:/opt/ros/humble /usr/bin/cmake --build /home/adela/TFM_AdelaJimenez/build/ur_dashboard_msgs -- -j2 -l2
[6.910s] Level 1:colcon.colcon_core.environment:create_environment_scripts_only(ur_moveit_config)
[6.911s] Level 1:colcon.colcon_core.environment:checking '/home/adela/TFM_AdelaJimenez/install/ur_moveit_config' for CMake module files
[6.911s] Level 1:colcon.colcon_core.environment:checking '/home/adela/TFM_AdelaJimenez/install/ur_moveit_config' for CMake config files
[6.912s] DEBUG:colcon.colcon_core.event_handler.log_command:Invoked command in '/home/adela/TFM_AdelaJimenez/build/ur_moveit_config' returned '0': AMENT_PREFIX_PATH=/home/adela/TFM_AdelaJimenez/install/ur_description:${AMENT_PREFIX_PATH} CMAKE_PREFIX_PATH=/home/adela/TFM_AdelaJimenez/install/ur_description:/home/adela/TFM_AdelaJimenez/workspace/ros_ur_driver/install/ur:/home/adela/TFM_AdelaJimenez/workspace/ros_ur_driver/install/ur_calibration:/home/adela/TFM_AdelaJimenez/workspace/ros_ur_driver/install/ur_robot_driver:/home/adela/TFM_AdelaJimenez/workspace/ros_ur_driver/install/ur_moveit_config:/home/adela/TFM_AdelaJimenez/workspace/ros_ur_driver/install/ur_bringup:/home/adela/TFM_AdelaJimenez/workspace/ros_ur_driver/install/ur_description:/home/adela/TFM_AdelaJimenez/workspace/ros_ur_driver/install/ur_controllers:/home/adela/TFM_AdelaJimenez/workspace/ros_ur_driver/install/ur_dashboard_msgs:/home/adela/TFM_MiguelLerinAlonso/workspace/ros_ur_driver/install/ur:/home/adela/TFM_MiguelLerinAlonso/workspace/ros_ur_driver/install/ur_calibration:/home/adela/TFM_MiguelLerinAlonso/workspace/ros_ur_driver/install/ur_robot_driver:/home/adela/TFM_MiguelLerinAlonso/workspace/ros_ur_driver/install/ur_moveit_config:/home/adela/TFM_MiguelLerinAlonso/workspace/ros_ur_driver/install/ur_bringup:/home/adela/TFM_MiguelLerinAlonso/workspace/ros_ur_driver/install/ur_description:/home/adela/TFM_MiguelLerinAlonso/workspace/ros_ur_driver/install/ur_controllers:/home/adela/TFM_MiguelLerinAlonso/workspace/ros_ur_driver/install/ur_dashboard_msgs:/home/adela/workspace/ros_ur_driver/install/ur:/home/adela/workspace/ros_ur_driver/install/ur_calibration:/home/adela/workspace/ros_ur_driver/install/ur_robot_driver:/home/adela/workspace/ros_ur_driver/install/ur_moveit_config:/home/adela/workspace/ros_ur_driver/install/ur_bringup:/home/adela/workspace/ros_ur_driver/install/ur_description:/home/adela/workspace/ros_ur_driver/install/ur_controllers:/home/adela/workspace/ros_ur_driver/install/ur_dashboard_msgs:/home/adela/TFM_AdelaJimenez/workspace/ros_ur_driver/install/trayectories:/home/adela/TFM_AdelaJimenez/workspace/ros_ur_driver/install/rutine_launcher:/home/adela/TFM_AdelaJimenez/workspace/ros_ur_driver/install/data_logger:/home/adela/TFM_AdelaJimenez/workspace/ros_ur_driver/install/build_platform:/home/adela/TFM_MiguelLerinAlonso/workspace/ros_ur_driver/install/trayectories:/home/adela/TFM_MiguelLerinAlonso/workspace/ros_ur_driver/install/rutine_launcher:/home/adela/TFM_MiguelLerinAlonso/workspace/ros_ur_driver/install/data_logger:/home/adela/TFM_MiguelLerinAlonso/workspace/ros_ur_driver/install/build_platform:/opt/ros/humble /usr/bin/cmake --install /home/adela/TFM_AdelaJimenez/build/ur_moveit_config
[6.914s] Level 1:colcon.colcon_core.shell:create_environment_hook('ur_moveit_config', 'cmake_prefix_path')
[6.914s] INFO:colcon.colcon_core.shell:Creating environment hook '/home/adela/TFM_AdelaJimenez/install/ur_moveit_config/share/ur_moveit_config/hook/cmake_prefix_path.ps1'
[6.916s] INFO:colcon.colcon_core.shell:Creating environment descriptor '/home/adela/TFM_AdelaJimenez/install/ur_moveit_config/share/ur_moveit_config/hook/cmake_prefix_path.dsv'
[6.919s] INFO:colcon.colcon_core.shell:Creating environment hook '/home/adela/TFM_AdelaJimenez/install/ur_moveit_config/share/ur_moveit_config/hook/cmake_prefix_path.sh'
[6.923s] Level 1:colcon.colcon_core.environment:checking '/home/adela/TFM_AdelaJimenez/install/ur_moveit_config/bin'
[6.923s] Level 1:colcon.colcon_core.environment:checking '/home/adela/TFM_AdelaJimenez/install/ur_moveit_config/lib/pkgconfig/ur_moveit_config.pc'
[6.923s] Level 1:colcon.colcon_core.environment:checking '/home/adela/TFM_AdelaJimenez/install/ur_moveit_config/lib/python3.10/site-packages'
[6.927s] Level 1:colcon.colcon_core.environment:checking '/home/adela/TFM_AdelaJimenez/install/ur_moveit_config/bin'
[6.927s] INFO:colcon.colcon_core.shell:Creating package script '/home/adela/TFM_AdelaJimenez/install/ur_moveit_config/share/ur_moveit_config/package.ps1'
[6.928s] INFO:colcon.colcon_core.shell:Creating package descriptor '/home/adela/TFM_AdelaJimenez/install/ur_moveit_config/share/ur_moveit_config/package.dsv'
[6.931s] INFO:colcon.colcon_core.shell:Creating package script '/home/adela/TFM_AdelaJimenez/install/ur_moveit_config/share/ur_moveit_config/package.sh'
[6.931s] INFO:colcon.colcon_core.shell:Creating package script '/home/adela/TFM_AdelaJimenez/install/ur_moveit_config/share/ur_moveit_config/package.bash'
[6.936s] INFO:colcon.colcon_core.shell:Creating package script '/home/adela/TFM_AdelaJimenez/install/ur_moveit_config/share/ur_moveit_config/package.zsh'
[6.937s] Level 1:colcon.colcon_core.environment:create_file_with_runtime_dependencies(/home/adela/TFM_AdelaJimenez/install/ur_moveit_config/share/colcon-core/packages/ur_moveit_config)
[7.042s] Level 1:colcon.colcon_core.environment:create_environment_scripts_only(ur_moveit_config)
[7.043s] Level 1:colcon.colcon_core.environment:checking '/home/adela/TFM_AdelaJimenez/install/ur_moveit_config' for CMake module files
[7.049s] Level 1:colcon.colcon_core.environment:checking '/home/adela/TFM_AdelaJimenez/install/ur_moveit_config' for CMake config files
[7.053s] Level 1:colcon.colcon_core.shell:create_environment_hook('ur_moveit_config', 'cmake_prefix_path')
[7.060s] INFO:colcon.colcon_core.shell:Creating environment hook '/home/adela/TFM_AdelaJimenez/install/ur_moveit_config/share/ur_moveit_config/hook/cmake_prefix_path.ps1'
[7.067s] INFO:colcon.colcon_core.shell:Creating environment descriptor '/home/adela/TFM_AdelaJimenez/install/ur_moveit_config/share/ur_moveit_config/hook/cmake_prefix_path.dsv'
[7.073s] INFO:colcon.colcon_core.shell:Creating environment hook '/home/adela/TFM_AdelaJimenez/install/ur_moveit_config/share/ur_moveit_config/hook/cmake_prefix_path.sh'
[7.080s] Level 1:colcon.colcon_core.environment:checking '/home/adela/TFM_AdelaJimenez/install/ur_moveit_config/bin'
[7.083s] Level 1:colcon.colcon_core.environment:checking '/home/adela/TFM_AdelaJimenez/install/ur_moveit_config/lib/pkgconfig/ur_moveit_config.pc'
[7.084s] Level 1:colcon.colcon_core.environment:checking '/home/adela/TFM_AdelaJimenez/install/ur_moveit_config/lib/python3.10/site-packages'
[7.089s] Level 1:colcon.colcon_core.environment:checking '/home/adela/TFM_AdelaJimenez/install/ur_moveit_config/bin'
[7.095s] INFO:colcon.colcon_core.shell:Creating package script '/home/adela/TFM_AdelaJimenez/install/ur_moveit_config/share/ur_moveit_config/package.ps1'
[7.098s] INFO:colcon.colcon_core.shell:Creating package descriptor '/home/adela/TFM_AdelaJimenez/install/ur_moveit_config/share/ur_moveit_config/package.dsv'
[7.109s] INFO:colcon.colcon_core.shell:Creating package script '/home/adela/TFM_AdelaJimenez/install/ur_moveit_config/share/ur_moveit_config/package.sh'
[7.115s] INFO:colcon.colcon_core.shell:Creating package script '/home/adela/TFM_AdelaJimenez/install/ur_moveit_config/share/ur_moveit_config/package.bash'
[7.120s] INFO:colcon.colcon_core.shell:Creating package script '/home/adela/TFM_AdelaJimenez/install/ur_moveit_config/share/ur_moveit_config/package.zsh'
[7.121s] Level 1:colcon.colcon_core.environment:create_file_with_runtime_dependencies(/home/adela/TFM_AdelaJimenez/install/ur_moveit_config/share/colcon-core/packages/ur_moveit_config)
[7.130s] INFO:colcon.colcon_ros.task.ament_python.build:Building ROS package in '/home/adela/TFM_AdelaJimenez/workspace/ros_ur_driver/src/build_platform' with build type 'ament_python'
[7.131s] Level 1:colcon.colcon_core.shell:create_environment_hook('build_platform', 'ament_prefix_path')
[7.131s] INFO:colcon.colcon_core.shell:Creating environment hook '/home/adela/TFM_AdelaJimenez/install/build_platform/share/build_platform/hook/ament_prefix_path.ps1'
[7.135s] INFO:colcon.colcon_core.shell:Creating environment descriptor '/home/adela/TFM_AdelaJimenez/install/build_platform/share/build_platform/hook/ament_prefix_path.dsv'
[7.143s] INFO:colcon.colcon_core.shell:Creating environment hook '/home/adela/TFM_AdelaJimenez/install/build_platform/share/build_platform/hook/ament_prefix_path.sh'
[7.147s] INFO:colcon.colcon_core.shell:Skip shell extension 'powershell' for command environment: Not usable outside of PowerShell
[7.147s] DEBUG:colcon.colcon_core.shell:Skip shell extension 'dsv' for command environment
[9.248s] INFO:colcon.colcon_core.task.python.build:Building Python package in '/home/adela/TFM_AdelaJimenez/workspace/ros_ur_driver/src/build_platform'
[9.249s] INFO:colcon.colcon_core.shell:Skip shell extension 'powershell' for command environment: Not usable outside of PowerShell
[9.249s] DEBUG:colcon.colcon_core.shell:Skip shell extension 'dsv' for command environment
[9.368s] DEBUG:colcon.colcon_core.event_handler.log_command:Invoking command in '/home/adela/TFM_AdelaJimenez/build/ur_dashboard_msgs': CMAKE_PREFIX_PATH=${CMAKE_PREFIX_PATH}:/home/adela/TFM_AdelaJimenez/workspace/ros_ur_driver/install/trayectories:/home/adela/TFM_AdelaJimenez/workspace/ros_ur_driver/install/rutine_launcher:/home/adela/TFM_AdelaJimenez/workspace/ros_ur_driver/install/data_logger:/home/adela/TFM_AdelaJimenez/workspace/ros_ur_driver/install/build_platform:/home/adela/TFM_MiguelLerinAlonso/workspace/ros_ur_driver/install/trayectories:/home/adela/TFM_MiguelLerinAlonso/workspace/ros_ur_driver/install/rutine_launcher:/home/adela/TFM_MiguelLerinAlonso/workspace/ros_ur_driver/install/data_logger:/home/adela/TFM_MiguelLerinAlonso/workspace/ros_ur_driver/install/build_platform:/opt/ros/humble /usr/bin/cmake --install /home/adela/TFM_AdelaJimenez/build/ur_dashboard_msgs
[10.395s] Level 1:colcon.colcon_core.environment:create_environment_scripts_only(ur_dashboard_msgs)
[10.396s] Level 1:colcon.colcon_core.environment:checking '/home/adela/TFM_AdelaJimenez/install/ur_dashboard_msgs' for CMake module files
[10.416s] Level 1:colcon.colcon_core.environment:checking '/home/adela/TFM_AdelaJimenez/install/ur_dashboard_msgs' for CMake config files
[10.417s] Level 1:colcon.colcon_core.shell:create_environment_hook('ur_dashboard_msgs', 'cmake_prefix_path')
[10.417s] INFO:colcon.colcon_core.shell:Creating environment hook '/home/adela/TFM_AdelaJimenez/install/ur_dashboard_msgs/share/ur_dashboard_msgs/hook/cmake_prefix_path.ps1'
[10.421s] INFO:colcon.colcon_core.shell:Creating environment descriptor '/home/adela/TFM_AdelaJimenez/install/ur_dashboard_msgs/share/ur_dashboard_msgs/hook/cmake_prefix_path.dsv'
[10.421s] INFO:colcon.colcon_core.shell:Creating environment hook '/home/adela/TFM_AdelaJimenez/install/ur_dashboard_msgs/share/ur_dashboard_msgs/hook/cmake_prefix_path.sh'
[10.422s] Level 1:colcon.colcon_core.environment:checking '/home/adela/TFM_AdelaJimenez/install/ur_dashboard_msgs/lib'
[10.429s] DEBUG:colcon.colcon_core.event_handler.log_command:Invoked command in '/home/adela/TFM_AdelaJimenez/build/ur_dashboard_msgs' returned '0': CMAKE_PREFIX_PATH=${CMAKE_PREFIX_PATH}:/home/adela/TFM_AdelaJimenez/workspace/ros_ur_driver/install/trayectories:/home/adela/TFM_AdelaJimenez/workspace/ros_ur_driver/install/rutine_launcher:/home/adela/TFM_AdelaJimenez/workspace/ros_ur_driver/install/data_logger:/home/adela/TFM_AdelaJimenez/workspace/ros_ur_driver/install/build_platform:/home/adela/TFM_MiguelLerinAlonso/workspace/ros_ur_driver/install/trayectories:/home/adela/TFM_MiguelLerinAlonso/workspace/ros_ur_driver/install/rutine_launcher:/home/adela/TFM_MiguelLerinAlonso/workspace/ros_ur_driver/install/data_logger:/home/adela/TFM_MiguelLerinAlonso/workspace/ros_ur_driver/install/build_platform:/opt/ros/humble /usr/bin/cmake --install /home/adela/TFM_AdelaJimenez/build/ur_dashboard_msgs
[10.430s] Level 1:colcon.colcon_core.shell:create_environment_hook('ur_dashboard_msgs', 'ld_library_path_lib')
[10.430s] INFO:colcon.colcon_core.shell:Creating environment hook '/home/adela/TFM_AdelaJimenez/install/ur_dashboard_msgs/share/ur_dashboard_msgs/hook/ld_library_path_lib.ps1'
[10.432s] INFO:colcon.colcon_core.shell:Creating environment descriptor '/home/adela/TFM_AdelaJimenez/install/ur_dashboard_msgs/share/ur_dashboard_msgs/hook/ld_library_path_lib.dsv'
[10.432s] INFO:colcon.colcon_core.shell:Creating environment hook '/home/adela/TFM_AdelaJimenez/install/ur_dashboard_msgs/share/ur_dashboard_msgs/hook/ld_library_path_lib.sh'
[10.452s] Level 1:colcon.colcon_core.environment:checking '/home/adela/TFM_AdelaJimenez/install/ur_dashboard_msgs/bin'
[10.452s] Level 1:colcon.colcon_core.environment:checking '/home/adela/TFM_AdelaJimenez/install/ur_dashboard_msgs/lib/pkgconfig/ur_dashboard_msgs.pc'
[10.452s] Level 1:colcon.colcon_core.environment:checking '/home/adela/TFM_AdelaJimenez/install/ur_dashboard_msgs/lib/python3.10/site-packages'
[10.452s] Level 1:colcon.colcon_core.environment:checking '/home/adela/TFM_AdelaJimenez/install/ur_dashboard_msgs/bin'
[10.456s] INFO:colcon.colcon_core.shell:Creating package script '/home/adela/TFM_AdelaJimenez/install/ur_dashboard_msgs/share/ur_dashboard_msgs/package.ps1'
[10.457s] INFO:colcon.colcon_core.shell:Creating package descriptor '/home/adela/TFM_AdelaJimenez/install/ur_dashboard_msgs/share/ur_dashboard_msgs/package.dsv'
[10.458s] INFO:colcon.colcon_core.shell:Creating package script '/home/adela/TFM_AdelaJimenez/install/ur_dashboard_msgs/share/ur_dashboard_msgs/package.sh'
[10.458s] INFO:colcon.colcon_core.shell:Creating package script '/home/adela/TFM_AdelaJimenez/install/ur_dashboard_msgs/share/ur_dashboard_msgs/package.bash'
[10.459s] INFO:colcon.colcon_core.shell:Creating package script '/home/adela/TFM_AdelaJimenez/install/ur_dashboard_msgs/share/ur_dashboard_msgs/package.zsh'
[10.478s] Level 1:colcon.colcon_core.environment:create_file_with_runtime_dependencies(/home/adela/TFM_AdelaJimenez/install/ur_dashboard_msgs/share/colcon-core/packages/ur_dashboard_msgs)
[13.620s] Level 1:colcon.colcon_core.environment:create_environment_scripts_only(ur_dashboard_msgs)
[13.621s] Level 1:colcon.colcon_core.environment:checking '/home/adela/TFM_AdelaJimenez/install/ur_dashboard_msgs' for CMake module files
[13.629s] Level 1:colcon.colcon_core.environment:checking '/home/adela/TFM_AdelaJimenez/install/ur_dashboard_msgs' for CMake config files
[13.636s] Level 1:colcon.colcon_core.shell:create_environment_hook('ur_dashboard_msgs', 'cmake_prefix_path')
[13.648s] INFO:colcon.colcon_core.shell:Creating environment hook '/home/adela/TFM_AdelaJimenez/install/ur_dashboard_msgs/share/ur_dashboard_msgs/hook/cmake_prefix_path.ps1'
[13.651s] INFO:colcon.colcon_core.shell:Creating environment descriptor '/home/adela/TFM_AdelaJimenez/install/ur_dashboard_msgs/share/ur_dashboard_msgs/hook/cmake_prefix_path.dsv'
[13.661s] INFO:colcon.colcon_core.shell:Creating environment hook '/home/adela/TFM_AdelaJimenez/install/ur_dashboard_msgs/share/ur_dashboard_msgs/hook/cmake_prefix_path.sh'
[13.665s] Level 1:colcon.colcon_core.environment:checking '/home/adela/TFM_AdelaJimenez/install/ur_dashboard_msgs/lib'
[13.665s] Level 1:colcon.colcon_core.shell:create_environment_hook('ur_dashboard_msgs', 'ld_library_path_lib')
[13.666s] INFO:colcon.colcon_core.shell:Creating environment hook '/home/adela/TFM_AdelaJimenez/install/ur_dashboard_msgs/share/ur_dashboard_msgs/hook/ld_library_path_lib.ps1'
[13.673s] INFO:colcon.colcon_core.shell:Creating environment descriptor '/home/adela/TFM_AdelaJimenez/install/ur_dashboard_msgs/share/ur_dashboard_msgs/hook/ld_library_path_lib.dsv'
[13.681s] INFO:colcon.colcon_core.shell:Creating environment hook '/home/adela/TFM_AdelaJimenez/install/ur_dashboard_msgs/share/ur_dashboard_msgs/hook/ld_library_path_lib.sh'
[13.687s] Level 1:colcon.colcon_core.environment:checking '/home/adela/TFM_AdelaJimenez/install/ur_dashboard_msgs/bin'
[13.688s] Level 1:colcon.colcon_core.environment:checking '/home/adela/TFM_AdelaJimenez/install/ur_dashboard_msgs/lib/pkgconfig/ur_dashboard_msgs.pc'
[13.691s] Level 1:colcon.colcon_core.environment:checking '/home/adela/TFM_AdelaJimenez/install/ur_dashboard_msgs/lib/python3.10/site-packages'
[13.695s] Level 1:colcon.colcon_core.environment:checking '/home/adela/TFM_AdelaJimenez/install/ur_dashboard_msgs/bin'
[13.704s] INFO:colcon.colcon_core.shell:Creating package script '/home/adela/TFM_AdelaJimenez/install/ur_dashboard_msgs/share/ur_dashboard_msgs/package.ps1'
[13.714s] INFO:colcon.colcon_core.shell:Creating package descriptor '/home/adela/TFM_AdelaJimenez/install/ur_dashboard_msgs/share/ur_dashboard_msgs/package.dsv'
[13.720s] INFO:colcon.colcon_core.shell:Creating package script '/home/adela/TFM_AdelaJimenez/install/ur_dashboard_msgs/share/ur_dashboard_msgs/package.sh'
[13.724s] INFO:colcon.colcon_core.shell:Creating package script '/home/adela/TFM_AdelaJimenez/install/ur_dashboard_msgs/share/ur_dashboard_msgs/package.bash'
[13.731s] INFO:colcon.colcon_core.shell:Creating package script '/home/adela/TFM_AdelaJimenez/install/ur_dashboard_msgs/share/ur_dashboard_msgs/package.zsh'
[13.734s] Level 1:colcon.colcon_core.environment:create_file_with_runtime_dependencies(/home/adela/TFM_AdelaJimenez/install/ur_dashboard_msgs/share/colcon-core/packages/ur_dashboard_msgs)
[13.739s] INFO:colcon.colcon_ros.task.ament_cmake.build:Building ROS package in '/home/adela/TFM_AdelaJimenez/workspace/ros_ur_driver/src/Universal_Robots_ROS2_Driver/ur_controllers' with build type 'ament_cmake'
[13.739s] INFO:colcon.colcon_cmake.task.cmake.build:Building CMake package in '/home/adela/TFM_AdelaJimenez/workspace/ros_ur_driver/src/Universal_Robots_ROS2_Driver/ur_controllers'
[13.741s] INFO:colcon.colcon_core.shell:Skip shell extension 'powershell' for command environment: Not usable outside of PowerShell
[13.741s] DEBUG:colcon.colcon_core.shell:Skip shell extension 'dsv' for command environment
[13.863s] DEBUG:colcon.colcon_core.event_handler.log_command:Invoking command in '/home/adela/TFM_AdelaJimenez/workspace/ros_ur_driver/src/build_platform': PYTHONPATH=/home/adela/TFM_AdelaJimenez/build/build_platform/prefix_override:/home/adela/TFM_AdelaJimenez/install/build_platform/lib/python3.10/site-packages:${PYTHONPATH} /usr/bin/python3 -W ignore:setup.py install is deprecated setup.py egg_info --egg-base ../../../../build/build_platform build --build-base /home/adela/TFM_AdelaJimenez/build/build_platform/build install --record /home/adela/TFM_AdelaJimenez/build/build_platform/install.log --single-version-externally-managed install_data
[13.893s] DEBUG:colcon.colcon_core.event_handler.log_command:Invoking command in '/home/adela/TFM_AdelaJimenez/build/ur_controllers': AMENT_PREFIX_PATH=/home/adela/TFM_AdelaJimenez/install/ur_dashboard_msgs:${AMENT_PREFIX_PATH} CMAKE_PREFIX_PATH=/home/adela/TFM_AdelaJimenez/install/ur_dashboard_msgs:/home/adela/TFM_AdelaJimenez/workspace/ros_ur_driver/install/ur:/home/adela/TFM_AdelaJimenez/workspace/ros_ur_driver/install/ur_calibration:/home/adela/TFM_AdelaJimenez/workspace/ros_ur_driver/install/ur_robot_driver:/home/adela/TFM_AdelaJimenez/workspace/ros_ur_driver/install/ur_moveit_config:/home/adela/TFM_AdelaJimenez/workspace/ros_ur_driver/install/ur_bringup:/home/adela/TFM_AdelaJimenez/workspace/ros_ur_driver/install/ur_description:/home/adela/TFM_AdelaJimenez/workspace/ros_ur_driver/install/ur_controllers:/home/adela/TFM_AdelaJimenez/workspace/ros_ur_driver/install/ur_dashboard_msgs:/home/adela/TFM_MiguelLerinAlonso/workspace/ros_ur_driver/install/ur:/home/adela/TFM_MiguelLerinAlonso/workspace/ros_ur_driver/install/ur_calibration:/home/adela/TFM_MiguelLerinAlonso/workspace/ros_ur_driver/install/ur_robot_driver:/home/adela/TFM_MiguelLerinAlonso/workspace/ros_ur_driver/install/ur_moveit_config:/home/adela/TFM_MiguelLerinAlonso/workspace/ros_ur_driver/install/ur_bringup:/home/adela/TFM_MiguelLerinAlonso/workspace/ros_ur_driver/install/ur_description:/home/adela/TFM_MiguelLerinAlonso/workspace/ros_ur_driver/install/ur_controllers:/home/adela/TFM_MiguelLerinAlonso/workspace/ros_ur_driver/install/ur_dashboard_msgs:/home/adela/workspace/ros_ur_driver/install/ur:/home/adela/workspace/ros_ur_driver/install/ur_calibration:/home/adela/workspace/ros_ur_driver/install/ur_robot_driver:/home/adela/workspace/ros_ur_driver/install/ur_moveit_config:/home/adela/workspace/ros_ur_driver/install/ur_bringup:/home/adela/workspace/ros_ur_driver/install/ur_description:/home/adela/workspace/ros_ur_driver/install/ur_controllers:/home/adela/workspace/ros_ur_driver/install/ur_dashboard_msgs:/home/adela/TFM_AdelaJimenez/workspace/ros_ur_driver/install/trayectories:/home/adela/TFM_AdelaJimenez/workspace/ros_ur_driver/install/rutine_launcher:/home/adela/TFM_AdelaJimenez/workspace/ros_ur_driver/install/data_logger:/home/adela/TFM_AdelaJimenez/workspace/ros_ur_driver/install/build_platform:/home/adela/TFM_MiguelLerinAlonso/workspace/ros_ur_driver/install/trayectories:/home/adela/TFM_MiguelLerinAlonso/workspace/ros_ur_driver/install/rutine_launcher:/home/adela/TFM_MiguelLerinAlonso/workspace/ros_ur_driver/install/data_logger:/home/adela/TFM_MiguelLerinAlonso/workspace/ros_ur_driver/install/build_platform:/opt/ros/humble LD_LIBRARY_PATH=/home/adela/TFM_AdelaJimenez/install/ur_dashboard_msgs/lib:${LD_LIBRARY_PATH} PYTHONPATH=/home/adela/TFM_AdelaJimenez/install/ur_dashboard_msgs/local/lib/python3.10/dist-packages:${PYTHONPATH} /usr/bin/cmake --build /home/adela/TFM_AdelaJimenez/build/ur_controllers -- -j2 -l2
[15.410s] DEBUG:colcon.colcon_core.event_handler.log_command:Invoked command in '/home/adela/TFM_AdelaJimenez/build/ur_controllers' returned '0': AMENT_PREFIX_PATH=/home/adela/TFM_AdelaJimenez/install/ur_dashboard_msgs:${AMENT_PREFIX_PATH} CMAKE_PREFIX_PATH=/home/adela/TFM_AdelaJimenez/install/ur_dashboard_msgs:/home/adela/TFM_AdelaJimenez/workspace/ros_ur_driver/install/ur:/home/adela/TFM_AdelaJimenez/workspace/ros_ur_driver/install/ur_calibration:/home/adela/TFM_AdelaJimenez/workspace/ros_ur_driver/install/ur_robot_driver:/home/adela/TFM_AdelaJimenez/workspace/ros_ur_driver/install/ur_moveit_config:/home/adela/TFM_AdelaJimenez/workspace/ros_ur_driver/install/ur_bringup:/home/adela/TFM_AdelaJimenez/workspace/ros_ur_driver/install/ur_description:/home/adela/TFM_AdelaJimenez/workspace/ros_ur_driver/install/ur_controllers:/home/adela/TFM_AdelaJimenez/workspace/ros_ur_driver/install/ur_dashboard_msgs:/home/adela/TFM_MiguelLerinAlonso/workspace/ros_ur_driver/install/ur:/home/adela/TFM_MiguelLerinAlonso/workspace/ros_ur_driver/install/ur_calibration:/home/adela/TFM_MiguelLerinAlonso/workspace/ros_ur_driver/install/ur_robot_driver:/home/adela/TFM_MiguelLerinAlonso/workspace/ros_ur_driver/install/ur_moveit_config:/home/adela/TFM_MiguelLerinAlonso/workspace/ros_ur_driver/install/ur_bringup:/home/adela/TFM_MiguelLerinAlonso/workspace/ros_ur_driver/install/ur_description:/home/adela/TFM_MiguelLerinAlonso/workspace/ros_ur_driver/install/ur_controllers:/home/adela/TFM_MiguelLerinAlonso/workspace/ros_ur_driver/install/ur_dashboard_msgs:/home/adela/workspace/ros_ur_driver/install/ur:/home/adela/workspace/ros_ur_driver/install/ur_calibration:/home/adela/workspace/ros_ur_driver/install/ur_robot_driver:/home/adela/workspace/ros_ur_driver/install/ur_moveit_config:/home/adela/workspace/ros_ur_driver/install/ur_bringup:/home/adela/workspace/ros_ur_driver/install/ur_description:/home/adela/workspace/ros_ur_driver/install/ur_controllers:/home/adela/workspace/ros_ur_driver/install/ur_dashboard_msgs:/home/adela/TFM_AdelaJimenez/workspace/ros_ur_driver/install/trayectories:/home/adela/TFM_AdelaJimenez/workspace/ros_ur_driver/install/rutine_launcher:/home/adela/TFM_AdelaJimenez/workspace/ros_ur_driver/install/data_logger:/home/adela/TFM_AdelaJimenez/workspace/ros_ur_driver/install/build_platform:/home/adela/TFM_MiguelLerinAlonso/workspace/ros_ur_driver/install/trayectories:/home/adela/TFM_MiguelLerinAlonso/workspace/ros_ur_driver/install/rutine_launcher:/home/adela/TFM_MiguelLerinAlonso/workspace/ros_ur_driver/install/data_logger:/home/adela/TFM_MiguelLerinAlonso/workspace/ros_ur_driver/install/build_platform:/opt/ros/humble LD_LIBRARY_PATH=/home/adela/TFM_AdelaJimenez/install/ur_dashboard_msgs/lib:${LD_LIBRARY_PATH} PYTHONPATH=/home/adela/TFM_AdelaJimenez/install/ur_dashboard_msgs/local/lib/python3.10/dist-packages:${PYTHONPATH} /usr/bin/cmake --build /home/adela/TFM_AdelaJimenez/build/ur_controllers -- -j2 -l2
[15.785s] DEBUG:colcon.colcon_core.event_handler.log_command:Invoking command in '/home/adela/TFM_AdelaJimenez/build/ur_controllers': AMENT_PREFIX_PATH=/home/adela/TFM_AdelaJimenez/install/ur_dashboard_msgs:${AMENT_PREFIX_PATH} CMAKE_PREFIX_PATH=/home/adela/TFM_AdelaJimenez/install/ur_dashboard_msgs:/home/adela/TFM_AdelaJimenez/workspace/ros_ur_driver/install/ur:/home/adela/TFM_AdelaJimenez/workspace/ros_ur_driver/install/ur_calibration:/home/adela/TFM_AdelaJimenez/workspace/ros_ur_driver/install/ur_robot_driver:/home/adela/TFM_AdelaJimenez/workspace/ros_ur_driver/install/ur_moveit_config:/home/adela/TFM_AdelaJimenez/workspace/ros_ur_driver/install/ur_bringup:/home/adela/TFM_AdelaJimenez/workspace/ros_ur_driver/install/ur_description:/home/adela/TFM_AdelaJimenez/workspace/ros_ur_driver/install/ur_controllers:/home/adela/TFM_AdelaJimenez/workspace/ros_ur_driver/install/ur_dashboard_msgs:/home/adela/TFM_MiguelLerinAlonso/workspace/ros_ur_driver/install/ur:/home/adela/TFM_MiguelLerinAlonso/workspace/ros_ur_driver/install/ur_calibration:/home/adela/TFM_MiguelLerinAlonso/workspace/ros_ur_driver/install/ur_robot_driver:/home/adela/TFM_MiguelLerinAlonso/workspace/ros_ur_driver/install/ur_moveit_config:/home/adela/TFM_MiguelLerinAlonso/workspace/ros_ur_driver/install/ur_bringup:/home/adela/TFM_MiguelLerinAlonso/workspace/ros_ur_driver/install/ur_description:/home/adela/TFM_MiguelLerinAlonso/workspace/ros_ur_driver/install/ur_controllers:/home/adela/TFM_MiguelLerinAlonso/workspace/ros_ur_driver/install/ur_dashboard_msgs:/home/adela/workspace/ros_ur_driver/install/ur:/home/adela/workspace/ros_ur_driver/install/ur_calibration:/home/adela/workspace/ros_ur_driver/install/ur_robot_driver:/home/adela/workspace/ros_ur_driver/install/ur_moveit_config:/home/adela/workspace/ros_ur_driver/install/ur_bringup:/home/adela/workspace/ros_ur_driver/install/ur_description:/home/adela/workspace/ros_ur_driver/install/ur_controllers:/home/adela/workspace/ros_ur_driver/install/ur_dashboard_msgs:/home/adela/TFM_AdelaJimenez/workspace/ros_ur_driver/install/trayectories:/home/adela/TFM_AdelaJimenez/workspace/ros_ur_driver/install/rutine_launcher:/home/adela/TFM_AdelaJimenez/workspace/ros_ur_driver/install/data_logger:/home/adela/TFM_AdelaJimenez/workspace/ros_ur_driver/install/build_platform:/home/adela/TFM_MiguelLerinAlonso/workspace/ros_ur_driver/install/trayectories:/home/adela/TFM_MiguelLerinAlonso/workspace/ros_ur_driver/install/rutine_launcher:/home/adela/TFM_MiguelLerinAlonso/workspace/ros_ur_driver/install/data_logger:/home/adela/TFM_MiguelLerinAlonso/workspace/ros_ur_driver/install/build_platform:/opt/ros/humble LD_LIBRARY_PATH=/home/adela/TFM_AdelaJimenez/install/ur_dashboard_msgs/lib:${LD_LIBRARY_PATH} PYTHONPATH=/home/adela/TFM_AdelaJimenez/install/ur_dashboard_msgs/local/lib/python3.10/dist-packages:${PYTHONPATH} /usr/bin/cmake --install /home/adela/TFM_AdelaJimenez/build/ur_controllers
[15.889s] Level 1:colcon.colcon_core.environment:create_environment_scripts_only(ur_controllers)
[15.890s] Level 1:colcon.colcon_core.environment:checking '/home/adela/TFM_AdelaJimenez/install/ur_controllers' for CMake module files
[15.890s] Level 1:colcon.colcon_core.environment:checking '/home/adela/TFM_AdelaJimenez/install/ur_controllers' for CMake config files
[15.893s] DEBUG:colcon.colcon_core.event_handler.log_command:Invoked command in '/home/adela/TFM_AdelaJimenez/build/ur_controllers' returned '0': AMENT_PREFIX_PATH=/home/adela/TFM_AdelaJimenez/install/ur_dashboard_msgs:${AMENT_PREFIX_PATH} CMAKE_PREFIX_PATH=/home/adela/TFM_AdelaJimenez/install/ur_dashboard_msgs:/home/adela/TFM_AdelaJimenez/workspace/ros_ur_driver/install/ur:/home/adela/TFM_AdelaJimenez/workspace/ros_ur_driver/install/ur_calibration:/home/adela/TFM_AdelaJimenez/workspace/ros_ur_driver/install/ur_robot_driver:/home/adela/TFM_AdelaJimenez/workspace/ros_ur_driver/install/ur_moveit_config:/home/adela/TFM_AdelaJimenez/workspace/ros_ur_driver/install/ur_bringup:/home/adela/TFM_AdelaJimenez/workspace/ros_ur_driver/install/ur_description:/home/adela/TFM_AdelaJimenez/workspace/ros_ur_driver/install/ur_controllers:/home/adela/TFM_AdelaJimenez/workspace/ros_ur_driver/install/ur_dashboard_msgs:/home/adela/TFM_MiguelLerinAlonso/workspace/ros_ur_driver/install/ur:/home/adela/TFM_MiguelLerinAlonso/workspace/ros_ur_driver/install/ur_calibration:/home/adela/TFM_MiguelLerinAlonso/workspace/ros_ur_driver/install/ur_robot_driver:/home/adela/TFM_MiguelLerinAlonso/workspace/ros_ur_driver/install/ur_moveit_config:/home/adela/TFM_MiguelLerinAlonso/workspace/ros_ur_driver/install/ur_bringup:/home/adela/TFM_MiguelLerinAlonso/workspace/ros_ur_driver/install/ur_description:/home/adela/TFM_MiguelLerinAlonso/workspace/ros_ur_driver/install/ur_controllers:/home/adela/TFM_MiguelLerinAlonso/workspace/ros_ur_driver/install/ur_dashboard_msgs:/home/adela/workspace/ros_ur_driver/install/ur:/home/adela/workspace/ros_ur_driver/install/ur_calibration:/home/adela/workspace/ros_ur_driver/install/ur_robot_driver:/home/adela/workspace/ros_ur_driver/install/ur_moveit_config:/home/adela/workspace/ros_ur_driver/install/ur_bringup:/home/adela/workspace/ros_ur_driver/install/ur_description:/home/adela/workspace/ros_ur_driver/install/ur_controllers:/home/adela/workspace/ros_ur_driver/install/ur_dashboard_msgs:/home/adela/TFM_AdelaJimenez/workspace/ros_ur_driver/install/trayectories:/home/adela/TFM_AdelaJimenez/workspace/ros_ur_driver/install/rutine_launcher:/home/adela/TFM_AdelaJimenez/workspace/ros_ur_driver/install/data_logger:/home/adela/TFM_AdelaJimenez/workspace/ros_ur_driver/install/build_platform:/home/adela/TFM_MiguelLerinAlonso/workspace/ros_ur_driver/install/trayectories:/home/adela/TFM_MiguelLerinAlonso/workspace/ros_ur_driver/install/rutine_launcher:/home/adela/TFM_MiguelLerinAlonso/workspace/ros_ur_driver/install/data_logger:/home/adela/TFM_MiguelLerinAlonso/workspace/ros_ur_driver/install/build_platform:/opt/ros/humble LD_LIBRARY_PATH=/home/adela/TFM_AdelaJimenez/install/ur_dashboard_msgs/lib:${LD_LIBRARY_PATH} PYTHONPATH=/home/adela/TFM_AdelaJimenez/install/ur_dashboard_msgs/local/lib/python3.10/dist-packages:${PYTHONPATH} /usr/bin/cmake --install /home/adela/TFM_AdelaJimenez/build/ur_controllers
[15.894s] Level 1:colcon.colcon_core.shell:create_environment_hook('ur_controllers', 'cmake_prefix_path')
[15.894s] INFO:colcon.colcon_core.shell:Creating environment hook '/home/adela/TFM_AdelaJimenez/install/ur_controllers/share/ur_controllers/hook/cmake_prefix_path.ps1'
[15.906s] INFO:colcon.colcon_core.shell:Creating environment descriptor '/home/adela/TFM_AdelaJimenez/install/ur_controllers/share/ur_controllers/hook/cmake_prefix_path.dsv'
[15.907s] INFO:colcon.colcon_core.shell:Creating environment hook '/home/adela/TFM_AdelaJimenez/install/ur_controllers/share/ur_controllers/hook/cmake_prefix_path.sh'
[15.931s] Level 1:colcon.colcon_core.environment:checking '/home/adela/TFM_AdelaJimenez/install/ur_controllers/lib'
[15.931s] Level 1:colcon.colcon_core.shell:create_environment_hook('ur_controllers', 'ld_library_path_lib')
[15.932s] INFO:colcon.colcon_core.shell:Creating environment hook '/home/adela/TFM_AdelaJimenez/install/ur_controllers/share/ur_controllers/hook/ld_library_path_lib.ps1'
[15.932s] INFO:colcon.colcon_core.shell:Creating environment descriptor '/home/adela/TFM_AdelaJimenez/install/ur_controllers/share/ur_controllers/hook/ld_library_path_lib.dsv'
[15.943s] INFO:colcon.colcon_core.shell:Creating environment hook '/home/adela/TFM_AdelaJimenez/install/ur_controllers/share/ur_controllers/hook/ld_library_path_lib.sh'
[15.966s] Level 1:colcon.colcon_core.environment:checking '/home/adela/TFM_AdelaJimenez/install/ur_controllers/bin'
[15.967s] Level 1:colcon.colcon_core.environment:checking '/home/adela/TFM_AdelaJimenez/install/ur_controllers/lib/pkgconfig/ur_controllers.pc'
[15.967s] Level 1:colcon.colcon_core.environment:checking '/home/adela/TFM_AdelaJimenez/install/ur_controllers/lib/python3.10/site-packages'
[15.967s] Level 1:colcon.colcon_core.environment:checking '/home/adela/TFM_AdelaJimenez/install/ur_controllers/bin'
[15.968s] INFO:colcon.colcon_core.shell:Creating package script '/home/adela/TFM_AdelaJimenez/install/ur_controllers/share/ur_controllers/package.ps1'
[15.969s] INFO:colcon.colcon_core.shell:Creating package descriptor '/home/adela/TFM_AdelaJimenez/install/ur_controllers/share/ur_controllers/package.dsv'
[15.984s] INFO:colcon.colcon_core.shell:Creating package script '/home/adela/TFM_AdelaJimenez/install/ur_controllers/share/ur_controllers/package.sh'
[15.991s] INFO:colcon.colcon_core.shell:Creating package script '/home/adela/TFM_AdelaJimenez/install/ur_controllers/share/ur_controllers/package.bash'
[16.010s] INFO:colcon.colcon_core.shell:Creating package script '/home/adela/TFM_AdelaJimenez/install/ur_controllers/share/ur_controllers/package.zsh'
[16.012s] Level 1:colcon.colcon_core.environment:create_file_with_runtime_dependencies(/home/adela/TFM_AdelaJimenez/install/ur_controllers/share/colcon-core/packages/ur_controllers)
[16.204s] Level 1:colcon.colcon_core.environment:create_environment_scripts_only(ur_controllers)
[16.205s] Level 1:colcon.colcon_core.environment:checking '/home/adela/TFM_AdelaJimenez/install/ur_controllers' for CMake module files
[16.209s] Level 1:colcon.colcon_core.environment:checking '/home/adela/TFM_AdelaJimenez/install/ur_controllers' for CMake config files
[16.210s] Level 1:colcon.colcon_core.shell:create_environment_hook('ur_controllers', 'cmake_prefix_path')
[16.221s] INFO:colcon.colcon_core.shell:Creating environment hook '/home/adela/TFM_AdelaJimenez/install/ur_controllers/share/ur_controllers/hook/cmake_prefix_path.ps1'
[16.237s] INFO:colcon.colcon_core.shell:Creating environment descriptor '/home/adela/TFM_AdelaJimenez/install/ur_controllers/share/ur_controllers/hook/cmake_prefix_path.dsv'
[16.246s] INFO:colcon.colcon_core.shell:Creating environment hook '/home/adela/TFM_AdelaJimenez/install/ur_controllers/share/ur_controllers/hook/cmake_prefix_path.sh'
[16.253s] Level 1:colcon.colcon_core.environment:checking '/home/adela/TFM_AdelaJimenez/install/ur_controllers/lib'
[16.253s] Level 1:colcon.colcon_core.shell:create_environment_hook('ur_controllers', 'ld_library_path_lib')
[16.259s] INFO:colcon.colcon_core.shell:Creating environment hook '/home/adela/TFM_AdelaJimenez/install/ur_controllers/share/ur_controllers/hook/ld_library_path_lib.ps1'
[16.265s] INFO:colcon.colcon_core.shell:Creating environment descriptor '/home/adela/TFM_AdelaJimenez/install/ur_controllers/share/ur_controllers/hook/ld_library_path_lib.dsv'
[16.269s] INFO:colcon.colcon_core.shell:Creating environment hook '/home/adela/TFM_AdelaJimenez/install/ur_controllers/share/ur_controllers/hook/ld_library_path_lib.sh'
[16.273s] Level 1:colcon.colcon_core.environment:checking '/home/adela/TFM_AdelaJimenez/install/ur_controllers/bin'
[16.274s] Level 1:colcon.colcon_core.environment:checking '/home/adela/TFM_AdelaJimenez/install/ur_controllers/lib/pkgconfig/ur_controllers.pc'
[16.274s] Level 1:colcon.colcon_core.environment:checking '/home/adela/TFM_AdelaJimenez/install/ur_controllers/lib/python3.10/site-packages'
[16.274s] Level 1:colcon.colcon_core.environment:checking '/home/adela/TFM_AdelaJimenez/install/ur_controllers/bin'
[16.275s] INFO:colcon.colcon_core.shell:Creating package script '/home/adela/TFM_AdelaJimenez/install/ur_controllers/share/ur_controllers/package.ps1'
[16.285s] INFO:colcon.colcon_core.shell:Creating package descriptor '/home/adela/TFM_AdelaJimenez/install/ur_controllers/share/ur_controllers/package.dsv'
[16.294s] INFO:colcon.colcon_core.shell:Creating package script '/home/adela/TFM_AdelaJimenez/install/ur_controllers/share/ur_controllers/package.sh'
[16.297s] INFO:colcon.colcon_core.shell:Creating package script '/home/adela/TFM_AdelaJimenez/install/ur_controllers/share/ur_controllers/package.bash'
[16.298s] INFO:colcon.colcon_core.shell:Creating package script '/home/adela/TFM_AdelaJimenez/install/ur_controllers/share/ur_controllers/package.zsh'
[16.299s] Level 1:colcon.colcon_core.environment:create_file_with_runtime_dependencies(/home/adela/TFM_AdelaJimenez/install/ur_controllers/share/colcon-core/packages/ur_controllers)
[16.308s] INFO:colcon.colcon_ros.task.ament_cmake.build:Building ROS package in '/home/adela/TFM_AdelaJimenez/workspace/ros_ur_driver/src/Universal_Robots_ROS2_Driver/ur_robot_driver' with build type 'ament_cmake'
[16.311s] INFO:colcon.colcon_cmake.task.cmake.build:Building CMake package in '/home/adela/TFM_AdelaJimenez/workspace/ros_ur_driver/src/Universal_Robots_ROS2_Driver/ur_robot_driver'
[16.313s] INFO:colcon.colcon_core.shell:Skip shell extension 'powershell' for command environment: Not usable outside of PowerShell
[16.313s] DEBUG:colcon.colcon_core.shell:Skip shell extension 'dsv' for command environment
[16.420s] DEBUG:colcon.colcon_core.event_handler.log_command:Invoking command in '/home/adela/TFM_AdelaJimenez/build/ur_robot_driver': AMENT_PREFIX_PATH=/home/adela/TFM_AdelaJimenez/install/ur_controllers:/home/adela/TFM_AdelaJimenez/install/ur_description:/home/adela/TFM_AdelaJimenez/install/ur_dashboard_msgs:${AMENT_PREFIX_PATH} CMAKE_PREFIX_PATH=/home/adela/TFM_AdelaJimenez/install/ur_controllers:/home/adela/TFM_AdelaJimenez/install/ur_description:/home/adela/TFM_AdelaJimenez/install/ur_dashboard_msgs:/home/adela/TFM_AdelaJimenez/workspace/ros_ur_driver/install/ur:/home/adela/TFM_AdelaJimenez/workspace/ros_ur_driver/install/ur_calibration:/home/adela/TFM_AdelaJimenez/workspace/ros_ur_driver/install/ur_robot_driver:/home/adela/TFM_AdelaJimenez/workspace/ros_ur_driver/install/ur_moveit_config:/home/adela/TFM_AdelaJimenez/workspace/ros_ur_driver/install/ur_bringup:/home/adela/TFM_AdelaJimenez/workspace/ros_ur_driver/install/ur_description:/home/adela/TFM_AdelaJimenez/workspace/ros_ur_driver/install/ur_controllers:/home/adela/TFM_AdelaJimenez/workspace/ros_ur_driver/install/ur_dashboard_msgs:/home/adela/TFM_MiguelLerinAlonso/workspace/ros_ur_driver/install/ur:/home/adela/TFM_MiguelLerinAlonso/workspace/ros_ur_driver/install/ur_calibration:/home/adela/TFM_MiguelLerinAlonso/workspace/ros_ur_driver/install/ur_robot_driver:/home/adela/TFM_MiguelLerinAlonso/workspace/ros_ur_driver/install/ur_moveit_config:/home/adela/TFM_MiguelLerinAlonso/workspace/ros_ur_driver/install/ur_bringup:/home/adela/TFM_MiguelLerinAlonso/workspace/ros_ur_driver/install/ur_description:/home/adela/TFM_MiguelLerinAlonso/workspace/ros_ur_driver/install/ur_controllers:/home/adela/TFM_MiguelLerinAlonso/workspace/ros_ur_driver/install/ur_dashboard_msgs:/home/adela/workspace/ros_ur_driver/install/ur:/home/adela/workspace/ros_ur_driver/install/ur_calibration:/home/adela/workspace/ros_ur_driver/install/ur_robot_driver:/home/adela/workspace/ros_ur_driver/install/ur_moveit_config:/home/adela/workspace/ros_ur_driver/install/ur_bringup:/home/adela/workspace/ros_ur_driver/install/ur_description:/home/adela/workspace/ros_ur_driver/install/ur_controllers:/home/adela/workspace/ros_ur_driver/install/ur_dashboard_msgs:/home/adela/TFM_AdelaJimenez/workspace/ros_ur_driver/install/trayectories:/home/adela/TFM_AdelaJimenez/workspace/ros_ur_driver/install/rutine_launcher:/home/adela/TFM_AdelaJimenez/workspace/ros_ur_driver/install/data_logger:/home/adela/TFM_AdelaJimenez/workspace/ros_ur_driver/install/build_platform:/home/adela/TFM_MiguelLerinAlonso/workspace/ros_ur_driver/install/trayectories:/home/adela/TFM_MiguelLerinAlonso/workspace/ros_ur_driver/install/rutine_launcher:/home/adela/TFM_MiguelLerinAlonso/workspace/ros_ur_driver/install/data_logger:/home/adela/TFM_MiguelLerinAlonso/workspace/ros_ur_driver/install/build_platform:/opt/ros/humble LD_LIBRARY_PATH=/home/adela/TFM_AdelaJimenez/install/ur_controllers/lib:/home/adela/TFM_AdelaJimenez/install/ur_dashboard_msgs/lib:${LD_LIBRARY_PATH} PYTHONPATH=/home/adela/TFM_AdelaJimenez/install/ur_dashboard_msgs/local/lib/python3.10/dist-packages:${PYTHONPATH} /usr/bin/cmake --build /home/adela/TFM_AdelaJimenez/build/ur_robot_driver -- -j2 -l2
[17.587s] Level 1:colcon.colcon_core.environment:checking '/home/adela/TFM_AdelaJimenez/install/build_platform' for CMake module files
[17.590s] Level 1:colcon.colcon_core.environment:checking '/home/adela/TFM_AdelaJimenez/install/build_platform' for CMake config files
[17.593s] DEBUG:colcon.colcon_core.event_handler.log_command:Invoked command in '/home/adela/TFM_AdelaJimenez/workspace/ros_ur_driver/src/build_platform' returned '0': PYTHONPATH=/home/adela/TFM_AdelaJimenez/build/build_platform/prefix_override:/home/adela/TFM_AdelaJimenez/install/build_platform/lib/python3.10/site-packages:${PYTHONPATH} /usr/bin/python3 -W ignore:setup.py install is deprecated setup.py egg_info --egg-base ../../../../build/build_platform build --build-base /home/adela/TFM_AdelaJimenez/build/build_platform/build install --record /home/adela/TFM_AdelaJimenez/build/build_platform/install.log --single-version-externally-managed install_data
[17.601s] Level 1:colcon.colcon_core.environment:checking '/home/adela/TFM_AdelaJimenez/install/build_platform/lib'
[17.604s] Level 1:colcon.colcon_core.environment:checking '/home/adela/TFM_AdelaJimenez/install/build_platform/bin'
[17.604s] Level 1:colcon.colcon_core.environment:checking '/home/adela/TFM_AdelaJimenez/install/build_platform/lib/pkgconfig/build_platform.pc'
[17.605s] Level 1:colcon.colcon_core.environment:checking '/home/adela/TFM_AdelaJimenez/install/build_platform/lib/python3.10/site-packages'
[17.605s] Level 1:colcon.colcon_core.shell:create_environment_hook('build_platform', 'pythonpath')
[17.610s] INFO:colcon.colcon_core.shell:Creating environment hook '/home/adela/TFM_AdelaJimenez/install/build_platform/share/build_platform/hook/pythonpath.ps1'
[17.623s] INFO:colcon.colcon_core.shell:Creating environment descriptor '/home/adela/TFM_AdelaJimenez/install/build_platform/share/build_platform/hook/pythonpath.dsv'
[17.635s] INFO:colcon.colcon_core.shell:Creating environment hook '/home/adela/TFM_AdelaJimenez/install/build_platform/share/build_platform/hook/pythonpath.sh'
[17.643s] Level 1:colcon.colcon_core.environment:checking '/home/adela/TFM_AdelaJimenez/install/build_platform/bin'
[17.643s] Level 1:colcon.colcon_core.environment:create_environment_scripts_only(build_platform)
[17.644s] INFO:colcon.colcon_core.shell:Creating package script '/home/adela/TFM_AdelaJimenez/install/build_platform/share/build_platform/package.ps1'
[17.644s] INFO:colcon.colcon_core.shell:Creating package descriptor '/home/adela/TFM_AdelaJimenez/install/build_platform/share/build_platform/package.dsv'
[17.663s] INFO:colcon.colcon_core.shell:Creating package script '/home/adela/TFM_AdelaJimenez/install/build_platform/share/build_platform/package.sh'
[17.666s] INFO:colcon.colcon_core.shell:Creating package script '/home/adela/TFM_AdelaJimenez/install/build_platform/share/build_platform/package.bash'
[17.671s] INFO:colcon.colcon_core.shell:Creating package script '/home/adela/TFM_AdelaJimenez/install/build_platform/share/build_platform/package.zsh'
[17.672s] Level 1:colcon.colcon_core.environment:create_file_with_runtime_dependencies(/home/adela/TFM_AdelaJimenez/install/build_platform/share/colcon-core/packages/build_platform)
[17.673s] INFO:colcon.colcon_ros.task.ament_python.build:Building ROS package in '/home/adela/TFM_AdelaJimenez/workspace/ros_ur_driver/src/data_logger' with build type 'ament_python'
[17.681s] Level 1:colcon.colcon_core.shell:create_environment_hook('data_logger', 'ament_prefix_path')
[17.682s] INFO:colcon.colcon_core.shell:Creating environment hook '/home/adela/TFM_AdelaJimenez/install/data_logger/share/data_logger/hook/ament_prefix_path.ps1'
[17.688s] INFO:colcon.colcon_core.shell:Creating environment descriptor '/home/adela/TFM_AdelaJimenez/install/data_logger/share/data_logger/hook/ament_prefix_path.dsv'
[17.690s] INFO:colcon.colcon_core.shell:Creating environment hook '/home/adela/TFM_AdelaJimenez/install/data_logger/share/data_logger/hook/ament_prefix_path.sh'
[17.699s] INFO:colcon.colcon_core.shell:Skip shell extension 'powershell' for command environment: Not usable outside of PowerShell
[17.702s] DEBUG:colcon.colcon_core.shell:Skip shell extension 'dsv' for command environment
[20.469s] INFO:colcon.colcon_core.task.python.build:Building Python package in '/home/adela/TFM_AdelaJimenez/workspace/ros_ur_driver/src/data_logger'
[20.470s] INFO:colcon.colcon_core.shell:Skip shell extension 'powershell' for command environment: Not usable outside of PowerShell
[20.470s] DEBUG:colcon.colcon_core.shell:Skip shell extension 'dsv' for command environment
[21.062s] DEBUG:colcon.colcon_core.event_handler.log_command:Invoked command in '/home/adela/TFM_AdelaJimenez/build/ur_robot_driver' returned '0': AMENT_PREFIX_PATH=/home/adela/TFM_AdelaJimenez/install/ur_controllers:/home/adela/TFM_AdelaJimenez/install/ur_description:/home/adela/TFM_AdelaJimenez/install/ur_dashboard_msgs:${AMENT_PREFIX_PATH} CMAKE_PREFIX_PATH=/home/adela/TFM_AdelaJimenez/install/ur_controllers:/home/adela/TFM_AdelaJimenez/install/ur_description:/home/adela/TFM_AdelaJimenez/install/ur_dashboard_msgs:/home/adela/TFM_AdelaJimenez/workspace/ros_ur_driver/install/ur:/home/adela/TFM_AdelaJimenez/workspace/ros_ur_driver/install/ur_calibration:/home/adela/TFM_AdelaJimenez/workspace/ros_ur_driver/install/ur_robot_driver:/home/adela/TFM_AdelaJimenez/workspace/ros_ur_driver/install/ur_moveit_config:/home/adela/TFM_AdelaJimenez/workspace/ros_ur_driver/install/ur_bringup:/home/adela/TFM_AdelaJimenez/workspace/ros_ur_driver/install/ur_description:/home/adela/TFM_AdelaJimenez/workspace/ros_ur_driver/install/ur_controllers:/home/adela/TFM_AdelaJimenez/workspace/ros_ur_driver/install/ur_dashboard_msgs:/home/adela/TFM_MiguelLerinAlonso/workspace/ros_ur_driver/install/ur:/home/adela/TFM_MiguelLerinAlonso/workspace/ros_ur_driver/install/ur_calibration:/home/adela/TFM_MiguelLerinAlonso/workspace/ros_ur_driver/install/ur_robot_driver:/home/adela/TFM_MiguelLerinAlonso/workspace/ros_ur_driver/install/ur_moveit_config:/home/adela/TFM_MiguelLerinAlonso/workspace/ros_ur_driver/install/ur_bringup:/home/adela/TFM_MiguelLerinAlonso/workspace/ros_ur_driver/install/ur_description:/home/adela/TFM_MiguelLerinAlonso/workspace/ros_ur_driver/install/ur_controllers:/home/adela/TFM_MiguelLerinAlonso/workspace/ros_ur_driver/install/ur_dashboard_msgs:/home/adela/workspace/ros_ur_driver/install/ur:/home/adela/workspace/ros_ur_driver/install/ur_calibration:/home/adela/workspace/ros_ur_driver/install/ur_robot_driver:/home/adela/workspace/ros_ur_driver/install/ur_moveit_config:/home/adela/workspace/ros_ur_driver/install/ur_bringup:/home/adela/workspace/ros_ur_driver/install/ur_description:/home/adela/workspace/ros_ur_driver/install/ur_controllers:/home/adela/workspace/ros_ur_driver/install/ur_dashboard_msgs:/home/adela/TFM_AdelaJimenez/workspace/ros_ur_driver/install/trayectories:/home/adela/TFM_AdelaJimenez/workspace/ros_ur_driver/install/rutine_launcher:/home/adela/TFM_AdelaJimenez/workspace/ros_ur_driver/install/data_logger:/home/adela/TFM_AdelaJimenez/workspace/ros_ur_driver/install/build_platform:/home/adela/TFM_MiguelLerinAlonso/workspace/ros_ur_driver/install/trayectories:/home/adela/TFM_MiguelLerinAlonso/workspace/ros_ur_driver/install/rutine_launcher:/home/adela/TFM_MiguelLerinAlonso/workspace/ros_ur_driver/install/data_logger:/home/adela/TFM_MiguelLerinAlonso/workspace/ros_ur_driver/install/build_platform:/opt/ros/humble LD_LIBRARY_PATH=/home/adela/TFM_AdelaJimenez/install/ur_controllers/lib:/home/adela/TFM_AdelaJimenez/install/ur_dashboard_msgs/lib:${LD_LIBRARY_PATH} PYTHONPATH=/home/adela/TFM_AdelaJimenez/install/ur_dashboard_msgs/local/lib/python3.10/dist-packages:${PYTHONPATH} /usr/bin/cmake --build /home/adela/TFM_AdelaJimenez/build/ur_robot_driver -- -j2 -l2
[21.373s] DEBUG:colcon.colcon_core.event_handler.log_command:Invoking command in '/home/adela/TFM_AdelaJimenez/build/ur_robot_driver': AMENT_PREFIX_PATH=/home/adela/TFM_AdelaJimenez/install/ur_controllers:/home/adela/TFM_AdelaJimenez/install/ur_description:/home/adela/TFM_AdelaJimenez/install/ur_dashboard_msgs:${AMENT_PREFIX_PATH} CMAKE_PREFIX_PATH=/home/adela/TFM_AdelaJimenez/install/ur_controllers:/home/adela/TFM_AdelaJimenez/install/ur_description:/home/adela/TFM_AdelaJimenez/install/ur_dashboard_msgs:/home/adela/TFM_AdelaJimenez/workspace/ros_ur_driver/install/ur:/home/adela/TFM_AdelaJimenez/workspace/ros_ur_driver/install/ur_calibration:/home/adela/TFM_AdelaJimenez/workspace/ros_ur_driver/install/ur_robot_driver:/home/adela/TFM_AdelaJimenez/workspace/ros_ur_driver/install/ur_moveit_config:/home/adela/TFM_AdelaJimenez/workspace/ros_ur_driver/install/ur_bringup:/home/adela/TFM_AdelaJimenez/workspace/ros_ur_driver/install/ur_description:/home/adela/TFM_AdelaJimenez/workspace/ros_ur_driver/install/ur_controllers:/home/adela/TFM_AdelaJimenez/workspace/ros_ur_driver/install/ur_dashboard_msgs:/home/adela/TFM_MiguelLerinAlonso/workspace/ros_ur_driver/install/ur:/home/adela/TFM_MiguelLerinAlonso/workspace/ros_ur_driver/install/ur_calibration:/home/adela/TFM_MiguelLerinAlonso/workspace/ros_ur_driver/install/ur_robot_driver:/home/adela/TFM_MiguelLerinAlonso/workspace/ros_ur_driver/install/ur_moveit_config:/home/adela/TFM_MiguelLerinAlonso/workspace/ros_ur_driver/install/ur_bringup:/home/adela/TFM_MiguelLerinAlonso/workspace/ros_ur_driver/install/ur_description:/home/adela/TFM_MiguelLerinAlonso/workspace/ros_ur_driver/install/ur_controllers:/home/adela/TFM_MiguelLerinAlonso/workspace/ros_ur_driver/install/ur_dashboard_msgs:/home/adela/workspace/ros_ur_driver/install/ur:/home/adela/workspace/ros_ur_driver/install/ur_calibration:/home/adela/workspace/ros_ur_driver/install/ur_robot_driver:/home/adela/workspace/ros_ur_driver/install/ur_moveit_config:/home/adela/workspace/ros_ur_driver/install/ur_bringup:/home/adela/workspace/ros_ur_driver/install/ur_description:/home/adela/workspace/ros_ur_driver/install/ur_controllers:/home/adela/workspace/ros_ur_driver/install/ur_dashboard_msgs:/home/adela/TFM_AdelaJimenez/workspace/ros_ur_driver/install/trayectories:/home/adela/TFM_AdelaJimenez/workspace/ros_ur_driver/install/rutine_launcher:/home/adela/TFM_AdelaJimenez/workspace/ros_ur_driver/install/data_logger:/home/adela/TFM_AdelaJimenez/workspace/ros_ur_driver/install/build_platform:/home/adela/TFM_MiguelLerinAlonso/workspace/ros_ur_driver/install/trayectories:/home/adela/TFM_MiguelLerinAlonso/workspace/ros_ur_driver/install/rutine_launcher:/home/adela/TFM_MiguelLerinAlonso/workspace/ros_ur_driver/install/data_logger:/home/adela/TFM_MiguelLerinAlonso/workspace/ros_ur_driver/install/build_platform:/opt/ros/humble LD_LIBRARY_PATH=/home/adela/TFM_AdelaJimenez/install/ur_controllers/lib:/home/adela/TFM_AdelaJimenez/install/ur_dashboard_msgs/lib:${LD_LIBRARY_PATH} PYTHONPATH=/home/adela/TFM_AdelaJimenez/install/ur_dashboard_msgs/local/lib/python3.10/dist-packages:${PYTHONPATH} /usr/bin/cmake --install /home/adela/TFM_AdelaJimenez/build/ur_robot_driver
[22.095s] Level 1:colcon.colcon_core.environment:create_environment_scripts_only(ur_robot_driver)
[22.098s] Level 1:colcon.colcon_core.environment:checking '/home/adela/TFM_AdelaJimenez/install/ur_robot_driver' for CMake module files
[22.122s] Level 1:colcon.colcon_core.environment:checking '/home/adela/TFM_AdelaJimenez/install/ur_robot_driver' for CMake config files
[22.125s] DEBUG:colcon.colcon_core.event_handler.log_command:Invoked command in '/home/adela/TFM_AdelaJimenez/build/ur_robot_driver' returned '0': AMENT_PREFIX_PATH=/home/adela/TFM_AdelaJimenez/install/ur_controllers:/home/adela/TFM_AdelaJimenez/install/ur_description:/home/adela/TFM_AdelaJimenez/install/ur_dashboard_msgs:${AMENT_PREFIX_PATH} CMAKE_PREFIX_PATH=/home/adela/TFM_AdelaJimenez/install/ur_controllers:/home/adela/TFM_AdelaJimenez/install/ur_description:/home/adela/TFM_AdelaJimenez/install/ur_dashboard_msgs:/home/adela/TFM_AdelaJimenez/workspace/ros_ur_driver/install/ur:/home/adela/TFM_AdelaJimenez/workspace/ros_ur_driver/install/ur_calibration:/home/adela/TFM_AdelaJimenez/workspace/ros_ur_driver/install/ur_robot_driver:/home/adela/TFM_AdelaJimenez/workspace/ros_ur_driver/install/ur_moveit_config:/home/adela/TFM_AdelaJimenez/workspace/ros_ur_driver/install/ur_bringup:/home/adela/TFM_AdelaJimenez/workspace/ros_ur_driver/install/ur_description:/home/adela/TFM_AdelaJimenez/workspace/ros_ur_driver/install/ur_controllers:/home/adela/TFM_AdelaJimenez/workspace/ros_ur_driver/install/ur_dashboard_msgs:/home/adela/TFM_MiguelLerinAlonso/workspace/ros_ur_driver/install/ur:/home/adela/TFM_MiguelLerinAlonso/workspace/ros_ur_driver/install/ur_calibration:/home/adela/TFM_MiguelLerinAlonso/workspace/ros_ur_driver/install/ur_robot_driver:/home/adela/TFM_MiguelLerinAlonso/workspace/ros_ur_driver/install/ur_moveit_config:/home/adela/TFM_MiguelLerinAlonso/workspace/ros_ur_driver/install/ur_bringup:/home/adela/TFM_MiguelLerinAlonso/workspace/ros_ur_driver/install/ur_description:/home/adela/TFM_MiguelLerinAlonso/workspace/ros_ur_driver/install/ur_controllers:/home/adela/TFM_MiguelLerinAlonso/workspace/ros_ur_driver/install/ur_dashboard_msgs:/home/adela/workspace/ros_ur_driver/install/ur:/home/adela/workspace/ros_ur_driver/install/ur_calibration:/home/adela/workspace/ros_ur_driver/install/ur_robot_driver:/home/adela/workspace/ros_ur_driver/install/ur_moveit_config:/home/adela/workspace/ros_ur_driver/install/ur_bringup:/home/adela/workspace/ros_ur_driver/install/ur_description:/home/adela/workspace/ros_ur_driver/install/ur_controllers:/home/adela/workspace/ros_ur_driver/install/ur_dashboard_msgs:/home/adela/TFM_AdelaJimenez/workspace/ros_ur_driver/install/trayectories:/home/adela/TFM_AdelaJimenez/workspace/ros_ur_driver/install/rutine_launcher:/home/adela/TFM_AdelaJimenez/workspace/ros_ur_driver/install/data_logger:/home/adela/TFM_AdelaJimenez/workspace/ros_ur_driver/install/build_platform:/home/adela/TFM_MiguelLerinAlonso/workspace/ros_ur_driver/install/trayectories:/home/adela/TFM_MiguelLerinAlonso/workspace/ros_ur_driver/install/rutine_launcher:/home/adela/TFM_MiguelLerinAlonso/workspace/ros_ur_driver/install/data_logger:/home/adela/TFM_MiguelLerinAlonso/workspace/ros_ur_driver/install/build_platform:/opt/ros/humble LD_LIBRARY_PATH=/home/adela/TFM_AdelaJimenez/install/ur_controllers/lib:/home/adela/TFM_AdelaJimenez/install/ur_dashboard_msgs/lib:${LD_LIBRARY_PATH} PYTHONPATH=/home/adela/TFM_AdelaJimenez/install/ur_dashboard_msgs/local/lib/python3.10/dist-packages:${PYTHONPATH} /usr/bin/cmake --install /home/adela/TFM_AdelaJimenez/build/ur_robot_driver
[22.130s] Level 1:colcon.colcon_core.shell:create_environment_hook('ur_robot_driver', 'cmake_prefix_path')
[22.131s] INFO:colcon.colcon_core.shell:Creating environment hook '/home/adela/TFM_AdelaJimenez/install/ur_robot_driver/share/ur_robot_driver/hook/cmake_prefix_path.ps1'
[22.138s] INFO:colcon.colcon_core.shell:Creating environment descriptor '/home/adela/TFM_AdelaJimenez/install/ur_robot_driver/share/ur_robot_driver/hook/cmake_prefix_path.dsv'
[22.144s] INFO:colcon.colcon_core.shell:Creating environment hook '/home/adela/TFM_AdelaJimenez/install/ur_robot_driver/share/ur_robot_driver/hook/cmake_prefix_path.sh'
[22.160s] Level 1:colcon.colcon_core.environment:checking '/home/adela/TFM_AdelaJimenez/install/ur_robot_driver/lib'
[22.160s] Level 1:colcon.colcon_core.shell:create_environment_hook('ur_robot_driver', 'ld_library_path_lib')
[22.168s] INFO:colcon.colcon_core.shell:Creating environment hook '/home/adela/TFM_AdelaJimenez/install/ur_robot_driver/share/ur_robot_driver/hook/ld_library_path_lib.ps1'
[22.181s] INFO:colcon.colcon_core.shell:Creating environment descriptor '/home/adela/TFM_AdelaJimenez/install/ur_robot_driver/share/ur_robot_driver/hook/ld_library_path_lib.dsv'
[22.189s] INFO:colcon.colcon_core.shell:Creating environment hook '/home/adela/TFM_AdelaJimenez/install/ur_robot_driver/share/ur_robot_driver/hook/ld_library_path_lib.sh'
[22.204s] Level 1:colcon.colcon_core.environment:checking '/home/adela/TFM_AdelaJimenez/install/ur_robot_driver/bin'
[22.205s] Level 1:colcon.colcon_core.shell:create_environment_hook('ur_robot_driver', 'path')
[22.214s] INFO:colcon.colcon_core.shell:Creating environment hook '/home/adela/TFM_AdelaJimenez/install/ur_robot_driver/share/ur_robot_driver/hook/path.ps1'
[22.224s] INFO:colcon.colcon_core.shell:Creating environment descriptor '/home/adela/TFM_AdelaJimenez/install/ur_robot_driver/share/ur_robot_driver/hook/path.dsv'
[22.230s] INFO:colcon.colcon_core.shell:Creating environment hook '/home/adela/TFM_AdelaJimenez/install/ur_robot_driver/share/ur_robot_driver/hook/path.sh'
[22.241s] Level 1:colcon.colcon_core.environment:checking '/home/adela/TFM_AdelaJimenez/install/ur_robot_driver/lib/pkgconfig/ur_robot_driver.pc'
[22.246s] Level 1:colcon.colcon_core.environment:checking '/home/adela/TFM_AdelaJimenez/install/ur_robot_driver/lib/python3.10/site-packages'
[22.251s] Level 1:colcon.colcon_core.environment:checking '/home/adela/TFM_AdelaJimenez/install/ur_robot_driver/bin'
[22.254s] Level 1:colcon.colcon_core.shell:create_environment_hook('ur_robot_driver', 'pythonscriptspath')
[22.256s] INFO:colcon.colcon_core.shell:Creating environment hook '/home/adela/TFM_AdelaJimenez/install/ur_robot_driver/share/ur_robot_driver/hook/pythonscriptspath.ps1'
[22.269s] INFO:colcon.colcon_core.shell:Creating environment descriptor '/home/adela/TFM_AdelaJimenez/install/ur_robot_driver/share/ur_robot_driver/hook/pythonscriptspath.dsv'
[22.277s] INFO:colcon.colcon_core.shell:Creating environment hook '/home/adela/TFM_AdelaJimenez/install/ur_robot_driver/share/ur_robot_driver/hook/pythonscriptspath.sh'
[22.288s] INFO:colcon.colcon_core.shell:Creating package script '/home/adela/TFM_AdelaJimenez/install/ur_robot_driver/share/ur_robot_driver/package.ps1'
[22.307s] INFO:colcon.colcon_core.shell:Creating package descriptor '/home/adela/TFM_AdelaJimenez/install/ur_robot_driver/share/ur_robot_driver/package.dsv'
[22.315s] INFO:colcon.colcon_core.shell:Creating package script '/home/adela/TFM_AdelaJimenez/install/ur_robot_driver/share/ur_robot_driver/package.sh'
[22.341s] INFO:colcon.colcon_core.shell:Creating package script '/home/adela/TFM_AdelaJimenez/install/ur_robot_driver/share/ur_robot_driver/package.bash'
[22.354s] INFO:colcon.colcon_core.shell:Creating package script '/home/adela/TFM_AdelaJimenez/install/ur_robot_driver/share/ur_robot_driver/package.zsh'
[22.360s] Level 1:colcon.colcon_core.environment:create_file_with_runtime_dependencies(/home/adela/TFM_AdelaJimenez/install/ur_robot_driver/share/colcon-core/packages/ur_robot_driver)
[22.839s] Level 1:colcon.colcon_core.environment:create_environment_scripts_only(ur_robot_driver)
[22.843s] Level 1:colcon.colcon_core.environment:checking '/home/adela/TFM_AdelaJimenez/install/ur_robot_driver' for CMake module files
[22.857s] Level 1:colcon.colcon_core.environment:checking '/home/adela/TFM_AdelaJimenez/install/ur_robot_driver' for CMake config files
[22.858s] Level 1:colcon.colcon_core.shell:create_environment_hook('ur_robot_driver', 'cmake_prefix_path')
[22.858s] INFO:colcon.colcon_core.shell:Creating environment hook '/home/adela/TFM_AdelaJimenez/install/ur_robot_driver/share/ur_robot_driver/hook/cmake_prefix_path.ps1'
[22.869s] INFO:colcon.colcon_core.shell:Creating environment descriptor '/home/adela/TFM_AdelaJimenez/install/ur_robot_driver/share/ur_robot_driver/hook/cmake_prefix_path.dsv'
[22.879s] INFO:colcon.colcon_core.shell:Creating environment hook '/home/adela/TFM_AdelaJimenez/install/ur_robot_driver/share/ur_robot_driver/hook/cmake_prefix_path.sh'
[22.880s] Level 1:colcon.colcon_core.environment:checking '/home/adela/TFM_AdelaJimenez/install/ur_robot_driver/lib'
[22.887s] Level 1:colcon.colcon_core.shell:create_environment_hook('ur_robot_driver', 'ld_library_path_lib')
[22.892s] INFO:colcon.colcon_core.shell:Creating environment hook '/home/adela/TFM_AdelaJimenez/install/ur_robot_driver/share/ur_robot_driver/hook/ld_library_path_lib.ps1'
[22.896s] INFO:colcon.colcon_core.shell:Creating environment descriptor '/home/adela/TFM_AdelaJimenez/install/ur_robot_driver/share/ur_robot_driver/hook/ld_library_path_lib.dsv'
[22.901s] INFO:colcon.colcon_core.shell:Creating environment hook '/home/adela/TFM_AdelaJimenez/install/ur_robot_driver/share/ur_robot_driver/hook/ld_library_path_lib.sh'
[22.907s] Level 1:colcon.colcon_core.environment:checking '/home/adela/TFM_AdelaJimenez/install/ur_robot_driver/bin'
[22.909s] Level 1:colcon.colcon_core.shell:create_environment_hook('ur_robot_driver', 'path')
[22.914s] INFO:colcon.colcon_core.shell:Creating environment hook '/home/adela/TFM_AdelaJimenez/install/ur_robot_driver/share/ur_robot_driver/hook/path.ps1'
[22.915s] INFO:colcon.colcon_core.shell:Creating environment descriptor '/home/adela/TFM_AdelaJimenez/install/ur_robot_driver/share/ur_robot_driver/hook/path.dsv'
[22.920s] INFO:colcon.colcon_core.shell:Creating environment hook '/home/adela/TFM_AdelaJimenez/install/ur_robot_driver/share/ur_robot_driver/hook/path.sh'
[22.928s] Level 1:colcon.colcon_core.environment:checking '/home/adela/TFM_AdelaJimenez/install/ur_robot_driver/lib/pkgconfig/ur_robot_driver.pc'
[22.931s] Level 1:colcon.colcon_core.environment:checking '/home/adela/TFM_AdelaJimenez/install/ur_robot_driver/lib/python3.10/site-packages'
[22.933s] Level 1:colcon.colcon_core.environment:checking '/home/adela/TFM_AdelaJimenez/install/ur_robot_driver/bin'
[22.937s] Level 1:colcon.colcon_core.shell:create_environment_hook('ur_robot_driver', 'pythonscriptspath')
[22.941s] INFO:colcon.colcon_core.shell:Creating environment hook '/home/adela/TFM_AdelaJimenez/install/ur_robot_driver/share/ur_robot_driver/hook/pythonscriptspath.ps1'
[22.943s] INFO:colcon.colcon_core.shell:Creating environment descriptor '/home/adela/TFM_AdelaJimenez/install/ur_robot_driver/share/ur_robot_driver/hook/pythonscriptspath.dsv'
[22.944s] INFO:colcon.colcon_core.shell:Creating environment hook '/home/adela/TFM_AdelaJimenez/install/ur_robot_driver/share/ur_robot_driver/hook/pythonscriptspath.sh'
[22.957s] INFO:colcon.colcon_core.shell:Creating package script '/home/adela/TFM_AdelaJimenez/install/ur_robot_driver/share/ur_robot_driver/package.ps1'
[22.958s] INFO:colcon.colcon_core.shell:Creating package descriptor '/home/adela/TFM_AdelaJimenez/install/ur_robot_driver/share/ur_robot_driver/package.dsv'
[22.970s] INFO:colcon.colcon_core.shell:Creating package script '/home/adela/TFM_AdelaJimenez/install/ur_robot_driver/share/ur_robot_driver/package.sh'
[22.979s] INFO:colcon.colcon_core.shell:Creating package script '/home/adela/TFM_AdelaJimenez/install/ur_robot_driver/share/ur_robot_driver/package.bash'
[22.984s] INFO:colcon.colcon_core.shell:Creating package script '/home/adela/TFM_AdelaJimenez/install/ur_robot_driver/share/ur_robot_driver/package.zsh'
[22.989s] Level 1:colcon.colcon_core.environment:create_file_with_runtime_dependencies(/home/adela/TFM_AdelaJimenez/install/ur_robot_driver/share/colcon-core/packages/ur_robot_driver)
[22.992s] INFO:colcon.colcon_ros.task.ament_cmake.build:Building ROS package in '/home/adela/TFM_AdelaJimenez/workspace/ros_ur_driver/src/Universal_Robots_ROS2_Driver/ur_calibration' with build type 'ament_cmake'
[22.992s] INFO:colcon.colcon_cmake.task.cmake.build:Building CMake package in '/home/adela/TFM_AdelaJimenez/workspace/ros_ur_driver/src/Universal_Robots_ROS2_Driver/ur_calibration'
[23.000s] INFO:colcon.colcon_core.shell:Skip shell extension 'powershell' for command environment: Not usable outside of PowerShell
[23.007s] DEBUG:colcon.colcon_core.shell:Skip shell extension 'dsv' for command environment
[23.156s] DEBUG:colcon.colcon_core.event_handler.log_command:Invoking command in '/home/adela/TFM_AdelaJimenez/build/ur_calibration': AMENT_PREFIX_PATH=/home/adela/TFM_AdelaJimenez/install/ur_robot_driver:/home/adela/TFM_AdelaJimenez/install/ur_controllers:/home/adela/TFM_AdelaJimenez/install/ur_description:/home/adela/TFM_AdelaJimenez/install/ur_dashboard_msgs:${AMENT_PREFIX_PATH} CMAKE_PREFIX_PATH=/home/adela/TFM_AdelaJimenez/install/ur_robot_driver:/home/adela/TFM_AdelaJimenez/install/ur_controllers:/home/adela/TFM_AdelaJimenez/install/ur_description:/home/adela/TFM_AdelaJimenez/install/ur_dashboard_msgs:/home/adela/TFM_AdelaJimenez/workspace/ros_ur_driver/install/ur:/home/adela/TFM_AdelaJimenez/workspace/ros_ur_driver/install/ur_calibration:/home/adela/TFM_AdelaJimenez/workspace/ros_ur_driver/install/ur_robot_driver:/home/adela/TFM_AdelaJimenez/workspace/ros_ur_driver/install/ur_moveit_config:/home/adela/TFM_AdelaJimenez/workspace/ros_ur_driver/install/ur_bringup:/home/adela/TFM_AdelaJimenez/workspace/ros_ur_driver/install/ur_description:/home/adela/TFM_AdelaJimenez/workspace/ros_ur_driver/install/ur_controllers:/home/adela/TFM_AdelaJimenez/workspace/ros_ur_driver/install/ur_dashboard_msgs:/home/adela/TFM_MiguelLerinAlonso/workspace/ros_ur_driver/install/ur:/home/adela/TFM_MiguelLerinAlonso/workspace/ros_ur_driver/install/ur_calibration:/home/adela/TFM_MiguelLerinAlonso/workspace/ros_ur_driver/install/ur_robot_driver:/home/adela/TFM_MiguelLerinAlonso/workspace/ros_ur_driver/install/ur_moveit_config:/home/adela/TFM_MiguelLerinAlonso/workspace/ros_ur_driver/install/ur_bringup:/home/adela/TFM_MiguelLerinAlonso/workspace/ros_ur_driver/install/ur_description:/home/adela/TFM_MiguelLerinAlonso/workspace/ros_ur_driver/install/ur_controllers:/home/adela/TFM_MiguelLerinAlonso/workspace/ros_ur_driver/install/ur_dashboard_msgs:/home/adela/workspace/ros_ur_driver/install/ur:/home/adela/workspace/ros_ur_driver/install/ur_calibration:/home/adela/workspace/ros_ur_driver/install/ur_robot_driver:/home/adela/workspace/ros_ur_driver/install/ur_moveit_config:/home/adela/workspace/ros_ur_driver/install/ur_bringup:/home/adela/workspace/ros_ur_driver/install/ur_description:/home/adela/workspace/ros_ur_driver/install/ur_controllers:/home/adela/workspace/ros_ur_driver/install/ur_dashboard_msgs:/home/adela/TFM_AdelaJimenez/workspace/ros_ur_driver/install/trayectories:/home/adela/TFM_AdelaJimenez/workspace/ros_ur_driver/install/rutine_launcher:/home/adela/TFM_AdelaJimenez/workspace/ros_ur_driver/install/data_logger:/home/adela/TFM_AdelaJimenez/workspace/ros_ur_driver/install/build_platform:/home/adela/TFM_MiguelLerinAlonso/workspace/ros_ur_driver/install/trayectories:/home/adela/TFM_MiguelLerinAlonso/workspace/ros_ur_driver/install/rutine_launcher:/home/adela/TFM_MiguelLerinAlonso/workspace/ros_ur_driver/install/data_logger:/home/adela/TFM_MiguelLerinAlonso/workspace/ros_ur_driver/install/build_platform:/opt/ros/humble LD_LIBRARY_PATH=/home/adela/TFM_AdelaJimenez/install/ur_robot_driver/lib:/home/adela/TFM_AdelaJimenez/install/ur_controllers/lib:/home/adela/TFM_AdelaJimenez/install/ur_dashboard_msgs/lib:${LD_LIBRARY_PATH} PATH=/home/adela/TFM_AdelaJimenez/install/ur_robot_driver/bin:${PATH} PYTHONPATH=/home/adela/TFM_AdelaJimenez/install/ur_robot_driver/local/lib/python3.10/dist-packages:/home/adela/TFM_AdelaJimenez/install/ur_dashboard_msgs/local/lib/python3.10/dist-packages:${PYTHONPATH} /usr/bin/cmake --build /home/adela/TFM_AdelaJimenez/build/ur_calibration -- -j2 -l2
[25.031s] DEBUG:colcon.colcon_core.event_handler.log_command:Invoked command in '/home/adela/TFM_AdelaJimenez/build/ur_calibration' returned '0': AMENT_PREFIX_PATH=/home/adela/TFM_AdelaJimenez/install/ur_robot_driver:/home/adela/TFM_AdelaJimenez/install/ur_controllers:/home/adela/TFM_AdelaJimenez/install/ur_description:/home/adela/TFM_AdelaJimenez/install/ur_dashboard_msgs:${AMENT_PREFIX_PATH} CMAKE_PREFIX_PATH=/home/adela/TFM_AdelaJimenez/install/ur_robot_driver:/home/adela/TFM_AdelaJimenez/install/ur_controllers:/home/adela/TFM_AdelaJimenez/install/ur_description:/home/adela/TFM_AdelaJimenez/install/ur_dashboard_msgs:/home/adela/TFM_AdelaJimenez/workspace/ros_ur_driver/install/ur:/home/adela/TFM_AdelaJimenez/workspace/ros_ur_driver/install/ur_calibration:/home/adela/TFM_AdelaJimenez/workspace/ros_ur_driver/install/ur_robot_driver:/home/adela/TFM_AdelaJimenez/workspace/ros_ur_driver/install/ur_moveit_config:/home/adela/TFM_AdelaJimenez/workspace/ros_ur_driver/install/ur_bringup:/home/adela/TFM_AdelaJimenez/workspace/ros_ur_driver/install/ur_description:/home/adela/TFM_AdelaJimenez/workspace/ros_ur_driver/install/ur_controllers:/home/adela/TFM_AdelaJimenez/workspace/ros_ur_driver/install/ur_dashboard_msgs:/home/adela/TFM_MiguelLerinAlonso/workspace/ros_ur_driver/install/ur:/home/adela/TFM_MiguelLerinAlonso/workspace/ros_ur_driver/install/ur_calibration:/home/adela/TFM_MiguelLerinAlonso/workspace/ros_ur_driver/install/ur_robot_driver:/home/adela/TFM_MiguelLerinAlonso/workspace/ros_ur_driver/install/ur_moveit_config:/home/adela/TFM_MiguelLerinAlonso/workspace/ros_ur_driver/install/ur_bringup:/home/adela/TFM_MiguelLerinAlonso/workspace/ros_ur_driver/install/ur_description:/home/adela/TFM_MiguelLerinAlonso/workspace/ros_ur_driver/install/ur_controllers:/home/adela/TFM_MiguelLerinAlonso/workspace/ros_ur_driver/install/ur_dashboard_msgs:/home/adela/workspace/ros_ur_driver/install/ur:/home/adela/workspace/ros_ur_driver/install/ur_calibration:/home/adela/workspace/ros_ur_driver/install/ur_robot_driver:/home/adela/workspace/ros_ur_driver/install/ur_moveit_config:/home/adela/workspace/ros_ur_driver/install/ur_bringup:/home/adela/workspace/ros_ur_driver/install/ur_description:/home/adela/workspace/ros_ur_driver/install/ur_controllers:/home/adela/workspace/ros_ur_driver/install/ur_dashboard_msgs:/home/adela/TFM_AdelaJimenez/workspace/ros_ur_driver/install/trayectories:/home/adela/TFM_AdelaJimenez/workspace/ros_ur_driver/install/rutine_launcher:/home/adela/TFM_AdelaJimenez/workspace/ros_ur_driver/install/data_logger:/home/adela/TFM_AdelaJimenez/workspace/ros_ur_driver/install/build_platform:/home/adela/TFM_MiguelLerinAlonso/workspace/ros_ur_driver/install/trayectories:/home/adela/TFM_MiguelLerinAlonso/workspace/ros_ur_driver/install/rutine_launcher:/home/adela/TFM_MiguelLerinAlonso/workspace/ros_ur_driver/install/data_logger:/home/adela/TFM_MiguelLerinAlonso/workspace/ros_ur_driver/install/build_platform:/opt/ros/humble LD_LIBRARY_PATH=/home/adela/TFM_AdelaJimenez/install/ur_robot_driver/lib:/home/adela/TFM_AdelaJimenez/install/ur_controllers/lib:/home/adela/TFM_AdelaJimenez/install/ur_dashboard_msgs/lib:${LD_LIBRARY_PATH} PATH=/home/adela/TFM_AdelaJimenez/install/ur_robot_driver/bin:${PATH} PYTHONPATH=/home/adela/TFM_AdelaJimenez/install/ur_robot_driver/local/lib/python3.10/dist-packages:/home/adela/TFM_AdelaJimenez/install/ur_dashboard_msgs/local/lib/python3.10/dist-packages:${PYTHONPATH} /usr/bin/cmake --build /home/adela/TFM_AdelaJimenez/build/ur_calibration -- -j2 -l2
[25.664s] DEBUG:colcon.colcon_core.event_handler.log_command:Invoking command in '/home/adela/TFM_AdelaJimenez/build/ur_calibration': AMENT_PREFIX_PATH=/home/adela/TFM_AdelaJimenez/install/ur_robot_driver:/home/adela/TFM_AdelaJimenez/install/ur_controllers:/home/adela/TFM_AdelaJimenez/install/ur_description:/home/adela/TFM_AdelaJimenez/install/ur_dashboard_msgs:${AMENT_PREFIX_PATH} CMAKE_PREFIX_PATH=/home/adela/TFM_AdelaJimenez/install/ur_robot_driver:/home/adela/TFM_AdelaJimenez/install/ur_controllers:/home/adela/TFM_AdelaJimenez/install/ur_description:/home/adela/TFM_AdelaJimenez/install/ur_dashboard_msgs:/home/adela/TFM_AdelaJimenez/workspace/ros_ur_driver/install/ur:/home/adela/TFM_AdelaJimenez/workspace/ros_ur_driver/install/ur_calibration:/home/adela/TFM_AdelaJimenez/workspace/ros_ur_driver/install/ur_robot_driver:/home/adela/TFM_AdelaJimenez/workspace/ros_ur_driver/install/ur_moveit_config:/home/adela/TFM_AdelaJimenez/workspace/ros_ur_driver/install/ur_bringup:/home/adela/TFM_AdelaJimenez/workspace/ros_ur_driver/install/ur_description:/home/adela/TFM_AdelaJimenez/workspace/ros_ur_driver/install/ur_controllers:/home/adela/TFM_AdelaJimenez/workspace/ros_ur_driver/install/ur_dashboard_msgs:/home/adela/TFM_MiguelLerinAlonso/workspace/ros_ur_driver/install/ur:/home/adela/TFM_MiguelLerinAlonso/workspace/ros_ur_driver/install/ur_calibration:/home/adela/TFM_MiguelLerinAlonso/workspace/ros_ur_driver/install/ur_robot_driver:/home/adela/TFM_MiguelLerinAlonso/workspace/ros_ur_driver/install/ur_moveit_config:/home/adela/TFM_MiguelLerinAlonso/workspace/ros_ur_driver/install/ur_bringup:/home/adela/TFM_MiguelLerinAlonso/workspace/ros_ur_driver/install/ur_description:/home/adela/TFM_MiguelLerinAlonso/workspace/ros_ur_driver/install/ur_controllers:/home/adela/TFM_MiguelLerinAlonso/workspace/ros_ur_driver/install/ur_dashboard_msgs:/home/adela/workspace/ros_ur_driver/install/ur:/home/adela/workspace/ros_ur_driver/install/ur_calibration:/home/adela/workspace/ros_ur_driver/install/ur_robot_driver:/home/adela/workspace/ros_ur_driver/install/ur_moveit_config:/home/adela/workspace/ros_ur_driver/install/ur_bringup:/home/adela/workspace/ros_ur_driver/install/ur_description:/home/adela/workspace/ros_ur_driver/install/ur_controllers:/home/adela/workspace/ros_ur_driver/install/ur_dashboard_msgs:/home/adela/TFM_AdelaJimenez/workspace/ros_ur_driver/install/trayectories:/home/adela/TFM_AdelaJimenez/workspace/ros_ur_driver/install/rutine_launcher:/home/adela/TFM_AdelaJimenez/workspace/ros_ur_driver/install/data_logger:/home/adela/TFM_AdelaJimenez/workspace/ros_ur_driver/install/build_platform:/home/adela/TFM_MiguelLerinAlonso/workspace/ros_ur_driver/install/trayectories:/home/adela/TFM_MiguelLerinAlonso/workspace/ros_ur_driver/install/rutine_launcher:/home/adela/TFM_MiguelLerinAlonso/workspace/ros_ur_driver/install/data_logger:/home/adela/TFM_MiguelLerinAlonso/workspace/ros_ur_driver/install/build_platform:/opt/ros/humble LD_LIBRARY_PATH=/home/adela/TFM_AdelaJimenez/install/ur_robot_driver/lib:/home/adela/TFM_AdelaJimenez/install/ur_controllers/lib:/home/adela/TFM_AdelaJimenez/install/ur_dashboard_msgs/lib:${LD_LIBRARY_PATH} PATH=/home/adela/TFM_AdelaJimenez/install/ur_robot_driver/bin:${PATH} PYTHONPATH=/home/adela/TFM_AdelaJimenez/install/ur_robot_driver/local/lib/python3.10/dist-packages:/home/adela/TFM_AdelaJimenez/install/ur_dashboard_msgs/local/lib/python3.10/dist-packages:${PYTHONPATH} /usr/bin/cmake --install /home/adela/TFM_AdelaJimenez/build/ur_calibration
[25.741s] DEBUG:colcon.colcon_core.event_handler.log_command:Invoking command in '/home/adela/TFM_AdelaJimenez/workspace/ros_ur_driver/src/data_logger': PYTHONPATH=/home/adela/TFM_AdelaJimenez/build/data_logger/prefix_override:/home/adela/TFM_AdelaJimenez/install/data_logger/lib/python3.10/site-packages:${PYTHONPATH} /usr/bin/python3 -W ignore:setup.py install is deprecated setup.py egg_info --egg-base ../../../../build/data_logger build --build-base /home/adela/TFM_AdelaJimenez/build/data_logger/build install --record /home/adela/TFM_AdelaJimenez/build/data_logger/install.log --single-version-externally-managed install_data
[25.941s] Level 1:colcon.colcon_core.environment:create_environment_scripts_only(ur_calibration)
[25.942s] Level 1:colcon.colcon_core.environment:checking '/home/adela/TFM_AdelaJimenez/install/ur_calibration' for CMake module files
[25.952s] Level 1:colcon.colcon_core.environment:checking '/home/adela/TFM_AdelaJimenez/install/ur_calibration' for CMake config files
[25.953s] Level 1:colcon.colcon_core.shell:create_environment_hook('ur_calibration', 'cmake_prefix_path')
[25.970s] DEBUG:colcon.colcon_core.event_handler.log_command:Invoked command in '/home/adela/TFM_AdelaJimenez/build/ur_calibration' returned '0': AMENT_PREFIX_PATH=/home/adela/TFM_AdelaJimenez/install/ur_robot_driver:/home/adela/TFM_AdelaJimenez/install/ur_controllers:/home/adela/TFM_AdelaJimenez/install/ur_description:/home/adela/TFM_AdelaJimenez/install/ur_dashboard_msgs:${AMENT_PREFIX_PATH} CMAKE_PREFIX_PATH=/home/adela/TFM_AdelaJimenez/install/ur_robot_driver:/home/adela/TFM_AdelaJimenez/install/ur_controllers:/home/adela/TFM_AdelaJimenez/install/ur_description:/home/adela/TFM_AdelaJimenez/install/ur_dashboard_msgs:/home/adela/TFM_AdelaJimenez/workspace/ros_ur_driver/install/ur:/home/adela/TFM_AdelaJimenez/workspace/ros_ur_driver/install/ur_calibration:/home/adela/TFM_AdelaJimenez/workspace/ros_ur_driver/install/ur_robot_driver:/home/adela/TFM_AdelaJimenez/workspace/ros_ur_driver/install/ur_moveit_config:/home/adela/TFM_AdelaJimenez/workspace/ros_ur_driver/install/ur_bringup:/home/adela/TFM_AdelaJimenez/workspace/ros_ur_driver/install/ur_description:/home/adela/TFM_AdelaJimenez/workspace/ros_ur_driver/install/ur_controllers:/home/adela/TFM_AdelaJimenez/workspace/ros_ur_driver/install/ur_dashboard_msgs:/home/adela/TFM_MiguelLerinAlonso/workspace/ros_ur_driver/install/ur:/home/adela/TFM_MiguelLerinAlonso/workspace/ros_ur_driver/install/ur_calibration:/home/adela/TFM_MiguelLerinAlonso/workspace/ros_ur_driver/install/ur_robot_driver:/home/adela/TFM_MiguelLerinAlonso/workspace/ros_ur_driver/install/ur_moveit_config:/home/adela/TFM_MiguelLerinAlonso/workspace/ros_ur_driver/install/ur_bringup:/home/adela/TFM_MiguelLerinAlonso/workspace/ros_ur_driver/install/ur_description:/home/adela/TFM_MiguelLerinAlonso/workspace/ros_ur_driver/install/ur_controllers:/home/adela/TFM_MiguelLerinAlonso/workspace/ros_ur_driver/install/ur_dashboard_msgs:/home/adela/workspace/ros_ur_driver/install/ur:/home/adela/workspace/ros_ur_driver/install/ur_calibration:/home/adela/workspace/ros_ur_driver/install/ur_robot_driver:/home/adela/workspace/ros_ur_driver/install/ur_moveit_config:/home/adela/workspace/ros_ur_driver/install/ur_bringup:/home/adela/workspace/ros_ur_driver/install/ur_description:/home/adela/workspace/ros_ur_driver/install/ur_controllers:/home/adela/workspace/ros_ur_driver/install/ur_dashboard_msgs:/home/adela/TFM_AdelaJimenez/workspace/ros_ur_driver/install/trayectories:/home/adela/TFM_AdelaJimenez/workspace/ros_ur_driver/install/rutine_launcher:/home/adela/TFM_AdelaJimenez/workspace/ros_ur_driver/install/data_logger:/home/adela/TFM_AdelaJimenez/workspace/ros_ur_driver/install/build_platform:/home/adela/TFM_MiguelLerinAlonso/workspace/ros_ur_driver/install/trayectories:/home/adela/TFM_MiguelLerinAlonso/workspace/ros_ur_driver/install/rutine_launcher:/home/adela/TFM_MiguelLerinAlonso/workspace/ros_ur_driver/install/data_logger:/home/adela/TFM_MiguelLerinAlonso/workspace/ros_ur_driver/install/build_platform:/opt/ros/humble LD_LIBRARY_PATH=/home/adela/TFM_AdelaJimenez/install/ur_robot_driver/lib:/home/adela/TFM_AdelaJimenez/install/ur_controllers/lib:/home/adela/TFM_AdelaJimenez/install/ur_dashboard_msgs/lib:${LD_LIBRARY_PATH} PATH=/home/adela/TFM_AdelaJimenez/install/ur_robot_driver/bin:${PATH} PYTHONPATH=/home/adela/TFM_AdelaJimenez/install/ur_robot_driver/local/lib/python3.10/dist-packages:/home/adela/TFM_AdelaJimenez/install/ur_dashboard_msgs/local/lib/python3.10/dist-packages:${PYTHONPATH} /usr/bin/cmake --install /home/adela/TFM_AdelaJimenez/build/ur_calibration
[25.974s] INFO:colcon.colcon_core.shell:Creating environment hook '/home/adela/TFM_AdelaJimenez/install/ur_calibration/share/ur_calibration/hook/cmake_prefix_path.ps1'
[25.975s] INFO:colcon.colcon_core.shell:Creating environment descriptor '/home/adela/TFM_AdelaJimenez/install/ur_calibration/share/ur_calibration/hook/cmake_prefix_path.dsv'
[25.988s] INFO:colcon.colcon_core.shell:Creating environment hook '/home/adela/TFM_AdelaJimenez/install/ur_calibration/share/ur_calibration/hook/cmake_prefix_path.sh'
[26.008s] Level 1:colcon.colcon_core.environment:checking '/home/adela/TFM_AdelaJimenez/install/ur_calibration/lib'
[26.020s] Level 1:colcon.colcon_core.environment:checking '/home/adela/TFM_AdelaJimenez/install/ur_calibration/bin'
[26.021s] Level 1:colcon.colcon_core.environment:checking '/home/adela/TFM_AdelaJimenez/install/ur_calibration/lib/pkgconfig/ur_calibration.pc'
[26.021s] Level 1:colcon.colcon_core.environment:checking '/home/adela/TFM_AdelaJimenez/install/ur_calibration/lib/python3.10/site-packages'
[26.021s] Level 1:colcon.colcon_core.environment:checking '/home/adela/TFM_AdelaJimenez/install/ur_calibration/bin'
[26.035s] INFO:colcon.colcon_core.shell:Creating package script '/home/adela/TFM_AdelaJimenez/install/ur_calibration/share/ur_calibration/package.ps1'
[26.036s] INFO:colcon.colcon_core.shell:Creating package descriptor '/home/adela/TFM_AdelaJimenez/install/ur_calibration/share/ur_calibration/package.dsv'
[26.036s] INFO:colcon.colcon_core.shell:Creating package script '/home/adela/TFM_AdelaJimenez/install/ur_calibration/share/ur_calibration/package.sh'
[26.048s] INFO:colcon.colcon_core.shell:Creating package script '/home/adela/TFM_AdelaJimenez/install/ur_calibration/share/ur_calibration/package.bash'
[26.049s] INFO:colcon.colcon_core.shell:Creating package script '/home/adela/TFM_AdelaJimenez/install/ur_calibration/share/ur_calibration/package.zsh'
[26.068s] Level 1:colcon.colcon_core.environment:create_file_with_runtime_dependencies(/home/adela/TFM_AdelaJimenez/install/ur_calibration/share/colcon-core/packages/ur_calibration)
[26.566s] Level 1:colcon.colcon_core.environment:create_environment_scripts_only(ur_calibration)
[26.567s] Level 1:colcon.colcon_core.environment:checking '/home/adela/TFM_AdelaJimenez/install/ur_calibration' for CMake module files
[26.580s] Level 1:colcon.colcon_core.environment:checking '/home/adela/TFM_AdelaJimenez/install/ur_calibration' for CMake config files
[26.581s] Level 1:colcon.colcon_core.shell:create_environment_hook('ur_calibration', 'cmake_prefix_path')
[26.590s] INFO:colcon.colcon_core.shell:Creating environment hook '/home/adela/TFM_AdelaJimenez/install/ur_calibration/share/ur_calibration/hook/cmake_prefix_path.ps1'
[26.595s] INFO:colcon.colcon_core.shell:Creating environment descriptor '/home/adela/TFM_AdelaJimenez/install/ur_calibration/share/ur_calibration/hook/cmake_prefix_path.dsv'
[26.598s] INFO:colcon.colcon_core.shell:Creating environment hook '/home/adela/TFM_AdelaJimenez/install/ur_calibration/share/ur_calibration/hook/cmake_prefix_path.sh'
[26.618s] Level 1:colcon.colcon_core.environment:checking '/home/adela/TFM_AdelaJimenez/install/ur_calibration/lib'
[26.618s] Level 1:colcon.colcon_core.environment:checking '/home/adela/TFM_AdelaJimenez/install/ur_calibration/bin'
[26.619s] Level 1:colcon.colcon_core.environment:checking '/home/adela/TFM_AdelaJimenez/install/ur_calibration/lib/pkgconfig/ur_calibration.pc'
[26.619s] Level 1:colcon.colcon_core.environment:checking '/home/adela/TFM_AdelaJimenez/install/ur_calibration/lib/python3.10/site-packages'
[26.619s] Level 1:colcon.colcon_core.environment:checking '/home/adela/TFM_AdelaJimenez/install/ur_calibration/bin'
[26.628s] INFO:colcon.colcon_core.shell:Creating package script '/home/adela/TFM_AdelaJimenez/install/ur_calibration/share/ur_calibration/package.ps1'
[26.633s] INFO:colcon.colcon_core.shell:Creating package descriptor '/home/adela/TFM_AdelaJimenez/install/ur_calibration/share/ur_calibration/package.dsv'
[26.643s] INFO:colcon.colcon_core.shell:Creating package script '/home/adela/TFM_AdelaJimenez/install/ur_calibration/share/ur_calibration/package.sh'
[26.650s] INFO:colcon.colcon_core.shell:Creating package script '/home/adela/TFM_AdelaJimenez/install/ur_calibration/share/ur_calibration/package.bash'
[26.660s] INFO:colcon.colcon_core.shell:Creating package script '/home/adela/TFM_AdelaJimenez/install/ur_calibration/share/ur_calibration/package.zsh'
[26.664s] Level 1:colcon.colcon_core.environment:create_file_with_runtime_dependencies(/home/adela/TFM_AdelaJimenez/install/ur_calibration/share/colcon-core/packages/ur_calibration)
[26.670s] INFO:colcon.colcon_ros.task.ament_python.build:Building ROS package in '/home/adela/TFM_AdelaJimenez/workspace/ros_ur_driver/src/rutine_launcher' with build type 'ament_python'
[26.671s] Level 1:colcon.colcon_core.shell:create_environment_hook('rutine_launcher', 'ament_prefix_path')
[26.671s] INFO:colcon.colcon_core.shell:Creating environment hook '/home/adela/TFM_AdelaJimenez/install/rutine_launcher/share/rutine_launcher/hook/ament_prefix_path.ps1'
[26.682s] INFO:colcon.colcon_core.shell:Creating environment descriptor '/home/adela/TFM_AdelaJimenez/install/rutine_launcher/share/rutine_launcher/hook/ament_prefix_path.dsv'
[26.691s] INFO:colcon.colcon_core.shell:Creating environment hook '/home/adela/TFM_AdelaJimenez/install/rutine_launcher/share/rutine_launcher/hook/ament_prefix_path.sh'
[26.707s] INFO:colcon.colcon_core.shell:Skip shell extension 'powershell' for command environment: Not usable outside of PowerShell
[26.709s] DEBUG:colcon.colcon_core.shell:Skip shell extension 'dsv' for command environment
[29.879s] INFO:colcon.colcon_core.task.python.build:Building Python package in '/home/adela/TFM_AdelaJimenez/workspace/ros_ur_driver/src/rutine_launcher'
[29.880s] INFO:colcon.colcon_core.shell:Skip shell extension 'powershell' for command environment: Not usable outside of PowerShell
[29.880s] DEBUG:colcon.colcon_core.shell:Skip shell extension 'dsv' for command environment
[29.973s] DEBUG:colcon.colcon_core.event_handler.log_command:Invoked command in '/home/adela/TFM_AdelaJimenez/workspace/ros_ur_driver/src/data_logger' returned '0': PYTHONPATH=/home/adela/TFM_AdelaJimenez/build/data_logger/prefix_override:/home/adela/TFM_AdelaJimenez/install/data_logger/lib/python3.10/site-packages:${PYTHONPATH} /usr/bin/python3 -W ignore:setup.py install is deprecated setup.py egg_info --egg-base ../../../../build/data_logger build --build-base /home/adela/TFM_AdelaJimenez/build/data_logger/build install --record /home/adela/TFM_AdelaJimenez/build/data_logger/install.log --single-version-externally-managed install_data
[29.974s] Level 1:colcon.colcon_core.environment:checking '/home/adela/TFM_AdelaJimenez/install/data_logger' for CMake module files
[29.975s] Level 1:colcon.colcon_core.environment:checking '/home/adela/TFM_AdelaJimenez/install/data_logger' for CMake config files
[29.976s] Level 1:colcon.colcon_core.environment:checking '/home/adela/TFM_AdelaJimenez/install/data_logger/lib'
[29.986s] Level 1:colcon.colcon_core.environment:checking '/home/adela/TFM_AdelaJimenez/install/data_logger/bin'
[29.987s] Level 1:colcon.colcon_core.environment:checking '/home/adela/TFM_AdelaJimenez/install/data_logger/lib/pkgconfig/data_logger.pc'
[29.987s] Level 1:colcon.colcon_core.environment:checking '/home/adela/TFM_AdelaJimenez/install/data_logger/lib/python3.10/site-packages'
[29.987s] Level 1:colcon.colcon_core.shell:create_environment_hook('data_logger', 'pythonpath')
[29.988s] INFO:colcon.colcon_core.shell:Creating environment hook '/home/adela/TFM_AdelaJimenez/install/data_logger/share/data_logger/hook/pythonpath.ps1'
[29.996s] INFO:colcon.colcon_core.shell:Creating environment descriptor '/home/adela/TFM_AdelaJimenez/install/data_logger/share/data_logger/hook/pythonpath.dsv'
[30.000s] INFO:colcon.colcon_core.shell:Creating environment hook '/home/adela/TFM_AdelaJimenez/install/data_logger/share/data_logger/hook/pythonpath.sh'
[30.011s] Level 1:colcon.colcon_core.environment:checking '/home/adela/TFM_AdelaJimenez/install/data_logger/bin'
[30.011s] Level 1:colcon.colcon_core.environment:create_environment_scripts_only(data_logger)
[30.011s] INFO:colcon.colcon_core.shell:Creating package script '/home/adela/TFM_AdelaJimenez/install/data_logger/share/data_logger/package.ps1'
[30.012s] INFO:colcon.colcon_core.shell:Creating package descriptor '/home/adela/TFM_AdelaJimenez/install/data_logger/share/data_logger/package.dsv'
[30.045s] INFO:colcon.colcon_core.shell:Creating package script '/home/adela/TFM_AdelaJimenez/install/data_logger/share/data_logger/package.sh'
[30.050s] INFO:colcon.colcon_core.shell:Creating package script '/home/adela/TFM_AdelaJimenez/install/data_logger/share/data_logger/package.bash'
[30.051s] INFO:colcon.colcon_core.shell:Creating package script '/home/adela/TFM_AdelaJimenez/install/data_logger/share/data_logger/package.zsh'
[30.060s] Level 1:colcon.colcon_core.environment:create_file_with_runtime_dependencies(/home/adela/TFM_AdelaJimenez/install/data_logger/share/colcon-core/packages/data_logger)
[30.061s] INFO:colcon.colcon_ros.task.ament_python.build:Building ROS package in '/home/adela/TFM_AdelaJimenez/workspace/ros_ur_driver/src/trayectories' with build type 'ament_python'
[30.067s] Level 1:colcon.colcon_core.shell:create_environment_hook('trayectories', 'ament_prefix_path')
[30.068s] INFO:colcon.colcon_core.shell:Creating environment hook '/home/adela/TFM_AdelaJimenez/install/trayectories/share/trayectories/hook/ament_prefix_path.ps1'
[30.084s] INFO:colcon.colcon_core.shell:Creating environment descriptor '/home/adela/TFM_AdelaJimenez/install/trayectories/share/trayectories/hook/ament_prefix_path.dsv'
[30.084s] INFO:colcon.colcon_core.shell:Creating environment hook '/home/adela/TFM_AdelaJimenez/install/trayectories/share/trayectories/hook/ament_prefix_path.sh'
[30.091s] INFO:colcon.colcon_core.shell:Skip shell extension 'powershell' for command environment: Not usable outside of PowerShell
[30.091s] DEBUG:colcon.colcon_core.shell:Skip shell extension 'dsv' for command environment
[34.236s] INFO:colcon.colcon_core.task.python.build:Building Python package in '/home/adela/TFM_AdelaJimenez/workspace/ros_ur_driver/src/trayectories'
[34.240s] INFO:colcon.colcon_core.shell:Skip shell extension 'powershell' for command environment: Not usable outside of PowerShell
[34.245s] DEBUG:colcon.colcon_core.shell:Skip shell extension 'dsv' for command environment
[35.541s] DEBUG:colcon.colcon_core.event_handler.log_command:Invoking command in '/home/adela/TFM_AdelaJimenez/workspace/ros_ur_driver/src/rutine_launcher': PYTHONPATH=/home/adela/TFM_AdelaJimenez/build/rutine_launcher/prefix_override:/home/adela/TFM_AdelaJimenez/install/rutine_launcher/lib/python3.10/site-packages:${PYTHONPATH} /usr/bin/python3 -W ignore:setup.py install is deprecated setup.py egg_info --egg-base ../../../../build/rutine_launcher build --build-base /home/adela/TFM_AdelaJimenez/build/rutine_launcher/build install --record /home/adela/TFM_AdelaJimenez/build/rutine_launcher/install.log --single-version-externally-managed install_data
[38.438s] DEBUG:colcon.colcon_core.event_handler.log_command:Invoking command in '/home/adela/TFM_AdelaJimenez/workspace/ros_ur_driver/src/trayectories': PYTHONPATH=/home/adela/TFM_AdelaJimenez/build/trayectories/prefix_override:/home/adela/TFM_AdelaJimenez/install/trayectories/lib/python3.10/site-packages:${PYTHONPATH} /usr/bin/python3 -W ignore:setup.py install is deprecated setup.py egg_info --egg-base ../../../../build/trayectories build --build-base /home/adela/TFM_AdelaJimenez/build/trayectories/build install --record /home/adela/TFM_AdelaJimenez/build/trayectories/install.log --single-version-externally-managed install_data
[38.876s] Level 1:colcon.colcon_core.environment:checking '/home/adela/TFM_AdelaJimenez/install/rutine_launcher' for CMake module files
[38.879s] DEBUG:colcon.colcon_core.event_handler.log_command:Invoked command in '/home/adela/TFM_AdelaJimenez/workspace/ros_ur_driver/src/rutine_launcher' returned '0': PYTHONPATH=/home/adela/TFM_AdelaJimenez/build/rutine_launcher/prefix_override:/home/adela/TFM_AdelaJimenez/install/rutine_launcher/lib/python3.10/site-packages:${PYTHONPATH} /usr/bin/python3 -W ignore:setup.py install is deprecated setup.py egg_info --egg-base ../../../../build/rutine_launcher build --build-base /home/adela/TFM_AdelaJimenez/build/rutine_launcher/build install --record /home/adela/TFM_AdelaJimenez/build/rutine_launcher/install.log --single-version-externally-managed install_data
[38.886s] Level 1:colcon.colcon_core.environment:checking '/home/adela/TFM_AdelaJimenez/install/rutine_launcher' for CMake config files
[38.888s] Level 1:colcon.colcon_core.environment:checking '/home/adela/TFM_AdelaJimenez/install/rutine_launcher/lib'
[38.888s] Level 1:colcon.colcon_core.environment:checking '/home/adela/TFM_AdelaJimenez/install/rutine_launcher/bin'
[38.888s] Level 1:colcon.colcon_core.environment:checking '/home/adela/TFM_AdelaJimenez/install/rutine_launcher/lib/pkgconfig/rutine_launcher.pc'
[38.889s] Level 1:colcon.colcon_core.environment:checking '/home/adela/TFM_AdelaJimenez/install/rutine_launcher/lib/python3.10/site-packages'
[38.889s] Level 1:colcon.colcon_core.shell:create_environment_hook('rutine_launcher', 'pythonpath')
[38.899s] INFO:colcon.colcon_core.shell:Creating environment hook '/home/adela/TFM_AdelaJimenez/install/rutine_launcher/share/rutine_launcher/hook/pythonpath.ps1'
[38.900s] INFO:colcon.colcon_core.shell:Creating environment descriptor '/home/adela/TFM_AdelaJimenez/install/rutine_launcher/share/rutine_launcher/hook/pythonpath.dsv'
[38.907s] INFO:colcon.colcon_core.shell:Creating environment hook '/home/adela/TFM_AdelaJimenez/install/rutine_launcher/share/rutine_launcher/hook/pythonpath.sh'
[38.913s] Level 1:colcon.colcon_core.environment:checking '/home/adela/TFM_AdelaJimenez/install/rutine_launcher/bin'
[38.913s] Level 1:colcon.colcon_core.environment:create_environment_scripts_only(rutine_launcher)
[38.920s] INFO:colcon.colcon_core.shell:Creating package script '/home/adela/TFM_AdelaJimenez/install/rutine_launcher/share/rutine_launcher/package.ps1'
[38.927s] INFO:colcon.colcon_core.shell:Creating package descriptor '/home/adela/TFM_AdelaJimenez/install/rutine_launcher/share/rutine_launcher/package.dsv'
[38.934s] INFO:colcon.colcon_core.shell:Creating package script '/home/adela/TFM_AdelaJimenez/install/rutine_launcher/share/rutine_launcher/package.sh'
[38.942s] INFO:colcon.colcon_core.shell:Creating package script '/home/adela/TFM_AdelaJimenez/install/rutine_launcher/share/rutine_launcher/package.bash'
[38.946s] INFO:colcon.colcon_core.shell:Creating package script '/home/adela/TFM_AdelaJimenez/install/rutine_launcher/share/rutine_launcher/package.zsh'
[38.952s] Level 1:colcon.colcon_core.environment:create_file_with_runtime_dependencies(/home/adela/TFM_AdelaJimenez/install/rutine_launcher/share/colcon-core/packages/rutine_launcher)
[38.960s] INFO:colcon.colcon_ros.task.ament_cmake.build:Building ROS package in '/home/adela/TFM_AdelaJimenez/workspace/ros_ur_driver/src/Universal_Robots_ROS2_Driver/ur_bringup' with build type 'ament_cmake'
[38.962s] INFO:colcon.colcon_cmake.task.cmake.build:Building CMake package in '/home/adela/TFM_AdelaJimenez/workspace/ros_ur_driver/src/Universal_Robots_ROS2_Driver/ur_bringup'
[38.972s] INFO:colcon.colcon_core.shell:Skip shell extension 'powershell' for command environment: Not usable outside of PowerShell
[38.972s] DEBUG:colcon.colcon_core.shell:Skip shell extension 'dsv' for command environment
[39.084s] DEBUG:colcon.colcon_core.event_handler.log_command:Invoking command in '/home/adela/TFM_AdelaJimenez/build/ur_bringup': AMENT_PREFIX_PATH=/home/adela/TFM_AdelaJimenez/install/ur_controllers:/home/adela/TFM_AdelaJimenez/install/ur_description:/home/adela/TFM_AdelaJimenez/install/ur_dashboard_msgs:${AMENT_PREFIX_PATH} CMAKE_PREFIX_PATH=/home/adela/TFM_AdelaJimenez/install/ur_controllers:/home/adela/TFM_AdelaJimenez/install/ur_description:/home/adela/TFM_AdelaJimenez/install/ur_dashboard_msgs:/home/adela/TFM_AdelaJimenez/workspace/ros_ur_driver/install/ur:/home/adela/TFM_AdelaJimenez/workspace/ros_ur_driver/install/ur_calibration:/home/adela/TFM_AdelaJimenez/workspace/ros_ur_driver/install/ur_robot_driver:/home/adela/TFM_AdelaJimenez/workspace/ros_ur_driver/install/ur_moveit_config:/home/adela/TFM_AdelaJimenez/workspace/ros_ur_driver/install/ur_bringup:/home/adela/TFM_AdelaJimenez/workspace/ros_ur_driver/install/ur_description:/home/adela/TFM_AdelaJimenez/workspace/ros_ur_driver/install/ur_controllers:/home/adela/TFM_AdelaJimenez/workspace/ros_ur_driver/install/ur_dashboard_msgs:/home/adela/TFM_MiguelLerinAlonso/workspace/ros_ur_driver/install/ur:/home/adela/TFM_MiguelLerinAlonso/workspace/ros_ur_driver/install/ur_calibration:/home/adela/TFM_MiguelLerinAlonso/workspace/ros_ur_driver/install/ur_robot_driver:/home/adela/TFM_MiguelLerinAlonso/workspace/ros_ur_driver/install/ur_moveit_config:/home/adela/TFM_MiguelLerinAlonso/workspace/ros_ur_driver/install/ur_bringup:/home/adela/TFM_MiguelLerinAlonso/workspace/ros_ur_driver/install/ur_description:/home/adela/TFM_MiguelLerinAlonso/workspace/ros_ur_driver/install/ur_controllers:/home/adela/TFM_MiguelLerinAlonso/workspace/ros_ur_driver/install/ur_dashboard_msgs:/home/adela/workspace/ros_ur_driver/install/ur:/home/adela/workspace/ros_ur_driver/install/ur_calibration:/home/adela/workspace/ros_ur_driver/install/ur_robot_driver:/home/adela/workspace/ros_ur_driver/install/ur_moveit_config:/home/adela/workspace/ros_ur_driver/install/ur_bringup:/home/adela/workspace/ros_ur_driver/install/ur_description:/home/adela/workspace/ros_ur_driver/install/ur_controllers:/home/adela/workspace/ros_ur_driver/install/ur_dashboard_msgs:/home/adela/TFM_AdelaJimenez/workspace/ros_ur_driver/install/trayectories:/home/adela/TFM_AdelaJimenez/workspace/ros_ur_driver/install/rutine_launcher:/home/adela/TFM_AdelaJimenez/workspace/ros_ur_driver/install/data_logger:/home/adela/TFM_AdelaJimenez/workspace/ros_ur_driver/install/build_platform:/home/adela/TFM_MiguelLerinAlonso/workspace/ros_ur_driver/install/trayectories:/home/adela/TFM_MiguelLerinAlonso/workspace/ros_ur_driver/install/rutine_launcher:/home/adela/TFM_MiguelLerinAlonso/workspace/ros_ur_driver/install/data_logger:/home/adela/TFM_MiguelLerinAlonso/workspace/ros_ur_driver/install/build_platform:/opt/ros/humble LD_LIBRARY_PATH=/home/adela/TFM_AdelaJimenez/install/ur_controllers/lib:/home/adela/TFM_AdelaJimenez/install/ur_dashboard_msgs/lib:${LD_LIBRARY_PATH} PYTHONPATH=/home/adela/TFM_AdelaJimenez/install/ur_dashboard_msgs/local/lib/python3.10/dist-packages:${PYTHONPATH} /usr/bin/cmake --build /home/adela/TFM_AdelaJimenez/build/ur_bringup -- -j2 -l2
[39.406s] DEBUG:colcon.colcon_core.event_handler.log_command:Invoked command in '/home/adela/TFM_AdelaJimenez/build/ur_bringup' returned '0': AMENT_PREFIX_PATH=/home/adela/TFM_AdelaJimenez/install/ur_controllers:/home/adela/TFM_AdelaJimenez/install/ur_description:/home/adela/TFM_AdelaJimenez/install/ur_dashboard_msgs:${AMENT_PREFIX_PATH} CMAKE_PREFIX_PATH=/home/adela/TFM_AdelaJimenez/install/ur_controllers:/home/adela/TFM_AdelaJimenez/install/ur_description:/home/adela/TFM_AdelaJimenez/install/ur_dashboard_msgs:/home/adela/TFM_AdelaJimenez/workspace/ros_ur_driver/install/ur:/home/adela/TFM_AdelaJimenez/workspace/ros_ur_driver/install/ur_calibration:/home/adela/TFM_AdelaJimenez/workspace/ros_ur_driver/install/ur_robot_driver:/home/adela/TFM_AdelaJimenez/workspace/ros_ur_driver/install/ur_moveit_config:/home/adela/TFM_AdelaJimenez/workspace/ros_ur_driver/install/ur_bringup:/home/adela/TFM_AdelaJimenez/workspace/ros_ur_driver/install/ur_description:/home/adela/TFM_AdelaJimenez/workspace/ros_ur_driver/install/ur_controllers:/home/adela/TFM_AdelaJimenez/workspace/ros_ur_driver/install/ur_dashboard_msgs:/home/adela/TFM_MiguelLerinAlonso/workspace/ros_ur_driver/install/ur:/home/adela/TFM_MiguelLerinAlonso/workspace/ros_ur_driver/install/ur_calibration:/home/adela/TFM_MiguelLerinAlonso/workspace/ros_ur_driver/install/ur_robot_driver:/home/adela/TFM_MiguelLerinAlonso/workspace/ros_ur_driver/install/ur_moveit_config:/home/adela/TFM_MiguelLerinAlonso/workspace/ros_ur_driver/install/ur_bringup:/home/adela/TFM_MiguelLerinAlonso/workspace/ros_ur_driver/install/ur_description:/home/adela/TFM_MiguelLerinAlonso/workspace/ros_ur_driver/install/ur_controllers:/home/adela/TFM_MiguelLerinAlonso/workspace/ros_ur_driver/install/ur_dashboard_msgs:/home/adela/workspace/ros_ur_driver/install/ur:/home/adela/workspace/ros_ur_driver/install/ur_calibration:/home/adela/workspace/ros_ur_driver/install/ur_robot_driver:/home/adela/workspace/ros_ur_driver/install/ur_moveit_config:/home/adela/workspace/ros_ur_driver/install/ur_bringup:/home/adela/workspace/ros_ur_driver/install/ur_description:/home/adela/workspace/ros_ur_driver/install/ur_controllers:/home/adela/workspace/ros_ur_driver/install/ur_dashboard_msgs:/home/adela/TFM_AdelaJimenez/workspace/ros_ur_driver/install/trayectories:/home/adela/TFM_AdelaJimenez/workspace/ros_ur_driver/install/rutine_launcher:/home/adela/TFM_AdelaJimenez/workspace/ros_ur_driver/install/data_logger:/home/adela/TFM_AdelaJimenez/workspace/ros_ur_driver/install/build_platform:/home/adela/TFM_MiguelLerinAlonso/workspace/ros_ur_driver/install/trayectories:/home/adela/TFM_MiguelLerinAlonso/workspace/ros_ur_driver/install/rutine_launcher:/home/adela/TFM_MiguelLerinAlonso/workspace/ros_ur_driver/install/data_logger:/home/adela/TFM_MiguelLerinAlonso/workspace/ros_ur_driver/install/build_platform:/opt/ros/humble LD_LIBRARY_PATH=/home/adela/TFM_AdelaJimenez/install/ur_controllers/lib:/home/adela/TFM_AdelaJimenez/install/ur_dashboard_msgs/lib:${LD_LIBRARY_PATH} PYTHONPATH=/home/adela/TFM_AdelaJimenez/install/ur_dashboard_msgs/local/lib/python3.10/dist-packages:${PYTHONPATH} /usr/bin/cmake --build /home/adela/TFM_AdelaJimenez/build/ur_bringup -- -j2 -l2
[39.608s] DEBUG:colcon.colcon_core.event_handler.log_command:Invoking command in '/home/adela/TFM_AdelaJimenez/build/ur_bringup': AMENT_PREFIX_PATH=/home/adela/TFM_AdelaJimenez/install/ur_controllers:/home/adela/TFM_AdelaJimenez/install/ur_description:/home/adela/TFM_AdelaJimenez/install/ur_dashboard_msgs:${AMENT_PREFIX_PATH} CMAKE_PREFIX_PATH=/home/adela/TFM_AdelaJimenez/install/ur_controllers:/home/adela/TFM_AdelaJimenez/install/ur_description:/home/adela/TFM_AdelaJimenez/install/ur_dashboard_msgs:/home/adela/TFM_AdelaJimenez/workspace/ros_ur_driver/install/ur:/home/adela/TFM_AdelaJimenez/workspace/ros_ur_driver/install/ur_calibration:/home/adela/TFM_AdelaJimenez/workspace/ros_ur_driver/install/ur_robot_driver:/home/adela/TFM_AdelaJimenez/workspace/ros_ur_driver/install/ur_moveit_config:/home/adela/TFM_AdelaJimenez/workspace/ros_ur_driver/install/ur_bringup:/home/adela/TFM_AdelaJimenez/workspace/ros_ur_driver/install/ur_description:/home/adela/TFM_AdelaJimenez/workspace/ros_ur_driver/install/ur_controllers:/home/adela/TFM_AdelaJimenez/workspace/ros_ur_driver/install/ur_dashboard_msgs:/home/adela/TFM_MiguelLerinAlonso/workspace/ros_ur_driver/install/ur:/home/adela/TFM_MiguelLerinAlonso/workspace/ros_ur_driver/install/ur_calibration:/home/adela/TFM_MiguelLerinAlonso/workspace/ros_ur_driver/install/ur_robot_driver:/home/adela/TFM_MiguelLerinAlonso/workspace/ros_ur_driver/install/ur_moveit_config:/home/adela/TFM_MiguelLerinAlonso/workspace/ros_ur_driver/install/ur_bringup:/home/adela/TFM_MiguelLerinAlonso/workspace/ros_ur_driver/install/ur_description:/home/adela/TFM_MiguelLerinAlonso/workspace/ros_ur_driver/install/ur_controllers:/home/adela/TFM_MiguelLerinAlonso/workspace/ros_ur_driver/install/ur_dashboard_msgs:/home/adela/workspace/ros_ur_driver/install/ur:/home/adela/workspace/ros_ur_driver/install/ur_calibration:/home/adela/workspace/ros_ur_driver/install/ur_robot_driver:/home/adela/workspace/ros_ur_driver/install/ur_moveit_config:/home/adela/workspace/ros_ur_driver/install/ur_bringup:/home/adela/workspace/ros_ur_driver/install/ur_description:/home/adela/workspace/ros_ur_driver/install/ur_controllers:/home/adela/workspace/ros_ur_driver/install/ur_dashboard_msgs:/home/adela/TFM_AdelaJimenez/workspace/ros_ur_driver/install/trayectories:/home/adela/TFM_AdelaJimenez/workspace/ros_ur_driver/install/rutine_launcher:/home/adela/TFM_AdelaJimenez/workspace/ros_ur_driver/install/data_logger:/home/adela/TFM_AdelaJimenez/workspace/ros_ur_driver/install/build_platform:/home/adela/TFM_MiguelLerinAlonso/workspace/ros_ur_driver/install/trayectories:/home/adela/TFM_MiguelLerinAlonso/workspace/ros_ur_driver/install/rutine_launcher:/home/adela/TFM_MiguelLerinAlonso/workspace/ros_ur_driver/install/data_logger:/home/adela/TFM_MiguelLerinAlonso/workspace/ros_ur_driver/install/build_platform:/opt/ros/humble LD_LIBRARY_PATH=/home/adela/TFM_AdelaJimenez/install/ur_controllers/lib:/home/adela/TFM_AdelaJimenez/install/ur_dashboard_msgs/lib:${LD_LIBRARY_PATH} PYTHONPATH=/home/adela/TFM_AdelaJimenez/install/ur_dashboard_msgs/local/lib/python3.10/dist-packages:${PYTHONPATH} /usr/bin/cmake --install /home/adela/TFM_AdelaJimenez/build/ur_bringup
[39.711s] Level 1:colcon.colcon_core.environment:create_environment_scripts_only(ur_bringup)
[39.712s] Level 1:colcon.colcon_core.environment:checking '/home/adela/TFM_AdelaJimenez/install/ur_bringup' for CMake module files
[39.724s] Level 1:colcon.colcon_core.environment:checking '/home/adela/TFM_AdelaJimenez/install/ur_bringup' for CMake config files
[39.725s] DEBUG:colcon.colcon_core.event_handler.log_command:Invoked command in '/home/adela/TFM_AdelaJimenez/build/ur_bringup' returned '0': AMENT_PREFIX_PATH=/home/adela/TFM_AdelaJimenez/install/ur_controllers:/home/adela/TFM_AdelaJimenez/install/ur_description:/home/adela/TFM_AdelaJimenez/install/ur_dashboard_msgs:${AMENT_PREFIX_PATH} CMAKE_PREFIX_PATH=/home/adela/TFM_AdelaJimenez/install/ur_controllers:/home/adela/TFM_AdelaJimenez/install/ur_description:/home/adela/TFM_AdelaJimenez/install/ur_dashboard_msgs:/home/adela/TFM_AdelaJimenez/workspace/ros_ur_driver/install/ur:/home/adela/TFM_AdelaJimenez/workspace/ros_ur_driver/install/ur_calibration:/home/adela/TFM_AdelaJimenez/workspace/ros_ur_driver/install/ur_robot_driver:/home/adela/TFM_AdelaJimenez/workspace/ros_ur_driver/install/ur_moveit_config:/home/adela/TFM_AdelaJimenez/workspace/ros_ur_driver/install/ur_bringup:/home/adela/TFM_AdelaJimenez/workspace/ros_ur_driver/install/ur_description:/home/adela/TFM_AdelaJimenez/workspace/ros_ur_driver/install/ur_controllers:/home/adela/TFM_AdelaJimenez/workspace/ros_ur_driver/install/ur_dashboard_msgs:/home/adela/TFM_MiguelLerinAlonso/workspace/ros_ur_driver/install/ur:/home/adela/TFM_MiguelLerinAlonso/workspace/ros_ur_driver/install/ur_calibration:/home/adela/TFM_MiguelLerinAlonso/workspace/ros_ur_driver/install/ur_robot_driver:/home/adela/TFM_MiguelLerinAlonso/workspace/ros_ur_driver/install/ur_moveit_config:/home/adela/TFM_MiguelLerinAlonso/workspace/ros_ur_driver/install/ur_bringup:/home/adela/TFM_MiguelLerinAlonso/workspace/ros_ur_driver/install/ur_description:/home/adela/TFM_MiguelLerinAlonso/workspace/ros_ur_driver/install/ur_controllers:/home/adela/TFM_MiguelLerinAlonso/workspace/ros_ur_driver/install/ur_dashboard_msgs:/home/adela/workspace/ros_ur_driver/install/ur:/home/adela/workspace/ros_ur_driver/install/ur_calibration:/home/adela/workspace/ros_ur_driver/install/ur_robot_driver:/home/adela/workspace/ros_ur_driver/install/ur_moveit_config:/home/adela/workspace/ros_ur_driver/install/ur_bringup:/home/adela/workspace/ros_ur_driver/install/ur_description:/home/adela/workspace/ros_ur_driver/install/ur_controllers:/home/adela/workspace/ros_ur_driver/install/ur_dashboard_msgs:/home/adela/TFM_AdelaJimenez/workspace/ros_ur_driver/install/trayectories:/home/adela/TFM_AdelaJimenez/workspace/ros_ur_driver/install/rutine_launcher:/home/adela/TFM_AdelaJimenez/workspace/ros_ur_driver/install/data_logger:/home/adela/TFM_AdelaJimenez/workspace/ros_ur_driver/install/build_platform:/home/adela/TFM_MiguelLerinAlonso/workspace/ros_ur_driver/install/trayectories:/home/adela/TFM_MiguelLerinAlonso/workspace/ros_ur_driver/install/rutine_launcher:/home/adela/TFM_MiguelLerinAlonso/workspace/ros_ur_driver/install/data_logger:/home/adela/TFM_MiguelLerinAlonso/workspace/ros_ur_driver/install/build_platform:/opt/ros/humble LD_LIBRARY_PATH=/home/adela/TFM_AdelaJimenez/install/ur_controllers/lib:/home/adela/TFM_AdelaJimenez/install/ur_dashboard_msgs/lib:${LD_LIBRARY_PATH} PYTHONPATH=/home/adela/TFM_AdelaJimenez/install/ur_dashboard_msgs/local/lib/python3.10/dist-packages:${PYTHONPATH} /usr/bin/cmake --install /home/adela/TFM_AdelaJimenez/build/ur_bringup
[39.727s] Level 1:colcon.colcon_core.shell:create_environment_hook('ur_bringup', 'cmake_prefix_path')
[39.729s] INFO:colcon.colcon_core.shell:Creating environment hook '/home/adela/TFM_AdelaJimenez/install/ur_bringup/share/ur_bringup/hook/cmake_prefix_path.ps1'
[39.735s] INFO:colcon.colcon_core.shell:Creating environment descriptor '/home/adela/TFM_AdelaJimenez/install/ur_bringup/share/ur_bringup/hook/cmake_prefix_path.dsv'
[39.738s] INFO:colcon.colcon_core.shell:Creating environment hook '/home/adela/TFM_AdelaJimenez/install/ur_bringup/share/ur_bringup/hook/cmake_prefix_path.sh'
[39.744s] Level 1:colcon.colcon_core.environment:checking '/home/adela/TFM_AdelaJimenez/install/ur_bringup/lib'
[39.745s] Level 1:colcon.colcon_core.environment:checking '/home/adela/TFM_AdelaJimenez/install/ur_bringup/bin'
[39.745s] Level 1:colcon.colcon_core.environment:checking '/home/adela/TFM_AdelaJimenez/install/ur_bringup/lib/pkgconfig/ur_bringup.pc'
[39.745s] Level 1:colcon.colcon_core.environment:checking '/home/adela/TFM_AdelaJimenez/install/ur_bringup/lib/python3.10/site-packages'
[39.749s] Level 1:colcon.colcon_core.environment:checking '/home/adela/TFM_AdelaJimenez/install/ur_bringup/bin'
[39.753s] INFO:colcon.colcon_core.shell:Creating package script '/home/adela/TFM_AdelaJimenez/install/ur_bringup/share/ur_bringup/package.ps1'
[39.761s] INFO:colcon.colcon_core.shell:Creating package descriptor '/home/adela/TFM_AdelaJimenez/install/ur_bringup/share/ur_bringup/package.dsv'
[39.763s] INFO:colcon.colcon_core.shell:Creating package script '/home/adela/TFM_AdelaJimenez/install/ur_bringup/share/ur_bringup/package.sh'
[39.772s] INFO:colcon.colcon_core.shell:Creating package script '/home/adela/TFM_AdelaJimenez/install/ur_bringup/share/ur_bringup/package.bash'
[39.781s] INFO:colcon.colcon_core.shell:Creating package script '/home/adela/TFM_AdelaJimenez/install/ur_bringup/share/ur_bringup/package.zsh'
[39.784s] Level 1:colcon.colcon_core.environment:create_file_with_runtime_dependencies(/home/adela/TFM_AdelaJimenez/install/ur_bringup/share/colcon-core/packages/ur_bringup)
[40.022s] Level 1:colcon.colcon_core.environment:create_environment_scripts_only(ur_bringup)
[40.027s] Level 1:colcon.colcon_core.environment:checking '/home/adela/TFM_AdelaJimenez/install/ur_bringup' for CMake module files
[40.030s] Level 1:colcon.colcon_core.environment:checking '/home/adela/TFM_AdelaJimenez/install/ur_bringup' for CMake config files
[40.039s] Level 1:colcon.colcon_core.shell:create_environment_hook('ur_bringup', 'cmake_prefix_path')
[40.040s] INFO:colcon.colcon_core.shell:Creating environment hook '/home/adela/TFM_AdelaJimenez/install/ur_bringup/share/ur_bringup/hook/cmake_prefix_path.ps1'
[40.043s] INFO:colcon.colcon_core.shell:Creating environment descriptor '/home/adela/TFM_AdelaJimenez/install/ur_bringup/share/ur_bringup/hook/cmake_prefix_path.dsv'
[40.048s] INFO:colcon.colcon_core.shell:Creating environment hook '/home/adela/TFM_AdelaJimenez/install/ur_bringup/share/ur_bringup/hook/cmake_prefix_path.sh'
[40.053s] Level 1:colcon.colcon_core.environment:checking '/home/adela/TFM_AdelaJimenez/install/ur_bringup/lib'
[40.053s] Level 1:colcon.colcon_core.environment:checking '/home/adela/TFM_AdelaJimenez/install/ur_bringup/bin'
[40.059s] Level 1:colcon.colcon_core.environment:checking '/home/adela/TFM_AdelaJimenez/install/ur_bringup/lib/pkgconfig/ur_bringup.pc'
[40.059s] Level 1:colcon.colcon_core.environment:checking '/home/adela/TFM_AdelaJimenez/install/ur_bringup/lib/python3.10/site-packages'
[40.060s] Level 1:colcon.colcon_core.environment:checking '/home/adela/TFM_AdelaJimenez/install/ur_bringup/bin'
[40.060s] INFO:colcon.colcon_core.shell:Creating package script '/home/adela/TFM_AdelaJimenez/install/ur_bringup/share/ur_bringup/package.ps1'
[40.061s] INFO:colcon.colcon_core.shell:Creating package descriptor '/home/adela/TFM_AdelaJimenez/install/ur_bringup/share/ur_bringup/package.dsv'
[40.073s] INFO:colcon.colcon_core.shell:Creating package script '/home/adela/TFM_AdelaJimenez/install/ur_bringup/share/ur_bringup/package.sh'
[40.082s] INFO:colcon.colcon_core.shell:Creating package script '/home/adela/TFM_AdelaJimenez/install/ur_bringup/share/ur_bringup/package.bash'
[40.091s] INFO:colcon.colcon_core.shell:Creating package script '/home/adela/TFM_AdelaJimenez/install/ur_bringup/share/ur_bringup/package.zsh'
[40.105s] Level 1:colcon.colcon_core.environment:create_file_with_runtime_dependencies(/home/adela/TFM_AdelaJimenez/install/ur_bringup/share/colcon-core/packages/ur_bringup)
[40.109s] INFO:colcon.colcon_ros.task.ament_cmake.build:Building ROS package in '/home/adela/TFM_AdelaJimenez/workspace/ros_ur_driver/src/Universal_Robots_ROS2_Driver/ur' with build type 'ament_cmake'
[40.117s] INFO:colcon.colcon_cmake.task.cmake.build:Building CMake package in '/home/adela/TFM_AdelaJimenez/workspace/ros_ur_driver/src/Universal_Robots_ROS2_Driver/ur'
[40.117s] INFO:colcon.colcon_core.shell:Skip shell extension 'powershell' for command environment: Not usable outside of PowerShell
[40.117s] DEBUG:colcon.colcon_core.shell:Skip shell extension 'dsv' for command environment
[40.347s] DEBUG:colcon.colcon_core.event_handler.log_command:Invoking command in '/home/adela/TFM_AdelaJimenez/build/ur': AMENT_PREFIX_PATH=/home/adela/TFM_AdelaJimenez/install/ur_calibration:/home/adela/TFM_AdelaJimenez/install/ur_robot_driver:/home/adela/TFM_AdelaJimenez/install/ur_moveit_config:/home/adela/TFM_AdelaJimenez/install/ur_controllers:/home/adela/TFM_AdelaJimenez/install/ur_description:/home/adela/TFM_AdelaJimenez/install/ur_dashboard_msgs:${AMENT_PREFIX_PATH} CMAKE_PREFIX_PATH=/home/adela/TFM_AdelaJimenez/install/ur_calibration:/home/adela/TFM_AdelaJimenez/install/ur_robot_driver:/home/adela/TFM_AdelaJimenez/install/ur_moveit_config:/home/adela/TFM_AdelaJimenez/install/ur_controllers:/home/adela/TFM_AdelaJimenez/install/ur_description:/home/adela/TFM_AdelaJimenez/install/ur_dashboard_msgs:/home/adela/TFM_AdelaJimenez/workspace/ros_ur_driver/install/ur:/home/adela/TFM_AdelaJimenez/workspace/ros_ur_driver/install/ur_calibration:/home/adela/TFM_AdelaJimenez/workspace/ros_ur_driver/install/ur_robot_driver:/home/adela/TFM_AdelaJimenez/workspace/ros_ur_driver/install/ur_moveit_config:/home/adela/TFM_AdelaJimenez/workspace/ros_ur_driver/install/ur_bringup:/home/adela/TFM_AdelaJimenez/workspace/ros_ur_driver/install/ur_description:/home/adela/TFM_AdelaJimenez/workspace/ros_ur_driver/install/ur_controllers:/home/adela/TFM_AdelaJimenez/workspace/ros_ur_driver/install/ur_dashboard_msgs:/home/adela/TFM_MiguelLerinAlonso/workspace/ros_ur_driver/install/ur:/home/adela/TFM_MiguelLerinAlonso/workspace/ros_ur_driver/install/ur_calibration:/home/adela/TFM_MiguelLerinAlonso/workspace/ros_ur_driver/install/ur_robot_driver:/home/adela/TFM_MiguelLerinAlonso/workspace/ros_ur_driver/install/ur_moveit_config:/home/adela/TFM_MiguelLerinAlonso/workspace/ros_ur_driver/install/ur_bringup:/home/adela/TFM_MiguelLerinAlonso/workspace/ros_ur_driver/install/ur_description:/home/adela/TFM_MiguelLerinAlonso/workspace/ros_ur_driver/install/ur_controllers:/home/adela/TFM_MiguelLerinAlonso/workspace/ros_ur_driver/install/ur_dashboard_msgs:/home/adela/workspace/ros_ur_driver/install/ur:/home/adela/workspace/ros_ur_driver/install/ur_calibration:/home/adela/workspace/ros_ur_driver/install/ur_robot_driver:/home/adela/workspace/ros_ur_driver/install/ur_moveit_config:/home/adela/workspace/ros_ur_driver/install/ur_bringup:/home/adela/workspace/ros_ur_driver/install/ur_description:/home/adela/workspace/ros_ur_driver/install/ur_controllers:/home/adela/workspace/ros_ur_driver/install/ur_dashboard_msgs:/home/adela/TFM_AdelaJimenez/workspace/ros_ur_driver/install/trayectories:/home/adela/TFM_AdelaJimenez/workspace/ros_ur_driver/install/rutine_launcher:/home/adela/TFM_AdelaJimenez/workspace/ros_ur_driver/install/data_logger:/home/adela/TFM_AdelaJimenez/workspace/ros_ur_driver/install/build_platform:/home/adela/TFM_MiguelLerinAlonso/workspace/ros_ur_driver/install/trayectories:/home/adela/TFM_MiguelLerinAlonso/workspace/ros_ur_driver/install/rutine_launcher:/home/adela/TFM_MiguelLerinAlonso/workspace/ros_ur_driver/install/data_logger:/home/adela/TFM_MiguelLerinAlonso/workspace/ros_ur_driver/install/build_platform:/opt/ros/humble LD_LIBRARY_PATH=/home/adela/TFM_AdelaJimenez/install/ur_robot_driver/lib:/home/adela/TFM_AdelaJimenez/install/ur_controllers/lib:/home/adela/TFM_AdelaJimenez/install/ur_dashboard_msgs/lib:${LD_LIBRARY_PATH} PATH=/home/adela/TFM_AdelaJimenez/install/ur_robot_driver/bin:${PATH} PYTHONPATH=/home/adela/TFM_AdelaJimenez/install/ur_robot_driver/local/lib/python3.10/dist-packages:/home/adela/TFM_AdelaJimenez/install/ur_moveit_config/local/lib/python3.10/dist-packages:/home/adela/TFM_AdelaJimenez/install/ur_dashboard_msgs/local/lib/python3.10/dist-packages:${PYTHONPATH} /usr/bin/cmake --build /home/adela/TFM_AdelaJimenez/build/ur -- -j2 -l2
[40.742s] DEBUG:colcon.colcon_core.event_handler.log_command:Invoked command in '/home/adela/TFM_AdelaJimenez/build/ur' returned '0': AMENT_PREFIX_PATH=/home/adela/TFM_AdelaJimenez/install/ur_calibration:/home/adela/TFM_AdelaJimenez/install/ur_robot_driver:/home/adela/TFM_AdelaJimenez/install/ur_moveit_config:/home/adela/TFM_AdelaJimenez/install/ur_controllers:/home/adela/TFM_AdelaJimenez/install/ur_description:/home/adela/TFM_AdelaJimenez/install/ur_dashboard_msgs:${AMENT_PREFIX_PATH} CMAKE_PREFIX_PATH=/home/adela/TFM_AdelaJimenez/install/ur_calibration:/home/adela/TFM_AdelaJimenez/install/ur_robot_driver:/home/adela/TFM_AdelaJimenez/install/ur_moveit_config:/home/adela/TFM_AdelaJimenez/install/ur_controllers:/home/adela/TFM_AdelaJimenez/install/ur_description:/home/adela/TFM_AdelaJimenez/install/ur_dashboard_msgs:/home/adela/TFM_AdelaJimenez/workspace/ros_ur_driver/install/ur:/home/adela/TFM_AdelaJimenez/workspace/ros_ur_driver/install/ur_calibration:/home/adela/TFM_AdelaJimenez/workspace/ros_ur_driver/install/ur_robot_driver:/home/adela/TFM_AdelaJimenez/workspace/ros_ur_driver/install/ur_moveit_config:/home/adela/TFM_AdelaJimenez/workspace/ros_ur_driver/install/ur_bringup:/home/adela/TFM_AdelaJimenez/workspace/ros_ur_driver/install/ur_description:/home/adela/TFM_AdelaJimenez/workspace/ros_ur_driver/install/ur_controllers:/home/adela/TFM_AdelaJimenez/workspace/ros_ur_driver/install/ur_dashboard_msgs:/home/adela/TFM_MiguelLerinAlonso/workspace/ros_ur_driver/install/ur:/home/adela/TFM_MiguelLerinAlonso/workspace/ros_ur_driver/install/ur_calibration:/home/adela/TFM_MiguelLerinAlonso/workspace/ros_ur_driver/install/ur_robot_driver:/home/adela/TFM_MiguelLerinAlonso/workspace/ros_ur_driver/install/ur_moveit_config:/home/adela/TFM_MiguelLerinAlonso/workspace/ros_ur_driver/install/ur_bringup:/home/adela/TFM_MiguelLerinAlonso/workspace/ros_ur_driver/install/ur_description:/home/adela/TFM_MiguelLerinAlonso/workspace/ros_ur_driver/install/ur_controllers:/home/adela/TFM_MiguelLerinAlonso/workspace/ros_ur_driver/install/ur_dashboard_msgs:/home/adela/workspace/ros_ur_driver/install/ur:/home/adela/workspace/ros_ur_driver/install/ur_calibration:/home/adela/workspace/ros_ur_driver/install/ur_robot_driver:/home/adela/workspace/ros_ur_driver/install/ur_moveit_config:/home/adela/workspace/ros_ur_driver/install/ur_bringup:/home/adela/workspace/ros_ur_driver/install/ur_description:/home/adela/workspace/ros_ur_driver/install/ur_controllers:/home/adela/workspace/ros_ur_driver/install/ur_dashboard_msgs:/home/adela/TFM_AdelaJimenez/workspace/ros_ur_driver/install/trayectories:/home/adela/TFM_AdelaJimenez/workspace/ros_ur_driver/install/rutine_launcher:/home/adela/TFM_AdelaJimenez/workspace/ros_ur_driver/install/data_logger:/home/adela/TFM_AdelaJimenez/workspace/ros_ur_driver/install/build_platform:/home/adela/TFM_MiguelLerinAlonso/workspace/ros_ur_driver/install/trayectories:/home/adela/TFM_MiguelLerinAlonso/workspace/ros_ur_driver/install/rutine_launcher:/home/adela/TFM_MiguelLerinAlonso/workspace/ros_ur_driver/install/data_logger:/home/adela/TFM_MiguelLerinAlonso/workspace/ros_ur_driver/install/build_platform:/opt/ros/humble LD_LIBRARY_PATH=/home/adela/TFM_AdelaJimenez/install/ur_robot_driver/lib:/home/adela/TFM_AdelaJimenez/install/ur_controllers/lib:/home/adela/TFM_AdelaJimenez/install/ur_dashboard_msgs/lib:${LD_LIBRARY_PATH} PATH=/home/adela/TFM_AdelaJimenez/install/ur_robot_driver/bin:${PATH} PYTHONPATH=/home/adela/TFM_AdelaJimenez/install/ur_robot_driver/local/lib/python3.10/dist-packages:/home/adela/TFM_AdelaJimenez/install/ur_moveit_config/local/lib/python3.10/dist-packages:/home/adela/TFM_AdelaJimenez/install/ur_dashboard_msgs/local/lib/python3.10/dist-packages:${PYTHONPATH} /usr/bin/cmake --build /home/adela/TFM_AdelaJimenez/build/ur -- -j2 -l2
[40.986s] DEBUG:colcon.colcon_core.event_handler.log_command:Invoking command in '/home/adela/TFM_AdelaJimenez/build/ur': AMENT_PREFIX_PATH=/home/adela/TFM_AdelaJimenez/install/ur_calibration:/home/adela/TFM_AdelaJimenez/install/ur_robot_driver:/home/adela/TFM_AdelaJimenez/install/ur_moveit_config:/home/adela/TFM_AdelaJimenez/install/ur_controllers:/home/adela/TFM_AdelaJimenez/install/ur_description:/home/adela/TFM_AdelaJimenez/install/ur_dashboard_msgs:${AMENT_PREFIX_PATH} CMAKE_PREFIX_PATH=/home/adela/TFM_AdelaJimenez/install/ur_calibration:/home/adela/TFM_AdelaJimenez/install/ur_robot_driver:/home/adela/TFM_AdelaJimenez/install/ur_moveit_config:/home/adela/TFM_AdelaJimenez/install/ur_controllers:/home/adela/TFM_AdelaJimenez/install/ur_description:/home/adela/TFM_AdelaJimenez/install/ur_dashboard_msgs:/home/adela/TFM_AdelaJimenez/workspace/ros_ur_driver/install/ur:/home/adela/TFM_AdelaJimenez/workspace/ros_ur_driver/install/ur_calibration:/home/adela/TFM_AdelaJimenez/workspace/ros_ur_driver/install/ur_robot_driver:/home/adela/TFM_AdelaJimenez/workspace/ros_ur_driver/install/ur_moveit_config:/home/adela/TFM_AdelaJimenez/workspace/ros_ur_driver/install/ur_bringup:/home/adela/TFM_AdelaJimenez/workspace/ros_ur_driver/install/ur_description:/home/adela/TFM_AdelaJimenez/workspace/ros_ur_driver/install/ur_controllers:/home/adela/TFM_AdelaJimenez/workspace/ros_ur_driver/install/ur_dashboard_msgs:/home/adela/TFM_MiguelLerinAlonso/workspace/ros_ur_driver/install/ur:/home/adela/TFM_MiguelLerinAlonso/workspace/ros_ur_driver/install/ur_calibration:/home/adela/TFM_MiguelLerinAlonso/workspace/ros_ur_driver/install/ur_robot_driver:/home/adela/TFM_MiguelLerinAlonso/workspace/ros_ur_driver/install/ur_moveit_config:/home/adela/TFM_MiguelLerinAlonso/workspace/ros_ur_driver/install/ur_bringup:/home/adela/TFM_MiguelLerinAlonso/workspace/ros_ur_driver/install/ur_description:/home/adela/TFM_MiguelLerinAlonso/workspace/ros_ur_driver/install/ur_controllers:/home/adela/TFM_MiguelLerinAlonso/workspace/ros_ur_driver/install/ur_dashboard_msgs:/home/adela/workspace/ros_ur_driver/install/ur:/home/adela/workspace/ros_ur_driver/install/ur_calibration:/home/adela/workspace/ros_ur_driver/install/ur_robot_driver:/home/adela/workspace/ros_ur_driver/install/ur_moveit_config:/home/adela/workspace/ros_ur_driver/install/ur_bringup:/home/adela/workspace/ros_ur_driver/install/ur_description:/home/adela/workspace/ros_ur_driver/install/ur_controllers:/home/adela/workspace/ros_ur_driver/install/ur_dashboard_msgs:/home/adela/TFM_AdelaJimenez/workspace/ros_ur_driver/install/trayectories:/home/adela/TFM_AdelaJimenez/workspace/ros_ur_driver/install/rutine_launcher:/home/adela/TFM_AdelaJimenez/workspace/ros_ur_driver/install/data_logger:/home/adela/TFM_AdelaJimenez/workspace/ros_ur_driver/install/build_platform:/home/adela/TFM_MiguelLerinAlonso/workspace/ros_ur_driver/install/trayectories:/home/adela/TFM_MiguelLerinAlonso/workspace/ros_ur_driver/install/rutine_launcher:/home/adela/TFM_MiguelLerinAlonso/workspace/ros_ur_driver/install/data_logger:/home/adela/TFM_MiguelLerinAlonso/workspace/ros_ur_driver/install/build_platform:/opt/ros/humble LD_LIBRARY_PATH=/home/adela/TFM_AdelaJimenez/install/ur_robot_driver/lib:/home/adela/TFM_AdelaJimenez/install/ur_controllers/lib:/home/adela/TFM_AdelaJimenez/install/ur_dashboard_msgs/lib:${LD_LIBRARY_PATH} PATH=/home/adela/TFM_AdelaJimenez/install/ur_robot_driver/bin:${PATH} PYTHONPATH=/home/adela/TFM_AdelaJimenez/install/ur_robot_driver/local/lib/python3.10/dist-packages:/home/adela/TFM_AdelaJimenez/install/ur_moveit_config/local/lib/python3.10/dist-packages:/home/adela/TFM_AdelaJimenez/install/ur_dashboard_msgs/local/lib/python3.10/dist-packages:${PYTHONPATH} /usr/bin/cmake --install /home/adela/TFM_AdelaJimenez/build/ur
[41.093s] Level 1:colcon.colcon_core.environment:create_environment_scripts_only(ur)
[41.093s] DEBUG:colcon.colcon_core.event_handler.log_command:Invoked command in '/home/adela/TFM_AdelaJimenez/build/ur' returned '0': AMENT_PREFIX_PATH=/home/adela/TFM_AdelaJimenez/install/ur_calibration:/home/adela/TFM_AdelaJimenez/install/ur_robot_driver:/home/adela/TFM_AdelaJimenez/install/ur_moveit_config:/home/adela/TFM_AdelaJimenez/install/ur_controllers:/home/adela/TFM_AdelaJimenez/install/ur_description:/home/adela/TFM_AdelaJimenez/install/ur_dashboard_msgs:${AMENT_PREFIX_PATH} CMAKE_PREFIX_PATH=/home/adela/TFM_AdelaJimenez/install/ur_calibration:/home/adela/TFM_AdelaJimenez/install/ur_robot_driver:/home/adela/TFM_AdelaJimenez/install/ur_moveit_config:/home/adela/TFM_AdelaJimenez/install/ur_controllers:/home/adela/TFM_AdelaJimenez/install/ur_description:/home/adela/TFM_AdelaJimenez/install/ur_dashboard_msgs:/home/adela/TFM_AdelaJimenez/workspace/ros_ur_driver/install/ur:/home/adela/TFM_AdelaJimenez/workspace/ros_ur_driver/install/ur_calibration:/home/adela/TFM_AdelaJimenez/workspace/ros_ur_driver/install/ur_robot_driver:/home/adela/TFM_AdelaJimenez/workspace/ros_ur_driver/install/ur_moveit_config:/home/adela/TFM_AdelaJimenez/workspace/ros_ur_driver/install/ur_bringup:/home/adela/TFM_AdelaJimenez/workspace/ros_ur_driver/install/ur_description:/home/adela/TFM_AdelaJimenez/workspace/ros_ur_driver/install/ur_controllers:/home/adela/TFM_AdelaJimenez/workspace/ros_ur_driver/install/ur_dashboard_msgs:/home/adela/TFM_MiguelLerinAlonso/workspace/ros_ur_driver/install/ur:/home/adela/TFM_MiguelLerinAlonso/workspace/ros_ur_driver/install/ur_calibration:/home/adela/TFM_MiguelLerinAlonso/workspace/ros_ur_driver/install/ur_robot_driver:/home/adela/TFM_MiguelLerinAlonso/workspace/ros_ur_driver/install/ur_moveit_config:/home/adela/TFM_MiguelLerinAlonso/workspace/ros_ur_driver/install/ur_bringup:/home/adela/TFM_MiguelLerinAlonso/workspace/ros_ur_driver/install/ur_description:/home/adela/TFM_MiguelLerinAlonso/workspace/ros_ur_driver/install/ur_controllers:/home/adela/TFM_MiguelLerinAlonso/workspace/ros_ur_driver/install/ur_dashboard_msgs:/home/adela/workspace/ros_ur_driver/install/ur:/home/adela/workspace/ros_ur_driver/install/ur_calibration:/home/adela/workspace/ros_ur_driver/install/ur_robot_driver:/home/adela/workspace/ros_ur_driver/install/ur_moveit_config:/home/adela/workspace/ros_ur_driver/install/ur_bringup:/home/adela/workspace/ros_ur_driver/install/ur_description:/home/adela/workspace/ros_ur_driver/install/ur_controllers:/home/adela/workspace/ros_ur_driver/install/ur_dashboard_msgs:/home/adela/TFM_AdelaJimenez/workspace/ros_ur_driver/install/trayectories:/home/adela/TFM_AdelaJimenez/workspace/ros_ur_driver/install/rutine_launcher:/home/adela/TFM_AdelaJimenez/workspace/ros_ur_driver/install/data_logger:/home/adela/TFM_AdelaJimenez/workspace/ros_ur_driver/install/build_platform:/home/adela/TFM_MiguelLerinAlonso/workspace/ros_ur_driver/install/trayectories:/home/adela/TFM_MiguelLerinAlonso/workspace/ros_ur_driver/install/rutine_launcher:/home/adela/TFM_MiguelLerinAlonso/workspace/ros_ur_driver/install/data_logger:/home/adela/TFM_MiguelLerinAlonso/workspace/ros_ur_driver/install/build_platform:/opt/ros/humble LD_LIBRARY_PATH=/home/adela/TFM_AdelaJimenez/install/ur_robot_driver/lib:/home/adela/TFM_AdelaJimenez/install/ur_controllers/lib:/home/adela/TFM_AdelaJimenez/install/ur_dashboard_msgs/lib:${LD_LIBRARY_PATH} PATH=/home/adela/TFM_AdelaJimenez/install/ur_robot_driver/bin:${PATH} PYTHONPATH=/home/adela/TFM_AdelaJimenez/install/ur_robot_driver/local/lib/python3.10/dist-packages:/home/adela/TFM_AdelaJimenez/install/ur_moveit_config/local/lib/python3.10/dist-packages:/home/adela/TFM_AdelaJimenez/install/ur_dashboard_msgs/local/lib/python3.10/dist-packages:${PYTHONPATH} /usr/bin/cmake --install /home/adela/TFM_AdelaJimenez/build/ur
[41.096s] Level 1:colcon.colcon_core.environment:checking '/home/adela/TFM_AdelaJimenez/install/ur' for CMake module files
[41.103s] Level 1:colcon.colcon_core.environment:checking '/home/adela/TFM_AdelaJimenez/install/ur' for CMake config files
[41.104s] Level 1:colcon.colcon_core.shell:create_environment_hook('ur', 'cmake_prefix_path')
[41.104s] INFO:colcon.colcon_core.shell:Creating environment hook '/home/adela/TFM_AdelaJimenez/install/ur/share/ur/hook/cmake_prefix_path.ps1'
[41.105s] INFO:colcon.colcon_core.shell:Creating environment descriptor '/home/adela/TFM_AdelaJimenez/install/ur/share/ur/hook/cmake_prefix_path.dsv'
[41.120s] INFO:colcon.colcon_core.shell:Creating environment hook '/home/adela/TFM_AdelaJimenez/install/ur/share/ur/hook/cmake_prefix_path.sh'
[41.132s] Level 1:colcon.colcon_core.environment:checking '/home/adela/TFM_AdelaJimenez/install/ur/bin'
[41.136s] Level 1:colcon.colcon_core.environment:checking '/home/adela/TFM_AdelaJimenez/install/ur/lib/pkgconfig/ur.pc'
[41.137s] Level 1:colcon.colcon_core.environment:checking '/home/adela/TFM_AdelaJimenez/install/ur/lib/python3.10/site-packages'
[41.138s] Level 1:colcon.colcon_core.environment:checking '/home/adela/TFM_AdelaJimenez/install/ur/bin'
[41.153s] INFO:colcon.colcon_core.shell:Creating package script '/home/adela/TFM_AdelaJimenez/install/ur/share/ur/package.ps1'
[41.170s] INFO:colcon.colcon_core.shell:Creating package descriptor '/home/adela/TFM_AdelaJimenez/install/ur/share/ur/package.dsv'
[41.174s] INFO:colcon.colcon_core.shell:Creating package script '/home/adela/TFM_AdelaJimenez/install/ur/share/ur/package.sh'
[41.175s] INFO:colcon.colcon_core.shell:Creating package script '/home/adela/TFM_AdelaJimenez/install/ur/share/ur/package.bash'
[41.185s] INFO:colcon.colcon_core.shell:Creating package script '/home/adela/TFM_AdelaJimenez/install/ur/share/ur/package.zsh'
[41.194s] Level 1:colcon.colcon_core.environment:create_file_with_runtime_dependencies(/home/adela/TFM_AdelaJimenez/install/ur/share/colcon-core/packages/ur)
[41.402s] Level 1:colcon.colcon_core.environment:create_environment_scripts_only(ur)
[41.408s] Level 1:colcon.colcon_core.environment:checking '/home/adela/TFM_AdelaJimenez/install/ur' for CMake module files
[41.418s] Level 1:colcon.colcon_core.environment:checking '/home/adela/TFM_AdelaJimenez/install/ur' for CMake config files
[41.424s] Level 1:colcon.colcon_core.shell:create_environment_hook('ur', 'cmake_prefix_path')
[41.424s] INFO:colcon.colcon_core.shell:Creating environment hook '/home/adela/TFM_AdelaJimenez/install/ur/share/ur/hook/cmake_prefix_path.ps1'
[41.430s] INFO:colcon.colcon_core.shell:Creating environment descriptor '/home/adela/TFM_AdelaJimenez/install/ur/share/ur/hook/cmake_prefix_path.dsv'
[41.439s] INFO:colcon.colcon_core.shell:Creating environment hook '/home/adela/TFM_AdelaJimenez/install/ur/share/ur/hook/cmake_prefix_path.sh'
[41.453s] Level 1:colcon.colcon_core.environment:checking '/home/adela/TFM_AdelaJimenez/install/ur/bin'
[41.453s] Level 1:colcon.colcon_core.environment:checking '/home/adela/TFM_AdelaJimenez/install/ur/lib/pkgconfig/ur.pc'
[41.458s] Level 1:colcon.colcon_core.environment:checking '/home/adela/TFM_AdelaJimenez/install/ur/lib/python3.10/site-packages'
[41.472s] Level 1:colcon.colcon_core.environment:checking '/home/adela/TFM_AdelaJimenez/install/ur/bin'
[41.475s] INFO:colcon.colcon_core.shell:Creating package script '/home/adela/TFM_AdelaJimenez/install/ur/share/ur/package.ps1'
[41.485s] INFO:colcon.colcon_core.shell:Creating package descriptor '/home/adela/TFM_AdelaJimenez/install/ur/share/ur/package.dsv'
[41.491s] INFO:colcon.colcon_core.shell:Creating package script '/home/adela/TFM_AdelaJimenez/install/ur/share/ur/package.sh'
[41.498s] INFO:colcon.colcon_core.shell:Creating package script '/home/adela/TFM_AdelaJimenez/install/ur/share/ur/package.bash'
[41.507s] INFO:colcon.colcon_core.shell:Creating package script '/home/adela/TFM_AdelaJimenez/install/ur/share/ur/package.zsh'
[41.508s] Level 1:colcon.colcon_core.environment:create_file_with_runtime_dependencies(/home/adela/TFM_AdelaJimenez/install/ur/share/colcon-core/packages/ur)
[42.050s] Level 1:colcon.colcon_core.environment:checking '/home/adela/TFM_AdelaJimenez/install/trayectories' for CMake module files
[42.068s] Level 1:colcon.colcon_core.environment:checking '/home/adela/TFM_AdelaJimenez/install/trayectories' for CMake config files
[42.069s] Level 1:colcon.colcon_core.environment:checking '/home/adela/TFM_AdelaJimenez/install/trayectories/lib'
[42.069s] Level 1:colcon.colcon_core.environment:checking '/home/adela/TFM_AdelaJimenez/install/trayectories/bin'
[42.069s] Level 1:colcon.colcon_core.environment:checking '/home/adela/TFM_AdelaJimenez/install/trayectories/lib/pkgconfig/trayectories.pc'
[42.071s] Level 1:colcon.colcon_core.environment:checking '/home/adela/TFM_AdelaJimenez/install/trayectories/lib/python3.10/site-packages'
[42.071s] Level 1:colcon.colcon_core.shell:create_environment_hook('trayectories', 'pythonpath')
[42.051s] DEBUG:colcon.colcon_core.event_handler.log_command:Invoked command in '/home/adela/TFM_AdelaJimenez/workspace/ros_ur_driver/src/trayectories' returned '0': PYTHONPATH=/home/adela/TFM_AdelaJimenez/build/trayectories/prefix_override:/home/adela/TFM_AdelaJimenez/install/trayectories/lib/python3.10/site-packages:${PYTHONPATH} /usr/bin/python3 -W ignore:setup.py install is deprecated setup.py egg_info --egg-base ../../../../build/trayectories build --build-base /home/adela/TFM_AdelaJimenez/build/trayectories/build install --record /home/adela/TFM_AdelaJimenez/build/trayectories/install.log --single-version-externally-managed install_data
[42.072s] INFO:colcon.colcon_core.shell:Creating environment hook '/home/adela/TFM_AdelaJimenez/install/trayectories/share/trayectories/hook/pythonpath.ps1'
[42.079s] INFO:colcon.colcon_core.shell:Creating environment descriptor '/home/adela/TFM_AdelaJimenez/install/trayectories/share/trayectories/hook/pythonpath.dsv'
[42.079s] INFO:colcon.colcon_core.shell:Creating environment hook '/home/adela/TFM_AdelaJimenez/install/trayectories/share/trayectories/hook/pythonpath.sh'
[42.084s] Level 1:colcon.colcon_core.environment:checking '/home/adela/TFM_AdelaJimenez/install/trayectories/bin'
[42.084s] Level 1:colcon.colcon_core.environment:create_environment_scripts_only(trayectories)
[42.097s] INFO:colcon.colcon_core.shell:Creating package script '/home/adela/TFM_AdelaJimenez/install/trayectories/share/trayectories/package.ps1'
[42.098s] INFO:colcon.colcon_core.shell:Creating package descriptor '/home/adela/TFM_AdelaJimenez/install/trayectories/share/trayectories/package.dsv'
[42.109s] INFO:colcon.colcon_core.shell:Creating package script '/home/adela/TFM_AdelaJimenez/install/trayectories/share/trayectories/package.sh'
[42.132s] INFO:colcon.colcon_core.shell:Creating package script '/home/adela/TFM_AdelaJimenez/install/trayectories/share/trayectories/package.bash'
[42.149s] INFO:colcon.colcon_core.shell:Creating package script '/home/adela/TFM_AdelaJimenez/install/trayectories/share/trayectories/package.zsh'
[42.150s] Level 1:colcon.colcon_core.environment:create_file_with_runtime_dependencies(/home/adela/TFM_AdelaJimenez/install/trayectories/share/colcon-core/packages/trayectories)
[42.160s] DEBUG:colcon.colcon_parallel_executor.executor.parallel:closing loop
[42.161s] DEBUG:colcon.colcon_parallel_executor.executor.parallel:loop closed
[42.161s] DEBUG:colcon.colcon_parallel_executor.executor.parallel:run_until_complete finished with '0'
[42.161s] DEBUG:colcon.colcon_core.event_reactor:joining thread
[42.241s] INFO:colcon.colcon_core.plugin_system:Skipping extension 'colcon_notification.desktop_notification.terminal_notifier': Not used on non-Darwin systems
[42.242s] INFO:colcon.colcon_core.plugin_system:Skipping extension 'colcon_notification.desktop_notification.win32': Not used on non-Windows systems
[42.242s] INFO:colcon.colcon_notification.desktop_notification:Sending desktop notification using 'notify2'
[42.368s] DEBUG:colcon.colcon_core.event_reactor:joined thread
[42.369s] INFO:colcon.colcon_core.shell:Creating prefix script '/home/adela/TFM_AdelaJimenez/install/local_setup.ps1'
[42.374s] INFO:colcon.colcon_core.shell:Creating prefix util module '/home/adela/TFM_AdelaJimenez/install/_local_setup_util_ps1.py'
[42.383s] INFO:colcon.colcon_core.shell:Creating prefix chain script '/home/adela/TFM_AdelaJimenez/install/setup.ps1'
[42.426s] INFO:colcon.colcon_core.shell:Creating prefix script '/home/adela/TFM_AdelaJimenez/install/local_setup.sh'
[42.427s] INFO:colcon.colcon_core.shell:Creating prefix util module '/home/adela/TFM_AdelaJimenez/install/_local_setup_util_sh.py'
[42.436s] INFO:colcon.colcon_core.shell:Creating prefix chain script '/home/adela/TFM_AdelaJimenez/install/setup.sh'
[42.452s] INFO:colcon.colcon_core.shell:Creating prefix script '/home/adela/TFM_AdelaJimenez/install/local_setup.bash'
[42.453s] INFO:colcon.colcon_core.shell:Creating prefix chain script '/home/adela/TFM_AdelaJimenez/install/setup.bash'
[42.502s] INFO:colcon.colcon_core.shell:Creating prefix script '/home/adela/TFM_AdelaJimenez/install/local_setup.zsh'
[42.503s] INFO:colcon.colcon_core.shell:Creating prefix chain script '/home/adela/TFM_AdelaJimenez/install/setup.zsh'
