[0.310s] DEBUG:colcon:Command line arguments: ['/usr/bin/colcon', 'build']
[0.311s] DEBUG:colcon:Parsed command line arguments: Namespace(log_base=None, log_level=None, verb_name='build', build_base='build', install_base='install', merge_install=False, symlink_install=False, test_result_base=None, continue_on_error=False, executor='parallel', parallel_workers=2, event_handlers=None, ignore_user_meta=False, metas=['./colcon.meta'], base_paths=['.'], packages_ignore=None, packages_ignore_regex=None, paths=None, packages_up_to=None, packages_up_to_regex=None, packages_above=None, packages_above_and_dependencies=None, packages_above_depth=None, packages_select_by_dep=None, packages_skip_by_dep=None, packages_skip_up_to=None, packages_select_build_failed=False, packages_skip_build_finished=False, packages_select_test_failures=False, packages_skip_test_passed=False, packages_select=None, packages_skip=None, packages_select_regex=None, packages_skip_regex=None, packages_start=None, packages_end=None, allow_overriding=[], cmake_args=None, cmake_target=None, cmake_target_skip_unavailable=False, cmake_clean_cache=False, cmake_clean_first=False, cmake_force_configure=False, ament_cmake_args=None, catkin_cmake_args=None, catkin_skip_building_tests=False, verb_parser=<colcon_defaults.argument_parser.defaults.DefaultArgumentsDecorator object at 0x7ef581a49d50>, verb_extension=<colcon_core.verb.build.BuildVerb object at 0x7ef581a48c70>, main=<bound method BuildVerb.main of <colcon_core.verb.build.BuildVerb object at 0x7ef581a48c70>>)
[0.885s] Level 1:colcon.colcon_core.package_discovery:discover_packages(colcon_meta) check parameters
[0.885s] Level 1:colcon.colcon_core.package_discovery:discover_packages(recursive) check parameters
[0.885s] Level 1:colcon.colcon_core.package_discovery:discover_packages(ignore) check parameters
[0.885s] Level 1:colcon.colcon_core.package_discovery:discover_packages(path) check parameters
[0.886s] Level 1:colcon.colcon_core.package_discovery:discover_packages(colcon_meta) discover
[0.886s] Level 1:colcon.colcon_core.package_discovery:discover_packages(recursive) discover
[0.886s] INFO:colcon.colcon_core.package_discovery:Crawling recursively for packages in '/home/adela/TFM_AdelaJimenez'
[0.887s] Level 1:colcon.colcon_core.package_identification:_identify(.) by extensions ['ignore', 'ignore_ament_install']
[0.887s] Level 1:colcon.colcon_core.package_identification:_identify(.) by extension 'ignore'
[0.887s] Level 1:colcon.colcon_core.package_identification:_identify(.) by extension 'ignore_ament_install'
[0.888s] Level 1:colcon.colcon_core.package_identification:_identify(.) by extensions ['colcon_pkg']
[0.888s] Level 1:colcon.colcon_core.package_identification:_identify(.) by extension 'colcon_pkg'
[0.888s] Level 1:colcon.colcon_core.package_identification:_identify(.) by extensions ['colcon_meta']
[0.888s] Level 1:colcon.colcon_core.package_identification:_identify(.) by extension 'colcon_meta'
[0.888s] Level 1:colcon.colcon_core.package_identification:_identify(.) by extensions ['ros']
[0.888s] Level 1:colcon.colcon_core.package_identification:_identify(.) by extension 'ros'
[0.965s] Level 1:colcon.colcon_core.package_identification:_identify(.) by extensions ['cmake', 'python']
[0.965s] Level 1:colcon.colcon_core.package_identification:_identify(.) by extension 'cmake'
[0.965s] Level 1:colcon.colcon_core.package_identification:_identify(.) by extension 'python'
[0.965s] Level 1:colcon.colcon_core.package_identification:_identify(.) by extensions ['python_setup_py']
[0.965s] Level 1:colcon.colcon_core.package_identification:_identify(.) by extension 'python_setup_py'
[0.967s] Level 1:colcon.colcon_core.package_identification:_identify(Memoria_TFM) by extensions ['ignore', 'ignore_ament_install']
[0.967s] Level 1:colcon.colcon_core.package_identification:_identify(Memoria_TFM) by extension 'ignore'
[0.967s] Level 1:colcon.colcon_core.package_identification:_identify(Memoria_TFM) by extension 'ignore_ament_install'
[0.968s] Level 1:colcon.colcon_core.package_identification:_identify(Memoria_TFM) by extensions ['colcon_pkg']
[0.968s] Level 1:colcon.colcon_core.package_identification:_identify(Memoria_TFM) by extension 'colcon_pkg'
[0.970s] Level 1:colcon.colcon_core.package_identification:_identify(Memoria_TFM) by extensions ['colcon_meta']
[0.970s] Level 1:colcon.colcon_core.package_identification:_identify(Memoria_TFM) by extension 'colcon_meta'
[0.970s] Level 1:colcon.colcon_core.package_identification:_identify(Memoria_TFM) by extensions ['ros']
[0.971s] Level 1:colcon.colcon_core.package_identification:_identify(Memoria_TFM) by extension 'ros'
[0.971s] Level 1:colcon.colcon_core.package_identification:_identify(Memoria_TFM) by extensions ['cmake', 'python']
[0.971s] Level 1:colcon.colcon_core.package_identification:_identify(Memoria_TFM) by extension 'cmake'
[0.971s] Level 1:colcon.colcon_core.package_identification:_identify(Memoria_TFM) by extension 'python'
[0.972s] Level 1:colcon.colcon_core.package_identification:_identify(Memoria_TFM) by extensions ['python_setup_py']
[0.973s] Level 1:colcon.colcon_core.package_identification:_identify(Memoria_TFM) by extension 'python_setup_py'
[0.973s] Level 1:colcon.colcon_core.package_identification:_identify(build) by extensions ['ignore', 'ignore_ament_install']
[0.974s] Level 1:colcon.colcon_core.package_identification:_identify(build) by extension 'ignore'
[0.974s] Level 1:colcon.colcon_core.package_identification:_identify(build) ignored
[0.975s] Level 1:colcon.colcon_core.package_identification:_identify(control_unit) by extensions ['ignore', 'ignore_ament_install']
[0.975s] Level 1:colcon.colcon_core.package_identification:_identify(control_unit) by extension 'ignore'
[0.975s] Level 1:colcon.colcon_core.package_identification:_identify(control_unit) by extension 'ignore_ament_install'
[0.975s] Level 1:colcon.colcon_core.package_identification:_identify(control_unit) by extensions ['colcon_pkg']
[0.975s] Level 1:colcon.colcon_core.package_identification:_identify(control_unit) by extension 'colcon_pkg'
[0.975s] Level 1:colcon.colcon_core.package_identification:_identify(control_unit) by extensions ['colcon_meta']
[0.975s] Level 1:colcon.colcon_core.package_identification:_identify(control_unit) by extension 'colcon_meta'
[0.977s] Level 1:colcon.colcon_core.package_identification:_identify(control_unit) by extensions ['ros']
[0.977s] Level 1:colcon.colcon_core.package_identification:_identify(control_unit) by extension 'ros'
[0.978s] Level 1:colcon.colcon_core.package_identification:_identify(control_unit) by extensions ['cmake', 'python']
[0.978s] Level 1:colcon.colcon_core.package_identification:_identify(control_unit) by extension 'cmake'
[0.979s] Level 1:colcon.colcon_core.package_identification:_identify(control_unit) by extension 'python'
[0.980s] Level 1:colcon.colcon_core.package_identification:_identify(control_unit) by extensions ['python_setup_py']
[0.980s] Level 1:colcon.colcon_core.package_identification:_identify(control_unit) by extension 'python_setup_py'
[0.980s] Level 1:colcon.colcon_core.package_identification:_identify(control_unit/controlador_extrusor) by extensions ['ignore', 'ignore_ament_install']
[0.980s] Level 1:colcon.colcon_core.package_identification:_identify(control_unit/controlador_extrusor) by extension 'ignore'
[0.981s] Level 1:colcon.colcon_core.package_identification:_identify(control_unit/controlador_extrusor) by extension 'ignore_ament_install'
[0.981s] Level 1:colcon.colcon_core.package_identification:_identify(control_unit/controlador_extrusor) by extensions ['colcon_pkg']
[0.982s] Level 1:colcon.colcon_core.package_identification:_identify(control_unit/controlador_extrusor) by extension 'colcon_pkg'
[0.982s] Level 1:colcon.colcon_core.package_identification:_identify(control_unit/controlador_extrusor) by extensions ['colcon_meta']
[0.982s] Level 1:colcon.colcon_core.package_identification:_identify(control_unit/controlador_extrusor) by extension 'colcon_meta'
[0.982s] Level 1:colcon.colcon_core.package_identification:_identify(control_unit/controlador_extrusor) by extensions ['ros']
[0.982s] Level 1:colcon.colcon_core.package_identification:_identify(control_unit/controlador_extrusor) by extension 'ros'
[0.983s] Level 1:colcon.colcon_core.package_identification:_identify(control_unit/controlador_extrusor) by extensions ['cmake', 'python']
[0.983s] Level 1:colcon.colcon_core.package_identification:_identify(control_unit/controlador_extrusor) by extension 'cmake'
[0.983s] Level 1:colcon.colcon_core.package_identification:_identify(control_unit/controlador_extrusor) by extension 'python'
[0.983s] Level 1:colcon.colcon_core.package_identification:_identify(control_unit/controlador_extrusor) by extensions ['python_setup_py']
[0.983s] Level 1:colcon.colcon_core.package_identification:_identify(control_unit/controlador_extrusor) by extension 'python_setup_py'
[0.985s] Level 1:colcon.colcon_core.package_identification:_identify(control_unit/main_thermoregulator_s_program) by extensions ['ignore', 'ignore_ament_install']
[0.985s] Level 1:colcon.colcon_core.package_identification:_identify(control_unit/main_thermoregulator_s_program) by extension 'ignore'
[0.985s] Level 1:colcon.colcon_core.package_identification:_identify(control_unit/main_thermoregulator_s_program) by extension 'ignore_ament_install'
[0.985s] Level 1:colcon.colcon_core.package_identification:_identify(control_unit/main_thermoregulator_s_program) by extensions ['colcon_pkg']
[0.985s] Level 1:colcon.colcon_core.package_identification:_identify(control_unit/main_thermoregulator_s_program) by extension 'colcon_pkg'
[0.986s] Level 1:colcon.colcon_core.package_identification:_identify(control_unit/main_thermoregulator_s_program) by extensions ['colcon_meta']
[0.986s] Level 1:colcon.colcon_core.package_identification:_identify(control_unit/main_thermoregulator_s_program) by extension 'colcon_meta'
[0.986s] Level 1:colcon.colcon_core.package_identification:_identify(control_unit/main_thermoregulator_s_program) by extensions ['ros']
[0.986s] Level 1:colcon.colcon_core.package_identification:_identify(control_unit/main_thermoregulator_s_program) by extension 'ros'
[0.987s] Level 1:colcon.colcon_core.package_identification:_identify(control_unit/main_thermoregulator_s_program) by extensions ['cmake', 'python']
[0.987s] Level 1:colcon.colcon_core.package_identification:_identify(control_unit/main_thermoregulator_s_program) by extension 'cmake'
[0.987s] Level 1:colcon.colcon_core.package_identification:_identify(control_unit/main_thermoregulator_s_program) by extension 'python'
[0.988s] Level 1:colcon.colcon_core.package_identification:_identify(control_unit/main_thermoregulator_s_program) by extensions ['python_setup_py']
[0.988s] Level 1:colcon.colcon_core.package_identification:_identify(control_unit/main_thermoregulator_s_program) by extension 'python_setup_py'
[0.990s] Level 1:colcon.colcon_core.package_identification:_identify(install) by extensions ['ignore', 'ignore_ament_install']
[0.990s] Level 1:colcon.colcon_core.package_identification:_identify(install) by extension 'ignore'
[0.990s] Level 1:colcon.colcon_core.package_identification:_identify(install) ignored
[0.990s] Level 1:colcon.colcon_core.package_identification:_identify(log) by extensions ['ignore', 'ignore_ament_install']
[0.991s] Level 1:colcon.colcon_core.package_identification:_identify(log) by extension 'ignore'
[0.991s] Level 1:colcon.colcon_core.package_identification:_identify(log) ignored
[0.992s] Level 1:colcon.colcon_core.package_identification:_identify(workspace) by extensions ['ignore', 'ignore_ament_install']
[0.992s] Level 1:colcon.colcon_core.package_identification:_identify(workspace) by extension 'ignore'
[0.993s] Level 1:colcon.colcon_core.package_identification:_identify(workspace) by extension 'ignore_ament_install'
[0.993s] Level 1:colcon.colcon_core.package_identification:_identify(workspace) by extensions ['colcon_pkg']
[0.993s] Level 1:colcon.colcon_core.package_identification:_identify(workspace) by extension 'colcon_pkg'
[0.993s] Level 1:colcon.colcon_core.package_identification:_identify(workspace) by extensions ['colcon_meta']
[0.993s] Level 1:colcon.colcon_core.package_identification:_identify(workspace) by extension 'colcon_meta'
[0.994s] Level 1:colcon.colcon_core.package_identification:_identify(workspace) by extensions ['ros']
[0.994s] Level 1:colcon.colcon_core.package_identification:_identify(workspace) by extension 'ros'
[0.995s] Level 1:colcon.colcon_core.package_identification:_identify(workspace) by extensions ['cmake', 'python']
[0.995s] Level 1:colcon.colcon_core.package_identification:_identify(workspace) by extension 'cmake'
[0.996s] Level 1:colcon.colcon_core.package_identification:_identify(workspace) by extension 'python'
[0.996s] Level 1:colcon.colcon_core.package_identification:_identify(workspace) by extensions ['python_setup_py']
[0.996s] Level 1:colcon.colcon_core.package_identification:_identify(workspace) by extension 'python_setup_py'
[0.996s] Level 1:colcon.colcon_core.package_identification:_identify(workspace/ros_ur_driver) by extensions ['ignore', 'ignore_ament_install']
[0.996s] Level 1:colcon.colcon_core.package_identification:_identify(workspace/ros_ur_driver) by extension 'ignore'
[0.996s] Level 1:colcon.colcon_core.package_identification:_identify(workspace/ros_ur_driver) by extension 'ignore_ament_install'
[0.996s] Level 1:colcon.colcon_core.package_identification:_identify(workspace/ros_ur_driver) by extensions ['colcon_pkg']
[0.996s] Level 1:colcon.colcon_core.package_identification:_identify(workspace/ros_ur_driver) by extension 'colcon_pkg'
[0.998s] Level 1:colcon.colcon_core.package_identification:_identify(workspace/ros_ur_driver) by extensions ['colcon_meta']
[0.999s] Level 1:colcon.colcon_core.package_identification:_identify(workspace/ros_ur_driver) by extension 'colcon_meta'
[0.999s] Level 1:colcon.colcon_core.package_identification:_identify(workspace/ros_ur_driver) by extensions ['ros']
[0.999s] Level 1:colcon.colcon_core.package_identification:_identify(workspace/ros_ur_driver) by extension 'ros'
[0.999s] Level 1:colcon.colcon_core.package_identification:_identify(workspace/ros_ur_driver) by extensions ['cmake', 'python']
[0.999s] Level 1:colcon.colcon_core.package_identification:_identify(workspace/ros_ur_driver) by extension 'cmake'
[0.999s] Level 1:colcon.colcon_core.package_identification:_identify(workspace/ros_ur_driver) by extension 'python'
[0.999s] Level 1:colcon.colcon_core.package_identification:_identify(workspace/ros_ur_driver) by extensions ['python_setup_py']
[0.999s] Level 1:colcon.colcon_core.package_identification:_identify(workspace/ros_ur_driver) by extension 'python_setup_py'
[0.999s] Level 1:colcon.colcon_core.package_identification:_identify(workspace/ros_ur_driver/build) by extensions ['ignore', 'ignore_ament_install']
[0.999s] Level 1:colcon.colcon_core.package_identification:_identify(workspace/ros_ur_driver/build) by extension 'ignore'
[1.001s] Level 1:colcon.colcon_core.package_identification:_identify(workspace/ros_ur_driver/build) ignored
[1.001s] Level 1:colcon.colcon_core.package_identification:_identify(workspace/ros_ur_driver/install) by extensions ['ignore', 'ignore_ament_install']
[1.001s] Level 1:colcon.colcon_core.package_identification:_identify(workspace/ros_ur_driver/install) by extension 'ignore'
[1.003s] Level 1:colcon.colcon_core.package_identification:_identify(workspace/ros_ur_driver/install) ignored
[1.003s] Level 1:colcon.colcon_core.package_identification:_identify(workspace/ros_ur_driver/log) by extensions ['ignore', 'ignore_ament_install']
[1.003s] Level 1:colcon.colcon_core.package_identification:_identify(workspace/ros_ur_driver/log) by extension 'ignore'
[1.003s] Level 1:colcon.colcon_core.package_identification:_identify(workspace/ros_ur_driver/log) ignored
[1.003s] Level 1:colcon.colcon_core.package_identification:_identify(workspace/ros_ur_driver/src) by extensions ['ignore', 'ignore_ament_install']
[1.003s] Level 1:colcon.colcon_core.package_identification:_identify(workspace/ros_ur_driver/src) by extension 'ignore'
[1.003s] Level 1:colcon.colcon_core.package_identification:_identify(workspace/ros_ur_driver/src) by extension 'ignore_ament_install'
[1.004s] Level 1:colcon.colcon_core.package_identification:_identify(workspace/ros_ur_driver/src) by extensions ['colcon_pkg']
[1.004s] Level 1:colcon.colcon_core.package_identification:_identify(workspace/ros_ur_driver/src) by extension 'colcon_pkg'
[1.005s] Level 1:colcon.colcon_core.package_identification:_identify(workspace/ros_ur_driver/src) by extensions ['colcon_meta']
[1.005s] Level 1:colcon.colcon_core.package_identification:_identify(workspace/ros_ur_driver/src) by extension 'colcon_meta'
[1.006s] Level 1:colcon.colcon_core.package_identification:_identify(workspace/ros_ur_driver/src) by extensions ['ros']
[1.006s] Level 1:colcon.colcon_core.package_identification:_identify(workspace/ros_ur_driver/src) by extension 'ros'
[1.006s] Level 1:colcon.colcon_core.package_identification:_identify(workspace/ros_ur_driver/src) by extensions ['cmake', 'python']
[1.006s] Level 1:colcon.colcon_core.package_identification:_identify(workspace/ros_ur_driver/src) by extension 'cmake'
[1.006s] Level 1:colcon.colcon_core.package_identification:_identify(workspace/ros_ur_driver/src) by extension 'python'
[1.006s] Level 1:colcon.colcon_core.package_identification:_identify(workspace/ros_ur_driver/src) by extensions ['python_setup_py']
[1.006s] Level 1:colcon.colcon_core.package_identification:_identify(workspace/ros_ur_driver/src) by extension 'python_setup_py'
[1.006s] Level 1:colcon.colcon_core.package_identification:_identify(workspace/ros_ur_driver/src/Universal_Robots_ROS2_Description) by extensions ['ignore', 'ignore_ament_install']
[1.006s] Level 1:colcon.colcon_core.package_identification:_identify(workspace/ros_ur_driver/src/Universal_Robots_ROS2_Description) by extension 'ignore'
[1.006s] Level 1:colcon.colcon_core.package_identification:_identify(workspace/ros_ur_driver/src/Universal_Robots_ROS2_Description) by extension 'ignore_ament_install'
[1.006s] Level 1:colcon.colcon_core.package_identification:_identify(workspace/ros_ur_driver/src/Universal_Robots_ROS2_Description) by extensions ['colcon_pkg']
[1.007s] Level 1:colcon.colcon_core.package_identification:_identify(workspace/ros_ur_driver/src/Universal_Robots_ROS2_Description) by extension 'colcon_pkg'
[1.007s] Level 1:colcon.colcon_core.package_identification:_identify(workspace/ros_ur_driver/src/Universal_Robots_ROS2_Description) by extensions ['colcon_meta']
[1.007s] Level 1:colcon.colcon_core.package_identification:_identify(workspace/ros_ur_driver/src/Universal_Robots_ROS2_Description) by extension 'colcon_meta'
[1.009s] Level 1:colcon.colcon_core.package_identification:_identify(workspace/ros_ur_driver/src/Universal_Robots_ROS2_Description) by extensions ['ros']
[1.009s] Level 1:colcon.colcon_core.package_identification:_identify(workspace/ros_ur_driver/src/Universal_Robots_ROS2_Description) by extension 'ros'
[1.025s] DEBUG:colcon.colcon_core.package_identification:Package 'workspace/ros_ur_driver/src/Universal_Robots_ROS2_Description' with type 'ros.ament_cmake' and name 'ur_description'
[1.029s] Level 1:colcon.colcon_core.package_identification:_identify(workspace/ros_ur_driver/src/Universal_Robots_ROS2_Driver) by extensions ['ignore', 'ignore_ament_install']
[1.029s] Level 1:colcon.colcon_core.package_identification:_identify(workspace/ros_ur_driver/src/Universal_Robots_ROS2_Driver) by extension 'ignore'
[1.030s] Level 1:colcon.colcon_core.package_identification:_identify(workspace/ros_ur_driver/src/Universal_Robots_ROS2_Driver) by extension 'ignore_ament_install'
[1.038s] Level 1:colcon.colcon_core.package_identification:_identify(workspace/ros_ur_driver/src/Universal_Robots_ROS2_Driver) by extensions ['colcon_pkg']
[1.039s] Level 1:colcon.colcon_core.package_identification:_identify(workspace/ros_ur_driver/src/Universal_Robots_ROS2_Driver) by extension 'colcon_pkg'
[1.039s] Level 1:colcon.colcon_core.package_identification:_identify(workspace/ros_ur_driver/src/Universal_Robots_ROS2_Driver) by extensions ['colcon_meta']
[1.039s] Level 1:colcon.colcon_core.package_identification:_identify(workspace/ros_ur_driver/src/Universal_Robots_ROS2_Driver) by extension 'colcon_meta'
[1.039s] Level 1:colcon.colcon_core.package_identification:_identify(workspace/ros_ur_driver/src/Universal_Robots_ROS2_Driver) by extensions ['ros']
[1.039s] Level 1:colcon.colcon_core.package_identification:_identify(workspace/ros_ur_driver/src/Universal_Robots_ROS2_Driver) by extension 'ros'
[1.040s] Level 1:colcon.colcon_core.package_identification:_identify(workspace/ros_ur_driver/src/Universal_Robots_ROS2_Driver) by extensions ['cmake', 'python']
[1.040s] Level 1:colcon.colcon_core.package_identification:_identify(workspace/ros_ur_driver/src/Universal_Robots_ROS2_Driver) by extension 'cmake'
[1.040s] Level 1:colcon.colcon_core.package_identification:_identify(workspace/ros_ur_driver/src/Universal_Robots_ROS2_Driver) by extension 'python'
[1.040s] Level 1:colcon.colcon_core.package_identification:_identify(workspace/ros_ur_driver/src/Universal_Robots_ROS2_Driver) by extensions ['python_setup_py']
[1.040s] Level 1:colcon.colcon_core.package_identification:_identify(workspace/ros_ur_driver/src/Universal_Robots_ROS2_Driver) by extension 'python_setup_py'
[1.040s] Level 1:colcon.colcon_core.package_identification:_identify(workspace/ros_ur_driver/src/Universal_Robots_ROS2_Driver/ur) by extensions ['ignore', 'ignore_ament_install']
[1.040s] Level 1:colcon.colcon_core.package_identification:_identify(workspace/ros_ur_driver/src/Universal_Robots_ROS2_Driver/ur) by extension 'ignore'
[1.041s] Level 1:colcon.colcon_core.package_identification:_identify(workspace/ros_ur_driver/src/Universal_Robots_ROS2_Driver/ur) by extension 'ignore_ament_install'
[1.041s] Level 1:colcon.colcon_core.package_identification:_identify(workspace/ros_ur_driver/src/Universal_Robots_ROS2_Driver/ur) by extensions ['colcon_pkg']
[1.041s] Level 1:colcon.colcon_core.package_identification:_identify(workspace/ros_ur_driver/src/Universal_Robots_ROS2_Driver/ur) by extension 'colcon_pkg'
[1.041s] Level 1:colcon.colcon_core.package_identification:_identify(workspace/ros_ur_driver/src/Universal_Robots_ROS2_Driver/ur) by extensions ['colcon_meta']
[1.041s] Level 1:colcon.colcon_core.package_identification:_identify(workspace/ros_ur_driver/src/Universal_Robots_ROS2_Driver/ur) by extension 'colcon_meta'
[1.041s] Level 1:colcon.colcon_core.package_identification:_identify(workspace/ros_ur_driver/src/Universal_Robots_ROS2_Driver/ur) by extensions ['ros']
[1.041s] Level 1:colcon.colcon_core.package_identification:_identify(workspace/ros_ur_driver/src/Universal_Robots_ROS2_Driver/ur) by extension 'ros'
[1.046s] DEBUG:colcon.colcon_core.package_identification:Package 'workspace/ros_ur_driver/src/Universal_Robots_ROS2_Driver/ur' with type 'ros.ament_cmake' and name 'ur'
[1.046s] Level 1:colcon.colcon_core.package_identification:_identify(workspace/ros_ur_driver/src/Universal_Robots_ROS2_Driver/ur_bringup) by extensions ['ignore', 'ignore_ament_install']
[1.047s] Level 1:colcon.colcon_core.package_identification:_identify(workspace/ros_ur_driver/src/Universal_Robots_ROS2_Driver/ur_bringup) by extension 'ignore'
[1.047s] Level 1:colcon.colcon_core.package_identification:_identify(workspace/ros_ur_driver/src/Universal_Robots_ROS2_Driver/ur_bringup) by extension 'ignore_ament_install'
[1.047s] Level 1:colcon.colcon_core.package_identification:_identify(workspace/ros_ur_driver/src/Universal_Robots_ROS2_Driver/ur_bringup) by extensions ['colcon_pkg']
[1.047s] Level 1:colcon.colcon_core.package_identification:_identify(workspace/ros_ur_driver/src/Universal_Robots_ROS2_Driver/ur_bringup) by extension 'colcon_pkg'
[1.047s] Level 1:colcon.colcon_core.package_identification:_identify(workspace/ros_ur_driver/src/Universal_Robots_ROS2_Driver/ur_bringup) by extensions ['colcon_meta']
[1.048s] Level 1:colcon.colcon_core.package_identification:_identify(workspace/ros_ur_driver/src/Universal_Robots_ROS2_Driver/ur_bringup) by extension 'colcon_meta'
[1.048s] Level 1:colcon.colcon_core.package_identification:_identify(workspace/ros_ur_driver/src/Universal_Robots_ROS2_Driver/ur_bringup) by extensions ['ros']
[1.049s] Level 1:colcon.colcon_core.package_identification:_identify(workspace/ros_ur_driver/src/Universal_Robots_ROS2_Driver/ur_bringup) by extension 'ros'
[1.053s] DEBUG:colcon.colcon_core.package_identification:Package 'workspace/ros_ur_driver/src/Universal_Robots_ROS2_Driver/ur_bringup' with type 'ros.ament_cmake' and name 'ur_bringup'
[1.053s] Level 1:colcon.colcon_core.package_identification:_identify(workspace/ros_ur_driver/src/Universal_Robots_ROS2_Driver/ur_calibration) by extensions ['ignore', 'ignore_ament_install']
[1.057s] Level 1:colcon.colcon_core.package_identification:_identify(workspace/ros_ur_driver/src/Universal_Robots_ROS2_Driver/ur_calibration) by extension 'ignore'
[1.058s] Level 1:colcon.colcon_core.package_identification:_identify(workspace/ros_ur_driver/src/Universal_Robots_ROS2_Driver/ur_calibration) by extension 'ignore_ament_install'
[1.058s] Level 1:colcon.colcon_core.package_identification:_identify(workspace/ros_ur_driver/src/Universal_Robots_ROS2_Driver/ur_calibration) by extensions ['colcon_pkg']
[1.059s] Level 1:colcon.colcon_core.package_identification:_identify(workspace/ros_ur_driver/src/Universal_Robots_ROS2_Driver/ur_calibration) by extension 'colcon_pkg'
[1.059s] Level 1:colcon.colcon_core.package_identification:_identify(workspace/ros_ur_driver/src/Universal_Robots_ROS2_Driver/ur_calibration) by extensions ['colcon_meta']
[1.059s] Level 1:colcon.colcon_core.package_identification:_identify(workspace/ros_ur_driver/src/Universal_Robots_ROS2_Driver/ur_calibration) by extension 'colcon_meta'
[1.059s] Level 1:colcon.colcon_core.package_identification:_identify(workspace/ros_ur_driver/src/Universal_Robots_ROS2_Driver/ur_calibration) by extensions ['ros']
[1.062s] Level 1:colcon.colcon_core.package_identification:_identify(workspace/ros_ur_driver/src/Universal_Robots_ROS2_Driver/ur_calibration) by extension 'ros'
[1.075s] DEBUG:colcon.colcon_core.package_identification:Package 'workspace/ros_ur_driver/src/Universal_Robots_ROS2_Driver/ur_calibration' with type 'ros.ament_cmake' and name 'ur_calibration'
[1.076s] Level 1:colcon.colcon_core.package_identification:_identify(workspace/ros_ur_driver/src/Universal_Robots_ROS2_Driver/ur_controllers) by extensions ['ignore', 'ignore_ament_install']
[1.077s] Level 1:colcon.colcon_core.package_identification:_identify(workspace/ros_ur_driver/src/Universal_Robots_ROS2_Driver/ur_controllers) by extension 'ignore'
[1.079s] Level 1:colcon.colcon_core.package_identification:_identify(workspace/ros_ur_driver/src/Universal_Robots_ROS2_Driver/ur_controllers) by extension 'ignore_ament_install'
[1.080s] Level 1:colcon.colcon_core.package_identification:_identify(workspace/ros_ur_driver/src/Universal_Robots_ROS2_Driver/ur_controllers) by extensions ['colcon_pkg']
[1.080s] Level 1:colcon.colcon_core.package_identification:_identify(workspace/ros_ur_driver/src/Universal_Robots_ROS2_Driver/ur_controllers) by extension 'colcon_pkg'
[1.080s] Level 1:colcon.colcon_core.package_identification:_identify(workspace/ros_ur_driver/src/Universal_Robots_ROS2_Driver/ur_controllers) by extensions ['colcon_meta']
[1.080s] Level 1:colcon.colcon_core.package_identification:_identify(workspace/ros_ur_driver/src/Universal_Robots_ROS2_Driver/ur_controllers) by extension 'colcon_meta'
[1.083s] Level 1:colcon.colcon_core.package_identification:_identify(workspace/ros_ur_driver/src/Universal_Robots_ROS2_Driver/ur_controllers) by extensions ['ros']
[1.085s] Level 1:colcon.colcon_core.package_identification:_identify(workspace/ros_ur_driver/src/Universal_Robots_ROS2_Driver/ur_controllers) by extension 'ros'
[1.104s] DEBUG:colcon.colcon_core.package_identification:Package 'workspace/ros_ur_driver/src/Universal_Robots_ROS2_Driver/ur_controllers' with type 'ros.ament_cmake' and name 'ur_controllers'
[1.107s] Level 1:colcon.colcon_core.package_identification:_identify(workspace/ros_ur_driver/src/Universal_Robots_ROS2_Driver/ur_dashboard_msgs) by extensions ['ignore', 'ignore_ament_install']
[1.109s] Level 1:colcon.colcon_core.package_identification:_identify(workspace/ros_ur_driver/src/Universal_Robots_ROS2_Driver/ur_dashboard_msgs) by extension 'ignore'
[1.110s] Level 1:colcon.colcon_core.package_identification:_identify(workspace/ros_ur_driver/src/Universal_Robots_ROS2_Driver/ur_dashboard_msgs) by extension 'ignore_ament_install'
[1.110s] Level 1:colcon.colcon_core.package_identification:_identify(workspace/ros_ur_driver/src/Universal_Robots_ROS2_Driver/ur_dashboard_msgs) by extensions ['colcon_pkg']
[1.110s] Level 1:colcon.colcon_core.package_identification:_identify(workspace/ros_ur_driver/src/Universal_Robots_ROS2_Driver/ur_dashboard_msgs) by extension 'colcon_pkg'
[1.110s] Level 1:colcon.colcon_core.package_identification:_identify(workspace/ros_ur_driver/src/Universal_Robots_ROS2_Driver/ur_dashboard_msgs) by extensions ['colcon_meta']
[1.110s] Level 1:colcon.colcon_core.package_identification:_identify(workspace/ros_ur_driver/src/Universal_Robots_ROS2_Driver/ur_dashboard_msgs) by extension 'colcon_meta'
[1.112s] Level 1:colcon.colcon_core.package_identification:_identify(workspace/ros_ur_driver/src/Universal_Robots_ROS2_Driver/ur_dashboard_msgs) by extensions ['ros']
[1.113s] Level 1:colcon.colcon_core.package_identification:_identify(workspace/ros_ur_driver/src/Universal_Robots_ROS2_Driver/ur_dashboard_msgs) by extension 'ros'
[1.120s] DEBUG:colcon.colcon_core.package_identification:Package 'workspace/ros_ur_driver/src/Universal_Robots_ROS2_Driver/ur_dashboard_msgs' with type 'ros.ament_cmake' and name 'ur_dashboard_msgs'
[1.123s] Level 1:colcon.colcon_core.package_identification:_identify(workspace/ros_ur_driver/src/Universal_Robots_ROS2_Driver/ur_moveit_config) by extensions ['ignore', 'ignore_ament_install']
[1.123s] Level 1:colcon.colcon_core.package_identification:_identify(workspace/ros_ur_driver/src/Universal_Robots_ROS2_Driver/ur_moveit_config) by extension 'ignore'
[1.126s] Level 1:colcon.colcon_core.package_identification:_identify(workspace/ros_ur_driver/src/Universal_Robots_ROS2_Driver/ur_moveit_config) by extension 'ignore_ament_install'
[1.126s] Level 1:colcon.colcon_core.package_identification:_identify(workspace/ros_ur_driver/src/Universal_Robots_ROS2_Driver/ur_moveit_config) by extensions ['colcon_pkg']
[1.126s] Level 1:colcon.colcon_core.package_identification:_identify(workspace/ros_ur_driver/src/Universal_Robots_ROS2_Driver/ur_moveit_config) by extension 'colcon_pkg'
[1.126s] Level 1:colcon.colcon_core.package_identification:_identify(workspace/ros_ur_driver/src/Universal_Robots_ROS2_Driver/ur_moveit_config) by extensions ['colcon_meta']
[1.126s] Level 1:colcon.colcon_core.package_identification:_identify(workspace/ros_ur_driver/src/Universal_Robots_ROS2_Driver/ur_moveit_config) by extension 'colcon_meta'
[1.127s] Level 1:colcon.colcon_core.package_identification:_identify(workspace/ros_ur_driver/src/Universal_Robots_ROS2_Driver/ur_moveit_config) by extensions ['ros']
[1.127s] Level 1:colcon.colcon_core.package_identification:_identify(workspace/ros_ur_driver/src/Universal_Robots_ROS2_Driver/ur_moveit_config) by extension 'ros'
[1.133s] DEBUG:colcon.colcon_core.package_identification:Package 'workspace/ros_ur_driver/src/Universal_Robots_ROS2_Driver/ur_moveit_config' with type 'ros.ament_cmake' and name 'ur_moveit_config'
[1.133s] Level 1:colcon.colcon_core.package_identification:_identify(workspace/ros_ur_driver/src/Universal_Robots_ROS2_Driver/ur_robot_driver) by extensions ['ignore', 'ignore_ament_install']
[1.133s] Level 1:colcon.colcon_core.package_identification:_identify(workspace/ros_ur_driver/src/Universal_Robots_ROS2_Driver/ur_robot_driver) by extension 'ignore'
[1.134s] Level 1:colcon.colcon_core.package_identification:_identify(workspace/ros_ur_driver/src/Universal_Robots_ROS2_Driver/ur_robot_driver) by extension 'ignore_ament_install'
[1.134s] Level 1:colcon.colcon_core.package_identification:_identify(workspace/ros_ur_driver/src/Universal_Robots_ROS2_Driver/ur_robot_driver) by extensions ['colcon_pkg']
[1.136s] Level 1:colcon.colcon_core.package_identification:_identify(workspace/ros_ur_driver/src/Universal_Robots_ROS2_Driver/ur_robot_driver) by extension 'colcon_pkg'
[1.137s] Level 1:colcon.colcon_core.package_identification:_identify(workspace/ros_ur_driver/src/Universal_Robots_ROS2_Driver/ur_robot_driver) by extensions ['colcon_meta']
[1.137s] Level 1:colcon.colcon_core.package_identification:_identify(workspace/ros_ur_driver/src/Universal_Robots_ROS2_Driver/ur_robot_driver) by extension 'colcon_meta'
[1.138s] Level 1:colcon.colcon_core.package_identification:_identify(workspace/ros_ur_driver/src/Universal_Robots_ROS2_Driver/ur_robot_driver) by extensions ['ros']
[1.139s] Level 1:colcon.colcon_core.package_identification:_identify(workspace/ros_ur_driver/src/Universal_Robots_ROS2_Driver/ur_robot_driver) by extension 'ros'
[1.151s] DEBUG:colcon.colcon_core.package_identification:Package 'workspace/ros_ur_driver/src/Universal_Robots_ROS2_Driver/ur_robot_driver' with type 'ros.ament_cmake' and name 'ur_robot_driver'
[1.154s] Level 1:colcon.colcon_core.package_identification:_identify(workspace/ros_ur_driver/src/build) by extensions ['ignore', 'ignore_ament_install']
[1.154s] Level 1:colcon.colcon_core.package_identification:_identify(workspace/ros_ur_driver/src/build) by extension 'ignore'
[1.154s] Level 1:colcon.colcon_core.package_identification:_identify(workspace/ros_ur_driver/src/build) by extension 'ignore_ament_install'
[1.154s] Level 1:colcon.colcon_core.package_identification:_identify(workspace/ros_ur_driver/src/build) by extensions ['colcon_pkg']
[1.154s] Level 1:colcon.colcon_core.package_identification:_identify(workspace/ros_ur_driver/src/build) by extension 'colcon_pkg'
[1.154s] Level 1:colcon.colcon_core.package_identification:_identify(workspace/ros_ur_driver/src/build) by extensions ['colcon_meta']
[1.154s] Level 1:colcon.colcon_core.package_identification:_identify(workspace/ros_ur_driver/src/build) by extension 'colcon_meta'
[1.154s] Level 1:colcon.colcon_core.package_identification:_identify(workspace/ros_ur_driver/src/build) by extensions ['ros']
[1.154s] Level 1:colcon.colcon_core.package_identification:_identify(workspace/ros_ur_driver/src/build) by extension 'ros'
[1.155s] Level 1:colcon.colcon_core.package_identification:_identify(workspace/ros_ur_driver/src/build) by extensions ['cmake', 'python']
[1.155s] Level 1:colcon.colcon_core.package_identification:_identify(workspace/ros_ur_driver/src/build) by extension 'cmake'
[1.155s] Level 1:colcon.colcon_core.package_identification:_identify(workspace/ros_ur_driver/src/build) by extension 'python'
[1.155s] Level 1:colcon.colcon_core.package_identification:_identify(workspace/ros_ur_driver/src/build) by extensions ['python_setup_py']
[1.155s] Level 1:colcon.colcon_core.package_identification:_identify(workspace/ros_ur_driver/src/build) by extension 'python_setup_py'
[1.157s] Level 1:colcon.colcon_core.package_identification:_identify(workspace/ros_ur_driver/src/build/ur) by extensions ['ignore', 'ignore_ament_install']
[1.158s] Level 1:colcon.colcon_core.package_identification:_identify(workspace/ros_ur_driver/src/build/ur) by extension 'ignore'
[1.158s] Level 1:colcon.colcon_core.package_identification:_identify(workspace/ros_ur_driver/src/build/ur) by extension 'ignore_ament_install'
[1.159s] Level 1:colcon.colcon_core.package_identification:_identify(workspace/ros_ur_driver/src/build/ur) by extensions ['colcon_pkg']
[1.159s] Level 1:colcon.colcon_core.package_identification:_identify(workspace/ros_ur_driver/src/build/ur) by extension 'colcon_pkg'
[1.159s] Level 1:colcon.colcon_core.package_identification:_identify(workspace/ros_ur_driver/src/build/ur) by extensions ['colcon_meta']
[1.159s] Level 1:colcon.colcon_core.package_identification:_identify(workspace/ros_ur_driver/src/build/ur) by extension 'colcon_meta'
[1.159s] Level 1:colcon.colcon_core.package_identification:_identify(workspace/ros_ur_driver/src/build/ur) by extensions ['ros']
[1.160s] Level 1:colcon.colcon_core.package_identification:_identify(workspace/ros_ur_driver/src/build/ur) by extension 'ros'
[1.160s] Level 1:colcon.colcon_core.package_identification:_identify(workspace/ros_ur_driver/src/build/ur) by extensions ['cmake', 'python']
[1.160s] Level 1:colcon.colcon_core.package_identification:_identify(workspace/ros_ur_driver/src/build/ur) by extension 'cmake'
[1.160s] Level 1:colcon.colcon_core.package_identification:_identify(workspace/ros_ur_driver/src/build/ur) by extension 'python'
[1.160s] Level 1:colcon.colcon_core.package_identification:_identify(workspace/ros_ur_driver/src/build/ur) by extensions ['python_setup_py']
[1.160s] Level 1:colcon.colcon_core.package_identification:_identify(workspace/ros_ur_driver/src/build/ur) by extension 'python_setup_py'
[1.163s] Level 1:colcon.colcon_core.package_identification:_identify(workspace/ros_ur_driver/src/build/ur/CMakeFiles) by extensions ['ignore', 'ignore_ament_install']
[1.163s] Level 1:colcon.colcon_core.package_identification:_identify(workspace/ros_ur_driver/src/build/ur/CMakeFiles) by extension 'ignore'
[1.165s] Level 1:colcon.colcon_core.package_identification:_identify(workspace/ros_ur_driver/src/build/ur/CMakeFiles) by extension 'ignore_ament_install'
[1.165s] Level 1:colcon.colcon_core.package_identification:_identify(workspace/ros_ur_driver/src/build/ur/CMakeFiles) by extensions ['colcon_pkg']
[1.165s] Level 1:colcon.colcon_core.package_identification:_identify(workspace/ros_ur_driver/src/build/ur/CMakeFiles) by extension 'colcon_pkg'
[1.165s] Level 1:colcon.colcon_core.package_identification:_identify(workspace/ros_ur_driver/src/build/ur/CMakeFiles) by extensions ['colcon_meta']
[1.165s] Level 1:colcon.colcon_core.package_identification:_identify(workspace/ros_ur_driver/src/build/ur/CMakeFiles) by extension 'colcon_meta'
[1.166s] Level 1:colcon.colcon_core.package_identification:_identify(workspace/ros_ur_driver/src/build/ur/CMakeFiles) by extensions ['ros']
[1.166s] Level 1:colcon.colcon_core.package_identification:_identify(workspace/ros_ur_driver/src/build/ur/CMakeFiles) by extension 'ros'
[1.169s] Level 1:colcon.colcon_core.package_identification:_identify(workspace/ros_ur_driver/src/build/ur/CMakeFiles) by extensions ['cmake', 'python']
[1.169s] Level 1:colcon.colcon_core.package_identification:_identify(workspace/ros_ur_driver/src/build/ur/CMakeFiles) by extension 'cmake'
[1.169s] Level 1:colcon.colcon_core.package_identification:_identify(workspace/ros_ur_driver/src/build/ur/CMakeFiles) by extension 'python'
[1.169s] Level 1:colcon.colcon_core.package_identification:_identify(workspace/ros_ur_driver/src/build/ur/CMakeFiles) by extensions ['python_setup_py']
[1.172s] Level 1:colcon.colcon_core.package_identification:_identify(workspace/ros_ur_driver/src/build/ur/CMakeFiles) by extension 'python_setup_py'
[1.173s] Level 1:colcon.colcon_core.package_identification:_identify(workspace/ros_ur_driver/src/build/ur/CMakeFiles/3.22.1) by extensions ['ignore', 'ignore_ament_install']
[1.173s] Level 1:colcon.colcon_core.package_identification:_identify(workspace/ros_ur_driver/src/build/ur/CMakeFiles/3.22.1) by extension 'ignore'
[1.173s] Level 1:colcon.colcon_core.package_identification:_identify(workspace/ros_ur_driver/src/build/ur/CMakeFiles/3.22.1) by extension 'ignore_ament_install'
[1.173s] Level 1:colcon.colcon_core.package_identification:_identify(workspace/ros_ur_driver/src/build/ur/CMakeFiles/3.22.1) by extensions ['colcon_pkg']
[1.173s] Level 1:colcon.colcon_core.package_identification:_identify(workspace/ros_ur_driver/src/build/ur/CMakeFiles/3.22.1) by extension 'colcon_pkg'
[1.173s] Level 1:colcon.colcon_core.package_identification:_identify(workspace/ros_ur_driver/src/build/ur/CMakeFiles/3.22.1) by extensions ['colcon_meta']
[1.173s] Level 1:colcon.colcon_core.package_identification:_identify(workspace/ros_ur_driver/src/build/ur/CMakeFiles/3.22.1) by extension 'colcon_meta'
[1.173s] Level 1:colcon.colcon_core.package_identification:_identify(workspace/ros_ur_driver/src/build/ur/CMakeFiles/3.22.1) by extensions ['ros']
[1.176s] Level 1:colcon.colcon_core.package_identification:_identify(workspace/ros_ur_driver/src/build/ur/CMakeFiles/3.22.1) by extension 'ros'
[1.176s] Level 1:colcon.colcon_core.package_identification:_identify(workspace/ros_ur_driver/src/build/ur/CMakeFiles/3.22.1) by extensions ['cmake', 'python']
[1.177s] Level 1:colcon.colcon_core.package_identification:_identify(workspace/ros_ur_driver/src/build/ur/CMakeFiles/3.22.1) by extension 'cmake'
[1.180s] Level 1:colcon.colcon_core.package_identification:_identify(workspace/ros_ur_driver/src/build/ur/CMakeFiles/3.22.1) by extension 'python'
[1.180s] Level 1:colcon.colcon_core.package_identification:_identify(workspace/ros_ur_driver/src/build/ur/CMakeFiles/3.22.1) by extensions ['python_setup_py']
[1.181s] Level 1:colcon.colcon_core.package_identification:_identify(workspace/ros_ur_driver/src/build/ur/CMakeFiles/3.22.1) by extension 'python_setup_py'
[1.181s] Level 1:colcon.colcon_core.package_identification:_identify(workspace/ros_ur_driver/src/build/ur/CMakeFiles/3.22.1/CompilerIdC) by extensions ['ignore', 'ignore_ament_install']
[1.182s] Level 1:colcon.colcon_core.package_identification:_identify(workspace/ros_ur_driver/src/build/ur/CMakeFiles/3.22.1/CompilerIdC) by extension 'ignore'
[1.182s] Level 1:colcon.colcon_core.package_identification:_identify(workspace/ros_ur_driver/src/build/ur/CMakeFiles/3.22.1/CompilerIdC) by extension 'ignore_ament_install'
[1.183s] Level 1:colcon.colcon_core.package_identification:_identify(workspace/ros_ur_driver/src/build/ur/CMakeFiles/3.22.1/CompilerIdC) by extensions ['colcon_pkg']
[1.184s] Level 1:colcon.colcon_core.package_identification:_identify(workspace/ros_ur_driver/src/build/ur/CMakeFiles/3.22.1/CompilerIdC) by extension 'colcon_pkg'
[1.184s] Level 1:colcon.colcon_core.package_identification:_identify(workspace/ros_ur_driver/src/build/ur/CMakeFiles/3.22.1/CompilerIdC) by extensions ['colcon_meta']
[1.184s] Level 1:colcon.colcon_core.package_identification:_identify(workspace/ros_ur_driver/src/build/ur/CMakeFiles/3.22.1/CompilerIdC) by extension 'colcon_meta'
[1.184s] Level 1:colcon.colcon_core.package_identification:_identify(workspace/ros_ur_driver/src/build/ur/CMakeFiles/3.22.1/CompilerIdC) by extensions ['ros']
[1.184s] Level 1:colcon.colcon_core.package_identification:_identify(workspace/ros_ur_driver/src/build/ur/CMakeFiles/3.22.1/CompilerIdC) by extension 'ros'
[1.185s] Level 1:colcon.colcon_core.package_identification:_identify(workspace/ros_ur_driver/src/build/ur/CMakeFiles/3.22.1/CompilerIdC) by extensions ['cmake', 'python']
[1.185s] Level 1:colcon.colcon_core.package_identification:_identify(workspace/ros_ur_driver/src/build/ur/CMakeFiles/3.22.1/CompilerIdC) by extension 'cmake'
[1.185s] Level 1:colcon.colcon_core.package_identification:_identify(workspace/ros_ur_driver/src/build/ur/CMakeFiles/3.22.1/CompilerIdC) by extension 'python'
[1.185s] Level 1:colcon.colcon_core.package_identification:_identify(workspace/ros_ur_driver/src/build/ur/CMakeFiles/3.22.1/CompilerIdC) by extensions ['python_setup_py']
[1.185s] Level 1:colcon.colcon_core.package_identification:_identify(workspace/ros_ur_driver/src/build/ur/CMakeFiles/3.22.1/CompilerIdC) by extension 'python_setup_py'
[1.185s] Level 1:colcon.colcon_core.package_identification:_identify(workspace/ros_ur_driver/src/build/ur/CMakeFiles/3.22.1/CompilerIdC/tmp) by extensions ['ignore', 'ignore_ament_install']
[1.189s] Level 1:colcon.colcon_core.package_identification:_identify(workspace/ros_ur_driver/src/build/ur/CMakeFiles/3.22.1/CompilerIdC/tmp) by extension 'ignore'
[1.190s] Level 1:colcon.colcon_core.package_identification:_identify(workspace/ros_ur_driver/src/build/ur/CMakeFiles/3.22.1/CompilerIdC/tmp) by extension 'ignore_ament_install'
[1.190s] Level 1:colcon.colcon_core.package_identification:_identify(workspace/ros_ur_driver/src/build/ur/CMakeFiles/3.22.1/CompilerIdC/tmp) by extensions ['colcon_pkg']
[1.191s] Level 1:colcon.colcon_core.package_identification:_identify(workspace/ros_ur_driver/src/build/ur/CMakeFiles/3.22.1/CompilerIdC/tmp) by extension 'colcon_pkg'
[1.192s] Level 1:colcon.colcon_core.package_identification:_identify(workspace/ros_ur_driver/src/build/ur/CMakeFiles/3.22.1/CompilerIdC/tmp) by extensions ['colcon_meta']
[1.192s] Level 1:colcon.colcon_core.package_identification:_identify(workspace/ros_ur_driver/src/build/ur/CMakeFiles/3.22.1/CompilerIdC/tmp) by extension 'colcon_meta'
[1.193s] Level 1:colcon.colcon_core.package_identification:_identify(workspace/ros_ur_driver/src/build/ur/CMakeFiles/3.22.1/CompilerIdC/tmp) by extensions ['ros']
[1.194s] Level 1:colcon.colcon_core.package_identification:_identify(workspace/ros_ur_driver/src/build/ur/CMakeFiles/3.22.1/CompilerIdC/tmp) by extension 'ros'
[1.194s] Level 1:colcon.colcon_core.package_identification:_identify(workspace/ros_ur_driver/src/build/ur/CMakeFiles/3.22.1/CompilerIdC/tmp) by extensions ['cmake', 'python']
[1.195s] Level 1:colcon.colcon_core.package_identification:_identify(workspace/ros_ur_driver/src/build/ur/CMakeFiles/3.22.1/CompilerIdC/tmp) by extension 'cmake'
[1.195s] Level 1:colcon.colcon_core.package_identification:_identify(workspace/ros_ur_driver/src/build/ur/CMakeFiles/3.22.1/CompilerIdC/tmp) by extension 'python'
[1.195s] Level 1:colcon.colcon_core.package_identification:_identify(workspace/ros_ur_driver/src/build/ur/CMakeFiles/3.22.1/CompilerIdC/tmp) by extensions ['python_setup_py']
[1.195s] Level 1:colcon.colcon_core.package_identification:_identify(workspace/ros_ur_driver/src/build/ur/CMakeFiles/3.22.1/CompilerIdC/tmp) by extension 'python_setup_py'
[1.195s] Level 1:colcon.colcon_core.package_identification:_identify(workspace/ros_ur_driver/src/build/ur/CMakeFiles/3.22.1/CompilerIdCXX) by extensions ['ignore', 'ignore_ament_install']
[1.195s] Level 1:colcon.colcon_core.package_identification:_identify(workspace/ros_ur_driver/src/build/ur/CMakeFiles/3.22.1/CompilerIdCXX) by extension 'ignore'
[1.195s] Level 1:colcon.colcon_core.package_identification:_identify(workspace/ros_ur_driver/src/build/ur/CMakeFiles/3.22.1/CompilerIdCXX) by extension 'ignore_ament_install'
[1.195s] Level 1:colcon.colcon_core.package_identification:_identify(workspace/ros_ur_driver/src/build/ur/CMakeFiles/3.22.1/CompilerIdCXX) by extensions ['colcon_pkg']
[1.195s] Level 1:colcon.colcon_core.package_identification:_identify(workspace/ros_ur_driver/src/build/ur/CMakeFiles/3.22.1/CompilerIdCXX) by extension 'colcon_pkg'
[1.195s] Level 1:colcon.colcon_core.package_identification:_identify(workspace/ros_ur_driver/src/build/ur/CMakeFiles/3.22.1/CompilerIdCXX) by extensions ['colcon_meta']
[1.195s] Level 1:colcon.colcon_core.package_identification:_identify(workspace/ros_ur_driver/src/build/ur/CMakeFiles/3.22.1/CompilerIdCXX) by extension 'colcon_meta'
[1.196s] Level 1:colcon.colcon_core.package_identification:_identify(workspace/ros_ur_driver/src/build/ur/CMakeFiles/3.22.1/CompilerIdCXX) by extensions ['ros']
[1.196s] Level 1:colcon.colcon_core.package_identification:_identify(workspace/ros_ur_driver/src/build/ur/CMakeFiles/3.22.1/CompilerIdCXX) by extension 'ros'
[1.196s] Level 1:colcon.colcon_core.package_identification:_identify(workspace/ros_ur_driver/src/build/ur/CMakeFiles/3.22.1/CompilerIdCXX) by extensions ['cmake', 'python']
[1.196s] Level 1:colcon.colcon_core.package_identification:_identify(workspace/ros_ur_driver/src/build/ur/CMakeFiles/3.22.1/CompilerIdCXX) by extension 'cmake'
[1.196s] Level 1:colcon.colcon_core.package_identification:_identify(workspace/ros_ur_driver/src/build/ur/CMakeFiles/3.22.1/CompilerIdCXX) by extension 'python'
[1.196s] Level 1:colcon.colcon_core.package_identification:_identify(workspace/ros_ur_driver/src/build/ur/CMakeFiles/3.22.1/CompilerIdCXX) by extensions ['python_setup_py']
[1.196s] Level 1:colcon.colcon_core.package_identification:_identify(workspace/ros_ur_driver/src/build/ur/CMakeFiles/3.22.1/CompilerIdCXX) by extension 'python_setup_py'
[1.196s] Level 1:colcon.colcon_core.package_identification:_identify(workspace/ros_ur_driver/src/build/ur/CMakeFiles/3.22.1/CompilerIdCXX/tmp) by extensions ['ignore', 'ignore_ament_install']
[1.196s] Level 1:colcon.colcon_core.package_identification:_identify(workspace/ros_ur_driver/src/build/ur/CMakeFiles/3.22.1/CompilerIdCXX/tmp) by extension 'ignore'
[1.196s] Level 1:colcon.colcon_core.package_identification:_identify(workspace/ros_ur_driver/src/build/ur/CMakeFiles/3.22.1/CompilerIdCXX/tmp) by extension 'ignore_ament_install'
[1.196s] Level 1:colcon.colcon_core.package_identification:_identify(workspace/ros_ur_driver/src/build/ur/CMakeFiles/3.22.1/CompilerIdCXX/tmp) by extensions ['colcon_pkg']
[1.196s] Level 1:colcon.colcon_core.package_identification:_identify(workspace/ros_ur_driver/src/build/ur/CMakeFiles/3.22.1/CompilerIdCXX/tmp) by extension 'colcon_pkg'
[1.196s] Level 1:colcon.colcon_core.package_identification:_identify(workspace/ros_ur_driver/src/build/ur/CMakeFiles/3.22.1/CompilerIdCXX/tmp) by extensions ['colcon_meta']
[1.197s] Level 1:colcon.colcon_core.package_identification:_identify(workspace/ros_ur_driver/src/build/ur/CMakeFiles/3.22.1/CompilerIdCXX/tmp) by extension 'colcon_meta'
[1.197s] Level 1:colcon.colcon_core.package_identification:_identify(workspace/ros_ur_driver/src/build/ur/CMakeFiles/3.22.1/CompilerIdCXX/tmp) by extensions ['ros']
[1.197s] Level 1:colcon.colcon_core.package_identification:_identify(workspace/ros_ur_driver/src/build/ur/CMakeFiles/3.22.1/CompilerIdCXX/tmp) by extension 'ros'
[1.197s] Level 1:colcon.colcon_core.package_identification:_identify(workspace/ros_ur_driver/src/build/ur/CMakeFiles/3.22.1/CompilerIdCXX/tmp) by extensions ['cmake', 'python']
[1.197s] Level 1:colcon.colcon_core.package_identification:_identify(workspace/ros_ur_driver/src/build/ur/CMakeFiles/3.22.1/CompilerIdCXX/tmp) by extension 'cmake'
[1.197s] Level 1:colcon.colcon_core.package_identification:_identify(workspace/ros_ur_driver/src/build/ur/CMakeFiles/3.22.1/CompilerIdCXX/tmp) by extension 'python'
[1.197s] Level 1:colcon.colcon_core.package_identification:_identify(workspace/ros_ur_driver/src/build/ur/CMakeFiles/3.22.1/CompilerIdCXX/tmp) by extensions ['python_setup_py']
[1.197s] Level 1:colcon.colcon_core.package_identification:_identify(workspace/ros_ur_driver/src/build/ur/CMakeFiles/3.22.1/CompilerIdCXX/tmp) by extension 'python_setup_py'
[1.197s] Level 1:colcon.colcon_core.package_identification:_identify(workspace/ros_ur_driver/src/build/ur/CMakeFiles/CMakeTmp) by extensions ['ignore', 'ignore_ament_install']
[1.197s] Level 1:colcon.colcon_core.package_identification:_identify(workspace/ros_ur_driver/src/build/ur/CMakeFiles/CMakeTmp) by extension 'ignore'
[1.197s] Level 1:colcon.colcon_core.package_identification:_identify(workspace/ros_ur_driver/src/build/ur/CMakeFiles/CMakeTmp) by extension 'ignore_ament_install'
[1.197s] Level 1:colcon.colcon_core.package_identification:_identify(workspace/ros_ur_driver/src/build/ur/CMakeFiles/CMakeTmp) by extensions ['colcon_pkg']
[1.197s] Level 1:colcon.colcon_core.package_identification:_identify(workspace/ros_ur_driver/src/build/ur/CMakeFiles/CMakeTmp) by extension 'colcon_pkg'
[1.198s] Level 1:colcon.colcon_core.package_identification:_identify(workspace/ros_ur_driver/src/build/ur/CMakeFiles/CMakeTmp) by extensions ['colcon_meta']
[1.198s] Level 1:colcon.colcon_core.package_identification:_identify(workspace/ros_ur_driver/src/build/ur/CMakeFiles/CMakeTmp) by extension 'colcon_meta'
[1.198s] Level 1:colcon.colcon_core.package_identification:_identify(workspace/ros_ur_driver/src/build/ur/CMakeFiles/CMakeTmp) by extensions ['ros']
[1.198s] Level 1:colcon.colcon_core.package_identification:_identify(workspace/ros_ur_driver/src/build/ur/CMakeFiles/CMakeTmp) by extension 'ros'
[1.198s] Level 1:colcon.colcon_core.package_identification:_identify(workspace/ros_ur_driver/src/build/ur/CMakeFiles/CMakeTmp) by extensions ['cmake', 'python']
[1.198s] Level 1:colcon.colcon_core.package_identification:_identify(workspace/ros_ur_driver/src/build/ur/CMakeFiles/CMakeTmp) by extension 'cmake'
[1.198s] Level 1:colcon.colcon_core.package_identification:_identify(workspace/ros_ur_driver/src/build/ur/CMakeFiles/CMakeTmp) by extension 'python'
[1.198s] Level 1:colcon.colcon_core.package_identification:_identify(workspace/ros_ur_driver/src/build/ur/CMakeFiles/CMakeTmp) by extensions ['python_setup_py']
[1.198s] Level 1:colcon.colcon_core.package_identification:_identify(workspace/ros_ur_driver/src/build/ur/CMakeFiles/CMakeTmp) by extension 'python_setup_py'
[1.198s] Level 1:colcon.colcon_core.package_identification:_identify(workspace/ros_ur_driver/src/build/ur/ament_lint_cmake) by extensions ['ignore', 'ignore_ament_install']
[1.198s] Level 1:colcon.colcon_core.package_identification:_identify(workspace/ros_ur_driver/src/build/ur/ament_lint_cmake) by extension 'ignore'
[1.198s] Level 1:colcon.colcon_core.package_identification:_identify(workspace/ros_ur_driver/src/build/ur/ament_lint_cmake) by extension 'ignore_ament_install'
[1.198s] Level 1:colcon.colcon_core.package_identification:_identify(workspace/ros_ur_driver/src/build/ur/ament_lint_cmake) by extensions ['colcon_pkg']
[1.198s] Level 1:colcon.colcon_core.package_identification:_identify(workspace/ros_ur_driver/src/build/ur/ament_lint_cmake) by extension 'colcon_pkg'
[1.199s] Level 1:colcon.colcon_core.package_identification:_identify(workspace/ros_ur_driver/src/build/ur/ament_lint_cmake) by extensions ['colcon_meta']
[1.199s] Level 1:colcon.colcon_core.package_identification:_identify(workspace/ros_ur_driver/src/build/ur/ament_lint_cmake) by extension 'colcon_meta'
[1.199s] Level 1:colcon.colcon_core.package_identification:_identify(workspace/ros_ur_driver/src/build/ur/ament_lint_cmake) by extensions ['ros']
[1.199s] Level 1:colcon.colcon_core.package_identification:_identify(workspace/ros_ur_driver/src/build/ur/ament_lint_cmake) by extension 'ros'
[1.199s] Level 1:colcon.colcon_core.package_identification:_identify(workspace/ros_ur_driver/src/build/ur/ament_lint_cmake) by extensions ['cmake', 'python']
[1.199s] Level 1:colcon.colcon_core.package_identification:_identify(workspace/ros_ur_driver/src/build/ur/ament_lint_cmake) by extension 'cmake'
[1.199s] Level 1:colcon.colcon_core.package_identification:_identify(workspace/ros_ur_driver/src/build/ur/ament_lint_cmake) by extension 'python'
[1.199s] Level 1:colcon.colcon_core.package_identification:_identify(workspace/ros_ur_driver/src/build/ur/ament_lint_cmake) by extensions ['python_setup_py']
[1.199s] Level 1:colcon.colcon_core.package_identification:_identify(workspace/ros_ur_driver/src/build/ur/ament_lint_cmake) by extension 'python_setup_py'
[1.199s] Level 1:colcon.colcon_core.package_identification:_identify(workspace/ros_ur_driver/src/build/ur/ament_xmllint) by extensions ['ignore', 'ignore_ament_install']
[1.199s] Level 1:colcon.colcon_core.package_identification:_identify(workspace/ros_ur_driver/src/build/ur/ament_xmllint) by extension 'ignore'
[1.199s] Level 1:colcon.colcon_core.package_identification:_identify(workspace/ros_ur_driver/src/build/ur/ament_xmllint) by extension 'ignore_ament_install'
[1.199s] Level 1:colcon.colcon_core.package_identification:_identify(workspace/ros_ur_driver/src/build/ur/ament_xmllint) by extensions ['colcon_pkg']
[1.199s] Level 1:colcon.colcon_core.package_identification:_identify(workspace/ros_ur_driver/src/build/ur/ament_xmllint) by extension 'colcon_pkg'
[1.199s] Level 1:colcon.colcon_core.package_identification:_identify(workspace/ros_ur_driver/src/build/ur/ament_xmllint) by extensions ['colcon_meta']
[1.200s] Level 1:colcon.colcon_core.package_identification:_identify(workspace/ros_ur_driver/src/build/ur/ament_xmllint) by extension 'colcon_meta'
[1.200s] Level 1:colcon.colcon_core.package_identification:_identify(workspace/ros_ur_driver/src/build/ur/ament_xmllint) by extensions ['ros']
[1.200s] Level 1:colcon.colcon_core.package_identification:_identify(workspace/ros_ur_driver/src/build/ur/ament_xmllint) by extension 'ros'
[1.202s] Level 1:colcon.colcon_core.package_identification:_identify(workspace/ros_ur_driver/src/build/ur/ament_xmllint) by extensions ['cmake', 'python']
[1.202s] Level 1:colcon.colcon_core.package_identification:_identify(workspace/ros_ur_driver/src/build/ur/ament_xmllint) by extension 'cmake'
[1.202s] Level 1:colcon.colcon_core.package_identification:_identify(workspace/ros_ur_driver/src/build/ur/ament_xmllint) by extension 'python'
[1.202s] Level 1:colcon.colcon_core.package_identification:_identify(workspace/ros_ur_driver/src/build/ur/ament_xmllint) by extensions ['python_setup_py']
[1.202s] Level 1:colcon.colcon_core.package_identification:_identify(workspace/ros_ur_driver/src/build/ur/ament_xmllint) by extension 'python_setup_py'
[1.203s] Level 1:colcon.colcon_core.package_identification:_identify(workspace/ros_ur_driver/src/build/ur_bringup) by extensions ['ignore', 'ignore_ament_install']
[1.203s] Level 1:colcon.colcon_core.package_identification:_identify(workspace/ros_ur_driver/src/build/ur_bringup) by extension 'ignore'
[1.203s] Level 1:colcon.colcon_core.package_identification:_identify(workspace/ros_ur_driver/src/build/ur_bringup) by extension 'ignore_ament_install'
[1.205s] Level 1:colcon.colcon_core.package_identification:_identify(workspace/ros_ur_driver/src/build/ur_bringup) by extensions ['colcon_pkg']
[1.206s] Level 1:colcon.colcon_core.package_identification:_identify(workspace/ros_ur_driver/src/build/ur_bringup) by extension 'colcon_pkg'
[1.206s] Level 1:colcon.colcon_core.package_identification:_identify(workspace/ros_ur_driver/src/build/ur_bringup) by extensions ['colcon_meta']
[1.206s] Level 1:colcon.colcon_core.package_identification:_identify(workspace/ros_ur_driver/src/build/ur_bringup) by extension 'colcon_meta'
[1.209s] Level 1:colcon.colcon_core.package_identification:_identify(workspace/ros_ur_driver/src/build/ur_bringup) by extensions ['ros']
[1.209s] Level 1:colcon.colcon_core.package_identification:_identify(workspace/ros_ur_driver/src/build/ur_bringup) by extension 'ros'
[1.209s] Level 1:colcon.colcon_core.package_identification:_identify(workspace/ros_ur_driver/src/build/ur_bringup) by extensions ['cmake', 'python']
[1.209s] Level 1:colcon.colcon_core.package_identification:_identify(workspace/ros_ur_driver/src/build/ur_bringup) by extension 'cmake'
[1.210s] Level 1:colcon.colcon_core.package_identification:_identify(workspace/ros_ur_driver/src/build/ur_bringup) by extension 'python'
[1.210s] Level 1:colcon.colcon_core.package_identification:_identify(workspace/ros_ur_driver/src/build/ur_bringup) by extensions ['python_setup_py']
[1.210s] Level 1:colcon.colcon_core.package_identification:_identify(workspace/ros_ur_driver/src/build/ur_bringup) by extension 'python_setup_py'
[1.211s] Level 1:colcon.colcon_core.package_identification:_identify(workspace/ros_ur_driver/src/build/ur_bringup/CMakeFiles) by extensions ['ignore', 'ignore_ament_install']
[1.211s] Level 1:colcon.colcon_core.package_identification:_identify(workspace/ros_ur_driver/src/build/ur_bringup/CMakeFiles) by extension 'ignore'
[1.211s] Level 1:colcon.colcon_core.package_identification:_identify(workspace/ros_ur_driver/src/build/ur_bringup/CMakeFiles) by extension 'ignore_ament_install'
[1.211s] Level 1:colcon.colcon_core.package_identification:_identify(workspace/ros_ur_driver/src/build/ur_bringup/CMakeFiles) by extensions ['colcon_pkg']
[1.211s] Level 1:colcon.colcon_core.package_identification:_identify(workspace/ros_ur_driver/src/build/ur_bringup/CMakeFiles) by extension 'colcon_pkg'
[1.211s] Level 1:colcon.colcon_core.package_identification:_identify(workspace/ros_ur_driver/src/build/ur_bringup/CMakeFiles) by extensions ['colcon_meta']
[1.211s] Level 1:colcon.colcon_core.package_identification:_identify(workspace/ros_ur_driver/src/build/ur_bringup/CMakeFiles) by extension 'colcon_meta'
[1.211s] Level 1:colcon.colcon_core.package_identification:_identify(workspace/ros_ur_driver/src/build/ur_bringup/CMakeFiles) by extensions ['ros']
[1.211s] Level 1:colcon.colcon_core.package_identification:_identify(workspace/ros_ur_driver/src/build/ur_bringup/CMakeFiles) by extension 'ros'
[1.211s] Level 1:colcon.colcon_core.package_identification:_identify(workspace/ros_ur_driver/src/build/ur_bringup/CMakeFiles) by extensions ['cmake', 'python']
[1.211s] Level 1:colcon.colcon_core.package_identification:_identify(workspace/ros_ur_driver/src/build/ur_bringup/CMakeFiles) by extension 'cmake'
[1.212s] Level 1:colcon.colcon_core.package_identification:_identify(workspace/ros_ur_driver/src/build/ur_bringup/CMakeFiles) by extension 'python'
[1.212s] Level 1:colcon.colcon_core.package_identification:_identify(workspace/ros_ur_driver/src/build/ur_bringup/CMakeFiles) by extensions ['python_setup_py']
[1.212s] Level 1:colcon.colcon_core.package_identification:_identify(workspace/ros_ur_driver/src/build/ur_bringup/CMakeFiles) by extension 'python_setup_py'
[1.212s] Level 1:colcon.colcon_core.package_identification:_identify(workspace/ros_ur_driver/src/build/ur_bringup/CMakeFiles/3.22.1) by extensions ['ignore', 'ignore_ament_install']
[1.212s] Level 1:colcon.colcon_core.package_identification:_identify(workspace/ros_ur_driver/src/build/ur_bringup/CMakeFiles/3.22.1) by extension 'ignore'
[1.212s] Level 1:colcon.colcon_core.package_identification:_identify(workspace/ros_ur_driver/src/build/ur_bringup/CMakeFiles/3.22.1) by extension 'ignore_ament_install'
[1.212s] Level 1:colcon.colcon_core.package_identification:_identify(workspace/ros_ur_driver/src/build/ur_bringup/CMakeFiles/3.22.1) by extensions ['colcon_pkg']
[1.212s] Level 1:colcon.colcon_core.package_identification:_identify(workspace/ros_ur_driver/src/build/ur_bringup/CMakeFiles/3.22.1) by extension 'colcon_pkg'
[1.212s] Level 1:colcon.colcon_core.package_identification:_identify(workspace/ros_ur_driver/src/build/ur_bringup/CMakeFiles/3.22.1) by extensions ['colcon_meta']
[1.212s] Level 1:colcon.colcon_core.package_identification:_identify(workspace/ros_ur_driver/src/build/ur_bringup/CMakeFiles/3.22.1) by extension 'colcon_meta'
[1.212s] Level 1:colcon.colcon_core.package_identification:_identify(workspace/ros_ur_driver/src/build/ur_bringup/CMakeFiles/3.22.1) by extensions ['ros']
[1.212s] Level 1:colcon.colcon_core.package_identification:_identify(workspace/ros_ur_driver/src/build/ur_bringup/CMakeFiles/3.22.1) by extension 'ros'
[1.212s] Level 1:colcon.colcon_core.package_identification:_identify(workspace/ros_ur_driver/src/build/ur_bringup/CMakeFiles/3.22.1) by extensions ['cmake', 'python']
[1.213s] Level 1:colcon.colcon_core.package_identification:_identify(workspace/ros_ur_driver/src/build/ur_bringup/CMakeFiles/3.22.1) by extension 'cmake'
[1.213s] Level 1:colcon.colcon_core.package_identification:_identify(workspace/ros_ur_driver/src/build/ur_bringup/CMakeFiles/3.22.1) by extension 'python'
[1.213s] Level 1:colcon.colcon_core.package_identification:_identify(workspace/ros_ur_driver/src/build/ur_bringup/CMakeFiles/3.22.1) by extensions ['python_setup_py']
[1.213s] Level 1:colcon.colcon_core.package_identification:_identify(workspace/ros_ur_driver/src/build/ur_bringup/CMakeFiles/3.22.1) by extension 'python_setup_py'
[1.213s] Level 1:colcon.colcon_core.package_identification:_identify(workspace/ros_ur_driver/src/build/ur_bringup/CMakeFiles/3.22.1/CompilerIdC) by extensions ['ignore', 'ignore_ament_install']
[1.213s] Level 1:colcon.colcon_core.package_identification:_identify(workspace/ros_ur_driver/src/build/ur_bringup/CMakeFiles/3.22.1/CompilerIdC) by extension 'ignore'
[1.213s] Level 1:colcon.colcon_core.package_identification:_identify(workspace/ros_ur_driver/src/build/ur_bringup/CMakeFiles/3.22.1/CompilerIdC) by extension 'ignore_ament_install'
[1.213s] Level 1:colcon.colcon_core.package_identification:_identify(workspace/ros_ur_driver/src/build/ur_bringup/CMakeFiles/3.22.1/CompilerIdC) by extensions ['colcon_pkg']
[1.213s] Level 1:colcon.colcon_core.package_identification:_identify(workspace/ros_ur_driver/src/build/ur_bringup/CMakeFiles/3.22.1/CompilerIdC) by extension 'colcon_pkg'
[1.213s] Level 1:colcon.colcon_core.package_identification:_identify(workspace/ros_ur_driver/src/build/ur_bringup/CMakeFiles/3.22.1/CompilerIdC) by extensions ['colcon_meta']
[1.213s] Level 1:colcon.colcon_core.package_identification:_identify(workspace/ros_ur_driver/src/build/ur_bringup/CMakeFiles/3.22.1/CompilerIdC) by extension 'colcon_meta'
[1.213s] Level 1:colcon.colcon_core.package_identification:_identify(workspace/ros_ur_driver/src/build/ur_bringup/CMakeFiles/3.22.1/CompilerIdC) by extensions ['ros']
[1.213s] Level 1:colcon.colcon_core.package_identification:_identify(workspace/ros_ur_driver/src/build/ur_bringup/CMakeFiles/3.22.1/CompilerIdC) by extension 'ros'
[1.213s] Level 1:colcon.colcon_core.package_identification:_identify(workspace/ros_ur_driver/src/build/ur_bringup/CMakeFiles/3.22.1/CompilerIdC) by extensions ['cmake', 'python']
[1.213s] Level 1:colcon.colcon_core.package_identification:_identify(workspace/ros_ur_driver/src/build/ur_bringup/CMakeFiles/3.22.1/CompilerIdC) by extension 'cmake'
[1.214s] Level 1:colcon.colcon_core.package_identification:_identify(workspace/ros_ur_driver/src/build/ur_bringup/CMakeFiles/3.22.1/CompilerIdC) by extension 'python'
[1.214s] Level 1:colcon.colcon_core.package_identification:_identify(workspace/ros_ur_driver/src/build/ur_bringup/CMakeFiles/3.22.1/CompilerIdC) by extensions ['python_setup_py']
[1.214s] Level 1:colcon.colcon_core.package_identification:_identify(workspace/ros_ur_driver/src/build/ur_bringup/CMakeFiles/3.22.1/CompilerIdC) by extension 'python_setup_py'
[1.214s] Level 1:colcon.colcon_core.package_identification:_identify(workspace/ros_ur_driver/src/build/ur_bringup/CMakeFiles/3.22.1/CompilerIdC/tmp) by extensions ['ignore', 'ignore_ament_install']
[1.214s] Level 1:colcon.colcon_core.package_identification:_identify(workspace/ros_ur_driver/src/build/ur_bringup/CMakeFiles/3.22.1/CompilerIdC/tmp) by extension 'ignore'
[1.219s] Level 1:colcon.colcon_core.package_identification:_identify(workspace/ros_ur_driver/src/build/ur_bringup/CMakeFiles/3.22.1/CompilerIdC/tmp) by extension 'ignore_ament_install'
[1.220s] Level 1:colcon.colcon_core.package_identification:_identify(workspace/ros_ur_driver/src/build/ur_bringup/CMakeFiles/3.22.1/CompilerIdC/tmp) by extensions ['colcon_pkg']
[1.220s] Level 1:colcon.colcon_core.package_identification:_identify(workspace/ros_ur_driver/src/build/ur_bringup/CMakeFiles/3.22.1/CompilerIdC/tmp) by extension 'colcon_pkg'
[1.223s] Level 1:colcon.colcon_core.package_identification:_identify(workspace/ros_ur_driver/src/build/ur_bringup/CMakeFiles/3.22.1/CompilerIdC/tmp) by extensions ['colcon_meta']
[1.223s] Level 1:colcon.colcon_core.package_identification:_identify(workspace/ros_ur_driver/src/build/ur_bringup/CMakeFiles/3.22.1/CompilerIdC/tmp) by extension 'colcon_meta'
[1.224s] Level 1:colcon.colcon_core.package_identification:_identify(workspace/ros_ur_driver/src/build/ur_bringup/CMakeFiles/3.22.1/CompilerIdC/tmp) by extensions ['ros']
[1.224s] Level 1:colcon.colcon_core.package_identification:_identify(workspace/ros_ur_driver/src/build/ur_bringup/CMakeFiles/3.22.1/CompilerIdC/tmp) by extension 'ros'
[1.225s] Level 1:colcon.colcon_core.package_identification:_identify(workspace/ros_ur_driver/src/build/ur_bringup/CMakeFiles/3.22.1/CompilerIdC/tmp) by extensions ['cmake', 'python']
[1.225s] Level 1:colcon.colcon_core.package_identification:_identify(workspace/ros_ur_driver/src/build/ur_bringup/CMakeFiles/3.22.1/CompilerIdC/tmp) by extension 'cmake'
[1.225s] Level 1:colcon.colcon_core.package_identification:_identify(workspace/ros_ur_driver/src/build/ur_bringup/CMakeFiles/3.22.1/CompilerIdC/tmp) by extension 'python'
[1.226s] Level 1:colcon.colcon_core.package_identification:_identify(workspace/ros_ur_driver/src/build/ur_bringup/CMakeFiles/3.22.1/CompilerIdC/tmp) by extensions ['python_setup_py']
[1.227s] Level 1:colcon.colcon_core.package_identification:_identify(workspace/ros_ur_driver/src/build/ur_bringup/CMakeFiles/3.22.1/CompilerIdC/tmp) by extension 'python_setup_py'
[1.227s] Level 1:colcon.colcon_core.package_identification:_identify(workspace/ros_ur_driver/src/build/ur_bringup/CMakeFiles/3.22.1/CompilerIdCXX) by extensions ['ignore', 'ignore_ament_install']
[1.227s] Level 1:colcon.colcon_core.package_identification:_identify(workspace/ros_ur_driver/src/build/ur_bringup/CMakeFiles/3.22.1/CompilerIdCXX) by extension 'ignore'
[1.227s] Level 1:colcon.colcon_core.package_identification:_identify(workspace/ros_ur_driver/src/build/ur_bringup/CMakeFiles/3.22.1/CompilerIdCXX) by extension 'ignore_ament_install'
[1.228s] Level 1:colcon.colcon_core.package_identification:_identify(workspace/ros_ur_driver/src/build/ur_bringup/CMakeFiles/3.22.1/CompilerIdCXX) by extensions ['colcon_pkg']
[1.228s] Level 1:colcon.colcon_core.package_identification:_identify(workspace/ros_ur_driver/src/build/ur_bringup/CMakeFiles/3.22.1/CompilerIdCXX) by extension 'colcon_pkg'
[1.228s] Level 1:colcon.colcon_core.package_identification:_identify(workspace/ros_ur_driver/src/build/ur_bringup/CMakeFiles/3.22.1/CompilerIdCXX) by extensions ['colcon_meta']
[1.228s] Level 1:colcon.colcon_core.package_identification:_identify(workspace/ros_ur_driver/src/build/ur_bringup/CMakeFiles/3.22.1/CompilerIdCXX) by extension 'colcon_meta'
[1.228s] Level 1:colcon.colcon_core.package_identification:_identify(workspace/ros_ur_driver/src/build/ur_bringup/CMakeFiles/3.22.1/CompilerIdCXX) by extensions ['ros']
[1.228s] Level 1:colcon.colcon_core.package_identification:_identify(workspace/ros_ur_driver/src/build/ur_bringup/CMakeFiles/3.22.1/CompilerIdCXX) by extension 'ros'
[1.228s] Level 1:colcon.colcon_core.package_identification:_identify(workspace/ros_ur_driver/src/build/ur_bringup/CMakeFiles/3.22.1/CompilerIdCXX) by extensions ['cmake', 'python']
[1.228s] Level 1:colcon.colcon_core.package_identification:_identify(workspace/ros_ur_driver/src/build/ur_bringup/CMakeFiles/3.22.1/CompilerIdCXX) by extension 'cmake'
[1.228s] Level 1:colcon.colcon_core.package_identification:_identify(workspace/ros_ur_driver/src/build/ur_bringup/CMakeFiles/3.22.1/CompilerIdCXX) by extension 'python'
[1.228s] Level 1:colcon.colcon_core.package_identification:_identify(workspace/ros_ur_driver/src/build/ur_bringup/CMakeFiles/3.22.1/CompilerIdCXX) by extensions ['python_setup_py']
[1.228s] Level 1:colcon.colcon_core.package_identification:_identify(workspace/ros_ur_driver/src/build/ur_bringup/CMakeFiles/3.22.1/CompilerIdCXX) by extension 'python_setup_py'
[1.228s] Level 1:colcon.colcon_core.package_identification:_identify(workspace/ros_ur_driver/src/build/ur_bringup/CMakeFiles/3.22.1/CompilerIdCXX/tmp) by extensions ['ignore', 'ignore_ament_install']
[1.229s] Level 1:colcon.colcon_core.package_identification:_identify(workspace/ros_ur_driver/src/build/ur_bringup/CMakeFiles/3.22.1/CompilerIdCXX/tmp) by extension 'ignore'
[1.229s] Level 1:colcon.colcon_core.package_identification:_identify(workspace/ros_ur_driver/src/build/ur_bringup/CMakeFiles/3.22.1/CompilerIdCXX/tmp) by extension 'ignore_ament_install'
[1.229s] Level 1:colcon.colcon_core.package_identification:_identify(workspace/ros_ur_driver/src/build/ur_bringup/CMakeFiles/3.22.1/CompilerIdCXX/tmp) by extensions ['colcon_pkg']
[1.229s] Level 1:colcon.colcon_core.package_identification:_identify(workspace/ros_ur_driver/src/build/ur_bringup/CMakeFiles/3.22.1/CompilerIdCXX/tmp) by extension 'colcon_pkg'
[1.229s] Level 1:colcon.colcon_core.package_identification:_identify(workspace/ros_ur_driver/src/build/ur_bringup/CMakeFiles/3.22.1/CompilerIdCXX/tmp) by extensions ['colcon_meta']
[1.229s] Level 1:colcon.colcon_core.package_identification:_identify(workspace/ros_ur_driver/src/build/ur_bringup/CMakeFiles/3.22.1/CompilerIdCXX/tmp) by extension 'colcon_meta'
[1.229s] Level 1:colcon.colcon_core.package_identification:_identify(workspace/ros_ur_driver/src/build/ur_bringup/CMakeFiles/3.22.1/CompilerIdCXX/tmp) by extensions ['ros']
[1.229s] Level 1:colcon.colcon_core.package_identification:_identify(workspace/ros_ur_driver/src/build/ur_bringup/CMakeFiles/3.22.1/CompilerIdCXX/tmp) by extension 'ros'
[1.229s] Level 1:colcon.colcon_core.package_identification:_identify(workspace/ros_ur_driver/src/build/ur_bringup/CMakeFiles/3.22.1/CompilerIdCXX/tmp) by extensions ['cmake', 'python']
[1.229s] Level 1:colcon.colcon_core.package_identification:_identify(workspace/ros_ur_driver/src/build/ur_bringup/CMakeFiles/3.22.1/CompilerIdCXX/tmp) by extension 'cmake'
[1.229s] Level 1:colcon.colcon_core.package_identification:_identify(workspace/ros_ur_driver/src/build/ur_bringup/CMakeFiles/3.22.1/CompilerIdCXX/tmp) by extension 'python'
[1.229s] Level 1:colcon.colcon_core.package_identification:_identify(workspace/ros_ur_driver/src/build/ur_bringup/CMakeFiles/3.22.1/CompilerIdCXX/tmp) by extensions ['python_setup_py']
[1.229s] Level 1:colcon.colcon_core.package_identification:_identify(workspace/ros_ur_driver/src/build/ur_bringup/CMakeFiles/3.22.1/CompilerIdCXX/tmp) by extension 'python_setup_py'
[1.229s] Level 1:colcon.colcon_core.package_identification:_identify(workspace/ros_ur_driver/src/build/ur_bringup/CMakeFiles/CMakeTmp) by extensions ['ignore', 'ignore_ament_install']
[1.236s] Level 1:colcon.colcon_core.package_identification:_identify(workspace/ros_ur_driver/src/build/ur_bringup/CMakeFiles/CMakeTmp) by extension 'ignore'
[1.237s] Level 1:colcon.colcon_core.package_identification:_identify(workspace/ros_ur_driver/src/build/ur_bringup/CMakeFiles/CMakeTmp) by extension 'ignore_ament_install'
[1.237s] Level 1:colcon.colcon_core.package_identification:_identify(workspace/ros_ur_driver/src/build/ur_bringup/CMakeFiles/CMakeTmp) by extensions ['colcon_pkg']
[1.237s] Level 1:colcon.colcon_core.package_identification:_identify(workspace/ros_ur_driver/src/build/ur_bringup/CMakeFiles/CMakeTmp) by extension 'colcon_pkg'
[1.237s] Level 1:colcon.colcon_core.package_identification:_identify(workspace/ros_ur_driver/src/build/ur_bringup/CMakeFiles/CMakeTmp) by extensions ['colcon_meta']
[1.237s] Level 1:colcon.colcon_core.package_identification:_identify(workspace/ros_ur_driver/src/build/ur_bringup/CMakeFiles/CMakeTmp) by extension 'colcon_meta'
[1.237s] Level 1:colcon.colcon_core.package_identification:_identify(workspace/ros_ur_driver/src/build/ur_bringup/CMakeFiles/CMakeTmp) by extensions ['ros']
[1.237s] Level 1:colcon.colcon_core.package_identification:_identify(workspace/ros_ur_driver/src/build/ur_bringup/CMakeFiles/CMakeTmp) by extension 'ros'
[1.237s] Level 1:colcon.colcon_core.package_identification:_identify(workspace/ros_ur_driver/src/build/ur_bringup/CMakeFiles/CMakeTmp) by extensions ['cmake', 'python']
[1.237s] Level 1:colcon.colcon_core.package_identification:_identify(workspace/ros_ur_driver/src/build/ur_bringup/CMakeFiles/CMakeTmp) by extension 'cmake'
[1.237s] Level 1:colcon.colcon_core.package_identification:_identify(workspace/ros_ur_driver/src/build/ur_bringup/CMakeFiles/CMakeTmp) by extension 'python'
[1.237s] Level 1:colcon.colcon_core.package_identification:_identify(workspace/ros_ur_driver/src/build/ur_bringup/CMakeFiles/CMakeTmp) by extensions ['python_setup_py']
[1.237s] Level 1:colcon.colcon_core.package_identification:_identify(workspace/ros_ur_driver/src/build/ur_bringup/CMakeFiles/CMakeTmp) by extension 'python_setup_py'
[1.238s] Level 1:colcon.colcon_core.package_identification:_identify(workspace/ros_ur_driver/src/build/ur_calibration) by extensions ['ignore', 'ignore_ament_install']
[1.238s] Level 1:colcon.colcon_core.package_identification:_identify(workspace/ros_ur_driver/src/build/ur_calibration) by extension 'ignore'
[1.238s] Level 1:colcon.colcon_core.package_identification:_identify(workspace/ros_ur_driver/src/build/ur_calibration) by extension 'ignore_ament_install'
[1.238s] Level 1:colcon.colcon_core.package_identification:_identify(workspace/ros_ur_driver/src/build/ur_calibration) by extensions ['colcon_pkg']
[1.238s] Level 1:colcon.colcon_core.package_identification:_identify(workspace/ros_ur_driver/src/build/ur_calibration) by extension 'colcon_pkg'
[1.238s] Level 1:colcon.colcon_core.package_identification:_identify(workspace/ros_ur_driver/src/build/ur_calibration) by extensions ['colcon_meta']
[1.238s] Level 1:colcon.colcon_core.package_identification:_identify(workspace/ros_ur_driver/src/build/ur_calibration) by extension 'colcon_meta'
[1.242s] Level 1:colcon.colcon_core.package_identification:_identify(workspace/ros_ur_driver/src/build/ur_calibration) by extensions ['ros']
[1.245s] Level 1:colcon.colcon_core.package_identification:_identify(workspace/ros_ur_driver/src/build/ur_calibration) by extension 'ros'
[1.245s] Level 1:colcon.colcon_core.package_identification:_identify(workspace/ros_ur_driver/src/build/ur_calibration) by extensions ['cmake', 'python']
[1.245s] Level 1:colcon.colcon_core.package_identification:_identify(workspace/ros_ur_driver/src/build/ur_calibration) by extension 'cmake'
[1.245s] Level 1:colcon.colcon_core.package_identification:_identify(workspace/ros_ur_driver/src/build/ur_calibration) by extension 'python'
[1.245s] Level 1:colcon.colcon_core.package_identification:_identify(workspace/ros_ur_driver/src/build/ur_calibration) by extensions ['python_setup_py']
[1.245s] Level 1:colcon.colcon_core.package_identification:_identify(workspace/ros_ur_driver/src/build/ur_calibration) by extension 'python_setup_py'
[1.245s] Level 1:colcon.colcon_core.package_identification:_identify(workspace/ros_ur_driver/src/build/ur_calibration/CMakeFiles) by extensions ['ignore', 'ignore_ament_install']
[1.245s] Level 1:colcon.colcon_core.package_identification:_identify(workspace/ros_ur_driver/src/build/ur_calibration/CMakeFiles) by extension 'ignore'
[1.246s] Level 1:colcon.colcon_core.package_identification:_identify(workspace/ros_ur_driver/src/build/ur_calibration/CMakeFiles) by extension 'ignore_ament_install'
[1.246s] Level 1:colcon.colcon_core.package_identification:_identify(workspace/ros_ur_driver/src/build/ur_calibration/CMakeFiles) by extensions ['colcon_pkg']
[1.246s] Level 1:colcon.colcon_core.package_identification:_identify(workspace/ros_ur_driver/src/build/ur_calibration/CMakeFiles) by extension 'colcon_pkg'
[1.246s] Level 1:colcon.colcon_core.package_identification:_identify(workspace/ros_ur_driver/src/build/ur_calibration/CMakeFiles) by extensions ['colcon_meta']
[1.246s] Level 1:colcon.colcon_core.package_identification:_identify(workspace/ros_ur_driver/src/build/ur_calibration/CMakeFiles) by extension 'colcon_meta'
[1.246s] Level 1:colcon.colcon_core.package_identification:_identify(workspace/ros_ur_driver/src/build/ur_calibration/CMakeFiles) by extensions ['ros']
[1.246s] Level 1:colcon.colcon_core.package_identification:_identify(workspace/ros_ur_driver/src/build/ur_calibration/CMakeFiles) by extension 'ros'
[1.246s] Level 1:colcon.colcon_core.package_identification:_identify(workspace/ros_ur_driver/src/build/ur_calibration/CMakeFiles) by extensions ['cmake', 'python']
[1.246s] Level 1:colcon.colcon_core.package_identification:_identify(workspace/ros_ur_driver/src/build/ur_calibration/CMakeFiles) by extension 'cmake'
[1.246s] Level 1:colcon.colcon_core.package_identification:_identify(workspace/ros_ur_driver/src/build/ur_calibration/CMakeFiles) by extension 'python'
[1.252s] Level 1:colcon.colcon_core.package_identification:_identify(workspace/ros_ur_driver/src/build/ur_calibration/CMakeFiles) by extensions ['python_setup_py']
[1.252s] Level 1:colcon.colcon_core.package_identification:_identify(workspace/ros_ur_driver/src/build/ur_calibration/CMakeFiles) by extension 'python_setup_py'
[1.252s] Level 1:colcon.colcon_core.package_identification:_identify(workspace/ros_ur_driver/src/build/ur_calibration/CMakeFiles/3.22.1) by extensions ['ignore', 'ignore_ament_install']
[1.252s] Level 1:colcon.colcon_core.package_identification:_identify(workspace/ros_ur_driver/src/build/ur_calibration/CMakeFiles/3.22.1) by extension 'ignore'
[1.252s] Level 1:colcon.colcon_core.package_identification:_identify(workspace/ros_ur_driver/src/build/ur_calibration/CMakeFiles/3.22.1) by extension 'ignore_ament_install'
[1.252s] Level 1:colcon.colcon_core.package_identification:_identify(workspace/ros_ur_driver/src/build/ur_calibration/CMakeFiles/3.22.1) by extensions ['colcon_pkg']
[1.252s] Level 1:colcon.colcon_core.package_identification:_identify(workspace/ros_ur_driver/src/build/ur_calibration/CMakeFiles/3.22.1) by extension 'colcon_pkg'
[1.252s] Level 1:colcon.colcon_core.package_identification:_identify(workspace/ros_ur_driver/src/build/ur_calibration/CMakeFiles/3.22.1) by extensions ['colcon_meta']
[1.253s] Level 1:colcon.colcon_core.package_identification:_identify(workspace/ros_ur_driver/src/build/ur_calibration/CMakeFiles/3.22.1) by extension 'colcon_meta'
[1.253s] Level 1:colcon.colcon_core.package_identification:_identify(workspace/ros_ur_driver/src/build/ur_calibration/CMakeFiles/3.22.1) by extensions ['ros']
[1.253s] Level 1:colcon.colcon_core.package_identification:_identify(workspace/ros_ur_driver/src/build/ur_calibration/CMakeFiles/3.22.1) by extension 'ros'
[1.254s] Level 1:colcon.colcon_core.package_identification:_identify(workspace/ros_ur_driver/src/build/ur_calibration/CMakeFiles/3.22.1) by extensions ['cmake', 'python']
[1.254s] Level 1:colcon.colcon_core.package_identification:_identify(workspace/ros_ur_driver/src/build/ur_calibration/CMakeFiles/3.22.1) by extension 'cmake'
[1.254s] Level 1:colcon.colcon_core.package_identification:_identify(workspace/ros_ur_driver/src/build/ur_calibration/CMakeFiles/3.22.1) by extension 'python'
[1.256s] Level 1:colcon.colcon_core.package_identification:_identify(workspace/ros_ur_driver/src/build/ur_calibration/CMakeFiles/3.22.1) by extensions ['python_setup_py']
[1.256s] Level 1:colcon.colcon_core.package_identification:_identify(workspace/ros_ur_driver/src/build/ur_calibration/CMakeFiles/3.22.1) by extension 'python_setup_py'
[1.258s] Level 1:colcon.colcon_core.package_identification:_identify(workspace/ros_ur_driver/src/build/ur_calibration/CMakeFiles/3.22.1/CompilerIdC) by extensions ['ignore', 'ignore_ament_install']
[1.258s] Level 1:colcon.colcon_core.package_identification:_identify(workspace/ros_ur_driver/src/build/ur_calibration/CMakeFiles/3.22.1/CompilerIdC) by extension 'ignore'
[1.258s] Level 1:colcon.colcon_core.package_identification:_identify(workspace/ros_ur_driver/src/build/ur_calibration/CMakeFiles/3.22.1/CompilerIdC) by extension 'ignore_ament_install'
[1.258s] Level 1:colcon.colcon_core.package_identification:_identify(workspace/ros_ur_driver/src/build/ur_calibration/CMakeFiles/3.22.1/CompilerIdC) by extensions ['colcon_pkg']
[1.258s] Level 1:colcon.colcon_core.package_identification:_identify(workspace/ros_ur_driver/src/build/ur_calibration/CMakeFiles/3.22.1/CompilerIdC) by extension 'colcon_pkg'
[1.258s] Level 1:colcon.colcon_core.package_identification:_identify(workspace/ros_ur_driver/src/build/ur_calibration/CMakeFiles/3.22.1/CompilerIdC) by extensions ['colcon_meta']
[1.259s] Level 1:colcon.colcon_core.package_identification:_identify(workspace/ros_ur_driver/src/build/ur_calibration/CMakeFiles/3.22.1/CompilerIdC) by extension 'colcon_meta'
[1.259s] Level 1:colcon.colcon_core.package_identification:_identify(workspace/ros_ur_driver/src/build/ur_calibration/CMakeFiles/3.22.1/CompilerIdC) by extensions ['ros']
[1.259s] Level 1:colcon.colcon_core.package_identification:_identify(workspace/ros_ur_driver/src/build/ur_calibration/CMakeFiles/3.22.1/CompilerIdC) by extension 'ros'
[1.260s] Level 1:colcon.colcon_core.package_identification:_identify(workspace/ros_ur_driver/src/build/ur_calibration/CMakeFiles/3.22.1/CompilerIdC) by extensions ['cmake', 'python']
[1.260s] Level 1:colcon.colcon_core.package_identification:_identify(workspace/ros_ur_driver/src/build/ur_calibration/CMakeFiles/3.22.1/CompilerIdC) by extension 'cmake'
[1.260s] Level 1:colcon.colcon_core.package_identification:_identify(workspace/ros_ur_driver/src/build/ur_calibration/CMakeFiles/3.22.1/CompilerIdC) by extension 'python'
[1.260s] Level 1:colcon.colcon_core.package_identification:_identify(workspace/ros_ur_driver/src/build/ur_calibration/CMakeFiles/3.22.1/CompilerIdC) by extensions ['python_setup_py']
[1.260s] Level 1:colcon.colcon_core.package_identification:_identify(workspace/ros_ur_driver/src/build/ur_calibration/CMakeFiles/3.22.1/CompilerIdC) by extension 'python_setup_py'
[1.261s] Level 1:colcon.colcon_core.package_identification:_identify(workspace/ros_ur_driver/src/build/ur_calibration/CMakeFiles/3.22.1/CompilerIdC/tmp) by extensions ['ignore', 'ignore_ament_install']
[1.261s] Level 1:colcon.colcon_core.package_identification:_identify(workspace/ros_ur_driver/src/build/ur_calibration/CMakeFiles/3.22.1/CompilerIdC/tmp) by extension 'ignore'
[1.261s] Level 1:colcon.colcon_core.package_identification:_identify(workspace/ros_ur_driver/src/build/ur_calibration/CMakeFiles/3.22.1/CompilerIdC/tmp) by extension 'ignore_ament_install'
[1.261s] Level 1:colcon.colcon_core.package_identification:_identify(workspace/ros_ur_driver/src/build/ur_calibration/CMakeFiles/3.22.1/CompilerIdC/tmp) by extensions ['colcon_pkg']
[1.261s] Level 1:colcon.colcon_core.package_identification:_identify(workspace/ros_ur_driver/src/build/ur_calibration/CMakeFiles/3.22.1/CompilerIdC/tmp) by extension 'colcon_pkg'
[1.261s] Level 1:colcon.colcon_core.package_identification:_identify(workspace/ros_ur_driver/src/build/ur_calibration/CMakeFiles/3.22.1/CompilerIdC/tmp) by extensions ['colcon_meta']
[1.262s] Level 1:colcon.colcon_core.package_identification:_identify(workspace/ros_ur_driver/src/build/ur_calibration/CMakeFiles/3.22.1/CompilerIdC/tmp) by extension 'colcon_meta'
[1.262s] Level 1:colcon.colcon_core.package_identification:_identify(workspace/ros_ur_driver/src/build/ur_calibration/CMakeFiles/3.22.1/CompilerIdC/tmp) by extensions ['ros']
[1.262s] Level 1:colcon.colcon_core.package_identification:_identify(workspace/ros_ur_driver/src/build/ur_calibration/CMakeFiles/3.22.1/CompilerIdC/tmp) by extension 'ros'
[1.262s] Level 1:colcon.colcon_core.package_identification:_identify(workspace/ros_ur_driver/src/build/ur_calibration/CMakeFiles/3.22.1/CompilerIdC/tmp) by extensions ['cmake', 'python']
[1.262s] Level 1:colcon.colcon_core.package_identification:_identify(workspace/ros_ur_driver/src/build/ur_calibration/CMakeFiles/3.22.1/CompilerIdC/tmp) by extension 'cmake'
[1.262s] Level 1:colcon.colcon_core.package_identification:_identify(workspace/ros_ur_driver/src/build/ur_calibration/CMakeFiles/3.22.1/CompilerIdC/tmp) by extension 'python'
[1.262s] Level 1:colcon.colcon_core.package_identification:_identify(workspace/ros_ur_driver/src/build/ur_calibration/CMakeFiles/3.22.1/CompilerIdC/tmp) by extensions ['python_setup_py']
[1.262s] Level 1:colcon.colcon_core.package_identification:_identify(workspace/ros_ur_driver/src/build/ur_calibration/CMakeFiles/3.22.1/CompilerIdC/tmp) by extension 'python_setup_py'
[1.263s] Level 1:colcon.colcon_core.package_identification:_identify(workspace/ros_ur_driver/src/build/ur_calibration/CMakeFiles/3.22.1/CompilerIdCXX) by extensions ['ignore', 'ignore_ament_install']
[1.263s] Level 1:colcon.colcon_core.package_identification:_identify(workspace/ros_ur_driver/src/build/ur_calibration/CMakeFiles/3.22.1/CompilerIdCXX) by extension 'ignore'
[1.264s] Level 1:colcon.colcon_core.package_identification:_identify(workspace/ros_ur_driver/src/build/ur_calibration/CMakeFiles/3.22.1/CompilerIdCXX) by extension 'ignore_ament_install'
[1.264s] Level 1:colcon.colcon_core.package_identification:_identify(workspace/ros_ur_driver/src/build/ur_calibration/CMakeFiles/3.22.1/CompilerIdCXX) by extensions ['colcon_pkg']
[1.265s] Level 1:colcon.colcon_core.package_identification:_identify(workspace/ros_ur_driver/src/build/ur_calibration/CMakeFiles/3.22.1/CompilerIdCXX) by extension 'colcon_pkg'
[1.265s] Level 1:colcon.colcon_core.package_identification:_identify(workspace/ros_ur_driver/src/build/ur_calibration/CMakeFiles/3.22.1/CompilerIdCXX) by extensions ['colcon_meta']
[1.265s] Level 1:colcon.colcon_core.package_identification:_identify(workspace/ros_ur_driver/src/build/ur_calibration/CMakeFiles/3.22.1/CompilerIdCXX) by extension 'colcon_meta'
[1.265s] Level 1:colcon.colcon_core.package_identification:_identify(workspace/ros_ur_driver/src/build/ur_calibration/CMakeFiles/3.22.1/CompilerIdCXX) by extensions ['ros']
[1.265s] Level 1:colcon.colcon_core.package_identification:_identify(workspace/ros_ur_driver/src/build/ur_calibration/CMakeFiles/3.22.1/CompilerIdCXX) by extension 'ros'
[1.265s] Level 1:colcon.colcon_core.package_identification:_identify(workspace/ros_ur_driver/src/build/ur_calibration/CMakeFiles/3.22.1/CompilerIdCXX) by extensions ['cmake', 'python']
[1.265s] Level 1:colcon.colcon_core.package_identification:_identify(workspace/ros_ur_driver/src/build/ur_calibration/CMakeFiles/3.22.1/CompilerIdCXX) by extension 'cmake'
[1.265s] Level 1:colcon.colcon_core.package_identification:_identify(workspace/ros_ur_driver/src/build/ur_calibration/CMakeFiles/3.22.1/CompilerIdCXX) by extension 'python'
[1.265s] Level 1:colcon.colcon_core.package_identification:_identify(workspace/ros_ur_driver/src/build/ur_calibration/CMakeFiles/3.22.1/CompilerIdCXX) by extensions ['python_setup_py']
[1.265s] Level 1:colcon.colcon_core.package_identification:_identify(workspace/ros_ur_driver/src/build/ur_calibration/CMakeFiles/3.22.1/CompilerIdCXX) by extension 'python_setup_py'
[1.265s] Level 1:colcon.colcon_core.package_identification:_identify(workspace/ros_ur_driver/src/build/ur_calibration/CMakeFiles/3.22.1/CompilerIdCXX/tmp) by extensions ['ignore', 'ignore_ament_install']
[1.265s] Level 1:colcon.colcon_core.package_identification:_identify(workspace/ros_ur_driver/src/build/ur_calibration/CMakeFiles/3.22.1/CompilerIdCXX/tmp) by extension 'ignore'
[1.266s] Level 1:colcon.colcon_core.package_identification:_identify(workspace/ros_ur_driver/src/build/ur_calibration/CMakeFiles/3.22.1/CompilerIdCXX/tmp) by extension 'ignore_ament_install'
[1.266s] Level 1:colcon.colcon_core.package_identification:_identify(workspace/ros_ur_driver/src/build/ur_calibration/CMakeFiles/3.22.1/CompilerIdCXX/tmp) by extensions ['colcon_pkg']
[1.266s] Level 1:colcon.colcon_core.package_identification:_identify(workspace/ros_ur_driver/src/build/ur_calibration/CMakeFiles/3.22.1/CompilerIdCXX/tmp) by extension 'colcon_pkg'
[1.266s] Level 1:colcon.colcon_core.package_identification:_identify(workspace/ros_ur_driver/src/build/ur_calibration/CMakeFiles/3.22.1/CompilerIdCXX/tmp) by extensions ['colcon_meta']
[1.266s] Level 1:colcon.colcon_core.package_identification:_identify(workspace/ros_ur_driver/src/build/ur_calibration/CMakeFiles/3.22.1/CompilerIdCXX/tmp) by extension 'colcon_meta'
[1.266s] Level 1:colcon.colcon_core.package_identification:_identify(workspace/ros_ur_driver/src/build/ur_calibration/CMakeFiles/3.22.1/CompilerIdCXX/tmp) by extensions ['ros']
[1.266s] Level 1:colcon.colcon_core.package_identification:_identify(workspace/ros_ur_driver/src/build/ur_calibration/CMakeFiles/3.22.1/CompilerIdCXX/tmp) by extension 'ros'
[1.267s] Level 1:colcon.colcon_core.package_identification:_identify(workspace/ros_ur_driver/src/build/ur_calibration/CMakeFiles/3.22.1/CompilerIdCXX/tmp) by extensions ['cmake', 'python']
[1.268s] Level 1:colcon.colcon_core.package_identification:_identify(workspace/ros_ur_driver/src/build/ur_calibration/CMakeFiles/3.22.1/CompilerIdCXX/tmp) by extension 'cmake'
[1.268s] Level 1:colcon.colcon_core.package_identification:_identify(workspace/ros_ur_driver/src/build/ur_calibration/CMakeFiles/3.22.1/CompilerIdCXX/tmp) by extension 'python'
[1.268s] Level 1:colcon.colcon_core.package_identification:_identify(workspace/ros_ur_driver/src/build/ur_calibration/CMakeFiles/3.22.1/CompilerIdCXX/tmp) by extensions ['python_setup_py']
[1.269s] Level 1:colcon.colcon_core.package_identification:_identify(workspace/ros_ur_driver/src/build/ur_calibration/CMakeFiles/3.22.1/CompilerIdCXX/tmp) by extension 'python_setup_py'
[1.269s] Level 1:colcon.colcon_core.package_identification:_identify(workspace/ros_ur_driver/src/build/ur_calibration/CMakeFiles/CMakeTmp) by extensions ['ignore', 'ignore_ament_install']
[1.269s] Level 1:colcon.colcon_core.package_identification:_identify(workspace/ros_ur_driver/src/build/ur_calibration/CMakeFiles/CMakeTmp) by extension 'ignore'
[1.269s] Level 1:colcon.colcon_core.package_identification:_identify(workspace/ros_ur_driver/src/build/ur_calibration/CMakeFiles/CMakeTmp) by extension 'ignore_ament_install'
[1.270s] Level 1:colcon.colcon_core.package_identification:_identify(workspace/ros_ur_driver/src/build/ur_calibration/CMakeFiles/CMakeTmp) by extensions ['colcon_pkg']
[1.270s] Level 1:colcon.colcon_core.package_identification:_identify(workspace/ros_ur_driver/src/build/ur_calibration/CMakeFiles/CMakeTmp) by extension 'colcon_pkg'
[1.270s] Level 1:colcon.colcon_core.package_identification:_identify(workspace/ros_ur_driver/src/build/ur_calibration/CMakeFiles/CMakeTmp) by extensions ['colcon_meta']
[1.270s] Level 1:colcon.colcon_core.package_identification:_identify(workspace/ros_ur_driver/src/build/ur_calibration/CMakeFiles/CMakeTmp) by extension 'colcon_meta'
[1.271s] Level 1:colcon.colcon_core.package_identification:_identify(workspace/ros_ur_driver/src/build/ur_calibration/CMakeFiles/CMakeTmp) by extensions ['ros']
[1.272s] Level 1:colcon.colcon_core.package_identification:_identify(workspace/ros_ur_driver/src/build/ur_calibration/CMakeFiles/CMakeTmp) by extension 'ros'
[1.272s] Level 1:colcon.colcon_core.package_identification:_identify(workspace/ros_ur_driver/src/build/ur_calibration/CMakeFiles/CMakeTmp) by extensions ['cmake', 'python']
[1.272s] Level 1:colcon.colcon_core.package_identification:_identify(workspace/ros_ur_driver/src/build/ur_calibration/CMakeFiles/CMakeTmp) by extension 'cmake'
[1.272s] Level 1:colcon.colcon_core.package_identification:_identify(workspace/ros_ur_driver/src/build/ur_calibration/CMakeFiles/CMakeTmp) by extension 'python'
[1.272s] Level 1:colcon.colcon_core.package_identification:_identify(workspace/ros_ur_driver/src/build/ur_calibration/CMakeFiles/CMakeTmp) by extensions ['python_setup_py']
[1.273s] Level 1:colcon.colcon_core.package_identification:_identify(workspace/ros_ur_driver/src/build/ur_calibration/CMakeFiles/CMakeTmp) by extension 'python_setup_py'
[1.273s] Level 1:colcon.colcon_core.package_identification:_identify(workspace/ros_ur_driver/src/build/ur_calibration/gtest) by extensions ['ignore', 'ignore_ament_install']
[1.273s] Level 1:colcon.colcon_core.package_identification:_identify(workspace/ros_ur_driver/src/build/ur_calibration/gtest) by extension 'ignore'
[1.273s] Level 1:colcon.colcon_core.package_identification:_identify(workspace/ros_ur_driver/src/build/ur_calibration/gtest) by extension 'ignore_ament_install'
[1.273s] Level 1:colcon.colcon_core.package_identification:_identify(workspace/ros_ur_driver/src/build/ur_calibration/gtest) by extensions ['colcon_pkg']
[1.273s] Level 1:colcon.colcon_core.package_identification:_identify(workspace/ros_ur_driver/src/build/ur_calibration/gtest) by extension 'colcon_pkg'
[1.274s] Level 1:colcon.colcon_core.package_identification:_identify(workspace/ros_ur_driver/src/build/ur_calibration/gtest) by extensions ['colcon_meta']
[1.274s] Level 1:colcon.colcon_core.package_identification:_identify(workspace/ros_ur_driver/src/build/ur_calibration/gtest) by extension 'colcon_meta'
[1.274s] Level 1:colcon.colcon_core.package_identification:_identify(workspace/ros_ur_driver/src/build/ur_calibration/gtest) by extensions ['ros']
[1.274s] Level 1:colcon.colcon_core.package_identification:_identify(workspace/ros_ur_driver/src/build/ur_calibration/gtest) by extension 'ros'
[1.274s] Level 1:colcon.colcon_core.package_identification:_identify(workspace/ros_ur_driver/src/build/ur_calibration/gtest) by extensions ['cmake', 'python']
[1.274s] Level 1:colcon.colcon_core.package_identification:_identify(workspace/ros_ur_driver/src/build/ur_calibration/gtest) by extension 'cmake'
[1.274s] Level 1:colcon.colcon_core.package_identification:_identify(workspace/ros_ur_driver/src/build/ur_calibration/gtest) by extension 'python'
[1.274s] Level 1:colcon.colcon_core.package_identification:_identify(workspace/ros_ur_driver/src/build/ur_calibration/gtest) by extensions ['python_setup_py']
[1.274s] Level 1:colcon.colcon_core.package_identification:_identify(workspace/ros_ur_driver/src/build/ur_calibration/gtest) by extension 'python_setup_py'
[1.274s] Level 1:colcon.colcon_core.package_identification:_identify(workspace/ros_ur_driver/src/build/ur_calibration/gtest/CMakeFiles) by extensions ['ignore', 'ignore_ament_install']
[1.274s] Level 1:colcon.colcon_core.package_identification:_identify(workspace/ros_ur_driver/src/build/ur_calibration/gtest/CMakeFiles) by extension 'ignore'
[1.274s] Level 1:colcon.colcon_core.package_identification:_identify(workspace/ros_ur_driver/src/build/ur_calibration/gtest/CMakeFiles) by extension 'ignore_ament_install'
[1.275s] Level 1:colcon.colcon_core.package_identification:_identify(workspace/ros_ur_driver/src/build/ur_calibration/gtest/CMakeFiles) by extensions ['colcon_pkg']
[1.275s] Level 1:colcon.colcon_core.package_identification:_identify(workspace/ros_ur_driver/src/build/ur_calibration/gtest/CMakeFiles) by extension 'colcon_pkg'
[1.275s] Level 1:colcon.colcon_core.package_identification:_identify(workspace/ros_ur_driver/src/build/ur_calibration/gtest/CMakeFiles) by extensions ['colcon_meta']
[1.275s] Level 1:colcon.colcon_core.package_identification:_identify(workspace/ros_ur_driver/src/build/ur_calibration/gtest/CMakeFiles) by extension 'colcon_meta'
[1.276s] Level 1:colcon.colcon_core.package_identification:_identify(workspace/ros_ur_driver/src/build/ur_calibration/gtest/CMakeFiles) by extensions ['ros']
[1.276s] Level 1:colcon.colcon_core.package_identification:_identify(workspace/ros_ur_driver/src/build/ur_calibration/gtest/CMakeFiles) by extension 'ros'
[1.277s] Level 1:colcon.colcon_core.package_identification:_identify(workspace/ros_ur_driver/src/build/ur_calibration/gtest/CMakeFiles) by extensions ['cmake', 'python']
[1.278s] Level 1:colcon.colcon_core.package_identification:_identify(workspace/ros_ur_driver/src/build/ur_calibration/gtest/CMakeFiles) by extension 'cmake'
[1.278s] Level 1:colcon.colcon_core.package_identification:_identify(workspace/ros_ur_driver/src/build/ur_calibration/gtest/CMakeFiles) by extension 'python'
[1.278s] Level 1:colcon.colcon_core.package_identification:_identify(workspace/ros_ur_driver/src/build/ur_calibration/gtest/CMakeFiles) by extensions ['python_setup_py']
[1.278s] Level 1:colcon.colcon_core.package_identification:_identify(workspace/ros_ur_driver/src/build/ur_calibration/gtest/CMakeFiles) by extension 'python_setup_py'
[1.278s] Level 1:colcon.colcon_core.package_identification:_identify(workspace/ros_ur_driver/src/build/ur_calibration/gtest/CMakeFiles/gtest.dir) by extensions ['ignore', 'ignore_ament_install']
[1.279s] Level 1:colcon.colcon_core.package_identification:_identify(workspace/ros_ur_driver/src/build/ur_calibration/gtest/CMakeFiles/gtest.dir) by extension 'ignore'
[1.279s] Level 1:colcon.colcon_core.package_identification:_identify(workspace/ros_ur_driver/src/build/ur_calibration/gtest/CMakeFiles/gtest.dir) by extension 'ignore_ament_install'
[1.279s] Level 1:colcon.colcon_core.package_identification:_identify(workspace/ros_ur_driver/src/build/ur_calibration/gtest/CMakeFiles/gtest.dir) by extensions ['colcon_pkg']
[1.279s] Level 1:colcon.colcon_core.package_identification:_identify(workspace/ros_ur_driver/src/build/ur_calibration/gtest/CMakeFiles/gtest.dir) by extension 'colcon_pkg'
[1.279s] Level 1:colcon.colcon_core.package_identification:_identify(workspace/ros_ur_driver/src/build/ur_calibration/gtest/CMakeFiles/gtest.dir) by extensions ['colcon_meta']
[1.279s] Level 1:colcon.colcon_core.package_identification:_identify(workspace/ros_ur_driver/src/build/ur_calibration/gtest/CMakeFiles/gtest.dir) by extension 'colcon_meta'
[1.279s] Level 1:colcon.colcon_core.package_identification:_identify(workspace/ros_ur_driver/src/build/ur_calibration/gtest/CMakeFiles/gtest.dir) by extensions ['ros']
[1.279s] Level 1:colcon.colcon_core.package_identification:_identify(workspace/ros_ur_driver/src/build/ur_calibration/gtest/CMakeFiles/gtest.dir) by extension 'ros'
[1.279s] Level 1:colcon.colcon_core.package_identification:_identify(workspace/ros_ur_driver/src/build/ur_calibration/gtest/CMakeFiles/gtest.dir) by extensions ['cmake', 'python']
[1.279s] Level 1:colcon.colcon_core.package_identification:_identify(workspace/ros_ur_driver/src/build/ur_calibration/gtest/CMakeFiles/gtest.dir) by extension 'cmake'
[1.279s] Level 1:colcon.colcon_core.package_identification:_identify(workspace/ros_ur_driver/src/build/ur_calibration/gtest/CMakeFiles/gtest.dir) by extension 'python'
[1.279s] Level 1:colcon.colcon_core.package_identification:_identify(workspace/ros_ur_driver/src/build/ur_calibration/gtest/CMakeFiles/gtest.dir) by extensions ['python_setup_py']
[1.280s] Level 1:colcon.colcon_core.package_identification:_identify(workspace/ros_ur_driver/src/build/ur_calibration/gtest/CMakeFiles/gtest.dir) by extension 'python_setup_py'
[1.280s] Level 1:colcon.colcon_core.package_identification:_identify(workspace/ros_ur_driver/src/build/ur_calibration/gtest/CMakeFiles/gtest.dir/src) by extensions ['ignore', 'ignore_ament_install']
[1.280s] Level 1:colcon.colcon_core.package_identification:_identify(workspace/ros_ur_driver/src/build/ur_calibration/gtest/CMakeFiles/gtest.dir/src) by extension 'ignore'
[1.281s] Level 1:colcon.colcon_core.package_identification:_identify(workspace/ros_ur_driver/src/build/ur_calibration/gtest/CMakeFiles/gtest.dir/src) by extension 'ignore_ament_install'
[1.281s] Level 1:colcon.colcon_core.package_identification:_identify(workspace/ros_ur_driver/src/build/ur_calibration/gtest/CMakeFiles/gtest.dir/src) by extensions ['colcon_pkg']
[1.281s] Level 1:colcon.colcon_core.package_identification:_identify(workspace/ros_ur_driver/src/build/ur_calibration/gtest/CMakeFiles/gtest.dir/src) by extension 'colcon_pkg'
[1.281s] Level 1:colcon.colcon_core.package_identification:_identify(workspace/ros_ur_driver/src/build/ur_calibration/gtest/CMakeFiles/gtest.dir/src) by extensions ['colcon_meta']
[1.281s] Level 1:colcon.colcon_core.package_identification:_identify(workspace/ros_ur_driver/src/build/ur_calibration/gtest/CMakeFiles/gtest.dir/src) by extension 'colcon_meta'
[1.282s] Level 1:colcon.colcon_core.package_identification:_identify(workspace/ros_ur_driver/src/build/ur_calibration/gtest/CMakeFiles/gtest.dir/src) by extensions ['ros']
[1.282s] Level 1:colcon.colcon_core.package_identification:_identify(workspace/ros_ur_driver/src/build/ur_calibration/gtest/CMakeFiles/gtest.dir/src) by extension 'ros'
[1.282s] Level 1:colcon.colcon_core.package_identification:_identify(workspace/ros_ur_driver/src/build/ur_calibration/gtest/CMakeFiles/gtest.dir/src) by extensions ['cmake', 'python']
[1.282s] Level 1:colcon.colcon_core.package_identification:_identify(workspace/ros_ur_driver/src/build/ur_calibration/gtest/CMakeFiles/gtest.dir/src) by extension 'cmake'
[1.282s] Level 1:colcon.colcon_core.package_identification:_identify(workspace/ros_ur_driver/src/build/ur_calibration/gtest/CMakeFiles/gtest.dir/src) by extension 'python'
[1.282s] Level 1:colcon.colcon_core.package_identification:_identify(workspace/ros_ur_driver/src/build/ur_calibration/gtest/CMakeFiles/gtest.dir/src) by extensions ['python_setup_py']
[1.282s] Level 1:colcon.colcon_core.package_identification:_identify(workspace/ros_ur_driver/src/build/ur_calibration/gtest/CMakeFiles/gtest.dir/src) by extension 'python_setup_py'
[1.282s] Level 1:colcon.colcon_core.package_identification:_identify(workspace/ros_ur_driver/src/build/ur_calibration/gtest/CMakeFiles/gtest_main.dir) by extensions ['ignore', 'ignore_ament_install']
[1.282s] Level 1:colcon.colcon_core.package_identification:_identify(workspace/ros_ur_driver/src/build/ur_calibration/gtest/CMakeFiles/gtest_main.dir) by extension 'ignore'
[1.283s] Level 1:colcon.colcon_core.package_identification:_identify(workspace/ros_ur_driver/src/build/ur_calibration/gtest/CMakeFiles/gtest_main.dir) by extension 'ignore_ament_install'
[1.283s] Level 1:colcon.colcon_core.package_identification:_identify(workspace/ros_ur_driver/src/build/ur_calibration/gtest/CMakeFiles/gtest_main.dir) by extensions ['colcon_pkg']
[1.283s] Level 1:colcon.colcon_core.package_identification:_identify(workspace/ros_ur_driver/src/build/ur_calibration/gtest/CMakeFiles/gtest_main.dir) by extension 'colcon_pkg'
[1.283s] Level 1:colcon.colcon_core.package_identification:_identify(workspace/ros_ur_driver/src/build/ur_calibration/gtest/CMakeFiles/gtest_main.dir) by extensions ['colcon_meta']
[1.284s] Level 1:colcon.colcon_core.package_identification:_identify(workspace/ros_ur_driver/src/build/ur_calibration/gtest/CMakeFiles/gtest_main.dir) by extension 'colcon_meta'
[1.284s] Level 1:colcon.colcon_core.package_identification:_identify(workspace/ros_ur_driver/src/build/ur_calibration/gtest/CMakeFiles/gtest_main.dir) by extensions ['ros']
[1.284s] Level 1:colcon.colcon_core.package_identification:_identify(workspace/ros_ur_driver/src/build/ur_calibration/gtest/CMakeFiles/gtest_main.dir) by extension 'ros'
[1.284s] Level 1:colcon.colcon_core.package_identification:_identify(workspace/ros_ur_driver/src/build/ur_calibration/gtest/CMakeFiles/gtest_main.dir) by extensions ['cmake', 'python']
[1.285s] Level 1:colcon.colcon_core.package_identification:_identify(workspace/ros_ur_driver/src/build/ur_calibration/gtest/CMakeFiles/gtest_main.dir) by extension 'cmake'
[1.285s] Level 1:colcon.colcon_core.package_identification:_identify(workspace/ros_ur_driver/src/build/ur_calibration/gtest/CMakeFiles/gtest_main.dir) by extension 'python'
[1.285s] Level 1:colcon.colcon_core.package_identification:_identify(workspace/ros_ur_driver/src/build/ur_calibration/gtest/CMakeFiles/gtest_main.dir) by extensions ['python_setup_py']
[1.285s] Level 1:colcon.colcon_core.package_identification:_identify(workspace/ros_ur_driver/src/build/ur_calibration/gtest/CMakeFiles/gtest_main.dir) by extension 'python_setup_py'
[1.285s] Level 1:colcon.colcon_core.package_identification:_identify(workspace/ros_ur_driver/src/build/ur_calibration/gtest/CMakeFiles/gtest_main.dir/src) by extensions ['ignore', 'ignore_ament_install']
[1.285s] Level 1:colcon.colcon_core.package_identification:_identify(workspace/ros_ur_driver/src/build/ur_calibration/gtest/CMakeFiles/gtest_main.dir/src) by extension 'ignore'
[1.285s] Level 1:colcon.colcon_core.package_identification:_identify(workspace/ros_ur_driver/src/build/ur_calibration/gtest/CMakeFiles/gtest_main.dir/src) by extension 'ignore_ament_install'
[1.285s] Level 1:colcon.colcon_core.package_identification:_identify(workspace/ros_ur_driver/src/build/ur_calibration/gtest/CMakeFiles/gtest_main.dir/src) by extensions ['colcon_pkg']
[1.285s] Level 1:colcon.colcon_core.package_identification:_identify(workspace/ros_ur_driver/src/build/ur_calibration/gtest/CMakeFiles/gtest_main.dir/src) by extension 'colcon_pkg'
[1.286s] Level 1:colcon.colcon_core.package_identification:_identify(workspace/ros_ur_driver/src/build/ur_calibration/gtest/CMakeFiles/gtest_main.dir/src) by extensions ['colcon_meta']
[1.286s] Level 1:colcon.colcon_core.package_identification:_identify(workspace/ros_ur_driver/src/build/ur_calibration/gtest/CMakeFiles/gtest_main.dir/src) by extension 'colcon_meta'
[1.286s] Level 1:colcon.colcon_core.package_identification:_identify(workspace/ros_ur_driver/src/build/ur_calibration/gtest/CMakeFiles/gtest_main.dir/src) by extensions ['ros']
[1.286s] Level 1:colcon.colcon_core.package_identification:_identify(workspace/ros_ur_driver/src/build/ur_calibration/gtest/CMakeFiles/gtest_main.dir/src) by extension 'ros'
[1.286s] Level 1:colcon.colcon_core.package_identification:_identify(workspace/ros_ur_driver/src/build/ur_calibration/gtest/CMakeFiles/gtest_main.dir/src) by extensions ['cmake', 'python']
[1.287s] Level 1:colcon.colcon_core.package_identification:_identify(workspace/ros_ur_driver/src/build/ur_calibration/gtest/CMakeFiles/gtest_main.dir/src) by extension 'cmake'
[1.287s] Level 1:colcon.colcon_core.package_identification:_identify(workspace/ros_ur_driver/src/build/ur_calibration/gtest/CMakeFiles/gtest_main.dir/src) by extension 'python'
[1.287s] Level 1:colcon.colcon_core.package_identification:_identify(workspace/ros_ur_driver/src/build/ur_calibration/gtest/CMakeFiles/gtest_main.dir/src) by extensions ['python_setup_py']
[1.287s] Level 1:colcon.colcon_core.package_identification:_identify(workspace/ros_ur_driver/src/build/ur_calibration/gtest/CMakeFiles/gtest_main.dir/src) by extension 'python_setup_py'
[1.287s] Level 1:colcon.colcon_core.package_identification:_identify(workspace/ros_ur_driver/src/build/ur_controllers) by extensions ['ignore', 'ignore_ament_install']
[1.287s] Level 1:colcon.colcon_core.package_identification:_identify(workspace/ros_ur_driver/src/build/ur_controllers) by extension 'ignore'
[1.288s] Level 1:colcon.colcon_core.package_identification:_identify(workspace/ros_ur_driver/src/build/ur_controllers) by extension 'ignore_ament_install'
[1.288s] Level 1:colcon.colcon_core.package_identification:_identify(workspace/ros_ur_driver/src/build/ur_controllers) by extensions ['colcon_pkg']
[1.288s] Level 1:colcon.colcon_core.package_identification:_identify(workspace/ros_ur_driver/src/build/ur_controllers) by extension 'colcon_pkg'
[1.288s] Level 1:colcon.colcon_core.package_identification:_identify(workspace/ros_ur_driver/src/build/ur_controllers) by extensions ['colcon_meta']
[1.288s] Level 1:colcon.colcon_core.package_identification:_identify(workspace/ros_ur_driver/src/build/ur_controllers) by extension 'colcon_meta'
[1.288s] Level 1:colcon.colcon_core.package_identification:_identify(workspace/ros_ur_driver/src/build/ur_controllers) by extensions ['ros']
[1.289s] Level 1:colcon.colcon_core.package_identification:_identify(workspace/ros_ur_driver/src/build/ur_controllers) by extension 'ros'
[1.289s] Level 1:colcon.colcon_core.package_identification:_identify(workspace/ros_ur_driver/src/build/ur_controllers) by extensions ['cmake', 'python']
[1.289s] Level 1:colcon.colcon_core.package_identification:_identify(workspace/ros_ur_driver/src/build/ur_controllers) by extension 'cmake'
[1.289s] Level 1:colcon.colcon_core.package_identification:_identify(workspace/ros_ur_driver/src/build/ur_controllers) by extension 'python'
[1.289s] Level 1:colcon.colcon_core.package_identification:_identify(workspace/ros_ur_driver/src/build/ur_controllers) by extensions ['python_setup_py']
[1.289s] Level 1:colcon.colcon_core.package_identification:_identify(workspace/ros_ur_driver/src/build/ur_controllers) by extension 'python_setup_py'
[1.290s] Level 1:colcon.colcon_core.package_identification:_identify(workspace/ros_ur_driver/src/build/ur_controllers/CMakeFiles) by extensions ['ignore', 'ignore_ament_install']
[1.290s] Level 1:colcon.colcon_core.package_identification:_identify(workspace/ros_ur_driver/src/build/ur_controllers/CMakeFiles) by extension 'ignore'
[1.291s] Level 1:colcon.colcon_core.package_identification:_identify(workspace/ros_ur_driver/src/build/ur_controllers/CMakeFiles) by extension 'ignore_ament_install'
[1.291s] Level 1:colcon.colcon_core.package_identification:_identify(workspace/ros_ur_driver/src/build/ur_controllers/CMakeFiles) by extensions ['colcon_pkg']
[1.291s] Level 1:colcon.colcon_core.package_identification:_identify(workspace/ros_ur_driver/src/build/ur_controllers/CMakeFiles) by extension 'colcon_pkg'
[1.292s] Level 1:colcon.colcon_core.package_identification:_identify(workspace/ros_ur_driver/src/build/ur_controllers/CMakeFiles) by extensions ['colcon_meta']
[1.292s] Level 1:colcon.colcon_core.package_identification:_identify(workspace/ros_ur_driver/src/build/ur_controllers/CMakeFiles) by extension 'colcon_meta'
[1.292s] Level 1:colcon.colcon_core.package_identification:_identify(workspace/ros_ur_driver/src/build/ur_controllers/CMakeFiles) by extensions ['ros']
[1.292s] Level 1:colcon.colcon_core.package_identification:_identify(workspace/ros_ur_driver/src/build/ur_controllers/CMakeFiles) by extension 'ros'
[1.292s] Level 1:colcon.colcon_core.package_identification:_identify(workspace/ros_ur_driver/src/build/ur_controllers/CMakeFiles) by extensions ['cmake', 'python']
[1.292s] Level 1:colcon.colcon_core.package_identification:_identify(workspace/ros_ur_driver/src/build/ur_controllers/CMakeFiles) by extension 'cmake'
[1.292s] Level 1:colcon.colcon_core.package_identification:_identify(workspace/ros_ur_driver/src/build/ur_controllers/CMakeFiles) by extension 'python'
[1.292s] Level 1:colcon.colcon_core.package_identification:_identify(workspace/ros_ur_driver/src/build/ur_controllers/CMakeFiles) by extensions ['python_setup_py']
[1.293s] Level 1:colcon.colcon_core.package_identification:_identify(workspace/ros_ur_driver/src/build/ur_controllers/CMakeFiles) by extension 'python_setup_py'
[1.293s] Level 1:colcon.colcon_core.package_identification:_identify(workspace/ros_ur_driver/src/build/ur_controllers/CMakeFiles/3.22.1) by extensions ['ignore', 'ignore_ament_install']
[1.293s] Level 1:colcon.colcon_core.package_identification:_identify(workspace/ros_ur_driver/src/build/ur_controllers/CMakeFiles/3.22.1) by extension 'ignore'
[1.293s] Level 1:colcon.colcon_core.package_identification:_identify(workspace/ros_ur_driver/src/build/ur_controllers/CMakeFiles/3.22.1) by extension 'ignore_ament_install'
[1.293s] Level 1:colcon.colcon_core.package_identification:_identify(workspace/ros_ur_driver/src/build/ur_controllers/CMakeFiles/3.22.1) by extensions ['colcon_pkg']
[1.293s] Level 1:colcon.colcon_core.package_identification:_identify(workspace/ros_ur_driver/src/build/ur_controllers/CMakeFiles/3.22.1) by extension 'colcon_pkg'
[1.294s] Level 1:colcon.colcon_core.package_identification:_identify(workspace/ros_ur_driver/src/build/ur_controllers/CMakeFiles/3.22.1) by extensions ['colcon_meta']
[1.294s] Level 1:colcon.colcon_core.package_identification:_identify(workspace/ros_ur_driver/src/build/ur_controllers/CMakeFiles/3.22.1) by extension 'colcon_meta'
[1.294s] Level 1:colcon.colcon_core.package_identification:_identify(workspace/ros_ur_driver/src/build/ur_controllers/CMakeFiles/3.22.1) by extensions ['ros']
[1.294s] Level 1:colcon.colcon_core.package_identification:_identify(workspace/ros_ur_driver/src/build/ur_controllers/CMakeFiles/3.22.1) by extension 'ros'
[1.295s] Level 1:colcon.colcon_core.package_identification:_identify(workspace/ros_ur_driver/src/build/ur_controllers/CMakeFiles/3.22.1) by extensions ['cmake', 'python']
[1.295s] Level 1:colcon.colcon_core.package_identification:_identify(workspace/ros_ur_driver/src/build/ur_controllers/CMakeFiles/3.22.1) by extension 'cmake'
[1.295s] Level 1:colcon.colcon_core.package_identification:_identify(workspace/ros_ur_driver/src/build/ur_controllers/CMakeFiles/3.22.1) by extension 'python'
[1.295s] Level 1:colcon.colcon_core.package_identification:_identify(workspace/ros_ur_driver/src/build/ur_controllers/CMakeFiles/3.22.1) by extensions ['python_setup_py']
[1.295s] Level 1:colcon.colcon_core.package_identification:_identify(workspace/ros_ur_driver/src/build/ur_controllers/CMakeFiles/3.22.1) by extension 'python_setup_py'
[1.296s] Level 1:colcon.colcon_core.package_identification:_identify(workspace/ros_ur_driver/src/build/ur_controllers/CMakeFiles/3.22.1/CompilerIdC) by extensions ['ignore', 'ignore_ament_install']
[1.296s] Level 1:colcon.colcon_core.package_identification:_identify(workspace/ros_ur_driver/src/build/ur_controllers/CMakeFiles/3.22.1/CompilerIdC) by extension 'ignore'
[1.296s] Level 1:colcon.colcon_core.package_identification:_identify(workspace/ros_ur_driver/src/build/ur_controllers/CMakeFiles/3.22.1/CompilerIdC) by extension 'ignore_ament_install'
[1.296s] Level 1:colcon.colcon_core.package_identification:_identify(workspace/ros_ur_driver/src/build/ur_controllers/CMakeFiles/3.22.1/CompilerIdC) by extensions ['colcon_pkg']
[1.296s] Level 1:colcon.colcon_core.package_identification:_identify(workspace/ros_ur_driver/src/build/ur_controllers/CMakeFiles/3.22.1/CompilerIdC) by extension 'colcon_pkg'
[1.296s] Level 1:colcon.colcon_core.package_identification:_identify(workspace/ros_ur_driver/src/build/ur_controllers/CMakeFiles/3.22.1/CompilerIdC) by extensions ['colcon_meta']
[1.296s] Level 1:colcon.colcon_core.package_identification:_identify(workspace/ros_ur_driver/src/build/ur_controllers/CMakeFiles/3.22.1/CompilerIdC) by extension 'colcon_meta'
[1.297s] Level 1:colcon.colcon_core.package_identification:_identify(workspace/ros_ur_driver/src/build/ur_controllers/CMakeFiles/3.22.1/CompilerIdC) by extensions ['ros']
[1.297s] Level 1:colcon.colcon_core.package_identification:_identify(workspace/ros_ur_driver/src/build/ur_controllers/CMakeFiles/3.22.1/CompilerIdC) by extension 'ros'
[1.297s] Level 1:colcon.colcon_core.package_identification:_identify(workspace/ros_ur_driver/src/build/ur_controllers/CMakeFiles/3.22.1/CompilerIdC) by extensions ['cmake', 'python']
[1.297s] Level 1:colcon.colcon_core.package_identification:_identify(workspace/ros_ur_driver/src/build/ur_controllers/CMakeFiles/3.22.1/CompilerIdC) by extension 'cmake'
[1.297s] Level 1:colcon.colcon_core.package_identification:_identify(workspace/ros_ur_driver/src/build/ur_controllers/CMakeFiles/3.22.1/CompilerIdC) by extension 'python'
[1.297s] Level 1:colcon.colcon_core.package_identification:_identify(workspace/ros_ur_driver/src/build/ur_controllers/CMakeFiles/3.22.1/CompilerIdC) by extensions ['python_setup_py']
[1.297s] Level 1:colcon.colcon_core.package_identification:_identify(workspace/ros_ur_driver/src/build/ur_controllers/CMakeFiles/3.22.1/CompilerIdC) by extension 'python_setup_py'
[1.298s] Level 1:colcon.colcon_core.package_identification:_identify(workspace/ros_ur_driver/src/build/ur_controllers/CMakeFiles/3.22.1/CompilerIdC/tmp) by extensions ['ignore', 'ignore_ament_install']
[1.298s] Level 1:colcon.colcon_core.package_identification:_identify(workspace/ros_ur_driver/src/build/ur_controllers/CMakeFiles/3.22.1/CompilerIdC/tmp) by extension 'ignore'
[1.298s] Level 1:colcon.colcon_core.package_identification:_identify(workspace/ros_ur_driver/src/build/ur_controllers/CMakeFiles/3.22.1/CompilerIdC/tmp) by extension 'ignore_ament_install'
[1.298s] Level 1:colcon.colcon_core.package_identification:_identify(workspace/ros_ur_driver/src/build/ur_controllers/CMakeFiles/3.22.1/CompilerIdC/tmp) by extensions ['colcon_pkg']
[1.299s] Level 1:colcon.colcon_core.package_identification:_identify(workspace/ros_ur_driver/src/build/ur_controllers/CMakeFiles/3.22.1/CompilerIdC/tmp) by extension 'colcon_pkg'
[1.299s] Level 1:colcon.colcon_core.package_identification:_identify(workspace/ros_ur_driver/src/build/ur_controllers/CMakeFiles/3.22.1/CompilerIdC/tmp) by extensions ['colcon_meta']
[1.299s] Level 1:colcon.colcon_core.package_identification:_identify(workspace/ros_ur_driver/src/build/ur_controllers/CMakeFiles/3.22.1/CompilerIdC/tmp) by extension 'colcon_meta'
[1.299s] Level 1:colcon.colcon_core.package_identification:_identify(workspace/ros_ur_driver/src/build/ur_controllers/CMakeFiles/3.22.1/CompilerIdC/tmp) by extensions ['ros']
[1.299s] Level 1:colcon.colcon_core.package_identification:_identify(workspace/ros_ur_driver/src/build/ur_controllers/CMakeFiles/3.22.1/CompilerIdC/tmp) by extension 'ros'
[1.299s] Level 1:colcon.colcon_core.package_identification:_identify(workspace/ros_ur_driver/src/build/ur_controllers/CMakeFiles/3.22.1/CompilerIdC/tmp) by extensions ['cmake', 'python']
[1.299s] Level 1:colcon.colcon_core.package_identification:_identify(workspace/ros_ur_driver/src/build/ur_controllers/CMakeFiles/3.22.1/CompilerIdC/tmp) by extension 'cmake'
[1.300s] Level 1:colcon.colcon_core.package_identification:_identify(workspace/ros_ur_driver/src/build/ur_controllers/CMakeFiles/3.22.1/CompilerIdC/tmp) by extension 'python'
[1.300s] Level 1:colcon.colcon_core.package_identification:_identify(workspace/ros_ur_driver/src/build/ur_controllers/CMakeFiles/3.22.1/CompilerIdC/tmp) by extensions ['python_setup_py']
[1.300s] Level 1:colcon.colcon_core.package_identification:_identify(workspace/ros_ur_driver/src/build/ur_controllers/CMakeFiles/3.22.1/CompilerIdC/tmp) by extension 'python_setup_py'
[1.300s] Level 1:colcon.colcon_core.package_identification:_identify(workspace/ros_ur_driver/src/build/ur_controllers/CMakeFiles/3.22.1/CompilerIdCXX) by extensions ['ignore', 'ignore_ament_install']
[1.300s] Level 1:colcon.colcon_core.package_identification:_identify(workspace/ros_ur_driver/src/build/ur_controllers/CMakeFiles/3.22.1/CompilerIdCXX) by extension 'ignore'
[1.300s] Level 1:colcon.colcon_core.package_identification:_identify(workspace/ros_ur_driver/src/build/ur_controllers/CMakeFiles/3.22.1/CompilerIdCXX) by extension 'ignore_ament_install'
[1.301s] Level 1:colcon.colcon_core.package_identification:_identify(workspace/ros_ur_driver/src/build/ur_controllers/CMakeFiles/3.22.1/CompilerIdCXX) by extensions ['colcon_pkg']
[1.301s] Level 1:colcon.colcon_core.package_identification:_identify(workspace/ros_ur_driver/src/build/ur_controllers/CMakeFiles/3.22.1/CompilerIdCXX) by extension 'colcon_pkg'
[1.301s] Level 1:colcon.colcon_core.package_identification:_identify(workspace/ros_ur_driver/src/build/ur_controllers/CMakeFiles/3.22.1/CompilerIdCXX) by extensions ['colcon_meta']
[1.301s] Level 1:colcon.colcon_core.package_identification:_identify(workspace/ros_ur_driver/src/build/ur_controllers/CMakeFiles/3.22.1/CompilerIdCXX) by extension 'colcon_meta'
[1.301s] Level 1:colcon.colcon_core.package_identification:_identify(workspace/ros_ur_driver/src/build/ur_controllers/CMakeFiles/3.22.1/CompilerIdCXX) by extensions ['ros']
[1.301s] Level 1:colcon.colcon_core.package_identification:_identify(workspace/ros_ur_driver/src/build/ur_controllers/CMakeFiles/3.22.1/CompilerIdCXX) by extension 'ros'
[1.302s] Level 1:colcon.colcon_core.package_identification:_identify(workspace/ros_ur_driver/src/build/ur_controllers/CMakeFiles/3.22.1/CompilerIdCXX) by extensions ['cmake', 'python']
[1.302s] Level 1:colcon.colcon_core.package_identification:_identify(workspace/ros_ur_driver/src/build/ur_controllers/CMakeFiles/3.22.1/CompilerIdCXX) by extension 'cmake'
[1.302s] Level 1:colcon.colcon_core.package_identification:_identify(workspace/ros_ur_driver/src/build/ur_controllers/CMakeFiles/3.22.1/CompilerIdCXX) by extension 'python'
[1.302s] Level 1:colcon.colcon_core.package_identification:_identify(workspace/ros_ur_driver/src/build/ur_controllers/CMakeFiles/3.22.1/CompilerIdCXX) by extensions ['python_setup_py']
[1.302s] Level 1:colcon.colcon_core.package_identification:_identify(workspace/ros_ur_driver/src/build/ur_controllers/CMakeFiles/3.22.1/CompilerIdCXX) by extension 'python_setup_py'
[1.302s] Level 1:colcon.colcon_core.package_identification:_identify(workspace/ros_ur_driver/src/build/ur_controllers/CMakeFiles/3.22.1/CompilerIdCXX/tmp) by extensions ['ignore', 'ignore_ament_install']
[1.303s] Level 1:colcon.colcon_core.package_identification:_identify(workspace/ros_ur_driver/src/build/ur_controllers/CMakeFiles/3.22.1/CompilerIdCXX/tmp) by extension 'ignore'
[1.303s] Level 1:colcon.colcon_core.package_identification:_identify(workspace/ros_ur_driver/src/build/ur_controllers/CMakeFiles/3.22.1/CompilerIdCXX/tmp) by extension 'ignore_ament_install'
[1.303s] Level 1:colcon.colcon_core.package_identification:_identify(workspace/ros_ur_driver/src/build/ur_controllers/CMakeFiles/3.22.1/CompilerIdCXX/tmp) by extensions ['colcon_pkg']
[1.303s] Level 1:colcon.colcon_core.package_identification:_identify(workspace/ros_ur_driver/src/build/ur_controllers/CMakeFiles/3.22.1/CompilerIdCXX/tmp) by extension 'colcon_pkg'
[1.303s] Level 1:colcon.colcon_core.package_identification:_identify(workspace/ros_ur_driver/src/build/ur_controllers/CMakeFiles/3.22.1/CompilerIdCXX/tmp) by extensions ['colcon_meta']
[1.303s] Level 1:colcon.colcon_core.package_identification:_identify(workspace/ros_ur_driver/src/build/ur_controllers/CMakeFiles/3.22.1/CompilerIdCXX/tmp) by extension 'colcon_meta'
[1.303s] Level 1:colcon.colcon_core.package_identification:_identify(workspace/ros_ur_driver/src/build/ur_controllers/CMakeFiles/3.22.1/CompilerIdCXX/tmp) by extensions ['ros']
[1.303s] Level 1:colcon.colcon_core.package_identification:_identify(workspace/ros_ur_driver/src/build/ur_controllers/CMakeFiles/3.22.1/CompilerIdCXX/tmp) by extension 'ros'
[1.303s] Level 1:colcon.colcon_core.package_identification:_identify(workspace/ros_ur_driver/src/build/ur_controllers/CMakeFiles/3.22.1/CompilerIdCXX/tmp) by extensions ['cmake', 'python']
[1.303s] Level 1:colcon.colcon_core.package_identification:_identify(workspace/ros_ur_driver/src/build/ur_controllers/CMakeFiles/3.22.1/CompilerIdCXX/tmp) by extension 'cmake'
[1.303s] Level 1:colcon.colcon_core.package_identification:_identify(workspace/ros_ur_driver/src/build/ur_controllers/CMakeFiles/3.22.1/CompilerIdCXX/tmp) by extension 'python'
[1.304s] Level 1:colcon.colcon_core.package_identification:_identify(workspace/ros_ur_driver/src/build/ur_controllers/CMakeFiles/3.22.1/CompilerIdCXX/tmp) by extensions ['python_setup_py']
[1.304s] Level 1:colcon.colcon_core.package_identification:_identify(workspace/ros_ur_driver/src/build/ur_controllers/CMakeFiles/3.22.1/CompilerIdCXX/tmp) by extension 'python_setup_py'
[1.304s] Level 1:colcon.colcon_core.package_identification:_identify(workspace/ros_ur_driver/src/build/ur_controllers/CMakeFiles/CMakeTmp) by extensions ['ignore', 'ignore_ament_install']
[1.304s] Level 1:colcon.colcon_core.package_identification:_identify(workspace/ros_ur_driver/src/build/ur_controllers/CMakeFiles/CMakeTmp) by extension 'ignore'
[1.304s] Level 1:colcon.colcon_core.package_identification:_identify(workspace/ros_ur_driver/src/build/ur_controllers/CMakeFiles/CMakeTmp) by extension 'ignore_ament_install'
[1.305s] Level 1:colcon.colcon_core.package_identification:_identify(workspace/ros_ur_driver/src/build/ur_controllers/CMakeFiles/CMakeTmp) by extensions ['colcon_pkg']
[1.305s] Level 1:colcon.colcon_core.package_identification:_identify(workspace/ros_ur_driver/src/build/ur_controllers/CMakeFiles/CMakeTmp) by extension 'colcon_pkg'
[1.305s] Level 1:colcon.colcon_core.package_identification:_identify(workspace/ros_ur_driver/src/build/ur_controllers/CMakeFiles/CMakeTmp) by extensions ['colcon_meta']
[1.305s] Level 1:colcon.colcon_core.package_identification:_identify(workspace/ros_ur_driver/src/build/ur_controllers/CMakeFiles/CMakeTmp) by extension 'colcon_meta'
[1.305s] Level 1:colcon.colcon_core.package_identification:_identify(workspace/ros_ur_driver/src/build/ur_controllers/CMakeFiles/CMakeTmp) by extensions ['ros']
[1.306s] Level 1:colcon.colcon_core.package_identification:_identify(workspace/ros_ur_driver/src/build/ur_controllers/CMakeFiles/CMakeTmp) by extension 'ros'
[1.306s] Level 1:colcon.colcon_core.package_identification:_identify(workspace/ros_ur_driver/src/build/ur_controllers/CMakeFiles/CMakeTmp) by extensions ['cmake', 'python']
[1.306s] Level 1:colcon.colcon_core.package_identification:_identify(workspace/ros_ur_driver/src/build/ur_controllers/CMakeFiles/CMakeTmp) by extension 'cmake'
[1.306s] Level 1:colcon.colcon_core.package_identification:_identify(workspace/ros_ur_driver/src/build/ur_controllers/CMakeFiles/CMakeTmp) by extension 'python'
[1.306s] Level 1:colcon.colcon_core.package_identification:_identify(workspace/ros_ur_driver/src/build/ur_controllers/CMakeFiles/CMakeTmp) by extensions ['python_setup_py']
[1.306s] Level 1:colcon.colcon_core.package_identification:_identify(workspace/ros_ur_driver/src/build/ur_controllers/CMakeFiles/CMakeTmp) by extension 'python_setup_py'
[1.306s] Level 1:colcon.colcon_core.package_identification:_identify(workspace/ros_ur_driver/src/build/ur_dashboard_msgs) by extensions ['ignore', 'ignore_ament_install']
[1.306s] Level 1:colcon.colcon_core.package_identification:_identify(workspace/ros_ur_driver/src/build/ur_dashboard_msgs) by extension 'ignore'
[1.306s] Level 1:colcon.colcon_core.package_identification:_identify(workspace/ros_ur_driver/src/build/ur_dashboard_msgs) by extension 'ignore_ament_install'
[1.306s] Level 1:colcon.colcon_core.package_identification:_identify(workspace/ros_ur_driver/src/build/ur_dashboard_msgs) by extensions ['colcon_pkg']
[1.306s] Level 1:colcon.colcon_core.package_identification:_identify(workspace/ros_ur_driver/src/build/ur_dashboard_msgs) by extension 'colcon_pkg'
[1.306s] Level 1:colcon.colcon_core.package_identification:_identify(workspace/ros_ur_driver/src/build/ur_dashboard_msgs) by extensions ['colcon_meta']
[1.306s] Level 1:colcon.colcon_core.package_identification:_identify(workspace/ros_ur_driver/src/build/ur_dashboard_msgs) by extension 'colcon_meta'
[1.307s] Level 1:colcon.colcon_core.package_identification:_identify(workspace/ros_ur_driver/src/build/ur_dashboard_msgs) by extensions ['ros']
[1.307s] Level 1:colcon.colcon_core.package_identification:_identify(workspace/ros_ur_driver/src/build/ur_dashboard_msgs) by extension 'ros'
[1.307s] Level 1:colcon.colcon_core.package_identification:_identify(workspace/ros_ur_driver/src/build/ur_dashboard_msgs) by extensions ['cmake', 'python']
[1.307s] Level 1:colcon.colcon_core.package_identification:_identify(workspace/ros_ur_driver/src/build/ur_dashboard_msgs) by extension 'cmake'
[1.307s] Level 1:colcon.colcon_core.package_identification:_identify(workspace/ros_ur_driver/src/build/ur_dashboard_msgs) by extension 'python'
[1.307s] Level 1:colcon.colcon_core.package_identification:_identify(workspace/ros_ur_driver/src/build/ur_dashboard_msgs) by extensions ['python_setup_py']
[1.307s] Level 1:colcon.colcon_core.package_identification:_identify(workspace/ros_ur_driver/src/build/ur_dashboard_msgs) by extension 'python_setup_py'
[1.308s] Level 1:colcon.colcon_core.package_identification:_identify(workspace/ros_ur_driver/src/build/ur_dashboard_msgs/CMakeFiles) by extensions ['ignore', 'ignore_ament_install']
[1.308s] Level 1:colcon.colcon_core.package_identification:_identify(workspace/ros_ur_driver/src/build/ur_dashboard_msgs/CMakeFiles) by extension 'ignore'
[1.309s] Level 1:colcon.colcon_core.package_identification:_identify(workspace/ros_ur_driver/src/build/ur_dashboard_msgs/CMakeFiles) by extension 'ignore_ament_install'
[1.309s] Level 1:colcon.colcon_core.package_identification:_identify(workspace/ros_ur_driver/src/build/ur_dashboard_msgs/CMakeFiles) by extensions ['colcon_pkg']
[1.309s] Level 1:colcon.colcon_core.package_identification:_identify(workspace/ros_ur_driver/src/build/ur_dashboard_msgs/CMakeFiles) by extension 'colcon_pkg'
[1.309s] Level 1:colcon.colcon_core.package_identification:_identify(workspace/ros_ur_driver/src/build/ur_dashboard_msgs/CMakeFiles) by extensions ['colcon_meta']
[1.309s] Level 1:colcon.colcon_core.package_identification:_identify(workspace/ros_ur_driver/src/build/ur_dashboard_msgs/CMakeFiles) by extension 'colcon_meta'
[1.309s] Level 1:colcon.colcon_core.package_identification:_identify(workspace/ros_ur_driver/src/build/ur_dashboard_msgs/CMakeFiles) by extensions ['ros']
[1.309s] Level 1:colcon.colcon_core.package_identification:_identify(workspace/ros_ur_driver/src/build/ur_dashboard_msgs/CMakeFiles) by extension 'ros'
[1.310s] Level 1:colcon.colcon_core.package_identification:_identify(workspace/ros_ur_driver/src/build/ur_dashboard_msgs/CMakeFiles) by extensions ['cmake', 'python']
[1.310s] Level 1:colcon.colcon_core.package_identification:_identify(workspace/ros_ur_driver/src/build/ur_dashboard_msgs/CMakeFiles) by extension 'cmake'
[1.310s] Level 1:colcon.colcon_core.package_identification:_identify(workspace/ros_ur_driver/src/build/ur_dashboard_msgs/CMakeFiles) by extension 'python'
[1.310s] Level 1:colcon.colcon_core.package_identification:_identify(workspace/ros_ur_driver/src/build/ur_dashboard_msgs/CMakeFiles) by extensions ['python_setup_py']
[1.310s] Level 1:colcon.colcon_core.package_identification:_identify(workspace/ros_ur_driver/src/build/ur_dashboard_msgs/CMakeFiles) by extension 'python_setup_py'
[1.311s] Level 1:colcon.colcon_core.package_identification:_identify(workspace/ros_ur_driver/src/build/ur_dashboard_msgs/CMakeFiles/3.22.1) by extensions ['ignore', 'ignore_ament_install']
[1.311s] Level 1:colcon.colcon_core.package_identification:_identify(workspace/ros_ur_driver/src/build/ur_dashboard_msgs/CMakeFiles/3.22.1) by extension 'ignore'
[1.311s] Level 1:colcon.colcon_core.package_identification:_identify(workspace/ros_ur_driver/src/build/ur_dashboard_msgs/CMakeFiles/3.22.1) by extension 'ignore_ament_install'
[1.312s] Level 1:colcon.colcon_core.package_identification:_identify(workspace/ros_ur_driver/src/build/ur_dashboard_msgs/CMakeFiles/3.22.1) by extensions ['colcon_pkg']
[1.312s] Level 1:colcon.colcon_core.package_identification:_identify(workspace/ros_ur_driver/src/build/ur_dashboard_msgs/CMakeFiles/3.22.1) by extension 'colcon_pkg'
[1.312s] Level 1:colcon.colcon_core.package_identification:_identify(workspace/ros_ur_driver/src/build/ur_dashboard_msgs/CMakeFiles/3.22.1) by extensions ['colcon_meta']
[1.312s] Level 1:colcon.colcon_core.package_identification:_identify(workspace/ros_ur_driver/src/build/ur_dashboard_msgs/CMakeFiles/3.22.1) by extension 'colcon_meta'
[1.312s] Level 1:colcon.colcon_core.package_identification:_identify(workspace/ros_ur_driver/src/build/ur_dashboard_msgs/CMakeFiles/3.22.1) by extensions ['ros']
[1.312s] Level 1:colcon.colcon_core.package_identification:_identify(workspace/ros_ur_driver/src/build/ur_dashboard_msgs/CMakeFiles/3.22.1) by extension 'ros'
[1.312s] Level 1:colcon.colcon_core.package_identification:_identify(workspace/ros_ur_driver/src/build/ur_dashboard_msgs/CMakeFiles/3.22.1) by extensions ['cmake', 'python']
[1.312s] Level 1:colcon.colcon_core.package_identification:_identify(workspace/ros_ur_driver/src/build/ur_dashboard_msgs/CMakeFiles/3.22.1) by extension 'cmake'
[1.312s] Level 1:colcon.colcon_core.package_identification:_identify(workspace/ros_ur_driver/src/build/ur_dashboard_msgs/CMakeFiles/3.22.1) by extension 'python'
[1.312s] Level 1:colcon.colcon_core.package_identification:_identify(workspace/ros_ur_driver/src/build/ur_dashboard_msgs/CMakeFiles/3.22.1) by extensions ['python_setup_py']
[1.312s] Level 1:colcon.colcon_core.package_identification:_identify(workspace/ros_ur_driver/src/build/ur_dashboard_msgs/CMakeFiles/3.22.1) by extension 'python_setup_py'
[1.312s] Level 1:colcon.colcon_core.package_identification:_identify(workspace/ros_ur_driver/src/build/ur_dashboard_msgs/CMakeFiles/3.22.1/CompilerIdC) by extensions ['ignore', 'ignore_ament_install']
[1.313s] Level 1:colcon.colcon_core.package_identification:_identify(workspace/ros_ur_driver/src/build/ur_dashboard_msgs/CMakeFiles/3.22.1/CompilerIdC) by extension 'ignore'
[1.313s] Level 1:colcon.colcon_core.package_identification:_identify(workspace/ros_ur_driver/src/build/ur_dashboard_msgs/CMakeFiles/3.22.1/CompilerIdC) by extension 'ignore_ament_install'
[1.313s] Level 1:colcon.colcon_core.package_identification:_identify(workspace/ros_ur_driver/src/build/ur_dashboard_msgs/CMakeFiles/3.22.1/CompilerIdC) by extensions ['colcon_pkg']
[1.313s] Level 1:colcon.colcon_core.package_identification:_identify(workspace/ros_ur_driver/src/build/ur_dashboard_msgs/CMakeFiles/3.22.1/CompilerIdC) by extension 'colcon_pkg'
[1.314s] Level 1:colcon.colcon_core.package_identification:_identify(workspace/ros_ur_driver/src/build/ur_dashboard_msgs/CMakeFiles/3.22.1/CompilerIdC) by extensions ['colcon_meta']
[1.314s] Level 1:colcon.colcon_core.package_identification:_identify(workspace/ros_ur_driver/src/build/ur_dashboard_msgs/CMakeFiles/3.22.1/CompilerIdC) by extension 'colcon_meta'
[1.314s] Level 1:colcon.colcon_core.package_identification:_identify(workspace/ros_ur_driver/src/build/ur_dashboard_msgs/CMakeFiles/3.22.1/CompilerIdC) by extensions ['ros']
[1.314s] Level 1:colcon.colcon_core.package_identification:_identify(workspace/ros_ur_driver/src/build/ur_dashboard_msgs/CMakeFiles/3.22.1/CompilerIdC) by extension 'ros'
[1.314s] Level 1:colcon.colcon_core.package_identification:_identify(workspace/ros_ur_driver/src/build/ur_dashboard_msgs/CMakeFiles/3.22.1/CompilerIdC) by extensions ['cmake', 'python']
[1.315s] Level 1:colcon.colcon_core.package_identification:_identify(workspace/ros_ur_driver/src/build/ur_dashboard_msgs/CMakeFiles/3.22.1/CompilerIdC) by extension 'cmake'
[1.315s] Level 1:colcon.colcon_core.package_identification:_identify(workspace/ros_ur_driver/src/build/ur_dashboard_msgs/CMakeFiles/3.22.1/CompilerIdC) by extension 'python'
[1.315s] Level 1:colcon.colcon_core.package_identification:_identify(workspace/ros_ur_driver/src/build/ur_dashboard_msgs/CMakeFiles/3.22.1/CompilerIdC) by extensions ['python_setup_py']
[1.315s] Level 1:colcon.colcon_core.package_identification:_identify(workspace/ros_ur_driver/src/build/ur_dashboard_msgs/CMakeFiles/3.22.1/CompilerIdC) by extension 'python_setup_py'
[1.315s] Level 1:colcon.colcon_core.package_identification:_identify(workspace/ros_ur_driver/src/build/ur_dashboard_msgs/CMakeFiles/3.22.1/CompilerIdC/tmp) by extensions ['ignore', 'ignore_ament_install']
[1.315s] Level 1:colcon.colcon_core.package_identification:_identify(workspace/ros_ur_driver/src/build/ur_dashboard_msgs/CMakeFiles/3.22.1/CompilerIdC/tmp) by extension 'ignore'
[1.315s] Level 1:colcon.colcon_core.package_identification:_identify(workspace/ros_ur_driver/src/build/ur_dashboard_msgs/CMakeFiles/3.22.1/CompilerIdC/tmp) by extension 'ignore_ament_install'
[1.315s] Level 1:colcon.colcon_core.package_identification:_identify(workspace/ros_ur_driver/src/build/ur_dashboard_msgs/CMakeFiles/3.22.1/CompilerIdC/tmp) by extensions ['colcon_pkg']
[1.315s] Level 1:colcon.colcon_core.package_identification:_identify(workspace/ros_ur_driver/src/build/ur_dashboard_msgs/CMakeFiles/3.22.1/CompilerIdC/tmp) by extension 'colcon_pkg'
[1.316s] Level 1:colcon.colcon_core.package_identification:_identify(workspace/ros_ur_driver/src/build/ur_dashboard_msgs/CMakeFiles/3.22.1/CompilerIdC/tmp) by extensions ['colcon_meta']
[1.316s] Level 1:colcon.colcon_core.package_identification:_identify(workspace/ros_ur_driver/src/build/ur_dashboard_msgs/CMakeFiles/3.22.1/CompilerIdC/tmp) by extension 'colcon_meta'
[1.316s] Level 1:colcon.colcon_core.package_identification:_identify(workspace/ros_ur_driver/src/build/ur_dashboard_msgs/CMakeFiles/3.22.1/CompilerIdC/tmp) by extensions ['ros']
[1.317s] Level 1:colcon.colcon_core.package_identification:_identify(workspace/ros_ur_driver/src/build/ur_dashboard_msgs/CMakeFiles/3.22.1/CompilerIdC/tmp) by extension 'ros'
[1.317s] Level 1:colcon.colcon_core.package_identification:_identify(workspace/ros_ur_driver/src/build/ur_dashboard_msgs/CMakeFiles/3.22.1/CompilerIdC/tmp) by extensions ['cmake', 'python']
[1.317s] Level 1:colcon.colcon_core.package_identification:_identify(workspace/ros_ur_driver/src/build/ur_dashboard_msgs/CMakeFiles/3.22.1/CompilerIdC/tmp) by extension 'cmake'
[1.317s] Level 1:colcon.colcon_core.package_identification:_identify(workspace/ros_ur_driver/src/build/ur_dashboard_msgs/CMakeFiles/3.22.1/CompilerIdC/tmp) by extension 'python'
[1.317s] Level 1:colcon.colcon_core.package_identification:_identify(workspace/ros_ur_driver/src/build/ur_dashboard_msgs/CMakeFiles/3.22.1/CompilerIdC/tmp) by extensions ['python_setup_py']
[1.317s] Level 1:colcon.colcon_core.package_identification:_identify(workspace/ros_ur_driver/src/build/ur_dashboard_msgs/CMakeFiles/3.22.1/CompilerIdC/tmp) by extension 'python_setup_py'
[1.317s] Level 1:colcon.colcon_core.package_identification:_identify(workspace/ros_ur_driver/src/build/ur_dashboard_msgs/CMakeFiles/3.22.1/CompilerIdCXX) by extensions ['ignore', 'ignore_ament_install']
[1.317s] Level 1:colcon.colcon_core.package_identification:_identify(workspace/ros_ur_driver/src/build/ur_dashboard_msgs/CMakeFiles/3.22.1/CompilerIdCXX) by extension 'ignore'
[1.318s] Level 1:colcon.colcon_core.package_identification:_identify(workspace/ros_ur_driver/src/build/ur_dashboard_msgs/CMakeFiles/3.22.1/CompilerIdCXX) by extension 'ignore_ament_install'
[1.318s] Level 1:colcon.colcon_core.package_identification:_identify(workspace/ros_ur_driver/src/build/ur_dashboard_msgs/CMakeFiles/3.22.1/CompilerIdCXX) by extensions ['colcon_pkg']
[1.318s] Level 1:colcon.colcon_core.package_identification:_identify(workspace/ros_ur_driver/src/build/ur_dashboard_msgs/CMakeFiles/3.22.1/CompilerIdCXX) by extension 'colcon_pkg'
[1.318s] Level 1:colcon.colcon_core.package_identification:_identify(workspace/ros_ur_driver/src/build/ur_dashboard_msgs/CMakeFiles/3.22.1/CompilerIdCXX) by extensions ['colcon_meta']
[1.318s] Level 1:colcon.colcon_core.package_identification:_identify(workspace/ros_ur_driver/src/build/ur_dashboard_msgs/CMakeFiles/3.22.1/CompilerIdCXX) by extension 'colcon_meta'
[1.318s] Level 1:colcon.colcon_core.package_identification:_identify(workspace/ros_ur_driver/src/build/ur_dashboard_msgs/CMakeFiles/3.22.1/CompilerIdCXX) by extensions ['ros']
[1.318s] Level 1:colcon.colcon_core.package_identification:_identify(workspace/ros_ur_driver/src/build/ur_dashboard_msgs/CMakeFiles/3.22.1/CompilerIdCXX) by extension 'ros'
[1.318s] Level 1:colcon.colcon_core.package_identification:_identify(workspace/ros_ur_driver/src/build/ur_dashboard_msgs/CMakeFiles/3.22.1/CompilerIdCXX) by extensions ['cmake', 'python']
[1.318s] Level 1:colcon.colcon_core.package_identification:_identify(workspace/ros_ur_driver/src/build/ur_dashboard_msgs/CMakeFiles/3.22.1/CompilerIdCXX) by extension 'cmake'
[1.318s] Level 1:colcon.colcon_core.package_identification:_identify(workspace/ros_ur_driver/src/build/ur_dashboard_msgs/CMakeFiles/3.22.1/CompilerIdCXX) by extension 'python'
[1.318s] Level 1:colcon.colcon_core.package_identification:_identify(workspace/ros_ur_driver/src/build/ur_dashboard_msgs/CMakeFiles/3.22.1/CompilerIdCXX) by extensions ['python_setup_py']
[1.318s] Level 1:colcon.colcon_core.package_identification:_identify(workspace/ros_ur_driver/src/build/ur_dashboard_msgs/CMakeFiles/3.22.1/CompilerIdCXX) by extension 'python_setup_py'
[1.318s] Level 1:colcon.colcon_core.package_identification:_identify(workspace/ros_ur_driver/src/build/ur_dashboard_msgs/CMakeFiles/3.22.1/CompilerIdCXX/tmp) by extensions ['ignore', 'ignore_ament_install']
[1.319s] Level 1:colcon.colcon_core.package_identification:_identify(workspace/ros_ur_driver/src/build/ur_dashboard_msgs/CMakeFiles/3.22.1/CompilerIdCXX/tmp) by extension 'ignore'
[1.319s] Level 1:colcon.colcon_core.package_identification:_identify(workspace/ros_ur_driver/src/build/ur_dashboard_msgs/CMakeFiles/3.22.1/CompilerIdCXX/tmp) by extension 'ignore_ament_install'
[1.319s] Level 1:colcon.colcon_core.package_identification:_identify(workspace/ros_ur_driver/src/build/ur_dashboard_msgs/CMakeFiles/3.22.1/CompilerIdCXX/tmp) by extensions ['colcon_pkg']
[1.319s] Level 1:colcon.colcon_core.package_identification:_identify(workspace/ros_ur_driver/src/build/ur_dashboard_msgs/CMakeFiles/3.22.1/CompilerIdCXX/tmp) by extension 'colcon_pkg'
[1.320s] Level 1:colcon.colcon_core.package_identification:_identify(workspace/ros_ur_driver/src/build/ur_dashboard_msgs/CMakeFiles/3.22.1/CompilerIdCXX/tmp) by extensions ['colcon_meta']
[1.320s] Level 1:colcon.colcon_core.package_identification:_identify(workspace/ros_ur_driver/src/build/ur_dashboard_msgs/CMakeFiles/3.22.1/CompilerIdCXX/tmp) by extension 'colcon_meta'
[1.320s] Level 1:colcon.colcon_core.package_identification:_identify(workspace/ros_ur_driver/src/build/ur_dashboard_msgs/CMakeFiles/3.22.1/CompilerIdCXX/tmp) by extensions ['ros']
[1.321s] Level 1:colcon.colcon_core.package_identification:_identify(workspace/ros_ur_driver/src/build/ur_dashboard_msgs/CMakeFiles/3.22.1/CompilerIdCXX/tmp) by extension 'ros'
[1.321s] Level 1:colcon.colcon_core.package_identification:_identify(workspace/ros_ur_driver/src/build/ur_dashboard_msgs/CMakeFiles/3.22.1/CompilerIdCXX/tmp) by extensions ['cmake', 'python']
[1.321s] Level 1:colcon.colcon_core.package_identification:_identify(workspace/ros_ur_driver/src/build/ur_dashboard_msgs/CMakeFiles/3.22.1/CompilerIdCXX/tmp) by extension 'cmake'
[1.321s] Level 1:colcon.colcon_core.package_identification:_identify(workspace/ros_ur_driver/src/build/ur_dashboard_msgs/CMakeFiles/3.22.1/CompilerIdCXX/tmp) by extension 'python'
[1.321s] Level 1:colcon.colcon_core.package_identification:_identify(workspace/ros_ur_driver/src/build/ur_dashboard_msgs/CMakeFiles/3.22.1/CompilerIdCXX/tmp) by extensions ['python_setup_py']
[1.321s] Level 1:colcon.colcon_core.package_identification:_identify(workspace/ros_ur_driver/src/build/ur_dashboard_msgs/CMakeFiles/3.22.1/CompilerIdCXX/tmp) by extension 'python_setup_py'
[1.321s] Level 1:colcon.colcon_core.package_identification:_identify(workspace/ros_ur_driver/src/build/ur_dashboard_msgs/CMakeFiles/CMakeTmp) by extensions ['ignore', 'ignore_ament_install']
[1.322s] Level 1:colcon.colcon_core.package_identification:_identify(workspace/ros_ur_driver/src/build/ur_dashboard_msgs/CMakeFiles/CMakeTmp) by extension 'ignore'
[1.322s] Level 1:colcon.colcon_core.package_identification:_identify(workspace/ros_ur_driver/src/build/ur_dashboard_msgs/CMakeFiles/CMakeTmp) by extension 'ignore_ament_install'
[1.322s] Level 1:colcon.colcon_core.package_identification:_identify(workspace/ros_ur_driver/src/build/ur_dashboard_msgs/CMakeFiles/CMakeTmp) by extensions ['colcon_pkg']
[1.322s] Level 1:colcon.colcon_core.package_identification:_identify(workspace/ros_ur_driver/src/build/ur_dashboard_msgs/CMakeFiles/CMakeTmp) by extension 'colcon_pkg'
[1.322s] Level 1:colcon.colcon_core.package_identification:_identify(workspace/ros_ur_driver/src/build/ur_dashboard_msgs/CMakeFiles/CMakeTmp) by extensions ['colcon_meta']
[1.323s] Level 1:colcon.colcon_core.package_identification:_identify(workspace/ros_ur_driver/src/build/ur_dashboard_msgs/CMakeFiles/CMakeTmp) by extension 'colcon_meta'
[1.323s] Level 1:colcon.colcon_core.package_identification:_identify(workspace/ros_ur_driver/src/build/ur_dashboard_msgs/CMakeFiles/CMakeTmp) by extensions ['ros']
[1.323s] Level 1:colcon.colcon_core.package_identification:_identify(workspace/ros_ur_driver/src/build/ur_dashboard_msgs/CMakeFiles/CMakeTmp) by extension 'ros'
[1.323s] Level 1:colcon.colcon_core.package_identification:_identify(workspace/ros_ur_driver/src/build/ur_dashboard_msgs/CMakeFiles/CMakeTmp) by extensions ['cmake', 'python']
[1.323s] Level 1:colcon.colcon_core.package_identification:_identify(workspace/ros_ur_driver/src/build/ur_dashboard_msgs/CMakeFiles/CMakeTmp) by extension 'cmake'
[1.323s] Level 1:colcon.colcon_core.package_identification:_identify(workspace/ros_ur_driver/src/build/ur_dashboard_msgs/CMakeFiles/CMakeTmp) by extension 'python'
[1.323s] Level 1:colcon.colcon_core.package_identification:_identify(workspace/ros_ur_driver/src/build/ur_dashboard_msgs/CMakeFiles/CMakeTmp) by extensions ['python_setup_py']
[1.323s] Level 1:colcon.colcon_core.package_identification:_identify(workspace/ros_ur_driver/src/build/ur_dashboard_msgs/CMakeFiles/CMakeTmp) by extension 'python_setup_py'
[1.323s] Level 1:colcon.colcon_core.package_identification:_identify(workspace/ros_ur_driver/src/build/ur_description) by extensions ['ignore', 'ignore_ament_install']
[1.324s] Level 1:colcon.colcon_core.package_identification:_identify(workspace/ros_ur_driver/src/build/ur_description) by extension 'ignore'
[1.324s] Level 1:colcon.colcon_core.package_identification:_identify(workspace/ros_ur_driver/src/build/ur_description) by extension 'ignore_ament_install'
[1.324s] Level 1:colcon.colcon_core.package_identification:_identify(workspace/ros_ur_driver/src/build/ur_description) by extensions ['colcon_pkg']
[1.325s] Level 1:colcon.colcon_core.package_identification:_identify(workspace/ros_ur_driver/src/build/ur_description) by extension 'colcon_pkg'
[1.325s] Level 1:colcon.colcon_core.package_identification:_identify(workspace/ros_ur_driver/src/build/ur_description) by extensions ['colcon_meta']
[1.325s] Level 1:colcon.colcon_core.package_identification:_identify(workspace/ros_ur_driver/src/build/ur_description) by extension 'colcon_meta'
[1.325s] Level 1:colcon.colcon_core.package_identification:_identify(workspace/ros_ur_driver/src/build/ur_description) by extensions ['ros']
[1.325s] Level 1:colcon.colcon_core.package_identification:_identify(workspace/ros_ur_driver/src/build/ur_description) by extension 'ros'
[1.326s] Level 1:colcon.colcon_core.package_identification:_identify(workspace/ros_ur_driver/src/build/ur_description) by extensions ['cmake', 'python']
[1.326s] Level 1:colcon.colcon_core.package_identification:_identify(workspace/ros_ur_driver/src/build/ur_description) by extension 'cmake'
[1.326s] Level 1:colcon.colcon_core.package_identification:_identify(workspace/ros_ur_driver/src/build/ur_description) by extension 'python'
[1.326s] Level 1:colcon.colcon_core.package_identification:_identify(workspace/ros_ur_driver/src/build/ur_description) by extensions ['python_setup_py']
[1.326s] Level 1:colcon.colcon_core.package_identification:_identify(workspace/ros_ur_driver/src/build/ur_description) by extension 'python_setup_py'
[1.326s] Level 1:colcon.colcon_core.package_identification:_identify(workspace/ros_ur_driver/src/build/ur_description/CMakeFiles) by extensions ['ignore', 'ignore_ament_install']
[1.327s] Level 1:colcon.colcon_core.package_identification:_identify(workspace/ros_ur_driver/src/build/ur_description/CMakeFiles) by extension 'ignore'
[1.327s] Level 1:colcon.colcon_core.package_identification:_identify(workspace/ros_ur_driver/src/build/ur_description/CMakeFiles) by extension 'ignore_ament_install'
[1.327s] Level 1:colcon.colcon_core.package_identification:_identify(workspace/ros_ur_driver/src/build/ur_description/CMakeFiles) by extensions ['colcon_pkg']
[1.327s] Level 1:colcon.colcon_core.package_identification:_identify(workspace/ros_ur_driver/src/build/ur_description/CMakeFiles) by extension 'colcon_pkg'
[1.327s] Level 1:colcon.colcon_core.package_identification:_identify(workspace/ros_ur_driver/src/build/ur_description/CMakeFiles) by extensions ['colcon_meta']
[1.328s] Level 1:colcon.colcon_core.package_identification:_identify(workspace/ros_ur_driver/src/build/ur_description/CMakeFiles) by extension 'colcon_meta'
[1.328s] Level 1:colcon.colcon_core.package_identification:_identify(workspace/ros_ur_driver/src/build/ur_description/CMakeFiles) by extensions ['ros']
[1.328s] Level 1:colcon.colcon_core.package_identification:_identify(workspace/ros_ur_driver/src/build/ur_description/CMakeFiles) by extension 'ros'
[1.328s] Level 1:colcon.colcon_core.package_identification:_identify(workspace/ros_ur_driver/src/build/ur_description/CMakeFiles) by extensions ['cmake', 'python']
[1.328s] Level 1:colcon.colcon_core.package_identification:_identify(workspace/ros_ur_driver/src/build/ur_description/CMakeFiles) by extension 'cmake'
[1.328s] Level 1:colcon.colcon_core.package_identification:_identify(workspace/ros_ur_driver/src/build/ur_description/CMakeFiles) by extension 'python'
[1.329s] Level 1:colcon.colcon_core.package_identification:_identify(workspace/ros_ur_driver/src/build/ur_description/CMakeFiles) by extensions ['python_setup_py']
[1.329s] Level 1:colcon.colcon_core.package_identification:_identify(workspace/ros_ur_driver/src/build/ur_description/CMakeFiles) by extension 'python_setup_py'
[1.329s] Level 1:colcon.colcon_core.package_identification:_identify(workspace/ros_ur_driver/src/build/ur_description/CMakeFiles/3.22.1) by extensions ['ignore', 'ignore_ament_install']
[1.329s] Level 1:colcon.colcon_core.package_identification:_identify(workspace/ros_ur_driver/src/build/ur_description/CMakeFiles/3.22.1) by extension 'ignore'
[1.329s] Level 1:colcon.colcon_core.package_identification:_identify(workspace/ros_ur_driver/src/build/ur_description/CMakeFiles/3.22.1) by extension 'ignore_ament_install'
[1.329s] Level 1:colcon.colcon_core.package_identification:_identify(workspace/ros_ur_driver/src/build/ur_description/CMakeFiles/3.22.1) by extensions ['colcon_pkg']
[1.329s] Level 1:colcon.colcon_core.package_identification:_identify(workspace/ros_ur_driver/src/build/ur_description/CMakeFiles/3.22.1) by extension 'colcon_pkg'
[1.330s] Level 1:colcon.colcon_core.package_identification:_identify(workspace/ros_ur_driver/src/build/ur_description/CMakeFiles/3.22.1) by extensions ['colcon_meta']
[1.330s] Level 1:colcon.colcon_core.package_identification:_identify(workspace/ros_ur_driver/src/build/ur_description/CMakeFiles/3.22.1) by extension 'colcon_meta'
[1.330s] Level 1:colcon.colcon_core.package_identification:_identify(workspace/ros_ur_driver/src/build/ur_description/CMakeFiles/3.22.1) by extensions ['ros']
[1.330s] Level 1:colcon.colcon_core.package_identification:_identify(workspace/ros_ur_driver/src/build/ur_description/CMakeFiles/3.22.1) by extension 'ros'
[1.331s] Level 1:colcon.colcon_core.package_identification:_identify(workspace/ros_ur_driver/src/build/ur_description/CMakeFiles/3.22.1) by extensions ['cmake', 'python']
[1.331s] Level 1:colcon.colcon_core.package_identification:_identify(workspace/ros_ur_driver/src/build/ur_description/CMakeFiles/3.22.1) by extension 'cmake'
[1.331s] Level 1:colcon.colcon_core.package_identification:_identify(workspace/ros_ur_driver/src/build/ur_description/CMakeFiles/3.22.1) by extension 'python'
[1.331s] Level 1:colcon.colcon_core.package_identification:_identify(workspace/ros_ur_driver/src/build/ur_description/CMakeFiles/3.22.1) by extensions ['python_setup_py']
[1.331s] Level 1:colcon.colcon_core.package_identification:_identify(workspace/ros_ur_driver/src/build/ur_description/CMakeFiles/3.22.1) by extension 'python_setup_py'
[1.331s] Level 1:colcon.colcon_core.package_identification:_identify(workspace/ros_ur_driver/src/build/ur_description/CMakeFiles/3.22.1/CompilerIdC) by extensions ['ignore', 'ignore_ament_install']
[1.332s] Level 1:colcon.colcon_core.package_identification:_identify(workspace/ros_ur_driver/src/build/ur_description/CMakeFiles/3.22.1/CompilerIdC) by extension 'ignore'
[1.332s] Level 1:colcon.colcon_core.package_identification:_identify(workspace/ros_ur_driver/src/build/ur_description/CMakeFiles/3.22.1/CompilerIdC) by extension 'ignore_ament_install'
[1.332s] Level 1:colcon.colcon_core.package_identification:_identify(workspace/ros_ur_driver/src/build/ur_description/CMakeFiles/3.22.1/CompilerIdC) by extensions ['colcon_pkg']
[1.333s] Level 1:colcon.colcon_core.package_identification:_identify(workspace/ros_ur_driver/src/build/ur_description/CMakeFiles/3.22.1/CompilerIdC) by extension 'colcon_pkg'
[1.333s] Level 1:colcon.colcon_core.package_identification:_identify(workspace/ros_ur_driver/src/build/ur_description/CMakeFiles/3.22.1/CompilerIdC) by extensions ['colcon_meta']
[1.333s] Level 1:colcon.colcon_core.package_identification:_identify(workspace/ros_ur_driver/src/build/ur_description/CMakeFiles/3.22.1/CompilerIdC) by extension 'colcon_meta'
[1.333s] Level 1:colcon.colcon_core.package_identification:_identify(workspace/ros_ur_driver/src/build/ur_description/CMakeFiles/3.22.1/CompilerIdC) by extensions ['ros']
[1.333s] Level 1:colcon.colcon_core.package_identification:_identify(workspace/ros_ur_driver/src/build/ur_description/CMakeFiles/3.22.1/CompilerIdC) by extension 'ros'
[1.334s] Level 1:colcon.colcon_core.package_identification:_identify(workspace/ros_ur_driver/src/build/ur_description/CMakeFiles/3.22.1/CompilerIdC) by extensions ['cmake', 'python']
[1.334s] Level 1:colcon.colcon_core.package_identification:_identify(workspace/ros_ur_driver/src/build/ur_description/CMakeFiles/3.22.1/CompilerIdC) by extension 'cmake'
[1.334s] Level 1:colcon.colcon_core.package_identification:_identify(workspace/ros_ur_driver/src/build/ur_description/CMakeFiles/3.22.1/CompilerIdC) by extension 'python'
[1.334s] Level 1:colcon.colcon_core.package_identification:_identify(workspace/ros_ur_driver/src/build/ur_description/CMakeFiles/3.22.1/CompilerIdC) by extensions ['python_setup_py']
[1.334s] Level 1:colcon.colcon_core.package_identification:_identify(workspace/ros_ur_driver/src/build/ur_description/CMakeFiles/3.22.1/CompilerIdC) by extension 'python_setup_py'
[1.334s] Level 1:colcon.colcon_core.package_identification:_identify(workspace/ros_ur_driver/src/build/ur_description/CMakeFiles/3.22.1/CompilerIdC/tmp) by extensions ['ignore', 'ignore_ament_install']
[1.335s] Level 1:colcon.colcon_core.package_identification:_identify(workspace/ros_ur_driver/src/build/ur_description/CMakeFiles/3.22.1/CompilerIdC/tmp) by extension 'ignore'
[1.335s] Level 1:colcon.colcon_core.package_identification:_identify(workspace/ros_ur_driver/src/build/ur_description/CMakeFiles/3.22.1/CompilerIdC/tmp) by extension 'ignore_ament_install'
[1.335s] Level 1:colcon.colcon_core.package_identification:_identify(workspace/ros_ur_driver/src/build/ur_description/CMakeFiles/3.22.1/CompilerIdC/tmp) by extensions ['colcon_pkg']
[1.335s] Level 1:colcon.colcon_core.package_identification:_identify(workspace/ros_ur_driver/src/build/ur_description/CMakeFiles/3.22.1/CompilerIdC/tmp) by extension 'colcon_pkg'
[1.335s] Level 1:colcon.colcon_core.package_identification:_identify(workspace/ros_ur_driver/src/build/ur_description/CMakeFiles/3.22.1/CompilerIdC/tmp) by extensions ['colcon_meta']
[1.335s] Level 1:colcon.colcon_core.package_identification:_identify(workspace/ros_ur_driver/src/build/ur_description/CMakeFiles/3.22.1/CompilerIdC/tmp) by extension 'colcon_meta'
[1.335s] Level 1:colcon.colcon_core.package_identification:_identify(workspace/ros_ur_driver/src/build/ur_description/CMakeFiles/3.22.1/CompilerIdC/tmp) by extensions ['ros']
[1.335s] Level 1:colcon.colcon_core.package_identification:_identify(workspace/ros_ur_driver/src/build/ur_description/CMakeFiles/3.22.1/CompilerIdC/tmp) by extension 'ros'
[1.335s] Level 1:colcon.colcon_core.package_identification:_identify(workspace/ros_ur_driver/src/build/ur_description/CMakeFiles/3.22.1/CompilerIdC/tmp) by extensions ['cmake', 'python']
[1.336s] Level 1:colcon.colcon_core.package_identification:_identify(workspace/ros_ur_driver/src/build/ur_description/CMakeFiles/3.22.1/CompilerIdC/tmp) by extension 'cmake'
[1.336s] Level 1:colcon.colcon_core.package_identification:_identify(workspace/ros_ur_driver/src/build/ur_description/CMakeFiles/3.22.1/CompilerIdC/tmp) by extension 'python'
[1.336s] Level 1:colcon.colcon_core.package_identification:_identify(workspace/ros_ur_driver/src/build/ur_description/CMakeFiles/3.22.1/CompilerIdC/tmp) by extensions ['python_setup_py']
[1.336s] Level 1:colcon.colcon_core.package_identification:_identify(workspace/ros_ur_driver/src/build/ur_description/CMakeFiles/3.22.1/CompilerIdC/tmp) by extension 'python_setup_py'
[1.337s] Level 1:colcon.colcon_core.package_identification:_identify(workspace/ros_ur_driver/src/build/ur_description/CMakeFiles/3.22.1/CompilerIdCXX) by extensions ['ignore', 'ignore_ament_install']
[1.337s] Level 1:colcon.colcon_core.package_identification:_identify(workspace/ros_ur_driver/src/build/ur_description/CMakeFiles/3.22.1/CompilerIdCXX) by extension 'ignore'
[1.337s] Level 1:colcon.colcon_core.package_identification:_identify(workspace/ros_ur_driver/src/build/ur_description/CMakeFiles/3.22.1/CompilerIdCXX) by extension 'ignore_ament_install'
[1.337s] Level 1:colcon.colcon_core.package_identification:_identify(workspace/ros_ur_driver/src/build/ur_description/CMakeFiles/3.22.1/CompilerIdCXX) by extensions ['colcon_pkg']
[1.337s] Level 1:colcon.colcon_core.package_identification:_identify(workspace/ros_ur_driver/src/build/ur_description/CMakeFiles/3.22.1/CompilerIdCXX) by extension 'colcon_pkg'
[1.338s] Level 1:colcon.colcon_core.package_identification:_identify(workspace/ros_ur_driver/src/build/ur_description/CMakeFiles/3.22.1/CompilerIdCXX) by extensions ['colcon_meta']
[1.338s] Level 1:colcon.colcon_core.package_identification:_identify(workspace/ros_ur_driver/src/build/ur_description/CMakeFiles/3.22.1/CompilerIdCXX) by extension 'colcon_meta'
[1.338s] Level 1:colcon.colcon_core.package_identification:_identify(workspace/ros_ur_driver/src/build/ur_description/CMakeFiles/3.22.1/CompilerIdCXX) by extensions ['ros']
[1.338s] Level 1:colcon.colcon_core.package_identification:_identify(workspace/ros_ur_driver/src/build/ur_description/CMakeFiles/3.22.1/CompilerIdCXX) by extension 'ros'
[1.338s] Level 1:colcon.colcon_core.package_identification:_identify(workspace/ros_ur_driver/src/build/ur_description/CMakeFiles/3.22.1/CompilerIdCXX) by extensions ['cmake', 'python']
[1.338s] Level 1:colcon.colcon_core.package_identification:_identify(workspace/ros_ur_driver/src/build/ur_description/CMakeFiles/3.22.1/CompilerIdCXX) by extension 'cmake'
[1.338s] Level 1:colcon.colcon_core.package_identification:_identify(workspace/ros_ur_driver/src/build/ur_description/CMakeFiles/3.22.1/CompilerIdCXX) by extension 'python'
[1.338s] Level 1:colcon.colcon_core.package_identification:_identify(workspace/ros_ur_driver/src/build/ur_description/CMakeFiles/3.22.1/CompilerIdCXX) by extensions ['python_setup_py']
[1.339s] Level 1:colcon.colcon_core.package_identification:_identify(workspace/ros_ur_driver/src/build/ur_description/CMakeFiles/3.22.1/CompilerIdCXX) by extension 'python_setup_py'
[1.339s] Level 1:colcon.colcon_core.package_identification:_identify(workspace/ros_ur_driver/src/build/ur_description/CMakeFiles/3.22.1/CompilerIdCXX/tmp) by extensions ['ignore', 'ignore_ament_install']
[1.339s] Level 1:colcon.colcon_core.package_identification:_identify(workspace/ros_ur_driver/src/build/ur_description/CMakeFiles/3.22.1/CompilerIdCXX/tmp) by extension 'ignore'
[1.339s] Level 1:colcon.colcon_core.package_identification:_identify(workspace/ros_ur_driver/src/build/ur_description/CMakeFiles/3.22.1/CompilerIdCXX/tmp) by extension 'ignore_ament_install'
[1.340s] Level 1:colcon.colcon_core.package_identification:_identify(workspace/ros_ur_driver/src/build/ur_description/CMakeFiles/3.22.1/CompilerIdCXX/tmp) by extensions ['colcon_pkg']
[1.340s] Level 1:colcon.colcon_core.package_identification:_identify(workspace/ros_ur_driver/src/build/ur_description/CMakeFiles/3.22.1/CompilerIdCXX/tmp) by extension 'colcon_pkg'
[1.340s] Level 1:colcon.colcon_core.package_identification:_identify(workspace/ros_ur_driver/src/build/ur_description/CMakeFiles/3.22.1/CompilerIdCXX/tmp) by extensions ['colcon_meta']
[1.340s] Level 1:colcon.colcon_core.package_identification:_identify(workspace/ros_ur_driver/src/build/ur_description/CMakeFiles/3.22.1/CompilerIdCXX/tmp) by extension 'colcon_meta'
[1.340s] Level 1:colcon.colcon_core.package_identification:_identify(workspace/ros_ur_driver/src/build/ur_description/CMakeFiles/3.22.1/CompilerIdCXX/tmp) by extensions ['ros']
[1.340s] Level 1:colcon.colcon_core.package_identification:_identify(workspace/ros_ur_driver/src/build/ur_description/CMakeFiles/3.22.1/CompilerIdCXX/tmp) by extension 'ros'
[1.341s] Level 1:colcon.colcon_core.package_identification:_identify(workspace/ros_ur_driver/src/build/ur_description/CMakeFiles/3.22.1/CompilerIdCXX/tmp) by extensions ['cmake', 'python']
[1.341s] Level 1:colcon.colcon_core.package_identification:_identify(workspace/ros_ur_driver/src/build/ur_description/CMakeFiles/3.22.1/CompilerIdCXX/tmp) by extension 'cmake'
[1.341s] Level 1:colcon.colcon_core.package_identification:_identify(workspace/ros_ur_driver/src/build/ur_description/CMakeFiles/3.22.1/CompilerIdCXX/tmp) by extension 'python'
[1.341s] Level 1:colcon.colcon_core.package_identification:_identify(workspace/ros_ur_driver/src/build/ur_description/CMakeFiles/3.22.1/CompilerIdCXX/tmp) by extensions ['python_setup_py']
[1.341s] Level 1:colcon.colcon_core.package_identification:_identify(workspace/ros_ur_driver/src/build/ur_description/CMakeFiles/3.22.1/CompilerIdCXX/tmp) by extension 'python_setup_py'
[1.341s] Level 1:colcon.colcon_core.package_identification:_identify(workspace/ros_ur_driver/src/build/ur_description/CMakeFiles/CMakeTmp) by extensions ['ignore', 'ignore_ament_install']
[1.341s] Level 1:colcon.colcon_core.package_identification:_identify(workspace/ros_ur_driver/src/build/ur_description/CMakeFiles/CMakeTmp) by extension 'ignore'
[1.341s] Level 1:colcon.colcon_core.package_identification:_identify(workspace/ros_ur_driver/src/build/ur_description/CMakeFiles/CMakeTmp) by extension 'ignore_ament_install'
[1.342s] Level 1:colcon.colcon_core.package_identification:_identify(workspace/ros_ur_driver/src/build/ur_description/CMakeFiles/CMakeTmp) by extensions ['colcon_pkg']
[1.342s] Level 1:colcon.colcon_core.package_identification:_identify(workspace/ros_ur_driver/src/build/ur_description/CMakeFiles/CMakeTmp) by extension 'colcon_pkg'
[1.342s] Level 1:colcon.colcon_core.package_identification:_identify(workspace/ros_ur_driver/src/build/ur_description/CMakeFiles/CMakeTmp) by extensions ['colcon_meta']
[1.342s] Level 1:colcon.colcon_core.package_identification:_identify(workspace/ros_ur_driver/src/build/ur_description/CMakeFiles/CMakeTmp) by extension 'colcon_meta'
[1.342s] Level 1:colcon.colcon_core.package_identification:_identify(workspace/ros_ur_driver/src/build/ur_description/CMakeFiles/CMakeTmp) by extensions ['ros']
[1.342s] Level 1:colcon.colcon_core.package_identification:_identify(workspace/ros_ur_driver/src/build/ur_description/CMakeFiles/CMakeTmp) by extension 'ros'
[1.342s] Level 1:colcon.colcon_core.package_identification:_identify(workspace/ros_ur_driver/src/build/ur_description/CMakeFiles/CMakeTmp) by extensions ['cmake', 'python']
[1.343s] Level 1:colcon.colcon_core.package_identification:_identify(workspace/ros_ur_driver/src/build/ur_description/CMakeFiles/CMakeTmp) by extension 'cmake'
[1.343s] Level 1:colcon.colcon_core.package_identification:_identify(workspace/ros_ur_driver/src/build/ur_description/CMakeFiles/CMakeTmp) by extension 'python'
[1.343s] Level 1:colcon.colcon_core.package_identification:_identify(workspace/ros_ur_driver/src/build/ur_description/CMakeFiles/CMakeTmp) by extensions ['python_setup_py']
[1.343s] Level 1:colcon.colcon_core.package_identification:_identify(workspace/ros_ur_driver/src/build/ur_description/CMakeFiles/CMakeTmp) by extension 'python_setup_py'
[1.344s] Level 1:colcon.colcon_core.package_identification:_identify(workspace/ros_ur_driver/src/build/ur_moveit_config) by extensions ['ignore', 'ignore_ament_install']
[1.344s] Level 1:colcon.colcon_core.package_identification:_identify(workspace/ros_ur_driver/src/build/ur_moveit_config) by extension 'ignore'
[1.344s] Level 1:colcon.colcon_core.package_identification:_identify(workspace/ros_ur_driver/src/build/ur_moveit_config) by extension 'ignore_ament_install'
[1.344s] Level 1:colcon.colcon_core.package_identification:_identify(workspace/ros_ur_driver/src/build/ur_moveit_config) by extensions ['colcon_pkg']
[1.344s] Level 1:colcon.colcon_core.package_identification:_identify(workspace/ros_ur_driver/src/build/ur_moveit_config) by extension 'colcon_pkg'
[1.344s] Level 1:colcon.colcon_core.package_identification:_identify(workspace/ros_ur_driver/src/build/ur_moveit_config) by extensions ['colcon_meta']
[1.344s] Level 1:colcon.colcon_core.package_identification:_identify(workspace/ros_ur_driver/src/build/ur_moveit_config) by extension 'colcon_meta'
[1.344s] Level 1:colcon.colcon_core.package_identification:_identify(workspace/ros_ur_driver/src/build/ur_moveit_config) by extensions ['ros']
[1.344s] Level 1:colcon.colcon_core.package_identification:_identify(workspace/ros_ur_driver/src/build/ur_moveit_config) by extension 'ros'
[1.344s] Level 1:colcon.colcon_core.package_identification:_identify(workspace/ros_ur_driver/src/build/ur_moveit_config) by extensions ['cmake', 'python']
[1.344s] Level 1:colcon.colcon_core.package_identification:_identify(workspace/ros_ur_driver/src/build/ur_moveit_config) by extension 'cmake'
[1.344s] Level 1:colcon.colcon_core.package_identification:_identify(workspace/ros_ur_driver/src/build/ur_moveit_config) by extension 'python'
[1.344s] Level 1:colcon.colcon_core.package_identification:_identify(workspace/ros_ur_driver/src/build/ur_moveit_config) by extensions ['python_setup_py']
[1.345s] Level 1:colcon.colcon_core.package_identification:_identify(workspace/ros_ur_driver/src/build/ur_moveit_config) by extension 'python_setup_py'
[1.345s] Level 1:colcon.colcon_core.package_identification:_identify(workspace/ros_ur_driver/src/build/ur_moveit_config/CMakeFiles) by extensions ['ignore', 'ignore_ament_install']
[1.345s] Level 1:colcon.colcon_core.package_identification:_identify(workspace/ros_ur_driver/src/build/ur_moveit_config/CMakeFiles) by extension 'ignore'
[1.345s] Level 1:colcon.colcon_core.package_identification:_identify(workspace/ros_ur_driver/src/build/ur_moveit_config/CMakeFiles) by extension 'ignore_ament_install'
[1.346s] Level 1:colcon.colcon_core.package_identification:_identify(workspace/ros_ur_driver/src/build/ur_moveit_config/CMakeFiles) by extensions ['colcon_pkg']
[1.346s] Level 1:colcon.colcon_core.package_identification:_identify(workspace/ros_ur_driver/src/build/ur_moveit_config/CMakeFiles) by extension 'colcon_pkg'
[1.346s] Level 1:colcon.colcon_core.package_identification:_identify(workspace/ros_ur_driver/src/build/ur_moveit_config/CMakeFiles) by extensions ['colcon_meta']
[1.347s] Level 1:colcon.colcon_core.package_identification:_identify(workspace/ros_ur_driver/src/build/ur_moveit_config/CMakeFiles) by extension 'colcon_meta'
[1.347s] Level 1:colcon.colcon_core.package_identification:_identify(workspace/ros_ur_driver/src/build/ur_moveit_config/CMakeFiles) by extensions ['ros']
[1.347s] Level 1:colcon.colcon_core.package_identification:_identify(workspace/ros_ur_driver/src/build/ur_moveit_config/CMakeFiles) by extension 'ros'
[1.348s] Level 1:colcon.colcon_core.package_identification:_identify(workspace/ros_ur_driver/src/build/ur_moveit_config/CMakeFiles) by extensions ['cmake', 'python']
[1.348s] Level 1:colcon.colcon_core.package_identification:_identify(workspace/ros_ur_driver/src/build/ur_moveit_config/CMakeFiles) by extension 'cmake'
[1.348s] Level 1:colcon.colcon_core.package_identification:_identify(workspace/ros_ur_driver/src/build/ur_moveit_config/CMakeFiles) by extension 'python'
[1.348s] Level 1:colcon.colcon_core.package_identification:_identify(workspace/ros_ur_driver/src/build/ur_moveit_config/CMakeFiles) by extensions ['python_setup_py']
[1.348s] Level 1:colcon.colcon_core.package_identification:_identify(workspace/ros_ur_driver/src/build/ur_moveit_config/CMakeFiles) by extension 'python_setup_py'
[1.349s] Level 1:colcon.colcon_core.package_identification:_identify(workspace/ros_ur_driver/src/build/ur_moveit_config/CMakeFiles/3.22.1) by extensions ['ignore', 'ignore_ament_install']
[1.349s] Level 1:colcon.colcon_core.package_identification:_identify(workspace/ros_ur_driver/src/build/ur_moveit_config/CMakeFiles/3.22.1) by extension 'ignore'
[1.349s] Level 1:colcon.colcon_core.package_identification:_identify(workspace/ros_ur_driver/src/build/ur_moveit_config/CMakeFiles/3.22.1) by extension 'ignore_ament_install'
[1.349s] Level 1:colcon.colcon_core.package_identification:_identify(workspace/ros_ur_driver/src/build/ur_moveit_config/CMakeFiles/3.22.1) by extensions ['colcon_pkg']
[1.349s] Level 1:colcon.colcon_core.package_identification:_identify(workspace/ros_ur_driver/src/build/ur_moveit_config/CMakeFiles/3.22.1) by extension 'colcon_pkg'
[1.350s] Level 1:colcon.colcon_core.package_identification:_identify(workspace/ros_ur_driver/src/build/ur_moveit_config/CMakeFiles/3.22.1) by extensions ['colcon_meta']
[1.350s] Level 1:colcon.colcon_core.package_identification:_identify(workspace/ros_ur_driver/src/build/ur_moveit_config/CMakeFiles/3.22.1) by extension 'colcon_meta'
[1.350s] Level 1:colcon.colcon_core.package_identification:_identify(workspace/ros_ur_driver/src/build/ur_moveit_config/CMakeFiles/3.22.1) by extensions ['ros']
[1.350s] Level 1:colcon.colcon_core.package_identification:_identify(workspace/ros_ur_driver/src/build/ur_moveit_config/CMakeFiles/3.22.1) by extension 'ros'
[1.350s] Level 1:colcon.colcon_core.package_identification:_identify(workspace/ros_ur_driver/src/build/ur_moveit_config/CMakeFiles/3.22.1) by extensions ['cmake', 'python']
[1.350s] Level 1:colcon.colcon_core.package_identification:_identify(workspace/ros_ur_driver/src/build/ur_moveit_config/CMakeFiles/3.22.1) by extension 'cmake'
[1.350s] Level 1:colcon.colcon_core.package_identification:_identify(workspace/ros_ur_driver/src/build/ur_moveit_config/CMakeFiles/3.22.1) by extension 'python'
[1.351s] Level 1:colcon.colcon_core.package_identification:_identify(workspace/ros_ur_driver/src/build/ur_moveit_config/CMakeFiles/3.22.1) by extensions ['python_setup_py']
[1.351s] Level 1:colcon.colcon_core.package_identification:_identify(workspace/ros_ur_driver/src/build/ur_moveit_config/CMakeFiles/3.22.1) by extension 'python_setup_py'
[1.351s] Level 1:colcon.colcon_core.package_identification:_identify(workspace/ros_ur_driver/src/build/ur_moveit_config/CMakeFiles/3.22.1/CompilerIdC) by extensions ['ignore', 'ignore_ament_install']
[1.351s] Level 1:colcon.colcon_core.package_identification:_identify(workspace/ros_ur_driver/src/build/ur_moveit_config/CMakeFiles/3.22.1/CompilerIdC) by extension 'ignore'
[1.351s] Level 1:colcon.colcon_core.package_identification:_identify(workspace/ros_ur_driver/src/build/ur_moveit_config/CMakeFiles/3.22.1/CompilerIdC) by extension 'ignore_ament_install'
[1.351s] Level 1:colcon.colcon_core.package_identification:_identify(workspace/ros_ur_driver/src/build/ur_moveit_config/CMakeFiles/3.22.1/CompilerIdC) by extensions ['colcon_pkg']
[1.352s] Level 1:colcon.colcon_core.package_identification:_identify(workspace/ros_ur_driver/src/build/ur_moveit_config/CMakeFiles/3.22.1/CompilerIdC) by extension 'colcon_pkg'
[1.352s] Level 1:colcon.colcon_core.package_identification:_identify(workspace/ros_ur_driver/src/build/ur_moveit_config/CMakeFiles/3.22.1/CompilerIdC) by extensions ['colcon_meta']
[1.352s] Level 1:colcon.colcon_core.package_identification:_identify(workspace/ros_ur_driver/src/build/ur_moveit_config/CMakeFiles/3.22.1/CompilerIdC) by extension 'colcon_meta'
[1.352s] Level 1:colcon.colcon_core.package_identification:_identify(workspace/ros_ur_driver/src/build/ur_moveit_config/CMakeFiles/3.22.1/CompilerIdC) by extensions ['ros']
[1.352s] Level 1:colcon.colcon_core.package_identification:_identify(workspace/ros_ur_driver/src/build/ur_moveit_config/CMakeFiles/3.22.1/CompilerIdC) by extension 'ros'
[1.352s] Level 1:colcon.colcon_core.package_identification:_identify(workspace/ros_ur_driver/src/build/ur_moveit_config/CMakeFiles/3.22.1/CompilerIdC) by extensions ['cmake', 'python']
[1.353s] Level 1:colcon.colcon_core.package_identification:_identify(workspace/ros_ur_driver/src/build/ur_moveit_config/CMakeFiles/3.22.1/CompilerIdC) by extension 'cmake'
[1.353s] Level 1:colcon.colcon_core.package_identification:_identify(workspace/ros_ur_driver/src/build/ur_moveit_config/CMakeFiles/3.22.1/CompilerIdC) by extension 'python'
[1.353s] Level 1:colcon.colcon_core.package_identification:_identify(workspace/ros_ur_driver/src/build/ur_moveit_config/CMakeFiles/3.22.1/CompilerIdC) by extensions ['python_setup_py']
[1.353s] Level 1:colcon.colcon_core.package_identification:_identify(workspace/ros_ur_driver/src/build/ur_moveit_config/CMakeFiles/3.22.1/CompilerIdC) by extension 'python_setup_py'
[1.353s] Level 1:colcon.colcon_core.package_identification:_identify(workspace/ros_ur_driver/src/build/ur_moveit_config/CMakeFiles/3.22.1/CompilerIdC/tmp) by extensions ['ignore', 'ignore_ament_install']
[1.353s] Level 1:colcon.colcon_core.package_identification:_identify(workspace/ros_ur_driver/src/build/ur_moveit_config/CMakeFiles/3.22.1/CompilerIdC/tmp) by extension 'ignore'
[1.354s] Level 1:colcon.colcon_core.package_identification:_identify(workspace/ros_ur_driver/src/build/ur_moveit_config/CMakeFiles/3.22.1/CompilerIdC/tmp) by extension 'ignore_ament_install'
[1.354s] Level 1:colcon.colcon_core.package_identification:_identify(workspace/ros_ur_driver/src/build/ur_moveit_config/CMakeFiles/3.22.1/CompilerIdC/tmp) by extensions ['colcon_pkg']
[1.354s] Level 1:colcon.colcon_core.package_identification:_identify(workspace/ros_ur_driver/src/build/ur_moveit_config/CMakeFiles/3.22.1/CompilerIdC/tmp) by extension 'colcon_pkg'
[1.354s] Level 1:colcon.colcon_core.package_identification:_identify(workspace/ros_ur_driver/src/build/ur_moveit_config/CMakeFiles/3.22.1/CompilerIdC/tmp) by extensions ['colcon_meta']
[1.354s] Level 1:colcon.colcon_core.package_identification:_identify(workspace/ros_ur_driver/src/build/ur_moveit_config/CMakeFiles/3.22.1/CompilerIdC/tmp) by extension 'colcon_meta'
[1.354s] Level 1:colcon.colcon_core.package_identification:_identify(workspace/ros_ur_driver/src/build/ur_moveit_config/CMakeFiles/3.22.1/CompilerIdC/tmp) by extensions ['ros']
[1.354s] Level 1:colcon.colcon_core.package_identification:_identify(workspace/ros_ur_driver/src/build/ur_moveit_config/CMakeFiles/3.22.1/CompilerIdC/tmp) by extension 'ros'
[1.354s] Level 1:colcon.colcon_core.package_identification:_identify(workspace/ros_ur_driver/src/build/ur_moveit_config/CMakeFiles/3.22.1/CompilerIdC/tmp) by extensions ['cmake', 'python']
[1.354s] Level 1:colcon.colcon_core.package_identification:_identify(workspace/ros_ur_driver/src/build/ur_moveit_config/CMakeFiles/3.22.1/CompilerIdC/tmp) by extension 'cmake'
[1.355s] Level 1:colcon.colcon_core.package_identification:_identify(workspace/ros_ur_driver/src/build/ur_moveit_config/CMakeFiles/3.22.1/CompilerIdC/tmp) by extension 'python'
[1.355s] Level 1:colcon.colcon_core.package_identification:_identify(workspace/ros_ur_driver/src/build/ur_moveit_config/CMakeFiles/3.22.1/CompilerIdC/tmp) by extensions ['python_setup_py']
[1.355s] Level 1:colcon.colcon_core.package_identification:_identify(workspace/ros_ur_driver/src/build/ur_moveit_config/CMakeFiles/3.22.1/CompilerIdC/tmp) by extension 'python_setup_py'
[1.355s] Level 1:colcon.colcon_core.package_identification:_identify(workspace/ros_ur_driver/src/build/ur_moveit_config/CMakeFiles/3.22.1/CompilerIdCXX) by extensions ['ignore', 'ignore_ament_install']
[1.356s] Level 1:colcon.colcon_core.package_identification:_identify(workspace/ros_ur_driver/src/build/ur_moveit_config/CMakeFiles/3.22.1/CompilerIdCXX) by extension 'ignore'
[1.356s] Level 1:colcon.colcon_core.package_identification:_identify(workspace/ros_ur_driver/src/build/ur_moveit_config/CMakeFiles/3.22.1/CompilerIdCXX) by extension 'ignore_ament_install'
[1.356s] Level 1:colcon.colcon_core.package_identification:_identify(workspace/ros_ur_driver/src/build/ur_moveit_config/CMakeFiles/3.22.1/CompilerIdCXX) by extensions ['colcon_pkg']
[1.357s] Level 1:colcon.colcon_core.package_identification:_identify(workspace/ros_ur_driver/src/build/ur_moveit_config/CMakeFiles/3.22.1/CompilerIdCXX) by extension 'colcon_pkg'
[1.357s] Level 1:colcon.colcon_core.package_identification:_identify(workspace/ros_ur_driver/src/build/ur_moveit_config/CMakeFiles/3.22.1/CompilerIdCXX) by extensions ['colcon_meta']
[1.357s] Level 1:colcon.colcon_core.package_identification:_identify(workspace/ros_ur_driver/src/build/ur_moveit_config/CMakeFiles/3.22.1/CompilerIdCXX) by extension 'colcon_meta'
[1.357s] Level 1:colcon.colcon_core.package_identification:_identify(workspace/ros_ur_driver/src/build/ur_moveit_config/CMakeFiles/3.22.1/CompilerIdCXX) by extensions ['ros']
[1.357s] Level 1:colcon.colcon_core.package_identification:_identify(workspace/ros_ur_driver/src/build/ur_moveit_config/CMakeFiles/3.22.1/CompilerIdCXX) by extension 'ros'
[1.357s] Level 1:colcon.colcon_core.package_identification:_identify(workspace/ros_ur_driver/src/build/ur_moveit_config/CMakeFiles/3.22.1/CompilerIdCXX) by extensions ['cmake', 'python']
[1.357s] Level 1:colcon.colcon_core.package_identification:_identify(workspace/ros_ur_driver/src/build/ur_moveit_config/CMakeFiles/3.22.1/CompilerIdCXX) by extension 'cmake'
[1.357s] Level 1:colcon.colcon_core.package_identification:_identify(workspace/ros_ur_driver/src/build/ur_moveit_config/CMakeFiles/3.22.1/CompilerIdCXX) by extension 'python'
[1.357s] Level 1:colcon.colcon_core.package_identification:_identify(workspace/ros_ur_driver/src/build/ur_moveit_config/CMakeFiles/3.22.1/CompilerIdCXX) by extensions ['python_setup_py']
[1.358s] Level 1:colcon.colcon_core.package_identification:_identify(workspace/ros_ur_driver/src/build/ur_moveit_config/CMakeFiles/3.22.1/CompilerIdCXX) by extension 'python_setup_py'
[1.358s] Level 1:colcon.colcon_core.package_identification:_identify(workspace/ros_ur_driver/src/build/ur_moveit_config/CMakeFiles/3.22.1/CompilerIdCXX/tmp) by extensions ['ignore', 'ignore_ament_install']
[1.358s] Level 1:colcon.colcon_core.package_identification:_identify(workspace/ros_ur_driver/src/build/ur_moveit_config/CMakeFiles/3.22.1/CompilerIdCXX/tmp) by extension 'ignore'
[1.358s] Level 1:colcon.colcon_core.package_identification:_identify(workspace/ros_ur_driver/src/build/ur_moveit_config/CMakeFiles/3.22.1/CompilerIdCXX/tmp) by extension 'ignore_ament_install'
[1.358s] Level 1:colcon.colcon_core.package_identification:_identify(workspace/ros_ur_driver/src/build/ur_moveit_config/CMakeFiles/3.22.1/CompilerIdCXX/tmp) by extensions ['colcon_pkg']
[1.359s] Level 1:colcon.colcon_core.package_identification:_identify(workspace/ros_ur_driver/src/build/ur_moveit_config/CMakeFiles/3.22.1/CompilerIdCXX/tmp) by extension 'colcon_pkg'
[1.359s] Level 1:colcon.colcon_core.package_identification:_identify(workspace/ros_ur_driver/src/build/ur_moveit_config/CMakeFiles/3.22.1/CompilerIdCXX/tmp) by extensions ['colcon_meta']
[1.359s] Level 1:colcon.colcon_core.package_identification:_identify(workspace/ros_ur_driver/src/build/ur_moveit_config/CMakeFiles/3.22.1/CompilerIdCXX/tmp) by extension 'colcon_meta'
[1.359s] Level 1:colcon.colcon_core.package_identification:_identify(workspace/ros_ur_driver/src/build/ur_moveit_config/CMakeFiles/3.22.1/CompilerIdCXX/tmp) by extensions ['ros']
[1.359s] Level 1:colcon.colcon_core.package_identification:_identify(workspace/ros_ur_driver/src/build/ur_moveit_config/CMakeFiles/3.22.1/CompilerIdCXX/tmp) by extension 'ros'
[1.360s] Level 1:colcon.colcon_core.package_identification:_identify(workspace/ros_ur_driver/src/build/ur_moveit_config/CMakeFiles/3.22.1/CompilerIdCXX/tmp) by extensions ['cmake', 'python']
[1.360s] Level 1:colcon.colcon_core.package_identification:_identify(workspace/ros_ur_driver/src/build/ur_moveit_config/CMakeFiles/3.22.1/CompilerIdCXX/tmp) by extension 'cmake'
[1.360s] Level 1:colcon.colcon_core.package_identification:_identify(workspace/ros_ur_driver/src/build/ur_moveit_config/CMakeFiles/3.22.1/CompilerIdCXX/tmp) by extension 'python'
[1.360s] Level 1:colcon.colcon_core.package_identification:_identify(workspace/ros_ur_driver/src/build/ur_moveit_config/CMakeFiles/3.22.1/CompilerIdCXX/tmp) by extensions ['python_setup_py']
[1.360s] Level 1:colcon.colcon_core.package_identification:_identify(workspace/ros_ur_driver/src/build/ur_moveit_config/CMakeFiles/3.22.1/CompilerIdCXX/tmp) by extension 'python_setup_py'
[1.360s] Level 1:colcon.colcon_core.package_identification:_identify(workspace/ros_ur_driver/src/build/ur_moveit_config/CMakeFiles/CMakeTmp) by extensions ['ignore', 'ignore_ament_install']
[1.361s] Level 1:colcon.colcon_core.package_identification:_identify(workspace/ros_ur_driver/src/build/ur_moveit_config/CMakeFiles/CMakeTmp) by extension 'ignore'
[1.361s] Level 1:colcon.colcon_core.package_identification:_identify(workspace/ros_ur_driver/src/build/ur_moveit_config/CMakeFiles/CMakeTmp) by extension 'ignore_ament_install'
[1.361s] Level 1:colcon.colcon_core.package_identification:_identify(workspace/ros_ur_driver/src/build/ur_moveit_config/CMakeFiles/CMakeTmp) by extensions ['colcon_pkg']
[1.361s] Level 1:colcon.colcon_core.package_identification:_identify(workspace/ros_ur_driver/src/build/ur_moveit_config/CMakeFiles/CMakeTmp) by extension 'colcon_pkg'
[1.362s] Level 1:colcon.colcon_core.package_identification:_identify(workspace/ros_ur_driver/src/build/ur_moveit_config/CMakeFiles/CMakeTmp) by extensions ['colcon_meta']
[1.362s] Level 1:colcon.colcon_core.package_identification:_identify(workspace/ros_ur_driver/src/build/ur_moveit_config/CMakeFiles/CMakeTmp) by extension 'colcon_meta'
[1.362s] Level 1:colcon.colcon_core.package_identification:_identify(workspace/ros_ur_driver/src/build/ur_moveit_config/CMakeFiles/CMakeTmp) by extensions ['ros']
[1.362s] Level 1:colcon.colcon_core.package_identification:_identify(workspace/ros_ur_driver/src/build/ur_moveit_config/CMakeFiles/CMakeTmp) by extension 'ros'
[1.362s] Level 1:colcon.colcon_core.package_identification:_identify(workspace/ros_ur_driver/src/build/ur_moveit_config/CMakeFiles/CMakeTmp) by extensions ['cmake', 'python']
[1.362s] Level 1:colcon.colcon_core.package_identification:_identify(workspace/ros_ur_driver/src/build/ur_moveit_config/CMakeFiles/CMakeTmp) by extension 'cmake'
[1.362s] Level 1:colcon.colcon_core.package_identification:_identify(workspace/ros_ur_driver/src/build/ur_moveit_config/CMakeFiles/CMakeTmp) by extension 'python'
[1.362s] Level 1:colcon.colcon_core.package_identification:_identify(workspace/ros_ur_driver/src/build/ur_moveit_config/CMakeFiles/CMakeTmp) by extensions ['python_setup_py']
[1.362s] Level 1:colcon.colcon_core.package_identification:_identify(workspace/ros_ur_driver/src/build/ur_moveit_config/CMakeFiles/CMakeTmp) by extension 'python_setup_py'
[1.362s] Level 1:colcon.colcon_core.package_identification:_identify(workspace/ros_ur_driver/src/build/ur_robot_driver) by extensions ['ignore', 'ignore_ament_install']
[1.362s] Level 1:colcon.colcon_core.package_identification:_identify(workspace/ros_ur_driver/src/build/ur_robot_driver) by extension 'ignore'
[1.362s] Level 1:colcon.colcon_core.package_identification:_identify(workspace/ros_ur_driver/src/build/ur_robot_driver) by extension 'ignore_ament_install'
[1.363s] Level 1:colcon.colcon_core.package_identification:_identify(workspace/ros_ur_driver/src/build/ur_robot_driver) by extensions ['colcon_pkg']
[1.363s] Level 1:colcon.colcon_core.package_identification:_identify(workspace/ros_ur_driver/src/build/ur_robot_driver) by extension 'colcon_pkg'
[1.363s] Level 1:colcon.colcon_core.package_identification:_identify(workspace/ros_ur_driver/src/build/ur_robot_driver) by extensions ['colcon_meta']
[1.363s] Level 1:colcon.colcon_core.package_identification:_identify(workspace/ros_ur_driver/src/build/ur_robot_driver) by extension 'colcon_meta'
[1.363s] Level 1:colcon.colcon_core.package_identification:_identify(workspace/ros_ur_driver/src/build/ur_robot_driver) by extensions ['ros']
[1.363s] Level 1:colcon.colcon_core.package_identification:_identify(workspace/ros_ur_driver/src/build/ur_robot_driver) by extension 'ros'
[1.363s] Level 1:colcon.colcon_core.package_identification:_identify(workspace/ros_ur_driver/src/build/ur_robot_driver) by extensions ['cmake', 'python']
[1.363s] Level 1:colcon.colcon_core.package_identification:_identify(workspace/ros_ur_driver/src/build/ur_robot_driver) by extension 'cmake'
[1.364s] Level 1:colcon.colcon_core.package_identification:_identify(workspace/ros_ur_driver/src/build/ur_robot_driver) by extension 'python'
[1.364s] Level 1:colcon.colcon_core.package_identification:_identify(workspace/ros_ur_driver/src/build/ur_robot_driver) by extensions ['python_setup_py']
[1.364s] Level 1:colcon.colcon_core.package_identification:_identify(workspace/ros_ur_driver/src/build/ur_robot_driver) by extension 'python_setup_py'
[1.365s] Level 1:colcon.colcon_core.package_identification:_identify(workspace/ros_ur_driver/src/build/ur_robot_driver/CMakeFiles) by extensions ['ignore', 'ignore_ament_install']
[1.365s] Level 1:colcon.colcon_core.package_identification:_identify(workspace/ros_ur_driver/src/build/ur_robot_driver/CMakeFiles) by extension 'ignore'
[1.365s] Level 1:colcon.colcon_core.package_identification:_identify(workspace/ros_ur_driver/src/build/ur_robot_driver/CMakeFiles) by extension 'ignore_ament_install'
[1.365s] Level 1:colcon.colcon_core.package_identification:_identify(workspace/ros_ur_driver/src/build/ur_robot_driver/CMakeFiles) by extensions ['colcon_pkg']
[1.365s] Level 1:colcon.colcon_core.package_identification:_identify(workspace/ros_ur_driver/src/build/ur_robot_driver/CMakeFiles) by extension 'colcon_pkg'
[1.365s] Level 1:colcon.colcon_core.package_identification:_identify(workspace/ros_ur_driver/src/build/ur_robot_driver/CMakeFiles) by extensions ['colcon_meta']
[1.365s] Level 1:colcon.colcon_core.package_identification:_identify(workspace/ros_ur_driver/src/build/ur_robot_driver/CMakeFiles) by extension 'colcon_meta'
[1.365s] Level 1:colcon.colcon_core.package_identification:_identify(workspace/ros_ur_driver/src/build/ur_robot_driver/CMakeFiles) by extensions ['ros']
[1.365s] Level 1:colcon.colcon_core.package_identification:_identify(workspace/ros_ur_driver/src/build/ur_robot_driver/CMakeFiles) by extension 'ros'
[1.366s] Level 1:colcon.colcon_core.package_identification:_identify(workspace/ros_ur_driver/src/build/ur_robot_driver/CMakeFiles) by extensions ['cmake', 'python']
[1.366s] Level 1:colcon.colcon_core.package_identification:_identify(workspace/ros_ur_driver/src/build/ur_robot_driver/CMakeFiles) by extension 'cmake'
[1.366s] Level 1:colcon.colcon_core.package_identification:_identify(workspace/ros_ur_driver/src/build/ur_robot_driver/CMakeFiles) by extension 'python'
[1.366s] Level 1:colcon.colcon_core.package_identification:_identify(workspace/ros_ur_driver/src/build/ur_robot_driver/CMakeFiles) by extensions ['python_setup_py']
[1.367s] Level 1:colcon.colcon_core.package_identification:_identify(workspace/ros_ur_driver/src/build/ur_robot_driver/CMakeFiles) by extension 'python_setup_py'
[1.367s] Level 1:colcon.colcon_core.package_identification:_identify(workspace/ros_ur_driver/src/build/ur_robot_driver/CMakeFiles/3.22.1) by extensions ['ignore', 'ignore_ament_install']
[1.367s] Level 1:colcon.colcon_core.package_identification:_identify(workspace/ros_ur_driver/src/build/ur_robot_driver/CMakeFiles/3.22.1) by extension 'ignore'
[1.368s] Level 1:colcon.colcon_core.package_identification:_identify(workspace/ros_ur_driver/src/build/ur_robot_driver/CMakeFiles/3.22.1) by extension 'ignore_ament_install'
[1.368s] Level 1:colcon.colcon_core.package_identification:_identify(workspace/ros_ur_driver/src/build/ur_robot_driver/CMakeFiles/3.22.1) by extensions ['colcon_pkg']
[1.368s] Level 1:colcon.colcon_core.package_identification:_identify(workspace/ros_ur_driver/src/build/ur_robot_driver/CMakeFiles/3.22.1) by extension 'colcon_pkg'
[1.368s] Level 1:colcon.colcon_core.package_identification:_identify(workspace/ros_ur_driver/src/build/ur_robot_driver/CMakeFiles/3.22.1) by extensions ['colcon_meta']
[1.368s] Level 1:colcon.colcon_core.package_identification:_identify(workspace/ros_ur_driver/src/build/ur_robot_driver/CMakeFiles/3.22.1) by extension 'colcon_meta'
[1.368s] Level 1:colcon.colcon_core.package_identification:_identify(workspace/ros_ur_driver/src/build/ur_robot_driver/CMakeFiles/3.22.1) by extensions ['ros']
[1.368s] Level 1:colcon.colcon_core.package_identification:_identify(workspace/ros_ur_driver/src/build/ur_robot_driver/CMakeFiles/3.22.1) by extension 'ros'
[1.369s] Level 1:colcon.colcon_core.package_identification:_identify(workspace/ros_ur_driver/src/build/ur_robot_driver/CMakeFiles/3.22.1) by extensions ['cmake', 'python']
[1.369s] Level 1:colcon.colcon_core.package_identification:_identify(workspace/ros_ur_driver/src/build/ur_robot_driver/CMakeFiles/3.22.1) by extension 'cmake'
[1.369s] Level 1:colcon.colcon_core.package_identification:_identify(workspace/ros_ur_driver/src/build/ur_robot_driver/CMakeFiles/3.22.1) by extension 'python'
[1.369s] Level 1:colcon.colcon_core.package_identification:_identify(workspace/ros_ur_driver/src/build/ur_robot_driver/CMakeFiles/3.22.1) by extensions ['python_setup_py']
[1.369s] Level 1:colcon.colcon_core.package_identification:_identify(workspace/ros_ur_driver/src/build/ur_robot_driver/CMakeFiles/3.22.1) by extension 'python_setup_py'
[1.369s] Level 1:colcon.colcon_core.package_identification:_identify(workspace/ros_ur_driver/src/build/ur_robot_driver/CMakeFiles/3.22.1/CompilerIdC) by extensions ['ignore', 'ignore_ament_install']
[1.369s] Level 1:colcon.colcon_core.package_identification:_identify(workspace/ros_ur_driver/src/build/ur_robot_driver/CMakeFiles/3.22.1/CompilerIdC) by extension 'ignore'
[1.369s] Level 1:colcon.colcon_core.package_identification:_identify(workspace/ros_ur_driver/src/build/ur_robot_driver/CMakeFiles/3.22.1/CompilerIdC) by extension 'ignore_ament_install'
[1.369s] Level 1:colcon.colcon_core.package_identification:_identify(workspace/ros_ur_driver/src/build/ur_robot_driver/CMakeFiles/3.22.1/CompilerIdC) by extensions ['colcon_pkg']
[1.369s] Level 1:colcon.colcon_core.package_identification:_identify(workspace/ros_ur_driver/src/build/ur_robot_driver/CMakeFiles/3.22.1/CompilerIdC) by extension 'colcon_pkg'
[1.369s] Level 1:colcon.colcon_core.package_identification:_identify(workspace/ros_ur_driver/src/build/ur_robot_driver/CMakeFiles/3.22.1/CompilerIdC) by extensions ['colcon_meta']
[1.369s] Level 1:colcon.colcon_core.package_identification:_identify(workspace/ros_ur_driver/src/build/ur_robot_driver/CMakeFiles/3.22.1/CompilerIdC) by extension 'colcon_meta'
[1.370s] Level 1:colcon.colcon_core.package_identification:_identify(workspace/ros_ur_driver/src/build/ur_robot_driver/CMakeFiles/3.22.1/CompilerIdC) by extensions ['ros']
[1.370s] Level 1:colcon.colcon_core.package_identification:_identify(workspace/ros_ur_driver/src/build/ur_robot_driver/CMakeFiles/3.22.1/CompilerIdC) by extension 'ros'
[1.370s] Level 1:colcon.colcon_core.package_identification:_identify(workspace/ros_ur_driver/src/build/ur_robot_driver/CMakeFiles/3.22.1/CompilerIdC) by extensions ['cmake', 'python']
[1.370s] Level 1:colcon.colcon_core.package_identification:_identify(workspace/ros_ur_driver/src/build/ur_robot_driver/CMakeFiles/3.22.1/CompilerIdC) by extension 'cmake'
[1.370s] Level 1:colcon.colcon_core.package_identification:_identify(workspace/ros_ur_driver/src/build/ur_robot_driver/CMakeFiles/3.22.1/CompilerIdC) by extension 'python'
[1.371s] Level 1:colcon.colcon_core.package_identification:_identify(workspace/ros_ur_driver/src/build/ur_robot_driver/CMakeFiles/3.22.1/CompilerIdC) by extensions ['python_setup_py']
[1.371s] Level 1:colcon.colcon_core.package_identification:_identify(workspace/ros_ur_driver/src/build/ur_robot_driver/CMakeFiles/3.22.1/CompilerIdC) by extension 'python_setup_py'
[1.372s] Level 1:colcon.colcon_core.package_identification:_identify(workspace/ros_ur_driver/src/build/ur_robot_driver/CMakeFiles/3.22.1/CompilerIdC/tmp) by extensions ['ignore', 'ignore_ament_install']
[1.372s] Level 1:colcon.colcon_core.package_identification:_identify(workspace/ros_ur_driver/src/build/ur_robot_driver/CMakeFiles/3.22.1/CompilerIdC/tmp) by extension 'ignore'
[1.372s] Level 1:colcon.colcon_core.package_identification:_identify(workspace/ros_ur_driver/src/build/ur_robot_driver/CMakeFiles/3.22.1/CompilerIdC/tmp) by extension 'ignore_ament_install'
[1.372s] Level 1:colcon.colcon_core.package_identification:_identify(workspace/ros_ur_driver/src/build/ur_robot_driver/CMakeFiles/3.22.1/CompilerIdC/tmp) by extensions ['colcon_pkg']
[1.372s] Level 1:colcon.colcon_core.package_identification:_identify(workspace/ros_ur_driver/src/build/ur_robot_driver/CMakeFiles/3.22.1/CompilerIdC/tmp) by extension 'colcon_pkg'
[1.372s] Level 1:colcon.colcon_core.package_identification:_identify(workspace/ros_ur_driver/src/build/ur_robot_driver/CMakeFiles/3.22.1/CompilerIdC/tmp) by extensions ['colcon_meta']
[1.372s] Level 1:colcon.colcon_core.package_identification:_identify(workspace/ros_ur_driver/src/build/ur_robot_driver/CMakeFiles/3.22.1/CompilerIdC/tmp) by extension 'colcon_meta'
[1.372s] Level 1:colcon.colcon_core.package_identification:_identify(workspace/ros_ur_driver/src/build/ur_robot_driver/CMakeFiles/3.22.1/CompilerIdC/tmp) by extensions ['ros']
[1.373s] Level 1:colcon.colcon_core.package_identification:_identify(workspace/ros_ur_driver/src/build/ur_robot_driver/CMakeFiles/3.22.1/CompilerIdC/tmp) by extension 'ros'
[1.373s] Level 1:colcon.colcon_core.package_identification:_identify(workspace/ros_ur_driver/src/build/ur_robot_driver/CMakeFiles/3.22.1/CompilerIdC/tmp) by extensions ['cmake', 'python']
[1.373s] Level 1:colcon.colcon_core.package_identification:_identify(workspace/ros_ur_driver/src/build/ur_robot_driver/CMakeFiles/3.22.1/CompilerIdC/tmp) by extension 'cmake'
[1.373s] Level 1:colcon.colcon_core.package_identification:_identify(workspace/ros_ur_driver/src/build/ur_robot_driver/CMakeFiles/3.22.1/CompilerIdC/tmp) by extension 'python'
[1.373s] Level 1:colcon.colcon_core.package_identification:_identify(workspace/ros_ur_driver/src/build/ur_robot_driver/CMakeFiles/3.22.1/CompilerIdC/tmp) by extensions ['python_setup_py']
[1.373s] Level 1:colcon.colcon_core.package_identification:_identify(workspace/ros_ur_driver/src/build/ur_robot_driver/CMakeFiles/3.22.1/CompilerIdC/tmp) by extension 'python_setup_py'
[1.374s] Level 1:colcon.colcon_core.package_identification:_identify(workspace/ros_ur_driver/src/build/ur_robot_driver/CMakeFiles/3.22.1/CompilerIdCXX) by extensions ['ignore', 'ignore_ament_install']
[1.374s] Level 1:colcon.colcon_core.package_identification:_identify(workspace/ros_ur_driver/src/build/ur_robot_driver/CMakeFiles/3.22.1/CompilerIdCXX) by extension 'ignore'
[1.374s] Level 1:colcon.colcon_core.package_identification:_identify(workspace/ros_ur_driver/src/build/ur_robot_driver/CMakeFiles/3.22.1/CompilerIdCXX) by extension 'ignore_ament_install'
[1.374s] Level 1:colcon.colcon_core.package_identification:_identify(workspace/ros_ur_driver/src/build/ur_robot_driver/CMakeFiles/3.22.1/CompilerIdCXX) by extensions ['colcon_pkg']
[1.374s] Level 1:colcon.colcon_core.package_identification:_identify(workspace/ros_ur_driver/src/build/ur_robot_driver/CMakeFiles/3.22.1/CompilerIdCXX) by extension 'colcon_pkg'
[1.374s] Level 1:colcon.colcon_core.package_identification:_identify(workspace/ros_ur_driver/src/build/ur_robot_driver/CMakeFiles/3.22.1/CompilerIdCXX) by extensions ['colcon_meta']
[1.374s] Level 1:colcon.colcon_core.package_identification:_identify(workspace/ros_ur_driver/src/build/ur_robot_driver/CMakeFiles/3.22.1/CompilerIdCXX) by extension 'colcon_meta'
[1.374s] Level 1:colcon.colcon_core.package_identification:_identify(workspace/ros_ur_driver/src/build/ur_robot_driver/CMakeFiles/3.22.1/CompilerIdCXX) by extensions ['ros']
[1.374s] Level 1:colcon.colcon_core.package_identification:_identify(workspace/ros_ur_driver/src/build/ur_robot_driver/CMakeFiles/3.22.1/CompilerIdCXX) by extension 'ros'
[1.374s] Level 1:colcon.colcon_core.package_identification:_identify(workspace/ros_ur_driver/src/build/ur_robot_driver/CMakeFiles/3.22.1/CompilerIdCXX) by extensions ['cmake', 'python']
[1.374s] Level 1:colcon.colcon_core.package_identification:_identify(workspace/ros_ur_driver/src/build/ur_robot_driver/CMakeFiles/3.22.1/CompilerIdCXX) by extension 'cmake'
[1.374s] Level 1:colcon.colcon_core.package_identification:_identify(workspace/ros_ur_driver/src/build/ur_robot_driver/CMakeFiles/3.22.1/CompilerIdCXX) by extension 'python'
[1.375s] Level 1:colcon.colcon_core.package_identification:_identify(workspace/ros_ur_driver/src/build/ur_robot_driver/CMakeFiles/3.22.1/CompilerIdCXX) by extensions ['python_setup_py']
[1.375s] Level 1:colcon.colcon_core.package_identification:_identify(workspace/ros_ur_driver/src/build/ur_robot_driver/CMakeFiles/3.22.1/CompilerIdCXX) by extension 'python_setup_py'
[1.375s] Level 1:colcon.colcon_core.package_identification:_identify(workspace/ros_ur_driver/src/build/ur_robot_driver/CMakeFiles/3.22.1/CompilerIdCXX/tmp) by extensions ['ignore', 'ignore_ament_install']
[1.376s] Level 1:colcon.colcon_core.package_identification:_identify(workspace/ros_ur_driver/src/build/ur_robot_driver/CMakeFiles/3.22.1/CompilerIdCXX/tmp) by extension 'ignore'
[1.376s] Level 1:colcon.colcon_core.package_identification:_identify(workspace/ros_ur_driver/src/build/ur_robot_driver/CMakeFiles/3.22.1/CompilerIdCXX/tmp) by extension 'ignore_ament_install'
[1.376s] Level 1:colcon.colcon_core.package_identification:_identify(workspace/ros_ur_driver/src/build/ur_robot_driver/CMakeFiles/3.22.1/CompilerIdCXX/tmp) by extensions ['colcon_pkg']
[1.376s] Level 1:colcon.colcon_core.package_identification:_identify(workspace/ros_ur_driver/src/build/ur_robot_driver/CMakeFiles/3.22.1/CompilerIdCXX/tmp) by extension 'colcon_pkg'
[1.376s] Level 1:colcon.colcon_core.package_identification:_identify(workspace/ros_ur_driver/src/build/ur_robot_driver/CMakeFiles/3.22.1/CompilerIdCXX/tmp) by extensions ['colcon_meta']
[1.376s] Level 1:colcon.colcon_core.package_identification:_identify(workspace/ros_ur_driver/src/build/ur_robot_driver/CMakeFiles/3.22.1/CompilerIdCXX/tmp) by extension 'colcon_meta'
[1.377s] Level 1:colcon.colcon_core.package_identification:_identify(workspace/ros_ur_driver/src/build/ur_robot_driver/CMakeFiles/3.22.1/CompilerIdCXX/tmp) by extensions ['ros']
[1.377s] Level 1:colcon.colcon_core.package_identification:_identify(workspace/ros_ur_driver/src/build/ur_robot_driver/CMakeFiles/3.22.1/CompilerIdCXX/tmp) by extension 'ros'
[1.377s] Level 1:colcon.colcon_core.package_identification:_identify(workspace/ros_ur_driver/src/build/ur_robot_driver/CMakeFiles/3.22.1/CompilerIdCXX/tmp) by extensions ['cmake', 'python']
[1.377s] Level 1:colcon.colcon_core.package_identification:_identify(workspace/ros_ur_driver/src/build/ur_robot_driver/CMakeFiles/3.22.1/CompilerIdCXX/tmp) by extension 'cmake'
[1.377s] Level 1:colcon.colcon_core.package_identification:_identify(workspace/ros_ur_driver/src/build/ur_robot_driver/CMakeFiles/3.22.1/CompilerIdCXX/tmp) by extension 'python'
[1.377s] Level 1:colcon.colcon_core.package_identification:_identify(workspace/ros_ur_driver/src/build/ur_robot_driver/CMakeFiles/3.22.1/CompilerIdCXX/tmp) by extensions ['python_setup_py']
[1.377s] Level 1:colcon.colcon_core.package_identification:_identify(workspace/ros_ur_driver/src/build/ur_robot_driver/CMakeFiles/3.22.1/CompilerIdCXX/tmp) by extension 'python_setup_py'
[1.377s] Level 1:colcon.colcon_core.package_identification:_identify(workspace/ros_ur_driver/src/build/ur_robot_driver/CMakeFiles/CMakeTmp) by extensions ['ignore', 'ignore_ament_install']
[1.377s] Level 1:colcon.colcon_core.package_identification:_identify(workspace/ros_ur_driver/src/build/ur_robot_driver/CMakeFiles/CMakeTmp) by extension 'ignore'
[1.377s] Level 1:colcon.colcon_core.package_identification:_identify(workspace/ros_ur_driver/src/build/ur_robot_driver/CMakeFiles/CMakeTmp) by extension 'ignore_ament_install'
[1.378s] Level 1:colcon.colcon_core.package_identification:_identify(workspace/ros_ur_driver/src/build/ur_robot_driver/CMakeFiles/CMakeTmp) by extensions ['colcon_pkg']
[1.378s] Level 1:colcon.colcon_core.package_identification:_identify(workspace/ros_ur_driver/src/build/ur_robot_driver/CMakeFiles/CMakeTmp) by extension 'colcon_pkg'
[1.378s] Level 1:colcon.colcon_core.package_identification:_identify(workspace/ros_ur_driver/src/build/ur_robot_driver/CMakeFiles/CMakeTmp) by extensions ['colcon_meta']
[1.378s] Level 1:colcon.colcon_core.package_identification:_identify(workspace/ros_ur_driver/src/build/ur_robot_driver/CMakeFiles/CMakeTmp) by extension 'colcon_meta'
[1.378s] Level 1:colcon.colcon_core.package_identification:_identify(workspace/ros_ur_driver/src/build/ur_robot_driver/CMakeFiles/CMakeTmp) by extensions ['ros']
[1.378s] Level 1:colcon.colcon_core.package_identification:_identify(workspace/ros_ur_driver/src/build/ur_robot_driver/CMakeFiles/CMakeTmp) by extension 'ros'
[1.379s] Level 1:colcon.colcon_core.package_identification:_identify(workspace/ros_ur_driver/src/build/ur_robot_driver/CMakeFiles/CMakeTmp) by extensions ['cmake', 'python']
[1.379s] Level 1:colcon.colcon_core.package_identification:_identify(workspace/ros_ur_driver/src/build/ur_robot_driver/CMakeFiles/CMakeTmp) by extension 'cmake'
[1.379s] Level 1:colcon.colcon_core.package_identification:_identify(workspace/ros_ur_driver/src/build/ur_robot_driver/CMakeFiles/CMakeTmp) by extension 'python'
[1.379s] Level 1:colcon.colcon_core.package_identification:_identify(workspace/ros_ur_driver/src/build/ur_robot_driver/CMakeFiles/CMakeTmp) by extensions ['python_setup_py']
[1.380s] Level 1:colcon.colcon_core.package_identification:_identify(workspace/ros_ur_driver/src/build/ur_robot_driver/CMakeFiles/CMakeTmp) by extension 'python_setup_py'
[1.380s] Level 1:colcon.colcon_core.package_identification:_identify(workspace/ros_ur_driver/src/build_platform) by extensions ['ignore', 'ignore_ament_install']
[1.380s] Level 1:colcon.colcon_core.package_identification:_identify(workspace/ros_ur_driver/src/build_platform) by extension 'ignore'
[1.380s] Level 1:colcon.colcon_core.package_identification:_identify(workspace/ros_ur_driver/src/build_platform) by extension 'ignore_ament_install'
[1.380s] Level 1:colcon.colcon_core.package_identification:_identify(workspace/ros_ur_driver/src/build_platform) by extensions ['colcon_pkg']
[1.380s] Level 1:colcon.colcon_core.package_identification:_identify(workspace/ros_ur_driver/src/build_platform) by extension 'colcon_pkg'
[1.380s] Level 1:colcon.colcon_core.package_identification:_identify(workspace/ros_ur_driver/src/build_platform) by extensions ['colcon_meta']
[1.380s] Level 1:colcon.colcon_core.package_identification:_identify(workspace/ros_ur_driver/src/build_platform) by extension 'colcon_meta'
[1.380s] Level 1:colcon.colcon_core.package_identification:_identify(workspace/ros_ur_driver/src/build_platform) by extensions ['ros']
[1.380s] Level 1:colcon.colcon_core.package_identification:_identify(workspace/ros_ur_driver/src/build_platform) by extension 'ros'
[1.381s] DEBUG:colcon.colcon_core.package_identification:Package 'workspace/ros_ur_driver/src/build_platform' with type 'ros.ament_python' and name 'build_platform'
[1.382s] Level 1:colcon.colcon_core.package_identification:_identify(workspace/ros_ur_driver/src/conversion_datos) by extensions ['ignore', 'ignore_ament_install']
[1.382s] Level 1:colcon.colcon_core.package_identification:_identify(workspace/ros_ur_driver/src/conversion_datos) by extension 'ignore'
[1.382s] Level 1:colcon.colcon_core.package_identification:_identify(workspace/ros_ur_driver/src/conversion_datos) by extension 'ignore_ament_install'
[1.383s] Level 1:colcon.colcon_core.package_identification:_identify(workspace/ros_ur_driver/src/conversion_datos) by extensions ['colcon_pkg']
[1.383s] Level 1:colcon.colcon_core.package_identification:_identify(workspace/ros_ur_driver/src/conversion_datos) by extension 'colcon_pkg'
[1.383s] Level 1:colcon.colcon_core.package_identification:_identify(workspace/ros_ur_driver/src/conversion_datos) by extensions ['colcon_meta']
[1.383s] Level 1:colcon.colcon_core.package_identification:_identify(workspace/ros_ur_driver/src/conversion_datos) by extension 'colcon_meta'
[1.383s] Level 1:colcon.colcon_core.package_identification:_identify(workspace/ros_ur_driver/src/conversion_datos) by extensions ['ros']
[1.383s] Level 1:colcon.colcon_core.package_identification:_identify(workspace/ros_ur_driver/src/conversion_datos) by extension 'ros'
[1.384s] DEBUG:colcon.colcon_core.package_identification:Package 'workspace/ros_ur_driver/src/conversion_datos' with type 'ros.ament_python' and name 'conversion_datos'
[1.384s] Level 1:colcon.colcon_core.package_identification:_identify(workspace/ros_ur_driver/src/data_logger) by extensions ['ignore', 'ignore_ament_install']
[1.385s] Level 1:colcon.colcon_core.package_identification:_identify(workspace/ros_ur_driver/src/data_logger) by extension 'ignore'
[1.385s] Level 1:colcon.colcon_core.package_identification:_identify(workspace/ros_ur_driver/src/data_logger) by extension 'ignore_ament_install'
[1.385s] Level 1:colcon.colcon_core.package_identification:_identify(workspace/ros_ur_driver/src/data_logger) by extensions ['colcon_pkg']
[1.385s] Level 1:colcon.colcon_core.package_identification:_identify(workspace/ros_ur_driver/src/data_logger) by extension 'colcon_pkg'
[1.385s] Level 1:colcon.colcon_core.package_identification:_identify(workspace/ros_ur_driver/src/data_logger) by extensions ['colcon_meta']
[1.385s] Level 1:colcon.colcon_core.package_identification:_identify(workspace/ros_ur_driver/src/data_logger) by extension 'colcon_meta'
[1.385s] Level 1:colcon.colcon_core.package_identification:_identify(workspace/ros_ur_driver/src/data_logger) by extensions ['ros']
[1.385s] Level 1:colcon.colcon_core.package_identification:_identify(workspace/ros_ur_driver/src/data_logger) by extension 'ros'
[1.387s] DEBUG:colcon.colcon_core.package_identification:Package 'workspace/ros_ur_driver/src/data_logger' with type 'ros.ament_python' and name 'data_logger'
[1.387s] Level 1:colcon.colcon_core.package_identification:_identify(workspace/ros_ur_driver/src/install) by extensions ['ignore', 'ignore_ament_install']
[1.388s] Level 1:colcon.colcon_core.package_identification:_identify(workspace/ros_ur_driver/src/install) by extension 'ignore'
[1.388s] Level 1:colcon.colcon_core.package_identification:_identify(workspace/ros_ur_driver/src/install) by extension 'ignore_ament_install'
[1.388s] Level 1:colcon.colcon_core.package_identification:_identify(workspace/ros_ur_driver/src/install) by extensions ['colcon_pkg']
[1.388s] Level 1:colcon.colcon_core.package_identification:_identify(workspace/ros_ur_driver/src/install) by extension 'colcon_pkg'
[1.389s] Level 1:colcon.colcon_core.package_identification:_identify(workspace/ros_ur_driver/src/install) by extensions ['colcon_meta']
[1.389s] Level 1:colcon.colcon_core.package_identification:_identify(workspace/ros_ur_driver/src/install) by extension 'colcon_meta'
[1.389s] Level 1:colcon.colcon_core.package_identification:_identify(workspace/ros_ur_driver/src/install) by extensions ['ros']
[1.389s] Level 1:colcon.colcon_core.package_identification:_identify(workspace/ros_ur_driver/src/install) by extension 'ros'
[1.389s] Level 1:colcon.colcon_core.package_identification:_identify(workspace/ros_ur_driver/src/install) by extensions ['cmake', 'python']
[1.390s] Level 1:colcon.colcon_core.package_identification:_identify(workspace/ros_ur_driver/src/install) by extension 'cmake'
[1.390s] Level 1:colcon.colcon_core.package_identification:_identify(workspace/ros_ur_driver/src/install) by extension 'python'
[1.390s] Level 1:colcon.colcon_core.package_identification:_identify(workspace/ros_ur_driver/src/install) by extensions ['python_setup_py']
[1.390s] Level 1:colcon.colcon_core.package_identification:_identify(workspace/ros_ur_driver/src/install) by extension 'python_setup_py'
[1.390s] Level 1:colcon.colcon_core.package_identification:_identify(workspace/ros_ur_driver/src/install/ur_dashboard_msgs) by extensions ['ignore', 'ignore_ament_install']
[1.390s] Level 1:colcon.colcon_core.package_identification:_identify(workspace/ros_ur_driver/src/install/ur_dashboard_msgs) by extension 'ignore'
[1.391s] Level 1:colcon.colcon_core.package_identification:_identify(workspace/ros_ur_driver/src/install/ur_dashboard_msgs) by extension 'ignore_ament_install'
[1.391s] Level 1:colcon.colcon_core.package_identification:_identify(workspace/ros_ur_driver/src/install/ur_dashboard_msgs) by extensions ['colcon_pkg']
[1.391s] Level 1:colcon.colcon_core.package_identification:_identify(workspace/ros_ur_driver/src/install/ur_dashboard_msgs) by extension 'colcon_pkg'
[1.391s] Level 1:colcon.colcon_core.package_identification:_identify(workspace/ros_ur_driver/src/install/ur_dashboard_msgs) by extensions ['colcon_meta']
[1.391s] Level 1:colcon.colcon_core.package_identification:_identify(workspace/ros_ur_driver/src/install/ur_dashboard_msgs) by extension 'colcon_meta'
[1.391s] Level 1:colcon.colcon_core.package_identification:_identify(workspace/ros_ur_driver/src/install/ur_dashboard_msgs) by extensions ['ros']
[1.391s] Level 1:colcon.colcon_core.package_identification:_identify(workspace/ros_ur_driver/src/install/ur_dashboard_msgs) by extension 'ros'
[1.391s] Level 1:colcon.colcon_core.package_identification:_identify(workspace/ros_ur_driver/src/install/ur_dashboard_msgs) by extensions ['cmake', 'python']
[1.391s] Level 1:colcon.colcon_core.package_identification:_identify(workspace/ros_ur_driver/src/install/ur_dashboard_msgs) by extension 'cmake'
[1.391s] Level 1:colcon.colcon_core.package_identification:_identify(workspace/ros_ur_driver/src/install/ur_dashboard_msgs) by extension 'python'
[1.391s] Level 1:colcon.colcon_core.package_identification:_identify(workspace/ros_ur_driver/src/install/ur_dashboard_msgs) by extensions ['python_setup_py']
[1.391s] Level 1:colcon.colcon_core.package_identification:_identify(workspace/ros_ur_driver/src/install/ur_dashboard_msgs) by extension 'python_setup_py'
[1.391s] Level 1:colcon.colcon_core.package_identification:_identify(workspace/ros_ur_driver/src/install/ur_dashboard_msgs/include) by extensions ['ignore', 'ignore_ament_install']
[1.392s] Level 1:colcon.colcon_core.package_identification:_identify(workspace/ros_ur_driver/src/install/ur_dashboard_msgs/include) by extension 'ignore'
[1.392s] Level 1:colcon.colcon_core.package_identification:_identify(workspace/ros_ur_driver/src/install/ur_dashboard_msgs/include) by extension 'ignore_ament_install'
[1.392s] Level 1:colcon.colcon_core.package_identification:_identify(workspace/ros_ur_driver/src/install/ur_dashboard_msgs/include) by extensions ['colcon_pkg']
[1.392s] Level 1:colcon.colcon_core.package_identification:_identify(workspace/ros_ur_driver/src/install/ur_dashboard_msgs/include) by extension 'colcon_pkg'
[1.392s] Level 1:colcon.colcon_core.package_identification:_identify(workspace/ros_ur_driver/src/install/ur_dashboard_msgs/include) by extensions ['colcon_meta']
[1.392s] Level 1:colcon.colcon_core.package_identification:_identify(workspace/ros_ur_driver/src/install/ur_dashboard_msgs/include) by extension 'colcon_meta'
[1.392s] Level 1:colcon.colcon_core.package_identification:_identify(workspace/ros_ur_driver/src/install/ur_dashboard_msgs/include) by extensions ['ros']
[1.392s] Level 1:colcon.colcon_core.package_identification:_identify(workspace/ros_ur_driver/src/install/ur_dashboard_msgs/include) by extension 'ros'
[1.392s] Level 1:colcon.colcon_core.package_identification:_identify(workspace/ros_ur_driver/src/install/ur_dashboard_msgs/include) by extensions ['cmake', 'python']
[1.392s] Level 1:colcon.colcon_core.package_identification:_identify(workspace/ros_ur_driver/src/install/ur_dashboard_msgs/include) by extension 'cmake'
[1.393s] Level 1:colcon.colcon_core.package_identification:_identify(workspace/ros_ur_driver/src/install/ur_dashboard_msgs/include) by extension 'python'
[1.393s] Level 1:colcon.colcon_core.package_identification:_identify(workspace/ros_ur_driver/src/install/ur_dashboard_msgs/include) by extensions ['python_setup_py']
[1.393s] Level 1:colcon.colcon_core.package_identification:_identify(workspace/ros_ur_driver/src/install/ur_dashboard_msgs/include) by extension 'python_setup_py'
[1.393s] Level 1:colcon.colcon_core.package_identification:_identify(workspace/ros_ur_driver/src/install/ur_dashboard_msgs/include/ur_dashboard_msgs) by extensions ['ignore', 'ignore_ament_install']
[1.394s] Level 1:colcon.colcon_core.package_identification:_identify(workspace/ros_ur_driver/src/install/ur_dashboard_msgs/include/ur_dashboard_msgs) by extension 'ignore'
[1.394s] Level 1:colcon.colcon_core.package_identification:_identify(workspace/ros_ur_driver/src/install/ur_dashboard_msgs/include/ur_dashboard_msgs) by extension 'ignore_ament_install'
[1.394s] Level 1:colcon.colcon_core.package_identification:_identify(workspace/ros_ur_driver/src/install/ur_dashboard_msgs/include/ur_dashboard_msgs) by extensions ['colcon_pkg']
[1.394s] Level 1:colcon.colcon_core.package_identification:_identify(workspace/ros_ur_driver/src/install/ur_dashboard_msgs/include/ur_dashboard_msgs) by extension 'colcon_pkg'
[1.394s] Level 1:colcon.colcon_core.package_identification:_identify(workspace/ros_ur_driver/src/install/ur_dashboard_msgs/include/ur_dashboard_msgs) by extensions ['colcon_meta']
[1.394s] Level 1:colcon.colcon_core.package_identification:_identify(workspace/ros_ur_driver/src/install/ur_dashboard_msgs/include/ur_dashboard_msgs) by extension 'colcon_meta'
[1.395s] Level 1:colcon.colcon_core.package_identification:_identify(workspace/ros_ur_driver/src/install/ur_dashboard_msgs/include/ur_dashboard_msgs) by extensions ['ros']
[1.395s] Level 1:colcon.colcon_core.package_identification:_identify(workspace/ros_ur_driver/src/install/ur_dashboard_msgs/include/ur_dashboard_msgs) by extension 'ros'
[1.395s] Level 1:colcon.colcon_core.package_identification:_identify(workspace/ros_ur_driver/src/install/ur_dashboard_msgs/include/ur_dashboard_msgs) by extensions ['cmake', 'python']
[1.395s] Level 1:colcon.colcon_core.package_identification:_identify(workspace/ros_ur_driver/src/install/ur_dashboard_msgs/include/ur_dashboard_msgs) by extension 'cmake'
[1.395s] Level 1:colcon.colcon_core.package_identification:_identify(workspace/ros_ur_driver/src/install/ur_dashboard_msgs/include/ur_dashboard_msgs) by extension 'python'
[1.395s] Level 1:colcon.colcon_core.package_identification:_identify(workspace/ros_ur_driver/src/install/ur_dashboard_msgs/include/ur_dashboard_msgs) by extensions ['python_setup_py']
[1.395s] Level 1:colcon.colcon_core.package_identification:_identify(workspace/ros_ur_driver/src/install/ur_dashboard_msgs/include/ur_dashboard_msgs) by extension 'python_setup_py'
[1.395s] Level 1:colcon.colcon_core.package_identification:_identify(workspace/ros_ur_driver/src/install/ur_dashboard_msgs/include/ur_dashboard_msgs/ur_dashboard_msgs) by extensions ['ignore', 'ignore_ament_install']
[1.396s] Level 1:colcon.colcon_core.package_identification:_identify(workspace/ros_ur_driver/src/install/ur_dashboard_msgs/include/ur_dashboard_msgs/ur_dashboard_msgs) by extension 'ignore'
[1.396s] Level 1:colcon.colcon_core.package_identification:_identify(workspace/ros_ur_driver/src/install/ur_dashboard_msgs/include/ur_dashboard_msgs/ur_dashboard_msgs) by extension 'ignore_ament_install'
[1.396s] Level 1:colcon.colcon_core.package_identification:_identify(workspace/ros_ur_driver/src/install/ur_dashboard_msgs/include/ur_dashboard_msgs/ur_dashboard_msgs) by extensions ['colcon_pkg']
[1.396s] Level 1:colcon.colcon_core.package_identification:_identify(workspace/ros_ur_driver/src/install/ur_dashboard_msgs/include/ur_dashboard_msgs/ur_dashboard_msgs) by extension 'colcon_pkg'
[1.396s] Level 1:colcon.colcon_core.package_identification:_identify(workspace/ros_ur_driver/src/install/ur_dashboard_msgs/include/ur_dashboard_msgs/ur_dashboard_msgs) by extensions ['colcon_meta']
[1.396s] Level 1:colcon.colcon_core.package_identification:_identify(workspace/ros_ur_driver/src/install/ur_dashboard_msgs/include/ur_dashboard_msgs/ur_dashboard_msgs) by extension 'colcon_meta'
[1.396s] Level 1:colcon.colcon_core.package_identification:_identify(workspace/ros_ur_driver/src/install/ur_dashboard_msgs/include/ur_dashboard_msgs/ur_dashboard_msgs) by extensions ['ros']
[1.396s] Level 1:colcon.colcon_core.package_identification:_identify(workspace/ros_ur_driver/src/install/ur_dashboard_msgs/include/ur_dashboard_msgs/ur_dashboard_msgs) by extension 'ros'
[1.397s] Level 1:colcon.colcon_core.package_identification:_identify(workspace/ros_ur_driver/src/install/ur_dashboard_msgs/include/ur_dashboard_msgs/ur_dashboard_msgs) by extensions ['cmake', 'python']
[1.397s] Level 1:colcon.colcon_core.package_identification:_identify(workspace/ros_ur_driver/src/install/ur_dashboard_msgs/include/ur_dashboard_msgs/ur_dashboard_msgs) by extension 'cmake'
[1.397s] Level 1:colcon.colcon_core.package_identification:_identify(workspace/ros_ur_driver/src/install/ur_dashboard_msgs/include/ur_dashboard_msgs/ur_dashboard_msgs) by extension 'python'
[1.398s] Level 1:colcon.colcon_core.package_identification:_identify(workspace/ros_ur_driver/src/install/ur_dashboard_msgs/include/ur_dashboard_msgs/ur_dashboard_msgs) by extensions ['python_setup_py']
[1.398s] Level 1:colcon.colcon_core.package_identification:_identify(workspace/ros_ur_driver/src/install/ur_dashboard_msgs/include/ur_dashboard_msgs/ur_dashboard_msgs) by extension 'python_setup_py'
[1.398s] Level 1:colcon.colcon_core.package_identification:_identify(workspace/ros_ur_driver/src/install/ur_dashboard_msgs/include/ur_dashboard_msgs/ur_dashboard_msgs/action) by extensions ['ignore', 'ignore_ament_install']
[1.398s] Level 1:colcon.colcon_core.package_identification:_identify(workspace/ros_ur_driver/src/install/ur_dashboard_msgs/include/ur_dashboard_msgs/ur_dashboard_msgs/action) by extension 'ignore'
[1.398s] Level 1:colcon.colcon_core.package_identification:_identify(workspace/ros_ur_driver/src/install/ur_dashboard_msgs/include/ur_dashboard_msgs/ur_dashboard_msgs/action) by extension 'ignore_ament_install'
[1.398s] Level 1:colcon.colcon_core.package_identification:_identify(workspace/ros_ur_driver/src/install/ur_dashboard_msgs/include/ur_dashboard_msgs/ur_dashboard_msgs/action) by extensions ['colcon_pkg']
[1.398s] Level 1:colcon.colcon_core.package_identification:_identify(workspace/ros_ur_driver/src/install/ur_dashboard_msgs/include/ur_dashboard_msgs/ur_dashboard_msgs/action) by extension 'colcon_pkg'
[1.398s] Level 1:colcon.colcon_core.package_identification:_identify(workspace/ros_ur_driver/src/install/ur_dashboard_msgs/include/ur_dashboard_msgs/ur_dashboard_msgs/action) by extensions ['colcon_meta']
[1.398s] Level 1:colcon.colcon_core.package_identification:_identify(workspace/ros_ur_driver/src/install/ur_dashboard_msgs/include/ur_dashboard_msgs/ur_dashboard_msgs/action) by extension 'colcon_meta'
[1.398s] Level 1:colcon.colcon_core.package_identification:_identify(workspace/ros_ur_driver/src/install/ur_dashboard_msgs/include/ur_dashboard_msgs/ur_dashboard_msgs/action) by extensions ['ros']
[1.398s] Level 1:colcon.colcon_core.package_identification:_identify(workspace/ros_ur_driver/src/install/ur_dashboard_msgs/include/ur_dashboard_msgs/ur_dashboard_msgs/action) by extension 'ros'
[1.399s] Level 1:colcon.colcon_core.package_identification:_identify(workspace/ros_ur_driver/src/install/ur_dashboard_msgs/include/ur_dashboard_msgs/ur_dashboard_msgs/action) by extensions ['cmake', 'python']
[1.399s] Level 1:colcon.colcon_core.package_identification:_identify(workspace/ros_ur_driver/src/install/ur_dashboard_msgs/include/ur_dashboard_msgs/ur_dashboard_msgs/action) by extension 'cmake'
[1.399s] Level 1:colcon.colcon_core.package_identification:_identify(workspace/ros_ur_driver/src/install/ur_dashboard_msgs/include/ur_dashboard_msgs/ur_dashboard_msgs/action) by extension 'python'
[1.399s] Level 1:colcon.colcon_core.package_identification:_identify(workspace/ros_ur_driver/src/install/ur_dashboard_msgs/include/ur_dashboard_msgs/ur_dashboard_msgs/action) by extensions ['python_setup_py']
[1.399s] Level 1:colcon.colcon_core.package_identification:_identify(workspace/ros_ur_driver/src/install/ur_dashboard_msgs/include/ur_dashboard_msgs/ur_dashboard_msgs/action) by extension 'python_setup_py'
[1.399s] Level 1:colcon.colcon_core.package_identification:_identify(workspace/ros_ur_driver/src/install/ur_dashboard_msgs/include/ur_dashboard_msgs/ur_dashboard_msgs/action/detail) by extensions ['ignore', 'ignore_ament_install']
[1.400s] Level 1:colcon.colcon_core.package_identification:_identify(workspace/ros_ur_driver/src/install/ur_dashboard_msgs/include/ur_dashboard_msgs/ur_dashboard_msgs/action/detail) by extension 'ignore'
[1.400s] Level 1:colcon.colcon_core.package_identification:_identify(workspace/ros_ur_driver/src/install/ur_dashboard_msgs/include/ur_dashboard_msgs/ur_dashboard_msgs/action/detail) by extension 'ignore_ament_install'
[1.400s] Level 1:colcon.colcon_core.package_identification:_identify(workspace/ros_ur_driver/src/install/ur_dashboard_msgs/include/ur_dashboard_msgs/ur_dashboard_msgs/action/detail) by extensions ['colcon_pkg']
[1.400s] Level 1:colcon.colcon_core.package_identification:_identify(workspace/ros_ur_driver/src/install/ur_dashboard_msgs/include/ur_dashboard_msgs/ur_dashboard_msgs/action/detail) by extension 'colcon_pkg'
[1.401s] Level 1:colcon.colcon_core.package_identification:_identify(workspace/ros_ur_driver/src/install/ur_dashboard_msgs/include/ur_dashboard_msgs/ur_dashboard_msgs/action/detail) by extensions ['colcon_meta']
[1.401s] Level 1:colcon.colcon_core.package_identification:_identify(workspace/ros_ur_driver/src/install/ur_dashboard_msgs/include/ur_dashboard_msgs/ur_dashboard_msgs/action/detail) by extension 'colcon_meta'
[1.401s] Level 1:colcon.colcon_core.package_identification:_identify(workspace/ros_ur_driver/src/install/ur_dashboard_msgs/include/ur_dashboard_msgs/ur_dashboard_msgs/action/detail) by extensions ['ros']
[1.401s] Level 1:colcon.colcon_core.package_identification:_identify(workspace/ros_ur_driver/src/install/ur_dashboard_msgs/include/ur_dashboard_msgs/ur_dashboard_msgs/action/detail) by extension 'ros'
[1.401s] Level 1:colcon.colcon_core.package_identification:_identify(workspace/ros_ur_driver/src/install/ur_dashboard_msgs/include/ur_dashboard_msgs/ur_dashboard_msgs/action/detail) by extensions ['cmake', 'python']
[1.401s] Level 1:colcon.colcon_core.package_identification:_identify(workspace/ros_ur_driver/src/install/ur_dashboard_msgs/include/ur_dashboard_msgs/ur_dashboard_msgs/action/detail) by extension 'cmake'
[1.402s] Level 1:colcon.colcon_core.package_identification:_identify(workspace/ros_ur_driver/src/install/ur_dashboard_msgs/include/ur_dashboard_msgs/ur_dashboard_msgs/action/detail) by extension 'python'
[1.402s] Level 1:colcon.colcon_core.package_identification:_identify(workspace/ros_ur_driver/src/install/ur_dashboard_msgs/include/ur_dashboard_msgs/ur_dashboard_msgs/action/detail) by extensions ['python_setup_py']
[1.402s] Level 1:colcon.colcon_core.package_identification:_identify(workspace/ros_ur_driver/src/install/ur_dashboard_msgs/include/ur_dashboard_msgs/ur_dashboard_msgs/action/detail) by extension 'python_setup_py'
[1.402s] Level 1:colcon.colcon_core.package_identification:_identify(workspace/ros_ur_driver/src/install/ur_dashboard_msgs/include/ur_dashboard_msgs/ur_dashboard_msgs/action/detail/dds_fastrtps) by extensions ['ignore', 'ignore_ament_install']
[1.402s] Level 1:colcon.colcon_core.package_identification:_identify(workspace/ros_ur_driver/src/install/ur_dashboard_msgs/include/ur_dashboard_msgs/ur_dashboard_msgs/action/detail/dds_fastrtps) by extension 'ignore'
[1.403s] Level 1:colcon.colcon_core.package_identification:_identify(workspace/ros_ur_driver/src/install/ur_dashboard_msgs/include/ur_dashboard_msgs/ur_dashboard_msgs/action/detail/dds_fastrtps) by extension 'ignore_ament_install'
[1.403s] Level 1:colcon.colcon_core.package_identification:_identify(workspace/ros_ur_driver/src/install/ur_dashboard_msgs/include/ur_dashboard_msgs/ur_dashboard_msgs/action/detail/dds_fastrtps) by extensions ['colcon_pkg']
[1.403s] Level 1:colcon.colcon_core.package_identification:_identify(workspace/ros_ur_driver/src/install/ur_dashboard_msgs/include/ur_dashboard_msgs/ur_dashboard_msgs/action/detail/dds_fastrtps) by extension 'colcon_pkg'
[1.403s] Level 1:colcon.colcon_core.package_identification:_identify(workspace/ros_ur_driver/src/install/ur_dashboard_msgs/include/ur_dashboard_msgs/ur_dashboard_msgs/action/detail/dds_fastrtps) by extensions ['colcon_meta']
[1.403s] Level 1:colcon.colcon_core.package_identification:_identify(workspace/ros_ur_driver/src/install/ur_dashboard_msgs/include/ur_dashboard_msgs/ur_dashboard_msgs/action/detail/dds_fastrtps) by extension 'colcon_meta'
[1.403s] Level 1:colcon.colcon_core.package_identification:_identify(workspace/ros_ur_driver/src/install/ur_dashboard_msgs/include/ur_dashboard_msgs/ur_dashboard_msgs/action/detail/dds_fastrtps) by extensions ['ros']
[1.404s] Level 1:colcon.colcon_core.package_identification:_identify(workspace/ros_ur_driver/src/install/ur_dashboard_msgs/include/ur_dashboard_msgs/ur_dashboard_msgs/action/detail/dds_fastrtps) by extension 'ros'
[1.404s] Level 1:colcon.colcon_core.package_identification:_identify(workspace/ros_ur_driver/src/install/ur_dashboard_msgs/include/ur_dashboard_msgs/ur_dashboard_msgs/action/detail/dds_fastrtps) by extensions ['cmake', 'python']
[1.404s] Level 1:colcon.colcon_core.package_identification:_identify(workspace/ros_ur_driver/src/install/ur_dashboard_msgs/include/ur_dashboard_msgs/ur_dashboard_msgs/action/detail/dds_fastrtps) by extension 'cmake'
[1.404s] Level 1:colcon.colcon_core.package_identification:_identify(workspace/ros_ur_driver/src/install/ur_dashboard_msgs/include/ur_dashboard_msgs/ur_dashboard_msgs/action/detail/dds_fastrtps) by extension 'python'
[1.404s] Level 1:colcon.colcon_core.package_identification:_identify(workspace/ros_ur_driver/src/install/ur_dashboard_msgs/include/ur_dashboard_msgs/ur_dashboard_msgs/action/detail/dds_fastrtps) by extensions ['python_setup_py']
[1.404s] Level 1:colcon.colcon_core.package_identification:_identify(workspace/ros_ur_driver/src/install/ur_dashboard_msgs/include/ur_dashboard_msgs/ur_dashboard_msgs/action/detail/dds_fastrtps) by extension 'python_setup_py'
[1.405s] Level 1:colcon.colcon_core.package_identification:_identify(workspace/ros_ur_driver/src/install/ur_dashboard_msgs/include/ur_dashboard_msgs/ur_dashboard_msgs/msg) by extensions ['ignore', 'ignore_ament_install']
[1.405s] Level 1:colcon.colcon_core.package_identification:_identify(workspace/ros_ur_driver/src/install/ur_dashboard_msgs/include/ur_dashboard_msgs/ur_dashboard_msgs/msg) by extension 'ignore'
[1.405s] Level 1:colcon.colcon_core.package_identification:_identify(workspace/ros_ur_driver/src/install/ur_dashboard_msgs/include/ur_dashboard_msgs/ur_dashboard_msgs/msg) by extension 'ignore_ament_install'
[1.405s] Level 1:colcon.colcon_core.package_identification:_identify(workspace/ros_ur_driver/src/install/ur_dashboard_msgs/include/ur_dashboard_msgs/ur_dashboard_msgs/msg) by extensions ['colcon_pkg']
[1.405s] Level 1:colcon.colcon_core.package_identification:_identify(workspace/ros_ur_driver/src/install/ur_dashboard_msgs/include/ur_dashboard_msgs/ur_dashboard_msgs/msg) by extension 'colcon_pkg'
[1.405s] Level 1:colcon.colcon_core.package_identification:_identify(workspace/ros_ur_driver/src/install/ur_dashboard_msgs/include/ur_dashboard_msgs/ur_dashboard_msgs/msg) by extensions ['colcon_meta']
[1.406s] Level 1:colcon.colcon_core.package_identification:_identify(workspace/ros_ur_driver/src/install/ur_dashboard_msgs/include/ur_dashboard_msgs/ur_dashboard_msgs/msg) by extension 'colcon_meta'
[1.406s] Level 1:colcon.colcon_core.package_identification:_identify(workspace/ros_ur_driver/src/install/ur_dashboard_msgs/include/ur_dashboard_msgs/ur_dashboard_msgs/msg) by extensions ['ros']
[1.406s] Level 1:colcon.colcon_core.package_identification:_identify(workspace/ros_ur_driver/src/install/ur_dashboard_msgs/include/ur_dashboard_msgs/ur_dashboard_msgs/msg) by extension 'ros'
[1.406s] Level 1:colcon.colcon_core.package_identification:_identify(workspace/ros_ur_driver/src/install/ur_dashboard_msgs/include/ur_dashboard_msgs/ur_dashboard_msgs/msg) by extensions ['cmake', 'python']
[1.406s] Level 1:colcon.colcon_core.package_identification:_identify(workspace/ros_ur_driver/src/install/ur_dashboard_msgs/include/ur_dashboard_msgs/ur_dashboard_msgs/msg) by extension 'cmake'
[1.406s] Level 1:colcon.colcon_core.package_identification:_identify(workspace/ros_ur_driver/src/install/ur_dashboard_msgs/include/ur_dashboard_msgs/ur_dashboard_msgs/msg) by extension 'python'
[1.406s] Level 1:colcon.colcon_core.package_identification:_identify(workspace/ros_ur_driver/src/install/ur_dashboard_msgs/include/ur_dashboard_msgs/ur_dashboard_msgs/msg) by extensions ['python_setup_py']
[1.406s] Level 1:colcon.colcon_core.package_identification:_identify(workspace/ros_ur_driver/src/install/ur_dashboard_msgs/include/ur_dashboard_msgs/ur_dashboard_msgs/msg) by extension 'python_setup_py'
[1.406s] Level 1:colcon.colcon_core.package_identification:_identify(workspace/ros_ur_driver/src/install/ur_dashboard_msgs/include/ur_dashboard_msgs/ur_dashboard_msgs/msg/detail) by extensions ['ignore', 'ignore_ament_install']
[1.406s] Level 1:colcon.colcon_core.package_identification:_identify(workspace/ros_ur_driver/src/install/ur_dashboard_msgs/include/ur_dashboard_msgs/ur_dashboard_msgs/msg/detail) by extension 'ignore'
[1.406s] Level 1:colcon.colcon_core.package_identification:_identify(workspace/ros_ur_driver/src/install/ur_dashboard_msgs/include/ur_dashboard_msgs/ur_dashboard_msgs/msg/detail) by extension 'ignore_ament_install'
[1.406s] Level 1:colcon.colcon_core.package_identification:_identify(workspace/ros_ur_driver/src/install/ur_dashboard_msgs/include/ur_dashboard_msgs/ur_dashboard_msgs/msg/detail) by extensions ['colcon_pkg']
[1.407s] Level 1:colcon.colcon_core.package_identification:_identify(workspace/ros_ur_driver/src/install/ur_dashboard_msgs/include/ur_dashboard_msgs/ur_dashboard_msgs/msg/detail) by extension 'colcon_pkg'
[1.407s] Level 1:colcon.colcon_core.package_identification:_identify(workspace/ros_ur_driver/src/install/ur_dashboard_msgs/include/ur_dashboard_msgs/ur_dashboard_msgs/msg/detail) by extensions ['colcon_meta']
[1.407s] Level 1:colcon.colcon_core.package_identification:_identify(workspace/ros_ur_driver/src/install/ur_dashboard_msgs/include/ur_dashboard_msgs/ur_dashboard_msgs/msg/detail) by extension 'colcon_meta'
[1.407s] Level 1:colcon.colcon_core.package_identification:_identify(workspace/ros_ur_driver/src/install/ur_dashboard_msgs/include/ur_dashboard_msgs/ur_dashboard_msgs/msg/detail) by extensions ['ros']
[1.407s] Level 1:colcon.colcon_core.package_identification:_identify(workspace/ros_ur_driver/src/install/ur_dashboard_msgs/include/ur_dashboard_msgs/ur_dashboard_msgs/msg/detail) by extension 'ros'
[1.408s] Level 1:colcon.colcon_core.package_identification:_identify(workspace/ros_ur_driver/src/install/ur_dashboard_msgs/include/ur_dashboard_msgs/ur_dashboard_msgs/msg/detail) by extensions ['cmake', 'python']
[1.408s] Level 1:colcon.colcon_core.package_identification:_identify(workspace/ros_ur_driver/src/install/ur_dashboard_msgs/include/ur_dashboard_msgs/ur_dashboard_msgs/msg/detail) by extension 'cmake'
[1.408s] Level 1:colcon.colcon_core.package_identification:_identify(workspace/ros_ur_driver/src/install/ur_dashboard_msgs/include/ur_dashboard_msgs/ur_dashboard_msgs/msg/detail) by extension 'python'
[1.408s] Level 1:colcon.colcon_core.package_identification:_identify(workspace/ros_ur_driver/src/install/ur_dashboard_msgs/include/ur_dashboard_msgs/ur_dashboard_msgs/msg/detail) by extensions ['python_setup_py']
[1.409s] Level 1:colcon.colcon_core.package_identification:_identify(workspace/ros_ur_driver/src/install/ur_dashboard_msgs/include/ur_dashboard_msgs/ur_dashboard_msgs/msg/detail) by extension 'python_setup_py'
[1.409s] Level 1:colcon.colcon_core.package_identification:_identify(workspace/ros_ur_driver/src/install/ur_dashboard_msgs/include/ur_dashboard_msgs/ur_dashboard_msgs/msg/detail/dds_fastrtps) by extensions ['ignore', 'ignore_ament_install']
[1.409s] Level 1:colcon.colcon_core.package_identification:_identify(workspace/ros_ur_driver/src/install/ur_dashboard_msgs/include/ur_dashboard_msgs/ur_dashboard_msgs/msg/detail/dds_fastrtps) by extension 'ignore'
[1.409s] Level 1:colcon.colcon_core.package_identification:_identify(workspace/ros_ur_driver/src/install/ur_dashboard_msgs/include/ur_dashboard_msgs/ur_dashboard_msgs/msg/detail/dds_fastrtps) by extension 'ignore_ament_install'
[1.410s] Level 1:colcon.colcon_core.package_identification:_identify(workspace/ros_ur_driver/src/install/ur_dashboard_msgs/include/ur_dashboard_msgs/ur_dashboard_msgs/msg/detail/dds_fastrtps) by extensions ['colcon_pkg']
[1.410s] Level 1:colcon.colcon_core.package_identification:_identify(workspace/ros_ur_driver/src/install/ur_dashboard_msgs/include/ur_dashboard_msgs/ur_dashboard_msgs/msg/detail/dds_fastrtps) by extension 'colcon_pkg'
[1.410s] Level 1:colcon.colcon_core.package_identification:_identify(workspace/ros_ur_driver/src/install/ur_dashboard_msgs/include/ur_dashboard_msgs/ur_dashboard_msgs/msg/detail/dds_fastrtps) by extensions ['colcon_meta']
[1.410s] Level 1:colcon.colcon_core.package_identification:_identify(workspace/ros_ur_driver/src/install/ur_dashboard_msgs/include/ur_dashboard_msgs/ur_dashboard_msgs/msg/detail/dds_fastrtps) by extension 'colcon_meta'
[1.410s] Level 1:colcon.colcon_core.package_identification:_identify(workspace/ros_ur_driver/src/install/ur_dashboard_msgs/include/ur_dashboard_msgs/ur_dashboard_msgs/msg/detail/dds_fastrtps) by extensions ['ros']
[1.410s] Level 1:colcon.colcon_core.package_identification:_identify(workspace/ros_ur_driver/src/install/ur_dashboard_msgs/include/ur_dashboard_msgs/ur_dashboard_msgs/msg/detail/dds_fastrtps) by extension 'ros'
[1.410s] Level 1:colcon.colcon_core.package_identification:_identify(workspace/ros_ur_driver/src/install/ur_dashboard_msgs/include/ur_dashboard_msgs/ur_dashboard_msgs/msg/detail/dds_fastrtps) by extensions ['cmake', 'python']
[1.410s] Level 1:colcon.colcon_core.package_identification:_identify(workspace/ros_ur_driver/src/install/ur_dashboard_msgs/include/ur_dashboard_msgs/ur_dashboard_msgs/msg/detail/dds_fastrtps) by extension 'cmake'
[1.411s] Level 1:colcon.colcon_core.package_identification:_identify(workspace/ros_ur_driver/src/install/ur_dashboard_msgs/include/ur_dashboard_msgs/ur_dashboard_msgs/msg/detail/dds_fastrtps) by extension 'python'
[1.411s] Level 1:colcon.colcon_core.package_identification:_identify(workspace/ros_ur_driver/src/install/ur_dashboard_msgs/include/ur_dashboard_msgs/ur_dashboard_msgs/msg/detail/dds_fastrtps) by extensions ['python_setup_py']
[1.411s] Level 1:colcon.colcon_core.package_identification:_identify(workspace/ros_ur_driver/src/install/ur_dashboard_msgs/include/ur_dashboard_msgs/ur_dashboard_msgs/msg/detail/dds_fastrtps) by extension 'python_setup_py'
[1.412s] Level 1:colcon.colcon_core.package_identification:_identify(workspace/ros_ur_driver/src/install/ur_dashboard_msgs/include/ur_dashboard_msgs/ur_dashboard_msgs/srv) by extensions ['ignore', 'ignore_ament_install']
[1.412s] Level 1:colcon.colcon_core.package_identification:_identify(workspace/ros_ur_driver/src/install/ur_dashboard_msgs/include/ur_dashboard_msgs/ur_dashboard_msgs/srv) by extension 'ignore'
[1.412s] Level 1:colcon.colcon_core.package_identification:_identify(workspace/ros_ur_driver/src/install/ur_dashboard_msgs/include/ur_dashboard_msgs/ur_dashboard_msgs/srv) by extension 'ignore_ament_install'
[1.412s] Level 1:colcon.colcon_core.package_identification:_identify(workspace/ros_ur_driver/src/install/ur_dashboard_msgs/include/ur_dashboard_msgs/ur_dashboard_msgs/srv) by extensions ['colcon_pkg']
[1.412s] Level 1:colcon.colcon_core.package_identification:_identify(workspace/ros_ur_driver/src/install/ur_dashboard_msgs/include/ur_dashboard_msgs/ur_dashboard_msgs/srv) by extension 'colcon_pkg'
[1.412s] Level 1:colcon.colcon_core.package_identification:_identify(workspace/ros_ur_driver/src/install/ur_dashboard_msgs/include/ur_dashboard_msgs/ur_dashboard_msgs/srv) by extensions ['colcon_meta']
[1.412s] Level 1:colcon.colcon_core.package_identification:_identify(workspace/ros_ur_driver/src/install/ur_dashboard_msgs/include/ur_dashboard_msgs/ur_dashboard_msgs/srv) by extension 'colcon_meta'
[1.413s] Level 1:colcon.colcon_core.package_identification:_identify(workspace/ros_ur_driver/src/install/ur_dashboard_msgs/include/ur_dashboard_msgs/ur_dashboard_msgs/srv) by extensions ['ros']
[1.413s] Level 1:colcon.colcon_core.package_identification:_identify(workspace/ros_ur_driver/src/install/ur_dashboard_msgs/include/ur_dashboard_msgs/ur_dashboard_msgs/srv) by extension 'ros'
[1.413s] Level 1:colcon.colcon_core.package_identification:_identify(workspace/ros_ur_driver/src/install/ur_dashboard_msgs/include/ur_dashboard_msgs/ur_dashboard_msgs/srv) by extensions ['cmake', 'python']
[1.413s] Level 1:colcon.colcon_core.package_identification:_identify(workspace/ros_ur_driver/src/install/ur_dashboard_msgs/include/ur_dashboard_msgs/ur_dashboard_msgs/srv) by extension 'cmake'
[1.413s] Level 1:colcon.colcon_core.package_identification:_identify(workspace/ros_ur_driver/src/install/ur_dashboard_msgs/include/ur_dashboard_msgs/ur_dashboard_msgs/srv) by extension 'python'
[1.413s] Level 1:colcon.colcon_core.package_identification:_identify(workspace/ros_ur_driver/src/install/ur_dashboard_msgs/include/ur_dashboard_msgs/ur_dashboard_msgs/srv) by extensions ['python_setup_py']
[1.413s] Level 1:colcon.colcon_core.package_identification:_identify(workspace/ros_ur_driver/src/install/ur_dashboard_msgs/include/ur_dashboard_msgs/ur_dashboard_msgs/srv) by extension 'python_setup_py'
[1.414s] Level 1:colcon.colcon_core.package_identification:_identify(workspace/ros_ur_driver/src/install/ur_dashboard_msgs/include/ur_dashboard_msgs/ur_dashboard_msgs/srv/detail) by extensions ['ignore', 'ignore_ament_install']
[1.414s] Level 1:colcon.colcon_core.package_identification:_identify(workspace/ros_ur_driver/src/install/ur_dashboard_msgs/include/ur_dashboard_msgs/ur_dashboard_msgs/srv/detail) by extension 'ignore'
[1.414s] Level 1:colcon.colcon_core.package_identification:_identify(workspace/ros_ur_driver/src/install/ur_dashboard_msgs/include/ur_dashboard_msgs/ur_dashboard_msgs/srv/detail) by extension 'ignore_ament_install'
[1.414s] Level 1:colcon.colcon_core.package_identification:_identify(workspace/ros_ur_driver/src/install/ur_dashboard_msgs/include/ur_dashboard_msgs/ur_dashboard_msgs/srv/detail) by extensions ['colcon_pkg']
[1.414s] Level 1:colcon.colcon_core.package_identification:_identify(workspace/ros_ur_driver/src/install/ur_dashboard_msgs/include/ur_dashboard_msgs/ur_dashboard_msgs/srv/detail) by extension 'colcon_pkg'
[1.414s] Level 1:colcon.colcon_core.package_identification:_identify(workspace/ros_ur_driver/src/install/ur_dashboard_msgs/include/ur_dashboard_msgs/ur_dashboard_msgs/srv/detail) by extensions ['colcon_meta']
[1.414s] Level 1:colcon.colcon_core.package_identification:_identify(workspace/ros_ur_driver/src/install/ur_dashboard_msgs/include/ur_dashboard_msgs/ur_dashboard_msgs/srv/detail) by extension 'colcon_meta'
[1.415s] Level 1:colcon.colcon_core.package_identification:_identify(workspace/ros_ur_driver/src/install/ur_dashboard_msgs/include/ur_dashboard_msgs/ur_dashboard_msgs/srv/detail) by extensions ['ros']
[1.415s] Level 1:colcon.colcon_core.package_identification:_identify(workspace/ros_ur_driver/src/install/ur_dashboard_msgs/include/ur_dashboard_msgs/ur_dashboard_msgs/srv/detail) by extension 'ros'
[1.415s] Level 1:colcon.colcon_core.package_identification:_identify(workspace/ros_ur_driver/src/install/ur_dashboard_msgs/include/ur_dashboard_msgs/ur_dashboard_msgs/srv/detail) by extensions ['cmake', 'python']
[1.415s] Level 1:colcon.colcon_core.package_identification:_identify(workspace/ros_ur_driver/src/install/ur_dashboard_msgs/include/ur_dashboard_msgs/ur_dashboard_msgs/srv/detail) by extension 'cmake'
[1.416s] Level 1:colcon.colcon_core.package_identification:_identify(workspace/ros_ur_driver/src/install/ur_dashboard_msgs/include/ur_dashboard_msgs/ur_dashboard_msgs/srv/detail) by extension 'python'
[1.416s] Level 1:colcon.colcon_core.package_identification:_identify(workspace/ros_ur_driver/src/install/ur_dashboard_msgs/include/ur_dashboard_msgs/ur_dashboard_msgs/srv/detail) by extensions ['python_setup_py']
[1.416s] Level 1:colcon.colcon_core.package_identification:_identify(workspace/ros_ur_driver/src/install/ur_dashboard_msgs/include/ur_dashboard_msgs/ur_dashboard_msgs/srv/detail) by extension 'python_setup_py'
[1.416s] Level 1:colcon.colcon_core.package_identification:_identify(workspace/ros_ur_driver/src/install/ur_dashboard_msgs/include/ur_dashboard_msgs/ur_dashboard_msgs/srv/detail/dds_fastrtps) by extensions ['ignore', 'ignore_ament_install']
[1.416s] Level 1:colcon.colcon_core.package_identification:_identify(workspace/ros_ur_driver/src/install/ur_dashboard_msgs/include/ur_dashboard_msgs/ur_dashboard_msgs/srv/detail/dds_fastrtps) by extension 'ignore'
[1.417s] Level 1:colcon.colcon_core.package_identification:_identify(workspace/ros_ur_driver/src/install/ur_dashboard_msgs/include/ur_dashboard_msgs/ur_dashboard_msgs/srv/detail/dds_fastrtps) by extension 'ignore_ament_install'
[1.417s] Level 1:colcon.colcon_core.package_identification:_identify(workspace/ros_ur_driver/src/install/ur_dashboard_msgs/include/ur_dashboard_msgs/ur_dashboard_msgs/srv/detail/dds_fastrtps) by extensions ['colcon_pkg']
[1.417s] Level 1:colcon.colcon_core.package_identification:_identify(workspace/ros_ur_driver/src/install/ur_dashboard_msgs/include/ur_dashboard_msgs/ur_dashboard_msgs/srv/detail/dds_fastrtps) by extension 'colcon_pkg'
[1.417s] Level 1:colcon.colcon_core.package_identification:_identify(workspace/ros_ur_driver/src/install/ur_dashboard_msgs/include/ur_dashboard_msgs/ur_dashboard_msgs/srv/detail/dds_fastrtps) by extensions ['colcon_meta']
[1.417s] Level 1:colcon.colcon_core.package_identification:_identify(workspace/ros_ur_driver/src/install/ur_dashboard_msgs/include/ur_dashboard_msgs/ur_dashboard_msgs/srv/detail/dds_fastrtps) by extension 'colcon_meta'
[1.417s] Level 1:colcon.colcon_core.package_identification:_identify(workspace/ros_ur_driver/src/install/ur_dashboard_msgs/include/ur_dashboard_msgs/ur_dashboard_msgs/srv/detail/dds_fastrtps) by extensions ['ros']
[1.417s] Level 1:colcon.colcon_core.package_identification:_identify(workspace/ros_ur_driver/src/install/ur_dashboard_msgs/include/ur_dashboard_msgs/ur_dashboard_msgs/srv/detail/dds_fastrtps) by extension 'ros'
[1.417s] Level 1:colcon.colcon_core.package_identification:_identify(workspace/ros_ur_driver/src/install/ur_dashboard_msgs/include/ur_dashboard_msgs/ur_dashboard_msgs/srv/detail/dds_fastrtps) by extensions ['cmake', 'python']
[1.417s] Level 1:colcon.colcon_core.package_identification:_identify(workspace/ros_ur_driver/src/install/ur_dashboard_msgs/include/ur_dashboard_msgs/ur_dashboard_msgs/srv/detail/dds_fastrtps) by extension 'cmake'
[1.418s] Level 1:colcon.colcon_core.package_identification:_identify(workspace/ros_ur_driver/src/install/ur_dashboard_msgs/include/ur_dashboard_msgs/ur_dashboard_msgs/srv/detail/dds_fastrtps) by extension 'python'
[1.418s] Level 1:colcon.colcon_core.package_identification:_identify(workspace/ros_ur_driver/src/install/ur_dashboard_msgs/include/ur_dashboard_msgs/ur_dashboard_msgs/srv/detail/dds_fastrtps) by extensions ['python_setup_py']
[1.418s] Level 1:colcon.colcon_core.package_identification:_identify(workspace/ros_ur_driver/src/install/ur_dashboard_msgs/include/ur_dashboard_msgs/ur_dashboard_msgs/srv/detail/dds_fastrtps) by extension 'python_setup_py'
[1.419s] Level 1:colcon.colcon_core.package_identification:_identify(workspace/ros_ur_driver/src/rutine_launcher) by extensions ['ignore', 'ignore_ament_install']
[1.420s] Level 1:colcon.colcon_core.package_identification:_identify(workspace/ros_ur_driver/src/rutine_launcher) by extension 'ignore'
[1.420s] Level 1:colcon.colcon_core.package_identification:_identify(workspace/ros_ur_driver/src/rutine_launcher) by extension 'ignore_ament_install'
[1.420s] Level 1:colcon.colcon_core.package_identification:_identify(workspace/ros_ur_driver/src/rutine_launcher) by extensions ['colcon_pkg']
[1.421s] Level 1:colcon.colcon_core.package_identification:_identify(workspace/ros_ur_driver/src/rutine_launcher) by extension 'colcon_pkg'
[1.421s] Level 1:colcon.colcon_core.package_identification:_identify(workspace/ros_ur_driver/src/rutine_launcher) by extensions ['colcon_meta']
[1.421s] Level 1:colcon.colcon_core.package_identification:_identify(workspace/ros_ur_driver/src/rutine_launcher) by extension 'colcon_meta'
[1.421s] Level 1:colcon.colcon_core.package_identification:_identify(workspace/ros_ur_driver/src/rutine_launcher) by extensions ['ros']
[1.421s] Level 1:colcon.colcon_core.package_identification:_identify(workspace/ros_ur_driver/src/rutine_launcher) by extension 'ros'
[1.422s] DEBUG:colcon.colcon_core.package_identification:Package 'workspace/ros_ur_driver/src/rutine_launcher' with type 'ros.ament_python' and name 'rutine_launcher'
[1.423s] Level 1:colcon.colcon_core.package_identification:_identify(workspace/ros_ur_driver/src/trayectories) by extensions ['ignore', 'ignore_ament_install']
[1.423s] Level 1:colcon.colcon_core.package_identification:_identify(workspace/ros_ur_driver/src/trayectories) by extension 'ignore'
[1.423s] Level 1:colcon.colcon_core.package_identification:_identify(workspace/ros_ur_driver/src/trayectories) by extension 'ignore_ament_install'
[1.423s] Level 1:colcon.colcon_core.package_identification:_identify(workspace/ros_ur_driver/src/trayectories) by extensions ['colcon_pkg']
[1.423s] Level 1:colcon.colcon_core.package_identification:_identify(workspace/ros_ur_driver/src/trayectories) by extension 'colcon_pkg'
[1.423s] Level 1:colcon.colcon_core.package_identification:_identify(workspace/ros_ur_driver/src/trayectories) by extensions ['colcon_meta']
[1.423s] Level 1:colcon.colcon_core.package_identification:_identify(workspace/ros_ur_driver/src/trayectories) by extension 'colcon_meta'
[1.424s] Level 1:colcon.colcon_core.package_identification:_identify(workspace/ros_ur_driver/src/trayectories) by extensions ['ros']
[1.424s] Level 1:colcon.colcon_core.package_identification:_identify(workspace/ros_ur_driver/src/trayectories) by extension 'ros'
[1.424s] DEBUG:colcon.colcon_core.package_identification:Package 'workspace/ros_ur_driver/src/trayectories' with type 'ros.ament_python' and name 'trayectories'
[1.425s] Level 1:colcon.colcon_core.package_discovery:discover_packages(recursive) using defaults
[1.425s] Level 1:colcon.colcon_core.package_discovery:discover_packages(ignore) discover
[1.425s] Level 1:colcon.colcon_core.package_discovery:discover_packages(ignore) using defaults
[1.425s] Level 1:colcon.colcon_core.package_discovery:discover_packages(path) discover
[1.426s] Level 1:colcon.colcon_core.package_discovery:discover_packages(path) using defaults
[1.489s] Level 1:colcon.colcon_core.package_discovery:discover_packages(prefix_path) check parameters
[1.490s] Level 1:colcon.colcon_core.package_discovery:discover_packages(prefix_path) discover
[1.495s] DEBUG:colcon.colcon_installed_package_information.package_discovery:Found 2 installed packages in /home/adela/TFM_AdelaJimenez/workspace/ros_ur_driver/install
[1.497s] DEBUG:colcon.colcon_installed_package_information.package_discovery:Found 12 installed packages in /home/adela/TFM_MiguelLerinAlonso/workspace/ros_ur_driver/install
[1.498s] DEBUG:colcon.colcon_installed_package_information.package_discovery:Found 8 installed packages in /home/adela/workspace/ros_ur_driver/install
[1.503s] DEBUG:colcon.colcon_installed_package_information.package_discovery:Found 349 installed packages in /opt/ros/humble
[1.507s] Level 1:colcon.colcon_core.package_discovery:discover_packages(prefix_path) using defaults
[1.598s] Level 5:colcon.colcon_core.verb:set package 'build_platform' build argument 'cmake_args' from command line to 'None'
[1.599s] Level 5:colcon.colcon_core.verb:set package 'build_platform' build argument 'cmake_target' from command line to 'None'
[1.599s] Level 5:colcon.colcon_core.verb:set package 'build_platform' build argument 'cmake_target_skip_unavailable' from command line to 'False'
[1.599s] Level 5:colcon.colcon_core.verb:set package 'build_platform' build argument 'cmake_clean_cache' from command line to 'False'
[1.599s] Level 5:colcon.colcon_core.verb:set package 'build_platform' build argument 'cmake_clean_first' from command line to 'False'
[1.599s] Level 5:colcon.colcon_core.verb:set package 'build_platform' build argument 'cmake_force_configure' from command line to 'False'
[1.599s] Level 5:colcon.colcon_core.verb:set package 'build_platform' build argument 'ament_cmake_args' from command line to 'None'
[1.599s] Level 5:colcon.colcon_core.verb:set package 'build_platform' build argument 'catkin_cmake_args' from command line to 'None'
[1.599s] Level 5:colcon.colcon_core.verb:set package 'build_platform' build argument 'catkin_skip_building_tests' from command line to 'False'
[1.599s] DEBUG:colcon.colcon_core.verb:Building package 'build_platform' with the following arguments: {'ament_cmake_args': None, 'build_base': '/home/adela/TFM_AdelaJimenez/build/build_platform', 'catkin_cmake_args': None, 'catkin_skip_building_tests': False, 'cmake_args': None, 'cmake_clean_cache': False, 'cmake_clean_first': False, 'cmake_force_configure': False, 'cmake_target': None, 'cmake_target_skip_unavailable': False, 'install_base': '/home/adela/TFM_AdelaJimenez/install/build_platform', 'merge_install': False, 'path': '/home/adela/TFM_AdelaJimenez/workspace/ros_ur_driver/src/build_platform', 'symlink_install': False, 'test_result_base': None}
[1.600s] Level 5:colcon.colcon_core.verb:set package 'conversion_datos' build argument 'cmake_args' from command line to 'None'
[1.600s] Level 5:colcon.colcon_core.verb:set package 'conversion_datos' build argument 'cmake_target' from command line to 'None'
[1.600s] Level 5:colcon.colcon_core.verb:set package 'conversion_datos' build argument 'cmake_target_skip_unavailable' from command line to 'False'
[1.600s] Level 5:colcon.colcon_core.verb:set package 'conversion_datos' build argument 'cmake_clean_cache' from command line to 'False'
[1.600s] Level 5:colcon.colcon_core.verb:set package 'conversion_datos' build argument 'cmake_clean_first' from command line to 'False'
[1.600s] Level 5:colcon.colcon_core.verb:set package 'conversion_datos' build argument 'cmake_force_configure' from command line to 'False'
[1.600s] Level 5:colcon.colcon_core.verb:set package 'conversion_datos' build argument 'ament_cmake_args' from command line to 'None'
[1.600s] Level 5:colcon.colcon_core.verb:set package 'conversion_datos' build argument 'catkin_cmake_args' from command line to 'None'
[1.600s] Level 5:colcon.colcon_core.verb:set package 'conversion_datos' build argument 'catkin_skip_building_tests' from command line to 'False'
[1.600s] DEBUG:colcon.colcon_core.verb:Building package 'conversion_datos' with the following arguments: {'ament_cmake_args': None, 'build_base': '/home/adela/TFM_AdelaJimenez/build/conversion_datos', 'catkin_cmake_args': None, 'catkin_skip_building_tests': False, 'cmake_args': None, 'cmake_clean_cache': False, 'cmake_clean_first': False, 'cmake_force_configure': False, 'cmake_target': None, 'cmake_target_skip_unavailable': False, 'install_base': '/home/adela/TFM_AdelaJimenez/install/conversion_datos', 'merge_install': False, 'path': '/home/adela/TFM_AdelaJimenez/workspace/ros_ur_driver/src/conversion_datos', 'symlink_install': False, 'test_result_base': None}
[1.600s] Level 5:colcon.colcon_core.verb:set package 'data_logger' build argument 'cmake_args' from command line to 'None'
[1.600s] Level 5:colcon.colcon_core.verb:set package 'data_logger' build argument 'cmake_target' from command line to 'None'
[1.601s] Level 5:colcon.colcon_core.verb:set package 'data_logger' build argument 'cmake_target_skip_unavailable' from command line to 'False'
[1.601s] Level 5:colcon.colcon_core.verb:set package 'data_logger' build argument 'cmake_clean_cache' from command line to 'False'
[1.601s] Level 5:colcon.colcon_core.verb:set package 'data_logger' build argument 'cmake_clean_first' from command line to 'False'
[1.601s] Level 5:colcon.colcon_core.verb:set package 'data_logger' build argument 'cmake_force_configure' from command line to 'False'
[1.601s] Level 5:colcon.colcon_core.verb:set package 'data_logger' build argument 'ament_cmake_args' from command line to 'None'
[1.601s] Level 5:colcon.colcon_core.verb:set package 'data_logger' build argument 'catkin_cmake_args' from command line to 'None'
[1.601s] Level 5:colcon.colcon_core.verb:set package 'data_logger' build argument 'catkin_skip_building_tests' from command line to 'False'
[1.601s] DEBUG:colcon.colcon_core.verb:Building package 'data_logger' with the following arguments: {'ament_cmake_args': None, 'build_base': '/home/adela/TFM_AdelaJimenez/build/data_logger', 'catkin_cmake_args': None, 'catkin_skip_building_tests': False, 'cmake_args': None, 'cmake_clean_cache': False, 'cmake_clean_first': False, 'cmake_force_configure': False, 'cmake_target': None, 'cmake_target_skip_unavailable': False, 'install_base': '/home/adela/TFM_AdelaJimenez/install/data_logger', 'merge_install': False, 'path': '/home/adela/TFM_AdelaJimenez/workspace/ros_ur_driver/src/data_logger', 'symlink_install': False, 'test_result_base': None}
[1.601s] Level 5:colcon.colcon_core.verb:set package 'rutine_launcher' build argument 'cmake_args' from command line to 'None'
[1.601s] Level 5:colcon.colcon_core.verb:set package 'rutine_launcher' build argument 'cmake_target' from command line to 'None'
[1.601s] Level 5:colcon.colcon_core.verb:set package 'rutine_launcher' build argument 'cmake_target_skip_unavailable' from command line to 'False'
[1.601s] Level 5:colcon.colcon_core.verb:set package 'rutine_launcher' build argument 'cmake_clean_cache' from command line to 'False'
[1.601s] Level 5:colcon.colcon_core.verb:set package 'rutine_launcher' build argument 'cmake_clean_first' from command line to 'False'
[1.601s] Level 5:colcon.colcon_core.verb:set package 'rutine_launcher' build argument 'cmake_force_configure' from command line to 'False'
[1.601s] Level 5:colcon.colcon_core.verb:set package 'rutine_launcher' build argument 'ament_cmake_args' from command line to 'None'
[1.601s] Level 5:colcon.colcon_core.verb:set package 'rutine_launcher' build argument 'catkin_cmake_args' from command line to 'None'
[1.602s] Level 5:colcon.colcon_core.verb:set package 'rutine_launcher' build argument 'catkin_skip_building_tests' from command line to 'False'
[1.602s] DEBUG:colcon.colcon_core.verb:Building package 'rutine_launcher' with the following arguments: {'ament_cmake_args': None, 'build_base': '/home/adela/TFM_AdelaJimenez/build/rutine_launcher', 'catkin_cmake_args': None, 'catkin_skip_building_tests': False, 'cmake_args': None, 'cmake_clean_cache': False, 'cmake_clean_first': False, 'cmake_force_configure': False, 'cmake_target': None, 'cmake_target_skip_unavailable': False, 'install_base': '/home/adela/TFM_AdelaJimenez/install/rutine_launcher', 'merge_install': False, 'path': '/home/adela/TFM_AdelaJimenez/workspace/ros_ur_driver/src/rutine_launcher', 'symlink_install': False, 'test_result_base': None}
[1.602s] Level 5:colcon.colcon_core.verb:set package 'trayectories' build argument 'cmake_args' from command line to 'None'
[1.602s] Level 5:colcon.colcon_core.verb:set package 'trayectories' build argument 'cmake_target' from command line to 'None'
[1.602s] Level 5:colcon.colcon_core.verb:set package 'trayectories' build argument 'cmake_target_skip_unavailable' from command line to 'False'
[1.602s] Level 5:colcon.colcon_core.verb:set package 'trayectories' build argument 'cmake_clean_cache' from command line to 'False'
[1.602s] Level 5:colcon.colcon_core.verb:set package 'trayectories' build argument 'cmake_clean_first' from command line to 'False'
[1.602s] Level 5:colcon.colcon_core.verb:set package 'trayectories' build argument 'cmake_force_configure' from command line to 'False'
[1.602s] Level 5:colcon.colcon_core.verb:set package 'trayectories' build argument 'ament_cmake_args' from command line to 'None'
[1.602s] Level 5:colcon.colcon_core.verb:set package 'trayectories' build argument 'catkin_cmake_args' from command line to 'None'
[1.602s] Level 5:colcon.colcon_core.verb:set package 'trayectories' build argument 'catkin_skip_building_tests' from command line to 'False'
[1.602s] DEBUG:colcon.colcon_core.verb:Building package 'trayectories' with the following arguments: {'ament_cmake_args': None, 'build_base': '/home/adela/TFM_AdelaJimenez/build/trayectories', 'catkin_cmake_args': None, 'catkin_skip_building_tests': False, 'cmake_args': None, 'cmake_clean_cache': False, 'cmake_clean_first': False, 'cmake_force_configure': False, 'cmake_target': None, 'cmake_target_skip_unavailable': False, 'install_base': '/home/adela/TFM_AdelaJimenez/install/trayectories', 'merge_install': False, 'path': '/home/adela/TFM_AdelaJimenez/workspace/ros_ur_driver/src/trayectories', 'symlink_install': False, 'test_result_base': None}
[1.603s] Level 5:colcon.colcon_core.verb:set package 'ur_dashboard_msgs' build argument 'cmake_args' from command line to 'None'
[1.603s] Level 5:colcon.colcon_core.verb:set package 'ur_dashboard_msgs' build argument 'cmake_target' from command line to 'None'
[1.603s] Level 5:colcon.colcon_core.verb:set package 'ur_dashboard_msgs' build argument 'cmake_target_skip_unavailable' from command line to 'False'
[1.603s] Level 5:colcon.colcon_core.verb:set package 'ur_dashboard_msgs' build argument 'cmake_clean_cache' from command line to 'False'
[1.603s] Level 5:colcon.colcon_core.verb:set package 'ur_dashboard_msgs' build argument 'cmake_clean_first' from command line to 'False'
[1.603s] Level 5:colcon.colcon_core.verb:set package 'ur_dashboard_msgs' build argument 'cmake_force_configure' from command line to 'False'
[1.603s] Level 5:colcon.colcon_core.verb:set package 'ur_dashboard_msgs' build argument 'ament_cmake_args' from command line to 'None'
[1.603s] Level 5:colcon.colcon_core.verb:set package 'ur_dashboard_msgs' build argument 'catkin_cmake_args' from command line to 'None'
[1.603s] Level 5:colcon.colcon_core.verb:set package 'ur_dashboard_msgs' build argument 'catkin_skip_building_tests' from command line to 'False'
[1.603s] DEBUG:colcon.colcon_core.verb:Building package 'ur_dashboard_msgs' with the following arguments: {'ament_cmake_args': None, 'build_base': '/home/adela/TFM_AdelaJimenez/build/ur_dashboard_msgs', 'catkin_cmake_args': None, 'catkin_skip_building_tests': False, 'cmake_args': None, 'cmake_clean_cache': False, 'cmake_clean_first': False, 'cmake_force_configure': False, 'cmake_target': None, 'cmake_target_skip_unavailable': False, 'install_base': '/home/adela/TFM_AdelaJimenez/install/ur_dashboard_msgs', 'merge_install': False, 'path': '/home/adela/TFM_AdelaJimenez/workspace/ros_ur_driver/src/Universal_Robots_ROS2_Driver/ur_dashboard_msgs', 'symlink_install': False, 'test_result_base': None}
[1.604s] Level 5:colcon.colcon_core.verb:set package 'ur_description' build argument 'cmake_args' from command line to 'None'
[1.604s] Level 5:colcon.colcon_core.verb:set package 'ur_description' build argument 'cmake_target' from command line to 'None'
[1.604s] Level 5:colcon.colcon_core.verb:set package 'ur_description' build argument 'cmake_target_skip_unavailable' from command line to 'False'
[1.604s] Level 5:colcon.colcon_core.verb:set package 'ur_description' build argument 'cmake_clean_cache' from command line to 'False'
[1.604s] Level 5:colcon.colcon_core.verb:set package 'ur_description' build argument 'cmake_clean_first' from command line to 'False'
[1.604s] Level 5:colcon.colcon_core.verb:set package 'ur_description' build argument 'cmake_force_configure' from command line to 'False'
[1.604s] Level 5:colcon.colcon_core.verb:set package 'ur_description' build argument 'ament_cmake_args' from command line to 'None'
[1.604s] Level 5:colcon.colcon_core.verb:set package 'ur_description' build argument 'catkin_cmake_args' from command line to 'None'
[1.604s] Level 5:colcon.colcon_core.verb:set package 'ur_description' build argument 'catkin_skip_building_tests' from command line to 'False'
[1.604s] DEBUG:colcon.colcon_core.verb:Building package 'ur_description' with the following arguments: {'ament_cmake_args': None, 'build_base': '/home/adela/TFM_AdelaJimenez/build/ur_description', 'catkin_cmake_args': None, 'catkin_skip_building_tests': False, 'cmake_args': None, 'cmake_clean_cache': False, 'cmake_clean_first': False, 'cmake_force_configure': False, 'cmake_target': None, 'cmake_target_skip_unavailable': False, 'install_base': '/home/adela/TFM_AdelaJimenez/install/ur_description', 'merge_install': False, 'path': '/home/adela/TFM_AdelaJimenez/workspace/ros_ur_driver/src/Universal_Robots_ROS2_Description', 'symlink_install': False, 'test_result_base': None}
[1.604s] Level 5:colcon.colcon_core.verb:set package 'ur_controllers' build argument 'cmake_args' from command line to 'None'
[1.605s] Level 5:colcon.colcon_core.verb:set package 'ur_controllers' build argument 'cmake_target' from command line to 'None'
[1.605s] Level 5:colcon.colcon_core.verb:set package 'ur_controllers' build argument 'cmake_target_skip_unavailable' from command line to 'False'
[1.605s] Level 5:colcon.colcon_core.verb:set package 'ur_controllers' build argument 'cmake_clean_cache' from command line to 'False'
[1.605s] Level 5:colcon.colcon_core.verb:set package 'ur_controllers' build argument 'cmake_clean_first' from command line to 'False'
[1.605s] Level 5:colcon.colcon_core.verb:set package 'ur_controllers' build argument 'cmake_force_configure' from command line to 'False'
[1.605s] Level 5:colcon.colcon_core.verb:set package 'ur_controllers' build argument 'ament_cmake_args' from command line to 'None'
[1.605s] Level 5:colcon.colcon_core.verb:set package 'ur_controllers' build argument 'catkin_cmake_args' from command line to 'None'
[1.605s] Level 5:colcon.colcon_core.verb:set package 'ur_controllers' build argument 'catkin_skip_building_tests' from command line to 'False'
[1.605s] DEBUG:colcon.colcon_core.verb:Building package 'ur_controllers' with the following arguments: {'ament_cmake_args': None, 'build_base': '/home/adela/TFM_AdelaJimenez/build/ur_controllers', 'catkin_cmake_args': None, 'catkin_skip_building_tests': False, 'cmake_args': None, 'cmake_clean_cache': False, 'cmake_clean_first': False, 'cmake_force_configure': False, 'cmake_target': None, 'cmake_target_skip_unavailable': False, 'install_base': '/home/adela/TFM_AdelaJimenez/install/ur_controllers', 'merge_install': False, 'path': '/home/adela/TFM_AdelaJimenez/workspace/ros_ur_driver/src/Universal_Robots_ROS2_Driver/ur_controllers', 'symlink_install': False, 'test_result_base': None}
[1.605s] Level 5:colcon.colcon_core.verb:set package 'ur_moveit_config' build argument 'cmake_args' from command line to 'None'
[1.605s] Level 5:colcon.colcon_core.verb:set package 'ur_moveit_config' build argument 'cmake_target' from command line to 'None'
[1.605s] Level 5:colcon.colcon_core.verb:set package 'ur_moveit_config' build argument 'cmake_target_skip_unavailable' from command line to 'False'
[1.605s] Level 5:colcon.colcon_core.verb:set package 'ur_moveit_config' build argument 'cmake_clean_cache' from command line to 'False'
[1.605s] Level 5:colcon.colcon_core.verb:set package 'ur_moveit_config' build argument 'cmake_clean_first' from command line to 'False'
[1.605s] Level 5:colcon.colcon_core.verb:set package 'ur_moveit_config' build argument 'cmake_force_configure' from command line to 'False'
[1.606s] Level 5:colcon.colcon_core.verb:set package 'ur_moveit_config' build argument 'ament_cmake_args' from command line to 'None'
[1.606s] Level 5:colcon.colcon_core.verb:set package 'ur_moveit_config' build argument 'catkin_cmake_args' from command line to 'None'
[1.606s] Level 5:colcon.colcon_core.verb:set package 'ur_moveit_config' build argument 'catkin_skip_building_tests' from command line to 'False'
[1.606s] DEBUG:colcon.colcon_core.verb:Building package 'ur_moveit_config' with the following arguments: {'ament_cmake_args': None, 'build_base': '/home/adela/TFM_AdelaJimenez/build/ur_moveit_config', 'catkin_cmake_args': None, 'catkin_skip_building_tests': False, 'cmake_args': None, 'cmake_clean_cache': False, 'cmake_clean_first': False, 'cmake_force_configure': False, 'cmake_target': None, 'cmake_target_skip_unavailable': False, 'install_base': '/home/adela/TFM_AdelaJimenez/install/ur_moveit_config', 'merge_install': False, 'path': '/home/adela/TFM_AdelaJimenez/workspace/ros_ur_driver/src/Universal_Robots_ROS2_Driver/ur_moveit_config', 'symlink_install': False, 'test_result_base': None}
[1.606s] Level 5:colcon.colcon_core.verb:set package 'ur_bringup' build argument 'cmake_args' from command line to 'None'
[1.606s] Level 5:colcon.colcon_core.verb:set package 'ur_bringup' build argument 'cmake_target' from command line to 'None'
[1.606s] Level 5:colcon.colcon_core.verb:set package 'ur_bringup' build argument 'cmake_target_skip_unavailable' from command line to 'False'
[1.606s] Level 5:colcon.colcon_core.verb:set package 'ur_bringup' build argument 'cmake_clean_cache' from command line to 'False'
[1.606s] Level 5:colcon.colcon_core.verb:set package 'ur_bringup' build argument 'cmake_clean_first' from command line to 'False'
[1.606s] Level 5:colcon.colcon_core.verb:set package 'ur_bringup' build argument 'cmake_force_configure' from command line to 'False'
[1.606s] Level 5:colcon.colcon_core.verb:set package 'ur_bringup' build argument 'ament_cmake_args' from command line to 'None'
[1.606s] Level 5:colcon.colcon_core.verb:set package 'ur_bringup' build argument 'catkin_cmake_args' from command line to 'None'
[1.606s] Level 5:colcon.colcon_core.verb:set package 'ur_bringup' build argument 'catkin_skip_building_tests' from command line to 'False'
[1.606s] DEBUG:colcon.colcon_core.verb:Building package 'ur_bringup' with the following arguments: {'ament_cmake_args': None, 'build_base': '/home/adela/TFM_AdelaJimenez/build/ur_bringup', 'catkin_cmake_args': None, 'catkin_skip_building_tests': False, 'cmake_args': None, 'cmake_clean_cache': False, 'cmake_clean_first': False, 'cmake_force_configure': False, 'cmake_target': None, 'cmake_target_skip_unavailable': False, 'install_base': '/home/adela/TFM_AdelaJimenez/install/ur_bringup', 'merge_install': False, 'path': '/home/adela/TFM_AdelaJimenez/workspace/ros_ur_driver/src/Universal_Robots_ROS2_Driver/ur_bringup', 'symlink_install': False, 'test_result_base': None}
[1.607s] Level 5:colcon.colcon_core.verb:set package 'ur_robot_driver' build argument 'cmake_args' from command line to 'None'
[1.607s] Level 5:colcon.colcon_core.verb:set package 'ur_robot_driver' build argument 'cmake_target' from command line to 'None'
[1.607s] Level 5:colcon.colcon_core.verb:set package 'ur_robot_driver' build argument 'cmake_target_skip_unavailable' from command line to 'False'
[1.607s] Level 5:colcon.colcon_core.verb:set package 'ur_robot_driver' build argument 'cmake_clean_cache' from command line to 'False'
[1.607s] Level 5:colcon.colcon_core.verb:set package 'ur_robot_driver' build argument 'cmake_clean_first' from command line to 'False'
[1.607s] Level 5:colcon.colcon_core.verb:set package 'ur_robot_driver' build argument 'cmake_force_configure' from command line to 'False'
[1.607s] Level 5:colcon.colcon_core.verb:set package 'ur_robot_driver' build argument 'ament_cmake_args' from command line to 'None'
[1.607s] Level 5:colcon.colcon_core.verb:set package 'ur_robot_driver' build argument 'catkin_cmake_args' from command line to 'None'
[1.607s] Level 5:colcon.colcon_core.verb:set package 'ur_robot_driver' build argument 'catkin_skip_building_tests' from command line to 'False'
[1.607s] DEBUG:colcon.colcon_core.verb:Building package 'ur_robot_driver' with the following arguments: {'ament_cmake_args': None, 'build_base': '/home/adela/TFM_AdelaJimenez/build/ur_robot_driver', 'catkin_cmake_args': None, 'catkin_skip_building_tests': False, 'cmake_args': None, 'cmake_clean_cache': False, 'cmake_clean_first': False, 'cmake_force_configure': False, 'cmake_target': None, 'cmake_target_skip_unavailable': False, 'install_base': '/home/adela/TFM_AdelaJimenez/install/ur_robot_driver', 'merge_install': False, 'path': '/home/adela/TFM_AdelaJimenez/workspace/ros_ur_driver/src/Universal_Robots_ROS2_Driver/ur_robot_driver', 'symlink_install': False, 'test_result_base': None}
[1.608s] Level 5:colcon.colcon_core.verb:set package 'ur_calibration' build argument 'cmake_args' from command line to 'None'
[1.608s] Level 5:colcon.colcon_core.verb:set package 'ur_calibration' build argument 'cmake_target' from command line to 'None'
[1.608s] Level 5:colcon.colcon_core.verb:set package 'ur_calibration' build argument 'cmake_target_skip_unavailable' from command line to 'False'
[1.608s] Level 5:colcon.colcon_core.verb:set package 'ur_calibration' build argument 'cmake_clean_cache' from command line to 'False'
[1.608s] Level 5:colcon.colcon_core.verb:set package 'ur_calibration' build argument 'cmake_clean_first' from command line to 'False'
[1.608s] Level 5:colcon.colcon_core.verb:set package 'ur_calibration' build argument 'cmake_force_configure' from command line to 'False'
[1.608s] Level 5:colcon.colcon_core.verb:set package 'ur_calibration' build argument 'ament_cmake_args' from command line to 'None'
[1.608s] Level 5:colcon.colcon_core.verb:set package 'ur_calibration' build argument 'catkin_cmake_args' from command line to 'None'
[1.610s] Level 5:colcon.colcon_core.verb:set package 'ur_calibration' build argument 'catkin_skip_building_tests' from command line to 'False'
[1.610s] DEBUG:colcon.colcon_core.verb:Building package 'ur_calibration' with the following arguments: {'ament_cmake_args': None, 'build_base': '/home/adela/TFM_AdelaJimenez/build/ur_calibration', 'catkin_cmake_args': None, 'catkin_skip_building_tests': False, 'cmake_args': None, 'cmake_clean_cache': False, 'cmake_clean_first': False, 'cmake_force_configure': False, 'cmake_target': None, 'cmake_target_skip_unavailable': False, 'install_base': '/home/adela/TFM_AdelaJimenez/install/ur_calibration', 'merge_install': False, 'path': '/home/adela/TFM_AdelaJimenez/workspace/ros_ur_driver/src/Universal_Robots_ROS2_Driver/ur_calibration', 'symlink_install': False, 'test_result_base': None}
[1.611s] Level 5:colcon.colcon_core.verb:set package 'ur' build argument 'cmake_args' from command line to 'None'
[1.611s] Level 5:colcon.colcon_core.verb:set package 'ur' build argument 'cmake_target' from command line to 'None'
[1.611s] Level 5:colcon.colcon_core.verb:set package 'ur' build argument 'cmake_target_skip_unavailable' from command line to 'False'
[1.615s] Level 5:colcon.colcon_core.verb:set package 'ur' build argument 'cmake_clean_cache' from command line to 'False'
[1.620s] Level 5:colcon.colcon_core.verb:set package 'ur' build argument 'cmake_clean_first' from command line to 'False'
[1.621s] Level 5:colcon.colcon_core.verb:set package 'ur' build argument 'cmake_force_configure' from command line to 'False'
[1.621s] Level 5:colcon.colcon_core.verb:set package 'ur' build argument 'ament_cmake_args' from command line to 'None'
[1.621s] Level 5:colcon.colcon_core.verb:set package 'ur' build argument 'catkin_cmake_args' from command line to 'None'
[1.622s] Level 5:colcon.colcon_core.verb:set package 'ur' build argument 'catkin_skip_building_tests' from command line to 'False'
[1.622s] DEBUG:colcon.colcon_core.verb:Building package 'ur' with the following arguments: {'ament_cmake_args': None, 'build_base': '/home/adela/TFM_AdelaJimenez/build/ur', 'catkin_cmake_args': None, 'catkin_skip_building_tests': False, 'cmake_args': None, 'cmake_clean_cache': False, 'cmake_clean_first': False, 'cmake_force_configure': False, 'cmake_target': None, 'cmake_target_skip_unavailable': False, 'install_base': '/home/adela/TFM_AdelaJimenez/install/ur', 'merge_install': False, 'path': '/home/adela/TFM_AdelaJimenez/workspace/ros_ur_driver/src/Universal_Robots_ROS2_Driver/ur', 'symlink_install': False, 'test_result_base': None}
[1.622s] INFO:colcon.colcon_core.executor:Executing jobs using 'parallel' executor
[1.630s] DEBUG:colcon.colcon_parallel_executor.executor.parallel:run_until_complete
[1.631s] INFO:colcon.colcon_ros.task.ament_cmake.build:Building ROS package in '/home/adela/TFM_AdelaJimenez/workspace/ros_ur_driver/src/Universal_Robots_ROS2_Driver/ur_dashboard_msgs' with build type 'ament_cmake'
[1.632s] INFO:colcon.colcon_cmake.task.cmake.build:Building CMake package in '/home/adela/TFM_AdelaJimenez/workspace/ros_ur_driver/src/Universal_Robots_ROS2_Driver/ur_dashboard_msgs'
[1.635s] INFO:colcon.colcon_core.plugin_system:Skipping extension 'colcon_core.shell.bat': Not used on non-Windows systems
[1.639s] INFO:colcon.colcon_core.shell:Skip shell extension 'powershell' for command environment: Not usable outside of PowerShell
[1.645s] DEBUG:colcon.colcon_core.shell:Skip shell extension 'dsv' for command environment
[1.689s] INFO:colcon.colcon_ros.task.ament_cmake.build:Building ROS package in '/home/adela/TFM_AdelaJimenez/workspace/ros_ur_driver/src/Universal_Robots_ROS2_Description' with build type 'ament_cmake'
[1.692s] INFO:colcon.colcon_cmake.task.cmake.build:Building CMake package in '/home/adela/TFM_AdelaJimenez/workspace/ros_ur_driver/src/Universal_Robots_ROS2_Description'
[1.693s] INFO:colcon.colcon_core.shell:Skip shell extension 'powershell' for command environment: Not usable outside of PowerShell
[1.693s] DEBUG:colcon.colcon_core.shell:Skip shell extension 'dsv' for command environment
[1.736s] DEBUG:colcon.colcon_core.event_handler.log_command:Invoking command in '/home/adela/TFM_AdelaJimenez/build/ur_dashboard_msgs': CMAKE_PREFIX_PATH=${CMAKE_PREFIX_PATH}:/home/adela/TFM_AdelaJimenez/workspace/ros_ur_driver/install/trayectories:/home/adela/TFM_AdelaJimenez/workspace/ros_ur_driver/install/conversion_datos:/home/adela/TFM_MiguelLerinAlonso/workspace/ros_ur_driver/install/trayectories:/home/adela/TFM_MiguelLerinAlonso/workspace/ros_ur_driver/install/rutine_launcher:/home/adela/TFM_MiguelLerinAlonso/workspace/ros_ur_driver/install/data_logger:/home/adela/TFM_MiguelLerinAlonso/workspace/ros_ur_driver/install/build_platform:/opt/ros/humble /usr/bin/cmake --build /home/adela/TFM_AdelaJimenez/build/ur_dashboard_msgs -- -j2 -l2
[1.782s] DEBUG:colcon.colcon_core.event_handler.log_command:Invoking command in '/home/adela/TFM_AdelaJimenez/build/ur_description': CMAKE_PREFIX_PATH=${CMAKE_PREFIX_PATH}:/home/adela/TFM_AdelaJimenez/workspace/ros_ur_driver/install/trayectories:/home/adela/TFM_AdelaJimenez/workspace/ros_ur_driver/install/conversion_datos:/home/adela/TFM_MiguelLerinAlonso/workspace/ros_ur_driver/install/trayectories:/home/adela/TFM_MiguelLerinAlonso/workspace/ros_ur_driver/install/rutine_launcher:/home/adela/TFM_MiguelLerinAlonso/workspace/ros_ur_driver/install/data_logger:/home/adela/TFM_MiguelLerinAlonso/workspace/ros_ur_driver/install/build_platform:/opt/ros/humble /usr/bin/cmake --build /home/adela/TFM_AdelaJimenez/build/ur_description -- -j2 -l2
[2.005s] DEBUG:colcon.colcon_core.event_handler.log_command:Invoked command in '/home/adela/TFM_AdelaJimenez/build/ur_description' returned '0': CMAKE_PREFIX_PATH=${CMAKE_PREFIX_PATH}:/home/adela/TFM_AdelaJimenez/workspace/ros_ur_driver/install/trayectories:/home/adela/TFM_AdelaJimenez/workspace/ros_ur_driver/install/conversion_datos:/home/adela/TFM_MiguelLerinAlonso/workspace/ros_ur_driver/install/trayectories:/home/adela/TFM_MiguelLerinAlonso/workspace/ros_ur_driver/install/rutine_launcher:/home/adela/TFM_MiguelLerinAlonso/workspace/ros_ur_driver/install/data_logger:/home/adela/TFM_MiguelLerinAlonso/workspace/ros_ur_driver/install/build_platform:/opt/ros/humble /usr/bin/cmake --build /home/adela/TFM_AdelaJimenez/build/ur_description -- -j2 -l2
[2.125s] DEBUG:colcon.colcon_core.event_handler.log_command:Invoking command in '/home/adela/TFM_AdelaJimenez/build/ur_description': CMAKE_PREFIX_PATH=${CMAKE_PREFIX_PATH}:/home/adela/TFM_AdelaJimenez/workspace/ros_ur_driver/install/trayectories:/home/adela/TFM_AdelaJimenez/workspace/ros_ur_driver/install/conversion_datos:/home/adela/TFM_MiguelLerinAlonso/workspace/ros_ur_driver/install/trayectories:/home/adela/TFM_MiguelLerinAlonso/workspace/ros_ur_driver/install/rutine_launcher:/home/adela/TFM_MiguelLerinAlonso/workspace/ros_ur_driver/install/data_logger:/home/adela/TFM_MiguelLerinAlonso/workspace/ros_ur_driver/install/build_platform:/opt/ros/humble /usr/bin/cmake --install /home/adela/TFM_AdelaJimenez/build/ur_description
[2.226s] Level 1:colcon.colcon_core.environment:create_environment_scripts_only(ur_description)
[2.251s] Level 1:colcon.colcon_core.environment:checking '/home/adela/TFM_AdelaJimenez/install/ur_description' for CMake module files
[2.252s] Level 1:colcon.colcon_core.environment:checking '/home/adela/TFM_AdelaJimenez/install/ur_description' for CMake config files
[2.253s] Level 1:colcon.colcon_core.shell:create_environment_hook('ur_description', 'cmake_prefix_path')
[2.253s] INFO:colcon.colcon_core.shell:Creating environment hook '/home/adela/TFM_AdelaJimenez/install/ur_description/share/ur_description/hook/cmake_prefix_path.ps1'
[2.269s] DEBUG:colcon.colcon_core.event_handler.log_command:Invoked command in '/home/adela/TFM_AdelaJimenez/build/ur_description' returned '0': CMAKE_PREFIX_PATH=${CMAKE_PREFIX_PATH}:/home/adela/TFM_AdelaJimenez/workspace/ros_ur_driver/install/trayectories:/home/adela/TFM_AdelaJimenez/workspace/ros_ur_driver/install/conversion_datos:/home/adela/TFM_MiguelLerinAlonso/workspace/ros_ur_driver/install/trayectories:/home/adela/TFM_MiguelLerinAlonso/workspace/ros_ur_driver/install/rutine_launcher:/home/adela/TFM_MiguelLerinAlonso/workspace/ros_ur_driver/install/data_logger:/home/adela/TFM_MiguelLerinAlonso/workspace/ros_ur_driver/install/build_platform:/opt/ros/humble /usr/bin/cmake --install /home/adela/TFM_AdelaJimenez/build/ur_description
[2.269s] INFO:colcon.colcon_core.shell:Creating environment descriptor '/home/adela/TFM_AdelaJimenez/install/ur_description/share/ur_description/hook/cmake_prefix_path.dsv'
[2.270s] INFO:colcon.colcon_core.shell:Creating environment hook '/home/adela/TFM_AdelaJimenez/install/ur_description/share/ur_description/hook/cmake_prefix_path.sh'
[2.272s] Level 1:colcon.colcon_core.environment:checking '/home/adela/TFM_AdelaJimenez/install/ur_description/bin'
[2.272s] Level 1:colcon.colcon_core.environment:checking '/home/adela/TFM_AdelaJimenez/install/ur_description/lib/pkgconfig/ur_description.pc'
[2.272s] Level 1:colcon.colcon_core.environment:checking '/home/adela/TFM_AdelaJimenez/install/ur_description/lib/python3.10/site-packages'
[2.273s] Level 1:colcon.colcon_core.environment:checking '/home/adela/TFM_AdelaJimenez/install/ur_description/bin'
[2.273s] INFO:colcon.colcon_core.shell:Creating package script '/home/adela/TFM_AdelaJimenez/install/ur_description/share/ur_description/package.ps1'
[2.280s] INFO:colcon.colcon_core.shell:Creating package descriptor '/home/adela/TFM_AdelaJimenez/install/ur_description/share/ur_description/package.dsv'
[2.281s] INFO:colcon.colcon_core.shell:Creating package script '/home/adela/TFM_AdelaJimenez/install/ur_description/share/ur_description/package.sh'
[2.283s] INFO:colcon.colcon_core.shell:Creating package script '/home/adela/TFM_AdelaJimenez/install/ur_description/share/ur_description/package.bash'
[2.284s] INFO:colcon.colcon_core.shell:Creating package script '/home/adela/TFM_AdelaJimenez/install/ur_description/share/ur_description/package.zsh'
[2.289s] Level 1:colcon.colcon_core.environment:create_file_with_runtime_dependencies(/home/adela/TFM_AdelaJimenez/install/ur_description/share/colcon-core/packages/ur_description)
[2.388s] Level 1:colcon.colcon_core.environment:create_environment_scripts_only(ur_description)
[2.389s] Level 1:colcon.colcon_core.environment:checking '/home/adela/TFM_AdelaJimenez/install/ur_description' for CMake module files
[2.399s] Level 1:colcon.colcon_core.environment:checking '/home/adela/TFM_AdelaJimenez/install/ur_description' for CMake config files
[2.400s] Level 1:colcon.colcon_core.shell:create_environment_hook('ur_description', 'cmake_prefix_path')
[2.400s] INFO:colcon.colcon_core.shell:Creating environment hook '/home/adela/TFM_AdelaJimenez/install/ur_description/share/ur_description/hook/cmake_prefix_path.ps1'
[2.416s] INFO:colcon.colcon_core.shell:Creating environment descriptor '/home/adela/TFM_AdelaJimenez/install/ur_description/share/ur_description/hook/cmake_prefix_path.dsv'
[2.417s] INFO:colcon.colcon_core.shell:Creating environment hook '/home/adela/TFM_AdelaJimenez/install/ur_description/share/ur_description/hook/cmake_prefix_path.sh'
[2.428s] Level 1:colcon.colcon_core.environment:checking '/home/adela/TFM_AdelaJimenez/install/ur_description/bin'
[2.428s] Level 1:colcon.colcon_core.environment:checking '/home/adela/TFM_AdelaJimenez/install/ur_description/lib/pkgconfig/ur_description.pc'
[2.429s] Level 1:colcon.colcon_core.environment:checking '/home/adela/TFM_AdelaJimenez/install/ur_description/lib/python3.10/site-packages'
[2.429s] Level 1:colcon.colcon_core.environment:checking '/home/adela/TFM_AdelaJimenez/install/ur_description/bin'
[2.429s] INFO:colcon.colcon_core.shell:Creating package script '/home/adela/TFM_AdelaJimenez/install/ur_description/share/ur_description/package.ps1'
[2.430s] INFO:colcon.colcon_core.shell:Creating package descriptor '/home/adela/TFM_AdelaJimenez/install/ur_description/share/ur_description/package.dsv'
[2.467s] INFO:colcon.colcon_core.shell:Creating package script '/home/adela/TFM_AdelaJimenez/install/ur_description/share/ur_description/package.sh'
[2.468s] INFO:colcon.colcon_core.shell:Creating package script '/home/adela/TFM_AdelaJimenez/install/ur_description/share/ur_description/package.bash'
[2.484s] INFO:colcon.colcon_core.shell:Creating package script '/home/adela/TFM_AdelaJimenez/install/ur_description/share/ur_description/package.zsh'
[2.484s] Level 1:colcon.colcon_core.environment:create_file_with_runtime_dependencies(/home/adela/TFM_AdelaJimenez/install/ur_description/share/colcon-core/packages/ur_description)
[2.487s] INFO:colcon.colcon_ros.task.ament_cmake.build:Building ROS package in '/home/adela/TFM_AdelaJimenez/workspace/ros_ur_driver/src/Universal_Robots_ROS2_Driver/ur_moveit_config' with build type 'ament_cmake'
[2.487s] INFO:colcon.colcon_cmake.task.cmake.build:Building CMake package in '/home/adela/TFM_AdelaJimenez/workspace/ros_ur_driver/src/Universal_Robots_ROS2_Driver/ur_moveit_config'
[2.488s] INFO:colcon.colcon_core.shell:Skip shell extension 'powershell' for command environment: Not usable outside of PowerShell
[2.488s] DEBUG:colcon.colcon_core.shell:Skip shell extension 'dsv' for command environment
[2.558s] DEBUG:colcon.colcon_core.event_handler.log_command:Invoking command in '/home/adela/TFM_AdelaJimenez/build/ur_moveit_config': AMENT_PREFIX_PATH=/home/adela/TFM_AdelaJimenez/install/ur_description:${AMENT_PREFIX_PATH} CMAKE_PREFIX_PATH=/home/adela/TFM_AdelaJimenez/install/ur_description:/home/adela/TFM_MiguelLerinAlonso/workspace/ros_ur_driver/install/ur:/home/adela/TFM_MiguelLerinAlonso/workspace/ros_ur_driver/install/ur_calibration:/home/adela/TFM_MiguelLerinAlonso/workspace/ros_ur_driver/install/ur_robot_driver:/home/adela/TFM_MiguelLerinAlonso/workspace/ros_ur_driver/install/ur_moveit_config:/home/adela/TFM_MiguelLerinAlonso/workspace/ros_ur_driver/install/ur_bringup:/home/adela/TFM_MiguelLerinAlonso/workspace/ros_ur_driver/install/ur_description:/home/adela/TFM_MiguelLerinAlonso/workspace/ros_ur_driver/install/ur_controllers:/home/adela/TFM_MiguelLerinAlonso/workspace/ros_ur_driver/install/ur_dashboard_msgs:/home/adela/workspace/ros_ur_driver/install/ur:/home/adela/workspace/ros_ur_driver/install/ur_calibration:/home/adela/workspace/ros_ur_driver/install/ur_robot_driver:/home/adela/workspace/ros_ur_driver/install/ur_moveit_config:/home/adela/workspace/ros_ur_driver/install/ur_bringup:/home/adela/workspace/ros_ur_driver/install/ur_description:/home/adela/workspace/ros_ur_driver/install/ur_controllers:/home/adela/workspace/ros_ur_driver/install/ur_dashboard_msgs:/home/adela/TFM_AdelaJimenez/workspace/ros_ur_driver/install/trayectories:/home/adela/TFM_AdelaJimenez/workspace/ros_ur_driver/install/conversion_datos:/home/adela/TFM_MiguelLerinAlonso/workspace/ros_ur_driver/install/trayectories:/home/adela/TFM_MiguelLerinAlonso/workspace/ros_ur_driver/install/rutine_launcher:/home/adela/TFM_MiguelLerinAlonso/workspace/ros_ur_driver/install/data_logger:/home/adela/TFM_MiguelLerinAlonso/workspace/ros_ur_driver/install/build_platform:/opt/ros/humble /usr/bin/cmake --build /home/adela/TFM_AdelaJimenez/build/ur_moveit_config -- -j2 -l2
[4.512s] DEBUG:colcon.colcon_core.event_handler.log_command:Invoked command in '/home/adela/TFM_AdelaJimenez/build/ur_moveit_config' returned '0': AMENT_PREFIX_PATH=/home/adela/TFM_AdelaJimenez/install/ur_description:${AMENT_PREFIX_PATH} CMAKE_PREFIX_PATH=/home/adela/TFM_AdelaJimenez/install/ur_description:/home/adela/TFM_MiguelLerinAlonso/workspace/ros_ur_driver/install/ur:/home/adela/TFM_MiguelLerinAlonso/workspace/ros_ur_driver/install/ur_calibration:/home/adela/TFM_MiguelLerinAlonso/workspace/ros_ur_driver/install/ur_robot_driver:/home/adela/TFM_MiguelLerinAlonso/workspace/ros_ur_driver/install/ur_moveit_config:/home/adela/TFM_MiguelLerinAlonso/workspace/ros_ur_driver/install/ur_bringup:/home/adela/TFM_MiguelLerinAlonso/workspace/ros_ur_driver/install/ur_description:/home/adela/TFM_MiguelLerinAlonso/workspace/ros_ur_driver/install/ur_controllers:/home/adela/TFM_MiguelLerinAlonso/workspace/ros_ur_driver/install/ur_dashboard_msgs:/home/adela/workspace/ros_ur_driver/install/ur:/home/adela/workspace/ros_ur_driver/install/ur_calibration:/home/adela/workspace/ros_ur_driver/install/ur_robot_driver:/home/adela/workspace/ros_ur_driver/install/ur_moveit_config:/home/adela/workspace/ros_ur_driver/install/ur_bringup:/home/adela/workspace/ros_ur_driver/install/ur_description:/home/adela/workspace/ros_ur_driver/install/ur_controllers:/home/adela/workspace/ros_ur_driver/install/ur_dashboard_msgs:/home/adela/TFM_AdelaJimenez/workspace/ros_ur_driver/install/trayectories:/home/adela/TFM_AdelaJimenez/workspace/ros_ur_driver/install/conversion_datos:/home/adela/TFM_MiguelLerinAlonso/workspace/ros_ur_driver/install/trayectories:/home/adela/TFM_MiguelLerinAlonso/workspace/ros_ur_driver/install/rutine_launcher:/home/adela/TFM_MiguelLerinAlonso/workspace/ros_ur_driver/install/data_logger:/home/adela/TFM_MiguelLerinAlonso/workspace/ros_ur_driver/install/build_platform:/opt/ros/humble /usr/bin/cmake --build /home/adela/TFM_AdelaJimenez/build/ur_moveit_config -- -j2 -l2
[4.745s] DEBUG:colcon.colcon_core.event_handler.log_command:Invoking command in '/home/adela/TFM_AdelaJimenez/build/ur_moveit_config': AMENT_PREFIX_PATH=/home/adela/TFM_AdelaJimenez/install/ur_description:${AMENT_PREFIX_PATH} CMAKE_PREFIX_PATH=/home/adela/TFM_AdelaJimenez/install/ur_description:/home/adela/TFM_MiguelLerinAlonso/workspace/ros_ur_driver/install/ur:/home/adela/TFM_MiguelLerinAlonso/workspace/ros_ur_driver/install/ur_calibration:/home/adela/TFM_MiguelLerinAlonso/workspace/ros_ur_driver/install/ur_robot_driver:/home/adela/TFM_MiguelLerinAlonso/workspace/ros_ur_driver/install/ur_moveit_config:/home/adela/TFM_MiguelLerinAlonso/workspace/ros_ur_driver/install/ur_bringup:/home/adela/TFM_MiguelLerinAlonso/workspace/ros_ur_driver/install/ur_description:/home/adela/TFM_MiguelLerinAlonso/workspace/ros_ur_driver/install/ur_controllers:/home/adela/TFM_MiguelLerinAlonso/workspace/ros_ur_driver/install/ur_dashboard_msgs:/home/adela/workspace/ros_ur_driver/install/ur:/home/adela/workspace/ros_ur_driver/install/ur_calibration:/home/adela/workspace/ros_ur_driver/install/ur_robot_driver:/home/adela/workspace/ros_ur_driver/install/ur_moveit_config:/home/adela/workspace/ros_ur_driver/install/ur_bringup:/home/adela/workspace/ros_ur_driver/install/ur_description:/home/adela/workspace/ros_ur_driver/install/ur_controllers:/home/adela/workspace/ros_ur_driver/install/ur_dashboard_msgs:/home/adela/TFM_AdelaJimenez/workspace/ros_ur_driver/install/trayectories:/home/adela/TFM_AdelaJimenez/workspace/ros_ur_driver/install/conversion_datos:/home/adela/TFM_MiguelLerinAlonso/workspace/ros_ur_driver/install/trayectories:/home/adela/TFM_MiguelLerinAlonso/workspace/ros_ur_driver/install/rutine_launcher:/home/adela/TFM_MiguelLerinAlonso/workspace/ros_ur_driver/install/data_logger:/home/adela/TFM_MiguelLerinAlonso/workspace/ros_ur_driver/install/build_platform:/opt/ros/humble /usr/bin/cmake --install /home/adela/TFM_AdelaJimenez/build/ur_moveit_config
[5.431s] Level 1:colcon.colcon_core.environment:create_environment_scripts_only(ur_moveit_config)
[5.432s] Level 1:colcon.colcon_core.environment:checking '/home/adela/TFM_AdelaJimenez/install/ur_moveit_config' for CMake module files
[5.433s] DEBUG:colcon.colcon_core.event_handler.log_command:Invoked command in '/home/adela/TFM_AdelaJimenez/build/ur_moveit_config' returned '0': AMENT_PREFIX_PATH=/home/adela/TFM_AdelaJimenez/install/ur_description:${AMENT_PREFIX_PATH} CMAKE_PREFIX_PATH=/home/adela/TFM_AdelaJimenez/install/ur_description:/home/adela/TFM_MiguelLerinAlonso/workspace/ros_ur_driver/install/ur:/home/adela/TFM_MiguelLerinAlonso/workspace/ros_ur_driver/install/ur_calibration:/home/adela/TFM_MiguelLerinAlonso/workspace/ros_ur_driver/install/ur_robot_driver:/home/adela/TFM_MiguelLerinAlonso/workspace/ros_ur_driver/install/ur_moveit_config:/home/adela/TFM_MiguelLerinAlonso/workspace/ros_ur_driver/install/ur_bringup:/home/adela/TFM_MiguelLerinAlonso/workspace/ros_ur_driver/install/ur_description:/home/adela/TFM_MiguelLerinAlonso/workspace/ros_ur_driver/install/ur_controllers:/home/adela/TFM_MiguelLerinAlonso/workspace/ros_ur_driver/install/ur_dashboard_msgs:/home/adela/workspace/ros_ur_driver/install/ur:/home/adela/workspace/ros_ur_driver/install/ur_calibration:/home/adela/workspace/ros_ur_driver/install/ur_robot_driver:/home/adela/workspace/ros_ur_driver/install/ur_moveit_config:/home/adela/workspace/ros_ur_driver/install/ur_bringup:/home/adela/workspace/ros_ur_driver/install/ur_description:/home/adela/workspace/ros_ur_driver/install/ur_controllers:/home/adela/workspace/ros_ur_driver/install/ur_dashboard_msgs:/home/adela/TFM_AdelaJimenez/workspace/ros_ur_driver/install/trayectories:/home/adela/TFM_AdelaJimenez/workspace/ros_ur_driver/install/conversion_datos:/home/adela/TFM_MiguelLerinAlonso/workspace/ros_ur_driver/install/trayectories:/home/adela/TFM_MiguelLerinAlonso/workspace/ros_ur_driver/install/rutine_launcher:/home/adela/TFM_MiguelLerinAlonso/workspace/ros_ur_driver/install/data_logger:/home/adela/TFM_MiguelLerinAlonso/workspace/ros_ur_driver/install/build_platform:/opt/ros/humble /usr/bin/cmake --install /home/adela/TFM_AdelaJimenez/build/ur_moveit_config
[5.436s] Level 1:colcon.colcon_core.environment:checking '/home/adela/TFM_AdelaJimenez/install/ur_moveit_config' for CMake config files
[5.437s] Level 1:colcon.colcon_core.shell:create_environment_hook('ur_moveit_config', 'cmake_prefix_path')
[5.437s] INFO:colcon.colcon_core.shell:Creating environment hook '/home/adela/TFM_AdelaJimenez/install/ur_moveit_config/share/ur_moveit_config/hook/cmake_prefix_path.ps1'
[5.451s] INFO:colcon.colcon_core.shell:Creating environment descriptor '/home/adela/TFM_AdelaJimenez/install/ur_moveit_config/share/ur_moveit_config/hook/cmake_prefix_path.dsv'
[5.452s] INFO:colcon.colcon_core.shell:Creating environment hook '/home/adela/TFM_AdelaJimenez/install/ur_moveit_config/share/ur_moveit_config/hook/cmake_prefix_path.sh'
[5.460s] Level 1:colcon.colcon_core.environment:checking '/home/adela/TFM_AdelaJimenez/install/ur_moveit_config/bin'
[5.474s] Level 1:colcon.colcon_core.environment:checking '/home/adela/TFM_AdelaJimenez/install/ur_moveit_config/lib/pkgconfig/ur_moveit_config.pc'
[5.474s] Level 1:colcon.colcon_core.environment:checking '/home/adela/TFM_AdelaJimenez/install/ur_moveit_config/lib/python3.10/site-packages'
[5.475s] Level 1:colcon.colcon_core.environment:checking '/home/adela/TFM_AdelaJimenez/install/ur_moveit_config/bin'
[5.475s] INFO:colcon.colcon_core.shell:Creating package script '/home/adela/TFM_AdelaJimenez/install/ur_moveit_config/share/ur_moveit_config/package.ps1'
[5.478s] INFO:colcon.colcon_core.shell:Creating package descriptor '/home/adela/TFM_AdelaJimenez/install/ur_moveit_config/share/ur_moveit_config/package.dsv'
[5.479s] INFO:colcon.colcon_core.shell:Creating package script '/home/adela/TFM_AdelaJimenez/install/ur_moveit_config/share/ur_moveit_config/package.sh'
[5.480s] INFO:colcon.colcon_core.shell:Creating package script '/home/adela/TFM_AdelaJimenez/install/ur_moveit_config/share/ur_moveit_config/package.bash'
[5.481s] INFO:colcon.colcon_core.shell:Creating package script '/home/adela/TFM_AdelaJimenez/install/ur_moveit_config/share/ur_moveit_config/package.zsh'
[5.493s] Level 1:colcon.colcon_core.environment:create_file_with_runtime_dependencies(/home/adela/TFM_AdelaJimenez/install/ur_moveit_config/share/colcon-core/packages/ur_moveit_config)
[5.673s] Level 1:colcon.colcon_core.environment:create_environment_scripts_only(ur_moveit_config)
[5.683s] Level 1:colcon.colcon_core.environment:checking '/home/adela/TFM_AdelaJimenez/install/ur_moveit_config' for CMake module files
[5.683s] Level 1:colcon.colcon_core.environment:checking '/home/adela/TFM_AdelaJimenez/install/ur_moveit_config' for CMake config files
[5.684s] Level 1:colcon.colcon_core.shell:create_environment_hook('ur_moveit_config', 'cmake_prefix_path')
[5.684s] INFO:colcon.colcon_core.shell:Creating environment hook '/home/adela/TFM_AdelaJimenez/install/ur_moveit_config/share/ur_moveit_config/hook/cmake_prefix_path.ps1'
[5.690s] INFO:colcon.colcon_core.shell:Creating environment descriptor '/home/adela/TFM_AdelaJimenez/install/ur_moveit_config/share/ur_moveit_config/hook/cmake_prefix_path.dsv'
[5.691s] INFO:colcon.colcon_core.shell:Creating environment hook '/home/adela/TFM_AdelaJimenez/install/ur_moveit_config/share/ur_moveit_config/hook/cmake_prefix_path.sh'
[5.697s] Level 1:colcon.colcon_core.environment:checking '/home/adela/TFM_AdelaJimenez/install/ur_moveit_config/bin'
[5.698s] Level 1:colcon.colcon_core.environment:checking '/home/adela/TFM_AdelaJimenez/install/ur_moveit_config/lib/pkgconfig/ur_moveit_config.pc'
[5.698s] Level 1:colcon.colcon_core.environment:checking '/home/adela/TFM_AdelaJimenez/install/ur_moveit_config/lib/python3.10/site-packages'
[5.703s] Level 1:colcon.colcon_core.environment:checking '/home/adela/TFM_AdelaJimenez/install/ur_moveit_config/bin'
[5.709s] INFO:colcon.colcon_core.shell:Creating package script '/home/adela/TFM_AdelaJimenez/install/ur_moveit_config/share/ur_moveit_config/package.ps1'
[5.722s] INFO:colcon.colcon_core.shell:Creating package descriptor '/home/adela/TFM_AdelaJimenez/install/ur_moveit_config/share/ur_moveit_config/package.dsv'
[5.735s] INFO:colcon.colcon_core.shell:Creating package script '/home/adela/TFM_AdelaJimenez/install/ur_moveit_config/share/ur_moveit_config/package.sh'
[5.737s] INFO:colcon.colcon_core.shell:Creating package script '/home/adela/TFM_AdelaJimenez/install/ur_moveit_config/share/ur_moveit_config/package.bash'
[5.738s] INFO:colcon.colcon_core.shell:Creating package script '/home/adela/TFM_AdelaJimenez/install/ur_moveit_config/share/ur_moveit_config/package.zsh'
[5.739s] Level 1:colcon.colcon_core.environment:create_file_with_runtime_dependencies(/home/adela/TFM_AdelaJimenez/install/ur_moveit_config/share/colcon-core/packages/ur_moveit_config)
[5.740s] INFO:colcon.colcon_ros.task.ament_python.build:Building ROS package in '/home/adela/TFM_AdelaJimenez/workspace/ros_ur_driver/src/build_platform' with build type 'ament_python'
[5.740s] Level 1:colcon.colcon_core.shell:create_environment_hook('build_platform', 'ament_prefix_path')
[5.740s] INFO:colcon.colcon_core.shell:Creating environment hook '/home/adela/TFM_AdelaJimenez/install/build_platform/share/build_platform/hook/ament_prefix_path.ps1'
[5.741s] INFO:colcon.colcon_core.shell:Creating environment descriptor '/home/adela/TFM_AdelaJimenez/install/build_platform/share/build_platform/hook/ament_prefix_path.dsv'
[5.753s] INFO:colcon.colcon_core.shell:Creating environment hook '/home/adela/TFM_AdelaJimenez/install/build_platform/share/build_platform/hook/ament_prefix_path.sh'
[5.762s] INFO:colcon.colcon_core.shell:Skip shell extension 'powershell' for command environment: Not usable outside of PowerShell
[5.763s] DEBUG:colcon.colcon_core.shell:Skip shell extension 'dsv' for command environment
[8.481s] INFO:colcon.colcon_core.task.python.build:Building Python package in '/home/adela/TFM_AdelaJimenez/workspace/ros_ur_driver/src/build_platform'
[8.481s] INFO:colcon.colcon_core.shell:Skip shell extension 'powershell' for command environment: Not usable outside of PowerShell
[8.481s] DEBUG:colcon.colcon_core.shell:Skip shell extension 'dsv' for command environment
[8.523s] DEBUG:colcon.colcon_core.event_handler.log_command:Invoked command in '/home/adela/TFM_AdelaJimenez/build/ur_dashboard_msgs' returned '0': CMAKE_PREFIX_PATH=${CMAKE_PREFIX_PATH}:/home/adela/TFM_AdelaJimenez/workspace/ros_ur_driver/install/trayectories:/home/adela/TFM_AdelaJimenez/workspace/ros_ur_driver/install/conversion_datos:/home/adela/TFM_MiguelLerinAlonso/workspace/ros_ur_driver/install/trayectories:/home/adela/TFM_MiguelLerinAlonso/workspace/ros_ur_driver/install/rutine_launcher:/home/adela/TFM_MiguelLerinAlonso/workspace/ros_ur_driver/install/data_logger:/home/adela/TFM_MiguelLerinAlonso/workspace/ros_ur_driver/install/build_platform:/opt/ros/humble /usr/bin/cmake --build /home/adela/TFM_AdelaJimenez/build/ur_dashboard_msgs -- -j2 -l2
[10.770s] DEBUG:colcon.colcon_core.event_handler.log_command:Invoking command in '/home/adela/TFM_AdelaJimenez/build/ur_dashboard_msgs': CMAKE_PREFIX_PATH=${CMAKE_PREFIX_PATH}:/home/adela/TFM_AdelaJimenez/workspace/ros_ur_driver/install/trayectories:/home/adela/TFM_AdelaJimenez/workspace/ros_ur_driver/install/conversion_datos:/home/adela/TFM_MiguelLerinAlonso/workspace/ros_ur_driver/install/trayectories:/home/adela/TFM_MiguelLerinAlonso/workspace/ros_ur_driver/install/rutine_launcher:/home/adela/TFM_MiguelLerinAlonso/workspace/ros_ur_driver/install/data_logger:/home/adela/TFM_MiguelLerinAlonso/workspace/ros_ur_driver/install/build_platform:/opt/ros/humble /usr/bin/cmake --install /home/adela/TFM_AdelaJimenez/build/ur_dashboard_msgs
[11.398s] Level 1:colcon.colcon_core.environment:create_environment_scripts_only(ur_dashboard_msgs)
[11.402s] Level 1:colcon.colcon_core.environment:checking '/home/adela/TFM_AdelaJimenez/install/ur_dashboard_msgs' for CMake module files
[11.403s] Level 1:colcon.colcon_core.environment:checking '/home/adela/TFM_AdelaJimenez/install/ur_dashboard_msgs' for CMake config files
[11.399s] DEBUG:colcon.colcon_core.event_handler.log_command:Invoked command in '/home/adela/TFM_AdelaJimenez/build/ur_dashboard_msgs' returned '0': CMAKE_PREFIX_PATH=${CMAKE_PREFIX_PATH}:/home/adela/TFM_AdelaJimenez/workspace/ros_ur_driver/install/trayectories:/home/adela/TFM_AdelaJimenez/workspace/ros_ur_driver/install/conversion_datos:/home/adela/TFM_MiguelLerinAlonso/workspace/ros_ur_driver/install/trayectories:/home/adela/TFM_MiguelLerinAlonso/workspace/ros_ur_driver/install/rutine_launcher:/home/adela/TFM_MiguelLerinAlonso/workspace/ros_ur_driver/install/data_logger:/home/adela/TFM_MiguelLerinAlonso/workspace/ros_ur_driver/install/build_platform:/opt/ros/humble /usr/bin/cmake --install /home/adela/TFM_AdelaJimenez/build/ur_dashboard_msgs
[11.407s] Level 1:colcon.colcon_core.shell:create_environment_hook('ur_dashboard_msgs', 'cmake_prefix_path')
[11.408s] INFO:colcon.colcon_core.shell:Creating environment hook '/home/adela/TFM_AdelaJimenez/install/ur_dashboard_msgs/share/ur_dashboard_msgs/hook/cmake_prefix_path.ps1'
[11.415s] INFO:colcon.colcon_core.shell:Creating environment descriptor '/home/adela/TFM_AdelaJimenez/install/ur_dashboard_msgs/share/ur_dashboard_msgs/hook/cmake_prefix_path.dsv'
[11.416s] INFO:colcon.colcon_core.shell:Creating environment hook '/home/adela/TFM_AdelaJimenez/install/ur_dashboard_msgs/share/ur_dashboard_msgs/hook/cmake_prefix_path.sh'
[11.420s] Level 1:colcon.colcon_core.environment:checking '/home/adela/TFM_AdelaJimenez/install/ur_dashboard_msgs/lib'
[11.420s] Level 1:colcon.colcon_core.shell:create_environment_hook('ur_dashboard_msgs', 'ld_library_path_lib')
[11.421s] INFO:colcon.colcon_core.shell:Creating environment hook '/home/adela/TFM_AdelaJimenez/install/ur_dashboard_msgs/share/ur_dashboard_msgs/hook/ld_library_path_lib.ps1'
[11.430s] INFO:colcon.colcon_core.shell:Creating environment descriptor '/home/adela/TFM_AdelaJimenez/install/ur_dashboard_msgs/share/ur_dashboard_msgs/hook/ld_library_path_lib.dsv'
[11.435s] INFO:colcon.colcon_core.shell:Creating environment hook '/home/adela/TFM_AdelaJimenez/install/ur_dashboard_msgs/share/ur_dashboard_msgs/hook/ld_library_path_lib.sh'
[11.437s] Level 1:colcon.colcon_core.environment:checking '/home/adela/TFM_AdelaJimenez/install/ur_dashboard_msgs/bin'
[11.437s] Level 1:colcon.colcon_core.environment:checking '/home/adela/TFM_AdelaJimenez/install/ur_dashboard_msgs/lib/pkgconfig/ur_dashboard_msgs.pc'
[11.443s] Level 1:colcon.colcon_core.environment:checking '/home/adela/TFM_AdelaJimenez/install/ur_dashboard_msgs/lib/python3.10/site-packages'
[11.443s] Level 1:colcon.colcon_core.environment:checking '/home/adela/TFM_AdelaJimenez/install/ur_dashboard_msgs/bin'
[11.444s] INFO:colcon.colcon_core.shell:Creating package script '/home/adela/TFM_AdelaJimenez/install/ur_dashboard_msgs/share/ur_dashboard_msgs/package.ps1'
[11.451s] INFO:colcon.colcon_core.shell:Creating package descriptor '/home/adela/TFM_AdelaJimenez/install/ur_dashboard_msgs/share/ur_dashboard_msgs/package.dsv'
[11.453s] INFO:colcon.colcon_core.shell:Creating package script '/home/adela/TFM_AdelaJimenez/install/ur_dashboard_msgs/share/ur_dashboard_msgs/package.sh'
[11.478s] INFO:colcon.colcon_core.shell:Creating package script '/home/adela/TFM_AdelaJimenez/install/ur_dashboard_msgs/share/ur_dashboard_msgs/package.bash'
[11.479s] INFO:colcon.colcon_core.shell:Creating package script '/home/adela/TFM_AdelaJimenez/install/ur_dashboard_msgs/share/ur_dashboard_msgs/package.zsh'
[11.486s] Level 1:colcon.colcon_core.environment:create_file_with_runtime_dependencies(/home/adela/TFM_AdelaJimenez/install/ur_dashboard_msgs/share/colcon-core/packages/ur_dashboard_msgs)
[11.711s] DEBUG:colcon.colcon_core.event_handler.log_command:Invoking command in '/home/adela/TFM_AdelaJimenez/workspace/ros_ur_driver/src/build_platform': PYTHONPATH=/home/adela/TFM_AdelaJimenez/build/build_platform/prefix_override:/home/adela/TFM_AdelaJimenez/install/build_platform/lib/python3.10/site-packages:${PYTHONPATH} /usr/bin/python3 -W ignore:setup.py install is deprecated setup.py egg_info --egg-base ../../../../build/build_platform build --build-base /home/adela/TFM_AdelaJimenez/build/build_platform/build install --record /home/adela/TFM_AdelaJimenez/build/build_platform/install.log --single-version-externally-managed install_data
[14.734s] Level 1:colcon.colcon_core.environment:create_environment_scripts_only(ur_dashboard_msgs)
[14.735s] Level 1:colcon.colcon_core.environment:checking '/home/adela/TFM_AdelaJimenez/install/ur_dashboard_msgs' for CMake module files
[14.736s] Level 1:colcon.colcon_core.environment:checking '/home/adela/TFM_AdelaJimenez/install/ur_dashboard_msgs' for CMake config files
[14.736s] Level 1:colcon.colcon_core.shell:create_environment_hook('ur_dashboard_msgs', 'cmake_prefix_path')
[14.736s] INFO:colcon.colcon_core.shell:Creating environment hook '/home/adela/TFM_AdelaJimenez/install/ur_dashboard_msgs/share/ur_dashboard_msgs/hook/cmake_prefix_path.ps1'
[14.751s] INFO:colcon.colcon_core.shell:Creating environment descriptor '/home/adela/TFM_AdelaJimenez/install/ur_dashboard_msgs/share/ur_dashboard_msgs/hook/cmake_prefix_path.dsv'
[14.759s] INFO:colcon.colcon_core.shell:Creating environment hook '/home/adela/TFM_AdelaJimenez/install/ur_dashboard_msgs/share/ur_dashboard_msgs/hook/cmake_prefix_path.sh'
[14.762s] Level 1:colcon.colcon_core.environment:checking '/home/adela/TFM_AdelaJimenez/install/ur_dashboard_msgs/lib'
[14.769s] Level 1:colcon.colcon_core.shell:create_environment_hook('ur_dashboard_msgs', 'ld_library_path_lib')
[14.769s] INFO:colcon.colcon_core.shell:Creating environment hook '/home/adela/TFM_AdelaJimenez/install/ur_dashboard_msgs/share/ur_dashboard_msgs/hook/ld_library_path_lib.ps1'
[14.770s] INFO:colcon.colcon_core.shell:Creating environment descriptor '/home/adela/TFM_AdelaJimenez/install/ur_dashboard_msgs/share/ur_dashboard_msgs/hook/ld_library_path_lib.dsv'
[14.775s] INFO:colcon.colcon_core.shell:Creating environment hook '/home/adela/TFM_AdelaJimenez/install/ur_dashboard_msgs/share/ur_dashboard_msgs/hook/ld_library_path_lib.sh'
[14.785s] Level 1:colcon.colcon_core.environment:checking '/home/adela/TFM_AdelaJimenez/install/ur_dashboard_msgs/bin'
[14.786s] Level 1:colcon.colcon_core.environment:checking '/home/adela/TFM_AdelaJimenez/install/ur_dashboard_msgs/lib/pkgconfig/ur_dashboard_msgs.pc'
[14.786s] Level 1:colcon.colcon_core.environment:checking '/home/adela/TFM_AdelaJimenez/install/ur_dashboard_msgs/lib/python3.10/site-packages'
[14.786s] Level 1:colcon.colcon_core.environment:checking '/home/adela/TFM_AdelaJimenez/install/ur_dashboard_msgs/bin'
[14.787s] INFO:colcon.colcon_core.shell:Creating package script '/home/adela/TFM_AdelaJimenez/install/ur_dashboard_msgs/share/ur_dashboard_msgs/package.ps1'
[14.792s] INFO:colcon.colcon_core.shell:Creating package descriptor '/home/adela/TFM_AdelaJimenez/install/ur_dashboard_msgs/share/ur_dashboard_msgs/package.dsv'
[14.798s] INFO:colcon.colcon_core.shell:Creating package script '/home/adela/TFM_AdelaJimenez/install/ur_dashboard_msgs/share/ur_dashboard_msgs/package.sh'
[14.810s] INFO:colcon.colcon_core.shell:Creating package script '/home/adela/TFM_AdelaJimenez/install/ur_dashboard_msgs/share/ur_dashboard_msgs/package.bash'
[14.811s] INFO:colcon.colcon_core.shell:Creating package script '/home/adela/TFM_AdelaJimenez/install/ur_dashboard_msgs/share/ur_dashboard_msgs/package.zsh'
[14.815s] Level 1:colcon.colcon_core.environment:create_file_with_runtime_dependencies(/home/adela/TFM_AdelaJimenez/install/ur_dashboard_msgs/share/colcon-core/packages/ur_dashboard_msgs)
[14.819s] INFO:colcon.colcon_ros.task.ament_cmake.build:Building ROS package in '/home/adela/TFM_AdelaJimenez/workspace/ros_ur_driver/src/Universal_Robots_ROS2_Driver/ur_controllers' with build type 'ament_cmake'
[14.819s] INFO:colcon.colcon_cmake.task.cmake.build:Building CMake package in '/home/adela/TFM_AdelaJimenez/workspace/ros_ur_driver/src/Universal_Robots_ROS2_Driver/ur_controllers'
[14.819s] INFO:colcon.colcon_core.shell:Skip shell extension 'powershell' for command environment: Not usable outside of PowerShell
[14.819s] DEBUG:colcon.colcon_core.shell:Skip shell extension 'dsv' for command environment
[14.864s] Level 1:colcon.colcon_core.environment:checking '/home/adela/TFM_AdelaJimenez/install/build_platform' for CMake module files
[14.865s] Level 1:colcon.colcon_core.environment:checking '/home/adela/TFM_AdelaJimenez/install/build_platform' for CMake config files
[14.866s] Level 1:colcon.colcon_core.environment:checking '/home/adela/TFM_AdelaJimenez/install/build_platform/lib'
[14.866s] Level 1:colcon.colcon_core.environment:checking '/home/adela/TFM_AdelaJimenez/install/build_platform/bin'
[14.866s] Level 1:colcon.colcon_core.environment:checking '/home/adela/TFM_AdelaJimenez/install/build_platform/lib/pkgconfig/build_platform.pc'
[14.867s] Level 1:colcon.colcon_core.environment:checking '/home/adela/TFM_AdelaJimenez/install/build_platform/lib/python3.10/site-packages'
[14.867s] Level 1:colcon.colcon_core.shell:create_environment_hook('build_platform', 'pythonpath')
[14.867s] INFO:colcon.colcon_core.shell:Creating environment hook '/home/adela/TFM_AdelaJimenez/install/build_platform/share/build_platform/hook/pythonpath.ps1'
[14.868s] INFO:colcon.colcon_core.shell:Creating environment descriptor '/home/adela/TFM_AdelaJimenez/install/build_platform/share/build_platform/hook/pythonpath.dsv'
[14.869s] DEBUG:colcon.colcon_core.event_handler.log_command:Invoked command in '/home/adela/TFM_AdelaJimenez/workspace/ros_ur_driver/src/build_platform' returned '0': PYTHONPATH=/home/adela/TFM_AdelaJimenez/build/build_platform/prefix_override:/home/adela/TFM_AdelaJimenez/install/build_platform/lib/python3.10/site-packages:${PYTHONPATH} /usr/bin/python3 -W ignore:setup.py install is deprecated setup.py egg_info --egg-base ../../../../build/build_platform build --build-base /home/adela/TFM_AdelaJimenez/build/build_platform/build install --record /home/adela/TFM_AdelaJimenez/build/build_platform/install.log --single-version-externally-managed install_data
[14.871s] INFO:colcon.colcon_core.shell:Creating environment hook '/home/adela/TFM_AdelaJimenez/install/build_platform/share/build_platform/hook/pythonpath.sh'
[14.879s] Level 1:colcon.colcon_core.environment:checking '/home/adela/TFM_AdelaJimenez/install/build_platform/bin'
[14.881s] Level 1:colcon.colcon_core.environment:create_environment_scripts_only(build_platform)
[14.882s] INFO:colcon.colcon_core.shell:Creating package script '/home/adela/TFM_AdelaJimenez/install/build_platform/share/build_platform/package.ps1'
[14.883s] INFO:colcon.colcon_core.shell:Creating package descriptor '/home/adela/TFM_AdelaJimenez/install/build_platform/share/build_platform/package.dsv'
[14.887s] INFO:colcon.colcon_core.shell:Creating package script '/home/adela/TFM_AdelaJimenez/install/build_platform/share/build_platform/package.sh'
[14.890s] INFO:colcon.colcon_core.shell:Creating package script '/home/adela/TFM_AdelaJimenez/install/build_platform/share/build_platform/package.bash'
[14.895s] INFO:colcon.colcon_core.shell:Creating package script '/home/adela/TFM_AdelaJimenez/install/build_platform/share/build_platform/package.zsh'
[14.896s] Level 1:colcon.colcon_core.environment:create_file_with_runtime_dependencies(/home/adela/TFM_AdelaJimenez/install/build_platform/share/colcon-core/packages/build_platform)
[14.898s] INFO:colcon.colcon_ros.task.ament_python.build:Building ROS package in '/home/adela/TFM_AdelaJimenez/workspace/ros_ur_driver/src/conversion_datos' with build type 'ament_python'
[14.899s] Level 1:colcon.colcon_core.shell:create_environment_hook('conversion_datos', 'ament_prefix_path')
[14.900s] INFO:colcon.colcon_core.shell:Creating environment hook '/home/adela/TFM_AdelaJimenez/install/conversion_datos/share/conversion_datos/hook/ament_prefix_path.ps1'
[14.901s] INFO:colcon.colcon_core.shell:Creating environment descriptor '/home/adela/TFM_AdelaJimenez/install/conversion_datos/share/conversion_datos/hook/ament_prefix_path.dsv'
[14.902s] INFO:colcon.colcon_core.shell:Creating environment hook '/home/adela/TFM_AdelaJimenez/install/conversion_datos/share/conversion_datos/hook/ament_prefix_path.sh'
[14.905s] INFO:colcon.colcon_core.shell:Skip shell extension 'powershell' for command environment: Not usable outside of PowerShell
[14.905s] DEBUG:colcon.colcon_core.shell:Skip shell extension 'dsv' for command environment
[14.926s] DEBUG:colcon.colcon_core.event_handler.log_command:Invoking command in '/home/adela/TFM_AdelaJimenez/build/ur_controllers': AMENT_PREFIX_PATH=/home/adela/TFM_AdelaJimenez/install/ur_dashboard_msgs:${AMENT_PREFIX_PATH} CMAKE_PREFIX_PATH=/home/adela/TFM_AdelaJimenez/install/ur_dashboard_msgs:/home/adela/TFM_MiguelLerinAlonso/workspace/ros_ur_driver/install/ur:/home/adela/TFM_MiguelLerinAlonso/workspace/ros_ur_driver/install/ur_calibration:/home/adela/TFM_MiguelLerinAlonso/workspace/ros_ur_driver/install/ur_robot_driver:/home/adela/TFM_MiguelLerinAlonso/workspace/ros_ur_driver/install/ur_moveit_config:/home/adela/TFM_MiguelLerinAlonso/workspace/ros_ur_driver/install/ur_bringup:/home/adela/TFM_MiguelLerinAlonso/workspace/ros_ur_driver/install/ur_description:/home/adela/TFM_MiguelLerinAlonso/workspace/ros_ur_driver/install/ur_controllers:/home/adela/TFM_MiguelLerinAlonso/workspace/ros_ur_driver/install/ur_dashboard_msgs:/home/adela/workspace/ros_ur_driver/install/ur:/home/adela/workspace/ros_ur_driver/install/ur_calibration:/home/adela/workspace/ros_ur_driver/install/ur_robot_driver:/home/adela/workspace/ros_ur_driver/install/ur_moveit_config:/home/adela/workspace/ros_ur_driver/install/ur_bringup:/home/adela/workspace/ros_ur_driver/install/ur_description:/home/adela/workspace/ros_ur_driver/install/ur_controllers:/home/adela/workspace/ros_ur_driver/install/ur_dashboard_msgs:/home/adela/TFM_AdelaJimenez/workspace/ros_ur_driver/install/trayectories:/home/adela/TFM_AdelaJimenez/workspace/ros_ur_driver/install/conversion_datos:/home/adela/TFM_MiguelLerinAlonso/workspace/ros_ur_driver/install/trayectories:/home/adela/TFM_MiguelLerinAlonso/workspace/ros_ur_driver/install/rutine_launcher:/home/adela/TFM_MiguelLerinAlonso/workspace/ros_ur_driver/install/data_logger:/home/adela/TFM_MiguelLerinAlonso/workspace/ros_ur_driver/install/build_platform:/opt/ros/humble LD_LIBRARY_PATH=/home/adela/TFM_AdelaJimenez/install/ur_dashboard_msgs/lib:${LD_LIBRARY_PATH} PYTHONPATH=/home/adela/TFM_AdelaJimenez/install/ur_dashboard_msgs/local/lib/python3.10/dist-packages:${PYTHONPATH} /usr/bin/cmake --build /home/adela/TFM_AdelaJimenez/build/ur_controllers -- -j2 -l2
[17.646s] INFO:colcon.colcon_core.task.python.build:Building Python package in '/home/adela/TFM_AdelaJimenez/workspace/ros_ur_driver/src/conversion_datos'
[17.647s] INFO:colcon.colcon_core.shell:Skip shell extension 'powershell' for command environment: Not usable outside of PowerShell
[17.647s] DEBUG:colcon.colcon_core.shell:Skip shell extension 'dsv' for command environment
[17.776s] DEBUG:colcon.colcon_core.event_handler.log_command:Invoked command in '/home/adela/TFM_AdelaJimenez/build/ur_controllers' returned '0': AMENT_PREFIX_PATH=/home/adela/TFM_AdelaJimenez/install/ur_dashboard_msgs:${AMENT_PREFIX_PATH} CMAKE_PREFIX_PATH=/home/adela/TFM_AdelaJimenez/install/ur_dashboard_msgs:/home/adela/TFM_MiguelLerinAlonso/workspace/ros_ur_driver/install/ur:/home/adela/TFM_MiguelLerinAlonso/workspace/ros_ur_driver/install/ur_calibration:/home/adela/TFM_MiguelLerinAlonso/workspace/ros_ur_driver/install/ur_robot_driver:/home/adela/TFM_MiguelLerinAlonso/workspace/ros_ur_driver/install/ur_moveit_config:/home/adela/TFM_MiguelLerinAlonso/workspace/ros_ur_driver/install/ur_bringup:/home/adela/TFM_MiguelLerinAlonso/workspace/ros_ur_driver/install/ur_description:/home/adela/TFM_MiguelLerinAlonso/workspace/ros_ur_driver/install/ur_controllers:/home/adela/TFM_MiguelLerinAlonso/workspace/ros_ur_driver/install/ur_dashboard_msgs:/home/adela/workspace/ros_ur_driver/install/ur:/home/adela/workspace/ros_ur_driver/install/ur_calibration:/home/adela/workspace/ros_ur_driver/install/ur_robot_driver:/home/adela/workspace/ros_ur_driver/install/ur_moveit_config:/home/adela/workspace/ros_ur_driver/install/ur_bringup:/home/adela/workspace/ros_ur_driver/install/ur_description:/home/adela/workspace/ros_ur_driver/install/ur_controllers:/home/adela/workspace/ros_ur_driver/install/ur_dashboard_msgs:/home/adela/TFM_AdelaJimenez/workspace/ros_ur_driver/install/trayectories:/home/adela/TFM_AdelaJimenez/workspace/ros_ur_driver/install/conversion_datos:/home/adela/TFM_MiguelLerinAlonso/workspace/ros_ur_driver/install/trayectories:/home/adela/TFM_MiguelLerinAlonso/workspace/ros_ur_driver/install/rutine_launcher:/home/adela/TFM_MiguelLerinAlonso/workspace/ros_ur_driver/install/data_logger:/home/adela/TFM_MiguelLerinAlonso/workspace/ros_ur_driver/install/build_platform:/opt/ros/humble LD_LIBRARY_PATH=/home/adela/TFM_AdelaJimenez/install/ur_dashboard_msgs/lib:${LD_LIBRARY_PATH} PYTHONPATH=/home/adela/TFM_AdelaJimenez/install/ur_dashboard_msgs/local/lib/python3.10/dist-packages:${PYTHONPATH} /usr/bin/cmake --build /home/adela/TFM_AdelaJimenez/build/ur_controllers -- -j2 -l2
[18.240s] DEBUG:colcon.colcon_core.event_handler.log_command:Invoking command in '/home/adela/TFM_AdelaJimenez/build/ur_controllers': AMENT_PREFIX_PATH=/home/adela/TFM_AdelaJimenez/install/ur_dashboard_msgs:${AMENT_PREFIX_PATH} CMAKE_PREFIX_PATH=/home/adela/TFM_AdelaJimenez/install/ur_dashboard_msgs:/home/adela/TFM_MiguelLerinAlonso/workspace/ros_ur_driver/install/ur:/home/adela/TFM_MiguelLerinAlonso/workspace/ros_ur_driver/install/ur_calibration:/home/adela/TFM_MiguelLerinAlonso/workspace/ros_ur_driver/install/ur_robot_driver:/home/adela/TFM_MiguelLerinAlonso/workspace/ros_ur_driver/install/ur_moveit_config:/home/adela/TFM_MiguelLerinAlonso/workspace/ros_ur_driver/install/ur_bringup:/home/adela/TFM_MiguelLerinAlonso/workspace/ros_ur_driver/install/ur_description:/home/adela/TFM_MiguelLerinAlonso/workspace/ros_ur_driver/install/ur_controllers:/home/adela/TFM_MiguelLerinAlonso/workspace/ros_ur_driver/install/ur_dashboard_msgs:/home/adela/workspace/ros_ur_driver/install/ur:/home/adela/workspace/ros_ur_driver/install/ur_calibration:/home/adela/workspace/ros_ur_driver/install/ur_robot_driver:/home/adela/workspace/ros_ur_driver/install/ur_moveit_config:/home/adela/workspace/ros_ur_driver/install/ur_bringup:/home/adela/workspace/ros_ur_driver/install/ur_description:/home/adela/workspace/ros_ur_driver/install/ur_controllers:/home/adela/workspace/ros_ur_driver/install/ur_dashboard_msgs:/home/adela/TFM_AdelaJimenez/workspace/ros_ur_driver/install/trayectories:/home/adela/TFM_AdelaJimenez/workspace/ros_ur_driver/install/conversion_datos:/home/adela/TFM_MiguelLerinAlonso/workspace/ros_ur_driver/install/trayectories:/home/adela/TFM_MiguelLerinAlonso/workspace/ros_ur_driver/install/rutine_launcher:/home/adela/TFM_MiguelLerinAlonso/workspace/ros_ur_driver/install/data_logger:/home/adela/TFM_MiguelLerinAlonso/workspace/ros_ur_driver/install/build_platform:/opt/ros/humble LD_LIBRARY_PATH=/home/adela/TFM_AdelaJimenez/install/ur_dashboard_msgs/lib:${LD_LIBRARY_PATH} PYTHONPATH=/home/adela/TFM_AdelaJimenez/install/ur_dashboard_msgs/local/lib/python3.10/dist-packages:${PYTHONPATH} /usr/bin/cmake --install /home/adela/TFM_AdelaJimenez/build/ur_controllers
[18.338s] Level 1:colcon.colcon_core.environment:create_environment_scripts_only(ur_controllers)
[18.339s] Level 1:colcon.colcon_core.environment:checking '/home/adela/TFM_AdelaJimenez/install/ur_controllers' for CMake module files
[18.355s] DEBUG:colcon.colcon_core.event_handler.log_command:Invoked command in '/home/adela/TFM_AdelaJimenez/build/ur_controllers' returned '0': AMENT_PREFIX_PATH=/home/adela/TFM_AdelaJimenez/install/ur_dashboard_msgs:${AMENT_PREFIX_PATH} CMAKE_PREFIX_PATH=/home/adela/TFM_AdelaJimenez/install/ur_dashboard_msgs:/home/adela/TFM_MiguelLerinAlonso/workspace/ros_ur_driver/install/ur:/home/adela/TFM_MiguelLerinAlonso/workspace/ros_ur_driver/install/ur_calibration:/home/adela/TFM_MiguelLerinAlonso/workspace/ros_ur_driver/install/ur_robot_driver:/home/adela/TFM_MiguelLerinAlonso/workspace/ros_ur_driver/install/ur_moveit_config:/home/adela/TFM_MiguelLerinAlonso/workspace/ros_ur_driver/install/ur_bringup:/home/adela/TFM_MiguelLerinAlonso/workspace/ros_ur_driver/install/ur_description:/home/adela/TFM_MiguelLerinAlonso/workspace/ros_ur_driver/install/ur_controllers:/home/adela/TFM_MiguelLerinAlonso/workspace/ros_ur_driver/install/ur_dashboard_msgs:/home/adela/workspace/ros_ur_driver/install/ur:/home/adela/workspace/ros_ur_driver/install/ur_calibration:/home/adela/workspace/ros_ur_driver/install/ur_robot_driver:/home/adela/workspace/ros_ur_driver/install/ur_moveit_config:/home/adela/workspace/ros_ur_driver/install/ur_bringup:/home/adela/workspace/ros_ur_driver/install/ur_description:/home/adela/workspace/ros_ur_driver/install/ur_controllers:/home/adela/workspace/ros_ur_driver/install/ur_dashboard_msgs:/home/adela/TFM_AdelaJimenez/workspace/ros_ur_driver/install/trayectories:/home/adela/TFM_AdelaJimenez/workspace/ros_ur_driver/install/conversion_datos:/home/adela/TFM_MiguelLerinAlonso/workspace/ros_ur_driver/install/trayectories:/home/adela/TFM_MiguelLerinAlonso/workspace/ros_ur_driver/install/rutine_launcher:/home/adela/TFM_MiguelLerinAlonso/workspace/ros_ur_driver/install/data_logger:/home/adela/TFM_MiguelLerinAlonso/workspace/ros_ur_driver/install/build_platform:/opt/ros/humble LD_LIBRARY_PATH=/home/adela/TFM_AdelaJimenez/install/ur_dashboard_msgs/lib:${LD_LIBRARY_PATH} PYTHONPATH=/home/adela/TFM_AdelaJimenez/install/ur_dashboard_msgs/local/lib/python3.10/dist-packages:${PYTHONPATH} /usr/bin/cmake --install /home/adela/TFM_AdelaJimenez/build/ur_controllers
[18.359s] Level 1:colcon.colcon_core.environment:checking '/home/adela/TFM_AdelaJimenez/install/ur_controllers' for CMake config files
[18.359s] Level 1:colcon.colcon_core.shell:create_environment_hook('ur_controllers', 'cmake_prefix_path')
[18.360s] INFO:colcon.colcon_core.shell:Creating environment hook '/home/adela/TFM_AdelaJimenez/install/ur_controllers/share/ur_controllers/hook/cmake_prefix_path.ps1'
[18.360s] INFO:colcon.colcon_core.shell:Creating environment descriptor '/home/adela/TFM_AdelaJimenez/install/ur_controllers/share/ur_controllers/hook/cmake_prefix_path.dsv'
[18.383s] INFO:colcon.colcon_core.shell:Creating environment hook '/home/adela/TFM_AdelaJimenez/install/ur_controllers/share/ur_controllers/hook/cmake_prefix_path.sh'
[18.400s] Level 1:colcon.colcon_core.environment:checking '/home/adela/TFM_AdelaJimenez/install/ur_controllers/lib'
[18.400s] Level 1:colcon.colcon_core.shell:create_environment_hook('ur_controllers', 'ld_library_path_lib')
[18.400s] INFO:colcon.colcon_core.shell:Creating environment hook '/home/adela/TFM_AdelaJimenez/install/ur_controllers/share/ur_controllers/hook/ld_library_path_lib.ps1'
[18.401s] INFO:colcon.colcon_core.shell:Creating environment descriptor '/home/adela/TFM_AdelaJimenez/install/ur_controllers/share/ur_controllers/hook/ld_library_path_lib.dsv'
[18.407s] INFO:colcon.colcon_core.shell:Creating environment hook '/home/adela/TFM_AdelaJimenez/install/ur_controllers/share/ur_controllers/hook/ld_library_path_lib.sh'
[18.421s] Level 1:colcon.colcon_core.environment:checking '/home/adela/TFM_AdelaJimenez/install/ur_controllers/bin'
[18.422s] Level 1:colcon.colcon_core.environment:checking '/home/adela/TFM_AdelaJimenez/install/ur_controllers/lib/pkgconfig/ur_controllers.pc'
[18.422s] Level 1:colcon.colcon_core.environment:checking '/home/adela/TFM_AdelaJimenez/install/ur_controllers/lib/python3.10/site-packages'
[18.422s] Level 1:colcon.colcon_core.environment:checking '/home/adela/TFM_AdelaJimenez/install/ur_controllers/bin'
[18.423s] INFO:colcon.colcon_core.shell:Creating package script '/home/adela/TFM_AdelaJimenez/install/ur_controllers/share/ur_controllers/package.ps1'
[18.443s] INFO:colcon.colcon_core.shell:Creating package descriptor '/home/adela/TFM_AdelaJimenez/install/ur_controllers/share/ur_controllers/package.dsv'
[18.460s] INFO:colcon.colcon_core.shell:Creating package script '/home/adela/TFM_AdelaJimenez/install/ur_controllers/share/ur_controllers/package.sh'
[18.472s] INFO:colcon.colcon_core.shell:Creating package script '/home/adela/TFM_AdelaJimenez/install/ur_controllers/share/ur_controllers/package.bash'
[18.475s] INFO:colcon.colcon_core.shell:Creating package script '/home/adela/TFM_AdelaJimenez/install/ur_controllers/share/ur_controllers/package.zsh'
[18.486s] Level 1:colcon.colcon_core.environment:create_file_with_runtime_dependencies(/home/adela/TFM_AdelaJimenez/install/ur_controllers/share/colcon-core/packages/ur_controllers)
[18.880s] Level 1:colcon.colcon_core.environment:create_environment_scripts_only(ur_controllers)
[18.880s] Level 1:colcon.colcon_core.environment:checking '/home/adela/TFM_AdelaJimenez/install/ur_controllers' for CMake module files
[18.881s] Level 1:colcon.colcon_core.environment:checking '/home/adela/TFM_AdelaJimenez/install/ur_controllers' for CMake config files
[18.881s] Level 1:colcon.colcon_core.shell:create_environment_hook('ur_controllers', 'cmake_prefix_path')
[18.882s] INFO:colcon.colcon_core.shell:Creating environment hook '/home/adela/TFM_AdelaJimenez/install/ur_controllers/share/ur_controllers/hook/cmake_prefix_path.ps1'
[18.882s] INFO:colcon.colcon_core.shell:Creating environment descriptor '/home/adela/TFM_AdelaJimenez/install/ur_controllers/share/ur_controllers/hook/cmake_prefix_path.dsv'
[18.901s] INFO:colcon.colcon_core.shell:Creating environment hook '/home/adela/TFM_AdelaJimenez/install/ur_controllers/share/ur_controllers/hook/cmake_prefix_path.sh'
[18.903s] Level 1:colcon.colcon_core.environment:checking '/home/adela/TFM_AdelaJimenez/install/ur_controllers/lib'
[18.903s] Level 1:colcon.colcon_core.shell:create_environment_hook('ur_controllers', 'ld_library_path_lib')
[18.904s] INFO:colcon.colcon_core.shell:Creating environment hook '/home/adela/TFM_AdelaJimenez/install/ur_controllers/share/ur_controllers/hook/ld_library_path_lib.ps1'
[18.904s] INFO:colcon.colcon_core.shell:Creating environment descriptor '/home/adela/TFM_AdelaJimenez/install/ur_controllers/share/ur_controllers/hook/ld_library_path_lib.dsv'
[18.905s] INFO:colcon.colcon_core.shell:Creating environment hook '/home/adela/TFM_AdelaJimenez/install/ur_controllers/share/ur_controllers/hook/ld_library_path_lib.sh'
[18.906s] Level 1:colcon.colcon_core.environment:checking '/home/adela/TFM_AdelaJimenez/install/ur_controllers/bin'
[18.906s] Level 1:colcon.colcon_core.environment:checking '/home/adela/TFM_AdelaJimenez/install/ur_controllers/lib/pkgconfig/ur_controllers.pc'
[18.907s] Level 1:colcon.colcon_core.environment:checking '/home/adela/TFM_AdelaJimenez/install/ur_controllers/lib/python3.10/site-packages'
[18.910s] Level 1:colcon.colcon_core.environment:checking '/home/adela/TFM_AdelaJimenez/install/ur_controllers/bin'
[18.923s] INFO:colcon.colcon_core.shell:Creating package script '/home/adela/TFM_AdelaJimenez/install/ur_controllers/share/ur_controllers/package.ps1'
[18.925s] INFO:colcon.colcon_core.shell:Creating package descriptor '/home/adela/TFM_AdelaJimenez/install/ur_controllers/share/ur_controllers/package.dsv'
[18.925s] INFO:colcon.colcon_core.shell:Creating package script '/home/adela/TFM_AdelaJimenez/install/ur_controllers/share/ur_controllers/package.sh'
[18.927s] INFO:colcon.colcon_core.shell:Creating package script '/home/adela/TFM_AdelaJimenez/install/ur_controllers/share/ur_controllers/package.bash'
[18.928s] INFO:colcon.colcon_core.shell:Creating package script '/home/adela/TFM_AdelaJimenez/install/ur_controllers/share/ur_controllers/package.zsh'
[18.929s] Level 1:colcon.colcon_core.environment:create_file_with_runtime_dependencies(/home/adela/TFM_AdelaJimenez/install/ur_controllers/share/colcon-core/packages/ur_controllers)
[18.931s] INFO:colcon.colcon_ros.task.ament_cmake.build:Building ROS package in '/home/adela/TFM_AdelaJimenez/workspace/ros_ur_driver/src/Universal_Robots_ROS2_Driver/ur_robot_driver' with build type 'ament_cmake'
[18.932s] INFO:colcon.colcon_cmake.task.cmake.build:Building CMake package in '/home/adela/TFM_AdelaJimenez/workspace/ros_ur_driver/src/Universal_Robots_ROS2_Driver/ur_robot_driver'
[18.932s] INFO:colcon.colcon_core.shell:Skip shell extension 'powershell' for command environment: Not usable outside of PowerShell
[18.932s] DEBUG:colcon.colcon_core.shell:Skip shell extension 'dsv' for command environment
[19.000s] DEBUG:colcon.colcon_core.event_handler.log_command:Invoking command in '/home/adela/TFM_AdelaJimenez/build/ur_robot_driver': AMENT_PREFIX_PATH=/home/adela/TFM_AdelaJimenez/install/ur_controllers:/home/adela/TFM_AdelaJimenez/install/ur_description:/home/adela/TFM_AdelaJimenez/install/ur_dashboard_msgs:${AMENT_PREFIX_PATH} CMAKE_PREFIX_PATH=/home/adela/TFM_AdelaJimenez/install/ur_controllers:/home/adela/TFM_AdelaJimenez/install/ur_description:/home/adela/TFM_AdelaJimenez/install/ur_dashboard_msgs:/home/adela/TFM_MiguelLerinAlonso/workspace/ros_ur_driver/install/ur:/home/adela/TFM_MiguelLerinAlonso/workspace/ros_ur_driver/install/ur_calibration:/home/adela/TFM_MiguelLerinAlonso/workspace/ros_ur_driver/install/ur_robot_driver:/home/adela/TFM_MiguelLerinAlonso/workspace/ros_ur_driver/install/ur_moveit_config:/home/adela/TFM_MiguelLerinAlonso/workspace/ros_ur_driver/install/ur_bringup:/home/adela/TFM_MiguelLerinAlonso/workspace/ros_ur_driver/install/ur_description:/home/adela/TFM_MiguelLerinAlonso/workspace/ros_ur_driver/install/ur_controllers:/home/adela/TFM_MiguelLerinAlonso/workspace/ros_ur_driver/install/ur_dashboard_msgs:/home/adela/workspace/ros_ur_driver/install/ur:/home/adela/workspace/ros_ur_driver/install/ur_calibration:/home/adela/workspace/ros_ur_driver/install/ur_robot_driver:/home/adela/workspace/ros_ur_driver/install/ur_moveit_config:/home/adela/workspace/ros_ur_driver/install/ur_bringup:/home/adela/workspace/ros_ur_driver/install/ur_description:/home/adela/workspace/ros_ur_driver/install/ur_controllers:/home/adela/workspace/ros_ur_driver/install/ur_dashboard_msgs:/home/adela/TFM_AdelaJimenez/workspace/ros_ur_driver/install/trayectories:/home/adela/TFM_AdelaJimenez/workspace/ros_ur_driver/install/conversion_datos:/home/adela/TFM_MiguelLerinAlonso/workspace/ros_ur_driver/install/trayectories:/home/adela/TFM_MiguelLerinAlonso/workspace/ros_ur_driver/install/rutine_launcher:/home/adela/TFM_MiguelLerinAlonso/workspace/ros_ur_driver/install/data_logger:/home/adela/TFM_MiguelLerinAlonso/workspace/ros_ur_driver/install/build_platform:/opt/ros/humble LD_LIBRARY_PATH=/home/adela/TFM_AdelaJimenez/install/ur_controllers/lib:/home/adela/TFM_AdelaJimenez/install/ur_dashboard_msgs/lib:${LD_LIBRARY_PATH} PYTHONPATH=/home/adela/TFM_AdelaJimenez/install/ur_dashboard_msgs/local/lib/python3.10/dist-packages:${PYTHONPATH} /usr/bin/cmake --build /home/adela/TFM_AdelaJimenez/build/ur_robot_driver -- -j2 -l2
[21.529s] DEBUG:colcon.colcon_core.event_handler.log_command:Invoking command in '/home/adela/TFM_AdelaJimenez/workspace/ros_ur_driver/src/conversion_datos': PYTHONPATH=/home/adela/TFM_AdelaJimenez/build/conversion_datos/prefix_override:/home/adela/TFM_AdelaJimenez/install/conversion_datos/lib/python3.10/site-packages:${PYTHONPATH} /usr/bin/python3 -W ignore:setup.py install is deprecated setup.py egg_info --egg-base ../../../../build/conversion_datos build --build-base /home/adela/TFM_AdelaJimenez/build/conversion_datos/build install --record /home/adela/TFM_AdelaJimenez/build/conversion_datos/install.log --single-version-externally-managed install_data
[23.519s] DEBUG:colcon.colcon_core.event_handler.log_command:Invoked command in '/home/adela/TFM_AdelaJimenez/build/ur_robot_driver' returned '0': AMENT_PREFIX_PATH=/home/adela/TFM_AdelaJimenez/install/ur_controllers:/home/adela/TFM_AdelaJimenez/install/ur_description:/home/adela/TFM_AdelaJimenez/install/ur_dashboard_msgs:${AMENT_PREFIX_PATH} CMAKE_PREFIX_PATH=/home/adela/TFM_AdelaJimenez/install/ur_controllers:/home/adela/TFM_AdelaJimenez/install/ur_description:/home/adela/TFM_AdelaJimenez/install/ur_dashboard_msgs:/home/adela/TFM_MiguelLerinAlonso/workspace/ros_ur_driver/install/ur:/home/adela/TFM_MiguelLerinAlonso/workspace/ros_ur_driver/install/ur_calibration:/home/adela/TFM_MiguelLerinAlonso/workspace/ros_ur_driver/install/ur_robot_driver:/home/adela/TFM_MiguelLerinAlonso/workspace/ros_ur_driver/install/ur_moveit_config:/home/adela/TFM_MiguelLerinAlonso/workspace/ros_ur_driver/install/ur_bringup:/home/adela/TFM_MiguelLerinAlonso/workspace/ros_ur_driver/install/ur_description:/home/adela/TFM_MiguelLerinAlonso/workspace/ros_ur_driver/install/ur_controllers:/home/adela/TFM_MiguelLerinAlonso/workspace/ros_ur_driver/install/ur_dashboard_msgs:/home/adela/workspace/ros_ur_driver/install/ur:/home/adela/workspace/ros_ur_driver/install/ur_calibration:/home/adela/workspace/ros_ur_driver/install/ur_robot_driver:/home/adela/workspace/ros_ur_driver/install/ur_moveit_config:/home/adela/workspace/ros_ur_driver/install/ur_bringup:/home/adela/workspace/ros_ur_driver/install/ur_description:/home/adela/workspace/ros_ur_driver/install/ur_controllers:/home/adela/workspace/ros_ur_driver/install/ur_dashboard_msgs:/home/adela/TFM_AdelaJimenez/workspace/ros_ur_driver/install/trayectories:/home/adela/TFM_AdelaJimenez/workspace/ros_ur_driver/install/conversion_datos:/home/adela/TFM_MiguelLerinAlonso/workspace/ros_ur_driver/install/trayectories:/home/adela/TFM_MiguelLerinAlonso/workspace/ros_ur_driver/install/rutine_launcher:/home/adela/TFM_MiguelLerinAlonso/workspace/ros_ur_driver/install/data_logger:/home/adela/TFM_MiguelLerinAlonso/workspace/ros_ur_driver/install/build_platform:/opt/ros/humble LD_LIBRARY_PATH=/home/adela/TFM_AdelaJimenez/install/ur_controllers/lib:/home/adela/TFM_AdelaJimenez/install/ur_dashboard_msgs/lib:${LD_LIBRARY_PATH} PYTHONPATH=/home/adela/TFM_AdelaJimenez/install/ur_dashboard_msgs/local/lib/python3.10/dist-packages:${PYTHONPATH} /usr/bin/cmake --build /home/adela/TFM_AdelaJimenez/build/ur_robot_driver -- -j2 -l2
[23.931s] DEBUG:colcon.colcon_core.event_handler.log_command:Invoking command in '/home/adela/TFM_AdelaJimenez/build/ur_robot_driver': AMENT_PREFIX_PATH=/home/adela/TFM_AdelaJimenez/install/ur_controllers:/home/adela/TFM_AdelaJimenez/install/ur_description:/home/adela/TFM_AdelaJimenez/install/ur_dashboard_msgs:${AMENT_PREFIX_PATH} CMAKE_PREFIX_PATH=/home/adela/TFM_AdelaJimenez/install/ur_controllers:/home/adela/TFM_AdelaJimenez/install/ur_description:/home/adela/TFM_AdelaJimenez/install/ur_dashboard_msgs:/home/adela/TFM_MiguelLerinAlonso/workspace/ros_ur_driver/install/ur:/home/adela/TFM_MiguelLerinAlonso/workspace/ros_ur_driver/install/ur_calibration:/home/adela/TFM_MiguelLerinAlonso/workspace/ros_ur_driver/install/ur_robot_driver:/home/adela/TFM_MiguelLerinAlonso/workspace/ros_ur_driver/install/ur_moveit_config:/home/adela/TFM_MiguelLerinAlonso/workspace/ros_ur_driver/install/ur_bringup:/home/adela/TFM_MiguelLerinAlonso/workspace/ros_ur_driver/install/ur_description:/home/adela/TFM_MiguelLerinAlonso/workspace/ros_ur_driver/install/ur_controllers:/home/adela/TFM_MiguelLerinAlonso/workspace/ros_ur_driver/install/ur_dashboard_msgs:/home/adela/workspace/ros_ur_driver/install/ur:/home/adela/workspace/ros_ur_driver/install/ur_calibration:/home/adela/workspace/ros_ur_driver/install/ur_robot_driver:/home/adela/workspace/ros_ur_driver/install/ur_moveit_config:/home/adela/workspace/ros_ur_driver/install/ur_bringup:/home/adela/workspace/ros_ur_driver/install/ur_description:/home/adela/workspace/ros_ur_driver/install/ur_controllers:/home/adela/workspace/ros_ur_driver/install/ur_dashboard_msgs:/home/adela/TFM_AdelaJimenez/workspace/ros_ur_driver/install/trayectories:/home/adela/TFM_AdelaJimenez/workspace/ros_ur_driver/install/conversion_datos:/home/adela/TFM_MiguelLerinAlonso/workspace/ros_ur_driver/install/trayectories:/home/adela/TFM_MiguelLerinAlonso/workspace/ros_ur_driver/install/rutine_launcher:/home/adela/TFM_MiguelLerinAlonso/workspace/ros_ur_driver/install/data_logger:/home/adela/TFM_MiguelLerinAlonso/workspace/ros_ur_driver/install/build_platform:/opt/ros/humble LD_LIBRARY_PATH=/home/adela/TFM_AdelaJimenez/install/ur_controllers/lib:/home/adela/TFM_AdelaJimenez/install/ur_dashboard_msgs/lib:${LD_LIBRARY_PATH} PYTHONPATH=/home/adela/TFM_AdelaJimenez/install/ur_dashboard_msgs/local/lib/python3.10/dist-packages:${PYTHONPATH} /usr/bin/cmake --install /home/adela/TFM_AdelaJimenez/build/ur_robot_driver
[24.430s] Level 1:colcon.colcon_core.environment:create_environment_scripts_only(ur_robot_driver)
[24.430s] Level 1:colcon.colcon_core.environment:checking '/home/adela/TFM_AdelaJimenez/install/ur_robot_driver' for CMake module files
[24.431s] Level 1:colcon.colcon_core.environment:checking '/home/adela/TFM_AdelaJimenez/install/ur_robot_driver' for CMake config files
[24.431s] Level 1:colcon.colcon_core.shell:create_environment_hook('ur_robot_driver', 'cmake_prefix_path')
[24.432s] INFO:colcon.colcon_core.shell:Creating environment hook '/home/adela/TFM_AdelaJimenez/install/ur_robot_driver/share/ur_robot_driver/hook/cmake_prefix_path.ps1'
[24.433s] INFO:colcon.colcon_core.shell:Creating environment descriptor '/home/adela/TFM_AdelaJimenez/install/ur_robot_driver/share/ur_robot_driver/hook/cmake_prefix_path.dsv'
[24.434s] INFO:colcon.colcon_core.shell:Creating environment hook '/home/adela/TFM_AdelaJimenez/install/ur_robot_driver/share/ur_robot_driver/hook/cmake_prefix_path.sh'
[24.438s] DEBUG:colcon.colcon_core.event_handler.log_command:Invoked command in '/home/adela/TFM_AdelaJimenez/build/ur_robot_driver' returned '0': AMENT_PREFIX_PATH=/home/adela/TFM_AdelaJimenez/install/ur_controllers:/home/adela/TFM_AdelaJimenez/install/ur_description:/home/adela/TFM_AdelaJimenez/install/ur_dashboard_msgs:${AMENT_PREFIX_PATH} CMAKE_PREFIX_PATH=/home/adela/TFM_AdelaJimenez/install/ur_controllers:/home/adela/TFM_AdelaJimenez/install/ur_description:/home/adela/TFM_AdelaJimenez/install/ur_dashboard_msgs:/home/adela/TFM_MiguelLerinAlonso/workspace/ros_ur_driver/install/ur:/home/adela/TFM_MiguelLerinAlonso/workspace/ros_ur_driver/install/ur_calibration:/home/adela/TFM_MiguelLerinAlonso/workspace/ros_ur_driver/install/ur_robot_driver:/home/adela/TFM_MiguelLerinAlonso/workspace/ros_ur_driver/install/ur_moveit_config:/home/adela/TFM_MiguelLerinAlonso/workspace/ros_ur_driver/install/ur_bringup:/home/adela/TFM_MiguelLerinAlonso/workspace/ros_ur_driver/install/ur_description:/home/adela/TFM_MiguelLerinAlonso/workspace/ros_ur_driver/install/ur_controllers:/home/adela/TFM_MiguelLerinAlonso/workspace/ros_ur_driver/install/ur_dashboard_msgs:/home/adela/workspace/ros_ur_driver/install/ur:/home/adela/workspace/ros_ur_driver/install/ur_calibration:/home/adela/workspace/ros_ur_driver/install/ur_robot_driver:/home/adela/workspace/ros_ur_driver/install/ur_moveit_config:/home/adela/workspace/ros_ur_driver/install/ur_bringup:/home/adela/workspace/ros_ur_driver/install/ur_description:/home/adela/workspace/ros_ur_driver/install/ur_controllers:/home/adela/workspace/ros_ur_driver/install/ur_dashboard_msgs:/home/adela/TFM_AdelaJimenez/workspace/ros_ur_driver/install/trayectories:/home/adela/TFM_AdelaJimenez/workspace/ros_ur_driver/install/conversion_datos:/home/adela/TFM_MiguelLerinAlonso/workspace/ros_ur_driver/install/trayectories:/home/adela/TFM_MiguelLerinAlonso/workspace/ros_ur_driver/install/rutine_launcher:/home/adela/TFM_MiguelLerinAlonso/workspace/ros_ur_driver/install/data_logger:/home/adela/TFM_MiguelLerinAlonso/workspace/ros_ur_driver/install/build_platform:/opt/ros/humble LD_LIBRARY_PATH=/home/adela/TFM_AdelaJimenez/install/ur_controllers/lib:/home/adela/TFM_AdelaJimenez/install/ur_dashboard_msgs/lib:${LD_LIBRARY_PATH} PYTHONPATH=/home/adela/TFM_AdelaJimenez/install/ur_dashboard_msgs/local/lib/python3.10/dist-packages:${PYTHONPATH} /usr/bin/cmake --install /home/adela/TFM_AdelaJimenez/build/ur_robot_driver
[24.441s] Level 1:colcon.colcon_core.environment:checking '/home/adela/TFM_AdelaJimenez/install/ur_robot_driver/lib'
[24.441s] Level 1:colcon.colcon_core.shell:create_environment_hook('ur_robot_driver', 'ld_library_path_lib')
[24.442s] INFO:colcon.colcon_core.shell:Creating environment hook '/home/adela/TFM_AdelaJimenez/install/ur_robot_driver/share/ur_robot_driver/hook/ld_library_path_lib.ps1'
[24.452s] INFO:colcon.colcon_core.shell:Creating environment descriptor '/home/adela/TFM_AdelaJimenez/install/ur_robot_driver/share/ur_robot_driver/hook/ld_library_path_lib.dsv'
[24.453s] INFO:colcon.colcon_core.shell:Creating environment hook '/home/adela/TFM_AdelaJimenez/install/ur_robot_driver/share/ur_robot_driver/hook/ld_library_path_lib.sh'
[24.486s] Level 1:colcon.colcon_core.environment:checking '/home/adela/TFM_AdelaJimenez/install/ur_robot_driver/bin'
[24.486s] Level 1:colcon.colcon_core.shell:create_environment_hook('ur_robot_driver', 'path')
[24.487s] INFO:colcon.colcon_core.shell:Creating environment hook '/home/adela/TFM_AdelaJimenez/install/ur_robot_driver/share/ur_robot_driver/hook/path.ps1'
[24.488s] INFO:colcon.colcon_core.shell:Creating environment descriptor '/home/adela/TFM_AdelaJimenez/install/ur_robot_driver/share/ur_robot_driver/hook/path.dsv'
[24.497s] INFO:colcon.colcon_core.shell:Creating environment hook '/home/adela/TFM_AdelaJimenez/install/ur_robot_driver/share/ur_robot_driver/hook/path.sh'
[24.504s] Level 1:colcon.colcon_core.environment:checking '/home/adela/TFM_AdelaJimenez/install/ur_robot_driver/lib/pkgconfig/ur_robot_driver.pc'
[24.505s] Level 1:colcon.colcon_core.environment:checking '/home/adela/TFM_AdelaJimenez/install/ur_robot_driver/lib/python3.10/site-packages'
[24.508s] Level 1:colcon.colcon_core.environment:checking '/home/adela/TFM_AdelaJimenez/install/ur_robot_driver/bin'
[24.508s] Level 1:colcon.colcon_core.shell:create_environment_hook('ur_robot_driver', 'pythonscriptspath')
[24.511s] INFO:colcon.colcon_core.shell:Creating environment hook '/home/adela/TFM_AdelaJimenez/install/ur_robot_driver/share/ur_robot_driver/hook/pythonscriptspath.ps1'
[24.522s] INFO:colcon.colcon_core.shell:Creating environment descriptor '/home/adela/TFM_AdelaJimenez/install/ur_robot_driver/share/ur_robot_driver/hook/pythonscriptspath.dsv'
[24.525s] INFO:colcon.colcon_core.shell:Creating environment hook '/home/adela/TFM_AdelaJimenez/install/ur_robot_driver/share/ur_robot_driver/hook/pythonscriptspath.sh'
[24.535s] INFO:colcon.colcon_core.shell:Creating package script '/home/adela/TFM_AdelaJimenez/install/ur_robot_driver/share/ur_robot_driver/package.ps1'
[24.545s] INFO:colcon.colcon_core.shell:Creating package descriptor '/home/adela/TFM_AdelaJimenez/install/ur_robot_driver/share/ur_robot_driver/package.dsv'
[24.556s] INFO:colcon.colcon_core.shell:Creating package script '/home/adela/TFM_AdelaJimenez/install/ur_robot_driver/share/ur_robot_driver/package.sh'
[24.565s] INFO:colcon.colcon_core.shell:Creating package script '/home/adela/TFM_AdelaJimenez/install/ur_robot_driver/share/ur_robot_driver/package.bash'
[24.567s] INFO:colcon.colcon_core.shell:Creating package script '/home/adela/TFM_AdelaJimenez/install/ur_robot_driver/share/ur_robot_driver/package.zsh'
[24.575s] Level 1:colcon.colcon_core.environment:create_file_with_runtime_dependencies(/home/adela/TFM_AdelaJimenez/install/ur_robot_driver/share/colcon-core/packages/ur_robot_driver)
[24.752s] Level 1:colcon.colcon_core.environment:checking '/home/adela/TFM_AdelaJimenez/install/conversion_datos' for CMake module files
[24.753s] Level 1:colcon.colcon_core.environment:checking '/home/adela/TFM_AdelaJimenez/install/conversion_datos' for CMake config files
[24.760s] Level 1:colcon.colcon_core.environment:checking '/home/adela/TFM_AdelaJimenez/install/conversion_datos/lib'
[24.760s] Level 1:colcon.colcon_core.environment:checking '/home/adela/TFM_AdelaJimenez/install/conversion_datos/bin'
[24.760s] Level 1:colcon.colcon_core.environment:checking '/home/adela/TFM_AdelaJimenez/install/conversion_datos/lib/pkgconfig/conversion_datos.pc'
[24.771s] DEBUG:colcon.colcon_core.event_handler.log_command:Invoked command in '/home/adela/TFM_AdelaJimenez/workspace/ros_ur_driver/src/conversion_datos' returned '0': PYTHONPATH=/home/adela/TFM_AdelaJimenez/build/conversion_datos/prefix_override:/home/adela/TFM_AdelaJimenez/install/conversion_datos/lib/python3.10/site-packages:${PYTHONPATH} /usr/bin/python3 -W ignore:setup.py install is deprecated setup.py egg_info --egg-base ../../../../build/conversion_datos build --build-base /home/adela/TFM_AdelaJimenez/build/conversion_datos/build install --record /home/adela/TFM_AdelaJimenez/build/conversion_datos/install.log --single-version-externally-managed install_data
[24.772s] Level 1:colcon.colcon_core.environment:checking '/home/adela/TFM_AdelaJimenez/install/conversion_datos/lib/python3.10/site-packages'
[24.772s] Level 1:colcon.colcon_core.shell:create_environment_hook('conversion_datos', 'pythonpath')
[24.772s] INFO:colcon.colcon_core.shell:Creating environment hook '/home/adela/TFM_AdelaJimenez/install/conversion_datos/share/conversion_datos/hook/pythonpath.ps1'
[24.774s] INFO:colcon.colcon_core.shell:Creating environment descriptor '/home/adela/TFM_AdelaJimenez/install/conversion_datos/share/conversion_datos/hook/pythonpath.dsv'
[24.779s] INFO:colcon.colcon_core.shell:Creating environment hook '/home/adela/TFM_AdelaJimenez/install/conversion_datos/share/conversion_datos/hook/pythonpath.sh'
[24.789s] Level 1:colcon.colcon_core.environment:checking '/home/adela/TFM_AdelaJimenez/install/conversion_datos/bin'
[24.789s] Level 1:colcon.colcon_core.environment:create_environment_scripts_only(conversion_datos)
[24.790s] INFO:colcon.colcon_core.shell:Creating package script '/home/adela/TFM_AdelaJimenez/install/conversion_datos/share/conversion_datos/package.ps1'
[24.791s] INFO:colcon.colcon_core.shell:Creating package descriptor '/home/adela/TFM_AdelaJimenez/install/conversion_datos/share/conversion_datos/package.dsv'
[24.804s] INFO:colcon.colcon_core.shell:Creating package script '/home/adela/TFM_AdelaJimenez/install/conversion_datos/share/conversion_datos/package.sh'
[24.813s] INFO:colcon.colcon_core.shell:Creating package script '/home/adela/TFM_AdelaJimenez/install/conversion_datos/share/conversion_datos/package.bash'
[24.827s] INFO:colcon.colcon_core.shell:Creating package script '/home/adela/TFM_AdelaJimenez/install/conversion_datos/share/conversion_datos/package.zsh'
[24.834s] Level 1:colcon.colcon_core.environment:create_file_with_runtime_dependencies(/home/adela/TFM_AdelaJimenez/install/conversion_datos/share/colcon-core/packages/conversion_datos)
[24.843s] INFO:colcon.colcon_ros.task.ament_python.build:Building ROS package in '/home/adela/TFM_AdelaJimenez/workspace/ros_ur_driver/src/data_logger' with build type 'ament_python'
[24.843s] Level 1:colcon.colcon_core.shell:create_environment_hook('data_logger', 'ament_prefix_path')
[24.843s] INFO:colcon.colcon_core.shell:Creating environment hook '/home/adela/TFM_AdelaJimenez/install/data_logger/share/data_logger/hook/ament_prefix_path.ps1'
[24.857s] INFO:colcon.colcon_core.shell:Creating environment descriptor '/home/adela/TFM_AdelaJimenez/install/data_logger/share/data_logger/hook/ament_prefix_path.dsv'
[24.860s] INFO:colcon.colcon_core.shell:Creating environment hook '/home/adela/TFM_AdelaJimenez/install/data_logger/share/data_logger/hook/ament_prefix_path.sh'
[24.874s] INFO:colcon.colcon_core.shell:Skip shell extension 'powershell' for command environment: Not usable outside of PowerShell
[24.874s] DEBUG:colcon.colcon_core.shell:Skip shell extension 'dsv' for command environment
[27.408s] INFO:colcon.colcon_core.task.python.build:Building Python package in '/home/adela/TFM_AdelaJimenez/workspace/ros_ur_driver/src/data_logger'
[27.408s] INFO:colcon.colcon_core.shell:Skip shell extension 'powershell' for command environment: Not usable outside of PowerShell
[27.408s] DEBUG:colcon.colcon_core.shell:Skip shell extension 'dsv' for command environment
[27.466s] Level 1:colcon.colcon_core.environment:create_environment_scripts_only(ur_robot_driver)
[27.476s] Level 1:colcon.colcon_core.environment:checking '/home/adela/TFM_AdelaJimenez/install/ur_robot_driver' for CMake module files
[27.477s] Level 1:colcon.colcon_core.environment:checking '/home/adela/TFM_AdelaJimenez/install/ur_robot_driver' for CMake config files
[27.477s] Level 1:colcon.colcon_core.shell:create_environment_hook('ur_robot_driver', 'cmake_prefix_path')
[27.484s] INFO:colcon.colcon_core.shell:Creating environment hook '/home/adela/TFM_AdelaJimenez/install/ur_robot_driver/share/ur_robot_driver/hook/cmake_prefix_path.ps1'
[27.486s] INFO:colcon.colcon_core.shell:Creating environment descriptor '/home/adela/TFM_AdelaJimenez/install/ur_robot_driver/share/ur_robot_driver/hook/cmake_prefix_path.dsv'
[27.493s] INFO:colcon.colcon_core.shell:Creating environment hook '/home/adela/TFM_AdelaJimenez/install/ur_robot_driver/share/ur_robot_driver/hook/cmake_prefix_path.sh'
[27.513s] Level 1:colcon.colcon_core.environment:checking '/home/adela/TFM_AdelaJimenez/install/ur_robot_driver/lib'
[27.513s] Level 1:colcon.colcon_core.shell:create_environment_hook('ur_robot_driver', 'ld_library_path_lib')
[27.513s] INFO:colcon.colcon_core.shell:Creating environment hook '/home/adela/TFM_AdelaJimenez/install/ur_robot_driver/share/ur_robot_driver/hook/ld_library_path_lib.ps1'
[27.516s] INFO:colcon.colcon_core.shell:Creating environment descriptor '/home/adela/TFM_AdelaJimenez/install/ur_robot_driver/share/ur_robot_driver/hook/ld_library_path_lib.dsv'
[27.525s] INFO:colcon.colcon_core.shell:Creating environment hook '/home/adela/TFM_AdelaJimenez/install/ur_robot_driver/share/ur_robot_driver/hook/ld_library_path_lib.sh'
[27.526s] Level 1:colcon.colcon_core.environment:checking '/home/adela/TFM_AdelaJimenez/install/ur_robot_driver/bin'
[27.526s] Level 1:colcon.colcon_core.shell:create_environment_hook('ur_robot_driver', 'path')
[27.533s] INFO:colcon.colcon_core.shell:Creating environment hook '/home/adela/TFM_AdelaJimenez/install/ur_robot_driver/share/ur_robot_driver/hook/path.ps1'
[27.534s] INFO:colcon.colcon_core.shell:Creating environment descriptor '/home/adela/TFM_AdelaJimenez/install/ur_robot_driver/share/ur_robot_driver/hook/path.dsv'
[27.536s] INFO:colcon.colcon_core.shell:Creating environment hook '/home/adela/TFM_AdelaJimenez/install/ur_robot_driver/share/ur_robot_driver/hook/path.sh'
[27.541s] Level 1:colcon.colcon_core.environment:checking '/home/adela/TFM_AdelaJimenez/install/ur_robot_driver/lib/pkgconfig/ur_robot_driver.pc'
[27.541s] Level 1:colcon.colcon_core.environment:checking '/home/adela/TFM_AdelaJimenez/install/ur_robot_driver/lib/python3.10/site-packages'
[27.541s] Level 1:colcon.colcon_core.environment:checking '/home/adela/TFM_AdelaJimenez/install/ur_robot_driver/bin'
[27.541s] Level 1:colcon.colcon_core.shell:create_environment_hook('ur_robot_driver', 'pythonscriptspath')
[27.542s] INFO:colcon.colcon_core.shell:Creating environment hook '/home/adela/TFM_AdelaJimenez/install/ur_robot_driver/share/ur_robot_driver/hook/pythonscriptspath.ps1'
[27.553s] INFO:colcon.colcon_core.shell:Creating environment descriptor '/home/adela/TFM_AdelaJimenez/install/ur_robot_driver/share/ur_robot_driver/hook/pythonscriptspath.dsv'
[27.554s] INFO:colcon.colcon_core.shell:Creating environment hook '/home/adela/TFM_AdelaJimenez/install/ur_robot_driver/share/ur_robot_driver/hook/pythonscriptspath.sh'
[27.559s] INFO:colcon.colcon_core.shell:Creating package script '/home/adela/TFM_AdelaJimenez/install/ur_robot_driver/share/ur_robot_driver/package.ps1'
[27.565s] INFO:colcon.colcon_core.shell:Creating package descriptor '/home/adela/TFM_AdelaJimenez/install/ur_robot_driver/share/ur_robot_driver/package.dsv'
[27.571s] INFO:colcon.colcon_core.shell:Creating package script '/home/adela/TFM_AdelaJimenez/install/ur_robot_driver/share/ur_robot_driver/package.sh'
[27.574s] INFO:colcon.colcon_core.shell:Creating package script '/home/adela/TFM_AdelaJimenez/install/ur_robot_driver/share/ur_robot_driver/package.bash'
[27.580s] INFO:colcon.colcon_core.shell:Creating package script '/home/adela/TFM_AdelaJimenez/install/ur_robot_driver/share/ur_robot_driver/package.zsh'
[27.584s] Level 1:colcon.colcon_core.environment:create_file_with_runtime_dependencies(/home/adela/TFM_AdelaJimenez/install/ur_robot_driver/share/colcon-core/packages/ur_robot_driver)
[27.606s] INFO:colcon.colcon_ros.task.ament_cmake.build:Building ROS package in '/home/adela/TFM_AdelaJimenez/workspace/ros_ur_driver/src/Universal_Robots_ROS2_Driver/ur_calibration' with build type 'ament_cmake'
[27.607s] INFO:colcon.colcon_cmake.task.cmake.build:Building CMake package in '/home/adela/TFM_AdelaJimenez/workspace/ros_ur_driver/src/Universal_Robots_ROS2_Driver/ur_calibration'
[27.609s] INFO:colcon.colcon_core.shell:Skip shell extension 'powershell' for command environment: Not usable outside of PowerShell
[27.610s] DEBUG:colcon.colcon_core.shell:Skip shell extension 'dsv' for command environment
[27.896s] DEBUG:colcon.colcon_core.event_handler.log_command:Invoking command in '/home/adela/TFM_AdelaJimenez/build/ur_calibration': AMENT_PREFIX_PATH=/home/adela/TFM_AdelaJimenez/install/ur_robot_driver:/home/adela/TFM_AdelaJimenez/install/ur_controllers:/home/adela/TFM_AdelaJimenez/install/ur_description:/home/adela/TFM_AdelaJimenez/install/ur_dashboard_msgs:${AMENT_PREFIX_PATH} CMAKE_PREFIX_PATH=/home/adela/TFM_AdelaJimenez/install/ur_robot_driver:/home/adela/TFM_AdelaJimenez/install/ur_controllers:/home/adela/TFM_AdelaJimenez/install/ur_description:/home/adela/TFM_AdelaJimenez/install/ur_dashboard_msgs:/home/adela/TFM_MiguelLerinAlonso/workspace/ros_ur_driver/install/ur:/home/adela/TFM_MiguelLerinAlonso/workspace/ros_ur_driver/install/ur_calibration:/home/adela/TFM_MiguelLerinAlonso/workspace/ros_ur_driver/install/ur_robot_driver:/home/adela/TFM_MiguelLerinAlonso/workspace/ros_ur_driver/install/ur_moveit_config:/home/adela/TFM_MiguelLerinAlonso/workspace/ros_ur_driver/install/ur_bringup:/home/adela/TFM_MiguelLerinAlonso/workspace/ros_ur_driver/install/ur_description:/home/adela/TFM_MiguelLerinAlonso/workspace/ros_ur_driver/install/ur_controllers:/home/adela/TFM_MiguelLerinAlonso/workspace/ros_ur_driver/install/ur_dashboard_msgs:/home/adela/workspace/ros_ur_driver/install/ur:/home/adela/workspace/ros_ur_driver/install/ur_calibration:/home/adela/workspace/ros_ur_driver/install/ur_robot_driver:/home/adela/workspace/ros_ur_driver/install/ur_moveit_config:/home/adela/workspace/ros_ur_driver/install/ur_bringup:/home/adela/workspace/ros_ur_driver/install/ur_description:/home/adela/workspace/ros_ur_driver/install/ur_controllers:/home/adela/workspace/ros_ur_driver/install/ur_dashboard_msgs:/home/adela/TFM_AdelaJimenez/workspace/ros_ur_driver/install/trayectories:/home/adela/TFM_AdelaJimenez/workspace/ros_ur_driver/install/conversion_datos:/home/adela/TFM_MiguelLerinAlonso/workspace/ros_ur_driver/install/trayectories:/home/adela/TFM_MiguelLerinAlonso/workspace/ros_ur_driver/install/rutine_launcher:/home/adela/TFM_MiguelLerinAlonso/workspace/ros_ur_driver/install/data_logger:/home/adela/TFM_MiguelLerinAlonso/workspace/ros_ur_driver/install/build_platform:/opt/ros/humble LD_LIBRARY_PATH=/home/adela/TFM_AdelaJimenez/install/ur_robot_driver/lib:/home/adela/TFM_AdelaJimenez/install/ur_controllers/lib:/home/adela/TFM_AdelaJimenez/install/ur_dashboard_msgs/lib:${LD_LIBRARY_PATH} PATH=/home/adela/TFM_AdelaJimenez/install/ur_robot_driver/bin:${PATH} PYTHONPATH=/home/adela/TFM_AdelaJimenez/install/ur_robot_driver/local/lib/python3.10/dist-packages:/home/adela/TFM_AdelaJimenez/install/ur_dashboard_msgs/local/lib/python3.10/dist-packages:${PYTHONPATH} /usr/bin/cmake --build /home/adela/TFM_AdelaJimenez/build/ur_calibration -- -j2 -l2
[29.061s] DEBUG:colcon.colcon_core.event_handler.log_command:Invoked command in '/home/adela/TFM_AdelaJimenez/build/ur_calibration' returned '0': AMENT_PREFIX_PATH=/home/adela/TFM_AdelaJimenez/install/ur_robot_driver:/home/adela/TFM_AdelaJimenez/install/ur_controllers:/home/adela/TFM_AdelaJimenez/install/ur_description:/home/adela/TFM_AdelaJimenez/install/ur_dashboard_msgs:${AMENT_PREFIX_PATH} CMAKE_PREFIX_PATH=/home/adela/TFM_AdelaJimenez/install/ur_robot_driver:/home/adela/TFM_AdelaJimenez/install/ur_controllers:/home/adela/TFM_AdelaJimenez/install/ur_description:/home/adela/TFM_AdelaJimenez/install/ur_dashboard_msgs:/home/adela/TFM_MiguelLerinAlonso/workspace/ros_ur_driver/install/ur:/home/adela/TFM_MiguelLerinAlonso/workspace/ros_ur_driver/install/ur_calibration:/home/adela/TFM_MiguelLerinAlonso/workspace/ros_ur_driver/install/ur_robot_driver:/home/adela/TFM_MiguelLerinAlonso/workspace/ros_ur_driver/install/ur_moveit_config:/home/adela/TFM_MiguelLerinAlonso/workspace/ros_ur_driver/install/ur_bringup:/home/adela/TFM_MiguelLerinAlonso/workspace/ros_ur_driver/install/ur_description:/home/adela/TFM_MiguelLerinAlonso/workspace/ros_ur_driver/install/ur_controllers:/home/adela/TFM_MiguelLerinAlonso/workspace/ros_ur_driver/install/ur_dashboard_msgs:/home/adela/workspace/ros_ur_driver/install/ur:/home/adela/workspace/ros_ur_driver/install/ur_calibration:/home/adela/workspace/ros_ur_driver/install/ur_robot_driver:/home/adela/workspace/ros_ur_driver/install/ur_moveit_config:/home/adela/workspace/ros_ur_driver/install/ur_bringup:/home/adela/workspace/ros_ur_driver/install/ur_description:/home/adela/workspace/ros_ur_driver/install/ur_controllers:/home/adela/workspace/ros_ur_driver/install/ur_dashboard_msgs:/home/adela/TFM_AdelaJimenez/workspace/ros_ur_driver/install/trayectories:/home/adela/TFM_AdelaJimenez/workspace/ros_ur_driver/install/conversion_datos:/home/adela/TFM_MiguelLerinAlonso/workspace/ros_ur_driver/install/trayectories:/home/adela/TFM_MiguelLerinAlonso/workspace/ros_ur_driver/install/rutine_launcher:/home/adela/TFM_MiguelLerinAlonso/workspace/ros_ur_driver/install/data_logger:/home/adela/TFM_MiguelLerinAlonso/workspace/ros_ur_driver/install/build_platform:/opt/ros/humble LD_LIBRARY_PATH=/home/adela/TFM_AdelaJimenez/install/ur_robot_driver/lib:/home/adela/TFM_AdelaJimenez/install/ur_controllers/lib:/home/adela/TFM_AdelaJimenez/install/ur_dashboard_msgs/lib:${LD_LIBRARY_PATH} PATH=/home/adela/TFM_AdelaJimenez/install/ur_robot_driver/bin:${PATH} PYTHONPATH=/home/adela/TFM_AdelaJimenez/install/ur_robot_driver/local/lib/python3.10/dist-packages:/home/adela/TFM_AdelaJimenez/install/ur_dashboard_msgs/local/lib/python3.10/dist-packages:${PYTHONPATH} /usr/bin/cmake --build /home/adela/TFM_AdelaJimenez/build/ur_calibration -- -j2 -l2
[29.458s] DEBUG:colcon.colcon_core.event_handler.log_command:Invoking command in '/home/adela/TFM_AdelaJimenez/build/ur_calibration': AMENT_PREFIX_PATH=/home/adela/TFM_AdelaJimenez/install/ur_robot_driver:/home/adela/TFM_AdelaJimenez/install/ur_controllers:/home/adela/TFM_AdelaJimenez/install/ur_description:/home/adela/TFM_AdelaJimenez/install/ur_dashboard_msgs:${AMENT_PREFIX_PATH} CMAKE_PREFIX_PATH=/home/adela/TFM_AdelaJimenez/install/ur_robot_driver:/home/adela/TFM_AdelaJimenez/install/ur_controllers:/home/adela/TFM_AdelaJimenez/install/ur_description:/home/adela/TFM_AdelaJimenez/install/ur_dashboard_msgs:/home/adela/TFM_MiguelLerinAlonso/workspace/ros_ur_driver/install/ur:/home/adela/TFM_MiguelLerinAlonso/workspace/ros_ur_driver/install/ur_calibration:/home/adela/TFM_MiguelLerinAlonso/workspace/ros_ur_driver/install/ur_robot_driver:/home/adela/TFM_MiguelLerinAlonso/workspace/ros_ur_driver/install/ur_moveit_config:/home/adela/TFM_MiguelLerinAlonso/workspace/ros_ur_driver/install/ur_bringup:/home/adela/TFM_MiguelLerinAlonso/workspace/ros_ur_driver/install/ur_description:/home/adela/TFM_MiguelLerinAlonso/workspace/ros_ur_driver/install/ur_controllers:/home/adela/TFM_MiguelLerinAlonso/workspace/ros_ur_driver/install/ur_dashboard_msgs:/home/adela/workspace/ros_ur_driver/install/ur:/home/adela/workspace/ros_ur_driver/install/ur_calibration:/home/adela/workspace/ros_ur_driver/install/ur_robot_driver:/home/adela/workspace/ros_ur_driver/install/ur_moveit_config:/home/adela/workspace/ros_ur_driver/install/ur_bringup:/home/adela/workspace/ros_ur_driver/install/ur_description:/home/adela/workspace/ros_ur_driver/install/ur_controllers:/home/adela/workspace/ros_ur_driver/install/ur_dashboard_msgs:/home/adela/TFM_AdelaJimenez/workspace/ros_ur_driver/install/trayectories:/home/adela/TFM_AdelaJimenez/workspace/ros_ur_driver/install/conversion_datos:/home/adela/TFM_MiguelLerinAlonso/workspace/ros_ur_driver/install/trayectories:/home/adela/TFM_MiguelLerinAlonso/workspace/ros_ur_driver/install/rutine_launcher:/home/adela/TFM_MiguelLerinAlonso/workspace/ros_ur_driver/install/data_logger:/home/adela/TFM_MiguelLerinAlonso/workspace/ros_ur_driver/install/build_platform:/opt/ros/humble LD_LIBRARY_PATH=/home/adela/TFM_AdelaJimenez/install/ur_robot_driver/lib:/home/adela/TFM_AdelaJimenez/install/ur_controllers/lib:/home/adela/TFM_AdelaJimenez/install/ur_dashboard_msgs/lib:${LD_LIBRARY_PATH} PATH=/home/adela/TFM_AdelaJimenez/install/ur_robot_driver/bin:${PATH} PYTHONPATH=/home/adela/TFM_AdelaJimenez/install/ur_robot_driver/local/lib/python3.10/dist-packages:/home/adela/TFM_AdelaJimenez/install/ur_dashboard_msgs/local/lib/python3.10/dist-packages:${PYTHONPATH} /usr/bin/cmake --install /home/adela/TFM_AdelaJimenez/build/ur_calibration
[29.547s] Level 1:colcon.colcon_core.environment:create_environment_scripts_only(ur_calibration)
[29.548s] Level 1:colcon.colcon_core.environment:checking '/home/adela/TFM_AdelaJimenez/install/ur_calibration' for CMake module files
[29.556s] Level 1:colcon.colcon_core.environment:checking '/home/adela/TFM_AdelaJimenez/install/ur_calibration' for CMake config files
[29.556s] Level 1:colcon.colcon_core.shell:create_environment_hook('ur_calibration', 'cmake_prefix_path')
[29.556s] INFO:colcon.colcon_core.shell:Creating environment hook '/home/adela/TFM_AdelaJimenez/install/ur_calibration/share/ur_calibration/hook/cmake_prefix_path.ps1'
[29.571s] DEBUG:colcon.colcon_core.event_handler.log_command:Invoked command in '/home/adela/TFM_AdelaJimenez/build/ur_calibration' returned '0': AMENT_PREFIX_PATH=/home/adela/TFM_AdelaJimenez/install/ur_robot_driver:/home/adela/TFM_AdelaJimenez/install/ur_controllers:/home/adela/TFM_AdelaJimenez/install/ur_description:/home/adela/TFM_AdelaJimenez/install/ur_dashboard_msgs:${AMENT_PREFIX_PATH} CMAKE_PREFIX_PATH=/home/adela/TFM_AdelaJimenez/install/ur_robot_driver:/home/adela/TFM_AdelaJimenez/install/ur_controllers:/home/adela/TFM_AdelaJimenez/install/ur_description:/home/adela/TFM_AdelaJimenez/install/ur_dashboard_msgs:/home/adela/TFM_MiguelLerinAlonso/workspace/ros_ur_driver/install/ur:/home/adela/TFM_MiguelLerinAlonso/workspace/ros_ur_driver/install/ur_calibration:/home/adela/TFM_MiguelLerinAlonso/workspace/ros_ur_driver/install/ur_robot_driver:/home/adela/TFM_MiguelLerinAlonso/workspace/ros_ur_driver/install/ur_moveit_config:/home/adela/TFM_MiguelLerinAlonso/workspace/ros_ur_driver/install/ur_bringup:/home/adela/TFM_MiguelLerinAlonso/workspace/ros_ur_driver/install/ur_description:/home/adela/TFM_MiguelLerinAlonso/workspace/ros_ur_driver/install/ur_controllers:/home/adela/TFM_MiguelLerinAlonso/workspace/ros_ur_driver/install/ur_dashboard_msgs:/home/adela/workspace/ros_ur_driver/install/ur:/home/adela/workspace/ros_ur_driver/install/ur_calibration:/home/adela/workspace/ros_ur_driver/install/ur_robot_driver:/home/adela/workspace/ros_ur_driver/install/ur_moveit_config:/home/adela/workspace/ros_ur_driver/install/ur_bringup:/home/adela/workspace/ros_ur_driver/install/ur_description:/home/adela/workspace/ros_ur_driver/install/ur_controllers:/home/adela/workspace/ros_ur_driver/install/ur_dashboard_msgs:/home/adela/TFM_AdelaJimenez/workspace/ros_ur_driver/install/trayectories:/home/adela/TFM_AdelaJimenez/workspace/ros_ur_driver/install/conversion_datos:/home/adela/TFM_MiguelLerinAlonso/workspace/ros_ur_driver/install/trayectories:/home/adela/TFM_MiguelLerinAlonso/workspace/ros_ur_driver/install/rutine_launcher:/home/adela/TFM_MiguelLerinAlonso/workspace/ros_ur_driver/install/data_logger:/home/adela/TFM_MiguelLerinAlonso/workspace/ros_ur_driver/install/build_platform:/opt/ros/humble LD_LIBRARY_PATH=/home/adela/TFM_AdelaJimenez/install/ur_robot_driver/lib:/home/adela/TFM_AdelaJimenez/install/ur_controllers/lib:/home/adela/TFM_AdelaJimenez/install/ur_dashboard_msgs/lib:${LD_LIBRARY_PATH} PATH=/home/adela/TFM_AdelaJimenez/install/ur_robot_driver/bin:${PATH} PYTHONPATH=/home/adela/TFM_AdelaJimenez/install/ur_robot_driver/local/lib/python3.10/dist-packages:/home/adela/TFM_AdelaJimenez/install/ur_dashboard_msgs/local/lib/python3.10/dist-packages:${PYTHONPATH} /usr/bin/cmake --install /home/adela/TFM_AdelaJimenez/build/ur_calibration
[29.571s] INFO:colcon.colcon_core.shell:Creating environment descriptor '/home/adela/TFM_AdelaJimenez/install/ur_calibration/share/ur_calibration/hook/cmake_prefix_path.dsv'
[29.572s] INFO:colcon.colcon_core.shell:Creating environment hook '/home/adela/TFM_AdelaJimenez/install/ur_calibration/share/ur_calibration/hook/cmake_prefix_path.sh'
[29.573s] Level 1:colcon.colcon_core.environment:checking '/home/adela/TFM_AdelaJimenez/install/ur_calibration/lib'
[29.573s] Level 1:colcon.colcon_core.environment:checking '/home/adela/TFM_AdelaJimenez/install/ur_calibration/bin'
[29.574s] Level 1:colcon.colcon_core.environment:checking '/home/adela/TFM_AdelaJimenez/install/ur_calibration/lib/pkgconfig/ur_calibration.pc'
[29.574s] Level 1:colcon.colcon_core.environment:checking '/home/adela/TFM_AdelaJimenez/install/ur_calibration/lib/python3.10/site-packages'
[29.574s] Level 1:colcon.colcon_core.environment:checking '/home/adela/TFM_AdelaJimenez/install/ur_calibration/bin'
[29.575s] INFO:colcon.colcon_core.shell:Creating package script '/home/adela/TFM_AdelaJimenez/install/ur_calibration/share/ur_calibration/package.ps1'
[29.595s] INFO:colcon.colcon_core.shell:Creating package descriptor '/home/adela/TFM_AdelaJimenez/install/ur_calibration/share/ur_calibration/package.dsv'
[29.598s] INFO:colcon.colcon_core.shell:Creating package script '/home/adela/TFM_AdelaJimenez/install/ur_calibration/share/ur_calibration/package.sh'
[29.599s] INFO:colcon.colcon_core.shell:Creating package script '/home/adela/TFM_AdelaJimenez/install/ur_calibration/share/ur_calibration/package.bash'
[29.600s] INFO:colcon.colcon_core.shell:Creating package script '/home/adela/TFM_AdelaJimenez/install/ur_calibration/share/ur_calibration/package.zsh'
[29.610s] Level 1:colcon.colcon_core.environment:create_file_with_runtime_dependencies(/home/adela/TFM_AdelaJimenez/install/ur_calibration/share/colcon-core/packages/ur_calibration)
[30.101s] Level 1:colcon.colcon_core.environment:create_environment_scripts_only(ur_calibration)
[30.101s] Level 1:colcon.colcon_core.environment:checking '/home/adela/TFM_AdelaJimenez/install/ur_calibration' for CMake module files
[30.102s] Level 1:colcon.colcon_core.environment:checking '/home/adela/TFM_AdelaJimenez/install/ur_calibration' for CMake config files
[30.102s] Level 1:colcon.colcon_core.shell:create_environment_hook('ur_calibration', 'cmake_prefix_path')
[30.103s] INFO:colcon.colcon_core.shell:Creating environment hook '/home/adela/TFM_AdelaJimenez/install/ur_calibration/share/ur_calibration/hook/cmake_prefix_path.ps1'
[30.115s] INFO:colcon.colcon_core.shell:Creating environment descriptor '/home/adela/TFM_AdelaJimenez/install/ur_calibration/share/ur_calibration/hook/cmake_prefix_path.dsv'
[30.119s] INFO:colcon.colcon_core.shell:Creating environment hook '/home/adela/TFM_AdelaJimenez/install/ur_calibration/share/ur_calibration/hook/cmake_prefix_path.sh'
[30.134s] Level 1:colcon.colcon_core.environment:checking '/home/adela/TFM_AdelaJimenez/install/ur_calibration/lib'
[30.135s] Level 1:colcon.colcon_core.environment:checking '/home/adela/TFM_AdelaJimenez/install/ur_calibration/bin'
[30.135s] Level 1:colcon.colcon_core.environment:checking '/home/adela/TFM_AdelaJimenez/install/ur_calibration/lib/pkgconfig/ur_calibration.pc'
[30.147s] Level 1:colcon.colcon_core.environment:checking '/home/adela/TFM_AdelaJimenez/install/ur_calibration/lib/python3.10/site-packages'
[30.147s] Level 1:colcon.colcon_core.environment:checking '/home/adela/TFM_AdelaJimenez/install/ur_calibration/bin'
[30.148s] INFO:colcon.colcon_core.shell:Creating package script '/home/adela/TFM_AdelaJimenez/install/ur_calibration/share/ur_calibration/package.ps1'
[30.149s] INFO:colcon.colcon_core.shell:Creating package descriptor '/home/adela/TFM_AdelaJimenez/install/ur_calibration/share/ur_calibration/package.dsv'
[30.165s] INFO:colcon.colcon_core.shell:Creating package script '/home/adela/TFM_AdelaJimenez/install/ur_calibration/share/ur_calibration/package.sh'
[30.178s] INFO:colcon.colcon_core.shell:Creating package script '/home/adela/TFM_AdelaJimenez/install/ur_calibration/share/ur_calibration/package.bash'
[30.180s] INFO:colcon.colcon_core.shell:Creating package script '/home/adela/TFM_AdelaJimenez/install/ur_calibration/share/ur_calibration/package.zsh'
[30.189s] Level 1:colcon.colcon_core.environment:create_file_with_runtime_dependencies(/home/adela/TFM_AdelaJimenez/install/ur_calibration/share/colcon-core/packages/ur_calibration)
[30.190s] INFO:colcon.colcon_ros.task.ament_python.build:Building ROS package in '/home/adela/TFM_AdelaJimenez/workspace/ros_ur_driver/src/rutine_launcher' with build type 'ament_python'
[30.194s] Level 1:colcon.colcon_core.shell:create_environment_hook('rutine_launcher', 'ament_prefix_path')
[30.195s] INFO:colcon.colcon_core.shell:Creating environment hook '/home/adela/TFM_AdelaJimenez/install/rutine_launcher/share/rutine_launcher/hook/ament_prefix_path.ps1'
[30.201s] INFO:colcon.colcon_core.shell:Creating environment descriptor '/home/adela/TFM_AdelaJimenez/install/rutine_launcher/share/rutine_launcher/hook/ament_prefix_path.dsv'
[30.202s] INFO:colcon.colcon_core.shell:Creating environment hook '/home/adela/TFM_AdelaJimenez/install/rutine_launcher/share/rutine_launcher/hook/ament_prefix_path.sh'
[30.205s] INFO:colcon.colcon_core.shell:Skip shell extension 'powershell' for command environment: Not usable outside of PowerShell
[30.206s] DEBUG:colcon.colcon_core.shell:Skip shell extension 'dsv' for command environment
[32.094s] INFO:colcon.colcon_core.task.python.build:Building Python package in '/home/adela/TFM_AdelaJimenez/workspace/ros_ur_driver/src/rutine_launcher'
[32.094s] INFO:colcon.colcon_core.shell:Skip shell extension 'powershell' for command environment: Not usable outside of PowerShell
[32.094s] DEBUG:colcon.colcon_core.shell:Skip shell extension 'dsv' for command environment
[32.134s] DEBUG:colcon.colcon_core.event_handler.log_command:Invoking command in '/home/adela/TFM_AdelaJimenez/workspace/ros_ur_driver/src/data_logger': PYTHONPATH=/home/adela/TFM_AdelaJimenez/build/data_logger/prefix_override:/home/adela/TFM_AdelaJimenez/install/data_logger/lib/python3.10/site-packages:${PYTHONPATH} /usr/bin/python3 -W ignore:setup.py install is deprecated setup.py egg_info --egg-base ../../../../build/data_logger build --build-base /home/adela/TFM_AdelaJimenez/build/data_logger/build install --record /home/adela/TFM_AdelaJimenez/build/data_logger/install.log --single-version-externally-managed install_data
[34.087s] Level 1:colcon.colcon_core.environment:checking '/home/adela/TFM_AdelaJimenez/install/data_logger' for CMake module files
[34.087s] DEBUG:colcon.colcon_core.event_handler.log_command:Invoked command in '/home/adela/TFM_AdelaJimenez/workspace/ros_ur_driver/src/data_logger' returned '0': PYTHONPATH=/home/adela/TFM_AdelaJimenez/build/data_logger/prefix_override:/home/adela/TFM_AdelaJimenez/install/data_logger/lib/python3.10/site-packages:${PYTHONPATH} /usr/bin/python3 -W ignore:setup.py install is deprecated setup.py egg_info --egg-base ../../../../build/data_logger build --build-base /home/adela/TFM_AdelaJimenez/build/data_logger/build install --record /home/adela/TFM_AdelaJimenez/build/data_logger/install.log --single-version-externally-managed install_data
[34.089s] Level 1:colcon.colcon_core.environment:checking '/home/adela/TFM_AdelaJimenez/install/data_logger' for CMake config files
[34.092s] Level 1:colcon.colcon_core.environment:checking '/home/adela/TFM_AdelaJimenez/install/data_logger/lib'
[34.092s] Level 1:colcon.colcon_core.environment:checking '/home/adela/TFM_AdelaJimenez/install/data_logger/bin'
[34.092s] Level 1:colcon.colcon_core.environment:checking '/home/adela/TFM_AdelaJimenez/install/data_logger/lib/pkgconfig/data_logger.pc'
[34.092s] Level 1:colcon.colcon_core.environment:checking '/home/adela/TFM_AdelaJimenez/install/data_logger/lib/python3.10/site-packages'
[34.092s] Level 1:colcon.colcon_core.shell:create_environment_hook('data_logger', 'pythonpath')
[34.093s] INFO:colcon.colcon_core.shell:Creating environment hook '/home/adela/TFM_AdelaJimenez/install/data_logger/share/data_logger/hook/pythonpath.ps1'
[34.113s] INFO:colcon.colcon_core.shell:Creating environment descriptor '/home/adela/TFM_AdelaJimenez/install/data_logger/share/data_logger/hook/pythonpath.dsv'
[34.114s] INFO:colcon.colcon_core.shell:Creating environment hook '/home/adela/TFM_AdelaJimenez/install/data_logger/share/data_logger/hook/pythonpath.sh'
[34.115s] Level 1:colcon.colcon_core.environment:checking '/home/adela/TFM_AdelaJimenez/install/data_logger/bin'
[34.116s] Level 1:colcon.colcon_core.environment:create_environment_scripts_only(data_logger)
[34.116s] INFO:colcon.colcon_core.shell:Creating package script '/home/adela/TFM_AdelaJimenez/install/data_logger/share/data_logger/package.ps1'
[34.122s] INFO:colcon.colcon_core.shell:Creating package descriptor '/home/adela/TFM_AdelaJimenez/install/data_logger/share/data_logger/package.dsv'
[34.131s] INFO:colcon.colcon_core.shell:Creating package script '/home/adela/TFM_AdelaJimenez/install/data_logger/share/data_logger/package.sh'
[34.134s] INFO:colcon.colcon_core.shell:Creating package script '/home/adela/TFM_AdelaJimenez/install/data_logger/share/data_logger/package.bash'
[34.136s] INFO:colcon.colcon_core.shell:Creating package script '/home/adela/TFM_AdelaJimenez/install/data_logger/share/data_logger/package.zsh'
[34.142s] Level 1:colcon.colcon_core.environment:create_file_with_runtime_dependencies(/home/adela/TFM_AdelaJimenez/install/data_logger/share/colcon-core/packages/data_logger)
[34.144s] INFO:colcon.colcon_ros.task.ament_python.build:Building ROS package in '/home/adela/TFM_AdelaJimenez/workspace/ros_ur_driver/src/trayectories' with build type 'ament_python'
[34.144s] Level 1:colcon.colcon_core.shell:create_environment_hook('trayectories', 'ament_prefix_path')
[34.144s] INFO:colcon.colcon_core.shell:Creating environment hook '/home/adela/TFM_AdelaJimenez/install/trayectories/share/trayectories/hook/ament_prefix_path.ps1'
[34.145s] INFO:colcon.colcon_core.shell:Creating environment descriptor '/home/adela/TFM_AdelaJimenez/install/trayectories/share/trayectories/hook/ament_prefix_path.dsv'
[34.169s] INFO:colcon.colcon_core.shell:Creating environment hook '/home/adela/TFM_AdelaJimenez/install/trayectories/share/trayectories/hook/ament_prefix_path.sh'
[34.172s] INFO:colcon.colcon_core.shell:Skip shell extension 'powershell' for command environment: Not usable outside of PowerShell
[34.172s] DEBUG:colcon.colcon_core.shell:Skip shell extension 'dsv' for command environment
[36.330s] INFO:colcon.colcon_core.task.python.build:Building Python package in '/home/adela/TFM_AdelaJimenez/workspace/ros_ur_driver/src/trayectories'
[36.331s] INFO:colcon.colcon_core.shell:Skip shell extension 'powershell' for command environment: Not usable outside of PowerShell
[36.331s] DEBUG:colcon.colcon_core.shell:Skip shell extension 'dsv' for command environment
[36.394s] DEBUG:colcon.colcon_core.event_handler.log_command:Invoking command in '/home/adela/TFM_AdelaJimenez/workspace/ros_ur_driver/src/rutine_launcher': PYTHONPATH=/home/adela/TFM_AdelaJimenez/build/rutine_launcher/prefix_override:/home/adela/TFM_AdelaJimenez/install/rutine_launcher/lib/python3.10/site-packages:${PYTHONPATH} /usr/bin/python3 -W ignore:setup.py install is deprecated setup.py egg_info --egg-base ../../../../build/rutine_launcher build --build-base /home/adela/TFM_AdelaJimenez/build/rutine_launcher/build install --record /home/adela/TFM_AdelaJimenez/build/rutine_launcher/install.log --single-version-externally-managed install_data
[39.070s] Level 1:colcon.colcon_core.environment:checking '/home/adela/TFM_AdelaJimenez/install/rutine_launcher' for CMake module files
[39.070s] Level 1:colcon.colcon_core.environment:checking '/home/adela/TFM_AdelaJimenez/install/rutine_launcher' for CMake config files
[39.071s] DEBUG:colcon.colcon_core.event_handler.log_command:Invoked command in '/home/adela/TFM_AdelaJimenez/workspace/ros_ur_driver/src/rutine_launcher' returned '0': PYTHONPATH=/home/adela/TFM_AdelaJimenez/build/rutine_launcher/prefix_override:/home/adela/TFM_AdelaJimenez/install/rutine_launcher/lib/python3.10/site-packages:${PYTHONPATH} /usr/bin/python3 -W ignore:setup.py install is deprecated setup.py egg_info --egg-base ../../../../build/rutine_launcher build --build-base /home/adela/TFM_AdelaJimenez/build/rutine_launcher/build install --record /home/adela/TFM_AdelaJimenez/build/rutine_launcher/install.log --single-version-externally-managed install_data
[39.074s] Level 1:colcon.colcon_core.environment:checking '/home/adela/TFM_AdelaJimenez/install/rutine_launcher/lib'
[39.074s] Level 1:colcon.colcon_core.environment:checking '/home/adela/TFM_AdelaJimenez/install/rutine_launcher/bin'
[39.074s] Level 1:colcon.colcon_core.environment:checking '/home/adela/TFM_AdelaJimenez/install/rutine_launcher/lib/pkgconfig/rutine_launcher.pc'
[39.074s] Level 1:colcon.colcon_core.environment:checking '/home/adela/TFM_AdelaJimenez/install/rutine_launcher/lib/python3.10/site-packages'
[39.075s] Level 1:colcon.colcon_core.shell:create_environment_hook('rutine_launcher', 'pythonpath')
[39.075s] INFO:colcon.colcon_core.shell:Creating environment hook '/home/adela/TFM_AdelaJimenez/install/rutine_launcher/share/rutine_launcher/hook/pythonpath.ps1'
[39.083s] INFO:colcon.colcon_core.shell:Creating environment descriptor '/home/adela/TFM_AdelaJimenez/install/rutine_launcher/share/rutine_launcher/hook/pythonpath.dsv'
[39.094s] INFO:colcon.colcon_core.shell:Creating environment hook '/home/adela/TFM_AdelaJimenez/install/rutine_launcher/share/rutine_launcher/hook/pythonpath.sh'
[39.096s] Level 1:colcon.colcon_core.environment:checking '/home/adela/TFM_AdelaJimenez/install/rutine_launcher/bin'
[39.096s] Level 1:colcon.colcon_core.environment:create_environment_scripts_only(rutine_launcher)
[39.096s] INFO:colcon.colcon_core.shell:Creating package script '/home/adela/TFM_AdelaJimenez/install/rutine_launcher/share/rutine_launcher/package.ps1'
[39.107s] INFO:colcon.colcon_core.shell:Creating package descriptor '/home/adela/TFM_AdelaJimenez/install/rutine_launcher/share/rutine_launcher/package.dsv'
[39.114s] INFO:colcon.colcon_core.shell:Creating package script '/home/adela/TFM_AdelaJimenez/install/rutine_launcher/share/rutine_launcher/package.sh'
[39.117s] INFO:colcon.colcon_core.shell:Creating package script '/home/adela/TFM_AdelaJimenez/install/rutine_launcher/share/rutine_launcher/package.bash'
[39.122s] INFO:colcon.colcon_core.shell:Creating package script '/home/adela/TFM_AdelaJimenez/install/rutine_launcher/share/rutine_launcher/package.zsh'
[39.138s] Level 1:colcon.colcon_core.environment:create_file_with_runtime_dependencies(/home/adela/TFM_AdelaJimenez/install/rutine_launcher/share/colcon-core/packages/rutine_launcher)
[39.139s] INFO:colcon.colcon_ros.task.ament_cmake.build:Building ROS package in '/home/adela/TFM_AdelaJimenez/workspace/ros_ur_driver/src/Universal_Robots_ROS2_Driver/ur_bringup' with build type 'ament_cmake'
[39.139s] INFO:colcon.colcon_cmake.task.cmake.build:Building CMake package in '/home/adela/TFM_AdelaJimenez/workspace/ros_ur_driver/src/Universal_Robots_ROS2_Driver/ur_bringup'
[39.139s] INFO:colcon.colcon_core.shell:Skip shell extension 'powershell' for command environment: Not usable outside of PowerShell
[39.139s] DEBUG:colcon.colcon_core.shell:Skip shell extension 'dsv' for command environment
[39.191s] DEBUG:colcon.colcon_core.event_handler.log_command:Invoking command in '/home/adela/TFM_AdelaJimenez/workspace/ros_ur_driver/src/trayectories': PYTHONPATH=/home/adela/TFM_AdelaJimenez/build/trayectories/prefix_override:/home/adela/TFM_AdelaJimenez/install/trayectories/lib/python3.10/site-packages:${PYTHONPATH} /usr/bin/python3 -W ignore:setup.py install is deprecated setup.py egg_info --egg-base ../../../../build/trayectories build --build-base /home/adela/TFM_AdelaJimenez/build/trayectories/build install --record /home/adela/TFM_AdelaJimenez/build/trayectories/install.log --single-version-externally-managed install_data
[39.285s] DEBUG:colcon.colcon_core.event_handler.log_command:Invoking command in '/home/adela/TFM_AdelaJimenez/build/ur_bringup': AMENT_PREFIX_PATH=/home/adela/TFM_AdelaJimenez/install/ur_controllers:/home/adela/TFM_AdelaJimenez/install/ur_description:/home/adela/TFM_AdelaJimenez/install/ur_dashboard_msgs:${AMENT_PREFIX_PATH} CMAKE_PREFIX_PATH=/home/adela/TFM_AdelaJimenez/install/ur_controllers:/home/adela/TFM_AdelaJimenez/install/ur_description:/home/adela/TFM_AdelaJimenez/install/ur_dashboard_msgs:/home/adela/TFM_MiguelLerinAlonso/workspace/ros_ur_driver/install/ur:/home/adela/TFM_MiguelLerinAlonso/workspace/ros_ur_driver/install/ur_calibration:/home/adela/TFM_MiguelLerinAlonso/workspace/ros_ur_driver/install/ur_robot_driver:/home/adela/TFM_MiguelLerinAlonso/workspace/ros_ur_driver/install/ur_moveit_config:/home/adela/TFM_MiguelLerinAlonso/workspace/ros_ur_driver/install/ur_bringup:/home/adela/TFM_MiguelLerinAlonso/workspace/ros_ur_driver/install/ur_description:/home/adela/TFM_MiguelLerinAlonso/workspace/ros_ur_driver/install/ur_controllers:/home/adela/TFM_MiguelLerinAlonso/workspace/ros_ur_driver/install/ur_dashboard_msgs:/home/adela/workspace/ros_ur_driver/install/ur:/home/adela/workspace/ros_ur_driver/install/ur_calibration:/home/adela/workspace/ros_ur_driver/install/ur_robot_driver:/home/adela/workspace/ros_ur_driver/install/ur_moveit_config:/home/adela/workspace/ros_ur_driver/install/ur_bringup:/home/adela/workspace/ros_ur_driver/install/ur_description:/home/adela/workspace/ros_ur_driver/install/ur_controllers:/home/adela/workspace/ros_ur_driver/install/ur_dashboard_msgs:/home/adela/TFM_AdelaJimenez/workspace/ros_ur_driver/install/trayectories:/home/adela/TFM_AdelaJimenez/workspace/ros_ur_driver/install/conversion_datos:/home/adela/TFM_MiguelLerinAlonso/workspace/ros_ur_driver/install/trayectories:/home/adela/TFM_MiguelLerinAlonso/workspace/ros_ur_driver/install/rutine_launcher:/home/adela/TFM_MiguelLerinAlonso/workspace/ros_ur_driver/install/data_logger:/home/adela/TFM_MiguelLerinAlonso/workspace/ros_ur_driver/install/build_platform:/opt/ros/humble LD_LIBRARY_PATH=/home/adela/TFM_AdelaJimenez/install/ur_controllers/lib:/home/adela/TFM_AdelaJimenez/install/ur_dashboard_msgs/lib:${LD_LIBRARY_PATH} PYTHONPATH=/home/adela/TFM_AdelaJimenez/install/ur_dashboard_msgs/local/lib/python3.10/dist-packages:${PYTHONPATH} /usr/bin/cmake --build /home/adela/TFM_AdelaJimenez/build/ur_bringup -- -j2 -l2
[39.445s] DEBUG:colcon.colcon_core.event_handler.log_command:Invoked command in '/home/adela/TFM_AdelaJimenez/build/ur_bringup' returned '0': AMENT_PREFIX_PATH=/home/adela/TFM_AdelaJimenez/install/ur_controllers:/home/adela/TFM_AdelaJimenez/install/ur_description:/home/adela/TFM_AdelaJimenez/install/ur_dashboard_msgs:${AMENT_PREFIX_PATH} CMAKE_PREFIX_PATH=/home/adela/TFM_AdelaJimenez/install/ur_controllers:/home/adela/TFM_AdelaJimenez/install/ur_description:/home/adela/TFM_AdelaJimenez/install/ur_dashboard_msgs:/home/adela/TFM_MiguelLerinAlonso/workspace/ros_ur_driver/install/ur:/home/adela/TFM_MiguelLerinAlonso/workspace/ros_ur_driver/install/ur_calibration:/home/adela/TFM_MiguelLerinAlonso/workspace/ros_ur_driver/install/ur_robot_driver:/home/adela/TFM_MiguelLerinAlonso/workspace/ros_ur_driver/install/ur_moveit_config:/home/adela/TFM_MiguelLerinAlonso/workspace/ros_ur_driver/install/ur_bringup:/home/adela/TFM_MiguelLerinAlonso/workspace/ros_ur_driver/install/ur_description:/home/adela/TFM_MiguelLerinAlonso/workspace/ros_ur_driver/install/ur_controllers:/home/adela/TFM_MiguelLerinAlonso/workspace/ros_ur_driver/install/ur_dashboard_msgs:/home/adela/workspace/ros_ur_driver/install/ur:/home/adela/workspace/ros_ur_driver/install/ur_calibration:/home/adela/workspace/ros_ur_driver/install/ur_robot_driver:/home/adela/workspace/ros_ur_driver/install/ur_moveit_config:/home/adela/workspace/ros_ur_driver/install/ur_bringup:/home/adela/workspace/ros_ur_driver/install/ur_description:/home/adela/workspace/ros_ur_driver/install/ur_controllers:/home/adela/workspace/ros_ur_driver/install/ur_dashboard_msgs:/home/adela/TFM_AdelaJimenez/workspace/ros_ur_driver/install/trayectories:/home/adela/TFM_AdelaJimenez/workspace/ros_ur_driver/install/conversion_datos:/home/adela/TFM_MiguelLerinAlonso/workspace/ros_ur_driver/install/trayectories:/home/adela/TFM_MiguelLerinAlonso/workspace/ros_ur_driver/install/rutine_launcher:/home/adela/TFM_MiguelLerinAlonso/workspace/ros_ur_driver/install/data_logger:/home/adela/TFM_MiguelLerinAlonso/workspace/ros_ur_driver/install/build_platform:/opt/ros/humble LD_LIBRARY_PATH=/home/adela/TFM_AdelaJimenez/install/ur_controllers/lib:/home/adela/TFM_AdelaJimenez/install/ur_dashboard_msgs/lib:${LD_LIBRARY_PATH} PYTHONPATH=/home/adela/TFM_AdelaJimenez/install/ur_dashboard_msgs/local/lib/python3.10/dist-packages:${PYTHONPATH} /usr/bin/cmake --build /home/adela/TFM_AdelaJimenez/build/ur_bringup -- -j2 -l2
[39.655s] DEBUG:colcon.colcon_core.event_handler.log_command:Invoking command in '/home/adela/TFM_AdelaJimenez/build/ur_bringup': AMENT_PREFIX_PATH=/home/adela/TFM_AdelaJimenez/install/ur_controllers:/home/adela/TFM_AdelaJimenez/install/ur_description:/home/adela/TFM_AdelaJimenez/install/ur_dashboard_msgs:${AMENT_PREFIX_PATH} CMAKE_PREFIX_PATH=/home/adela/TFM_AdelaJimenez/install/ur_controllers:/home/adela/TFM_AdelaJimenez/install/ur_description:/home/adela/TFM_AdelaJimenez/install/ur_dashboard_msgs:/home/adela/TFM_MiguelLerinAlonso/workspace/ros_ur_driver/install/ur:/home/adela/TFM_MiguelLerinAlonso/workspace/ros_ur_driver/install/ur_calibration:/home/adela/TFM_MiguelLerinAlonso/workspace/ros_ur_driver/install/ur_robot_driver:/home/adela/TFM_MiguelLerinAlonso/workspace/ros_ur_driver/install/ur_moveit_config:/home/adela/TFM_MiguelLerinAlonso/workspace/ros_ur_driver/install/ur_bringup:/home/adela/TFM_MiguelLerinAlonso/workspace/ros_ur_driver/install/ur_description:/home/adela/TFM_MiguelLerinAlonso/workspace/ros_ur_driver/install/ur_controllers:/home/adela/TFM_MiguelLerinAlonso/workspace/ros_ur_driver/install/ur_dashboard_msgs:/home/adela/workspace/ros_ur_driver/install/ur:/home/adela/workspace/ros_ur_driver/install/ur_calibration:/home/adela/workspace/ros_ur_driver/install/ur_robot_driver:/home/adela/workspace/ros_ur_driver/install/ur_moveit_config:/home/adela/workspace/ros_ur_driver/install/ur_bringup:/home/adela/workspace/ros_ur_driver/install/ur_description:/home/adela/workspace/ros_ur_driver/install/ur_controllers:/home/adela/workspace/ros_ur_driver/install/ur_dashboard_msgs:/home/adela/TFM_AdelaJimenez/workspace/ros_ur_driver/install/trayectories:/home/adela/TFM_AdelaJimenez/workspace/ros_ur_driver/install/conversion_datos:/home/adela/TFM_MiguelLerinAlonso/workspace/ros_ur_driver/install/trayectories:/home/adela/TFM_MiguelLerinAlonso/workspace/ros_ur_driver/install/rutine_launcher:/home/adela/TFM_MiguelLerinAlonso/workspace/ros_ur_driver/install/data_logger:/home/adela/TFM_MiguelLerinAlonso/workspace/ros_ur_driver/install/build_platform:/opt/ros/humble LD_LIBRARY_PATH=/home/adela/TFM_AdelaJimenez/install/ur_controllers/lib:/home/adela/TFM_AdelaJimenez/install/ur_dashboard_msgs/lib:${LD_LIBRARY_PATH} PYTHONPATH=/home/adela/TFM_AdelaJimenez/install/ur_dashboard_msgs/local/lib/python3.10/dist-packages:${PYTHONPATH} /usr/bin/cmake --install /home/adela/TFM_AdelaJimenez/build/ur_bringup
[39.740s] Level 1:colcon.colcon_core.environment:create_environment_scripts_only(ur_bringup)
[39.740s] Level 1:colcon.colcon_core.environment:checking '/home/adela/TFM_AdelaJimenez/install/ur_bringup' for CMake module files
[39.741s] Level 1:colcon.colcon_core.environment:checking '/home/adela/TFM_AdelaJimenez/install/ur_bringup' for CMake config files
[39.741s] Level 1:colcon.colcon_core.shell:create_environment_hook('ur_bringup', 'cmake_prefix_path')
[39.741s] INFO:colcon.colcon_core.shell:Creating environment hook '/home/adela/TFM_AdelaJimenez/install/ur_bringup/share/ur_bringup/hook/cmake_prefix_path.ps1'
[39.742s] INFO:colcon.colcon_core.shell:Creating environment descriptor '/home/adela/TFM_AdelaJimenez/install/ur_bringup/share/ur_bringup/hook/cmake_prefix_path.dsv'
[39.754s] DEBUG:colcon.colcon_core.event_handler.log_command:Invoked command in '/home/adela/TFM_AdelaJimenez/build/ur_bringup' returned '0': AMENT_PREFIX_PATH=/home/adela/TFM_AdelaJimenez/install/ur_controllers:/home/adela/TFM_AdelaJimenez/install/ur_description:/home/adela/TFM_AdelaJimenez/install/ur_dashboard_msgs:${AMENT_PREFIX_PATH} CMAKE_PREFIX_PATH=/home/adela/TFM_AdelaJimenez/install/ur_controllers:/home/adela/TFM_AdelaJimenez/install/ur_description:/home/adela/TFM_AdelaJimenez/install/ur_dashboard_msgs:/home/adela/TFM_MiguelLerinAlonso/workspace/ros_ur_driver/install/ur:/home/adela/TFM_MiguelLerinAlonso/workspace/ros_ur_driver/install/ur_calibration:/home/adela/TFM_MiguelLerinAlonso/workspace/ros_ur_driver/install/ur_robot_driver:/home/adela/TFM_MiguelLerinAlonso/workspace/ros_ur_driver/install/ur_moveit_config:/home/adela/TFM_MiguelLerinAlonso/workspace/ros_ur_driver/install/ur_bringup:/home/adela/TFM_MiguelLerinAlonso/workspace/ros_ur_driver/install/ur_description:/home/adela/TFM_MiguelLerinAlonso/workspace/ros_ur_driver/install/ur_controllers:/home/adela/TFM_MiguelLerinAlonso/workspace/ros_ur_driver/install/ur_dashboard_msgs:/home/adela/workspace/ros_ur_driver/install/ur:/home/adela/workspace/ros_ur_driver/install/ur_calibration:/home/adela/workspace/ros_ur_driver/install/ur_robot_driver:/home/adela/workspace/ros_ur_driver/install/ur_moveit_config:/home/adela/workspace/ros_ur_driver/install/ur_bringup:/home/adela/workspace/ros_ur_driver/install/ur_description:/home/adela/workspace/ros_ur_driver/install/ur_controllers:/home/adela/workspace/ros_ur_driver/install/ur_dashboard_msgs:/home/adela/TFM_AdelaJimenez/workspace/ros_ur_driver/install/trayectories:/home/adela/TFM_AdelaJimenez/workspace/ros_ur_driver/install/conversion_datos:/home/adela/TFM_MiguelLerinAlonso/workspace/ros_ur_driver/install/trayectories:/home/adela/TFM_MiguelLerinAlonso/workspace/ros_ur_driver/install/rutine_launcher:/home/adela/TFM_MiguelLerinAlonso/workspace/ros_ur_driver/install/data_logger:/home/adela/TFM_MiguelLerinAlonso/workspace/ros_ur_driver/install/build_platform:/opt/ros/humble LD_LIBRARY_PATH=/home/adela/TFM_AdelaJimenez/install/ur_controllers/lib:/home/adela/TFM_AdelaJimenez/install/ur_dashboard_msgs/lib:${LD_LIBRARY_PATH} PYTHONPATH=/home/adela/TFM_AdelaJimenez/install/ur_dashboard_msgs/local/lib/python3.10/dist-packages:${PYTHONPATH} /usr/bin/cmake --install /home/adela/TFM_AdelaJimenez/build/ur_bringup
[39.755s] INFO:colcon.colcon_core.shell:Creating environment hook '/home/adela/TFM_AdelaJimenez/install/ur_bringup/share/ur_bringup/hook/cmake_prefix_path.sh'
[39.756s] Level 1:colcon.colcon_core.environment:checking '/home/adela/TFM_AdelaJimenez/install/ur_bringup/lib'
[39.756s] Level 1:colcon.colcon_core.environment:checking '/home/adela/TFM_AdelaJimenez/install/ur_bringup/bin'
[39.756s] Level 1:colcon.colcon_core.environment:checking '/home/adela/TFM_AdelaJimenez/install/ur_bringup/lib/pkgconfig/ur_bringup.pc'
[39.770s] Level 1:colcon.colcon_core.environment:checking '/home/adela/TFM_AdelaJimenez/install/ur_bringup/lib/python3.10/site-packages'
[39.770s] Level 1:colcon.colcon_core.environment:checking '/home/adela/TFM_AdelaJimenez/install/ur_bringup/bin'
[39.776s] INFO:colcon.colcon_core.shell:Creating package script '/home/adela/TFM_AdelaJimenez/install/ur_bringup/share/ur_bringup/package.ps1'
[39.777s] INFO:colcon.colcon_core.shell:Creating package descriptor '/home/adela/TFM_AdelaJimenez/install/ur_bringup/share/ur_bringup/package.dsv'
[39.786s] INFO:colcon.colcon_core.shell:Creating package script '/home/adela/TFM_AdelaJimenez/install/ur_bringup/share/ur_bringup/package.sh'
[39.791s] INFO:colcon.colcon_core.shell:Creating package script '/home/adela/TFM_AdelaJimenez/install/ur_bringup/share/ur_bringup/package.bash'
[39.801s] INFO:colcon.colcon_core.shell:Creating package script '/home/adela/TFM_AdelaJimenez/install/ur_bringup/share/ur_bringup/package.zsh'
[39.809s] Level 1:colcon.colcon_core.environment:create_file_with_runtime_dependencies(/home/adela/TFM_AdelaJimenez/install/ur_bringup/share/colcon-core/packages/ur_bringup)
[39.942s] Level 1:colcon.colcon_core.environment:create_environment_scripts_only(ur_bringup)
[39.942s] Level 1:colcon.colcon_core.environment:checking '/home/adela/TFM_AdelaJimenez/install/ur_bringup' for CMake module files
[39.943s] Level 1:colcon.colcon_core.environment:checking '/home/adela/TFM_AdelaJimenez/install/ur_bringup' for CMake config files
[39.943s] Level 1:colcon.colcon_core.shell:create_environment_hook('ur_bringup', 'cmake_prefix_path')
[39.944s] INFO:colcon.colcon_core.shell:Creating environment hook '/home/adela/TFM_AdelaJimenez/install/ur_bringup/share/ur_bringup/hook/cmake_prefix_path.ps1'
[39.947s] INFO:colcon.colcon_core.shell:Creating environment descriptor '/home/adela/TFM_AdelaJimenez/install/ur_bringup/share/ur_bringup/hook/cmake_prefix_path.dsv'
[39.948s] INFO:colcon.colcon_core.shell:Creating environment hook '/home/adela/TFM_AdelaJimenez/install/ur_bringup/share/ur_bringup/hook/cmake_prefix_path.sh'
[39.955s] Level 1:colcon.colcon_core.environment:checking '/home/adela/TFM_AdelaJimenez/install/ur_bringup/lib'
[39.955s] Level 1:colcon.colcon_core.environment:checking '/home/adela/TFM_AdelaJimenez/install/ur_bringup/bin'
[39.956s] Level 1:colcon.colcon_core.environment:checking '/home/adela/TFM_AdelaJimenez/install/ur_bringup/lib/pkgconfig/ur_bringup.pc'
[39.960s] Level 1:colcon.colcon_core.environment:checking '/home/adela/TFM_AdelaJimenez/install/ur_bringup/lib/python3.10/site-packages'
[39.963s] Level 1:colcon.colcon_core.environment:checking '/home/adela/TFM_AdelaJimenez/install/ur_bringup/bin'
[39.964s] INFO:colcon.colcon_core.shell:Creating package script '/home/adela/TFM_AdelaJimenez/install/ur_bringup/share/ur_bringup/package.ps1'
[39.965s] INFO:colcon.colcon_core.shell:Creating package descriptor '/home/adela/TFM_AdelaJimenez/install/ur_bringup/share/ur_bringup/package.dsv'
[39.980s] INFO:colcon.colcon_core.shell:Creating package script '/home/adela/TFM_AdelaJimenez/install/ur_bringup/share/ur_bringup/package.sh'
[39.981s] INFO:colcon.colcon_core.shell:Creating package script '/home/adela/TFM_AdelaJimenez/install/ur_bringup/share/ur_bringup/package.bash'
[39.985s] INFO:colcon.colcon_core.shell:Creating package script '/home/adela/TFM_AdelaJimenez/install/ur_bringup/share/ur_bringup/package.zsh'
[39.988s] Level 1:colcon.colcon_core.environment:create_file_with_runtime_dependencies(/home/adela/TFM_AdelaJimenez/install/ur_bringup/share/colcon-core/packages/ur_bringup)
[39.989s] INFO:colcon.colcon_ros.task.ament_cmake.build:Building ROS package in '/home/adela/TFM_AdelaJimenez/workspace/ros_ur_driver/src/Universal_Robots_ROS2_Driver/ur' with build type 'ament_cmake'
[39.990s] INFO:colcon.colcon_cmake.task.cmake.build:Building CMake package in '/home/adela/TFM_AdelaJimenez/workspace/ros_ur_driver/src/Universal_Robots_ROS2_Driver/ur'
[39.991s] INFO:colcon.colcon_core.shell:Skip shell extension 'powershell' for command environment: Not usable outside of PowerShell
[39.991s] DEBUG:colcon.colcon_core.shell:Skip shell extension 'dsv' for command environment
[40.281s] DEBUG:colcon.colcon_core.event_handler.log_command:Invoking command in '/home/adela/TFM_AdelaJimenez/build/ur': AMENT_PREFIX_PATH=/home/adela/TFM_AdelaJimenez/install/ur_calibration:/home/adela/TFM_AdelaJimenez/install/ur_robot_driver:/home/adela/TFM_AdelaJimenez/install/ur_moveit_config:/home/adela/TFM_AdelaJimenez/install/ur_controllers:/home/adela/TFM_AdelaJimenez/install/ur_description:/home/adela/TFM_AdelaJimenez/install/ur_dashboard_msgs:${AMENT_PREFIX_PATH} CMAKE_PREFIX_PATH=/home/adela/TFM_AdelaJimenez/install/ur_calibration:/home/adela/TFM_AdelaJimenez/install/ur_robot_driver:/home/adela/TFM_AdelaJimenez/install/ur_moveit_config:/home/adela/TFM_AdelaJimenez/install/ur_controllers:/home/adela/TFM_AdelaJimenez/install/ur_description:/home/adela/TFM_AdelaJimenez/install/ur_dashboard_msgs:/home/adela/TFM_MiguelLerinAlonso/workspace/ros_ur_driver/install/ur:/home/adela/TFM_MiguelLerinAlonso/workspace/ros_ur_driver/install/ur_calibration:/home/adela/TFM_MiguelLerinAlonso/workspace/ros_ur_driver/install/ur_robot_driver:/home/adela/TFM_MiguelLerinAlonso/workspace/ros_ur_driver/install/ur_moveit_config:/home/adela/TFM_MiguelLerinAlonso/workspace/ros_ur_driver/install/ur_bringup:/home/adela/TFM_MiguelLerinAlonso/workspace/ros_ur_driver/install/ur_description:/home/adela/TFM_MiguelLerinAlonso/workspace/ros_ur_driver/install/ur_controllers:/home/adela/TFM_MiguelLerinAlonso/workspace/ros_ur_driver/install/ur_dashboard_msgs:/home/adela/workspace/ros_ur_driver/install/ur:/home/adela/workspace/ros_ur_driver/install/ur_calibration:/home/adela/workspace/ros_ur_driver/install/ur_robot_driver:/home/adela/workspace/ros_ur_driver/install/ur_moveit_config:/home/adela/workspace/ros_ur_driver/install/ur_bringup:/home/adela/workspace/ros_ur_driver/install/ur_description:/home/adela/workspace/ros_ur_driver/install/ur_controllers:/home/adela/workspace/ros_ur_driver/install/ur_dashboard_msgs:/home/adela/TFM_AdelaJimenez/workspace/ros_ur_driver/install/trayectories:/home/adela/TFM_AdelaJimenez/workspace/ros_ur_driver/install/conversion_datos:/home/adela/TFM_MiguelLerinAlonso/workspace/ros_ur_driver/install/trayectories:/home/adela/TFM_MiguelLerinAlonso/workspace/ros_ur_driver/install/rutine_launcher:/home/adela/TFM_MiguelLerinAlonso/workspace/ros_ur_driver/install/data_logger:/home/adela/TFM_MiguelLerinAlonso/workspace/ros_ur_driver/install/build_platform:/opt/ros/humble LD_LIBRARY_PATH=/home/adela/TFM_AdelaJimenez/install/ur_robot_driver/lib:/home/adela/TFM_AdelaJimenez/install/ur_controllers/lib:/home/adela/TFM_AdelaJimenez/install/ur_dashboard_msgs/lib:${LD_LIBRARY_PATH} PATH=/home/adela/TFM_AdelaJimenez/install/ur_robot_driver/bin:${PATH} PYTHONPATH=/home/adela/TFM_AdelaJimenez/install/ur_robot_driver/local/lib/python3.10/dist-packages:/home/adela/TFM_AdelaJimenez/install/ur_moveit_config/local/lib/python3.10/dist-packages:/home/adela/TFM_AdelaJimenez/install/ur_dashboard_msgs/local/lib/python3.10/dist-packages:${PYTHONPATH} /usr/bin/cmake --build /home/adela/TFM_AdelaJimenez/build/ur -- -j2 -l2
[40.490s] DEBUG:colcon.colcon_core.event_handler.log_command:Invoked command in '/home/adela/TFM_AdelaJimenez/build/ur' returned '0': AMENT_PREFIX_PATH=/home/adela/TFM_AdelaJimenez/install/ur_calibration:/home/adela/TFM_AdelaJimenez/install/ur_robot_driver:/home/adela/TFM_AdelaJimenez/install/ur_moveit_config:/home/adela/TFM_AdelaJimenez/install/ur_controllers:/home/adela/TFM_AdelaJimenez/install/ur_description:/home/adela/TFM_AdelaJimenez/install/ur_dashboard_msgs:${AMENT_PREFIX_PATH} CMAKE_PREFIX_PATH=/home/adela/TFM_AdelaJimenez/install/ur_calibration:/home/adela/TFM_AdelaJimenez/install/ur_robot_driver:/home/adela/TFM_AdelaJimenez/install/ur_moveit_config:/home/adela/TFM_AdelaJimenez/install/ur_controllers:/home/adela/TFM_AdelaJimenez/install/ur_description:/home/adela/TFM_AdelaJimenez/install/ur_dashboard_msgs:/home/adela/TFM_MiguelLerinAlonso/workspace/ros_ur_driver/install/ur:/home/adela/TFM_MiguelLerinAlonso/workspace/ros_ur_driver/install/ur_calibration:/home/adela/TFM_MiguelLerinAlonso/workspace/ros_ur_driver/install/ur_robot_driver:/home/adela/TFM_MiguelLerinAlonso/workspace/ros_ur_driver/install/ur_moveit_config:/home/adela/TFM_MiguelLerinAlonso/workspace/ros_ur_driver/install/ur_bringup:/home/adela/TFM_MiguelLerinAlonso/workspace/ros_ur_driver/install/ur_description:/home/adela/TFM_MiguelLerinAlonso/workspace/ros_ur_driver/install/ur_controllers:/home/adela/TFM_MiguelLerinAlonso/workspace/ros_ur_driver/install/ur_dashboard_msgs:/home/adela/workspace/ros_ur_driver/install/ur:/home/adela/workspace/ros_ur_driver/install/ur_calibration:/home/adela/workspace/ros_ur_driver/install/ur_robot_driver:/home/adela/workspace/ros_ur_driver/install/ur_moveit_config:/home/adela/workspace/ros_ur_driver/install/ur_bringup:/home/adela/workspace/ros_ur_driver/install/ur_description:/home/adela/workspace/ros_ur_driver/install/ur_controllers:/home/adela/workspace/ros_ur_driver/install/ur_dashboard_msgs:/home/adela/TFM_AdelaJimenez/workspace/ros_ur_driver/install/trayectories:/home/adela/TFM_AdelaJimenez/workspace/ros_ur_driver/install/conversion_datos:/home/adela/TFM_MiguelLerinAlonso/workspace/ros_ur_driver/install/trayectories:/home/adela/TFM_MiguelLerinAlonso/workspace/ros_ur_driver/install/rutine_launcher:/home/adela/TFM_MiguelLerinAlonso/workspace/ros_ur_driver/install/data_logger:/home/adela/TFM_MiguelLerinAlonso/workspace/ros_ur_driver/install/build_platform:/opt/ros/humble LD_LIBRARY_PATH=/home/adela/TFM_AdelaJimenez/install/ur_robot_driver/lib:/home/adela/TFM_AdelaJimenez/install/ur_controllers/lib:/home/adela/TFM_AdelaJimenez/install/ur_dashboard_msgs/lib:${LD_LIBRARY_PATH} PATH=/home/adela/TFM_AdelaJimenez/install/ur_robot_driver/bin:${PATH} PYTHONPATH=/home/adela/TFM_AdelaJimenez/install/ur_robot_driver/local/lib/python3.10/dist-packages:/home/adela/TFM_AdelaJimenez/install/ur_moveit_config/local/lib/python3.10/dist-packages:/home/adela/TFM_AdelaJimenez/install/ur_dashboard_msgs/local/lib/python3.10/dist-packages:${PYTHONPATH} /usr/bin/cmake --build /home/adela/TFM_AdelaJimenez/build/ur -- -j2 -l2
[40.627s] DEBUG:colcon.colcon_core.event_handler.log_command:Invoking command in '/home/adela/TFM_AdelaJimenez/build/ur': AMENT_PREFIX_PATH=/home/adela/TFM_AdelaJimenez/install/ur_calibration:/home/adela/TFM_AdelaJimenez/install/ur_robot_driver:/home/adela/TFM_AdelaJimenez/install/ur_moveit_config:/home/adela/TFM_AdelaJimenez/install/ur_controllers:/home/adela/TFM_AdelaJimenez/install/ur_description:/home/adela/TFM_AdelaJimenez/install/ur_dashboard_msgs:${AMENT_PREFIX_PATH} CMAKE_PREFIX_PATH=/home/adela/TFM_AdelaJimenez/install/ur_calibration:/home/adela/TFM_AdelaJimenez/install/ur_robot_driver:/home/adela/TFM_AdelaJimenez/install/ur_moveit_config:/home/adela/TFM_AdelaJimenez/install/ur_controllers:/home/adela/TFM_AdelaJimenez/install/ur_description:/home/adela/TFM_AdelaJimenez/install/ur_dashboard_msgs:/home/adela/TFM_MiguelLerinAlonso/workspace/ros_ur_driver/install/ur:/home/adela/TFM_MiguelLerinAlonso/workspace/ros_ur_driver/install/ur_calibration:/home/adela/TFM_MiguelLerinAlonso/workspace/ros_ur_driver/install/ur_robot_driver:/home/adela/TFM_MiguelLerinAlonso/workspace/ros_ur_driver/install/ur_moveit_config:/home/adela/TFM_MiguelLerinAlonso/workspace/ros_ur_driver/install/ur_bringup:/home/adela/TFM_MiguelLerinAlonso/workspace/ros_ur_driver/install/ur_description:/home/adela/TFM_MiguelLerinAlonso/workspace/ros_ur_driver/install/ur_controllers:/home/adela/TFM_MiguelLerinAlonso/workspace/ros_ur_driver/install/ur_dashboard_msgs:/home/adela/workspace/ros_ur_driver/install/ur:/home/adela/workspace/ros_ur_driver/install/ur_calibration:/home/adela/workspace/ros_ur_driver/install/ur_robot_driver:/home/adela/workspace/ros_ur_driver/install/ur_moveit_config:/home/adela/workspace/ros_ur_driver/install/ur_bringup:/home/adela/workspace/ros_ur_driver/install/ur_description:/home/adela/workspace/ros_ur_driver/install/ur_controllers:/home/adela/workspace/ros_ur_driver/install/ur_dashboard_msgs:/home/adela/TFM_AdelaJimenez/workspace/ros_ur_driver/install/trayectories:/home/adela/TFM_AdelaJimenez/workspace/ros_ur_driver/install/conversion_datos:/home/adela/TFM_MiguelLerinAlonso/workspace/ros_ur_driver/install/trayectories:/home/adela/TFM_MiguelLerinAlonso/workspace/ros_ur_driver/install/rutine_launcher:/home/adela/TFM_MiguelLerinAlonso/workspace/ros_ur_driver/install/data_logger:/home/adela/TFM_MiguelLerinAlonso/workspace/ros_ur_driver/install/build_platform:/opt/ros/humble LD_LIBRARY_PATH=/home/adela/TFM_AdelaJimenez/install/ur_robot_driver/lib:/home/adela/TFM_AdelaJimenez/install/ur_controllers/lib:/home/adela/TFM_AdelaJimenez/install/ur_dashboard_msgs/lib:${LD_LIBRARY_PATH} PATH=/home/adela/TFM_AdelaJimenez/install/ur_robot_driver/bin:${PATH} PYTHONPATH=/home/adela/TFM_AdelaJimenez/install/ur_robot_driver/local/lib/python3.10/dist-packages:/home/adela/TFM_AdelaJimenez/install/ur_moveit_config/local/lib/python3.10/dist-packages:/home/adela/TFM_AdelaJimenez/install/ur_dashboard_msgs/local/lib/python3.10/dist-packages:${PYTHONPATH} /usr/bin/cmake --install /home/adela/TFM_AdelaJimenez/build/ur
[40.681s] Level 1:colcon.colcon_core.environment:create_environment_scripts_only(ur)
[40.682s] Level 1:colcon.colcon_core.environment:checking '/home/adela/TFM_AdelaJimenez/install/ur' for CMake module files
[40.683s] Level 1:colcon.colcon_core.environment:checking '/home/adela/TFM_AdelaJimenez/install/ur' for CMake config files
[40.684s] DEBUG:colcon.colcon_core.event_handler.log_command:Invoked command in '/home/adela/TFM_AdelaJimenez/build/ur' returned '0': AMENT_PREFIX_PATH=/home/adela/TFM_AdelaJimenez/install/ur_calibration:/home/adela/TFM_AdelaJimenez/install/ur_robot_driver:/home/adela/TFM_AdelaJimenez/install/ur_moveit_config:/home/adela/TFM_AdelaJimenez/install/ur_controllers:/home/adela/TFM_AdelaJimenez/install/ur_description:/home/adela/TFM_AdelaJimenez/install/ur_dashboard_msgs:${AMENT_PREFIX_PATH} CMAKE_PREFIX_PATH=/home/adela/TFM_AdelaJimenez/install/ur_calibration:/home/adela/TFM_AdelaJimenez/install/ur_robot_driver:/home/adela/TFM_AdelaJimenez/install/ur_moveit_config:/home/adela/TFM_AdelaJimenez/install/ur_controllers:/home/adela/TFM_AdelaJimenez/install/ur_description:/home/adela/TFM_AdelaJimenez/install/ur_dashboard_msgs:/home/adela/TFM_MiguelLerinAlonso/workspace/ros_ur_driver/install/ur:/home/adela/TFM_MiguelLerinAlonso/workspace/ros_ur_driver/install/ur_calibration:/home/adela/TFM_MiguelLerinAlonso/workspace/ros_ur_driver/install/ur_robot_driver:/home/adela/TFM_MiguelLerinAlonso/workspace/ros_ur_driver/install/ur_moveit_config:/home/adela/TFM_MiguelLerinAlonso/workspace/ros_ur_driver/install/ur_bringup:/home/adela/TFM_MiguelLerinAlonso/workspace/ros_ur_driver/install/ur_description:/home/adela/TFM_MiguelLerinAlonso/workspace/ros_ur_driver/install/ur_controllers:/home/adela/TFM_MiguelLerinAlonso/workspace/ros_ur_driver/install/ur_dashboard_msgs:/home/adela/workspace/ros_ur_driver/install/ur:/home/adela/workspace/ros_ur_driver/install/ur_calibration:/home/adela/workspace/ros_ur_driver/install/ur_robot_driver:/home/adela/workspace/ros_ur_driver/install/ur_moveit_config:/home/adela/workspace/ros_ur_driver/install/ur_bringup:/home/adela/workspace/ros_ur_driver/install/ur_description:/home/adela/workspace/ros_ur_driver/install/ur_controllers:/home/adela/workspace/ros_ur_driver/install/ur_dashboard_msgs:/home/adela/TFM_AdelaJimenez/workspace/ros_ur_driver/install/trayectories:/home/adela/TFM_AdelaJimenez/workspace/ros_ur_driver/install/conversion_datos:/home/adela/TFM_MiguelLerinAlonso/workspace/ros_ur_driver/install/trayectories:/home/adela/TFM_MiguelLerinAlonso/workspace/ros_ur_driver/install/rutine_launcher:/home/adela/TFM_MiguelLerinAlonso/workspace/ros_ur_driver/install/data_logger:/home/adela/TFM_MiguelLerinAlonso/workspace/ros_ur_driver/install/build_platform:/opt/ros/humble LD_LIBRARY_PATH=/home/adela/TFM_AdelaJimenez/install/ur_robot_driver/lib:/home/adela/TFM_AdelaJimenez/install/ur_controllers/lib:/home/adela/TFM_AdelaJimenez/install/ur_dashboard_msgs/lib:${LD_LIBRARY_PATH} PATH=/home/adela/TFM_AdelaJimenez/install/ur_robot_driver/bin:${PATH} PYTHONPATH=/home/adela/TFM_AdelaJimenez/install/ur_robot_driver/local/lib/python3.10/dist-packages:/home/adela/TFM_AdelaJimenez/install/ur_moveit_config/local/lib/python3.10/dist-packages:/home/adela/TFM_AdelaJimenez/install/ur_dashboard_msgs/local/lib/python3.10/dist-packages:${PYTHONPATH} /usr/bin/cmake --install /home/adela/TFM_AdelaJimenez/build/ur
[40.685s] Level 1:colcon.colcon_core.shell:create_environment_hook('ur', 'cmake_prefix_path')
[40.690s] INFO:colcon.colcon_core.shell:Creating environment hook '/home/adela/TFM_AdelaJimenez/install/ur/share/ur/hook/cmake_prefix_path.ps1'
[40.692s] INFO:colcon.colcon_core.shell:Creating environment descriptor '/home/adela/TFM_AdelaJimenez/install/ur/share/ur/hook/cmake_prefix_path.dsv'
[40.706s] INFO:colcon.colcon_core.shell:Creating environment hook '/home/adela/TFM_AdelaJimenez/install/ur/share/ur/hook/cmake_prefix_path.sh'
[40.708s] Level 1:colcon.colcon_core.environment:checking '/home/adela/TFM_AdelaJimenez/install/ur/bin'
[40.708s] Level 1:colcon.colcon_core.environment:checking '/home/adela/TFM_AdelaJimenez/install/ur/lib/pkgconfig/ur.pc'
[40.708s] Level 1:colcon.colcon_core.environment:checking '/home/adela/TFM_AdelaJimenez/install/ur/lib/python3.10/site-packages'
[40.708s] Level 1:colcon.colcon_core.environment:checking '/home/adela/TFM_AdelaJimenez/install/ur/bin'
[40.709s] INFO:colcon.colcon_core.shell:Creating package script '/home/adela/TFM_AdelaJimenez/install/ur/share/ur/package.ps1'
[40.709s] INFO:colcon.colcon_core.shell:Creating package descriptor '/home/adela/TFM_AdelaJimenez/install/ur/share/ur/package.dsv'
[40.722s] INFO:colcon.colcon_core.shell:Creating package script '/home/adela/TFM_AdelaJimenez/install/ur/share/ur/package.sh'
[40.722s] INFO:colcon.colcon_core.shell:Creating package script '/home/adela/TFM_AdelaJimenez/install/ur/share/ur/package.bash'
[40.733s] INFO:colcon.colcon_core.shell:Creating package script '/home/adela/TFM_AdelaJimenez/install/ur/share/ur/package.zsh'
[40.737s] Level 1:colcon.colcon_core.environment:create_file_with_runtime_dependencies(/home/adela/TFM_AdelaJimenez/install/ur/share/colcon-core/packages/ur)
[40.884s] Level 1:colcon.colcon_core.environment:create_environment_scripts_only(ur)
[40.884s] Level 1:colcon.colcon_core.environment:checking '/home/adela/TFM_AdelaJimenez/install/ur' for CMake module files
[40.888s] Level 1:colcon.colcon_core.environment:checking '/home/adela/TFM_AdelaJimenez/install/ur' for CMake config files
[40.890s] Level 1:colcon.colcon_core.shell:create_environment_hook('ur', 'cmake_prefix_path')
[40.890s] INFO:colcon.colcon_core.shell:Creating environment hook '/home/adela/TFM_AdelaJimenez/install/ur/share/ur/hook/cmake_prefix_path.ps1'
[40.891s] INFO:colcon.colcon_core.shell:Creating environment descriptor '/home/adela/TFM_AdelaJimenez/install/ur/share/ur/hook/cmake_prefix_path.dsv'
[40.900s] INFO:colcon.colcon_core.shell:Creating environment hook '/home/adela/TFM_AdelaJimenez/install/ur/share/ur/hook/cmake_prefix_path.sh'
[40.928s] Level 1:colcon.colcon_core.environment:checking '/home/adela/TFM_AdelaJimenez/install/ur/bin'
[40.928s] Level 1:colcon.colcon_core.environment:checking '/home/adela/TFM_AdelaJimenez/install/ur/lib/pkgconfig/ur.pc'
[40.931s] Level 1:colcon.colcon_core.environment:checking '/home/adela/TFM_AdelaJimenez/install/ur/lib/python3.10/site-packages'
[40.942s] Level 1:colcon.colcon_core.environment:checking '/home/adela/TFM_AdelaJimenez/install/ur/bin'
[40.942s] INFO:colcon.colcon_core.shell:Creating package script '/home/adela/TFM_AdelaJimenez/install/ur/share/ur/package.ps1'
[40.944s] INFO:colcon.colcon_core.shell:Creating package descriptor '/home/adela/TFM_AdelaJimenez/install/ur/share/ur/package.dsv'
[40.959s] INFO:colcon.colcon_core.shell:Creating package script '/home/adela/TFM_AdelaJimenez/install/ur/share/ur/package.sh'
[40.960s] INFO:colcon.colcon_core.shell:Creating package script '/home/adela/TFM_AdelaJimenez/install/ur/share/ur/package.bash'
[40.967s] INFO:colcon.colcon_core.shell:Creating package script '/home/adela/TFM_AdelaJimenez/install/ur/share/ur/package.zsh'
[40.975s] Level 1:colcon.colcon_core.environment:create_file_with_runtime_dependencies(/home/adela/TFM_AdelaJimenez/install/ur/share/colcon-core/packages/ur)
[41.174s] Level 1:colcon.colcon_core.environment:checking '/home/adela/TFM_AdelaJimenez/install/trayectories' for CMake module files
[41.175s] Level 1:colcon.colcon_core.environment:checking '/home/adela/TFM_AdelaJimenez/install/trayectories' for CMake config files
[41.182s] Level 1:colcon.colcon_core.environment:checking '/home/adela/TFM_AdelaJimenez/install/trayectories/lib'
[41.182s] DEBUG:colcon.colcon_core.event_handler.log_command:Invoked command in '/home/adela/TFM_AdelaJimenez/workspace/ros_ur_driver/src/trayectories' returned '0': PYTHONPATH=/home/adela/TFM_AdelaJimenez/build/trayectories/prefix_override:/home/adela/TFM_AdelaJimenez/install/trayectories/lib/python3.10/site-packages:${PYTHONPATH} /usr/bin/python3 -W ignore:setup.py install is deprecated setup.py egg_info --egg-base ../../../../build/trayectories build --build-base /home/adela/TFM_AdelaJimenez/build/trayectories/build install --record /home/adela/TFM_AdelaJimenez/build/trayectories/install.log --single-version-externally-managed install_data
[41.183s] Level 1:colcon.colcon_core.environment:checking '/home/adela/TFM_AdelaJimenez/install/trayectories/bin'
[41.183s] Level 1:colcon.colcon_core.environment:checking '/home/adela/TFM_AdelaJimenez/install/trayectories/lib/pkgconfig/trayectories.pc'
[41.184s] Level 1:colcon.colcon_core.environment:checking '/home/adela/TFM_AdelaJimenez/install/trayectories/lib/python3.10/site-packages'
[41.184s] Level 1:colcon.colcon_core.shell:create_environment_hook('trayectories', 'pythonpath')
[41.184s] INFO:colcon.colcon_core.shell:Creating environment hook '/home/adela/TFM_AdelaJimenez/install/trayectories/share/trayectories/hook/pythonpath.ps1'
[41.192s] INFO:colcon.colcon_core.shell:Creating environment descriptor '/home/adela/TFM_AdelaJimenez/install/trayectories/share/trayectories/hook/pythonpath.dsv'
[41.193s] INFO:colcon.colcon_core.shell:Creating environment hook '/home/adela/TFM_AdelaJimenez/install/trayectories/share/trayectories/hook/pythonpath.sh'
[41.194s] Level 1:colcon.colcon_core.environment:checking '/home/adela/TFM_AdelaJimenez/install/trayectories/bin'
[41.194s] Level 1:colcon.colcon_core.environment:create_environment_scripts_only(trayectories)
[41.195s] INFO:colcon.colcon_core.shell:Creating package script '/home/adela/TFM_AdelaJimenez/install/trayectories/share/trayectories/package.ps1'
[41.209s] INFO:colcon.colcon_core.shell:Creating package descriptor '/home/adela/TFM_AdelaJimenez/install/trayectories/share/trayectories/package.dsv'
[41.210s] INFO:colcon.colcon_core.shell:Creating package script '/home/adela/TFM_AdelaJimenez/install/trayectories/share/trayectories/package.sh'
[41.216s] INFO:colcon.colcon_core.shell:Creating package script '/home/adela/TFM_AdelaJimenez/install/trayectories/share/trayectories/package.bash'
[41.217s] INFO:colcon.colcon_core.shell:Creating package script '/home/adela/TFM_AdelaJimenez/install/trayectories/share/trayectories/package.zsh'
[41.224s] Level 1:colcon.colcon_core.environment:create_file_with_runtime_dependencies(/home/adela/TFM_AdelaJimenez/install/trayectories/share/colcon-core/packages/trayectories)
[41.225s] DEBUG:colcon.colcon_parallel_executor.executor.parallel:closing loop
[41.239s] DEBUG:colcon.colcon_parallel_executor.executor.parallel:loop closed
[41.239s] DEBUG:colcon.colcon_parallel_executor.executor.parallel:run_until_complete finished with '0'
[41.256s] DEBUG:colcon.colcon_core.event_reactor:joining thread
[41.294s] INFO:colcon.colcon_core.plugin_system:Skipping extension 'colcon_notification.desktop_notification.terminal_notifier': Not used on non-Darwin systems
[41.305s] INFO:colcon.colcon_core.plugin_system:Skipping extension 'colcon_notification.desktop_notification.win32': Not used on non-Windows systems
[41.305s] INFO:colcon.colcon_notification.desktop_notification:Sending desktop notification using 'notify2'
[41.380s] DEBUG:colcon.colcon_core.event_reactor:joined thread
[41.381s] INFO:colcon.colcon_core.shell:Creating prefix script '/home/adela/TFM_AdelaJimenez/install/local_setup.ps1'
[41.384s] INFO:colcon.colcon_core.shell:Creating prefix util module '/home/adela/TFM_AdelaJimenez/install/_local_setup_util_ps1.py'
[41.390s] INFO:colcon.colcon_core.shell:Creating prefix chain script '/home/adela/TFM_AdelaJimenez/install/setup.ps1'
[41.401s] INFO:colcon.colcon_core.shell:Creating prefix script '/home/adela/TFM_AdelaJimenez/install/local_setup.sh'
[41.408s] INFO:colcon.colcon_core.shell:Creating prefix util module '/home/adela/TFM_AdelaJimenez/install/_local_setup_util_sh.py'
[41.424s] INFO:colcon.colcon_core.shell:Creating prefix chain script '/home/adela/TFM_AdelaJimenez/install/setup.sh'
[41.432s] INFO:colcon.colcon_core.shell:Creating prefix script '/home/adela/TFM_AdelaJimenez/install/local_setup.bash'
[41.433s] INFO:colcon.colcon_core.shell:Creating prefix chain script '/home/adela/TFM_AdelaJimenez/install/setup.bash'
[41.452s] INFO:colcon.colcon_core.shell:Creating prefix script '/home/adela/TFM_AdelaJimenez/install/local_setup.zsh'
[41.453s] INFO:colcon.colcon_core.shell:Creating prefix chain script '/home/adela/TFM_AdelaJimenez/install/setup.zsh'
