[0.212s] DEBUG:colcon:Command line arguments: ['/usr/bin/colcon', 'build']
[0.212s] DEBUG:colcon:Parsed command line arguments: Namespace(log_base=None, log_level=None, verb_name='build', build_base='build', install_base='install', merge_install=False, symlink_install=False, test_result_base=None, continue_on_error=False, executor='parallel', parallel_workers=2, event_handlers=None, ignore_user_meta=False, metas=['./colcon.meta'], base_paths=['.'], packages_ignore=None, packages_ignore_regex=None, paths=None, packages_up_to=None, packages_up_to_regex=None, packages_above=None, packages_above_and_dependencies=None, packages_above_depth=None, packages_select_by_dep=None, packages_skip_by_dep=None, packages_skip_up_to=None, packages_select_build_failed=False, packages_skip_build_finished=False, packages_select_test_failures=False, packages_skip_test_passed=False, packages_select=None, packages_skip=None, packages_select_regex=None, packages_skip_regex=None, packages_start=None, packages_end=None, allow_overriding=[], cmake_args=None, cmake_target=None, cmake_target_skip_unavailable=False, cmake_clean_cache=False, cmake_clean_first=False, cmake_force_configure=False, ament_cmake_args=None, catkin_cmake_args=None, catkin_skip_building_tests=False, verb_parser=<colcon_defaults.argument_parser.defaults.DefaultArgumentsDecorator object at 0x7e34931e6680>, verb_extension=<colcon_core.verb.build.BuildVerb object at 0x7e34931e5570>, main=<bound method BuildVerb.main of <colcon_core.verb.build.BuildVerb object at 0x7e34931e5570>>)
[0.563s] Level 1:colcon.colcon_core.package_discovery:discover_packages(colcon_meta) check parameters
[0.565s] Level 1:colcon.colcon_core.package_discovery:discover_packages(recursive) check parameters
[0.565s] Level 1:colcon.colcon_core.package_discovery:discover_packages(ignore) check parameters
[0.565s] Level 1:colcon.colcon_core.package_discovery:discover_packages(path) check parameters
[0.565s] Level 1:colcon.colcon_core.package_discovery:discover_packages(colcon_meta) discover
[0.565s] Level 1:colcon.colcon_core.package_discovery:discover_packages(recursive) discover
[0.565s] INFO:colcon.colcon_core.package_discovery:Crawling recursively for packages in '/home/adela/TFM_AdelaJimenez'
[0.565s] Level 1:colcon.colcon_core.package_identification:_identify(.) by extensions ['ignore', 'ignore_ament_install']
[0.565s] Level 1:colcon.colcon_core.package_identification:_identify(.) by extension 'ignore'
[0.565s] Level 1:colcon.colcon_core.package_identification:_identify(.) by extension 'ignore_ament_install'
[0.565s] Level 1:colcon.colcon_core.package_identification:_identify(.) by extensions ['colcon_pkg']
[0.566s] Level 1:colcon.colcon_core.package_identification:_identify(.) by extension 'colcon_pkg'
[0.566s] Level 1:colcon.colcon_core.package_identification:_identify(.) by extensions ['colcon_meta']
[0.566s] Level 1:colcon.colcon_core.package_identification:_identify(.) by extension 'colcon_meta'
[0.566s] Level 1:colcon.colcon_core.package_identification:_identify(.) by extensions ['ros']
[0.566s] Level 1:colcon.colcon_core.package_identification:_identify(.) by extension 'ros'
[0.598s] Level 1:colcon.colcon_core.package_identification:_identify(.) by extensions ['cmake', 'python']
[0.610s] Level 1:colcon.colcon_core.package_identification:_identify(.) by extension 'cmake'
[0.611s] Level 1:colcon.colcon_core.package_identification:_identify(.) by extension 'python'
[0.611s] Level 1:colcon.colcon_core.package_identification:_identify(.) by extensions ['python_setup_py']
[0.611s] Level 1:colcon.colcon_core.package_identification:_identify(.) by extension 'python_setup_py'
[0.611s] Level 1:colcon.colcon_core.package_identification:_identify(Memoria_TFM) by extensions ['ignore', 'ignore_ament_install']
[0.612s] Level 1:colcon.colcon_core.package_identification:_identify(Memoria_TFM) by extension 'ignore'
[0.612s] Level 1:colcon.colcon_core.package_identification:_identify(Memoria_TFM) by extension 'ignore_ament_install'
[0.612s] Level 1:colcon.colcon_core.package_identification:_identify(Memoria_TFM) by extensions ['colcon_pkg']
[0.612s] Level 1:colcon.colcon_core.package_identification:_identify(Memoria_TFM) by extension 'colcon_pkg'
[0.612s] Level 1:colcon.colcon_core.package_identification:_identify(Memoria_TFM) by extensions ['colcon_meta']
[0.612s] Level 1:colcon.colcon_core.package_identification:_identify(Memoria_TFM) by extension 'colcon_meta'
[0.612s] Level 1:colcon.colcon_core.package_identification:_identify(Memoria_TFM) by extensions ['ros']
[0.612s] Level 1:colcon.colcon_core.package_identification:_identify(Memoria_TFM) by extension 'ros'
[0.613s] Level 1:colcon.colcon_core.package_identification:_identify(Memoria_TFM) by extensions ['cmake', 'python']
[0.613s] Level 1:colcon.colcon_core.package_identification:_identify(Memoria_TFM) by extension 'cmake'
[0.613s] Level 1:colcon.colcon_core.package_identification:_identify(Memoria_TFM) by extension 'python'
[0.613s] Level 1:colcon.colcon_core.package_identification:_identify(Memoria_TFM) by extensions ['python_setup_py']
[0.613s] Level 1:colcon.colcon_core.package_identification:_identify(Memoria_TFM) by extension 'python_setup_py'
[0.613s] Level 1:colcon.colcon_core.package_identification:_identify(build) by extensions ['ignore', 'ignore_ament_install']
[0.613s] Level 1:colcon.colcon_core.package_identification:_identify(build) by extension 'ignore'
[0.613s] Level 1:colcon.colcon_core.package_identification:_identify(build) ignored
[0.613s] Level 1:colcon.colcon_core.package_identification:_identify(control_unit) by extensions ['ignore', 'ignore_ament_install']
[0.614s] Level 1:colcon.colcon_core.package_identification:_identify(control_unit) by extension 'ignore'
[0.614s] Level 1:colcon.colcon_core.package_identification:_identify(control_unit) by extension 'ignore_ament_install'
[0.614s] Level 1:colcon.colcon_core.package_identification:_identify(control_unit) by extensions ['colcon_pkg']
[0.614s] Level 1:colcon.colcon_core.package_identification:_identify(control_unit) by extension 'colcon_pkg'
[0.614s] Level 1:colcon.colcon_core.package_identification:_identify(control_unit) by extensions ['colcon_meta']
[0.614s] Level 1:colcon.colcon_core.package_identification:_identify(control_unit) by extension 'colcon_meta'
[0.614s] Level 1:colcon.colcon_core.package_identification:_identify(control_unit) by extensions ['ros']
[0.614s] Level 1:colcon.colcon_core.package_identification:_identify(control_unit) by extension 'ros'
[0.614s] Level 1:colcon.colcon_core.package_identification:_identify(control_unit) by extensions ['cmake', 'python']
[0.614s] Level 1:colcon.colcon_core.package_identification:_identify(control_unit) by extension 'cmake'
[0.614s] Level 1:colcon.colcon_core.package_identification:_identify(control_unit) by extension 'python'
[0.614s] Level 1:colcon.colcon_core.package_identification:_identify(control_unit) by extensions ['python_setup_py']
[0.614s] Level 1:colcon.colcon_core.package_identification:_identify(control_unit) by extension 'python_setup_py'
[0.614s] Level 1:colcon.colcon_core.package_identification:_identify(control_unit/main_thermoregulator_s_program) by extensions ['ignore', 'ignore_ament_install']
[0.614s] Level 1:colcon.colcon_core.package_identification:_identify(control_unit/main_thermoregulator_s_program) by extension 'ignore'
[0.615s] Level 1:colcon.colcon_core.package_identification:_identify(control_unit/main_thermoregulator_s_program) by extension 'ignore_ament_install'
[0.615s] Level 1:colcon.colcon_core.package_identification:_identify(control_unit/main_thermoregulator_s_program) by extensions ['colcon_pkg']
[0.615s] Level 1:colcon.colcon_core.package_identification:_identify(control_unit/main_thermoregulator_s_program) by extension 'colcon_pkg'
[0.615s] Level 1:colcon.colcon_core.package_identification:_identify(control_unit/main_thermoregulator_s_program) by extensions ['colcon_meta']
[0.615s] Level 1:colcon.colcon_core.package_identification:_identify(control_unit/main_thermoregulator_s_program) by extension 'colcon_meta'
[0.615s] Level 1:colcon.colcon_core.package_identification:_identify(control_unit/main_thermoregulator_s_program) by extensions ['ros']
[0.615s] Level 1:colcon.colcon_core.package_identification:_identify(control_unit/main_thermoregulator_s_program) by extension 'ros'
[0.615s] Level 1:colcon.colcon_core.package_identification:_identify(control_unit/main_thermoregulator_s_program) by extensions ['cmake', 'python']
[0.615s] Level 1:colcon.colcon_core.package_identification:_identify(control_unit/main_thermoregulator_s_program) by extension 'cmake'
[0.615s] Level 1:colcon.colcon_core.package_identification:_identify(control_unit/main_thermoregulator_s_program) by extension 'python'
[0.615s] Level 1:colcon.colcon_core.package_identification:_identify(control_unit/main_thermoregulator_s_program) by extensions ['python_setup_py']
[0.615s] Level 1:colcon.colcon_core.package_identification:_identify(control_unit/main_thermoregulator_s_program) by extension 'python_setup_py'
[0.615s] Level 1:colcon.colcon_core.package_identification:_identify(install) by extensions ['ignore', 'ignore_ament_install']
[0.615s] Level 1:colcon.colcon_core.package_identification:_identify(install) by extension 'ignore'
[0.615s] Level 1:colcon.colcon_core.package_identification:_identify(install) ignored
[0.616s] Level 1:colcon.colcon_core.package_identification:_identify(log) by extensions ['ignore', 'ignore_ament_install']
[0.616s] Level 1:colcon.colcon_core.package_identification:_identify(log) by extension 'ignore'
[0.616s] Level 1:colcon.colcon_core.package_identification:_identify(log) ignored
[0.616s] Level 1:colcon.colcon_core.package_identification:_identify(workspace) by extensions ['ignore', 'ignore_ament_install']
[0.616s] Level 1:colcon.colcon_core.package_identification:_identify(workspace) by extension 'ignore'
[0.616s] Level 1:colcon.colcon_core.package_identification:_identify(workspace) by extension 'ignore_ament_install'
[0.616s] Level 1:colcon.colcon_core.package_identification:_identify(workspace) by extensions ['colcon_pkg']
[0.616s] Level 1:colcon.colcon_core.package_identification:_identify(workspace) by extension 'colcon_pkg'
[0.616s] Level 1:colcon.colcon_core.package_identification:_identify(workspace) by extensions ['colcon_meta']
[0.616s] Level 1:colcon.colcon_core.package_identification:_identify(workspace) by extension 'colcon_meta'
[0.616s] Level 1:colcon.colcon_core.package_identification:_identify(workspace) by extensions ['ros']
[0.616s] Level 1:colcon.colcon_core.package_identification:_identify(workspace) by extension 'ros'
[0.616s] Level 1:colcon.colcon_core.package_identification:_identify(workspace) by extensions ['cmake', 'python']
[0.616s] Level 1:colcon.colcon_core.package_identification:_identify(workspace) by extension 'cmake'
[0.617s] Level 1:colcon.colcon_core.package_identification:_identify(workspace) by extension 'python'
[0.617s] Level 1:colcon.colcon_core.package_identification:_identify(workspace) by extensions ['python_setup_py']
[0.617s] Level 1:colcon.colcon_core.package_identification:_identify(workspace) by extension 'python_setup_py'
[0.617s] Level 1:colcon.colcon_core.package_identification:_identify(workspace/ros_ur_driver) by extensions ['ignore', 'ignore_ament_install']
[0.617s] Level 1:colcon.colcon_core.package_identification:_identify(workspace/ros_ur_driver) by extension 'ignore'
[0.617s] Level 1:colcon.colcon_core.package_identification:_identify(workspace/ros_ur_driver) by extension 'ignore_ament_install'
[0.617s] Level 1:colcon.colcon_core.package_identification:_identify(workspace/ros_ur_driver) by extensions ['colcon_pkg']
[0.617s] Level 1:colcon.colcon_core.package_identification:_identify(workspace/ros_ur_driver) by extension 'colcon_pkg'
[0.617s] Level 1:colcon.colcon_core.package_identification:_identify(workspace/ros_ur_driver) by extensions ['colcon_meta']
[0.617s] Level 1:colcon.colcon_core.package_identification:_identify(workspace/ros_ur_driver) by extension 'colcon_meta'
[0.617s] Level 1:colcon.colcon_core.package_identification:_identify(workspace/ros_ur_driver) by extensions ['ros']
[0.617s] Level 1:colcon.colcon_core.package_identification:_identify(workspace/ros_ur_driver) by extension 'ros'
[0.617s] Level 1:colcon.colcon_core.package_identification:_identify(workspace/ros_ur_driver) by extensions ['cmake', 'python']
[0.617s] Level 1:colcon.colcon_core.package_identification:_identify(workspace/ros_ur_driver) by extension 'cmake'
[0.617s] Level 1:colcon.colcon_core.package_identification:_identify(workspace/ros_ur_driver) by extension 'python'
[0.618s] Level 1:colcon.colcon_core.package_identification:_identify(workspace/ros_ur_driver) by extensions ['python_setup_py']
[0.618s] Level 1:colcon.colcon_core.package_identification:_identify(workspace/ros_ur_driver) by extension 'python_setup_py'
[0.618s] Level 1:colcon.colcon_core.package_identification:_identify(workspace/ros_ur_driver/build) by extensions ['ignore', 'ignore_ament_install']
[0.618s] Level 1:colcon.colcon_core.package_identification:_identify(workspace/ros_ur_driver/build) by extension 'ignore'
[0.618s] Level 1:colcon.colcon_core.package_identification:_identify(workspace/ros_ur_driver/build) ignored
[0.618s] Level 1:colcon.colcon_core.package_identification:_identify(workspace/ros_ur_driver/install) by extensions ['ignore', 'ignore_ament_install']
[0.618s] Level 1:colcon.colcon_core.package_identification:_identify(workspace/ros_ur_driver/install) by extension 'ignore'
[0.618s] Level 1:colcon.colcon_core.package_identification:_identify(workspace/ros_ur_driver/install) ignored
[0.619s] Level 1:colcon.colcon_core.package_identification:_identify(workspace/ros_ur_driver/log) by extensions ['ignore', 'ignore_ament_install']
[0.619s] Level 1:colcon.colcon_core.package_identification:_identify(workspace/ros_ur_driver/log) by extension 'ignore'
[0.619s] Level 1:colcon.colcon_core.package_identification:_identify(workspace/ros_ur_driver/log) ignored
[0.619s] Level 1:colcon.colcon_core.package_identification:_identify(workspace/ros_ur_driver/src) by extensions ['ignore', 'ignore_ament_install']
[0.619s] Level 1:colcon.colcon_core.package_identification:_identify(workspace/ros_ur_driver/src) by extension 'ignore'
[0.619s] Level 1:colcon.colcon_core.package_identification:_identify(workspace/ros_ur_driver/src) by extension 'ignore_ament_install'
[0.619s] Level 1:colcon.colcon_core.package_identification:_identify(workspace/ros_ur_driver/src) by extensions ['colcon_pkg']
[0.619s] Level 1:colcon.colcon_core.package_identification:_identify(workspace/ros_ur_driver/src) by extension 'colcon_pkg'
[0.619s] Level 1:colcon.colcon_core.package_identification:_identify(workspace/ros_ur_driver/src) by extensions ['colcon_meta']
[0.619s] Level 1:colcon.colcon_core.package_identification:_identify(workspace/ros_ur_driver/src) by extension 'colcon_meta'
[0.619s] Level 1:colcon.colcon_core.package_identification:_identify(workspace/ros_ur_driver/src) by extensions ['ros']
[0.619s] Level 1:colcon.colcon_core.package_identification:_identify(workspace/ros_ur_driver/src) by extension 'ros'
[0.620s] Level 1:colcon.colcon_core.package_identification:_identify(workspace/ros_ur_driver/src) by extensions ['cmake', 'python']
[0.620s] Level 1:colcon.colcon_core.package_identification:_identify(workspace/ros_ur_driver/src) by extension 'cmake'
[0.620s] Level 1:colcon.colcon_core.package_identification:_identify(workspace/ros_ur_driver/src) by extension 'python'
[0.620s] Level 1:colcon.colcon_core.package_identification:_identify(workspace/ros_ur_driver/src) by extensions ['python_setup_py']
[0.620s] Level 1:colcon.colcon_core.package_identification:_identify(workspace/ros_ur_driver/src) by extension 'python_setup_py'
[0.620s] Level 1:colcon.colcon_core.package_identification:_identify(workspace/ros_ur_driver/src/Universal_Robots_ROS2_Description) by extensions ['ignore', 'ignore_ament_install']
[0.620s] Level 1:colcon.colcon_core.package_identification:_identify(workspace/ros_ur_driver/src/Universal_Robots_ROS2_Description) by extension 'ignore'
[0.620s] Level 1:colcon.colcon_core.package_identification:_identify(workspace/ros_ur_driver/src/Universal_Robots_ROS2_Description) by extension 'ignore_ament_install'
[0.620s] Level 1:colcon.colcon_core.package_identification:_identify(workspace/ros_ur_driver/src/Universal_Robots_ROS2_Description) by extensions ['colcon_pkg']
[0.620s] Level 1:colcon.colcon_core.package_identification:_identify(workspace/ros_ur_driver/src/Universal_Robots_ROS2_Description) by extension 'colcon_pkg'
[0.620s] Level 1:colcon.colcon_core.package_identification:_identify(workspace/ros_ur_driver/src/Universal_Robots_ROS2_Description) by extensions ['colcon_meta']
[0.620s] Level 1:colcon.colcon_core.package_identification:_identify(workspace/ros_ur_driver/src/Universal_Robots_ROS2_Description) by extension 'colcon_meta'
[0.620s] Level 1:colcon.colcon_core.package_identification:_identify(workspace/ros_ur_driver/src/Universal_Robots_ROS2_Description) by extensions ['ros']
[0.620s] Level 1:colcon.colcon_core.package_identification:_identify(workspace/ros_ur_driver/src/Universal_Robots_ROS2_Description) by extension 'ros'
[0.641s] DEBUG:colcon.colcon_core.package_identification:Package 'workspace/ros_ur_driver/src/Universal_Robots_ROS2_Description' with type 'ros.ament_cmake' and name 'ur_description'
[0.642s] Level 1:colcon.colcon_core.package_identification:_identify(workspace/ros_ur_driver/src/Universal_Robots_ROS2_Driver) by extensions ['ignore', 'ignore_ament_install']
[0.642s] Level 1:colcon.colcon_core.package_identification:_identify(workspace/ros_ur_driver/src/Universal_Robots_ROS2_Driver) by extension 'ignore'
[0.643s] Level 1:colcon.colcon_core.package_identification:_identify(workspace/ros_ur_driver/src/Universal_Robots_ROS2_Driver) by extension 'ignore_ament_install'
[0.643s] Level 1:colcon.colcon_core.package_identification:_identify(workspace/ros_ur_driver/src/Universal_Robots_ROS2_Driver) by extensions ['colcon_pkg']
[0.643s] Level 1:colcon.colcon_core.package_identification:_identify(workspace/ros_ur_driver/src/Universal_Robots_ROS2_Driver) by extension 'colcon_pkg'
[0.643s] Level 1:colcon.colcon_core.package_identification:_identify(workspace/ros_ur_driver/src/Universal_Robots_ROS2_Driver) by extensions ['colcon_meta']
[0.643s] Level 1:colcon.colcon_core.package_identification:_identify(workspace/ros_ur_driver/src/Universal_Robots_ROS2_Driver) by extension 'colcon_meta'
[0.643s] Level 1:colcon.colcon_core.package_identification:_identify(workspace/ros_ur_driver/src/Universal_Robots_ROS2_Driver) by extensions ['ros']
[0.643s] Level 1:colcon.colcon_core.package_identification:_identify(workspace/ros_ur_driver/src/Universal_Robots_ROS2_Driver) by extension 'ros'
[0.644s] Level 1:colcon.colcon_core.package_identification:_identify(workspace/ros_ur_driver/src/Universal_Robots_ROS2_Driver) by extensions ['cmake', 'python']
[0.644s] Level 1:colcon.colcon_core.package_identification:_identify(workspace/ros_ur_driver/src/Universal_Robots_ROS2_Driver) by extension 'cmake'
[0.644s] Level 1:colcon.colcon_core.package_identification:_identify(workspace/ros_ur_driver/src/Universal_Robots_ROS2_Driver) by extension 'python'
[0.644s] Level 1:colcon.colcon_core.package_identification:_identify(workspace/ros_ur_driver/src/Universal_Robots_ROS2_Driver) by extensions ['python_setup_py']
[0.644s] Level 1:colcon.colcon_core.package_identification:_identify(workspace/ros_ur_driver/src/Universal_Robots_ROS2_Driver) by extension 'python_setup_py'
[0.644s] Level 1:colcon.colcon_core.package_identification:_identify(workspace/ros_ur_driver/src/Universal_Robots_ROS2_Driver/ur) by extensions ['ignore', 'ignore_ament_install']
[0.644s] Level 1:colcon.colcon_core.package_identification:_identify(workspace/ros_ur_driver/src/Universal_Robots_ROS2_Driver/ur) by extension 'ignore'
[0.645s] Level 1:colcon.colcon_core.package_identification:_identify(workspace/ros_ur_driver/src/Universal_Robots_ROS2_Driver/ur) by extension 'ignore_ament_install'
[0.645s] Level 1:colcon.colcon_core.package_identification:_identify(workspace/ros_ur_driver/src/Universal_Robots_ROS2_Driver/ur) by extensions ['colcon_pkg']
[0.645s] Level 1:colcon.colcon_core.package_identification:_identify(workspace/ros_ur_driver/src/Universal_Robots_ROS2_Driver/ur) by extension 'colcon_pkg'
[0.645s] Level 1:colcon.colcon_core.package_identification:_identify(workspace/ros_ur_driver/src/Universal_Robots_ROS2_Driver/ur) by extensions ['colcon_meta']
[0.645s] Level 1:colcon.colcon_core.package_identification:_identify(workspace/ros_ur_driver/src/Universal_Robots_ROS2_Driver/ur) by extension 'colcon_meta'
[0.646s] Level 1:colcon.colcon_core.package_identification:_identify(workspace/ros_ur_driver/src/Universal_Robots_ROS2_Driver/ur) by extensions ['ros']
[0.646s] Level 1:colcon.colcon_core.package_identification:_identify(workspace/ros_ur_driver/src/Universal_Robots_ROS2_Driver/ur) by extension 'ros'
[0.646s] DEBUG:colcon.colcon_core.package_identification:Package 'workspace/ros_ur_driver/src/Universal_Robots_ROS2_Driver/ur' with type 'ros.ament_cmake' and name 'ur'
[0.647s] Level 1:colcon.colcon_core.package_identification:_identify(workspace/ros_ur_driver/src/Universal_Robots_ROS2_Driver/ur_bringup) by extensions ['ignore', 'ignore_ament_install']
[0.647s] Level 1:colcon.colcon_core.package_identification:_identify(workspace/ros_ur_driver/src/Universal_Robots_ROS2_Driver/ur_bringup) by extension 'ignore'
[0.647s] Level 1:colcon.colcon_core.package_identification:_identify(workspace/ros_ur_driver/src/Universal_Robots_ROS2_Driver/ur_bringup) by extension 'ignore_ament_install'
[0.647s] Level 1:colcon.colcon_core.package_identification:_identify(workspace/ros_ur_driver/src/Universal_Robots_ROS2_Driver/ur_bringup) by extensions ['colcon_pkg']
[0.647s] Level 1:colcon.colcon_core.package_identification:_identify(workspace/ros_ur_driver/src/Universal_Robots_ROS2_Driver/ur_bringup) by extension 'colcon_pkg'
[0.647s] Level 1:colcon.colcon_core.package_identification:_identify(workspace/ros_ur_driver/src/Universal_Robots_ROS2_Driver/ur_bringup) by extensions ['colcon_meta']
[0.647s] Level 1:colcon.colcon_core.package_identification:_identify(workspace/ros_ur_driver/src/Universal_Robots_ROS2_Driver/ur_bringup) by extension 'colcon_meta'
[0.647s] Level 1:colcon.colcon_core.package_identification:_identify(workspace/ros_ur_driver/src/Universal_Robots_ROS2_Driver/ur_bringup) by extensions ['ros']
[0.647s] Level 1:colcon.colcon_core.package_identification:_identify(workspace/ros_ur_driver/src/Universal_Robots_ROS2_Driver/ur_bringup) by extension 'ros'
[0.648s] DEBUG:colcon.colcon_core.package_identification:Package 'workspace/ros_ur_driver/src/Universal_Robots_ROS2_Driver/ur_bringup' with type 'ros.ament_cmake' and name 'ur_bringup'
[0.649s] Level 1:colcon.colcon_core.package_identification:_identify(workspace/ros_ur_driver/src/Universal_Robots_ROS2_Driver/ur_calibration) by extensions ['ignore', 'ignore_ament_install']
[0.649s] Level 1:colcon.colcon_core.package_identification:_identify(workspace/ros_ur_driver/src/Universal_Robots_ROS2_Driver/ur_calibration) by extension 'ignore'
[0.649s] Level 1:colcon.colcon_core.package_identification:_identify(workspace/ros_ur_driver/src/Universal_Robots_ROS2_Driver/ur_calibration) by extension 'ignore_ament_install'
[0.649s] Level 1:colcon.colcon_core.package_identification:_identify(workspace/ros_ur_driver/src/Universal_Robots_ROS2_Driver/ur_calibration) by extensions ['colcon_pkg']
[0.649s] Level 1:colcon.colcon_core.package_identification:_identify(workspace/ros_ur_driver/src/Universal_Robots_ROS2_Driver/ur_calibration) by extension 'colcon_pkg'
[0.649s] Level 1:colcon.colcon_core.package_identification:_identify(workspace/ros_ur_driver/src/Universal_Robots_ROS2_Driver/ur_calibration) by extensions ['colcon_meta']
[0.649s] Level 1:colcon.colcon_core.package_identification:_identify(workspace/ros_ur_driver/src/Universal_Robots_ROS2_Driver/ur_calibration) by extension 'colcon_meta'
[0.649s] Level 1:colcon.colcon_core.package_identification:_identify(workspace/ros_ur_driver/src/Universal_Robots_ROS2_Driver/ur_calibration) by extensions ['ros']
[0.649s] Level 1:colcon.colcon_core.package_identification:_identify(workspace/ros_ur_driver/src/Universal_Robots_ROS2_Driver/ur_calibration) by extension 'ros'
[0.650s] DEBUG:colcon.colcon_core.package_identification:Package 'workspace/ros_ur_driver/src/Universal_Robots_ROS2_Driver/ur_calibration' with type 'ros.ament_cmake' and name 'ur_calibration'
[0.652s] Level 1:colcon.colcon_core.package_identification:_identify(workspace/ros_ur_driver/src/Universal_Robots_ROS2_Driver/ur_controllers) by extensions ['ignore', 'ignore_ament_install']
[0.652s] Level 1:colcon.colcon_core.package_identification:_identify(workspace/ros_ur_driver/src/Universal_Robots_ROS2_Driver/ur_controllers) by extension 'ignore'
[0.652s] Level 1:colcon.colcon_core.package_identification:_identify(workspace/ros_ur_driver/src/Universal_Robots_ROS2_Driver/ur_controllers) by extension 'ignore_ament_install'
[0.652s] Level 1:colcon.colcon_core.package_identification:_identify(workspace/ros_ur_driver/src/Universal_Robots_ROS2_Driver/ur_controllers) by extensions ['colcon_pkg']
[0.652s] Level 1:colcon.colcon_core.package_identification:_identify(workspace/ros_ur_driver/src/Universal_Robots_ROS2_Driver/ur_controllers) by extension 'colcon_pkg'
[0.656s] Level 1:colcon.colcon_core.package_identification:_identify(workspace/ros_ur_driver/src/Universal_Robots_ROS2_Driver/ur_controllers) by extensions ['colcon_meta']
[0.656s] Level 1:colcon.colcon_core.package_identification:_identify(workspace/ros_ur_driver/src/Universal_Robots_ROS2_Driver/ur_controllers) by extension 'colcon_meta'
[0.656s] Level 1:colcon.colcon_core.package_identification:_identify(workspace/ros_ur_driver/src/Universal_Robots_ROS2_Driver/ur_controllers) by extensions ['ros']
[0.656s] Level 1:colcon.colcon_core.package_identification:_identify(workspace/ros_ur_driver/src/Universal_Robots_ROS2_Driver/ur_controllers) by extension 'ros'
[0.658s] DEBUG:colcon.colcon_core.package_identification:Package 'workspace/ros_ur_driver/src/Universal_Robots_ROS2_Driver/ur_controllers' with type 'ros.ament_cmake' and name 'ur_controllers'
[0.658s] Level 1:colcon.colcon_core.package_identification:_identify(workspace/ros_ur_driver/src/Universal_Robots_ROS2_Driver/ur_dashboard_msgs) by extensions ['ignore', 'ignore_ament_install']
[0.659s] Level 1:colcon.colcon_core.package_identification:_identify(workspace/ros_ur_driver/src/Universal_Robots_ROS2_Driver/ur_dashboard_msgs) by extension 'ignore'
[0.659s] Level 1:colcon.colcon_core.package_identification:_identify(workspace/ros_ur_driver/src/Universal_Robots_ROS2_Driver/ur_dashboard_msgs) by extension 'ignore_ament_install'
[0.659s] Level 1:colcon.colcon_core.package_identification:_identify(workspace/ros_ur_driver/src/Universal_Robots_ROS2_Driver/ur_dashboard_msgs) by extensions ['colcon_pkg']
[0.659s] Level 1:colcon.colcon_core.package_identification:_identify(workspace/ros_ur_driver/src/Universal_Robots_ROS2_Driver/ur_dashboard_msgs) by extension 'colcon_pkg'
[0.659s] Level 1:colcon.colcon_core.package_identification:_identify(workspace/ros_ur_driver/src/Universal_Robots_ROS2_Driver/ur_dashboard_msgs) by extensions ['colcon_meta']
[0.659s] Level 1:colcon.colcon_core.package_identification:_identify(workspace/ros_ur_driver/src/Universal_Robots_ROS2_Driver/ur_dashboard_msgs) by extension 'colcon_meta'
[0.659s] Level 1:colcon.colcon_core.package_identification:_identify(workspace/ros_ur_driver/src/Universal_Robots_ROS2_Driver/ur_dashboard_msgs) by extensions ['ros']
[0.659s] Level 1:colcon.colcon_core.package_identification:_identify(workspace/ros_ur_driver/src/Universal_Robots_ROS2_Driver/ur_dashboard_msgs) by extension 'ros'
[0.660s] DEBUG:colcon.colcon_core.package_identification:Package 'workspace/ros_ur_driver/src/Universal_Robots_ROS2_Driver/ur_dashboard_msgs' with type 'ros.ament_cmake' and name 'ur_dashboard_msgs'
[0.660s] Level 1:colcon.colcon_core.package_identification:_identify(workspace/ros_ur_driver/src/Universal_Robots_ROS2_Driver/ur_moveit_config) by extensions ['ignore', 'ignore_ament_install']
[0.660s] Level 1:colcon.colcon_core.package_identification:_identify(workspace/ros_ur_driver/src/Universal_Robots_ROS2_Driver/ur_moveit_config) by extension 'ignore'
[0.660s] Level 1:colcon.colcon_core.package_identification:_identify(workspace/ros_ur_driver/src/Universal_Robots_ROS2_Driver/ur_moveit_config) by extension 'ignore_ament_install'
[0.660s] Level 1:colcon.colcon_core.package_identification:_identify(workspace/ros_ur_driver/src/Universal_Robots_ROS2_Driver/ur_moveit_config) by extensions ['colcon_pkg']
[0.660s] Level 1:colcon.colcon_core.package_identification:_identify(workspace/ros_ur_driver/src/Universal_Robots_ROS2_Driver/ur_moveit_config) by extension 'colcon_pkg'
[0.660s] Level 1:colcon.colcon_core.package_identification:_identify(workspace/ros_ur_driver/src/Universal_Robots_ROS2_Driver/ur_moveit_config) by extensions ['colcon_meta']
[0.660s] Level 1:colcon.colcon_core.package_identification:_identify(workspace/ros_ur_driver/src/Universal_Robots_ROS2_Driver/ur_moveit_config) by extension 'colcon_meta'
[0.661s] Level 1:colcon.colcon_core.package_identification:_identify(workspace/ros_ur_driver/src/Universal_Robots_ROS2_Driver/ur_moveit_config) by extensions ['ros']
[0.661s] Level 1:colcon.colcon_core.package_identification:_identify(workspace/ros_ur_driver/src/Universal_Robots_ROS2_Driver/ur_moveit_config) by extension 'ros'
[0.661s] DEBUG:colcon.colcon_core.package_identification:Package 'workspace/ros_ur_driver/src/Universal_Robots_ROS2_Driver/ur_moveit_config' with type 'ros.ament_cmake' and name 'ur_moveit_config'
[0.661s] Level 1:colcon.colcon_core.package_identification:_identify(workspace/ros_ur_driver/src/Universal_Robots_ROS2_Driver/ur_robot_driver) by extensions ['ignore', 'ignore_ament_install']
[0.662s] Level 1:colcon.colcon_core.package_identification:_identify(workspace/ros_ur_driver/src/Universal_Robots_ROS2_Driver/ur_robot_driver) by extension 'ignore'
[0.662s] Level 1:colcon.colcon_core.package_identification:_identify(workspace/ros_ur_driver/src/Universal_Robots_ROS2_Driver/ur_robot_driver) by extension 'ignore_ament_install'
[0.662s] Level 1:colcon.colcon_core.package_identification:_identify(workspace/ros_ur_driver/src/Universal_Robots_ROS2_Driver/ur_robot_driver) by extensions ['colcon_pkg']
[0.662s] Level 1:colcon.colcon_core.package_identification:_identify(workspace/ros_ur_driver/src/Universal_Robots_ROS2_Driver/ur_robot_driver) by extension 'colcon_pkg'
[0.662s] Level 1:colcon.colcon_core.package_identification:_identify(workspace/ros_ur_driver/src/Universal_Robots_ROS2_Driver/ur_robot_driver) by extensions ['colcon_meta']
[0.662s] Level 1:colcon.colcon_core.package_identification:_identify(workspace/ros_ur_driver/src/Universal_Robots_ROS2_Driver/ur_robot_driver) by extension 'colcon_meta'
[0.662s] Level 1:colcon.colcon_core.package_identification:_identify(workspace/ros_ur_driver/src/Universal_Robots_ROS2_Driver/ur_robot_driver) by extensions ['ros']
[0.662s] Level 1:colcon.colcon_core.package_identification:_identify(workspace/ros_ur_driver/src/Universal_Robots_ROS2_Driver/ur_robot_driver) by extension 'ros'
[0.665s] DEBUG:colcon.colcon_core.package_identification:Package 'workspace/ros_ur_driver/src/Universal_Robots_ROS2_Driver/ur_robot_driver' with type 'ros.ament_cmake' and name 'ur_robot_driver'
[0.665s] Level 1:colcon.colcon_core.package_identification:_identify(workspace/ros_ur_driver/src/build) by extensions ['ignore', 'ignore_ament_install']
[0.665s] Level 1:colcon.colcon_core.package_identification:_identify(workspace/ros_ur_driver/src/build) by extension 'ignore'
[0.665s] Level 1:colcon.colcon_core.package_identification:_identify(workspace/ros_ur_driver/src/build) by extension 'ignore_ament_install'
[0.665s] Level 1:colcon.colcon_core.package_identification:_identify(workspace/ros_ur_driver/src/build) by extensions ['colcon_pkg']
[0.665s] Level 1:colcon.colcon_core.package_identification:_identify(workspace/ros_ur_driver/src/build) by extension 'colcon_pkg'
[0.665s] Level 1:colcon.colcon_core.package_identification:_identify(workspace/ros_ur_driver/src/build) by extensions ['colcon_meta']
[0.665s] Level 1:colcon.colcon_core.package_identification:_identify(workspace/ros_ur_driver/src/build) by extension 'colcon_meta'
[0.666s] Level 1:colcon.colcon_core.package_identification:_identify(workspace/ros_ur_driver/src/build) by extensions ['ros']
[0.666s] Level 1:colcon.colcon_core.package_identification:_identify(workspace/ros_ur_driver/src/build) by extension 'ros'
[0.666s] Level 1:colcon.colcon_core.package_identification:_identify(workspace/ros_ur_driver/src/build) by extensions ['cmake', 'python']
[0.666s] Level 1:colcon.colcon_core.package_identification:_identify(workspace/ros_ur_driver/src/build) by extension 'cmake'
[0.666s] Level 1:colcon.colcon_core.package_identification:_identify(workspace/ros_ur_driver/src/build) by extension 'python'
[0.666s] Level 1:colcon.colcon_core.package_identification:_identify(workspace/ros_ur_driver/src/build) by extensions ['python_setup_py']
[0.666s] Level 1:colcon.colcon_core.package_identification:_identify(workspace/ros_ur_driver/src/build) by extension 'python_setup_py'
[0.666s] Level 1:colcon.colcon_core.package_identification:_identify(workspace/ros_ur_driver/src/build/ur) by extensions ['ignore', 'ignore_ament_install']
[0.688s] Level 1:colcon.colcon_core.package_identification:_identify(workspace/ros_ur_driver/src/build/ur) by extension 'ignore'
[0.688s] Level 1:colcon.colcon_core.package_identification:_identify(workspace/ros_ur_driver/src/build/ur) by extension 'ignore_ament_install'
[0.689s] Level 1:colcon.colcon_core.package_identification:_identify(workspace/ros_ur_driver/src/build/ur) by extensions ['colcon_pkg']
[0.689s] Level 1:colcon.colcon_core.package_identification:_identify(workspace/ros_ur_driver/src/build/ur) by extension 'colcon_pkg'
[0.689s] Level 1:colcon.colcon_core.package_identification:_identify(workspace/ros_ur_driver/src/build/ur) by extensions ['colcon_meta']
[0.689s] Level 1:colcon.colcon_core.package_identification:_identify(workspace/ros_ur_driver/src/build/ur) by extension 'colcon_meta'
[0.689s] Level 1:colcon.colcon_core.package_identification:_identify(workspace/ros_ur_driver/src/build/ur) by extensions ['ros']
[0.689s] Level 1:colcon.colcon_core.package_identification:_identify(workspace/ros_ur_driver/src/build/ur) by extension 'ros'
[0.689s] Level 1:colcon.colcon_core.package_identification:_identify(workspace/ros_ur_driver/src/build/ur) by extensions ['cmake', 'python']
[0.689s] Level 1:colcon.colcon_core.package_identification:_identify(workspace/ros_ur_driver/src/build/ur) by extension 'cmake'
[0.689s] Level 1:colcon.colcon_core.package_identification:_identify(workspace/ros_ur_driver/src/build/ur) by extension 'python'
[0.690s] Level 1:colcon.colcon_core.package_identification:_identify(workspace/ros_ur_driver/src/build/ur) by extensions ['python_setup_py']
[0.690s] Level 1:colcon.colcon_core.package_identification:_identify(workspace/ros_ur_driver/src/build/ur) by extension 'python_setup_py'
[0.691s] Level 1:colcon.colcon_core.package_identification:_identify(workspace/ros_ur_driver/src/build/ur/CMakeFiles) by extensions ['ignore', 'ignore_ament_install']
[0.691s] Level 1:colcon.colcon_core.package_identification:_identify(workspace/ros_ur_driver/src/build/ur/CMakeFiles) by extension 'ignore'
[0.691s] Level 1:colcon.colcon_core.package_identification:_identify(workspace/ros_ur_driver/src/build/ur/CMakeFiles) by extension 'ignore_ament_install'
[0.691s] Level 1:colcon.colcon_core.package_identification:_identify(workspace/ros_ur_driver/src/build/ur/CMakeFiles) by extensions ['colcon_pkg']
[0.691s] Level 1:colcon.colcon_core.package_identification:_identify(workspace/ros_ur_driver/src/build/ur/CMakeFiles) by extension 'colcon_pkg'
[0.691s] Level 1:colcon.colcon_core.package_identification:_identify(workspace/ros_ur_driver/src/build/ur/CMakeFiles) by extensions ['colcon_meta']
[0.691s] Level 1:colcon.colcon_core.package_identification:_identify(workspace/ros_ur_driver/src/build/ur/CMakeFiles) by extension 'colcon_meta'
[0.691s] Level 1:colcon.colcon_core.package_identification:_identify(workspace/ros_ur_driver/src/build/ur/CMakeFiles) by extensions ['ros']
[0.691s] Level 1:colcon.colcon_core.package_identification:_identify(workspace/ros_ur_driver/src/build/ur/CMakeFiles) by extension 'ros'
[0.691s] Level 1:colcon.colcon_core.package_identification:_identify(workspace/ros_ur_driver/src/build/ur/CMakeFiles) by extensions ['cmake', 'python']
[0.691s] Level 1:colcon.colcon_core.package_identification:_identify(workspace/ros_ur_driver/src/build/ur/CMakeFiles) by extension 'cmake'
[0.692s] Level 1:colcon.colcon_core.package_identification:_identify(workspace/ros_ur_driver/src/build/ur/CMakeFiles) by extension 'python'
[0.692s] Level 1:colcon.colcon_core.package_identification:_identify(workspace/ros_ur_driver/src/build/ur/CMakeFiles) by extensions ['python_setup_py']
[0.692s] Level 1:colcon.colcon_core.package_identification:_identify(workspace/ros_ur_driver/src/build/ur/CMakeFiles) by extension 'python_setup_py'
[0.692s] Level 1:colcon.colcon_core.package_identification:_identify(workspace/ros_ur_driver/src/build/ur/CMakeFiles/3.22.1) by extensions ['ignore', 'ignore_ament_install']
[0.692s] Level 1:colcon.colcon_core.package_identification:_identify(workspace/ros_ur_driver/src/build/ur/CMakeFiles/3.22.1) by extension 'ignore'
[0.692s] Level 1:colcon.colcon_core.package_identification:_identify(workspace/ros_ur_driver/src/build/ur/CMakeFiles/3.22.1) by extension 'ignore_ament_install'
[0.692s] Level 1:colcon.colcon_core.package_identification:_identify(workspace/ros_ur_driver/src/build/ur/CMakeFiles/3.22.1) by extensions ['colcon_pkg']
[0.692s] Level 1:colcon.colcon_core.package_identification:_identify(workspace/ros_ur_driver/src/build/ur/CMakeFiles/3.22.1) by extension 'colcon_pkg'
[0.692s] Level 1:colcon.colcon_core.package_identification:_identify(workspace/ros_ur_driver/src/build/ur/CMakeFiles/3.22.1) by extensions ['colcon_meta']
[0.692s] Level 1:colcon.colcon_core.package_identification:_identify(workspace/ros_ur_driver/src/build/ur/CMakeFiles/3.22.1) by extension 'colcon_meta'
[0.693s] Level 1:colcon.colcon_core.package_identification:_identify(workspace/ros_ur_driver/src/build/ur/CMakeFiles/3.22.1) by extensions ['ros']
[0.693s] Level 1:colcon.colcon_core.package_identification:_identify(workspace/ros_ur_driver/src/build/ur/CMakeFiles/3.22.1) by extension 'ros'
[0.693s] Level 1:colcon.colcon_core.package_identification:_identify(workspace/ros_ur_driver/src/build/ur/CMakeFiles/3.22.1) by extensions ['cmake', 'python']
[0.693s] Level 1:colcon.colcon_core.package_identification:_identify(workspace/ros_ur_driver/src/build/ur/CMakeFiles/3.22.1) by extension 'cmake'
[0.693s] Level 1:colcon.colcon_core.package_identification:_identify(workspace/ros_ur_driver/src/build/ur/CMakeFiles/3.22.1) by extension 'python'
[0.693s] Level 1:colcon.colcon_core.package_identification:_identify(workspace/ros_ur_driver/src/build/ur/CMakeFiles/3.22.1) by extensions ['python_setup_py']
[0.693s] Level 1:colcon.colcon_core.package_identification:_identify(workspace/ros_ur_driver/src/build/ur/CMakeFiles/3.22.1) by extension 'python_setup_py'
[0.693s] Level 1:colcon.colcon_core.package_identification:_identify(workspace/ros_ur_driver/src/build/ur/CMakeFiles/3.22.1/CompilerIdC) by extensions ['ignore', 'ignore_ament_install']
[0.694s] Level 1:colcon.colcon_core.package_identification:_identify(workspace/ros_ur_driver/src/build/ur/CMakeFiles/3.22.1/CompilerIdC) by extension 'ignore'
[0.694s] Level 1:colcon.colcon_core.package_identification:_identify(workspace/ros_ur_driver/src/build/ur/CMakeFiles/3.22.1/CompilerIdC) by extension 'ignore_ament_install'
[0.694s] Level 1:colcon.colcon_core.package_identification:_identify(workspace/ros_ur_driver/src/build/ur/CMakeFiles/3.22.1/CompilerIdC) by extensions ['colcon_pkg']
[0.694s] Level 1:colcon.colcon_core.package_identification:_identify(workspace/ros_ur_driver/src/build/ur/CMakeFiles/3.22.1/CompilerIdC) by extension 'colcon_pkg'
[0.694s] Level 1:colcon.colcon_core.package_identification:_identify(workspace/ros_ur_driver/src/build/ur/CMakeFiles/3.22.1/CompilerIdC) by extensions ['colcon_meta']
[0.694s] Level 1:colcon.colcon_core.package_identification:_identify(workspace/ros_ur_driver/src/build/ur/CMakeFiles/3.22.1/CompilerIdC) by extension 'colcon_meta'
[0.694s] Level 1:colcon.colcon_core.package_identification:_identify(workspace/ros_ur_driver/src/build/ur/CMakeFiles/3.22.1/CompilerIdC) by extensions ['ros']
[0.694s] Level 1:colcon.colcon_core.package_identification:_identify(workspace/ros_ur_driver/src/build/ur/CMakeFiles/3.22.1/CompilerIdC) by extension 'ros'
[0.694s] Level 1:colcon.colcon_core.package_identification:_identify(workspace/ros_ur_driver/src/build/ur/CMakeFiles/3.22.1/CompilerIdC) by extensions ['cmake', 'python']
[0.694s] Level 1:colcon.colcon_core.package_identification:_identify(workspace/ros_ur_driver/src/build/ur/CMakeFiles/3.22.1/CompilerIdC) by extension 'cmake'
[0.694s] Level 1:colcon.colcon_core.package_identification:_identify(workspace/ros_ur_driver/src/build/ur/CMakeFiles/3.22.1/CompilerIdC) by extension 'python'
[0.694s] Level 1:colcon.colcon_core.package_identification:_identify(workspace/ros_ur_driver/src/build/ur/CMakeFiles/3.22.1/CompilerIdC) by extensions ['python_setup_py']
[0.694s] Level 1:colcon.colcon_core.package_identification:_identify(workspace/ros_ur_driver/src/build/ur/CMakeFiles/3.22.1/CompilerIdC) by extension 'python_setup_py'
[0.694s] Level 1:colcon.colcon_core.package_identification:_identify(workspace/ros_ur_driver/src/build/ur/CMakeFiles/3.22.1/CompilerIdC/tmp) by extensions ['ignore', 'ignore_ament_install']
[0.695s] Level 1:colcon.colcon_core.package_identification:_identify(workspace/ros_ur_driver/src/build/ur/CMakeFiles/3.22.1/CompilerIdC/tmp) by extension 'ignore'
[0.695s] Level 1:colcon.colcon_core.package_identification:_identify(workspace/ros_ur_driver/src/build/ur/CMakeFiles/3.22.1/CompilerIdC/tmp) by extension 'ignore_ament_install'
[0.695s] Level 1:colcon.colcon_core.package_identification:_identify(workspace/ros_ur_driver/src/build/ur/CMakeFiles/3.22.1/CompilerIdC/tmp) by extensions ['colcon_pkg']
[0.695s] Level 1:colcon.colcon_core.package_identification:_identify(workspace/ros_ur_driver/src/build/ur/CMakeFiles/3.22.1/CompilerIdC/tmp) by extension 'colcon_pkg'
[0.695s] Level 1:colcon.colcon_core.package_identification:_identify(workspace/ros_ur_driver/src/build/ur/CMakeFiles/3.22.1/CompilerIdC/tmp) by extensions ['colcon_meta']
[0.695s] Level 1:colcon.colcon_core.package_identification:_identify(workspace/ros_ur_driver/src/build/ur/CMakeFiles/3.22.1/CompilerIdC/tmp) by extension 'colcon_meta'
[0.695s] Level 1:colcon.colcon_core.package_identification:_identify(workspace/ros_ur_driver/src/build/ur/CMakeFiles/3.22.1/CompilerIdC/tmp) by extensions ['ros']
[0.695s] Level 1:colcon.colcon_core.package_identification:_identify(workspace/ros_ur_driver/src/build/ur/CMakeFiles/3.22.1/CompilerIdC/tmp) by extension 'ros'
[0.695s] Level 1:colcon.colcon_core.package_identification:_identify(workspace/ros_ur_driver/src/build/ur/CMakeFiles/3.22.1/CompilerIdC/tmp) by extensions ['cmake', 'python']
[0.695s] Level 1:colcon.colcon_core.package_identification:_identify(workspace/ros_ur_driver/src/build/ur/CMakeFiles/3.22.1/CompilerIdC/tmp) by extension 'cmake'
[0.695s] Level 1:colcon.colcon_core.package_identification:_identify(workspace/ros_ur_driver/src/build/ur/CMakeFiles/3.22.1/CompilerIdC/tmp) by extension 'python'
[0.695s] Level 1:colcon.colcon_core.package_identification:_identify(workspace/ros_ur_driver/src/build/ur/CMakeFiles/3.22.1/CompilerIdC/tmp) by extensions ['python_setup_py']
[0.695s] Level 1:colcon.colcon_core.package_identification:_identify(workspace/ros_ur_driver/src/build/ur/CMakeFiles/3.22.1/CompilerIdC/tmp) by extension 'python_setup_py'
[0.695s] Level 1:colcon.colcon_core.package_identification:_identify(workspace/ros_ur_driver/src/build/ur/CMakeFiles/3.22.1/CompilerIdCXX) by extensions ['ignore', 'ignore_ament_install']
[0.696s] Level 1:colcon.colcon_core.package_identification:_identify(workspace/ros_ur_driver/src/build/ur/CMakeFiles/3.22.1/CompilerIdCXX) by extension 'ignore'
[0.696s] Level 1:colcon.colcon_core.package_identification:_identify(workspace/ros_ur_driver/src/build/ur/CMakeFiles/3.22.1/CompilerIdCXX) by extension 'ignore_ament_install'
[0.696s] Level 1:colcon.colcon_core.package_identification:_identify(workspace/ros_ur_driver/src/build/ur/CMakeFiles/3.22.1/CompilerIdCXX) by extensions ['colcon_pkg']
[0.696s] Level 1:colcon.colcon_core.package_identification:_identify(workspace/ros_ur_driver/src/build/ur/CMakeFiles/3.22.1/CompilerIdCXX) by extension 'colcon_pkg'
[0.696s] Level 1:colcon.colcon_core.package_identification:_identify(workspace/ros_ur_driver/src/build/ur/CMakeFiles/3.22.1/CompilerIdCXX) by extensions ['colcon_meta']
[0.696s] Level 1:colcon.colcon_core.package_identification:_identify(workspace/ros_ur_driver/src/build/ur/CMakeFiles/3.22.1/CompilerIdCXX) by extension 'colcon_meta'
[0.696s] Level 1:colcon.colcon_core.package_identification:_identify(workspace/ros_ur_driver/src/build/ur/CMakeFiles/3.22.1/CompilerIdCXX) by extensions ['ros']
[0.696s] Level 1:colcon.colcon_core.package_identification:_identify(workspace/ros_ur_driver/src/build/ur/CMakeFiles/3.22.1/CompilerIdCXX) by extension 'ros'
[0.696s] Level 1:colcon.colcon_core.package_identification:_identify(workspace/ros_ur_driver/src/build/ur/CMakeFiles/3.22.1/CompilerIdCXX) by extensions ['cmake', 'python']
[0.696s] Level 1:colcon.colcon_core.package_identification:_identify(workspace/ros_ur_driver/src/build/ur/CMakeFiles/3.22.1/CompilerIdCXX) by extension 'cmake'
[0.696s] Level 1:colcon.colcon_core.package_identification:_identify(workspace/ros_ur_driver/src/build/ur/CMakeFiles/3.22.1/CompilerIdCXX) by extension 'python'
[0.696s] Level 1:colcon.colcon_core.package_identification:_identify(workspace/ros_ur_driver/src/build/ur/CMakeFiles/3.22.1/CompilerIdCXX) by extensions ['python_setup_py']
[0.696s] Level 1:colcon.colcon_core.package_identification:_identify(workspace/ros_ur_driver/src/build/ur/CMakeFiles/3.22.1/CompilerIdCXX) by extension 'python_setup_py'
[0.696s] Level 1:colcon.colcon_core.package_identification:_identify(workspace/ros_ur_driver/src/build/ur/CMakeFiles/3.22.1/CompilerIdCXX/tmp) by extensions ['ignore', 'ignore_ament_install']
[0.696s] Level 1:colcon.colcon_core.package_identification:_identify(workspace/ros_ur_driver/src/build/ur/CMakeFiles/3.22.1/CompilerIdCXX/tmp) by extension 'ignore'
[0.697s] Level 1:colcon.colcon_core.package_identification:_identify(workspace/ros_ur_driver/src/build/ur/CMakeFiles/3.22.1/CompilerIdCXX/tmp) by extension 'ignore_ament_install'
[0.697s] Level 1:colcon.colcon_core.package_identification:_identify(workspace/ros_ur_driver/src/build/ur/CMakeFiles/3.22.1/CompilerIdCXX/tmp) by extensions ['colcon_pkg']
[0.697s] Level 1:colcon.colcon_core.package_identification:_identify(workspace/ros_ur_driver/src/build/ur/CMakeFiles/3.22.1/CompilerIdCXX/tmp) by extension 'colcon_pkg'
[0.697s] Level 1:colcon.colcon_core.package_identification:_identify(workspace/ros_ur_driver/src/build/ur/CMakeFiles/3.22.1/CompilerIdCXX/tmp) by extensions ['colcon_meta']
[0.697s] Level 1:colcon.colcon_core.package_identification:_identify(workspace/ros_ur_driver/src/build/ur/CMakeFiles/3.22.1/CompilerIdCXX/tmp) by extension 'colcon_meta'
[0.697s] Level 1:colcon.colcon_core.package_identification:_identify(workspace/ros_ur_driver/src/build/ur/CMakeFiles/3.22.1/CompilerIdCXX/tmp) by extensions ['ros']
[0.697s] Level 1:colcon.colcon_core.package_identification:_identify(workspace/ros_ur_driver/src/build/ur/CMakeFiles/3.22.1/CompilerIdCXX/tmp) by extension 'ros'
[0.697s] Level 1:colcon.colcon_core.package_identification:_identify(workspace/ros_ur_driver/src/build/ur/CMakeFiles/3.22.1/CompilerIdCXX/tmp) by extensions ['cmake', 'python']
[0.697s] Level 1:colcon.colcon_core.package_identification:_identify(workspace/ros_ur_driver/src/build/ur/CMakeFiles/3.22.1/CompilerIdCXX/tmp) by extension 'cmake'
[0.697s] Level 1:colcon.colcon_core.package_identification:_identify(workspace/ros_ur_driver/src/build/ur/CMakeFiles/3.22.1/CompilerIdCXX/tmp) by extension 'python'
[0.697s] Level 1:colcon.colcon_core.package_identification:_identify(workspace/ros_ur_driver/src/build/ur/CMakeFiles/3.22.1/CompilerIdCXX/tmp) by extensions ['python_setup_py']
[0.697s] Level 1:colcon.colcon_core.package_identification:_identify(workspace/ros_ur_driver/src/build/ur/CMakeFiles/3.22.1/CompilerIdCXX/tmp) by extension 'python_setup_py'
[0.697s] Level 1:colcon.colcon_core.package_identification:_identify(workspace/ros_ur_driver/src/build/ur/CMakeFiles/CMakeTmp) by extensions ['ignore', 'ignore_ament_install']
[0.697s] Level 1:colcon.colcon_core.package_identification:_identify(workspace/ros_ur_driver/src/build/ur/CMakeFiles/CMakeTmp) by extension 'ignore'
[0.698s] Level 1:colcon.colcon_core.package_identification:_identify(workspace/ros_ur_driver/src/build/ur/CMakeFiles/CMakeTmp) by extension 'ignore_ament_install'
[0.698s] Level 1:colcon.colcon_core.package_identification:_identify(workspace/ros_ur_driver/src/build/ur/CMakeFiles/CMakeTmp) by extensions ['colcon_pkg']
[0.698s] Level 1:colcon.colcon_core.package_identification:_identify(workspace/ros_ur_driver/src/build/ur/CMakeFiles/CMakeTmp) by extension 'colcon_pkg'
[0.698s] Level 1:colcon.colcon_core.package_identification:_identify(workspace/ros_ur_driver/src/build/ur/CMakeFiles/CMakeTmp) by extensions ['colcon_meta']
[0.698s] Level 1:colcon.colcon_core.package_identification:_identify(workspace/ros_ur_driver/src/build/ur/CMakeFiles/CMakeTmp) by extension 'colcon_meta'
[0.698s] Level 1:colcon.colcon_core.package_identification:_identify(workspace/ros_ur_driver/src/build/ur/CMakeFiles/CMakeTmp) by extensions ['ros']
[0.698s] Level 1:colcon.colcon_core.package_identification:_identify(workspace/ros_ur_driver/src/build/ur/CMakeFiles/CMakeTmp) by extension 'ros'
[0.698s] Level 1:colcon.colcon_core.package_identification:_identify(workspace/ros_ur_driver/src/build/ur/CMakeFiles/CMakeTmp) by extensions ['cmake', 'python']
[0.698s] Level 1:colcon.colcon_core.package_identification:_identify(workspace/ros_ur_driver/src/build/ur/CMakeFiles/CMakeTmp) by extension 'cmake'
[0.698s] Level 1:colcon.colcon_core.package_identification:_identify(workspace/ros_ur_driver/src/build/ur/CMakeFiles/CMakeTmp) by extension 'python'
[0.698s] Level 1:colcon.colcon_core.package_identification:_identify(workspace/ros_ur_driver/src/build/ur/CMakeFiles/CMakeTmp) by extensions ['python_setup_py']
[0.698s] Level 1:colcon.colcon_core.package_identification:_identify(workspace/ros_ur_driver/src/build/ur/CMakeFiles/CMakeTmp) by extension 'python_setup_py'
[0.698s] Level 1:colcon.colcon_core.package_identification:_identify(workspace/ros_ur_driver/src/build/ur/ament_lint_cmake) by extensions ['ignore', 'ignore_ament_install']
[0.698s] Level 1:colcon.colcon_core.package_identification:_identify(workspace/ros_ur_driver/src/build/ur/ament_lint_cmake) by extension 'ignore'
[0.698s] Level 1:colcon.colcon_core.package_identification:_identify(workspace/ros_ur_driver/src/build/ur/ament_lint_cmake) by extension 'ignore_ament_install'
[0.699s] Level 1:colcon.colcon_core.package_identification:_identify(workspace/ros_ur_driver/src/build/ur/ament_lint_cmake) by extensions ['colcon_pkg']
[0.699s] Level 1:colcon.colcon_core.package_identification:_identify(workspace/ros_ur_driver/src/build/ur/ament_lint_cmake) by extension 'colcon_pkg'
[0.699s] Level 1:colcon.colcon_core.package_identification:_identify(workspace/ros_ur_driver/src/build/ur/ament_lint_cmake) by extensions ['colcon_meta']
[0.699s] Level 1:colcon.colcon_core.package_identification:_identify(workspace/ros_ur_driver/src/build/ur/ament_lint_cmake) by extension 'colcon_meta'
[0.699s] Level 1:colcon.colcon_core.package_identification:_identify(workspace/ros_ur_driver/src/build/ur/ament_lint_cmake) by extensions ['ros']
[0.699s] Level 1:colcon.colcon_core.package_identification:_identify(workspace/ros_ur_driver/src/build/ur/ament_lint_cmake) by extension 'ros'
[0.699s] Level 1:colcon.colcon_core.package_identification:_identify(workspace/ros_ur_driver/src/build/ur/ament_lint_cmake) by extensions ['cmake', 'python']
[0.699s] Level 1:colcon.colcon_core.package_identification:_identify(workspace/ros_ur_driver/src/build/ur/ament_lint_cmake) by extension 'cmake'
[0.699s] Level 1:colcon.colcon_core.package_identification:_identify(workspace/ros_ur_driver/src/build/ur/ament_lint_cmake) by extension 'python'
[0.699s] Level 1:colcon.colcon_core.package_identification:_identify(workspace/ros_ur_driver/src/build/ur/ament_lint_cmake) by extensions ['python_setup_py']
[0.699s] Level 1:colcon.colcon_core.package_identification:_identify(workspace/ros_ur_driver/src/build/ur/ament_lint_cmake) by extension 'python_setup_py'
[0.699s] Level 1:colcon.colcon_core.package_identification:_identify(workspace/ros_ur_driver/src/build/ur/ament_xmllint) by extensions ['ignore', 'ignore_ament_install']
[0.699s] Level 1:colcon.colcon_core.package_identification:_identify(workspace/ros_ur_driver/src/build/ur/ament_xmllint) by extension 'ignore'
[0.699s] Level 1:colcon.colcon_core.package_identification:_identify(workspace/ros_ur_driver/src/build/ur/ament_xmllint) by extension 'ignore_ament_install'
[0.699s] Level 1:colcon.colcon_core.package_identification:_identify(workspace/ros_ur_driver/src/build/ur/ament_xmllint) by extensions ['colcon_pkg']
[0.700s] Level 1:colcon.colcon_core.package_identification:_identify(workspace/ros_ur_driver/src/build/ur/ament_xmllint) by extension 'colcon_pkg'
[0.700s] Level 1:colcon.colcon_core.package_identification:_identify(workspace/ros_ur_driver/src/build/ur/ament_xmllint) by extensions ['colcon_meta']
[0.700s] Level 1:colcon.colcon_core.package_identification:_identify(workspace/ros_ur_driver/src/build/ur/ament_xmllint) by extension 'colcon_meta'
[0.700s] Level 1:colcon.colcon_core.package_identification:_identify(workspace/ros_ur_driver/src/build/ur/ament_xmllint) by extensions ['ros']
[0.700s] Level 1:colcon.colcon_core.package_identification:_identify(workspace/ros_ur_driver/src/build/ur/ament_xmllint) by extension 'ros'
[0.700s] Level 1:colcon.colcon_core.package_identification:_identify(workspace/ros_ur_driver/src/build/ur/ament_xmllint) by extensions ['cmake', 'python']
[0.700s] Level 1:colcon.colcon_core.package_identification:_identify(workspace/ros_ur_driver/src/build/ur/ament_xmllint) by extension 'cmake'
[0.700s] Level 1:colcon.colcon_core.package_identification:_identify(workspace/ros_ur_driver/src/build/ur/ament_xmllint) by extension 'python'
[0.700s] Level 1:colcon.colcon_core.package_identification:_identify(workspace/ros_ur_driver/src/build/ur/ament_xmllint) by extensions ['python_setup_py']
[0.700s] Level 1:colcon.colcon_core.package_identification:_identify(workspace/ros_ur_driver/src/build/ur/ament_xmllint) by extension 'python_setup_py'
[0.700s] Level 1:colcon.colcon_core.package_identification:_identify(workspace/ros_ur_driver/src/build/ur_bringup) by extensions ['ignore', 'ignore_ament_install']
[0.700s] Level 1:colcon.colcon_core.package_identification:_identify(workspace/ros_ur_driver/src/build/ur_bringup) by extension 'ignore'
[0.700s] Level 1:colcon.colcon_core.package_identification:_identify(workspace/ros_ur_driver/src/build/ur_bringup) by extension 'ignore_ament_install'
[0.700s] Level 1:colcon.colcon_core.package_identification:_identify(workspace/ros_ur_driver/src/build/ur_bringup) by extensions ['colcon_pkg']
[0.700s] Level 1:colcon.colcon_core.package_identification:_identify(workspace/ros_ur_driver/src/build/ur_bringup) by extension 'colcon_pkg'
[0.701s] Level 1:colcon.colcon_core.package_identification:_identify(workspace/ros_ur_driver/src/build/ur_bringup) by extensions ['colcon_meta']
[0.701s] Level 1:colcon.colcon_core.package_identification:_identify(workspace/ros_ur_driver/src/build/ur_bringup) by extension 'colcon_meta'
[0.701s] Level 1:colcon.colcon_core.package_identification:_identify(workspace/ros_ur_driver/src/build/ur_bringup) by extensions ['ros']
[0.701s] Level 1:colcon.colcon_core.package_identification:_identify(workspace/ros_ur_driver/src/build/ur_bringup) by extension 'ros'
[0.701s] Level 1:colcon.colcon_core.package_identification:_identify(workspace/ros_ur_driver/src/build/ur_bringup) by extensions ['cmake', 'python']
[0.701s] Level 1:colcon.colcon_core.package_identification:_identify(workspace/ros_ur_driver/src/build/ur_bringup) by extension 'cmake'
[0.701s] Level 1:colcon.colcon_core.package_identification:_identify(workspace/ros_ur_driver/src/build/ur_bringup) by extension 'python'
[0.701s] Level 1:colcon.colcon_core.package_identification:_identify(workspace/ros_ur_driver/src/build/ur_bringup) by extensions ['python_setup_py']
[0.701s] Level 1:colcon.colcon_core.package_identification:_identify(workspace/ros_ur_driver/src/build/ur_bringup) by extension 'python_setup_py'
[0.701s] Level 1:colcon.colcon_core.package_identification:_identify(workspace/ros_ur_driver/src/build/ur_bringup/CMakeFiles) by extensions ['ignore', 'ignore_ament_install']
[0.701s] Level 1:colcon.colcon_core.package_identification:_identify(workspace/ros_ur_driver/src/build/ur_bringup/CMakeFiles) by extension 'ignore'
[0.701s] Level 1:colcon.colcon_core.package_identification:_identify(workspace/ros_ur_driver/src/build/ur_bringup/CMakeFiles) by extension 'ignore_ament_install'
[0.701s] Level 1:colcon.colcon_core.package_identification:_identify(workspace/ros_ur_driver/src/build/ur_bringup/CMakeFiles) by extensions ['colcon_pkg']
[0.701s] Level 1:colcon.colcon_core.package_identification:_identify(workspace/ros_ur_driver/src/build/ur_bringup/CMakeFiles) by extension 'colcon_pkg'
[0.701s] Level 1:colcon.colcon_core.package_identification:_identify(workspace/ros_ur_driver/src/build/ur_bringup/CMakeFiles) by extensions ['colcon_meta']
[0.701s] Level 1:colcon.colcon_core.package_identification:_identify(workspace/ros_ur_driver/src/build/ur_bringup/CMakeFiles) by extension 'colcon_meta'
[0.702s] Level 1:colcon.colcon_core.package_identification:_identify(workspace/ros_ur_driver/src/build/ur_bringup/CMakeFiles) by extensions ['ros']
[0.702s] Level 1:colcon.colcon_core.package_identification:_identify(workspace/ros_ur_driver/src/build/ur_bringup/CMakeFiles) by extension 'ros'
[0.702s] Level 1:colcon.colcon_core.package_identification:_identify(workspace/ros_ur_driver/src/build/ur_bringup/CMakeFiles) by extensions ['cmake', 'python']
[0.702s] Level 1:colcon.colcon_core.package_identification:_identify(workspace/ros_ur_driver/src/build/ur_bringup/CMakeFiles) by extension 'cmake'
[0.702s] Level 1:colcon.colcon_core.package_identification:_identify(workspace/ros_ur_driver/src/build/ur_bringup/CMakeFiles) by extension 'python'
[0.702s] Level 1:colcon.colcon_core.package_identification:_identify(workspace/ros_ur_driver/src/build/ur_bringup/CMakeFiles) by extensions ['python_setup_py']
[0.702s] Level 1:colcon.colcon_core.package_identification:_identify(workspace/ros_ur_driver/src/build/ur_bringup/CMakeFiles) by extension 'python_setup_py'
[0.702s] Level 1:colcon.colcon_core.package_identification:_identify(workspace/ros_ur_driver/src/build/ur_bringup/CMakeFiles/3.22.1) by extensions ['ignore', 'ignore_ament_install']
[0.702s] Level 1:colcon.colcon_core.package_identification:_identify(workspace/ros_ur_driver/src/build/ur_bringup/CMakeFiles/3.22.1) by extension 'ignore'
[0.702s] Level 1:colcon.colcon_core.package_identification:_identify(workspace/ros_ur_driver/src/build/ur_bringup/CMakeFiles/3.22.1) by extension 'ignore_ament_install'
[0.702s] Level 1:colcon.colcon_core.package_identification:_identify(workspace/ros_ur_driver/src/build/ur_bringup/CMakeFiles/3.22.1) by extensions ['colcon_pkg']
[0.702s] Level 1:colcon.colcon_core.package_identification:_identify(workspace/ros_ur_driver/src/build/ur_bringup/CMakeFiles/3.22.1) by extension 'colcon_pkg'
[0.702s] Level 1:colcon.colcon_core.package_identification:_identify(workspace/ros_ur_driver/src/build/ur_bringup/CMakeFiles/3.22.1) by extensions ['colcon_meta']
[0.702s] Level 1:colcon.colcon_core.package_identification:_identify(workspace/ros_ur_driver/src/build/ur_bringup/CMakeFiles/3.22.1) by extension 'colcon_meta'
[0.703s] Level 1:colcon.colcon_core.package_identification:_identify(workspace/ros_ur_driver/src/build/ur_bringup/CMakeFiles/3.22.1) by extensions ['ros']
[0.703s] Level 1:colcon.colcon_core.package_identification:_identify(workspace/ros_ur_driver/src/build/ur_bringup/CMakeFiles/3.22.1) by extension 'ros'
[0.703s] Level 1:colcon.colcon_core.package_identification:_identify(workspace/ros_ur_driver/src/build/ur_bringup/CMakeFiles/3.22.1) by extensions ['cmake', 'python']
[0.703s] Level 1:colcon.colcon_core.package_identification:_identify(workspace/ros_ur_driver/src/build/ur_bringup/CMakeFiles/3.22.1) by extension 'cmake'
[0.703s] Level 1:colcon.colcon_core.package_identification:_identify(workspace/ros_ur_driver/src/build/ur_bringup/CMakeFiles/3.22.1) by extension 'python'
[0.703s] Level 1:colcon.colcon_core.package_identification:_identify(workspace/ros_ur_driver/src/build/ur_bringup/CMakeFiles/3.22.1) by extensions ['python_setup_py']
[0.703s] Level 1:colcon.colcon_core.package_identification:_identify(workspace/ros_ur_driver/src/build/ur_bringup/CMakeFiles/3.22.1) by extension 'python_setup_py'
[0.703s] Level 1:colcon.colcon_core.package_identification:_identify(workspace/ros_ur_driver/src/build/ur_bringup/CMakeFiles/3.22.1/CompilerIdC) by extensions ['ignore', 'ignore_ament_install']
[0.703s] Level 1:colcon.colcon_core.package_identification:_identify(workspace/ros_ur_driver/src/build/ur_bringup/CMakeFiles/3.22.1/CompilerIdC) by extension 'ignore'
[0.703s] Level 1:colcon.colcon_core.package_identification:_identify(workspace/ros_ur_driver/src/build/ur_bringup/CMakeFiles/3.22.1/CompilerIdC) by extension 'ignore_ament_install'
[0.703s] Level 1:colcon.colcon_core.package_identification:_identify(workspace/ros_ur_driver/src/build/ur_bringup/CMakeFiles/3.22.1/CompilerIdC) by extensions ['colcon_pkg']
[0.703s] Level 1:colcon.colcon_core.package_identification:_identify(workspace/ros_ur_driver/src/build/ur_bringup/CMakeFiles/3.22.1/CompilerIdC) by extension 'colcon_pkg'
[0.703s] Level 1:colcon.colcon_core.package_identification:_identify(workspace/ros_ur_driver/src/build/ur_bringup/CMakeFiles/3.22.1/CompilerIdC) by extensions ['colcon_meta']
[0.703s] Level 1:colcon.colcon_core.package_identification:_identify(workspace/ros_ur_driver/src/build/ur_bringup/CMakeFiles/3.22.1/CompilerIdC) by extension 'colcon_meta'
[0.703s] Level 1:colcon.colcon_core.package_identification:_identify(workspace/ros_ur_driver/src/build/ur_bringup/CMakeFiles/3.22.1/CompilerIdC) by extensions ['ros']
[0.703s] Level 1:colcon.colcon_core.package_identification:_identify(workspace/ros_ur_driver/src/build/ur_bringup/CMakeFiles/3.22.1/CompilerIdC) by extension 'ros'
[0.704s] Level 1:colcon.colcon_core.package_identification:_identify(workspace/ros_ur_driver/src/build/ur_bringup/CMakeFiles/3.22.1/CompilerIdC) by extensions ['cmake', 'python']
[0.704s] Level 1:colcon.colcon_core.package_identification:_identify(workspace/ros_ur_driver/src/build/ur_bringup/CMakeFiles/3.22.1/CompilerIdC) by extension 'cmake'
[0.704s] Level 1:colcon.colcon_core.package_identification:_identify(workspace/ros_ur_driver/src/build/ur_bringup/CMakeFiles/3.22.1/CompilerIdC) by extension 'python'
[0.704s] Level 1:colcon.colcon_core.package_identification:_identify(workspace/ros_ur_driver/src/build/ur_bringup/CMakeFiles/3.22.1/CompilerIdC) by extensions ['python_setup_py']
[0.704s] Level 1:colcon.colcon_core.package_identification:_identify(workspace/ros_ur_driver/src/build/ur_bringup/CMakeFiles/3.22.1/CompilerIdC) by extension 'python_setup_py'
[0.720s] Level 1:colcon.colcon_core.package_identification:_identify(workspace/ros_ur_driver/src/build/ur_bringup/CMakeFiles/3.22.1/CompilerIdC/tmp) by extensions ['ignore', 'ignore_ament_install']
[0.721s] Level 1:colcon.colcon_core.package_identification:_identify(workspace/ros_ur_driver/src/build/ur_bringup/CMakeFiles/3.22.1/CompilerIdC/tmp) by extension 'ignore'
[0.721s] Level 1:colcon.colcon_core.package_identification:_identify(workspace/ros_ur_driver/src/build/ur_bringup/CMakeFiles/3.22.1/CompilerIdC/tmp) by extension 'ignore_ament_install'
[0.721s] Level 1:colcon.colcon_core.package_identification:_identify(workspace/ros_ur_driver/src/build/ur_bringup/CMakeFiles/3.22.1/CompilerIdC/tmp) by extensions ['colcon_pkg']
[0.721s] Level 1:colcon.colcon_core.package_identification:_identify(workspace/ros_ur_driver/src/build/ur_bringup/CMakeFiles/3.22.1/CompilerIdC/tmp) by extension 'colcon_pkg'
[0.721s] Level 1:colcon.colcon_core.package_identification:_identify(workspace/ros_ur_driver/src/build/ur_bringup/CMakeFiles/3.22.1/CompilerIdC/tmp) by extensions ['colcon_meta']
[0.721s] Level 1:colcon.colcon_core.package_identification:_identify(workspace/ros_ur_driver/src/build/ur_bringup/CMakeFiles/3.22.1/CompilerIdC/tmp) by extension 'colcon_meta'
[0.721s] Level 1:colcon.colcon_core.package_identification:_identify(workspace/ros_ur_driver/src/build/ur_bringup/CMakeFiles/3.22.1/CompilerIdC/tmp) by extensions ['ros']
[0.721s] Level 1:colcon.colcon_core.package_identification:_identify(workspace/ros_ur_driver/src/build/ur_bringup/CMakeFiles/3.22.1/CompilerIdC/tmp) by extension 'ros'
[0.721s] Level 1:colcon.colcon_core.package_identification:_identify(workspace/ros_ur_driver/src/build/ur_bringup/CMakeFiles/3.22.1/CompilerIdC/tmp) by extensions ['cmake', 'python']
[0.721s] Level 1:colcon.colcon_core.package_identification:_identify(workspace/ros_ur_driver/src/build/ur_bringup/CMakeFiles/3.22.1/CompilerIdC/tmp) by extension 'cmake'
[0.721s] Level 1:colcon.colcon_core.package_identification:_identify(workspace/ros_ur_driver/src/build/ur_bringup/CMakeFiles/3.22.1/CompilerIdC/tmp) by extension 'python'
[0.722s] Level 1:colcon.colcon_core.package_identification:_identify(workspace/ros_ur_driver/src/build/ur_bringup/CMakeFiles/3.22.1/CompilerIdC/tmp) by extensions ['python_setup_py']
[0.722s] Level 1:colcon.colcon_core.package_identification:_identify(workspace/ros_ur_driver/src/build/ur_bringup/CMakeFiles/3.22.1/CompilerIdC/tmp) by extension 'python_setup_py'
[0.722s] Level 1:colcon.colcon_core.package_identification:_identify(workspace/ros_ur_driver/src/build/ur_bringup/CMakeFiles/3.22.1/CompilerIdCXX) by extensions ['ignore', 'ignore_ament_install']
[0.724s] Level 1:colcon.colcon_core.package_identification:_identify(workspace/ros_ur_driver/src/build/ur_bringup/CMakeFiles/3.22.1/CompilerIdCXX) by extension 'ignore'
[0.724s] Level 1:colcon.colcon_core.package_identification:_identify(workspace/ros_ur_driver/src/build/ur_bringup/CMakeFiles/3.22.1/CompilerIdCXX) by extension 'ignore_ament_install'
[0.725s] Level 1:colcon.colcon_core.package_identification:_identify(workspace/ros_ur_driver/src/build/ur_bringup/CMakeFiles/3.22.1/CompilerIdCXX) by extensions ['colcon_pkg']
[0.725s] Level 1:colcon.colcon_core.package_identification:_identify(workspace/ros_ur_driver/src/build/ur_bringup/CMakeFiles/3.22.1/CompilerIdCXX) by extension 'colcon_pkg'
[0.725s] Level 1:colcon.colcon_core.package_identification:_identify(workspace/ros_ur_driver/src/build/ur_bringup/CMakeFiles/3.22.1/CompilerIdCXX) by extensions ['colcon_meta']
[0.725s] Level 1:colcon.colcon_core.package_identification:_identify(workspace/ros_ur_driver/src/build/ur_bringup/CMakeFiles/3.22.1/CompilerIdCXX) by extension 'colcon_meta'
[0.725s] Level 1:colcon.colcon_core.package_identification:_identify(workspace/ros_ur_driver/src/build/ur_bringup/CMakeFiles/3.22.1/CompilerIdCXX) by extensions ['ros']
[0.725s] Level 1:colcon.colcon_core.package_identification:_identify(workspace/ros_ur_driver/src/build/ur_bringup/CMakeFiles/3.22.1/CompilerIdCXX) by extension 'ros'
[0.725s] Level 1:colcon.colcon_core.package_identification:_identify(workspace/ros_ur_driver/src/build/ur_bringup/CMakeFiles/3.22.1/CompilerIdCXX) by extensions ['cmake', 'python']
[0.725s] Level 1:colcon.colcon_core.package_identification:_identify(workspace/ros_ur_driver/src/build/ur_bringup/CMakeFiles/3.22.1/CompilerIdCXX) by extension 'cmake'
[0.725s] Level 1:colcon.colcon_core.package_identification:_identify(workspace/ros_ur_driver/src/build/ur_bringup/CMakeFiles/3.22.1/CompilerIdCXX) by extension 'python'
[0.725s] Level 1:colcon.colcon_core.package_identification:_identify(workspace/ros_ur_driver/src/build/ur_bringup/CMakeFiles/3.22.1/CompilerIdCXX) by extensions ['python_setup_py']
[0.725s] Level 1:colcon.colcon_core.package_identification:_identify(workspace/ros_ur_driver/src/build/ur_bringup/CMakeFiles/3.22.1/CompilerIdCXX) by extension 'python_setup_py'
[0.725s] Level 1:colcon.colcon_core.package_identification:_identify(workspace/ros_ur_driver/src/build/ur_bringup/CMakeFiles/3.22.1/CompilerIdCXX/tmp) by extensions ['ignore', 'ignore_ament_install']
[0.726s] Level 1:colcon.colcon_core.package_identification:_identify(workspace/ros_ur_driver/src/build/ur_bringup/CMakeFiles/3.22.1/CompilerIdCXX/tmp) by extension 'ignore'
[0.726s] Level 1:colcon.colcon_core.package_identification:_identify(workspace/ros_ur_driver/src/build/ur_bringup/CMakeFiles/3.22.1/CompilerIdCXX/tmp) by extension 'ignore_ament_install'
[0.726s] Level 1:colcon.colcon_core.package_identification:_identify(workspace/ros_ur_driver/src/build/ur_bringup/CMakeFiles/3.22.1/CompilerIdCXX/tmp) by extensions ['colcon_pkg']
[0.726s] Level 1:colcon.colcon_core.package_identification:_identify(workspace/ros_ur_driver/src/build/ur_bringup/CMakeFiles/3.22.1/CompilerIdCXX/tmp) by extension 'colcon_pkg'
[0.726s] Level 1:colcon.colcon_core.package_identification:_identify(workspace/ros_ur_driver/src/build/ur_bringup/CMakeFiles/3.22.1/CompilerIdCXX/tmp) by extensions ['colcon_meta']
[0.726s] Level 1:colcon.colcon_core.package_identification:_identify(workspace/ros_ur_driver/src/build/ur_bringup/CMakeFiles/3.22.1/CompilerIdCXX/tmp) by extension 'colcon_meta'
[0.726s] Level 1:colcon.colcon_core.package_identification:_identify(workspace/ros_ur_driver/src/build/ur_bringup/CMakeFiles/3.22.1/CompilerIdCXX/tmp) by extensions ['ros']
[0.726s] Level 1:colcon.colcon_core.package_identification:_identify(workspace/ros_ur_driver/src/build/ur_bringup/CMakeFiles/3.22.1/CompilerIdCXX/tmp) by extension 'ros'
[0.726s] Level 1:colcon.colcon_core.package_identification:_identify(workspace/ros_ur_driver/src/build/ur_bringup/CMakeFiles/3.22.1/CompilerIdCXX/tmp) by extensions ['cmake', 'python']
[0.726s] Level 1:colcon.colcon_core.package_identification:_identify(workspace/ros_ur_driver/src/build/ur_bringup/CMakeFiles/3.22.1/CompilerIdCXX/tmp) by extension 'cmake'
[0.726s] Level 1:colcon.colcon_core.package_identification:_identify(workspace/ros_ur_driver/src/build/ur_bringup/CMakeFiles/3.22.1/CompilerIdCXX/tmp) by extension 'python'
[0.726s] Level 1:colcon.colcon_core.package_identification:_identify(workspace/ros_ur_driver/src/build/ur_bringup/CMakeFiles/3.22.1/CompilerIdCXX/tmp) by extensions ['python_setup_py']
[0.726s] Level 1:colcon.colcon_core.package_identification:_identify(workspace/ros_ur_driver/src/build/ur_bringup/CMakeFiles/3.22.1/CompilerIdCXX/tmp) by extension 'python_setup_py'
[0.727s] Level 1:colcon.colcon_core.package_identification:_identify(workspace/ros_ur_driver/src/build/ur_bringup/CMakeFiles/CMakeTmp) by extensions ['ignore', 'ignore_ament_install']
[0.727s] Level 1:colcon.colcon_core.package_identification:_identify(workspace/ros_ur_driver/src/build/ur_bringup/CMakeFiles/CMakeTmp) by extension 'ignore'
[0.727s] Level 1:colcon.colcon_core.package_identification:_identify(workspace/ros_ur_driver/src/build/ur_bringup/CMakeFiles/CMakeTmp) by extension 'ignore_ament_install'
[0.727s] Level 1:colcon.colcon_core.package_identification:_identify(workspace/ros_ur_driver/src/build/ur_bringup/CMakeFiles/CMakeTmp) by extensions ['colcon_pkg']
[0.727s] Level 1:colcon.colcon_core.package_identification:_identify(workspace/ros_ur_driver/src/build/ur_bringup/CMakeFiles/CMakeTmp) by extension 'colcon_pkg'
[0.727s] Level 1:colcon.colcon_core.package_identification:_identify(workspace/ros_ur_driver/src/build/ur_bringup/CMakeFiles/CMakeTmp) by extensions ['colcon_meta']
[0.727s] Level 1:colcon.colcon_core.package_identification:_identify(workspace/ros_ur_driver/src/build/ur_bringup/CMakeFiles/CMakeTmp) by extension 'colcon_meta'
[0.727s] Level 1:colcon.colcon_core.package_identification:_identify(workspace/ros_ur_driver/src/build/ur_bringup/CMakeFiles/CMakeTmp) by extensions ['ros']
[0.727s] Level 1:colcon.colcon_core.package_identification:_identify(workspace/ros_ur_driver/src/build/ur_bringup/CMakeFiles/CMakeTmp) by extension 'ros'
[0.727s] Level 1:colcon.colcon_core.package_identification:_identify(workspace/ros_ur_driver/src/build/ur_bringup/CMakeFiles/CMakeTmp) by extensions ['cmake', 'python']
[0.727s] Level 1:colcon.colcon_core.package_identification:_identify(workspace/ros_ur_driver/src/build/ur_bringup/CMakeFiles/CMakeTmp) by extension 'cmake'
[0.727s] Level 1:colcon.colcon_core.package_identification:_identify(workspace/ros_ur_driver/src/build/ur_bringup/CMakeFiles/CMakeTmp) by extension 'python'
[0.727s] Level 1:colcon.colcon_core.package_identification:_identify(workspace/ros_ur_driver/src/build/ur_bringup/CMakeFiles/CMakeTmp) by extensions ['python_setup_py']
[0.727s] Level 1:colcon.colcon_core.package_identification:_identify(workspace/ros_ur_driver/src/build/ur_bringup/CMakeFiles/CMakeTmp) by extension 'python_setup_py'
[0.728s] Level 1:colcon.colcon_core.package_identification:_identify(workspace/ros_ur_driver/src/build/ur_calibration) by extensions ['ignore', 'ignore_ament_install']
[0.728s] Level 1:colcon.colcon_core.package_identification:_identify(workspace/ros_ur_driver/src/build/ur_calibration) by extension 'ignore'
[0.728s] Level 1:colcon.colcon_core.package_identification:_identify(workspace/ros_ur_driver/src/build/ur_calibration) by extension 'ignore_ament_install'
[0.728s] Level 1:colcon.colcon_core.package_identification:_identify(workspace/ros_ur_driver/src/build/ur_calibration) by extensions ['colcon_pkg']
[0.728s] Level 1:colcon.colcon_core.package_identification:_identify(workspace/ros_ur_driver/src/build/ur_calibration) by extension 'colcon_pkg'
[0.728s] Level 1:colcon.colcon_core.package_identification:_identify(workspace/ros_ur_driver/src/build/ur_calibration) by extensions ['colcon_meta']
[0.728s] Level 1:colcon.colcon_core.package_identification:_identify(workspace/ros_ur_driver/src/build/ur_calibration) by extension 'colcon_meta'
[0.728s] Level 1:colcon.colcon_core.package_identification:_identify(workspace/ros_ur_driver/src/build/ur_calibration) by extensions ['ros']
[0.728s] Level 1:colcon.colcon_core.package_identification:_identify(workspace/ros_ur_driver/src/build/ur_calibration) by extension 'ros'
[0.728s] Level 1:colcon.colcon_core.package_identification:_identify(workspace/ros_ur_driver/src/build/ur_calibration) by extensions ['cmake', 'python']
[0.728s] Level 1:colcon.colcon_core.package_identification:_identify(workspace/ros_ur_driver/src/build/ur_calibration) by extension 'cmake'
[0.728s] Level 1:colcon.colcon_core.package_identification:_identify(workspace/ros_ur_driver/src/build/ur_calibration) by extension 'python'
[0.728s] Level 1:colcon.colcon_core.package_identification:_identify(workspace/ros_ur_driver/src/build/ur_calibration) by extensions ['python_setup_py']
[0.728s] Level 1:colcon.colcon_core.package_identification:_identify(workspace/ros_ur_driver/src/build/ur_calibration) by extension 'python_setup_py'
[0.729s] Level 1:colcon.colcon_core.package_identification:_identify(workspace/ros_ur_driver/src/build/ur_calibration/CMakeFiles) by extensions ['ignore', 'ignore_ament_install']
[0.729s] Level 1:colcon.colcon_core.package_identification:_identify(workspace/ros_ur_driver/src/build/ur_calibration/CMakeFiles) by extension 'ignore'
[0.729s] Level 1:colcon.colcon_core.package_identification:_identify(workspace/ros_ur_driver/src/build/ur_calibration/CMakeFiles) by extension 'ignore_ament_install'
[0.729s] Level 1:colcon.colcon_core.package_identification:_identify(workspace/ros_ur_driver/src/build/ur_calibration/CMakeFiles) by extensions ['colcon_pkg']
[0.729s] Level 1:colcon.colcon_core.package_identification:_identify(workspace/ros_ur_driver/src/build/ur_calibration/CMakeFiles) by extension 'colcon_pkg'
[0.729s] Level 1:colcon.colcon_core.package_identification:_identify(workspace/ros_ur_driver/src/build/ur_calibration/CMakeFiles) by extensions ['colcon_meta']
[0.729s] Level 1:colcon.colcon_core.package_identification:_identify(workspace/ros_ur_driver/src/build/ur_calibration/CMakeFiles) by extension 'colcon_meta'
[0.729s] Level 1:colcon.colcon_core.package_identification:_identify(workspace/ros_ur_driver/src/build/ur_calibration/CMakeFiles) by extensions ['ros']
[0.729s] Level 1:colcon.colcon_core.package_identification:_identify(workspace/ros_ur_driver/src/build/ur_calibration/CMakeFiles) by extension 'ros'
[0.729s] Level 1:colcon.colcon_core.package_identification:_identify(workspace/ros_ur_driver/src/build/ur_calibration/CMakeFiles) by extensions ['cmake', 'python']
[0.729s] Level 1:colcon.colcon_core.package_identification:_identify(workspace/ros_ur_driver/src/build/ur_calibration/CMakeFiles) by extension 'cmake'
[0.729s] Level 1:colcon.colcon_core.package_identification:_identify(workspace/ros_ur_driver/src/build/ur_calibration/CMakeFiles) by extension 'python'
[0.730s] Level 1:colcon.colcon_core.package_identification:_identify(workspace/ros_ur_driver/src/build/ur_calibration/CMakeFiles) by extensions ['python_setup_py']
[0.730s] Level 1:colcon.colcon_core.package_identification:_identify(workspace/ros_ur_driver/src/build/ur_calibration/CMakeFiles) by extension 'python_setup_py'
[0.730s] Level 1:colcon.colcon_core.package_identification:_identify(workspace/ros_ur_driver/src/build/ur_calibration/CMakeFiles/3.22.1) by extensions ['ignore', 'ignore_ament_install']
[0.730s] Level 1:colcon.colcon_core.package_identification:_identify(workspace/ros_ur_driver/src/build/ur_calibration/CMakeFiles/3.22.1) by extension 'ignore'
[0.730s] Level 1:colcon.colcon_core.package_identification:_identify(workspace/ros_ur_driver/src/build/ur_calibration/CMakeFiles/3.22.1) by extension 'ignore_ament_install'
[0.730s] Level 1:colcon.colcon_core.package_identification:_identify(workspace/ros_ur_driver/src/build/ur_calibration/CMakeFiles/3.22.1) by extensions ['colcon_pkg']
[0.730s] Level 1:colcon.colcon_core.package_identification:_identify(workspace/ros_ur_driver/src/build/ur_calibration/CMakeFiles/3.22.1) by extension 'colcon_pkg'
[0.730s] Level 1:colcon.colcon_core.package_identification:_identify(workspace/ros_ur_driver/src/build/ur_calibration/CMakeFiles/3.22.1) by extensions ['colcon_meta']
[0.730s] Level 1:colcon.colcon_core.package_identification:_identify(workspace/ros_ur_driver/src/build/ur_calibration/CMakeFiles/3.22.1) by extension 'colcon_meta'
[0.730s] Level 1:colcon.colcon_core.package_identification:_identify(workspace/ros_ur_driver/src/build/ur_calibration/CMakeFiles/3.22.1) by extensions ['ros']
[0.730s] Level 1:colcon.colcon_core.package_identification:_identify(workspace/ros_ur_driver/src/build/ur_calibration/CMakeFiles/3.22.1) by extension 'ros'
[0.731s] Level 1:colcon.colcon_core.package_identification:_identify(workspace/ros_ur_driver/src/build/ur_calibration/CMakeFiles/3.22.1) by extensions ['cmake', 'python']
[0.731s] Level 1:colcon.colcon_core.package_identification:_identify(workspace/ros_ur_driver/src/build/ur_calibration/CMakeFiles/3.22.1) by extension 'cmake'
[0.731s] Level 1:colcon.colcon_core.package_identification:_identify(workspace/ros_ur_driver/src/build/ur_calibration/CMakeFiles/3.22.1) by extension 'python'
[0.731s] Level 1:colcon.colcon_core.package_identification:_identify(workspace/ros_ur_driver/src/build/ur_calibration/CMakeFiles/3.22.1) by extensions ['python_setup_py']
[0.731s] Level 1:colcon.colcon_core.package_identification:_identify(workspace/ros_ur_driver/src/build/ur_calibration/CMakeFiles/3.22.1) by extension 'python_setup_py'
[0.731s] Level 1:colcon.colcon_core.package_identification:_identify(workspace/ros_ur_driver/src/build/ur_calibration/CMakeFiles/3.22.1/CompilerIdC) by extensions ['ignore', 'ignore_ament_install']
[0.731s] Level 1:colcon.colcon_core.package_identification:_identify(workspace/ros_ur_driver/src/build/ur_calibration/CMakeFiles/3.22.1/CompilerIdC) by extension 'ignore'
[0.731s] Level 1:colcon.colcon_core.package_identification:_identify(workspace/ros_ur_driver/src/build/ur_calibration/CMakeFiles/3.22.1/CompilerIdC) by extension 'ignore_ament_install'
[0.731s] Level 1:colcon.colcon_core.package_identification:_identify(workspace/ros_ur_driver/src/build/ur_calibration/CMakeFiles/3.22.1/CompilerIdC) by extensions ['colcon_pkg']
[0.731s] Level 1:colcon.colcon_core.package_identification:_identify(workspace/ros_ur_driver/src/build/ur_calibration/CMakeFiles/3.22.1/CompilerIdC) by extension 'colcon_pkg'
[0.731s] Level 1:colcon.colcon_core.package_identification:_identify(workspace/ros_ur_driver/src/build/ur_calibration/CMakeFiles/3.22.1/CompilerIdC) by extensions ['colcon_meta']
[0.731s] Level 1:colcon.colcon_core.package_identification:_identify(workspace/ros_ur_driver/src/build/ur_calibration/CMakeFiles/3.22.1/CompilerIdC) by extension 'colcon_meta'
[0.731s] Level 1:colcon.colcon_core.package_identification:_identify(workspace/ros_ur_driver/src/build/ur_calibration/CMakeFiles/3.22.1/CompilerIdC) by extensions ['ros']
[0.731s] Level 1:colcon.colcon_core.package_identification:_identify(workspace/ros_ur_driver/src/build/ur_calibration/CMakeFiles/3.22.1/CompilerIdC) by extension 'ros'
[0.732s] Level 1:colcon.colcon_core.package_identification:_identify(workspace/ros_ur_driver/src/build/ur_calibration/CMakeFiles/3.22.1/CompilerIdC) by extensions ['cmake', 'python']
[0.732s] Level 1:colcon.colcon_core.package_identification:_identify(workspace/ros_ur_driver/src/build/ur_calibration/CMakeFiles/3.22.1/CompilerIdC) by extension 'cmake'
[0.732s] Level 1:colcon.colcon_core.package_identification:_identify(workspace/ros_ur_driver/src/build/ur_calibration/CMakeFiles/3.22.1/CompilerIdC) by extension 'python'
[0.732s] Level 1:colcon.colcon_core.package_identification:_identify(workspace/ros_ur_driver/src/build/ur_calibration/CMakeFiles/3.22.1/CompilerIdC) by extensions ['python_setup_py']
[0.732s] Level 1:colcon.colcon_core.package_identification:_identify(workspace/ros_ur_driver/src/build/ur_calibration/CMakeFiles/3.22.1/CompilerIdC) by extension 'python_setup_py'
[0.732s] Level 1:colcon.colcon_core.package_identification:_identify(workspace/ros_ur_driver/src/build/ur_calibration/CMakeFiles/3.22.1/CompilerIdC/tmp) by extensions ['ignore', 'ignore_ament_install']
[0.732s] Level 1:colcon.colcon_core.package_identification:_identify(workspace/ros_ur_driver/src/build/ur_calibration/CMakeFiles/3.22.1/CompilerIdC/tmp) by extension 'ignore'
[0.732s] Level 1:colcon.colcon_core.package_identification:_identify(workspace/ros_ur_driver/src/build/ur_calibration/CMakeFiles/3.22.1/CompilerIdC/tmp) by extension 'ignore_ament_install'
[0.732s] Level 1:colcon.colcon_core.package_identification:_identify(workspace/ros_ur_driver/src/build/ur_calibration/CMakeFiles/3.22.1/CompilerIdC/tmp) by extensions ['colcon_pkg']
[0.732s] Level 1:colcon.colcon_core.package_identification:_identify(workspace/ros_ur_driver/src/build/ur_calibration/CMakeFiles/3.22.1/CompilerIdC/tmp) by extension 'colcon_pkg'
[0.732s] Level 1:colcon.colcon_core.package_identification:_identify(workspace/ros_ur_driver/src/build/ur_calibration/CMakeFiles/3.22.1/CompilerIdC/tmp) by extensions ['colcon_meta']
[0.732s] Level 1:colcon.colcon_core.package_identification:_identify(workspace/ros_ur_driver/src/build/ur_calibration/CMakeFiles/3.22.1/CompilerIdC/tmp) by extension 'colcon_meta'
[0.732s] Level 1:colcon.colcon_core.package_identification:_identify(workspace/ros_ur_driver/src/build/ur_calibration/CMakeFiles/3.22.1/CompilerIdC/tmp) by extensions ['ros']
[0.732s] Level 1:colcon.colcon_core.package_identification:_identify(workspace/ros_ur_driver/src/build/ur_calibration/CMakeFiles/3.22.1/CompilerIdC/tmp) by extension 'ros'
[0.733s] Level 1:colcon.colcon_core.package_identification:_identify(workspace/ros_ur_driver/src/build/ur_calibration/CMakeFiles/3.22.1/CompilerIdC/tmp) by extensions ['cmake', 'python']
[0.733s] Level 1:colcon.colcon_core.package_identification:_identify(workspace/ros_ur_driver/src/build/ur_calibration/CMakeFiles/3.22.1/CompilerIdC/tmp) by extension 'cmake'
[0.733s] Level 1:colcon.colcon_core.package_identification:_identify(workspace/ros_ur_driver/src/build/ur_calibration/CMakeFiles/3.22.1/CompilerIdC/tmp) by extension 'python'
[0.733s] Level 1:colcon.colcon_core.package_identification:_identify(workspace/ros_ur_driver/src/build/ur_calibration/CMakeFiles/3.22.1/CompilerIdC/tmp) by extensions ['python_setup_py']
[0.733s] Level 1:colcon.colcon_core.package_identification:_identify(workspace/ros_ur_driver/src/build/ur_calibration/CMakeFiles/3.22.1/CompilerIdC/tmp) by extension 'python_setup_py'
[0.733s] Level 1:colcon.colcon_core.package_identification:_identify(workspace/ros_ur_driver/src/build/ur_calibration/CMakeFiles/3.22.1/CompilerIdCXX) by extensions ['ignore', 'ignore_ament_install']
[0.733s] Level 1:colcon.colcon_core.package_identification:_identify(workspace/ros_ur_driver/src/build/ur_calibration/CMakeFiles/3.22.1/CompilerIdCXX) by extension 'ignore'
[0.733s] Level 1:colcon.colcon_core.package_identification:_identify(workspace/ros_ur_driver/src/build/ur_calibration/CMakeFiles/3.22.1/CompilerIdCXX) by extension 'ignore_ament_install'
[0.733s] Level 1:colcon.colcon_core.package_identification:_identify(workspace/ros_ur_driver/src/build/ur_calibration/CMakeFiles/3.22.1/CompilerIdCXX) by extensions ['colcon_pkg']
[0.733s] Level 1:colcon.colcon_core.package_identification:_identify(workspace/ros_ur_driver/src/build/ur_calibration/CMakeFiles/3.22.1/CompilerIdCXX) by extension 'colcon_pkg'
[0.733s] Level 1:colcon.colcon_core.package_identification:_identify(workspace/ros_ur_driver/src/build/ur_calibration/CMakeFiles/3.22.1/CompilerIdCXX) by extensions ['colcon_meta']
[0.733s] Level 1:colcon.colcon_core.package_identification:_identify(workspace/ros_ur_driver/src/build/ur_calibration/CMakeFiles/3.22.1/CompilerIdCXX) by extension 'colcon_meta'
[0.733s] Level 1:colcon.colcon_core.package_identification:_identify(workspace/ros_ur_driver/src/build/ur_calibration/CMakeFiles/3.22.1/CompilerIdCXX) by extensions ['ros']
[0.733s] Level 1:colcon.colcon_core.package_identification:_identify(workspace/ros_ur_driver/src/build/ur_calibration/CMakeFiles/3.22.1/CompilerIdCXX) by extension 'ros'
[0.734s] Level 1:colcon.colcon_core.package_identification:_identify(workspace/ros_ur_driver/src/build/ur_calibration/CMakeFiles/3.22.1/CompilerIdCXX) by extensions ['cmake', 'python']
[0.734s] Level 1:colcon.colcon_core.package_identification:_identify(workspace/ros_ur_driver/src/build/ur_calibration/CMakeFiles/3.22.1/CompilerIdCXX) by extension 'cmake'
[0.734s] Level 1:colcon.colcon_core.package_identification:_identify(workspace/ros_ur_driver/src/build/ur_calibration/CMakeFiles/3.22.1/CompilerIdCXX) by extension 'python'
[0.734s] Level 1:colcon.colcon_core.package_identification:_identify(workspace/ros_ur_driver/src/build/ur_calibration/CMakeFiles/3.22.1/CompilerIdCXX) by extensions ['python_setup_py']
[0.734s] Level 1:colcon.colcon_core.package_identification:_identify(workspace/ros_ur_driver/src/build/ur_calibration/CMakeFiles/3.22.1/CompilerIdCXX) by extension 'python_setup_py'
[0.734s] Level 1:colcon.colcon_core.package_identification:_identify(workspace/ros_ur_driver/src/build/ur_calibration/CMakeFiles/3.22.1/CompilerIdCXX/tmp) by extensions ['ignore', 'ignore_ament_install']
[0.734s] Level 1:colcon.colcon_core.package_identification:_identify(workspace/ros_ur_driver/src/build/ur_calibration/CMakeFiles/3.22.1/CompilerIdCXX/tmp) by extension 'ignore'
[0.734s] Level 1:colcon.colcon_core.package_identification:_identify(workspace/ros_ur_driver/src/build/ur_calibration/CMakeFiles/3.22.1/CompilerIdCXX/tmp) by extension 'ignore_ament_install'
[0.734s] Level 1:colcon.colcon_core.package_identification:_identify(workspace/ros_ur_driver/src/build/ur_calibration/CMakeFiles/3.22.1/CompilerIdCXX/tmp) by extensions ['colcon_pkg']
[0.734s] Level 1:colcon.colcon_core.package_identification:_identify(workspace/ros_ur_driver/src/build/ur_calibration/CMakeFiles/3.22.1/CompilerIdCXX/tmp) by extension 'colcon_pkg'
[0.734s] Level 1:colcon.colcon_core.package_identification:_identify(workspace/ros_ur_driver/src/build/ur_calibration/CMakeFiles/3.22.1/CompilerIdCXX/tmp) by extensions ['colcon_meta']
[0.734s] Level 1:colcon.colcon_core.package_identification:_identify(workspace/ros_ur_driver/src/build/ur_calibration/CMakeFiles/3.22.1/CompilerIdCXX/tmp) by extension 'colcon_meta'
[0.734s] Level 1:colcon.colcon_core.package_identification:_identify(workspace/ros_ur_driver/src/build/ur_calibration/CMakeFiles/3.22.1/CompilerIdCXX/tmp) by extensions ['ros']
[0.734s] Level 1:colcon.colcon_core.package_identification:_identify(workspace/ros_ur_driver/src/build/ur_calibration/CMakeFiles/3.22.1/CompilerIdCXX/tmp) by extension 'ros'
[0.735s] Level 1:colcon.colcon_core.package_identification:_identify(workspace/ros_ur_driver/src/build/ur_calibration/CMakeFiles/3.22.1/CompilerIdCXX/tmp) by extensions ['cmake', 'python']
[0.735s] Level 1:colcon.colcon_core.package_identification:_identify(workspace/ros_ur_driver/src/build/ur_calibration/CMakeFiles/3.22.1/CompilerIdCXX/tmp) by extension 'cmake'
[0.735s] Level 1:colcon.colcon_core.package_identification:_identify(workspace/ros_ur_driver/src/build/ur_calibration/CMakeFiles/3.22.1/CompilerIdCXX/tmp) by extension 'python'
[0.735s] Level 1:colcon.colcon_core.package_identification:_identify(workspace/ros_ur_driver/src/build/ur_calibration/CMakeFiles/3.22.1/CompilerIdCXX/tmp) by extensions ['python_setup_py']
[0.735s] Level 1:colcon.colcon_core.package_identification:_identify(workspace/ros_ur_driver/src/build/ur_calibration/CMakeFiles/3.22.1/CompilerIdCXX/tmp) by extension 'python_setup_py'
[0.735s] Level 1:colcon.colcon_core.package_identification:_identify(workspace/ros_ur_driver/src/build/ur_calibration/CMakeFiles/CMakeTmp) by extensions ['ignore', 'ignore_ament_install']
[0.735s] Level 1:colcon.colcon_core.package_identification:_identify(workspace/ros_ur_driver/src/build/ur_calibration/CMakeFiles/CMakeTmp) by extension 'ignore'
[0.735s] Level 1:colcon.colcon_core.package_identification:_identify(workspace/ros_ur_driver/src/build/ur_calibration/CMakeFiles/CMakeTmp) by extension 'ignore_ament_install'
[0.735s] Level 1:colcon.colcon_core.package_identification:_identify(workspace/ros_ur_driver/src/build/ur_calibration/CMakeFiles/CMakeTmp) by extensions ['colcon_pkg']
[0.735s] Level 1:colcon.colcon_core.package_identification:_identify(workspace/ros_ur_driver/src/build/ur_calibration/CMakeFiles/CMakeTmp) by extension 'colcon_pkg'
[0.735s] Level 1:colcon.colcon_core.package_identification:_identify(workspace/ros_ur_driver/src/build/ur_calibration/CMakeFiles/CMakeTmp) by extensions ['colcon_meta']
[0.735s] Level 1:colcon.colcon_core.package_identification:_identify(workspace/ros_ur_driver/src/build/ur_calibration/CMakeFiles/CMakeTmp) by extension 'colcon_meta'
[0.735s] Level 1:colcon.colcon_core.package_identification:_identify(workspace/ros_ur_driver/src/build/ur_calibration/CMakeFiles/CMakeTmp) by extensions ['ros']
[0.735s] Level 1:colcon.colcon_core.package_identification:_identify(workspace/ros_ur_driver/src/build/ur_calibration/CMakeFiles/CMakeTmp) by extension 'ros'
[0.735s] Level 1:colcon.colcon_core.package_identification:_identify(workspace/ros_ur_driver/src/build/ur_calibration/CMakeFiles/CMakeTmp) by extensions ['cmake', 'python']
[0.735s] Level 1:colcon.colcon_core.package_identification:_identify(workspace/ros_ur_driver/src/build/ur_calibration/CMakeFiles/CMakeTmp) by extension 'cmake'
[0.736s] Level 1:colcon.colcon_core.package_identification:_identify(workspace/ros_ur_driver/src/build/ur_calibration/CMakeFiles/CMakeTmp) by extension 'python'
[0.736s] Level 1:colcon.colcon_core.package_identification:_identify(workspace/ros_ur_driver/src/build/ur_calibration/CMakeFiles/CMakeTmp) by extensions ['python_setup_py']
[0.736s] Level 1:colcon.colcon_core.package_identification:_identify(workspace/ros_ur_driver/src/build/ur_calibration/CMakeFiles/CMakeTmp) by extension 'python_setup_py'
[0.750s] Level 1:colcon.colcon_core.package_identification:_identify(workspace/ros_ur_driver/src/build/ur_calibration/gtest) by extensions ['ignore', 'ignore_ament_install']
[0.751s] Level 1:colcon.colcon_core.package_identification:_identify(workspace/ros_ur_driver/src/build/ur_calibration/gtest) by extension 'ignore'
[0.751s] Level 1:colcon.colcon_core.package_identification:_identify(workspace/ros_ur_driver/src/build/ur_calibration/gtest) by extension 'ignore_ament_install'
[0.751s] Level 1:colcon.colcon_core.package_identification:_identify(workspace/ros_ur_driver/src/build/ur_calibration/gtest) by extensions ['colcon_pkg']
[0.751s] Level 1:colcon.colcon_core.package_identification:_identify(workspace/ros_ur_driver/src/build/ur_calibration/gtest) by extension 'colcon_pkg'
[0.751s] Level 1:colcon.colcon_core.package_identification:_identify(workspace/ros_ur_driver/src/build/ur_calibration/gtest) by extensions ['colcon_meta']
[0.751s] Level 1:colcon.colcon_core.package_identification:_identify(workspace/ros_ur_driver/src/build/ur_calibration/gtest) by extension 'colcon_meta'
[0.751s] Level 1:colcon.colcon_core.package_identification:_identify(workspace/ros_ur_driver/src/build/ur_calibration/gtest) by extensions ['ros']
[0.751s] Level 1:colcon.colcon_core.package_identification:_identify(workspace/ros_ur_driver/src/build/ur_calibration/gtest) by extension 'ros'
[0.751s] Level 1:colcon.colcon_core.package_identification:_identify(workspace/ros_ur_driver/src/build/ur_calibration/gtest) by extensions ['cmake', 'python']
[0.751s] Level 1:colcon.colcon_core.package_identification:_identify(workspace/ros_ur_driver/src/build/ur_calibration/gtest) by extension 'cmake'
[0.752s] Level 1:colcon.colcon_core.package_identification:_identify(workspace/ros_ur_driver/src/build/ur_calibration/gtest) by extension 'python'
[0.752s] Level 1:colcon.colcon_core.package_identification:_identify(workspace/ros_ur_driver/src/build/ur_calibration/gtest) by extensions ['python_setup_py']
[0.752s] Level 1:colcon.colcon_core.package_identification:_identify(workspace/ros_ur_driver/src/build/ur_calibration/gtest) by extension 'python_setup_py'
[0.752s] Level 1:colcon.colcon_core.package_identification:_identify(workspace/ros_ur_driver/src/build/ur_calibration/gtest/CMakeFiles) by extensions ['ignore', 'ignore_ament_install']
[0.753s] Level 1:colcon.colcon_core.package_identification:_identify(workspace/ros_ur_driver/src/build/ur_calibration/gtest/CMakeFiles) by extension 'ignore'
[0.753s] Level 1:colcon.colcon_core.package_identification:_identify(workspace/ros_ur_driver/src/build/ur_calibration/gtest/CMakeFiles) by extension 'ignore_ament_install'
[0.753s] Level 1:colcon.colcon_core.package_identification:_identify(workspace/ros_ur_driver/src/build/ur_calibration/gtest/CMakeFiles) by extensions ['colcon_pkg']
[0.753s] Level 1:colcon.colcon_core.package_identification:_identify(workspace/ros_ur_driver/src/build/ur_calibration/gtest/CMakeFiles) by extension 'colcon_pkg'
[0.753s] Level 1:colcon.colcon_core.package_identification:_identify(workspace/ros_ur_driver/src/build/ur_calibration/gtest/CMakeFiles) by extensions ['colcon_meta']
[0.753s] Level 1:colcon.colcon_core.package_identification:_identify(workspace/ros_ur_driver/src/build/ur_calibration/gtest/CMakeFiles) by extension 'colcon_meta'
[0.753s] Level 1:colcon.colcon_core.package_identification:_identify(workspace/ros_ur_driver/src/build/ur_calibration/gtest/CMakeFiles) by extensions ['ros']
[0.753s] Level 1:colcon.colcon_core.package_identification:_identify(workspace/ros_ur_driver/src/build/ur_calibration/gtest/CMakeFiles) by extension 'ros'
[0.754s] Level 1:colcon.colcon_core.package_identification:_identify(workspace/ros_ur_driver/src/build/ur_calibration/gtest/CMakeFiles) by extensions ['cmake', 'python']
[0.754s] Level 1:colcon.colcon_core.package_identification:_identify(workspace/ros_ur_driver/src/build/ur_calibration/gtest/CMakeFiles) by extension 'cmake'
[0.754s] Level 1:colcon.colcon_core.package_identification:_identify(workspace/ros_ur_driver/src/build/ur_calibration/gtest/CMakeFiles) by extension 'python'
[0.754s] Level 1:colcon.colcon_core.package_identification:_identify(workspace/ros_ur_driver/src/build/ur_calibration/gtest/CMakeFiles) by extensions ['python_setup_py']
[0.754s] Level 1:colcon.colcon_core.package_identification:_identify(workspace/ros_ur_driver/src/build/ur_calibration/gtest/CMakeFiles) by extension 'python_setup_py'
[0.754s] Level 1:colcon.colcon_core.package_identification:_identify(workspace/ros_ur_driver/src/build/ur_calibration/gtest/CMakeFiles/gtest.dir) by extensions ['ignore', 'ignore_ament_install']
[0.754s] Level 1:colcon.colcon_core.package_identification:_identify(workspace/ros_ur_driver/src/build/ur_calibration/gtest/CMakeFiles/gtest.dir) by extension 'ignore'
[0.754s] Level 1:colcon.colcon_core.package_identification:_identify(workspace/ros_ur_driver/src/build/ur_calibration/gtest/CMakeFiles/gtest.dir) by extension 'ignore_ament_install'
[0.754s] Level 1:colcon.colcon_core.package_identification:_identify(workspace/ros_ur_driver/src/build/ur_calibration/gtest/CMakeFiles/gtest.dir) by extensions ['colcon_pkg']
[0.754s] Level 1:colcon.colcon_core.package_identification:_identify(workspace/ros_ur_driver/src/build/ur_calibration/gtest/CMakeFiles/gtest.dir) by extension 'colcon_pkg'
[0.754s] Level 1:colcon.colcon_core.package_identification:_identify(workspace/ros_ur_driver/src/build/ur_calibration/gtest/CMakeFiles/gtest.dir) by extensions ['colcon_meta']
[0.754s] Level 1:colcon.colcon_core.package_identification:_identify(workspace/ros_ur_driver/src/build/ur_calibration/gtest/CMakeFiles/gtest.dir) by extension 'colcon_meta'
[0.755s] Level 1:colcon.colcon_core.package_identification:_identify(workspace/ros_ur_driver/src/build/ur_calibration/gtest/CMakeFiles/gtest.dir) by extensions ['ros']
[0.755s] Level 1:colcon.colcon_core.package_identification:_identify(workspace/ros_ur_driver/src/build/ur_calibration/gtest/CMakeFiles/gtest.dir) by extension 'ros'
[0.755s] Level 1:colcon.colcon_core.package_identification:_identify(workspace/ros_ur_driver/src/build/ur_calibration/gtest/CMakeFiles/gtest.dir) by extensions ['cmake', 'python']
[0.755s] Level 1:colcon.colcon_core.package_identification:_identify(workspace/ros_ur_driver/src/build/ur_calibration/gtest/CMakeFiles/gtest.dir) by extension 'cmake'
[0.755s] Level 1:colcon.colcon_core.package_identification:_identify(workspace/ros_ur_driver/src/build/ur_calibration/gtest/CMakeFiles/gtest.dir) by extension 'python'
[0.755s] Level 1:colcon.colcon_core.package_identification:_identify(workspace/ros_ur_driver/src/build/ur_calibration/gtest/CMakeFiles/gtest.dir) by extensions ['python_setup_py']
[0.755s] Level 1:colcon.colcon_core.package_identification:_identify(workspace/ros_ur_driver/src/build/ur_calibration/gtest/CMakeFiles/gtest.dir) by extension 'python_setup_py'
[0.756s] Level 1:colcon.colcon_core.package_identification:_identify(workspace/ros_ur_driver/src/build/ur_calibration/gtest/CMakeFiles/gtest.dir/src) by extensions ['ignore', 'ignore_ament_install']
[0.756s] Level 1:colcon.colcon_core.package_identification:_identify(workspace/ros_ur_driver/src/build/ur_calibration/gtest/CMakeFiles/gtest.dir/src) by extension 'ignore'
[0.756s] Level 1:colcon.colcon_core.package_identification:_identify(workspace/ros_ur_driver/src/build/ur_calibration/gtest/CMakeFiles/gtest.dir/src) by extension 'ignore_ament_install'
[0.756s] Level 1:colcon.colcon_core.package_identification:_identify(workspace/ros_ur_driver/src/build/ur_calibration/gtest/CMakeFiles/gtest.dir/src) by extensions ['colcon_pkg']
[0.756s] Level 1:colcon.colcon_core.package_identification:_identify(workspace/ros_ur_driver/src/build/ur_calibration/gtest/CMakeFiles/gtest.dir/src) by extension 'colcon_pkg'
[0.757s] Level 1:colcon.colcon_core.package_identification:_identify(workspace/ros_ur_driver/src/build/ur_calibration/gtest/CMakeFiles/gtest.dir/src) by extensions ['colcon_meta']
[0.757s] Level 1:colcon.colcon_core.package_identification:_identify(workspace/ros_ur_driver/src/build/ur_calibration/gtest/CMakeFiles/gtest.dir/src) by extension 'colcon_meta'
[0.757s] Level 1:colcon.colcon_core.package_identification:_identify(workspace/ros_ur_driver/src/build/ur_calibration/gtest/CMakeFiles/gtest.dir/src) by extensions ['ros']
[0.757s] Level 1:colcon.colcon_core.package_identification:_identify(workspace/ros_ur_driver/src/build/ur_calibration/gtest/CMakeFiles/gtest.dir/src) by extension 'ros'
[0.757s] Level 1:colcon.colcon_core.package_identification:_identify(workspace/ros_ur_driver/src/build/ur_calibration/gtest/CMakeFiles/gtest.dir/src) by extensions ['cmake', 'python']
[0.757s] Level 1:colcon.colcon_core.package_identification:_identify(workspace/ros_ur_driver/src/build/ur_calibration/gtest/CMakeFiles/gtest.dir/src) by extension 'cmake'
[0.757s] Level 1:colcon.colcon_core.package_identification:_identify(workspace/ros_ur_driver/src/build/ur_calibration/gtest/CMakeFiles/gtest.dir/src) by extension 'python'
[0.757s] Level 1:colcon.colcon_core.package_identification:_identify(workspace/ros_ur_driver/src/build/ur_calibration/gtest/CMakeFiles/gtest.dir/src) by extensions ['python_setup_py']
[0.757s] Level 1:colcon.colcon_core.package_identification:_identify(workspace/ros_ur_driver/src/build/ur_calibration/gtest/CMakeFiles/gtest.dir/src) by extension 'python_setup_py'
[0.757s] Level 1:colcon.colcon_core.package_identification:_identify(workspace/ros_ur_driver/src/build/ur_calibration/gtest/CMakeFiles/gtest_main.dir) by extensions ['ignore', 'ignore_ament_install']
[0.758s] Level 1:colcon.colcon_core.package_identification:_identify(workspace/ros_ur_driver/src/build/ur_calibration/gtest/CMakeFiles/gtest_main.dir) by extension 'ignore'
[0.758s] Level 1:colcon.colcon_core.package_identification:_identify(workspace/ros_ur_driver/src/build/ur_calibration/gtest/CMakeFiles/gtest_main.dir) by extension 'ignore_ament_install'
[0.758s] Level 1:colcon.colcon_core.package_identification:_identify(workspace/ros_ur_driver/src/build/ur_calibration/gtest/CMakeFiles/gtest_main.dir) by extensions ['colcon_pkg']
[0.758s] Level 1:colcon.colcon_core.package_identification:_identify(workspace/ros_ur_driver/src/build/ur_calibration/gtest/CMakeFiles/gtest_main.dir) by extension 'colcon_pkg'
[0.758s] Level 1:colcon.colcon_core.package_identification:_identify(workspace/ros_ur_driver/src/build/ur_calibration/gtest/CMakeFiles/gtest_main.dir) by extensions ['colcon_meta']
[0.758s] Level 1:colcon.colcon_core.package_identification:_identify(workspace/ros_ur_driver/src/build/ur_calibration/gtest/CMakeFiles/gtest_main.dir) by extension 'colcon_meta'
[0.758s] Level 1:colcon.colcon_core.package_identification:_identify(workspace/ros_ur_driver/src/build/ur_calibration/gtest/CMakeFiles/gtest_main.dir) by extensions ['ros']
[0.758s] Level 1:colcon.colcon_core.package_identification:_identify(workspace/ros_ur_driver/src/build/ur_calibration/gtest/CMakeFiles/gtest_main.dir) by extension 'ros'
[0.758s] Level 1:colcon.colcon_core.package_identification:_identify(workspace/ros_ur_driver/src/build/ur_calibration/gtest/CMakeFiles/gtest_main.dir) by extensions ['cmake', 'python']
[0.758s] Level 1:colcon.colcon_core.package_identification:_identify(workspace/ros_ur_driver/src/build/ur_calibration/gtest/CMakeFiles/gtest_main.dir) by extension 'cmake'
[0.758s] Level 1:colcon.colcon_core.package_identification:_identify(workspace/ros_ur_driver/src/build/ur_calibration/gtest/CMakeFiles/gtest_main.dir) by extension 'python'
[0.758s] Level 1:colcon.colcon_core.package_identification:_identify(workspace/ros_ur_driver/src/build/ur_calibration/gtest/CMakeFiles/gtest_main.dir) by extensions ['python_setup_py']
[0.759s] Level 1:colcon.colcon_core.package_identification:_identify(workspace/ros_ur_driver/src/build/ur_calibration/gtest/CMakeFiles/gtest_main.dir) by extension 'python_setup_py'
[0.759s] Level 1:colcon.colcon_core.package_identification:_identify(workspace/ros_ur_driver/src/build/ur_calibration/gtest/CMakeFiles/gtest_main.dir/src) by extensions ['ignore', 'ignore_ament_install']
[0.759s] Level 1:colcon.colcon_core.package_identification:_identify(workspace/ros_ur_driver/src/build/ur_calibration/gtest/CMakeFiles/gtest_main.dir/src) by extension 'ignore'
[0.759s] Level 1:colcon.colcon_core.package_identification:_identify(workspace/ros_ur_driver/src/build/ur_calibration/gtest/CMakeFiles/gtest_main.dir/src) by extension 'ignore_ament_install'
[0.759s] Level 1:colcon.colcon_core.package_identification:_identify(workspace/ros_ur_driver/src/build/ur_calibration/gtest/CMakeFiles/gtest_main.dir/src) by extensions ['colcon_pkg']
[0.759s] Level 1:colcon.colcon_core.package_identification:_identify(workspace/ros_ur_driver/src/build/ur_calibration/gtest/CMakeFiles/gtest_main.dir/src) by extension 'colcon_pkg'
[0.759s] Level 1:colcon.colcon_core.package_identification:_identify(workspace/ros_ur_driver/src/build/ur_calibration/gtest/CMakeFiles/gtest_main.dir/src) by extensions ['colcon_meta']
[0.759s] Level 1:colcon.colcon_core.package_identification:_identify(workspace/ros_ur_driver/src/build/ur_calibration/gtest/CMakeFiles/gtest_main.dir/src) by extension 'colcon_meta'
[0.759s] Level 1:colcon.colcon_core.package_identification:_identify(workspace/ros_ur_driver/src/build/ur_calibration/gtest/CMakeFiles/gtest_main.dir/src) by extensions ['ros']
[0.759s] Level 1:colcon.colcon_core.package_identification:_identify(workspace/ros_ur_driver/src/build/ur_calibration/gtest/CMakeFiles/gtest_main.dir/src) by extension 'ros'
[0.759s] Level 1:colcon.colcon_core.package_identification:_identify(workspace/ros_ur_driver/src/build/ur_calibration/gtest/CMakeFiles/gtest_main.dir/src) by extensions ['cmake', 'python']
[0.760s] Level 1:colcon.colcon_core.package_identification:_identify(workspace/ros_ur_driver/src/build/ur_calibration/gtest/CMakeFiles/gtest_main.dir/src) by extension 'cmake'
[0.760s] Level 1:colcon.colcon_core.package_identification:_identify(workspace/ros_ur_driver/src/build/ur_calibration/gtest/CMakeFiles/gtest_main.dir/src) by extension 'python'
[0.760s] Level 1:colcon.colcon_core.package_identification:_identify(workspace/ros_ur_driver/src/build/ur_calibration/gtest/CMakeFiles/gtest_main.dir/src) by extensions ['python_setup_py']
[0.760s] Level 1:colcon.colcon_core.package_identification:_identify(workspace/ros_ur_driver/src/build/ur_calibration/gtest/CMakeFiles/gtest_main.dir/src) by extension 'python_setup_py'
[0.760s] Level 1:colcon.colcon_core.package_identification:_identify(workspace/ros_ur_driver/src/build/ur_controllers) by extensions ['ignore', 'ignore_ament_install']
[0.760s] Level 1:colcon.colcon_core.package_identification:_identify(workspace/ros_ur_driver/src/build/ur_controllers) by extension 'ignore'
[0.760s] Level 1:colcon.colcon_core.package_identification:_identify(workspace/ros_ur_driver/src/build/ur_controllers) by extension 'ignore_ament_install'
[0.760s] Level 1:colcon.colcon_core.package_identification:_identify(workspace/ros_ur_driver/src/build/ur_controllers) by extensions ['colcon_pkg']
[0.760s] Level 1:colcon.colcon_core.package_identification:_identify(workspace/ros_ur_driver/src/build/ur_controllers) by extension 'colcon_pkg'
[0.760s] Level 1:colcon.colcon_core.package_identification:_identify(workspace/ros_ur_driver/src/build/ur_controllers) by extensions ['colcon_meta']
[0.760s] Level 1:colcon.colcon_core.package_identification:_identify(workspace/ros_ur_driver/src/build/ur_controllers) by extension 'colcon_meta'
[0.760s] Level 1:colcon.colcon_core.package_identification:_identify(workspace/ros_ur_driver/src/build/ur_controllers) by extensions ['ros']
[0.761s] Level 1:colcon.colcon_core.package_identification:_identify(workspace/ros_ur_driver/src/build/ur_controllers) by extension 'ros'
[0.761s] Level 1:colcon.colcon_core.package_identification:_identify(workspace/ros_ur_driver/src/build/ur_controllers) by extensions ['cmake', 'python']
[0.761s] Level 1:colcon.colcon_core.package_identification:_identify(workspace/ros_ur_driver/src/build/ur_controllers) by extension 'cmake'
[0.761s] Level 1:colcon.colcon_core.package_identification:_identify(workspace/ros_ur_driver/src/build/ur_controllers) by extension 'python'
[0.761s] Level 1:colcon.colcon_core.package_identification:_identify(workspace/ros_ur_driver/src/build/ur_controllers) by extensions ['python_setup_py']
[0.761s] Level 1:colcon.colcon_core.package_identification:_identify(workspace/ros_ur_driver/src/build/ur_controllers) by extension 'python_setup_py'
[0.761s] Level 1:colcon.colcon_core.package_identification:_identify(workspace/ros_ur_driver/src/build/ur_controllers/CMakeFiles) by extensions ['ignore', 'ignore_ament_install']
[0.761s] Level 1:colcon.colcon_core.package_identification:_identify(workspace/ros_ur_driver/src/build/ur_controllers/CMakeFiles) by extension 'ignore'
[0.761s] Level 1:colcon.colcon_core.package_identification:_identify(workspace/ros_ur_driver/src/build/ur_controllers/CMakeFiles) by extension 'ignore_ament_install'
[0.761s] Level 1:colcon.colcon_core.package_identification:_identify(workspace/ros_ur_driver/src/build/ur_controllers/CMakeFiles) by extensions ['colcon_pkg']
[0.761s] Level 1:colcon.colcon_core.package_identification:_identify(workspace/ros_ur_driver/src/build/ur_controllers/CMakeFiles) by extension 'colcon_pkg'
[0.761s] Level 1:colcon.colcon_core.package_identification:_identify(workspace/ros_ur_driver/src/build/ur_controllers/CMakeFiles) by extensions ['colcon_meta']
[0.762s] Level 1:colcon.colcon_core.package_identification:_identify(workspace/ros_ur_driver/src/build/ur_controllers/CMakeFiles) by extension 'colcon_meta'
[0.762s] Level 1:colcon.colcon_core.package_identification:_identify(workspace/ros_ur_driver/src/build/ur_controllers/CMakeFiles) by extensions ['ros']
[0.762s] Level 1:colcon.colcon_core.package_identification:_identify(workspace/ros_ur_driver/src/build/ur_controllers/CMakeFiles) by extension 'ros'
[0.762s] Level 1:colcon.colcon_core.package_identification:_identify(workspace/ros_ur_driver/src/build/ur_controllers/CMakeFiles) by extensions ['cmake', 'python']
[0.762s] Level 1:colcon.colcon_core.package_identification:_identify(workspace/ros_ur_driver/src/build/ur_controllers/CMakeFiles) by extension 'cmake'
[0.762s] Level 1:colcon.colcon_core.package_identification:_identify(workspace/ros_ur_driver/src/build/ur_controllers/CMakeFiles) by extension 'python'
[0.762s] Level 1:colcon.colcon_core.package_identification:_identify(workspace/ros_ur_driver/src/build/ur_controllers/CMakeFiles) by extensions ['python_setup_py']
[0.762s] Level 1:colcon.colcon_core.package_identification:_identify(workspace/ros_ur_driver/src/build/ur_controllers/CMakeFiles) by extension 'python_setup_py'
[0.762s] Level 1:colcon.colcon_core.package_identification:_identify(workspace/ros_ur_driver/src/build/ur_controllers/CMakeFiles/3.22.1) by extensions ['ignore', 'ignore_ament_install']
[0.762s] Level 1:colcon.colcon_core.package_identification:_identify(workspace/ros_ur_driver/src/build/ur_controllers/CMakeFiles/3.22.1) by extension 'ignore'
[0.762s] Level 1:colcon.colcon_core.package_identification:_identify(workspace/ros_ur_driver/src/build/ur_controllers/CMakeFiles/3.22.1) by extension 'ignore_ament_install'
[0.763s] Level 1:colcon.colcon_core.package_identification:_identify(workspace/ros_ur_driver/src/build/ur_controllers/CMakeFiles/3.22.1) by extensions ['colcon_pkg']
[0.763s] Level 1:colcon.colcon_core.package_identification:_identify(workspace/ros_ur_driver/src/build/ur_controllers/CMakeFiles/3.22.1) by extension 'colcon_pkg'
[0.763s] Level 1:colcon.colcon_core.package_identification:_identify(workspace/ros_ur_driver/src/build/ur_controllers/CMakeFiles/3.22.1) by extensions ['colcon_meta']
[0.764s] Level 1:colcon.colcon_core.package_identification:_identify(workspace/ros_ur_driver/src/build/ur_controllers/CMakeFiles/3.22.1) by extension 'colcon_meta'
[0.764s] Level 1:colcon.colcon_core.package_identification:_identify(workspace/ros_ur_driver/src/build/ur_controllers/CMakeFiles/3.22.1) by extensions ['ros']
[0.764s] Level 1:colcon.colcon_core.package_identification:_identify(workspace/ros_ur_driver/src/build/ur_controllers/CMakeFiles/3.22.1) by extension 'ros'
[0.764s] Level 1:colcon.colcon_core.package_identification:_identify(workspace/ros_ur_driver/src/build/ur_controllers/CMakeFiles/3.22.1) by extensions ['cmake', 'python']
[0.764s] Level 1:colcon.colcon_core.package_identification:_identify(workspace/ros_ur_driver/src/build/ur_controllers/CMakeFiles/3.22.1) by extension 'cmake'
[0.764s] Level 1:colcon.colcon_core.package_identification:_identify(workspace/ros_ur_driver/src/build/ur_controllers/CMakeFiles/3.22.1) by extension 'python'
[0.764s] Level 1:colcon.colcon_core.package_identification:_identify(workspace/ros_ur_driver/src/build/ur_controllers/CMakeFiles/3.22.1) by extensions ['python_setup_py']
[0.764s] Level 1:colcon.colcon_core.package_identification:_identify(workspace/ros_ur_driver/src/build/ur_controllers/CMakeFiles/3.22.1) by extension 'python_setup_py'
[0.764s] Level 1:colcon.colcon_core.package_identification:_identify(workspace/ros_ur_driver/src/build/ur_controllers/CMakeFiles/3.22.1/CompilerIdC) by extensions ['ignore', 'ignore_ament_install']
[0.766s] Level 1:colcon.colcon_core.package_identification:_identify(workspace/ros_ur_driver/src/build/ur_controllers/CMakeFiles/3.22.1/CompilerIdC) by extension 'ignore'
[0.766s] Level 1:colcon.colcon_core.package_identification:_identify(workspace/ros_ur_driver/src/build/ur_controllers/CMakeFiles/3.22.1/CompilerIdC) by extension 'ignore_ament_install'
[0.766s] Level 1:colcon.colcon_core.package_identification:_identify(workspace/ros_ur_driver/src/build/ur_controllers/CMakeFiles/3.22.1/CompilerIdC) by extensions ['colcon_pkg']
[0.766s] Level 1:colcon.colcon_core.package_identification:_identify(workspace/ros_ur_driver/src/build/ur_controllers/CMakeFiles/3.22.1/CompilerIdC) by extension 'colcon_pkg'
[0.766s] Level 1:colcon.colcon_core.package_identification:_identify(workspace/ros_ur_driver/src/build/ur_controllers/CMakeFiles/3.22.1/CompilerIdC) by extensions ['colcon_meta']
[0.766s] Level 1:colcon.colcon_core.package_identification:_identify(workspace/ros_ur_driver/src/build/ur_controllers/CMakeFiles/3.22.1/CompilerIdC) by extension 'colcon_meta'
[0.766s] Level 1:colcon.colcon_core.package_identification:_identify(workspace/ros_ur_driver/src/build/ur_controllers/CMakeFiles/3.22.1/CompilerIdC) by extensions ['ros']
[0.766s] Level 1:colcon.colcon_core.package_identification:_identify(workspace/ros_ur_driver/src/build/ur_controllers/CMakeFiles/3.22.1/CompilerIdC) by extension 'ros'
[0.767s] Level 1:colcon.colcon_core.package_identification:_identify(workspace/ros_ur_driver/src/build/ur_controllers/CMakeFiles/3.22.1/CompilerIdC) by extensions ['cmake', 'python']
[0.767s] Level 1:colcon.colcon_core.package_identification:_identify(workspace/ros_ur_driver/src/build/ur_controllers/CMakeFiles/3.22.1/CompilerIdC) by extension 'cmake'
[0.767s] Level 1:colcon.colcon_core.package_identification:_identify(workspace/ros_ur_driver/src/build/ur_controllers/CMakeFiles/3.22.1/CompilerIdC) by extension 'python'
[0.767s] Level 1:colcon.colcon_core.package_identification:_identify(workspace/ros_ur_driver/src/build/ur_controllers/CMakeFiles/3.22.1/CompilerIdC) by extensions ['python_setup_py']
[0.767s] Level 1:colcon.colcon_core.package_identification:_identify(workspace/ros_ur_driver/src/build/ur_controllers/CMakeFiles/3.22.1/CompilerIdC) by extension 'python_setup_py'
[0.767s] Level 1:colcon.colcon_core.package_identification:_identify(workspace/ros_ur_driver/src/build/ur_controllers/CMakeFiles/3.22.1/CompilerIdC/tmp) by extensions ['ignore', 'ignore_ament_install']
[0.768s] Level 1:colcon.colcon_core.package_identification:_identify(workspace/ros_ur_driver/src/build/ur_controllers/CMakeFiles/3.22.1/CompilerIdC/tmp) by extension 'ignore'
[0.768s] Level 1:colcon.colcon_core.package_identification:_identify(workspace/ros_ur_driver/src/build/ur_controllers/CMakeFiles/3.22.1/CompilerIdC/tmp) by extension 'ignore_ament_install'
[0.768s] Level 1:colcon.colcon_core.package_identification:_identify(workspace/ros_ur_driver/src/build/ur_controllers/CMakeFiles/3.22.1/CompilerIdC/tmp) by extensions ['colcon_pkg']
[0.768s] Level 1:colcon.colcon_core.package_identification:_identify(workspace/ros_ur_driver/src/build/ur_controllers/CMakeFiles/3.22.1/CompilerIdC/tmp) by extension 'colcon_pkg'
[0.768s] Level 1:colcon.colcon_core.package_identification:_identify(workspace/ros_ur_driver/src/build/ur_controllers/CMakeFiles/3.22.1/CompilerIdC/tmp) by extensions ['colcon_meta']
[0.769s] Level 1:colcon.colcon_core.package_identification:_identify(workspace/ros_ur_driver/src/build/ur_controllers/CMakeFiles/3.22.1/CompilerIdC/tmp) by extension 'colcon_meta'
[0.769s] Level 1:colcon.colcon_core.package_identification:_identify(workspace/ros_ur_driver/src/build/ur_controllers/CMakeFiles/3.22.1/CompilerIdC/tmp) by extensions ['ros']
[0.769s] Level 1:colcon.colcon_core.package_identification:_identify(workspace/ros_ur_driver/src/build/ur_controllers/CMakeFiles/3.22.1/CompilerIdC/tmp) by extension 'ros'
[0.769s] Level 1:colcon.colcon_core.package_identification:_identify(workspace/ros_ur_driver/src/build/ur_controllers/CMakeFiles/3.22.1/CompilerIdC/tmp) by extensions ['cmake', 'python']
[0.770s] Level 1:colcon.colcon_core.package_identification:_identify(workspace/ros_ur_driver/src/build/ur_controllers/CMakeFiles/3.22.1/CompilerIdC/tmp) by extension 'cmake'
[0.770s] Level 1:colcon.colcon_core.package_identification:_identify(workspace/ros_ur_driver/src/build/ur_controllers/CMakeFiles/3.22.1/CompilerIdC/tmp) by extension 'python'
[0.770s] Level 1:colcon.colcon_core.package_identification:_identify(workspace/ros_ur_driver/src/build/ur_controllers/CMakeFiles/3.22.1/CompilerIdC/tmp) by extensions ['python_setup_py']
[0.770s] Level 1:colcon.colcon_core.package_identification:_identify(workspace/ros_ur_driver/src/build/ur_controllers/CMakeFiles/3.22.1/CompilerIdC/tmp) by extension 'python_setup_py'
[0.770s] Level 1:colcon.colcon_core.package_identification:_identify(workspace/ros_ur_driver/src/build/ur_controllers/CMakeFiles/3.22.1/CompilerIdCXX) by extensions ['ignore', 'ignore_ament_install']
[0.772s] Level 1:colcon.colcon_core.package_identification:_identify(workspace/ros_ur_driver/src/build/ur_controllers/CMakeFiles/3.22.1/CompilerIdCXX) by extension 'ignore'
[0.772s] Level 1:colcon.colcon_core.package_identification:_identify(workspace/ros_ur_driver/src/build/ur_controllers/CMakeFiles/3.22.1/CompilerIdCXX) by extension 'ignore_ament_install'
[0.772s] Level 1:colcon.colcon_core.package_identification:_identify(workspace/ros_ur_driver/src/build/ur_controllers/CMakeFiles/3.22.1/CompilerIdCXX) by extensions ['colcon_pkg']
[0.772s] Level 1:colcon.colcon_core.package_identification:_identify(workspace/ros_ur_driver/src/build/ur_controllers/CMakeFiles/3.22.1/CompilerIdCXX) by extension 'colcon_pkg'
[0.772s] Level 1:colcon.colcon_core.package_identification:_identify(workspace/ros_ur_driver/src/build/ur_controllers/CMakeFiles/3.22.1/CompilerIdCXX) by extensions ['colcon_meta']
[0.772s] Level 1:colcon.colcon_core.package_identification:_identify(workspace/ros_ur_driver/src/build/ur_controllers/CMakeFiles/3.22.1/CompilerIdCXX) by extension 'colcon_meta'
[0.772s] Level 1:colcon.colcon_core.package_identification:_identify(workspace/ros_ur_driver/src/build/ur_controllers/CMakeFiles/3.22.1/CompilerIdCXX) by extensions ['ros']
[0.772s] Level 1:colcon.colcon_core.package_identification:_identify(workspace/ros_ur_driver/src/build/ur_controllers/CMakeFiles/3.22.1/CompilerIdCXX) by extension 'ros'
[0.773s] Level 1:colcon.colcon_core.package_identification:_identify(workspace/ros_ur_driver/src/build/ur_controllers/CMakeFiles/3.22.1/CompilerIdCXX) by extensions ['cmake', 'python']
[0.773s] Level 1:colcon.colcon_core.package_identification:_identify(workspace/ros_ur_driver/src/build/ur_controllers/CMakeFiles/3.22.1/CompilerIdCXX) by extension 'cmake'
[0.773s] Level 1:colcon.colcon_core.package_identification:_identify(workspace/ros_ur_driver/src/build/ur_controllers/CMakeFiles/3.22.1/CompilerIdCXX) by extension 'python'
[0.773s] Level 1:colcon.colcon_core.package_identification:_identify(workspace/ros_ur_driver/src/build/ur_controllers/CMakeFiles/3.22.1/CompilerIdCXX) by extensions ['python_setup_py']
[0.773s] Level 1:colcon.colcon_core.package_identification:_identify(workspace/ros_ur_driver/src/build/ur_controllers/CMakeFiles/3.22.1/CompilerIdCXX) by extension 'python_setup_py'
[0.773s] Level 1:colcon.colcon_core.package_identification:_identify(workspace/ros_ur_driver/src/build/ur_controllers/CMakeFiles/3.22.1/CompilerIdCXX/tmp) by extensions ['ignore', 'ignore_ament_install']
[0.773s] Level 1:colcon.colcon_core.package_identification:_identify(workspace/ros_ur_driver/src/build/ur_controllers/CMakeFiles/3.22.1/CompilerIdCXX/tmp) by extension 'ignore'
[0.773s] Level 1:colcon.colcon_core.package_identification:_identify(workspace/ros_ur_driver/src/build/ur_controllers/CMakeFiles/3.22.1/CompilerIdCXX/tmp) by extension 'ignore_ament_install'
[0.773s] Level 1:colcon.colcon_core.package_identification:_identify(workspace/ros_ur_driver/src/build/ur_controllers/CMakeFiles/3.22.1/CompilerIdCXX/tmp) by extensions ['colcon_pkg']
[0.773s] Level 1:colcon.colcon_core.package_identification:_identify(workspace/ros_ur_driver/src/build/ur_controllers/CMakeFiles/3.22.1/CompilerIdCXX/tmp) by extension 'colcon_pkg'
[0.773s] Level 1:colcon.colcon_core.package_identification:_identify(workspace/ros_ur_driver/src/build/ur_controllers/CMakeFiles/3.22.1/CompilerIdCXX/tmp) by extensions ['colcon_meta']
[0.773s] Level 1:colcon.colcon_core.package_identification:_identify(workspace/ros_ur_driver/src/build/ur_controllers/CMakeFiles/3.22.1/CompilerIdCXX/tmp) by extension 'colcon_meta'
[0.773s] Level 1:colcon.colcon_core.package_identification:_identify(workspace/ros_ur_driver/src/build/ur_controllers/CMakeFiles/3.22.1/CompilerIdCXX/tmp) by extensions ['ros']
[0.773s] Level 1:colcon.colcon_core.package_identification:_identify(workspace/ros_ur_driver/src/build/ur_controllers/CMakeFiles/3.22.1/CompilerIdCXX/tmp) by extension 'ros'
[0.774s] Level 1:colcon.colcon_core.package_identification:_identify(workspace/ros_ur_driver/src/build/ur_controllers/CMakeFiles/3.22.1/CompilerIdCXX/tmp) by extensions ['cmake', 'python']
[0.774s] Level 1:colcon.colcon_core.package_identification:_identify(workspace/ros_ur_driver/src/build/ur_controllers/CMakeFiles/3.22.1/CompilerIdCXX/tmp) by extension 'cmake'
[0.774s] Level 1:colcon.colcon_core.package_identification:_identify(workspace/ros_ur_driver/src/build/ur_controllers/CMakeFiles/3.22.1/CompilerIdCXX/tmp) by extension 'python'
[0.774s] Level 1:colcon.colcon_core.package_identification:_identify(workspace/ros_ur_driver/src/build/ur_controllers/CMakeFiles/3.22.1/CompilerIdCXX/tmp) by extensions ['python_setup_py']
[0.774s] Level 1:colcon.colcon_core.package_identification:_identify(workspace/ros_ur_driver/src/build/ur_controllers/CMakeFiles/3.22.1/CompilerIdCXX/tmp) by extension 'python_setup_py'
[0.774s] Level 1:colcon.colcon_core.package_identification:_identify(workspace/ros_ur_driver/src/build/ur_controllers/CMakeFiles/CMakeTmp) by extensions ['ignore', 'ignore_ament_install']
[0.774s] Level 1:colcon.colcon_core.package_identification:_identify(workspace/ros_ur_driver/src/build/ur_controllers/CMakeFiles/CMakeTmp) by extension 'ignore'
[0.774s] Level 1:colcon.colcon_core.package_identification:_identify(workspace/ros_ur_driver/src/build/ur_controllers/CMakeFiles/CMakeTmp) by extension 'ignore_ament_install'
[0.774s] Level 1:colcon.colcon_core.package_identification:_identify(workspace/ros_ur_driver/src/build/ur_controllers/CMakeFiles/CMakeTmp) by extensions ['colcon_pkg']
[0.774s] Level 1:colcon.colcon_core.package_identification:_identify(workspace/ros_ur_driver/src/build/ur_controllers/CMakeFiles/CMakeTmp) by extension 'colcon_pkg'
[0.774s] Level 1:colcon.colcon_core.package_identification:_identify(workspace/ros_ur_driver/src/build/ur_controllers/CMakeFiles/CMakeTmp) by extensions ['colcon_meta']
[0.774s] Level 1:colcon.colcon_core.package_identification:_identify(workspace/ros_ur_driver/src/build/ur_controllers/CMakeFiles/CMakeTmp) by extension 'colcon_meta'
[0.774s] Level 1:colcon.colcon_core.package_identification:_identify(workspace/ros_ur_driver/src/build/ur_controllers/CMakeFiles/CMakeTmp) by extensions ['ros']
[0.774s] Level 1:colcon.colcon_core.package_identification:_identify(workspace/ros_ur_driver/src/build/ur_controllers/CMakeFiles/CMakeTmp) by extension 'ros'
[0.774s] Level 1:colcon.colcon_core.package_identification:_identify(workspace/ros_ur_driver/src/build/ur_controllers/CMakeFiles/CMakeTmp) by extensions ['cmake', 'python']
[0.775s] Level 1:colcon.colcon_core.package_identification:_identify(workspace/ros_ur_driver/src/build/ur_controllers/CMakeFiles/CMakeTmp) by extension 'cmake'
[0.775s] Level 1:colcon.colcon_core.package_identification:_identify(workspace/ros_ur_driver/src/build/ur_controllers/CMakeFiles/CMakeTmp) by extension 'python'
[0.775s] Level 1:colcon.colcon_core.package_identification:_identify(workspace/ros_ur_driver/src/build/ur_controllers/CMakeFiles/CMakeTmp) by extensions ['python_setup_py']
[0.775s] Level 1:colcon.colcon_core.package_identification:_identify(workspace/ros_ur_driver/src/build/ur_controllers/CMakeFiles/CMakeTmp) by extension 'python_setup_py'
[0.775s] Level 1:colcon.colcon_core.package_identification:_identify(workspace/ros_ur_driver/src/build/ur_dashboard_msgs) by extensions ['ignore', 'ignore_ament_install']
[0.775s] Level 1:colcon.colcon_core.package_identification:_identify(workspace/ros_ur_driver/src/build/ur_dashboard_msgs) by extension 'ignore'
[0.775s] Level 1:colcon.colcon_core.package_identification:_identify(workspace/ros_ur_driver/src/build/ur_dashboard_msgs) by extension 'ignore_ament_install'
[0.775s] Level 1:colcon.colcon_core.package_identification:_identify(workspace/ros_ur_driver/src/build/ur_dashboard_msgs) by extensions ['colcon_pkg']
[0.775s] Level 1:colcon.colcon_core.package_identification:_identify(workspace/ros_ur_driver/src/build/ur_dashboard_msgs) by extension 'colcon_pkg'
[0.775s] Level 1:colcon.colcon_core.package_identification:_identify(workspace/ros_ur_driver/src/build/ur_dashboard_msgs) by extensions ['colcon_meta']
[0.775s] Level 1:colcon.colcon_core.package_identification:_identify(workspace/ros_ur_driver/src/build/ur_dashboard_msgs) by extension 'colcon_meta'
[0.775s] Level 1:colcon.colcon_core.package_identification:_identify(workspace/ros_ur_driver/src/build/ur_dashboard_msgs) by extensions ['ros']
[0.775s] Level 1:colcon.colcon_core.package_identification:_identify(workspace/ros_ur_driver/src/build/ur_dashboard_msgs) by extension 'ros'
[0.775s] Level 1:colcon.colcon_core.package_identification:_identify(workspace/ros_ur_driver/src/build/ur_dashboard_msgs) by extensions ['cmake', 'python']
[0.775s] Level 1:colcon.colcon_core.package_identification:_identify(workspace/ros_ur_driver/src/build/ur_dashboard_msgs) by extension 'cmake'
[0.776s] Level 1:colcon.colcon_core.package_identification:_identify(workspace/ros_ur_driver/src/build/ur_dashboard_msgs) by extension 'python'
[0.776s] Level 1:colcon.colcon_core.package_identification:_identify(workspace/ros_ur_driver/src/build/ur_dashboard_msgs) by extensions ['python_setup_py']
[0.776s] Level 1:colcon.colcon_core.package_identification:_identify(workspace/ros_ur_driver/src/build/ur_dashboard_msgs) by extension 'python_setup_py'
[0.776s] Level 1:colcon.colcon_core.package_identification:_identify(workspace/ros_ur_driver/src/build/ur_dashboard_msgs/CMakeFiles) by extensions ['ignore', 'ignore_ament_install']
[0.776s] Level 1:colcon.colcon_core.package_identification:_identify(workspace/ros_ur_driver/src/build/ur_dashboard_msgs/CMakeFiles) by extension 'ignore'
[0.776s] Level 1:colcon.colcon_core.package_identification:_identify(workspace/ros_ur_driver/src/build/ur_dashboard_msgs/CMakeFiles) by extension 'ignore_ament_install'
[0.776s] Level 1:colcon.colcon_core.package_identification:_identify(workspace/ros_ur_driver/src/build/ur_dashboard_msgs/CMakeFiles) by extensions ['colcon_pkg']
[0.776s] Level 1:colcon.colcon_core.package_identification:_identify(workspace/ros_ur_driver/src/build/ur_dashboard_msgs/CMakeFiles) by extension 'colcon_pkg'
[0.776s] Level 1:colcon.colcon_core.package_identification:_identify(workspace/ros_ur_driver/src/build/ur_dashboard_msgs/CMakeFiles) by extensions ['colcon_meta']
[0.776s] Level 1:colcon.colcon_core.package_identification:_identify(workspace/ros_ur_driver/src/build/ur_dashboard_msgs/CMakeFiles) by extension 'colcon_meta'
[0.776s] Level 1:colcon.colcon_core.package_identification:_identify(workspace/ros_ur_driver/src/build/ur_dashboard_msgs/CMakeFiles) by extensions ['ros']
[0.776s] Level 1:colcon.colcon_core.package_identification:_identify(workspace/ros_ur_driver/src/build/ur_dashboard_msgs/CMakeFiles) by extension 'ros'
[0.776s] Level 1:colcon.colcon_core.package_identification:_identify(workspace/ros_ur_driver/src/build/ur_dashboard_msgs/CMakeFiles) by extensions ['cmake', 'python']
[0.776s] Level 1:colcon.colcon_core.package_identification:_identify(workspace/ros_ur_driver/src/build/ur_dashboard_msgs/CMakeFiles) by extension 'cmake'
[0.776s] Level 1:colcon.colcon_core.package_identification:_identify(workspace/ros_ur_driver/src/build/ur_dashboard_msgs/CMakeFiles) by extension 'python'
[0.777s] Level 1:colcon.colcon_core.package_identification:_identify(workspace/ros_ur_driver/src/build/ur_dashboard_msgs/CMakeFiles) by extensions ['python_setup_py']
[0.777s] Level 1:colcon.colcon_core.package_identification:_identify(workspace/ros_ur_driver/src/build/ur_dashboard_msgs/CMakeFiles) by extension 'python_setup_py'
[0.777s] Level 1:colcon.colcon_core.package_identification:_identify(workspace/ros_ur_driver/src/build/ur_dashboard_msgs/CMakeFiles/3.22.1) by extensions ['ignore', 'ignore_ament_install']
[0.777s] Level 1:colcon.colcon_core.package_identification:_identify(workspace/ros_ur_driver/src/build/ur_dashboard_msgs/CMakeFiles/3.22.1) by extension 'ignore'
[0.777s] Level 1:colcon.colcon_core.package_identification:_identify(workspace/ros_ur_driver/src/build/ur_dashboard_msgs/CMakeFiles/3.22.1) by extension 'ignore_ament_install'
[0.777s] Level 1:colcon.colcon_core.package_identification:_identify(workspace/ros_ur_driver/src/build/ur_dashboard_msgs/CMakeFiles/3.22.1) by extensions ['colcon_pkg']
[0.777s] Level 1:colcon.colcon_core.package_identification:_identify(workspace/ros_ur_driver/src/build/ur_dashboard_msgs/CMakeFiles/3.22.1) by extension 'colcon_pkg'
[0.777s] Level 1:colcon.colcon_core.package_identification:_identify(workspace/ros_ur_driver/src/build/ur_dashboard_msgs/CMakeFiles/3.22.1) by extensions ['colcon_meta']
[0.777s] Level 1:colcon.colcon_core.package_identification:_identify(workspace/ros_ur_driver/src/build/ur_dashboard_msgs/CMakeFiles/3.22.1) by extension 'colcon_meta'
[0.777s] Level 1:colcon.colcon_core.package_identification:_identify(workspace/ros_ur_driver/src/build/ur_dashboard_msgs/CMakeFiles/3.22.1) by extensions ['ros']
[0.777s] Level 1:colcon.colcon_core.package_identification:_identify(workspace/ros_ur_driver/src/build/ur_dashboard_msgs/CMakeFiles/3.22.1) by extension 'ros'
[0.777s] Level 1:colcon.colcon_core.package_identification:_identify(workspace/ros_ur_driver/src/build/ur_dashboard_msgs/CMakeFiles/3.22.1) by extensions ['cmake', 'python']
[0.777s] Level 1:colcon.colcon_core.package_identification:_identify(workspace/ros_ur_driver/src/build/ur_dashboard_msgs/CMakeFiles/3.22.1) by extension 'cmake'
[0.777s] Level 1:colcon.colcon_core.package_identification:_identify(workspace/ros_ur_driver/src/build/ur_dashboard_msgs/CMakeFiles/3.22.1) by extension 'python'
[0.777s] Level 1:colcon.colcon_core.package_identification:_identify(workspace/ros_ur_driver/src/build/ur_dashboard_msgs/CMakeFiles/3.22.1) by extensions ['python_setup_py']
[0.778s] Level 1:colcon.colcon_core.package_identification:_identify(workspace/ros_ur_driver/src/build/ur_dashboard_msgs/CMakeFiles/3.22.1) by extension 'python_setup_py'
[0.778s] Level 1:colcon.colcon_core.package_identification:_identify(workspace/ros_ur_driver/src/build/ur_dashboard_msgs/CMakeFiles/3.22.1/CompilerIdC) by extensions ['ignore', 'ignore_ament_install']
[0.778s] Level 1:colcon.colcon_core.package_identification:_identify(workspace/ros_ur_driver/src/build/ur_dashboard_msgs/CMakeFiles/3.22.1/CompilerIdC) by extension 'ignore'
[0.778s] Level 1:colcon.colcon_core.package_identification:_identify(workspace/ros_ur_driver/src/build/ur_dashboard_msgs/CMakeFiles/3.22.1/CompilerIdC) by extension 'ignore_ament_install'
[0.778s] Level 1:colcon.colcon_core.package_identification:_identify(workspace/ros_ur_driver/src/build/ur_dashboard_msgs/CMakeFiles/3.22.1/CompilerIdC) by extensions ['colcon_pkg']
[0.778s] Level 1:colcon.colcon_core.package_identification:_identify(workspace/ros_ur_driver/src/build/ur_dashboard_msgs/CMakeFiles/3.22.1/CompilerIdC) by extension 'colcon_pkg'
[0.778s] Level 1:colcon.colcon_core.package_identification:_identify(workspace/ros_ur_driver/src/build/ur_dashboard_msgs/CMakeFiles/3.22.1/CompilerIdC) by extensions ['colcon_meta']
[0.778s] Level 1:colcon.colcon_core.package_identification:_identify(workspace/ros_ur_driver/src/build/ur_dashboard_msgs/CMakeFiles/3.22.1/CompilerIdC) by extension 'colcon_meta'
[0.778s] Level 1:colcon.colcon_core.package_identification:_identify(workspace/ros_ur_driver/src/build/ur_dashboard_msgs/CMakeFiles/3.22.1/CompilerIdC) by extensions ['ros']
[0.778s] Level 1:colcon.colcon_core.package_identification:_identify(workspace/ros_ur_driver/src/build/ur_dashboard_msgs/CMakeFiles/3.22.1/CompilerIdC) by extension 'ros'
[0.778s] Level 1:colcon.colcon_core.package_identification:_identify(workspace/ros_ur_driver/src/build/ur_dashboard_msgs/CMakeFiles/3.22.1/CompilerIdC) by extensions ['cmake', 'python']
[0.778s] Level 1:colcon.colcon_core.package_identification:_identify(workspace/ros_ur_driver/src/build/ur_dashboard_msgs/CMakeFiles/3.22.1/CompilerIdC) by extension 'cmake'
[0.778s] Level 1:colcon.colcon_core.package_identification:_identify(workspace/ros_ur_driver/src/build/ur_dashboard_msgs/CMakeFiles/3.22.1/CompilerIdC) by extension 'python'
[0.778s] Level 1:colcon.colcon_core.package_identification:_identify(workspace/ros_ur_driver/src/build/ur_dashboard_msgs/CMakeFiles/3.22.1/CompilerIdC) by extensions ['python_setup_py']
[0.778s] Level 1:colcon.colcon_core.package_identification:_identify(workspace/ros_ur_driver/src/build/ur_dashboard_msgs/CMakeFiles/3.22.1/CompilerIdC) by extension 'python_setup_py'
[0.779s] Level 1:colcon.colcon_core.package_identification:_identify(workspace/ros_ur_driver/src/build/ur_dashboard_msgs/CMakeFiles/3.22.1/CompilerIdC/tmp) by extensions ['ignore', 'ignore_ament_install']
[0.779s] Level 1:colcon.colcon_core.package_identification:_identify(workspace/ros_ur_driver/src/build/ur_dashboard_msgs/CMakeFiles/3.22.1/CompilerIdC/tmp) by extension 'ignore'
[0.779s] Level 1:colcon.colcon_core.package_identification:_identify(workspace/ros_ur_driver/src/build/ur_dashboard_msgs/CMakeFiles/3.22.1/CompilerIdC/tmp) by extension 'ignore_ament_install'
[0.779s] Level 1:colcon.colcon_core.package_identification:_identify(workspace/ros_ur_driver/src/build/ur_dashboard_msgs/CMakeFiles/3.22.1/CompilerIdC/tmp) by extensions ['colcon_pkg']
[0.779s] Level 1:colcon.colcon_core.package_identification:_identify(workspace/ros_ur_driver/src/build/ur_dashboard_msgs/CMakeFiles/3.22.1/CompilerIdC/tmp) by extension 'colcon_pkg'
[0.779s] Level 1:colcon.colcon_core.package_identification:_identify(workspace/ros_ur_driver/src/build/ur_dashboard_msgs/CMakeFiles/3.22.1/CompilerIdC/tmp) by extensions ['colcon_meta']
[0.779s] Level 1:colcon.colcon_core.package_identification:_identify(workspace/ros_ur_driver/src/build/ur_dashboard_msgs/CMakeFiles/3.22.1/CompilerIdC/tmp) by extension 'colcon_meta'
[0.779s] Level 1:colcon.colcon_core.package_identification:_identify(workspace/ros_ur_driver/src/build/ur_dashboard_msgs/CMakeFiles/3.22.1/CompilerIdC/tmp) by extensions ['ros']
[0.779s] Level 1:colcon.colcon_core.package_identification:_identify(workspace/ros_ur_driver/src/build/ur_dashboard_msgs/CMakeFiles/3.22.1/CompilerIdC/tmp) by extension 'ros'
[0.779s] Level 1:colcon.colcon_core.package_identification:_identify(workspace/ros_ur_driver/src/build/ur_dashboard_msgs/CMakeFiles/3.22.1/CompilerIdC/tmp) by extensions ['cmake', 'python']
[0.779s] Level 1:colcon.colcon_core.package_identification:_identify(workspace/ros_ur_driver/src/build/ur_dashboard_msgs/CMakeFiles/3.22.1/CompilerIdC/tmp) by extension 'cmake'
[0.779s] Level 1:colcon.colcon_core.package_identification:_identify(workspace/ros_ur_driver/src/build/ur_dashboard_msgs/CMakeFiles/3.22.1/CompilerIdC/tmp) by extension 'python'
[0.779s] Level 1:colcon.colcon_core.package_identification:_identify(workspace/ros_ur_driver/src/build/ur_dashboard_msgs/CMakeFiles/3.22.1/CompilerIdC/tmp) by extensions ['python_setup_py']
[0.779s] Level 1:colcon.colcon_core.package_identification:_identify(workspace/ros_ur_driver/src/build/ur_dashboard_msgs/CMakeFiles/3.22.1/CompilerIdC/tmp) by extension 'python_setup_py'
[0.780s] Level 1:colcon.colcon_core.package_identification:_identify(workspace/ros_ur_driver/src/build/ur_dashboard_msgs/CMakeFiles/3.22.1/CompilerIdCXX) by extensions ['ignore', 'ignore_ament_install']
[0.780s] Level 1:colcon.colcon_core.package_identification:_identify(workspace/ros_ur_driver/src/build/ur_dashboard_msgs/CMakeFiles/3.22.1/CompilerIdCXX) by extension 'ignore'
[0.780s] Level 1:colcon.colcon_core.package_identification:_identify(workspace/ros_ur_driver/src/build/ur_dashboard_msgs/CMakeFiles/3.22.1/CompilerIdCXX) by extension 'ignore_ament_install'
[0.780s] Level 1:colcon.colcon_core.package_identification:_identify(workspace/ros_ur_driver/src/build/ur_dashboard_msgs/CMakeFiles/3.22.1/CompilerIdCXX) by extensions ['colcon_pkg']
[0.780s] Level 1:colcon.colcon_core.package_identification:_identify(workspace/ros_ur_driver/src/build/ur_dashboard_msgs/CMakeFiles/3.22.1/CompilerIdCXX) by extension 'colcon_pkg'
[0.780s] Level 1:colcon.colcon_core.package_identification:_identify(workspace/ros_ur_driver/src/build/ur_dashboard_msgs/CMakeFiles/3.22.1/CompilerIdCXX) by extensions ['colcon_meta']
[0.780s] Level 1:colcon.colcon_core.package_identification:_identify(workspace/ros_ur_driver/src/build/ur_dashboard_msgs/CMakeFiles/3.22.1/CompilerIdCXX) by extension 'colcon_meta'
[0.780s] Level 1:colcon.colcon_core.package_identification:_identify(workspace/ros_ur_driver/src/build/ur_dashboard_msgs/CMakeFiles/3.22.1/CompilerIdCXX) by extensions ['ros']
[0.780s] Level 1:colcon.colcon_core.package_identification:_identify(workspace/ros_ur_driver/src/build/ur_dashboard_msgs/CMakeFiles/3.22.1/CompilerIdCXX) by extension 'ros'
[0.780s] Level 1:colcon.colcon_core.package_identification:_identify(workspace/ros_ur_driver/src/build/ur_dashboard_msgs/CMakeFiles/3.22.1/CompilerIdCXX) by extensions ['cmake', 'python']
[0.780s] Level 1:colcon.colcon_core.package_identification:_identify(workspace/ros_ur_driver/src/build/ur_dashboard_msgs/CMakeFiles/3.22.1/CompilerIdCXX) by extension 'cmake'
[0.780s] Level 1:colcon.colcon_core.package_identification:_identify(workspace/ros_ur_driver/src/build/ur_dashboard_msgs/CMakeFiles/3.22.1/CompilerIdCXX) by extension 'python'
[0.780s] Level 1:colcon.colcon_core.package_identification:_identify(workspace/ros_ur_driver/src/build/ur_dashboard_msgs/CMakeFiles/3.22.1/CompilerIdCXX) by extensions ['python_setup_py']
[0.780s] Level 1:colcon.colcon_core.package_identification:_identify(workspace/ros_ur_driver/src/build/ur_dashboard_msgs/CMakeFiles/3.22.1/CompilerIdCXX) by extension 'python_setup_py'
[0.781s] Level 1:colcon.colcon_core.package_identification:_identify(workspace/ros_ur_driver/src/build/ur_dashboard_msgs/CMakeFiles/3.22.1/CompilerIdCXX/tmp) by extensions ['ignore', 'ignore_ament_install']
[0.781s] Level 1:colcon.colcon_core.package_identification:_identify(workspace/ros_ur_driver/src/build/ur_dashboard_msgs/CMakeFiles/3.22.1/CompilerIdCXX/tmp) by extension 'ignore'
[0.781s] Level 1:colcon.colcon_core.package_identification:_identify(workspace/ros_ur_driver/src/build/ur_dashboard_msgs/CMakeFiles/3.22.1/CompilerIdCXX/tmp) by extension 'ignore_ament_install'
[0.781s] Level 1:colcon.colcon_core.package_identification:_identify(workspace/ros_ur_driver/src/build/ur_dashboard_msgs/CMakeFiles/3.22.1/CompilerIdCXX/tmp) by extensions ['colcon_pkg']
[0.781s] Level 1:colcon.colcon_core.package_identification:_identify(workspace/ros_ur_driver/src/build/ur_dashboard_msgs/CMakeFiles/3.22.1/CompilerIdCXX/tmp) by extension 'colcon_pkg'
[0.781s] Level 1:colcon.colcon_core.package_identification:_identify(workspace/ros_ur_driver/src/build/ur_dashboard_msgs/CMakeFiles/3.22.1/CompilerIdCXX/tmp) by extensions ['colcon_meta']
[0.781s] Level 1:colcon.colcon_core.package_identification:_identify(workspace/ros_ur_driver/src/build/ur_dashboard_msgs/CMakeFiles/3.22.1/CompilerIdCXX/tmp) by extension 'colcon_meta'
[0.781s] Level 1:colcon.colcon_core.package_identification:_identify(workspace/ros_ur_driver/src/build/ur_dashboard_msgs/CMakeFiles/3.22.1/CompilerIdCXX/tmp) by extensions ['ros']
[0.781s] Level 1:colcon.colcon_core.package_identification:_identify(workspace/ros_ur_driver/src/build/ur_dashboard_msgs/CMakeFiles/3.22.1/CompilerIdCXX/tmp) by extension 'ros'
[0.781s] Level 1:colcon.colcon_core.package_identification:_identify(workspace/ros_ur_driver/src/build/ur_dashboard_msgs/CMakeFiles/3.22.1/CompilerIdCXX/tmp) by extensions ['cmake', 'python']
[0.781s] Level 1:colcon.colcon_core.package_identification:_identify(workspace/ros_ur_driver/src/build/ur_dashboard_msgs/CMakeFiles/3.22.1/CompilerIdCXX/tmp) by extension 'cmake'
[0.781s] Level 1:colcon.colcon_core.package_identification:_identify(workspace/ros_ur_driver/src/build/ur_dashboard_msgs/CMakeFiles/3.22.1/CompilerIdCXX/tmp) by extension 'python'
[0.781s] Level 1:colcon.colcon_core.package_identification:_identify(workspace/ros_ur_driver/src/build/ur_dashboard_msgs/CMakeFiles/3.22.1/CompilerIdCXX/tmp) by extensions ['python_setup_py']
[0.781s] Level 1:colcon.colcon_core.package_identification:_identify(workspace/ros_ur_driver/src/build/ur_dashboard_msgs/CMakeFiles/3.22.1/CompilerIdCXX/tmp) by extension 'python_setup_py'
[0.781s] Level 1:colcon.colcon_core.package_identification:_identify(workspace/ros_ur_driver/src/build/ur_dashboard_msgs/CMakeFiles/CMakeTmp) by extensions ['ignore', 'ignore_ament_install']
[0.782s] Level 1:colcon.colcon_core.package_identification:_identify(workspace/ros_ur_driver/src/build/ur_dashboard_msgs/CMakeFiles/CMakeTmp) by extension 'ignore'
[0.782s] Level 1:colcon.colcon_core.package_identification:_identify(workspace/ros_ur_driver/src/build/ur_dashboard_msgs/CMakeFiles/CMakeTmp) by extension 'ignore_ament_install'
[0.782s] Level 1:colcon.colcon_core.package_identification:_identify(workspace/ros_ur_driver/src/build/ur_dashboard_msgs/CMakeFiles/CMakeTmp) by extensions ['colcon_pkg']
[0.782s] Level 1:colcon.colcon_core.package_identification:_identify(workspace/ros_ur_driver/src/build/ur_dashboard_msgs/CMakeFiles/CMakeTmp) by extension 'colcon_pkg'
[0.782s] Level 1:colcon.colcon_core.package_identification:_identify(workspace/ros_ur_driver/src/build/ur_dashboard_msgs/CMakeFiles/CMakeTmp) by extensions ['colcon_meta']
[0.782s] Level 1:colcon.colcon_core.package_identification:_identify(workspace/ros_ur_driver/src/build/ur_dashboard_msgs/CMakeFiles/CMakeTmp) by extension 'colcon_meta'
[0.782s] Level 1:colcon.colcon_core.package_identification:_identify(workspace/ros_ur_driver/src/build/ur_dashboard_msgs/CMakeFiles/CMakeTmp) by extensions ['ros']
[0.782s] Level 1:colcon.colcon_core.package_identification:_identify(workspace/ros_ur_driver/src/build/ur_dashboard_msgs/CMakeFiles/CMakeTmp) by extension 'ros'
[0.782s] Level 1:colcon.colcon_core.package_identification:_identify(workspace/ros_ur_driver/src/build/ur_dashboard_msgs/CMakeFiles/CMakeTmp) by extensions ['cmake', 'python']
[0.782s] Level 1:colcon.colcon_core.package_identification:_identify(workspace/ros_ur_driver/src/build/ur_dashboard_msgs/CMakeFiles/CMakeTmp) by extension 'cmake'
[0.782s] Level 1:colcon.colcon_core.package_identification:_identify(workspace/ros_ur_driver/src/build/ur_dashboard_msgs/CMakeFiles/CMakeTmp) by extension 'python'
[0.782s] Level 1:colcon.colcon_core.package_identification:_identify(workspace/ros_ur_driver/src/build/ur_dashboard_msgs/CMakeFiles/CMakeTmp) by extensions ['python_setup_py']
[0.782s] Level 1:colcon.colcon_core.package_identification:_identify(workspace/ros_ur_driver/src/build/ur_dashboard_msgs/CMakeFiles/CMakeTmp) by extension 'python_setup_py'
[0.782s] Level 1:colcon.colcon_core.package_identification:_identify(workspace/ros_ur_driver/src/build/ur_description) by extensions ['ignore', 'ignore_ament_install']
[0.783s] Level 1:colcon.colcon_core.package_identification:_identify(workspace/ros_ur_driver/src/build/ur_description) by extension 'ignore'
[0.783s] Level 1:colcon.colcon_core.package_identification:_identify(workspace/ros_ur_driver/src/build/ur_description) by extension 'ignore_ament_install'
[0.783s] Level 1:colcon.colcon_core.package_identification:_identify(workspace/ros_ur_driver/src/build/ur_description) by extensions ['colcon_pkg']
[0.783s] Level 1:colcon.colcon_core.package_identification:_identify(workspace/ros_ur_driver/src/build/ur_description) by extension 'colcon_pkg'
[0.783s] Level 1:colcon.colcon_core.package_identification:_identify(workspace/ros_ur_driver/src/build/ur_description) by extensions ['colcon_meta']
[0.783s] Level 1:colcon.colcon_core.package_identification:_identify(workspace/ros_ur_driver/src/build/ur_description) by extension 'colcon_meta'
[0.783s] Level 1:colcon.colcon_core.package_identification:_identify(workspace/ros_ur_driver/src/build/ur_description) by extensions ['ros']
[0.783s] Level 1:colcon.colcon_core.package_identification:_identify(workspace/ros_ur_driver/src/build/ur_description) by extension 'ros'
[0.783s] Level 1:colcon.colcon_core.package_identification:_identify(workspace/ros_ur_driver/src/build/ur_description) by extensions ['cmake', 'python']
[0.783s] Level 1:colcon.colcon_core.package_identification:_identify(workspace/ros_ur_driver/src/build/ur_description) by extension 'cmake'
[0.783s] Level 1:colcon.colcon_core.package_identification:_identify(workspace/ros_ur_driver/src/build/ur_description) by extension 'python'
[0.783s] Level 1:colcon.colcon_core.package_identification:_identify(workspace/ros_ur_driver/src/build/ur_description) by extensions ['python_setup_py']
[0.783s] Level 1:colcon.colcon_core.package_identification:_identify(workspace/ros_ur_driver/src/build/ur_description) by extension 'python_setup_py'
[0.783s] Level 1:colcon.colcon_core.package_identification:_identify(workspace/ros_ur_driver/src/build/ur_description/CMakeFiles) by extensions ['ignore', 'ignore_ament_install']
[0.784s] Level 1:colcon.colcon_core.package_identification:_identify(workspace/ros_ur_driver/src/build/ur_description/CMakeFiles) by extension 'ignore'
[0.800s] Level 1:colcon.colcon_core.package_identification:_identify(workspace/ros_ur_driver/src/build/ur_description/CMakeFiles) by extension 'ignore_ament_install'
[0.801s] Level 1:colcon.colcon_core.package_identification:_identify(workspace/ros_ur_driver/src/build/ur_description/CMakeFiles) by extensions ['colcon_pkg']
[0.801s] Level 1:colcon.colcon_core.package_identification:_identify(workspace/ros_ur_driver/src/build/ur_description/CMakeFiles) by extension 'colcon_pkg'
[0.802s] Level 1:colcon.colcon_core.package_identification:_identify(workspace/ros_ur_driver/src/build/ur_description/CMakeFiles) by extensions ['colcon_meta']
[0.802s] Level 1:colcon.colcon_core.package_identification:_identify(workspace/ros_ur_driver/src/build/ur_description/CMakeFiles) by extension 'colcon_meta'
[0.802s] Level 1:colcon.colcon_core.package_identification:_identify(workspace/ros_ur_driver/src/build/ur_description/CMakeFiles) by extensions ['ros']
[0.802s] Level 1:colcon.colcon_core.package_identification:_identify(workspace/ros_ur_driver/src/build/ur_description/CMakeFiles) by extension 'ros'
[0.802s] Level 1:colcon.colcon_core.package_identification:_identify(workspace/ros_ur_driver/src/build/ur_description/CMakeFiles) by extensions ['cmake', 'python']
[0.802s] Level 1:colcon.colcon_core.package_identification:_identify(workspace/ros_ur_driver/src/build/ur_description/CMakeFiles) by extension 'cmake'
[0.802s] Level 1:colcon.colcon_core.package_identification:_identify(workspace/ros_ur_driver/src/build/ur_description/CMakeFiles) by extension 'python'
[0.802s] Level 1:colcon.colcon_core.package_identification:_identify(workspace/ros_ur_driver/src/build/ur_description/CMakeFiles) by extensions ['python_setup_py']
[0.802s] Level 1:colcon.colcon_core.package_identification:_identify(workspace/ros_ur_driver/src/build/ur_description/CMakeFiles) by extension 'python_setup_py'
[0.802s] Level 1:colcon.colcon_core.package_identification:_identify(workspace/ros_ur_driver/src/build/ur_description/CMakeFiles/3.22.1) by extensions ['ignore', 'ignore_ament_install']
[0.803s] Level 1:colcon.colcon_core.package_identification:_identify(workspace/ros_ur_driver/src/build/ur_description/CMakeFiles/3.22.1) by extension 'ignore'
[0.803s] Level 1:colcon.colcon_core.package_identification:_identify(workspace/ros_ur_driver/src/build/ur_description/CMakeFiles/3.22.1) by extension 'ignore_ament_install'
[0.803s] Level 1:colcon.colcon_core.package_identification:_identify(workspace/ros_ur_driver/src/build/ur_description/CMakeFiles/3.22.1) by extensions ['colcon_pkg']
[0.803s] Level 1:colcon.colcon_core.package_identification:_identify(workspace/ros_ur_driver/src/build/ur_description/CMakeFiles/3.22.1) by extension 'colcon_pkg'
[0.803s] Level 1:colcon.colcon_core.package_identification:_identify(workspace/ros_ur_driver/src/build/ur_description/CMakeFiles/3.22.1) by extensions ['colcon_meta']
[0.803s] Level 1:colcon.colcon_core.package_identification:_identify(workspace/ros_ur_driver/src/build/ur_description/CMakeFiles/3.22.1) by extension 'colcon_meta'
[0.803s] Level 1:colcon.colcon_core.package_identification:_identify(workspace/ros_ur_driver/src/build/ur_description/CMakeFiles/3.22.1) by extensions ['ros']
[0.803s] Level 1:colcon.colcon_core.package_identification:_identify(workspace/ros_ur_driver/src/build/ur_description/CMakeFiles/3.22.1) by extension 'ros'
[0.803s] Level 1:colcon.colcon_core.package_identification:_identify(workspace/ros_ur_driver/src/build/ur_description/CMakeFiles/3.22.1) by extensions ['cmake', 'python']
[0.803s] Level 1:colcon.colcon_core.package_identification:_identify(workspace/ros_ur_driver/src/build/ur_description/CMakeFiles/3.22.1) by extension 'cmake'
[0.803s] Level 1:colcon.colcon_core.package_identification:_identify(workspace/ros_ur_driver/src/build/ur_description/CMakeFiles/3.22.1) by extension 'python'
[0.803s] Level 1:colcon.colcon_core.package_identification:_identify(workspace/ros_ur_driver/src/build/ur_description/CMakeFiles/3.22.1) by extensions ['python_setup_py']
[0.803s] Level 1:colcon.colcon_core.package_identification:_identify(workspace/ros_ur_driver/src/build/ur_description/CMakeFiles/3.22.1) by extension 'python_setup_py'
[0.803s] Level 1:colcon.colcon_core.package_identification:_identify(workspace/ros_ur_driver/src/build/ur_description/CMakeFiles/3.22.1/CompilerIdC) by extensions ['ignore', 'ignore_ament_install']
[0.804s] Level 1:colcon.colcon_core.package_identification:_identify(workspace/ros_ur_driver/src/build/ur_description/CMakeFiles/3.22.1/CompilerIdC) by extension 'ignore'
[0.804s] Level 1:colcon.colcon_core.package_identification:_identify(workspace/ros_ur_driver/src/build/ur_description/CMakeFiles/3.22.1/CompilerIdC) by extension 'ignore_ament_install'
[0.804s] Level 1:colcon.colcon_core.package_identification:_identify(workspace/ros_ur_driver/src/build/ur_description/CMakeFiles/3.22.1/CompilerIdC) by extensions ['colcon_pkg']
[0.804s] Level 1:colcon.colcon_core.package_identification:_identify(workspace/ros_ur_driver/src/build/ur_description/CMakeFiles/3.22.1/CompilerIdC) by extension 'colcon_pkg'
[0.804s] Level 1:colcon.colcon_core.package_identification:_identify(workspace/ros_ur_driver/src/build/ur_description/CMakeFiles/3.22.1/CompilerIdC) by extensions ['colcon_meta']
[0.804s] Level 1:colcon.colcon_core.package_identification:_identify(workspace/ros_ur_driver/src/build/ur_description/CMakeFiles/3.22.1/CompilerIdC) by extension 'colcon_meta'
[0.804s] Level 1:colcon.colcon_core.package_identification:_identify(workspace/ros_ur_driver/src/build/ur_description/CMakeFiles/3.22.1/CompilerIdC) by extensions ['ros']
[0.804s] Level 1:colcon.colcon_core.package_identification:_identify(workspace/ros_ur_driver/src/build/ur_description/CMakeFiles/3.22.1/CompilerIdC) by extension 'ros'
[0.804s] Level 1:colcon.colcon_core.package_identification:_identify(workspace/ros_ur_driver/src/build/ur_description/CMakeFiles/3.22.1/CompilerIdC) by extensions ['cmake', 'python']
[0.804s] Level 1:colcon.colcon_core.package_identification:_identify(workspace/ros_ur_driver/src/build/ur_description/CMakeFiles/3.22.1/CompilerIdC) by extension 'cmake'
[0.804s] Level 1:colcon.colcon_core.package_identification:_identify(workspace/ros_ur_driver/src/build/ur_description/CMakeFiles/3.22.1/CompilerIdC) by extension 'python'
[0.804s] Level 1:colcon.colcon_core.package_identification:_identify(workspace/ros_ur_driver/src/build/ur_description/CMakeFiles/3.22.1/CompilerIdC) by extensions ['python_setup_py']
[0.804s] Level 1:colcon.colcon_core.package_identification:_identify(workspace/ros_ur_driver/src/build/ur_description/CMakeFiles/3.22.1/CompilerIdC) by extension 'python_setup_py'
[0.804s] Level 1:colcon.colcon_core.package_identification:_identify(workspace/ros_ur_driver/src/build/ur_description/CMakeFiles/3.22.1/CompilerIdC/tmp) by extensions ['ignore', 'ignore_ament_install']
[0.808s] Level 1:colcon.colcon_core.package_identification:_identify(workspace/ros_ur_driver/src/build/ur_description/CMakeFiles/3.22.1/CompilerIdC/tmp) by extension 'ignore'
[0.809s] Level 1:colcon.colcon_core.package_identification:_identify(workspace/ros_ur_driver/src/build/ur_description/CMakeFiles/3.22.1/CompilerIdC/tmp) by extension 'ignore_ament_install'
[0.809s] Level 1:colcon.colcon_core.package_identification:_identify(workspace/ros_ur_driver/src/build/ur_description/CMakeFiles/3.22.1/CompilerIdC/tmp) by extensions ['colcon_pkg']
[0.809s] Level 1:colcon.colcon_core.package_identification:_identify(workspace/ros_ur_driver/src/build/ur_description/CMakeFiles/3.22.1/CompilerIdC/tmp) by extension 'colcon_pkg'
[0.809s] Level 1:colcon.colcon_core.package_identification:_identify(workspace/ros_ur_driver/src/build/ur_description/CMakeFiles/3.22.1/CompilerIdC/tmp) by extensions ['colcon_meta']
[0.809s] Level 1:colcon.colcon_core.package_identification:_identify(workspace/ros_ur_driver/src/build/ur_description/CMakeFiles/3.22.1/CompilerIdC/tmp) by extension 'colcon_meta'
[0.810s] Level 1:colcon.colcon_core.package_identification:_identify(workspace/ros_ur_driver/src/build/ur_description/CMakeFiles/3.22.1/CompilerIdC/tmp) by extensions ['ros']
[0.810s] Level 1:colcon.colcon_core.package_identification:_identify(workspace/ros_ur_driver/src/build/ur_description/CMakeFiles/3.22.1/CompilerIdC/tmp) by extension 'ros'
[0.810s] Level 1:colcon.colcon_core.package_identification:_identify(workspace/ros_ur_driver/src/build/ur_description/CMakeFiles/3.22.1/CompilerIdC/tmp) by extensions ['cmake', 'python']
[0.810s] Level 1:colcon.colcon_core.package_identification:_identify(workspace/ros_ur_driver/src/build/ur_description/CMakeFiles/3.22.1/CompilerIdC/tmp) by extension 'cmake'
[0.810s] Level 1:colcon.colcon_core.package_identification:_identify(workspace/ros_ur_driver/src/build/ur_description/CMakeFiles/3.22.1/CompilerIdC/tmp) by extension 'python'
[0.810s] Level 1:colcon.colcon_core.package_identification:_identify(workspace/ros_ur_driver/src/build/ur_description/CMakeFiles/3.22.1/CompilerIdC/tmp) by extensions ['python_setup_py']
[0.810s] Level 1:colcon.colcon_core.package_identification:_identify(workspace/ros_ur_driver/src/build/ur_description/CMakeFiles/3.22.1/CompilerIdC/tmp) by extension 'python_setup_py'
[0.816s] Level 1:colcon.colcon_core.package_identification:_identify(workspace/ros_ur_driver/src/build/ur_description/CMakeFiles/3.22.1/CompilerIdCXX) by extensions ['ignore', 'ignore_ament_install']
[0.816s] Level 1:colcon.colcon_core.package_identification:_identify(workspace/ros_ur_driver/src/build/ur_description/CMakeFiles/3.22.1/CompilerIdCXX) by extension 'ignore'
[0.817s] Level 1:colcon.colcon_core.package_identification:_identify(workspace/ros_ur_driver/src/build/ur_description/CMakeFiles/3.22.1/CompilerIdCXX) by extension 'ignore_ament_install'
[0.817s] Level 1:colcon.colcon_core.package_identification:_identify(workspace/ros_ur_driver/src/build/ur_description/CMakeFiles/3.22.1/CompilerIdCXX) by extensions ['colcon_pkg']
[0.817s] Level 1:colcon.colcon_core.package_identification:_identify(workspace/ros_ur_driver/src/build/ur_description/CMakeFiles/3.22.1/CompilerIdCXX) by extension 'colcon_pkg'
[0.817s] Level 1:colcon.colcon_core.package_identification:_identify(workspace/ros_ur_driver/src/build/ur_description/CMakeFiles/3.22.1/CompilerIdCXX) by extensions ['colcon_meta']
[0.817s] Level 1:colcon.colcon_core.package_identification:_identify(workspace/ros_ur_driver/src/build/ur_description/CMakeFiles/3.22.1/CompilerIdCXX) by extension 'colcon_meta'
[0.817s] Level 1:colcon.colcon_core.package_identification:_identify(workspace/ros_ur_driver/src/build/ur_description/CMakeFiles/3.22.1/CompilerIdCXX) by extensions ['ros']
[0.817s] Level 1:colcon.colcon_core.package_identification:_identify(workspace/ros_ur_driver/src/build/ur_description/CMakeFiles/3.22.1/CompilerIdCXX) by extension 'ros'
[0.817s] Level 1:colcon.colcon_core.package_identification:_identify(workspace/ros_ur_driver/src/build/ur_description/CMakeFiles/3.22.1/CompilerIdCXX) by extensions ['cmake', 'python']
[0.817s] Level 1:colcon.colcon_core.package_identification:_identify(workspace/ros_ur_driver/src/build/ur_description/CMakeFiles/3.22.1/CompilerIdCXX) by extension 'cmake'
[0.817s] Level 1:colcon.colcon_core.package_identification:_identify(workspace/ros_ur_driver/src/build/ur_description/CMakeFiles/3.22.1/CompilerIdCXX) by extension 'python'
[0.817s] Level 1:colcon.colcon_core.package_identification:_identify(workspace/ros_ur_driver/src/build/ur_description/CMakeFiles/3.22.1/CompilerIdCXX) by extensions ['python_setup_py']
[0.817s] Level 1:colcon.colcon_core.package_identification:_identify(workspace/ros_ur_driver/src/build/ur_description/CMakeFiles/3.22.1/CompilerIdCXX) by extension 'python_setup_py'
[0.818s] Level 1:colcon.colcon_core.package_identification:_identify(workspace/ros_ur_driver/src/build/ur_description/CMakeFiles/3.22.1/CompilerIdCXX/tmp) by extensions ['ignore', 'ignore_ament_install']
[0.818s] Level 1:colcon.colcon_core.package_identification:_identify(workspace/ros_ur_driver/src/build/ur_description/CMakeFiles/3.22.1/CompilerIdCXX/tmp) by extension 'ignore'
[0.818s] Level 1:colcon.colcon_core.package_identification:_identify(workspace/ros_ur_driver/src/build/ur_description/CMakeFiles/3.22.1/CompilerIdCXX/tmp) by extension 'ignore_ament_install'
[0.818s] Level 1:colcon.colcon_core.package_identification:_identify(workspace/ros_ur_driver/src/build/ur_description/CMakeFiles/3.22.1/CompilerIdCXX/tmp) by extensions ['colcon_pkg']
[0.818s] Level 1:colcon.colcon_core.package_identification:_identify(workspace/ros_ur_driver/src/build/ur_description/CMakeFiles/3.22.1/CompilerIdCXX/tmp) by extension 'colcon_pkg'
[0.818s] Level 1:colcon.colcon_core.package_identification:_identify(workspace/ros_ur_driver/src/build/ur_description/CMakeFiles/3.22.1/CompilerIdCXX/tmp) by extensions ['colcon_meta']
[0.818s] Level 1:colcon.colcon_core.package_identification:_identify(workspace/ros_ur_driver/src/build/ur_description/CMakeFiles/3.22.1/CompilerIdCXX/tmp) by extension 'colcon_meta'
[0.818s] Level 1:colcon.colcon_core.package_identification:_identify(workspace/ros_ur_driver/src/build/ur_description/CMakeFiles/3.22.1/CompilerIdCXX/tmp) by extensions ['ros']
[0.818s] Level 1:colcon.colcon_core.package_identification:_identify(workspace/ros_ur_driver/src/build/ur_description/CMakeFiles/3.22.1/CompilerIdCXX/tmp) by extension 'ros'
[0.818s] Level 1:colcon.colcon_core.package_identification:_identify(workspace/ros_ur_driver/src/build/ur_description/CMakeFiles/3.22.1/CompilerIdCXX/tmp) by extensions ['cmake', 'python']
[0.818s] Level 1:colcon.colcon_core.package_identification:_identify(workspace/ros_ur_driver/src/build/ur_description/CMakeFiles/3.22.1/CompilerIdCXX/tmp) by extension 'cmake'
[0.818s] Level 1:colcon.colcon_core.package_identification:_identify(workspace/ros_ur_driver/src/build/ur_description/CMakeFiles/3.22.1/CompilerIdCXX/tmp) by extension 'python'
[0.818s] Level 1:colcon.colcon_core.package_identification:_identify(workspace/ros_ur_driver/src/build/ur_description/CMakeFiles/3.22.1/CompilerIdCXX/tmp) by extensions ['python_setup_py']
[0.819s] Level 1:colcon.colcon_core.package_identification:_identify(workspace/ros_ur_driver/src/build/ur_description/CMakeFiles/3.22.1/CompilerIdCXX/tmp) by extension 'python_setup_py'
[0.819s] Level 1:colcon.colcon_core.package_identification:_identify(workspace/ros_ur_driver/src/build/ur_description/CMakeFiles/CMakeTmp) by extensions ['ignore', 'ignore_ament_install']
[0.820s] Level 1:colcon.colcon_core.package_identification:_identify(workspace/ros_ur_driver/src/build/ur_description/CMakeFiles/CMakeTmp) by extension 'ignore'
[0.820s] Level 1:colcon.colcon_core.package_identification:_identify(workspace/ros_ur_driver/src/build/ur_description/CMakeFiles/CMakeTmp) by extension 'ignore_ament_install'
[0.820s] Level 1:colcon.colcon_core.package_identification:_identify(workspace/ros_ur_driver/src/build/ur_description/CMakeFiles/CMakeTmp) by extensions ['colcon_pkg']
[0.821s] Level 1:colcon.colcon_core.package_identification:_identify(workspace/ros_ur_driver/src/build/ur_description/CMakeFiles/CMakeTmp) by extension 'colcon_pkg'
[0.821s] Level 1:colcon.colcon_core.package_identification:_identify(workspace/ros_ur_driver/src/build/ur_description/CMakeFiles/CMakeTmp) by extensions ['colcon_meta']
[0.821s] Level 1:colcon.colcon_core.package_identification:_identify(workspace/ros_ur_driver/src/build/ur_description/CMakeFiles/CMakeTmp) by extension 'colcon_meta'
[0.821s] Level 1:colcon.colcon_core.package_identification:_identify(workspace/ros_ur_driver/src/build/ur_description/CMakeFiles/CMakeTmp) by extensions ['ros']
[0.821s] Level 1:colcon.colcon_core.package_identification:_identify(workspace/ros_ur_driver/src/build/ur_description/CMakeFiles/CMakeTmp) by extension 'ros'
[0.821s] Level 1:colcon.colcon_core.package_identification:_identify(workspace/ros_ur_driver/src/build/ur_description/CMakeFiles/CMakeTmp) by extensions ['cmake', 'python']
[0.821s] Level 1:colcon.colcon_core.package_identification:_identify(workspace/ros_ur_driver/src/build/ur_description/CMakeFiles/CMakeTmp) by extension 'cmake'
[0.821s] Level 1:colcon.colcon_core.package_identification:_identify(workspace/ros_ur_driver/src/build/ur_description/CMakeFiles/CMakeTmp) by extension 'python'
[0.825s] Level 1:colcon.colcon_core.package_identification:_identify(workspace/ros_ur_driver/src/build/ur_description/CMakeFiles/CMakeTmp) by extensions ['python_setup_py']
[0.825s] Level 1:colcon.colcon_core.package_identification:_identify(workspace/ros_ur_driver/src/build/ur_description/CMakeFiles/CMakeTmp) by extension 'python_setup_py'
[0.825s] Level 1:colcon.colcon_core.package_identification:_identify(workspace/ros_ur_driver/src/build/ur_moveit_config) by extensions ['ignore', 'ignore_ament_install']
[0.825s] Level 1:colcon.colcon_core.package_identification:_identify(workspace/ros_ur_driver/src/build/ur_moveit_config) by extension 'ignore'
[0.825s] Level 1:colcon.colcon_core.package_identification:_identify(workspace/ros_ur_driver/src/build/ur_moveit_config) by extension 'ignore_ament_install'
[0.826s] Level 1:colcon.colcon_core.package_identification:_identify(workspace/ros_ur_driver/src/build/ur_moveit_config) by extensions ['colcon_pkg']
[0.826s] Level 1:colcon.colcon_core.package_identification:_identify(workspace/ros_ur_driver/src/build/ur_moveit_config) by extension 'colcon_pkg'
[0.826s] Level 1:colcon.colcon_core.package_identification:_identify(workspace/ros_ur_driver/src/build/ur_moveit_config) by extensions ['colcon_meta']
[0.826s] Level 1:colcon.colcon_core.package_identification:_identify(workspace/ros_ur_driver/src/build/ur_moveit_config) by extension 'colcon_meta'
[0.826s] Level 1:colcon.colcon_core.package_identification:_identify(workspace/ros_ur_driver/src/build/ur_moveit_config) by extensions ['ros']
[0.826s] Level 1:colcon.colcon_core.package_identification:_identify(workspace/ros_ur_driver/src/build/ur_moveit_config) by extension 'ros'
[0.826s] Level 1:colcon.colcon_core.package_identification:_identify(workspace/ros_ur_driver/src/build/ur_moveit_config) by extensions ['cmake', 'python']
[0.826s] Level 1:colcon.colcon_core.package_identification:_identify(workspace/ros_ur_driver/src/build/ur_moveit_config) by extension 'cmake'
[0.826s] Level 1:colcon.colcon_core.package_identification:_identify(workspace/ros_ur_driver/src/build/ur_moveit_config) by extension 'python'
[0.826s] Level 1:colcon.colcon_core.package_identification:_identify(workspace/ros_ur_driver/src/build/ur_moveit_config) by extensions ['python_setup_py']
[0.826s] Level 1:colcon.colcon_core.package_identification:_identify(workspace/ros_ur_driver/src/build/ur_moveit_config) by extension 'python_setup_py'
[0.826s] Level 1:colcon.colcon_core.package_identification:_identify(workspace/ros_ur_driver/src/build/ur_moveit_config/CMakeFiles) by extensions ['ignore', 'ignore_ament_install']
[0.827s] Level 1:colcon.colcon_core.package_identification:_identify(workspace/ros_ur_driver/src/build/ur_moveit_config/CMakeFiles) by extension 'ignore'
[0.827s] Level 1:colcon.colcon_core.package_identification:_identify(workspace/ros_ur_driver/src/build/ur_moveit_config/CMakeFiles) by extension 'ignore_ament_install'
[0.827s] Level 1:colcon.colcon_core.package_identification:_identify(workspace/ros_ur_driver/src/build/ur_moveit_config/CMakeFiles) by extensions ['colcon_pkg']
[0.827s] Level 1:colcon.colcon_core.package_identification:_identify(workspace/ros_ur_driver/src/build/ur_moveit_config/CMakeFiles) by extension 'colcon_pkg'
[0.827s] Level 1:colcon.colcon_core.package_identification:_identify(workspace/ros_ur_driver/src/build/ur_moveit_config/CMakeFiles) by extensions ['colcon_meta']
[0.827s] Level 1:colcon.colcon_core.package_identification:_identify(workspace/ros_ur_driver/src/build/ur_moveit_config/CMakeFiles) by extension 'colcon_meta'
[0.827s] Level 1:colcon.colcon_core.package_identification:_identify(workspace/ros_ur_driver/src/build/ur_moveit_config/CMakeFiles) by extensions ['ros']
[0.827s] Level 1:colcon.colcon_core.package_identification:_identify(workspace/ros_ur_driver/src/build/ur_moveit_config/CMakeFiles) by extension 'ros'
[0.828s] Level 1:colcon.colcon_core.package_identification:_identify(workspace/ros_ur_driver/src/build/ur_moveit_config/CMakeFiles) by extensions ['cmake', 'python']
[0.828s] Level 1:colcon.colcon_core.package_identification:_identify(workspace/ros_ur_driver/src/build/ur_moveit_config/CMakeFiles) by extension 'cmake'
[0.828s] Level 1:colcon.colcon_core.package_identification:_identify(workspace/ros_ur_driver/src/build/ur_moveit_config/CMakeFiles) by extension 'python'
[0.828s] Level 1:colcon.colcon_core.package_identification:_identify(workspace/ros_ur_driver/src/build/ur_moveit_config/CMakeFiles) by extensions ['python_setup_py']
[0.828s] Level 1:colcon.colcon_core.package_identification:_identify(workspace/ros_ur_driver/src/build/ur_moveit_config/CMakeFiles) by extension 'python_setup_py'
[0.829s] Level 1:colcon.colcon_core.package_identification:_identify(workspace/ros_ur_driver/src/build/ur_moveit_config/CMakeFiles/3.22.1) by extensions ['ignore', 'ignore_ament_install']
[0.829s] Level 1:colcon.colcon_core.package_identification:_identify(workspace/ros_ur_driver/src/build/ur_moveit_config/CMakeFiles/3.22.1) by extension 'ignore'
[0.829s] Level 1:colcon.colcon_core.package_identification:_identify(workspace/ros_ur_driver/src/build/ur_moveit_config/CMakeFiles/3.22.1) by extension 'ignore_ament_install'
[0.830s] Level 1:colcon.colcon_core.package_identification:_identify(workspace/ros_ur_driver/src/build/ur_moveit_config/CMakeFiles/3.22.1) by extensions ['colcon_pkg']
[0.830s] Level 1:colcon.colcon_core.package_identification:_identify(workspace/ros_ur_driver/src/build/ur_moveit_config/CMakeFiles/3.22.1) by extension 'colcon_pkg'
[0.830s] Level 1:colcon.colcon_core.package_identification:_identify(workspace/ros_ur_driver/src/build/ur_moveit_config/CMakeFiles/3.22.1) by extensions ['colcon_meta']
[0.832s] Level 1:colcon.colcon_core.package_identification:_identify(workspace/ros_ur_driver/src/build/ur_moveit_config/CMakeFiles/3.22.1) by extension 'colcon_meta'
[0.832s] Level 1:colcon.colcon_core.package_identification:_identify(workspace/ros_ur_driver/src/build/ur_moveit_config/CMakeFiles/3.22.1) by extensions ['ros']
[0.832s] Level 1:colcon.colcon_core.package_identification:_identify(workspace/ros_ur_driver/src/build/ur_moveit_config/CMakeFiles/3.22.1) by extension 'ros'
[0.832s] Level 1:colcon.colcon_core.package_identification:_identify(workspace/ros_ur_driver/src/build/ur_moveit_config/CMakeFiles/3.22.1) by extensions ['cmake', 'python']
[0.832s] Level 1:colcon.colcon_core.package_identification:_identify(workspace/ros_ur_driver/src/build/ur_moveit_config/CMakeFiles/3.22.1) by extension 'cmake'
[0.832s] Level 1:colcon.colcon_core.package_identification:_identify(workspace/ros_ur_driver/src/build/ur_moveit_config/CMakeFiles/3.22.1) by extension 'python'
[0.832s] Level 1:colcon.colcon_core.package_identification:_identify(workspace/ros_ur_driver/src/build/ur_moveit_config/CMakeFiles/3.22.1) by extensions ['python_setup_py']
[0.832s] Level 1:colcon.colcon_core.package_identification:_identify(workspace/ros_ur_driver/src/build/ur_moveit_config/CMakeFiles/3.22.1) by extension 'python_setup_py'
[0.833s] Level 1:colcon.colcon_core.package_identification:_identify(workspace/ros_ur_driver/src/build/ur_moveit_config/CMakeFiles/3.22.1/CompilerIdC) by extensions ['ignore', 'ignore_ament_install']
[0.833s] Level 1:colcon.colcon_core.package_identification:_identify(workspace/ros_ur_driver/src/build/ur_moveit_config/CMakeFiles/3.22.1/CompilerIdC) by extension 'ignore'
[0.833s] Level 1:colcon.colcon_core.package_identification:_identify(workspace/ros_ur_driver/src/build/ur_moveit_config/CMakeFiles/3.22.1/CompilerIdC) by extension 'ignore_ament_install'
[0.833s] Level 1:colcon.colcon_core.package_identification:_identify(workspace/ros_ur_driver/src/build/ur_moveit_config/CMakeFiles/3.22.1/CompilerIdC) by extensions ['colcon_pkg']
[0.833s] Level 1:colcon.colcon_core.package_identification:_identify(workspace/ros_ur_driver/src/build/ur_moveit_config/CMakeFiles/3.22.1/CompilerIdC) by extension 'colcon_pkg'
[0.833s] Level 1:colcon.colcon_core.package_identification:_identify(workspace/ros_ur_driver/src/build/ur_moveit_config/CMakeFiles/3.22.1/CompilerIdC) by extensions ['colcon_meta']
[0.833s] Level 1:colcon.colcon_core.package_identification:_identify(workspace/ros_ur_driver/src/build/ur_moveit_config/CMakeFiles/3.22.1/CompilerIdC) by extension 'colcon_meta'
[0.833s] Level 1:colcon.colcon_core.package_identification:_identify(workspace/ros_ur_driver/src/build/ur_moveit_config/CMakeFiles/3.22.1/CompilerIdC) by extensions ['ros']
[0.833s] Level 1:colcon.colcon_core.package_identification:_identify(workspace/ros_ur_driver/src/build/ur_moveit_config/CMakeFiles/3.22.1/CompilerIdC) by extension 'ros'
[0.833s] Level 1:colcon.colcon_core.package_identification:_identify(workspace/ros_ur_driver/src/build/ur_moveit_config/CMakeFiles/3.22.1/CompilerIdC) by extensions ['cmake', 'python']
[0.833s] Level 1:colcon.colcon_core.package_identification:_identify(workspace/ros_ur_driver/src/build/ur_moveit_config/CMakeFiles/3.22.1/CompilerIdC) by extension 'cmake'
[0.833s] Level 1:colcon.colcon_core.package_identification:_identify(workspace/ros_ur_driver/src/build/ur_moveit_config/CMakeFiles/3.22.1/CompilerIdC) by extension 'python'
[0.833s] Level 1:colcon.colcon_core.package_identification:_identify(workspace/ros_ur_driver/src/build/ur_moveit_config/CMakeFiles/3.22.1/CompilerIdC) by extensions ['python_setup_py']
[0.834s] Level 1:colcon.colcon_core.package_identification:_identify(workspace/ros_ur_driver/src/build/ur_moveit_config/CMakeFiles/3.22.1/CompilerIdC) by extension 'python_setup_py'
[0.835s] Level 1:colcon.colcon_core.package_identification:_identify(workspace/ros_ur_driver/src/build/ur_moveit_config/CMakeFiles/3.22.1/CompilerIdC/tmp) by extensions ['ignore', 'ignore_ament_install']
[0.848s] Level 1:colcon.colcon_core.package_identification:_identify(workspace/ros_ur_driver/src/build/ur_moveit_config/CMakeFiles/3.22.1/CompilerIdC/tmp) by extension 'ignore'
[0.848s] Level 1:colcon.colcon_core.package_identification:_identify(workspace/ros_ur_driver/src/build/ur_moveit_config/CMakeFiles/3.22.1/CompilerIdC/tmp) by extension 'ignore_ament_install'
[0.848s] Level 1:colcon.colcon_core.package_identification:_identify(workspace/ros_ur_driver/src/build/ur_moveit_config/CMakeFiles/3.22.1/CompilerIdC/tmp) by extensions ['colcon_pkg']
[0.848s] Level 1:colcon.colcon_core.package_identification:_identify(workspace/ros_ur_driver/src/build/ur_moveit_config/CMakeFiles/3.22.1/CompilerIdC/tmp) by extension 'colcon_pkg'
[0.848s] Level 1:colcon.colcon_core.package_identification:_identify(workspace/ros_ur_driver/src/build/ur_moveit_config/CMakeFiles/3.22.1/CompilerIdC/tmp) by extensions ['colcon_meta']
[0.848s] Level 1:colcon.colcon_core.package_identification:_identify(workspace/ros_ur_driver/src/build/ur_moveit_config/CMakeFiles/3.22.1/CompilerIdC/tmp) by extension 'colcon_meta'
[0.849s] Level 1:colcon.colcon_core.package_identification:_identify(workspace/ros_ur_driver/src/build/ur_moveit_config/CMakeFiles/3.22.1/CompilerIdC/tmp) by extensions ['ros']
[0.849s] Level 1:colcon.colcon_core.package_identification:_identify(workspace/ros_ur_driver/src/build/ur_moveit_config/CMakeFiles/3.22.1/CompilerIdC/tmp) by extension 'ros'
[0.849s] Level 1:colcon.colcon_core.package_identification:_identify(workspace/ros_ur_driver/src/build/ur_moveit_config/CMakeFiles/3.22.1/CompilerIdC/tmp) by extensions ['cmake', 'python']
[0.849s] Level 1:colcon.colcon_core.package_identification:_identify(workspace/ros_ur_driver/src/build/ur_moveit_config/CMakeFiles/3.22.1/CompilerIdC/tmp) by extension 'cmake'
[0.849s] Level 1:colcon.colcon_core.package_identification:_identify(workspace/ros_ur_driver/src/build/ur_moveit_config/CMakeFiles/3.22.1/CompilerIdC/tmp) by extension 'python'
[0.849s] Level 1:colcon.colcon_core.package_identification:_identify(workspace/ros_ur_driver/src/build/ur_moveit_config/CMakeFiles/3.22.1/CompilerIdC/tmp) by extensions ['python_setup_py']
[0.849s] Level 1:colcon.colcon_core.package_identification:_identify(workspace/ros_ur_driver/src/build/ur_moveit_config/CMakeFiles/3.22.1/CompilerIdC/tmp) by extension 'python_setup_py'
[0.850s] Level 1:colcon.colcon_core.package_identification:_identify(workspace/ros_ur_driver/src/build/ur_moveit_config/CMakeFiles/3.22.1/CompilerIdCXX) by extensions ['ignore', 'ignore_ament_install']
[0.850s] Level 1:colcon.colcon_core.package_identification:_identify(workspace/ros_ur_driver/src/build/ur_moveit_config/CMakeFiles/3.22.1/CompilerIdCXX) by extension 'ignore'
[0.850s] Level 1:colcon.colcon_core.package_identification:_identify(workspace/ros_ur_driver/src/build/ur_moveit_config/CMakeFiles/3.22.1/CompilerIdCXX) by extension 'ignore_ament_install'
[0.850s] Level 1:colcon.colcon_core.package_identification:_identify(workspace/ros_ur_driver/src/build/ur_moveit_config/CMakeFiles/3.22.1/CompilerIdCXX) by extensions ['colcon_pkg']
[0.850s] Level 1:colcon.colcon_core.package_identification:_identify(workspace/ros_ur_driver/src/build/ur_moveit_config/CMakeFiles/3.22.1/CompilerIdCXX) by extension 'colcon_pkg'
[0.850s] Level 1:colcon.colcon_core.package_identification:_identify(workspace/ros_ur_driver/src/build/ur_moveit_config/CMakeFiles/3.22.1/CompilerIdCXX) by extensions ['colcon_meta']
[0.850s] Level 1:colcon.colcon_core.package_identification:_identify(workspace/ros_ur_driver/src/build/ur_moveit_config/CMakeFiles/3.22.1/CompilerIdCXX) by extension 'colcon_meta'
[0.850s] Level 1:colcon.colcon_core.package_identification:_identify(workspace/ros_ur_driver/src/build/ur_moveit_config/CMakeFiles/3.22.1/CompilerIdCXX) by extensions ['ros']
[0.850s] Level 1:colcon.colcon_core.package_identification:_identify(workspace/ros_ur_driver/src/build/ur_moveit_config/CMakeFiles/3.22.1/CompilerIdCXX) by extension 'ros'
[0.851s] Level 1:colcon.colcon_core.package_identification:_identify(workspace/ros_ur_driver/src/build/ur_moveit_config/CMakeFiles/3.22.1/CompilerIdCXX) by extensions ['cmake', 'python']
[0.851s] Level 1:colcon.colcon_core.package_identification:_identify(workspace/ros_ur_driver/src/build/ur_moveit_config/CMakeFiles/3.22.1/CompilerIdCXX) by extension 'cmake'
[0.851s] Level 1:colcon.colcon_core.package_identification:_identify(workspace/ros_ur_driver/src/build/ur_moveit_config/CMakeFiles/3.22.1/CompilerIdCXX) by extension 'python'
[0.851s] Level 1:colcon.colcon_core.package_identification:_identify(workspace/ros_ur_driver/src/build/ur_moveit_config/CMakeFiles/3.22.1/CompilerIdCXX) by extensions ['python_setup_py']
[0.851s] Level 1:colcon.colcon_core.package_identification:_identify(workspace/ros_ur_driver/src/build/ur_moveit_config/CMakeFiles/3.22.1/CompilerIdCXX) by extension 'python_setup_py'
[0.851s] Level 1:colcon.colcon_core.package_identification:_identify(workspace/ros_ur_driver/src/build/ur_moveit_config/CMakeFiles/3.22.1/CompilerIdCXX/tmp) by extensions ['ignore', 'ignore_ament_install']
[0.851s] Level 1:colcon.colcon_core.package_identification:_identify(workspace/ros_ur_driver/src/build/ur_moveit_config/CMakeFiles/3.22.1/CompilerIdCXX/tmp) by extension 'ignore'
[0.851s] Level 1:colcon.colcon_core.package_identification:_identify(workspace/ros_ur_driver/src/build/ur_moveit_config/CMakeFiles/3.22.1/CompilerIdCXX/tmp) by extension 'ignore_ament_install'
[0.852s] Level 1:colcon.colcon_core.package_identification:_identify(workspace/ros_ur_driver/src/build/ur_moveit_config/CMakeFiles/3.22.1/CompilerIdCXX/tmp) by extensions ['colcon_pkg']
[0.852s] Level 1:colcon.colcon_core.package_identification:_identify(workspace/ros_ur_driver/src/build/ur_moveit_config/CMakeFiles/3.22.1/CompilerIdCXX/tmp) by extension 'colcon_pkg'
[0.852s] Level 1:colcon.colcon_core.package_identification:_identify(workspace/ros_ur_driver/src/build/ur_moveit_config/CMakeFiles/3.22.1/CompilerIdCXX/tmp) by extensions ['colcon_meta']
[0.852s] Level 1:colcon.colcon_core.package_identification:_identify(workspace/ros_ur_driver/src/build/ur_moveit_config/CMakeFiles/3.22.1/CompilerIdCXX/tmp) by extension 'colcon_meta'
[0.852s] Level 1:colcon.colcon_core.package_identification:_identify(workspace/ros_ur_driver/src/build/ur_moveit_config/CMakeFiles/3.22.1/CompilerIdCXX/tmp) by extensions ['ros']
[0.852s] Level 1:colcon.colcon_core.package_identification:_identify(workspace/ros_ur_driver/src/build/ur_moveit_config/CMakeFiles/3.22.1/CompilerIdCXX/tmp) by extension 'ros'
[0.852s] Level 1:colcon.colcon_core.package_identification:_identify(workspace/ros_ur_driver/src/build/ur_moveit_config/CMakeFiles/3.22.1/CompilerIdCXX/tmp) by extensions ['cmake', 'python']
[0.852s] Level 1:colcon.colcon_core.package_identification:_identify(workspace/ros_ur_driver/src/build/ur_moveit_config/CMakeFiles/3.22.1/CompilerIdCXX/tmp) by extension 'cmake'
[0.852s] Level 1:colcon.colcon_core.package_identification:_identify(workspace/ros_ur_driver/src/build/ur_moveit_config/CMakeFiles/3.22.1/CompilerIdCXX/tmp) by extension 'python'
[0.852s] Level 1:colcon.colcon_core.package_identification:_identify(workspace/ros_ur_driver/src/build/ur_moveit_config/CMakeFiles/3.22.1/CompilerIdCXX/tmp) by extensions ['python_setup_py']
[0.852s] Level 1:colcon.colcon_core.package_identification:_identify(workspace/ros_ur_driver/src/build/ur_moveit_config/CMakeFiles/3.22.1/CompilerIdCXX/tmp) by extension 'python_setup_py'
[0.853s] Level 1:colcon.colcon_core.package_identification:_identify(workspace/ros_ur_driver/src/build/ur_moveit_config/CMakeFiles/CMakeTmp) by extensions ['ignore', 'ignore_ament_install']
[0.853s] Level 1:colcon.colcon_core.package_identification:_identify(workspace/ros_ur_driver/src/build/ur_moveit_config/CMakeFiles/CMakeTmp) by extension 'ignore'
[0.853s] Level 1:colcon.colcon_core.package_identification:_identify(workspace/ros_ur_driver/src/build/ur_moveit_config/CMakeFiles/CMakeTmp) by extension 'ignore_ament_install'
[0.853s] Level 1:colcon.colcon_core.package_identification:_identify(workspace/ros_ur_driver/src/build/ur_moveit_config/CMakeFiles/CMakeTmp) by extensions ['colcon_pkg']
[0.853s] Level 1:colcon.colcon_core.package_identification:_identify(workspace/ros_ur_driver/src/build/ur_moveit_config/CMakeFiles/CMakeTmp) by extension 'colcon_pkg'
[0.853s] Level 1:colcon.colcon_core.package_identification:_identify(workspace/ros_ur_driver/src/build/ur_moveit_config/CMakeFiles/CMakeTmp) by extensions ['colcon_meta']
[0.853s] Level 1:colcon.colcon_core.package_identification:_identify(workspace/ros_ur_driver/src/build/ur_moveit_config/CMakeFiles/CMakeTmp) by extension 'colcon_meta'
[0.853s] Level 1:colcon.colcon_core.package_identification:_identify(workspace/ros_ur_driver/src/build/ur_moveit_config/CMakeFiles/CMakeTmp) by extensions ['ros']
[0.854s] Level 1:colcon.colcon_core.package_identification:_identify(workspace/ros_ur_driver/src/build/ur_moveit_config/CMakeFiles/CMakeTmp) by extension 'ros'
[0.854s] Level 1:colcon.colcon_core.package_identification:_identify(workspace/ros_ur_driver/src/build/ur_moveit_config/CMakeFiles/CMakeTmp) by extensions ['cmake', 'python']
[0.854s] Level 1:colcon.colcon_core.package_identification:_identify(workspace/ros_ur_driver/src/build/ur_moveit_config/CMakeFiles/CMakeTmp) by extension 'cmake'
[0.854s] Level 1:colcon.colcon_core.package_identification:_identify(workspace/ros_ur_driver/src/build/ur_moveit_config/CMakeFiles/CMakeTmp) by extension 'python'
[0.854s] Level 1:colcon.colcon_core.package_identification:_identify(workspace/ros_ur_driver/src/build/ur_moveit_config/CMakeFiles/CMakeTmp) by extensions ['python_setup_py']
[0.854s] Level 1:colcon.colcon_core.package_identification:_identify(workspace/ros_ur_driver/src/build/ur_moveit_config/CMakeFiles/CMakeTmp) by extension 'python_setup_py'
[0.854s] Level 1:colcon.colcon_core.package_identification:_identify(workspace/ros_ur_driver/src/build/ur_robot_driver) by extensions ['ignore', 'ignore_ament_install']
[0.854s] Level 1:colcon.colcon_core.package_identification:_identify(workspace/ros_ur_driver/src/build/ur_robot_driver) by extension 'ignore'
[0.855s] Level 1:colcon.colcon_core.package_identification:_identify(workspace/ros_ur_driver/src/build/ur_robot_driver) by extension 'ignore_ament_install'
[0.855s] Level 1:colcon.colcon_core.package_identification:_identify(workspace/ros_ur_driver/src/build/ur_robot_driver) by extensions ['colcon_pkg']
[0.855s] Level 1:colcon.colcon_core.package_identification:_identify(workspace/ros_ur_driver/src/build/ur_robot_driver) by extension 'colcon_pkg'
[0.855s] Level 1:colcon.colcon_core.package_identification:_identify(workspace/ros_ur_driver/src/build/ur_robot_driver) by extensions ['colcon_meta']
[0.855s] Level 1:colcon.colcon_core.package_identification:_identify(workspace/ros_ur_driver/src/build/ur_robot_driver) by extension 'colcon_meta'
[0.855s] Level 1:colcon.colcon_core.package_identification:_identify(workspace/ros_ur_driver/src/build/ur_robot_driver) by extensions ['ros']
[0.855s] Level 1:colcon.colcon_core.package_identification:_identify(workspace/ros_ur_driver/src/build/ur_robot_driver) by extension 'ros'
[0.855s] Level 1:colcon.colcon_core.package_identification:_identify(workspace/ros_ur_driver/src/build/ur_robot_driver) by extensions ['cmake', 'python']
[0.855s] Level 1:colcon.colcon_core.package_identification:_identify(workspace/ros_ur_driver/src/build/ur_robot_driver) by extension 'cmake'
[0.855s] Level 1:colcon.colcon_core.package_identification:_identify(workspace/ros_ur_driver/src/build/ur_robot_driver) by extension 'python'
[0.855s] Level 1:colcon.colcon_core.package_identification:_identify(workspace/ros_ur_driver/src/build/ur_robot_driver) by extensions ['python_setup_py']
[0.855s] Level 1:colcon.colcon_core.package_identification:_identify(workspace/ros_ur_driver/src/build/ur_robot_driver) by extension 'python_setup_py'
[0.855s] Level 1:colcon.colcon_core.package_identification:_identify(workspace/ros_ur_driver/src/build/ur_robot_driver/CMakeFiles) by extensions ['ignore', 'ignore_ament_install']
[0.855s] Level 1:colcon.colcon_core.package_identification:_identify(workspace/ros_ur_driver/src/build/ur_robot_driver/CMakeFiles) by extension 'ignore'
[0.855s] Level 1:colcon.colcon_core.package_identification:_identify(workspace/ros_ur_driver/src/build/ur_robot_driver/CMakeFiles) by extension 'ignore_ament_install'
[0.857s] Level 1:colcon.colcon_core.package_identification:_identify(workspace/ros_ur_driver/src/build/ur_robot_driver/CMakeFiles) by extensions ['colcon_pkg']
[0.857s] Level 1:colcon.colcon_core.package_identification:_identify(workspace/ros_ur_driver/src/build/ur_robot_driver/CMakeFiles) by extension 'colcon_pkg'
[0.857s] Level 1:colcon.colcon_core.package_identification:_identify(workspace/ros_ur_driver/src/build/ur_robot_driver/CMakeFiles) by extensions ['colcon_meta']
[0.857s] Level 1:colcon.colcon_core.package_identification:_identify(workspace/ros_ur_driver/src/build/ur_robot_driver/CMakeFiles) by extension 'colcon_meta'
[0.857s] Level 1:colcon.colcon_core.package_identification:_identify(workspace/ros_ur_driver/src/build/ur_robot_driver/CMakeFiles) by extensions ['ros']
[0.857s] Level 1:colcon.colcon_core.package_identification:_identify(workspace/ros_ur_driver/src/build/ur_robot_driver/CMakeFiles) by extension 'ros'
[0.857s] Level 1:colcon.colcon_core.package_identification:_identify(workspace/ros_ur_driver/src/build/ur_robot_driver/CMakeFiles) by extensions ['cmake', 'python']
[0.857s] Level 1:colcon.colcon_core.package_identification:_identify(workspace/ros_ur_driver/src/build/ur_robot_driver/CMakeFiles) by extension 'cmake'
[0.857s] Level 1:colcon.colcon_core.package_identification:_identify(workspace/ros_ur_driver/src/build/ur_robot_driver/CMakeFiles) by extension 'python'
[0.857s] Level 1:colcon.colcon_core.package_identification:_identify(workspace/ros_ur_driver/src/build/ur_robot_driver/CMakeFiles) by extensions ['python_setup_py']
[0.857s] Level 1:colcon.colcon_core.package_identification:_identify(workspace/ros_ur_driver/src/build/ur_robot_driver/CMakeFiles) by extension 'python_setup_py'
[0.858s] Level 1:colcon.colcon_core.package_identification:_identify(workspace/ros_ur_driver/src/build/ur_robot_driver/CMakeFiles/3.22.1) by extensions ['ignore', 'ignore_ament_install']
[0.858s] Level 1:colcon.colcon_core.package_identification:_identify(workspace/ros_ur_driver/src/build/ur_robot_driver/CMakeFiles/3.22.1) by extension 'ignore'
[0.858s] Level 1:colcon.colcon_core.package_identification:_identify(workspace/ros_ur_driver/src/build/ur_robot_driver/CMakeFiles/3.22.1) by extension 'ignore_ament_install'
[0.858s] Level 1:colcon.colcon_core.package_identification:_identify(workspace/ros_ur_driver/src/build/ur_robot_driver/CMakeFiles/3.22.1) by extensions ['colcon_pkg']
[0.858s] Level 1:colcon.colcon_core.package_identification:_identify(workspace/ros_ur_driver/src/build/ur_robot_driver/CMakeFiles/3.22.1) by extension 'colcon_pkg'
[0.858s] Level 1:colcon.colcon_core.package_identification:_identify(workspace/ros_ur_driver/src/build/ur_robot_driver/CMakeFiles/3.22.1) by extensions ['colcon_meta']
[0.858s] Level 1:colcon.colcon_core.package_identification:_identify(workspace/ros_ur_driver/src/build/ur_robot_driver/CMakeFiles/3.22.1) by extension 'colcon_meta'
[0.858s] Level 1:colcon.colcon_core.package_identification:_identify(workspace/ros_ur_driver/src/build/ur_robot_driver/CMakeFiles/3.22.1) by extensions ['ros']
[0.858s] Level 1:colcon.colcon_core.package_identification:_identify(workspace/ros_ur_driver/src/build/ur_robot_driver/CMakeFiles/3.22.1) by extension 'ros'
[0.858s] Level 1:colcon.colcon_core.package_identification:_identify(workspace/ros_ur_driver/src/build/ur_robot_driver/CMakeFiles/3.22.1) by extensions ['cmake', 'python']
[0.858s] Level 1:colcon.colcon_core.package_identification:_identify(workspace/ros_ur_driver/src/build/ur_robot_driver/CMakeFiles/3.22.1) by extension 'cmake'
[0.859s] Level 1:colcon.colcon_core.package_identification:_identify(workspace/ros_ur_driver/src/build/ur_robot_driver/CMakeFiles/3.22.1) by extension 'python'
[0.859s] Level 1:colcon.colcon_core.package_identification:_identify(workspace/ros_ur_driver/src/build/ur_robot_driver/CMakeFiles/3.22.1) by extensions ['python_setup_py']
[0.859s] Level 1:colcon.colcon_core.package_identification:_identify(workspace/ros_ur_driver/src/build/ur_robot_driver/CMakeFiles/3.22.1) by extension 'python_setup_py'
[0.859s] Level 1:colcon.colcon_core.package_identification:_identify(workspace/ros_ur_driver/src/build/ur_robot_driver/CMakeFiles/3.22.1/CompilerIdC) by extensions ['ignore', 'ignore_ament_install']
[0.861s] Level 1:colcon.colcon_core.package_identification:_identify(workspace/ros_ur_driver/src/build/ur_robot_driver/CMakeFiles/3.22.1/CompilerIdC) by extension 'ignore'
[0.862s] Level 1:colcon.colcon_core.package_identification:_identify(workspace/ros_ur_driver/src/build/ur_robot_driver/CMakeFiles/3.22.1/CompilerIdC) by extension 'ignore_ament_install'
[0.862s] Level 1:colcon.colcon_core.package_identification:_identify(workspace/ros_ur_driver/src/build/ur_robot_driver/CMakeFiles/3.22.1/CompilerIdC) by extensions ['colcon_pkg']
[0.862s] Level 1:colcon.colcon_core.package_identification:_identify(workspace/ros_ur_driver/src/build/ur_robot_driver/CMakeFiles/3.22.1/CompilerIdC) by extension 'colcon_pkg'
[0.862s] Level 1:colcon.colcon_core.package_identification:_identify(workspace/ros_ur_driver/src/build/ur_robot_driver/CMakeFiles/3.22.1/CompilerIdC) by extensions ['colcon_meta']
[0.862s] Level 1:colcon.colcon_core.package_identification:_identify(workspace/ros_ur_driver/src/build/ur_robot_driver/CMakeFiles/3.22.1/CompilerIdC) by extension 'colcon_meta'
[0.862s] Level 1:colcon.colcon_core.package_identification:_identify(workspace/ros_ur_driver/src/build/ur_robot_driver/CMakeFiles/3.22.1/CompilerIdC) by extensions ['ros']
[0.862s] Level 1:colcon.colcon_core.package_identification:_identify(workspace/ros_ur_driver/src/build/ur_robot_driver/CMakeFiles/3.22.1/CompilerIdC) by extension 'ros'
[0.862s] Level 1:colcon.colcon_core.package_identification:_identify(workspace/ros_ur_driver/src/build/ur_robot_driver/CMakeFiles/3.22.1/CompilerIdC) by extensions ['cmake', 'python']
[0.862s] Level 1:colcon.colcon_core.package_identification:_identify(workspace/ros_ur_driver/src/build/ur_robot_driver/CMakeFiles/3.22.1/CompilerIdC) by extension 'cmake'
[0.862s] Level 1:colcon.colcon_core.package_identification:_identify(workspace/ros_ur_driver/src/build/ur_robot_driver/CMakeFiles/3.22.1/CompilerIdC) by extension 'python'
[0.862s] Level 1:colcon.colcon_core.package_identification:_identify(workspace/ros_ur_driver/src/build/ur_robot_driver/CMakeFiles/3.22.1/CompilerIdC) by extensions ['python_setup_py']
[0.862s] Level 1:colcon.colcon_core.package_identification:_identify(workspace/ros_ur_driver/src/build/ur_robot_driver/CMakeFiles/3.22.1/CompilerIdC) by extension 'python_setup_py'
[0.863s] Level 1:colcon.colcon_core.package_identification:_identify(workspace/ros_ur_driver/src/build/ur_robot_driver/CMakeFiles/3.22.1/CompilerIdC/tmp) by extensions ['ignore', 'ignore_ament_install']
[0.863s] Level 1:colcon.colcon_core.package_identification:_identify(workspace/ros_ur_driver/src/build/ur_robot_driver/CMakeFiles/3.22.1/CompilerIdC/tmp) by extension 'ignore'
[0.863s] Level 1:colcon.colcon_core.package_identification:_identify(workspace/ros_ur_driver/src/build/ur_robot_driver/CMakeFiles/3.22.1/CompilerIdC/tmp) by extension 'ignore_ament_install'
[0.863s] Level 1:colcon.colcon_core.package_identification:_identify(workspace/ros_ur_driver/src/build/ur_robot_driver/CMakeFiles/3.22.1/CompilerIdC/tmp) by extensions ['colcon_pkg']
[0.863s] Level 1:colcon.colcon_core.package_identification:_identify(workspace/ros_ur_driver/src/build/ur_robot_driver/CMakeFiles/3.22.1/CompilerIdC/tmp) by extension 'colcon_pkg'
[0.863s] Level 1:colcon.colcon_core.package_identification:_identify(workspace/ros_ur_driver/src/build/ur_robot_driver/CMakeFiles/3.22.1/CompilerIdC/tmp) by extensions ['colcon_meta']
[0.863s] Level 1:colcon.colcon_core.package_identification:_identify(workspace/ros_ur_driver/src/build/ur_robot_driver/CMakeFiles/3.22.1/CompilerIdC/tmp) by extension 'colcon_meta'
[0.863s] Level 1:colcon.colcon_core.package_identification:_identify(workspace/ros_ur_driver/src/build/ur_robot_driver/CMakeFiles/3.22.1/CompilerIdC/tmp) by extensions ['ros']
[0.863s] Level 1:colcon.colcon_core.package_identification:_identify(workspace/ros_ur_driver/src/build/ur_robot_driver/CMakeFiles/3.22.1/CompilerIdC/tmp) by extension 'ros'
[0.864s] Level 1:colcon.colcon_core.package_identification:_identify(workspace/ros_ur_driver/src/build/ur_robot_driver/CMakeFiles/3.22.1/CompilerIdC/tmp) by extensions ['cmake', 'python']
[0.864s] Level 1:colcon.colcon_core.package_identification:_identify(workspace/ros_ur_driver/src/build/ur_robot_driver/CMakeFiles/3.22.1/CompilerIdC/tmp) by extension 'cmake'
[0.864s] Level 1:colcon.colcon_core.package_identification:_identify(workspace/ros_ur_driver/src/build/ur_robot_driver/CMakeFiles/3.22.1/CompilerIdC/tmp) by extension 'python'
[0.864s] Level 1:colcon.colcon_core.package_identification:_identify(workspace/ros_ur_driver/src/build/ur_robot_driver/CMakeFiles/3.22.1/CompilerIdC/tmp) by extensions ['python_setup_py']
[0.864s] Level 1:colcon.colcon_core.package_identification:_identify(workspace/ros_ur_driver/src/build/ur_robot_driver/CMakeFiles/3.22.1/CompilerIdC/tmp) by extension 'python_setup_py'
[0.864s] Level 1:colcon.colcon_core.package_identification:_identify(workspace/ros_ur_driver/src/build/ur_robot_driver/CMakeFiles/3.22.1/CompilerIdCXX) by extensions ['ignore', 'ignore_ament_install']
[0.864s] Level 1:colcon.colcon_core.package_identification:_identify(workspace/ros_ur_driver/src/build/ur_robot_driver/CMakeFiles/3.22.1/CompilerIdCXX) by extension 'ignore'
[0.864s] Level 1:colcon.colcon_core.package_identification:_identify(workspace/ros_ur_driver/src/build/ur_robot_driver/CMakeFiles/3.22.1/CompilerIdCXX) by extension 'ignore_ament_install'
[0.864s] Level 1:colcon.colcon_core.package_identification:_identify(workspace/ros_ur_driver/src/build/ur_robot_driver/CMakeFiles/3.22.1/CompilerIdCXX) by extensions ['colcon_pkg']
[0.864s] Level 1:colcon.colcon_core.package_identification:_identify(workspace/ros_ur_driver/src/build/ur_robot_driver/CMakeFiles/3.22.1/CompilerIdCXX) by extension 'colcon_pkg'
[0.864s] Level 1:colcon.colcon_core.package_identification:_identify(workspace/ros_ur_driver/src/build/ur_robot_driver/CMakeFiles/3.22.1/CompilerIdCXX) by extensions ['colcon_meta']
[0.864s] Level 1:colcon.colcon_core.package_identification:_identify(workspace/ros_ur_driver/src/build/ur_robot_driver/CMakeFiles/3.22.1/CompilerIdCXX) by extension 'colcon_meta'
[0.865s] Level 1:colcon.colcon_core.package_identification:_identify(workspace/ros_ur_driver/src/build/ur_robot_driver/CMakeFiles/3.22.1/CompilerIdCXX) by extensions ['ros']
[0.865s] Level 1:colcon.colcon_core.package_identification:_identify(workspace/ros_ur_driver/src/build/ur_robot_driver/CMakeFiles/3.22.1/CompilerIdCXX) by extension 'ros'
[0.865s] Level 1:colcon.colcon_core.package_identification:_identify(workspace/ros_ur_driver/src/build/ur_robot_driver/CMakeFiles/3.22.1/CompilerIdCXX) by extensions ['cmake', 'python']
[0.865s] Level 1:colcon.colcon_core.package_identification:_identify(workspace/ros_ur_driver/src/build/ur_robot_driver/CMakeFiles/3.22.1/CompilerIdCXX) by extension 'cmake'
[0.865s] Level 1:colcon.colcon_core.package_identification:_identify(workspace/ros_ur_driver/src/build/ur_robot_driver/CMakeFiles/3.22.1/CompilerIdCXX) by extension 'python'
[0.865s] Level 1:colcon.colcon_core.package_identification:_identify(workspace/ros_ur_driver/src/build/ur_robot_driver/CMakeFiles/3.22.1/CompilerIdCXX) by extensions ['python_setup_py']
[0.866s] Level 1:colcon.colcon_core.package_identification:_identify(workspace/ros_ur_driver/src/build/ur_robot_driver/CMakeFiles/3.22.1/CompilerIdCXX) by extension 'python_setup_py'
[0.866s] Level 1:colcon.colcon_core.package_identification:_identify(workspace/ros_ur_driver/src/build/ur_robot_driver/CMakeFiles/3.22.1/CompilerIdCXX/tmp) by extensions ['ignore', 'ignore_ament_install']
[0.866s] Level 1:colcon.colcon_core.package_identification:_identify(workspace/ros_ur_driver/src/build/ur_robot_driver/CMakeFiles/3.22.1/CompilerIdCXX/tmp) by extension 'ignore'
[0.868s] Level 1:colcon.colcon_core.package_identification:_identify(workspace/ros_ur_driver/src/build/ur_robot_driver/CMakeFiles/3.22.1/CompilerIdCXX/tmp) by extension 'ignore_ament_install'
[0.868s] Level 1:colcon.colcon_core.package_identification:_identify(workspace/ros_ur_driver/src/build/ur_robot_driver/CMakeFiles/3.22.1/CompilerIdCXX/tmp) by extensions ['colcon_pkg']
[0.868s] Level 1:colcon.colcon_core.package_identification:_identify(workspace/ros_ur_driver/src/build/ur_robot_driver/CMakeFiles/3.22.1/CompilerIdCXX/tmp) by extension 'colcon_pkg'
[0.868s] Level 1:colcon.colcon_core.package_identification:_identify(workspace/ros_ur_driver/src/build/ur_robot_driver/CMakeFiles/3.22.1/CompilerIdCXX/tmp) by extensions ['colcon_meta']
[0.868s] Level 1:colcon.colcon_core.package_identification:_identify(workspace/ros_ur_driver/src/build/ur_robot_driver/CMakeFiles/3.22.1/CompilerIdCXX/tmp) by extension 'colcon_meta'
[0.868s] Level 1:colcon.colcon_core.package_identification:_identify(workspace/ros_ur_driver/src/build/ur_robot_driver/CMakeFiles/3.22.1/CompilerIdCXX/tmp) by extensions ['ros']
[0.869s] Level 1:colcon.colcon_core.package_identification:_identify(workspace/ros_ur_driver/src/build/ur_robot_driver/CMakeFiles/3.22.1/CompilerIdCXX/tmp) by extension 'ros'
[0.869s] Level 1:colcon.colcon_core.package_identification:_identify(workspace/ros_ur_driver/src/build/ur_robot_driver/CMakeFiles/3.22.1/CompilerIdCXX/tmp) by extensions ['cmake', 'python']
[0.869s] Level 1:colcon.colcon_core.package_identification:_identify(workspace/ros_ur_driver/src/build/ur_robot_driver/CMakeFiles/3.22.1/CompilerIdCXX/tmp) by extension 'cmake'
[0.869s] Level 1:colcon.colcon_core.package_identification:_identify(workspace/ros_ur_driver/src/build/ur_robot_driver/CMakeFiles/3.22.1/CompilerIdCXX/tmp) by extension 'python'
[0.869s] Level 1:colcon.colcon_core.package_identification:_identify(workspace/ros_ur_driver/src/build/ur_robot_driver/CMakeFiles/3.22.1/CompilerIdCXX/tmp) by extensions ['python_setup_py']
[0.869s] Level 1:colcon.colcon_core.package_identification:_identify(workspace/ros_ur_driver/src/build/ur_robot_driver/CMakeFiles/3.22.1/CompilerIdCXX/tmp) by extension 'python_setup_py'
[0.869s] Level 1:colcon.colcon_core.package_identification:_identify(workspace/ros_ur_driver/src/build/ur_robot_driver/CMakeFiles/CMakeTmp) by extensions ['ignore', 'ignore_ament_install']
[0.869s] Level 1:colcon.colcon_core.package_identification:_identify(workspace/ros_ur_driver/src/build/ur_robot_driver/CMakeFiles/CMakeTmp) by extension 'ignore'
[0.869s] Level 1:colcon.colcon_core.package_identification:_identify(workspace/ros_ur_driver/src/build/ur_robot_driver/CMakeFiles/CMakeTmp) by extension 'ignore_ament_install'
[0.869s] Level 1:colcon.colcon_core.package_identification:_identify(workspace/ros_ur_driver/src/build/ur_robot_driver/CMakeFiles/CMakeTmp) by extensions ['colcon_pkg']
[0.869s] Level 1:colcon.colcon_core.package_identification:_identify(workspace/ros_ur_driver/src/build/ur_robot_driver/CMakeFiles/CMakeTmp) by extension 'colcon_pkg'
[0.869s] Level 1:colcon.colcon_core.package_identification:_identify(workspace/ros_ur_driver/src/build/ur_robot_driver/CMakeFiles/CMakeTmp) by extensions ['colcon_meta']
[0.869s] Level 1:colcon.colcon_core.package_identification:_identify(workspace/ros_ur_driver/src/build/ur_robot_driver/CMakeFiles/CMakeTmp) by extension 'colcon_meta'
[0.870s] Level 1:colcon.colcon_core.package_identification:_identify(workspace/ros_ur_driver/src/build/ur_robot_driver/CMakeFiles/CMakeTmp) by extensions ['ros']
[0.870s] Level 1:colcon.colcon_core.package_identification:_identify(workspace/ros_ur_driver/src/build/ur_robot_driver/CMakeFiles/CMakeTmp) by extension 'ros'
[0.870s] Level 1:colcon.colcon_core.package_identification:_identify(workspace/ros_ur_driver/src/build/ur_robot_driver/CMakeFiles/CMakeTmp) by extensions ['cmake', 'python']
[0.870s] Level 1:colcon.colcon_core.package_identification:_identify(workspace/ros_ur_driver/src/build/ur_robot_driver/CMakeFiles/CMakeTmp) by extension 'cmake'
[0.870s] Level 1:colcon.colcon_core.package_identification:_identify(workspace/ros_ur_driver/src/build/ur_robot_driver/CMakeFiles/CMakeTmp) by extension 'python'
[0.870s] Level 1:colcon.colcon_core.package_identification:_identify(workspace/ros_ur_driver/src/build/ur_robot_driver/CMakeFiles/CMakeTmp) by extensions ['python_setup_py']
[0.870s] Level 1:colcon.colcon_core.package_identification:_identify(workspace/ros_ur_driver/src/build/ur_robot_driver/CMakeFiles/CMakeTmp) by extension 'python_setup_py'
[0.870s] Level 1:colcon.colcon_core.package_identification:_identify(workspace/ros_ur_driver/src/build_platform) by extensions ['ignore', 'ignore_ament_install']
[0.870s] Level 1:colcon.colcon_core.package_identification:_identify(workspace/ros_ur_driver/src/build_platform) by extension 'ignore'
[0.870s] Level 1:colcon.colcon_core.package_identification:_identify(workspace/ros_ur_driver/src/build_platform) by extension 'ignore_ament_install'
[0.870s] Level 1:colcon.colcon_core.package_identification:_identify(workspace/ros_ur_driver/src/build_platform) by extensions ['colcon_pkg']
[0.870s] Level 1:colcon.colcon_core.package_identification:_identify(workspace/ros_ur_driver/src/build_platform) by extension 'colcon_pkg'
[0.870s] Level 1:colcon.colcon_core.package_identification:_identify(workspace/ros_ur_driver/src/build_platform) by extensions ['colcon_meta']
[0.870s] Level 1:colcon.colcon_core.package_identification:_identify(workspace/ros_ur_driver/src/build_platform) by extension 'colcon_meta'
[0.870s] Level 1:colcon.colcon_core.package_identification:_identify(workspace/ros_ur_driver/src/build_platform) by extensions ['ros']
[0.871s] Level 1:colcon.colcon_core.package_identification:_identify(workspace/ros_ur_driver/src/build_platform) by extension 'ros'
[0.881s] DEBUG:colcon.colcon_core.package_identification:Package 'workspace/ros_ur_driver/src/build_platform' with type 'ros.ament_python' and name 'build_platform'
[0.881s] Level 1:colcon.colcon_core.package_identification:_identify(workspace/ros_ur_driver/src/data_logger) by extensions ['ignore', 'ignore_ament_install']
[0.881s] Level 1:colcon.colcon_core.package_identification:_identify(workspace/ros_ur_driver/src/data_logger) by extension 'ignore'
[0.882s] Level 1:colcon.colcon_core.package_identification:_identify(workspace/ros_ur_driver/src/data_logger) by extension 'ignore_ament_install'
[0.882s] Level 1:colcon.colcon_core.package_identification:_identify(workspace/ros_ur_driver/src/data_logger) by extensions ['colcon_pkg']
[0.882s] Level 1:colcon.colcon_core.package_identification:_identify(workspace/ros_ur_driver/src/data_logger) by extension 'colcon_pkg'
[0.882s] Level 1:colcon.colcon_core.package_identification:_identify(workspace/ros_ur_driver/src/data_logger) by extensions ['colcon_meta']
[0.882s] Level 1:colcon.colcon_core.package_identification:_identify(workspace/ros_ur_driver/src/data_logger) by extension 'colcon_meta'
[0.882s] Level 1:colcon.colcon_core.package_identification:_identify(workspace/ros_ur_driver/src/data_logger) by extensions ['ros']
[0.882s] Level 1:colcon.colcon_core.package_identification:_identify(workspace/ros_ur_driver/src/data_logger) by extension 'ros'
[0.884s] DEBUG:colcon.colcon_core.package_identification:Package 'workspace/ros_ur_driver/src/data_logger' with type 'ros.ament_python' and name 'data_logger'
[0.886s] Level 1:colcon.colcon_core.package_identification:_identify(workspace/ros_ur_driver/src/install) by extensions ['ignore', 'ignore_ament_install']
[0.886s] Level 1:colcon.colcon_core.package_identification:_identify(workspace/ros_ur_driver/src/install) by extension 'ignore'
[0.886s] Level 1:colcon.colcon_core.package_identification:_identify(workspace/ros_ur_driver/src/install) by extension 'ignore_ament_install'
[0.886s] Level 1:colcon.colcon_core.package_identification:_identify(workspace/ros_ur_driver/src/install) by extensions ['colcon_pkg']
[0.886s] Level 1:colcon.colcon_core.package_identification:_identify(workspace/ros_ur_driver/src/install) by extension 'colcon_pkg'
[0.886s] Level 1:colcon.colcon_core.package_identification:_identify(workspace/ros_ur_driver/src/install) by extensions ['colcon_meta']
[0.886s] Level 1:colcon.colcon_core.package_identification:_identify(workspace/ros_ur_driver/src/install) by extension 'colcon_meta'
[0.886s] Level 1:colcon.colcon_core.package_identification:_identify(workspace/ros_ur_driver/src/install) by extensions ['ros']
[0.887s] Level 1:colcon.colcon_core.package_identification:_identify(workspace/ros_ur_driver/src/install) by extension 'ros'
[0.887s] Level 1:colcon.colcon_core.package_identification:_identify(workspace/ros_ur_driver/src/install) by extensions ['cmake', 'python']
[0.887s] Level 1:colcon.colcon_core.package_identification:_identify(workspace/ros_ur_driver/src/install) by extension 'cmake'
[0.887s] Level 1:colcon.colcon_core.package_identification:_identify(workspace/ros_ur_driver/src/install) by extension 'python'
[0.887s] Level 1:colcon.colcon_core.package_identification:_identify(workspace/ros_ur_driver/src/install) by extensions ['python_setup_py']
[0.889s] Level 1:colcon.colcon_core.package_identification:_identify(workspace/ros_ur_driver/src/install) by extension 'python_setup_py'
[0.889s] Level 1:colcon.colcon_core.package_identification:_identify(workspace/ros_ur_driver/src/install/ur_dashboard_msgs) by extensions ['ignore', 'ignore_ament_install']
[0.889s] Level 1:colcon.colcon_core.package_identification:_identify(workspace/ros_ur_driver/src/install/ur_dashboard_msgs) by extension 'ignore'
[0.889s] Level 1:colcon.colcon_core.package_identification:_identify(workspace/ros_ur_driver/src/install/ur_dashboard_msgs) by extension 'ignore_ament_install'
[0.889s] Level 1:colcon.colcon_core.package_identification:_identify(workspace/ros_ur_driver/src/install/ur_dashboard_msgs) by extensions ['colcon_pkg']
[0.889s] Level 1:colcon.colcon_core.package_identification:_identify(workspace/ros_ur_driver/src/install/ur_dashboard_msgs) by extension 'colcon_pkg'
[0.889s] Level 1:colcon.colcon_core.package_identification:_identify(workspace/ros_ur_driver/src/install/ur_dashboard_msgs) by extensions ['colcon_meta']
[0.889s] Level 1:colcon.colcon_core.package_identification:_identify(workspace/ros_ur_driver/src/install/ur_dashboard_msgs) by extension 'colcon_meta'
[0.889s] Level 1:colcon.colcon_core.package_identification:_identify(workspace/ros_ur_driver/src/install/ur_dashboard_msgs) by extensions ['ros']
[0.890s] Level 1:colcon.colcon_core.package_identification:_identify(workspace/ros_ur_driver/src/install/ur_dashboard_msgs) by extension 'ros'
[0.890s] Level 1:colcon.colcon_core.package_identification:_identify(workspace/ros_ur_driver/src/install/ur_dashboard_msgs) by extensions ['cmake', 'python']
[0.890s] Level 1:colcon.colcon_core.package_identification:_identify(workspace/ros_ur_driver/src/install/ur_dashboard_msgs) by extension 'cmake'
[0.890s] Level 1:colcon.colcon_core.package_identification:_identify(workspace/ros_ur_driver/src/install/ur_dashboard_msgs) by extension 'python'
[0.890s] Level 1:colcon.colcon_core.package_identification:_identify(workspace/ros_ur_driver/src/install/ur_dashboard_msgs) by extensions ['python_setup_py']
[0.890s] Level 1:colcon.colcon_core.package_identification:_identify(workspace/ros_ur_driver/src/install/ur_dashboard_msgs) by extension 'python_setup_py'
[0.890s] Level 1:colcon.colcon_core.package_identification:_identify(workspace/ros_ur_driver/src/install/ur_dashboard_msgs/include) by extensions ['ignore', 'ignore_ament_install']
[0.890s] Level 1:colcon.colcon_core.package_identification:_identify(workspace/ros_ur_driver/src/install/ur_dashboard_msgs/include) by extension 'ignore'
[0.890s] Level 1:colcon.colcon_core.package_identification:_identify(workspace/ros_ur_driver/src/install/ur_dashboard_msgs/include) by extension 'ignore_ament_install'
[0.890s] Level 1:colcon.colcon_core.package_identification:_identify(workspace/ros_ur_driver/src/install/ur_dashboard_msgs/include) by extensions ['colcon_pkg']
[0.890s] Level 1:colcon.colcon_core.package_identification:_identify(workspace/ros_ur_driver/src/install/ur_dashboard_msgs/include) by extension 'colcon_pkg'
[0.890s] Level 1:colcon.colcon_core.package_identification:_identify(workspace/ros_ur_driver/src/install/ur_dashboard_msgs/include) by extensions ['colcon_meta']
[0.890s] Level 1:colcon.colcon_core.package_identification:_identify(workspace/ros_ur_driver/src/install/ur_dashboard_msgs/include) by extension 'colcon_meta'
[0.891s] Level 1:colcon.colcon_core.package_identification:_identify(workspace/ros_ur_driver/src/install/ur_dashboard_msgs/include) by extensions ['ros']
[0.891s] Level 1:colcon.colcon_core.package_identification:_identify(workspace/ros_ur_driver/src/install/ur_dashboard_msgs/include) by extension 'ros'
[0.891s] Level 1:colcon.colcon_core.package_identification:_identify(workspace/ros_ur_driver/src/install/ur_dashboard_msgs/include) by extensions ['cmake', 'python']
[0.891s] Level 1:colcon.colcon_core.package_identification:_identify(workspace/ros_ur_driver/src/install/ur_dashboard_msgs/include) by extension 'cmake'
[0.891s] Level 1:colcon.colcon_core.package_identification:_identify(workspace/ros_ur_driver/src/install/ur_dashboard_msgs/include) by extension 'python'
[0.891s] Level 1:colcon.colcon_core.package_identification:_identify(workspace/ros_ur_driver/src/install/ur_dashboard_msgs/include) by extensions ['python_setup_py']
[0.891s] Level 1:colcon.colcon_core.package_identification:_identify(workspace/ros_ur_driver/src/install/ur_dashboard_msgs/include) by extension 'python_setup_py'
[0.891s] Level 1:colcon.colcon_core.package_identification:_identify(workspace/ros_ur_driver/src/install/ur_dashboard_msgs/include/ur_dashboard_msgs) by extensions ['ignore', 'ignore_ament_install']
[0.891s] Level 1:colcon.colcon_core.package_identification:_identify(workspace/ros_ur_driver/src/install/ur_dashboard_msgs/include/ur_dashboard_msgs) by extension 'ignore'
[0.891s] Level 1:colcon.colcon_core.package_identification:_identify(workspace/ros_ur_driver/src/install/ur_dashboard_msgs/include/ur_dashboard_msgs) by extension 'ignore_ament_install'
[0.891s] Level 1:colcon.colcon_core.package_identification:_identify(workspace/ros_ur_driver/src/install/ur_dashboard_msgs/include/ur_dashboard_msgs) by extensions ['colcon_pkg']
[0.891s] Level 1:colcon.colcon_core.package_identification:_identify(workspace/ros_ur_driver/src/install/ur_dashboard_msgs/include/ur_dashboard_msgs) by extension 'colcon_pkg'
[0.891s] Level 1:colcon.colcon_core.package_identification:_identify(workspace/ros_ur_driver/src/install/ur_dashboard_msgs/include/ur_dashboard_msgs) by extensions ['colcon_meta']
[0.891s] Level 1:colcon.colcon_core.package_identification:_identify(workspace/ros_ur_driver/src/install/ur_dashboard_msgs/include/ur_dashboard_msgs) by extension 'colcon_meta'
[0.891s] Level 1:colcon.colcon_core.package_identification:_identify(workspace/ros_ur_driver/src/install/ur_dashboard_msgs/include/ur_dashboard_msgs) by extensions ['ros']
[0.891s] Level 1:colcon.colcon_core.package_identification:_identify(workspace/ros_ur_driver/src/install/ur_dashboard_msgs/include/ur_dashboard_msgs) by extension 'ros'
[0.892s] Level 1:colcon.colcon_core.package_identification:_identify(workspace/ros_ur_driver/src/install/ur_dashboard_msgs/include/ur_dashboard_msgs) by extensions ['cmake', 'python']
[0.892s] Level 1:colcon.colcon_core.package_identification:_identify(workspace/ros_ur_driver/src/install/ur_dashboard_msgs/include/ur_dashboard_msgs) by extension 'cmake'
[0.892s] Level 1:colcon.colcon_core.package_identification:_identify(workspace/ros_ur_driver/src/install/ur_dashboard_msgs/include/ur_dashboard_msgs) by extension 'python'
[0.892s] Level 1:colcon.colcon_core.package_identification:_identify(workspace/ros_ur_driver/src/install/ur_dashboard_msgs/include/ur_dashboard_msgs) by extensions ['python_setup_py']
[0.892s] Level 1:colcon.colcon_core.package_identification:_identify(workspace/ros_ur_driver/src/install/ur_dashboard_msgs/include/ur_dashboard_msgs) by extension 'python_setup_py'
[0.892s] Level 1:colcon.colcon_core.package_identification:_identify(workspace/ros_ur_driver/src/install/ur_dashboard_msgs/include/ur_dashboard_msgs/ur_dashboard_msgs) by extensions ['ignore', 'ignore_ament_install']
[0.892s] Level 1:colcon.colcon_core.package_identification:_identify(workspace/ros_ur_driver/src/install/ur_dashboard_msgs/include/ur_dashboard_msgs/ur_dashboard_msgs) by extension 'ignore'
[0.892s] Level 1:colcon.colcon_core.package_identification:_identify(workspace/ros_ur_driver/src/install/ur_dashboard_msgs/include/ur_dashboard_msgs/ur_dashboard_msgs) by extension 'ignore_ament_install'
[0.892s] Level 1:colcon.colcon_core.package_identification:_identify(workspace/ros_ur_driver/src/install/ur_dashboard_msgs/include/ur_dashboard_msgs/ur_dashboard_msgs) by extensions ['colcon_pkg']
[0.892s] Level 1:colcon.colcon_core.package_identification:_identify(workspace/ros_ur_driver/src/install/ur_dashboard_msgs/include/ur_dashboard_msgs/ur_dashboard_msgs) by extension 'colcon_pkg'
[0.892s] Level 1:colcon.colcon_core.package_identification:_identify(workspace/ros_ur_driver/src/install/ur_dashboard_msgs/include/ur_dashboard_msgs/ur_dashboard_msgs) by extensions ['colcon_meta']
[0.892s] Level 1:colcon.colcon_core.package_identification:_identify(workspace/ros_ur_driver/src/install/ur_dashboard_msgs/include/ur_dashboard_msgs/ur_dashboard_msgs) by extension 'colcon_meta'
[0.892s] Level 1:colcon.colcon_core.package_identification:_identify(workspace/ros_ur_driver/src/install/ur_dashboard_msgs/include/ur_dashboard_msgs/ur_dashboard_msgs) by extensions ['ros']
[0.892s] Level 1:colcon.colcon_core.package_identification:_identify(workspace/ros_ur_driver/src/install/ur_dashboard_msgs/include/ur_dashboard_msgs/ur_dashboard_msgs) by extension 'ros'
[0.893s] Level 1:colcon.colcon_core.package_identification:_identify(workspace/ros_ur_driver/src/install/ur_dashboard_msgs/include/ur_dashboard_msgs/ur_dashboard_msgs) by extensions ['cmake', 'python']
[0.893s] Level 1:colcon.colcon_core.package_identification:_identify(workspace/ros_ur_driver/src/install/ur_dashboard_msgs/include/ur_dashboard_msgs/ur_dashboard_msgs) by extension 'cmake'
[0.893s] Level 1:colcon.colcon_core.package_identification:_identify(workspace/ros_ur_driver/src/install/ur_dashboard_msgs/include/ur_dashboard_msgs/ur_dashboard_msgs) by extension 'python'
[0.893s] Level 1:colcon.colcon_core.package_identification:_identify(workspace/ros_ur_driver/src/install/ur_dashboard_msgs/include/ur_dashboard_msgs/ur_dashboard_msgs) by extensions ['python_setup_py']
[0.893s] Level 1:colcon.colcon_core.package_identification:_identify(workspace/ros_ur_driver/src/install/ur_dashboard_msgs/include/ur_dashboard_msgs/ur_dashboard_msgs) by extension 'python_setup_py'
[0.893s] Level 1:colcon.colcon_core.package_identification:_identify(workspace/ros_ur_driver/src/install/ur_dashboard_msgs/include/ur_dashboard_msgs/ur_dashboard_msgs/action) by extensions ['ignore', 'ignore_ament_install']
[0.893s] Level 1:colcon.colcon_core.package_identification:_identify(workspace/ros_ur_driver/src/install/ur_dashboard_msgs/include/ur_dashboard_msgs/ur_dashboard_msgs/action) by extension 'ignore'
[0.893s] Level 1:colcon.colcon_core.package_identification:_identify(workspace/ros_ur_driver/src/install/ur_dashboard_msgs/include/ur_dashboard_msgs/ur_dashboard_msgs/action) by extension 'ignore_ament_install'
[0.893s] Level 1:colcon.colcon_core.package_identification:_identify(workspace/ros_ur_driver/src/install/ur_dashboard_msgs/include/ur_dashboard_msgs/ur_dashboard_msgs/action) by extensions ['colcon_pkg']
[0.893s] Level 1:colcon.colcon_core.package_identification:_identify(workspace/ros_ur_driver/src/install/ur_dashboard_msgs/include/ur_dashboard_msgs/ur_dashboard_msgs/action) by extension 'colcon_pkg'
[0.893s] Level 1:colcon.colcon_core.package_identification:_identify(workspace/ros_ur_driver/src/install/ur_dashboard_msgs/include/ur_dashboard_msgs/ur_dashboard_msgs/action) by extensions ['colcon_meta']
[0.893s] Level 1:colcon.colcon_core.package_identification:_identify(workspace/ros_ur_driver/src/install/ur_dashboard_msgs/include/ur_dashboard_msgs/ur_dashboard_msgs/action) by extension 'colcon_meta'
[0.893s] Level 1:colcon.colcon_core.package_identification:_identify(workspace/ros_ur_driver/src/install/ur_dashboard_msgs/include/ur_dashboard_msgs/ur_dashboard_msgs/action) by extensions ['ros']
[0.893s] Level 1:colcon.colcon_core.package_identification:_identify(workspace/ros_ur_driver/src/install/ur_dashboard_msgs/include/ur_dashboard_msgs/ur_dashboard_msgs/action) by extension 'ros'
[0.893s] Level 1:colcon.colcon_core.package_identification:_identify(workspace/ros_ur_driver/src/install/ur_dashboard_msgs/include/ur_dashboard_msgs/ur_dashboard_msgs/action) by extensions ['cmake', 'python']
[0.894s] Level 1:colcon.colcon_core.package_identification:_identify(workspace/ros_ur_driver/src/install/ur_dashboard_msgs/include/ur_dashboard_msgs/ur_dashboard_msgs/action) by extension 'cmake'
[0.894s] Level 1:colcon.colcon_core.package_identification:_identify(workspace/ros_ur_driver/src/install/ur_dashboard_msgs/include/ur_dashboard_msgs/ur_dashboard_msgs/action) by extension 'python'
[0.894s] Level 1:colcon.colcon_core.package_identification:_identify(workspace/ros_ur_driver/src/install/ur_dashboard_msgs/include/ur_dashboard_msgs/ur_dashboard_msgs/action) by extensions ['python_setup_py']
[0.894s] Level 1:colcon.colcon_core.package_identification:_identify(workspace/ros_ur_driver/src/install/ur_dashboard_msgs/include/ur_dashboard_msgs/ur_dashboard_msgs/action) by extension 'python_setup_py'
[0.894s] Level 1:colcon.colcon_core.package_identification:_identify(workspace/ros_ur_driver/src/install/ur_dashboard_msgs/include/ur_dashboard_msgs/ur_dashboard_msgs/action/detail) by extensions ['ignore', 'ignore_ament_install']
[0.894s] Level 1:colcon.colcon_core.package_identification:_identify(workspace/ros_ur_driver/src/install/ur_dashboard_msgs/include/ur_dashboard_msgs/ur_dashboard_msgs/action/detail) by extension 'ignore'
[0.894s] Level 1:colcon.colcon_core.package_identification:_identify(workspace/ros_ur_driver/src/install/ur_dashboard_msgs/include/ur_dashboard_msgs/ur_dashboard_msgs/action/detail) by extension 'ignore_ament_install'
[0.894s] Level 1:colcon.colcon_core.package_identification:_identify(workspace/ros_ur_driver/src/install/ur_dashboard_msgs/include/ur_dashboard_msgs/ur_dashboard_msgs/action/detail) by extensions ['colcon_pkg']
[0.894s] Level 1:colcon.colcon_core.package_identification:_identify(workspace/ros_ur_driver/src/install/ur_dashboard_msgs/include/ur_dashboard_msgs/ur_dashboard_msgs/action/detail) by extension 'colcon_pkg'
[0.894s] Level 1:colcon.colcon_core.package_identification:_identify(workspace/ros_ur_driver/src/install/ur_dashboard_msgs/include/ur_dashboard_msgs/ur_dashboard_msgs/action/detail) by extensions ['colcon_meta']
[0.894s] Level 1:colcon.colcon_core.package_identification:_identify(workspace/ros_ur_driver/src/install/ur_dashboard_msgs/include/ur_dashboard_msgs/ur_dashboard_msgs/action/detail) by extension 'colcon_meta'
[0.894s] Level 1:colcon.colcon_core.package_identification:_identify(workspace/ros_ur_driver/src/install/ur_dashboard_msgs/include/ur_dashboard_msgs/ur_dashboard_msgs/action/detail) by extensions ['ros']
[0.894s] Level 1:colcon.colcon_core.package_identification:_identify(workspace/ros_ur_driver/src/install/ur_dashboard_msgs/include/ur_dashboard_msgs/ur_dashboard_msgs/action/detail) by extension 'ros'
[0.894s] Level 1:colcon.colcon_core.package_identification:_identify(workspace/ros_ur_driver/src/install/ur_dashboard_msgs/include/ur_dashboard_msgs/ur_dashboard_msgs/action/detail) by extensions ['cmake', 'python']
[0.894s] Level 1:colcon.colcon_core.package_identification:_identify(workspace/ros_ur_driver/src/install/ur_dashboard_msgs/include/ur_dashboard_msgs/ur_dashboard_msgs/action/detail) by extension 'cmake'
[0.895s] Level 1:colcon.colcon_core.package_identification:_identify(workspace/ros_ur_driver/src/install/ur_dashboard_msgs/include/ur_dashboard_msgs/ur_dashboard_msgs/action/detail) by extension 'python'
[0.895s] Level 1:colcon.colcon_core.package_identification:_identify(workspace/ros_ur_driver/src/install/ur_dashboard_msgs/include/ur_dashboard_msgs/ur_dashboard_msgs/action/detail) by extensions ['python_setup_py']
[0.895s] Level 1:colcon.colcon_core.package_identification:_identify(workspace/ros_ur_driver/src/install/ur_dashboard_msgs/include/ur_dashboard_msgs/ur_dashboard_msgs/action/detail) by extension 'python_setup_py'
[0.895s] Level 1:colcon.colcon_core.package_identification:_identify(workspace/ros_ur_driver/src/install/ur_dashboard_msgs/include/ur_dashboard_msgs/ur_dashboard_msgs/action/detail/dds_fastrtps) by extensions ['ignore', 'ignore_ament_install']
[0.895s] Level 1:colcon.colcon_core.package_identification:_identify(workspace/ros_ur_driver/src/install/ur_dashboard_msgs/include/ur_dashboard_msgs/ur_dashboard_msgs/action/detail/dds_fastrtps) by extension 'ignore'
[0.895s] Level 1:colcon.colcon_core.package_identification:_identify(workspace/ros_ur_driver/src/install/ur_dashboard_msgs/include/ur_dashboard_msgs/ur_dashboard_msgs/action/detail/dds_fastrtps) by extension 'ignore_ament_install'
[0.895s] Level 1:colcon.colcon_core.package_identification:_identify(workspace/ros_ur_driver/src/install/ur_dashboard_msgs/include/ur_dashboard_msgs/ur_dashboard_msgs/action/detail/dds_fastrtps) by extensions ['colcon_pkg']
[0.895s] Level 1:colcon.colcon_core.package_identification:_identify(workspace/ros_ur_driver/src/install/ur_dashboard_msgs/include/ur_dashboard_msgs/ur_dashboard_msgs/action/detail/dds_fastrtps) by extension 'colcon_pkg'
[0.895s] Level 1:colcon.colcon_core.package_identification:_identify(workspace/ros_ur_driver/src/install/ur_dashboard_msgs/include/ur_dashboard_msgs/ur_dashboard_msgs/action/detail/dds_fastrtps) by extensions ['colcon_meta']
[0.895s] Level 1:colcon.colcon_core.package_identification:_identify(workspace/ros_ur_driver/src/install/ur_dashboard_msgs/include/ur_dashboard_msgs/ur_dashboard_msgs/action/detail/dds_fastrtps) by extension 'colcon_meta'
[0.895s] Level 1:colcon.colcon_core.package_identification:_identify(workspace/ros_ur_driver/src/install/ur_dashboard_msgs/include/ur_dashboard_msgs/ur_dashboard_msgs/action/detail/dds_fastrtps) by extensions ['ros']
[0.895s] Level 1:colcon.colcon_core.package_identification:_identify(workspace/ros_ur_driver/src/install/ur_dashboard_msgs/include/ur_dashboard_msgs/ur_dashboard_msgs/action/detail/dds_fastrtps) by extension 'ros'
[0.895s] Level 1:colcon.colcon_core.package_identification:_identify(workspace/ros_ur_driver/src/install/ur_dashboard_msgs/include/ur_dashboard_msgs/ur_dashboard_msgs/action/detail/dds_fastrtps) by extensions ['cmake', 'python']
[0.895s] Level 1:colcon.colcon_core.package_identification:_identify(workspace/ros_ur_driver/src/install/ur_dashboard_msgs/include/ur_dashboard_msgs/ur_dashboard_msgs/action/detail/dds_fastrtps) by extension 'cmake'
[0.896s] Level 1:colcon.colcon_core.package_identification:_identify(workspace/ros_ur_driver/src/install/ur_dashboard_msgs/include/ur_dashboard_msgs/ur_dashboard_msgs/action/detail/dds_fastrtps) by extension 'python'
[0.896s] Level 1:colcon.colcon_core.package_identification:_identify(workspace/ros_ur_driver/src/install/ur_dashboard_msgs/include/ur_dashboard_msgs/ur_dashboard_msgs/action/detail/dds_fastrtps) by extensions ['python_setup_py']
[0.905s] Level 1:colcon.colcon_core.package_identification:_identify(workspace/ros_ur_driver/src/install/ur_dashboard_msgs/include/ur_dashboard_msgs/ur_dashboard_msgs/action/detail/dds_fastrtps) by extension 'python_setup_py'
[0.905s] Level 1:colcon.colcon_core.package_identification:_identify(workspace/ros_ur_driver/src/install/ur_dashboard_msgs/include/ur_dashboard_msgs/ur_dashboard_msgs/msg) by extensions ['ignore', 'ignore_ament_install']
[0.905s] Level 1:colcon.colcon_core.package_identification:_identify(workspace/ros_ur_driver/src/install/ur_dashboard_msgs/include/ur_dashboard_msgs/ur_dashboard_msgs/msg) by extension 'ignore'
[0.905s] Level 1:colcon.colcon_core.package_identification:_identify(workspace/ros_ur_driver/src/install/ur_dashboard_msgs/include/ur_dashboard_msgs/ur_dashboard_msgs/msg) by extension 'ignore_ament_install'
[0.906s] Level 1:colcon.colcon_core.package_identification:_identify(workspace/ros_ur_driver/src/install/ur_dashboard_msgs/include/ur_dashboard_msgs/ur_dashboard_msgs/msg) by extensions ['colcon_pkg']
[0.906s] Level 1:colcon.colcon_core.package_identification:_identify(workspace/ros_ur_driver/src/install/ur_dashboard_msgs/include/ur_dashboard_msgs/ur_dashboard_msgs/msg) by extension 'colcon_pkg'
[0.906s] Level 1:colcon.colcon_core.package_identification:_identify(workspace/ros_ur_driver/src/install/ur_dashboard_msgs/include/ur_dashboard_msgs/ur_dashboard_msgs/msg) by extensions ['colcon_meta']
[0.906s] Level 1:colcon.colcon_core.package_identification:_identify(workspace/ros_ur_driver/src/install/ur_dashboard_msgs/include/ur_dashboard_msgs/ur_dashboard_msgs/msg) by extension 'colcon_meta'
[0.906s] Level 1:colcon.colcon_core.package_identification:_identify(workspace/ros_ur_driver/src/install/ur_dashboard_msgs/include/ur_dashboard_msgs/ur_dashboard_msgs/msg) by extensions ['ros']
[0.906s] Level 1:colcon.colcon_core.package_identification:_identify(workspace/ros_ur_driver/src/install/ur_dashboard_msgs/include/ur_dashboard_msgs/ur_dashboard_msgs/msg) by extension 'ros'
[0.906s] Level 1:colcon.colcon_core.package_identification:_identify(workspace/ros_ur_driver/src/install/ur_dashboard_msgs/include/ur_dashboard_msgs/ur_dashboard_msgs/msg) by extensions ['cmake', 'python']
[0.906s] Level 1:colcon.colcon_core.package_identification:_identify(workspace/ros_ur_driver/src/install/ur_dashboard_msgs/include/ur_dashboard_msgs/ur_dashboard_msgs/msg) by extension 'cmake'
[0.906s] Level 1:colcon.colcon_core.package_identification:_identify(workspace/ros_ur_driver/src/install/ur_dashboard_msgs/include/ur_dashboard_msgs/ur_dashboard_msgs/msg) by extension 'python'
[0.906s] Level 1:colcon.colcon_core.package_identification:_identify(workspace/ros_ur_driver/src/install/ur_dashboard_msgs/include/ur_dashboard_msgs/ur_dashboard_msgs/msg) by extensions ['python_setup_py']
[0.906s] Level 1:colcon.colcon_core.package_identification:_identify(workspace/ros_ur_driver/src/install/ur_dashboard_msgs/include/ur_dashboard_msgs/ur_dashboard_msgs/msg) by extension 'python_setup_py'
[0.906s] Level 1:colcon.colcon_core.package_identification:_identify(workspace/ros_ur_driver/src/install/ur_dashboard_msgs/include/ur_dashboard_msgs/ur_dashboard_msgs/msg/detail) by extensions ['ignore', 'ignore_ament_install']
[0.906s] Level 1:colcon.colcon_core.package_identification:_identify(workspace/ros_ur_driver/src/install/ur_dashboard_msgs/include/ur_dashboard_msgs/ur_dashboard_msgs/msg/detail) by extension 'ignore'
[0.907s] Level 1:colcon.colcon_core.package_identification:_identify(workspace/ros_ur_driver/src/install/ur_dashboard_msgs/include/ur_dashboard_msgs/ur_dashboard_msgs/msg/detail) by extension 'ignore_ament_install'
[0.907s] Level 1:colcon.colcon_core.package_identification:_identify(workspace/ros_ur_driver/src/install/ur_dashboard_msgs/include/ur_dashboard_msgs/ur_dashboard_msgs/msg/detail) by extensions ['colcon_pkg']
[0.907s] Level 1:colcon.colcon_core.package_identification:_identify(workspace/ros_ur_driver/src/install/ur_dashboard_msgs/include/ur_dashboard_msgs/ur_dashboard_msgs/msg/detail) by extension 'colcon_pkg'
[0.907s] Level 1:colcon.colcon_core.package_identification:_identify(workspace/ros_ur_driver/src/install/ur_dashboard_msgs/include/ur_dashboard_msgs/ur_dashboard_msgs/msg/detail) by extensions ['colcon_meta']
[0.907s] Level 1:colcon.colcon_core.package_identification:_identify(workspace/ros_ur_driver/src/install/ur_dashboard_msgs/include/ur_dashboard_msgs/ur_dashboard_msgs/msg/detail) by extension 'colcon_meta'
[0.907s] Level 1:colcon.colcon_core.package_identification:_identify(workspace/ros_ur_driver/src/install/ur_dashboard_msgs/include/ur_dashboard_msgs/ur_dashboard_msgs/msg/detail) by extensions ['ros']
[0.907s] Level 1:colcon.colcon_core.package_identification:_identify(workspace/ros_ur_driver/src/install/ur_dashboard_msgs/include/ur_dashboard_msgs/ur_dashboard_msgs/msg/detail) by extension 'ros'
[0.907s] Level 1:colcon.colcon_core.package_identification:_identify(workspace/ros_ur_driver/src/install/ur_dashboard_msgs/include/ur_dashboard_msgs/ur_dashboard_msgs/msg/detail) by extensions ['cmake', 'python']
[0.907s] Level 1:colcon.colcon_core.package_identification:_identify(workspace/ros_ur_driver/src/install/ur_dashboard_msgs/include/ur_dashboard_msgs/ur_dashboard_msgs/msg/detail) by extension 'cmake'
[0.907s] Level 1:colcon.colcon_core.package_identification:_identify(workspace/ros_ur_driver/src/install/ur_dashboard_msgs/include/ur_dashboard_msgs/ur_dashboard_msgs/msg/detail) by extension 'python'
[0.907s] Level 1:colcon.colcon_core.package_identification:_identify(workspace/ros_ur_driver/src/install/ur_dashboard_msgs/include/ur_dashboard_msgs/ur_dashboard_msgs/msg/detail) by extensions ['python_setup_py']
[0.907s] Level 1:colcon.colcon_core.package_identification:_identify(workspace/ros_ur_driver/src/install/ur_dashboard_msgs/include/ur_dashboard_msgs/ur_dashboard_msgs/msg/detail) by extension 'python_setup_py'
[0.907s] Level 1:colcon.colcon_core.package_identification:_identify(workspace/ros_ur_driver/src/install/ur_dashboard_msgs/include/ur_dashboard_msgs/ur_dashboard_msgs/msg/detail/dds_fastrtps) by extensions ['ignore', 'ignore_ament_install']
[0.907s] Level 1:colcon.colcon_core.package_identification:_identify(workspace/ros_ur_driver/src/install/ur_dashboard_msgs/include/ur_dashboard_msgs/ur_dashboard_msgs/msg/detail/dds_fastrtps) by extension 'ignore'
[0.908s] Level 1:colcon.colcon_core.package_identification:_identify(workspace/ros_ur_driver/src/install/ur_dashboard_msgs/include/ur_dashboard_msgs/ur_dashboard_msgs/msg/detail/dds_fastrtps) by extension 'ignore_ament_install'
[0.908s] Level 1:colcon.colcon_core.package_identification:_identify(workspace/ros_ur_driver/src/install/ur_dashboard_msgs/include/ur_dashboard_msgs/ur_dashboard_msgs/msg/detail/dds_fastrtps) by extensions ['colcon_pkg']
[0.908s] Level 1:colcon.colcon_core.package_identification:_identify(workspace/ros_ur_driver/src/install/ur_dashboard_msgs/include/ur_dashboard_msgs/ur_dashboard_msgs/msg/detail/dds_fastrtps) by extension 'colcon_pkg'
[0.908s] Level 1:colcon.colcon_core.package_identification:_identify(workspace/ros_ur_driver/src/install/ur_dashboard_msgs/include/ur_dashboard_msgs/ur_dashboard_msgs/msg/detail/dds_fastrtps) by extensions ['colcon_meta']
[0.908s] Level 1:colcon.colcon_core.package_identification:_identify(workspace/ros_ur_driver/src/install/ur_dashboard_msgs/include/ur_dashboard_msgs/ur_dashboard_msgs/msg/detail/dds_fastrtps) by extension 'colcon_meta'
[0.908s] Level 1:colcon.colcon_core.package_identification:_identify(workspace/ros_ur_driver/src/install/ur_dashboard_msgs/include/ur_dashboard_msgs/ur_dashboard_msgs/msg/detail/dds_fastrtps) by extensions ['ros']
[0.908s] Level 1:colcon.colcon_core.package_identification:_identify(workspace/ros_ur_driver/src/install/ur_dashboard_msgs/include/ur_dashboard_msgs/ur_dashboard_msgs/msg/detail/dds_fastrtps) by extension 'ros'
[0.908s] Level 1:colcon.colcon_core.package_identification:_identify(workspace/ros_ur_driver/src/install/ur_dashboard_msgs/include/ur_dashboard_msgs/ur_dashboard_msgs/msg/detail/dds_fastrtps) by extensions ['cmake', 'python']
[0.908s] Level 1:colcon.colcon_core.package_identification:_identify(workspace/ros_ur_driver/src/install/ur_dashboard_msgs/include/ur_dashboard_msgs/ur_dashboard_msgs/msg/detail/dds_fastrtps) by extension 'cmake'
[0.908s] Level 1:colcon.colcon_core.package_identification:_identify(workspace/ros_ur_driver/src/install/ur_dashboard_msgs/include/ur_dashboard_msgs/ur_dashboard_msgs/msg/detail/dds_fastrtps) by extension 'python'
[0.908s] Level 1:colcon.colcon_core.package_identification:_identify(workspace/ros_ur_driver/src/install/ur_dashboard_msgs/include/ur_dashboard_msgs/ur_dashboard_msgs/msg/detail/dds_fastrtps) by extensions ['python_setup_py']
[0.908s] Level 1:colcon.colcon_core.package_identification:_identify(workspace/ros_ur_driver/src/install/ur_dashboard_msgs/include/ur_dashboard_msgs/ur_dashboard_msgs/msg/detail/dds_fastrtps) by extension 'python_setup_py'
[0.908s] Level 1:colcon.colcon_core.package_identification:_identify(workspace/ros_ur_driver/src/install/ur_dashboard_msgs/include/ur_dashboard_msgs/ur_dashboard_msgs/srv) by extensions ['ignore', 'ignore_ament_install']
[0.908s] Level 1:colcon.colcon_core.package_identification:_identify(workspace/ros_ur_driver/src/install/ur_dashboard_msgs/include/ur_dashboard_msgs/ur_dashboard_msgs/srv) by extension 'ignore'
[0.908s] Level 1:colcon.colcon_core.package_identification:_identify(workspace/ros_ur_driver/src/install/ur_dashboard_msgs/include/ur_dashboard_msgs/ur_dashboard_msgs/srv) by extension 'ignore_ament_install'
[0.909s] Level 1:colcon.colcon_core.package_identification:_identify(workspace/ros_ur_driver/src/install/ur_dashboard_msgs/include/ur_dashboard_msgs/ur_dashboard_msgs/srv) by extensions ['colcon_pkg']
[0.909s] Level 1:colcon.colcon_core.package_identification:_identify(workspace/ros_ur_driver/src/install/ur_dashboard_msgs/include/ur_dashboard_msgs/ur_dashboard_msgs/srv) by extension 'colcon_pkg'
[0.909s] Level 1:colcon.colcon_core.package_identification:_identify(workspace/ros_ur_driver/src/install/ur_dashboard_msgs/include/ur_dashboard_msgs/ur_dashboard_msgs/srv) by extensions ['colcon_meta']
[0.909s] Level 1:colcon.colcon_core.package_identification:_identify(workspace/ros_ur_driver/src/install/ur_dashboard_msgs/include/ur_dashboard_msgs/ur_dashboard_msgs/srv) by extension 'colcon_meta'
[0.909s] Level 1:colcon.colcon_core.package_identification:_identify(workspace/ros_ur_driver/src/install/ur_dashboard_msgs/include/ur_dashboard_msgs/ur_dashboard_msgs/srv) by extensions ['ros']
[0.909s] Level 1:colcon.colcon_core.package_identification:_identify(workspace/ros_ur_driver/src/install/ur_dashboard_msgs/include/ur_dashboard_msgs/ur_dashboard_msgs/srv) by extension 'ros'
[0.909s] Level 1:colcon.colcon_core.package_identification:_identify(workspace/ros_ur_driver/src/install/ur_dashboard_msgs/include/ur_dashboard_msgs/ur_dashboard_msgs/srv) by extensions ['cmake', 'python']
[0.909s] Level 1:colcon.colcon_core.package_identification:_identify(workspace/ros_ur_driver/src/install/ur_dashboard_msgs/include/ur_dashboard_msgs/ur_dashboard_msgs/srv) by extension 'cmake'
[0.909s] Level 1:colcon.colcon_core.package_identification:_identify(workspace/ros_ur_driver/src/install/ur_dashboard_msgs/include/ur_dashboard_msgs/ur_dashboard_msgs/srv) by extension 'python'
[0.909s] Level 1:colcon.colcon_core.package_identification:_identify(workspace/ros_ur_driver/src/install/ur_dashboard_msgs/include/ur_dashboard_msgs/ur_dashboard_msgs/srv) by extensions ['python_setup_py']
[0.909s] Level 1:colcon.colcon_core.package_identification:_identify(workspace/ros_ur_driver/src/install/ur_dashboard_msgs/include/ur_dashboard_msgs/ur_dashboard_msgs/srv) by extension 'python_setup_py'
[0.909s] Level 1:colcon.colcon_core.package_identification:_identify(workspace/ros_ur_driver/src/install/ur_dashboard_msgs/include/ur_dashboard_msgs/ur_dashboard_msgs/srv/detail) by extensions ['ignore', 'ignore_ament_install']
[0.910s] Level 1:colcon.colcon_core.package_identification:_identify(workspace/ros_ur_driver/src/install/ur_dashboard_msgs/include/ur_dashboard_msgs/ur_dashboard_msgs/srv/detail) by extension 'ignore'
[0.911s] Level 1:colcon.colcon_core.package_identification:_identify(workspace/ros_ur_driver/src/install/ur_dashboard_msgs/include/ur_dashboard_msgs/ur_dashboard_msgs/srv/detail) by extension 'ignore_ament_install'
[0.911s] Level 1:colcon.colcon_core.package_identification:_identify(workspace/ros_ur_driver/src/install/ur_dashboard_msgs/include/ur_dashboard_msgs/ur_dashboard_msgs/srv/detail) by extensions ['colcon_pkg']
[0.911s] Level 1:colcon.colcon_core.package_identification:_identify(workspace/ros_ur_driver/src/install/ur_dashboard_msgs/include/ur_dashboard_msgs/ur_dashboard_msgs/srv/detail) by extension 'colcon_pkg'
[0.911s] Level 1:colcon.colcon_core.package_identification:_identify(workspace/ros_ur_driver/src/install/ur_dashboard_msgs/include/ur_dashboard_msgs/ur_dashboard_msgs/srv/detail) by extensions ['colcon_meta']
[0.911s] Level 1:colcon.colcon_core.package_identification:_identify(workspace/ros_ur_driver/src/install/ur_dashboard_msgs/include/ur_dashboard_msgs/ur_dashboard_msgs/srv/detail) by extension 'colcon_meta'
[0.911s] Level 1:colcon.colcon_core.package_identification:_identify(workspace/ros_ur_driver/src/install/ur_dashboard_msgs/include/ur_dashboard_msgs/ur_dashboard_msgs/srv/detail) by extensions ['ros']
[0.911s] Level 1:colcon.colcon_core.package_identification:_identify(workspace/ros_ur_driver/src/install/ur_dashboard_msgs/include/ur_dashboard_msgs/ur_dashboard_msgs/srv/detail) by extension 'ros'
[0.911s] Level 1:colcon.colcon_core.package_identification:_identify(workspace/ros_ur_driver/src/install/ur_dashboard_msgs/include/ur_dashboard_msgs/ur_dashboard_msgs/srv/detail) by extensions ['cmake', 'python']
[0.911s] Level 1:colcon.colcon_core.package_identification:_identify(workspace/ros_ur_driver/src/install/ur_dashboard_msgs/include/ur_dashboard_msgs/ur_dashboard_msgs/srv/detail) by extension 'cmake'
[0.911s] Level 1:colcon.colcon_core.package_identification:_identify(workspace/ros_ur_driver/src/install/ur_dashboard_msgs/include/ur_dashboard_msgs/ur_dashboard_msgs/srv/detail) by extension 'python'
[0.911s] Level 1:colcon.colcon_core.package_identification:_identify(workspace/ros_ur_driver/src/install/ur_dashboard_msgs/include/ur_dashboard_msgs/ur_dashboard_msgs/srv/detail) by extensions ['python_setup_py']
[0.911s] Level 1:colcon.colcon_core.package_identification:_identify(workspace/ros_ur_driver/src/install/ur_dashboard_msgs/include/ur_dashboard_msgs/ur_dashboard_msgs/srv/detail) by extension 'python_setup_py'
[0.911s] Level 1:colcon.colcon_core.package_identification:_identify(workspace/ros_ur_driver/src/install/ur_dashboard_msgs/include/ur_dashboard_msgs/ur_dashboard_msgs/srv/detail/dds_fastrtps) by extensions ['ignore', 'ignore_ament_install']
[0.912s] Level 1:colcon.colcon_core.package_identification:_identify(workspace/ros_ur_driver/src/install/ur_dashboard_msgs/include/ur_dashboard_msgs/ur_dashboard_msgs/srv/detail/dds_fastrtps) by extension 'ignore'
[0.929s] Level 1:colcon.colcon_core.package_identification:_identify(workspace/ros_ur_driver/src/install/ur_dashboard_msgs/include/ur_dashboard_msgs/ur_dashboard_msgs/srv/detail/dds_fastrtps) by extension 'ignore_ament_install'
[0.929s] Level 1:colcon.colcon_core.package_identification:_identify(workspace/ros_ur_driver/src/install/ur_dashboard_msgs/include/ur_dashboard_msgs/ur_dashboard_msgs/srv/detail/dds_fastrtps) by extensions ['colcon_pkg']
[0.929s] Level 1:colcon.colcon_core.package_identification:_identify(workspace/ros_ur_driver/src/install/ur_dashboard_msgs/include/ur_dashboard_msgs/ur_dashboard_msgs/srv/detail/dds_fastrtps) by extension 'colcon_pkg'
[0.929s] Level 1:colcon.colcon_core.package_identification:_identify(workspace/ros_ur_driver/src/install/ur_dashboard_msgs/include/ur_dashboard_msgs/ur_dashboard_msgs/srv/detail/dds_fastrtps) by extensions ['colcon_meta']
[0.929s] Level 1:colcon.colcon_core.package_identification:_identify(workspace/ros_ur_driver/src/install/ur_dashboard_msgs/include/ur_dashboard_msgs/ur_dashboard_msgs/srv/detail/dds_fastrtps) by extension 'colcon_meta'
[0.929s] Level 1:colcon.colcon_core.package_identification:_identify(workspace/ros_ur_driver/src/install/ur_dashboard_msgs/include/ur_dashboard_msgs/ur_dashboard_msgs/srv/detail/dds_fastrtps) by extensions ['ros']
[0.930s] Level 1:colcon.colcon_core.package_identification:_identify(workspace/ros_ur_driver/src/install/ur_dashboard_msgs/include/ur_dashboard_msgs/ur_dashboard_msgs/srv/detail/dds_fastrtps) by extension 'ros'
[0.930s] Level 1:colcon.colcon_core.package_identification:_identify(workspace/ros_ur_driver/src/install/ur_dashboard_msgs/include/ur_dashboard_msgs/ur_dashboard_msgs/srv/detail/dds_fastrtps) by extensions ['cmake', 'python']
[0.930s] Level 1:colcon.colcon_core.package_identification:_identify(workspace/ros_ur_driver/src/install/ur_dashboard_msgs/include/ur_dashboard_msgs/ur_dashboard_msgs/srv/detail/dds_fastrtps) by extension 'cmake'
[0.930s] Level 1:colcon.colcon_core.package_identification:_identify(workspace/ros_ur_driver/src/install/ur_dashboard_msgs/include/ur_dashboard_msgs/ur_dashboard_msgs/srv/detail/dds_fastrtps) by extension 'python'
[0.930s] Level 1:colcon.colcon_core.package_identification:_identify(workspace/ros_ur_driver/src/install/ur_dashboard_msgs/include/ur_dashboard_msgs/ur_dashboard_msgs/srv/detail/dds_fastrtps) by extensions ['python_setup_py']
[0.930s] Level 1:colcon.colcon_core.package_identification:_identify(workspace/ros_ur_driver/src/install/ur_dashboard_msgs/include/ur_dashboard_msgs/ur_dashboard_msgs/srv/detail/dds_fastrtps) by extension 'python_setup_py'
[0.930s] Level 1:colcon.colcon_core.package_identification:_identify(workspace/ros_ur_driver/src/rutine_launcher) by extensions ['ignore', 'ignore_ament_install']
[0.930s] Level 1:colcon.colcon_core.package_identification:_identify(workspace/ros_ur_driver/src/rutine_launcher) by extension 'ignore'
[0.930s] Level 1:colcon.colcon_core.package_identification:_identify(workspace/ros_ur_driver/src/rutine_launcher) by extension 'ignore_ament_install'
[0.930s] Level 1:colcon.colcon_core.package_identification:_identify(workspace/ros_ur_driver/src/rutine_launcher) by extensions ['colcon_pkg']
[0.930s] Level 1:colcon.colcon_core.package_identification:_identify(workspace/ros_ur_driver/src/rutine_launcher) by extension 'colcon_pkg'
[0.930s] Level 1:colcon.colcon_core.package_identification:_identify(workspace/ros_ur_driver/src/rutine_launcher) by extensions ['colcon_meta']
[0.930s] Level 1:colcon.colcon_core.package_identification:_identify(workspace/ros_ur_driver/src/rutine_launcher) by extension 'colcon_meta'
[0.931s] Level 1:colcon.colcon_core.package_identification:_identify(workspace/ros_ur_driver/src/rutine_launcher) by extensions ['ros']
[0.931s] Level 1:colcon.colcon_core.package_identification:_identify(workspace/ros_ur_driver/src/rutine_launcher) by extension 'ros'
[0.932s] DEBUG:colcon.colcon_core.package_identification:Package 'workspace/ros_ur_driver/src/rutine_launcher' with type 'ros.ament_python' and name 'rutine_launcher'
[0.932s] Level 1:colcon.colcon_core.package_identification:_identify(workspace/ros_ur_driver/src/trayectories) by extensions ['ignore', 'ignore_ament_install']
[0.932s] Level 1:colcon.colcon_core.package_identification:_identify(workspace/ros_ur_driver/src/trayectories) by extension 'ignore'
[0.932s] Level 1:colcon.colcon_core.package_identification:_identify(workspace/ros_ur_driver/src/trayectories) by extension 'ignore_ament_install'
[0.933s] Level 1:colcon.colcon_core.package_identification:_identify(workspace/ros_ur_driver/src/trayectories) by extensions ['colcon_pkg']
[0.933s] Level 1:colcon.colcon_core.package_identification:_identify(workspace/ros_ur_driver/src/trayectories) by extension 'colcon_pkg'
[0.933s] Level 1:colcon.colcon_core.package_identification:_identify(workspace/ros_ur_driver/src/trayectories) by extensions ['colcon_meta']
[0.933s] Level 1:colcon.colcon_core.package_identification:_identify(workspace/ros_ur_driver/src/trayectories) by extension 'colcon_meta'
[0.933s] Level 1:colcon.colcon_core.package_identification:_identify(workspace/ros_ur_driver/src/trayectories) by extensions ['ros']
[0.933s] Level 1:colcon.colcon_core.package_identification:_identify(workspace/ros_ur_driver/src/trayectories) by extension 'ros'
[0.934s] DEBUG:colcon.colcon_core.package_identification:Package 'workspace/ros_ur_driver/src/trayectories' with type 'ros.ament_python' and name 'trayectories'
[0.934s] Level 1:colcon.colcon_core.package_discovery:discover_packages(recursive) using defaults
[0.934s] Level 1:colcon.colcon_core.package_discovery:discover_packages(ignore) discover
[0.934s] Level 1:colcon.colcon_core.package_discovery:discover_packages(ignore) using defaults
[0.934s] Level 1:colcon.colcon_core.package_discovery:discover_packages(path) discover
[0.934s] Level 1:colcon.colcon_core.package_discovery:discover_packages(path) using defaults
[1.063s] Level 1:colcon.colcon_core.package_discovery:discover_packages(prefix_path) check parameters
[1.063s] Level 1:colcon.colcon_core.package_discovery:discover_packages(prefix_path) discover
[1.085s] DEBUG:colcon.colcon_installed_package_information.package_discovery:Found 12 installed packages in /home/adela/TFM_AdelaJimenez/workspace/ros_ur_driver/install
[1.087s] DEBUG:colcon.colcon_installed_package_information.package_discovery:Found 12 installed packages in /home/adela/TFM_MiguelLerinAlonso/workspace/ros_ur_driver/install
[1.092s] DEBUG:colcon.colcon_installed_package_information.package_discovery:Found 8 installed packages in /home/adela/workspace/ros_ur_driver/install
[1.100s] DEBUG:colcon.colcon_installed_package_information.package_discovery:Found 349 installed packages in /opt/ros/humble
[1.116s] Level 1:colcon.colcon_core.package_discovery:discover_packages(prefix_path) using defaults
[1.231s] Level 5:colcon.colcon_core.verb:set package 'build_platform' build argument 'cmake_args' from command line to 'None'
[1.231s] Level 5:colcon.colcon_core.verb:set package 'build_platform' build argument 'cmake_target' from command line to 'None'
[1.231s] Level 5:colcon.colcon_core.verb:set package 'build_platform' build argument 'cmake_target_skip_unavailable' from command line to 'False'
[1.231s] Level 5:colcon.colcon_core.verb:set package 'build_platform' build argument 'cmake_clean_cache' from command line to 'False'
[1.231s] Level 5:colcon.colcon_core.verb:set package 'build_platform' build argument 'cmake_clean_first' from command line to 'False'
[1.231s] Level 5:colcon.colcon_core.verb:set package 'build_platform' build argument 'cmake_force_configure' from command line to 'False'
[1.231s] Level 5:colcon.colcon_core.verb:set package 'build_platform' build argument 'ament_cmake_args' from command line to 'None'
[1.232s] Level 5:colcon.colcon_core.verb:set package 'build_platform' build argument 'catkin_cmake_args' from command line to 'None'
[1.232s] Level 5:colcon.colcon_core.verb:set package 'build_platform' build argument 'catkin_skip_building_tests' from command line to 'False'
[1.232s] DEBUG:colcon.colcon_core.verb:Building package 'build_platform' with the following arguments: {'ament_cmake_args': None, 'build_base': '/home/adela/TFM_AdelaJimenez/build/build_platform', 'catkin_cmake_args': None, 'catkin_skip_building_tests': False, 'cmake_args': None, 'cmake_clean_cache': False, 'cmake_clean_first': False, 'cmake_force_configure': False, 'cmake_target': None, 'cmake_target_skip_unavailable': False, 'install_base': '/home/adela/TFM_AdelaJimenez/install/build_platform', 'merge_install': False, 'path': '/home/adela/TFM_AdelaJimenez/workspace/ros_ur_driver/src/build_platform', 'symlink_install': False, 'test_result_base': None}
[1.232s] Level 5:colcon.colcon_core.verb:set package 'data_logger' build argument 'cmake_args' from command line to 'None'
[1.232s] Level 5:colcon.colcon_core.verb:set package 'data_logger' build argument 'cmake_target' from command line to 'None'
[1.232s] Level 5:colcon.colcon_core.verb:set package 'data_logger' build argument 'cmake_target_skip_unavailable' from command line to 'False'
[1.232s] Level 5:colcon.colcon_core.verb:set package 'data_logger' build argument 'cmake_clean_cache' from command line to 'False'
[1.232s] Level 5:colcon.colcon_core.verb:set package 'data_logger' build argument 'cmake_clean_first' from command line to 'False'
[1.232s] Level 5:colcon.colcon_core.verb:set package 'data_logger' build argument 'cmake_force_configure' from command line to 'False'
[1.232s] Level 5:colcon.colcon_core.verb:set package 'data_logger' build argument 'ament_cmake_args' from command line to 'None'
[1.233s] Level 5:colcon.colcon_core.verb:set package 'data_logger' build argument 'catkin_cmake_args' from command line to 'None'
[1.233s] Level 5:colcon.colcon_core.verb:set package 'data_logger' build argument 'catkin_skip_building_tests' from command line to 'False'
[1.233s] DEBUG:colcon.colcon_core.verb:Building package 'data_logger' with the following arguments: {'ament_cmake_args': None, 'build_base': '/home/adela/TFM_AdelaJimenez/build/data_logger', 'catkin_cmake_args': None, 'catkin_skip_building_tests': False, 'cmake_args': None, 'cmake_clean_cache': False, 'cmake_clean_first': False, 'cmake_force_configure': False, 'cmake_target': None, 'cmake_target_skip_unavailable': False, 'install_base': '/home/adela/TFM_AdelaJimenez/install/data_logger', 'merge_install': False, 'path': '/home/adela/TFM_AdelaJimenez/workspace/ros_ur_driver/src/data_logger', 'symlink_install': False, 'test_result_base': None}
[1.233s] Level 5:colcon.colcon_core.verb:set package 'rutine_launcher' build argument 'cmake_args' from command line to 'None'
[1.233s] Level 5:colcon.colcon_core.verb:set package 'rutine_launcher' build argument 'cmake_target' from command line to 'None'
[1.233s] Level 5:colcon.colcon_core.verb:set package 'rutine_launcher' build argument 'cmake_target_skip_unavailable' from command line to 'False'
[1.233s] Level 5:colcon.colcon_core.verb:set package 'rutine_launcher' build argument 'cmake_clean_cache' from command line to 'False'
[1.233s] Level 5:colcon.colcon_core.verb:set package 'rutine_launcher' build argument 'cmake_clean_first' from command line to 'False'
[1.233s] Level 5:colcon.colcon_core.verb:set package 'rutine_launcher' build argument 'cmake_force_configure' from command line to 'False'
[1.233s] Level 5:colcon.colcon_core.verb:set package 'rutine_launcher' build argument 'ament_cmake_args' from command line to 'None'
[1.233s] Level 5:colcon.colcon_core.verb:set package 'rutine_launcher' build argument 'catkin_cmake_args' from command line to 'None'
[1.233s] Level 5:colcon.colcon_core.verb:set package 'rutine_launcher' build argument 'catkin_skip_building_tests' from command line to 'False'
[1.233s] DEBUG:colcon.colcon_core.verb:Building package 'rutine_launcher' with the following arguments: {'ament_cmake_args': None, 'build_base': '/home/adela/TFM_AdelaJimenez/build/rutine_launcher', 'catkin_cmake_args': None, 'catkin_skip_building_tests': False, 'cmake_args': None, 'cmake_clean_cache': False, 'cmake_clean_first': False, 'cmake_force_configure': False, 'cmake_target': None, 'cmake_target_skip_unavailable': False, 'install_base': '/home/adela/TFM_AdelaJimenez/install/rutine_launcher', 'merge_install': False, 'path': '/home/adela/TFM_AdelaJimenez/workspace/ros_ur_driver/src/rutine_launcher', 'symlink_install': False, 'test_result_base': None}
[1.234s] Level 5:colcon.colcon_core.verb:set package 'trayectories' build argument 'cmake_args' from command line to 'None'
[1.234s] Level 5:colcon.colcon_core.verb:set package 'trayectories' build argument 'cmake_target' from command line to 'None'
[1.234s] Level 5:colcon.colcon_core.verb:set package 'trayectories' build argument 'cmake_target_skip_unavailable' from command line to 'False'
[1.234s] Level 5:colcon.colcon_core.verb:set package 'trayectories' build argument 'cmake_clean_cache' from command line to 'False'
[1.234s] Level 5:colcon.colcon_core.verb:set package 'trayectories' build argument 'cmake_clean_first' from command line to 'False'
[1.234s] Level 5:colcon.colcon_core.verb:set package 'trayectories' build argument 'cmake_force_configure' from command line to 'False'
[1.234s] Level 5:colcon.colcon_core.verb:set package 'trayectories' build argument 'ament_cmake_args' from command line to 'None'
[1.234s] Level 5:colcon.colcon_core.verb:set package 'trayectories' build argument 'catkin_cmake_args' from command line to 'None'
[1.234s] Level 5:colcon.colcon_core.verb:set package 'trayectories' build argument 'catkin_skip_building_tests' from command line to 'False'
[1.234s] DEBUG:colcon.colcon_core.verb:Building package 'trayectories' with the following arguments: {'ament_cmake_args': None, 'build_base': '/home/adela/TFM_AdelaJimenez/build/trayectories', 'catkin_cmake_args': None, 'catkin_skip_building_tests': False, 'cmake_args': None, 'cmake_clean_cache': False, 'cmake_clean_first': False, 'cmake_force_configure': False, 'cmake_target': None, 'cmake_target_skip_unavailable': False, 'install_base': '/home/adela/TFM_AdelaJimenez/install/trayectories', 'merge_install': False, 'path': '/home/adela/TFM_AdelaJimenez/workspace/ros_ur_driver/src/trayectories', 'symlink_install': False, 'test_result_base': None}
[1.235s] Level 5:colcon.colcon_core.verb:set package 'ur_dashboard_msgs' build argument 'cmake_args' from command line to 'None'
[1.235s] Level 5:colcon.colcon_core.verb:set package 'ur_dashboard_msgs' build argument 'cmake_target' from command line to 'None'
[1.235s] Level 5:colcon.colcon_core.verb:set package 'ur_dashboard_msgs' build argument 'cmake_target_skip_unavailable' from command line to 'False'
[1.235s] Level 5:colcon.colcon_core.verb:set package 'ur_dashboard_msgs' build argument 'cmake_clean_cache' from command line to 'False'
[1.235s] Level 5:colcon.colcon_core.verb:set package 'ur_dashboard_msgs' build argument 'cmake_clean_first' from command line to 'False'
[1.235s] Level 5:colcon.colcon_core.verb:set package 'ur_dashboard_msgs' build argument 'cmake_force_configure' from command line to 'False'
[1.235s] Level 5:colcon.colcon_core.verb:set package 'ur_dashboard_msgs' build argument 'ament_cmake_args' from command line to 'None'
[1.235s] Level 5:colcon.colcon_core.verb:set package 'ur_dashboard_msgs' build argument 'catkin_cmake_args' from command line to 'None'
[1.235s] Level 5:colcon.colcon_core.verb:set package 'ur_dashboard_msgs' build argument 'catkin_skip_building_tests' from command line to 'False'
[1.235s] DEBUG:colcon.colcon_core.verb:Building package 'ur_dashboard_msgs' with the following arguments: {'ament_cmake_args': None, 'build_base': '/home/adela/TFM_AdelaJimenez/build/ur_dashboard_msgs', 'catkin_cmake_args': None, 'catkin_skip_building_tests': False, 'cmake_args': None, 'cmake_clean_cache': False, 'cmake_clean_first': False, 'cmake_force_configure': False, 'cmake_target': None, 'cmake_target_skip_unavailable': False, 'install_base': '/home/adela/TFM_AdelaJimenez/install/ur_dashboard_msgs', 'merge_install': False, 'path': '/home/adela/TFM_AdelaJimenez/workspace/ros_ur_driver/src/Universal_Robots_ROS2_Driver/ur_dashboard_msgs', 'symlink_install': False, 'test_result_base': None}
[1.235s] Level 5:colcon.colcon_core.verb:set package 'ur_description' build argument 'cmake_args' from command line to 'None'
[1.235s] Level 5:colcon.colcon_core.verb:set package 'ur_description' build argument 'cmake_target' from command line to 'None'
[1.235s] Level 5:colcon.colcon_core.verb:set package 'ur_description' build argument 'cmake_target_skip_unavailable' from command line to 'False'
[1.235s] Level 5:colcon.colcon_core.verb:set package 'ur_description' build argument 'cmake_clean_cache' from command line to 'False'
[1.235s] Level 5:colcon.colcon_core.verb:set package 'ur_description' build argument 'cmake_clean_first' from command line to 'False'
[1.235s] Level 5:colcon.colcon_core.verb:set package 'ur_description' build argument 'cmake_force_configure' from command line to 'False'
[1.235s] Level 5:colcon.colcon_core.verb:set package 'ur_description' build argument 'ament_cmake_args' from command line to 'None'
[1.235s] Level 5:colcon.colcon_core.verb:set package 'ur_description' build argument 'catkin_cmake_args' from command line to 'None'
[1.236s] Level 5:colcon.colcon_core.verb:set package 'ur_description' build argument 'catkin_skip_building_tests' from command line to 'False'
[1.236s] DEBUG:colcon.colcon_core.verb:Building package 'ur_description' with the following arguments: {'ament_cmake_args': None, 'build_base': '/home/adela/TFM_AdelaJimenez/build/ur_description', 'catkin_cmake_args': None, 'catkin_skip_building_tests': False, 'cmake_args': None, 'cmake_clean_cache': False, 'cmake_clean_first': False, 'cmake_force_configure': False, 'cmake_target': None, 'cmake_target_skip_unavailable': False, 'install_base': '/home/adela/TFM_AdelaJimenez/install/ur_description', 'merge_install': False, 'path': '/home/adela/TFM_AdelaJimenez/workspace/ros_ur_driver/src/Universal_Robots_ROS2_Description', 'symlink_install': False, 'test_result_base': None}
[1.236s] Level 5:colcon.colcon_core.verb:set package 'ur_controllers' build argument 'cmake_args' from command line to 'None'
[1.236s] Level 5:colcon.colcon_core.verb:set package 'ur_controllers' build argument 'cmake_target' from command line to 'None'
[1.236s] Level 5:colcon.colcon_core.verb:set package 'ur_controllers' build argument 'cmake_target_skip_unavailable' from command line to 'False'
[1.236s] Level 5:colcon.colcon_core.verb:set package 'ur_controllers' build argument 'cmake_clean_cache' from command line to 'False'
[1.236s] Level 5:colcon.colcon_core.verb:set package 'ur_controllers' build argument 'cmake_clean_first' from command line to 'False'
[1.236s] Level 5:colcon.colcon_core.verb:set package 'ur_controllers' build argument 'cmake_force_configure' from command line to 'False'
[1.236s] Level 5:colcon.colcon_core.verb:set package 'ur_controllers' build argument 'ament_cmake_args' from command line to 'None'
[1.236s] Level 5:colcon.colcon_core.verb:set package 'ur_controllers' build argument 'catkin_cmake_args' from command line to 'None'
[1.236s] Level 5:colcon.colcon_core.verb:set package 'ur_controllers' build argument 'catkin_skip_building_tests' from command line to 'False'
[1.236s] DEBUG:colcon.colcon_core.verb:Building package 'ur_controllers' with the following arguments: {'ament_cmake_args': None, 'build_base': '/home/adela/TFM_AdelaJimenez/build/ur_controllers', 'catkin_cmake_args': None, 'catkin_skip_building_tests': False, 'cmake_args': None, 'cmake_clean_cache': False, 'cmake_clean_first': False, 'cmake_force_configure': False, 'cmake_target': None, 'cmake_target_skip_unavailable': False, 'install_base': '/home/adela/TFM_AdelaJimenez/install/ur_controllers', 'merge_install': False, 'path': '/home/adela/TFM_AdelaJimenez/workspace/ros_ur_driver/src/Universal_Robots_ROS2_Driver/ur_controllers', 'symlink_install': False, 'test_result_base': None}
[1.238s] Level 5:colcon.colcon_core.verb:set package 'ur_moveit_config' build argument 'cmake_args' from command line to 'None'
[1.238s] Level 5:colcon.colcon_core.verb:set package 'ur_moveit_config' build argument 'cmake_target' from command line to 'None'
[1.238s] Level 5:colcon.colcon_core.verb:set package 'ur_moveit_config' build argument 'cmake_target_skip_unavailable' from command line to 'False'
[1.238s] Level 5:colcon.colcon_core.verb:set package 'ur_moveit_config' build argument 'cmake_clean_cache' from command line to 'False'
[1.238s] Level 5:colcon.colcon_core.verb:set package 'ur_moveit_config' build argument 'cmake_clean_first' from command line to 'False'
[1.238s] Level 5:colcon.colcon_core.verb:set package 'ur_moveit_config' build argument 'cmake_force_configure' from command line to 'False'
[1.238s] Level 5:colcon.colcon_core.verb:set package 'ur_moveit_config' build argument 'ament_cmake_args' from command line to 'None'
[1.238s] Level 5:colcon.colcon_core.verb:set package 'ur_moveit_config' build argument 'catkin_cmake_args' from command line to 'None'
[1.238s] Level 5:colcon.colcon_core.verb:set package 'ur_moveit_config' build argument 'catkin_skip_building_tests' from command line to 'False'
[1.238s] DEBUG:colcon.colcon_core.verb:Building package 'ur_moveit_config' with the following arguments: {'ament_cmake_args': None, 'build_base': '/home/adela/TFM_AdelaJimenez/build/ur_moveit_config', 'catkin_cmake_args': None, 'catkin_skip_building_tests': False, 'cmake_args': None, 'cmake_clean_cache': False, 'cmake_clean_first': False, 'cmake_force_configure': False, 'cmake_target': None, 'cmake_target_skip_unavailable': False, 'install_base': '/home/adela/TFM_AdelaJimenez/install/ur_moveit_config', 'merge_install': False, 'path': '/home/adela/TFM_AdelaJimenez/workspace/ros_ur_driver/src/Universal_Robots_ROS2_Driver/ur_moveit_config', 'symlink_install': False, 'test_result_base': None}
[1.239s] Level 5:colcon.colcon_core.verb:set package 'ur_bringup' build argument 'cmake_args' from command line to 'None'
[1.239s] Level 5:colcon.colcon_core.verb:set package 'ur_bringup' build argument 'cmake_target' from command line to 'None'
[1.239s] Level 5:colcon.colcon_core.verb:set package 'ur_bringup' build argument 'cmake_target_skip_unavailable' from command line to 'False'
[1.239s] Level 5:colcon.colcon_core.verb:set package 'ur_bringup' build argument 'cmake_clean_cache' from command line to 'False'
[1.239s] Level 5:colcon.colcon_core.verb:set package 'ur_bringup' build argument 'cmake_clean_first' from command line to 'False'
[1.239s] Level 5:colcon.colcon_core.verb:set package 'ur_bringup' build argument 'cmake_force_configure' from command line to 'False'
[1.239s] Level 5:colcon.colcon_core.verb:set package 'ur_bringup' build argument 'ament_cmake_args' from command line to 'None'
[1.239s] Level 5:colcon.colcon_core.verb:set package 'ur_bringup' build argument 'catkin_cmake_args' from command line to 'None'
[1.239s] Level 5:colcon.colcon_core.verb:set package 'ur_bringup' build argument 'catkin_skip_building_tests' from command line to 'False'
[1.239s] DEBUG:colcon.colcon_core.verb:Building package 'ur_bringup' with the following arguments: {'ament_cmake_args': None, 'build_base': '/home/adela/TFM_AdelaJimenez/build/ur_bringup', 'catkin_cmake_args': None, 'catkin_skip_building_tests': False, 'cmake_args': None, 'cmake_clean_cache': False, 'cmake_clean_first': False, 'cmake_force_configure': False, 'cmake_target': None, 'cmake_target_skip_unavailable': False, 'install_base': '/home/adela/TFM_AdelaJimenez/install/ur_bringup', 'merge_install': False, 'path': '/home/adela/TFM_AdelaJimenez/workspace/ros_ur_driver/src/Universal_Robots_ROS2_Driver/ur_bringup', 'symlink_install': False, 'test_result_base': None}
[1.240s] Level 5:colcon.colcon_core.verb:set package 'ur_robot_driver' build argument 'cmake_args' from command line to 'None'
[1.240s] Level 5:colcon.colcon_core.verb:set package 'ur_robot_driver' build argument 'cmake_target' from command line to 'None'
[1.240s] Level 5:colcon.colcon_core.verb:set package 'ur_robot_driver' build argument 'cmake_target_skip_unavailable' from command line to 'False'
[1.240s] Level 5:colcon.colcon_core.verb:set package 'ur_robot_driver' build argument 'cmake_clean_cache' from command line to 'False'
[1.240s] Level 5:colcon.colcon_core.verb:set package 'ur_robot_driver' build argument 'cmake_clean_first' from command line to 'False'
[1.240s] Level 5:colcon.colcon_core.verb:set package 'ur_robot_driver' build argument 'cmake_force_configure' from command line to 'False'
[1.240s] Level 5:colcon.colcon_core.verb:set package 'ur_robot_driver' build argument 'ament_cmake_args' from command line to 'None'
[1.240s] Level 5:colcon.colcon_core.verb:set package 'ur_robot_driver' build argument 'catkin_cmake_args' from command line to 'None'
[1.240s] Level 5:colcon.colcon_core.verb:set package 'ur_robot_driver' build argument 'catkin_skip_building_tests' from command line to 'False'
[1.240s] DEBUG:colcon.colcon_core.verb:Building package 'ur_robot_driver' with the following arguments: {'ament_cmake_args': None, 'build_base': '/home/adela/TFM_AdelaJimenez/build/ur_robot_driver', 'catkin_cmake_args': None, 'catkin_skip_building_tests': False, 'cmake_args': None, 'cmake_clean_cache': False, 'cmake_clean_first': False, 'cmake_force_configure': False, 'cmake_target': None, 'cmake_target_skip_unavailable': False, 'install_base': '/home/adela/TFM_AdelaJimenez/install/ur_robot_driver', 'merge_install': False, 'path': '/home/adela/TFM_AdelaJimenez/workspace/ros_ur_driver/src/Universal_Robots_ROS2_Driver/ur_robot_driver', 'symlink_install': False, 'test_result_base': None}
[1.241s] Level 5:colcon.colcon_core.verb:set package 'ur_calibration' build argument 'cmake_args' from command line to 'None'
[1.241s] Level 5:colcon.colcon_core.verb:set package 'ur_calibration' build argument 'cmake_target' from command line to 'None'
[1.241s] Level 5:colcon.colcon_core.verb:set package 'ur_calibration' build argument 'cmake_target_skip_unavailable' from command line to 'False'
[1.241s] Level 5:colcon.colcon_core.verb:set package 'ur_calibration' build argument 'cmake_clean_cache' from command line to 'False'
[1.241s] Level 5:colcon.colcon_core.verb:set package 'ur_calibration' build argument 'cmake_clean_first' from command line to 'False'
[1.241s] Level 5:colcon.colcon_core.verb:set package 'ur_calibration' build argument 'cmake_force_configure' from command line to 'False'
[1.241s] Level 5:colcon.colcon_core.verb:set package 'ur_calibration' build argument 'ament_cmake_args' from command line to 'None'
[1.241s] Level 5:colcon.colcon_core.verb:set package 'ur_calibration' build argument 'catkin_cmake_args' from command line to 'None'
[1.241s] Level 5:colcon.colcon_core.verb:set package 'ur_calibration' build argument 'catkin_skip_building_tests' from command line to 'False'
[1.241s] DEBUG:colcon.colcon_core.verb:Building package 'ur_calibration' with the following arguments: {'ament_cmake_args': None, 'build_base': '/home/adela/TFM_AdelaJimenez/build/ur_calibration', 'catkin_cmake_args': None, 'catkin_skip_building_tests': False, 'cmake_args': None, 'cmake_clean_cache': False, 'cmake_clean_first': False, 'cmake_force_configure': False, 'cmake_target': None, 'cmake_target_skip_unavailable': False, 'install_base': '/home/adela/TFM_AdelaJimenez/install/ur_calibration', 'merge_install': False, 'path': '/home/adela/TFM_AdelaJimenez/workspace/ros_ur_driver/src/Universal_Robots_ROS2_Driver/ur_calibration', 'symlink_install': False, 'test_result_base': None}
[1.242s] Level 5:colcon.colcon_core.verb:set package 'ur' build argument 'cmake_args' from command line to 'None'
[1.242s] Level 5:colcon.colcon_core.verb:set package 'ur' build argument 'cmake_target' from command line to 'None'
[1.242s] Level 5:colcon.colcon_core.verb:set package 'ur' build argument 'cmake_target_skip_unavailable' from command line to 'False'
[1.242s] Level 5:colcon.colcon_core.verb:set package 'ur' build argument 'cmake_clean_cache' from command line to 'False'
[1.242s] Level 5:colcon.colcon_core.verb:set package 'ur' build argument 'cmake_clean_first' from command line to 'False'
[1.242s] Level 5:colcon.colcon_core.verb:set package 'ur' build argument 'cmake_force_configure' from command line to 'False'
[1.242s] Level 5:colcon.colcon_core.verb:set package 'ur' build argument 'ament_cmake_args' from command line to 'None'
[1.242s] Level 5:colcon.colcon_core.verb:set package 'ur' build argument 'catkin_cmake_args' from command line to 'None'
[1.242s] Level 5:colcon.colcon_core.verb:set package 'ur' build argument 'catkin_skip_building_tests' from command line to 'False'
[1.242s] DEBUG:colcon.colcon_core.verb:Building package 'ur' with the following arguments: {'ament_cmake_args': None, 'build_base': '/home/adela/TFM_AdelaJimenez/build/ur', 'catkin_cmake_args': None, 'catkin_skip_building_tests': False, 'cmake_args': None, 'cmake_clean_cache': False, 'cmake_clean_first': False, 'cmake_force_configure': False, 'cmake_target': None, 'cmake_target_skip_unavailable': False, 'install_base': '/home/adela/TFM_AdelaJimenez/install/ur', 'merge_install': False, 'path': '/home/adela/TFM_AdelaJimenez/workspace/ros_ur_driver/src/Universal_Robots_ROS2_Driver/ur', 'symlink_install': False, 'test_result_base': None}
[1.242s] INFO:colcon.colcon_core.executor:Executing jobs using 'parallel' executor
[1.244s] DEBUG:colcon.colcon_parallel_executor.executor.parallel:run_until_complete
[1.244s] INFO:colcon.colcon_ros.task.ament_cmake.build:Building ROS package in '/home/adela/TFM_AdelaJimenez/workspace/ros_ur_driver/src/Universal_Robots_ROS2_Driver/ur_dashboard_msgs' with build type 'ament_cmake'
[1.246s] INFO:colcon.colcon_cmake.task.cmake.build:Building CMake package in '/home/adela/TFM_AdelaJimenez/workspace/ros_ur_driver/src/Universal_Robots_ROS2_Driver/ur_dashboard_msgs'
[1.249s] INFO:colcon.colcon_core.plugin_system:Skipping extension 'colcon_core.shell.bat': Not used on non-Windows systems
[1.250s] INFO:colcon.colcon_core.shell:Skip shell extension 'powershell' for command environment: Not usable outside of PowerShell
[1.251s] DEBUG:colcon.colcon_core.shell:Skip shell extension 'dsv' for command environment
[1.300s] INFO:colcon.colcon_ros.task.ament_cmake.build:Building ROS package in '/home/adela/TFM_AdelaJimenez/workspace/ros_ur_driver/src/Universal_Robots_ROS2_Description' with build type 'ament_cmake'
[1.300s] INFO:colcon.colcon_cmake.task.cmake.build:Building CMake package in '/home/adela/TFM_AdelaJimenez/workspace/ros_ur_driver/src/Universal_Robots_ROS2_Description'
[1.303s] INFO:colcon.colcon_core.shell:Skip shell extension 'powershell' for command environment: Not usable outside of PowerShell
[1.303s] DEBUG:colcon.colcon_core.shell:Skip shell extension 'dsv' for command environment
[1.417s] DEBUG:colcon.colcon_core.event_handler.log_command:Invoking command in '/home/adela/TFM_AdelaJimenez/build/ur_dashboard_msgs': CMAKE_PREFIX_PATH=${CMAKE_PREFIX_PATH}:/home/adela/TFM_AdelaJimenez/workspace/ros_ur_driver/install/trayectories:/home/adela/TFM_AdelaJimenez/workspace/ros_ur_driver/install/rutine_launcher:/home/adela/TFM_AdelaJimenez/workspace/ros_ur_driver/install/data_logger:/home/adela/TFM_AdelaJimenez/workspace/ros_ur_driver/install/build_platform:/home/adela/TFM_MiguelLerinAlonso/workspace/ros_ur_driver/install/trayectories:/home/adela/TFM_MiguelLerinAlonso/workspace/ros_ur_driver/install/rutine_launcher:/home/adela/TFM_MiguelLerinAlonso/workspace/ros_ur_driver/install/data_logger:/home/adela/TFM_MiguelLerinAlonso/workspace/ros_ur_driver/install/build_platform:/opt/ros/humble /usr/bin/cmake --build /home/adela/TFM_AdelaJimenez/build/ur_dashboard_msgs -- -j2 -l2
[1.472s] DEBUG:colcon.colcon_core.event_handler.log_command:Invoking command in '/home/adela/TFM_AdelaJimenez/build/ur_description': CMAKE_PREFIX_PATH=${CMAKE_PREFIX_PATH}:/home/adela/TFM_AdelaJimenez/workspace/ros_ur_driver/install/trayectories:/home/adela/TFM_AdelaJimenez/workspace/ros_ur_driver/install/rutine_launcher:/home/adela/TFM_AdelaJimenez/workspace/ros_ur_driver/install/data_logger:/home/adela/TFM_AdelaJimenez/workspace/ros_ur_driver/install/build_platform:/home/adela/TFM_MiguelLerinAlonso/workspace/ros_ur_driver/install/trayectories:/home/adela/TFM_MiguelLerinAlonso/workspace/ros_ur_driver/install/rutine_launcher:/home/adela/TFM_MiguelLerinAlonso/workspace/ros_ur_driver/install/data_logger:/home/adela/TFM_MiguelLerinAlonso/workspace/ros_ur_driver/install/build_platform:/opt/ros/humble /usr/bin/cmake --build /home/adela/TFM_AdelaJimenez/build/ur_description -- -j2 -l2
[1.638s] DEBUG:colcon.colcon_core.event_handler.log_command:Invoked command in '/home/adela/TFM_AdelaJimenez/build/ur_description' returned '0': CMAKE_PREFIX_PATH=${CMAKE_PREFIX_PATH}:/home/adela/TFM_AdelaJimenez/workspace/ros_ur_driver/install/trayectories:/home/adela/TFM_AdelaJimenez/workspace/ros_ur_driver/install/rutine_launcher:/home/adela/TFM_AdelaJimenez/workspace/ros_ur_driver/install/data_logger:/home/adela/TFM_AdelaJimenez/workspace/ros_ur_driver/install/build_platform:/home/adela/TFM_MiguelLerinAlonso/workspace/ros_ur_driver/install/trayectories:/home/adela/TFM_MiguelLerinAlonso/workspace/ros_ur_driver/install/rutine_launcher:/home/adela/TFM_MiguelLerinAlonso/workspace/ros_ur_driver/install/data_logger:/home/adela/TFM_MiguelLerinAlonso/workspace/ros_ur_driver/install/build_platform:/opt/ros/humble /usr/bin/cmake --build /home/adela/TFM_AdelaJimenez/build/ur_description -- -j2 -l2
[1.814s] DEBUG:colcon.colcon_core.event_handler.log_command:Invoking command in '/home/adela/TFM_AdelaJimenez/build/ur_description': CMAKE_PREFIX_PATH=${CMAKE_PREFIX_PATH}:/home/adela/TFM_AdelaJimenez/workspace/ros_ur_driver/install/trayectories:/home/adela/TFM_AdelaJimenez/workspace/ros_ur_driver/install/rutine_launcher:/home/adela/TFM_AdelaJimenez/workspace/ros_ur_driver/install/data_logger:/home/adela/TFM_AdelaJimenez/workspace/ros_ur_driver/install/build_platform:/home/adela/TFM_MiguelLerinAlonso/workspace/ros_ur_driver/install/trayectories:/home/adela/TFM_MiguelLerinAlonso/workspace/ros_ur_driver/install/rutine_launcher:/home/adela/TFM_MiguelLerinAlonso/workspace/ros_ur_driver/install/data_logger:/home/adela/TFM_MiguelLerinAlonso/workspace/ros_ur_driver/install/build_platform:/opt/ros/humble /usr/bin/cmake --install /home/adela/TFM_AdelaJimenez/build/ur_description
[1.956s] Level 1:colcon.colcon_core.environment:create_environment_scripts_only(ur_description)
[1.966s] DEBUG:colcon.colcon_core.event_handler.log_command:Invoked command in '/home/adela/TFM_AdelaJimenez/build/ur_description' returned '0': CMAKE_PREFIX_PATH=${CMAKE_PREFIX_PATH}:/home/adela/TFM_AdelaJimenez/workspace/ros_ur_driver/install/trayectories:/home/adela/TFM_AdelaJimenez/workspace/ros_ur_driver/install/rutine_launcher:/home/adela/TFM_AdelaJimenez/workspace/ros_ur_driver/install/data_logger:/home/adela/TFM_AdelaJimenez/workspace/ros_ur_driver/install/build_platform:/home/adela/TFM_MiguelLerinAlonso/workspace/ros_ur_driver/install/trayectories:/home/adela/TFM_MiguelLerinAlonso/workspace/ros_ur_driver/install/rutine_launcher:/home/adela/TFM_MiguelLerinAlonso/workspace/ros_ur_driver/install/data_logger:/home/adela/TFM_MiguelLerinAlonso/workspace/ros_ur_driver/install/build_platform:/opt/ros/humble /usr/bin/cmake --install /home/adela/TFM_AdelaJimenez/build/ur_description
[1.978s] Level 1:colcon.colcon_core.environment:checking '/home/adela/TFM_AdelaJimenez/install/ur_description' for CMake module files
[1.978s] Level 1:colcon.colcon_core.environment:checking '/home/adela/TFM_AdelaJimenez/install/ur_description' for CMake config files
[1.979s] Level 1:colcon.colcon_core.shell:create_environment_hook('ur_description', 'cmake_prefix_path')
[1.979s] INFO:colcon.colcon_core.shell:Creating environment hook '/home/adela/TFM_AdelaJimenez/install/ur_description/share/ur_description/hook/cmake_prefix_path.ps1'
[2.007s] INFO:colcon.colcon_core.shell:Creating environment descriptor '/home/adela/TFM_AdelaJimenez/install/ur_description/share/ur_description/hook/cmake_prefix_path.dsv'
[2.008s] INFO:colcon.colcon_core.shell:Creating environment hook '/home/adela/TFM_AdelaJimenez/install/ur_description/share/ur_description/hook/cmake_prefix_path.sh'
[2.010s] Level 1:colcon.colcon_core.environment:checking '/home/adela/TFM_AdelaJimenez/install/ur_description/bin'
[2.010s] Level 1:colcon.colcon_core.environment:checking '/home/adela/TFM_AdelaJimenez/install/ur_description/lib/pkgconfig/ur_description.pc'
[2.011s] Level 1:colcon.colcon_core.environment:checking '/home/adela/TFM_AdelaJimenez/install/ur_description/lib/python3.10/site-packages'
[2.014s] Level 1:colcon.colcon_core.environment:checking '/home/adela/TFM_AdelaJimenez/install/ur_description/bin'
[2.015s] INFO:colcon.colcon_core.shell:Creating package script '/home/adela/TFM_AdelaJimenez/install/ur_description/share/ur_description/package.ps1'
[2.016s] INFO:colcon.colcon_core.shell:Creating package descriptor '/home/adela/TFM_AdelaJimenez/install/ur_description/share/ur_description/package.dsv'
[2.022s] INFO:colcon.colcon_core.shell:Creating package script '/home/adela/TFM_AdelaJimenez/install/ur_description/share/ur_description/package.sh'
[2.024s] INFO:colcon.colcon_core.shell:Creating package script '/home/adela/TFM_AdelaJimenez/install/ur_description/share/ur_description/package.bash'
[2.025s] INFO:colcon.colcon_core.shell:Creating package script '/home/adela/TFM_AdelaJimenez/install/ur_description/share/ur_description/package.zsh'
[2.026s] Level 1:colcon.colcon_core.environment:create_file_with_runtime_dependencies(/home/adela/TFM_AdelaJimenez/install/ur_description/share/colcon-core/packages/ur_description)
[2.152s] Level 1:colcon.colcon_core.environment:create_environment_scripts_only(ur_description)
[2.152s] Level 1:colcon.colcon_core.environment:checking '/home/adela/TFM_AdelaJimenez/install/ur_description' for CMake module files
[2.153s] Level 1:colcon.colcon_core.environment:checking '/home/adela/TFM_AdelaJimenez/install/ur_description' for CMake config files
[2.154s] Level 1:colcon.colcon_core.shell:create_environment_hook('ur_description', 'cmake_prefix_path')
[2.154s] INFO:colcon.colcon_core.shell:Creating environment hook '/home/adela/TFM_AdelaJimenez/install/ur_description/share/ur_description/hook/cmake_prefix_path.ps1'
[2.154s] INFO:colcon.colcon_core.shell:Creating environment descriptor '/home/adela/TFM_AdelaJimenez/install/ur_description/share/ur_description/hook/cmake_prefix_path.dsv'
[2.161s] INFO:colcon.colcon_core.shell:Creating environment hook '/home/adela/TFM_AdelaJimenez/install/ur_description/share/ur_description/hook/cmake_prefix_path.sh'
[2.162s] Level 1:colcon.colcon_core.environment:checking '/home/adela/TFM_AdelaJimenez/install/ur_description/bin'
[2.163s] Level 1:colcon.colcon_core.environment:checking '/home/adela/TFM_AdelaJimenez/install/ur_description/lib/pkgconfig/ur_description.pc'
[2.166s] Level 1:colcon.colcon_core.environment:checking '/home/adela/TFM_AdelaJimenez/install/ur_description/lib/python3.10/site-packages'
[2.167s] Level 1:colcon.colcon_core.environment:checking '/home/adela/TFM_AdelaJimenez/install/ur_description/bin'
[2.188s] INFO:colcon.colcon_core.shell:Creating package script '/home/adela/TFM_AdelaJimenez/install/ur_description/share/ur_description/package.ps1'
[2.189s] INFO:colcon.colcon_core.shell:Creating package descriptor '/home/adela/TFM_AdelaJimenez/install/ur_description/share/ur_description/package.dsv'
[2.193s] INFO:colcon.colcon_core.shell:Creating package script '/home/adela/TFM_AdelaJimenez/install/ur_description/share/ur_description/package.sh'
[2.194s] INFO:colcon.colcon_core.shell:Creating package script '/home/adela/TFM_AdelaJimenez/install/ur_description/share/ur_description/package.bash'
[2.201s] INFO:colcon.colcon_core.shell:Creating package script '/home/adela/TFM_AdelaJimenez/install/ur_description/share/ur_description/package.zsh'
[2.208s] Level 1:colcon.colcon_core.environment:create_file_with_runtime_dependencies(/home/adela/TFM_AdelaJimenez/install/ur_description/share/colcon-core/packages/ur_description)
[2.209s] INFO:colcon.colcon_ros.task.ament_cmake.build:Building ROS package in '/home/adela/TFM_AdelaJimenez/workspace/ros_ur_driver/src/Universal_Robots_ROS2_Driver/ur_moveit_config' with build type 'ament_cmake'
[2.210s] INFO:colcon.colcon_cmake.task.cmake.build:Building CMake package in '/home/adela/TFM_AdelaJimenez/workspace/ros_ur_driver/src/Universal_Robots_ROS2_Driver/ur_moveit_config'
[2.228s] INFO:colcon.colcon_core.shell:Skip shell extension 'powershell' for command environment: Not usable outside of PowerShell
[2.228s] DEBUG:colcon.colcon_core.shell:Skip shell extension 'dsv' for command environment
[2.283s] DEBUG:colcon.colcon_core.event_handler.log_command:Invoking command in '/home/adela/TFM_AdelaJimenez/build/ur_moveit_config': AMENT_PREFIX_PATH=/home/adela/TFM_AdelaJimenez/install/ur_description:${AMENT_PREFIX_PATH} CMAKE_PREFIX_PATH=/home/adela/TFM_AdelaJimenez/install/ur_description:/home/adela/TFM_AdelaJimenez/workspace/ros_ur_driver/install/ur:/home/adela/TFM_AdelaJimenez/workspace/ros_ur_driver/install/ur_calibration:/home/adela/TFM_AdelaJimenez/workspace/ros_ur_driver/install/ur_robot_driver:/home/adela/TFM_AdelaJimenez/workspace/ros_ur_driver/install/ur_moveit_config:/home/adela/TFM_AdelaJimenez/workspace/ros_ur_driver/install/ur_bringup:/home/adela/TFM_AdelaJimenez/workspace/ros_ur_driver/install/ur_description:/home/adela/TFM_AdelaJimenez/workspace/ros_ur_driver/install/ur_controllers:/home/adela/TFM_AdelaJimenez/workspace/ros_ur_driver/install/ur_dashboard_msgs:/home/adela/TFM_MiguelLerinAlonso/workspace/ros_ur_driver/install/ur:/home/adela/TFM_MiguelLerinAlonso/workspace/ros_ur_driver/install/ur_calibration:/home/adela/TFM_MiguelLerinAlonso/workspace/ros_ur_driver/install/ur_robot_driver:/home/adela/TFM_MiguelLerinAlonso/workspace/ros_ur_driver/install/ur_moveit_config:/home/adela/TFM_MiguelLerinAlonso/workspace/ros_ur_driver/install/ur_bringup:/home/adela/TFM_MiguelLerinAlonso/workspace/ros_ur_driver/install/ur_description:/home/adela/TFM_MiguelLerinAlonso/workspace/ros_ur_driver/install/ur_controllers:/home/adela/TFM_MiguelLerinAlonso/workspace/ros_ur_driver/install/ur_dashboard_msgs:/home/adela/workspace/ros_ur_driver/install/ur:/home/adela/workspace/ros_ur_driver/install/ur_calibration:/home/adela/workspace/ros_ur_driver/install/ur_robot_driver:/home/adela/workspace/ros_ur_driver/install/ur_moveit_config:/home/adela/workspace/ros_ur_driver/install/ur_bringup:/home/adela/workspace/ros_ur_driver/install/ur_description:/home/adela/workspace/ros_ur_driver/install/ur_controllers:/home/adela/workspace/ros_ur_driver/install/ur_dashboard_msgs:/home/adela/TFM_AdelaJimenez/workspace/ros_ur_driver/install/trayectories:/home/adela/TFM_AdelaJimenez/workspace/ros_ur_driver/install/rutine_launcher:/home/adela/TFM_AdelaJimenez/workspace/ros_ur_driver/install/data_logger:/home/adela/TFM_AdelaJimenez/workspace/ros_ur_driver/install/build_platform:/home/adela/TFM_MiguelLerinAlonso/workspace/ros_ur_driver/install/trayectories:/home/adela/TFM_MiguelLerinAlonso/workspace/ros_ur_driver/install/rutine_launcher:/home/adela/TFM_MiguelLerinAlonso/workspace/ros_ur_driver/install/data_logger:/home/adela/TFM_MiguelLerinAlonso/workspace/ros_ur_driver/install/build_platform:/opt/ros/humble /usr/bin/cmake --build /home/adela/TFM_AdelaJimenez/build/ur_moveit_config -- -j2 -l2
[4.651s] DEBUG:colcon.colcon_core.event_handler.log_command:Invoked command in '/home/adela/TFM_AdelaJimenez/build/ur_moveit_config' returned '0': AMENT_PREFIX_PATH=/home/adela/TFM_AdelaJimenez/install/ur_description:${AMENT_PREFIX_PATH} CMAKE_PREFIX_PATH=/home/adela/TFM_AdelaJimenez/install/ur_description:/home/adela/TFM_AdelaJimenez/workspace/ros_ur_driver/install/ur:/home/adela/TFM_AdelaJimenez/workspace/ros_ur_driver/install/ur_calibration:/home/adela/TFM_AdelaJimenez/workspace/ros_ur_driver/install/ur_robot_driver:/home/adela/TFM_AdelaJimenez/workspace/ros_ur_driver/install/ur_moveit_config:/home/adela/TFM_AdelaJimenez/workspace/ros_ur_driver/install/ur_bringup:/home/adela/TFM_AdelaJimenez/workspace/ros_ur_driver/install/ur_description:/home/adela/TFM_AdelaJimenez/workspace/ros_ur_driver/install/ur_controllers:/home/adela/TFM_AdelaJimenez/workspace/ros_ur_driver/install/ur_dashboard_msgs:/home/adela/TFM_MiguelLerinAlonso/workspace/ros_ur_driver/install/ur:/home/adela/TFM_MiguelLerinAlonso/workspace/ros_ur_driver/install/ur_calibration:/home/adela/TFM_MiguelLerinAlonso/workspace/ros_ur_driver/install/ur_robot_driver:/home/adela/TFM_MiguelLerinAlonso/workspace/ros_ur_driver/install/ur_moveit_config:/home/adela/TFM_MiguelLerinAlonso/workspace/ros_ur_driver/install/ur_bringup:/home/adela/TFM_MiguelLerinAlonso/workspace/ros_ur_driver/install/ur_description:/home/adela/TFM_MiguelLerinAlonso/workspace/ros_ur_driver/install/ur_controllers:/home/adela/TFM_MiguelLerinAlonso/workspace/ros_ur_driver/install/ur_dashboard_msgs:/home/adela/workspace/ros_ur_driver/install/ur:/home/adela/workspace/ros_ur_driver/install/ur_calibration:/home/adela/workspace/ros_ur_driver/install/ur_robot_driver:/home/adela/workspace/ros_ur_driver/install/ur_moveit_config:/home/adela/workspace/ros_ur_driver/install/ur_bringup:/home/adela/workspace/ros_ur_driver/install/ur_description:/home/adela/workspace/ros_ur_driver/install/ur_controllers:/home/adela/workspace/ros_ur_driver/install/ur_dashboard_msgs:/home/adela/TFM_AdelaJimenez/workspace/ros_ur_driver/install/trayectories:/home/adela/TFM_AdelaJimenez/workspace/ros_ur_driver/install/rutine_launcher:/home/adela/TFM_AdelaJimenez/workspace/ros_ur_driver/install/data_logger:/home/adela/TFM_AdelaJimenez/workspace/ros_ur_driver/install/build_platform:/home/adela/TFM_MiguelLerinAlonso/workspace/ros_ur_driver/install/trayectories:/home/adela/TFM_MiguelLerinAlonso/workspace/ros_ur_driver/install/rutine_launcher:/home/adela/TFM_MiguelLerinAlonso/workspace/ros_ur_driver/install/data_logger:/home/adela/TFM_MiguelLerinAlonso/workspace/ros_ur_driver/install/build_platform:/opt/ros/humble /usr/bin/cmake --build /home/adela/TFM_AdelaJimenez/build/ur_moveit_config -- -j2 -l2
[4.743s] DEBUG:colcon.colcon_core.event_handler.log_command:Invoking command in '/home/adela/TFM_AdelaJimenez/build/ur_moveit_config': AMENT_PREFIX_PATH=/home/adela/TFM_AdelaJimenez/install/ur_description:${AMENT_PREFIX_PATH} CMAKE_PREFIX_PATH=/home/adela/TFM_AdelaJimenez/install/ur_description:/home/adela/TFM_AdelaJimenez/workspace/ros_ur_driver/install/ur:/home/adela/TFM_AdelaJimenez/workspace/ros_ur_driver/install/ur_calibration:/home/adela/TFM_AdelaJimenez/workspace/ros_ur_driver/install/ur_robot_driver:/home/adela/TFM_AdelaJimenez/workspace/ros_ur_driver/install/ur_moveit_config:/home/adela/TFM_AdelaJimenez/workspace/ros_ur_driver/install/ur_bringup:/home/adela/TFM_AdelaJimenez/workspace/ros_ur_driver/install/ur_description:/home/adela/TFM_AdelaJimenez/workspace/ros_ur_driver/install/ur_controllers:/home/adela/TFM_AdelaJimenez/workspace/ros_ur_driver/install/ur_dashboard_msgs:/home/adela/TFM_MiguelLerinAlonso/workspace/ros_ur_driver/install/ur:/home/adela/TFM_MiguelLerinAlonso/workspace/ros_ur_driver/install/ur_calibration:/home/adela/TFM_MiguelLerinAlonso/workspace/ros_ur_driver/install/ur_robot_driver:/home/adela/TFM_MiguelLerinAlonso/workspace/ros_ur_driver/install/ur_moveit_config:/home/adela/TFM_MiguelLerinAlonso/workspace/ros_ur_driver/install/ur_bringup:/home/adela/TFM_MiguelLerinAlonso/workspace/ros_ur_driver/install/ur_description:/home/adela/TFM_MiguelLerinAlonso/workspace/ros_ur_driver/install/ur_controllers:/home/adela/TFM_MiguelLerinAlonso/workspace/ros_ur_driver/install/ur_dashboard_msgs:/home/adela/workspace/ros_ur_driver/install/ur:/home/adela/workspace/ros_ur_driver/install/ur_calibration:/home/adela/workspace/ros_ur_driver/install/ur_robot_driver:/home/adela/workspace/ros_ur_driver/install/ur_moveit_config:/home/adela/workspace/ros_ur_driver/install/ur_bringup:/home/adela/workspace/ros_ur_driver/install/ur_description:/home/adela/workspace/ros_ur_driver/install/ur_controllers:/home/adela/workspace/ros_ur_driver/install/ur_dashboard_msgs:/home/adela/TFM_AdelaJimenez/workspace/ros_ur_driver/install/trayectories:/home/adela/TFM_AdelaJimenez/workspace/ros_ur_driver/install/rutine_launcher:/home/adela/TFM_AdelaJimenez/workspace/ros_ur_driver/install/data_logger:/home/adela/TFM_AdelaJimenez/workspace/ros_ur_driver/install/build_platform:/home/adela/TFM_MiguelLerinAlonso/workspace/ros_ur_driver/install/trayectories:/home/adela/TFM_MiguelLerinAlonso/workspace/ros_ur_driver/install/rutine_launcher:/home/adela/TFM_MiguelLerinAlonso/workspace/ros_ur_driver/install/data_logger:/home/adela/TFM_MiguelLerinAlonso/workspace/ros_ur_driver/install/build_platform:/opt/ros/humble /usr/bin/cmake --install /home/adela/TFM_AdelaJimenez/build/ur_moveit_config
[5.176s] Level 1:colcon.colcon_core.environment:create_environment_scripts_only(ur_moveit_config)
[5.177s] Level 1:colcon.colcon_core.environment:checking '/home/adela/TFM_AdelaJimenez/install/ur_moveit_config' for CMake module files
[5.177s] Level 1:colcon.colcon_core.environment:checking '/home/adela/TFM_AdelaJimenez/install/ur_moveit_config' for CMake config files
[5.178s] Level 1:colcon.colcon_core.shell:create_environment_hook('ur_moveit_config', 'cmake_prefix_path')
[5.178s] INFO:colcon.colcon_core.shell:Creating environment hook '/home/adela/TFM_AdelaJimenez/install/ur_moveit_config/share/ur_moveit_config/hook/cmake_prefix_path.ps1'
[5.179s] INFO:colcon.colcon_core.shell:Creating environment descriptor '/home/adela/TFM_AdelaJimenez/install/ur_moveit_config/share/ur_moveit_config/hook/cmake_prefix_path.dsv'
[5.186s] DEBUG:colcon.colcon_core.event_handler.log_command:Invoked command in '/home/adela/TFM_AdelaJimenez/build/ur_moveit_config' returned '0': AMENT_PREFIX_PATH=/home/adela/TFM_AdelaJimenez/install/ur_description:${AMENT_PREFIX_PATH} CMAKE_PREFIX_PATH=/home/adela/TFM_AdelaJimenez/install/ur_description:/home/adela/TFM_AdelaJimenez/workspace/ros_ur_driver/install/ur:/home/adela/TFM_AdelaJimenez/workspace/ros_ur_driver/install/ur_calibration:/home/adela/TFM_AdelaJimenez/workspace/ros_ur_driver/install/ur_robot_driver:/home/adela/TFM_AdelaJimenez/workspace/ros_ur_driver/install/ur_moveit_config:/home/adela/TFM_AdelaJimenez/workspace/ros_ur_driver/install/ur_bringup:/home/adela/TFM_AdelaJimenez/workspace/ros_ur_driver/install/ur_description:/home/adela/TFM_AdelaJimenez/workspace/ros_ur_driver/install/ur_controllers:/home/adela/TFM_AdelaJimenez/workspace/ros_ur_driver/install/ur_dashboard_msgs:/home/adela/TFM_MiguelLerinAlonso/workspace/ros_ur_driver/install/ur:/home/adela/TFM_MiguelLerinAlonso/workspace/ros_ur_driver/install/ur_calibration:/home/adela/TFM_MiguelLerinAlonso/workspace/ros_ur_driver/install/ur_robot_driver:/home/adela/TFM_MiguelLerinAlonso/workspace/ros_ur_driver/install/ur_moveit_config:/home/adela/TFM_MiguelLerinAlonso/workspace/ros_ur_driver/install/ur_bringup:/home/adela/TFM_MiguelLerinAlonso/workspace/ros_ur_driver/install/ur_description:/home/adela/TFM_MiguelLerinAlonso/workspace/ros_ur_driver/install/ur_controllers:/home/adela/TFM_MiguelLerinAlonso/workspace/ros_ur_driver/install/ur_dashboard_msgs:/home/adela/workspace/ros_ur_driver/install/ur:/home/adela/workspace/ros_ur_driver/install/ur_calibration:/home/adela/workspace/ros_ur_driver/install/ur_robot_driver:/home/adela/workspace/ros_ur_driver/install/ur_moveit_config:/home/adela/workspace/ros_ur_driver/install/ur_bringup:/home/adela/workspace/ros_ur_driver/install/ur_description:/home/adela/workspace/ros_ur_driver/install/ur_controllers:/home/adela/workspace/ros_ur_driver/install/ur_dashboard_msgs:/home/adela/TFM_AdelaJimenez/workspace/ros_ur_driver/install/trayectories:/home/adela/TFM_AdelaJimenez/workspace/ros_ur_driver/install/rutine_launcher:/home/adela/TFM_AdelaJimenez/workspace/ros_ur_driver/install/data_logger:/home/adela/TFM_AdelaJimenez/workspace/ros_ur_driver/install/build_platform:/home/adela/TFM_MiguelLerinAlonso/workspace/ros_ur_driver/install/trayectories:/home/adela/TFM_MiguelLerinAlonso/workspace/ros_ur_driver/install/rutine_launcher:/home/adela/TFM_MiguelLerinAlonso/workspace/ros_ur_driver/install/data_logger:/home/adela/TFM_MiguelLerinAlonso/workspace/ros_ur_driver/install/build_platform:/opt/ros/humble /usr/bin/cmake --install /home/adela/TFM_AdelaJimenez/build/ur_moveit_config
[5.187s] INFO:colcon.colcon_core.shell:Creating environment hook '/home/adela/TFM_AdelaJimenez/install/ur_moveit_config/share/ur_moveit_config/hook/cmake_prefix_path.sh'
[5.192s] Level 1:colcon.colcon_core.environment:checking '/home/adela/TFM_AdelaJimenez/install/ur_moveit_config/bin'
[5.193s] Level 1:colcon.colcon_core.environment:checking '/home/adela/TFM_AdelaJimenez/install/ur_moveit_config/lib/pkgconfig/ur_moveit_config.pc'
[5.193s] Level 1:colcon.colcon_core.environment:checking '/home/adela/TFM_AdelaJimenez/install/ur_moveit_config/lib/python3.10/site-packages'
[5.193s] Level 1:colcon.colcon_core.environment:checking '/home/adela/TFM_AdelaJimenez/install/ur_moveit_config/bin'
[5.194s] INFO:colcon.colcon_core.shell:Creating package script '/home/adela/TFM_AdelaJimenez/install/ur_moveit_config/share/ur_moveit_config/package.ps1'
[5.208s] INFO:colcon.colcon_core.shell:Creating package descriptor '/home/adela/TFM_AdelaJimenez/install/ur_moveit_config/share/ur_moveit_config/package.dsv'
[5.210s] INFO:colcon.colcon_core.shell:Creating package script '/home/adela/TFM_AdelaJimenez/install/ur_moveit_config/share/ur_moveit_config/package.sh'
[5.216s] INFO:colcon.colcon_core.shell:Creating package script '/home/adela/TFM_AdelaJimenez/install/ur_moveit_config/share/ur_moveit_config/package.bash'
[5.217s] INFO:colcon.colcon_core.shell:Creating package script '/home/adela/TFM_AdelaJimenez/install/ur_moveit_config/share/ur_moveit_config/package.zsh'
[5.223s] Level 1:colcon.colcon_core.environment:create_file_with_runtime_dependencies(/home/adela/TFM_AdelaJimenez/install/ur_moveit_config/share/colcon-core/packages/ur_moveit_config)
[5.346s] DEBUG:colcon.colcon_core.event_handler.log_command:Invoked command in '/home/adela/TFM_AdelaJimenez/build/ur_dashboard_msgs' returned '0': CMAKE_PREFIX_PATH=${CMAKE_PREFIX_PATH}:/home/adela/TFM_AdelaJimenez/workspace/ros_ur_driver/install/trayectories:/home/adela/TFM_AdelaJimenez/workspace/ros_ur_driver/install/rutine_launcher:/home/adela/TFM_AdelaJimenez/workspace/ros_ur_driver/install/data_logger:/home/adela/TFM_AdelaJimenez/workspace/ros_ur_driver/install/build_platform:/home/adela/TFM_MiguelLerinAlonso/workspace/ros_ur_driver/install/trayectories:/home/adela/TFM_MiguelLerinAlonso/workspace/ros_ur_driver/install/rutine_launcher:/home/adela/TFM_MiguelLerinAlonso/workspace/ros_ur_driver/install/data_logger:/home/adela/TFM_MiguelLerinAlonso/workspace/ros_ur_driver/install/build_platform:/opt/ros/humble /usr/bin/cmake --build /home/adela/TFM_AdelaJimenez/build/ur_dashboard_msgs -- -j2 -l2
[5.366s] Level 1:colcon.colcon_core.environment:create_environment_scripts_only(ur_moveit_config)
[5.367s] Level 1:colcon.colcon_core.environment:checking '/home/adela/TFM_AdelaJimenez/install/ur_moveit_config' for CMake module files
[5.368s] Level 1:colcon.colcon_core.environment:checking '/home/adela/TFM_AdelaJimenez/install/ur_moveit_config' for CMake config files
[5.374s] Level 1:colcon.colcon_core.shell:create_environment_hook('ur_moveit_config', 'cmake_prefix_path')
[5.374s] INFO:colcon.colcon_core.shell:Creating environment hook '/home/adela/TFM_AdelaJimenez/install/ur_moveit_config/share/ur_moveit_config/hook/cmake_prefix_path.ps1'
[5.378s] INFO:colcon.colcon_core.shell:Creating environment descriptor '/home/adela/TFM_AdelaJimenez/install/ur_moveit_config/share/ur_moveit_config/hook/cmake_prefix_path.dsv'
[5.383s] INFO:colcon.colcon_core.shell:Creating environment hook '/home/adela/TFM_AdelaJimenez/install/ur_moveit_config/share/ur_moveit_config/hook/cmake_prefix_path.sh'
[5.385s] Level 1:colcon.colcon_core.environment:checking '/home/adela/TFM_AdelaJimenez/install/ur_moveit_config/bin'
[5.385s] Level 1:colcon.colcon_core.environment:checking '/home/adela/TFM_AdelaJimenez/install/ur_moveit_config/lib/pkgconfig/ur_moveit_config.pc'
[5.390s] Level 1:colcon.colcon_core.environment:checking '/home/adela/TFM_AdelaJimenez/install/ur_moveit_config/lib/python3.10/site-packages'
[5.391s] Level 1:colcon.colcon_core.environment:checking '/home/adela/TFM_AdelaJimenez/install/ur_moveit_config/bin'
[5.392s] INFO:colcon.colcon_core.shell:Creating package script '/home/adela/TFM_AdelaJimenez/install/ur_moveit_config/share/ur_moveit_config/package.ps1'
[5.396s] INFO:colcon.colcon_core.shell:Creating package descriptor '/home/adela/TFM_AdelaJimenez/install/ur_moveit_config/share/ur_moveit_config/package.dsv'
[5.398s] INFO:colcon.colcon_core.shell:Creating package script '/home/adela/TFM_AdelaJimenez/install/ur_moveit_config/share/ur_moveit_config/package.sh'
[5.402s] INFO:colcon.colcon_core.shell:Creating package script '/home/adela/TFM_AdelaJimenez/install/ur_moveit_config/share/ur_moveit_config/package.bash'
[5.403s] INFO:colcon.colcon_core.shell:Creating package script '/home/adela/TFM_AdelaJimenez/install/ur_moveit_config/share/ur_moveit_config/package.zsh'
[5.407s] Level 1:colcon.colcon_core.environment:create_file_with_runtime_dependencies(/home/adela/TFM_AdelaJimenez/install/ur_moveit_config/share/colcon-core/packages/ur_moveit_config)
[5.411s] INFO:colcon.colcon_ros.task.ament_python.build:Building ROS package in '/home/adela/TFM_AdelaJimenez/workspace/ros_ur_driver/src/build_platform' with build type 'ament_python'
[5.411s] Level 1:colcon.colcon_core.shell:create_environment_hook('build_platform', 'ament_prefix_path')
[5.412s] INFO:colcon.colcon_core.shell:Creating environment hook '/home/adela/TFM_AdelaJimenez/install/build_platform/share/build_platform/hook/ament_prefix_path.ps1'
[5.413s] INFO:colcon.colcon_core.shell:Creating environment descriptor '/home/adela/TFM_AdelaJimenez/install/build_platform/share/build_platform/hook/ament_prefix_path.dsv'
[5.415s] INFO:colcon.colcon_core.shell:Creating environment hook '/home/adela/TFM_AdelaJimenez/install/build_platform/share/build_platform/hook/ament_prefix_path.sh'
[5.418s] INFO:colcon.colcon_core.shell:Skip shell extension 'powershell' for command environment: Not usable outside of PowerShell
[5.419s] DEBUG:colcon.colcon_core.shell:Skip shell extension 'dsv' for command environment
[7.325s] INFO:colcon.colcon_core.task.python.build:Building Python package in '/home/adela/TFM_AdelaJimenez/workspace/ros_ur_driver/src/build_platform'
[7.325s] INFO:colcon.colcon_core.shell:Skip shell extension 'powershell' for command environment: Not usable outside of PowerShell
[7.325s] DEBUG:colcon.colcon_core.shell:Skip shell extension 'dsv' for command environment
[7.999s] DEBUG:colcon.colcon_core.event_handler.log_command:Invoking command in '/home/adela/TFM_AdelaJimenez/build/ur_dashboard_msgs': CMAKE_PREFIX_PATH=${CMAKE_PREFIX_PATH}:/home/adela/TFM_AdelaJimenez/workspace/ros_ur_driver/install/trayectories:/home/adela/TFM_AdelaJimenez/workspace/ros_ur_driver/install/rutine_launcher:/home/adela/TFM_AdelaJimenez/workspace/ros_ur_driver/install/data_logger:/home/adela/TFM_AdelaJimenez/workspace/ros_ur_driver/install/build_platform:/home/adela/TFM_MiguelLerinAlonso/workspace/ros_ur_driver/install/trayectories:/home/adela/TFM_MiguelLerinAlonso/workspace/ros_ur_driver/install/rutine_launcher:/home/adela/TFM_MiguelLerinAlonso/workspace/ros_ur_driver/install/data_logger:/home/adela/TFM_MiguelLerinAlonso/workspace/ros_ur_driver/install/build_platform:/opt/ros/humble /usr/bin/cmake --install /home/adela/TFM_AdelaJimenez/build/ur_dashboard_msgs
[8.567s] Level 1:colcon.colcon_core.environment:create_environment_scripts_only(ur_dashboard_msgs)
[8.567s] Level 1:colcon.colcon_core.environment:checking '/home/adela/TFM_AdelaJimenez/install/ur_dashboard_msgs' for CMake module files
[8.568s] Level 1:colcon.colcon_core.environment:checking '/home/adela/TFM_AdelaJimenez/install/ur_dashboard_msgs' for CMake config files
[8.568s] Level 1:colcon.colcon_core.shell:create_environment_hook('ur_dashboard_msgs', 'cmake_prefix_path')
[8.569s] INFO:colcon.colcon_core.shell:Creating environment hook '/home/adela/TFM_AdelaJimenez/install/ur_dashboard_msgs/share/ur_dashboard_msgs/hook/cmake_prefix_path.ps1'
[8.569s] INFO:colcon.colcon_core.shell:Creating environment descriptor '/home/adela/TFM_AdelaJimenez/install/ur_dashboard_msgs/share/ur_dashboard_msgs/hook/cmake_prefix_path.dsv'
[8.601s] DEBUG:colcon.colcon_core.event_handler.log_command:Invoked command in '/home/adela/TFM_AdelaJimenez/build/ur_dashboard_msgs' returned '0': CMAKE_PREFIX_PATH=${CMAKE_PREFIX_PATH}:/home/adela/TFM_AdelaJimenez/workspace/ros_ur_driver/install/trayectories:/home/adela/TFM_AdelaJimenez/workspace/ros_ur_driver/install/rutine_launcher:/home/adela/TFM_AdelaJimenez/workspace/ros_ur_driver/install/data_logger:/home/adela/TFM_AdelaJimenez/workspace/ros_ur_driver/install/build_platform:/home/adela/TFM_MiguelLerinAlonso/workspace/ros_ur_driver/install/trayectories:/home/adela/TFM_MiguelLerinAlonso/workspace/ros_ur_driver/install/rutine_launcher:/home/adela/TFM_MiguelLerinAlonso/workspace/ros_ur_driver/install/data_logger:/home/adela/TFM_MiguelLerinAlonso/workspace/ros_ur_driver/install/build_platform:/opt/ros/humble /usr/bin/cmake --install /home/adela/TFM_AdelaJimenez/build/ur_dashboard_msgs
[8.582s] INFO:colcon.colcon_core.shell:Creating environment hook '/home/adela/TFM_AdelaJimenez/install/ur_dashboard_msgs/share/ur_dashboard_msgs/hook/cmake_prefix_path.sh'
[8.602s] Level 1:colcon.colcon_core.environment:checking '/home/adela/TFM_AdelaJimenez/install/ur_dashboard_msgs/lib'
[8.603s] Level 1:colcon.colcon_core.shell:create_environment_hook('ur_dashboard_msgs', 'ld_library_path_lib')
[8.603s] INFO:colcon.colcon_core.shell:Creating environment hook '/home/adela/TFM_AdelaJimenez/install/ur_dashboard_msgs/share/ur_dashboard_msgs/hook/ld_library_path_lib.ps1'
[8.615s] INFO:colcon.colcon_core.shell:Creating environment descriptor '/home/adela/TFM_AdelaJimenez/install/ur_dashboard_msgs/share/ur_dashboard_msgs/hook/ld_library_path_lib.dsv'
[8.615s] INFO:colcon.colcon_core.shell:Creating environment hook '/home/adela/TFM_AdelaJimenez/install/ur_dashboard_msgs/share/ur_dashboard_msgs/hook/ld_library_path_lib.sh'
[8.617s] Level 1:colcon.colcon_core.environment:checking '/home/adela/TFM_AdelaJimenez/install/ur_dashboard_msgs/bin'
[8.617s] Level 1:colcon.colcon_core.environment:checking '/home/adela/TFM_AdelaJimenez/install/ur_dashboard_msgs/lib/pkgconfig/ur_dashboard_msgs.pc'
[8.617s] Level 1:colcon.colcon_core.environment:checking '/home/adela/TFM_AdelaJimenez/install/ur_dashboard_msgs/lib/python3.10/site-packages'
[8.617s] Level 1:colcon.colcon_core.environment:checking '/home/adela/TFM_AdelaJimenez/install/ur_dashboard_msgs/bin'
[8.618s] INFO:colcon.colcon_core.shell:Creating package script '/home/adela/TFM_AdelaJimenez/install/ur_dashboard_msgs/share/ur_dashboard_msgs/package.ps1'
[8.618s] INFO:colcon.colcon_core.shell:Creating package descriptor '/home/adela/TFM_AdelaJimenez/install/ur_dashboard_msgs/share/ur_dashboard_msgs/package.dsv'
[8.620s] INFO:colcon.colcon_core.shell:Creating package script '/home/adela/TFM_AdelaJimenez/install/ur_dashboard_msgs/share/ur_dashboard_msgs/package.sh'
[8.622s] INFO:colcon.colcon_core.shell:Creating package script '/home/adela/TFM_AdelaJimenez/install/ur_dashboard_msgs/share/ur_dashboard_msgs/package.bash'
[8.623s] INFO:colcon.colcon_core.shell:Creating package script '/home/adela/TFM_AdelaJimenez/install/ur_dashboard_msgs/share/ur_dashboard_msgs/package.zsh'
[8.623s] Level 1:colcon.colcon_core.environment:create_file_with_runtime_dependencies(/home/adela/TFM_AdelaJimenez/install/ur_dashboard_msgs/share/colcon-core/packages/ur_dashboard_msgs)
[10.032s] DEBUG:colcon.colcon_core.event_handler.log_command:Invoking command in '/home/adela/TFM_AdelaJimenez/workspace/ros_ur_driver/src/build_platform': PYTHONPATH=/home/adela/TFM_AdelaJimenez/build/build_platform/prefix_override:/home/adela/TFM_AdelaJimenez/install/build_platform/lib/python3.10/site-packages:${PYTHONPATH} /usr/bin/python3 -W ignore:setup.py install is deprecated setup.py egg_info --egg-base ../../../../build/build_platform build --build-base /home/adela/TFM_AdelaJimenez/build/build_platform/build install --record /home/adela/TFM_AdelaJimenez/build/build_platform/install.log --single-version-externally-managed install_data
[11.690s] Level 1:colcon.colcon_core.environment:create_environment_scripts_only(ur_dashboard_msgs)
[11.690s] Level 1:colcon.colcon_core.environment:checking '/home/adela/TFM_AdelaJimenez/install/ur_dashboard_msgs' for CMake module files
[11.700s] Level 1:colcon.colcon_core.environment:checking '/home/adela/TFM_AdelaJimenez/install/ur_dashboard_msgs' for CMake config files
[11.701s] Level 1:colcon.colcon_core.shell:create_environment_hook('ur_dashboard_msgs', 'cmake_prefix_path')
[11.701s] INFO:colcon.colcon_core.shell:Creating environment hook '/home/adela/TFM_AdelaJimenez/install/ur_dashboard_msgs/share/ur_dashboard_msgs/hook/cmake_prefix_path.ps1'
[11.702s] INFO:colcon.colcon_core.shell:Creating environment descriptor '/home/adela/TFM_AdelaJimenez/install/ur_dashboard_msgs/share/ur_dashboard_msgs/hook/cmake_prefix_path.dsv'
[11.737s] INFO:colcon.colcon_core.shell:Creating environment hook '/home/adela/TFM_AdelaJimenez/install/ur_dashboard_msgs/share/ur_dashboard_msgs/hook/cmake_prefix_path.sh'
[11.755s] Level 1:colcon.colcon_core.environment:checking '/home/adela/TFM_AdelaJimenez/install/ur_dashboard_msgs/lib'
[11.755s] Level 1:colcon.colcon_core.shell:create_environment_hook('ur_dashboard_msgs', 'ld_library_path_lib')
[11.755s] INFO:colcon.colcon_core.shell:Creating environment hook '/home/adela/TFM_AdelaJimenez/install/ur_dashboard_msgs/share/ur_dashboard_msgs/hook/ld_library_path_lib.ps1'
[11.758s] INFO:colcon.colcon_core.shell:Creating environment descriptor '/home/adela/TFM_AdelaJimenez/install/ur_dashboard_msgs/share/ur_dashboard_msgs/hook/ld_library_path_lib.dsv'
[11.762s] INFO:colcon.colcon_core.shell:Creating environment hook '/home/adela/TFM_AdelaJimenez/install/ur_dashboard_msgs/share/ur_dashboard_msgs/hook/ld_library_path_lib.sh'
[11.763s] Level 1:colcon.colcon_core.environment:checking '/home/adela/TFM_AdelaJimenez/install/ur_dashboard_msgs/bin'
[11.763s] Level 1:colcon.colcon_core.environment:checking '/home/adela/TFM_AdelaJimenez/install/ur_dashboard_msgs/lib/pkgconfig/ur_dashboard_msgs.pc'
[11.764s] Level 1:colcon.colcon_core.environment:checking '/home/adela/TFM_AdelaJimenez/install/ur_dashboard_msgs/lib/python3.10/site-packages'
[11.769s] Level 1:colcon.colcon_core.environment:checking '/home/adela/TFM_AdelaJimenez/install/ur_dashboard_msgs/bin'
[11.769s] INFO:colcon.colcon_core.shell:Creating package script '/home/adela/TFM_AdelaJimenez/install/ur_dashboard_msgs/share/ur_dashboard_msgs/package.ps1'
[11.782s] INFO:colcon.colcon_core.shell:Creating package descriptor '/home/adela/TFM_AdelaJimenez/install/ur_dashboard_msgs/share/ur_dashboard_msgs/package.dsv'
[11.783s] INFO:colcon.colcon_core.shell:Creating package script '/home/adela/TFM_AdelaJimenez/install/ur_dashboard_msgs/share/ur_dashboard_msgs/package.sh'
[11.798s] INFO:colcon.colcon_core.shell:Creating package script '/home/adela/TFM_AdelaJimenez/install/ur_dashboard_msgs/share/ur_dashboard_msgs/package.bash'
[11.799s] INFO:colcon.colcon_core.shell:Creating package script '/home/adela/TFM_AdelaJimenez/install/ur_dashboard_msgs/share/ur_dashboard_msgs/package.zsh'
[11.811s] Level 1:colcon.colcon_core.environment:create_file_with_runtime_dependencies(/home/adela/TFM_AdelaJimenez/install/ur_dashboard_msgs/share/colcon-core/packages/ur_dashboard_msgs)
[11.816s] INFO:colcon.colcon_ros.task.ament_cmake.build:Building ROS package in '/home/adela/TFM_AdelaJimenez/workspace/ros_ur_driver/src/Universal_Robots_ROS2_Driver/ur_controllers' with build type 'ament_cmake'
[11.816s] INFO:colcon.colcon_cmake.task.cmake.build:Building CMake package in '/home/adela/TFM_AdelaJimenez/workspace/ros_ur_driver/src/Universal_Robots_ROS2_Driver/ur_controllers'
[11.816s] INFO:colcon.colcon_core.shell:Skip shell extension 'powershell' for command environment: Not usable outside of PowerShell
[11.816s] DEBUG:colcon.colcon_core.shell:Skip shell extension 'dsv' for command environment
[11.984s] DEBUG:colcon.colcon_core.event_handler.log_command:Invoking command in '/home/adela/TFM_AdelaJimenez/build/ur_controllers': AMENT_PREFIX_PATH=/home/adela/TFM_AdelaJimenez/install/ur_dashboard_msgs:${AMENT_PREFIX_PATH} CMAKE_PREFIX_PATH=/home/adela/TFM_AdelaJimenez/install/ur_dashboard_msgs:/home/adela/TFM_AdelaJimenez/workspace/ros_ur_driver/install/ur:/home/adela/TFM_AdelaJimenez/workspace/ros_ur_driver/install/ur_calibration:/home/adela/TFM_AdelaJimenez/workspace/ros_ur_driver/install/ur_robot_driver:/home/adela/TFM_AdelaJimenez/workspace/ros_ur_driver/install/ur_moveit_config:/home/adela/TFM_AdelaJimenez/workspace/ros_ur_driver/install/ur_bringup:/home/adela/TFM_AdelaJimenez/workspace/ros_ur_driver/install/ur_description:/home/adela/TFM_AdelaJimenez/workspace/ros_ur_driver/install/ur_controllers:/home/adela/TFM_AdelaJimenez/workspace/ros_ur_driver/install/ur_dashboard_msgs:/home/adela/TFM_MiguelLerinAlonso/workspace/ros_ur_driver/install/ur:/home/adela/TFM_MiguelLerinAlonso/workspace/ros_ur_driver/install/ur_calibration:/home/adela/TFM_MiguelLerinAlonso/workspace/ros_ur_driver/install/ur_robot_driver:/home/adela/TFM_MiguelLerinAlonso/workspace/ros_ur_driver/install/ur_moveit_config:/home/adela/TFM_MiguelLerinAlonso/workspace/ros_ur_driver/install/ur_bringup:/home/adela/TFM_MiguelLerinAlonso/workspace/ros_ur_driver/install/ur_description:/home/adela/TFM_MiguelLerinAlonso/workspace/ros_ur_driver/install/ur_controllers:/home/adela/TFM_MiguelLerinAlonso/workspace/ros_ur_driver/install/ur_dashboard_msgs:/home/adela/workspace/ros_ur_driver/install/ur:/home/adela/workspace/ros_ur_driver/install/ur_calibration:/home/adela/workspace/ros_ur_driver/install/ur_robot_driver:/home/adela/workspace/ros_ur_driver/install/ur_moveit_config:/home/adela/workspace/ros_ur_driver/install/ur_bringup:/home/adela/workspace/ros_ur_driver/install/ur_description:/home/adela/workspace/ros_ur_driver/install/ur_controllers:/home/adela/workspace/ros_ur_driver/install/ur_dashboard_msgs:/home/adela/TFM_AdelaJimenez/workspace/ros_ur_driver/install/trayectories:/home/adela/TFM_AdelaJimenez/workspace/ros_ur_driver/install/rutine_launcher:/home/adela/TFM_AdelaJimenez/workspace/ros_ur_driver/install/data_logger:/home/adela/TFM_AdelaJimenez/workspace/ros_ur_driver/install/build_platform:/home/adela/TFM_MiguelLerinAlonso/workspace/ros_ur_driver/install/trayectories:/home/adela/TFM_MiguelLerinAlonso/workspace/ros_ur_driver/install/rutine_launcher:/home/adela/TFM_MiguelLerinAlonso/workspace/ros_ur_driver/install/data_logger:/home/adela/TFM_MiguelLerinAlonso/workspace/ros_ur_driver/install/build_platform:/opt/ros/humble LD_LIBRARY_PATH=/home/adela/TFM_AdelaJimenez/install/ur_dashboard_msgs/lib:${LD_LIBRARY_PATH} PYTHONPATH=/home/adela/TFM_AdelaJimenez/install/ur_dashboard_msgs/local/lib/python3.10/dist-packages:${PYTHONPATH} /usr/bin/cmake --build /home/adela/TFM_AdelaJimenez/build/ur_controllers -- -j2 -l2
[12.731s] Level 1:colcon.colcon_core.environment:checking '/home/adela/TFM_AdelaJimenez/install/build_platform' for CMake module files
[12.731s] Level 1:colcon.colcon_core.environment:checking '/home/adela/TFM_AdelaJimenez/install/build_platform' for CMake config files
[12.745s] Level 1:colcon.colcon_core.environment:checking '/home/adela/TFM_AdelaJimenez/install/build_platform/lib'
[12.746s] Level 1:colcon.colcon_core.environment:checking '/home/adela/TFM_AdelaJimenez/install/build_platform/bin'
[12.746s] Level 1:colcon.colcon_core.environment:checking '/home/adela/TFM_AdelaJimenez/install/build_platform/lib/pkgconfig/build_platform.pc'
[12.746s] Level 1:colcon.colcon_core.environment:checking '/home/adela/TFM_AdelaJimenez/install/build_platform/lib/python3.10/site-packages'
[12.746s] Level 1:colcon.colcon_core.shell:create_environment_hook('build_platform', 'pythonpath')
[12.756s] DEBUG:colcon.colcon_core.event_handler.log_command:Invoked command in '/home/adela/TFM_AdelaJimenez/workspace/ros_ur_driver/src/build_platform' returned '0': PYTHONPATH=/home/adela/TFM_AdelaJimenez/build/build_platform/prefix_override:/home/adela/TFM_AdelaJimenez/install/build_platform/lib/python3.10/site-packages:${PYTHONPATH} /usr/bin/python3 -W ignore:setup.py install is deprecated setup.py egg_info --egg-base ../../../../build/build_platform build --build-base /home/adela/TFM_AdelaJimenez/build/build_platform/build install --record /home/adela/TFM_AdelaJimenez/build/build_platform/install.log --single-version-externally-managed install_data
[12.758s] INFO:colcon.colcon_core.shell:Creating environment hook '/home/adela/TFM_AdelaJimenez/install/build_platform/share/build_platform/hook/pythonpath.ps1'
[12.758s] INFO:colcon.colcon_core.shell:Creating environment descriptor '/home/adela/TFM_AdelaJimenez/install/build_platform/share/build_platform/hook/pythonpath.dsv'
[12.759s] INFO:colcon.colcon_core.shell:Creating environment hook '/home/adela/TFM_AdelaJimenez/install/build_platform/share/build_platform/hook/pythonpath.sh'
[12.769s] Level 1:colcon.colcon_core.environment:checking '/home/adela/TFM_AdelaJimenez/install/build_platform/bin'
[12.769s] Level 1:colcon.colcon_core.environment:create_environment_scripts_only(build_platform)
[12.769s] INFO:colcon.colcon_core.shell:Creating package script '/home/adela/TFM_AdelaJimenez/install/build_platform/share/build_platform/package.ps1'
[12.770s] INFO:colcon.colcon_core.shell:Creating package descriptor '/home/adela/TFM_AdelaJimenez/install/build_platform/share/build_platform/package.dsv'
[12.783s] INFO:colcon.colcon_core.shell:Creating package script '/home/adela/TFM_AdelaJimenez/install/build_platform/share/build_platform/package.sh'
[12.792s] INFO:colcon.colcon_core.shell:Creating package script '/home/adela/TFM_AdelaJimenez/install/build_platform/share/build_platform/package.bash'
[12.795s] INFO:colcon.colcon_core.shell:Creating package script '/home/adela/TFM_AdelaJimenez/install/build_platform/share/build_platform/package.zsh'
[12.817s] Level 1:colcon.colcon_core.environment:create_file_with_runtime_dependencies(/home/adela/TFM_AdelaJimenez/install/build_platform/share/colcon-core/packages/build_platform)
[12.818s] INFO:colcon.colcon_ros.task.ament_python.build:Building ROS package in '/home/adela/TFM_AdelaJimenez/workspace/ros_ur_driver/src/data_logger' with build type 'ament_python'
[12.818s] Level 1:colcon.colcon_core.shell:create_environment_hook('data_logger', 'ament_prefix_path')
[12.818s] INFO:colcon.colcon_core.shell:Creating environment hook '/home/adela/TFM_AdelaJimenez/install/data_logger/share/data_logger/hook/ament_prefix_path.ps1'
[12.819s] INFO:colcon.colcon_core.shell:Creating environment descriptor '/home/adela/TFM_AdelaJimenez/install/data_logger/share/data_logger/hook/ament_prefix_path.dsv'
[12.826s] INFO:colcon.colcon_core.shell:Creating environment hook '/home/adela/TFM_AdelaJimenez/install/data_logger/share/data_logger/hook/ament_prefix_path.sh'
[12.831s] INFO:colcon.colcon_core.shell:Skip shell extension 'powershell' for command environment: Not usable outside of PowerShell
[12.832s] DEBUG:colcon.colcon_core.shell:Skip shell extension 'dsv' for command environment
[15.636s] INFO:colcon.colcon_core.task.python.build:Building Python package in '/home/adela/TFM_AdelaJimenez/workspace/ros_ur_driver/src/data_logger'
[15.636s] INFO:colcon.colcon_core.shell:Skip shell extension 'powershell' for command environment: Not usable outside of PowerShell
[15.637s] DEBUG:colcon.colcon_core.shell:Skip shell extension 'dsv' for command environment
[15.698s] DEBUG:colcon.colcon_core.event_handler.log_command:Invoked command in '/home/adela/TFM_AdelaJimenez/build/ur_controllers' returned '0': AMENT_PREFIX_PATH=/home/adela/TFM_AdelaJimenez/install/ur_dashboard_msgs:${AMENT_PREFIX_PATH} CMAKE_PREFIX_PATH=/home/adela/TFM_AdelaJimenez/install/ur_dashboard_msgs:/home/adela/TFM_AdelaJimenez/workspace/ros_ur_driver/install/ur:/home/adela/TFM_AdelaJimenez/workspace/ros_ur_driver/install/ur_calibration:/home/adela/TFM_AdelaJimenez/workspace/ros_ur_driver/install/ur_robot_driver:/home/adela/TFM_AdelaJimenez/workspace/ros_ur_driver/install/ur_moveit_config:/home/adela/TFM_AdelaJimenez/workspace/ros_ur_driver/install/ur_bringup:/home/adela/TFM_AdelaJimenez/workspace/ros_ur_driver/install/ur_description:/home/adela/TFM_AdelaJimenez/workspace/ros_ur_driver/install/ur_controllers:/home/adela/TFM_AdelaJimenez/workspace/ros_ur_driver/install/ur_dashboard_msgs:/home/adela/TFM_MiguelLerinAlonso/workspace/ros_ur_driver/install/ur:/home/adela/TFM_MiguelLerinAlonso/workspace/ros_ur_driver/install/ur_calibration:/home/adela/TFM_MiguelLerinAlonso/workspace/ros_ur_driver/install/ur_robot_driver:/home/adela/TFM_MiguelLerinAlonso/workspace/ros_ur_driver/install/ur_moveit_config:/home/adela/TFM_MiguelLerinAlonso/workspace/ros_ur_driver/install/ur_bringup:/home/adela/TFM_MiguelLerinAlonso/workspace/ros_ur_driver/install/ur_description:/home/adela/TFM_MiguelLerinAlonso/workspace/ros_ur_driver/install/ur_controllers:/home/adela/TFM_MiguelLerinAlonso/workspace/ros_ur_driver/install/ur_dashboard_msgs:/home/adela/workspace/ros_ur_driver/install/ur:/home/adela/workspace/ros_ur_driver/install/ur_calibration:/home/adela/workspace/ros_ur_driver/install/ur_robot_driver:/home/adela/workspace/ros_ur_driver/install/ur_moveit_config:/home/adela/workspace/ros_ur_driver/install/ur_bringup:/home/adela/workspace/ros_ur_driver/install/ur_description:/home/adela/workspace/ros_ur_driver/install/ur_controllers:/home/adela/workspace/ros_ur_driver/install/ur_dashboard_msgs:/home/adela/TFM_AdelaJimenez/workspace/ros_ur_driver/install/trayectories:/home/adela/TFM_AdelaJimenez/workspace/ros_ur_driver/install/rutine_launcher:/home/adela/TFM_AdelaJimenez/workspace/ros_ur_driver/install/data_logger:/home/adela/TFM_AdelaJimenez/workspace/ros_ur_driver/install/build_platform:/home/adela/TFM_MiguelLerinAlonso/workspace/ros_ur_driver/install/trayectories:/home/adela/TFM_MiguelLerinAlonso/workspace/ros_ur_driver/install/rutine_launcher:/home/adela/TFM_MiguelLerinAlonso/workspace/ros_ur_driver/install/data_logger:/home/adela/TFM_MiguelLerinAlonso/workspace/ros_ur_driver/install/build_platform:/opt/ros/humble LD_LIBRARY_PATH=/home/adela/TFM_AdelaJimenez/install/ur_dashboard_msgs/lib:${LD_LIBRARY_PATH} PYTHONPATH=/home/adela/TFM_AdelaJimenez/install/ur_dashboard_msgs/local/lib/python3.10/dist-packages:${PYTHONPATH} /usr/bin/cmake --build /home/adela/TFM_AdelaJimenez/build/ur_controllers -- -j2 -l2
[16.083s] DEBUG:colcon.colcon_core.event_handler.log_command:Invoking command in '/home/adela/TFM_AdelaJimenez/build/ur_controllers': AMENT_PREFIX_PATH=/home/adela/TFM_AdelaJimenez/install/ur_dashboard_msgs:${AMENT_PREFIX_PATH} CMAKE_PREFIX_PATH=/home/adela/TFM_AdelaJimenez/install/ur_dashboard_msgs:/home/adela/TFM_AdelaJimenez/workspace/ros_ur_driver/install/ur:/home/adela/TFM_AdelaJimenez/workspace/ros_ur_driver/install/ur_calibration:/home/adela/TFM_AdelaJimenez/workspace/ros_ur_driver/install/ur_robot_driver:/home/adela/TFM_AdelaJimenez/workspace/ros_ur_driver/install/ur_moveit_config:/home/adela/TFM_AdelaJimenez/workspace/ros_ur_driver/install/ur_bringup:/home/adela/TFM_AdelaJimenez/workspace/ros_ur_driver/install/ur_description:/home/adela/TFM_AdelaJimenez/workspace/ros_ur_driver/install/ur_controllers:/home/adela/TFM_AdelaJimenez/workspace/ros_ur_driver/install/ur_dashboard_msgs:/home/adela/TFM_MiguelLerinAlonso/workspace/ros_ur_driver/install/ur:/home/adela/TFM_MiguelLerinAlonso/workspace/ros_ur_driver/install/ur_calibration:/home/adela/TFM_MiguelLerinAlonso/workspace/ros_ur_driver/install/ur_robot_driver:/home/adela/TFM_MiguelLerinAlonso/workspace/ros_ur_driver/install/ur_moveit_config:/home/adela/TFM_MiguelLerinAlonso/workspace/ros_ur_driver/install/ur_bringup:/home/adela/TFM_MiguelLerinAlonso/workspace/ros_ur_driver/install/ur_description:/home/adela/TFM_MiguelLerinAlonso/workspace/ros_ur_driver/install/ur_controllers:/home/adela/TFM_MiguelLerinAlonso/workspace/ros_ur_driver/install/ur_dashboard_msgs:/home/adela/workspace/ros_ur_driver/install/ur:/home/adela/workspace/ros_ur_driver/install/ur_calibration:/home/adela/workspace/ros_ur_driver/install/ur_robot_driver:/home/adela/workspace/ros_ur_driver/install/ur_moveit_config:/home/adela/workspace/ros_ur_driver/install/ur_bringup:/home/adela/workspace/ros_ur_driver/install/ur_description:/home/adela/workspace/ros_ur_driver/install/ur_controllers:/home/adela/workspace/ros_ur_driver/install/ur_dashboard_msgs:/home/adela/TFM_AdelaJimenez/workspace/ros_ur_driver/install/trayectories:/home/adela/TFM_AdelaJimenez/workspace/ros_ur_driver/install/rutine_launcher:/home/adela/TFM_AdelaJimenez/workspace/ros_ur_driver/install/data_logger:/home/adela/TFM_AdelaJimenez/workspace/ros_ur_driver/install/build_platform:/home/adela/TFM_MiguelLerinAlonso/workspace/ros_ur_driver/install/trayectories:/home/adela/TFM_MiguelLerinAlonso/workspace/ros_ur_driver/install/rutine_launcher:/home/adela/TFM_MiguelLerinAlonso/workspace/ros_ur_driver/install/data_logger:/home/adela/TFM_MiguelLerinAlonso/workspace/ros_ur_driver/install/build_platform:/opt/ros/humble LD_LIBRARY_PATH=/home/adela/TFM_AdelaJimenez/install/ur_dashboard_msgs/lib:${LD_LIBRARY_PATH} PYTHONPATH=/home/adela/TFM_AdelaJimenez/install/ur_dashboard_msgs/local/lib/python3.10/dist-packages:${PYTHONPATH} /usr/bin/cmake --install /home/adela/TFM_AdelaJimenez/build/ur_controllers
[16.180s] Level 1:colcon.colcon_core.environment:create_environment_scripts_only(ur_controllers)
[16.181s] Level 1:colcon.colcon_core.environment:checking '/home/adela/TFM_AdelaJimenez/install/ur_controllers' for CMake module files
[16.181s] Level 1:colcon.colcon_core.environment:checking '/home/adela/TFM_AdelaJimenez/install/ur_controllers' for CMake config files
[16.182s] Level 1:colcon.colcon_core.shell:create_environment_hook('ur_controllers', 'cmake_prefix_path')
[16.195s] INFO:colcon.colcon_core.shell:Creating environment hook '/home/adela/TFM_AdelaJimenez/install/ur_controllers/share/ur_controllers/hook/cmake_prefix_path.ps1'
[16.196s] INFO:colcon.colcon_core.shell:Creating environment descriptor '/home/adela/TFM_AdelaJimenez/install/ur_controllers/share/ur_controllers/hook/cmake_prefix_path.dsv'
[16.196s] INFO:colcon.colcon_core.shell:Creating environment hook '/home/adela/TFM_AdelaJimenez/install/ur_controllers/share/ur_controllers/hook/cmake_prefix_path.sh'
[16.203s] DEBUG:colcon.colcon_core.event_handler.log_command:Invoked command in '/home/adela/TFM_AdelaJimenez/build/ur_controllers' returned '0': AMENT_PREFIX_PATH=/home/adela/TFM_AdelaJimenez/install/ur_dashboard_msgs:${AMENT_PREFIX_PATH} CMAKE_PREFIX_PATH=/home/adela/TFM_AdelaJimenez/install/ur_dashboard_msgs:/home/adela/TFM_AdelaJimenez/workspace/ros_ur_driver/install/ur:/home/adela/TFM_AdelaJimenez/workspace/ros_ur_driver/install/ur_calibration:/home/adela/TFM_AdelaJimenez/workspace/ros_ur_driver/install/ur_robot_driver:/home/adela/TFM_AdelaJimenez/workspace/ros_ur_driver/install/ur_moveit_config:/home/adela/TFM_AdelaJimenez/workspace/ros_ur_driver/install/ur_bringup:/home/adela/TFM_AdelaJimenez/workspace/ros_ur_driver/install/ur_description:/home/adela/TFM_AdelaJimenez/workspace/ros_ur_driver/install/ur_controllers:/home/adela/TFM_AdelaJimenez/workspace/ros_ur_driver/install/ur_dashboard_msgs:/home/adela/TFM_MiguelLerinAlonso/workspace/ros_ur_driver/install/ur:/home/adela/TFM_MiguelLerinAlonso/workspace/ros_ur_driver/install/ur_calibration:/home/adela/TFM_MiguelLerinAlonso/workspace/ros_ur_driver/install/ur_robot_driver:/home/adela/TFM_MiguelLerinAlonso/workspace/ros_ur_driver/install/ur_moveit_config:/home/adela/TFM_MiguelLerinAlonso/workspace/ros_ur_driver/install/ur_bringup:/home/adela/TFM_MiguelLerinAlonso/workspace/ros_ur_driver/install/ur_description:/home/adela/TFM_MiguelLerinAlonso/workspace/ros_ur_driver/install/ur_controllers:/home/adela/TFM_MiguelLerinAlonso/workspace/ros_ur_driver/install/ur_dashboard_msgs:/home/adela/workspace/ros_ur_driver/install/ur:/home/adela/workspace/ros_ur_driver/install/ur_calibration:/home/adela/workspace/ros_ur_driver/install/ur_robot_driver:/home/adela/workspace/ros_ur_driver/install/ur_moveit_config:/home/adela/workspace/ros_ur_driver/install/ur_bringup:/home/adela/workspace/ros_ur_driver/install/ur_description:/home/adela/workspace/ros_ur_driver/install/ur_controllers:/home/adela/workspace/ros_ur_driver/install/ur_dashboard_msgs:/home/adela/TFM_AdelaJimenez/workspace/ros_ur_driver/install/trayectories:/home/adela/TFM_AdelaJimenez/workspace/ros_ur_driver/install/rutine_launcher:/home/adela/TFM_AdelaJimenez/workspace/ros_ur_driver/install/data_logger:/home/adela/TFM_AdelaJimenez/workspace/ros_ur_driver/install/build_platform:/home/adela/TFM_MiguelLerinAlonso/workspace/ros_ur_driver/install/trayectories:/home/adela/TFM_MiguelLerinAlonso/workspace/ros_ur_driver/install/rutine_launcher:/home/adela/TFM_MiguelLerinAlonso/workspace/ros_ur_driver/install/data_logger:/home/adela/TFM_MiguelLerinAlonso/workspace/ros_ur_driver/install/build_platform:/opt/ros/humble LD_LIBRARY_PATH=/home/adela/TFM_AdelaJimenez/install/ur_dashboard_msgs/lib:${LD_LIBRARY_PATH} PYTHONPATH=/home/adela/TFM_AdelaJimenez/install/ur_dashboard_msgs/local/lib/python3.10/dist-packages:${PYTHONPATH} /usr/bin/cmake --install /home/adela/TFM_AdelaJimenez/build/ur_controllers
[16.204s] Level 1:colcon.colcon_core.environment:checking '/home/adela/TFM_AdelaJimenez/install/ur_controllers/lib'
[16.204s] Level 1:colcon.colcon_core.shell:create_environment_hook('ur_controllers', 'ld_library_path_lib')
[16.210s] INFO:colcon.colcon_core.shell:Creating environment hook '/home/adela/TFM_AdelaJimenez/install/ur_controllers/share/ur_controllers/hook/ld_library_path_lib.ps1'
[16.210s] INFO:colcon.colcon_core.shell:Creating environment descriptor '/home/adela/TFM_AdelaJimenez/install/ur_controllers/share/ur_controllers/hook/ld_library_path_lib.dsv'
[16.225s] INFO:colcon.colcon_core.shell:Creating environment hook '/home/adela/TFM_AdelaJimenez/install/ur_controllers/share/ur_controllers/hook/ld_library_path_lib.sh'
[16.226s] Level 1:colcon.colcon_core.environment:checking '/home/adela/TFM_AdelaJimenez/install/ur_controllers/bin'
[16.226s] Level 1:colcon.colcon_core.environment:checking '/home/adela/TFM_AdelaJimenez/install/ur_controllers/lib/pkgconfig/ur_controllers.pc'
[16.227s] Level 1:colcon.colcon_core.environment:checking '/home/adela/TFM_AdelaJimenez/install/ur_controllers/lib/python3.10/site-packages'
[16.227s] Level 1:colcon.colcon_core.environment:checking '/home/adela/TFM_AdelaJimenez/install/ur_controllers/bin'
[16.242s] INFO:colcon.colcon_core.shell:Creating package script '/home/adela/TFM_AdelaJimenez/install/ur_controllers/share/ur_controllers/package.ps1'
[16.243s] INFO:colcon.colcon_core.shell:Creating package descriptor '/home/adela/TFM_AdelaJimenez/install/ur_controllers/share/ur_controllers/package.dsv'
[16.259s] INFO:colcon.colcon_core.shell:Creating package script '/home/adela/TFM_AdelaJimenez/install/ur_controllers/share/ur_controllers/package.sh'
[16.260s] INFO:colcon.colcon_core.shell:Creating package script '/home/adela/TFM_AdelaJimenez/install/ur_controllers/share/ur_controllers/package.bash'
[16.261s] INFO:colcon.colcon_core.shell:Creating package script '/home/adela/TFM_AdelaJimenez/install/ur_controllers/share/ur_controllers/package.zsh'
[16.265s] Level 1:colcon.colcon_core.environment:create_file_with_runtime_dependencies(/home/adela/TFM_AdelaJimenez/install/ur_controllers/share/colcon-core/packages/ur_controllers)
[16.565s] Level 1:colcon.colcon_core.environment:create_environment_scripts_only(ur_controllers)
[16.568s] Level 1:colcon.colcon_core.environment:checking '/home/adela/TFM_AdelaJimenez/install/ur_controllers' for CMake module files
[16.571s] Level 1:colcon.colcon_core.environment:checking '/home/adela/TFM_AdelaJimenez/install/ur_controllers' for CMake config files
[16.583s] Level 1:colcon.colcon_core.shell:create_environment_hook('ur_controllers', 'cmake_prefix_path')
[16.583s] INFO:colcon.colcon_core.shell:Creating environment hook '/home/adela/TFM_AdelaJimenez/install/ur_controllers/share/ur_controllers/hook/cmake_prefix_path.ps1'
[16.584s] INFO:colcon.colcon_core.shell:Creating environment descriptor '/home/adela/TFM_AdelaJimenez/install/ur_controllers/share/ur_controllers/hook/cmake_prefix_path.dsv'
[16.590s] INFO:colcon.colcon_core.shell:Creating environment hook '/home/adela/TFM_AdelaJimenez/install/ur_controllers/share/ur_controllers/hook/cmake_prefix_path.sh'
[16.590s] Level 1:colcon.colcon_core.environment:checking '/home/adela/TFM_AdelaJimenez/install/ur_controllers/lib'
[16.591s] Level 1:colcon.colcon_core.shell:create_environment_hook('ur_controllers', 'ld_library_path_lib')
[16.602s] INFO:colcon.colcon_core.shell:Creating environment hook '/home/adela/TFM_AdelaJimenez/install/ur_controllers/share/ur_controllers/hook/ld_library_path_lib.ps1'
[16.617s] INFO:colcon.colcon_core.shell:Creating environment descriptor '/home/adela/TFM_AdelaJimenez/install/ur_controllers/share/ur_controllers/hook/ld_library_path_lib.dsv'
[16.617s] INFO:colcon.colcon_core.shell:Creating environment hook '/home/adela/TFM_AdelaJimenez/install/ur_controllers/share/ur_controllers/hook/ld_library_path_lib.sh'
[16.633s] Level 1:colcon.colcon_core.environment:checking '/home/adela/TFM_AdelaJimenez/install/ur_controllers/bin'
[16.633s] Level 1:colcon.colcon_core.environment:checking '/home/adela/TFM_AdelaJimenez/install/ur_controllers/lib/pkgconfig/ur_controllers.pc'
[16.633s] Level 1:colcon.colcon_core.environment:checking '/home/adela/TFM_AdelaJimenez/install/ur_controllers/lib/python3.10/site-packages'
[16.633s] Level 1:colcon.colcon_core.environment:checking '/home/adela/TFM_AdelaJimenez/install/ur_controllers/bin'
[16.634s] INFO:colcon.colcon_core.shell:Creating package script '/home/adela/TFM_AdelaJimenez/install/ur_controllers/share/ur_controllers/package.ps1'
[16.648s] INFO:colcon.colcon_core.shell:Creating package descriptor '/home/adela/TFM_AdelaJimenez/install/ur_controllers/share/ur_controllers/package.dsv'
[16.649s] INFO:colcon.colcon_core.shell:Creating package script '/home/adela/TFM_AdelaJimenez/install/ur_controllers/share/ur_controllers/package.sh'
[16.663s] INFO:colcon.colcon_core.shell:Creating package script '/home/adela/TFM_AdelaJimenez/install/ur_controllers/share/ur_controllers/package.bash'
[16.664s] INFO:colcon.colcon_core.shell:Creating package script '/home/adela/TFM_AdelaJimenez/install/ur_controllers/share/ur_controllers/package.zsh'
[16.668s] Level 1:colcon.colcon_core.environment:create_file_with_runtime_dependencies(/home/adela/TFM_AdelaJimenez/install/ur_controllers/share/colcon-core/packages/ur_controllers)
[16.669s] INFO:colcon.colcon_ros.task.ament_cmake.build:Building ROS package in '/home/adela/TFM_AdelaJimenez/workspace/ros_ur_driver/src/Universal_Robots_ROS2_Driver/ur_robot_driver' with build type 'ament_cmake'
[16.669s] INFO:colcon.colcon_cmake.task.cmake.build:Building CMake package in '/home/adela/TFM_AdelaJimenez/workspace/ros_ur_driver/src/Universal_Robots_ROS2_Driver/ur_robot_driver'
[16.669s] INFO:colcon.colcon_core.shell:Skip shell extension 'powershell' for command environment: Not usable outside of PowerShell
[16.669s] DEBUG:colcon.colcon_core.shell:Skip shell extension 'dsv' for command environment
[16.831s] DEBUG:colcon.colcon_core.event_handler.log_command:Invoking command in '/home/adela/TFM_AdelaJimenez/build/ur_robot_driver': AMENT_PREFIX_PATH=/home/adela/TFM_AdelaJimenez/install/ur_controllers:/home/adela/TFM_AdelaJimenez/install/ur_description:/home/adela/TFM_AdelaJimenez/install/ur_dashboard_msgs:${AMENT_PREFIX_PATH} CMAKE_PREFIX_PATH=/home/adela/TFM_AdelaJimenez/install/ur_controllers:/home/adela/TFM_AdelaJimenez/install/ur_description:/home/adela/TFM_AdelaJimenez/install/ur_dashboard_msgs:/home/adela/TFM_AdelaJimenez/workspace/ros_ur_driver/install/ur:/home/adela/TFM_AdelaJimenez/workspace/ros_ur_driver/install/ur_calibration:/home/adela/TFM_AdelaJimenez/workspace/ros_ur_driver/install/ur_robot_driver:/home/adela/TFM_AdelaJimenez/workspace/ros_ur_driver/install/ur_moveit_config:/home/adela/TFM_AdelaJimenez/workspace/ros_ur_driver/install/ur_bringup:/home/adela/TFM_AdelaJimenez/workspace/ros_ur_driver/install/ur_description:/home/adela/TFM_AdelaJimenez/workspace/ros_ur_driver/install/ur_controllers:/home/adela/TFM_AdelaJimenez/workspace/ros_ur_driver/install/ur_dashboard_msgs:/home/adela/TFM_MiguelLerinAlonso/workspace/ros_ur_driver/install/ur:/home/adela/TFM_MiguelLerinAlonso/workspace/ros_ur_driver/install/ur_calibration:/home/adela/TFM_MiguelLerinAlonso/workspace/ros_ur_driver/install/ur_robot_driver:/home/adela/TFM_MiguelLerinAlonso/workspace/ros_ur_driver/install/ur_moveit_config:/home/adela/TFM_MiguelLerinAlonso/workspace/ros_ur_driver/install/ur_bringup:/home/adela/TFM_MiguelLerinAlonso/workspace/ros_ur_driver/install/ur_description:/home/adela/TFM_MiguelLerinAlonso/workspace/ros_ur_driver/install/ur_controllers:/home/adela/TFM_MiguelLerinAlonso/workspace/ros_ur_driver/install/ur_dashboard_msgs:/home/adela/workspace/ros_ur_driver/install/ur:/home/adela/workspace/ros_ur_driver/install/ur_calibration:/home/adela/workspace/ros_ur_driver/install/ur_robot_driver:/home/adela/workspace/ros_ur_driver/install/ur_moveit_config:/home/adela/workspace/ros_ur_driver/install/ur_bringup:/home/adela/workspace/ros_ur_driver/install/ur_description:/home/adela/workspace/ros_ur_driver/install/ur_controllers:/home/adela/workspace/ros_ur_driver/install/ur_dashboard_msgs:/home/adela/TFM_AdelaJimenez/workspace/ros_ur_driver/install/trayectories:/home/adela/TFM_AdelaJimenez/workspace/ros_ur_driver/install/rutine_launcher:/home/adela/TFM_AdelaJimenez/workspace/ros_ur_driver/install/data_logger:/home/adela/TFM_AdelaJimenez/workspace/ros_ur_driver/install/build_platform:/home/adela/TFM_MiguelLerinAlonso/workspace/ros_ur_driver/install/trayectories:/home/adela/TFM_MiguelLerinAlonso/workspace/ros_ur_driver/install/rutine_launcher:/home/adela/TFM_MiguelLerinAlonso/workspace/ros_ur_driver/install/data_logger:/home/adela/TFM_MiguelLerinAlonso/workspace/ros_ur_driver/install/build_platform:/opt/ros/humble LD_LIBRARY_PATH=/home/adela/TFM_AdelaJimenez/install/ur_controllers/lib:/home/adela/TFM_AdelaJimenez/install/ur_dashboard_msgs/lib:${LD_LIBRARY_PATH} PYTHONPATH=/home/adela/TFM_AdelaJimenez/install/ur_dashboard_msgs/local/lib/python3.10/dist-packages:${PYTHONPATH} /usr/bin/cmake --build /home/adela/TFM_AdelaJimenez/build/ur_robot_driver -- -j2 -l2
[19.154s] DEBUG:colcon.colcon_core.event_handler.log_command:Invoking command in '/home/adela/TFM_AdelaJimenez/workspace/ros_ur_driver/src/data_logger': PYTHONPATH=/home/adela/TFM_AdelaJimenez/build/data_logger/prefix_override:/home/adela/TFM_AdelaJimenez/install/data_logger/lib/python3.10/site-packages:${PYTHONPATH} /usr/bin/python3 -W ignore:setup.py install is deprecated setup.py egg_info --egg-base ../../../../build/data_logger build --build-base /home/adela/TFM_AdelaJimenez/build/data_logger/build install --record /home/adela/TFM_AdelaJimenez/build/data_logger/install.log --single-version-externally-managed install_data
[21.229s] DEBUG:colcon.colcon_core.event_handler.log_command:Invoked command in '/home/adela/TFM_AdelaJimenez/build/ur_robot_driver' returned '0': AMENT_PREFIX_PATH=/home/adela/TFM_AdelaJimenez/install/ur_controllers:/home/adela/TFM_AdelaJimenez/install/ur_description:/home/adela/TFM_AdelaJimenez/install/ur_dashboard_msgs:${AMENT_PREFIX_PATH} CMAKE_PREFIX_PATH=/home/adela/TFM_AdelaJimenez/install/ur_controllers:/home/adela/TFM_AdelaJimenez/install/ur_description:/home/adela/TFM_AdelaJimenez/install/ur_dashboard_msgs:/home/adela/TFM_AdelaJimenez/workspace/ros_ur_driver/install/ur:/home/adela/TFM_AdelaJimenez/workspace/ros_ur_driver/install/ur_calibration:/home/adela/TFM_AdelaJimenez/workspace/ros_ur_driver/install/ur_robot_driver:/home/adela/TFM_AdelaJimenez/workspace/ros_ur_driver/install/ur_moveit_config:/home/adela/TFM_AdelaJimenez/workspace/ros_ur_driver/install/ur_bringup:/home/adela/TFM_AdelaJimenez/workspace/ros_ur_driver/install/ur_description:/home/adela/TFM_AdelaJimenez/workspace/ros_ur_driver/install/ur_controllers:/home/adela/TFM_AdelaJimenez/workspace/ros_ur_driver/install/ur_dashboard_msgs:/home/adela/TFM_MiguelLerinAlonso/workspace/ros_ur_driver/install/ur:/home/adela/TFM_MiguelLerinAlonso/workspace/ros_ur_driver/install/ur_calibration:/home/adela/TFM_MiguelLerinAlonso/workspace/ros_ur_driver/install/ur_robot_driver:/home/adela/TFM_MiguelLerinAlonso/workspace/ros_ur_driver/install/ur_moveit_config:/home/adela/TFM_MiguelLerinAlonso/workspace/ros_ur_driver/install/ur_bringup:/home/adela/TFM_MiguelLerinAlonso/workspace/ros_ur_driver/install/ur_description:/home/adela/TFM_MiguelLerinAlonso/workspace/ros_ur_driver/install/ur_controllers:/home/adela/TFM_MiguelLerinAlonso/workspace/ros_ur_driver/install/ur_dashboard_msgs:/home/adela/workspace/ros_ur_driver/install/ur:/home/adela/workspace/ros_ur_driver/install/ur_calibration:/home/adela/workspace/ros_ur_driver/install/ur_robot_driver:/home/adela/workspace/ros_ur_driver/install/ur_moveit_config:/home/adela/workspace/ros_ur_driver/install/ur_bringup:/home/adela/workspace/ros_ur_driver/install/ur_description:/home/adela/workspace/ros_ur_driver/install/ur_controllers:/home/adela/workspace/ros_ur_driver/install/ur_dashboard_msgs:/home/adela/TFM_AdelaJimenez/workspace/ros_ur_driver/install/trayectories:/home/adela/TFM_AdelaJimenez/workspace/ros_ur_driver/install/rutine_launcher:/home/adela/TFM_AdelaJimenez/workspace/ros_ur_driver/install/data_logger:/home/adela/TFM_AdelaJimenez/workspace/ros_ur_driver/install/build_platform:/home/adela/TFM_MiguelLerinAlonso/workspace/ros_ur_driver/install/trayectories:/home/adela/TFM_MiguelLerinAlonso/workspace/ros_ur_driver/install/rutine_launcher:/home/adela/TFM_MiguelLerinAlonso/workspace/ros_ur_driver/install/data_logger:/home/adela/TFM_MiguelLerinAlonso/workspace/ros_ur_driver/install/build_platform:/opt/ros/humble LD_LIBRARY_PATH=/home/adela/TFM_AdelaJimenez/install/ur_controllers/lib:/home/adela/TFM_AdelaJimenez/install/ur_dashboard_msgs/lib:${LD_LIBRARY_PATH} PYTHONPATH=/home/adela/TFM_AdelaJimenez/install/ur_dashboard_msgs/local/lib/python3.10/dist-packages:${PYTHONPATH} /usr/bin/cmake --build /home/adela/TFM_AdelaJimenez/build/ur_robot_driver -- -j2 -l2
[21.684s] DEBUG:colcon.colcon_core.event_handler.log_command:Invoking command in '/home/adela/TFM_AdelaJimenez/build/ur_robot_driver': AMENT_PREFIX_PATH=/home/adela/TFM_AdelaJimenez/install/ur_controllers:/home/adela/TFM_AdelaJimenez/install/ur_description:/home/adela/TFM_AdelaJimenez/install/ur_dashboard_msgs:${AMENT_PREFIX_PATH} CMAKE_PREFIX_PATH=/home/adela/TFM_AdelaJimenez/install/ur_controllers:/home/adela/TFM_AdelaJimenez/install/ur_description:/home/adela/TFM_AdelaJimenez/install/ur_dashboard_msgs:/home/adela/TFM_AdelaJimenez/workspace/ros_ur_driver/install/ur:/home/adela/TFM_AdelaJimenez/workspace/ros_ur_driver/install/ur_calibration:/home/adela/TFM_AdelaJimenez/workspace/ros_ur_driver/install/ur_robot_driver:/home/adela/TFM_AdelaJimenez/workspace/ros_ur_driver/install/ur_moveit_config:/home/adela/TFM_AdelaJimenez/workspace/ros_ur_driver/install/ur_bringup:/home/adela/TFM_AdelaJimenez/workspace/ros_ur_driver/install/ur_description:/home/adela/TFM_AdelaJimenez/workspace/ros_ur_driver/install/ur_controllers:/home/adela/TFM_AdelaJimenez/workspace/ros_ur_driver/install/ur_dashboard_msgs:/home/adela/TFM_MiguelLerinAlonso/workspace/ros_ur_driver/install/ur:/home/adela/TFM_MiguelLerinAlonso/workspace/ros_ur_driver/install/ur_calibration:/home/adela/TFM_MiguelLerinAlonso/workspace/ros_ur_driver/install/ur_robot_driver:/home/adela/TFM_MiguelLerinAlonso/workspace/ros_ur_driver/install/ur_moveit_config:/home/adela/TFM_MiguelLerinAlonso/workspace/ros_ur_driver/install/ur_bringup:/home/adela/TFM_MiguelLerinAlonso/workspace/ros_ur_driver/install/ur_description:/home/adela/TFM_MiguelLerinAlonso/workspace/ros_ur_driver/install/ur_controllers:/home/adela/TFM_MiguelLerinAlonso/workspace/ros_ur_driver/install/ur_dashboard_msgs:/home/adela/workspace/ros_ur_driver/install/ur:/home/adela/workspace/ros_ur_driver/install/ur_calibration:/home/adela/workspace/ros_ur_driver/install/ur_robot_driver:/home/adela/workspace/ros_ur_driver/install/ur_moveit_config:/home/adela/workspace/ros_ur_driver/install/ur_bringup:/home/adela/workspace/ros_ur_driver/install/ur_description:/home/adela/workspace/ros_ur_driver/install/ur_controllers:/home/adela/workspace/ros_ur_driver/install/ur_dashboard_msgs:/home/adela/TFM_AdelaJimenez/workspace/ros_ur_driver/install/trayectories:/home/adela/TFM_AdelaJimenez/workspace/ros_ur_driver/install/rutine_launcher:/home/adela/TFM_AdelaJimenez/workspace/ros_ur_driver/install/data_logger:/home/adela/TFM_AdelaJimenez/workspace/ros_ur_driver/install/build_platform:/home/adela/TFM_MiguelLerinAlonso/workspace/ros_ur_driver/install/trayectories:/home/adela/TFM_MiguelLerinAlonso/workspace/ros_ur_driver/install/rutine_launcher:/home/adela/TFM_MiguelLerinAlonso/workspace/ros_ur_driver/install/data_logger:/home/adela/TFM_MiguelLerinAlonso/workspace/ros_ur_driver/install/build_platform:/opt/ros/humble LD_LIBRARY_PATH=/home/adela/TFM_AdelaJimenez/install/ur_controllers/lib:/home/adela/TFM_AdelaJimenez/install/ur_dashboard_msgs/lib:${LD_LIBRARY_PATH} PYTHONPATH=/home/adela/TFM_AdelaJimenez/install/ur_dashboard_msgs/local/lib/python3.10/dist-packages:${PYTHONPATH} /usr/bin/cmake --install /home/adela/TFM_AdelaJimenez/build/ur_robot_driver
[21.774s] Level 1:colcon.colcon_core.environment:checking '/home/adela/TFM_AdelaJimenez/install/data_logger' for CMake module files
[21.783s] Level 1:colcon.colcon_core.environment:checking '/home/adela/TFM_AdelaJimenez/install/data_logger' for CMake config files
[21.784s] Level 1:colcon.colcon_core.environment:checking '/home/adela/TFM_AdelaJimenez/install/data_logger/lib'
[21.782s] DEBUG:colcon.colcon_core.event_handler.log_command:Invoked command in '/home/adela/TFM_AdelaJimenez/workspace/ros_ur_driver/src/data_logger' returned '0': PYTHONPATH=/home/adela/TFM_AdelaJimenez/build/data_logger/prefix_override:/home/adela/TFM_AdelaJimenez/install/data_logger/lib/python3.10/site-packages:${PYTHONPATH} /usr/bin/python3 -W ignore:setup.py install is deprecated setup.py egg_info --egg-base ../../../../build/data_logger build --build-base /home/adela/TFM_AdelaJimenez/build/data_logger/build install --record /home/adela/TFM_AdelaJimenez/build/data_logger/install.log --single-version-externally-managed install_data
[21.784s] Level 1:colcon.colcon_core.environment:checking '/home/adela/TFM_AdelaJimenez/install/data_logger/bin'
[21.793s] Level 1:colcon.colcon_core.environment:checking '/home/adela/TFM_AdelaJimenez/install/data_logger/lib/pkgconfig/data_logger.pc'
[21.794s] Level 1:colcon.colcon_core.environment:checking '/home/adela/TFM_AdelaJimenez/install/data_logger/lib/python3.10/site-packages'
[21.794s] Level 1:colcon.colcon_core.shell:create_environment_hook('data_logger', 'pythonpath')
[21.794s] INFO:colcon.colcon_core.shell:Creating environment hook '/home/adela/TFM_AdelaJimenez/install/data_logger/share/data_logger/hook/pythonpath.ps1'
[21.798s] INFO:colcon.colcon_core.shell:Creating environment descriptor '/home/adela/TFM_AdelaJimenez/install/data_logger/share/data_logger/hook/pythonpath.dsv'
[21.799s] INFO:colcon.colcon_core.shell:Creating environment hook '/home/adela/TFM_AdelaJimenez/install/data_logger/share/data_logger/hook/pythonpath.sh'
[21.810s] Level 1:colcon.colcon_core.environment:checking '/home/adela/TFM_AdelaJimenez/install/data_logger/bin'
[21.810s] Level 1:colcon.colcon_core.environment:create_environment_scripts_only(data_logger)
[21.811s] INFO:colcon.colcon_core.shell:Creating package script '/home/adela/TFM_AdelaJimenez/install/data_logger/share/data_logger/package.ps1'
[21.812s] INFO:colcon.colcon_core.shell:Creating package descriptor '/home/adela/TFM_AdelaJimenez/install/data_logger/share/data_logger/package.dsv'
[21.827s] INFO:colcon.colcon_core.shell:Creating package script '/home/adela/TFM_AdelaJimenez/install/data_logger/share/data_logger/package.sh'
[21.852s] INFO:colcon.colcon_core.shell:Creating package script '/home/adela/TFM_AdelaJimenez/install/data_logger/share/data_logger/package.bash'
[21.853s] INFO:colcon.colcon_core.shell:Creating package script '/home/adela/TFM_AdelaJimenez/install/data_logger/share/data_logger/package.zsh'
[21.854s] Level 1:colcon.colcon_core.environment:create_file_with_runtime_dependencies(/home/adela/TFM_AdelaJimenez/install/data_logger/share/colcon-core/packages/data_logger)
[21.866s] INFO:colcon.colcon_ros.task.ament_python.build:Building ROS package in '/home/adela/TFM_AdelaJimenez/workspace/ros_ur_driver/src/rutine_launcher' with build type 'ament_python'
[21.876s] Level 1:colcon.colcon_core.shell:create_environment_hook('rutine_launcher', 'ament_prefix_path')
[21.876s] INFO:colcon.colcon_core.shell:Creating environment hook '/home/adela/TFM_AdelaJimenez/install/rutine_launcher/share/rutine_launcher/hook/ament_prefix_path.ps1'
[21.877s] INFO:colcon.colcon_core.shell:Creating environment descriptor '/home/adela/TFM_AdelaJimenez/install/rutine_launcher/share/rutine_launcher/hook/ament_prefix_path.dsv'
[21.878s] INFO:colcon.colcon_core.shell:Creating environment hook '/home/adela/TFM_AdelaJimenez/install/rutine_launcher/share/rutine_launcher/hook/ament_prefix_path.sh'
[21.881s] INFO:colcon.colcon_core.shell:Skip shell extension 'powershell' for command environment: Not usable outside of PowerShell
[21.881s] DEBUG:colcon.colcon_core.shell:Skip shell extension 'dsv' for command environment
[23.698s] INFO:colcon.colcon_core.task.python.build:Building Python package in '/home/adela/TFM_AdelaJimenez/workspace/ros_ur_driver/src/rutine_launcher'
[23.698s] INFO:colcon.colcon_core.shell:Skip shell extension 'powershell' for command environment: Not usable outside of PowerShell
[23.699s] DEBUG:colcon.colcon_core.shell:Skip shell extension 'dsv' for command environment
[23.771s] Level 1:colcon.colcon_core.environment:create_environment_scripts_only(ur_robot_driver)
[23.789s] Level 1:colcon.colcon_core.environment:checking '/home/adela/TFM_AdelaJimenez/install/ur_robot_driver' for CMake module files
[23.790s] Level 1:colcon.colcon_core.environment:checking '/home/adela/TFM_AdelaJimenez/install/ur_robot_driver' for CMake config files
[23.790s] Level 1:colcon.colcon_core.shell:create_environment_hook('ur_robot_driver', 'cmake_prefix_path')
[23.791s] INFO:colcon.colcon_core.shell:Creating environment hook '/home/adela/TFM_AdelaJimenez/install/ur_robot_driver/share/ur_robot_driver/hook/cmake_prefix_path.ps1'
[23.788s] DEBUG:colcon.colcon_core.event_handler.log_command:Invoked command in '/home/adela/TFM_AdelaJimenez/build/ur_robot_driver' returned '0': AMENT_PREFIX_PATH=/home/adela/TFM_AdelaJimenez/install/ur_controllers:/home/adela/TFM_AdelaJimenez/install/ur_description:/home/adela/TFM_AdelaJimenez/install/ur_dashboard_msgs:${AMENT_PREFIX_PATH} CMAKE_PREFIX_PATH=/home/adela/TFM_AdelaJimenez/install/ur_controllers:/home/adela/TFM_AdelaJimenez/install/ur_description:/home/adela/TFM_AdelaJimenez/install/ur_dashboard_msgs:/home/adela/TFM_AdelaJimenez/workspace/ros_ur_driver/install/ur:/home/adela/TFM_AdelaJimenez/workspace/ros_ur_driver/install/ur_calibration:/home/adela/TFM_AdelaJimenez/workspace/ros_ur_driver/install/ur_robot_driver:/home/adela/TFM_AdelaJimenez/workspace/ros_ur_driver/install/ur_moveit_config:/home/adela/TFM_AdelaJimenez/workspace/ros_ur_driver/install/ur_bringup:/home/adela/TFM_AdelaJimenez/workspace/ros_ur_driver/install/ur_description:/home/adela/TFM_AdelaJimenez/workspace/ros_ur_driver/install/ur_controllers:/home/adela/TFM_AdelaJimenez/workspace/ros_ur_driver/install/ur_dashboard_msgs:/home/adela/TFM_MiguelLerinAlonso/workspace/ros_ur_driver/install/ur:/home/adela/TFM_MiguelLerinAlonso/workspace/ros_ur_driver/install/ur_calibration:/home/adela/TFM_MiguelLerinAlonso/workspace/ros_ur_driver/install/ur_robot_driver:/home/adela/TFM_MiguelLerinAlonso/workspace/ros_ur_driver/install/ur_moveit_config:/home/adela/TFM_MiguelLerinAlonso/workspace/ros_ur_driver/install/ur_bringup:/home/adela/TFM_MiguelLerinAlonso/workspace/ros_ur_driver/install/ur_description:/home/adela/TFM_MiguelLerinAlonso/workspace/ros_ur_driver/install/ur_controllers:/home/adela/TFM_MiguelLerinAlonso/workspace/ros_ur_driver/install/ur_dashboard_msgs:/home/adela/workspace/ros_ur_driver/install/ur:/home/adela/workspace/ros_ur_driver/install/ur_calibration:/home/adela/workspace/ros_ur_driver/install/ur_robot_driver:/home/adela/workspace/ros_ur_driver/install/ur_moveit_config:/home/adela/workspace/ros_ur_driver/install/ur_bringup:/home/adela/workspace/ros_ur_driver/install/ur_description:/home/adela/workspace/ros_ur_driver/install/ur_controllers:/home/adela/workspace/ros_ur_driver/install/ur_dashboard_msgs:/home/adela/TFM_AdelaJimenez/workspace/ros_ur_driver/install/trayectories:/home/adela/TFM_AdelaJimenez/workspace/ros_ur_driver/install/rutine_launcher:/home/adela/TFM_AdelaJimenez/workspace/ros_ur_driver/install/data_logger:/home/adela/TFM_AdelaJimenez/workspace/ros_ur_driver/install/build_platform:/home/adela/TFM_MiguelLerinAlonso/workspace/ros_ur_driver/install/trayectories:/home/adela/TFM_MiguelLerinAlonso/workspace/ros_ur_driver/install/rutine_launcher:/home/adela/TFM_MiguelLerinAlonso/workspace/ros_ur_driver/install/data_logger:/home/adela/TFM_MiguelLerinAlonso/workspace/ros_ur_driver/install/build_platform:/opt/ros/humble LD_LIBRARY_PATH=/home/adela/TFM_AdelaJimenez/install/ur_controllers/lib:/home/adela/TFM_AdelaJimenez/install/ur_dashboard_msgs/lib:${LD_LIBRARY_PATH} PYTHONPATH=/home/adela/TFM_AdelaJimenez/install/ur_dashboard_msgs/local/lib/python3.10/dist-packages:${PYTHONPATH} /usr/bin/cmake --install /home/adela/TFM_AdelaJimenez/build/ur_robot_driver
[23.797s] INFO:colcon.colcon_core.shell:Creating environment descriptor '/home/adela/TFM_AdelaJimenez/install/ur_robot_driver/share/ur_robot_driver/hook/cmake_prefix_path.dsv'
[23.798s] INFO:colcon.colcon_core.shell:Creating environment hook '/home/adela/TFM_AdelaJimenez/install/ur_robot_driver/share/ur_robot_driver/hook/cmake_prefix_path.sh'
[23.803s] Level 1:colcon.colcon_core.environment:checking '/home/adela/TFM_AdelaJimenez/install/ur_robot_driver/lib'
[23.803s] Level 1:colcon.colcon_core.shell:create_environment_hook('ur_robot_driver', 'ld_library_path_lib')
[23.805s] INFO:colcon.colcon_core.shell:Creating environment hook '/home/adela/TFM_AdelaJimenez/install/ur_robot_driver/share/ur_robot_driver/hook/ld_library_path_lib.ps1'
[23.808s] INFO:colcon.colcon_core.shell:Creating environment descriptor '/home/adela/TFM_AdelaJimenez/install/ur_robot_driver/share/ur_robot_driver/hook/ld_library_path_lib.dsv'
[23.809s] INFO:colcon.colcon_core.shell:Creating environment hook '/home/adela/TFM_AdelaJimenez/install/ur_robot_driver/share/ur_robot_driver/hook/ld_library_path_lib.sh'
[23.809s] Level 1:colcon.colcon_core.environment:checking '/home/adela/TFM_AdelaJimenez/install/ur_robot_driver/bin'
[23.809s] Level 1:colcon.colcon_core.shell:create_environment_hook('ur_robot_driver', 'path')
[23.810s] INFO:colcon.colcon_core.shell:Creating environment hook '/home/adela/TFM_AdelaJimenez/install/ur_robot_driver/share/ur_robot_driver/hook/path.ps1'
[23.812s] INFO:colcon.colcon_core.shell:Creating environment descriptor '/home/adela/TFM_AdelaJimenez/install/ur_robot_driver/share/ur_robot_driver/hook/path.dsv'
[23.813s] INFO:colcon.colcon_core.shell:Creating environment hook '/home/adela/TFM_AdelaJimenez/install/ur_robot_driver/share/ur_robot_driver/hook/path.sh'
[23.814s] Level 1:colcon.colcon_core.environment:checking '/home/adela/TFM_AdelaJimenez/install/ur_robot_driver/lib/pkgconfig/ur_robot_driver.pc'
[23.814s] Level 1:colcon.colcon_core.environment:checking '/home/adela/TFM_AdelaJimenez/install/ur_robot_driver/lib/python3.10/site-packages'
[23.814s] Level 1:colcon.colcon_core.environment:checking '/home/adela/TFM_AdelaJimenez/install/ur_robot_driver/bin'
[23.814s] Level 1:colcon.colcon_core.shell:create_environment_hook('ur_robot_driver', 'pythonscriptspath')
[23.815s] INFO:colcon.colcon_core.shell:Creating environment hook '/home/adela/TFM_AdelaJimenez/install/ur_robot_driver/share/ur_robot_driver/hook/pythonscriptspath.ps1'
[23.815s] INFO:colcon.colcon_core.shell:Creating environment descriptor '/home/adela/TFM_AdelaJimenez/install/ur_robot_driver/share/ur_robot_driver/hook/pythonscriptspath.dsv'
[23.822s] INFO:colcon.colcon_core.shell:Creating environment hook '/home/adela/TFM_AdelaJimenez/install/ur_robot_driver/share/ur_robot_driver/hook/pythonscriptspath.sh'
[23.851s] INFO:colcon.colcon_core.shell:Creating package script '/home/adela/TFM_AdelaJimenez/install/ur_robot_driver/share/ur_robot_driver/package.ps1'
[23.852s] INFO:colcon.colcon_core.shell:Creating package descriptor '/home/adela/TFM_AdelaJimenez/install/ur_robot_driver/share/ur_robot_driver/package.dsv'
[23.859s] INFO:colcon.colcon_core.shell:Creating package script '/home/adela/TFM_AdelaJimenez/install/ur_robot_driver/share/ur_robot_driver/package.sh'
[23.863s] INFO:colcon.colcon_core.shell:Creating package script '/home/adela/TFM_AdelaJimenez/install/ur_robot_driver/share/ur_robot_driver/package.bash'
[23.864s] INFO:colcon.colcon_core.shell:Creating package script '/home/adela/TFM_AdelaJimenez/install/ur_robot_driver/share/ur_robot_driver/package.zsh'
[23.873s] Level 1:colcon.colcon_core.environment:create_file_with_runtime_dependencies(/home/adela/TFM_AdelaJimenez/install/ur_robot_driver/share/colcon-core/packages/ur_robot_driver)
[24.402s] Level 1:colcon.colcon_core.environment:create_environment_scripts_only(ur_robot_driver)
[24.402s] Level 1:colcon.colcon_core.environment:checking '/home/adela/TFM_AdelaJimenez/install/ur_robot_driver' for CMake module files
[24.403s] Level 1:colcon.colcon_core.environment:checking '/home/adela/TFM_AdelaJimenez/install/ur_robot_driver' for CMake config files
[24.403s] Level 1:colcon.colcon_core.shell:create_environment_hook('ur_robot_driver', 'cmake_prefix_path')
[24.404s] INFO:colcon.colcon_core.shell:Creating environment hook '/home/adela/TFM_AdelaJimenez/install/ur_robot_driver/share/ur_robot_driver/hook/cmake_prefix_path.ps1'
[24.404s] INFO:colcon.colcon_core.shell:Creating environment descriptor '/home/adela/TFM_AdelaJimenez/install/ur_robot_driver/share/ur_robot_driver/hook/cmake_prefix_path.dsv'
[24.432s] INFO:colcon.colcon_core.shell:Creating environment hook '/home/adela/TFM_AdelaJimenez/install/ur_robot_driver/share/ur_robot_driver/hook/cmake_prefix_path.sh'
[24.440s] Level 1:colcon.colcon_core.environment:checking '/home/adela/TFM_AdelaJimenez/install/ur_robot_driver/lib'
[24.441s] Level 1:colcon.colcon_core.shell:create_environment_hook('ur_robot_driver', 'ld_library_path_lib')
[24.441s] INFO:colcon.colcon_core.shell:Creating environment hook '/home/adela/TFM_AdelaJimenez/install/ur_robot_driver/share/ur_robot_driver/hook/ld_library_path_lib.ps1'
[24.441s] INFO:colcon.colcon_core.shell:Creating environment descriptor '/home/adela/TFM_AdelaJimenez/install/ur_robot_driver/share/ur_robot_driver/hook/ld_library_path_lib.dsv'
[24.442s] INFO:colcon.colcon_core.shell:Creating environment hook '/home/adela/TFM_AdelaJimenez/install/ur_robot_driver/share/ur_robot_driver/hook/ld_library_path_lib.sh'
[24.454s] Level 1:colcon.colcon_core.environment:checking '/home/adela/TFM_AdelaJimenez/install/ur_robot_driver/bin'
[24.455s] Level 1:colcon.colcon_core.shell:create_environment_hook('ur_robot_driver', 'path')
[24.456s] INFO:colcon.colcon_core.shell:Creating environment hook '/home/adela/TFM_AdelaJimenez/install/ur_robot_driver/share/ur_robot_driver/hook/path.ps1'
[24.469s] INFO:colcon.colcon_core.shell:Creating environment descriptor '/home/adela/TFM_AdelaJimenez/install/ur_robot_driver/share/ur_robot_driver/hook/path.dsv'
[24.469s] INFO:colcon.colcon_core.shell:Creating environment hook '/home/adela/TFM_AdelaJimenez/install/ur_robot_driver/share/ur_robot_driver/hook/path.sh'
[24.473s] Level 1:colcon.colcon_core.environment:checking '/home/adela/TFM_AdelaJimenez/install/ur_robot_driver/lib/pkgconfig/ur_robot_driver.pc'
[24.474s] Level 1:colcon.colcon_core.environment:checking '/home/adela/TFM_AdelaJimenez/install/ur_robot_driver/lib/python3.10/site-packages'
[24.488s] Level 1:colcon.colcon_core.environment:checking '/home/adela/TFM_AdelaJimenez/install/ur_robot_driver/bin'
[24.489s] Level 1:colcon.colcon_core.shell:create_environment_hook('ur_robot_driver', 'pythonscriptspath')
[24.489s] INFO:colcon.colcon_core.shell:Creating environment hook '/home/adela/TFM_AdelaJimenez/install/ur_robot_driver/share/ur_robot_driver/hook/pythonscriptspath.ps1'
[24.500s] INFO:colcon.colcon_core.shell:Creating environment descriptor '/home/adela/TFM_AdelaJimenez/install/ur_robot_driver/share/ur_robot_driver/hook/pythonscriptspath.dsv'
[24.501s] INFO:colcon.colcon_core.shell:Creating environment hook '/home/adela/TFM_AdelaJimenez/install/ur_robot_driver/share/ur_robot_driver/hook/pythonscriptspath.sh'
[24.513s] INFO:colcon.colcon_core.shell:Creating package script '/home/adela/TFM_AdelaJimenez/install/ur_robot_driver/share/ur_robot_driver/package.ps1'
[24.537s] INFO:colcon.colcon_core.shell:Creating package descriptor '/home/adela/TFM_AdelaJimenez/install/ur_robot_driver/share/ur_robot_driver/package.dsv'
[24.542s] INFO:colcon.colcon_core.shell:Creating package script '/home/adela/TFM_AdelaJimenez/install/ur_robot_driver/share/ur_robot_driver/package.sh'
[24.551s] INFO:colcon.colcon_core.shell:Creating package script '/home/adela/TFM_AdelaJimenez/install/ur_robot_driver/share/ur_robot_driver/package.bash'
[24.560s] INFO:colcon.colcon_core.shell:Creating package script '/home/adela/TFM_AdelaJimenez/install/ur_robot_driver/share/ur_robot_driver/package.zsh'
[24.568s] Level 1:colcon.colcon_core.environment:create_file_with_runtime_dependencies(/home/adela/TFM_AdelaJimenez/install/ur_robot_driver/share/colcon-core/packages/ur_robot_driver)
[24.569s] INFO:colcon.colcon_ros.task.ament_cmake.build:Building ROS package in '/home/adela/TFM_AdelaJimenez/workspace/ros_ur_driver/src/Universal_Robots_ROS2_Driver/ur_calibration' with build type 'ament_cmake'
[24.569s] INFO:colcon.colcon_cmake.task.cmake.build:Building CMake package in '/home/adela/TFM_AdelaJimenez/workspace/ros_ur_driver/src/Universal_Robots_ROS2_Driver/ur_calibration'
[24.569s] INFO:colcon.colcon_core.shell:Skip shell extension 'powershell' for command environment: Not usable outside of PowerShell
[24.570s] DEBUG:colcon.colcon_core.shell:Skip shell extension 'dsv' for command environment
[24.794s] DEBUG:colcon.colcon_core.event_handler.log_command:Invoking command in '/home/adela/TFM_AdelaJimenez/build/ur_calibration': AMENT_PREFIX_PATH=/home/adela/TFM_AdelaJimenez/install/ur_robot_driver:/home/adela/TFM_AdelaJimenez/install/ur_controllers:/home/adela/TFM_AdelaJimenez/install/ur_description:/home/adela/TFM_AdelaJimenez/install/ur_dashboard_msgs:${AMENT_PREFIX_PATH} CMAKE_PREFIX_PATH=/home/adela/TFM_AdelaJimenez/install/ur_robot_driver:/home/adela/TFM_AdelaJimenez/install/ur_controllers:/home/adela/TFM_AdelaJimenez/install/ur_description:/home/adela/TFM_AdelaJimenez/install/ur_dashboard_msgs:/home/adela/TFM_AdelaJimenez/workspace/ros_ur_driver/install/ur:/home/adela/TFM_AdelaJimenez/workspace/ros_ur_driver/install/ur_calibration:/home/adela/TFM_AdelaJimenez/workspace/ros_ur_driver/install/ur_robot_driver:/home/adela/TFM_AdelaJimenez/workspace/ros_ur_driver/install/ur_moveit_config:/home/adela/TFM_AdelaJimenez/workspace/ros_ur_driver/install/ur_bringup:/home/adela/TFM_AdelaJimenez/workspace/ros_ur_driver/install/ur_description:/home/adela/TFM_AdelaJimenez/workspace/ros_ur_driver/install/ur_controllers:/home/adela/TFM_AdelaJimenez/workspace/ros_ur_driver/install/ur_dashboard_msgs:/home/adela/TFM_MiguelLerinAlonso/workspace/ros_ur_driver/install/ur:/home/adela/TFM_MiguelLerinAlonso/workspace/ros_ur_driver/install/ur_calibration:/home/adela/TFM_MiguelLerinAlonso/workspace/ros_ur_driver/install/ur_robot_driver:/home/adela/TFM_MiguelLerinAlonso/workspace/ros_ur_driver/install/ur_moveit_config:/home/adela/TFM_MiguelLerinAlonso/workspace/ros_ur_driver/install/ur_bringup:/home/adela/TFM_MiguelLerinAlonso/workspace/ros_ur_driver/install/ur_description:/home/adela/TFM_MiguelLerinAlonso/workspace/ros_ur_driver/install/ur_controllers:/home/adela/TFM_MiguelLerinAlonso/workspace/ros_ur_driver/install/ur_dashboard_msgs:/home/adela/workspace/ros_ur_driver/install/ur:/home/adela/workspace/ros_ur_driver/install/ur_calibration:/home/adela/workspace/ros_ur_driver/install/ur_robot_driver:/home/adela/workspace/ros_ur_driver/install/ur_moveit_config:/home/adela/workspace/ros_ur_driver/install/ur_bringup:/home/adela/workspace/ros_ur_driver/install/ur_description:/home/adela/workspace/ros_ur_driver/install/ur_controllers:/home/adela/workspace/ros_ur_driver/install/ur_dashboard_msgs:/home/adela/TFM_AdelaJimenez/workspace/ros_ur_driver/install/trayectories:/home/adela/TFM_AdelaJimenez/workspace/ros_ur_driver/install/rutine_launcher:/home/adela/TFM_AdelaJimenez/workspace/ros_ur_driver/install/data_logger:/home/adela/TFM_AdelaJimenez/workspace/ros_ur_driver/install/build_platform:/home/adela/TFM_MiguelLerinAlonso/workspace/ros_ur_driver/install/trayectories:/home/adela/TFM_MiguelLerinAlonso/workspace/ros_ur_driver/install/rutine_launcher:/home/adela/TFM_MiguelLerinAlonso/workspace/ros_ur_driver/install/data_logger:/home/adela/TFM_MiguelLerinAlonso/workspace/ros_ur_driver/install/build_platform:/opt/ros/humble LD_LIBRARY_PATH=/home/adela/TFM_AdelaJimenez/install/ur_robot_driver/lib:/home/adela/TFM_AdelaJimenez/install/ur_controllers/lib:/home/adela/TFM_AdelaJimenez/install/ur_dashboard_msgs/lib:${LD_LIBRARY_PATH} PATH=/home/adela/TFM_AdelaJimenez/install/ur_robot_driver/bin:${PATH} PYTHONPATH=/home/adela/TFM_AdelaJimenez/install/ur_robot_driver/local/lib/python3.10/dist-packages:/home/adela/TFM_AdelaJimenez/install/ur_dashboard_msgs/local/lib/python3.10/dist-packages:${PYTHONPATH} /usr/bin/cmake --build /home/adela/TFM_AdelaJimenez/build/ur_calibration -- -j2 -l2
[26.168s] DEBUG:colcon.colcon_core.event_handler.log_command:Invoked command in '/home/adela/TFM_AdelaJimenez/build/ur_calibration' returned '0': AMENT_PREFIX_PATH=/home/adela/TFM_AdelaJimenez/install/ur_robot_driver:/home/adela/TFM_AdelaJimenez/install/ur_controllers:/home/adela/TFM_AdelaJimenez/install/ur_description:/home/adela/TFM_AdelaJimenez/install/ur_dashboard_msgs:${AMENT_PREFIX_PATH} CMAKE_PREFIX_PATH=/home/adela/TFM_AdelaJimenez/install/ur_robot_driver:/home/adela/TFM_AdelaJimenez/install/ur_controllers:/home/adela/TFM_AdelaJimenez/install/ur_description:/home/adela/TFM_AdelaJimenez/install/ur_dashboard_msgs:/home/adela/TFM_AdelaJimenez/workspace/ros_ur_driver/install/ur:/home/adela/TFM_AdelaJimenez/workspace/ros_ur_driver/install/ur_calibration:/home/adela/TFM_AdelaJimenez/workspace/ros_ur_driver/install/ur_robot_driver:/home/adela/TFM_AdelaJimenez/workspace/ros_ur_driver/install/ur_moveit_config:/home/adela/TFM_AdelaJimenez/workspace/ros_ur_driver/install/ur_bringup:/home/adela/TFM_AdelaJimenez/workspace/ros_ur_driver/install/ur_description:/home/adela/TFM_AdelaJimenez/workspace/ros_ur_driver/install/ur_controllers:/home/adela/TFM_AdelaJimenez/workspace/ros_ur_driver/install/ur_dashboard_msgs:/home/adela/TFM_MiguelLerinAlonso/workspace/ros_ur_driver/install/ur:/home/adela/TFM_MiguelLerinAlonso/workspace/ros_ur_driver/install/ur_calibration:/home/adela/TFM_MiguelLerinAlonso/workspace/ros_ur_driver/install/ur_robot_driver:/home/adela/TFM_MiguelLerinAlonso/workspace/ros_ur_driver/install/ur_moveit_config:/home/adela/TFM_MiguelLerinAlonso/workspace/ros_ur_driver/install/ur_bringup:/home/adela/TFM_MiguelLerinAlonso/workspace/ros_ur_driver/install/ur_description:/home/adela/TFM_MiguelLerinAlonso/workspace/ros_ur_driver/install/ur_controllers:/home/adela/TFM_MiguelLerinAlonso/workspace/ros_ur_driver/install/ur_dashboard_msgs:/home/adela/workspace/ros_ur_driver/install/ur:/home/adela/workspace/ros_ur_driver/install/ur_calibration:/home/adela/workspace/ros_ur_driver/install/ur_robot_driver:/home/adela/workspace/ros_ur_driver/install/ur_moveit_config:/home/adela/workspace/ros_ur_driver/install/ur_bringup:/home/adela/workspace/ros_ur_driver/install/ur_description:/home/adela/workspace/ros_ur_driver/install/ur_controllers:/home/adela/workspace/ros_ur_driver/install/ur_dashboard_msgs:/home/adela/TFM_AdelaJimenez/workspace/ros_ur_driver/install/trayectories:/home/adela/TFM_AdelaJimenez/workspace/ros_ur_driver/install/rutine_launcher:/home/adela/TFM_AdelaJimenez/workspace/ros_ur_driver/install/data_logger:/home/adela/TFM_AdelaJimenez/workspace/ros_ur_driver/install/build_platform:/home/adela/TFM_MiguelLerinAlonso/workspace/ros_ur_driver/install/trayectories:/home/adela/TFM_MiguelLerinAlonso/workspace/ros_ur_driver/install/rutine_launcher:/home/adela/TFM_MiguelLerinAlonso/workspace/ros_ur_driver/install/data_logger:/home/adela/TFM_MiguelLerinAlonso/workspace/ros_ur_driver/install/build_platform:/opt/ros/humble LD_LIBRARY_PATH=/home/adela/TFM_AdelaJimenez/install/ur_robot_driver/lib:/home/adela/TFM_AdelaJimenez/install/ur_controllers/lib:/home/adela/TFM_AdelaJimenez/install/ur_dashboard_msgs/lib:${LD_LIBRARY_PATH} PATH=/home/adela/TFM_AdelaJimenez/install/ur_robot_driver/bin:${PATH} PYTHONPATH=/home/adela/TFM_AdelaJimenez/install/ur_robot_driver/local/lib/python3.10/dist-packages:/home/adela/TFM_AdelaJimenez/install/ur_dashboard_msgs/local/lib/python3.10/dist-packages:${PYTHONPATH} /usr/bin/cmake --build /home/adela/TFM_AdelaJimenez/build/ur_calibration -- -j2 -l2
[26.723s] DEBUG:colcon.colcon_core.event_handler.log_command:Invoking command in '/home/adela/TFM_AdelaJimenez/build/ur_calibration': AMENT_PREFIX_PATH=/home/adela/TFM_AdelaJimenez/install/ur_robot_driver:/home/adela/TFM_AdelaJimenez/install/ur_controllers:/home/adela/TFM_AdelaJimenez/install/ur_description:/home/adela/TFM_AdelaJimenez/install/ur_dashboard_msgs:${AMENT_PREFIX_PATH} CMAKE_PREFIX_PATH=/home/adela/TFM_AdelaJimenez/install/ur_robot_driver:/home/adela/TFM_AdelaJimenez/install/ur_controllers:/home/adela/TFM_AdelaJimenez/install/ur_description:/home/adela/TFM_AdelaJimenez/install/ur_dashboard_msgs:/home/adela/TFM_AdelaJimenez/workspace/ros_ur_driver/install/ur:/home/adela/TFM_AdelaJimenez/workspace/ros_ur_driver/install/ur_calibration:/home/adela/TFM_AdelaJimenez/workspace/ros_ur_driver/install/ur_robot_driver:/home/adela/TFM_AdelaJimenez/workspace/ros_ur_driver/install/ur_moveit_config:/home/adela/TFM_AdelaJimenez/workspace/ros_ur_driver/install/ur_bringup:/home/adela/TFM_AdelaJimenez/workspace/ros_ur_driver/install/ur_description:/home/adela/TFM_AdelaJimenez/workspace/ros_ur_driver/install/ur_controllers:/home/adela/TFM_AdelaJimenez/workspace/ros_ur_driver/install/ur_dashboard_msgs:/home/adela/TFM_MiguelLerinAlonso/workspace/ros_ur_driver/install/ur:/home/adela/TFM_MiguelLerinAlonso/workspace/ros_ur_driver/install/ur_calibration:/home/adela/TFM_MiguelLerinAlonso/workspace/ros_ur_driver/install/ur_robot_driver:/home/adela/TFM_MiguelLerinAlonso/workspace/ros_ur_driver/install/ur_moveit_config:/home/adela/TFM_MiguelLerinAlonso/workspace/ros_ur_driver/install/ur_bringup:/home/adela/TFM_MiguelLerinAlonso/workspace/ros_ur_driver/install/ur_description:/home/adela/TFM_MiguelLerinAlonso/workspace/ros_ur_driver/install/ur_controllers:/home/adela/TFM_MiguelLerinAlonso/workspace/ros_ur_driver/install/ur_dashboard_msgs:/home/adela/workspace/ros_ur_driver/install/ur:/home/adela/workspace/ros_ur_driver/install/ur_calibration:/home/adela/workspace/ros_ur_driver/install/ur_robot_driver:/home/adela/workspace/ros_ur_driver/install/ur_moveit_config:/home/adela/workspace/ros_ur_driver/install/ur_bringup:/home/adela/workspace/ros_ur_driver/install/ur_description:/home/adela/workspace/ros_ur_driver/install/ur_controllers:/home/adela/workspace/ros_ur_driver/install/ur_dashboard_msgs:/home/adela/TFM_AdelaJimenez/workspace/ros_ur_driver/install/trayectories:/home/adela/TFM_AdelaJimenez/workspace/ros_ur_driver/install/rutine_launcher:/home/adela/TFM_AdelaJimenez/workspace/ros_ur_driver/install/data_logger:/home/adela/TFM_AdelaJimenez/workspace/ros_ur_driver/install/build_platform:/home/adela/TFM_MiguelLerinAlonso/workspace/ros_ur_driver/install/trayectories:/home/adela/TFM_MiguelLerinAlonso/workspace/ros_ur_driver/install/rutine_launcher:/home/adela/TFM_MiguelLerinAlonso/workspace/ros_ur_driver/install/data_logger:/home/adela/TFM_MiguelLerinAlonso/workspace/ros_ur_driver/install/build_platform:/opt/ros/humble LD_LIBRARY_PATH=/home/adela/TFM_AdelaJimenez/install/ur_robot_driver/lib:/home/adela/TFM_AdelaJimenez/install/ur_controllers/lib:/home/adela/TFM_AdelaJimenez/install/ur_dashboard_msgs/lib:${LD_LIBRARY_PATH} PATH=/home/adela/TFM_AdelaJimenez/install/ur_robot_driver/bin:${PATH} PYTHONPATH=/home/adela/TFM_AdelaJimenez/install/ur_robot_driver/local/lib/python3.10/dist-packages:/home/adela/TFM_AdelaJimenez/install/ur_dashboard_msgs/local/lib/python3.10/dist-packages:${PYTHONPATH} /usr/bin/cmake --install /home/adela/TFM_AdelaJimenez/build/ur_calibration
[26.809s] Level 1:colcon.colcon_core.environment:create_environment_scripts_only(ur_calibration)
[26.810s] Level 1:colcon.colcon_core.environment:checking '/home/adela/TFM_AdelaJimenez/install/ur_calibration' for CMake module files
[26.810s] Level 1:colcon.colcon_core.environment:checking '/home/adela/TFM_AdelaJimenez/install/ur_calibration' for CMake config files
[26.811s] Level 1:colcon.colcon_core.shell:create_environment_hook('ur_calibration', 'cmake_prefix_path')
[26.815s] INFO:colcon.colcon_core.shell:Creating environment hook '/home/adela/TFM_AdelaJimenez/install/ur_calibration/share/ur_calibration/hook/cmake_prefix_path.ps1'
[26.816s] INFO:colcon.colcon_core.shell:Creating environment descriptor '/home/adela/TFM_AdelaJimenez/install/ur_calibration/share/ur_calibration/hook/cmake_prefix_path.dsv'
[26.820s] DEBUG:colcon.colcon_core.event_handler.log_command:Invoked command in '/home/adela/TFM_AdelaJimenez/build/ur_calibration' returned '0': AMENT_PREFIX_PATH=/home/adela/TFM_AdelaJimenez/install/ur_robot_driver:/home/adela/TFM_AdelaJimenez/install/ur_controllers:/home/adela/TFM_AdelaJimenez/install/ur_description:/home/adela/TFM_AdelaJimenez/install/ur_dashboard_msgs:${AMENT_PREFIX_PATH} CMAKE_PREFIX_PATH=/home/adela/TFM_AdelaJimenez/install/ur_robot_driver:/home/adela/TFM_AdelaJimenez/install/ur_controllers:/home/adela/TFM_AdelaJimenez/install/ur_description:/home/adela/TFM_AdelaJimenez/install/ur_dashboard_msgs:/home/adela/TFM_AdelaJimenez/workspace/ros_ur_driver/install/ur:/home/adela/TFM_AdelaJimenez/workspace/ros_ur_driver/install/ur_calibration:/home/adela/TFM_AdelaJimenez/workspace/ros_ur_driver/install/ur_robot_driver:/home/adela/TFM_AdelaJimenez/workspace/ros_ur_driver/install/ur_moveit_config:/home/adela/TFM_AdelaJimenez/workspace/ros_ur_driver/install/ur_bringup:/home/adela/TFM_AdelaJimenez/workspace/ros_ur_driver/install/ur_description:/home/adela/TFM_AdelaJimenez/workspace/ros_ur_driver/install/ur_controllers:/home/adela/TFM_AdelaJimenez/workspace/ros_ur_driver/install/ur_dashboard_msgs:/home/adela/TFM_MiguelLerinAlonso/workspace/ros_ur_driver/install/ur:/home/adela/TFM_MiguelLerinAlonso/workspace/ros_ur_driver/install/ur_calibration:/home/adela/TFM_MiguelLerinAlonso/workspace/ros_ur_driver/install/ur_robot_driver:/home/adela/TFM_MiguelLerinAlonso/workspace/ros_ur_driver/install/ur_moveit_config:/home/adela/TFM_MiguelLerinAlonso/workspace/ros_ur_driver/install/ur_bringup:/home/adela/TFM_MiguelLerinAlonso/workspace/ros_ur_driver/install/ur_description:/home/adela/TFM_MiguelLerinAlonso/workspace/ros_ur_driver/install/ur_controllers:/home/adela/TFM_MiguelLerinAlonso/workspace/ros_ur_driver/install/ur_dashboard_msgs:/home/adela/workspace/ros_ur_driver/install/ur:/home/adela/workspace/ros_ur_driver/install/ur_calibration:/home/adela/workspace/ros_ur_driver/install/ur_robot_driver:/home/adela/workspace/ros_ur_driver/install/ur_moveit_config:/home/adela/workspace/ros_ur_driver/install/ur_bringup:/home/adela/workspace/ros_ur_driver/install/ur_description:/home/adela/workspace/ros_ur_driver/install/ur_controllers:/home/adela/workspace/ros_ur_driver/install/ur_dashboard_msgs:/home/adela/TFM_AdelaJimenez/workspace/ros_ur_driver/install/trayectories:/home/adela/TFM_AdelaJimenez/workspace/ros_ur_driver/install/rutine_launcher:/home/adela/TFM_AdelaJimenez/workspace/ros_ur_driver/install/data_logger:/home/adela/TFM_AdelaJimenez/workspace/ros_ur_driver/install/build_platform:/home/adela/TFM_MiguelLerinAlonso/workspace/ros_ur_driver/install/trayectories:/home/adela/TFM_MiguelLerinAlonso/workspace/ros_ur_driver/install/rutine_launcher:/home/adela/TFM_MiguelLerinAlonso/workspace/ros_ur_driver/install/data_logger:/home/adela/TFM_MiguelLerinAlonso/workspace/ros_ur_driver/install/build_platform:/opt/ros/humble LD_LIBRARY_PATH=/home/adela/TFM_AdelaJimenez/install/ur_robot_driver/lib:/home/adela/TFM_AdelaJimenez/install/ur_controllers/lib:/home/adela/TFM_AdelaJimenez/install/ur_dashboard_msgs/lib:${LD_LIBRARY_PATH} PATH=/home/adela/TFM_AdelaJimenez/install/ur_robot_driver/bin:${PATH} PYTHONPATH=/home/adela/TFM_AdelaJimenez/install/ur_robot_driver/local/lib/python3.10/dist-packages:/home/adela/TFM_AdelaJimenez/install/ur_dashboard_msgs/local/lib/python3.10/dist-packages:${PYTHONPATH} /usr/bin/cmake --install /home/adela/TFM_AdelaJimenez/build/ur_calibration
[26.822s] INFO:colcon.colcon_core.shell:Creating environment hook '/home/adela/TFM_AdelaJimenez/install/ur_calibration/share/ur_calibration/hook/cmake_prefix_path.sh'
[26.823s] Level 1:colcon.colcon_core.environment:checking '/home/adela/TFM_AdelaJimenez/install/ur_calibration/lib'
[26.823s] Level 1:colcon.colcon_core.environment:checking '/home/adela/TFM_AdelaJimenez/install/ur_calibration/bin'
[26.823s] Level 1:colcon.colcon_core.environment:checking '/home/adela/TFM_AdelaJimenez/install/ur_calibration/lib/pkgconfig/ur_calibration.pc'
[26.823s] Level 1:colcon.colcon_core.environment:checking '/home/adela/TFM_AdelaJimenez/install/ur_calibration/lib/python3.10/site-packages'
[26.824s] Level 1:colcon.colcon_core.environment:checking '/home/adela/TFM_AdelaJimenez/install/ur_calibration/bin'
[26.824s] INFO:colcon.colcon_core.shell:Creating package script '/home/adela/TFM_AdelaJimenez/install/ur_calibration/share/ur_calibration/package.ps1'
[26.825s] INFO:colcon.colcon_core.shell:Creating package descriptor '/home/adela/TFM_AdelaJimenez/install/ur_calibration/share/ur_calibration/package.dsv'
[26.838s] INFO:colcon.colcon_core.shell:Creating package script '/home/adela/TFM_AdelaJimenez/install/ur_calibration/share/ur_calibration/package.sh'
[26.839s] INFO:colcon.colcon_core.shell:Creating package script '/home/adela/TFM_AdelaJimenez/install/ur_calibration/share/ur_calibration/package.bash'
[26.839s] INFO:colcon.colcon_core.shell:Creating package script '/home/adela/TFM_AdelaJimenez/install/ur_calibration/share/ur_calibration/package.zsh'
[26.840s] Level 1:colcon.colcon_core.environment:create_file_with_runtime_dependencies(/home/adela/TFM_AdelaJimenez/install/ur_calibration/share/colcon-core/packages/ur_calibration)
[27.124s] Level 1:colcon.colcon_core.environment:create_environment_scripts_only(ur_calibration)
[27.124s] Level 1:colcon.colcon_core.environment:checking '/home/adela/TFM_AdelaJimenez/install/ur_calibration' for CMake module files
[27.137s] Level 1:colcon.colcon_core.environment:checking '/home/adela/TFM_AdelaJimenez/install/ur_calibration' for CMake config files
[27.137s] Level 1:colcon.colcon_core.shell:create_environment_hook('ur_calibration', 'cmake_prefix_path')
[27.138s] INFO:colcon.colcon_core.shell:Creating environment hook '/home/adela/TFM_AdelaJimenez/install/ur_calibration/share/ur_calibration/hook/cmake_prefix_path.ps1'
[27.138s] INFO:colcon.colcon_core.shell:Creating environment descriptor '/home/adela/TFM_AdelaJimenez/install/ur_calibration/share/ur_calibration/hook/cmake_prefix_path.dsv'
[27.155s] INFO:colcon.colcon_core.shell:Creating environment hook '/home/adela/TFM_AdelaJimenez/install/ur_calibration/share/ur_calibration/hook/cmake_prefix_path.sh'
[27.164s] Level 1:colcon.colcon_core.environment:checking '/home/adela/TFM_AdelaJimenez/install/ur_calibration/lib'
[27.164s] Level 1:colcon.colcon_core.environment:checking '/home/adela/TFM_AdelaJimenez/install/ur_calibration/bin'
[27.164s] Level 1:colcon.colcon_core.environment:checking '/home/adela/TFM_AdelaJimenez/install/ur_calibration/lib/pkgconfig/ur_calibration.pc'
[27.164s] Level 1:colcon.colcon_core.environment:checking '/home/adela/TFM_AdelaJimenez/install/ur_calibration/lib/python3.10/site-packages'
[27.165s] Level 1:colcon.colcon_core.environment:checking '/home/adela/TFM_AdelaJimenez/install/ur_calibration/bin'
[27.170s] INFO:colcon.colcon_core.shell:Creating package script '/home/adela/TFM_AdelaJimenez/install/ur_calibration/share/ur_calibration/package.ps1'
[27.172s] INFO:colcon.colcon_core.shell:Creating package descriptor '/home/adela/TFM_AdelaJimenez/install/ur_calibration/share/ur_calibration/package.dsv'
[27.174s] INFO:colcon.colcon_core.shell:Creating package script '/home/adela/TFM_AdelaJimenez/install/ur_calibration/share/ur_calibration/package.sh'
[27.175s] INFO:colcon.colcon_core.shell:Creating package script '/home/adela/TFM_AdelaJimenez/install/ur_calibration/share/ur_calibration/package.bash'
[27.179s] INFO:colcon.colcon_core.shell:Creating package script '/home/adela/TFM_AdelaJimenez/install/ur_calibration/share/ur_calibration/package.zsh'
[27.185s] Level 1:colcon.colcon_core.environment:create_file_with_runtime_dependencies(/home/adela/TFM_AdelaJimenez/install/ur_calibration/share/colcon-core/packages/ur_calibration)
[27.186s] INFO:colcon.colcon_ros.task.ament_python.build:Building ROS package in '/home/adela/TFM_AdelaJimenez/workspace/ros_ur_driver/src/trayectories' with build type 'ament_python'
[27.186s] Level 1:colcon.colcon_core.shell:create_environment_hook('trayectories', 'ament_prefix_path')
[27.186s] INFO:colcon.colcon_core.shell:Creating environment hook '/home/adela/TFM_AdelaJimenez/install/trayectories/share/trayectories/hook/ament_prefix_path.ps1'
[27.188s] INFO:colcon.colcon_core.shell:Creating environment descriptor '/home/adela/TFM_AdelaJimenez/install/trayectories/share/trayectories/hook/ament_prefix_path.dsv'
[27.223s] INFO:colcon.colcon_core.shell:Creating environment hook '/home/adela/TFM_AdelaJimenez/install/trayectories/share/trayectories/hook/ament_prefix_path.sh'
[27.224s] INFO:colcon.colcon_core.shell:Skip shell extension 'powershell' for command environment: Not usable outside of PowerShell
[27.224s] DEBUG:colcon.colcon_core.shell:Skip shell extension 'dsv' for command environment
[29.025s] INFO:colcon.colcon_core.task.python.build:Building Python package in '/home/adela/TFM_AdelaJimenez/workspace/ros_ur_driver/src/trayectories'
[29.026s] INFO:colcon.colcon_core.shell:Skip shell extension 'powershell' for command environment: Not usable outside of PowerShell
[29.026s] DEBUG:colcon.colcon_core.shell:Skip shell extension 'dsv' for command environment
[29.070s] DEBUG:colcon.colcon_core.event_handler.log_command:Invoking command in '/home/adela/TFM_AdelaJimenez/workspace/ros_ur_driver/src/rutine_launcher': PYTHONPATH=/home/adela/TFM_AdelaJimenez/build/rutine_launcher/prefix_override:/home/adela/TFM_AdelaJimenez/install/rutine_launcher/lib/python3.10/site-packages:${PYTHONPATH} /usr/bin/python3 -W ignore:setup.py install is deprecated setup.py egg_info --egg-base ../../../../build/rutine_launcher build --build-base /home/adela/TFM_AdelaJimenez/build/rutine_launcher/build install --record /home/adela/TFM_AdelaJimenez/build/rutine_launcher/install.log --single-version-externally-managed install_data
[31.214s] Level 1:colcon.colcon_core.environment:checking '/home/adela/TFM_AdelaJimenez/install/rutine_launcher' for CMake module files
[31.216s] DEBUG:colcon.colcon_core.event_handler.log_command:Invoked command in '/home/adela/TFM_AdelaJimenez/workspace/ros_ur_driver/src/rutine_launcher' returned '0': PYTHONPATH=/home/adela/TFM_AdelaJimenez/build/rutine_launcher/prefix_override:/home/adela/TFM_AdelaJimenez/install/rutine_launcher/lib/python3.10/site-packages:${PYTHONPATH} /usr/bin/python3 -W ignore:setup.py install is deprecated setup.py egg_info --egg-base ../../../../build/rutine_launcher build --build-base /home/adela/TFM_AdelaJimenez/build/rutine_launcher/build install --record /home/adela/TFM_AdelaJimenez/build/rutine_launcher/install.log --single-version-externally-managed install_data
[31.222s] Level 1:colcon.colcon_core.environment:checking '/home/adela/TFM_AdelaJimenez/install/rutine_launcher' for CMake config files
[31.223s] Level 1:colcon.colcon_core.environment:checking '/home/adela/TFM_AdelaJimenez/install/rutine_launcher/lib'
[31.227s] Level 1:colcon.colcon_core.environment:checking '/home/adela/TFM_AdelaJimenez/install/rutine_launcher/bin'
[31.228s] Level 1:colcon.colcon_core.environment:checking '/home/adela/TFM_AdelaJimenez/install/rutine_launcher/lib/pkgconfig/rutine_launcher.pc'
[31.229s] Level 1:colcon.colcon_core.environment:checking '/home/adela/TFM_AdelaJimenez/install/rutine_launcher/lib/python3.10/site-packages'
[31.230s] Level 1:colcon.colcon_core.shell:create_environment_hook('rutine_launcher', 'pythonpath')
[31.231s] INFO:colcon.colcon_core.shell:Creating environment hook '/home/adela/TFM_AdelaJimenez/install/rutine_launcher/share/rutine_launcher/hook/pythonpath.ps1'
[31.234s] INFO:colcon.colcon_core.shell:Creating environment descriptor '/home/adela/TFM_AdelaJimenez/install/rutine_launcher/share/rutine_launcher/hook/pythonpath.dsv'
[31.237s] INFO:colcon.colcon_core.shell:Creating environment hook '/home/adela/TFM_AdelaJimenez/install/rutine_launcher/share/rutine_launcher/hook/pythonpath.sh'
[31.244s] Level 1:colcon.colcon_core.environment:checking '/home/adela/TFM_AdelaJimenez/install/rutine_launcher/bin'
[31.244s] Level 1:colcon.colcon_core.environment:create_environment_scripts_only(rutine_launcher)
[31.245s] INFO:colcon.colcon_core.shell:Creating package script '/home/adela/TFM_AdelaJimenez/install/rutine_launcher/share/rutine_launcher/package.ps1'
[31.248s] INFO:colcon.colcon_core.shell:Creating package descriptor '/home/adela/TFM_AdelaJimenez/install/rutine_launcher/share/rutine_launcher/package.dsv'
[31.249s] INFO:colcon.colcon_core.shell:Creating package script '/home/adela/TFM_AdelaJimenez/install/rutine_launcher/share/rutine_launcher/package.sh'
[31.254s] INFO:colcon.colcon_core.shell:Creating package script '/home/adela/TFM_AdelaJimenez/install/rutine_launcher/share/rutine_launcher/package.bash'
[31.257s] INFO:colcon.colcon_core.shell:Creating package script '/home/adela/TFM_AdelaJimenez/install/rutine_launcher/share/rutine_launcher/package.zsh'
[31.263s] Level 1:colcon.colcon_core.environment:create_file_with_runtime_dependencies(/home/adela/TFM_AdelaJimenez/install/rutine_launcher/share/colcon-core/packages/rutine_launcher)
[31.269s] INFO:colcon.colcon_ros.task.ament_cmake.build:Building ROS package in '/home/adela/TFM_AdelaJimenez/workspace/ros_ur_driver/src/Universal_Robots_ROS2_Driver/ur_bringup' with build type 'ament_cmake'
[31.269s] INFO:colcon.colcon_cmake.task.cmake.build:Building CMake package in '/home/adela/TFM_AdelaJimenez/workspace/ros_ur_driver/src/Universal_Robots_ROS2_Driver/ur_bringup'
[31.270s] INFO:colcon.colcon_core.shell:Skip shell extension 'powershell' for command environment: Not usable outside of PowerShell
[31.271s] DEBUG:colcon.colcon_core.shell:Skip shell extension 'dsv' for command environment
[31.393s] DEBUG:colcon.colcon_core.event_handler.log_command:Invoking command in '/home/adela/TFM_AdelaJimenez/build/ur_bringup': AMENT_PREFIX_PATH=/home/adela/TFM_AdelaJimenez/install/ur_controllers:/home/adela/TFM_AdelaJimenez/install/ur_description:/home/adela/TFM_AdelaJimenez/install/ur_dashboard_msgs:${AMENT_PREFIX_PATH} CMAKE_PREFIX_PATH=/home/adela/TFM_AdelaJimenez/install/ur_controllers:/home/adela/TFM_AdelaJimenez/install/ur_description:/home/adela/TFM_AdelaJimenez/install/ur_dashboard_msgs:/home/adela/TFM_AdelaJimenez/workspace/ros_ur_driver/install/ur:/home/adela/TFM_AdelaJimenez/workspace/ros_ur_driver/install/ur_calibration:/home/adela/TFM_AdelaJimenez/workspace/ros_ur_driver/install/ur_robot_driver:/home/adela/TFM_AdelaJimenez/workspace/ros_ur_driver/install/ur_moveit_config:/home/adela/TFM_AdelaJimenez/workspace/ros_ur_driver/install/ur_bringup:/home/adela/TFM_AdelaJimenez/workspace/ros_ur_driver/install/ur_description:/home/adela/TFM_AdelaJimenez/workspace/ros_ur_driver/install/ur_controllers:/home/adela/TFM_AdelaJimenez/workspace/ros_ur_driver/install/ur_dashboard_msgs:/home/adela/TFM_MiguelLerinAlonso/workspace/ros_ur_driver/install/ur:/home/adela/TFM_MiguelLerinAlonso/workspace/ros_ur_driver/install/ur_calibration:/home/adela/TFM_MiguelLerinAlonso/workspace/ros_ur_driver/install/ur_robot_driver:/home/adela/TFM_MiguelLerinAlonso/workspace/ros_ur_driver/install/ur_moveit_config:/home/adela/TFM_MiguelLerinAlonso/workspace/ros_ur_driver/install/ur_bringup:/home/adela/TFM_MiguelLerinAlonso/workspace/ros_ur_driver/install/ur_description:/home/adela/TFM_MiguelLerinAlonso/workspace/ros_ur_driver/install/ur_controllers:/home/adela/TFM_MiguelLerinAlonso/workspace/ros_ur_driver/install/ur_dashboard_msgs:/home/adela/workspace/ros_ur_driver/install/ur:/home/adela/workspace/ros_ur_driver/install/ur_calibration:/home/adela/workspace/ros_ur_driver/install/ur_robot_driver:/home/adela/workspace/ros_ur_driver/install/ur_moveit_config:/home/adela/workspace/ros_ur_driver/install/ur_bringup:/home/adela/workspace/ros_ur_driver/install/ur_description:/home/adela/workspace/ros_ur_driver/install/ur_controllers:/home/adela/workspace/ros_ur_driver/install/ur_dashboard_msgs:/home/adela/TFM_AdelaJimenez/workspace/ros_ur_driver/install/trayectories:/home/adela/TFM_AdelaJimenez/workspace/ros_ur_driver/install/rutine_launcher:/home/adela/TFM_AdelaJimenez/workspace/ros_ur_driver/install/data_logger:/home/adela/TFM_AdelaJimenez/workspace/ros_ur_driver/install/build_platform:/home/adela/TFM_MiguelLerinAlonso/workspace/ros_ur_driver/install/trayectories:/home/adela/TFM_MiguelLerinAlonso/workspace/ros_ur_driver/install/rutine_launcher:/home/adela/TFM_MiguelLerinAlonso/workspace/ros_ur_driver/install/data_logger:/home/adela/TFM_MiguelLerinAlonso/workspace/ros_ur_driver/install/build_platform:/opt/ros/humble LD_LIBRARY_PATH=/home/adela/TFM_AdelaJimenez/install/ur_controllers/lib:/home/adela/TFM_AdelaJimenez/install/ur_dashboard_msgs/lib:${LD_LIBRARY_PATH} PYTHONPATH=/home/adela/TFM_AdelaJimenez/install/ur_dashboard_msgs/local/lib/python3.10/dist-packages:${PYTHONPATH} /usr/bin/cmake --build /home/adela/TFM_AdelaJimenez/build/ur_bringup -- -j2 -l2
[31.639s] DEBUG:colcon.colcon_core.event_handler.log_command:Invoked command in '/home/adela/TFM_AdelaJimenez/build/ur_bringup' returned '0': AMENT_PREFIX_PATH=/home/adela/TFM_AdelaJimenez/install/ur_controllers:/home/adela/TFM_AdelaJimenez/install/ur_description:/home/adela/TFM_AdelaJimenez/install/ur_dashboard_msgs:${AMENT_PREFIX_PATH} CMAKE_PREFIX_PATH=/home/adela/TFM_AdelaJimenez/install/ur_controllers:/home/adela/TFM_AdelaJimenez/install/ur_description:/home/adela/TFM_AdelaJimenez/install/ur_dashboard_msgs:/home/adela/TFM_AdelaJimenez/workspace/ros_ur_driver/install/ur:/home/adela/TFM_AdelaJimenez/workspace/ros_ur_driver/install/ur_calibration:/home/adela/TFM_AdelaJimenez/workspace/ros_ur_driver/install/ur_robot_driver:/home/adela/TFM_AdelaJimenez/workspace/ros_ur_driver/install/ur_moveit_config:/home/adela/TFM_AdelaJimenez/workspace/ros_ur_driver/install/ur_bringup:/home/adela/TFM_AdelaJimenez/workspace/ros_ur_driver/install/ur_description:/home/adela/TFM_AdelaJimenez/workspace/ros_ur_driver/install/ur_controllers:/home/adela/TFM_AdelaJimenez/workspace/ros_ur_driver/install/ur_dashboard_msgs:/home/adela/TFM_MiguelLerinAlonso/workspace/ros_ur_driver/install/ur:/home/adela/TFM_MiguelLerinAlonso/workspace/ros_ur_driver/install/ur_calibration:/home/adela/TFM_MiguelLerinAlonso/workspace/ros_ur_driver/install/ur_robot_driver:/home/adela/TFM_MiguelLerinAlonso/workspace/ros_ur_driver/install/ur_moveit_config:/home/adela/TFM_MiguelLerinAlonso/workspace/ros_ur_driver/install/ur_bringup:/home/adela/TFM_MiguelLerinAlonso/workspace/ros_ur_driver/install/ur_description:/home/adela/TFM_MiguelLerinAlonso/workspace/ros_ur_driver/install/ur_controllers:/home/adela/TFM_MiguelLerinAlonso/workspace/ros_ur_driver/install/ur_dashboard_msgs:/home/adela/workspace/ros_ur_driver/install/ur:/home/adela/workspace/ros_ur_driver/install/ur_calibration:/home/adela/workspace/ros_ur_driver/install/ur_robot_driver:/home/adela/workspace/ros_ur_driver/install/ur_moveit_config:/home/adela/workspace/ros_ur_driver/install/ur_bringup:/home/adela/workspace/ros_ur_driver/install/ur_description:/home/adela/workspace/ros_ur_driver/install/ur_controllers:/home/adela/workspace/ros_ur_driver/install/ur_dashboard_msgs:/home/adela/TFM_AdelaJimenez/workspace/ros_ur_driver/install/trayectories:/home/adela/TFM_AdelaJimenez/workspace/ros_ur_driver/install/rutine_launcher:/home/adela/TFM_AdelaJimenez/workspace/ros_ur_driver/install/data_logger:/home/adela/TFM_AdelaJimenez/workspace/ros_ur_driver/install/build_platform:/home/adela/TFM_MiguelLerinAlonso/workspace/ros_ur_driver/install/trayectories:/home/adela/TFM_MiguelLerinAlonso/workspace/ros_ur_driver/install/rutine_launcher:/home/adela/TFM_MiguelLerinAlonso/workspace/ros_ur_driver/install/data_logger:/home/adela/TFM_MiguelLerinAlonso/workspace/ros_ur_driver/install/build_platform:/opt/ros/humble LD_LIBRARY_PATH=/home/adela/TFM_AdelaJimenez/install/ur_controllers/lib:/home/adela/TFM_AdelaJimenez/install/ur_dashboard_msgs/lib:${LD_LIBRARY_PATH} PYTHONPATH=/home/adela/TFM_AdelaJimenez/install/ur_dashboard_msgs/local/lib/python3.10/dist-packages:${PYTHONPATH} /usr/bin/cmake --build /home/adela/TFM_AdelaJimenez/build/ur_bringup -- -j2 -l2
[31.752s] DEBUG:colcon.colcon_core.event_handler.log_command:Invoking command in '/home/adela/TFM_AdelaJimenez/build/ur_bringup': AMENT_PREFIX_PATH=/home/adela/TFM_AdelaJimenez/install/ur_controllers:/home/adela/TFM_AdelaJimenez/install/ur_description:/home/adela/TFM_AdelaJimenez/install/ur_dashboard_msgs:${AMENT_PREFIX_PATH} CMAKE_PREFIX_PATH=/home/adela/TFM_AdelaJimenez/install/ur_controllers:/home/adela/TFM_AdelaJimenez/install/ur_description:/home/adela/TFM_AdelaJimenez/install/ur_dashboard_msgs:/home/adela/TFM_AdelaJimenez/workspace/ros_ur_driver/install/ur:/home/adela/TFM_AdelaJimenez/workspace/ros_ur_driver/install/ur_calibration:/home/adela/TFM_AdelaJimenez/workspace/ros_ur_driver/install/ur_robot_driver:/home/adela/TFM_AdelaJimenez/workspace/ros_ur_driver/install/ur_moveit_config:/home/adela/TFM_AdelaJimenez/workspace/ros_ur_driver/install/ur_bringup:/home/adela/TFM_AdelaJimenez/workspace/ros_ur_driver/install/ur_description:/home/adela/TFM_AdelaJimenez/workspace/ros_ur_driver/install/ur_controllers:/home/adela/TFM_AdelaJimenez/workspace/ros_ur_driver/install/ur_dashboard_msgs:/home/adela/TFM_MiguelLerinAlonso/workspace/ros_ur_driver/install/ur:/home/adela/TFM_MiguelLerinAlonso/workspace/ros_ur_driver/install/ur_calibration:/home/adela/TFM_MiguelLerinAlonso/workspace/ros_ur_driver/install/ur_robot_driver:/home/adela/TFM_MiguelLerinAlonso/workspace/ros_ur_driver/install/ur_moveit_config:/home/adela/TFM_MiguelLerinAlonso/workspace/ros_ur_driver/install/ur_bringup:/home/adela/TFM_MiguelLerinAlonso/workspace/ros_ur_driver/install/ur_description:/home/adela/TFM_MiguelLerinAlonso/workspace/ros_ur_driver/install/ur_controllers:/home/adela/TFM_MiguelLerinAlonso/workspace/ros_ur_driver/install/ur_dashboard_msgs:/home/adela/workspace/ros_ur_driver/install/ur:/home/adela/workspace/ros_ur_driver/install/ur_calibration:/home/adela/workspace/ros_ur_driver/install/ur_robot_driver:/home/adela/workspace/ros_ur_driver/install/ur_moveit_config:/home/adela/workspace/ros_ur_driver/install/ur_bringup:/home/adela/workspace/ros_ur_driver/install/ur_description:/home/adela/workspace/ros_ur_driver/install/ur_controllers:/home/adela/workspace/ros_ur_driver/install/ur_dashboard_msgs:/home/adela/TFM_AdelaJimenez/workspace/ros_ur_driver/install/trayectories:/home/adela/TFM_AdelaJimenez/workspace/ros_ur_driver/install/rutine_launcher:/home/adela/TFM_AdelaJimenez/workspace/ros_ur_driver/install/data_logger:/home/adela/TFM_AdelaJimenez/workspace/ros_ur_driver/install/build_platform:/home/adela/TFM_MiguelLerinAlonso/workspace/ros_ur_driver/install/trayectories:/home/adela/TFM_MiguelLerinAlonso/workspace/ros_ur_driver/install/rutine_launcher:/home/adela/TFM_MiguelLerinAlonso/workspace/ros_ur_driver/install/data_logger:/home/adela/TFM_MiguelLerinAlonso/workspace/ros_ur_driver/install/build_platform:/opt/ros/humble LD_LIBRARY_PATH=/home/adela/TFM_AdelaJimenez/install/ur_controllers/lib:/home/adela/TFM_AdelaJimenez/install/ur_dashboard_msgs/lib:${LD_LIBRARY_PATH} PYTHONPATH=/home/adela/TFM_AdelaJimenez/install/ur_dashboard_msgs/local/lib/python3.10/dist-packages:${PYTHONPATH} /usr/bin/cmake --install /home/adela/TFM_AdelaJimenez/build/ur_bringup
[31.853s] Level 1:colcon.colcon_core.environment:create_environment_scripts_only(ur_bringup)
[31.853s] Level 1:colcon.colcon_core.environment:checking '/home/adela/TFM_AdelaJimenez/install/ur_bringup' for CMake module files
[31.854s] Level 1:colcon.colcon_core.environment:checking '/home/adela/TFM_AdelaJimenez/install/ur_bringup' for CMake config files
[31.854s] Level 1:colcon.colcon_core.shell:create_environment_hook('ur_bringup', 'cmake_prefix_path')
[31.854s] INFO:colcon.colcon_core.shell:Creating environment hook '/home/adela/TFM_AdelaJimenez/install/ur_bringup/share/ur_bringup/hook/cmake_prefix_path.ps1'
[31.855s] INFO:colcon.colcon_core.shell:Creating environment descriptor '/home/adela/TFM_AdelaJimenez/install/ur_bringup/share/ur_bringup/hook/cmake_prefix_path.dsv'
[31.862s] INFO:colcon.colcon_core.shell:Creating environment hook '/home/adela/TFM_AdelaJimenez/install/ur_bringup/share/ur_bringup/hook/cmake_prefix_path.sh'
[31.867s] DEBUG:colcon.colcon_core.event_handler.log_command:Invoked command in '/home/adela/TFM_AdelaJimenez/build/ur_bringup' returned '0': AMENT_PREFIX_PATH=/home/adela/TFM_AdelaJimenez/install/ur_controllers:/home/adela/TFM_AdelaJimenez/install/ur_description:/home/adela/TFM_AdelaJimenez/install/ur_dashboard_msgs:${AMENT_PREFIX_PATH} CMAKE_PREFIX_PATH=/home/adela/TFM_AdelaJimenez/install/ur_controllers:/home/adela/TFM_AdelaJimenez/install/ur_description:/home/adela/TFM_AdelaJimenez/install/ur_dashboard_msgs:/home/adela/TFM_AdelaJimenez/workspace/ros_ur_driver/install/ur:/home/adela/TFM_AdelaJimenez/workspace/ros_ur_driver/install/ur_calibration:/home/adela/TFM_AdelaJimenez/workspace/ros_ur_driver/install/ur_robot_driver:/home/adela/TFM_AdelaJimenez/workspace/ros_ur_driver/install/ur_moveit_config:/home/adela/TFM_AdelaJimenez/workspace/ros_ur_driver/install/ur_bringup:/home/adela/TFM_AdelaJimenez/workspace/ros_ur_driver/install/ur_description:/home/adela/TFM_AdelaJimenez/workspace/ros_ur_driver/install/ur_controllers:/home/adela/TFM_AdelaJimenez/workspace/ros_ur_driver/install/ur_dashboard_msgs:/home/adela/TFM_MiguelLerinAlonso/workspace/ros_ur_driver/install/ur:/home/adela/TFM_MiguelLerinAlonso/workspace/ros_ur_driver/install/ur_calibration:/home/adela/TFM_MiguelLerinAlonso/workspace/ros_ur_driver/install/ur_robot_driver:/home/adela/TFM_MiguelLerinAlonso/workspace/ros_ur_driver/install/ur_moveit_config:/home/adela/TFM_MiguelLerinAlonso/workspace/ros_ur_driver/install/ur_bringup:/home/adela/TFM_MiguelLerinAlonso/workspace/ros_ur_driver/install/ur_description:/home/adela/TFM_MiguelLerinAlonso/workspace/ros_ur_driver/install/ur_controllers:/home/adela/TFM_MiguelLerinAlonso/workspace/ros_ur_driver/install/ur_dashboard_msgs:/home/adela/workspace/ros_ur_driver/install/ur:/home/adela/workspace/ros_ur_driver/install/ur_calibration:/home/adela/workspace/ros_ur_driver/install/ur_robot_driver:/home/adela/workspace/ros_ur_driver/install/ur_moveit_config:/home/adela/workspace/ros_ur_driver/install/ur_bringup:/home/adela/workspace/ros_ur_driver/install/ur_description:/home/adela/workspace/ros_ur_driver/install/ur_controllers:/home/adela/workspace/ros_ur_driver/install/ur_dashboard_msgs:/home/adela/TFM_AdelaJimenez/workspace/ros_ur_driver/install/trayectories:/home/adela/TFM_AdelaJimenez/workspace/ros_ur_driver/install/rutine_launcher:/home/adela/TFM_AdelaJimenez/workspace/ros_ur_driver/install/data_logger:/home/adela/TFM_AdelaJimenez/workspace/ros_ur_driver/install/build_platform:/home/adela/TFM_MiguelLerinAlonso/workspace/ros_ur_driver/install/trayectories:/home/adela/TFM_MiguelLerinAlonso/workspace/ros_ur_driver/install/rutine_launcher:/home/adela/TFM_MiguelLerinAlonso/workspace/ros_ur_driver/install/data_logger:/home/adela/TFM_MiguelLerinAlonso/workspace/ros_ur_driver/install/build_platform:/opt/ros/humble LD_LIBRARY_PATH=/home/adela/TFM_AdelaJimenez/install/ur_controllers/lib:/home/adela/TFM_AdelaJimenez/install/ur_dashboard_msgs/lib:${LD_LIBRARY_PATH} PYTHONPATH=/home/adela/TFM_AdelaJimenez/install/ur_dashboard_msgs/local/lib/python3.10/dist-packages:${PYTHONPATH} /usr/bin/cmake --install /home/adela/TFM_AdelaJimenez/build/ur_bringup
[31.873s] Level 1:colcon.colcon_core.environment:checking '/home/adela/TFM_AdelaJimenez/install/ur_bringup/lib'
[31.874s] Level 1:colcon.colcon_core.environment:checking '/home/adela/TFM_AdelaJimenez/install/ur_bringup/bin'
[31.874s] Level 1:colcon.colcon_core.environment:checking '/home/adela/TFM_AdelaJimenez/install/ur_bringup/lib/pkgconfig/ur_bringup.pc'
[31.874s] Level 1:colcon.colcon_core.environment:checking '/home/adela/TFM_AdelaJimenez/install/ur_bringup/lib/python3.10/site-packages'
[31.874s] Level 1:colcon.colcon_core.environment:checking '/home/adela/TFM_AdelaJimenez/install/ur_bringup/bin'
[31.875s] INFO:colcon.colcon_core.shell:Creating package script '/home/adela/TFM_AdelaJimenez/install/ur_bringup/share/ur_bringup/package.ps1'
[31.875s] INFO:colcon.colcon_core.shell:Creating package descriptor '/home/adela/TFM_AdelaJimenez/install/ur_bringup/share/ur_bringup/package.dsv'
[31.895s] INFO:colcon.colcon_core.shell:Creating package script '/home/adela/TFM_AdelaJimenez/install/ur_bringup/share/ur_bringup/package.sh'
[31.897s] INFO:colcon.colcon_core.shell:Creating package script '/home/adela/TFM_AdelaJimenez/install/ur_bringup/share/ur_bringup/package.bash'
[31.914s] INFO:colcon.colcon_core.shell:Creating package script '/home/adela/TFM_AdelaJimenez/install/ur_bringup/share/ur_bringup/package.zsh'
[31.914s] Level 1:colcon.colcon_core.environment:create_file_with_runtime_dependencies(/home/adela/TFM_AdelaJimenez/install/ur_bringup/share/colcon-core/packages/ur_bringup)
[32.080s] Level 1:colcon.colcon_core.environment:create_environment_scripts_only(ur_bringup)
[32.080s] Level 1:colcon.colcon_core.environment:checking '/home/adela/TFM_AdelaJimenez/install/ur_bringup' for CMake module files
[32.082s] Level 1:colcon.colcon_core.environment:checking '/home/adela/TFM_AdelaJimenez/install/ur_bringup' for CMake config files
[32.090s] Level 1:colcon.colcon_core.shell:create_environment_hook('ur_bringup', 'cmake_prefix_path')
[32.091s] INFO:colcon.colcon_core.shell:Creating environment hook '/home/adela/TFM_AdelaJimenez/install/ur_bringup/share/ur_bringup/hook/cmake_prefix_path.ps1'
[32.091s] INFO:colcon.colcon_core.shell:Creating environment descriptor '/home/adela/TFM_AdelaJimenez/install/ur_bringup/share/ur_bringup/hook/cmake_prefix_path.dsv'
[32.098s] INFO:colcon.colcon_core.shell:Creating environment hook '/home/adela/TFM_AdelaJimenez/install/ur_bringup/share/ur_bringup/hook/cmake_prefix_path.sh'
[32.099s] Level 1:colcon.colcon_core.environment:checking '/home/adela/TFM_AdelaJimenez/install/ur_bringup/lib'
[32.105s] Level 1:colcon.colcon_core.environment:checking '/home/adela/TFM_AdelaJimenez/install/ur_bringup/bin'
[32.105s] Level 1:colcon.colcon_core.environment:checking '/home/adela/TFM_AdelaJimenez/install/ur_bringup/lib/pkgconfig/ur_bringup.pc'
[32.106s] Level 1:colcon.colcon_core.environment:checking '/home/adela/TFM_AdelaJimenez/install/ur_bringup/lib/python3.10/site-packages'
[32.106s] Level 1:colcon.colcon_core.environment:checking '/home/adela/TFM_AdelaJimenez/install/ur_bringup/bin'
[32.106s] INFO:colcon.colcon_core.shell:Creating package script '/home/adela/TFM_AdelaJimenez/install/ur_bringup/share/ur_bringup/package.ps1'
[32.115s] INFO:colcon.colcon_core.shell:Creating package descriptor '/home/adela/TFM_AdelaJimenez/install/ur_bringup/share/ur_bringup/package.dsv'
[32.116s] INFO:colcon.colcon_core.shell:Creating package script '/home/adela/TFM_AdelaJimenez/install/ur_bringup/share/ur_bringup/package.sh'
[32.135s] INFO:colcon.colcon_core.shell:Creating package script '/home/adela/TFM_AdelaJimenez/install/ur_bringup/share/ur_bringup/package.bash'
[32.147s] INFO:colcon.colcon_core.shell:Creating package script '/home/adela/TFM_AdelaJimenez/install/ur_bringup/share/ur_bringup/package.zsh'
[32.148s] Level 1:colcon.colcon_core.environment:create_file_with_runtime_dependencies(/home/adela/TFM_AdelaJimenez/install/ur_bringup/share/colcon-core/packages/ur_bringup)
[32.157s] INFO:colcon.colcon_ros.task.ament_cmake.build:Building ROS package in '/home/adela/TFM_AdelaJimenez/workspace/ros_ur_driver/src/Universal_Robots_ROS2_Driver/ur' with build type 'ament_cmake'
[32.157s] INFO:colcon.colcon_cmake.task.cmake.build:Building CMake package in '/home/adela/TFM_AdelaJimenez/workspace/ros_ur_driver/src/Universal_Robots_ROS2_Driver/ur'
[32.157s] INFO:colcon.colcon_core.shell:Skip shell extension 'powershell' for command environment: Not usable outside of PowerShell
[32.157s] DEBUG:colcon.colcon_core.shell:Skip shell extension 'dsv' for command environment
[32.205s] DEBUG:colcon.colcon_core.event_handler.log_command:Invoking command in '/home/adela/TFM_AdelaJimenez/workspace/ros_ur_driver/src/trayectories': PYTHONPATH=/home/adela/TFM_AdelaJimenez/build/trayectories/prefix_override:/home/adela/TFM_AdelaJimenez/install/trayectories/lib/python3.10/site-packages:${PYTHONPATH} /usr/bin/python3 -W ignore:setup.py install is deprecated setup.py egg_info --egg-base ../../../../build/trayectories build --build-base /home/adela/TFM_AdelaJimenez/build/trayectories/build install --record /home/adela/TFM_AdelaJimenez/build/trayectories/install.log --single-version-externally-managed install_data
[32.421s] DEBUG:colcon.colcon_core.event_handler.log_command:Invoking command in '/home/adela/TFM_AdelaJimenez/build/ur': AMENT_PREFIX_PATH=/home/adela/TFM_AdelaJimenez/install/ur_calibration:/home/adela/TFM_AdelaJimenez/install/ur_robot_driver:/home/adela/TFM_AdelaJimenez/install/ur_moveit_config:/home/adela/TFM_AdelaJimenez/install/ur_controllers:/home/adela/TFM_AdelaJimenez/install/ur_description:/home/adela/TFM_AdelaJimenez/install/ur_dashboard_msgs:${AMENT_PREFIX_PATH} CMAKE_PREFIX_PATH=/home/adela/TFM_AdelaJimenez/install/ur_calibration:/home/adela/TFM_AdelaJimenez/install/ur_robot_driver:/home/adela/TFM_AdelaJimenez/install/ur_moveit_config:/home/adela/TFM_AdelaJimenez/install/ur_controllers:/home/adela/TFM_AdelaJimenez/install/ur_description:/home/adela/TFM_AdelaJimenez/install/ur_dashboard_msgs:/home/adela/TFM_AdelaJimenez/workspace/ros_ur_driver/install/ur:/home/adela/TFM_AdelaJimenez/workspace/ros_ur_driver/install/ur_calibration:/home/adela/TFM_AdelaJimenez/workspace/ros_ur_driver/install/ur_robot_driver:/home/adela/TFM_AdelaJimenez/workspace/ros_ur_driver/install/ur_moveit_config:/home/adela/TFM_AdelaJimenez/workspace/ros_ur_driver/install/ur_bringup:/home/adela/TFM_AdelaJimenez/workspace/ros_ur_driver/install/ur_description:/home/adela/TFM_AdelaJimenez/workspace/ros_ur_driver/install/ur_controllers:/home/adela/TFM_AdelaJimenez/workspace/ros_ur_driver/install/ur_dashboard_msgs:/home/adela/TFM_MiguelLerinAlonso/workspace/ros_ur_driver/install/ur:/home/adela/TFM_MiguelLerinAlonso/workspace/ros_ur_driver/install/ur_calibration:/home/adela/TFM_MiguelLerinAlonso/workspace/ros_ur_driver/install/ur_robot_driver:/home/adela/TFM_MiguelLerinAlonso/workspace/ros_ur_driver/install/ur_moveit_config:/home/adela/TFM_MiguelLerinAlonso/workspace/ros_ur_driver/install/ur_bringup:/home/adela/TFM_MiguelLerinAlonso/workspace/ros_ur_driver/install/ur_description:/home/adela/TFM_MiguelLerinAlonso/workspace/ros_ur_driver/install/ur_controllers:/home/adela/TFM_MiguelLerinAlonso/workspace/ros_ur_driver/install/ur_dashboard_msgs:/home/adela/workspace/ros_ur_driver/install/ur:/home/adela/workspace/ros_ur_driver/install/ur_calibration:/home/adela/workspace/ros_ur_driver/install/ur_robot_driver:/home/adela/workspace/ros_ur_driver/install/ur_moveit_config:/home/adela/workspace/ros_ur_driver/install/ur_bringup:/home/adela/workspace/ros_ur_driver/install/ur_description:/home/adela/workspace/ros_ur_driver/install/ur_controllers:/home/adela/workspace/ros_ur_driver/install/ur_dashboard_msgs:/home/adela/TFM_AdelaJimenez/workspace/ros_ur_driver/install/trayectories:/home/adela/TFM_AdelaJimenez/workspace/ros_ur_driver/install/rutine_launcher:/home/adela/TFM_AdelaJimenez/workspace/ros_ur_driver/install/data_logger:/home/adela/TFM_AdelaJimenez/workspace/ros_ur_driver/install/build_platform:/home/adela/TFM_MiguelLerinAlonso/workspace/ros_ur_driver/install/trayectories:/home/adela/TFM_MiguelLerinAlonso/workspace/ros_ur_driver/install/rutine_launcher:/home/adela/TFM_MiguelLerinAlonso/workspace/ros_ur_driver/install/data_logger:/home/adela/TFM_MiguelLerinAlonso/workspace/ros_ur_driver/install/build_platform:/opt/ros/humble LD_LIBRARY_PATH=/home/adela/TFM_AdelaJimenez/install/ur_robot_driver/lib:/home/adela/TFM_AdelaJimenez/install/ur_controllers/lib:/home/adela/TFM_AdelaJimenez/install/ur_dashboard_msgs/lib:${LD_LIBRARY_PATH} PATH=/home/adela/TFM_AdelaJimenez/install/ur_robot_driver/bin:${PATH} PYTHONPATH=/home/adela/TFM_AdelaJimenez/install/ur_robot_driver/local/lib/python3.10/dist-packages:/home/adela/TFM_AdelaJimenez/install/ur_moveit_config/local/lib/python3.10/dist-packages:/home/adela/TFM_AdelaJimenez/install/ur_dashboard_msgs/local/lib/python3.10/dist-packages:${PYTHONPATH} /usr/bin/cmake --build /home/adela/TFM_AdelaJimenez/build/ur -- -j2 -l2
[32.726s] DEBUG:colcon.colcon_core.event_handler.log_command:Invoked command in '/home/adela/TFM_AdelaJimenez/build/ur' returned '0': AMENT_PREFIX_PATH=/home/adela/TFM_AdelaJimenez/install/ur_calibration:/home/adela/TFM_AdelaJimenez/install/ur_robot_driver:/home/adela/TFM_AdelaJimenez/install/ur_moveit_config:/home/adela/TFM_AdelaJimenez/install/ur_controllers:/home/adela/TFM_AdelaJimenez/install/ur_description:/home/adela/TFM_AdelaJimenez/install/ur_dashboard_msgs:${AMENT_PREFIX_PATH} CMAKE_PREFIX_PATH=/home/adela/TFM_AdelaJimenez/install/ur_calibration:/home/adela/TFM_AdelaJimenez/install/ur_robot_driver:/home/adela/TFM_AdelaJimenez/install/ur_moveit_config:/home/adela/TFM_AdelaJimenez/install/ur_controllers:/home/adela/TFM_AdelaJimenez/install/ur_description:/home/adela/TFM_AdelaJimenez/install/ur_dashboard_msgs:/home/adela/TFM_AdelaJimenez/workspace/ros_ur_driver/install/ur:/home/adela/TFM_AdelaJimenez/workspace/ros_ur_driver/install/ur_calibration:/home/adela/TFM_AdelaJimenez/workspace/ros_ur_driver/install/ur_robot_driver:/home/adela/TFM_AdelaJimenez/workspace/ros_ur_driver/install/ur_moveit_config:/home/adela/TFM_AdelaJimenez/workspace/ros_ur_driver/install/ur_bringup:/home/adela/TFM_AdelaJimenez/workspace/ros_ur_driver/install/ur_description:/home/adela/TFM_AdelaJimenez/workspace/ros_ur_driver/install/ur_controllers:/home/adela/TFM_AdelaJimenez/workspace/ros_ur_driver/install/ur_dashboard_msgs:/home/adela/TFM_MiguelLerinAlonso/workspace/ros_ur_driver/install/ur:/home/adela/TFM_MiguelLerinAlonso/workspace/ros_ur_driver/install/ur_calibration:/home/adela/TFM_MiguelLerinAlonso/workspace/ros_ur_driver/install/ur_robot_driver:/home/adela/TFM_MiguelLerinAlonso/workspace/ros_ur_driver/install/ur_moveit_config:/home/adela/TFM_MiguelLerinAlonso/workspace/ros_ur_driver/install/ur_bringup:/home/adela/TFM_MiguelLerinAlonso/workspace/ros_ur_driver/install/ur_description:/home/adela/TFM_MiguelLerinAlonso/workspace/ros_ur_driver/install/ur_controllers:/home/adela/TFM_MiguelLerinAlonso/workspace/ros_ur_driver/install/ur_dashboard_msgs:/home/adela/workspace/ros_ur_driver/install/ur:/home/adela/workspace/ros_ur_driver/install/ur_calibration:/home/adela/workspace/ros_ur_driver/install/ur_robot_driver:/home/adela/workspace/ros_ur_driver/install/ur_moveit_config:/home/adela/workspace/ros_ur_driver/install/ur_bringup:/home/adela/workspace/ros_ur_driver/install/ur_description:/home/adela/workspace/ros_ur_driver/install/ur_controllers:/home/adela/workspace/ros_ur_driver/install/ur_dashboard_msgs:/home/adela/TFM_AdelaJimenez/workspace/ros_ur_driver/install/trayectories:/home/adela/TFM_AdelaJimenez/workspace/ros_ur_driver/install/rutine_launcher:/home/adela/TFM_AdelaJimenez/workspace/ros_ur_driver/install/data_logger:/home/adela/TFM_AdelaJimenez/workspace/ros_ur_driver/install/build_platform:/home/adela/TFM_MiguelLerinAlonso/workspace/ros_ur_driver/install/trayectories:/home/adela/TFM_MiguelLerinAlonso/workspace/ros_ur_driver/install/rutine_launcher:/home/adela/TFM_MiguelLerinAlonso/workspace/ros_ur_driver/install/data_logger:/home/adela/TFM_MiguelLerinAlonso/workspace/ros_ur_driver/install/build_platform:/opt/ros/humble LD_LIBRARY_PATH=/home/adela/TFM_AdelaJimenez/install/ur_robot_driver/lib:/home/adela/TFM_AdelaJimenez/install/ur_controllers/lib:/home/adela/TFM_AdelaJimenez/install/ur_dashboard_msgs/lib:${LD_LIBRARY_PATH} PATH=/home/adela/TFM_AdelaJimenez/install/ur_robot_driver/bin:${PATH} PYTHONPATH=/home/adela/TFM_AdelaJimenez/install/ur_robot_driver/local/lib/python3.10/dist-packages:/home/adela/TFM_AdelaJimenez/install/ur_moveit_config/local/lib/python3.10/dist-packages:/home/adela/TFM_AdelaJimenez/install/ur_dashboard_msgs/local/lib/python3.10/dist-packages:${PYTHONPATH} /usr/bin/cmake --build /home/adela/TFM_AdelaJimenez/build/ur -- -j2 -l2
[32.973s] DEBUG:colcon.colcon_core.event_handler.log_command:Invoking command in '/home/adela/TFM_AdelaJimenez/build/ur': AMENT_PREFIX_PATH=/home/adela/TFM_AdelaJimenez/install/ur_calibration:/home/adela/TFM_AdelaJimenez/install/ur_robot_driver:/home/adela/TFM_AdelaJimenez/install/ur_moveit_config:/home/adela/TFM_AdelaJimenez/install/ur_controllers:/home/adela/TFM_AdelaJimenez/install/ur_description:/home/adela/TFM_AdelaJimenez/install/ur_dashboard_msgs:${AMENT_PREFIX_PATH} CMAKE_PREFIX_PATH=/home/adela/TFM_AdelaJimenez/install/ur_calibration:/home/adela/TFM_AdelaJimenez/install/ur_robot_driver:/home/adela/TFM_AdelaJimenez/install/ur_moveit_config:/home/adela/TFM_AdelaJimenez/install/ur_controllers:/home/adela/TFM_AdelaJimenez/install/ur_description:/home/adela/TFM_AdelaJimenez/install/ur_dashboard_msgs:/home/adela/TFM_AdelaJimenez/workspace/ros_ur_driver/install/ur:/home/adela/TFM_AdelaJimenez/workspace/ros_ur_driver/install/ur_calibration:/home/adela/TFM_AdelaJimenez/workspace/ros_ur_driver/install/ur_robot_driver:/home/adela/TFM_AdelaJimenez/workspace/ros_ur_driver/install/ur_moveit_config:/home/adela/TFM_AdelaJimenez/workspace/ros_ur_driver/install/ur_bringup:/home/adela/TFM_AdelaJimenez/workspace/ros_ur_driver/install/ur_description:/home/adela/TFM_AdelaJimenez/workspace/ros_ur_driver/install/ur_controllers:/home/adela/TFM_AdelaJimenez/workspace/ros_ur_driver/install/ur_dashboard_msgs:/home/adela/TFM_MiguelLerinAlonso/workspace/ros_ur_driver/install/ur:/home/adela/TFM_MiguelLerinAlonso/workspace/ros_ur_driver/install/ur_calibration:/home/adela/TFM_MiguelLerinAlonso/workspace/ros_ur_driver/install/ur_robot_driver:/home/adela/TFM_MiguelLerinAlonso/workspace/ros_ur_driver/install/ur_moveit_config:/home/adela/TFM_MiguelLerinAlonso/workspace/ros_ur_driver/install/ur_bringup:/home/adela/TFM_MiguelLerinAlonso/workspace/ros_ur_driver/install/ur_description:/home/adela/TFM_MiguelLerinAlonso/workspace/ros_ur_driver/install/ur_controllers:/home/adela/TFM_MiguelLerinAlonso/workspace/ros_ur_driver/install/ur_dashboard_msgs:/home/adela/workspace/ros_ur_driver/install/ur:/home/adela/workspace/ros_ur_driver/install/ur_calibration:/home/adela/workspace/ros_ur_driver/install/ur_robot_driver:/home/adela/workspace/ros_ur_driver/install/ur_moveit_config:/home/adela/workspace/ros_ur_driver/install/ur_bringup:/home/adela/workspace/ros_ur_driver/install/ur_description:/home/adela/workspace/ros_ur_driver/install/ur_controllers:/home/adela/workspace/ros_ur_driver/install/ur_dashboard_msgs:/home/adela/TFM_AdelaJimenez/workspace/ros_ur_driver/install/trayectories:/home/adela/TFM_AdelaJimenez/workspace/ros_ur_driver/install/rutine_launcher:/home/adela/TFM_AdelaJimenez/workspace/ros_ur_driver/install/data_logger:/home/adela/TFM_AdelaJimenez/workspace/ros_ur_driver/install/build_platform:/home/adela/TFM_MiguelLerinAlonso/workspace/ros_ur_driver/install/trayectories:/home/adela/TFM_MiguelLerinAlonso/workspace/ros_ur_driver/install/rutine_launcher:/home/adela/TFM_MiguelLerinAlonso/workspace/ros_ur_driver/install/data_logger:/home/adela/TFM_MiguelLerinAlonso/workspace/ros_ur_driver/install/build_platform:/opt/ros/humble LD_LIBRARY_PATH=/home/adela/TFM_AdelaJimenez/install/ur_robot_driver/lib:/home/adela/TFM_AdelaJimenez/install/ur_controllers/lib:/home/adela/TFM_AdelaJimenez/install/ur_dashboard_msgs/lib:${LD_LIBRARY_PATH} PATH=/home/adela/TFM_AdelaJimenez/install/ur_robot_driver/bin:${PATH} PYTHONPATH=/home/adela/TFM_AdelaJimenez/install/ur_robot_driver/local/lib/python3.10/dist-packages:/home/adela/TFM_AdelaJimenez/install/ur_moveit_config/local/lib/python3.10/dist-packages:/home/adela/TFM_AdelaJimenez/install/ur_dashboard_msgs/local/lib/python3.10/dist-packages:${PYTHONPATH} /usr/bin/cmake --install /home/adela/TFM_AdelaJimenez/build/ur
[33.045s] Level 1:colcon.colcon_core.environment:create_environment_scripts_only(ur)
[33.045s] Level 1:colcon.colcon_core.environment:checking '/home/adela/TFM_AdelaJimenez/install/ur' for CMake module files
[33.059s] Level 1:colcon.colcon_core.environment:checking '/home/adela/TFM_AdelaJimenez/install/ur' for CMake config files
[33.060s] Level 1:colcon.colcon_core.shell:create_environment_hook('ur', 'cmake_prefix_path')
[33.060s] INFO:colcon.colcon_core.shell:Creating environment hook '/home/adela/TFM_AdelaJimenez/install/ur/share/ur/hook/cmake_prefix_path.ps1'
[33.070s] DEBUG:colcon.colcon_core.event_handler.log_command:Invoked command in '/home/adela/TFM_AdelaJimenez/build/ur' returned '0': AMENT_PREFIX_PATH=/home/adela/TFM_AdelaJimenez/install/ur_calibration:/home/adela/TFM_AdelaJimenez/install/ur_robot_driver:/home/adela/TFM_AdelaJimenez/install/ur_moveit_config:/home/adela/TFM_AdelaJimenez/install/ur_controllers:/home/adela/TFM_AdelaJimenez/install/ur_description:/home/adela/TFM_AdelaJimenez/install/ur_dashboard_msgs:${AMENT_PREFIX_PATH} CMAKE_PREFIX_PATH=/home/adela/TFM_AdelaJimenez/install/ur_calibration:/home/adela/TFM_AdelaJimenez/install/ur_robot_driver:/home/adela/TFM_AdelaJimenez/install/ur_moveit_config:/home/adela/TFM_AdelaJimenez/install/ur_controllers:/home/adela/TFM_AdelaJimenez/install/ur_description:/home/adela/TFM_AdelaJimenez/install/ur_dashboard_msgs:/home/adela/TFM_AdelaJimenez/workspace/ros_ur_driver/install/ur:/home/adela/TFM_AdelaJimenez/workspace/ros_ur_driver/install/ur_calibration:/home/adela/TFM_AdelaJimenez/workspace/ros_ur_driver/install/ur_robot_driver:/home/adela/TFM_AdelaJimenez/workspace/ros_ur_driver/install/ur_moveit_config:/home/adela/TFM_AdelaJimenez/workspace/ros_ur_driver/install/ur_bringup:/home/adela/TFM_AdelaJimenez/workspace/ros_ur_driver/install/ur_description:/home/adela/TFM_AdelaJimenez/workspace/ros_ur_driver/install/ur_controllers:/home/adela/TFM_AdelaJimenez/workspace/ros_ur_driver/install/ur_dashboard_msgs:/home/adela/TFM_MiguelLerinAlonso/workspace/ros_ur_driver/install/ur:/home/adela/TFM_MiguelLerinAlonso/workspace/ros_ur_driver/install/ur_calibration:/home/adela/TFM_MiguelLerinAlonso/workspace/ros_ur_driver/install/ur_robot_driver:/home/adela/TFM_MiguelLerinAlonso/workspace/ros_ur_driver/install/ur_moveit_config:/home/adela/TFM_MiguelLerinAlonso/workspace/ros_ur_driver/install/ur_bringup:/home/adela/TFM_MiguelLerinAlonso/workspace/ros_ur_driver/install/ur_description:/home/adela/TFM_MiguelLerinAlonso/workspace/ros_ur_driver/install/ur_controllers:/home/adela/TFM_MiguelLerinAlonso/workspace/ros_ur_driver/install/ur_dashboard_msgs:/home/adela/workspace/ros_ur_driver/install/ur:/home/adela/workspace/ros_ur_driver/install/ur_calibration:/home/adela/workspace/ros_ur_driver/install/ur_robot_driver:/home/adela/workspace/ros_ur_driver/install/ur_moveit_config:/home/adela/workspace/ros_ur_driver/install/ur_bringup:/home/adela/workspace/ros_ur_driver/install/ur_description:/home/adela/workspace/ros_ur_driver/install/ur_controllers:/home/adela/workspace/ros_ur_driver/install/ur_dashboard_msgs:/home/adela/TFM_AdelaJimenez/workspace/ros_ur_driver/install/trayectories:/home/adela/TFM_AdelaJimenez/workspace/ros_ur_driver/install/rutine_launcher:/home/adela/TFM_AdelaJimenez/workspace/ros_ur_driver/install/data_logger:/home/adela/TFM_AdelaJimenez/workspace/ros_ur_driver/install/build_platform:/home/adela/TFM_MiguelLerinAlonso/workspace/ros_ur_driver/install/trayectories:/home/adela/TFM_MiguelLerinAlonso/workspace/ros_ur_driver/install/rutine_launcher:/home/adela/TFM_MiguelLerinAlonso/workspace/ros_ur_driver/install/data_logger:/home/adela/TFM_MiguelLerinAlonso/workspace/ros_ur_driver/install/build_platform:/opt/ros/humble LD_LIBRARY_PATH=/home/adela/TFM_AdelaJimenez/install/ur_robot_driver/lib:/home/adela/TFM_AdelaJimenez/install/ur_controllers/lib:/home/adela/TFM_AdelaJimenez/install/ur_dashboard_msgs/lib:${LD_LIBRARY_PATH} PATH=/home/adela/TFM_AdelaJimenez/install/ur_robot_driver/bin:${PATH} PYTHONPATH=/home/adela/TFM_AdelaJimenez/install/ur_robot_driver/local/lib/python3.10/dist-packages:/home/adela/TFM_AdelaJimenez/install/ur_moveit_config/local/lib/python3.10/dist-packages:/home/adela/TFM_AdelaJimenez/install/ur_dashboard_msgs/local/lib/python3.10/dist-packages:${PYTHONPATH} /usr/bin/cmake --install /home/adela/TFM_AdelaJimenez/build/ur
[33.061s] INFO:colcon.colcon_core.shell:Creating environment descriptor '/home/adela/TFM_AdelaJimenez/install/ur/share/ur/hook/cmake_prefix_path.dsv'
[33.072s] INFO:colcon.colcon_core.shell:Creating environment hook '/home/adela/TFM_AdelaJimenez/install/ur/share/ur/hook/cmake_prefix_path.sh'
[33.073s] Level 1:colcon.colcon_core.environment:checking '/home/adela/TFM_AdelaJimenez/install/ur/bin'
[33.077s] Level 1:colcon.colcon_core.environment:checking '/home/adela/TFM_AdelaJimenez/install/ur/lib/pkgconfig/ur.pc'
[33.078s] Level 1:colcon.colcon_core.environment:checking '/home/adela/TFM_AdelaJimenez/install/ur/lib/python3.10/site-packages'
[33.083s] Level 1:colcon.colcon_core.environment:checking '/home/adela/TFM_AdelaJimenez/install/ur/bin'
[33.088s] INFO:colcon.colcon_core.shell:Creating package script '/home/adela/TFM_AdelaJimenez/install/ur/share/ur/package.ps1'
[33.100s] INFO:colcon.colcon_core.shell:Creating package descriptor '/home/adela/TFM_AdelaJimenez/install/ur/share/ur/package.dsv'
[33.104s] INFO:colcon.colcon_core.shell:Creating package script '/home/adela/TFM_AdelaJimenez/install/ur/share/ur/package.sh'
[33.110s] INFO:colcon.colcon_core.shell:Creating package script '/home/adela/TFM_AdelaJimenez/install/ur/share/ur/package.bash'
[33.120s] INFO:colcon.colcon_core.shell:Creating package script '/home/adela/TFM_AdelaJimenez/install/ur/share/ur/package.zsh'
[33.129s] Level 1:colcon.colcon_core.environment:create_file_with_runtime_dependencies(/home/adela/TFM_AdelaJimenez/install/ur/share/colcon-core/packages/ur)
[33.305s] Level 1:colcon.colcon_core.environment:create_environment_scripts_only(ur)
[33.313s] Level 1:colcon.colcon_core.environment:checking '/home/adela/TFM_AdelaJimenez/install/ur' for CMake module files
[33.322s] Level 1:colcon.colcon_core.environment:checking '/home/adela/TFM_AdelaJimenez/install/ur' for CMake config files
[33.323s] Level 1:colcon.colcon_core.shell:create_environment_hook('ur', 'cmake_prefix_path')
[33.332s] INFO:colcon.colcon_core.shell:Creating environment hook '/home/adela/TFM_AdelaJimenez/install/ur/share/ur/hook/cmake_prefix_path.ps1'
[33.333s] INFO:colcon.colcon_core.shell:Creating environment descriptor '/home/adela/TFM_AdelaJimenez/install/ur/share/ur/hook/cmake_prefix_path.dsv'
[33.357s] INFO:colcon.colcon_core.shell:Creating environment hook '/home/adela/TFM_AdelaJimenez/install/ur/share/ur/hook/cmake_prefix_path.sh'
[33.358s] Level 1:colcon.colcon_core.environment:checking '/home/adela/TFM_AdelaJimenez/install/ur/bin'
[33.358s] Level 1:colcon.colcon_core.environment:checking '/home/adela/TFM_AdelaJimenez/install/ur/lib/pkgconfig/ur.pc'
[33.367s] Level 1:colcon.colcon_core.environment:checking '/home/adela/TFM_AdelaJimenez/install/ur/lib/python3.10/site-packages'
[33.368s] Level 1:colcon.colcon_core.environment:checking '/home/adela/TFM_AdelaJimenez/install/ur/bin'
[33.376s] INFO:colcon.colcon_core.shell:Creating package script '/home/adela/TFM_AdelaJimenez/install/ur/share/ur/package.ps1'
[33.392s] INFO:colcon.colcon_core.shell:Creating package descriptor '/home/adela/TFM_AdelaJimenez/install/ur/share/ur/package.dsv'
[33.406s] INFO:colcon.colcon_core.shell:Creating package script '/home/adela/TFM_AdelaJimenez/install/ur/share/ur/package.sh'
[33.417s] INFO:colcon.colcon_core.shell:Creating package script '/home/adela/TFM_AdelaJimenez/install/ur/share/ur/package.bash'
[33.422s] INFO:colcon.colcon_core.shell:Creating package script '/home/adela/TFM_AdelaJimenez/install/ur/share/ur/package.zsh'
[33.436s] Level 1:colcon.colcon_core.environment:create_file_with_runtime_dependencies(/home/adela/TFM_AdelaJimenez/install/ur/share/colcon-core/packages/ur)
[34.985s] Level 1:colcon.colcon_core.environment:checking '/home/adela/TFM_AdelaJimenez/install/trayectories' for CMake module files
[34.985s] Level 1:colcon.colcon_core.environment:checking '/home/adela/TFM_AdelaJimenez/install/trayectories' for CMake config files
[34.986s] Level 1:colcon.colcon_core.environment:checking '/home/adela/TFM_AdelaJimenez/install/trayectories/lib'
[34.986s] Level 1:colcon.colcon_core.environment:checking '/home/adela/TFM_AdelaJimenez/install/trayectories/bin'
[34.986s] Level 1:colcon.colcon_core.environment:checking '/home/adela/TFM_AdelaJimenez/install/trayectories/lib/pkgconfig/trayectories.pc'
[34.986s] Level 1:colcon.colcon_core.environment:checking '/home/adela/TFM_AdelaJimenez/install/trayectories/lib/python3.10/site-packages'
[34.986s] Level 1:colcon.colcon_core.shell:create_environment_hook('trayectories', 'pythonpath')
[34.987s] INFO:colcon.colcon_core.shell:Creating environment hook '/home/adela/TFM_AdelaJimenez/install/trayectories/share/trayectories/hook/pythonpath.ps1'
[34.988s] DEBUG:colcon.colcon_core.event_handler.log_command:Invoked command in '/home/adela/TFM_AdelaJimenez/workspace/ros_ur_driver/src/trayectories' returned '0': PYTHONPATH=/home/adela/TFM_AdelaJimenez/build/trayectories/prefix_override:/home/adela/TFM_AdelaJimenez/install/trayectories/lib/python3.10/site-packages:${PYTHONPATH} /usr/bin/python3 -W ignore:setup.py install is deprecated setup.py egg_info --egg-base ../../../../build/trayectories build --build-base /home/adela/TFM_AdelaJimenez/build/trayectories/build install --record /home/adela/TFM_AdelaJimenez/build/trayectories/install.log --single-version-externally-managed install_data
[34.994s] INFO:colcon.colcon_core.shell:Creating environment descriptor '/home/adela/TFM_AdelaJimenez/install/trayectories/share/trayectories/hook/pythonpath.dsv'
[34.996s] INFO:colcon.colcon_core.shell:Creating environment hook '/home/adela/TFM_AdelaJimenez/install/trayectories/share/trayectories/hook/pythonpath.sh'
[35.002s] Level 1:colcon.colcon_core.environment:checking '/home/adela/TFM_AdelaJimenez/install/trayectories/bin'
[35.006s] Level 1:colcon.colcon_core.environment:create_environment_scripts_only(trayectories)
[35.009s] INFO:colcon.colcon_core.shell:Creating package script '/home/adela/TFM_AdelaJimenez/install/trayectories/share/trayectories/package.ps1'
[35.013s] INFO:colcon.colcon_core.shell:Creating package descriptor '/home/adela/TFM_AdelaJimenez/install/trayectories/share/trayectories/package.dsv'
[35.017s] INFO:colcon.colcon_core.shell:Creating package script '/home/adela/TFM_AdelaJimenez/install/trayectories/share/trayectories/package.sh'
[35.025s] INFO:colcon.colcon_core.shell:Creating package script '/home/adela/TFM_AdelaJimenez/install/trayectories/share/trayectories/package.bash'
[35.028s] INFO:colcon.colcon_core.shell:Creating package script '/home/adela/TFM_AdelaJimenez/install/trayectories/share/trayectories/package.zsh'
[35.036s] Level 1:colcon.colcon_core.environment:create_file_with_runtime_dependencies(/home/adela/TFM_AdelaJimenez/install/trayectories/share/colcon-core/packages/trayectories)
[35.038s] DEBUG:colcon.colcon_parallel_executor.executor.parallel:closing loop
[35.039s] DEBUG:colcon.colcon_parallel_executor.executor.parallel:loop closed
[35.040s] DEBUG:colcon.colcon_parallel_executor.executor.parallel:run_until_complete finished with '0'
[35.040s] DEBUG:colcon.colcon_core.event_reactor:joining thread
[35.085s] INFO:colcon.colcon_core.plugin_system:Skipping extension 'colcon_notification.desktop_notification.terminal_notifier': Not used on non-Darwin systems
[35.086s] INFO:colcon.colcon_core.plugin_system:Skipping extension 'colcon_notification.desktop_notification.win32': Not used on non-Windows systems
[35.086s] INFO:colcon.colcon_notification.desktop_notification:Sending desktop notification using 'notify2'
[35.199s] DEBUG:colcon.colcon_core.event_reactor:joined thread
[35.200s] INFO:colcon.colcon_core.shell:Creating prefix script '/home/adela/TFM_AdelaJimenez/install/local_setup.ps1'
[35.207s] INFO:colcon.colcon_core.shell:Creating prefix util module '/home/adela/TFM_AdelaJimenez/install/_local_setup_util_ps1.py'
[35.218s] INFO:colcon.colcon_core.shell:Creating prefix chain script '/home/adela/TFM_AdelaJimenez/install/setup.ps1'
[35.241s] INFO:colcon.colcon_core.shell:Creating prefix script '/home/adela/TFM_AdelaJimenez/install/local_setup.sh'
[35.253s] INFO:colcon.colcon_core.shell:Creating prefix util module '/home/adela/TFM_AdelaJimenez/install/_local_setup_util_sh.py'
[35.266s] INFO:colcon.colcon_core.shell:Creating prefix chain script '/home/adela/TFM_AdelaJimenez/install/setup.sh'
[35.288s] INFO:colcon.colcon_core.shell:Creating prefix script '/home/adela/TFM_AdelaJimenez/install/local_setup.bash'
[35.297s] INFO:colcon.colcon_core.shell:Creating prefix chain script '/home/adela/TFM_AdelaJimenez/install/setup.bash'
[35.337s] INFO:colcon.colcon_core.shell:Creating prefix script '/home/adela/TFM_AdelaJimenez/install/local_setup.zsh'
[35.338s] INFO:colcon.colcon_core.shell:Creating prefix chain script '/home/adela/TFM_AdelaJimenez/install/setup.zsh'
